# Dragon Head - col
v 1.171703 0.000002 2.751571
v -0.565307 -2.496371 0.843263
v -127.365154 8.732962 7.001654
v -146.374017 2.309725 39.559597
v -4.150353 12.569368 15.131827
v 22.255173 -8.464316 17.662933
v 21.164034 -9.057606 17.341718
v -31.509069 -0.408770 7.968681
v 4.604247 0.951950 16.324936
v 56.259896 -1.680331 -1.264835
v 22.371144 24.617680 4.957035
v 51.456892 -6.497721 2.134646
v 31.614878 26.965106 6.492793
v 59.310730 2.757522 -0.445984
v 37.813313 -8.782780 17.276994
v 17.597551 25.595738 7.067200
v 29.760202 23.985863 6.135684
v 12.092267 2.718208 6.466933
v 9.427364 2.676035 12.130254
v 41.242349 2.900181 29.098512
v 13.358051 2.729851 6.478778
v 38.728766 2.501325 0.372990
v 39.430115 2.505299 -0.043900
v 34.257667 -13.746778 -2.812075
v 9.958240 0.959951 3.024474
v 17.730630 20.949734 3.797010
v 21.095247 29.986801 6.066879
v -3.752906 1.404529 18.215789
v 12.716117 1.432691 4.360359
v 12.053387 2.687503 10.203026
v 3.811940 1.080473 21.192231
v 17.481492 2.700149 12.617898
v 25.815843 1.924821 7.146518
v 35.934488 2.149999 1.746833
v 21.552703 1.838275 13.457395
v 42.676858 2.546051 27.790333
v 20.815866 1.554975 12.860778
v 17.594283 21.408191 4.141897
v 21.959996 29.972037 5.988781
v 19.066080 2.725475 5.976836
v 18.441206 2.719633 6.141441
v -23.718509 -12.389983 14.392573
v 25.502077 -2.488520 6.487720
v -33.121551 -5.653002 3.442522
v -39.979483 -3.714706 3.236152
v -6.153333 0.485760 20.976887
v -19.385189 -15.126960 2.923385
v -21.945095 -10.771035 18.940508
v -4.226748 13.914217 10.599174
v 28.040637 1.598567 -0.132485
v 34.811646 0.616788 8.361884
v 21.113159 1.675991 8.268187
v -68.986618 3.853358 24.280992
v 14.614328 1.278950 8.384687
v 28.193441 -11.273668 -0.942347
v -54.092513 3.240390 -7.996972
v 50.946135 2.620099 9.935966
v 44.839595 -13.997158 0.176447
v 35.111093 2.131469 3.790214
v 42.867864 2.283308 4.210330
v 9.843490 0.968986 8.137693
v 38.587480 2.280903 2.433228
v 0.915456 -9.759797 5.638153
v 1.353279 0.346200 2.637127
v 40.735232 1.995493 8.312258
v 4.310230 -9.277480 1.685417
v -0.592999 -3.365585 2.501371
v 24.672868 1.557110 9.031291
v 2.219190 1.072707 2.420862
v 2.090835 -1.959045 3.571747
v 2.185235 -2.371221 3.298021
v 1.889747 1.199891 1.565697
v 21.390332 33.256326 7.922526
v 21.101522 1.539862 3.312705
v 36.224963 -10.391254 -1.357398
v 5.979488 24.195011 16.586387
v 11.918454 2.706873 6.486463
v 8.452913 2.699673 6.876699
v 33.207320 2.627414 19.404973
v 25.849608 1.875248 6.058636
v 16.342480 2.719398 6.048974
v 9.445463 2.702886 6.738982
v 21.049339 -14.799646 0.861603
v 15.854236 2.718939 6.190211
v 18.674081 -4.280807 6.124584
v 26.234091 2.543187 25.342240
v 25.105843 12.421487 9.486967
v 11.064483 0.567138 10.236056
v 39.054008 2.785266 7.136518
v 11.204264 2.705516 6.663876
v 24.200298 1.957842 18.227400
v 30.674606 2.546725 22.384363
v 43.172473 -6.233386 6.192883
v 34.576066 21.399648 5.788930
v 24.669839 1.454182 7.809121
v 24.143640 1.677176 3.711122
v 26.118755 1.505995 8.198785
v 12.487369 18.867116 6.836101
v 48.450510 20.781619 0.899267
v 16.853743 2.620956 29.245338
v 35.487172 -2.509733 1.224423
v 41.491952 -3.675594 2.777988
v 40.246726 2.798843 6.317864
v 8.373390 0.643418 21.072687
v 64.059378 12.002606 23.223676
v 27.570993 11.929757 5.695070
v 35.949285 2.296840 0.662779
v 47.010017 1.788631 15.120052
v 13.677784 1.587693 37.558293
v 31.918068 2.379113 2.645879
v 35.133885 -1.727995 0.747656
v 24.303879 2.675315 16.620318
v 45.688144 2.530625 2.712365
v 20.437168 -20.526776 0.679125
v 35.870924 2.663664 16.470546
v -3.891549 0.277428 2.719120
v 21.789723 31.096596 7.578110
v -21.531030 -0.033524 14.371499
v -35.466367 -0.559312 2.796751
v -24.310900 -0.324562 2.305812
v 26.450026 -17.332952 18.768852
v -33.850225 -0.609874 2.232453
v -31.813235 -0.550664 2.768431
v -0.444476 -2.530767 1.131332
v -1.015732 -2.535823 1.660642
v 40.846629 2.796811 3.246200
v 27.863211 30.263909 14.255228
v 19.702083 24.087113 3.843364
v 27.990170 33.513777 7.375053
v 23.019470 32.506560 7.634308
v 39.531326 2.407269 1.675739
v 24.492477 32.372312 19.755882
v 40.611950 1.269724 3.870826
v 5.014922 -3.771078 3.562007
v -123.853089 2.415321 33.294466
v -8.766456 -9.660574 6.308283
v 0.957457 -10.224334 4.934109
v -121.802642 2.458301 32.736455
v -111.215740 11.472996 -2.267637
v -68.367191 8.317524 -2.497980
v -75.901209 5.876302 14.728886
v -42.183821 -33.626046 51.318513
v 14.911383 1.492594 4.169388
v -49.215426 35.814541 39.294784
v 4.874900 -8.722066 5.494721
v 45.359091 2.271445 3.781571
v 0.383043 -0.289923 2.642519
v 1.130656 0.000002 2.686045
v -98.376938 0.985013 9.925295
v -77.435823 7.549681 1.598738
v 33.361775 1.759103 -2.147433
v 24.936367 -11.025688 -0.906298
v -35.957070 3.037451 20.072307
v -0.386602 3.356296 -1.776788
v 3.736594 3.378878 -2.589729
v -3.463710 3.737708 8.627209
v -0.644818 -29.027213 16.135492
v 42.106913 3.170785 -6.915179
v 59.343896 3.411874 -9.236776
v -48.637955 4.058893 15.493907
v 39.535576 3.636151 -20.537170
v 45.828642 3.419206 -12.669532
v 28.271822 3.321799 -10.578597
v 51.351764 3.249462 -8.667450
v 49.916490 3.446573 1.958122
v -45.772550 4.204481 15.274119
v 77.712710 2.959423 -12.972042
v -55.520918 4.002969 18.295527
v -131.139937 0.177275 38.488381
v 76.802303 2.934530 10.521712
v 29.701397 1.340329 9.547991
v 35.844432 2.750670 39.929724
v 98.235854 10.630867 7.032484
v 109.533180 3.973543 3.875542
v 126.264160 4.071455 3.138408
v 115.299932 4.127910 3.601203
v 124.790064 4.052058 3.600794
v 67.968427 2.078370 2.589435
v 19.433685 0.868319 5.791728
v -113.710869 -0.116211 32.147787
v -94.236617 0.152129 29.861561
v 59.593323 1.938057 9.856452
v -122.076918 -1.046386 37.094144
v -110.217883 1.152264 33.871776
v 116.494398 -15.015230 9.388771
v 83.846407 2.529079 10.629084
v -79.325603 2.142386 26.878317
v -98.431346 1.616916 35.733987
v -125.524486 2.398859 36.631887
v -112.151232 -3.029963 35.146698
v -127.050736 2.353656 37.115798
v -126.815661 1.737409 37.398687
v -83.661174 2.151700 36.967329
v -130.085146 -0.756531 38.407592
v -131.548796 -0.739351 38.650016
v -130.119343 -0.751541 38.243899
v -130.072807 -0.800013 38.422042
v -135.146465 0.235298 39.585151
v -121.817081 2.604967 37.429927
v -123.539539 2.620045 38.280751
v -123.652361 -0.642571 36.729674
v -8.339306 0.489170 -14.912223
v 24.861445 3.325395 -8.255448
v -117.366179 -0.035115 35.182414
v -108.192067 0.108023 32.949152
v -126.499349 0.951965 37.564496
v -119.919513 -1.088099 35.859989
v -120.478991 -0.012193 36.038499
v -107.418855 1.054894 32.798895
v -119.964548 -0.204421 36.165381
v -130.877686 2.579057 40.625024
v -121.277618 -0.251833 36.670072
v -109.089692 2.379152 37.221573
v -147.982454 0.696412 43.219506
v -90.218953 2.219952 38.137536
v -141.884946 0.141647 41.342422
v -141.281988 0.123590 41.190148
v -135.052932 -0.226025 39.713217
v -138.137688 0.266228 40.506100
v -121.556251 2.444247 35.737279
v -141.300895 0.143346 41.118859
v -143.219395 0.148896 41.646982
v -144.390604 0.168649 42.157381
v -98.262738 2.247595 36.366317
v -119.990897 -1.014544 35.585805
v -117.742069 0.795979 36.333013
v -117.428082 0.329432 34.955658
v -120.242974 2.435414 35.219795
v -108.085237 0.033653 33.349152
v -69.668298 3.710257 20.630189
v -110.992943 3.106326 31.034887
v -99.827089 -4.668872 30.203544
v -90.119931 2.840468 27.509605
v -63.503060 2.329131 25.587012
v -16.924049 4.598465 6.739957
v 57.030134 3.231561 -12.997694
v 1.190897 1.412378 22.511199
v 58.327843 3.460028 -12.605174
v 56.324782 3.376854 -15.420718
v -22.080800 1.482994 17.815813
v 36.177874 3.380274 -13.588351
v 49.988016 3.403786 -13.593996
v 32.521855 3.350944 -12.102985
v -33.386855 3.931638 10.722877
v 37.258448 3.812193 -27.342859
v 40.821455 3.185341 -4.138946
v -62.055804 3.953544 18.930703
v -122.624172 2.774497 40.188898
v -102.560023 2.338944 38.192409
v -121.177803 1.066187 37.074361
v 125.145595 4.096260 3.149736
v 4.397732 0.170643 3.617497
v 114.836852 4.169581 4.497063
v 116.084466 4.006524 6.393094
v 109.893220 9.549369 7.531958
v 109.535515 4.178858 4.011510
v 114.635298 3.993181 4.436597
v 115.936805 4.047867 4.984222
v -129.809220 0.146104 37.631740
v -25.688627 -0.901139 5.319564
v 70.953988 3.852643 28.347387
v -128.851089 0.179839 36.897990
v 107.527547 4.109947 4.860466
v -125.547431 2.421026 36.548789
v -115.199774 0.383997 34.925943
v 34.547387 1.327835 4.765103
v -120.926225 -0.185215 35.960911
v -129.824369 0.022416 37.575138
v 114.834341 4.003305 4.385794
v 115.048116 4.094037 3.616930
v 123.236140 4.051593 3.563142
v 54.086924 2.080597 6.984836
v 20.263926 0.954168 7.789089
v 123.462950 4.116249 3.151311
v 17.405221 0.619826 4.457559
v -123.731873 -0.220108 35.231362
v 101.775656 10.148167 7.667337
v -85.512376 -4.563664 30.922236
v -121.597238 2.432677 35.587532
v 80.412491 2.524123 3.116243
v 1.688904 1.581392 22.163781
v 91.333716 2.802238 2.565507
v 99.477216 -9.276206 7.081855
v -3.140971 2.403016 34.217522
v 30.040691 2.578939 31.895954
v 39.442462 2.635546 34.402222
v -21.667790 1.207110 17.735328
v 117.670307 -11.442014 7.915516
v -81.522969 2.312320 27.092833
v 119.766111 -16.757748 10.135906
v 115.776417 -2.844530 4.279637
v 119.222634 -13.474749 8.739036
v 42.643260 2.651151 31.551773
v -62.655071 2.226000 37.259391
v -112.470257 -0.368291 34.282370
v -55.498977 2.256459 35.295332
v 42.676448 2.729591 31.577615
v 30.056888 2.617709 31.916322
v 114.051346 -14.210569 9.032288
v 15.686223 2.453667 35.685695
v -84.233927 2.147133 38.021224
v -127.661032 0.349800 37.789560
v -120.888020 1.144543 36.366340
v -121.943242 1.204192 36.954902
v -101.165940 0.531040 31.994848
v -108.168014 0.444484 33.045668
v -119.925519 -0.502931 36.299828
v -137.665875 0.262117 40.333340
v -82.721388 2.215749 27.393957
v -85.575106 2.175122 28.145644
v -82.567778 -18.309667 21.571755
v -99.762135 3.179863 28.310803
v 101.954219 4.176483 4.760021
v 110.467138 8.849892 8.134934
v 60.645955 3.371630 -12.930509
v -80.471916 3.719040 22.880311
v 47.430633 3.272151 -9.479984
v -86.037845 3.455711 24.989569
v -91.556367 1.715209 28.366343
v -67.729278 -0.483120 10.946944
v -85.136680 2.163592 19.181475
v -59.310327 4.019697 17.236275
v -77.134914 1.762631 14.324817
v -92.441924 1.509003 24.357292
v -78.232070 3.081226 24.805898
v -69.382989 -0.678814 39.387028
v -56.517149 0.184207 2.493490
v 55.161402 2.721877 -11.803599
v 17.407098 0.639118 4.540986
v 91.333716 2.829931 2.587965
v -79.316983 2.193553 26.904189
v -79.321523 2.235202 26.935886
v 42.962587 3.454596 -9.811039
v 26.805414 3.501533 -7.308672
v 37.190118 3.467082 -8.783369
v 32.684023 3.499464 -8.206546
v 60.787872 3.416392 -13.206289
v 45.085986 3.446516 -10.210301
v 100.689797 -3.172934 4.907822
v 50.174097 3.479097 -11.580181
v -41.566503 1.074823 26.093842
v -32.941704 -1.283747 -6.125227
v -69.840669 1.000937 9.217258
v 99.707735 0.723570 10.183494
v 93.032186 8.375177 12.881108
v -131.230557 0.947795 38.924655
v -98.961445 -6.308160 32.591598
v -90.397642 1.594341 37.511001
v -22.308303 2.290162 37.350449
v -129.846686 1.006138 38.502624
v 52.234748 3.477998 -11.952490
v 100.936403 -7.125669 6.408545
v -50.765844 -1.208010 -1.031826
v -120.951095 -0.371797 35.867062
v -121.596151 0.364536 35.852920
v 63.942066 1.967737 3.124101
v 126.407791 4.025511 16.543826
v 101.949529 3.927376 4.584174
v -138.137440 0.065002 39.874880
v -38.133850 1.102008 37.403894
v -122.394439 1.829114 36.062926
v -134.199956 3.408503 38.528434
v -116.529862 -0.173043 35.176166
v 21.172605 0.961738 5.274998
v 12.566521 0.541785 4.199460
v -47.993076 1.740164 0.207413
v -47.059938 1.267630 -4.936002
v -40.958721 35.601978 -5.694193
v -61.597660 17.483596 -14.397608
v -69.847783 2.375178 -2.694600
v 87.552787 0.819319 -20.737704
v 94.704309 0.850120 -22.542575
v -71.350113 6.784992 -4.934723
v -46.370517 -10.979657 -15.198839
v -67.518019 -21.820312 -11.308921
v -39.667799 13.355300 2.860864
v -25.680215 10.870820 -4.730614
v 96.813396 0.813999 -23.123232
v 41.049149 0.719451 -8.592605
v -42.474941 34.554325 -6.123944
v -49.842711 1.372126 -5.355065
v -52.176306 0.208251 31.612081
v -68.718170 0.628438 30.011560
v -64.889341 0.227302 31.285586
v -94.368926 1.127334 32.248743
v -47.764028 -0.032084 27.662594
v -121.144350 1.103789 35.921240
v -90.448615 1.002963 29.605768
v -94.304941 -0.165624 29.620394
v -109.112912 0.026963 31.544825
v -115.911093 1.072561 35.509878
v -79.838946 0.716584 28.970612
v -88.022165 0.889869 33.400587
v -81.353955 0.847156 33.614554
v -56.161274 1.816260 -3.331141
v 6.933326 0.400353 -1.723316
v -93.353775 15.743334 -4.192958
v -49.463712 33.537982 -1.439698
v -47.747590 1.613391 -17.257235
v -50.503322 37.344948 2.883568
v 98.961953 1.273890 -23.886047
v 70.394360 -8.659072 -20.908246
v -72.172446 2.092178 -10.273703
v 3.478845 0.121968 0.361039
v 0.576142 18.461917 -11.704836
v -55.265687 1.706155 -10.345291
v -22.305992 10.581651 -4.616894
v -53.126491 -20.778884 -19.087654
v -34.179259 1.396080 -1.580043
v -68.005396 -21.351242 -10.460013
v 130.333877 1.080786 -31.803592
v 124.521426 1.206445 -30.327275
v 125.524578 1.110056 -30.433522
v 135.526635 1.017339 -33.191374
v 2.795128 0.853770 25.729576
v -106.079763 0.648124 32.078788
v -118.198622 1.117150 36.437027
v -85.538220 1.173299 26.896121
v -112.150492 0.853352 33.861533
v -105.177494 0.812435 34.784908
v -106.797650 0.826038 32.815309
v 54.676888 2.335704 4.618971
v -104.311867 1.039736 32.691799
v -113.743987 1.066095 34.454303
v -29.942920 -0.432026 18.761850
v -97.704218 0.991997 31.212861
v -81.103369 0.490746 29.847552
v -89.444577 0.871245 30.330444
v -19.753238 -0.645147 14.077538
v -99.887749 0.905830 31.414038
v -79.972681 1.710662 24.832902
v -112.664752 0.444679 33.569075
v -92.125118 -0.153521 25.249161
v 41.949708 1.953266 14.901142
v -115.244710 1.172019 36.411681
v -99.200147 0.717802 30.356182
v -103.046833 -0.340073 28.785431
v -121.394216 1.133076 36.267540
v -107.450812 0.809039 32.144435
v -35.175507 1.435330 -3.184617
v 2.226741 0.060371 -5.518029
v -111.166688 1.124517 34.663517
v -117.182290 1.060421 34.967464
v -31.306372 1.018277 -5.678287
v -5.339527 0.312445 -4.359941
v -13.486552 0.568882 -4.232341
v -34.161075 1.153951 -7.761604
v -27.242010 1.179732 -7.959062
v -2.164911 0.217034 -6.658688
v 130.938637 1.087626 -31.961408
v -45.029853 1.837959 -6.172920
v 63.351939 -11.014648 -20.076445
v -78.766175 2.407624 -0.116729
v 123.025103 1.197695 -29.921163
v 128.661050 1.122769 -31.285107
v 120.648365 1.284319 -29.489119
v 123.449608 1.180357 -29.967133
v 59.314465 1.458663 -25.221522
v -77.025285 18.775936 -7.429329
v 108.315287 1.405554 -28.518594
v -71.946379 2.137141 -10.494762
v -48.072326 -17.263766 -5.868666
v 87.761329 1.424593 -23.353281
v 88.613525 1.420825 -23.401271
v 108.750588 1.400317 -28.447208
v 117.141433 1.296480 -28.638500
v 100.201803 1.451312 -27.153528
v 121.816680 1.286833 -29.819208
v -48.819623 -14.586265 -5.849475
v 64.397802 1.447676 -25.260279
v 101.452646 1.431118 -27.151736
v 116.302624 1.330256 -29.361350
v 126.107624 1.194044 -30.672466
v -59.658411 0.304037 29.744858
v -66.484523 0.274996 39.189017
v -109.158761 -0.222284 31.376426
v -105.452484 0.024970 32.545098
v -89.596426 0.346362 29.383556
v 7.807453 0.417849 6.678450
v -57.869040 0.288858 39.497180
v -102.389048 1.089543 32.695416
v -117.124834 1.182113 35.435800
v 60.262599 2.517665 -5.629068
v 28.638431 -1.915421 4.342383
v 63.707412 2.472983 -5.843533
v 9.657233 3.667381 17.690332
v 55.405300 2.615956 -5.506672
v 35.594575 2.951602 -3.949053
v -6.402975 -0.528901 34.492762
v 18.842147 -1.967243 10.743080
v 82.359538 -1.406561 4.421776
v 2.592992 3.392272 22.619639
v 33.325144 3.667239 37.471611
v -3.079063 0.430051 36.884225
v 6.062296 -15.121692 0.651358
v -45.011401 3.105229 18.188392
v 5.627992 -14.949049 0.689327
v 3.137486 -1.002332 2.234363
v 1.414976 0.462357 0.783921
v -0.320631 3.530616 -0.724518
v 36.086476 -2.646462 4.615066
v 1.576668 2.014253 0.424077
v 14.407296 3.545139 -3.202433
v 11.503352 3.536368 -2.703101
v 1.577426 2.046178 0.416422
v 7.680379 3.483314 -1.898057
v 3.195731 3.491352 -1.215663
v 9.105810 3.507151 -2.199714
v -62.626750 0.782034 28.291931
v -72.969711 2.282315 25.696875
v -69.510424 1.693751 26.954179
v -40.577807 -0.252077 28.609766
v -61.423605 2.510738 23.408074
v -69.526173 1.560178 26.914741
v -35.979723 2.548757 19.659100
v 2.338854 -1.856982 2.224790
v -60.990281 1.979760 24.231757
v 2.780117 -4.257585 4.786656
v 5.084944 -13.616000 0.709485
v -0.588516 -5.662801 1.972882
v -66.855913 2.501862 24.071946
v -37.098042 3.210280 17.238574
v -62.012114 1.791515 25.639768
v 1.521723 1.418974 0.560255
v -5.478932 -7.332731 3.991158
v 3.483555 -14.623708 2.618482
v 3.152644 -12.287428 2.941821
v -3.523992 -10.797470 3.583560
v -54.746799 2.663441 21.180582
v -73.736596 2.068416 26.708112
v -62.648535 0.577215 28.241987
v 36.597056 -7.208599 32.330050
v 67.658045 1.862842 -5.449305
v 48.137698 2.701551 -4.728816
v 49.931013 2.678020 -4.932653
v 5.180592 1.441252 6.528183
v 1.630782 1.515007 0.561681
v 3.297556 3.104913 0.133530
v 3.509150 1.485179 4.183287
v -0.234496 3.139734 0.486582
v 7.053153 3.090729 -0.304995
v 25.980741 3.117094 -2.980372
v 21.782825 3.136774 -2.463098
v 32.573370 2.972181 -3.306100
v 31.008260 2.964247 -2.992132
v 34.244821 3.011209 -3.835093
v 35.521549 2.908540 -3.734424
v 37.279033 2.830797 -3.626706
v 65.705498 2.428043 -5.841010
v 42.871713 2.717065 -3.900767
v 54.261047 0.404862 6.263491
v 45.572676 2.730066 -4.431260
v 27.191069 3.122989 -3.252364
v 11.535316 3.117083 -1.007628
v 36.250222 3.058968 -4.471934
v 28.424131 3.085992 -3.260141
v 14.112975 3.129514 -1.412165
v 36.022929 3.088504 -4.724376
v 53.769639 2.630014 -5.287110
v 5.731144 1.626504 8.053996
v 3.561799 1.735562 4.862069
v 16.430635 3.137563 -1.757053
v 18.611413 3.158193 -2.160279
v 60.957776 -3.990591 5.237388
v 85.422481 -2.168832 4.672874
v 58.830019 0.425193 6.247031
v -22.506658 -22.888181 36.279450
v 39.583954 -0.961592 30.013883
v 36.493940 3.123943 -4.933877
v 36.361258 3.148185 -5.077063
v 36.059257 3.141506 -5.002226
v 4.944983 -4.623614 2.030352
v 3.363091 0.231754 2.094890
v 3.897684 -3.766099 0.798933
v -63.496925 2.605475 23.161028
v -35.069941 1.905892 22.711602
v 5.508181 -12.895555 0.649680
v 1.934328 -0.104447 2.153669
v 5.666727 -3.428745 2.796447
v 3.320270 -5.862010 2.633610
v -68.256388 1.425451 26.882143
v 5.267602 -11.116651 2.783749
v -121.300479 2.617855 33.445985
v -126.145491 3.549041 36.564045
v -69.184720 -1.917155 39.617924
v -132.337597 2.669096 37.094777
v -141.870732 2.797547 38.515858
v -129.443444 2.850836 35.368435
v -131.732228 3.288013 36.305653
v -140.042057 2.850778 37.593461
v -141.138938 2.735537 38.424241
v -135.910894 2.300019 36.590519
v -115.222069 2.457152 32.424621
v 17.885527 1.945570 37.728242
v 59.757324 -0.500154 3.330677
v -123.435795 5.016596 41.678364
v 0.204957 0.795429 19.404808
v 7.128504 1.030587 22.628912
v 5.638654 10.986315 14.372286
v -118.200900 -0.021696 31.999676
v 28.786851 -19.449130 16.242165
v -108.943392 1.466642 29.614397
v 31.183470 1.404686 10.815166
v -128.475008 0.353871 34.709362
v -120.468877 3.469421 35.384657
v -9.844280 -0.140113 10.108493
v -120.766648 0.486251 34.236854
v -130.866274 -0.782966 35.356536
v 55.103022 -13.979320 13.310399
v -128.106407 3.062574 35.662478
v -135.787218 -0.214267 36.913661
v -135.936289 0.251410 36.597240
v -138.416911 0.265873 37.491312
v -142.657903 0.157415 38.418318
v -84.756370 2.762081 46.722255
v -120.729791 0.789777 34.377580
v -148.753033 0.696429 40.340372
v -129.198842 2.714538 38.911254
v -128.961059 2.655252 35.582162
v -117.285979 1.138138 36.460191
v 35.765388 -3.677028 3.758335
v -114.671247 8.499317 38.002695
v -89.939794 2.796496 41.290006
v -122.562155 0.756286 35.405047
v -132.992756 4.205116 38.082485
v -142.058976 0.139440 38.250796
v 45.994101 1.749282 5.861413
v 69.062142 2.816791 6.969327
v 69.972416 2.718707 7.976606
v 15.290429 -6.016021 3.455735
v 70.613278 -4.107742 4.359542
v 72.629752 2.635347 15.068010
v 14.316007 0.728507 8.847023
v -13.736923 -0.395725 6.777837
v 21.291178 -14.293782 12.854215
v -7.110565 -0.105085 7.340307
v 27.782669 1.784406 22.301787
v 41.739143 2.029145 15.820018
v 29.455944 -30.036519 7.281371
v 0.129963 0.832342 14.894635
v 41.652051 -14.559148 26.052178
v 50.638429 2.970439 24.084310
v -116.412687 2.405594 32.193421
v -140.061569 2.757028 37.520557
v -107.863624 2.466188 30.343200
v -150.321182 2.829236 40.283053
v -120.052386 4.563518 35.760217
v -121.193220 3.677123 34.713805
v -129.483717 2.686774 35.220271
v -144.049717 3.302616 39.002306
v -123.735247 2.638502 33.517454
v -123.682158 2.824415 33.713443
v -19.765010 0.889962 20.381260
v -9.953771 1.000669 17.745492
v -18.624670 0.975713 20.063154
v -18.772034 10.491603 4.891757
v -121.159168 1.158840 33.958811
v -44.854198 18.245174 8.653374
v -131.481005 4.141570 41.761211
v 49.675727 3.607309 -6.182532
v -106.490204 1.273643 46.786735
v -116.325743 1.780077 39.786043
v -59.210319 -6.646081 51.086435
v -96.995896 3.323149 45.808012
v -13.299350 7.021095 4.839684
v -103.828888 4.283688 1.396877
v -78.627787 -25.555379 5.671804
v -32.010945 -46.951758 44.104437
v 0.319879 2.834604 -0.481662
v 27.691109 3.264414 -7.247218
v 7.817522 3.406282 -3.902367
v 9.775741 1.156063 9.112309
v -0.419047 3.379681 -1.914215
v -35.177314 15.012760 22.977568
v 6.733126 1.535352 13.390781
v 82.197250 -6.666761 -4.159556
v -45.377638 -1.190712 9.850366
v 65.256832 12.094687 7.056973
v -138.911926 0.270085 37.576424
v -132.262152 -0.724088 35.894386
v -130.821063 -0.736466 35.532853
v -122.297466 3.507200 36.412414
v -125.059546 -0.139598 33.874289
v -118.143593 0.340935 32.227463
v -108.970335 0.036863 30.023893
v -127.248745 0.940419 34.765181
v -101.872092 0.503483 29.397011
v -108.892628 0.447112 30.323338
v -131.701285 0.989707 35.636085
v -133.118510 0.931444 35.960715
v -134.391073 3.977439 38.370636
v -121.192459 -0.022916 33.317869
v -101.810057 0.113088 38.568575
v -120.666731 -0.992246 32.954341
v -123.417871 0.482865 36.232042
v -108.864477 0.110462 30.422950
v -57.366829 -37.026950 33.100410
v -86.309134 9.280309 52.918199
v -116.534417 2.282550 31.745410
v -119.534443 2.325501 32.593770
v -126.866822 2.268820 34.121161
v -124.459048 2.235630 33.447800
v 17.433683 3.592467 -5.403660
v -95.706125 -0.160221 8.122731
v -4.241515 7.136459 13.917386
v 23.465744 4.676827 -7.259602
v -93.760788 9.342028 12.533332
v -91.438166 0.177592 28.689730
v -122.044329 5.527907 37.345451
v -103.115198 2.774160 39.551649
v -143.967487 0.164157 38.816947
v -98.138013 2.738309 43.201756
v -145.857620 0.736973 39.555074
v -124.107564 1.658148 34.083511
v -122.672231 2.081050 35.036396
v -124.228401 3.055139 33.627560
v -130.870007 -0.739738 35.375742
v -142.040305 0.158430 38.321665
v 71.045278 2.567925 4.490986
v -113.724222 1.553776 30.576262
v -118.471626 0.781919 33.668564
v -114.532771 0.515165 37.530694
v -113.778482 7.267927 39.263491
v -120.736240 -1.061153 32.679934
v 53.508477 3.604593 -6.567521
v -123.114326 3.439209 37.377576
v -122.255789 3.498981 36.562038
v -125.715410 3.501542 36.968852
v -95.942076 1.926396 46.595012
v -91.485754 -30.759597 2.897746
v 13.462833 1.974540 26.495483
v -101.184258 21.643651 8.653744
v -128.288276 9.223507 8.322310
v 0.336995 0.347255 1.404718
v 8.322370 0.747490 1.227092
v -33.910853 -8.016878 6.388160
v -13.072313 -12.216223 7.630751
v -98.799841 22.440213 2.015551
v -89.839095 1.616469 41.508058
v -106.693804 6.080362 38.652555
v -94.641680 -0.631334 5.757149
v -87.908567 6.550977 48.633241
v -119.979736 3.307402 36.003261
v -100.620622 5.564116 41.501650
v -122.702704 1.798410 35.165245
v -83.520814 3.383104 48.973804
v -15.970923 3.634114 58.870015
v 12.908662 0.671997 7.858808
v 37.413140 -41.013945 8.103465
v 72.701360 2.694901 6.844858
v 75.551143 2.713379 7.227818
v 17.626992 1.360617 3.791848
v 7.823481 -7.177672 2.646670
v 20.655110 1.561665 2.353694
v 27.603988 2.134827 1.765148
v 15.272070 1.197270 4.488621
v -3.534546 0.099570 9.662602
v 36.476743 -6.518489 10.211033
v 60.853012 2.541194 27.439451
v 62.523262 -5.558809 1.004084
v 60.804357 9.950174 4.610471
v 31.497029 2.159540 7.162695
v -120.779091 2.343073 32.451198
v 24.693200 1.863506 5.679667
v 35.894159 -4.644911 3.843410
v 27.534279 2.150485 6.295297
v 19.271557 1.637915 8.864675
v -133.188417 3.258430 37.133864
v 46.946803 -3.344478 0.571850
v 6.820086 8.948821 4.666633
v 24.381929 7.148531 5.822389
v 28.599989 1.774695 1.461178
v -0.339542 3.325464 -0.899112
v -93.711989 3.348535 48.960775
v 83.334973 -5.728919 -5.438670
v -83.915787 -3.010688 8.621301
v 18.205716 1.872171 10.410591
v -10.580476 0.424386 8.421985
v 35.808856 3.593973 -5.752346
v -104.002440 9.316713 43.438192
v 35.846388 3.601047 -6.021243
v 36.159713 3.583282 -6.041877
v 36.312906 3.543900 -5.802644
v 42.648882 3.581455 -4.995665
v 26.397502 3.496936 -7.966035
v 31.788689 3.522580 -8.968667
v 33.130483 3.338532 -5.097555
v -23.934505 -0.461627 11.332703
v -19.219369 0.413663 16.645277
v -22.737466 0.313435 20.938112
v -20.565954 -0.154309 14.274913
v -21.048459 -0.173088 13.749260
v -17.167684 0.692217 29.044144
v -18.912948 1.841742 11.700501
v 16.089165 -4.184758 -2.784146
v -71.201029 -8.646893 5.767248
v -76.061974 -25.865045 6.347703
v -87.137569 -16.416796 5.107265
v -57.122410 -1.799819 10.722234
v -18.456587 3.376391 26.725158
v -58.418307 -1.513414 4.997720
v -44.900812 3.362267 -2.778502
v -56.709464 -1.598164 3.916903
v -50.563225 -1.316033 7.052491
v -54.377949 -1.524007 4.516830
v -43.348871 2.101572 14.564394
v -44.696034 -1.476668 1.997802
v -25.965563 -0.243095 17.643884
v -42.710536 -1.439141 1.993028
v -26.456906 0.033248 22.742856
v -17.187158 -0.282445 1.022493
v -24.975011 -0.423654 0.792983
v -21.709461 -13.329026 12.035502
v -11.491375 1.595791 11.214411
v -42.773412 -1.064449 8.860354
v -6.071492 8.883786 11.015185
v -29.315814 -7.661211 9.200887
v -16.879377 5.752372 11.864931
v -45.875715 -1.041123 5.045442
v -18.723900 -7.997999 5.377526
v -27.113653 -0.516994 7.339711
v -28.447119 -0.087829 16.837937
v -33.090228 -0.566441 11.822437
v -43.588942 -1.485101 2.047797
v -6.844011 -0.181752 1.644043
v -24.376350 6.951251 -0.876151
v -39.983166 -3.666437 6.105011
v -40.446059 0.287761 12.610349
v -0.282342 -11.805298 5.731436
v -3.207802 -3.834127 2.773079
v 1.369351 -1.946152 0.921302
v -2.358112 -4.512812 0.844704
v -14.440374 -8.751528 6.537242
v -0.557930 -9.025606 6.477161
v -5.769353 -10.346525 5.615297
v 7.732301 -11.500723 5.586163
v -20.326942 -6.045620 18.820149
v 0.312458 2.668871 1.885902
v -27.430535 4.094541 4.750583
v -48.960660 -1.368495 6.212759
v -14.689891 -9.778352 19.760944
v -39.623550 -2.972061 6.809882
v -36.476658 -1.104429 8.608832
v -44.390689 -3.858120 4.226718
v -46.304872 -1.541177 4.397582
v -39.389080 -2.365559 4.618950
v -9.230304 0.096726 8.284917
v -16.739552 0.619441 29.720771
v -53.269190 0.715683 10.621629
v -32.815076 -13.283008 -21.211712
v -73.785503 3.793262 14.902626
v -120.594315 1.020803 33.141551
v -1.481780 0.357861 1.994320
v -61.854775 -0.639364 -1.592978
v 3.193063 -9.705669 2.735427
v 29.593600 2.090201 3.933236
v 0.103241 -9.499732 4.222983
v -101.092904 2.162981 32.317970
v -121.087429 6.026670 40.578150
v -18.815629 0.164377 13.345047
v -108.117173 2.124139 33.267380
v 22.840771 3.392899 -8.126843
v 8.646499 3.408146 -4.188081
v 33.599173 3.238645 -7.570565
v -72.196556 -32.605995 8.445495
v -81.551129 0.493430 -1.303120
v -43.045367 0.247626 37.831262
v 9.676592 3.383811 19.586791
v -76.068325 -1.111551 7.450241
v -33.476306 -1.114211 8.432607
v -23.961771 -7.112971 1.339190
v -25.042176 12.690171 14.636394
v -16.339487 -0.016597 6.038960
v -34.547033 -0.888565 5.823166
v -26.362819 0.404583 20.982911
v 0.433771 -3.820008 5.615322
v 3.654878 -6.052650 4.919603
v -10.871442 2.022350 1.656500
v -7.273832 -8.794865 10.465680
v -17.161759 -7.913815 2.132971
v 15.542494 3.437404 -5.749970
v -27.986436 -1.381559 5.923231
v -65.817415 8.693191 16.046344
v -25.937373 -0.425932 12.425071
v -31.533454 -1.034584 8.637613
v -94.719904 -0.230703 1.208406
v -26.061599 -1.653060 2.060033
v -50.625297 0.602084 9.099686
v -75.749296 -5.695591 0.979532
v -69.401554 4.494359 18.726128
v -56.409545 1.079917 1.530795
v -40.367171 -8.016403 6.861846
v -46.090240 -2.840427 -14.185695
v -44.037473 -7.278018 -11.433670
v -80.435125 2.894961 5.421882
v 28.819734 -13.207369 10.229795
v -46.204593 -1.013096 0.983457
v -4.011490 0.181034 3.069140
v -44.193702 -16.172784 10.391435
v -13.129961 -4.328569 -5.112996
v -17.841499 -10.774893 8.043745
v -39.295515 10.203491 -22.588605
v -1.291516 0.908227 20.786824
v -43.077360 -1.380131 -19.152920
v -32.931216 -0.809983 3.663140
v -31.058041 -32.774074 -0.213128
v -40.873621 -20.422457 -5.136555
v -25.579235 0.411209 33.428316
v -6.756399 0.090049 2.251610
v -46.519811 5.305112 -23.192242
v -39.583913 -21.283099 -5.225830
v -21.555822 0.320126 27.505054
v -7.743880 4.844553 1.408433
v -61.517616 -5.056731 -1.165747
v -47.884157 -0.274431 10.348449
v -25.701172 -8.701980 3.023125
v -63.592106 4.092839 17.560684
v 14.359110 -2.770712 1.374406
v -22.659982 1.866019 3.500819
v -26.223748 -0.070021 1.768222
v -11.344435 2.391266 1.825415
v -17.517905 -0.117650 14.340866
v -3.818161 0.480917 6.239859
v -13.219316 4.756882 2.464735
v -11.698455 4.869772 2.304617
v -35.931366 -8.730607 -20.109486
v -7.415459 2.846734 -16.808497
v -24.024848 1.754541 3.190994
v 5.874061 8.004379 1.732277
v 47.193895 3.263637 -10.731325
v 6.350156 8.600404 1.675081
v -81.488957 4.122263 25.112361
v -22.008969 -9.590503 -3.425085
v -107.667642 4.819008 44.738309
v -12.032634 -14.619711 -4.439371
v -26.258559 -3.527802 -3.516625
v -55.751461 9.707715 27.154102
v -39.347891 -5.342577 -2.137966
v -36.797349 -4.712305 -2.229546
v -35.328109 -10.262200 -27.084171
v -33.256847 -46.341457 42.886788
v -117.548898 2.256828 36.885254
v -118.827302 1.741649 33.721045
v -65.875242 20.542685 44.181271
v -84.093366 12.760637 17.923249
v -51.760727 0.475172 43.006769
v -64.143004 16.472071 52.316064
v -121.116333 2.314945 34.990587
v -67.861728 3.724201 1.431448
v -58.470435 -18.234736 1.186645
v -28.252430 4.968302 16.199418
v -50.120921 -41.750414 38.757368
v -106.889494 0.268321 1.416507
v -50.673677 -8.774976 21.775507
v -81.705002 3.723268 0.858696
v -29.937367 -26.417791 3.234618
v -30.232672 -14.838634 -15.795782
v -24.084978 0.156578 25.055456
v -28.653168 -0.462143 14.031918
v -98.347050 0.423145 8.939897
v -56.502812 -13.480088 -0.094316
v -105.643284 1.106873 1.234160
v -97.458306 2.842238 4.272729
v -83.558784 0.574341 -2.424050
v -45.330781 -1.499875 2.178561
v -100.826849 1.185942 1.332506
v -109.658270 3.561948 0.598403
v -114.119600 2.749731 38.591221
v -119.594769 1.753335 37.099387
v -17.390059 1.905099 58.442285
v -123.925711 1.192659 35.067993
v -131.124401 1.218008 37.633993
v -120.848276 1.717746 36.035085
v -109.258704 3.668482 38.379003
v -113.454292 2.232143 36.625833
v -117.098171 2.235822 36.216412
v 1.749010 -5.698890 14.229183
v -14.556627 3.408577 9.285771
v -114.924226 2.220811 35.100805
v -15.188930 0.697545 14.427846
v -26.690574 -0.699362 6.737517
v 0.443695 0.965419 6.611893
v -123.650291 2.328350 39.895940
v -18.328259 -0.081665 11.375008
v -84.177989 12.342189 43.357545
v -85.737361 1.135903 1.583616
v -107.128748 2.513018 0.883433
v -109.730082 3.457089 0.584077
v -123.661449 1.082309 34.010467
v -9.785378 -6.151920 2.827246
v -11.338027 -0.185673 1.694112
v -31.661752 -8.099334 10.021259
v 8.629201 -9.405900 2.625489
v -9.677212 4.278051 6.583881
v -39.516752 0.134310 21.827659
v -30.555801 7.457590 -0.531268
v -47.547067 8.703375 10.264715
v -48.154943 0.284426 30.088697
v -18.767687 1.170798 22.830092
v -25.315827 5.122987 21.940745
v -23.275517 1.233800 31.871235
v -7.483316 0.295563 10.225130
v -39.641968 9.270602 8.953417
v 7.297725 -10.105371 3.414438
v -92.806987 0.536710 0.708857
v -33.122332 -0.001704 16.286007
v 1.853770 -8.717648 16.006892
v -7.643993 -9.855814 10.340979
v -2.740493 0.687098 11.490376
v -32.558893 -1.739842 2.432568
v -30.479050 -1.685240 2.352218
v -30.813038 -1.690576 2.298667
v -3.697924 0.638936 11.343341
v -22.778511 -1.024898 7.811382
v -22.899620 -1.749996 2.258480
v -80.923734 0.995720 48.633049
v -104.477272 -1.005692 43.541451
v -11.646550 -2.286115 6.347113
v -95.272067 1.359818 48.143853
v -7.759586 0.800495 9.748401
v -8.223259 -0.305837 5.738882
v -21.615587 -3.066188 2.642993
v -28.380807 0.638987 22.065002
v -31.783050 -10.303464 32.390735
v -43.291175 7.910197 0.085392
v -21.562035 -0.938298 8.156082
v -82.645462 7.560518 13.560481
v -103.781211 7.084786 -0.233138
v -0.245130 3.071502 0.333916
v 48.739928 3.357873 -0.065730
v -5.611675 -10.380683 10.454607
v -6.503143 -0.411628 1.914118
v -2.409866 -0.060871 1.680044
v -26.238850 -1.574445 1.883873
v -19.148014 -1.157650 6.314693
v -22.298354 -1.629004 2.031446
v -29.475524 -1.735943 2.303464
v -20.007562 -1.142811 6.539722
v -31.126753 -1.708522 2.273279
v -18.704361 -0.535953 10.172971
v -18.426720 -0.628405 11.465441
v -17.585696 -0.745776 10.162300
v -16.876053 -2.041285 -1.091106
v -21.100265 -2.020808 -2.387802
v -20.054727 -2.009078 -1.635335
v 2.186141 -8.201984 11.695844
v -19.018438 -1.115569 6.523290
v -14.936491 -7.218328 2.293018
v 2.156671 -6.952551 11.651433
v -14.287218 -2.534872 -2.152091
v 1.448762 -7.996680 14.621171
v -15.530929 1.839400 21.623546
v -10.363547 -10.603665 0.728119
v -10.209923 6.422970 1.710714
v -13.060165 -10.839931 -1.855479
v -125.172767 4.073538 39.958098
v -68.077581 9.420386 58.050121
v -105.409386 2.523441 30.603255
v -92.294304 -9.693376 4.180008
v 22.475602 3.395920 15.277523
v -23.532706 6.542345 32.274129
v -20.512296 22.588651 10.522810
v -23.736663 0.333021 21.906930
v -48.210349 -0.101545 27.967590
v -16.931832 6.825007 4.213177
v -72.097493 12.402500 52.155547
v 26.467478 3.399500 5.534352
v -58.681481 15.087453 73.129490
v -84.032347 12.597554 43.677432
v -118.912157 12.652886 6.898724
v 29.239910 3.382965 7.598270
v -27.496120 -6.945660 0.444776
v -66.718524 -9.398432 12.631256
v -93.930655 -10.630360 4.490466
v 37.521594 16.198086 4.420872
v -106.402806 8.692044 41.262355
v -61.181243 12.606482 62.388891
v -89.539380 -16.065991 4.989566
v -25.580217 0.996572 27.518561
v -22.651507 1.193278 27.131045
v -29.935121 0.588608 22.724442
v 50.749216 3.329114 -11.982650
v 39.295276 3.365499 0.039737
v -84.038500 7.308689 49.099419
v 84.663474 -1.646440 -5.639595
v -131.146961 2.520748 36.432355
v -113.749369 7.280182 39.351759
v -89.675669 2.079748 41.866603
v -87.980419 5.861880 48.473390
v -89.545462 8.324098 55.746667
v -32.585628 -0.619199 14.992421
v -7.972770 0.640825 15.388688
v -118.397205 2.626287 32.549683
v -123.431822 2.563759 33.937434
v -117.668235 3.542561 36.486008
v -84.124551 7.131124 48.958578
v -121.012409 3.024082 35.464520
v -107.973237 2.444862 44.941021
v -105.075479 4.114463 46.588205
v -130.524421 2.481689 35.673228
v -119.746844 3.046464 36.599774
v -98.118912 2.925684 1.732066
v 60.309031 3.366645 -14.608063
v -35.814674 -13.382812 -20.699450
v -59.505989 6.175969 16.092898
v -65.325198 -4.536265 -0.711609
v -40.453718 -0.381323 4.559572
v -43.591342 -0.460137 3.465467
v -62.006301 -2.760696 -1.361283
v -68.532267 7.552240 -3.651615
v 26.353829 3.138360 -3.458451
v 56.477659 3.373871 -10.164719
v 25.679567 3.503795 -6.974741
v 36.065420 4.426174 -33.589890
v 32.531084 3.507387 -8.113405
v 39.139848 3.323939 -9.545075
v 18.545634 3.475681 -5.522563
v 7.051138 3.132513 -0.669343
v 44.649113 1.522536 24.604235
v -94.033135 2.655106 30.572855
v 10.462225 2.735989 3.706140
v 25.782954 2.798808 0.363064
v 9.074953 3.176129 -1.547320
v -91.045062 12.769915 16.053024
v -43.995324 35.345466 42.501612
v -89.390051 9.006142 12.042774
v -76.531329 7.815417 14.212378
v -79.112180 -0.384842 30.592705
v -93.301470 2.435273 27.068932
v -33.229301 -46.346580 42.959486
v 16.380317 3.293407 -2.001402
v 32.451628 3.394569 -3.900622
v -98.787683 22.435236 2.118840
v 14.070686 3.264841 -1.617843
v 30.897388 3.367843 -3.534963
v 11.500610 3.233680 -1.176832
v 28.320547 3.396423 -3.762388
v 18.549948 3.336391 -2.457862
v 3.279051 3.173355 0.042852
v 1.678462 1.515229 0.579644
v -132.477157 0.241352 2.767322
v 3.607152 1.485689 4.224656
v 3.640341 1.735914 4.890675
v 27.094238 3.399080 -3.720834
v 36.091294 3.489822 -5.239187
v 7.028981 3.180132 -0.423443
v 5.327552 1.442104 6.597261
v 25.894442 3.375724 -3.398810
v 35.382285 3.581389 -4.977911
v 35.305620 3.588342 -4.783802
v 34.106446 3.439780 -4.507054
v 21.709647 3.356079 -2.817913
v 47.890273 3.602224 -5.940207
v -0.249138 3.191356 0.415018
v -78.155867 2.953351 29.603915
v 10.734180 1.274705 10.236199
v 9.315644 1.777499 12.722502
v 37.060753 3.588124 -4.692666
v 27.812614 3.180772 -5.398226
v 7.444597 3.096438 0.669353
v 12.269516 3.428936 -4.138541
v 84.234792 3.528385 -7.975729
v -23.973116 5.880229 7.036964
v -95.549933 2.700073 28.395755
v 21.795632 4.338284 -7.008633
v -108.183586 3.438160 32.474972
v 21.058550 3.467130 -6.906785
v 6.878728 1.084032 6.931567
v 34.676250 3.522800 -9.102147
v -67.200819 -1.200398 52.306161
v -113.729649 8.931111 41.048828
v -0.429742 3.362935 -1.976491
v -105.091772 4.166664 39.757338
v -49.440547 -0.647363 28.365825
v -44.825164 39.549143 41.148850
v -53.496741 -0.658185 -3.270029
v -73.271590 4.347529 23.930407
v -67.344210 -12.772707 1.101004
v 15.257643 9.282167 -0.077438
v -68.821342 2.953880 23.303391
v -60.768615 4.293541 1.065658
v -72.733609 8.924745 9.789671
v -38.793732 9.204440 0.450836
v 32.905748 3.440936 -6.777219
v 3.980487 1.013311 3.940266
v 34.691138 3.497508 -8.308524
v -86.573692 17.758234 40.547023
v -102.443003 11.633475 42.280758
v -113.647175 2.673328 40.471232
v 47.796615 3.362014 -9.597429
v 6.243445 5.164403 -3.363858
v 27.949276 3.374551 11.510713
v 65.443065 3.601143 -7.141901
v 59.997826 3.603753 -6.934389
v 63.443087 3.600140 -7.149802
v 55.136174 3.611365 -6.825472
v 45.333754 3.599790 -5.601027
v 6.361310 3.388836 -2.785383
v -88.332343 2.348694 23.104422
v -91.846767 2.532852 26.129658
v -85.800657 2.442858 22.195220
v 55.581680 3.524434 -13.906349
v 43.394979 3.483463 -9.468209
v 37.093617 3.490963 -8.582225
v 45.517488 3.509418 -10.313929
v 48.924140 3.549147 -12.029580
v 58.148834 3.440673 -11.917968
v 51.756221 3.485032 -11.092827
v -89.078390 2.885226 31.054500
v 18.599636 3.485008 -5.952837
v 6.740419 3.422044 -3.388494
v 11.888281 3.443362 -4.482362
v -37.896196 0.749134 50.922800
v -85.279547 3.452344 27.703975
v -50.062880 -0.473534 0.820353
v -69.131953 1.466419 11.352085
v 54.845156 2.723475 -13.278384
v 56.683388 3.272710 -14.591446
v -91.681514 3.159320 9.916642
v -122.124642 0.183823 2.891388
v -112.821223 0.755831 2.911317
v -108.459031 1.161889 2.785060
v -89.357300 0.944330 3.305495
v -121.553741 0.622867 2.733527
v -101.807772 3.398325 2.337809
v 8.864427 1.885894 13.105802
v 10.121698 1.978989 14.972913
v 8.595748 1.796507 12.224524
v 11.346970 1.969312 15.867413
v 12.390799 1.344357 11.315009
v 10.557640 2.010026 15.737245
v -46.450552 -0.396985 17.907658
v -8.566822 -2.570713 3.854781
v 52.079664 3.538753 -12.828490
v 60.401730 3.396534 -12.566126
v -68.323790 3.152238 26.515762
v 32.560011 3.528383 -8.782640
v 49.904854 3.531202 -12.830155
v 44.861930 3.522090 -11.252866
v 42.774741 3.521967 -10.685407
v 37.033240 3.519997 -9.513343
v 60.112235 3.360058 -13.391390
v 12.665964 2.181068 18.902708
v 51.928491 3.512464 -13.399598
v -93.628712 -11.519952 4.795390
v -81.528612 -24.047298 6.435885
v 60.439640 3.411737 -14.925095
v 26.716960 3.513322 -7.718934
v 7.716881 1.491264 9.404741
v 5.878104 1.627293 8.118005
v -80.187983 2.197776 23.828343
v -86.233022 21.968153 21.460110
v -122.968810 0.579163 2.641070
v -108.461023 1.016600 2.650136
v -127.043082 1.044204 34.913009
v -8.859438 0.429710 8.291892
v -99.462322 1.161034 2.891172
v -117.106378 0.250288 2.999273
v -119.982665 1.478093 2.385093
v 14.977434 2.311232 21.438165
v 14.571716 1.749517 15.150427
v 13.477909 1.503232 12.790176
v 14.630075 1.934400 16.885980
v 15.218973 1.955254 17.308582
v 13.879480 2.241186 20.149214
v 14.958810 2.338280 21.828699
v 16.426695 1.663225 14.632777
v 12.048251 2.131307 17.873158
v 17.212875 1.707459 15.080174
v 9.273377 2.099382 15.378050
v 11.695564 2.119212 17.625239
v 10.819463 2.074320 16.436311
v 14.789494 2.176933 19.727700
v -33.858737 -47.383444 44.166308
v -37.940570 0.865071 50.992600
v -125.738458 3.477610 36.884247
v -116.877061 2.520936 37.934533
v -114.214403 3.370381 38.670269
v -128.081655 3.430965 39.425849
v -127.752562 3.465216 38.086888
v -87.358617 17.092100 38.489084
v -89.729479 2.039901 41.748769
v -17.215546 2.130522 58.494872
v -107.772193 10.505078 41.935389
v -84.517301 2.003513 47.156566
v -115.736428 7.932552 39.927208
v -106.522477 21.037285 4.279344
v -65.733696 20.688024 44.451099
v -107.912760 2.590764 45.089901
v -131.971439 2.553946 36.712648
v 58.654966 0.691523 5.955422
v -129.167922 2.565680 35.438568
v 48.156936 2.646411 22.936515
v 51.553826 2.099423 11.191360
v 16.673375 8.649498 4.036510
v -98.778375 22.505674 2.068465
v -79.262232 15.314795 51.479496
v -106.525963 21.003039 4.305500
v -86.253724 -35.143688 7.769787
v -73.845667 34.099433 6.386810
v -46.609641 -45.904086 40.737807
v -102.956094 24.433765 2.394208
v -50.175405 -41.692352 38.832178
v -91.531106 -26.136205 4.339679
v 40.288502 -6.937123 9.950974
v 53.466776 -6.644220 4.204709
v -52.919704 -1.453392 5.361709
v -49.934926 -1.366580 6.316320
v 3.728121 1.219549 20.014990
v 4.429984 1.190202 11.380316
v 81.433273 -2.764532 -3.887861
v 85.250819 -1.412459 -6.137906
v 26.234525 1.220524 11.785757
v -2.730285 3.584089 29.214390
v 4.631943 3.667158 29.082493
v -1.478693 3.621802 27.985821
v -44.082069 -1.106819 8.605238
v 19.512706 2.705939 12.422319
v -42.509950 -11.843330 4.874288
v -55.374018 0.644410 9.381156
v -47.113203 0.163926 19.510260
v -28.743405 10.947711 -15.080158
v -20.547687 -13.684740 20.529150
v -51.137727 -1.607924 2.500606
v 22.598365 3.288574 11.526857
v 54.376228 3.687545 23.365185
v 18.262385 3.316346 11.838752
v -2.192084 3.615886 37.266000
v -49.433893 -1.450016 6.042169
v -46.684177 -1.565847 2.194728
v -51.808563 2.333589 13.188365
v -23.924540 -9.860430 11.119209
v -18.576423 0.603924 31.027446
v -35.471877 -0.332634 17.310385
v -54.091629 -1.443378 5.905328
v -35.625222 -6.490658 12.172834
v -24.436552 -0.424241 7.809614
v -30.293608 -7.641029 10.315338
v -8.655187 -0.312551 1.959254
v -17.184220 -15.203144 2.226044
v -1.037514 0.118656 1.042786
v -2.707274 -8.442184 1.333952
v -47.927010 -1.211747 8.126828
v -47.641844 -1.369805 6.082590
v -14.228567 -0.264072 1.142809
v -12.725740 -0.278114 1.302725
v -118.902643 3.077170 33.443932
v -98.444759 2.570284 28.642452
v -115.136814 2.523145 32.833775
v -100.744162 2.365924 28.361598
v 14.843641 3.409934 21.419876
v 50.590522 3.630589 26.065543
v -18.408479 -10.578281 1.167160
v 0.220828 -6.876156 13.581437
v 0.252487 -9.637892 3.905441
v 3.205959 -7.036913 5.590756
v 10.082525 1.193211 27.731728
v -72.405693 -30.435864 6.934931
v -103.769674 7.169968 -0.110537
v -82.387551 2.313714 23.994080
v -80.195697 2.239289 23.848652
v -134.624880 -0.277294 2.848631
v -134.624880 -0.240807 2.876773
v -119.980376 1.587793 2.485426
v -81.831691 2.325164 3.128339
v -75.272133 1.114864 3.595303
v -105.725374 0.515053 36.660833
v -151.315994 2.174907 44.301768
v -94.097569 3.865008 2.109431
v -134.592001 0.227864 2.763880
v -134.874880 -0.287352 2.871393
v 57.991868 3.454302 -14.296677
v -91.627264 1.643001 27.372482
v -77.474375 3.073057 27.386809
v -89.346315 2.832373 30.179710
v -68.927485 3.709184 23.284629
v -103.463527 3.519838 30.661363
v -112.956499 3.500937 33.475622
v -100.917211 2.271552 41.322884
v 18.755238 1.736031 15.311336
v 16.141124 2.299779 21.637776
v 17.308780 2.378836 22.857266
v 18.514208 2.372552 22.853868
v 15.817753 2.212584 20.432950
v -113.542693 0.291063 3.049716
v 17.234865 2.340908 22.369715
v 19.771562 1.972632 17.701259
v -85.712140 1.966119 2.851486
v -60.255122 5.308136 -5.483413
v -109.680424 1.971548 8.449960
v -114.123295 1.365987 2.437393
v -101.611514 1.837013 9.193364
v -59.119751 2.490417 3.454820
v -32.078785 -0.321316 15.496871
v -34.713451 -0.594686 12.325393
v -15.278497 13.729825 20.765212
v -33.556463 -0.469333 13.779429
v -11.787718 -7.769743 4.734001
v -24.133388 -13.853140 4.001342
v -23.641647 -14.157371 8.279025
v -13.738901 0.434558 15.077023
v -24.931623 5.511671 15.116868
v -31.097203 -0.383381 10.514071
v -36.089812 17.529783 4.522766
v -35.690343 -9.705979 0.713049
v 1.461484 2.856412 1.565081
v -33.229052 -5.361046 4.291328
v -2.323627 0.082275 -0.332196
v -18.683394 0.457208 19.837548
v 1.505925 0.489874 7.399430
v -104.847201 2.421422 0.932103
v -26.125558 -0.194761 14.292472
v -23.769418 -12.738212 17.001848
v -4.757310 -19.145297 22.548001
v -22.979086 -9.257877 10.656872
v -35.045772 -0.629019 11.889453
v 26.702602 -24.912126 17.856502
v 29.963764 -37.173844 9.253409
v -2.131960 0.278262 0.683025
v 25.161669 -27.817539 13.386357
v -7.481336 0.229154 5.378480
v 17.445243 -32.208936 10.311697
v 2.248986 -2.371212 3.669172
v -19.573356 -0.102416 11.938701
v 0.563380 0.387014 6.103691
v 23.249048 -16.172685 14.794470
v -36.079200 -1.111367 4.746115
v -31.150822 -0.429225 15.959541
v 4.698296 -3.942813 3.614515
v 1.765409 1.046713 2.400593
v 0.744013 -4.758540 2.503237
v 27.792222 -38.701779 9.939999
v -43.375686 -0.979451 9.759818
v -5.703452 -1.538869 18.452416
v -9.837712 2.293648 -5.692559
v -16.434943 -0.169488 8.583515
v 3.776225 -28.033656 8.209418
v 13.791391 0.614491 8.805157
v -3.671401 -9.568163 9.529617
v 1.128354 0.433871 2.590320
v 1.540021 1.252361 1.607816
v -4.735126 -10.002444 9.934719
v -4.440389 -8.593465 9.877759
v 17.378722 -35.335451 8.775643
v -5.336633 -1.797577 16.588196
v -22.083333 -16.037251 16.655792
v -4.345446 -19.421766 15.181841
v 4.646938 -26.499653 18.961560
v -7.980448 0.614981 23.479494
v -15.886846 -0.161563 9.021807
v -0.832188 0.089817 4.011459
v -32.338215 2.061612 9.278414
v 1.864377 -7.952474 14.714898
v -3.958160 0.057151 -0.497188
v -18.959876 0.135435 13.343345
v -31.249391 3.080726 15.721572
v 1.788222 1.160859 2.246755
v 2.487664 -2.832572 3.791175
v -35.686193 -0.835197 12.326683
v -3.055145 0.273235 3.434350
v -23.579470 -0.380264 13.524800
v 21.808218 -34.920556 10.762391
v -0.979504 1.705473 5.391238
v -43.125468 13.664116 5.722038
v -19.670042 -3.525289 15.065464
v -33.931962 13.471219 11.656353
v -16.115081 0.549668 24.272242
v -1.492668 8.292783 0.851578
v -17.330015 -6.881368 0.837004
v -28.231617 0.416698 4.093290
v -14.772055 3.201329 4.460887
v -3.304441 4.154266 -1.876957
v -41.979871 -5.210421 -13.280701
v -18.701313 6.576555 0.714783
v -0.041416 8.372968 0.851329
v -47.760206 -1.165541 9.344887
v -40.940072 -0.042391 6.573935
v -14.446332 -5.999184 17.182398
v -20.200046 -5.928956 -1.276121
v 35.964565 3.540118 -14.993284
v 56.005879 3.494906 -17.085217
v -35.708640 -1.615736 4.197854
v -18.537877 -0.511529 9.524845
v 37.243688 4.532005 -28.562829
v 39.830624 3.684353 -17.453500
v 40.718622 3.155018 -5.273170
v -40.716518 1.032084 28.158859
v 24.656930 3.381755 -9.355196
v -84.343560 2.369309 21.912474
v -32.669322 3.941331 13.358970
v -32.314135 -0.322354 -4.674771
v -66.634583 4.710703 20.609589
v -60.071186 4.411459 19.399308
v 51.120786 3.229974 -10.167436
v -62.722593 2.305849 27.899767
v -55.782749 0.907625 4.491831
v -66.974154 0.070184 13.351575
v -20.335279 5.325834 8.409783
v -76.370996 2.063751 16.807447
v 48.225896 3.407212 -4.980265
v 23.581408 2.436198 22.803363
v 23.121679 2.159999 19.274457
v 47.073873 3.375947 -5.317746
v 48.055797 3.371540 -4.846395
v -68.257137 -0.344820 41.937269
v 46.181388 3.351910 -4.560340
v 23.695664 2.162476 19.050544
v -82.269835 -18.645281 24.343747
v -90.652315 1.793837 31.516041
v 21.385619 2.151071 19.537008
v 44.939600 3.395709 -4.442418
v 24.336205 2.221229 19.571416
v 22.978253 2.298343 21.019346
v 24.270228 2.189422 19.159254
v 20.862138 2.159269 19.732070
v 47.521195 3.389152 -4.867297
v 24.820511 2.292064 20.339636
v -109.510534 0.002406 30.071638
v 23.929534 2.237538 19.963946
v 19.264000 2.328787 22.155681
v -94.642444 0.154875 28.420678
v -105.786731 0.026098 31.340864
v -121.961853 0.365379 34.506388
v -116.906610 -0.171477 33.863218
v -113.426831 -0.554808 30.925553
v -92.784698 1.055057 1.771544
v -131.536312 0.178397 37.029083
v -121.299558 -0.372324 34.574342
v -121.325589 -0.185819 34.479356
v -91.040591 -2.204867 3.581534
v -98.036647 1.693473 1.085890
v -130.688367 0.099418 36.280880
v -129.808077 0.210762 35.443407
v -129.793026 0.088004 35.500836
v -62.394273 6.290600 1.411674
v -78.718079 5.759173 -3.446442
v -138.553532 0.065011 38.320223
v 16.232467 2.395159 22.955647
v 20.584299 2.334685 22.101406
v -30.837549 -1.405003 1.772190
v -22.764974 -1.006078 1.586996
v -10.759552 0.188616 9.184130
v 1.317561 -5.184719 8.960716
v 1.257418 -7.300674 5.659417
v 3.553579 -6.263485 1.831010
v -1.436099 -4.437218 8.843390
v -1.909933 -5.400378 5.782997
v -2.051027 1.264974 6.121185
v 10.511929 -2.449237 0.414947
v -5.769048 -0.255691 1.352667
v 5.775881 -3.213001 7.921235
v 3.374937 -3.748399 1.541731
v -1.969022 -0.021906 1.614744
v -14.664095 1.385232 6.655247
v 0.496996 -0.492248 -0.999711
v -11.175858 -2.245566 2.772925
v 4.544832 -6.537978 5.405224
v -21.772420 2.670040 5.044905
v -15.459396 2.081040 13.326664
v -5.911040 5.512602 1.883754
v -13.130642 0.783640 15.597661
v -21.958066 -0.617525 6.409980
v -9.469954 -3.141565 1.448378
v -15.666557 1.285718 11.470030
v -21.800458 0.073121 13.748704
v -26.086057 -2.992001 2.732418
v -13.798639 -4.266223 -3.611259
v -1.824491 1.460302 4.839574
v -21.615991 0.506753 11.279795
v -7.873646 2.200379 8.136890
v -17.682846 0.061931 12.363231
v -21.969826 -0.485506 5.713144
v -21.500073 -0.772486 6.108736
v -12.174021 -4.046995 -2.281106
v -1.224540 0.558891 6.434394
v -18.965359 0.378153 -0.312880
v -25.978192 5.038015 11.019656
v -21.368250 0.563743 17.173877
v -18.137017 0.921793 23.664671
v -14.031505 1.276070 24.246702
v -18.611140 1.262038 24.764482
v -16.701679 1.053653 22.265686
v -29.129606 12.760921 10.398809
v -22.379486 -0.011854 7.301427
v -21.002495 0.776685 21.254820
v -26.130970 -0.250230 7.792995
v -29.575655 6.760027 12.244039
v -38.148289 -0.436005 10.670623
v -55.010658 0.147506 29.687050
v -40.225017 -0.736030 9.948748
v -35.035108 0.136997 18.305142
v -24.640098 -6.424121 23.790622
v -12.486716 -6.629543 14.167196
v -17.153181 -2.773751 18.728198
v -27.849954 -4.926387 5.918777
v -77.734510 -0.763488 9.709413
v -4.016217 0.359448 9.991050
v -25.767648 0.809769 1.270812
v -69.821059 -7.368942 8.233477
v -28.239627 0.703773 23.022206
v -31.238893 12.600222 8.810989
v -31.045625 10.192177 8.933102
v -24.220402 0.939601 24.592211
v -23.987676 0.989479 24.837711
v -30.815259 12.576451 8.957262
v -30.286261 0.415051 19.801323
v -26.136715 0.931026 26.201706
v -22.558701 1.307376 31.742671
v -26.834926 0.956245 27.692636
v -26.057367 0.852200 23.801002
v -23.760471 1.140022 27.864110
v -26.142202 0.935081 25.596001
v -35.327935 -6.599556 5.717995
v -28.381238 0.749278 24.727419
v -20.904704 1.388528 30.490473
v -72.836025 2.592978 14.294141
v -32.994092 -0.453536 10.387648
v -36.652500 -12.297079 23.679282
v -14.982771 19.486569 0.413455
v -25.346121 -13.028358 34.875527
v -9.651938 5.303013 0.867217
v -63.030987 -6.595479 18.818485
v -69.865731 8.327958 -0.057731
v -10.116098 6.683256 0.531253
v 17.111599 6.373534 0.716416
v -17.588593 22.167409 1.064439
v -36.509707 35.456063 -0.665548
v -53.388338 -10.610126 9.192866
v -27.843109 2.824685 0.871830
v -67.850311 -1.152426 6.880650
v -18.705052 3.952487 19.229453
v -67.081008 8.487308 -0.047354
v -51.837338 9.343814 10.204811
v -56.373164 6.701591 0.235740
v -68.809735 -1.005655 9.764911
v -42.403657 5.020007 13.597564
v -69.890900 -1.115170 7.959861
v -42.279361 3.766415 29.135045
v -28.422348 13.259501 12.761338
v -56.333984 -0.051765 30.441538
v -46.543088 -9.898120 -14.658026
v 40.745603 3.408965 9.462504
v -18.309639 -9.094736 0.012826
v -28.362166 -0.778359 7.231229
v -20.407837 -7.688997 12.649477
v -16.569006 0.237407 10.526259
v -41.463802 10.752584 11.798097
v -55.699941 -1.515308 3.492745
v -39.339980 -0.825376 6.937936
v -48.149247 0.155255 1.823787
v -20.302537 0.267997 20.860523
v -32.143821 -1.752225 2.417703
v -14.316609 0.569531 21.774623
v -15.463268 0.712393 27.122796
v -27.856229 -0.435397 13.421271
v -14.874806 -0.110692 13.272316
v -30.545019 -0.938750 9.223249
v -20.071656 2.677290 -2.485605
v -44.078448 5.714769 9.069066
v -26.062870 -0.700771 8.294979
v -25.012480 0.501244 26.121820
v -29.169513 -1.501138 3.890906
v -51.131295 -1.454477 2.951381
v -31.421143 0.346619 19.396504
v -28.294321 0.539077 20.675373
v -28.778048 -0.112745 12.254474
v -30.628427 8.414337 12.843749
v -26.002852 -0.579334 2.108585
v -29.334894 9.539941 11.543798
v -22.907832 0.676888 22.436324
v -17.860517 1.276813 24.705438
v -16.343962 1.103932 25.536948
v -17.736675 1.386974 17.962966
v -5.032338 0.266884 4.992635
v -3.718441 -2.977218 7.890040
v -9.981324 -3.477994 -2.274660
v -14.876368 -2.843402 6.612621
v -7.211048 -1.182078 -2.157853
v 5.392825 -8.061295 6.402442
v 1.696306 -4.968985 15.782293
v 2.655798 -7.914509 8.072258
v 1.058690 -4.406326 10.982674
v 2.170214 -4.593096 10.846930
v -18.258590 0.036780 16.314769
v -24.265344 1.362932 17.182929
v -12.326261 -4.107422 7.761605
v 2.147394 -7.722527 14.499139
v 2.205962 -7.131399 14.372439
v -23.060318 -0.829479 8.876953
v -28.935109 -1.721941 2.328524
v 2.199835 -9.811258 17.313714
v -12.604630 -5.041377 9.858216
v -17.681639 -0.436147 11.710402
v -3.470590 0.554860 10.370164
v -24.193814 0.403830 15.512743
v -9.403816 3.910115 20.828698
v -48.572543 -3.928126 27.910359
v -14.812603 -2.770719 2.500359
v 3.948237 -8.847316 3.178969
v -0.371146 7.295069 0.644579
v -114.359085 2.747305 37.535805
v -92.391351 6.616175 47.427538
v -124.093942 1.197541 34.629890
v -83.966161 7.983392 49.219224
v -114.542401 2.250383 38.166260
v -108.467355 2.735641 40.346901
v -67.974580 10.061798 58.266288
v -32.102229 0.385649 20.497314
v -29.953363 0.678118 23.981518
v -27.837093 0.521710 23.269796
v -23.944975 1.162917 29.158745
v -20.171092 -8.355327 0.642240
v -17.214610 -18.191724 1.267067
v -47.757046 -17.052911 0.825559
v -48.306698 -15.504291 6.139527
v -61.309090 6.732727 11.623106
v -59.333394 0.062057 29.260447
v -62.839327 -1.803505 0.406912
v -23.500632 11.970251 15.407866
v -42.685926 5.229187 11.935190
v -15.881996 -10.252020 -5.000202
v -22.996129 -6.824779 1.262110
v -28.079878 -0.478669 9.078506
v -5.177024 2.876249 13.675897
v -25.902787 3.034246 -23.159225
v -8.669538 -17.303884 -0.318241
v -4.730601 0.873999 8.196102
v -125.703091 1.154563 34.601379
v -132.710887 1.160383 36.459779
v -122.692995 1.187782 34.321238
v -119.423547 1.247371 34.412342
v -60.965599 13.392149 62.556249
v -99.087172 5.111839 43.002328
v -7.915202 6.708968 1.621512
v 38.141352 -0.519824 5.939629
v 29.620015 1.242405 4.705166
v 30.986827 2.407624 2.054761
v 40.356273 -2.675237 5.056008
v 5.431556 0.509384 4.396262
v 17.025499 1.339475 5.531177
v 29.853009 1.870603 1.191573
v 38.653036 -20.682950 4.977538
v 58.707603 0.867025 1.896127
v 55.303763 -8.519389 0.839023
v 53.698462 2.599367 11.068382
v 42.633465 -28.692798 0.734758
v 42.714362 -5.165204 5.687339
v 33.035018 2.759481 8.162428
v 19.424143 1.648004 6.683964
v 37.917298 -1.709620 5.643530
v 35.800347 -1.602238 4.859504
v 33.987828 2.694318 10.736291
v 33.912681 2.704238 13.396729
v -57.083697 1.077692 12.027039
v -29.306612 9.418352 -16.566177
v -48.205672 0.208887 10.892411
v 37.528023 -24.562765 11.146329
v 0.684985 -25.002966 7.854110
v -11.797480 -21.889975 10.828022
v -17.938302 0.017561 14.859742
v -39.442158 0.288931 6.668236
v -36.995460 -8.167894 14.608955
v 49.674868 3.455402 -15.166401
v 39.449773 4.051260 -21.856288
v -94.575057 -0.163797 28.661353
v -124.107972 -0.237280 33.837318
v -123.360837 1.151647 33.924956
v -65.299466 1.034780 19.032759
v -91.076795 0.942840 25.701378
v -65.900943 0.952257 19.202838
v -90.289899 0.900852 25.498859
v -55.325215 1.322921 16.412761
v -56.593595 1.166664 16.750211
v -60.100396 1.130512 17.668562
v -53.117739 1.306332 15.837111
v -78.497833 1.229043 22.418621
v -33.599731 0.234057 10.076446
v -70.093586 1.453699 20.217812
v -25.997724 0.204925 8.081251
v -40.107847 0.228772 11.747024
v 0.312513 0.384270 1.150234
v -36.897997 0.276153 10.927864
v -25.590950 0.254488 7.969348
v 100.474119 0.171812 -24.675191
v 0.161967 0.366940 0.605168
v 0.307777 0.173821 1.149957
v -9.522832 0.163146 3.732522
v 0.129396 0.437497 0.483475
v -145.538101 0.583160 40.265415
v -142.527934 0.591966 39.425394
v -131.262832 0.764880 36.551904
v -86.228389 0.051386 24.719145
v -75.245184 0.128229 21.759352
v -57.522674 7.910221 20.572619
v -9.268448 0.306832 2.567764
v -73.737857 0.073912 24.029409
v -22.048360 0.428097 6.217760
v -7.750504 0.523392 2.437547
v -110.300986 0.576037 30.263281
v -9.550287 1.613214 4.536496
v -19.040304 1.696169 7.001621
v -28.838633 1.907245 10.664692
v -31.061377 1.866723 11.619745
v -91.808366 1.137172 25.868873
v -35.556693 1.696581 11.320238
v 0.115636 0.476316 0.432062
v -12.571768 0.332690 3.793127
v -18.080098 0.386615 5.210527
v -5.470851 0.377651 2.025810
v -60.788649 0.816055 17.877028
v -42.255929 1.092525 13.028086
v -52.325794 1.161805 15.653457
v -105.046151 1.164442 29.349192
v -24.285563 2.579588 8.719976
v -106.387026 1.188849 29.657520
v -96.947313 1.225034 27.215969
v -24.370718 2.756131 8.853954
v -28.157988 1.944394 12.397896
v -28.038361 1.953645 12.860986
v -70.437026 2.756883 21.977988
v -13.989859 12.743480 14.778234
v -18.646051 25.319767 20.285388
v -84.840611 5.662879 23.595273
v -77.992632 15.867172 20.676693
v -93.619616 1.098100 26.353641
v -99.548488 0.979903 27.891934
v -93.257113 1.024859 26.257630
v -101.542379 0.860751 28.419518
v -107.650104 0.879760 30.014780
v -22.343232 0.374426 12.917570
v -4.227432 0.485133 16.494927
v -50.517068 1.261424 15.159257
v -54.447252 1.218434 16.187890
v -64.995823 1.017203 18.958568
v -84.587126 0.874516 24.082745
v -78.361176 1.108926 22.445734
v -75.292150 1.381404 21.583896
v -76.262948 1.371633 21.824515
v -81.164434 1.128442 23.091879
v -69.657578 1.306240 20.154696
v -78.503136 1.270059 22.398811
v -79.386795 1.118686 22.723266
v -86.480971 1.060053 24.500658
v -82.832463 1.021987 23.628287
v -82.011199 1.173359 23.312444
v -91.496138 0.950650 25.826755
v -59.676509 1.112936 17.560166
v -68.939896 1.452729 19.935319
v -63.064834 1.474245 18.437712
v -69.114960 1.291595 20.006436
v -59.905591 5.354509 19.756585
v -74.324887 1.340394 21.330069
v -76.571135 1.224171 21.881724
v -72.800362 1.200754 20.982697
v -71.427402 1.485920 20.551379
v -67.843803 1.348242 19.679362
v -47.069127 1.418670 14.262726
v -100.324273 0.781168 28.135960
v -96.522414 0.851990 27.111344
v -100.276271 1.090250 28.073579
v -99.180684 1.065842 27.815735
v -93.555201 1.002397 26.352575
v -95.913614 0.949161 26.968623
v -2.709447 21.707898 8.169844
v -56.953257 -10.623784 12.750329
v -15.014633 24.600893 18.099244
v -77.064177 -0.060120 21.796691
v -85.290380 7.321815 27.574615
v -32.918785 1.796404 10.856629
v -28.179981 1.903909 10.152210
v -40.522233 1.755115 13.066638
v -41.045447 1.739669 13.209979
v -63.235604 0.719850 18.524861
v -68.558454 0.779879 19.910056
v -101.900083 0.678132 28.533451
v -30.183066 1.859488 10.809139
v -17.292904 0.784558 6.580440
v -44.921269 1.453838 13.706064
v -18.447352 0.876348 6.860103
v -40.655235 1.555424 12.602708
v -49.419963 0.667680 14.907069
v -59.909928 0.672017 17.654986
v -95.514974 0.696234 26.765889
v -11.368072 0.865157 5.027052
v -45.642484 0.734108 13.912230
v -27.036261 0.927082 9.096183
v -101.661108 0.737703 28.459382
v -66.502421 0.813093 19.372917
v -46.676185 1.456758 14.159580
v -40.563916 1.640386 12.581300
v -55.293512 1.160812 16.410341
v -49.911803 1.430373 15.003329
v -80.289396 3.079139 22.689547
v -27.981902 35.083884 34.859927
v -83.719757 1.701743 24.081753
v -45.586152 1.505592 13.880983
v -37.297368 1.705271 11.772954
v -13.721941 0.885163 5.660081
v -32.896174 0.977342 10.650393
v -32.086666 1.017386 10.411494
v -16.146284 0.963275 6.271534
v -63.680752 12.868389 4.694670
v -94.953421 0.972604 26.688383
v -116.172073 0.897291 32.259229
v -101.725524 1.034578 28.460449
v -46.948882 1.345429 14.228521
v -54.780830 1.232104 16.271104
v -63.485943 1.063110 18.556481
v -68.802732 0.883881 19.964316
v -82.127152 1.133320 23.362686
v -86.416556 1.030757 24.499592
v -72.697286 1.328685 20.884344
v -61.673683 1.513316 18.075490
v -63.853496 1.410764 18.633627
v -31.896331 1.785793 10.552450
v -41.804634 1.656004 12.901238
v -42.471031 1.563227 13.070495
v -46.311915 1.533909 14.070173
v -76.029828 1.187200 21.738204
v -22.713836 0.805035 8.022214
v -14.377063 1.751859 5.780834
v -16.446900 1.653215 6.357051
v -80.623864 -2.328923 22.518593
v -44.402912 -0.082535 10.161847
v -96.224326 0.925722 27.016399
v -105.532180 0.819713 29.467140
v -101.293304 0.795322 28.383183
v -51.001583 1.345406 15.282868
v -60.461889 1.064103 17.768345
v -72.436849 1.239818 20.890460
v -81.744703 1.050313 23.341200
v -92.761741 0.910604 26.174582
v -73.465497 1.188055 21.156671
v -63.634742 2.614155 19.129439
v -65.120615 1.426382 18.975795
v -16.378753 1.805559 6.309496
v -15.856729 1.770405 6.205162
v -9.074077 1.736263 4.412075
v -82.252447 1.280780 23.378024
v -100.637398 1.256266 28.537310
v -86.212018 3.180859 25.728897
v -91.533155 1.648148 25.782853
v -87.640311 3.144353 25.386158
v -76.274904 1.752749 21.812062
v -94.741660 2.447727 26.945884
v -88.317795 3.243994 26.330683
v -88.361182 1.198715 24.969511
v -21.513405 0.820179 7.672621
v -21.178565 0.799184 7.594124
v -31.810685 0.861137 10.354815
v -8.789536 0.808042 4.357144
v -11.012614 1.491135 4.934953
v -14.188895 1.633696 5.728450
v -43.345962 1.169667 13.306684
v -18.269511 1.425666 6.799366
v -18.563560 1.516484 6.909405
v 0.319420 0.448684 1.097393
v -29.545570 0.153758 8.967116
v -85.234111 0.103209 24.566258
v -7.574622 0.324416 2.641437
v -71.101275 0.897540 20.562318
v -85.794122 0.924314 24.407811
v -80.900210 1.004420 23.112145
v -86.545133 1.061029 24.502666
v -85.634458 1.025878 24.279149
v -86.639877 0.900872 24.632149
v -70.250217 0.755455 20.357790
v -66.016643 0.710557 19.254021
v -54.954127 1.087571 16.348824
v -50.994765 0.880074 15.308336
v -16.815463 1.947158 6.430422
v -53.745869 1.019219 16.028475
v -40.744786 1.036869 12.630716
v -50.418677 0.782909 15.164259
v -15.090735 1.951074 5.984986
v -64.866992 0.669059 18.956435
v -63.296484 0.630982 18.539132
v -39.927449 0.651132 12.421058
v -54.530996 0.946461 16.237597
v -34.516057 0.623330 11.004077
v -51.087601 1.240913 15.324087
v -45.191693 1.263407 13.783495
v -7.732725 1.934513 4.075314
v -15.026825 1.881738 5.982034
v -8.275848 1.862244 4.221687
v -15.334759 1.864158 6.040188
v -7.613742 1.839787 4.036392
v -57.581449 0.695467 17.047961
v -101.785141 0.749421 28.479436
v -71.598669 1.479081 20.637823
v -43.453406 -0.576313 14.890473
v -58.147783 2.161438 17.506270
v -101.738998 0.490872 29.135313
v -53.148431 1.263363 15.843303
v -77.392904 1.149947 22.195681
v -78.077228 1.265178 22.297962
v -9.289970 0.380311 3.720854
v -10.460177 1.630787 4.793164
v -82.029855 2.735930 23.159749
v -90.353053 1.114719 25.504642
v -97.911799 1.241630 27.480172
v -12.233972 1.213785 5.236565
v -23.256005 1.117044 8.111722
v -22.890977 0.976421 8.025144
v -29.470649 1.121892 9.730545
v -9.885605 1.754814 4.643428
v -19.289575 1.375855 7.097651
v -36.657857 0.986110 11.583382
v -37.193658 1.051537 11.757114
v -21.217843 1.197134 7.568245
v -67.831176 0.625097 19.726525
v -39.444955 0.951427 12.289902
v -49.481348 0.636918 14.919455
v -15.981771 1.804584 6.221443
v -86.365019 1.228023 24.450417
v -16.382035 1.660051 6.297231
v -18.448870 1.564336 6.854447
v -19.419415 1.564331 7.096010
v -11.729567 1.348553 5.126839
v -24.453658 0.903658 8.471690
v -26.507222 1.068198 8.957624
v -19.766570 1.248900 7.188921
v -13.090781 1.085850 5.480036
v -16.597330 0.971085 6.399330
v -23.999078 0.917333 8.357102
v -39.892213 0.909432 12.431847
v -10.546474 1.331958 4.803116
v -24.364863 0.994967 8.440849
v -21.483218 1.056507 7.664543
v -35.172609 0.947544 11.210129
v -25.226470 1.120939 8.666398
v -22.743827 1.052594 7.970597
v -28.082781 1.264478 9.356060
v -16.004943 1.490131 6.195293
v -17.499730 1.359264 6.593339
v -13.895547 1.077057 5.676218
v -38.354671 1.318132 12.012251
v -26.286119 1.400231 8.877220
v -34.238818 1.412882 10.952121
v -37.932551 1.435322 11.897252
v -38.629389 1.393326 12.073646
v -20.157240 1.204952 7.300558
v -30.137805 1.336733 9.896974
v -33.000877 1.360154 10.621806
v -33.757837 1.492963 10.815304
v -27.300179 1.465655 9.137505
v -18.907741 1.418826 6.952998
v -21.601949 1.263537 7.704410
v -40.923893 1.501712 12.686743
v -28.327817 1.490063 9.407490
v -21.794184 1.493029 7.711380
v -24.033110 1.501806 8.290394
v -12.419867 1.227456 5.297439
v -9.572927 1.468683 4.542555
v -34.210398 1.596476 10.937440
v -30.578302 1.541808 10.003751
v -30.125489 1.504701 9.882559
v -16.033616 1.631733 6.209034
v -25.316838 1.663908 8.630942
v -23.335768 1.606302 8.115887
v -21.128292 1.661978 7.540237
v -24.953325 1.715668 8.538706
v -29.659603 1.685368 9.749781
v -24.216936 1.887913 8.488710
v -30.844266 1.732773 10.097271
v -25.614408 1.826387 8.831746
v -21.913940 2.071135 7.820890
v -20.537364 1.815301 7.391178
v -18.919050 1.867068 6.971191
v -36.039585 -0.140475 17.627449
v -42.493055 0.259148 16.956242
v -56.947930 0.176136 21.709057
v -96.108593 0.328121 27.725019
v -90.720325 0.288391 26.233810
v -51.504453 0.035486 24.614568
v -11.517171 0.262784 7.699278
v -27.884216 0.349307 11.681395
v -13.695250 0.442816 6.686098
v -118.883204 0.680482 32.524361
v -115.559295 0.646321 31.647883
v -101.023046 0.745790 29.183552
v -21.769216 0.411009 6.112468
v -24.832286 0.408307 6.815261
v -26.239138 0.436131 7.239688
v -25.516761 0.460793 7.098286
v -19.197762 0.367079 5.265015
v 0.097646 0.551756 0.364848
v -8.127253 0.483838 2.570984
v -7.256254 0.302937 2.123674
v -128.108685 0.644780 35.766353
v -59.876421 0.307427 18.338029
v -97.665561 0.449392 27.916699
v -80.670100 0.351588 23.246675
v -86.481758 0.521966 24.739446
v -95.693889 0.550234 27.306099
v -78.675704 0.122290 22.720976
v -130.743978 0.487538 36.556587
v -133.057670 0.591041 37.097989
v -67.822590 0.209936 19.758596
v -120.538578 0.628220 33.833275
v -121.921649 0.582314 34.225684
v -120.486535 0.678026 33.785986
v -126.665744 0.681409 35.355898
v -127.759565 0.714118 35.620345
v -74.205271 0.271174 22.118551
v -134.162096 0.795626 37.322816
v -126.896136 0.792248 35.462043
v -137.812622 0.502637 38.187637
v -142.028270 0.502125 39.358383
v -135.373382 0.397181 37.631841
v -142.382188 0.500170 39.486468
v -122.187893 0.725380 34.197872
v -136.080713 0.407431 37.889897
v -134.999265 0.386197 37.579226
v -144.800977 0.615879 40.118676
v -147.221028 0.597311 40.746166
v -146.741815 0.589989 40.602744
v -139.605190 0.642763 38.742215
v 0.306262 0.135979 1.144296
v -86.551380 0.454344 23.995834
v -135.383735 0.682826 37.593166
v -99.545267 0.481859 27.420479
v -105.526183 0.537001 29.006063
v -88.738952 0.567993 25.049896
v -61.285329 0.418107 17.350829
v 0.485188 0.581078 0.898054
v 0.402949 0.548956 1.012533
v -16.908896 0.421909 6.205076
v -45.121604 0.339608 14.507088
v -31.826113 0.376242 10.461895
v -6.585081 0.409872 2.259326
v -33.554044 0.389209 10.197450
v -126.949661 0.410657 35.262048
v -135.749015 0.701867 37.678799
v -136.105205 0.666709 37.798393
v -140.360493 0.610533 38.821032
v -134.198200 0.499728 37.187913
v -11.338577 0.339044 3.565936
v -13.814443 0.417400 4.105755
v -11.700567 0.381767 3.603427
v -92.601127 0.046436 26.532931
v -9.514252 0.315861 3.069581
v -14.430655 0.346597 4.190562
v -5.738049 0.286829 2.054864
v -7.569181 0.302934 2.329371
v -1.632687 0.334214 1.148172
v -6.453279 0.305868 2.343845
v -97.763081 0.029911 28.035803
v -3.624624 0.320531 1.679277
v -3.602677 0.348852 1.602638
v 0.144798 0.401364 0.541020
v -4.565928 0.287079 1.841237
v -100.394083 0.338291 28.842077
v -86.127650 0.432853 25.095548
v -92.528665 0.327104 26.803677
v -97.075982 0.435966 27.943903
v -107.033569 0.213864 30.626163
v -102.398578 0.170678 29.330040
v -95.845978 0.292175 27.463060
v -141.553602 0.671073 39.197982
v -105.638630 0.090093 30.278090
v -105.627521 0.104924 30.319598
v -16.946228 0.490870 4.853981
v -141.555875 0.699394 39.189492
v -141.560672 0.658866 39.171568
v -15.456877 0.457186 4.496057
v -144.334641 0.624671 39.927143
v 0.309544 0.250726 1.156561
v -12.414297 0.238448 4.502358
v -16.742473 0.131490 5.615270
v -20.457305 0.164306 6.602441
v -25.314268 0.127536 7.854858
v -101.512142 0.526274 29.015963
v -145.169287 0.626619 40.192989
v -100.199546 0.545325 28.601978
v -145.295592 0.627107 40.204553
v -107.202069 0.097286 30.721807
v -105.351652 0.194587 30.141638
v -97.715615 0.211719 28.213156
v -103.825613 0.218765 29.799927
v -94.078437 0.062387 27.056711
v -3.455949 0.303198 1.637165
v -7.582600 0.296341 2.445429
v -14.362939 0.359291 4.292487
v -7.135238 0.447467 2.349201
v -19.047274 0.374397 6.250332
v -47.885616 0.401824 14.019425
v -75.489494 0.441466 21.088275
v -7.544540 0.134837 3.207090
v -138.772816 0.726753 38.467879
v -140.344587 0.744810 38.880464
v -133.525774 0.439915 37.282917
v -143.460354 0.510906 39.809403
v -131.401507 0.398669 36.517240
v -123.757644 0.760527 34.618004
v -139.704478 0.525575 38.854717
v -73.543826 0.202702 21.347467
v -83.343012 0.049235 23.896348
v -77.071332 0.459274 22.188464
v -89.899906 0.428928 25.747294
v 0.107177 0.509275 0.400460
v -17.603678 0.364890 4.935799
v -23.981834 0.077741 13.423033
v -40.794052 1.103275 12.688383
v -43.367061 1.171620 13.348724
v -76.510766 0.122895 26.078225
v -27.422810 1.775719 9.208174
v -34.537915 1.195107 11.043292
v -33.060747 1.286912 10.639851
v -28.097117 1.196119 9.362929
v -34.212418 1.544718 10.929892
v -26.448868 1.416831 8.933920
v -43.163323 1.340567 13.263868
v -21.916449 1.464708 7.738038
v -23.019556 1.556499 8.028222
v -28.888306 1.586740 9.549414
v -36.088084 1.616973 11.415726
v -30.975537 1.640439 10.090861
v -22.912133 1.762554 8.006549
v -101.094597 0.101592 29.125602
v -92.625902 0.108355 26.682104
v -100.785369 0.445956 28.830545
v -101.146609 0.324860 28.931271
v -103.848842 0.346085 29.713139
v -87.885563 0.249740 25.296120
v -96.246637 0.143979 27.658244
v -43.490841 1.261463 13.369723
v -55.071247 2.530495 16.874550
v -66.312962 2.675945 19.895571
v -34.696581 0.209637 10.329572
v -7.844470 0.425833 3.469166
v -141.182767 0.652520 39.133103
v -103.268603 0.027331 29.705436
v -80.044131 0.176297 23.168100
v 17.839741 3.124488 27.947564
v 8.577282 1.750054 20.012947
v 18.440344 3.137474 26.907636
v 2.920740 1.404687 20.619524
v 36.110880 -1.652567 2.875103
v 31.644151 3.445187 -8.454703
v 19.315121 3.332610 -4.273189
v 54.343040 1.855145 4.407729
v 15.018430 3.224237 22.618777
v 3.546796 0.787012 8.569406
v 19.140116 3.095953 16.720715
v 19.884076 3.154487 24.899873
v 14.514562 1.771788 17.630423
v 10.195287 1.782125 19.059217
v 13.060845 1.730641 18.253999
v 5.737003 1.474683 18.971598
v 16.655598 1.836365 16.133243
v 18.088119 1.852560 15.325274
v 3.659627 0.636254 10.286110
v 8.964030 2.097848 15.253576
v 11.300925 2.117027 17.447973
v 13.145933 1.500545 12.572148
v 10.499081 1.272826 10.083809
v 10.442935 2.072267 16.269757
v 9.060737 1.776000 12.600883
v 10.992813 1.967229 15.698441
v 8.599328 1.884449 12.988538
v 9.782193 1.977110 14.820412
v 8.367411 1.795223 12.120383
v 7.506954 1.489936 9.296986
v 12.113160 1.342050 11.127848
v 14.377421 2.334911 21.555420
v 15.258140 2.208992 20.141552
v 14.129077 1.930902 16.602159
v 14.305396 2.173914 19.482774
v 10.247152 2.008307 15.597778
v 11.617589 2.128886 17.676740
v 5.503631 3.388785 -3.111154
v 53.058842 3.481143 -12.941159
v 56.707758 3.450337 -13.390487
v 5.727032 3.406448 -3.186658
v 56.671695 3.288250 -11.509775
v 62.080317 3.102321 -13.470344
v -37.869989 4.175689 14.378280
v 48.975468 3.450312 -12.262676
v 45.915902 3.252567 -9.167435
v 58.827917 3.321229 -12.181485
v -8.003118 4.324115 6.597229
v 39.988648 3.425851 -11.457462
v -0.369150 3.355464 -1.708633
v 60.456031 3.195429 -14.454716
v 49.458795 3.477851 -11.659764
v 56.042084 3.411507 -14.135846
v 22.847056 3.490439 -6.646178
v -11.166844 4.491343 6.367323
v 60.416082 3.051945 -12.970170
v 36.862585 3.250478 -6.565416
v 44.213830 3.221103 -7.621590
v -36.799880 3.580362 16.904089
v 52.575304 3.428970 -13.231713
v 44.424883 3.469676 -10.610909
v 42.100138 2.980906 -5.271881
v 36.796112 3.053825 -4.880633
v 70.183369 2.687661 -8.694683
v -16.933640 4.586279 6.680085
v 29.244372 3.507836 -7.828910
v 12.569792 3.431901 -4.507898
v 19.835458 3.470950 -6.035463
v 19.235984 3.464679 -5.872623
v -19.193004 -0.722952 4.631594
v -11.543196 -0.241569 5.082331
v -11.556715 -0.313688 4.960237
v -25.172492 -6.177579 8.590218
v 22.198301 2.291777 20.486711
v 47.223615 2.785814 -4.581300
v 23.883959 2.283551 19.649056
v 48.201415 2.710319 -4.123805
v 17.799021 2.367762 22.465288
v 20.087494 2.152915 19.216623
v 16.581033 2.374231 22.483715
v 21.086729 2.182843 19.433271
v 19.179811 1.967586 17.291897
v 15.547610 2.391071 22.624017
v 18.242127 1.731367 14.932987
v 14.354804 2.307571 21.141102
v 23.518105 2.182411 18.590507
v 47.066676 2.779235 -4.625295
v 23.491344 2.213452 18.940531
v 20.725315 2.145512 19.086081
v 16.569322 2.336636 22.023159
v 15.537582 2.296015 21.332419
v 46.318791 2.718122 -3.877787
v -41.338980 0.378941 6.866834
v -44.637428 -2.277668 4.467367
v -44.759232 -2.300405 4.297241
v -40.590980 1.098325 7.294965
v 22.892334 2.155081 18.450671
v 19.830939 2.329052 21.644510
v 45.089001 2.706579 -3.700265
v 22.993694 2.229138 19.282579
v 18.503134 2.323400 21.718662
v 47.673761 2.707172 -4.111025
v -22.234347 -0.600381 3.480240
v -21.993060 -0.588187 4.301268
v -13.984689 -0.472447 4.620596
v -26.006822 -0.876318 5.636097
v -21.570141 -0.505096 5.060503
v -19.970548 -0.583363 7.863781
v -31.614066 -1.254555 5.728046
v -39.210601 2.049864 7.739251
v -42.999963 -2.363384 3.803736
v -43.156213 -2.359918 3.809866
v -43.999962 -2.367423 3.805397
v -29.605906 -1.067246 5.840724
v -32.222059 -1.263436 6.109294
v -26.261062 -18.396966 4.248813
v -38.238489 2.394875 7.952182
v -35.470461 -1.073071 8.197871
v -26.924542 -17.859421 4.242029
v -26.261880 -18.395718 4.247029
v -14.873771 -0.501051 4.972955
v -46.739692 -2.788968 4.415235
v -33.781248 -0.923056 8.607924
v -22.906649 -0.901018 4.411568
v -2.735584 0.065850 4.563063
v -19.906070 -0.708387 5.132749
v -9.818860 -0.343818 4.233134
v -31.801219 -4.849581 7.056948
v -3.363338 -0.026646 4.424252
v -44.031212 -2.367566 3.807345
v -44.124962 -2.367853 3.811241
v -43.406213 -2.360061 3.811814
v -46.151510 -2.953185 4.394498
v -27.361115 -17.490305 4.244400
v -45.841683 -2.946918 4.385660
v -45.946329 -2.779594 4.392387
v -44.695278 -2.299990 4.296514
v -44.218712 -2.367996 3.813188
v -42.968713 -2.361580 3.805827
v 12.226632 2.178598 18.702335
v 14.170808 1.746479 14.903997
v 16.738551 1.703362 14.747800
v 13.394870 2.238378 19.921425
v 14.718047 1.951708 17.020865
v 15.982723 1.659439 14.325646
v 19.084599 2.639121 26.346666
v 22.454260 2.420489 22.068918
v 24.210976 2.305363 19.781176
v 21.450528 2.517497 23.820354
v 23.320094 2.306050 20.157107
v 19.581011 2.416660 22.715601
v 22.148932 2.151268 18.566217
v 20.974354 2.561455 24.606295
v 22.117223 2.633966 25.544317
v 19.707895 2.618076 25.808370
v 23.815514 2.672143 25.764436
v 18.550099 2.565060 25.110637
v 19.290430 2.630094 26.148485
v 20.363680 2.690536 26.941632
v 22.674169 2.631611 25.404304
v 25.274416 2.588400 23.927393
v 18.287537 2.597989 25.693960
v 26.282169 3.473585 6.315433
v 41.947063 -4.115484 5.189037
v 9.099969 3.515736 19.846587
v 63.842978 -6.991364 6.322319
v 41.608957 -7.558275 11.627338
v 28.991877 3.473833 8.455581
v 97.394901 -3.179596 -3.821892
v 22.347794 1.650517 10.691297
v 18.994618 1.712397 11.022317
v 17.995075 1.735599 10.936384
v 17.847208 1.714410 11.393619
v 23.019008 1.957957 10.458875
v 26.590057 1.896913 10.018075
v 34.969565 -2.695610 4.628158
v 27.667874 -3.970453 5.084240
v 16.815213 1.440743 11.263247
v 20.429526 1.706145 10.618006
v -1.731735 2.844861 36.307861
v 19.049552 0.792793 11.230531
v 29.840453 2.557873 21.351407
v 32.908098 2.675627 22.710169
v 63.755388 2.750285 -7.995580
v 25.605530 2.629128 24.494014
v 24.148089 2.499726 22.672311
v 28.357924 2.634755 23.551470
v 31.352271 2.688811 23.783086
v 60.106631 2.340710 -4.178681
v 27.290637 2.656760 24.432861
v 26.870638 2.543987 22.385252
v 22.800199 2.485360 22.917487
v 39.883946 3.489365 -9.743041
v 35.651279 3.493484 -8.927538
v 16.950303 3.455145 -5.428570
v 13.825266 3.437416 -4.745518
v 53.294420 2.893938 22.596779
v -3.625376 2.889453 36.600522
v 49.448883 2.887177 25.351749
v 79.475769 1.973207 -4.107680
v 39.147438 2.776553 23.559593
v 75.660108 2.132843 -4.834065
v 15.901994 3.460641 -5.189610
v 13.882912 3.444227 -4.810448
v 29.952992 -1.915629 4.345574
v 40.428448 3.520848 10.675723
v 64.267009 -15.961212 5.928385
v -2.737617 3.765781 26.152498
v 19.243015 1.059658 11.473125
v 64.264754 2.296763 -4.462901
v 35.892797 2.740839 22.818633
v 43.968482 2.823878 24.783481
v 45.294132 2.819700 24.780947
v 47.498793 2.812543 25.539257
v 40.023201 2.783609 22.448700
v 68.445231 2.219134 -4.507893
v 34.178609 2.717378 23.520591
v 47.129958 2.865746 24.149222
v 77.925216 2.068564 -4.660270
v 72.619703 2.159923 -4.614964
v 43.056813 2.858376 23.934883
v 41.607024 2.816905 24.369810
v 45.363701 2.883564 24.322470
v 17.963359 3.423405 -5.589412
v 20.407917 3.398708 -6.224937
v 65.387987 2.937308 19.143353
v 21.992654 3.523851 15.947475
v 67.821584 -12.363706 8.847160
v 77.389021 2.948352 10.148577
v 83.618335 2.690843 7.852873
v 85.912591 1.623598 10.387130
v 82.574558 -8.037891 -3.110586
v 86.473417 1.921468 9.615894
v 39.046708 -10.845555 11.850405
v 68.052488 -2.833563 2.923250
v 35.405738 -11.899703 -9.007636
v 95.075802 -4.604836 -0.257578
v 44.778124 -10.627453 -10.001078
v 24.393276 3.489388 -6.886359
v 10.939706 3.428864 -4.194204
v 73.573316 2.734823 14.733613
v 75.916958 2.135337 14.674743
v 84.980409 -3.164662 -4.471962
v -3.996140 3.733565 27.420614
v 3.319548 3.824937 27.405946
v 10.543639 3.521968 19.126474
v 4.700517 3.562765 23.117298
v 80.666353 -2.779386 -2.012711
v 83.715377 -1.610000 -3.441152
v 14.152276 3.563959 21.864680
v 26.010031 -0.561382 10.906844
v 83.721951 -7.026214 -4.270995
v 81.959136 -4.082738 -3.019724
v 85.572223 -2.891393 -4.929880
v 58.424816 3.459903 -10.212147
v -89.833140 2.896686 28.522296
v -69.069404 3.167134 24.115237
v 52.019013 3.501254 -9.515798
v 15.685417 3.437406 -5.088477
v -4.930392 2.120764 28.112307
v -101.721437 -6.135884 32.238584
v 21.202966 3.464447 -6.238180
v -78.926562 2.972154 27.158508
v -86.488134 2.165557 19.859422
v 27.858302 3.266435 -6.507976
v 59.367870 0.517511 11.546206
v 0.339003 2.833669 -0.486114
v 99.394239 -11.968013 8.252952
v -108.962556 2.127205 30.091328
v -101.968596 2.128808 29.096420
v -119.479958 3.062547 35.180956
v -0.411869 3.362603 -1.893747
v 39.259315 3.425450 1.192420
v 7.904245 4.224663 5.725554
v 51.020026 3.334942 -10.631711
v 19.080897 3.256017 -4.428711
v 27.291986 3.283651 -4.634907
v 96.387177 5.931531 8.903978
v -2.894162 -4.301349 8.661272
v -93.493608 2.894013 36.420658
v -103.486134 2.770397 35.498076
v -109.296459 3.007174 35.525956
v -100.868668 2.718199 37.422502
v -0.059939 4.520607 5.818630
v 20.689296 -5.683572 5.706228
v 11.686400 3.365906 -0.636741
v -4.200792 4.278555 6.958421
v 26.419299 3.157160 -2.790187
v 33.231627 3.095470 -4.611551
v -96.370474 2.638965 25.379212
v 7.423737 3.112586 0.850413
v 33.025990 3.291953 -6.209745
v 27.505448 3.311294 -4.823697
v 34.824161 3.413752 -7.686690
v 84.475658 2.196465 -6.762978
v 34.816588 3.481382 -8.449568
v 31.932679 3.506197 -8.301028
v 26.541801 3.488826 -7.297578
v -23.056972 2.330662 36.462891
v -38.897171 1.793706 37.257918
v 18.662016 3.476694 -5.663514
v 6.760357 3.419776 -3.296052
v 11.925187 3.438443 -4.311187
v 6.377493 3.380529 -2.709869
v 7.062628 3.141763 -0.500941
v 27.922343 3.191372 -4.716360
v 18.607163 3.453613 -5.236163
v -108.189198 3.031361 29.967323
v 48.701926 3.426666 1.282885
v 9.639979 1.132240 8.892970
v 7.898050 3.404786 -3.529546
v 113.946071 -16.944425 10.133375
v 55.148352 0.431375 7.118577
v 33.765425 3.246099 -6.695737
v 4.772097 2.422925 39.976399
v -35.117355 -6.776545 27.172116
v 35.869859 3.472019 -32.684533
v 48.017567 3.377128 -8.275498
v 12.304487 3.414881 -3.975648
v 43.568344 3.331150 -8.654621
v 39.367943 3.328170 -8.448367
v 25.768703 3.469907 -6.559695
v 49.186886 3.448831 -10.806129
v 52.381560 3.430478 -11.423256
v 55.924651 3.429960 -12.312017
v 32.654325 3.439862 -7.510793
v 56.704025 3.397819 -8.609328
v 3.919224 1.012901 3.906980
v 43.627429 1.046622 23.816602
v 10.367510 2.768078 3.957902
v 27.603753 3.481480 12.290533
v -36.192163 3.667080 20.840425
v -50.380088 -20.789164 25.984986
v 6.745723 1.083051 6.851983
v 37.240361 3.384352 -7.895202
v 25.756585 2.834506 1.035851
v -71.519437 -9.235878 26.696655
v -65.957747 2.681135 35.634916
v -54.792629 -14.219444 25.054318
v -15.827619 3.878887 25.662534
v -91.148161 2.621317 35.797407
v -113.009520 -1.175184 32.414351
v -115.710806 -0.436317 33.034134
v 45.729115 3.355670 -9.323144
v -125.945686 3.079680 36.522044
v -99.940556 -4.004165 31.767453
v -86.007423 -5.405873 29.237529
v -89.085009 2.175459 20.489419
v -92.587262 2.389512 23.475461
v 60.418407 3.371117 -11.737700
v 60.691756 3.413739 -10.836185
v 4.824306 1.423512 21.564507
v 20.187724 3.168730 23.565856
v 19.270396 3.172880 23.703366
v 15.608168 2.916029 34.022876
v -8.837664 -0.080172 11.538387
v -2.786672 0.343731 11.251169
v 15.162688 3.185992 25.950749
v 15.875002 3.170188 26.520294
v 9.476120 6.970445 12.014926
v 15.054874 -8.594710 7.066912
v 15.987531 -6.871379 8.325290
v 0.843909 -4.765001 4.094838
v 18.945372 3.200566 21.063801
v 12.221926 3.228425 22.313953
v 11.511030 -6.265400 6.220289
v 9.332850 -5.913613 7.074992
v 13.748555 -8.671236 5.734848
v 13.247116 3.205342 19.900094
v 1.015182 -1.642365 6.554316
v 2.524581 3.077539 3.435043
v 5.750805 0.576235 8.712288
v 15.123518 1.008516 7.067045
v 2.621106 -1.994441 3.388424
v 53.571681 1.795979 4.450322
v 72.110354 0.227245 5.339717
v 23.760575 15.305804 22.641083
v 58.911569 2.001260 4.388408
v 59.888574 2.022197 4.015712
v 1.597012 -0.505837 3.386890
v 2.346216 -0.717933 5.086524
v 1.478129 0.316385 3.439566
v 5.507750 3.054723 -0.356019
v 12.660457 3.335175 -3.193392
v 6.046972 3.334961 -2.048433
v 35.924087 3.429381 -9.606972
v 32.503635 2.721331 11.577755
v 8.544630 2.683156 7.114791
v 33.789864 2.732829 11.207201
v 28.656623 -1.119623 2.581340
v 13.569326 18.790419 3.011190
v 13.302653 1.504014 4.311230
v 48.987385 3.192296 -8.221328
v 18.937146 3.075585 -2.359385
v 45.724392 3.067134 -6.643476
v 45.166920 3.227858 -7.975905
v 49.859494 3.361052 -9.934644
v 26.286781 3.341944 -5.476694
v 27.395766 3.444216 -7.282447
v 34.241198 3.474777 -8.765420
v 53.357697 3.310173 -10.303636
v 25.028398 3.116624 -3.504716
v 39.331097 3.467589 -9.655794
v 23.944582 3.452486 -6.620456
v 28.258632 -8.835899 -0.332762
v 30.864088 2.716261 12.493724
v 16.830462 19.698564 2.949968
v 18.794969 18.348615 20.470309
v 5.783730 3.043811 4.272859
v 51.971142 3.045255 -7.737323
v 31.026593 3.128361 -4.476009
v 3.153134 0.961099 30.503890
v 24.233323 -13.135994 11.890591
v 1.355356 -2.806185 4.971731
v 22.534806 -18.394791 -0.139975
v 10.424193 1.459407 1.960605
v 30.953084 2.279753 3.016389
v 30.025711 3.481629 -7.937024
v 30.114747 -8.500867 1.172132
v 27.131325 -8.338373 1.304477
v 41.428054 2.818878 2.871905
v 28.684469 2.166984 2.994546
v 31.431931 3.329906 -6.214873
v 21.741804 -10.749748 1.983317
v 32.376274 2.245244 5.071300
v 37.428709 2.417580 2.775452
v 11.689043 3.059820 -1.245325
v 60.409387 2.845599 -8.051376
v 82.246325 2.648507 -10.546556
v 71.675560 3.027503 -12.088838
v -62.520737 1.129948 29.077244
v 40.016064 3.431580 -16.033788
v 3.275476 3.377643 -2.554809
v 9.036602 3.413667 -3.828509
v 2.434874 0.851729 2.427228
v -0.895326 0.351674 10.822028
v 5.749458 0.886084 18.643657
v 27.375641 -0.446589 -6.946097
v -21.560655 -0.536390 4.824902
v -10.211757 -0.249253 4.778557
v 19.182798 2.528729 24.529320
v 18.337065 2.557007 25.030209
v 48.389903 2.674084 -4.167274
v 23.040680 3.368188 -7.134432
v 8.759724 3.408147 -3.664041
v 9.106575 3.183872 -1.323616
v -94.840474 2.660569 27.706407
v -94.088471 2.352397 24.198419
v 3.851362 1.886889 5.004973
v 1.957553 1.906927 4.758532
v 58.580635 3.282747 -11.236595
v 56.316129 2.969264 -8.056574
v 63.673379 3.089482 -10.872871
v 44.760982 3.474839 -11.040800
v -27.625400 11.343556 13.003136
v -43.807356 -2.022987 3.876500
v -44.314923 -2.046509 3.701132
v -32.053745 7.547249 10.750873
v -24.868183 -0.937926 6.658093
v -27.313434 -15.268625 8.354431
v -26.819546 -1.080781 6.002614
v -24.572801 -0.865386 7.366215
v -43.848634 -2.057594 3.697809
v -44.036850 -2.058848 3.701704
v 1.156377 0.000002 2.876076
v 1.159442 0.000002 2.877809
v 1.202668 0.000002 2.819796
v 1.171531 -2.113278 2.869089
v -33.872634 -10.690546 3.924857
v -33.873679 6.893314 10.050013
v -34.188396 -10.520948 3.922941
v -43.917169 -2.023105 3.878931
v -41.280787 -2.244197 4.382300
v -41.034633 -2.248032 4.378112
v -42.124964 -2.355306 3.800413
v -42.062464 -2.353358 3.800556
v -39.814849 -2.100763 5.280678
v -40.085180 -2.097021 5.292026
v -42.312463 -2.351697 3.804595
v -39.874812 -2.102573 5.281130
v -40.248908 -2.071468 5.452073
v -42.656213 -2.349892 3.806686
v -39.183420 -2.049711 2.848477
v -33.643617 -10.840082 3.926409
v -41.031919 -2.249564 4.380295
v -21.302498 -19.674076 9.785001
v -2.782914 0.471366 7.644032
v -6.518494 0.297141 8.448933
v -25.281539 -16.666509 8.888750
v -38.828231 -1.804368 4.059516
v -38.479591 -1.778263 4.229384
v -44.601340 -2.076188 3.703652
v -37.331410 4.272193 8.117357
v -25.256454 12.596959 13.954571
v -26.939933 -15.611774 8.531250
v -25.846296 -0.863488 8.059859
v -43.031574 -2.014222 3.602937
v 3.257955 -2.289059 2.705902
v 1.178893 -3.845699 2.829381
v -34.407061 -10.408443 3.924059
v -44.933033 -2.064909 3.703079
v -40.954746 1.419460 6.352047
v -41.265437 -2.238227 3.921322
v -39.315250 -2.079141 2.940927
v -39.129544 -2.083862 2.941588
v -39.418697 -2.108327 3.024102
v -32.547549 7.807109 10.481325
v -20.919939 16.068132 17.131593
v -4.096781 10.587440 14.012965
v -38.137882 -1.762431 4.231151
v 1.184593 -3.093746 2.860295
v 1.165257 -2.230465 2.863675
v -39.451576 -1.824534 4.062015
v -8.140545 0.634416 15.742803
v -21.946529 15.414600 16.542550
v -29.065345 10.444453 12.250181
v -35.185584 5.752409 9.267417
v -39.121689 2.800219 7.289446
v 16.026126 1.769423 17.398607
v -44.787906 -2.302270 4.303259
v -17.084836 -0.656928 4.202304
v -13.430586 -0.230233 8.469638
v 6.026336 -4.472985 2.315582
v 4.982068 -6.219420 -1.782182
v 3.018914 -4.183674 2.164334
v 3.940776 -4.604458 2.155532
v 6.208791 -6.066029 2.284375
v 7.194338 -6.519648 2.065001
v 2.059942 -4.880028 1.361288
v 1.705861 -7.767551 2.106116
v 6.082238 -8.204758 1.543951
v -1.457159 -5.969308 2.608357
v 4.450310 -8.390275 3.126733
v 26.026741 1.673680 3.880981
v 10.139608 0.850013 6.479986
v 24.365330 1.597627 4.303337
v 1.800702 -4.623618 1.521216
v 8.618282 0.912267 9.450956
v 23.354070 1.581687 4.954807
v -4.631278 0.200485 11.467943
v 24.119360 3.078798 28.635321
v 1.687101 1.070586 18.135482
v 30.727857 3.101391 22.706398
v 20.210790 3.094420 30.867559
v -20.907585 2.543108 8.223516
v -5.510564 1.982376 3.599860
v 21.125678 3.088167 29.908223
v -9.463347 2.011651 4.680034
v -14.325025 2.029202 6.005489
v -20.034674 2.800906 8.199546
v 0.086330 -4.178820 5.495859
v -4.883884 2.178102 3.546167
v 5.076927 -6.753504 2.616955
v -2.083813 2.239273 3.079177
v 10.446881 -6.606382 2.214799
v 0.511568 -4.074707 5.548524
v 10.557883 -7.080690 1.990022
v -2.675266 2.251136 3.446694
v 4.106948 -1.517556 4.697874
v 13.598567 -3.605088 2.252425
v 4.408658 -6.109146 2.459860
v 30.431430 1.905222 20.582363
v -9.483444 2.219523 4.811546
v 9.475197 -8.016939 3.687131
v -8.083685 2.846057 5.266173
v -2.648824 -3.508352 6.502059
v -14.401265 2.055687 6.078245
v -14.419535 4.682127 8.474812
v 9.294353 2.263315 2.483957
v -5.521141 1.992142 3.590559
v 20.730802 2.976992 33.008136
v -4.287306 0.198733 10.950635
v 22.420668 1.588501 5.700245
v 26.913844 3.059990 26.811420
v 18.482539 1.344284 7.279620
v 24.403325 3.060837 30.167529
v 23.405282 1.519033 3.858927
v 15.751007 1.210068 6.746448
v 10.833444 0.938104 7.501167
v 14.371847 1.086292 7.282324
v 20.521979 1.417843 5.706127
v 29.235709 3.001297 29.274218
v 16.663173 1.190328 6.469240
v 0.808755 -4.085600 2.577882
v 30.056570 3.075447 26.988051
v 12.738378 0.945275 6.214678
v -0.104392 -3.361307 2.589699
v 7.106129 -6.534192 2.153865
v 5.798159 -7.880496 0.605909
v 5.850596 -7.500363 0.894995
v 9.888901 -5.279321 2.262835
v 6.252001 -4.459823 2.302877
v -46.562187 4.594664 10.489730
v -28.528288 1.121064 36.054873
v -33.011091 0.662076 26.138846
v -33.268413 0.167967 12.643010
v -21.071809 6.204076 11.194882
v 21.310650 2.346364 8.175385
v 11.517749 2.103791 4.517366
v 21.238041 0.995320 -2.277533
v 44.514575 12.905165 9.215172
v -3.736761 17.259897 13.881466
v 42.558565 13.027841 9.527060
v -9.163353 15.466271 14.124038
v 119.918327 -8.245645 6.289210
v 82.013509 2.336653 2.445038
v 65.519165 1.934472 2.802403
v 114.381978 3.060797 13.810771
v -8.921705 1.599858 16.294767
v -42.930002 1.578891 25.178146
v 51.264838 2.423358 17.051182
v -121.029880 1.126253 35.623716
v 73.617489 13.907909 4.771079
v -121.018363 1.294999 37.085132
v -96.587514 1.455272 32.104685
v 36.907198 1.379807 4.967076
v 34.383604 1.342528 4.886718
v 67.745908 1.980969 8.299919
v 1.648871 -1.575560 2.742861
v 2.215840 -1.994885 2.690597
v -22.222924 6.766599 11.722047
v 4.172424 -2.141874 4.633920
v -0.343659 -3.118398 2.837126
v -0.689022 -3.381497 2.897953
v 0.581740 -2.387649 2.581352
v -1.088875 -0.068009 2.422457
v -1.272489 -0.119984 2.385718
v 0.631434 -2.441175 2.618280
v 5.451418 -7.730214 2.309694
v 7.247993 -8.476358 2.104703
v -4.351227 -0.480034 2.508430
v 1.243915 -5.726063 2.575279
v 1.569743 -6.111601 2.545827
v -3.379462 -4.982446 2.601464
v 20.998308 1.458113 5.441770
v 0.008513 -4.490731 2.811011
v 4.488216 -5.456970 2.246335
v 1.792802 -3.630007 2.653984
v 1.776786 -3.036826 2.628984
v -6.552390 -5.890575 2.643553
v 4.117251 -5.738596 -2.391794
v 5.017113 -5.857122 -2.266976
v -58.630824 1.455467 28.877567
v -88.149767 1.494132 31.036713
v 75.321281 2.426268 3.558424
v 117.795155 -5.902869 5.217397
v 0.781706 -5.916067 2.368317
v 1.953251 -3.815108 1.843131
v 2.872993 -5.022551 1.585983
v 7.071980 -4.807140 2.293273
v 9.389477 -7.717997 -0.020996
v 3.001219 -2.701481 3.429257
v 5.356910 -5.904466 -1.921697
v 2.393940 -1.361830 2.804755
v 0.340045 -2.905506 2.906961
v -7.971198 3.106589 5.539406
v -5.198450 2.112125 3.526979
v -6.141738 2.042920 3.764746
v -13.683106 2.098067 5.870473
v 0.386575 -2.184545 2.822570
v 0.680397 -2.913667 2.590671
v 6.055682 -8.757943 2.139149
v 4.643696 -7.227221 2.083661
v 1.990795 -0.939598 2.762389
v -22.001276 5.066488 10.537199
v -0.482327 -3.458614 2.837725
v 2.101786 -9.179402 3.471107
v 4.332393 -8.198663 2.032078
v -0.907765 -4.315807 2.893706
v 27.209691 3.073268 27.629521
v 7.464382 0.845970 11.720074
v 2.505290 -7.884422 1.848866
v 1.064977 -4.364647 1.114401
v -1.556358 0.271649 3.529978
v 20.999511 -34.711989 10.994052
v 14.749487 -33.256822 8.476667
v 12.496896 -29.516225 9.313521
v 74.700261 0.265049 -17.510119
v 146.309307 0.648261 -36.416954
v 150.549194 0.620452 -37.497138
v 83.248773 0.212486 -19.897138
v 88.014360 0.250720 -21.188787
v 100.191432 0.527400 -24.522698
v 88.769948 0.109368 -21.508284
v 66.937635 0.310660 -15.329394
v 18.579321 -5.699968 1.901417
v 23.510600 2.344108 4.269099
v 28.009580 3.093462 25.676026
v 24.560319 1.656564 4.460082
v -8.450354 0.025711 14.752758
v 20.346089 3.056764 32.667240
v 20.324743 3.042226 33.747049
v 18.794978 0.397539 2.758946
v 4.737814 1.308163 19.367545
v -8.758458 1.999936 4.503507
v -12.448012 2.424483 5.842552
v 22.929048 1.515133 4.293530
v 32.264742 3.093162 21.950947
v 31.905670 3.074933 23.975717
v 3.623003 0.932239 14.230870
v 24.469943 -7.853968 5.773294
v 26.312597 3.017978 32.073406
v 25.828314 -3.945650 6.760850
v 22.997764 -10.289138 7.315305
v 26.675006 2.981769 35.597035
v 19.000330 1.661572 16.238056
v 29.691120 3.049176 29.864084
v 34.807776 1.813104 0.424954
v 48.750410 2.983011 11.782993
v 20.793259 0.012464 0.566273
v -5.248764 2.118121 3.534528
v -10.336387 2.280733 5.103394
v 58.418072 2.450537 6.258160
v 40.267369 1.539187 6.430778
v 7.020738 1.338872 48.080239
v 36.477752 2.354293 58.113532
v 17.318101 0.845097 15.308389
v 2.412152 -6.111728 4.145095
v 5.409398 -9.728864 3.805192
v 5.501692 -6.439271 2.222202
v 0.114198 -2.899237 2.791735
v 0.335038 -2.464502 2.852730
v 1.204842 -1.708885 2.743039
v -23.234623 5.056399 10.751625
v 27.958121 2.342681 1.844417
v 20.476556 1.364219 -0.986243
v 20.582016 2.337010 7.710623
v 2.168388 -2.622905 2.666658
v 3.016893 -4.137790 2.456299
v 0.029235 -5.262856 3.920387
v 4.665954 -3.901800 3.155509
v 0.398543 -5.077648 3.561775
v -2.234612 -4.381100 5.281948
v 3.634346 -7.712922 7.656308
v -13.696492 2.095503 5.642030
v 83.838430 2.440213 10.516496
v -2.078411 2.257604 3.056755
v 58.187279 2.102321 13.160219
v 45.877665 1.450757 10.892539
v 0.859204 -4.346679 3.173191
v -1.901792 -5.123348 4.369864
v -0.065875 -5.628562 3.562605
v 2.138848 -6.203124 5.548028
v -3.196900 -5.024478 5.842003
v 0.588529 -5.603709 3.837810
v 0.897190 -2.902150 2.860490
v 1.465927 -2.643092 2.794879
v 1.751769 -0.307892 2.638832
v 1.805428 -0.253077 2.558346
v 2.182431 -3.274433 2.727421
v 1.137219 -0.979374 2.558505
v 3.200782 -5.099538 2.524143
v 1.816918 -0.242365 2.567155
v 2.065323 0.018076 2.551615
v 1.612989 -1.575770 2.748184
v 2.173923 -3.354652 2.820060
v 2.310424 -1.403809 2.820824
v 2.086245 -6.100289 4.931210
v -17.709040 4.818512 8.089924
v -19.389207 4.647581 9.677950
v 0.617624 -2.887553 2.601795
v 1.603472 0.105584 2.782493
v 2.128500 -2.011751 2.704324
v 1.749948 -0.309119 2.638319
v -21.352274 3.740247 9.177624
v 1.166150 -1.694918 2.748456
v -1.232146 4.720389 4.638977
v -26.437113 0.483045 4.436968
v -5.178890 7.647325 0.760332
v -16.086616 7.413307 0.935202
v -125.094165 1.152613 34.459129
v -42.704118 -0.918102 9.955872
v 4.097334 7.105323 -2.344739
v 3.022237 8.972983 11.927579
v -12.265996 -1.772621 -2.250258
v -6.686793 1.703857 4.019332
v 3.037641 6.149829 1.513011
v 1.593994 -0.508160 2.796926
v -19.586012 4.026489 8.195832
v 1.436570 -0.640608 2.741024
v -11.964293 -0.378674 7.168895
v -6.832351 -1.160930 -0.957151
v -5.162287 1.687595 3.928519
v -18.460210 -0.729952 6.800305
v -14.766478 -0.657965 5.659166
v -2.269431 5.053079 4.826010
v 13.907923 -30.731885 9.689590
v 19.841573 -24.648940 14.503692
v 10.430718 -28.273623 8.926707
v 10.556691 -30.137516 17.929113
v -29.897780 -0.662395 1.844687
v 38.779607 -19.171456 11.242720
v -13.030471 -0.275931 5.101962
v -21.413123 -0.012877 15.035180
v -66.499347 8.653909 40.830730
v -66.705120 7.228580 42.452600
v -31.694519 13.623361 -11.765304
v 85.686709 2.605220 0.410448
v -124.548801 1.152601 36.496786
v 7.585210 -22.313679 14.745503
v -125.993762 1.103764 36.899694
v -35.331126 1.369417 27.192891
v 105.122288 -14.563764 8.898208
v -4.018036 1.493775 17.208037
v 106.483979 2.986927 16.305818
v 114.818137 3.157287 10.437641
v 0.517078 2.042957 1.932015
v -5.257548 2.124742 3.436344
v 68.411072 1.976936 15.158220
v -29.778775 0.803160 26.832143
v -34.847748 0.382433 21.231153
v -32.361017 14.315787 33.279198
v 0.685954 -3.110851 4.373605
v -33.930597 1.122590 54.031380
v -11.787835 0.801867 14.772944
v -83.593877 -6.633426 4.195521
v -95.846466 2.473094 6.595727
v -90.371469 -0.765503 5.963934
v -91.346402 1.311266 -1.187380
v -52.946219 -38.044057 37.779032
v 27.204710 3.450780 -8.183841
v 12.626650 3.370312 -3.352444
v -14.419024 -8.204897 18.812388
v -1.249557 -3.946209 3.671953
v 2.081669 -5.416113 5.267217
v -13.006672 0.853069 15.301033
v -8.593578 1.035335 15.314080
v 9.798762 1.045689 3.618091
v -30.314540 -11.052562 7.183076
v -32.954659 -0.810162 3.669150
v -0.638911 0.896350 20.205501
v -21.409940 -0.100387 2.103668
v -14.420780 -0.286811 5.827307
v -5.327401 10.040740 6.307955
v -28.998296 -0.588387 2.023120
v 19.923133 -24.315548 15.075812
v 18.849929 -32.321587 11.661971
v -11.116640 -0.187443 5.529240
v -27.138494 -0.454746 2.219105
v 8.191939 0.730339 11.647649
v 23.346703 -18.904940 15.438935
v -33.232431 -0.829575 3.500614
v 20.482700 -33.862918 11.136610
v -17.386674 -0.000916 12.929375
v 6.472620 0.732049 9.945717
v -47.915299 4.058777 18.049318
v 69.893054 3.501683 -10.098217
v 77.338109 3.457231 -14.742425
v 15.593515 -34.288601 8.626042
v -14.656907 -7.258670 3.364847
v -54.805292 3.997934 20.753736
v -16.731065 4.584574 9.251740
v 41.968018 3.351361 -5.910619
v 36.730661 3.433897 -7.189490
v -14.524363 -3.332699 55.512279
v -85.453273 21.186879 23.382307
v -73.357774 33.599317 8.733672
v -2.760588 3.719957 10.690144
v -7.334803 4.319864 8.803713
v -33.180797 4.645928 3.301808
v -21.408748 4.293656 0.970042
v -8.770128 11.781995 -1.988283
v -12.578622 -3.916197 5.415842
v -19.226705 -5.050571 2.042100
v -18.739496 -6.359043 0.857637
v -35.173161 3.004549 22.203726
v 56.377169 3.279037 -13.068175
v 60.088333 3.049496 -14.562306
v 60.101197 3.222637 -16.115357
v 55.703955 3.441117 -15.763746
v 49.187815 3.492393 -12.938716
v 44.196948 3.504536 -11.668430
v -29.657987 -11.262918 7.902939
v -13.902957 13.436868 12.893138
v 19.259944 3.391488 -4.532899
v 5.497815 3.088643 -0.404495
v -17.945803 8.140994 7.219961
v 45.552441 3.431620 -7.466124
v -0.840270 0.894280 20.094805
v 58.262779 3.538680 -12.726555
v 97.559959 0.055432 -23.959938
v 84.744797 0.481661 -20.592729
v 100.093691 0.080624 -24.646160
v 96.976911 0.491983 -23.720990
v 146.332536 0.659491 -36.330165
v 142.668122 0.705370 -35.517226
v 94.894083 0.546413 -23.042224
v 93.459000 0.496114 -22.844147
v 64.157859 0.256201 -14.595517
v 148.863743 0.644857 -37.025821
v 142.717103 0.664353 -35.334215
v 149.942918 0.782070 -37.344981
v 141.592985 0.678020 -35.182971
v -12.173141 -0.102294 6.851094
v 143.045016 0.663380 -35.559465
v 5.055319 0.781750 11.781898
v 9.177841 -30.637587 8.125688
v 35.832349 -29.537549 9.519037
v -34.848969 8.470514 13.011986
v 36.593946 -27.189074 10.159407
v 5.374128 -22.763492 18.372064
v 19.362201 -16.184890 11.629623
v 12.998179 -32.250060 8.551677
v -29.403504 -9.461114 8.818475
v -23.984357 26.999952 4.432773
v -2.769397 -2.448976 4.136194
v -18.849182 -4.519911 5.809259
v 99.069335 0.021841 -24.363911
v 150.058619 0.637540 -37.396167
v 141.106450 0.694131 -35.066906
v 1.130509 -0.962311 2.519363
v 1.862996 0.128394 2.382896
v -19.539360 -0.280306 7.163995
v -87.229359 1.991487 -0.912198
v -94.239069 -6.951328 2.975178
v -92.733357 -6.557703 2.703413
v -5.974651 0.784313 21.501190
v -4.026269 12.415927 15.895962
v 2.806496 0.530609 11.486991
v -6.388517 9.568966 18.259945
v -21.686429 -10.669071 19.512101
v -37.859309 -0.913384 8.685139
v 2.593344 -12.964290 5.316049
v -14.956437 -13.183940 4.449711
v -22.291032 15.341740 16.639129
v -28.019163 19.298204 3.951063
v -11.611545 1.158236 15.597424
v 7.000757 -26.933067 8.528462
v -10.745338 -0.177635 4.222447
v -24.298991 -0.570228 3.086148
v -35.448368 -0.950690 3.560511
v 22.070891 -8.499555 18.177686
v -11.666120 -0.429406 4.955361
v -10.589726 -0.503681 4.114340
v -8.110377 -0.004754 4.673303
v 1.581656 -1.678468 1.468681
v 1.580726 -2.051771 1.824973
v -85.225156 2.035387 -1.389077
v -69.148143 -0.509161 12.050547
v -91.669694 2.305051 -0.211834
v -93.610901 -5.816420 2.559777
v -85.680198 -0.667416 6.887424
v -23.754735 -14.347328 32.454667
v -74.942207 3.445045 2.132803
v 3.140105 -3.075212 -0.802344
v -52.894300 -0.379601 9.513272
v -28.769396 -21.191807 30.041343
v -60.879557 2.459682 5.752783
v -52.965254 -0.496934 6.473546
v -34.806012 0.970097 42.411509
v 2.824031 -3.665727 0.606019
v -57.422855 -0.660087 7.234739
v -53.831278 -0.567802 8.872854
v -28.059739 7.196767 9.340325
v -12.289256 -4.347800 -0.555177
v 48.436941 2.484413 1.663918
v 21.823057 -4.373467 4.700126
v -90.153404 -2.966649 3.624513
v 57.741014 -4.618222 0.846111
v -51.091579 11.555892 16.350148
v -63.756202 -12.579206 8.353970
v -40.682406 -0.025040 10.984562
v -50.174471 -1.024876 4.448639
v -6.166987 2.042920 3.670410
v -9.416081 2.225526 4.560517
v -10.661948 0.681983 13.138553
v 0.517078 2.099598 1.932016
v 2.044473 -0.004582 2.177371
v 55.305876 2.523417 5.106391
v 48.774375 2.469507 1.605050
v -7.367904 2.828927 11.454196
v -6.028222 1.472790 4.722230
v -6.370099 1.194118 12.431629
v -26.754424 8.997463 7.911123
v -21.264035 1.130222 24.315888
v -13.607063 1.397834 19.486966
v -12.623942 1.657733 21.846567
v -22.552446 9.681840 12.618479
v -16.730653 1.496961 25.968032
v -19.874647 1.298671 26.277395
v -22.806234 0.756253 23.062086
v -26.744139 10.634797 13.058224
v -42.570920 -0.402203 10.963321
v -91.025588 -2.699835 2.521759
v -29.470590 6.480519 9.576708
v -22.285312 9.212426 10.476147
v 1.893732 1.356886 7.179320
v -9.005226 11.422216 21.488662
v -31.325805 5.777069 8.835471
v -26.844897 9.504391 16.205058
v -97.857003 0.708183 0.631936
v -89.946272 -0.826030 4.809274
v -33.350570 5.142910 8.752602
v -31.994434 6.406053 9.361922
v -19.916361 -12.080578 26.505668
v 47.881371 2.474149 1.120384
v 4.163681 -6.158440 2.496731
v 2.984192 -5.035226 0.204288
v 75.635691 2.828717 20.466532
v 22.210683 -13.497154 6.814777
v 4.385407 -4.687858 2.101959
v 0.517078 2.089832 1.932016
v 0.517079 1.976551 1.932015
v 10.346065 -3.129203 -0.399085
v 120.839788 -2.336376 3.664122
v 9.506876 -7.855088 3.514872
v 116.123026 3.102244 8.961384
v 3.159667 -5.968794 0.254147
v 1.602459 -2.689815 2.751027
v 1.762649 -3.727270 2.727309
v 58.148011 2.543433 43.674701
v 9.467419 0.885937 5.393252
v 16.117059 -25.392969 11.408826
v 59.585749 1.870533 9.748848
v 56.256937 1.600819 11.930916
v 0.983432 -6.569852 2.932044
v 93.992303 2.869201 21.657839
v 50.809786 1.526744 6.136526
v -14.419869 2.052247 5.820803
v -12.816434 -7.238376 24.781136
v -11.881418 4.245569 5.829539
v 75.064753 14.464054 11.046370
v 38.728133 2.377344 54.316311
v 70.697608 2.758547 27.477459
v 81.249797 9.627554 3.279197
v 75.841207 2.798448 21.984760
v 2.688881 -6.990240 2.530957
v 1.320081 -5.394948 2.869598
v 2.628158 -7.428569 2.423961
v 0.253357 -5.555831 2.867935
v 50.073468 1.742099 10.271294
v 43.445844 1.623468 5.477222
v 54.384627 1.947132 8.319060
v 57.940032 2.249986 5.662888
v 62.211059 2.254036 5.914096
v 40.706308 1.611610 7.060915
v 70.275557 -2.618091 0.988733
v 78.560672 2.535515 0.417896
v 70.354093 2.782552 0.129939
v 54.160796 -19.146583 0.646318
v 58.184638 2.183152 6.473987
v 45.689724 3.244188 -10.365923
v 52.251436 3.445239 -14.774905
v 44.972815 3.479932 -8.892825
v 49.973896 3.373375 0.590615
v 59.095784 3.387397 -10.917087
v 56.051011 3.520987 -9.324198
v 41.952221 3.425884 -7.649903
v 24.964946 3.271800 -3.809807
v 6.032672 3.350219 -2.115736
v 48.764697 3.515868 -9.275791
v 63.349553 3.500317 -12.401855
v -45.069125 4.202953 17.727046
v 53.076364 3.542820 -11.622844
v -85.312874 -0.594786 -0.127070
v 81.929276 3.493571 -12.076106
v 67.393699 3.121979 -6.723092
v -87.304008 -0.686802 0.398403
v 31.324116 3.447968 -6.722562
v 30.937564 3.331243 -4.902985
v 60.130556 3.515660 -9.391172
v 51.732237 3.506507 -8.876969
v 71.324796 3.483022 -13.745788
v 49.610926 3.547795 -11.098833
v 39.107738 3.479576 -10.709989
v 18.895353 3.194748 -2.561580
v 31.430749 3.451566 -9.480979
v 26.202245 3.429859 -5.898998
v 37.941039 -6.615957 33.471593
v 2.200458 -6.217397 3.240071
v 39.707972 1.869950 4.796298
v 56.500690 2.182487 4.272614
v -3.334494 -0.389556 2.496724
v -62.998236 1.812573 22.507611
v 2.808820 -6.214566 2.478301
v -64.424218 2.610358 19.930765
v 0.286850 -2.333663 2.791133
v 27.764060 2.019205 4.500306
v 39.388152 2.776781 11.429310
v 24.332905 1.328070 5.128392
v 24.470197 1.691877 2.323153
v -36.220675 1.954189 19.582803
v -45.975012 3.107322 14.828165
v 0.771305 -1.544989 2.780508
v 0.799235 -5.831272 2.806111
v -67.779104 2.507199 20.856520
v 4.871877 -3.771117 7.679827
v 2.950348 -11.553228 2.973503
v 0.568268 -12.234477 3.124789
v 1.698364 -14.378338 2.491793
v 0.914192 0.202016 2.261884
v 0.484594 0.460627 1.851979
v 3.766590 -6.882157 4.982779
v 2.939453 -3.880047 1.519928
v 3.433379 -13.227086 2.144662
v 3.389918 -5.316270 2.365218
v 1.532286 -1.809171 2.543223
v 15.579772 2.069652 4.595935
v 10.291892 3.524642 17.351551
v 14.465836 12.818712 27.455237
v -1.773618 -3.095383 36.331615
v 1.579809 0.463656 0.889365
v 26.876484 2.332861 1.812323
v 9.044036 3.585523 -2.491388
v 28.598125 2.338126 1.519215
v 3.437596 -1.938672 4.280154
v 3.149260 -13.740849 2.023515
v 18.986843 9.500278 7.977358
v 17.342339 -5.473182 1.991157
v 31.603431 2.360649 1.576686
v 53.109703 2.331779 13.362471
v -14.262786 -0.045018 3.744891
v 2.582301 -22.063807 17.112012
v -23.567132 7.290507 8.551737
v 34.045504 3.489502 -9.672242
v 2.031857 0.851729 2.275561
v 35.685158 3.444975 -10.779569
v 2.361529 -2.943328 0.871743
v 26.313320 -17.024575 19.362657
v 2.077729 0.015048 2.271087
v 0.517079 1.961903 1.932015
v 29.857828 3.494261 -8.714971
v 23.779113 3.458148 -7.401070
v 44.508735 3.481495 -12.277350
v 20.365354 10.172508 8.388621
v 24.619614 2.357458 4.390187
v 22.047842 -2.969696 3.335113
v 48.836999 2.448348 1.008309
v 57.436312 6.010336 3.604980
v -4.925667 0.170997 35.389787
v 7.629136 3.552978 -2.140353
v -94.215858 -9.748722 4.476335
v 1.864306 2.015291 0.508293
v -0.351661 3.568152 -0.870896
v 1.872492 2.047222 0.501137
v 1.653063 1.498043 0.570672
v 1.552419 0.844394 0.733919
v -27.166995 -4.015870 4.554439
v -0.377638 3.371296 -1.393439
v 1.816770 -8.161992 7.538509
v 14.317495 3.646011 -3.625480
v 3.816722 3.245525 24.166978
v 3.159840 3.539048 -1.385285
v -1.797719 1.156655 37.785997
v -81.515309 -13.196115 5.171334
v -92.680601 -9.332456 4.183512
v 44.023610 3.206358 -8.801699
v 40.970253 -0.176868 30.824156
v 19.617728 -0.348408 11.634183
v 11.428412 3.622684 -3.056300
v -0.414077 3.412227 -1.852266
v 1.750432 1.420127 0.653776
v 11.667101 3.132651 -1.333845
v 15.839469 3.465346 -5.479341
v 13.813341 3.446823 -5.132636
v 39.689772 3.519062 -10.643926
v -74.651343 2.080277 23.613727
v -41.788964 -0.191178 25.667289
v -63.655540 0.607256 25.257928
v -117.841181 1.171329 32.800341
v -82.111485 0.468410 27.451072
v -100.552594 0.896078 29.039876
v 58.970760 -1.613402 -0.368682
v 59.040461 11.840018 5.886696
v -121.115307 2.029810 34.995163
v -61.949928 1.992040 21.050633
v -37.043777 2.574467 16.408869
v -69.226360 1.444829 23.759295
v 0.834866 -2.061770 2.531716
v -70.453181 1.576031 23.887830
v -31.007786 -0.569843 17.319741
v -10.500491 4.492445 8.662892
v -36.065989 3.562630 19.145812
v 36.685751 3.338098 -5.412322
v -37.162180 4.168986 16.743794
v -7.791594 1.774081 -14.063893
v 58.508750 3.312451 -13.853238
v 52.988016 3.476206 -14.247980
v 24.268543 3.496398 -7.464178
v 4.227885 -15.441695 2.506119
v 3.983966 -4.448345 2.988551
v 3.977310 -15.257527 2.163762
v -62.372479 2.521131 20.196090
v 61.734245 3.099995 -15.150853
v 56.376938 3.454579 -14.974089
v 35.485871 3.518781 -9.694959
v 16.849437 3.457019 -5.895547
v -2.186913 -4.534091 2.350158
v 33.860538 -13.652947 6.166858
v 46.225028 -20.326118 -0.351607
v 32.972600 2.494068 4.894072
v 45.162916 2.465054 6.494676
v 36.413388 -19.721630 3.897824
v 60.439535 1.692873 1.633585
v 8.363065 0.803715 9.864991
v -93.659692 -8.712409 3.268407
v -123.584049 1.107534 34.067504
v 59.150494 6.294162 3.054914
v 54.352198 2.671285 3.390927
v -60.490768 0.257155 27.887721
v -70.112914 0.589471 28.111295
v -49.139583 -0.158485 26.064511
v -21.997967 -0.789847 14.337429
v -55.707047 2.670197 17.882085
v -58.874327 0.060708 37.824216
v -73.879382 2.288510 22.529623
v -63.667914 0.813094 25.206651
v -70.462066 1.710025 23.846831
v -67.328878 0.083439 37.394222
v -90.140049 0.861738 28.061927
v -103.072202 1.069553 30.293514
v -91.126810 0.983717 27.297098
v -54.000574 0.355077 29.994423
v 0.565878 -5.135653 2.813216
v 50.264687 2.091219 3.792525
v -0.126489 -5.299296 2.843757
v 46.010853 1.863163 4.687181
v 0.862733 -5.733875 2.813046
v 0.055623 -5.265705 2.927294
v 47.636827 1.960428 7.020009
v 33.753201 8.115942 5.626913
v 67.395696 2.784731 0.534988
v 1.749122 -6.880877 3.099137
v 2.030278 -5.530492 2.440962
v 1.102774 -2.969689 2.764609
v 23.915395 21.754627 14.270864
v 29.087924 13.687604 9.451505
v 33.659903 8.648522 5.780371
v 1.395450 -4.430859 2.798160
v 59.007369 1.984186 6.199202
v 53.341068 -19.099925 0.354984
v 25.968323 8.964016 7.124422
v 34.584925 4.040933 3.114640
v 34.817004 4.796119 2.866318
v 29.498089 12.960952 9.037788
v 36.005803 2.011575 3.404703
v 22.821737 12.898466 9.924197
v 35.090897 2.416711 3.996388
v 11.993709 -14.057962 3.638067
v 12.544532 -9.773497 3.227726
v 38.381280 0.022497 2.920703
v 22.342319 3.039302 30.825616
v 27.587447 2.829793 3.451052
v 43.642553 2.455590 10.237994
v 27.673959 6.174080 5.142513
v 21.689439 12.845925 9.932891
v 1.416963 0.534136 2.881204
v 1.928285 -0.953764 2.771868
v 41.017435 1.481123 3.788326
v 58.384184 2.177114 3.422818
v 22.580662 -12.438393 3.562592
v 32.457465 2.015466 0.170369
v 30.345800 2.063660 3.530398
v 54.402786 2.634048 2.989622
v 26.999302 -10.422096 5.919814
v 37.766517 2.458142 2.544300
v 36.830991 2.054020 2.846284
v 29.503573 2.315932 1.795158
v 30.879883 1.961231 4.055895
v -1.546099 -6.366515 5.162618
v -2.583426 -7.085673 7.762999
v -9.450887 -7.911607 2.315027
v -0.673791 -4.978960 3.822928
v 0.104329 -7.512253 4.906496
v 37.798293 2.540253 2.237654
v 37.668666 2.518043 2.354701
v 29.596909 1.700775 5.008666
v 29.922164 2.108151 3.170774
v -0.993832 -3.340533 3.200098
v -2.229407 -4.143376 3.994998
v 2.150526 -5.764178 5.151898
v -1.863968 -5.802696 5.651899
v -0.720609 -4.376081 3.375579
v 0.691551 -8.649192 8.614540
v -18.792124 -1.906015 2.531509
v 2.072355 -6.378119 6.209589
v 1.456247 -8.298434 4.855090
v -19.834065 -1.925769 2.539318
v -0.453660 -7.862610 8.149272
v 0.185325 -2.248474 2.817274
v -0.626791 -3.034047 3.015114
v 0.752270 -1.499104 2.743040
v 0.592057 -2.421570 2.625369
v 0.199061 -2.398909 2.898302
v -0.142521 -2.808104 2.930582
v -20.781022 -1.848972 2.426544
v 49.025163 2.013526 5.559122
v 23.416249 21.961886 14.578456
v 53.228293 -18.095054 0.610529
v -3.080593 0.134369 6.867399
v 59.415118 2.239198 4.045857
v 30.221149 -7.039759 3.821765
v -9.362046 -7.942429 2.026220
v -126.546953 1.103777 34.832792
v -50.211393 0.475171 43.368078
v -42.551362 0.706898 45.063869
v 28.674424 2.382238 6.787523
v 15.388226 1.095353 4.275491
v 29.782762 11.286206 10.628388
v 24.536614 -0.288643 3.919728
v 22.081823 -4.052430 3.116035
v 51.802097 2.599640 3.754170
v 51.054307 2.493942 2.909955
v 32.245042 1.653877 4.814210
v 55.550065 2.658837 3.043322
v 33.631793 -23.289122 3.025395
v 35.977321 1.972269 0.944997
v 50.967519 2.404039 3.791606
v 12.752068 1.206018 4.052296
v 57.311193 2.646032 2.775509
v 57.870948 2.639334 2.743718
v -38.097023 3.219741 13.899960
v 29.120427 3.519541 -8.403428
v 10.901542 3.431736 -4.371053
v -82.813237 0.748406 31.656683
v -88.756522 0.817466 31.161390
v 20.221831 3.408055 -7.111612
v 3.627700 3.378877 -3.093724
v 20.380877 2.543342 25.174250
v -80.545265 0.677773 26.791532
v -95.089710 1.088039 29.937777
v -66.384667 0.086997 29.493051
v 19.555540 2.564759 25.659091
v -121.857110 1.103805 33.258135
v -118.325138 1.051090 32.814798
v -111.868924 1.114177 32.156274
v -114.431701 1.055782 31.924031
v -105.894040 0.778425 32.321587
v -98.386401 0.982199 28.841525
v -118.832134 1.489856 33.704552
v 15.305212 3.109277 16.616360
v -108.686829 1.264113 30.266418
v -122.706855 1.525545 35.150406
v -19.842564 10.054693 17.733055
v -31.583572 -5.631266 3.869241
v -1.207562 0.445358 4.725955
v -14.484770 16.161635 8.364389
v -1.367864 0.342257 11.991119
v -12.621598 -7.271519 1.047303
v -28.560138 16.789003 15.836454
v -40.755211 8.184161 9.607334
v 42.133661 -19.467177 9.934875
v 6.349178 -2.422454 5.614212
v -21.596411 -0.325409 7.892301
v -7.783614 0.141179 9.998941
v -22.261242 21.887646 6.065395
v -32.283559 -6.040948 6.977439
v -36.014021 -1.212296 2.691405
v -14.382804 -0.224596 6.978273
v -79.519096 7.543413 -0.151347
v 39.594208 -20.854365 8.297942
v 35.510215 -30.961128 9.227630
v -1.484364 0.543116 6.237747
v 39.327122 -21.341352 9.363590
v -8.614193 0.173255 3.080313
v -4.777456 0.398956 3.666914
v -26.368267 1.213198 38.586689
v -6.570203 0.237433 4.684939
v 8.336345 0.696050 12.260931
v 35.026476 -31.035589 9.450231
v -37.093299 -1.251912 2.888627
v -7.147201 -10.233415 4.824955
v 0.579703 0.431335 2.349004
v -22.020050 -9.625525 26.775347
v -37.499020 -3.824088 4.335991
v -14.268553 -0.288229 0.979577
v -32.848274 -0.501325 14.983328
v -45.778629 12.419091 -0.593866
v -21.797776 -0.570277 1.994861
v -47.701856 -8.909941 5.133123
v -6.465831 3.799724 1.274056
v -78.204272 5.167951 10.584297
v -52.245743 -0.991886 0.909601
v -32.576154 -7.790317 5.852684
v -21.008857 -0.050148 10.612225
v -22.333405 -6.638471 29.063236
v -32.158497 -0.982011 2.165619
v -43.453782 -1.027677 1.016875
v -8.499873 -5.631270 4.713283
v -49.308089 -0.319135 12.972274
v -44.571147 -6.827567 4.273034
v -75.871045 5.122817 13.743002
v -48.726736 -1.003690 0.953014
v -51.113881 6.856474 20.464016
v -34.689331 -5.308774 4.976065
v -36.276318 -13.167742 2.968485
v -36.929274 20.540281 9.916023
v -31.206382 -0.518424 13.752995
v -5.701588 0.621247 7.439949
v -29.803773 -4.639416 2.614569
v -4.732060 12.267339 -2.581232
v -25.403108 -5.949507 5.676060
v -20.653819 -0.625396 8.492121
v -39.024395 -0.948152 11.675621
v -6.540166 5.002938 -1.768364
v -35.334123 4.080716 6.507536
v -26.190197 -1.073034 7.637044
v -11.832427 -7.728787 1.706598
v 48.682996 3.464135 -13.683309
v 22.759621 3.495353 -7.051218
v -19.781654 -4.123640 17.018477
v -32.640175 -2.057425 8.218314
v 13.706473 3.437414 -5.295331
v 5.473552 3.389908 -3.250453
v -13.825921 0.216864 16.773054
v -36.615710 -1.602811 4.337511
v -35.611568 -1.531320 4.647719
v -18.670043 0.083230 16.277125
v -0.454804 3.357563 -2.092545
v 8.990562 3.415385 -4.041722
v 45.534013 3.461449 -14.147989
v 39.726728 3.468739 -12.786282
v -61.676273 1.095769 31.337770
v 28.078288 3.437967 -11.790064
v 22.292484 2.593192 25.353712
v 32.313076 3.484734 -13.432902
v 3.203165 3.378987 -2.889587
v 5.708411 3.407143 -3.272891
v 19.115397 3.466920 -6.430904
v 19.745220 3.474317 -6.453360
v 17.797931 3.426099 -6.362397
v 12.477966 3.433607 -4.933028
v -0.475569 3.355462 -2.201174
v 19.819470 2.580102 25.765275
v 25.241253 2.321047 20.540401
v 20.557713 2.645112 26.802047
v 23.422493 2.673045 26.288140
v 22.560670 2.525733 24.488433
v 19.539252 2.612538 26.321030
v 21.022972 2.641185 26.499685
v 21.659023 2.706121 27.623102
v 20.330524 2.653744 26.979987
v 20.710758 2.424769 23.373448
v 46.903896 3.405188 -5.424722
v 21.805258 2.188892 19.923960
v -45.089247 11.570077 0.070225
v -104.036214 1.071851 28.499088
v -89.907046 0.349613 28.311461
v -56.385739 1.428349 2.602330
v -107.463835 0.826052 30.399694
v -82.053440 2.118965 23.112647
v -103.357687 -0.382463 27.652428
v -113.904963 0.886321 31.597564
v -83.267582 3.393517 2.046352
v -85.843467 1.174654 25.803460
v -92.399985 -0.206728 24.263942
v 15.756431 2.819350 8.683112
v -95.151963 -1.881871 4.411352
v -109.465992 -0.241259 30.238139
v 10.757719 2.986942 7.480041
v 23.805320 -1.558655 9.572541
v -106.417035 0.649469 30.854501
v -69.471514 5.167735 19.585097
v -112.820458 0.853367 31.395677
v -104.991090 1.029735 30.266723
v 24.302752 2.314701 20.858822
v -26.764200 1.220711 37.094153
v -18.644533 -15.500081 26.517594
v -96.236257 0.293964 0.421863
v -86.714715 2.480232 5.651902
v -93.157722 -0.802156 4.868664
v -98.076532 5.740201 0.132916
v -97.128594 -0.933387 3.304387
v -96.897790 2.062487 6.331371
v -84.625591 -3.225011 4.259981
v -87.000134 1.743347 1.302482
v -76.106768 1.107217 1.478402
v -50.405514 -11.253035 24.267288
v -85.448438 -5.280088 2.766226
v -57.574230 -10.845022 18.622209
v -68.300331 8.719559 -0.138576
v -31.946951 -13.511623 32.879867
v -25.653494 -12.849300 39.702513
v -78.748492 4.430626 6.062186
v -63.689980 -9.675914 14.723440
v -38.305994 12.549410 30.118538
v -37.972622 -10.239618 34.468970
v -36.225525 0.919214 41.098678
v -30.316861 1.281491 55.499317
v -45.339887 0.750265 43.617812
v -24.553294 -14.608846 34.117025
v -30.732902 -22.372961 28.174465
v -27.521195 -22.537741 32.745607
v -29.880212 -16.522080 36.550188
v -19.420678 14.006748 30.668658
v -36.570422 0.932548 42.375726
v -24.892362 -20.864529 34.035735
v -32.742010 1.051952 42.656598
v -27.873143 -14.238493 20.390953
v -55.906861 -0.388768 13.358780
v -5.729640 1.446300 33.096653
v -25.352197 1.383550 48.324671
v -33.944405 0.929093 37.556944
v -52.031080 -0.333517 13.825616
v -19.174320 -13.075239 6.379456
v -29.908178 1.145435 42.395007
v -35.397756 0.054190 10.820545
v -35.038991 0.017400 9.052552
v -29.864291 1.039835 34.588183
v -56.151788 -0.765787 7.093387
v -57.174124 -0.583723 10.549313
v -42.180138 -0.240208 8.135535
v -59.169760 -0.757006 7.468110
v -38.236391 0.606865 29.451701
v -50.530892 -0.784600 6.951342
v -51.301340 -0.773976 7.386896
v -52.430872 -0.712444 7.903296
v -29.250858 0.969239 31.157577
v -37.590581 0.573007 28.175344
v -54.157440 -0.868819 5.923037
v -47.327668 -0.829803 7.055368
v -43.228911 -0.354358 13.048814
v -16.448421 -8.366151 21.437022
v -40.654193 -0.214483 15.090730
v -34.491256 0.485599 23.227013
v -44.349838 -0.541578 10.528986
v -39.933757 -0.214722 15.551518
v -31.585779 0.760964 28.493454
v -26.403937 0.811929 30.750178
v -46.839133 -0.826803 6.621579
v -50.076565 -1.013981 4.440224
v -46.804272 -0.827200 6.884568
v -48.935272 -0.983130 5.096749
v -27.730644 0.579108 23.924614
v -43.521024 -0.614401 9.579494
v -37.926556 -3.280516 1.089861
v -45.251854 -0.791174 7.545507
v -33.676407 10.156407 14.120408
v -38.884849 7.616213 11.287325
v -32.744132 14.646480 13.099209
v -36.866038 8.784774 12.832798
v -31.738192 13.086666 14.237130
v -15.001519 9.556561 22.507496
v -14.201016 -7.131921 24.596669
v -29.426549 0.419903 22.110044
v -19.486418 2.566710 7.395996
v -22.695763 1.217178 29.240569
v -21.807768 1.311321 30.179098
v -20.673280 2.343584 7.739495
v -5.537580 1.982377 3.498920
v -8.802642 1.999937 4.338419
v -9.501725 2.011652 4.536643
v -5.542602 1.992142 3.510374
v -14.375269 2.029203 5.817760
v -6.921877 3.074483 4.334782
v -5.210596 2.118770 3.416677
v 3.331881 -7.986147 8.985641
v -7.321323 2.842487 4.346567
v 0.515100 2.163967 1.908904
v 0.497049 2.231745 1.822255
v 2.530546 -6.721617 4.795349
v 6.177736 -3.799652 1.475198
v 0.404142 2.264451 1.718418
v -2.646966 2.378197 3.373779
v 2.847818 -4.533795 2.210785
v 3.533752 -6.937047 8.126002
v 4.297505 -6.552761 7.754447
v 3.758052 -7.018480 8.109672
v 5.650921 -3.751213 1.932132
v 0.494708 2.242762 1.845663
v -2.291233 -5.567987 2.273393
v -1.995073 -4.293480 5.444047
v 1.582290 -7.673040 9.796090
v 3.334589 -6.463823 5.480548
v 0.417163 -4.847402 3.883846
v 3.454158 -7.003105 3.087801
v 3.272498 -6.451536 5.514811
v 3.458523 -7.195588 3.793381
v 2.339933 -4.263245 2.295930
v 2.805415 -4.554320 3.079243
v 1.728556 0.155286 1.993795
v 1.419110 -6.125116 1.101841
v 1.676267 0.293891 2.190906
v 2.067271 0.015646 2.245039
v 3.746478 -4.759854 5.216569
v 4.624160 -3.945953 4.406010
v 0.575958 -4.596227 3.499677
v 1.542489 -3.806306 2.648562
v 4.680762 -4.265345 3.881499
v -2.783238 -5.331319 5.584358
v -45.674378 -0.713346 8.435683
v -41.694724 -0.355360 12.784499
v -14.580089 -8.069763 22.022308
v -53.125820 -0.788339 6.910155
v -32.931325 0.770591 28.919910
v -51.772869 8.463030 9.544729
v -25.009011 1.260618 40.835383
v -21.323702 -15.461292 31.854881
v -12.880451 -2.310929 20.252441
v -23.804023 -18.513389 35.464140
v -29.538628 1.224246 47.655101
v -34.065582 1.153795 54.108122
v -38.610274 1.013560 49.935007
v -42.214407 0.887387 48.076586
v -58.082833 -13.097767 11.861379
v -85.739815 -4.594971 2.789253
v -88.647460 0.954759 -1.768999
v -100.101093 2.563437 6.785458
v -91.433276 -3.025141 2.139058
v -29.601679 1.076375 35.176808
v -42.055233 -0.441635 10.426582
v -12.105645 -8.082373 20.745853
v -9.270974 -8.007010 22.456783
v -35.141531 -0.358393 11.369210
v -21.556299 1.054251 23.002814
v -20.558134 1.121084 23.144835
v 3.004844 1.377139 -8.555225
v -8.775787 0.808353 11.969400
v 2.037796 -1.989734 3.418109
v -51.594566 -0.234713 12.695477
v -39.140983 -11.398068 29.984117
v -85.983200 1.694314 -1.506798
v -85.757150 1.673106 -1.326414
v -3.971179 -0.196587 4.021030
v 20.953507 -9.156299 17.923059
v -23.843143 -0.191682 12.750055
v -14.975646 0.023840 5.278121
v -28.005540 -7.876697 5.471659
v -37.979875 -5.415033 4.838750
v 1.313107 -0.683446 2.708182
v 104.438673 0.091268 -25.817150
v 100.115908 0.441219 -24.563142
v 105.519364 0.098477 -26.130651
v 93.658305 0.145040 -22.824704
v -46.203270 -0.758913 7.638428
v -43.255501 -0.665986 9.211132
v -41.218679 -0.355608 13.663776
v -35.855428 12.771229 11.878118
v -36.444156 10.259773 11.955508
v -1.958677 -1.926363 2.753365
v -10.115827 0.129030 2.444716
v -14.249751 2.133427 5.780941
v -12.167792 2.403440 5.335221
v -10.202506 2.283233 4.767489
v -4.899387 2.214085 3.473884
v 4.393673 -5.304702 2.092773
v 4.352373 -5.239553 7.232664
v 2.919407 -6.988913 4.915098
v 2.398027 -4.812945 2.358059
v 3.099072 -7.177700 4.954195
v 1.450409 -3.603490 2.778497
v 0.526692 -2.834332 2.735676
v 3.557131 -4.420918 4.459345
v 4.544877 -4.305304 4.062143
v 103.823813 0.106097 -25.697068
v 100.136897 0.028470 -24.726468
v 99.049641 0.102713 -24.437493
v 71.284637 0.376114 -16.492836
v 1.531557 0.558858 2.317898
v 1.130174 -0.922755 2.680302
v 1.153073 -0.901172 2.695993
v 14.328064 -1.159179 -2.229302
v 14.547271 1.596812 23.564976
v 4.145303 1.237296 26.756362
v 5.815136 -1.536607 1.478589
v 0.595674 0.454028 13.681055
v -14.268627 2.140009 6.085212
v 6.710744 1.158115 31.370916
v 1.494640 0.819221 14.173608
v 16.587291 1.235433 6.716539
v 19.759948 1.374010 6.804517
v 24.629479 -5.361316 7.243103
v 24.555708 -4.313325 7.755041
v 19.427774 1.695599 15.575702
v 24.314135 -5.780034 6.940305
v 25.404199 2.958490 37.076510
v 22.081423 -8.774413 10.403146
v 16.928373 -0.392496 1.618778
v 17.543404 -0.685567 -0.362379
v 9.027720 1.409990 26.768917
v 3.591107 -4.411231 4.619508
v 1.758987 -0.225492 2.362897
v 1.878489 0.064810 2.405581
v 77.274674 0.177174 -18.286083
v -69.528216 5.892501 18.388849
v -35.778111 -32.540348 31.482163
v -84.004318 21.387040 27.776260
v -26.816724 28.519060 14.984741
v -127.626760 1.121349 35.149596
v -60.130100 -1.935183 -0.344650
v -129.904221 1.086179 35.826369
v -5.284054 1.784527 0.069619
v -64.329680 1.535762 18.788370
v -83.227881 0.480721 24.326523
v -95.620511 0.435983 26.371563
v -61.804165 4.706873 19.896258
v 94.585644 0.293238 -22.985958
v -83.531997 0.351333 23.190245
v 57.667245 1.103855 -18.111739
v -70.780872 0.316492 19.825519
v 103.608571 0.195755 -25.534323
v 111.335154 0.577260 -26.399271
v 0.918533 0.476298 3.431946
v 62.319498 0.418784 -13.486821
v 7.619124 0.409929 1.604210
v 48.931160 0.402352 -10.171510
v 7.487448 0.305926 1.520161
v 8.608665 0.324486 1.222098
v 0.724626 0.250716 2.707445
v 13.448214 0.238580 -0.639296
v -121.778347 1.766313 35.158625
v 62.056395 0.259846 -13.382033
v 81.704270 0.352491 -19.382668
v 0.854403 0.284893 3.192332
v 78.045126 0.460136 -18.308297
v 87.515926 0.522933 -20.875437
v 0.517081 1.307606 1.932010
v -153.252035 2.241303 44.803761
v -95.778977 0.812931 26.988189
v -12.767934 24.154157 5.629738
v -42.885688 4.233297 32.595046
v -32.144256 7.450670 23.252798
v 0.957102 0.554452 2.386060
v 100.579309 0.482962 -23.556942
v 0.727657 0.135970 2.718764
v 46.569132 0.670006 -10.442764
v 25.398775 0.995244 -4.577776
v 22.517382 1.056751 -3.800527
v 0.517082 1.048817 1.932008
v -85.674381 0.847166 24.371719
v -115.818659 0.824539 32.129257
v -99.449956 0.721115 27.776599
v -107.833248 0.784544 30.055709
v -35.748696 0.706330 11.354203
v -40.014982 0.719002 12.456617
v -105.440465 0.753308 29.326336
v -52.871266 9.906811 32.432200
v -69.407391 4.910246 0.696227
v -82.306691 -3.078344 0.621143
v -72.630338 -0.533673 26.485060
v -81.699466 12.600874 32.660307
v -71.349555 14.526739 19.728089
v -73.239961 17.918285 45.806802
v -68.521178 -37.649075 17.697090
v -112.270368 3.734688 37.942904
v -112.113197 3.219498 36.831088
v -125.073714 1.192652 34.535541
v -123.949836 1.197541 34.685037
v -124.490541 1.108671 34.297067
v -28.304304 -4.085663 -3.493239
v -67.867426 6.882139 15.501802
v -86.917521 17.580064 27.861682
v -109.954455 1.102892 30.591086
v -22.169789 1.929936 16.053441
v -109.290582 1.138052 30.412395
v -11.079817 1.927379 20.273735
v -17.664034 -10.748279 3.774451
v -8.098136 0.884840 16.094908
v 9.648604 7.922021 3.358719
v 8.017009 16.384170 7.687507
v -1.877607 1.895543 18.939685
v -120.106044 1.035452 33.273713
v -44.311065 36.312681 18.892076
v -59.118701 17.539317 23.008209
v -18.793782 -10.065996 4.031821
v -47.151263 0.140535 8.678786
v -9.115114 4.747998 13.526198
v -40.271828 -6.952359 10.580267
v -49.911858 1.511582 15.338772
v -55.616363 2.565424 17.034083
v -42.263046 -1.400243 14.532896
v -45.080461 1.047916 15.049854
v -122.447931 1.188760 34.272786
v -117.525465 1.755065 34.412665
v -120.521468 1.268848 34.319648
v -106.472722 4.206759 40.285183
v -76.396829 15.783276 43.422821
v -62.200282 0.664341 54.079647
v -78.437776 36.333373 7.704439
v -83.258380 19.822300 10.080864
v -87.382878 26.992772 14.692905
v -70.416197 5.019861 0.688444
v -74.286518 -0.519848 27.879651
v -41.084974 11.983111 -0.535226
v -66.961518 -0.199835 33.063655
v -29.352169 0.612616 9.689733
v -33.419965 0.767867 10.748122
v -28.579106 0.827952 9.495972
v -25.116827 0.593108 8.592568
v -115.489863 0.816729 31.907308
v -135.106951 0.949920 37.176887
v -142.597495 0.961109 39.165501
v -138.254911 0.960645 37.985549
v -115.451107 1.020830 32.052115
v -110.219940 0.775743 30.566101
v -122.288382 0.870401 33.822415
v -118.709591 0.971495 32.931301
v -130.520722 1.042231 35.940318
v -131.493034 1.027577 36.175277
v -133.651512 0.994362 36.813128
v -134.380179 1.010959 36.991470
v -103.176040 0.936914 28.842603
v -131.482303 0.907460 36.215369
v -120.650682 0.934375 33.414426
v -25.824214 0.655604 8.789983
v -50.376370 0.765819 15.201461
v -40.444173 0.861578 12.545203
v -31.810432 0.679008 10.355757
v -31.292700 0.739558 10.235387
v -82.963930 -0.969893 13.268275
v -68.856071 -0.280224 33.910597
v -28.825895 13.787291 19.402608
v -36.124975 0.756132 11.519612
v -24.400099 0.709323 8.430059
v 29.131027 1.196436 -5.499854
v 44.524751 1.261951 -9.506646
v 34.094909 1.287284 -6.775831
v 29.116943 1.264795 -5.492041
v -84.256582 10.213091 13.020678
v -96.538146 1.444787 47.460515
v -107.174161 4.164721 38.848085
v -122.415698 1.178995 33.830208
v -129.299713 1.079347 35.667609
v -42.421953 -0.740173 -0.149557
v -70.994100 5.880151 -4.530675
v -101.417160 1.355887 33.755238
v 8.416196 9.115782 6.255675
v -9.652118 18.297937 1.390851
v -11.441361 1.870480 15.660695
v -40.093397 1.792926 15.426583
v -47.059096 1.048367 15.142098
v -36.083283 0.781524 11.433644
v -37.671102 0.699972 11.907137
v -33.123897 0.855271 10.645630
v -23.672569 0.786475 8.247473
v -120.592831 0.901661 33.388833
v -18.745187 0.757694 6.955990
v -87.077600 9.292042 19.940360
v -81.513620 11.770761 30.633252
v -73.103813 -0.452412 7.985835
v -96.872869 1.434041 45.894243
v -117.958095 2.244558 36.006307
v -134.492471 1.015841 37.055390
v -12.816620 -13.472089 9.448219
v -20.592332 -12.931342 9.240962
v -101.174274 1.348072 32.825747
v -61.767562 7.936694 -5.959300
v -20.219436 1.913953 15.656846
v -11.847213 1.707268 0.112773
v -40.356919 -7.932173 10.924580
v -49.488637 8.143642 18.550452
v -49.155496 1.527266 15.217137
v 28.680848 1.759369 -5.347502
v 0.517083 0.862781 1.932007
v 0.517079 1.911121 1.932014
v -74.001801 0.835512 21.328513
v -67.415470 -0.209870 32.968536
v -13.617736 23.952612 9.340866
v -77.085220 0.806198 22.136582
v -82.318750 -1.124713 8.562542
v -29.467057 7.105260 23.161464
v -93.670144 0.849076 26.406589
v -86.518874 0.818353 24.600774
v -11.753049 24.031638 6.339479
v -116.962755 0.867013 32.447597
v -115.873227 0.930007 32.167114
v -122.040318 0.963664 33.782308
v -130.868706 0.986564 36.090571
v 26.351249 1.664194 -4.765973
v 23.777738 1.052852 -4.107524
v 32.009444 1.640788 -6.227779
v 0.517081 1.321278 1.932010
v 25.627686 1.854598 -4.644632
v -93.692960 0.495067 27.046550
v -93.988239 0.384722 25.943290
v 20.231805 0.367273 -1.401479
v 99.887537 0.447077 -24.449451
v -113.098249 1.133148 31.415314
v -110.442253 1.200545 30.702435
v -113.162916 1.208343 31.415436
v -106.560093 1.275764 30.530445
v -109.193955 1.285515 31.245996
v -114.245627 1.104821 31.721390
v -127.008744 0.884535 35.041305
v -130.054637 0.933347 35.747841
v 17.631494 0.971275 -2.535314
v 22.251753 1.197375 -3.705170
v 0.517082 0.957020 1.932008
v 0.517083 0.890125 1.932007
v 25.487823 0.903936 -4.607676
v 0.517082 0.951649 1.932008
v 36.206521 0.947940 -7.347057
v -135.468444 0.929898 37.276670
v 25.033495 0.917605 -4.492144
v 30.504560 1.122225 -5.867470
v -123.406946 1.064732 33.994414
v -136.191303 0.959191 37.476709
v 27.541134 1.068498 -5.094550
v 38.227569 1.051956 -7.894040
v 37.691769 0.986523 -7.720310
v 33.120830 1.017747 -6.547478
v 33.930338 0.977713 -6.786378
v 41.827963 1.103733 -8.825309
v 44.400971 1.172107 -9.485649
v -130.868959 1.007072 36.089628
v -120.710552 0.985644 33.432472
v -44.753426 10.067629 18.384164
v -34.552563 -0.046766 21.884783
v -28.838351 1.842952 15.359313
v -28.058228 1.827147 15.112908
v -79.965199 0.385288 22.254320
v 26.831746 1.809980 -4.985724
v -80.749336 -1.082919 9.230047
v -118.817054 0.842590 32.771522
v -123.861667 0.871369 34.229341
v 23.925141 0.976681 -4.161129
v 17.180196 0.963460 -2.408462
v 14.756106 0.885322 -1.796066
v 35.572078 1.195495 -7.179273
v 24.289916 1.117308 -4.248648
v 31.159649 1.505041 -6.018536
v 31.172219 1.337072 -6.032010
v 34.035038 1.360526 -6.757785
v 44.197737 1.341051 -9.398904
v 19.952955 1.867284 -3.108106
v 40.926378 0.909880 -8.567833
v 0.517083 0.820301 1.932007
v 23.946292 1.762814 -4.142522
v -122.748248 0.886513 33.796383
v 30.693762 1.685702 -5.885756
v 22.162199 1.662218 -3.677155
v 35.244558 1.596861 -7.073415
v 23.045221 1.786847 -4.101339
v 39.663550 1.393760 -8.209625
v 38.966712 1.435748 -8.033230
v 35.246578 1.545103 -7.065869
v 31.612462 1.542153 -6.139727
v 27.483282 1.417130 -5.068955
v 28.334087 1.465963 -5.274426
v 34.792251 1.493342 -6.950337
v 37.122244 1.617379 -7.551702
v 24.053969 1.556759 -4.163255
v 22.950610 1.464956 -3.874015
v 29.361977 1.490383 -5.543468
v 29.922466 1.587065 -5.685390
v 17.068028 1.631916 -2.344066
v 24.369928 1.606566 -4.251863
v 25.987484 1.715950 -4.674680
v 32.130748 1.716478 -6.235058
v 99.012999 0.339406 -24.332657
v 88.248569 0.433829 -21.522401
v 96.274409 0.212805 -23.686634
v 96.321877 0.030995 -23.509284
v 91.127604 0.063422 -22.127162
v 101.720281 0.219915 -25.095657
v 91.329211 0.328133 -22.340847
v 105.169737 0.215051 -25.986529
v 98.256402 0.325974 -24.016934
v 91.401422 0.047462 -22.071048
v 139.701382 0.580840 -34.514948
v 135.788398 0.612070 -33.663788
v 136.998424 0.593034 -33.977533
v 135.542858 0.634041 -33.614246
v 137.709290 0.648702 -34.222381
v 142.593324 0.570115 -35.313218
v 139.636746 0.654572 -34.756448
v 148.372158 0.542804 -36.928624
v 21.571522 1.815535 -3.527151
v 138.368082 0.480735 -34.178319
v 141.592481 0.567180 -35.184858
v 146.914068 0.548167 -36.574771
v 134.585948 0.334719 -33.321744
v 144.503107 0.445858 -35.913320
v 137.138868 0.346208 -33.936271
v 132.451834 0.390614 -32.592858
v 136.428002 0.368664 -33.691422
v 142.224510 0.465376 -35.240792
v 127.900762 0.558316 -31.708404
v 123.207164 0.534363 -30.389519
v 134.915880 0.603765 -33.539446
v 128.770756 0.571504 -31.842180
v 127.686025 0.536829 -31.543772
v 132.264428 0.591543 -32.809586
v 129.137551 0.502170 -31.922154
v 121.517673 0.489920 -29.933296
v 121.579058 0.446708 -29.945682
v 134.094868 0.465332 -33.222659
v 131.800112 0.359850 -32.610507
v 122.969199 0.408141 -30.311677
v 64.691135 0.210672 -14.778682
v 76.208123 0.123151 -17.919754
v 71.076245 0.203506 -16.546244
v 96.707354 0.450476 -23.519446
v 72.475475 0.129050 -16.878279
v 88.349564 0.052357 -21.145059
v 0.904899 0.253398 3.381004
v 90.934074 0.429935 -21.883286
v 0.931663 0.252421 3.481000
v 0.844303 0.324200 3.154598
v 0.855917 0.342998 3.197992
v 0.990744 0.265359 3.701746
v 0.959941 0.263162 3.586656
v 64.869389 0.256688 -14.112669
v 30.579740 0.154080 -5.103112
v 27.032147 0.205208 -4.216302
v 72.665342 0.302874 -16.168871
v 62.749698 0.318932 -13.571634
v 62.052355 0.349202 -13.397126
v 71.271666 0.317271 -15.816082
v 49.571277 0.324963 -10.111247
v 96.835552 0.437042 -22.556975
v 85.049293 0.352260 -19.455038
v 81.723616 0.386177 -18.585164
v 93.754406 0.385755 -21.740416
v 91.636230 0.422121 -21.193721
v 37.931915 0.276558 -7.064801
v 41.141891 0.229212 -7.883491
v 34.633901 0.234426 -6.212441
v 0.756007 0.406038 2.570827
v 26.625120 0.254767 -4.105342
v 8.929282 0.454094 0.225603
v 10.335767 0.380408 0.128293
v 21.491223 0.164528 -2.739381
v 17.980649 0.491041 -0.989029
v 26.348439 0.127812 -3.990854
v 4.490245 0.303224 2.227313
v 0.872076 0.366924 3.258368
v 5.600224 0.287116 2.023241
v 2.666730 0.334220 2.715363
v 4.636720 0.348878 2.260897
v 10.548295 0.315952 0.793954
v 0.889245 0.401347 3.322516
v 32.918145 0.609576 -6.689157
v 20.081443 0.374603 -2.386324
v 12.372620 0.339155 0.297599
v 14.848612 0.417538 -0.241747
v 12.734925 0.381882 0.261287
v 13.605874 0.332814 0.070643
v 0.904899 0.437480 3.381005
v 19.114141 0.386799 -1.346991
v 15.465014 0.346740 -0.325848
v 34.599890 0.389577 -6.348655
v 18.012881 0.548854 -2.447602
v 76.523789 0.442300 -17.223796
v 1.152524 0.590206 2.109129
v 89.295074 0.893079 -21.252266
v 106.560477 0.538171 -25.141582
v 8.603414 0.303000 1.534871
v 15.396982 0.359435 -0.428952
v 0.726646 0.173812 2.714991
v 8.578963 0.134915 0.657857
v 60.728836 0.741030 -14.745970
v 74.947135 0.815730 -18.006637
v 10.302665 0.306914 1.296419
v 0.936711 0.551737 3.499869
v 0.927117 0.509257 3.464021
v 8.784483 0.523460 1.425754
v 22.803637 0.411234 -2.247517
v 25.866266 0.408564 -2.951961
v 102.087781 0.756592 -25.375519
v 119.917497 0.681800 -28.659878
v 26.550929 0.461059 -3.234277
v 15.002905 0.728277 -3.206949
v 23.082339 0.428325 -2.354460
v 9.161295 0.483912 1.292553
v 116.593336 0.647602 -27.784344
v 25.317963 1.276275 -10.269376
v 74.796201 1.216600 -20.352266
v 0.129397 0.253415 0.483474
v 96.771631 1.046777 -24.225091
v 77.612447 1.344131 -22.450670
v 0.102634 0.252439 0.383478
v 0.019503 0.257568 0.072876
v 0.155908 0.260250 0.582527
v 0.180020 0.284908 0.672618
v 0.189740 0.324215 0.708937
v -63.467414 0.259160 17.900475
v -68.001222 0.255961 19.091170
v -64.874565 0.255485 18.928131
v -61.715402 0.318252 17.436112
v -61.018312 0.348529 17.260661
v -102.028218 0.399326 28.054694
v -48.356361 0.302213 13.925362
v -101.979993 0.440089 29.201835
v -89.817186 0.421122 24.847662
v -75.434673 0.302062 21.051362
v -34.569519 0.316205 10.320839
v -70.250721 0.375328 20.355900
v -48.537234 0.324428 13.974782
v -82.999478 0.211559 23.971209
v -75.537970 0.264214 21.874108
v 0.178252 0.343014 0.666014
v -101.114543 0.020721 29.051076
v 43.770885 0.930890 -13.437959
v 29.275095 0.796218 -8.082579
v 18.637816 0.365067 -1.071910
v 27.273465 0.436405 -3.375090
v 8.290329 0.302997 1.739978
v 10.556750 0.163246 0.130539
v 87.585548 0.455301 -20.131826
v 8.169596 0.447530 1.515515
v 6.504894 0.377697 1.837726
v 8.616644 0.296409 1.418105
v 6.772093 0.286878 1.808671
v 4.658668 0.320559 2.184258
v 16.490857 0.457341 -0.632757
v 17.776644 0.131670 -1.751266
v 0.733284 0.384261 2.698912
v 35.730751 0.210017 -6.465567
v 97.266257 0.400423 -22.639900
v 35.603941 0.316584 -6.455889
v 49.390657 0.302745 -10.060884
v 50.690740 0.261736 -10.400755
v 0.878136 0.260234 3.281007
v 1.014477 0.257546 3.790422
v 96.728057 0.551306 -23.442089
v 84.859931 0.050171 -20.162560
v 27.320281 1.400528 -5.013198
v 39.388833 1.318563 -8.148230
v 140.022226 0.434359 -34.766614
v 124.771865 0.545114 -30.828519
v 41.958306 1.502171 -8.821777
v 25.067271 1.502078 -4.426371
v 22.828345 1.493276 -3.847357
v 97.989653 0.437057 -24.046634
v 82.585658 0.104145 -19.715617
v 101.803884 0.347234 -25.025026
v 134.994150 0.493412 -33.247005
v 127.994686 0.420130 -31.357475
v 145.244271 0.556946 -36.044965
v 146.929217 0.545725 -36.518169
v 136.058177 0.340098 -33.622769
v 143.304191 0.452443 -35.558067
v -66.023963 0.309922 19.226661
v 0.043395 0.265380 0.162142
v -99.544539 0.054330 28.631887
v 52.832658 1.458086 -21.369674
v 13.106411 0.937571 -4.649458
v 91.757259 0.964964 -22.423318
v 37.229181 1.375703 -14.303439
v 35.272726 1.413267 -7.089043
v -49.656318 0.261190 14.265704
v 0.074482 0.263182 0.278293
v -103.104899 0.079487 29.591868
v 1.029117 1.386696 3.845144
v -0.709430 2.035146 -3.276133
v 0.981147 0.931619 3.665903
v -0.690885 2.421866 -3.197706
v 131.902618 0.988022 -32.227499
v 121.744464 0.986989 -29.569399
v 131.903123 1.008530 -32.225612
v 119.743504 0.972818 -29.068229
v 0.088236 1.974607 0.329718
v -0.160019 1.623043 -0.589782
v 0.973067 1.047830 3.635716
v -0.315849 1.636713 -1.353777
v -0.292807 3.660148 -1.946165
v 0.975086 1.141580 3.643264
v 0.954382 1.239236 3.565909
v 0.960948 0.993631 3.590435
v -0.565515 3.910148 -2.592769
v -0.766373 1.426747 -3.547063
v -0.015678 1.636718 -0.067226
v 0.517081 1.380848 1.932011
v 19.303925 1.425874 -2.934401
v 20.323736 1.376075 -3.233630
v 12.763728 1.348689 -1.262818
v 22.636111 1.263783 -3.840390
v 13.454030 1.227599 -1.433420
v 0.517081 1.187488 1.932009
v 13.268387 1.213926 -1.371603
v 0.517082 1.056629 1.932008
v 26.260634 1.121225 -4.802380
v 21.191656 1.205181 -3.435596
v 14.929711 1.077217 -1.812201
v 12.046774 1.491263 -1.070930
v 0.517080 1.466785 1.932011
v 20.453575 1.564552 -3.231986
v 17.038851 1.490314 -2.332214
v 0.517080 1.450184 1.932011
v 10.607340 1.468794 -0.677589
v 121.140209 1.036790 -29.409696
v 109.418570 1.283296 -26.429302
v 115.279791 1.106093 -27.857373
v 106.800613 1.273574 -25.739828
v 106.474632 0.754481 -25.462323
v -82.642518 2.594349 1.022325
v 99.536982 1.287766 -24.018437
v 108.867414 0.785745 -26.191696
v 116.853077 0.825829 -28.264300
v 75.035967 0.836339 -17.464500
v 78.059263 0.807059 -18.255466
v -31.694318 2.010841 -28.177084
v -33.346230 1.979329 -26.243505
v 86.708547 0.848123 -20.507705
v -2.238998 -7.663693 -7.192194
v 31.938739 0.765212 -12.029973
v 111.476163 1.201775 -26.839359
v 30.386336 0.612947 -5.825723
v 100.484375 0.722222 -23.911643
v 26.858381 0.655896 -4.925972
v 38.705521 0.700396 -8.042182
v 26.150995 0.593392 -4.728558
v 114.197079 1.209603 -27.551417
v -37.242112 1.535697 -3.386896
v 32.844599 0.679367 -6.491746
v 36.782610 0.706733 -7.491135
v 51.410536 0.766384 -11.337448
v 41.478338 0.862032 -8.681189
v -30.937905 -25.043704 -10.868091
v 37.345309 1.122205 -10.739805
v -43.784360 -1.598501 -6.842156
v 37.980091 0.576808 -11.119617
v -33.484877 -11.199232 5.819686
v -28.835016 -10.663921 4.594726
v -25.686310 10.646744 14.943891
v -43.218713 -2.363384 3.803736
v 16.368665 1.864334 -2.177103
v 8.648153 1.839877 -0.171421
v 0.517079 1.818348 1.932014
v 17.849873 1.947350 -2.565450
v 10.919764 1.754929 -0.779402
v 0.517080 1.709949 1.932013
v 10.108235 1.736370 -0.548049
v 15.411222 1.752024 -1.916808
v 17.015677 1.804767 -2.358359
v 17.413164 1.805746 -2.444525
v 11.494337 1.630909 -0.929139
v 0.517080 1.644520 1.932012
v 9.310258 1.862342 -0.356716
v 0.517079 1.837879 1.932014
v 16.890887 1.770587 -2.341135
v 0.517080 1.601551 1.932012
v 10.584194 1.613325 -0.673415
v 20.074211 1.696386 -3.138539
v 0.517079 1.727528 1.932013
v -38.981120 0.686038 6.500248
v -47.487418 -2.029699 5.032618
v -40.922913 1.050528 6.224354
v -43.999962 -2.369371 3.805254
v 0.517080 1.582996 1.932012
v 17.416195 1.660238 -2.433206
v 17.481059 1.653403 -2.493026
v 19.597720 1.516696 -3.045382
v 19.483030 1.564547 -2.990423
v 15.223055 1.633859 -1.864425
v -37.032833 -1.598567 7.021191
v -4.175051 0.099423 7.360464
v -34.173322 -1.360134 8.122429
v -38.535295 -1.895161 3.884805
v -10.395377 10.311455 12.605460
v -15.277572 0.352154 16.535278
v -6.523244 13.560278 14.801235
v -46.780128 -2.019029 4.666053
v -38.315521 -2.006419 2.687072
v -33.668249 -10.846577 3.926532
v -40.619433 -2.221930 3.835410
v -18.792526 -0.263614 3.451374
v -14.818995 -19.331722 6.284409
v -34.626211 -1.153738 8.811452
v -38.532195 -1.600283 3.796306
v -32.483679 -1.240197 4.513435
v -43.882247 -2.316377 4.114791
v -44.379717 -2.320820 4.122988
v -41.072361 -1.562735 7.644678
v -10.200941 -0.181742 4.236065
v -33.636530 -1.061389 9.183455
v 9.708607 1.218532 13.714727
v -6.412927 -14.501277 11.807376
v -20.608939 -0.385702 4.964193
v -23.516172 -0.681922 5.718569
v -30.520659 -0.636824 12.938049
v -5.085331 0.089857 4.161096
v -39.785335 -2.057105 5.576405
v -18.858850 -0.434065 0.364569
v -42.374963 -2.357111 3.798322
v -26.795476 -17.887136 4.250370
v -44.388034 -2.275200 4.453863
v -33.310765 -11.654505 4.251359
v -7.989658 0.047204 5.124371
v -41.391145 -2.012882 6.009856
v -37.625711 -1.830536 2.541785
v -11.092165 -0.135075 4.496872
v 14.125197 1.086001 -1.615076
v 20.800733 1.249124 -3.324902
v 19.941903 1.419041 -3.088976
v 18.533639 1.359463 -2.730261
v 11.580888 1.332081 -0.938153
v 0.517081 1.196278 1.932009
v 16.061235 1.881911 -2.117063
v 44.380378 1.170153 -9.441722
v 53.360209 1.162391 -11.788496
v 55.564909 0.947071 -12.374525
v 54.780033 1.019821 -12.164458
v 40.479120 0.951870 -8.425887
v 41.779203 1.037326 -8.765756
v 35.549972 0.623718 -7.141010
v 55.988038 1.088187 -12.485750
v 51.452843 0.783474 -11.300246
v 40.961616 0.651580 -8.557047
v 46.225856 1.263914 -9.919475
v 8.766882 1.934605 -0.211285
v 52.122016 1.241485 -11.459124
v 50.515515 0.637473 -11.055444
v 64.699213 0.625833 -14.748491
v 16.125145 1.951247 -2.120014
v -27.511648 8.205708 -3.071941
v 26.620394 30.228002 -5.420004
v -18.750447 10.163395 4.361890
v 8.992214 -0.011400 -11.884230
v -6.566937 1.730101 -11.505844
v -72.429758 2.554833 1.816720
v 21.113576 -19.200788 -18.164677
v 43.504939 1.563703 -9.207415
v 33.690502 1.736156 -6.714020
v 42.692676 1.688953 -9.045263
v 47.346328 1.534428 -10.205207
v 38.636043 1.689071 -7.912833
v 42.838793 1.656473 -9.037213
v 45.490674 26.701364 -19.230970
v 50.174146 -1.738412 -14.248812
v 43.230175 1.673563 -9.187410
v 36.881405 1.680363 -7.459247
v 41.598075 1.640841 -8.717275
v 35.019954 1.730089 -7.020344
v 22.212983 0.799425 -3.729167
v 9.823955 0.808146 -0.492188
v 32.844598 0.861496 -6.491744
v 45.955682 1.454342 -9.841099
v 18.327323 0.784755 -2.715483
v 28.070426 0.927387 -5.232168
v 50.454130 0.668234 -11.043058
v 102.819307 0.750555 -24.615424
v 96.730518 0.697298 -22.949411
v 100.340396 0.738823 -23.966115
v 66.930059 0.711294 -15.357692
v -14.295402 -17.656146 -4.915856
v -53.463480 14.633141 2.552423
v 36.397039 1.042765 -10.424913
v 2.782931 2.161963 -3.245907
v 41.689648 1.555881 -8.737741
v 46.620313 1.506103 -10.016960
v 56.327675 1.161431 -12.546323
v 74.207752 1.092518 -17.514776
v 50.946217 1.430932 -11.138363
v 47.710093 1.457281 -10.296501
v -39.805141 2.349406 -12.445920
v 30.485995 0.363179 -11.713781
v 64.816045 0.526358 -15.900480
v 68.336922 -4.770311 -20.010944
v 73.715255 -1.194145 -18.829813
v 33.341585 1.709424 -6.890260
v 30.668194 1.787522 -6.239684
v 12.402490 0.865289 -1.162095
v 58.615869 0.696112 -13.183006
v 19.481517 0.876558 -2.996088
v 23.748002 0.805293 -4.158201
v 22.547570 0.820423 -3.808608
v 64.269518 0.720557 -14.661792
v 64.150283 0.669775 -14.623814
v 71.284636 0.756240 -16.492834
v 46.676651 0.734619 -10.048218
v 97.138500 0.679235 -23.117238
v 61.885210 0.631676 -14.021628
v 69.592620 0.780645 -16.046044
v 60.943842 0.672687 -13.791918
v 67.536839 0.813837 -15.507960
v 45.173703 1.121910 -11.004678
v 44.580365 1.089572 -10.777548
v 32.960488 1.642971 -7.851761
v 87.399434 1.228985 -20.585455
v 25.918115 0.982912 -5.653690
v 106.080062 1.165613 -25.486117
v 83.157926 0.781228 -20.047213
v 89.395345 1.199700 -21.105493
v 98.945709 1.242722 -23.617096
v 101.302199 1.247565 -24.203826
v 60.990742 9.422601 -13.941496
v 64.065800 -7.142987 -21.100859
v 75.847081 0.915685 -17.785443
v 70.709369 4.011588 -16.555822
v 80.004955 -1.957147 -21.426469
v 110.324493 1.139269 -26.549320
v 110.988619 1.104116 -26.727069
v 83.463687 -0.730246 -20.886862
v 78.120573 -1.898294 -20.861544
v 78.183182 -0.302045 -19.600475
v 36.112836 1.615338 -7.732262
v 32.963640 1.635342 -8.175810
v 91.387216 1.115726 -21.640625
v 31.740071 1.757468 -6.629818
v 92.842781 1.138195 -22.003912
v 97.981728 1.226115 -23.351006
v 107.421442 1.190034 -25.792558
v 26.187111 0.702989 -6.005671
v 94.556114 0.618645 -22.878878
v 92.175808 1.067412 -21.851962
v 83.286357 1.281697 -19.514948
v 55.954127 2.090001 -9.136121
v -10.797229 6.688895 -4.178961
v 50.336544 -3.186543 -7.689437
v 53.286727 1.845403 -10.522822
v 76.730508 1.197938 -17.905210
v 82.198597 1.129347 -19.227861
v 87.450720 1.031720 -20.635576
v 79.395087 1.109801 -18.582660
v 53.128987 1.835553 -10.653041
v 53.170867 9.767698 -11.887652
v 97.556580 0.853065 -23.247330
v 100.582905 0.981012 -24.026975
v 102.576292 0.861882 -24.556447
v 94.291278 1.025899 -22.393614
v 102.327217 0.796451 -24.520113
v 106.566093 0.820889 -25.604070
v 101.310435 1.091367 -24.209561
v 47.982791 1.345955 -10.365443
v 29.300648 31.062895 -6.136435
v 94.589618 1.003440 -22.487616
v 94.654032 1.099143 -22.488680
v 95.987333 0.973662 -22.825310
v 96.947779 0.950230 -23.104607
v 97.258239 0.926794 -23.153328
v 108.684269 0.880959 -26.150765
v 55.481415 1.219043 -12.323871
v 54.182341 1.263958 -11.980227
v 55.814992 1.232717 -12.407085
v 73.471264 1.240627 -17.025497
v 117.206238 0.898585 -28.395214
v 102.759436 1.035711 -24.597376
v 64.520107 1.063820 -14.692465
v 72.135441 0.898335 -16.698304
v 66.029987 1.017930 -15.094552
v 66.935108 0.952994 -15.338823
v 61.495800 1.064780 -13.905272
v 66.333882 1.035510 -15.167799
v 69.837150 0.884650 -16.099358
v 92.530303 0.951670 -21.962739
v 85.621291 0.875461 -20.218731
v 93.795654 0.911639 -22.311511
v 91.324317 0.901859 -21.633901
v 86.828287 0.925272 -20.543796
v 82.779119 1.051226 -19.476240
v 81.934374 1.005323 -19.248129
v 87.579045 1.061994 -20.639593
v 3.360646 2.157134 -3.158417
v -42.838440 -0.381132 -6.631220
v 54.734819 2.163132 -9.013428
v 69.460846 1.295452 -16.022712
v 62.707844 1.514005 -14.211467
v 62.360487 6.260994 -14.201308
v 64.887910 1.411478 -14.768662
v 60.710420 1.113603 -13.697092
v 52.035493 1.345977 -11.419791
v 54.151649 1.306926 -11.974034
v 56.359377 1.323540 -12.548741
v -5.452183 0.589793 -10.329922
v -52.000820 2.440367 -7.533307
v 68.877712 1.349000 -15.816285
v 48.103036 1.419197 -10.399647
v 51.550978 1.261990 -11.296180
v 87.674042 0.901839 -20.768134
v 92.110707 0.943856 -21.838307
v 56.480520 2.756713 -12.622558
v 49.685915 1.406805 -11.039978
v 86.668875 1.026833 -20.414189
v 49.283673 12.136102 -10.903301
v 64.098995 1.474950 -14.573689
v 64.021850 5.457360 -14.627689
v 54.173058 4.415579 -1.228934
v 55.980237 3.597876 -4.282859
v 65.101912 2.872173 -14.811281
v 75.769227 1.210557 -17.664681
v 79.531996 1.229918 -18.554602
v 83.866880 1.022912 -19.763328
v 87.515135 1.061017 -20.636641
v 79.537046 1.270934 -18.535734
v 83.045362 1.174274 -19.448426
v 74.499660 1.188875 -17.292653
v 75.359049 1.341223 -17.466049
v 66.154776 1.427110 -15.111773
v 70.691488 1.307018 -16.291619
v 79.111391 1.266049 -18.433942
v 70.606109 1.293835 -16.304267
v 70.149123 1.292367 -16.142416
v 73.731448 1.329495 -17.020324
v 77.605550 1.225025 -18.016762
v 73.834525 1.201567 -17.118678
v 70.839310 1.157443 -16.441221
v 83.161063 1.134235 -19.499611
v 78.427067 1.150811 -18.331663
v 80.420958 1.119572 -18.859248
v 57.030720 2.794804 -12.775561
v 59.397908 2.302107 -13.359118
v 65.363840 1.536481 -14.924346
v 72.098244 1.315148 -16.721520
v -0.742450 1.359365 -3.436336
v -0.777921 1.742177 -3.600518
v -0.763485 1.542958 -3.533700
v 0.981685 1.034382 3.500338
v -0.074763 3.830075 -0.197258
v -0.270892 1.519526 -1.141323
v 0.965988 3.572244 3.609320
v -0.555183 3.824211 -2.545398
v 1.018182 2.624752 3.624307
v -0.827005 1.884754 -3.827698
v 1.026594 0.908668 3.835708
v -0.288325 2.292964 -1.235818
v 1.031644 0.729469 3.854573
v -0.762659 1.791005 -3.529883
v 0.991247 0.812966 3.703636
v -0.781211 3.867177 -3.615799
v 0.994277 0.674294 3.714956
v -0.318349 3.749995 -1.393306
v 0.990741 0.910622 3.701750
v -0.379050 3.320307 -1.754451
v 0.945795 1.974588 3.533840
v -0.411223 3.332026 -1.903359
v 1.029115 1.901344 3.845148
v 1.023054 2.277321 3.822510
v -0.397200 3.095698 -1.838449
v 0.009205 0.685547 0.034408
v 0.057456 0.198853 0.019857
v 0.135490 0.166022 0.069296
v 0.209669 0.189325 0.127798
v 1.028616 0.278297 3.843250
v -0.465669 3.320306 -2.155356
v -0.433496 3.332025 -2.006449
v -0.447522 3.095697 -2.071356
v 131.088676 0.934794 -31.884297
v 128.043161 0.885949 -31.176347
v 3.723354 0.198860 1.286826
v 139.289076 0.962184 -34.121533
v 0.859780 0.081180 0.404535
v 0.022436 0.010399 0.010556
v 3.596411 0.010411 1.692144
v 0.567296 0.241213 0.266918
v 0.268960 0.284842 0.150738
v 0.905729 0.185550 0.426154
v 104.210457 0.938063 -24.977644
v 121.627249 0.903004 -29.523875
v 111.254358 0.776969 -26.701144
v 117.997173 0.868316 -28.582640
v 121.684594 0.935719 -29.551354
v 116.907392 0.931298 -28.303099
v 2.712771 0.185556 1.276384
v 2.678486 0.037673 1.424842
v 19.779353 0.757908 -3.091978
v 116.485272 1.022116 -28.188099
v 132.516468 0.908923 -32.351354
v 136.502735 0.931407 -33.412183
v 2.451570 0.745240 1.120890
v 2.811515 0.196078 1.587094
v 2.988652 0.015608 1.032906
v 3.428519 0.112804 1.613150
v 0.213306 0.011977 0.120432
v 32.326866 0.739911 -6.371375
v 24.706988 0.786744 -4.382517
v 0.974584 0.576638 3.641373
v -0.068410 1.924804 -0.316675
v -0.053201 1.685546 -0.246277
v 0.005062 1.901367 0.018954
v 123.782287 0.887878 -29.932840
v 124.895580 0.872748 -30.366270
v 124.440857 1.066104 -30.131341
v 137.225215 0.960708 -33.613637
v 131.555012 1.043684 -32.075830
v 143.631533 0.962696 -35.301957
v 119.851346 0.843911 -28.907037
v 136.140990 0.951424 -33.313343
v 25.434013 0.709599 -4.566991
v 134.685424 0.995850 -32.950056
v 135.414469 1.012455 -33.126982
v 116.524155 0.818013 -28.042823
v 123.074735 0.965024 -29.917349
v 37.117197 0.781930 -7.570575
v 29.613019 0.828275 -5.632902
v 34.157810 0.855644 -6.782560
v -44.993508 -16.224082 -5.831857
v 7.667288 -0.015378 0.444915
v -68.342281 2.334533 -2.328533
v 114.132160 1.134407 -27.552240
v 3.445118 0.107641 1.832404
v -0.017728 1.884765 -0.082098
v 0.011053 2.277344 0.041347
v 0.059363 0.576659 0.221812
v -5.183138 0.789703 15.974319
v -38.073863 -1.653726 4.034006
v 43.290093 1.092999 -9.164069
v 52.028930 0.880645 -11.444322
v 61.822814 0.816735 -14.013015
v 95.019314 0.782250 -22.574316
v 100.215100 1.066947 -23.950775
v 68.060518 2.669026 -15.622938
v 57.627758 1.167297 -12.886193
v 61.134560 1.131184 -13.804544
v 0.791467 0.015604 0.273538
v 0.012437 0.104659 0.006165
v 37.159393 0.756540 -7.654656
v 34.454131 0.768243 -6.884109
v 123.322295 0.871763 -29.959345
v 132.527072 1.029040 -32.311732
v -6.718424 -16.100393 8.753305
v -1.789219 11.436847 18.475723
v -12.296945 9.193054 11.707395
v -16.300238 0.133878 14.382695
v -5.480014 -13.994037 9.866918
v 9.796737 1.223753 13.589040
v -39.957703 -1.995940 3.924713
v 2.951249 0.727448 11.083224
v 6.016687 0.924112 11.825433
v -40.037864 -1.994157 3.923482
v 10.909248 1.315413 14.229160
v -25.217233 11.190997 14.990140
v 5.968278 1.391756 5.549011
v 5.315139 1.394840 6.780714
v 20.561422 -6.076685 18.008356
v -1.083212 12.129146 18.235597
v -17.738721 -0.479439 7.859358
v -31.216743 -1.465847 3.843519
v -27.309160 8.199163 17.594547
v -8.405332 0.375639 5.979986
v -44.318781 -2.017233 3.613682
v -45.127668 -2.065036 3.705027
v -31.275320 -1.271535 6.026088
v -38.940543 2.938443 7.372612
v -38.804383 -1.663527 3.225688
v -41.265632 -1.898337 3.794167
v -14.402998 -0.464223 4.236086
v -13.072361 -0.409203 4.261430
v -21.646719 -0.872124 4.295258
v -11.252436 -0.169706 6.369154
v -1.313349 0.305258 6.203965
v 4.641196 0.539691 4.945964
v -6.521788 -14.036229 7.346124
v -4.312887 0.727510 14.810851
v -4.239716 0.837554 16.016901
v -4.545298 -14.552903 8.654893
v -3.423886 11.009193 12.195034
v -27.411404 9.605697 14.107292
v -15.181455 -10.075980 10.322547
v 0.575258 12.096851 13.665510
v -0.284743 1.225165 18.403093
v -3.564540 0.733444 14.475125
v -39.411133 -1.950379 3.909353
v -26.843516 10.000362 14.355234
v -23.728787 12.086701 15.724323
v -23.924071 -1.031245 3.957858
v 3.313980 1.245483 6.361950
v -25.401772 -1.138174 3.810589
v -35.812693 4.621117 8.938079
v -44.797698 -2.078065 3.705457
v -24.239631 -1.074435 3.798576
v -28.769244 -1.320610 3.821869
v 6.237272 1.388814 6.774784
v -20.401987 -9.664377 20.080579
v -3.859197 0.983874 17.683773
v -12.581927 9.269855 11.766713
v -10.778012 11.444595 13.405066
v -39.381618 -1.948605 3.907872
v -11.703650 10.537733 12.632271
v -0.540462 1.128296 17.510904
v -19.662191 -0.592978 6.561449
v 2.781782 0.483146 5.811468
v 0.293421 0.432712 5.401168
v 2.267321 0.496497 5.448651
v -0.032958 1.519531 -0.145424
v -22.714450 -0.726718 5.730458
v -25.542143 -17.830622 6.442020
v -3.847346 11.169538 13.521363
v 31.001983 -16.069616 -0.299207
v 45.523480 2.417167 8.465717
v 33.909870 1.780810 4.278896
v 24.172462 1.261623 3.868244
v 36.774920 2.202794 2.905553
v 27.781551 1.478573 3.746096
v 33.453161 1.944224 5.623921
v 32.271767 1.466766 0.999508
v 43.999505 1.889839 1.587086
v 37.108479 1.720380 3.980602
v 42.043312 1.909738 3.855168
v 37.773508 1.746110 3.979995
v 25.252580 19.105574 0.272965
v 33.776096 2.462054 5.565914
v 41.220422 2.718479 13.105812
v 25.947285 -22.288824 -2.543157
v 35.493735 -5.402784 1.756852
v 16.390281 -25.582293 -0.384562
v 30.667981 -7.263872 6.946735
v 34.494418 1.884539 4.464934
v 14.798688 -24.693298 -0.004877
v 27.294763 1.487446 3.865049
v 31.663503 -14.191076 0.262906
v 23.654990 1.240661 3.788921
v 31.197409 -14.702742 0.179941
v 45.894671 1.812940 0.610492
v 47.772534 2.324679 6.289989
v 46.032829 1.759525 0.222142
v -13.700765 -13.374682 5.808069
v 36.915168 2.614485 13.078914
v 18.533125 -17.326787 -2.148072
v 37.670335 2.597270 12.704712
v 26.260925 2.349547 2.782560
v 43.597707 2.415489 8.172228
v 43.764666 2.413852 8.196293
v 31.287431 1.516377 4.150140
v 36.746275 -4.796372 2.110895
v 26.451058 -7.002387 3.312368
v 43.493414 -2.621496 -2.517962
v 36.205315 -7.518054 -0.542538
v 14.598829 2.807173 6.669577
v 17.811788 -23.913207 -0.088275
v 29.104542 1.556692 3.804436
v 30.247935 1.605229 3.748672
v 33.401069 1.765022 4.276181
v 43.409083 1.994335 2.639807
v -4.960659 -14.432172 9.055400
v -17.240420 -0.527879 5.263206
v -21.798824 -0.915672 3.914557
v 28.095424 -0.564353 1.599758
v 15.030683 -24.674285 0.553025
v 20.266365 -8.660078 3.820017
v 43.467712 -3.025842 -1.787360
v 43.510713 -2.761202 -2.151390
v 33.589766 -12.678807 -0.402063
v 17.749530 2.741753 6.190324
v 33.716525 1.767831 4.288448
v 37.248334 1.881333 3.975762
v 43.251194 2.040567 3.035933
v 43.181124 2.129638 4.086741
v 43.069529 2.136206 4.256609
v -3.888175 0.161203 5.946780
v -0.581952 0.453942 9.437904
v 38.478030 1.934744 3.984314
v 47.841683 2.318177 6.481742
v 42.665471 2.061377 3.378680
v 43.560906 2.146121 4.091940
v 28.681084 1.849754 4.957377
v 45.480711 2.078969 4.045191
v -14.725350 -0.317248 8.562415
v 27.237924 1.403602 3.504068
v 42.528288 2.522553 11.542290
v 35.168506 1.998868 5.933454
v 34.906289 2.171003 9.239292
v 31.386318 1.854950 2.259227
v 37.853443 1.924855 4.177735
v 44.322355 2.394998 6.512306
v 42.286287 2.103541 4.021523
v 36.901878 1.863989 3.975762
v 49.111751 2.329053 6.323588
v 49.592578 2.317796 5.602513
v 24.830140 1.362161 3.864708
v 41.056313 1.936498 3.178671
v 44.568097 1.992365 2.787457
v 47.754170 2.335506 6.490618
v 23.073543 1.204653 3.789064
v 45.939543 2.384880 7.504734
v 30.847323 -15.183566 0.105276
v 29.554032 -7.791126 0.831028
v 26.823617 2.808733 14.992353
v 45.487868 1.953535 2.029150
v 47.979056 2.325842 6.303819
v 39.486902 2.541378 11.096284
v 45.434068 2.379444 7.358948
v 31.689454 1.635343 4.283616
v 41.634354 1.894985 3.852993
v 47.404903 2.324974 6.076661
v 29.733280 1.548492 4.284020
v 35.223422 1.806972 4.297884
v 42.709851 1.958201 3.862534
v 42.230728 1.925562 3.858835
v 33.418099 2.474169 5.626509
v 40.815684 1.856710 3.897818
v 39.298324 1.829423 3.977062
v 34.451485 1.679121 4.152568
v 34.834291 1.863044 4.427897
v 34.176997 1.517399 3.917341
v 42.370430 1.905227 3.957020
v 37.568989 1.662030 3.924716
v 41.504400 2.617404 13.927658
v 24.559115 -10.619452 0.771582
v 18.818429 -15.719757 2.011865
v 23.297640 -10.386540 1.232509
v 34.901804 1.940434 4.501946
v 45.479211 1.958596 2.085560
v 30.914165 -15.011950 0.116327
v 23.637519 1.241670 3.786830
v 45.388895 2.001876 2.586140
v 26.236680 1.366994 3.784527
v 31.925030 -13.954591 0.312552
v 24.833302 1.299478 3.786616
v 46.927024 2.335416 6.610293
v 26.875599 1.439157 3.680625
v 25.347837 1.363330 3.680984
v 26.389565 1.419944 3.681272
v 34.630030 1.936118 5.039510
v 45.616459 1.846470 1.023889
v 46.810013 2.335160 6.600625
v 47.342758 2.330840 6.457719
v 45.779324 1.623108 -0.997976
v 46.192984 1.655577 -0.728902
v 44.534061 1.777354 0.467921
v 45.945445 1.901515 1.492438
v 22.826135 -13.973574 -1.110177
v 44.333188 1.399660 -2.584051
v 44.886104 1.553068 -1.395589
v 44.684026 1.419324 -2.404178
v 25.128707 -12.416942 -0.681351
v 24.223064 2.182595 2.519111
v 26.372011 2.855597 16.928631
v 15.088733 0.765621 0.782594
v 24.643941 -12.813354 -0.801388
v 46.810081 2.331450 6.220886
v 43.430823 2.420943 8.334642
v 44.195977 2.406313 8.027177
v 47.197558 2.324738 6.063618
v 46.622641 2.331314 6.216769
v 37.794468 2.580858 11.934116
v 37.078466 2.606375 12.769093
v -9.304276 -0.257916 4.089456
v 8.058342 2.035295 3.901989
v 12.535580 -23.588412 0.835515
v 29.984076 2.220652 2.219754
v 36.043304 2.637304 12.791671
v 35.974249 -8.692118 0.274928
v 13.087180 2.826856 6.706789
v 30.982610 -13.765970 -0.498969
v 10.746379 2.874548 6.984007
v 34.351193 1.934350 5.026935
v 29.960102 1.593768 3.804222
v 33.561590 1.932551 5.304925
v 28.493322 1.520277 3.802631
v 46.355840 2.337966 6.378346
v 1.228829 0.291367 4.448868
v -24.114486 -1.067204 3.784656
v 47.319843 2.290251 4.318231
v 29.872392 2.598657 5.814367
v 15.646391 -17.395420 -1.815646
v 32.104005 -11.866145 -0.108001
v 35.089461 -11.758919 -0.505500
v 28.925870 -19.301691 -3.183182
v 34.129848 1.884532 4.214046
v 17.878344 2.745743 6.212378
v 23.736007 -0.612280 1.815517
v 36.177024 1.788686 4.277044
v 10.102563 2.919812 7.679879
v 43.253194 -3.233663 -2.083170
v 40.939346 2.436813 8.825282
v 35.393656 -8.742276 -0.075337
v 24.268173 -7.801739 3.428856
v 43.532270 2.057924 3.854579
v 35.531466 -8.425780 -1.255191
v 43.398464 -3.197752 -1.658111
v 7.011718 2.070013 3.969124
v 8.590125 2.945884 7.900420
v 39.891225 2.510217 9.064531
v 36.444393 -7.871723 -0.248356
v 44.647455 2.104927 3.862591
v 44.558104 2.105072 3.864436
v 44.378705 2.089736 3.858514
v 16.083893 2.778117 6.365828
v 14.969109 2.797358 6.459670
v 36.151016 -8.447693 0.235426
v 44.368673 2.091067 3.856594
v 38.049022 1.917256 3.982005
v 32.702792 1.731253 4.277667
v 37.621487 1.898808 3.977826
v 33.417054 1.937927 5.463624
v 47.592297 2.061918 3.918838
v 48.497023 2.280929 4.225554
v 42.412179 1.998303 4.234402
v 43.789826 2.092750 4.274604
v 47.837333 2.324719 6.670759
v 48.664733 2.322176 6.542376
v 48.159400 2.326145 6.695911
v 33.183933 1.750350 4.283581
v 26.968972 -20.923805 -2.343917
v 25.696159 -22.508204 -2.710480
v 26.448683 -21.585907 -2.492500
v 42.884904 1.961943 2.524461
v 43.113176 2.130144 4.085353
v 43.889203 2.463928 11.047243
v 43.929270 2.047062 4.086670
v 25.603159 -22.672611 -2.719399
v 43.990673 1.994361 4.053582
v 39.969549 1.845971 4.100775
v 35.185213 2.782811 20.493428
v 46.559536 2.028288 3.869026
v 30.801919 1.904200 4.849183
v 46.588973 2.051026 3.974112
v 46.971094 2.082402 3.974591
v 44.096153 1.957103 4.023507
v 44.061326 1.931427 3.967890
v 27.970488 2.618138 5.890012
v 46.128797 2.035314 3.926663
v 36.805983 -4.380275 2.402783
v 48.200598 2.085885 3.869427
v 26.698907 2.649596 6.117053
v 30.228449 2.575729 5.649119
v 26.789705 2.643282 6.050854
v 3.928750 -4.053943 -0.500173
v 5.746788 -9.437163 -0.501676
v 6.531342 -8.935280 1.485763
v 2.451827 -6.000135 1.948944
v 3.227562 -1.061521 2.745345
v 3.237444 0.000002 2.746576
v 3.212381 0.000002 2.672041
v 2.662599 -7.191864 3.127361
v 3.218797 -1.384763 2.679404
v 3.279926 -6.339838 2.631829
v 3.305077 -6.761713 2.547727
v 3.368096 -3.482418 2.605760
v 3.303904 0.000002 2.451847
v 3.943308 -11.743831 2.481476
v 7.668187 -11.219420 1.765368
v -1.282782 -6.976186 0.370793
v 11.364004 -9.809697 3.913008
v 3.204388 0.000002 2.776424
v -148.553892 2.188595 43.501856
v 3.575209 -11.922442 2.443812
v -135.111247 2.161326 40.061736
v 8.586696 2.517335 6.756140
v 27.231262 -8.270676 0.961503
v 26.229079 -18.323105 -1.655447
v 14.532589 -16.651696 -1.728742
v 42.449918 3.072005 -0.937601
v 41.664889 3.054554 -0.497882
v 41.435025 3.213457 1.940708
v 33.870920 2.779595 10.536734
v 41.827940 3.233894 1.691997
v 39.414360 2.826285 1.629340
v 1.194215 -3.315418 1.215970
v 1.571872 -3.369582 0.774037
v 68.424142 2.060978 15.271835
v 1.660717 -3.422412 0.448813
v 5.143028 -7.047304 0.432566
v 6.720116 -6.892868 0.345764
v 6.339530 -12.970351 0.645042
v -123.593472 2.335220 36.681874
v -125.151609 2.370367 37.145401
v -147.706117 2.243287 43.285065
v 3.490805 -1.930507 2.528244
v 41.138140 -2.080599 -0.039117
v 30.961449 2.553047 2.120911
v 40.722878 3.025253 0.879219
v 26.381262 -8.465320 -0.746366
v 14.259057 -24.035176 0.120077
v 23.549571 -20.083944 -0.087288
v 42.383184 2.371022 19.291882
v 8.670476 -6.311923 0.166585
v 3.256924 -4.371089 2.611976
v -151.196255 2.313580 44.265678
v -146.834103 2.290166 43.158836
v -137.311513 2.487486 40.543464
v -132.993293 2.284386 39.272476
v -129.745665 2.266826 38.352726
v 39.121698 2.962500 2.169938
v 41.952493 0.183688 0.426467
v 32.268345 -12.595075 -1.373776
v 35.205232 -5.424842 -0.345210
v 37.734362 1.779645 4.019470
v 37.407940 2.381341 4.925879
v 114.420685 3.262570 12.986655
v 24.384346 -12.657995 -1.411057
v 16.283957 -11.224250 -0.594310
v 42.228528 0.370731 0.676846
v 38.910016 1.818460 3.889682
v 38.714570 1.786262 3.934936
v 33.202187 1.764155 4.219738
v 34.736492 1.865189 4.367833
v -3.568306 -10.371519 0.091549
v 4.011883 -7.077815 2.531154
v -4.911172 -11.872770 -0.042296
v 6.700238 -8.618246 0.403335
v 8.253460 -11.045692 0.097869
v 6.568297 -11.489003 0.239024
v 0.603680 -5.379941 1.232434
v 4.814872 -3.904539 1.038126
v 5.306910 -9.387872 0.287068
v 3.164810 -1.043681 0.575833
v -0.289156 -4.639714 1.199200
v 4.606830 -2.560404 0.428353
v 3.213927 -1.520505 2.746348
v -0.550325 -5.789383 0.418005
v 3.248931 -2.113278 2.716357
v -7.684902 -11.039539 -0.114460
v 1.722735 -10.034114 4.080445
v 3.202755 0.000002 2.727584
v -7.982302 -10.540735 4.765748
v 3.208026 -0.565916 2.719363
v 3.209058 0.000002 2.680119
v 3.281616 0.000002 2.708077
v 3.242601 -4.437496 2.683531
v 3.267121 -2.474606 2.697394
v 3.336730 -7.664056 2.578693
v 3.305019 -3.316402 2.653482
v 3.369896 0.013269 2.624234
v 3.321891 0.000002 2.669865
v 4.014254 -6.374236 2.547363
v 3.374892 -6.362201 2.401959
v 3.344049 0.023465 2.352404
v 3.442230 -3.574553 2.555804
v 2.450845 1.165515 2.472358
v 3.351930 -6.243513 2.468753
v 3.423304 -10.182350 2.488177
v 3.470840 -9.023350 2.517051
v -3.503495 -7.629693 0.274424
v 5.094147 -7.053084 0.623201
v 4.730748 -3.925834 1.300246
v 3.233291 -3.742183 2.690090
v -136.562773 2.190614 40.440117
v -130.997161 2.227755 38.995003
v -129.665375 2.190653 38.652714
v 3.363211 0.081370 2.580551
v 3.827119 -12.619577 -0.414326
v 28.371524 -8.494551 -0.671012
v 21.882856 -10.582889 1.602582
v 10.451745 1.549881 1.593655
v 30.955330 2.708462 11.873135
v 21.778311 -21.852037 -1.963541
v 20.185970 -22.249380 -1.813897
v 40.691458 3.031535 -1.070185
v 34.902673 -4.853746 0.713953
v 31.947264 -11.569703 -0.578506
v 30.216211 -8.288436 0.600639
v 43.548055 3.178072 2.725864
v 13.321563 1.522521 3.549354
v 39.752636 2.644374 1.148911
v 32.589248 2.752016 10.924088
v 42.153746 3.184799 2.575519
v 16.524542 19.970088 3.433618
v 35.228032 2.815178 1.812332
v 41.049076 3.062058 1.574493
v 28.692886 2.430054 2.090520
v 40.067521 2.813402 9.369774
v 37.434529 2.765104 1.822089
v 41.582863 3.009809 1.514770
v 32.415583 2.403800 4.186511
v 13.281724 19.022393 3.414616
v -0.010895 -3.833821 1.203008
v 6.951184 -14.620198 0.593461
v 18.673159 18.196121 20.646146
v 70.988320 2.088247 16.227011
v 3.245060 -1.882307 0.511643
v -122.589884 2.489520 36.805515
v 8.545860 0.953494 21.946368
v -120.836988 2.458280 36.344452
v 122.040192 -10.435668 7.446019
v -122.891759 2.415300 36.886309
v 50.157631 2.379017 11.324296
v 5.519723 -4.942961 0.377236
v -120.442879 0.757498 40.234469
v 3.228593 -3.621090 2.706103
v -122.489118 0.703910 40.277014
v -141.082537 2.157387 41.441546
v -142.765463 2.174956 41.922297
v -141.042644 2.126137 41.590597
v -137.819761 2.229671 40.578398
v 22.710154 -18.295784 -0.497442
v 42.922154 3.208352 1.143412
v 42.682661 3.186341 1.809826
v 21.709512 -7.452451 -0.375148
v 3.341359 -4.841890 -0.238982
v -49.666889 -1.273328 35.406861
v -39.783322 -0.117487 23.266843
v -10.087408 -0.055849 9.746696
v 3.235526 -4.042965 2.693843
v -126.277305 2.372312 37.774229
v -153.135830 2.182710 44.754462
v -124.540832 0.678679 39.141678
v -126.164472 0.624398 39.885761
v -124.356068 0.691062 40.042445
v -122.234581 2.538275 36.946686
v -124.508349 0.588147 39.255420
v -137.160465 2.421080 40.624349
v -138.492249 2.260916 40.966637
v -139.342550 2.448411 41.173996
v -141.529181 2.475743 41.706664
v -142.122831 2.210115 41.905985
v -122.803896 0.729105 40.333341
v -154.745963 0.459104 45.487134
v -149.376419 2.229606 43.812984
v -133.216110 2.493368 39.406922
v -145.633672 2.161267 42.809242
v -142.843292 2.356595 42.114987
v -146.605733 2.391731 43.045146
v -137.574221 2.299985 40.528856
v -122.058765 2.483665 36.846141
v -142.389075 2.401520 41.878173
v -132.381464 2.401577 39.141075
v -135.174368 2.214061 39.825897
v -145.531606 2.309706 42.707117
v -151.208373 2.092877 44.220395
v -142.159693 2.241366 41.768255
v 41.096223 3.070725 1.041720
v 18.068495 -9.138050 -0.657428
v 33.738346 -3.267539 0.350475
v 33.564302 -11.088384 -1.237002
v 1.868406 -1.634451 2.375750
v 5.095005 -13.615600 0.642761
v 5.347879 -10.724978 0.489071
v 1.225053 0.620446 1.955865
v 12.786587 -10.962417 -0.820736
v 37.939106 -3.776868 0.393593
v 38.944343 -1.330611 0.922710
v 36.566934 -6.991688 -0.481366
v 41.915734 -0.576481 0.288647
v 38.869899 1.187544 0.750637
v 40.454431 1.454540 0.735174
v 40.857000 1.795327 0.703262
v 41.797944 1.200044 0.757425
v 47.122463 2.373535 16.028933
v 42.706951 1.992602 7.646147
v 2.353896 0.827114 2.334709
v 75.825114 3.897639 21.409936
v 41.039835 1.879355 3.850662
v -129.422797 0.778548 38.108598
v 5.015594 -15.001495 0.636640
v 36.850000 2.403778 5.134655
v -122.123478 0.729761 36.130725
v 5.318425 -10.726347 0.610672
v 5.236800 -11.569377 0.541653
v 3.232547 0.000002 2.600056
v 5.559710 -8.735046 0.455654
v -119.955532 0.836707 35.528251
v 8.993023 -9.138201 0.373347
v 3.264545 0.000002 2.529160
v 6.508623 -11.090346 0.482969
v 9.786608 -12.071181 2.469345
v 5.749248 -10.628220 0.489397
v 9.548860 1.200802 26.841544
v 28.518137 0.982039 4.435160
v 67.493860 -1.117340 1.264728
v 27.024955 -0.833636 2.431886
v 6.480922 1.008616 22.797313
v 29.627773 0.249988 -3.659386
v 30.082095 0.837205 -0.097405
v -0.025075 1.909179 -0.116103
v -0.791533 1.685536 -3.663517
v 0.139030 0.246077 0.135456
v 0.005376 0.278320 0.020093
v -0.819580 1.909168 -3.793335
v -0.776270 1.924794 -3.592883
v 1.025080 0.685524 3.830046
v 83.653659 3.177114 12.272417
v 20.855669 1.281196 18.959142
v 1.759751 1.388854 4.253522
v 0.000110 0.000045 0.000071
v 0.000112 0.000044 0.000071
v 0.000098 -0.000023 -0.000005
v 0.000082 0.000087 0.000077
v 0.000085 0.000003 0.000071
v 0.000153 0.000164 0.000138
v 0.000159 0.000010 0.000135
v 0.000152 0.000161 0.000136
v 0.000152 0.000159 0.000133
v -0.000222 -0.000237 0.000213
v -0.000216 -0.000237 0.000212
v -0.000211 -0.000225 0.000207
v 0.000277 0.000299 0.000255
v 0.000139 0.000157 0.000368
v 0.000280 0.000295 0.000259
v 0.000009 0.000009 0.000256
v 0.000273 0.000385 0.000393
v 0.000371 0.000398 0.000325
v 0.000301 -0.000138 -0.000406
v 0.000154 0.000433 0.000375
v -0.000143 0.000005 -0.000130
v -0.000127 -0.000174 0.000258
v 0.000131 -0.000053 0.000089
v 0.000465 0.000431 0.000393
v 0.000001 0.000001 0.000002
v 0.000002 0.000004 0.000004
v 0.000003 0.000003 -0.000000
v 0.000002 0.000004 0.000003
v -0.000002 0.000006 -0.000002
v 0.000007 0.000007 0.000007
v 0.000008 0.000005 0.000001
v 0.000002 -0.000010 0.000007
v 0.000011 0.000013 0.000001
v 0.000011 0.000013 0.000013
v 0.000012 0.000011 0.000010
v 0.000008 0.000018 0.000015
v 0.000010 0.000016 0.000019
v 0.000018 0.000012 0.000015
v 0.000018 0.000018 0.000020
v 0.000012 -0.000005 0.000001
v 0.000021 0.000021 0.000019
v 0.000022 0.000022 0.000021
v 0.000023 0.000024 0.000022
v 0.000024 0.000000 0.000022
v 0.000024 -0.000024 0.000022
v 0.000027 0.000028 0.000024
v 0.000028 0.000002 0.000026
v 0.000027 0.000028 0.000025
v 0.000029 0.000030 0.000027
v 0.000001 -0.000032 0.000030
v -0.000000 -0.000000 0.000029
v 0.000035 0.000034 0.000032
v -0.000034 -0.000036 0.000031
v 0.000039 0.000001 0.000033
v 0.000000 0.000000 0.000034
v 0.000016 0.000000 0.000042
v 0.000001 0.000001 0.000036
v 0.000001 0.000001 0.000039
v -0.000002 -0.000002 0.000039
v 0.000001 0.000001 0.000037
v -0.000044 -0.000046 0.000041
v -0.000046 -0.000049 0.000042
v -0.000047 -0.000048 0.000044
v -0.000047 -0.000051 0.000045
v -0.000049 -0.000052 0.000045
v -0.000049 -0.000051 0.000045
v -0.000051 -0.000054 0.000047
v -0.000051 -0.000056 0.000049
v 0.000043 0.000053 0.000060
v 0.000000 -0.000000 0.000049
v 0.000057 0.000054 0.000058
v 0.000059 0.000058 0.000056
v 0.000056 0.000058 0.000058
v 0.000057 0.000059 0.000061
v 0.000001 0.000055 0.000076
v 0.000048 0.000052 -0.000000
v -0.000010 0.000072 -0.000021
v 0.000055 0.000036 0.000007
v 0.000038 -0.000066 -0.000012
v 0.000076 0.000008 0.000059
v 0.000068 0.000067 0.000069
v 0.000072 0.000065 0.000065
v 0.000069 0.000070 0.000073
v 0.000078 0.000062 0.000071
v 0.000038 0.000092 -0.000067
v 0.000062 0.000083 0.000001
v 0.000077 -0.000073 0.000068
v 0.000089 0.000003 0.000080
v 0.000089 0.000005 0.000080
v 0.000088 0.000092 -0.000003
v 0.000091 0.000097 0.000084
v 0.000092 0.000096 0.000086
v 0.000095 0.000006 0.000087
v 0.000048 0.000054 0.000121
v 0.000005 0.000005 0.000087
v -0.000095 -0.000103 0.000091
v 0.000097 0.000104 0.000091
v 0.000101 0.000004 0.000088
v -0.000104 -0.000111 0.000097
v -0.000106 -0.000002 0.000003
v -0.000106 -0.000114 0.000098
v -0.000107 -0.000113 0.000098
v -0.000109 -0.000117 0.000101
v -0.000108 -0.000117 0.000103
v -0.000110 -0.000117 0.000103
v 0.000000 -0.000003 0.000111
v -0.000000 -0.000000 0.000107
v 0.000115 0.000113 0.000114
v 0.000120 0.000120 0.000120
v 0.000122 0.000121 0.000119
v 0.000123 0.000094 0.000093
v 0.000016 0.000001 0.000014
v 0.000113 0.000126 -0.000034
v 0.000100 0.000041 -0.000106
v 0.000117 0.000023 -0.000052
v 0.000017 -0.000034 -0.000009
v -0.000104 0.000021 0.000130
v 0.000127 0.000132 -0.000002
v 0.000130 0.000129 0.000122
v 0.000103 0.000155 -0.000001
v 0.000133 0.000133 0.000129
v 0.000102 0.000156 0.000128
v 0.000087 0.000173 0.000131
v 0.000136 0.000135 0.000133
v 0.000111 0.000132 -0.000002
v 0.000096 0.000161 -0.000002
v 0.000121 0.000033 0.000022
v 0.000140 0.000149 0.000136
v 0.000144 0.000153 0.000127
v 0.000145 0.000155 0.000129
v 0.000152 0.000001 0.000130
v 0.000002 0.000001 0.000134
v -0.000001 -0.000002 0.000092
v 0.000100 0.000108 0.000096
v -0.000020 -0.000022 0.000095
v 0.000026 0.000019 0.000093
v -0.000149 -0.000159 0.000139
v 0.000155 0.000167 0.000140
v 0.000164 0.000012 0.000141
v 0.000004 0.000004 0.000142
v 0.000161 0.000174 0.000146
v 0.000078 0.000004 0.000180
v 0.000173 -0.000158 0.000145
v 0.000007 -0.000163 0.000143
v -0.000161 -0.000171 0.000146
v -0.000160 -0.000004 0.000003
v -0.000163 -0.000172 0.000149
v -0.000161 -0.000176 0.000150
v -0.000163 -0.000176 0.000152
v -0.000163 -0.000179 0.000154
v -0.000167 -0.000179 0.000153
v -0.000036 0.000004 0.000192
v -0.000030 -0.000004 0.000188
v 0.000002 -0.000005 0.000166
v 0.000001 0.000001 0.000159
v 0.000176 0.000176 0.000173
v 0.000179 0.000177 0.000176
v 0.000179 0.000181 0.000178
v 0.000180 0.000178 0.000180
v 0.000182 0.000182 0.000175
v 0.000162 0.000183 0.000197
v 0.000185 0.000187 0.000180
v 0.000139 0.000199 0.000203
v 0.000164 0.000189 0.000199
v 0.000030 0.000018 0.000194
v -0.000169 -0.000158 0.000117
v 0.000036 0.000012 0.000185
v -0.000028 -0.000036 0.000073
v 0.000190 0.000245 0.000246
v 0.000186 0.000244 0.000288
v 0.000242 0.000049 0.000337
v 0.000238 0.000243 0.000108
v 0.000188 0.000193 0.000198
v 0.000192 0.000195 0.000200
v 0.000190 0.000195 0.000199
v 0.000144 0.000224 0.000022
v 0.000094 0.000259 0.000199
v 0.000120 0.000241 0.000201
v 0.000241 0.000134 0.000203
v 0.000263 0.000091 0.000007
v 0.000217 0.000183 0.000196
v 0.000203 0.000217 0.000190
v 0.000203 0.000219 0.000190
v 0.000211 0.000194 0.000217
v 0.000205 0.000223 0.000191
v 0.000207 0.000223 0.000195
v 0.000209 0.000224 0.000194
v 0.000210 0.000222 0.000196
v 0.000211 0.000225 0.000197
v 0.000220 0.000004 0.000198
v 0.000221 0.000007 0.000198
v 0.000212 0.000230 0.000198
v 0.000005 0.000007 0.000202
v 0.000004 0.000005 0.000203
v 0.000217 0.000233 0.000204
v 0.000013 -0.000220 0.000205
v -0.000225 -0.000240 0.000215
v -0.000225 -0.000241 0.000217
v -0.000228 -0.000244 0.000216
v -0.000228 -0.000244 0.000220
v 0.000041 -0.000002 0.000174
v 0.000007 0.000000 0.000230
v 0.000239 0.000239 0.000238
v 0.000238 0.000240 0.000241
v 0.000238 0.000238 0.000239
v 0.000098 0.000247 0.000258
v 0.000061 0.000254 0.000273
v 0.000247 0.000257 0.000029
v 0.000248 0.000253 -0.000009
v 0.000253 0.000255 0.000259
v 0.000192 0.000298 0.000259
v 0.000307 0.000168 0.000018
v 0.000158 0.000328 0.000254
v 0.000222 0.000292 0.000263
v 0.000288 0.000244 0.000254
v 0.000170 -0.000022 0.000001
v 0.000269 0.000286 0.000243
v 0.000278 0.000021 0.000250
v 0.000275 0.000292 0.000250
v 0.000275 0.000293 0.000252
v 0.000276 0.000281 0.000015
v 0.000275 0.000294 0.000253
v -0.000004 -0.000005 0.000263
v -0.000007 -0.000009 0.000263
v -0.000267 -0.000287 0.000261
v -0.000139 -0.000287 0.000326
v -0.000273 -0.000293 0.000264
v -0.000276 -0.000296 0.000265
v -0.000276 -0.000297 0.000266
v -0.000274 -0.000298 0.000266
v -0.000278 -0.000298 0.000266
v -0.000281 -0.000303 0.000269
v -0.000283 -0.000300 0.000271
v -0.000282 -0.000301 0.000270
v -0.000284 -0.000303 0.000271
v 0.000021 0.000089 0.000003
v 0.000212 0.000252 0.000023
v -0.000003 -0.000080 -0.000102
v 0.000152 0.000026 0.000013
v 0.000003 0.000015 0.000265
v 0.000056 -0.000002 0.000218
v 0.000224 0.000298 0.000347
v 0.000301 0.000301 0.000300
v 0.000303 0.000301 0.000303
v 0.000303 0.000305 0.000303
v 0.000304 0.000303 0.000303
v 0.000278 0.000306 0.000328
v 0.000324 -0.000072 0.000163
v 0.000176 0.000359 0.000336
v 0.000244 0.000278 0.000066
v 0.000348 0.000084 0.000275
v 0.000312 0.000312 0.000312
v 0.000312 0.000311 0.000312
v 0.000026 0.000029 0.000243
v 0.000113 0.000424 -0.000254
v 0.000310 0.000318 0.000321
v 0.000311 0.000318 0.000322
v 0.000376 0.000206 0.000022
v 0.000279 0.000348 0.000322
v 0.000162 0.000373 0.000368
v 0.000349 0.000261 0.000322
v 0.000253 0.000368 0.000310
v 0.000350 0.000253 0.000005
v 0.000353 0.000304 0.000314
v 0.000318 0.000338 0.000323
v 0.000328 0.000349 0.000304
v 0.000329 0.000350 0.000305
v 0.000332 0.000353 0.000308
v 0.000332 0.000354 0.000308
v 0.000332 0.000354 0.000308
v 0.000332 0.000355 0.000309
v 0.000006 0.000005 0.000315
v -0.000320 -0.000344 0.000317
v -0.000208 -0.000339 0.000333
v 0.000022 0.000022 0.000314
v 0.000344 0.000366 0.000318
v -0.000328 -0.000350 0.000321
v 0.000358 0.000028 0.000320
v -0.000328 -0.000356 0.000322
v -0.000333 -0.000357 0.000323
v -0.000334 -0.000358 0.000326
v -0.000334 -0.000357 0.000326
v -0.000332 -0.000362 0.000328
v -0.000339 -0.000359 0.000328
v -0.000379 -0.000406 0.000361
v 0.000403 0.000436 0.000346
v 0.000005 0.000008 0.000348
v 0.000416 0.000030 0.000347
v -0.000340 -0.000365 0.000330
v -0.000341 -0.000367 0.000333
v -0.000091 -0.000013 0.000400
v 0.000360 0.000372 0.000345
v 0.000361 0.000361 0.000360
v 0.000360 0.000360 0.000360
v 0.000363 0.000365 0.000364
v 0.000362 0.000365 0.000363
v -0.000256 -0.000318 0.000406
v 0.000335 0.000365 0.000143
v 0.000351 0.000369 0.000212
v 0.000260 0.000370 -0.000452
v 0.000101 0.000377 -0.000480
v 0.000367 0.000047 0.000012
v 0.000373 0.000311 -0.000043
v 0.000007 -0.000319 -0.000001
v 0.000329 -0.000038 0.000242
v 0.000061 0.000411 -0.000058
v 0.000366 0.000377 0.000289
v 0.000363 0.000378 0.000287
v 0.000477 0.000217 -0.000380
v 0.000379 0.000175 0.000299
v 0.000275 0.000381 0.000381
v 0.000175 -0.000017 0.000322
v 0.000395 0.000046 0.000309
v 0.000490 0.000230 0.000280
v 0.000410 -0.000346 0.000313
v 0.000387 0.000419 0.000320
v 0.000390 0.000420 0.000321
v 0.000392 0.000420 0.000323
v 0.000209 0.000237 0.000476
v 0.000408 0.000028 0.000330
v 0.000408 0.000028 0.000333
v -0.000387 -0.000412 0.000351
v -0.000388 -0.000414 0.000355
v -0.000391 -0.000415 0.000355
v -0.000390 -0.000417 0.000355
v -0.000395 -0.000420 0.000361
v -0.000395 -0.000420 0.000362
v -0.000395 -0.000421 0.000359
v -0.000399 -0.000423 0.000359
v 0.000337 0.000419 0.000451
v 0.000340 0.000420 0.000453
v 0.000421 0.000438 0.000384
v 0.000420 0.000424 0.000397
v 0.000418 0.000422 0.000401
v 0.000424 0.000427 0.000403
v 0.000421 0.000426 0.000381
v 0.000366 0.000425 -0.000143
v 0.000401 0.000427 0.000173
v 0.000094 -0.000286 0.000394
v 0.000069 0.000439 0.000475
v 0.000117 0.000437 0.000039
v 0.000424 0.000438 0.000038
v 0.000328 0.000511 0.000445
v 0.000394 0.000478 0.000445
v 0.000281 0.000535 0.000435
v 0.000404 0.000138 0.000503
v 0.000497 0.000381 0.000449
v 0.000506 0.000352 0.000053
v 0.000292 -0.000045 0.000011
v 0.000334 0.000491 0.000040
v 0.000449 0.000478 0.000418
v 0.000466 0.000047 0.000418
v 0.000468 0.000039 0.000419
v 0.000467 0.000036 0.000420
v 0.000453 0.000483 0.000421
v 0.000455 0.000487 0.000423
v 0.000459 0.000487 0.000424
v 0.000475 0.000016 0.000424
v 0.000238 0.000265 0.000604
v 0.000462 0.000492 0.000428
v 0.000460 0.000491 0.000427
v 0.000464 0.000494 0.000430
v 0.000023 0.000023 0.000433
v -0.000267 -0.000445 0.000457
v 0.000483 0.000044 0.000433
v 0.000016 0.000015 0.000433
v 0.000027 0.000028 0.000433
v -0.000436 -0.000468 0.000438
v -0.000437 -0.000470 0.000435
v -0.000439 -0.000473 0.000436
v -0.000440 -0.000473 0.000439
v -0.000444 -0.000474 0.000440
v -0.000443 -0.000480 0.000441
v -0.000445 -0.000480 0.000443
v -0.000175 -0.000303 0.000450
v -0.000450 -0.000483 0.000443
v 0.000051 0.000083 0.000091
v 0.000088 0.000059 0.000078
v 0.000035 -0.000010 0.000080
v 0.000099 0.000032 -0.000042
v 0.000069 0.000119 0.000116
v 0.000118 0.000115 0.000116
v 0.000119 0.000118 0.000118
v 0.000003 -0.000004 0.000217
v 0.000011 0.000012 0.000210
v -0.000219 -0.000230 0.000207
v -0.000220 -0.000233 0.000209
v 0.000271 0.000092 0.000205
v 0.000280 0.000256 0.000259
v 0.000266 0.000291 0.000316
v 0.000277 0.000255 0.000257
v 0.000172 0.000193 0.000448
v 0.000337 0.000361 0.000314
v 0.000337 0.000360 0.000312
v 0.000399 0.000359 0.000314
v 0.000333 0.000365 0.000348
v 0.000411 0.000025 0.000340
v 0.000414 0.000017 0.000336
v 0.000011 0.000014 0.000337
v -0.000006 -0.000007 0.000370
v 0.000038 0.000011 0.000017
v 0.000016 0.000020 0.000019
v 0.000009 0.000036 0.000009
v 0.000016 -0.000001 0.000014
v 0.000008 0.000003 0.000031
v 0.000011 0.000000 0.000013
v 0.000017 0.000035 0.000031
v 0.000033 0.000021 0.000031
v 0.000007 0.000017 0.000005
v -0.000045 -0.000042 0.000029
v -0.000040 -0.000037 0.000032
v -0.000006 -0.000003 0.000004
v -0.000007 0.000003 0.000046
v 0.000048 0.000020 -0.000040
v 0.000007 0.000007 0.000011
v 0.000034 0.000004 0.000018
v -0.000023 0.000027 0.000052
v 0.000023 -0.000004 0.000019
v 0.000027 0.000032 0.000007
v 0.000028 0.000030 0.000026
v -0.000016 -0.000017 0.000037
v -0.000008 -0.000001 0.000001
v 0.000005 0.000008 0.000034
v 0.000034 0.000024 0.000021
v 0.000030 0.000027 -0.000002
v 0.000009 0.000012 0.000011
v 0.000181 0.000010 0.000200
v -0.000123 -0.000125 0.000272
v 0.000126 0.000139 0.000398
v 0.000367 0.000430 -0.000122
v -0.000280 -0.000122 0.000752
v 0.000436 0.000476 0.000172
v 0.000066 -0.000135 0.000572
v 0.000441 0.000422 0.000180
v -0.000065 -0.000424 0.000391
v 0.000475 0.000496 0.000419
v 0.000526 0.000433 0.000483
v 0.000433 0.000420 0.000722
v -0.000449 -0.000488 0.000425
v 0.000432 0.000392 0.000410
v 0.000475 0.000478 0.000419
v -0.000500 -0.000004 0.000351
v 0.000567 0.000594 0.000636
v 0.000486 0.000473 0.000390
v 0.000886 -0.000023 -0.000265
v -0.000055 -0.000051 0.000609
v -0.000310 -0.000497 0.000407
v -0.000436 -0.000414 0.000470
v 0.000330 0.000317 0.000356
v 0.000479 0.000486 0.000488
v 0.000708 0.000748 0.000629
v 0.000473 0.000546 0.000453
v -0.000615 -0.000659 0.000600
v 0.000796 0.000839 0.000677
v 0.000228 0.000476 0.000676
v 0.000664 0.000675 -0.000136
v 0.000048 0.000155 0.000532
v 0.000523 0.000413 0.000650
v 0.000434 0.000562 0.000687
v 0.000765 0.000552 0.000458
v 0.000645 0.000833 0.000861
v 0.000759 0.000510 0.000758
v 0.000662 0.000796 0.000398
v 0.000350 0.000605 0.000703
v -0.000408 -0.000479 0.000454
v 0.000040 -0.000001 0.000474
v -0.000031 -0.000093 0.000166
v 0.000020 0.000002 0.000055
v 0.000089 -0.000007 0.000094
v 0.000021 0.000072 -0.000009
v 0.000746 0.000098 0.000130
v 0.000569 -0.000177 -0.000024
v 0.000432 0.000554 0.000625
v 0.000052 0.000107 -0.000009
v 0.000058 -0.000138 0.000073
v 0.000135 0.000142 0.000156
v 0.000005 -0.000077 0.000108
v 0.000262 0.000067 0.000094
v 0.000431 -0.000193 0.000315
v 0.000030 0.000029 -0.000012
v 0.000086 -0.000044 0.000076
v 0.000053 0.000140 0.000021
v 0.000087 -0.000051 0.000079
v 0.000016 0.000181 0.000047
v 0.000086 0.000001 0.000085
v 0.000038 0.000041 0.000059
v 0.000102 0.000095 0.000096
v 0.000718 0.000113 0.000440
v 0.000572 0.000383 0.000654
v 0.000101 0.000131 0.000014
v 0.000346 0.000106 -0.000408
v 0.000079 0.000076 0.000079
v -0.000446 -0.000458 0.000032
v 0.000866 0.000332 0.000663
v 0.000097 0.000692 0.000604
v 0.000038 0.000112 -0.000002
v 0.000078 0.000689 0.000055
v -0.000078 -0.000082 0.000094
v 0.000013 -0.000028 0.000076
v -0.000031 -0.000631 0.000072
v 0.000605 -0.000086 0.000071
v -0.000555 -0.000575 0.000155
v 0.000572 0.000744 0.000650
v 0.000636 0.000375 0.000376
v 0.000678 0.000706 0.000778
v -0.000567 -0.000587 0.000534
v 0.000078 0.000060 -0.000071
v -0.000404 -0.000076 0.000072
v 0.000058 0.000038 -0.000032
v -0.000097 -0.000436 -0.000166
v 0.000088 0.000086 0.000609
v 0.000617 0.000126 0.000445
v 0.000236 -0.000158 0.000665
v -0.000471 -0.000528 0.000629
v -0.000024 -0.000360 0.000121
v -0.000774 -0.000121 0.000472
v 0.000002 0.000042 0.000139
v 0.000253 -0.000368 0.000258
v -0.000060 -0.000268 0.000236
v 0.000031 0.000070 0.000401
v 0.000025 0.000070 -0.000569
v 0.000651 0.000348 0.000490
v 0.000181 0.000051 0.000196
v 0.000373 0.000082 0.000174
v 0.000015 0.000015 0.000434
v 0.000397 0.000689 0.000315
v 0.000000 -0.000003 0.000432
v -0.000022 -0.000024 0.000364
v -0.000008 -0.000005 0.000423
v -0.000379 -0.000402 0.000281
v 0.000040 0.000042 0.000433
v -0.000041 -0.000016 0.000348
v 0.000010 0.000016 0.000397
v -0.000125 -0.000076 0.000374
v 0.000436 -0.000379 0.000364
v 0.000003 0.000019 0.000495
v 0.000318 0.000075 0.000382
v 0.000224 0.000252 0.000379
v 0.000261 0.000359 0.000312
v 0.000335 0.000257 0.000344
v -0.000248 0.000121 -0.000124
v 0.000260 0.000354 0.000233
v 0.000171 0.000361 0.000307
v 0.000288 0.000285 0.000444
v 0.000116 0.000208 0.000197
v 0.000103 0.000137 0.000107
v 0.000042 0.000118 0.000098
v -0.000169 -0.000179 0.000054
v -0.000171 -0.000082 0.000167
v 0.000126 0.000186 0.000192
v -0.000169 -0.000187 0.000160
v -0.000172 -0.000184 0.000154
v 0.000171 0.000171 0.000172
v -0.000060 -0.000070 0.000059
v -0.000161 -0.000145 0.000154
v 0.000345 0.000299 0.000171
v -0.000158 -0.000136 0.000023
v -0.000009 -0.000011 0.000264
v -0.000032 -0.000037 0.000095
v -0.000275 -0.000281 0.000333
v 0.000236 0.000338 0.000118
v -0.000065 -0.000071 0.000335
v -0.000163 -0.000179 0.000216
v -0.000184 -0.000178 0.000220
v -0.000049 -0.000052 0.000152
v -0.000164 -0.000173 0.000148
v -0.000165 -0.000240 0.000142
v 0.000006 0.000006 0.000158
v 0.000116 0.000176 0.000204
v 0.000333 0.000359 0.000310
v 0.000035 0.000062 -0.000004
v 0.000039 0.000035 0.000328
v 0.000202 -0.000068 0.000019
v -0.000002 -0.000024 0.000069
v -0.000021 -0.000166 0.000039
v 0.000022 0.000028 0.000164
v 0.000249 0.000177 0.000215
v 0.000041 0.000034 0.000196
v 0.000167 0.000180 0.000076
v -0.000014 0.000215 0.000165
v 0.000183 0.000117 0.000159
v -0.000200 -0.000208 0.000090
v 0.000064 0.000015 0.000145
v 0.000016 0.000017 0.000269
v -0.000269 -0.000272 0.000253
v 0.000240 0.000298 0.000336
v -0.000011 -0.000017 0.000291
v 0.000292 0.000291 0.000306
v -0.000237 -0.000244 0.000221
v 0.000156 -0.000041 -0.000027
v 0.000276 0.000333 0.000298
v -0.000244 -0.000247 0.000254
v 0.000275 0.000293 0.000268
v -0.000034 -0.000036 0.000041
v 0.000144 0.000062 0.000138
v -0.000013 -0.000021 0.000084
v 0.000066 0.000059 0.000071
v 0.000068 -0.000026 0.000058
v 0.000068 0.000064 0.000060
v 0.000352 -0.000274 0.000260
v 0.000331 0.000290 0.000089
v -0.000007 -0.000002 0.000033
v -0.000339 -0.000363 0.000322
v -0.000057 -0.000045 0.000056
v -0.000401 -0.000364 0.000241
v 0.000186 0.000130 0.000065
v 0.000222 0.000384 0.000252
v 0.000039 -0.000189 0.000140
v -0.000216 -0.000143 0.000149
v -0.000062 -0.000007 0.000165
v -0.000051 -0.000056 0.000049
v -0.000187 -0.000199 0.000218
v 0.000072 0.000042 0.000062
v 0.000072 0.000058 0.000062
v 0.000060 0.000060 -0.000008
v 0.000012 0.000059 0.000012
v 0.000053 0.000017 0.000061
v -0.000038 0.000303 0.000216
v 0.000374 0.000055 0.000031
v 0.000344 -0.000021 0.000242
v 0.000431 0.000185 0.000409
v 0.000470 0.000014 0.000521
v -0.000001 0.000031 0.000437
v 0.000478 0.000477 0.000463
v 0.000016 0.000113 0.000425
v -0.000348 -0.000227 0.000466
v -0.000422 -0.000457 0.000447
v 0.000247 0.000611 0.000484
v 0.000053 0.000020 0.000459
v 0.000346 0.000481 0.000555
v 0.000500 -0.000296 0.000299
v 0.000350 0.000558 0.000482
v 0.000443 0.000431 0.000495
v 0.000220 0.000627 0.000548
v 0.000432 0.000431 0.000462
v 0.000417 0.000531 0.000468
v 0.000479 0.000480 0.000512
v -0.000329 -0.000306 0.000483
v 0.000411 0.000446 0.000520
v 0.000512 0.000469 0.000450
v 0.000417 0.000586 0.000507
v 0.000480 0.000407 0.000203
v 0.000444 0.000720 0.000918
v 0.000045 0.000098 0.000525
v -0.000684 -0.000568 0.000548
v 0.000659 0.000772 0.000763
v 0.000659 0.000779 0.000708
v 0.000593 0.000737 -0.000756
v 0.000402 0.000959 0.000716
v 0.000036 0.000041 0.000748
v 0.000817 0.000847 0.000682
v -0.000517 0.000036 0.000016
v 0.000863 0.000362 0.000681
v -0.000029 -0.000653 0.000654
v 0.000723 0.000736 0.000777
v 0.000522 0.000664 -0.000773
v 0.000655 0.000715 0.000555
v -0.000663 0.000128 -0.000033
v 0.000687 0.000725 0.000763
v -0.000573 -0.000550 0.000549
v -0.000007 0.000016 0.000638
v 0.000041 0.000307 0.000264
v 0.000017 0.000019 0.000018
v 0.000027 0.000015 0.000022
v 0.000015 0.000028 0.000015
v 0.000265 0.000428 0.000220
v 0.000367 0.000394 0.000269
v 0.000235 0.000249 0.000227
v 0.000257 0.000241 0.000413
v 0.000290 0.000364 0.000404
v 0.000002 -0.000003 0.000234
v 0.000008 0.000054 0.000290
v 0.000102 0.000033 0.000666
v -0.000638 -0.000718 0.000680
v 0.000600 0.000710 0.000745
v -0.000084 -0.000507 0.000397
v 0.000499 0.000392 0.000547
v 0.000649 -0.000313 0.000211
v 0.000025 0.000056 -0.000013
v 0.000062 0.000069 0.000039
v -0.000008 -0.000203 0.000176
v -0.000074 -0.000076 0.000169
v 0.000113 -0.000036 -0.000052
v -0.000009 0.000039 -0.000016
v -0.000024 0.000005 -0.000063
v 0.000074 0.000152 0.000042
v 0.000004 0.000011 0.000004
v 0.000094 0.000094 0.000083
v 0.000052 0.000132 -0.000018
v 0.000093 0.000179 0.000002
v 0.000151 0.000166 0.000131
v 0.000088 0.000174 0.000181
v 0.000120 0.000119 0.000105
v 0.000181 0.000159 0.000162
v -0.000006 0.000039 0.000154
v 0.000038 -0.000044 0.000094
v -0.000130 -0.000141 0.000213
v 0.000014 0.000062 0.000147
v 0.000024 0.000016 0.000312
v 0.000058 0.000034 0.000057
v 0.000060 0.000095 0.000009
v 0.000241 0.000167 0.000027
v 0.000341 0.000187 0.000321
v -0.000119 -0.000131 0.000301
v 0.000286 0.000136 0.000215
v -0.000037 0.000033 0.000326
v 0.000026 0.000410 0.000116
v -0.000022 0.000197 -0.000195
v -0.000019 -0.000020 0.000205
v -0.000106 0.000001 0.000080
v 0.000140 0.000112 0.000099
v -0.000002 0.000002 0.000047
v 0.000033 0.000216 0.000063
v 0.000041 0.000044 0.000038
v -0.000068 -0.000090 0.000063
v 0.000013 -0.000024 0.000033
v -0.000041 -0.000031 0.000027
v 0.000281 0.000345 -0.000013
v -0.000077 -0.000091 0.000134
v 0.000029 0.000028 0.000056
v 0.000369 0.000296 0.000147
v 0.000028 0.000075 0.000054
v -0.000080 -0.000061 0.000170
v -0.000033 -0.000037 0.000091
v -0.000096 0.000191 0.000221
v 0.000186 0.000001 0.000116
v 0.000060 0.000180 0.000062
v -0.000127 -0.000082 0.000187
v 0.000002 0.000046 0.000100
v 0.000052 0.000049 0.000138
v -0.000323 -0.000345 0.000164
v 0.000004 0.000189 0.000005
v -0.000014 -0.000019 0.000090
v 0.000273 0.000002 -0.000085
v -0.000077 -0.000015 -0.000003
v -0.000215 0.000391 0.000047
v -0.000035 0.000065 0.000107
v 0.000003 -0.000005 0.000001
v 0.000058 0.000178 0.000203
v -0.000008 -0.000002 0.000116
v 0.000163 0.000051 0.000129
v -0.000097 -0.000125 0.000051
v -0.000003 -0.000009 0.000182
v -0.000010 -0.000010 0.000247
v 0.000004 0.000006 0.000211
v -0.000130 0.000062 0.000282
v 0.000026 -0.000020 0.000010
v 0.000049 0.000028 0.000029
v -0.000225 -0.000228 0.000023
v 0.000349 0.000069 -0.000073
v 0.000022 0.000077 0.000117
v 0.000288 0.000297 0.000380
v 0.000055 0.000054 0.000046
v 0.000005 -0.000007 0.000403
v 0.000442 0.000498 0.000431
v 0.000406 0.000181 0.000446
v 0.000456 0.000480 0.000396
v 0.000352 0.000498 0.000577
v 0.000374 0.000174 0.000588
v 0.000332 0.000423 0.000442
v 0.000363 0.000525 0.000404
v 0.000189 0.000503 -0.000092
v 0.000115 0.000506 0.000109
v 0.000544 0.000487 0.000502
v 0.000071 0.000402 0.000473
v 0.000342 0.000629 0.000035
v 0.000493 0.000564 0.000479
v 0.000491 0.000051 0.000394
v 0.000482 0.000507 -0.000090
v -0.000107 0.000503 0.000566
v 0.000602 0.000495 0.000375
v -0.000115 -0.000120 0.000333
v 0.000026 0.000550 0.000346
v 0.000146 -0.000072 0.000139
v 0.000409 -0.000030 0.000377
v 0.000493 0.000564 0.000327
v 0.000288 0.000115 0.000169
v 0.000576 0.000412 0.000460
v 0.000213 0.000152 0.000126
v 0.000509 0.000429 0.000070
v 0.000292 0.000592 0.000558
v 0.000722 0.000693 0.000664
v 0.000488 0.000402 0.000692
v 0.000443 0.000530 -0.000461
v 0.000685 0.000640 0.000575
v 0.000777 0.000826 0.000721
v 0.000087 0.000073 0.000657
v 0.000552 0.000481 0.000541
v -0.000129 -0.000141 0.000666
v 0.000083 0.000100 0.000597
v 0.000323 0.000275 0.000642
v 0.000849 0.000750 0.000483
v 0.000725 -0.000054 0.000787
v 0.000540 0.000741 0.000875
v 0.000125 0.000727 -0.000935
v 0.000399 0.000744 -0.000592
v 0.000820 0.000853 0.000663
v 0.000189 -0.000155 -0.000183
v 0.000571 0.000778 0.000261
v 0.000678 0.000850 -0.000136
v 0.000638 0.000745 0.000698
v 0.000558 0.000571 0.000582
v 0.000801 0.000754 0.000528
v 0.000738 0.000627 0.000814
v 0.000093 0.000604 0.000711
v 0.000697 0.000692 0.000683
v -0.000060 0.000542 0.000232
v 0.000019 0.000036 0.000707
v 0.000067 -0.000512 0.000840
v 0.000127 -0.000481 0.000445
v -0.000060 0.000548 -0.000755
v 0.000742 0.000417 0.000776
v -0.000387 -0.000557 0.000524
v -0.000005 0.000686 0.000601
v 0.000096 0.000124 0.000743
v 0.000560 0.000766 0.000609
v -0.000057 -0.000035 0.000563
v -0.000267 -0.000226 0.000779
v -0.000582 -0.000568 0.000542
v -0.000551 -0.000559 0.000519
v -0.000166 0.000019 0.000308
v -0.000032 0.000023 0.000122
v -0.000020 -0.000022 0.000121
v 0.000106 0.000022 0.000071
v -0.000049 -0.000051 0.000019
v -0.000021 -0.000133 0.000140
v -0.000088 -0.000066 0.000117
v 0.000078 0.000151 0.000315
v -0.000265 -0.000030 0.000131
v 0.000438 0.000263 -0.000050
v -0.000212 -0.000356 0.000320
v 0.000155 0.000174 0.000351
v -0.000151 -0.000274 0.000094
v -0.000015 -0.000038 0.000354
v -0.000322 -0.000361 0.000327
v 0.000368 0.000334 0.000368
v 0.000365 0.000354 0.000377
v -0.000342 -0.000409 0.000124
v -0.000333 -0.000356 0.000320
v -0.000332 -0.000341 0.000340
v 0.000396 0.000342 0.000361
v 0.000081 0.000112 0.000318
v -0.000009 -0.000013 0.000339
v -0.000208 -0.000287 0.000134
v 0.000281 0.000018 0.000348
v 0.000416 0.000270 0.000350
v 0.000391 0.000326 0.000359
v -0.000306 -0.000283 0.000332
v 0.000377 0.000345 0.000339
v 0.000168 0.000500 0.000337
v -0.000176 -0.000360 0.000415
v 0.000300 0.000415 -0.000178
v 0.000146 0.000085 0.000473
v 0.000082 0.000067 0.000339
v 0.000400 0.000375 0.000319
v -0.000337 -0.000381 0.000317
v 0.000366 0.000407 0.000118
v 0.000452 0.000170 0.000334
v 0.000406 -0.000023 0.000070
v 0.000374 0.000356 0.000249
v 0.000227 0.000421 0.000379
v -0.000306 -0.000330 0.000318
v 0.000374 0.000362 0.000379
v 0.000020 -0.000054 0.000284
v 0.000284 0.000140 0.000290
v 0.000284 0.000246 0.000293
v 0.000041 0.000037 0.000151
v 0.000242 0.000248 0.000128
v -0.000116 -0.000218 0.000336
v -0.000055 0.000070 0.000078
v -0.000400 -0.000333 0.000213
v -0.000338 -0.000326 0.000116
v -0.000132 -0.000102 0.000523
v 0.000471 0.000555 0.000516
v 0.000615 0.000603 0.000611
v 0.000732 0.000724 -0.000099
v 0.000521 0.000713 0.000914
v 0.000573 0.000602 0.000610
v -0.000553 -0.000571 0.000547
v 0.000521 0.000662 0.000543
v -0.000700 -0.000666 0.000708
v -0.000311 0.000269 0.000672
v -0.000027 -0.000021 0.000558
v 0.000312 0.000425 0.000441
v -0.000024 0.000082 0.000030
v 0.000116 0.000122 -0.000107
v 0.000556 0.000130 0.000125
v 0.000122 0.000141 0.000139
v 0.000029 -0.000125 -0.000122
v -0.000044 -0.000172 0.000606
v 0.000046 -0.000003 0.000102
v 0.000099 0.000106 -0.000054
v 0.000164 0.000150 0.000143
v 0.000127 0.000127 0.000010
v -0.000057 -0.000089 0.000139
v 0.000097 0.000139 0.000053
v 0.000224 0.000145 0.000140
v -0.000130 -0.000123 0.000241
v 0.000343 0.000229 0.000178
v 0.000244 0.000203 0.000183
v 0.000199 0.000378 -0.000216
v 0.000278 0.000067 0.000205
v 0.000288 0.000457 -0.000154
v 0.000194 0.000013 0.000451
v 0.000356 0.000414 -0.000244
v 0.000057 0.000101 0.000364
v 0.000230 0.000225 0.000362
v 0.000382 0.000373 0.000359
v 0.000360 0.000377 0.000286
v -0.000081 -0.000107 0.000198
v 0.000380 0.000331 0.000369
v 0.000313 0.000114 0.000141
v -0.000171 -0.000170 0.000184
v 0.000270 0.000316 0.000162
v 0.000005 -0.000041 0.000054
v 0.000022 0.000027 0.000003
v -0.000026 -0.000026 0.000022
v -0.000009 -0.000046 0.000041
v 0.000104 -0.000091 0.000217
v 0.000148 0.000424 0.000323
v 0.000430 0.000498 0.000432
v 0.000416 0.000473 0.000151
v -0.000289 -0.000301 0.000444
v 0.000619 -0.000244 -0.000431
v 0.000609 0.000128 0.000665
v 0.000549 0.000133 0.000012
v 0.000453 0.000483 0.000421
v 0.000450 0.000481 0.000421
v 0.000457 0.000486 0.000417
v 0.000499 0.000349 -0.000370
v 0.000464 0.000040 0.000425
v 0.000432 0.000456 0.000458
v 0.000484 0.000329 -0.000090
v 0.000451 0.000488 0.000470
v -0.000106 -0.000077 0.000098
v -0.000017 -0.000012 0.000250
v 0.000170 -0.000099 -0.000100
v 0.000378 0.000315 0.000188
v 0.000236 0.000380 -0.000350
v 0.000720 0.000748 0.000702
v 0.000130 0.000197 0.000180
v 0.000668 0.000615 0.000677
v -0.000036 0.000063 0.000658
v 0.000213 0.000401 -0.000005
v 0.000302 0.000347 0.000332
v 0.000339 0.000566 0.000445
v 0.000648 0.000610 0.000672
v 0.000463 -0.000014 0.000495
v 0.000642 0.000352 0.000376
v 0.000393 0.000416 0.000314
v 0.000390 0.000429 0.000408
v 0.000325 0.000418 0.000276
v 0.000641 0.000787 0.000315
v -0.000193 -0.000176 0.000372
v 0.000762 -0.000057 0.000687
v -0.000092 -0.000118 0.000425
v -0.000206 0.000465 0.000365
v 0.000155 0.000392 -0.000240
v 0.000714 0.000466 0.000522
v 0.000563 0.000509 -0.000261
v 0.000668 0.000590 0.000499
v 0.000193 0.000528 0.000383
v 0.000148 0.000158 0.000128
v 0.000158 0.000269 0.000220
v 0.000148 0.000251 0.000208
v 0.000094 0.000490 0.000000
v 0.000721 0.000568 0.000693
v 0.000853 0.000273 0.000087
v 0.000744 0.000776 0.000060
v 0.000762 0.000700 0.000645
v 0.000621 0.000678 0.000787
v 0.000830 0.000688 0.000654
v -0.000567 -0.000610 0.000658
v 0.000113 0.000120 0.000652
v -0.000072 -0.000022 0.000593
v -0.000606 -0.000489 0.000547
v -0.000290 -0.000468 -0.000153
v -0.000601 -0.000645 0.000639
v 0.000131 0.000162 0.000619
v 0.000170 0.000168 0.000547
v -0.000295 -0.000205 0.000772
v -0.000025 0.000030 0.000575
v -0.000015 -0.000021 0.000592
v 0.000590 0.000698 0.000643
v 0.000020 0.000243 0.000644
v 0.000029 0.000072 0.000631
v 0.000383 0.000729 0.000891
v -0.000385 -0.000541 0.000494
v 0.000377 0.000632 0.000650
v -0.000596 -0.000795 0.000511
v 0.000634 0.000708 0.000663
v -0.000666 -0.000624 0.000651
v 0.000572 0.000307 0.000447
v 0.000491 0.000522 0.000443
v 0.000417 0.000021 -0.000116
v 0.000758 -0.000248 0.000680
v -0.000007 -0.000739 0.000679
v -0.000164 -0.000065 0.000706
v 0.000175 0.000207 0.000718
v 0.000585 0.000921 0.000729
v -0.000368 0.000125 0.000760
v 0.000286 0.000130 0.000211
v 0.000154 0.000156 0.000139
v -0.000000 -0.000000 0.000043
v 0.000020 0.000126 0.000121
v 0.000141 0.000124 0.000043
v 0.000109 0.000121 0.000036
v 0.000478 0.000466 0.000453
v 0.000216 0.000057 0.000049
v 0.000211 0.000072 0.000207
v 0.000218 0.000226 0.000192
v 0.000218 0.000232 0.000203
v 0.000027 0.000021 0.000102
v -0.000111 -0.000183 0.000390
v -0.000380 -0.000396 0.000078
v 0.000395 0.000422 0.000351
v 0.000394 0.000425 0.000360
v 0.000143 0.000145 0.000126
v 0.000147 0.000143 0.000149
v 0.000142 0.000154 0.000142
v 0.000132 0.000130 0.000088
v -0.000108 -0.000110 0.000104
v -0.000101 -0.000396 0.000090
v 0.000407 0.000298 0.000337
v 0.000487 0.000562 0.000495
v 0.000425 0.000386 0.000147
v 0.000198 -0.000046 0.000547
v 0.000284 0.000010 0.000252
v 0.000137 0.000329 0.000256
v 0.000415 0.000242 0.000383
v 0.000337 0.000287 0.000322
v 0.000427 -0.000053 0.000319
v 0.000341 0.000363 0.000306
v -0.000083 -0.000067 0.000395
v 0.000328 0.000351 0.000305
v 0.000064 0.000072 0.000127
v 0.000415 0.000199 0.000277
v 0.000108 -0.000117 0.000196
v 0.000483 0.000301 0.000466
v 0.000336 0.000133 0.000238
v 0.000368 0.000255 -0.000025
v 0.000455 0.000338 0.000529
v 0.000268 0.000012 0.000308
v 0.000666 0.000679 0.000397
v -0.000392 -0.000663 0.000344
v -0.000407 -0.000469 0.000356
v -0.000429 -0.000412 0.000436
v -0.000398 -0.000718 0.000331
v -0.000206 -0.000218 0.000631
v 0.000223 0.000551 0.000008
v 0.000405 0.000426 0.000989
v 0.000302 0.000601 0.000491
v 0.000455 0.000796 0.000622
v 0.000204 0.000492 0.000523
v 0.000441 0.000252 0.000472
v 0.000287 0.000286 0.000298
v 0.000302 0.000299 0.000301
v 0.000283 0.000317 0.000300
v 0.000286 0.000286 0.000278
v 0.000007 0.000068 0.000222
v 0.000283 0.000299 0.000279
v 0.000280 0.000301 0.000262
v 0.000305 0.000324 0.000277
v 0.000299 0.000296 0.000267
v 0.000238 0.000086 0.000325
v -0.000160 -0.000315 0.000084
v 0.000328 0.000119 0.000283
v -0.000138 -0.000301 -0.000118
v 0.000008 -0.000212 0.000195
v 0.000236 0.000276 0.000287
v 0.000183 -0.000038 0.000267
v 0.000177 0.000312 0.000397
v 0.000091 0.000295 0.000246
v 0.000328 0.000293 0.000294
v 0.000263 0.000217 0.000211
v 0.000186 0.000206 0.000224
v -0.000203 -0.000210 0.000201
v 0.000269 0.000297 0.000270
v 0.000174 0.000265 0.000216
v -0.000116 0.000134 0.000188
v 0.000273 0.000215 0.000249
v 0.000219 0.000214 0.000197
v 0.000300 0.000217 0.000216
v -0.000024 -0.000056 0.000276
v 0.000351 -0.000149 -0.000229
v -0.000272 -0.000281 0.000288
v 0.000325 0.000255 -0.000231
v 0.000138 0.000163 0.000119
v 0.000157 0.000300 0.000134
v 0.000061 0.000093 0.000313
v -0.000225 -0.000237 0.000139
v -0.000015 -0.000012 0.000196
v -0.000074 -0.000069 0.000267
v 0.000076 0.000307 0.000063
v 0.000297 0.000219 0.000229
v 0.000277 0.000297 0.000256
v 0.000326 -0.000042 0.000173
v 0.000274 0.000306 0.000270
v 0.000090 0.000157 0.000072
v 0.000000 0.000013 0.000006
v -0.000001 -0.000000 0.000003
v 0.000000 0.000004 0.000001
v 0.002518 0.000001 0.000001
v 0.000057 -0.000000 0.000001
v 0.000003 0.000055 0.000004
v 0.000058 0.000059 0.000060
v 0.000004 0.000048 0.000017
v 0.000012 0.000081 -0.000077
v 0.002409 -0.000546 0.000046
v -0.000041 -0.000029 0.000133
v -0.000543 -0.002118 0.000238
v -0.000041 -0.000166 0.000026
v -0.000038 -0.000041 0.000036
v -0.000000 -0.000025 -0.000029
v 0.000051 0.000121 0.000056
v 0.000128 0.000126 0.000063
v 0.000003 0.000002 0.000006
v 0.000024 -0.000024 -0.000014
v 0.000053 -0.000018 0.000015
v -0.000061 -0.000034 0.000074
v 0.000051 0.000060 0.000072
v 0.000061 0.000060 0.000011
v 0.000078 0.000041 0.000070
v 0.000098 0.000071 0.000086
v -0.002807 -0.003029 0.002190
v -0.002828 -0.000496 0.002224
v 0.000091 -0.000080 0.002205
v -0.000161 -0.000319 0.002379
v -0.002733 -0.003122 0.002243
v -0.001661 -0.001885 0.002320
v 0.000331 -0.000554 0.001125
v -0.000345 -0.000373 0.000320
v 0.000063 -0.000128 0.001060
v 0.000035 0.000038 0.000131
v 0.000388 0.001381 0.001499
v 0.000167 0.000001 0.000147
v 0.000448 0.001197 0.000985
v 0.000557 0.001152 -0.000333
v 0.001127 0.001366 0.001327
v 0.001502 0.001529 0.001481
v -0.001075 0.000175 0.002649
v 0.002035 0.002492 0.000483
v 0.000355 0.002379 0.001702
v -0.000039 0.002556 -0.000210
v -0.000118 0.000836 0.001112
v 0.000007 0.000020 -0.000011
v 0.000118 0.001678 0.001589
v 0.000187 0.000019 0.000011
v 0.000085 0.000191 0.000053
v 0.000115 0.000138 -0.000056
v 0.000834 -0.000210 -0.001291
v 0.002100 -0.000073 0.000380
v 0.001090 0.001967 -0.000195
v 0.000229 0.002266 0.001221
v 0.001609 -0.000259 -0.000154
v 0.002398 -0.000151 0.001814
v -0.000027 0.000146 0.002393
v -0.000602 0.000029 0.000106
v 0.000573 0.000641 0.000847
v 0.001387 0.001978 0.001963
v 0.002370 0.001844 0.002450
v -0.000025 -0.002016 0.000694
v -0.000003 -0.000003 0.001051
v 0.000114 0.001148 0.001056
v 0.001509 0.001084 0.001394
v -0.000423 0.000292 0.000538
v 0.000505 -0.000033 0.000064
v 0.001212 0.000904 0.001326
v -0.000729 -0.000738 0.000030
v 0.000484 -0.001319 0.001459
v 0.001049 0.000109 0.000251
v 0.000084 0.000132 0.001228
v 0.000062 0.000014 0.000013
v -0.000187 -0.000712 -0.001086
v 0.000769 0.001700 0.000965
v 0.001714 0.001495 0.001624
v 0.001899 0.000958 0.001342
v 0.000154 0.000204 -0.001816
v 0.000621 0.001413 0.002243
v 0.000086 -0.000056 0.000039
v 0.000266 0.000291 0.001633
v 0.000150 0.000103 0.000130
v 0.000192 0.000067 0.000141
v 0.000168 0.000093 0.000186
v 0.000133 0.000168 0.000175
v -0.000489 0.002242 -0.001706
v 0.002050 -0.000743 -0.000450
v 0.000167 0.000139 0.000100
v 0.001476 0.000552 0.001658
v 0.000056 0.000079 0.000201
v -0.000058 -0.000106 0.000127
v 0.001680 0.000226 0.000308
v 0.000370 -0.000740 0.001798
v 0.001154 0.002542 0.001313
v -0.000049 -0.000051 0.000051
v -0.000017 0.000009 0.000046
v 0.000209 0.000149 0.000378
v 0.000389 0.000256 0.000219
v 0.000236 -0.000036 -0.000026
v 0.000436 0.000326 0.000067
v 0.000323 0.000155 0.000520
v 0.000300 0.000451 0.000121
v 0.000136 0.000302 0.000216
v 0.000467 0.000265 0.000338
v 0.000038 -0.000021 0.000424
v -0.000015 -0.000031 0.000450
v 0.000174 0.000248 0.000358
v -0.000002 0.000017 0.000009
v 0.000686 0.000057 0.000546
v 0.000023 0.000189 0.000194
v 0.000194 0.000189 0.000184
v 0.000385 0.000665 0.000533
v 0.000619 0.000666 0.000557
v 0.000204 0.000173 0.000175
v 0.000643 0.000643 0.000029
v 0.000645 0.000643 0.000023
v 0.000494 0.000703 0.000581
v 0.001422 0.001998 0.001617
v -0.000401 -0.000448 -0.000242
v -0.000034 -0.000017 0.000107
v -0.000047 -0.000167 0.000053
v 0.000082 0.000119 -0.000131
v -0.000120 -0.000044 0.000094
v -0.000129 -0.000024 0.000004
v -0.000161 -0.000085 0.000156
v -0.000067 -0.000070 0.000060
v -0.000163 -0.000177 0.000159
v 0.000067 0.000066 0.000002
v 0.000018 0.000012 0.000168
v -0.000167 -0.000178 0.000154
v 0.000165 0.000311 -0.000012
v 0.000461 0.000235 0.000293
v 0.000023 -0.000033 0.000039
v 0.000344 0.000368 0.000324
v 0.000095 0.000190 -0.000162
v 0.000053 0.000368 0.000296
v -0.000050 -0.000045 0.000047
v 0.000168 0.000257 0.000309
v 0.000121 0.000129 0.000431
v 0.000242 0.000378 -0.000331
v 0.000118 0.000154 0.000161
v -0.000230 -0.000202 0.000271
v -0.000026 -0.000047 0.000198
v 0.000284 0.000329 0.000295
v 0.000227 0.000355 0.000282
v -0.000022 0.000080 0.000068
v 0.000289 0.000256 -0.000287
v -0.000022 0.000128 0.000260
v -0.000158 -0.000177 0.000153
v 0.000260 0.000264 0.000309
v -0.000159 -0.000164 0.000143
v 0.000302 0.000263 0.000264
v -0.000215 0.000309 0.000121
v 0.000269 0.000352 0.000281
v 0.000227 0.000258 -0.000074
v 0.000211 0.000286 -0.000295
v 0.000166 0.000433 0.000301
v 0.000330 0.000338 0.000271
v 0.000316 0.000315 0.000229
v 0.000323 0.000231 0.000110
v 0.000176 -0.000229 0.000000
v 0.000357 0.000415 0.000331
v 0.000321 0.000296 0.000258
v 0.000269 0.000265 0.000259
v 0.000232 0.000286 0.000326
v 0.000345 0.000271 0.000268
v 0.000050 0.000050 0.000045
v 0.000062 -0.000062 0.000124
v 0.000013 0.000146 0.000034
v 0.000177 0.000212 0.000210
v 0.000056 -0.000085 -0.000087
v -0.000128 0.000029 0.000032
v 0.000241 0.000115 0.000183
v 0.000087 0.000066 0.000086
v 0.000088 -0.000030 0.000071
v 0.000056 0.000111 0.000093
v 0.000040 0.000101 0.000077
v 0.000096 0.000064 0.000082
v 0.000081 0.000096 0.000074
v 0.000096 0.000103 0.000089
v 0.000078 0.000234 0.000204
v 0.000039 0.000047 0.000094
v 0.000110 -0.000178 -0.000086
v 0.000122 0.000089 0.000028
v 0.000216 -0.000213 0.000027
v 0.000179 0.000044 0.000197
v -0.000093 -0.000159 0.000041
v 0.000031 0.000040 0.000255
v 0.000290 0.000276 0.000296
v 0.000029 0.000032 0.000302
v 0.000267 0.000314 0.000278
v 0.000291 0.000123 0.000354
v -0.000163 -0.000381 0.000058
v 0.000002 0.000005 0.000088
v 0.000274 0.000283 0.000199
v 0.000217 0.000116 0.000104
v 0.000036 0.000039 0.000035
v 0.000006 0.000013 0.000098
v 0.000215 0.000056 0.000217
v 0.000026 -0.000057 0.000141
v -0.000113 -0.000209 0.000098
v 0.000098 0.000063 0.000336
v 0.000152 0.000179 0.000101
v -0.000036 0.000041 0.000198
v 0.000007 -0.000044 -0.000037
v 0.000284 0.000012 0.000247
v 0.000074 0.000069 0.000083
v 0.000071 -0.000013 0.000052
v 0.000007 -0.000086 0.000080
v -0.000020 0.000021 -0.000016
v -0.000085 0.000015 0.000011
v 0.000026 0.000046 0.000228
v 0.000006 0.000004 0.000229
v -0.000028 -0.000036 0.000096
v -0.000028 -0.000006 0.000027
v -0.000099 -0.000148 0.000015
v 0.000189 0.000041 0.000130
v 0.000027 0.000025 0.000054
v -0.000080 -0.000029 0.000055
v 0.000154 -0.000037 0.000066
v 0.000074 -0.000115 0.000035
v 0.000037 0.000068 0.000067
v 0.000024 0.000292 0.000058
v 0.000212 0.000178 0.000151
v 0.000049 0.000057 0.000035
v 0.000029 0.000023 0.000316
v 0.000057 0.000090 0.000050
v 0.000340 0.000355 0.000339
v 0.000012 0.000010 0.000087
v 0.000333 0.000180 0.000318
v -0.000146 -0.000350 0.000209
v 0.000366 0.000239 0.000313
v -0.000328 -0.000235 0.000126
v 0.000155 -0.000029 0.000329
v 0.000042 0.000091 0.000217
v 0.000103 -0.000037 0.000276
v -0.000001 0.000142 0.000179
v -0.000229 -0.000340 0.000211
v 0.000132 -0.000049 0.000402
v 0.000117 0.000185 0.000180
v -0.000226 -0.000348 0.000210
v 0.000146 0.000145 0.000010
v -0.000099 -0.000105 0.000132
v 0.000240 0.000247 0.000142
v 0.000004 0.000004 0.000313
v 0.000271 0.000295 0.000313
v 0.000160 0.000121 0.000118
v -0.000084 -0.000046 0.000076
v 0.000002 0.000041 0.000143
v 0.000088 -0.000032 0.000085
v 0.000059 -0.000005 0.000084
v -0.000098 -0.000026 0.000022
v 0.000045 0.000107 0.000105
v 0.000243 0.000156 0.000120
v -0.000021 -0.000021 0.000115
v 0.000155 0.000243 0.000045
v 0.000046 0.000008 0.000048
v -0.000035 -0.000036 0.000105
v -0.000015 -0.000075 0.000216
v -0.000120 -0.000040 0.000037
v 0.000132 -0.000001 0.000102
v 0.000150 0.000204 0.000227
v 0.000112 0.000104 0.000149
v -0.000121 -0.000123 0.000110
v -0.000014 0.000024 0.000185
v -0.000045 -0.000061 0.000238
v 0.000010 0.000057 0.000077
v 0.000042 0.000233 0.000015
v -0.000063 -0.000064 0.000018
v -0.000001 -0.000001 0.000095
v 0.000100 0.000160 0.000160
v -0.000017 0.000043 0.000044
v -0.000004 -0.000034 0.000152
v 0.000003 0.000003 0.000039
v 0.000119 0.000124 0.000122
v 0.000002 0.000000 0.000099
v 0.000124 0.000118 0.000159
v 0.000029 0.000013 0.000126
v 0.000230 0.000058 0.000154
v 0.000013 -0.000271 0.000260
v 0.000261 0.000053 0.000269
v 0.000097 0.000024 0.000325
v -0.000055 -0.000050 0.000202
v 0.000061 0.000067 0.000168
v -0.000045 -0.000016 0.000158
v -0.000206 -0.000197 0.000120
v 0.000029 0.000028 0.000039
v -0.000060 0.000197 -0.000046
v -0.000047 0.000217 -0.000018
v 0.000003 -0.000003 0.000165
v -0.000012 -0.000018 0.000166
v 0.000101 0.000158 0.000123
v 0.000177 0.000179 0.000167
v 0.000208 0.000138 0.000125
v 0.000211 0.000256 0.000192
v 0.000087 0.000100 0.000160
v 0.000175 0.000227 0.000192
v 0.000194 0.000014 0.000193
v -0.000076 -0.000128 0.000122
v 0.000207 0.000210 0.000202
v 0.000253 -0.000205 0.000191
v 0.000103 0.000089 -0.000025
v -0.000119 -0.000021 0.000238
v 0.000159 0.000101 0.000018
v 0.000270 0.000278 0.000121
v -0.000233 -0.000234 0.000143
v -0.000232 -0.000119 0.000217
v 0.000150 0.000244 0.000127
v 0.000018 0.000020 0.000141
v 0.000193 0.000132 0.000212
v 0.000362 0.001155 0.000263
v -0.001047 -0.001134 0.001064
v -0.000020 -0.000022 0.000316
v -0.000323 -0.000362 0.000325
v -0.000274 -0.001007 0.000928
v -0.002039 -0.000656 0.000183
v -0.000294 -0.000348 0.000315
v 0.001143 0.001733 0.001494
v -0.000039 -0.000176 0.000736
v 0.001152 0.000065 0.001008
v 0.000080 -0.000013 0.000221
v -0.000531 0.000169 0.001563
v -0.000318 -0.000465 0.001460
v 0.000228 0.000046 0.001309
v -0.000151 -0.001560 0.001396
v 0.000261 0.000143 -0.000111
v -0.001582 -0.000346 0.001075
v 0.000669 -0.001437 0.000530
v -0.001326 -0.001774 0.001423
v -0.000444 0.000228 0.001319
v -0.001493 -0.001604 0.000200
v 0.000152 0.000145 0.000340
v -0.000199 -0.000245 0.000314
v 0.000347 0.001217 0.000355
v 0.000000 -0.000002 0.001011
v 0.000348 0.000494 0.001086
v -0.000313 -0.000341 0.000327
v -0.001504 -0.001614 0.001505
v 0.000058 -0.000029 0.001036
v -0.001087 -0.001168 0.000186
v 0.000239 0.000174 0.000200
v 0.000290 0.000076 0.000256
v 0.000052 0.000027 0.000176
v 0.000278 0.000300 0.000299
v 0.000557 -0.000081 0.001342
v -0.000004 -0.000012 0.000024
v 0.000033 0.000039 0.000102
v 0.000140 0.000033 0.000104
v 0.000032 0.000027 0.000030
v 0.000390 0.000258 0.000325
v 0.000004 0.000003 0.000019
v 0.000389 0.000250 0.000287
v -0.000055 -0.000032 -0.000136
v 0.000017 0.000054 0.000095
v 0.000138 0.000515 0.000274
v 0.000055 0.000174 0.000258
v -0.000184 -0.000251 0.000123
v 0.000313 0.000544 0.000442
v 0.000256 0.000377 -0.000392
v 0.000122 0.000381 -0.000135
v 0.000010 0.000006 0.000261
v 0.000299 0.000313 0.000306
v 0.000204 0.000313 0.000282
v 0.000360 0.000316 0.000308
v 0.000295 0.000320 0.000520
v 0.000314 0.000290 0.000291
v 0.000412 0.000335 0.000477
v 0.000334 0.000522 0.000391
v 0.000368 0.000404 0.000355
v 0.000265 0.000412 0.000328
v 0.000372 0.000333 0.000342
v 0.000287 0.000311 0.000252
v 0.000130 0.000492 0.000438
v 0.000202 0.000467 0.000479
v 0.000381 0.000480 0.000500
v 0.000302 0.000371 0.000410
v 0.000341 0.000475 0.000539
v 0.000443 0.000460 0.000429
v 0.000406 0.000496 0.000011
v 0.000277 -0.000185 -0.000380
v 0.000224 -0.000099 -0.000042
v -0.000106 0.000404 0.000512
v 0.000486 0.000417 0.000432
v 0.000015 0.000259 0.000139
v 0.000515 0.000304 0.000280
v 0.000303 0.000380 0.000319
v 0.000168 0.000283 -0.000384
v 0.000368 0.000380 0.000324
v 0.000022 -0.000300 -0.000144
v 0.000327 0.000377 0.000249
v 0.000385 0.000251 0.000083
v -0.000018 -0.000012 0.000346
v 0.000125 0.000227 -0.000020
v 0.000377 0.000008 0.000312
v 0.000286 0.000260 0.000286
v -0.000000 -0.000000 0.000384
v -0.000388 -0.000471 0.000344
v 0.000296 0.000316 0.000274
v 0.000280 0.000290 0.000273
v 0.000338 0.000354 0.000091
v 0.000406 0.000297 -0.000218
v 0.000287 0.000299 -0.000121
v 0.000483 0.000543 0.000673
v -0.000504 -0.000560 -0.000025
v 0.000148 -0.000200 0.000374
v 0.000288 0.000320 -0.000092
v -0.000667 -0.000730 0.000430
v 0.000024 0.000023 0.000284
v 0.000199 0.000492 -0.000707
v -0.000364 -0.000392 0.000443
v 0.000338 -0.000042 0.000288
v 0.000634 0.000555 -0.000366
v 0.000255 0.000376 0.000262
v 0.000092 0.000434 -0.000393
v 0.000463 0.000485 0.000402
v 0.000243 0.000376 -0.000016
v 0.000413 0.000317 0.000505
v 0.000453 0.000577 0.000242
v 0.000670 0.000693 0.000717
v -0.000387 -0.000559 0.000459
v 0.000185 -0.000057 0.000489
v 0.000517 0.000508 0.000276
v 0.000078 -0.000061 0.000303
v 0.000007 0.000027 0.000414
v 0.000264 0.000252 0.000484
v 0.000311 0.000314 0.000238
v -0.000257 -0.000247 0.000481
v -0.000010 -0.000002 0.000346
v -0.000160 -0.000188 0.000230
v 0.000364 0.000331 0.000288
v 0.000332 0.000244 -0.000029
v -0.000222 -0.000241 0.000291
v -0.000286 -0.000032 0.000327
v 0.000449 0.000409 0.000430
v 0.000244 0.000329 -0.000298
v 0.000185 0.000392 0.000046
v 0.000266 -0.000243 0.000201
v -0.000037 0.000037 0.000356
v 0.000235 0.000194 0.000288
v 0.000704 0.000413 0.000206
v 0.000508 0.000648 0.000589
v 0.000564 0.000595 0.000595
v 0.000548 0.000642 0.000433
v -0.000583 -0.000594 0.000553
v 0.000571 0.000417 0.000441
v -0.000586 -0.000594 0.000557
v 0.000399 0.000284 0.000237
v 0.000562 0.000451 0.000605
v 0.000233 0.000446 0.000448
v 0.000533 0.000480 0.000449
v 0.000598 0.000606 0.000450
v -0.000593 -0.000438 0.000420
v 0.000253 0.000397 0.000584
v 0.000587 0.000589 0.000423
v 0.000420 0.000488 0.000385
v 0.000536 0.000170 0.000443
v 0.000503 0.000461 0.000451
v 0.000759 -0.000548 0.000214
v 0.000054 -0.000200 0.000446
v 0.000439 0.000441 0.000398
v 0.000560 0.000460 0.000525
v -0.000612 -0.000417 0.000363
v 0.000435 -0.000286 0.000332
v 0.000507 0.000031 0.000434
v -0.000419 -0.000476 0.000358
v -0.000463 -0.000487 0.000473
v 0.000402 0.000480 0.000420
v 0.000051 -0.000517 0.000195
v 0.000428 0.000448 0.000339
v 0.000177 0.000206 0.000543
v -0.000534 -0.000474 0.000374
v -0.000697 -0.000405 0.000676
v 0.000448 0.000441 0.000401
v -0.000306 -0.000399 0.000477
v 0.000008 0.000030 0.000517
v -0.000524 0.000025 0.000024
v -0.000425 -0.000562 0.000400
v 0.000337 0.000507 -0.000097
v 0.000451 0.000576 0.000729
v 0.000688 0.000432 0.000417
v -0.000482 -0.000509 0.000660
v -0.000592 0.000223 0.000728
v 0.000630 -0.000336 0.000347
v -0.000105 0.000034 0.000272
v -0.000464 -0.000248 0.000409
v 0.000250 -0.000026 0.000020
v -0.000365 -0.000385 0.000347
v 0.000493 0.000432 0.000515
v 0.000630 0.000485 0.000453
v 0.000315 0.000260 0.000564
v 0.000332 0.000485 0.000101
v -0.000440 -0.000468 0.000635
v 0.000642 0.000930 0.000702
v 0.001023 0.000867 0.000880
v 0.000963 0.000628 0.000974
v 0.001003 0.000957 0.000873
v 0.000483 0.000559 0.000568
v -0.000418 -0.000631 0.000748
v 0.000577 0.000343 0.000995
v 0.001050 0.000481 0.000736
v 0.000872 0.000819 0.000750
v 0.000976 0.000599 0.000760
v 0.000931 0.000639 0.000178
v 0.000349 0.000393 0.001319
v 0.000901 0.000845 0.000869
v 0.000484 0.000558 0.000486
v -0.000122 -0.000091 0.000849
v 0.000043 0.000076 0.000503
v 0.000041 0.000045 0.000815
v 0.000548 0.000589 0.000351
v -0.000668 -0.000716 0.000660
v 0.000208 0.000203 0.000569
v -0.000083 -0.000063 0.000525
v -0.000122 -0.000060 0.000638
v 0.000555 0.000680 0.000535
v 0.000557 0.000111 0.000411
v 0.000420 0.000422 0.000404
v 0.000693 0.000056 0.000553
v -0.000392 -0.000257 0.000620
v 0.000371 0.000110 0.000595
v 0.000720 0.000831 0.000770
v 0.000817 0.000852 0.000720
v 0.000860 0.000576 0.000867
v 0.000983 0.000512 0.000901
v 0.000850 0.000548 0.000807
v -0.000162 -0.000075 0.000749
v 0.000832 0.000837 0.000792
v 0.000812 0.000874 0.000755
v 0.000045 0.000044 0.000758
v 0.000821 0.000848 0.000766
v 0.000813 0.000853 0.000778
v 0.000805 0.000860 0.000748
v 0.000041 0.000006 0.000782
v 0.000644 -0.000093 0.000983
v 0.000709 0.000477 0.000456
v -0.000771 -0.000798 0.000752
v 0.000758 0.001062 0.001012
v 0.000258 0.000832 -0.000499
v -0.000753 -0.000966 0.000970
v 0.000406 0.000534 0.000512
v 0.000667 0.001089 0.000722
v -0.000556 -0.000599 0.000521
v 0.000794 0.000947 0.000757
v 0.000526 0.000520 0.000859
v 0.000605 0.000641 0.000585
v 0.000586 0.000600 0.000628
v 0.000469 0.000521 0.000647
v 0.000630 0.000676 0.000645
v 0.000648 0.000680 0.000550
v -0.000488 -0.000504 0.000543
v 0.000603 0.000515 -0.000226
v -0.000563 -0.000390 0.000494
v 0.000059 0.000836 -0.000429
v 0.000522 0.000895 0.000058
v 0.000492 0.000601 0.000492
v 0.000697 -0.000302 0.000612
v 0.000091 0.000216 0.000513
v 0.000832 0.000296 0.000658
v 0.000394 0.000516 0.000543
v 0.000722 0.000140 0.000769
v 0.000639 0.000012 0.000486
v 0.000504 0.000395 0.000689
v 0.000424 0.000259 0.001012
v 0.000621 0.000629 0.000658
v -0.000095 0.000678 0.000571
v 0.000948 0.001048 0.000888
v 0.000391 0.000506 0.000530
v 0.000273 -0.000239 0.001229
v 0.000790 0.000802 0.000497
v 0.001025 0.001029 0.000494
v 0.000809 0.000168 0.000726
v 0.000277 0.000079 0.000586
v 0.000460 0.000487 0.000387
v 0.000090 -0.000074 0.000467
v 0.000554 -0.000107 -0.000165
v 0.000514 -0.000347 0.000041
v 0.000542 -0.000036 0.000472
v 0.000469 0.000577 0.000514
v 0.000452 0.000440 0.000409
v 0.000473 0.000543 0.000380
v 0.000534 -0.000064 0.000505
v 0.000151 -0.000083 0.000445
v -0.000336 -0.000333 0.000382
v -0.000378 -0.000401 0.000352
v 0.000680 0.000411 0.000547
v 0.000668 0.000726 0.000414
v -0.000169 0.000102 0.000316
v 0.000241 0.000434 0.000517
v -0.000436 -0.000515 0.000669
v 0.000399 0.000752 0.000723
v 0.000647 0.000323 0.000551
v -0.000498 -0.000654 0.000641
v -0.000245 0.000424 -0.000680
v -0.000714 -0.000891 0.001180
v -0.000534 -0.000574 0.000210
v 0.000742 0.000841 0.000902
v 0.000789 0.000857 0.000841
v 0.000545 0.000872 -0.000011
v 0.000885 0.000721 0.000711
v 0.000891 0.000783 0.000515
v -0.000418 -0.000407 0.000551
v 0.000750 0.000954 0.000745
v 0.000784 0.000444 -0.000093
v 0.000792 0.000650 0.000776
v 0.000764 0.000637 0.000896
v -0.000014 0.000022 0.000692
v 0.000487 0.000055 0.000902
v 0.000520 0.000621 0.000681
v 0.000829 0.000437 0.000207
v 0.000540 0.001246 0.000513
v 0.000987 0.001115 0.000973
v 0.000574 0.000673 0.000932
v 0.000542 0.000722 0.000779
v -0.000623 -0.000527 0.000649
v 0.000741 0.000607 0.000745
v 0.000691 0.000696 0.000507
v 0.000660 0.000480 0.000696
v 0.000579 0.000084 0.000370
v 0.000700 -0.000193 0.000470
v 0.000280 0.000561 -0.000701
v -0.000696 -0.000426 0.000544
v 0.000447 -0.000308 0.000331
v 0.000572 0.000632 0.000760
v 0.000667 0.000432 0.000429
v -0.000048 -0.000359 0.000883
v -0.000083 0.000139 0.000533
v 0.000444 -0.000562 0.000824
v -0.000527 -0.000503 0.000535
v 0.000619 0.001030 0.000879
v 0.000271 0.000350 0.000451
v 0.000685 0.000920 0.000867
v 0.000087 0.000147 0.000505
v 0.000547 0.000811 0.000708
v 0.000534 0.000551 0.001040
v 0.000022 -0.000558 0.000501
v 0.000723 -0.000375 0.000946
v 0.000665 0.000617 -0.000223
v -0.000405 -0.000093 0.000734
v -0.000868 -0.000721 0.000824
v 0.000577 -0.000498 0.000577
v -0.000227 0.000144 0.000015
v 0.000418 0.000435 0.000343
v 0.000486 0.000689 0.000540
v 0.000368 0.000502 0.000607
v 0.000503 0.000540 0.000515
v 0.000476 0.000860 0.000673
v 0.000056 0.000173 0.000029
v 0.000921 0.000021 0.000760
v 0.000048 0.000048 0.000832
v 0.000004 0.000049 0.000507
v 0.000799 0.000864 0.000751
v 0.000461 0.000488 -0.000018
v 0.000142 0.000470 0.000396
v 0.000105 0.000100 0.000434
v 0.000486 0.000408 0.000488
v 0.000473 0.000033 0.000426
v 0.000471 0.000042 0.000421
v 0.000454 0.000482 0.000421
v 0.000460 0.000483 0.000428
v 0.000483 -0.000396 0.000420
v -0.000858 -0.000829 0.000836
v 0.000018 0.000066 0.000884
v -0.000016 0.000053 0.000098
v -0.000089 -0.000039 0.000862
v -0.000117 -0.000073 0.000945
v 0.000815 0.000256 0.000912
v -0.000997 0.000041 0.000800
v 0.000308 0.000154 0.000789
v -0.000788 0.000110 0.000749
v -0.000039 -0.000055 0.000747
v -0.000306 -0.000272 0.000747
v 0.000859 0.000899 0.000904
v 0.000729 0.000976 0.000856
v 0.000938 0.000468 0.000247
v 0.000529 0.001148 -0.000042
v 0.000819 0.000115 0.000059
v 0.000817 0.000932 0.000874
v 0.000298 0.000791 0.000968
v 0.000463 -0.000527 0.000525
v 0.000623 0.001016 0.000972
v 0.000974 0.000589 0.000884
v 0.000853 0.000951 0.000891
v 0.000708 0.000988 0.000912
v 0.000930 0.000776 0.000351
v -0.000261 -0.000846 0.000764
v 0.001482 0.000187 0.001440
v 0.000242 -0.000460 0.000717
v -0.001271 -0.001804 0.001424
v -0.000564 -0.000895 0.001479
v 0.001253 0.000343 -0.001235
v 0.000852 0.000889 0.000828
v -0.000035 0.000426 0.000487
v 0.001447 0.001347 0.001188
v 0.000855 0.000798 0.000791
v 0.000393 0.001079 0.000376
v -0.001201 -0.000021 0.001574
v -0.001283 -0.000707 0.000354
v -0.000264 -0.000400 0.001584
v 0.001682 0.001428 0.001641
v -0.001399 -0.001660 0.001320
v 0.001419 0.000138 0.001121
v 0.001146 0.000894 0.000572
v 0.001049 0.000349 -0.000242
v 0.000290 -0.000048 0.000578
v 0.000047 -0.001002 0.000680
v -0.000057 -0.000145 -0.000167
v 0.000889 0.001374 0.000183
v 0.000681 0.001191 0.001652
v -0.000952 -0.000953 0.001365
v 0.000956 0.001318 0.001561
v -0.001026 -0.001742 0.001201
v 0.000965 0.001008 0.000622
v 0.000209 -0.001575 0.001431
v -0.000687 0.000922 0.001381
v 0.001653 0.000247 0.001574
v 0.001558 0.001103 0.000731
v 0.000543 0.000303 0.000763
v -0.001301 -0.001526 0.001394
v 0.001217 0.000123 0.001008
v 0.001550 0.001207 0.001177
v 0.001234 0.001229 0.000792
v 0.001123 0.001031 0.001173
v 0.001085 0.001043 -0.000229
v 0.001549 0.001594 0.001035
v 0.000774 0.000854 -0.000264
v -0.000152 -0.000235 0.000982
v -0.000506 -0.000250 0.000034
v 0.000491 0.001616 0.001185
v 0.001197 0.000353 0.001118
v 0.000677 -0.000137 0.000792
v 0.000789 0.000808 0.000627
v -0.000954 -0.001749 0.001444
v 0.001698 0.001212 0.000873
v 0.000945 0.001287 0.001995
v 0.000120 -0.000231 -0.000152
v -0.000092 0.000307 -0.000108
v -0.001256 -0.001545 0.001422
v 0.001430 0.000112 0.000282
v 0.000518 0.001499 0.001006
v 0.000182 0.000183 0.001264
v 0.000233 0.000403 0.001201
v 0.002135 0.001389 0.000740
v -0.001164 -0.001225 0.001021
v -0.000189 -0.000734 0.000651
v 0.000308 0.001442 0.000874
v -0.000745 -0.001233 0.001069
v 0.000505 -0.000337 0.000303
v -0.000056 -0.000206 0.001423
v -0.000936 -0.000389 0.000310
v 0.000592 0.000826 0.000200
v 0.000620 0.001568 0.001607
v -0.000946 -0.001014 0.001576
v 0.001351 -0.001613 0.001530
v -0.000110 -0.001585 0.001337
v 0.001685 -0.001617 0.001272
v 0.001163 -0.000275 0.000032
v 0.000487 0.000192 0.001377
v 0.000742 0.000556 0.002088
v 0.001606 0.001548 0.001435
v -0.000033 -0.001072 0.000979
v 0.001654 0.000742 0.001148
v 0.001963 -0.000416 -0.000001
v 0.001608 0.001549 0.001402
v -0.000153 -0.001377 0.001358
v 0.000402 0.001478 0.000184
v 0.000093 0.000864 0.001869
v 0.000428 0.000345 0.000167
v -0.000329 -0.000359 0.000282
v 0.000603 0.000104 0.000333
v -0.000083 -0.000097 0.000280
v 0.000342 0.000334 0.000341
v 0.001259 0.001365 0.001255
v 0.000878 0.001135 0.001631
v -0.000158 -0.000938 0.001179
v 0.001776 0.001336 0.001428
v 0.001437 0.001196 0.001403
v 0.001580 0.001403 0.001185
v 0.000073 0.000092 0.001358
v 0.001418 0.001511 0.001346
v 0.001425 0.001194 0.001118
v 0.000008 0.001535 0.001121
v 0.000104 -0.000021 0.001192
v -0.001234 -0.001262 0.000933
v 0.001319 0.001299 0.000608
v 0.001399 0.001748 0.001037
v 0.000980 0.001258 0.000459
v -0.000228 -0.000953 -0.001015
v -0.000219 0.000044 0.001829
v -0.001901 -0.001794 0.001761
v 0.000025 0.000239 0.000368
v 0.002021 0.001568 -0.000042
v -0.001725 -0.001490 0.001186
v -0.001170 -0.001306 0.001964
v -0.000619 -0.000498 0.001703
v 0.002354 -0.000314 0.001643
v -0.000853 -0.000753 0.000965
v 0.002327 -0.001150 0.002288
v -0.000787 -0.000907 0.003059
v 0.001041 0.001105 0.002144
v -0.000451 -0.000417 0.001656
v 0.001139 0.001072 0.001016
v 0.001292 0.001434 0.000910
v 0.001582 0.002831 0.002320
v -0.000091 -0.000008 0.001178
v 0.000757 0.000954 -0.001669
v 0.001013 0.001526 0.001175
v -0.001242 -0.001613 0.001439
v -0.000053 -0.000368 0.001345
v 0.002827 0.001814 0.002078
v 0.001742 0.001260 0.001636
v -0.002151 -0.003035 0.002104
v -0.000453 -0.000366 0.002408
v 0.002361 0.002347 0.002399
v -0.000107 0.001865 0.001947
v 0.000529 0.000400 0.002203
v -0.000380 -0.000117 0.002045
v 0.002401 0.001812 0.001887
v -0.002328 -0.002681 0.001923
v -0.000363 -0.000133 0.002318
v -0.001097 -0.000951 0.002364
v 0.000324 -0.000194 0.001823
v -0.000367 0.000393 0.002176
v -0.000210 -0.000388 0.002184
v 0.001452 -0.000516 0.001849
v 0.002584 0.001688 0.001792
v 0.000646 -0.000701 0.002428
v -0.001818 -0.001262 0.002640
v -0.001600 -0.001909 0.002370
v -0.002159 -0.001792 0.000748
v 0.000580 0.001741 -0.000694
v 0.000937 0.000971 0.000952
v 0.000740 0.001667 -0.000144
v 0.001309 0.001030 0.000694
v -0.000137 0.001422 -0.001365
v 0.000818 0.000909 0.000958
v 0.000493 0.001741 0.000908
v -0.001051 0.000225 0.000686
v 0.001649 0.001111 0.000890
v 0.001363 -0.001128 0.001147
v 0.001370 0.000690 0.001501
v 0.001032 0.000985 0.001071
v 0.000036 0.000041 0.002070
v 0.001836 0.002192 0.002057
v -0.000292 -0.000408 0.000840
v 0.002279 -0.001415 0.002012
v -0.000669 -0.000660 0.002052
v -0.002090 -0.002043 0.001966
v 0.002145 0.002274 0.002183
v 0.001410 0.001814 0.001432
v 0.002483 0.002239 0.002532
v 0.001546 0.000959 0.001396
v 0.002226 0.002370 0.002061
v -0.000590 -0.000491 0.002084
v 0.002634 0.002172 0.001895
v -0.001833 -0.000908 0.001775
v 0.002088 -0.000046 0.001735
v -0.001851 -0.001573 0.001660
v 0.000859 0.002340 0.001939
v 0.001876 0.002011 0.002018
v 0.000970 0.000045 0.002346
v 0.001744 0.002200 0.002169
v 0.001766 0.002136 0.001553
v 0.000634 0.000802 0.001820
v -0.000071 0.000051 0.002112
v -0.002334 -0.002810 0.002013
v 0.001623 -0.000495 0.000946
v -0.002731 -0.003127 0.002253
v -0.000434 -0.000107 0.001317
v 0.000062 0.000884 0.001744
v 0.001250 0.001133 0.000943
v 0.002802 0.002632 0.002271
v 0.002275 0.001498 -0.000641
v -0.000656 -0.000892 0.001748
v 0.001161 0.002117 0.000398
v 0.001108 0.000426 0.001005
v 0.001417 -0.001351 0.001059
v 0.000043 0.000248 0.001263
v -0.001387 -0.001345 0.001479
v -0.001220 -0.001680 0.001391
v -0.001809 -0.001743 0.001047
v -0.000058 0.000033 0.000897
v -0.000114 -0.000082 0.001033
v 0.000927 0.000978 0.000971
v 0.000939 0.001005 0.000886
v 0.001388 0.001457 0.000853
v 0.000929 0.001304 0.000966
v 0.000918 0.002754 0.000862
v 0.000874 0.000902 0.000862
v 0.000037 0.001016 -0.000903
v 0.002199 0.002229 0.001083
v 0.001924 0.001026 0.001601
v 0.001137 0.001147 0.000958
v 0.001260 0.001366 0.001048
v 0.001877 0.003236 0.001952
v 0.001224 0.000133 0.000950
v 0.001232 0.001425 0.001546
v -0.000507 -0.000845 0.000411
v 0.001116 0.001525 0.002667
v -0.001174 -0.000720 0.000737
v 0.000831 0.001598 0.001476
v 0.002886 0.002386 0.002126
v 0.002095 0.001290 0.000030
v -0.001878 -0.000219 0.001520
v 0.001214 0.001219 0.001053
v 0.003525 -0.001627 0.001715
v 0.001037 0.001212 0.001944
v -0.000061 0.000137 0.001467
v 0.000376 -0.000047 0.001076
v 0.000107 0.000609 0.001427
v -0.001304 -0.001243 0.001614
v 0.000999 0.000910 0.000567
v 0.000887 0.001235 0.001369
v 0.001925 0.001927 0.001938
v -0.000711 -0.000449 0.000661
v 0.000686 0.000668 0.001364
v -0.000912 -0.002209 -0.000732
v 0.000223 0.000797 0.001781
v 0.001812 0.002057 0.001742
v 0.000946 0.000852 0.000851
v 0.000851 0.001352 0.000851
v -0.002615 -0.000341 0.001871
v 0.000125 0.000137 0.000806
v 0.002352 0.002364 0.002142
v 0.002136 0.000837 0.000669
v 0.000437 0.000794 0.000155
v -0.001546 -0.001112 0.001254
v -0.000004 0.000005 0.001285
v 0.001621 0.002630 -0.000451
v 0.002010 0.001905 0.001745
v 0.001461 -0.002574 0.000741
v 0.001291 0.002786 0.002307
v 0.001623 0.002428 0.002335
v 0.001755 0.002675 0.002657
v 0.002333 0.001516 0.002456
v -0.000493 -0.002486 0.001920
v 0.002165 0.002011 0.001905
v 0.002211 0.000324 0.001704
v 0.001926 0.002197 -0.000087
v 0.001332 0.001506 -0.001527
v -0.002269 -0.001434 0.002116
v -0.001949 0.001596 0.001070
v -0.000174 -0.000007 0.001790
v 0.002115 0.001278 0.001827
v 0.001797 0.001186 0.002299
v -0.000023 -0.000665 0.002201
v 0.001358 0.001435 0.001200
v 0.000243 -0.001596 0.001621
v 0.000023 0.000071 0.000915
v 0.000102 -0.001375 -0.000103
v -0.000799 -0.000902 0.001011
v 0.001265 0.001379 0.001158
v 0.001699 0.001081 0.000862
v -0.000132 -0.000145 0.000914
v 0.001141 0.001200 0.001570
v -0.000862 0.003068 0.002635
v 0.002168 0.000737 0.002701
v 0.001553 0.000881 0.001685
v 0.000866 0.001820 0.002530
v 0.001317 0.000416 0.000148
v 0.001377 -0.000475 -0.000991
v -0.001345 -0.000549 0.001582
v 0.002312 0.001362 0.001269
v 0.001172 -0.000841 -0.000215
v -0.000227 0.000742 0.002262
v 0.001113 0.001263 0.000048
v 0.000355 0.000375 0.001279
v -0.000980 -0.001058 0.001142
v 0.001380 0.001183 0.001229
v 0.000732 0.001054 0.000847
v 0.001948 0.001958 0.000974
v 0.001229 0.000944 0.000325
v 0.001795 0.002220 0.001796
v 0.002305 -0.001691 0.002064
v 0.000998 0.000831 0.002428
v 0.001811 0.001912 0.001994
v 0.001777 0.001777 0.001222
v -0.001088 -0.001050 0.000822
v 0.002125 -0.001151 0.000309
v -0.000034 0.000298 0.002443
v -0.000248 0.000215 0.001776
v 0.001067 0.001941 0.001902
v 0.001511 0.001952 0.001719
v 0.001704 0.001761 0.001018
v 0.002075 0.002086 0.001582
v 0.001173 0.001982 0.001546
v 0.001408 0.001267 0.002567
v 0.000881 -0.000418 0.001141
v 0.000206 0.001067 0.000859
v 0.000476 0.000898 0.001067
v 0.000489 0.001028 0.001059
v 0.000940 0.001043 0.000460
v 0.001017 0.000845 0.001017
v -0.000323 0.000058 0.002566
v 0.000473 -0.002249 0.002724
v -0.001972 -0.002148 0.002304
v -0.002001 -0.002060 0.002157
v 0.000324 0.000079 0.002158
v 0.001133 0.001458 -0.000061
v 0.002338 0.002041 0.001907
v -0.002149 -0.002283 0.002132
v -0.001577 -0.002340 0.002338
v 0.001820 0.001513 0.002056
v 0.002139 0.002444 0.002216
v 0.001359 0.001367 0.002567
v -0.001800 -0.001787 0.002106
v 0.000217 0.000230 0.002132
v 0.002295 0.002082 0.002069
v 0.002415 0.002356 0.002211
v 0.002308 0.002112 0.002155
v 0.002008 0.002074 0.001980
v 0.002256 0.002700 0.000770
v 0.002099 0.002152 0.002071
v 0.001732 0.002274 0.000683
v 0.001161 0.000233 0.001033
v 0.001750 0.001832 0.001831
v 0.001530 0.002786 -0.000621
v 0.001872 0.002245 0.001797
v 0.000400 -0.000041 0.000419
v -0.000057 0.000012 0.000452
v 0.000466 0.000500 0.000412
v -0.000051 -0.000373 0.000415
v 0.000423 0.000212 0.000336
v 0.000001 -0.000016 0.000570
v -0.000235 -0.000182 0.000642
v 0.000198 0.000190 0.000162
v -0.000414 -0.000183 0.000405
v 0.000194 0.000196 0.000021
v 0.000203 0.000329 0.000277
v 0.000035 0.000221 0.000188
v 0.000204 0.000634 0.000208
v 0.000375 0.000206 0.000642
v 0.000640 0.000698 0.000602
v 0.000010 0.000007 0.000015
v 0.000361 0.000846 -0.000653
v 0.000088 0.000089 0.000089
v 0.000690 0.000645 0.000624
v 0.000018 0.000013 0.000000
v 0.000014 0.000003 0.000017
v -0.000093 0.000290 0.000361
v 0.000133 0.000263 0.000135
v 0.000141 0.000280 0.000123
v 0.000179 0.000289 0.000118
v 0.000143 0.000145 0.000123
v 0.000228 0.000170 0.000204
v 0.000284 0.000288 0.000251
v 0.000009 0.000007 0.000226
v 0.000288 0.000008 0.000252
v 0.000277 0.000297 0.000257
v 0.000155 0.000070 0.000179
v 0.000121 0.000146 0.000154
v 0.000227 0.000233 0.000094
v -0.000027 -0.000038 0.000217
v -0.000043 -0.000251 0.000038
v -0.000222 -0.000239 0.000093
v -0.000018 -0.000033 0.000234
v 0.000364 0.000384 0.000353
v -0.000029 -0.000041 0.000374
v 0.000425 0.000586 0.000523
v 0.000553 0.000421 0.000511
v 0.000693 0.000482 0.000483
v 0.000698 0.000480 0.000482
v -0.000437 -0.000570 -0.000101
v -0.000375 -0.000688 0.000362
v -0.000439 -0.000468 0.000381
v 0.000007 0.000070 0.000533
v -0.000433 -0.000464 0.000437
v -0.000635 -0.000675 0.000435
v 0.000941 0.000694 0.000473
v 0.000728 0.000832 -0.000092
v 0.000536 0.000280 0.000821
v -0.000296 -0.000335 0.000793
v -0.000765 -0.000817 0.000774
v 0.000250 -0.000871 -0.000623
v -0.000146 -0.000215 -0.000288
v 0.000294 0.000413 -0.000164
v -0.000385 -0.000397 0.000369
v -0.000123 -0.000014 -0.000046
v 0.000459 0.000610 0.000698
v -0.000128 -0.000028 0.000787
v 0.000821 0.000949 0.000287
v -0.000562 -0.000143 0.000551
v 0.000934 0.000850 -0.000151
v 0.000999 0.000690 0.000890
v 0.000807 0.000905 0.000377
v 0.000839 0.000594 -0.000672
v 0.000667 0.000689 0.000994
v 0.000762 0.000733 -0.000609
v 0.000764 0.000696 0.000724
v 0.000227 -0.000250 -0.000020
v -0.000164 0.000971 -0.001254
v 0.000091 0.000073 0.001089
v 0.001288 0.000909 -0.000206
v 0.000900 0.000963 0.000776
v 0.001134 0.001203 0.001059
v 0.001160 0.001270 0.000961
v 0.001206 0.001286 0.000769
v 0.001123 0.001245 0.000509
v 0.001297 0.001376 0.000862
v 0.001341 0.001259 0.000837
v 0.001126 0.001442 0.000967
v 0.001903 0.001921 0.001206
v 0.001905 0.002025 0.001765
v 0.000073 0.002009 0.001314
v 0.000244 0.000369 0.001723
v 0.001019 0.002296 0.002138
v -0.000856 -0.001369 0.001694
v 0.000516 0.002384 0.002006
v 0.001836 0.001150 0.001831
v 0.001328 0.002020 -0.000621
v 0.001150 0.002369 0.001925
v 0.001971 0.001831 0.001689
v 0.001045 0.002454 0.001941
v 0.001605 0.002285 0.002080
v 0.002169 0.002232 0.002053
v 0.002632 0.000952 -0.000865
v -0.000226 -0.000047 0.001758
v -0.000796 -0.000365 0.001451
v -0.002468 -0.002506 0.001324
v -0.001724 -0.000932 0.001759
v 0.001227 0.001518 0.001207
v -0.001068 -0.000997 0.001027
v 0.001024 -0.001264 0.002054
v 0.001740 0.001999 0.001784
v 0.000131 0.002797 0.000997
v 0.001277 0.001972 0.001535
v -0.000271 -0.000016 0.001172
v -0.000399 0.000849 0.001671
v 0.000082 0.000095 0.000308
v 0.001910 0.002162 0.000114
v 0.000025 0.000268 0.002577
v 0.000213 -0.000312 -0.000025
v 0.000300 0.000312 0.000249
v -0.000763 -0.000907 0.000834
v 0.000248 -0.000012 0.000143
v 0.001147 0.002021 0.001042
v -0.000153 0.000196 0.001653
v 0.001578 0.001981 0.001708
v -0.001763 -0.000255 0.001835
v -0.000166 0.000188 0.001660
v 0.001057 0.002117 0.000919
v 0.000156 0.000052 0.000222
v 0.000332 -0.000249 0.000306
v 0.000309 0.000232 0.000188
v -0.000158 -0.000327 0.000281
v 0.000337 0.000345 0.000005
v 0.000196 0.000371 -0.000198
v 0.000004 0.000086 0.000211
v 0.000638 0.000150 0.000569
v 0.000254 0.000236 0.000166
v -0.000334 -0.000677 0.000120
v 0.000113 0.000148 0.000087
v 0.000498 0.000384 0.000349
v 0.000383 0.000384 0.000439
v 0.000112 -0.000065 0.000077
v 0.000097 0.000007 0.000077
v 0.003182 -0.003288 -0.000057
v 0.004989 0.004537 -0.001345
v 0.000007 -0.000010 -0.000062
v 0.000022 0.000585 0.000314
v 0.000312 0.000697 0.000321
v -0.000031 -0.000085 0.000647
v 0.000077 0.000081 0.000072
v 0.000037 0.000039 0.000034
v 0.000044 0.000085 0.000018
v 0.007474 0.002301 0.000697
v -0.001341 0.001665 0.005736
v 0.007226 0.006344 0.005009
v 0.000035 -0.000017 0.000011
v 0.009263 0.001691 0.006718
v 0.001344 0.005218 -0.002191
v 0.007166 0.000134 0.003250
v 0.004276 -0.002877 -0.000595
v -0.000038 -0.000044 0.000011
v -0.000167 0.002704 0.001882
v 0.000036 0.000037 0.000035
v -0.000702 0.007082 -0.000406
v -0.000008 -0.000016 0.000061
v -0.000801 -0.002736 0.002679
v 0.000489 0.000426 0.000602
v 0.001654 0.000565 0.000553
v -0.003726 -0.000855 0.003589
v -0.000127 -0.000259 0.000598
v -0.000661 -0.000655 0.000537
v -0.000311 0.000441 0.001842
v -0.000566 -0.000666 0.000534
v -0.000064 0.000282 0.000096
v -0.000575 -0.000575 0.000545
v 0.000016 0.000013 0.000311
v 0.000319 0.000423 0.000300
v 0.000426 0.000360 0.000388
v 0.000321 0.000367 0.000366
v 0.000568 0.000344 0.000406
v 0.001179 0.000361 0.001098
v -0.000344 -0.000338 0.000296
v 0.000481 0.000461 0.000361
v 0.001276 0.000969 0.000131
v 0.000385 0.000463 0.000207
v 0.000491 0.000344 0.000029
v 0.000368 0.000318 0.000040
v -0.000149 -0.000183 0.000364
v 0.000383 0.000756 0.000271
v 0.000611 0.000732 0.000528
v -0.000120 -0.000260 0.000381
v 0.000538 0.000591 0.000498
v 0.000040 0.000025 0.000309
v 0.000405 -0.000097 0.000227
v 0.000411 0.000071 0.000590
v 0.000590 0.000846 0.000808
v 0.000706 0.000482 0.000443
v 0.000156 0.000322 0.000740
v 0.000332 0.000422 -0.000047
v 0.000277 0.000069 0.000347
v 0.000395 0.000322 0.000281
v -0.000355 -0.000378 0.000350
v -0.000049 -0.000059 0.000334
v 0.000288 0.000457 0.000438
v 0.000373 0.000009 0.000366
v 0.000371 0.000663 0.000226
v 0.007463 0.007387 -0.000615
v 0.000025 -0.000012 -0.000007
v 0.000038 -0.000068 0.000038
v 0.000046 0.000103 0.000634
v 0.000284 -0.000822 0.007008
v 0.000212 -0.000061 0.000125
v -0.007415 -0.008076 0.007034
v -0.001414 0.004975 0.001351
v -0.007419 -0.007681 0.005066
v -0.007455 -0.008049 0.006977
v 0.000049 0.000100 -0.000000
v 0.000727 0.000529 0.006313
v 0.000097 0.000236 0.000311
v 0.000425 0.004925 0.000405
v 0.002926 0.007151 -0.006287
v 0.001216 -0.001557 0.002813
v -0.000546 -0.001415 -0.002543
v -0.002404 0.000222 0.004392
v 0.002048 0.003577 0.007051
v 0.000042 0.000426 0.000079
v 0.000085 0.000212 -0.000142
v 0.000089 0.000078 0.000072
v 0.000274 0.000433 0.000064
v 0.000421 0.000025 0.000060
v -0.000008 -0.000034 0.000023
v -0.000014 0.000053 0.000298
v 0.000023 -0.000013 0.000038
v 0.000026 -0.000040 0.000023
v 0.000072 0.000039 0.000025
v 0.000048 0.000050 0.000023
v 0.000067 -0.000012 0.000050
v 0.000010 0.000026 0.000018
v 0.000054 0.000035 0.000057
v -0.000021 0.000082 0.000088
v 0.000080 0.000073 0.000043
v 0.000044 0.000014 -0.000001
v 0.000083 0.000001 0.000073
v -0.000378 -0.000402 0.000344
v -0.000235 0.000360 -0.000133
v 0.000344 0.000688 0.000354
v 0.000333 0.000374 0.000477
v 0.000168 0.000199 0.000123
v 0.000219 0.000342 0.000172
v -0.000046 0.000427 -0.000040
v -0.000349 -0.000417 0.000360
v -0.000361 -0.000387 0.000364
v -0.000392 -0.000420 0.000380
v -0.000389 -0.000427 0.000377
v -0.000001 -0.000040 0.000361
v -0.000011 -0.000012 0.000376
v 0.000005 0.000006 0.000375
v 0.000016 0.000017 0.000373
v 0.000070 -0.000391 0.000368
v 0.000414 0.000411 0.000396
v -0.000386 -0.000416 0.000393
v 0.000408 0.000294 0.000299
v -0.000083 -0.000087 -0.000018
v -0.000336 -0.000361 0.000312
v 0.000254 0.000341 0.000269
v 0.000224 0.000061 0.000293
v -0.000021 0.000013 -0.000059
v -0.000340 -0.000361 0.000329
v -0.000487 -0.000284 0.000551
v 0.000126 0.000121 0.000349
v 0.000476 0.000379 0.000411
v -0.000337 -0.000556 0.000529
v 0.000391 0.000214 0.000452
v -0.000623 -0.000530 0.000578
v -0.000468 -0.000330 0.000322
v -0.000744 -0.000357 0.000540
v -0.000667 -0.000012 0.000525
v 0.000730 0.000216 0.000548
v 0.000330 0.000527 0.000404
v -0.000039 -0.000477 0.000452
v -0.000425 -0.000705 0.000435
v -0.000144 -0.000129 0.000484
v 0.000487 0.000531 0.000495
v 0.000737 0.000495 0.000446
v 0.000448 0.000468 0.000443
v -0.000341 -0.000366 0.000334
v -0.000306 -0.000370 0.000309
v -0.000385 -0.000024 0.000353
v 0.000353 0.000359 -0.000014
v 0.000157 0.000326 0.000154
v 0.000033 0.000432 0.000485
v 0.000031 -0.000032 0.000070
v 0.000156 0.000111 -0.000000
v 0.000055 0.000268 0.000485
v 0.000392 0.000418 0.000287
v 0.000378 0.000091 0.000298
v 0.000351 0.000379 0.000318
v 0.000312 0.000518 0.000302
v -0.000048 -0.000184 -0.000155
v -0.000393 0.000434 0.000339
v 0.000280 0.000329 0.000439
v 0.000272 0.000471 0.000420
v 0.000507 0.000516 0.000226
v -0.000166 -0.000179 0.000427
v 0.000375 0.000402 0.000365
v 0.000248 0.000776 0.000628
v 0.000374 0.000403 0.000411
v 0.000384 0.000747 -0.000202
v 0.000168 0.000219 0.000063
v 0.000086 0.000102 0.000407
v -0.000066 -0.000231 -0.000132
v 0.000379 0.000144 -0.000033
v -0.000316 -0.000372 0.000093
v 0.000009 0.000013 0.000011
v -0.000279 -0.000299 0.000315
v 0.000370 0.000430 0.000373
v 0.000616 -0.000172 0.000647
v 0.000015 0.000039 0.000501
v 0.000642 0.000604 0.000584
v 0.000685 0.000712 0.000505
v 0.000521 0.000720 0.000501
v 0.000370 0.000369 0.000435
v 0.000686 0.000734 0.000646
v -0.000588 -0.000704 0.000322
v -0.000079 0.000088 0.000448
v 0.000071 0.000119 0.000521
v 0.000398 0.000739 0.000592
v 0.000688 0.000709 0.000430
v 0.000256 -0.000076 0.000022
v -0.000649 -0.000681 0.000326
v 0.000058 0.000083 0.000616
v 0.000030 -0.000188 0.000542
v 0.000417 0.000420 0.000387
v 0.000506 -0.000316 0.000344
v 0.000363 0.000502 0.000502
v -0.000397 -0.000317 0.000471
v 0.000372 0.000488 0.000454
v 0.000533 0.000036 0.000020
v 0.000248 0.000506 -0.000196
v 0.000270 -0.000021 0.000036
v 0.000435 0.000093 -0.000348
v 0.000499 0.000344 0.000341
v 0.000486 -0.000236 0.000348
v 0.000452 0.000522 -0.000028
v 0.000469 0.000410 0.000473
v 0.000364 0.000364 0.000364
v 0.000527 0.000641 -0.000094
v -0.000446 -0.000457 0.000454
v 0.000482 0.000380 -0.000358
v -0.000251 0.000055 0.000727
v 0.000724 0.000745 0.000234
v -0.000255 0.000059 -0.000124
v 0.000304 0.000454 -0.000278
v 0.000495 0.000434 0.000702
v 0.000042 0.000152 0.000263
v 0.000412 0.000397 0.000340
v 0.000396 0.000381 -0.000056
v 0.000450 0.000438 0.000216
v -0.000269 -0.000306 0.000343
v 0.000432 0.000217 0.000271
v 0.000070 0.000113 0.000393
v 0.000335 0.000050 0.000093
v 0.000010 0.000050 0.000435
v 0.000074 -0.000353 0.000434
v 0.000776 -0.000402 0.000341
v 0.000185 0.000695 0.000384
v -0.000073 -0.000141 0.000377
v 0.000376 0.000623 0.000546
v 0.000368 0.000568 0.000457
v 0.000380 0.000400 0.000288
v 0.000381 0.000465 0.000657
v 0.000279 0.000279 0.000607
v 0.000010 0.000474 0.000507
v 0.000805 -0.000213 0.000291
v -0.000359 0.000356 0.000617
v 0.000411 0.000451 0.000424
v 0.000640 0.000462 0.000497
v 0.000453 -0.000016 0.000507
v 0.000637 -0.000052 -0.000089
v 0.000529 -0.000196 0.000024
v 0.000562 0.000279 -0.000013
v 0.000478 0.000020 -0.000107
v 0.000404 0.000513 0.000101
v 0.000440 0.000884 0.000734
v 0.000317 0.000728 0.000726
v 0.000483 0.000327 -0.000164
v -0.000585 -0.000639 0.000442
v -0.000052 -0.000410 0.000491
v 0.000326 0.000524 0.000444
v 0.000436 0.000449 0.000473
v 0.000685 0.000496 0.000486
v 0.000462 0.000498 0.000430
v 0.000446 0.000491 0.000427
v 0.000001 0.000019 0.000500
v -0.000442 -0.000549 0.000350
v 0.000303 0.000737 -0.000610
v -0.000329 0.000173 0.000768
v 0.000054 -0.000491 0.000511
v -0.000491 -0.000559 0.000539
v 0.000463 0.000519 0.000515
v -0.000099 -0.000103 0.000510
v 0.000005 0.000028 0.000711
v 0.000419 0.000083 0.000542
v 0.000285 0.000487 0.000326
v 0.000401 0.000023 0.000457
v 0.000234 0.000602 -0.000013
v 0.000283 -0.000300 0.000161
v 0.000015 -0.000110 -0.000219
v 0.000478 0.000422 0.000371
v -0.001529 -0.002478 0.001633
v -0.003106 -0.003654 0.003043
v -0.000859 -0.000310 0.003939
v 0.000062 -0.000127 0.002580
v 0.004333 0.003305 0.003300
v 0.000427 -0.000686 0.001711
v 0.001377 0.001326 0.000999
v -0.000505 -0.000546 0.001035
v 0.000027 0.000080 0.000804
v 0.003424 0.001105 0.002842
v -0.001153 -0.001134 0.000827
v 0.002336 -0.001344 0.003604
v -0.002287 -0.002532 0.000664
v 0.004201 0.000872 0.002434
v -0.002438 -0.002818 0.001660
v -0.001395 -0.000185 0.002601
v -0.002255 -0.001878 0.001807
v -0.000687 -0.001588 0.002749
v 0.002580 0.003240 -0.000179
v 0.002890 0.002462 0.000978
v -0.002809 -0.001677 0.001576
v -0.000010 -0.000015 0.002645
v -0.002708 -0.002651 0.001748
v 0.002920 0.003178 -0.000822
v 0.004207 0.004766 0.003483
v 0.004653 0.002060 0.003877
v 0.003168 0.003346 0.002363
v -0.001252 -0.000524 0.000604
v 0.002250 0.002840 0.003268
v 0.004382 0.000675 0.003168
v 0.000377 0.000438 0.001037
v 0.003278 0.003204 0.002838
v -0.000744 -0.000844 0.000907
v 0.002658 -0.000098 0.004221
v 0.000046 -0.001784 -0.001240
v 0.004735 -0.002236 0.001025
v -0.000427 -0.000595 -0.000362
v 0.003071 0.000220 0.004074
v 0.002038 0.001176 0.001526
v 0.004212 0.003223 0.003850
v 0.004914 0.004608 0.001547
v 0.000479 0.000482 0.000458
v 0.004580 0.000384 0.002059
v 0.000104 -0.000059 0.000315
v 0.000095 0.000003 0.000090
v 0.002988 0.004481 0.003991
v 0.003671 0.004617 0.001843
v 0.001029 0.001695 0.002628
v 0.002707 0.002226 -0.000025
v 0.002905 0.001449 0.002413
v 0.000562 -0.001771 -0.000367
v 0.000280 0.003432 0.002021
v 0.002608 -0.002873 0.002187
v 0.001951 0.001960 0.001489
v 0.002064 0.001990 0.001603
v 0.003679 0.002948 0.001780
v 0.002708 0.002668 0.002479
v 0.004405 0.003441 0.001780
v 0.000015 -0.000000 0.000004
v -0.002282 0.004217 -0.002130
v 0.000025 0.000012 0.000091
v 0.000125 0.000034 0.000086
v 0.004011 0.003977 -0.000049
v 0.000419 0.000963 0.002825
v 0.001985 0.000555 -0.001006
v 0.000321 0.002335 -0.000306
v -0.000107 -0.000387 0.001990
v 0.002165 0.002092 0.001965
v 0.000515 0.000195 0.002220
v 0.001823 0.001798 0.001799
v -0.002720 -0.003094 0.002930
v 0.002237 -0.000729 0.001883
v 0.000935 0.002438 0.002275
v 0.002254 0.002704 0.001640
v 0.002206 0.002232 0.001014
v 0.002924 0.000592 0.001268
v -0.001283 -0.001473 0.001232
v -0.000317 0.003315 0.001519
v 0.002856 0.002113 0.002667
v -0.003102 -0.001603 0.003142
v -0.001141 -0.001059 0.001962
v 0.002878 0.003012 0.002122
v -0.000334 -0.000228 0.001784
v -0.001594 -0.001619 0.002554
v 0.001607 -0.001069 -0.000161
v 0.001152 0.001885 0.000266
v 0.001915 0.001974 0.002024
v 0.000876 0.000244 0.001351
v 0.002156 -0.000525 0.003101
v 0.003052 0.001239 0.002441
v 0.000081 0.000087 0.000139
v 0.003643 0.002722 0.001515
v 0.003509 0.002834 0.001069
v 0.004041 0.002909 -0.000077
v -0.002695 -0.001867 0.001132
v 0.001680 0.001341 0.000426
v 0.001214 -0.000819 0.001168
v 0.001527 0.001593 0.001462
v 0.000221 0.000036 0.000334
v 0.000169 0.000157 0.000278
v 0.000200 0.000243 0.000280
v 0.001569 0.000679 0.000200
v -0.000076 0.000699 0.000789
v 0.000043 0.000080 0.000113
v 0.000036 0.000011 0.000017
v -0.000006 0.000020 0.000520
v -0.001216 -0.002199 0.000082
v -0.002105 -0.002247 0.001628
v -0.000060 -0.000073 0.000265
v 0.000365 0.003340 0.000366
v 0.000017 0.000016 0.000013
v 0.000457 0.000308 0.000406
v 0.003299 0.002192 -0.000022
v 0.001451 -0.001327 -0.000545
v 0.000786 -0.000951 0.002115
v 0.002901 0.003129 0.003019
v 0.000029 0.000052 0.000068
v 0.000042 0.000047 0.000047
v 0.000837 0.002364 0.000209
v 0.001709 0.003575 0.001670
v 0.000881 0.001000 0.000944
v 0.002610 0.003089 0.002042
v -0.003173 -0.002203 0.000285
v -0.001007 -0.003091 0.001649
v 0.001721 0.002629 0.002574
v -0.000190 -0.001340 0.001235
v -0.001164 -0.000477 0.001976
v 0.001389 -0.000587 0.002510
v -0.001121 0.000794 -0.000781
v -0.002482 -0.002462 0.000052
v 0.001120 0.001179 0.002507
v 0.001068 0.001899 0.000001
v 0.002875 0.000372 0.000341
v 0.000812 0.004151 0.003140
v -0.000034 -0.003803 0.003475
v 0.003548 0.003921 0.003217
v 0.000527 0.000061 0.002866
v -0.000201 -0.000304 0.002946
v -0.001085 -0.002970 0.000546
v 0.002029 0.004470 0.003117
v 0.001604 0.001360 0.000665
v 0.002656 0.001887 0.003980
v -0.001658 -0.001617 0.001782
v 0.002576 0.002657 0.002004
v 0.000178 -0.000518 0.002545
v -0.000528 -0.000280 0.000510
v 0.002611 0.002241 0.002191
v 0.002282 0.002534 0.002099
v 0.002790 -0.002003 0.001269
v 0.001165 0.003419 0.002697
v 0.002724 0.003258 0.001329
v -0.000216 -0.000076 0.003054
v 0.000624 0.000157 -0.000909
v 0.000298 0.000333 0.002287
v 0.000061 0.000249 0.001955
v 0.003220 0.001383 -0.002161
v 0.001064 0.001263 0.002369
v 0.002059 0.001258 0.001561
v 0.001881 0.002176 -0.000139
v -0.000067 -0.000178 0.001846
v 0.002731 -0.000229 -0.000430
v 0.000197 -0.000076 -0.000134
v -0.000246 -0.000350 0.001611
v -0.001276 -0.001572 0.001253
v -0.001676 -0.002238 0.001872
v -0.002555 -0.002137 -0.000166
v 0.002005 0.001753 0.001570
v -0.001913 0.000153 0.002308
v -0.001292 -0.001599 0.001824
v 0.002946 0.000892 0.003421
v -0.001827 -0.002646 0.001877
v 0.001505 0.001592 0.000567
v 0.002445 0.001457 0.002741
v 0.003283 -0.000042 0.002850
v 0.001616 0.000613 0.001386
v 0.001908 0.002294 0.001833
v 0.002590 0.001836 0.003411
v 0.001027 0.001244 -0.000388
v 0.002587 0.001982 0.001769
v 0.001367 0.001439 0.000678
v 0.001306 0.000145 0.001163
v -0.001267 -0.002565 0.000943
v 0.000953 0.000272 -0.000444
v -0.001071 -0.001342 0.001143
v 0.002003 0.002405 0.002419
v 0.002096 0.002033 0.001246
v 0.004147 0.003091 0.001568
v 0.002143 0.001874 0.003369
v 0.002367 0.002029 0.001470
v -0.002371 -0.002502 0.001960
v 0.001777 0.002483 0.002622
v -0.004235 -0.003101 0.003787
v -0.000796 -0.001697 0.000993
v 0.002173 0.002848 -0.002034
v 0.002461 0.002413 0.002639
v -0.000126 -0.000808 0.001925
v 0.000311 0.001075 0.001559
v 0.002220 0.002594 0.002312
v 0.001047 0.002105 0.002125
v 0.000335 -0.002005 0.002090
v 0.000663 0.001705 -0.000472
v 0.001059 0.000564 0.001301
v 0.000259 -0.000495 0.002103
v -0.000246 -0.000736 0.002133
v -0.000006 0.004145 -0.000210
v 0.003735 0.003960 0.002342
v 0.003385 0.004380 0.003182
v 0.000119 0.000192 0.000198
v 0.000146 0.000133 -0.000008
v 0.002415 0.002384 0.002096
v 0.002121 0.002500 0.001955
v 0.002195 0.002278 0.002170
v -0.000143 0.000210 0.001735
v 0.001380 0.001947 -0.002456
v 0.002126 0.001669 0.001339
v 0.002095 0.002139 0.000264
v 0.001509 0.002463 0.002065
v 0.000867 -0.000493 -0.000380
v 0.000747 0.000772 -0.000628
v 0.000013 -0.000671 0.002907
v 0.000401 -0.000720 0.001838
v -0.001473 -0.003265 0.002979
v 0.001808 0.001351 0.001853
v 0.002627 0.001726 -0.001884
v 0.001198 0.001285 0.001761
v -0.000010 0.002234 0.001498
v -0.001389 -0.000872 0.000333
v 0.001521 0.002153 0.000710
v -0.000935 -0.000708 0.000225
v 0.002283 0.000380 0.002920
v -0.000342 -0.000574 0.002233
v 0.003066 0.002311 0.002429
v 0.002017 0.000427 0.001167
v 0.003063 0.003267 0.002503
v 0.000302 0.000508 0.002729
v 0.000208 -0.000098 0.002016
v 0.002764 0.001912 0.002726
v -0.000999 -0.001255 0.000806
v -0.001041 -0.003075 -0.000152
v 0.000806 0.001063 -0.000372
v 0.000484 0.002612 0.002737
v -0.002340 -0.001473 0.001313
v 0.000031 0.000752 0.001241
v -0.002751 -0.002812 0.002283
v 0.000490 0.000447 0.000100
v 0.000081 0.000071 0.002806
v -0.000190 0.000018 0.003477
v 0.000091 -0.000698 0.001509
v -0.000512 -0.000966 0.002686
v 0.001380 -0.001525 -0.000024
v -0.001501 -0.001264 0.003615
v 0.001578 -0.000437 0.002639
v -0.000024 -0.000023 0.000197
v -0.000040 -0.000026 0.001669
v 0.000000 -0.000000 0.000006
v 0.000330 0.000061 0.000062
v 0.000147 0.000281 0.001445
v 0.000567 0.000467 0.001485
v -0.002989 -0.003221 -0.000112
v 0.000242 0.000209 0.000914
v -0.000043 -0.000046 0.000059
v 0.001236 0.001082 0.000952
v -0.001731 -0.000042 0.001279
v -0.001830 -0.002064 0.002503
v -0.001251 -0.003070 -0.000351
v 0.000254 0.000019 0.000127
v 0.000017 0.000024 0.000179
v 0.000095 0.000110 0.001153
v 0.000204 0.000054 0.000215
v 0.000002 0.000003 0.000060
v 0.000326 0.000198 0.000449
v 0.000008 0.000165 0.000367
v 0.000171 0.000196 -0.000069
v 0.000421 -0.000737 -0.000994
v 0.000109 -0.002206 0.004252
v -0.002080 0.000316 -0.000494
v 0.000049 0.000104 0.000599
v 0.000057 -0.000452 0.004576
v -0.000049 -0.000059 0.000064
v 0.000148 0.000051 0.000151
v 0.000010 0.002478 0.001911
v -0.000048 -0.000028 0.000594
v 0.001916 0.004531 -0.000023
v -0.002313 -0.002435 0.002215
v 0.000594 0.000629 0.000589
v 0.000022 -0.000020 0.000170
v 0.000022 0.000005 0.000011
v -0.000148 -0.000290 0.000360
v 0.001124 -0.001213 0.000383
v 0.000093 0.000139 0.000020
v -0.000210 -0.000165 0.001038
v -0.001709 0.001562 0.003243
v -0.000241 -0.003520 -0.000286
v 0.000342 0.000466 0.003007
v -0.000027 -0.000073 0.000128
v -0.002912 -0.001025 0.001139
v 0.000030 0.000036 0.001088
v -0.000014 0.000609 0.000223
v -0.000140 -0.000186 0.000201
v -0.000409 0.000259 0.000418
v 0.000005 0.000079 0.000585
v 0.003789 0.000418 0.003579
v 0.000479 0.000095 0.003275
v 0.003737 0.000420 0.000456
v 0.002297 0.002340 0.002200
v 0.000132 0.003637 0.000073
v 0.003733 0.003466 0.002304
v 0.001037 0.002013 0.001519
v 0.003665 -0.000366 0.003634
v 0.003280 0.002788 0.002187
v 0.004308 0.002590 0.001644
v 0.001853 0.001898 0.001478
v -0.000012 0.000011 -0.000120
v 0.001706 -0.000118 -0.000475
v -0.000016 0.003147 0.002357
v 0.001527 -0.001222 0.000091
v 0.003099 0.003531 0.002625
v -0.000240 -0.000948 0.000048
v -0.002881 -0.002993 0.000493
v 0.002034 0.001950 0.001642
v -0.003459 -0.000175 0.002259
v 0.000026 0.000847 -0.000462
v -0.000677 -0.000648 0.002605
v -0.000625 0.002695 0.003664
v -0.000021 -0.000734 0.002083
v 0.002087 0.003132 0.002123
v 0.003905 0.000635 0.002284
v 0.003902 0.003343 0.001468
v 0.002730 0.001406 0.002283
v 0.001002 0.003616 -0.001960
v 0.001020 0.001599 0.002231
v -0.001586 -0.001886 0.002420
v -0.002671 -0.000185 0.001920
v 0.002022 0.000653 -0.002192
v 0.002929 -0.000466 0.000808
v -0.000813 -0.000786 0.000507
v 0.003164 0.000976 -0.001402
v 0.002129 0.000590 0.001595
v 0.002306 0.001205 0.001093
v 0.002627 0.000706 -0.000390
v 0.002262 0.002189 0.002091
v -0.003200 -0.003055 0.002960
v 0.001961 0.001911 0.001683
v 0.001897 0.001659 0.001566
v 0.000041 -0.001768 0.002115
v 0.002210 0.002137 0.002293
v 0.002151 0.004734 0.003952
v 0.001972 0.002423 0.002094
v 0.001537 0.001626 -0.002134
v -0.000699 -0.001019 0.003554
v 0.003758 0.000823 0.002189
v 0.002479 0.003950 0.002005
v 0.002732 0.002774 0.002632
v -0.002719 -0.002271 -0.000115
v 0.001760 0.001717 0.002341
v -0.001860 -0.002399 0.002042
v 0.002595 0.002633 0.001636
v 0.001946 0.002305 0.002525
v 0.003132 0.003253 0.001604
v 0.001957 -0.000594 0.002037
v 0.002840 0.002145 0.001510
v -0.000274 -0.001375 0.001700
v 0.002673 0.001243 0.002606
v 0.000626 0.001117 0.000567
v -0.002937 0.002166 0.000060
v 0.002563 0.002785 0.002003
v 0.002265 0.002228 0.001164
v 0.002671 0.002217 0.001516
v 0.002057 0.000209 0.001478
v 0.002093 0.001645 0.001793
v 0.001783 -0.000577 0.002129
v 0.001600 0.002195 0.001991
v 0.002177 0.002412 0.001408
v 0.000360 0.001003 0.001445
v 0.001223 0.000630 0.001108
v -0.001859 -0.002813 0.001684
v 0.002003 0.002291 0.001839
v -0.000867 -0.001395 0.002614
v -0.001231 0.002672 -0.001007
v 0.000496 0.003359 0.000370
v 0.002650 0.003039 -0.002349
v -0.000412 0.001437 0.001820
v 0.003486 0.002850 0.002842
v 0.002950 0.002371 0.000217
v 0.002080 0.001959 0.001134
v 0.002810 0.001599 0.002741
v 0.003011 0.000976 -0.002288
v -0.001829 -0.002989 0.002588
v 0.002509 -0.003017 0.002318
v 0.003284 0.003481 0.002576
v 0.000571 0.000577 0.002758
v -0.002902 -0.001253 -0.000009
v 0.000101 0.000121 0.001674
v 0.000152 0.000403 0.001942
v -0.002191 -0.003003 -0.000163
v -0.002757 -0.001916 0.002016
v -0.000123 -0.001309 0.003109
v 0.002401 0.004249 0.003939
v -0.001904 -0.000032 0.001848
v 0.001863 0.001897 0.002667
v -0.001278 0.000487 0.003279
v -0.000372 -0.001439 0.002143
v 0.001349 0.004213 0.001959
v -0.000346 -0.000940 0.003211
v 0.001402 0.002262 0.002281
v -0.001168 0.002005 0.000935
v -0.000346 -0.000171 0.002455
v -0.000030 0.000206 0.002746
v 0.002429 0.000402 0.001188
v -0.000977 -0.001029 0.000232
v 0.003114 0.002809 0.002659
v 0.001175 0.000839 -0.000352
v 0.000390 -0.001588 0.000071
v -0.000474 -0.001389 0.001758
v 0.000995 0.002072 0.001567
v 0.001479 0.001169 0.001574
v -0.000240 -0.000315 0.001894
v 0.002156 0.002445 0.001835
v 0.002466 0.002649 0.001885
v 0.002558 0.001792 -0.002258
v 0.002007 0.001448 0.001704
v 0.002387 0.002978 0.003889
v 0.001298 0.001004 0.001309
v 0.002382 0.002552 0.001937
v 0.000259 0.000276 0.000264
v 0.000009 0.000285 -0.000003
v 0.000698 0.000124 0.000142
v 0.000660 0.000591 -0.000303
v 0.000523 0.000570 0.000474
v 0.000010 0.000002 0.000013
v 0.000555 0.000121 0.000552
v 0.000510 0.000701 0.000862
v 0.000154 0.000677 -0.000029
v 0.000182 0.000219 0.000177
v 0.000051 0.000057 0.000202
v 0.000321 0.000579 0.000756
v 0.000055 0.000054 0.000089
v -0.000054 0.000419 0.000691
v 0.000044 -0.000086 0.000050
v 0.000231 0.000213 0.000235
v 0.000098 0.000052 0.000097
v -0.000052 0.000451 0.000348
v 0.000321 -0.000282 0.000057
v 0.000091 0.000114 -0.000029
v 0.000004 0.000005 0.000688
v 0.000097 0.000059 0.000093
v -0.000140 -0.000344 0.000205
v 0.000209 0.000176 0.000160
v 0.000156 0.000191 0.000148
v 0.000377 0.000126 0.000108
v 0.000149 0.000161 0.000104
v 0.000492 0.000349 0.000510
v 0.000238 0.000158 0.000005
v -0.000149 -0.000013 0.000199
v 0.000194 0.000202 0.000203
v -0.000593 -0.000203 0.000577
v -0.000482 0.000168 0.000350
v -0.000235 -0.000251 0.000252
v -0.000159 -0.000142 0.000151
v -0.000094 -0.000143 0.000033
v 0.000025 -0.000756 0.000166
v 0.000055 0.000134 0.000239
v -0.000019 0.000040 0.000153
v -0.000186 -0.000191 0.000189
v 0.000141 -0.000085 0.000252
v 0.000690 0.000619 0.000259
v 0.000237 0.000260 0.000255
v 0.000455 0.000473 0.000423
v 0.000420 0.000060 0.000453
v 0.000346 0.000697 0.000027
v 0.000337 0.000346 0.000003
v 0.000516 0.000673 0.000355
v 0.000784 0.000783 0.000298
v 0.000678 -0.000584 0.000287
v 0.000704 0.000184 0.000294
v 0.000511 -0.000561 -0.000612
v -0.000371 0.000563 0.000248
v 0.000333 -0.000642 0.000605
v 0.000591 0.000103 0.000144
v 0.000127 0.000105 -0.000014
v -0.000046 -0.000060 0.000469
v 0.000148 -0.000488 0.000586
v 0.000084 -0.000284 0.000110
v -0.000124 0.000057 0.000304
v -0.000098 -0.000112 0.000109
v 0.000113 0.000299 0.000618
v -0.000178 -0.000112 0.000201
v 0.000537 -0.000249 0.000270
v 0.000779 0.000461 0.000631
v -0.000006 -0.000010 0.000111
v -0.000178 -0.000190 0.000581
v 0.000028 0.000110 0.000232
v 0.000077 0.000188 0.000060
v -0.000058 0.000107 -0.000117
v 0.000109 0.000116 0.000238
v 0.000137 0.000365 0.000275
v 0.000147 0.000269 0.000719
v 0.000025 0.000284 0.000596
v 0.000513 0.000168 0.000581
v 0.000284 0.000625 -0.000040
v 0.000694 -0.000602 0.000714
v -0.000281 0.000011 0.000009
v 0.000534 0.000599 -0.000252
v 0.000816 0.000314 -0.000500
v 0.000551 0.000219 0.000520
v -0.000149 0.000777 -0.000727
v 0.000076 -0.000035 0.000017
v -0.000218 -0.000222 0.000216
v 0.000056 -0.000053 0.000035
v -0.001231 -0.000228 0.000186
v 0.000874 0.000162 0.000824
v -0.001306 -0.001346 0.001135
v 0.002830 0.002520 -0.000821
v 0.001399 0.001348 0.000911
v 0.003411 0.001469 -0.001573
v 0.004631 -0.000087 0.001498
v -0.002022 -0.003171 0.000354
v 0.003160 -0.003687 -0.002163
v 0.003247 -0.002430 -0.000218
v 0.001509 0.001275 0.001356
v 0.000419 -0.000394 0.000226
v 0.001742 0.003151 0.003983
v -0.003399 -0.001621 0.003700
v 0.000057 0.000307 0.000134
v 0.000103 0.000447 -0.000166
v 0.000014 0.000026 0.000305
v 0.000051 0.000083 0.000031
v 0.000136 0.000623 0.000516
v 0.000482 0.000589 0.000219
v 0.000306 0.000658 0.000253
v 0.000258 0.000276 0.000634
v 0.000016 -0.000006 0.000141
v -0.000006 0.000177 0.000116
v 0.000190 -0.000067 0.000144
v 0.000436 0.000065 0.000134
v -0.000076 0.000116 0.000220
v 0.000026 0.000029 0.000035
v 0.000149 -0.000042 0.000457
v 0.000021 0.000022 0.000141
v -0.000098 -0.000147 -0.000194
v 0.000022 0.000004 0.000121
v 0.000112 0.000154 0.000550
v -0.000007 -0.000009 0.000030
v 0.000102 -0.000418 0.000369
v 0.000182 0.000191 0.000178
v 0.000030 -0.000573 0.000265
v 0.000164 0.000079 0.000059
v 0.000018 -0.000067 0.000102
v -0.000224 -0.000246 0.000244
v 0.000132 0.000128 0.000088
v 0.000242 0.000309 0.000463
v 0.000194 0.000213 0.000189
v 0.000150 0.000066 0.000130
v 0.000362 0.000532 -0.000153
v -0.000181 -0.000008 0.000392
v 0.000575 0.000226 0.000219
v 0.000476 0.000233 0.000962
v 0.000010 0.000008 0.000532
v 0.000170 0.000075 0.000196
v 0.000219 0.000273 0.000760
v 0.000206 0.000232 0.000254
v 0.000200 -0.000008 0.000154
v -0.000155 -0.000186 0.000160
v -0.000161 -0.000701 0.000122
v -0.000554 -0.000709 0.000093
v -0.000085 0.000209 0.000002
v 0.000241 0.000168 0.000244
v 0.000480 0.000782 0.000868
v 0.000214 0.000168 0.000247
v 0.000366 0.000620 0.000446
v -0.000267 -0.000395 0.000173
v -0.000273 -0.000296 0.000276
v 0.000181 0.000137 0.000146
v 0.000188 0.000033 0.000502
v 0.000600 0.000708 0.000691
v 0.000760 0.000257 0.000257
v 0.000593 -0.000216 -0.000190
v 0.000303 0.000265 0.000274
v 0.000253 0.000497 0.000783
v 0.000335 0.000140 0.000331
v 0.000284 0.000268 0.000257
v 0.000630 0.000336 0.000260
v 0.000283 0.000332 0.000290
v 0.000550 0.000674 0.000638
v 0.000001 -0.000033 0.000256
v -0.000615 -0.000633 0.000270
v 0.000479 0.000411 0.000696
v -0.000256 -0.000291 0.000253
v -0.000112 0.000349 0.000430
v -0.000160 -0.000305 0.000385
v 0.000268 -0.000265 0.000234
v 0.000097 -0.000195 0.000257
v 0.000205 -0.000112 0.000798
v 0.000185 0.000230 0.000297
v 0.000676 0.000478 0.000462
v -0.000371 0.000050 0.000418
v 0.000364 0.000286 0.000684
v 0.000204 0.000655 0.000709
v 0.000654 0.000686 0.000647
v 0.000683 0.000279 0.000274
v 0.000485 -0.000636 -0.000025
v -0.000001 0.000530 0.000317
v -0.000039 -0.000002 0.000183
v -0.000088 -0.000174 0.000201
v -0.000159 -0.000165 0.000143
v -0.000218 0.000218 0.000042
v 0.000609 0.000217 0.000164
v 0.000256 0.000180 0.000594
v 0.000150 0.000212 0.000259
v -0.000149 0.000007 0.000131
v 0.000594 0.000592 0.000180
v 0.000013 0.000013 0.000111
v 0.000118 0.000142 0.000118
v -0.000025 0.000231 0.000066
v -0.000220 -0.000134 0.000217
v -0.000680 -0.000730 0.000651
v -0.000018 -0.000012 0.000168
v 0.000621 0.000615 0.000578
v -0.000161 -0.000020 0.000174
v 0.000027 0.000013 0.000014
v 0.000626 0.000497 0.000442
v -0.000531 -0.000134 0.000168
v 0.000000 -0.000286 0.000177
v 0.000026 0.000029 0.000024
v 0.000184 0.000031 0.000187
v 0.000122 0.000026 0.000030
v 0.000006 -0.000145 0.000155
v 0.000168 0.000152 0.000102
v -0.000112 -0.000015 0.000153
v 0.000167 0.000174 0.000171
v 0.000486 0.000075 0.000540
v 0.000525 0.000390 0.000652
v 0.000390 0.000361 0.000118
v 0.000208 0.000683 0.000116
v 0.000598 0.000597 0.000244
v 0.000178 0.000752 0.000178
v 0.000593 0.000058 0.000243
v -0.000002 -0.000001 0.000198
v 0.000236 -0.000007 0.000202
v -0.000114 -0.000238 0.000268
v -0.000208 -0.000216 0.000089
v -0.000695 -0.000791 0.000652
v -0.000087 -0.000035 0.000004
v 0.000100 0.000101 0.000144
v 0.000706 -0.000036 0.000527
v -0.000161 -0.000412 0.000188
v -0.000229 -0.000237 0.000211
v 0.000019 0.000015 0.000168
v 0.000002 -0.000007 0.000239
v 0.000160 0.000571 0.000072
v 0.000026 0.000008 0.000226
v 0.000655 0.000528 0.000647
v -0.000223 -0.000006 0.000012
v 0.000265 0.000580 0.000286
v -0.000290 -0.000477 0.000498
v -0.000003 0.000237 0.000508
v -0.000315 -0.000244 0.000261
v -0.000126 0.000244 0.000308
v -0.000217 -0.000064 0.000427
v -0.000195 -0.000117 0.000250
v 0.000231 0.000298 0.000346
v 0.000039 0.000008 0.000257
v 0.000233 0.000726 0.000602
v 0.000306 0.000300 0.000256
v 0.000070 0.000033 0.000263
v 0.000317 0.000279 0.000308
v 0.000243 0.000279 0.000289
v 0.000031 0.000200 0.000133
v 0.000098 0.000464 0.000427
v 0.000547 0.000401 0.000286
v -0.000651 -0.000007 0.000011
v -0.000007 -0.000007 0.000007
v 0.000098 -0.000216 -0.000084
v -0.000226 -0.000156 0.000213
v 0.000139 0.000149 0.000271
v -0.000206 -0.000679 0.000122
v -0.000113 -0.000723 0.000092
v -0.000528 -0.000135 0.000557
v 0.000073 0.000351 0.000349
v 0.000284 0.000194 0.000242
v 0.000724 0.000770 0.000666
v -0.000522 -0.000573 0.000172
v 0.000709 0.000200 0.000267
v 0.000248 0.000441 0.000409
v 0.000256 0.000034 0.000029
v 0.000027 0.000105 0.000091
v 0.000000 0.000000 0.000026
v 0.000198 0.000195 0.000183
v 0.000581 0.000283 0.000204
v 0.000149 0.000126 0.000065
v 0.000329 0.000399 0.000124
v 0.000163 0.000145 0.000156
v -0.000143 -0.000178 0.000545
v 0.000066 0.000069 0.000173
v 0.000185 0.000461 0.000369
v 0.000720 0.000191 0.000215
v 0.000008 0.000017 0.000753
v 0.000167 0.000174 0.000134
v 0.000496 0.000513 0.000734
v 0.000001 0.000001 0.000134
v -0.000198 0.001059 0.007381
v 0.003358 0.003388 0.009092
v 0.004611 0.002734 0.009616
v 0.001078 0.001042 0.009954
v 0.011546 0.008283 0.005432
v 0.000405 0.000012 0.007113
v 0.011086 0.010353 -0.001887
v -0.000330 -0.001799 0.007071
v 0.001607 -0.001864 -0.000602
v -0.007392 -0.008362 0.007239
v 0.000706 0.000267 0.011062
v -0.002975 0.001073 0.009598
v 0.004095 -0.003154 0.009179
v 0.004553 0.003820 0.007181
v -0.000995 -0.002262 0.009454
v 0.010250 0.003382 0.006761
v 0.007850 0.007522 0.008782
v 0.005657 0.008836 0.009093
v 0.013736 0.001794 0.007200
v 0.009755 0.004142 0.013105
v 0.002962 0.009119 -0.002875
v -0.006352 -0.009316 -0.004102
v 0.006297 0.008252 0.007992
v 0.003934 0.000091 0.011217
v -0.000183 0.000462 0.008745
v 0.008568 0.007421 0.009306
v 0.010720 0.011577 0.010879
v 0.010971 0.012487 0.011552
v 0.013376 0.009304 0.003751
v 0.008270 0.010095 0.012173
v -0.002539 -0.004248 0.010229
v 0.000616 0.000749 0.009055
v 0.004281 0.002884 0.007385
v -0.007802 -0.008883 0.007686
v 0.002263 0.006650 0.009573
v 0.003982 -0.000592 -0.000475
v -0.004051 -0.007371 0.008230
v 0.003641 0.002251 0.007548
v 0.011723 0.001287 0.011610
v -0.009112 -0.006689 0.009643
v 0.006556 0.008509 0.010212
v -0.010067 -0.010750 0.009252
v 0.009967 0.008250 0.009509
v 0.002976 0.001945 -0.002503
v -0.006807 -0.000299 0.001056
v -0.000066 0.000220 0.007242
v -0.000869 -0.000858 0.000795
v 0.000925 0.005892 0.004462
v 0.000145 0.000197 0.000901
v 0.001298 0.001589 0.000810
v 0.002402 0.003151 -0.000999
v 0.000430 -0.000058 0.002884
v 0.003017 0.004179 0.003249
v -0.007441 -0.008877 0.004984
v 0.000490 -0.007254 0.004398
v 0.002744 0.003695 0.004446
v 0.002643 0.004398 0.000795
v 0.000765 0.001626 0.003847
v 0.009742 -0.001395 0.005028
v 0.004899 0.003254 -0.005857
v 0.003302 0.001246 -0.010075
v -0.001181 -0.001407 0.002768
v -0.001612 0.006613 0.002856
v 0.005737 0.006580 0.005393
v 0.003657 0.001566 -0.001307
v 0.005827 0.005739 0.004737
v 0.005919 0.005624 0.004894
v -0.000700 0.000628 -0.002808
v 0.004391 0.006235 0.004253
v -0.003232 -0.005477 0.004396
v 0.003298 0.005731 0.003207
v 0.005675 0.006543 0.005710
v 0.005195 0.004256 0.004377
v -0.000976 0.000085 0.002658
v 0.001133 0.000854 0.005180
v -0.000908 -0.005555 0.000526
v 0.001158 -0.000190 0.001006
v 0.006365 0.000139 0.006824
v 0.005645 0.003528 0.001125
v 0.004804 0.004895 0.003606
v 0.001546 0.002657 0.000901
v 0.003048 0.005138 -0.001221
v 0.002300 0.000431 0.003179
v -0.001522 -0.005538 -0.004409
v 0.007073 0.006088 0.004901
v 0.003778 0.003293 0.003567
v 0.005530 0.004255 0.002871
v 0.005181 0.004889 0.002868
v -0.001413 -0.003861 0.002593
v -0.000464 0.001896 -0.001369
v 0.004549 0.011985 0.005627
v 0.003066 -0.003105 0.007255
v 0.005290 0.005015 0.006811
v 0.003877 0.004475 0.002841
v 0.006855 0.006682 0.005853
v 0.007451 0.007275 0.004912
v 0.002483 0.002692 0.003470
v 0.005581 0.004900 0.003902
v -0.004284 -0.003986 0.002847
v 0.001589 0.004994 0.000718
v 0.004651 0.003686 -0.006269
v 0.001057 -0.000528 -0.001199
v 0.005670 0.004453 0.002429
v 0.001327 0.000939 -0.000198
v 0.005955 0.003463 0.002891
v 0.005744 -0.002918 0.004134
v -0.000361 0.000777 0.000070
v 0.001736 -0.002702 0.005373
v 0.001487 0.000893 0.002641
v 0.001848 -0.000665 0.001354
v 0.004567 0.008548 -0.003658
v 0.003559 -0.000111 0.004246
v 0.009677 0.004094 0.003460
v 0.005604 0.009485 0.004222
v 0.011620 0.011620 0.011902
v -0.009421 -0.004417 0.008910
v -0.000349 -0.000697 0.003908
v 0.009003 0.005943 0.002518
v 0.006063 0.001815 0.003755
v 0.011642 0.009132 0.001205
v 0.004986 0.005240 0.004064
v 0.004129 0.008860 0.006059
v 0.002383 0.006047 0.004249
v 0.001524 -0.000148 0.003850
v 0.004632 0.006068 0.005784
v 0.000159 -0.000171 0.004411
v 0.000234 -0.000076 0.000860
v 0.005088 0.004554 0.005550
v 0.001391 0.001298 0.001060
v 0.005105 0.005539 0.004449
v -0.000190 0.000117 0.001166
v 0.005133 0.005505 0.005519
v -0.003144 -0.000972 0.004789
v -0.006245 -0.006646 0.000991
v 0.000783 0.000651 0.004618
v 0.000006 0.003679 0.003547
v -0.001350 -0.005173 0.004481
v -0.001596 -0.005056 0.000530
v 0.003828 0.005004 0.004561
v -0.004656 -0.004721 0.003839
v -0.000191 -0.000244 0.004274
v 0.007956 0.004326 0.007667
v -0.004724 -0.005003 -0.000165
v -0.001047 0.000138 0.006502
v -0.000867 -0.000030 0.001975
v -0.002747 -0.003242 0.005510
v -0.003626 -0.012730 -0.001284
v 0.002844 0.001848 0.004864
v 0.006797 0.001998 0.008327
v 0.001209 -0.004814 0.007440
v -0.000360 0.009763 0.006479
v 0.001729 0.000935 -0.000083
v 0.000028 -0.000074 0.001157
v -0.001063 -0.004857 0.001158
v -0.001498 -0.002530 -0.001665
v 0.006354 -0.000070 0.000784
v -0.000489 -0.000685 0.000303
v 0.001441 0.000069 -0.000652
v 0.005780 0.004834 0.004591
v -0.000475 -0.003944 -0.003213
v 0.004623 0.005048 0.004385
v 0.001338 0.005368 -0.003122
v 0.004150 0.002418 -0.001042
v 0.001232 0.001366 0.000593
v 0.001260 0.004137 0.001288
v 0.001288 0.006542 0.004440
v -0.005435 -0.007214 0.003308
v 0.001509 0.006777 0.002108
v 0.005356 0.004489 0.005957
v 0.011665 0.001543 0.011665
v 0.006842 -0.005276 0.004919
v -0.003169 -0.001506 0.000780
v 0.006557 -0.007073 0.000021
v 0.008278 -0.004510 0.005688
v 0.004887 0.001986 -0.001410
v 0.009294 -0.000320 0.007763
v 0.004328 0.006289 0.004890
v 0.001196 0.005547 0.003782
v 0.004777 0.005228 0.002902
v 0.005931 0.003898 0.003906
v -0.004313 -0.007217 0.002826
v 0.006142 0.004962 0.005637
v -0.003871 -0.005930 0.005986
v 0.006617 0.007232 0.004560
v 0.004061 0.000025 0.008592
v 0.005003 0.004200 0.003588
v 0.001852 0.000268 0.011030
v 0.005168 0.006500 0.006412
v 0.009996 0.003897 0.008051
v -0.005223 -0.008723 0.009579
v 0.008076 0.008761 0.010104
v 0.010492 0.008224 0.009147
v 0.004779 -0.003130 0.007363
v 0.010367 0.007965 0.009201
v 0.002866 0.000795 0.009383
v 0.009288 0.009030 0.009251
v 0.006364 0.012214 0.000845
v 0.000766 0.005194 0.003785
v 0.010696 0.008683 0.009325
v 0.000016 -0.001038 0.007350
v 0.010276 0.009043 0.009931
v 0.005143 0.000713 0.001052
v 0.009738 0.010330 0.010618
v 0.005053 0.004484 0.000259
v -0.000054 0.004431 -0.007923
v 0.006737 0.004342 0.001682
v 0.011402 0.007460 0.008210
v 0.009813 0.010049 0.009801
v 0.006241 0.011550 0.009323
v 0.001628 0.004051 0.003782
v 0.011189 0.000604 0.010062
v 0.010024 0.006861 0.007454
v -0.000341 -0.003225 0.006127
v 0.006427 0.003151 0.004062
v -0.001658 -0.002521 0.001646
v 0.008417 0.005692 0.007994
v 0.005969 0.004727 0.003560
v -0.000452 0.006043 0.004296
v 0.001250 0.000511 0.006318
v 0.006759 0.005356 0.007196
v 0.009080 0.007806 0.008742
v 0.002107 0.003485 0.002849
v 0.012173 0.003038 0.004605
v 0.013804 0.008678 0.001262
v 0.008171 0.008738 -0.008165
v 0.012001 0.012054 0.012198
v 0.011894 0.012199 0.012091
v -0.005557 -0.006907 0.008609
v -0.006221 -0.005464 0.010306
v 0.004332 0.006424 0.003708
v -0.000999 -0.001786 0.004894
v -0.008116 -0.003888 0.006226
v 0.006553 -0.000237 0.010022
v -0.007817 -0.008284 0.008881
v 0.002075 -0.002430 0.002649
v 0.009880 0.010047 0.006899
v 0.005650 0.004828 0.008632
v 0.006459 0.004883 0.004179
v 0.005611 0.004236 -0.000142
v -0.003841 -0.001985 0.005980
v 0.000824 -0.002685 -0.000403
v 0.002019 0.004904 0.007091
v -0.001424 0.001829 -0.004053
v 0.001827 0.000154 0.004070
v 0.006345 0.007604 0.000249
v 0.005780 0.011402 -0.005793
v 0.008677 0.004071 0.012213
v -0.003923 -0.008418 0.012390
v 0.009893 -0.002286 0.009511
v 0.005565 -0.007812 -0.002457
v 0.012387 -0.002766 0.010400
v 0.008472 0.007586 0.010045
v 0.006505 0.005903 0.007444
v 0.007655 0.004064 0.010482
v 0.003616 0.000185 0.006108
v -0.000191 0.002710 0.001913
v 0.003976 0.006554 0.005213
v -0.000672 -0.001308 0.005400
v 0.004304 0.002616 0.004116
v 0.004537 0.004254 0.002685
v -0.003215 -0.000127 0.003117
v 0.012608 -0.008911 0.010645
v 0.007065 0.004895 0.006184
v -0.000808 -0.004363 0.005715
v 0.008549 0.011842 -0.001912
v 0.003668 0.003570 0.006708
v 0.002065 0.002356 0.006168
v 0.004216 0.009263 0.000048
v 0.000897 0.000031 0.003461
v -0.000159 -0.001038 0.009056
v 0.003033 0.003982 0.006115
v 0.004563 0.004584 0.006759
v 0.003739 0.004461 0.002947
v 0.004284 0.003382 0.002719
v -0.000441 -0.000697 0.004385
v 0.001875 -0.001616 -0.004993
v 0.001543 -0.001951 -0.002946
v 0.002649 -0.000044 0.003751
v -0.000257 -0.001000 -0.000927
v 0.009702 0.009584 -0.001553
v 0.007904 -0.001877 0.005481
v -0.000067 0.000880 0.004822
v -0.001111 -0.002447 0.004919
v 0.007633 0.006610 0.006282
v 0.002141 -0.001186 0.004631
v 0.008853 -0.003528 0.007784
v 0.001081 0.005371 -0.003367
v 0.010423 -0.000085 0.008703
v 0.009336 0.011447 0.008562
v 0.007931 0.009738 0.007827
v 0.006445 -0.005084 0.006223
v 0.006641 0.003832 0.003464
v 0.000939 0.000513 0.002978
v 0.006299 0.002348 0.001438
v 0.004200 0.004692 0.006753
v 0.005523 0.002216 0.003144
v 0.003200 0.001657 0.003477
v 0.003089 0.000862 -0.005853
v 0.004156 0.004352 0.002942
v 0.004230 0.004640 -0.001924
v 0.006622 -0.007962 0.001849
v -0.000954 -0.006995 0.005357
v 0.006703 0.003675 0.003189
v 0.010626 0.002084 0.004051
v 0.005595 0.005941 0.002547
v 0.009219 0.003365 0.007402
v 0.004969 0.005743 0.001768
v 0.007436 0.007962 0.006030
v 0.001697 0.001546 0.004797
v 0.006141 0.001031 0.006874
v 0.007004 0.001275 0.008065
v 0.004485 -0.002260 0.006650
v 0.004221 -0.007115 0.005118
v 0.008827 -0.003544 0.006593
v -0.006272 -0.008051 0.004538
v 0.008820 0.001735 0.005421
v 0.002210 -0.003914 -0.001082
v -0.000066 0.000296 0.002498
v -0.001156 0.005309 0.006621
v -0.000660 -0.001319 0.007335
v -0.001942 -0.002090 0.000638
v 0.005084 0.005637 0.003895
v 0.001121 0.005697 0.003375
v 0.003418 0.005908 0.001160
v 0.004381 0.004990 0.001455
v 0.001118 0.005983 0.003594
v 0.004270 0.005613 0.000846
v 0.005050 0.002338 0.003372
v 0.004030 0.004795 0.004410
v 0.001311 0.001359 0.004636
v 0.005165 0.005736 -0.001449
v -0.000156 -0.000976 0.000871
v 0.005567 0.004281 0.003110
v 0.003998 0.006164 -0.001797
v 0.005155 0.004460 0.002510
v 0.001750 -0.000389 0.004350
v 0.006407 -0.000772 0.005630
v -0.000652 -0.002507 0.004797
v 0.001366 -0.000992 0.003488
v 0.004313 -0.001941 -0.002166
v -0.000916 -0.002134 0.004764
v 0.002490 0.002983 0.006910
v 0.007078 0.002160 -0.006269
v 0.003850 0.005151 0.004937
v -0.004715 -0.002890 0.004899
v 0.007979 0.007046 0.004045
v 0.000774 -0.000443 0.003432
v 0.004992 0.006534 0.004839
v 0.000695 0.005183 -0.003057
v 0.005902 0.006162 0.006754
v 0.005584 0.004017 0.005047
v 0.003964 0.004851 0.002786
v 0.004933 0.001832 0.003151
v 0.008856 0.010864 0.005474
v -0.002336 0.003655 0.007087
v 0.007142 -0.001830 0.006741
v 0.006737 0.003891 0.003986
v 0.008469 -0.004499 0.005826
v 0.004423 0.003741 0.004877
v 0.006213 0.005790 0.005522
v -0.003604 -0.004206 0.008113
v -0.000119 -0.001083 0.005071
v 0.004055 0.000925 -0.003760
v 0.005748 0.006040 0.006717
v 0.005478 0.004398 0.003528
v 0.005317 -0.000751 0.002937
v 0.006050 -0.000033 0.003430
v 0.000753 0.000240 0.005916
v 0.007464 0.010105 0.000205
v 0.007798 -0.002357 0.001642
v -0.002550 -0.003371 0.004282
v -0.001725 -0.007546 0.000862
v -0.003657 -0.008972 0.002809
v -0.007920 -0.006109 0.005284
v 0.002802 -0.002379 0.001977
v 0.003149 0.001216 0.001674
v 0.001270 0.001168 0.001588
v 0.000678 0.000868 0.000168
v 0.000273 0.000686 0.000679
v 0.003233 0.002211 0.000148
v 0.001101 0.001538 0.003285
v -0.000868 -0.001025 0.000877
v -0.000931 -0.000996 0.000944
v -0.001130 -0.001331 0.001170
v -0.000189 -0.000133 0.001244
v 0.000085 0.000088 0.001251
v 0.001329 0.001245 0.000878
v -0.000096 -0.000055 -0.000235
v 0.001712 -0.001366 0.001449
v 0.001430 -0.000124 0.000821
v 0.001325 0.000556 0.001049
v 0.000732 0.000819 0.000847
v -0.000672 -0.001163 0.001135
v -0.000296 -0.000226 0.001020
v -0.000821 -0.000897 0.001234
v -0.000513 -0.000947 0.001183
v 0.001117 0.000521 0.000930
v -0.000849 -0.000686 0.000682
v 0.001105 0.000455 0.000756
v -0.000642 -0.001200 0.002210
v 0.000507 0.000410 0.001399
v 0.000654 0.001132 0.000788
v 0.001094 0.000925 0.001781
v 0.001258 0.003404 0.003579
v -0.000629 -0.001586 0.000780
v 0.000142 -0.000855 -0.000916
v 0.001299 0.001257 0.000854
v 0.001582 0.000999 0.001184
v 0.001482 0.001001 0.001194
v 0.001089 0.000986 0.001353
v 0.001418 0.001444 0.001086
v 0.001483 0.001412 0.001003
v 0.003537 0.002018 0.003447
v 0.000658 0.000521 0.000626
v 0.000837 0.001176 0.001039
v 0.001444 0.001558 0.000893
v -0.000288 -0.000784 0.000856
v 0.001318 0.001737 0.001239
v 0.000842 0.000357 0.000918
v -0.001531 -0.000782 0.000869
v 0.001263 0.000590 0.001619
v -0.000296 -0.000275 0.000919
v 0.001595 -0.000614 0.001629
v -0.000203 0.000486 -0.000429
v 0.000045 0.001462 0.003303
v 0.000490 -0.000228 0.001561
v 0.002466 -0.000048 0.001326
v 0.000758 0.000093 0.000727
v 0.001010 0.000464 0.001190
v 0.000937 0.000765 0.000840
v 0.000565 0.000994 -0.000695
v 0.001141 0.001347 0.000775
v -0.003001 -0.000693 0.001080
v -0.000662 -0.000696 0.001126
v 0.000111 0.000222 0.000880
v -0.001224 -0.003415 0.000849
v 0.000285 0.001061 0.000860
v 0.000302 -0.000451 0.000214
v -0.000934 -0.001386 0.001172
v -0.000006 -0.000081 0.000806
v -0.001226 -0.001085 0.001101
v -0.000263 -0.000173 0.001250
v 0.000824 0.000903 0.000782
v 0.002756 0.002408 0.000386
v -0.000773 -0.000714 0.000895
v 0.001025 0.001019 -0.000555
v 0.000944 0.001103 -0.000775
v 0.001427 0.001194 0.001329
v 0.001127 0.000255 -0.000032
v 0.004158 0.001447 0.001231
v -0.004268 -0.001989 0.001450
v -0.001440 -0.001773 0.000759
v 0.000232 0.000229 0.001324
v -0.000611 -0.001763 0.001351
v 0.000088 0.000011 0.001174
v -0.001083 -0.001291 0.003387
v 0.001052 0.002859 0.001872
v 0.000387 -0.000038 -0.000127
v 0.001813 0.002579 0.000510
v 0.000457 0.000047 0.003425
v 0.001552 0.001179 0.000957
v 0.003501 0.001493 0.001230
v 0.001501 -0.000819 0.000581
v 0.001026 0.001284 0.001140
v 0.001574 0.001380 0.000666
v 0.000111 0.000144 0.001118
v -0.001276 -0.000296 0.001664
v 0.002934 0.003389 0.004363
v 0.001480 0.001558 0.000886
v 0.000541 0.000964 0.000664
v 0.000845 0.000853 0.001532
v -0.001453 -0.001486 0.001295
v 0.001025 0.000290 0.000083
v -0.000103 0.000068 0.001345
v 0.001334 0.001345 0.000594
v -0.000489 -0.000392 0.000317
v 0.000857 0.000794 0.000892
v 0.001404 0.001304 0.001013
v -0.000295 0.003333 0.000851
v -0.000750 -0.001012 0.000772
v 0.001278 0.002407 0.002278
v -0.000593 -0.000006 0.000828
v -0.000944 -0.000764 0.001055
v -0.000563 -0.001381 0.002048
v 0.000552 0.000544 0.000859
v 0.001611 0.001418 -0.001374
v 0.001628 0.001335 0.000845
v 0.000286 -0.000376 0.001112
v -0.000145 -0.000692 0.001269
v 0.000886 0.001217 0.001000
v 0.000652 0.001229 0.001159
v -0.000531 0.001469 0.001180
v 0.001663 -0.002903 0.000859
v 0.000912 0.000637 0.000357
v -0.000294 -0.000445 0.001085
v 0.003306 -0.000554 0.000656
v 0.001239 0.000653 -0.000044
v 0.001314 0.001113 0.000803
v 0.003649 0.000983 0.000883
v 0.000406 0.000326 -0.002036
v 0.001299 0.001265 0.001290
v -0.002897 -0.003261 0.001217
v -0.001906 0.000213 0.001922
v -0.000699 -0.000795 0.001391
v 0.001130 0.002219 0.004226
v -0.000199 0.000027 0.000852
v 0.000434 0.001045 -0.000151
v 0.000663 0.001284 0.001540
v 0.003344 0.000349 -0.000070
v 0.001621 0.001160 0.001119
v -0.001070 -0.001584 0.001235
v 0.002339 0.001569 0.001819
v -0.000075 -0.000548 -0.000692
v 0.000377 0.002745 0.002225
v 0.001633 0.001288 0.001344
v -0.000683 -0.001079 0.001745
v -0.000883 -0.001715 0.001559
v 0.002141 -0.000553 -0.000560
v 0.000787 0.001048 0.002550
v 0.003786 0.003281 0.000959
v -0.000244 0.001323 -0.001635
v 0.000750 -0.000326 0.001390
v -0.000386 -0.000726 0.000453
v 0.010649 0.009108 0.010520
v 0.000220 0.000068 0.000549
v 0.010664 0.008472 0.007842
v -0.001007 -0.000903 0.000875
v 0.000878 0.001168 0.001026
v 0.004450 0.005860 -0.000427
v 0.001641 -0.001249 0.007614
v -0.002537 -0.002776 0.007071
v -0.001976 -0.002248 0.010580
v -0.001168 -0.001614 0.010810
v 0.009200 0.008536 0.011203
v -0.002548 0.007683 0.010755
v 0.000499 0.000411 0.011162
v 0.011054 0.012009 -0.004907
v 0.000699 0.000888 0.000495
v 0.000019 0.000745 0.011681
v 0.000032 0.000210 0.002922
v 0.000903 -0.001066 0.000162
v -0.001358 -0.003610 0.002892
v 0.000897 0.001466 0.003206
v 0.000122 0.003010 0.000263
v -0.000354 -0.002215 0.001059
v 0.000772 0.003748 0.002502
v 0.000144 -0.000689 0.001957
v 0.002382 0.002429 0.000613
v -0.000864 -0.000779 0.000826
v -0.000122 -0.000123 0.000869
v -0.000006 0.000485 0.001390
v 0.001259 0.001676 0.001878
v 0.001806 0.001044 0.001895
v 0.000801 0.000595 0.001278
v 0.000791 -0.000174 0.002354
v 0.003454 0.002469 0.001970
v 0.003016 0.000146 0.000591
v 0.002065 0.012002 0.001139
v 0.001193 0.000952 0.001179
v -0.001050 0.000208 0.002026
v 0.000853 -0.000092 0.000935
v 0.003632 0.003307 0.001432
v 0.001715 0.001072 0.000225
v 0.002624 -0.000826 0.000948
v 0.001462 0.001933 0.001331
v -0.000195 0.000722 0.001154
v 0.001976 0.000990 0.001823
v -0.004248 -0.001203 0.000923
v 0.000811 0.000959 0.000631
v 0.000044 0.000045 0.000917
v -0.001155 -0.001561 0.000872
v 0.000858 0.000825 -0.000150
v -0.000711 -0.000724 0.001076
v 0.004156 0.001146 -0.003891
v -0.000942 0.001231 -0.001409
v 0.000519 0.001611 0.000926
v 0.000766 0.001200 0.000343
v -0.000633 0.000224 0.003658
v 0.000993 0.002593 0.001730
v 0.000033 -0.000009 0.000723
v 0.000071 -0.000549 0.000767
v 0.003135 0.001831 0.001463
v 0.003981 0.004425 0.003487
v -0.000995 -0.000072 0.001489
v -0.000038 0.000991 0.000726
v 0.000375 -0.000091 0.001249
v 0.000748 0.003184 0.000913
v -0.003225 -0.001249 0.000758
v -0.000873 -0.000899 0.000884
v -0.000270 0.000212 0.001552
v 0.001137 0.001029 0.000803
v 0.003278 0.003963 0.001284
v -0.000722 -0.001013 0.001223
v 0.001027 0.001054 0.001522
v -0.003859 -0.003202 0.000463
v -0.000247 0.000524 0.001052
v -0.001881 -0.001116 0.001364
v 0.002017 0.001826 0.003625
v -0.001267 -0.001276 0.001534
v 0.004448 0.004160 0.002194
v 0.000459 0.000524 0.001254
v 0.004038 -0.002817 0.003452
v 0.000395 0.000820 0.001105
v 0.003535 -0.000091 0.003057
v 0.000763 -0.000001 0.000791
v 0.000896 -0.000899 0.000784
v 0.003083 0.000080 0.001005
v 0.001881 0.003290 0.003176
v 0.003257 0.001863 0.000718
v 0.001936 0.002662 0.001501
v 0.001003 0.001018 0.001059
v 0.001944 0.000535 -0.003893
v 0.000828 0.000797 0.000818
v 0.001253 0.001572 0.003425
v -0.000155 -0.000549 0.001163
v 0.000597 0.003751 0.000288
v 0.000393 -0.000083 -0.000100
v -0.000419 0.000084 0.001463
v 0.001761 0.001703 0.001064
v -0.002562 -0.001920 0.000850
v 0.003455 0.003629 0.003260
v 0.001106 0.001331 0.003396
v 0.001885 0.001910 0.004116
v -0.003711 -0.001252 0.001107
v 0.001347 0.001064 -0.000733
v -0.000183 -0.002835 -0.000911
v 0.001753 0.001262 0.001442
v -0.000139 -0.000673 -0.000376
v 0.001291 0.002868 0.002156
v 0.000792 -0.001988 0.000330
v 0.001342 0.000725 -0.001354
v 0.000665 0.001962 0.001880
v 0.001760 0.001715 0.003580
v 0.000904 0.000921 0.000763
v 0.001835 0.001278 0.001720
v 0.001982 0.001238 0.001725
v 0.002853 0.001596 0.002888
v -0.000655 -0.000866 0.001260
v 0.000785 0.000946 0.000873
v 0.002851 0.001929 0.000938
v 0.000038 0.000416 0.000931
v 0.003194 0.001734 0.000933
v 0.001510 -0.000187 0.002036
v 0.003557 0.001130 0.002115
v 0.003551 0.002987 0.001142
v -0.000509 -0.000380 0.000352
v 0.001474 0.001400 0.004289
v -0.000057 0.000643 0.001291
v 0.001095 0.000913 0.001802
v 0.003295 0.002855 0.002576
v -0.000198 -0.000224 0.001481
v -0.000750 -0.000630 0.000713
v 0.000355 0.000369 0.000292
v 0.000847 0.001017 0.000879
v 0.000396 0.000059 -0.000005
v 0.000807 0.001017 0.000885
v -0.000584 0.000637 0.005736
v 0.008957 0.007333 0.006633
v -0.006695 -0.007324 0.007724
v 0.008880 0.001969 0.005011
v -0.010628 -0.008286 0.007517
v 0.012086 0.012077 0.012174
v -0.009357 -0.010041 0.010520
v 0.002079 0.002084 0.010543
v -0.002405 -0.004960 0.007498
v 0.000348 -0.001123 0.008392
v 0.009801 0.009219 0.009680
v -0.008371 -0.008952 0.006538
v -0.000706 0.002266 0.000619
v 0.006316 0.011855 0.000839
v 0.002126 -0.002956 0.009173
v 0.000633 0.001529 0.009114
v 0.009171 0.002425 0.001152
v 0.006710 0.005973 0.006838
v 0.005778 0.007104 0.008765
v 0.006102 0.006449 0.007578
v 0.007693 0.005666 0.000680
v 0.007196 -0.000491 0.007535
v 0.000255 0.006420 0.001865
v 0.007245 0.005647 -0.004706
v -0.000302 -0.000248 0.000288
v 0.009874 0.004822 0.006595
v -0.002689 -0.004972 0.007192
v 0.010363 -0.005165 0.006407
v -0.001672 -0.004406 0.008758
v 0.007932 0.005985 0.007807
v -0.002436 0.001815 0.011885
v 0.003320 0.005697 0.010026
v 0.005972 0.004667 0.007434
v 0.001036 -0.000607 0.000435
v 0.009374 0.006702 0.008027
v 0.000758 0.001418 0.011037
v 0.004925 0.009779 0.012050
v 0.009264 0.002849 0.007874
v 0.005306 0.002324 0.007186
v 0.005890 0.006762 0.007339
v -0.010002 -0.010927 0.010486
v -0.007925 -0.009281 0.006977
v 0.000145 -0.001282 0.008167
v 0.005064 0.004298 -0.003044
v 0.005374 0.003501 0.007757
v 0.000055 0.000063 0.000246
v -0.000161 -0.000177 0.000346
v 0.000751 0.000388 0.000467
v 0.000517 0.000432 0.000573
v 0.000327 0.000394 0.000527
v -0.000257 -0.000407 0.000397
v -0.000281 -0.000491 0.000271
v 0.000421 0.000392 0.000378
v 0.000467 0.000487 0.000352
v 0.000342 0.000373 0.000464
v 0.000104 -0.000016 0.000467
v 0.000316 0.000560 0.000442
v 0.000693 0.002114 0.000688
v 0.001393 0.000080 0.000931
v 0.000002 0.000003 0.000220
v -0.000077 -0.000070 0.000050
v -0.000028 -0.000059 0.000116
v 0.000008 0.000007 0.000265
v 0.000047 0.000041 0.000089
v 0.000001 -0.000001 0.000004
v 0.000243 -0.000182 0.000261
v 0.000244 0.000751 0.000055
v 0.002799 0.002944 0.002141
v 0.000000 -0.000000 0.000036
v 0.000130 0.000497 -0.000005
v 0.000049 -0.002839 0.002671
v -0.000056 -0.000048 0.000028
v 0.000868 0.001393 0.002087
v -0.000088 -0.000050 0.000045
v 0.001385 0.002002 0.001832
v 0.004321 0.007964 0.008948
v 0.000874 0.000550 0.000657
v 0.000759 0.000930 0.000909
v 0.000004 -0.000724 0.000614
v -0.000111 -0.000090 0.000855
v 0.003306 -0.000467 0.000611
v 0.000870 0.000054 0.000877
v 0.000861 0.000973 0.000840
v 0.000020 0.000113 0.000832
v 0.002002 0.002945 0.001013
v -0.002289 0.000009 0.000400
v 0.002981 -0.000110 0.005959
v 0.004850 0.005369 -0.004127
v -0.010148 -0.010487 0.007128
v -0.000881 -0.000978 0.000834
v 0.000151 -0.000366 -0.000086
v 0.007710 0.004362 0.005067
v 0.000292 0.000020 0.000053
v 0.007722 0.007935 0.007231
v -0.000639 -0.001043 0.007481
v -0.000149 -0.000160 0.000439
v -0.007227 -0.007748 0.006862
v 0.003678 0.000282 0.004340
v -0.000335 -0.000346 0.000315
v -0.007315 -0.008308 0.007189
v 0.001281 -0.000640 0.007068
v 0.008649 0.002388 -0.003411
v 0.006376 0.006338 0.007308
v -0.005700 -0.005305 0.002028
v 0.001684 0.005187 -0.001842
v 0.002949 0.004942 -0.004095
v 0.005456 -0.000985 0.007161
v -0.004682 -0.005272 0.007224
v -0.002065 -0.002339 0.006916
v 0.006304 0.000584 -0.000140
v -0.007655 -0.008274 0.006996
v 0.010755 0.000195 -0.000087
v -0.004877 -0.007918 0.006835
v 0.009116 0.000065 0.007682
v 0.007246 0.000409 -0.002017
v -0.001327 -0.001523 0.007125
v -0.007549 -0.008202 0.007124
v 0.001369 0.001179 0.000790
v 0.004813 0.004715 0.007224
v 0.000312 0.000314 0.000321
v 0.000280 0.000303 -0.000006
v 0.000415 0.000179 0.000157
v -0.000114 -0.000141 0.000348
v 0.003607 0.004525 0.003821
v 0.001146 -0.001444 0.002098
v 0.004415 0.003236 0.002332
v 0.004272 0.003686 0.001646
v 0.003650 -0.002578 0.000853
v 0.002956 0.003264 0.000238
v 0.003632 0.002768 -0.002283
v 0.004044 0.003659 0.002715
v 0.003748 0.002820 -0.001606
v 0.004166 0.003310 0.003093
v 0.001201 -0.001760 -0.005062
v 0.001572 0.003400 -0.001032
v 0.004361 0.001187 0.001376
v 0.004281 0.003435 0.001591
v 0.003803 -0.000078 -0.001294
v 0.002391 0.000267 -0.000227
v 0.004532 0.008415 0.001763
v 0.000281 0.000320 0.000299
v 0.000218 0.000072 0.000091
v 0.000258 0.000375 -0.000038
v -0.000235 -0.000256 0.000248
v 0.000054 0.000377 -0.000261
v 0.000016 0.000015 0.000016
v 0.000007 0.000009 0.000004
v 0.005646 0.000008 0.007519
v -0.001391 -0.004901 0.005487
v 0.001536 -0.005494 0.001116
v -0.000413 -0.001363 0.007921
v 0.002593 -0.005647 0.007335
v -0.004025 -0.004389 0.007650
v 0.009116 0.003313 0.007499
v 0.007492 0.008090 0.006979
v 0.000011 0.000006 0.000005
v 0.000005 -0.000010 -0.000001
v 0.004885 -0.000327 0.002582
v -0.000000 0.000001 0.000000
v -0.003143 0.007505 0.000004
v 0.000003 -0.000001 -0.000000
v 0.000005 -0.000002 0.000005
v -0.000394 0.002741 0.000353
v 0.003900 0.000030 0.005416
v 0.009043 0.000442 0.006775
v 0.000000 -0.000002 0.000006
v 0.000014 0.000005 0.000005
v 0.000297 0.000303 0.000249
v 0.000042 -0.000103 0.000184
v 0.000296 0.000208 0.000264
v 0.000026 0.000162 0.000135
v 0.000019 0.000019 0.000016
v 0.000160 0.000126 0.000035
v 0.000024 0.000026 0.000023
v 0.000276 0.000008 0.000253
v 0.000262 0.000297 0.000299
v 0.000309 0.000052 0.000264
v 0.000198 0.000344 0.000283
v -0.000146 -0.000158 0.000245
v 0.000274 0.000272 0.000245
v 0.000190 0.000298 0.000306
v 0.000268 0.000284 0.000247
v 0.000264 0.000285 0.000243
v -0.000308 -0.000287 0.000210
v 0.000269 0.000235 0.000258
v 0.000014 0.000014 0.000262
v 0.000179 -0.000132 -0.000331
v 0.000314 0.000319 0.000321
v 0.000318 0.000278 0.000316
v 0.000320 0.000334 0.000308
v 0.000315 0.000308 0.000312
v 0.000334 0.000254 -0.000070
v -0.000010 -0.000013 0.000311
v -0.000029 -0.000034 0.000236
v 0.000022 -0.000323 0.000326
v 0.000303 -0.000041 0.000261
v 0.000335 0.000360 0.000314
v 0.000361 0.001396 0.001076
v 0.000733 0.001680 0.001051
v 0.001310 0.000453 0.001142
v 0.001164 0.000276 0.000942
v -0.001239 -0.001278 0.000218
v -0.000464 -0.000776 0.000466
v 0.001202 0.001229 0.001172
v 0.000765 0.001203 0.001581
v 0.000622 0.000562 0.000216
v 0.001273 0.000954 -0.000901
v 0.000728 0.001016 0.001111
v 0.001369 -0.000947 0.000284
v 0.001426 0.000917 -0.000345
v 0.001303 0.001358 0.001144
v 0.001268 0.001394 0.000979
v 0.000304 -0.000334 -0.000199
v 0.001382 0.001180 0.000982
v -0.000068 -0.000073 0.000249
v 0.001372 0.000316 0.001075
v 0.000079 -0.000033 0.000231
v -0.000259 -0.000258 0.000270
v 0.001565 -0.001390 0.001349
v 0.000328 0.000190 0.001245
v 0.000290 0.000296 0.000244
v 0.000041 0.000077 0.000197
v -0.000020 -0.000359 0.000712
v 0.001090 0.001158 0.001005
v 0.000278 0.000236 0.001239
v 0.001088 0.000269 0.000169
v 0.001288 0.001311 0.001134
v 0.001341 0.001436 0.001067
v 0.000375 0.000269 0.000147
v 0.001033 0.000273 0.000294
v 0.001351 -0.000294 0.000745
v -0.000027 -0.000076 0.000046
v 0.000362 0.000827 -0.000580
v 0.000426 0.000441 0.000999
v 0.001001 0.000427 0.001070
v 0.000962 0.001532 0.001310
v 0.001092 0.001165 0.000995
v 0.001468 0.000255 0.001014
v 0.000040 0.000149 -0.001257
v 0.000016 0.000015 0.001001
v -0.000218 -0.000881 0.001091
v 0.000135 0.000402 0.000918
v -0.000176 -0.000150 0.001276
v 0.001333 0.001411 0.001212
v 0.001566 0.000671 -0.000107
v -0.000084 -0.000332 0.001126
v 0.001139 0.001282 0.001025
v 0.001251 0.000313 0.000364
v 0.000451 -0.000963 0.001060
v 0.001197 0.001330 0.000445
v 0.001310 0.000251 0.001179
v 0.001300 -0.001036 0.000736
v 0.001215 0.000688 0.000455
v -0.001146 -0.001215 0.000155
v 0.002143 0.001439 0.000777
v 0.001436 0.001277 0.002904
v -0.000211 -0.000170 0.002362
v 0.000221 0.000586 0.000537
v -0.000275 0.002635 -0.002283
v 0.000469 0.000569 0.000394
v -0.000524 -0.000659 0.002513
v 0.000614 -0.001053 0.000835
v 0.000350 0.002365 0.002367
v -0.002527 -0.000366 0.000214
v 0.001360 -0.000075 0.000307
v 0.001390 0.002343 0.002730
v 0.002471 0.001079 0.002383
v 0.000541 0.001681 -0.000258
v 0.000221 -0.000238 0.002646
v 0.000056 0.000056 0.000600
v 0.000703 0.001650 0.000278
v -0.002479 -0.002729 0.002460
v 0.001027 0.000179 0.000456
v 0.000855 0.000521 0.001663
v -0.001645 -0.002300 0.002189
v 0.000767 0.000688 0.000616
v -0.000742 -0.000852 0.001258
v -0.001653 -0.000486 0.000603
v 0.000141 -0.000148 0.000622
v 0.000248 -0.000466 0.000360
v 0.000310 0.000493 0.000623
v 0.000453 0.000512 0.000479
v 0.000785 -0.000690 0.000323
v -0.001444 -0.002093 0.002190
v 0.001007 -0.000816 0.000637
v 0.000430 0.000491 0.000666
v 0.000295 0.000674 0.000507
v 0.000355 0.000581 0.000663
v 0.000642 0.000497 0.000661
v 0.000503 0.000417 0.000605
v 0.000482 0.000528 0.000559
v 0.000451 0.000419 0.000502
v 0.000639 0.000545 0.000489
v 0.000545 0.000726 0.001488
v 0.000577 0.000424 0.000383
v -0.000050 0.000034 0.000405
v 0.000425 0.000482 0.000279
v 0.001969 -0.001069 0.000262
v 0.000407 0.000065 0.000348
v 0.001677 0.000623 0.000239
v -0.000001 0.000027 0.000442
v 0.000473 0.001315 0.001259
v 0.000113 0.000398 0.000269
v -0.000011 0.000527 0.000402
v 0.000469 0.000484 0.000423
v 0.000313 0.000464 0.000510
v 0.000106 0.000467 0.000259
v -0.000276 -0.000287 0.000442
v 0.000070 0.000072 0.000330
v 0.000269 0.000232 0.000497
v -0.000438 -0.000371 0.000360
v -0.000063 -0.000027 0.000501
v -0.000233 -0.000268 0.000375
v -0.000290 -0.002248 0.002112
v -0.000067 -0.000051 0.000453
v 0.000371 0.000435 0.000409
v 0.000361 0.000538 0.000108
v -0.000186 0.000329 0.000187
v -0.002106 -0.000686 0.002148
v 0.000541 0.000212 0.000560
v 0.001707 0.000489 0.001497
v 0.000030 0.000035 0.000114
v 0.000199 -0.000137 0.000538
v -0.000566 -0.000187 0.000478
v 0.000014 0.000033 0.000099
v -0.000157 -0.000157 0.000150
v 0.001976 0.002155 0.000482
v 0.000068 0.000020 0.000146
v -0.000041 -0.000018 0.000120
v 0.000152 0.000152 0.000144
v 0.000172 -0.000047 0.000155
v 0.001768 0.001843 0.002143
v 0.000135 0.000001 0.000037
v 0.000008 0.000003 0.000137
v 0.000171 0.000163 0.000171
v -0.000150 -0.000162 0.000360
v 0.000022 -0.000163 0.000155
v 0.000026 -0.000185 0.000152
v -0.000030 -0.000118 0.002417
v -0.001919 -0.002139 0.001415
v 0.000547 0.000405 0.000110
v -0.002703 -0.003146 0.002149
v -0.001976 -0.000460 0.002458
v 0.002658 0.000387 0.002448
v 0.000500 0.000285 0.001799
v -0.000122 -0.001183 0.000413
v 0.002094 0.002258 0.001803
v 0.000654 0.000705 0.000614
v 0.000030 0.000037 0.000559
v 0.000677 0.000135 0.000617
v 0.000656 0.000668 0.000474
v -0.000786 -0.000789 0.002658
v 0.000436 0.000484 0.000672
v -0.000858 0.000943 -0.000348
v 0.000549 0.000541 0.000605
v 0.000484 0.000502 0.000500
v 0.000381 0.000458 0.000477
v 0.000482 0.000588 0.000565
v 0.000456 0.000526 0.000509
v 0.000485 0.000581 0.000503
v 0.000510 0.000545 0.000541
v 0.000462 0.000478 0.000495
v 0.000034 0.000020 0.002119
v 0.000362 -0.000377 -0.000475
v 0.002295 0.002272 0.000485
v 0.000551 0.000042 0.000490
v 0.000529 0.000321 0.000425
v 0.000500 0.000526 0.000472
v 0.000340 0.000513 0.000408
v 0.000559 0.000854 0.001814
v 0.001988 0.002325 0.000518
v 0.001953 0.002091 0.002116
v 0.000371 0.000534 0.001818
v -0.000154 -0.000150 0.001128
v 0.000341 0.000370 0.000264
v 0.001318 0.001142 0.001263
v 0.001038 0.000366 0.000347
v 0.000342 0.000363 0.000320
v 0.001319 0.001133 0.000989
v 0.000347 0.000496 0.000946
v 0.000335 0.000358 0.000308
v 0.000699 0.001082 0.001272
v -0.000068 -0.000310 0.000324
v 0.001055 0.001128 0.000976
v 0.000765 -0.001136 0.000099
v -0.000622 -0.001068 0.000466
v 0.001066 0.001034 0.000326
v 0.001304 -0.000264 0.001114
v -0.001049 -0.001127 0.001088
v 0.000255 0.000265 0.001043
v 0.001110 0.001074 0.000327
v -0.000023 -0.000030 0.001014
v 0.001108 0.001184 0.001047
v 0.000718 -0.000301 0.001085
v -0.001003 -0.001077 0.001184
v 0.001122 0.001199 0.001043
v 0.001066 0.000484 0.001092
v -0.001001 -0.001101 0.001034
v -0.000994 -0.001046 0.001052
v -0.001275 -0.001375 0.000896
v -0.001047 -0.001128 0.001094
v 0.000290 0.000112 0.001156
v 0.001209 0.000024 0.001088
v -0.000093 0.000342 0.000820
v 0.000063 0.000058 0.001078
v 0.000064 0.000026 0.001141
v 0.000091 -0.001100 0.001097
v 0.001216 0.001210 0.001216
v 0.001215 0.000341 0.000342
v 0.000322 0.000415 0.001184
v 0.001235 0.001097 0.001057
v 0.001381 0.001397 0.000939
v 0.001318 0.000928 -0.000150
v 0.001223 0.001423 0.000825
v 0.001561 -0.000825 0.000777
v 0.001209 0.001245 0.001003
v 0.000389 0.000522 -0.000722
v 0.000567 -0.000400 -0.001154
v 0.001864 0.000061 0.000813
v 0.000420 0.001300 0.001050
v 0.000330 0.001198 0.001204
v 0.001295 0.000558 0.001175
v 0.001197 0.001199 0.001197
v 0.001185 0.001390 0.001017
v 0.001149 0.001206 0.000193
v 0.001203 0.001255 -0.000330
v 0.001179 0.000341 -0.000401
v 0.001321 -0.000807 0.000381
v 0.001317 0.001230 0.000841
v 0.001085 0.001348 -0.000216
v -0.000264 0.000426 -0.000138
v -0.000383 0.000485 0.001160
v -0.000355 0.001374 0.001457
v 0.001291 0.001312 0.001124
v -0.001226 -0.001288 0.001097
v -0.001018 -0.001317 0.001275
v 0.001974 0.001828 0.002215
v -0.000127 -0.000061 0.000132
v 0.001113 0.002436 0.000253
v -0.000152 0.000097 -0.000005
v 0.000155 0.000332 0.000005
v -0.001310 -0.000216 0.001309
v -0.000167 -0.001342 0.000146
v -0.001236 -0.001314 -0.000135
v -0.000180 0.000070 0.000271
v -0.000097 -0.000106 0.000103
v 0.000078 0.000220 0.000155
v -0.000159 -0.000059 0.000127
v 0.000567 0.002762 0.000086
v 0.001624 0.000096 0.000078
v -0.000757 -0.001395 0.001845
v 0.000097 0.000088 0.000090
v -0.000110 -0.000086 0.000075
v 0.000110 0.000102 0.000102
v 0.002574 0.001330 0.001291
v 0.000089 0.000150 0.000066
v 0.000121 0.000135 0.000052
v 0.000132 0.000130 0.000123
v 0.000007 -0.000007 0.000114
v -0.000088 0.000230 0.000137
v -0.000225 -0.000116 0.000101
v -0.000111 -0.000121 0.000122
v 0.000710 0.001223 0.001487
v 0.000036 0.000024 0.000099
v -0.000467 0.000206 0.001554
v -0.000277 -0.000531 0.001960
v 0.000082 0.000062 0.001758
v 0.002002 0.001553 0.001784
v 0.000325 -0.002011 0.001455
v 0.002145 0.002097 0.001946
v 0.001731 0.002361 0.001668
v -0.001729 -0.002213 0.001772
v 0.002405 0.002405 0.002123
v 0.001293 0.001395 0.001016
v -0.000111 -0.000621 0.001443
v 0.000521 0.002387 -0.000089
v 0.000193 0.000234 0.001395
v 0.002409 -0.000033 0.000921
v -0.000038 -0.001864 0.002317
v 0.001006 0.001162 0.001285
v 0.000992 0.001640 0.000097
v -0.001791 -0.002695 0.002384
v 0.001927 0.001497 0.001484
v -0.000181 0.000489 -0.000002
v 0.001253 0.001498 0.001564
v 0.001459 0.001762 -0.001114
v -0.000542 0.001391 0.001581
v 0.000703 0.001054 0.001001
v 0.001439 -0.000259 0.000990
v 0.000109 0.002261 0.001435
v -0.000091 0.002306 0.000080
v 0.000602 0.001277 0.002522
v -0.000125 -0.001447 0.001531
v 0.002338 -0.000388 0.001287
v 0.000112 0.000136 0.000201
v 0.000062 0.002567 0.000461
v 0.000222 0.000179 0.000475
v 0.000455 0.000490 0.000421
v -0.000167 -0.000137 0.000098
v 0.000641 0.000475 0.000539
v 0.000029 0.000030 0.000633
v 0.000536 0.000293 0.000380
v 0.000678 0.000793 0.000685
v 0.000327 0.000017 0.000796
v 0.000664 0.000064 0.000634
v 0.000641 0.000715 0.000457
v -0.000320 0.000539 0.000766
v 0.000402 0.000517 0.000487
v -0.000041 -0.000629 -0.000179
v 0.001426 0.001981 0.001862
v 0.001586 0.001952 0.001894
v 0.000538 0.002100 0.001751
v 0.000378 0.002011 0.002086
v 0.000710 -0.000029 0.000637
v 0.000685 0.000738 0.000687
v 0.002097 -0.002018 0.000920
v 0.000306 0.000687 0.000696
v -0.000621 -0.000662 0.000640
v 0.000645 0.000018 0.000403
v 0.000690 0.000737 0.000644
v -0.000348 -0.000801 -0.000464
v 0.000403 0.000630 0.000549
v 0.000370 0.000694 0.000737
v -0.000488 -0.000525 0.000654
v 0.000364 0.000422 0.000256
v -0.000479 -0.000518 0.000644
v -0.000563 -0.000408 0.002821
v -0.000638 -0.000684 0.000655
v 0.000650 -0.000588 0.000661
v -0.000670 -0.000746 0.000645
v -0.000565 -0.000606 0.000661
v 0.000342 0.000355 0.000174
v -0.000647 -0.000418 0.000449
v 0.000098 0.000144 0.002902
v 0.000001 0.000031 0.000736
v -0.000695 -0.000697 0.000660
v 0.000237 0.000456 0.000215
v -0.002040 0.000308 0.002680
v 0.000389 0.001357 0.000460
v 0.002712 0.001995 0.001631
v 0.000456 0.000259 0.000391
v 0.000533 0.003254 0.002456
v 0.002688 0.001983 0.001476
v 0.002669 0.003231 0.001291
v 0.002630 0.003021 0.001266
v 0.002781 0.003068 0.001951
v 0.000663 0.000489 0.000386
v 0.001928 0.002879 -0.000085
v 0.002310 0.000636 0.001190
v 0.003397 0.000865 -0.001733
v 0.001655 0.002902 -0.001987
v 0.000195 -0.000019 -0.000732
v 0.002308 0.000610 0.001137
v 0.002538 0.001072 0.001508
v -0.002095 0.002032 0.000679
v 0.002658 0.002447 0.001852
v 0.002527 0.002985 0.000150
v 0.001009 -0.000828 0.000227
v 0.000837 0.001707 0.000838
v -0.000177 -0.000429 -0.000686
v 0.003202 0.002428 0.002640
v 0.001416 0.001117 -0.001978
v 0.002787 0.002970 0.001115
v 0.000098 -0.002413 -0.001511
v -0.000116 0.001816 -0.000255
v 0.002388 0.001047 0.002601
v 0.002779 0.002287 0.002240
v 0.001497 0.001990 0.001844
v 0.000570 0.003336 0.002284
v 0.002202 0.003081 -0.001836
v 0.002165 0.002990 0.002024
v 0.002647 0.001611 0.002210
v 0.002563 0.003123 0.001927
v 0.003098 0.003341 0.002425
v 0.001665 0.001403 0.002472
v -0.000400 0.000158 0.000166
v 0.002693 0.002941 0.002416
v 0.000654 0.000765 0.000596
v 0.002694 0.002567 0.002672
v 0.002683 0.000454 0.002117
v 0.002221 0.003107 0.001602
v 0.003066 0.003334 0.002237
v 0.000007 -0.000149 0.001084
v 0.000499 0.000122 0.000434
v 0.001049 0.003154 0.001411
v 0.000392 0.000454 0.000433
v 0.000181 0.001006 0.001975
v 0.000776 0.001739 0.002756
v -0.001829 -0.000658 0.001315
v 0.001746 0.002331 0.002414
v 0.000512 0.000342 0.000048
v 0.000438 0.000409 0.000428
v 0.000455 0.001413 0.000655
v -0.000091 0.001759 0.000316
v 0.000024 0.000030 0.000026
v 0.000386 0.000486 0.000118
v 0.000436 0.000462 0.000335
v 0.000402 0.000618 0.000500
v 0.000028 0.000029 0.000025
v 0.000030 0.000030 0.000001
v 0.001988 0.001743 0.000331
v 0.002288 0.001562 0.000677
v -0.000273 0.001112 0.001928
v 0.000444 0.003609 0.000504
v 0.000413 0.000447 0.000771
v 0.000478 0.000727 0.000443
v 0.000151 -0.000295 0.000391
v 0.001831 0.000265 -0.001922
v -0.000877 -0.000003 0.001010
v -0.000068 -0.001231 -0.000231
v 0.001139 -0.001196 -0.000751
v 0.000182 -0.000185 0.001355
v 0.001936 -0.000676 -0.001540
v -0.000155 -0.000415 0.000086
v 0.000783 0.001853 0.001578
v 0.001383 -0.001536 0.000935
v 0.001271 0.001788 -0.001910
v -0.001242 -0.000784 0.002463
v 0.001777 0.002477 0.001087
v -0.001025 -0.001113 0.002527
v 0.002786 0.002517 -0.000725
v 0.000464 0.000568 0.000654
v 0.000274 0.002042 0.000783
v 0.000745 0.000770 0.000718
v 0.000464 0.000495 0.000427
v 0.000626 0.000169 0.000409
v 0.000447 0.000470 0.000313
v 0.000035 -0.000507 0.000552
v 0.000260 0.000073 -0.000182
v -0.000084 -0.000604 -0.000278
v 0.000173 0.000118 0.000650
v 0.000723 0.000004 0.000426
v 0.000418 0.000783 -0.000036
v 0.000046 0.000468 0.000481
v 0.000146 0.000209 0.000636
v 0.000436 0.000440 -0.000043
v 0.000564 0.000688 0.000128
v -0.000404 -0.000405 0.000384
v 0.000685 0.000706 0.000663
v -0.000151 -0.000332 0.000345
v 0.000414 0.000147 0.000521
v 0.000015 -0.000008 0.000680
v 0.002455 0.002955 -0.006414
v 0.003775 -0.003653 -0.003741
v 0.005953 0.006021 0.006153
v -0.001499 0.005111 -0.000228
v -0.000213 -0.000177 0.001457
v -0.003656 -0.000391 0.004274
v -0.000072 0.001016 0.000898
v 0.000399 0.000490 0.005668
v 0.000074 -0.000081 0.000312
v -0.000095 -0.000117 0.000097
v -0.000306 -0.000104 0.000102
v -0.000102 -0.000111 0.000098
v -0.000325 -0.000345 0.000288
v -0.000108 -0.000040 0.000035
v 0.000036 0.000349 0.000302
v -0.000079 -0.000099 0.000034
v 0.001573 0.000921 0.001024
v 0.000986 0.001688 0.000946
v 0.001590 -0.000576 0.001406
v -0.000100 -0.000309 0.001556
v 0.000230 -0.000011 -0.000073
v 0.001653 0.001599 0.001614
v 0.000802 0.000558 0.000731
v 0.000433 0.001742 0.001288
v -0.000018 0.000026 -0.000008
v 0.000998 0.001613 0.001192
v -0.000103 -0.001606 -0.000076
v -0.000102 -0.000105 0.000028
v -0.000077 -0.000034 0.000098
v -0.000122 -0.000133 0.000101
v 0.000048 0.000125 0.000055
v 0.000033 -0.000032 -0.000069
v 0.000143 -0.000018 0.000015
v 0.000019 0.000043 -0.000013
v 0.000904 0.001184 0.001113
v 0.001042 0.000174 0.001379
v 0.000015 0.000046 0.000035
v -0.000028 -0.000011 0.000064
v 0.002576 -0.004739 0.001160
v 0.000062 0.000072 0.000013
v 0.000050 0.000080 0.000087
v 0.000081 0.000237 0.000414
v 0.000063 0.000095 0.000072
v 0.000147 0.000510 0.000089
v -0.000056 -0.000060 0.000072
v 0.000134 -0.000006 0.000106
v -0.000080 -0.000080 0.000075
v 0.000090 0.000019 0.000081
v 0.000376 0.000276 0.000407
v 0.000087 0.000013 0.000079
v 0.000012 0.000032 0.000023
v 0.000034 0.000670 0.008649
v 0.000012 0.000012 0.000045
v 0.000017 0.000019 0.000041
v -0.000007 0.000123 0.003086
v -0.001145 0.000022 0.002916
v -0.001497 -0.003225 0.002779
v -0.001514 -0.002926 0.002422
v 0.000098 0.000179 -0.000029
v 0.000411 0.001560 0.001596
v -0.000274 0.000127 0.002505
v 0.000920 0.000236 0.000622
v 0.000538 0.000628 0.003136
v 0.000316 0.000175 0.001457
v 0.000464 0.000249 0.001512
v 0.001534 -0.000059 0.000472
v 0.001213 -0.000460 -0.000452
v -0.001075 -0.001385 0.001487
v -0.000137 -0.000178 0.001386
v 0.001098 0.000381 0.000518
v 0.001518 0.001354 0.000911
v 0.000842 0.001382 0.000733
v 0.001298 0.001444 0.000738
v 0.001325 0.001080 0.000590
v 0.001492 0.001395 0.001065
v 0.001380 0.001377 0.000838
v 0.001489 0.001491 0.001194
v 0.002335 0.001293 0.000330
v 0.001562 0.001040 0.001366
v -0.000031 -0.000035 0.000098
v 0.000013 0.000000 -0.000024
v -0.000005 -0.000025 0.001459
v 0.000037 0.000090 0.000121
v 0.000082 0.000095 0.000080
v 0.000369 0.000827 0.001026
v 0.000090 0.000098 0.000074
v 0.000092 0.000093 0.000096
v 0.000085 0.000382 0.001138
v -0.000035 -0.000020 0.000099
v 0.000086 0.000079 0.000085
v 0.000132 0.000098 0.000126
v 0.000090 0.000098 0.000125
v 0.000037 0.000097 -0.000064
v 0.000475 -0.000458 -0.000969
v 0.000067 0.000065 -0.000058
v 0.000420 0.000531 0.000146
v 0.000060 0.000063 0.000063
v 0.000064 0.000055 0.000065
v 0.000007 0.000075 0.000152
v -0.000097 -0.000048 0.000059
v 0.000475 -0.002437 0.000555
v -0.001091 0.001234 0.000502
v 0.000745 0.002134 -0.000163
v 0.001766 0.002127 0.000211
v -0.000268 -0.001197 0.000037
v 0.002676 -0.000017 -0.000165
v -0.000129 -0.000106 0.000067
v -0.001369 -0.001475 0.001349
v 0.000041 0.000041 0.000120
v 0.000114 0.000088 0.000114
v 0.000099 0.000057 -0.000011
v 0.000055 0.000056 0.000054
v 0.000053 0.000126 0.000029
v -0.000016 0.000091 0.000243
v 0.000044 0.000031 0.000087
v -0.000150 -0.000184 0.000391
v 0.000995 0.000389 0.000081
v 0.000099 0.000124 0.000095
v 0.000374 0.000822 0.000706
v 0.000389 0.000112 0.000103
v 0.000132 0.000082 0.000113
v 0.000132 0.000148 0.000130
v 0.001636 0.000254 0.000976
v 0.000099 0.000146 0.000128
v 0.000701 0.002127 -0.000018
v -0.000028 -0.000026 0.000014
v 0.000162 0.000094 0.000129
v -0.000149 0.002165 0.000089
v 0.000131 0.000140 0.000083
v -0.000451 -0.000005 0.000056
v 0.002513 0.001907 0.001925
v -0.000197 0.000355 0.000206
v 0.001856 -0.000665 0.001415
v 0.002281 0.001408 -0.001566
v -0.000305 -0.000632 0.001429
v 0.000795 0.000395 0.001957
v 0.000187 -0.000168 0.001401
v -0.002368 -0.001079 0.001392
v 0.000233 0.000495 0.001807
v 0.000061 -0.002197 0.002925
v 0.001002 -0.000861 0.001573
v 0.001150 -0.002655 0.003122
v 0.002887 0.003373 0.002107
v 0.001929 0.002074 0.003168
v 0.003263 0.001221 0.003040
v 0.001398 0.001461 0.002627
v 0.000068 0.000082 0.000710
v -0.000229 -0.000377 0.001626
v 0.000716 0.000593 0.000390
v 0.002223 -0.000054 -0.000405
v 0.000550 0.000705 0.000227
v -0.000694 -0.000025 -0.000074
v 0.000027 0.000007 0.000364
v -0.000390 0.000001 -0.000013
v -0.002681 -0.002753 0.000153
v 0.000159 -0.000229 0.000599
v 0.000436 0.000030 0.000166
v -0.000015 -0.000027 0.000719
v 0.000498 0.000646 0.000352
v -0.000158 -0.000764 0.000525
v 0.000725 0.000430 0.000337
v 0.000725 0.000724 0.000702
v 0.000016 0.000022 0.000626
v -0.000395 -0.000422 0.000527
v 0.000010 0.000025 0.000656
v 0.000183 0.000025 0.000531
v -0.000402 -0.000401 0.000381
v 0.000248 0.000547 0.000433
v -0.000554 -0.000575 0.000419
v -0.000412 -0.000441 0.000411
v 0.000474 0.000162 0.000530
v -0.000418 -0.002216 -0.000009
v 0.000584 0.000784 0.000602
v 0.002399 0.000620 -0.000251
v 0.001404 0.001121 0.000170
v -0.000358 -0.000388 0.000326
v -0.000178 -0.000125 0.002563
v -0.000156 -0.000529 0.000505
v 0.000745 0.001103 0.002465
v 0.000525 0.000422 0.002490
v 0.002220 0.002078 0.001981
v -0.000138 -0.000677 0.002465
v 0.002253 0.002301 0.002260
v -0.001117 -0.001551 0.000411
v 0.000767 -0.000331 0.000163
v -0.000063 0.000758 0.000679
v 0.000518 0.000667 -0.000618
v 0.000431 0.000443 0.000359
v -0.000598 0.000148 0.000631
v 0.000390 0.000236 0.000443
v -0.000205 -0.002891 0.002464
v 0.002105 0.000105 0.000158
v 0.000422 0.002247 0.001965
v 0.002512 0.002852 0.002862
v 0.002618 0.002207 -0.000532
v 0.000032 0.000501 0.000530
v 0.002065 0.003905 -0.000611
v 0.000437 0.000483 0.000513
v 0.003508 0.003490 0.003641
v 0.000182 -0.000167 0.002720
v 0.002870 0.003525 0.001642
v 0.002333 0.003528 0.000693
v -0.002858 -0.002818 0.002533
v -0.002711 -0.002817 0.002391
v 0.000803 0.000178 0.000781
v 0.002368 0.001844 0.003126
v 0.003014 0.003634 0.001900
v -0.000260 -0.000961 0.002940
v -0.001266 -0.001716 0.001327
v 0.001610 0.001016 0.001214
v 0.001951 -0.001176 -0.000637
v 0.001571 0.000025 0.001111
v 0.001939 -0.001661 0.002719
v 0.003677 0.001735 -0.001021
v 0.002819 0.002966 0.001283
v 0.002507 0.002915 0.002260
v 0.002948 -0.001105 0.001652
v 0.001943 0.000898 -0.000276
v -0.000009 -0.000399 0.000122
v -0.001460 -0.000119 0.001024
v 0.000641 0.000641 0.000434
v 0.000791 0.001104 0.001220
v 0.000064 0.000078 0.000444
v 0.001741 -0.000242 -0.000015
v 0.000365 0.002777 0.000403
v 0.002432 0.002581 0.000356
v -0.002771 -0.000626 0.000425
v 0.000249 0.001335 0.001083
v 0.000454 0.000119 0.000567
v -0.000151 0.000146 0.000743
v 0.000724 0.000473 0.000655
v 0.000104 -0.000520 0.000367
v 0.000163 0.000845 0.000443
v 0.000004 0.000018 0.000515
v -0.000020 0.000002 0.000516
v -0.000002 -0.000407 0.000572
v -0.000560 -0.000442 0.000362
v -0.000401 -0.000422 0.000526
v 0.000764 0.000425 0.000379
v 0.000310 0.000552 0.000204
v 0.000054 0.000136 0.000761
v 0.000396 0.000058 0.000058
v 0.000094 0.000032 0.000051
v 0.000069 0.000075 0.000084
v -0.000026 -0.000027 0.000039
v 0.000094 0.000097 0.000090
v 0.000013 0.000680 0.001462
v 0.000060 0.000089 -0.000011
v 0.000042 0.000035 0.000061
v 0.000255 0.002285 0.000642
v 0.000819 0.001006 0.002102
v 0.002310 0.002245 0.002328
v 0.000105 0.002400 0.002267
v -0.001563 -0.002129 0.001140
v 0.002363 0.000294 0.002609
v -0.000564 0.000819 0.001625
v 0.000056 0.000027 -0.000000
v 0.000026 0.000010 0.000088
v -0.001378 -0.001857 0.002157
v 0.000618 -0.001352 0.000204
v 0.000298 -0.001109 0.000543
v -0.001258 0.001497 0.002181
v -0.000003 -0.001200 -0.000128
v 0.000165 -0.002504 -0.001136
v 0.001867 0.001634 0.001878
v 0.000169 -0.000011 0.002390
v 0.002037 0.001551 0.001013
v 0.001729 0.001275 0.001458
v 0.001519 0.001474 0.001358
v 0.001733 0.001398 0.002927
v -0.000227 -0.002008 0.001374
v 0.002026 0.001969 0.001953
v 0.001750 0.001960 0.001662
v 0.000769 0.000482 0.002088
v 0.001339 0.000190 0.000946
v 0.001245 0.003216 0.001917
v 0.002861 0.002921 0.001324
v 0.000865 0.000880 0.000895
v 0.003197 0.001805 0.002260
v 0.000277 -0.000248 0.002861
v 0.001583 0.001775 0.001772
v 0.000886 0.000257 0.001770
v 0.002364 0.002086 0.001592
v 0.000204 0.001698 0.001536
v -0.001003 -0.000429 0.002332
v -0.000300 0.000003 0.000346
v -0.000387 -0.000443 0.000647
v 0.000473 0.000665 0.000782
v 0.001361 0.002004 -0.000090
v 0.000430 0.000060 0.000606
v 0.000366 0.000673 0.000655
v 0.000358 0.000428 0.000070
v 0.000261 0.000555 0.000040
v -0.000328 -0.000340 0.000322
v 0.000919 0.000577 0.000753
v 0.000459 0.000230 0.000418
v 0.000269 0.000049 0.000216
v 0.000112 0.000428 0.000700
v 0.000442 0.000442 0.000119
v 0.002404 0.001968 0.000228
v 0.000305 0.000655 0.000826
v 0.001657 0.001645 0.001594
v -0.000271 0.000351 0.000685
v 0.000918 0.000774 -0.001503
v 0.000523 0.000499 0.000487
v -0.000045 0.000202 0.002458
v 0.002475 0.002686 0.000829
v 0.000435 0.000700 0.001763
v 0.002251 0.002640 0.002225
v 0.000067 0.000107 0.001730
v 0.001254 0.002056 0.001094
v 0.000534 0.001837 0.000705
v 0.001437 0.001986 0.001616
v -0.000263 0.000177 0.000919
v 0.001432 0.002027 0.001624
v -0.001968 -0.002435 0.001638
v -0.002810 -0.002461 0.001767
v 0.002240 0.002515 0.001472
v -0.000037 0.000067 0.001673
v 0.000351 0.002616 0.001542
v -0.001928 -0.001726 0.001700
v -0.002149 -0.002415 0.002740
v -0.000677 -0.000598 0.001805
v 0.000098 -0.000116 0.000283
v -0.000618 -0.000016 0.001254
v 0.000506 0.000720 0.000502
v 0.000466 0.000468 0.000469
v -0.000179 0.000047 0.000673
v 0.000729 0.000731 0.000733
v 0.000707 0.000720 0.000772
v 0.000225 -0.000072 0.000416
v 0.000718 0.000722 0.000763
v -0.000067 0.002471 0.000658
v 0.002888 0.002444 0.002353
v 0.003088 -0.000005 0.002010
v -0.002415 0.002625 0.001544
v 0.002694 0.003889 0.002782
v 0.000891 0.001813 -0.001358
v 0.002910 0.000402 0.001800
v 0.002343 0.002604 0.001599
v 0.000014 -0.000025 0.000788
v -0.002885 -0.002934 0.002400
v 0.000152 -0.000736 0.000631
v -0.000618 -0.000213 0.000535
v 0.000845 -0.000278 0.000976
v 0.003214 0.001135 0.003685
v -0.000361 -0.000404 0.000791
v -0.001584 -0.001965 0.000092
v -0.000651 -0.000781 0.000754
v -0.000167 -0.000011 -0.000064
v 0.000874 0.000573 0.000861
v 0.000870 0.000847 0.000821
v -0.000530 -0.000512 0.000646
v 0.000190 0.000858 0.000740
v 0.002226 0.001709 0.003031
v 0.003280 0.003147 0.001900
v 0.002989 0.003383 0.002439
v 0.002813 0.003834 0.001398
v 0.001021 0.003590 -0.004342
v 0.001262 -0.000889 -0.001825
v 0.000513 0.000239 0.000515
v 0.003476 -0.000691 0.000523
v 0.000261 0.001935 0.001455
v 0.000339 0.000589 -0.000319
v 0.002601 0.003476 0.002038
v -0.002067 0.004031 -0.001898
v 0.002258 0.002146 0.003039
v 0.000860 0.001210 0.002768
v -0.000515 0.000526 0.002118
f 10053 9361 9747
f 9361 10053 10032
f 10032 9991 9361
f 9991 10032 9840
f 9840 9827 9991
f 9827 9840 9985
f 9838 9827 9985
f 9827 9838 9979
f 10122 10032 10053
f 10032 10122 10202
f 10202 9840 10032
f 9840 10202 9986
f 9840 9986 9985
f 9986 9839 9985
f 9839 9838 9985
f 9838 9839 9942
f 9942 9943 9838
f 9845 9838 9943
f 9838 9845 9979
f 10202 10122 10124
f 10067 10202 10124
f 10202 10067 10123
f 10123 9986 10202
f 9986 10123 9984
f 9839 9986 9984
f 9846 9839 9984
f 9839 9846 9826
f 9826 9942 9839
f 10203 10123 10067
f 10123 10203 10204
f 10204 9984 10123
f 9984 10204 9846
f 10198 9846 10204
f 10198 9977 9846
f 9977 9826 9846
f 9826 9977 9978
f 9826 9978 9941
f 9942 9826 9941
f 10201 10204 10203
f 10204 10201 10198
f 10168 10198 10201
f 10198 10168 10167
f 9977 10198 10167
f 10166 9977 10167
f 9977 10166 9987
f 9987 9978 9977
f 9978 9987 9976
f 9976 9941 9978
f 9941 9976 9699
f 9699 9816 9941
f 9816 9942 9941
f 10169 10167 10168
f 10167 10169 10166
f 9816 9699 9326
f 9904 9816 9326
f 9816 9904 742
f 9825 9816 742
f 9816 9825 9940
f 9942 9816 9940
f 9943 9942 9940
f 9904 9906 742
f 9906 9925 742
f 9925 9825 742
f 9825 9925 9926
f 740 9825 9926
f 9825 740 9824
f 9824 9940 9825
f 9940 9824 9943
f 9907 9943 9824
f 9943 9907 9845
f 9905 9906 9904
f 9905 739 9906
f 739 9925 9906
f 739 9929 9925
f 9929 9926 9925
f 9898 9926 9929
f 9926 9898 740
f 9898 556 740
f 9907 740 556
f 740 9907 9824
f 745 739 9905
f 745 744 739
f 739 744 9929
f 744 9900 9929
f 9900 9898 9929
f 9898 9900 9897
f 9898 9897 9806
f 9898 9806 557
f 556 9898 557
f 745 9805 744
f 9900 744 9805
f 9805 9803 9900
f 9897 9900 9803
f 9806 9897 9803
f 9902 9805 745
f 9803 9805 9902
f 9378 9813 9379
f 9910 9379 9813
f 9909 9379 9910
f 9910 9908 9909
f 9908 9910 9903
f 9807 9908 9903
f 9908 9807 9808
f 9359 9808 9807
f 9814 9910 9813
f 9910 9814 9920
f 9920 9903 9910
f 9903 9920 9922
f 9921 9903 9922
f 9903 9921 9807
f 9921 9916 9807
f 9916 9359 9807
f 9359 9916 9918
f 9899 9918 9916
f 9918 9899 9901
f 9851 9920 9814
f 9920 9851 9931
f 9931 9922 9920
f 9922 9931 9927
f 9815 9922 9927
f 9922 9815 9921
f 9815 9923 9921
f 9916 9921 9923
f 9919 9916 9923
f 9916 9919 9899
f 9919 9804 9899
f 9804 9901 9899
f 9901 9804 9896
f 9851 9946 9931
f 9830 9931 9946
f 9931 9830 9927
f 9924 9927 9830
f 9927 9924 9815
f 9928 9815 9924
f 9815 9928 9944
f 9923 9815 9944
f 9392 9923 9944
f 9923 9392 9919
f 9946 9851 9829
f 9829 9844 9946
f 9946 9844 9830
f 9924 9830 9844
f 9928 9924 9844
f 10030 9928 9844
f 9392 9928 10030
f 9928 9392 9944
f 10066 10030 9844
f 10066 10052 10030
f 9392 10030 10052
f 10052 9919 9392
f 9919 10052 9843
f 9843 9804 9919
f 9804 9843 9917
f 9917 9896 9804
f 9896 9917 9913
f 10052 10066 10205
f 9915 10052 10205
f 10052 9915 9843
f 9912 9843 9915
f 9843 9912 9917
f 9912 9913 9917
f 9913 9912 9911
f 9912 9914 9911
f 9914 9912 9809
f 9809 9384 9914
f 9945 10205 10066
f 9930 10205 9945
f 10205 9930 9812
f 9915 10205 9812
f 9812 9912 9915
f 9912 9812 9809
f 9812 9811 9809
f 9374 9809 9811
f 9809 9374 9385
f 9385 9384 9809
f 9811 9812 9930
f 9810 9828 9781
f 9828 9810 10015
f 10088 9828 10015
f 10015 10092 10088
f 10092 10015 10019
f 10098 10092 10019
f 10092 10098 10027
f 10098 10012 10027
f 9810 5418 10015
f 10090 10015 5418
f 10015 10090 10019
f 10090 10029 10019
f 10029 10098 10019
f 10098 10029 10102
f 10101 10098 10102
f 10098 10101 10095
f 10012 10098 10095
f 10095 10017 10012
f 5418 9810 5419
f 5419 5411 5418
f 5464 5418 5411
f 5418 5464 10090
f 5464 10096 10090
f 10029 10090 10096
f 10099 10029 10096
f 10029 10099 10020
f 10020 10102 10029
f 5411 5419 5417
f 5417 5400 5411
f 5405 5411 5400
f 5411 5405 5464
f 5405 5401 5464
f 10096 5464 5401
f 5401 10099 10096
f 10099 5401 9363
f 5401 10016 9363
f 10016 5401 5409
f 5409 10094 10016
f 5400 5417 5398
f 5370 5400 5398
f 5400 5370 5318
f 5318 5405 5400
f 5405 5318 5312
f 5312 5410 5405
f 5401 5405 5410
f 5410 5409 5401
f 5409 5410 5403
f 5403 5469 5409
f 10094 5409 5469
f 5469 9698 10094
f 5370 5308 5318
f 5308 5312 5318
f 5312 5308 5315
f 5315 5275 5312
f 5410 5312 5275
f 5275 5403 5410
f 5403 5275 5305
f 5305 5399 5403
f 5469 5403 5399
f 5399 5397 5469
f 9698 5469 5397
f 5397 9365 9698
f 5314 5308 5370
f 5145 5308 5314
f 5160 5308 5145
f 5308 5160 5315
f 5158 5315 5160
f 5315 5158 5309
f 5275 5315 5309
f 5307 5275 5309
f 5275 5307 5305
f 5145 5314 5144
f 5144 5201 5145
f 5201 5160 5145
f 5160 5201 5202
f 5202 5063 5160
f 5063 5158 5160
f 5158 5063 5162
f 5162 5139 5158
f 5139 5309 5158
f 5309 5139 5307
f 5201 5144 5143
f 5063 5202 5065
f 5064 5063 5065
f 5063 5064 5140
f 5140 5162 5063
f 5140 5146 5162
f 5139 5162 5146
f 5061 5139 5146
f 5139 5061 5142
f 5142 5307 5139
f 5307 5142 5326
f 5326 5305 5307
f 5146 5140 5141
f 5141 5061 5146
f 5061 5141 5062
f 5165 5061 5062
f 5165 5246 5061
f 5246 5148 5061
f 5148 5142 5061
f 5323 5142 5148
f 5142 5323 5326
f 5279 5326 5323
f 5326 5279 5322
f 5305 5326 5322
f 5399 5305 5322
f 5246 5165 5161
f 5246 5161 5148
f 5148 5161 5067
f 5067 5323 5148
f 5323 5067 5058
f 5058 5279 5323
f 5279 5058 5149
f 5149 5402 5279
f 5402 5322 5279
f 5322 5402 5399
f 5397 5399 5402
f 5247 5161 5165
f 5161 5247 5164
f 5161 5164 5330
f 5161 5330 5067
f 5369 5067 5330
f 5067 5369 5057
f 5057 5058 5067
f 5058 5057 5059
f 5059 5149 5058
f 5156 5164 5247
f 5164 5156 5060
f 5060 5330 5164
f 5330 5060 5276
f 5331 5330 5276
f 5330 5331 5369
f 5149 5059 5151
f 5311 5149 5151
f 5149 5311 5402
f 5316 5402 5311
f 5402 5316 5397
f 9365 5397 5316
f 10102 10020 10018
f 10105 10102 10018
f 10102 10105 10101
f 10103 10101 10105
f 10101 10103 10093
f 10097 10101 10093
f 10101 10097 10095
f 10017 10095 10097
f 9362 10105 10018
f 10105 9362 10104
f 10021 10105 10104
f 10105 10021 10103
f 9861 10103 10021
f 10103 9861 9783
f 9783 10093 10103
f 10093 9783 10079
f 10078 10093 10079
f 10093 10078 10091
f 10091 10097 10093
f 10097 10091 10028
f 10028 10017 10097
f 10017 10028 10100
f 10085 10100 10028
f 10100 10085 10087
f 10079 10072 10078
f 10072 9963 10078
f 9963 10091 10078
f 10091 9963 9950
f 9950 10028 10091
f 10028 9950 10083
f 10083 10085 10028
f 10085 10083 10013
f 10072 10079 10227
f 9889 9963 10072
f 9963 9889 9888
f 9969 9970 9964
f 9877 9970 9969
f 9970 9877 9789
f 9970 9789 9873
f 9872 9873 9789
f 9873 9872 9790
f 9790 10011 9873
f 9877 9872 9789
f 9872 9877 9876
f 9876 9990 9872
f 9990 9790 9872
f 9790 9990 9983
f 9947 9790 9983
f 9790 9947 10010
f 10010 10011 9790
f 10011 10010 10009
f 9371 10011 10009
f 9990 9876 9989
f 9989 9988 9990
f 9981 9990 9988
f 9990 9981 9983
f 9820 9983 9981
f 9983 9820 9947
f 9834 9947 9820
f 9947 9834 10003
f 10003 10010 9947
f 9988 9989 9847
f 9847 9982 9988
f 9982 9981 9988
f 9982 9820 9981
f 9820 9982 9835
f 9835 9834 9820
f 9834 9835 9966
f 9966 9849 9834
f 9997 9834 9849
f 9834 9997 10003
f 9982 9847 9848
f 9998 9982 9848
f 9982 9998 9835
f 9966 9835 9998
f 9850 9966 9998
f 9849 9966 9850
f 9849 9850 9994
f 9996 9849 9994
f 9849 9996 9997
f 9999 9997 9996
f 9997 9999 10001
f 10001 10003 9997
f 9850 9998 9992
f 9993 9850 9992
f 9850 9993 9994
f 10000 9994 9993
f 9994 10000 9996
f 10008 9996 10000
f 9996 10008 9999
f 9871 9999 10008
f 9999 9871 10002
f 10002 10001 9999
f 9998 9841 9992
f 9842 9992 9841
f 9992 9842 9993
f 9995 9993 9842
f 9993 9995 10000
f 9980 10000 9995
f 10000 9980 10008
f 9878 10008 9980
f 10008 9878 9871
f 9874 9871 9878
f 9871 9874 9875
f 9875 10002 9871
f 10002 9875 9821
f 9821 10006 10002
f 10001 10002 10006
f 10001 10006 10004
f 10004 10005 10001
f 10003 10001 10005
f 9971 9875 9874
f 9875 9971 9975
f 9836 9875 9975
f 9875 9836 9821
f 9836 9973 9821
f 10006 9821 9973
f 9973 10004 10006
f 10004 9973 9837
f 9837 9798 10004
f 10005 10004 9798
f 10007 10005 9798
f 10005 10007 10010
f 10010 10003 10005
f 9973 9836 9968
f 9974 9973 9968
f 9974 9837 9973
f 9837 9974 9972
f 9972 9822 9837
f 9798 9837 9822
f 9937 9798 9822
f 9798 9937 10007
f 9936 10007 9937
f 10007 9936 10009
f 10009 10010 10007
f 9822 9972 9939
f 9823 9822 9939
f 9822 9823 9937
f 9938 9937 9823
f 9937 9938 9936
f 9936 9938 9965
f 9382 9936 9965
f 9936 9382 9383
f 9371 9936 9383
f 9936 9371 10009
f 9887 9893 9894
f 9893 9887 9895
f 9895 9833 9893
f 9833 9895 9957
f 9957 9818 9833
f 9887 9793 9895
f 9793 9957 9895
f 9793 9961 9957
f 9961 9818 9957
f 9961 9799 9818
f 9799 9831 9818
f 9832 9818 9831
f 9832 9819 9818
f 9832 9802 9819
f 9793 9887 9881
f 9881 9884 9793
f 9961 9793 9884
f 9884 9799 9961
f 9799 9884 9360
f 9360 9792 9799
f 9879 9799 9792
f 9799 9879 9831
f 9800 9831 9879
f 9831 9800 9832
f 9802 9832 9800
f 9800 9892 9802
f 9892 9800 9801
f 9884 9881 9794
f 9794 9360 9884
f 9360 9794 9370
f 9882 9360 9370
f 9360 9882 9792
f 9791 9792 9882
f 9792 9791 9879
f 9801 9879 9791
f 9879 9801 9800
f 9880 9885 9795
f 9885 9880 9883
f 10056 9885 9883
f 9885 10056 10068
f 10137 10068 10056
f 10068 10137 10069
f 10069 10137 10171
f 10137 10172 10171
f 9880 9886 9883
f 10056 9883 9886
f 10137 10056 9886
f 10206 10137 9886
f 10172 10137 10206
f 10206 10070 10172
f 10070 10206 10209
f 10206 9886 10209
f 9797 9954 9856
f 9954 9797 9960
f 9954 9960 9962
f 9858 9962 9960
f 9962 9858 9853
f 9862 9962 9853
f 9853 9860 9862
f 9860 9853 9784
f 9797 9858 9960
f 9797 9854 9858
f 9855 9858 9854
f 9858 9855 9870
f 9858 9870 9853
f 9870 9784 9853
f 9784 9870 9868
f 9870 9866 9868
f 9854 9797 9782
f 9785 9854 9782
f 9817 9854 9785
f 9854 9817 9852
f 9854 9852 9855
f 9865 9855 9852
f 9855 9865 9864
f 9855 9864 9866
f 9855 9866 9870
f 9817 9857 9852
f 9869 9852 9857
f 9852 9869 9865
f 9863 9865 9869
f 9865 9863 9787
f 9787 9864 9865
f 9787 9786 9864
f 9864 9786 9866
f 9817 9796 9857
f 9869 9857 9796
f 9796 9817 9859
f 9786 9787 9867
f 9787 9788 9867
f 9788 9787 9863
f 9959 10218 9967
f 10218 9959 10207
f 10217 10218 10207
f 10208 10217 10207
f 10208 10076 10217
f 10076 10216 10217
f 10076 10215 10216
f 10215 10076 10075
f 10208 10075 10076
f 10075 10208 10214
f 10208 10173 10214
f 10173 10208 10207
f 10080 10230 10073
f 10230 10080 10081
f 10059 10230 10081
f 10230 10059 10058
f 10222 10058 10059
f 10058 10222 10077
f 10221 10077 10222
f 9955 10081 10080
f 10081 9955 9958
f 9952 10081 9958
f 10081 9952 10059
f 9953 10059 9952
f 10059 9953 10222
f 9953 10220 10222
f 10220 10221 10222
f 10221 10220 10219
f 10220 10071 10219
f 9955 9948 9958
f 9948 9952 9958
f 9891 9952 9948
f 9952 9891 9953
f 9891 9951 9953
f 10220 9953 9951
f 9951 10057 10220
f 10071 10220 10057
f 10225 10071 10057
f 10071 10225 10224
f 10225 10223 10224
f 9948 9955 9949
f 9948 9949 9890
f 9890 9891 9948
f 9935 9891 9890
f 9951 9891 9935
f 9932 9951 9935
f 10057 9951 9932
f 9932 10225 10057
f 10225 9932 9933
f 9933 10226 10225
f 10223 10225 10226
f 9956 9935 9890
f 9933 9935 9956
f 9935 9933 9932
f 9934 9933 9956
f 10226 9933 9934
f 10054 10170 10033
f 10131 10033 10170
f 10035 10033 10131
f 9381 10033 10035
f 10033 9381 9380
f 9381 10132 9380
f 10132 9381 10034
f 10034 10036 10132
f 10036 10034 10128
f 10131 10127 10035
f 10127 9364 10035
f 9381 10035 9364
f 9381 9364 10126
f 9381 10126 10034
f 10129 10034 10126
f 10034 10129 10128
f 10127 10131 10134
f 10135 10127 10134
f 10135 10136 10127
f 9364 10127 10136
f 9364 10136 10126
f 10130 10126 10136
f 10130 10129 10126
f 10136 10135 10055
f 10136 10055 10130
f 10048 10118 10049
f 10118 10048 10162
f 10082 10118 10162
f 10118 10082 10047
f 10082 10089 10047
f 10089 10082 10120
f 10120 10119 10089
f 10048 10233 10162
f 10239 10162 10233
f 10162 10239 10082
f 10082 10239 10120
f 10239 10164 10120
f 10119 10120 10164
f 10178 10119 10164
f 10119 10178 10121
f 10062 10121 10178
f 10121 10062 10061
f 10233 10240 10239
f 10240 10237 10239
f 10164 10239 10237
f 10241 10164 10237
f 10164 10241 10178
f 10235 10178 10241
f 10178 10235 10062
f 10240 10233 10231
f 10240 10231 10177
f 10240 10177 10236
f 10237 10240 10236
f 10213 10237 10236
f 10237 10213 10241
f 10228 10241 10213
f 10241 10228 10235
f 10213 10236 10177
f 10177 10228 10213
f 10023 10109 10108
f 10109 10023 10107
f 10022 10109 10107
f 10109 10022 10106
f 10110 10106 10022
f 10106 10110 10125
f 10114 10125 10110
f 10125 10114 10113
f 10040 10107 10023
f 10107 10040 10038
f 10022 10107 10038
f 10037 10022 10038
f 10022 10037 10110
f 10114 10110 10037
f 10037 10025 10114
f 10025 10113 10114
f 10113 10025 10031
f 10117 10031 10025
f 10031 10117 10116
f 10038 10040 10133
f 10037 10038 10133
f 10138 10037 10133
f 10025 10037 10138
f 10117 10025 10138
f 10139 10117 10138
f 10117 10139 10112
f 10112 10116 10117
f 10116 10112 10115
f 10112 10111 10115
f 10111 10112 10024
f 10024 10112 10139
f 10138 10133 10139
f 1295 193 95
f 336 95 193
f 95 336 194
f 166 95 194
f 166 1341 95
f 1286 1341 166
f 1291 1341 1286
f 1290 1341 1291
f 1341 1290 1288
f 336 346 194
f 257 194 346
f 194 257 339
f 194 339 195
f 195 166 194
f 974 166 195
f 974 1286 166
f 346 336 347
f 346 347 342
f 342 202 346
f 197 346 202
f 346 197 257
f 257 197 196
f 345 257 196
f 340 257 345
f 339 257 340
f 347 344 342
f 342 344 202
f 196 261 345
f 196 197 261
f 1288 1266 1285
f 1266 1288 1276
f 1258 1266 1276
f 1266 1258 1252
f 1258 976 1252
f 976 1258 1296
f 1296 10180 976
f 10180 1296 10184
f 1290 1276 1288
f 1276 1290 1294
f 1294 1258 1276
f 1258 1294 1306
f 1306 1296 1258
f 1296 1306 1300
f 1300 10184 1296
f 10184 1300 10194
f 1302 10194 1300
f 10194 1302 10181
f 1299 1294 1290
f 1294 1299 1350
f 1350 1306 1294
f 1306 1350 1301
f 1301 1300 1306
f 1300 1301 1302
f 1354 1302 1301
f 1302 1354 1351
f 1351 10181 1302
f 10181 1351 10182
f 1351 10185 10182
f 1291 1299 1290
f 1293 1299 1291
f 1299 1293 1307
f 1307 1350 1299
f 1350 1307 1308
f 1308 1301 1350
f 1301 1308 1354
f 1303 1354 1308
f 1354 1303 1021
f 1021 1351 1354
f 1351 1021 1309
f 10185 1351 1309
f 1286 1293 1291
f 1293 1286 1284
f 1284 1001 1293
f 576 1293 1001
f 1293 576 1307
f 1303 1307 576
f 1307 1303 1308
f 1284 1286 188
f 1002 1284 188
f 1001 1284 1002
f 1001 1002 1297
f 1355 1001 1297
f 1001 1355 1352
f 576 1001 1352
f 188 1286 974
f 974 205 188
f 154 188 205
f 154 1002 188
f 1002 154 201
f 201 1297 1002
f 201 183 1297
f 570 1297 183
f 1297 570 211
f 1297 211 1355
f 977 205 974
f 975 205 977
f 147 205 975
f 205 147 154
f 154 147 1277
f 154 1277 201
f 1277 93 201
f 183 201 93
f 93 186 183
f 570 183 186
f 977 974 195
f 977 195 338
f 338 1224 977
f 977 1224 975
f 1224 1292 975
f 975 1292 1289
f 1289 147 975
f 1298 147 1289
f 1298 1277 147
f 348 338 195
f 338 348 337
f 338 337 1274
f 1274 1238 338
f 1224 338 1238
f 1225 1224 1238
f 1224 1225 1230
f 1292 1224 1230
f 339 348 195
f 348 339 343
f 348 343 337
f 337 343 340
f 340 1274 337
f 1274 340 341
f 340 343 339
f 1244 1245 1243
f 1245 1244 1242
f 1242 258 1245
f 258 1242 1282
f 1282 956 258
f 956 1282 1281
f 908 1281 1282
f 1281 908 1246
f 1226 1242 1244
f 1242 1226 1241
f 1241 1282 1242
f 1282 1241 908
f 1241 1076 908
f 1076 189 908
f 1264 908 189
f 908 1264 1246
f 1264 1274 1246
f 1274 1264 1238
f 1263 1241 1226
f 1241 1263 1273
f 1076 1241 1273
f 1256 1076 1273
f 1076 1256 1073
f 1265 1076 1073
f 1076 1265 1078
f 189 1076 1078
f 1251 1273 1263
f 1273 1251 1256
f 1240 1256 1251
f 1256 1240 1239
f 1239 1073 1256
f 1073 1239 1071
f 1077 1073 1071
f 1077 1265 1073
f 1265 1077 1255
f 1255 1250 1265
f 1250 1255 1257
f 1257 1247 1250
f 1231 1239 1240
f 1239 1231 1272
f 1272 1071 1239
f 1071 1272 1075
f 1075 1255 1071
f 1255 1077 1071
f 96 1231 1240
f 1231 96 1340
f 83 1340 96
f 1340 83 97
f 46 97 83
f 97 46 88
f 88 46 92
f 92 86 88
f 928 83 96
f 83 928 930
f 1278 83 930
f 83 1278 46
f 907 46 1278
f 46 907 92
f 1279 92 907
f 92 1279 535
f 86 92 535
f 167 86 535
f 86 167 361
f 929 930 928
f 930 929 909
f 1280 930 909
f 930 1280 1278
f 906 1278 1280
f 1278 906 907
f 907 906 1279
f 1279 906 1287
f 1279 1287 1289
f 1279 1289 1292
f 1279 1292 535
f 1228 909 929
f 909 1228 1223
f 89 909 1223
f 909 89 1280
f 106 1280 89
f 1280 106 906
f 1275 906 106
f 906 1275 1287
f 1249 1287 1275
f 1287 1249 1298
f 1289 1287 1298
f 1305 1223 1228
f 1223 1305 1222
f 100 1223 1222
f 1223 100 89
f 1342 89 100
f 89 1342 106
f 1342 1275 106
f 1248 1275 1342
f 1275 1248 1249
f 1248 141 1249
f 1298 1249 141
f 141 1277 1298
f 1305 1237 1222
f 49 1222 1237
f 1222 49 100
f 98 100 49
f 100 98 1342
f 1253 1342 98
f 1342 1253 1248
f 1081 1248 1253
f 1248 1081 140
f 141 1248 140
f 1237 1305 1271
f 1232 1237 1271
f 1237 1232 1227
f 48 1237 1227
f 1237 48 49
f 47 49 48
f 49 47 98
f 1254 98 47
f 98 1254 1253
f 1080 1253 1254
f 1253 1080 1081
f 1221 1227 1232
f 1227 1221 1220
f 105 1227 1220
f 1227 105 48
f 105 47 48
f 47 105 107
f 1346 47 107
f 47 1346 1254
f 1079 1254 1346
f 1254 1079 1080
f 1079 171 1080
f 171 1081 1080
f 1283 1220 1221
f 1220 1283 1304
f 99 1220 1304
f 1220 99 105
f 104 105 99
f 105 104 107
f 104 1346 107
f 1346 104 1362
f 1362 1079 1346
f 1270 1304 1283
f 1304 1270 305
f 248 1304 305
f 1304 248 99
f 50 99 248
f 99 50 104
f 50 1362 104
f 1362 50 1310
f 1310 142 1362
f 1079 1362 142
f 958 305 1270
f 305 958 250
f 247 305 250
f 305 247 248
f 51 248 247
f 248 51 50
f 51 1310 50
f 1310 51 102
f 122 1310 102
f 1310 122 121
f 142 1310 121
f 1217 250 958
f 250 1217 304
f 245 250 304
f 250 245 247
f 245 51 247
f 51 245 52
f 52 102 51
f 102 52 1068
f 1211 102 1068
f 102 1211 122
f 1212 304 1217
f 304 1212 246
f 246 245 304
f 245 246 303
f 303 52 245
f 52 303 53
f 53 1068 52
f 1068 53 1069
f 119 1068 1069
f 1068 119 1211
f 1212 192 246
f 192 303 246
f 303 192 191
f 191 53 303
f 53 191 175
f 175 1069 53
f 1069 175 184
f 187 1069 184
f 1069 187 119
f 192 1212 256
f 256 1233 192
f 1213 192 1233
f 192 1213 191
f 108 191 1213
f 191 108 175
f 1072 175 108
f 175 1072 184
f 1210 184 1072
f 184 1210 187
f 1233 256 1216
f 1216 1215 1233
f 1215 1213 1233
f 1213 1215 109
f 1214 1213 109
f 1213 1214 108
f 1070 108 1214
f 108 1070 1072
f 889 1072 1070
f 1072 889 1210
f 1215 1216 1234
f 1234 109 1215
f 109 1234 101
f 103 109 101
f 109 103 1214
f 117 1214 103
f 1214 117 1070
f 890 1070 117
f 1070 890 889
f 198 1234 1216
f 1234 198 199
f 199 101 1234
f 101 199 1268
f 1268 103 101
f 103 1268 1218
f 1074 103 1218
f 103 1074 117
f 157 117 1074
f 117 157 890
f 1236 199 198
f 199 1236 1267
f 1267 1268 199
f 1268 1267 1235
f 1235 1218 1268
f 1218 1235 1269
f 124 1218 1269
f 1218 124 1074
f 158 1074 124
f 1074 158 157
f 1219 1267 1236
f 1267 1219 1229
f 1229 1235 1267
f 1235 1229 957
f 957 1269 1235
f 1269 957 1796
f 2623 1269 1796
f 1269 2623 124
f 2624 124 2623
f 124 2624 158
f 1794 158 2624
f 158 1794 252
f 252 157 158
f 157 252 253
f 253 890 157
f 1689 2623 1796
f 2623 1689 1726
f 1726 2624 2623
f 2624 1726 1766
f 1766 1794 2624
f 1853 1689 1796
f 1689 1853 1679
f 1679 1687 1689
f 1687 1726 1689
f 1726 1687 1710
f 1710 1766 1726
f 1766 1710 1765
f 1765 2855 1766
f 1794 1766 2855
f 1686 1679 1853
f 1679 1686 1693
f 1693 1688 1679
f 1687 1679 1688
f 1688 2868 1687
f 2868 1710 1687
f 1710 2868 1751
f 1751 1765 1710
f 1765 1751 1925
f 1925 2845 1765
f 2855 1765 2845
f 2932 1693 1686
f 1693 2932 2930
f 2930 1797 1693
f 1688 1693 1797
f 1797 1695 1688
f 2868 1688 1695
f 2800 2868 1695
f 2868 2800 2802
f 2802 1751 2868
f 1751 2802 1707
f 1707 1925 1751
f 1797 2930 1798
f 1798 2670 1797
f 1695 1797 2670
f 2670 2800 1695
f 2800 2670 1690
f 1690 1698 2800
f 1698 2802 2800
f 2802 1698 2867
f 2867 1707 2802
f 1707 2867 1705
f 1705 1743 1707
f 1925 1707 1743
f 2670 1798 1694
f 1694 1690 2670
f 1690 1694 1699
f 1698 1690 1699
f 1933 1698 1699
f 1698 1933 1935
f 1935 2867 1698
f 2867 1935 1781
f 1781 1705 2867
f 1705 1781 1782
f 1782 1737 1705
f 1743 1705 1737
f 1931 1699 1694
f 1699 1931 1933
f 2801 1933 1931
f 1933 2801 2848
f 2866 1933 2848
f 1933 2866 1935
f 1696 1935 2866
f 1935 1696 1781
f 1717 1781 1696
f 1781 1717 1782
f 1717 1847 1782
f 1737 1782 1847
f 2801 2856 2848
f 2846 2848 2856
f 2848 2846 2866
f 2803 2866 2846
f 2866 2803 1696
f 1752 1696 2803
f 1696 1752 1717
f 1752 1775 1717
f 1847 1717 1775
f 2856 2801 1697
f 1697 2839 2856
f 2839 2846 2856
f 2846 2839 2842
f 2871 2846 2842
f 2846 2871 2803
f 1942 2803 2871
f 2803 1942 1752
f 1942 1764 1752
f 1775 1752 1764
f 2839 1697 1854
f 1854 2901 2839
f 2901 2842 2839
f 2842 2901 2840
f 2840 2871 2842
f 2871 2840 2870
f 1714 2871 2870
f 2871 1714 1942
f 1714 1940 1942
f 1764 1942 1940
f 2901 1854 1678
f 1678 1636 2901
f 1636 2840 2901
f 2840 1636 2869
f 2869 2870 2840
f 2870 2869 2857
f 1708 2870 2857
f 2870 1708 1714
f 1733 1714 1708
f 1714 1733 1941
f 1940 1714 1941
f 1636 1678 1638
f 1638 1685 1636
f 1685 2869 1636
f 2869 1685 2804
f 2804 2857 2869
f 2857 2804 2823
f 1706 2857 2823
f 2857 1706 1708
f 1735 1708 1706
f 1708 1735 1733
f 1685 1638 1682
f 1682 1674 1685
f 1674 2804 1685
f 2804 1674 2805
f 2873 2804 2805
f 2804 2873 2823
f 2873 1706 2823
f 1706 2873 1716
f 1716 1735 1706
f 1674 1682 1673
f 1673 1639 1674
f 1639 2805 1674
f 2805 1639 2858
f 2858 2873 2805
f 2873 2858 2824
f 2824 1716 2873
f 1716 2824 1753
f 1753 1736 1716
f 1735 1716 1736
f 1639 1673 1637
f 2931 1639 1637
f 1639 2931 1684
f 1684 2858 1639
f 2858 1684 2896
f 2896 2824 2858
f 2824 2896 2895
f 2895 1753 2824
f 1753 2895 1724
f 1724 1750 1753
f 1736 1753 1750
f 1750 2816 1736
f 2816 1735 1736
f 2931 1681 1684
f 1681 2896 1684
f 2896 1681 2894
f 2894 2895 2896
f 2895 2894 2806
f 2895 2806 1953
f 1953 1724 2895
f 1681 2931 1680
f 1680 1938 1681
f 1938 2894 1681
f 2894 1938 1773
f 1773 2806 2894
f 2806 1773 1926
f 1926 1953 2806
f 1953 1926 2566
f 1722 1953 2566
f 1724 1953 1722
f 1938 1680 1772
f 1772 1767 1938
f 1767 1773 1938
f 1773 1767 1774
f 1774 1926 1773
f 1926 1774 2479
f 2479 1939 1926
f 1939 2566 1926
f 1939 1856 2566
f 1856 1804 2566
f 2566 1804 1722
f 1767 1772 1927
f 1927 2807 1767
f 2807 1774 1767
f 1774 2807 2810
f 2810 2479 1774
f 2479 2810 2860
f 2860 1939 2479
f 1939 2860 2822
f 1939 2822 1855
f 1939 1855 1856
f 2807 1927 2859
f 2808 2807 2859
f 2807 2808 2825
f 2825 2810 2807
f 2810 2825 2861
f 2861 2860 2810
f 2813 2860 2861
f 2860 2813 2822
f 2813 2817 2822
f 1757 2822 2817
f 1757 1855 2822
f 2859 1676 2808
f 1676 2859 1675
f 2125 1676 1675
f 1676 2125 2124
f 1709 2124 2125
f 2124 1709 1762
f 1943 1762 1709
f 1762 1943 2827
f 1675 1721 2125
f 1734 2125 1721
f 2125 1734 1709
f 1749 1709 1734
f 1943 1709 1749
f 1721 1675 1723
f 1723 1949 1721
f 1711 1721 1949
f 1721 1711 1734
f 1711 1725 1734
f 1749 1734 1725
f 1725 1943 1749
f 1952 1943 1725
f 1943 1952 1954
f 2817 1943 1954
f 1943 2817 2827
f 2817 2813 2827
f 1949 1723 2126
f 2126 1756 1949
f 1756 1711 1949
f 1711 1756 1776
f 1777 1711 1776
f 1711 1777 1712
f 1725 1711 1712
f 1756 2126 1947
f 1947 1944 1756
f 2494 1756 1944
f 1756 2494 1776
f 1780 1776 2494
f 1776 1780 1951
f 1950 1776 1951
f 1776 1950 1777
f 1944 1947 1946
f 1946 1948 1944
f 1851 1944 1948
f 1944 1851 2494
f 1852 2494 1851
f 2494 1852 1780
f 1948 1946 1945
f 1950 1951 1759
f 1759 1760 1950
f 1760 1758 1950
f 1758 1760 1761
f 1954 1758 1761
f 1758 1954 1952
f 1759 1930 1760
f 1683 1760 1930
f 1683 1761 1760
f 1761 1683 1757
f 1757 1954 1761
f 1954 1757 2817
f 1930 1759 1784
f 1930 1784 1934
f 1934 2876 1930
f 2161 1930 2876
f 1930 2161 1683
f 2161 1860 1683
f 1683 1860 1855
f 1855 1757 1683
f 1759 1850 1784
f 1784 1850 1787
f 1934 1784 1787
f 1934 1787 2546
f 2546 2876 1934
f 1932 2876 2546
f 2876 1932 2809
f 2158 2876 2809
f 2161 2876 2158
f 1850 1759 1791
f 1850 2546 1787
f 2546 1850 1785
f 1785 1932 2546
f 1932 1785 1786
f 1786 1783 1932
f 1783 2819 1932
f 2809 1932 2819
f 2809 2819 2826
f 1937 2809 2826
f 2158 2809 1937
f 1850 1788 1785
f 1788 2548 1785
f 1785 2548 1848
f 1848 1786 1785
f 1786 1848 1849
f 1793 1786 1849
f 1786 1793 2547
f 1783 1786 2547
f 2548 1788 1789
f 2548 1789 1848
f 2547 1793 1790
f 1793 1849 1790
f 2819 1783 1792
f 1858 2819 1792
f 1860 1856 1855
f 1856 1860 1748
f 1804 1856 1748
f 1804 1748 1747
f 1730 1804 1747
f 1804 1730 1722
f 1730 1724 1722
f 1748 1860 1861
f 1861 1744 1748
f 1744 1747 1748
f 1744 2565 1747
f 2863 1747 2565
f 1747 2863 2814
f 1730 1747 2814
f 2814 1763 1730
f 1724 1730 1763
f 1750 1724 1763
f 1860 2161 1861
f 2161 2158 1861
f 2158 2496 1861
f 1744 1861 2496
f 1744 2496 1805
f 1805 2565 1744
f 2565 1805 2609
f 1928 2565 2609
f 2565 1928 2863
f 2496 2158 1937
f 2495 2496 1937
f 1805 2496 2495
f 2495 2165 1805
f 2165 2609 1805
f 2165 2642 2609
f 2609 2642 3137
f 1862 2609 3137
f 2609 1862 1928
f 1862 1936 1928
f 1936 2863 1928
f 1937 1859 2495
f 2165 2495 1859
f 2166 2165 1859
f 2166 2643 2165
f 2642 2165 2643
f 2643 2639 2642
f 2639 2923 2642
f 2641 2642 2923
f 2642 2641 3137
f 1859 1937 1857
f 1807 1859 1857
f 1859 1807 2610
f 1859 2610 2166
f 2610 2653 2166
f 2166 2653 2640
f 2652 2166 2640
f 2166 2652 2643
f 1857 1937 2826
f 2826 1801 1857
f 1857 1801 1807
f 2163 1807 1801
f 1807 2163 2613
f 2613 2610 1807
f 2610 2613 2164
f 2653 2610 2164
f 2162 2653 2164
f 2653 2162 2920
f 2920 2640 2653
f 1801 2826 1800
f 1715 1801 1800
f 1801 1715 2163
f 1754 2163 1715
f 2163 1754 1863
f 1863 2613 2163
f 2613 1863 2612
f 2612 2164 2613
f 2164 2612 2162
f 2611 2162 2612
f 2162 2611 2644
f 2644 2920 2162
f 1800 1718 1715
f 1718 1754 1715
f 1754 1718 1713
f 1803 1754 1713
f 1754 1803 1802
f 1802 1863 1754
f 1863 1802 1806
f 1806 2612 1863
f 2612 1806 2611
f 1718 1800 1799
f 2705 1802 1803
f 1802 2705 2694
f 2694 1806 1802
f 1806 2694 2622
f 2622 2611 1806
f 2611 2622 2702
f 2702 2644 2611
f 2644 2702 2674
f 2675 2644 2674
f 2644 2675 2914
f 2920 2644 2914
f 2914 2919 2920
f 2640 2920 2919
f 2919 2652 2640
f 2675 2950 2914
f 2919 2914 2950
f 2950 2947 2919
f 2652 2919 2947
f 2947 2913 2652
f 2652 2913 2643
f 2639 2643 2913
f 2950 2675 1728
f 1728 2893 2950
f 2947 2950 2893
f 2943 2947 2893
f 2947 2943 2942
f 2913 2947 2942
f 2942 2639 2913
f 2639 2942 3159
f 3045 2639 3159
f 2639 3045 2923
f 2893 1728 2676
f 2676 2943 2893
f 2943 2676 1727
f 1727 2638 2943
f 3159 2943 2638
f 2943 3159 2942
f 2638 1727 1702
f 1702 2951 2638
f 2951 3159 2638
f 3159 2951 3045
f 3157 3045 2951
f 3045 3157 3160
f 3160 2923 3045
f 2923 3160 2641
f 2958 2641 3160
f 2641 2958 3138
f 3138 3137 2641
f 2951 1702 1700
f 1701 2951 1700
f 2951 1701 3157
f 1701 2959 3157
f 2959 3160 3157
f 3160 2959 2958
f 3146 2958 2959
f 2958 3146 2946
f 2946 3138 2958
f 3138 2946 3140
f 3140 3137 3138
f 3137 3140 1862
f 2959 1701 1703
f 1704 2959 1703
f 2959 1704 3146
f 1704 2961 3146
f 2961 2946 3146
f 2946 2961 3145
f 3145 3140 2946
f 3140 3145 2960
f 1862 3140 2960
f 3155 1862 2960
f 1862 3155 1936
f 2961 1704 1729
f 2700 2961 1729
f 2961 2700 3144
f 3144 3145 2961
f 3145 3144 2955
f 2955 2960 3145
f 2960 2955 3155
f 2964 3155 2955
f 3155 2964 2962
f 1936 3155 2962
f 2700 3156 3144
f 3156 2955 3144
f 2955 3156 2964
f 3147 2964 3156
f 2964 3147 3153
f 3153 2962 2964
f 2962 3153 3154
f 1936 2962 3154
f 3154 2945 1936
f 2945 2818 1936
f 2863 1936 2818
f 3156 2700 2701
f 2701 3147 3156
f 2701 3158 3147
f 3158 3153 3147
f 3153 3158 2965
f 2965 3154 3153
f 3154 2965 2945
f 2944 2945 2965
f 2945 2944 2941
f 2818 2945 2941
f 3158 2701 2688
f 2688 2899 3158
f 2944 3158 2899
f 3158 2944 2965
f 2688 2897 2899
f 2897 2944 2899
f 2944 2897 2940
f 2940 2941 2944
f 2941 2940 2891
f 2829 2941 2891
f 2829 2818 2941
f 2897 2688 2205
f 2205 2890 2897
f 2890 2940 2897
f 2940 2890 2892
f 2892 2891 2940
f 2891 2892 2889
f 2889 2829 2891
f 2829 2889 2888
f 2888 2821 2829
f 2821 2818 2829
f 2818 2821 2830
f 2830 2863 2818
f 2890 2205 2689
f 2689 2591 2890
f 2592 2890 2591
f 2890 2592 2892
f 2592 2889 2892
f 2889 2592 2887
f 2887 2888 2889
f 2160 2888 2887
f 2888 2160 2815
f 2888 2815 2816
f 2821 2888 2816
f 2591 2689 2687
f 2693 2591 2687
f 2591 2693 2567
f 2564 2591 2567
f 2591 2564 2592
f 2564 2887 2592
f 2887 2564 2160
f 2883 2160 2564
f 2160 2883 2159
f 2815 2160 2159
f 2864 2815 2159
f 2864 2816 2815
f 2816 2864 2853
f 1735 2816 2853
f 2203 2567 2693
f 2567 2203 2878
f 2883 2567 2878
f 2567 2883 2564
f 2202 2878 2203
f 2878 2202 2880
f 2880 2883 2878
f 2883 2880 2877
f 2879 2883 2877
f 2883 2879 2159
f 2864 2159 2879
f 2680 2880 2202
f 2880 2680 2881
f 2885 2880 2881
f 2880 2885 2877
f 2885 2879 2877
f 2879 2885 2886
f 2879 2886 2864
f 2680 2882 2881
f 2882 2885 2881
f 2885 2882 2874
f 2886 2885 2874
f 2872 2886 2874
f 2886 2872 2884
f 2864 2886 2884
f 2480 2864 2884
f 2864 2480 2831
f 2831 2853 2864
f 2882 2680 2692
f 2692 2875 2882
f 2875 2874 2882
f 2874 2875 2872
f 2520 2872 2875
f 2872 2520 2519
f 2884 2872 2519
f 2499 2884 2519
f 2884 2499 2480
f 2692 2520 2875
f 2520 2692 2678
f 2678 2518 2520
f 2518 2519 2520
f 2519 2518 2499
f 2498 2499 2518
f 2499 2498 2497
f 2499 2497 2480
f 2668 2480 2497
f 2480 2668 2669
f 2669 2831 2480
f 2518 2678 2204
f 2204 2498 2518
f 2677 2498 2204
f 2498 2677 1732
f 1732 2497 2498
f 2497 1732 2668
f 2665 2668 1732
f 2668 2665 1731
f 1731 2669 2668
f 2669 1731 2666
f 2666 2831 2669
f 2666 2820 2831
f 2820 2828 2831
f 2853 2831 2828
f 2679 1732 2677
f 1732 2679 2665
f 2690 2665 2679
f 2665 2690 2777
f 2777 1731 2665
f 1731 2777 2791
f 2666 1731 2791
f 2791 2660 2666
f 2820 2666 2660
f 2664 2820 2660
f 2664 2836 2820
f 2836 2838 2820
f 2828 2820 2838
f 2744 2777 2690
f 2777 2744 2658
f 2658 2791 2777
f 2791 2658 2659
f 2660 2791 2659
f 2660 2659 2667
f 2667 2664 2660
f 2664 2667 2671
f 2671 2661 2664
f 2836 2664 2661
f 2691 2658 2744
f 2658 2691 2663
f 2667 2658 2663
f 2658 2667 2659
f 2691 1691 2663
f 2671 2663 1691
f 2663 2671 2667
f 2699 1691 2691
f 1691 2699 1642
f 2662 1691 1642
f 1691 2662 2671
f 2661 2671 2662
f 1641 2661 2662
f 2661 1641 1692
f 1692 2836 2661
f 2697 1642 2699
f 1642 2697 1643
f 1641 1642 1643
f 1642 1641 2662
f 2697 2770 1643
f 2778 1643 2770
f 1643 2778 1641
f 2778 1692 1641
f 1692 2778 1640
f 2862 1692 1640
f 1692 2862 2836
f 2862 2835 2836
f 2838 2836 2835
f 2770 2697 2698
f 2698 2767 2770
f 2767 2778 2770
f 2778 2767 2768
f 2768 1640 2778
f 1640 2768 2771
f 2771 2862 1640
f 2862 2771 2811
f 2898 2862 2811
f 2862 2898 2812
f 2835 2862 2812
f 2767 2698 2742
f 2742 2764 2767
f 2764 2768 2767
f 2768 2764 2763
f 2763 2771 2768
f 2771 2763 2765
f 2765 2811 2771
f 2765 1778 2811
f 1778 2898 2811
f 2764 2742 2736
f 2736 2784 2764
f 2784 2763 2764
f 2763 2784 2783
f 2765 2763 2783
f 2783 2785 2765
f 1778 2765 2785
f 2790 1778 2785
f 1778 2790 2854
f 2854 1929 1778
f 2898 1778 1929
f 2736 2787 2784
f 2787 2783 2784
f 2783 2787 2788
f 2785 2783 2788
f 2788 2790 2785
f 2790 2788 2766
f 2766 2786 2790
f 2786 2854 2790
f 2787 2736 2735
f 2734 2787 2735
f 2787 2734 2789
f 2766 2787 2789
f 2787 2766 2788
f 2734 2757 2789
f 2758 2789 2757
f 2789 2758 2766
f 2786 2766 2758
f 2729 2786 2758
f 2786 2729 2759
f 2759 2854 2786
f 2757 2734 2737
f 2740 2757 2737
f 2757 2740 2731
f 2729 2757 2731
f 2757 2729 2758
f 2737 2734 2672
f 2657 2737 2672
f 2737 2657 2740
f 2656 2740 2657
f 2740 2656 2739
f 2730 2740 2739
f 2740 2730 2731
f 2754 2731 2730
f 2731 2754 2729
f 2759 2729 2754
f 2673 2657 2672
f 2657 2673 2621
f 2621 2656 2657
f 2656 2621 2618
f 2618 2655 2656
f 2655 2739 2656
f 2739 2655 2743
f 2743 2728 2739
f 2739 2728 2730
f 2755 2730 2728
f 2730 2755 2754
f 2755 2759 2754
f 2655 2618 2615
f 2615 2654 2655
f 2741 2655 2654
f 2655 2741 2743
f 2733 2743 2741
f 2743 2733 2722
f 2728 2743 2722
f 2722 2755 2728
f 2755 2722 2726
f 2726 2753 2755
f 2759 2755 2753
f 2654 2615 2619
f 2724 2654 2619
f 2654 2724 2721
f 2738 2654 2721
f 2654 2738 2741
f 2756 2741 2738
f 2741 2756 2733
f 2752 2733 2756
f 2733 2752 2732
f 2732 2722 2733
f 2722 2732 2726
f 2732 2727 2726
f 2753 2726 2727
f 2723 2721 2724
f 2721 2723 2725
f 2725 2738 2721
f 2738 2725 2756
f 2725 2752 2756
f 2752 2725 2751
f 2751 1779 2752
f 2157 2752 1779
f 2752 2157 2732
f 2727 2732 2157
f 2157 2837 2727
f 2832 2727 2837
f 2727 2832 2753
f 2921 2725 2723
f 2725 2921 2751
f 2921 1846 2751
f 1779 2751 1846
f 1846 2865 1779
f 2837 1779 2865
f 1779 2837 2157
f 1846 2921 2922
f 2922 2847 1846
f 2865 1846 2847
f 2847 2845 2865
f 2834 2865 2845
f 2865 2834 2837
f 2900 2837 2834
f 2837 2900 2832
f 2921 904 2922
f 306 2922 904
f 2922 306 1795
f 2847 2922 1795
f 1794 2847 1795
f 2847 1794 2855
f 2845 2847 2855
f 904 2921 2
f 2 905 904
f 254 904 905
f 904 254 306
f 253 306 254
f 306 253 252
f 1794 306 252
f 306 1794 1795
f 2921 5 2
f 5 45 2
f 905 2 45
f 45 200 905
f 249 905 200
f 905 249 254
f 284 254 249
f 254 284 253
f 890 253 284
f 284 889 890
f 5 2921 10
f 10 13 5
f 4 5 13
f 5 4 1
f 45 5 1
f 33 45 1
f 45 33 19
f 200 45 19
f 13 10 15
f 15 10195 13
f 10195 4 13
f 4 10195 7
f 7 1 4
f 1 7 33
f 8 33 7
f 33 8 12
f 12 19 33
f 19 12 6
f 3 19 6
f 19 3 200
f 10195 15 10065
f 10051 10195 10065
f 10195 10051 10190
f 10190 7 10195
f 7 10190 8
f 10190 9 8
f 43 8 9
f 8 43 12
f 44 12 43
f 12 44 6
f 34 6 44
f 6 34 3
f 10050 10190 10051
f 10190 10050 10187
f 9 10190 10187
f 10187 11 9
f 11 18 9
f 9 18 43
f 18 44 43
f 44 18 17
f 16 44 17
f 44 16 34
f 34 16 251
f 251 3 34
f 10200 10187 10050
f 10187 10200 10064
f 11 10187 10064
f 10064 129 11
f 40 11 129
f 11 40 35
f 18 11 35
f 35 17 18
f 17 35 39
f 16 17 39
f 10199 10064 10200
f 10064 10199 10063
f 129 10064 10063
f 129 10063 130
f 130 40 129
f 40 130 54
f 54 42 40
f 39 40 42
f 40 39 35
f 130 81 54
f 81 59 54
f 42 54 59
f 59 38 42
f 38 39 42
f 39 38 16
f 280 16 38
f 16 280 251
f 81 130 165
f 87 81 165
f 81 87 80
f 55 81 80
f 81 55 58
f 59 81 58
f 58 57 59
f 38 59 57
f 38 57 280
f 87 56 80
f 60 80 56
f 80 60 55
f 61 55 60
f 41 55 61
f 55 41 58
f 57 58 41
f 182 57 41
f 57 182 280
f 24 56 87
f 56 24 79
f 78 56 79
f 56 78 60
f 77 60 78
f 60 77 61
f 61 77 84
f 182 61 84
f 61 182 41
f 36 79 24
f 79 36 82
f 62 79 82
f 79 62 78
f 71 78 62
f 78 71 77
f 94 77 71
f 77 94 84
f 94 91 84
f 91 182 84
f 37 82 36
f 82 37 73
f 73 62 82
f 62 73 72
f 68 62 72
f 62 68 71
f 68 94 71
f 94 68 275
f 359 94 275
f 94 359 85
f 91 94 85
f 37 67 73
f 67 72 73
f 72 67 74
f 168 72 74
f 72 168 68
f 68 168 275
f 169 275 168
f 275 169 276
f 278 275 276
f 275 278 359
f 67 37 31
f 31 66 67
f 66 74 67
f 74 66 64
f 64 168 74
f 168 64 169
f 63 169 64
f 169 63 131
f 169 131 276
f 66 31 21
f 21 65 66
f 65 64 66
f 64 65 63
f 69 63 65
f 63 69 70
f 131 63 70
f 75 131 70
f 131 75 132
f 132 276 131
f 21 69 65
f 69 21 14
f 14 76 69
f 75 69 76
f 69 75 70
f 76 14 22
f 22 362 76
f 133 76 362
f 76 133 75
f 132 75 133
f 133 364 132
f 132 364 360
f 276 132 360
f 358 276 360
f 276 358 278
f 362 22 23
f 23 135 362
f 353 362 135
f 362 353 133
f 364 133 353
f 353 125 364
f 364 125 360
f 125 356 360
f 357 360 356
f 360 357 358
f 135 23 29
f 29 363 135
f 134 135 363
f 135 134 353
f 125 353 134
f 123 125 134
f 123 351 125
f 356 125 351
f 363 29 30
f 30 128 363
f 123 363 128
f 363 123 134
f 32 128 30
f 128 32 352
f 164 128 352
f 128 164 123
f 351 123 164
f 351 164 115
f 115 172 351
f 356 351 172
f 20 352 32
f 352 20 116
f 115 352 116
f 352 115 164
f 20 163 116
f 126 116 163
f 116 126 115
f 172 115 126
f 172 126 118
f 118 143 172
f 143 356 172
f 25 163 20
f 163 25 162
f 118 163 162
f 163 118 126
f 25 127 162
f 127 118 162
f 118 127 161
f 143 118 161
f 136 143 161
f 143 136 159
f 356 143 159
f 127 25 26
f 26 120 127
f 136 127 120
f 127 136 161
f 120 26 28
f 28 145 120
f 145 136 120
f 136 145 144
f 146 136 144
f 136 146 159
f 170 159 146
f 356 159 170
f 171 356 170
f 356 171 357
f 145 28 27
f 27 160 145
f 160 144 145
f 144 160 173
f 177 144 173
f 144 177 146
f 153 146 177
f 146 153 170
f 153 171 170
f 153 354 171
f 1081 171 354
f 160 27 4203
f 6256 160 4203
f 160 6256 174
f 174 173 160
f 173 174 350
f 185 173 350
f 173 185 177
f 177 185 153
f 185 536 153
f 354 153 536
f 355 354 536
f 354 355 534
f 534 1081 354
f 1081 534 140
f 8830 174 6256
f 174 8830 349
f 335 174 349
f 174 335 350
f 176 350 335
f 350 176 185
f 536 185 176
f 536 176 203
f 536 203 355
f 10193 349 8830
f 349 10193 260
f 259 349 260
f 349 259 335
f 203 335 259
f 335 203 176
f 10193 265 260
f 265 259 260
f 259 265 262
f 263 259 262
f 259 263 203
f 355 203 263
f 263 186 355
f 186 93 355
f 93 534 355
f 10191 265 10193
f 265 10191 272
f 266 265 272
f 265 266 262
f 264 262 266
f 262 264 263
f 264 186 263
f 186 264 270
f 186 270 216
f 216 570 186
f 10191 268 272
f 271 272 268
f 272 271 266
f 270 266 271
f 266 270 264
f 10183 268 10191
f 268 10183 273
f 217 268 273
f 268 217 271
f 216 271 217
f 271 216 270
f 10183 1020 273
f 269 273 1020
f 273 269 217
f 267 217 269
f 217 267 216
f 570 216 267
f 570 267 208
f 208 211 570
f 1020 10183 10196
f 10197 1020 10196
f 1020 10197 213
f 214 1020 213
f 1020 214 269
f 208 269 214
f 269 208 267
f 10197 215 213
f 1019 213 215
f 213 1019 214
f 206 214 1019
f 214 206 208
f 211 208 206
f 206 212 211
f 212 1355 211
f 215 10197 10179
f 10186 215 10179
f 215 10186 574
f 575 215 574
f 215 575 1019
f 212 1019 575
f 1019 212 206
f 10186 204 574
f 207 574 204
f 574 207 575
f 209 575 207
f 575 209 212
f 1355 212 209
f 210 1355 209
f 210 1352 1355
f 204 10186 10188
f 10189 204 10188
f 204 10189 573
f 567 204 573
f 204 567 207
f 210 207 567
f 207 210 209
f 10165 573 10189
f 573 10165 1547
f 1547 567 573
f 567 1547 1369
f 1369 210 567
f 210 1369 1356
f 1352 210 1356
f 1353 1352 1356
f 1353 576 1352
f 576 1353 571
f 576 571 1303
f 10163 1547 10165
f 1547 10163 572
f 1368 1547 572
f 1547 1368 1369
f 1368 1356 1369
f 1356 1368 1353
f 568 1353 1368
f 1353 568 571
f 1021 571 568
f 571 1021 1303
f 10192 572 10163
f 572 10192 569
f 569 1368 572
f 1368 569 568
f 1309 568 569
f 568 1309 1021
f 10185 569 10192
f 569 10185 1309
f 171 1079 357
f 1079 358 357
f 358 1079 142
f 142 278 358
f 278 142 121
f 121 359 278
f 359 121 122
f 122 85 359
f 85 122 1211
f 1211 91 85
f 91 1211 119
f 119 190 91
f 182 91 190
f 190 280 182
f 280 190 282
f 282 251 280
f 190 119 187
f 187 282 190
f 282 187 1210
f 1210 255 282
f 251 282 255
f 255 249 251
f 3 251 249
f 200 3 249
f 255 1210 889
f 889 284 255
f 249 255 284
f 2845 1925 2834
f 1743 2834 1925
f 2834 1743 2900
f 1737 2900 1743
f 2900 1737 2833
f 2833 2832 2900
f 2832 2833 2854
f 2854 2759 2832
f 2753 2832 2759
f 1847 2833 1737
f 2833 1847 1929
f 1929 2854 2833
f 1775 1929 1847
f 1929 1775 2898
f 1764 2898 1775
f 2898 1764 2812
f 1940 2812 1764
f 2812 1940 2835
f 1941 2835 1940
f 2835 1941 2838
f 1733 2838 1941
f 2838 1733 2828
f 1735 2828 1733
f 2828 1735 2853
f 2816 1750 2821
f 1750 2830 2821
f 2830 1750 1763
f 1763 2814 2830
f 2863 2830 2814
f 1230 535 1292
f 1230 167 535
f 1230 1257 167
f 1255 167 1257
f 167 1255 361
f 1255 1075 361
f 1257 1230 1225
f 1247 1257 1225
f 1238 1247 1225
f 1247 1238 1264
f 499 235 242
f 235 499 433
f 433 683 235
f 683 296 235
f 296 683 694
f 694 295 296
f 295 694 369
f 499 435 433
f 1189 433 435
f 433 1189 1191
f 683 433 1191
f 1170 683 1191
f 683 1170 694
f 1345 694 1170
f 694 1345 684
f 684 369 694
f 369 684 370
f 435 499 553
f 551 435 553
f 435 551 500
f 500 1189 435
f 1189 500 1160
f 1160 1172 1189
f 1172 1191 1189
f 1191 1172 1170
f 1203 1170 1172
f 1170 1203 1345
f 794 1345 1203
f 1345 794 795
f 795 684 1345
f 434 500 551
f 500 434 436
f 436 1160 500
f 1160 436 1343
f 1343 1208 1160
f 1172 1160 1208
f 1208 1203 1172
f 1203 1208 1205
f 793 1203 1205
f 1203 793 794
f 1344 1343 436
f 1343 1344 1186
f 1186 1209 1343
f 1208 1343 1209
f 1209 1205 1208
f 1205 1209 1206
f 1446 1205 1206
f 1446 793 1205
f 793 1446 1450
f 793 1450 875
f 875 794 793
f 826 1186 1344
f 1186 826 827
f 858 1186 827
f 858 1192 1186
f 1209 1186 1192
f 1442 1209 1192
f 1209 1442 1206
f 803 1206 1442
f 1206 803 1446
f 1446 803 1450
f 826 1171 827
f 1583 827 1171
f 827 1583 871
f 871 858 827
f 871 1443 858
f 858 1443 1192
f 1443 1442 1192
f 802 1442 1443
f 1442 802 803
f 802 1507 803
f 1507 1450 803
f 1171 826 831
f 831 1584 1171
f 1585 1171 1584
f 1171 1585 1583
f 1585 1403 1583
f 1583 1403 1472
f 1472 871 1583
f 871 1472 873
f 1443 871 873
f 1441 1443 873
f 1443 1441 802
f 1584 831 830
f 1472 1441 873
f 1441 1472 1488
f 1488 1177 1441
f 1506 1441 1177
f 1441 1506 802
f 1507 802 1506
f 1498 1488 1472
f 1422 1488 1498
f 1488 1422 1318
f 1488 1318 1157
f 1177 1488 1157
f 1157 1173 1177
f 1173 1506 1177
f 1506 1173 1473
f 1473 1507 1506
f 1421 1498 1472
f 1421 1401 1498
f 1401 1422 1498
f 1422 1401 1475
f 872 1422 1475
f 1422 872 1314
f 1204 1422 1314
f 1204 1318 1422
f 1403 1421 1472
f 1403 1400 1421
f 1474 1421 1400
f 1421 1474 1493
f 1401 1421 1493
f 1492 1401 1493
f 1401 1492 1475
f 1492 872 1475
f 872 1492 1476
f 1463 872 1476
f 872 1463 1314
f 552 1400 1403
f 552 1474 1400
f 1474 552 1402
f 1402 1493 1474
f 1493 1402 1492
f 1423 1492 1402
f 1492 1423 1476
f 1035 1476 1423
f 1476 1035 1463
f 1558 552 1403
f 769 552 1558
f 589 552 769
f 552 589 592
f 592 1402 552
f 1402 592 1423
f 592 1035 1423
f 1035 592 870
f 870 1404 1035
f 1404 1463 1035
f 1403 1585 1558
f 1584 1558 1585
f 859 592 589
f 592 859 839
f 592 839 870
f 868 870 839
f 870 868 832
f 870 832 1424
f 870 1424 1404
f 1424 1405 1404
f 1463 1404 1405
f 838 839 859
f 833 839 838
f 868 839 833
f 868 833 835
f 868 835 832
f 832 835 864
f 864 1448 832
f 1406 832 1448
f 832 1406 1424
f 859 790 838
f 838 790 836
f 836 833 838
f 837 833 836
f 837 649 833
f 833 649 840
f 835 833 840
f 864 835 840
f 840 1448 864
f 1061 790 859
f 836 790 1061
f 655 836 1061
f 836 655 852
f 837 836 852
f 852 853 837
f 837 853 649
f 853 854 649
f 649 854 840
f 840 854 867
f 867 1448 840
f 1061 651 655
f 657 655 651
f 653 655 657
f 653 852 655
f 852 653 650
f 853 852 650
f 651 1061 788
f 651 788 656
f 646 651 656
f 651 646 657
f 646 653 657
f 646 650 653
f 726 650 646
f 650 726 853
f 726 658 853
f 416 853 658
f 853 416 854
f 788 654 656
f 654 645 656
f 420 656 645
f 420 646 656
f 420 726 646
f 726 420 667
f 667 665 726
f 658 726 665
f 654 788 652
f 861 654 652
f 654 861 789
f 789 645 654
f 789 420 645
f 789 418 420
f 667 420 418
f 418 2024 667
f 2024 727 667
f 665 667 727
f 857 652 788
f 861 652 857
f 834 861 857
f 855 861 834
f 855 789 861
f 855 2031 789
f 2031 2027 789
f 2027 418 789
f 418 2027 2090
f 2024 418 2090
f 857 856 834
f 856 855 834
f 856 2957 855
f 2957 2849 855
f 2849 2029 855
f 2031 855 2029
f 2168 2031 2029
f 2031 2168 2036
f 2031 2036 2027
f 856 857 866
f 862 856 866
f 860 856 862
f 2957 856 860
f 2956 2957 860
f 2956 2045 2957
f 2957 2045 2106
f 2106 2168 2957
f 2957 2168 2849
f 2849 2168 2029
f 865 862 866
f 860 862 865
f 865 2051 860
f 2051 2956 860
f 2051 2045 2956
f 2684 2045 2051
f 2045 2684 2046
f 2045 2046 2106
f 866 883 865
f 863 865 883
f 863 2051 865
f 2051 863 885
f 885 2050 2051
f 2047 2051 2050
f 2051 2047 2052
f 2052 2684 2051
f 885 863 883
f 885 883 877
f 885 877 884
f 2169 885 884
f 885 2169 2050
f 2169 2047 2050
f 2047 2169 2049
f 2047 2049 2167
f 2047 2167 2048
f 2047 2048 2052
f 2052 2048 2684
f 884 877 156
f 2206 884 156
f 2206 2169 884
f 2206 2049 2169
f 2206 2207 2049
f 2049 2207 2167
f 2170 2167 2207
f 2207 2695 2170
f 882 156 877
f 2695 156 882
f 156 2695 2206
f 2695 2207 2206
f 2685 2684 2048
f 2684 2685 2046
f 2046 2685 2106
f 2104 2106 2685
f 2106 2104 2053
f 2106 2053 2168
f 2168 2053 2171
f 2168 2171 2036
f 2053 2104 2171
f 2171 2104 2034
f 2040 2171 2034
f 2171 2040 2036
f 2036 2040 2033
f 2036 2033 2140
f 2036 2140 2091
f 2091 2027 2036
f 2027 2091 2090
f 2104 2093 2034
f 2093 2040 2034
f 2040 2093 2038
f 2040 2038 2033
f 2140 2033 2038
f 2140 2038 2139
f 2177 2140 2139
f 2140 2177 2089
f 2089 2091 2140
f 2024 2091 2089
f 2091 2024 2090
f 2032 2038 2093
f 2032 2139 2038
f 2139 2032 2138
f 2139 2138 2333
f 2139 2333 2035
f 2035 2177 2139
f 2092 2032 2093
f 2032 2092 2136
f 2138 2032 2136
f 2333 2138 2136
f 2333 2136 2037
f 2037 2035 2333
f 2037 2095 2035
f 2177 2035 2095
f 2025 2177 2095
f 2177 2025 2028
f 2028 2089 2177
f 2108 2136 2092
f 2136 2108 2037
f 2096 2037 2108
f 2095 2037 2096
f 2096 2039 2095
f 2095 2039 2094
f 2095 2094 2180
f 2180 2025 2095
f 2108 2092 2137
f 2107 2108 2137
f 2108 2107 2134
f 2096 2108 2134
f 2096 2134 2039
f 2134 2042 2039
f 2039 2042 2094
f 2042 2097 2094
f 2180 2094 2097
f 2097 2026 2180
f 2026 2025 2180
f 2092 2044 2137
f 2044 2107 2137
f 2107 2044 2043
f 2134 2107 2043
f 2686 2134 2043
f 2686 2232 2134
f 2232 2042 2134
f 2041 2042 2232
f 2042 2041 3528
f 2097 2042 3528
f 2044 4000 2043
f 4000 3608 2043
f 2686 2043 3608
f 3608 2135 2686
f 2686 2135 2232
f 2135 2041 2232
f 2041 2135 3528
f 4000 2044 3995
f 3995 3992 4000
f 3774 4000 3992
f 4000 3774 3783
f 4000 3783 3803
f 3803 3608 4000
f 3608 3803 3801
f 3608 3801 3610
f 3608 3610 2135
f 3992 3995 3998
f 3998 3704 3992
f 3704 3773 3992
f 3992 3773 3778
f 3781 3992 3778
f 3992 3781 3774
f 3771 3774 3781
f 3774 3771 3779
f 3779 3783 3774
f 3783 3779 3805
f 3805 3803 3783
f 3773 3704 3363
f 3363 3533 3773
f 3533 3700 3773
f 3773 3700 3767
f 3773 3767 3778
f 3767 3781 3778
f 3781 3767 3771
f 3767 3770 3771
f 3770 3779 3771
f 3365 3363 3704
f 3363 3365 3402
f 3402 3533 3363
f 3366 3533 3402
f 3533 3366 3362
f 3362 3700 3533
f 3365 3403 3402
f 3367 3402 3403
f 3402 3367 3366
f 3367 3412 3366
f 2105 3366 3412
f 3362 3366 2105
f 3513 3362 2105
f 3362 3513 3534
f 3700 3362 3534
f 3403 3365 3364
f 3412 3367 3409
f 3409 3368 3412
f 3369 3412 3368
f 3412 3369 3407
f 2105 3412 3407
f 2105 3407 3513
f 3513 3407 3511
f 3511 3404 3513
f 3520 3513 3404
f 3513 3520 3534
f 3520 3700 3534
f 3368 3409 3867
f 3867 3532 3368
f 3386 3368 3532
f 3368 3386 3369
f 3400 3369 3386
f 3369 3400 3401
f 3511 3369 3401
f 3369 3511 3407
f 3532 3867 3956
f 3956 3399 3532
f 3373 3532 3399
f 3532 3373 3386
f 3396 3386 3373
f 3386 3396 3400
f 3396 3371 3400
f 3371 3512 3400
f 3512 3401 3400
f 3955 3956 3867
f 3956 3955 3870
f 3870 4023 3956
f 3399 3956 4023
f 3551 3399 4023
f 3399 3551 3410
f 3410 3373 3399
f 3373 3410 3531
f 3531 3396 3373
f 3396 3531 3374
f 3374 3408 3396
f 3371 3396 3408
f 4023 3870 4024
f 3862 4023 4024
f 4023 3862 3551
f 3862 2709 3551
f 3028 3551 2709
f 3551 3028 3410
f 3028 3531 3410
f 3531 3028 2174
f 2174 3374 3531
f 3374 2174 3027
f 3027 3372 3374
f 3408 3374 3372
f 2709 3862 2841
f 2970 3028 2709
f 3028 2970 2174
f 2971 2174 2970
f 2174 2971 2968
f 2968 3027 2174
f 3027 2968 3056
f 3056 2217 3027
f 3372 3027 2217
f 2217 3370 3372
f 3370 3408 3372
f 3408 3370 3405
f 3411 3408 3405
f 3408 3411 3371
f 2217 3056 3055
f 3075 2217 3055
f 2217 3075 3030
f 3030 3370 2217
f 3370 3030 3395
f 3395 3405 3370
f 3405 3395 3392
f 3392 3411 3405
f 3411 3392 3393
f 3393 3519 3411
f 3371 3411 3519
f 3512 3371 3519
f 3075 2173 3030
f 3514 3030 2173
f 3030 3514 3395
f 3514 3392 3395
f 3392 3514 3416
f 3416 3393 3392
f 3393 3416 3515
f 3510 3393 3515
f 3519 3393 3510
f 2173 3075 3072
f 2218 2173 3072
f 2218 3514 2173
f 3514 2218 3517
f 3517 3416 3514
f 3416 3517 3516
f 3516 3515 3416
f 3515 3516 3518
f 3257 3515 3518
f 3515 3257 3510
f 3257 3693 3510
f 3693 3519 3510
f 2218 3509 3517
f 3509 3516 3517
f 3516 3509 3497
f 3497 3518 3516
f 3518 3497 3499
f 3521 3518 3499
f 3257 3518 3521
f 3521 3703 3257
f 3693 3257 3703
f 3509 2218 2172
f 2175 3509 2172
f 3509 2175 3500
f 3522 3509 3500
f 3509 3522 3497
f 3522 3499 3497
f 3499 3522 3508
f 3508 3521 3499
f 3521 3508 3317
f 3321 3521 3317
f 3521 3321 3703
f 2176 3500 2175
f 3500 2176 3525
f 3525 3522 3500
f 3522 3525 3523
f 3498 3522 3523
f 3522 3498 3508
f 3498 3317 3508
f 3317 3498 3616
f 3627 3317 3616
f 3317 3627 3321
f 2211 3525 2176
f 3525 2211 3503
f 3503 3523 3525
f 3523 3503 3502
f 3502 3498 3523
f 3498 3502 3501
f 3616 3498 3501
f 3524 3616 3501
f 3616 3524 3622
f 3622 3627 3616
f 2211 3506 3503
f 3504 3503 3506
f 3503 3504 3502
f 3504 3501 3502
f 3501 3504 3524
f 3504 3507 3524
f 3622 3524 3507
f 3505 3622 3507
f 3622 3505 3772
f 3772 3619 3622
f 3627 3622 3619
f 3506 2211 2209
f 2210 3506 2209
f 3506 2210 3474
f 3491 3506 3474
f 3506 3491 3504
f 3507 3504 3491
f 3492 3507 3491
f 3507 3492 3505
f 3471 3505 3492
f 3505 3471 3473
f 3772 3505 3473
f 2210 3472 3474
f 3472 3491 3474
f 3491 3472 3492
f 3472 3471 3492
f 3471 3472 3478
f 3468 3471 3478
f 3471 3468 3465
f 3465 3473 3471
f 3473 3465 3493
f 3493 3772 3473
f 3472 2210 2216
f 2216 3478 3472
f 3478 2216 2212
f 2212 3468 3478
f 3468 2212 2214
f 2214 3481 3468
f 3481 3465 3468
f 3465 3481 3482
f 3482 3493 3465
f 3493 3482 3539
f 3483 3493 3539
f 3772 3493 3483
f 3483 3768 3772
f 3619 3772 3768
f 3481 2214 2213
f 2213 3495 3481
f 3495 3482 3481
f 3482 3495 3494
f 3494 3539 3482
f 3539 3494 3535
f 3477 3539 3535
f 3539 3477 3483
f 3477 3768 3483
f 3768 3477 3766
f 3766 3466 3768
f 3466 3619 3768
f 3495 2213 2706
f 2706 3538 3495
f 3538 3494 3495
f 3494 3538 3540
f 3540 3535 3494
f 3535 3540 3541
f 3477 3535 3541
f 3462 3477 3541
f 3477 3462 3536
f 3536 3766 3477
f 3538 2706 2215
f 2220 3538 2215
f 3538 2220 3542
f 3464 3538 3542
f 3538 3464 3540
f 3464 3541 3540
f 3541 3464 3462
f 3461 3462 3464
f 3462 3461 3537
f 3536 3462 3537
f 3537 3496 3536
f 3776 3536 3496
f 3536 3776 3766
f 2220 3463 3542
f 3463 3464 3542
f 3464 3463 3461
f 3463 3454 3461
f 3450 3461 3454
f 3461 3450 3537
f 3496 3537 3450
f 3450 3452 3496
f 3452 3780 3496
f 3780 3776 3496
f 3463 2220 3029
f 3029 3451 3463
f 3454 3463 3451
f 3063 3454 3451
f 3454 3063 3083
f 3083 3450 3454
f 3450 3083 3452
f 3082 3452 3083
f 3452 3082 3453
f 3780 3452 3453
f 3451 3029 2707
f 2219 3451 2707
f 3451 2219 3063
f 2340 3063 2219
f 3063 2340 2625
f 3082 3063 2625
f 3063 3082 3083
f 2339 2625 2340
f 2625 2339 3008
f 2984 2625 3008
f 2625 2984 3082
f 3453 3082 2984
f 2984 3256 3453
f 3256 3780 3453
f 3780 3256 3807
f 3807 3613 3780
f 3776 3780 3613
f 2339 3062 3008
f 3062 2984 3008
f 2984 3062 2983
f 3256 2984 2983
f 3109 3256 2983
f 3256 3109 3077
f 3077 3807 3256
f 3807 3077 3485
f 3485 3806 3807
f 3613 3807 3806
f 3062 2339 2338
f 2338 2982 3062
f 3109 3062 2982
f 3062 3109 2983
f 2982 2338 2463
f 3111 2982 2463
f 2982 3111 3061
f 3061 3109 2982
f 3109 3061 2981
f 2981 3077 3109
f 3077 2981 3007
f 3485 3077 3007
f 3089 3061 3111
f 3061 3089 3060
f 3060 2981 3061
f 2981 3060 3006
f 3006 3007 2981
f 3007 3006 2980
f 3485 3007 2980
f 3089 3079 3060
f 3079 3006 3060
f 3006 3079 3080
f 3080 2980 3006
f 2980 3080 2979
f 2980 2979 3078
f 3078 3485 2980
f 3485 3078 3484
f 3484 3469 3485
f 3806 3485 3469
f 3079 3089 3090
f 3090 3058 3079
f 3058 3080 3079
f 3080 3058 3005
f 3005 2979 3080
f 2979 3005 2977
f 2977 3078 2979
f 3078 2977 2978
f 2978 3484 3078
f 3484 2978 3486
f 3486 3623 3484
f 3469 3484 3623
f 3058 3090 3123
f 3123 2972 3058
f 2972 3005 3058
f 3005 2972 2976
f 2976 2977 3005
f 2977 2976 3059
f 2978 2977 3059
f 2973 2978 3059
f 2978 2973 3004
f 3004 3486 2978
f 2972 3123 2412
f 2144 2972 2412
f 2972 2144 2974
f 2974 2976 2972
f 2976 2974 2975
f 2975 3059 2976
f 3059 2975 2973
f 3087 2973 2975
f 2973 3087 3086
f 3086 3004 2973
f 3004 3086 3057
f 3057 3486 3004
f 2144 3088 2974
f 3088 2975 2974
f 2975 3088 3087
f 3097 3087 3088
f 3087 3097 3096
f 3096 3086 3087
f 3086 3096 3091
f 3091 3057 3086
f 3057 3091 3961
f 3961 3959 3057
f 3486 3057 3959
f 3088 2144 2087
f 2133 3088 2087
f 3088 2133 3097
f 2411 3097 2133
f 3097 2411 3100
f 3100 3096 3097
f 3096 3100 3150
f 3150 3091 3096
f 3091 3150 3148
f 3091 3148 3961
f 3101 3961 3148
f 3961 3101 3957
f 3960 3961 3957
f 3961 3960 3959
f 2145 3100 2411
f 3100 2145 3151
f 3149 3100 3151
f 3100 3149 3150
f 3149 3148 3150
f 3148 3149 3101
f 3161 3101 3149
f 3101 3161 3110
f 3101 3110 3957
f 2086 3151 2145
f 3151 2086 3171
f 3171 3149 3151
f 3149 3171 3161
f 3134 3161 3171
f 3161 3134 3048
f 3048 3110 3161
f 3110 3048 3163
f 3163 3957 3110
f 3957 3163 3626
f 3614 3957 3626
f 3957 3614 3960
f 2085 3171 2086
f 3171 2085 3134
f 2132 3134 2085
f 3134 2132 3164
f 3164 3048 3134
f 3048 3164 3162
f 3162 3163 3048
f 3163 3162 3165
f 3163 3165 3626
f 3626 3165 2926
f 3047 3626 2926
f 3626 3047 3046
f 3046 3614 3626
f 2131 3164 2132
f 3164 2131 3049
f 2924 3164 3049
f 3164 2924 3162
f 2924 3165 3162
f 3165 2924 2926
f 3130 2926 2924
f 2926 3130 3047
f 2635 3047 3130
f 3047 2635 2636
f 3046 3047 2636
f 2131 2633 3049
f 3130 3049 2633
f 3049 3130 2924
f 2633 2131 2130
f 2129 2633 2130
f 2633 2129 2927
f 2927 3130 2633
f 3130 2927 2635
f 2927 3050 2635
f 3050 2636 2635
f 2636 3050 2925
f 2925 3046 2636
f 3046 2925 3422
f 3422 3487 3046
f 3614 3046 3487
f 2129 3129 2927
f 3050 2927 3129
f 2631 3050 3129
f 3050 2631 2632
f 2632 2925 3050
f 2925 2632 2634
f 3422 2925 2634
f 3129 2129 2224
f 2221 3129 2224
f 3129 2221 2631
f 2221 3051 2631
f 3051 2632 2631
f 2632 3051 2928
f 2928 2634 2632
f 2634 2928 3124
f 3124 3422 2634
f 3422 3124 3421
f 3424 3422 3421
f 3422 3424 3487
f 3051 2221 2222
f 2223 3051 2222
f 3051 2223 2628
f 2628 2928 3051
f 2928 2628 2630
f 2630 3124 2928
f 3124 2630 2637
f 2637 3421 3124
f 3052 3421 2637
f 2438 3421 3052
f 3421 2438 3439
f 3439 3424 3421
f 2223 3044 2628
f 3044 2630 2628
f 2630 3044 2929
f 2929 2637 2630
f 2637 2929 3052
f 2626 3052 2929
f 3052 2626 2438
f 2441 2438 2626
f 2438 2441 2629
f 3439 2438 2629
f 3044 2223 2225
f 2226 3044 2225
f 3044 2226 3053
f 3053 2929 3044
f 2929 3053 2626
f 2627 2626 3053
f 2626 2627 2441
f 2436 2441 2627
f 2441 2436 2459
f 2459 2629 2441
f 2629 2459 2437
f 3439 2629 2437
f 2226 2627 3053
f 2627 2226 2227
f 2708 2627 2227
f 2627 2708 2436
f 2708 2435 2436
f 2435 2459 2436
f 2459 2435 2432
f 2432 2437 2459
f 2437 2432 3440
f 2437 3440 3439
f 3440 3489 3439
f 3424 3439 3489
f 2435 2708 2228
f 2229 2435 2228
f 2435 2229 2431
f 2431 2432 2435
f 2432 2431 2434
f 2434 3440 2432
f 3440 2434 2439
f 2439 3467 3440
f 3489 3440 3467
f 3612 3489 3467
f 3489 3612 3618
f 3618 3424 3489
f 2230 2431 2229
f 2431 2230 2234
f 2234 2434 2431
f 2434 2234 2419
f 2419 2439 2434
f 2439 2419 2440
f 2440 3467 2439
f 3467 2440 3441
f 3445 3467 3441
f 3467 3445 3612
f 2343 2234 2230
f 2234 2343 2418
f 2418 2419 2234
f 2419 2418 2433
f 2433 2440 2419
f 2440 2433 2233
f 2233 3441 2440
f 3441 2233 2201
f 2201 3445 3441
f 2342 2418 2343
f 2418 2342 2082
f 2082 2433 2418
f 2433 2082 2081
f 2081 2233 2433
f 2233 2081 2414
f 2414 2201 2233
f 2201 2414 2417
f 2417 2237 2201
f 3445 2201 2237
f 2341 2082 2342
f 2082 2341 2080
f 2080 2081 2082
f 2081 2080 2014
f 2014 2414 2081
f 2414 2014 2017
f 2017 2417 2414
f 2417 2017 2019
f 2021 2417 2019
f 2417 2021 2013
f 2237 2417 2013
f 2231 2080 2341
f 2080 2231 2199
f 2199 2014 2080
f 2014 2199 2020
f 2017 2014 2020
f 3777 2017 2020
f 2017 3777 2019
f 3777 2021 2019
f 2021 3777 3765
f 3596 3765 3777
f 3765 3596 3591
f 2710 2199 2231
f 2199 2710 2084
f 2084 2020 2199
f 2020 2084 2083
f 3777 2020 2083
f 3777 2083 3596
f 2083 2016 3596
f 3581 3596 2016
f 3596 3581 3588
f 3588 3591 3596
f 3591 3588 3598
f 3598 3589 3591
f 2711 2084 2710
f 2084 2711 2015
f 2015 2083 2084
f 2083 2015 2016
f 2018 2016 2015
f 2016 2018 3581
f 2018 3590 3581
f 3585 3581 3590
f 3581 3585 3588
f 3585 3598 3588
f 2937 2711 2710
f 2711 2937 2850
f 2850 2712 2711
f 2712 2015 2711
f 2015 2712 2018
f 2712 2200 2018
f 3590 2018 2200
f 2012 3590 2200
f 3590 2012 2011
f 2413 3590 2011
f 3590 2413 3585
f 2712 2850 2851
f 2851 2713 2712
f 2200 2712 2713
f 2713 2012 2200
f 2012 2713 2969
f 2713 2851 2969
f 2935 3585 2413
f 3585 2935 2933
f 3598 3585 2933
f 3598 2933 3673
f 3598 3673 3671
f 3589 3598 3671
f 2934 2933 2935
f 2933 2934 3741
f 3673 2933 3741
f 3740 3673 3741
f 3740 3738 3673
f 3738 3671 3673
f 3671 3738 3582
f 3582 3589 3671
f 3589 3582 3173
f 3173 2903 3589
f 2934 2908 3741
f 3741 2908 3740
f 2908 3114 3740
f 3116 3740 3114
f 3740 3116 3112
f 3740 3112 3738
f 3112 3170 3738
f 3170 3582 3738
f 2908 2934 2907
f 2907 2022 2908
f 3113 2908 2022
f 2908 3113 3114
f 3172 3114 3113
f 3114 3172 3116
f 3172 3108 3116
f 3112 3116 3108
f 3108 3107 3112
f 3170 3112 3107
f 2022 2907 3742
f 3743 2022 3742
f 2022 3743 3717
f 2022 3717 3113
f 3742 3543 3743
f 3543 3675 3743
f 3677 3743 3675
f 3743 3677 3600
f 3601 3743 3600
f 3743 3601 3717
f 3675 3543 3751
f 3545 3751 3543
f 3751 3545 3674
f 3676 3677 3675
f 3677 3676 3599
f 3599 3719 3677
f 3604 3677 3719
f 3677 3604 3600
f 3604 3716 3600
f 3716 3601 3600
f 3601 3716 3681
f 3716 3686 3681
f 3686 3688 3681
f 3719 3599 3678
f 3108 3172 3102
f 3102 3168 3108
f 3168 3132 3108
f 3106 3108 3132
f 3108 3106 3107
f 3106 3170 3107
f 3168 3102 3104
f 3103 3168 3104
f 3103 3119 3168
f 3132 3168 3119
f 4345 3132 3119
f 3132 4345 4160
f 4160 3106 3132
f 3106 4160 4344
f 4344 3115 3106
f 3170 3106 3115
f 3688 3103 3104
f 3103 3688 3707
f 3105 3103 3707
f 3103 3105 3131
f 3119 3103 3131
f 3131 4345 3119
f 3688 3686 3707
f 3707 3686 2795
f 2795 2794 3707
f 3707 2794 3105
f 2794 4433 3105
f 4155 3105 4433
f 3105 4155 3131
f 4345 3131 4155
f 2795 3686 3706
f 2795 3706 3689
f 2795 3689 3690
f 2794 2795 3690
f 3690 4154 2794
f 4433 2794 4154
f 3686 3716 3706
f 3682 3706 3716
f 3706 3682 3724
f 3691 3706 3724
f 3706 3691 3689
f 3691 3690 3689
f 3690 3691 3687
f 3687 4133 3690
f 4154 3690 4133
f 4133 4156 4154
f 4156 4433 4154
f 3716 3604 3682
f 3679 3682 3604
f 3682 3679 3683
f 3723 3682 3683
f 3682 3723 3724
f 3093 3724 3723
f 3722 3724 3093
f 3722 3691 3724
f 3687 3691 3722
f 3722 7558 3687
f 4133 3687 7558
f 3719 3679 3604
f 3679 3719 3680
f 416 867 854
f 417 867 416
f 867 417 412
f 1317 867 412
f 867 1317 1448
f 1430 1448 1317
f 1448 1430 1447
f 1448 1447 1406
f 658 417 416
f 417 658 414
f 414 728 417
f 728 412 417
f 412 728 488
f 1316 412 488
f 412 1316 1317
f 1316 1412 1317
f 1430 1317 1412
f 419 414 658
f 414 419 538
f 538 489 414
f 728 414 489
f 415 728 489
f 728 415 488
f 411 488 415
f 413 488 411
f 488 413 1316
f 665 419 658
f 419 665 727
f 727 2844 419
f 2844 538 419
f 538 2844 3067
f 3067 533 538
f 489 538 533
f 532 489 533
f 489 532 415
f 532 486 415
f 486 411 415
f 411 486 487
f 487 413 411
f 2844 727 2030
f 2178 2844 2030
f 2844 2178 2023
f 2358 2844 2023
f 2844 2358 3067
f 2355 3067 2358
f 3067 2355 3085
f 533 3067 3085
f 727 2024 2030
f 2024 2178 2030
f 2178 2024 2089
f 2089 2028 2178
f 2028 2023 2178
f 2023 2028 2025
f 2088 2023 2025
f 2023 2088 2358
f 2142 2358 2088
f 2358 2142 2355
f 2142 2357 2355
f 2936 2355 2357
f 2355 2936 3085
f 2936 533 3085
f 533 2936 532
f 2025 2026 2088
f 2179 2088 2026
f 2088 2179 2142
f 2179 2143 2142
f 2357 2142 2143
f 2392 2357 2143
f 2357 2392 2360
f 2360 2936 2357
f 2936 2360 2952
f 531 2936 2952
f 2936 531 532
f 486 532 531
f 2182 2179 2026
f 2179 2182 2141
f 2143 2179 2141
f 2359 2143 2141
f 2359 2392 2143
f 2392 2359 2385
f 2393 2392 2385
f 2392 2393 2415
f 2415 2360 2392
f 2026 2097 2182
f 2097 3380 2182
f 3379 2182 3380
f 2182 3379 2141
f 2181 2141 3379
f 2141 2181 2359
f 2181 2385 2359
f 2385 2181 2383
f 2384 2385 2383
f 2385 2384 2393
f 3380 2097 3528
f 3528 3389 3380
f 3389 3390 3380
f 3390 3379 3380
f 3379 3390 3381
f 3379 3381 3391
f 3391 2181 3379
f 3415 2181 3391
f 2181 3415 2383
f 3378 2383 3415
f 2383 3378 2384
f 3389 3528 3413
f 3808 3389 3413
f 3389 3808 3384
f 3384 3390 3389
f 3390 3384 3527
f 3527 3381 3390
f 3381 3527 3383
f 3383 3391 3381
f 3391 3383 3414
f 3414 3415 3391
f 3528 3607 3413
f 3603 3413 3607
f 3413 3603 3808
f 3808 3603 3602
f 3526 3808 3602
f 3808 3526 3384
f 3527 3384 3526
f 3382 3527 3526
f 3527 3382 3383
f 3388 3383 3382
f 3383 3388 3414
f 2135 3607 3528
f 3607 2135 3610
f 3606 3607 3610
f 3607 3606 3603
f 3606 3602 3603
f 3602 3606 3800
f 3800 3198 3602
f 3195 3602 3198
f 3602 3195 3526
f 3272 3526 3195
f 3526 3272 3382
f 3271 3382 3272
f 3382 3271 3388
f 3610 3684 3606
f 3684 3800 3606
f 3800 3684 3611
f 3800 3611 3398
f 3200 3800 3398
f 3198 3800 3200
f 3684 3610 3801
f 3801 3802 3684
f 3802 3611 3684
f 3611 3802 3387
f 3611 3387 3398
f 3387 3385 3398
f 3398 3385 3375
f 3196 3398 3375
f 3398 3196 3200
f 3196 3198 3200
f 3802 3801 3803
f 3803 3805 3802
f 3804 3802 3805
f 3802 3804 3387
f 3804 3769 3387
f 3385 3387 3769
f 3385 3769 3530
f 3375 3385 3530
f 3394 3375 3530
f 3375 3394 3202
f 3202 3196 3375
f 3779 3804 3805
f 3804 3779 3782
f 3769 3804 3782
f 3770 3769 3782
f 3769 3770 3702
f 3694 3769 3702
f 3769 3694 3530
f 3694 3397 3530
f 3397 3394 3530
f 3779 3770 3782
f 3770 3767 3702
f 3767 3700 3702
f 3702 3700 3694
f 3700 3520 3694
f 3343 3694 3520
f 3694 3343 3397
f 3324 3397 3343
f 3397 3324 3376
f 3394 3397 3376
f 3376 3193 3394
f 3350 3394 3193
f 3350 3202 3394
f 3520 3701 3343
f 3701 3324 3343
f 3324 3701 3692
f 3692 3331 3324
f 3330 3324 3331
f 3324 3330 3376
f 3193 3376 3330
f 3701 3520 3404
f 3404 3693 3701
f 3693 3692 3701
f 3692 3693 3703
f 3703 3322 3692
f 3331 3692 3322
f 3322 3316 3331
f 3318 3331 3316
f 3331 3318 3330
f 3298 3330 3318
f 3330 3298 3193
f 3693 3404 3406
f 3519 3693 3406
f 3512 3519 3406
f 3406 3401 3512
f 3401 3406 3511
f 3404 3511 3406
f 3322 3703 3321
f 3321 3479 3322
f 3316 3322 3479
f 3479 3329 3316
f 3210 3316 3329
f 3316 3210 3318
f 3215 3318 3210
f 3318 3215 3298
f 3479 3321 3627
f 3627 3475 3479
f 3329 3479 3475
f 3466 3329 3475
f 3329 3466 3319
f 3319 3210 3329
f 3210 3319 3229
f 3212 3210 3229
f 3210 3212 3215
f 3212 3204 3215
f 3298 3215 3204
f 3475 3627 3619
f 3619 3466 3475
f 1489 5528 1471
f 5528 1489 5529
f 5529 5486 5528
f 5486 5530 5528
f 5530 5486 5485
f 5485 5482 5530
f 5482 5485 6181
f 6181 6179 5482
f 5646 5529 1489
f 5529 5646 5489
f 5489 5619 5529
f 5486 5529 5619
f 1489 5526 5646
f 5526 5525 5646
f 5525 5647 5646
f 5646 5647 5489
f 5647 5487 5489
f 5619 5489 5487
f 5526 1489 1418
f 1418 920 5526
f 8412 5526 920
f 5526 8412 5525
f 4366 5525 8412
f 5525 4366 4221
f 4221 5647 5525
f 5647 4221 5524
f 5524 5491 5647
f 5487 5647 5491
f 920 1418 917
f 917 1573 920
f 921 920 1573
f 920 921 8412
f 921 4215 8412
f 4163 8412 4215
f 8412 4163 4366
f 4163 4230 4366
f 4375 4366 4230
f 4366 4375 4221
f 4375 5524 4221
f 1573 917 1335
f 1335 1456 1573
f 1573 1456 1581
f 1581 921 1573
f 921 1581 4218
f 4215 921 4218
f 4219 4215 4218
f 4215 4219 4163
f 4219 4231 4163
f 4230 4163 4231
f 4231 4377 4230
f 4377 4375 4230
f 1456 1335 1510
f 1456 1510 1571
f 1456 1571 1581
f 8420 1581 1571
f 4218 1581 8420
f 8420 4219 4218
f 4219 8420 4363
f 4187 4219 4363
f 4219 4187 4374
f 4231 4219 4374
f 1335 1457 1510
f 1457 1574 1510
f 1571 1510 1574
f 916 1571 1574
f 1571 916 1511
f 1571 1511 1520
f 1559 1571 1520
f 4245 1571 1559
f 1571 4245 8420
f 1457 1572 1574
f 916 1574 1572
f 916 1572 1511
f 1572 1334 1511
f 1334 1487 1511
f 1487 1520 1511
f 1520 1487 1519
f 1521 1520 1519
f 1520 1521 1559
f 4362 1559 1521
f 1559 4362 4245
f 4362 4216 4245
f 4216 8420 4245
f 8420 4216 4363
f 1334 1572 1047
f 1043 1334 1047
f 1334 1043 1336
f 1336 1045 1334
f 1487 1334 1045
f 1045 1560 1487
f 972 1487 1560
f 972 1519 1487
f 972 1521 1519
f 972 961 1521
f 8423 1521 961
f 1521 8423 4362
f 1043 1534 1336
f 1539 1336 1534
f 1336 1539 1544
f 1045 1336 1544
f 1458 1045 1544
f 1045 1458 1046
f 1560 1045 1046
f 1534 1043 1459
f 1561 1560 1046
f 1560 1561 1501
f 1501 972 1560
f 961 972 1501
f 1501 938 961
f 4340 961 938
f 961 4340 8423
f 4340 8422 8423
f 8422 4362 8423
f 1561 937 1501
f 937 938 1501
f 938 937 940
f 4341 938 940
f 938 4341 4340
f 4252 4340 4341
f 4340 4252 4243
f 8422 4340 4243
f 937 1561 933
f 937 933 945
f 918 937 945
f 937 918 940
f 8425 940 918
f 940 8425 4341
f 8425 4252 4341
f 941 945 933
f 945 941 939
f 915 945 939
f 945 915 918
f 915 8425 918
f 8425 915 8432
f 8424 8425 8432
f 8425 8424 8430
f 4252 8425 8430
f 946 939 941
f 939 946 948
f 932 939 948
f 939 932 931
f 939 931 935
f 935 915 939
f 935 8432 915
f 8432 935 8428
f 8429 8432 8428
f 8432 8429 8424
f 946 942 948
f 1040 948 942
f 948 1040 932
f 1040 1339 932
f 936 932 1339
f 932 936 931
f 936 935 931
f 935 936 943
f 943 8428 935
f 942 946 947
f 947 954 942
f 954 1040 942
f 1041 1040 954
f 1040 1041 1038
f 1040 1038 1339
f 848 1339 1038
f 1339 848 1039
f 1039 936 1339
f 954 947 277
f 277 955 954
f 951 954 955
f 954 951 1041
f 951 952 1041
f 1038 1041 952
f 647 1038 952
f 647 848 1038
f 647 1454 848
f 1454 1039 848
f 277 947 1575
f 1461 277 1575
f 277 1461 1338
f 955 277 1338
f 1458 1461 1575
f 1461 1458 1544
f 1539 1461 1544
f 1461 1539 1337
f 1337 1462 1461
f 1338 1461 1462
f 1539 1460 1337
f 1460 1539 1540
f 1534 1540 1539
f 1540 1534 1533
f 1462 1337 1036
f 1036 1042 1462
f 1042 1036 1044
f 1454 647 421
f 423 421 647
f 421 423 648
f 648 1384 421
f 1384 648 1396
f 1396 221 1384
f 647 850 423
f 850 851 423
f 851 648 423
f 648 851 778
f 219 648 778
f 1396 648 219
f 850 647 952
f 953 850 952
f 850 953 772
f 772 847 850
f 851 850 847
f 847 776 851
f 776 778 851
f 778 776 773
f 773 219 778
f 952 951 953
f 847 772 777
f 784 847 777
f 847 784 775
f 776 847 775
f 775 366 776
f 366 773 776
f 773 366 240
f 240 218 773
f 219 773 218
f 218 783 219
f 1396 219 783
f 784 368 775
f 366 775 368
f 368 302 366
f 381 366 302
f 366 381 240
f 383 240 381
f 240 383 241
f 218 240 241
f 241 672 218
f 783 218 672
f 368 784 723
f 302 368 723
f 672 241 367
f 367 673 672
f 670 672 673
f 672 670 783
f 774 783 670
f 774 1396 783
f 1396 774 786
f 221 1396 786
f 673 367 365
f 365 220 673
f 671 673 220
f 673 671 670
f 782 670 671
f 670 782 774
f 787 774 782
f 774 787 786
f 787 221 786
f 221 787 779
f 220 365 239
f 239 785 220
f 601 220 785
f 220 601 671
f 603 671 601
f 671 603 782
f 596 782 603
f 782 596 787
f 780 787 596
f 787 780 779
f 779 780 781
f 779 781 841
f 785 239 238
f 238 600 785
f 594 785 600
f 785 594 601
f 820 601 594
f 601 820 603
f 1438 603 820
f 603 1438 596
f 586 596 1438
f 596 586 780
f 780 586 781
f 829 781 586
f 781 829 841
f 600 238 712
f 712 593 600
f 597 600 593
f 600 597 594
f 800 594 597
f 594 800 820
f 1530 820 800
f 820 1530 1438
f 1530 586 1438
f 586 1530 1468
f 1468 829 586
f 593 712 292
f 292 602 593
f 607 593 602
f 593 607 597
f 1437 597 607
f 597 1437 800
f 800 1437 1530
f 1437 1529 1530
f 1529 1468 1530
f 1468 1529 1469
f 1469 846 1468
f 829 1468 846
f 602 292 293
f 237 602 293
f 602 237 595
f 798 602 595
f 602 798 607
f 598 607 798
f 607 598 1437
f 598 1119 1437
f 1529 1437 1119
f 1119 636 1529
f 636 1469 1529
f 237 801 595
f 799 595 801
f 595 799 798
f 608 798 799
f 798 608 598
f 1119 598 608
f 1119 608 605
f 605 751 1119
f 636 1119 751
f 801 237 236
f 713 801 236
f 801 713 599
f 606 801 599
f 801 606 799
f 605 799 606
f 799 605 608
f 713 797 599
f 604 599 797
f 599 604 606
f 796 606 604
f 606 796 605
f 751 605 796
f 796 1060 751
f 1060 725 751
f 725 637 751
f 637 636 751
f 797 713 686
f 685 797 686
f 797 685 666
f 669 797 666
f 797 669 604
f 1060 604 669
f 604 1060 796
f 685 680 666
f 682 666 680
f 666 682 669
f 725 669 682
f 669 725 1060
f 680 685 290
f 291 680 290
f 680 291 692
f 690 680 692
f 680 690 682
f 687 682 690
f 682 687 725
f 637 725 687
f 291 711 692
f 709 692 711
f 692 709 690
f 720 690 709
f 690 720 687
f 637 687 720
f 720 310 637
f 637 310 1527
f 636 637 1527
f 711 291 234
f 274 711 234
f 711 274 326
f 326 709 711
f 709 326 325
f 311 709 325
f 709 311 720
f 310 720 311
f 310 311 701
f 701 1391 310
f 1389 310 1391
f 310 1389 1527
f 274 312 326
f 719 326 312
f 326 719 325
f 701 325 719
f 325 701 311
f 312 274 661
f 1055 312 661
f 312 1055 700
f 700 719 312
f 719 700 321
f 324 719 321
f 719 324 701
f 1391 701 324
f 1391 324 323
f 308 1391 323
f 308 467 1391
f 467 1389 1391
f 1055 307 700
f 307 321 700
f 321 307 718
f 323 321 718
f 321 323 324
f 307 1055 223
f 223 699 307
f 322 307 699
f 307 322 718
f 308 718 322
f 718 308 323
f 699 223 222
f 222 309 699
f 314 699 309
f 699 314 322
f 327 322 314
f 322 327 308
f 467 308 327
f 328 467 327
f 328 1179 467
f 1179 511 467
f 1389 467 511
f 309 222 792
f 792 717 309
f 698 309 717
f 309 698 314
f 328 314 698
f 314 328 327
f 717 792 791
f 791 313 717
f 313 698 717
f 698 313 315
f 715 698 315
f 698 715 328
f 1179 328 715
f 330 1179 715
f 330 714 1179
f 1179 714 468
f 511 1179 468
f 313 791 659
f 659 716 313
f 697 313 716
f 313 697 315
f 330 315 697
f 315 330 715
f 716 659 660
f 660 329 716
f 316 716 329
f 716 316 697
f 317 697 316
f 697 317 330
f 714 330 317
f 317 318 714
f 1532 714 318
f 714 1532 468
f 329 660 1056
f 224 329 1056
f 329 224 695
f 332 329 695
f 329 332 316
f 331 316 332
f 316 331 317
f 318 317 331
f 331 320 318
f 318 320 1532
f 224 319 695
f 704 695 319
f 695 704 332
f 702 332 704
f 332 702 331
f 320 331 702
f 320 702 333
f 333 384 320
f 1542 320 384
f 320 1542 1532
f 319 224 225
f 279 319 225
f 319 279 696
f 334 319 696
f 319 334 704
f 333 704 334
f 704 333 702
f 662 696 279
f 696 662 519
f 707 696 519
f 696 707 334
f 386 334 707
f 334 386 333
f 384 333 386
f 385 384 386
f 1528 384 385
f 384 1528 1542
f 663 519 662
f 519 663 703
f 705 519 703
f 519 705 707
f 385 707 705
f 707 385 386
f 663 520 703
f 708 703 520
f 703 708 705
f 710 705 708
f 705 710 385
f 1528 385 710
f 520 663 675
f 675 706 520
f 388 520 706
f 520 388 708
f 389 708 388
f 708 389 710
f 1528 710 389
f 706 675 226
f 227 706 226
f 706 227 390
f 390 388 706
f 388 390 724
f 1033 388 724
f 388 1033 389
f 1390 389 1033
f 389 1390 1528
f 1382 1528 1390
f 1528 1382 1518
f 1518 1542 1528
f 281 390 227
f 390 281 521
f 738 390 521
f 390 738 724
f 738 1033 724
f 1033 738 621
f 1414 1033 621
f 1033 1414 1390
f 1388 1390 1414
f 1390 1388 1382
f 281 391 521
f 391 738 521
f 738 391 392
f 621 738 392
f 392 625 621
f 625 1414 621
f 1414 625 630
f 1386 1414 630
f 1414 1386 1388
f 391 281 664
f 664 522 391
f 522 392 391
f 392 522 475
f 625 392 475
f 475 619 625
f 619 630 625
f 583 630 619
f 630 583 1439
f 1439 1386 630
f 522 664 1058
f 1058 623 522
f 1116 522 623
f 522 1116 475
f 619 475 1116
f 584 619 1116
f 619 584 583
f 584 626 583
f 1439 583 626
f 626 1515 1439
f 1439 1515 1383
f 1386 1439 1383
f 623 1058 1057
f 674 623 1057
f 623 674 627
f 627 1116 623
f 1116 627 584
f 627 628 584
f 626 584 628
f 628 1117 626
f 1515 626 1117
f 228 627 674
f 627 228 1440
f 628 627 1440
f 629 628 1440
f 628 629 1327
f 1117 628 1327
f 1327 1359 1117
f 1515 1117 1359
f 228 629 1440
f 629 228 229
f 283 629 229
f 629 283 1326
f 1552 629 1326
f 629 1552 1327
f 1359 1327 1552
f 1552 1325 1359
f 1325 1515 1359
f 1515 1325 1513
f 1399 1515 1513
f 1515 1399 1383
f 1059 1326 283
f 1326 1059 1549
f 1358 1326 1549
f 1326 1358 1552
f 1325 1552 1358
f 1358 1553 1325
f 1513 1325 1553
f 1553 1398 1513
f 1513 1398 1399
f 1398 1387 1399
f 1387 1531 1399
f 1531 1383 1399
f 677 1549 1059
f 1549 677 1328
f 1551 1549 1328
f 1549 1551 1358
f 1553 1358 1551
f 1551 1522 1553
f 1398 1553 1522
f 1398 1522 1525
f 1525 1394 1398
f 1387 1398 1394
f 676 1328 677
f 1328 676 1516
f 1517 1328 1516
f 1328 1517 1551
f 1522 1551 1517
f 1517 1525 1522
f 1525 1517 1523
f 1523 1526 1525
f 1394 1525 1526
f 230 1516 676
f 1516 230 1582
f 1582 1517 1516
f 1517 1582 1523
f 1582 1578 1523
f 1526 1523 1578
f 1577 1526 1578
f 1526 1577 767
f 1394 1526 767
f 767 1415 1394
f 1392 1394 1415
f 1394 1392 1387
f 231 1582 230
f 1582 231 1524
f 1578 1582 1524
f 1580 1578 1524
f 1578 1580 1577
f 1579 1577 1580
f 1577 1579 1500
f 1499 1577 1500
f 1577 1499 767
f 1415 767 1499
f 231 1580 1524
f 1580 231 287
f 285 1580 287
f 1580 285 1579
f 285 1155 1579
f 1156 1579 1155
f 1579 1156 1500
f 1428 1500 1156
f 1500 1428 1499
f 1415 1499 1428
f 1428 1199 1415
f 1199 1392 1415
f 1155 285 678
f 678 1113 1155
f 1432 1155 1113
f 1155 1432 1156
f 1432 1428 1156
f 1428 1432 1114
f 1199 1428 1114
f 1114 1435 1199
f 1435 1200 1199
f 1392 1199 1200
f 1113 678 693
f 693 1444 1113
f 1444 1432 1113
f 1432 1444 1434
f 1436 1432 1434
f 1432 1436 1114
f 1435 1114 1436
f 1435 1436 1452
f 1034 1435 1452
f 1435 1034 1497
f 1200 1435 1497
f 1444 693 232
f 233 1444 232
f 1444 233 765
f 1451 1444 765
f 1444 1451 1434
f 1452 1434 1451
f 1434 1452 1436
f 233 768 765
f 771 765 768
f 765 771 1451
f 766 1451 771
f 1451 766 1452
f 766 1034 1452
f 1034 766 1449
f 1507 1034 1449
f 1034 1507 1497
f 768 233 289
f 288 768 289
f 768 288 1495
f 770 768 1495
f 768 770 771
f 1453 771 770
f 771 1453 766
f 1449 766 1453
f 1453 1450 1449
f 1450 1507 1449
f 233 722 289
f 372 289 722
f 289 372 288
f 372 286 288
f 804 288 286
f 288 804 1495
f 805 1495 804
f 1495 805 770
f 875 770 805
f 770 875 1453
f 1450 1453 875
f 286 372 371
f 370 286 371
f 286 370 684
f 684 795 286
f 286 795 804
f 794 804 795
f 804 794 805
f 794 875 805
f 1507 1473 1497
f 1167 1497 1473
f 1497 1167 1200
f 1502 1200 1167
f 1200 1502 1392
f 1503 1392 1502
f 1392 1503 1387
f 1531 1387 1503
f 1473 1168 1167
f 1176 1167 1168
f 1167 1176 1502
f 1175 1502 1176
f 1502 1175 1503
f 1175 1531 1503
f 1531 1175 1139
f 1139 1467 1531
f 1383 1531 1467
f 1467 1386 1383
f 1168 1473 1173
f 1173 1169 1168
f 1174 1168 1169
f 1168 1174 1176
f 1564 1176 1174
f 1176 1564 1175
f 1564 1139 1175
f 1139 1564 1374
f 1374 1138 1139
f 1467 1139 1138
f 1138 1385 1467
f 1386 1467 1385
f 1385 1388 1386
f 1169 1173 1431
f 1431 1484 1169
f 1108 1169 1484
f 1169 1108 1174
f 1370 1174 1108
f 1174 1370 1564
f 1557 1564 1370
f 1564 1557 1374
f 1173 1157 1431
f 1157 1427 1431
f 1484 1431 1427
f 1486 1484 1427
f 1563 1484 1486
f 1375 1484 1563
f 1108 1484 1375
f 1108 1375 1565
f 1108 1565 1370
f 1565 1557 1370
f 1427 1157 1318
f 1207 1427 1318
f 1427 1207 1480
f 1486 1427 1480
f 1480 1483 1486
f 1563 1486 1483
f 1563 1483 1364
f 1375 1563 1364
f 1364 1371 1375
f 1565 1375 1371
f 1207 1318 1204
f 1202 1207 1204
f 1202 1347 1207
f 1480 1207 1347
f 1347 1483 1480
f 1347 1377 1483
f 1364 1483 1377
f 1377 1373 1364
f 1373 1371 1364
f 1508 1371 1373
f 1508 1311 1371
f 1565 1371 1311
f 1314 1202 1204
f 874 1202 1314
f 1494 1202 874
f 1376 1202 1494
f 1347 1202 1376
f 1366 1347 1376
f 1347 1366 1367
f 1377 1347 1367
f 1463 874 1314
f 874 1463 1405
f 1405 1494 874
f 1494 1405 1477
f 1477 1425 1494
f 1366 1494 1425
f 1494 1366 1376
f 1405 1424 1477
f 1406 1477 1424
f 1477 1406 1407
f 1425 1477 1407
f 1478 1425 1407
f 1478 1411 1425
f 1491 1425 1411
f 1425 1491 1366
f 1112 1366 1491
f 1366 1112 1367
f 1447 1407 1406
f 1407 1447 1478
f 1430 1478 1447
f 1478 1430 1410
f 1411 1478 1410
f 1413 1411 1410
f 1413 1479 1411
f 1104 1411 1479
f 1411 1104 1491
f 1110 1491 1104
f 1491 1110 1112
f 1412 1410 1430
f 1410 1412 1413
f 1408 1413 1412
f 1413 1408 1409
f 1479 1413 1409
f 1409 1315 1479
f 1115 1479 1315
f 1479 1115 1104
f 1084 1104 1115
f 1104 1084 1110
f 1084 1145 1110
f 1145 1112 1110
f 1412 1316 1408
f 1316 1429 1408
f 1429 1409 1408
f 1409 1429 1426
f 1315 1409 1426
f 1426 1482 1315
f 1067 1315 1482
f 1315 1067 1115
f 1085 1115 1067
f 1115 1085 1084
f 1429 1316 413
f 413 1433 1429
f 1433 1426 1429
f 1426 1433 1445
f 1482 1426 1445
f 1445 1481 1482
f 1082 1482 1481
f 1482 1082 1067
f 1086 1067 1082
f 1067 1086 1085
f 1433 413 410
f 410 1312 1433
f 1312 1445 1433
f 1445 1312 1313
f 1481 1445 1313
f 1313 1102 1481
f 138 1481 1102
f 1481 138 1082
f 137 1082 138
f 1082 137 1086
f 413 487 410
f 487 537 410
f 1312 410 537
f 528 1312 537
f 1312 528 181
f 181 1313 1312
f 1313 181 1109
f 1102 1313 1109
f 1109 1101 1102
f 111 1102 1101
f 1102 111 138
f 537 487 485
f 528 537 485
f 528 485 668
f 668 481 528
f 528 481 482
f 892 528 482
f 528 892 181
f 181 892 179
f 179 1109 181
f 486 485 487
f 485 486 409
f 409 407 485
f 730 485 407
f 668 485 730
f 730 481 668
f 406 481 730
f 481 406 482
f 406 403 482
f 893 482 403
f 482 893 892
f 531 409 486
f 409 531 484
f 407 409 484
f 484 3084 407
f 407 3084 729
f 407 729 529
f 529 730 407
f 730 529 406
f 408 406 529
f 406 408 405
f 403 406 405
f 2952 484 531
f 484 2952 2953
f 3084 484 2953
f 2361 3084 2953
f 3084 2361 3043
f 3043 2465 3084
f 3084 2465 2954
f 3084 2954 729
f 2952 2361 2953
f 2361 2952 2360
f 2360 2415 2361
f 2415 3043 2361
f 3043 2415 2393
f 2416 3043 2393
f 2416 2395 3043
f 3043 2395 2465
f 2356 2465 2395
f 2465 2356 2394
f 2394 2954 2465
f 2954 2394 2460
f 530 2954 2460
f 2954 530 729
f 3013 2416 2393
f 2416 3013 2462
f 2420 2416 2462
f 2395 2416 2420
f 2420 2356 2395
f 2356 2420 2421
f 2464 2356 2421
f 2356 2464 2394
f 3066 2394 2464
f 2394 3066 2460
f 3066 530 2460
f 3012 3013 2393
f 3013 3012 2462
f 3012 3065 2462
f 2462 3065 2420
f 2461 2420 3065
f 2420 2461 2421
f 2994 2421 2461
f 2421 2994 2996
f 2996 3011 2421
f 2464 2421 3011
f 3012 2393 2384
f 3378 3012 2384
f 3012 3378 3038
f 3023 3012 3038
f 3012 3023 3065
f 3020 3065 3023
f 3065 3020 2461
f 3069 2461 3020
f 2461 3069 2994
f 3377 3038 3378
f 3038 3377 3358
f 3358 3039 3038
f 3038 3039 3023
f 3040 3023 3039
f 3023 3040 3020
f 3040 3024 3020
f 3069 3020 3024
f 3378 3529 3377
f 3529 3349 3377
f 3304 3377 3349
f 3377 3304 3358
f 3360 3358 3304
f 3358 3360 3359
f 3039 3358 3359
f 3359 3040 3039
f 3040 3359 3307
f 3307 3024 3040
f 3529 3378 3415
f 3415 3414 3529
f 3414 3197 3529
f 3349 3529 3197
f 3197 3259 3349
f 3246 3349 3259
f 3349 3246 3304
f 3247 3304 3246
f 3304 3247 3360
f 3247 3037 3360
f 3037 3305 3360
f 3305 3359 3360
f 3359 3305 3307
f 3197 3414 3388
f 3388 3261 3197
f 3259 3197 3261
f 3261 3264 3259
f 3265 3259 3264
f 3259 3265 3246
f 3248 3246 3265
f 3246 3248 3247
f 3266 3247 3248
f 3247 3266 3249
f 3037 3247 3249
f 3261 3388 3271
f 3271 3267 3261
f 3264 3261 3267
f 3267 3302 3264
f 3303 3264 3302
f 3264 3303 3265
f 3299 3265 3303
f 3265 3299 3248
f 3182 3248 3299
f 3248 3182 3266
f 3267 3271 3268
f 3268 3286 3267
f 3302 3267 3286
f 3286 3284 3302
f 3288 3302 3284
f 3302 3288 3303
f 3285 3303 3288
f 3303 3285 3299
f 3269 3299 3285
f 3299 3269 3182
f 3272 3268 3271
f 3268 3272 3270
f 3295 3268 3270
f 3268 3295 3294
f 3286 3268 3294
f 3294 3313 3286
f 3284 3286 3313
f 3195 3270 3272
f 3270 3195 3273
f 3273 3295 3270
f 3295 3273 3296
f 3295 3296 3297
f 3297 3294 3295
f 3294 3297 3315
f 3294 3315 3314
f 3313 3294 3314
f 3198 3273 3195
f 3273 3198 3208
f 3208 3296 3273
f 3296 3208 3206
f 3206 3192 3296
f 3192 3297 3296
f 3192 3290 3297
f 3297 3290 3335
f 3311 3297 3335
f 3297 3311 3315
f 3311 3314 3315
f 3198 3196 3208
f 3196 3209 3208
f 3206 3208 3209
f 3194 3206 3209
f 3194 3187 3206
f 3192 3206 3187
f 3217 3192 3187
f 3333 3192 3217
f 3192 3333 3290
f 3333 3335 3290
f 3334 3335 3333
f 3335 3334 3311
f 3209 3196 3351
f 3207 3209 3351
f 3209 3207 3233
f 3194 3209 3233
f 3194 3233 3216
f 3217 3194 3216
f 3194 3217 3187
f 3196 3202 3351
f 3202 3350 3351
f 3352 3351 3350
f 3352 3207 3351
f 3232 3207 3352
f 3207 3232 3216
f 3233 3207 3216
f 3352 3350 3193
f 3232 3352 3193
f 3298 3232 3193
f 3298 3204 3232
f 3204 3216 3232
f 3204 3217 3216
f 3204 3333 3217
f 3333 3204 3218
f 3342 3333 3218
f 3333 3342 3334
f 3342 3340 3334
f 3340 3311 3334
f 3311 3340 3291
f 3314 3311 3291
f 3204 3212 3218
f 3341 3218 3212
f 3218 3341 3342
f 3341 3339 3342
f 3340 3342 3339
f 3339 3336 3340
f 3336 3309 3340
f 3309 3291 3340
f 3291 3309 3314
f 3309 3313 3314
f 3229 3341 3212
f 3341 3229 3323
f 3323 3337 3341
f 3339 3341 3337
f 3337 3587 3339
f 3336 3339 3587
f 3229 3332 3323
f 3325 3323 3332
f 3323 3325 3338
f 3337 3323 3338
f 3338 3597 3337
f 3587 3337 3597
f 3597 3593 3587
f 3344 3587 3593
f 3587 3344 3336
f 3332 3229 3319
f 3319 3775 3332
f 3764 3332 3775
f 3332 3764 3325
f 3490 3325 3764
f 3325 3490 3326
f 3326 3338 3325
f 3338 3326 3446
f 3597 3338 3446
f 3446 3793 3597
f 3593 3597 3793
f 3775 3319 3466
f 3466 3766 3775
f 3776 3775 3766
f 3775 3776 3764
f 3613 3764 3776
f 3764 3613 3490
f 3806 3490 3613
f 3490 3806 3470
f 3470 3326 3490
f 3326 3470 3293
f 4082 3326 3293
f 3326 4082 3446
f 4082 3792 3446
f 3793 3446 3792
f 3792 3965 3793
f 3328 3793 3965
f 3793 3328 3593
f 3469 3470 3806
f 3470 3469 3476
f 3476 3293 3470
f 3293 3476 3310
f 3310 4082 3293
f 4082 3310 3962
f 3962 3997 4082
f 3792 4082 3997
f 3997 3964 3792
f 3965 3792 3964
f 3623 3476 3469
f 3476 3623 3625
f 3625 3310 3476
f 3310 3625 3327
f 3327 3962 3310
f 3962 3327 3809
f 3809 3968 3962
f 3997 3962 3968
f 3968 3448 3997
f 3964 3997 3448
f 3705 3625 3623
f 3625 3705 3620
f 3620 3327 3625
f 3327 3620 3320
f 3320 3809 3327
f 3809 3320 3991
f 3991 3762 3809
f 3968 3809 3762
f 3762 3480 3968
f 3448 3968 3480
f 3623 3486 3705
f 3959 3705 3486
f 3705 3959 3617
f 3617 3620 3705
f 3620 3617 3698
f 3698 3320 3620
f 3320 3698 3969
f 3991 3320 3969
f 3969 4004 3991
f 3762 3991 4004
f 4004 3488 3762
f 3480 3762 3488
f 3960 3617 3959
f 3617 3960 3699
f 3699 3698 3617
f 3698 3699 3971
f 3970 3698 3971
f 3698 3970 3969
f 3970 3994 3969
f 4004 3969 3994
f 3994 4047 4004
f 3488 4004 4047
f 3960 3624 3699
f 3624 3971 3699
f 3971 3624 3966
f 4083 3971 3966
f 3971 4083 3970
f 3905 3970 4083
f 3970 3905 3902
f 3994 3970 3902
f 3624 3960 3614
f 3614 3621 3624
f 4003 3624 3621
f 3624 4003 3966
f 3967 3966 4003
f 3966 3967 4083
f 3967 3905 4083
f 3905 3967 3438
f 3438 3899 3905
f 3899 3902 3905
f 3902 3899 3906
f 3906 3994 3902
f 3621 3614 3487
f 3487 3432 3621
f 3420 3621 3432
f 3621 3420 4003
f 3420 3437 4003
f 3437 3967 4003
f 3967 3437 3429
f 3429 3438 3967
f 3432 3487 3424
f 3424 3618 3432
f 3615 3432 3618
f 3432 3615 3420
f 3425 3420 3615
f 3420 3425 3447
f 3437 3420 3447
f 3435 3437 3447
f 3429 3437 3435
f 3618 3594 3615
f 3579 3615 3594
f 3615 3579 3425
f 3580 3425 3579
f 3425 3580 3443
f 3443 3447 3425
f 3447 3443 3431
f 3435 3447 3431
f 3433 3435 3431
f 3435 3433 3429
f 3594 3618 3612
f 3612 3595 3594
f 3725 3594 3595
f 3594 3725 3579
f 3726 3579 3725
f 3579 3726 3580
f 3973 3580 3726
f 3580 3973 3586
f 3586 3443 3580
f 3443 3586 3449
f 3431 3443 3449
f 3595 3612 3445
f 3595 3445 2238
f 2238 3728 3595
f 3595 3728 3725
f 3730 3725 3728
f 3725 3730 3726
f 4084 3726 3730
f 3726 4084 3973
f 4084 3974 3973
f 3974 3586 3973
f 2237 2238 3445
f 2013 2238 2237
f 2013 3728 2238
f 3974 4084 3972
f 2781 3974 3972
f 3974 2781 2782
f 3459 3974 2782
f 3974 3459 3457
f 3586 3974 3457
f 3434 3586 3457
f 3586 3434 3449
f 2749 2781 3972
f 2781 2749 3175
f 3175 3121 2781
f 4305 2781 3121
f 2781 4305 2782
f 4346 2782 4305
f 2782 4346 3459
f 2749 2799 3175
f 2797 3175 2799
f 3175 2797 4307
f 3121 3175 4307
f 4307 4314 3121
f 3121 4314 4305
f 2799 2749 2798
f 2798 2902 2799
f 2792 2799 2902
f 2799 2792 2797
f 2792 4323 2797
f 4301 2797 4323
f 2797 4301 4307
f 4301 4306 4307
f 4306 4313 4307
f 4314 4307 4313
f 2902 2798 2903
f 2903 3173 2902
f 2902 3173 2906
f 3167 2902 2906
f 2902 3167 2792
f 2792 3167 4320
f 4320 4321 2792
f 4323 2792 4321
f 4321 4322 4323
f 4322 4301 4323
f 4301 4322 4324
f 4306 4301 4324
f 3582 2906 3173
f 2906 3582 3174
f 3174 3167 2906
f 3167 3174 3169
f 3092 3167 3169
f 3167 3092 4320
f 3092 4315 4320
f 4315 4450 4320
f 4450 4321 4320
f 4321 4450 4312
f 4322 4321 4312
f 3582 3170 3174
f 3170 3169 3174
f 3169 3170 3115
f 3169 3115 3092
f 3115 4159 3092
f 3092 4159 4315
f 4157 4315 4159
f 4315 4157 4318
f 4450 4315 4318
f 7480 4450 4318
f 4450 7480 7481
f 7476 4450 7481
f 4450 7476 4312
f 7476 4322 4312
f 3115 4344 4159
f 4344 4157 4159
f 4157 4344 4343
f 7132 4157 4343
f 4157 7132 7486
f 7480 4157 7486
f 4157 7480 4318
f 4160 4343 4344
f 4343 4160 4158
f 4158 7132 4343
f 7132 4158 7131
f 7486 7132 7131
f 7183 7486 7131
f 7486 7183 7315
f 7315 7481 7486
f 7481 7480 7486
f 4345 4158 4160
f 4158 4345 4431
f 7133 4158 4431
f 4158 7133 7131
f 7131 7133 7487
f 7362 7131 7487
f 7131 7362 7183
f 7362 7346 7183
f 7317 7183 7346
f 7183 7317 7315
f 4345 4153 4431
f 4153 7133 4431
f 7133 4153 7487
f 4153 7491 7487
f 7487 7491 7482
f 5043 7487 7482
f 7487 5043 7163
f 7163 7362 7487
f 4153 4345 4155
f 4433 4153 4155
f 4153 4433 4432
f 7491 4153 4432
f 4156 7491 4432
f 7491 4156 7482
f 4156 7484 7482
f 7482 7484 7483
f 5051 7482 7483
f 7482 5051 5043
f 4433 4156 4432
f 729 408 529
f 408 729 530
f 483 408 530
f 408 483 405
f 483 527 405
f 402 405 527
f 733 405 402
f 405 733 403
f 530 3066 483
f 3066 404 483
f 731 483 404
f 483 731 527
f 401 527 731
f 527 401 402
f 401 733 402
f 733 401 681
f 881 733 681
f 733 881 902
f 902 403 733
f 403 902 893
f 404 3066 2995
f 2995 732 404
f 480 404 732
f 404 480 731
f 526 731 480
f 731 526 401
f 737 401 526
f 401 737 681
f 3066 3014 2995
f 2993 2995 3014
f 2995 2993 2991
f 732 2995 2991
f 2998 732 2991
f 732 2998 479
f 479 480 732
f 480 479 526
f 3014 3066 2464
f 2464 2989 3014
f 3015 3014 2989
f 3014 3015 2993
f 3015 3000 2993
f 2998 2993 3000
f 2993 2998 2991
f 2989 2464 3011
f 3011 2997 2989
f 2990 2989 2997
f 2989 2990 3015
f 3000 3015 2990
f 2905 3000 2990
f 3000 2905 3001
f 3001 2998 3000
f 2998 3001 2999
f 399 2998 2999
f 2998 399 479
f 2997 3011 2996
f 2994 2997 2996
f 2997 2994 2992
f 3009 2997 2992
f 2997 3009 2990
f 3009 3016 2990
f 3016 2905 2990
f 2750 2905 3016
f 2905 2750 2904
f 2904 3001 2905
f 2994 3026 2992
f 2992 3026 3042
f 3019 2992 3042
f 2992 3019 3009
f 3021 3009 3019
f 3009 3021 2985
f 3016 3009 2985
f 3026 2994 3069
f 3069 3068 3026
f 3068 3042 3026
f 3042 3068 3041
f 3041 3240 3042
f 3240 3025 3042
f 3042 3025 3019
f 3025 3021 3019
f 3237 3068 3069
f 3068 3237 3279
f 3279 3041 3068
f 3041 3279 3254
f 3240 3041 3254
f 3024 3237 3069
f 3237 3024 3236
f 3253 3237 3236
f 3237 3253 3239
f 3276 3237 3239
f 3237 3276 3279
f 3238 3279 3276
f 3279 3238 3254
f 3238 3240 3254
f 3024 3307 3236
f 3307 3253 3236
f 3253 3307 3305
f 3305 3239 3253
f 3239 3305 3037
f 3037 3263 3239
f 3263 3275 3239
f 3275 3276 3239
f 3275 3238 3276
f 3238 3275 3252
f 3240 3238 3252
f 3255 3240 3252
f 3240 3255 3274
f 3025 3240 3274
f 3263 3037 3249
f 3249 3361 3263
f 3282 3263 3361
f 3263 3282 3283
f 3275 3263 3283
f 3280 3275 3283
f 3275 3280 3252
f 3280 3277 3252
f 3277 3255 3252
f 3361 3249 3266
f 3266 3190 3361
f 3191 3361 3190
f 3361 3191 3282
f 3356 3282 3191
f 3282 3356 3281
f 3281 3283 3282
f 3283 3281 3280
f 3250 3280 3281
f 3280 3250 3262
f 3277 3280 3262
f 3190 3266 3182
f 3182 3221 3190
f 3188 3190 3221
f 3190 3188 3191
f 3220 3191 3188
f 3191 3220 3356
f 3231 3356 3220
f 3356 3231 3226
f 3226 3281 3356
f 3281 3226 3250
f 3221 3182 3184
f 3184 3222 3221
f 3219 3221 3222
f 3221 3219 3188
f 3230 3188 3219
f 3188 3230 3220
f 3213 3220 3230
f 3220 3213 3231
f 3213 3227 3231
f 3227 3226 3231
f 3184 3182 3269
f 3189 3184 3269
f 3184 3189 3224
f 3222 3184 3224
f 3224 3225 3222
f 3225 3219 3222
f 3219 3225 3235
f 3228 3219 3235
f 3219 3228 3230
f 3211 3230 3228
f 3230 3211 3213
f 3269 3183 3189
f 3183 3223 3189
f 3223 3224 3189
f 3225 3224 3223
f 3223 3732 3225
f 3729 3225 3732
f 3225 3729 3235
f 3731 3235 3729
f 3235 3731 3228
f 3727 3228 3731
f 3228 3727 3211
f 3183 3269 3285
f 3288 3183 3285
f 3288 3185 3183
f 3185 3181 3183
f 3223 3183 3181
f 3353 3223 3181
f 3223 3353 3592
f 3732 3223 3592
f 3288 3292 3185
f 3186 3185 3292
f 3185 3186 3181
f 3328 3181 3186
f 3181 3328 3353
f 3965 3353 3328
f 3353 3965 3963
f 4050 3353 3963
f 3353 4050 3592
f 4050 3732 3592
f 3284 3292 3288
f 3292 3284 3312
f 3344 3292 3312
f 3292 3344 3186
f 3593 3186 3344
f 3186 3593 3328
f 3308 3312 3284
f 3312 3308 3344
f 3308 3336 3344
f 3336 3308 3287
f 3287 3289 3336
f 3309 3336 3289
f 3313 3309 3289
f 3284 3287 3308
f 3287 3284 3313
f 3289 3287 3313
f 1508 1373 1377
f 1508 1377 1363
f 1508 1363 1562
f 1311 1508 1562
f 1311 1562 1509
f 1509 1357 1311
f 1357 1565 1311
f 1363 1377 1367
f 1367 1146 1363
f 1363 1146 1509
f 1509 1562 1363
f 1146 1367 1112
f 1112 1145 1146
f 1145 1149 1146
f 1509 1146 1149
f 1509 1149 1165
f 1357 1509 1165
f 1357 1165 1187
f 1050 1357 1187
f 1195 1357 1050
f 1357 1195 1365
f 1565 1357 1365
f 1557 1565 1365
f 1152 1149 1145
f 1149 1152 1151
f 1141 1149 1151
f 1149 1141 1187
f 1149 1187 1165
f 1145 1084 1152
f 1084 1147 1152
f 1148 1152 1147
f 1152 1148 1153
f 1152 1153 1151
f 1153 1141 1151
f 1141 1153 1140
f 1180 1141 1140
f 1141 1180 1050
f 1187 1141 1050
f 1147 1084 1085
f 1085 1144 1147
f 1166 1147 1144
f 1147 1166 1148
f 1166 1131 1148
f 1143 1148 1131
f 1142 1148 1143
f 1148 1142 1153
f 1140 1153 1142
f 1142 1180 1140
f 1144 1085 1086
f 1086 1150 1144
f 1162 1144 1150
f 1144 1162 1166
f 1163 1166 1162
f 1166 1163 1164
f 1133 1166 1164
f 1131 1166 1133
f 1133 1188 1131
f 1131 1188 1143
f 1188 1142 1143
f 1142 1188 1180
f 1150 1086 137
f 137 1107 1150
f 1161 1150 1107
f 1150 1161 1162
f 1162 1161 1063
f 1162 1063 1054
f 1162 1054 1163
f 1048 1163 1054
f 1194 1163 1048
f 1163 1194 1164
f 1164 1194 1133
f 1188 1133 1194
f 1107 137 139
f 139 1023 1107
f 113 1107 1023
f 1107 113 1161
f 113 1063 1161
f 1063 113 1049
f 1569 1063 1049
f 1063 1569 1323
f 1054 1063 1323
f 1054 1323 1048
f 138 139 137
f 139 138 111
f 111 110 139
f 1023 139 110
f 110 1022 1023
f 1051 1023 1022
f 1023 1051 1052
f 1052 113 1023
f 1049 113 1052
f 1052 1053 1049
f 1569 1049 1053
f 110 111 112
f 112 612 110
f 1022 110 612
f 612 1330 1022
f 1329 1022 1330
f 1022 1329 1051
f 1372 1051 1329
f 1051 1372 1333
f 1333 1052 1051
f 1052 1333 1053
f 111 901 112
f 901 1064 112
f 612 112 1064
f 1064 1087 612
f 1330 612 1087
f 1087 1111 1330
f 1455 1330 1111
f 1330 1455 1329
f 1555 1329 1455
f 1329 1555 1372
f 901 111 1101
f 901 1101 1154
f 1154 1017 901
f 1064 901 1017
f 1018 1064 1017
f 1064 1018 1089
f 1087 1064 1089
f 1089 615 1087
f 1111 1087 615
f 1097 1154 1101
f 1154 1097 1100
f 1100 1029 1154
f 1017 1154 1029
f 1029 1015 1017
f 1015 1016 1017
f 1018 1017 1016
f 1101 1109 1097
f 1109 179 1097
f 180 1097 179
f 1097 180 1100
f 891 1100 180
f 1100 891 1027
f 1029 1100 1027
f 1015 1029 1027
f 892 180 179
f 180 892 893
f 180 893 891
f 902 891 893
f 1015 891 902
f 891 1015 1027
f 878 1015 902
f 1015 878 1012
f 1016 1015 1012
f 1012 1025 1016
f 1025 1018 1016
f 902 881 878
f 880 878 881
f 878 880 879
f 879 1012 878
f 1012 879 1332
f 1025 1012 1332
f 1026 1025 1332
f 1025 1026 1331
f 1018 1025 1331
f 1103 1018 1331
f 1018 1103 1089
f 681 880 881
f 681 150 880
f 880 150 151
f 151 1026 880
f 1026 879 880
f 879 1026 1332
f 150 681 737
f 737 148 150
f 148 151 150
f 151 148 149
f 149 1006 151
f 1026 151 1006
f 1009 1026 1006
f 1026 1009 1331
f 1011 1331 1009
f 1011 1103 1331
f 148 737 394
f 394 887 148
f 148 887 152
f 152 1088 148
f 1088 149 148
f 149 1088 1099
f 1006 149 1099
f 1090 1006 1099
f 1006 1090 1009
f 737 478 394
f 478 393 394
f 887 394 393
f 393 155 887
f 887 155 888
f 888 1028 887
f 1028 152 887
f 152 1028 1098
f 1088 152 1098
f 478 737 526
f 478 526 400
f 400 525 478
f 691 478 525
f 393 478 691
f 691 476 393
f 155 393 476
f 476 876 155
f 876 888 155
f 479 400 526
f 400 479 399
f 399 734 400
f 525 400 734
f 734 398 525
f 398 735 525
f 735 691 525
f 691 735 524
f 476 691 524
f 524 688 476
f 876 476 688
f 734 399 679
f 398 734 679
f 679 2761 398
f 2761 397 398
f 735 398 397
f 397 523 735
f 396 735 523
f 735 396 524
f 688 524 396
f 2999 679 399
f 679 2999 2963
f 2761 679 2963
f 2793 2761 2963
f 2761 2793 2746
f 2760 2761 2746
f 2761 2760 3017
f 397 2761 3017
f 2999 2793 2963
f 2793 2999 3001
f 3001 2904 2793
f 2904 2746 2793
f 2746 2904 2750
f 2747 2746 2750
f 2746 2747 2760
f 2762 2760 2747
f 2760 2762 2683
f 2760 2683 2681
f 2681 3017 2760
f 3017 2681 2054
f 395 3017 2054
f 3017 395 397
f 2745 2747 2750
f 2747 2745 3018
f 2682 2747 3018
f 2747 2682 2762
f 2682 2683 2762
f 2683 2682 2988
f 2987 2683 2988
f 2683 2987 2681
f 2843 2681 2987
f 2681 2843 2054
f 2843 395 2054
f 2745 2750 3016
f 3016 2986 2745
f 3064 2745 2986
f 2745 3064 3018
f 3010 3018 3064
f 3018 3010 2682
f 7360 2682 3010
f 2682 7360 7427
f 7427 7440 2682
f 7440 2988 2682
f 2986 3016 2985
f 2985 3003 2986
f 2208 2986 3003
f 2986 2208 3064
f 2696 3064 2208
f 3064 2696 3010
f 5230 3010 2696
f 3010 5230 7360
f 5132 7360 5230
f 7360 5132 7328
f 7328 7427 7360
f 3003 2985 3021
f 3021 3002 3003
f 3002 3242 3003
f 3242 2704 3003
f 3003 2704 2208
f 2704 2696 2208
f 2696 2704 2703
f 2703 3032 2696
f 3032 5133 2696
f 2696 5133 5230
f 3300 3002 3021
f 3002 3300 3355
f 3242 3002 3355
f 3306 3242 3355
f 3242 3306 3243
f 2949 3242 3243
f 3242 2949 3031
f 2704 3242 3031
f 3031 2703 2704
f 3022 3300 3021
f 3300 3022 3357
f 3301 3300 3357
f 3300 3301 3354
f 3306 3300 3354
f 3300 3306 3355
f 3021 3025 3022
f 3274 3022 3025
f 3022 3274 3357
f 3274 3301 3357
f 3301 3274 3255
f 3255 3354 3301
f 3354 3255 3277
f 3262 3354 3277
f 3354 3262 3244
f 3244 3243 3354
f 3243 3306 3354
f 3262 3245 3244
f 3245 3241 3244
f 3243 3244 3241
f 3241 3035 3243
f 3035 2949 3243
f 3036 2949 3035
f 2949 3036 3033
f 3033 3031 2949
f 3245 3262 3250
f 3250 3205 3245
f 3205 2948 3245
f 3241 3245 2948
f 2948 2918 3241
f 3035 3241 2918
f 2915 3035 2918
f 3035 2915 3036
f 3205 3250 3226
f 3226 3227 3205
f 3227 3260 3205
f 2948 3205 3260
f 3260 2917 2948
f 2918 2948 2917
f 2917 2915 2918
f 2915 2917 3143
f 7496 2915 3143
f 2915 7496 7166
f 7535 2915 7166
f 2915 7535 3036
f 3260 3227 3258
f 3177 3260 3258
f 3260 3177 2775
f 2917 3260 2775
f 2776 2917 2775
f 2917 2776 3143
f 2776 2916 3143
f 3141 3143 2916
f 3143 3141 7496
f 3227 3251 3258
f 3258 3251 2058
f 2774 3258 2058
f 2774 3177 3258
f 2780 3177 2774
f 3177 2780 2779
f 2776 3177 2779
f 3177 2776 2775
f 3251 3227 3214
f 3214 3278 3251
f 2055 3251 3278
f 2055 2058 3251
f 2062 2058 2055
f 2062 2748 2058
f 2774 2058 2748
f 2748 2780 2774
f 3227 3213 3214
f 3213 3234 3214
f 3278 3214 3234
f 2101 3278 3234
f 3178 3278 2101
f 3278 3178 2063
f 2063 2055 3278
f 2055 2063 2062
f 2061 2062 2063
f 2061 2059 2062
f 2062 2059 2748
f 3234 3213 3211
f 3211 3733 3234
f 3733 2101 3234
f 2101 3733 2060
f 2060 3178 2101
f 3178 2060 3180
f 3180 2064 3178
f 2061 3178 2064
f 3178 2061 2063
f 3733 3211 3727
f 3727 4060 3733
f 2060 3733 4060
f 4051 2060 4060
f 2060 4051 3180
f 4051 2099 3180
f 2099 2064 3180
f 2064 2099 2098
f 2098 2061 2064
f 2061 2098 2100
f 2059 2061 2100
f 4060 3727 4059
f 3982 4060 4059
f 4060 3982 4052
f 4052 4051 4060
f 4051 4052 4055
f 4055 3179 4051
f 2099 4051 3179
f 3731 4059 3727
f 4059 3731 4062
f 4062 3982 4059
f 3982 4062 3979
f 3979 3978 3982
f 3985 3982 3978
f 3982 3985 4052
f 3896 4052 3985
f 4052 3896 4055
f 3729 4062 3731
f 4062 3729 4053
f 4053 3979 4062
f 3979 4053 3983
f 3983 3984 3979
f 3978 3979 3984
f 3984 4017 3978
f 3893 3978 4017
f 3978 3893 3985
f 4087 3985 3893
f 3985 4087 3896
f 3732 4053 3729
f 4053 3732 4058
f 4086 4053 4058
f 4053 4086 3983
f 3975 3983 4086
f 3983 3975 3980
f 3984 3983 3980
f 3980 4040 3984
f 4017 3984 4040
f 3732 4050 4058
f 4063 4058 4050
f 4058 4063 4086
f 3981 4086 4063
f 4086 3981 3975
f 3976 3975 3981
f 3975 3976 4044
f 4044 3980 3975
f 3980 4044 4019
f 4040 3980 4019
f 4050 4081 4063
f 4046 4063 4081
f 4063 4046 3981
f 4056 3981 4046
f 3981 4056 3976
f 4057 3976 4056
f 3976 4057 4015
f 4015 4044 3976
f 4044 4015 4022
f 4022 4019 4044
f 4081 4050 3963
f 3965 4081 3963
f 4081 3965 3964
f 3977 4081 3964
f 4081 3977 4046
f 4005 4046 3977
f 4046 4005 4056
f 4011 4056 4005
f 4056 4011 4057
f 4090 4057 4011
f 4057 4090 4061
f 4061 4015 4057
f 4015 4061 4043
f 4043 4022 4015
f 3448 3977 3964
f 3977 3448 3987
f 3987 4005 3977
f 4005 3987 4085
f 4085 4011 4005
f 4011 4085 4016
f 4016 4090 4011
f 4090 4016 4012
f 4012 4007 4090
f 4007 4061 4090
f 4061 4007 4048
f 4048 4043 4061
f 3480 3987 3448
f 3987 3480 3908
f 3908 4085 3987
f 4085 3908 4045
f 4045 4016 4085
f 4016 4045 3863
f 3863 4012 4016
f 4012 3863 3868
f 3868 3866 4012
f 4007 4012 3866
f 3866 3869 4007
f 3869 4048 4007
f 3480 3907 3908
f 3903 3908 3907
f 3908 3903 4045
f 3903 3863 4045
f 3863 3903 4013
f 4013 3868 3863
f 3868 4013 3860
f 3860 3873 3868
f 3866 3868 3873
f 3873 3861 3866
f 3869 3866 3861
f 3907 3480 3488
f 3488 3900 3907
f 3825 3907 3900
f 3907 3825 3903
f 4091 3903 3825
f 3903 4091 4013
f 4091 3860 4013
f 3860 4091 3892
f 3892 4008 3860
f 3873 3860 4008
f 4008 4006 3873
f 3861 3873 4006
f 3900 3488 4047
f 4047 3897 3900
f 3829 3900 3897
f 3900 3829 3825
f 3830 3825 3829
f 3825 3830 4091
f 3891 4091 3830
f 4091 3891 3892
f 3889 3892 3891
f 3892 3889 3890
f 4008 3892 3890
f 3897 4047 3994
f 3994 3906 3897
f 4033 3897 3906
f 3897 4033 3829
f 4035 3829 4033
f 3829 4035 3830
f 4035 3891 3830
f 3891 4035 3958
f 3958 3889 3891
f 3889 3958 3885
f 3885 3737 3889
f 3737 3890 3889
f 3906 4037 4033
f 4037 4035 4033
f 4035 4037 3826
f 3826 3958 4035
f 3958 3826 3824
f 3824 3885 3958
f 3885 3824 3952
f 3886 3885 3952
f 3885 3886 3736
f 3737 3885 3736
f 4037 3906 3899
f 3894 4037 3899
f 4037 3894 4088
f 4088 3826 4037
f 3826 4088 3827
f 3827 3824 3826
f 3824 3827 4032
f 4032 3952 3824
f 3952 4032 3887
f 3954 3952 3887
f 3952 3954 3886
f 3899 3438 3894
f 3442 3894 3438
f 3894 3442 3904
f 3904 4088 3894
f 4088 3904 3895
f 3895 3827 4088
f 3827 3895 3988
f 3988 4032 3827
f 4032 3988 3986
f 4064 4032 3986
f 4032 4064 3887
f 3427 3442 3438
f 3442 3427 3423
f 3423 3444 3442
f 3444 3904 3442
f 3904 3444 3901
f 3901 3895 3904
f 3895 3901 3898
f 3898 3988 3895
f 3988 3898 4036
f 4036 3986 3988
f 3438 3429 3427
f 3427 3429 3426
f 3426 3423 3427
f 3430 3423 3426
f 3455 3423 3430
f 3455 3460 3423
f 3444 3423 3460
f 3433 3426 3429
f 3426 3433 3430
f 3428 3430 3433
f 3430 3428 3419
f 3455 3430 3419
f 3419 3418 3455
f 3418 3460 3455
f 3418 3347 3460
f 2057 3460 3347
f 3460 2057 3444
f 3433 3431 3428
f 3428 3431 3449
f 3419 3428 3449
f 3449 3417 3419
f 3417 3418 3419
f 3418 3417 3345
f 3418 3345 3201
f 3347 3418 3201
f 3347 3201 3348
f 2056 3347 3348
f 3347 2056 2057
f 3449 3434 3417
f 3417 3434 3436
f 3417 3436 3345
f 3436 3203 3345
f 3346 3345 3203
f 3201 3345 3346
f 3199 3201 3346
f 3201 3199 3348
f 3199 3122 3348
f 2103 3348 3122
f 3348 2103 2056
f 3457 3436 3434
f 3436 3457 3459
f 3456 3436 3459
f 3203 3436 3456
f 3203 3456 3458
f 3199 3203 3458
f 3199 3346 3203
f 3456 3459 3458
f 3458 3459 4346
f 4357 3458 4346
f 3458 4357 4317
f 4317 3199 3458
f 4317 3118 3199
f 3122 3199 3118
f 3118 3117 3122
f 3117 2103 3122
f 4346 4316 4357
f 4356 4357 4316
f 4357 4356 4317
f 4356 3118 4317
f 3118 4356 3120
f 3117 3118 3120
f 4316 4346 4347
f 4347 7477 4316
f 7477 4356 4316
f 4356 7477 7474
f 7474 3120 4356
f 3120 7474 7494
f 7494 3117 3120
f 4309 4347 4346
f 4347 4309 4308
f 7478 4347 4308
f 4347 7478 7479
f 7477 4347 7479
f 7474 7477 7479
f 7474 7479 7495
f 7496 7474 7495
f 7474 7496 7494
f 4305 4309 4346
f 4305 4308 4309
f 4308 4305 4311
f 7124 4308 4311
f 4308 7124 7478
f 7124 7479 7478
f 7361 7479 7124
f 7479 7361 7495
f 7361 7170 7495
f 7166 7495 7170
f 7495 7166 7496
f 4314 4311 4305
f 4313 4311 4314
f 4311 4313 4303
f 7123 4311 4303
f 4311 7123 7124
f 7124 7123 7125
f 7176 7124 7125
f 7124 7176 7361
f 7176 7316 7361
f 7170 7361 7316
f 4313 4306 4303
f 4306 7123 4303
f 7123 4306 7125
f 4306 7134 7125
f 7125 7134 7475
f 7325 7125 7475
f 7125 7325 7176
f 7325 7188 7176
f 7316 7176 7188
f 7188 7502 7316
f 10245 7316 7502
f 7316 10245 7170
f 7134 4306 4324
f 4322 7134 4324
f 7134 4322 7475
f 4322 7476 7475
f 7475 7476 7481
f 7326 7475 7481
f 7475 7326 7325
f 7326 7190 7325
f 7188 7325 7190
f 7190 7571 7188
f 7502 7188 7571
f 7481 7315 7326
f 7317 7326 7315
f 7189 7326 7317
f 7326 7189 7318
f 7190 7326 7318
f 7318 7531 7190
f 7571 7190 7531
f 10258 7571 7531
f 7571 10258 7513
f 7571 7513 7502
f 7317 7347 7189
f 5119 7189 7347
f 7189 5119 7191
f 7318 7189 7191
f 7191 7547 7318
f 7531 7318 7547
f 7547 7543 7531
f 7543 7530 7531
f 7530 10258 7531
f 7347 7317 7346
f 7346 7555 7347
f 7555 5042 7347
f 5119 7347 5042
f 5042 7527 5119
f 7527 7191 5119
f 7191 7527 7509
f 7547 7191 7509
f 7529 7547 7509
f 7547 7529 7543
f 7529 7548 7543
f 7530 7543 7548
f 7555 7346 7160
f 7160 7556 7555
f 7163 7555 7556
f 7555 7163 7172
f 5042 7555 7172
f 7521 5042 7172
f 5042 7521 7510
f 7527 5042 7510
f 7346 7362 7160
f 7556 7160 7362
f 7362 7163 7556
f 5043 7172 7163
f 7172 5043 5091
f 7171 7172 5091
f 7172 7171 7521
f 7171 7130 7521
f 7537 7521 7130
f 7521 7537 7508
f 7521 7508 7510
f 5051 5091 5043
f 5091 5051 5050
f 5131 5091 5050
f 5091 5131 7171
f 5131 7540 7171
f 7130 7171 7540
f 7540 7526 7130
f 7526 7541 7130
f 7541 7537 7130
f 5129 5050 5051
f 5129 5131 5050
f 5131 5129 5130
f 7128 5131 5130
f 5131 7128 7557
f 7540 5131 7557
f 7557 7526 7540
f 7526 7557 7512
f 7512 7187 7526
f 7541 7526 7187
f 5127 5129 5051
f 5129 5127 7554
f 5049 5129 7554
f 5129 5049 5130
f 5049 7128 5130
f 5051 7488 5127
f 5127 7488 7485
f 7554 5127 7485
f 7485 7492 7554
f 7492 7169 7554
f 5049 7554 7169
f 7169 7174 5049
f 5052 5049 7174
f 7128 5049 5052
f 7488 5051 7483
f 7483 7490 7488
f 7490 7140 7488
f 7140 7489 7488
f 7485 7488 7489
f 7489 7492 7485
f 4108 7490 7483
f 7490 4108 7641
f 7140 7490 7641
f 7141 7140 7641
f 7140 7141 7139
f 7135 7140 7139
f 7140 7135 7137
f 7489 7140 7137
f 7484 4108 7483
f 4108 7484 4434
f 4133 4108 4434
f 4108 4133 7558
f 7141 4108 7558
f 4108 7141 7641
f 7484 4156 4434
f 4156 4133 4434
f 7558 3722 7141
f 7141 3722 3713
f 7139 7141 3713
f 3713 3139 7139
f 3139 7135 7139
f 7135 3139 7136
f 7136 7137 7135
f 7137 7136 7138
f 7493 7137 7138
f 7137 7493 7489
f 7492 7489 7493
f 3714 3713 3722
f 3605 3713 3714
f 3139 3713 3605
f 3095 3139 3605
f 3139 3095 7136
f 7136 3095 7707
f 7707 8786 7136
f 8786 7138 7136
f 3714 3722 3685
f 3714 3685 3609
f 3609 3605 3714
f 3094 3605 3609
f 3605 3094 3095
f 3696 3095 3094
f 3095 3696 7707
f 3697 7707 3696
f 7707 3697 7823
f 7707 7823 8786
f 3722 3710 3685
f 3711 3685 3710
f 3609 3685 3711
f 3093 3710 3722
f 3093 3723 3710
f 3711 3710 3723
f 7170 7535 7166
f 7535 7170 10245
f 10245 7534 7535
f 7534 10242 7535
f 10247 7535 10242
f 7535 10247 7559
f 7535 7559 3036
f 7559 3032 3036
f 3032 3033 3036
f 10244 7534 10245
f 7534 10244 10257
f 10257 7499 7534
f 7499 10242 7534
f 10242 7499 10246
f 10246 10247 10242
f 10247 10246 7560
f 10248 10247 7560
f 10247 10248 7559
f 3032 7559 10248
f 5133 3032 10248
f 10244 10245 7504
f 7503 10244 7504
f 10244 7503 10256
f 10256 10257 10244
f 10257 10256 7498
f 7499 10257 7498
f 5122 7499 7498
f 7499 5122 7553
f 7553 10246 7499
f 7502 7504 10245
f 7502 7501 7504
f 7501 7503 7504
f 7503 7501 7497
f 5135 7503 7497
f 7503 5135 5210
f 5210 10256 7503
f 10256 5210 5123
f 5122 10256 5123
f 10256 5122 7498
f 7501 7502 10243
f 10243 7497 7501
f 7497 10243 7500
f 5209 7497 7500
f 7497 5209 5135
f 5215 5135 5209
f 5135 5215 5210
f 5123 5210 5215
f 10243 7502 7513
f 7513 10258 10243
f 10258 7500 10243
f 7500 10258 7572
f 5211 7500 7572
f 7500 5211 5209
f 5209 5211 5199
f 5199 5215 5209
f 10258 7530 7572
f 7530 5211 7572
f 5211 7530 5208
f 5207 5211 5208
f 5211 5207 5199
f 5199 5207 5215
f 5215 5207 7352
f 5215 7352 7353
f 7349 5215 7353
f 5215 7349 5123
f 7530 5214 5208
f 5214 7327 5208
f 7356 5208 7327
f 5208 7356 5207
f 7356 7359 5207
f 5207 7359 7352
f 7359 7357 7352
f 7357 7353 7352
f 5214 7530 7548
f 7548 5212 5214
f 5212 5120 5214
f 7327 5214 5120
f 5120 7286 7327
f 7327 7286 7356
f 7286 7298 7356
f 7298 7288 7356
f 7359 7356 7288
f 7357 7359 7288
f 5212 7548 7544
f 7514 5212 7544
f 5212 7514 5200
f 5120 5212 5200
f 7407 5120 5200
f 7407 7406 5120
f 5120 7406 7286
f 7286 7406 7298
f 7548 7529 7544
f 7529 7514 7544
f 7514 7529 7509
f 7511 7514 7509
f 7514 7511 7528
f 5206 7514 7528
f 7514 5206 5200
f 5200 5206 5118
f 5200 5118 7407
f 5118 7401 7407
f 7401 7435 7407
f 7406 7407 7435
f 7527 7511 7509
f 7510 7511 7527
f 7511 7510 7538
f 7538 7528 7511
f 7528 7538 7546
f 5213 7528 7546
f 7528 5213 5206
f 7177 5206 5213
f 5206 7177 5118
f 7177 7401 5118
f 7401 7177 7434
f 7400 7401 7434
f 7401 7400 7435
f 7542 7538 7510
f 7538 7542 7546
f 7542 5213 7546
f 5213 7542 7177
f 7542 5128 7177
f 7177 5128 5045
f 7434 7177 5045
f 5045 7388 7434
f 7434 7388 7390
f 7390 7438 7434
f 7400 7434 7438
f 7508 7542 7510
f 7542 7508 5125
f 5128 7542 5125
f 5125 7179 5128
f 7185 5128 7179
f 5128 7185 5045
f 7185 5046 5045
f 7448 5045 5046
f 5045 7448 7388
f 7448 7390 7388
f 7537 5125 7508
f 5125 7537 7539
f 7179 5125 7539
f 7541 7179 7539
f 7179 7541 7185
f 7541 7184 7185
f 5046 7185 7184
f 5056 5046 7184
f 5046 5056 5048
f 7444 5046 5048
f 7444 7448 5046
f 7537 7541 7539
f 7184 7541 7187
f 7187 5056 7184
f 5056 7187 7522
f 7522 5048 5056
f 5048 7522 7127
f 7127 5054 5048
f 5204 5048 5054
f 5048 5204 7457
f 5048 7457 7444
f 7442 7444 7457
f 7444 7442 7448
f 7187 7512 7522
f 7512 7127 7522
f 7127 7512 7557
f 7128 7127 7557
f 7127 7128 7576
f 5054 7127 7576
f 7576 5047 5054
f 5047 5204 5054
f 5204 5047 5053
f 5053 7457 5204
f 7457 5053 7445
f 7466 7457 7445
f 7457 7466 7442
f 7525 7576 7128
f 7576 7525 7506
f 5047 7576 7506
f 7505 5047 7506
f 5047 7505 5053
f 7505 7186 5053
f 5055 5053 7186
f 5053 5055 7445
f 7549 7525 7128
f 7505 7525 7549
f 7525 7505 7506
f 5052 7549 7128
f 5052 7545 7549
f 7545 7516 7549
f 7516 7505 7549
f 7505 7516 7520
f 7186 7505 7520
f 7520 7551 7186
f 7551 5055 7186
f 5055 7551 7552
f 7447 5055 7552
f 5055 7447 7445
f 7545 5052 7174
f 7174 7175 7545
f 7545 7175 7161
f 7161 7129 7545
f 7129 7516 7545
f 7516 7129 7507
f 7507 7520 7516
f 7520 7507 7524
f 7551 7520 7524
f 7533 7551 7524
f 7551 7533 7552
f 7174 7173 7175
f 5044 7175 7173
f 7182 7175 5044
f 7175 7182 7162
f 7162 7161 7175
f 7161 7162 7167
f 7523 7161 7167
f 7161 7523 7129
f 7169 7173 7174
f 7169 5044 7173
f 7492 5044 7169
f 5044 7492 8788
f 8788 7830 5044
f 7182 5044 7830
f 7830 8789 7182
f 7165 7182 8789
f 7182 7165 7162
f 7167 7162 7165
f 7167 7165 7523
f 7492 7536 8788
f 7536 8785 8788
f 8788 8785 7828
f 7828 7830 8788
f 8787 7830 7828
f 8789 7830 8787
f 7164 8789 8787
f 7164 7168 8789
f 7168 7165 8789
f 7536 7492 7493
f 7138 7536 7493
f 7536 7138 7126
f 8785 7536 7126
f 7126 7825 8785
f 7824 8785 7825
f 8785 7824 7829
f 7829 7828 8785
f 7828 7829 7826
f 7826 8787 7828
f 7138 8786 7126
f 7825 7126 8786
f 8786 7823 7825
f 7823 8784 7825
f 8783 7825 8784
f 7825 8783 7824
f 7823 7705 8784
f 7822 8784 7705
f 8784 7822 8783
f 7705 7823 3697
f 3697 8781 7705
f 8782 7705 8781
f 7705 8782 7822
f 8781 3697 3695
f 7821 8782 8781
f 8782 7821 7708
f 7793 7708 7821
f 7708 7793 7703
f 7820 7703 7793
f 7703 7820 7792
f 7831 7792 7820
f 7792 7831 8790
f 7831 4342 8790
f 7832 8790 4342
f 8790 7832 7684
f 8787 7684 7832
f 7684 8787 7827
f 8787 7826 7827
f 4342 7831 4132
f 4132 4128 4342
f 5041 4342 4128
f 4342 5041 7832
f 5041 7168 7832
f 7164 7832 7168
f 7164 8787 7832
f 4128 4132 4349
f 4349 5239 4128
f 5239 5041 4128
f 5041 5239 5090
f 7180 5041 5090
f 5041 7180 7178
f 7168 5041 7178
f 7165 7168 7178
f 5239 4349 5228
f 5228 5226 5239
f 5226 7181 5239
f 7181 5090 5239
f 5090 7181 4350
f 4352 5090 4350
f 5090 4352 7180
f 7532 7180 4352
f 7180 7532 7165
f 7165 7178 7180
f 5226 5228 5221
f 7165 7532 7523
f 7517 7523 7532
f 7523 7517 7518
f 7518 7129 7523
f 7518 7533 7129
f 7533 7507 7129
f 7507 7533 7524
f 7573 7517 7532
f 7517 7573 7515
f 7519 7517 7515
f 7517 7519 7518
f 7533 7518 7519
f 7550 7533 7519
f 7533 7550 7552
f 7447 7552 7550
f 4352 7573 7532
f 7573 4352 4354
f 4355 7573 4354
f 7573 4355 7574
f 7575 7573 7574
f 7573 7575 7515
f 7575 7519 7515
f 7519 7575 7550
f 4350 4354 4352
f 4354 4350 4348
f 4353 4354 4348
f 4354 4353 4355
f 4353 5223 4355
f 5223 7574 4355
f 7574 5223 7473
f 7473 7472 7574
f 7472 7550 7574
f 7550 7575 7574
f 5223 4353 5222
f 7423 5223 5222
f 5223 7423 7471
f 7473 5223 7471
f 7471 7472 7473
f 7472 7471 4123
f 7377 7472 4123
f 7472 7377 7380
f 7550 7472 7380
f 7550 7380 7447
f 5222 4353 5224
f 5224 7423 5222
f 7423 5224 7424
f 7385 7423 7424
f 7423 7385 5225
f 5225 5124 7423
f 7423 5124 7471
f 5124 5227 7471
f 7471 5227 4124
f 7471 4124 4123
f 7385 7425 5225
f 7425 5126 5225
f 5225 5126 5124
f 5126 5227 5124
f 4134 5227 5126
f 5227 4134 4124
f 8778 4124 4134
f 8778 4123 4124
f 7425 7385 7379
f 5126 7425 7378
f 7386 5126 7378
f 5126 7386 4134
f 4129 4134 7386
f 8776 4134 4129
f 4134 8776 8778
f 8777 8778 8776
f 8778 8777 8780
f 8778 8780 4123
f 4123 8780 7404
f 7377 4123 7404
f 7470 4129 7386
f 7470 4125 4129
f 4131 4129 4125
f 8776 4129 4131
f 8775 8776 4131
f 8774 8776 8775
f 8777 8776 8774
f 4125 7470 4127
f 4127 4126 4125
f 8791 4125 4126
f 4125 8791 8775
f 4125 8775 4131
f 4126 4127 4130
f 7377 7447 7380
f 7447 7377 7446
f 7446 7445 7447
f 7445 7446 7466
f 7446 7566 7466
f 7567 7466 7566
f 7466 7567 7442
f 7393 7446 7377
f 7446 7393 7392
f 7566 7446 7392
f 7392 7394 7566
f 7566 7394 7432
f 7567 7566 7432
f 7432 7433 7567
f 7433 7442 7567
f 7442 7433 7448
f 7448 7433 7390
f 7377 7402 7393
f 7402 7403 7393
f 7392 7393 7403
f 7391 7392 7403
f 7392 7391 7394
f 7394 7391 7383
f 7383 7436 7394
f 7436 7432 7394
f 7377 7404 7402
f 7404 8780 7402
f 8780 5240 7402
f 7405 7402 5240
f 7405 7403 7402
f 7462 7403 7405
f 7391 7403 7462
f 7391 7462 7383
f 8780 5232 5240
f 5232 5241 5240
f 7465 5240 5241
f 7467 5240 7465
f 5240 7467 7469
f 5240 7469 7405
f 7405 7469 7462
f 5232 8780 8777
f 5232 8777 5241
f 5203 5241 8777
f 5203 5231 5241
f 7468 5241 5231
f 5241 7468 7465
f 7467 7465 7468
f 7467 7468 7464
f 7467 7464 7469
f 7460 7469 7464
f 7469 7460 7463
f 7463 7462 7469
f 8792 5203 8777
f 5203 8792 5205
f 5216 5203 5205
f 5231 5203 5216
f 5216 5233 5231
f 7701 5231 5233
f 5231 7701 7699
f 7699 7468 5231
f 8774 8792 8777
f 8775 8792 8774
f 8791 8792 8775
f 8792 8791 7812
f 5121 8792 7812
f 8792 5121 5205
f 5216 5205 5121
f 5233 5216 5121
f 5121 7812 5233
f 5123 7553 5122
f 7553 5123 5132
f 5230 7553 5132
f 7553 5230 5229
f 10246 7553 5229
f 5134 10246 5229
f 10246 5134 7560
f 5134 10248 7560
f 5123 7328 5132
f 7328 5123 7349
f 7349 7358 7328
f 7427 7328 7358
f 7449 7427 7358
f 7426 7427 7449
f 7427 7426 7440
f 7426 7429 7440
f 2988 7440 7429
f 7358 7349 7374
f 7374 7449 7358
f 7449 7374 7452
f 7452 7439 7449
f 7443 7449 7439
f 7443 7426 7449
f 7426 7443 7441
f 7429 7426 7441
f 7353 7374 7349
f 7374 7353 7355
f 7355 7452 7374
f 7452 7355 7410
f 7410 7439 7452
f 7439 7410 7413
f 7428 7439 7413
f 7439 7428 7443
f 7428 8345 7443
f 8346 7443 8345
f 7443 8346 7441
f 7353 7357 7355
f 7569 7355 7357
f 7355 7569 7410
f 7569 7568 7410
f 7568 7413 7410
f 7413 7568 7428
f 8336 7428 7568
f 7428 8336 8340
f 8345 7428 8340
f 7758 8345 8340
f 8345 7758 8192
f 8192 8346 8345
f 7288 7569 7357
f 7569 7288 7329
f 7329 7412 7569
f 7412 7570 7569
f 7568 7569 7570
f 7570 7451 7568
f 7451 8336 7568
f 7329 7288 7291
f 7289 7329 7291
f 7329 7289 7412
f 7430 7412 7289
f 7570 7412 7430
f 7458 7570 7430
f 7570 7458 7451
f 7298 7291 7288
f 7298 7299 7291
f 7291 7299 7417
f 7291 7417 7289
f 7408 7289 7417
f 7289 7408 7430
f 7408 7458 7430
f 7458 7408 7409
f 7458 7409 7415
f 7415 8150 7458
f 8150 7451 7458
f 7298 7287 7299
f 7287 7290 7299
f 7299 7290 7417
f 7290 7395 7417
f 7395 7453 7417
f 7409 7417 7453
f 7417 7409 7408
f 7287 7298 7406
f 7406 7285 7287
f 7290 7287 7285
f 7397 7290 7285
f 7290 7397 7398
f 7398 7399 7290
f 7399 7395 7290
f 7395 7399 7453
f 7285 7406 7435
f 7435 7397 7285
f 7435 7398 7397
f 7398 7435 7400
f 7398 7400 7437
f 7437 7396 7398
f 7398 7396 7399
f 7399 7396 7419
f 7419 7453 7399
f 7419 7411 7453
f 7411 7450 7453
f 7450 7409 7453
f 7438 7437 7400
f 7438 7389 7437
f 7437 7389 7418
f 7418 7419 7437
f 7396 7437 7419
f 7389 7438 7431
f 7389 7431 7387
f 7389 7387 7418
f 7390 7431 7438
f 7431 7390 7433
f 7433 7432 7431
f 7387 7431 7432
f 7387 7432 7436
f 7436 7454 7387
f 7387 7454 7418
f 7454 7420 7418
f 7420 7416 7418
f 7416 7414 7418
f 7411 7418 7414
f 7418 7411 7419
f 7454 7436 7455
f 7455 7422 7454
f 7381 7454 7422
f 7384 7454 7381
f 7454 7384 7420
f 7416 7420 7384
f 7384 7657 7416
f 7657 7456 7416
f 7414 7416 7456
f 7436 7383 7455
f 7383 7422 7455
f 7422 7383 7421
f 7421 7381 7422
f 7381 7421 7459
f 7459 7710 7381
f 7710 7384 7381
f 7384 7710 7706
f 7657 7384 7706
f 7382 7421 7383
f 7421 7382 7459
f 7647 7459 7382
f 7459 7647 7645
f 7710 7459 7645
f 7648 7710 7645
f 7710 7648 7709
f 7650 7710 7709
f 7710 7650 7706
f 7650 7657 7706
f 7461 7382 7383
f 7463 7382 7461
f 7382 7463 7460
f 7460 7647 7382
f 7462 7461 7383
f 7462 7463 7461
f 7647 7648 7645
f 7648 7647 7769
f 7769 7714 7648
f 7714 7709 7648
f 7709 7714 7711
f 7709 7711 7770
f 7770 7650 7709
f 7650 7770 7652
f 7652 7653 7650
f 7657 7650 7653
f 7647 7712 7769
f 7772 7769 7712
f 7769 7772 7677
f 7677 7771 7769
f 7714 7769 7771
f 7771 7711 7714
f 7712 7647 7775
f 7774 7712 7775
f 7712 7774 7713
f 7682 7712 7713
f 7712 7682 7772
f 7679 7772 7682
f 7772 7679 7677
f 7679 7771 7677
f 7647 7460 7775
f 7460 7774 7775
f 7774 7460 7464
f 7468 7774 7464
f 7774 7468 7680
f 7773 7774 7680
f 7774 7773 7713
f 7683 7713 7773
f 7683 7682 7713
f 7683 8220 7682
f 8220 7675 7682
f 7675 7679 7682
f 7468 7699 7680
f 7699 7773 7680
f 7773 7699 8232
f 7847 7773 8232
f 7773 7847 7678
f 7683 7773 7678
f 8220 7683 7678
f 7701 8232 7699
f 8232 7701 8227
f 8227 7849 8232
f 8230 8232 7849
f 8232 8230 7847
f 8230 5641 7847
f 8225 7847 5641
f 8225 8220 7847
f 7678 7847 8220
f 7849 8227 7720
f 7849 7720 8247
f 7849 8247 8230
f 5517 8230 8247
f 8230 5517 5641
f 7720 8227 5516
f 5517 7720 5516
f 7720 5517 8247
f 5639 5517 5516
f 5517 5639 5607
f 5607 5515 5517
f 5515 5641 5517
f 5641 5515 5518
f 5644 5641 5518
f 5641 5644 5643
f 8225 5641 5643
f 5643 8220 8225
f 5639 6625 5607
f 6625 6629 5607
f 5607 6629 5518
f 5515 5607 5518
f 6625 5639 6623
f 6623 5659 6625
f 7746 6625 5659
f 6625 7746 6626
f 6629 6625 6626
f 5518 6629 6626
f 6627 5518 6626
f 5518 6627 5644
f 5644 6627 5642
f 5644 5642 5640
f 5644 5640 5643
f 5659 6623 6628
f 7746 7748 6626
f 6626 7748 6627
f 7846 6627 7748
f 6627 7846 7721
f 7721 5642 6627
f 7745 5642 7721
f 7745 5640 5642
f 8199 5640 7745
f 8199 7784 5640
f 7784 7744 5640
f 5640 7744 5643
f 7748 7782 7846
f 7846 7782 7777
f 7777 7719 7846
f 7719 7743 7846
f 7846 7743 7721
f 7743 7745 7721
f 7750 7745 7743
f 7750 7742 7745
f 7843 7745 7742
f 7745 7843 8199
f 7777 8206 7719
f 8206 7750 7719
f 7719 7750 7743
f 8206 7777 7844
f 7750 8206 7747
f 7783 7750 7747
f 7750 7783 7845
f 7742 7750 7845
f 5653 7742 7845
f 7742 5653 5655
f 7742 5655 8163
f 8163 7843 7742
f 7843 8163 8199
f 7845 7783 5653
f 7450 7411 7414
f 7414 7456 7450
f 7456 7654 7450
f 7654 7415 7450
f 7409 7450 7415
f 7654 7456 7659
f 7795 7654 7659
f 7654 7795 7762
f 7763 7654 7762
f 7654 7763 7759
f 7415 7654 7759
f 8150 7415 7759
f 7659 7456 7704
f 7659 7704 7795
f 7657 7795 7704
f 7795 7657 7653
f 7653 7651 7795
f 7651 7762 7795
f 7456 7657 7704
f 7763 8150 7759
f 8150 7763 8131
f 8138 8150 8131
f 8150 8138 8351
f 7451 8150 8351
f 8149 7451 8351
f 8336 7451 8149
f 8131 7763 7761
f 8120 8131 7761
f 8131 8120 7760
f 8119 8131 7760
f 8131 8119 8138
f 7762 7761 7763
f 7761 7762 7764
f 7756 7761 7764
f 7761 7756 8120
f 7664 8120 7756
f 8120 7664 7760
f 7760 7664 8130
f 8130 8119 7760
f 8119 8130 8132
f 8132 8347 8119
f 8119 8347 8138
f 7762 7649 7764
f 7794 7764 7649
f 7794 7815 7764
f 7694 7764 7815
f 7694 7756 7764
f 7649 7762 7651
f 7655 7649 7651
f 7649 7655 7794
f 7655 8779 7794
f 8779 7690 7794
f 7815 7794 7690
f 7691 7815 7690
f 7691 7669 7815
f 7815 7669 7694
f 7669 7756 7694
f 7651 7653 7655
f 7653 7652 7655
f 7770 7655 7652
f 7780 7655 7770
f 7781 7655 7780
f 8779 7655 7781
f 7818 8779 7781
f 7818 7817 8779
f 7691 8779 7817
f 7690 8779 7691
f 7770 7779 7780
f 7780 7779 7834
f 7780 7834 7778
f 7781 7780 7778
f 7781 7778 7818
f 7671 7818 7778
f 7671 7692 7818
f 7817 7818 7692
f 7779 7770 7646
f 7771 7779 7646
f 7779 7771 7674
f 7779 7674 7834
f 7687 7834 7674
f 7685 7834 7687
f 7833 7834 7685
f 7834 7833 7778
f 7778 7833 7671
f 7646 7770 7711
f 7711 7771 7646
f 8149 8351 8138
f 8138 8336 8149
f 8336 8138 8347
f 7758 8336 8347
f 8336 7758 8340
f 8347 8338 7758
f 8152 7758 8338
f 7758 8152 8192
f 8192 8152 7788
f 7790 8192 7788
f 8192 7790 7755
f 8346 8192 7755
f 8338 8347 8341
f 8341 8152 8338
f 8152 8341 8151
f 8151 7788 8152
f 7656 7788 8151
f 7788 7656 7658
f 7788 7658 7791
f 7791 7790 7788
f 8347 8132 8341
f 8132 7757 8341
f 7757 8151 8341
f 8151 7757 7656
f 7660 7656 7757
f 7656 7660 7661
f 7661 7658 7656
f 7658 7661 7700
f 7700 7791 7658
f 7757 8132 7695
f 7695 7660 7757
f 7660 7695 7811
f 8079 7660 7811
f 8079 7661 7660
f 7661 8079 8251
f 8251 7700 7661
f 7700 8251 7725
f 7725 7702 7700
f 7791 7700 7702
f 8132 7698 7695
f 7663 7695 7698
f 7695 7663 7811
f 7724 7811 7663
f 8079 7811 7724
f 7698 8132 7697
f 7697 7696 7698
f 7662 7698 7696
f 7662 7665 7698
f 7665 7663 7698
f 7663 7665 7724
f 7697 8132 8130
f 7664 7697 8130
f 7697 7664 7696
f 7696 7664 7756
f 7696 7756 7814
f 7662 7696 7814
f 7662 7814 7816
f 7816 7672 7662
f 7813 7662 7672
f 7813 7665 7662
f 7810 7665 7813
f 7726 7665 7810
f 7665 7726 7724
f 7814 7756 7669
f 7669 7816 7814
f 7816 7669 7693
f 7672 7816 7693
f 7693 7668 7672
f 7667 7672 7668
f 7672 7667 7808
f 7808 7813 7672
f 7808 7810 7813
f 8249 7810 7808
f 7810 8249 7726
f 7666 7693 7669
f 7668 7693 7666
f 7668 7666 7691
f 7691 7817 7668
f 7689 7668 7817
f 7689 7667 7668
f 7809 7667 7689
f 8128 7667 7809
f 7667 8128 7808
f 7669 7691 7666
f 7817 7692 7689
f 8413 7689 7692
f 7689 8413 7809
f 8413 8231 7809
f 8128 7809 8231
f 8231 8381 8128
f 8381 8078 8128
f 8078 7808 8128
f 7808 8078 8249
f 7692 4171 8413
f 8413 4171 8372
f 8372 8313 8413
f 8313 7848 8413
f 8231 8413 7848
f 7848 8373 8231
f 8381 8231 8373
f 4171 7692 7670
f 4171 7670 8195
f 8195 4169 4171
f 4169 4168 4171
f 4168 8372 4171
f 8372 4168 8158
f 8158 4173 8372
f 8313 8372 4173
f 7692 7671 7670
f 8195 7670 7671
f 8195 7671 7833
f 7833 7754 8195
f 7754 7752 8195
f 7752 4169 8195
f 7752 4167 4169
f 8154 4169 4167
f 4169 8154 8147
f 4168 4169 8147
f 8147 8314 4168
f 8314 8158 4168
f 7754 7833 7685
f 7685 7841 7754
f 7841 7785 7754
f 7752 7754 7785
f 4167 7752 7785
f 4167 7785 8248
f 8248 4166 4167
f 4166 8193 4167
f 8365 4167 8193
f 4167 8365 8154
f 7841 7685 7687
f 7687 7749 7841
f 7749 8197 7841
f 7785 7841 8197
f 8160 7785 8197
f 7785 8160 8248
f 8161 8248 8160
f 8248 8161 4166
f 8161 8359 4166
f 8193 4166 8359
f 7749 7687 7681
f 7749 7681 7688
f 7688 7784 7749
f 7784 7753 7749
f 8197 7749 7753
f 8159 8197 7753
f 8160 8197 8159
f 7681 7687 7674
f 7681 7674 7676
f 7676 7686 7681
f 7681 7686 7688
f 7673 7688 7686
f 7784 7688 7673
f 7784 7673 7744
f 7744 7673 5643
f 5643 7673 8220
f 7675 8220 7673
f 7674 7771 7676
f 7676 7771 7679
f 7676 7679 7686
f 7679 7675 7686
f 7675 7673 7686
f 2987 2988 7429
f 7429 2843 2987
f 2843 7429 7819
f 7842 2843 7819
f 2843 7842 689
f 395 2843 689
f 689 477 395
f 397 395 477
f 523 397 477
f 7441 7819 7429
f 7819 7441 8346
f 7755 7819 8346
f 7819 7755 7842
f 7790 7842 7755
f 7842 7790 7789
f 7789 736 7842
f 689 7842 736
f 477 689 736
f 396 477 736
f 477 396 523
f 7790 7791 7789
f 7791 396 7789
f 736 7789 396
f 7702 396 7791
f 396 7702 688
f 7836 688 7702
f 688 7836 876
f 876 7836 7921
f 7921 897 876
f 897 886 876
f 888 876 886
f 7702 7725 7836
f 7836 7725 7835
f 7835 8233 7836
f 8233 7921 7836
f 7921 8233 7923
f 7923 4234 7921
f 897 7921 4234
f 8251 7835 7725
f 7835 8251 8081
f 8081 4302 7835
f 4387 7835 4302
f 7835 4387 8233
f 4387 7923 8233
f 7923 4387 4389
f 4234 7923 4389
f 4385 4234 4389
f 4234 4385 4388
f 4388 897 4234
f 4351 8081 8251
f 8081 4351 4358
f 4302 8081 4358
f 4392 4302 4358
f 4302 4392 4242
f 4391 4302 4242
f 4302 4391 4387
f 4385 4387 4391
f 4387 4385 4389
f 7723 4351 8251
f 4351 7723 4185
f 4185 4294 4351
f 4392 4351 4294
f 4351 4392 4358
f 8251 8079 7723
f 8079 8091 7723
f 8091 4185 7723
f 4185 8091 4310
f 4331 4185 4310
f 4185 4331 4186
f 4294 4185 4186
f 4294 4186 4299
f 4242 4294 4299
f 4294 4242 4392
f 8091 8079 8092
f 8092 4310 8091
f 4310 8092 4292
f 4304 4310 4292
f 4310 4304 4331
f 4189 4331 4304
f 4331 4189 4186
f 4189 4299 4186
f 8118 8092 8079
f 8092 8118 8250
f 8250 4292 8092
f 4292 8250 8414
f 4182 4292 8414
f 4292 4182 4304
f 8380 4304 4182
f 4304 8380 4189
f 8118 8079 7724
f 7724 8250 8118
f 8250 7724 7726
f 8390 8250 7726
f 8250 8390 8414
f 8390 4182 8414
f 4182 8390 4181
f 8389 4182 4181
f 4182 8389 8380
f 8389 4189 8380
f 8133 4189 8389
f 4189 8133 8137
f 8137 4299 4189
f 8249 8390 7726
f 8390 8249 8387
f 8375 8390 8387
f 8390 8375 4181
f 8377 4181 8375
f 7928 4181 8377
f 4181 7928 8135
f 8135 8389 4181
f 8389 8135 8133
f 8078 8387 8249
f 8387 8078 8378
f 8388 8387 8378
f 8387 8388 8375
f 8388 8377 8375
f 8377 8388 8379
f 7727 8377 8379
f 8377 7727 7928
f 7928 7727 7730
f 7730 8139 7928
f 8139 8135 7928
f 8078 8381 8378
f 8381 8388 8378
f 8388 8381 8379
f 8381 8376 8379
f 8362 8379 8376
f 8362 7727 8379
f 7727 8362 7722
f 7722 7730 7727
f 7730 7722 7927
f 7927 8144 7730
f 8139 7730 8144
f 8376 8381 8373
f 8373 8374 8376
f 8200 8376 8374
f 8376 8200 8362
f 7732 8362 8200
f 8362 7732 7722
f 7722 7732 7927
f 7732 7926 7927
f 7926 8129 7927
f 8144 7927 8129
f 8374 8373 8203
f 8313 8374 8203
f 8374 8313 8200
f 8313 8368 8200
f 8421 8200 8368
f 8421 7732 8200
f 7732 8421 7731
f 7926 7732 7731
f 8373 7848 8203
f 7848 8313 8203
f 8368 8313 4173
f 4173 8361 8368
f 8361 8421 8368
f 8421 8361 8337
f 8337 7924 8421
f 7924 7731 8421
f 7731 7924 7765
f 7766 7731 7765
f 7731 7766 7768
f 7768 7926 7731
f 8361 4173 8194
f 8314 8361 8194
f 8361 8314 8337
f 8314 8363 8337
f 8358 8337 8363
f 7924 8337 8358
f 8358 7735 7924
f 7735 7765 7924
f 4173 8158 8194
f 8158 8314 8194
f 10248 5134 5133
f 5229 5133 5134
f 5133 5229 5230
f 3141 7494 7496
f 3141 3142 7494
f 3117 7494 3142
f 3176 3117 3142
f 3117 3176 2772
f 2103 3117 2772
f 3141 2796 3142
f 3142 2796 3176
f 2769 3176 2796
f 2773 3176 2769
f 3176 2773 2772
f 2773 2103 2772
f 2103 2773 2102
f 2102 2056 2103
f 2056 2102 2099
f 2099 2057 2056
f 2796 3141 2916
f 2776 2796 2916
f 2796 2776 2779
f 2796 2779 2780
f 2796 2780 2769
f 2780 2748 2769
f 2059 2769 2748
f 2059 2773 2769
f 2773 2059 2100
f 2098 2773 2100
f 2773 2098 2102
f 2102 2098 2099
f 2057 2099 3179
f 2057 3179 3444
f 3179 4055 3444
f 4055 3901 3444
f 3901 4055 3896
f 3896 3898 3901
f 3898 3896 4087
f 4087 4036 3898
f 4036 4087 4041
f 4041 4038 4036
f 3986 4036 4038
f 3880 3986 4038
f 3986 3880 4064
f 3893 4041 4087
f 4041 3893 4020
f 4020 4034 4041
f 4038 4041 4034
f 4034 3880 4038
f 3880 4034 3882
f 3882 3881 3880
f 3881 4064 3880
f 4064 3881 4054
f 4054 3887 4064
f 3887 4054 3954
f 4017 4020 3893
f 4020 4017 4039
f 4039 4021 4020
f 4034 4020 4021
f 4021 3882 4034
f 3882 4021 3888
f 3888 3871 3882
f 3881 3882 3871
f 3552 3881 3871
f 3881 3552 3547
f 3547 4054 3881
f 4040 4039 4017
f 4039 4040 4018
f 4018 3875 4039
f 4021 4039 3875
f 3875 3888 4021
f 3888 3875 3879
f 3879 3884 3888
f 3871 3888 3884
f 3755 3871 3884
f 3871 3755 3552
f 4019 4018 4040
f 4018 4019 4042
f 4042 3877 4018
f 3875 4018 3877
f 3877 3879 3875
f 3879 3877 3876
f 3876 3810 3879
f 3884 3879 3810
f 3810 3755 3884
f 4019 4022 4042
f 4014 4042 4022
f 4042 4014 3883
f 3877 4042 3883
f 3883 3876 3877
f 3876 3883 4089
f 4089 3756 3876
f 3810 3876 3756
f 3553 3810 3756
f 3810 3553 3760
f 3755 3810 3760
f 4022 4043 4014
f 3872 4014 4043
f 4014 3872 3874
f 4089 4014 3874
f 4014 4089 3883
f 4043 4048 3872
f 4049 3872 4048
f 3872 4049 3878
f 3878 3874 3872
f 3874 3878 4009
f 3759 3874 4009
f 3874 3759 4089
f 3756 4089 3759
f 3759 3553 3756
f 4048 3869 4049
f 3869 3754 4049
f 3550 4049 3754
f 4049 3550 3878
f 3761 3878 3550
f 3878 3761 4009
f 3757 4009 3761
f 4009 3757 3759
f 3553 3759 3757
f 2912 3553 3757
f 3553 2912 3081
f 3081 3760 3553
f 3754 3869 3549
f 3071 3754 3549
f 3754 3071 3074
f 3054 3754 3074
f 3754 3054 3550
f 2911 3550 3054
f 3550 2911 3761
f 2912 3761 2911
f 3761 2912 3757
f 3861 3549 3869
f 3549 3861 3763
f 3763 3071 3549
f 3071 3763 2966
f 3763 2938 2966
f 2938 3763 3735
f 3735 2852 2938
f 2852 3735 3734
f 3734 3152 2852
f 4006 3763 3861
f 3763 4006 3735
f 4010 3735 4006
f 3735 4010 3734
f 3544 3734 4010
f 3734 3544 3739
f 3152 3734 3739
f 3739 2967 3152
f 2967 3739 3546
f 3758 2967 3546
f 2967 3758 3070
f 4006 4008 4010
f 3890 4010 4008
f 4010 3890 3544
f 3890 3737 3544
f 3546 3544 3737
f 3544 3546 3739
f 3736 3546 3737
f 3546 3736 3758
f 3736 3753 3758
f 3753 3070 3758
f 3070 3753 2910
f 3752 2910 3753
f 2910 3752 2939
f 3548 2939 3752
f 2939 3548 2909
f 3753 3736 3886
f 3886 3752 3753
f 3752 3886 3954
f 3954 3548 3752
f 3548 3954 4054
f 4054 3547 3548
f 3547 2909 3548
f 2909 3547 3099
f 3547 3098 3099
f 3098 3547 3552
f 3552 3073 3098
f 3073 3552 3755
f 3755 3076 3073
f 3076 3755 3760
f 3760 3081 3076
f 1088 1090 1099
f 1090 1088 614
f 614 1009 1090
f 1009 614 1011
f 614 1065 1011
f 1103 1011 1065
f 1088 613 614
f 1024 614 613
f 1024 1031 614
f 1065 614 1031
f 1032 1065 1031
f 1065 1032 114
f 114 1103 1065
f 1103 114 615
f 615 1089 1103
f 613 1088 1098
f 1028 613 1098
f 613 1028 1024
f 1028 900 1024
f 894 1024 900
f 894 1030 1024
f 1031 1024 1030
f 1030 1032 1031
f 1032 1030 899
f 899 1570 1032
f 1570 114 1032
f 114 1570 1360
f 1360 615 114
f 615 1360 1111
f 900 1028 178
f 178 898 900
f 895 900 898
f 900 895 894
f 922 894 895
f 894 922 903
f 1030 894 903
f 903 899 1030
f 1028 888 178
f 886 178 888
f 178 886 896
f 898 178 896
f 897 898 896
f 898 897 895
f 897 4388 895
f 4390 895 4388
f 4390 922 895
f 886 897 896
f 4385 4390 4388
f 4390 4385 4391
f 4242 4390 4391
f 4299 4390 4242
f 7738 4390 4299
f 4390 7738 8371
f 922 4390 8371
f 4232 922 8371
f 922 4232 924
f 923 922 924
f 922 923 903
f 4299 8137 7738
f 7931 7738 8137
f 7738 7931 4384
f 4384 8371 7738
f 8371 4384 4232
f 4172 4232 4384
f 4232 4172 4235
f 927 4232 4235
f 927 924 4232
f 8137 8145 7931
f 8145 4223 7931
f 4217 7931 4223
f 7931 4217 4384
f 4172 4384 4217
f 4172 4217 4220
f 4220 6637 4172
f 913 4172 6637
f 4172 913 4235
f 8145 8137 8133
f 8133 8134 8145
f 8134 4176 8145
f 4223 8145 4176
f 4223 4176 4222
f 4222 6633 4223
f 6635 4223 6633
f 4223 6635 4170
f 4223 4170 4217
f 8134 8133 8135
f 8135 8139 8134
f 8139 4225 8134
f 4176 8134 4225
f 4176 4225 4175
f 4175 6624 4176
f 6624 4222 4176
f 4222 6624 6630
f 6633 4222 6630
f 4225 8139 4180
f 4225 4180 4224
f 4224 8320 4225
f 8320 4175 4225
f 4175 8320 8286
f 6624 4175 8286
f 8136 4180 8139
f 4180 8136 4360
f 4180 4360 4179
f 4179 8427 4180
f 8427 4224 4180
f 4224 8427 8311
f 8320 4224 8311
f 8144 8136 8139
f 8144 8140 8136
f 8140 4360 8136
f 4360 8140 4226
f 4360 4226 4227
f 4227 8202 4360
f 8202 4179 4360
f 4179 8202 8426
f 8427 4179 8426
f 8140 8144 8129
f 8129 7728 8140
f 7728 4226 8140
f 4226 7728 4183
f 4226 4183 4184
f 4184 8424 4226
f 8424 4227 4226
f 4227 8424 8429
f 8202 4227 8429
f 7728 8129 7729
f 8127 7728 7729
f 7768 7728 8127
f 7728 7768 4183
f 8129 7926 7729
f 7729 7926 8127
f 7926 7768 8127
f 7766 4183 7768
f 4183 7766 4229
f 4183 4229 4359
f 4359 4252 4183
f 4252 4184 4183
f 4184 4252 8430
f 8424 4184 8430
f 7925 4229 7766
f 4229 7925 4188
f 4229 4188 4228
f 4228 8422 4229
f 8422 4359 4229
f 4359 8422 4243
f 4252 4359 4243
f 7765 7925 7766
f 7925 7765 7733
f 7920 7925 7733
f 7920 7922 7925
f 4374 7925 7922
f 7925 4374 4188
f 4188 4374 4187
f 4187 4216 4188
f 4216 4228 4188
f 7765 7735 7733
f 7735 7920 7733
f 7920 7735 7767
f 7736 7920 7767
f 7920 7736 8234
f 7922 7920 8234
f 8234 4233 7922
f 7922 4233 4374
f 4233 4231 4374
f 4377 4231 4233
f 7735 8360 7767
f 8360 7736 7767
f 7736 8360 7734
f 7734 7858 7736
f 7860 7736 7858
f 7736 7860 8234
f 4377 8234 7860
f 4233 8234 4377
f 8360 7735 8364
f 8193 8360 8364
f 8360 8193 8359
f 8359 8357 8360
f 8367 8360 8357
f 7734 8360 8367
f 8356 7734 8367
f 7734 8356 7858
f 7735 8358 8364
f 8363 8364 8358
f 8364 8363 8366
f 8366 8193 8364
f 8193 8366 8365
f 8366 8155 8365
f 8155 8154 8365
f 8154 8155 8147
f 8314 8147 8155
f 8363 8314 8155
f 8155 8366 8363
f 4216 4187 4363
f 8428 8202 8429
f 8202 8428 8201
f 8321 8202 8201
f 8202 8321 8426
f 8321 8427 8426
f 8427 8321 8433
f 8315 8427 8433
f 8427 8315 8311
f 8428 943 8201
f 943 912 8201
f 912 8321 8201
f 912 8433 8321
f 912 949 8433
f 967 8433 949
f 8433 967 8315
f 967 8316 8315
f 8320 8315 8316
f 8315 8320 8311
f 934 912 943
f 949 912 934
f 944 949 934
f 949 944 950
f 965 949 950
f 949 965 967
f 970 967 965
f 967 970 964
f 8316 967 964
f 936 934 943
f 934 936 944
f 936 1039 944
f 1039 950 944
f 950 1039 968
f 965 950 968
f 968 966 965
f 963 965 966
f 965 963 970
f 962 970 963
f 970 962 969
f 969 964 970
f 1039 1454 968
f 966 968 1454
f 899 903 923
f 923 1066 899
f 1570 899 1066
f 1066 1361 1570
f 1361 1360 1570
f 1360 1361 1548
f 1548 1111 1360
f 1111 1548 1455
f 1066 923 982
f 990 1066 982
f 1066 990 1083
f 1361 1066 1083
f 1005 1361 1083
f 1361 1005 1556
f 1567 1361 1556
f 1361 1567 1548
f 1567 1455 1548
f 1455 1567 1555
f 923 980 982
f 980 990 982
f 990 980 979
f 978 990 979
f 990 978 986
f 986 1083 990
f 986 985 1083
f 1083 985 1005
f 980 923 924
f 980 924 926
f 980 926 973
f 973 979 980
f 973 978 979
f 973 995 978
f 987 978 995
f 978 987 986
f 986 987 985
f 999 985 987
f 999 988 985
f 988 1005 985
f 924 927 926
f 927 973 926
f 973 927 925
f 925 971 973
f 995 973 971
f 971 981 995
f 981 997 995
f 997 987 995
f 999 987 997
f 997 1014 999
f 1014 1000 999
f 1000 988 999
f 927 4235 925
f 4235 914 925
f 914 971 925
f 971 914 983
f 981 971 983
f 984 981 983
f 981 984 989
f 1013 981 989
f 981 1013 991
f 997 981 991
f 1014 997 991
f 914 4235 913
f 910 914 913
f 914 910 919
f 984 914 919
f 914 984 983
f 6637 910 913
f 910 6637 5652
f 5652 1259 910
f 1259 919 910
f 919 1259 1485
f 1485 984 919
f 984 1485 998
f 998 989 984
f 989 998 1003
f 989 1003 1013
f 6637 5654 5652
f 5654 1466 5652
f 5652 1466 1259
f 1259 1466 1465
f 1259 1465 1349
f 1259 1349 1348
f 1348 1485 1259
f 1260 1485 1348
f 1260 998 1485
f 5654 6637 6636
f 6636 5650 5654
f 1466 5654 5650
f 1466 5650 1262
f 1261 1466 1262
f 1465 1466 1261
f 1465 1261 1379
f 1379 1464 1465
f 1349 1465 1464
f 1348 1349 1464
f 6637 4220 6636
f 4220 6634 6636
f 5650 6636 6634
f 6634 5649 5650
f 5648 5650 5649
f 959 5650 5648
f 5650 959 1262
f 6634 4220 4217
f 4170 6634 4217
f 6634 4170 6635
f 5649 6634 6635
f 6635 5648 5649
f 5648 6635 6633
f 6632 5648 6633
f 911 5648 6632
f 960 5648 911
f 5648 960 959
f 960 616 959
f 616 1262 959
f 6633 6631 6632
f 8285 6632 6631
f 6632 8285 911
f 969 911 8285
f 911 969 960
f 962 960 969
f 960 962 1105
f 616 960 1105
f 6631 6633 6630
f 6624 6631 6630
f 6631 6624 8285
f 6624 8312 8285
f 8312 964 8285
f 964 969 8285
f 8312 6624 8286
f 8320 8312 8286
f 8312 8320 8316
f 964 8312 8316
f 580 616 1105
f 616 580 515
f 869 616 515
f 616 869 1320
f 1262 616 1320
f 1320 1379 1262
f 1261 1262 1379
f 580 844 515
f 1037 515 844
f 515 1037 869
f 622 869 1037
f 869 622 620
f 1381 869 620
f 869 1381 1320
f 1379 1320 1381
f 1380 1379 1381
f 1380 1464 1379
f 844 580 426
f 426 643 844
f 842 844 643
f 844 842 1037
f 635 1037 842
f 1037 635 622
f 1120 622 635
f 622 1120 752
f 752 620 622
f 643 426 841
f 829 643 841
f 846 643 829
f 643 846 842
f 1416 842 846
f 842 1416 635
f 1123 635 1416
f 635 1123 1120
f 1123 639 1120
f 753 1120 639
f 753 752 1120
f 640 752 753
f 640 634 752
f 634 620 752
f 846 1469 1416
f 1122 1416 1469
f 1416 1122 1123
f 1420 1123 1122
f 1123 1420 462
f 639 1123 462
f 512 639 462
f 639 512 638
f 638 753 639
f 753 638 640
f 1469 636 1122
f 1527 1122 636
f 1122 1527 1420
f 1389 1420 1527
f 1420 1389 1397
f 1397 462 1420
f 462 1397 513
f 513 512 462
f 512 513 463
f 448 512 463
f 512 448 633
f 633 638 512
f 511 1397 1389
f 1397 511 1395
f 579 1397 1395
f 1397 579 513
f 579 463 513
f 463 579 1095
f 1095 448 463
f 448 1095 546
f 546 450 448
f 450 633 448
f 511 1417 1395
f 1393 1395 1417
f 1395 1393 579
f 1393 1095 579
f 1095 1393 1096
f 461 1095 1096
f 1095 461 546
f 461 447 546
f 450 546 447
f 1417 511 468
f 468 1419 1417
f 1490 1417 1419
f 1417 1490 1393
f 1178 1393 1490
f 1393 1178 1096
f 459 1096 1178
f 514 1096 459
f 1096 514 461
f 1419 468 1532
f 1532 1470 1419
f 1496 1419 1470
f 1419 1496 1490
f 1181 1490 1496
f 1490 1181 1178
f 425 1178 1181
f 1178 425 459
f 492 459 425
f 459 492 514
f 1470 1532 1542
f 1542 1518 1470
f 1541 1470 1518
f 1470 1541 1496
f 1134 1496 1541
f 1496 1134 1181
f 1091 1181 1134
f 1181 1091 425
f 1092 425 1091
f 425 1092 492
f 1505 492 1092
f 492 1505 1504
f 1504 514 492
f 1518 1514 1541
f 1135 1541 1514
f 1541 1135 1134
f 1094 1134 1135
f 1134 1094 1091
f 464 1091 1094
f 1091 464 1092
f 585 1092 464
f 1092 585 1505
f 1514 1518 1382
f 1382 1512 1514
f 1132 1514 1512
f 1514 1132 1135
f 1132 1094 1135
f 1094 1132 1118
f 498 1094 1118
f 1094 498 464
f 465 464 498
f 464 465 585
f 1512 1382 1388
f 1388 1385 1512
f 1136 1512 1385
f 1512 1136 1132
f 1197 1132 1136
f 1132 1197 1118
f 1197 539 1118
f 497 1118 539
f 1118 497 498
f 1159 498 497
f 498 1159 465
f 1385 1138 1136
f 1137 1136 1138
f 1136 1137 1197
f 1137 1196 1197
f 539 1197 1196
f 1196 490 539
f 845 539 490
f 539 845 497
f 1198 497 845
f 497 1198 1159
f 1138 1374 1137
f 1374 1193 1137
f 1196 1137 1193
f 1193 1201 1196
f 490 1196 1201
f 1201 1188 490
f 1194 490 1188
f 490 1194 845
f 1048 845 1194
f 845 1048 1198
f 1193 1374 1557
f 1365 1193 1557
f 1193 1365 1195
f 1201 1193 1195
f 1195 1180 1201
f 1188 1201 1180
f 1180 1195 1050
f 1323 1198 1048
f 1198 1323 1324
f 1324 1159 1198
f 1159 1324 466
f 1093 1159 466
f 1159 1093 465
f 1093 457 465
f 457 585 465
f 1569 1324 1323
f 1324 1569 849
f 442 1324 849
f 1324 442 466
f 442 1093 466
f 1093 442 502
f 502 446 1093
f 457 1093 446
f 446 460 457
f 460 458 457
f 585 457 458
f 458 1505 585
f 1569 644 849
f 644 442 849
f 442 644 441
f 441 502 442
f 502 441 577
f 577 516 502
f 446 502 516
f 516 547 446
f 460 446 547
f 644 1569 1062
f 1062 424 644
f 550 644 424
f 644 550 441
f 550 577 441
f 577 550 456
f 456 1106 577
f 516 577 1106
f 1106 618 516
f 547 516 618
f 1053 1062 1569
f 1062 1053 1333
f 1372 1062 1333
f 1062 1372 1568
f 424 1062 1568
f 1568 422 424
f 587 424 422
f 424 587 550
f 517 550 587
f 550 517 456
f 454 456 517
f 456 454 455
f 1106 456 455
f 1372 1550 1568
f 422 1568 1550
f 1550 540 422
f 503 422 540
f 422 503 587
f 581 587 503
f 587 581 517
f 453 517 581
f 517 453 454
f 1550 1372 1555
f 1555 1554 1550
f 540 1550 1554
f 1554 491 540
f 588 540 491
f 540 588 503
f 588 581 503
f 581 588 440
f 578 581 440
f 581 578 453
f 1554 1555 1567
f 1567 1566 1554
f 491 1554 1566
f 993 491 1566
f 491 993 992
f 992 588 491
f 992 439 588
f 439 440 588
f 440 439 590
f 451 440 590
f 440 451 578
f 1566 1567 1556
f 1556 1010 1566
f 993 1566 1010
f 1010 994 993
f 994 992 993
f 992 994 1007
f 439 992 1007
f 1003 439 1007
f 439 1003 1004
f 1004 590 439
f 1010 1556 1005
f 988 1010 1005
f 988 1000 1010
f 994 1010 1000
f 1014 994 1000
f 994 1014 1008
f 1007 994 1008
f 1008 1003 1007
f 1003 1008 1013
f 1014 1013 1008
f 1013 1014 991
f 620 1380 1381
f 620 1319 1380
f 1380 1319 1321
f 1321 1464 1380
f 1321 1348 1464
f 1321 1260 1348
f 1319 620 634
f 1121 1319 634
f 1378 1319 1121
f 1319 1378 1321
f 1321 1378 1322
f 1260 1321 1322
f 1322 996 1260
f 998 1260 996
f 996 1003 998
f 1003 996 1004
f 634 640 1121
f 631 1121 640
f 1121 631 632
f 1378 1121 632
f 1378 632 1322
f 632 582 1322
f 996 1322 582
f 996 582 1004
f 590 1004 582
f 545 590 582
f 590 545 451
f 640 638 631
f 641 631 638
f 631 641 632
f 641 624 632
f 582 632 624
f 642 582 624
f 582 642 545
f 506 545 642
f 545 506 544
f 544 451 545
f 451 544 518
f 518 578 451
f 638 633 641
f 624 641 633
f 449 624 633
f 624 449 642
f 507 642 449
f 642 507 506
f 1593 506 507
f 506 1593 438
f 438 544 506
f 544 438 1597
f 1597 518 544
f 633 450 449
f 1629 449 450
f 449 1629 507
f 1633 507 1629
f 507 1633 1593
f 1591 1593 1633
f 1593 1591 1719
f 1719 438 1593
f 438 1719 437
f 437 1597 438
f 447 1629 450
f 1629 447 1635
f 1634 1629 1635
f 1629 1634 1633
f 1586 1633 1634
f 1633 1586 1591
f 1190 1591 1586
f 1591 1190 1182
f 1182 1719 1591
f 750 1635 447
f 1635 750 1632
f 1632 1634 1635
f 1634 1632 1646
f 1158 1634 1646
f 1634 1158 1586
f 510 1586 1158
f 1586 510 1190
f 447 461 750
f 743 750 461
f 750 743 749
f 749 1632 750
f 1632 749 1628
f 1628 1646 1632
f 1646 1628 1631
f 1631 1158 1646
f 1158 1631 470
f 470 510 1158
f 461 514 743
f 514 1504 743
f 1504 749 743
f 749 1504 445
f 445 1628 749
f 1628 445 748
f 748 1631 1628
f 1631 748 1601
f 1623 1631 1601
f 1631 1623 470
f 1611 470 1623
f 470 1611 469
f 510 470 469
f 1505 445 1504
f 445 1505 548
f 548 748 445
f 748 548 505
f 1610 748 505
f 748 1610 1601
f 1627 1601 1610
f 1601 1627 1623
f 1621 1623 1627
f 1623 1621 1611
f 1505 458 548
f 617 548 458
f 548 617 505
f 1624 505 617
f 505 1624 1610
f 1605 1610 1624
f 1610 1605 1627
f 1620 1627 1605
f 1627 1620 1621
f 1613 1621 1620
f 1621 1613 1604
f 1604 1611 1621
f 458 460 617
f 1603 617 460
f 617 1603 1624
f 1609 1624 1603
f 1624 1609 1605
f 1618 1605 1609
f 1605 1618 1620
f 1622 1620 1618
f 1620 1622 1613
f 843 1613 1622
f 1613 843 828
f 828 1604 1613
f 547 1603 460
f 1603 547 504
f 504 1609 1603
f 1609 504 444
f 444 1618 1609
f 1618 444 443
f 443 1622 1618
f 1622 443 549
f 821 1622 549
f 1622 821 843
f 821 375 843
f 375 828 843
f 618 504 547
f 504 618 1599
f 1599 444 504
f 444 1599 1600
f 1600 443 444
f 443 1600 1614
f 1614 549 443
f 549 1614 1615
f 609 549 1615
f 549 609 821
f 1608 1599 618
f 1599 1608 1598
f 1598 1600 1599
f 1600 1598 1626
f 1626 1614 1600
f 1614 1626 1677
f 1677 1615 1614
f 1615 1677 1616
f 431 1615 1616
f 1615 431 609
f 618 1106 1608
f 455 1608 1106
f 1608 455 1595
f 1595 1598 1608
f 1598 1595 1602
f 1602 1626 1598
f 1626 1602 1617
f 1612 1626 1617
f 1626 1612 1677
f 432 1677 1612
f 1677 432 1616
f 495 1616 432
f 1616 495 431
f 455 1630 1595
f 1607 1595 1630
f 1595 1607 1602
f 1589 1602 1607
f 1602 1589 1617
f 474 1617 1589
f 1617 474 1612
f 543 1612 474
f 1612 543 432
f 496 432 543
f 432 496 495
f 1630 455 454
f 454 1596 1630
f 1625 1630 1596
f 1630 1625 1607
f 1590 1607 1625
f 1607 1590 1589
f 509 1589 1590
f 1589 509 474
f 555 474 509
f 474 555 543
f 555 496 543
f 1596 454 453
f 453 452 1596
f 1755 1596 452
f 1596 1755 1625
f 1720 1625 1755
f 1625 1720 1590
f 473 1590 1720
f 1590 473 509
f 1587 509 473
f 509 1587 555
f 452 453 578
f 578 518 452
f 1606 452 518
f 452 1606 1755
f 1592 1755 1606
f 1755 1592 1720
f 1183 1720 1592
f 1720 1183 473
f 1588 473 1183
f 473 1588 1587
f 1588 822 1587
f 822 555 1587
f 518 1597 1606
f 1594 1606 1597
f 1606 1594 1592
f 471 1592 1594
f 1592 471 1183
f 508 1183 471
f 1183 508 1588
f 508 542 1588
f 822 1588 542
f 1597 437 1594
f 437 471 1594
f 471 437 591
f 591 508 471
f 508 591 501
f 501 494 508
f 542 508 494
f 494 298 542
f 721 542 298
f 542 721 822
f 1719 591 437
f 591 1719 1185
f 1185 501 591
f 501 1185 472
f 472 429 501
f 494 501 429
f 300 494 429
f 494 300 299
f 298 494 299
f 1719 1182 1185
f 1182 472 1185
f 472 1182 1184
f 1184 430 472
f 429 472 430
f 380 429 430
f 429 380 300
f 1190 1184 1182
f 1184 1190 823
f 823 610 1184
f 430 1184 610
f 377 430 610
f 430 377 380
f 1190 493 823
f 541 823 493
f 823 541 824
f 610 823 824
f 378 610 824
f 610 378 377
f 493 1190 510
f 469 493 510
f 493 469 825
f 825 541 493
f 541 825 427
f 427 382 541
f 382 824 541
f 824 382 378
f 469 1619 825
f 611 825 1619
f 825 611 427
f 611 387 427
f 382 427 387
f 1619 469 1611
f 1611 1604 1619
f 428 1619 1604
f 1619 428 611
f 428 244 611
f 387 611 244
f 1604 828 428
f 828 243 428
f 244 428 243
f 243 828 301
f 828 375 301
f 297 822 721
f 822 297 554
f 555 822 554
f 496 555 554
f 554 294 496
f 373 496 294
f 496 373 495
f 373 431 495
f 294 554 297
f 431 373 374
f 374 609 431
f 609 374 376
f 376 821 609
f 821 376 379
f 375 821 379
f 5491 5524 5521
f 5527 5521 5524
f 5521 5527 5645
f 5494 5645 5527
f 5645 5494 5522
f 5494 5497 5522
f 5497 5494 5520
f 5520 5636 5497
f 5637 5527 5524
f 5527 5637 5523
f 5494 5527 5523
f 5519 5494 5523
f 8153 5494 5519
f 8153 5520 5494
f 5524 4375 5637
f 4375 4377 5637
f 4377 4174 5637
f 5637 4174 5523
f 8148 5523 4174
f 5523 8148 5519
f 8148 7839 5519
f 7839 7861 5519
f 8153 5519 7861
f 8153 7861 5520
f 4174 4377 7860
f 7860 8121 4174
f 4174 8121 8122
f 8122 8148 4174
f 8148 8122 8146
f 7839 8148 8146
f 7860 7858 8121
f 7858 8122 8121
f 7858 8356 8122
f 8356 7837 8122
f 7837 8146 8122
f 8146 7837 7838
f 7838 7839 8146
f 7838 8409 7839
f 7839 8409 4165
f 4165 7737 7839
f 7839 7737 7740
f 7861 7839 7740
f 7837 8356 8410
f 8409 7837 8410
f 7837 8409 7838
f 8348 8410 8356
f 8410 8348 8355
f 8355 8354 8410
f 8354 8344 8410
f 8344 8409 8410
f 8342 8409 8344
f 8409 8342 4165
f 8356 8367 8348
f 8419 8348 8367
f 8348 8419 8350
f 8350 8355 8348
f 8355 8350 8343
f 8354 8355 8343
f 8357 8419 8367
f 8419 8357 8349
f 8161 8419 8349
f 8419 8161 8160
f 8157 8419 8160
f 8419 8157 8350
f 4164 8350 8157
f 8350 4164 8343
f 4164 8354 8343
f 8357 8359 8349
f 8359 8161 8349
f 8159 8157 8160
f 8159 4164 8157
f 4164 8159 8156
f 8354 4164 8156
f 8339 8354 8156
f 8354 8339 8353
f 8344 8354 8353
f 8353 8342 8344
f 7753 8156 8159
f 7753 8339 8156
f 8339 7753 7751
f 8339 7751 8199
f 8199 8163 8339
f 8339 8163 8352
f 8352 8353 8339
f 8353 8352 8411
f 8342 8353 8411
f 8162 8342 8411
f 8342 8162 4165
f 7753 7784 7751
f 7784 8199 7751
f 8352 8162 8411
f 8162 8352 8163
f 5655 8162 8163
f 8162 5655 6639
f 6638 8162 6639
f 8162 6638 4165
f 7737 4165 6638
f 6638 7739 7737
f 4177 7737 7739
f 7737 4177 7740
f 4177 7861 7740
f 5653 6639 5655
f 6639 5653 5509
f 5658 6639 5509
f 6639 5658 6638
f 7739 6638 5658
f 7739 5658 4178
f 4178 7787 7739
f 7787 4177 7739
f 4177 7787 5660
f 6640 4177 5660
f 4177 6640 5520
f 7861 4177 5520
f 7776 7787 4178
f 7776 7786 7787
f 5657 7787 7786
f 7787 5657 5660
f 6641 5660 5657
f 5660 6641 6640
f 5638 6640 6641
f 6640 5638 5636
f 5636 5520 6640
f 7786 7776 7741
f 5638 5483 5636
f 5483 5638 6179
f 6179 6181 5483
f 1826 2603 1666
f 2603 1826 2602
f 2602 2598 2603
f 2598 2602 2593
f 2593 2595 2598
f 2593 2601 2595
f 2601 2593 2597
f 2597 2620 2601
f 2372 2602 1826
f 2602 2372 2410
f 2410 2593 2602
f 2593 2410 2375
f 2375 2597 2593
f 2597 2375 2377
f 2377 2614 2597
f 2620 2597 2614
f 2614 2616 2620
f 2616 2614 2617
f 2617 2594 2616
f 2390 2410 2372
f 2410 2390 2388
f 2410 2388 2375
f 2367 2375 2388
f 2375 2367 2377
f 2367 2371 2377
f 2614 2377 2371
f 2617 2614 2371
f 2369 2617 2371
f 2617 2369 2600
f 2594 2617 2600
f 2600 2599 2594
f 2599 2600 2596
f 2390 2366 2388
f 2366 2367 2388
f 2367 2366 2364
f 2364 2374 2367
f 2371 2367 2374
f 2374 2369 2371
f 2369 2374 2376
f 2376 2373 2369
f 2596 2369 2373
f 2369 2596 2600
f 2366 2390 2362
f 2363 2366 2362
f 2366 2363 2365
f 2365 2364 2366
f 2364 2365 2260
f 2266 2364 2260
f 2364 2266 2368
f 2374 2364 2368
f 2374 2368 2376
f 2368 2370 2376
f 2373 2376 2370
f 2261 2365 2363
f 2365 2261 2262
f 2262 2260 2365
f 2260 2262 2263
f 2263 2266 2260
f 2266 2263 562
f 741 2266 562
f 2266 741 1957
f 1882 2266 1957
f 2266 1882 2368
f 2370 2368 1882
f 558 2262 2261
f 2262 558 563
f 563 2263 2262
f 2263 563 1820
f 1820 562 2263
f 562 1820 1819
f 1819 2381 562
f 562 2381 741
f 741 2381 747
f 2381 2382 747
f 2382 559 747
f 560 563 558
f 563 560 565
f 561 563 565
f 1820 563 561
f 1820 561 2252
f 2252 1819 1820
f 2252 2381 1819
f 2252 2382 2381
f 559 2382 2252
f 2250 559 2252
f 559 2250 2249
f 2249 2250 2251
f 1813 565 560
f 1813 1811 565
f 746 565 1811
f 746 561 565
f 561 746 2252
f 746 2250 2252
f 2250 746 1811
f 2250 1811 2251
f 1811 1813 2251
f 2312 1887 1867
f 1814 1867 1887
f 1814 1818 1867
f 1818 1814 1817
f 1817 1823 1818
f 1823 1817 2283
f 2284 1823 2283
f 1823 2284 1879
f 2265 1814 1887
f 2648 1814 2265
f 1814 2648 1808
f 1808 1817 1814
f 1817 1808 1871
f 1871 2283 1817
f 2283 1871 1874
f 1822 2283 1874
f 2283 1822 2284
f 2284 1822 1878
f 1879 2284 1878
f 2648 1809 1808
f 1870 1808 1809
f 1808 1870 1871
f 2268 1871 1870
f 1871 2268 1874
f 1821 1874 2268
f 1874 1821 1822
f 1821 1878 1822
f 1875 1878 1821
f 2606 1878 1875
f 2607 1878 2606
f 1809 2648 1812
f 1827 1809 1812
f 1827 2264 1809
f 2264 1870 1809
f 1870 2264 1868
f 1868 2268 1870
f 2268 1868 1877
f 1875 2268 1877
f 2268 1875 1821
f 2264 1827 1816
f 1816 2254 2264
f 1865 2264 2254
f 2264 1865 1868
f 2311 1868 1865
f 1868 2311 1877
f 2311 1875 1877
f 1875 2311 2606
f 2311 2605 2606
f 2605 2607 2606
f 2254 1816 2646
f 2646 2645 2254
f 1865 2254 2645
f 2645 1824 1865
f 2605 1865 1824
f 1865 2605 2311
f 2645 2646 2253
f 2253 1815 2645
f 1824 2645 1815
f 2649 1824 1815
f 1824 2649 1864
f 1864 2605 1824
f 2605 1864 2608
f 2607 2605 2608
f 1876 2607 2608
f 2608 1873 1876
f 1815 2253 1869
f 1869 2649 1815
f 2649 1869 1810
f 2647 2649 1810
f 2649 2647 1866
f 2267 2649 1866
f 2649 2267 1864
f 1864 2267 2608
f 1873 2608 2267
f 2267 1872 1873
f 1872 2267 1866
f 1866 1959 1872
f 1959 1866 1885
f 1885 1866 1884
f 1866 2647 1884
f 1825 2273 2274
f 2273 1825 2538
f 7369 2273 2538
f 2273 7369 7373
f 7365 7373 7369
f 7373 7365 7367
f 7375 7367 7365
f 7367 7375 7368
f 2523 2538 1825
f 2543 2538 2523
f 2538 2543 2558
f 2539 2538 2558
f 2538 2539 7369
f 7364 7369 2539
f 7369 7364 7365
f 7363 7365 7364
f 7365 7363 7375
f 7363 7221 7375
f 7214 7375 7221
f 7375 7214 7368
f 2543 2551 2558
f 2551 2561 2558
f 2561 2539 2558
f 2539 2561 2555
f 2555 7364 2539
f 7364 2555 7351
f 7351 7363 7364
f 7363 7351 7354
f 7354 7339 7363
f 7221 7363 7339
f 2551 2543 2542
f 2550 2551 2542
f 2551 2550 2556
f 2560 2551 2556
f 2551 2560 2568
f 2561 2551 2568
f 2568 2570 2561
f 2554 2561 2570
f 2561 2554 2555
f 2562 2556 2550
f 2556 2562 2553
f 2553 2560 2556
f 2560 2553 2541
f 2580 2560 2541
f 2560 2580 2579
f 2579 2568 2560
f 2568 2579 2559
f 2570 2568 2559
f 2562 2552 2553
f 2544 2553 2552
f 2553 2544 2541
f 2248 2541 2544
f 2541 2248 2255
f 2116 2541 2255
f 2541 2116 2580
f 2552 2562 2549
f 2549 2522 2552
f 2522 2524 2552
f 1999 2552 2524
f 2552 1999 2544
f 2075 2544 1999
f 2544 2075 2248
f 2318 2248 2075
f 2318 2255 2248
f 2255 2318 2000
f 2522 2549 2521
f 2524 2522 2545
f 2075 2072 2318
f 2072 2075 2271
f 2277 2580 2116
f 2580 2277 2589
f 2589 2579 2580
f 2579 2589 2569
f 1883 2579 2569
f 2579 1883 2559
f 2554 7351 2555
f 7351 2554 1881
f 2563 7351 1881
f 7351 2563 7350
f 7350 7354 7351
f 7354 7350 7348
f 7348 7311 7354
f 7339 7354 7311
f 2557 7350 2563
f 7350 2557 7371
f 7371 7348 7350
f 7348 7371 7372
f 7372 7201 7348
f 7311 7348 7201
f 7196 7311 7201
f 7311 7196 7224
f 7219 7311 7224
f 7311 7219 7339
f 1880 7371 2557
f 7371 1880 7376
f 7376 7372 7371
f 7372 7376 7370
f 7370 7220 7372
f 7201 7372 7220
f 7211 7201 7220
f 7201 7211 7196
f 5389 7196 7211
f 7196 5389 5388
f 5388 7224 7196
f 2275 7376 1880
f 7376 2275 7208
f 7208 7370 7376
f 7370 7208 7209
f 7209 5372 7370
f 5372 7203 7370
f 7220 7370 7203
f 7203 7211 7220
f 7211 7203 7223
f 7223 5389 7211
f 5389 7223 5374
f 5374 5379 5389
f 5379 5388 5389
f 5372 7209 5452
f 5421 5372 5452
f 5372 5421 5439
f 5439 7203 5372
f 7203 5439 7223
f 5422 7223 5439
f 7223 5422 5374
f 5374 5422 5453
f 5381 5374 5453
f 5381 5379 5374
f 5423 5439 5421
f 5439 5423 5422
f 7274 5422 5423
f 5422 7274 7565
f 5453 5422 7565
f 5453 7565 5373
f 5453 5373 5454
f 5454 5455 5453
f 5381 5453 5455
f 5455 5379 5381
f 7272 7565 7274
f 7565 7272 7197
f 5437 7565 7197
f 7565 5437 5373
f 5371 5373 5437
f 5373 5371 5454
f 5455 5420 5379
f 5466 5379 5420
f 5379 5466 5387
f 5388 5379 5387
f 5413 5388 5387
f 5388 5413 5412
f 7224 5388 5412
f 5412 7219 7224
f 5465 5387 5466
f 5387 5465 5413
f 5465 5393 5413
f 5393 5412 5413
f 5412 5393 5392
f 7219 5412 5392
f 5392 7210 7219
f 7210 7339 7219
f 7339 7210 7221
f 7214 7221 7210
f 7199 7214 7210
f 5385 5393 5465
f 5393 5385 5390
f 5391 5393 5390
f 5393 5391 5392
f 5380 5392 5391
f 5392 5380 5394
f 7210 5392 5394
f 5394 7199 7210
f 5394 5395 7199
f 5380 5395 5394
f 5395 5380 5396
f 1903 1905 2290
f 2290 1978 1903
f 1978 2290 1982
f 1981 1978 1982
f 1978 1981 1979
f 2197 1979 1981
f 1979 2197 2198
f 2389 2198 2197
f 2198 2389 2391
f 2290 2328 1982
f 2328 1981 1982
f 1981 2328 2065
f 2065 2197 1981
f 2197 2065 2120
f 2119 2197 2120
f 2197 2119 2389
f 2118 2389 2119
f 2118 2391 2389
f 2391 2118 2190
f 2195 2190 2118
f 2065 2328 2113
f 2113 2115 2065
f 2121 2065 2115
f 2065 2121 2120
f 1898 2120 2121
f 2120 1898 2119
f 1898 2118 2119
f 2118 1898 1913
f 2118 1913 2195
f 2115 2113 2112
f 2112 2111 2115
f 2111 2114 2115
f 2122 2115 2114
f 2115 2122 2121
f 1911 2121 2122
f 2121 1911 1898
f 1911 1913 1898
f 1913 1911 1899
f 1899 2195 1913
f 1830 2112 2113
f 1830 2307 2112
f 2307 2111 2112
f 2111 2307 1919
f 1919 1904 2111
f 2114 2111 1904
f 2127 2114 1904
f 2114 2127 2077
f 2077 2122 2114
f 2122 2077 2188
f 2188 1911 2122
f 2307 1830 1831
f 2313 2307 1831
f 2307 2313 2309
f 2307 2309 1909
f 1909 1919 2307
f 1919 1909 2287
f 2287 1920 1919
f 1904 1919 1920
f 1917 1904 1920
f 1904 1917 2127
f 1906 2127 1917
f 2127 1906 2128
f 2077 2127 2128
f 2123 2077 2128
f 2077 2123 2387
f 2387 2188 2077
f 1920 2287 1908
f 2288 1920 1908
f 1920 2288 1917
f 1918 1917 2288
f 1917 1918 1906
f 1918 1907 1906
f 2308 1906 1907
f 1906 2308 2289
f 2289 2128 1906
f 2128 2289 2123
f 2296 2123 2289
f 2123 2296 2066
f 2066 2387 2123
f 2387 2066 2386
f 2386 2187 2387
f 2188 2387 2187
f 2308 2296 2289
f 2296 2308 1912
f 1914 2296 1912
f 2296 1914 2299
f 2299 2066 2296
f 2066 2299 2298
f 2298 2386 2066
f 2386 2298 2194
f 2194 2183 2386
f 2187 2386 2183
f 2183 2196 2187
f 2185 2187 2196
f 2187 2185 2188
f 1911 2188 2185
f 2185 1899 1911
f 1899 2185 2184
f 2184 2195 1899
f 2183 2194 2192
f 2192 2189 2183
f 2196 2183 2189
f 2189 2184 2196
f 2185 2196 2184
f 2189 2192 2193
f 2193 2186 2189
f 2184 2189 2186
f 2184 2186 2195
f 2195 2186 2191
f 2186 2193 2191
f 2109 1922 2110
f 1922 2109 1910
f 2292 1922 1910
f 1922 2292 1980
f 1975 1980 2292
f 1980 1975 2286
f 1958 2286 1975
f 2286 1958 1956
f 1915 1910 2109
f 1910 1915 1916
f 2292 1910 1916
f 2291 2292 1916
f 2292 2291 1975
f 1897 1975 2291
f 1975 1897 1958
f 1958 1897 2297
f 2294 1958 2297
f 1958 2294 1956
f 1916 1915 1900
f 2291 1916 1900
f 2291 1900 1897
f 1897 1900 2310
f 1976 1897 2310
f 1897 1976 2297
f 2293 2297 1976
f 2297 2293 2294
f 1902 2310 1900
f 1921 2310 1902
f 2310 1921 1976
f 2285 1976 1921
f 1976 2285 2293
f 1902 1900 1901
f 2306 1902 1901
f 1902 2306 1921
f 2305 1921 2306
f 1921 2305 2285
f 1923 2295 2304
f 2295 1923 1974
f 2295 1974 1924
f 2010 1924 1974
f 2239 1924 2010
f 2240 1924 2239
f 2240 2079 1924
f 2240 2007 2079
f 1923 2010 1974
f 2010 1923 2236
f 2236 2239 2010
f 2239 2236 2008
f 2008 2235 2239
f 2443 2239 2235
f 2239 2443 2240
f 2007 2240 2443
f 2076 2278 1989
f 2278 2076 2321
f 2278 2321 2325
f 2070 2278 2325
f 2278 2070 2279
f 2117 2279 2070
f 2070 2324 2117
f 2076 2259 2321
f 2259 2325 2321
f 2325 2259 2069
f 2325 2069 2068
f 1987 2325 2068
f 2325 1987 2070
f 2070 1987 2282
f 2324 2070 2282
f 2324 2282 1990
f 2281 2324 1990
f 2324 2281 1991
f 2280 2069 2259
f 2326 2069 2280
f 2069 2326 1986
f 1986 2068 2069
f 2068 1986 2301
f 2068 2301 2300
f 1987 2068 2300
f 1987 2300 1983
f 1984 1987 1983
f 1987 1984 2282
f 2327 2282 1984
f 2282 2327 1990
f 2327 2281 1990
f 1983 2300 2067
f 2067 1988 1983
f 1988 1984 1983
f 2314 1984 1988
f 1984 2314 2327
f 1988 2067 2315
f 1985 1988 2315
f 1988 1985 2314
f 2320 1996 2316
f 2316 2241 2320
f 2378 2241 2316
f 2444 2241 2378
f 2444 2009 2241
f 2009 2444 2242
f 2444 2257 2242
f 2257 2444 2006
f 2006 2244 2257
f 2244 2006 2651
f 2444 2378 2006
f 2006 2378 2651
f 2001 2380 2256
f 2380 2001 2258
f 2258 2322 2380
f 2322 2258 2272
f 2270 2322 2272
f 2322 2270 2269
f 2270 2071 2269
f 2001 1998 2258
f 2650 2258 1998
f 2258 2650 2272
f 2270 2272 2650
f 2650 1993 2270
f 2071 2270 1993
f 1992 2071 1993
f 2323 2071 1992
f 1992 1994 2323
f 1995 2323 1994
f 1998 2001 2319
f 2319 2078 1998
f 1997 1998 2078
f 1998 1997 2650
f 1993 2650 1997
f 2074 1993 1997
f 1993 2074 1992
f 2073 1992 2074
f 1994 1992 2073
f 2073 2002 1994
f 2247 1994 2002
f 1994 2247 1995
f 2078 2319 2243
f 2004 2078 2243
f 2004 2005 2078
f 2005 1997 2078
f 1997 2005 2074
f 2317 2074 2005
f 2074 2317 2073
f 2002 2073 2317
f 2246 2002 2317
f 2002 2246 2003
f 2379 2002 2003
f 2002 2379 2247
f 2005 2004 2245
f 2246 2005 2245
f 2005 2246 2317
f 2424 2422 2427
f 2425 2427 2422
f 2445 2425 2422
f 2425 2445 2423
f 2423 2457 2425
f 2428 2457 2423
f 2428 2423 2426
f 2426 2442 2428
f 2426 2429 2442
f 2422 2302 2445
f 2302 1828 2445
f 1828 2423 2445
f 2423 1828 2426
f 1828 2430 2426
f 2429 2426 2430
f 2429 2430 2458
f 2458 2430 2452
f 2452 2447 2458
f 2452 2446 2447
f 2302 2422 2303
f 2448 2302 2303
f 2302 2448 2452
f 2302 2452 2430
f 2302 2430 1828
f 2446 2452 2448
f 2529 2509 2504
f 2509 2529 2534
f 2509 2534 2515
f 2534 2510 2515
f 2506 2515 2510
f 2515 2506 2517
f 2506 2493 2517
f 2529 2528 2534
f 2510 2534 2528
f 2528 2532 2510
f 2536 2510 2532
f 2510 2536 2513
f 2513 2506 2510
f 2506 2513 2507
f 2506 2507 2493
f 2503 2493 2507
f 2493 2503 2501
f 2528 2529 2530
f 2533 2528 2530
f 2528 2533 2532
f 2531 2532 2533
f 2532 2531 2536
f 2531 2535 2536
f 2512 2536 2535
f 2536 2512 2513
f 2503 2513 2512
f 2513 2503 2507
f 2535 2531 2537
f 2537 2505 2535
f 2514 2535 2505
f 2535 2514 2512
f 2501 2512 2514
f 2512 2501 2503
f 2505 2537 2508
f 2586 2587 2588
f 2587 2586 2585
f 2585 2454 2587
f 2454 2585 2451
f 2451 2449 2454
f 2450 2449 2451
f 2456 2449 2450
f 2456 2453 2449
f 2586 2578 2585
f 2578 2451 2585
f 2578 2450 2451
f 2450 2578 2581
f 2582 2450 2581
f 2583 2450 2582
f 2450 2583 2456
f 2571 2456 2583
f 2571 2453 2456
f 2453 2571 2574
f 2590 2453 2574
f 2578 2586 2577
f 2577 2581 2578
f 2581 2577 2604
f 2604 2582 2581
f 2582 2604 2584
f 2584 2583 2582
f 2583 2584 2573
f 2573 2571 2583
f 2571 2573 2572
f 2572 2574 2571
f 2574 2572 2575
f 2576 2574 2575
f 2574 2576 2590
f 5084 5113 5106
f 5113 5084 5115
f 5114 5113 5115
f 5113 5114 5193
f 5194 5193 5114
f 5193 5194 5092
f 5107 5092 5194
f 5092 5107 5082
f 5084 5104 5115
f 5104 5105 5115
f 5105 5114 5115
f 5114 5105 5089
f 5095 5114 5089
f 5114 5095 5194
f 5108 5194 5095
f 5194 5108 5107
f 5108 5086 5107
f 5082 5107 5086
f 5104 5195 5105
f 5105 5195 5089
f 5195 5117 5089
f 5190 5089 5117
f 5089 5190 5095
f 5190 5108 5095
f 5108 5190 5196
f 5108 5196 5086
f 5196 5100 5086
f 5100 5112 5086
f 5112 5137 5086
f 5195 5104 5085
f 5085 5075 5195
f 5117 5195 5075
f 5075 5191 5117
f 5191 5190 5117
f 5190 5191 5192
f 5196 5190 5192
f 5088 5196 5192
f 5196 5088 5100
f 5116 5100 5088
f 5100 5116 5112
f 5097 5112 5116
f 5112 5097 5137
f 5097 5093 5137
f 5075 5085 5083
f 5083 5197 5075
f 5197 5170 5075
f 5191 5075 5170
f 5220 5191 5170
f 5191 5220 5138
f 5138 5192 5191
f 5192 5138 5088
f 5138 5111 5088
f 5087 5088 5111
f 5088 5087 5116
f 5096 5116 5087
f 5116 5096 5097
f 5170 5197 5177
f 5219 5170 5177
f 5170 5219 5220
f 5219 5109 5220
f 5110 5220 5109
f 5102 5220 5110
f 5102 5138 5220
f 5138 5102 5111
f 5179 5111 5102
f 5111 5179 5087
f 5175 5087 5179
f 5087 5175 5096
f 5175 5094 5096
f 5094 5097 5096
f 5097 5094 5093
f 5110 5098 5102
f 5070 5102 5098
f 5102 5070 5179
f 5198 5179 5070
f 5179 5198 5175
f 5198 5169 5175
f 5094 5175 5169
f 5169 5198 5176
f 5182 5187 5236
f 5187 5182 5186
f 5186 5173 5187
f 5173 5186 5185
f 5073 5173 5185
f 5173 5073 5181
f 5180 5181 5073
f 5181 5180 5178
f 5152 5186 5182
f 5186 5152 5077
f 5078 5186 5077
f 5186 5078 5185
f 5235 5185 5078
f 5185 5235 5073
f 5238 5073 5235
f 5073 5238 5180
f 5079 5180 5238
f 5180 5079 5074
f 5074 5178 5180
f 5178 5074 5172
f 5077 5152 3832
f 3832 5078 5077
f 5078 3832 4074
f 3831 5078 4074
f 5078 3831 5235
f 3833 5235 3831
f 5235 3833 5238
f 5101 5238 3833
f 5238 5101 5079
f 5103 5079 5101
f 5079 5103 5153
f 5153 5074 5079
f 3832 3828 4074
f 4074 3828 3831
f 3831 3828 3833
f 3833 3828 5101
f 5101 3828 5103
f 5103 3828 5099
f 5099 5153 5103
f 5153 5099 5076
f 5249 5153 5076
f 5153 5249 5174
f 5074 5153 5174
f 5171 5074 5174
f 5074 5171 5172
f 5099 3828 5136
f 5250 5099 5136
f 5099 5250 5081
f 5081 5076 5099
f 5184 5076 5081
f 5076 5184 5249
f 5184 5080 5249
f 5080 5174 5249
f 5174 5080 5166
f 5166 5171 5174
f 5136 3828 4073
f 5167 5136 4073
f 5136 5167 5250
f 5248 5250 5167
f 5250 5248 5237
f 5237 5081 5250
f 5081 5237 5184
f 5188 5184 5237
f 5184 5188 5183
f 5080 5184 5183
f 4073 3828 3834
f 5072 4073 3834
f 4073 5072 5167
f 5071 5167 5072
f 5167 5071 5248
f 5234 5248 5071
f 5248 5234 5189
f 5189 5237 5248
f 5237 5189 5188
f 5159 5313 5168
f 5313 5159 5317
f 5317 5362 5313
f 5362 5317 5363
f 5363 5368 5362
f 5363 5282 5368
f 5282 5363 5281
f 5281 5280 5282
f 5157 5317 5159
f 5317 5157 5277
f 5277 5363 5317
f 5363 5277 5365
f 5365 5281 5363
f 5281 5365 5366
f 5366 5270 5281
f 5280 5281 5270
f 5270 5147 5280
f 5147 5270 5150
f 5150 5272 5147
f 5217 5277 5157
f 5277 5217 5364
f 5364 5365 5277
f 5365 5364 5304
f 5304 5366 5365
f 5366 5304 5325
f 5325 5320 5366
f 5150 5366 5320
f 5366 5150 5270
f 5218 5364 5217
f 5364 5218 5278
f 5278 5304 5364
f 5304 5278 5321
f 5321 5325 5304
f 5325 5321 5319
f 5319 5324 5325
f 5320 5325 5324
f 5324 5367 5320
f 5274 5320 5367
f 5320 5274 5150
f 5218 5154 5278
f 5242 5278 5154
f 5278 5242 5321
f 5068 5321 5242
f 5321 5068 5319
f 5068 5306 5319
f 5310 5319 5306
f 5319 5310 5324
f 5367 5324 5310
f 5154 5218 5245
f 5245 5253 5154
f 5242 5154 5253
f 5155 5242 5253
f 5242 5155 5068
f 5155 5243 5068
f 5306 5068 5243
f 5243 5069 5306
f 5327 5306 5069
f 5306 5327 5310
f 5303 5310 5327
f 5310 5303 5367
f 5253 5245 5244
f 5253 5244 5066
f 5155 5253 5066
f 5252 5155 5066
f 5243 5155 5252
f 5252 5251 5243
f 5069 5243 5251
f 5163 5252 5066
f 5251 5252 5163
f 5271 5367 5303
f 5367 5271 5274
f 5271 5272 5274
f 5272 5150 5274
f 5272 5271 5273
f 7302 5467 5386
f 5467 7302 7301
f 7301 5468 5467
f 5468 7301 7262
f 7262 5384 5468
f 5384 7262 7263
f 7263 5463 5384
f 7297 7301 7302
f 7301 7297 7366
f 7366 7262 7301
f 7262 7366 7266
f 7266 7263 7262
f 7263 7266 7154
f 7154 7159 7263
f 5463 7263 7159
f 7142 5463 7159
f 5463 7142 5470
f 7366 7297 7303
f 7330 7366 7303
f 7366 7330 7331
f 7331 7266 7366
f 7266 7331 7157
f 7157 7154 7266
f 7154 7157 7156
f 7156 7265 7154
f 7159 7154 7265
f 7150 7159 7265
f 7159 7150 7142
f 7150 7145 7142
f 7145 5470 7142
f 5470 7145 5406
f 7295 7331 7330
f 7331 7295 7300
f 7157 7331 7300
f 5447 7157 7300
f 7157 5447 7213
f 7213 7156 7157
f 7156 7213 7206
f 7207 7156 7206
f 7265 7156 7207
f 7148 7265 7207
f 7265 7148 7150
f 5375 7300 7295
f 7300 5375 5447
f 7293 5447 5375
f 5447 7293 7294
f 7294 7213 5447
f 7213 7294 7205
f 7205 7206 7213
f 7206 7205 7202
f 7202 7207 7206
f 7207 7202 7155
f 7155 7148 7207
f 7148 7155 7143
f 7143 7153 7148
f 7153 7150 7148
f 7293 7292 7294
f 7292 7205 7294
f 7205 7292 7204
f 7204 7202 7205
f 7202 7204 7212
f 7212 7155 7202
f 7155 7212 7144
f 7144 7143 7155
f 7143 7144 7146
f 7146 7158 7143
f 7153 7143 7158
f 7292 7293 7296
f 7158 7146 5461
f 5461 5460 7158
f 7158 5460 7153
f 7153 5460 7145
f 7150 7153 7145
f 7145 5460 5406
f 7151 5456 5382
f 5456 7151 5448
f 5456 5448 5377
f 5377 5448 5378
f 5429 5377 5378
f 5377 5429 5438
f 7335 5438 5429
f 5438 7335 5440
f 7151 7152 5448
f 5426 5448 7152
f 5448 5426 5378
f 5378 5426 5429
f 5428 5429 5426
f 5429 5428 7335
f 5445 7335 5428
f 7335 5445 7319
f 7319 7336 7335
f 5440 7335 7336
f 7152 7151 5424
f 5424 5449 7152
f 5425 7152 5449
f 7152 5425 5426
f 5442 5426 5425
f 5426 5442 5428
f 5442 5445 5428
f 5445 5442 5450
f 5450 5451 5445
f 7322 5445 5451
f 5445 7322 7319
f 5449 5424 5427
f 5427 5433 5449
f 5444 5449 5433
f 5449 5444 5425
f 5444 5442 5425
f 5442 5444 5432
f 5432 5450 5442
f 5432 5431 5450
f 5451 5450 5431
f 5451 5431 5415
f 5407 5451 5415
f 5451 5407 7322
f 5433 5427 5443
f 5443 5434 5433
f 5444 5433 5434
f 5444 5434 5432
f 5432 5434 5462
f 5431 5432 5462
f 5462 5441 5431
f 5430 5431 5441
f 5431 5430 5415
f 7334 5415 5430
f 5415 7334 5407
f 5462 5434 5408
f 5441 5462 5408
f 5408 7147 5441
f 7264 5441 7147
f 5441 7264 5430
f 7324 5430 7264
f 5430 7324 7334
f 7340 7334 7324
f 7334 7340 7344
f 7344 5407 7334
f 5408 5434 5404
f 7147 5408 5404
f 5404 7149 7147
f 7267 7147 7149
f 7147 7267 7264
f 7267 7324 7264
f 7324 7267 7341
f 7341 7340 7324
f 7340 7341 7345
f 5407 7344 5383
f 5416 5407 5383
f 5407 5416 7322
f 5416 5414 7322
f 7320 7322 5414
f 7320 7319 7322
f 7319 7320 7321
f 7336 7319 7321
f 7304 7310 7309
f 7310 7304 7308
f 7308 7563 7310
f 7563 7308 7269
f 7563 7269 5446
f 7270 5446 7269
f 5446 7270 5376
f 7314 7308 7304
f 7308 7314 7305
f 7270 7308 7305
f 7308 7270 7269
f 7314 7333 7305
f 7273 7305 7333
f 7305 7273 7270
f 7270 7273 5376
f 7273 5435 5376
f 5435 5457 5376
f 5458 5376 5457
f 5376 5458 5459
f 5458 7200 5459
f 7333 7314 7332
f 7332 7306 7333
f 7271 7333 7306
f 7333 7271 7273
f 5435 7273 7271
f 7271 7279 5435
f 7281 5435 7279
f 5435 7281 5436
f 5457 5435 5436
f 7306 7332 7323
f 7323 7343 7306
f 7279 7306 7343
f 7306 7279 7271
f 7343 7323 7338
f 7342 7343 7338
f 7343 7342 7337
f 7281 7343 7337
f 7343 7281 7279
f 7277 7337 7342
f 7275 7337 7277
f 7337 7275 7276
f 7276 7281 7337
f 7281 7276 7280
f 7280 5436 7281
f 7280 5457 5436
f 5457 7280 7284
f 7268 5457 7284
f 5457 7268 5458
f 7275 7278 7276
f 7278 7280 7276
f 7280 7278 7284
f 7312 7284 7278
f 7284 7312 7268
f 7307 7268 7312
f 7268 7307 7564
f 7268 7564 5458
f 7200 5458 7564
f 7564 7198 7200
f 7278 7275 7282
f 7283 7278 7282
f 7278 7283 7312
f 7313 7312 7283
f 7312 7313 7307
f 7222 7307 7313
f 7307 7222 7198
f 7198 7564 7307
f 4371 4515 4370
f 4515 4371 4522
f 4511 4515 4522
f 4515 4511 4520
f 4511 4514 4520
f 4514 4511 4517
f 4505 4514 4517
f 4514 4505 4516
f 4289 4522 4371
f 4522 4289 4248
f 4248 4511 4522
f 4511 4248 4249
f 4254 4511 4249
f 4511 4254 4517
f 4254 4505 4517
f 4505 4254 4500
f 4509 4505 4500
f 4505 4509 4497
f 4509 4398 4497
f 4253 4248 4289
f 4248 4253 4257
f 4247 4248 4257
f 4248 4247 4249
f 4247 4254 4249
f 4254 4247 4250
f 8573 4254 4250
f 4254 8573 4500
f 8569 4500 8573
f 4500 8569 4509
f 4253 4255 4257
f 4255 4247 4257
f 4247 4255 4256
f 4527 4247 4256
f 4247 4527 4250
f 4527 8573 4250
f 8573 4527 4581
f 4459 8573 4581
f 8573 4459 8569
f 4459 4461 8569
f 4461 4509 8569
f 4255 4253 4251
f 4266 4255 4251
f 4255 4266 4400
f 4325 4255 4400
f 4255 4325 4256
f 4532 4256 4325
f 4256 4532 4527
f 4529 4527 4532
f 4527 4529 4581
f 4529 4459 4581
f 4287 4400 4266
f 4400 4287 4531
f 4530 4400 4531
f 4400 4530 4325
f 4451 4325 4530
f 4325 4451 4532
f 4451 4529 4532
f 4529 4451 4145
f 4148 4529 4145
f 4529 4148 4146
f 4459 4529 4146
f 4452 4531 4287
f 4531 4452 4326
f 4300 4531 4326
f 4531 4300 4530
f 4300 4451 4530
f 4451 4300 4446
f 4149 4451 4446
f 4451 4149 4145
f 4151 4145 4149
f 4145 4151 4148
f 4151 4150 4148
f 4150 4146 4148
f 4452 4453 4326
f 4453 4300 4326
f 4300 4453 4440
f 4447 4300 4440
f 4300 4447 4446
f 4427 4446 4447
f 4446 4427 4149
f 4427 4151 4149
f 4453 4452 4327
f 4379 4453 4327
f 4453 4379 4448
f 4428 4453 4448
f 4453 4428 4440
f 4443 4440 4428
f 4440 4443 4447
f 4443 4427 4447
f 4427 4443 4526
f 4449 4427 4526
f 4427 4449 4430
f 4151 4427 4430
f 4436 4448 4379
f 4448 4436 4441
f 4435 4448 4441
f 4448 4435 4428
f 4435 4443 4428
f 4443 4435 4438
f 4429 4443 4438
f 4443 4429 4526
f 4399 4526 4429
f 4526 4399 4449
f 4399 4571 4449
f 4571 4430 4449
f 4436 4437 4441
f 4437 4435 4441
f 4435 4437 4439
f 4442 4435 4439
f 4435 4442 4438
f 4568 4438 4442
f 4438 4568 4429
f 4568 4399 4429
f 4437 4436 4161
f 4492 4437 4161
f 4437 4492 4319
f 4162 4437 4319
f 4437 4162 4439
f 4563 4439 4162
f 4439 4563 4442
f 4563 4568 4442
f 4568 4563 4569
f 4407 4568 4569
f 4568 4407 4564
f 4399 4568 4564
f 4282 4319 4492
f 4319 4282 4559
f 4560 4319 4559
f 4319 4560 4162
f 4560 4563 4162
f 4563 4560 4567
f 4561 4563 4567
f 4563 4561 4569
f 4330 4569 4561
f 4569 4330 4407
f 4284 4559 4282
f 4559 4284 4566
f 4566 4560 4559
f 4560 4566 4565
f 4551 4560 4565
f 4560 4551 4567
f 4328 4567 4551
f 4567 4328 4561
f 4328 4330 4561
f 4380 4566 4284
f 4566 4380 4549
f 4549 4565 4566
f 4565 4549 4558
f 4406 4565 4558
f 4565 4406 4551
f 4406 4328 4551
f 4328 4406 4291
f 4334 4328 4291
f 4328 4334 4456
f 4330 4328 4456
f 4378 4549 4380
f 4549 4378 4410
f 4410 4558 4549
f 4558 4410 4412
f 4550 4558 4412
f 4558 4550 4406
f 4550 4291 4406
f 4291 4550 4293
f 4281 4291 4293
f 4291 4281 4334
f 4372 4410 4378
f 4410 4372 4417
f 4417 4412 4410
f 4412 4417 4547
f 4555 4412 4547
f 4412 4555 4550
f 4555 4293 4550
f 4293 4555 4278
f 4336 4293 4278
f 4293 4336 4281
f 4285 4417 4372
f 4417 4285 4415
f 4415 4547 4417
f 4547 4415 4339
f 4411 4547 4339
f 4547 4411 4555
f 4411 4278 4555
f 4278 4411 4409
f 4409 4336 4278
f 4336 4409 4337
f 4337 4283 4336
f 4283 4281 4336
f 4298 4415 4285
f 4415 4298 4487
f 4487 4339 4415
f 4339 4487 4494
f 4583 4339 4494
f 4339 4583 4411
f 4476 4411 4583
f 4411 4476 4409
f 4486 4409 4476
f 4409 4486 4337
f 4297 4487 4298
f 4487 4297 4493
f 4493 4494 4487
f 4494 4493 4491
f 4491 4583 4494
f 4583 4491 4496
f 4496 4476 4583
f 4476 4496 4479
f 4479 4486 4476
f 4486 4479 4485
f 4485 4483 4486
f 4483 4337 4486
f 4261 4493 4297
f 4493 4261 4488
f 4493 4488 4491
f 4480 4491 4488
f 4491 4480 4496
f 4477 4496 4480
f 4496 4477 4479
f 4479 4477 4485
f 4490 4485 4477
f 4485 4490 4482
f 4483 4485 4482
f 4258 4488 4261
f 4488 4258 4402
f 4402 4480 4488
f 4480 4402 4405
f 4268 4480 4405
f 4480 4268 4477
f 4271 4477 4268
f 4477 4271 4490
f 4263 4402 4258
f 4402 4263 4265
f 4265 4405 4402
f 4405 4265 4260
f 4260 4268 4405
f 4268 4260 4267
f 4267 4271 4268
f 4271 4267 4269
f 4270 4269 4267
f 4269 4270 4364
f 4259 4265 4263
f 4265 4259 4403
f 4262 4265 4403
f 4265 4262 4260
f 4262 4267 4260
f 4267 4262 4270
f 4408 4270 4262
f 4270 4408 4272
f 4272 4364 4270
f 4364 4272 4361
f 4262 4403 4259
f 4262 4259 4264
f 4262 4264 4408
f 4337 4483 4416
f 4283 4337 4416
f 4281 4283 4545
f 4545 4334 4281
f 4334 4545 4333
f 4333 4456 4334
f 4456 4333 4457
f 4457 4330 4456
f 4330 4457 4332
f 4332 4407 4330
f 4407 4332 4454
f 4454 4564 4407
f 4564 4454 4576
f 4576 4399 4564
f 4399 4576 4401
f 4571 4399 4401
f 4430 4571 4444
f 4444 4151 4430
f 4151 4444 4144
f 4150 4151 4144
f 4146 4150 4147
f 4147 4459 4146
f 4459 4147 8572
f 4461 4459 8572
f 4509 4461 4396
f 4398 4509 4396
f 4759 5005 5014
f 5005 4759 4894
f 4894 4963 5005
f 4963 4894 4942
f 4942 4947 4963
f 4947 4942 4940
f 4948 4947 4940
f 4947 4948 4945
f 4759 5013 4894
f 5013 4942 4894
f 4942 5013 4950
f 4949 4942 4950
f 4942 4949 4940
f 4949 4948 4940
f 5013 4759 4760
f 4757 5013 4760
f 5013 4757 4890
f 4938 5013 4890
f 5013 4938 4950
f 4938 4949 4950
f 4949 4938 5039
f 4984 4949 5039
f 4949 4984 5034
f 4948 4949 5034
f 4757 5023 4890
f 5023 4938 4890
f 4938 5023 4755
f 4615 4938 4755
f 4938 4615 5039
f 4615 4984 5039
f 4984 4615 4979
f 4985 4984 4979
f 4984 4985 4902
f 4902 5034 4984
f 5023 4757 5012
f 4948 4464 4945
f 4464 4948 4465
f 4465 4582 4464
f 4582 4465 4986
f 4986 4905 4582
f 4905 4986 4904
f 4990 4905 4904
f 4905 4990 4982
f 4948 4899 4465
f 4987 4465 4899
f 4465 4987 4986
f 4901 4986 4987
f 4986 4901 4904
f 4901 4990 4904
f 4899 4948 5034
f 5034 4902 4899
f 4983 4899 4902
f 4899 4983 4987
f 4983 4901 4987
f 4901 4983 4782
f 4803 4901 4782
f 4901 4803 4786
f 4990 4901 4786
f 4985 4983 4902
f 4983 4985 4805
f 4932 4983 4805
f 4983 4932 4782
f 4781 4782 4932
f 4782 4781 4803
f 4781 4789 4803
f 4789 4786 4803
f 4786 4789 4785
f 4785 4990 4786
f 4985 4807 4805
f 4779 4805 4807
f 4805 4779 4932
f 4779 4781 4932
f 4781 4779 4778
f 4804 4781 4778
f 4781 4804 4783
f 4789 4781 4783
f 4807 4985 4773
f 4773 4770 4807
f 4770 4779 4807
f 4779 4770 4806
f 4933 4779 4806
f 4779 4933 4778
f 4798 4778 4933
f 4778 4798 4804
f 4798 4638 4804
f 4638 4783 4804
f 4985 4980 4773
f 4980 4893 4773
f 4770 4773 4893
f 4980 4985 4979
f 4615 4980 4979
f 4980 4615 4898
f 4900 4980 4898
f 4980 4900 4903
f 4893 4980 4903
f 4755 4898 4615
f 4898 4755 5027
f 5027 4900 4898
f 4900 5027 4579
f 5027 4939 4579
f 4939 5027 5026
f 5027 5023 5026
f 5023 5027 4755
f 4638 4798 4640
f 4914 4638 4640
f 4638 4914 4927
f 4926 4638 4927
f 4638 4926 4801
f 4783 4638 4801
f 4801 4789 4783
f 4998 4927 4914
f 4927 4998 4915
f 4915 4926 4927
f 4926 4915 4917
f 4925 4926 4917
f 4926 4925 4788
f 4802 4926 4788
f 4926 4802 4801
f 4789 4801 4802
f 4930 4789 4802
f 4789 4930 4785
f 4995 4915 4998
f 4915 4995 4993
f 4993 4917 4915
f 4917 4993 4623
f 4623 4925 4917
f 4925 4623 4928
f 4929 4925 4928
f 4925 4929 4821
f 4784 4925 4821
f 4925 4784 4788
f 4997 4993 4995
f 4993 4997 4996
f 4994 4993 4996
f 4993 4994 4623
f 4994 4928 4623
f 4928 4994 4918
f 4918 4929 4928
f 4628 4996 4997
f 4996 4628 4614
f 4614 4994 4996
f 4994 4614 4977
f 4909 4994 4977
f 4994 4909 4918
f 4909 4920 4918
f 4929 4918 4920
f 4618 4614 4628
f 4614 4618 4616
f 4616 4977 4614
f 4977 4616 5001
f 4919 4977 5001
f 4977 4919 4909
f 4919 4906 4909
f 4920 4909 4906
f 4624 4920 4906
f 4920 4624 4907
f 4907 4929 4920
f 4625 4616 4618
f 4616 4625 4988
f 4988 5001 4616
f 5001 4988 4620
f 4621 5001 4620
f 5001 4621 4919
f 4621 4908 4919
f 4906 4919 4908
f 4630 4906 4908
f 4906 4630 4624
f 4625 4924 4988
f 4622 4988 4924
f 4988 4622 4620
f 4923 4620 4622
f 4620 4923 4621
f 4923 4921 4621
f 4908 4621 4921
f 4922 4908 4921
f 4908 4922 4630
f 4924 4625 4629
f 4599 4924 4629
f 4924 4599 4827
f 4827 4622 4924
f 4622 4827 4603
f 4603 4923 4622
f 4923 4603 4829
f 4829 4631 4923
f 4921 4923 4631
f 4619 4921 4631
f 4921 4619 4922
f 4599 4693 4827
f 4605 4827 4693
f 4827 4605 4603
f 4719 4603 4605
f 4603 4719 4829
f 4607 4829 4719
f 4829 4607 4836
f 4631 4829 4836
f 4608 4631 4836
f 4631 4608 4619
f 4693 4599 4600
f 4602 4693 4600
f 4693 4602 4828
f 4605 4693 4828
f 4828 4719 4605
f 4719 4828 4601
f 4601 4607 4719
f 4607 4601 4611
f 4795 4607 4611
f 4795 4836 4607
f 4836 4795 4608
f 4971 4608 4795
f 4608 4971 4975
f 4975 4619 4608
f 4957 4828 4602
f 4828 4957 4955
f 4955 4601 4828
f 4601 4955 5024
f 4469 4601 5024
f 4601 4469 4611
f 4953 4611 4469
f 4611 4953 4946
f 4946 4795 4611
f 4795 4946 4971
f 4957 4952 4955
f 4954 4955 4952
f 4955 4954 5024
f 4468 5024 4954
f 5024 4468 4469
f 4471 4469 4468
f 4469 4471 4953
f 4952 4957 4958
f 4958 5022 4952
f 4956 4952 5022
f 4952 4956 4954
f 4956 4468 4954
f 4468 4956 5031
f 4463 4468 5031
f 4468 4463 4471
f 5022 4958 4959
f 4959 4960 5022
f 5025 5022 4960
f 5022 5025 4956
f 4956 5025 4951
f 4956 4951 4463
f 4956 4463 5031
f 4960 4959 4478
f 4619 4975 4978
f 4978 4922 4619
f 4922 4978 4965
f 4965 4630 4922
f 4630 4965 4966
f 4966 4624 4630
f 4624 4966 4969
f 4969 4907 4624
f 4907 4969 4972
f 4972 4916 4907
f 4929 4907 4916
f 4833 4929 4916
f 4929 4833 4821
f 4787 4821 4833
f 4821 4787 4784
f 4916 4972 5002
f 5002 4833 4916
f 4833 5002 4834
f 4834 4787 4833
f 4787 4834 4831
f 4790 4787 4831
f 4787 4790 4835
f 4930 4787 4835
f 4787 4930 4784
f 4930 4788 4784
f 4788 4930 4802
f 4790 4832 4835
f 4832 4930 4835
f 4930 4832 4785
f 4990 4785 4832
f 4970 4990 4832
f 4990 4970 4982
f 4832 4790 4970
f 4882 5989 4883
f 5989 4882 5984
f 5984 5986 5989
f 5986 5984 5972
f 5972 6235 5986
f 6235 5972 5988
f 5988 4820 6235
f 4747 5984 4882
f 5984 4747 6177
f 6177 5972 5984
f 5972 6177 5987
f 5987 5988 5972
f 5988 5987 5985
f 5985 4654 5988
f 4820 5988 4654
f 6180 4820 4654
f 4820 6180 4699
f 4884 6177 4747
f 6177 4884 5977
f 5977 5987 6177
f 5987 5977 5978
f 5978 5985 5987
f 5985 5978 5983
f 5983 6236 5985
f 4654 5985 6236
f 4643 4654 6236
f 4654 4643 6180
f 4887 5977 4884
f 5977 4887 5965
f 5965 5978 5977
f 5978 5965 5976
f 5976 5983 5978
f 5983 5976 6178
f 6178 4644 5983
f 6236 5983 4644
f 6237 6236 4644
f 6236 6237 4643
f 4885 5965 4887
f 5965 4885 5975
f 5975 5976 5965
f 5976 5975 5964
f 5964 6178 5976
f 6178 5964 5974
f 6238 6178 5974
f 6178 6238 4642
f 4644 6178 4642
f 4651 4644 4642
f 4644 4651 6237
f 4886 5975 4885
f 5975 4886 5945
f 5945 5964 5975
f 5964 5945 5586
f 4647 5964 5586
f 5964 4647 5974
f 4841 5974 4647
f 5974 4841 6238
f 4696 6238 4841
f 6238 4696 4724
f 4724 4642 6238
f 4642 4724 4651
f 5033 5945 4886
f 5945 5033 5621
f 5618 5945 5621
f 5945 5618 5586
f 4694 5586 5618
f 5586 4694 4647
f 4694 4841 4647
f 4841 4694 4695
f 4695 4696 4841
f 5033 5620 5621
f 5590 5621 5620
f 5621 5590 5618
f 4695 5618 5590
f 5618 4695 4694
f 5620 5033 5035
f 5035 5958 5620
f 5956 5620 5958
f 5620 5956 5590
f 4723 5590 5956
f 5590 4723 4695
f 4696 4695 4723
f 4723 4649 4696
f 4697 4696 4649
f 4696 4697 4724
f 5958 5035 5957
f 5957 5484 5958
f 5585 5958 5484
f 5958 5585 5956
f 4648 5956 5585
f 5956 4648 4723
f 4649 4723 4648
f 4698 4724 4697
f 4724 4698 4651
f 4645 4651 4698
f 4651 4645 6237
f 4645 4643 6237
f 4643 4645 5981
f 5981 6180 4643
f 6180 5981 5982
f 5982 4699 6180
f 4699 5982 4700
f 4736 4745 4877
f 4745 4736 4735
f 4735 4876 4745
f 4876 4735 4741
f 4729 4876 4741
f 4876 4729 4725
f 4727 4725 4729
f 4725 4727 4744
f 4736 4740 4735
f 4740 4741 4735
f 4741 4740 4733
f 6242 4741 4733
f 4741 6242 4729
f 5743 4729 6242
f 4729 5743 4727
f 4740 4736 4881
f 4881 4879 4740
f 4734 4740 4879
f 4740 4734 4733
f 4597 4733 4734
f 4733 4597 6242
f 5745 6242 4597
f 6242 5745 5743
f 4879 4881 4878
f 4742 4879 4878
f 4879 4742 4739
f 5724 4879 4739
f 4879 5724 4734
f 4734 5724 4597
f 5724 5745 4597
f 5745 5724 5723
f 4732 5723 5724
f 5723 4732 4730
f 4728 4730 4732
f 4726 4739 4742
f 4739 4726 4732
f 4739 4732 5724
f 4726 4728 4732
f 4728 4726 4737
f 5718 4871 6243
f 4871 5718 4830
f 4830 4837 4871
f 4837 4830 4720
f 4720 4683 4837
f 4683 4720 4717
f 4717 4690 4683
f 5719 4830 5718
f 4830 5719 4721
f 4721 4720 4830
f 4720 4721 4716
f 4716 4717 4720
f 4717 4716 4687
f 4687 4682 4717
f 4690 4717 4682
f 4682 5720 4690
f 5720 4682 6244
f 6244 4691 5720
f 4718 4721 5719
f 4721 4718 4869
f 4869 4716 4721
f 4716 4869 4868
f 4715 4716 4868
f 4716 4715 4687
f 4686 4687 4715
f 4687 4686 4685
f 4682 4687 4685
f 4685 6244 4682
f 4685 4692 6244
f 4691 6244 4692
f 4596 4869 4718
f 4869 4596 4810
f 4810 4868 4869
f 4868 4810 4870
f 4870 4715 4868
f 4715 4870 5030
f 5030 4686 4715
f 4686 5030 5036
f 5036 4689 4686
f 4688 4686 4689
f 4686 4688 4685
f 4692 4685 4688
f 4598 4810 4596
f 4810 4598 5722
f 5722 4870 4810
f 4870 5722 5032
f 4888 4870 5032
f 4870 4888 5030
f 4888 5036 5030
f 5036 4888 5029
f 5029 4889 5036
f 4689 5036 4889
f 5717 5722 4598
f 5722 5717 4780
f 4771 5722 4780
f 5722 4771 5032
f 5029 5032 4771
f 5032 5029 4888
f 4891 4780 5717
f 4780 4891 4772
f 4866 4780 4772
f 4780 4866 4771
f 5028 4771 4866
f 4771 5028 5029
f 4889 5029 5028
f 4769 4766 4777
f 4766 4769 4862
f 4862 4861 4766
f 4861 4862 4776
f 4776 4753 4861
f 4753 4776 4758
f 4758 4752 4753
f 4764 4862 4769
f 4862 4764 4776
f 4764 4854 4776
f 4859 4776 4854
f 4776 4859 4758
f 4857 4758 4859
f 4758 4857 4765
f 4752 4758 4765
f 4765 4751 4752
f 4854 4764 4856
f 4856 4848 4854
f 4748 4854 4848
f 4854 4748 4859
f 4844 4859 4748
f 4859 4844 4857
f 4743 4857 4844
f 4857 4743 4754
f 4765 4857 4754
f 4751 4765 4754
f 4852 4751 4754
f 4751 4852 4850
f 4848 4856 4858
f 4858 4746 4848
f 4746 4749 4848
f 4849 4848 4749
f 4848 4849 4748
f 4846 4748 4849
f 4748 4846 4844
f 4846 4743 4844
f 4743 4846 4738
f 4843 4743 4738
f 4743 4843 4845
f 4845 4754 4743
f 4754 4845 4852
f 4749 4746 4750
f 4702 4845 4843
f 4845 4702 4842
f 4842 4852 4845
f 4852 4842 4892
f 4892 4850 4852
f 4850 4892 4756
f 4864 4756 4892
f 4756 4864 4867
f 4840 4842 4702
f 4842 4840 4701
f 4701 4892 4842
f 4892 4701 4864
f 4775 4864 4701
f 4767 4864 4775
f 4864 4767 4867
f 4865 4701 4840
f 4701 4865 4775
f 4865 4774 4775
f 4767 4775 4774
f 5038 5536 5535
f 5536 5038 6424
f 6424 5656 5536
f 5656 6424 6654
f 6654 5475 5656
f 5475 6654 6421
f 6421 5478 5475
f 6423 6424 5038
f 6424 6423 6425
f 6425 6654 6424
f 6654 6425 6422
f 6422 6421 6654
f 6421 6422 6420
f 6420 6415 6421
f 5478 6421 6415
f 6415 5479 5478
f 5479 6415 8570
f 8570 5532 5479
f 4875 6425 6423
f 6425 4875 6280
f 6280 6422 6425
f 6422 6280 6281
f 6281 6420 6422
f 6420 6281 6277
f 6277 6414 6420
f 6415 6420 6414
f 6414 8570 6415
f 8570 6414 6419
f 6419 6412 8570
f 5532 8570 6412
f 6412 5534 5532
f 6258 6280 4875
f 6280 6258 6255
f 6255 6281 6280
f 6281 6255 6257
f 6257 6277 6281
f 6277 6257 4873
f 4873 4944 6277
f 6414 6277 4944
f 4944 6419 6414
f 6258 4880 6255
f 6276 6255 4880
f 6255 6276 6257
f 6279 6257 6276
f 6257 6279 4873
f 6141 4873 6279
f 4873 6141 6108
f 4944 4873 6108
f 4880 6258 6029
f 6029 6145 4880
f 5037 4880 6145
f 4880 5037 6276
f 6278 6276 5037
f 6276 6278 6279
f 6278 6141 6279
f 6141 6278 6147
f 6147 6142 6141
f 6142 6108 6141
f 6108 6142 6113
f 6113 4944 6108
f 6145 6029 6252
f 6142 6147 6110
f 6110 6109 6142
f 6109 6113 6142
f 6113 6109 6259
f 6259 4941 6113
f 4944 6113 4941
f 6419 4944 4941
f 6112 6419 4941
f 6419 6112 6413
f 6412 6419 6413
f 6109 6110 6111
f 6111 6254 6109
f 6253 6109 6254
f 6109 6253 6259
f 6146 6259 6253
f 6259 6146 6112
f 4941 6259 6112
f 6254 6111 6273
f 6273 6409 6254
f 8568 6254 6409
f 6254 8568 6253
f 6653 6253 8568
f 6253 6653 6146
f 6413 6146 6653
f 6146 6413 6112
f 6409 6273 6416
f 6416 6411 6409
f 6406 6409 6411
f 6409 6406 8568
f 8571 8568 6406
f 8568 8571 6653
f 6412 6653 8571
f 6653 6412 6413
f 6411 6416 6417
f 6418 6411 6417
f 5651 6411 6418
f 6411 5651 6406
f 5534 6406 5651
f 6406 5534 8571
f 5534 6412 8571
f 5474 5538 5508
f 5538 5474 5507
f 5471 5538 5507
f 5538 5471 5539
f 5537 5539 5471
f 5539 5537 5540
f 5537 5476 5540
f 5596 5507 5474
f 5507 5596 5473
f 5473 5471 5507
f 5471 5473 5506
f 5503 5471 5506
f 5471 5503 5537
f 5601 5537 5503
f 5537 5601 5477
f 5476 5537 5477
f 5477 5511 5476
f 5596 5510 5473
f 5502 5473 5510
f 5473 5502 5506
f 5606 5506 5502
f 5506 5606 5503
f 5503 5606 5601
f 5514 5601 5606
f 5601 5514 5505
f 5505 5504 5601
f 5477 5601 5504
f 5511 5477 5504
f 5510 5596 5597
f 5597 5513 5510
f 5599 5510 5513
f 5510 5599 5502
f 5514 5502 5599
f 5502 5514 5606
f 5513 5597 5472
f 5504 5505 5512
f 5600 5504 5512
f 5600 5511 5504
f 5511 5600 5598
f 5572 5500 5605
f 5500 5572 5609
f 5609 5501 5500
f 5501 5609 5584
f 5584 5567 5501
f 5567 5584 5580
f 5580 5496 5567
f 5575 5609 5572
f 5609 5575 5582
f 5582 5584 5609
f 5584 5582 5490
f 5490 5580 5584
f 5580 5490 5608
f 5608 5583 5580
f 5496 5580 5583
f 5583 5568 5496
f 5568 5583 5569
f 5569 5499 5568
f 5573 5582 5575
f 5582 5573 5612
f 5612 5490 5582
f 5490 5612 5488
f 5576 5490 5488
f 5490 5576 5608
f 5576 5574 5608
f 5583 5608 5574
f 5574 5569 5583
f 5602 5612 5573
f 5612 5602 5603
f 5603 5488 5612
f 5488 5603 5495
f 5571 5488 5495
f 5488 5571 5576
f 5571 5533 5576
f 5574 5576 5533
f 5946 5574 5533
f 5574 5946 5531
f 5569 5574 5531
f 5604 5603 5602
f 5603 5604 5498
f 5495 5603 5498
f 5570 5495 5498
f 5495 5570 5492
f 5492 5571 5495
f 5571 5492 5545
f 5545 5589 5571
f 5533 5571 5589
f 5589 5946 5533
f 5946 5589 5481
f 5481 5531 5946
f 5493 5498 5604
f 5498 5493 5570
f 5589 5545 5588
f 5588 5481 5589
f 5481 5588 5480
f 5480 5578 5481
f 5531 5481 5578
f 5578 5569 5531
f 5569 5578 5577
f 5499 5569 5577
f 5577 5587 5499
f 5587 5577 5581
f 5578 5480 5610
f 5610 5577 5578
f 5577 5610 5581
f 6165 5614 6168
f 5614 6165 5617
f 5617 6166 5614
f 6166 5617 6171
f 6169 6166 6171
f 6166 6169 6176
f 6247 6176 6169
f 6176 6247 5668
f 6167 5617 6165
f 5617 6167 6171
f 6174 6171 6167
f 6171 6174 6172
f 6184 6171 6172
f 6171 6184 6169
f 6188 6169 6184
f 6169 6188 6247
f 6192 6247 6188
f 6247 6192 6246
f 6246 6163 6247
f 5668 6247 6163
f 6173 6172 6174
f 6172 6173 6018
f 6175 6172 6018
f 6172 6175 6184
f 6187 6184 6175
f 6184 6187 6188
f 6140 6188 6187
f 6188 6140 6192
f 6186 6018 6173
f 6018 6186 6162
f 6018 6162 6175
f 4819 6175 6162
f 6175 4819 6187
f 4819 6140 6187
f 6140 4819 4731
f 4819 4722 4731
f 4722 4819 6248
f 6248 6139 4722
f 6186 6189 6162
f 6248 6162 6189
f 6162 6248 4819
f 6189 6186 6191
f 6191 6190 6189
f 6251 6189 6190
f 6189 6251 6248
f 6139 6248 6251
f 6251 6250 6139
f 6250 6251 6249
f 6249 5611 6250
f 5611 6249 5579
f 5611 5579 5615
f 6190 6191 6021
f 6021 6170 6190
f 6249 6190 6170
f 6190 6249 6251
f 6170 6021 6164
f 5616 6170 6164
f 6170 5616 5579
f 5579 6249 6170
f 5616 5615 5579
f 6163 6246 6185
f 6410 8528 8564
f 8528 6410 5729
f 5729 6370 8528
f 6370 5729 6196
f 6196 8529 6370
f 8529 6196 6195
f 6195 8524 8529
f 8560 5729 6410
f 5729 8560 4676
f 4676 6196 5729
f 6196 4676 4677
f 6232 6196 4677
f 6196 6232 6195
f 6232 5728 6195
f 8524 6195 5728
f 6218 8524 5728
f 8524 6218 8523
f 6218 6344 8523
f 8560 6129 4676
f 6129 6128 4676
f 6128 4677 4676
f 4677 6128 6132
f 6132 6261 4677
f 6232 4677 6261
f 6261 6231 6232
f 5728 6232 6231
f 4669 5728 6231
f 5728 4669 6218
f 6129 8560 8574
f 8574 6125 6129
f 6125 6136 6129
f 6128 6129 6136
f 8574 6124 6125
f 6043 6125 6124
f 6125 6043 6098
f 6136 6125 6098
f 6124 8574 8567
f 8567 6003 6124
f 6001 6124 6003
f 6124 6001 6043
f 6091 6043 6001
f 6043 6091 6097
f 6097 6098 6043
f 6098 6097 6089
f 6097 6265 6089
f 6003 8567 8565
f 8565 6049 6003
f 6086 6003 6049
f 6003 6086 6001
f 6005 6001 6086
f 6001 6005 6091
f 5563 6091 6005
f 6091 5563 5564
f 6093 6091 5564
f 6091 6093 6097
f 6265 6097 6093
f 6049 8565 8559
f 8559 6240 6049
f 6216 6049 6240
f 6049 6216 6086
f 4665 6086 6216
f 6086 4665 6005
f 5979 6005 4665
f 6005 5979 5563
f 5980 5563 5979
f 5563 5980 6198
f 6198 5564 5563
f 6240 8559 8563
f 8287 8561 8566
f 8561 8287 8310
f 8210 8561 8310
f 8561 8210 8454
f 8291 8310 8287
f 8216 8310 8291
f 8310 8216 8210
f 8216 8209 8210
f 8454 8210 8209
f 8454 8209 8214
f 8304 8454 8214
f 8454 8304 8207
f 8207 8215 8454
f 8287 8558 8291
f 8209 8216 8214
f 8302 8304 8214
f 8304 8302 8229
f 8229 8207 8304
f 8207 8229 8217
f 8215 8207 8217
f 8229 8215 8217
f 8215 8229 8302
f 8290 8198 8279
f 8305 8198 8290
f 8305 8219 8198
f 8219 8205 8198
f 8205 8208 8198
f 8208 8434 8198
f 8273 8261 8259
f 8261 8273 8258
f 8261 8258 8327
f 8258 8323 8327
f 8323 8258 8335
f 8335 6203 8323
f 8444 8258 8273
f 8444 8335 8258
f 8444 4656 8335
f 6203 8335 4656
f 6201 6203 4656
f 6203 6201 4652
f 6201 4708 4652
f 4708 6201 4838
f 8444 4838 6201
f 8444 6201 4656
f 6137 6035 6031
f 6035 6137 6138
f 6035 6138 6028
f 6030 6028 6138
f 6028 6030 6027
f 6042 6028 6027
f 6028 6042 6034
f 6042 6024 6034
f 6137 6118 6138
f 6118 6030 6138
f 6030 6118 6115
f 6115 6159 6030
f 6159 6027 6030
f 6027 6159 8180
f 6027 8180 6042
f 8177 6042 8180
f 6042 8177 6022
f 6024 6042 6022
f 6022 6019 6024
f 6118 6137 6158
f 6119 6118 6158
f 6118 6119 6117
f 6117 6115 6118
f 6115 6117 6160
f 6150 6115 6160
f 6115 6150 6159
f 6275 6159 6150
f 6159 6275 6274
f 8180 6159 6274
f 8276 6117 6119
f 8435 8276 6119
f 8435 7993 8276
f 7993 8435 4117
f 4117 8521 7993
f 8521 4117 4114
f 8521 4114 4115
f 8521 4115 5738
f 4115 6225 5738
f 6225 5736 5738
f 4114 4117 5992
f 4114 5992 6228
f 6228 4115 4114
f 6225 4115 6228
f 6234 6225 6228
f 6225 6234 6229
f 6230 6225 6229
f 6225 6230 6233
f 5736 6225 6233
f 8269 5736 6233
f 8269 7990 5736
f 5992 5706 6228
f 6227 6228 5706
f 6228 6227 6234
f 6227 6364 6234
f 6347 6234 6364
f 6234 6347 6229
f 6347 6230 6229
f 6230 6347 6343
f 6343 4673 6230
f 4673 6233 6230
f 5706 5992 5782
f 5822 5706 5782
f 5706 5822 5726
f 5727 5706 5726
f 5706 5727 6227
f 5727 6365 6227
f 6364 6227 6365
f 5822 5819 5726
f 5817 5726 5819
f 5726 5817 5713
f 5713 5727 5726
f 5727 5713 5714
f 5714 6371 5727
f 6365 5727 6371
f 5819 5822 4241
f 7990 8269 7989
f 6371 5714 6648
f 5714 8519 6648
f 8519 5714 5705
f 5702 8519 5705
f 8519 5702 8520
f 5699 8520 5702
f 8520 5699 8518
f 5698 8518 5699
f 8518 5698 8516
f 5713 5705 5714
f 5705 5713 5709
f 5704 5705 5709
f 5705 5704 5702
f 5700 5702 5704
f 5702 5700 5699
f 5711 5699 5700
f 5699 5711 5698
f 5711 5710 5698
f 8527 5698 5710
f 5698 8527 8516
f 5713 5810 5709
f 5709 5810 8687
f 5704 5709 8687
f 8687 5803 5704
f 5801 5704 5803
f 5704 5801 5700
f 5801 5711 5700
f 5810 5713 5817
f 5711 5801 5804
f 5806 5711 5804
f 5711 5806 5703
f 5710 5711 5703
f 5703 5696 5710
f 5696 8527 5710
f 8527 5696 8510
f 5697 8510 5696
f 8510 5697 7982
f 6226 7982 5697
f 7982 6226 7987
f 5742 5703 5806
f 5703 5742 5739
f 5739 5701 5703
f 5696 5703 5701
f 5712 5696 5701
f 5696 5712 5697
f 6224 5697 5712
f 5697 6224 6226
f 6220 6226 6224
f 6226 6220 5695
f 5695 7987 6226
f 7987 5695 8517
f 5742 6070 5739
f 6064 5739 6070
f 5739 6064 6069
f 5701 5739 6069
f 5798 5701 6069
f 5701 5798 5712
f 5815 5712 5798
f 5712 5815 6224
f 5799 6224 5815
f 6224 5799 6220
f 6070 5742 6068
f 6068 8679 6070
f 8679 6064 6070
f 6064 8679 8756
f 8756 8667 6064
f 8667 8756 8668
f 8666 8667 8668
f 8667 8666 8664
f 8666 8653 8664
f 8679 6068 8697
f 8693 8697 6068
f 8697 8693 8698
f 8698 8680 8697
f 8680 8698 8683
f 8683 6026 8680
f 8680 6026 8177
f 6081 8680 8177
f 8680 6081 8253
f 8693 8760 8698
f 6081 8615 8253
f 8125 8615 6081
f 8665 8615 8125
f 8668 8665 8125
f 8665 8668 8756
f 8265 8125 6081
f 6083 8265 6081
f 8265 6083 8618
f 8623 8618 6083
f 8648 8618 8623
f 8623 8649 8648
f 8649 8651 8648
f 6081 6152 6083
f 6153 6083 6152
f 6083 6153 6082
f 6082 8620 6083
f 8620 8623 6083
f 8620 8709 8623
f 8649 8623 8709
f 6152 6081 6155
f 6398 6152 6155
f 6152 6398 6403
f 6404 6152 6403
f 6152 6404 6153
f 6395 6153 6404
f 6153 6395 6151
f 6151 6082 6153
f 8177 6155 6081
f 6155 8177 6157
f 6157 6398 6155
f 6398 6157 6408
f 6427 6398 6408
f 6398 6427 8557
f 8557 6403 6398
f 6403 8557 6401
f 6401 6404 6403
f 6404 6401 6399
f 6399 6395 6404
f 8180 6157 8177
f 6157 8180 6274
f 6271 6157 6274
f 6157 6271 6408
f 6270 6408 6271
f 6408 6270 6427
f 6274 6407 6271
f 6405 6271 6407
f 6271 6405 6270
f 6407 6274 6275
f 6275 6198 6407
f 5980 6407 6198
f 6407 5980 6405
f 6198 6275 6197
f 5564 6198 6197
f 5566 5564 6197
f 5564 5566 6093
f 5566 6092 6093
f 6266 6093 6092
f 6093 6266 6265
f 6149 6197 6275
f 6197 6149 5566
f 6396 5566 6149
f 5566 6396 6104
f 6103 5566 6104
f 6092 5566 6103
f 6150 6149 6275
f 6160 6149 6150
f 6149 6160 6131
f 6396 6149 6131
f 6131 6393 6396
f 6397 6396 6393
f 6160 6156 6131
f 6393 6131 6156
f 6156 6160 6117
f 6103 6104 6107
f 8298 6265 6266
f 6265 8298 6261
f 6231 6261 8298
f 8298 4669 6231
f 4669 8298 7988
f 7988 4671 4669
f 4673 4669 4671
f 4669 4673 6218
f 6344 6218 4673
f 4673 6343 6344
f 4671 7988 8295
f 8269 4671 8295
f 4671 8269 6233
f 6233 4673 4671
f 6395 6399 6400
f 6400 6394 6395
f 6161 6395 6394
f 6395 6161 6151
f 6161 6084 6151
f 6082 6151 6084
f 6394 6400 6392
f 6392 8556 6394
f 6154 6394 8556
f 6394 6154 6161
f 6154 5613 6161
f 6084 6161 5613
f 5613 8264 6084
f 8271 6084 8264
f 6084 8271 6082
f 8271 8034 6082
f 8620 6082 8034
f 8556 6392 6402
f 6402 6391 8556
f 6272 8556 6391
f 8556 6272 6154
f 6272 5548 6154
f 5613 6154 5548
f 5548 8228 5613
f 5613 8228 8213
f 8264 5613 8213
f 6391 6402 6390
f 6390 6388 6391
f 6148 6391 6388
f 6391 6148 6272
f 6148 6041 6272
f 5548 6272 6041
f 6041 8191 5548
f 8228 5548 8191
f 6388 6390 8578
f 8578 8555 6388
f 8555 6148 6388
f 6148 8555 6269
f 6269 6085 6148
f 6041 6148 6085
f 8266 6041 6085
f 6041 8266 8270
f 8191 6041 8270
f 8555 8578 8550
f 8550 8547 8555
f 6268 8555 8547
f 8555 6268 6269
f 6268 6046 6269
f 6085 6269 6046
f 5672 6085 6046
f 6085 5672 8266
f 8547 8550 6389
f 6389 8551 8547
f 6426 8547 8551
f 8547 6426 6268
f 6426 5672 6268
f 6046 6268 5672
f 8551 6389 8441
f 8554 8551 8441
f 8551 8554 8445
f 6038 8551 8445
f 8551 6038 6426
f 5672 6426 6038
f 8226 8270 8266
f 8270 8226 8272
f 8272 8191 8270
f 8191 8272 8263
f 8191 8263 8254
f 8254 8228 8191
f 8226 8256 8272
f 8256 8263 8272
f 8263 8256 8224
f 8293 8263 8224
f 8263 8293 8254
f 8446 8254 8293
f 8254 8446 8212
f 8228 8254 8212
f 8212 8211 8228
f 8303 8228 8211
f 8228 8303 8213
f 8224 8449 8293
f 8449 8446 8293
f 8446 8449 8448
f 8448 8283 8446
f 8283 8212 8446
f 8212 8283 8575
f 8576 8575 8283
f 8575 8576 8452
f 8452 8576 6023
f 6023 8326 8452
f 8283 8448 8562
f 8562 8576 8283
f 8576 8562 8455
f 8455 6032 8576
f 6032 6023 8576
f 4655 6023 6032
f 6023 4655 6213
f 6213 6020 6023
f 8326 6023 6020
f 6020 8292 8326
f 6032 8455 6025
f 4653 6032 6025
f 6032 4653 4655
f 8239 4655 4653
f 4655 8239 8245
f 8245 6213 4655
f 6213 8245 8244
f 8244 6215 6213
f 6020 6213 6215
f 6215 6039 6020
f 8292 6020 6039
f 6039 8330 8292
f 8330 8288 8292
f 8239 7943 8245
f 8237 8245 7943
f 8245 8237 8244
f 8237 8238 8244
f 6215 8244 8238
f 8238 4664 6215
f 6039 6215 4664
f 4664 6033 6039
f 8330 6039 6033
f 7943 8239 8187
f 8238 8237 8243
f 8243 8090 8238
f 4664 8238 8090
f 8090 4661 4664
f 6033 4664 4661
f 4661 5671 6033
f 5671 4661 6040
f 8704 5671 6040
f 5671 8704 8771
f 8771 5670 5671
f 8090 8243 8089
f 8634 8090 8089
f 8090 8634 8242
f 4661 8090 8242
f 8242 6040 4661
f 6040 8242 8624
f 8637 6040 8624
f 6040 8637 8704
f 8637 8641 8704
f 8641 8637 7932
f 7932 8640 8641
f 8636 8242 8634
f 8242 8636 8624
f 8636 8637 8624
f 8637 8636 8705
f 8705 7932 8637
f 7932 8705 7933
f 7933 8642 7932
f 8640 7932 8642
f 8642 8748 8640
f 8634 7895 8636
f 7895 8705 8636
f 8705 7895 7896
f 7896 7933 8705
f 7933 7896 4111
f 4111 8638 7933
f 8642 7933 8638
f 8638 8749 8642
f 8748 8642 8749
f 8654 8748 8749
f 8748 8654 8650
f 7895 8634 4237
f 4236 7895 4237
f 7895 4236 6207
f 6207 7896 7895
f 7896 6207 6219
f 6219 4111 7896
f 4111 6219 6223
f 6223 4109 4111
f 8638 4111 4109
f 4109 8750 8638
f 8749 8638 8750
f 8750 8654 8749
f 5691 6207 4236
f 5691 5692 6207
f 6211 6207 5692
f 6207 6211 6219
f 6221 6219 6211
f 6219 6221 6223
f 6217 6223 6221
f 6223 6217 6212
f 4109 6223 6212
f 6212 4110 4109
f 8750 4109 4110
f 5692 5691 6205
f 5708 5692 6205
f 5692 5708 8511
f 8511 6211 5692
f 6211 8511 8514
f 8514 6221 6211
f 6221 8514 7986
f 7986 6217 6221
f 6217 7986 7983
f 7983 6551 6217
f 6551 6212 6217
f 6212 6551 6222
f 4110 6212 6222
f 6359 8511 5708
f 5809 8511 6359
f 8511 5809 8514
f 5808 8514 5809
f 8514 5808 7986
f 5808 7983 7986
f 7983 5808 5807
f 5807 7984 7983
f 6551 7983 7984
f 7984 8513 6551
f 8513 6222 6551
f 8513 4110 6222
f 4110 8513 5802
f 8142 4110 5802
f 4110 8142 8750
f 8654 8750 8142
f 5816 7984 5807
f 7984 5816 8515
f 8513 7984 8515
f 8515 5695 8513
f 6220 8513 5695
f 8513 6220 5802
f 6220 5800 5802
f 5800 8142 5802
f 8142 5800 8751
f 8751 8654 8142
f 5816 8517 8515
f 5695 8515 8517
f 5800 6220 5799
f 8654 8751 8653
f 8651 8654 8653
f 8654 8651 8650
f 8651 8649 8650
f 8653 8666 8651
f 8288 8330 8289
f 8264 8288 8289
f 8288 8264 8255
f 8264 8257 8255
f 8213 8257 8264
f 8257 8213 8218
f 8218 8213 8303
f 8289 8271 8264
f 8034 8271 5670
f 5670 8771 8034
f 8619 8034 8771
f 8034 8619 8620
f 8709 8620 8619
f 6022 8177 6026
f 6019 6022 6026
f 6026 8683 6019
f 8687 8689 5803
f 8689 8687 8686
f 8687 8764 8686
f 8764 8687 5810
f 8416 8525 6114
f 8525 8416 7893
f 4213 8525 7893
f 8525 4213 8309
f 8417 8309 4213
f 8309 8417 4212
f 8417 7919 4212
f 4214 7893 8416
f 7893 4214 4120
f 4120 4213 7893
f 4213 4120 4118
f 4118 8417 4213
f 8417 4118 4116
f 7919 8417 4116
f 5997 7919 4116
f 4116 5998 5997
f 5998 6061 5997
f 4121 4214 8416
f 4214 4121 6062
f 6062 4120 4214
f 4120 6062 5998
f 5998 4118 4120
f 4118 5998 4116
f 6116 4121 8416
f 4121 6116 4122
f 4122 6062 4121
f 6062 4122 5825
f 6061 6062 5825
f 6061 5998 6062
f 6044 6045 8544
f 4239 6044 8544
f 6044 4239 8418
f 4210 8418 4239
f 8418 4210 4211
f 4210 4240 4211
f 7891 4240 4210
f 4240 7891 7892
f 8541 4239 8544
f 4239 8541 7894
f 7894 4210 4239
f 4210 7894 4209
f 4208 4210 4209
f 4210 4208 7891
f 8692 7891 4208
f 7891 8692 8700
f 8763 7891 8700
f 7891 8763 7892
f 8541 4238 7894
f 4209 7894 4238
f 4208 4209 4238
f 4208 4238 8692
f 8543 8692 4238
f 8543 8700 8692
f 8700 8543 8439
f 8439 8436 8700
f 8763 8700 8436
f 8436 8439 8526
f 8553 8546 8548
f 8546 8553 8552
f 8552 6037 8546
f 6037 8552 5667
f 5667 8223 6037
f 8223 5667 8268
f 8268 8252 8223
f 8252 8268 8222
f 6239 8552 8553
f 8552 6239 6200
f 6200 5667 8552
f 5667 6200 5669
f 5669 8268 5667
f 8268 5669 8221
f 8221 8222 8268
f 8222 8221 8260
f 8221 8267 8260
f 8260 8267 8274
f 8267 8262 8274
f 5973 6200 6239
f 6200 5973 6199
f 6199 5669 6200
f 5669 6199 4667
f 8179 5669 4667
f 5669 8179 8221
f 8267 8221 8179
f 8179 8549 8267
f 8262 8267 8549
f 8549 8447 8262
f 5973 5746 6199
f 5746 4667 6199
f 4667 5746 4668
f 8537 4667 4668
f 4667 8537 8179
f 8549 8179 8537
f 5746 5973 5944
f 5944 5552 5746
f 5552 4668 5746
f 4668 5552 4662
f 4847 4668 4662
f 4668 4847 8537
f 8537 4847 4675
f 4675 8549 8537
f 5552 5944 5662
f 5662 5549 5552
f 4663 5552 5549
f 5552 4663 4662
f 4662 4663 4709
f 4710 4662 4709
f 4662 4710 4847
f 4853 4847 4710
f 4847 4853 4675
f 4853 4713 4675
f 8549 4675 4713
f 5549 5662 6077
f 6077 6058 5549
f 5547 5549 6058
f 5549 5547 4663
f 6059 4663 5547
f 4663 6059 4709
f 5661 4709 6059
f 4709 5661 4710
f 5661 5562 4710
f 5663 4710 5562
f 4710 5663 4853
f 6058 6077 5907
f 5634 6058 5907
f 6058 5634 5546
f 5546 5547 6058
f 5547 5546 5550
f 5550 6059 5547
f 6059 5550 5747
f 5747 5661 6059
f 5661 5747 5561
f 5561 5562 5661
f 5562 5561 5558
f 5665 5562 5558
f 5562 5665 5663
f 5634 6076 5546
f 6076 5954 5546
f 5954 5550 5546
f 5550 5954 5904
f 6075 5550 5904
f 5550 6075 5747
f 6075 5561 5747
f 5561 6075 6060
f 6060 5558 5561
f 6076 5634 5551
f 5905 6076 5551
f 6076 5905 5635
f 5954 6076 5635
f 5635 6080 5954
f 5673 5954 6080
f 5954 5673 5904
f 5771 5904 5673
f 5904 5771 6075
f 5749 6075 5771
f 6075 5749 6060
f 5749 5557 6060
f 5558 6060 5557
f 6079 5635 5905
f 5635 6079 6052
f 6080 5635 6052
f 6052 6051 6080
f 6073 6080 6051
f 6080 6073 5673
f 5769 5673 6073
f 5673 5769 5771
f 5769 5749 5771
f 5749 5769 6055
f 6055 5752 5749
f 5557 5749 5752
f 6054 6052 6079
f 6052 6054 6017
f 6051 6052 6017
f 6017 6053 6051
f 6053 6073 6051
f 6073 6053 6056
f 5769 6073 6056
f 6056 6055 5769
f 6055 6056 5674
f 5674 5918 6055
f 5752 6055 5918
f 5918 5948 5752
f 5948 5557 5752
f 6008 6017 6054
f 6017 6008 6007
f 6053 6017 6007
f 6009 6053 6007
f 6053 6009 6050
f 6053 6050 6056
f 6057 6056 6050
f 6056 6057 5674
f 5559 5674 6057
f 5674 5559 5560
f 5918 5674 5560
f 6010 6007 6008
f 6007 6010 6009
f 5999 6009 6010
f 6009 5999 6002
f 6050 6009 6002
f 6074 6050 6002
f 6050 6074 6057
f 6074 5559 6057
f 5559 6074 5751
f 5664 5559 5751
f 5559 5664 5666
f 5666 5560 5559
f 5560 5666 5565
f 5565 5918 5560
f 5999 6048 6002
f 6072 6002 6048
f 6002 6072 6074
f 6072 5751 6074
f 5751 6072 5750
f 5754 5751 5750
f 5751 5754 5664
f 6048 5999 6047
f 6047 6011 6048
f 6011 6072 6048
f 6072 6011 5675
f 5675 5750 6072
f 5750 5675 5917
f 5554 5750 5917
f 5750 5554 5556
f 5750 5556 5593
f 5750 5593 5754
f 6011 6047 6006
f 6006 6618 6011
f 6591 6011 6618
f 6011 6591 5675
f 6004 5675 6591
f 5675 6004 5917
f 6004 6078 5917
f 5595 5917 6078
f 5917 5595 5554
f 5595 5753 5554
f 5753 5556 5554
f 6618 6006 6617
f 6617 6592 6618
f 6616 6618 6592
f 6618 6616 6591
f 6616 5859 6591
f 6591 5859 6004
f 7975 6004 5859
f 6004 7975 6000
f 6078 6004 6000
f 6592 6617 6619
f 6619 5630 6592
f 6592 5630 5628
f 5628 6595 6592
f 6595 6616 6592
f 6616 6595 6594
f 6594 6655 6616
f 5859 6616 6655
f 5630 6619 6214
f 4659 5630 6214
f 5630 4659 5632
f 5627 5630 5632
f 5630 5627 5628
f 5627 5624 5628
f 5624 6595 5628
f 6595 5624 5785
f 5785 6594 6595
f 4659 5856 5632
f 5836 5632 5856
f 5632 5836 5627
f 5836 5832 5627
f 5624 5627 5832
f 5835 5624 5832
f 5624 5835 5778
f 5735 5624 5778
f 5624 5735 5785
f 5856 4659 4658
f 4658 5831 5856
f 5633 5856 5831
f 5856 5633 5836
f 5832 5836 5633
f 5631 5832 5633
f 5832 5631 5858
f 5829 5832 5858
f 5832 5829 5835
f 5831 4658 5812
f 5812 6363 5831
f 6363 5830 5831
f 5830 5633 5831
f 5633 5830 5631
f 5920 5631 5830
f 5631 5920 5921
f 5921 5858 5631
f 5858 5921 5899
f 5900 5858 5899
f 5858 5900 5829
f 6363 5812 5813
f 5813 5913 6363
f 5920 6363 5913
f 6363 5920 5830
f 5913 5813 5755
f 5755 5757 5913
f 6519 5913 5757
f 5913 6519 5920
f 6519 5921 5920
f 5921 6519 6520
f 6521 5921 6520
f 5921 6521 5899
f 5757 5755 6606
f 6523 5899 6521
f 5899 6523 5901
f 5898 5899 5901
f 5899 5898 5900
f 6522 5901 6523
f 5901 6522 6605
f 5741 5901 6605
f 5901 5741 5898
f 5952 6605 6522
f 6605 5952 6518
f 5880 6605 6518
f 6605 5880 5741
f 5741 5880 5878
f 5880 5879 5878
f 5877 5878 5879
f 5895 6518 5952
f 6518 5895 5870
f 5870 5880 6518
f 5880 5870 5872
f 6588 5880 5872
f 5880 6588 5879
f 5896 5870 5895
f 5870 5896 5868
f 5868 5872 5870
f 5872 5868 5863
f 5872 5863 5871
f 6622 5872 5871
f 5872 6622 6588
f 5896 5895 6604
f 6582 5896 6604
f 5896 6582 5869
f 5896 5869 5868
f 5864 5868 5869
f 5868 5864 5863
f 5862 5863 5864
f 5863 5862 5871
f 6583 5869 6582
f 5869 6583 6587
f 6587 5864 5869
f 5864 6587 5867
f 6589 5864 5867
f 5864 6589 5862
f 5919 6587 6583
f 6587 5919 5774
f 5774 5867 6587
f 5867 5774 5886
f 5886 5865 5867
f 5865 6589 5867
f 6589 5865 5866
f 5865 5882 5866
f 6581 5774 5919
f 5774 6581 5762
f 5884 5774 5762
f 5774 5884 5886
f 5884 5885 5886
f 6585 5886 5885
f 5886 6585 5865
f 5912 6581 5919
f 5950 6581 5912
f 6581 5950 5902
f 5902 5762 6581
f 5762 5902 6580
f 5887 5762 6580
f 5762 5887 5884
f 5887 5763 5884
f 5885 5884 5763
f 5950 6504 5902
f 5925 5902 6504
f 5902 5925 6580
f 6579 6580 5925
f 6580 6579 5887
f 6579 5761 5887
f 5763 5887 5761
f 5761 5894 5763
f 5894 5761 5893
f 5893 8610 5894
f 6504 5950 6517
f 6517 6508 6504
f 5923 6504 6508
f 6504 5923 5925
f 5923 6579 5925
f 6579 5923 5926
f 5927 6579 5926
f 6579 5927 5924
f 5761 6579 5924
f 6508 6517 6516
f 6516 6511 6508
f 5914 6508 6511
f 6508 5914 5923
f 5770 5923 5914
f 5923 5770 5926
f 5928 5926 5770
f 5926 5928 8599
f 8599 5927 5926
f 8599 8598 5927
f 8598 8595 5927
f 6511 6516 6603
f 6602 6511 6603
f 6511 6602 6510
f 6510 5914 6511
f 5914 6510 6453
f 5930 5914 6453
f 5914 5930 5770
f 6577 5770 5930
f 5770 6577 5928
f 6602 6600 6510
f 6458 6510 6600
f 6510 6458 6453
f 5933 6453 6458
f 6453 5933 5930
f 5929 5930 5933
f 5930 5929 6577
f 6600 6602 6514
f 6515 6600 6514
f 6600 6515 6509
f 6509 6458 6600
f 6458 6509 6601
f 6576 6458 6601
f 6458 6576 5933
f 5931 5933 6576
f 5933 5931 5929
f 6515 6512 6509
f 6512 6601 6509
f 6601 6512 5936
f 6575 6601 5936
f 6601 6575 6576
f 6575 5931 6576
f 5931 6575 5935
f 5935 8726 5931
f 8726 5935 8109
f 5953 8726 8109
f 6512 6515 6513
f 6513 6562 6512
f 5768 6512 6562
f 6512 5768 5936
f 5768 5934 5936
f 5934 6575 5936
f 5934 5935 6575
f 5935 5934 5937
f 8104 5935 5937
f 5935 8104 8109
f 6562 6513 6456
f 6456 6563 6562
f 5941 6562 6563
f 6562 5941 5768
f 5941 5932 5768
f 5934 5768 5932
f 5938 5934 5932
f 5934 5938 5937
f 6563 6456 6459
f 6457 6563 6459
f 6563 6457 6462
f 5767 6563 6462
f 6563 5767 5941
f 5767 5943 5941
f 5932 5941 5943
f 5939 5932 5943
f 5932 5939 5938
f 6457 6461 6462
f 5942 6462 6461
f 6462 5942 5767
f 5942 6574 5767
f 5943 5767 6574
f 5993 5943 6574
f 5943 5993 8730
f 8730 5939 5943
f 8095 5939 8730
f 6461 6457 6460
f 6463 6461 6460
f 6461 6463 6466
f 6466 5942 6461
f 5942 6466 6430
f 6429 5942 6430
f 5942 6429 6428
f 6574 5942 6428
f 6428 5993 6574
f 6465 6466 6463
f 6466 6465 6464
f 6464 6430 6466
f 6430 6464 6573
f 5940 6430 6573
f 6430 5940 6429
f 5940 5788 6429
f 6429 5788 5826
f 5826 6428 6429
f 6428 5826 5790
f 5993 6428 5790
f 5541 6464 6465
f 6464 5541 5543
f 5543 6573 6464
f 6573 5543 6572
f 6572 5940 6573
f 5940 6572 6571
f 8739 5940 6571
f 5940 8739 5824
f 5788 5940 5824
f 6561 5543 5541
f 5543 6561 6560
f 6560 6572 5543
f 6572 6560 6431
f 6431 6571 6572
f 6571 6431 6570
f 6571 6570 8042
f 8039 6571 8042
f 6571 8039 8739
f 8041 8739 8039
f 8041 8043 8739
f 5823 8739 8043
f 8739 5823 5824
f 5781 5824 5823
f 5824 5781 5788
f 5995 5788 5781
f 5788 5995 5826
f 8039 8190 8041
f 8173 8041 8190
f 8041 8173 6204
f 6204 8173 4646
f 8172 8190 8039
f 8190 8172 8275
f 8166 8190 8275
f 8190 8166 8173
f 4650 8173 8166
f 8173 4650 4646
f 4672 4646 4650
f 4646 4672 4704
f 4646 4704 4703
f 4704 5684 4703
f 8172 7944 8275
f 6202 8275 7944
f 8275 6202 8166
f 6202 4839 8166
f 8166 4839 8282
f 8282 4650 8166
f 7944 8172 8189
f 8189 8246 7944
f 4657 7944 8246
f 7944 4657 6202
f 6036 6202 4657
f 6202 6036 4674
f 4839 6202 4674
f 8451 4839 4674
f 8451 8284 4839
f 8284 8282 4839
f 8246 8189 7998
f 8437 8284 8451
f 8451 8442 8437
f 8438 8437 8442
f 4711 8437 8438
f 4711 4712 8437
f 4711 4706 4712
f 4706 4672 4712
f 8451 8322 8442
f 8322 8324 8442
f 8324 4860 8442
f 4860 4855 8442
f 4855 8438 8442
f 8438 4855 4711
f 4851 4711 4855
f 4706 4711 4851
f 8451 8332 8322
f 8443 8322 8332
f 8324 8322 8443
f 4860 8324 8443
f 8443 4714 4860
f 4678 4860 4714
f 4851 4860 4678
f 4860 4851 4855
f 8451 8577 8332
f 8447 8332 8577
f 8332 8447 8334
f 8334 8333 8332
f 8332 8333 8443
f 8333 8325 8443
f 8325 4714 8443
f 8577 8451 8450
f 4674 8450 8451
f 8450 4674 6036
f 8447 8549 8334
f 8334 8549 4863
f 8333 8334 4863
f 8333 4863 8325
f 8325 4863 4714
f 4713 4714 4863
f 4714 4713 4678
f 4713 4853 4678
f 5663 4678 4853
f 4678 5663 4851
f 4713 4863 8549
f 5663 4706 4851
f 4706 5663 5665
f 5665 4707 4706
f 4707 4672 4706
f 4672 4707 4704
f 4670 4704 4707
f 4704 4670 4705
f 5684 4704 4705
f 4707 5665 6530
f 6530 4670 4707
f 4670 6530 5948
f 4670 5948 5687
f 4666 4670 5687
f 4670 4666 4705
f 5963 4705 4666
f 4705 5963 5684
f 8043 5684 5963
f 5963 5823 8043
f 5558 6530 5665
f 6530 5558 5557
f 5557 5948 6530
f 5823 5963 5960
f 5963 5686 5960
f 5686 5963 5947
f 5685 5686 5947
f 5686 5685 5683
f 8059 5683 5685
f 5683 8059 8060
f 5827 8060 8059
f 8060 5827 5995
f 5947 5963 4666
f 5687 5947 4666
f 5947 5687 5565
f 5565 5685 5947
f 5685 5565 5666
f 5961 5685 5666
f 5966 5685 5961
f 5685 5966 8059
f 5918 5565 5687
f 5948 5918 5687
f 5827 5826 5995
f 5826 5827 5790
f 5821 5790 5827
f 5790 5821 5993
f 8088 5993 5821
f 5993 8088 8730
f 8088 8095 8730
f 8095 8088 8094
f 8094 5756 8095
f 5756 5594 8095
f 5594 5756 5970
f 5591 5594 5970
f 5594 5591 5971
f 8109 5971 5591
f 5971 8109 8104
f 5756 8094 5966
f 5966 5962 5756
f 5962 5970 5756
f 5970 5962 5959
f 5959 5591 5970
f 5591 5959 5955
f 5955 5555 5591
f 5591 5555 5953
f 5953 8109 5591
f 5962 5966 5961
f 5666 5962 5961
f 5962 5666 5664
f 5959 5962 5664
f 5664 5955 5959
f 5553 5955 5664
f 5555 5955 5553
f 5754 5555 5553
f 5555 5754 5592
f 5592 5953 5555
f 5754 5553 5664
f 5593 5592 5754
f 5592 5593 8114
f 5556 8114 5593
f 8114 5556 8583
f 8583 8585 8114
f 8585 8583 8717
f 5928 8585 8717
f 8585 5928 6577
f 5556 5753 8583
f 8083 5928 8717
f 5928 8083 8599
f 8598 8599 8083
f 8595 8598 8594
f 8594 6078 8595
f 6078 8608 8595
f 8608 6078 6000
f 8610 8608 6000
f 8610 5893 8608
f 6078 8594 5595
f 5753 5595 8594
f 7975 8610 6000
f 8610 7975 7973
f 7974 7973 7975
f 7973 7974 6067
f 6066 6067 7974
f 5865 6067 6066
f 6067 5865 6585
f 5859 7974 7975
f 5859 8175 7974
f 8175 6066 7974
f 6066 8175 8168
f 8168 5882 6066
f 5882 5865 6066
f 6655 8175 5859
f 8175 6655 8167
f 8167 8168 8175
f 8168 8167 8185
f 8178 8168 8185
f 8168 8178 7968
f 5882 8168 7968
f 5882 7968 7976
f 7968 7969 7976
f 8167 6655 6593
f 6593 8174 8167
f 8174 8185 8167
f 8174 8178 8185
f 8178 8174 8183
f 7970 8178 8183
f 8178 7970 7969
f 7969 7968 8178
f 6655 6594 6593
f 5783 6593 6594
f 6593 5783 5857
f 5857 8174 6593
f 8174 5857 8183
f 5777 5783 6594
f 5779 5783 5777
f 5783 5779 5787
f 6594 5785 5777
f 5735 5777 5785
f 5777 5735 5779
f 8183 5871 7970
f 8183 6622 5871
f 6099 6094 6100
f 6126 6099 6100
f 6099 6126 6127
f 6126 6106 6127
f 6106 6126 6260
f 6260 6134 6106
f 6134 6260 5990
f 5990 6133 6134
f 6100 6087 6126
f 6260 6126 6087
f 6087 5990 6260
f 5990 6087 6088
f 6088 6135 5990
f 6133 5990 6135
f 6095 6133 6135
f 6133 6095 6090
f 6096 6090 6095
f 6090 6096 6122
f 6087 6100 6130
f 6130 6088 6087
f 6088 6130 6123
f 6095 6088 6123
f 6088 6095 6135
f 6130 6095 6123
f 6095 6130 6096
f 5991 5818 6105
f 5818 5991 6652
f 6374 5818 6652
f 5818 6374 6262
f 6382 6262 6374
f 6262 6382 6102
f 6102 6263 6262
f 6373 6652 5991
f 6373 6369 6652
f 6382 6652 6369
f 6652 6382 6374
f 6369 6373 6368
f 6368 8536 6369
f 6372 6369 8536
f 6369 6372 6382
f 6375 6382 6372
f 6382 6375 6102
f 6375 5820 6102
f 6263 6102 5820
f 5820 6264 6263
f 6264 5820 6267
f 8536 6368 6651
f 8536 6651 8533
f 8534 8536 8533
f 8536 8534 8538
f 6375 8536 8538
f 8536 6375 6372
f 6267 8538 8534
f 8538 6267 5820
f 5820 6375 8538
f 6381 6377 6385
f 6380 6377 6381
f 6377 6380 6378
f 6386 6378 6380
f 6378 6386 6379
f 8535 6379 6386
f 6379 8535 6383
f 8535 6384 6383
f 6381 6386 6380
f 6386 6381 8535
f 6384 8535 6381
f 8278 7994 8308
f 7994 8278 7992
f 7992 6387 7994
f 6387 7992 7991
f 7981 7991 7992
f 7991 7981 8294
f 4106 8294 7981
f 8294 4106 8297
f 8278 8165 7992
f 7980 7992 8165
f 7992 7980 7981
f 7980 4106 7981
f 4106 7980 4107
f 4107 4105 4106
f 4105 8307 4106
f 8297 4106 8307
f 8165 8278 8164
f 8164 8299 8165
f 8165 8299 7980
f 4119 7980 8299
f 7980 4119 4107
f 4105 4107 4119
f 8164 4105 4119
f 4105 8164 8306
f 8306 8277 4105
f 8300 4105 8277
f 8307 4105 8300
f 8299 8164 4119
f 8277 8306 8522
f 8306 8301 8522
f 8301 8306 8542
f 8306 8164 8542
f 7977 7978 7979
f 6586 7977 7979
f 7977 6586 5883
f 6586 6620 5883
f 6620 6586 5860
f 5860 5861 6620
f 6621 5861 5860
f 5861 6621 6590
f 7979 5881 6586
f 5860 6586 5881
f 5881 6621 5860
f 6621 5881 8176
f 8176 6590 6621
f 6590 8176 8184
f 8176 8002 8184
f 8002 8176 8169
f 8170 8002 8169
f 8002 8170 8296
f 8169 8176 5881
f 8170 8169 5881
f 8773 8772 8742
f 8772 8773 8033
f 8772 8033 4660
f 8033 6206 4660
f 6206 8033 8037
f 8037 8046 6206
f 8033 8773 8036
f 8033 8036 8037
f 8740 8037 8036
f 8046 8037 8740
f 8040 8046 8740
f 8046 8040 8741
f 8040 8038 8741
f 8038 8040 8773
f 8040 8036 8773
f 8040 8740 8036
f 7916 8044 8738
f 8044 7916 8317
f 8054 8044 8317
f 8044 8054 8241
f 8054 8057 8241
f 8057 8054 8240
f 8240 8058 8057
f 8737 8317 7916
f 8737 8054 8317
f 8736 8054 8737
f 8054 8736 8240
f 8058 8240 8736
f 8055 8058 8736
f 8058 8055 8056
f 8051 8056 8055
f 8056 8051 8052
f 8053 8052 8051
f 8051 8736 8737
f 8736 8051 8055
f 7934 7936 8070
f 7936 7934 8733
f 8733 8074 7936
f 8074 8733 8731
f 8731 8075 8074
f 8075 8731 8071
f 8068 8075 8071
f 8075 8068 8732
f 7934 8735 8733
f 8735 8731 8733
f 8731 8735 8063
f 8063 8071 8731
f 8071 8063 8064
f 8066 8071 8064
f 8071 8066 8068
f 8062 8068 8066
f 8068 8062 8072
f 8072 8732 8068
f 8732 8072 8069
f 8735 7934 8734
f 8734 8063 8735
f 8063 8734 8064
f 8062 8064 8734
f 8064 8062 8066
f 8065 8062 8734
f 8062 8065 8072
f 8065 8069 8072
f 8069 8065 8061
f 8067 8073 7935
f 8073 8067 8093
f 8093 8099 8073
f 8099 8093 8098
f 8098 8100 8099
f 8096 8099 8100
f 8099 8096 7949
f 8067 7937 8093
f 7948 8093 7937
f 8093 7948 8728
f 8728 8098 8093
f 8098 8728 8101
f 8100 8098 8101
f 8101 8102 8100
f 8096 8100 8102
f 8727 8096 8102
f 8096 8727 8077
f 8077 7949 8096
f 7949 8077 8729
f 8728 7948 8097
f 8097 8102 8728
f 8102 8101 8728
f 8102 8097 8727
f 8725 8724 8108
f 8724 8725 8110
f 8076 8724 8110
f 8724 8076 8107
f 8582 8107 8076
f 8107 8582 7938
f 7940 7938 8582
f 7938 7940 8581
f 8103 8110 8725
f 8110 8103 7945
f 8110 7945 8076
f 7945 8582 8076
f 8582 7945 8106
f 8113 8582 8106
f 8582 8113 7940
f 7940 8113 7942
f 7942 8581 7940
f 8581 7942 8722
f 8579 8722 7942
f 8722 8579 8580
f 8723 7945 8103
f 7945 8723 8106
f 8105 8106 8723
f 8106 8105 8113
f 8579 8113 8105
f 8113 8579 7942
f 8112 8105 8723
f 8105 8112 8579
f 8117 8579 8112
f 8579 8117 8580
f 8723 8115 8112
f 8116 8112 8115
f 8112 8116 8117
f 8115 8723 8111
f 8718 8587 8719
f 8587 8718 8591
f 8720 8587 8591
f 8587 8720 8318
f 8720 8584 8318
f 8584 7939 8318
f 7939 8584 7941
f 7941 8080 7939
f 8597 8591 8718
f 8591 8597 8592
f 8720 8591 8592
f 8592 8586 8720
f 8584 8720 8586
f 8586 7941 8584
f 7941 8586 8589
f 8588 7941 8589
f 7941 8588 8721
f 8080 7941 8721
f 8597 8596 8592
f 8586 8592 8596
f 8596 8589 8586
f 8590 8589 8596
f 8589 8590 8588
f 8596 8597 8590
f 8716 8715 8714
f 5922 8714 8715
f 8714 5922 5775
f 5922 5903 5775
f 5903 5922 6578
f 6578 8609 5903
f 8609 6578 8600
f 8600 8606 8609
f 8715 8082 5922
f 8593 5922 8082
f 5922 8593 6578
f 8593 8600 6578
f 8600 8593 8604
f 8604 8605 8600
f 8606 8600 8605
f 8603 8606 8605
f 8606 8603 8602
f 8082 8715 8601
f 8601 8593 8082
f 8593 8601 8604
f 8605 8604 8601
f 8605 8601 8603
f 8617 8710 8711
f 8710 8617 8616
f 8616 8712 8710
f 8712 8616 8713
f 8611 8712 8713
f 8712 8611 7718
f 7718 8612 8712
f 5890 8616 8617
f 8616 5890 6584
f 8084 8616 6584
f 8616 8084 8713
f 8713 8084 8611
f 6584 8611 8084
f 8611 6584 5889
f 5892 8611 5889
f 8611 5892 7718
f 8614 7718 5892
f 8612 7718 8614
f 8614 8613 8612
f 8613 8614 8607
f 5760 6584 5890
f 6584 5760 5889
f 5760 5888 5889
f 5888 5892 5889
f 5892 5888 5891
f 5891 8614 5892
f 8614 5891 8607
f 8621 8625 7715
f 8625 8621 8629
f 8707 8625 8629
f 8625 8707 8622
f 8630 8622 8707
f 8622 8630 8703
f 8703 8643 8622
f 8643 8708 8622
f 8621 8626 8629
f 8626 8632 8629
f 8630 8629 8632
f 8629 8630 8707
f 8632 8626 8631
f 8632 8631 8706
f 8632 8706 8639
f 8703 8632 8639
f 8632 8703 8630
f 8706 7717 8639
f 8645 8639 7717
f 8645 8647 8639
f 8747 8639 8647
f 8639 8747 8703
f 8643 8703 8747
f 8647 8643 8747
f 8643 8647 8633
f 8708 8643 8633
f 8633 7716 8708
f 7716 8633 8085
f 8633 8644 8085
f 8647 8645 8644
f 8644 8633 8647
f 8635 7897 8628
f 7897 8635 7898
f 4206 7897 7898
f 7897 4206 4207
f 4206 5693 4207
f 5693 4206 6208
f 6208 5694 5693
f 8627 7898 8635
f 7898 8627 7904
f 8415 7898 7904
f 7898 8415 4206
f 4206 8415 7901
f 7901 6208 4206
f 6208 7901 5690
f 5690 5689 6208
f 5694 6208 5689
f 5689 4684 5694
f 8672 7904 8627
f 7904 8672 7908
f 7908 8000 7904
f 8415 7904 8000
f 8000 7901 8415
f 7901 8000 7876
f 6210 7901 7876
f 7901 6210 5690
f 6210 6209 5690
f 5689 5690 6209
f 6209 5721 5689
f 4684 5689 5721
f 8672 4205 7908
f 7905 7908 4205
f 7908 7905 7899
f 8000 7908 7899
f 7899 7876 8000
f 7876 7899 7878
f 7878 6210 7876
f 6210 7878 6614
f 6614 6615 6210
f 6209 6210 6615
f 4205 8672 8671
f 8671 7889 4205
f 7889 7905 4205
f 7905 7889 7903
f 7903 7882 7905
f 7882 7899 7905
f 7899 7882 7878
f 7880 7878 7882
f 7880 6614 7878
f 6614 7880 6536
f 6536 6642 6614
f 6615 6614 6642
f 7889 8671 8670
f 7882 7903 7887
f 7887 8369 7882
f 7882 8369 7880
f 8369 7872 7880
f 7872 6536 7880
f 6536 7872 6538
f 6538 6537 6536
f 6642 6536 6537
f 6537 5716 6642
f 5725 6642 5716
f 6642 5725 6615
f 8369 7887 8370
f 8370 7874 8369
f 7873 8369 7874
f 8369 7873 7872
f 6613 7872 7873
f 7872 6613 6538
f 6613 6535 6538
f 6537 6538 6535
f 6535 5707 6537
f 5716 6537 5707
f 7874 8370 8186
f 8186 8404 7874
f 7851 7874 8404
f 7874 7851 7873
f 6644 7873 7851
f 7873 6644 6613
f 6644 6643 6613
f 6535 6613 6643
f 6643 4679 6535
f 5707 6535 4679
f 8404 8186 4198
f 4198 8405 8404
f 7850 8404 8405
f 8404 7850 7851
f 5682 7851 7850
f 5682 6644 7851
f 5682 5681 6644
f 6643 6644 5681
f 5734 6643 5681
f 6643 5734 4681
f 4679 6643 4681
f 8405 4198 4200
f 4200 8401 8405
f 7853 8405 8401
f 8405 7853 7850
f 7853 6539 7850
f 6539 5682 7850
f 6539 6534 5682
f 5681 5682 6534
f 6534 5734 5681
f 5734 6534 5731
f 5731 6650 5734
f 6650 4681 5734
f 8401 4200 8400
f 8407 8401 8400
f 8401 8407 8402
f 7946 8401 8402
f 8401 7946 7853
f 7946 5679 7853
f 6539 7853 5679
f 5679 6612 6539
f 6534 6539 6612
f 6612 5731 6534
f 5731 6612 5730
f 5730 6367 5731
f 6650 5731 6367
f 8403 8402 8407
f 8402 8403 4194
f 4194 7946 8402
f 7946 4194 7947
f 5676 7946 7947
f 5679 7946 5676
f 5680 5679 5676
f 5679 5680 5688
f 6612 5679 5688
f 5688 5730 6612
f 7871 4194 8403
f 4194 7871 7875
f 8701 4194 7875
f 4194 8701 7947
f 6533 7947 8701
f 7947 6533 5676
f 6533 5680 5676
f 5680 6533 6548
f 6548 4680 5680
f 5715 5680 4680
f 5680 5715 5688
f 5730 5688 5715
f 7868 7875 7871
f 7875 7868 8385
f 7855 7875 8385
f 7875 7855 8701
f 7855 6533 8701
f 6533 7855 6611
f 6611 6548 6533
f 6548 6611 6549
f 5732 6548 6549
f 6548 5732 5733
f 4680 6548 5733
f 8395 8385 7868
f 8385 8395 8392
f 7855 8385 8392
f 7855 8392 6611
f 7865 6611 8392
f 6611 7865 5772
f 5678 6611 5772
f 6611 5678 6549
f 5678 5732 6549
f 8391 8392 8395
f 8392 8391 7865
f 4191 7865 8391
f 7865 4191 8393
f 7865 8393 5772
f 8393 6542 5772
f 6543 5772 6542
f 5772 6543 5678
f 6543 5677 5678
f 5732 5678 5677
f 4191 4190 8393
f 6542 8393 4190
f 4195 6542 4190
f 6542 4195 6506
f 6506 6543 6542
f 6543 6506 5951
f 5951 6610 6543
f 5677 6543 6610
f 4190 4191 7867
f 7867 4195 4190
f 4195 7867 7866
f 7866 4193 4195
f 4193 6506 4195
f 6506 4193 6505
f 6505 5951 6506
f 5951 6505 6507
f 6507 6597 5951
f 6610 5951 6597
f 6597 6349 6610
f 6353 6610 6349
f 6610 6353 5677
f 4193 7866 8702
f 8386 4193 8702
f 4193 8386 8394
f 8394 6505 4193
f 6505 8394 6501
f 6502 6505 6501
f 6505 6502 6507
f 6502 6496 6507
f 6597 6507 6496
f 6496 6596 6597
f 6349 6597 6596
f 8382 8394 8386
f 8394 8382 8396
f 8396 6501 8394
f 6501 8396 6599
f 6599 6502 6501
f 6502 6599 6503
f 6503 6498 6502
f 6496 6502 6498
f 6498 6497 6496
f 6596 6496 6497
f 8383 8396 8382
f 8396 8383 8397
f 8397 6599 8396
f 6599 8397 6499
f 5969 6599 6499
f 6599 5969 6503
f 5969 5968 6503
f 6498 6503 5968
f 5968 6494 6498
f 6497 6498 6494
f 8383 8398 8397
f 6495 8397 8398
f 8397 6495 6499
f 6500 6499 6495
f 6499 6500 5969
f 6552 5969 6500
f 5969 6552 6553
f 5968 5969 6553
f 8398 8383 7852
f 7852 8399 8398
f 6598 8398 8399
f 8398 6598 6495
f 5967 6495 6598
f 6495 5967 6500
f 6488 6500 5967
f 6500 6488 6552
f 6493 6552 6488
f 6552 6493 6490
f 6490 6553 6552
f 8399 7852 7862
f 6553 6490 6492
f 6492 5968 6553
f 5968 6492 5911
f 6494 5968 5911
f 6366 5677 6353
f 5677 6366 5732
f 6649 5732 6366
f 5732 6649 5733
f 6352 5733 6649
f 5733 6352 4680
f 6352 5715 4680
f 5715 6352 6355
f 6361 5715 6355
f 5715 6361 5730
f 6367 5730 6361
f 4681 6650 8530
f 8530 4679 4681
f 4679 8530 6351
f 6351 5707 4679
f 5707 6351 6354
f 6357 5707 6354
f 5707 6357 5716
f 6360 5716 6357
f 5716 6360 5725
f 6362 5725 6360
f 5725 6362 6241
f 6241 6615 5725
f 6615 6241 6209
f 5721 6209 6241
f 6356 5721 6241
f 6356 4684 5721
f 4684 6356 6358
f 6356 6241 6362
f 8124 6012 8086
f 6012 8124 7917
f 6013 6012 7917
f 6012 6013 6063
f 6065 6063 6013
f 6063 6065 5855
f 6065 6101 5855
f 8124 4112 7917
f 6015 7917 4112
f 7917 6015 6013
f 5916 6013 6015
f 6013 5916 6065
f 6101 6065 5916
f 5915 6101 5916
f 6101 5915 6071
f 5915 6014 6071
f 6014 5915 6016
f 6016 7918 6014
f 4113 6015 4112
f 6015 4113 6016
f 6016 5916 6015
f 5916 6016 5915
f 7857 4113 4112
f 8754 4113 7857
f 4113 8754 8646
f 8646 7918 4113
f 7918 6016 4113
f 4112 8755 7857
f 7929 7857 8755
f 7857 7929 8754
f 8673 8123 8757
f 8123 8673 8674
f 8123 8674 8682
f 8682 8126 8123
f 8669 8123 8126
f 8123 8669 7859
f 8758 8674 8673
f 8674 8758 7840
f 8676 8674 7840
f 8674 8676 8682
f 8676 8678 8682
f 8126 8682 8678
f 8678 8669 8126
f 8669 8678 8675
f 8678 8759 8675
f 8759 8678 8677
f 8677 8681 8759
f 8681 7840 8758
f 7840 8681 8676
f 8681 8677 8676
f 8678 8676 8677
f 4201 7877 7884
f 7877 4201 7879
f 7877 7879 4204
f 7877 4204 7930
f 4204 8087 7930
f 8087 4204 7906
f 7907 7906 4204
f 7906 7907 4202
f 4201 5765 7879
f 6435 7879 5765
f 7879 6435 8188
f 8188 4204 7879
f 4204 8188 7907
f 7997 7907 8188
f 7907 7997 7890
f 7890 4202 7907
f 4202 7890 7881
f 7890 8181 7881
f 5765 4201 6432
f 6432 6434 5765
f 5764 5765 6434
f 5765 5764 6435
f 5764 6433 6435
f 6433 8188 6435
f 8188 6433 7997
f 6433 7888 7997
f 7888 7890 7997
f 7890 7888 8171
f 8181 7890 8171
f 8181 8171 8182
f 6434 6432 6144
f 6144 6468 6434
f 6468 5764 6434
f 5764 6468 5544
f 5544 6437 5764
f 6433 5764 6437
f 6437 6436 6433
f 7888 6433 6436
f 6436 7885 7888
f 7888 7885 8171
f 7885 8182 8171
f 8182 7885 7900
f 6468 6144 6559
f 6559 6469 6468
f 6470 6468 6469
f 6468 6470 5544
f 5542 5544 6470
f 5544 5542 6558
f 6437 5544 6558
f 6558 5909 6437
f 6436 6437 5909
f 5909 5766 6436
f 7885 6436 5766
f 6469 6559 6467
f 6473 6558 5542
f 6558 6473 6472
f 5909 6558 6472
f 6472 6569 5909
f 5766 5909 6569
f 6569 6438 5766
f 7883 5766 6438
f 5766 7883 7885
f 7883 7900 7885
f 7900 7883 7902
f 6474 6472 6473
f 6472 6474 6471
f 6569 6472 6471
f 6475 6569 6471
f 6569 6475 6568
f 6438 6569 6568
f 6568 6567 6438
f 6438 6567 8408
f 8408 7883 6438
f 8408 7902 7883
f 7902 8408 4192
f 6557 6471 6474
f 6471 6557 6475
f 6479 6475 6557
f 6475 6479 6478
f 6478 6568 6475
f 6568 6478 6441
f 6567 6568 6441
f 6439 6567 6441
f 6567 6439 6440
f 8406 6567 6440
f 6567 8406 4197
f 6567 4197 8408
f 4197 4192 8408
f 4192 4197 4196
f 6476 6478 6479
f 6478 6476 5759
f 5759 6441 6478
f 6441 5759 6439
f 6556 6439 5759
f 6439 6556 6446
f 6566 6439 6446
f 6439 6566 6440
f 6566 8406 6440
f 5758 5759 6476
f 5759 5758 6556
f 6527 6556 5758
f 6556 6527 5949
f 5949 6446 6556
f 6446 5949 6443
f 6445 6446 6443
f 6446 6445 6566
f 7864 6566 6445
f 6566 7864 7863
f 8406 6566 7863
f 6526 5949 6527
f 5949 6526 6607
f 6607 6443 5949
f 6443 6607 6448
f 6448 6445 6443
f 6445 6448 6447
f 6447 7864 6445
f 7864 6447 7869
f 6477 7869 6447
f 7869 6477 7870
f 6526 6524 6607
f 6524 6448 6607
f 6448 6524 6481
f 6481 6447 6448
f 6447 6481 6477
f 6481 6555 6477
f 6555 7870 6477
f 7870 6555 7886
f 6484 7886 6555
f 7886 6484 5773
f 6484 5906 5773
f 6524 6526 6525
f 6525 6608 6524
f 6480 6524 6608
f 6524 6480 6481
f 6555 6481 6480
f 6480 6484 6555
f 6484 6480 6487
f 6487 6442 6484
f 5906 6484 6442
f 6442 6444 5906
f 6608 6525 6547
f 6547 6546 6608
f 6546 6480 6608
f 6480 6546 6487
f 6529 6487 6546
f 6487 6529 6482
f 6442 6487 6482
f 6554 6442 6482
f 6442 6554 5908
f 6444 6442 5908
f 6565 6444 5908
f 6444 6565 6452
f 6546 6547 6528
f 6531 6546 6528
f 6546 6531 6529
f 6544 6529 6531
f 6529 6544 6609
f 6609 6482 6529
f 6482 6609 6554
f 6545 6554 6609
f 6554 6545 6485
f 6485 5908 6554
f 5908 6485 6565
f 6483 6565 6485
f 6565 6483 6451
f 6451 6452 6565
f 6452 6451 6450
f 6540 6609 6544
f 6609 6540 6545
f 6550 6545 6540
f 6545 6550 6541
f 6541 6485 6545
f 6485 6541 6483
f 6532 6483 6541
f 6483 6532 6486
f 6486 6451 6483
f 6451 6486 6449
f 6449 6450 6451
f 6450 6449 5910
f 6449 5748 5910
f 6541 6550 6532
f 6532 6491 6486
f 6491 6449 6486
f 6449 6491 6564
f 5748 6449 6564
f 6455 5748 6564
f 5748 6455 6454
f 6489 6564 6491
f 6564 6489 6455
f 7863 4199 8406
f 4196 8406 4199
f 8406 4196 4197
f 5852 5848 6299
f 5848 5852 5841
f 5841 5875 5848
f 5875 5841 5851
f 5851 5626 5875
f 5626 5851 5629
f 5834 5626 5629
f 5626 5834 5840
f 5849 5841 5852
f 5841 5849 5843
f 5843 5851 5841
f 5851 5843 5838
f 5838 5629 5851
f 5629 5838 5837
f 5834 5629 5837
f 5837 5846 5834
f 5780 5834 5846
f 5834 5780 5840
f 5874 5843 5849
f 5843 5874 5842
f 5839 5843 5842
f 5843 5839 5838
f 5839 5837 5838
f 5837 5839 5833
f 5833 5853 5837
f 5846 5837 5853
f 5847 5846 5853
f 5846 5847 5776
f 5776 5780 5846
f 5780 5776 5845
f 5874 5876 5842
f 5876 5833 5842
f 5833 5839 5842
f 5876 5874 5854
f 5854 5853 5876
f 5853 5833 5876
f 5850 5854 5874
f 5850 5847 5854
f 5853 5854 5847
f 5850 5776 5847
f 5776 5850 5844
f 5844 5845 5776
f 5845 5844 5737
f 6307 5784 5786
f 5784 6307 5623
f 5623 5791 5784
f 5791 5623 5789
f 5789 5793 5791
f 5793 5789 6326
f 6326 6337 5793
f 6337 6143 5793
f 6307 6318 5623
f 5789 5623 6318
f 6322 5789 6318
f 5789 6322 6326
f 6334 6326 6322
f 6326 6334 6337
f 6334 6342 6337
f 5897 6337 6342
f 6337 5897 5740
f 6143 6337 5740
f 6318 6307 5622
f 5811 6318 5622
f 6318 5811 6346
f 6333 6318 6346
f 6318 6333 6322
f 6324 6322 6333
f 6322 6324 6334
f 6324 6341 6334
f 6342 6334 6341
f 5811 6345 6346
f 6319 6346 6345
f 6346 6319 6333
f 6331 6333 6319
f 6333 6331 6324
f 6331 6327 6324
f 6341 6324 6327
f 6327 5625 6341
f 5625 6342 6341
f 6345 5811 6309
f 6309 6311 6345
f 6311 6319 6345
f 6319 6311 6317
f 6328 6319 6317
f 6319 6328 6331
f 6328 6330 6331
f 6327 6331 6330
f 6327 6330 5797
f 5625 6327 5797
f 6311 6309 6312
f 6311 6312 6315
f 6317 6311 6315
f 6315 6328 6317
f 6315 6329 6328
f 6330 6328 6329
f 6329 6316 6330
f 6305 6330 6316
f 6330 6305 5797
f 6348 5797 6305
f 5797 6348 5625
f 6312 6316 6315
f 6316 6329 6315
f 6316 6312 6313
f 6313 6305 6316
f 6305 6313 6304
f 6304 6348 6305
f 6348 6304 6314
f 6314 6350 6348
f 6350 5625 6348
f 5625 6350 6306
f 6342 5625 6306
f 6342 6306 5873
f 6342 5873 5897
f 6350 6314 6308
f 6308 6332 6350
f 6320 6350 6332
f 6350 6320 6306
f 6306 6320 5873
f 6332 6308 6310
f 9007 6321 6323
f 6321 9007 9399
f 9399 6303 6321
f 6303 9399 9400
f 6885 6303 9400
f 6303 6885 6301
f 9010 9399 9007
f 9399 9010 9277
f 9277 9400 9399
f 9400 9277 9278
f 9278 6846 9400
f 6846 6885 9400
f 6885 6846 6669
f 6669 6671 6885
f 6301 6885 6671
f 6665 6301 6671
f 6301 6665 6300
f 9015 9277 9010
f 9277 9015 9276
f 9279 9277 9276
f 9277 9279 9278
f 9279 7114 9278
f 7060 9278 7114
f 6846 9278 7060
f 9016 9276 9015
f 9276 9016 9293
f 9293 9279 9276
f 9279 9293 9292
f 9292 7114 9279
f 7114 9292 7009
f 7009 7122 7114
f 9016 9291 9293
f 9290 9293 9291
f 9293 9290 9292
f 9290 7009 9292
f 7009 9290 7022
f 9289 7022 9290
f 7022 9289 7023
f 9289 7007 7023
f 9291 9016 8928
f 9031 9291 8928
f 9291 9031 9288
f 9288 9290 9291
f 9290 9288 9289
f 9288 9356 9289
f 7007 9289 9356
f 7007 9356 9018
f 6675 7007 9018
f 7007 6675 6674
f 8929 9288 9031
f 9288 8929 9357
f 9356 9288 9357
f 9357 9358 9356
f 9358 9018 9356
f 9018 9358 8979
f 9358 8971 8979
f 7013 8979 8971
f 8927 9357 8929
f 9357 8927 9354
f 9358 9357 9354
f 9355 9358 9354
f 9358 9355 9347
f 8971 9358 9347
f 9347 8968 8971
f 7013 8971 8968
f 8970 7013 8968
f 7013 8970 7075
f 8927 9355 9354
f 9355 8927 8930
f 8930 9346 9355
f 9346 9347 9355
f 9347 9346 9345
f 9345 9017 9347
f 8968 9347 9017
f 8968 9017 8970
f 9346 8930 9034
f 9034 9341 9346
f 9341 9345 9346
f 9345 9341 9353
f 8978 9345 9353
f 9345 8978 8980
f 9017 9345 8980
f 9341 9034 9035
f 9035 9340 9341
f 9339 9341 9340
f 9341 9339 9353
f 9042 9353 9339
f 9353 9042 9043
f 8978 9353 9043
f 9043 8931 8978
f 9340 9035 9011
f 9012 9340 9011
f 9340 9012 9337
f 9337 9339 9340
f 9339 9337 9338
f 9060 9339 9338
f 9339 9060 9042
f 9012 9348 9337
f 9344 9337 9348
f 9337 9344 9338
f 9344 6738 9338
f 9338 6738 9060
f 6738 6884 9060
f 6884 6738 6742
f 6738 6741 6742
f 6741 6738 9040
f 9348 9012 9013
f 9013 9335 9348
f 9336 9348 9335
f 9348 9336 9344
f 9061 9344 9336
f 9344 9061 9040
f 6738 9344 9040
f 9335 9013 9014
f 9014 9334 9335
f 9333 9335 9334
f 9335 9333 9336
f 9333 9061 9336
f 9061 9333 8965
f 9333 9024 8965
f 9024 9333 9332
f 9332 8914 9024
f 9334 9014 9004
f 9038 9334 9004
f 9334 9038 9330
f 9330 9333 9334
f 9333 9330 9332
f 9331 9332 9330
f 9332 9331 9343
f 9343 8907 9332
f 8914 9332 8907
f 8926 8914 8907
f 8914 8926 8947
f 9038 9331 9330
f 9331 9038 9006
f 9006 9418 9331
f 9342 9331 9418
f 9331 9342 9343
f 9045 9343 9342
f 9343 9045 8908
f 8907 9343 8908
f 8921 8907 8908
f 8907 8921 8926
f 8921 6854 8926
f 6854 8947 8926
f 9418 9006 9002
f 9002 9413 9418
f 9402 9418 9413
f 9418 9402 9342
f 8985 9342 9402
f 9342 8985 9045
f 9413 9002 9001
f 9001 9414 9413
f 9415 9413 9414
f 9413 9415 9402
f 9080 9402 9415
f 9402 9080 8985
f 9414 9001 9003
f 9030 9414 9003
f 9414 9030 9029
f 9029 9415 9414
f 9415 9029 9039
f 9037 9415 9039
f 9415 9037 9080
f 8983 9030 9003
f 8983 9028 9030
f 9028 9029 9030
f 9029 9028 9404
f 9029 9404 9403
f 8848 9029 9403
f 9029 8848 9039
f 8848 6709 9039
f 6709 9037 9039
f 9037 6709 6782
f 9028 8983 9053
f 9053 8982 9028
f 8982 9404 9028
f 9404 8982 9410
f 9700 9404 9410
f 9404 9700 9403
f 9700 8848 9403
f 8848 9700 8844
f 8844 6811 8848
f 6709 8848 6811
f 6811 6682 6709
f 6682 6782 6709
f 6782 6682 6755
f 9044 8982 9053
f 8982 9044 8840
f 8840 9410 8982
f 9410 8840 9406
f 9408 9410 9406
f 9410 9408 9700
f 9408 8844 9700
f 8844 9408 8843
f 8843 6704 8844
f 6811 8844 6704
f 6704 6781 6811
f 6682 6811 6781
f 9044 8839 8840
f 8839 9406 8840
f 9406 8839 9407
f 9405 9406 9407
f 9406 9405 9408
f 9405 8843 9408
f 8843 9405 8952
f 8952 6703 8843
f 6704 8843 6703
f 6703 6903 6704
f 6781 6704 6903
f 8839 9044 8981
f 8981 9000 8839
f 9000 9407 8839
f 9407 9000 9411
f 9702 9407 9411
f 9407 9702 9405
f 9702 8952 9405
f 8952 9702 8951
f 8951 6705 8952
f 6703 8952 6705
f 6705 6701 6703
f 6903 6703 6701
f 9000 8981 9059
f 9059 8998 9000
f 8998 9411 9000
f 9411 8998 9701
f 9409 9411 9701
f 9411 9409 9702
f 9409 8890 9702
f 8890 8951 9702
f 8951 8890 8856
f 6702 8951 8856
f 8951 6702 6706
f 6705 8951 6706
f 6706 6888 6705
f 6701 6705 6888
f 6888 6692 6701
f 6835 6701 6692
f 6701 6835 6903
f 6756 6903 6835
f 6903 6756 6781
f 6973 6706 6702
f 6706 6973 6779
f 6888 6706 6779
f 8048 6888 6779
f 6888 8048 6707
f 6692 6888 6707
f 6702 6685 6973
f 6685 9113 6973
f 8048 6973 9113
f 6973 8048 6779
f 6685 6702 6686
f 7089 6685 6686
f 6685 7089 6976
f 6976 9114 6685
f 9113 6685 9114
f 9114 7914 9113
f 8022 9113 7914
f 9113 8022 8048
f 8022 6707 8048
f 6707 8022 6971
f 6975 6976 7089
f 6976 6975 6977
f 6977 9225 6976
f 9114 6976 9225
f 9225 8028 9114
f 7914 9114 8028
f 8028 8490 7914
f 8490 8028 8472
f 8492 8490 8472
f 8490 8492 8512
f 6975 6974 6977
f 6974 8824 6977
f 9225 6977 8824
f 8824 8049 9225
f 8028 9225 8049
f 8049 8472 8028
f 8472 8049 8507
f 8024 8507 8049
f 8507 8024 6287
f 6974 6975 6683
f 6683 7088 6974
f 7088 9119 6974
f 8824 6974 9119
f 9119 8024 8824
f 8049 8824 8024
f 7088 6683 7087
f 9119 7088 9115
f 9115 8021 9119
f 8024 9119 8021
f 8021 8459 8024
f 6287 8024 8459
f 8459 6283 6287
f 6283 8459 6289
f 6289 8478 6283
f 8021 9115 8018
f 8458 8021 8018
f 8021 8458 8459
f 6293 8459 8458
f 8459 6293 6289
f 6296 6289 6293
f 6289 6296 6645
f 8478 6289 6645
f 6645 8473 8478
f 8473 7952 8478
f 8478 7952 7985
f 7952 8486 7985
f 8486 7952 8498
f 8487 8486 8498
f 8465 6645 6296
f 6645 8465 8466
f 8473 6645 8466
f 8466 7798 8473
f 7957 8473 7798
f 7952 8473 7957
f 7915 7952 7957
f 7952 7915 7910
f 7910 8498 7952
f 8475 8466 8465
f 7798 8466 8475
f 7966 7798 8475
f 7798 7966 7797
f 7797 7957 7798
f 7957 7797 7961
f 8235 7957 7961
f 7957 8235 7915
f 8767 7915 8235
f 7915 8767 8743
f 8743 7910 7915
f 7799 7797 7966
f 7799 7961 7797
f 7961 7799 7964
f 7964 8235 7961
f 8235 7964 7911
f 8745 8235 7911
f 8235 8745 8767
f 8745 9241 8767
f 9072 8767 9241
f 8767 9072 8743
f 9238 8743 9072
f 8743 9238 8768
f 7910 8743 8768
f 8023 7911 7964
f 7911 8023 8050
f 7806 7911 8050
f 7911 7806 8745
f 9076 8745 7806
f 8745 9076 9074
f 9241 8745 9074
f 9074 9073 9241
f 9240 9241 9073
f 9241 9240 9072
f 8796 8050 8023
f 8050 8796 7806
f 8796 9076 7806
f 9076 8796 9077
f 9077 9078 9076
f 9075 9076 9078
f 9076 9075 9074
f 9073 9074 9075
f 8023 8746 8796
f 8746 9077 8796
f 9077 8746 9083
f 9083 9242 9077
f 9078 9077 9242
f 8746 8023 8025
f 8025 9083 8746
f 9083 8025 9243
f 9082 9083 9243
f 9083 9082 9079
f 9242 9083 9079
f 9071 9072 9240
f 9072 9071 9238
f 9066 9238 9071
f 9238 9066 9065
f 9065 8768 9238
f 8768 9065 8769
f 7955 8768 8769
f 8768 7955 7910
f 7960 7910 7955
f 7910 7960 8498
f 9063 9065 9066
f 9065 9063 9062
f 7805 9065 9062
f 9065 7805 8769
f 7999 8769 7805
f 8769 7999 7955
f 7958 7955 7999
f 7955 7958 7960
f 9068 9062 9063
f 9062 9068 9237
f 8009 9062 9237
f 9062 8009 7805
f 7996 7805 8009
f 7805 7996 7999
f 6766 7999 7996
f 7999 6766 6970
f 6970 7958 7999
f 7958 6970 8020
f 9067 9237 9068
f 9237 9067 9064
f 9064 8009 9237
f 8009 9064 8010
f 8236 8009 8010
f 8009 8236 7996
f 7963 7996 8236
f 7996 7963 6837
f 6777 7996 6837
f 6766 7996 6777
f 9069 9064 9067
f 9064 9069 9239
f 8004 9064 9239
f 9064 8004 8010
f 7913 8010 8004
f 8010 7913 8236
f 8809 9239 9069
f 9239 8809 8813
f 8813 8004 9239
f 8004 8813 7804
f 7950 8004 7804
f 8004 7950 7913
f 8989 8813 8809
f 8813 8989 9070
f 9070 7804 8813
f 7804 9070 6672
f 6672 7803 7804
f 7950 7804 7803
f 7803 8047 7950
f 8047 8045 7950
f 8045 7913 7950
f 9117 9070 8989
f 9070 9117 9131
f 9131 6672 9070
f 6672 9131 9133
f 9133 8006 6672
f 7807 6672 8006
f 7803 6672 7807
f 7807 8005 7803
f 8005 8013 7803
f 8047 7803 8013
f 9117 9134 9131
f 9220 9131 9134
f 9131 9220 9133
f 9220 9132 9133
f 8006 9133 9132
f 9132 7113 8006
f 7113 8744 8006
f 7800 8006 8744
f 8006 7800 7807
f 8005 7807 7800
f 9134 9117 9221
f 9221 9195 9134
f 9198 9134 9195
f 9134 9198 9220
f 9198 8810 9220
f 9132 9220 8810
f 8812 9132 8810
f 9132 8812 7048
f 7048 7062 9132
f 7113 9132 7062
f 9195 9221 9110
f 9110 9193 9195
f 9199 9195 9193
f 9195 9199 9198
f 7118 9198 9199
f 9198 7118 6670
f 8810 9198 6670
f 6670 7122 8810
f 7109 8810 7122
f 8810 7109 8812
f 9193 9110 9226
f 9226 9192 9193
f 9201 9193 9192
f 9193 9201 9199
f 6665 9199 9201
f 9199 6665 7118
f 6671 7118 6665
f 7118 6671 7119
f 7119 6670 7118
f 6670 7119 6668
f 7122 6670 6668
f 9192 9226 9227
f 9227 6282 9192
f 6295 9192 6282
f 9192 6295 9201
f 6300 9201 6295
f 9201 6300 6665
f 6282 9227 8457
f 6671 6669 7119
f 7122 7009 7109
f 7048 7120 7062
f 6831 6777 6837
f 6834 6777 6831
f 6777 6834 6780
f 6780 6766 6777
f 6766 6780 6765
f 6765 6970 6766
f 6970 6765 6971
f 6971 8020 6970
f 6708 6834 6831
f 6834 6708 6711
f 6708 6682 6711
f 6682 6756 6711
f 6756 6682 6781
f 6682 6708 6755
f 6716 6755 6708
f 6755 6716 6717
f 6716 6745 6717
f 6745 6716 6719
f 6744 6745 6719
f 6745 6744 8921
f 6854 8921 6744
f 6719 6792 6744
f 6792 6719 6813
f 6792 6813 6836
f 6813 8236 6836
f 8236 7909 6836
f 8236 6734 7909
f 7963 8236 6813
f 8020 6971 8022
f 6734 8236 7913
f 6734 7913 8016
f 6657 6734 8016
f 6851 6734 6657
f 6734 6851 6820
f 6852 6820 6851
f 6820 6852 8947
f 8947 6854 6820
f 8027 8016 7913
f 8027 8468 8016
f 8016 8468 6657
f 7913 8045 8027
f 8045 8026 8027
f 8468 8027 8026
f 8026 8045 8035
f 8045 8014 8035
f 8014 8045 8047
f 8013 8014 8047
f 8014 8013 8032
f 8017 8014 8032
f 8008 8017 8032
f 8017 8008 8015
f 8013 8003 8032
f 8003 8008 8032
f 8008 8003 8031
f 8003 8030 8031
f 8030 8003 8011
f 7024 8030 8011
f 7025 8030 7024
f 8003 8013 8005
f 8005 8011 8003
f 8011 8005 7800
f 7800 8770 8011
f 8770 7800 8744
f 8744 7046 8770
f 7046 8744 7113
f 7047 7046 7113
f 6852 6851 6850
f 7075 7025 7024
f 7025 7075 8970
f 8512 7960 7958
f 8492 7960 8512
f 7960 8492 7971
f 7960 7971 7965
f 7965 8498 7960
f 8498 7965 8487
f 8456 6288 6284
f 6288 8456 8500
f 8499 6288 8500
f 6288 8499 6290
f 8456 8496 8500
f 8483 8500 8496
f 8500 8483 8499
f 8496 8456 6285
f 6285 8489 8496
f 8489 8483 8496
f 8483 8489 8479
f 6285 8479 8489
f 6285 8485 8479
f 8485 8484 8479
f 8484 8485 8501
f 8501 7972 8484
f 7972 8501 8480
f 8497 7972 8480
f 7972 8497 6285
f 8485 6285 8497
f 8497 8501 8485
f 8501 8497 8480
f 8494 8504 8491
f 8509 8494 8491
f 8509 8491 8488
f 8488 8491 8493
f 8493 8491 8502
f 8502 8491 8506
f 8482 8474 7967
f 8474 8482 8476
f 6647 8474 8476
f 6647 8476 8467
f 6647 8467 9121
f 6647 9121 9127
f 6647 9127 9099
f 9127 9102 9099
f 8482 6338 8476
f 6646 8476 6338
f 8476 6646 8467
f 9125 8467 6646
f 8467 9125 9121
f 9125 9127 9121
f 9127 9125 9124
f 9102 9127 9124
f 6676 8849 8012
f 8849 6676 8851
f 8851 9025 8849
f 9025 8896 8849
f 8896 8007 8849
f 8007 8896 8897
f 8906 8897 8896
f 8897 8906 8909
f 6676 8969 8851
f 8969 8833 8851
f 9025 8851 8833
f 8833 8906 9025
f 8896 9025 8906
f 8969 6676 6694
f 6694 8976 8969
f 8976 8834 8969
f 8833 8969 8834
f 8834 8948 8833
f 8906 8833 8948
f 8948 8916 8906
f 8916 8909 8906
f 8976 6694 8972
f 8973 8976 8972
f 8976 8973 8832
f 8834 8976 8832
f 8948 8834 8832
f 8832 8977 8948
f 8916 8948 8977
f 8977 8832 8973
f 7801 7028 7802
f 7801 8894 7028
f 8894 7073 7028
f 7073 8894 8950
f 7073 8950 8853
f 8894 7801 8922
f 8922 8924 8894
f 8924 8950 8894
f 8950 8924 8892
f 8892 8853 8950
f 8854 8853 8892
f 8854 6725 8853
f 7027 8853 6725
f 6726 7027 6725
f 7027 6726 7026
f 8924 8922 8895
f 8924 8895 8852
f 8852 8850 8924
f 8854 8924 8850
f 8924 8854 8892
f 8850 8852 8923
f 6729 8850 8923
f 8850 6729 6726
f 6725 8850 6726
f 8850 6725 8854
f 6729 6697 6726
f 6697 7026 6726
f 7026 6697 6695
f 9085 9086 9084
f 9086 9085 9244
f 9244 9126 9086
f 9126 9244 9129
f 9129 9130 9126
f 9130 9129 9128
f 9211 9130 9128
f 9130 9211 8837
f 7912 9244 9085
f 9244 7912 7959
f 7959 9129 9244
f 9129 7959 8019
f 8019 9128 9129
f 9128 8019 8825
f 8825 9211 9128
f 9211 8825 8827
f 8827 9164 9211
f 9164 8837 9211
f 8837 9164 9165
f 7953 7959 7912
f 7959 7953 7962
f 7962 8019 7959
f 8019 7962 7956
f 7954 8019 7956
f 8019 7954 8825
f 9081 8825 7954
f 8825 9081 8827
f 9094 8827 9081
f 8827 9094 9109
f 9164 8827 9109
f 7796 7962 7953
f 7962 7796 7951
f 7951 7956 7962
f 7956 7951 8001
f 7995 7956 8001
f 7956 7995 7954
f 9245 7954 7995
f 7954 9245 9081
f 9245 9091 9081
f 9081 9091 9094
f 9096 9094 9091
f 9094 9096 9098
f 9098 9109 9094
f 8001 8477 7995
f 8481 7995 8477
f 7995 8481 9245
f 6298 9245 8481
f 9245 6298 8463
f 8463 9088 9245
f 9089 9245 9088
f 9091 9245 9089
f 9089 9096 9091
f 9096 9089 9092
f 9092 9219 9096
f 9219 9098 9096
f 6298 6294 8463
f 8463 6294 6292
f 6292 9088 8463
f 6292 8464 9088
f 8464 9087 9088
f 9087 9089 9088
f 9089 9087 9092
f 9092 9087 9233
f 9233 9097 9092
f 9219 9092 9097
f 6294 6298 6297
f 6297 8461 6294
f 8461 6325 6294
f 6336 6294 6325
f 6294 6336 6292
f 6292 6336 8464
f 8464 6336 9087
f 6336 9233 9087
f 6302 9233 6336
f 9233 6302 6339
f 9233 6339 9090
f 9097 9233 9090
f 8461 6297 8462
f 8462 9101 8461
f 8461 9101 9100
f 8461 9100 6291
f 6335 8461 6291
f 8461 6335 6339
f 8461 6339 6325
f 6302 6325 6339
f 6325 6302 6336
f 9101 8462 8029
f 8029 9118 9101
f 9118 9100 9101
f 9100 9118 6988
f 6988 8460 9100
f 6291 9100 8460
f 9118 8029 9120
f 9120 6980 9118
f 6680 9118 6980
f 9118 6680 6988
f 7086 6988 6680
f 6988 7086 6978
f 6978 9123 6988
f 8460 6988 9123
f 6980 9120 6981
f 6981 6982 6980
f 6681 6980 6982
f 6980 6681 6680
f 6681 7086 6680
f 7086 6681 6961
f 6961 7094 7086
f 7094 6978 7086
f 6978 7094 9223
f 9223 9222 6978
f 9123 6978 9222
f 9222 9104 9123
f 6982 6981 6983
f 6845 6667 9023
f 6845 7059 6667
f 8986 6667 7059
f 6667 8986 6881
f 8806 6881 8986
f 6881 8806 9196
f 8987 6881 9196
f 6881 8987 8807
f 7059 6845 7058
f 7051 7059 7058
f 7059 7051 7054
f 7054 8986 7059
f 7061 8986 7054
f 8986 7061 8806
f 8806 7061 7057
f 8987 8806 7057
f 8806 8987 9196
f 7056 7054 7051
f 7054 7056 7061
f 7063 7061 7056
f 7061 7063 7057
f 7063 8987 7057
f 8987 7063 9197
f 9197 8807 8987
f 8807 9197 9194
f 7055 7053 7052
f 7053 7055 7034
f 7037 7053 7034
f 7035 7037 7034
f 7037 7035 6848
f 7032 6848 7035
f 6848 7032 6673
f 7032 7038 6673
f 7055 7070 7034
f 7040 7034 7070
f 7034 7040 7035
f 7069 7035 7040
f 7035 7069 7032
f 7036 7032 7069
f 7032 7036 7039
f 7033 7032 7039
f 7032 7033 7038
f 7070 7055 7121
f 7121 7040 7070
f 7040 7121 7049
f 7036 7040 7049
f 7040 7036 7069
f 7108 7049 7121
f 7049 7108 7050
f 7050 7036 7049
f 7036 7050 7039
f 7065 7039 7050
f 7039 7065 7033
f 7064 7050 7108
f 7050 7064 7065
f 7068 7110 7112
f 7112 7067 7068
f 7044 7068 7067
f 7068 7044 7041
f 7041 7111 7068
f 7111 7041 7043
f 7041 7042 7043
f 7067 7112 7045
f 7045 7044 7067
f 7044 7045 7042
f 7042 7041 7044
f 7017 7016 7020
f 7016 7017 7011
f 7008 7016 7011
f 7016 7008 7077
f 7066 7011 7017
f 7011 7066 7010
f 6678 7011 7010
f 7078 7011 6678
f 7011 7078 7008
f 7008 7078 7015
f 7077 7008 7015
f 7015 8975 7077
f 8831 7077 8975
f 7077 8831 7014
f 7014 7074 7077
f 7010 6677 6678
f 6677 8974 6678
f 8974 7078 6678
f 7078 8974 8842
f 8975 7078 8842
f 7078 8975 7015
f 8974 6677 7079
f 7079 7076 8974
f 7076 8831 8974
f 8831 8842 8974
f 8842 8831 8975
f 8831 7076 7012
f 7012 7019 8831
f 7019 7014 8831
f 7014 7019 7021
f 7018 7014 7021
f 7014 7018 7074
f 7006 7004 7005
f 7006 9304 7004
f 7004 9304 9299
f 9712 9299 9304
f 9299 9712 9659
f 9659 6990 9299
f 6979 9299 6990
f 7080 9299 6979
f 9304 7006 9303
f 9682 9304 9303
f 9304 9682 9712
f 9712 9682 9669
f 9669 9659 9712
f 9659 9669 9668
f 9668 6990 9659
f 6990 9668 6991
f 6993 6990 6991
f 6990 6993 6979
f 6993 7080 6979
f 7080 6993 7003
f 6687 6969 6972
f 6969 6687 7090
f 7090 6966 6969
f 6962 6969 6966
f 6962 6968 6969
f 6968 6962 6965
f 6962 6964 6965
f 6687 9224 7090
f 9122 7090 9224
f 7090 9122 6967
f 7090 6967 6966
f 7091 6966 6967
f 6962 6966 7091
f 6964 6962 7091
f 6967 6964 7091
f 6964 6967 9122
f 6956 6960 6958
f 6960 6956 6957
f 7095 6960 6957
f 7095 6957 6953
f 6953 6951 7095
f 6951 6954 7095
f 6956 6953 6957
f 6953 6956 7107
f 7106 6953 7107
f 6953 7106 7105
f 6951 6953 7105
f 7105 6943 6951
f 6943 6949 6951
f 6954 6951 6949
f 6950 6954 6949
f 6954 6950 6952
f 6955 6954 6952
f 6943 7105 7106
f 6949 6943 6950
f 6934 7102 6938
f 7102 6934 6939
f 6946 7102 6939
f 7102 6946 7104
f 6944 7104 6946
f 7104 6944 6945
f 6945 7103 7104
f 7103 7099 7104
f 6929 6939 6934
f 6939 6929 6926
f 6926 6946 6939
f 6946 6926 6944
f 7101 6944 6926
f 6944 7101 6945
f 7101 6940 6945
f 7103 6945 6940
f 6928 7103 6940
f 7103 6928 6933
f 7099 7103 6933
f 6937 7099 6933
f 7099 6937 7100
f 6925 6926 6929
f 6926 6925 7101
f 6925 6928 7101
f 6940 7101 6928
f 6928 6925 6927
f 6927 6933 6928
f 6933 6927 6937
f 6921 6931 6932
f 6931 6921 6893
f 6931 6893 7093
f 6893 7092 7093
f 7092 6893 6786
f 6786 6789 7092
f 6892 6789 6786
f 6789 6892 6908
f 6897 6893 6921
f 6893 6897 6909
f 6909 6786 6893
f 6786 6909 6913
f 6913 6892 6786
f 6892 6913 6914
f 6918 6892 6914
f 6918 6908 6892
f 6908 6918 6787
f 6788 6787 6918
f 6787 6788 6896
f 6914 6909 6897
f 6909 6914 6913
f 6897 6918 6914
f 6918 6897 6788
f 6930 6924 6891
f 6924 6930 6898
f 6898 6912 6924
f 6912 6898 6919
f 6919 6935 6912
f 6930 6911 6898
f 6898 6911 6919
f 6844 6919 6911
f 6919 6844 6906
f 6935 6919 6906
f 6906 6923 6935
f 6923 6915 6935
f 6941 6935 6915
f 6935 6941 6890
f 6911 6930 6910
f 6910 6844 6911
f 6844 6910 6904
f 6904 6841 6844
f 6840 6844 6841
f 6844 6840 6906
f 6923 6906 6840
f 6840 6907 6923
f 6915 6923 6907
f 6907 6895 6915
f 6936 6915 6895
f 6915 6936 6941
f 6841 6904 6905
f 6905 6922 6841
f 6841 6922 6840
f 6907 6840 6922
f 6942 6907 6922
f 6907 6942 6843
f 6895 6907 6843
f 6922 6905 6942
f 6875 6872 6874
f 6872 6875 6871
f 6871 6700 6872
f 6700 6871 6870
f 6842 6700 6870
f 6700 6842 6869
f 6873 6869 6842
f 6869 6873 6863
f 6875 6859 6871
f 6859 6870 6871
f 6894 6870 6859
f 6870 6894 6842
f 6842 6894 6873
f 6894 6902 6873
f 6902 6863 6873
f 6863 6902 6886
f 6902 6824 6886
f 6824 6902 6809
f 6859 6875 6825
f 6826 6859 6825
f 6859 6826 6894
f 6902 6894 6826
f 6826 6809 6902
f 6809 6826 6825
f 6698 6866 6868
f 6866 5360 6868
f 6901 6868 5360
f 6868 6901 6864
f 6864 6901 6899
f 6899 6865 6864
f 6865 6856 6864
f 6856 6862 6864
f 5360 6866 5354
f 5356 5360 5354
f 5360 5356 5344
f 6899 5360 5344
f 5360 6899 6901
f 6762 5344 5356
f 5344 6762 6855
f 6855 6899 5344
f 6899 6855 6865
f 6856 6865 6855
f 6855 6761 6856
f 6761 6862 6856
f 6862 6761 6858
f 6761 6855 6762
f 6772 6839 6838
f 6839 6772 6774
f 6774 5283 6839
f 5283 6774 5293
f 5293 5269 5283
f 5269 5293 5294
f 5269 5294 5254
f 6771 6774 6772
f 6774 6771 6775
f 6877 6774 6775
f 6774 6877 5293
f 6808 5293 6877
f 5293 6808 5294
f 6808 9691 5294
f 9691 5254 5294
f 5254 9691 5292
f 6773 5292 9691
f 5292 6773 6769
f 6771 6808 6775
f 6775 6808 6877
f 6808 6771 6767
f 9691 6808 6767
f 6773 9691 6767
f 6767 6876 6773
f 6770 6773 6876
f 6773 6770 6769
f 6876 6767 6771
f 6785 6805 6784
f 6805 6785 6804
f 6805 6804 6693
f 6758 6693 6804
f 6693 6758 6760
f 6758 6759 6760
f 6758 6783 6759
f 6759 6783 6757
f 6785 6778 6804
f 6803 6804 6778
f 6804 6803 6758
f 6828 6758 6803
f 6758 6828 6783
f 6827 6783 6828
f 6783 6827 6829
f 6829 6887 6783
f 6887 6757 6783
f 6778 6785 6806
f 6806 6803 6778
f 6803 6806 6828
f 6889 6828 6806
f 6828 6889 6827
f 6889 6829 6827
f 6829 6889 6833
f 6833 6832 6829
f 6887 6829 6832
f 6807 6889 6806
f 6889 6807 6833
f 6768 6833 6807
f 6833 6768 6830
f 6832 6833 6830
f 8855 6690 6691
f 6690 8855 8932
f 8932 6764 6690
f 6764 8932 8889
f 8889 6660 6764
f 6660 8889 8857
f 8933 6660 8857
f 6660 8933 6663
f 8855 8893 8932
f 8953 8932 8893
f 8932 8953 8889
f 8953 6989 8889
f 6989 8857 8889
f 8857 6989 8858
f 8888 8857 8858
f 8857 8888 8933
f 8888 8954 8933
f 8954 6663 8933
f 6663 8954 6720
f 8893 8855 8891
f 9412 8893 8891
f 8893 9412 9417
f 9417 8861 8893
f 8893 8861 8953
f 8861 6989 8953
f 6989 8861 6879
f 6879 8858 6989
f 8858 6879 7116
f 8801 8858 7116
f 8858 8801 8888
f 8801 8823 8888
f 8954 8888 8823
f 9416 9417 9412
f 9417 9416 9472
f 9472 9476 9417
f 8861 9417 9476
f 9471 8861 9476
f 8861 9471 6879
f 9471 7116 6879
f 7116 9471 9477
f 9477 7117 7116
f 7117 8801 7116
f 8841 9472 9416
f 9472 8841 8999
f 8999 9448 9472
f 9476 9472 9448
f 9448 9471 9476
f 9471 9448 9473
f 9473 9477 9471
f 9477 9473 9479
f 9479 9475 9477
f 7117 9477 9475
f 8841 9057 8999
f 9057 9032 8999
f 9448 8999 9032
f 9032 9473 9448
f 9473 9032 9287
f 9287 9479 9473
f 9479 9287 9286
f 9286 9447 9479
f 9475 9479 9447
f 9057 8841 9058
f 9057 9236 9032
f 9236 9287 9032
f 9287 9236 9235
f 9235 9286 9287
f 9286 9235 9056
f 9056 9285 9286
f 9447 9286 9285
f 9285 9445 9447
f 9446 9447 9445
f 9447 9446 9475
f 6880 9475 9446
f 9475 6880 7117
f 9285 9056 9055
f 9051 9285 9055
f 9285 9051 9284
f 9445 9285 9284
f 9284 9467 9445
f 9444 9445 9467
f 9445 9444 9446
f 9444 6880 9446
f 6880 9444 8808
f 8808 8935 6880
f 8935 7117 6880
f 8801 7117 8935
f 9050 9284 9051
f 9284 9050 9396
f 9467 9284 9396
f 9397 9467 9396
f 9467 9397 9474
f 9478 9467 9474
f 9467 9478 9444
f 9478 8808 9444
f 8808 9478 6739
f 6739 8805 8808
f 8935 8808 8805
f 9048 9396 9050
f 9396 9048 9397
f 9048 9401 9397
f 9440 9397 9401
f 9397 9440 9474
f 9443 9474 9440
f 9474 9443 9478
f 9443 6739 9478
f 9443 6801 6739
f 6801 8937 6739
f 8805 6739 8937
f 9401 9048 9234
f 9234 9283 9401
f 9466 9401 9283
f 9401 9466 9440
f 9439 9440 9466
f 9440 9439 9443
f 9439 6801 9443
f 9439 6822 6801
f 6822 8797 6801
f 8937 6801 8797
f 9283 9234 9052
f 9052 9282 9283
f 9468 9283 9282
f 9283 9468 9466
f 9469 9466 9468
f 9466 9469 9439
f 6822 9439 9469
f 9469 6878 6822
f 6878 8992 6822
f 8797 6822 8992
f 9282 9052 9253
f 9047 9282 9253
f 9282 9047 9281
f 9438 9282 9281
f 9282 9438 9468
f 9438 9469 9468
f 9469 9438 9470
f 6878 9469 9470
f 9470 6737 6878
f 8994 6878 6737
f 6878 8994 8958
f 8992 6878 8958
f 9047 9280 9281
f 9441 9281 9280
f 9281 9441 9438
f 9442 9438 9441
f 9438 9442 9470
f 9442 6737 9470
f 6737 9442 6736
f 6736 8994 6737
f 9280 9047 9046
f 9046 9398 9280
f 9398 9441 9280
f 9441 9398 9457
f 9458 9441 9457
f 9441 9458 9442
f 6802 9442 9458
f 9442 6802 6736
f 6802 8883 6736
f 8994 6736 8883
f 9398 9046 9036
f 9036 9455 9398
f 9456 9398 9455
f 9398 9456 9457
f 9456 9458 9457
f 9458 9456 9453
f 8873 9458 9453
f 9458 8873 8869
f 6802 9458 8869
f 6802 8869 8962
f 8883 6802 8962
f 9455 9036 9231
f 9231 9430 9455
f 9429 9455 9430
f 9455 9429 9456
f 9429 9453 9456
f 9453 9429 9426
f 9426 8960 9453
f 8873 9453 8960
f 8866 8873 8960
f 8873 8866 8870
f 8870 8869 8873
f 9430 9231 9230
f 9230 9525 9430
f 9533 9430 9525
f 9430 9533 9429
f 9531 9429 9533
f 9429 9531 9426
f 8865 9426 9531
f 9426 8865 8868
f 8960 9426 8868
f 8868 8866 8960
f 8866 8868 8939
f 9525 9230 9526
f 9526 9541 9525
f 9530 9525 9541
f 9525 9530 9533
f 9532 9533 9530
f 9533 9532 9531
f 8874 9531 9532
f 9531 8874 8865
f 8874 8877 8865
f 8939 8865 8877
f 8865 8939 8868
f 9541 9526 9569
f 9569 9568 9541
f 9524 9541 9568
f 9541 9524 9530
f 9524 9532 9530
f 9532 9524 9522
f 8867 9532 9522
f 9532 8867 8874
f 8964 8874 8867
f 8874 8964 8943
f 8877 8874 8943
f 9568 9569 9571
f 9571 9565 9568
f 9704 9568 9565
f 9568 9704 9524
f 9527 9524 9704
f 9524 9527 9522
f 8940 9522 9527
f 9522 8940 8867
f 8884 8867 8940
f 8867 8884 8964
f 9565 9571 9570
f 9567 9565 9570
f 9565 9567 9537
f 9523 9565 9537
f 9565 9523 9704
f 9523 9527 9704
f 9527 9523 9521
f 8961 9527 9521
f 9527 8961 8940
f 8881 8940 8961
f 8940 8881 8884
f 9539 9537 9567
f 9537 9539 9566
f 9566 9523 9537
f 9523 9566 9703
f 9703 9521 9523
f 9521 9703 9535
f 9535 8961 9521
f 8961 9535 8872
f 8872 8881 8961
f 8881 8872 8878
f 8871 8878 8872
f 8878 8871 8879
f 9572 9566 9539
f 9566 9572 9528
f 9528 9703 9566
f 9703 9528 9540
f 9540 9535 9703
f 9535 9540 9534
f 9534 8872 9535
f 8872 9534 8871
f 8869 8870 8941
f 8941 8962 8869
f 8962 8941 9021
f 9021 8883 8962
f 8883 9021 9019
f 9019 8994 8883
f 8994 9019 8938
f 8938 8958 8994
f 8958 8938 8993
f 8993 8992 8958
f 8992 8993 8991
f 8959 8992 8991
f 8992 8959 8797
f 8863 8797 8959
f 8797 8863 8937
f 7084 8937 8863
f 8937 7084 8805
f 8955 8805 7084
f 8805 8955 8935
f 8803 8935 8955
f 8935 8803 8801
f 8823 8801 8803
f 8901 6718 6793
f 6718 8901 8945
f 6718 8945 8847
f 8945 8919 8847
f 8919 8845 8847
f 6815 8847 8845
f 8847 6815 6747
f 6815 6814 6747
f 8901 8946 8945
f 8919 8945 8946
f 8946 8899 8919
f 8899 8917 8919
f 8845 8919 8917
f 8917 8846 8845
f 6710 8845 8846
f 6746 8845 6710
f 8845 6746 6815
f 6814 6815 6746
f 8946 8901 8944
f 8944 8949 8946
f 8899 8946 8949
f 8949 8925 8899
f 8925 8918 8899
f 8917 8899 8918
f 8918 8898 8917
f 8846 8917 8898
f 8949 8944 8900
f 8925 8949 8900
f 8898 8918 8920
f 8918 8925 8920
f 6795 6662 6882
f 6662 6795 6735
f 6735 6817 6662
f 6817 6735 6796
f 6796 6722 6817
f 6722 6796 6658
f 6849 6722 6658
f 6722 6849 6659
f 6795 6656 6735
f 6658 6735 6656
f 6735 6658 6796
f 6656 6795 6721
f 6721 6723 6656
f 6723 6658 6656
f 6658 6723 6849
f 6723 6659 6849
f 6659 6723 6797
f 6723 6661 6797
f 6661 6723 6721
f 6795 6661 6721
f 6661 6795 6818
f 8802 9020 8862
f 9020 8802 8804
f 9449 9020 8804
f 9020 9449 9450
f 9495 9450 9449
f 9450 9495 9317
f 9603 9317 9495
f 9317 9603 9584
f 8802 8860 8804
f 8860 6984 8804
f 9309 8804 6984
f 8804 9309 9449
f 9308 9449 9309
f 9449 9308 9495
f 9308 9603 9495
f 8802 6816 8860
f 6794 8860 6816
f 8860 6794 8887
f 8887 8886 8860
f 6984 8860 8886
f 8886 7085 6984
f 9322 6984 7085
f 6984 9322 9309
f 9322 9308 9309
f 9308 9322 9323
f 9323 9518 9308
f 9603 9308 9518
f 8886 8887 8859
f 8859 8934 8886
f 7085 8886 8934
f 8934 8957 7085
f 8957 9322 7085
f 9322 8957 9451
f 9451 9323 9322
f 9323 9451 9460
f 9460 9517 9323
f 9518 9323 9517
f 8934 8859 8885
f 6986 8934 8885
f 8934 6986 6987
f 8957 8934 6987
f 8957 6987 8936
f 8936 9451 8957
f 9451 8936 9459
f 9459 9460 9451
f 9460 9459 9324
f 9324 9586 9460
f 9517 9460 9586
f 6986 6985 6987
f 6985 8936 6987
f 8936 6985 8876
f 8876 8956 8936
f 8956 9459 8936
f 9459 8956 9325
f 9325 9324 9459
f 9324 9325 9452
f 9555 9324 9452
f 9324 9555 9577
f 9586 9324 9577
f 8956 8876 8800
f 8800 8990 8956
f 8990 9325 8956
f 9325 8990 9480
f 9480 9452 9325
f 9452 9480 9481
f 9551 9452 9481
f 9452 9551 9555
f 9553 9555 9551
f 9555 9553 9556
f 9556 9577 9555
f 8990 8800 8995
f 8995 8798 8990
f 9480 8990 8798
f 8875 9480 8798
f 9480 8875 9558
f 9557 9480 9558
f 9480 9557 9481
f 9573 9481 9557
f 9481 9573 9551
f 9549 9551 9573
f 9551 9549 9553
f 8798 8995 8799
f 8799 8875 8798
f 8875 8799 8864
f 8880 8875 8864
f 9559 8875 8880
f 8875 9559 9558
f 9559 9557 9558
f 9557 9559 9519
f 9552 9557 9519
f 9557 9552 9573
f 9574 9573 9552
f 9573 9574 9549
f 9022 9559 8880
f 9559 9022 9514
f 9514 9519 9559
f 9519 9514 9511
f 9506 9519 9511
f 9519 9506 9552
f 9504 9552 9506
f 9552 9504 9574
f 9022 9513 9514
f 9512 9514 9513
f 9514 9512 9511
f 9485 9511 9512
f 9511 9485 9506
f 9502 9506 9485
f 9506 9502 9504
f 9513 9022 8882
f 8882 9543 9513
f 9548 9513 9543
f 9513 9548 9512
f 9501 9512 9548
f 9512 9501 9485
f 9501 9502 9485
f 9502 9501 9507
f 9482 9507 9501
f 9507 9482 9484
f 9543 8882 8963
f 8963 9550 9543
f 9550 9548 9543
f 9548 9550 9545
f 9545 9501 9548
f 9501 9545 9482
f 9545 9503 9482
f 9503 9484 9482
f 9484 9503 9500
f 9503 9437 9500
f 9437 9503 9464
f 9464 9434 9437
f 9550 8963 8942
f 8942 9547 9550
f 9547 9545 9550
f 9545 9547 9544
f 9503 9545 9544
f 9544 9464 9503
f 9464 9544 9542
f 9542 9465 9464
f 9434 9464 9465
f 9465 9427 9434
f 9427 9465 9428
f 9428 9436 9427
f 9547 8942 9454
f 9604 9547 9454
f 9547 9604 9520
f 9520 9544 9547
f 9544 9520 9542
f 9520 9546 9542
f 9465 9542 9546
f 9546 9428 9465
f 9428 9546 9564
f 9564 9431 9428
f 9436 9428 9431
f 9431 9435 9436
f 9576 9520 9604
f 9520 9576 9581
f 9546 9520 9581
f 9581 9564 9546
f 9564 9581 9582
f 9582 9707 9564
f 9431 9564 9707
f 9707 9435 9431
f 9435 9707 9706
f 9435 9706 9536
f 9576 9582 9581
f 9582 9576 9578
f 9578 9575 9582
f 9707 9582 9575
f 9575 9706 9707
f 9706 9575 9605
f 9605 9536 9706
f 9536 9605 9562
f 9562 9538 9536
f 9538 9562 9561
f 9580 9561 9562
f 9561 9580 9583
f 9575 9578 9705
f 9705 9605 9575
f 9605 9705 9606
f 9580 9605 9606
f 9605 9580 9562
f 9577 9556 9587
f 9587 9586 9577
f 9586 9587 9554
f 9554 9517 9586
f 9517 9554 9516
f 9516 9518 9517
f 9518 9516 9589
f 9589 9603 9518
f 9603 9589 9601
f 9601 9584 9603
f 9584 9601 9602
f 9510 9509 9489
f 9509 9510 9508
f 9508 9492 9509
f 9492 9508 5351
f 5346 9492 5351
f 9492 5346 9486
f 5346 9499 9486
f 9054 9508 9510
f 9508 9054 9033
f 9033 5351 9508
f 5351 9033 9676
f 9681 5351 9676
f 5351 9681 5346
f 9662 5346 9681
f 5346 9662 5296
f 9499 5346 5296
f 5296 9488 9499
f 9049 9033 9054
f 9033 9049 9678
f 9033 9678 9676
f 9679 9676 9678
f 9676 9679 9681
f 9675 9681 9679
f 9681 9675 9662
f 9675 9674 9662
f 5357 9662 9674
f 9662 5357 5296
f 9111 9678 9049
f 9678 9111 9713
f 9713 9679 9678
f 9679 9713 9677
f 9677 9675 9679
f 9675 9677 9641
f 9641 9671 9675
f 9671 9680 9675
f 9674 9675 9680
f 9112 9713 9111
f 9713 9112 9684
f 9684 9677 9713
f 9677 9684 9641
f 9683 9641 9684
f 9641 9683 9644
f 9671 9641 9644
f 9112 9683 9684
f 9683 9112 8826
f 9652 9683 8826
f 9683 9652 9262
f 9262 9644 9683
f 9644 9262 9263
f 9263 9671 9644
f 9671 9263 9630
f 10249 9671 9630
f 9671 10249 9628
f 9680 9671 9628
f 9660 9262 9652
f 9262 9660 9654
f 9654 9264 9262
f 9264 9263 9262
f 9263 9264 9261
f 9261 9630 9263
f 9630 9261 9631
f 9631 10249 9630
f 10249 9631 10255
f 9670 10255 9631
f 10255 9670 9637
f 9203 9654 9660
f 9654 9203 9191
f 9191 9651 9654
f 9264 9654 9651
f 9653 9264 9651
f 9264 9653 9655
f 9655 9261 9264
f 9261 9655 9686
f 9686 9670 9261
f 9631 9261 9670
f 9190 9191 9203
f 9191 9190 9189
f 9180 9191 9189
f 9191 9180 9206
f 9651 9191 9206
f 9206 9202 9651
f 9651 9202 9653
f 9254 9189 9190
f 9189 9254 9255
f 9255 9180 9189
f 9180 9255 9183
f 9159 9180 9183
f 9180 9159 9212
f 9212 9206 9180
f 9206 9212 8836
f 9202 9206 8836
f 9254 9247 9255
f 9181 9255 9247
f 9181 9183 9255
f 9183 9181 9182
f 9158 9183 9182
f 9183 9158 9159
f 9158 8822 9159
f 9149 9159 8822
f 9159 9149 9212
f 9247 9254 9204
f 9204 9188 9247
f 9185 9247 9188
f 9247 9185 9181
f 9185 9249 9181
f 9182 9181 9249
f 9249 9251 9182
f 9251 9158 9182
f 9158 9251 9156
f 9156 8821 9158
f 8822 9158 8821
f 9188 9204 9187
f 9187 9186 9188
f 9186 9185 9188
f 9185 9186 9184
f 9252 9185 9184
f 9185 9252 9249
f 9175 9249 9252
f 9207 9249 9175
f 9249 9207 9251
f 8816 9251 9207
f 9251 8816 9156
f 9186 9187 9256
f 9256 9248 9186
f 9248 9184 9186
f 9184 9248 8811
f 8811 9252 9184
f 9252 8811 9250
f 9250 9175 9252
f 9175 9250 9179
f 9163 9175 9179
f 9175 9163 9207
f 8818 9207 9163
f 9207 8818 8816
f 9248 9256 9205
f 9205 8814 9248
f 8814 8811 9248
f 8811 8814 9178
f 9178 9250 8811
f 9250 9178 9173
f 9173 9179 9250
f 9179 9173 9172
f 9172 9163 9179
f 9163 9172 9162
f 8838 9163 9162
f 9163 8838 8818
f 8814 9205 9208
f 9208 9209 8814
f 9209 9178 8814
f 9178 9209 9174
f 9177 9178 9174
f 9178 9177 9173
f 9177 9172 9173
f 9172 9177 9210
f 9157 9172 9210
f 9172 9157 9162
f 9155 9162 9157
f 9162 9155 8838
f 9209 9208 9171
f 9170 9209 9171
f 9209 9170 9174
f 9170 9176 9174
f 8988 9174 9176
f 9174 8988 9177
f 9166 9177 8988
f 9177 9166 9210
f 8835 9210 9166
f 9210 8835 9157
f 9154 9157 8835
f 9157 9154 9155
f 9176 9170 9169
f 9168 9176 9169
f 9176 9168 9167
f 9167 8988 9176
f 8988 9167 9108
f 9108 9166 8988
f 9166 9108 9232
f 9232 8835 9166
f 8835 9232 9098
f 8835 9098 9154
f 9098 9219 9154
f 9116 9154 9219
f 9154 9116 9155
f 9165 9167 9168
f 9167 9165 9164
f 9164 9108 9167
f 9108 9164 9109
f 9109 9232 9108
f 9109 9098 9232
f 9670 9686 9656
f 7000 9656 9686
f 9656 7000 6679
f 7000 7083 6679
f 7083 6994 6679
f 6679 6994 9688
f 6679 9688 9311
f 9686 6997 7000
f 7000 6997 6992
f 7083 7000 6992
f 7082 7083 6992
f 7083 7082 6998
f 6998 6995 7083
f 6994 7083 6995
f 6997 9686 9655
f 9655 6996 6997
f 7082 6997 6996
f 6997 7082 6992
f 6996 9655 9653
f 9653 6999 6996
f 5261 6996 6999
f 6996 5261 7082
f 5268 7082 5261
f 7082 5268 6998
f 5268 7081 6998
f 6995 6998 7081
f 9653 7001 6999
f 7002 6999 7001
f 6999 7002 5258
f 5261 6999 5258
f 5258 9321 5261
f 9321 5268 5261
f 5268 9321 9318
f 9321 9689 9318
f 9202 7001 9653
f 7001 9202 9246
f 6763 7001 9246
f 7001 6763 7002
f 9202 9200 9246
f 9200 6776 9246
f 6763 9246 6776
f 5284 6763 6776
f 6763 5284 5295
f 5265 5295 5284
f 5295 5265 9305
f 9200 9202 8836
f 9146 9200 8836
f 6861 9200 9146
f 9200 6861 6860
f 6776 9200 6860
f 8836 8817 9146
f 9145 9146 8817
f 9146 9145 6861
f 9212 8817 8836
f 8817 9212 8815
f 8815 9145 8817
f 9145 8815 6689
f 8815 6810 6689
f 6688 6689 6810
f 6689 6688 6699
f 6688 5299 6699
f 5299 6857 6699
f 9212 9213 8815
f 6810 8815 9213
f 9213 9151 6810
f 9151 9213 9149
f 9149 9148 9151
f 9151 9148 9214
f 9212 9149 9213
f 5299 6688 5301
f 5301 5343 5299
f 5361 5299 5343
f 5299 5361 6900
f 6857 5299 6900
f 6900 6867 6857
f 6867 6900 5300
f 6860 6867 5300
f 6867 6860 6861
f 5343 5301 5302
f 5302 5338 5343
f 5345 5343 5338
f 5343 5345 5361
f 5345 5348 5361
f 5348 5300 5361
f 6900 5361 5300
f 5341 5302 5301
f 5302 5341 5328
f 5328 9607 5302
f 5338 5302 9607
f 9424 5338 9607
f 5338 9424 9419
f 9423 5338 9419
f 5338 9423 5345
f 5336 5328 5341
f 5328 5336 5339
f 5339 9579 5328
f 9607 5328 9579
f 9579 9424 9607
f 9424 9579 9421
f 9421 9461 9424
f 9461 9419 9424
f 9419 9461 9493
f 9462 9419 9493
f 9419 9462 9423
f 5336 5264 5339
f 5264 9420 5339
f 9579 5339 9420
f 9529 9579 9420
f 9579 9529 9421
f 9432 9421 9529
f 9421 9432 9490
f 9461 9421 9490
f 5264 5336 5334
f 5334 5333 5264
f 5333 5332 5264
f 9420 5264 5332
f 9422 9420 5332
f 9420 9422 9529
f 9422 9432 9529
f 9432 9422 9433
f 9592 9433 9422
f 9433 9592 9560
f 6916 5334 5336
f 5334 6916 6917
f 6920 5334 6917
f 5334 6920 5286
f 5333 5334 5286
f 5288 5333 5286
f 5333 5288 5329
f 5337 5333 5329
f 5333 5337 5332
f 9214 6917 6916
f 9214 9150 6917
f 9153 6917 9150
f 6917 9153 6920
f 9150 9214 9148
f 9148 9215 9150
f 9143 9150 9215
f 9150 9143 9161
f 9152 9150 9161
f 9150 9152 9153
f 9215 9148 9147
f 9147 8822 9215
f 8822 9143 9215
f 9143 8822 9144
f 9144 9161 9143
f 9161 9144 9160
f 9160 9152 9161
f 9152 9160 7097
f 9148 9149 9147
f 9149 8822 9147
f 8821 9144 8822
f 9144 8821 9142
f 9216 9144 9142
f 9144 9216 9160
f 7098 9160 9216
f 9160 7098 7097
f 7115 7097 7098
f 7097 7115 7096
f 7097 7096 5285
f 9142 8821 8820
f 8820 9216 9142
f 9216 8820 6947
f 9139 6947 8820
f 6947 9139 6948
f 6948 8904 6947
f 9218 8820 8821
f 8820 9218 9217
f 8819 8820 9217
f 8820 8819 9139
f 8821 9156 9218
f 8816 9218 9156
f 9218 8816 9136
f 9136 9217 9218
f 9217 9136 8828
f 9217 8828 9141
f 9141 8819 9217
f 8819 9141 9140
f 9141 8912 9140
f 8816 9137 9136
f 9107 9136 9137
f 9107 8828 9136
f 8828 9107 9228
f 9228 9141 8828
f 9141 9228 9138
f 6684 9141 9138
f 8912 9141 6684
f 9137 8816 8818
f 8838 9137 8818
f 9137 8838 9135
f 9135 9107 9137
f 9107 9135 9103
f 9105 9107 9103
f 9107 9105 9228
f 9105 9138 9228
f 9138 9105 9106
f 9222 9106 9105
f 9104 9222 9105
f 9155 9135 8838
f 9135 9155 9116
f 9116 9103 9135
f 9103 9116 9229
f 9104 9103 9229
f 9103 9104 9105
f 9219 9229 9116
f 9229 9219 9097
f 9095 9229 9097
f 9229 9095 9093
f 9229 9093 9104
f 9097 9090 9095
f 8471 9095 9090
f 9095 8471 6335
f 9095 6335 9093
f 9090 6339 8471
f 8471 6339 6335
f 8904 6948 9008
f 9009 8904 9008
f 8904 9009 8905
f 8905 8903 8904
f 8903 8905 8915
f 8915 7115 8903
f 7115 8915 7096
f 9008 8911 9009
f 9295 9009 8911
f 9300 9009 9295
f 9009 9300 8905
f 9300 8915 8905
f 8915 9300 5290
f 5287 8915 5290
f 8915 5287 7096
f 7096 5287 5285
f 8911 9008 8910
f 8910 8913 8911
f 9316 8911 8913
f 8911 9316 9295
f 9316 9297 9295
f 5289 9295 9297
f 9295 5289 9300
f 5289 5290 9300
f 5290 5289 5340
f 5340 5287 5290
f 8913 8910 8912
f 8912 6959 8913
f 6959 9316 8913
f 9316 6959 9296
f 9693 9316 9296
f 9316 9693 9310
f 9297 9316 9310
f 9599 9297 9310
f 9297 9599 9590
f 9590 5289 9297
f 6959 8912 6684
f 7094 6959 6684
f 7094 6961 6959
f 6961 9296 6959
f 9296 6961 6963
f 9296 6963 9496
f 9294 9296 9496
f 9296 9294 9693
f 9515 9693 9294
f 9693 9515 9594
f 9594 9310 9693
f 9310 9594 9599
f 9598 9599 9594
f 9599 9598 9585
f 9585 9590 9599
f 9590 9585 9593
f 9593 9596 9590
f 5289 9590 9596
f 9588 9594 9515
f 9594 9588 9598
f 9596 9593 9597
f 9600 9596 9597
f 9596 9600 9591
f 9591 5289 9596
f 5289 9591 5340
f 9563 5340 9591
f 5340 9563 5335
f 5287 5340 5335
f 5335 5329 5287
f 5329 5285 5287
f 9600 9563 9591
f 9563 9600 9595
f 9560 9563 9595
f 9563 9560 9592
f 9592 5335 9563
f 5335 9592 5337
f 5329 5335 5337
f 9422 5337 9592
f 5337 9422 5332
f 5285 5329 5288
f 9463 9423 9462
f 9423 9463 9425
f 9425 5345 9423
f 5345 9425 5353
f 5348 5345 5353
f 9491 9425 9463
f 9425 9491 5342
f 5342 5353 9425
f 5353 5342 5355
f 5355 5348 5353
f 5348 5355 5257
f 5265 5348 5257
f 5348 5265 5359
f 5300 5348 5359
f 9491 5358 5342
f 5263 5342 5358
f 5342 5263 5355
f 5263 5257 5355
f 5257 5263 5255
f 9305 5257 5255
f 5257 9305 5265
f 5358 9491 9494
f 9494 5352 5358
f 5298 5358 5352
f 5358 5298 5263
f 5298 5255 5263
f 5255 5298 9692
f 9306 5255 9692
f 5255 9306 9305
f 5352 5259 5298
f 9320 5298 5259
f 5298 9320 9692
f 9692 9320 9321
f 5256 9692 9321
f 9692 5256 9306
f 5259 5352 5262
f 5262 5267 5259
f 9687 5259 5267
f 5259 9687 9320
f 9687 9689 9320
f 9689 9321 9320
f 5267 5262 9690
f 9690 5291 5267
f 5291 9314 5267
f 9314 9687 5267
f 9687 9314 9711
f 9711 9710 9687
f 9689 9687 9710
f 5291 9690 9497
f 5291 9497 5349
f 9319 5291 5349
f 5291 9319 9314
f 9313 9314 9319
f 9314 9313 9711
f 9313 9688 9711
f 9710 9711 9688
f 5349 9487 9319
f 5266 9319 9487
f 9319 5266 9313
f 5266 9315 9313
f 9311 9313 9315
f 9313 9311 9688
f 9487 5349 9505
f 9505 9498 9487
f 9498 5266 9487
f 5266 9498 5260
f 5260 9307 5266
f 5266 9307 9312
f 9315 5266 9312
f 9498 9505 9483
f 9483 5347 9498
f 5347 5260 9498
f 5260 5347 5297
f 5296 5297 5347
f 5297 5296 5357
f 5347 9483 9488
f 9488 5296 5347
f 9302 9312 9307
f 9321 5258 5256
f 9636 9709 9667
f 9709 9636 9708
f 9708 9645 9709
f 9645 9708 9648
f 9648 9666 9645
f 9649 9708 9636
f 9708 9649 9650
f 9650 9648 9708
f 9648 9650 9646
f 9647 9648 9646
f 9648 9647 9694
f 9666 9648 9694
f 9664 9666 9694
f 9666 9664 9665
f 9634 9666 9665
f 9685 9650 9649
f 9650 9685 9663
f 9663 9646 9650
f 9646 9663 9658
f 9658 9647 9646
f 9647 9658 9657
f 9657 9694 9647
f 9664 9694 9657
f 9657 9635 9664
f 9635 9665 9664
f 9665 9635 10251
f 9634 9665 10251
f 10254 9634 10251
f 9634 10254 10253
f 9685 9643 9663
f 9643 9658 9663
f 9640 9658 9643
f 9658 9640 9635
f 9635 9657 9658
f 9643 9685 9642
f 9639 9643 9642
f 9643 9639 9640
f 9639 10254 9640
f 10251 9640 10254
f 9640 10251 9635
f 10254 9639 10250
f 10250 10253 10254
f 10253 10250 9638
f 10252 9265 9629
f 9265 10252 9633
f 9624 9265 9633
f 9265 9624 9697
f 9624 9620 9697
f 9620 9624 9622
f 9272 9620 9622
f 9620 9272 9617
f 9632 9633 10252
f 9633 9632 9627
f 9627 9624 9633
f 9627 9778 9624
f 9608 9624 9778
f 9624 9608 9622
f 9269 9622 9608
f 9622 9269 9272
f 9269 9270 9272
f 9270 9617 9272
f 9617 9270 9268
f 9672 9627 9632
f 9627 9672 9275
f 9778 9627 9275
f 9275 9695 9778
f 9610 9778 9695
f 9778 9610 9608
f 9623 9608 9610
f 9608 9623 9269
f 9612 9269 9623
f 9269 9612 9625
f 9270 9269 9625
f 9275 9672 9274
f 9695 9275 9274
f 9609 9695 9274
f 9695 9609 9611
f 9611 9610 9695
f 9610 9611 9621
f 9621 9623 9610
f 9623 9621 9273
f 9273 9612 9623
f 9301 9274 9672
f 9274 9301 9298
f 5350 9274 9298
f 9274 5350 9609
f 9609 5350 9661
f 9609 9661 9259
f 9696 9609 9259
f 9609 9696 9611
f 9696 9621 9611
f 9621 9696 9673
f 9621 9673 9273
f 9267 9273 9673
f 9273 9267 9613
f 9613 9615 9273
f 9612 9273 9615
f 9259 9661 9614
f 9614 9616 9259
f 9616 9696 9259
f 9696 9616 9626
f 9626 9673 9696
f 9673 9626 9267
f 9626 9257 9267
f 9266 9267 9257
f 9267 9266 9613
f 9268 9613 9266
f 9613 9268 9271
f 9615 9613 9271
f 9271 9612 9615
f 9271 9625 9612
f 9616 9614 9258
f 9258 9260 9616
f 9618 9616 9260
f 9616 9618 9626
f 9257 9626 9618
f 9260 9258 9619
f 9625 9271 9270
f 9270 9271 9268
f 4228 4216 4244
f 4216 4362 4244
f 4362 8422 4244
f 8422 4228 4244
f 3033 3032 3034
f 3032 2703 3034
f 2703 3031 3034
f 3031 3033 3034
f 534 93 90
f 93 1277 90
f 141 90 1277
f 140 90 141
f 90 140 534
f 2153 2398 2155
f 2398 2153 2336
f 2336 2154 2398
f 2156 2398 2154
f 2398 2156 2152
f 2152 2155 2398
f 2155 2152 2150
f 2347 2150 2152
f 2150 2347 2345
f 2334 2336 2153
f 2336 2334 2335
f 2335 2330 2336
f 2154 2336 2330
f 2151 2154 2330
f 2154 2151 2396
f 2396 2156 2154
f 2329 2335 2334
f 2335 2329 2146
f 2147 2335 2146
f 2335 2147 2337
f 2330 2335 2337
f 2149 2330 2337
f 2330 2149 2151
f 3819 2151 2149
f 2151 3819 3670
f 3670 2396 2151
f 2329 2148 2146
f 2148 2147 2146
f 2147 2148 1576
f 1576 2331 2147
f 2331 2337 2147
f 2337 2331 2149
f 3665 2149 2331
f 2149 3665 3819
f 3576 3819 3665
f 3819 3576 3668
f 3668 3670 3819
f 2148 2329 1535
f 1535 1545 2148
f 1536 2148 1545
f 2148 1536 1576
f 1536 2332 1576
f 2331 1576 2332
f 2332 3665 2331
f 3665 2332 3664
f 3664 3576 3665
f 3576 3664 3577
f 3577 3795 3576
f 3795 3668 3576
f 1545 1535 1546
f 2402 1545 1546
f 1545 2402 2409
f 2409 1536 1545
f 1536 2409 2403
f 2346 1536 2403
f 1536 2346 1537
f 2332 1536 1537
f 1537 3664 2332
f 3664 1537 3661
f 3661 3577 3664
f 2402 3556 2409
f 3555 2409 3556
f 2409 3555 2403
f 3555 2346 2403
f 2346 3555 3554
f 3566 2346 3554
f 2346 3566 3578
f 3578 1537 2346
f 1537 3578 3661
f 3577 3661 3578
f 3556 2402 3631
f 3631 3638 3556
f 3797 3556 3638
f 3556 3797 3555
f 3632 3555 3797
f 3555 3632 3554
f 3632 3566 3554
f 3566 3632 4092
f 4092 3823 3566
f 3823 3578 3566
f 3578 3823 3577
f 3795 3577 3823
f 3638 3631 3630
f 3628 3638 3630
f 3638 3628 3637
f 3637 3797 3638
f 3797 3637 3634
f 3798 3797 3634
f 3797 3798 3632
f 4068 3632 3798
f 3632 4068 4092
f 4068 4067 4092
f 3823 4092 4067
f 4067 3795 3823
f 3633 3637 3628
f 3637 3633 3635
f 3635 3634 3637
f 3634 3635 3636
f 3636 3798 3634
f 3798 3636 3640
f 4066 3798 3640
f 3798 4066 4068
f 4067 4068 4066
f 4066 4072 4067
f 3795 4067 4072
f 3641 3635 3633
f 3635 3641 3799
f 3799 3636 3635
f 3636 3799 3644
f 3644 3640 3636
f 3640 3644 3812
f 4065 3640 3812
f 3640 4065 4066
f 4072 4066 4065
f 4065 3843 4072
f 3564 4072 3843
f 4072 3564 3795
f 3668 3795 3564
f 3708 3799 3641
f 3799 3708 3709
f 3709 3644 3799
f 3644 3709 3646
f 3813 3644 3646
f 3644 3813 3812
f 3837 3812 3813
f 3812 3837 4065
f 3843 4065 3837
f 3837 3839 3843
f 4071 3843 3839
f 3843 4071 3564
f 3639 3709 3708
f 3709 3639 3643
f 3643 3646 3709
f 3646 3643 3642
f 3647 3646 3642
f 3646 3647 3813
f 3912 3813 3647
f 3813 3912 3837
f 3839 3837 3912
f 3912 3836 3839
f 4070 3839 3836
f 3839 4070 4071
f 3650 3643 3639
f 3643 3650 3712
f 3712 3642 3643
f 3642 3712 3814
f 3645 3642 3814
f 3642 3645 3647
f 3842 3647 3645
f 3647 3842 3912
f 3836 3912 3842
f 3648 3712 3650
f 3712 3648 3653
f 3649 3712 3653
f 3712 3649 3814
f 3656 3814 3649
f 3814 3656 3645
f 3656 3842 3645
f 3842 3656 3835
f 3835 3836 3842
f 3836 3835 3838
f 4069 3836 3838
f 3836 4069 4070
f 3648 3652 3653
f 3815 3653 3652
f 3653 3815 3649
f 3815 3656 3649
f 3656 3815 3816
f 3816 3835 3656
f 3835 3816 3838
f 3629 3838 3816
f 3838 3629 4069
f 2351 4069 3629
f 4069 2351 3570
f 3570 4070 4069
f 3652 3648 3715
f 3715 3560 3652
f 3796 3652 3560
f 3652 3796 3815
f 3796 3816 3815
f 3816 3796 3629
f 2344 3629 3796
f 3629 2344 2351
f 2156 2351 2344
f 2351 2156 2406
f 2406 3570 2351
f 3560 3715 3559
f 3559 2347 3560
f 2347 3796 3560
f 3796 2347 2344
f 2152 2344 2347
f 2344 2152 2156
f 2347 3559 2345
f 2156 2396 2406
f 3669 2406 2396
f 2406 3669 3663
f 3570 2406 3663
f 3663 3569 3570
f 4070 3570 3569
f 3569 4071 4070
f 2396 3670 3669
f 3821 3669 3670
f 3669 3821 3569
f 3569 3663 3669
f 3670 3668 3821
f 3564 3821 3668
f 3821 3564 4071
f 4071 3569 3821
f 817 809 564
f 809 817 815
f 815 808 809
f 808 815 811
f 811 818 808
f 564 1126 817
f 763 817 1126
f 817 763 566
f 566 815 817
f 815 566 806
f 810 815 806
f 815 810 811
f 810 813 811
f 818 811 813
f 1126 564 764
f 2407 1126 764
f 1126 2407 2405
f 2399 1126 2405
f 1126 2399 763
f 2397 763 2399
f 763 2397 1129
f 1129 566 763
f 566 1129 816
f 807 566 816
f 566 807 806
f 2352 2405 2407
f 2405 2352 2714
f 2714 2399 2405
f 2399 2714 2715
f 2353 2399 2715
f 2399 2353 2397
f 3572 2397 2353
f 2397 3572 3584
f 3584 1129 2397
f 1129 3584 3817
f 3817 816 1129
f 2348 2714 2352
f 2714 2348 2717
f 2349 2714 2717
f 2714 2349 2715
f 2350 2715 2349
f 2715 2350 2353
f 3573 2353 2350
f 2353 3573 3572
f 3571 3572 3573
f 3572 3571 3822
f 3822 3584 3572
f 2348 2716 2717
f 2719 2717 2716
f 2717 2719 2349
f 2719 2350 2349
f 2350 2719 2718
f 2718 3573 2350
f 3573 2718 3571
f 3127 3571 2718
f 3571 3127 3747
f 3747 3822 3571
f 2716 2348 2354
f 2354 3133 2716
f 3136 2716 3133
f 2716 3136 2719
f 3136 2718 2719
f 2718 3136 3127
f 3135 3127 3136
f 3127 3135 3128
f 3128 3747 3127
f 3747 3128 3563
f 3563 3748 3747
f 3822 3747 3748
f 3133 2354 2720
f 2720 3125 3133
f 3135 3133 3125
f 3133 3135 3136
f 3125 2720 3126
f 3166 3125 3126
f 3125 3166 3746
f 3745 3125 3746
f 3125 3745 3135
f 3790 3135 3745
f 3135 3790 3128
f 3567 3128 3790
f 3128 3567 3563
f 3565 3563 3567
f 3563 3565 3744
f 3748 3563 3744
f 3787 3746 3166
f 3746 3787 3784
f 3784 3745 3746
f 3745 3784 3558
f 3561 3745 3558
f 3745 3561 3790
f 3750 3790 3561
f 3790 3750 3567
f 3568 3567 3750
f 3567 3568 3565
f 3786 3784 3787
f 3784 3786 3562
f 3562 3558 3784
f 3558 3562 3785
f 3557 3558 3785
f 3558 3557 3561
f 3749 3561 3557
f 3561 3749 3750
f 3794 3750 3749
f 3750 3794 3568
f 3786 3789 3562
f 3789 3785 3562
f 3785 3789 3791
f 3791 3557 3785
f 3557 3791 3788
f 3788 3749 3557
f 3749 3788 3794
f 2401 3794 3788
f 3794 2401 3575
f 3575 3568 3794
f 3568 3575 3574
f 3574 3565 3568
f 3789 3786 3811
f 3811 2404 3789
f 2400 3789 2404
f 3789 2400 3791
f 2400 3788 3791
f 3788 2400 2401
f 2400 1543 2401
f 1543 3575 2401
f 3575 1543 3660
f 3660 3574 3575
f 3574 3660 3657
f 3657 3820 3574
f 3565 3574 3820
f 3820 3744 3565
f 2404 3811 2408
f 2408 1130 2404
f 1538 2404 1130
f 2404 1538 2400
f 1543 2400 1538
f 1538 760 1543
f 760 3660 1543
f 3660 760 3659
f 3659 3657 3660
f 3657 3659 3658
f 3658 3672 3657
f 3820 3657 3672
f 1130 2408 1128
f 762 1130 1128
f 1130 762 756
f 756 1538 1130
f 1538 756 761
f 760 1538 761
f 761 759 760
f 3658 760 759
f 760 3658 3659
f 1124 756 762
f 756 1124 755
f 754 756 755
f 756 754 761
f 759 761 754
f 754 758 759
f 3655 759 758
f 759 3655 3658
f 3672 3658 3655
f 3655 3721 3672
f 3667 3672 3721
f 3672 3667 3820
f 1125 755 1124
f 755 1125 1127
f 757 755 1127
f 755 757 754
f 758 754 757
f 757 819 758
f 3654 758 819
f 758 3654 3655
f 3721 3655 3654
f 3720 3721 3654
f 3721 3720 3818
f 3818 3667 3721
f 818 1127 1125
f 1127 818 813
f 812 1127 813
f 1127 812 757
f 819 757 812
f 810 819 812
f 819 810 814
f 814 3654 819
f 3654 814 3720
f 807 3720 814
f 3720 807 3651
f 3651 3818 3720
f 813 810 812
f 816 3651 807
f 3651 816 3718
f 3718 3662 3651
f 3818 3651 3662
f 3662 3666 3818
f 3667 3818 3666
f 3666 3744 3667
f 3744 3820 3667
f 816 3817 3718
f 3662 3718 3817
f 3817 3583 3662
f 3666 3662 3583
f 3583 3748 3666
f 3744 3666 3748
f 3583 3817 3584
f 3584 3822 3583
f 3748 3583 3822
f 814 806 807
f 806 814 810
f 3865 3940 4100
f 3940 3865 4099
f 4099 3939 3940
f 3939 4099 3943
f 3943 3935 3939
f 4100 3946 3865
f 3944 3865 3946
f 3865 3944 3945
f 3945 4099 3865
f 4099 3945 3942
f 3942 3943 4099
f 3946 4100 3950
f 3950 3853 3946
f 3852 3946 3853
f 3946 3852 3944
f 3854 3944 3852
f 3944 3854 3948
f 4101 3944 3948
f 3944 4101 3945
f 3951 3945 4101
f 3945 3951 3942
f 3853 3950 4102
f 7582 3853 4102
f 3853 7582 7611
f 7608 3853 7611
f 3853 7608 3852
f 7630 3852 7608
f 3852 7630 3854
f 9726 3854 7630
f 3854 9726 7247
f 7247 3948 3854
f 7603 7611 7582
f 7611 7603 7599
f 7599 7608 7611
f 7608 7599 7602
f 7260 7608 7602
f 7608 7260 7630
f 9771 7630 7260
f 7630 9771 9726
f 9755 9726 9771
f 9726 9755 9718
f 9718 7247 9726
f 7601 7599 7603
f 7599 7601 7598
f 7598 7602 7599
f 7602 7598 7600
f 7597 7602 7600
f 7602 7597 7260
f 9750 7260 7597
f 7260 9750 9771
f 9750 9755 9771
f 7601 7607 7598
f 7607 7600 7598
f 7600 7607 7596
f 7596 7597 7600
f 7597 7596 7604
f 9770 7597 7604
f 7597 9770 9750
f 9755 9750 9770
f 9720 9755 9770
f 9755 9720 9723
f 9723 9718 9755
f 7607 7601 7595
f 7595 7628 7607
f 7606 7607 7628
f 7607 7606 7596
f 7606 7604 7596
f 7604 7606 7627
f 7627 9770 7604
f 9770 7627 9720
f 7625 9720 7627
f 9720 7625 9756
f 9756 9723 9720
f 7628 7595 7591
f 7591 7605 7628
f 7626 7628 7605
f 7628 7626 7606
f 7626 7627 7606
f 7627 7626 7625
f 7624 7625 7626
f 7625 7624 7622
f 7622 9756 7625
f 9756 7622 9725
f 9725 9751 9756
f 9723 9756 9751
f 7605 7591 7593
f 7593 7640 7605
f 7624 7605 7640
f 7605 7624 7626
f 7640 7593 7639
f 7639 7594 7640
f 7623 7640 7594
f 7640 7623 7624
f 7592 7624 7623
f 7624 7592 7622
f 7592 9725 7622
f 9725 7592 9758
f 9758 9757 9725
f 9751 9725 9757
f 7594 7639 7579
f 7579 7638 7594
f 7577 7594 7638
f 7594 7577 7623
f 7615 7623 7577
f 7623 7615 7592
f 7615 9758 7592
f 9758 7615 9724
f 9724 9727 9758
f 9757 9758 9727
f 7638 7579 7616
f 7616 7580 7638
f 7629 7638 7580
f 7638 7629 7577
f 7629 7615 7577
f 7615 7629 7578
f 7578 9724 7615
f 9724 7578 9722
f 9727 9724 9722
f 9722 9717 9727
f 9714 9727 9717
f 9727 9714 9757
f 7580 7616 7637
f 7609 7580 7637
f 7580 7609 7636
f 7636 7629 7580
f 7629 7636 7631
f 7631 7578 7629
f 7578 7631 7617
f 9730 7578 7617
f 7578 9730 9722
f 9717 9722 9730
f 7194 9717 9730
f 9717 7194 7193
f 7193 9714 9717
f 4026 7636 7609
f 7636 4026 4028
f 4028 7631 7636
f 7631 4028 4027
f 4029 7631 4027
f 7631 4029 7617
f 4029 9730 7617
f 9730 4029 7194
f 3932 7194 4029
f 7194 3932 7215
f 7215 7193 7194
f 4026 3934 4028
f 3933 4028 3934
f 4028 3933 4027
f 3933 4029 4027
f 4029 3933 3932
f 3933 3936 3932
f 7256 3932 3936
f 3932 7256 7215
f 7193 7215 7256
f 7256 7195 7193
f 9714 7193 7195
f 3934 4026 4096
f 4001 3934 4096
f 3934 4001 3937
f 3937 3933 3934
f 3933 3937 4097
f 3936 3933 4097
f 4097 4098 3936
f 7242 3936 4098
f 3936 7242 7256
f 7195 7256 7242
f 7241 7195 7242
f 7195 7241 7643
f 7643 9714 7195
f 3935 3937 4001
f 3937 3935 4002
f 3953 3937 4002
f 3937 3953 4097
f 4098 4097 3953
f 3938 4098 3953
f 4098 3938 3941
f 3941 7242 4098
f 7242 3941 7241
f 3951 7241 3941
f 7241 3951 7238
f 7238 7643 7241
f 3935 3943 4002
f 3943 3953 4002
f 3953 3943 3938
f 3943 3942 3938
f 3942 3941 3938
f 3941 3942 3951
f 4101 7238 3951
f 7238 4101 7216
f 7216 7251 7238
f 7643 7238 7251
f 7251 9721 7643
f 9714 7643 9721
f 9721 9757 9714
f 9757 9721 9751
f 3948 7216 4101
f 7216 3948 7217
f 7217 7249 7216
f 7251 7216 7249
f 7249 9719 7251
f 9721 7251 9719
f 9719 9751 9721
f 9751 9719 9723
f 9718 9723 9719
f 9719 7249 9718
f 7247 9718 7249
f 3948 7247 7217
f 7249 7217 7247
f 3840 4077 3910
f 4077 3840 3913
f 3913 3911 4077
f 3926 4077 3911
f 4077 3926 3996
f 3996 3910 4077
f 3910 3996 3927
f 3996 3947 3927
f 3919 3913 3840
f 3913 3919 3915
f 3914 3913 3915
f 3913 3914 3909
f 3911 3913 3909
f 4078 3911 3909
f 3911 4078 3841
f 4095 3911 3841
f 3911 4095 3926
f 3918 3915 3919
f 3915 3918 3917
f 3917 3914 3915
f 3914 3917 3916
f 3989 3914 3916
f 3914 3989 4079
f 4079 3909 3914
f 3909 4079 4078
f 7253 4078 4079
f 4078 7253 7261
f 7261 3841 4078
f 3918 3922 3917
f 3922 3916 3917
f 3916 3922 3921
f 3921 3989 3916
f 3989 3921 3920
f 3920 7252 3989
f 7252 4079 3989
f 4079 7252 7253
f 7244 7253 7252
f 7253 7244 7255
f 7255 7261 7253
f 3922 3918 4080
f 4080 4093 3922
f 4093 3921 3922
f 3921 4093 3925
f 3925 3920 3921
f 3920 3925 3924
f 3924 7234 3920
f 7252 3920 7234
f 7234 7244 7252
f 7244 7234 7239
f 7239 7248 7244
f 7248 7255 7244
f 4093 4080 3990
f 3990 4094 4093
f 4094 3925 4093
f 3925 4094 3993
f 3993 3924 3925
f 3924 3993 3928
f 3928 7233 3924
f 7234 3924 7233
f 7233 7239 7234
f 7239 7233 7232
f 7232 7245 7239
f 7248 7239 7245
f 4094 3990 3923
f 3923 3930 4094
f 3929 4094 3930
f 4094 3929 3993
f 3929 3928 3993
f 3928 3929 3999
f 7218 3928 3999
f 3928 7218 7235
f 7233 3928 7235
f 7235 7232 7233
f 3930 3923 3931
f 3858 3930 3931
f 3930 3858 3859
f 3859 3929 3930
f 3929 3859 3856
f 3856 3999 3929
f 3999 3856 3855
f 7240 3999 3855
f 3999 7240 7218
f 7243 7218 7240
f 7218 7243 7232
f 7232 7235 7218
f 7586 3859 3858
f 3859 7586 7614
f 7614 3856 3859
f 3856 7614 7585
f 7613 3856 7585
f 3856 7613 3855
f 7644 3855 7613
f 3855 7644 7240
f 7229 7240 7644
f 7240 7229 7243
f 7632 7614 7586
f 7614 7632 7581
f 7618 7614 7581
f 7614 7618 7585
f 7583 7585 7618
f 7585 7583 7613
f 7561 7613 7583
f 7613 7561 7644
f 7230 7644 7561
f 7644 7230 7229
f 7632 7635 7581
f 7584 7581 7635
f 7581 7584 7618
f 7584 7583 7618
f 7583 7584 7610
f 7610 7561 7583
f 7561 7610 7230
f 7619 7230 7610
f 7230 7619 7226
f 7226 7229 7230
f 7229 7226 7225
f 7225 7243 7229
f 7635 7632 7612
f 7612 7633 7635
f 7634 7635 7633
f 7635 7634 7584
f 7634 7610 7584
f 7610 7634 7619
f 7589 7619 7634
f 7619 7589 7590
f 7590 7226 7619
f 7226 7590 7228
f 7228 7225 7226
f 7633 7612 7588
f 7588 7587 7633
f 7587 7634 7633
f 7634 7587 7589
f 4076 7589 7587
f 7589 4076 3845
f 7620 7589 3845
f 7589 7620 7590
f 7237 7590 7620
f 7590 7237 7228
f 7587 7588 7621
f 4104 7587 7621
f 7587 4104 4076
f 3848 4076 4104
f 4076 3848 3844
f 3844 3845 4076
f 3845 3844 3847
f 3846 3845 3847
f 3845 3846 7620
f 7192 7620 3846
f 7620 7192 7237
f 7562 7237 7192
f 7237 7562 7236
f 7236 7228 7237
f 3850 3844 3848
f 3844 3850 4025
f 4025 3847 3844
f 3847 4025 4075
f 4103 3847 4075
f 3847 4103 3846
f 7246 3846 4103
f 3846 7246 7192
f 7227 7192 7246
f 7192 7227 7562
f 3850 4031 4025
f 4031 4075 4025
f 4075 4031 4030
f 4030 4103 4075
f 4103 4030 3849
f 3849 7246 4103
f 7246 3849 7227
f 3857 7227 3849
f 7227 3857 7642
f 7642 7562 7227
f 4031 3850 3851
f 3851 3864 4031
f 3949 4031 3864
f 4031 3949 4030
f 3949 3849 4030
f 3849 3949 3857
f 3926 3857 3949
f 3857 3926 4095
f 4095 7642 3857
f 7642 4095 7258
f 7258 7259 7642
f 7562 7642 7259
f 7259 7236 7562
f 3864 3851 3947
f 3947 3996 3864
f 3996 3949 3864
f 3949 3996 3926
f 3841 7258 4095
f 7258 3841 7254
f 7254 7257 7258
f 7259 7258 7257
f 7257 7250 7259
f 7236 7259 7250
f 7250 7231 7236
f 7228 7236 7231
f 7225 7228 7231
f 3841 7261 7254
f 7257 7254 7261
f 7261 7255 7257
f 7250 7257 7255
f 7255 7248 7250
f 7231 7250 7248
f 7245 7231 7248
f 7231 7245 7225
f 7243 7225 7245
f 7245 7232 7243
f 9772 10161 9780
f 10161 9772 10238
f 10238 10210 10161
f 10176 10161 10210
f 10161 10176 10174
f 10174 9780 10161
f 9780 10174 9328
f 10014 9328 10174
f 9328 10014 9769
f 10014 10086 9769
f 10210 10238 10234
f 10234 10150 10210
f 10152 10210 10150
f 10210 10152 10176
f 10152 10175 10176
f 10014 10176 10175
f 10176 10014 10174
f 10060 10234 10238
f 10234 10060 10074
f 10074 10042 10234
f 10150 10234 10042
f 10042 10146 10150
f 10151 10150 10146
f 10150 10151 10152
f 10151 10043 10152
f 10175 10152 10043
f 10043 10156 10175
f 10156 10014 10175
f 10042 10074 10147
f 10147 10153 10042
f 10146 10042 10153
f 10146 10153 10143
f 10041 10146 10143
f 10146 10041 10151
f 10151 10041 10046
f 10043 10151 10046
f 10046 10155 10043
f 10156 10043 10155
f 10153 10147 10145
f 10145 10143 10153
f 10143 10145 10141
f 10143 10141 10149
f 10041 10143 10149
f 10039 10041 10149
f 10039 10046 10041
f 10046 10039 10044
f 10155 10046 10044
f 10160 10155 10044
f 10160 10156 10155
f 10039 10149 10140
f 10144 10039 10140
f 10039 10144 10044
f 10158 10044 10144
f 10044 10158 10160
f 10157 10160 10158
f 10160 10157 10229
f 10156 10160 10229
f 10212 10156 10229
f 10156 10212 10084
f 10014 10156 10084
f 10142 10144 10140
f 10148 10144 10142
f 10144 10148 10158
f 10045 10158 10148
f 10158 10045 10157
f 10159 10157 10045
f 10157 10159 10154
f 10211 10157 10154
f 10157 10211 10229
f 10232 10229 10211
f 10229 10232 10212
f 10212 10232 9748
f 9748 10084 10212
f 10084 9748 10026
f 10026 10014 10084
f 10014 10026 10086
f 9327 9368 9351
f 9368 9327 9779
f 9779 9775 9368
f 9775 9369 9368
f 9367 9368 9369
f 9368 9367 9351
f 9349 9779 9327
f 9779 9349 9738
f 9760 9779 9738
f 9779 9760 9743
f 9775 9779 9743
f 9716 9775 9743
f 9775 9716 9766
f 9369 9775 9766
f 9349 9734 9738
f 9734 9760 9738
f 9760 9734 9744
f 9744 9753 9760
f 9753 9743 9760
f 9743 9753 9716
f 9753 9745 9716
f 9716 9745 9766
f 9745 9369 9766
f 9369 9745 9386
f 9352 9369 9386
f 9369 9352 9367
f 9734 9349 9735
f 9733 9734 9735
f 9734 9733 9737
f 9737 9744 9734
f 9744 9737 9767
f 9767 9754 9744
f 9753 9744 9754
f 9754 9742 9753
f 9745 9753 9742
f 9762 9737 9733
f 9737 9762 9732
f 9732 9767 9737
f 9767 9732 9774
f 9774 9773 9767
f 9754 9767 9773
f 9773 9740 9754
f 9742 9754 9740
f 9376 9742 9740
f 9742 9376 9329
f 9329 9745 9742
f 9745 9329 9386
f 9764 9732 9762
f 9732 9764 9736
f 9736 9774 9732
f 9774 9736 9752
f 9752 9768 9774
f 9773 9774 9768
f 9776 9773 9768
f 9773 9776 9765
f 9740 9773 9765
f 9375 9740 9765
f 9740 9375 9376
f 9739 9736 9764
f 9736 9739 9763
f 9763 9752 9736
f 9752 9763 9715
f 9715 9746 9752
f 9768 9752 9746
f 9759 9768 9746
f 9768 9759 9776
f 9739 9777 9763
f 9729 9763 9777
f 9763 9729 9715
f 9729 9749 9715
f 9746 9715 9749
f 9731 9746 9749
f 9746 9731 9759
f 9395 9759 9731
f 9759 9395 9389
f 9389 9776 9759
f 9777 9739 9761
f 9761 9373 9777
f 9373 9729 9777
f 9729 9373 9728
f 9749 9729 9728
f 9741 9749 9728
f 9749 9741 9731
f 9741 9395 9731
f 9395 9741 9350
f 9387 9395 9350
f 9395 9387 9372
f 9372 9389 9395
f 9373 9761 9366
f 9387 9373 9366
f 9373 9387 9350
f 9350 9728 9373
f 9728 9350 9741
f 9389 9372 9394
f 9394 9391 9389
f 9776 9389 9391
f 9375 9776 9391
f 9776 9375 9765
f 9391 9394 9377
f 9390 9391 9377
f 9391 9390 9375
f 9390 9376 9375
f 9376 9390 9393
f 9393 9329 9376
f 9329 9393 9388
f 9352 9329 9388
f 9329 9352 9386
f 1645 1771 1769
f 1771 1645 1955
f 1955 2489 1771
f 2490 1771 2489
f 1771 2490 1770
f 1770 1769 1771
f 1769 1770 2481
f 2481 2485 1769
f 2485 2481 2484
f 2489 1955 1829
f 1829 2540 2489
f 2540 2490 2489
f 2490 2540 1768
f 1768 2478 2490
f 2478 1770 2490
f 1770 2478 2466
f 2466 2481 1770
f 2481 2466 2474
f 2474 2484 2481
f 2484 2474 1739
f 2540 1829 1652
f 2540 1652 2527
f 2526 2540 2527
f 2540 2526 2525
f 2486 2540 2525
f 2540 2486 1768
f 2486 2471 1768
f 2478 1768 2471
f 2471 2477 2478
f 2477 2466 2478
f 2466 2477 2467
f 2467 2474 2466
f 2474 2467 1740
f 1740 1739 2474
f 1739 1740 1742
f 1665 2525 2526
f 2525 1665 2502
f 2502 2486 2525
f 2486 2502 2500
f 2491 2486 2500
f 2486 2491 2469
f 2471 2486 2469
f 2469 2468 2471
f 2477 2471 2468
f 2477 2468 2473
f 2473 2467 2477
f 2502 1665 2516
f 2516 2500 2502
f 2500 2516 2511
f 2511 2482 2500
f 2482 2491 2500
f 2491 2482 2492
f 2492 2470 2491
f 2491 2470 2469
f 2468 2469 2470
f 2472 2468 2470
f 2468 2472 2473
f 2472 2475 2473
f 2473 2475 1738
f 2467 2473 1738
f 2482 2511 2487
f 2483 2482 2487
f 2482 2483 2488
f 2488 2492 2482
f 2492 2488 2476
f 2476 1741 2492
f 2470 2492 1741
f 1741 2472 2470
f 2472 1741 2455
f 2472 2455 2475
f 1741 2476 1745
f 1745 2455 1741
f 2467 1738 1740
f 1738 1742 1740
f 1742 1738 1746
f 1738 2475 1746
f 1967 1839 1968
f 1839 1967 1893
f 1893 1892 1839
f 1892 1893 1838
f 1970 1892 1838
f 1892 1970 1972
f 1970 1894 1972
f 1969 1967 1968
f 1967 1969 1966
f 1966 1670 1967
f 1670 1893 1967
f 1893 1670 1659
f 1671 1893 1659
f 1893 1671 1838
f 1671 1970 1838
f 1970 1671 1660
f 1660 1971 1970
f 1894 1970 1971
f 1971 1973 1894
f 1834 1966 1969
f 1966 1834 1837
f 1658 1966 1837
f 1966 1658 1667
f 1670 1966 1667
f 1644 1670 1667
f 1670 1644 1659
f 1647 1659 1644
f 1659 1647 1671
f 1647 1660 1671
f 1834 1836 1837
f 1836 1658 1837
f 1658 1836 1672
f 1647 1658 1672
f 1658 1647 1644
f 1644 1667 1658
f 1836 1834 1964
f 1835 1836 1964
f 1836 1835 1977
f 1977 1672 1836
f 1672 1977 1896
f 1650 1672 1896
f 1672 1650 1647
f 1660 1647 1650
f 1650 1661 1660
f 1971 1660 1661
f 1888 1977 1835
f 1977 1888 1960
f 1960 1896 1977
f 1896 1960 2276
f 1651 1896 2276
f 1896 1651 1650
f 1661 1650 1651
f 1651 1668 1661
f 1840 1661 1668
f 1661 1840 1971
f 1973 1971 1840
f 1840 1895 1973
f 1888 1886 1960
f 1654 1960 1886
f 1960 1654 2276
f 1654 1651 2276
f 1651 1654 1669
f 1668 1651 1669
f 1669 1649 1668
f 1841 1668 1649
f 1668 1841 1840
f 1895 1840 1841
f 1841 1842 1895
f 1886 1888 1889
f 1961 1886 1889
f 1886 1961 1833
f 1833 1654 1886
f 1654 1833 1653
f 1653 1669 1654
f 1669 1653 1662
f 1649 1669 1662
f 1662 1648 1649
f 1843 1649 1648
f 1649 1843 1841
f 1842 1841 1843
f 1844 1842 1843
f 1842 1844 1845
f 1832 1833 1961
f 1833 1832 1962
f 1962 1653 1833
f 1653 1962 1656
f 1656 1662 1653
f 1662 1656 1663
f 1648 1662 1663
f 1663 1664 1648
f 1664 1843 1648
f 1843 1664 1844
f 1664 1965 1844
f 1965 1845 1844
f 1845 1965 1891
f 1965 1963 1891
f 1963 1962 1832
f 1962 1963 1890
f 1657 1962 1890
f 1962 1657 1656
f 1657 1663 1656
f 1663 1657 1655
f 1664 1663 1655
f 1965 1664 1655
f 1655 1890 1965
f 1963 1965 1890
f 1890 1655 1657
f 4280 4424 6183
f 4424 4280 4421
f 4524 4424 4421
f 4424 4524 4420
f 4141 4424 4420
f 4424 4141 4425
f 4425 6183 4424
f 6183 4425 6194
f 4367 4421 4280
f 4421 4367 4246
f 4393 4421 4246
f 4421 4393 4524
f 4393 4394 4524
f 4394 4420 4524
f 4420 4394 4418
f 4418 4141 4420
f 4141 4418 4419
f 4135 4141 4419
f 4141 4135 4137
f 4136 4141 4137
f 4141 4136 4425
f 4136 6194 4425
f 6194 4136 6182
f 4394 4393 4395
f 4397 4394 4395
f 4394 4397 8453
f 8431 4394 8453
f 4394 8431 4418
f 8431 4419 4418
f 4419 8431 4138
f 4138 4135 4419
f 4135 4138 4139
f 4143 4135 4139
f 4135 4143 4142
f 4140 4135 4142
f 4135 4140 4137
f 4140 4136 4137
f 4136 4140 4574
f 4574 6182 4136
f 4143 4445 4142
f 4572 4142 4445
f 4142 4572 4140
f 4572 4574 4140
f 4574 4572 4573
f 4573 6193 4574
f 6182 4574 6193
f 4445 4143 4152
f 4152 4577 4445
f 4578 4445 4577
f 4445 4578 4572
f 4578 4573 4572
f 4573 4578 4467
f 4467 6245 4573
f 6193 4573 6245
f 4577 4152 4575
f 4570 4577 4575
f 4577 4570 4462
f 4473 4577 4462
f 4577 4473 4578
f 4473 4467 4578
f 4467 4473 4475
f 4475 4386 4467
f 6245 4467 4386
f 4570 4474 4462
f 4466 4462 4474
f 4462 4466 4473
f 4466 4475 4473
f 4475 4466 4460
f 4460 4296 4475
f 4386 4475 4296
f 4474 4570 4404
f 4414 4474 4404
f 4474 4414 4535
f 4536 4474 4535
f 4474 4536 4466
f 4536 4460 4466
f 4460 4536 4472
f 4472 4295 4460
f 4296 4460 4295
f 4455 4535 4414
f 4535 4455 4512
f 4533 4535 4512
f 4535 4533 4536
f 4533 4472 4536
f 4472 4533 4534
f 4534 4290 4472
f 4295 4472 4290
f 4288 4512 4455
f 4512 4288 4538
f 4544 4512 4538
f 4512 4544 4533
f 4544 4534 4533
f 4534 4544 4546
f 4546 4376 4534
f 4290 4534 4376
f 4329 4538 4288
f 4538 4329 4548
f 4539 4538 4548
f 4538 4539 4544
f 4539 4546 4544
f 4546 4539 4537
f 4537 4381 4546
f 4376 4546 4381
f 4338 4548 4329
f 4548 4338 4540
f 4541 4548 4540
f 4548 4541 4539
f 4541 4537 4539
f 4537 4541 4542
f 4542 4382 4537
f 4381 4537 4382
f 4335 4540 4338
f 4540 4335 4552
f 4553 4540 4552
f 4540 4553 4541
f 4553 4542 4541
f 4542 4553 4556
f 4556 4368 4542
f 4382 4542 4368
f 4458 4552 4335
f 4552 4458 4554
f 4557 4552 4554
f 4552 4557 4553
f 4557 4556 4553
f 4556 4557 4498
f 4498 4373 4556
f 4368 4556 4373
f 4458 4495 4554
f 4499 4554 4495
f 4554 4499 4557
f 4499 4498 4557
f 4498 4499 4543
f 4543 4413 4498
f 4373 4498 4413
f 4495 4458 4470
f 4470 4489 4495
f 4489 4499 4495
f 4499 4489 4426
f 4528 4499 4426
f 4499 4528 4543
f 4528 4286 4543
f 4413 4543 4286
f 4489 4470 4484
f 4562 4489 4484
f 4489 4562 4518
f 4519 4489 4518
f 4489 4519 4426
f 4521 4426 4519
f 4426 4521 4528
f 4521 4423 4528
f 4286 4528 4423
f 4562 4523 4518
f 4519 4518 4523
f 4523 4521 4519
f 4521 4523 4525
f 4525 4422 4521
f 4423 4521 4422
f 4523 4562 4481
f 4481 4274 4523
f 4525 4523 4274
f 4274 4279 4525
f 4422 4525 4279
f 4274 4481 4276
f 4277 4274 4276
f 4274 4277 4369
f 4369 4383 4274
f 4279 4274 4383
f 4277 4365 4369
f 4275 4369 4365
f 4369 4275 4273
f 4383 4369 4273
f 4816 4964 4508
f 4964 4816 5007
f 5007 4968 4964
f 4968 5007 4943
f 5007 5040 4943
f 4508 5004 4816
f 5006 4816 5004
f 4816 5006 4815
f 4762 4816 4815
f 4816 4762 5007
f 5040 5007 4762
f 4580 5040 4762
f 5040 4580 4872
f 4580 4874 4872
f 5004 4508 4510
f 4510 4813 5004
f 4813 5006 5004
f 5006 4813 4814
f 4937 5006 4814
f 5006 4937 4812
f 4817 5006 4812
f 5006 4817 4815
f 4580 4815 4817
f 4815 4580 4762
f 4813 4510 4981
f 4981 4800 4813
f 4809 4813 4800
f 4813 4809 4814
f 4809 4937 4814
f 4937 4809 4808
f 4936 4937 4808
f 4937 4936 4811
f 4768 4937 4811
f 4937 4768 4812
f 4800 4981 4501
f 4501 4791 4800
f 4793 4800 4791
f 4800 4793 4809
f 4793 4808 4809
f 4808 4793 4934
f 4934 4936 4808
f 4936 4934 4935
f 4792 4935 4934
f 4935 4792 4636
f 4792 4641 4636
f 4791 4501 4503
f 4503 4797 4791
f 4794 4791 4797
f 4791 4794 4793
f 4794 4934 4793
f 4934 4794 4792
f 4796 4792 4794
f 4792 4796 4639
f 4641 4792 4639
f 4912 4641 4639
f 4641 4912 4799
f 4912 4991 4799
f 4797 4503 4506
f 4506 4913 4797
f 4796 4797 4913
f 4797 4796 4794
f 4913 4506 4507
f 4507 4637 4913
f 4824 4913 4637
f 4913 4824 4796
f 4824 4639 4796
f 4639 4824 4912
f 4826 4912 4824
f 4912 4826 4825
f 4991 4912 4825
f 4825 4989 4991
f 4989 4825 4634
f 4634 4999 4989
f 4637 4507 4513
f 4513 4911 4637
f 4826 4637 4911
f 4637 4826 4824
f 4911 4513 4976
f 4976 4823 4911
f 4910 4911 4823
f 4911 4910 4826
f 4910 4825 4826
f 4825 4910 4634
f 4632 4634 4910
f 4634 4632 4633
f 4999 4634 4633
f 4633 4992 4999
f 4992 4633 4610
f 4610 4931 4992
f 4823 4976 4504
f 4504 4822 4823
f 4632 4823 4822
f 4823 4632 4910
f 4822 4504 4502
f 4502 4606 4822
f 4609 4822 4606
f 4822 4609 4632
f 4609 4633 4632
f 4633 4609 4610
f 4613 4610 4609
f 4610 4613 4612
f 4931 4610 4612
f 4612 4626 4931
f 4626 4612 4584
f 4584 4627 4626
f 4606 4502 4973
f 4973 4635 4606
f 4613 4606 4635
f 4606 4613 4609
f 4635 4973 5000
f 5000 4586 4635
f 4585 4635 4586
f 4635 4585 4613
f 4585 4612 4613
f 4612 4585 4584
f 4588 4584 4585
f 4584 4588 5744
f 4627 4584 5744
f 4590 4627 5744
f 4627 4590 4593
f 4586 5000 4967
f 4967 4591 4586
f 4588 4586 4591
f 4586 4588 4585
f 4591 4967 5003
f 5003 4587 4591
f 4589 4591 4587
f 4591 4589 4588
f 4589 5744 4588
f 5744 4589 4590
f 4589 4604 4590
f 4604 4593 4590
f 4593 4604 4595
f 4604 4594 4595
f 4587 5003 4962
f 4962 4818 4587
f 4818 4589 4587
f 4589 4818 4895
f 4604 4589 4895
f 4896 4604 4895
f 4604 4896 5011
f 4594 4604 5011
f 5009 4594 5011
f 4594 5009 4592
f 4818 4962 5008
f 5008 4761 4818
f 4761 4895 4818
f 4895 4761 4896
f 4761 5009 4896
f 4896 5009 5011
f 4761 5008 5010
f 5010 4763 4761
f 5009 4761 4763
f 4763 5021 5009
f 5021 4592 5009
f 4592 5021 5019
f 5021 5018 5019
f 5018 5021 4961
f 5018 4961 5020
f 4961 5017 5020
f 4763 5010 5016
f 5016 5021 4763
f 5021 5016 4974
f 4974 4961 5021
f 4961 4974 5015
f 5017 4961 5015
f 4617 4812 4768
f 4812 4617 4817
f 4617 4580 4817
f 4580 4617 4897
f 4874 4580 4897
f 8319 8329 8204
f 8319 8328 8329
f 8329 8328 8196
f 8196 8204 8329
f 8204 8196 8280
f 8280 8196 8281
f 8328 8281 8196
f 8281 8328 8331
f 8328 8319 8331
f 6376 8440 8539
f 8440 6376 8531
f 8691 8440 8531
f 8440 8691 8695
f 8695 8539 8440
f 8539 8695 8766
f 8694 8539 8766
f 8539 8694 8532
f 8532 8545 8539
f 8545 8532 8540
f 8532 8762 8540
f 8696 8695 8691
f 8695 8696 8761
f 8795 8695 8761
f 8695 8795 8766
f 8795 8694 8766
f 8694 8795 8765
f 8765 8762 8694
f 8762 8532 8694
f 8793 8761 8696
f 8761 8793 8795
f 8793 8765 8795
f 8765 8793 8794
f 8762 8765 8794
f 8652 8752 8753
f 8143 8753 8752
f 8753 8143 8658
f 8658 8660 8753
f 8656 8753 8660
f 8753 8656 8652
f 8663 8658 8143
f 8658 8663 8661
f 8660 8658 8661
f 8661 8659 8660
f 8659 8655 8660
f 8655 8659 8657
f 8141 8657 8659
f 8657 8141 8662
f 8141 8663 8662
f 8663 8141 8661
f 8659 8661 8141
f 5828 6120 5792
f 5796 6120 5828
f 6120 5796 5994
f 5994 5996 6120
f 5996 5792 6120
f 5996 5795 5792
f 5795 8684 5792
f 8685 5792 8684
f 8685 8688 5792
f 8685 8690 8688
f 8690 8685 7856
f 5996 5994 6121
f 6121 8699 5996
f 5795 5996 8699
f 8699 5814 5795
f 5814 5805 5795
f 8684 5795 5805
f 5805 7854 8684
f 7856 8684 7854
f 8684 7856 8685
f 8699 6121 8384
f 5814 8699 8384
f 7854 5805 5794
f 5805 5814 5794
f 6286 8495 8505
f 8495 8503 8505
f 8505 8503 8469
f 8469 6286 8505
f 6286 8469 8470
f 8469 6340 8470
f 6340 8469 8503
f 8508 6340 8503
f 8503 8495 8508
f 7071 7029 6847
f 7029 7071 7031
f 7031 6732 7029
f 6853 7029 6732
f 7029 6853 6847
f 6732 7031 6799
f 6733 6732 6799
f 6732 6733 6819
f 6731 6732 6819
f 6732 6731 6853
f 7031 6727 6799
f 6727 6733 6799
f 6733 6727 6798
f 6798 6883 6733
f 6883 6819 6733
f 6819 6883 6731
f 6727 7031 6696
f 6696 6724 6727
f 6724 6798 6727
f 6798 6724 6730
f 6883 6798 6730
f 7030 6696 7031
f 6696 7030 7072
f 6724 6696 7072
f 6754 6751 6713
f 6753 6751 6754
f 6751 6753 6712
f 6712 6791 6751
f 6750 6751 6791
f 6751 6750 6713
f 6791 6712 6715
f 6749 6791 6715
f 6791 6749 6750
f 6790 6715 6712
f 6715 6790 6748
f 6748 6749 6715
f 6749 6748 6714
f 6748 6812 6714
f 6812 6748 6790
f 6790 6752 6812
f 6752 6790 6712
f 8997 9041 9026
f 8902 9026 9041
f 8902 8996 9026
f 9005 9026 8996
f 9026 9005 8997
f 8829 8902 9041
f 8902 8829 6743
f 6743 9027 8902
f 8996 8902 9027
f 6666 8829 9041
f 8829 6666 8966
f 8966 8967 8829
f 8967 6743 8829
f 6743 8967 6740
f 9027 6743 6740
f 6800 6666 9041
f 6728 6666 6800
f 6666 6728 6823
f 6823 8966 6666
f 8966 6823 8984
f 8967 8966 8984
f 6800 9041 6664
f 6821 6800 6664
f 6800 6821 6728
