v -58.8280 47.2626 0.0321
v -87.4360 -53.7403 0.0321
v -54.1368 -52.0911 -2.1063
v -49.9257 9.5154 -0.0801
v -53.2549 -21.5625 -0.8451
v -54.1962 -25.4326 2.7191
v -55.0732 -25.1686 2.7191
v -53.0654 -24.5055 -0.7704
v 36.3031 20.8340 1.2242
v 35.0440 15.2823 1.2242
v 29.1993 16.8766 2.7191
v 36.1470 17.0571 1.2242
v 28.0029 19.3311 2.7191
v 30.3349 14.6810 0.9904
v 38.3643 19.3597 1.2734
v 28.2301 17.9810 2.7191
v 28.0975 20.6653 2.7191
v 32.8598 20.9763 0.9756
v 33.1073 20.1874 0.9756
v 46.2612 21.5354 1.4787
v 33.1974 21.1420 0.9756
v 30.9905 23.8109 0.8176
v 32.0208 23.1562 0.8176
v 31.8184 22.1463 0.8347
v 31.4088 22.7193 0.8347
v 30.1196 17.2876 2.7191
v 29.4381 17.8060 2.7191
v 31.6584 17.6967 0.9904
v 30.7480 17.0625 0.9904
v 32.9277 19.4166 0.9756
v 47.5529 25.1122 1.0372
v 33.3296 19.3008 0.9756
v 29.6504 25.8867 0.8176
v 28.8336 28.6481 0.8176
v 28.1470 26.6704 0.8176
v 38.6982 13.9453 1.2242
v 30.7946 16.5066 0.9904
v 30.0099 16.9196 2.7191
v 29.4381 17.6271 2.7191
v 32.4587 18.5479 0.9756
v 32.2353 18.7518 0.9756
v -51.6177 -23.6145 -0.7704
v 38.6239 24.8749 1.2734
v -54.5257 -22.2968 -0.7704
v -54.8702 -22.5074 -0.7704
v -52.3394 -21.7875 -0.8451
v -53.3534 -22.0865 -0.7704
v -51.0831 -23.3917 -0.9261
v -51.3820 -23.6429 -0.9261
v 30.0606 24.6698 0.8176
v 34.1686 23.6830 0.8176
v 30.4336 22.4629 0.8347
v -77.5665 44.8506 -1.6235
v 30.4746 22.7653 0.8347
v 32.2451 23.7310 0.8176
v -76.2458 43.0911 -1.6235
v 26.6841 17.3086 1.0792
v 28.4655 15.8835 0.9904
v 26.5567 19.1245 1.0792
v 26.8806 22.7662 1.0792
v 30.4951 22.9621 0.8347
v 30.4453 23.3565 0.8176
v 10.2909 49.4366 0.0321
v 10.9136 68.6602 0.0321
v 29.1449 12.9827 1.2331
v 11.8025 52.1955 0.0321
v 14.0679 67.3780 0.0321
v 32.0594 15.8972 0.9756
v 13.3660 71.2852 0.0321
v 14.2146 69.0575 0.0321
v 15.1431 69.6796 0.0321
v 11.7748 69.6940 0.0321
v 29.1094 18.6875 2.7191
v 30.4969 17.8345 0.9904
v 31.5472 22.0559 0.8347
v 29.8855 18.1639 2.7191
v 32.5911 20.1113 0.9756
v 32.6797 20.8862 0.9756
v 31.2352 17.7979 0.9904
v 30.7544 22.0708 0.8347
v 32.4130 19.5194 0.9756
v 32.2952 21.2896 0.9094
v 31.8872 21.7700 0.8347
v 32.5920 19.5194 0.9756
v 37.7512 27.0824 1.2734
v 36.4679 25.9186 0.8176
v 32.4777 20.7821 2.7192
v 40.2791 3.4333 1.5770
v 29.2513 23.4193 0.8347
v 32.7707 20.1113 0.9756
v 33.3468 14.0914 0.9756
v 33.9141 16.1622 0.9756
v 25.9612 22.9340 1.0792
v 27.5699 19.2537 2.7191
v 30.3300 15.6084 0.9904
v 32.0132 13.5947 1.0429
v 31.6185 14.7964 1.0429
v 27.7994 17.7233 2.7191
v 29.0009 16.3297 2.7191
v 34.7900 31.6357 0.8176
v 31.5358 24.3562 0.8176
v 28.0479 22.2197 1.0792
v 29.6273 22.9930 0.8347
v 37.9309 -1.0307 1.6878
v 38.3530 2.4338 1.5770
v 28.4459 21.9024 2.7191
v 30.9827 24.6039 0.8176
v 39.2838 0.2481 1.5770
v 36.6515 1.3389 1.5770
v 30.9242 25.7092 0.8176
v 31.7117 25.0595 0.8176
v 31.5238 18.0772 0.9904
v 27.6816 20.7839 1.0792
v 32.1680 18.8540 0.9756
v 30.9683 17.8868 0.9904
v -52.3534 -24.4554 -0.7704
v 29.0358 20.5331 2.7191
v -51.4525 -24.3441 -0.9261
v -55.4413 -22.5830 -0.7704
v -55.6671 -23.3960 -0.7704
v -53.0928 -25.3464 2.7191
v -55.0879 -23.3351 -0.7704
v -53.8305 -24.4541 -0.7704
v -79.1996 -36.9115 0.0321
v -79.8945 -36.1777 0.0321
v 30.1212 21.7090 0.8347
v 29.2676 20.5054 2.7191
v 29.4880 21.1663 2.7191
v 28.8672 19.7560 2.7191
v 29.2083 19.7426 2.7191
v 29.3967 31.1698 0.8176
v 29.4688 18.8672 2.7191
v 31.2646 30.2441 0.8176
v 12.6855 66.1763 0.0321
v -61.8661 13.8455 -0.0801
v 11.1786 51.5231 0.0321
v 11.1583 48.2520 0.0321
v -63.3300 15.5624 -0.0801
v -57.5784 -50.6906 -2.1063
v -75.5418 46.9763 -1.6235
v -73.8622 47.9908 -1.6235
v -50.5086 -9.8744 -2.0697
v 31.3726 16.5725 0.9904
v -51.3191 -9.2934 -2.0697
v -89.6064 -45.7170 0.0321
v 26.6640 20.8398 1.0792
v -77.2037 40.1314 0.0321
v -60.4843 43.0847 0.0321
v -69.1992 36.0156 -1.8734
v -74.0714 42.0875 -1.8734
v 30.3245 23.8589 0.8176
v 32.7861 24.5215 0.8176
v -46.7127 38.6433 -0.0801
v -8.1156 68.1515 1.2233
v -12.7375 68.1266 1.2233
v -45.3300 41.9023 -0.0801
v -64.0712 53.4651 -0.0801
v -23.9658 80.5176 1.2233
v -50.2744 59.4003 1.2233
v -51.5477 42.0476 -0.0801
v -37.7793 50.3181 1.2233
v -34.4539 60.3699 1.2233
v -30.6790 59.3506 1.2233
v -40.3784 53.1532 1.2233
v -52.9717 62.0977 1.2233
v -49.9166 41.1233 -0.0801
v -48.3253 62.8831 1.2233
v -49.7482 40.2759 -0.0801
v 27.2812 -67.2539 -0.0801
v 74.0966 42.0875 1.9377
v 74.5001 45.5143 1.6878
v 75.0546 43.0377 1.9377
v 69.2188 36.0156 1.9377
v 71.1493 34.5249 1.9377
v 75.3115 37.8130 1.9377
v 77.1094 40.0000 1.9377
v 74.5291 36.9902 1.9377
v 75.9311 34.9206 2.1363
v 69.9040 41.3619 1.6319
v 24.2578 -69.0139 -0.0801
v 27.8022 -59.6709 -0.0801
v 51.9908 -4.7264 2.1363
v 57.2941 -38.6004 -0.0801
v 52.3529 -37.4897 -0.0801
v 48.6074 -9.8919 2.1340
v 52.0198 -6.8328 2.1363
v 58.9236 -50.3999 -0.0801
v 39.7646 -2.7275 -0.0801
v 14.7520 71.4902 -0.0801
v 57.2098 -37.6589 -0.0801
v 11.6914 71.7881 -0.0801
v 12.6006 71.3795 -0.0801
v 38.6334 -1.5353 -0.0801
v 54.8583 -42.9577 -0.0801
v 50.1544 -42.0683 -0.0801
v 48.9384 -42.5250 -0.0801
v 55.3688 -44.2003 -0.0801
v 54.3655 -42.4474 -0.0801
v 68.9863 21.2266 -0.0801
v 68.2278 21.4896 -0.0801
v 56.8723 -41.9854 -0.0801
v -43.5779 34.9517 -0.0801
v -27.2273 62.3233 1.2233
v 58.9004 -40.2336 -0.0801
v 47.1560 -38.0822 -0.0801
v 52.6102 -39.7224 -0.0801
v 58.6582 -43.2880 -0.0801
v 50.8438 -39.5880 -0.0801
v 49.9164 -37.2062 -0.0801
v 53.1963 -27.6592 -0.0801
v 67.1118 24.7440 -0.0801
v 53.9231 -28.6311 -0.0801
v 65.1582 25.2363 -0.0801
v 50.9474 -44.5372 -0.0801
v 65.2039 23.9081 -0.0801
v 52.2535 -44.0365 -0.0801
v 52.3784 -44.6187 -0.0801
v 51.1327 -42.0165 -0.0801
v 53.5895 -41.9681 -0.0801
v 15.9851 72.3948 -0.0801
v 49.8364 -43.9497 -0.0801
v 50.6686 -43.6966 -0.0801
v 51.8906 -43.6645 -0.0801
v 64.6714 25.0503 -0.0801
v 48.5376 -40.7062 -0.0801
v 49.0079 -27.5883 -0.0801
v 50.4960 -27.1234 -0.0801
v 15.5627 70.3153 -0.0801
v 62.0806 -40.7623 -0.0801
v -52.7198 40.6791 -0.0801
v -58.2247 38.7985 -0.0801
v -60.1913 42.3035 -0.0801
v -52.4891 36.9489 -0.0801
v -47.9812 35.5767 -0.0801
v -55.8828 47.3789 -0.0801
v -37.5305 66.8567 1.2233
v -67.3409 52.8807 2.1340
v -40.1759 64.3158 1.2233
v -38.9905 55.4865 1.2233
v -65.5023 55.9277 2.1340
v -34.9548 54.9170 1.2233
v -36.2879 58.5371 1.2233
v -33.2017 56.9049 1.2233
v -53.1953 44.5057 -0.0801
v -39.1582 46.4009 1.2233
v -41.9751 49.7095 1.2233
v -56.7592 44.1543 -0.0801
v 66.5859 25.6641 -0.0801
v 65.8276 23.9111 -0.0801
v 68.4873 20.3188 -0.0801
v 76.1957 38.5692 1.9377
v 77.1367 38.4128 2.1363
v 78.5380 39.1915 1.9377
v 74.6553 39.9541 1.9377
v 72.8525 38.3643 1.9377
v 78.9252 40.5901 1.9377
v 72.2872 36.0656 1.9377
v 75.7114 40.7983 1.9377
v 28.2788 -66.2501 -0.0801
v 76.2259 43.0911 1.6878
v 77.5986 44.8506 1.6878
v 26.5328 -68.0974 -0.0801
v 77.2169 41.6327 1.9377
v 11.5604 72.3413 -0.0801
v 10.1120 71.5012 -0.0801
v 71.1865 39.7877 1.9377
v 27.7993 -64.8371 -0.0801
v 26.1841 -70.6719 -0.0801
v 72.2642 34.2345 1.9377
v 76.4720 40.8798 1.9377
v 73.9102 35.4800 1.9377
v 72.2604 40.7417 1.9377
v 75.9045 45.0608 1.6878
v 76.6821 38.7323 1.9377
v 73.4262 34.0494 2.1363
v 25.9773 -68.5290 -0.0801
v 70.5087 36.6269 1.9377
v 11.5144 70.3253 -0.0801
v 10.2305 72.0396 -0.0801
v 76.8901 35.4170 2.1363
v 47.5852 -8.2043 2.1340
v 75.6358 33.7264 2.1363
v 50.7086 -3.3704 1.9377
v 49.5742 -13.6582 -0.0801
v 48.5676 -12.7426 2.1705
v 49.1865 -11.6186 2.1705
v 48.3289 -4.3314 2.1340
v 49.9759 -7.6886 2.1340
v 60.6614 -49.8212 -0.0801
v 50.7582 -11.2714 2.1705
v 50.2689 -5.8558 2.1340
v 51.5139 -11.1332 2.1705
v 47.6471 -11.7285 2.1705
v 37.2524 -1.9739 -0.0801
v 13.6351 69.9071 -0.0801
v 36.3699 -1.6109 -0.0801
v 52.9982 -11.9118 2.1705
v 51.2617 -12.6698 2.1705
v 47.8616 -10.0236 2.1340
v 36.2800 -4.4529 -0.0801
v 38.0232 -1.7868 -0.0801
v 56.7472 -40.6503 -0.0801
v 50.3877 -29.9696 -0.0801
v 51.6001 -29.0818 -0.0801
v 48.2361 -26.1508 -0.0801
v 50.7996 -25.8903 -0.0801
v 58.5018 -38.7477 -0.0801
v 51.8651 -41.9942 -0.0801
v 59.8206 -50.0136 -0.0801
v 58.7788 -48.7893 -0.0801
v -56.1399 25.1246 -0.0801
v -57.0534 39.6295 -0.0801
v 79.1428 41.9449 1.9377
v 73.4176 38.8495 1.9377
v -44.9570 58.1797 1.2233
v -55.3972 41.9782 -0.0801
v -45.1742 52.9698 1.2233
v -53.3464 39.2905 -0.0801
v -59.2042 29.6741 -0.0801
v -53.3750 27.0562 -0.0801
v -54.4287 31.0872 -0.0801
v -55.1303 43.7750 -0.0801
v -52.2725 31.3705 -0.0801
v -57.2828 30.4454 -0.0801
v -51.5259 38.4521 -0.0801
v -57.9216 24.4707 -0.0801
v -50.4543 27.9822 -0.0801
v -47.3205 55.1567 1.2233
v 78.1360 37.7554 2.1363
v 77.1653 34.7206 2.1363
v 59.9370 -47.6673 -0.0801
v 60.6107 -48.9590 -0.0801
v -23.0884 76.3330 1.2233
v -10.8922 77.8717 1.2233
v -19.4632 77.4701 1.2233
v -15.3040 78.4146 1.2233
v -42.7571 61.1898 1.2233
v -26.9260 74.4861 1.2233
v -67.4244 60.0437 1.9377
v -30.8335 72.3838 1.2233
v -46.6046 35.4349 -0.0801
v -46.8176 30.6351 -0.0801
v -49.4857 32.0526 -0.0801
v -67.6310 58.9343 1.9377
v -66.9408 60.2053 1.9377
v 55.6692 -39.9174 -0.0801
v 56.4532 -36.7238 -0.0801
v 39.6295 -4.2020 -0.0801
v 39.2743 -6.2148 -0.0801
v 54.2538 -39.6238 -0.0801
v -34.5693 69.4941 1.2233
v -66.6039 59.2462 1.9377
v -48.9941 30.2319 -0.0801
v 24.2715 -71.6685 -0.0801
v 25.7181 -66.7693 -0.0801
v 76.5918 35.6708 2.1363
v 76.4004 33.4395 2.1363
v 69.7266 34.0851 1.9377
v 28.3401 -68.1203 -0.0801
v 37.7500 -6.2671 -0.0801
v 13.9846 70.6366 -0.0801
v 13.2055 71.8182 -0.0801
v 24.9582 -68.3195 -0.0801
v 68.6473 40.8347 1.6319
v 68.8719 38.9691 1.9377
v 31.5103 -7.4355 1.6721
v 30.5015 -3.9874 1.6721
v 31.8763 1.0934 1.6501
v 34.1240 -5.2686 1.6721
v 29.2023 -1.2515 1.6501
v 19.9349 -39.0149 -0.0801
v 22.9755 -37.2798 -0.0801
v 30.9480 3.2308 1.3890
v 35.8092 -10.6724 2.0286
v 33.5918 -12.4803 2.0286
v 27.1710 -4.5285 1.4174
v 34.0613 -7.6758 1.6721
v 22.4258 -38.3766 -0.0801
v 9.8535 -40.3840 -0.0801
v 31.2714 1.1801 1.6501
v 30.7846 -4.2278 1.6721
v 35.1205 -35.0127 -0.0801
v 37.3159 -36.2618 -0.0801
v 36.7932 -31.3770 -0.0801
v 41.5883 -30.1369 -0.0801
v 33.5967 -37.1332 -0.0801
v 47.8308 -31.0629 -0.0801
v 40.4382 -33.4517 -0.0801
v 18.4871 -71.7963 -0.0801
v 28.1321 -62.3495 -0.0801
v 49.3066 -33.8298 -0.0801
v 38.9333 -32.9595 -0.0801
v 42.5566 -27.3531 -0.0801
v 39.8501 -29.2319 -0.0801
v 31.3641 -7.0952 1.6721
v 35.5565 -10.2823 2.0286
v 31.9552 -18.1530 1.6136
v 29.8462 -9.5906 1.6721
v 32.6348 -17.5581 1.6136
v 29.0057 -10.2116 1.6721
v 32.2554 -23.6707 -0.0801
v 31.8338 -21.5884 -0.0801
v 34.4911 -14.6454 1.6136
v 32.4025 -9.8237 1.6721
v 33.4827 -4.3282 1.6501
v 33.1514 -5.6333 1.6721
v 34.4888 -8.1244 1.6721
v 35.4519 -17.5760 2.1705
v 37.5505 -16.9764 2.1363
v 33.5150 -12.1589 2.0286
v 32.9844 -31.1336 -0.0801
v 36.2016 -27.9864 -0.0801
v 35.7275 -30.1699 -0.0801
v 32.3181 -32.5443 -0.0801
v 71.3724 46.8097 1.6319
v 23.7107 -67.2256 -0.0801
v 50.4615 -33.2038 -0.0801
v 21.4778 -67.2328 -0.0801
v 41.6807 -37.2807 -0.0801
v 45.2050 -28.0110 -0.0801
v 41.0211 -38.2069 -0.0801
v 70.1722 45.6820 1.6319
v 42.3270 -32.1504 -0.0801
v 44.5605 -31.8054 -0.0801
v 30.0464 -39.9508 -0.0801
v 41.2109 -33.5161 -0.0801
v 37.7316 -38.9810 -0.0801
v 39.3431 -36.9040 -0.0801
v 28.0615 -41.1679 -0.0801
v 40.7955 -36.0552 -0.0801
v 22.8770 -65.1329 -0.0801
v 26.4633 -63.6034 -0.0801
v 19.8105 -69.7182 -0.0801
v 73.0902 44.6708 1.9377
v 51.7190 -32.2372 -0.0801
v 25.5744 -62.3874 -0.0801
v 22.1470 -69.5797 -0.0801
v 49.5071 -31.1050 -0.0801
v 24.6843 -65.8338 -0.0801
v 24.9293 1.2762 1.0861
v 30.9858 -12.2848 1.6136
v 44.7006 -29.9660 -0.0801
v 47.1680 -32.7144 -0.0801
v 31.8119 -14.5965 1.6136
v 28.0238 -7.1679 1.6721
v 28.7527 -6.9250 1.6721
v 31.3540 -15.3320 1.6136
v 27.4370 -3.8842 1.4174
v 30.2888 -12.9586 1.6136
v 33.2695 -31.0449 -0.0801
v 25.9406 -1.7154 1.4174
v 32.2069 -21.2390 -0.0801
v 26.5005 -1.1321 1.4174
v 36.2078 -28.1918 -0.0801
v 35.5261 -29.9045 -0.0801
v 34.9208 -26.0686 -0.0801
v 33.7549 -28.5828 -0.0801
v 37.5419 -20.1248 -0.0801
v 35.5148 -17.9443 2.1705
v 35.7666 -23.3198 -0.0801
v 34.6375 -15.1825 1.6136
v 36.7019 -13.4753 2.1363
v 35.7990 -20.7488 -0.0801
v 35.7821 -21.0976 -0.0801
v 35.6750 -23.6169 -0.0801
v 37.1838 -25.5682 -0.0801
v 37.5870 -22.8386 -0.0801
v 35.0824 -25.6828 -0.0801
v 37.9012 -15.8929 2.1363
v 37.6254 -20.5296 -0.0801
v 37.7051 -23.0301 -0.0801
v 37.0016 -25.1807 -0.0801
v 34.0504 -28.1820 -0.0801
v 35.5405 -38.8181 -0.0801
v 39.7980 -26.6602 -0.0801
v 21.7546 -71.5184 -0.0801
v 23.1841 -68.3275 -0.0801
v 21.0826 -68.3554 -0.0801
v 71.2712 43.2021 1.9377
v 37.7720 -28.1094 -0.0801
v 42.4214 -30.9052 -0.0801
v 47.8672 -28.7611 -0.0801
v -50.8609 75.9308 1.2233
v -66.0352 63.7554 1.6319
v -51.4861 74.8428 1.2233
v -55.2011 73.3250 1.2233
v -49.7242 77.6433 1.2233
v -38.0281 87.6735 1.2233
v -57.9961 72.5977 -0.0013
v -57.1241 72.7822 -0.0801
v -64.3217 69.3204 1.6319
v -55.9070 73.0264 -0.0801
v -62.3889 71.0588 -0.0013
v -59.1005 72.2977 -0.0013
v 79.7540 -46.7131 0.0321
v 68.3882 -54.2097 -0.0801
v 78.6490 -49.1296 0.0321
v 78.9464 37.6766 0.0321
v -6.2562 97.3181 -0.0013
v -4.7604 96.2109 1.2233
v -66.6598 62.3535 1.9377
v -8.8766 98.5739 -0.0013
v -13.1922 95.8276 1.2233
v -11.1524 95.8317 1.2233
v -9.0727 98.6720 -0.0013
v -7.9688 95.6250 1.2233
v -5.5622 95.6096 1.2233
v -9.4223 95.8099 1.2233
v 64.0234 -44.3981 -0.0801
v 62.7476 -52.1736 -0.0801
v 62.1932 -45.8103 -0.0801
v 66.3947 -45.6876 -0.0801
v 64.9948 -50.3060 -0.0801
v 60.5966 -53.0311 -0.0801
v 68.9713 -50.7297 -0.0801
v 76.5609 38.8518 0.0321
v 64.5471 -49.0012 -0.0801
v 76.8860 32.0618 0.0321
v 77.8277 -48.4991 0.0321
v 77.8778 36.3086 0.0321
v 64.3370 -52.1026 -0.0801
v 68.9877 -52.7042 -0.0801
v 63.6876 -47.1625 -0.0801
v -7.5994 98.1017 -0.0013
v 74.7026 27.5938 0.0321
v 73.0476 32.3481 0.0321
v 71.9395 31.0286 0.0321
v 75.8771 29.7455 0.0321
v 66.7535 -54.4284 -0.0801
v 61.2801 -52.3389 -0.0801
v 61.9136 -55.2020 -0.0801
v -61.3196 71.5430 -0.0013
v -53.5210 73.8105 1.2233
v -46.4973 81.9229 1.2233
v -47.6289 80.6562 1.2233
v -5.2305 92.4219 -0.0013
v -1.5818 93.7847 -0.0013
v -4.0503 94.1693 1.2233
v -3.4126 92.8015 -0.0013
v -3.1390 94.8781 1.2233
v -5.3064 93.6958 1.2233
v -16.7097 93.1246 1.2233
v -14.2841 93.8807 1.2233
v -24.4531 90.4575 1.2233
v -22.8354 90.9580 1.2233
v -26.3374 89.7845 1.2233
v -39.3766 87.5037 1.2233
v -41.1262 86.8220 1.2233
v -52.1418 74.2357 1.2233
v -43.6926 84.8099 1.2233
v -67.2149 61.9342 1.9377
v -45.2224 83.5214 1.2233
v -18.3507 92.4835 1.2233
v -7.2466 93.6017 1.2233
v -28.5828 89.0917 1.2233
v -19.9429 92.0966 1.2233
v -8.6346 93.6758 1.2233
v -35.6836 87.8576 1.2233
v -48.7873 78.7142 1.2233
v -5.1289 90.4922 -0.0013
v -2.6023 91.0293 -0.0013
v -10.1037 93.8344 1.2233
v -11.9809 93.8584 1.2233
v -66.0393 65.3503 1.6319
v -65.2335 67.7585 1.6319
v -67.3315 61.6819 1.9377
v -63.4360 70.2539 -0.0013
v -59.9341 72.1655 -0.0013
v -30.6032 88.6791 1.2233
v -32.9839 88.3894 1.2233
v -34.6074 88.1753 1.2233
v 75.4596 36.4252 0.0321
v 68.0486 27.9256 0.0321
v 77.8667 33.6665 0.0321
v 64.8995 -51.4996 -0.0801
v 68.5994 -49.2028 -0.0801
v 78.9824 -45.9609 0.0321
v 70.3555 23.2046 0.0321
v 72.7305 25.0540 0.0321
v 69.9615 29.0527 0.0321
v 63.3017 -54.6114 -0.0801
v 74.2643 34.2435 0.0321
v -69.4961 21.7332 -0.0801
v -67.6975 21.5846 -0.0801
v -41.8586 -24.7979 -0.0801
v -68.1482 23.6780 -0.0801
v -66.4378 28.2932 -0.0801
v -63.6611 29.7515 -0.0801
v -64.9131 28.1337 -0.0801
v -65.4376 29.4587 -0.0801
v -67.7500 25.7255 -0.0801
v -56.5433 9.4887 -0.0801
v -48.1632 14.8314 -0.0801
v 36.6872 10.0608 1.5770
v 34.9900 11.5190 1.2242
v -36.4499 0.3522 -0.0801
v 39.4432 9.9900 1.2734
v 38.0869 10.3638 1.2242
v 40.2456 8.3561 1.2734
v -58.9178 -40.2336 -0.0801
v 36.7735 8.0092 1.5770
v -49.9342 -37.2062 -0.0801
v 42.3413 10.6714 1.2734
v -56.7732 -40.6503 -0.0801
v -15.5627 70.3153 -0.0801
v 33.0146 10.1118 1.0429
v -58.4752 -38.7477 -0.0801
v -55.3434 -44.2003 -0.0801
v 33.8735 3.0410 1.3890
v -68.2078 21.4896 -0.0801
v -51.1327 -42.0165 -0.0801
v -54.3740 -42.4474 -0.0801
v -51.8651 -41.9942 -0.0801
v -52.2619 -44.0365 -0.0801
v -65.2401 23.9081 -0.0801
v -53.1963 -27.6592 -0.0801
v -50.9474 -44.5372 -0.0801
v -67.0898 24.7440 -0.0801
v -68.5197 23.0279 -0.0801
v -68.0050 20.2240 -0.0801
v 23.8788 44.8096 0.6475
v -66.4076 22.9082 -0.0801
v -64.6893 25.0503 -0.0801
v -53.9231 -28.6311 -0.0801
v -66.5596 25.6641 -0.0801
v -52.3951 -44.6187 -0.0801
v 30.0762 6.6548 1.3890
v 31.5034 8.2220 1.3890
v 31.5201 6.8896 1.3890
v 11.7415 31.2151 0.6965
v 31.6904 3.3135 1.3890
v 33.4376 3.9138 1.3890
v 34.0820 5.2827 1.3890
v 33.4442 7.8036 1.3890
v 35.3560 8.0667 1.5770
v 35.2805 6.3368 1.3890
v 50.3862 16.5073 1.2905
v 47.7652 12.5201 1.4787
v 35.4961 5.8022 1.5770
v 40.1616 9.7830 1.2734
v 38.4453 8.7532 1.5770
v 39.9287 11.8403 1.2734
v -46.1460 12.8794 -0.0801
v -68.0484 26.2156 -0.0801
v -46.0548 15.0834 -0.0801
v -67.3112 28.6377 -0.0801
v -64.3112 26.6947 -0.0801
v -63.5858 27.6718 -0.0801
v -69.0428 24.0195 -0.0801
v -67.3878 26.9852 -0.0801
v -69.9348 22.8653 -0.0801
v -62.7680 29.4571 -0.0801
v -33.2436 59.7275 -0.4831
v -37.3843 56.6730 -0.7323
v -33.8297 61.2880 -0.4831
v -38.9335 55.7322 -0.7323
v -50.3877 -29.9696 -0.0801
v 61.7349 49.6744 -0.0801
v 65.3336 43.2449 -0.0801
v 47.6289 80.6562 1.2233
v 62.7988 43.6893 -0.0801
v 64.0427 41.9540 -0.0801
v 63.4048 47.4609 -0.0801
v 67.6282 45.5896 -0.0801
v 58.0726 49.9287 -0.0801
v 68.3047 57.7845 -2.0720
v 65.7583 60.4790 -1.8734
v 68.6484 52.3000 -2.0697
v 52.8401 47.6793 1.2233
v 51.6050 50.8220 1.2233
v 9.5643 70.4637 1.2233
v 7.8457 87.8115 -0.0013
v 0.0000 71.1694 1.2233
v 63.8789 57.6299 -0.0801
v 62.7025 67.5694 1.2233
v 61.8448 68.1189 1.2233
v 64.0625 65.6641 -1.5676
v 62.2639 69.0370 1.2233
v -53.6240 -41.9681 -0.0801
v -50.1715 -42.0683 -0.0801
v -48.9723 -42.5250 -0.0801
v -15.9851 72.3948 -0.0801
v -56.8895 -41.9854 -0.0801
v -50.4960 -27.1234 -0.0801
v -62.0630 -40.7623 -0.0801
v -52.6102 -39.7224 -0.0801
v -48.2361 -26.1508 -0.0801
v -50.8346 -25.8903 -0.0801
v -54.2361 -39.6238 -0.0801
v -55.6427 -39.9174 -0.0801
v -13.1702 71.8182 -0.0801
v -50.8438 -39.5880 -0.0801
v -56.4350 -36.7238 -0.0801
v -48.5548 -40.7062 -0.0801
v -57.2674 -38.6004 -0.0801
v -47.1560 -38.0822 -0.0801
v -54.3331 -49.8835 -2.1063
v -51.0486 -50.8509 -0.0801
v -60.9062 8.9784 -0.0801
v -60.5066 10.4579 -0.0801
v -57.5412 8.4313 -0.0801
v -57.9196 7.3299 -0.0801
v 54.7415 50.4178 1.2233
v 67.4515 60.7449 -1.8734
v 62.3818 59.7957 -0.0801
v 57.2441 52.6924 1.2233
v 65.1646 59.2053 -1.5676
v -45.9508 -25.9140 -0.0801
v -67.0205 22.1826 -0.0801
v -65.1805 25.2363 -0.0801
v -50.6686 -43.6966 -0.0801
v -65.8501 23.9111 -0.0801
v -51.8991 -43.6645 -0.0801
v -51.5826 -29.0818 -0.0801
v -68.4762 20.3188 -0.0801
v -68.9623 21.2266 -0.0801
v -54.8329 -42.9577 -0.0801
v -49.8699 -43.9497 -0.0801
v 31.1702 5.0523 1.3890
v -52.3708 -37.4897 -0.0801
v -48.9736 -27.5883 -0.0801
v -57.1828 -37.6589 -0.0801
v -38.6156 -1.5353 -0.0801
v -58.6754 -43.2880 -0.0801
v 48.8304 78.7142 1.2233
v -13.9846 70.6366 -0.0801
v -10.2305 72.0396 -0.0801
v -11.5604 72.3413 -0.0801
v -11.5144 70.3253 -0.0801
v -58.4194 -51.5178 -2.1063
v 36.1963 9.3938 1.5770
v -58.0574 -52.2992 -2.1063
v -54.3649 -52.8578 -2.1063
v -32.5462 20.1113 -0.9113
v -32.6797 20.8862 -0.9113
v -31.5472 22.0559 -0.7704
v -32.1233 18.8540 -0.9113
v -49.9195 -16.2733 -2.1063
v -52.8820 -18.3032 -0.0801
v -50.0867 -20.3544 -0.0801
v -41.3880 -12.9349 -2.0720
v -45.9913 -20.3130 -0.0801
v -52.2448 -20.6373 -0.0801
v -46.8588 -21.1540 -0.0801
v -50.0300 -23.4359 -0.0801
v 67.8120 47.0917 -0.0801
v 68.3481 50.8003 -0.0801
v 33.1397 6.5081 1.3890
v 35.7762 4.0693 1.5770
v 32.2998 5.2979 1.3890
v 32.0721 5.8313 1.3890
v 19.2215 44.1602 0.6703
v 11.4841 29.0424 0.6965
v 16.8389 41.3140 0.7564
v 17.0846 43.9459 0.6703
v 20.1464 46.5450 0.6475
v 34.8050 8.7228 1.3890
v 50.5498 13.6621 1.2905
v 45.0952 11.6180 1.4787
v 23.1719 15.1160 1.0678
v 21.8899 14.8345 1.0678
v 26.7634 40.9663 0.7888
v -60.7062 11.1074 -0.0801
v 29.1973 42.8291 0.7888
v 24.4446 43.5114 0.6475
v 28.0194 42.1257 0.7888
v 25.7974 43.8751 0.7888
v -65.5485 27.3877 -0.0801
v 22.6279 42.3298 0.7564
v 23.8544 45.8359 0.6475
v 22.8119 47.4091 0.6475
v 21.1333 42.0709 0.7564
v 0.0000 82.1218 1.2233
v 67.3929 46.2557 -0.0801
v 61.4046 66.8394 1.2233
v 65.3809 64.9841 -1.5676
v 62.2579 66.2953 1.2233
v 63.4536 65.0539 -1.5676
v 35.6378 87.8576 1.2233
v -36.3699 -1.6109 -0.0801
v 34.6074 88.1753 1.2233
v 32.9839 88.3894 1.2233
v 30.5565 88.6791 1.2233
v 43.6926 84.8099 1.2233
v 16.9503 73.9299 1.2233
v 17.1964 75.9908 1.2233
v 17.9874 84.6865 1.2233
v -23.8788 44.8096 -0.5832
v -22.6922 42.8358 -0.6921
v -21.1333 42.0709 -0.6921
v -24.3957 43.5114 -0.5832
v -22.7137 44.1491 -0.5832
v -26.7151 40.9663 -0.7245
v -29.1973 42.8291 -0.7245
v 63.6872 62.0299 -1.5676
v 64.9634 64.1711 -1.5676
v 65.0740 61.7068 -1.5676
v 65.6187 62.6360 -1.5676
v 64.4008 66.3256 -1.5676
v -25.7485 43.8751 -0.7245
v -21.7533 20.5115 -1.0035
v -21.1694 17.7020 -1.0035
v -21.9902 23.1476 -1.0035
v -23.5645 24.8633 -1.0035
v -23.1174 23.0713 -1.0035
v -25.0457 25.6475 -1.0149
v -26.3340 34.4805 -0.6921
v -28.7292 39.6464 -0.7245
v -27.4519 36.7294 -0.6921
v -27.5513 29.3198 -0.7533
v -39.1519 28.1418 -1.2091
v -39.8082 25.5425 -1.2091
v -27.1358 39.1216 -0.6921
v -21.1755 53.8000 -0.4528
v -26.4422 31.6555 -0.6921
v -23.4583 52.1407 -0.7407
v -29.5048 47.0508 -0.7407
v -25.5312 50.5638 -0.7407
v -20.5898 31.5236 -0.6921
v -9.8713 23.3917 -0.6234
v -27.4553 48.9743 -0.7407
v -29.3745 37.0148 -0.7245
v -31.3343 37.2036 -0.7245
v -26.1700 36.6094 -0.6921
v -25.7097 47.3730 -0.5832
v -30.7532 57.5740 -0.5674
v -23.2488 37.5631 -0.6921
v -20.0127 29.3833 -0.6921
v -83.5753 -40.1485 0.0321
v -81.6897 -35.7651 0.0321
v -88.2757 -51.6899 0.0321
v -88.1283 -49.9243 0.0321
v -9.7754 25.0964 -0.6234
v -84.6258 -37.2268 0.0321
v -83.7471 -47.4182 0.0321
v -82.5018 -45.0992 0.0321
v -19.8152 27.5446 -1.0035
v -27.2266 52.7515 -0.6456
v -29.0014 55.0876 -0.6456
v -24.8192 34.5187 -0.6921
v -21.3333 27.9765 -1.0035
v -22.7249 38.6951 -0.6921
v -21.0722 39.9109 -0.6921
v -22.3779 31.8200 -0.6921
v -23.2502 34.2334 -0.6921
v -21.1676 37.8992 -0.6921
v -36.4679 25.9186 -0.7533
v -25.5782 5.7323 -1.2982
v -25.5037 20.6219 -1.0149
v -23.9082 5.9226 -1.0218
v -38.6082 -5.2011 -1.6235
v -37.6138 -31.6183 -0.0801
v -41.4386 26.1765 -1.2091
v -37.1562 -5.8857 -1.6235
v -79.7716 -42.4251 0.0321
v 31.2645 15.3673 0.9904
v -86.7875 -45.7712 0.0321
v 59.8127 32.3871 -0.0801
v 66.0437 44.4373 -0.0801
v -26.5138 63.2213 -0.4831
v 59.2778 34.9641 -0.0801
v 24.3468 65.1072 1.2233
v 13.2033 69.4860 1.2233
v 48.2422 50.7812 1.2233
v 66.5646 58.4451 -1.8734
v 67.1238 61.2466 -1.8734
v -35.4961 5.8022 -1.5127
v 55.4946 66.2142 1.2233
v -35.3233 6.3368 -1.3247
v -41.7222 33.3409 -0.8772
v -38.9069 34.9976 -0.8772
v -33.8520 51.6169 -0.6456
v -39.4824 42.2348 -0.8587
v -37.7600 52.4418 -0.8325
v -35.9588 54.3840 -0.8325
v -16.7889 69.0564 0.0321
v -16.1554 67.7893 0.0321
v -16.2671 60.2869 -0.3678
v -9.9463 27.8496 -0.6234
v -10.4649 32.9308 -0.6322
v 16.4722 70.0781 1.2233
v -14.5872 40.6287 -0.6921
v 59.2427 46.5425 -0.0801
v -22.4883 44.6807 -0.5832
v -19.5801 42.0972 -0.6921
v -45.2172 -3.2184 -1.5676
v -13.0688 42.7080 -0.6921
v -25.9612 22.9340 -1.0149
v -41.7673 4.0973 -1.5676
v -40.9792 1.1578 -1.5676
v -42.4867 1.6492 -1.5676
v -26.3936 25.3784 -1.0149
v -21.0644 7.8277 -1.0218
v -21.8943 6.4678 -1.0218
v -40.2791 3.4333 -1.5127
v -32.4777 20.7821 2.7192
v -37.7512 27.0824 -1.2091
v -32.7258 20.1113 -0.9113
v -24.8749 16.4626 -1.1688
v -22.6379 8.6492 -1.2982
v -31.8420 21.7700 -0.7704
v -27.2481 5.2682 -1.5858
v -32.2952 21.2896 -0.8451
v -29.6377 8.2568 -1.3247
v -31.1162 22.2517 -0.7704
v -25.1089 12.7778 -1.2982
v -25.9492 11.5527 -1.2982
v -28.0078 9.0150 -1.2982
v -32.5473 19.5194 -0.9113
v -27.0930 11.9724 -1.1688
v -26.4983 11.2551 -1.2982
v -27.6224 9.7491 -1.2982
v -10.3566 16.1508 -0.6234
v -25.4616 10.1846 -1.2982
v -24.1260 12.0630 -1.2982
v -22.8257 11.1237 -1.2982
v -26.2939 8.1511 -1.2982
v -30.1732 11.1234 -1.3247
v -12.9918 17.3834 -0.6234
v -12.1575 19.3414 -0.6234
v -9.9992 17.7050 -0.6234
v -10.8262 12.0391 -0.4997
v -31.5238 18.0772 -0.9261
v -12.4220 15.5616 -0.6234
v -12.8057 15.1670 -0.6234
v -25.9131 13.4927 -1.1688
v -28.3690 10.2761 -1.3247
v -12.5136 17.5099 -0.6234
v -13.5848 12.6852 -0.6234
v 45.1945 52.9698 1.2233
v -13.2250 12.5952 -0.6234
v 55.3787 41.9782 -0.0801
v -24.7694 7.3521 -1.2982
v -39.2026 -23.6528 -0.0801
v -23.9212 7.1720 -1.2982
v -23.2718 9.0967 -1.2982
v -34.6419 0.1667 -1.6235
v -23.7739 9.2798 -1.2982
v -24.1216 8.8196 -1.2982
v -28.8555 7.2139 -1.3247
v -51.2829 -14.5360 -2.0697
v -46.4735 -24.0536 -0.0801
v -48.7759 -24.9272 -0.0801
v -51.0256 -16.6801 -0.0801
v -43.7640 -13.3582 -2.0720
v -46.7726 -12.3643 -2.0720
v -48.1650 -18.4639 -0.0801
v -52.0675 -21.8516 -0.0801
v -40.7344 -11.1357 -2.0720
v -41.1507 6.3309 -1.5676
v -39.2803 5.7566 -1.5127
v -47.7845 -16.3507 -2.1063
v -45.3163 -8.5065 -1.8734
v -37.4294 4.8323 -1.5127
v -43.3118 4.1626 -1.5676
v -25.0833 18.4489 -1.0149
v -25.0385 14.5646 -1.1688
v -27.7788 31.6669 -0.7533
v -29.5717 34.3747 -0.7533
v -44.9023 -6.4844 -1.8734
v -42.8302 6.3171 -1.5676
v -45.9566 -7.9202 -1.8734
v -47.8734 -7.1464 -1.8734
v -45.4688 -6.2109 -1.8734
v -27.6540 34.5084 -0.6921
v -43.5696 -9.7593 -1.8734
v -46.8812 -10.0105 -2.0720
v -46.9104 -22.8669 -0.0801
v -44.0242 -25.1122 -0.0801
v -52.5883 -14.8198 -0.0801
v -40.3154 -28.0308 -0.0801
v -39.6724 -27.1729 -0.0801
v -42.3350 -26.3563 -0.0801
v -41.1147 -24.1314 -0.0801
v -40.6015 -24.9534 -0.0801
v -38.7379 -25.2797 -0.0801
v -11.2592 53.8392 0.0321
v -16.7783 52.0076 -0.5832
v -37.6486 -25.2856 -0.0801
v -23.3976 57.8298 -0.6456
v -26.7664 56.1639 -0.6456
v -22.2823 55.7566 -0.3678
v -38.5638 -24.5137 -0.0801
v -16.4281 54.5557 -0.4528
v -50.3627 -18.3400 -0.0801
v -42.6842 -8.1322 -1.8734
v -47.0483 -8.7532 -2.0720
v -44.7391 -11.0127 -2.0720
v -37.1976 -30.5186 -0.0801
v -43.2079 26.9371 -0.8772
v -40.7965 29.1469 -0.8772
v -42.5214 30.1117 -0.8772
v -44.5475 17.5903 -1.4144
v -44.8768 14.5452 -1.4144
v -44.1951 20.6776 -1.2091
v -31.2658 53.6555 -0.6456
v -49.3075 19.5918 -1.2262
v -47.0112 18.4186 -1.4144
v -42.7222 40.2863 -0.8587
v -41.1603 36.4629 -0.8772
v -43.3822 37.6227 -0.9729
v -40.3181 39.1447 -0.8587
v -38.4041 45.6619 -0.8587
v -35.4016 43.8076 -0.8587
v -44.5759 -3.5788 -1.8734
v -36.7062 40.7424 -0.8772
v -12.2677 52.1250 0.0321
v -12.5204 50.8925 0.0321
v -13.6790 49.8704 -0.6060
v -15.9932 49.3877 -0.5832
v -16.7775 49.3278 -0.5832
v -15.2209 50.6688 -0.5832
v -13.6038 49.3768 -0.6060
v -12.3921 40.3601 -0.6921
v -11.2998 44.0098 -0.6921
v 60.6533 44.1650 -0.0801
v 64.5513 44.8515 -0.0801
v -23.5984 67.4090 -0.4831
v 62.7462 43.5798 -0.0801
v -21.6594 63.7834 -0.5674
v -14.9249 61.0565 -0.3678
v -26.5721 65.0345 -0.4831
v -43.4844 48.7102 -0.8325
v -36.8166 8.0092 -1.5127
v -42.3413 10.6714 -1.2091
v -12.2223 39.6980 -0.6921
v -39.4302 -11.5631 -2.0720
v -47.9505 -9.5672 -2.0720
v 0.0000 86.0215 1.2233
v 54.9852 59.8960 1.2233
v -11.6609 48.3525 0.0321
v -12.9122 54.3134 -0.5832
v -12.0857 50.1631 -0.6060
v -13.2825 43.3534 -0.6921
v -10.3929 41.6700 -0.6921
v -11.5903 45.1672 -0.6921
v -13.8457 46.1191 -0.6921
v -11.1133 45.6490 -0.6921
v -15.3259 44.3958 -0.6921
v -11.5144 37.3125 -0.6322
v -12.9149 36.0843 -0.6322
v -11.6748 37.8458 -0.6322
v -9.4501 35.9587 -0.6322
v -12.1124 33.6456 -0.6322
v -11.0489 34.8353 -0.6322
v -8.9152 41.5715 0.0321
v -10.5080 40.7553 -0.6921
v -9.2461 33.9023 -0.6322
v -8.5449 38.5742 0.0321
v -8.0880 35.7424 -0.6322
v -8.6312 28.2649 0.0322
v -18.7649 46.8873 -0.6060
v -8.9904 31.1793 -0.6322
v -20.1156 51.6250 -0.5832
v -10.1534 30.3171 -0.6322
v 65.6829 42.4545 -0.0801
v -51.8401 -49.8692 -0.0801
v -48.4336 17.2490 -0.0801
v 66.0352 63.7554 -1.5676
v 59.0155 65.1038 1.2233
v -35.8186 4.0693 -1.5127
v -36.1963 9.3938 -1.5127
v -38.6658 7.8613 -1.5127
v -35.3560 8.0667 -1.5127
v 60.5566 52.7871 -0.0801
v 65.5686 50.3287 -0.0801
v 59.8852 60.9191 1.2233
v -54.7570 -53.3141 -0.0801
v -35.2358 -3.0687 -0.0801
v -52.9808 -51.1772 -2.1063
v 57.1216 62.1167 1.2233
v 64.4180 63.1534 -1.5676
v 64.6599 60.7505 -1.5676
v 66.5624 62.1976 -1.8734
v 62.2550 63.1318 1.2233
v -35.6342 -1.2854 -0.0801
v -57.5415 -53.2417 -0.0801
v 66.1987 61.4480 -1.8734
v -44.3287 43.0111 -0.8325
v -44.0836 50.7250 -0.8325
v -43.3263 45.1770 -0.8325
v 50.8521 54.7699 1.2233
v 57.6748 58.6255 1.2233
v -49.6750 -47.6149 -0.0801
v 61.2224 68.6706 1.2233
v -61.0467 17.9423 -0.0801
v -34.6344 -0.7498 -0.0801
v -33.3765 -1.2561 -0.0801
v -50.7645 -49.1316 -0.0801
v -54.6117 -53.9154 -0.0801
v 63.5979 67.6384 -1.5676
v 63.3076 67.0221 -1.5676
v -56.6605 21.6299 -0.0801
v -53.9877 18.9092 -0.0801
v -62.6888 22.3851 -0.0801
v -57.4496 -54.4401 -0.0801
v -64.1081 19.9304 -0.0801
v -54.7585 -55.3076 -0.0801
v -49.4364 -50.3252 -0.0801
v -61.6343 16.4325 -0.0801
v -63.8282 21.1981 -0.0801
v 67.6597 58.9343 -1.8734
v 44.9570 58.1797 1.2233
v -23.2875 6.8031 -1.0218
v -26.3886 7.9647 -1.2982
v -25.2306 10.4647 -1.2982
v -24.0386 10.6641 -1.2982
v -24.4431 9.9189 -1.2982
v -35.9343 -4.3397 -1.6235
v -37.2166 -4.0092 -1.6235
v 44.5020 47.5217 1.2233
v 52.6505 58.0444 1.2233
v 11.5329 80.0403 1.2233
v 40.3423 42.5229 1.2233
v 15.5762 80.2173 1.2233
v 54.1168 53.4109 1.2233
v 7.9541 79.2427 1.2233
v 47.2612 45.9310 1.2233
v 41.7996 39.2014 -0.0005
v 55.3179 35.7560 -0.0801
v 44.3837 43.7596 1.2233
v 43.1436 46.3101 1.2233
v 49.6490 47.3887 1.2233
v -38.5137 -13.9459 -2.0720
v -47.5224 -14.4965 -2.0697
v -39.9331 -13.5967 -2.0720
v -39.1045 -9.8053 -2.0720
v -38.2051 -12.4012 -2.0720
v 55.4848 34.0845 -0.0801
v -47.8246 -10.0236 -2.0697
v 10.1037 93.8344 1.2233
v 24.4531 90.4575 1.2233
v -47.6837 -11.7285 -2.1063
v 8.6346 93.6758 1.2233
v 22.8354 90.9580 1.2233
v 7.2466 93.6017 1.2233
v 19.8944 92.0966 1.2233
v 11.9312 93.8584 1.2233
v 4.0503 94.1693 1.2233
v 1.6328 93.7847 -0.0013
v -76.8877 35.4170 -2.0720
v 3.3616 92.8015 -0.0013
v 2.6533 91.0293 -0.0013
v 18.3020 92.4835 1.2233
v 28.5357 89.0917 1.2233
v 5.2559 93.6958 1.2233
v 5.1797 92.4219 -0.0013
v 16.7097 93.1246 1.2233
v 38.0281 87.6735 1.2233
v 39.3315 87.5037 1.2233
v 26.3849 89.7845 1.2233
v 14.2841 93.8807 1.2233
v 46.4755 81.9229 1.2233
v 3.1390 94.8781 1.2233
v 49.3066 36.1824 -0.0801
v 9.0308 88.1001 -0.0013
v 8.9684 90.2891 -0.0013
v 41.1262 86.8220 1.2233
v 46.1179 48.8260 1.2233
v 45.8170 44.8788 1.2233
v 4.6073 78.0236 1.2233
v 52.8978 67.1652 1.2233
v 62.1880 55.6459 -0.0801
v 57.3750 33.4688 -0.0801
v 59.2358 55.2608 1.2233
v 57.9514 36.6196 -0.0801
v 16.8008 71.8806 1.2233
v 5.0629 88.1951 -0.0013
v 17.4438 77.9670 1.2233
v 61.7966 46.0140 -0.0801
v 66.4844 45.3828 -0.0801
v 2.1860 69.5557 1.2233
v -38.1157 -22.8873 -0.0801
v -35.2550 -2.1392 -1.6235
v -46.8600 -14.4185 -2.0697
v -36.5054 -8.7012 -1.9643
v -40.0663 -9.1725 -2.0720
v -45.1254 9.2674 -1.4144
v -42.5660 9.0511 -1.5676
v -39.6694 -6.5654 -1.6235
v -35.0072 -7.4645 -1.6078
v -38.2456 -7.3564 -1.6235
v -37.6849 -10.4442 -2.0720
v 17.8228 82.1396 1.2233
v 2.2397 88.8772 -0.0013
v 17.6924 79.9541 1.2233
v 67.6636 49.2767 -0.0801
v 66.8273 47.2236 -0.0801
v 61.2499 41.1218 -0.0801
v 55.7236 55.9607 1.2233
v 60.7031 57.6562 1.2233
v 54.5498 64.1617 1.2233
v 52.0997 74.2357 1.2233
v 50.9033 75.9308 1.2233
v 51.5283 74.8428 1.2233
v 49.7670 77.6433 1.2233
v 45.2444 83.5214 1.2233
v 2.2142 77.6995 1.2233
v 52.6443 33.3201 -0.0801
v 53.3306 35.0991 -0.0801
v 49.8296 34.4368 -0.0801
v 38.5107 69.4069 1.2233
v 23.5261 78.4204 1.2233
v 19.6567 79.4897 1.2233
v 27.4790 76.6813 1.2233
v 31.3472 74.6318 1.2233
v 44.2520 63.5543 1.2233
v 41.4783 66.5543 1.2233
v 49.9955 35.8553 -0.0801
v 7.7410 77.0127 1.2233
v 2.5024 74.2725 1.2233
v 4.5905 75.3433 1.2233
v -47.9239 -11.8536 -2.0720
v 53.3647 39.2905 -0.0801
v 48.9941 30.2319 -0.0801
v 49.5035 32.0526 -0.0801
v 47.3003 55.1567 1.2233
v 37.5305 66.8567 1.2233
v 66.9119 60.2053 -1.8734
v -75.3263 37.8130 -1.8734
v -77.1148 38.4128 -2.0720
v -78.5210 39.1915 -1.8734
v -77.1289 40.0000 -1.8734
v -74.5437 36.9902 -1.8734
v -74.6901 39.9541 -1.8734
v 9.1866 91.6646 -0.0013
v 11.7186 92.0458 -0.0013
v 7.9849 90.4614 -0.0013
v 12.3818 90.2676 -0.0013
v 10.7974 88.1785 -0.0013
v 10.7496 90.4175 -0.0013
v -25.1982 8.4434 -1.2982
v -30.6582 9.7549 -1.3247
v 35.1820 72.1499 1.2233
v 46.6443 60.2902 1.2233
v 48.6655 37.1760 -0.0801
v 15.3525 78.4146 1.2233
v 30.8789 72.3838 1.2233
v 26.9260 74.4861 1.2233
v 23.0884 76.3330 1.2233
v 19.5110 77.4701 1.2233
v 49.0676 57.2726 1.2233
v 15.0479 90.1881 -0.0013
v 34.5693 69.4941 1.2233
v 67.4148 60.0437 -1.8734
v 66.6231 59.2462 -1.8734
v 42.7571 61.1898 1.2233
v 10.8429 77.8717 1.2233
v 7.5851 92.1342 -0.0013
v 5.0781 90.4922 -0.0013
v -59.9370 -47.6673 -0.0801
v -47.5479 -8.2043 -2.0697
v -73.8810 35.4800 -1.8734
v -72.2594 34.2345 -1.8734
v -36.6138 -31.2191 -0.0801
v -19.9167 63.6504 -0.5674
v -78.9628 40.5901 -1.8734
v -76.1810 38.5692 -1.8734
v -73.4262 34.0494 -2.0720
v 21.1427 89.6140 -0.0013
v 14.9212 88.7367 -0.0013
v 12.7344 88.4442 -0.0013
v 18.0137 90.8516 -0.0013
v 18.1003 89.2295 -0.0013
v 16.6483 90.7284 -0.0013
v 19.7994 89.7314 -0.0013
v 17.0453 87.8714 -0.0013
v 14.7690 91.6870 -0.0013
v 18.2503 87.6405 -0.0013
v 10.4800 91.9014 -0.0013
v 13.5386 90.4894 -0.0013
v 12.8811 92.0649 -0.0013
v 16.9124 89.6748 -0.0013
v -48.5889 -9.8919 -2.0697
v -52.0387 -6.8328 -2.0720
v -14.7874 71.4902 -0.0801
v -10.1120 71.5012 -0.0801
v -13.5991 69.9071 -0.0801
v -12.5648 71.3795 -0.0801
v -11.6558 71.7881 -0.0801
v -39.3111 -6.2148 -0.0801
v -39.7826 -2.7275 -0.0801
v -37.7131 -6.2671 -0.0801
v -37.2524 -1.9739 -0.0801
v -39.6113 -4.2020 -0.0801
v -38.0232 -1.7868 -0.0801
v -51.2435 -12.6698 -2.1063
v -36.3165 -4.4529 -0.0801
v -48.3100 -49.7096 -0.0801
v -59.4485 19.1367 -0.0801
v 36.4783 12.6805 1.2242
v -57.4768 19.3817 -0.0801
v 38.1017 12.5848 1.2242
v 46.7406 4.2116 1.6319
v 32.0625 34.2188 0.8176
v -52.9982 -11.9118 -2.1063
v -49.5562 -13.6582 -0.0801
v -48.5676 -12.7426 -2.1063
v -49.9759 -7.6886 -2.0697
v -48.3099 -4.3314 -2.0697
v -50.7582 -11.2714 -2.1063
v -49.1681 -11.6186 -2.1063
v -51.5323 -11.1332 -2.1063
v -50.2309 -5.8558 -2.0697
v 50.4302 11.2349 1.2905
v 36.7450 13.9648 1.2242
v -24.4073 30.9442 -0.6921
v -24.2347 30.4343 -0.6921
v 63.0405 68.4835 -1.5676
v 62.9401 65.7535 -1.5676
v 61.4777 69.5107 1.2233
v 60.7040 67.4670 1.2233
v 59.4193 70.2454 -0.0801
v 56.7340 68.3951 -0.0801
v 59.2877 69.2651 -0.0801
v 57.7606 68.2251 -0.0801
v -25.7659 27.7192 -0.6921
v 58.1797 69.3363 -0.0801
v -23.9063 29.0057 -0.6921
v -24.2850 22.7643 -1.0149
v -19.9982 11.8110 -1.0218
v -21.2854 14.8545 -1.0035
v -23.6573 27.9035 -1.0149
v -20.0656 22.6547 -1.0035
v 55.9053 68.8641 -0.0801
v 53.7557 69.6057 -0.0013
v 56.2775 70.7845 -0.0801
v 54.5455 71.1024 -0.0013
v -20.1981 24.7589 -1.0035
v -24.7716 35.9880 -0.6921
v -23.0370 26.0620 -1.0149
v -25.4912 40.4576 -0.6921
v -26.3809 29.6027 -0.7533
v -26.8798 26.8335 -0.7533
v -22.3560 24.9124 -1.0035
v -24.4481 38.7897 -0.6921
v -30.3379 40.1953 -0.7245
v -25.8742 38.5953 -0.6921
v -23.9967 48.6890 -0.5832
v -31.3064 44.5850 -0.7407
v -34.0507 39.0776 -0.7407
v -35.2490 36.2346 -0.8772
v -24.5813 32.5229 -0.6921
v -24.7555 33.7661 -0.6921
v -36.7178 33.4644 -0.8772
v -32.7931 41.9023 -0.7407
v -59.3477 22.2565 -0.0801
v -48.3424 19.0601 -0.0801
v -50.6333 17.3154 -0.0801
v -64.3455 12.2578 -0.0801
v 59.5410 67.6379 1.2233
v 53.3481 70.9902 -0.0013
v -24.7415 46.5259 -0.5832
v -88.8194 -43.5525 0.0321
v -82.1323 -39.1866 0.0321
v -87.6518 -47.6363 0.0321
v 50.6821 9.0176 1.2905
v -50.7278 -3.3704 -1.8734
v -52.0099 -4.7264 -2.0720
v -60.6340 -49.8212 -0.0801
v -60.6198 -48.9590 -0.0801
v -75.6621 33.7264 -2.0720
v -77.1677 34.7206 -2.0720
v -78.1414 37.7554 -2.0720
v -75.6816 40.7983 -1.8734
v -76.4449 40.8798 -1.8734
v -76.4337 33.4395 -2.0720
v 49.1687 5.1636 -0.0801
v -72.2754 40.7417 -1.8734
v -76.5870 35.6708 -2.0720
v -75.9359 34.9206 -2.0720
v 40.2188 64.3158 1.2233
v 57.3171 30.4454 -0.0801
v 51.4893 38.4521 -0.0801
v 52.5253 36.9489 -0.0801
v 52.7568 40.6791 -0.0801
v 57.0172 39.6295 -0.0801
v 58.2336 38.7985 -0.0801
v 60.1730 42.3035 -0.0801
v 19.9663 86.7468 -0.0013
v 20.8649 88.6029 -0.0013
v 24.8828 88.0469 -0.0013
v 24.8669 87.0343 -0.0013
v 19.5921 88.8955 -0.0013
v -76.6895 38.7323 -1.8734
v 22.9897 87.5342 -0.0013
v 22.3022 86.0367 -0.0013
v -79.1078 41.9449 -1.8734
v -75.8995 45.0608 -1.6235
v -72.8723 38.3643 -1.8734
v -72.2531 36.0656 -1.8734
v -70.5430 36.6269 -1.8734
v -77.1997 41.6327 -1.8734
v -30.4789 22.4629 -0.7704
v -30.4951 22.9621 -0.7704
v -30.4453 23.3565 -0.7533
v -30.4746 22.7653 -0.7704
v -34.2138 23.6830 -0.7533
v -32.8315 24.5215 -0.7533
v -32.2904 23.7310 -0.7533
v -36.5059 23.1369 -0.7533
v -30.1063 24.6698 -0.7533
v -36.4411 19.1327 -1.1599
v -33.9141 16.1622 -0.9113
v -36.3031 20.8340 -1.1599
v -35.0879 15.2823 -1.1599
v -26.8806 22.7662 -1.0149
v -31.6185 14.7964 -0.9786
v -32.7847 15.2262 -0.9113
v -31.9694 13.5947 -0.9786
v -46.6889 -7.5398 -1.8734
v -26.5114 19.1245 -1.0149
v -26.7292 17.3086 -1.0149
v -27.7545 17.7233 2.7191
v -28.8464 23.9548 -0.7704
v -30.7544 22.0708 -0.7704
v -29.8855 18.1639 2.7191
v -29.4238 18.8672 2.7191
v -32.3682 19.5194 -0.9113
v -29.2676 20.5054 2.7191
v -31.2352 17.7979 -0.9261
v -29.0358 20.5331 2.7191
v -15.0902 69.6796 0.0321
v -30.9238 17.8868 -0.9261
v -30.4969 17.8345 -0.9261
v -29.5333 21.1663 2.7191
v -31.2646 30.2441 -0.7533
v -29.3967 31.1698 -0.7533
v -12.7384 66.1763 0.0321
v -13.3129 71.2852 0.0321
v -14.0150 67.3780 0.0321
v -29.1632 19.7426 2.7191
v -27.3277 24.8016 -1.0149
v -31.2168 16.9387 -0.9261
v -29.1891 12.9827 -1.1688
v -31.1710 17.2284 -0.9261
v -27.9578 19.3311 2.7191
v -28.5101 15.8835 -0.9261
v -10.2909 49.4366 0.0321
v -10.9136 68.6602 0.0321
v -11.7748 69.6940 0.0321
v -11.2085 48.2520 0.0321
v -11.1786 51.5231 0.0321
v -28.8672 19.7560 2.7191
v -31.4169 16.5725 -0.9261
v -29.9398 13.7776 -0.9786
v -28.4913 21.9024 2.7191
v -28.2301 17.9810 2.7191
v -27.5850 15.5585 -1.1688
v -29.2968 23.4193 -0.7704
v -27.6816 20.7839 -1.0149
v -30.9827 24.6039 -0.7533
v -11.7516 52.1955 0.0321
v -32.0594 15.8972 -0.9113
v -17.1695 26.2923 -1.0035
v -17.2703 28.5172 -0.6322
v -12.6379 70.7300 0.0321
v -14.2146 69.0575 0.0321
v -17.2899 23.8898 -1.0035
v -30.0760 21.7090 -0.7704
v -14.5499 29.8581 -0.6322
v -29.1094 18.6875 2.7191
v -26.8582 59.2206 -0.5674
v -17.8285 13.9920 -1.0218
v -14.3149 27.4998 -0.6322
v -45.1807 38.5938 -0.9729
v -15.8211 13.4322 -1.0218
v -10.6046 14.4113 -0.6234
v -11.9365 6.6704 -0.4997
v -11.6202 19.5515 -0.6234
v -10.0192 18.1080 -0.6234
v -14.4941 8.3960 -0.4997
v -20.4860 9.7552 -1.0218
v -16.7594 8.8440 -1.0218
v -10.4474 13.8395 -0.6234
v -21.7442 26.1304 -1.0035
v -14.8020 20.4738 -0.6234
v -14.3719 25.2795 -0.6234
v -22.3945 10.2197 -1.2982
v 34.9548 54.9170 1.2233
v 38.9905 55.4865 1.2233
v -18.9844 39.5225 -0.6921
v -14.8726 32.1285 -0.6322
v 39.1582 46.4009 1.2233
v 36.7200 52.5989 1.2233
v 41.9751 49.7095 1.2233
v 46.5863 35.4349 -0.0801
v 27.2720 62.3233 1.2233
v 54.4374 31.0872 -0.0801
v 53.1953 44.5057 -0.0801
v 46.7816 30.6351 -0.0801
v 56.7592 44.1543 -0.0801
v 55.1490 43.7750 -0.0801
v 40.3373 53.1532 1.2233
v 48.0176 35.5767 -0.0801
v 50.4370 27.9822 -0.0801
v 53.3665 27.0562 -0.0801
v 55.8828 47.3789 -0.0801
v 52.3077 31.3705 -0.0801
v 35.4545 83.0021 1.2233
v 39.2413 82.0911 -0.0013
v 35.7565 85.5765 -0.0013
v 31.0155 83.8257 1.2233
v 32.1841 84.8320 1.2233
v 57.9053 24.4707 -0.0801
v 30.7433 85.2217 1.2233
v 30.3948 86.3062 -0.0013
v 56.1649 25.1246 -0.0801
v 59.2126 29.6741 -0.0801
v 24.6127 85.4766 -0.0013
v 33.2347 86.0576 1.2233
v 31.8647 86.0627 -0.0013
v 28.7613 85.8124 -0.0013
v 28.7054 84.8928 -0.0013
v 28.3813 87.5092 -0.0013
v 33.3325 84.5350 1.2233
v 34.6763 84.5695 -0.0013
v -28.1321 -62.3495 -0.0801
v 34.5603 85.4767 -0.0013
v 26.7211 87.4854 -0.0013
v -27.8022 -59.6709 -0.0801
v -23.1841 -68.3275 -0.0801
v -25.7541 -66.7693 -0.0801
v -24.9226 -68.3195 -0.0801
v -24.2578 -69.0139 -0.0801
v -68.9018 38.9691 -1.8734
v -27.3164 -67.2539 -0.0801
v -24.2715 -71.6685 -0.0801
v -27.8346 -64.8371 -0.0801
v -68.6775 40.8347 -1.5676
v -71.2064 39.7877 -1.8734
v -26.5678 -68.0974 -0.0801
v -28.2788 -66.2501 -0.0801
v -26.1492 -70.6719 -0.0801
v -74.4696 45.5143 -1.6235
v -75.0898 43.0377 -1.8734
v -28.3401 -68.1203 -0.0801
v 23.1968 88.4560 -0.0013
v 26.8594 86.4627 -0.0013
v -21.0803 48.2405 -0.5832
v -18.9531 49.4384 -0.5832
v -22.1581 50.1183 -0.5832
v -18.4883 68.3700 0.0321
v -17.4808 64.8987 0.0321
v -15.3093 63.7539 0.0321
v -17.9512 67.1722 0.0321
v -15.9415 66.0811 0.0321
v -19.0104 61.2903 -0.6456
v -17.2935 62.3818 0.0321
v -13.7893 55.5688 -0.5832
v -10.3241 57.6904 0.0321
v -8.9330 55.9731 0.0321
v -12.1788 56.5593 -0.5832
v -22.4918 68.1537 -0.4831
v -13.8082 58.7626 -0.4528
v -21.9956 66.3525 -0.4831
v -11.7938 60.0128 0.0321
v -17.0519 55.9836 -0.4528
v -20.4236 60.2393 -0.6456
v -19.6479 57.6613 -0.3678
v -24.6594 63.6904 -0.4831
v -24.8278 65.5494 -0.4831
v -24.9983 67.0432 -0.4831
v -23.2285 64.2932 -0.4831
v -28.2159 62.1671 -0.4831
v -28.6077 64.2129 -0.4831
v -28.7101 65.5642 -0.4831
v -24.5873 60.5701 -0.5674
v -18.8509 55.6842 -0.4528
v -22.5648 61.8596 -0.5674
v -17.2980 57.7288 -0.4528
v -29.7963 61.3243 -0.4831
v -30.3304 63.3206 -0.4831
v -30.7580 64.6890 -0.4831
v -28.9105 58.3282 -0.5674
v -32.8835 63.7310 -0.4831
v -31.4973 60.3571 -0.4831
v -32.2849 62.1293 -0.4831
v -36.9135 58.7215 -0.7323
v -36.1695 61.5436 -0.7323
v -35.1974 59.8206 -0.4831
v -37.6325 60.4325 -0.7323
v -39.8471 54.2432 -0.7323
v -39.5989 56.9946 -0.7323
v -39.2404 59.4855 -0.7323
v -40.2429 58.2280 -0.7323
v -41.7944 56.6788 -0.7323
v -37.8326 37.8796 -0.8772
v -47.6054 15.3622 -1.4144
v -39.2079 50.2990 -0.8325
v -40.4065 48.1213 -0.8325
v -44.9246 27.8749 -0.8772
v -44.0416 34.6995 -0.9729
v -33.7385 46.7672 -0.7407
v -33.8985 26.0968 -0.7533
v -47.7299 10.0038 -1.4144
v -29.3940 51.1417 -0.7407
v -35.3270 24.7606 -0.7533
v -47.4461 7.2801 -1.4144
v -43.1966 49.8904 -0.8325
v -41.3860 53.8116 -0.7323
v -42.3419 54.7263 -0.7323
v -40.7948 52.5062 -0.8325
v -42.3605 51.8225 -0.8325
v -43.2397 52.7622 -0.7323
v -42.7925 48.3574 -0.8325
v -44.1995 45.6222 -0.8325
v -41.9842 43.1675 -0.8325
v -40.9087 45.4966 -0.8325
v -44.2712 49.1583 -0.8325
v -45.3448 46.0074 -0.8325
v -44.9702 47.6379 -0.8325
v -32.3828 27.0621 -0.7533
v -43.7736 44.1518 -0.8325
v -45.9412 45.0459 -0.8325
v -45.2303 3.8899 -1.5676
v -32.2275 12.0363 -0.9786
v -36.6673 7.0168 -1.5127
v -34.1421 12.9775 -0.9113
v -50.6821 9.0176 -1.2262
v -38.1451 12.5848 -1.1599
v -46.7819 4.2116 -1.5676
v -50.4302 11.2349 -1.2262
v -36.4783 12.6805 -1.1599
v -34.9467 11.5190 -1.1599
v -39.8855 11.8403 -1.2091
v -36.6872 10.0608 -1.5127
v -40.1616 9.7830 -1.2091
v -38.4882 8.7532 -1.5127
v -33.4442 7.8036 -1.3247
v -45.0522 11.6180 -1.4144
v -50.5498 13.6621 -1.2262
v -50.3646 16.5073 -1.2262
v -33.0146 10.1118 -0.9786
v -34.7618 8.7228 -1.3247
v -32.3425 5.2979 -1.3247
v -33.1397 6.5081 -1.3247
v -31.6904 3.3135 -1.3247
v -33.3951 3.9138 -1.3247
v -31.1273 5.0523 -1.3247
v -30.1194 6.6548 -1.3247
v 60.7816 64.0823 1.2233
v -11.6937 31.2151 -0.6322
v -21.5987 46.5737 -0.5832
v -23.8051 45.8359 -0.5832
v -26.4979 44.9780 -0.7245
v -22.3999 12.5439 -1.2982
v -22.5361 20.4707 -1.0035
v -23.4962 18.2495 -1.0035
v -21.8392 17.8726 -1.0035
v -28.0677 42.1257 -0.7245
v -16.8878 41.3140 -0.6921
v -19.2215 44.1602 -0.6060
v -21.7796 43.7558 -0.5832
v -20.7019 45.1589 -0.5832
v -17.0352 43.9459 -0.6060
v -20.1464 46.5450 -0.5832
v -31.5034 8.2220 -1.3247
v -31.5201 6.8896 -1.3247
v -22.3105 46.0062 -0.5832
v -22.6767 42.3298 -0.6921
v -16.3728 38.9644 -0.6921
v -20.0710 20.1169 -1.0035
v -42.4204 49.0576 -0.8325
v -41.6772 50.8850 -0.8325
v -31.6615 49.1638 -0.7407
v -44.4534 31.4594 -0.8772
v -39.8869 32.0940 -0.8772
v -40.5613 55.3287 -0.7323
v -38.2969 58.1434 -0.7323
v -34.7183 58.2986 -0.4831
v -36.2968 57.6155 -0.7323
v -34.3262 62.5770 -0.4831
v -18.7363 59.9355 -0.3678
v -20.3926 61.6953 -0.6456
v -26.6553 66.7676 -0.4831
v -23.3626 65.7690 -0.4831
v -15.1382 57.5562 -0.4528
v -10.6055 55.4988 0.0321
v -11.3710 55.0543 0.0321
v -12.6953 62.5320 0.0321
v -20.8061 68.0641 0.0321
v -20.6895 66.0391 0.0321
v -17.1300 45.6799 -0.6060
v -17.2219 46.8873 -0.6060
v -16.1165 47.1021 -0.6060
v -9.8694 38.9892 0.0321
v -9.6559 38.1359 0.0321
v -13.6693 38.3323 -0.6921
v -15.6129 43.6766 -0.6921
v -12.0544 47.0172 0.0321
v -15.5652 47.9468 -0.6060
v -13.8213 46.5033 -0.6060
v -14.1426 51.9920 -0.5832
v -36.5753 49.3523 -0.8325
v -32.8619 56.8938 -0.8325
v -45.1626 6.6348 -1.5676
v -41.8103 23.1482 -1.2091
v -43.7396 23.8173 -0.8772
v -24.9201 54.1785 -0.6456
v -37.5592 -24.4760 -0.0801
v -39.5695 -22.0886 -0.0801
v -39.1786 -27.8611 -0.0801
v -42.6707 -21.3533 -0.0801
v -43.8006 -24.1454 -0.0801
v -43.5839 -23.1578 -0.0801
v -46.5784 -18.8411 -0.0801
v -42.8539 46.3337 -0.8325
v -43.9503 47.0964 -0.8325
v -44.9002 40.9288 -0.8325
v -44.9446 44.6613 -0.8325
v -36.7014 13.9648 -1.1599
v -32.0156 34.2188 -0.7533
v -38.0869 10.3638 -1.1599
v -39.4432 9.9900 -1.2091
v -40.2456 8.3561 -1.2091
v -47.7438 12.5201 -1.4144
v -34.0820 5.2827 -1.3247
v -33.8735 3.0410 -1.3247
v -32.0293 5.8313 -1.3247
v -11.4841 29.0424 -0.6322
v -22.8615 47.4091 -0.5832
v -22.8775 41.4716 -0.6921
v -27.6224 45.5647 -0.7245
v -23.1719 15.1160 -1.0035
v -21.5935 12.2751 -1.2982
v -19.5249 14.4629 -1.0035
v -36.9095 -29.0111 -0.0801
v -37.3773 -28.7312 -0.0801
v -36.7191 -28.1751 -0.0801
v -38.3661 -26.4594 -0.0801
v -40.8301 -20.9932 -0.0801
v -41.0464 -22.8213 -0.0801
v -17.9948 52.5145 -0.5832
v 21.5490 46.5737 0.6475
v 21.5935 12.2751 1.3625
v 16.4214 38.9644 0.7564
v 22.4883 44.6807 0.6475
v 19.5801 42.0972 0.7564
v 20.6525 45.1589 0.6475
v 21.7304 43.7558 0.6475
v 23.8513 20.5488 1.0792
v 22.4902 20.4707 1.0678
v 23.5419 18.2495 1.0678
v 21.8848 17.8726 1.0678
v 23.6610 13.5848 1.3625
v 22.3999 12.5439 1.3625
v 26.4979 44.9780 0.7888
v 27.5735 45.5647 0.7888
v 22.7137 44.1491 0.6475
v 22.2610 46.0062 0.6475
v 22.8775 41.4716 0.7564
v 22.7412 42.8358 0.7564
v -23.8972 20.5488 -1.0149
v -21.8899 14.8345 -1.0035
v -23.6610 13.5848 -1.2982
v -29.1993 16.8766 2.7191
v -28.0975 20.6653 2.7191
v -27.5247 19.2537 2.7191
v -15.3516 34.4451 -0.6921
v -14.5573 23.0684 -0.6234
v -18.1963 11.5347 -1.0218
v 36.3304 58.5371 1.2233
v 37.7793 50.3181 1.2233
v -18.5229 -71.7963 -0.0801
v -25.9773 -68.5290 -0.0801
v -38.5529 -29.1117 -0.0801
v -17.1489 -33.2871 -0.0801
v -23.7510 -34.8691 -0.0801
v -16.4948 -35.3812 -0.0801
v -23.2707 -35.9116 -0.0801
v -16.7194 -25.1881 -0.0801
v -16.1435 -29.8061 -0.0801
v -16.6805 -30.8002 -0.0801
v -16.1063 -25.6976 -0.0801
v -22.9323 -27.6660 -0.0801
v -28.4895 -52.7793 -0.0801
v -22.5438 -20.7953 -0.0801
v -26.9508 -52.8661 -0.0801
v -31.4097 -54.4305 -0.0801
v -24.9705 -50.1379 -0.0801
v -29.6556 -51.9783 -0.0801
v -27.3669 -52.0336 -0.0801
v 4.0891 -53.1762 -0.0801
v -37.6220 -44.7304 -0.0801
v -23.7685 -53.6153 -0.0801
v -25.1982 -54.0419 -0.0801
v -42.9470 -44.7510 -0.0801
v -22.2862 -43.1442 -0.0801
v -23.0709 -42.4587 -0.0801
v -19.2402 -37.8220 -0.0801
v -12.2307 -57.4087 -0.0801
v -12.9353 -55.7015 -0.0801
v -23.8545 -14.7782 -0.0801
v -63.9409 -56.5077 -0.0801
v -35.7234 -42.9966 -0.0801
v -51.2463 -47.5463 -0.0801
v -48.7020 -43.6047 -0.0801
v -38.8369 -43.0783 -0.0801
v -3.4901 -15.5292 -0.0801
v -6.5015 -12.4047 -0.0801
v -10.6302 -3.9186 -0.0801
v -12.0568 -5.5742 -0.0801
v -25.9607 -29.9651 -0.0801
v -12.0089 -12.3667 -0.0801
v -45.1991 -44.3534 -0.0801
v -47.3128 -49.7305 -0.0801
v -49.2847 -48.4489 -0.0801
v -41.1294 -45.7797 -0.0801
v -14.5501 -38.5038 -0.0801
v -11.9901 -32.0081 -0.0801
v -14.6093 -30.0593 -0.0801
v -28.2666 -29.2236 -0.0801
v -9.6716 -0.5090 -0.0801
v -30.0291 -28.4198 -0.0801
v -27.5885 -27.5885 -0.0801
v -10.3153 -0.2971 -0.0801
v -11.5226 -2.1447 -0.0801
v -11.7920 -1.6846 -0.0801
v -23.9756 -16.9397 -0.0801
v -26.2432 -11.0206 -1.4259
v -23.4750 -11.9746 -0.0801
v -27.6345 -19.3965 -0.0801
v -29.4798 -18.6780 -0.0801
v -25.7272 -31.0408 -0.0801
v -26.1754 -33.6127 -0.0801
v -25.1107 -32.8017 -0.0801
v -25.4688 -36.2596 -0.0801
v -26.7078 -35.6882 -0.0801
v -20.2085 -2.5941 -1.1304
v -18.9426 1.1093 -1.0218
v -15.2593 -27.0165 -0.0801
v -15.9164 -28.2959 -0.0801
v -16.8212 -33.7094 -0.0801
v -20.0940 -37.3359 -0.0801
v -20.2904 -31.3110 -0.0801
v -23.0694 -23.1425 -0.0801
v -23.6649 -23.4100 -0.0801
v -23.6148 -30.3522 -0.0801
v -19.9477 -25.6110 -0.0801
v -23.8953 -26.4441 -0.0801
v -20.2592 -31.0778 -0.0801
v -23.6375 -32.1176 -0.0801
v -20.2910 -33.5724 -0.0801
v -24.0967 -29.1226 -0.0801
v -23.4646 -34.8080 -0.0801
v -16.4056 -31.2291 -0.0801
v -21.6119 -20.8667 -0.0801
v -19.0090 -20.2111 -0.0801
v -19.9880 -26.0635 -0.0801
v -22.7534 -15.2463 -0.0801
v -22.6573 -24.4308 -0.0801
v -23.5863 -27.7444 -0.0801
v -19.9503 -28.8327 -0.0801
v -22.8412 -19.7282 -0.0801
v -19.8024 -24.3245 -0.0801
v -14.9298 -22.1527 -0.0801
v -23.9374 -38.4324 -0.0801
v -24.4402 -36.6291 -0.0801
v -27.5266 -31.0258 -0.0801
v -26.3361 -31.8297 -0.0801
v -24.5720 -33.4953 -0.0801
v -24.5745 -34.5940 -0.0801
v -24.3585 -5.2167 -1.1304
v -25.3957 -8.1961 -1.1304
v -22.5706 -9.3174 -0.0801
v -25.5612 -16.8115 -0.0801
v -29.4662 -20.4709 -0.0801
v -11.9103 -8.4957 -0.0801
v -10.1642 -4.0823 -0.0801
v -13.9465 -10.0881 -0.0801
v -14.0350 -10.7067 -0.0801
v -14.2971 -40.2932 -0.0801
v -15.8730 -39.3362 -0.0801
v -23.6868 -40.0103 -0.0801
v -11.1401 -5.9414 -0.0801
v -3.7705 -40.1060 -0.0801
v -14.3765 -20.9830 -0.0801
v -4.8254 -38.0246 -0.0801
v -13.2870 -17.5235 -0.0801
v -11.6384 -41.1265 -0.0801
v -13.4445 -41.0738 -0.0801
v -25.5068 -39.6261 -0.0801
v -2.8093 -38.4047 -0.0801
v -11.4270 -40.0254 -0.0801
v -6.9126 -36.5072 -0.0801
v -24.4899 -39.0147 -0.0801
v -15.5835 -38.5620 -0.0801
v -14.9893 -20.8873 -0.0801
v -13.4116 -14.4312 -0.0801
v -15.8362 -29.9633 -0.0801
v -15.7001 -21.7415 -0.0801
v -25.9819 -19.6266 -0.0801
v -27.3186 -13.7178 -0.0801
v -25.7913 -23.3540 -0.0801
v -14.6776 -19.2406 -0.0801
v -12.6247 -12.0273 -0.0801
v -2.7252 -37.9362 -0.0801
v -7.5066 -35.4027 -0.0801
v -8.2952 -34.2006 -0.0801
v -4.0129 -35.7958 -0.0801
v -29.0925 -15.8687 -1.5494
v -25.3623 -33.8862 -0.0801
v -27.9921 -35.3345 -0.0801
v -27.0804 -32.3524 -0.0801
v -14.7214 -24.4748 -0.0801
v -16.1843 -27.8967 -0.0801
v -17.0135 -32.6320 -0.0801
v -16.6438 -36.9234 -0.0801
v -23.2556 -30.2903 -0.0801
v -22.9766 -32.9375 -0.0801
v -22.9417 -24.7813 -0.0801
v -18.8149 -18.8908 -0.0801
v -19.2704 -22.3033 -0.0801
v -11.2430 -8.9294 -0.0801
v -13.9146 -13.8359 -0.0801
v -13.9914 -17.2290 -0.0801
v -14.9393 -18.2252 -0.0801
v -24.2325 -19.3033 -0.0801
v -4.0875 -39.6906 -0.0801
v -5.4827 -10.2397 -0.0801
v -4.5018 -14.0189 -0.0801
v -27.0826 -16.2649 -0.0801
v -21.7716 -6.1795 -1.1304
v -25.3101 -34.8291 -0.0801
v -25.7707 -37.1049 -0.0801
v -24.3432 -38.0421 -0.0801
v -15.8305 -24.4952 -0.0801
v -16.2697 -32.5395 -0.0801
v -19.9795 -27.7077 -0.0801
v -20.3402 -32.8964 -0.0801
v -22.9329 -35.7625 -0.0801
v -20.0217 -29.1895 -0.0801
v -22.2219 -17.4573 -0.0801
v -19.1910 -21.7474 -0.0801
v -5.8347 -8.1196 -0.0801
v -4.3737 -9.5168 -0.0801
v -3.4591 -10.8600 -0.0801
v -24.7875 -26.0996 -0.0801
v -29.5431 -26.6378 -0.0801
v -27.7825 -21.2151 -0.0801
v -27.0079 -25.8336 -0.0801
v -27.7657 -22.6280 -0.0801
v -24.0690 -20.7581 -0.0801
v -28.7318 -24.8008 -0.0801
v -27.7035 -20.4910 -0.0801
v -25.6557 -28.3527 -0.0801
v -5.0005 -39.2246 -0.0801
v -4.6171 -39.6976 -0.0801
v -7.4055 -38.0388 -0.0801
v -2.1185 -39.7795 -0.0801
v -3.1331 -19.9064 -0.0801
v -5.4285 -14.7514 -0.0801
v -12.6804 -29.8569 -0.0801
v -5.9829 -22.1254 -0.0801
v -4.9141 -19.0036 -0.0801
v -25.8051 -47.8903 -0.0801
v -29.8767 -56.4782 -0.0801
v -8.9407 -55.4668 -0.0801
v -39.1689 -46.6532 -0.0801
v -17.3069 -36.7121 -0.0801
v -20.2932 -36.1534 -0.0801
v -20.1653 -34.0206 -0.0801
v -24.0721 -31.9962 -0.0801
v -23.2560 -32.9818 -0.0801
v -20.2643 -36.7699 -0.0801
v -15.9062 -39.8125 -0.0801
v -14.7290 -40.5048 -0.0801
v -14.6042 -32.0948 -0.0801
v -13.0716 -36.9128 -0.0801
v -5.8496 -2.2725 -0.0801
v -14.2049 -33.7955 -0.0801
v -11.5616 -33.4304 -0.0801
v -12.3750 -38.9375 -0.0801
v -5.1838 -2.1072 -0.0801
v -14.1711 -41.0812 -0.0801
v -13.8669 -41.6156 -0.0801
v -9.9647 -41.4494 -0.0801
v -13.9417 -35.5463 -0.0801
v -8.9699 -42.0037 -0.0801
v -14.8178 -27.7432 -0.0801
v -13.5775 -27.0831 -0.0801
v -2.6855 -2.8114 -0.0801
v -4.5206 -5.0183 -0.0801
v -2.6013 -5.8219 -0.0801
v -5.4997 -5.7478 -0.0801
v -2.9208 -6.7466 -0.0801
v -13.0920 -40.7562 -0.0801
v -24.9076 -38.6914 -0.0801
v -22.0911 -19.9908 -0.0801
v -20.7231 -9.6788 -0.0801
v -18.1629 -15.9942 -0.0801
v -4.8202 -45.6806 -0.0801
v -16.0013 -26.9910 -0.0801
v -20.2656 -30.2939 -0.0801
v -23.4351 -26.6211 -0.0801
v -26.0957 -50.2085 -0.0801
v -2.9873 -14.8579 -0.0801
v -26.2086 -20.9891 -0.0801
v -25.1123 -30.7456 -0.0801
v -27.5239 -27.1392 -0.0801
v -3.8368 -28.8658 -0.0801
v -6.3357 -31.6433 -0.0801
v -5.7431 -35.4045 -0.0801
v -7.8621 -31.4134 -0.0801
v -2.9048 -10.1264 -0.0801
v -4.9890 -23.7909 -0.0801
v -9.8940 -34.8133 -0.0801
v -9.0981 -33.3366 -0.0801
v -6.3749 -29.2747 -0.0801
v -14.6164 -41.7293 -0.0801
v -11.0389 -35.4798 -0.0801
v -11.6222 -41.5865 -0.0801
v -5.1003 -8.1604 -0.0801
v -25.4033 -27.6047 -0.0801
v -6.1747 -13.7743 -0.0801
v -5.9004 -17.3130 -0.0801
v -6.5939 -17.2994 -0.0801
v -3.0405 -24.7316 -0.0801
v -4.7148 -37.2705 -0.0801
v -7.0757 -32.9277 -0.0801
v -6.1322 -27.7392 -0.0801
v -3.2411 -32.6206 -0.0801
v -3.7939 -35.6868 -0.0801
v -4.5236 -37.1440 -0.0801
v -10.2070 -36.5261 -0.0801
v -3.2892 -25.2784 -0.0801
v -5.0791 -35.0767 -0.0801
v -5.3248 -33.4008 -0.0801
v -9.0063 -35.8092 -0.0801
v -5.4094 -31.6132 -0.0801
v -6.3628 -33.3615 -0.0801
v -8.2452 -27.2310 -0.0801
v -5.9891 -19.9127 -0.0801
v -5.8907 -24.3037 -0.0801
v -3.8896 -32.8189 -0.0801
v -11.6797 -25.4763 -0.0801
v -8.4281 -22.8976 -0.0801
v -10.4387 -22.4861 -0.0801
v -12.0671 -21.6609 -0.0801
v -12.3203 -23.0449 -0.0801
v -5.8250 -29.0892 -0.0801
v -8.7371 -25.0315 -0.0801
v -10.2655 -24.1867 -0.0801
v -10.9219 -19.7508 -0.0801
v -8.9685 -20.6995 -0.0801
v -6.6011 -22.3161 -0.0801
v -5.2932 -27.3362 -0.0801
v -12.6928 -19.4394 -0.0801
v -9.2168 -19.8809 -0.0801
v -7.2479 -19.7983 -0.0801
v -8.0237 -19.4861 -0.0801
v -3.4600 -28.5086 -0.0801
v -3.3869 -20.7021 -0.0801
v -11.1544 -16.1076 -0.0801
v -9.5815 -18.1199 -0.0801
v -9.4604 -19.3405 -0.0801
v -5.9353 -14.8186 -0.0801
v -8.4373 -13.6265 -0.0801
v -7.7525 -15.7791 -0.0801
v -7.2434 -13.6951 -0.0801
v -8.3281 -11.6514 -0.0801
v -10.1719 -12.7943 -0.0801
v -8.4668 -4.7729 -0.0801
v -10.3938 -10.9958 -0.0801
v -8.7298 -7.2953 -0.0801
v -7.6503 -1.3948 -0.0801
v -7.1155 -7.7289 -0.0801
v -6.6625 -5.6279 -0.0801
v -31.0384 -42.1301 -0.0801
v -31.6416 -44.6495 -0.0801
v -33.8130 -43.6312 -0.0801
v -38.2230 -41.2229 -0.0801
v -37.3381 -42.9472 -0.0801
v -33.8512 -40.5441 -0.0801
v -27.1280 -43.9251 -0.0801
v -29.5168 -45.6027 -0.0801
v -27.6375 -45.9743 -0.0801
v -40.1951 -40.2249 -0.0801
v -39.6243 -41.0771 -0.0801
v -39.3231 -39.8507 -0.0801
v -52.9209 -48.7832 -0.0801
v -58.6873 -50.8551 -0.0801
v -55.9222 -48.8418 -0.0801
v -53.0500 -46.9174 -0.0801
v -61.3102 -53.3215 -0.0801
v -47.6555 -42.5421 -0.0801
v -47.5698 -44.5832 -0.0801
v -59.0139 -54.8880 -0.0801
v -18.0938 -42.8993 -0.0801
v -33.4099 -46.2351 -0.0801
v -8.8722 -48.5601 -0.0801
v -12.6186 -51.9361 -0.0801
v -15.2253 -48.8050 -0.0801
v -11.7499 -46.8732 -0.0801
v -11.6301 -55.6138 -0.0801
v -15.9620 -49.3198 -0.0801
v -18.1154 -45.1945 -0.0801
v -13.6084 -54.3333 -0.0801
v -15.4965 -44.1321 -0.0801
v -14.9631 -46.0965 -0.0801
v -16.2770 -41.8683 -0.0801
v -18.5759 -41.1629 -0.0801
v -19.1578 -39.5788 -0.0801
v -35.1753 -45.4032 -0.0801
v -19.3799 -36.8607 -0.0801
v -17.1045 -37.4180 -0.0801
v -22.7227 -45.8796 -0.0801
v -21.6295 -46.2454 -0.0801
v -20.3242 -50.2894 -0.0801
v -20.8636 -46.8211 -0.0801
v -17.3037 -39.6708 -0.0801
v -18.5847 -50.9126 -0.0801
v -19.1184 -51.2643 -0.0801
v -21.1505 -42.8607 -0.0801
v -21.6130 -43.1509 -0.0801
v -21.9407 -43.1341 -0.0801
v -20.7582 -42.0922 -0.0801
v -23.9532 -54.7554 -0.0801
v -36.2547 -46.7896 -0.0801
v -20.9365 -40.0887 -0.0801
v -37.9047 -46.0727 -0.0801
v -38.2903 -44.3291 -0.0801
v -36.8799 -44.4559 -0.0801
v -33.1462 -48.3606 -0.0801
v -25.4608 -44.5873 -0.0801
v -25.7807 -46.1527 -0.0801
v -27.8185 -48.1929 -0.0801
v -31.6570 -47.4545 -0.0801
v -29.7346 -47.8343 -0.0801
v -43.7243 -45.7399 -0.0801
v -29.4880 -49.7271 -0.0801
v -23.5225 -49.2473 -0.0801
v -21.1295 -39.2047 -0.0801
v -20.7592 -40.9333 -0.0801
v -23.6672 -41.7036 -0.0801
v -23.6566 -45.9225 -0.0801
v -42.6298 -47.6208 -0.0801
v -47.3864 -46.7091 -0.0801
v -44.9021 -47.0532 -0.0801
v -9.0350 -56.8211 -0.0801
v -43.2275 -48.7068 -0.0801
v -51.7217 -50.8138 -0.0801
v -43.6448 -49.8951 -0.0801
v -53.2571 -52.9524 -0.0801
v -35.0609 -44.4813 -0.0801
v -39.2325 -47.3287 -0.0801
v -5.4836 -55.8546 -0.0801
v -35.1541 -44.8989 -0.0801
v -38.0408 -45.4059 -0.0801
v -40.4084 -44.8616 -0.0801
v -39.2958 -48.0145 -0.0801
v -2.7870 -48.8736 -0.0801
v -0.7482 -46.1672 -0.0801
v -0.8808 -48.6553 -0.0801
v -3.1119 -46.5623 -0.0801
v -2.5406 -51.6128 -0.0801
v -4.1396 -53.4619 -0.0801
v -7.6862 -52.2853 -0.0801
v -22.1901 -40.2380 -0.0801
v -1.7754 -53.4008 -0.0801
v -0.5675 -52.4235 -0.0801
v -50.6922 -45.2003 -0.0801
v -22.3290 -39.1566 -0.0801
v -22.8879 -40.3775 -0.0801
v -49.1790 -45.8961 -0.0801
v -22.5872 -41.5575 -0.0801
v -23.8312 -51.9314 -0.0801
v -25.4341 -52.0736 -0.0801
v -27.0865 -55.9647 -0.0801
v -27.1489 -54.6943 -0.0801
v -29.1745 -57.0763 -0.0801
v -6.6736 -45.5524 -0.0801
v -21.6340 -42.0561 -0.0801
v -8.7185 -45.8724 -0.0801
v -22.1217 -41.7195 -0.0801
v -1.0846 -52.8130 -0.0801
v -3.5325 -52.6497 -0.0801
v -0.2769 -50.6986 -0.0801
v -1.6231 -51.0265 -0.0801
v -5.3101 -55.1460 -0.0801
v -35.1578 -45.4683 -0.0801
v -48.2190 -51.4012 -0.0801
v -46.1255 -48.2959 -0.0801
v -46.0078 -45.3376 -0.0801
v -27.3913 -50.2123 -0.0801
v -31.5648 -49.2353 -0.0801
v -34.8813 -47.4248 -0.0801
v -25.1765 -55.0791 -0.0801
v -21.5737 -38.1937 -0.0801
v -21.8196 -37.6710 -0.0801
v -16.5038 -50.7756 -0.0801
v -20.0546 -47.0204 -0.0801
v -21.7024 -49.8182 -0.0801
v -17.2430 -38.4406 -0.0801
v -18.7866 -47.2484 -0.0801
v -11.8632 -54.2993 -0.0801
v -13.7203 -57.6858 -0.0801
v -16.0884 -50.3480 -0.0801
v -11.8518 -50.1597 -0.0801
v -46.3744 -43.6036 -0.0801
v -56.4255 -51.7327 -0.0801
v -28.8929 -43.3240 -0.0801
v -10.3145 -31.8812 -0.0801
v -11.4655 -29.9160 -0.0801
v -36.5250 -40.5627 -0.0801
v -9.2808 -9.3213 -0.0801
v -9.5118 -29.2454 -0.0801
v -10.0063 -26.4661 -0.0801
v -7.9994 -29.2601 -0.0801
v -11.3139 -17.9329 -0.0801
v -7.9693 -22.3365 -0.0801
v -13.0222 -24.7604 -0.0801
v -7.4170 -20.7373 -0.0801
v -7.7718 -17.5543 -0.0801
v -9.7198 -16.4460 -0.0801
v -12.1094 -15.3125 -0.0801
v -10.5030 -14.4761 -0.0801
v -7.8445 -9.8259 -0.0801
v -0.0538 -52.3089 -0.0801
v -4.9776 -54.4582 -0.0801
v -6.3436 -47.5992 -0.0801
v -6.1636 -50.8124 -0.0801
v -4.3785 -49.4188 -0.0801
v -8.7092 -53.2582 -0.0801
v -4.8352 -54.0405 -0.0801
v -12.1665 -27.2933 -0.0801
v -17.8627 -14.8596 -0.0801
v -21.4307 -16.9149 -0.0801
v -30.2772 -54.6279 -0.0801
v -26.7831 -48.1552 -0.0801
v -21.4026 -41.2210 -0.0801
v -0.1054 -53.2152 -0.0801
v -9.3845 -54.4124 -0.0801
v 47.3746 44.2788 0.7966
v 47.9052 42.3131 0.7966
v 47.3405 45.1758 0.8968
v 49.2482 36.1824 0.9294
v 48.1681 -4.9103 1.9377
v -24.9355 67.9310 1.2233
v -8.1830 82.3288 1.2233
v 48.5242 -5.5423 1.9377
v 41.4071 59.5351 0.7966
v 42.9958 57.6558 0.7966
v 40.0430 60.9609 0.7966
v 46.9881 46.7045 0.8968
v 50.2130 32.4536 0.9294
v 49.7361 34.2162 0.9294
v 49.9307 33.3776 0.9294
v 49.4149 35.0363 0.9294
v 50.6583 31.0226 0.9294
v 51.0764 29.8243 0.9294
v 51.9859 27.6313 0.9294
v -10.4296 91.9014 -0.0013
v -13.5386 90.4894 -0.0013
v -12.7344 88.4442 -0.0013
v -9.0809 88.1001 -0.0013
v -12.9310 92.0649 -0.0013
v -9.0188 90.2891 -0.0013
v -12.3818 90.2676 -0.0013
v -9.1866 91.6646 -0.0013
v -11.7186 92.0458 -0.0013
v -7.9849 90.4614 -0.0013
v -7.5851 92.1342 -0.0013
v -10.7974 88.1785 -0.0013
v -19.7507 89.7314 -0.0013
v -19.5434 88.8955 -0.0013
v -18.0626 90.8516 -0.0013
v -16.9615 89.6748 -0.0013
v -10.7496 90.4175 -0.0013
v -14.7690 91.6870 -0.0013
v -3.6179 70.9707 1.2233
v -34.2404 66.1011 1.2233
v -36.3301 64.1426 1.2233
v -2.2467 72.3938 1.2233
v -41.5380 54.7509 1.2233
v -41.2603 58.4520 1.2233
v -48.8883 40.6521 -0.0801
v -33.2227 64.3359 1.2233
v -44.4655 52.1599 1.2233
v -40.0949 56.8604 1.2233
v -46.7327 42.8945 -0.0801
v -31.6626 62.5347 1.2233
v -12.4559 67.0110 1.2233
v -38.2150 62.2604 1.2233
v -30.6299 69.2776 1.2233
v -37.1277 60.2417 1.2233
v -10.5571 75.8147 1.2233
v -47.9869 43.7086 -0.0801
v -42.8105 56.4452 1.2233
v -19.9243 81.8146 1.2233
v -43.2259 50.9491 1.2233
v -47.5638 39.4983 -0.0801
v -35.3981 62.1414 1.2233
v -26.3300 72.1193 1.2233
v -24.2806 82.7726 1.2233
v -19.9518 84.2515 1.2233
v -47.6418 69.2432 1.2233
v -50.1948 44.8052 -0.0801
v -14.8684 76.3279 1.2233
v -10.8546 71.6504 1.2233
v -10.7978 74.1674 1.2233
v -14.1278 72.6160 1.2233
v 3.3129 86.6733 -0.9261
v 2.9608 86.1328 -0.9261
v 3.1424 86.1914 -0.9261
v 2.7795 85.8052 -0.9261
v -28.7141 85.8124 -0.0013
v -31.0155 83.8257 1.2233
v -34.6763 84.5695 -0.0013
v -32.2306 84.8320 1.2233
v -24.8191 87.0343 -0.0013
v -28.3813 87.5092 -0.0013
v -24.8828 88.0469 -0.0013
v -26.5879 85.4036 -0.0013
v -22.3503 86.0367 -0.0013
v -23.1487 88.4560 -0.0013
v -19.9663 86.7468 -0.0013
v -21.1427 89.6140 -0.0013
v -28.6584 84.8928 -0.0013
v -33.0818 83.3513 1.2233
v -31.8180 86.0627 -0.0013
v -24.6127 85.4766 -0.0013
v -22.9417 87.5342 -0.0013
v -20.8163 88.6029 -0.0013
v -30.7901 85.2217 1.2233
v 1.3339 86.9718 -0.8451
v 4.2542 91.6013 -0.7704
v 4.1665 91.3914 -0.7704
v 1.3339 87.0607 -0.8451
v -30.3948 86.3062 -0.0013
v -26.8594 86.4627 -0.0013
v -33.2347 86.0576 1.2233
v -34.5603 85.4767 -0.0013
v -26.7211 87.4854 -0.0013
v -33.3325 84.5350 1.2233
v 3.0402 87.5388 -0.9261
v 2.8613 87.4493 -0.9261
v 3.1339 86.5838 -0.9261
v 2.7719 86.8234 -0.9261
v 2.5913 87.1216 -0.9261
v 1.7834 87.7456 -0.8451
v 3.1317 87.0616 -0.9261
v 1.2458 87.2095 -0.8451
v 3.6230 91.2102 -0.7704
v 3.4373 91.3586 -0.7704
v 3.8042 91.3008 -0.7704
v 2.9528 86.9722 -0.9261
v 3.3084 87.0917 -0.9261
v 3.4210 88.9465 -0.7704
v 1.1569 87.2985 -0.8451
v 3.0505 85.6842 -0.9261
v 3.3287 88.6163 -0.7704
v 3.3287 88.7963 -0.7704
v 3.2322 86.1016 -0.9261
v 2.4159 85.4510 -0.9261
v 2.8711 85.7739 -0.9261
v 3.4920 86.6733 -0.9261
v 2.9568 86.2844 -0.9261
v 3.4991 85.9534 -0.9261
v 3.3174 86.3432 -0.9261
v 3.1381 85.4466 -0.9261
v 3.1381 86.3432 -0.9261
v 3.8042 91.3914 -0.7704
v 3.8016 91.5108 -0.7704
v 3.4373 91.4491 -0.7704
v 2.5071 85.4198 -0.9261
v 3.2388 88.5264 -0.7704
v 2.5071 85.2407 -0.9261
v 2.5966 85.0616 -0.9261
v 4.1693 91.3623 -0.7704
v 3.8016 91.6013 -0.7704
v 3.5301 91.2393 -0.7704
v -15.0479 90.1881 -0.0013
v -14.9706 88.7367 -0.0013
v -18.2503 87.6405 -0.0013
v -16.6483 90.7284 -0.0013
v -18.1003 89.2295 -0.0013
v -17.0943 87.8714 -0.0013
v -40.2429 83.7378 -0.0013
v -39.2864 82.0911 -0.0013
v -37.6851 82.0819 -0.0013
v -37.8828 83.9614 -0.0013
v -35.8008 84.2695 -0.0013
v -38.2072 85.1682 -0.0013
v -35.7105 85.5765 -0.0013
v -43.6937 83.0270 -0.0013
v -43.4859 81.9918 -0.0013
v -42.7099 83.7186 -0.0013
v -44.3696 81.2999 -0.0013
v -41.0801 84.3223 -0.0013
v -41.0072 83.4549 -0.0013
v -41.9897 83.0823 -0.0013
v -44.7103 82.2422 -0.0013
v -45.7129 80.8276 -0.0013
v -40.3153 84.5175 -0.0013
v -59.8653 60.9191 1.2233
v -65.6088 62.6360 1.6319
v -55.4946 66.2142 1.2233
v -65.0642 61.7068 1.6319
v -64.6599 60.7505 1.6319
v -57.1417 62.1167 1.2233
v -63.7069 62.0299 1.6319
v -55.9261 68.8641 -0.0801
v -56.2571 70.0662 -0.0801
v -56.2775 70.7845 -0.0801
v -57.2557 69.9122 -0.0801
v -55.2686 70.3418 -0.0801
v -54.7717 69.3524 -0.0801
v -66.5624 62.1976 1.9377
v -66.1695 61.4480 1.9377
v -57.4849 70.7123 -0.0801
v -55.6859 71.0635 -0.0801
v -54.2093 70.5981 -0.0013
v -58.3260 70.3799 -0.0801
v -45.5028 78.0173 -0.0013
v -47.3868 76.8762 -0.0013
v -45.8906 71.6719 1.2233
v -45.2165 80.1796 -0.0013
v -43.2335 80.6138 -0.0013
v -46.0495 78.8045 -0.0013
v -47.8635 77.5696 -0.0013
v -46.8347 76.4100 1.2233
v -46.5961 79.5917 -0.0013
v -44.6224 79.3875 -0.0013
v -40.7956 81.5015 -0.0013
v -22.8109 74.2528 1.2233
v -19.6842 75.3135 1.2233
v -11.9031 72.6816 1.2233
v -13.8779 70.9316 1.2233
v -53.7557 69.6057 -0.0013
v -54.5665 71.1024 -0.0013
v -53.3692 70.9902 -0.0013
v -52.7692 70.1624 1.2233
v -50.1442 74.2877 -0.0013
v -50.9515 71.0438 1.2233
v -7.6182 75.0939 1.2233
v -8.3578 73.2541 1.2233
v -66.0352 63.7554 1.6319
v -60.7816 64.0823 1.2233
v -64.9832 64.1711 1.6319
v -57.8018 68.2251 -0.0801
v -58.1797 69.3363 -0.0801
v -47.9170 74.8918 1.2233
v -48.3264 75.4951 -0.0013
v -51.8467 72.5176 -0.0013
v -52.5209 72.1396 -0.0013
v -53.6048 71.6980 -0.0013
v -49.6319 73.6900 -0.0013
v -49.1898 73.2823 1.2233
v -48.7658 76.3029 -0.0013
v -52.3141 71.3278 -0.0013
v -51.8709 70.3149 1.2233
v -50.1924 72.1170 1.2233
v -50.7458 72.7982 -0.0013
v -51.0132 73.2889 -0.0013
v -51.5820 72.0282 -0.0013
v -19.1278 68.8037 1.2233
v -21.7731 67.0796 1.2233
v -63.0710 68.4835 1.6319
v -59.0155 65.1038 1.2233
v -62.3047 69.0370 1.2233
v -62.9602 65.7535 1.6319
v -63.4836 65.0539 1.6319
v -64.3907 66.3256 1.6319
v -61.8855 68.1189 1.2233
v -64.0925 65.6641 1.6319
v -62.2650 63.1318 1.2233
v -65.3412 64.9841 1.6319
v -62.6720 67.5694 1.2233
v -64.4378 63.1534 1.6319
v -62.2276 66.2953 1.2233
v -14.7827 74.5896 1.2233
v -4.6759 73.8196 1.2233
v -63.2975 67.0221 1.6319
v -63.6383 67.6384 1.6319
v -61.2429 68.6706 1.2233
v -56.7133 68.3951 -0.0801
v -59.2670 69.2651 -0.0801
v -57.2900 65.7078 1.2233
v -58.7370 67.8903 1.2233
v -60.2220 69.9644 1.2233
v -59.9648 68.8242 1.2233
v -59.5206 67.6379 1.2233
v -59.4193 70.2454 -0.0801
v -61.4046 66.8394 1.2233
v -61.4982 69.5107 1.2233
v -60.6837 67.4670 1.2233
v -44.2731 63.5543 1.2233
v -49.9774 35.8553 -0.0801
v -48.6472 37.1760 -0.0801
v -41.5213 66.5543 1.2233
v -16.5198 70.0781 1.2233
v -65.5872 50.3287 -0.0801
v -64.5876 44.8515 -0.0801
v -16.7531 71.8806 1.2233
v -49.3248 36.1824 -0.0801
v -49.8475 34.4368 -0.0801
v -51.5659 50.8220 1.2233
v -68.2666 57.7845 2.1363
v -52.8016 47.6793 1.2233
v -66.5934 58.4451 1.9377
v -59.2953 34.9641 -0.0801
v -59.8214 32.3871 -0.0801
v -65.6919 42.4545 -0.0801
v -2.1364 69.5557 1.2233
v -57.6352 58.6255 1.2233
v -60.5757 52.7871 -0.0801
v -50.8920 54.7699 1.2233
v -54.7415 50.4178 1.2233
v -57.2634 52.6924 1.2233
v -67.4226 60.7449 1.9377
v -62.4112 59.7957 -0.0801
v -66.5115 45.3828 -0.0801
v -67.6237 45.5896 -0.0801
v -66.0257 44.4373 -0.0801
v -67.4020 46.2557 -0.0801
v -58.0535 49.9287 -0.0801
v -65.7195 60.4790 1.9377
v -60.7129 57.6562 1.2233
v -62.2169 55.6459 -0.0801
v -44.5218 47.5217 1.2233
v -17.9874 84.6865 1.2233
v -57.3926 33.4688 -0.0801
v -45.7779 44.8788 1.2233
v -17.8228 82.1396 1.2233
v -59.2553 55.2608 1.2233
v -17.6440 79.9541 1.2233
v -52.8770 67.1652 1.2233
v -17.3956 77.9670 1.2233
v -17.1484 75.9908 1.2233
v -16.9503 73.9299 1.2233
v -67.6360 49.2767 -0.0801
v -68.3804 50.8003 -0.0801
v -7.6913 77.0127 1.2233
v -2.4524 74.2725 1.2233
v -4.5905 75.3433 1.2233
v -2.1639 77.6995 1.2233
v -47.2417 45.9310 1.2233
v -46.0979 48.8260 1.2233
v -8.0038 79.2427 1.2233
v -57.9780 36.6196 -0.0801
v -55.0254 59.8960 1.2233
v -7.8960 87.8115 -0.0013
v -9.5643 70.4637 1.2233
v -68.6577 52.3000 2.1340
v -67.0948 61.2466 1.9377
v -48.2620 50.7812 1.2233
v -65.1452 59.2053 1.6319
v -63.9078 57.6299 -0.0801
v -40.3033 42.5229 1.2233
v -55.6841 55.9607 1.2233
v -4.6073 78.0236 1.2233
v -23.5734 78.4204 1.2233
v -54.1168 53.4109 1.2233
v -11.4836 80.0403 1.2233
v -31.3927 74.6318 1.2233
v -35.1374 72.1499 1.2233
v -38.5107 69.4069 1.2233
v -15.5275 80.2173 1.2233
v -52.6505 58.0444 1.2233
v -2.2906 88.8772 -0.0013
v -41.8187 39.2014 -0.0005
v -44.4032 43.7596 1.2233
v -54.5293 64.1617 1.2233
v -59.2053 46.5425 -0.0801
v -63.4141 47.4609 -0.0801
v -5.0122 88.1951 -0.0013
v -19.7046 79.4897 1.2233
v -43.1436 46.3101 1.2233
v -60.6441 44.1650 -0.0801
v -66.8592 47.2236 -0.0801
v -61.7688 46.0140 -0.0801
v -61.7255 49.6744 -0.0801
v -67.7848 47.0917 -0.0801
v -61.2228 41.1218 -0.0801
v -64.0158 41.9540 -0.0801
v -27.4790 76.6813 1.2233
v -65.3380 43.2449 -0.0801
v -62.7714 43.6893 -0.0801
v -62.7189 43.5798 -0.0801
v -52.6443 33.3201 -0.0801
v -53.3126 35.0991 -0.0801
v -49.0473 57.2726 1.2233
v -46.6029 60.2902 1.2233
v 48.6299 38.7750 0.7966
v 46.6606 48.2761 0.8968
v 46.0332 49.8613 0.8968
v 48.8359 37.6367 0.7966
v 48.4534 39.9463 0.8968
v 48.1811 41.2185 0.7966
v 45.0412 53.3714 0.7966
v 45.8251 51.0128 0.8968
v 34.6685 64.2832 0.3844
v 31.1441 66.1685 0.3844
v 33.2109 65.3047 0.3844
v 16.9510 70.0150 0.0321
v 44.0430 55.4688 0.7966
v 38.4609 61.8981 0.3844
v 26.6283 68.1189 0.3844
v 24.9767 68.5045 0.3844
v 28.9504 67.4484 0.3844
v 36.6799 63.0814 0.3844
v 20.9661 69.6785 0.0321
v 23.3734 69.2892 0.3844
v 54.4962 20.4684 1.2729
v 54.7811 19.4357 1.2729
v 15.9166 70.9394 0.0321
v 48.1745 -5.7018 1.9377
v 49.5743 1.4557 1.6319
v 51.0294 4.8326 1.4787
v 48.5251 -5.7657 1.9377
v 48.4478 -5.7657 1.9377
v 17.1019 71.4501 0.0321
v 19.3198 71.2220 0.0321
v 18.1816 71.8906 0.0321
v -2.0808 86.0732 1.2233
v -5.0262 82.0283 1.2233
v -2.1744 82.2230 1.2233
v -28.1852 65.5406 1.2233
v 30.6753 18.1912 0.9904
v 31.8295 19.9943 0.9094
v 30.9005 18.1663 0.9904
v 48.3472 -3.4590 1.6319
v 29.9789 19.7159 2.7191
v 30.2228 18.5092 0.9904
v -32.4043 79.4043 1.2233
v -8.1629 85.2350 1.2233
v -28.2203 80.9232 1.2233
v -27.9236 78.8376 1.2233
v -31.9763 77.0360 1.2233
v -11.7169 82.5623 1.2233
v -22.1847 69.4841 1.2233
v -22.5055 71.8121 1.2233
v -35.9335 74.9176 1.2233
v -11.5689 85.2030 1.2233
v -25.7833 70.1342 1.2233
v -19.4728 70.8188 1.2233
v 31.7148 20.5742 0.9094
v 30.9683 18.1538 0.9904
v 29.9497 20.3875 2.7191
v 30.0568 19.1107 2.7191
v 26.9612 69.2552 0.3844
v -36.7808 77.9788 1.2233
v -15.6836 85.0835 1.2233
v 52.1190 6.3399 1.6344
v 53.0515 8.1108 1.6344
v 18.6539 70.0046 0.0321
v 31.6208 21.1707 0.8347
v 31.6102 18.8411 0.9094
v 31.2338 21.7553 0.8347
v -19.5484 73.0818 1.2233
v 31.3931 21.5602 0.8347
v 31.2781 18.3569 0.9904
v 30.7129 21.4990 0.8347
v 31.0742 21.8604 0.8347
v -15.7128 82.4680 1.2233
v 31.8540 19.4166 0.9094
v 31.0048 21.7847 0.8347
v 30.3516 20.9570 0.8347
v -5.0385 85.4521 1.2233
v -44.2639 73.2524 1.2233
v -50.2963 65.6403 1.2233
v -45.9708 66.4658 1.2233
v -48.2495 33.8934 -0.0801
v -36.7200 52.5989 1.2233
v -8.5991 69.1838 1.2233
v -5.5865 72.0813 1.2233
v 15.1699 72.0571 0.0321
v 52.5283 26.4404 0.9294
v 55.0098 13.2695 1.2729
v 55.3696 15.1315 1.2729
v 2.7719 87.3599 -0.9261
v 2.8633 86.5248 -0.9261
v -39.3928 83.6700 -0.0013
v -39.5178 84.6552 -0.0013
v -35.4545 83.0021 1.2233
v -24.3924 65.1072 1.2233
v -13.2515 69.4860 1.2233
v -49.6100 47.3887 1.2233
v -55.3000 35.7560 -0.0801
v -55.4937 34.0845 -0.0801
v 25.5659 69.9970 0.3844
v 23.5737 70.8246 0.3844
v -39.7213 72.4847 1.2233
v -40.9477 75.9699 1.2233
v -43.0096 69.6100 1.2233
v -29.5988 67.5643 1.2233
v 0.5332 86.5566 -0.8451
v 1.9658 84.8877 -0.9261
v 1.9658 85.1558 -0.9261
v 0.7987 85.9940 -0.8451
v 0.9789 85.0737 -0.9261
v 0.4443 85.6680 -0.7704
v 1.1561 85.1043 -0.9261
v 0.8905 85.0430 -0.9261
v 1.6062 84.8610 -0.9261
v 1.6062 85.0394 -0.9261
v -59.9867 54.0601 0.0321
v -59.8206 54.1708 0.0321
v -57.5119 51.4067 0.0321
v -59.1982 53.8165 0.0321
v 3.0609 89.0366 -0.7704
v 0.7114 86.9718 -0.8451
v 2.9709 88.9465 -0.7704
v 1.9658 84.9771 -0.9261
v 2.7045 89.8785 -0.7704
v 2.8867 89.9393 -0.7704
v 3.2563 90.9064 -0.7704
v 3.1659 90.9064 -0.7704
v 2.9810 90.5127 -0.7704
v 2.7984 90.4515 -0.7704
v 3.0734 91.0258 -0.7704
v 3.0713 90.4224 -0.7704
v 2.7081 90.5418 -0.7704
v 2.9830 91.1162 -0.7704
v 2.6125 89.3672 -0.7704
v 3.1509 89.1266 -0.7704
v 2.9769 89.9393 -0.7704
v 0.7987 85.6390 -0.7704
v 0.6225 85.2822 -0.7704
v 0.4449 85.2517 -0.7704
v 0.6216 85.6979 -0.7704
v 1.3367 85.0122 -0.9261
v 1.2484 84.8029 -0.9261
v 1.6051 85.0704 -0.9261
v 0.7987 86.2603 -0.8451
v 0.6212 85.9940 -0.8451
v 0.2668 85.7268 -0.7704
v 0.8015 84.9540 -0.9261
v 1.6062 84.7717 -0.9261
v 59.6318 53.2031 0.0321
v -58.8091 51.7676 0.0321
v 2.8789 88.8862 -0.7704
v 1.9645 85.1869 -0.9261
v 0.9762 86.5265 -0.8451
v 2.6143 89.8785 -0.7704
v 2.7026 89.4573 -0.7704
v 2.9749 89.6080 -0.7704
v 2.8828 89.4573 -0.7704
v 0.7100 86.3490 -0.8451
v 0.3555 86.2012 -0.8451
v 0.7998 85.3125 -0.9261
v 1.2484 84.9813 -0.9261
v -58.5821 53.5195 0.0321
v -59.4983 53.4542 0.0321
v 1.3367 85.1013 -0.9261
v 0.8881 85.3427 -0.9261
v 0.5328 86.0532 -0.8451
v 0.6216 86.4084 -0.8451
v 0.7998 86.8232 -0.8451
v 0.8881 86.6748 -0.8451
v 51.4541 28.5264 0.9294
v 4.2542 91.5108 -0.7704
v 3.5840 86.2844 -0.9261
v 1.7834 87.5673 -0.8451
v 3.4958 26.7385 0.0322
v 4.2872 22.2750 0.0322
v 2.2995 18.1201 0.0322
v 2.8601 29.6498 0.0322
v 7.7051 33.7097 0.6965
v 5.2032 27.7191 0.0322
v 4.7253 33.9453 0.0322
v 4.6805 30.4709 0.0322
v 7.3644 31.3706 0.0322
v 3.1904 34.6113 0.0322
v 6.7213 28.1157 0.0322
v 47.2538 32.1072 1.0372
v 48.7877 32.7665 1.0372
v 47.8301 32.9456 1.0372
v 4.0529 33.8703 0.0322
v 47.9097 35.8408 1.0372
v 47.5675 34.0809 1.0372
v 46.5712 40.6220 0.8968
v 47.5824 37.0187 1.0372
v 46.7889 39.4695 0.8968
v 46.3271 36.2161 1.0372
v 45.7454 43.4910 0.8968
v 7.2995 1.9752 -0.0801
v 2.2890 -0.7630 -0.0801
v 45.0524 43.3594 0.8968
v 3.2401 0.5116 -0.0801
v 4.2755 1.2827 -0.0801
v 7.0969 3.6350 -0.0801
v 4.6194 14.4016 0.0322
v 1.8547 8.0369 -0.0801
v 4.0391 17.9922 0.0322
v 1.8829 11.2972 -0.0801
v 5.4623 25.8046 0.0322
v 3.9880 14.3207 0.0322
v 6.5881 26.0702 0.0322
v 1.5263 12.0309 -0.0801
v 3.7734 12.0391 0.0322
v 6.2444 22.9274 0.6877
v 3.6743 18.0960 0.0322
v 49.9237 17.9169 1.2905
v 3.4158 6.2186 -0.0801
v 6.1463 17.8885 0.0322
v 3.7247 9.0458 -0.0801
v 6.2498 14.5828 0.0322
v 4.9525 0.8539 -0.0801
v 6.5826 6.6704 -0.0801
v 6.1318 9.5977 0.5640
v 1.7829 -0.3396 -0.0801
v 46.2881 41.6219 0.8968
v 45.5076 41.4895 0.8968
v 46.3863 34.6754 1.0372
v 45.5889 37.0986 1.0372
v 45.8361 32.5318 1.0372
v 46.3271 37.9292 1.0372
v 47.4884 31.2067 1.0372
v 48.0820 34.4224 1.0372
v 48.4980 33.6943 1.0372
v 46.4934 30.4830 1.0372
v 48.4427 31.0322 1.0372
v 46.6339 28.6285 1.0372
v 49.5029 28.1470 1.0372
v 1.7358 33.5596 0.0322
v 50.4569 27.5867 1.0372
v 48.7214 27.4839 1.0372
v 1.7479 35.8325 0.0322
v 4.4521 27.7549 0.0322
v 4.0659 19.9600 0.0322
v 4.6082 19.3542 0.0322
v 5.5349 24.7661 0.0322
v 3.7744 26.1378 0.0322
v -51.4266 22.4375 -0.9729
v -52.2298 23.2425 -0.9729
v -50.4792 27.5867 -0.9729
v -52.3155 19.9173 -0.9729
v 9.1324 4.6967 -0.0801
v 8.3948 16.2421 0.6877
v 8.7133 7.3931 0.5640
v 8.5464 21.3660 0.6877
v 18.1013 4.1572 1.0861
v 12.9489 1.9724 -0.0801
v 17.4295 6.4813 1.0861
v 12.7278 2.6660 -0.0801
v 45.5994 -16.8791 2.1705
v 40.0153 -15.2133 2.1363
v 39.0338 -15.7419 2.1363
v 42.7417 -16.7914 2.1705
v 40.5085 -19.6328 2.1705
v 39.4657 -20.2790 -0.0801
v 29.3433 6.0413 1.3890
v 38.0121 -29.6017 -0.0801
v 27.3002 4.6505 1.6501
v 40.3447 -26.7473 -0.0801
v 38.1335 -22.8873 -0.0801
v 23.2875 6.8031 1.0861
v 23.9517 5.9226 1.0861
v 35.2961 -2.1392 1.6878
v 1.3251 56.1627 0.0321
v 3.2695 56.7059 0.0321
v 10.4427 3.2795 -0.0801
v 3.1488 12.6852 0.0322
v 1.9135 48.6420 0.0321
v 2.9241 49.0034 0.0321
v 1.8248 52.0076 0.0321
v 15.8659 58.6935 0.5171
v 10.1041 43.5864 0.7564
v 1.6240 52.8823 0.0321
v 9.2977 46.3887 0.0321
v 8.9044 43.0380 0.0321
v 8.2625 45.6927 0.7564
v 6.5823 45.5773 0.0321
v 5.8806 45.2504 0.0321
v 3.5024 36.7756 0.0322
v 47.2097 35.2243 1.0372
v 3.0103 47.0603 0.0321
v 5.1194 40.8566 0.0321
v 1.3732 39.7238 0.0321
v 1.7633 38.7927 0.0321
v 4.9556 36.3408 0.0322
v 5.3677 37.7693 0.0321
v 6.3358 37.8196 0.0321
v 37.9907 -20.3104 -0.0801
v 38.2573 -22.2151 -0.0801
v 30.3964 3.4909 1.3890
v 40.4165 -17.1453 2.1363
v 1.8616 21.5942 0.0322
v 2.3101 32.7258 0.0322
v 1.8420 18.7888 0.0322
v 4.3322 25.8046 0.0322
v 6.1872 19.8544 0.0322
v 2.1753 14.2300 0.0322
v 5.0295 22.4467 0.0322
v 4.1064 60.7754 0.0321
v 2.4287 50.8005 0.0321
v 4.1682 9.0458 -0.0801
v 2.1759 4.7870 -0.0801
v 2.1469 1.8893 -0.0801
v 4.3984 2.8460 -0.0801
v 1.6172 50.3350 0.0321
v 2.4404 53.2827 0.0321
v 8.8301 47.7627 0.0321
v 7.1235 42.7412 0.0321
v 2.3542 58.6500 0.0321
v 8.8590 4.3427 -0.0801
v 3.0176 48.0801 0.0321
v 6.2216 43.1559 0.0321
v 6.2446 43.6133 0.0321
v 4.3199 47.7203 0.0321
v 49.1644 31.8441 1.0372
v 47.1868 27.2197 1.0372
v 5.5402 30.8530 0.0322
v 5.8154 35.7649 0.0322
v -29.9807 22.0100 -0.7704
v -28.9746 18.5078 2.7191
v -28.5063 19.5756 2.7191
v -28.5835 20.5331 2.7191
v 12.3018 -53.5790 -0.0801
v 19.4633 -40.5973 -0.0801
v 21.0571 -41.4543 -0.0801
v 9.0915 -53.6948 -0.0801
v 8.7165 -53.1215 -0.0801
v 6.5964 -45.2301 -0.0801
v 4.9405 -53.7490 -0.0801
v 15.6573 -53.1199 -0.0801
v 8.5146 23.5789 0.6877
v 7.9050 18.2919 0.6877
v 46.9394 36.6513 1.0372
v 46.8385 33.5342 1.0372
v 52.8179 21.4409 1.0372
v 47.3110 38.3652 1.0372
v 46.0781 39.1246 1.0372
v 6.1824 11.5583 0.5640
v 45.7016 40.2100 0.8968
v 3.7463 0.0000 -0.0801
v 4.5513 6.0392 -0.0801
v 48.1541 32.2234 1.0372
v 47.8043 29.8889 1.0372
v 48.2942 28.5823 1.0372
v 50.3965 29.2192 0.9294
v 49.4176 25.0630 1.0372
v 51.1707 26.5165 1.0372
v 50.2839 25.7184 1.0372
v 50.8162 21.2536 1.0372
v 51.8395 24.0275 1.0372
v 50.2385 22.3965 1.0372
v 51.3127 25.3472 1.0372
v 51.4485 22.4375 1.0372
v 52.5146 22.1437 1.0372
v 51.7783 21.5160 1.0372
v 1.9148 5.0481 -0.0801
v 3.8538 6.2186 -0.0801
v 22.3369 5.3018 1.0861
v 23.2855 3.7947 1.0861
v 36.5449 -8.7012 2.0286
v 40.0468 -9.1725 2.1363
v 35.9343 -4.3397 1.6878
v -3.6284 18.0960 0.0322
v 8.9645 42.2611 0.0321
v 6.1985 40.8313 0.0321
v 2.3121 47.9504 0.0321
v 1.8215 51.0029 0.0321
v 1.4261 54.7029 0.0321
v 9.5797 2.9343 -0.0801
v 8.5236 11.6638 0.5640
v 7.6850 20.4625 0.6877
v 7.8420 16.1400 0.6877
v -1.7633 38.7927 0.0321
v -4.1815 40.5361 0.0321
v -3.9893 45.1783 0.0321
v -5.4165 37.7693 0.0321
v -3.1421 34.6113 0.0322
v -4.9070 36.3408 0.0322
v -7.3644 31.3706 0.0322
v -4.3984 2.8460 -0.0801
v 47.9428 -11.8536 2.1363
v -1.9277 11.2972 -0.0801
v 37.1562 -5.8857 1.6878
v 34.6002 0.1667 1.6878
v -2.6461 45.4333 0.0321
v -4.6602 46.8026 0.0321
v -3.0011 46.2169 0.0321
v -5.5337 42.0956 0.0321
v -6.5103 47.0746 0.0321
v -4.8779 44.4981 0.0321
v -1.8029 46.5738 0.0321
v -1.4978 45.5332 0.0321
v 0.0000 47.4189 0.0321
v 0.0000 45.6888 0.0321
v -1.3241 39.7238 0.0321
v 0.0000 39.3805 0.0322
v -3.4028 41.4258 0.0321
v 0.0000 45.7888 0.0321
v 0.0000 42.4706 0.0321
v -1.3760 56.1627 0.0321
v -1.6325 42.4444 0.0321
v -4.1064 60.7754 0.0321
v -3.8115 42.6686 0.0321
v -9.0889 4.6967 -0.0801
v -10.4427 3.2795 -0.0801
v -2.4913 53.2827 0.0321
v 0.0000 56.2300 0.0321
v -3.2184 56.7059 0.0321
v 0.0000 47.4189 0.0321
v -9.5797 2.9343 -0.0801
v -1.4261 54.7029 0.0321
v -7.8420 16.1400 -0.6234
v -8.7573 7.3931 -0.4997
v -18.0580 4.1572 -1.0218
v -17.4295 6.4813 -1.0218
v -36.2549 -29.1046 -0.0801
v -18.7309 9.2990 -1.0218
v -15.5139 4.0735 -0.4997
v -12.9489 1.9724 -0.0801
v -8.4999 21.3660 -0.6234
v -8.5138 18.6843 -0.6234
v -8.4293 14.4113 -0.6234
v 0.0000 54.8048 0.0321
v -8.8590 4.3427 -0.0801
v 0.0000 52.6793 0.0321
v -8.5236 11.6638 -0.4997
v -7.6850 20.4625 -0.6234
v -7.9510 18.2919 -0.6234
v -9.5926 10.6188 -0.4997
v -8.5547 10.1587 -0.4997
v -8.3948 16.2421 -0.6234
v -28.8096 20.5331 2.7191
v -28.9133 21.3904 2.7191
v -28.4670 20.5469 2.7191
v -28.4805 18.1484 2.7191
v -31.4299 23.0063 -0.7704
v -30.0784 16.5520 2.7191
v -29.9052 22.5083 -0.7704
v -30.6753 18.1912 -0.9261
v -44.8055 -14.9414 -2.0720
v -41.9946 -16.0265 -2.0720
v -27.3433 4.6505 -1.5858
v 28.0413 1.9485 1.6501
v 36.2549 -29.1046 -0.0801
v 33.9727 -4.0016 1.6501
v 36.1230 -30.2234 -0.0801
v 38.1077 -19.6413 -0.0801
v 38.2739 -17.7966 2.1705
v 39.7485 -19.1382 2.1705
v 41.5081 -14.6187 2.1363
v 44.8242 -14.9414 2.1363
v 0.0000 1.8893 -0.0801
v -1.9148 5.0481 -0.0801
v 47.5038 -14.4965 2.1340
v -49.1644 31.8441 -0.9729
v -47.8493 29.8889 -0.9729
v -50.9885 4.8326 -1.4144
v -16.9510 70.0150 0.0321
v -52.0778 6.3399 -1.5701
v -31.1441 66.1685 -0.3201
v -47.5493 1.2177 -1.5676
v -48.3531 -6.5524 -1.8734
v -47.7276 -0.4421 -1.5676
v -47.0461 -5.3599 -1.8734
v -46.9945 -16.4977 -2.1063
v 22.2312 69.4841 1.2233
v 5.0262 82.0283 1.2233
v -49.7134 34.2162 -0.8651
v -3.4538 36.7756 0.0322
v -5.1686 40.8566 0.0321
v -33.2109 65.3047 -0.3201
v -41.4566 59.5351 -0.7323
v -33.0620 22.4623 -0.7533
v -31.8636 22.3271 -0.7704
v -31.1129 22.5535 -0.7704
v -32.4305 21.4700 -0.8451
v -31.8851 22.6135 -0.7704
v -29.7891 22.7051 -0.7704
v -32.0208 23.1562 -0.7533
v -31.4540 22.7193 -0.7704
v -29.0750 21.3760 2.7191
v -28.6602 18.3281 2.7191
v -29.9556 22.2061 -0.7704
v -31.5445 22.5383 -0.7704
v -32.7011 21.8308 -0.8451
v -29.3722 21.1805 2.7191
v -31.0886 22.8406 -0.7704
v -28.8398 18.4180 2.7191
v -30.7946 16.5066 -0.9261
v -30.7036 17.0625 -0.9261
v 51.5664 42.0476 -0.0801
v 47.6631 69.2432 1.2233
v 48.3461 62.8831 1.2233
v -28.6868 19.6658 2.7191
v -33.3296 19.3008 -0.9113
v 49.7482 40.2759 -0.0801
v 50.1757 44.8052 -0.0801
v 24.2331 82.7726 1.2233
v 19.9243 81.8146 1.2233
v 64.0523 53.4651 -0.0801
v 67.3502 52.8807 -2.0697
v 65.5023 55.9277 -2.0697
v 45.2915 41.9023 -0.0801
v 46.7520 42.8945 -0.0801
v -19.5920 17.3138 -1.0035
v -11.1528 9.4199 -0.4997
v -13.0637 11.1847 -0.4997
v -32.8830 19.4166 -0.9113
v -10.0327 20.9944 -0.6234
v -11.6455 7.1191 -0.4997
v 46.7314 38.6433 -0.0801
v 41.5380 54.7509 1.2233
v 42.7690 56.4452 1.2233
v 38.2150 62.2604 1.2233
v 37.1704 60.2417 1.2233
v 30.6299 69.2776 1.2233
v 26.2839 72.1193 1.2233
v -31.8636 22.1463 -0.7704
v -31.0641 23.1281 -0.7533
v 8.1830 82.3288 1.2233
v 2.1315 86.0732 1.2233
v -31.4481 23.5974 -0.7533
v 28.2203 80.9232 1.2233
v -32.5658 21.6504 -0.8451
v 39.7213 72.4847 1.2233
v 2.1326 -53.0951 -0.0801
v 0.5161 -44.5910 -0.0801
v 1.9215 -52.4679 -0.0801
v 4.7906 -45.6806 -0.0801
v 21.8139 -39.6315 -0.0801
v 17.0331 -38.2956 -0.0801
v 8.6103 -45.4634 -0.0801
v 2.8606 -44.9673 -0.0801
v 15.0681 -53.8231 -0.0801
v 21.4071 -40.2762 -0.0801
v 22.6338 -39.5081 -0.0801
v 19.8455 -34.9819 -0.0801
v 18.4484 -39.2899 -0.0801
v -35.1990 19.1589 -1.1599
v 18.8954 -39.9340 -0.0801
v -31.9702 17.3172 -0.9113
v -28.1646 19.4083 2.7191
v -29.3733 17.4362 2.7191
v -32.9008 16.8268 -0.9113
v -29.2639 17.1562 2.7191
v -28.7773 21.4810 2.7191
v -30.1941 16.0739 2.7191
v -28.3710 19.4854 2.7191
v -33.8492 21.3973 -0.9113
v -34.7642 17.5594 -0.9113
v -31.2645 15.3673 -0.9261
v -32.8150 18.3444 -0.9113
v 2.1228 -53.7650 -0.0801
v 20.1877 -40.9623 -0.0801
v 17.9474 -38.6071 -0.0801
v 0.0000 38.3530 0.0322
v 0.0000 31.7787 0.0322
v -35.1887 20.5939 -1.1599
v -48.5435 -5.5423 -1.8734
v -48.1681 -4.9103 -1.8734
v -48.3079 -3.4590 -1.5676
v -31.8744 19.9943 -0.8451
v -31.7598 20.5742 -0.8451
v -31.8093 19.4166 -0.8451
v -31.6102 18.8411 -0.8451
v -31.2335 18.3569 -0.9261
v -31.0048 21.7847 -0.7704
v -34.7032 21.8469 -0.7533
v -31.6208 21.1707 -0.7704
v -34.2719 20.3391 -0.9113
v -33.7695 17.9512 -0.9113
v -30.9081 16.0297 -0.9261
v -28.3051 20.5608 2.7191
v -30.3516 20.9570 -0.7704
v -30.7581 21.4990 -0.7704
v -31.0742 21.8604 -0.7704
v -29.9789 19.7159 2.7191
v -25.5144 69.9970 -0.3201
v -27.0126 69.2552 -0.3201
v -23.5220 70.8246 -0.3201
v -18.2339 71.8906 0.0321
v -17.1019 71.4501 0.0321
v -48.5251 -5.7657 -1.8734
v -53.0515 8.1108 -1.5701
v -48.1083 -4.8752 -1.8734
v -48.2882 -3.4983 -1.5676
v -48.4977 -1.9058 -1.5676
v -53.4548 9.6360 -1.4105
v -48.8820 -0.2005 -1.5676
v -20.9661 69.6785 0.0321
v -55.3649 16.7734 -1.2086
v -54.3788 11.1803 -1.4105
v -49.6147 1.4557 -1.5676
v -55.1293 18.1411 -1.2086
v -55.0098 13.2695 -1.2086
v -18.7063 70.0046 0.0321
v -54.8026 19.4357 -1.2086
v -54.4746 20.4684 -1.2086
v -49.9081 33.3776 -0.8651
v -42.9467 57.6558 -0.7323
v 15.2954 5.8560 0.5640
v 12.1936 5.0516 0.5640
v -46.0797 -0.9646 -1.5676
v 20.6710 4.9506 1.0861
v -53.4053 11.3049 -1.4105
v -49.3607 4.9402 -1.4144
v -54.1451 17.6906 -1.2086
v -47.8074 32.9456 -0.9729
v -2.1469 1.8893 -0.0801
v -3.4158 6.2186 -0.0801
v -28.9504 67.4484 -0.3201
v 0.0000 4.4202 -0.0801
v 0.0000 20.9290 0.0322
v 18.7751 9.2990 1.0861
v 14.6836 5.7686 0.5640
v -34.6179 64.2832 -0.3201
v -23.3215 69.2892 -0.3201
v -25.0285 68.5045 -0.3201
v -44.0430 55.4688 -0.7323
v -47.0354 46.7045 -0.8325
v -36.6799 63.0814 -0.3201
v -38.4109 61.8981 -0.3201
v -45.0896 53.3714 -0.7323
v -45.7770 51.0128 -0.8325
v -47.3875 45.1758 -0.8325
v -48.4071 39.9463 -0.8325
v -47.4215 44.2788 -0.7323
v -52.5283 26.4404 -0.8651
v -44.6328 -1.5273 -1.5676
v -50.2130 32.4536 -0.8651
v -48.6759 38.7750 -0.7323
v -47.9285 42.3131 -0.7323
v -48.8589 37.6367 -0.7323
v -50.6358 31.0226 -0.8651
v -52.8734 25.3828 -0.8651
v -47.1143 -3.9065 -1.8734
v -46.8340 -0.6440 -1.5676
v -51.0318 29.8243 -0.8651
v -51.4763 28.5264 -0.8651
v -53.1711 24.2443 -0.8651
v 15.5139 4.0735 0.5640
v 3.8610 42.6686 0.0321
v 4.1323 40.5361 0.0321
v 38.6483 -5.2011 1.6878
v 34.9673 -7.4645 1.6721
v -3.7734 12.0391 0.0322
v 0.0000 3.9840 -0.0801
v 0.0000 -1.0151 -0.0801
v -6.2045 14.5828 0.0322
v 41.0220 -18.2197 2.1705
v 8.1881 25.6937 0.6877
v 42.0134 -16.0265 2.1363
v 3.3535 41.4258 0.0321
v 1.4978 45.5332 0.0321
v 1.5830 42.4444 0.0321
v 39.4688 -11.5631 2.1363
v 38.2051 -12.4012 2.1363
v 37.6459 -10.4442 2.1363
v 47.9505 -9.5672 2.1363
v 46.8413 -14.4185 2.1340
v 4.9927 45.8328 0.0321
v 39.9141 -13.5967 2.1363
v 46.8430 -10.0105 2.1363
v -4.9952 0.8539 -0.0801
v -46.7889 39.4695 -0.8325
v -6.5826 6.6704 -0.0801
v 38.5137 -13.9459 2.1363
v 39.0656 -9.8053 2.1363
v 39.6299 -6.5654 1.6878
v 27.2049 5.2682 1.6501
v 38.2061 -7.3564 1.6878
v 7.9932 46.4603 0.0321
v 3.9893 45.1783 0.0321
v 5.1733 45.3662 0.0321
v 5.9985 46.3887 0.0321
v 37.1761 -4.0092 1.6878
v 28.8555 7.2139 1.3890
v 26.3448 7.9647 1.3625
v 25.9492 11.5527 1.3625
v 25.1863 10.4647 1.3625
v 24.7694 7.3521 1.3625
v 24.4431 9.9189 1.3625
v 25.1542 8.4434 1.3625
v 30.6582 9.7549 1.3890
v 27.6663 9.7491 1.3625
v 25.4173 10.1846 1.3625
v 44.4655 52.1599 1.2233
v 35.3981 62.1414 1.2233
v 27.9236 78.8376 1.2233
v 52.9922 62.0977 1.2233
v 50.2744 59.4003 1.2233
v 40.9477 75.9699 1.2233
v 23.9658 80.5176 1.2233
v 11.6186 85.2030 1.2233
v 2.1238 82.2230 1.2233
v 32.4043 79.4043 1.2233
v 43.0096 69.6100 1.2233
v 49.9354 41.1233 -0.0801
v 35.9784 74.9176 1.2233
v 67.3315 61.6819 -1.8734
v 50.2545 65.6403 1.2233
v 53.5210 73.8105 1.2233
v 67.2052 61.9342 -1.8734
v 15.7128 82.4680 1.2233
v 15.6836 85.0835 1.2233
v 44.2639 73.2524 1.2233
v 36.7808 77.9788 1.2233
v 45.9496 66.4658 1.2233
v 31.9306 77.0360 1.2233
v 25.7373 70.1342 1.2233
v 8.1129 85.2350 1.2233
v 24.9355 67.9310 1.2233
v 11.7664 82.5623 1.2233
v 61.2993 71.5430 -0.0013
v 4.8569 43.0186 0.0321
v 18.1516 11.5347 1.0861
v 22.3945 10.2197 1.3625
v 9.3461 44.8412 0.7564
v -63.6968 -47.1625 -0.0801
v 7.9492 44.5156 0.0321
v -64.8995 -51.4996 -0.0801
v 1.3092 48.5413 0.0321
v 14.3149 27.4998 0.6965
v 25.7659 27.7192 0.7564
v 23.6107 27.9035 1.0792
v 14.3251 25.2795 0.6877
v -68.5713 -49.2028 -0.0801
v -68.3976 -54.2097 -0.0801
v 1.1125 50.8710 0.0321
v -69.9348 29.0527 0.0321
v -64.3370 -52.1026 -0.0801
v -76.9119 32.0618 0.0321
v -74.2381 34.2435 0.0321
v -71.9129 31.0286 0.0321
v -72.9948 32.3481 0.0321
v -68.0753 27.9256 0.0321
v -70.3290 23.2046 0.0321
v -75.8510 29.7455 0.0321
v -77.8667 33.6665 0.0321
v -78.9565 -45.9609 0.0321
v -75.5118 36.4252 0.0321
v -78.9079 37.6766 0.0321
v 9.3488 7.8494 0.5640
v 55.2426 73.3250 1.2233
v 62.3990 71.0588 -0.0013
v 63.4058 70.2539 -0.0013
v 6.2562 97.3181 -0.0013
v 8.0695 11.6559 0.5640
v 9.4223 95.8099 1.2233
v 8.5547 10.1587 0.5640
v 64.3517 69.3204 -1.5676
v -77.8537 -48.4991 0.0321
v 8.4293 14.4113 0.6877
v 7.9480 23.5635 0.6877
v 9.5480 10.6188 0.5640
v 24.8042 4.5806 1.0861
v 37.0790 -12.5652 2.1363
v -28.6799 21.6915 2.7191
v -30.9905 23.8109 -0.7533
v 22.5055 71.8121 1.2233
v -15.1699 72.0571 0.0321
v 28.1402 65.5406 1.2233
v -19.2675 71.2220 0.0321
v -30.0119 19.1107 2.7191
v 0.0000 25.4443 0.0322
v 0.0000 -1.6460 -0.0801
v 19.5958 73.0818 1.2233
v 19.5200 70.8188 1.2233
v 29.5988 67.5643 1.2233
v 9.3545 14.9854 0.6877
v 8.5598 18.6843 0.6877
v 11.8210 22.4319 0.6877
v 14.4075 4.4264 0.5640
v 19.4846 7.1093 1.0861
v 57.9961 72.5977 -0.0013
v 7.9688 95.6250 1.2233
v 66.6403 62.3535 -1.8734
v 8.8275 98.5739 -0.0013
v 4.7103 96.2109 1.2233
v 9.0237 98.6720 -0.0013
v 0.0000 91.5396 -0.0013
v 0.0000 89.0808 -0.0013
v 65.2136 67.7585 -1.5676
v 0.0000 77.4982 1.2233
v -74.7026 27.5938 0.0321
v 13.2413 95.8276 1.2233
v 55.9070 73.0264 -0.0801
v 5.6123 95.6096 1.2233
v 59.1005 72.2977 -0.0013
v 66.0590 65.3503 -1.5676
v 66.0352 63.7554 -1.5676
v 43.2663 50.9491 1.2233
v 59.9341 72.1655 -0.0013
v 57.1035 72.7822 -0.0801
v 11.1524 95.8317 1.2233
v 0.0000 73.7512 1.2233
v 7.5994 98.1017 -0.0013
v 5.0385 85.4521 1.2233
v 7.6182 75.0939 1.2233
v 8.3578 73.2541 1.2233
v 22.8109 74.2528 1.2233
v -61.2892 -52.3389 -0.0801
v -66.3947 -45.6876 -0.0801
v -61.9500 -55.2020 -0.0801
v -47.8842 -28.7611 -0.0801
v -37.7316 -38.9810 -0.0801
v -40.8275 -36.0552 -0.0801
v 19.5249 14.4629 1.0678
v 21.2854 14.8545 1.0678
v -51.7016 -32.2372 -0.0801
v -64.5102 -49.0012 -0.0801
v -68.9524 -50.7297 -0.0801
v -63.2925 -54.6114 -0.0801
v -76.5609 38.8518 0.0321
v -60.5875 -53.0311 -0.0801
v -30.0161 -39.9508 -0.0801
v 48.0255 43.7086 -0.0801
v 47.5638 39.4983 -0.0801
v 20.0001 84.2515 1.2233
v 48.8883 40.6521 -0.0801
v 43.5965 34.9517 -0.0801
v 40.0531 56.8604 1.2233
v 34.1963 66.1011 1.2233
v 14.7827 74.5896 1.2233
v -79.7281 -46.7131 0.0321
v -72.7040 25.0540 0.0321
v -78.5969 -49.1296 0.0321
v -65.0041 -50.3060 -0.0801
v 41.2603 58.4520 1.2233
v 36.3301 64.1426 1.2233
v 19.6842 75.3135 1.2233
v 11.9517 72.6816 1.2233
v -77.9294 36.3086 0.0321
v 24.9994 25.6475 1.0792
v 19.9535 11.8110 1.0861
v 14.5025 29.8581 0.6965
v 15.7761 13.4322 1.0861
v 24.2389 22.7643 1.0792
v 21.7993 20.5115 1.0678
v -30.2228 18.5092 -0.9261
v -48.3920 -7.0256 -1.8734
v -49.5243 -31.1050 -0.0801
v 21.1694 17.7020 1.0678
v 23.5645 24.8633 1.0678
v -35.5561 -38.8181 -0.0801
v -37.3316 -36.2618 -0.0801
v -33.5815 -37.1332 -0.0801
v -28.0615 -41.1679 -0.0801
v -66.7535 -54.4284 -0.0801
v -37.7877 -28.1094 -0.0801
v -62.7476 -52.1736 -0.0801
v -64.0416 -44.3981 -0.0801
v -62.2113 -45.8103 -0.0801
v -39.8300 -26.6602 -0.0801
v -39.3115 -36.9040 -0.0801
v -42.4377 -30.9052 -0.0801
v -40.4382 -33.4517 -0.0801
v -35.1205 -35.0127 -0.0801
v 4.0015 46.2169 0.0321
v 20.4860 9.7552 1.0861
v 4.6101 46.8026 0.0321
v 25.9131 13.4927 1.2331
v 3.0011 46.2169 0.0321
v 6.5103 47.0746 0.0321
v 22.7812 11.1237 1.3625
v 12.4678 17.5099 0.6877
v 30.2170 11.1234 1.3890
v 5.5337 42.0956 0.0321
v 4.8779 44.4981 0.0321
v 1.8029 46.5738 0.0321
v 13.5848 12.6852 0.6877
v 12.8057 15.1670 0.6877
v 12.9918 17.3834 0.6877
v 2.6960 45.4333 0.0321
v 26.2939 8.1511 1.3625
v 24.1260 12.0630 1.3625
v 10.3110 16.1508 0.6877
v 12.1575 19.3414 0.6877
v 10.7812 12.0391 0.5640
v 12.4675 15.5616 0.6877
v 14.4941 8.3960 0.5640
v 10.6046 14.4113 0.6877
v 11.6202 19.5515 0.6877
v 17.7834 13.9920 1.0861
v 14.5107 23.0684 0.6877
v 11.9365 6.6704 0.5640
v 45.1807 38.5938 1.0372
v 26.8073 59.2206 0.6317
v 16.1733 11.1694 1.0861
v 9.9992 17.7050 0.6877
v 10.4022 13.8395 0.6877
v 0.0000 60.7393 0.0321
v -2.3030 58.6500 0.0321
v 23.8775 7.1720 1.3625
v 22.6820 8.6492 1.3625
v 14.8481 20.4738 0.6877
v 14.8726 32.1285 0.6965
v 17.6191 30.7861 0.7564
v 21.7442 26.1304 1.0678
v 17.2233 28.5172 0.6965
v 18.1977 33.0607 0.7564
v 17.2899 23.8898 1.0678
v 15.8354 36.6919 0.7564
v 17.1227 26.2923 1.0678
v -5.0426 45.8328 0.0321
v -7.9932 46.4603 0.0321
v -7.6569 33.7097 -0.6322
v -4.0015 46.2169 0.0321
v -5.1236 45.3662 0.0321
v 18.5782 35.1454 0.7564
v 18.6238 37.3442 0.7564
v 15.4498 15.8134 0.6877
v 18.9359 39.5225 0.7564
v -2.9673 48.0801 0.0321
v -4.2697 47.7203 0.0321
v -4.8569 43.0186 0.0321
v -6.5324 45.5773 0.0321
v -3.0103 47.0603 0.0321
v -8.8549 43.0380 0.0321
v -9.2964 44.8412 -0.6921
v -6.1985 40.8313 0.0321
v -6.1951 43.6133 0.0321
v -8.3123 45.6927 -0.6921
v -9.2977 46.3887 0.0321
v -1.3092 48.5413 0.0321
v -1.9135 48.6420 0.0321
v -1.1125 50.8710 0.0321
v -1.6240 52.8823 0.0321
v -1.8215 51.0029 0.0321
v -2.3121 47.9504 0.0321
v -10.1537 43.5864 -0.6921
v 27.1373 11.9724 1.2331
v 13.2250 12.5952 0.6877
v 28.3690 10.2761 1.3890
v 23.4081 52.1407 0.8050
v 23.2276 9.0967 1.3625
v 15.2180 18.1516 0.6877
v -7.9948 23.5635 -0.6234
v -36.0901 -30.2234 -0.0801
v -30.4390 3.4909 -1.3247
v -24.8042 4.5806 -1.0218
v 10.0192 18.1080 0.6877
v 29.4220 37.0148 0.7888
v 16.8036 8.8440 1.0861
v 26.3340 34.4805 0.7564
v 27.4043 36.7294 0.7564
v 20.1981 24.7589 1.0678
v 20.0656 22.6547 1.0678
v 23.8596 29.0057 0.7564
v 23.1636 23.0713 1.0678
v 22.9904 26.0620 1.0792
v 26.3342 29.6027 0.8176
v 20.1169 20.1169 1.0678
v 18.7998 55.6842 0.5171
v 22.3096 24.9124 1.0678
v 22.0365 23.1476 1.0678
v -69.0113 -52.7042 -0.0801
v 14.8200 76.3279 1.2233
v 4.6759 73.8196 1.2233
v -39.8501 -29.2319 -0.0801
v -42.5238 -27.3531 -0.0801
v 21.7731 67.0796 1.2233
v 12.7375 68.1266 1.2233
v 39.4380 83.6700 -0.0013
v -38.9493 -32.9595 -0.0801
v -41.5883 -30.1369 -0.0801
v -36.7776 -31.3770 -0.0801
v 39.5178 84.6552 -0.0013
v -47.7969 -31.0629 -0.0801
v -47.1511 -32.7144 -0.0801
v -44.7172 -29.9660 -0.0801
v -44.5605 -31.8054 -0.0801
v -45.2216 -28.0110 -0.0801
v -41.1948 -33.5161 -0.0801
v -49.3238 -33.8298 -0.0801
v 30.8091 64.6890 0.5474
v -24.7207 -65.8338 -0.0801
v -50.4787 -33.2038 -0.0801
v -30.3245 23.8589 -0.7533
v -26.6640 20.8398 -1.0149
v -33.5132 23.0347 -0.7533
v -35.5573 22.3863 -0.7533
v -38.3561 16.7340 -1.1599
v -36.1028 17.0571 -1.1599
v -38.3643 19.3597 -1.2091
v -33.3906 14.0914 -0.9113
v -29.0009 16.3297 2.7191
v -30.3349 14.6810 -0.9261
v -30.3743 15.6084 -0.9261
v -28.0023 22.2197 -1.0149
v -34.2210 19.1852 -0.9113
v -31.5813 24.3562 -0.7533
v -30.9699 25.7092 -0.7533
v -29.6273 22.9930 -0.7704
v -36.6515 1.3389 -1.5127
v -30.1196 17.2876 2.7191
v -29.3934 17.6271 2.7191
v -31.5022 17.8868 -0.9261
v -30.0099 16.9196 2.7191
v -32.4587 18.5479 -0.9113
v -32.2353 18.7518 -0.9113
v -47.5751 25.1122 -0.9729
v -33.1974 21.1420 -0.9113
v -31.6584 17.6967 -0.9261
v -29.4381 17.8060 2.7191
v -30.8490 27.7595 -0.7533
v -33.4883 20.2633 -0.9113
v -32.9048 20.9763 -0.9113
v -48.3654 22.6250 -1.2262
v -29.6045 25.8867 -0.7533
v -34.7437 31.6357 -0.7533
v -28.8336 28.6481 -0.7533
v -39.2424 0.2481 -1.5127
v -35.1339 27.6674 -0.7533
v -39.8740 19.5374 -1.2091
v -38.7418 13.9453 -1.1599
v -38.3110 2.4338 -1.5127
v -39.7467 22.5201 -1.2091
v -28.1470 26.6704 -0.7533
v -46.2834 21.5354 -1.4144
v -45.5713 24.5728 -0.8772
v -33.3851 29.2350 -0.7533
v -36.4701 29.3416 -1.2091
v -33.1073 20.1874 -0.9113
v -42.3781 16.7224 -1.2091
v -37.3722 23.9218 -1.2091
v -37.8897 -1.0307 -1.6235
v -38.6691 24.8749 -1.2091
v -42.3292 13.7614 -1.2091
v -31.7117 25.0595 -0.7533
v -37.7527 21.2666 -1.2091
v -39.7377 16.7224 -1.2091
v -17.6133 19.0811 -1.0035
v -11.3557 26.4810 -0.6234
v -42.1520 20.0089 -1.2091
v -13.9841 11.0801 -0.4997
v -11.2699 22.0741 -0.6234
v -11.1758 10.0627 -0.4997
v -17.4073 21.5167 -1.0035
v -13.7366 8.8623 -0.4997
v -15.2180 18.1516 -0.6234
v -15.8354 36.6919 -0.6921
v -15.4044 15.8134 -0.6234
v 33.2227 64.3359 1.2233
v 10.5080 75.8147 1.2233
v -17.6191 30.7861 -0.6921
v -18.1501 33.0607 -0.6921
v 13.8779 70.9316 1.2233
v 3.6675 70.9707 1.2233
v -17.7576 16.5737 -1.0035
v -18.6238 37.3442 -0.6921
v -18.5304 35.1454 -0.6921
v -16.2180 11.1694 -1.0218
v 8.1156 68.1515 1.2233
v 5.5371 72.0813 1.2233
v 34.4971 60.3699 1.2233
v 31.7065 62.5347 1.2233
v 48.2855 33.8934 -0.0801
v 30.7227 59.3506 1.2233
v 43.6937 83.0270 -0.0013
v 33.2017 56.9049 1.2233
v 8.5991 69.1838 1.2233
v 2.2966 72.3938 1.2233
v 14.1760 72.6160 1.2233
v 10.7489 74.1674 1.2233
v 19.0808 68.8037 1.2233
v 10.9033 71.6504 1.2233
v 12.4559 67.0110 1.2233
v 41.0801 84.3223 -0.0013
v 37.6398 82.0819 -0.0013
v 40.9622 83.4549 -0.0013
v 43.4859 81.9918 -0.0013
v 37.8828 83.9614 -0.0013
v 40.3153 84.5175 -0.0013
v 42.7099 83.7186 -0.0013
v 41.9897 83.0823 -0.0013
v 40.2881 83.7378 -0.0013
v 38.2072 85.1682 -0.0013
v 33.0818 83.3513 1.2233
v 26.6353 85.4036 -0.0013
v -73.0596 44.6708 -1.8734
v -25.5382 -62.3874 -0.0801
v -21.0826 -68.3554 -0.0801
v -70.1928 45.6820 -1.5676
v -41.0370 -38.2069 -0.0801
v -22.8400 -65.1329 -0.0801
v -22.1115 -69.5797 -0.0801
v -26.4633 -63.6034 -0.0801
v -71.2916 43.2021 -1.8734
v -21.4778 -67.2328 -0.0801
v -19.7747 -69.7182 -0.0801
v 22.6165 61.8596 0.6317
v -69.8838 41.3619 -1.5676
v -21.7191 -71.5184 -0.0801
v 20.3926 61.6953 0.7099
v 28.1647 62.1671 0.5474
v -23.7107 -67.2256 -0.0801
v -71.3414 46.8097 -1.5676
v -41.6807 -37.2807 -0.0801
v -42.3270 -32.1504 -0.0801
v 35.8008 84.2695 -0.0013
v -53.7724 22.0047 -1.2086
v -53.5464 22.8674 -0.8651
v -46.3646 -4.2616 -1.8734
v -48.1987 1.3800 -1.5676
v -47.3923 -2.2701 -1.5676
v -48.2764 -7.9982 -1.8734
v -46.3369 -2.6285 -1.5676
v -48.0833 -6.6295 -1.8734
v -44.3485 0.3252 -1.5676
v -44.9250 2.2165 -1.5676
v -44.0258 2.1376 -1.5676
v -49.0561 3.3508 -1.5676
v -46.5309 0.6479 -1.5676
v -48.3927 3.1921 -1.5676
v -52.8123 11.2375 -1.4105
v -50.9862 6.9470 -1.2262
v -50.3902 7.0505 -1.2262
v -46.2927 2.6230 -1.5676
v -47.6302 3.0306 -1.5676
v -49.2391 7.0609 -1.4144
v -48.3673 4.7791 -1.5676
v -54.2510 14.9424 -1.2086
v -52.0325 10.9100 -1.5701
v -52.3157 8.5498 -1.5701
v -52.8234 9.9070 -1.4105
v -54.0898 13.3274 -1.4105
v -53.1122 12.8398 -1.4105
v -52.4364 12.5020 -1.4105
v -53.2005 17.0035 -1.2086
v -53.4404 14.5283 -1.2086
v -52.6073 14.1987 -1.4105
v -54.1880 16.5153 -1.2086
v -52.8179 21.4409 -0.9729
v -53.7189 18.7411 -1.2086
v -52.9314 17.9385 -1.2086
v -52.1460 17.3964 -0.9729
v -51.9085 19.1675 -0.9729
v -53.6002 19.8055 -1.2086
v -52.7509 19.0405 -0.9729
v -52.0931 18.4087 -0.9729
v -51.4166 20.0183 -0.9729
v -52.1642 20.8308 -0.9729
v -51.8615 24.0275 -0.9729
v -51.0559 23.2192 -0.9729
v -51.1462 20.5981 -0.9729
v -51.7346 21.5160 -0.9729
v -50.8381 21.2536 -0.9729
v -50.2824 22.3965 -0.9729
v -49.8117 27.0527 -0.9729
v -49.0991 26.0381 -0.9729
v -50.6503 24.6407 -0.9729
v -51.1485 26.5165 -0.9729
v -49.8430 23.6528 -0.9729
v -49.3733 25.0630 -0.9729
v -47.2538 32.1072 -0.9729
v -49.4583 28.1470 -0.9729
v -50.3965 29.2192 -0.8651
v -48.6991 27.4839 -0.9729
v -48.3390 28.5823 -0.9729
v -48.4653 31.0322 -0.9729
v -46.4708 30.4830 -0.9729
v -46.6339 28.6285 -0.9729
v -47.1868 27.2197 -0.9729
v -48.7650 32.7665 -0.9729
v -48.1541 32.2234 -0.9729
v -48.1276 34.4224 -0.9729
v -47.5447 34.0809 -0.9729
v -46.6177 40.6220 -0.8325
v -47.8640 35.8408 -0.9729
v -47.2097 35.2243 -0.9729
v -46.8841 33.5342 -0.9729
v -47.5365 37.0187 -0.9729
v -46.2812 36.2161 -0.9729
v -46.0317 39.1246 -0.9729
v -46.9394 36.6513 -0.9729
v -47.3110 38.3652 -0.9729
v -46.2414 41.6219 -0.8325
v -45.7016 40.2100 -0.8325
v -45.4609 41.4895 -0.8325
v -7.0969 3.6350 -0.0801
v -45.0995 43.3594 -0.8325
v -45.7924 43.4910 -0.8325
v -7.3424 1.9752 -0.0801
v -2.2466 -0.7630 -0.0801
v -3.7038 0.0000 -0.0801
v -3.2401 0.5116 -0.0801
v -1.8253 -0.3396 -0.0801
v -4.2328 1.2827 -0.0801
v -4.1682 9.0458 -0.0801
v -2.2194 4.7870 -0.0801
v -6.1463 17.8885 0.0322
v -3.7247 9.0458 -0.0801
v 0.0000 7.3982 -0.0801
v 0.0000 10.8120 -0.0801
v -4.0850 17.9922 0.0322
v -4.6194 14.4016 0.0322
v 0.0000 13.9581 -0.0801
v -1.5263 12.0309 -0.0801
v -2.1300 14.2300 0.0322
v -6.1872 19.8544 0.0322
v -5.5094 25.8046 0.0322
v -6.5881 26.0702 0.0322
v -3.9427 14.3207 0.0322
v 0.0000 11.3636 -0.0801
v -6.1978 22.9274 -0.6234
v -5.8154 35.7649 0.0322
v -6.7213 28.1157 0.0322
v -4.4521 27.7549 0.0322
v -4.7736 33.9453 0.0322
v -4.6805 30.4709 0.0322
v -5.2032 27.7191 0.0322
v -5.5402 30.8530 0.0322
v -2.2535 18.1201 0.0322
v -2.8124 29.6498 0.0322
v 0.0000 17.9361 0.0322
v -1.8616 21.5942 0.0322
v 0.0000 17.3496 0.0322
v 0.0000 24.5325 0.0322
v -4.3322 25.8046 0.0322
v -4.9830 22.4467 0.0322
v -4.0529 33.8703 0.0322
v -2.3582 32.7258 0.0322
v -6.3845 37.8196 0.0321
v -6.0485 46.3887 0.0321
v -47.4884 31.2067 -0.9729
v -49.0105 29.6082 -0.9729
v -49.9525 30.4156 -0.8651
v -50.2395 25.7184 -0.9729
v -51.3348 25.3472 -0.9729
v -49.9237 17.9169 -1.2262
v -52.5365 22.1437 -0.9729
v -52.8962 20.5405 -0.9729
v -52.3586 16.1104 -1.4105
v -52.5351 15.1991 -1.4105
v -53.2301 15.9049 -1.2086
v -52.3450 10.1178 -1.5701
v -51.5882 10.0415 -1.5701
v -51.6541 8.8312 -1.5701
v -50.0274 5.0973 -1.4144
v -45.5402 0.4059 -1.5676
v -46.4230 -5.7858 -1.8734
v -47.0143 -6.8159 -1.8734
v -45.3563 -1.2459 -1.5676
v -54.0334 21.4225 -1.2086
v -52.0080 27.6313 -0.8651
v -49.4376 35.0363 -0.8651
v -49.2482 36.1824 -0.8651
v -48.1811 41.2185 -0.7323
v -46.6606 48.2761 -0.8325
v -45.9854 49.8613 -0.8325
v -40.0430 60.9609 -0.7323
v -26.6799 68.1189 -0.3201
v -15.9166 70.9394 0.0321
v -55.3907 15.1315 -1.2086
v -50.2947 3.3408 -1.5676
v -48.1357 -5.7018 -1.8734
v -48.4671 -5.7657 -1.8734
v -20.9568 71.0347 -0.3201
v -29.9046 20.3875 2.7191
v -30.9005 18.1663 -0.9261
v -30.9683 18.1538 -0.9261
v -31.3931 21.5602 -0.7704
v -31.2338 21.7553 -0.7704
v 0.0000 48.6001 0.0321
v 1.7119 -52.2970 -0.0801
v 4.7021 -46.9260 -0.0801
v 1.0657 -51.8917 -0.0801
v 4.7885 -53.5187 -0.0801
v -48.4753 33.6943 -0.9729
v -46.3405 34.6754 -0.9729
v -45.8817 32.5318 -0.9729
v -46.3733 37.9292 -0.9729
v -45.5427 37.0986 -0.9729
v -6.1824 11.5583 -0.4997
v -6.1318 9.5977 -0.4997
v -5.2177 3.0185 -0.0801
v -4.5950 6.0392 -0.0801
v -3.8538 6.2186 -0.0801
v -1.8105 8.0369 -0.0801
v -3.1488 12.6852 0.0322
v -5.4879 24.7661 0.0322
v -4.6082 19.3542 0.0322
v -1.8420 18.7888 0.0322
v -4.0197 19.9600 0.0322
v -1.7358 33.5596 0.0322
v -1.7479 35.8325 0.0322
v -3.4486 26.7385 0.0322
v -4.2872 22.2750 0.0322
v 0.5307 -51.4763 -0.0801
v 0.1035 -52.2600 -0.0801
v 0.0531 -51.5675 -0.0801
v 15.9375 -51.9766 -0.0801
v 0.0000 28.6413 0.0322
v 0.0000 50.2036 0.0321
v 0.0000 51.0733 0.0321
v 52.3590 19.9173 1.0372
v 51.8651 19.1675 1.0372
v 52.9180 20.5405 1.0372
v 52.7942 19.0405 1.0372
v 53.6218 19.8055 1.2729
v 5.2608 3.0185 -0.0801
v 52.3586 16.1104 1.4748
v 49.9750 30.4156 0.9294
v 48.9880 29.6082 1.0372
v 49.8340 27.0527 1.0372
v 49.0547 26.0381 1.0372
v 50.6945 24.6407 1.0372
v 49.8651 23.6528 1.0372
v 51.0999 23.2192 1.0372
v 52.1860 23.2425 1.0372
v 51.1462 20.5981 1.0372
v 52.1206 20.8308 1.0372
v 51.4384 20.0183 1.0372
v 52.1147 18.4087 1.0372
v -3.7744 26.1378 0.0322
v 0.0000 34.8926 0.0322
v 0.0000 32.9392 0.0322
v 9.2764 -53.7856 -0.0801
v -30.9858 -12.2848 -1.5494
v -31.9552 -18.1530 -1.5494
v -32.2069 -21.2390 -0.0801
v -28.9660 -10.2116 -1.6078
v -35.5095 -29.9045 -0.0801
v -27.4370 -3.8842 -1.3531
v -33.2363 -31.0449 -0.0801
v -24.9293 1.2762 -1.0218
v -18.7994 -18.0763 -0.0801
v -0.5488 -44.9232 -0.0801
v -37.9187 -47.5395 -0.0801
v -21.8247 -15.4398 -0.0801
v 7.6016 -51.9118 -0.0801
v -35.3407 -48.7505 -0.0801
v 33.8130 -43.6312 -0.0801
v -33.8969 -49.6779 -0.0801
v 3.4928 -52.0575 -0.0801
v 38.8369 -43.0783 -0.0801
v 45.1991 -44.3534 -0.0801
v 33.1462 -48.3606 -0.0801
v 43.7103 -45.7399 -0.0801
v 31.5347 -49.2353 -0.0801
v 39.2325 -47.3287 -0.0801
v 39.1553 -46.6532 -0.0801
v 23.8312 -51.9314 -0.0801
v 25.4053 -52.0736 -0.0801
v -35.0824 -25.6828 -0.0801
v 33.8473 -52.7311 -0.0801
v 12.6186 -51.9361 -0.0801
v 35.0227 -46.0394 -0.0801
v 16.0884 -50.3480 -0.0801
v 15.2253 -48.8050 -0.0801
v 0.0000 -26.0725 -0.0801
v 49.8497 7.2808 -0.0801
v -22.3943 -38.3766 -0.0801
v -29.2440 -1.2515 -1.5858
v -30.9905 3.2308 -1.3247
v -31.2714 1.1801 -1.5858
v 25.8118 -46.1527 -0.0801
v 37.8899 -46.0727 -0.0801
v 23.9246 -54.7554 -0.0801
v 31.6880 -47.4545 -0.0801
v 5.0450 -35.0767 -0.0801
v 5.3248 -33.4008 -0.0801
v 0.0000 -33.7666 -0.0801
v -20.0829 -38.0994 -0.0801
v -28.0531 -36.3272 -0.0801
v -26.7127 -38.8090 -0.0801
v -26.1772 -37.6032 -0.0801
v -8.6398 -40.7237 -0.0801
v -9.8535 -40.3840 -0.0801
v -28.2404 -37.7722 -0.0801
v -33.1919 -5.6333 -1.6078
v -34.4888 -8.1244 -1.6078
v -31.3238 -7.0952 -1.6078
v -32.4025 -9.8237 -1.6078
v -36.3950 -13.1330 -2.0720
v -35.8483 -10.6724 -1.9643
v -37.5785 -20.1248 -0.0801
v -35.5522 -17.9443 -2.1063
v -35.8024 -23.3198 -0.0801
v -35.6750 -23.6169 -0.0801
v -34.0845 -28.1820 -0.0801
v -36.1675 -27.9864 -0.0801
v -35.7441 -30.1699 -0.0801
v -25.8987 -1.7154 -1.3531
v -30.3279 -12.9586 -1.5494
v -31.8704 -21.5884 -0.0801
v -29.8712 -30.5365 -0.0801
v -13.9414 -1.8477 -0.0801
v -30.2611 -29.6889 -0.0801
v -15.1206 -0.9292 -0.0801
v -17.7429 -3.2146 -1.1304
v -17.2114 0.6816 -1.1304
v -13.2920 0.4260 -0.0801
v -23.1377 -1.5117 -1.3531
v -15.6244 -1.6425 -0.0801
v -30.4333 -32.2293 -0.0801
v -32.5972 -17.5581 -1.5494
v -29.8860 -9.5906 -1.6078
v -18.9954 -3.4158 -1.1304
v -20.5388 -6.7374 -1.1304
v -19.4508 -6.9059 -0.0801
v -17.4683 -5.5206 -1.1304
v -16.9907 -10.9140 -0.0801
v -17.7114 -14.0281 -0.0801
v -21.5975 -9.7770 -0.0801
v -18.5180 -9.1178 -0.0801
v -36.1739 -28.1918 -0.0801
v -37.2187 -25.5682 -0.0801
v -34.9208 -26.0686 -0.0801
v -37.5512 -22.8386 -0.0801
v -37.6620 -20.5296 -0.0801
v -37.5505 -16.9764 -2.0720
v -35.4519 -17.5760 -2.1063
v -33.5918 -12.4803 -1.9643
v -37.9012 -15.8929 -2.0720
v -34.0613 -7.6758 -1.6078
v -32.0310 -9.3556 -1.6078
v -33.4827 -4.3282 -1.5858
v -30.7846 -4.2278 -1.6078
v -6.9911 -42.4399 -0.0801
v -8.2983 -39.6529 -0.0801
v -7.1221 -38.6719 -0.0801
v -5.8944 -42.8835 -0.0801
v -31.4712 -35.9035 -0.0801
v -32.3554 -33.3486 -0.0801
v -33.0297 -33.1701 -0.0801
v -33.4608 -33.0721 -0.0801
v -29.4557 -32.5051 -0.0801
v -29.3494 -37.0340 -0.0801
v -29.4072 -35.1548 -0.0801
v -28.9811 -33.8542 -0.0801
v -34.0146 -31.7017 -0.0801
v -34.4948 -31.8832 -0.0801
v -32.3399 -32.7215 -0.0801
v -33.0538 -32.3662 -0.0801
v -26.4126 -34.4980 -0.0801
v -31.4290 -33.9822 -0.0801
v -29.4528 -34.2778 -0.0801
v -5.7954 -41.9864 -0.0801
v -10.9069 -39.6001 -0.0801
v -11.0870 -37.3466 -0.0801
v -6.9211 -41.4195 -0.0801
v -6.5317 -40.5250 -0.0801
v -31.5103 -7.4355 -1.6078
v -35.5958 -10.2823 -1.9643
v -34.0835 -5.2686 -1.6078
v -6.8541 -40.2244 -0.0801
v -5.2735 -41.2364 -0.0801
v 7.9639 -29.2601 -0.0801
v 12.1304 -27.2933 -0.0801
v 10.0063 -26.4661 -0.0801
v 8.2452 -27.2310 -0.0801
v -34.4911 -14.6454 -1.5494
v -35.7624 -20.7488 -0.0801
v -37.7051 -23.0301 -0.0801
v -33.7889 -28.5828 -0.0801
v -32.9844 -31.1336 -0.0801
v -27.1299 -4.5285 -1.3531
v -31.8504 -14.5965 -1.5494
v -32.2195 -23.6707 -0.0801
v -16.2548 0.9386 -1.1304
v -21.7779 2.0537 -1.0218
v -14.5584 -4.0764 -0.0801
v -16.2476 -8.3675 -0.0801
v -18.8614 -9.9524 -0.0801
v -9.1559 -39.2509 -0.0801
v -7.4751 -40.9438 -0.0801
v -9.2490 -37.7695 -0.0801
v -5.0356 -39.8519 -0.0801
v -29.3047 -34.7820 -0.0801
v -4.1458 -40.5652 -0.0801
v -33.5150 -12.1589 -1.9643
v -36.7019 -13.4753 -2.0720
v -34.6375 -15.1825 -1.5494
v -35.7821 -21.0976 -0.0801
v -37.0016 -25.1807 -0.0801
v -32.3181 -32.5443 -0.0801
v -28.0643 -7.1679 -1.6078
v -28.7527 -6.9250 -1.6078
v -31.7791 -23.8970 -0.0801
v -31.3540 -15.3320 -1.5494
v -14.1727 -2.5159 -0.0801
v -24.1139 2.1378 -1.0218
v -16.8176 -4.9585 -1.1304
v -20.4241 -12.5778 -0.0801
v -16.7345 -10.3136 -0.0801
v 9.2402 -9.3213 -0.0801
v 0.0000 -38.7717 -0.0801
v 0.0000 -3.8018 -0.0801
v -17.3676 -38.1958 -0.0801
v -30.4604 -3.9874 -1.6078
v -28.0854 1.4381 -1.5858
v -17.8441 -39.0079 -0.0801
v -32.3138 -1.4537 -1.5858
v -31.8763 1.0934 -1.5858
v -22.9755 -37.2798 -0.0801
v -19.9671 -39.0149 -0.0801
v -29.4511 -1.6246 -1.5858
v -28.2225 -35.6859 -0.0801
v -28.5337 -34.4861 -0.0801
v -29.8944 -33.6908 -0.0801
v -31.7010 -33.0392 -0.0801
v 8.4769 -13.6265 -0.0801
v 6.3284 -33.3615 -0.0801
v 10.4637 -14.4761 -0.0801
v 0.0000 -25.6001 -0.0801
v 8.4668 -4.7729 -0.0801
v -2.8913 -44.9908 -0.0801
v -37.0470 -48.2910 -0.0801
v 61.2943 -53.3215 -0.0801
v 6.3306 -47.5021 -0.0801
v -30.7997 -29.8572 -0.0801
v -31.4267 -28.0339 -0.0801
v -32.0261 -27.8339 -0.0801
v -31.6985 -25.9829 -0.0801
v -32.2454 -25.6769 -0.0801
v -30.4979 -30.4979 -0.0801
v -30.6064 -34.5571 -0.0801
v -34.3728 -33.5431 -0.0801
v 3.7939 -35.6868 -0.0801
v 6.3393 -29.2747 -0.0801
v 0.0000 -36.3083 -0.0801
v 0.0000 -38.0822 -0.0801
v 4.7148 -37.2705 -0.0801
v 0.0000 -36.3643 -0.0801
v 8.9731 -35.8092 -0.0801
v -31.8658 -33.5671 -0.0801
v 4.5571 -37.1440 -0.0801
v 7.8271 -31.4134 -0.0801
v -35.4571 -31.0453 -0.0801
v -32.2655 -33.2650 -0.0801
v 7.0411 -32.9277 -0.0801
v 9.0637 -33.3366 -0.0801
v 9.8604 -34.8133 -0.0801
v 8.2952 -34.2006 -0.0801
v 7.5066 -35.4027 -0.0801
v 10.2798 -31.8812 -0.0801
v 11.4302 -29.9160 -0.0801
v -32.0065 -32.6492 -0.0801
v -29.9321 -33.2294 -0.0801
v -21.5341 -12.5977 -0.0801
v -26.5005 -1.1321 -1.3531
v -15.2919 -5.9605 -0.0801
v -15.6270 -6.6445 -0.0801
v -35.0085 -48.0242 -0.0801
v 8.7708 -7.2953 -0.0801
v -32.8642 -1.5748 -1.5858
v -32.3914 -35.2805 -0.0801
v -29.7282 -35.0011 -0.0801
v 5.7431 -35.4045 -0.0801
v 3.9792 -35.7958 -0.0801
v 2.7252 -37.9362 -0.0801
v 9.5118 -29.2454 -0.0801
v 6.3007 -31.6433 -0.0801
v 9.4604 -19.3405 -0.0801
v 8.7739 -25.0315 -0.0801
v 10.2655 -24.1867 -0.0801
v 13.0588 -24.7604 -0.0801
v 6.6211 -5.6279 -0.0801
v 10.2070 -36.5261 -0.0801
v 0.0000 -39.6670 -0.0801
v 7.8445 -9.8259 -0.0801
v -33.6547 -34.4096 -0.0801
v 10.1719 -12.7943 -0.0801
v 7.2038 -13.6951 -0.0801
v 11.1544 -16.1076 -0.0801
v 7.6080 -1.3948 -0.0801
v 12.3203 -23.0449 -0.0801
v 12.0671 -21.6609 -0.0801
v 11.3139 -17.9329 -0.0801
v 9.5815 -18.1199 -0.0801
v 8.0067 -22.3365 -0.0801
v 8.9307 -20.6995 -0.0801
v 10.9600 -19.7508 -0.0801
v 12.1094 -15.3125 -0.0801
v 7.8105 -17.5543 -0.0801
v 7.4170 -20.7373 -0.0801
v 9.2168 -19.8809 -0.0801
v 9.7198 -16.4460 -0.0801
v 5.9746 -14.8186 -0.0801
v 7.7525 -15.7791 -0.0801
v 8.3281 -11.6514 -0.0801
v 10.4340 -10.9958 -0.0801
v 2.7334 -48.4324 -0.0801
v 0.7379 -45.5308 -0.0801
v 0.2745 -50.2517 -0.0801
v 5.4352 -55.3622 -0.0801
v 5.2214 -54.5104 -0.0801
v 1.6036 -50.4144 -0.0801
v 0.8999 -48.1588 -0.0801
v 2.5131 -51.0548 -0.0801
v 6.1160 -50.4200 -0.0801
v 8.9428 -56.2413 -0.0801
v 23.3689 -42.6864 -0.0801
v 17.9031 -42.2894 -0.0801
v 18.3593 -43.2432 -0.0801
v 17.2663 -41.2359 -0.0801
v 16.3732 -40.6249 -0.0801
v 22.7232 -43.1211 -0.0801
v 15.8533 -40.4699 -0.0801
v 21.1621 -44.8793 -0.0801
v 7.1155 -7.7289 -0.0801
v 23.2435 -46.6218 -0.0801
v 19.2321 -44.5310 -0.0801
v 20.2532 -45.0998 -0.0801
v 19.7792 -54.2496 -0.0801
v 21.1036 -49.1261 -0.0801
v 21.5520 -52.9195 -0.0801
v 23.6477 -50.1146 -0.0801
v 22.8073 -51.2320 -0.0801
v 22.4929 -47.4055 -0.0801
v 13.5625 -44.7139 -0.0801
v 15.5095 -45.6618 -0.0801
v 14.7742 -42.7823 -0.0801
v 16.4210 -44.0149 -0.0801
v 16.8983 -45.7230 -0.0801
v 15.3802 -43.1781 -0.0801
v 17.4443 -47.4614 -0.0801
v 15.9056 -47.8716 -0.0801
v 16.2823 -50.0179 -0.0801
v 18.4915 -49.2768 -0.0801
v 18.7339 -53.5334 -0.0801
v 16.6469 -51.8070 -0.0801
v 13.5959 -54.1656 -0.0801
v 11.4768 -54.8805 -0.0801
v 11.7467 -53.7659 -0.0801
v 8.8766 -48.5843 -0.0801
v 12.7571 -55.0583 -0.0801
v 12.0905 -56.6172 -0.0801
v 43.9219 -51.1421 -0.0801
v 11.8518 -50.1597 -0.0801
v 48.7569 -53.1367 -0.0801
v 33.0842 -43.8060 -0.0801
v 34.9752 -44.2207 -0.0801
v 59.5983 -56.4293 -0.0801
v 53.7152 -54.4655 -0.0801
v 34.4626 -52.7727 -0.0801
v 29.8767 -56.4782 -0.0801
v 26.9795 -52.8661 -0.0801
v 34.3638 -49.9439 -0.0801
v 33.0505 -49.9165 -0.0801
v 32.8920 -49.3015 -0.0801
v 33.8969 -49.6779 -0.0801
v 31.4812 -50.2850 -0.0801
v 37.9280 -47.5883 -0.0801
v 35.0936 -48.3899 -0.0801
v 34.9979 -48.0494 -0.0801
v 37.0130 -48.2658 -0.0801
v 36.7339 -47.5730 -0.0801
v 29.6262 -51.9783 -0.0801
v 31.3947 -54.4305 -0.0801
v 28.4895 -52.7793 -0.0801
v 25.7739 -47.8903 -0.0801
v 27.3669 -52.0336 -0.0801
v 26.7831 -48.1552 -0.0801
v 26.0957 -50.2085 -0.0801
v 27.1198 -54.6943 -0.0801
v 50.7214 -45.2003 -0.0801
v 29.1745 -57.0763 -0.0801
v 35.1709 -45.4683 -0.0801
v 37.6086 -44.7304 -0.0801
v 39.3094 -48.0145 -0.0801
v 35.0479 -44.4813 -0.0801
v 38.0273 -45.4059 -0.0801
v 43.2133 -48.7068 -0.0801
v 40.3947 -44.8616 -0.0801
v 29.7036 -47.8343 -0.0801
v 27.3913 -50.2123 -0.0801
v 42.6158 -47.6208 -0.0801
v 47.3864 -46.7091 -0.0801
v 44.9234 -47.0532 -0.0801
v 47.3055 -49.7305 -0.0801
v 42.9609 -44.7510 -0.0801
v 49.2700 -48.4489 -0.0801
v 51.7442 -50.8138 -0.0801
v 29.4880 -49.7271 -0.0801
v 27.7874 -48.1929 -0.0801
v 34.8961 -47.4248 -0.0801
v 25.4608 -44.5873 -0.0801
v 36.9102 -44.4559 -0.0801
v 38.3051 -44.3291 -0.0801
v 53.2647 -52.9524 -0.0801
v 46.1111 -48.2959 -0.0801
v 23.7971 -53.6153 -0.0801
v 25.2054 -55.0791 -0.0801
v 33.4252 -46.2351 -0.0801
v 35.1450 -45.4032 -0.0801
v 63.9470 -56.5077 -0.0801
v 47.6770 -42.5421 -0.0801
v 46.3887 -43.6036 -0.0801
v 48.6804 -43.6047 -0.0801
v 52.9509 -48.7832 -0.0801
v 58.6639 -50.8551 -0.0801
v 39.2921 -39.8507 -0.0801
v 40.2100 -40.2249 -0.0801
v 53.0500 -46.9174 -0.0801
v 27.6064 -45.9743 -0.0801
v 51.2241 -47.5463 -0.0801
v 47.5554 -44.5832 -0.0801
v 39.6095 -41.0771 -0.0801
v 28.8929 -43.3240 -0.0801
v 35.7080 -42.9966 -0.0801
v -43.9076 -51.1421 -0.0801
v 38.2534 -41.2229 -0.0801
v 36.4941 -40.5627 -0.0801
v -48.7421 -53.1367 -0.0801
v -64.7133 -58.5893 -0.0801
v -39.2462 -48.8760 -0.0801
v -34.9965 -46.0394 -0.0801
v -33.0970 -43.8060 -0.0801
v -33.9695 -52.9214 -0.0801
v -34.5842 -52.9362 -0.0801
v -15.0757 -53.8503 -0.0801
v -33.0360 -49.9165 -0.0801
v -32.9065 -49.3015 -0.0801
v -38.6944 -48.4530 -0.0801
v -31.5252 -50.9518 -0.0801
v -4.7438 -47.0478 -0.0801
v -36.7339 -47.5730 -0.0801
v -34.7508 -50.5274 -0.0801
v -29.4415 -51.2181 -0.0801
v -15.9688 -51.9766 -0.0801
v -31.4959 -50.2850 -0.0801
v -9.1293 -53.9183 -0.0801
v -12.2945 -53.4163 -0.0801
v -34.9752 -44.2207 -0.0801
v -2.1802 -54.5379 -0.0801
v 31.6416 -44.6495 -0.0801
v 29.4856 -45.6027 -0.0801
v 56.4217 -51.7327 -0.0801
v 55.9413 -48.8418 -0.0801
v 59.0021 -54.8880 -0.0801
v 25.1695 -54.0419 -0.0801
v 36.2547 -46.7896 -0.0801
v 46.0291 -45.3376 -0.0801
v 41.1156 -45.7797 -0.0801
v 48.2043 -51.4012 -0.0801
v 43.6306 -49.8951 -0.0801
v 35.1411 -44.8989 -0.0801
v 49.1572 -45.8961 -0.0801
v 27.0865 -55.9647 -0.0801
v 24.9705 -50.1379 -0.0801
v 30.2772 -54.6279 -0.0801
v 38.6796 -48.4530 -0.0801
v 29.4712 -51.2181 -0.0801
v 31.5399 -50.9518 -0.0801
v 32.3036 -53.0522 -0.0801
v 39.2325 -48.8760 -0.0801
v 64.6887 -58.5893 -0.0801
v 11.7499 -46.8732 -0.0801
v 13.5902 -57.2592 -0.0801
v 8.4281 -22.8976 -0.0801
v 11.6797 -25.4763 -0.0801
v 19.8079 -50.2719 -0.0801
v 14.8489 -45.1680 -0.0801
v 12.7309 -19.4394 -0.0801
v 8.0237 -19.4861 -0.0801
v 7.2479 -19.7983 -0.0801
v 3.1344 -46.4646 -0.0801
v 8.8447 -54.6964 -0.0801
v 4.3213 -48.7729 -0.0801
v 24.0454 -46.1618 -0.0801
v 24.8242 -48.9976 -0.0801
v 22.2015 -43.7666 -0.0801
v 21.7280 -44.4708 -0.0801
v 22.1600 -52.7774 -0.0801
v 21.8788 -48.3130 -0.0801
v -15.6189 -53.0935 -0.0801
v -59.6022 -56.4293 -0.0801
v -2.1692 -54.0069 -0.0801
v 33.8203 -40.5441 -0.0801
v 27.0972 -43.9251 -0.0801
v 37.3533 -42.9472 -0.0801
v 31.0384 -42.1301 -0.0801
v 10.4012 -22.4861 -0.0801
v -32.2738 -53.0522 -0.0801
v -53.6846 -54.4655 -0.0801
v -1.9916 -53.6378 -0.0801
v 31.6692 -33.0392 -0.0801
v 29.9001 -33.2294 -0.0801
v 32.0065 -32.6492 -0.0801
v 28.9490 -33.8542 -0.0801
v 0.0000 -23.7208 -0.0801
v 6.0205 -22.1254 -0.0801
v 4.9890 -23.7909 -0.0801
v 3.0405 -24.7316 -0.0801
v 5.2932 -27.3362 -0.0801
v 3.4600 -28.5086 -0.0801
v 0.0000 -29.7832 -0.0801
v 3.8727 -28.8658 -0.0801
v 0.0000 -33.5777 -0.0801
v 5.4094 -31.6132 -0.0801
v 5.8607 -29.0892 -0.0801
v 3.8896 -32.8189 -0.0801
v 3.1331 -19.9064 -0.0801
v 0.0000 -20.7116 -0.0801
v 6.5939 -17.2994 -0.0801
v 5.9509 -19.9127 -0.0801
v 0.0000 -21.3393 -0.0801
v 3.4250 -20.7021 -0.0801
v 30.4333 -32.2293 -0.0801
v 32.2454 -25.6769 -0.0801
v 30.4979 -30.4979 -0.0801
v 31.6985 -25.9829 -0.0801
v 28.2404 -37.7722 -0.0801
v 28.0854 1.4381 1.6501
v 31.8149 -23.8970 -0.0801
v 26.1772 -37.6032 -0.0801
v 28.0833 -36.3272 -0.0801
v 17.3676 -38.1958 -0.0801
v 17.8760 -39.0079 -0.0801
v 32.9056 -1.5748 1.6501
v 32.3138 -1.4537 1.6501
v 20.0829 -38.0994 -0.0801
v 13.2920 0.4260 -0.0801
v 15.1206 -0.9292 -0.0801
v 31.3925 -28.0339 -0.0801
v 6.9911 -42.4399 -0.0801
v 26.7423 -38.8090 -0.0801
v 5.7954 -41.9864 -0.0801
v 7.5059 -40.9438 -0.0801
v 5.8944 -42.8835 -0.0801
v 32.0261 -27.8339 -0.0801
v 24.1139 2.1378 1.0861
v 6.9211 -41.4195 -0.0801
v 8.6090 -40.7237 -0.0801
v 10.9069 -39.6001 -0.0801
v 11.0870 -37.3466 -0.0801
v 16.2122 0.9386 1.1947
v 13.9414 -1.8477 -0.0801
v 17.7847 -3.2146 1.1947
v 14.5584 -4.0764 -0.0801
v 3.9746 89.8804 -0.7704
v 1.4229 85.7268 -0.9261
v 3.8738 89.0068 -0.8451
v 3.6230 91.2102 -0.7704
v 5.4584 -5.7478 -0.0801
v 2.9619 -6.7466 -0.0801
v 0.0000 -7.6119 -0.0801
v 5.8917 -2.2725 -0.0801
v 2.9048 -10.1264 -0.0801
v 0.0000 -11.8735 -0.0801
v 3.4591 -10.8600 -0.0801
v 5.4827 -10.2397 -0.0801
v 5.0594 -8.1604 -0.0801
v 5.8755 -8.1196 -0.0801
v 2.9873 -14.8579 -0.0801
v 0.0000 -14.3632 -0.0801
v 2.6426 -5.8219 -0.0801
v 0.0000 -6.8187 -0.0801
v 4.3737 -9.5168 -0.0801
v 0.0000 -15.9375 -0.0801
v 3.4509 -15.5292 -0.0801
v 6.4616 -12.4047 -0.0801
v 0.0000 -11.1794 -0.0801
v 1.1545 86.2308 -0.8451
v 2.3248 85.4822 -0.9261
v 1.0649 86.4377 -0.8451
v 3.8974 91.3623 -0.7704
v 0.0000 -16.6276 -0.0801
v 6.1747 -13.7743 -0.0801
v 4.5018 -14.0189 -0.0801
v 4.9141 -19.0036 -0.0801
v 5.9004 -17.3130 -0.0801
v 5.4285 -14.7514 -0.0801
v 4.3506 90.9091 -0.7704
v 1.8713 86.9727 -0.8451
v 4.1665 90.6667 -0.7704
v 4.5319 91.1810 -0.7704
v 4.1469 89.0671 -0.8451
v 1.8713 87.3291 -0.8451
v 4.2399 89.3981 -0.8451
v 2.1431 85.6334 -0.9261
v 3.0651 89.6080 -0.7704
v 3.1531 89.1870 -0.7704
v 3.0692 90.0002 -0.7704
v 2.3201 86.8241 -0.9261
v 2.0496 86.6162 -0.9261
v 1.5107 86.4678 -0.8451
v 1.9618 85.7838 -0.9261
v 2.5037 85.9293 -0.9261
v 3.8042 90.7573 -0.7704
v 3.9880 91.0904 -0.7704
v 1.4219 86.8232 -0.8451
v 2.5931 86.3763 -0.9261
v 2.3217 86.0798 -0.9261
v 2.1416 87.4487 -0.8451
v 2.2308 87.1810 -0.9261
v 2.1401 86.3188 -0.9261
v 2.5002 86.5263 -0.9261
v 2.6880 85.8364 -0.9261
v 2.7757 86.1361 -0.9261
v 3.1638 90.4835 -0.7704
v 1.7810 86.0226 -0.9261
v 3.3491 90.8772 -0.7704
v 3.4233 89.0969 -0.7704
v 4.1721 91.3331 -0.7704
v 3.4280 89.4883 -0.7704
v 2.8672 86.0156 -0.9261
v 3.6182 90.3636 -0.7704
v 3.5229 89.9707 -0.7704
v 1.6007 86.2604 -0.8451
v 3.2760 -32.6206 -0.0801
v 6.1322 -27.7392 -0.0801
v 6.6011 -22.3161 -0.0801
v 5.8536 -24.3037 -0.0801
v 3.3261 -25.2784 -0.0801
v 0.0000 -29.5113 -0.0801
v 4.5621 -5.0183 -0.0801
v 12.7155 -29.8569 -0.0801
v 14.6443 -30.0593 -0.0801
v 13.9087 -35.5463 -0.0801
v 14.2049 -33.7955 -0.0801
v 11.0389 -35.4798 -0.0801
v 11.5955 -33.4304 -0.0801
v 8.9401 -42.0037 -0.0801
v 14.5698 -32.0948 -0.0801
v 12.3750 -38.9375 -0.0801
v 9.9647 -41.4494 -0.0801
v 13.5775 -27.0831 -0.0801
v 2.6855 -2.8114 -0.0801
v 14.8535 -27.7432 -0.0801
v 11.6222 -41.5865 -0.0801
v 14.5417 -41.6005 -0.0801
v 5.2260 -2.1072 -0.0801
v 21.7716 -6.1795 1.1947
v 22.5706 -9.3174 -0.0801
v 25.4361 -8.1961 1.1947
v 26.2432 -11.0206 1.4902
v 29.1309 -15.8687 1.6136
v 24.3995 -5.2167 1.1947
v 29.4798 -18.6780 -0.0801
v 13.9528 -17.2290 -0.0801
v 11.2024 -8.9294 -0.0801
v 13.9867 -10.0881 -0.0801
v 14.9775 -18.2252 -0.0801
v 12.5848 -12.0273 -0.0801
v 13.9146 -13.8359 -0.0801
v 27.2797 -13.7178 -0.0801
v 27.0826 -16.2649 -0.0801
v 14.0350 -10.7067 -0.0801
v 12.0089 -12.3667 -0.0801
v 13.4116 -14.4312 -0.0801
v 11.8696 -8.4957 -0.0801
v 4.6494 -39.6976 -0.0801
v 2.1511 -39.7795 -0.0801
v 7.3729 -38.0388 -0.0801
v 14.4141 -20.9830 -0.0801
v 3.8027 -40.1060 -0.0801
v 6.9126 -36.5072 -0.0801
v 11.6384 -41.1265 -0.0801
v 24.9076 -38.6914 -0.0801
v 25.5627 -39.6668 -0.0801
v 24.2867 -38.7387 -0.0801
v 14.7363 -40.5249 -0.0801
v 23.1797 -1.5117 1.4174
v 21.7351 2.0537 1.0861
v 14.1727 -2.5159 -0.0801
v 16.7762 -4.9585 1.1947
v 13.3256 -17.5235 -0.0801
v 14.6776 -19.2406 -0.0801
v 15.8362 -29.9633 -0.0801
v 24.2325 -19.3033 -0.0801
v 15.7374 -21.7415 -0.0801
v 14.9517 -20.8873 -0.0801
v 17.2114 0.6816 1.1947
v 15.6665 -1.6425 -0.0801
v 25.5229 -16.8115 -0.0801
v 27.6345 -19.3965 -0.0801
v 25.9445 -19.6266 -0.0801
v 11.1401 -5.9414 -0.0801
v 10.1642 -4.0823 -0.0801
v 2.8423 -38.4047 -0.0801
v 13.1226 -40.7562 -0.0801
v 4.8254 -38.0246 -0.0801
v 4.0875 -39.6906 -0.0801
v 5.0005 -39.2246 -0.0801
v 14.2664 -40.2932 -0.0801
v 14.1640 -41.0604 -0.0801
v 15.9375 -39.8125 -0.0801
v 11.4270 -40.0254 -0.0801
v 23.7164 -40.0103 -0.0801
v 13.7874 -41.4659 -0.0801
v 15.8730 -39.3362 -0.0801
v 13.4143 -41.0738 -0.0801
v 15.6152 -38.5620 -0.0801
v 15.2919 -5.9605 -0.0801
v 15.6680 -6.6445 -0.0801
v 11.5226 -2.1447 -0.0801
v 25.4382 -27.6047 -0.0801
v 9.6716 -0.5090 -0.0801
v 28.2324 -29.2236 -0.0801
v 25.8276 -23.3540 -0.0801
v 25.6557 -28.3527 -0.0801
v 27.4889 -27.1392 -0.0801
v 29.5431 -26.6378 -0.0801
v 23.8933 -14.7782 -0.0801
v 29.4662 -20.4709 -0.0801
v 24.1062 -20.7581 -0.0801
v 24.0138 -16.9397 -0.0801
v 27.7405 -20.4910 -0.0801
v 30.2275 -29.6889 -0.0801
v 29.8712 -30.5365 -0.0801
v 27.7657 -22.6280 -0.0801
v 27.8194 -21.2151 -0.0801
v 26.2086 -20.9891 -0.0801
v 12.0568 -5.5742 -0.0801
v 11.7920 -1.6846 -0.0801
v 25.1123 -30.7456 -0.0801
v 10.6719 -3.9186 -0.0801
v 25.9946 -29.9651 -0.0801
v 27.6233 -27.5885 -0.0801
v 30.0634 -28.4198 -0.0801
v 10.3578 -0.2971 -0.0801
v 28.7318 -24.8008 -0.0801
v 26.9723 -25.8336 -0.0801
v 24.7521 -26.0996 -0.0801
v 18.5583 -9.1178 -0.0801
v 20.5796 -6.7374 1.1947
v 19.4508 -6.9059 -0.0801
v 17.0306 -10.9140 -0.0801
v 23.6649 -23.4100 -0.0801
v 23.6148 -30.3522 -0.0801
v 22.9766 -32.9375 -0.0801
v 20.2560 -31.3110 -0.0801
v 16.6943 -10.3136 -0.0801
v 20.4241 -12.5778 -0.0801
v 24.4402 -36.6291 -0.0801
v 26.2076 -33.6127 -0.0801
v 25.4377 -36.2596 -0.0801
v 25.1107 -32.8017 -0.0801
v 24.3124 -38.0421 -0.0801
v 25.7400 -37.1049 -0.0801
v 27.5266 -31.0258 -0.0801
v 14.6849 -24.4748 -0.0801
v 23.4750 -11.9746 -0.0801
v 24.6048 -33.4953 -0.0801
v 25.7609 -31.0408 -0.0801
v 25.3301 -33.8862 -0.0801
v 24.5745 -34.5940 -0.0801
v 25.2784 -34.8291 -0.0801
v 26.7078 -35.6882 -0.0801
v 15.9164 -28.2959 -0.0801
v 15.9655 -26.9910 -0.0801
v 16.1843 -27.8967 -0.0801
v 20.0151 -27.7077 -0.0801
v 27.9921 -35.3345 -0.0801
v 27.0477 -32.3524 -0.0801
v 17.0135 -32.6320 -0.0801
v 17.3069 -36.7121 -0.0801
v 16.8212 -33.7094 -0.0801
v 16.4948 -35.3812 -0.0801
v 16.2358 -32.5395 -0.0801
v 17.1826 -33.2871 -0.0801
v 16.6761 -36.9234 -0.0801
v 23.4646 -34.8080 -0.0801
v 20.0940 -37.3359 -0.0801
v 22.9008 -35.7625 -0.0801
v 23.3026 -35.9116 -0.0801
v 20.2932 -36.1534 -0.0801
v 20.3741 -32.8964 -0.0801
v 20.1653 -34.0206 -0.0801
v 24.0388 -31.9962 -0.0801
v 17.4683 -5.5206 1.1947
v 18.9954 -3.4158 1.1947
v 18.8614 -9.9524 -0.0801
v 21.6119 -20.8667 -0.0801
v 18.8149 -18.8908 -0.0801
v 22.7534 -15.2463 -0.0801
v 19.3074 -22.3033 -0.0801
v 16.3712 -31.2291 -0.0801
v 15.7939 -24.4952 -0.0801
v 16.0701 -25.6976 -0.0801
v 16.7194 -25.1881 -0.0801
v 18.9426 1.1093 1.0861
v 20.1667 -2.5941 1.1947
v 19.7659 -24.3245 -0.0801
v 14.8926 -22.1527 -0.0801
v 15.2236 -27.0165 -0.0801
v 20.2643 -36.7699 -0.0801
v 23.7188 -34.8691 -0.0801
v 17.8627 -14.8596 -0.0801
v 16.2476 -8.3675 -0.0801
v 23.2891 -32.9818 -0.0801
v 21.5735 -12.5977 -0.0801
v 19.0090 -20.2111 -0.0801
v 21.8247 -15.4398 -0.0801
v 21.6376 -9.7770 -0.0801
v 20.7231 -9.6788 -0.0801
v 22.1838 -17.4573 -0.0801
v 23.1060 -23.1425 -0.0801
v 22.9323 -27.6660 -0.0801
v 20.3245 -33.5724 -0.0801
v 23.6375 -32.1176 -0.0801
v 23.8599 -26.4441 -0.0801
v 24.0967 -29.1226 -0.0801
v 20.0217 -29.1895 -0.0801
v 22.6573 -24.4308 -0.0801
v 19.1910 -21.7474 -0.0801
v 19.9116 -25.6110 -0.0801
v 23.4351 -26.6211 -0.0801
v 22.5438 -20.7953 -0.0801
v 19.9880 -26.0635 -0.0801
v 22.9417 -24.7813 -0.0801
v 23.6212 -27.7444 -0.0801
v 19.9503 -28.8327 -0.0801
v 22.8787 -19.7282 -0.0801
v 23.2214 -30.2903 -0.0801
v 20.2656 -30.2939 -0.0801
v 20.2592 -31.0778 -0.0801
v 17.7114 -14.0281 -0.0801
v 18.1241 -15.9942 -0.0801
v 18.7994 -18.0763 -0.0801
v 22.1286 -19.9908 -0.0801
v 34.3575 -33.5431 -0.0801
v 30.6367 -34.5571 -0.0801
v 33.4608 -33.0721 -0.0801
v 26.4443 -34.4980 -0.0801
v 29.3357 -34.7820 -0.0801
v 29.3789 -37.0340 -0.0801
v 28.2533 -35.6859 -0.0801
v 29.4214 -34.2778 -0.0801
v 28.5337 -34.4861 -0.0801
v 4.1458 -40.5652 -0.0801
v 29.4557 -32.5051 -0.0801
v 31.4290 -33.9822 -0.0801
v 31.8811 -33.5671 -0.0801
v 6.5317 -40.5250 -0.0801
v 5.0677 -39.8519 -0.0801
v 33.6396 -34.4096 -0.0801
v 29.6979 -35.0011 -0.0801
v 35.4247 -31.0453 -0.0801
v 32.2343 -33.2650 -0.0801
v 34.0308 -31.7017 -0.0801
v 33.0141 -33.1701 -0.0801
v 32.4062 -35.2805 -0.0801
v 32.3399 -33.3486 -0.0801
v 5.2423 -41.2364 -0.0801
v 32.3081 -32.7215 -0.0801
v 33.0698 -32.3662 -0.0801
v 31.4860 -35.9035 -0.0801
v 29.9262 -33.6908 -0.0801
v 9.1245 -39.2509 -0.0801
v 7.0898 -38.6719 -0.0801
v 9.2168 -37.7695 -0.0801
v 36.3564 -13.1330 2.1363
v 32.0310 -9.3556 1.6721
v 29.4928 -1.6246 1.6501
v 30.7661 -29.8572 -0.0801
v 4.4173 89.0671 -0.8451
v 4.0704 90.2732 -0.7704
v 11.9901 -32.0081 -0.0801
v 13.0716 -36.9128 -0.0801
v 14.5501 -38.5038 -0.0801
v 23.7545 -38.0897 -0.0801
v 26.3694 -31.8297 -0.0801
v 21.4307 -16.9149 -0.0801
v 16.1435 -29.8061 -0.0801
v 16.6805 -30.8002 -0.0801
v 6.8857 -40.2244 -0.0801
v 8.2983 -39.6529 -0.0801
v 29.3768 -35.1548 -0.0801
v 34.4788 -31.8832 -0.0801
v 2.6807 87.8364 -0.9261
v 4.7876 89.6094 -0.8451
v 4.1440 88.8267 -0.8451
v 1.8713 87.4182 -0.8451
v 2.5931 87.8070 -0.9261
v 2.1445 87.7471 -0.8451
v 4.7941 91.4491 -0.7704
v 2.2339 88.0151 -0.8451
v 2.2339 87.8364 -0.8451
v 4.7068 91.4203 -0.7704
v 2.1431 87.5978 -0.8451
v 3.7786 88.4364 -0.8451
v 2.4142 87.6282 -0.9261
v 2.3232 87.4790 -0.9261
v 5.0688 90.5151 2.7191
v 4.9649 89.4586 -0.8451
v 1.7834 87.6564 -0.8451
v 5.2428 91.2066 -0.7704
v 0.9762 85.7278 -0.8451
v 1.0664 85.4902 -0.9261
v 1.7834 85.3380 -0.9261
v 1.9645 85.2762 -0.9261
v 1.2458 85.2517 -0.9261
v 0.8875 86.2603 -0.8451
v 1.6029 85.4883 -0.9261
v 1.5149 85.1904 -0.9261
v 5.2428 90.6642 -0.7704
v 5.4199 90.4224 -0.7704
v 5.6909 90.4224 -0.7704
v 5.4199 90.0610 -0.7704
v 5.1524 90.1219 -0.7704
v 5.1559 90.4541 -0.7704
v 5.3224 89.0372 -0.7704
v 4.4173 88.9770 -0.8451
v 4.5914 88.5864 -0.8451
v 5.1420 89.2177 -0.7704
v 4.6846 88.4663 -0.8451
v 3.7811 88.7665 -0.8451
v 5.5065 89.5488 -0.7704
v 5.0483 88.7065 -0.8451
v 4.8680 88.8868 -0.8451
v 4.5044 88.8267 -0.8451
v 4.6194 91.3008 -0.7704
v 3.7786 88.6163 -0.8451
v 3.7786 88.2565 -0.8451
v 5.5103 90.7837 -0.7704
v 5.1489 89.7900 -0.7704
v 4.9783 90.9677 -0.7704
v 0.8875 85.9940 -0.8451
v 1.6943 85.1596 -0.9261
v 4.8911 90.9385 -0.7704
v 5.1559 91.0873 -0.7704
v 4.8812 89.9411 -0.7704
v 5.3296 89.6997 -0.7704
v 4.6007 89.2177 -0.8451
v 4.2313 88.6765 -0.8451
v 4.2313 88.3163 -0.8451
v 4.6225 91.2717 -0.7704
v 4.2313 88.4964 -0.8451
v 4.7779 89.0671 -0.8451
v 5.6909 89.9707 -0.7704
v 4.9750 90.2732 -0.7704
v 5.1559 90.6350 -0.7704
v 5.0688 90.6962 -0.7704
v 1.2433 85.8755 -0.8451
v 3.8790 89.3981 -0.7704
v 4.5105 89.3079 -0.8451
v -3.4731 89.4883 0.8347
v -1.9618 85.7838 0.9904
v -3.6683 91.2102 0.8347
v -3.5229 89.9707 0.8347
v -1.2877 85.8755 0.9094
v -3.1638 90.4835 0.8347
v -3.3943 90.8772 0.8347
v -0.9762 85.7278 0.9094
v -0.8875 85.9940 0.9094
v -5.2880 90.6642 0.8347
v -5.0236 90.9677 0.8347
v -5.3748 90.4224 0.8347
v -5.0688 90.5151 2.7191
v -5.1038 89.7900 0.8347
v -2.6880 85.8364 0.9904
v -3.4233 89.0969 0.8347
v -1.8280 87.5673 0.9094
v -2.6807 87.8364 0.9904
v -5.3296 89.6997 0.8347
v -5.4199 90.0610 0.8347
v -5.1420 89.2177 0.8347
v -2.5692 89.8785 0.8347
v -2.9709 88.9465 0.8347
v -2.9749 89.6080 0.8347
v -3.0609 89.0366 0.8347
v -0.7114 86.9718 0.9094
v -1.9645 85.1869 0.9904
v -0.7543 86.3490 0.9094
v 4.3359 89.7900 -0.7704
v -1.0234 85.0737 0.9904
v -0.7987 85.6390 0.8347
v -1.1116 85.1043 0.9904
v -0.4449 85.2517 0.8347
v -1.2038 84.8029 0.9904
v -1.3367 85.0122 0.9904
v -2.8672 86.0156 0.9904
v -1.7834 87.6564 0.9094
v -2.2339 88.0151 0.9094
v -3.7336 88.2565 0.9094
v -4.2313 88.3163 0.9094
v -4.6458 89.2177 0.9094
v -5.3224 89.0372 0.8347
v -2.9358 90.5127 0.8347
v -2.6630 90.5418 0.8347
v -3.5778 91.2102 0.8347
v -1.2014 87.2095 0.9094
v 4.6069 89.6997 -0.7704
v 4.5258 90.4246 -0.7704
v 4.6194 90.7573 -0.7704
v -1.8268 87.4182 0.9094
v -2.5484 87.8070 0.9904
v -2.1892 87.7471 0.9094
v -3.8235 88.6163 0.9094
v -3.7786 88.4364 0.9094
v -4.6395 88.4663 0.9094
v -4.5914 88.5864 0.9094
v -3.4373 91.4491 0.8347
v -3.8495 91.3008 0.8347
v -1.2895 87.0607 0.9094
v -4.2118 91.3914 0.8347
v -4.2542 91.6013 0.8347
v 4.7973 90.3341 -0.7704
v 4.7036 90.0923 -0.7704
v -3.8016 91.6013 0.8347
v -2.5518 85.0616 0.9904
v -1.3339 86.9718 0.9094
v -4.2542 91.5108 0.8347
v -2.9160 85.7739 0.9904
v -3.2771 86.1016 0.9904
v 4.4323 90.1827 -0.7704
v -3.6182 90.3636 0.8347
v -1.7810 86.0226 0.9904
v -3.8042 90.7573 0.8347
v -1.5107 86.4678 0.9094
v -1.6452 86.2604 0.9094
v -3.9880 91.0904 0.8347
v -1.4219 86.8232 0.9094
v -4.1268 91.3331 0.8347
v -3.8521 91.3623 0.8347
v -2.1431 85.6334 0.9904
v -2.3248 85.4822 0.9904
v -3.0241 90.0002 0.8347
v -1.1545 86.2308 0.9094
v -1.0649 86.4377 0.9094
v -1.7834 85.3380 0.9904
v -3.0651 89.6080 0.8347
v -1.6029 85.4883 0.9904
v -3.1981 89.1870 0.8347
v -1.4229 85.7268 0.9904
v -1.1108 85.4902 0.9904
v -0.8875 86.2603 0.9094
v -1.9198 85.2762 0.9904
v -1.2903 85.2517 0.9904
v -1.4703 85.1904 0.9904
v -5.1141 90.6962 0.8347
v -4.8911 90.9385 0.8347
v -1.6497 85.1596 0.9904
v -5.2011 90.6350 0.8347
v -5.0202 90.2732 0.8347
v -5.2428 91.2066 0.8347
v -5.1559 91.0873 0.8347
v -4.9264 89.9411 0.8347
v -5.5554 90.7837 0.8347
v -5.6458 90.4224 0.8347
v -5.2011 90.4541 0.8347
v -5.1976 90.1219 0.8347
v -2.7757 86.1361 0.9904
v -2.5037 85.9293 0.9904
v -2.6378 86.3763 0.9904
v -2.3217 86.0798 0.9904
v -4.9649 89.4586 0.9094
v -5.5517 89.5488 0.8347
v -4.7876 89.6094 0.9094
v -5.6458 89.9707 0.8347
v -0.8881 86.6748 0.9094
v -3.1509 89.1266 0.8347
v -2.8828 89.4573 0.8347
v -0.9762 86.5265 0.9094
v -2.6576 89.3672 0.8347
v -2.8789 88.8862 0.8347
v -2.7477 89.4573 0.8347
v -2.0105 84.9771 0.9904
v -2.7045 89.8785 0.8347
v -2.9318 89.9393 0.8347
v -2.8416 89.9393 0.8347
v -2.9830 91.1162 0.8347
v -0.7998 86.8232 0.9094
v -2.0105 84.8877 0.9904
v -1.9658 85.1558 0.9904
v -0.4888 86.5566 0.9094
v -0.6216 86.4084 0.9094
v -0.7543 85.9940 0.9094
v -0.8431 86.2603 0.9094
v -0.6660 85.6979 0.8347
v -0.3555 86.2012 0.9094
v -0.6212 85.9940 0.9094
v -0.4884 86.0532 0.9094
v -0.4888 85.6680 0.8347
v -0.6225 85.2822 0.8347
v -0.8881 85.3427 0.9904
v -0.7554 85.3125 0.9904
v -0.3112 85.7268 0.8347
v -1.6062 85.0394 0.9904
v -1.2484 84.9813 0.9904
v -1.3812 85.1013 0.9904
v -1.6497 85.0704 0.9904
v -1.6062 84.8610 0.9904
v -0.8015 84.9540 0.9904
v -0.8905 85.0430 0.9904
v 4.8911 90.7573 -0.7704
v -2.0970 87.4487 0.9094
v -2.1862 87.1810 0.9904
v -1.9159 86.9727 0.9094
v -2.1401 86.3188 0.9904
v -4.1891 88.8267 0.9094
v -4.8680 88.8868 0.9094
v -5.0033 88.7065 0.9094
v -4.7328 89.0671 0.9094
v -3.0734 91.0258 0.8347
v -2.7984 90.4515 0.8347
v -3.2111 90.9064 0.8347
v -3.0261 90.4224 0.8347
v -1.5616 84.7717 0.9904
v 4.9783 90.5151 -0.7704
v 4.8005 90.8479 -0.7704
v -3.3531 87.0917 0.9904
v -2.3201 86.8241 0.9904
v -2.0050 86.6162 0.9904
v -4.4654 89.3079 0.9094
v -3.9294 89.8804 0.8347
v -3.8790 89.3981 0.8347
v -4.0252 90.2732 0.8347
v -4.3722 89.0671 0.9094
v -1.8713 87.3291 0.9094
v -2.4556 86.5263 0.9904
v -2.4590 87.6282 0.9904
v -3.8287 89.0068 0.9094
v -4.3506 90.9091 0.8347
v -4.1919 89.0671 0.9094
v -2.2339 87.8364 0.9094
v -4.4865 91.1810 0.8347
v -4.2399 89.3981 0.9094
v -3.8261 88.7665 0.9094
v -2.1431 87.5978 0.9094
v -2.3679 87.4790 0.9904
v -4.2118 90.6667 0.8347
v -4.2313 88.4964 0.9094
v -4.7520 91.4203 0.8347
v -4.7488 91.4491 0.8347
v -4.6647 91.3008 0.8347
v -4.4624 88.9770 0.9094
v -4.5044 88.8267 0.9094
v -4.1862 88.6765 0.9094
v -4.5772 91.2717 0.8347
v -3.8016 91.5108 0.8347
v -3.5301 91.2393 0.8347
v -3.8495 91.3914 0.8347
v -3.3016 90.9064 0.8347
v -3.1381 86.3432 0.9904
v -3.1317 87.0616 0.9904
v -2.7719 86.8234 0.9904
v -2.9975 86.9722 0.9904
v -2.5518 85.2407 0.9904
v -2.4159 85.4510 0.9904
v -2.5071 85.4198 0.9904
v -3.4373 91.3586 0.8347
v -3.2388 88.5264 0.8347
v -3.3737 88.7963 0.8347
v -3.2838 88.6163 0.8347
v -1.1569 87.2985 0.9094
v -4.1693 91.3623 0.8347
v -3.0933 85.4466 0.9904
v -3.4543 85.9534 0.9904
v -3.4210 88.9465 0.8347
v -3.0975 86.1914 0.9904
v -3.0057 86.1328 0.9904
v -2.8243 85.8052 0.9904
v -3.5840 86.2844 0.9904
v -3.0505 85.6842 0.9904
v -3.1339 86.5838 0.9904
v -3.3129 86.6733 0.9904
v -2.9080 86.5248 0.9904
v -2.9568 86.2844 0.9904
v -2.9060 87.4493 0.9904
v -3.5368 86.6733 0.9904
v -1.7389 87.7456 0.9094
v -3.3623 86.3432 0.9904
v -2.5913 87.1216 0.9904
v -3.0402 87.5388 0.9904
v -2.7272 87.3599 0.9904
v 89.6396 -47.7631 0.0321
v 86.8004 -45.7712 0.0321
v 79.7203 -42.4251 0.0321
v 80.6451 -38.0909 0.0321
v 57.9702 55.5223 0.0321
v 58.4623 55.5725 0.0321
v 57.5398 51.4067 0.0321
v 87.6260 -47.6363 0.0321
v 57.8743 51.8527 0.0321
v 61.0488 48.9939 0.0321
v 62.5757 44.1776 0.0321
v 65.1508 47.1744 0.0321
v 62.5925 38.5859 0.0321
v 70.6284 37.6614 0.0321
v 80.6982 -43.0664 0.0321
v 87.0060 -49.8579 0.0321
v 84.6524 -41.3100 0.0321
v 56.6787 57.3481 0.0321
v 47.1447 5.5297 -0.0801
v 69.1115 35.7918 0.0321
v 52.6131 4.8253 -0.0801
v 52.3618 -21.7875 0.9094
v 51.0608 -23.3917 0.9904
v 53.3309 -22.0865 0.8347
v 51.7015 -22.9040 0.8347
v 51.8091 -24.1211 0.9904
v 51.4711 -23.8655 0.9904
v 55.6445 -23.3960 0.8347
v 51.2039 -23.9991 0.9904
v 55.0653 -23.3351 0.8347
v 53.8530 -24.4541 0.8347
v 79.8439 -36.1777 0.0321
v 79.2123 -36.9115 0.0321
v 52.0386 -9.2926 2.1340
v 87.4487 -53.7403 0.0321
v 83.6086 -52.4613 0.0321
v 81.5697 -50.7985 0.0321
v 79.1930 -49.8487 0.0321
v 45.9177 10.4193 -0.0801
v 47.4301 11.5387 -0.0801
v 48.5723 7.2975 -0.0801
v 72.5388 41.4053 0.0321
v 54.8477 -22.5074 0.8347
v 55.1556 -22.2969 0.8347
v 54.8477 -23.0035 0.8347
v 51.8628 -23.6145 0.8347
v -4.5618 89.6997 0.8347
v -4.2908 89.7900 0.8347
v 54.1368 -52.0911 2.1705
v 81.6084 -49.7905 0.0321
v 60.0634 47.9619 0.0321
v 51.6893 9.7333 -0.0801
v 53.8000 9.0579 -0.0801
v 55.0181 16.1438 -0.0801
v 46.8974 8.6126 -0.0801
v 45.5872 8.1110 -0.0801
v 54.6302 -23.1683 0.8347
v 54.7204 -22.8077 0.8347
v 52.3981 -22.8459 0.8347
v 52.2550 -23.4523 0.8347
v -4.9331 90.5151 0.8347
v -4.3870 90.1827 0.8347
v 57.5598 -50.6906 2.1705
v 51.9694 -23.0826 0.8347
v 51.7200 -23.4077 0.8347
v 52.6837 -23.3058 0.8347
v -4.6647 90.7573 0.8347
v -4.9364 90.7573 0.8347
v -4.5258 90.4246 0.8347
v -4.7973 90.3341 0.8347
v 84.3472 -48.7778 0.0321
v 88.8450 -43.5525 0.0321
v 83.7341 -47.4182 0.0321
v 84.5881 -37.2268 0.0321
v 82.4760 -45.0992 0.0321
v 83.5373 -40.1485 0.0321
v 83.2319 -35.8568 0.0321
v 86.3361 -52.8234 0.0321
v 82.1197 -39.1866 0.0321
v 88.2886 -51.6899 0.0321
v 81.6771 -35.7651 0.0321
v 86.8002 -51.4638 0.0321
v 57.3168 55.6441 0.0321
v 88.0896 -49.9243 0.0321
v 59.1427 53.8165 0.0321
v 85.3653 -43.0916 0.0321
v 85.9592 -39.1962 0.0321
v 56.8214 54.5887 0.0321
v 87.5995 -41.2083 0.0321
v 57.1562 54.1422 0.0321
v 57.3481 51.8811 0.0321
v 60.7941 53.2777 0.0321
v 59.0504 52.0444 0.0321
v 60.1198 52.7017 0.0321
v 63.8368 45.7698 0.0321
v 62.1006 50.0989 0.0321
v 65.8026 48.1827 0.0321
v 62.8418 50.9766 0.0321
v 71.7507 39.8026 0.0321
v 67.1960 34.2462 0.0321
v 65.2191 33.3679 0.0321
v 68.2990 44.1681 0.0321
v 73.0054 42.6833 0.0321
v 64.4219 39.5938 0.0321
v 65.6955 40.6375 0.0321
v 67.0231 42.1195 0.0321
v 84.0948 -50.3531 0.0321
v 78.8722 -42.4736 0.0321
v 79.1840 -38.9279 0.0321
v 58.5907 52.4643 0.0321
v 52.7893 5.7482 -0.0801
v 55.2615 7.0126 -0.0801
v 55.0006 5.8020 -0.0801
v 68.6909 45.5427 0.0321
v 51.4525 -23.3632 0.8347
v 53.2773 -21.5625 0.9094
v 51.7180 -22.1457 0.9094
v 51.2550 -22.7254 0.9094
v 50.9908 -23.7601 0.9904
v 52.6846 -22.2207 0.8347
v 52.0759 -22.5036 0.8347
v 51.3820 -23.6429 0.9904
v 54.5032 -22.2968 0.8347
v 53.9795 -22.1316 0.8347
v 54.8477 -22.0112 0.8347
v 52.9707 -23.8010 0.8347
v 52.1298 -24.9919 0.9904
v 52.3087 -24.4554 0.8347
v 51.4525 -24.3441 0.9904
v 55.0653 -22.9740 0.8347
v 55.1183 -25.1686 2.7191
v 55.0653 -22.7483 0.8347
v 54.9379 -23.8154 0.8347
v 55.4639 -22.5830 0.8347
v 53.0430 -24.5055 0.8347
v 55.6445 -24.3445 0.8347
v 54.5032 -24.2336 0.8347
v 55.5917 -22.9146 0.8347
v 54.1962 -25.4326 2.7191
v 80.6641 -35.8955 0.0321
v 80.4045 -47.6298 0.0321
v 53.1152 -25.3464 2.7191
v 51.3564 -9.2934 2.1340
v 87.8687 -52.7212 0.0321
v 63.8579 16.8365 -0.0801
v 73.8828 47.9908 1.6878
v 63.3093 15.5624 -0.0801
v 50.5272 -9.8744 2.1340
v 61.8823 13.8455 -0.0801
v 75.5671 46.9763 1.6878
v 83.8522 -51.4900 0.0321
v 49.8835 -53.9758 -0.0801
v 58.2885 53.3846 0.0321
v 50.2390 -54.3643 -0.0801
v 45.2642 4.6003 -0.0801
v 46.0665 5.1059 -0.0801
v 49.7509 3.6916 -0.0801
v 46.4293 6.8312 -0.0801
v 54.1428 -21.6211 0.8347
v 54.0695 -23.6160 0.8347
v 53.5638 -23.7314 0.8347
v 51.9875 -23.8536 0.8347
v 89.5807 -45.7170 0.0321
v 35.6919 -29.7330 -0.0801
v 32.0369 -38.3591 -0.0801
v 26.5864 -42.1103 -0.0801
v 58.6699 52.6582 0.0321
v 60.2037 12.1940 -0.0801
v 47.9370 5.3644 -0.0801
v 46.1201 -52.0414 -0.0801
v 50.3064 -54.8204 -0.0801
v 47.5503 -52.7522 -0.0801
v 63.8667 18.3252 -0.0801
v 50.7738 -55.6706 -0.0801
v 59.0596 13.9878 -0.0801
v 54.7673 8.1092 -0.0801
v 58.1772 14.9506 -0.0801
v 56.4871 15.8606 -0.0801
v 52.4154 6.3677 -0.0801
v 48.8672 -53.4551 -0.0801
v 45.6508 -55.4002 -0.0801
v 51.5195 6.9717 -0.0801
v 53.2188 16.1831 -0.0801
v 49.9719 4.7620 -0.0801
v 56.1720 11.4598 -0.0801
v 53.6089 12.5441 -0.0801
v 48.0048 9.1268 -0.0801
v 50.2441 15.5757 -0.0801
v 51.9873 12.7493 -0.0801
v 49.5985 12.5984 -0.0801
v 45.3461 6.3950 -0.0801
v 49.9107 9.5154 -0.0801
v 45.5975 2.6338 -0.0801
v 47.3892 7.2013 -0.0801
v 54.4131 -23.3778 0.8347
v 51.7737 -23.7036 0.8347
v 52.4158 -23.8863 0.8347
v 52.9173 -22.6085 0.8347
v 77.2556 40.1314 0.0321
v 78.7654 -52.0414 0.0321
v 80.8374 -52.2852 0.0321
v 25.0119 -42.9930 -0.0801
v 51.5955 -23.6145 0.8347
v 54.0328 -22.5211 0.8347
v 54.4131 -22.5670 0.8347
v 53.4741 -22.5650 0.8347
v 54.7204 -22.6274 0.8347
v 53.6901 -23.0742 0.8347
v 54.1594 -22.9413 0.8347
v 54.5032 -22.8823 0.8347
v 53.1859 -23.1905 0.8347
v 72.6129 47.7194 1.5770
v 68.4536 42.8445 1.6319
v 79.2073 38.9880 0.0321
v 76.8164 46.2499 1.6878
v -4.8005 90.8479 0.8347
v 42.5320 -38.4140 -0.0801
v 77.6096 -50.8495 0.0321
v -4.7036 90.0923 0.8347
v 41.0681 -39.2563 -0.0801
v 78.2465 -45.8597 0.0321
v 79.2169 -51.4545 0.0321
v 58.8280 47.2626 0.0321
v 81.2271 -51.5339 0.0321
v 42.2208 -37.5664 -0.0801
v 81.1525 -48.8167 0.0321
v 60.5396 43.0847 0.0321
v 79.4949 -50.4305 0.0321
v 81.6697 -43.9128 0.0321
v 79.5068 -50.9995 0.0321
v 53.4963 9.6360 1.4748
v 48.1278 -4.8752 1.9377
v 48.5175 -1.9058 1.6319
v 48.2686 -3.4983 1.6319
v 54.3997 11.1803 1.4748
v 55.3436 16.7734 1.2729
v 55.1079 18.1411 1.2729
v 48.9221 -0.2005 1.6319
v 50.2744 3.3408 1.6319
v 21.0088 71.0347 0.3844
