# Head_target_runtime_local
o Head_target_runtime_local
v -0.423342745 1.343246535 -3.906129981
v -0.423342742 1.343246519 -3.906129981
v -0.423342749 1.343246559 -3.906129980
v -0.423342754 1.343246589 -3.906129979
v -0.423342744 1.343246528 -3.906129981
v -0.423342745 1.343246536 -3.906129981
v -0.423342755 1.343246595 -3.906129979
v -0.423342756 1.343246598 -3.906129979
v -0.423342756 1.343246601 -3.906129979
v -0.423342743 1.343246521 -3.906129981
v -0.423342757 1.343246605 -3.906129978
v -0.423342745 1.343246531 -3.906129981
v -0.423342754 1.343246589 -3.906129979
v -0.423342760 1.343246622 -3.906129978
v -0.423342755 1.343246592 -3.906129979
v -0.423342749 1.343246560 -3.906129980
v -0.423342745 1.343246536 -3.906129981
v -0.423342745 1.343246532 -3.906129981
v -0.423342745 1.343246533 -3.906129981
v -0.422403222 1.348106329 -3.905122402
v -0.423342759 1.343246618 -3.906129978
v -0.423342760 1.343246622 -3.906129978
v -0.423342759 1.343246617 -3.906129978
v -0.423342754 1.343246590 -3.906129979
v -0.422403222 1.348106336 -3.905122400
v -0.422403221 1.348106339 -3.905122397
v -0.422403217 1.348106349 -3.905122389
v -0.422403220 1.348106343 -3.905122395
v -0.423342757 1.343246603 -3.906129979
v -0.423342756 1.343246601 -3.906129978
v -0.423342758 1.343246609 -3.906129978
v -0.422403223 1.348106336 -3.905122403
v -0.423342746 1.343246542 -3.906129981
v -0.423342750 1.343246562 -3.906129980
v -0.423342745 1.343246531 -3.906129981
v -0.423342755 1.343246593 -3.906129979
v -0.423342756 1.343246601 -3.906129979
v -0.423342749 1.343246555 -3.906129980
v -0.423342745 1.343246532 -3.906129981
v -0.423342745 1.343246533 -3.906129981
v -0.423342750 1.343246565 -3.906129980
v -0.423342745 1.343246533 -3.906129981
v -0.423342743 1.343246525 -3.906129981
v -0.423342745 1.343246532 -3.906129981
v -0.423342744 1.343246530 -3.906129981
v 1.053651089 0.803407705 -2.962134005
v 0.844667542 0.569325197 -3.059152081
v 0.842844227 0.572477164 -3.063528965
v 0.841026392 0.575651152 -3.067862769
v 0.845567932 0.567780427 -3.056979633
v -0.352364004 0.009552541 -3.526583626
v -0.352364004 0.009552541 -3.526583626
v -0.665540443 0.421565568 -3.807876826
v -0.423342745 1.343246535 -3.906129981
v -0.423342746 1.343246543 -3.906129981
v -0.423342745 1.343246536 -3.906129981
v -0.423342750 1.343246564 -3.906129980
v -0.423342748 1.343246550 -3.906129980
v -0.423342746 1.343246540 -3.906129981
v -0.423342746 1.343246540 -3.906129981
v -0.423342751 1.343246569 -3.906129980
v -0.423342747 1.343246546 -3.906129980
v -0.423342752 1.343246576 -3.906129979
v -0.423342752 1.343246575 -3.906129980
v -0.423342751 1.343246571 -3.906129980
v -0.423342751 1.343246571 -3.906129980
v -0.423342750 1.343246561 -3.906129980
v -0.423342750 1.343246563 -3.906129980
v -0.423342752 1.343246575 -3.906129980
v -0.423342752 1.343246577 -3.906129979
v -0.423342750 1.343246563 -3.906129980
v -0.423342748 1.343246554 -3.906129980
v -0.423342748 1.343246550 -3.906129980
v -0.423342750 1.343246563 -3.906129980
v -0.423342751 1.343246569 -3.906129980
v -0.423342751 1.343246568 -3.906129980
v -0.423342750 1.343246564 -3.906129980
v -0.423342746 1.343246543 -3.906129981
v -0.423342746 1.343246537 -3.906129981
v -0.423342745 1.343246535 -3.906129981
v -0.423342748 1.343246549 -3.906129980
v -0.423342746 1.343246542 -3.906129981
v 1.042587080 0.814246033 -2.980499888
v -0.423342758 1.343246612 -3.906129978
v -0.423342762 1.343246637 -3.906129977
v 1.057320981 0.798118916 -2.954934420
v -0.423342757 1.343246603 -3.906129979
v 1.054568801 0.802074809 -2.960342482
v 1.053618653 0.803455002 -2.962197398
v 1.061903970 0.791670395 -2.945811717
v -0.423342764 1.343246645 -3.906129977
v 1.056403811 0.799430343 -2.956742660
v 1.061903964 0.791670382 -2.945811712
v -0.423342757 1.343246607 -3.906129978
v 1.075191739 0.799603607 -2.942394503
v 0.950642999 0.900486479 -3.103190268
v 1.045489337 0.809893934 -2.975020926
v 0.843763179 0.570884596 -3.061326740
v 0.843752546 0.570902983 -3.061352289
v 0.841026381 0.575651163 -3.067862766
v -0.665540442 0.421565573 -3.807876826
v -0.665540443 0.421565560 -3.807876827
v -0.665540443 0.421565571 -3.807876826
v 0.844660452 0.569337393 -3.059169163
v 0.843741821 0.570921526 -3.061378036
v 1.057321109 0.798118822 -2.954934445
v 0.845567931 0.567780429 -3.056979633
v -0.665540443 0.421565570 -3.807876826
v -0.665540442 0.421565573 -3.807876826
v -0.426479764 1.393032325 -3.898736581
v -0.414762043 1.369092879 -3.900973376
v -0.417316444 1.374535892 -3.901070232
v -0.458888398 1.435004881 -3.899069076
v -0.465395495 1.441787656 -3.899330008
v -0.423342746 1.343246544 -3.906129980
v -0.422403214 1.348106286 -3.905122403
v -0.665540443 0.421565568 -3.807876826
v -0.422403213 1.348106298 -3.905122398
v -0.665540444 0.421565544 -3.807876829
v -0.422403211 1.348106310 -3.905122391
v -0.423342771 1.343246685 -3.906129976
v -0.423342768 1.343246670 -3.906129976
v -0.423342746 1.343246542 -3.906129980
v -0.665540443 0.421565569 -3.807876826
v -0.423342749 1.343246560 -3.906129979
v -0.423342746 1.343246552 -3.906129977
v -0.422403212 1.348106306 -3.905122394
v -0.423342746 1.343246541 -3.906129980
v -0.423342757 1.343246603 -3.906129979
v -0.423342757 1.343246603 -3.906129979
v -0.423342754 1.343246587 -3.906129979
v -0.423342752 1.343246577 -3.906129979
v -0.423342751 1.343246567 -3.906129980
v -0.423342746 1.343246546 -3.906129980
v -0.423342748 1.343246551 -3.906129980
v -0.422403211 1.348106315 -3.905122390
v -0.422336267 1.361048955 -3.900170603
v -0.413097365 1.363306386 -3.900764847
v -0.423837539 1.380427529 -3.899311211
v 1.060987875 0.792945451 -2.947647005
v 1.060987862 0.792945464 -2.947647003
v -0.423342770 1.343246688 -3.906129975
v -0.423342745 1.343246572 -3.906129970
v -0.423342737 1.343246587 -3.906129955
v -0.422403206 1.348106322 -3.905122381
v -0.423342739 1.343246591 -3.906129956
v 1.061904111 0.791670002 -2.945812021
v -0.424162094 1.355096796 -3.904666055
v -0.425840074 1.357976986 -3.904515805
v -0.422292149 1.354026608 -3.904674054
v -0.422208333 1.354190444 -3.904658638
v -0.428011761 1.357107747 -3.904666608
v -0.423342747 1.343246643 -3.906129953
v 1.061989829 0.791713149 -2.945809465
v -0.425243449 1.351920441 -3.904944770
v -0.421070197 1.353053388 -3.905350159
v -0.665540443 0.421565557 -3.807876827
v -0.665540443 0.421565552 -3.807876828
v -0.423342743 1.343246581 -3.906129965
v -0.422403203 1.348106329 -3.905122374
v -0.422403212 1.348106306 -3.905122394
v -0.422403213 1.348106296 -3.905122399
v -0.422403215 1.348106292 -3.905122402
v -0.423342746 1.343246543 -3.906129980
v -0.423342757 1.343246606 -3.906129978
v 1.073577220 0.798803157 -2.942489340
v 1.058223545 0.796835166 -2.953149299
v -0.423342751 1.343246572 -3.906129980
v -0.423342754 1.343246585 -3.906129979
v -0.423342751 1.343246642 -3.906129959
v 1.061903985 0.791670366 -2.945811716
v -0.423342747 1.343246564 -3.906129976
v -0.423342734 1.343246593 -3.906129949
v -0.422403197 1.348106340 -3.905122362
v -0.665540443 0.421565569 -3.807876826
v -0.423342728 1.343246611 -3.906129934
v -0.423342736 1.343246598 -3.906129950
v -0.442435211 1.376423221 -3.903863929
v -0.415808179 1.366972427 -3.903476503
v -0.415724351 1.363822576 -3.903727496
v -0.416255518 1.367890513 -3.903261396
v -0.423342759 1.343246616 -3.906129978
v 1.061903941 0.791670388 -2.945811706
v -0.665540443 0.421565561 -3.807876827
v -0.423342731 1.343246606 -3.906129941
v 1.061903935 0.791670380 -2.945811703
v -0.665540444 0.421565548 -3.807876828
v 1.062506536 0.791972927 -2.945794675
v 1.055568389 0.795151457 -2.955454880
v -0.423342765 1.343246650 -3.906129977
v -0.665540442 0.421565572 -3.807876826
v -0.665540442 0.421565574 -3.807876825
v 1.071933388 0.797947376 -2.942584024
v 1.072331590 0.798168861 -2.942568357
v 1.069651842 0.796802007 -2.942689212
v 1.066916983 0.795402151 -2.942767472
v 1.067257856 0.795574944 -2.942758810
v -0.665540442 0.421565575 -3.807876825
v -0.665540442 0.421565574 -3.807876825
v -0.423342750 1.343246561 -3.906129980
v 1.061903956 0.791670390 -2.945811712
v 1.067682792 0.795783605 -2.942743342
v -0.423342726 1.343246617 -3.906129929
v -0.436756784 1.371861685 -3.906323908
v 1.062247591 0.791841060 -2.945803030
v 1.059969238 0.790055129 -2.947794902
v -0.434068088 1.361450628 -3.905705526
v 1.061738501 0.791567878 -2.946521164
v -0.435350392 1.371552856 -3.906480087
v -0.441649794 1.365451083 -3.902843795
v 1.061018193 0.790908593 -2.946449807
v 1.055980388 0.786438039 -2.950016820
v -0.423139033 1.348684089 -3.905535814
v -0.423155835 1.349378016 -3.905443173
v -0.426044828 1.353672187 -3.905775348
v 1.061903915 0.791670382 -2.945811697
v -0.422403175 1.348106366 -3.905122324
v -0.524743383 1.246099240 -3.819157099
v -0.517262170 1.260862368 -3.828399327
v -0.555042254 1.190891763 -3.782687890
v -0.539860607 1.220502686 -3.800043337
v -0.390722459 1.201504996 -3.930105049
v -0.390434577 1.202259171 -3.930306263
v -0.390819800 1.190036956 -3.927607714
v -0.391254493 1.190856791 -3.927598815
v -0.406743978 1.218525966 -3.925391956
v -0.409633685 1.222048031 -3.927388609
v -0.439872287 1.312136956 -3.914689302
v -0.440372530 1.316048608 -3.914060614
v -0.435940509 1.291120660 -3.912879308
v -0.435387889 1.293957386 -3.912456176
v -0.431385795 1.300080173 -3.910716284
v -0.430201062 1.303647416 -3.910382730
v -0.387339634 1.197803408 -3.926861488
v -0.423764740 1.329226085 -3.909902930
v -0.426755310 1.258629995 -3.927968029
v -0.487332834 1.386451521 -3.928000527
v -0.464819046 1.335333140 -3.911844815
v -0.550672078 1.196366629 -3.789567998
v -0.510285171 1.271767428 -3.836003862
v -0.536500560 1.223552961 -3.803739486
v -0.422047896 1.331784671 -3.910246508
v -0.434054913 1.367706482 -3.905090899
v -0.441677638 1.382425861 -3.905104264
v -0.665540443 0.421565571 -3.807876826
v -0.666135935 0.424977883 -3.809904299
v -0.353051065 0.012362969 -3.529480541
v 0.844667543 0.569325195 -3.059152082
v -0.665540447 0.421565489 -3.807876835
v -0.353744288 0.015206732 -3.532389167
v -0.423342759 1.343246615 -3.906129978
v -0.665540444 0.421565533 -3.807876830
v -0.665540444 0.421565534 -3.807876830
v -0.665540447 0.421565484 -3.807876835
v -0.665540444 0.421565534 -3.807876830
v -0.665540442 0.421565575 -3.807876825
v 1.067426027 0.795659221 -2.942755322
v 1.056347722 0.795635743 -2.955214766
v -0.423342721 1.343246609 -3.906129926
v -0.423342720 1.343246607 -3.906129924
v 1.066916015 0.795401619 -2.942767492
v -0.423342719 1.343246612 -3.906129921
v 1.061903940 0.791670361 -2.945811701
v 1.061903932 0.791670365 -2.945811699
v -0.422403187 1.348106350 -3.905122345
v -0.423342715 1.343246614 -3.906129915
v 1.062619116 0.792328329 -2.945885936
v -0.422403178 1.348106359 -3.905122330
v -0.422381934 1.347410975 -3.905212839
v 1.061903924 0.791670374 -2.945811698
v -0.422403180 1.348106361 -3.905122332
v -0.422403183 1.348106353 -3.905122338
v -0.422381935 1.347410971 -3.905212841
v -0.386605924 1.195488546 -3.927497802
v -0.423342760 1.343246623 -3.906129978
v -0.423342763 1.343246643 -3.906129977
v 1.071452258 0.797641760 -2.942554897
v -0.423342768 1.343246669 -3.906129976
v -0.389673079 1.188177915 -3.928150581
v -0.423342759 1.343246619 -3.906129978
v -0.415605430 1.228634705 -3.923620360
v -0.665540444 0.421565532 -3.807876830
v -0.439790065 1.313959057 -3.913909140
v -0.665540444 0.421565533 -3.807876830
v -0.434052130 1.291932014 -3.911715309
v -0.428426420 1.313954552 -3.910476645
v -0.434808553 1.293064137 -3.912106056
v -0.428478515 1.308260396 -3.910512830
v -0.429574927 1.309458478 -3.910349691
v -0.390183921 1.207603367 -3.926835568
v -0.386385457 1.197402334 -3.926654169
v -0.471447859 1.606673646 -3.920070184
v -0.512100798 1.576005268 -3.916023819
v -0.439183433 1.375601685 -3.904346480
v -0.425089777 1.329543017 -3.909888725
v -0.424394950 1.329306780 -3.909934979
v -0.436946254 1.372902577 -3.904487705
v -0.429031647 1.362475934 -3.905164343
v -0.428394840 1.361764367 -3.905174715
v -0.432058546 1.368266675 -3.905150239
v -0.429176102 1.358816326 -3.905079207
v -0.494518747 1.300683653 -3.852696140
v -0.665540443 0.421565571 -3.807876826
v -0.666138270 0.424991279 -3.809912224
v -0.355116628 0.020860463 -3.538105222
v -0.665540447 0.421565479 -3.807876836
v -0.362990065 1.169629961 -3.941387477
v -0.394633103 1.231015377 -3.956478741
v -0.350389955 1.158312423 -3.946642644
v -0.459720456 1.428906614 -3.931557046
v -0.366023144 1.174226391 -3.943634683
v -0.370739706 1.177108875 -3.937352855
v -0.350450932 1.146704796 -3.943734912
v -0.343582603 1.152968965 -3.951987311
v -0.340044619 1.136388700 -3.948139917
v -0.340534748 1.130560632 -3.945044357
v -0.365343563 1.143296467 -3.938255550
v -0.386388365 1.226157203 -3.953320971
v -0.332079626 1.130951309 -3.946123674
v -0.352022067 1.174681412 -3.956200153
v -0.348242108 1.157763345 -3.948901365
v -0.346015450 1.159202772 -3.952240133
v -0.389560072 1.204551496 -3.951627505
v -0.384251802 1.196324081 -3.950306095
v -0.356699840 1.162557386 -3.944059946
v -0.372009563 1.178853251 -3.937340853
v -0.385660225 1.212007224 -3.953570468
v -0.366491342 1.181591269 -3.954178047
v -0.370605508 1.160349168 -3.933415557
v -0.365507870 1.148631012 -3.940498070
v -0.354365305 1.134682973 -3.940419247
v -0.324264111 1.119193232 -3.948705620
v -0.295672753 1.112238335 -3.957473253
v -0.298462443 1.113767649 -3.956380836
v -0.423342724 1.343246605 -3.906129931
v 1.070142725 0.797026638 -2.942657548
v 1.067092647 0.795474695 -2.942772920
v 1.063023463 0.792218647 -2.945788987
v 1.068538256 0.796213320 -2.942726480
v 1.051943506 0.814381018 -2.961463526
v 1.066746522 0.795312465 -2.942773853
v 1.068024552 0.795957239 -2.942734962
v 1.036452329 0.833753878 -2.980293713
v 1.067683521 0.795782212 -2.942744262
v 1.066916118 0.795401233 -2.942767807
v 1.068535920 0.796219875 -2.942721484
v 1.068195783 0.796043301 -2.942731389
v 1.067520592 0.795689644 -2.942763545
v -0.423342724 1.343246603 -3.906129931
v -0.423342729 1.343246602 -3.906129939
v -0.423342748 1.343246559 -3.906129978
v -0.423342746 1.343246543 -3.906129980
v -0.423342748 1.343246553 -3.906129980
v 1.061903983 0.791670369 -2.945811716
v 1.061903965 0.791670369 -2.945811710
v -0.423342756 1.343246636 -3.906129969
v -0.423342765 1.343246673 -3.906129972
v -0.423342767 1.343246667 -3.906129976
v -0.423342764 1.343246648 -3.906129977
v -0.423342761 1.343246630 -3.906129977
v 1.056403760 0.799430381 -2.956742650
v -0.423342751 1.343246568 -3.906129980
v -0.423342746 1.343246542 -3.906129981
v -0.423342751 1.343246570 -3.906129979
v -0.552798871 1.189865313 -3.779243574
v -0.493708980 1.301425993 -3.853384538
v -0.550050331 1.196807892 -3.784018203
v -0.491041347 1.307633543 -3.856198183
v -0.425883616 1.328904048 -3.909687131
v -0.426864183 1.328285896 -3.909540142
v -0.428570979 1.327168030 -3.909354511
v -0.430449707 1.320433526 -3.910213671
v -0.438883021 1.374925639 -3.904386003
v -0.429513576 1.359739625 -3.904895700
v -0.427673771 1.356184315 -3.905072554
v -0.427653194 1.356603790 -3.905071065
v -0.449388313 1.401509185 -3.905097266
v -0.453762259 1.411261665 -3.905088763
v -0.427089297 1.355371871 -3.905068192
v -0.437799271 1.377896911 -3.905130566
v -0.509418204 1.272443726 -3.836802426
v -0.453467236 1.410140981 -3.905096291
v -0.536661447 1.222910606 -3.803426766
v -0.327087529 1.153720545 -3.959900863
v -0.324248435 1.121355620 -3.949036327
v -0.301033875 1.112860472 -3.955540608
v -0.449671727 1.400047147 -3.905107557
v -0.394679377 1.195857283 -3.931837048
v -0.383811132 1.176979359 -3.934530966
v -0.411223649 1.221415069 -3.927738958
v -0.425268712 1.247973045 -3.921736427
v -0.426750481 1.246259276 -3.920973099
v -0.423195853 1.349621712 -3.905038899
v -0.422100966 1.350064917 -3.904964650
v -0.422403102 1.348106478 -3.905122186
v -0.422403102 1.348106528 -3.905122198
v -0.422403102 1.348106478 -3.905122186
v -0.422403102 1.348106528 -3.905122198
v -0.422362062 1.348176783 -3.905115242
v -0.422279008 1.348319790 -3.905101691
v -0.421166985 1.350326524 -3.904911702
v -0.419848506 1.353664884 -3.904634962
v -0.417870904 1.358482377 -3.904248295
v -0.421823940 1.349206968 -3.905020190
v -0.419189314 1.355635751 -3.904487053
v -0.418603420 1.361581478 -3.904148690
v -0.419397389 1.367317209 -3.903925174
v -0.419230535 1.356096423 -3.904469749
v -0.418859143 1.369100617 -3.903697204
v -0.416638471 1.367470507 -3.902247301
v -0.419282140 1.369581711 -3.903023204
v -0.416567593 1.360620170 -3.903004679
v -0.416244110 1.365456728 -3.902109435
v -0.419707483 1.368286049 -3.903413673
v -0.419704384 1.370101113 -3.903160103
v -0.415937383 1.353673863 -3.903896552
v -0.417479217 1.362822477 -3.903120804
v -0.420201288 1.357052963 -3.905092327
v -0.421418731 1.368497512 -3.904068206
v -0.417083742 1.349581626 -3.905033157
v -0.484600683 1.317780038 -3.862071672
v -0.476244548 1.479041258 -3.898901080
v -0.466512105 1.331895433 -3.875932020
v -0.487465085 1.535684968 -3.899223329
v -0.544990834 1.277814333 -3.866806879
v -0.491844209 1.250733448 -3.844416797
v -0.449988908 1.402080657 -3.905071066
v -0.438892587 1.376565129 -3.905102831
v -0.432283101 1.368630562 -3.905112644
v -0.436240150 1.375602317 -3.905100883
v -0.434786539 1.368157974 -3.904613802
v -0.438718786 1.374206053 -3.904380156
v -0.422783320 1.324529098 -3.909739097
v -0.422296580 1.334334504 -3.908468606
v -0.422605616 1.328262293 -3.909479135
v -0.423077025 1.333272681 -3.908279338
v -0.424157433 1.353750714 -3.904746809
v -0.428232331 1.349801401 -3.903515143
v -0.417488050 1.342519094 -3.901664086
v -0.435985334 1.371550593 -3.902706908
v -0.489212259 1.537534214 -3.900017216
v -0.485096755 1.490976937 -3.900960441
v -0.429326447 1.357885263 -3.905079605
v -0.431363644 1.360484412 -3.904924005
v -0.459255037 1.365182317 -3.894291953
v -0.430867109 1.357342455 -3.904772332
v -0.491220380 1.356048367 -3.876394656
v -0.576612657 1.318016267 -3.814441214
v -0.462681937 1.384221467 -3.895650830
v -0.485694980 1.370914731 -3.881911800
v -0.418847264 1.342278073 -3.903590193
v -0.429892474 1.361323571 -3.904122914
v -0.448862920 1.393736079 -3.903381389
v -0.461608131 1.420005755 -3.903027250
v -0.465548952 1.429428474 -3.902993588
v -0.477919884 1.468546844 -3.901821220
v -0.428258500 1.351509750 -3.904993732
v -0.431513589 1.357397786 -3.905093432
v -0.587552968 1.271670968 -3.824942767
v -0.428841263 1.352959418 -3.904997391
v -0.573489174 1.297687053 -3.815730674
v -0.627130490 1.288947925 -3.781072694
v -0.616128087 1.299642478 -3.782062292
v -0.455736726 1.321274863 -3.898897333
v -0.426825437 1.341136127 -3.905913145
v -0.441990372 1.371311927 -3.903824730
v -0.433779095 1.373963178 -3.950031885
v -0.332752215 1.410335479 -4.004841124
v -0.448318188 1.398928568 -3.905041205
v -0.447529872 1.397326165 -3.905034806
v -0.422648826 1.351288704 -3.904756366
v -0.435723822 1.374627603 -3.905094904
v -0.429335039 1.360100735 -3.904445771
v -0.443462081 1.382452966 -3.904174563
v -0.435439959 1.273979704 -3.917274305
v -0.423368089 1.349350184 -3.905065331
v -0.422403102 1.348106478 -3.905122186
v -0.422237646 1.348390643 -3.905094889
v -0.422320368 1.348389984 -3.905094463
v -0.421992651 1.348813565 -3.905053700
v -0.418321832 1.366448942 -3.903876478
v -0.417751909 1.363729227 -3.903966177
v -0.420960947 1.352157604 -3.904787605
v -0.419521491 1.367425804 -3.903931221
v -0.418625299 1.369269842 -3.903619004
v -0.418809548 1.370137838 -3.903132277
v -0.418327371 1.369761257 -3.902917974
v -0.417990271 1.366260475 -3.902852445
v -0.420100527 1.370456764 -3.903306722
v -0.358708306 1.281451340 -3.934393555
v -0.433082465 1.377756872 -3.897294912
v -0.537539769 1.294038539 -3.849121858
v -0.447968183 1.398873585 -3.905024456
v -0.427807147 1.360822930 -3.905152721
v -0.436723203 1.370946678 -3.904478206
v -0.437045767 1.371372913 -3.904460292
v -0.408340588 1.316924291 -3.916028370
v -0.420934284 1.327433602 -3.913370606
v -0.422258628 1.331967800 -3.909944472
v -0.422554895 1.330342971 -3.908625388
v -0.428296449 1.360785037 -3.905026012
v -0.448799393 1.391384336 -3.903748868
v -0.466036929 1.438639592 -3.900205001
v -0.430630220 1.358597044 -3.904885862
v -0.446301946 1.387946686 -3.905123988
v -0.435365623 1.362401255 -3.903597372
v -0.446295172 1.394122760 -3.904668625
v -0.426836646 1.358287376 -3.905060171
v -0.435776979 1.369801173 -3.904281944
v -0.446672162 1.396307062 -3.905024789
v -0.355270381 1.472494699 -3.997091559
v -0.549924478 1.330957318 -3.836974563
v -0.623055033 1.304231432 -3.799169384
v -0.565544461 1.289409267 -3.824406270
v -0.434475235 1.298907499 -3.888497934
v -0.441169698 1.377298711 -3.904228190
v -0.472867596 1.452765578 -3.901925217
v -0.421181826 1.348654513 -3.904414323
v -0.322230923 1.128701781 -3.950232498
v -0.380968140 1.185217441 -3.936382657
v -0.420135159 1.239371480 -3.924209292
v -0.433799337 1.270941116 -3.917975360
v -0.422403102 1.348106478 -3.905122186
v -0.422403103 1.348106578 -3.905122210
v -0.422361901 1.348177003 -3.905115398
v -0.421949850 1.348886350 -3.905046767
v -0.420086625 1.353264446 -3.904674109
v -0.417677568 1.368300833 -3.903586154
v -0.418887314 1.361060410 -3.904214021
v -0.421007623 1.352177729 -3.904790875
v -0.420141013 1.370189927 -3.903714418
v -0.420802907 1.371625837 -3.903478248
v -0.421178907 1.371807848 -3.903554977
v 1.061903980 0.791670372 -2.945811716
v 1.059154821 0.795517665 -2.951301526
v 1.061903968 0.791670362 -2.945811710
v -0.417482779 1.369012362 -3.903191372
v -0.421256524 1.370715142 -3.903699286
v -0.344197643 1.303647676 -3.964986880
v -0.458482594 1.427260015 -3.898304380
v -0.448875588 1.400654171 -3.905034686
v -0.429747472 1.363757973 -3.905118574
v -0.442021490 1.379856224 -3.904243367
v -0.419002231 1.334572056 -3.903053526
v -0.416274676 1.325321422 -3.902345774
v -0.595370987 1.298654979 -3.796354265
v -0.430190838 1.357069518 -3.904843081
v -0.452160570 1.384782940 -3.902104178
v -0.431370095 1.361883120 -3.905085531
v -0.488742554 1.535204468 -3.899863400
v -0.422277289 1.333833528 -3.908968124
v -0.420488073 1.344736846 -3.904844472
v -0.422261817 1.332359374 -3.909761217
v -0.433026016 1.365296799 -3.904624464
v -0.434717150 1.367996547 -3.904417022
v -0.422283519 1.337216747 -3.908321089
v -0.422283519 1.337216747 -3.908321089
v -0.422283519 1.337216747 -3.908321089
v -0.422283519 1.337216747 -3.908321089
v -0.422283519 1.337216747 -3.908321089
v -0.422283519 1.337216747 -3.908321089
v -0.422283519 1.337216747 -3.908321089
v -0.422283519 1.337216747 -3.908321089
v -0.422878138 1.351723136 -3.905413206
v -0.422283519 1.337216747 -3.908321089
v -0.423123023 1.351919352 -3.905417131
v -0.439240126 1.350775354 -3.900167610
v -0.493753107 1.258339720 -3.846609822
v -0.515579689 1.227033461 -3.821483510
v 1.061903920 0.791670394 -2.945811701
v -0.488523136 1.265062183 -3.851778762
v -0.479893243 1.281714380 -3.862154250
v -0.441823921 1.350932657 -3.898985866
v -0.429690354 1.361433806 -3.906124811
v -0.431209347 1.365326746 -3.906514657
v 1.043547120 0.765732028 -2.932593814
v -0.478256818 1.467039509 -3.902090256
v -0.431230638 1.363709936 -3.903588803
v -0.614956501 1.292569124 -3.804731077
v -0.449175276 1.296430789 -3.880045699
v -0.458235177 1.415189424 -3.902292092
v -0.419316970 1.334631982 -3.903592545
v -0.445670179 1.311434547 -3.911705804
v -0.440084855 1.298804490 -3.915178663
v -0.446966957 1.355430717 -3.898237976
v -0.539664787 1.211190735 -3.809614949
v -0.481908615 1.493132365 -3.900166953
v -0.443359588 1.386752574 -3.901166750
v -0.412894303 1.331179705 -3.904951490
v -0.416351493 1.338425273 -3.902785513
v -0.426873692 1.358108011 -3.905010167
v -0.410802604 1.326586782 -3.904922893
v -0.453637526 1.550725772 -3.931228854
v -0.413869050 1.425291625 -3.958123254
v -0.488658675 1.390214024 -3.927534683
v -0.548031605 1.200485180 -3.795080093
v -0.424907442 1.551197170 -3.949127759
v -0.502803863 1.522592681 -3.921256031
v -0.403535233 1.218541212 -3.925683988
v -0.393854096 1.478770610 -3.971140759
v -0.508909055 1.257540670 -3.855955900
v -0.507660836 1.563628536 -3.917896514
v -0.526451435 1.229360761 -3.829152605
v -0.398751084 1.215057105 -3.928830187
v -0.434864138 1.275352774 -3.930439141
v -0.416068755 1.241448610 -3.928760405
v -0.500791553 1.573631618 -3.915440842
v -0.494053329 1.405941987 -3.926314972
v -0.430510559 1.361778838 -3.905079914
v -0.449711372 1.403320706 -3.905038020
v -0.446459512 1.392691196 -3.905106829
v -0.428075856 1.397032418 -3.898723948
v -0.461802064 1.413325645 -3.902198163
v -0.456299920 1.409856907 -3.902142084
v -0.446799321 1.417058795 -3.899305315
v -0.425001976 1.324663114 -3.898962913
v -0.432704854 1.359920985 -3.905093746
v -0.434983652 1.367044095 -3.904515030
v -0.442971749 1.297729046 -3.913581458
v -0.445197851 1.330689003 -3.891790771
v -0.429121951 1.243581960 -3.919477989
v -0.520311002 1.292878326 -3.842811667
v -0.433654909 1.274362854 -3.918052308
v -0.448826460 1.372666326 -3.899889817
v -0.439151590 1.279769690 -3.915516530
v -0.446805459 1.329238697 -3.910395346
v -0.437494376 1.291866622 -3.916400229
v -0.442524521 1.319692986 -3.913322964
v -0.440980430 1.322323628 -3.913879657
v -0.468937006 1.287544167 -3.894647316
v -0.453997318 1.345169239 -3.891307748
v -0.455022074 1.361976181 -3.894718901
v -0.486294463 1.363580115 -3.880002866
v -0.441511768 1.331553144 -3.893367353
v -0.572165263 1.263419009 -3.800861603
v -0.352176539 1.581824590 -3.989666107
v -0.463681715 1.448542145 -3.934377005
v -0.520796467 1.335026991 -3.854364943
v -0.592226982 1.291467473 -3.796261633
v -0.507474977 1.325739635 -3.859622342
v -0.478553770 1.360865871 -3.883335904
v -0.439149316 1.371741825 -3.903950648
v -0.524642472 1.220963868 -3.817129845
v -0.488575116 1.541647593 -3.899455174
v -0.415815990 1.346109935 -3.905082094
v -0.413220673 1.339969066 -3.904983502
v -0.460863227 1.334460871 -3.879876434
v -0.488298420 1.311927147 -3.858722446
v -0.410963586 1.338623481 -3.904225742
v -0.411393918 1.336063771 -3.904872951
v -0.412041026 1.335612409 -3.905078635
v -0.417087539 1.347048134 -3.905173727
v -0.409660387 1.331965377 -3.904860695
v -0.416114397 1.345930337 -3.905142579
v -0.408046023 1.326557506 -3.905017706
v -0.413612304 1.340116291 -3.905070627
v -0.410192310 1.332223538 -3.904988104
v -0.417947310 1.359400011 -3.903890148
v -0.389822046 1.190049010 -3.927465018
v -0.394488649 1.196721814 -3.927055884
v -0.386643907 1.195067481 -3.927709160
v -0.384547675 1.184249578 -3.930676960
v -0.389035409 1.190200779 -3.929871200
v -0.421374630 1.240258078 -3.921547425
v -0.417986613 1.358784277 -3.904016969
v -0.390319522 1.200381550 -3.926786473
v -0.420524723 1.363367397 -3.904485236
v -0.418278114 1.367246332 -3.903803402
v -0.391278187 1.202234686 -3.931531370
v -0.555769944 1.192100653 -3.777393338
v -0.556439890 1.188862917 -3.779448904
v -0.545354758 1.208206549 -3.791746546
v -0.556460777 1.188034403 -3.775359324
v -0.438897350 1.303605329 -3.915387364
v -0.400565581 1.207581744 -3.926977428
v -0.437532238 1.290551310 -3.913166384
v -0.439109008 1.297344310 -3.913799100
v -0.432815641 1.291422733 -3.911376623
v -0.422403102 1.348106528 -3.905122198
v -0.387743700 1.200360133 -3.928780335
v -0.420086678 1.352165418 -3.904732825
v -0.381192919 1.189353108 -3.932987031
v -0.424071128 1.323484954 -3.909762825
v -0.426442699 1.320956726 -3.909654946
v -0.390655884 1.207755956 -3.926574131
v -0.395216663 1.213601016 -3.926483314
v -0.383539527 1.204376622 -3.941200398
v -0.423358793 1.349340742 -3.905066203
v -0.422403102 1.348106478 -3.905122186
v -0.375250564 1.181889400 -3.935950270
v -0.422361902 1.348177194 -3.905115422
v -0.386742429 1.198333326 -3.930624587
v -0.432926719 1.297989415 -3.910953371
v -0.425138278 1.323439120 -3.909598307
v -0.345881875 1.140055722 -3.941723469
v -0.331170633 1.131221409 -3.946574564
v -0.346729835 1.136286260 -3.944589916
v -0.340983855 1.147955968 -3.952275581
v -0.360806164 1.167774786 -3.942697112
v -0.367922254 1.174276816 -3.938973122
v -0.377719279 1.187907732 -3.948396329
v -0.308868580 1.117347596 -3.954939094
v -0.358024757 1.157077707 -3.940867264
v -0.302678428 1.115295150 -3.955111964
v -0.325396394 1.128114029 -3.949819041
v -0.399329254 1.212409398 -3.931180873
v -0.307503741 1.116603836 -3.953819125
v -0.369602002 1.166559896 -3.938944855
v -0.367180477 1.172713706 -3.939281434
v -0.360450599 1.152973636 -3.940828175
v -0.384542522 1.195248135 -3.931350534
v -0.407885578 1.503182341 -3.962204359
v -0.400964187 1.216748145 -3.925539950
v -0.395051595 1.238564558 -3.952292350
v -0.360742362 1.166315227 -3.951624708
v -0.374347563 1.167988157 -3.934156298
v -0.355478609 1.160694548 -3.943534217
v -0.345500447 1.156449202 -3.950221397
v -0.351295830 1.157849191 -3.945578275
v -0.372430616 1.180654263 -3.940631109
v -0.428835973 1.361632033 -3.905098688
v -0.430968407 1.318403508 -3.910116049
v -0.491120496 1.307100694 -3.856066789
v -0.410192226 1.220255002 -3.926695429
v -0.390799640 1.214671444 -3.937482430
v -0.415731886 1.350708739 -3.904314615
v -0.421519399 1.368559076 -3.904167624
v -0.418310794 1.366406080 -3.903003430
v -0.420919926 1.356826101 -3.904564938
v -0.419120746 1.367201836 -3.903906170
v -0.421414194 1.349905698 -3.904952680
v -0.422278994 1.348320352 -3.905101139
v -0.418432099 1.355832826 -3.904418567
v -0.422403102 1.348106762 -3.905122210
v -0.422403102 1.348106528 -3.905122198
v -0.422403102 1.348106478 -3.905122186
v -0.421894581 1.350417132 -3.904930174
v -0.420868822 1.233436192 -3.923547627
v -0.422283519 1.337216747 -3.908321089
v -0.422283519 1.337216747 -3.908321089
v -0.422283519 1.337216747 -3.908321089
v -0.422283519 1.337216747 -3.908321089
v -0.527042802 1.315062055 -3.850661966
v -0.422283519 1.337216747 -3.908321089
v -0.422283519 1.337216747 -3.908321089
v -0.422283519 1.337216747 -3.908321089
v -0.422283519 1.337216747 -3.908321089
v -0.443421529 1.384749145 -3.905072145
v -0.479182770 1.348528786 -3.881635479
v -0.490928549 1.345673884 -3.874664730
v -0.460846314 1.506499614 -3.930026142
v -0.516228904 1.304771307 -3.848812915
v -0.568573610 1.285480717 -3.810497427
v -0.381902667 1.324471365 -3.905127721
v -0.387207980 1.327128514 -3.905118101
v -0.377249409 1.322265564 -3.905136712
v -0.400822548 1.335107460 -3.905098032
v -0.396314783 1.332376401 -3.905114737
v -0.372993245 1.320435925 -3.905149236
v -0.365976074 1.317614442 -3.905160083
v -0.372477043 1.320197656 -3.905146502
v -0.379184229 1.323155184 -3.905133936
v -0.423121330 1.351931339 -3.905414057
v -0.423118513 1.351916339 -3.905412915
v -0.426528753 1.287444771 -3.911117898
v -0.423407454 1.282140069 -3.911435651
v -0.430867372 1.274118808 -3.913235393
v -0.426800571 1.295025829 -3.910856653
v -0.419410349 1.342918401 -3.904883327
v -0.423682265 1.285790307 -3.911371655
v -0.424204053 1.284414715 -3.911299788
v 1.051067844 0.780874434 -2.953913218
v 1.022152212 0.745093031 -2.940252032
v -0.552276226 1.198985667 -3.782799342
v -0.477254814 1.323146305 -3.867790162
v 1.040420588 0.770955403 -2.956891224
v 1.043578024 0.774743919 -2.957688702
v -0.493948590 1.301603675 -3.853229337
v -0.547330275 1.204151816 -3.789679126
v -0.554056768 1.191895457 -3.782993173
v -0.550791909 1.194300733 -3.785423059
v -0.558351742 1.187913106 -3.775251352
v -0.539131806 1.222309528 -3.801199822
v -0.477872590 1.322189167 -3.867267743
v -0.488206776 1.289441139 -3.883277673
v -0.546527484 1.209515846 -3.791134059
v -0.552834864 1.196599769 -3.782519130
v -0.413382346 1.338234376 -3.905115115
v -0.419354208 1.353486445 -3.905173426
v -0.403567235 1.316231761 -3.904991548
v -0.390250150 1.198630578 -3.929965459
v -0.391304198 1.201423911 -3.929745888
v -0.424142875 1.309262284 -3.909711565
v -0.423859364 1.295944488 -3.911146688
v -0.425936452 1.303687635 -3.910867737
v -0.409665389 1.232549844 -3.930747450
v -0.395083224 1.208137893 -3.926506071
v -0.502170638 1.433784331 -3.924537791
v -0.454438076 1.304461659 -3.930161408
v -0.389196067 1.537896051 -3.971641782
v -0.438889872 1.275267770 -3.928933069
v -0.427546569 1.398869694 -3.925163312
v -0.426934027 1.331301403 -3.908471265
v -0.425469812 1.297905545 -3.910995539
v -0.423759172 1.291003478 -3.911230063
v -0.422858803 1.351832728 -3.905382186
v -0.422861516 1.351821125 -3.905385385
v -0.421806469 1.351169977 -3.905285156
v -0.422856476 1.351828815 -3.905380480
v -0.422060659 1.351483591 -3.905278460
v -0.422045897 1.351443055 -3.905276052
v -0.417446382 1.347747124 -3.905127656
v -0.416601816 1.346639149 -3.905112891
v -0.422066160 1.351462954 -3.905292613
v -0.422856020 1.351839868 -3.905377881
v -0.423124539 1.351908613 -3.905419885
v -0.423122935 1.351919976 -3.905416971
v -0.415581835 1.345716203 -3.905121325
v -0.416996668 1.347502490 -3.905153579
v -0.452085756 1.355383945 -3.925699016
v -0.429828106 1.359492641 -3.905078387
v -0.426523353 1.356930715 -3.905079983
v -0.449068883 1.401914094 -3.905019443
v -0.450343692 1.404518532 -3.905031107
v -0.449185829 1.400508655 -3.905058504
v -0.422847212 1.370916361 -3.919351153
v -0.423213493 1.393933323 -3.925650792
v -0.433304149 1.365680568 -3.905092476
v -0.541250287 1.208106187 -3.803453613
v -0.422200397 1.346519343 -3.905632224
v -0.422179495 1.350400855 -3.908989761
v -0.395659753 1.302553257 -3.904790325
v -0.403005915 1.316598522 -3.904878354
v -0.419032433 1.351631170 -3.905189447
v -0.400421532 1.313011848 -3.904645218
v -0.406616227 1.323864661 -3.904957787
v -0.409168207 1.332289887 -3.904597015
v -0.400675742 1.311093053 -3.904921066
v -0.402196269 1.312521830 -3.905002434
v -0.406102034 1.325163269 -3.904616897
v -0.523661772 1.220435337 -3.814277575
v -0.550110610 1.237797166 -3.808239738
v -0.428979168 1.357449743 -3.905078606
v -0.494112440 1.242419730 -3.840640566
v -0.397986671 1.302842698 -3.913715803
v -0.550612180 1.232291691 -3.811860458
v -0.469676009 1.328037130 -3.873453199
v -0.456418234 1.337223368 -3.883020181
v -0.482498832 1.479927011 -3.900775591
v 1.056975222 0.786257941 -2.951841010
v 1.044432058 0.775994975 -2.958268947
v -0.408358441 1.328165791 -3.904947273
v -0.413121911 1.342717635 -3.904501497
v -0.412889273 1.343273336 -3.904285972
v -0.420338888 1.354866549 -3.905198643
v -0.420506541 1.353852451 -3.905228147
v -0.417079550 1.346354427 -3.905171458
v -0.424035418 1.402240895 -3.927735230
v -0.405312705 1.317984519 -3.905011790
v -0.421572542 1.356225120 -3.905234928
v -0.418618147 1.350972192 -3.905181951
v -0.420505549 1.353745307 -3.905228213
v -0.421099347 1.354326005 -3.905259498
v -0.402131310 1.318461921 -3.904232632
v -0.420898174 1.354086269 -3.905245125
v -0.419420551 1.350990183 -3.905233595
v -0.413667044 1.347206870 -3.903921430
v -0.399165531 1.308189518 -3.904908373
v -0.447752962 1.309825422 -3.885636803
v -0.397313055 1.302679058 -3.904932441
v -0.423495580 1.417355873 -3.930523563
v -0.419093727 1.341834220 -3.905393770
v -0.423659138 1.446032263 -3.934245664
v -0.396536587 1.298217606 -3.904719741
v -0.423943683 1.294471006 -3.911144822
v -0.426690586 1.353714015 -3.904868293
v -0.420674831 1.352258483 -3.905333543
v -0.418014760 1.357216717 -3.904277207
v -0.419637170 1.358505048 -3.904235900
v -0.419569191 1.357222644 -3.904329631
v -0.418179843 1.356936420 -3.904304452
v -0.421289022 1.351393884 -3.905441381
v -0.420889395 1.353073376 -3.905269407
v -0.421680274 1.354554745 -3.905302578
v -0.421877597 1.355519072 -3.905292977
v -0.428590483 1.356265616 -3.904754418
v -0.426752872 1.355044853 -3.904770557
v -0.425706180 1.352531068 -3.904917448
v -0.665540443 0.421565558 -3.807876827
v -0.665540443 0.421565559 -3.807876827
v -0.416788799 1.359884389 -3.904030650
v -0.416098377 1.366545140 -3.903576040
v -0.416386741 1.361468976 -3.903948155
v -0.466806637 1.419182604 -3.902077507
v -0.460326301 1.406296472 -3.902620743
v -0.439954382 1.372433430 -3.904048065
v -0.442929379 1.376950787 -3.903855405
v -0.457915324 1.401896807 -3.902800225
v -0.489833609 1.483550854 -3.898759997
v -0.464470114 1.414428038 -3.902273563
v -0.413973498 1.366979939 -3.902928265
v -0.417035458 1.359465607 -3.904071431
v -0.482754585 1.455612276 -3.900599264
v -0.423342747 1.343246546 -3.906129980
v -0.423342748 1.343246553 -3.906129980
v 1.056403866 0.799430303 -2.956742671
v 1.057302991 0.798144615 -2.954970080
v 1.050355914 0.795439239 -2.961677714
v 1.038152958 0.821137652 -2.988808612
v -0.427715661 1.355506177 -3.903482475
v -0.423726718 1.346248673 -3.904804449
v -0.424709666 1.346158248 -3.903008259
v -0.442099961 1.374878052 -3.903531420
v -0.438971137 1.373162020 -3.901109796
v -0.422534762 1.347085443 -3.904771519
v 1.066657145 0.795264156 -2.942768763
v 1.066659067 0.795272856 -2.942773309
v -0.422458965 1.347536168 -3.904954086
v -0.427796230 1.357119911 -3.901568092
v 1.066659067 0.795272856 -2.942773309
v -0.422403102 1.348106478 -3.905122186
v -0.475627381 1.437311955 -3.901387587
v -0.492761627 1.484433877 -3.899046510
v -0.485921768 1.462957488 -3.900037753
v -0.459846441 1.406957769 -3.900535254
v -0.480943492 1.450914081 -3.899824835
v -0.473625995 1.432822551 -3.900830602
v 0.951439783 0.941318049 -3.112510654
v 0.959559840 0.945251288 -3.106396125
v 1.040904314 0.816871065 -2.983683374
v -0.424781965 1.345598030 -3.903106018
v -0.427291080 1.344121569 -3.901481682
v 1.067012729 0.795218912 -2.942600423
v -0.426704696 1.345298938 -3.901853837
v -0.423996177 1.346690403 -3.903665192
v -0.428311891 1.345004895 -3.900935155
v -0.422420919 1.347481748 -3.905011247
v -0.422406371 1.347905783 -3.905090242
v -0.422558593 1.346079755 -3.904610904
v -0.422429002 1.347642424 -3.905018349
v 1.067363945 0.795177817 -2.942432741
v 1.071139494 0.796962354 -2.942513320
v -0.425601535 1.345930192 -3.902558917
v -0.430982805 1.343916171 -3.899373232
v 1.066910174 0.795118410 -2.942569349
v 1.068602185 0.795655998 -2.942280753
v 1.070928554 0.797320275 -2.942533184
v 1.067998204 0.795103804 -2.942126548
v -0.427497247 1.344814921 -3.901570223
v -0.432293114 1.343197615 -3.898742518
v 1.073211174 0.797823863 -2.943147194
v 1.063468044 0.791483899 -2.948247248
v 1.065453946 0.792779158 -2.946892341
v 1.073292159 0.798308679 -2.942588381
v 1.073747882 0.798691405 -2.942456286
v 1.061500454 0.795424061 -2.949035190
v -0.583345475 0.146763434 -3.673127794
v -0.669723253 0.445706893 -3.821845809
v -0.421714912 1.342422166 -3.904437975
v -0.422608853 1.342929674 -3.904604643
v -0.422402091 1.347922727 -3.905099900
v -0.429061791 1.342976523 -3.901374651
v -0.436387299 1.337426721 -3.896354637
v -0.424346417 1.347081718 -3.904690561
v -0.430356638 1.343107030 -3.900277647
v -0.441437076 1.336806056 -3.892973857
v -0.426589409 1.345188536 -3.902491650
v -0.437888008 1.341927760 -3.895287181
v -0.426004893 1.344556869 -3.903338898
v -0.427832327 1.343597887 -3.902097664
v -0.448118284 1.388260130 -3.899732494
v 1.066736920 0.795282149 -2.942752036
v -0.463050982 1.414240693 -3.899311241
v 1.064562868 0.793004462 -2.945724909
v 1.061990310 0.791712920 -2.945809761
v -0.477872590 1.322189167 -3.867267743
v 1.062509105 0.791966882 -2.945799019
v -0.451875855 1.395519119 -3.898503470
v -0.465871989 1.419651505 -3.899259261
v -0.480766851 1.451853490 -3.899028073
v -0.428570012 1.360949797 -3.898474997
v -0.483179923 1.460486540 -3.898089241
v -0.431174204 1.362662517 -3.900733886
v -0.424656193 1.354135172 -3.900586536
v -0.438608573 1.377049976 -3.896801897
v -0.447111836 1.390323130 -3.896889526
v -0.438332238 1.376460986 -3.896963252
v -0.431210944 1.368544049 -3.896326835
v -0.424810671 1.355158177 -3.899194097
v -0.457097140 1.406756182 -3.897142727
v -0.425141267 1.356465400 -3.898439485
v -0.428751943 1.367560621 -3.897170294
v -0.425280313 1.362735032 -3.896832491
v -0.423155840 1.356027563 -3.896983654
v -0.442753495 1.381238190 -3.898321075
v -0.417692430 1.341571188 -3.902350379
v -0.431666625 1.365878523 -3.897568429
v -0.419022946 1.345604734 -3.901290730
v -0.430448616 1.366000150 -3.896525261
v -0.422827613 1.355566255 -3.896615204
v 1.061119967 0.790422418 -2.945165922
v 1.061989495 0.791712967 -2.945809472
v -0.422057364 1.350926083 -3.899372708
v -0.418141490 1.342585884 -3.901963987
v -0.443118014 1.388330119 -3.896526452
v -0.429337739 1.367511026 -3.903947846
v -0.422228107 1.353281921 -3.897879428
v -0.423703237 1.356117424 -3.897190210
v -0.447616096 1.398650420 -3.902482594
v -0.428677049 1.368080252 -3.896422809
v -0.449191613 1.401708595 -3.902344038
v -0.419615307 1.363121150 -3.903877394
v -0.423645765 1.353868063 -3.898710561
v -0.423976740 1.356735468 -3.896803365
v -0.417044755 1.362048991 -3.903865521
v -0.422520262 1.373743843 -3.903079744
v -0.416923697 1.368590578 -3.903278660
v -0.424567971 1.376338393 -3.902942596
v -0.425309635 1.352415393 -3.905462524
v -0.422381933 1.347410975 -3.905212838
v -0.529520310 1.212519380 -3.806262700
v -0.441065623 1.419375567 -3.898177713
v -0.440642392 1.413666421 -3.898423758
v -0.465848353 1.420322125 -3.901940370
v -0.429644110 1.378864250 -3.903070533
v -0.423242359 1.363755940 -3.903982457
v -0.416898693 1.362314592 -3.903839961
v -0.444427197 1.380010876 -3.903688535
v -0.416383425 1.367661298 -3.903359689
v -0.482495355 1.459765844 -3.900281253
v -0.473180691 1.445380678 -3.900567351
v -0.480000192 1.465726421 -3.899036345
v -0.407268439 1.209065496 -3.927134562
v -0.428036439 1.305795569 -3.911304273
v -0.404922372 1.315073054 -3.904899656
v 1.070045208 0.796963238 -2.942657801
v -0.514706813 1.265107458 -3.837152114
v 1.060655934 0.789668918 -2.950021056
v -0.437812151 1.342416237 -3.895163484
v 1.066024661 0.793299500 -2.944890735
v 1.070345734 0.795939289 -2.944168859
v 1.073529624 0.798766683 -2.942503898
v 1.066827982 0.795351227 -2.942763952
v 1.071933388 0.797947376 -2.942584024
v 1.066823916 0.795334215 -2.942754421
v 1.066983167 0.795371869 -2.942720468
v 1.066742705 0.795307439 -2.942766510
v -0.418607587 1.323565081 -3.904004565
v -0.472549007 1.466253435 -3.899216403
v -0.325889479 1.271327836 -3.948417650
v -0.463324114 1.463784145 -3.898390822
v -0.465990443 1.462844678 -3.898671482
v -0.469826725 1.468232087 -3.898950412
v -0.461168588 1.395085486 -3.901259096
v -0.391240795 1.204178530 -3.929331799
v -0.392631203 1.191980682 -3.926711680
v -0.436735969 1.289250244 -3.916351707
v -0.432621057 1.267795718 -3.917508493
v -0.439288006 1.310004553 -3.913774989
v -0.401475200 1.218633687 -3.932244448
v -0.407571887 1.324828355 -3.905031920
v -0.480314793 1.510418368 -3.898828161
v -0.465935033 1.415985981 -3.900785576
v -0.421546483 1.380676891 -3.901217820
v -0.462590316 1.430352703 -3.900835860
v -0.479054703 1.456903746 -3.897540081
v -0.400470973 1.327618537 -3.901155347
v -0.665540443 0.421565559 -3.807876827
v -0.665540443 0.421565560 -3.807876827
v -0.665540443 0.421565568 -3.807876826
v 1.048185798 0.805847135 -2.969845118
v -0.665540443 0.421565564 -3.807876827
v 1.040791335 0.805486658 -2.978214372
v -0.665540443 0.421565568 -3.807876826
v 1.049105975 0.804487148 -2.968070877
v 1.042646891 0.802710596 -2.974671155
v 1.051865721 0.800449515 -2.962713764
v 1.050070682 0.797493610 -2.963279410
v 0.846474971 0.566232120 -3.054783748
v 0.846474962 0.566232128 -3.054783746
v 1.061903988 0.791670383 -2.945811720
v -0.410057700 1.352284315 -3.900635256
v -0.451025695 1.399543640 -3.896613239
v -0.352557490 1.241992198 -3.904294955
v -0.365221607 1.257122675 -3.903678505
v -0.398954920 1.306522195 -3.901936603
v -0.432967276 1.401194916 -3.899095363
v -0.437986974 1.374257363 -3.903815573
v -0.431488263 1.391833886 -3.901188436
v -0.451844392 1.401737114 -3.902482132
v -0.489182606 1.287717935 -3.910948236
v -0.495384795 1.304970911 -3.878709911
v -0.433875887 1.359878332 -3.904625876
v -0.428196844 1.301264941 -3.945565106
v -0.636523702 1.279092291 -3.759366233
v -0.614581491 1.264810435 -3.800086678
v -0.414748931 1.366989817 -3.903280351
v -0.443100451 1.378086305 -3.903766645
v -0.437855085 1.374464858 -3.903794997
v -0.414584496 1.364875948 -3.903523623
v -0.413969779 1.366927547 -3.902628659
v -0.413914707 1.366425274 -3.902170274
v -0.446474086 1.409175548 -3.901148965
v -0.364490445 1.258567479 -3.903760972
v -0.435718829 1.319785362 -3.892761728
v -0.463809228 1.424800094 -3.903091822
v -0.433055826 1.371984246 -3.899982139
v -0.339297865 1.342183280 -3.977049585
v -0.414921439 1.367384944 -3.902994097
v -0.349599617 1.238445157 -3.904505762
v -0.442196961 1.413085796 -3.898202824
v -0.352160725 1.246013484 -3.909188827
v -0.429422686 1.282135570 -3.911746804
v -0.428573921 1.290338894 -3.912373288
v -0.383567883 1.290162290 -3.902500578
v -0.437204885 1.282815794 -3.916515902
v -0.443267271 1.337893230 -3.912177742
v -0.350606072 1.313364677 -3.978820528
v -0.461411607 1.527047939 -3.927254711
v -0.582586800 1.273246771 -3.796579823
v -0.454263182 1.341648662 -3.890477885
v -0.472331305 1.414050145 -3.936869176
v -0.602859526 1.265113396 -3.785930468
v -0.388622743 1.327888699 -3.905113530
v -0.402515611 1.336156320 -3.905096110
v -0.423118513 1.351916339 -3.905412915
v -0.402966226 1.336445901 -3.905093342
v -0.371202123 1.319661897 -3.905150784
v -0.423122935 1.351919976 -3.905416971
v -0.369060195 1.318805168 -3.905152765
v -0.362276306 1.257112252 -3.910514425
v -0.393556838 1.329615046 -3.959553148
v -0.375792986 1.268334785 -3.908035721
v -0.488830932 1.300075703 -3.907139694
v -0.435926811 1.313859500 -3.938267977
v -0.381202088 1.347113911 -3.966984262
v -0.221924969 1.315764456 -4.037390153
v -0.370080639 1.361108457 -3.973575051
v -0.367067437 1.384109694 -3.972530356
v -0.348207188 1.261853594 -3.925400597
v -0.340413786 1.259553557 -3.929619403
v -0.348215274 1.252870771 -3.918457884
v -0.359475275 1.255840894 -3.911703336
v -0.370606520 1.260363010 -3.903653742
v -0.345275558 1.242906418 -3.912626883
v -0.351017952 1.251636035 -3.914990531
v -0.348712067 1.239967178 -3.906805666
v -0.350617837 1.245443198 -3.910404784
v -0.345030193 1.251016179 -3.919434677
v -0.410107597 1.317649420 -3.901706696
v -0.341683930 1.247801650 -3.919502195
v -0.344198084 1.240594981 -3.911471917
v -0.345374163 1.245722774 -3.914935318
v -0.413917362 1.366731182 -3.903113182
v -0.429417435 1.276362316 -3.912166796
v -0.427999262 1.272152737 -3.912509910
v -0.426221590 1.403337311 -3.921483911
v -0.448589005 1.392845039 -3.903556834
v -0.429481589 1.335554597 -3.901713364
v -0.423357449 1.326103508 -3.908767812
v -0.441634880 1.374424023 -3.900555455
v -0.405741872 1.304452693 -3.902443393
v -0.411398210 1.303346415 -3.903297378
v -0.405417967 1.294400300 -3.903489898
v -0.340863060 1.266664636 -3.934434327
v -0.371903562 1.259651726 -3.904118844
v -0.443786520 1.401012319 -3.909179165
v -0.428602183 1.434829993 -3.924739110
v -0.398515400 1.377498347 -3.941042697
v -0.423532139 1.312975519 -3.909960190
v -0.422099771 1.353847607 -3.910057929
v -0.423369462 1.317199547 -3.909805475
v -0.436312234 1.434101531 -3.917779752
v -0.357918786 1.366230898 -3.971837923
v -0.397361115 1.406889700 -3.953777858
v -0.421975879 1.423196415 -3.932739137
v -0.430299072 1.436360434 -3.925674682
v -0.589179819 1.281928346 -3.827347922
v -0.415180915 1.314362213 -3.955043941
v -0.341986658 1.266029032 -3.933287164
v -0.545576250 1.291840063 -3.866187936
v -0.449379360 1.403126963 -3.905020499
v -0.422691997 1.351040811 -3.904732399
v -0.448516664 1.400601151 -3.905026447
v -0.440305127 1.383292022 -3.905070383
v -0.424452049 1.358151141 -3.915402738
v -0.338257246 1.267835709 -3.937211438
v -0.358159687 1.266932269 -3.921133356
v -0.422884609 1.322480121 -3.909561979
v -0.448425843 1.400646578 -3.905013036
v -0.423452566 1.318912185 -3.909878187
v -0.425140992 1.363602034 -3.917467249
v -0.241477436 1.309691447 -4.018432335
v -0.390285764 1.291249637 -3.910575126
v -0.292796911 1.292017938 -3.982524243
v -0.292569809 1.303626111 -3.996144686
v -0.285107311 1.313348934 -4.013990368
v -0.419438164 1.328920757 -3.904415993
v -0.430520345 1.315314374 -3.912157089
v -0.440881423 1.347850368 -3.906763950
v -0.326572000 1.283370634 -3.955965102
v -0.414216620 1.329742724 -3.904867376
v -0.423507761 1.308372647 -3.909955030
v -0.416883133 1.336048445 -3.905127244
v -0.424769903 1.316806269 -3.909374092
v -0.426569713 1.330296337 -3.908650741
v -0.418215944 1.338362097 -3.905441229
v -0.423975816 1.324902112 -3.908778363
v -0.425820217 1.332590551 -3.908205433
v -0.665540443 0.421565552 -3.807876828
v -0.423342767 1.343246664 -3.906129976
v -0.666140624 0.425004784 -3.809920211
v -0.665540442 0.421565572 -3.807876826
v -0.665540442 0.421565572 -3.807876826
v -0.665540442 0.421565574 -3.807876825
v -0.665540442 0.421565575 -3.807876825
v -0.667340778 0.431906735 -3.813967009
v -0.665540443 0.421565571 -3.807876826
v -0.665540442 0.421565575 -3.807876825
v 0.839207066 0.578859048 -3.072170199
v 0.822688434 0.609385193 -3.109896089
v 0.834652796 0.587025237 -3.082820893
v 1.044397950 0.817226682 -2.979861386
v 1.062076176 0.791754672 -2.945808132
v 1.061076819 0.792982577 -2.947637831
v 0.971144115 0.813091733 -3.054122592
v 0.839207065 0.578859048 -3.072170199
v 0.983221519 0.918033899 -3.079027074
v -0.665540442 0.421565574 -3.807876825
v 1.060078721 0.794217493 -2.949462969
v 1.010243936 0.830322923 -3.022930361
v 0.820953213 0.612734992 -3.113713150
v -0.665540442 0.421565574 -3.807876825
v -0.665540442 0.421565574 -3.807876825
v -0.583345475 0.146763433 -3.673127794
v -0.665540442 0.421565575 -3.807876825
v 0.836475460 0.583733849 -3.078581055
v 1.062076989 0.791754607 -2.945808420
v 1.020490578 0.819599210 -3.007424319
v 0.950908896 0.864545763 -3.091739316
v 1.033113515 0.802259036 -2.984921684
v 1.042208648 0.796000892 -2.971638982
v 0.917804047 0.781697683 -3.093287231
v 0.917666920 0.789907671 -3.092874473
v 1.040910422 0.794561724 -2.972024267
v 1.065743341 0.796539429 -2.944604143
v 1.061073553 0.792987752 -2.947644978
v 1.060071525 0.794227859 -2.949476962
v 1.060064291 0.794238000 -2.949491347
v 1.059143913 0.795533001 -2.951323028
v 0.962636281 0.849707222 -3.076192783
v 1.043578024 0.774743919 -2.957688702
v 1.060987882 0.792945451 -2.947647007
v 0.845567927 0.567780431 -3.056979632
v 1.052821095 0.799087876 -2.960858270
v 1.009263048 0.825804809 -3.021963373
v 1.059143930 0.795532988 -2.951323032
v 1.038829326 0.767808052 -2.953863190
v -0.424279153 1.350499238 -3.903148195
v -0.418872713 1.342243629 -3.903283080
v -0.420320637 1.342020991 -3.903941549
v -0.420529326 1.342174131 -3.904015437
v 0.955054523 0.826313889 -3.075737040
v 1.065832012 0.796577071 -2.944595018
v 1.053704845 0.797793317 -2.959114099
v 1.051067844 0.780874434 -2.953913218
v -0.665540442 0.421565574 -3.807876825
v -0.665540442 0.421565573 -3.807876826
v -0.583345475 0.146763433 -3.673127794
v -0.362043366 0.049883874 -3.566120018
v 0.814550016 0.625325453 -3.127555949
v 1.037177924 0.811040094 -2.985078188
v 1.023540643 0.812956600 -3.000870953
v 1.066832721 0.795353086 -2.942773464
v 1.057321111 0.798118820 -2.954934445
v 1.043908382 0.771745075 -2.951104602
v 1.061903958 0.791670405 -2.945811715
v 1.053618589 0.803455049 -2.962197385
v 1.058252383 0.796794308 -2.953092325
v 1.051815178 0.806094757 -2.965700055
v 1.063051544 0.794865747 -2.946998694
v 1.056979766 0.796359869 -2.955013004
v -0.369718549 0.082990380 -3.595578563
v 1.061639642 0.790688842 -2.945157113
v 1.065453946 0.792779158 -2.946892341
v 1.062653595 0.790736460 -2.944768803
v 1.058223653 0.796835085 -2.953149320
v 1.050182098 0.777514002 -2.949659423
v 1.060984197 0.792950545 -2.947654208
v 1.023926913 0.739353654 -2.919462191
v 1.052087266 0.775610740 -2.937852119
v 1.060987951 0.792945107 -2.947647297
v 1.052485715 0.777302493 -2.938095248
v 1.015086522 0.730864913 -2.919564189
v 1.073529624 0.798766683 -2.942503898
v -0.488594088 1.308092115 -3.857999970
v 1.061903936 0.791670399 -2.945811707
v 1.060987839 0.792945483 -2.947646999
v 1.006461780 0.717172367 -2.898746365
v -0.508827417 1.271720183 -3.837116128
v 0.991903700 0.702105958 -2.891277837
v -0.536203915 1.222965041 -3.803819130
v 1.006204755 0.717379167 -2.897330348
v 0.838296867 0.580475625 -3.074313903
v 0.796268570 0.663203619 -3.164950507
v 1.013395718 0.730665715 -2.923903463
v 1.019026868 0.732613128 -2.909335423
v 0.996402487 0.705554671 -2.887067667
v -0.539104819 1.202766493 -3.795322895
v 0.846474973 0.566232118 -3.054783749
v -0.327062939 1.312470472 -3.972307833
v -0.415883625 1.367698511 -3.902565548
v -0.414801179 1.366900574 -3.902252345
v -0.417641452 1.338040861 -3.905152975
v -0.409155634 1.348951505 -3.901239532
v -0.414964687 1.360031046 -3.902266089
v -0.409535280 1.340479870 -3.903096736
v -0.422086456 1.356033749 -3.909486150
v -0.435483093 1.334038173 -3.896649450
v -0.417680495 1.335370650 -3.903918792
v -0.418781182 1.339015761 -3.904056651
v -0.419187933 1.335287891 -3.903680623
v -0.445819995 1.366724702 -3.902536127
v -0.452722384 1.389684416 -3.902896883
v -0.442791414 1.340378222 -3.911923738
v -0.440579501 1.311701235 -3.913974912
v -0.441454054 1.329990262 -3.913553996
v -0.438745591 1.295258943 -3.913760401
v -0.448471314 1.432353271 -3.898014271
v -0.437572759 1.412565686 -3.898054749
v -0.432067833 1.381881259 -3.902953133
v -0.422987486 1.364112814 -3.903945900
v -0.470432382 1.481286688 -3.898561111
v 1.066740555 0.795299196 -2.942761657
v 1.066659067 0.795272856 -2.942773309
v 1.066914020 0.795393618 -2.942762311
v 1.068619374 0.796243197 -2.942711954
v 1.071394232 0.797628078 -2.942572988
v -0.434899396 1.342731664 -3.896861053
v 1.034283689 0.821303022 -2.993209297
v 1.064766667 0.789506542 -2.944470059
v 1.059154948 0.795517570 -2.951301549
v -0.424383165 1.336001327 -3.907713985
v -0.423227861 1.349125438 -3.911825497
v -0.424451512 1.310087619 -3.909908898
v 0.845571474 0.567774363 -3.056971067
v -0.396067052 1.311655480 -3.914350168
v -0.419301167 1.343234208 -3.903151653
v -0.419694132 1.342803642 -3.903477957
v 0.993701423 0.702900027 -2.887925785
v -0.545184469 1.201951867 -3.789907586
v 1.054861044 0.782438044 -2.943136611
v -0.462621732 1.304180153 -3.877395516
v 0.983434726 0.691175575 -2.873770820
v 1.057463840 0.787347551 -2.947723848
v -0.445923252 1.339008163 -3.894347918
v -0.305266865 1.287530317 -3.972451904
v -0.441726372 1.322848003 -3.912915106
v -0.442631522 1.343290284 -3.912264824
v -0.459142076 1.432954708 -3.898112222
v -0.451283759 1.407955380 -3.896882392
v 0.845567932 0.567780425 -3.056979633
v -0.369888543 1.285820570 -3.923543069
v -0.358769203 1.317929939 -3.951580357
v -0.267958239 1.305920267 -4.003702538
v -0.367870665 1.258262105 -3.904598988
v -0.377779460 1.284606094 -3.915309069
v -0.469676189 1.291874445 -3.870285842
v -0.446492039 1.332275685 -3.892284863
v -0.280586685 1.334807684 -4.010675266
v -0.343053302 1.319957386 -3.964649545
v -0.457846223 1.449589029 -3.898256955
v -0.363401226 1.312245853 -3.944870014
v -0.206753113 1.326195254 -4.040064284
v -0.342652219 1.329239717 -3.969256064
v -0.401357728 1.305341889 -3.904650067
v -0.373795302 1.307239696 -3.933202811
v -0.420993209 1.343239198 -3.904029401
v -0.418948154 1.339627215 -3.903834873
v -0.417480341 1.335967443 -3.903909168
v -0.417119421 1.334932362 -3.903932490
v -0.354747641 1.307354492 -3.970701565
v -0.498583397 1.324145829 -3.868888917
v -0.521422250 1.253616859 -3.823544595
v -0.393448757 1.333627667 -3.950111104
v -0.470977658 1.297362753 -3.892382617
v -0.465118236 1.352929273 -3.894473477
v -0.409947550 1.304055636 -3.940360470
v -0.369589034 1.524210103 -3.988787347
v -0.414083759 1.198104503 -3.922825959
v -0.459808877 1.424684035 -3.932494444
v -0.450631648 1.349167413 -3.903134475
v -0.569525145 1.286400103 -3.847010141
v -0.435476690 1.338167010 -3.913277449
v -0.461550440 1.378472119 -3.946285637
v -0.529858551 1.239076399 -3.813338045
v -0.476882296 1.409538935 -3.941697196
v -0.444567781 1.358633957 -3.908703020
v -0.474511001 1.353432221 -3.888669523
v -0.420492937 1.344643999 -3.904828100
v -0.422447766 1.353574672 -3.907314281
v -0.418595064 1.341408259 -3.904877691
v -0.422102820 1.352137306 -3.908337145
v -0.395191669 1.299611972 -3.904893457
v -0.382306031 1.279418816 -3.904720880
v -0.394906271 1.303434796 -3.904415825
v -0.386569389 1.290420537 -3.903953576
v -0.411977940 1.352008611 -3.902095019
v -0.410252009 1.350237989 -3.901519951
v -0.399982438 1.320154026 -3.902691619
v -0.381129858 1.282853856 -3.903574101
v -0.406092302 1.332670087 -3.902963311
v -0.401335176 1.323533861 -3.902568471
v -0.452067093 1.237479128 -3.901649386
v -0.432014544 1.316865326 -3.912521475
v -0.584693704 1.255791391 -3.797868212
v -0.423202871 1.354046116 -3.963060844
v 1.066659067 0.795272856 -2.942773309
v -0.371431161 1.342885782 -3.982672404
v -0.477094351 1.432065781 -3.942071229
v -0.422261798 1.354011075 -3.907669896
v -0.420969070 1.348754763 -3.907016957
v -0.411267475 1.327388578 -3.904916077
v -0.391939630 1.294855929 -3.904837385
v -0.369576377 1.262710596 -3.904442448
v -0.413161402 1.360500009 -3.901315387
v -0.407208459 1.349949403 -3.922637298
v -0.428399893 1.277231461 -3.912700437
v -0.414113919 1.360967394 -3.901681850
v -0.404237463 1.327254754 -3.903235277
v -0.423498421 1.400237682 -3.923000124
v -0.427097219 1.275467714 -3.912285071
v -0.415292588 1.366014630 -3.901775497
v -0.426075328 1.279118176 -3.911910546
v -0.430211954 1.314507019 -3.911591277
v -0.426566514 1.285361214 -3.912136933
v -0.480817292 1.574097799 -3.919885452
v -0.516735002 1.244775970 -3.845900195
v -0.474731491 1.320330078 -3.889974960
v -0.439662966 1.310863359 -3.915102456
v -0.425311789 1.444674725 -3.933101465
v -0.426303277 1.353930465 -3.914626752
v -0.424666890 1.414581196 -3.930416471
v -0.428254189 1.286312776 -3.911428971
v -0.414203937 1.364840339 -3.901639846
v -0.426435825 1.327856888 -3.908789030
v -0.394559902 1.303752144 -3.904178722
v -0.401037324 1.315734849 -3.904344504
v -0.425989163 1.309394713 -3.909802115
v -0.425620946 1.312698229 -3.909520223
v -0.424557286 1.279441186 -3.911666683
v -0.425341122 1.288246331 -3.911686993
v -0.423516198 1.288424771 -3.911291820
v -0.464732332 1.332738790 -3.877265671
v -0.439096137 1.408123072 -3.897693929
v 1.066659067 0.795272856 -2.942773309
v 1.066659152 0.795272808 -2.942773304
v 1.068008942 0.795926870 -2.942711598
v 1.066744292 0.795315971 -2.942771064
v 1.067680106 0.795779234 -2.942744981
v 1.069474759 0.796679406 -2.942673782
v 1.071317503 0.797603660 -2.942593214
v -0.402883468 1.310130197 -3.904806168
v -0.418346336 1.339185177 -3.903847742
v -0.419943827 1.343352855 -3.903548703
v -0.425643659 1.351494657 -3.903930651
v -0.441551345 1.357022994 -3.920990594
v -0.484592878 1.306407335 -3.896925329
v -0.460872268 1.381187891 -3.934324058
v -0.318625714 1.333792643 -3.998341468
v 1.066659067 0.795272856 -2.942773309
v -0.422898229 1.415230431 -3.929133782
v -0.440102909 1.391928052 -3.912210714
v -0.419789843 1.343710764 -3.904855130
v -0.421059833 1.348241190 -3.906543557
v -0.405393194 1.314644242 -3.904808855
v -0.381873821 1.279202273 -3.904681206
v -0.388085084 1.293540717 -3.903804602
v -0.397828263 1.317336041 -3.902270991
v -0.402250141 1.331820687 -3.919213218
v -0.413384699 1.364405538 -3.901502463
v -0.412427989 1.360600717 -3.901144579
v -0.390150849 1.322576554 -3.926368278
v -0.375433023 1.343349927 -3.949226585
v -0.422588433 1.349525992 -3.902060137
v -0.385810779 1.330893719 -3.934686832
v 1.066740685 0.795299056 -2.942761518
v -0.422365960 1.393620421 -3.923351666
v 1.066659067 0.795272856 -2.942773309
v -0.516456433 1.293081241 -3.888581854
v -0.355674844 1.245635002 -3.904396115
v -0.419092446 1.341646649 -3.904778869
v -0.419704302 1.342960063 -3.904778997
v -0.394906888 1.295653674 -3.904723610
v -0.425588612 1.294266549 -3.911006947
v -0.453485021 1.298914325 -3.928173335
v -0.434952346 1.344014822 -3.909279779
v -0.422134578 1.368267191 -3.914785135
v -0.430416987 1.280299986 -3.912963866
v -0.428541881 1.267507039 -3.913000802
v -0.422410434 1.347888760 -3.905080648
v -0.462041917 1.395742874 -3.897195730
v -0.473965119 1.390883121 -3.891438296
v -0.488645191 1.332836516 -3.875988998
v -0.457071524 1.349877967 -3.895644990
v -0.434052493 1.390601439 -3.916700954
v -0.431844913 1.348705175 -3.912273383
v -0.362672797 1.299972382 -3.938738292
v -0.353236072 1.279635763 -3.933636109
v 1.066659110 0.795272832 -2.942773307
v 1.066742604 0.795307824 -2.942766196
v -0.345574489 1.323515309 -3.973591635
v -0.447844928 1.367359021 -3.906401322
v -0.346272304 1.311549149 -3.975489470
v -0.457127902 1.359414158 -3.900860279
v -0.436985010 1.283805913 -3.913489208
v -0.437281504 1.290683985 -3.913720150
v -0.307822658 1.312186428 -3.994362852
v 1.066657301 0.795263990 -2.942768718
v 1.066657230 0.795264108 -2.942768759
v -0.422407278 1.348089461 -3.905112488
v -0.440114758 1.303278855 -3.912771466
v -0.434167018 1.273475309 -3.913667076
v -0.431915041 1.268621647 -3.913134372
v -0.436003674 1.287671768 -3.913661678
v -0.432965634 1.277771285 -3.913491075
v -0.368853487 1.563974909 -3.984251791
v -0.374096775 1.190872538 -3.945621384
v -0.355618874 1.552030357 -3.991251055
v -0.407019587 1.441886874 -3.966679193
v -0.480146496 1.381669017 -3.889655161
v -0.318158091 1.356129422 -4.003212330
v 1.066830317 0.795359037 -2.942769114
v 1.066744854 0.795315683 -2.942771363
v -0.419716333 1.346823225 -3.905024466
v -0.409293523 1.338935977 -3.905052414
v -0.409027857 1.338717738 -3.905052938
v -0.363714441 1.316779517 -3.905163654
v 1.067512668 0.795696134 -2.942747807
v 1.067003201 0.795445144 -2.942765511
v -0.394721704 1.302300259 -3.956937284
v -0.334619604 1.310351797 -3.988978162
v -0.361325352 1.315939165 -3.905167822
v 1.067424161 0.795646878 -2.942743337
v -0.409615682 1.339232774 -3.905051934
v -0.409827799 1.339408595 -3.905051518
v -0.456537565 1.321407219 -3.885232698
v -0.443008007 1.403855690 -3.897182149
v -0.439784910 1.306383306 -3.913915123
v -0.457792136 1.439766490 -3.898074370
v -0.439208904 1.302856322 -3.913867252
v -0.441703332 1.329549201 -3.913264009
v -0.441989371 1.324104892 -3.912564331
v -0.435053290 1.388247834 -3.896937123
v -0.441007990 1.411151465 -3.897667106
v -0.443288060 1.394334615 -3.896704127
v -0.229953776 1.315891358 -4.026578153
v -0.422154501 1.347205966 -3.905077511
v -0.422405053 1.348097716 -3.905117520
v 1.066734130 0.795273821 -2.942747238
v 1.066877774 0.795253661 -2.942678356
v -0.356894965 1.287760953 -3.936138475
v -0.371098239 1.327959496 -3.946219190
v -0.289972627 1.350258092 -4.010748050
v -0.283004894 1.327815372 -4.006391661
v -0.431363261 1.377508982 -3.896647172
v -0.440218063 1.398409903 -3.897047156
v -0.478253069 1.492118238 -3.898834966
v -0.475916661 1.464692012 -3.900082609
v -0.472237766 1.449286311 -3.897715087
v -0.422402995 1.348106405 -3.905122145
v 1.066657145 0.795264156 -2.942768763
v 1.066659067 0.795272856 -2.942773309
v 1.066659152 0.795272808 -2.942773304
v 1.069467933 0.796668549 -2.942660003
v -0.420191441 1.346978996 -3.905022042
v -0.429791116 1.266958725 -3.913161238
v -0.431695167 1.266618523 -3.913527806
v -0.430008590 1.271651551 -3.912567287
v -0.431524161 1.272232114 -3.912817805
v -0.422403066 1.348106454 -3.905122172
v -0.433300093 1.270137019 -3.913432380
v -0.422203466 1.362690835 -3.913913316
v -0.422089653 1.345864097 -3.905345702
v -0.422108800 1.346522415 -3.905215754
v -0.447608103 1.399142901 -3.905015091
v -0.429314929 1.360050900 -3.904503777
v -0.423198812 1.351967438 -3.904790552
v -0.446054231 1.387305523 -3.904048624
v -0.436377548 1.370846595 -3.904253124
v -0.448961893 1.402655534 -3.905004330
v -0.422098990 1.350091809 -3.904616438
v -0.445151395 1.394573831 -3.904991837
v -0.422399472 1.350823548 -3.904653932
v -0.457160442 1.409740101 -3.903471206
v -0.441751763 1.380370090 -3.903891106
v -0.420898914 1.343055907 -3.903876715
v -0.447738487 1.390597766 -3.903940038
v -0.434464350 1.366450627 -3.904659252
v -0.434435150 1.366633765 -3.904720803
v -0.448033219 1.395363339 -3.905079221
v -0.452122400 1.399160565 -3.903735011
v -0.430464313 1.356733355 -3.904979390
v -0.438579939 1.375538532 -3.905103322
v -0.432974353 1.363116842 -3.905092896
v -0.421549832 1.349165062 -3.904523479
v -0.448592030 1.392170087 -3.903923561
v -0.453179969 1.401316527 -3.903668925
v -0.429148785 1.356183881 -3.905082273
v -0.442341807 1.380913388 -3.905110815
v -0.448172165 1.396397032 -3.905100529
v -0.446151129 1.387437812 -3.904036408
v -0.435122435 1.368046768 -3.905099361
v -0.434246777 1.366868133 -3.904783245
v -0.435412499 1.369357137 -3.904806402
v -0.436249753 1.370415097 -3.904512296
v -0.448601521 1.392161990 -3.903912251
v -0.429380319 1.357099047 -3.905084003
v -0.447043338 1.393887335 -3.905103784
v -0.433494696 1.364547091 -3.905094021
v -0.438565677 1.375108659 -3.905103855
v -0.429339105 1.357449612 -3.905082195
v -0.448351134 1.396608632 -3.905091850
v -0.433090560 1.361995417 -3.905094901
v -0.438506055 1.374571924 -3.904097243
v -0.445091118 1.385672709 -3.904065908
v -0.438823946 1.375199468 -3.905105184
v -0.458613821 1.369871444 -3.895144228
v -0.459983831 1.392017827 -3.898223121
v -0.454564700 1.404253370 -3.903471798
v -0.452379088 1.387713718 -3.901281247
v -0.462069591 1.370676776 -3.893527357
v -0.447595604 1.399970459 -3.905023183
v -0.453610856 1.392864352 -3.901283416
v -0.462561541 1.380725520 -3.895088542
v -1.098430002 0.844645431 -3.181283070
v -1.101033046 0.908548969 -3.206441951
v -1.100051898 0.883717564 -3.197518345
v -1.098634865 0.849479219 -3.183442401
v -0.423342750 1.343246563 -3.906129980
v -0.423342748 1.343246554 -3.906129980
v -0.423342750 1.343246561 -3.906129980
v -0.423342748 1.343246550 -3.906129980
v -0.408683153 1.340204370 -3.905097886
v -1.089300431 0.812937460 -3.172887595
v -0.453206397 1.386981551 -3.900546249
v -0.411802245 1.342391706 -3.905065139
v -0.418605795 1.347301594 -3.905033840
v -0.416086263 1.345394495 -3.905043312
v -0.418645275 1.347593245 -3.905033792
v -0.419854220 1.348593706 -3.905026041
v -1.089816615 0.798848643 -3.165534277
v -0.421764965 1.350180968 -3.905015285
v -0.422039699 1.350378874 -3.905019911
v -0.420291136 1.348624873 -3.905023027
v -0.421250168 1.349645945 -3.905015025
v -0.420767756 1.349114144 -3.905018477
v -0.411154874 1.341975794 -3.905116939
v -0.405953304 1.338291979 -3.905119643
v -0.404384405 1.337175520 -3.905073983
v -0.406085647 1.338249622 -3.905067418
v -0.420306006 1.348913226 -3.905022156
v -0.420551058 1.349019206 -3.905022341
v -0.419565772 1.347931399 -3.905030949
v -0.999171595 0.689729756 -3.109484603
v -0.422723461 1.354545637 -3.905416557
v -0.408675868 1.340279763 -3.905125256
v -0.411232309 1.341841103 -3.905055084
v -0.420041527 1.348832381 -3.905014015
v -0.407022220 1.339157690 -3.905138430
v -0.402922296 1.336287336 -3.905095177
v -0.415183832 1.344952424 -3.905066321
v -1.100349674 0.891137320 -3.200295212
v -1.098327442 0.842234364 -3.180189645
v -1.160726659 0.998043146 -3.191177046
v -1.124276391 0.915057372 -3.193754346
v -0.443009367 1.381882814 -3.904164684
v -0.431362634 1.392633068 -3.910183376
v -0.665540442 0.421565573 -3.807876826
v -1.108187172 1.031860743 -3.234059920
v -1.099456759 0.869145331 -3.191784445
v -1.100161622 0.886440861 -3.198548616
v -1.097670682 0.823190360 -3.171109631
v -1.098839311 0.854328198 -3.185564907
v -1.098327443 0.842234364 -3.180189646
v -0.665540442 0.421565574 -3.807876825
v -0.665540443 0.421565571 -3.807876826
v -0.665540442 0.421565573 -3.807876826
v -0.665540442 0.421565573 -3.807876826
v -0.665540442 0.421565574 -3.807876825
v -0.423342751 1.343246571 -3.906129980
v -0.423342750 1.343246563 -3.906129980
v -0.665540442 0.421565574 -3.807876825
v -0.665540442 0.421565575 -3.807876825
v -0.665540442 0.421565573 -3.807876826
v -0.423342772 1.343246697 -3.906129975
v -0.425091943 1.353849752 -3.907226020
v -0.665540442 0.421565572 -3.807876826
v -0.665540442 0.421565574 -3.807876825
v -1.096950273 0.822498994 -3.181975694
v -1.119259716 0.839257099 -3.178627056
v -1.056291495 0.789275019 -3.188801615
v -1.113716174 0.837241208 -3.175375354
v -1.111807864 0.836561317 -3.173566313
v -0.423342772 1.343246693 -3.906129976
v -1.097608011 0.825461109 -3.172276339
v -0.665540443 0.421565568 -3.807876826
v -1.097608414 0.825470404 -3.172280876
v -1.102157725 0.852877046 -3.182824211
v -0.665540443 0.421565568 -3.807876826
v -1.109021080 0.854977655 -3.179444584
v -1.105088901 0.841812960 -3.175745327
v -1.072751082 0.804712842 -3.184032415
v -0.423342772 1.343246695 -3.906129975
v -1.073729338 0.800383509 -3.178056085
v -1.097608409 0.825470408 -3.172280875
v -0.423342771 1.343246688 -3.906129976
v -1.082342189 0.811520901 -3.179889890
v -0.442715610 1.388009045 -3.905016495
v -0.428964437 1.359473721 -3.904427052
v -1.127427369 0.911079455 -3.190238347
v -1.097711927 0.827871535 -3.173446905
v -1.157293430 0.974130516 -3.188300593
v -1.097711138 0.827852751 -3.173437836
v -1.101560764 0.838415536 -3.176315330
v -0.665540443 0.421565569 -3.807876826
v -1.045368414 0.774501646 -3.184026509
v -1.029963132 0.730200276 -3.136805539
v -1.108125329 0.833275565 -3.172363518
v -1.097608376 0.825470421 -3.172280866
v -0.422403219 1.348106308 -3.905122404
v -0.422403217 1.348106292 -3.905122405
v -1.097505686 0.823092370 -3.171114923
v -1.109207281 0.859836654 -3.181532040
v -1.097505684 0.823092376 -3.171114923
v -1.097505672 0.823092381 -3.171114920
v -0.423342769 1.343246679 -3.906129976
v -1.092109476 0.819113024 -3.175104648
v -1.080962175 0.813245827 -3.182959940
v -1.082465559 0.814451976 -3.182324676
v -1.081612961 0.813653582 -3.182659673
v -1.084674769 0.815593694 -3.180879039
v -0.423342771 1.343246686 -3.906129976
v -1.097588001 0.823141847 -3.171111901
v -1.084674769 0.815593694 -3.180879039
v -1.094040042 0.820195119 -3.174193375
v -1.097505639 0.823092395 -3.171114911
v -1.097505740 0.823092085 -3.171115157
v -1.101760132 0.843220435 -3.178521546
v -1.097505672 0.823092380 -3.171114920
v -0.665540443 0.421565568 -3.807876826
v -0.423342771 1.343246687 -3.906129976
v -1.097608399 0.825470413 -3.172280873
v -1.067215484 0.796091896 -3.180993003
v -0.429411889 1.360370072 -3.904293809
v -1.117992345 0.864029650 -3.177045507
v -1.097710304 0.827833866 -3.173429042
v -1.097690329 0.825519661 -3.172277945
v -1.097672232 0.823186416 -3.171112648
v -1.097671411 0.823190437 -3.171109850
v -1.097690354 0.825519651 -3.172277952
v -1.102058516 0.850457164 -3.181762321
v -1.097608391 0.825470411 -3.172280870
v -0.423342767 1.343246664 -3.906129976
v -0.665540443 0.421565557 -3.807876827
v -0.665540443 0.421565552 -3.807876828
v -1.102924793 0.872170741 -3.190915998
v -1.063833724 0.789059990 -3.178249802
v -1.086947820 0.812294947 -3.174930018
v -1.083182161 0.810850985 -3.178106863
v -1.091545334 0.817000202 -3.175136704
v -1.118232245 1.076398183 -3.233013714
v -1.098634778 0.849479254 -3.183442377
v -1.098433504 0.844730987 -3.181321610
v -0.423342768 1.343246670 -3.906129976
v -1.105990460 0.839387203 -3.173651524
v -1.101346277 0.833585207 -3.174061823
v -0.423342759 1.343246616 -3.906129978
v -0.423342748 1.343246553 -3.906129980
v -1.101075592 0.826487838 -3.170639431
v -0.423342773 1.343246699 -3.906129975
v -0.423342771 1.343246690 -3.906129976
v -1.100861759 0.825094707 -3.170966502
v -1.097922042 0.823328276 -3.171108710
v -1.098244650 0.823533887 -3.171089566
v -1.099314283 0.824173240 -3.171045337
v -1.132745006 0.871641926 -3.165583233
v -1.097753107 0.823239487 -3.171106821
v -1.097753981 0.823240330 -3.171106503
v -1.098492552 0.823675086 -3.171075690
v -1.097589354 0.823139136 -3.171114126
v -1.102566623 0.826128760 -3.170878334
v -1.098821360 0.823874203 -3.171063359
v -0.665540445 0.421565530 -3.807876830
v -0.665540447 0.421565479 -3.807876836
v -0.583345475 0.146763433 -3.673127794
v -0.665540442 0.421565574 -3.807876825
v -0.665540442 0.421565575 -3.807876825
v -1.094403173 0.820847231 -3.175280092
v -1.081502928 0.807001580 -3.176193138
v -1.052216418 0.758156013 -3.150363139
v -1.058721121 0.786073843 -3.179419857
v -1.067713223 0.799592528 -3.184411329
v -1.097608351 0.825470434 -3.172280860
v -1.097587678 0.823141637 -3.171111911
v -1.038887199 0.752275404 -3.159772016
v -1.032366628 0.729143899 -3.131812523
v -0.422320545 1.350700783 -3.905608874
v -0.422494371 1.348057359 -3.905570083
v -0.439859455 1.374267484 -3.905022255
v -0.422283519 1.337216747 -3.908321089
v -0.422572154 1.346490894 -3.905627455
v -0.422283519 1.337216747 -3.908321089
v -0.424483984 1.355642863 -3.905434294
v -0.437902465 1.369207574 -3.905020150
v -0.422652059 1.347158265 -3.905068746
v -0.424200693 1.355814910 -3.905432713
v -0.425323945 1.358010981 -3.905349407
v -0.422283519 1.337216747 -3.908321089
v -0.422283519 1.337216747 -3.908321089
v -0.422553363 1.356244751 -3.905323116
v -0.422577351 1.356590186 -3.905331324
v -0.423146181 1.357296922 -3.905334640
v -0.430609534 1.362363590 -3.905178561
v -1.097505392 0.823092510 -3.171114848
v -0.422381615 1.350829996 -3.905820721
v -0.422699723 1.345822168 -3.905339043
v -1.104715937 0.827375966 -3.170696947
v -1.096424857 0.812671358 -3.170142748
v -1.097505392 0.823092510 -3.171114848
v -1.097505392 0.823092510 -3.171114848
v -0.418263775 1.346573952 -3.905038013
v -0.419857086 1.348545047 -3.904956337
v -0.417209985 1.346824598 -3.905229669
v -0.411174348 1.342894517 -3.904457941
v -0.412219427 1.342845098 -3.905124055
v -0.414878027 1.344911364 -3.905225336
v -0.398639826 1.333641258 -3.905110508
v -0.408803985 1.340628787 -3.905176643
v -0.401298681 1.334843381 -3.905087102
v -0.409450430 1.340213131 -3.905068540
v -0.412671072 1.342255163 -3.905060297
v -0.415366960 1.344539204 -3.905050469
v -0.418560014 1.346935673 -3.905035361
v -0.416806272 1.345240857 -3.905041128
v -0.423342747 1.343246546 -3.906129980
v -0.423342769 1.343246674 -3.906129976
v -1.098082621 0.823437280 -3.171094650
v -1.098491982 0.823676361 -3.171075055
v -1.115117935 0.847359515 -3.168457822
v -1.106796365 0.834586889 -3.170423716
v -1.102182836 0.828855361 -3.170803524
v -0.583345475 0.146763434 -3.673127794
v -0.427388510 1.367910687 -3.908488551
v -1.097608405 0.825470140 -3.172281093
v -1.097608715 0.825479824 -3.172285422
v -1.085598219 0.803191989 -3.165114969
v -1.104096895 0.827056803 -3.170784920
v -1.086562581 0.805212054 -3.165140091
v -1.097588414 0.823141735 -3.171112132
v -1.097835180 0.823289980 -3.171103133
v -1.097505588 0.823092371 -3.171114895
v -1.038423476 0.748667935 -3.155088332
v -0.429079219 1.361532382 -3.905226092
v -0.427378629 1.358744786 -3.905224136
v -0.430860956 1.364748237 -3.905210555
v -0.426423382 1.359561774 -3.905321557
v -0.424396030 1.354015906 -3.905418192
v -0.442205690 1.374257831 -3.904998121
v -0.422252942 1.351044415 -3.905607293
v -0.423619644 1.353496105 -3.905570465
v -0.426423382 1.359561774 -3.905321557
v -0.425323945 1.358010981 -3.905349407
v -0.422825845 1.354945461 -3.905442255
v -0.422555256 1.356784735 -3.905262944
v -0.423146181 1.357296922 -3.905334640
v -0.423053037 1.355523412 -3.905313507
v -0.422347086 1.357562940 -3.905287321
v -0.422602039 1.357451788 -3.905291307
v -1.379743346 0.887312031 -3.074442835
v -1.242860617 0.903450868 -3.120348897
v -0.422283519 1.337216747 -3.908321089
v -1.276239025 0.938999276 -3.085133823
v -0.429199226 1.365281474 -3.905197314
v -0.426860347 1.362726829 -3.905231430
v -0.419378953 1.348273308 -3.904885811
v -0.424811032 1.358847166 -3.905331949
v -0.409651795 1.341599671 -3.904307535
v -0.410389812 1.341805548 -3.904385340
v -0.420489361 1.348661536 -3.905020669
v -0.418235789 1.346098567 -3.905030943
v -0.396204158 1.332317930 -3.905115887
v -0.405398627 1.338057823 -3.905146026
v -0.391163905 1.328756719 -3.905085634
v -0.404523574 1.336609440 -3.905084214
v -0.420769041 1.349467765 -3.905017933
v -1.097666084 0.823173485 -3.171098995
v -1.097505392 0.823092510 -3.171114848
v -1.097505392 0.823092510 -3.171114848
v -1.097505647 0.823091968 -3.171115008
v -1.097585822 0.823132847 -3.171106859
v -1.097585861 0.823132778 -3.171106828
v -1.099729944 0.827822767 -3.171466355
v -1.097505392 0.823092510 -3.171114848
v -1.104266061 0.831171011 -3.169969267
v -1.098614364 0.825447714 -3.171294404
v -1.102065210 0.826455338 -3.169651482
v -1.097668020 0.823182709 -3.171103633
v -1.097503238 0.823083760 -3.171110019
v -1.098078069 0.823413439 -3.171078122
v -1.097505392 0.823092510 -3.171114848
v -1.105363225 0.833530631 -3.170114811
v -1.097505392 0.823092510 -3.171114848
v -1.104266061 0.831171011 -3.169969267
v -1.097585822 0.823132847 -3.171106859
v -1.097668236 0.823182236 -3.171103824
v -1.097505431 0.823092440 -3.171114817
v -1.097505431 0.823092440 -3.171114817
v -1.097505471 0.823092370 -3.171114785
v -1.097505471 0.823092370 -3.171114785
v -1.097736036 0.823171834 -3.171065674
v -1.098805796 0.823841121 -3.171039678
v -1.099393832 0.824202115 -3.171033510
v -1.097996294 0.823377823 -3.171092502
v -0.665540443 0.421565559 -3.807876827
v -1.098122045 0.837424178 -3.177975361
v -1.127248866 1.077506519 -3.226877010
v -1.097505613 0.823092371 -3.171114902
v -0.423342765 1.343246650 -3.906129977
v -1.098578382 0.823729897 -3.171081138
v -0.665540442 0.421565575 -3.807876825
v -1.102970599 0.826391126 -3.170860196
v -0.665540442 0.421565574 -3.807876825
v -1.098334412 0.823574163 -3.171095183
v -0.665540442 0.421565572 -3.807876826
v -1.097505604 0.823092360 -3.171114898
v -1.097980584 0.821856883 -3.170289587
v -1.103215677 0.879505563 -3.193813820
v -1.097914946 0.832592794 -3.175706965
v -0.423342768 1.343246670 -3.906129976
v -0.423342771 1.343246685 -3.906129976
v -0.423342771 1.343246688 -3.906129976
v -1.101644366 0.840746417 -3.177399357
v -1.119451778 0.849553376 -3.168788854
v -1.234549101 0.942445922 -3.123262495
v -1.229637719 0.949423495 -3.126946321
v -1.172246387 0.931828182 -3.163614823
v -1.121419924 0.849517986 -3.166784305
v -1.121025369 0.884511975 -3.184062687
v -1.097689990 0.825509193 -3.172274171
v -1.097608538 0.825469537 -3.172281564
v -1.097814875 0.830267655 -3.174599237
v -1.098019369 0.835025104 -3.176854580
v -1.097814895 0.830267647 -3.174599242
v -1.093898307 0.817976183 -3.172515859
v -1.099357304 0.823633375 -3.170597036
v -0.422283519 1.337216747 -3.908321089
v -1.098790493 0.823754373 -3.170992136
v -0.425085843 1.359607380 -3.905280157
v -0.418719710 1.347936984 -3.904853594
v -0.416196175 1.345518748 -3.904809619
v -0.420511554 1.348827154 -3.905023521
v -0.418721854 1.346725714 -3.905029230
v -0.417006542 1.346564215 -3.905130950
v -0.419778698 1.347955452 -3.905026765
v -0.414386848 1.344608567 -3.905231647
v -0.408047617 1.340042211 -3.905170655
v -0.414117280 1.344774562 -3.905219400
v -0.417507147 1.347211860 -3.905250740
v -0.395851943 1.331772609 -3.905093975
v -0.396251713 1.331852324 -3.905092912
v -0.390490692 1.328617470 -3.905094087
v -0.395348194 1.330997309 -3.905093618
v -1.098653202 0.823770528 -3.171069677
v -1.099794943 0.824404152 -3.170976981
v -1.097884304 0.823210487 -3.171024968
v -0.416705837 1.346485839 -3.904888656
v -1.098618726 0.825456989 -3.171295094
v -1.097505392 0.823092510 -3.171114848
v -1.100201268 0.824678404 -3.170974998
v -1.097505392 0.823092510 -3.171114848
v -1.098614364 0.825447714 -3.171294404
v -1.097505569 0.823092108 -3.171115070
v -1.097588359 0.823141598 -3.171111993
v -1.097505569 0.823092108 -3.171115070
v -1.097505431 0.823092440 -3.171114817
v -1.097587817 0.823141878 -3.171111813
v -1.097587857 0.823141808 -3.171111782
v -1.097753107 0.823239487 -3.171106821
v -1.098163243 0.823483377 -3.171092467
v -1.098992073 0.823976069 -3.171057795
v -1.102065210 0.826455338 -3.169651482
v -1.097505392 0.823092510 -3.171114848
v -1.105605074 0.829846271 -3.169144247
v -1.105636832 0.829872931 -3.169136222
v -1.097588095 0.823141212 -3.171112321
v -1.100961575 0.824099369 -3.169479236
v -1.100975168 0.824103350 -3.169472769
v -1.097587817 0.823141878 -3.171111813
v -1.102182836 0.828855361 -3.170803524
v -1.102146399 0.828810284 -3.170806234
v -1.102164546 0.828832734 -3.170804885
v -1.101075592 0.826487838 -3.170639431
v -1.097589354 0.823139136 -3.171114126
v -1.097505532 0.823092177 -3.171115102
v -1.097588381 0.823141474 -3.171112342
v -1.098489170 0.823671795 -3.171076193
v -1.102566623 0.826128760 -3.170878334
v -1.097589354 0.823139136 -3.171114126
v -1.098745556 0.823824068 -3.171067136
v -1.072751082 0.804712842 -3.184032415
v -1.067713223 0.799592528 -3.184411329
v -0.999171595 0.689729756 -3.109484603
v -0.992966560 0.681418353 -3.099902722
v -1.047486296 0.767489022 -3.169792654
v -1.054546843 0.780200661 -3.177302986
v -0.994746203 0.684817756 -3.104608238
v -1.068903663 0.800161966 -3.183599333
v -1.001733206 0.695234321 -3.115536675
v -1.008854084 0.705946671 -3.125339323
v -1.008252650 0.704662131 -3.124145210
v -1.102121462 0.825799786 -3.170850969
v -0.423469146 1.369226152 -3.904066436
v -0.422930778 1.367776469 -3.904598352
v -0.427681452 1.367457222 -3.903883839
v -0.427795400 1.367232221 -3.903112265
v -0.422947297 1.362893307 -3.905152341
v -0.427933191 1.367730570 -3.904018223
v -0.422892949 1.361959983 -3.905203417
v -0.422403783 1.370072267 -3.904248310
v -0.422894869 1.361944587 -3.905203268
v -0.435247199 1.371558487 -3.905071631
v -0.430960543 1.369624424 -3.905077454
v -0.429631923 1.366881316 -3.905169979
v -0.435915824 1.372892713 -3.904865057
v -0.427246684 1.365975712 -3.905123942
v -0.439077687 1.374819683 -3.904937987
v -0.433550518 1.370921603 -3.905063962
v -0.436262151 1.372490459 -3.904215715
v -0.430620796 1.368706618 -3.905138280
v -0.445092366 1.379043964 -3.904217923
v -0.441311970 1.376627391 -3.904605406
v -0.444877728 1.377304706 -3.904989225
v -0.442205690 1.374257831 -3.904998121
v -0.424366333 1.360656839 -3.905234110
v -0.425621182 1.361842249 -3.905226719
v -0.423734889 1.358448076 -3.905292435
v -0.425085843 1.359607380 -3.905280157
v -0.424007295 1.358216677 -3.905301902
v -0.422811783 1.357175133 -3.905280678
v -0.422893929 1.357642764 -3.905263697
v -0.424811565 1.360188355 -3.905258416
v -0.427376619 1.364891606 -3.905186907
v -0.422403102 1.348106478 -3.905122186
v -0.415694636 1.341691812 -3.896339182
v -0.426134024 1.348211615 -3.901332734
v -0.427458607 1.349215635 -3.902422506
v -0.409025160 1.339346507 -3.896792840
v -0.415415378 1.341946952 -3.897566220
v -0.418104090 1.343325088 -3.897339323
v -0.422098527 1.344432658 -3.896834344
v -0.416475812 1.341996701 -3.896535820
v -0.423088683 1.344685430 -3.896638197
v -0.422133308 1.345319360 -3.897314418
v -1.097505392 0.823092510 -3.171114848
v -1.103166714 0.828812566 -3.169814825
v -1.097505392 0.823092510 -3.171114848
v -1.097505431 0.823092440 -3.171114817
v -1.097587817 0.823141878 -3.171111813
v -1.097753959 0.823240454 -3.171106154
v -1.097505392 0.823092510 -3.171114848
v -1.097587918 0.823141614 -3.171112098
v -1.102146398 0.828810284 -3.170806234
v -1.100975168 0.824103350 -3.169472769
v -1.097587819 0.823141877 -3.171111813
v -1.097588095 0.823141212 -3.171112321
v -1.097505392 0.823092510 -3.171114848
v -1.097505531 0.823092176 -3.171115103
v -1.098406828 0.823623306 -3.171078427
v -0.989147425 0.675767058 -3.093318790
v -0.985775291 0.671767387 -3.091372218
v -0.986153752 0.672215842 -3.092832312
v -1.031310524 0.741460410 -3.153683896
v -1.023348181 0.728094335 -3.143311347
v -1.244570564 1.071590033 -3.200701410
v -1.243191815 1.071532928 -3.200086730
v -0.437900970 1.423600205 -3.922747150
v -0.425179856 1.369018104 -3.903408832
v -0.424751828 1.367775246 -3.904482876
v -0.422943048 1.362953071 -3.905147762
v -0.425987803 1.365852901 -3.905090396
v -0.439859455 1.374267484 -3.905022255
v -0.433775179 1.370004962 -3.905108977
v -0.434065323 1.371172337 -3.904281018
v -0.433910228 1.371404730 -3.904493548
v -0.438235723 1.374308397 -3.904587042
v -0.433065346 1.369984620 -3.903912104
v -0.422313498 1.345799346 -3.898785586
v -0.423605435 1.347015887 -3.899495777
v -0.421039830 1.344541892 -3.898440287
v -0.420576281 1.344544597 -3.896938558
v -0.421340834 1.345498531 -3.899245784
v -1.092211372 0.813875192 -3.166604277
v -0.429199226 1.365281474 -3.905197314
v -0.420753166 1.402244831 -3.927672293
v -0.425598768 1.362113862 -3.905199963
v -0.446227497 1.379577604 -3.904907521
v -0.440794686 1.375736167 -3.904947554
v -1.097743900 0.823206066 -3.171085789
v -1.097815574 0.823214850 -3.171057136
v -1.097505392 0.823092510 -3.171114848
v -1.097505392 0.823092510 -3.171114848
v -1.097505392 0.823092510 -3.171114848
v -1.097505392 0.823092510 -3.171114848
v -1.097505392 0.823092510 -3.171114848
v -1.121419924 0.849517986 -3.166784305
v -1.098491982 0.823676361 -3.171075055
v -1.097505392 0.823092510 -3.171114848
v -1.097505392 0.823092510 -3.171114848
v -1.097505392 0.823092510 -3.171114848
v -1.097505392 0.823092510 -3.171114848
v -1.097505392 0.823092510 -3.171114848
v -1.103166714 0.828812566 -3.169814825
v -1.109530670 0.869413346 -3.185545339
v -1.120365858 0.894368218 -3.188722580
v -1.179666306 0.956863553 -3.168142342
v -1.097505392 0.823092510 -3.171114848
v -1.097505392 0.823092510 -3.171114848
v -1.236741691 1.046569160 -3.191931729
v -1.238466399 1.050657280 -3.192686176
v -1.240114464 1.057842674 -3.199774276
v -1.245709466 1.069850280 -3.201336177
v -0.436639823 1.425291142 -3.923579471
v -0.444178607 1.378422127 -3.904866005
v -0.450425122 1.383612080 -3.904774154
v -0.439390206 1.374511796 -3.905008398
v -0.443651528 1.377052947 -3.904979608
v -0.437210173 1.373354208 -3.904985170
v -0.433931267 1.371614475 -3.904976969
v -0.429754600 1.369211186 -3.905031403
v -0.426976516 1.367730511 -3.902844358
v -0.424705969 1.370456664 -3.903303257
v -0.425101879 1.370100745 -3.903156239
v -0.439319611 1.426197692 -3.922178181
v -0.439501608 1.427626550 -3.922983741
v -0.421936408 1.348851132 -3.905015653
v -0.421933697 1.348816341 -3.905015502
v -0.419962826 1.346898546 -3.905023183
v -0.422388242 1.349815645 -3.905002231
v -0.422413767 1.350893138 -3.904996053
v -0.422344458 1.350593736 -3.904985854
v -0.422405090 1.350903248 -3.904994287
v -0.422360331 1.350688135 -3.904987924
v -0.422296634 1.350953704 -3.904972997
v -0.422313920 1.350933564 -3.904976514
v -0.422396413 1.350913358 -3.904992522
v -0.423342749 1.343246560 -3.906129980
v -1.100055376 0.824632830 -3.171005708
v -1.097505661 0.823092291 -3.171114909
v -1.097505650 0.823092303 -3.171114907
v -1.098085607 0.823437008 -3.171096316
v -1.005439437 0.695462778 -3.109432146
v -1.041023246 0.748268074 -3.150957554
v -1.020578985 0.713440055 -3.120785497
v -1.096590006 0.821542900 -3.170625749
v -1.076443404 0.791005304 -3.160833998
v -0.424811032 1.358847166 -3.905331949
v -0.425851943 1.363611922 -3.905196909
v -0.422730369 1.356905407 -3.905309741
v -0.423969555 1.355766789 -3.905439823
v -0.427906526 1.365710869 -3.905179234
v -0.413859286 1.352825982 -3.910901594
v -0.415825794 1.347162766 -3.910412230
v -0.419619602 1.341474394 -3.910129432
v -0.412584026 1.353593751 -3.911316982
v -0.412267584 1.356701973 -3.911672109
v -0.430728362 1.369133553 -3.904307716
v -0.423368611 1.369287653 -3.904166059
v -0.426655580 1.367870160 -3.902995990
v -0.430250767 1.368344701 -3.903888614
v -0.428721058 1.366919010 -3.902100220
v -0.428921787 1.367211448 -3.902995049
v -1.097505392 0.823092510 -3.171114848
v -1.097505392 0.823092510 -3.171114848
v -1.097505392 0.823092510 -3.171114848
v -1.097505392 0.823092510 -3.171114848
v -1.097505392 0.823092510 -3.171114848
v -1.097505392 0.823092510 -3.171114848
v -1.097505392 0.823092510 -3.171114848
v -1.097505392 0.823092510 -3.171114848
v -1.097505392 0.823092510 -3.171114848
v -1.097505392 0.823092510 -3.171114848
v -1.097505392 0.823092510 -3.171114848
v -1.097505392 0.823092510 -3.171114848
v -1.097505392 0.823092510 -3.171114848
v -1.097505392 0.823092510 -3.171114848
v -1.097505392 0.823092510 -3.171114848
v -1.097505392 0.823092510 -3.171114848
v -1.001037469 0.693178314 -3.112118631
v -1.068133660 0.800293414 -3.184648579
v -0.990296228 0.677527468 -3.099941939
v -0.422403221 1.348106339 -3.905122397
v -1.097505670 0.823092305 -3.171114913
v -0.422403225 1.348106342 -3.905122402
v -1.097505635 0.823092338 -3.171114906
v -0.422727680 1.355786389 -3.905345457
v -0.424271516 1.358176066 -3.905348836
v -0.420116677 1.347128472 -3.904940000
v -0.410525482 1.357948171 -3.912253424
v -0.411441127 1.353617860 -3.913551156
v -0.411172447 1.357357454 -3.911988431
v -0.411592055 1.353524238 -3.914594558
v -0.411136479 1.352121013 -3.913842475
v -0.410949540 1.356001086 -3.914117459
v -0.416257543 1.349349355 -3.915017988
v -0.410008275 1.359608038 -3.912934578
v -0.417148369 1.344099146 -3.910394267
v -0.414865633 1.351200234 -3.910470984
v -0.423965807 1.373866840 -3.917063305
v -0.419724757 1.351531720 -3.915521196
v -1.228968962 1.029239187 -3.188903371
v -1.221257819 1.013798502 -3.192536451
v -1.219597774 1.011063999 -3.192691190
v -1.230419294 1.035469571 -3.189983276
v -1.215659485 1.004008676 -3.193971807
v -1.214122218 0.999860306 -3.196652357
v -1.202044605 0.977267634 -3.209807793
v -1.094804342 0.858429037 -3.292077047
v -1.055265801 0.853432290 -3.300462747
v -1.094761611 0.854080951 -3.246944345
v -0.994851417 0.683237614 -3.100713010
v -0.446516798 1.380756552 -3.904630957
v -1.002817657 0.693945518 -3.118791228
v -1.087059151 0.830562521 -3.224353437
v -1.100861759 0.825094707 -3.170966502
v -1.100698313 0.824980282 -3.170969026
v -0.988964661 0.675306553 -3.095786590
v -0.993550129 0.680049200 -3.099643233
v -1.098904332 0.823922417 -3.171060457
v -1.098492471 0.823675402 -3.171075027
v -1.097587871 0.823140760 -3.171112615
v -1.115117935 0.847359515 -3.168457822
v -1.097587871 0.823140760 -3.171112615
v -1.097588095 0.823141212 -3.171112321
v -1.097672232 0.823186416 -3.171112648
v -1.097608538 0.825469537 -3.172281564
v -1.106796365 0.834586889 -3.170423716
v -1.103265462 0.831191846 -3.170959759
v -0.422283519 1.337216747 -3.908321089
v -0.422283519 1.337216747 -3.908321089
v -0.422283519 1.337216747 -3.908321089
v -0.422283519 1.337216747 -3.908321089
v -0.434338497 1.365038773 -3.904939317
v -0.428751448 1.358023363 -3.904992883
v -1.106796365 0.834586889 -3.170423716
v -1.102182836 0.828855361 -3.170803524
v -1.097753107 0.823239487 -3.171106821
v -1.102182835 0.828855362 -3.170803523
v -1.097587819 0.823141877 -3.171111813
v -0.422283519 1.337216747 -3.908321089
v -0.422283519 1.337216747 -3.908321089
v -0.422283519 1.337216747 -3.908321089
v -0.422283519 1.337216747 -3.908321089
v -0.422508957 1.348680175 -3.905342139
v -0.423969555 1.355766789 -3.905439823
v -0.422283519 1.337216747 -3.908321089
v -0.427471365 1.360140681 -3.905270086
v -0.422782340 1.354055684 -3.905463024
v -1.102065210 0.826455338 -3.169651482
v -1.102065210 0.826455338 -3.169651482
v -1.097588095 0.823141212 -3.171112321
v -1.105605074 0.829846271 -3.169144247
v -1.097505392 0.823092510 -3.171114848
v -1.097505392 0.823092510 -3.171114848
v -1.382384238 0.897715990 -3.076007876
v -0.421874040 1.350307775 -3.904995898
v -1.234549101 0.942445922 -3.123262495
v -1.097753981 0.823240330 -3.171106503
v -1.098082621 0.823437280 -3.171094650
v -1.097587817 0.823141878 -3.171111813
v -1.098489170 0.823671795 -3.171076193
v -1.097753161 0.823239471 -3.171106410
v -0.422858939 1.356300155 -3.905380110
v -0.422602089 1.357162725 -3.905315476
v -1.097708215 0.823082248 -3.171010203
v -1.101615480 0.825442471 -3.170833583
v -1.097585743 0.823132987 -3.171106922
v -1.097587896 0.823141738 -3.171111751
v -1.104266061 0.831171011 -3.169969267
v -1.098614364 0.825447714 -3.171294404
v -1.097668491 0.823181694 -3.171103984
v -1.098902035 0.823902889 -3.171042045
v -1.097837995 0.823068764 -3.170934596
v -1.098168859 0.823061445 -3.170761671
v -1.098406828 0.823623306 -3.171078427
v -1.105363225 0.833530631 -3.170114811
v -1.098130098 0.823341165 -3.171006838
v -1.098618726 0.825456989 -3.171295094
v -1.099729944 0.827822767 -3.171466355
v -1.097505392 0.823092510 -3.171114848
v -1.097505392 0.823092510 -3.171114848
v -1.105007675 0.827480877 -3.170618561
v -1.104288774 0.827023332 -3.170733939
v -1.098489170 0.823671795 -3.171076193
v -1.097815574 0.823214850 -3.171057136
v -1.097743900 0.823206066 -3.171085789
v -1.097505431 0.823092440 -3.171114817
v -1.104292561 0.831202863 -3.169964486
v -1.097505470 0.823092370 -3.171114786
v -1.097583630 0.823124167 -3.171102061
v -0.423376155 1.357241068 -3.905282276
v -0.425085843 1.359607380 -3.905280157
v -1.097505392 0.823092510 -3.171114848
v -1.097670485 0.823190725 -3.171108938
v -1.097505431 0.823092440 -3.171114817
v -1.097587918 0.823141614 -3.171112098
v -1.100975169 0.824103350 -3.169472770
v -1.102146399 0.828810284 -3.170806234
v -1.097587918 0.823141614 -3.171112098
v -1.097587918 0.823141614 -3.171112098
v -1.097670979 0.823191392 -3.171109040
v -1.105636832 0.829872931 -3.169136222
v -1.102065210 0.826455338 -3.169651482
v -1.098492552 0.823675086 -3.171075690
v -1.097588280 0.823141738 -3.171112056
v -1.097505569 0.823092108 -3.171115070
v -1.097837065 0.823289204 -3.171103522
v -1.097505392 0.823092510 -3.171114848
v -0.421934242 1.348871121 -3.905015736
v -0.422347936 1.350629200 -3.904986156
v -0.421923081 1.348703915 -3.905015012
v -0.419943600 1.346778182 -3.905022721
v -0.437746173 1.374150017 -3.904851815
v -0.422156931 1.349755859 -3.905003602
v -0.422398943 1.349955897 -3.905002841
v -0.422360331 1.350688135 -3.904987924
v -0.422393592 1.349885771 -3.905002536
v -0.455085542 1.412379281 -3.919778317
v -0.436834121 1.399602714 -3.918569807
v -0.430685112 1.390558954 -3.917738231
v -0.991699144 0.678114677 -3.094242871
v -0.996360923 0.683830041 -3.100874384
v -1.039927097 0.750033876 -3.173796249
v -0.422508917 1.350776221 -3.905015079
v -0.422508320 1.350765789 -3.905015464
v -0.397232969 1.331184962 -3.905084013
v -0.422517412 1.350766150 -3.905016808
v -0.419673318 1.348653833 -3.905137040
v -0.420007184 1.348728357 -3.905126216
v -0.419626485 1.348679225 -3.905088618
v -0.422508735 1.350776260 -3.905015042
v -0.414806010 1.345813317 -3.904873800
v -0.410980651 1.343463563 -3.904611360
v -0.421660433 1.349962158 -3.905246024
v -0.423628158 1.371806562 -3.903554102
v -0.425576168 1.356057524 -3.904493218
v -0.424004059 1.371623246 -3.903477821
v -0.423550480 1.370715352 -3.903697357
v -0.425523871 1.369581111 -3.903018870
v -0.424666393 1.370170706 -3.903726031
v -0.425286004 1.367393551 -3.903952112
v -0.422284003 1.337274748 -3.908308995
v -0.422283519 1.337216747 -3.908321089
v -0.422283519 1.337216747 -3.908321089
v -0.422283519 1.337216747 -3.908321089
v -0.422283519 1.337216747 -3.908321089
v -0.422284982 1.337369162 -3.908285567
v -0.422283519 1.337216747 -3.908321089
v -0.422283925 1.337305253 -3.908295819
v -0.422283519 1.337216747 -3.908321089
v -0.422284891 1.337420910 -3.908271735
v -0.422325390 1.341894642 -3.907290572
v -0.422283434 1.337269297 -3.908307057
v -0.422284489 1.337310196 -3.908297891
v -0.422291960 1.339122007 -3.907913696
v -0.422284003 1.337274748 -3.908308995
v -0.422290320 1.337989978 -3.908154504
v -1.097505531 0.823092176 -3.171115103
v -1.102182836 0.828855361 -3.170803524
v -1.106796365 0.834586889 -3.170423716
v -0.422283519 1.337216747 -3.908321089
v -0.422283519 1.337216747 -3.908321089
v -0.428247519 1.368192654 -3.902245507
v -0.427324038 1.368974836 -3.903213260
v -0.426478822 1.369746337 -3.902923414
v -1.098614364 0.825447714 -3.171294404
v -1.097505392 0.823092510 -3.171114848
v -0.422286444 1.337521577 -3.908250044
v -1.097505392 0.823092510 -3.171114848
v -0.422286444 1.337521577 -3.908250044
v -1.097505392 0.823092510 -3.171114848
v -0.425997027 1.370121074 -3.903139908
v -0.426182128 1.369232630 -3.903642408
v -0.423556899 1.352176883 -3.904798023
v -0.425919801 1.361018418 -3.904241031
v -0.422313920 1.350933564 -3.904976514
v -0.421507869 1.350586959 -3.905332702
v -0.422305277 1.350943634 -3.904974756
v -0.421109720 1.350296134 -3.905308443
v -0.364269546 1.316974959 -3.905164134
v -0.363502098 1.316711662 -3.905165659
v -0.398804833 1.332287658 -3.905080946
v -0.397238406 1.331219746 -3.905084165
v -0.365460217 1.317413643 -3.905162264
v -0.421109720 1.350296134 -3.905308443
v -0.422387736 1.350923468 -3.904990756
v -0.421507869 1.350586959 -3.905332702
v -0.366175634 1.317674397 -3.905162838
v -0.398173940 1.331851542 -3.905082219
v -0.422301608 1.340154498 -3.907678142
v -0.440629372 1.424189987 -3.922796836
v -0.438927136 1.425617431 -3.921788323
v -1.082342189 0.811520901 -3.179889890
v -0.986819536 0.673507169 -3.092957528
v -0.425948349 1.369064287 -3.903720276
v -0.425686760 1.367164827 -3.903930179
v -0.993306905 0.682192744 -3.102075752
v -1.024481066 0.725317174 -3.151100299
v -1.070543864 0.799163015 -3.205329417
v -0.426203727 1.361536753 -3.904177412
v -0.425588646 1.355555595 -3.904514684
v -1.102066026 0.825781905 -3.170869525
v -1.101347920 0.825368061 -3.170933214
v -1.101974989 0.825742630 -3.170891537
v -1.099713683 0.824396796 -3.171020635
v -1.104122822 0.827072356 -3.170783875
v -1.100864150 0.825090403 -3.170964976
v -1.101974989 0.825742630 -3.170891537
v -1.105720774 0.828029238 -3.170661118
v -1.106583205 0.828388218 -3.170470293
v -1.107647783 0.912866032 -3.299207860
v -1.093278076 0.876265018 -3.299413678
v -1.011928571 0.707501657 -3.133912252
v -1.109988618 0.901905610 -3.281854943
v -1.100452969 0.867398329 -3.291070069
v -1.162660689 0.915130375 -3.246316857
v -1.124244060 0.894115839 -3.287475803
v -1.215972799 1.000141167 -3.226887362
v -1.104938133 0.872211012 -3.252116381
v -1.045638860 0.759008648 -3.180479925
v -1.201609179 0.966708045 -3.227745621
v -1.104096895 0.827056803 -3.170784920
v -1.098992073 0.823976069 -3.171057795
v -1.097588332 0.823140617 -3.171112859
v -1.102069095 0.825788352 -3.170876130
v -1.094403173 0.820847231 -3.175280092
v -1.081502928 0.807001580 -3.176193138
v -1.103374028 0.826192276 -3.171438113
v -1.097813675 0.830239436 -3.174585736
v -1.097812476 0.830211442 -3.174572336
v -1.097813678 0.830239435 -3.174585736
v -1.104189966 0.826841702 -3.171593710
v -1.097916437 0.832630230 -3.175724661
v -1.097916437 0.832630230 -3.175724661
v -1.094040042 0.820195119 -3.174193375
v -1.097916438 0.832630230 -3.175724662
v -1.100864150 0.825090403 -3.170964976
v -1.099139217 0.820403910 -3.170291807
v -1.154358559 0.908032551 -3.262107689
v -0.421826209 1.351383757 -3.904864215
v -0.426912568 1.358397905 -3.904285409
v -0.426485663 1.366402472 -3.903906683
v -0.443549999 1.411495724 -3.919703197
v -0.423602813 1.352156022 -3.904794942
v -0.423798831 1.356774582 -3.904577846
v -1.080763499 0.812069556 -3.182173952
v -1.080092594 0.812775444 -3.183504685
v -1.076911902 0.811445249 -3.186073502
v -1.066018633 0.799744165 -3.186643190
v -1.076746193 0.810812655 -3.185547133
v -1.069650379 0.804098713 -3.187231306
v -1.090601536 0.818402519 -3.176255729
v -1.089884935 0.818008279 -3.176636530
v -1.082776570 0.814324768 -3.181960502
v -1.096926190 0.821768189 -3.172647509
v -1.080962175 0.813245827 -3.182959940
v -1.078327183 0.812020989 -3.184935997
v -1.075915473 0.808324525 -3.184315444
v -1.098021315 0.835072321 -3.176876711
v -0.422403218 1.348106301 -3.905122404
v -1.083694806 0.813249605 -3.179765182
v -1.064350950 0.796215143 -3.184511088
v -1.075873672 0.808520980 -3.184295306
v -1.077815987 0.810662560 -3.184179094
v -1.075873672 0.808520980 -3.184295306
v -1.047708185 0.766846197 -3.169172683
v -1.062846830 0.794410990 -3.184243881
v -1.077815987 0.810662560 -3.184179094
v -1.083939072 0.805095801 -3.174055809
v -1.075693032 0.803195301 -3.179718685
v -1.065240250 0.798338455 -3.186001879
v -1.075265582 0.809053640 -3.185618369
v -1.097505392 0.823092510 -3.171114848
v -1.105797894 0.834608481 -3.171415934
v -1.097090170 0.821851296 -3.170611443
v -1.098083724 0.823441651 -3.171092766
v -0.422403215 1.348106287 -3.905122404
v -0.422403215 1.348106283 -3.905122405
v -0.422403215 1.348106283 -3.905122404
v -1.039718623 0.755001870 -3.162811376
v -1.097608524 0.825479905 -3.172285373
v -1.010220306 0.707068478 -3.126006240
v -1.101147134 0.828832063 -3.171791468
v -1.101346277 0.833585207 -3.174061823
v -1.101175876 0.828876984 -3.171796792
v -1.097608121 0.825470534 -3.172280800
v -1.097505392 0.823092510 -3.171114848
v -1.101346277 0.833585207 -3.174061823
v -1.101175876 0.828876984 -3.171796792
v -1.097608529 0.825479903 -3.172285374
v -1.026397298 0.733424278 -3.147966565
v -1.104729661 0.832282330 -3.171276661
v -1.101161381 0.828854600 -3.171793993
v -1.101075452 0.826488171 -3.170639176
v -1.101075452 0.826488171 -3.170639176
v -1.008252650 0.704662131 -3.124145210
v -1.097608524 0.825479905 -3.172285373
v -0.422403214 1.348106282 -3.905122404
v -0.422403215 1.348106284 -3.905122404
v -0.422403215 1.348106284 -3.905122404
v -1.097587896 0.823141738 -3.171111751
v -1.097588073 0.823141336 -3.171111973
v -1.098614364 0.825447714 -3.171294404
v -1.097505569 0.823092108 -3.171115070
v -1.028537887 0.731582329 -3.143785611
v -1.021104383 0.711495380 -3.123935980
v -1.053141683 0.749634056 -3.146535238
v -1.097608678 0.825479566 -3.172285632
v -1.097689990 0.825509193 -3.172274171
v -1.097690329 0.825519661 -3.172277945
v -1.101560764 0.838415536 -3.176315330
v -1.097710883 0.827852860 -3.173437770
v -1.097814875 0.830267655 -3.174599237
v -1.097608667 0.825479570 -3.172285629
v -1.104895321 0.837021442 -3.173528975
v -1.101276015 0.831270732 -3.172944827
v -1.105088901 0.841812960 -3.175745327
v -1.099721237 0.827804207 -3.171465046
v -1.126038326 0.850779864 -3.167620123
v -1.060385970 0.771411847 -3.163279297
v -1.114465380 0.842681118 -3.168082908
v -1.105363225 0.833530631 -3.170114811
v -1.104266061 0.831171011 -3.169969267
v -1.102083122 0.826468600 -3.169645647
v -1.097670485 0.823190725 -3.171108938
v -1.099315936 0.824168964 -3.171049869
v -1.098992073 0.823976069 -3.171057795
v -1.097753981 0.823240330 -3.171106503
v -1.097505431 0.823092440 -3.171114817
v -1.104292561 0.831202863 -3.169964486
v -1.109879730 0.836910141 -3.168565836
v -1.097505392 0.823092510 -3.171114848
v -1.104292561 0.831202863 -3.169964486
v -1.227890772 0.911179815 -3.127877348
v -1.171669006 0.901015019 -3.156298904
v -1.108834410 0.834594008 -3.168425272
v -1.311053089 0.896141091 -3.098137173
v -1.109729519 0.842980025 -3.170608067
v -1.195140705 0.890465756 -3.135274482
v -1.119920333 0.846065876 -3.165445746
v -1.139741467 0.882879880 -3.164784530
v -1.102065210 0.826455338 -3.169651482
v -1.275865041 0.896452970 -3.106593486
v -1.097505647 0.823092300 -3.171114906
v -1.097505634 0.823092379 -3.171114908
v -1.097918212 0.832667849 -3.175742566
v -1.097505649 0.823092295 -3.171114906
v -1.128402147 0.850573844 -3.163023797
v -1.258794095 0.946091273 -3.102516140
v -1.200378794 0.933618991 -3.138370907
v -1.101842842 0.845540206 -3.179579385
v -1.106744273 0.883380134 -3.193173725
v -1.102435482 0.860012491 -3.185900849
v -1.102157747 0.852877037 -3.182824216
v -1.124276391 0.915057372 -3.193754346
v -1.109530670 0.869413346 -3.185545339
v -1.098121923 0.837424228 -3.177975328
v -1.098019188 0.835025179 -3.176854532
v -1.162027487 0.872703714 -3.151820926
v -1.144841891 0.863143649 -3.159657653
v -1.098019195 0.835025176 -3.176854534
v -1.098019198 0.835025175 -3.176854535
v -1.098224592 0.839827342 -3.179087017
v -1.098327246 0.842234444 -3.180189593
v -1.098224578 0.839827348 -3.179087013
v -1.102058516 0.850457164 -3.181762321
v -1.101959172 0.848041067 -3.180691233
v -1.109530670 0.869413346 -3.185545339
v -1.228783347 0.932334144 -3.124295981
v -1.101959172 0.848041067 -3.180691233
v -1.097505640 0.823092304 -3.171114904
v -1.097505639 0.823092308 -3.171114904
v -0.422328049 1.344046311 -3.906824219
v -0.421508500 1.335784795 -3.908059148
v -0.422572154 1.346490894 -3.905627455
v -0.422275099 1.337192559 -3.908232610
v -0.422329769 1.342060369 -3.908661015
v -0.422334277 1.350582407 -3.905606929
v -0.422296580 1.334334504 -3.908468606
v -0.422249875 1.337308932 -3.908183299
v -0.422567435 1.350361494 -3.908983120
v -0.422319207 1.349414529 -3.905965248
v -0.423969555 1.355766789 -3.905439823
v -1.098019219 0.835025166 -3.176854541
v -0.423669451 1.357849523 -3.905288114
v -0.422586875 1.357411728 -3.905261851
v -0.422602039 1.357451788 -3.905291307
v -0.423422540 1.357786212 -3.905296277
v -1.097505609 0.823092382 -3.171114901
v -1.047110389 0.747880292 -3.140392258
v -1.010312730 0.706735092 -3.124502012
v -1.014758753 0.711118758 -3.125797839
v -1.017259559 0.711360074 -3.122621437
v -0.422259695 1.340807126 -3.909369687
v -0.423342749 1.343246558 -3.906129980
v -0.421418021 1.349169570 -3.911791727
v -0.422196182 1.339251820 -3.908949030
v -0.423342744 1.343246526 -3.906129981
v -0.423342765 1.343246651 -3.906129977
v -0.421845395 1.370892970 -3.919330045
v -0.423342740 1.343246506 -3.906129982
v -1.038686999 0.752660976 -3.160558375
v -0.665540443 0.421565570 -3.807876826
v -0.665540444 0.421565551 -3.807876828
v -0.448493768 1.393936976 -3.920010622
v -1.218190445 1.003493789 -3.210882181
v -1.203498933 0.973353733 -3.216907866
v -1.232799237 1.028508073 -3.197284296
v -1.172440580 0.931130266 -3.259613286
v -1.253915891 1.059153132 -3.206319385
v -1.250541181 1.062231071 -3.202365320
v -1.282704467 1.115683378 -3.208100459
v -1.289677580 1.136266508 -3.206657234
v -1.282826542 1.117351395 -3.216367439
v -1.315907968 1.200021602 -3.211147251
v -1.310636845 1.187796942 -3.216532338
v -1.249904816 1.054636356 -3.214459350
v -1.078021854 0.800542453 -3.172084032
v -1.077633642 0.803412580 -3.177122662
v -1.045626969 0.747340222 -3.141588340
v -1.091281374 0.818199104 -3.175227971
v -1.092817249 0.818723160 -3.173088436
v -1.089619681 0.812137753 -3.169324998
v -0.999355699 0.688775985 -3.105301894
v -0.434038399 1.364293659 -3.905000632
v -0.426549238 1.354575205 -3.904872025
v -0.433775179 1.370004962 -3.905108977
v -0.422334277 1.350582407 -3.905606929
v -0.435511229 1.368007108 -3.905074400
v -1.102065210 0.826455338 -3.169651482
v -1.097587918 0.823141614 -3.171112098
v -1.063534180 0.774322565 -3.156561738
v -1.032819540 0.729265017 -3.130419930
v -0.423342764 1.343246647 -3.906129977
v -0.423342764 1.343246646 -3.906129977
v -0.423342764 1.343246649 -3.906129977
v -0.423342765 1.343246653 -3.906129977
v -0.422403221 1.348106316 -3.905122404
v -0.422403221 1.348106318 -3.905122404
v -0.422403223 1.348106328 -3.905122404
v -0.423342751 1.343246572 -3.906129980
v -0.423342750 1.343246563 -3.906129980
v -0.422403220 1.348106312 -3.905122404
v -0.423342754 1.343246585 -3.906129979
v -0.422403220 1.348106310 -3.905122404
v -0.422403221 1.348106318 -3.905122404
v -0.422403221 1.348106317 -3.905122404
v -0.422403217 1.348106294 -3.905122405
v -0.422403219 1.348106311 -3.905122403
v -0.665540442 0.421565574 -3.807876825
v -0.423342752 1.343246575 -3.906129980
v -0.423342765 1.343246654 -3.906129977
v -0.423342740 1.343246505 -3.906129982
v -1.000696735 0.690576824 -3.106962276
v -1.012103056 0.703924210 -3.115623345
v -1.044461459 0.756222907 -3.158195623
v -0.422403226 1.348106344 -3.905122403
v -0.422403223 1.348106336 -3.905122403
v -0.422403228 1.348106358 -3.905122403
v -0.422403222 1.348106336 -3.905122400
v -0.422403102 1.348106478 -3.905122186
v -0.422403105 1.348106365 -3.905122052
v -0.422403102 1.348106478 -3.905122186
v -0.425078597 1.360642992 -3.905255954
v -0.426860347 1.362726829 -3.905231430
v -0.447519118 1.380658214 -3.904894093
v -1.097505656 0.823092321 -3.171114910
v -1.097505630 0.823092342 -3.171114904
v -1.097505640 0.823092334 -3.171114907
v -0.422403229 1.348106363 -3.905122402
v -0.423342759 1.343246618 -3.906129978
v -0.422403222 1.348106329 -3.905122402
v -1.097505662 0.823092313 -3.171114912
v -1.053679756 0.778857048 -3.176740984
v -0.422723461 1.354545637 -3.905416557
v -0.418923511 1.346553936 -3.904863809
v -0.423342756 1.343246601 -3.906129979
v -0.423342755 1.343246593 -3.906129979
v -0.423342758 1.343246609 -3.906129978
v -1.102284634 0.828010337 -3.171626136
v -1.098871661 0.824484495 -3.171260932
v -1.010776858 0.707550004 -3.125346407
v -0.417348172 1.345873970 -3.904748075
v -0.419738715 1.346960325 -3.904910996
v -1.057155432 0.784860498 -3.179876428
v -0.413606537 1.350658843 -3.914385785
v -0.423768146 1.363206056 -3.916387011
v -1.161851855 0.912988611 -3.243781595
v -0.420792404 1.335717755 -3.910213306
v -1.010532799 0.707418073 -3.125487240
v -1.038403273 0.752181707 -3.160239772
v -1.054435045 0.779733408 -3.176886345
v -1.057343054 0.785348971 -3.180250982
v -0.410096009 1.342868916 -3.904575856
v -0.410121978 1.342925935 -3.904561862
v -0.422007052 1.349924403 -3.905251888
v -0.420039211 1.348708526 -3.905147885
v -0.421941092 1.349970774 -3.905208886
v -0.421950128 1.349766637 -3.905225786
v -0.422400294 1.350629817 -3.905331601
v -0.423342754 1.343246589 -3.906129979
v -0.423342745 1.343246531 -3.906129981
v -0.423342743 1.343246521 -3.906129981
v -0.423342755 1.343246592 -3.906129979
v -0.423342744 1.343246528 -3.906129981
v -0.423342745 1.343246536 -3.906129981
v -0.423342749 1.343246559 -3.906129980
v -0.423342743 1.343246525 -3.906129981
v -0.423342745 1.343246532 -3.906129981
v -0.423342745 1.343246532 -3.906129981
v -0.423342745 1.343246531 -3.906129981
v -0.423342745 1.343246533 -3.906129981
v -0.423342746 1.343246542 -3.906129981
v -0.423342757 1.343246603 -3.906129979
v -0.423342757 1.343246606 -3.906129978
v -0.423342757 1.343246603 -3.906129979
v -0.423342757 1.343246603 -3.906129979
v -0.423342754 1.343246589 -3.906129979
v -0.423342756 1.343246601 -3.906129979
v -0.423342757 1.343246605 -3.906129978
v -0.423342755 1.343246595 -3.906129979
v -0.423342754 1.343246590 -3.906129979
v -0.423342756 1.343246598 -3.906129979
v -0.422403229 1.348106363 -3.905122402
v -0.422444332 1.348175242 -3.905114427
v -0.422403105 1.348106365 -3.905122052
v -0.422403105 1.348106365 -3.905122051
v -0.409281142 1.339560955 -3.896961976
v -1.093898307 0.817976183 -3.172515859
v -0.422444325 1.348175539 -3.905114841
v -0.423342742 1.343246519 -3.906129981
v -0.423342744 1.343246530 -3.906129981
v -0.423342750 1.343246562 -3.906129980
v -0.423342745 1.343246536 -3.906129981
v -0.423342745 1.343246532 -3.906129981
v -0.423342745 1.343246535 -3.906129981
v -0.423342745 1.343246533 -3.906129981
v -0.423342745 1.343246533 -3.906129981
v -0.423342749 1.343246560 -3.906129980
v -0.422403102 1.348106478 -3.905122186
v -0.422403102 1.348106478 -3.905122186
v -0.422403102 1.348106478 -3.905122186
v -0.423342746 1.343246540 -3.906129981
v -0.423342745 1.343246536 -3.906129981
v -0.423342751 1.343246569 -3.906129980
v -0.423342746 1.343246540 -3.906129981
v -0.423342746 1.343246537 -3.906129981
v -0.423342746 1.343246543 -3.906129981
v -0.405146961 1.338785280 -3.898318136
v -0.423342746 1.343246542 -3.906129981
v -0.423342750 1.343246564 -3.906129980
v -1.080357613 0.801896780 -3.166718190
v -0.418095732 1.343427597 -3.898477626
v -0.400688479 1.336827138 -3.896883311
v -0.357026448 1.328796019 -3.898068720
v -0.361294269 1.329509014 -3.899007435
v -0.422403220 1.348106310 -3.905122404
v -0.423342747 1.343246546 -3.906129980
v -0.380672094 1.332708686 -3.899240974
v -0.396036271 1.336093254 -3.898490449
v -1.099071993 0.821592731 -3.170598259
v -1.100537506 0.822847292 -3.170414712
v -0.423342746 1.343246543 -3.906129981
v -0.423342745 1.343246535 -3.906129981
v -0.423342750 1.343246565 -3.906129980
v -0.423342749 1.343246555 -3.906129980
v -0.423342748 1.343246549 -3.906129980
v -0.423342748 1.343246550 -3.906129980
v -0.423342745 1.343246535 -3.906129981
v -0.423342750 1.343246564 -3.906129980
v -0.422403220 1.348106311 -3.905122404
v -1.095572540 0.820196427 -3.171612861
v -0.422403105 1.348106365 -3.905122052
v -1.097578518 0.823108429 -3.171091565
v -1.097579078 0.823107268 -3.171091859
v -0.383977988 1.333446850 -3.899294366
v -1.097346454 0.822039573 -3.170684150
v -1.089300431 0.812937460 -3.172887595
v -1.094614642 0.818595112 -3.171969884
v -0.665540442 0.421565573 -3.807876826
v -0.666140624 0.425004784 -3.809920211
v -0.665540442 0.421565572 -3.807876826
v -0.423342772 1.343246697 -3.906129975
v -1.097815139 0.830267545 -3.174599306
v -1.097916682 0.832630128 -3.175724726
v -1.098019367 0.835025105 -3.176854580
v -1.102770190 0.867649684 -3.189065641
v -1.106744273 0.883380134 -3.193173725
v -1.104169507 0.827113377 -3.170771808
v -1.098429846 0.844645494 -3.181283028
v -0.423342758 1.343246612 -3.906129978
v -0.423342762 1.343246637 -3.906129977
v -1.098019219 0.835025166 -3.176854541
v -1.097505653 0.823092388 -3.171114914
v -1.097505658 0.823092342 -3.171114913
v -1.097505666 0.823092362 -3.171114916
v -1.097918087 0.832667901 -3.175742533
v -1.097505641 0.823092358 -3.171114909
v -1.105720774 0.828029238 -3.170661118
v -0.423342763 1.343246643 -3.906129977
v -1.097505664 0.823092363 -3.171114916
v -1.097814967 0.830267617 -3.174599261
v -1.097608414 0.825470409 -3.172280876
v -1.097812708 0.830211343 -3.174572397
v -1.102435482 0.860012491 -3.185900849
v -1.099139217 0.820403910 -3.170291807
v -1.098121923 0.837424228 -3.177975328
v -0.423342767 1.343246667 -3.906129976
v -1.097505644 0.823092351 -3.171114909
v -1.097505660 0.823092367 -3.171114915
v -0.422403229 1.348106371 -3.905122401
v -0.423342759 1.343246615 -3.906129978
v -0.423342765 1.343246655 -3.906129977
v -0.423342766 1.343246657 -3.906129977
v -0.423342764 1.343246648 -3.906129977
v -0.423342760 1.343246623 -3.906129978
v -0.423342757 1.343246606 -3.906129978
v -0.423342768 1.343246669 -3.906129976
v -0.424510281 1.350313789 -3.906874295
v -0.424501181 1.350258551 -3.906868691
v -0.422047896 1.331784671 -3.910246508
v -0.423924930 1.346765555 -3.906507485
v -0.422403102 1.348106478 -3.905122186
v -0.422403718 1.369885227 -3.904168493
v -0.665540444 0.421565534 -3.807876830
v -0.423342773 1.343246701 -3.906129975
v -0.423342755 1.343246594 -3.906129979
v -0.423922659 1.346751807 -3.906506037
v -0.422977061 1.360145464 -3.905204465
v -1.038686999 0.752660976 -3.160558375
v -1.053679756 0.778857048 -3.176740984
v -0.404523574 1.336609440 -3.905084214
v -1.097505680 0.823092360 -3.171114920
v -0.423342759 1.343246619 -3.906129978
v -0.665540444 0.421565533 -3.807876830
v -0.423924930 1.346765556 -3.906507485
v -1.097608819 0.825479779 -3.172285449
v -1.098122134 0.837424141 -3.177975384
v -1.145314114 1.035372345 -3.209081169
v -1.098121982 0.837424204 -3.177975344
v -1.098327246 0.842234444 -3.180189593
v -0.423342757 1.343246607 -3.906129978
v -1.097505641 0.823092372 -3.171114910
v -1.097505672 0.823092332 -3.171114916
v -0.423342756 1.343246598 -3.906129979
v -0.423342773 1.343246701 -3.906129975
v -0.665540443 0.421565570 -3.807876826
v -0.665540443 0.421565571 -3.807876826
v -1.097813925 0.830239330 -3.174585801
v -0.423924930 1.346765555 -3.906507485
v -0.423342772 1.343246697 -3.906129975
v -0.422403215 1.348106285 -3.905122404
v -1.097710359 0.827834113 -3.173428839
v -0.422403215 1.348106293 -3.905122401
v -0.422403214 1.348106286 -3.905122403
v -1.100390115 0.824834866 -3.171004117
v -0.422403212 1.348106306 -3.905122394
v -1.097505661 0.823092281 -3.171114909
v -1.097505667 0.823092281 -3.171114910
v -0.422403212 1.348106306 -3.905122394
v -0.422403213 1.348106296 -3.905122399
v -0.422403215 1.348106292 -3.905122402
v -1.097505660 0.823092285 -3.171114909
v -0.422403217 1.348106300 -3.905122403
v -0.422403213 1.348106298 -3.905122398
v -0.422403216 1.348106305 -3.905122400
v -1.097505642 0.823092311 -3.171114905
v -1.097505650 0.823092345 -3.171114911
v -1.097505629 0.823092322 -3.171114903
v -1.097505624 0.823092318 -3.171114901
v -1.097505620 0.823092330 -3.171114901
v -1.097505627 0.823092320 -3.171114902
v -1.049132690 0.753804882 -3.146851159
v -1.098433577 0.844730957 -3.181321630
v -1.097813899 0.830239341 -3.174585794
v -1.098122119 0.837424147 -3.177975380
v -1.097505615 0.823092324 -3.171114899
v -0.423342764 1.343246645 -3.906129977
v -1.097505606 0.823092331 -3.171114897
v -0.423342766 1.343246659 -3.906129977
v -0.425663100 1.357331722 -3.907558914
v -1.093340096 0.818113803 -3.172974641
v -1.086947820 0.812294947 -3.174930018
v -0.422403111 1.348106109 -3.905121623
v -0.422527267 1.348314077 -3.905098841
v -1.092440970 0.818211839 -3.173782058
v -1.104288774 0.827023332 -3.170733939
v -1.104092320 0.826810212 -3.170671206
v -0.414117280 1.344774562 -3.905219400
v -0.396204158 1.332317930 -3.905115887
v -0.416196175 1.345518748 -3.904809619
v -0.410389812 1.341805548 -3.904385340
v -1.075813483 0.795630412 -3.168624184
v -1.001776069 0.689375850 -3.102207108
v -0.368849112 1.331389311 -3.901364856
v -0.361473453 1.329813886 -3.899801699
v -0.342041319 1.328045417 -3.899024488
v -0.358665013 1.330069415 -3.900577251
v -1.038691163 0.737831345 -3.136306365
v -1.010384982 0.700063490 -3.110513667
v -0.423342743 1.343246521 -3.906129981
v -0.423342747 1.343246544 -3.906129981
v -1.083210334 0.811125459 -3.178841836
v -1.327955089 1.245231920 -3.212445878
v -1.299654805 1.157573804 -3.215760856
v -1.326574907 1.219064271 -3.226622005
v -1.288376029 1.133086065 -3.207673195
v -1.266925361 1.084778824 -3.205627608
v -1.231850854 1.025349781 -3.203351620
v -0.665540442 0.421565575 -3.807876825
v -1.102866034 0.958912544 -3.221411880
v -0.665540442 0.421565575 -3.807876825
v -1.091953268 0.819499936 -3.176659881
v -1.103374028 0.826192276 -3.171438113
v -1.094403173 0.820847231 -3.175280092
v -0.422610566 1.371946729 -3.903806895
v -1.010776858 0.707550004 -3.125346407
v -0.412671072 1.342255163 -3.905060297
v -0.408803985 1.340628787 -3.905176643
v -1.097505615 0.823092326 -3.171114899
v -1.097505615 0.823092336 -3.171114899
v -1.076032973 0.794419531 -3.166505799
v -1.067442071 0.782396119 -3.162621474
v -1.097505608 0.823092331 -3.171114897
v -1.097505607 0.823092341 -3.171114898
v -1.097278998 0.823091978 -3.171799201
v -1.058110921 0.765712080 -3.151756005
v -0.345256506 1.329508872 -3.898746229
v -0.382470771 1.334432199 -3.902249099
v -1.021604038 0.713875768 -3.119682030
v -1.082519374 0.810343874 -3.179283979
v -0.422403670 1.367490108 -3.904071831
v -0.422403498 1.362022896 -3.904411053
v -0.422321128 1.354896521 -3.904720510
v -1.097505573 0.823092357 -3.171114889
v -0.422974214 1.358652785 -3.905234468
v -0.422976435 1.358867870 -3.905234442
v -1.094950037 0.820911572 -3.172783254
v -1.094742219 0.820930832 -3.173450970
v -1.098189182 0.823787688 -3.171187958
v -1.098189175 0.823787686 -3.171187955
v -1.097505590 0.823092350 -3.171114893
v -0.422403102 1.348106478 -3.905122186
v -1.097505584 0.823092348 -3.171114892
v -1.097505602 0.823092337 -3.171114896
v -0.416806272 1.345240857 -3.905041128
v -0.391163905 1.328756719 -3.905085634
v -0.418756655 1.335788195 -3.910404501
v -1.057155432 0.784860498 -3.179876428
v -0.420157380 1.334759909 -3.910381014
v -0.419506509 1.334008120 -3.910458912
v -0.465929103 1.506564179 -3.920879874
v -0.457490546 1.509549892 -3.927118960
v -0.462633675 1.490591691 -3.922134217
v -0.461109744 1.531144604 -3.922476026
v -0.472265517 1.540274940 -3.918297064
v -0.475343705 1.548223484 -3.917900289
v -0.479750398 1.517312177 -3.924284838
v -0.472523887 1.543351612 -3.918684667
v -0.471163106 1.526941332 -3.921055618
v -0.479428094 1.476973320 -3.921589476
v -0.473395638 1.432757497 -3.920583193
v -0.468920288 1.424910248 -3.922415520
v -0.458075786 1.407138729 -3.921929185
v -0.422801277 1.349241913 -3.904952671
v -0.421799582 1.348030719 -3.905033299
v -0.422403102 1.348106478 -3.905122186
v -0.422403102 1.348106478 -3.905122186
v -0.423309809 1.349881138 -3.904948059
v -0.422856551 1.348866675 -3.905037429
v -0.422403109 1.348247206 -3.905108107
v -0.424720029 1.352123440 -3.904737759
v -0.422485557 1.348384616 -3.905092131
v -0.426374723 1.355781358 -3.904445443
v -0.422320374 1.348670411 -3.905066100
v -0.424958000 1.353631684 -3.904652171
v -0.423557066 1.350298872 -3.904908854
v -0.422403112 1.348245501 -3.905108150
v -0.422403103 1.348106499 -3.905122039
v -0.422485879 1.348385903 -3.905092319
v -0.422444161 1.348175487 -3.905114833
v -0.417918860 1.346767889 -3.904643718
v -0.418943589 1.347060077 -3.904748631
v -0.466691891 1.506547928 -3.928930917
v -0.472624852 1.544625797 -3.917701929
v -0.475586060 1.522476091 -3.919559478
v -0.478259634 1.490542691 -3.922324474
v -0.456537272 1.402580334 -3.920428596
v -0.423007665 1.349590549 -3.904918773
v -0.421636558 1.347758187 -3.905065142
v -0.424637086 1.353234873 -3.904689431
v -0.427129843 1.368252390 -3.903616916
v -0.426529388 1.367200597 -3.903832964
v -0.422856466 1.349150870 -3.905014280
v -0.422774113 1.348728308 -3.905051020
v -0.422568655 1.348383297 -3.905091333
v -0.422403102 1.348106478 -3.905122186
v -0.422403107 1.348106251 -3.905121917
v -0.422888285 1.350801069 -3.904667326
v -0.428420539 1.361397795 -3.903992853
v -0.421276312 1.349514874 -3.904651285
v -0.419937234 1.349177795 -3.904503340
v -0.428709102 1.366475928 -3.903620398
v -0.428113613 1.359018071 -3.904073525
v -0.422973550 1.350950888 -3.904652233
v -0.426722808 1.356076936 -3.904331780
v -0.418362283 1.342250854 -3.910404267
v -0.420691154 1.340830447 -3.910100715
v -0.422350384 1.356001752 -3.915967085
v -0.416873791 1.347752312 -3.910395312
v -0.405170271 1.341191876 -3.903840621
v -0.404706687 1.340925126 -3.903840308
v -0.389764247 1.336229770 -3.902776570
v -0.407447528 1.341923920 -3.904034869
v -0.379751341 1.333841462 -3.902053420
v -0.387149985 1.335516387 -3.902597646
v -0.430886932 1.365101706 -3.902982367
v -0.428575847 1.367911395 -3.903289516
v -0.429006373 1.366676826 -3.903522304
v -0.429090198 1.363520220 -3.903776957
v -0.425543467 1.355257346 -3.904257830
v -0.425509309 1.354845293 -3.904346873
v -0.425410107 1.367283486 -3.903947028
v -1.224885323 1.015534657 -3.197030703
v -1.088596864 0.814996045 -3.177039506
v -1.194622013 1.036577676 -3.299106692
v -1.322363309 1.208986841 -3.222895244
v -1.332929251 1.273067615 -3.214705212
v -1.296204425 1.152872303 -3.207973377
v -1.298112391 1.151015977 -3.209263157
v -1.239194006 1.040762705 -3.198086531
v -1.235036305 1.031832320 -3.215566646
v -1.216184254 1.001841702 -3.199271523
v -0.418263775 1.346573952 -3.905038013
v -0.416116685 1.336912630 -3.910572699
v -0.417811974 1.336389951 -3.910440910
v -0.457553445 1.514695759 -3.929952777
v -0.466423069 1.506976206 -3.920413585
v -0.470382105 1.543534833 -3.920197749
v -0.470851855 1.478653363 -3.920537398
v -0.477316962 1.457386866 -3.920684089
v -0.466549309 1.419134676 -3.921381908
v -0.435949072 1.376439040 -3.918703041
v -0.421628697 1.347754495 -3.905063682
v -0.427055436 1.363675207 -3.904001157
v -0.421823933 1.351183347 -3.904872943
v -0.422444736 1.371887972 -3.903832568
v -0.426887934 1.356354955 -3.904305523
v -0.427866903 1.358602208 -3.904112394
v -0.390490692 1.328617470 -3.905094087
v -0.418235789 1.346098567 -3.905030943
v -0.414640916 1.340785412 -3.910527543
v -0.417006542 1.346564215 -3.905130950
v -0.418721854 1.346725714 -3.905029230
v -0.415151897 1.338793446 -3.910566710
v -0.411174348 1.342894517 -3.904457941
v -0.478885767 1.463693344 -3.923906569
v -0.493218633 1.523824436 -3.920218679
v -0.472151222 1.518199481 -3.918874407
v -0.471250082 1.538125414 -3.918542709
v -0.409651795 1.341599671 -3.904307535
v -0.449101299 1.395292966 -3.920976111
v -0.435930504 1.374940583 -3.919104511
v -0.422403476 1.361417131 -3.904431516
v -0.422526880 1.372358766 -3.903807551
v -0.451405515 1.507231811 -3.928482634
v -0.460002811 1.518591072 -3.924530806
v -0.452898821 1.459769291 -3.924052601
v -0.447274104 1.432085005 -3.920960202
v -0.446656005 1.435773172 -3.921277831
v -0.449442622 1.513618963 -3.928071038
v -1.096261744 0.821187036 -3.171094049
v -1.097503238 0.823083760 -3.171110019
v -1.097505392 0.823092510 -3.171114848
v -1.097505392 0.823092510 -3.171114848
v -0.456861996 1.518948834 -3.925246690
v -0.450420881 1.462135720 -3.924970183
v -0.417209985 1.346824598 -3.905229669
v -0.417507147 1.347211860 -3.905250740
v -0.457777514 1.504080873 -3.924273741
v -1.335159515 1.279706228 -3.229831162
v -1.098168859 0.823061445 -3.170761671
v -1.097702383 0.823067714 -3.171000645
v -1.097837995 0.823068764 -3.170934596
v -1.097573908 0.823091548 -3.171081772
v -1.096579869 0.821709162 -3.170945446
v -1.096563804 0.821608043 -3.171148626
v -1.097916862 0.822681904 -3.170594806
v -0.476538213 1.447944941 -3.922656251
v -1.325395165 1.251116479 -3.238704364
v -0.444602830 1.418784717 -3.920238468
v -1.095741669 0.821116439 -3.172040620
v -1.101615480 0.825442471 -3.170833583
v -1.101672914 0.825126410 -3.170813484
v -1.095783801 0.820947624 -3.171390014
v -1.098761460 0.823050013 -3.170449102
v -1.066099021 0.788923560 -3.167093892
v -1.088554346 0.812651276 -3.169493851
v -1.097589609 0.822922278 -3.170944795
v -1.062574234 0.787657875 -3.169505616
v -1.097502596 0.821795506 -3.170797286
v -1.087459068 0.809576609 -3.167565751
v -0.440326144 1.428622127 -3.921728112
v -1.262320361 1.078796926 -3.214230635
v -0.421716815 1.350233197 -3.905352960
v -0.421261640 1.349876113 -3.905355484
v -0.422537174 1.350576925 -3.905277738
v -0.421668354 1.350192475 -3.905321818
v -1.255994311 1.070922569 -3.202364565
v -1.320977543 1.216656199 -3.209836671
v -1.097539428 0.822977891 -3.171012396
v -1.097581478 0.822683063 -3.170764644
v -0.422601139 1.350662519 -3.905320717
v -1.309784466 1.190467229 -3.210064593
v -0.421706075 1.350179082 -3.905343934
v -0.422567924 1.350531836 -3.905300996
v -1.096590183 0.822395541 -3.171728939
v -1.095450896 0.821709034 -3.173024575
v -1.097505392 0.823092510 -3.171114848
v -1.097279005 0.823091980 -3.171799203
v -0.371891794 1.331684323 -3.900804237
v -0.387830591 1.334839942 -3.900518969
v -0.354392469 1.329147386 -3.900020260
v -1.098189179 0.823787682 -3.171187956
v -1.098189176 0.823787687 -3.171187956
v -1.097964872 0.823789931 -3.171874751
v -1.097505592 0.823092340 -3.171114893
v -0.445869650 1.543599039 -3.925349666
v -1.339603169 1.304384825 -3.217548349
v -0.455518722 1.528649377 -3.923896662
v -1.313737287 1.208846485 -3.207895636
v -0.395348194 1.330997309 -3.905093618
v -1.097505594 0.823092341 -3.171114894
v -1.097505599 0.823092344 -3.171114895
v -1.097505580 0.823092357 -3.171114891
v -1.097505581 0.823092349 -3.171114891
v -1.089817867 0.816707779 -3.175617346
v -1.097505601 0.823092334 -3.171114895
v -1.081765488 0.804937210 -3.172641753
v -1.088018704 0.815366716 -3.176853681
v -1.336214244 1.289103216 -3.216284736
v -1.330563288 1.257454300 -3.212171305
v -1.325979225 1.232927255 -3.235988783
v -1.305473179 1.177209947 -3.209175347
v -1.328603734 1.228494677 -3.230709378
v -0.415649507 1.345166739 -3.905330728
v -1.094905164 0.819848817 -3.171982611
v -1.097737312 0.822963176 -3.170904262
v -1.095228822 0.820323247 -3.171728128
v -1.094431930 0.820018111 -3.172317197
v -1.321630211 1.232209260 -3.209430554
v -1.099357304 0.823633375 -3.170597036
v -1.089753524 0.816939696 -3.176021281
v -1.093104394 0.818932884 -3.173309466
v -1.095645445 0.819545819 -3.171405150
v -0.399933836 1.337721862 -3.899718737
v -0.390185477 1.334074055 -3.897129306
v -0.422604973 1.345365498 -3.897102013
v -0.427083781 1.349118443 -3.902088706
v -0.423344621 1.346605659 -3.898067904
v -0.419399769 1.347328711 -3.902587435
v -0.406616774 1.339528828 -3.898449273
v -0.399497547 1.336359025 -3.900905877
v -0.379961735 1.327587598 -3.898789029
v -0.409633140 1.342258700 -3.901384695
v -0.436749456 1.359966687 -3.903975217
v -0.494704932 1.375957474 -3.898234799
v -0.395959508 1.333928884 -3.898069385
v -0.376933986 1.326595211 -3.899364179
v -0.403996472 1.338138009 -3.898201088
v -0.406593615 1.339872776 -3.898065185
v -0.496282858 1.383480289 -3.898677218
v -0.480644302 1.340505755 -3.898093119
v -0.490921625 1.366414787 -3.897854789
v -0.475024411 1.410922530 -3.904363275
v -0.453209911 1.365578541 -3.903180278
v -0.432923773 1.365470421 -3.901137132
v -0.468612909 1.401327889 -3.904567968
v -1.094808734 0.817967600 -3.169151046
v -0.445576813 1.373342681 -3.904624492
v -1.104195188 0.826971885 -3.169148229
v -0.448397975 1.348810200 -3.902278932
v -1.103160555 0.826016565 -3.169540384
v -0.572150744 1.333412490 -3.869010666
v -0.369296256 1.331743713 -3.897705434
v -0.479085759 1.379185977 -3.901218261
v -0.497061520 1.351850988 -3.894746167
v -0.469158592 1.381981839 -3.902844362
v -0.479309878 1.362459568 -3.899410797
v -0.563938148 1.307500372 -3.868047457
v -0.412093372 1.340341972 -3.896960903
v -0.616178066 1.343439997 -3.849912858
v -0.405638388 1.339110111 -3.897056357
v -0.403420912 1.338029965 -3.896718308
v -0.573329440 1.324906720 -3.867006388
v -0.514031606 1.349083925 -3.890369075
v -0.530288747 1.355008598 -3.886794501
v -0.585449669 1.358261864 -3.867579097
v -0.386995743 1.329896539 -3.898352224
v -0.406043250 1.339526426 -3.897707199
v -0.379811641 1.327488617 -3.898503657
v -0.370074538 1.324194341 -3.898707308
v -0.375305541 1.325539415 -3.900226861
v -0.376283762 1.326245326 -3.899087425
v -0.354283794 1.320055401 -3.899032035
v -0.384072766 1.335708541 -3.898106636
v -0.394884297 1.336035995 -3.896883129
v -0.388326638 1.329888956 -3.898223040
v -0.632435918 1.321537670 -3.836497626
v -0.404361848 1.338062074 -3.897702540
v -0.402450952 1.338543772 -3.897180471
v -0.514853596 1.340536970 -3.889006496
v -0.491574015 1.357019956 -3.896537545
v -0.415154953 1.341687807 -3.896691276
v -0.363140494 1.322016444 -3.899030836
v -0.428197946 1.359608437 -3.903887850
v -0.428050766 1.359354433 -3.903911824
v -0.417361205 1.353922088 -3.903109701
v -0.428470514 1.361892961 -3.903341375
v -0.422617998 1.354096191 -3.904002847
v -0.358272312 1.331168704 -3.900267031
v -0.403310851 1.340743927 -3.903662666
v -0.380706701 1.335109143 -3.901921932
v -0.370485028 1.335292817 -3.900569509
v -0.359263298 1.332370727 -3.899031638
v -0.432944591 1.361619994 -3.900775000
v -0.430617121 1.360116077 -3.900995396
v -0.423986927 1.351552064 -3.899310562
v -0.427837831 1.358264574 -3.901099086
v -0.377778540 1.336684238 -3.899334899
v -0.404177375 1.338058920 -3.896537382
v -0.415173747 1.352810628 -3.902990426
v -0.428915462 1.362235495 -3.903422745
v -0.422869171 1.354488594 -3.903968568
v -0.400241096 1.344575603 -3.902495827
v -0.470965167 1.432016792 -3.924191933
v -0.417570446 1.344029227 -3.910549395
v -0.396356706 1.335662839 -3.896611869
v -0.437316013 1.364607567 -3.900630848
v -0.361556436 1.329793732 -3.897521697
v -0.447085925 1.373188628 -3.901133946
v -0.383169386 1.339903497 -3.900853228
v -0.423903267 1.356130339 -3.901253572
v -0.453745637 1.379121169 -3.901932480
v -0.431590279 1.357551092 -3.900182786
v -0.418215222 1.347213900 -3.898729958
v -0.471877337 1.404338426 -3.903652583
v -0.478230502 1.413427111 -3.904062594
v -0.393729657 1.333295688 -3.899160908
v -0.479129872 1.415229725 -3.904268168
v -0.460778805 1.388743825 -3.902472659
v -0.471347447 1.404363904 -3.903729454
v -0.480049296 1.409409390 -3.903759569
v -0.417230125 1.349910308 -3.903950817
v -0.421911910 1.357246498 -3.902994776
v -0.423657025 1.358363241 -3.903152452
v -0.398629135 1.344185893 -3.902358507
v -0.417686395 1.342774746 -3.896457947
v -0.425834183 1.357249015 -3.903913973
v -0.400467644 1.346295790 -3.901179185
v -0.398092478 1.341929137 -3.899295236
v -0.411455196 1.345661835 -3.899095213
v -0.414840873 1.351772494 -3.901222988
v -0.468878590 1.399483273 -3.904092956
v -0.421883058 1.349784311 -3.900609405
v -0.479959073 1.413965776 -3.904086605
v -0.476223889 1.399699613 -3.903640308
v -0.452088895 1.377092311 -3.902451419
v -0.478357847 1.400782399 -3.903434967
v -0.504632233 1.394747358 -3.898154902
v -0.494146764 1.397384687 -3.900532986
v -0.449888077 1.375052379 -3.903319855
v -0.424890419 1.243803760 -3.897689881
v -0.485523968 1.413902785 -3.903336358
v -0.486152588 1.412002525 -3.903112335
v -0.485206929 1.405075635 -3.902679768
v -0.491752704 1.406132179 -3.901702909
v -0.519164980 1.327853686 -3.886241761
v -0.425002057 1.351851667 -3.900009031
v -0.409372707 1.344520497 -3.903799323
v -0.395954567 1.341787952 -3.902483040
v -0.469990228 1.401090604 -3.903631680
v -0.447972493 1.372409356 -3.901714195
v -0.430911754 1.365696113 -3.902197933
v -0.430924439 1.365511834 -3.903170632
v -0.385343791 1.336563703 -3.902181540
v -0.430237148 1.364335940 -3.903580811
v -0.468312669 1.392165922 -3.903872631
v -0.489151302 1.404239545 -3.902012350
v -0.375331574 1.233527413 -3.902979312
v -0.501589298 1.400451888 -3.899343079
v -0.453741482 1.379508334 -3.903508069
v -0.481732208 1.409287028 -3.903591933
v -0.487923078 1.409909725 -3.902673410
v -0.493231950 1.409161972 -3.901681758
v -0.426187060 1.300578929 -3.905251630
v -0.417229932 1.341576371 -3.911497574
v -0.500825410 1.316224502 -3.891083560
v -0.487652949 1.281546986 -3.890155561
v -0.270575985 1.221618344 -3.903958570
v -0.407051635 1.326440008 -3.911154204
v -0.402443214 1.315676303 -3.909430961
v -0.621423295 1.317991368 -3.843348895
v -0.410944908 1.358885562 -3.922299969
v -0.474041084 1.261912693 -3.890497059
v -0.462942428 1.254449300 -3.891455223
v -0.317811700 1.227064421 -3.905953940
v -0.432470897 1.354791270 -3.904361058
v -0.453123854 1.283228230 -3.897163076
v -0.457401547 1.327153021 -3.902905557
v -0.417828452 1.326603594 -3.914025054
v -0.486794418 1.272360349 -3.889813247
v -0.548064459 1.378858553 -3.884667435
v -0.522170651 1.392076414 -3.893766510
v -0.507956426 1.393550118 -3.897341059
v -0.485260147 1.392627596 -3.901688736
v -0.563268395 1.347945298 -3.875924638
v -0.569327973 1.313498211 -3.868778025
v -0.525418382 1.380901383 -3.891651359
v -0.502966833 1.395089182 -3.898571482
v -0.606582593 1.352249999 -3.856387155
v -0.560600651 1.374353455 -3.879733536
v -0.417428628 1.397881276 -3.929474589
v -0.459728157 1.376053017 -3.903599084
v -1.107179646 0.828253330 -3.169786660
v -1.103709531 0.826274096 -3.169464171
v -1.105262834 0.827251011 -3.169255466
v -1.097225642 0.819624288 -3.168064838
v -0.431595773 1.365391863 -3.901509323
v -0.467732230 1.344446715 -3.899332733
v -0.462170471 1.353715880 -3.901033220
v -0.484255645 1.345108044 -3.896510124
v -0.405225329 1.336988050 -3.902932361
v -0.391201485 1.340437190 -3.902144067
v -0.404562145 1.341236292 -3.903740632
v -0.401992049 1.340204880 -3.898202579
v -0.409504570 1.344726516 -3.903779711
v -0.429892525 1.367091826 -3.903035465
v -0.430065558 1.366683741 -3.903331353
v -0.430870998 1.365731804 -3.902671684
v -0.415829733 1.346222202 -3.898717539
v -0.421282942 1.417296734 -3.930483661
v -0.422689681 1.346476362 -3.905207902
v -0.422572154 1.346490894 -3.905627455
v -0.422699723 1.345822168 -3.905339043
v -0.421528162 1.393894851 -3.925618128
v -0.421845395 1.370892970 -3.919330045
v -0.420160067 1.335968044 -3.907698684
v -0.418836058 1.336775403 -3.908210811
v -0.419042031 1.353446325 -3.910418875
v -0.420065672 1.345929929 -3.909981413
v -0.419128492 1.350161983 -3.910359618
v -0.421271780 1.343047256 -3.909983659
v -0.420007968 1.348782700 -3.910307869
v -0.428665714 1.354285330 -3.905342439
v -0.426084850 1.351181869 -3.914976890
v -0.430011252 1.366636485 -3.902272118
v -0.428922153 1.367662653 -3.902583658
v -0.430523675 1.366622282 -3.902254020
v -0.437580801 1.371266250 -3.903082484
v -0.434263466 1.367417173 -3.902079773
v -0.449392234 1.377919898 -3.902248278
v -0.436096444 1.367118878 -3.901502609
v -0.447334306 1.377248258 -3.902670932
v -0.429859393 1.358713572 -3.905064234
v -0.420616162 1.339090426 -3.908899880
v -0.428926046 1.357842390 -3.905096368
v -0.437295283 1.367304145 -3.901222171
v -0.443194419 1.375401084 -3.903218497
v -0.441290630 1.373367972 -3.902946660
v -0.431230476 1.366091841 -3.901668752
v -0.419085927 1.359637346 -3.910581788
v -0.419722991 1.356148130 -3.910540385
v -0.443789690 1.348000176 -3.905681643
v -0.418458154 1.355831033 -3.910432416
v -0.420776282 1.348031255 -3.910183364
v -0.420469559 1.384472451 -3.922751900
v -0.432885127 1.360712268 -3.904818090
v -0.421778798 1.340610749 -3.909696312
v -0.419775582 1.342207960 -3.909573755
v -0.418108035 1.336981758 -3.908669731
v -0.422673288 1.353788924 -3.910048316
v -0.422567435 1.350361494 -3.908983120
v -0.418332154 1.389116777 -3.925800547
v -0.419857285 1.356484362 -3.910487786
v -0.417803237 1.336926237 -3.908471735
v -0.419604433 1.363669488 -3.917390713
v -0.420437201 1.353488202 -3.910407561
v -0.421418021 1.349169570 -3.911791727
v -0.421327389 1.343106633 -3.910118075
v -0.420133857 1.352404743 -3.910421961
v -0.420253064 1.358207805 -3.915342933
v -0.451556795 1.384388366 -3.904160237
v -0.432184525 1.365642640 -3.901302400
v -0.429592576 1.366736585 -3.901771776
v -0.418267673 1.360851594 -3.910556465
v -1.109204311 0.827767894 -3.169770698
v -1.106577320 0.825441111 -3.169951491
v -1.096225833 0.813701520 -3.175673128
v -0.988059559 0.721486442 -3.204568437
v -1.126847732 0.945031635 -3.295735814
v -1.189525901 1.012023209 -3.292579554
v -0.391943009 1.325543550 -3.906642202
v -1.118965913 0.894196782 -3.252171747
v -1.016939022 0.742366261 -3.200888533
v -1.071804658 0.790929548 -3.179157487
v -0.368330111 1.314829718 -3.908257957
v -1.093380819 0.811658377 -3.177812246
v -1.023524798 0.755054424 -3.195626071
v -1.074394086 0.792923495 -3.179736021
v -1.046573489 0.770139754 -3.195629286
v -1.047498140 0.793890487 -3.236902130
v -1.044062896 0.771103484 -3.196168216
v -1.110051036 0.828164553 -3.169782168
v -1.017285032 0.750253328 -3.210093405
v -1.105883440 0.826653949 -3.169765134
v -0.997640848 0.740557010 -3.218695913
v -0.360167859 1.311857723 -3.908564519
v -1.121797102 0.946683579 -3.303923923
v -1.102397157 0.904715994 -3.306422666
v -1.007124845 0.700265811 -3.127727476
v -0.397911251 1.328976234 -3.905729843
v -1.048370620 0.769777433 -3.194975762
v -0.427743427 1.346388596 -3.904664568
v -0.995322381 0.683435502 -3.108107114
v -0.509671674 1.313636640 -3.890138676
v -1.010369473 0.743423406 -3.210648449
v -0.400414978 1.330178257 -3.906573878
v -1.090512668 0.807884825 -3.178859479
v -0.430360390 1.360825079 -3.919874015
v -0.433288240 1.373592209 -3.917750090
v -0.436303140 1.371511622 -3.920465940
v -0.449490847 1.397404233 -3.922503449
v -0.432720050 1.369304056 -3.918465712
v -1.101473032 0.820470146 -3.169923039
v -1.102864550 0.824713196 -3.169903418
v -1.108906100 0.827270321 -3.169781011
v -1.092855913 0.816699164 -3.169933514
v -1.102588024 0.824848081 -3.169989658
v -0.427503126 1.345249825 -3.904390331
v -0.428664964 1.359784228 -3.918022890
v -0.417882216 1.343778576 -3.918332000
v -0.429769585 1.363788417 -3.917345482
v -0.421567353 1.348728833 -3.916980673
v -0.411910064 1.353329283 -3.914139912
v -0.377087016 1.311832559 -3.916529724
v -1.070805184 0.802034993 -3.210582103
v -0.411088816 1.356591059 -3.914099633
v -0.551176401 1.322267471 -3.888454405
v -0.504198794 1.259122116 -3.882713092
v -0.411589101 1.358623782 -3.913946462
v -0.409712272 1.367671302 -3.913529246
v -0.411058781 1.352886208 -3.914461998
v -0.411530249 1.363600897 -3.914187615
v -0.379048161 1.311148589 -3.913675125
v -0.461487369 1.246360967 -3.892523337
v -0.396598457 1.329333169 -3.919618916
v -0.411540372 1.356511353 -3.914882000
v -0.387041153 1.309420454 -3.910028935
v -0.391690827 1.322167321 -3.907790221
v -0.411541437 1.352339081 -3.914164306
v -0.411100207 1.344793970 -3.914566633
v -0.401796671 1.325151084 -3.916898356
v -0.543532707 1.417944099 -3.910491724
v -0.488543392 1.460744487 -3.925854586
v -0.549558233 1.393189471 -3.906711845
v -1.125030321 0.906788872 -3.259810818
v -0.360977535 1.306625145 -3.909940428
v -1.107846339 0.868370717 -3.239515130
v -0.506406625 1.276123338 -3.886712494
v -0.410507081 1.369315179 -3.913517530
v -0.410376447 1.366189671 -3.913791200
v -0.410939728 1.344000485 -3.914685137
v -0.415011082 1.342714201 -3.915232975
v -0.415200352 1.350842428 -3.915010155
v -0.404156429 1.358856431 -3.927919459
v -0.416362362 1.363996845 -3.911319523
v -0.415089748 1.364081042 -3.912294615
v -0.417585153 1.360078524 -3.911448922
v -0.413932791 1.361893850 -3.911584011
v -0.414417748 1.362653032 -3.912687117
v -0.412859041 1.368891316 -3.912743746
v -0.411941919 1.367016092 -3.912438828
v -0.411877418 1.369090174 -3.913025033
v -0.412022017 1.360000388 -3.913780609
v -0.410953655 1.366693205 -3.912791895
v -0.412413136 1.363989886 -3.913458919
v -0.417097000 1.357677265 -3.911804442
v -0.415337409 1.360150924 -3.911118419
v -0.418307941 1.344951789 -3.910026304
v -0.418415664 1.353941836 -3.914562464
v -0.418245216 1.337497533 -3.908839926
v -0.420140647 1.414565650 -3.930347215
v -0.417313700 1.355657750 -3.910419742
v -0.418697319 1.360526002 -3.910652634
v -0.417405698 1.364018668 -3.910927317
v -0.416618166 1.359830050 -3.910634133
v -0.418551707 1.358408069 -3.910902745
v -0.418827098 1.344000799 -3.909729891
v -0.420322928 1.437296261 -3.934093326
v -0.417052931 1.340515563 -3.910800614
v -0.415166799 1.365586952 -3.911817143
v -0.413877145 1.366891208 -3.912177045
v -0.412976780 1.365655650 -3.913069342
v -0.413225535 1.364615449 -3.912003777
v -0.461668899 1.392643006 -3.903547984
v -0.446064694 1.375946162 -3.902548066
v -0.446053181 1.380031897 -3.904329628
v -0.430760893 1.366285378 -3.901641016
v -0.423918300 1.356176361 -3.909424430
v -0.421091152 1.346672031 -3.910219625
v -0.421217174 1.338667551 -3.908868125
v -0.422576824 1.362618146 -3.913897733
v -0.421148769 1.445936954 -3.934206181
v -0.413724353 1.336537411 -3.915634331
v -0.389318067 1.343715710 -3.925916021
v -0.424197924 1.353279375 -3.919292930
v -0.417060772 1.346337332 -3.915319706
v -0.409955688 1.337045561 -3.914919112
v -0.416802010 1.342816491 -3.915472572
v -0.414968042 1.339171083 -3.916061874
v -0.423581840 1.353014322 -3.916213071
v -1.101974989 0.825742630 -3.170891537
v -0.395151584 1.330536990 -3.905053415
v -1.104096895 0.827056803 -3.170784920
v -0.395084922 1.330715445 -3.905035660
v -0.417983028 1.347622634 -3.905222583
v -0.413716897 1.344422109 -3.905169535
v -0.416884231 1.344141797 -3.905033329
v -0.415831351 1.344412607 -3.905052808
v -0.421985957 1.340111169 -3.909839054
v -0.416357949 1.346043195 -3.905174929
v -0.414555366 1.343674228 -3.904631157
v -0.387257851 1.326046812 -3.905116020
v -0.387695021 1.326310904 -3.905115143
v -0.389259352 1.327209360 -3.905111374
v -0.394722818 1.330997476 -3.905194267
v -0.401892106 1.335273025 -3.905227508
v -0.422542451 1.350716988 -3.905021692
v -0.422542451 1.350716988 -3.905021692
v -0.402154129 1.335457189 -3.905223034
v -0.392164912 1.329542009 -3.905206537
v -0.420228296 1.349217547 -3.905299106
v -0.418571954 1.346809212 -3.905026235
v -0.398253867 1.333883476 -3.905223746
v -0.389519255 1.327236233 -3.905111017
v -0.413250843 1.343491061 -3.905295698
v -0.385484564 1.326423715 -3.905202693
v -0.422391944 1.350852503 -3.904990708
v -0.422492347 1.350811580 -3.905010358
v -0.421195299 1.350048366 -3.905133658
v -0.414415813 1.345657538 -3.904817670
v -0.419196810 1.348769969 -3.905019828
v -0.369581402 1.319283864 -3.905152146
v -0.364111894 1.316977972 -3.905162406
v -0.417933156 1.345230240 -3.905025162
v -0.407976398 1.337967619 -3.905056412
v -0.398051022 1.331645371 -3.905081838
v -1.021017183 0.725180509 -3.163822481
v -1.055136666 0.765111822 -3.180375388
v -1.073681647 0.806198082 -3.184515643
v -1.089824322 0.817407488 -3.176049927
v -0.422470635 1.351308784 -3.905397475
v -0.421913061 1.350884482 -3.905357549
v -1.083676846 0.813729951 -3.180527129
v -1.094046681 0.806621539 -3.174657369
v -0.491856274 1.377018341 -3.899565596
v -1.075428174 0.808681980 -3.185078086
v -1.075873672 0.808520980 -3.184295306
v -1.073122148 0.805433201 -3.184398102
v -1.062846830 0.794410990 -3.184243881
v -0.364689649 1.321487988 -3.900950295
v -0.453285275 1.362474653 -3.904000211
v -1.005657404 0.704901511 -3.145193119
v -1.002108349 0.689900828 -3.112827307
v -1.059670000 0.789154019 -3.181956658
v -0.513821403 1.347254003 -3.891996185
v -1.078729802 0.811318000 -3.183852967
v -1.097837065 0.823289204 -3.171103522
v -1.098242597 0.823520062 -3.171077056
v -1.098805796 0.823841121 -3.171039678
v -0.467886327 1.401435174 -3.904414051
v -0.457676630 1.389574125 -3.903930859
v -1.097750892 0.823231105 -3.171100949
v -1.097505392 0.823092510 -3.171114848
v -0.460342619 1.392803655 -3.904658061
v -0.451177307 1.384493946 -3.904398299
v -0.449031710 1.380344077 -3.904915826
v -1.097505392 0.823092510 -3.171114848
v -0.453268841 1.385515108 -3.904819199
v -0.449612404 1.378532305 -3.904695615
v -1.025622518 0.730508470 -3.162824984
v -0.459527499 1.350333993 -3.921836289
v -1.123408941 0.882492692 -3.237050349
v -0.994800043 0.716070620 -3.185722574
v -0.416771447 1.343176011 -3.911992673
v -0.438548571 1.326606872 -3.930844546
v -1.045218404 0.772121708 -3.205973793
v -0.386786966 1.326736952 -3.917810303
v -0.345887061 1.238769348 -3.911811645
v -1.049904518 0.804729738 -3.248788744
v -0.415113802 1.335883830 -3.912823304
v -0.534840301 1.316127170 -3.894961618
v -1.055854572 0.797566414 -3.230896186
v -0.407382426 1.243335162 -3.904538848
v -1.200126238 1.040481898 -3.298447846
v -0.399560863 1.325658241 -3.913658080
v -0.396273881 1.331337277 -3.905119578
v -0.422542570 1.350721774 -3.905020874
v -0.391849166 1.328906942 -3.905120924
v -0.390951641 1.328150209 -3.905107869
v -0.388755303 1.327195973 -3.905130800
v -0.400275691 1.333722043 -3.905114361
v -0.394486389 1.330196099 -3.905131335
v -0.399813013 1.333351416 -3.905118828
v -0.398889871 1.332721570 -3.905123551
v -0.395326234 1.330728220 -3.905126054
v -0.390171992 1.328006148 -3.905125504
v -0.419354380 1.347826093 -3.905032362
v -0.396704257 1.331499211 -3.905125090
v -0.404145505 1.336293208 -3.905099014
v -0.419807474 1.347867108 -3.905040442
v -0.419824695 1.348070696 -3.905034365
v -0.402170064 1.334882451 -3.905111207
v -0.422128535 1.349808219 -3.905022857
v -0.409877374 1.340092393 -3.905086999
v -0.420036582 1.348033406 -3.905038546
v -0.422515445 1.350595804 -3.905016322
v -0.422391945 1.350651784 -3.904989521
v -0.422040142 1.350155142 -3.905018660
v -0.422867873 1.351775842 -3.905396995
v -0.422531460 1.350628874 -3.905018765
v -0.422486649 1.350595040 -3.905008209
v -0.414260026 1.345234928 -3.905206742
v -0.382341014 1.324881804 -3.905156430
v -0.422382295 1.350470665 -3.904999428
v -0.363760101 1.316924120 -3.905163406
v -0.368072213 1.318459104 -3.905159770
v -0.363896899 1.316856288 -3.905165281
v -0.361632297 1.316067323 -3.905166830
v -0.409023678 1.338682835 -3.905052786
v -0.422877085 1.351722988 -3.905413030
v -0.422379059 1.350933578 -3.904988990
v -0.419191791 1.346107838 -3.905024454
v -0.421673532 1.348431484 -3.905015385
v -0.421381758 1.350515894 -3.905374377
v -0.412897784 1.344004623 -3.905290845
v -0.421154997 1.348487191 -3.905005277
v -0.422322563 1.350923493 -3.904978273
v -0.422341793 1.350558810 -3.904985702
v -1.081070835 0.813327104 -3.183029482
v -0.374694223 1.321475815 -3.905188489
v -1.088542479 0.817605891 -3.178466109
v -1.102566623 0.826128760 -3.170878334
v -1.099393832 0.824202115 -3.171033510
v -1.098489170 0.823671795 -3.171076193
v -1.098324730 0.823574299 -3.171080821
v -1.097670485 0.823190725 -3.171108938
v -1.097668020 0.823182709 -3.171103633
v -1.097587896 0.823141738 -3.171111751
v -1.097815574 0.823214850 -3.171057136
v -1.097583414 0.823124639 -3.171101870
v -1.097585743 0.823132987 -3.171106922
v -0.460026821 1.392282190 -3.904697702
v -1.097505431 0.823092440 -3.171114817
v -1.097576660 0.823099067 -3.171086865
v -1.097503269 0.823083655 -3.171109969
v -1.097708215 0.823082248 -3.171010203
v -1.097503427 0.823083375 -3.171109844
v -1.097500937 0.823075349 -3.171104931
v -1.097503317 0.823083620 -3.171109957
v -0.407840018 1.331573821 -3.913058799
v -0.414613793 1.341237267 -3.912222630
v -0.422450508 1.393489474 -3.923331440
v -1.097505392 0.823092510 -3.171114848
v -1.097505392 0.823092510 -3.171114848
v -1.097505392 0.823092510 -3.171114848
v -0.289828189 1.236270932 -3.913680064
v -1.061406962 0.780770653 -3.193580541
v -0.421903141 1.415121357 -3.929107990
v -0.413584300 1.353473256 -3.917935980
v -0.422688609 1.368155213 -3.914766140
v -0.412126853 1.327730166 -3.909100425
v -0.422652059 1.347158265 -3.905068746
v -0.486698949 1.311242250 -3.912103251
v -1.097580700 0.823116344 -3.171096946
v -1.097569544 0.823074239 -3.171071798
v -0.410001099 1.340392294 -3.905077584
v -0.409891772 1.340239058 -3.905081585
v -1.097505510 0.823092300 -3.171114754
v -1.097505470 0.823092370 -3.171114786
v -0.422250682 1.350276721 -3.905015473
v -1.097505431 0.823092440 -3.171114817
v -1.097505392 0.823092510 -3.171114848
v -0.422533014 1.350650596 -3.905019245
v -1.097662951 0.823165261 -3.171093798
v -1.100201268 0.824678404 -3.170974998
v -0.423124539 1.351908613 -3.905419885
v -1.097588073 0.823141336 -3.171111973
v -0.421607184 1.350950084 -3.905324161
v -0.410953019 1.342444629 -3.905321134
v -1.097505510 0.823092299 -3.171114754
v -1.097503238 0.823083760 -3.171110019
v -1.097585684 0.823133180 -3.171106606
v -1.025358398 0.714765168 -3.130970460
v -1.056461915 0.749720598 -3.147128159
v -0.390849844 1.329802620 -3.898539089
v -1.021104383 0.711495380 -3.123935980
v -0.339190314 1.317048228 -3.899496366
v -1.053141683 0.749634056 -3.146535238
v -0.366079560 1.321815392 -3.899158814
v -0.336106407 1.316592700 -3.899714542
v -0.414475563 1.341211288 -3.897453489
v -0.400008406 1.333327983 -3.905096989
v -0.408373290 1.338778546 -3.905076466
v -0.394913960 1.330768940 -3.905034887
v -0.396317621 1.331378589 -3.905022536
v -1.091691927 0.818745842 -3.174929550
v -0.394762923 1.330354228 -3.905066485
v -1.095799359 0.821378387 -3.173273383
v -1.100200563 0.824181381 -3.172498700
v -1.102066026 0.825781905 -3.170869525
v -1.100218395 0.824696937 -3.170987806
v -0.416377606 1.346445099 -3.905273722
v -0.416736750 1.345897586 -3.905324917
v -0.416646437 1.345859468 -3.905329845
v -0.422341838 1.350764827 -3.905256944
v -0.421768968 1.350741869 -3.905324187
v -0.393738280 1.330468590 -3.905190553
v -0.398333165 1.333216988 -3.905219551
v -1.100698313 0.824980282 -3.170969026
v -0.410522249 1.341897955 -3.905155216
v -0.393844001 1.330759174 -3.905062153
v -0.416427704 1.344301365 -3.905037109
v -0.419016330 1.347334227 -3.905096964
v -0.408103391 1.339582126 -3.904291526
v -0.414715903 1.343917451 -3.904642940
v -0.393468770 1.330055950 -3.905028628
v -0.409493422 1.340612925 -3.904347282
v -0.417464496 1.345960300 -3.904781749
v -0.415592961 1.344815419 -3.904740801
v -0.317660253 1.268886810 -3.909938372
v -0.413249012 1.342046442 -3.905053810
v -0.466389990 1.288655076 -3.901089899
v -1.026397298 0.733424278 -3.147966565
v -0.356117171 1.336881476 -3.928102460
v -0.422563697 1.353941085 -3.907655496
v -0.378687486 1.328189136 -3.921449252
v -0.424473345 1.354540813 -3.906943518
v -0.422379387 1.353502705 -3.907297081
v -0.426256817 1.354616820 -3.904764138
v -0.405927816 1.328382117 -3.915734554
v -0.422700038 1.352070277 -3.908325328
v -0.427658874 1.356797963 -3.904865033
v -0.420720587 1.304716128 -3.912966654
v -0.392841644 1.337563724 -3.927769187
v -1.018665464 0.721467933 -3.138901306
v -0.425081007 1.351929359 -3.904816409
v -0.427051185 1.355557151 -3.904763645
v -0.424417202 1.387017390 -3.931331220
v -0.426107684 1.354638469 -3.904842659
v -0.424378904 1.354011268 -3.906481725
v -0.436048086 1.366530025 -3.904903372
v -0.400154568 1.334198590 -3.905236432
v -0.394277816 1.330729786 -3.905198211
v -0.390182668 1.328469890 -3.905209632
v -0.398602892 1.333300146 -3.905242117
v -0.376425604 1.321812013 -3.905156912
v -0.372474672 1.320075408 -3.905161740
v -0.416708260 1.345897801 -3.905318565
v -0.374478502 1.320945134 -3.905157034
v -0.429975029 1.336111797 -3.905607133
v -0.443613070 1.347471831 -3.904525702
v -0.379485002 1.323235331 -3.905168125
v -0.409388181 1.339723408 -3.905056795
v -0.422542620 1.350721948 -3.905020888
v -0.388476261 1.327066438 -3.905130703
v -0.394325290 1.330103885 -3.905130281
v -0.403253730 1.335626103 -3.905105253
v -0.450907787 1.379994110 -3.904699270
v -0.450746617 1.382473553 -3.904876345
v -0.444243425 1.373678441 -3.904786400
v -0.442390729 1.372678713 -3.904883519
v -0.427101775 1.356359059 -3.905334590
v -0.441944185 1.371280805 -3.904789820
v -0.514727503 1.348096088 -3.906641450
v -0.456674025 1.430691744 -3.931316618
v -0.456683453 1.388257854 -3.903782082
v -0.322271748 1.240002487 -3.909715410
v -0.413771445 1.343296577 -3.904461619
v -0.371667777 1.319737549 -3.905166818
v -0.401794151 1.334603226 -3.905111673
v -0.410391096 1.340384305 -3.905087916
v -0.422170566 1.350045875 -3.905014614
v -0.422527289 1.350559826 -3.905020630
v -0.422526809 1.350554159 -3.905020195
v -0.423122935 1.351919976 -3.905416971
v -0.420897223 1.350118411 -3.905386833
v -0.422133792 1.349561105 -3.905001025
v -0.382478252 1.325343117 -3.905163941
v -0.422110638 1.350283795 -3.904987427
v -0.420755687 1.349942864 -3.905235223
v -0.398785788 1.332607545 -3.905087474
v -0.394309509 1.330807653 -3.905006619
v -0.387398366 1.325284042 -3.907003562
v -0.395278302 1.330677870 -3.904950025
v -0.398650085 1.333213198 -3.904979915
v 0.081854524 0.646585588 0.230270163
v -0.383788406 1.323885608 -3.907245553
v -0.391236190 1.328190223 -3.905933400
v 0.066295008 0.575573611 0.139389726
v 0.066295008 0.575573611 0.139389726
v 1.066659067 0.795272856 -2.942773309
v 0.066295008 0.575573611 0.139389726
v -0.422486408 1.350345464 -3.905021075
v -0.422291642 1.350407309 -3.905015403
v -0.415329272 1.344302230 -3.905054421
v -0.422528127 1.350579910 -3.905018601
v -0.421306868 1.349630323 -3.905010518
v -0.421711865 1.352286790 -3.905245312
v -0.421374484 1.351801645 -3.905271860
v -0.422202381 1.349914414 -3.905027172
v -0.417354590 1.346091243 -3.905033284
v -0.423031206 1.352253930 -3.905157935
v -0.422115443 1.351233879 -3.905205384
v -0.423105720 1.352266674 -3.905128104
v -0.423105211 1.352100471 -3.905142185
v -0.423555590 1.353432888 -3.905140762
v -0.438364162 1.377408391 -3.904472773
v -0.426499939 1.357944109 -3.905021236
v -0.433341615 1.369236640 -3.904729726
v -0.422331487 1.348483195 -3.905052705
v -0.422323077 1.348464111 -3.905054488
v -0.422331659 1.348483530 -3.905052668
v -0.470585159 1.464632845 -3.905172350
v -0.470276438 1.463138324 -3.905172065
v -0.423824847 1.355213728 -3.905178583
v -0.469412668 1.459446445 -3.905170312
v -0.469752919 1.460838852 -3.905170661
v -0.397382845 1.331365406 -3.905079129
v -0.411712771 1.340007877 -3.905052423
v -0.422258628 1.331967800 -3.909944472
v -0.404611732 1.334155938 -3.905057685
v -0.424417722 1.356073483 -3.905153483
v -0.422534857 1.348864004 -3.905011953
v -0.413233314 1.340674062 -3.905039094
v -0.421508500 1.335784795 -3.908059148
v -0.408189773 1.337658720 -3.905064362
v -0.416821661 1.343464765 -3.905026204
v -0.422277289 1.333833528 -3.908968124
v -0.421713356 1.349317246 -3.904843931
v -0.413539455 1.342933789 -3.904771121
v -0.408443591 1.338193245 -3.905067742
v -0.408294412 1.340345993 -3.904257037
v -0.412524616 1.342562560 -3.904308353
v -0.405922120 1.338358574 -3.904175206
v -0.404743603 1.337790888 -3.904108827
v -0.412014286 1.341940382 -3.904772406
v -0.412963069 1.342801429 -3.904390723
v -0.422427855 1.349678894 -3.904833704
v -0.418840994 1.347393278 -3.905115037
v -0.422188614 1.349512465 -3.904790863
v -0.402538464 1.336747219 -3.903975965
v -0.417700736 1.346181037 -3.904552995
v -0.395249108 1.330971360 -3.905015637
v -0.396411735 1.332153847 -3.905058634
v -0.405857248 1.338708038 -3.905106178
v -0.418139064 1.346451589 -3.904555956
v -0.397329118 1.331806886 -3.905000485
v -0.396142357 1.331097421 -3.905032808
v -0.395429264 1.330670112 -3.905314827
v -0.396734181 1.331227958 -3.905010295
v -0.417495117 1.345932868 -3.904216124
v -0.382349045 1.323251061 -3.906656388
v -0.412928578 1.338513450 -3.905024218
v -0.426478000 1.350702579 -3.904117574
v -0.356742051 1.308022422 -3.909288723
v -0.427982390 1.349971791 -3.904792302
v -0.360049308 1.312904499 -3.908421562
v -0.368528300 1.314236260 -3.909001630
v -0.431199934 1.349365387 -3.904580681
v -0.249274452 1.254564025 -3.902685131
v -0.401982995 1.332132342 -3.904995324
v -0.408237651 1.334729794 -3.904832901
v -0.268528462 1.270375793 -3.906678048
v -0.355726930 1.309195680 -3.909015465
v -0.387489885 1.324505117 -3.907189213
v -0.394715868 1.327087627 -3.905711230
v -0.421708202 1.352300048 -3.905246241
v -0.421692396 1.352283894 -3.905267564
v -0.421375510 1.351804230 -3.905269944
v -0.420305735 1.348308182 -3.905038357
v -0.421711567 1.352287473 -3.905243500
v -0.422718805 1.353643001 -3.905178187
v -0.422742086 1.353599329 -3.905177580
v -0.428478484 1.361649891 -3.905094246
v -0.429556497 1.362349341 -3.905098638
v -0.430768794 1.364188876 -3.905107967
v -0.423055430 1.354018239 -3.905185013
v -0.450083734 1.401457033 -3.905125729
v -0.446131707 1.392464139 -3.905113769
v -0.444143142 1.388159726 -3.905110514
v -0.462618545 1.434380765 -3.905152520
v -0.466168679 1.446439349 -3.905164204
v -0.460896232 1.429144789 -3.905146799
v -0.421376656 1.351807117 -3.905267805
v -0.421380681 1.351792603 -3.905267236
v -0.469663834 1.459894073 -3.905174811
v -0.470646053 1.464232198 -3.905177232
v -0.468188800 1.453944884 -3.905168164
v -0.467108479 1.449816831 -3.905166075
v -0.438108330 1.373891845 -3.905100721
v -0.437829351 1.373397813 -3.905099993
v -0.437490198 1.372830908 -3.905098958
v -0.423048805 1.348334292 -3.905066761
v -0.425571666 1.351932805 -3.905077067
v -0.425550602 1.351994454 -3.905076519
v -0.422445512 1.347883584 -3.905048610
v -0.422755167 1.348426702 -3.905048902
v -0.422480007 1.348583946 -3.905027134
v -0.422450644 1.347832966 -3.905048937
v -0.422492112 1.348551539 -3.905025927
v -0.422440379 1.347934202 -3.905048282
v -0.422444880 1.348722272 -3.905029629
v -0.422543406 1.348883346 -3.905010140
v -0.422436298 1.348702853 -3.905031449
v -0.423824847 1.355213728 -3.905178583
v -0.422453462 1.348741690 -3.905027808
v -0.424417722 1.356073483 -3.905153483
v -0.422427716 1.348683435 -3.905033269
v -0.422495469 1.348526931 -3.905025948
v -0.394239177 1.330850656 -3.905033719
v -0.423048033 1.348284558 -3.905067050
v -0.410519933 1.341969216 -3.905142016
v -0.422296580 1.334334504 -3.908468606
v -0.421972774 1.337528815 -3.908672828
v -1.243065523 1.050688334 -3.263094327
v -0.395707621 1.331016894 -3.904985735
v -0.529132069 1.422960820 -3.919349570
v -1.118629475 0.843307831 -3.191099599
v -1.278150242 1.076259690 -3.239731126
v -0.380671828 1.256475232 -3.910097844
v -0.411423432 1.339146873 -3.903806937
v -0.420444719 1.339369105 -3.905427381
v -0.420582943 1.344833810 -3.905468182
v -0.975808250 0.731943039 -3.234757490
v -1.007945986 0.748555124 -3.208180867
v -0.360379289 1.289562783 -3.911250074
v -0.242297756 1.222343879 -3.902623512
v -0.204543922 1.231473376 -3.894829510
v -0.236471377 1.240945046 -3.911943837
v -1.096424857 0.812671358 -3.170142748
v -1.101996281 0.808644827 -3.163807623
v -1.104167617 0.819948681 -3.168592929
v -0.387139628 1.329390677 -3.903179377
v -0.413587880 1.343382437 -3.904511851
v -0.417832801 1.340468523 -3.904896533
v -0.402287533 1.336760723 -3.903498173
v -0.375352073 1.324725258 -3.902099618
v -0.385252741 1.328474635 -3.903045170
v -0.408805482 1.340437304 -3.904239884
v -0.393163320 1.332004779 -3.902475153
v -0.367786435 1.322325288 -3.901995902
v -0.390286374 1.330570132 -3.903171697
v -0.416661211 1.345277891 -3.903722177
v -0.421209535 1.348619397 -3.904826985
v -0.414770529 1.337997849 -3.904990652
v -0.419885819 1.344668767 -3.905174981
v -0.428985807 1.362972760 -3.905106565
v -0.456237477 1.416055959 -3.905134408
v -0.273462928 1.228163662 -3.904578949
v -0.425085519 1.352023470 -3.904833160
v -0.466460108 1.447360665 -3.905163485
v -0.274933338 1.260033653 -3.905281191
v -0.434338497 1.365038773 -3.904939317
v -0.421380681 1.351792603 -3.905267236
v -0.397650607 1.315102290 -3.909267688
v -0.426549238 1.354575205 -3.904872025
v -0.471636467 1.468828397 -3.905180654
v -0.436586926 1.367116117 -3.904909033
v -0.425861935 1.352608406 -3.905076488
v -0.423045445 1.348309669 -3.905066888
v -0.972141385 0.725638764 -3.230002001
v -0.288108235 1.259060956 -3.907206348
v -0.417368724 1.340596366 -3.904906236
v -0.408434599 1.338538686 -3.905072214
v -0.416777136 1.342996592 -3.905023309
v -0.398070989 1.331957453 -3.905090103
v -0.412592081 1.342876502 -3.904535234
v -0.399176266 1.332709966 -3.905094441
v -0.416117559 1.340818878 -3.904903376
v -0.413681797 1.340512224 -3.905031834
v -0.397207430 1.330203936 -3.905031917
v -0.405142438 1.338513529 -3.904090075
v -0.413669102 1.343109521 -3.904650812
v -0.413546376 1.339098102 -3.905019299
v -0.408312756 1.340169262 -3.903972654
v -0.402535490 1.336632108 -3.903991906
v -0.394367739 1.332612044 -3.903554212
v -0.417786107 1.346107622 -3.904368950
v -0.418073857 1.346244970 -3.904488250
v -0.403318468 1.337508000 -3.903993423
v -0.421991014 1.337916343 -3.909532379
v -0.422261817 1.332359374 -3.909761217
v -0.425964229 1.356843763 -3.905040520
v -0.447999800 1.394386304 -3.905121423
v -0.449370527 1.397327505 -3.905125232
v -0.448556172 1.395567569 -3.905122973
v -0.449375092 1.397302449 -3.905125395
v -0.439455153 1.379256759 -3.904421635
v -0.439492415 1.379357071 -3.904430451
v -0.403153808 1.336512164 -3.905056322
v -0.382364807 1.323782581 -3.906881589
v -0.422774507 1.349790394 -3.904688716
v -0.390120923 1.327991933 -3.905757782
v -0.425242677 1.349521553 -3.904790753
v -0.383759779 1.324883833 -3.906307401
v -0.422726482 1.349556790 -3.904752687
v -0.410887004 1.341644311 -3.904163035
v -0.397025639 1.333708463 -3.903566789
v -0.423373000 1.349949184 -3.904614072
v -0.399346408 1.335087337 -3.903808121
v -0.413578400 1.342950520 -3.904712794
v -0.398387003 1.334870082 -3.903739115
v -0.400332642 1.330282380 -3.905050303
v -0.416200620 1.341893647 -3.904708699
v -0.322952718 1.285313520 -3.909699930
v -0.416830881 1.343814335 -3.905032214
v -0.415105058 1.342982738 -3.905045205
v -0.358023941 1.319347154 -3.901146694
v -0.427386640 1.350392830 -3.901858469
v -0.413242409 1.342760387 -3.902894956
v -0.338082292 1.316571850 -3.900139044
v -0.417825167 1.346539507 -3.905084270
v -0.428647083 1.351692622 -3.903265073
v -0.416661640 1.342701727 -3.904785763
v -0.416240319 1.342902338 -3.904836512
v -0.336599639 1.316347907 -3.900273068
v -0.383732309 1.327538562 -3.900455120
v -0.407088858 1.338683685 -3.901409648
v -0.415554976 1.342802870 -3.904880376
v -0.357834689 1.319894934 -3.900391019
v -0.402258965 1.336343066 -3.903746564
v -0.419075943 1.347226777 -3.905068322
v -0.403681661 1.335945483 -3.905098619
v -0.396995368 1.331779654 -3.905118021
v -0.397107382 1.331911665 -3.905108025
v -0.394728349 1.330401307 -3.905126075
v -0.422543958 1.350752155 -3.905018444
v -0.422517277 1.350813453 -3.905004035
v -0.421488916 1.349947903 -3.904991562
v -0.406281542 1.337856734 -3.905075028
v 0.066295008 0.575573611 0.139389726
v 0.066295008 0.575573611 0.139389726
v -0.426000039 1.356842306 -3.905025594
v -0.422070936 1.351384778 -3.905216674
v -0.421375570 1.351804381 -3.905269833
v -0.421705760 1.352295226 -3.905248464
v -0.422711441 1.353702608 -3.905187040
v -0.444566616 1.389069471 -3.905112372
v -0.414776443 1.339959680 -3.904560425
v -0.438689591 1.277978201 -3.904143045
v -0.226492608 1.249612668 -3.901625105
v -1.089816615 0.798848643 -3.165534277
v -0.413782976 1.337820203 -3.905002305
v -0.367971873 1.322487394 -3.902254105
v -0.423779227 1.350021133 -3.904528136
v -0.397932632 1.331542643 -3.904953763
v -0.404667985 1.337818217 -3.904092024
v -0.416955284 1.342604649 -3.905015614
v -0.392175884 1.328281965 -3.905796792
v -0.391282146 1.328549614 -3.905123383
v -0.457270195 1.418801358 -3.905138325
v -0.463787144 1.438113656 -3.905155347
v -0.421375570 1.351804381 -3.905269833
v -0.437265465 1.372436442 -3.905098374
v -0.425261065 1.351434942 -3.905076500
v -0.423058807 1.348208489 -3.905067558
v -0.422480007 1.348583946 -3.905027134
v -0.422526309 1.348844662 -3.905013766
v -0.422526309 1.348844662 -3.905013766
v -0.422331939 1.348482050 -3.905052943
v -0.426548521 1.357851778 -3.904989257
v -0.422326421 1.352000739 -3.905222634
v -0.423342633 1.343246738 -3.906129761
v -0.423342633 1.343246738 -3.906129761
v -0.423342633 1.343246738 -3.906129761
v -1.097505471 0.823092370 -3.171114785
v -0.422403102 1.348106478 -3.905122186
v -0.422403102 1.348106478 -3.905122186
v -0.422403102 1.348106478 -3.905122186
v -0.422403102 1.348106478 -3.905122186
v -0.422403102 1.348106478 -3.905122186
v -0.423342633 1.343246738 -3.906129761
v -0.423342633 1.343246738 -3.906129761
v -0.423342633 1.343246738 -3.906129761
v -0.423342633 1.343246738 -3.906129761
v -0.423342633 1.343246738 -3.906129761
v -0.423342633 1.343246738 -3.906129761
v -0.423342633 1.343246738 -3.906129761
v -0.423342633 1.343246738 -3.906129761
v -0.423342633 1.343246738 -3.906129761
v -1.097505392 0.823092510 -3.171114848
v -1.097505392 0.823092510 -3.171114848
v -1.097505392 0.823092510 -3.171114848
v -1.097505392 0.823092510 -3.171114848
v -1.097505392 0.823092510 -3.171114848
v -1.097505392 0.823092510 -3.171114848
v -1.097505392 0.823092510 -3.171114848
v -1.097505392 0.823092510 -3.171114848
v -1.097505392 0.823092510 -3.171114848
v -1.097505392 0.823092510 -3.171114848
v -1.097503278 0.823083690 -3.171109988
v -1.097505392 0.823092510 -3.171114848
v -0.422403140 1.348106233 -3.905122470
v -0.422403140 1.348106233 -3.905122470
v -0.422403140 1.348106233 -3.905122470
v -1.097505643 0.823092147 -3.171114911
v -1.097505643 0.823092147 -3.171114911
v -0.422403140 1.348106233 -3.905122470
v -0.422403140 1.348106233 -3.905122470
v -0.422403140 1.348106233 -3.905122470
v -0.422403140 1.348106233 -3.905122470
v -0.422403120 1.348106253 -3.905122492
v -0.422403140 1.348106233 -3.905122470
v -1.097505643 0.823092147 -3.171114911
v -1.097505643 0.823092147 -3.171114911
v -0.422403140 1.348106233 -3.905122470
v -0.422403120 1.348106253 -3.905122492
v -0.422403140 1.348106233 -3.905122470
v -0.422403120 1.348106253 -3.905122492
v -0.422403120 1.348106253 -3.905122492
v -1.097566138 0.823067882 -3.171066749
v -1.097578115 0.823108576 -3.171091749
v -1.097544095 0.822994648 -3.171022115
v -1.097500926 0.823075357 -3.171104925
v -1.097364039 0.822417273 -3.170623592
v -1.097490726 0.822804441 -3.170899066
v -1.097285745 0.821932856 -3.170362614
v -1.097468952 0.822516368 -3.170686170
v -0.422403024 1.348106350 -3.905122595
v -0.422403001 1.348106377 -3.905122620
v -0.422403102 1.348106478 -3.905122186
v -0.422403102 1.348106478 -3.905122186
v -0.422403102 1.348106478 -3.905122186
v -0.422403102 1.348106478 -3.905122186
v -0.422403102 1.348106478 -3.905122186
v -0.422403102 1.348106478 -3.905122186
v -0.422403102 1.348106478 -3.905122186
v -0.430193599 1.355680376 -3.904876496
v -0.422403102 1.348106478 -3.905122186
v -0.461615169 1.407233567 -3.902335160
v -0.422403102 1.348106478 -3.905122186
v -0.422403102 1.348106478 -3.905122186
v -0.409669535 1.324430950 -3.905124629
v -0.420332579 1.340994961 -3.905236028
v -0.422403102 1.348106478 -3.905122186
v -0.422403102 1.348106478 -3.905122186
v -0.422582879 1.347771476 -3.904748299
v -0.418226502 1.339551889 -3.904945369
v -0.416168492 1.337505885 -3.905144375
v -0.417673119 1.340005166 -3.905139233
v -0.422425581 1.348021536 -3.905067376
v -0.422430046 1.348004454 -3.905056257
v -0.423320096 1.349115514 -3.905048953
v -0.427757185 1.354471164 -3.904740380
v -0.422403102 1.348106478 -3.905122186
v -0.422403036 1.348106361 -3.905122015
v -0.430049352 1.357400664 -3.904586312
v -1.097505542 0.823092446 -3.171114887
v -1.097505600 0.823092421 -3.171114902
v -1.097505445 0.823092487 -3.171114862
v -1.097505560 0.823092438 -3.171114892
v -1.097505434 0.823092492 -3.171114859
v -1.097505553 0.823092441 -3.171114890
v -1.097505455 0.823092483 -3.171114864
v -1.097505519 0.823092456 -3.171114881
v -1.097505432 0.823092493 -3.171114858
v -1.097505481 0.823092472 -3.171114871
v -1.097505439 0.823092490 -3.171114860
v -0.422403194 1.348106445 -3.905122365
v -1.097505415 0.823092500 -3.171114854
v -0.422403214 1.348106357 -3.905122383
v -0.422403148 1.348106468 -3.905122256
v -0.422403107 1.348106477 -3.905122194
v -0.422403102 1.348106478 -3.905122186
v -0.422403102 1.348106478 -3.905122186
v -0.423342633 1.343246738 -3.906129761
v -0.423342633 1.343246738 -3.906129761
v -0.423342633 1.343246738 -3.906129761
v -0.422403102 1.348106478 -3.905122186
v -0.423342633 1.343246738 -3.906129761
v -0.423342633 1.343246738 -3.906129761
v -0.423342633 1.343246738 -3.906129761
v -0.422403102 1.348106478 -3.905122186
v -0.422403031 1.348106429 -3.905122159
v -0.444030423 1.376314258 -3.903930046
v -0.422403066 1.348106454 -3.905122172
v -0.422403102 1.348106478 -3.905122186
v -0.443709880 1.375872197 -3.903944130
v -0.422403102 1.348106478 -3.905122186
v -0.420696228 1.341402997 -3.905209234
v -0.428263601 1.352717971 -3.904945005
v -0.419010923 1.340774054 -3.904914196
v -0.405637312 1.318763896 -3.905152923
v -0.422492889 1.347783332 -3.904900918
v -0.422511877 1.347708870 -3.904852715
v -0.422403036 1.348106361 -3.905122015
v -0.422407557 1.348089534 -3.905111354
v -0.422403102 1.348106478 -3.905122186
v -0.422403102 1.348106478 -3.905122186
v -0.472987057 1.430467467 -3.901601657
v -0.422403102 1.348106478 -3.905122186
v -0.440725579 1.373658002 -3.904005967
v -0.466444375 1.416810859 -3.901838678
v -0.422403102 1.348106478 -3.905122186
v -0.422403102 1.348106478 -3.905122186
v -0.423342633 1.343246738 -3.906129761
v -0.423342633 1.343246738 -3.906129761
v -0.422403102 1.348106478 -3.905122186
v -0.423342633 1.343246738 -3.906129761
v -0.436400396 1.367294228 -3.904302343
v -0.422409547 1.348081196 -3.905107452
v -0.422405366 1.348098282 -3.905117293
v -0.422405339 1.348098225 -3.905117260
v -1.097505643 0.823092147 -3.171114911
v -1.097505643 0.823092147 -3.171114911
v -1.097505643 0.823092147 -3.171114911
v -1.097505643 0.823092147 -3.171114911
v -1.097505643 0.823092147 -3.171114911
v -0.422403140 1.348106233 -3.905122470
v -0.422413666 1.347881206 -3.905074079
v -0.422403140 1.348106233 -3.905122470
v -1.097505643 0.823092147 -3.171114911
v -0.422403140 1.348106233 -3.905122470
v -0.422403140 1.348106233 -3.905122470
v -0.422403140 1.348106233 -3.905122470
v -0.423342625 1.343246804 -3.906130131
v -0.423342625 1.343246804 -3.906130131
v -0.423342625 1.343246804 -3.906130131
v -0.423342625 1.343246804 -3.906130131
v -0.423342625 1.343246804 -3.906130131
v -0.423342625 1.343246804 -3.906130131
v -0.423342625 1.343246804 -3.906130131
v -0.423342625 1.343246804 -3.906130131
v -0.422403140 1.348106233 -3.905122470
v -0.423342625 1.343246804 -3.906130131
v -0.423342625 1.343246804 -3.906130131
v -0.423342625 1.343246804 -3.906130131
v -0.423342625 1.343246804 -3.906130131
v -0.423342625 1.343246804 -3.906130131
v -0.423342625 1.343246804 -3.906130131
v -0.423342625 1.343246804 -3.906130131
v -0.423342625 1.343246804 -3.906130131
v -0.423342625 1.343246804 -3.906130131
v -0.423342625 1.343246804 -3.906130131
v -0.423342625 1.343246804 -3.906130131
v -0.422403027 1.348106507 -3.905122613
v -0.423342625 1.343246804 -3.906130131
v -1.097505643 0.823092147 -3.171114911
v -0.422403009 1.348106489 -3.905122627
v -0.422402950 1.348106464 -3.905122679
v -0.423342558 1.343246766 -3.906130189
v -0.422402960 1.348106469 -3.905122671
v -0.423342581 1.343246779 -3.906130170
v -0.423342581 1.343246779 -3.906130169
v -0.422403140 1.348106233 -3.905122470
v -0.422402984 1.348106422 -3.905122642
v -1.097505643 0.823092147 -3.171114911
v -0.422403024 1.348106350 -3.905122595
v -0.422402993 1.348106471 -3.905122640
v -0.421898126 1.347023253 -3.905099055
v -0.422403009 1.348106489 -3.905122627
v -0.426782059 1.353982267 -3.904888007
v -0.422403046 1.348106327 -3.905122571
v -0.422403072 1.348106301 -3.905122543
v -0.423342614 1.343246798 -3.906130140
v -0.423342599 1.343246789 -3.906130153
v -0.437809491 1.369324151 -3.904216130
v -0.422403120 1.348106253 -3.905122492
v -1.097439829 0.822325061 -3.170729158
v -0.425628353 1.352496466 -3.904959525
v -1.097572455 0.823041863 -3.171008840
v -0.421144164 1.345508104 -3.905078515
v -1.097137416 0.821657477 -3.170848772
v -1.097578581 0.823032631 -3.170991481
v -1.097284883 0.822051575 -3.170850295
v -1.097523334 0.822813759 -3.171070978
v -1.097180165 0.821764668 -3.170850260
v -0.422142934 1.347446624 -3.905099049
v -1.097510712 0.822782599 -3.171058503
v -1.097638730 0.822614059 -3.170547851
v -1.097392840 0.822387325 -3.170895040
v -1.097232810 0.821915901 -3.170852117
v -1.096559017 0.821502964 -3.170935419
v -1.087851467 0.812549463 -3.170711024
v -1.089308805 0.813517436 -3.169601833
v -1.097373618 0.822403656 -3.170600026
v -0.422403001 1.348106377 -3.905122620
v -1.096850587 0.821739646 -3.170944836
v -1.096847371 0.821725156 -3.170959363
v -1.097578382 0.822777474 -3.170801480
v -1.097443232 0.822303124 -3.170703640
v -1.097601887 0.822815356 -3.170789103
v -0.422403140 1.348106233 -3.905122470
v -0.422403120 1.348106253 -3.905122492
v -0.422403140 1.348106233 -3.905122470
v -0.422402984 1.348106450 -3.905122646
v -0.422402984 1.348106450 -3.905122646
v -0.422402984 1.348106422 -3.905122642
v -0.421869253 1.346554028 -3.905052383
v -0.422402984 1.348106422 -3.905122642
v -0.422402994 1.348106471 -3.905122639
v -0.422402994 1.348106471 -3.905122639
v -0.423342541 1.343246748 -3.906130203
v -0.423342559 1.343246766 -3.906130189
v -0.423342580 1.343246779 -3.906130170
v -0.422402994 1.348106471 -3.905122639
v -0.423342581 1.343246779 -3.906130170
v -0.422402122 1.347922029 -3.905099826
v -0.422434361 1.347807516 -3.905029877
v -1.097505392 0.823092510 -3.171114848
v -1.097490245 0.822795415 -3.170890679
v -1.096871583 0.821973962 -3.170824635
v -1.097536744 0.822970240 -3.171007236
v -1.091051438 0.815093301 -3.170277970
v -1.088683587 0.813404071 -3.170791843
v -1.097505392 0.823092510 -3.171114848
v -1.097505392 0.823092510 -3.171114848
v -1.097505392 0.823092510 -3.171114848
v -0.424005809 1.350171665 -3.905030161
v -1.097505392 0.823092510 -3.171114848
v -1.097505392 0.823092510 -3.171114848
v -1.097505392 0.823092510 -3.171114848
v -1.097505392 0.823092510 -3.171114848
v -1.060861002 0.786169171 -3.169496408
v -1.090135907 0.814266002 -3.170265267
v -0.424007583 1.350171179 -3.905029686
v -0.422407496 1.348089348 -3.905111040
v -0.422597280 1.347755845 -3.904784179
v -0.423342625 1.343246804 -3.906130131
v -0.422405045 1.348097750 -3.905117538
v -0.422403102 1.348106478 -3.905122186
v -0.423342625 1.343246804 -3.906130131
v -0.423342625 1.343246804 -3.906130131
v -0.422403102 1.348106478 -3.905122186
v -1.097505643 0.823092147 -3.171114911
v -0.423342526 1.343246732 -3.906130214
v -0.423342625 1.343246804 -3.906130131
v -1.097505643 0.823092147 -3.171114911
v -1.097505643 0.823092147 -3.171114911
v -0.423342556 1.343246765 -3.906130191
v -0.423342542 1.343246749 -3.906130202
v -0.422403102 1.348106478 -3.905122186
v -0.422403102 1.348106478 -3.905122186
v -0.422403001 1.348106377 -3.905122620
v -0.422403102 1.348106478 -3.905122186
v -0.423342537 1.343246746 -3.906130206
v -0.422403072 1.348106301 -3.905122543
v -0.422402987 1.348106474 -3.905122646
v -0.422402985 1.348106422 -3.905122642
v -0.423342517 1.343246709 -3.906130220
v -0.423342625 1.343246804 -3.906130131
v -0.454198105 1.393893562 -3.903195282
v -0.433561026 1.363264998 -3.904469320
v -0.422403097 1.348106276 -3.905122516
v -0.427082698 1.354363273 -3.904861174
v -0.452603409 1.392618458 -3.903212594
v -0.427108075 1.354386141 -3.904858218
v -0.453304466 1.393804432 -3.903165209
v -0.432147482 1.361353491 -3.904565749
v -0.426761505 1.353960201 -3.904889927
v -1.097505643 0.823092147 -3.171114911
v -1.097505643 0.823092148 -3.171114911
v -1.097505647 0.823092167 -3.171114912
v -1.097505645 0.823092160 -3.171114912
v -1.097505646 0.823092162 -3.171114912
v -1.097505646 0.823092162 -3.171114912
v -0.422403046 1.348106327 -3.905122571
v -0.422403140 1.348106233 -3.905122470
v -0.422403046 1.348106327 -3.905122571
v -0.423342625 1.343246804 -3.906130131
v -0.423342625 1.343246804 -3.906130131
v -0.422403046 1.348106327 -3.905122571
v -0.423342625 1.343246804 -3.906130131
v -0.422402993 1.348106470 -3.905122641
v -0.422403001 1.348106377 -3.905122620
v -0.423342625 1.343246804 -3.906130131
v -0.423342581 1.343246779 -3.906130170
v -0.422403007 1.348106488 -3.905122630
v -0.423342580 1.343246778 -3.906130170
v -0.422403008 1.348106488 -3.905122629
v -0.423342558 1.343246766 -3.906130189
v -0.422403024 1.348106350 -3.905122595
v -0.423342579 1.343246778 -3.906130171
v -0.423342581 1.343246779 -3.906130170
v -0.423342557 1.343246766 -3.906130190
v -1.097505643 0.823092147 -3.171114911
v -1.097505643 0.823092147 -3.171114911
v -1.097505643 0.823092147 -3.171114911
v -1.097505643 0.823092147 -3.171114911
v -0.423342615 1.343246798 -3.906130140
v -0.423342600 1.343246790 -3.906130153
v -1.097505643 0.823092147 -3.171114911
v -0.422403140 1.348106233 -3.905122470
v -0.423342600 1.343246790 -3.906130153
v -0.422403097 1.348106276 -3.905122516
v -0.422403072 1.348106301 -3.905122543
v -0.422403046 1.348106327 -3.905122571
v -0.422403097 1.348106276 -3.905122516
v -1.097563680 0.823059751 -3.171061785
v -1.097498478 0.823067219 -3.171099967
v -1.097578518 0.823108429 -3.171091565
v -1.097502983 0.823084302 -3.171109859
v -0.422403046 1.348106327 -3.905122571
v -0.422403046 1.348106327 -3.905122571
v -0.422403024 1.348106350 -3.905122595
v -0.422403046 1.348106327 -3.905122571
v -0.422403024 1.348106350 -3.905122595
v -0.422403097 1.348106276 -3.905122516
v -0.422403046 1.348106327 -3.905122571
v -0.422403024 1.348106350 -3.905122595
v -0.422403072 1.348106301 -3.905122543
v -0.422403097 1.348106276 -3.905122516
v -0.422403120 1.348106253 -3.905122492
v -0.422403120 1.348106253 -3.905122492
v -0.422403097 1.348106276 -3.905122516
v -0.422403072 1.348106301 -3.905122543
v -0.422403072 1.348106301 -3.905122543
v -1.097625950 0.822605123 -3.170553205
v -0.422403140 1.348106233 -3.905122470
v -0.422403150 1.348106253 -3.905122463
v -0.422403097 1.348106276 -3.905122516
v -0.422403001 1.348106377 -3.905122620
v -0.422403001 1.348106377 -3.905122620
v -0.422402984 1.348106450 -3.905122646
v -0.422402984 1.348106450 -3.905122646
v -0.423342558 1.343246766 -3.906130189
v -1.097505643 0.823092147 -3.171114911
v -0.422403046 1.348106327 -3.905122571
v -1.097505643 0.823092147 -3.171114911
v -0.422403072 1.348106301 -3.905122543
v -0.423342625 1.343246804 -3.906130131
v -0.422403140 1.348106233 -3.905122470
v -0.422403140 1.348106233 -3.905122470
v -0.422403046 1.348106327 -3.905122571
v -0.422403097 1.348106276 -3.905122516
v -0.423342625 1.343246804 -3.906130131
v -0.423342625 1.343246804 -3.906130131
v -0.423342581 1.343246779 -3.906130170
v -0.423342625 1.343246804 -3.906130131
v -0.422403024 1.348106350 -3.905122595
v -0.422403072 1.348106301 -3.905122543
v -0.422403046 1.348106327 -3.905122571
v -0.422403072 1.348106301 -3.905122543
v -0.423342600 1.343246790 -3.906130153
v -0.423342625 1.343246804 -3.906130131
v -0.423342625 1.343246804 -3.906130131
v -0.423342614 1.343246798 -3.906130140
v -0.423342625 1.343246804 -3.906130131
v -0.423342625 1.343246804 -3.906130131
v -0.423342614 1.343246798 -3.906130140
v -0.423342600 1.343246790 -3.906130153
v -0.423342600 1.343246790 -3.906130153
v -0.423342614 1.343246798 -3.906130140
v -0.423342600 1.343246790 -3.906130153
v -0.423342600 1.343246790 -3.906130153
v -0.423342625 1.343246804 -3.906130131
v -0.423342600 1.343246790 -3.906130153
v -0.423342625 1.343246804 -3.906130131
v -0.423342614 1.343246798 -3.906130140
v -0.422402924 1.348106449 -3.905122702
v -0.423342614 1.343246798 -3.906130141
v -0.423342599 1.343246789 -3.906130153
v -0.423342580 1.343246779 -3.906130170
v -0.423342614 1.343246798 -3.906130140
v -1.097505643 0.823092147 -3.171114911
v -0.423342559 1.343246767 -3.906130188
v -0.423342581 1.343246779 -3.906130169
v -1.097505643 0.823092147 -3.171114911
v -0.422403140 1.348106233 -3.905122470
v -0.422402985 1.348106422 -3.905122642
v -0.422403150 1.348106253 -3.905122463
v -0.422403001 1.348106377 -3.905122620
v -1.097505643 0.823092147 -3.171114911
v -0.422403097 1.348106276 -3.905122516
v -0.422403072 1.348106301 -3.905122543
v -0.422403140 1.348106233 -3.905122470
v -1.097505643 0.823092148 -3.171114911
v -0.422403140 1.348106233 -3.905122470
v -1.097505643 0.823092147 -3.171114911
v -0.422403001 1.348106377 -3.905122620
v -0.422403046 1.348106327 -3.905122571
v -1.097505643 0.823092147 -3.171114911
v -1.097505643 0.823092147 -3.171114911
v -1.097505643 0.823092147 -3.171114911
v -1.097505643 0.823092147 -3.171114911
v -0.423342614 1.343246798 -3.906130140
v -0.423342614 1.343246798 -3.906130140
v -1.097505643 0.823092147 -3.171114911
v -0.423342614 1.343246798 -3.906130140
v -1.097505643 0.823092147 -3.171114911
v -0.423342625 1.343246804 -3.906130131
v -1.097505643 0.823092147 -3.171114911
v -0.423342625 1.343246804 -3.906130131
v -0.422403072 1.348106301 -3.905122543
v -1.097505643 0.823092147 -3.171114911
v -0.423342601 1.343246790 -3.906130152
v -1.097505643 0.823092147 -3.171114911
v -0.422403140 1.348106233 -3.905122470
v -0.422403140 1.348106233 -3.905122470
v -0.422403140 1.348106233 -3.905122470
v -0.422403001 1.348106377 -3.905122620
v -0.422403001 1.348106377 -3.905122620
v -0.422403024 1.348106350 -3.905122595
v -0.422403024 1.348106350 -3.905122595
v -0.422402986 1.348106452 -3.905122644
v -0.422402984 1.348106422 -3.905122642
v -0.422402985 1.348106450 -3.905122645
v -0.423342526 1.343246730 -3.906130215
v -0.423342526 1.343246730 -3.906130215
v -0.423342526 1.343246730 -3.906130215
v -0.423342580 1.343246779 -3.906130170
v -0.422402985 1.348106423 -3.905122641
v -0.423342541 1.343246748 -3.906130203
v -0.422402985 1.348106422 -3.905122642
v -0.422403026 1.348106507 -3.905122614
v -0.422402985 1.348106450 -3.905122645
v -0.422402988 1.348106471 -3.905122645
v -0.422403009 1.348106489 -3.905122628
v -0.422402983 1.348106449 -3.905122646
v -0.423342541 1.343246748 -3.906130203
v -0.423342541 1.343246748 -3.906130203
v -0.423342559 1.343246766 -3.906130188
v -0.422403027 1.348106507 -3.905122613
v -0.423342541 1.343246748 -3.906130203
v -0.423342558 1.343246766 -3.906130189
v -0.422402991 1.348106471 -3.905122642
v -0.422402983 1.348106420 -3.905122643
v -0.422402983 1.348106421 -3.905122643
v -0.422402983 1.348106421 -3.905122642
v -0.423342614 1.343246798 -3.906130140
v -0.422403001 1.348106377 -3.905122620
v -0.422403024 1.348106350 -3.905122595
v -0.422402980 1.348106450 -3.905122650
v -0.422402976 1.348106456 -3.905122654
v -0.422402983 1.348106421 -3.905122643
v -0.422403024 1.348106350 -3.905122595
v -0.422403001 1.348106377 -3.905122620
v -0.422403072 1.348106301 -3.905122543
v -0.422403072 1.348106301 -3.905122543
v -0.422403120 1.348106253 -3.905122492
v -0.422403120 1.348106253 -3.905122492
v -0.422403140 1.348106233 -3.905122470
v -0.422403097 1.348106276 -3.905122516
v -0.422403024 1.348106350 -3.905122595
v -0.422403097 1.348106276 -3.905122516
v -0.422403097 1.348106276 -3.905122516
v -0.422403145 1.348106244 -3.905122466
v -0.422403140 1.348106234 -3.905122470
v -1.097505643 0.823092147 -3.171114911
v -0.422403140 1.348106233 -3.905122470
v -0.423342600 1.343246790 -3.906130153
v -0.423342541 1.343246748 -3.906130203
v -0.423342541 1.343246748 -3.906130203
v -0.423342541 1.343246748 -3.906130203
v -0.423342580 1.343246779 -3.906130170
v -0.423342558 1.343246766 -3.906130189
v -0.423342581 1.343246779 -3.906130169
v -0.423342580 1.343246779 -3.906130170
v -0.423342559 1.343246767 -3.906130188
v -0.423342625 1.343246804 -3.906130131
v -0.423342581 1.343246779 -3.906130170
v -0.423342614 1.343246798 -3.906130140
v -0.423342600 1.343246790 -3.906130153
v -0.423342774 1.343246705 -3.906129975
v -0.423342774 1.343246705 -3.906129975
v -0.423342774 1.343246705 -3.906129975
v -0.423342600 1.343246790 -3.906130153
v -0.423342614 1.343246798 -3.906130140
v -0.423342625 1.343246804 -3.906130131
v -0.423342625 1.343246804 -3.906130131
v -0.423342600 1.343246790 -3.906130153
v -0.423342600 1.343246790 -3.906130153
v -0.423342614 1.343246798 -3.906130140
v -0.423342517 1.343246711 -3.906130220
v -0.423342614 1.343246798 -3.906130140
v -0.423342600 1.343246790 -3.906130153
v -0.423342516 1.343246709 -3.906130221
v -0.423342516 1.343246709 -3.906130221
v -0.423342625 1.343246804 -3.906130131
v -0.423342526 1.343246730 -3.906130215
v -0.423342526 1.343246730 -3.906130215
v -0.423342525 1.343246730 -3.906130215
v -0.422403140 1.348106233 -3.905122470
v -0.423342541 1.343246748 -3.906130203
v -0.422403140 1.348106233 -3.905122470
v -0.423342541 1.343246748 -3.906130203
v -0.423342579 1.343246778 -3.906130171
v -0.423342558 1.343246766 -3.906130189
v -0.423342558 1.343246766 -3.906130189
v -0.423342581 1.343246779 -3.906130170
v -0.422402983 1.348106421 -3.905122642
v -0.422402988 1.348106471 -3.905122645
v -0.423342558 1.343246766 -3.906130189
v -0.423342541 1.343246748 -3.906130203
v -0.423342558 1.343246766 -3.906130189
v -0.423342525 1.343246730 -3.906130215
v -0.423342581 1.343246779 -3.906130170
v -0.423342538 1.343246746 -3.906130205
v -0.423342581 1.343246779 -3.906130170
v -0.423342516 1.343246681 -3.906130217
v -0.423342515 1.343246681 -3.906130218
v -0.422403001 1.348106377 -3.905122620
v -0.423342526 1.343246730 -3.906130215
v -0.422403097 1.348106276 -3.905122516
v -0.422403046 1.348106327 -3.905122571
v -0.422403046 1.348106327 -3.905122571
v -0.422403072 1.348106301 -3.905122543
v -0.422403046 1.348106327 -3.905122571
v -0.422403072 1.348106301 -3.905122543
v -0.423342633 1.343246738 -3.906129761
v -0.423342633 1.343246738 -3.906129761
v -0.423342633 1.343246738 -3.906129761
v -0.423342633 1.343246738 -3.906129761
v -0.422403243 1.348106446 -3.905122400
v -0.423342633 1.343246738 -3.906129761
v -0.423342633 1.343246738 -3.906129761
v -0.423342633 1.343246738 -3.906129761
v -0.422403243 1.348106446 -3.905122400
v -0.423342633 1.343246738 -3.906129761
v -0.422403243 1.348106446 -3.905122400
v -0.422403161 1.348106465 -3.905122275
v -0.422403102 1.348106478 -3.905122186
v -0.422403147 1.348106468 -3.905122254
v -0.422403243 1.348106446 -3.905122400
v -0.422403161 1.348106465 -3.905122275
v -0.423342774 1.343246705 -3.906129975
v -0.423342774 1.343246705 -3.906129975
v -0.422403243 1.348106446 -3.905122400
v -0.422403102 1.348106478 -3.905122186
v -0.422403243 1.348106446 -3.905122400
v -0.422403243 1.348106446 -3.905122400
v -0.422403102 1.348106478 -3.905122186
v -0.423342633 1.343246738 -3.906129761
v -0.422403243 1.348106446 -3.905122400
v -1.097505672 0.823092391 -3.171114920
v -1.097505688 0.823092384 -3.171114925
v -0.423342633 1.343246738 -3.906129761
v -0.422403243 1.348106446 -3.905122400
v -0.423342633 1.343246738 -3.906129761
v -0.422403243 1.348106446 -3.905122400
v -0.423342633 1.343246738 -3.906129761
v -0.422403228 1.348106450 -3.905122378
v -0.422403238 1.348106447 -3.905122392
v -0.423342633 1.343246738 -3.906129761
v -0.423342633 1.343246738 -3.906129761
v -0.422403239 1.348106447 -3.905122394
v -1.097505392 0.823092510 -3.171114848
v -1.097505392 0.823092510 -3.171114848
v -1.097505392 0.823092510 -3.171114848
v -0.423342774 1.343246705 -3.906129975
v -0.423342774 1.343246705 -3.906129975
v -0.422403102 1.348106478 -3.905122186
v -0.423342774 1.343246705 -3.906129975
v -0.423342774 1.343246705 -3.906129975
v -0.423342774 1.343246705 -3.906129975
v -0.423342774 1.343246705 -3.906129975
v -0.423342774 1.343246705 -3.906129975
v -0.423342774 1.343246705 -3.906129975
v -0.423342774 1.343246705 -3.906129975
v -0.423342774 1.343246705 -3.906129975
v -0.423342614 1.343246798 -3.906130140
v -0.423342633 1.343246738 -3.906129761
v -0.423342633 1.343246738 -3.906129761
v -0.423342633 1.343246738 -3.906129761
v -0.423342633 1.343246738 -3.906129761
v -0.423342633 1.343246738 -3.906129761
v -0.422403102 1.348106478 -3.905122186
v -0.422403102 1.348106478 -3.905122186
v -0.423342633 1.343246738 -3.906129761
v -0.423342633 1.343246738 -3.906129761
v -0.422403243 1.348106446 -3.905122400
v -0.422403243 1.348106446 -3.905122400
v -0.422403243 1.348106446 -3.905122400
v -0.422403243 1.348106446 -3.905122400
v -0.422403243 1.348106446 -3.905122400
v -0.422403243 1.348106446 -3.905122400
v -0.422403243 1.348106446 -3.905122400
v -0.422403243 1.348106446 -3.905122400
v -0.422403241 1.348106447 -3.905122396
v -0.422403242 1.348106447 -3.905122398
v -1.097505672 0.823092391 -3.171114920
v -0.422403237 1.348106448 -3.905122391
v -0.423342774 1.343246705 -3.906129975
v -0.423342774 1.343246705 -3.906129975
v -0.423342774 1.343246705 -3.906129975
v -0.423342774 1.343246705 -3.906129975
v -0.423342614 1.343246798 -3.906130140
v -0.423342774 1.343246705 -3.906129975
v -0.423342774 1.343246705 -3.906129975
v -0.423342633 1.343246738 -3.906129761
v -0.423342633 1.343246738 -3.906129761
v -0.423342633 1.343246738 -3.906129761
v -0.423342774 1.343246705 -3.906129975
v -0.423342774 1.343246705 -3.906129975
v -0.423342774 1.343246705 -3.906129975
v -0.423342774 1.343246705 -3.906129975
v -0.423342774 1.343246705 -3.906129975
v -0.423342774 1.343246705 -3.906129975
v -0.423342633 1.343246738 -3.906129761
v -0.423342774 1.343246705 -3.906129975
v -0.423342774 1.343246705 -3.906129975
v -0.423342774 1.343246705 -3.906129975
v -0.423342774 1.343246705 -3.906129975
v -0.423342774 1.343246705 -3.906129975
v -0.423342774 1.343246705 -3.906129975
v -0.423342633 1.343246738 -3.906129761
v -0.423342774 1.343246705 -3.906129975
v -0.423342774 1.343246705 -3.906129975
v -0.423342774 1.343246705 -3.906129975
v -0.423342774 1.343246705 -3.906129975
v -0.423342633 1.343246738 -3.906129761
v -0.423342774 1.343246705 -3.906129975
v -0.423342774 1.343246705 -3.906129975
v -0.423342633 1.343246738 -3.906129761
v -0.423342633 1.343246738 -3.906129761
v -0.423342633 1.343246738 -3.906129761
v -0.423342633 1.343246738 -3.906129761
v -0.422403102 1.348106478 -3.905122186
v -0.423342633 1.343246738 -3.906129761
v -0.423342633 1.343246738 -3.906129761
v -0.423342633 1.343246738 -3.906129761
v -0.423342633 1.343246738 -3.906129761
v -0.422403140 1.348106233 -3.905122470
v -0.423342633 1.343246738 -3.906129761
v -0.422403140 1.348106233 -3.905122470
v -0.423342633 1.343246738 -3.906129761
v -1.097505643 0.823092147 -3.171114911
v -1.097505643 0.823092147 -3.171114911
v -0.423342614 1.343246798 -3.906130140
v -0.422403140 1.348106233 -3.905122470
v -0.423342625 1.343246804 -3.906130131
v -0.422403102 1.348106478 -3.905122186
v -0.423342633 1.343246738 -3.906129761
v -0.422403102 1.348106478 -3.905122186
v -0.423342633 1.343246738 -3.906129761
v -0.422403140 1.348106233 -3.905122470
v -0.422403102 1.348106478 -3.905122186
v -0.422403140 1.348106233 -3.905122470
v -0.423342774 1.343246705 -3.906129975
v -0.423342774 1.343246705 -3.906129975
v -0.422403140 1.348106233 -3.905122470
v -0.423342633 1.343246738 -3.906129761
v -0.423342633 1.343246738 -3.906129761
v -0.423342633 1.343246738 -3.906129761
v -0.422403102 1.348106478 -3.905122186
v -0.422403097 1.348106276 -3.905122516
v -0.422403120 1.348106253 -3.905122492
v -0.423342774 1.343246705 -3.906129975
v -0.422403097 1.348106276 -3.905122516
v -0.422403120 1.348106253 -3.905122492
v -0.422403072 1.348106301 -3.905122543
v -0.422403024 1.348106350 -3.905122595
v -0.422403072 1.348106301 -3.905122543
v -0.422403097 1.348106276 -3.905122516
v -0.422403024 1.348106350 -3.905122595
v -0.422403024 1.348106350 -3.905122595
v -0.422403072 1.348106301 -3.905122543
v -0.422403046 1.348106327 -3.905122571
v -0.422403120 1.348106253 -3.905122492
v -0.422403097 1.348106276 -3.905122516
v -0.422403120 1.348106253 -3.905122492
v -0.422403097 1.348106276 -3.905122516
v -0.423342614 1.343246798 -3.906130141
v -0.422403072 1.348106301 -3.905122543
v -0.422403097 1.348106276 -3.905122516
v -0.422403072 1.348106301 -3.905122543
v -0.422403046 1.348106327 -3.905122571
v -0.422403140 1.348106233 -3.905122470
v -0.422403046 1.348106327 -3.905122571
v -0.422403046 1.348106327 -3.905122571
v -0.422403097 1.348106276 -3.905122516
v -0.422403072 1.348106301 -3.905122543
v -0.422403140 1.348106233 -3.905122470
v -0.422403120 1.348106253 -3.905122492
v -0.422403140 1.348106233 -3.905122470
v -0.422403140 1.348106233 -3.905122470
v -0.422403140 1.348106233 -3.905122470
v -0.423342774 1.343246705 -3.906129975
v -0.422403140 1.348106233 -3.905122470
v -0.422403140 1.348106233 -3.905122470
v -0.422403140 1.348106233 -3.905122470
v -0.422403140 1.348106233 -3.905122470
v -0.422403140 1.348106233 -3.905122470
v -0.422403140 1.348106233 -3.905122470
v -0.422403140 1.348106233 -3.905122470
v -0.423342601 1.343246790 -3.906130152
v -0.423342633 1.343246738 -3.906129761
v -0.422403102 1.348106478 -3.905122186
v -0.422403001 1.348106377 -3.905122620
v -0.422402985 1.348106422 -3.905122642
v -0.422403001 1.348106377 -3.905122620
v -0.422403046 1.348106327 -3.905122571
v -0.422403024 1.348106350 -3.905122595
v -0.422403024 1.348106350 -3.905122595
v -0.423342600 1.343246790 -3.906130153
v -0.423342625 1.343246804 -3.906130131
v -0.423342600 1.343246790 -3.906130153
v -0.423342774 1.343246705 -3.906129975
v -0.422403024 1.348106350 -3.905122595
v -0.422403072 1.348106301 -3.905122543
v -0.422403001 1.348106377 -3.905122620
v -0.422402924 1.348106449 -3.905122702
v -0.422403046 1.348106327 -3.905122571
v -0.423342599 1.343246789 -3.906130153
v -0.423342774 1.343246705 -3.906129975
v -0.422403243 1.348106446 -3.905122400
v -0.422403237 1.348106448 -3.905122391
v -0.423342633 1.343246738 -3.906129761
v -0.423342633 1.343246738 -3.906129761
v -0.423342633 1.343246738 -3.906129761
v -0.423342633 1.343246738 -3.906129761
v -0.423342633 1.343246738 -3.906129761
v -0.423342633 1.343246738 -3.906129761
v -0.423342633 1.343246738 -3.906129761
v -0.422403243 1.348106446 -3.905122400
v -0.423342633 1.343246738 -3.906129761
v -0.423342633 1.343246738 -3.906129761
v -0.423342633 1.343246738 -3.906129761
v -0.422403241 1.348106447 -3.905122397
v -0.423342633 1.343246738 -3.906129761
v -0.422403241 1.348106447 -3.905122396
v -0.423342633 1.343246738 -3.906129761
v -0.422403240 1.348106447 -3.905122395
v -0.422403102 1.348106478 -3.905122186
v -0.423342633 1.343246738 -3.906129761
v -0.422403102 1.348106478 -3.905122186
v -0.423342633 1.343246738 -3.906129761
v -0.422403238 1.348106447 -3.905122393
v -0.423342633 1.343246738 -3.906129761
v -0.422403102 1.348106478 -3.905122186
v -1.097505668 0.823092392 -3.171114919
v -0.423342633 1.343246738 -3.906129761
v -0.423342633 1.343246738 -3.906129761
v -0.423342774 1.343246705 -3.906129975
v -0.423342633 1.343246738 -3.906129761
v -0.423342774 1.343246705 -3.906129975
v -0.423342774 1.343246705 -3.906129975
v -0.423342774 1.343246705 -3.906129975
v -0.423342774 1.343246705 -3.906129975
v -0.422403148 1.348106251 -3.905122464
v -0.423342633 1.343246738 -3.906129761
v -0.422403146 1.348106246 -3.905122466
v -0.422403102 1.348106478 -3.905122186
v -0.423342774 1.343246705 -3.906129975
v -0.423342774 1.343246705 -3.906129975
v -0.423342774 1.343246705 -3.906129975
v -0.423342774 1.343246705 -3.906129975
v -0.423342633 1.343246738 -3.906129761
v -0.423342774 1.343246705 -3.906129975
v -0.422403102 1.348106478 -3.905122186
v -0.422403102 1.348106478 -3.905122186
v -0.423342633 1.343246738 -3.906129761
v -0.423342633 1.343246738 -3.906129761
v -0.423342633 1.343246738 -3.906129761
v -0.423342633 1.343246738 -3.906129761
v -0.423342774 1.343246705 -3.906129975
v -0.423342774 1.343246705 -3.906129975
v -0.422403140 1.348106233 -3.905122470
v -0.423342774 1.343246705 -3.906129975
v -0.423342633 1.343246738 -3.906129761
v -0.422403140 1.348106233 -3.905122470
v -1.097505643 0.823092147 -3.171114911
v -0.423342600 1.343246790 -3.906130153
v -0.423342614 1.343246798 -3.906130140
v -0.422403145 1.348106244 -3.905122466
v -0.422403140 1.348106233 -3.905122470
v -0.422403140 1.348106233 -3.905122470
v -0.422403140 1.348106233 -3.905122470
v -0.422403120 1.348106253 -3.905122492
v -0.422403140 1.348106233 -3.905122470
v -0.422403140 1.348106233 -3.905122470
v -0.422403120 1.348106253 -3.905122492
v -0.422403150 1.348106253 -3.905122463
v -0.422402991 1.348106471 -3.905122642
v -0.422402976 1.348106456 -3.905122654
v -0.423342539 1.343246747 -3.906130204
v -0.423342524 1.343246729 -3.906130216
v -0.422403001 1.348106377 -3.905122620
v -0.422403024 1.348106350 -3.905122595
v -0.422403046 1.348106327 -3.905122571
v -0.422403072 1.348106301 -3.905122543
v -0.422403024 1.348106350 -3.905122595
v -0.422403001 1.348106377 -3.905122620
v -0.422402983 1.348106420 -3.905122643
v -0.422403001 1.348106377 -3.905122620
v -0.422402983 1.348106449 -3.905122646
v -0.423342540 1.343246748 -3.906130204
v -0.422402980 1.348106450 -3.905122650
v -0.423342557 1.343246765 -3.906130190
v -0.423342557 1.343246766 -3.906130190
v -0.423342580 1.343246778 -3.906130170
v -0.423342580 1.343246779 -3.906130170
v -0.422403001 1.348106377 -3.905122620
v -0.422403024 1.348106350 -3.905122595
v -0.422403024 1.348106350 -3.905122595
v -0.422402983 1.348106421 -3.905122643
v -0.422402983 1.348106421 -3.905122643
v -0.422403046 1.348106327 -3.905122571
v -0.423342525 1.343246730 -3.906130215
v -0.422403120 1.348106253 -3.905122492
v -0.422403097 1.348106276 -3.905122516
v -0.422403120 1.348106253 -3.905122492
v -0.422403120 1.348106253 -3.905122492
v -0.422403140 1.348106233 -3.905122470
v -0.422403140 1.348106233 -3.905122470
v -0.422403140 1.348106233 -3.905122470
v -0.422403146 1.348106246 -3.905122466
v -0.422403140 1.348106233 -3.905122470
v -0.423342633 1.343246738 -3.906129761
v -0.422403140 1.348106233 -3.905122470
v -0.422403140 1.348106233 -3.905122470
v -0.423342633 1.343246738 -3.906129761
v -0.422403140 1.348106233 -3.905122470
v -0.423342625 1.343246804 -3.906130131
v -0.422403140 1.348106233 -3.905122470
v -0.422403140 1.348106233 -3.905122470
v -0.422403140 1.348106233 -3.905122470
v -0.422403140 1.348106233 -3.905122470
v -0.423342625 1.343246804 -3.906130131
v -0.423342625 1.343246804 -3.906130131
v -0.423342625 1.343246804 -3.906130131
v -0.423342625 1.343246804 -3.906130131
v -0.423342625 1.343246804 -3.906130131
v -0.423342625 1.343246804 -3.906130131
v -0.423342625 1.343246804 -3.906130131
v -0.423342625 1.343246804 -3.906130131
v -0.423342625 1.343246804 -3.906130131
v -0.423342625 1.343246804 -3.906130131
v -0.423342625 1.343246804 -3.906130131
v -0.423342581 1.343246779 -3.906130169
v -1.097505643 0.823092147 -3.171114911
v -1.097505643 0.823092147 -3.171114911
v -0.423342556 1.343246765 -3.906130191
v -0.423342537 1.343246746 -3.906130206
v -0.423342542 1.343246749 -3.906130202
v -1.097505643 0.823092147 -3.171114911
v -0.422402987 1.348106474 -3.905122646
v -0.422403072 1.348106301 -3.905122543
v -0.423342614 1.343246798 -3.906130140
v -0.422402960 1.348106469 -3.905122671
v -0.423342517 1.343246709 -3.906130220
v -0.423342625 1.343246804 -3.906130131
v -0.423342599 1.343246789 -3.906130153
v -0.422403024 1.348106350 -3.905122595
v -0.423342525 1.343246730 -3.906130216
v -0.423342581 1.343246779 -3.906130170
v -0.422403140 1.348106233 -3.905122470
v -0.422403140 1.348106233 -3.905122470
v -0.422403140 1.348106233 -3.905122470
v -0.422403140 1.348106233 -3.905122470
v -0.422403140 1.348106233 -3.905122470
v -0.422403140 1.348106233 -3.905122470
v -0.422403140 1.348106233 -3.905122470
v -0.422403140 1.348106233 -3.905122470
v -0.422403140 1.348106233 -3.905122470
v -0.423342559 1.343246766 -3.906130189
v -0.422403001 1.348106377 -3.905122620
v -0.422403097 1.348106276 -3.905122516
v -0.422403024 1.348106350 -3.905122595
v -0.423342516 1.343246709 -3.906130221
v -0.422402984 1.348106422 -3.905122642
v -0.422402984 1.348106450 -3.905122646
v -0.423342515 1.343246681 -3.906130218
v -0.423342516 1.343246709 -3.906130221
v -0.423342516 1.343246709 -3.906130221
v -0.422403001 1.348106377 -3.905122620
v -0.423342515 1.343246681 -3.906130218
v -0.423342526 1.343246732 -3.906130214
v -0.423342541 1.343246748 -3.906130203
v -0.422402950 1.348106464 -3.905122679
v -0.423342558 1.343246766 -3.906130189
v -0.422403140 1.348106233 -3.905122470
v -1.097505643 0.823092147 -3.171114911
v -0.422403140 1.348106233 -3.905122470
v -0.422403140 1.348106233 -3.905122470
v -0.423342600 1.343246790 -3.906130153
v -0.423342625 1.343246804 -3.906130131
v -0.423342615 1.343246798 -3.906130140
v -0.423342614 1.343246798 -3.906130140
v -0.422403140 1.348106233 -3.905122470
v -0.422403140 1.348106233 -3.905122470
v -1.097505643 0.823092147 -3.171114911
v -0.423342625 1.343246804 -3.906130131
v -0.423342625 1.343246804 -3.906130131
v -0.423342625 1.343246804 -3.906130131
v -0.423342625 1.343246804 -3.906130131
v -0.423342625 1.343246804 -3.906130131
v -0.423342625 1.343246804 -3.906130131
v -0.423342625 1.343246804 -3.906130131
v -0.423342625 1.343246804 -3.906130131
v -0.422403140 1.348106233 -3.905122470
v -0.423342625 1.343246804 -3.906130131
v -0.423342625 1.343246804 -3.906130131
v -0.422403140 1.348106233 -3.905122470
v -0.422403140 1.348106234 -3.905122470
v -0.423342774 1.343246705 -3.906129975
v -0.423342774 1.343246705 -3.906129975
v -0.423342774 1.343246705 -3.906129975
v -0.423342625 1.343246804 -3.906130131
v -0.423342774 1.343246705 -3.906129975
v -0.423342633 1.343246738 -3.906129761
v -0.422403140 1.348106233 -3.905122470
v -0.423342633 1.343246738 -3.906129761
v -0.423342774 1.343246705 -3.906129975
v -0.423342633 1.343246738 -3.906129761
v -0.422403102 1.348106478 -3.905122186
v -0.422403140 1.348106233 -3.905122470
v -0.422403140 1.348106233 -3.905122470
v -1.097505392 0.823092510 -3.171114848
v -1.097502834 0.823084535 -3.171109935
v -1.097502951 0.823084325 -3.171109842
v -1.097505392 0.823092510 -3.171114848
v -1.097505392 0.823092510 -3.171114848
v -1.097505392 0.823092510 -3.171114848
v -1.097505392 0.823092510 -3.171114848
v -1.097505392 0.823092510 -3.171114848
v -1.097505392 0.823092510 -3.171114848
v -1.097505392 0.823092510 -3.171114848
v -1.097505420 0.823092448 -3.171114811
v -1.097505392 0.823092510 -3.171114848
v -1.097505392 0.823092510 -3.171114848
v -1.097505392 0.823092510 -3.171114848
v -1.097505392 0.823092510 -3.171114848
v -1.097505392 0.823092510 -3.171114848
v -1.097505392 0.823092510 -3.171114848
v -1.098614364 0.825447714 -3.171294404
v -1.098614364 0.825447714 -3.171294404
v -1.097505392 0.823092510 -3.171114848
v -1.097505392 0.823092510 -3.171114848
v -0.422403102 1.348106478 -3.905122186
v -0.422403102 1.348106478 -3.905122186
v -0.422403102 1.348106478 -3.905122186
v -0.422403102 1.348106478 -3.905122186
v -1.097505392 0.823092510 -3.171114848
v -1.097505392 0.823092510 -3.171114848
v -1.097505392 0.823092510 -3.171114848
v -1.097505392 0.823092510 -3.171114848
v -0.422403102 1.348106478 -3.905122186
v -0.422403102 1.348106478 -3.905122186
v 1.066659067 0.795272856 -2.942773309
v -0.422403102 1.348106478 -3.905122186
v -0.422403102 1.348106478 -3.905122186
v -0.422403102 1.348106478 -3.905122186
v 1.066659067 0.795272856 -2.942773309
v 0.066295008 0.575573611 0.139389726
v -0.422403102 1.348106478 -3.905122186
v -0.422403102 1.348106478 -3.905122186
v 1.066659067 0.795272856 -2.942773309
v 1.066659067 0.795272856 -2.942773309
v -0.422403102 1.348106478 -3.905122186
v -0.422403102 1.348106478 -3.905122186
v -0.422403102 1.348106478 -3.905122186
v -0.422403102 1.348106478 -3.905122186
v 0.081854524 0.646585588 0.230270163
v -0.422403102 1.348106478 -3.905122186
v -0.422403102 1.348106478 -3.905122186
v -0.422403102 1.348106478 -3.905122186
v -1.097505392 0.823092510 -3.171114848
v -1.097505420 0.823092448 -3.171114811
v -0.422403102 1.348106478 -3.905122186
v -0.422403102 1.348106478 -3.905122186
v -0.422403102 1.348106478 -3.905122186
v -0.422403102 1.348106478 -3.905122186
v -0.422403102 1.348106478 -3.905122186
v -0.422403102 1.348106478 -3.905122186
v -0.422403102 1.348106478 -3.905122186
v 1.066659067 0.795272856 -2.942773309
v -0.422403102 1.348106478 -3.905122186
v 1.066659067 0.795272856 -2.942773309
v -0.422403102 1.348106478 -3.905122186
v 1.066659067 0.795272856 -2.942773309
v -0.422403102 1.348106478 -3.905122186
v -0.422403102 1.348106478 -3.905122186
v -0.422403102 1.348106478 -3.905122186
v 0.081854524 0.646585588 0.230270163
v 0.081854524 0.646585588 0.230270163
v -0.422403102 1.348106478 -3.905122186
v -0.422403102 1.348106478 -3.905122186
v -0.422403102 1.348106478 -3.905122186
v -0.422403102 1.348106478 -3.905122186
v -0.422403102 1.348106478 -3.905122186
v -0.422403102 1.348106478 -3.905122186
v -0.422403102 1.348106478 -3.905122186
v -0.422403102 1.348106478 -3.905122186
v -0.422403102 1.348106478 -3.905122186
v -1.097505392 0.823092510 -3.171114848
v -1.097504611 0.823085075 -3.171110423
v -1.097505392 0.823092510 -3.171114848
v -1.097505392 0.823092510 -3.171114848
v -0.422042616 1.347937384 -3.905099642
v -0.422033101 1.347935240 -3.905097178
v -1.097505392 0.823092510 -3.171114848
v -1.097505392 0.823092510 -3.171114848
v -1.097505392 0.823092510 -3.171114848
v -1.097505392 0.823092510 -3.171114848
v -1.097505392 0.823092510 -3.171114848
v -1.097505392 0.823092510 -3.171114848
v -1.097505392 0.823092510 -3.171114848
v -1.097505392 0.823092510 -3.171114848
v -0.422030920 1.347934901 -3.905096340
v -0.420096771 1.347068533 -3.904953201
v -0.419724336 1.346901444 -3.904928328
v -0.422410377 1.348108443 -3.905123943
v 1.066659067 0.795272856 -2.942773309
v -0.422403102 1.348106478 -3.905122186
v -0.422403102 1.348106478 -3.905122186
v -0.422403102 1.348106478 -3.905122186
v -0.422403102 1.348106478 -3.905122186
v -0.422403102 1.348106478 -3.905122186
v -1.097505392 0.823092510 -3.171114848
v -0.422403102 1.348106478 -3.905122186
v -0.422403102 1.348106478 -3.905122186
v -0.422403102 1.348106478 -3.905122186
v -0.422403102 1.348106478 -3.905122186
v -1.097505392 0.823092510 -3.171114848
v -1.097505392 0.823092510 -3.171114848
v -1.167131945 0.816483775 -3.158220337
v -1.097505392 0.823092510 -3.171114848
v -1.169485751 0.821307320 -3.158318306
v 1.066659067 0.795272856 -2.942773309
v 1.066659067 0.795272856 -2.942773309
v -1.097505392 0.823092510 -3.171114848
v -1.097505392 0.823092510 -3.171114848
v -0.422403102 1.348106478 -3.905122186
v -1.097505392 0.823092510 -3.171114848
v -0.422403102 1.348106478 -3.905122186
v -0.422403102 1.348106478 -3.905122186
v -0.422403102 1.348106478 -3.905122186
v -1.097505392 0.823092510 -3.171114848
v -0.422403102 1.348106478 -3.905122186
v -1.097505392 0.823092510 -3.171114848
v -1.097505392 0.823092510 -3.171114848
v -0.422403102 1.348106478 -3.905122186
v -0.422403102 1.348106478 -3.905122186
v 1.066659067 0.795272856 -2.942773309
v -0.422403102 1.348106478 -3.905122186
v -0.422403102 1.348106478 -3.905122186
v -0.422403102 1.348106478 -3.905122186
v -0.422403102 1.348106478 -3.905122186
v -0.422403102 1.348106478 -3.905122186
v -0.422403102 1.348106478 -3.905122186
v -0.422403102 1.348106478 -3.905122186
v -0.422403102 1.348106478 -3.905122186
v -0.422403102 1.348106478 -3.905122186
v -0.422403102 1.348106478 -3.905122186
v -0.422403102 1.348106478 -3.905122186
v -0.422403102 1.348106478 -3.905122186
v -0.422403102 1.348106478 -3.905122186
v -0.422403102 1.348106478 -3.905122186
v -0.422403102 1.348106478 -3.905122186
v 1.066659067 0.795272856 -2.942773309
v 1.066659067 0.795272856 -2.942773309
v -0.422403102 1.348106478 -3.905122186
v -0.422403102 1.348106478 -3.905122186
v -0.422403102 1.348106478 -3.905122186
v 1.066659067 0.795272856 -2.942773309
v 1.066659067 0.795272856 -2.942773309
v -0.422403102 1.348106478 -3.905122186
v -0.422403102 1.348106478 -3.905122186
v -0.422403102 1.348106478 -3.905122186
v -0.422403102 1.348106478 -3.905122186
v -0.422403102 1.348106478 -3.905122186
v -0.422403102 1.348106478 -3.905122186
v -0.422403102 1.348106478 -3.905122186
v -0.422403102 1.348106478 -3.905122186
v -0.422403102 1.348106478 -3.905122186
v -0.422404922 1.348106985 -3.905122656
v -1.097505392 0.823092510 -3.171114848
v -0.422403102 1.348106478 -3.905122186
v -0.422403102 1.348106478 -3.905122186
v -1.097505392 0.823092510 -3.171114848
v -1.097505392 0.823092510 -3.171114848
v -1.097505392 0.823092510 -3.171114848
v -1.097505392 0.823092510 -3.171114848
v -0.422404922 1.348106985 -3.905122656
v -0.422403102 1.348106478 -3.905122186
v -0.422410377 1.348108443 -3.905123943
v -0.422410385 1.348108393 -3.905123932
v -0.422403102 1.348106478 -3.905122186
v -1.097505392 0.823092510 -3.171114848
v -1.097505392 0.823092510 -3.171114848
v -1.097505392 0.823092510 -3.171114848
v -0.422408565 1.348107886 -3.905123462
v -1.097505392 0.823092510 -3.171114848
v -1.097505392 0.823092510 -3.171114848
v -1.097505392 0.823092510 -3.171114848
v -0.422403102 1.348106478 -3.905122186
v -0.422403102 1.348106478 -3.905122186
v -1.097505392 0.823092510 -3.171114848
v -1.097505392 0.823092510 -3.171114848
v -1.097505392 0.823092510 -3.171114848
v -1.097505392 0.823092510 -3.171114848
v -1.097505392 0.823092510 -3.171114848
v -1.097505392 0.823092510 -3.171114848
v -1.097505392 0.823092510 -3.171114848
v -1.097505392 0.823092510 -3.171114848
v -0.420111365 1.347072397 -3.904956828
v -0.420489102 1.347243016 -3.904981781
v -1.097505392 0.823092510 -3.171114848
v -1.097505392 0.823092510 -3.171114848
v -1.097505392 0.823092510 -3.171114848
v -0.422403102 1.348106478 -3.905122186
v -0.422403102 1.348106478 -3.905122186
v -0.422403102 1.348106478 -3.905122186
v 1.066659067 0.795272856 -2.942773309
v -0.422403102 1.348106478 -3.905122186
v -1.097505392 0.823092510 -3.171114848
v -1.097505392 0.823092510 -3.171114848
v -1.097505392 0.823092510 -3.171114848
v -1.097505392 0.823092510 -3.171114848
v -1.097505392 0.823092510 -3.171114848
v -1.097505392 0.823092510 -3.171114848
v -1.097505392 0.823092510 -3.171114848
v -1.097505392 0.823092510 -3.171114848
v -0.422403102 1.348106478 -3.905122186
v 1.066659067 0.795272856 -2.942773309
v 1.066659067 0.795272856 -2.942773309
v 1.066659067 0.795272856 -2.942773309
v -1.097505392 0.823092510 -3.171114848
v -1.097505392 0.823092510 -3.171114848
v -1.097505392 0.823092510 -3.171114848
v -0.423342774 1.343246705 -3.906129975
v -0.423342774 1.343246705 -3.906129975
v -0.423342774 1.343246705 -3.906129975
v -0.423342774 1.343246705 -3.906129975
v -0.423342774 1.343246705 -3.906129975
v -0.423342774 1.343246705 -3.906129975
v -0.423342774 1.343246705 -3.906129975
v -0.423342774 1.343246705 -3.906129975
v -0.423342774 1.343246705 -3.906129975
v -0.423342774 1.343246705 -3.906129975
v -0.423342774 1.343246705 -3.906129975
v -0.423342774 1.343246705 -3.906129975
v -0.423342774 1.343246705 -3.906129975
v -0.423342774 1.343246705 -3.906129975
v -0.423342774 1.343246705 -3.906129975
v -0.423342774 1.343246705 -3.906129975
v -0.422403102 1.348106478 -3.905122186
v -1.097505392 0.823092510 -3.171114848
v -1.097505392 0.823092510 -3.171114848
v -1.097505392 0.823092510 -3.171114848
v -1.097505392 0.823092510 -3.171114848
v -0.453900764 1.343601783 -3.908230723
v -1.097505392 0.823092510 -3.171114848
v -0.422403102 1.348106478 -3.905122186
v -1.097505392 0.823092510 -3.171114848
v -1.131268171 0.825002844 -3.165368790
v -0.422403102 1.348106478 -3.905122186
v -0.422403102 1.348106478 -3.905122186
v -0.422403102 1.348106478 -3.905122186
v -0.423342774 1.343246705 -3.906129975
v -0.423342774 1.343246705 -3.906129975
v -0.423342774 1.343246705 -3.906129975
v -0.423342774 1.343246705 -3.906129975
v -0.423342774 1.343246705 -3.906129975
v -0.423342774 1.343246705 -3.906129975
v -0.423342774 1.343246705 -3.906129975
v -0.423342774 1.343246705 -3.906129975
v -0.423342774 1.343246705 -3.906129975
v -0.423342774 1.343246705 -3.906129975
v -0.423342774 1.343246705 -3.906129975
v -0.423342774 1.343246705 -3.906129975
v -0.423342774 1.343246705 -3.906129975
v -0.423342774 1.343246705 -3.906129975
v -0.423342774 1.343246705 -3.906129975
v -0.423342774 1.343246705 -3.906129975
v -0.423342774 1.343246705 -3.906129975
v -0.423342774 1.343246705 -3.906129975
v -0.423342774 1.343246705 -3.906129975
v -0.423342774 1.343246705 -3.906129975
v -1.097505392 0.823092510 -3.171114848
v -1.097505392 0.823092510 -3.171114848
v -0.441457955 1.353940509 -3.906034351
v -1.097505392 0.823092510 -3.171114848
v -0.429960656 1.342638886 -3.907247717
v -0.422403102 1.348106478 -3.905122186
v -0.422403102 1.348106478 -3.905122186
v -1.097505392 0.823092510 -3.171114848
v -1.213845743 0.852845440 -3.146808350
v -0.444418034 1.346121662 -3.906410587
v -0.422403102 1.348106478 -3.905122186
v -0.422403102 1.348106478 -3.905122186
v -0.422403102 1.348106478 -3.905122186
v -1.289906128 0.891388461 -3.122173969
v -0.422403102 1.348106478 -3.905122186
v -0.435936306 1.345431883 -3.906475065
v -1.097505392 0.823092510 -3.171114848
v -1.097505392 0.823092510 -3.171114848
v -1.097505392 0.823092510 -3.171114848
v -1.122501289 0.827808033 -3.167035414
v -1.097505392 0.823092510 -3.171114848
v -1.097505392 0.823092510 -3.171114848
v -1.097505392 0.823092510 -3.171114848
v -1.106113673 0.820152580 -3.169657194
v -1.097505392 0.823092510 -3.171114848
v -0.423342774 1.343246705 -3.906129975
v -0.423342774 1.343246705 -3.906129975
v -1.097505392 0.823092510 -3.171114848
v -1.097505392 0.823092510 -3.171114848
v -0.423342774 1.343246705 -3.906129975
v -0.423342774 1.343246705 -3.906129975
v -0.423342774 1.343246705 -3.906129975
v -0.423342774 1.343246705 -3.906129975
v -0.423342774 1.343246705 -3.906129975
v -0.423342774 1.343246705 -3.906129975
v -0.423342774 1.343246705 -3.906129975
v -0.423342774 1.343246705 -3.906129975
v -0.423342774 1.343246705 -3.906129975
v -0.423342774 1.343246705 -3.906129975
v -0.423342774 1.343246705 -3.906129975
v -0.423342774 1.343246705 -3.906129975
v -0.423342774 1.343246705 -3.906129975
v -0.423342774 1.343246705 -3.906129975
v -0.423342774 1.343246705 -3.906129975
v -0.423342774 1.343246705 -3.906129975
v -0.423342774 1.343246705 -3.906129975
v -0.423342774 1.343246705 -3.906129975
v -0.423342774 1.343246705 -3.906129975
v -0.423342774 1.343246705 -3.906129975
v -0.423342774 1.343246705 -3.906129975
v -0.423342774 1.343246705 -3.906129975
v -0.423342774 1.343246705 -3.906129975
v -0.423342774 1.343246705 -3.906129975
v -0.423342774 1.343246705 -3.906129975
v -0.423342774 1.343246705 -3.906129975
v -0.423342774 1.343246705 -3.906129975
v -0.423342774 1.343246705 -3.906129975
v -0.423342774 1.343246705 -3.906129975
v -0.423342774 1.343246705 -3.906129975
v -0.422403102 1.348106478 -3.905122186
v -0.422403102 1.348106478 -3.905122186
v -1.097505392 0.823092510 -3.171114848
v -0.422403102 1.348106478 -3.905122186
v -1.097505392 0.823092510 -3.171114848
v -1.097505392 0.823092510 -3.171114848
v -0.422403102 1.348106478 -3.905122186
v -1.097505392 0.823092510 -3.171114848
v -0.422403102 1.348106478 -3.905122186
v -1.097505392 0.823092510 -3.171114848
v -1.167408732 0.816462746 -3.158160441
v -1.097505392 0.823092510 -3.171114848
v -1.097505392 0.823092510 -3.171114848
v -1.097505392 0.823092510 -3.171114848
v -1.097505392 0.823092510 -3.171114848
v -1.097505392 0.823092510 -3.171114848
v -1.097505392 0.823092510 -3.171114848
v -1.097505392 0.823092510 -3.171114848
v -1.097505392 0.823092510 -3.171114848
v -1.097505392 0.823092510 -3.171114848
v -1.097505392 0.823092510 -3.171114848
v -1.097505392 0.823092510 -3.171114848
v -1.097505392 0.823092510 -3.171114848
v -1.097505392 0.823092510 -3.171114848
v -0.422403102 1.348106478 -3.905122186
v -1.097505392 0.823092510 -3.171114848
v -1.097505392 0.823092510 -3.171114848
v -1.097505392 0.823092510 -3.171114848
v -1.097505392 0.823092510 -3.171114848
v -1.097505392 0.823092510 -3.171114848
v -1.097505392 0.823092510 -3.171114848
v -1.097505392 0.823092510 -3.171114848
v -1.097505392 0.823092510 -3.171114848
v -1.097505392 0.823092510 -3.171114848
v -1.097505392 0.823092510 -3.171114848
v -1.282715642 0.889852509 -3.123301603
v -0.422403102 1.348106478 -3.905122186
v -1.172168620 0.852004793 -3.157660401
v -0.441896827 1.348243942 -3.905659728
v -0.540883088 1.423803479 -3.894045013
v -1.203205926 0.850390376 -3.149262744
v -0.494488129 1.384434008 -3.905012051
v -1.097505392 0.823092510 -3.171114848
v -0.471315513 1.357988755 -3.905670756
v -1.097505392 0.823092510 -3.171114848
v -1.097505392 0.823092510 -3.171114848
v -1.097505392 0.823092510 -3.171114848
v -1.200394231 0.896468047 -3.144949035
v -0.490814042 1.389633290 -3.902311856
v -0.443816101 1.351095924 -3.905505484
v -1.097505392 0.823092510 -3.171114848
v -1.097505392 0.823092510 -3.171114848
v -1.097505392 0.823092510 -3.171114848
v -1.097505392 0.823092510 -3.171114848
v -1.097505392 0.823092510 -3.171114848
v -0.422403102 1.348106478 -3.905122186
v -0.432053739 1.356508935 -3.904109665
v -0.422403102 1.348106478 -3.905122186
v -1.097505392 0.823092510 -3.171114848
v -1.098614364 0.825447714 -3.171294404
v -1.097505392 0.823092510 -3.171114848
v -1.097505392 0.823092510 -3.171114848
v -1.097505392 0.823092510 -3.171114848
v -1.097505392 0.823092510 -3.171114848
v -1.097505392 0.823092510 -3.171114848
v -1.097505392 0.823092510 -3.171114848
v -1.097505392 0.823092510 -3.171114848
v -1.097505392 0.823092510 -3.171114848
v -1.097505392 0.823092510 -3.171114848
v -1.097505392 0.823092510 -3.171114848
v -1.097505392 0.823092510 -3.171114848
v -1.097505392 0.823092510 -3.171114848
v -1.097505392 0.823092510 -3.171114848
v -1.097505392 0.823092510 -3.171114848
v -1.097505392 0.823092510 -3.171114848
v -1.097505392 0.823092510 -3.171114848
v -1.097505392 0.823092510 -3.171114848
v -1.098614364 0.825447714 -3.171294404
v -1.097505392 0.823092510 -3.171114848
v -1.097505392 0.823092510 -3.171114848
v -1.097505392 0.823092510 -3.171114848
v -1.097505392 0.823092510 -3.171114848
v -1.097505392 0.823092510 -3.171114848
v -1.097505392 0.823092510 -3.171114848
v -1.097505392 0.823092510 -3.171114848
v -1.097505392 0.823092510 -3.171114848
v -1.097505392 0.823092510 -3.171114848
v -1.097505392 0.823092510 -3.171114848
v -1.097505392 0.823092510 -3.171114848
v -1.097505392 0.823092510 -3.171114848
v -1.169485751 0.821307320 -3.158318306
v -1.097505392 0.823092510 -3.171114848
v -1.097505392 0.823092510 -3.171114848
v -1.097505392 0.823092510 -3.171114848
v -1.097505392 0.823092510 -3.171114848
v -1.097505392 0.823092510 -3.171114848
v -1.097505392 0.823092510 -3.171114848
v -1.097505392 0.823092510 -3.171114848
v -1.097505392 0.823092510 -3.171114848
v -1.097505392 0.823092510 -3.171114848
v -1.097505392 0.823092510 -3.171114848
v -1.097505392 0.823092510 -3.171114848
v -0.480765952 1.366677954 -3.904054288
v -1.097505392 0.823092510 -3.171114848
v -1.097505392 0.823092510 -3.171114848
v -0.422403102 1.348106478 -3.905122186
v -1.097505392 0.823092510 -3.171114848
v -1.234792441 0.895721255 -3.136781928
v -1.097505392 0.823092510 -3.171114848
v -0.423342774 1.343246705 -3.906129975
v -0.423342774 1.343246705 -3.906129975
v -0.423342774 1.343246705 -3.906129975
v -0.423342774 1.343246705 -3.906129975
v -0.423342633 1.343246738 -3.906129761
v -0.423342774 1.343246705 -3.906129975
v -0.423342774 1.343246705 -3.906129975
v -0.423342633 1.343246738 -3.906129761
v -0.423342633 1.343246738 -3.906129761
v -0.423342774 1.343246705 -3.906129975
v -0.423342774 1.343246705 -3.906129975
v -0.422403102 1.348106478 -3.905122186
v -0.422403102 1.348106478 -3.905122186
v -0.423342633 1.343246738 -3.906129761
v 1.066659067 0.795272856 -2.942773309
v 1.066659067 0.795272856 -2.942773309
v 1.066659067 0.795272856 -2.942773309
v -0.423342774 1.343246705 -3.906129975
v 1.066659067 0.795272856 -2.942773309
v -0.423342774 1.343246705 -3.906129975
v -0.422403102 1.348106478 -3.905122186
v -0.423342774 1.343246705 -3.906129975
v -0.423342774 1.343246705 -3.906129975
v -0.422403102 1.348106478 -3.905122186
v -0.423342774 1.343246705 -3.906129975
v -0.423342774 1.343246705 -3.906129975
v -0.422403102 1.348106478 -3.905122186
v -0.423342774 1.343246705 -3.906129975
v -0.423342774 1.343246705 -3.906129975
v -0.423342774 1.343246705 -3.906129975
v -0.423342774 1.343246705 -3.906129975
v -0.423342774 1.343246705 -3.906129975
v -0.423342774 1.343246705 -3.906129975
v -0.423342774 1.343246705 -3.906129975
v -0.423342774 1.343246705 -3.906129975
v -0.423342774 1.343246705 -3.906129975
v -0.423342774 1.343246705 -3.906129975
v -0.423342774 1.343246705 -3.906129975
v -0.422403102 1.348106478 -3.905122186
v -0.423342774 1.343246705 -3.906129975
v -0.423342774 1.343246705 -3.906129975
v -0.423342774 1.343246705 -3.906129975
v -0.423342774 1.343246705 -3.906129975
v -0.423342774 1.343246705 -3.906129975
v -0.422403102 1.348106478 -3.905122186
v -0.422403102 1.348106478 -3.905122186
v -0.422403102 1.348106478 -3.905122186
v -0.422403102 1.348106478 -3.905122186
v -0.422403102 1.348106478 -3.905122186
v -0.422403102 1.348106478 -3.905122186
v -0.422403102 1.348106478 -3.905122186
v -0.422403102 1.348106478 -3.905122186
v -0.422403102 1.348106478 -3.905122186
v -0.422403102 1.348106478 -3.905122186
v -0.422403102 1.348106478 -3.905122186
v -0.422403102 1.348106478 -3.905122186
v -0.422403102 1.348106478 -3.905122186
v 1.066659067 0.795272856 -2.942773309
v 1.066659067 0.795272856 -2.942773309
v -0.422403102 1.348106478 -3.905122186
v -0.423342774 1.343246705 -3.906129975
v -0.423342633 1.343246738 -3.906129761
v -0.423342774 1.343246705 -3.906129975
v -0.423342633 1.343246738 -3.906129761
v -0.422403102 1.348106478 -3.905122186
v -0.422403102 1.348106478 -3.905122186
v -0.423342774 1.343246705 -3.906129975
v -0.423342774 1.343246705 -3.906129975
v -0.423342774 1.343246705 -3.906129975
v -0.423342774 1.343246705 -3.906129975
v -0.422403243 1.348106446 -3.905122400
v -1.097505688 0.823092384 -3.171114925
v -0.422403243 1.348106446 -3.905122400
v -1.097505688 0.823092384 -3.171114925
v -0.423342774 1.343246705 -3.906129975
v -0.422403243 1.348106446 -3.905122400
v -0.422403243 1.348106446 -3.905122400
v -0.422403127 1.348106472 -3.905122224
v -0.422403243 1.348106446 -3.905122400
v -0.422403243 1.348106446 -3.905122400
v -0.422403243 1.348106446 -3.905122400
v -0.422403243 1.348106446 -3.905122400
v -0.422403243 1.348106446 -3.905122400
v -0.423342774 1.343246705 -3.906129975
v -0.422403243 1.348106446 -3.905122400
v -0.423342774 1.343246705 -3.906129975
v -0.422403243 1.348106446 -3.905122400
v -0.422403243 1.348106446 -3.905122400
v -0.422403243 1.348106446 -3.905122400
v -0.422403243 1.348106446 -3.905122400
v -0.422403243 1.348106446 -3.905122400
v -0.422403243 1.348106446 -3.905122400
v -0.423342633 1.343246738 -3.906129761
v -0.423342633 1.343246738 -3.906129761
v -0.422403243 1.348106446 -3.905122400
v -0.423342633 1.343246738 -3.906129761
v -0.423342774 1.343246705 -3.906129975
v -0.423342774 1.343246705 -3.906129975
v -0.423342774 1.343246705 -3.906129975
v -0.423342774 1.343246705 -3.906129975
v -0.423342774 1.343246705 -3.906129975
v -0.423342774 1.343246705 -3.906129975
v -0.423342774 1.343246705 -3.906129975
v -0.423342774 1.343246705 -3.906129975
v -0.423342774 1.343246705 -3.906129975
v -0.423342774 1.343246705 -3.906129975
v -0.423342774 1.343246705 -3.906129975
v -0.423342774 1.343246705 -3.906129975
v -0.423342633 1.343246738 -3.906129761
v -0.423342774 1.343246705 -3.906129975
v -0.423342774 1.343246705 -3.906129975
v -0.423342774 1.343246705 -3.906129975
v -0.423342774 1.343246705 -3.906129975
v -0.423342774 1.343246705 -3.906129975
v -0.423342633 1.343246738 -3.906129761
v -0.423342633 1.343246738 -3.906129761
v -0.423342774 1.343246705 -3.906129975
v -0.423342774 1.343246705 -3.906129975
v -0.423342774 1.343246705 -3.906129975
v -0.423342633 1.343246738 -3.906129761
v -0.422403243 1.348106446 -3.905122400
v -0.422403243 1.348106446 -3.905122400
v -0.423342774 1.343246705 -3.906129975
v -0.422403243 1.348106446 -3.905122400
v -0.423342774 1.343246705 -3.906129975
v -0.423342774 1.343246705 -3.906129975
v -0.423342774 1.343246705 -3.906129975
v -0.423342774 1.343246705 -3.906129975
v -0.423342774 1.343246705 -3.906129975
v -0.423342774 1.343246705 -3.906129975
v -0.423342774 1.343246705 -3.906129975
v -0.423342774 1.343246705 -3.906129975
v -0.423342774 1.343246705 -3.906129975
v -0.423342774 1.343246705 -3.906129975
v -0.423342774 1.343246705 -3.906129975
v -0.423342774 1.343246705 -3.906129975
v -0.422403102 1.348106478 -3.905122186
v -0.423342774 1.343246705 -3.906129975
v -0.423342774 1.343246705 -3.906129975
v -0.423342774 1.343246705 -3.906129975
v -0.423342633 1.343246738 -3.906129761
v -0.423342774 1.343246705 -3.906129975
v -0.422403102 1.348106478 -3.905122186
v -0.422403102 1.348106478 -3.905122186
v -0.423342633 1.343246738 -3.906129761
v -0.423342633 1.343246738 -3.906129761
v -0.422403102 1.348106478 -3.905122186
v -0.423342633 1.343246738 -3.906129761
v 1.066659067 0.795272856 -2.942773309
v -0.423342633 1.343246738 -3.906129761
v -0.423342633 1.343246738 -3.906129761
v -0.423342774 1.343246705 -3.906129975
v -0.423342774 1.343246705 -3.906129975
v -0.423342774 1.343246705 -3.906129975
v -0.423342774 1.343246705 -3.906129975
v -0.423342774 1.343246705 -3.906129975
v -0.423342774 1.343246705 -3.906129975
v -0.423342774 1.343246705 -3.906129975
v -0.423342774 1.343246705 -3.906129975
v -0.423342774 1.343246705 -3.906129975
v -0.423342774 1.343246705 -3.906129975
v -0.423342774 1.343246705 -3.906129975
v -0.423342774 1.343246705 -3.906129975
v -0.422403243 1.348106446 -3.905122400
v -0.422403243 1.348106446 -3.905122400
v -0.422403102 1.348106478 -3.905122186
v -0.422403102 1.348106478 -3.905122186
v -0.422403102 1.348106478 -3.905122186
v -0.422403102 1.348106478 -3.905122186
v -0.422403102 1.348106478 -3.905122186
v -0.422403102 1.348106478 -3.905122186
v -0.422403102 1.348106478 -3.905122186
v -0.422403102 1.348106478 -3.905122186
v -0.422403102 1.348106478 -3.905122186
v -0.422403102 1.348106478 -3.905122186
v 1.066659067 0.795272856 -2.942773309
v 1.066659067 0.795272856 -2.942773309
v -0.423405920 1.346685488 -3.904852863
v -0.423358375 1.346793102 -3.904855274
v -0.426740953 1.352391025 -3.904281158
v -0.423342633 1.343246738 -3.906129761
v -0.427326415 1.354888040 -3.903588844
v -0.422403102 1.348106478 -3.905122186
v -0.427243680 1.353249462 -3.904268336
v -0.422403102 1.348106478 -3.905122186
v -0.423342633 1.343246738 -3.906129761
v -0.422403102 1.348106478 -3.905122186
v -0.422403102 1.348106478 -3.905122186
v -0.422403102 1.348106478 -3.905122186
v -0.422403102 1.348106478 -3.905122186
v -0.422403243 1.348106446 -3.905122400
v -0.422403243 1.348106446 -3.905122400
v -0.422403242 1.348106447 -3.905122398
v -0.422403243 1.348106446 -3.905122400
v -0.422403243 1.348106446 -3.905122400
v -0.422403243 1.348106446 -3.905122400
v -1.097505660 0.823092396 -3.171114917
v -0.423342633 1.343246738 -3.906129761
v -1.097505666 0.823092393 -3.171114919
v -0.422403102 1.348106478 -3.905122186
v -0.422403102 1.348106478 -3.905122186
v -1.097505628 0.823092410 -3.171114909
v -0.422403243 1.348106446 -3.905122400
v -0.422403243 1.348106446 -3.905122400
v -0.423342774 1.343246705 -3.906129975
v -1.097505392 0.823092510 -3.171114848
v -1.097505392 0.823092510 -3.171114848
v -1.097505405 0.823092505 -3.171114851
v -1.097505392 0.823092510 -3.171114848
v -1.097505392 0.823092510 -3.171114848
v -1.097505392 0.823092510 -3.171114848
v -1.097505392 0.823092510 -3.171114848
v -0.422403243 1.348106446 -3.905122400
v -0.422403243 1.348106446 -3.905122400
v -0.422403243 1.348106446 -3.905122400
v -0.422403243 1.348106446 -3.905122400
v -0.422403243 1.348106446 -3.905122400
v -1.097505392 0.823092510 -3.171114848
v -0.422403102 1.348106478 -3.905122186
v -0.422403102 1.348106478 -3.905122186
v -0.422403102 1.348106478 -3.905122186
v -0.422403102 1.348106478 -3.905122186
v -0.422403102 1.348106478 -3.905122186
v -0.422403102 1.348106478 -3.905122186
v -0.422403102 1.348106478 -3.905122186
v -0.422403102 1.348106478 -3.905122186
v -0.422403102 1.348106478 -3.905122186
v -0.422403102 1.348106478 -3.905122186
v -0.422403102 1.348106478 -3.905122186
v -0.422403102 1.348106478 -3.905122186
v -0.422403102 1.348106478 -3.905122186
v -0.422403102 1.348106478 -3.905122186
v -0.422403102 1.348106478 -3.905122186
v -0.422403102 1.348106478 -3.905122186
v -0.422403102 1.348106478 -3.905122186
v -0.422403102 1.348106478 -3.905122186
v -1.097505392 0.823092510 -3.171114848
v -0.422403102 1.348106478 -3.905122186
v -0.422403102 1.348106478 -3.905122186
v -0.422403102 1.348106478 -3.905122186
v -0.422403102 1.348106478 -3.905122186
v -0.422403102 1.348106478 -3.905122186
v -0.422403102 1.348106478 -3.905122186
v -0.422403102 1.348106478 -3.905122186
v -1.097505392 0.823092510 -3.171114848
v -1.097505392 0.823092510 -3.171114848
v -0.423342774 1.343246705 -3.906129975
v -0.423342774 1.343246705 -3.906129975
v -0.423342774 1.343246705 -3.906129975
v -0.423342774 1.343246705 -3.906129975
v -0.422403102 1.348106478 -3.905122186
v -0.423342774 1.343246705 -3.906129975
v -0.423342774 1.343246705 -3.906129975
v -0.423342774 1.343246705 -3.906129975
v -1.097505392 0.823092510 -3.171114848
v -0.422403102 1.348106478 -3.905122186
v -0.422403102 1.348106478 -3.905122186
v -0.423342633 1.343246738 -3.906129761
v -0.422403102 1.348106478 -3.905122186
v -1.097505392 0.823092510 -3.171114848
v -1.097505392 0.823092510 -3.171114848
v -1.097505392 0.823092510 -3.171114848
v -1.097505392 0.823092510 -3.171114848
v -1.097505392 0.823092510 -3.171114848
v -0.423342774 1.343246705 -3.906129975
v -0.423342633 1.343246738 -3.906129761
v -0.423342774 1.343246705 -3.906129975
v -0.423342633 1.343246738 -3.906129761
v -0.422403102 1.348106478 -3.905122186
v -0.423342774 1.343246705 -3.906129975
v -0.423342774 1.343246705 -3.906129975
v -0.422403102 1.348106478 -3.905122186
v -0.423342774 1.343246705 -3.906129975
v -0.423342559 1.343246766 -3.906130188
v -0.423342774 1.343246705 -3.906129975
v -0.422403243 1.348106446 -3.905122400
v -0.422403243 1.348106446 -3.905122400
v -1.097505665 0.823092394 -3.171114919
v -0.422403243 1.348106446 -3.905122400
v -0.423342774 1.343246705 -3.906129975
v -0.423342774 1.343246705 -3.906129975
v -0.422403243 1.348106446 -3.905122400
v -0.423342774 1.343246705 -3.906129975
v -0.423342774 1.343246705 -3.906129975
v -0.423342774 1.343246705 -3.906129975
v -0.422403243 1.348106446 -3.905122400
v -0.423342774 1.343246705 -3.906129975
v -1.097505688 0.823092384 -3.171114925
v -1.097505688 0.823092384 -3.171114925
v -0.423342774 1.343246705 -3.906129975
v -0.423342774 1.343246705 -3.906129975
v -0.423342774 1.343246705 -3.906129975
v -0.423342774 1.343246705 -3.906129975
v -1.097505672 0.823092391 -3.171114920
v -0.422403219 1.348106452 -3.905122364
v -1.097505571 0.823092434 -3.171114894
v -0.422403243 1.348106446 -3.905122400
v -0.422403243 1.348106446 -3.905122400
v -0.422403243 1.348106446 -3.905122400
v -0.423342774 1.343246705 -3.906129975
v -0.422403243 1.348106446 -3.905122400
v -1.097505473 0.823092476 -3.171114869
v -1.097505614 0.823092416 -3.171114905
v -0.423342774 1.343246705 -3.906129975
v -0.423342774 1.343246705 -3.906129975
v -0.423342774 1.343246705 -3.906129975
v -0.423342774 1.343246705 -3.906129975
v -0.423342774 1.343246705 -3.906129975
v -0.423342774 1.343246705 -3.906129975
v -0.423342774 1.343246705 -3.906129975
v -0.422403243 1.348106446 -3.905122400
v -0.423342633 1.343246738 -3.906129761
v -0.423342774 1.343246705 -3.906129975
v -0.423342774 1.343246705 -3.906129975
v -0.423342774 1.343246705 -3.906129975
v -0.423342774 1.343246705 -3.906129975
v -0.423342774 1.343246705 -3.906129975
v -0.422403243 1.348106446 -3.905122400
v -0.423342774 1.343246705 -3.906129975
v -0.422403243 1.348106446 -3.905122400
v -0.423342774 1.343246705 -3.906129975
v -0.422403102 1.348106478 -3.905122186
v -0.423342774 1.343246705 -3.906129975
v -0.422403102 1.348106478 -3.905122186
v -0.422403102 1.348106478 -3.905122186
v -0.422403102 1.348106478 -3.905122186
v -0.423342774 1.343246705 -3.906129975
v -0.422403102 1.348106478 -3.905122186
v -0.422403102 1.348106478 -3.905122186
v -0.422403102 1.348106478 -3.905122186
v -0.422403102 1.348106478 -3.905122186
v -0.422403102 1.348106478 -3.905122186
v -0.422403102 1.348106478 -3.905122186
v -0.422403102 1.348106478 -3.905122186
v -0.422403102 1.348106478 -3.905122186
v -0.422403102 1.348106478 -3.905122186
v -0.422403102 1.348106478 -3.905122186
v -0.422403102 1.348106478 -3.905122186
v -0.422403102 1.348106478 -3.905122186
v -0.422403102 1.348106478 -3.905122186
v -0.423342774 1.343246705 -3.906129975
v -0.423342774 1.343246705 -3.906129975
v -0.423342774 1.343246705 -3.906129975
v -0.422403102 1.348106478 -3.905122186
v -0.422403102 1.348106478 -3.905122186
v -0.422403102 1.348106478 -3.905122186
v -0.422403102 1.348106478 -3.905122186
v -0.423342633 1.343246738 -3.906129761
v -0.422403102 1.348106478 -3.905122186
v -0.423342633 1.343246738 -3.906129761
v -0.422403243 1.348106446 -3.905122400
v -0.422403102 1.348106478 -3.905122186
v -0.422403243 1.348106446 -3.905122400
v -0.422403243 1.348106446 -3.905122400
v -0.422403102 1.348106478 -3.905122186
v -0.422403243 1.348106446 -3.905122400
v -0.422403243 1.348106446 -3.905122400
v -0.422403102 1.348106478 -3.905122186
v -0.423342774 1.343246705 -3.906129975
v -0.423342774 1.343246705 -3.906129975
v -0.423342774 1.343246705 -3.906129975
v -0.423342774 1.343246705 -3.906129975
v -0.423342774 1.343246705 -3.906129975
v -0.423342774 1.343246705 -3.906129975
v -0.423342774 1.343246705 -3.906129975
v -0.423342774 1.343246705 -3.906129975
v -0.423342774 1.343246705 -3.906129975
v -0.423342774 1.343246705 -3.906129975
v -0.423342774 1.343246705 -3.906129975
v -0.423342774 1.343246705 -3.906129975
v -0.423342774 1.343246705 -3.906129975
v -0.423342774 1.343246705 -3.906129975
v -0.423342774 1.343246705 -3.906129975
v -0.423342774 1.343246705 -3.906129975
v -0.423342774 1.343246705 -3.906129975
v -0.423342774 1.343246705 -3.906129975
v -0.423342774 1.343246705 -3.906129975
v -0.423342774 1.343246705 -3.906129975
v -0.423342774 1.343246705 -3.906129975
v -0.423342774 1.343246705 -3.906129975
v -0.423342774 1.343246705 -3.906129975
v -0.423342774 1.343246705 -3.906129975
v -0.423342774 1.343246705 -3.906129975
v -0.423342774 1.343246705 -3.906129975
v -0.422403102 1.348106478 -3.905122186
v -0.423342774 1.343246705 -3.906129975
v -0.423342774 1.343246705 -3.906129975
v -0.423342774 1.343246705 -3.906129975
v -0.423342774 1.343246705 -3.906129975
v -0.423342774 1.343246705 -3.906129975
v -0.423342774 1.343246705 -3.906129975
v -0.423342774 1.343246705 -3.906129975
v -0.423342774 1.343246705 -3.906129975
v -0.423342774 1.343246705 -3.906129975
v -0.423342774 1.343246705 -3.906129975
v -0.423342774 1.343246705 -3.906129975
v -0.423342774 1.343246705 -3.906129975
v -0.423342774 1.343246705 -3.906129975
v -0.423342774 1.343246705 -3.906129975
v -0.423342774 1.343246705 -3.906129975
v -0.423342774 1.343246705 -3.906129975
v -0.423342774 1.343246705 -3.906129975
v -0.423342774 1.343246705 -3.906129975
v -0.423342774 1.343246705 -3.906129975
v -0.423342774 1.343246705 -3.906129975
v -0.423342774 1.343246705 -3.906129975
v -0.423342774 1.343246705 -3.906129975
v -0.423342774 1.343246705 -3.906129975
v -0.423342774 1.343246705 -3.906129975
v -0.423342774 1.343246705 -3.906129975
v -0.423342774 1.343246705 -3.906129975
v -0.423342774 1.343246705 -3.906129975
v -0.423342774 1.343246705 -3.906129975
v -0.423342774 1.343246705 -3.906129975
v -0.423342774 1.343246705 -3.906129975
v -0.423342774 1.343246705 -3.906129975
v -0.423342774 1.343246705 -3.906129975
v -0.423342774 1.343246705 -3.906129975
v -0.423342774 1.343246705 -3.906129975
v -0.423342774 1.343246705 -3.906129975
v -0.423342774 1.343246705 -3.906129975
v -0.423342774 1.343246705 -3.906129975
v -0.423342774 1.343246705 -3.906129975
v -0.423342774 1.343246705 -3.906129975
v -0.423342774 1.343246705 -3.906129975
v -0.423342774 1.343246705 -3.906129975
v -0.423342774 1.343246705 -3.906129975
v -0.423342774 1.343246705 -3.906129975
v -0.423342774 1.343246705 -3.906129975
v -0.423342774 1.343246705 -3.906129975
v -0.423342774 1.343246705 -3.906129975
v -0.423342774 1.343246705 -3.906129975
v -0.423342774 1.343246705 -3.906129975
v -0.422403243 1.348106446 -3.905122400
v -0.422403243 1.348106446 -3.905122400
v -1.097505638 0.823092405 -3.171114912
v -0.422403243 1.348106446 -3.905122400
v -1.097505670 0.823092392 -3.171114920
v -1.097505655 0.823092398 -3.171114916
v -1.097505682 0.823092386 -3.171114923
v -1.097505606 0.823092419 -3.171114903
v -0.423342774 1.343246705 -3.906129975
v -0.423342774 1.343246705 -3.906129975
v -0.423342774 1.343246705 -3.906129975
v -0.422403102 1.348106478 -3.905122186
v -0.422403102 1.348106478 -3.905122186
v -0.423342774 1.343246705 -3.906129975
v -0.422403243 1.348106446 -3.905122400
v -0.423342774 1.343246705 -3.906129975
v -0.423342774 1.343246705 -3.906129975
v -0.423342774 1.343246705 -3.906129975
v -0.423342774 1.343246705 -3.906129975
v -0.423342774 1.343246705 -3.906129975
v -0.423342774 1.343246705 -3.906129975
v -0.423342774 1.343246705 -3.906129975
v -0.423342774 1.343246705 -3.906129975
v -0.423342774 1.343246705 -3.906129975
v -0.423342774 1.343246705 -3.906129975
v -0.423342774 1.343246705 -3.906129975
v -0.423342774 1.343246705 -3.906129975
v -0.422403243 1.348106446 -3.905122400
v -0.422403243 1.348106446 -3.905122400
v -0.423342774 1.343246705 -3.906129975
v -0.422403243 1.348106446 -3.905122400
v -0.422403243 1.348106446 -3.905122400
v -0.422403243 1.348106446 -3.905122400
v -0.422403243 1.348106446 -3.905122400
v -0.422403243 1.348106446 -3.905122400
v -0.422403243 1.348106446 -3.905122400
v -0.422403243 1.348106446 -3.905122400
v -0.422403243 1.348106446 -3.905122400
v -0.422403243 1.348106446 -3.905122400
v -0.422403243 1.348106446 -3.905122400
v -0.422403243 1.348106446 -3.905122400
v -0.423342633 1.343246738 -3.906129761
v -0.423342774 1.343246705 -3.906129975
v -0.422403243 1.348106446 -3.905122400
v -0.422403243 1.348106446 -3.905122400
v -1.097505688 0.823092384 -3.171114925
v -0.423342774 1.343246705 -3.906129975
v -1.097505396 0.823092509 -3.171114849
v -0.423342774 1.343246705 -3.906129975
v -0.422403243 1.348106446 -3.905122400
v -0.422403243 1.348106446 -3.905122400
v -0.422403243 1.348106446 -3.905122400
v -0.423342633 1.343246738 -3.906129761
v -0.423342633 1.343246738 -3.906129761
v -0.423342633 1.343246738 -3.906129761
v -0.422403243 1.348106446 -3.905122400
v -0.422403243 1.348106446 -3.905122400
v -0.422403243 1.348106446 -3.905122400
v -0.422403243 1.348106446 -3.905122400
v -0.422403243 1.348106446 -3.905122400
v -0.423342633 1.343246738 -3.906129761
v -0.423342633 1.343246738 -3.906129761
v -0.422403243 1.348106446 -3.905122400
v -1.097505644 0.823092403 -3.171114913
v -1.097505557 0.823092440 -3.171114891
v -1.097505636 0.823092406 -3.171114911
v -0.422403243 1.348106446 -3.905122400
v -0.422403243 1.348106446 -3.905122400
v -0.422403102 1.348106478 -3.905122186
v -0.422403140 1.348106233 -3.905122470
v -0.423342633 1.343246738 -3.906129761
v -0.423342633 1.343246738 -3.906129761
v -0.423342633 1.343246738 -3.906129761
v -0.423342633 1.343246738 -3.906129761
v -0.423342633 1.343246738 -3.906129761
v -0.423342633 1.343246738 -3.906129761
v -0.423342633 1.343246738 -3.906129761
v -0.423342633 1.343246738 -3.906129761
v -0.423342633 1.343246738 -3.906129761
v -0.423342633 1.343246738 -3.906129761
v -0.422403102 1.348106478 -3.905122186
v -0.423342633 1.343246738 -3.906129761
v -0.422403102 1.348106478 -3.905122186
v -0.423342633 1.343246738 -3.906129761
v -0.422403102 1.348106478 -3.905122186
v -0.422403102 1.348106478 -3.905122186
v -0.423342633 1.343246738 -3.906129761
v -0.423342633 1.343246738 -3.906129761
v -0.423342633 1.343246738 -3.906129761
v -0.422403243 1.348106446 -3.905122400
v -0.422403102 1.348106478 -3.905122186
v -0.422403243 1.348106446 -3.905122400
v -0.422403102 1.348106478 -3.905122186
v -0.423342633 1.343246738 -3.906129761
v -0.423342633 1.343246738 -3.906129761
v -0.423342774 1.343246705 -3.906129975
v -0.423342774 1.343246705 -3.906129975
v -0.423342633 1.343246738 -3.906129761
v -0.423342774 1.343246705 -3.906129975
v -0.423342633 1.343246738 -3.906129761
v -0.423342774 1.343246705 -3.906129975
v -0.423342633 1.343246738 -3.906129761
v -0.423342774 1.343246705 -3.906129975
v -0.422403243 1.348106446 -3.905122400
v -0.422403243 1.348106446 -3.905122400
v -0.423342774 1.343246705 -3.906129975
v -0.423342774 1.343246705 -3.906129975
v -0.423342774 1.343246705 -3.906129975
v -0.422403102 1.348106478 -3.905122186
v -0.422403102 1.348106478 -3.905122186
v -0.422403102 1.348106478 -3.905122186
v -0.422403102 1.348106478 -3.905122186
v -0.422403102 1.348106478 -3.905122186
v -0.422403243 1.348106446 -3.905122400
v -0.423342633 1.343246738 -3.906129761
v -0.422403102 1.348106478 -3.905122186
v -0.422403102 1.348106478 -3.905122186
v -0.423342633 1.343246738 -3.906129761
v -0.422403102 1.348106478 -3.905122186
v -0.422403102 1.348106478 -3.905122186
v -0.422403102 1.348106478 -3.905122186
v -0.422403184 1.348106460 -3.905122311
v -0.422403102 1.348106478 -3.905122186
v -0.423342633 1.343246738 -3.906129761
v -0.423342633 1.343246738 -3.906129761
v -0.423342633 1.343246738 -3.906129761
v -0.423342633 1.343246738 -3.906129761
v -0.423342633 1.343246738 -3.906129761
v -0.422403158 1.348106465 -3.905122271
v -0.422403102 1.348106478 -3.905122186
v -0.422403102 1.348106478 -3.905122186
v -0.423342633 1.343246738 -3.906129761
v -0.422403184 1.348106460 -3.905122311
v -1.097505657 0.823092397 -3.171114916
v -1.097505657 0.823092397 -3.171114916
v -0.422403102 1.348106478 -3.905122186
v -0.422403102 1.348106478 -3.905122186
v -1.097505502 0.823092463 -3.171114877
v -0.422403102 1.348106478 -3.905122186
v -0.423342633 1.343246738 -3.906129761
v -0.423342633 1.343246738 -3.906129761
v -0.423342633 1.343246738 -3.906129761
v -1.097505606 0.823092419 -3.171114903
v -0.423342774 1.343246705 -3.906129975
v -0.423342774 1.343246705 -3.906129975
v -0.423342633 1.343246738 -3.906129761
v -0.423342774 1.343246705 -3.906129975
v -0.422403243 1.348106446 -3.905122400
v -0.422403243 1.348106446 -3.905122400
v -0.422403243 1.348106446 -3.905122400
v -0.422403243 1.348106446 -3.905122400
v -0.422403243 1.348106446 -3.905122400
v -0.422403243 1.348106446 -3.905122400
v -0.422403243 1.348106446 -3.905122400
v -0.422403243 1.348106446 -3.905122400
v -0.422403243 1.348106446 -3.905122400
v -0.422403243 1.348106446 -3.905122400
v -0.423342633 1.343246738 -3.906129761
v -0.423342633 1.343246738 -3.906129761
v -0.422403102 1.348106478 -3.905122186
v -0.422403102 1.348106478 -3.905122186
v -0.422403102 1.348106478 -3.905122186
v -0.423342774 1.343246705 -3.906129975
v -0.423342774 1.343246705 -3.906129975
v -0.422403102 1.348106478 -3.905122186
v -0.422403102 1.348106478 -3.905122186
v -0.422403102 1.348106478 -3.905122186
v -0.422403102 1.348106478 -3.905122186
v -0.423342774 1.343246705 -3.906129975
v -0.422403243 1.348106446 -3.905122400
v -0.423342774 1.343246705 -3.906129975
v -0.422403243 1.348106446 -3.905122400
v -0.422403243 1.348106446 -3.905122400
v -0.422403243 1.348106446 -3.905122400
v -0.423342774 1.343246705 -3.906129975
v -0.422403243 1.348106446 -3.905122400
v -0.422403243 1.348106446 -3.905122400
v -0.422403102 1.348106478 -3.905122186
v -0.422403102 1.348106478 -3.905122186
v -0.422403102 1.348106478 -3.905122186
v -0.422403102 1.348106478 -3.905122186
v -1.097505576 0.823092432 -3.171114895
v -0.423342633 1.343246738 -3.906129761
v -0.423342633 1.343246738 -3.906129761
v -0.423342633 1.343246738 -3.906129761
v -0.423342633 1.343246738 -3.906129761
v -0.423342633 1.343246738 -3.906129761
v -0.423342633 1.343246738 -3.906129761
v -0.423342633 1.343246738 -3.906129761
v -0.423342633 1.343246738 -3.906129761
v -0.423342633 1.343246738 -3.906129761
v -0.423342633 1.343246738 -3.906129761
v -0.423342633 1.343246738 -3.906129761
v -0.423342633 1.343246738 -3.906129761
v -0.423342633 1.343246738 -3.906129761
v -0.423342633 1.343246738 -3.906129761
v -0.423342633 1.343246738 -3.906129761
v -0.422403102 1.348106478 -3.905122186
v -0.423342633 1.343246738 -3.906129761
v -0.423342633 1.343246738 -3.906129761
v -0.423342633 1.343246738 -3.906129761
v -0.423342633 1.343246738 -3.906129761
v -0.423342633 1.343246738 -3.906129761
v -0.423342633 1.343246738 -3.906129761
v -0.423342633 1.343246738 -3.906129761
v -0.423342633 1.343246738 -3.906129761
v -0.423342633 1.343246738 -3.906129761
v -0.423342633 1.343246738 -3.906129761
v -0.423342633 1.343246738 -3.906129761
v -0.423342633 1.343246738 -3.906129761
v -0.423342633 1.343246738 -3.906129761
v -0.423342633 1.343246738 -3.906129761
v -0.423342633 1.343246738 -3.906129761
v -0.423342633 1.343246738 -3.906129761
v -0.423342633 1.343246738 -3.906129761
v -0.423342633 1.343246738 -3.906129761
v -0.422403102 1.348106478 -3.905122186
v -0.422403102 1.348106478 -3.905122186
v -0.423342633 1.343246738 -3.906129761
v -0.423342633 1.343246738 -3.906129761
v -0.423342633 1.343246738 -3.906129761
v -0.423342633 1.343246738 -3.906129761
v -0.423342633 1.343246738 -3.906129761
v -0.423342633 1.343246738 -3.906129761
v -0.423342633 1.343246738 -3.906129761
v -0.423342633 1.343246738 -3.906129761
v -0.423342633 1.343246738 -3.906129761
v -0.423342633 1.343246738 -3.906129761
v -0.423342633 1.343246738 -3.906129761
v -0.423342633 1.343246738 -3.906129761
v -0.423342633 1.343246738 -3.906129761
v -0.423342633 1.343246738 -3.906129761
v -0.423342633 1.343246738 -3.906129761
v -0.423342633 1.343246738 -3.906129761
v -0.423342633 1.343246738 -3.906129761
v -0.423342633 1.343246738 -3.906129761
v -0.423342633 1.343246738 -3.906129761
v -0.423342633 1.343246738 -3.906129761
v -0.423342633 1.343246738 -3.906129761
v -0.423342774 1.343246705 -3.906129975
v -0.422403240 1.348106447 -3.905122395
v -0.423342633 1.343246738 -3.906129761
v -0.423342633 1.343246738 -3.906129761
v -0.423342633 1.343246738 -3.906129761
v -0.422403185 1.348106459 -3.905122312
v -0.423342633 1.343246738 -3.906129761
v -0.423342633 1.343246738 -3.906129761
v -0.422403102 1.348106478 -3.905122186
v -0.422403102 1.348106478 -3.905122186
v -0.422403102 1.348106478 -3.905122186
v -0.422403134 1.348106471 -3.905122234
v -0.422403102 1.348106478 -3.905122186
v -0.423342633 1.343246738 -3.906129761
v -0.422403102 1.348106478 -3.905122186
v -0.423342633 1.343246738 -3.906129761
v -0.422403102 1.348106478 -3.905122186
v -0.423342633 1.343246738 -3.906129761
v -0.422403102 1.348106478 -3.905122186
v -0.423342633 1.343246738 -3.906129761
v -0.423342633 1.343246738 -3.906129761
v -0.423342633 1.343246738 -3.906129761
v -0.422403102 1.348106478 -3.905122186
v -0.423342633 1.343246738 -3.906129761
v -0.423342633 1.343246738 -3.906129761
v -0.422403102 1.348106478 -3.905122186
v -0.423342633 1.343246738 -3.906129761
v -0.423342633 1.343246738 -3.906129761
v -0.423342633 1.343246738 -3.906129761
v -0.423342633 1.343246738 -3.906129761
v -0.423342633 1.343246738 -3.906129761
v -0.423342633 1.343246738 -3.906129761
v -0.423342633 1.343246738 -3.906129761
v -0.423342633 1.343246738 -3.906129761
v -0.423342633 1.343246738 -3.906129761
v -0.423342633 1.343246738 -3.906129761
v -0.422403102 1.348106478 -3.905122186
v -0.422403102 1.348106478 -3.905122186
v -0.422403102 1.348106478 -3.905122186
v -0.422403140 1.348106233 -3.905122470
v -0.422403140 1.348106233 -3.905122470
v -0.423342633 1.343246738 -3.906129761
v -0.423342633 1.343246738 -3.906129761
v -0.423342633 1.343246738 -3.906129761
v -0.423342633 1.343246738 -3.906129761
v -0.423342633 1.343246738 -3.906129761
v -0.423342633 1.343246738 -3.906129761
v -0.423342633 1.343246738 -3.906129761
v -0.423342633 1.343246738 -3.906129761
v -0.423342633 1.343246738 -3.906129761
v -0.422403140 1.348106233 -3.905122470
v -0.422403140 1.348106233 -3.905122470
v -0.422403102 1.348106478 -3.905122186
v -0.422403102 1.348106478 -3.905122186
v -0.423342633 1.343246738 -3.906129761
v -0.423342633 1.343246738 -3.906129761
v -1.097505680 0.823092387 -3.171114922
v -1.097505677 0.823092389 -3.171114922
v -0.422403243 1.348106446 -3.905122400
v -0.422403236 1.348106444 -3.905122402
v -0.422403243 1.348106446 -3.905122400
v -0.422403243 1.348106446 -3.905122400
v -0.422403102 1.348106478 -3.905122186
v -0.422403243 1.348106446 -3.905122400
v -0.422403102 1.348106478 -3.905122186
v -0.422403102 1.348106478 -3.905122186
v -0.422403102 1.348106478 -3.905122186
v -0.422403102 1.348106478 -3.905122186
v -0.422403102 1.348106478 -3.905122186
v -0.422403102 1.348106478 -3.905122186
v -0.422403102 1.348106478 -3.905122186
v -0.423342774 1.343246705 -3.906129975
v -0.422403102 1.348106478 -3.905122186
v -0.423342633 1.343246738 -3.906129761
v -0.422403102 1.348106478 -3.905122186
v -0.422403102 1.348106478 -3.905122186
v -0.422403102 1.348106478 -3.905122186
v -0.422403102 1.348106478 -3.905122186
v -0.422403102 1.348106478 -3.905122186
v -0.422403102 1.348106478 -3.905122186
v -0.422403102 1.348106478 -3.905122186
v -0.422403102 1.348106478 -3.905122186
v -0.423342633 1.343246738 -3.906129761
v -0.422403102 1.348106478 -3.905122186
v -0.422403102 1.348106478 -3.905122186
v -0.423342633 1.343246738 -3.906129761
v -0.423342633 1.343246738 -3.906129761
v -0.423342633 1.343246738 -3.906129761
v -0.423342633 1.343246738 -3.906129761
v -0.423342633 1.343246738 -3.906129761
v -0.423342633 1.343246738 -3.906129761
v -0.422403102 1.348106478 -3.905122186
v -0.422403102 1.348106478 -3.905122186
v -0.423342633 1.343246738 -3.906129761
v -0.423342633 1.343246738 -3.906129761
v -0.423342633 1.343246738 -3.906129761
v -1.097505680 0.823092387 -3.171114922
v -0.423342633 1.343246738 -3.906129761
v -0.422403102 1.348106478 -3.905122186
v -0.423342774 1.343246705 -3.906129975
v -0.423342774 1.343246705 -3.906129975
v -0.423342774 1.343246705 -3.906129975
v -0.422403150 1.348106253 -3.905122463
v -0.423342633 1.343246738 -3.906129761
v -0.423342633 1.343246738 -3.906129761
v -0.423342633 1.343246738 -3.906129761
v -0.423342633 1.343246738 -3.906129761
v -0.423342633 1.343246738 -3.906129761
v -0.423342633 1.343246738 -3.906129761
v -0.423342633 1.343246738 -3.906129761
v -0.423342633 1.343246738 -3.906129761
v -0.423342633 1.343246738 -3.906129761
v -0.423342633 1.343246738 -3.906129761
v -0.422403208 1.348106366 -3.905122372
v -0.423342633 1.343246738 -3.906129761
v -0.423342633 1.343246738 -3.906129761
v -0.423342633 1.343246738 -3.906129761
v -0.423342633 1.343246738 -3.906129761
v -0.423342633 1.343246738 -3.906129761
v -0.423342633 1.343246738 -3.906129761
v -0.423342633 1.343246738 -3.906129761
v -0.423342633 1.343246738 -3.906129761
v -0.423342633 1.343246738 -3.906129761
v -0.423342633 1.343246738 -3.906129761
v -0.423342633 1.343246738 -3.906129761
v -1.097505635 0.823092407 -3.171114911
v -1.097505606 0.823092419 -3.171114903
v -0.422403102 1.348106478 -3.905122186
v -0.422403102 1.348106478 -3.905122186
v -0.422403162 1.348106465 -3.905122276
v -0.423342633 1.343246738 -3.906129761
v -0.422403102 1.348106478 -3.905122186
v -0.423342633 1.343246738 -3.906129761
v -0.423342633 1.343246738 -3.906129761
v -0.423342633 1.343246738 -3.906129761
v -0.423342633 1.343246738 -3.906129761
v -0.423342633 1.343246738 -3.906129761
v -0.423342633 1.343246738 -3.906129761
v -0.423342633 1.343246738 -3.906129761
v -0.423342633 1.343246738 -3.906129761
v -0.422403112 1.348106476 -3.905122202
v -0.422403102 1.348106478 -3.905122186
v -0.422403112 1.348106476 -3.905122202
v -0.422403102 1.348106478 -3.905122186
v -0.422403116 1.348106475 -3.905122208
v -0.422403102 1.348106478 -3.905122186
v -0.422403143 1.348106469 -3.905122249
v -0.422403102 1.348106478 -3.905122186
v -0.422403239 1.348106447 -3.905122394
v -0.422403236 1.348106448 -3.905122390
v -0.422403206 1.348106455 -3.905122343
v -0.422403232 1.348106449 -3.905122383
v -0.423342633 1.343246738 -3.906129761
v -0.422403204 1.348106455 -3.905122340
v -0.422403206 1.348106455 -3.905122343
v -0.422403204 1.348106455 -3.905122340
v -0.423342774 1.343246705 -3.906129975
v -0.423342633 1.343246738 -3.906129761
v -0.423342633 1.343246738 -3.906129761
v -0.422403239 1.348106447 -3.905122395
v -0.423342633 1.343246738 -3.906129761
v -0.423342774 1.343246705 -3.906129975
v -0.423342774 1.343246705 -3.906129975
v -0.423342774 1.343246705 -3.906129975
v -0.423342774 1.343246705 -3.906129975
v -0.423342774 1.343246705 -3.906129975
v -0.423342774 1.343246705 -3.906129975
v -0.423342774 1.343246705 -3.906129975
v -0.423342774 1.343246705 -3.906129975
v -0.423342774 1.343246705 -3.906129975
v -0.423342774 1.343246705 -3.906129975
v -0.423342774 1.343246705 -3.906129975
v -0.423342774 1.343246705 -3.906129975
v -0.423342774 1.343246705 -3.906129975
v -0.423342774 1.343246705 -3.906129975
v -0.423342774 1.343246705 -3.906129975
v -0.423342774 1.343246705 -3.906129975
v -0.423342774 1.343246705 -3.906129975
v -0.423342633 1.343246738 -3.906129761
v -0.423342774 1.343246705 -3.906129975
v -0.423342633 1.343246738 -3.906129761
v -0.423342774 1.343246705 -3.906129975
v -0.422403237 1.348106448 -3.905122390
v -0.423342774 1.343246705 -3.906129975
v -0.423342774 1.343246705 -3.906129975
v -0.423342774 1.343246705 -3.906129975
v -0.423342774 1.343246705 -3.906129975
v -0.423342774 1.343246705 -3.906129975
v -0.423342774 1.343246705 -3.906129975
v -0.423342774 1.343246705 -3.906129975
v -0.423342774 1.343246705 -3.906129975
v -0.423342774 1.343246705 -3.906129975
v -0.422403240 1.348106447 -3.905122395
v -0.422403238 1.348106447 -3.905122393
v -0.423342774 1.343246705 -3.906129975
v -0.422403240 1.348106447 -3.905122395
v -0.422403239 1.348106447 -3.905122394
v -0.422403102 1.348106478 -3.905122186
v -0.423342774 1.343246705 -3.906129975
v -0.423342774 1.343246705 -3.906129975
v -0.422403102 1.348106478 -3.905122186
v -0.422403102 1.348106478 -3.905122186
v -0.423342774 1.343246705 -3.906129975
v -0.423342774 1.343246705 -3.906129975
v -0.422403102 1.348106478 -3.905122186
v -0.423342774 1.343246705 -3.906129975
v -1.097505392 0.823092510 -3.171114848
v -0.423342774 1.343246705 -3.906129975
v -1.097505392 0.823092510 -3.171114848
v -1.097505392 0.823092510 -3.171114848
v -1.097505392 0.823092510 -3.171114848
v -1.097505392 0.823092510 -3.171114848
v -1.097505392 0.823092510 -3.171114848
v -0.422403102 1.348106478 -3.905122186
v -1.097505392 0.823092510 -3.171114848
v -0.422403102 1.348106478 -3.905122186
v -0.422403102 1.348106478 -3.905122186
v -1.097505392 0.823092510 -3.171114848
v -1.097505392 0.823092510 -3.171114848
v -0.422403102 1.348106478 -3.905122186
v -0.423342774 1.343246705 -3.906129975
v -0.422403102 1.348106478 -3.905122186
v -0.422403102 1.348106478 -3.905122186
v -1.097505392 0.823092510 -3.171114848
v -1.097505392 0.823092510 -3.171114848
v -0.423342633 1.343246738 -3.906129761
v -0.423342633 1.343246738 -3.906129761
v -0.422403102 1.348106478 -3.905122186
v -0.422403102 1.348106478 -3.905122186
v -0.423342633 1.343246738 -3.906129761
v -0.423342633 1.343246738 -3.906129761
v -0.423342633 1.343246738 -3.906129761
v -0.423342633 1.343246738 -3.906129761
v -0.422403102 1.348106478 -3.905122186
v -0.423342633 1.343246738 -3.906129761
v -0.423342633 1.343246738 -3.906129761
v -0.423342633 1.343246738 -3.906129761
v -0.423342633 1.343246738 -3.906129761
v -0.423342633 1.343246738 -3.906129761
v -0.423342633 1.343246738 -3.906129761
v -0.423342633 1.343246738 -3.906129761
v -0.423342633 1.343246738 -3.906129761
v -0.423342633 1.343246738 -3.906129761
v -0.423342633 1.343246738 -3.906129761
v -0.423342633 1.343246738 -3.906129761
v -0.422403183 1.348106460 -3.905122309
v -1.097505646 0.823092402 -3.171114914
v -0.422403158 1.348106466 -3.905122270
v -0.422403159 1.348106465 -3.905122272
v -0.422403102 1.348106478 -3.905122186
v -0.423342633 1.343246738 -3.906129761
v -0.422403102 1.348106478 -3.905122186
v -0.422403102 1.348106478 -3.905122186
v -0.423342633 1.343246738 -3.906129761
v -0.423342633 1.343246738 -3.906129761
v -0.422403102 1.348106478 -3.905122186
v -0.422403102 1.348106478 -3.905122186
v -0.422403102 1.348106478 -3.905122186
v -0.422403102 1.348106478 -3.905122186
v -0.422403131 1.348106472 -3.905122229
v -0.422403102 1.348106478 -3.905122186
v -0.422403102 1.348106478 -3.905122186
v -0.423342633 1.343246738 -3.906129761
v -0.423342633 1.343246738 -3.906129761
v -0.423342633 1.343246738 -3.906129761
v -0.422403102 1.348106478 -3.905122186
v -0.423342633 1.343246738 -3.906129761
v -0.422403102 1.348106478 -3.905122186
v -0.423342633 1.343246738 -3.906129761
v -0.423342633 1.343246738 -3.906129761
v -0.423342633 1.343246738 -3.906129761
v -0.423342633 1.343246738 -3.906129761
v -0.423342633 1.343246738 -3.906129761
v -0.423342633 1.343246738 -3.906129761
v -0.423342633 1.343246738 -3.906129761
v -0.423342633 1.343246738 -3.906129761
v -0.423342633 1.343246738 -3.906129761
v -0.423342633 1.343246738 -3.906129761
v -0.423342633 1.343246738 -3.906129761
v -0.423342633 1.343246738 -3.906129761
v -0.422403102 1.348106478 -3.905122186
v -0.422403102 1.348106478 -3.905122186
v -0.423342633 1.343246738 -3.906129761
v -1.097505655 0.823092398 -3.171114916
v -0.422403102 1.348106478 -3.905122186
v -0.422403243 1.348106446 -3.905122400
v -0.422403243 1.348106446 -3.905122400
v -0.422403243 1.348106446 -3.905122400
v -0.422403240 1.348106447 -3.905122395
v -0.422403224 1.348106451 -3.905122371
v -1.097505607 0.823092419 -3.171114904
v -0.422403238 1.348106447 -3.905122393
v -1.097505623 0.823092412 -3.171114908
v -1.097505592 0.823092425 -3.171114900
v -1.097505664 0.823092394 -3.171114918
v -1.097505562 0.823092438 -3.171114892
v -1.097505646 0.823092402 -3.171114914
v -1.097505559 0.823092439 -3.171114891
v -1.097505644 0.823092403 -3.171114913
v -1.097505674 0.823092390 -3.171114921
v -1.097505666 0.823092393 -3.171114919
v -1.097505634 0.823092407 -3.171114910
v -1.097505594 0.823092424 -3.171114900
v -1.097505652 0.823092399 -3.171114915
v -1.097505617 0.823092414 -3.171114906
v -1.097505675 0.823092389 -3.171114921
v -1.097505687 0.823092384 -3.171114924
v -1.097505668 0.823092392 -3.171114919
v -1.097505680 0.823092387 -3.171114922
v -1.097505656 0.823092398 -3.171114916
v -0.423342774 1.343246705 -3.906129975
v -1.097505663 0.823092395 -3.171114918
v -1.097505666 0.823092393 -3.171114919
v -0.422403243 1.348106446 -3.905122400
v -0.422403243 1.348106446 -3.905122400
v -0.423342774 1.343246705 -3.906129975
v -0.422403243 1.348106446 -3.905122400
v -0.422403243 1.348106446 -3.905122400
v -0.422403243 1.348106446 -3.905122400
v -0.422403243 1.348106446 -3.905122400
v -0.422403243 1.348106446 -3.905122400
v -0.422403243 1.348106446 -3.905122400
v -0.422403243 1.348106446 -3.905122400
v -0.422403243 1.348106446 -3.905122400
v -0.422403243 1.348106446 -3.905122400
v -1.097505688 0.823092384 -3.171114925
v -1.097505688 0.823092384 -3.171114925
v -1.097505688 0.823092384 -3.171114925
v -1.097505688 0.823092384 -3.171114925
v -1.097505688 0.823092384 -3.171114925
v -1.097505688 0.823092384 -3.171114925
v -1.097505688 0.823092384 -3.171114925
v -1.097505688 0.823092384 -3.171114925
v -1.097505688 0.823092384 -3.171114925
v -1.097505635 0.823092407 -3.171114911
v -1.097505688 0.823092384 -3.171114925
v -1.097505688 0.823092384 -3.171114925
v -1.097505688 0.823092384 -3.171114925
v -1.097505675 0.823092389 -3.171114921
v -1.097505688 0.823092384 -3.171114925
v -1.097505688 0.823092384 -3.171114925
v -1.097505660 0.823092396 -3.171114917
v -1.097505687 0.823092384 -3.171114924
v -1.097505688 0.823092384 -3.171114925
v -1.097505688 0.823092384 -3.171114925
v -1.097505642 0.823092404 -3.171114913
v -1.097505671 0.823092391 -3.171114920
v -1.097505632 0.823092408 -3.171114910
v -1.097505687 0.823092384 -3.171114924
v -1.097505636 0.823092406 -3.171114911
v -1.097505642 0.823092404 -3.171114913
v -1.097505598 0.823092422 -3.171114901
v -1.097505648 0.823092401 -3.171114914
v -1.097505392 0.823092510 -3.171114848
v -1.097505392 0.823092510 -3.171114848
v -1.097505589 0.823092426 -3.171114899
v -1.097505663 0.823092395 -3.171114918
v -1.097505630 0.823092409 -3.171114910
v -1.097505576 0.823092432 -3.171114895
v -1.097505562 0.823092438 -3.171114892
v -1.097505571 0.823092434 -3.171114894
v -0.423342774 1.343246705 -3.906129975
v -1.097505464 0.823092479 -3.171114867
v -1.097505442 0.823092489 -3.171114861
v -1.097505392 0.823092510 -3.171114848
v -0.423342774 1.343246705 -3.906129975
v -0.422403243 1.348106446 -3.905122400
v -0.423342774 1.343246705 -3.906129975
v -0.423342774 1.343246705 -3.906129975
v -0.422403243 1.348106446 -3.905122400
v -0.423342774 1.343246705 -3.906129975
v -0.423342774 1.343246705 -3.906129975
v -0.423342774 1.343246705 -3.906129975
v -0.423342774 1.343246705 -3.906129975
v -0.423342774 1.343246705 -3.906129975
v -0.423342774 1.343246705 -3.906129975
v -0.423342774 1.343246705 -3.906129975
v -0.423342774 1.343246705 -3.906129975
v -0.423342774 1.343246705 -3.906129975
v -0.423342774 1.343246705 -3.906129975
v -0.423342774 1.343246705 -3.906129975
v -1.097505688 0.823092384 -3.171114925
v -1.097505688 0.823092384 -3.171114925
v -1.097505688 0.823092384 -3.171114925
v -1.097505688 0.823092384 -3.171114925
v -1.097505688 0.823092384 -3.171114925
v -1.097505688 0.823092384 -3.171114925
v -0.422403243 1.348106446 -3.905122400
v -1.097505688 0.823092384 -3.171114925
v -1.097505688 0.823092384 -3.171114925
v -1.097505399 0.823092507 -3.171114850
v -1.097505392 0.823092510 -3.171114848
v -1.097505392 0.823092510 -3.171114848
v -1.097505392 0.823092510 -3.171114848
v -1.097505392 0.823092510 -3.171114848
v -1.097505392 0.823092510 -3.171114848
v -1.097505392 0.823092510 -3.171114848
v -1.097505688 0.823092384 -3.171114925
v -1.097505688 0.823092384 -3.171114925
v -1.097505465 0.823092479 -3.171114867
v -1.097505413 0.823092501 -3.171114853
v -1.097505688 0.823092384 -3.171114925
v -1.097505688 0.823092384 -3.171114925
v -1.097505688 0.823092384 -3.171114925
v -1.097505688 0.823092384 -3.171114925
v -1.097505392 0.823092510 -3.171114848
v -1.097505394 0.823092509 -3.171114849
v -1.097505688 0.823092384 -3.171114925
v -0.422403102 1.348106478 -3.905122186
v -1.097505625 0.823092411 -3.171114908
v -1.097505622 0.823092412 -3.171114907
v -1.097505688 0.823092384 -3.171114925
v -1.097505648 0.823092401 -3.171114914
v -1.097505688 0.823092384 -3.171114925
v -1.097505688 0.823092384 -3.171114925
v -1.097505688 0.823092384 -3.171114925
v -0.422403243 1.348106446 -3.905122400
v -0.422403243 1.348106446 -3.905122400
v -0.422403243 1.348106446 -3.905122400
v -0.422403243 1.348106446 -3.905122400
v -0.422403243 1.348106446 -3.905122400
v -1.097505673 0.823092390 -3.171114921
v -1.097505677 0.823092389 -3.171114922
v -1.097505569 0.823092435 -3.171114894
v -1.097505558 0.823092439 -3.171114891
v -1.097505643 0.823092403 -3.171114913
v -1.097505649 0.823092401 -3.171114914
v -0.422403224 1.348106451 -3.905122371
v -0.422403243 1.348106446 -3.905122400
v -0.422403243 1.348106446 -3.905122400
v -0.422403243 1.348106446 -3.905122400
v -0.422403243 1.348106446 -3.905122400
v -0.422403243 1.348106446 -3.905122400
v -0.422403243 1.348106446 -3.905122400
v -0.423342774 1.343246705 -3.906129975
v -0.423342774 1.343246705 -3.906129975
v -0.423342774 1.343246705 -3.906129975
v -0.423342774 1.343246705 -3.906129975
v -0.423342774 1.343246705 -3.906129975
v -0.423342774 1.343246705 -3.906129975
v -0.423342774 1.343246705 -3.906129975
v -0.423342774 1.343246705 -3.906129975
v -0.423342774 1.343246705 -3.906129975
v -0.423342774 1.343246705 -3.906129975
v -0.423342774 1.343246705 -3.906129975
v -0.423342774 1.343246705 -3.906129975
v -0.423342774 1.343246705 -3.906129975
v -0.423342774 1.343246705 -3.906129975
v -0.423342774 1.343246705 -3.906129975
v -0.423342774 1.343246705 -3.906129975
v -0.423342774 1.343246705 -3.906129975
v -0.423342774 1.343246705 -3.906129975
v -0.423342774 1.343246705 -3.906129975
v -1.097505392 0.823092510 -3.171114848
v -1.097505392 0.823092510 -3.171114848
v -1.097505653 0.823092399 -3.171114916
v -1.097505614 0.823092416 -3.171114905
v -0.423342774 1.343246705 -3.906129975
v -0.422403243 1.348106446 -3.905122400
v -0.423342774 1.343246705 -3.906129975
v -0.423342774 1.343246705 -3.906129975
v -0.423342774 1.343246705 -3.906129975
v -0.423342774 1.343246705 -3.906129975
v -0.423342774 1.343246705 -3.906129975
v -1.097505688 0.823092384 -3.171114925
v -1.097505688 0.823092384 -3.171114925
v -1.097505688 0.823092384 -3.171114925
v -1.097505392 0.823092510 -3.171114848
v -1.097505445 0.823092487 -3.171114862
v -1.097505392 0.823092510 -3.171114848
v -1.097505392 0.823092510 -3.171114848
v -1.097505392 0.823092510 -3.171114848
v -1.097505392 0.823092510 -3.171114848
v -0.423342774 1.343246705 -3.906129975
v -0.423342774 1.343246705 -3.906129975
v -0.423342774 1.343246705 -3.906129975
v -0.423342774 1.343246705 -3.906129975
v -0.423342774 1.343246705 -3.906129975
v -0.423342774 1.343246705 -3.906129975
v -0.423342774 1.343246705 -3.906129975
v -0.422403102 1.348106478 -3.905122186
v -0.421952854 1.342992458 -3.905064258
v -0.422403102 1.348106478 -3.905122186
v -0.422403102 1.348106478 -3.905122186
v -0.422403102 1.348106478 -3.905122186
v -0.422403102 1.348106478 -3.905122186
v -0.422403102 1.348106478 -3.905122186
v -0.422272671 1.343413025 -3.905086868
v -0.424493256 1.347451120 -3.904932982
v -0.423998819 1.346957768 -3.904865711
v -0.424521825 1.347861959 -3.905123156
v -0.429033743 1.354764047 -3.904840887
v -0.424518150 1.347892829 -3.905137073
v -0.429478049 1.355457576 -3.904757681
v -0.443012720 1.376334993 -3.903525546
v -0.422403102 1.348106478 -3.905122186
v -0.422403102 1.348106478 -3.905122186
v -0.422403102 1.348106478 -3.905122186
v -0.422403102 1.348106478 -3.905122186
v -1.097505392 0.823092510 -3.171114848
v -1.097505392 0.823092510 -3.171114848
v -1.097505392 0.823092510 -3.171114848
v -0.422403170 1.348106463 -3.905122289
v -0.422403239 1.348106447 -3.905122394
v -0.422403243 1.348106446 -3.905122400
v -0.422403102 1.348106478 -3.905122186
v -1.097505392 0.823092510 -3.171114848
v -1.097505392 0.823092510 -3.171114848
v -0.423342633 1.343246738 -3.906129761
v -0.423342633 1.343246738 -3.906129761
v -0.423342633 1.343246738 -3.906129761
v -0.423342633 1.343246738 -3.906129761
v -0.423342774 1.343246705 -3.906129975
v -0.423342633 1.343246738 -3.906129761
v -0.423342633 1.343246738 -3.906129761
v -0.423342633 1.343246738 -3.906129761
v -0.423342633 1.343246738 -3.906129761
v -0.422403109 1.348106477 -3.905122197
v -0.423342633 1.343246738 -3.906129761
v -0.423342633 1.343246738 -3.906129761
v -0.422403125 1.348106473 -3.905122221
v -0.423342633 1.343246738 -3.906129761
v -0.423342633 1.343246738 -3.906129761
v -0.423342633 1.343246738 -3.906129761
v -0.423342633 1.343246738 -3.906129761
v -0.423342633 1.343246738 -3.906129761
v -0.423342633 1.343246738 -3.906129761
v -0.423342633 1.343246738 -3.906129761
v -0.423342633 1.343246738 -3.906129761
v -0.423342633 1.343246738 -3.906129761
v -0.423342633 1.343246738 -3.906129761
v -0.423342633 1.343246738 -3.906129761
v -0.423342633 1.343246738 -3.906129761
v -0.423342633 1.343246738 -3.906129761
v -0.423342633 1.343246738 -3.906129761
v -0.423342633 1.343246738 -3.906129761
v -0.423342774 1.343246705 -3.906129975
v -0.422403236 1.348106448 -3.905122389
v -0.422403232 1.348106449 -3.905122383
v -0.422403102 1.348106478 -3.905122186
v -0.422403125 1.348106473 -3.905122221
v -0.422403243 1.348106446 -3.905122400
v -0.422403102 1.348106478 -3.905122186
v -0.422403102 1.348106478 -3.905122186
v -0.422403243 1.348106446 -3.905122400
v -0.423342774 1.343246705 -3.906129975
v -0.423342774 1.343246705 -3.906129975
v -0.422403102 1.348106478 -3.905122186
v -0.422403102 1.348106478 -3.905122186
v -0.422403102 1.348106478 -3.905122186
v -0.422403102 1.348106478 -3.905122186
v -0.423342633 1.343246738 -3.906129761
v -0.423342633 1.343246738 -3.906129761
v -0.423342633 1.343246738 -3.906129761
v -0.423342633 1.343246738 -3.906129761
v -0.423342774 1.343246705 -3.906129975
v -0.423342774 1.343246705 -3.906129975
v -0.423342774 1.343246705 -3.906129975
v -0.422403102 1.348106478 -3.905122186
v -0.422403102 1.348106478 -3.905122186
v -0.422403102 1.348106478 -3.905122186
v -0.422403102 1.348106478 -3.905122186
v -0.422403102 1.348106478 -3.905122186
v -0.422403102 1.348106478 -3.905122186
v -0.422403102 1.348106478 -3.905122186
v -0.422403102 1.348106478 -3.905122186
v -0.423342633 1.343246738 -3.906129761
v -0.423342633 1.343246738 -3.906129761
v -0.422403102 1.348106478 -3.905122186
v -0.423342633 1.343246738 -3.906129761
v -0.422403102 1.348106478 -3.905122186
v -0.423342633 1.343246738 -3.906129761
v -0.423342633 1.343246738 -3.906129761
v -0.423342633 1.343246738 -3.906129761
v -0.423342633 1.343246738 -3.906129761
v -0.423342633 1.343246738 -3.906129761
v -0.423342633 1.343246738 -3.906129761
v -0.422403183 1.348106460 -3.905122309
v -0.423342633 1.343246738 -3.906129761
v -0.423342633 1.343246738 -3.906129761
v -0.423342633 1.343246738 -3.906129761
v -0.423342633 1.343246738 -3.906129761
v -0.423342633 1.343246738 -3.906129761
v -0.423342633 1.343246738 -3.906129761
v -0.423342633 1.343246738 -3.906129761
v -0.423342633 1.343246738 -3.906129761
v -0.423342633 1.343246738 -3.906129761
v -0.423342633 1.343246738 -3.906129761
v -0.423342633 1.343246738 -3.906129761
v -0.423342633 1.343246738 -3.906129761
v -0.423342633 1.343246738 -3.906129761
v -0.423342633 1.343246738 -3.906129761
v -0.423342633 1.343246738 -3.906129761
v -0.422403167 1.348106463 -3.905122285
v -0.422403171 1.348106463 -3.905122291
v -0.423342633 1.343246738 -3.906129761
v -0.422403106 1.348106477 -3.905122192
v -0.423342633 1.343246738 -3.906129761
v -0.423342633 1.343246738 -3.906129761
v -0.423342633 1.343246738 -3.906129761
v -0.423342633 1.343246738 -3.906129761
v -0.423342633 1.343246738 -3.906129761
v -0.423342633 1.343246738 -3.906129761
v -0.423342633 1.343246738 -3.906129761
v -0.423342633 1.343246738 -3.906129761
v -0.423342633 1.343246738 -3.906129761
v -0.423342633 1.343246738 -3.906129761
v -0.422403102 1.348106478 -3.905122186
v -0.423342633 1.343246738 -3.906129761
v -0.422403102 1.348106478 -3.905122186
v -0.422403102 1.348106478 -3.905122186
v -0.422403102 1.348106478 -3.905122186
v -0.423342633 1.343246738 -3.906129761
v -0.422403102 1.348106478 -3.905122186
v -0.422403102 1.348106478 -3.905122186
v -0.422403102 1.348106478 -3.905122186
v -0.422403102 1.348106478 -3.905122186
v -0.422403102 1.348106478 -3.905122186
v -0.423342774 1.343246705 -3.906129975
v -0.423342774 1.343246705 -3.906129975
v -0.423342774 1.343246705 -3.906129975
v -0.422403105 1.348106478 -3.905122190
v -0.422403102 1.348106478 -3.905122186
v -0.422403102 1.348106478 -3.905122186
v -0.423342774 1.343246705 -3.906129975
v -0.422403102 1.348106478 -3.905122186
v -0.423342774 1.343246705 -3.906129975
v -0.423342774 1.343246705 -3.906129975
v -0.423342774 1.343246705 -3.906129975
v -0.423342774 1.343246705 -3.906129975
v -0.423342774 1.343246705 -3.906129975
v -0.423342774 1.343246705 -3.906129975
v -0.423342774 1.343246705 -3.906129975
v -0.423342774 1.343246705 -3.906129975
v -0.422403102 1.348106478 -3.905122186
v -0.422403102 1.348106478 -3.905122186
v -0.422403102 1.348106478 -3.905122186
v -0.422403102 1.348106478 -3.905122186
v -0.422403102 1.348106478 -3.905122186
v -0.423342633 1.343246738 -3.906129761
v -0.422403102 1.348106478 -3.905122186
v -0.422403102 1.348106478 -3.905122186
v -0.422403102 1.348106478 -3.905122186
v -0.423342774 1.343246705 -3.906129975
v -0.423342774 1.343246705 -3.906129975
v -0.423342774 1.343246705 -3.906129975
v -0.423342774 1.343246705 -3.906129975
v -0.423342633 1.343246738 -3.906129761
v -0.423342633 1.343246738 -3.906129761
v -0.423342633 1.343246738 -3.906129761
v -0.423342633 1.343246738 -3.906129761
v -0.422403183 1.348106460 -3.905122309
v -0.423342633 1.343246738 -3.906129761
v -0.423342633 1.343246738 -3.906129761
v -0.423342633 1.343246738 -3.906129761
v -0.423342633 1.343246738 -3.906129761
v -0.423342633 1.343246738 -3.906129761
v -0.423342633 1.343246738 -3.906129761
v -0.422403133 1.348106471 -3.905122234
v -0.422403172 1.348106462 -3.905122291
v -0.422403102 1.348106478 -3.905122186
v -0.422403102 1.348106478 -3.905122186
v -0.422403102 1.348106478 -3.905122186
v -0.422403102 1.348106478 -3.905122186
v -0.422403102 1.348106478 -3.905122186
v -0.423342774 1.343246705 -3.906129975
v -0.423342774 1.343246705 -3.906129975
v -0.423342774 1.343246705 -3.906129975
v -0.422403102 1.348106478 -3.905122186
v -0.423342633 1.343246738 -3.906129761
v -0.423342633 1.343246738 -3.906129761
v -0.423342633 1.343246738 -3.906129761
v -0.423342633 1.343246738 -3.906129761
v -0.422403221 1.348106451 -3.905122367
v -0.423342633 1.343246738 -3.906129761
v -0.423342633 1.343246738 -3.906129761
v -0.423342633 1.343246738 -3.906129761
v -0.423342633 1.343246738 -3.906129761
v -0.423342633 1.343246738 -3.906129761
v -0.422403163 1.348106464 -3.905122278
v -0.423342633 1.343246738 -3.906129761
v -0.423342774 1.343246705 -3.906129975
v -0.423342774 1.343246705 -3.906129975
v -0.423342774 1.343246705 -3.906129975
v -0.422403102 1.348106478 -3.905122186
v -0.422403102 1.348106478 -3.905122186
v -0.422403102 1.348106478 -3.905122186
v -0.422403102 1.348106478 -3.905122186
v -0.422403102 1.348106478 -3.905122186
v -0.422403102 1.348106478 -3.905122186
v -0.422403102 1.348106478 -3.905122186
v -0.422403102 1.348106478 -3.905122186
v -0.422403102 1.348106478 -3.905122186
v -0.423342633 1.343246738 -3.906129761
v -0.422403102 1.348106478 -3.905122186
v -0.423342774 1.343246705 -3.906129975
v -0.423342774 1.343246705 -3.906129975
v -0.423342774 1.343246705 -3.906129975
v -0.423342774 1.343246705 -3.906129975
v -0.423342774 1.343246705 -3.906129975
v -0.423342774 1.343246705 -3.906129975
v -0.423342774 1.343246705 -3.906129975
v -0.423342633 1.343246738 -3.906129761
v -0.423342633 1.343246738 -3.906129761
v -0.423342633 1.343246738 -3.906129761
v -0.423342633 1.343246738 -3.906129761
v -0.423342633 1.343246738 -3.906129761
v -0.423342633 1.343246738 -3.906129761
v -0.423342633 1.343246738 -3.906129761
v -0.423342633 1.343246738 -3.906129761
v -0.423342633 1.343246738 -3.906129761
v -0.423342633 1.343246738 -3.906129761
v -0.423342774 1.343246705 -3.906129975
v -0.423342774 1.343246705 -3.906129975
v -0.423342774 1.343246705 -3.906129975
v -0.423342774 1.343246705 -3.906129975
v -0.423342774 1.343246705 -3.906129975
v -0.423342774 1.343246705 -3.906129975
v -0.423342774 1.343246705 -3.906129975
v -0.423342774 1.343246705 -3.906129975
v -0.423342774 1.343246705 -3.906129975
v -0.423342774 1.343246705 -3.906129975
v -0.423342774 1.343246705 -3.906129975
v -0.423342774 1.343246705 -3.906129975
v -0.423342774 1.343246705 -3.906129975
v -0.423342774 1.343246705 -3.906129975
v -0.423342774 1.343246705 -3.906129975
v -0.423342774 1.343246705 -3.906129975
v -0.423342774 1.343246705 -3.906129975
v -0.423342774 1.343246705 -3.906129975
v -0.423342774 1.343246705 -3.906129975
v -0.423342774 1.343246705 -3.906129975
v -0.423342774 1.343246705 -3.906129975
v -0.423342774 1.343246705 -3.906129975
v -0.423342774 1.343246705 -3.906129975
v -0.422403172 1.348106462 -3.905122292
v -0.422403102 1.348106478 -3.905122186
v -0.422403106 1.348106477 -3.905122192
v -0.423342633 1.343246738 -3.906129761
v -0.423342633 1.343246738 -3.906129761
v -0.423342633 1.343246738 -3.906129761
v -0.423342633 1.343246738 -3.906129761
v -0.423342633 1.343246738 -3.906129761
v -0.423342774 1.343246705 -3.906129975
v -0.422403102 1.348106478 -3.905122186
v -0.422403102 1.348106478 -3.905122186
v -0.422403102 1.348106478 -3.905122186
v -0.423342774 1.343246705 -3.906129975
v -0.423342774 1.343246705 -3.906129975
v -0.423342774 1.343246705 -3.906129975
v -0.423342774 1.343246705 -3.906129975
v -0.423342774 1.343246705 -3.906129975
v -0.423342774 1.343246705 -3.906129975
v -0.423342774 1.343246705 -3.906129975
v -0.423342774 1.343246705 -3.906129975
v -0.423342774 1.343246705 -3.906129975
v -0.423342774 1.343246705 -3.906129975
v -0.423342774 1.343246705 -3.906129975
v -0.423342774 1.343246705 -3.906129975
v -0.423342774 1.343246705 -3.906129975
v -0.422403102 1.348106478 -3.905122186
v -0.423342774 1.343246705 -3.906129975
v -0.423342774 1.343246705 -3.906129975
v -0.423342774 1.343246705 -3.906129975
v -0.423342774 1.343246705 -3.906129975
v -0.423342774 1.343246705 -3.906129975
v -0.423342774 1.343246705 -3.906129975
v -0.423342774 1.343246705 -3.906129975
v -0.423342774 1.343246705 -3.906129975
v -0.423342774 1.343246705 -3.906129975
v -0.423342774 1.343246705 -3.906129975
v -0.423342774 1.343246705 -3.906129975
v -0.423342774 1.343246705 -3.906129975
v -0.423342774 1.343246705 -3.906129975
v -0.423342774 1.343246705 -3.906129975
v -0.423342774 1.343246705 -3.906129975
v -0.423342774 1.343246705 -3.906129975
v -0.423342774 1.343246705 -3.906129975
v -0.423342774 1.343246705 -3.906129975
v -0.423342774 1.343246705 -3.906129975
v -0.423342774 1.343246705 -3.906129975
v -0.423342774 1.343246705 -3.906129975
v -0.423342774 1.343246705 -3.906129975
v -0.423342774 1.343246705 -3.906129975
v -0.423342774 1.343246705 -3.906129975
v -0.423342774 1.343246705 -3.906129975
v -0.423342774 1.343246705 -3.906129975
v -0.423342774 1.343246705 -3.906129975
v -0.423342774 1.343246705 -3.906129975
v -0.423342774 1.343246705 -3.906129975
v -0.423342774 1.343246705 -3.906129975
v -0.423342774 1.343246705 -3.906129975
v -0.423342774 1.343246705 -3.906129975
v -0.423342774 1.343246705 -3.906129975
v -0.423342774 1.343246705 -3.906129975
v -0.423342774 1.343246705 -3.906129975
v -0.423342774 1.343246705 -3.906129975
v -0.423342774 1.343246705 -3.906129975
v -0.423342774 1.343246705 -3.906129975
v -0.423342774 1.343246705 -3.906129975
v -0.423342774 1.343246705 -3.906129975
v -0.423342774 1.343246705 -3.906129975
v -0.423342774 1.343246705 -3.906129975
v -0.423342774 1.343246705 -3.906129975
v -0.423342774 1.343246705 -3.906129975
v -0.423342774 1.343246705 -3.906129975
v -0.422403243 1.348106446 -3.905122400
v -0.423342774 1.343246705 -3.906129975
v -0.422403243 1.348106446 -3.905122400
v -0.423342774 1.343246705 -3.906129975
v -0.422403243 1.348106446 -3.905122400
v -0.422403243 1.348106446 -3.905122400
v -0.422403243 1.348106446 -3.905122400
v -0.422403243 1.348106446 -3.905122400
v -0.422403243 1.348106446 -3.905122400
v -0.422403243 1.348106446 -3.905122400
v -0.422403243 1.348106446 -3.905122400
v -0.422403243 1.348106446 -3.905122400
v -0.422403217 1.348106436 -3.905122413
v -0.422403243 1.348106446 -3.905122400
v -0.422403218 1.348106437 -3.905122413
v -0.422403243 1.348106446 -3.905122400
v -0.422403243 1.348106446 -3.905122400
v -0.422403243 1.348106446 -3.905122400
v -0.422403243 1.348106446 -3.905122400
v -0.422403243 1.348106446 -3.905122400
v -0.422403243 1.348106446 -3.905122400
v -0.422403102 1.348106478 -3.905122186
v -0.422403102 1.348106478 -3.905122186
v -0.422403243 1.348106446 -3.905122400
v -0.422403102 1.348106478 -3.905122186
v -0.422403126 1.348106473 -3.905122223
v -0.422403109 1.348106477 -3.905122197
v -0.422403105 1.348106478 -3.905122190
v -0.422403116 1.348106475 -3.905122207
v -0.422403236 1.348106444 -3.905122401
v -0.423342774 1.343246705 -3.906129975
v -0.422403222 1.348106451 -3.905122369
v -0.422403185 1.348106459 -3.905122312
v -0.422403221 1.348106451 -3.905122367
v -0.422403183 1.348106460 -3.905122309
v -0.422403233 1.348106448 -3.905122385
v -0.422403193 1.348106458 -3.905122323
v -0.422403188 1.348106459 -3.905122317
v -0.422403231 1.348106449 -3.905122382
v -0.422403237 1.348106448 -3.905122391
v -0.422403102 1.348106478 -3.905122186
v -0.423342774 1.343246705 -3.906129975
v -0.423342774 1.343246705 -3.906129975
v -0.423342774 1.343246705 -3.906129975
v -0.423342774 1.343246705 -3.906129975
v -0.423342774 1.343246705 -3.906129975
v -0.423342774 1.343246705 -3.906129975
v -0.423342774 1.343246705 -3.906129975
v -0.423342774 1.343246705 -3.906129975
v -0.423342774 1.343246705 -3.906129975
v -0.423342774 1.343246705 -3.906129975
v -0.423342774 1.343246705 -3.906129975
v -0.423342774 1.343246705 -3.906129975
v -0.423342774 1.343246705 -3.906129975
v -0.423342774 1.343246705 -3.906129975
v -0.423342774 1.343246705 -3.906129975
v -0.423342774 1.343246705 -3.906129975
v -0.423342774 1.343246705 -3.906129975
v -0.423342633 1.343246738 -3.906129761
v -0.423342633 1.343246738 -3.906129761
v -0.423342633 1.343246738 -3.906129761
v -0.423342633 1.343246738 -3.906129761
v -0.423342633 1.343246738 -3.906129761
v -0.423342633 1.343246738 -3.906129761
v -0.423342633 1.343246738 -3.906129761
v -0.423342633 1.343246738 -3.906129761
v -0.423342633 1.343246738 -3.906129761
v -0.423342633 1.343246738 -3.906129761
v -0.423342633 1.343246738 -3.906129761
v -0.423342633 1.343246738 -3.906129761
v -0.423342633 1.343246738 -3.906129761
v -0.423342633 1.343246738 -3.906129761
v -0.423342633 1.343246738 -3.906129761
v -0.423342633 1.343246738 -3.906129761
v -0.423342633 1.343246738 -3.906129761
v -0.423342633 1.343246738 -3.906129761
v -0.423342633 1.343246738 -3.906129761
v -0.423342633 1.343246738 -3.906129761
v -0.423342633 1.343246738 -3.906129761
v -0.423342633 1.343246738 -3.906129761
v -0.423342633 1.343246738 -3.906129761
v -0.423342633 1.343246738 -3.906129761
v -0.423342633 1.343246738 -3.906129761
v -0.423342633 1.343246738 -3.906129761
v -0.423342633 1.343246738 -3.906129761
v -0.423342633 1.343246738 -3.906129761
v -0.423342633 1.343246738 -3.906129761
v -0.423342633 1.343246738 -3.906129761
v -0.423342633 1.343246738 -3.906129761
v -0.423342633 1.343246738 -3.906129761
v -0.423342633 1.343246738 -3.906129761
v -0.423342633 1.343246738 -3.906129761
v -0.423342633 1.343246738 -3.906129761
v -0.423342633 1.343246738 -3.906129761
v -0.423342633 1.343246738 -3.906129761
v -0.423342633 1.343246738 -3.906129761
v -0.423342633 1.343246738 -3.906129761
v -0.423342633 1.343246738 -3.906129761
v -0.423342633 1.343246738 -3.906129761
v -0.423342633 1.343246738 -3.906129761
v -0.423342633 1.343246738 -3.906129761
v -0.423342633 1.343246738 -3.906129761
v -0.423342633 1.343246738 -3.906129761
v -0.423342633 1.343246738 -3.906129761
v -0.423342633 1.343246738 -3.906129761
v -0.423342633 1.343246738 -3.906129761
v -0.423342633 1.343246738 -3.906129761
v -0.423342633 1.343246738 -3.906129761
v -0.423342633 1.343246738 -3.906129761
v -0.423342633 1.343246738 -3.906129761
v -0.423342633 1.343246738 -3.906129761
v -0.423342633 1.343246738 -3.906129761
v -0.423342633 1.343246738 -3.906129761
v -0.423342633 1.343246738 -3.906129761
v -0.423342633 1.343246738 -3.906129761
v -0.423342633 1.343246738 -3.906129761
v -0.423342633 1.343246738 -3.906129761
v -0.423342633 1.343246738 -3.906129761
v -0.423342633 1.343246738 -3.906129761
v -0.423342633 1.343246738 -3.906129761
v -0.423342633 1.343246738 -3.906129761
v -0.423342633 1.343246738 -3.906129761
v -0.423342633 1.343246738 -3.906129761
v -0.423342633 1.343246738 -3.906129761
v -0.423342633 1.343246738 -3.906129761
v -0.423342633 1.343246738 -3.906129761
v -0.423342633 1.343246738 -3.906129761
v -0.423342633 1.343246738 -3.906129761
v -0.423342633 1.343246738 -3.906129761
v -0.423342633 1.343246738 -3.906129761
v -0.423342633 1.343246738 -3.906129761
v -0.423342774 1.343246705 -3.906129975
v -0.423342774 1.343246705 -3.906129975
v -0.423342774 1.343246705 -3.906129975
v -0.423342774 1.343246705 -3.906129975
v -0.422403193 1.348106458 -3.905122323
v -0.422403236 1.348106448 -3.905122389
v -0.422403217 1.348106437 -3.905122413
v -0.422403183 1.348106460 -3.905122309
v -0.422403185 1.348106459 -3.905122312
v -0.422403105 1.348106478 -3.905122190
v -0.422403243 1.348106446 -3.905122400
v -0.422403243 1.348106446 -3.905122400
v -0.423342774 1.343246705 -3.906129975
v -0.423342774 1.343246705 -3.906129975
v -0.422403243 1.348106446 -3.905122400
v -0.422403243 1.348106446 -3.905122400
v -0.423342774 1.343246705 -3.906129975
v -0.423342774 1.343246705 -3.906129975
v -0.423342774 1.343246705 -3.906129975
v -0.423342774 1.343246705 -3.906129975
v -0.423342774 1.343246705 -3.906129975
v -0.423342774 1.343246705 -3.906129975
v -0.423342774 1.343246705 -3.906129975
v -0.423342774 1.343246705 -3.906129975
v -0.423342774 1.343246705 -3.906129975
v -0.422403243 1.348106446 -3.905122400
v -0.423342774 1.343246705 -3.906129975
v -0.422403243 1.348106446 -3.905122400
v -0.423342633 1.343246738 -3.906129761
v -0.423342633 1.343246738 -3.906129761
v -0.423342633 1.343246738 -3.906129761
v -0.423342633 1.343246738 -3.906129761
v -0.423342633 1.343246738 -3.906129761
v -0.423342633 1.343246738 -3.906129761
v -0.423342633 1.343246738 -3.906129761
v -0.423342774 1.343246705 -3.906129975
v -0.422403102 1.348106478 -3.905122186
v -0.422403105 1.348106478 -3.905122190
v -0.423342633 1.343246738 -3.906129761
v -0.423342633 1.343246738 -3.906129761
v -0.423342633 1.343246738 -3.906129761
v -0.423342633 1.343246738 -3.906129761
v -0.423342633 1.343246738 -3.906129761
v -1.097669498 0.823112844 -3.171122220
v -1.089702434 0.814529832 -3.170866469
v -1.097679915 0.823128419 -3.171148287
v -1.097505392 0.823092510 -3.171114848
v -1.097505392 0.823092510 -3.171114848
v -1.097505392 0.823092510 -3.171114848
v -1.097505392 0.823092510 -3.171114848
v -1.097505392 0.823092510 -3.171114848
v -1.097423050 0.822780761 -3.170908741
v -1.097402301 0.822708410 -3.170861416
v -1.097476470 0.822993477 -3.171054293
v -1.097578033 0.823065255 -3.171049370
v -1.097505392 0.823092510 -3.171114848
v -1.097505392 0.823092510 -3.171114848
v -1.097505392 0.823092510 -3.171114848
v -1.097505392 0.823092510 -3.171114848
v -1.097505431 0.823092440 -3.171114817
v -1.097505392 0.823092510 -3.171114848
v -1.097505431 0.823092440 -3.171114817
v -1.097505392 0.823092510 -3.171114848
v -1.097505392 0.823092510 -3.171114848
v -1.097505392 0.823092510 -3.171114848
v -1.097505392 0.823092510 -3.171114848
v -1.097505392 0.823092510 -3.171114848
v -1.097505392 0.823092510 -3.171114848
v -1.097505392 0.823092510 -3.171114848
v -1.097505392 0.823092510 -3.171114848
v -1.097505392 0.823092510 -3.171114848
v -1.097505392 0.823092510 -3.171114848
v -1.097505392 0.823092510 -3.171114848
v -1.097505392 0.823092510 -3.171114848
v -1.097505392 0.823092510 -3.171114848
v -1.097505392 0.823092510 -3.171114848
v -1.097505392 0.823092510 -3.171114848
v -1.097505392 0.823092510 -3.171114848
v -1.097505392 0.823092510 -3.171114848
v -1.097505392 0.823092510 -3.171114848
v -1.097497360 0.823058051 -3.171090683
v -1.097505392 0.823092510 -3.171114848
v -1.097505392 0.823092510 -3.171114848
v -1.097500428 0.823076240 -3.171104844
v -1.097505392 0.823092510 -3.171114848
v -1.097505392 0.823092510 -3.171114848
v -0.384855819 1.334859969 -3.902471061
v -1.097505392 0.823092510 -3.171114848
v -1.097505392 0.823092510 -3.171114848
v -1.097505392 0.823092510 -3.171114848
v -0.402465866 1.340119009 -3.903715473
v -1.097505392 0.823092510 -3.171114848
v -1.097502873 0.823084465 -3.171109904
v -1.097505392 0.823092510 -3.171114848
v -1.097505392 0.823092510 -3.171114848
v -1.097505392 0.823092510 -3.171114848
v -1.093673065 0.818792971 -3.171020339
v -1.097505392 0.823092510 -3.171114848
v -1.097505392 0.823092510 -3.171114848
v -1.097505392 0.823092510 -3.171114848
v -1.097505392 0.823092510 -3.171114848
v -1.097505392 0.823092510 -3.171114848
v -1.097505392 0.823092510 -3.171114848
v -1.097458989 0.822893939 -3.170974625
v -1.097505392 0.823092510 -3.171114848
v -1.097505392 0.823092510 -3.171114848
v -1.097505392 0.823092510 -3.171114848
v -1.097505392 0.823092510 -3.171114848
v -1.094371288 0.819636272 -3.171025401
v -1.097507259 0.823078723 -3.171106933
v -1.097583323 0.823114474 -3.171135710
v -1.097508161 0.823086098 -3.171111401
v -0.424210040 1.354467876 -3.905052950
v -0.439202502 1.375971380 -3.905103456
v -0.448663168 1.395660609 -3.905123864
v -0.428042985 1.355999904 -3.905078039
v -1.106079826 0.820164048 -3.169663042
v -1.097505392 0.823092510 -3.171114848
v -1.097505392 0.823092510 -3.171114848
v -1.097505392 0.823092510 -3.171114848
v -1.097505392 0.823092510 -3.171114848
v -1.136526849 0.822524108 -3.162670186
v -1.097505392 0.823092510 -3.171114848
v -1.131268171 0.825002844 -3.165368790
v -1.097505392 0.823092510 -3.171114848
v -1.097505392 0.823092510 -3.171114848
v -1.097505392 0.823092510 -3.171114848
v -1.097505392 0.823092510 -3.171114848
v -1.289906128 0.891388461 -3.122173969
v -1.213845743 0.852845440 -3.146808350
v -1.097505392 0.823092510 -3.171114848
v -1.106113673 0.820152580 -3.169657194
v -1.097505392 0.823092510 -3.171114848
v -1.097505392 0.823092510 -3.171114848
v -1.097505392 0.823092510 -3.171114848
v -0.438111985 1.373866679 -3.905100885
v -0.422517761 1.348825320 -3.905015579
v -0.422462043 1.348761109 -3.905025988
v -0.471499208 1.468297145 -3.905179066
v -1.097505392 0.823092510 -3.171114848
v -1.122501289 0.827808033 -3.167035414
v -1.102083122 0.826468600 -3.169645647
v -1.097505392 0.823092510 -3.171114848
v -1.097505392 0.823092510 -3.171114848
v -1.097505392 0.823092510 -3.171114848
v -0.447914978 1.399255391 -3.905166805
v -0.433096116 1.369804436 -3.905205410
v -0.433857383 1.370012386 -3.904683773
v -0.425059260 1.356588419 -3.905199826
v -0.457699205 1.422939222 -3.905161290
v -0.447444591 1.397659072 -3.905160827
v -0.429642065 1.364381194 -3.905184170
v -0.470563463 1.464443162 -3.905173180
v -0.468659145 1.455982132 -3.905172374
v -0.460493447 1.428964525 -3.905157441
v -0.470577614 1.463922236 -3.905178594
v -0.423108007 1.353960931 -3.905211427
v -0.422383258 1.351945752 -3.905172504
v -0.422498025 1.348501721 -3.905026111
v -0.465035031 1.444179188 -3.905177108
v -0.470306136 1.463547534 -3.905168865
v -0.422777241 1.348295197 -3.905048123
v -0.423378515 1.348649869 -3.905068449
v -0.467696154 1.453548297 -3.905154801
v -0.435788016 1.375371764 -3.905221874
v -0.460187688 1.429645698 -3.905147446
v -0.427149986 1.359009969 -3.904929602
v -0.422346028 1.348537812 -3.905047986
v -0.433636720 1.371593513 -3.905197298
v -0.422445169 1.348700159 -3.905028369
v -0.423602483 1.355110817 -3.905243788
v -0.422798360 1.348936210 -3.905028545
v -0.432156161 1.368547445 -3.905143828
v -0.423305633 1.354642038 -3.905209149
v -0.421374484 1.351801645 -3.905271860
v -0.424216596 1.356125068 -3.905252555
v -0.426504554 1.353379281 -3.905079096
v -0.421693702 1.352285934 -3.905267444
v -0.421375570 1.351804381 -3.905269833
v -0.422316778 1.353084107 -3.905249147
v -0.422279836 1.348658011 -3.905052664
v -0.421701442 1.352284320 -3.905256542
v -1.097505392 0.823092510 -3.171114848
v -1.097505392 0.823092510 -3.171114848
v -1.097505392 0.823092510 -3.171114848
v -1.097505392 0.823092510 -3.171114848
v -1.097505392 0.823092510 -3.171114848
v -1.097505392 0.823092510 -3.171114848
v -1.097505392 0.823092510 -3.171114848
v -1.097505392 0.823092510 -3.171114848
v -1.097505392 0.823092510 -3.171114848
v -1.097505392 0.823092510 -3.171114848
v -1.097505392 0.823092510 -3.171114848
v -1.097505392 0.823092510 -3.171114848
v -1.097505392 0.823092510 -3.171114848
v -1.097505392 0.823092510 -3.171114848
v -1.097505392 0.823092510 -3.171114848
v -1.097505392 0.823092510 -3.171114848
v -1.097505392 0.823092510 -3.171114848
v -1.097505392 0.823092510 -3.171114848
v -1.097505392 0.823092510 -3.171114848
v -1.097505392 0.823092510 -3.171114848
v -1.097505392 0.823092510 -3.171114848
v -1.097505392 0.823092510 -3.171114848
v -1.097505392 0.823092510 -3.171114848
v -0.422403102 1.348106478 -3.905122186
v -0.422403102 1.348106478 -3.905122186
v -0.422403102 1.348106478 -3.905122186
v -0.422403102 1.348106478 -3.905122186
v -0.422403102 1.348106478 -3.905122186
v -0.422403102 1.348106478 -3.905122186
v -0.422403102 1.348106478 -3.905122186
v -1.097505392 0.823092510 -3.171114848
v -1.097505392 0.823092510 -3.171114848
v -1.097505392 0.823092510 -3.171114848
v -1.097505392 0.823092510 -3.171114848
v -1.097505392 0.823092510 -3.171114848
v -1.097505392 0.823092510 -3.171114848
v -0.422403102 1.348106478 -3.905122186
v -0.422403102 1.348106478 -3.905122186
v -1.097505392 0.823092510 -3.171114848
v -1.097505392 0.823092510 -3.171114848
v -1.097505392 0.823092510 -3.171114848
v -1.097505392 0.823092510 -3.171114848
v -1.097505392 0.823092510 -3.171114848
v -1.097505392 0.823092510 -3.171114848
v -1.097505392 0.823092510 -3.171114848
v -1.097505392 0.823092510 -3.171114848
v -1.097505392 0.823092510 -3.171114848
v -1.097505392 0.823092510 -3.171114848
v -1.097505392 0.823092510 -3.171114848
v -1.119321655 0.828103245 -3.165975935
v -1.097505392 0.823092510 -3.171114848
v -1.097505392 0.823092510 -3.171114848
v -1.097505392 0.823092510 -3.171114848
v -1.097504739 0.822931123 -3.170958281
v -1.076307266 0.800991265 -3.170431950
v -1.097527617 0.823085250 -3.171096352
v -1.097523145 0.823097726 -3.171119736
v -1.097505392 0.823092510 -3.171114848
v -1.097505392 0.823092510 -3.171114848
v -1.097505392 0.823092510 -3.171114848
v -1.097505392 0.823092510 -3.171114848
v -1.097505392 0.823092510 -3.171114848
v -1.097505392 0.823092510 -3.171114848
v -1.097619400 0.823123852 -3.171144289
v -1.097581562 0.823092712 -3.171096609
v -0.422403102 1.348106478 -3.905122186
v -0.422406759 1.348107383 -3.905122995
v -0.422403102 1.348106478 -3.905122186
v -1.097505392 0.823092510 -3.171114848
v -1.097505392 0.823092510 -3.171114848
v -1.097505392 0.823092510 -3.171114848
v -1.097505392 0.823092510 -3.171114848
v -1.097505392 0.823092510 -3.171114848
v -1.097505392 0.823092510 -3.171114848
v -1.097505392 0.823092510 -3.171114848
v -1.097505392 0.823092510 -3.171114848
v -1.097505392 0.823092510 -3.171114848
v -1.112820567 0.828286811 -3.168469541
v -1.097505392 0.823092510 -3.171114848
v -1.097505392 0.823092510 -3.171114848
v -1.097505392 0.823092510 -3.171114848
v -1.097505392 0.823092510 -3.171114848
v -1.097505392 0.823092510 -3.171114848
v -1.097505392 0.823092510 -3.171114848
v -1.097491667 0.823031925 -3.171071568
v -1.097499775 0.823066266 -3.171095699
v -1.156721940 0.861904792 -3.161527446
v -0.422404925 1.348106872 -3.905122522
v -1.205281427 0.892633276 -3.144970024
v -1.184478644 0.902362439 -3.151975102
v -0.422404922 1.348106985 -3.905122656
v -0.422404922 1.348106985 -3.905122656
v -1.148198371 0.864553286 -3.163353812
v -0.422403102 1.348106478 -3.905122186
v -0.422403102 1.348106478 -3.905122186
v -0.422403102 1.348106478 -3.905122186
v -0.422403102 1.348106478 -3.905122186
v -0.422403102 1.348106478 -3.905122186
v -0.422020352 1.347931929 -3.905094156
v -1.079733426 0.804334644 -3.170542218
v -1.097484516 0.823007562 -3.171056727
v -1.139810111 0.839252052 -3.161339827
v -1.146445618 0.847538505 -3.159629254
v -1.115237511 0.826975477 -3.166609582
v -1.097505392 0.823092510 -3.171114848
v -1.097505392 0.823092510 -3.171114848
v -1.097505392 0.823092510 -3.171114848
v -1.104266061 0.831171011 -3.169969267
v -1.208645843 0.846722303 -3.149071244
v -1.231657829 0.894468999 -3.139026236
v -1.180535094 0.849322578 -3.155702197
v -1.097505392 0.823092510 -3.171114848
v -0.422403102 1.348106478 -3.905122186
v -1.115168095 0.826959869 -3.166627955
v -1.282715642 0.889852509 -3.123301603
v -1.097505392 0.823092510 -3.171114848
v -1.097505392 0.823092510 -3.171114848
v -1.097505392 0.823092510 -3.171114848
v -1.097505392 0.823092510 -3.171114848
v -0.422403102 1.348106478 -3.905122186
v -0.422403102 1.348106478 -3.905122186
v -1.097505392 0.823092510 -3.171114848
v -0.422403102 1.348106478 -3.905122186
v -1.097505392 0.823092510 -3.171114848
v -1.097505392 0.823092510 -3.171114848
v -1.097505392 0.823092510 -3.171114848
v -1.097505392 0.823092510 -3.171114848
v -1.097505392 0.823092510 -3.171114848
v -1.097505392 0.823092510 -3.171114848
v -1.097505392 0.823092510 -3.171114848
v -1.097505392 0.823092510 -3.171114848
v -1.097505392 0.823092510 -3.171114848
v -1.097505392 0.823092510 -3.171114848
v -0.422403102 1.348106478 -3.905122186
v -0.422403102 1.348106478 -3.905122186
v -0.422403102 1.348106478 -3.905122186
v -0.422403102 1.348106478 -3.905122186
v -0.422403102 1.348106478 -3.905122186
v -1.097505392 0.823092510 -3.171114848
v -1.097505392 0.823092510 -3.171114848
v -1.097505392 0.823092510 -3.171114848
v -1.097505392 0.823092510 -3.171114848
v -1.097505392 0.823092510 -3.171114848
v -1.097505392 0.823092510 -3.171114848
v -0.422403102 1.348106478 -3.905122186
v -1.097505392 0.823092510 -3.171114848
v -0.422403102 1.348106478 -3.905122186
v -0.422403102 1.348106478 -3.905122186
v -0.422403102 1.348106478 -3.905122186
v -0.422403102 1.348106478 -3.905122186
v -0.422403102 1.348106478 -3.905122186
v -0.422403102 1.348106478 -3.905122186
v -0.422403102 1.348106478 -3.905122186
v -0.422403102 1.348106478 -3.905122186
v -0.422403102 1.348106478 -3.905122186
v -0.422403102 1.348106478 -3.905122186
v -0.422403102 1.348106478 -3.905122186
v -0.422403102 1.348106478 -3.905122186
v -0.422403102 1.348106478 -3.905122186
v -1.097505392 0.823092510 -3.171114848
v -0.422403102 1.348106478 -3.905122186
v -1.097505392 0.823092510 -3.171114848
v -1.097505392 0.823092510 -3.171114848
v -1.097505392 0.823092510 -3.171114848
v -0.422403102 1.348106478 -3.905122186
v -0.422403102 1.348106478 -3.905122186
v -0.422403102 1.348106478 -3.905122186
v -0.422403102 1.348106478 -3.905122186
v -0.422403102 1.348106478 -3.905122186
v -1.097505392 0.823092510 -3.171114848
v -1.097505392 0.823092510 -3.171114848
v -1.097505392 0.823092510 -3.171114848
v -1.097505392 0.823092510 -3.171114848
v -0.422403102 1.348106478 -3.905122186
v -1.097505392 0.823092510 -3.171114848
v -0.422403102 1.348106478 -3.905122186
v -1.097505392 0.823092510 -3.171114848
v -0.422403102 1.348106478 -3.905122186
v -0.422403102 1.348106478 -3.905122186
v -0.422403102 1.348106478 -3.905122186
v -1.097505392 0.823092510 -3.171114848
v -0.422403102 1.348106478 -3.905122186
v -1.097505392 0.823092510 -3.171114848
v -1.097505392 0.823092510 -3.171114848
v -1.097505392 0.823092510 -3.171114848
v -1.097505392 0.823092510 -3.171114848
v -1.097505392 0.823092510 -3.171114848
v -0.422403102 1.348106478 -3.905122186
v -0.422403102 1.348106478 -3.905122186
v -0.422403102 1.348106478 -3.905122186
v -0.422403102 1.348106478 -3.905122186
v -0.422403102 1.348106478 -3.905122186
v -0.422403102 1.348106478 -3.905122186
v -1.097505392 0.823092510 -3.171114848
v -0.422403102 1.348106478 -3.905122186
v -1.097505392 0.823092510 -3.171114848
v -0.422403102 1.348106478 -3.905122186
v -0.422403102 1.348106478 -3.905122186
v -1.097505392 0.823092510 -3.171114848
v -1.097505392 0.823092510 -3.171114848
v -1.097505392 0.823092510 -3.171114848
v -1.097505392 0.823092510 -3.171114848
v -1.097505392 0.823092510 -3.171114848
v -1.097505392 0.823092510 -3.171114848
v -1.097505392 0.823092510 -3.171114848
v -1.097505392 0.823092510 -3.171114848
v -1.097505392 0.823092510 -3.171114848
v -1.097505392 0.823092510 -3.171114848
v -1.097505392 0.823092510 -3.171114848
v -1.097505392 0.823092510 -3.171114848
v -1.097505392 0.823092510 -3.171114848
v -1.097505392 0.823092510 -3.171114848
v -1.019336137 0.751188552 -3.168293210
v -1.097574402 0.823079887 -3.171074726
v -1.097610075 0.822994158 -3.170917598
v -1.061478199 0.786859878 -3.169884173
v -1.088007722 0.812736197 -3.170800460
v -1.060914703 0.786329833 -3.169868572
v -1.097532517 0.822782167 -3.170786882
v -1.097599200 0.823008475 -3.170944820
v -1.097500617 0.823075937 -3.171104736
v -1.097505460 0.823092378 -3.171114780
v -1.097505460 0.823092378 -3.171114780
v -1.097505392 0.823092510 -3.171114848
v -1.097490862 0.822763059 -3.170813793
v -1.097481267 0.823010034 -3.171064416
v -1.097505392 0.823092510 -3.171114848
v -1.097505392 0.823092510 -3.171114848
v -1.097505392 0.823092510 -3.171114848
v -1.097500674 0.823075813 -3.171104662
v -1.097505392 0.823092510 -3.171114848
v -1.097505392 0.823092510 -3.171114848
v -0.381173787 1.333807113 -3.901804763
v -1.037347919 0.765741772 -3.169151289
v -0.372991803 1.332133513 -3.901569760
v -0.422031245 1.347935251 -3.905097128
v -0.420940705 1.347431827 -3.905025980
v -0.419831736 1.346928088 -3.904953057
v -1.096717843 0.822229932 -3.171089468
v -1.095133552 0.820499860 -3.171039759
v -1.080551565 0.805241341 -3.170568710
v -0.421290471 1.347595675 -3.905046551
v -1.085477080 0.810281131 -3.170724727
v -1.097505392 0.823092510 -3.171114848
v -1.097505392 0.823092510 -3.171114848
v -1.097505392 0.823092510 -3.171114848
v -1.097505381 0.823092518 -3.171114842
v -1.097508949 0.823093548 -3.171115822
v -1.097505381 0.823092518 -3.171114842
v -1.097505381 0.823092518 -3.171114842
v -1.097505392 0.823092510 -3.171114848
v -1.094356070 0.819652945 -3.171016254
v -1.097505392 0.823092510 -3.171114848
v -1.097505392 0.823092510 -3.171114848
v -1.097505392 0.823092510 -3.171114848
v -1.097505392 0.823092510 -3.171114848
v -1.097505392 0.823092510 -3.171114848
v -1.097505392 0.823092510 -3.171114848
v -1.097505392 0.823092510 -3.171114848
v -1.097505381 0.823092518 -3.171114842
v -1.097505392 0.823092510 -3.171114848
v -1.097505392 0.823092510 -3.171114848
v -1.097505392 0.823092510 -3.171114848
v -1.097505392 0.823092510 -3.171114848
v -1.097505392 0.823092510 -3.171114848
v -1.097505356 0.823092547 -3.171114853
v -1.097505392 0.823092510 -3.171114848
v -1.097508949 0.823093548 -3.171115822
v -1.097508946 0.823093536 -3.171115823
v -1.097537254 0.823101407 -3.171123319
v -1.097505392 0.823092510 -3.171114848
v -1.097505392 0.823092510 -3.171114848
v -0.410527640 1.343067909 -3.904289380
v -0.394628175 1.337590925 -3.903147330
v -1.097505392 0.823092510 -3.171114848
v -1.097505392 0.823092510 -3.171114848
v -1.097505381 0.823092518 -3.171114842
v -1.097505392 0.823092510 -3.171114848
v -1.097505392 0.823092510 -3.171114848
v -1.097505392 0.823092510 -3.171114848
v -1.097505392 0.823092510 -3.171114848
v -1.097514308 0.823095136 -3.171117318
v -1.097505392 0.823092510 -3.171114848
v -1.097505392 0.823092510 -3.171114848
v -1.097505392 0.823092510 -3.171114848
v -1.097516085 0.823095664 -3.171117812
v -1.097507175 0.823093036 -3.171115351
v -1.097505392 0.823092510 -3.171114848
v -1.097505392 0.823092510 -3.171114848
v -1.097505392 0.823092510 -3.171114848
v -1.097505392 0.823092510 -3.171114848
v -0.421649256 1.347761811 -3.905068553
v -1.097505392 0.823092510 -3.171114848
v -1.097500301 0.823076379 -3.171104904
v -1.097497360 0.823058051 -3.171090683
v -1.097505392 0.823092510 -3.171114848
v -1.097503013 0.823084199 -3.171109808
v -0.395330908 1.337806323 -3.903194747
v -0.418593306 1.346398252 -3.904853193
v -0.451114772 1.406063932 -3.905140374
v -0.424855880 1.356313678 -3.905106951
v -1.097505392 0.823092510 -3.171114848
v -1.097505392 0.823092510 -3.171114848
v -1.097505392 0.823092510 -3.171114848
v -1.097505392 0.823092510 -3.171114848
v -1.097505392 0.823092510 -3.171114848
v -0.422403102 1.348106478 -3.905122186
v -0.422403102 1.348106478 -3.905122186
v -0.422403102 1.348106478 -3.905122186
v -1.095157317 0.820506173 -3.171045767
v -1.097508960 0.823093540 -3.171115827
v -1.097505392 0.823092510 -3.171114848
v -1.097505392 0.823092510 -3.171114848
v -1.097505392 0.823092510 -3.171114848
v -1.097505392 0.823092510 -3.171114848
v -0.451630377 1.404002541 -3.905144336
v -0.456128184 1.415181976 -3.905148360
v -0.446633951 1.392652040 -3.905130365
v -0.455068482 1.412436255 -3.905144345
v -0.452592456 1.409347319 -3.905158582
v -0.422289487 1.348482181 -3.905058027
v -0.450299465 1.404137723 -3.905142080
v -0.444257175 1.390632592 -3.905165473
v -0.464449854 1.442926436 -3.905136332
v -0.466189905 1.448507478 -3.905151730
v -0.423197807 1.353663371 -3.905234884
v -0.430409754 1.365143316 -3.905227967
v -0.423212396 1.353587222 -3.905229692
v -0.423255490 1.353592656 -3.905214497
v -0.426299481 1.355069229 -3.905061428
v -0.449771741 1.399664092 -3.905138934
v -0.437057969 1.373535424 -3.905099795
v -0.447045896 1.393531775 -3.905133369
v -0.422903013 1.349701958 -3.905050597
v -0.422683154 1.349600745 -3.905037837
v -0.422398668 1.349319045 -3.905024049
v -0.422302545 1.348937245 -3.905038709
v -0.422280460 1.348636568 -3.905052517
v -0.422381272 1.349410507 -3.905016177
v -0.422289428 1.348728280 -3.905048727
v -0.422281494 1.348644313 -3.905053286
v -0.422283312 1.348610423 -3.905053519
v -0.422730699 1.349616289 -3.905042089
v -0.437165640 1.373766244 -3.905101689
v -0.425711807 1.354136159 -3.905063799
v -0.422612004 1.349351064 -3.905044894
v -0.422287385 1.348496583 -3.905057190
v -0.454500659 1.410351557 -3.905137890
v -0.443934672 1.390046788 -3.905160117
v -0.422289487 1.348482181 -3.905058027
v -0.447559050 1.397569078 -3.905183168
v -0.463257772 1.439170763 -3.905132475
v -0.465688870 1.446870593 -3.905145443
v -0.451764786 1.404295985 -3.905144028
v -0.450148585 1.400502873 -3.905136284
v -0.457262540 1.417410187 -3.905145884
v -0.450734928 1.405071262 -3.905147040
v -0.429155976 1.362877822 -3.905219648
v -0.422148335 1.351249064 -3.905189126
v -0.423775877 1.354617243 -3.905237719
v -0.445225454 1.389667520 -3.905126820
v -0.447865375 1.395325911 -3.905136784
v -0.444878669 1.388949247 -3.905126413
v -0.436617839 1.372717109 -3.905104940
v -0.437172665 1.373750382 -3.905105027
v -0.425429444 1.353728259 -3.905060636
v -0.425702954 1.354128133 -3.905061282
v -0.456335703 1.415735447 -3.905148449
v -0.422287383 1.348496970 -3.905057171
v -0.456944875 1.416600334 -3.905144832
v -0.454198754 1.413269257 -3.905163961
v -0.429248438 1.363086406 -3.905227300
v -0.429124180 1.362828065 -3.905223995
v -0.445979128 1.394197276 -3.905175941
v -0.455789127 1.413624254 -3.905141203
v -0.453775005 1.409122624 -3.905140880
v -0.450941614 1.402350879 -3.905140886
v -0.443007066 1.385080729 -3.905117709
v -0.443860272 1.386800888 -3.905122398
v -1.097505392 0.823092510 -3.171114848
v -0.423217906 1.354339016 -3.905204252
v -0.424033193 1.350063027 -3.905054238
v -0.461424872 1.433495636 -3.905138109
v -0.422403102 1.348106478 -3.905122186
v -0.422403102 1.348106478 -3.905122186
v -0.422403102 1.348106478 -3.905122186
v -0.422403102 1.348106478 -3.905122186
v -0.422403102 1.348106478 -3.905122186
v -0.422403102 1.348106478 -3.905122186
v -0.422403102 1.348106478 -3.905122186
v -0.422403102 1.348106478 -3.905122186
v -0.422403102 1.348106478 -3.905122186
v -0.422403102 1.348106478 -3.905122186
v -0.422403102 1.348106478 -3.905122186
v -0.422403102 1.348106478 -3.905122186
v -0.422403102 1.348106478 -3.905122186
v -0.422403102 1.348106478 -3.905122186
v -0.422403102 1.348106478 -3.905122186
v -0.422401324 1.348106972 -3.905122663
v -0.422401324 1.348107021 -3.905122675
v -0.422403102 1.348106478 -3.905122186
v -0.422403102 1.348106478 -3.905122186
v -0.422403102 1.348106478 -3.905122186
v -0.422403102 1.348106478 -3.905122186
v -0.422403102 1.348106478 -3.905122186
v -0.422403102 1.348106478 -3.905122186
v -0.422403102 1.348106478 -3.905122186
v -0.422403102 1.348106478 -3.905122186
v -0.422403102 1.348106478 -3.905122186
v -0.422403102 1.348106478 -3.905122186
v -0.422403102 1.348106478 -3.905122186
v -0.422403102 1.348106478 -3.905122186
v -0.422403102 1.348106478 -3.905122186
v -0.422403102 1.348106478 -3.905122186
v -0.422403102 1.348106478 -3.905122186
v -0.422403102 1.348106478 -3.905122186
v -0.422403102 1.348106478 -3.905122186
v -0.422403102 1.348106478 -3.905122186
v -0.422403102 1.348106478 -3.905122186
v -0.422403102 1.348106478 -3.905122186
v -0.422403102 1.348106478 -3.905122186
v -0.422403102 1.348106478 -3.905122186
v -1.097505392 0.823092510 -3.171114848
v -0.422403102 1.348106478 -3.905122186
v -0.422403102 1.348106478 -3.905122186
v -0.422403102 1.348106478 -3.905122186
v -0.422403102 1.348106478 -3.905122186
v -0.422403102 1.348106478 -3.905122186
v -0.422403102 1.348106478 -3.905122186
v -0.422403102 1.348106478 -3.905122186
v -0.422403102 1.348106478 -3.905122186
v -0.422403102 1.348106478 -3.905122186
v -0.422403102 1.348106478 -3.905122186
v -0.422403102 1.348106478 -3.905122186
v -0.422403102 1.348106478 -3.905122186
v -0.422403102 1.348106478 -3.905122186
v -0.422403102 1.348106478 -3.905122186
v -0.422403102 1.348106478 -3.905122186
v -0.422399533 1.348107518 -3.905123156
v -0.422403102 1.348106478 -3.905122186
v -0.422881566 1.348725956 -3.905094550
v -1.097505392 0.823092510 -3.171114848
v -0.422403102 1.348106478 -3.905122186
v -1.097505392 0.823092510 -3.171114848
v -0.422403102 1.348106478 -3.905122186
v -1.097505392 0.823092510 -3.171114848
v -1.097505392 0.823092510 -3.171114848
v -0.422403102 1.348106478 -3.905122186
v -0.422403102 1.348106478 -3.905122186
v -0.422403102 1.348106478 -3.905122186
v -0.422403102 1.348106478 -3.905122186
v -0.422403102 1.348106478 -3.905122186
v -0.422403102 1.348106478 -3.905122186
v -0.422403102 1.348106478 -3.905122186
v -0.422403102 1.348106478 -3.905122186
v -0.422403102 1.348106478 -3.905122186
v -0.423342774 1.343246705 -3.906129975
v -0.422403102 1.348106478 -3.905122186
v -0.422403102 1.348106478 -3.905122186
v -0.422403102 1.348106478 -3.905122186
v -0.422171703 1.347673460 -3.905118114
v -0.422395991 1.348108501 -3.905124107
v -0.422401324 1.348106972 -3.905122663
v -0.422870841 1.348726081 -3.905097058
v -0.422403102 1.348106478 -3.905122186
v -0.421186006 1.345966286 -3.905121093
v -0.422421701 1.348017273 -3.905057921
v -0.422410157 1.348070136 -3.905095323
v -0.420479590 1.344681474 -3.905117869
v -0.422405451 1.348098125 -3.905116889
v -0.422405487 1.348098150 -3.905116902
v -0.422403102 1.348106478 -3.905122186
v -0.422403102 1.348106478 -3.905122186
v -0.422403102 1.348106478 -3.905122186
v -0.422403102 1.348106478 -3.905122186
v -0.422403102 1.348106478 -3.905122186
v -0.445526861 1.380990162 -3.903732149
v -0.422403102 1.348106478 -3.905122186
v -0.422403102 1.348106478 -3.905122186
v -0.422403102 1.348106478 -3.905122186
v -0.422403102 1.348106478 -3.905122186
v -0.422403102 1.348106478 -3.905122186
v -0.422403102 1.348106478 -3.905122186
v -0.422403102 1.348106478 -3.905122186
v -0.422403102 1.348106478 -3.905122186
v -0.422403102 1.348106478 -3.905122186
v -0.422403102 1.348106478 -3.905122186
v -0.422403102 1.348106478 -3.905122186
v -0.422403102 1.348106478 -3.905122186
v -0.422403102 1.348106478 -3.905122186
v -0.422403102 1.348106478 -3.905122186
v -0.422403102 1.348106478 -3.905122186
v -0.422403102 1.348106478 -3.905122186
v -0.422403102 1.348106478 -3.905122186
v -0.422403102 1.348106478 -3.905122186
v -0.422403102 1.348106478 -3.905122186
v -0.422403102 1.348106478 -3.905122186
v -0.422403102 1.348106478 -3.905122186
v -0.422403102 1.348106478 -3.905122186
v -0.422403102 1.348106478 -3.905122186
v -0.422403102 1.348106478 -3.905122186
v -0.422403102 1.348106478 -3.905122186
v -0.422403102 1.348106478 -3.905122186
v -0.422403071 1.348106386 -3.905122029
v -0.422405380 1.348098077 -3.905116862
v -0.422403102 1.348106478 -3.905122186
v -0.422407714 1.348089426 -3.905110977
v -0.422403102 1.348106478 -3.905122186
v -0.422403102 1.348106478 -3.905122186
v -0.422403102 1.348106478 -3.905122186
v -0.422403102 1.348106478 -3.905122186
v -0.422403102 1.348106478 -3.905122186
v -0.422403102 1.348106478 -3.905122186
v -0.422403102 1.348106478 -3.905122186
v -0.422403102 1.348106478 -3.905122186
v -0.422403102 1.348106478 -3.905122186
v -0.422403102 1.348106478 -3.905122186
v -0.422403102 1.348106478 -3.905122186
v -0.422403102 1.348106478 -3.905122186
v -0.422403102 1.348106478 -3.905122186
v -0.422403102 1.348106478 -3.905122186
v -0.422403102 1.348106478 -3.905122186
v -0.422403102 1.348106478 -3.905122186
v -0.422403102 1.348106478 -3.905122186
v -0.422403102 1.348106478 -3.905122186
v -0.422403102 1.348106478 -3.905122186
v -0.422403102 1.348106478 -3.905122186
v -0.422403102 1.348106478 -3.905122186
v -0.422403102 1.348106478 -3.905122186
v -0.422403102 1.348106478 -3.905122186
v -1.097505392 0.823092510 -3.171114848
v -1.097505392 0.823092510 -3.171114848
v -0.422403102 1.348106478 -3.905122186
v -0.422403102 1.348106478 -3.905122186
v -0.422403198 1.348106456 -3.905122332
v -0.422403195 1.348106457 -3.905122327
v -0.422403178 1.348106461 -3.905122302
v -0.422403206 1.348106455 -3.905122343
v -0.423342633 1.343246738 -3.906129761
v -0.423342633 1.343246738 -3.906129761
v -0.423342633 1.343246738 -3.906129761
v -0.423342633 1.343246738 -3.906129761
v -0.423342633 1.343246738 -3.906129761
v -0.422403102 1.348106478 -3.905122186
v -0.422403204 1.348106455 -3.905122340
v -0.423342633 1.343246738 -3.906129761
v -0.422403102 1.348106478 -3.905122186
v -0.422403102 1.348106478 -3.905122186
v -0.422403102 1.348106478 -3.905122186
v -0.422401324 1.348106972 -3.905122663
v -1.097505392 0.823092510 -3.171114848
v -0.422403102 1.348106478 -3.905122186
v -0.422403102 1.348106478 -3.905122186
v -0.422403102 1.348106478 -3.905122186
v -0.422403102 1.348106478 -3.905122186
v -0.422403102 1.348106478 -3.905122186
v -0.422403102 1.348106478 -3.905122186
v -0.422403102 1.348106478 -3.905122186
v -1.097505392 0.823092510 -3.171114848
v -1.097505392 0.823092510 -3.171114848
v -1.097505392 0.823092510 -3.171114848
v -1.097505392 0.823092510 -3.171114848
v -1.097505392 0.823092510 -3.171114848
v -1.097505392 0.823092510 -3.171114848
v -1.097505392 0.823092510 -3.171114848
v -1.097505392 0.823092510 -3.171114848
v -1.097505392 0.823092510 -3.171114848
v -1.097505392 0.823092510 -3.171114848
v -1.097505392 0.823092510 -3.171114848
v -1.097505392 0.823092510 -3.171114848
v -1.097505392 0.823092510 -3.171114848
v -0.422403102 1.348106478 -3.905122186
v -0.422403102 1.348106478 -3.905122186
v -0.423346386 1.349344110 -3.905069518
v -0.424779118 1.351201017 -3.904983581
v -0.422403102 1.348106478 -3.905122186
v -0.422403102 1.348106478 -3.905122186
v -0.422403102 1.348106478 -3.905122186
v -0.422403102 1.348106478 -3.905122186
v -0.422403102 1.348106478 -3.905122186
v -0.422403102 1.348106478 -3.905122186
v -0.422403102 1.348106478 -3.905122186
v -0.422403102 1.348106478 -3.905122186
v -0.422403102 1.348106478 -3.905122186
v -0.422403102 1.348106478 -3.905122186
v -0.422403102 1.348106478 -3.905122186
v -0.422403102 1.348106478 -3.905122186
v -0.422403102 1.348106478 -3.905122186
v -1.097505392 0.823092510 -3.171114848
v -1.097505392 0.823092510 -3.171114848
v -1.097505665 0.823092394 -3.171114919
v -1.097505392 0.823092510 -3.171114848
v -0.422403102 1.348106478 -3.905122186
v -1.097505469 0.823092477 -3.171114868
v -0.422403102 1.348106478 -3.905122186
v -0.422403102 1.348106478 -3.905122186
v -0.422403102 1.348106478 -3.905122186
v -0.422403102 1.348106478 -3.905122186
v -0.422403102 1.348106478 -3.905122186
v -0.422403102 1.348106478 -3.905122186
v -1.097505663 0.823092395 -3.171114918
v -1.097505516 0.823092457 -3.171114880
v -1.097505549 0.823092443 -3.171114889
v -1.097505522 0.823092455 -3.171114882
v -1.097505638 0.823092405 -3.171114912
v -1.097505614 0.823092416 -3.171114905
v -1.097505549 0.823092443 -3.171114889
v -1.097505567 0.823092435 -3.171114893
v -1.097505585 0.823092428 -3.171114898
v -1.097505516 0.823092457 -3.171114880
v -1.097505392 0.823092510 -3.171114848
v -1.097505392 0.823092510 -3.171114848
v -1.097505401 0.823092506 -3.171114850
v -1.097505469 0.823092477 -3.171114868
v -0.422403102 1.348106478 -3.905122186
v -0.422403169 1.348106463 -3.905122288
v -1.097505392 0.823092510 -3.171114848
v -0.422403177 1.348106461 -3.905122299
v -1.097505392 0.823092510 -3.171114848
v -1.097505397 0.823092508 -3.171114849
v -1.097505393 0.823092510 -3.171114848
v -1.097505491 0.823092468 -3.171114874
v -0.422403194 1.348106444 -3.905122370
v -1.097505490 0.823092469 -3.171114873
v -1.097505600 0.823092421 -3.171114902
v -1.097505397 0.823092508 -3.171114849
v -1.097505501 0.823092464 -3.171114876
v -1.097505444 0.823092488 -3.171114862
v -1.097505457 0.823092482 -3.171114865
v -0.422403102 1.348106478 -3.905122186
v -0.422403102 1.348106478 -3.905122186
v -0.423342633 1.343246738 -3.906129761
v -0.423342633 1.343246738 -3.906129761
v -0.422403102 1.348106478 -3.905122186
v -0.422403102 1.348106478 -3.905122186
v -0.422403102 1.348106478 -3.905122186
v -0.422403102 1.348106478 -3.905122186
v -0.422403102 1.348106478 -3.905122186
v -1.097505432 0.823092493 -3.171114858
v -0.422403102 1.348106478 -3.905122186
v -1.097505439 0.823092490 -3.171114860
v -1.097505415 0.823092500 -3.171114854
v -0.422403103 1.348106478 -3.905122187
v -1.097505392 0.823092510 -3.171114848
v -1.097505444 0.823092488 -3.171114862
v -1.097505472 0.823092476 -3.171114869
v -0.422403105 1.348106478 -3.905122190
v -0.423342633 1.343246738 -3.906129761
v -0.422403102 1.348106478 -3.905122186
v -0.422403189 1.348106458 -3.905122318
v -0.422403228 1.348106450 -3.905122377
v -0.423342633 1.343246738 -3.906129761
v -0.422403102 1.348106478 -3.905122186
v -0.422403112 1.348106476 -3.905122202
v -0.422403243 1.348106446 -3.905122400
v -0.422403102 1.348106478 -3.905122186
v -0.422403102 1.348106478 -3.905122186
v -0.423342633 1.343246738 -3.906129761
v -0.422403102 1.348106478 -3.905122186
v -0.425261533 1.351837849 -3.904955401
v -0.422403102 1.348106478 -3.905122186
v -0.425721132 1.352466943 -3.904931117
v -0.422403102 1.348106478 -3.905122186
v -0.422403071 1.348106386 -3.905122029
v -0.422407834 1.348089501 -3.905111117
v -0.422159969 1.347651170 -3.905100896
v -0.418213547 1.340881439 -3.905136496
v -0.422403102 1.348106478 -3.905122186
v -0.422403151 1.348106467 -3.905122260
v -0.432000307 1.358572002 -3.904596119
v -0.422403102 1.348106478 -3.905122186
v -0.422403102 1.348106478 -3.905122186
v -0.422403243 1.348106446 -3.905122400
v -0.422403243 1.348106446 -3.905122400
v -0.422403243 1.348106446 -3.905122400
v -0.422403243 1.348106446 -3.905122400
v -0.423342774 1.343246705 -3.906129975
v -0.423342774 1.343246705 -3.906129975
v -0.422403243 1.348106446 -3.905122400
v -0.423342774 1.343246705 -3.906129975
v -0.422403243 1.348106446 -3.905122400
v -0.422403122 1.348106474 -3.905122217
v -0.422403167 1.348106463 -3.905122285
v -0.422403243 1.348106446 -3.905122400
v -1.097505392 0.823092510 -3.171114848
v -1.097505392 0.823092510 -3.171114848
v -0.422403243 1.348106446 -3.905122400
v -0.422403243 1.348106446 -3.905122400
v -0.423342633 1.343246738 -3.906129761
v -0.422403206 1.348106455 -3.905122343
v -0.422403102 1.348106478 -3.905122186
v -0.422403214 1.348106453 -3.905122356
v -0.422403228 1.348106450 -3.905122378
v -0.422403102 1.348106478 -3.905122186
v -0.422403223 1.348106451 -3.905122369
v -0.422403107 1.348106477 -3.905122194
v -0.422403102 1.348106478 -3.905122186
v -0.422403230 1.348106449 -3.905122380
v -0.422403102 1.348106478 -3.905122186
v -0.422403180 1.348106461 -3.905122304
v -0.422403219 1.348106452 -3.905122364
v -0.422403102 1.348106478 -3.905122186
v -0.422403198 1.348106456 -3.905122332
v -0.422403102 1.348106478 -3.905122186
v -0.422403209 1.348106454 -3.905122349
v -0.422403243 1.348106446 -3.905122400
v -0.423342774 1.343246705 -3.906129975
v -0.423342774 1.343246705 -3.906129975
v -0.423342774 1.343246705 -3.906129975
v -0.422403102 1.348106478 -3.905122186
v -0.422403102 1.348106478 -3.905122186
v -0.423342774 1.343246705 -3.906129975
v -0.423342774 1.343246705 -3.906129975
v -0.423342774 1.343246705 -3.906129975
v -0.423342774 1.343246705 -3.906129975
v -0.423342774 1.343246705 -3.906129975
v -0.423342774 1.343246705 -3.906129975
v -0.423342774 1.343246705 -3.906129975
v -0.423342633 1.343246738 -3.906129761
v -0.423342633 1.343246738 -3.906129761
v -0.422403102 1.348106478 -3.905122186
v -0.422403102 1.348106478 -3.905122186
v -0.422403102 1.348106478 -3.905122186
v -0.422403102 1.348106478 -3.905122186
v -0.422403102 1.348106478 -3.905122186
v -0.422403102 1.348106478 -3.905122186
v -0.423342633 1.343246738 -3.906129761
v -0.423342633 1.343246738 -3.906129761
v -0.423342633 1.343246738 -3.906129761
v -0.423342633 1.343246738 -3.906129761
v -0.423342633 1.343246738 -3.906129761
v -0.423342633 1.343246738 -3.906129761
v -0.423342633 1.343246738 -3.906129761
v -0.422403219 1.348106452 -3.905122364
v -0.422403102 1.348106478 -3.905122186
v -1.097505517 0.823092457 -3.171114880
v -0.422403137 1.348106470 -3.905122239
v -0.422403102 1.348106478 -3.905122186
v -0.422403102 1.348106478 -3.905122186
v -0.422403209 1.348106454 -3.905122349
v -0.423342774 1.343246705 -3.906129975
v -0.423342633 1.343246738 -3.906129761
v -0.423342633 1.343246738 -3.906129761
v -0.423342633 1.343246738 -3.906129761
v -0.423342633 1.343246738 -3.906129761
v -0.423342633 1.343246738 -3.906129761
v -0.423342633 1.343246738 -3.906129761
v -0.422403102 1.348106478 -3.905122186
v -0.422403102 1.348106478 -3.905122186
v -0.423342633 1.343246738 -3.906129761
v -0.423342633 1.343246738 -3.906129761
v -0.423342633 1.343246738 -3.906129761
v -0.423342633 1.343246738 -3.906129761
v -0.423342633 1.343246738 -3.906129761
v -0.423342633 1.343246738 -3.906129761
v -0.423342633 1.343246738 -3.906129761
v -0.422403200 1.348106456 -3.905122334
v -0.422403231 1.348106449 -3.905122382
v -0.422403102 1.348106478 -3.905122186
v -0.422403144 1.348106469 -3.905122249
v -0.422403102 1.348106478 -3.905122186
v -0.422403214 1.348106453 -3.905122356
v -0.422403114 1.348106475 -3.905122204
v -0.422403228 1.348106450 -3.905122377
v -0.423342633 1.343246738 -3.906129761
v -0.423342633 1.343246738 -3.906129761
v -0.422403102 1.348106478 -3.905122186
v -0.422403200 1.348106456 -3.905122334
v -0.423342633 1.343246738 -3.906129761
v -0.423342633 1.343246738 -3.906129761
v -0.423342633 1.343246738 -3.906129761
v -0.422403243 1.348106446 -3.905122400
v -0.422403102 1.348106478 -3.905122186
v -0.423342633 1.343246738 -3.906129761
v -0.422403243 1.348106446 -3.905122400
v -0.422403243 1.348106446 -3.905122400
v -0.422403243 1.348106446 -3.905122400
v -0.422403194 1.348106444 -3.905122370
v -0.422403243 1.348106446 -3.905122400
v -0.422403243 1.348106446 -3.905122400
v -0.422403194 1.348106445 -3.905122365
v -0.422403243 1.348106446 -3.905122400
v -0.422403243 1.348106446 -3.905122400
v -0.423342633 1.343246738 -3.906129761
v -0.422403243 1.348106446 -3.905122400
v -0.423342633 1.343246738 -3.906129761
v -0.422403102 1.348106478 -3.905122186
v -0.422403102 1.348106478 -3.905122186
v -0.422403204 1.348106455 -3.905122340
v -0.422403243 1.348106446 -3.905122400
v -0.422403243 1.348106446 -3.905122400
v -0.422403243 1.348106446 -3.905122400
v -0.422403243 1.348106446 -3.905122400
v -0.422403243 1.348106446 -3.905122400
v -0.422403243 1.348106446 -3.905122400
v -0.422403243 1.348106446 -3.905122400
v -0.422403243 1.348106446 -3.905122400
v -0.422403243 1.348106446 -3.905122400
v -0.422403243 1.348106446 -3.905122400
v -0.422403243 1.348106446 -3.905122400
v -0.422403243 1.348106446 -3.905122400
v -0.422403243 1.348106446 -3.905122400
v -0.422403243 1.348106446 -3.905122400
v -0.422403243 1.348106446 -3.905122400
v -0.422403243 1.348106446 -3.905122400
v -0.422403243 1.348106446 -3.905122400
v -0.422403243 1.348106446 -3.905122400
v -0.422403243 1.348106446 -3.905122400
v -0.422403243 1.348106446 -3.905122400
v -0.422403243 1.348106446 -3.905122400
v -0.422403243 1.348106446 -3.905122400
v -0.422403243 1.348106446 -3.905122400
v -0.422403243 1.348106446 -3.905122400
v -0.422403243 1.348106446 -3.905122400
v -0.422403243 1.348106446 -3.905122400
v -0.422403243 1.348106446 -3.905122400
v -0.422403102 1.348106478 -3.905122186
v -0.422397769 1.348108008 -3.905123629
v -0.423342774 1.343246705 -3.906129975
v -0.422860236 1.348735012 -3.905100717
v -0.423342774 1.343246705 -3.906129975
v -0.423342774 1.343246705 -3.906129975
v -0.423342774 1.343246705 -3.906129975
v -0.422403102 1.348106478 -3.905122186
v -0.422403102 1.348106478 -3.905122186
v -0.422403137 1.348106470 -3.905122239
v -0.422403243 1.348106446 -3.905122400
v -0.422403102 1.348106478 -3.905122186
v -0.422403102 1.348106478 -3.905122186
v -0.422148091 1.347681208 -3.905124500
v -0.422148091 1.347681208 -3.905124500
v -0.422403243 1.348106446 -3.905122400
v -0.422403243 1.348106446 -3.905122400
v -0.422403243 1.348106446 -3.905122400
v -0.422403243 1.348106446 -3.905122400
v -0.422403243 1.348106446 -3.905122400
v -0.422403243 1.348106446 -3.905122400
v -0.422403243 1.348106446 -3.905122400
v -0.422403243 1.348106446 -3.905122400
v -0.422403243 1.348106446 -3.905122400
v -0.422403243 1.348106446 -3.905122400
v -0.422403243 1.348106446 -3.905122400
v -0.422403243 1.348106446 -3.905122400
v -0.422403243 1.348106446 -3.905122400
v -0.422403243 1.348106446 -3.905122400
v -0.422403243 1.348106446 -3.905122400
v -0.422403243 1.348106446 -3.905122400
v -0.422403243 1.348106446 -3.905122400
v -0.422403243 1.348106446 -3.905122400
v -0.422403243 1.348106446 -3.905122400
v -0.422403243 1.348106446 -3.905122400
v -0.422403243 1.348106446 -3.905122400
v -0.423342774 1.343246705 -3.906129975
v -0.422403243 1.348106446 -3.905122400
v -0.422403243 1.348106446 -3.905122400
v -0.422403243 1.348106446 -3.905122400
v -0.422401324 1.348106972 -3.905122663
v -0.422403102 1.348106478 -3.905122186
v -0.422403102 1.348106478 -3.905122186
v -0.422403102 1.348106478 -3.905122186
v -0.422403102 1.348106478 -3.905122186
v -0.422403102 1.348106478 -3.905122186
v -0.422403102 1.348106478 -3.905122186
v -0.422403102 1.348106478 -3.905122186
v -0.422403102 1.348106478 -3.905122186
v -0.422410157 1.348070136 -3.905095323
v -0.422403102 1.348106478 -3.905122186
v -0.422429994 1.348042668 -3.905074137
v -0.422403102 1.348106478 -3.905122186
v -0.422403102 1.348106478 -3.905122186
v -0.422403102 1.348106478 -3.905122186
v -0.410703076 1.327694249 -3.905066870
v -0.399646875 1.311482335 -3.905212797
v -0.405899464 1.321274222 -3.905178597
v -0.420016558 1.343249453 -3.904952589
v -0.432253604 1.360201222 -3.904454065
v -0.422403102 1.348106478 -3.905122186
v -0.405326928 1.320013149 -3.905138770
v -0.422473482 1.347897987 -3.904967262
v -0.422403102 1.348106478 -3.905122186
v -0.422403102 1.348106478 -3.905122186
v -0.422403102 1.348106478 -3.905122186
v -0.419285451 1.342562020 -3.905105342
v -0.417835212 1.337608058 -3.905081645
v -0.422403102 1.348106478 -3.905122186
v -0.422403102 1.348106478 -3.905122186
v -0.422403102 1.348106478 -3.905122186
v -0.422403102 1.348106478 -3.905122186
v -0.422403102 1.348106478 -3.905122186
v -0.422403102 1.348106478 -3.905122186
v -0.422403102 1.348106478 -3.905122186
v -0.422403102 1.348106478 -3.905122186
v -0.422403102 1.348106478 -3.905122186
v -0.422403102 1.348106478 -3.905122186
v -0.422403102 1.348106478 -3.905122186
v -0.422403102 1.348106478 -3.905122186
v -0.422403102 1.348106478 -3.905122186
v -0.422403102 1.348106478 -3.905122186
v -0.422403102 1.348106478 -3.905122186
v -0.422403102 1.348106478 -3.905122186
v -0.422403102 1.348106478 -3.905122186
v -0.422403102 1.348106478 -3.905122186
v -0.423342633 1.343246738 -3.906129761
v -0.423342633 1.343246738 -3.906129761
v -0.422403225 1.348106441 -3.905122405
v -0.423342774 1.343246705 -3.906129975
v -0.423342774 1.343246705 -3.906129975
v -0.423342774 1.343246705 -3.906129975
v -0.423342774 1.343246705 -3.906129975
v -1.097505441 0.823092489 -3.171114861
v -0.422403169 1.348106463 -3.905122288
v -0.422403236 1.348106444 -3.905122402
v -0.423342774 1.343246705 -3.906129975
v -0.423342774 1.343246705 -3.906129975
v -0.423342774 1.343246705 -3.906129975
v -0.422403102 1.348106478 -3.905122186
v -0.423342774 1.343246705 -3.906129975
v -1.097505658 0.823092397 -3.171114917
v -0.422403102 1.348106478 -3.905122186
v -1.097505407 0.823092504 -3.171114852
v -1.097505416 0.823092500 -3.171114854
v -0.423342774 1.343246705 -3.906129975
v -0.423342774 1.343246705 -3.906129975
v -0.423342774 1.343246705 -3.906129975
v -1.097505416 0.823092500 -3.171114854
v -0.422403137 1.348106470 -3.905122239
v -1.097505533 0.823092450 -3.171114884
v -0.422403151 1.348106467 -3.905122260
v -0.422403201 1.348106443 -3.905122380
v -1.097505416 0.823092500 -3.171114854
v -0.422403102 1.348106478 -3.905122186
v -0.422403102 1.348106478 -3.905122186
v -0.422403102 1.348106478 -3.905122186
v -0.422403102 1.348106478 -3.905122186
v -0.422403102 1.348106478 -3.905122186
v -0.422403102 1.348106478 -3.905122186
v -0.422403102 1.348106478 -3.905122186
v -0.422403102 1.348106478 -3.905122186
v -0.422403107 1.348106410 -3.905122041
v -0.422656083 1.346909027 -3.904323324
v -0.422554607 1.347405129 -3.904600750
v -0.422403102 1.348106478 -3.905122186
v -0.422403102 1.348106478 -3.905122186
v -0.422403102 1.348106478 -3.905122186
v -0.422403102 1.348106478 -3.905122186
v -1.097505392 0.823092510 -3.171114848
v -0.422403102 1.348106478 -3.905122186
v -0.422403102 1.348106478 -3.905122186
v -0.422403102 1.348106478 -3.905122186
v -0.422403102 1.348106478 -3.905122186
v -0.422403103 1.348106478 -3.905122187
v -0.422403102 1.348106478 -3.905122186
v -0.422403102 1.348106478 -3.905122186
v -0.422403103 1.348106478 -3.905122187
v -0.422403102 1.348106478 -3.905122186
v -0.422403102 1.348106478 -3.905122186
v -0.422403102 1.348106478 -3.905122186
v -0.422403102 1.348106478 -3.905122186
v -0.422403102 1.348106478 -3.905122186
v -1.097505646 0.823092402 -3.171114914
v -1.097505610 0.823092417 -3.171114904
v -1.097505628 0.823092410 -3.171114909
v -1.097505574 0.823092432 -3.171114895
v -0.422403102 1.348106478 -3.905122186
v -1.097505610 0.823092417 -3.171114904
v -0.422403102 1.348106478 -3.905122186
v -0.422403102 1.348106478 -3.905122186
v -0.422403102 1.348106478 -3.905122186
v -0.422403102 1.348106478 -3.905122186
v -0.422403102 1.348106478 -3.905122186
v -0.422403102 1.348106478 -3.905122186
v -0.425247278 1.351841767 -3.904959230
v -0.422403102 1.348106478 -3.905122186
v -0.422403168 1.348106463 -3.905122286
v -0.423342633 1.343246738 -3.906129761
v -0.422403102 1.348106478 -3.905122186
v -0.422403102 1.348106478 -3.905122186
v -0.422403149 1.348106467 -3.905122258
v -0.422403243 1.348106446 -3.905122400
v -0.422403243 1.348106446 -3.905122400
v -0.422403102 1.348106478 -3.905122186
v -0.422403102 1.348106478 -3.905122186
v -0.422403102 1.348106478 -3.905122186
v -0.422403140 1.348106470 -3.905122243
v -0.422403149 1.348106467 -3.905122258
v -0.422403102 1.348106478 -3.905122186
v -0.422403102 1.348106478 -3.905122186
v -0.422403102 1.348106478 -3.905122186
v -0.422403102 1.348106478 -3.905122186
v -0.422869116 1.348729496 -3.905097914
v -1.097505594 0.823092424 -3.171114900
v -0.422403102 1.348106478 -3.905122186
v -1.097505440 0.823092490 -3.171114860
v -0.422403102 1.348106478 -3.905122186
v -1.097505617 0.823092414 -3.171114906
v -0.422403102 1.348106478 -3.905122186
v -0.422403242 1.348106447 -3.905122398
v -0.422403243 1.348106446 -3.905122400
v -1.097505617 0.823092414 -3.171114906
v -0.422403242 1.348106447 -3.905122398
v -1.097505587 0.823092427 -3.171114898
v -1.097505534 0.823092450 -3.171114885
v -0.422403102 1.348106478 -3.905122186
v -0.422403102 1.348106478 -3.905122186
v -1.097505594 0.823092424 -3.171114900
v -1.097505635 0.823092407 -3.171114911
v -1.097505638 0.823092405 -3.171114912
v -0.423342633 1.343246738 -3.906129761
v -1.097505528 0.823092452 -3.171114883
v -0.422403102 1.348106478 -3.905122186
v -1.097505558 0.823092439 -3.171114891
v -0.422403243 1.348106446 -3.905122400
v -1.097505574 0.823092432 -3.171114895
v -0.422403172 1.348106462 -3.905122293
v -0.423342633 1.343246738 -3.906129761
v -0.423342633 1.343246738 -3.906129761
v -0.423342633 1.343246738 -3.906129761
v -0.422403102 1.348106478 -3.905122186
v -0.422403102 1.348106478 -3.905122186
v -0.422403102 1.348106478 -3.905122186
v -0.422403243 1.348106446 -3.905122400
v -1.097505497 0.823092466 -3.171114875
v -0.422403239 1.348106447 -3.905122395
v -0.424320698 1.347104344 -3.904874526
v -0.421242004 1.343156598 -3.904796252
v -0.422403102 1.348106478 -3.905122186
v -0.422403102 1.348106478 -3.905122186
v -0.422403102 1.348106478 -3.905122186
v -0.422403102 1.348106478 -3.905122186
v -0.422403102 1.348106478 -3.905122186
v -0.422403102 1.348106478 -3.905122186
v -1.097505481 0.823092472 -3.171114871
v -0.423342633 1.343246738 -3.906129761
v -0.423342633 1.343246738 -3.906129761
v -0.423342774 1.343246705 -3.906129975
v -0.423342633 1.343246738 -3.906129761
v -0.423342633 1.343246738 -3.906129761
v -0.423342633 1.343246738 -3.906129761
v -0.423342633 1.343246738 -3.906129761
v -0.423342633 1.343246738 -3.906129761
v -0.422403102 1.348106478 -3.905122186
v -0.422403102 1.348106478 -3.905122186
v -0.422403102 1.348106478 -3.905122186
v -0.422403102 1.348106478 -3.905122186
v -0.423342633 1.343246738 -3.906129761
v -0.423342633 1.343246738 -3.906129761
v -0.423342633 1.343246738 -3.906129761
v -0.423342633 1.343246738 -3.906129761
v -0.422403102 1.348106478 -3.905122186
v -0.422627399 1.347589568 -3.904476762
v -0.424405617 1.347373369 -3.904742285
v -0.422403102 1.348106478 -3.905122186
v -0.422403102 1.348106478 -3.905122186
v -0.424445667 1.346712560 -3.903616013
v -0.424348461 1.347347662 -3.904711976
v -0.422403243 1.348106446 -3.905122400
v -0.423342774 1.343246705 -3.906129975
v -0.422403102 1.348106478 -3.905122186
v -0.421074155 1.342696217 -3.904813919
v -0.424138834 1.346475235 -3.903361387
v -1.097505672 0.823092391 -3.171114920
v -0.422403239 1.348106447 -3.905122395
v -0.422403238 1.348106447 -3.905122392
v -0.422403236 1.348106448 -3.905122389
v -0.422403102 1.348106478 -3.905122186
v -0.422403239 1.348106447 -3.905122395
v -0.422403102 1.348106478 -3.905122186
v -0.422403102 1.348106478 -3.905122186
v -0.422403102 1.348106478 -3.905122186
v -0.422403102 1.348106478 -3.905122186
v -1.097505663 0.823092395 -3.171114918
v -1.097505668 0.823092392 -3.171114919
v -1.097505657 0.823092397 -3.171114916
v -0.422403242 1.348106447 -3.905122398
v -0.422403102 1.348106478 -3.905122186
v -0.422403102 1.348106478 -3.905122186
v -0.422403102 1.348106478 -3.905122186
v -0.422403102 1.348106478 -3.905122186
v -0.422403102 1.348106478 -3.905122186
v -0.422403102 1.348106478 -3.905122186
v -0.422403102 1.348106478 -3.905122186
v -0.422403102 1.348106478 -3.905122186
v -0.422403102 1.348106478 -3.905122186
v -0.422403102 1.348106478 -3.905122186
v -0.422403102 1.348106478 -3.905122186
v -0.422403102 1.348106478 -3.905122186
v -0.422403102 1.348106478 -3.905122186
v -0.422403102 1.348106478 -3.905122186
v -0.422403102 1.348106478 -3.905122186
v -0.422403102 1.348106478 -3.905122186
v -0.422403102 1.348106478 -3.905122186
v -0.422403102 1.348106478 -3.905122186
v -0.422403102 1.348106478 -3.905122186
v -0.422403102 1.348106478 -3.905122186
v -0.422403102 1.348106478 -3.905122186
v -0.422403102 1.348106478 -3.905122186
v -0.422403102 1.348106478 -3.905122186
v -0.422403102 1.348106478 -3.905122186
v -0.422403102 1.348106478 -3.905122186
v -0.422403102 1.348106478 -3.905122186
v -0.422155211 1.347679045 -3.905122291
v -0.422403102 1.348106478 -3.905122186
v -0.422403102 1.348106478 -3.905122186
v -0.422403102 1.348106478 -3.905122186
v -0.422403102 1.348106478 -3.905122186
v -0.422403102 1.348106478 -3.905122186
v -0.422403107 1.348106410 -3.905122042
v -1.097505394 0.823092509 -3.171114849
v -1.097505407 0.823092504 -3.171114852
v -0.462534597 1.410204729 -3.902491473
v -0.422403102 1.348106478 -3.905122186
v -0.422403102 1.348106478 -3.905122186
v -0.422403107 1.348106410 -3.905122041
v -0.420182742 1.344257753 -3.905129401
v -0.422403107 1.348106409 -3.905122041
v -0.419689459 1.343405111 -3.905131141
v -0.422403102 1.348106478 -3.905122186
v -0.421669454 1.346826668 -3.905124645
v -0.418442213 1.340396696 -3.905038460
v -0.422403102 1.348106478 -3.905122186
v -1.097505668 0.823092392 -3.171114919
v -1.097505682 0.823092386 -3.171114923
v -0.422403102 1.348106478 -3.905122186
v -1.097505498 0.823092465 -3.171114875
v -1.097505656 0.823092398 -3.171114916
v -0.421905063 1.347252609 -3.905123449
v -0.421671232 1.346826172 -3.905124167
v -0.415655285 1.335958952 -3.905073144
v -0.421672323 1.346831732 -3.905124778
v -1.097505585 0.823092428 -3.171114898
v -1.097505500 0.823092464 -3.171114876
v -1.097505534 0.823092450 -3.171114885
v -1.097505619 0.823092414 -3.171114907
v -1.097505567 0.823092435 -3.171114893
v -1.097505646 0.823092402 -3.171114914
v -1.097505673 0.823092390 -3.171114921
v -1.097505657 0.823092397 -3.171114916
v -1.097505659 0.823092396 -3.171114917
v -1.097505445 0.823092487 -3.171114862
v -1.097505421 0.823092498 -3.171114856
v -1.097505421 0.823092498 -3.171114856
v -1.097505481 0.823092472 -3.171114871
v -1.097505406 0.823092504 -3.171114852
v -1.097505412 0.823092502 -3.171114853
v -1.097505516 0.823092457 -3.171114880
v -1.097505455 0.823092483 -3.171114864
v -1.097505508 0.823092461 -3.171114878
v -0.422403102 1.348106478 -3.905122186
v -0.422403102 1.348106478 -3.905122186
v -0.422403102 1.348106478 -3.905122186
v -0.422403102 1.348106478 -3.905122186
v -0.422403102 1.348106478 -3.905122186
v -0.421669450 1.346826737 -3.905124788
v -0.422403102 1.348106478 -3.905122186
v -0.423342633 1.343246738 -3.906129761
v -0.423342633 1.343246738 -3.906129761
v -0.423342633 1.343246738 -3.906129761
v -0.422403102 1.348106478 -3.905122186
v -0.422403066 1.348106454 -3.905122172
v -0.422403107 1.348106410 -3.905122041
v -0.422407248 1.348089368 -3.905112331
v -0.422402201 1.347923518 -3.905100027
v -0.422483382 1.347610494 -3.904897960
v -0.422439032 1.347789812 -3.905019545
v -0.422543662 1.347389315 -3.904573364
v -0.422612313 1.347580605 -3.904483527
v -0.422671343 1.347109443 -3.904518576
v -0.422483139 1.347601308 -3.904888077
v -0.422415970 1.347872965 -3.905069056
v -1.097505643 0.823092147 -3.171114911
v -0.422571063 1.347117820 -3.904689007
v -0.424315837 1.346722596 -3.903603472
v -0.422403102 1.348106478 -3.905122186
v -0.423342633 1.343246738 -3.906129761
v -0.422403102 1.348106478 -3.905122186
v -0.422403239 1.348106447 -3.905122395
v -0.422403240 1.348106447 -3.905122395
v -0.423342633 1.343246738 -3.906129761
v -0.422403102 1.348106478 -3.905122186
v -1.097505688 0.823092384 -3.171114925
v -0.422403238 1.348106447 -3.905122393
v -1.097505674 0.823092390 -3.171114921
v -0.422403243 1.348106446 -3.905122400
v -1.097505673 0.823092390 -3.171114921
v -1.097505476 0.823092475 -3.171114870
v -1.097505592 0.823092425 -3.171114900
v -1.097505592 0.823092425 -3.171114900
v -1.097505587 0.823092427 -3.171114898
v -0.422403205 1.348106455 -3.905122343
v -0.422403234 1.348106448 -3.905122386
v -0.422403102 1.348106478 -3.905122186
v -1.097505645 0.823092160 -3.171114912
v -1.097505415 0.823092500 -3.171114854
v -0.422403205 1.348106455 -3.905122343
v -0.422403116 1.348106475 -3.905122208
v -0.422403102 1.348106478 -3.905122186
v -0.422403202 1.348106456 -3.905122338
v -0.422403146 1.348106468 -3.905122252
v -0.422403240 1.348106447 -3.905122395
v -0.422403233 1.348106448 -3.905122385
v -0.422403202 1.348106456 -3.905122338
v -0.422403230 1.348106449 -3.905122380
v -0.422403238 1.348106447 -3.905122393
v -0.422403206 1.348106455 -3.905122344
v -0.422403185 1.348106459 -3.905122312
v -0.422403242 1.348106447 -3.905122398
v -0.423342633 1.343246738 -3.906129761
v -0.422403102 1.348106478 -3.905122186
v -0.422403102 1.348106478 -3.905122186
v -0.422403241 1.348106447 -3.905122396
v -0.422403102 1.348106478 -3.905122186
v -0.422403158 1.348106465 -3.905122271
v -0.422403243 1.348106446 -3.905122400
v -0.422403200 1.348106456 -3.905122335
v -0.422403242 1.348106447 -3.905122398
v -0.422403200 1.348106456 -3.905122335
v -0.422403102 1.348106478 -3.905122186
v -0.422403107 1.348106477 -3.905122194
v -0.422403109 1.348106477 -3.905122197
v -0.422403206 1.348106455 -3.905122344
v -0.422403242 1.348106447 -3.905122398
v -0.422403102 1.348106478 -3.905122186
v -0.422403102 1.348106478 -3.905122186
v -0.422403112 1.348106476 -3.905122201
v -0.422403107 1.348106477 -3.905122194
v -0.422403102 1.348106478 -3.905122186
v -0.422403102 1.348106478 -3.905122186
v -0.422403110 1.348106476 -3.905122198
v -0.422403102 1.348106478 -3.905122186
v -0.422403102 1.348106478 -3.905122186
v -0.422403102 1.348106478 -3.905122186
v -0.422403102 1.348106478 -3.905122186
v -0.422403102 1.348106478 -3.905122186
v -0.422403102 1.348106478 -3.905122186
v -0.422403103 1.348106478 -3.905122187
v -0.422403111 1.348106476 -3.905122200
v -0.422403102 1.348106478 -3.905122186
v -0.422403102 1.348106478 -3.905122186
v -0.422403102 1.348106478 -3.905122186
v -0.422403107 1.348106477 -3.905122194
v -0.422403102 1.348106478 -3.905122186
v -0.422403102 1.348106478 -3.905122186
v -0.422403102 1.348106478 -3.905122186
v -0.422403102 1.348106478 -3.905122186
v -0.422403102 1.348106478 -3.905122186
v -0.422403102 1.348106478 -3.905122186
v -0.422403102 1.348106478 -3.905122186
v -0.422403102 1.348106478 -3.905122186
v -0.422403102 1.348106478 -3.905122186
v -0.422403102 1.348106478 -3.905122186
v -0.422403102 1.348106478 -3.905122186
v -0.422403102 1.348106478 -3.905122186
v -0.422403102 1.348106478 -3.905122186
v -0.422403102 1.348106478 -3.905122186
v -0.422403102 1.348106478 -3.905122186
v -0.422403102 1.348106478 -3.905122186
v -0.422403102 1.348106478 -3.905122186
v -0.422403102 1.348106478 -3.905122186
v -0.422403102 1.348106478 -3.905122186
v -0.423342633 1.343246738 -3.906129761
v -0.423342633 1.343246738 -3.906129761
v -0.422403102 1.348106478 -3.905122186
v -0.422403102 1.348106478 -3.905122186
v -0.423342633 1.343246738 -3.906129761
v -0.423342633 1.343246738 -3.906129761
v -0.422403102 1.348106478 -3.905122186
v -0.422403102 1.348106478 -3.905122186
v -0.422403102 1.348106478 -3.905122186
v -1.097505392 0.823092510 -3.171114848
v -0.422403102 1.348106478 -3.905122186
v -0.422403102 1.348106478 -3.905122186
v -0.423342633 1.343246738 -3.906129761
v -0.423342633 1.343246738 -3.906129761
v -0.423342633 1.343246738 -3.906129761
v -0.423342633 1.343246738 -3.906129761
v -1.097505688 0.823092384 -3.171114925
v -0.423342633 1.343246738 -3.906129761
v -0.422403102 1.348106478 -3.905122186
v -0.422403102 1.348106478 -3.905122186
v -0.423342633 1.343246738 -3.906129761
v -0.423342633 1.343246738 -3.906129761
v -0.423342633 1.343246738 -3.906129761
v -0.423342633 1.343246738 -3.906129761
v -0.422403102 1.348106478 -3.905122186
v -1.097505673 0.823092390 -3.171114921
v -1.097505642 0.823092404 -3.171114913
v -1.097505688 0.823092384 -3.171114925
v -1.097505655 0.823092398 -3.171114916
v -0.422403205 1.348106455 -3.905122342
v -1.097505666 0.823092393 -3.171114919
v -1.097505674 0.823092390 -3.171114921
v -1.097505680 0.823092387 -3.171114922
v -1.097505688 0.823092384 -3.171114925
v -0.422403204 1.348106455 -3.905122341
v -0.422403131 1.348106472 -3.905122230
v -0.422403102 1.348106478 -3.905122186
v -0.422403102 1.348106478 -3.905122186
v -0.423342633 1.343246738 -3.906129761
v -0.422403102 1.348106478 -3.905122186
v -0.422403102 1.348106478 -3.905122186
v -0.422403201 1.348106456 -3.905122337
v -0.422403102 1.348106478 -3.905122186
v -0.422403102 1.348106478 -3.905122186
v -0.422403102 1.348106478 -3.905122186
v -0.422403102 1.348106478 -3.905122186
v -0.423342633 1.343246738 -3.906129761
v -0.423342633 1.343246738 -3.906129761
v -1.097505643 0.823092147 -3.171114911
v -0.423342633 1.343246738 -3.906129761
v -0.423342633 1.343246738 -3.906129761
v -1.097505643 0.823092147 -3.171114911
v -1.097505643 0.823092147 -3.171114911
v -0.423342633 1.343246738 -3.906129761
v -1.097505415 0.823092500 -3.171114854
v -0.422403158 1.348106465 -3.905122271
v -0.422403201 1.348106456 -3.905122337
v -0.422403183 1.348106460 -3.905122309
v -0.422403243 1.348106446 -3.905122400
v -0.423342774 1.343246705 -3.906129975
v -0.423342774 1.343246705 -3.906129975
v -0.422403243 1.348106446 -3.905122400
v -0.423342774 1.343246705 -3.906129975
v -0.422403243 1.348106446 -3.905122400
v -0.423342774 1.343246705 -3.906129975
v -0.423342774 1.343246705 -3.906129975
v -0.423342774 1.343246705 -3.906129975
v -0.423342774 1.343246705 -3.906129975
v -0.423342774 1.343246705 -3.906129975
v -0.423342774 1.343246705 -3.906129975
v -0.423342774 1.343246705 -3.906129975
v -0.423342774 1.343246705 -3.906129975
v -0.423342774 1.343246705 -3.906129975
v -0.423342774 1.343246705 -3.906129975
v -0.423342774 1.343246705 -3.906129975
v -0.423342774 1.343246705 -3.906129975
v -0.423342774 1.343246705 -3.906129975
v -0.423342774 1.343246705 -3.906129975
v -0.423342774 1.343246705 -3.906129975
v -0.423342774 1.343246705 -3.906129975
v -0.423342774 1.343246705 -3.906129975
v -0.423342774 1.343246705 -3.906129975
v -0.423342774 1.343246705 -3.906129975
v -0.423342774 1.343246705 -3.906129975
v -0.423342774 1.343246705 -3.906129975
v -0.423342774 1.343246705 -3.906129975
v -0.423342774 1.343246705 -3.906129975
v -0.423342774 1.343246705 -3.906129975
v -0.423342774 1.343246705 -3.906129975
v -0.423342774 1.343246705 -3.906129975
v -0.423342774 1.343246705 -3.906129975
v -0.423342774 1.343246705 -3.906129975
v -0.423342774 1.343246705 -3.906129975
v -0.423342774 1.343246705 -3.906129975
v -0.422403102 1.348106478 -3.905122186
v -0.423342774 1.343246705 -3.906129975
v -0.423342774 1.343246705 -3.906129975
v -0.422403102 1.348106478 -3.905122186
v -0.422403102 1.348106478 -3.905122186
v -0.422403102 1.348106478 -3.905122186
v -0.422403102 1.348106478 -3.905122186
v -0.422403102 1.348106478 -3.905122186
v -0.422403102 1.348106478 -3.905122186
v -0.422403102 1.348106478 -3.905122186
v -0.422403102 1.348106478 -3.905122186
v -0.422403102 1.348106478 -3.905122186
v -0.422403102 1.348106478 -3.905122186
v -0.422403102 1.348106478 -3.905122186
v -0.422403102 1.348106478 -3.905122186
v -0.422403102 1.348106478 -3.905122186
v -0.422403102 1.348106478 -3.905122186
v -0.422403102 1.348106478 -3.905122186
v -0.422403102 1.348106478 -3.905122186
v -0.422403102 1.348106478 -3.905122186
v -0.422403102 1.348106478 -3.905122186
v -0.422403102 1.348106478 -3.905122186
v -0.422403102 1.348106478 -3.905122186
v -0.422403102 1.348106478 -3.905122186
v -0.422403102 1.348106478 -3.905122186
v -0.422403102 1.348106478 -3.905122186
v -0.422403102 1.348106478 -3.905122186
v -0.422403102 1.348106478 -3.905122186
v -0.422403102 1.348106478 -3.905122186
v -0.422403102 1.348106478 -3.905122186
v -0.422403102 1.348106478 -3.905122186
v -0.422403102 1.348106478 -3.905122186
v -0.422403102 1.348106478 -3.905122186
v -0.422403102 1.348106478 -3.905122186
v -0.422403102 1.348106478 -3.905122186
v -0.422403102 1.348106478 -3.905122186
v -0.422403102 1.348106478 -3.905122186
v -0.422403102 1.348106478 -3.905122186
v -0.422403102 1.348106478 -3.905122186
v -0.422403102 1.348106478 -3.905122186
v -0.422403102 1.348106478 -3.905122186
v -0.422403102 1.348106478 -3.905122186
v -0.422403102 1.348106478 -3.905122186
v -0.422403102 1.348106478 -3.905122186
v -0.422403102 1.348106478 -3.905122186
v -0.422403102 1.348106478 -3.905122186
v -0.422403102 1.348106478 -3.905122186
v -0.422403102 1.348106478 -3.905122186
v -0.422403102 1.348106478 -3.905122186
v -0.422403102 1.348106478 -3.905122186
v -0.422403102 1.348106478 -3.905122186
v -0.422403102 1.348106478 -3.905122186
v -0.422403102 1.348106478 -3.905122186
v -0.422403102 1.348106478 -3.905122186
v -0.422403102 1.348106478 -3.905122186
v -0.422403137 1.348106470 -3.905122239
v -0.422403122 1.348106474 -3.905122217
v -0.422403102 1.348106478 -3.905122186
v -0.422403102 1.348106478 -3.905122186
v -0.422403102 1.348106478 -3.905122186
v -0.422403102 1.348106478 -3.905122186
v -0.422403102 1.348106478 -3.905122186
v -0.422403102 1.348106478 -3.905122186
v -0.422403102 1.348106478 -3.905122186
v -0.422403102 1.348106478 -3.905122186
v -0.422403102 1.348106478 -3.905122186
v -0.422403102 1.348106478 -3.905122186
v -0.422403102 1.348106478 -3.905122186
v -0.422403102 1.348106478 -3.905122186
v -0.422403102 1.348106478 -3.905122186
v -0.422403102 1.348106478 -3.905122186
v -0.422403102 1.348106478 -3.905122186
v -0.422403102 1.348106478 -3.905122186
v -0.422403102 1.348106478 -3.905122186
v -0.422403102 1.348106478 -3.905122186
v -0.422403102 1.348106478 -3.905122186
v -0.422403102 1.348106478 -3.905122186
v -0.423342633 1.343246738 -3.906129761
v -0.422403102 1.348106478 -3.905122186
v -0.422403102 1.348106478 -3.905122186
v -0.422403102 1.348106478 -3.905122186
v -0.422403102 1.348106478 -3.905122186
v -0.422403102 1.348106478 -3.905122186
v -0.422403102 1.348106478 -3.905122186
v -0.422403102 1.348106478 -3.905122186
v -0.423342633 1.343246738 -3.906129761
v -1.097505426 0.823092496 -3.171114857
v -1.097505634 0.823092407 -3.171114910
v -0.422403102 1.348106478 -3.905122186
v -0.422403102 1.348106478 -3.905122186
v -0.422403102 1.348106478 -3.905122186
v -0.422403102 1.348106478 -3.905122186
v -0.422403102 1.348106478 -3.905122186
v -0.422403102 1.348106478 -3.905122186
v -0.422403102 1.348106478 -3.905122186
v -0.423342774 1.343246705 -3.906129975
v -0.423342774 1.343246705 -3.906129975
v -0.423342774 1.343246705 -3.906129975
v -0.423342774 1.343246705 -3.906129975
v -0.423342774 1.343246705 -3.906129975
v -0.423342774 1.343246705 -3.906129975
v -0.423342774 1.343246705 -3.906129975
v -0.423342774 1.343246705 -3.906129975
v -0.423342774 1.343246705 -3.906129975
v -0.423342774 1.343246705 -3.906129975
v -0.423342774 1.343246705 -3.906129975
v -0.423342774 1.343246705 -3.906129975
v -0.423342774 1.343246705 -3.906129975
v -0.422403243 1.348106446 -3.905122400
v -0.422403243 1.348106446 -3.905122400
v -0.422403243 1.348106446 -3.905122400
v -0.422403243 1.348106446 -3.905122400
v -0.422403243 1.348106446 -3.905122400
v -0.422403243 1.348106446 -3.905122400
v -0.422403243 1.348106446 -3.905122400
v -0.422403243 1.348106446 -3.905122400
v -0.422403243 1.348106446 -3.905122400
v -0.422403243 1.348106446 -3.905122400
v -0.422403243 1.348106446 -3.905122400
v -0.422403243 1.348106446 -3.905122400
v -0.422403243 1.348106446 -3.905122400
v -0.422403243 1.348106446 -3.905122400
v -0.422403243 1.348106446 -3.905122400
v -0.422403243 1.348106446 -3.905122400
v -0.422403243 1.348106446 -3.905122400
v -0.422403243 1.348106446 -3.905122400
v -0.422403243 1.348106446 -3.905122400
v -0.422403243 1.348106446 -3.905122400
v -0.422403134 1.348106471 -3.905122234
v -0.423342633 1.343246738 -3.906129761
v -0.422403185 1.348106459 -3.905122312
v -0.422403227 1.348106450 -3.905122375
v -0.422403102 1.348106478 -3.905122186
v -0.422403102 1.348106478 -3.905122186
v -0.422403102 1.348106478 -3.905122186
v -0.422403102 1.348106478 -3.905122186
v -0.422403102 1.348106478 -3.905122186
v -0.422403102 1.348106478 -3.905122186
v -0.422403102 1.348106478 -3.905122186
v -0.422403102 1.348106478 -3.905122186
v -0.422403102 1.348106478 -3.905122186
v -0.422403102 1.348106478 -3.905122186
v -0.422403102 1.348106478 -3.905122186
v -0.422403102 1.348106478 -3.905122186
v -0.422403102 1.348106478 -3.905122186
v -0.422403102 1.348106478 -3.905122186
v -0.422403102 1.348106478 -3.905122186
v -0.422403102 1.348106478 -3.905122186
v -0.422403102 1.348106478 -3.905122186
v -0.422403102 1.348106478 -3.905122186
v -0.422403102 1.348106478 -3.905122186
v -0.422403102 1.348106478 -3.905122186
v -0.422403162 1.348106465 -3.905122276
v -0.422403102 1.348106478 -3.905122186
v -0.422403102 1.348106478 -3.905122186
v -0.423342633 1.343246738 -3.906129761
v -0.422403102 1.348106478 -3.905122186
v -0.422403243 1.348106446 -3.905122400
v -0.422403243 1.348106446 -3.905122400
v -1.097505392 0.823092510 -3.171114848
v -1.097505392 0.823092510 -3.171114848
v -1.097505392 0.823092510 -3.171114848
v -1.097505392 0.823092510 -3.171114848
v -1.097505392 0.823092510 -3.171114848
v -0.422403102 1.348106478 -3.905122186
v -1.097505392 0.823092510 -3.171114848
v -1.097505392 0.823092510 -3.171114848
v -1.097505392 0.823092510 -3.171114848
v -1.097505392 0.823092510 -3.171114848
v -1.097505392 0.823092510 -3.171114848
v -1.097505392 0.823092510 -3.171114848
v -1.097505392 0.823092510 -3.171114848
v -1.097505392 0.823092510 -3.171114848
v -1.097505392 0.823092510 -3.171114848
v -1.097505392 0.823092510 -3.171114848
v -1.097505392 0.823092510 -3.171114848
v -1.097505392 0.823092510 -3.171114848
v -1.097505392 0.823092510 -3.171114848
v -0.422403102 1.348106478 -3.905122186
v -0.422403102 1.348106478 -3.905122186
v -0.422403102 1.348106478 -3.905122186
v -0.422403217 1.348106452 -3.905122361
v -0.422403175 1.348106462 -3.905122297
v -0.422403237 1.348106448 -3.905122390
v -0.422403219 1.348106452 -3.905122364
v -0.422403206 1.348106455 -3.905122343
v -0.422403108 1.348106477 -3.905122195
v -0.422403232 1.348106449 -3.905122383
v -0.422403184 1.348106460 -3.905122311
v -0.422403233 1.348106449 -3.905122385
v -0.422403152 1.348106467 -3.905122261
v -0.423342633 1.343246738 -3.906129761
v -0.423342633 1.343246738 -3.906129761
v -0.422403106 1.348106477 -3.905122192
v -0.422403102 1.348106478 -3.905122186
v -0.423342633 1.343246738 -3.906129761
v -0.422403243 1.348106446 -3.905122400
v -0.423342633 1.343246738 -3.906129761
v -0.423342633 1.343246738 -3.906129761
v -0.422403243 1.348106446 -3.905122400
v -0.423342774 1.343246705 -3.906129975
v -0.422403243 1.348106446 -3.905122400
v -0.423342774 1.343246705 -3.906129975
v -0.422403243 1.348106446 -3.905122400
v -0.422403243 1.348106446 -3.905122400
v -0.423342774 1.343246705 -3.906129975
v -0.423342774 1.343246705 -3.906129975
v -0.423342774 1.343246705 -3.906129975
v -0.422403184 1.348106460 -3.905122310
v -0.422403116 1.348106475 -3.905122207
v -0.422403235 1.348106448 -3.905122387
v -0.423342774 1.343246705 -3.906129975
v -0.422403238 1.348106447 -3.905122393
v -0.422403243 1.348106446 -3.905122400
v -0.423342633 1.343246738 -3.906129761
v -0.422403206 1.348106369 -3.905122368
v -0.423342633 1.343246738 -3.906129761
v -0.423342633 1.343246738 -3.906129761
v -0.423342633 1.343246738 -3.906129761
v -0.423342633 1.343246738 -3.906129761
v -0.422403243 1.348106446 -3.905122400
v -0.423342774 1.343246705 -3.906129975
v -0.422403243 1.348106446 -3.905122400
v -0.422403243 1.348106446 -3.905122400
v -0.422403102 1.348106478 -3.905122186
v -0.422403102 1.348106478 -3.905122186
v -0.422403102 1.348106478 -3.905122186
v -0.423342633 1.343246738 -3.906129761
v -0.422403102 1.348106478 -3.905122186
v -0.422403102 1.348106478 -3.905122186
v -0.423342633 1.343246738 -3.906129761
v -0.423342633 1.343246738 -3.906129761
v -0.423342633 1.343246738 -3.906129761
v -0.422403102 1.348106478 -3.905122186
v -0.423342633 1.343246738 -3.906129761
v -0.423342633 1.343246738 -3.906129761
v -0.423342633 1.343246738 -3.906129761
v -0.423342633 1.343246738 -3.906129761
v -0.423342633 1.343246738 -3.906129761
v -0.423342633 1.343246738 -3.906129761
v -0.422403102 1.348106478 -3.905122186
v -0.422403102 1.348106478 -3.905122186
v -0.422403114 1.348106476 -3.905122203
v -0.422403108 1.348106477 -3.905122195
v -0.422403184 1.348106460 -3.905122310
v -0.422403222 1.348106451 -3.905122369
v -0.422403102 1.348106478 -3.905122186
v -0.422403217 1.348106436 -3.905122413
v -0.422403199 1.348106456 -3.905122333
v -0.422403224 1.348106451 -3.905122371
v -0.422403179 1.348106461 -3.905122303
v -0.422403217 1.348106452 -3.905122361
v -0.422403200 1.348106456 -3.905122335
v -0.422403186 1.348106459 -3.905122313
v -0.422403184 1.348106460 -3.905122311
v -0.422403219 1.348106452 -3.905122364
v 1.061903888 0.791670465 -2.945811704
v 1.061903893 0.791670462 -2.945811705
v -0.422403182 1.348106460 -3.905122307
v -0.422403183 1.348106460 -3.905122308
v -0.422403237 1.348106448 -3.905122390
v -0.422403199 1.348106456 -3.905122333
v -0.422403214 1.348106453 -3.905122355
v 1.061903931 0.791670434 -2.945811712
v 1.061903922 0.791670440 -2.945811710
v -0.422403228 1.348106450 -3.905122378
v -0.422403217 1.348106452 -3.905122360
v -0.422403223 1.348106451 -3.905122369
v -0.422403199 1.348106456 -3.905122333
v -0.422403240 1.348106447 -3.905122395
v -0.422403184 1.348106460 -3.905122311
v -0.422403223 1.348106451 -3.905122369
v -0.422403184 1.348106460 -3.905122310
v -0.422403120 1.348106474 -3.905122213
v -0.422403105 1.348106478 -3.905122190
v -0.422403102 1.348106478 -3.905122186
v -0.422403102 1.348106478 -3.905122186
v -0.423342633 1.343246738 -3.906129761
v -0.422403102 1.348106478 -3.905122186
v -0.423342633 1.343246738 -3.906129761
v -0.423342633 1.343246738 -3.906129761
v -0.423342633 1.343246738 -3.906129761
v -0.423342633 1.343246738 -3.906129761
v -0.423342633 1.343246738 -3.906129761
v -0.423342633 1.343246738 -3.906129761
v -0.423342633 1.343246738 -3.906129761
v -0.423342633 1.343246738 -3.906129761
v -0.423342633 1.343246738 -3.906129761
v -0.423342774 1.343246705 -3.906129975
v -0.423342774 1.343246705 -3.906129975
v -0.423342774 1.343246705 -3.906129975
v -0.423342633 1.343246738 -3.906129761
v -0.423342633 1.343246738 -3.906129761
v -0.423342633 1.343246738 -3.906129761
v -0.423342633 1.343246738 -3.906129761
v -0.423342774 1.343246705 -3.906129975
v -0.423342774 1.343246705 -3.906129975
v -0.422403243 1.348106446 -3.905122400
v -0.422403243 1.348106446 -3.905122400
v -0.423342633 1.343246738 -3.906129761
v -0.423342774 1.343246705 -3.906129975
v -0.423342633 1.343246738 -3.906129761
v -0.423342633 1.343246738 -3.906129761
v -0.423342633 1.343246738 -3.906129761
v -0.423342633 1.343246738 -3.906129761
v -0.423342633 1.343246738 -3.906129761
v -0.423342633 1.343246738 -3.906129761
v -0.423342633 1.343246738 -3.906129761
v -0.423342633 1.343246738 -3.906129761
v -0.423342633 1.343246738 -3.906129761
v -0.423342633 1.343246738 -3.906129761
v -0.423342633 1.343246738 -3.906129761
v -0.423342633 1.343246738 -3.906129761
v -0.423342633 1.343246738 -3.906129761
v -0.423342633 1.343246738 -3.906129761
v -0.423342633 1.343246738 -3.906129761
v -0.423342633 1.343246738 -3.906129761
v -0.422403102 1.348106478 -3.905122186
v -0.422403124 1.348106473 -3.905122219
v -0.422403226 1.348106450 -3.905122375
v -0.422403122 1.348106474 -3.905122216
v -0.422403232 1.348106449 -3.905122383
v -0.422403161 1.348106465 -3.905122275
v -0.422403224 1.348106451 -3.905122371
v -0.422403218 1.348106452 -3.905122363
v -0.422403232 1.348106449 -3.905122383
v -0.422403223 1.348106451 -3.905122369
v -0.422403217 1.348106452 -3.905122361
v -0.422403216 1.348106452 -3.905122359
v -0.423342633 1.343246738 -3.906129761
v -0.423342633 1.343246738 -3.906129761
v -0.423342633 1.343246738 -3.906129761
v -0.423342633 1.343246738 -3.906129761
v -0.423342633 1.343246738 -3.906129761
v -0.423342633 1.343246738 -3.906129761
v -0.423342633 1.343246738 -3.906129761
v -0.422403102 1.348106478 -3.905122186
v -0.422403102 1.348106478 -3.905122186
v -0.422403102 1.348106478 -3.905122186
v -0.422403184 1.348106460 -3.905122310
v -0.422403188 1.348106459 -3.905122317
v -0.422403233 1.348106448 -3.905122385
v -0.422403243 1.348106446 -3.905122400
v -0.422403198 1.348106457 -3.905122331
v -0.422403206 1.348106455 -3.905122343
v -0.422403184 1.348106460 -3.905122310
v -0.422403195 1.348106457 -3.905122327
v -0.422403197 1.348106457 -3.905122330
v -0.422403219 1.348106452 -3.905122364
v -0.422403230 1.348106449 -3.905122380
v -0.423342633 1.343246738 -3.906129761
v -0.423342633 1.343246738 -3.906129761
v -0.423342633 1.343246738 -3.906129761
v -0.423342633 1.343246738 -3.906129761
v -0.423342633 1.343246738 -3.906129761
v -0.423342633 1.343246738 -3.906129761
v -0.423342633 1.343246738 -3.906129761
v -0.423342633 1.343246738 -3.906129761
v -0.423342633 1.343246738 -3.906129761
v -0.423342633 1.343246738 -3.906129761
v -0.423342633 1.343246738 -3.906129761
v -0.423342633 1.343246738 -3.906129761
v -0.423342633 1.343246738 -3.906129761
v -0.423342633 1.343246738 -3.906129761
v -0.423342633 1.343246738 -3.906129761
v -0.423342633 1.343246738 -3.906129761
v -0.422403102 1.348106478 -3.905122186
v -0.422403102 1.348106478 -3.905122186
v -0.422403102 1.348106478 -3.905122186
v -0.423342633 1.343246738 -3.906129761
v -0.423342633 1.343246738 -3.906129761
v -0.423342633 1.343246738 -3.906129761
v -0.423342633 1.343246738 -3.906129761
v -0.422403243 1.348106446 -3.905122400
v -0.423342633 1.343246738 -3.906129761
v -0.422403235 1.348106448 -3.905122388
v -0.422403214 1.348106453 -3.905122356
v -0.422403191 1.348106458 -3.905122322
v -0.422403219 1.348106452 -3.905122364
v -0.422403199 1.348106456 -3.905122333
v -0.422403214 1.348106453 -3.905122356
v -0.423342633 1.343246738 -3.906129761
v -0.423342633 1.343246738 -3.906129761
v -0.422403102 1.348106478 -3.905122186
v -0.422403102 1.348106478 -3.905122186
v -0.422403102 1.348106478 -3.905122186
v -0.422403102 1.348106478 -3.905122186
v -0.422403102 1.348106478 -3.905122186
v -0.422403102 1.348106478 -3.905122186
v -0.423342633 1.343246738 -3.906129761
v -0.423342633 1.343246738 -3.906129761
v -0.423342633 1.343246738 -3.906129761
v -0.423342633 1.343246738 -3.906129761
v -0.423342774 1.343246705 -3.906129975
v -0.423342774 1.343246705 -3.906129975
v -0.423342633 1.343246738 -3.906129761
v -0.423342633 1.343246738 -3.906129761
v -0.423342633 1.343246738 -3.906129761
v -0.423342633 1.343246738 -3.906129761
v -0.423342633 1.343246738 -3.906129761
v -0.423342633 1.343246738 -3.906129761
v -0.423342633 1.343246738 -3.906129761
v -0.423342633 1.343246738 -3.906129761
v -0.423342633 1.343246738 -3.906129761
v -0.422403228 1.348106450 -3.905122378
v -0.422403218 1.348106437 -3.905122413
v -0.422403223 1.348106451 -3.905122370
v -0.422403223 1.348106451 -3.905122370
v -0.423342633 1.343246738 -3.906129761
v -0.423342633 1.343246738 -3.906129761
v -0.423342633 1.343246738 -3.906129761
v -0.423342633 1.343246738 -3.906129761
v -0.423342633 1.343246738 -3.906129761
v -0.422403102 1.348106478 -3.905122186
v -0.422403102 1.348106478 -3.905122186
v -0.422403102 1.348106478 -3.905122186
v -0.423342633 1.343246738 -3.906129761
v -0.422403102 1.348106478 -3.905122186
v -0.423342774 1.343246705 -3.906129975
v -0.423342633 1.343246738 -3.906129761
v -0.423342633 1.343246738 -3.906129761
v -0.422403102 1.348106478 -3.905122186
v -0.423342633 1.343246738 -3.906129761
v -0.423342633 1.343246738 -3.906129761
v -0.423342633 1.343246738 -3.906129761
v -0.423342633 1.343246738 -3.906129761
v -0.423342633 1.343246738 -3.906129761
v -0.423342633 1.343246738 -3.906129761
v -0.423342633 1.343246738 -3.906129761
v -0.422403102 1.348106478 -3.905122186
v -0.423342633 1.343246738 -3.906129761
v -0.422403102 1.348106478 -3.905122186
v -0.422403102 1.348106478 -3.905122186
v -0.422403102 1.348106478 -3.905122186
v -0.423342774 1.343246705 -3.906129975
v -0.422403102 1.348106478 -3.905122186
v -0.422403102 1.348106478 -3.905122186
v -0.422403102 1.348106478 -3.905122186
v -0.422403102 1.348106478 -3.905122186
v -0.423342774 1.343246705 -3.906129975
v -0.422403102 1.348106478 -3.905122186
v -0.422403102 1.348106478 -3.905122186
v -0.422403102 1.348106478 -3.905122186
v -0.422403102 1.348106478 -3.905122186
v -0.422403102 1.348106478 -3.905122186
v -0.423342633 1.343246738 -3.906129761
v -0.423342633 1.343246738 -3.906129761
v -0.422403102 1.348106478 -3.905122186
v -0.422403102 1.348106478 -3.905122186
v -0.422403102 1.348106478 -3.905122186
v -0.422403102 1.348106478 -3.905122186
v -0.422403102 1.348106478 -3.905122186
v -0.422403102 1.348106478 -3.905122186
v -0.422403102 1.348106478 -3.905122186
v -0.422403102 1.348106478 -3.905122186
v -0.423342633 1.343246738 -3.906129761
v -0.422403102 1.348106478 -3.905122186
v -0.422403131 1.348106472 -3.905122230
v -0.422403158 1.348106466 -3.905122270
v -0.422403183 1.348106460 -3.905122309
v -0.422403183 1.348106460 -3.905122309
v -0.422403204 1.348106455 -3.905122341
v -0.422403221 1.348106451 -3.905122366
v -0.422403205 1.348106455 -3.905122342
v -1.097505688 0.823092384 -3.171114925
v -0.423342633 1.343246738 -3.906129761
v -0.422403236 1.348106448 -3.905122389
v -1.097505688 0.823092384 -3.171114925
v -1.097505666 0.823092393 -3.171114919
v -1.097505688 0.823092384 -3.171114925
v -1.097505673 0.823092390 -3.171114921
v -1.097505680 0.823092387 -3.171114922
v -0.422403239 1.348106447 -3.905122395
v -0.422403236 1.348106448 -3.905122390
v -0.422403237 1.348106448 -3.905122391
v -0.422403241 1.348106447 -3.905122396
v -0.422403238 1.348106447 -3.905122393
v -0.422403240 1.348106447 -3.905122395
v -0.422403242 1.348106447 -3.905122398
v -0.422403239 1.348106447 -3.905122394
v -0.422403241 1.348106447 -3.905122397
v -0.422403241 1.348106447 -3.905122396
v -0.422403241 1.348106447 -3.905122397
v -0.422403240 1.348106447 -3.905122395
v -0.422403243 1.348106446 -3.905122400
v -0.422403237 1.348106448 -3.905122390
v -0.422403226 1.348106450 -3.905122375
v -0.422403243 1.348106446 -3.905122400
v -0.422403243 1.348106446 -3.905122400
v -0.422403243 1.348106446 -3.905122400
v -0.422403243 1.348106446 -3.905122400
v -0.422403243 1.348106446 -3.905122400
v -0.422403243 1.348106446 -3.905122400
v -0.422403243 1.348106446 -3.905122400
v -0.422403239 1.348106447 -3.905122394
v -0.423342633 1.343246738 -3.906129761
v -0.423342774 1.343246705 -3.906129975
v -0.423342774 1.343246705 -3.906129975
v -0.422403102 1.348106478 -3.905122186
v -0.422403102 1.348106478 -3.905122186
v -0.422403196 1.348106457 -3.905122328
v -0.422403243 1.348106446 -3.905122400
v -0.423342633 1.343246738 -3.906129761
v -0.422403225 1.348106450 -3.905122373
v -0.422403133 1.348106471 -3.905122234
v -0.422403196 1.348106457 -3.905122328
v -0.422403242 1.348106447 -3.905122398
v -0.422403243 1.348106446 -3.905122400
v -0.422403241 1.348106447 -3.905122396
v -0.422403241 1.348106447 -3.905122396
v -0.422403240 1.348106447 -3.905122395
v -1.097505680 0.823092387 -3.171114922
v -0.422403243 1.348106446 -3.905122400
v -0.422403239 1.348106447 -3.905122394
v -0.422403237 1.348106448 -3.905122391
v -0.422403140 1.348106233 -3.905122470
v -0.423342633 1.343246738 -3.906129761
v -0.423342633 1.343246738 -3.906129761
v -0.423342633 1.343246738 -3.906129761
v -0.423342633 1.343246738 -3.906129761
v -0.422403243 1.348106446 -3.905122400
v -0.422403243 1.348106446 -3.905122400
v -0.422403243 1.348106446 -3.905122400
v -0.422403243 1.348106446 -3.905122400
v -0.423342774 1.343246705 -3.906129975
v -0.422403243 1.348106446 -3.905122400
v -0.422403243 1.348106446 -3.905122400
v -0.423342774 1.343246705 -3.906129975
v -0.423342774 1.343246705 -3.906129975
v -0.423342774 1.343246705 -3.906129975
v -0.423342774 1.343246705 -3.906129975
v -0.423342774 1.343246705 -3.906129975
v -0.423342774 1.343246705 -3.906129975
v -0.423342774 1.343246705 -3.906129975
v -0.423342774 1.343246705 -3.906129975
v -0.423342774 1.343246705 -3.906129975
v -0.423342774 1.343246705 -3.906129975
v -0.423342774 1.343246705 -3.906129975
v -0.423342774 1.343246705 -3.906129975
v -0.422403243 1.348106446 -3.905122400
v -0.422403243 1.348106446 -3.905122400
v -0.423342774 1.343246705 -3.906129975
v -0.422403243 1.348106446 -3.905122400
v -0.423342774 1.343246705 -3.906129975
v -0.423342774 1.343246705 -3.906129975
v -0.423342774 1.343246705 -3.906129975
v -0.423342774 1.343246705 -3.906129975
v -0.422403243 1.348106446 -3.905122400
v -0.422403243 1.348106446 -3.905122400
v -0.422403243 1.348106446 -3.905122400
v -0.422403243 1.348106446 -3.905122400
v -0.422403243 1.348106446 -3.905122400
v -0.422403243 1.348106446 -3.905122400
v -0.422403243 1.348106446 -3.905122400
v -0.422403243 1.348106446 -3.905122400
v -0.422403243 1.348106446 -3.905122400
v -0.422403243 1.348106446 -3.905122400
v -0.422403243 1.348106446 -3.905122400
v -0.422403243 1.348106446 -3.905122400
v -0.422403243 1.348106446 -3.905122400
v -0.422403243 1.348106446 -3.905122400
v -0.422403243 1.348106446 -3.905122400
v -0.422403243 1.348106446 -3.905122400
v -0.422403243 1.348106446 -3.905122400
v -0.422403243 1.348106446 -3.905122400
v -0.423342774 1.343246705 -3.906129975
v -0.423342774 1.343246705 -3.906129975
v -0.423342774 1.343246705 -3.906129975
v -0.423342774 1.343246705 -3.906129975
v -0.422403243 1.348106446 -3.905122400
v -0.422403243 1.348106446 -3.905122400
v -0.422403243 1.348106446 -3.905122400
v -0.422403243 1.348106446 -3.905122400
v -0.422403243 1.348106446 -3.905122400
v -0.423342774 1.343246705 -3.906129975
v -0.423342774 1.343246705 -3.906129975
v -0.423342774 1.343246705 -3.906129975
v -0.423342633 1.343246738 -3.906129761
v -0.423342633 1.343246738 -3.906129761
v -0.423342633 1.343246738 -3.906129761
v -0.423342633 1.343246738 -3.906129761
v -0.423342633 1.343246738 -3.906129761
v -0.423342633 1.343246738 -3.906129761
v -0.423342633 1.343246738 -3.906129761
v -0.423342633 1.343246738 -3.906129761
v -0.423342774 1.343246705 -3.906129975
v -0.423342633 1.343246738 -3.906129761
v -0.423342774 1.343246705 -3.906129975
v -0.423342774 1.343246705 -3.906129975
v -0.423342774 1.343246705 -3.906129975
v -0.422403243 1.348106446 -3.905122400
v -0.423342774 1.343246705 -3.906129975
v -0.422403243 1.348106446 -3.905122400
v -0.422403243 1.348106446 -3.905122400
v -0.422403243 1.348106446 -3.905122400
v -0.422403243 1.348106446 -3.905122400
v -0.422403243 1.348106446 -3.905122400
v -0.423342774 1.343246705 -3.906129975
v -0.423342774 1.343246705 -3.906129975
v -0.423342774 1.343246705 -3.906129975
v -0.423342774 1.343246705 -3.906129975
v -0.423342774 1.343246705 -3.906129975
v -0.422403243 1.348106446 -3.905122400
v -0.423342774 1.343246705 -3.906129975
v -0.422403242 1.348106447 -3.905122398
v -0.423342633 1.343246738 -3.906129761
v -0.423342633 1.343246738 -3.906129761
v -0.422403241 1.348106447 -3.905122397
v -0.422403243 1.348106446 -3.905122400
v -0.422403241 1.348106447 -3.905122397
v -0.422403102 1.348106478 -3.905122186
v -0.423342633 1.343246738 -3.906129761
v -0.423342633 1.343246738 -3.906129761
v -0.422403243 1.348106446 -3.905122400
v -0.422403243 1.348106446 -3.905122400
v -0.422403102 1.348106478 -3.905122186
v -0.422403102 1.348106478 -3.905122186
v -0.422403243 1.348106446 -3.905122400
v -0.422403240 1.348106447 -3.905122395
v -0.422403102 1.348106478 -3.905122186
v -0.422403102 1.348106478 -3.905122186
v -0.422403102 1.348106478 -3.905122186
v -0.422403102 1.348106478 -3.905122186
v -0.422403102 1.348106478 -3.905122186
v -0.422403102 1.348106478 -3.905122186
v -0.422403131 1.348106472 -3.905122229
v -0.422403159 1.348106465 -3.905122272
v -1.097505646 0.823092402 -3.171114914
v -1.097505673 0.823092390 -3.171114921
v -0.422403236 1.348106448 -3.905122390
v -0.422403230 1.348106449 -3.905122380
v -0.423342774 1.343246705 -3.906129975
v -0.423342774 1.343246705 -3.906129975
v -0.422403243 1.348106446 -3.905122400
v -0.423342774 1.343246705 -3.906129975
v -0.422403243 1.348106446 -3.905122400
v -0.423342774 1.343246705 -3.906129975
v -0.422403243 1.348106446 -3.905122400
v -0.422403102 1.348106478 -3.905122186
v -0.423342774 1.343246705 -3.906129975
v -0.423342774 1.343246705 -3.906129975
v -0.422403243 1.348106446 -3.905122400
v -0.423342774 1.343246705 -3.906129975
v -0.423342774 1.343246705 -3.906129975
v -0.423342774 1.343246705 -3.906129975
v -0.423342774 1.343246705 -3.906129975
v -0.423342774 1.343246705 -3.906129975
v -0.423342774 1.343246705 -3.906129975
v -0.423342774 1.343246705 -3.906129975
v -0.423342774 1.343246705 -3.906129975
v -0.423342774 1.343246705 -3.906129975
v -0.423342774 1.343246705 -3.906129975
v -0.423342774 1.343246705 -3.906129975
v -0.423342774 1.343246705 -3.906129975
v -0.423342774 1.343246705 -3.906129975
v -0.423342774 1.343246705 -3.906129975
v -0.423342774 1.343246705 -3.906129975
v -0.423342774 1.343246705 -3.906129975
v -0.423342774 1.343246705 -3.906129975
v -0.423342774 1.343246705 -3.906129975
v -0.423342774 1.343246705 -3.906129975
v -0.423342633 1.343246738 -3.906129761
v -0.423342633 1.343246738 -3.906129761
v -0.423342633 1.343246738 -3.906129761
v -0.423342633 1.343246738 -3.906129761
v -0.422403103 1.348106477 -3.905122188
v -0.422403102 1.348106477 -3.905122190
v -0.422403103 1.348106476 -3.905122190
v -0.422403102 1.348106478 -3.905122186
v -0.422403102 1.348106478 -3.905122186
v -0.422403102 1.348106478 -3.905122186
v -0.422403102 1.348106478 -3.905122186
v -0.422403102 1.348106478 -3.905122186
v -0.423342633 1.343246738 -3.906129761
v -0.423342633 1.343246738 -3.906129761
v -0.423342633 1.343246738 -3.906129761
v -0.423342633 1.343246738 -3.906129761
v -0.423342633 1.343246738 -3.906129761
v -0.423342633 1.343246738 -3.906129761
v -0.422403243 1.348106446 -3.905122400
v -0.423342774 1.343246705 -3.906129975
v -0.422403243 1.348106446 -3.905122400
v -0.423342774 1.343246705 -3.906129975
v -0.423342774 1.343246705 -3.906129975
v -0.423342774 1.343246705 -3.906129975
v -0.423342774 1.343246705 -3.906129975
v -0.423342774 1.343246705 -3.906129975
v -0.423342774 1.343246705 -3.906129975
v -0.423342774 1.343246705 -3.906129975
v -0.423342774 1.343246705 -3.906129975
v -0.423342774 1.343246705 -3.906129975
v -0.423342774 1.343246705 -3.906129975
v -0.423342774 1.343246705 -3.906129975
v -0.422403238 1.348106447 -3.905122392
v -0.422403236 1.348106448 -3.905122390
v -0.423342774 1.343246705 -3.906129975
v -0.423342774 1.343246705 -3.906129975
v -0.423342774 1.343246705 -3.906129975
v -0.423342774 1.343246705 -3.906129975
v -0.423342774 1.343246705 -3.906129975
v -0.423342774 1.343246705 -3.906129975
v -0.422403243 1.348106446 -3.905122400
v -0.422403243 1.348106446 -3.905122400
v -0.423342774 1.343246705 -3.906129975
v -0.423342774 1.343246705 -3.906129975
v -0.423342774 1.343246705 -3.906129975
v -0.423342774 1.343246705 -3.906129975
v -0.422403240 1.348106447 -3.905122395
v -0.422403242 1.348106446 -3.905122399
v -0.422403243 1.348106446 -3.905122400
v -0.422403243 1.348106446 -3.905122400
v -0.422283519 1.337216747 -3.908321089
v -0.437799271 1.377896911 -3.905130566
v -0.435718829 1.319785362 -3.892761728
v -0.434580410 1.370540983 -3.905114924
v -0.423342633 1.343246738 -3.906129761
v -0.423342633 1.343246738 -3.906129761
v -0.423342633 1.343246738 -3.906129761
v -0.423342633 1.343246738 -3.906129761
v -0.423342633 1.343246738 -3.906129761
v -0.423342633 1.343246738 -3.906129761
v -0.423342633 1.343246738 -3.906129761
v -0.423342633 1.343246738 -3.906129761
v -0.423342633 1.343246738 -3.906129761
v -0.423342633 1.343246738 -3.906129761
v -0.423342633 1.343246738 -3.906129761
v -0.423342633 1.343246738 -3.906129761
v -0.423342633 1.343246738 -3.906129761
v -0.423342633 1.343246738 -3.906129761
v -0.423342633 1.343246738 -3.906129761
v -0.423342633 1.343246738 -3.906129761
v -0.423342633 1.343246738 -3.906129761
v -0.423342633 1.343246738 -3.906129761
v -0.423342633 1.343246738 -3.906129761
v -0.449388313 1.401509185 -3.905097266
v -0.424898597 1.352240545 -3.905057414
v -0.432058546 1.368266675 -3.905150239
v -0.429031647 1.362475934 -3.905164343
v -0.423342633 1.343246738 -3.906129761
v -0.423342633 1.343246738 -3.906129761
v -0.423342633 1.343246738 -3.906129761
v -0.423342633 1.343246738 -3.906129761
v -0.423342633 1.343246738 -3.906129761
v -0.423342633 1.343246738 -3.906129761
v -0.422089653 1.345864097 -3.905345702
v 1.067996425 0.795840004 -2.942667301
v -0.422381615 1.350829996 -3.905820721
v 0.117985951 0.421281355 -0.000181022
v -1.245906437 0.904735051 -3.118061628
v 1.074148357 0.799024735 -2.942422973
v -1.382384238 0.897715990 -3.076007876
v -0.427673771 1.356184315 -3.905072554
v -0.428394840 1.361764367 -3.905174715
v -0.438812826 1.379218615 -3.905138468
v -0.432082940 1.367323793 -3.905173474
v 1.068602185 0.795655998 -2.942280753
v 1.066659067 0.795272856 -2.942773309
v -0.427653194 1.356603790 -3.905071065
v -0.425815932 1.353549239 -3.905065395
v -0.420889395 1.353073376 -3.905269407
v -0.427721553 1.356854206 -3.904877363
v -0.430056228 1.361238820 -3.904907595
v -0.438883021 1.374925639 -3.904386003
v -0.420889395 1.353073376 -3.905269407
v -0.420674831 1.352258483 -3.905333543
v 1.073747882 0.798691405 -2.942456286
v 1.074454432 0.799105032 -2.942347645
v 1.066659067 0.795272856 -2.942773309
v 1.066659067 0.795272856 -2.942773309
v -0.417079550 1.346354427 -3.905171458
v -0.419420551 1.350990183 -3.905233595
v -0.431531380 1.366200986 -3.905170605
v -0.427089297 1.355371871 -3.905068192
v -0.428835973 1.361632033 -3.905098688
v -0.425977883 1.354128972 -3.904985296
v -0.439183433 1.375601685 -3.904346480
v -0.426252132 1.354457025 -3.904935187
v -0.421744114 1.354326679 -3.905284126
v -0.436946254 1.372902577 -3.904487705
v -0.429513576 1.359739625 -3.904895700
v -0.424878060 1.352343451 -3.905058278
v -0.422403102 1.348106478 -3.905122186
v -0.422403102 1.348106478 -3.905122186
v -0.422403103 1.348106477 -3.905122188
v -0.423342633 1.343246738 -3.906129761
v -0.423342633 1.343246738 -3.906129761
v -0.422403102 1.348106478 -3.905122186
v -0.423342633 1.343246738 -3.906129761
v -0.422403102 1.348106478 -3.905122186
v -0.422403102 1.348106478 -3.905122186
v -0.422403102 1.348106478 -3.905122186
v -0.422403102 1.348106478 -3.905122186
v -0.422403102 1.348106478 -3.905122186
v -0.422403102 1.348106478 -3.905122186
v -0.422403102 1.348106478 -3.905122186
v -0.422403102 1.348106478 -3.905122186
v -0.422403102 1.348106478 -3.905122186
v -0.422403102 1.348106478 -3.905122186
v -0.423342633 1.343246738 -3.906129761
v -0.422403102 1.348106478 -3.905122186
v -0.423342633 1.343246738 -3.906129761
v -0.422403102 1.348106478 -3.905122186
v -0.422403102 1.348106478 -3.905122186
v -0.423342633 1.343246738 -3.906129761
v -0.423342774 1.343246705 -3.906129975
v -0.423342774 1.343246705 -3.906129975
v -0.423342774 1.343246705 -3.906129975
v -0.423342774 1.343246705 -3.906129975
v -0.423342774 1.343246705 -3.906129975
v -0.423342774 1.343246705 -3.906129975
v -0.423342774 1.343246705 -3.906129975
v -0.422403126 1.348106441 -3.905122252
v 1.061904000 0.791670382 -2.945811724
v 1.061904000 0.791670382 -2.945811724
v -0.422403102 1.348106471 -3.905122210
v -0.422403103 1.348106477 -3.905122188
v 1.061904000 0.791670382 -2.945811724
v -0.423342774 1.343246705 -3.906129975
v -0.423342774 1.343246705 -3.906129975
v 1.061904000 0.791670382 -2.945811724
v 1.061903989 0.791670391 -2.945811722
v 1.061904000 0.791670382 -2.945811724
v 1.061904000 0.791670382 -2.945811724
v -0.422403102 1.348106472 -3.905122206
v -0.422403116 1.348106467 -3.905122215
v -0.422403102 1.348106478 -3.905122186
v -0.422403102 1.348106471 -3.905122209
v -0.422403118 1.348106453 -3.905122231
v -0.422403114 1.348106468 -3.905122212
v -0.422403102 1.348106478 -3.905122186
v -0.422403102 1.348106478 -3.905122186
v -0.422403102 1.348106478 -3.905122186
v -0.422403102 1.348106478 -3.905122186
v -0.422403102 1.348106478 -3.905122186
v -0.422403237 1.348106448 -3.905122390
v -0.422403241 1.348106447 -3.905122396
v -0.422403242 1.348106447 -3.905122398
v -0.422403243 1.348106446 -3.905122400
v -0.422403128 1.348106438 -3.905122258
v -0.422403218 1.348106452 -3.905122363
v -0.422403102 1.348106478 -3.905122186
v -0.422403102 1.348106469 -3.905122217
v -0.422403102 1.348106471 -3.905122210
v -0.422403131 1.348106472 -3.905122229
v -0.422403243 1.348106446 -3.905122400
v -0.422403243 1.348106446 -3.905122400
v -0.423342774 1.343246705 -3.906129975
v -0.423342774 1.343246705 -3.906129975
v -0.423342774 1.343246705 -3.906129975
v -0.422403243 1.348106446 -3.905122400
v 1.061903999 0.791670383 -2.945811724
v -0.422403109 1.348106477 -3.905122196
v -0.422403102 1.348106478 -3.905122186
v -0.422403102 1.348106472 -3.905122206
v -0.422403119 1.348106463 -3.905122222
v -0.422403120 1.348106461 -3.905122225
v -0.422403102 1.348106478 -3.905122186
v -0.422403102 1.348106478 -3.905122186
v -0.422403102 1.348106478 -3.905122186
v -0.422403102 1.348106478 -3.905122186
v -0.422403102 1.348106478 -3.905122186
v -0.422403102 1.348106478 -3.905122186
v -0.422403102 1.348106478 -3.905122186
v -0.422403102 1.348106478 -3.905122186
v -0.422403102 1.348106478 -3.905122186
v -0.422403242 1.348106446 -3.905122399
v -0.422403243 1.348106446 -3.905122400
v -0.422403243 1.348106446 -3.905122400
v -0.423342774 1.343246705 -3.906129975
v 1.061904000 0.791670382 -2.945811724
v -0.422403242 1.348106446 -3.905122399
v -0.423342774 1.343246705 -3.906129975
v -0.423342774 1.343246705 -3.906129975
v -0.423342774 1.343246705 -3.906129975
v -0.423342774 1.343246705 -3.906129975
v -0.423342774 1.343246705 -3.906129975
v -0.423342774 1.343246705 -3.906129975
v -0.423342774 1.343246705 -3.906129975
v -0.423342774 1.343246705 -3.906129975
v -0.423342774 1.343246705 -3.906129975
v -0.422403243 1.348106446 -3.905122400
v -0.422403241 1.348106447 -3.905122396
v -0.423342774 1.343246705 -3.906129975
v -0.423342774 1.343246705 -3.906129975
v -0.423342774 1.343246705 -3.906129975
v 1.061904000 0.791670382 -2.945811724
v -0.422403242 1.348106446 -3.905122399
v -0.422403243 1.348106446 -3.905122400
v -0.422403243 1.348106446 -3.905122400
v -0.422403243 1.348106446 -3.905122400
v -0.423342774 1.343246705 -3.906129975
v -0.422403242 1.348106446 -3.905122399
v -0.422403243 1.348106446 -3.905122400
v -0.423342774 1.343246705 -3.906129975
v -0.423342774 1.343246705 -3.906129975
v -0.423342774 1.343246705 -3.906129975
v -0.422403241 1.348106447 -3.905122397
v -0.422403241 1.348106447 -3.905122397
v -0.422403238 1.348106447 -3.905122393
v -0.422403240 1.348106447 -3.905122395
v -0.422403243 1.348106446 -3.905122400
v -0.422403243 1.348106446 -3.905122400
v -0.422403243 1.348106446 -3.905122400
v -0.422403243 1.348106446 -3.905122400
v -0.422403242 1.348106446 -3.905122399
v -0.422403232 1.348106449 -3.905122384
v -0.422403146 1.348106468 -3.905122253
v -0.422403121 1.348106474 -3.905122215
v -0.422403126 1.348106473 -3.905122223
v -0.422403103 1.348106478 -3.905122187
v -0.422403102 1.348106478 -3.905122186
v -0.422403102 1.348106478 -3.905122186
v -0.422403105 1.348106477 -3.905122191
v -0.422403133 1.348106471 -3.905122234
v -0.423342774 1.343246705 -3.906129975
v -0.422403103 1.348106477 -3.905122188
v -0.422403124 1.348106445 -3.905122246
v -0.422403133 1.348106471 -3.905122234
v -0.422403105 1.348106474 -3.905122194
v 1.061903849 0.791670494 -2.945811697
v 1.061903843 0.791670498 -2.945811696
v 1.061903972 0.791670404 -2.945811719
v -0.422403117 1.348106475 -3.905122209
v 1.061903958 0.791670413 -2.945811717
v -0.422403124 1.348106473 -3.905122218
v 1.061903819 0.791670517 -2.945811692
v -0.422403102 1.348106478 -3.905122186
v -0.422403241 1.348106447 -3.905122396
v -0.422403236 1.348106448 -3.905122390
v -0.422403241 1.348106447 -3.905122397
v -0.422403241 1.348106447 -3.905122397
v -0.422403241 1.348106447 -3.905122396
v -0.422403235 1.348106448 -3.905122387
v -0.422403241 1.348106447 -3.905122396
v -0.422403243 1.348106446 -3.905122400
v -0.422403235 1.348106448 -3.905122388
v -0.422403243 1.348106446 -3.905122400
v -0.422403243 1.348106446 -3.905122400
v -0.422403243 1.348106446 -3.905122400
v -0.422403243 1.348106446 -3.905122400
v -0.422403243 1.348106446 -3.905122400
v -0.422403243 1.348106446 -3.905122400
v -0.422403243 1.348106446 -3.905122400
v -0.422403243 1.348106446 -3.905122400
v -0.422403241 1.348106447 -3.905122397
v -0.423342774 1.343246705 -3.906129975
v 1.061903945 0.791670423 -2.945811714
v 1.061903955 0.791670416 -2.945811716
v -0.423342774 1.343246705 -3.906129975
v -0.422403242 1.348106446 -3.905122399
v -0.422403102 1.348106478 -3.905122186
v -0.422403128 1.348106472 -3.905122225
v -0.422403114 1.348106475 -3.905122204
v -0.422403102 1.348106478 -3.905122186
v -0.422403102 1.348106478 -3.905122186
v -0.422403102 1.348106478 -3.905122186
v -0.422403102 1.348106478 -3.905122186
v -0.422403128 1.348106472 -3.905122225
v -0.422403243 1.348106446 -3.905122400
v -0.422403243 1.348106446 -3.905122400
v -0.422403242 1.348106447 -3.905122398
v -0.422403216 1.348106452 -3.905122359
v -0.422403243 1.348106446 -3.905122400
v -0.422403230 1.348106449 -3.905122380
v -0.423342774 1.343246705 -3.906129975
v 1.061903931 0.791670434 -2.945811712
v -0.422403231 1.348106449 -3.905122382
v -0.422403238 1.348106447 -3.905122393
v 1.061903922 0.791670440 -2.945811710
v -0.422403243 1.348106446 -3.905122400
v -0.423342774 1.343246705 -3.906129975
v -0.422403243 1.348106446 -3.905122400
v -0.422403243 1.348106446 -3.905122400
v -0.422403243 1.348106446 -3.905122400
v -0.422403243 1.348106446 -3.905122400
v -0.423342774 1.343246705 -3.906129975
v -0.423342774 1.343246705 -3.906129975
v -0.423342774 1.343246705 -3.906129975
v -0.423342774 1.343246705 -3.906129975
v -0.422403243 1.348106446 -3.905122400
v -0.423342774 1.343246705 -3.906129975
v -0.423342774 1.343246705 -3.906129975
v -0.423342774 1.343246705 -3.906129975
v -0.423342774 1.343246705 -3.906129975
v -0.423342774 1.343246705 -3.906129975
v -0.423342774 1.343246705 -3.906129975
v -0.422403243 1.348106446 -3.905122400
v -0.422403243 1.348106446 -3.905122400
v -0.422403243 1.348106446 -3.905122400
v -0.422403214 1.348106453 -3.905122355
v -0.422403228 1.348106450 -3.905122377
v -0.422403217 1.348106452 -3.905122360
v -0.423342774 1.343246705 -3.906129975
v -0.423342774 1.343246705 -3.906129975
v -0.423342774 1.343246705 -3.906129975
v -0.423342774 1.343246705 -3.906129975
v -0.423342774 1.343246705 -3.906129975
v -0.423342774 1.343246705 -3.906129975
v -0.423342774 1.343246705 -3.906129975
v -0.423342774 1.343246705 -3.906129975
v -0.423342774 1.343246705 -3.906129975
v -0.423342774 1.343246705 -3.906129975
v -0.423342774 1.343246705 -3.906129975
v -0.423342774 1.343246705 -3.906129975
v -0.423342774 1.343246705 -3.906129975
v -0.423342774 1.343246705 -3.906129975
v -0.423342774 1.343246705 -3.906129975
v -0.423342774 1.343246705 -3.906129975
v -0.423342774 1.343246705 -3.906129975
v -0.423342774 1.343246705 -3.906129975
v -0.423342774 1.343246705 -3.906129975
v -0.423342774 1.343246705 -3.906129975
v -0.423342774 1.343246705 -3.906129975
v -0.423342774 1.343246705 -3.906129975
v -0.423342774 1.343246705 -3.906129975
v -0.423342774 1.343246705 -3.906129975
v -0.423342774 1.343246705 -3.906129975
v -0.423342774 1.343246705 -3.906129975
v -0.423342774 1.343246705 -3.906129975
v -0.423342774 1.343246705 -3.906129975
v -0.423342774 1.343246705 -3.906129975
v -0.423342774 1.343246705 -3.906129975
v -0.423342774 1.343246705 -3.906129975
v -0.423342774 1.343246705 -3.906129975
v -0.423342774 1.343246705 -3.906129975
v -0.423342774 1.343246705 -3.906129975
v -0.423342774 1.343246705 -3.906129975
v -0.423342774 1.343246705 -3.906129975
v -0.423342774 1.343246705 -3.906129975
v -0.423342774 1.343246705 -3.906129975
v -0.423342774 1.343246705 -3.906129975
v -0.423342774 1.343246705 -3.906129975
v -0.423342774 1.343246705 -3.906129975
v -0.423342774 1.343246705 -3.906129975
v -0.423342774 1.343246705 -3.906129975
v -0.423342774 1.343246705 -3.906129975
v -0.423342774 1.343246705 -3.906129975
v -0.423342774 1.343246705 -3.906129975
v -0.423342774 1.343246705 -3.906129975
v -0.423342774 1.343246705 -3.906129975
v -0.423342774 1.343246705 -3.906129975
v -0.423342774 1.343246705 -3.906129975
v -0.423342774 1.343246705 -3.906129975
v -0.423342774 1.343246705 -3.906129975
v -0.423342774 1.343246705 -3.906129975
v -0.423342774 1.343246705 -3.906129975
v -0.423342774 1.343246705 -3.906129975
v -0.423342774 1.343246705 -3.906129975
v -0.423342774 1.343246705 -3.906129975
v -0.423342774 1.343246705 -3.906129975
v -0.423342774 1.343246705 -3.906129975
v -0.423342774 1.343246705 -3.906129975
v -0.423342774 1.343246705 -3.906129975
v -0.423342774 1.343246705 -3.906129975
v -0.423342774 1.343246705 -3.906129975
v -0.423342774 1.343246705 -3.906129975
v -0.423342774 1.343246705 -3.906129975
v -0.423342774 1.343246705 -3.906129975
v -0.423342774 1.343246705 -3.906129975
v -0.423342774 1.343246705 -3.906129975
v -0.423342774 1.343246705 -3.906129975
v -0.423342774 1.343246705 -3.906129975
v -0.423342774 1.343246705 -3.906129975
v -0.423342774 1.343246705 -3.906129975
v -0.423342774 1.343246705 -3.906129975
v -0.423342774 1.343246705 -3.906129975
v -0.423342774 1.343246705 -3.906129975
v -0.423342774 1.343246705 -3.906129975
v -0.423342774 1.343246705 -3.906129975
v -0.423342774 1.343246705 -3.906129975
v -0.423342774 1.343246705 -3.906129975
v -0.423342774 1.343246705 -3.906129975
v -0.423342774 1.343246705 -3.906129975
v -0.423342774 1.343246705 -3.906129975
v -0.423342774 1.343246705 -3.906129975
v -0.423342774 1.343246705 -3.906129975
v -0.423342774 1.343246705 -3.906129975
v -0.423342774 1.343246705 -3.906129975
v -0.422403243 1.348106446 -3.905122400
v -0.423342774 1.343246705 -3.906129975
v -0.423342774 1.343246705 -3.906129975
v -0.423342774 1.343246705 -3.906129975
v -0.423342774 1.343246705 -3.906129975
v -1.373911326 0.890403871 -3.075497142
v -0.422283519 1.337216747 -3.908321089
v -0.422403102 1.348106478 -3.905122186
v -0.422403102 1.348106478 -3.905122186
v -0.422403102 1.348106478 -3.905122186
v -0.422403139 1.348106470 -3.905122242
v -0.422403102 1.348106478 -3.905122186
v -0.422403240 1.348106447 -3.905122395
v 1.061903983 0.791670395 -2.945811721
v 1.061904000 0.791670382 -2.945811724
v -0.423342774 1.343246705 -3.906129975
v -0.423342774 1.343246705 -3.906129975
v -0.423342774 1.343246705 -3.906129975
v -0.423342774 1.343246705 -3.906129975
v -0.423342774 1.343246705 -3.906129975
v -0.423342774 1.343246705 -3.906129975
v -0.437732580 1.374074677 -3.905094868
v -0.427285535 1.356211354 -3.905069655
v -0.438370457 1.376806761 -3.905107772
v -0.448008359 1.394896143 -3.905121477
v -0.422293489 1.348661622 -3.905041593
v -0.423598888 1.350657930 -3.905030396
v -0.425092894 1.353132267 -3.905063090
v -0.427278133 1.355929460 -3.905067549
v -0.454210533 1.410226863 -3.905142345
v -0.423826994 1.351285774 -3.905042347
v -0.451435154 1.403547007 -3.905140869
v -0.443443918 1.386001425 -3.905116931
v -0.422282251 1.348529351 -3.905054954
v -0.449448829 1.398819264 -3.905129386
v -0.425173403 1.352736917 -3.905060349
v -0.426074758 1.354140621 -3.905068121
v -0.455593939 1.412996890 -3.905141604
v -0.423943728 1.350945498 -3.905051359
v -0.445640244 1.390782849 -3.905108442
v -0.453467236 1.410140981 -3.905096291
v -0.450181756 1.401656605 -3.905104767
v -0.453762259 1.411261665 -3.905088763
v -0.437762988 1.374801680 -3.905095760
v -0.449956765 1.400699451 -3.905109293
v -0.447735926 1.396593565 -3.905111175
v -0.434054913 1.367706482 -3.905090899
v -0.424569332 1.352233809 -3.905051214
v -0.424557124 1.351822532 -3.905055294
v -0.431319704 1.363710932 -3.905087580
v -0.441151370 1.382577330 -3.905117402
v -0.442682569 1.384852498 -3.905097427
v -0.435795595 1.372207885 -3.905118000
v -0.425151904 1.352919087 -3.905058021
v -0.422723461 1.354545637 -3.905416557
v -0.547330275 1.204151816 -3.789679126
v -0.424539588 1.351876270 -3.905057691
v -0.422305859 1.348814977 -3.905048903
v -0.428719855 1.359019608 -3.905063230
v -0.430264724 1.361288401 -3.905077341
v -0.435105211 1.370286892 -3.905089575
v -0.426957103 1.355933293 -3.905067859
v -0.422576601 1.349203600 -3.905048298
v -0.431098190 1.363088124 -3.905077122
v -0.440902674 1.380854529 -3.905100803
v -0.449529489 1.399126914 -3.905134327
v -0.423596108 1.350514022 -3.905051548
v -0.444032138 1.388043529 -3.905107748
v -0.429176102 1.358816326 -3.905079207
v -0.449671727 1.400047147 -3.905107557
v -0.431064775 1.362568454 -3.905082613
v -0.441677638 1.382425861 -3.905104264
v -0.423252557 1.349921435 -3.905030680
v -0.438279992 1.377102818 -3.905122075
v -0.441177380 1.381611494 -3.905095778
v -0.425474960 1.353515951 -3.905049651
v -0.449175276 1.296430789 -3.880045699
v -0.422659860 1.349376682 -3.905050633
v -0.422276816 1.348675156 -3.905051327
v -0.436387299 1.337426721 -3.896354637
v -0.425740348 1.353921608 -3.905062119
v -0.435594355 1.370842913 -3.905085633
v -0.439999998 1.380653524 -3.905128012
v -0.422942812 1.349482353 -3.905056674
v -0.427288835 1.355999113 -3.905071945
v -0.423342774 1.343246705 -3.906129975
v -0.441537601 1.384061119 -3.905127542
v -0.429061791 1.342976523 -3.901374651
v 1.066659067 0.795272856 -2.942773309
v 1.067257856 0.795574944 -2.942758810
v 1.040910422 0.794561724 -2.972024267
v 1.066659110 0.795272832 -2.942773307
v 1.067682792 0.795783605 -2.942743342
v 1.066659067 0.795272856 -2.942773309
v 1.066744583 0.795316164 -2.942771058
v 1.066659296 0.795272399 -2.942773616
v 1.065121138 0.795814320 -2.944809508
v 1.066659067 0.795272856 -2.942773309
v 1.067012729 0.795218912 -2.942600423
v 1.067312098 0.795474451 -2.942676147
v 1.068108744 0.795981821 -2.942715390
v 1.070928554 0.797320275 -2.942533184
v 1.067680106 0.795779234 -2.942744981
v 1.067680106 0.795779234 -2.942744981
v 1.066916015 0.795401619 -2.942767492
v 1.066659067 0.795272856 -2.942773309
v 1.066826333 0.795342045 -2.942759711
v 1.066900609 0.795334985 -2.942728503
v 1.066877774 0.795253661 -2.942678356
v 1.066907580 0.795368818 -2.942747620
v -0.422283519 1.337216747 -3.908321089
v -0.413149167 1.331787333 -3.905010694
v -0.422283519 1.337216747 -3.908321089
v -0.422283519 1.337216747 -3.908321089
v -0.422282203 1.348079990 -3.905574385
v -0.422200397 1.346519343 -3.905632224
v -0.415880283 1.341257066 -3.905215314
v -0.422403102 1.348106478 -3.905122186
v -0.419464538 1.348525698 -3.905324255
v -0.418656437 1.346208476 -3.905273789
v -0.419464538 1.348525698 -3.905324255
v -0.420300249 1.349923455 -3.905351845
v -0.422167057 1.352598868 -3.905465165
v -0.422283519 1.337216747 -3.908321089
v 1.067683521 0.795782212 -2.942744262
v 1.066659381 0.795272351 -2.942773612
v 1.066742790 0.795307391 -2.942766506
v 1.066659067 0.795272856 -2.942773309
v 1.056638982 0.793610920 -2.953598328
v 1.066659153 0.795272808 -2.942773304
v 1.066742705 0.795307439 -2.942766510
v -0.422283519 1.337216747 -3.908321089
v -0.422283519 1.337216747 -3.908321089
v -0.422284489 1.337310196 -3.908297891
v -0.422286444 1.337521577 -3.908250044
v 1.066659067 0.795272856 -2.942773309
v -0.422285908 1.356894401 -3.905268257
v -0.422305842 1.355859013 -3.905332587
v 1.066740826 0.795298715 -2.942761962
v 1.066742832 0.795307367 -2.942766503
v 1.066742790 0.795307391 -2.942766506
v 1.066659067 0.795272856 -2.942773309
v 0.066295008 0.575573611 0.139389726
v 1.059315926 0.795262101 -2.951270766
v 1.066659067 0.795272856 -2.942773309
v -0.422283519 1.337216747 -3.908321089
v -0.422284982 1.337369162 -3.908285567
v -0.422317750 1.340154479 -3.907678236
v 0.066295008 0.575573611 0.139389726
v 0.066295008 0.575573611 0.139389726
v -0.416122446 1.339589180 -3.905184737
v -0.422460306 1.357584701 -3.905288179
v -0.422283519 1.337216747 -3.908321089
v -0.422284891 1.337420910 -3.908271735
v 0.066295008 0.575573611 0.139389726
v 0.066295008 0.575573611 0.139389726
v 1.066659067 0.795272856 -2.942773309
v 0.066295008 0.575573611 0.139389726
v -0.421896005 1.355161016 -3.905323798
v 1.066916140 0.795401549 -2.942767485
v 1.066744541 0.795316188 -2.942771060
v 1.066916923 0.795402515 -2.942767154
v 1.066744541 0.795316188 -2.942771060
v 1.066916118 0.795401233 -2.942767807
v 1.067341661 0.795615168 -2.942757842
v 1.066745064 0.795315924 -2.942771362
v 1.068195783 0.796043301 -2.942731389
v 1.066659296 0.795272399 -2.942773616
v 0.917804047 0.781697683 -3.093287231
v 1.066744541 0.795316188 -2.942771060
v 1.066830317 0.795359037 -2.942769114
v 1.066659296 0.795272399 -2.942773616
v 1.066745149 0.795315875 -2.942771358
v 1.066659110 0.795272832 -2.942773307
v 1.066659110 0.795272832 -2.942773307
v 1.066659067 0.795272856 -2.942773309
v 1.067003201 0.795445144 -2.942765511
v 1.066659110 0.795272832 -2.942773307
v 1.063580427 0.796363358 -2.946841162
v 1.066659067 0.795272856 -2.942773309
v 1.066659067 0.795272856 -2.942773309
v 1.063568285 0.796367711 -2.946857141
v 1.057793035 0.795832998 -2.953256888
v 1.066659067 0.795272856 -2.942773309
v 1.065115078 0.795816467 -2.944817516
v 1.065115078 0.795816467 -2.944817516
v 1.067056352 0.795362268 -2.942690861
v 1.067598235 0.795738922 -2.942746187
v 1.069467933 0.796668549 -2.942660003
v 1.067363945 0.795177817 -2.942432741
v 1.067854891 0.795868721 -2.942740046
v 1.069027483 0.796412775 -2.942660695
v 1.068619374 0.796243197 -2.942711954
v 1.067170599 0.795523066 -2.942756189
v 1.068008942 0.795926870 -2.942711598
v 1.066744915 0.795315320 -2.942771680
v 1.066744686 0.795315777 -2.942771373
v 1.066659067 0.795272856 -2.942773309
v 1.063984058 0.793593961 -2.945151828
v 1.066983167 0.795371869 -2.942720468
v 1.066907580 0.795368818 -2.942747620
v 1.066983167 0.795371869 -2.942720468
v 1.067253979 0.795551838 -2.942743482
v -0.412894303 1.331179705 -3.904951490
v -0.422283519 1.337216747 -3.908321089
v -0.422283519 1.337216747 -3.908321089
v -0.417660319 1.340421876 -3.905001712
v -0.422283519 1.337216747 -3.908321089
v -0.419410349 1.342918401 -3.904883327
v -0.422283519 1.337216747 -3.908321089
v -0.422456178 1.350707025 -3.905611239
v -0.422283519 1.337216747 -3.908321089
v -0.422283519 1.337216747 -3.908321089
v -0.422283519 1.337216747 -3.908321089
v -0.422283519 1.337216747 -3.908321089
v -0.422442692 1.350589287 -3.905609287
v -0.421289022 1.351393884 -3.905441381
v -0.420920926 1.349787267 -3.905436599
v -0.407571887 1.324828355 -3.905031920
v -0.411798107 1.331325499 -3.905082559
v -0.405312705 1.317984519 -3.905011790
v -0.413382346 1.338234376 -3.905115115
v -0.417378931 1.343109887 -3.905230815
v -0.422282018 1.348650469 -3.905359849
v -0.409522736 1.325537271 -3.905030548
v -0.422154501 1.347205966 -3.905077511
v -0.418556098 1.344268104 -3.905227496
v -0.421131256 1.350606330 -3.905447037
v -0.422522406 1.351052987 -3.905608667
v -0.421551926 1.349852588 -3.905572824
v -0.421000211 1.348207156 -3.905411163
v -0.422329689 1.355513530 -3.905324661
v -0.422283519 1.337216747 -3.908321089
v -0.422283519 1.337216747 -3.908321089
v -0.422130050 1.353643048 -3.905419009
v -0.422332519 1.356053509 -3.905264489
v -0.422283519 1.337216747 -3.908321089
v -0.420300249 1.349923455 -3.905351845
v -0.422101337 1.354918111 -3.905369311
v 1.061540891 0.795422639 -2.948986397
v 1.058823959 0.793764313 -2.951377747
v 1.058792931 0.793758588 -2.951411494
v 1.062440402 0.794142378 -2.947185008
v 1.066659110 0.795272832 -2.942773307
v 1.066659153 0.795272808 -2.942773304
v 1.066657145 0.795264156 -2.942768763
v 1.066827982 0.795351227 -2.942763952
v -0.422283519 1.337216747 -3.908321089
v -0.422283519 1.337216747 -3.908321089
v -0.422283519 1.337216747 -3.908321089
v -0.422283519 1.337216747 -3.908321089
v -0.421985431 1.353157716 -3.905340007
v -0.421896005 1.355161016 -3.905323798
v -0.422283141 1.356431597 -3.905316457
v 1.066659067 0.795272856 -2.942773309
v 1.062440402 0.794142378 -2.947185008
v 1.062440402 0.794142378 -2.947185008
v 1.066744541 0.795316188 -2.942771060
v 1.063973499 0.793587365 -2.945161175
v 1.062440402 0.794142378 -2.947185008
v 1.063984058 0.793593961 -2.945151828
v 1.066744915 0.795315320 -2.942771680
v 1.058792931 0.793758588 -2.951411494
v 1.062440402 0.794142378 -2.947185008
v 1.066828253 0.795350746 -2.942764257
v 1.058823959 0.793764313 -2.951377747
v 1.066744686 0.795315777 -2.942771373
v 1.066830821 0.795359472 -2.942769107
v 1.066828567 0.795350241 -2.942764560
v 1.066744542 0.795316187 -2.942771060
v 1.066744542 0.795316187 -2.942771060
v -0.432053739 1.356508935 -3.904109665
v 1.066659152 0.795272808 -2.942773304
v 0.066295008 0.575573611 0.139389726
v 1.066744915 0.795315320 -2.942771680
v 1.062440402 0.794142378 -2.947185008
v 1.063568285 0.796367711 -2.946857141
v -0.424258899 1.350922141 -3.905011188
v -0.432053739 1.356508935 -3.904109665
v 1.066744292 0.795315971 -2.942771064
v 1.065121138 0.795814320 -2.944809508
v 1.066659110 0.795272832 -2.942773307
v 1.057757926 0.795835565 -2.953297949
v -0.422283519 1.337216747 -3.908321089
v -0.422283925 1.337305253 -3.908295819
v -0.422284003 1.337274748 -3.908308995
v -0.422284003 1.337274748 -3.908308995
v 1.066659067 0.795272856 -2.942773309
v 1.066659067 0.795272856 -2.942773309
v 0.066295008 0.575573611 0.139389726
v 1.066659067 0.795272856 -2.942773309
v -0.422290320 1.337989978 -3.908154504
v -0.422286444 1.337521577 -3.908250044
v -0.422308103 1.339121988 -3.907913790
v -0.422283434 1.337269297 -3.908307057
v 0.066295008 0.575573611 0.139389726
v 0.066295008 0.575573611 0.139389726
v 1.066659067 0.795272856 -2.942773309
v -0.422325390 1.341894642 -3.907290572
v 0.066295008 0.575573611 0.139389726
v 0.066295008 0.575573611 0.139389726
v 0.066295008 0.575573611 0.139389726
v 0.066295008 0.575573611 0.139389726
v 1.066659067 0.795272856 -2.942773309
v 1.066659067 0.795272856 -2.942773309
v 0.066295008 0.575573611 0.139389726
v 1.066659067 0.795272856 -2.942773309
v 1.066659067 0.795272856 -2.942773309
v 1.066659067 0.795272856 -2.942773309
v 1.065115078 0.795816467 -2.944817516
v 1.066659067 0.795272856 -2.942773309
v 1.066659067 0.795272856 -2.942773309
v 1.066659067 0.795272856 -2.942773309
v 1.066659067 0.795272856 -2.942773309
v 1.066659067 0.795272856 -2.942773309
v 1.066659067 0.795272856 -2.942773309
v 1.066659067 0.795272856 -2.942773309
v 1.066659067 0.795272856 -2.942773309
v 1.066659067 0.795272856 -2.942773309
v 1.059315926 0.795262101 -2.951270766
v 1.066830317 0.795359037 -2.942769114
v -0.484085483 1.281800242 -3.855929393
v -0.426111206 1.353739182 -3.904888712
v -1.279513153 0.898150374 -3.103846406
v 1.062440402 0.794142378 -2.947185008
v -0.551433374 1.404752872 -3.885768862
v -0.441290804 1.370724970 -3.903219379
v -0.579608602 1.451717612 -3.878547662
v 0.924111481 0.772949589 -3.085994670
v 1.057320953 0.798118937 -2.954934414
v 1.050026027 0.803134195 -2.966290878
v 1.050026027 0.803134195 -2.966290878
v 1.055486354 0.800749029 -2.958545349
v -0.523661772 1.220435337 -3.814277575
v 1.057757926 0.795835565 -2.953297949
v 1.066659067 0.795272856 -2.942773309
v -0.495581334 1.408909390 -3.897658218
v -0.422301769 1.356683421 -3.905263016
v 1.045489337 0.809893934 -2.975020926
v -0.422432195 1.349378389 -3.905969203
v 1.071394232 0.797628078 -2.942572988
v 1.074347863 0.798584154 -2.943106240
v 1.071397414 0.797633771 -2.942579702
v 1.065453946 0.792779158 -2.946892341
v 1.059165498 0.795502557 -2.951280163
v 1.059154754 0.795517714 -2.951301513
v 1.061718393 0.790326845 -2.948034171
v 1.058237956 0.796814703 -2.953120689
v 1.061232323 0.790014603 -2.948383104
v -0.453485660 1.338328501 -3.885066984
v 1.046148650 0.777477382 -2.958161807
v 1.051647378 0.783272543 -2.956894405
v -0.461840346 1.334823140 -3.879310100
v 1.051836159 0.783752698 -2.957489952
v 1.061073553 0.792987752 -2.947644978
v 1.062129182 0.796151944 -2.948830531
v 1.055568389 0.795151457 -2.955454880
v -0.423342744 1.343246526 -3.906129981
v -0.423342749 1.343246558 -3.906129980
v -0.421530944 1.354282528 -3.905277646
v -0.421289022 1.351393884 -3.905441381
v 1.071317503 0.797603660 -2.942593214
v 1.073529624 0.798766683 -2.942503898
v 1.067946215 0.795913039 -2.942738890
v 1.063973500 0.793587364 -2.945161176
v 1.066744686 0.795315777 -2.942771373
v 1.063973499 0.793587365 -2.945161175
v -0.464732332 1.332738790 -3.877265671
v 1.055568389 0.795151457 -2.955454880
v 1.062129182 0.796151944 -2.948830531
v -0.423342765 1.343246654 -3.906129977
v -0.423342765 1.343246653 -3.906129977
v -0.423342765 1.343246651 -3.906129977
v -0.422285908 1.356894401 -3.905268257
v -0.422179495 1.350400855 -3.908989761
v 1.070045208 0.796963238 -2.942657801
v 1.071933388 0.797947376 -2.942584024
v 1.067680106 0.795779234 -2.942744981
v 1.065743341 0.796539429 -2.944604143
v 1.061540892 0.795422638 -2.948986397
v 1.061500454 0.795424061 -2.949035190
v -0.461840346 1.334823140 -3.879310100
v 1.066916118 0.795401233 -2.942767807
v 1.066745210 0.795315512 -2.942771676
v 1.066744723 0.795314746 -2.942771997
v 1.059973231 0.795986520 -2.951034935
v 1.056347722 0.795635743 -2.955214766
v 1.056347722 0.795635743 -2.955214766
v 1.058823959 0.793764313 -2.951377747
v 1.065739372 0.796545292 -2.944610719
v 1.066659296 0.795272399 -2.942773616
v -0.519055261 1.246578726 -3.823445325
v 1.066744854 0.795315683 -2.942771363
v -0.491844209 1.250733448 -3.844416797
v 1.066744292 0.795315971 -2.942771064
v -0.424258899 1.350922141 -3.905011188
v 1.059143913 0.795533001 -2.951323028
v -0.461875994 1.379537851 -3.903325515
v 1.062423738 0.794137984 -2.947202339
v -0.432053739 1.356508935 -3.904109665
v 1.048293555 0.795072961 -2.963778021
v -1.311053089 0.896141091 -3.098137173
v 1.055035611 0.794185209 -2.955664698
v -0.522745897 1.430193983 -3.894025394
v 1.059315926 0.795262101 -2.951270766
v -0.439880577 1.362180671 -3.903106596
v -1.236124418 0.910377978 -3.122415651
v 1.066659110 0.795272832 -2.942773307
v 1.043224940 0.793359674 -2.968392465
v -0.463633025 1.374244266 -3.900557348
v 1.020388499 0.788313336 -2.994756803
v 0.205566301 0.452674698 0.028849934
v 1.001027619 0.780619784 -3.012610017
v 1.056403760 0.799430381 -2.956742650
v 1.055486342 0.800749038 -2.958545346
v 1.037177924 0.811040094 -2.985078188
v 1.049105975 0.804487148 -2.968070877
v 1.057320959 0.798118932 -2.954934415
v 1.037177924 0.811040094 -2.985078188
v 1.048185817 0.805847120 -2.969845122
v 1.054568801 0.802074809 -2.960342482
v 1.057320962 0.798118930 -2.954934416
v 1.010243936 0.830322923 -3.022930361
v 1.034283689 0.821303022 -2.993209297
v 1.050988894 0.801747420 -2.964433036
v 1.065832012 0.796577071 -2.944595018
v 1.053704845 0.797793317 -2.959114099
v 1.064826265 0.797815915 -2.946427813
v 1.050070682 0.797493610 -2.963279410
v -0.422442692 1.350589287 -3.905609287
v -0.422292617 1.342067869 -3.908662509
v -0.422200397 1.346519343 -3.905632224
v 1.057320981 0.798118916 -2.954934420
v 1.076095533 0.799890813 -2.942212771
v 1.070663880 0.797273662 -2.942629795
v 1.050182098 0.777514002 -2.949659423
v 1.064766667 0.789506542 -2.944470059
v 1.075191739 0.799603607 -2.942394503
v 1.068960103 0.796419767 -2.942702005
v 1.073211174 0.797823863 -2.943147194
v 1.059154752 0.795517716 -2.951301513
v 1.070145153 0.797025286 -2.942657418
v 1.071317503 0.797603660 -2.942593214
v 1.073529814 0.798766251 -2.942504209
v 1.068031083 0.795958306 -2.942735711
v 1.058237957 0.796814702 -2.953120689
v 1.058237956 0.796814703 -2.953120689
v 1.064741079 0.792210617 -2.945808912
v 1.064741079 0.792210617 -2.945808912
v 1.057621460 0.787712161 -2.952402418
v 1.063096681 0.791186206 -2.946699492
v 1.055340599 0.785932302 -2.954096096
v 1.057621460 0.787712161 -2.952402418
v 1.054100442 0.785081805 -2.954929824
v 1.055049307 0.785708243 -2.954201729
v 1.055049307 0.785708243 -2.954201729
v 1.067134967 0.793707677 -2.944296222
v -0.455614199 1.336761857 -3.883653965
v 1.052842050 0.784327447 -2.956355337
v -0.464670548 1.332562270 -3.877344623
v 1.055899744 0.786598278 -2.953831411
v -0.484600683 1.317780038 -3.862071672
v 1.038303552 0.770272063 -2.960053783
v -0.500325159 1.287195484 -3.846183682
v -0.482471353 1.319737382 -3.863799626
v 1.050522070 0.781805416 -2.956826421
v -0.464732332 1.332738790 -3.877265671
v 1.037358592 0.768974637 -2.959416806
v -0.435396963 1.340637860 -3.897036828
v 1.065739363 0.796545299 -2.944610717
v -0.480241921 1.314608475 -3.873166783
v 1.061206433 0.797445918 -2.950656642
v -0.467779437 1.390117881 -3.898217300
v -0.422275099 1.337192559 -3.908232610
v -0.422306991 1.337306962 -3.908184360
v -0.423077025 1.333272681 -3.908279338
v -0.422296580 1.334334504 -3.908468606
v 1.070145153 0.797025286 -2.942657418
v 1.070142725 0.797026638 -2.942657548
v 1.068195783 0.796043301 -2.942731389
v 1.066746522 0.795312465 -2.942773853
v -0.450993419 1.321248323 -3.884542243
v -0.481853379 1.308730745 -3.862535575
v -0.463151615 1.325400438 -3.877659103
v 1.066659067 0.795272856 -2.942773309
v 1.056689676 0.798393232 -2.956618390
v -0.424393569 1.339392596 -3.907689375
v -0.491120496 1.307100694 -3.856066789
v -0.536661447 1.222910606 -3.803426766
v -0.543762312 1.203914845 -3.791750028
v -0.422224661 1.343216988 -3.905759860
v -0.494518747 1.300683653 -3.852696140
v -0.526590012 1.222150181 -3.812635633
v -0.427091619 1.343233478 -3.908583394
v -0.423342764 1.343246649 -3.906129977
v -0.430603485 1.366565352 -3.911045854
v -0.454919116 1.403381532 -3.906244671
v -0.423342764 1.343246646 -3.906129977
v -0.422359341 1.346715466 -3.905303460
v -0.501842376 1.263847232 -3.844772797
v -0.422403204 1.348106371 -3.905122364
v -0.509418204 1.272443726 -3.836802426
v -0.423342764 1.343246647 -3.906129977
v -0.422040879 1.338410300 -3.906377040
v -0.422706236 1.336849774 -3.907065753
v -0.422374558 1.339248618 -3.908952246
v -0.423342740 1.343246505 -3.906129982
v -0.423342740 1.343246506 -3.906129982
v -0.423227861 1.349125438 -3.911825497
v -0.422355845 1.344051384 -3.906825641
v -0.422847212 1.370916361 -3.919351153
v -0.422319939 1.340809954 -3.909370611
v -0.421700292 1.354848937 -3.905297669
v 1.067685897 0.795790653 -2.942748782
v 1.066744723 0.795314746 -2.942771997
v 1.066745245 0.795314477 -2.942772302
v 1.067598235 0.795738922 -2.942746187
v -0.449319135 1.335399549 -3.887838150
v -0.521422250 1.253616859 -3.823544595
v -0.537499824 1.223356143 -3.802785099
v 1.062164480 0.796145273 -2.948783013
v 1.051943506 0.814381018 -2.961463526
v 1.066744915 0.795315320 -2.942771680
v 1.066744686 0.795315777 -2.942771373
v 1.066659255 0.795272420 -2.942773620
v 1.066744686 0.795315777 -2.942771373
v 1.066832721 0.795353086 -2.942773464
v 1.066659255 0.795272421 -2.942773619
v 1.066746522 0.795312465 -2.942773853
v 1.066659255 0.795272420 -2.942773620
v 1.061500454 0.795424061 -2.949035190
v 1.063051544 0.794865747 -2.946998694
v 1.061520753 0.795423346 -2.949010698
v 1.056347722 0.795635743 -2.955214766
v 1.061500454 0.795424061 -2.949035190
v 1.066659067 0.795272856 -2.942773309
v -0.509052071 1.274492444 -3.837417518
v 1.061540892 0.795422638 -2.948986397
v 1.066659067 0.795272856 -2.942773309
v -0.539860607 1.220502686 -3.800043337
v 1.063051357 0.794866182 -2.946998382
v -0.449643372 1.338066000 -3.887621717
v 1.063051357 0.794866182 -2.946998382
v 1.065742781 0.796540729 -2.944603211
v 1.062128998 0.796152377 -2.948830218
v -0.441437076 1.336806056 -3.892973857
v 1.065739176 0.796545733 -2.944610405
v 1.065742781 0.796540729 -2.944603211
v 1.061206428 0.797445922 -2.950656641
v -0.414372134 1.344608229 -3.904555941
v -1.095929529 0.821363823 -3.171065779
v -0.418704593 1.346426320 -3.904879724
v -0.409294610 1.342593142 -3.904202581
v -0.418615634 1.346406666 -3.904855994
v -0.413146501 1.344118565 -3.904460432
v -0.406747523 1.341660725 -3.903993079
v -0.423342774 1.343246705 -3.906129975
v -0.423342774 1.343246705 -3.906129975
v -0.423342774 1.343246705 -3.906129975
v -0.423342774 1.343246705 -3.906129975
v -0.423342774 1.343246705 -3.906129975
v -0.423342774 1.343246705 -3.906129975
v -0.423342774 1.343246705 -3.906129975
v -0.420942520 1.347432326 -3.905026449
v -0.418722834 1.346433308 -3.904881079
v -1.097530119 0.823099347 -3.171121360
f 1507389 1507351 3539005
f 7864375 10027032 7864344
f 10027032 1 1507351
f 23 1703958 22
f 1703958 6094869 3932215
f 6094903 5701720 3539060
f 3539065 7536756 7864502
f 7864534 7864502 10027222
f 10027057 10027222 12189745
f 187 154 1704123
f 5701660 5701726 14352412
f 9699548 7536728 9699416
f 11534485 11862132 11534452
f 2818225 4980918 2818230
f 4980918 7143638 4980950
f 7143638 3997745 1769692
f 3997916 12255420 14352467
f 14352533 5374035 9699537
f 9699505 13631697 11534375
f 11534380 2490407 2818153
f 2818186 2818153 4980874
f 12255261 12255294 10092573
f 3211419 5374140 3211452
f 9371698 13631571 9371731
f 4653200 2490577 4653265
f 6488136 6815783 6488103
f 10092607 10092573 7929919
f 14024826 3211419 14024859
f 7209175 9371698 7209010
f 13303919 4653200 13303952
f 8650956 6488136 8650824
f 7929886 7929919 5767198
f 11927641 14024826 11927674
f 5046455 7209175 5046487
f 11206734 13303919 11206767
f 4260012 8650956 4260044
f 5767199 5767198 3604511
f 9764920 11927641 9764953
f 2883734 5046455 2883767
f 9044013 11206734 9044046
f 2228363 4260012 2228396
f 3604512 3604511 14417952
f 7602397 9764920 7602232
f 13697141 2883734 13697174
f 6881490 9044013 6881325
f 12976234 2228363 12976267
f 14417953 14417952 12320801
f 5439677 7602397 5439709
f 11599956 13697141 11599989
f 4718770 6881490 4718802
f 10879049 12976234 10879082
f 12320770 12320801 10158082
f 3276956 5439677 3276989
f 9437235 11599956 9437268
f 2556049 4718770 2556082
f 8716328 10879049 8716361
f 10158083 10158082 7995395
f 14090363 3276956 14090396
f 7274712 9437235 7274547
f 13369456 2556049 13369489
f 6553805 8716328 6553640
f 7995396 7995395 5832708
f 11993178 14090363 11993211
f 5111992 7274712 5112024
f 11272271 13369456 11272304
f 4391085 6553805 4391117
f 5832709 5832708 3670021
f 9830457 11993178 9830490
f 2949271 5111992 2949304
f 9109550 11272271 9109583
f 2162828 4391085 2162861
f 3670022 3670021 14483462
f 7667934 9830457 7667769
f 13762678 2949271 13762711
f 6947027 9109550 6946862
f 13041771 2162828 13041804
f 14483463 14483462 12386311
f 5505214 7667934 5505246
f 11665493 13762678 11665526
f 4784307 6947027 4784339
f 10944586 13041771 10944619
f 12386312 12386311 10223624
f 3342493 5505214 3342526
f 9502772 11665493 9502805
f 2621586 4784307 2621619
f 8781865 10944586 8781898
f 10223625 10223624 8060937
f 14155900 3342493 14155933
f 7340249 9502772 7340084
f 13434993 2621586 13435026
f 6619342 8781865 6619177
f 8060938 8060937 5898250
f 12058715 14155900 12058748
f 5177529 7340249 5177561
f 11337808 13434993 11337841
f 4456622 6619342 4456654
f 5898251 5898250 3735563
f 9895994 12058715 9896027
f 3014808 5177529 3014841
f 9175087 11337808 9175120
f 2293901 4456622 2293934
f 3735564 3735563 10289164
f 7733406 9895994 7733306
f 13828215 3014808 13828248
f 7012564 9175087 7012399
f 13107308 2293901 13107341
f 10289165 10289164 8126477
f 5570685 7733406 5570718
f 11731030 13828215 11731063
f 4849844 7012564 4849876
f 11010123 13107308 11010156
f 8126478 8126477 5963790
f 3407964 5570685 3407997
f 9568309 11731030 9568342
f 2687123 4849844 2687156
f 8847402 11010123 8847435
f 5963791 5963790 3801103
f 14221371 3407964 14221404
f 7405786 9568309 7405621
f 13500530 2687123 13500563
f 6684879 8847402 6684714
f 3801104 3801103 1638416
f 12124186 14221371 12124219
f 5243066 7405786 5243098
f 11403345 13500530 11403378
f 4522159 6684879 4522191
f 1638417 1638416 1572881
f 9961497 12124186 9961498
f 3080345 5243066 3080378
f 9240624 11403345 9240657
f 2359438 4522159 2359471
f 1572882 1572881 8192018
f 7798910 9961497 7798809
f 13893752 3080345 13893785
f 7078101 9240624 7077936
f 13172845 2359438 13172878
f 8192019 8192018 6029331
f 5636189 7798910 5636222
f 11796567 13893752 11796600
f 4915381 7078101 4915413
f 11075660 13172845 11075693
f 6029332 6029331 3866644
f 3473468 5636189 3473501
f 9633846 11796567 9633879
f 2752660 4915381 2752693
f 8912939 11075660 8912972
f 3866645 3866644 1703957
f 14286875 3473468 14286908
f 7471323 9633846 7471158
f 13566067 2752660 13566100
f 6750416 8912939 6750251
f 10748008 12845193 10748041
f 12845193 14287018 12189723
f 5308603 7471323 5308635
f 11468882 13566067 11468915
f 4587696 6750416 4587728
f 8585287 10748008 8585320
f 10748099 12714116 10748101
f 6160579 6160581 12845226
f 6160554 5308618 3145915
f 9306161 11468882 9306194
f 2424975 4587696 2425008
f 6357030 8585287 6357063
f 8585411 9306210 7143473
f 13238382 2424975 13238415
f 4325579 6357030 4325414
f 6357187 13238339 11141230
f 4194475 4325579 4194507
f 4325571 4980801 7143595
f 4980907 8978570 11141184
f 11141185 12714048 4128833
f 8978496 12714182 12910656
f 12910697 12910730 10813545
f 12910787 6488230 6815910
f 6488230 12714177 12583078
f 12583045 12583012 14680197
f 12583107 4260065 8650977
f 4260065 12714147 10617057
f 10616867 10616898 10485795
f 10617027 12976289 2228385
f 12976289 12714144 10420385
f 10420391 10420423 12517543
f 10420419 8716480 10879168
f 8716480 12714208 14614720
f 14614629 14614662 12451941
f 14614723 4391103 6553791
f 4391103 12714207 14549183
f 14549026 14549060 12648482
f 14549187 13041858 2162882
f 13041858 12714146 10551490
f 10551464 10551496 8519848
f 10551491 8781955 10944643
f 8781955 12714113 8388739
f 8388710 8388743 8323174
f 8388803 4456576 6619264
f 4456576 12714111 8257664
f 8257572 8257605 10354724
f 8257731 13107359 2293919
f 13107359 12714180 12779679
f 12779689 12779721 10682537
f 12779715 12714148 8454308
f 8454339 12714083 6291555
f 6291651 12714080 6160480
f 13172832 8847455 11010212
f 8847524 6684802 8847490
f 6684802 4522083 6684771
f 4522083 2359393 4522081
f 2359393 13172832 2359392
f 6291491 6291463 10879011
f 131239 131169 13041831
f 4194504 4194307 8782024
f 2097287 393281 2228291
f 2228296 2228291 2555976
f 10879016 10879011 2883624
f 13041709 13041831 4980781
f 8781901 4325576 458759
f 327688 6750275 327747
f 6750275 11272264 6750280
f 11272264 9175181 4653096
f 9175080 7077997 2555949
f 7077933 7405682 2883661
f 458758 524297 327681
f 327816 327681 6750344
f 6750414 6750344 11272398
f 11272275 11272398 3276883
f 9175091 9175213 13762611
f 7078099 141 589833
f 65546 10944513 65537
f 10944513 2949256 10944648
f 2949256 7471310 2949326
f 7471310 11993171 7471187
f 11993171 9896088 5374003
f 589826 655371 65570
f 65737 65570 10944713
f 10944590 10944713 2949198
f 2949267 2949198 7471251
f 7471321 7471251 11993305
f 655394 720908 2162754
f 2162729 2162754 13107241
f 13107310 13107241 5046382
f 5046451 5046382 9568435
f 9568313 9568435 14155833
f 720962 786445 4259938
f 4259913 4259938 2621513
f 2621582 2621513 7143566
f 7143636 7143566 11665620
f 11665497 11665620 3670105
f 786530 851982 6356997
f 6357097 6356997 4718697
f 4718766 4718697 9240750
f 9240628 9240750 13828148
f 13828217 13828148 5767289
f 851973 917519 262148
f 262281 262148 6815881
f 6815951 6815881 11337935
f 11337812 11337935 3342420
f 3342489 3342420 7864473
f 917508 983056 196644
f 196777 196644 8913065
f 8912943 8913065 13500463
f 13500532 13500463 5439604
f 5439673 5439604 9961657
f 983076 1048593 2293828
f 2293962 2293828 11010250
f 11010127 11010250 3014735
f 3014804 3014735 7536788
f 7536858 7536788 12058842
f 1048644 1114130 4391012
f 4390954 4391012 13172778
f 13172847 13172778 5111919
f 5111988 5111919 9633972
f 9633850 9633972 14221370
f 1114212 1179667 6488196
f 6488138 6488196 2687050
f 2687119 2687050 7209103
f 7209173 7209103 11731157
f 11731034 11731157 3735642
f 1179780 1245204 8585253
f 8585322 8585253 4784234
f 4784303 4784234 9306287
f 9306165 9306287 13893685
f 13893754 13893685 5832826
f 1245221 1310741 2359365
f 2359434 2359365 6881418
f 6881488 6881418 11403472
f 11403349 11403472 3407957
f 3408026 3407957 7930010
f 1310789 1376278 4456549
f 4456618 4456549 8978602
f 8978480 8978602 13566000
f 13566069 13566000 5505141
f 5505210 5505141 10027194
f 1376357 1441815 6553733
f 6553803 6553733 11075787
f 11075664 11075787 3080272
f 3080341 3080272 7602325
f 7602395 7602325 12124379
f 1441925 1507352 8650917
f 8650795 8650917 13238315
f 13238384 13238315 5177456
f 5177525 5177456 9699509
f 9699387 9699509 14286907
f 1507493 1572889 10748102
f 10747979 10748102 2752587
f 2752656 2752587 7274640
f 7274710 7274640 11796694
f 11796571 11796694 3801179
f 1573062 1638426 12910630
f 12910699 12910630 4849771
f 4849840 4849771 9371824
f 9371702 9371824 13959222
f 13959291 13959222 5898363
f 1638438 1703963 2424902
f 2424971 2424902 6946955
f 6947025 6946955 11469009
f 11468886 11469009 3473494
f 3473563 3473494 7995547
f 1704006 1769500 4522086
f 4522155 4522086 9044139
f 9044017 9044139 13631537
f 13631606 13631537 5570678
f 5570747 5570678 10092731
f 1769574 1835037 6619270
f 6619340 6619270 11141324
f 11141201 11141324 3145809
f 3145878 3145809 7667862
f 7667932 7667862 12189916
f 1835142 1900574 8716454
f 8716332 8716454 13303852
f 13303921 13303852 5242993
f 5243062 5242993 9765046
f 9764924 9765046 14352444
f 1900710 1966111 10813639
f 10813516 10813639 2818124
f 2818193 2818124 7340177
f 7340247 7340177 11862231
f 11862108 11862231 3866716
f 1966279 4063295 12976167
f 12976236 12976167 4915308
f 4915377 4915308 9437361
f 9437239 9437361 14024759
f 14024828 14024759 5963900
f 4063271 2031648 2490439
f 2490508 2490439 7012492
f 7012562 7012492 11534546
f 11534423 11534546 3539031
f 3539100 3539031 8061084
f 2031687 4128832 4587623
f 4587692 4587623 9109676
f 9109554 9109676 13697074
f 13697143 13697074 5636215
f 5636284 5636215 10158268
f 4128871 2097185 6684807
f 6684877 6684807 11206861
f 11206738 11206861 3211346
f 3211415 3211346 7733399
f 7733469 7733399 12255453
f 12255395 12255453 12648611
f 10158274 8782012 13369421
f 13369490 13369421 5308562
f 5308632 5308562 9830616
f 9830461 9830616 14417981
f 14418115 14417981 10617027
f 10617025 12583107 10617026
f 10551489 10158274 10551490
f 8061090 4980892 9502834
f 9502903 9502834 14090423
f 14090302 14090423 3932222
f 3932385 3932222 12714209
f 12714177 7405793 11927730
f 11927608 11927730 3997752
f 3997789 3997752 14680157
f 14680257 11599965 7078002
f 13762669 5701810 13762738
f 5701810 8126520 5701688
f 8126520 12583005 8126557
f 7798995 10223704 7798872
f 10223704 12583037 10223741
f 13762680 3276851 7798936
f 7798973 7798936 10223805
f 10223809 9896125 12320990
f 12320961 14483678 11993240
f 6226104 12583134 6226142
f 11993184 14155993 6226015
f 6226113 6160479 3670233
f 6094905 12583007 6094943
f 3670110 5767257 6094974
f 6095041 8192126 7864409
f 10289273 12583038 10289278
f 7864478 9961625 10289342
f 10289345 12386494 12058777
f 14549177 12583102 14549182
f 12058847 14221530 14549091
f 14549185 6422627 3735770
f 8388666 12583011 8388707
f 3735681 5832794 8388736
f 8388801 8323200 7929946
f 8257658 12583040 8257664
f 7929983 10027162 8257695
f 8257729 10354847 12124314
f 12452026 12583071 12451999
f 12124351 14287067 12452064
f 12452033 14614752 3801307
f 8454203 12583136 8454368
f 3801218 5898331 8454275
f 8454337 8519811 7995483
f 10485883 12583043 10485891
f 10485953 12583072 12517536
f 12517569 12583109 10682565
f 10682561 12583108 10551492
f 7995553 10092699 10485920
f 10092704 12189883 10420416
f 12189888 14352604 12517573
f 14352581 3866684 12845220
f 3866788 5963868 10682564
f 5963972 8061052 12779682
f 23396711 23462240 23396708
f 22806884 22806886 22741348
f 22151516 22151517 22348124
f 22217046 23265619 23331175
f 23658853 22413668 23658852
f 22413668 22544732 22413660
f 22544732 22544726 22348116
f 22217037 21889369 21758292
f 22479181 23658831 23200101
f 22937955 22872426 22937962
f 22872426 21758295 22872407
f 21758295 22937945 22610275
f 22937953 22937946 22675809
f 22872411 22872415 22479195
f 21758296 42205534 42271361
f 42205835 42205830 42730123
f 42730116 42730123 42402436
f 42402435 42402436 41747075
f 42009219 41222782 42271371
f 41222795 41681528 41353867
f 41681547 41157252 41681540
f 41157252 41157251 42074748
f 42074754 41419388 41222776
f 41419384 41812602 41484920
f 41812600 40829565 41812605
f 40829565 40829557 41157239
f 41157244 41484919 40764025
f 41484927 40829551 40764031
f 40829554 41288303 40960624
f 63308736 63308732 62784448
f 63308734 63308735 62915518
f 63243198 63243201 62522302
f 63046587 63046598 63636411
f 62784419 62784448 61014947
f 62784445 62784420 62718909
f 62522301 62522302 63112125
f 62522306 62522308 63636418
f 60883875 61014948 62653346
f 60883901 63112132 62981026
f 76612755 76678286 76612760
f 76547224 76547218 75957400
f 75826312 75826321 76088456
f 75629706 77005958 76809363
f 76940437 76154008 76940440
f 76154008 76022920 76153992
f 76022920 76022922 76088451
f 75629703 75760777 75891843
f 76219527 76940421 76874901
f 76481686 76416151 76481687
f 76416151 75891851 76416139
f 75891851 76481673 76285078
f 76481689 76481677 76743833
f 76416148 76416144 76219540
f 75891852 105710735 106169936
f 105711184 106235478 105842259
f 106235475 106038860 105514572
f 105907788 105907787 105514575
f 105973327 105711179 106235487
f 106235473 106235487 105580113
f 105711199 106759769 106432095
f 106759775 106497626 106825297
f 106497617 106497615 105776722
f 106497618 106497620 106104407
f 106497623 119015006 119080732
f 119015195 119015194 119342875
f 119342880 119342875 118818592
f 118818583 118818592 118163223
f 118359831 118949644 119080731
f 118949659 118687517 119277339
f 118687515 118490912 118687520
f 118490912 118490903 118884114
f 118884111 118753042 118949661
f 118753053 118228750 118294301
f 118228765 118621972 118228756
f 118621972 118621969 118490896
f 118490898 118294288 118097685
f 118294285 118621963 118097677
f 118621962 118425355 118032147
f 131073 262149 589827
f 262159 262154 655375
f 262151 262155 7
f 131082 524290 65546
f 524298 851983 524303
f 851983 1114131 1179663
f 1114127 720907 1114123
f 720907 65543 196611
f 524292 524290 458756
f 524305 524296 851985
f 851984 851985 1245200
f 1179668 1179662 1310740
f 1179654 1179669 1114118
f 1114125 1114118 720909
f 1638423 1835033 1441818
f 1835034 1703968 2031642
f 1703962 1638430 1572894
f 1376286 1376281 1572888
f 1507359 1507350 1769503
f 2031649 2031645 2424865
f 1703974 1703968 2621478
f 1703978 1703977 1966122
f 1900575 1900571 1376287
f 2424871 2424865 2162727
f 2621474 2621478 2293794
f 2621480 2621476 2687016
f 2687011 2687016 2359331
f 1966117 1966122 1769509
f 2949171 3211314 3014702
f 3211320 3211311 2752568
f 3211309 3211307 3276845
f 2949167 3145772 2818095
f 3145775 3670072 3145784
f 3670072 3866685 3932216
f 3866680 3407915 3866667
f 3407915 2818093 3342382
f 3145780 3145772 3473460
f 3145786 3145782 3670074
f 3670075 3670074 3997755
f 3932222 3932217 4063294
f 3932208 3932223 3866672
f 3866679 3866672 3407927
f 4390977 4587587 4194372
f 4587588 4456522 4784196
f 4456516 4390984 4325448
f 4128840 4128835 4325442
f 4259913 4259904 4522057
f 4784203 4784199 5177419
f 4456528 4456522 5374032
f 4456532 4456531 4718676
f 4653129 4653125 4128841
f 5177425 5177419 4915281
f 5374028 5374032 5046348
f 5374034 5374030 5439570
f 5439565 5439570 5111885
f 4718671 4718676 4522063
f 5636181 5767257 6029399
f 5767258 5767261 6160474
f 5767260 5767263 5505116
f 5636189 6094934 5570653
f 6094941 6422618 6094938
f 6422618 6553704 6750298
f 6553690 6291551 6553695
f 6291551 5570652 5701719
f 6094936 6094934 5898328
f 6094948 6094939 6422628
f 6422626 6422628 6684770
f 6750311 6750307 6815847
f 6750304 6750313 6553696
f 6553702 6553696 6291558
f 7209070 6881386 7340143
f 6881398 6881393 6946934
f 6881389 6881387 7143533
f 7209073 7471218 7405681
f 7471217 7798902 7471222
f 7798902 7864445 8126582
f 7864438 7995499 7864427
f 7995499 7405677 7012463
f 7471212 7471218 7274604
f 7471220 7471216 7798900
f 7798903 7798900 8061047
f 8126588 8126584 8192124
f 8126581 8126590 7864437
f 7864442 7864437 7995514
f 8519809 8323200 8781955
f 8257671 8913024 8257664
f 8913024 8781953 8716419
f 8585350 8257671 8585351
f 9306244 8978559 9306239
f 8978559 8716425 8454275
f 8716421 8716418 8847493
f 8716420 9175176 8847492
f 9175172 9306258 9502852
f 9044114 9371791 9044111
f 9371791 9240714 8650888
f 9240712 9109645 9240717
f 9109645 9437329 9175186
f 9437330 9044115 9568402
f 9830549 9896088 10158231
f 9896098 9896092 10289314
f 9896091 9896094 9699483
f 9830556 10223764 9633948
f 10223772 10485922 10223778
f 10485922 10748070 10813602
f 10748066 10420382 10748062
f 10420382 9633947 9765015
f 10223766 10223764 10027158
f 10223780 10223770 10485924
f 10485923 10485924 10879139
f 10813607 10813601 10944679
f 10813593 10813608 10748057
f 10748063 10748057 10420383
f 11206826 11272365 11534508
f 11272366 11272369 11665582
f 11272368 11272371 11075760
f 11206833 11600041 11010225
f 11600049 11927726 11600046
f 11927726 12058812 12255406
f 12058798 11796659 12058803
f 11796659 11010224 11141292
f 11600043 11600041 11403435
f 11600056 11600047 11927736
f 11927734 11927736 12189878
f 12255419 12255415 12320955
f 12255412 12255421 12058804
f 12058810 12058804 11796666
f 12583103 12648642 12910785
f 12648643 12648646 13041859
f 12648645 12648648 12452037
f 12583110 12976318 12386502
f 12976326 13304003 12976323
f 13304003 13435089 13631683
f 13435075 13172936 13435080
f 13172936 12386501 12517569
f 12976320 12976318 12779712
f 12976333 12976324 13304013
f 13304011 13304013 13566155
f 13631696 13631692 13697232
f 13631689 13631698 13435081
f 13435087 13435081 13172943
f 13762773 13828308 14024915
f 13828317 13828311 14090461
f 13828310 13828312 13893846
f 13762775 14483674 14221527
f 14483671 15073501 14483677
f 15073501 14614764 15401181
f 14614749 14352600 14614744
f 14352600 14221526 14287059
f 14483675 14483674 14549211
f 14483681 14483679 15073505
f 15073512 15073505 14942440
f 15401189 15401191 14811365
f 15401177 15401187 14614745
f 14614754 14614745 14352610
f 15204582 14876900 15597801
f 14876909 14876911 15925485
f 14876910 14876916 15007982
f 15204591 15794411 15335663
f 15794415 16646381 15794413
f 16646381 15991033 16253165
f 15991021 15728884 15991028
f 15728884 15335662 15270121
f 15794410 15794411 15859946
f 15794422 15794419 16646390
f 16646395 16646390 16449787
f 16253180 16253183 16711932
f 16253168 16253184 15991024
f 15991031 15991024 15728887
f 16515322 16908547 16580861
f 17301758 17301763 16908538
f 17301754 17301764 16974086
f 17301766 17367306 17105164
f 17367308 16580869 16777469
f 17170689 17301758 17170686
f 17367303 17367305 17563911
f 17039629 17039626 17826061
f 17694989 17694993 17629453
f 17760526 16777487 16187645
f 16777480 16777464 16843016
f 16777479 16843010 17170701
f 16843021 16843022 17629451
f 17629456 17432843 17236226
f 18153747 18219287 17891606
f 18350354 18284823 18350359
f 18284823 17891603 18088214
f 17891613 17891605 18546973
f 17891609 18546972 18350367
f 18350363 18350367 18284827
f 18153749 18022676 18088221
f 18022685 18809118 18678045
f 18809117 19005731 18612508
f 19005724 18743586 18940188
f 18415906 18874655 18415903
f 18874655 19136795 18809123
f 19136803 19071268 19005730
f 19071266 18415910 19202338
f 19530024 19595564 19267883
f 19595569 19595559 19726641
f 19595565 19595566 19333421
f 19530023 19988778 19464487
f 19988775 22020401 19988785
f 22020401 20119893 22282545
f 20119857 19857710 20119854
f 19857710 19464493 19398955
f 19988777 19988778 20054313
f 19988789 19988787 22020405
f 22020434 22020405 21954898
f 22282576 22282577 21823824
f 22282543 22282574 20119855
f 20119862 20119855 19857718
f 23593324 23134562 23921001
f 24117614 24248674 24117602
f 24248674 23921004 23724393
f 23921005 23921003 23986541
f 23921009 23986543 24117620
f 24117616 24117620 24248688
f 23593323 24183144 23527787
f 24183147 24707437 24183149
f 24707437 24772987 23855471
f 24772975 24314239 25035119
f 24445311 24379764 24445300
f 24379764 24576368 24707451
f 24576379 24510839 24772991
f 24510847 24445305 24641919
f 24904065 25297278 25166205
f 25297277 25362824 25624957
f 25362813 24904066 24969602
f 24838530 24838526 24969600
f 25100678 25100668 25559430
f 25624965 25624963 25756037
f 25362826 25362824 26149258
f 25362828 25362832 25493900
f 25231750 25231748 24838534
f 25756041 25756037 25821577
f 26149259 26149258 26083723
f 26149261 26149263 25887117
f 25887122 25887117 26476946
f 25493909 25493900 25559445
f 26345878 26608014 26542483
f 26608019 26935704 26673555
f 26935699 26345873 26018193
f 26804625 26804622 26018196
f 26411419 26411418 27001243
f 26673561 26673559 27066777
f 26935710 26935704 28836254
f 26935742 26935737 26870206
f 26214811 26214812 26804635
f 27066783 27066777 27197855
f 28836256 28836254 28574112
f 28836283 28836277 29163963
f 29163960 29163963 28639672
f 26870198 26870206 27001270
f 29360570 29098423 28901825
f 29098433 29557188 29360575
f 29229505 29229495 28705212
f 29295036 29032887 29295042
f 29032898 29491651 29426121
f 29557190 29557181 30015942
f 29819339 29229508 29819332
f 29032904 29032895 29491656
f 30409160 29884867 30409155
f 29753809 29753801 30278097
f 30278096 30278097 29950416
f 30015950 30015942 29622734
f 30343621 29819339 30343627
f 29819345 30343632 29950405
f 30605773 30671308 30147028
f 30671316 30933462 30736852
f 30933460 30605783 30081495
f 30540247 30540236 30081490
f 30474716 30474707 31195612
f 30736856 30736853 31326680
f 30933471 30933462 31588831
f 30933476 30933475 31130084
f 30802396 30802393 30540252
f 31326689 31326680 30999009
f 31588826 31588831 31261146
f 31588834 31588830 31654370
f 31654363 31654370 31392219
f 31130080 31130084 31195616
f 32899573 32834040 32768503
f 32834039 33489402 33096183
f 33489399 32899577 32965113
f 33161721 33161720 32965118
f 33358335 33358331 33554943
f 33096188 33096182 33620476
f 33489410 33489402 34341378
f 33489413 33489421 33423877
f 33030655 33030656 33161727
f 33620484 33620476 33292804
f 34341373 34341378 34079229
f 34341383 34341385 33817095
f 33817098 33817095 33686026
f 33423875 33423877 33554947
f 33882632 34537996 34013702
f 34537990 34472470 34931206
f 34472454 33882641 34275857
f 34406929 34406924 34275851
f 34210325 34210318 34800149
f 34931218 34931216 34996754
f 34472471 34472470 35193367
f 34472478 34472474 34865694
f 34603541 34603535 34406933
f 34996761 34996754 34734617
f 35193363 35193367 35258899
f 35193372 35193371 35455516
f 35455517 35455516 35062301
f 34865688 34865694 34800152
f 35848737 35979810 35652132
f 35979812 36176421 35914276
f 36176420 35848735 35717663
f 35783199 35783202 35717664
f 35586602 35586595 36307498
f 35914279 35914278 36373031
f 36176428 36176421 36831788
f 36176438 36176435 36241974
f 35521066 35521065 35783210
f 36373038 36373031 36110894
f 36831784 36831788 37093928
f 36831792 36831799 37028400
f 37028402 37028400 36438578
f 36241965 36241974 36307501
f 37290543 36897329 36569658
f 36897338 37552697 37225018
f 37552698 37290557 36700733
f 37159485 37159473 36700725
f 36962880 36962872 37356096
f 37225023 37225012 37814847
f 37552706 37552697 38076994
f 37552712 37552710 37683784
f 37487168 37487166 37159488
f 37814851 37814847 37421635
f 38076988 38076994 37945916
f 38077004 38076996 38208076
f 38208073 38208076 37749321
f 37683777 37683784 37356097
f 38142533 38011467 38142549
f 38535765 38142535 38404685
f 38732365 38732363 38404682
f 38994512 38994506 38601296
f 39191118 39060052 38666821
f 39060049 39060047 39125585
f 38928982 38535765 38928981
f 38732371 38732365 38601299
f 38601305 38601299 39584345
f 38601303 39584349 39191132
f 39584348 39256667 38797910
f 39256662 38863442 39125593
f 39125587 39322201 39387730
f 39322203 39322202 39584347
f 39912032 39649889 39780962
f 39649890 40043108 39912038
f 40174178 40174177 39846495
f 39977567 40436321 39715427
f 40436323 40436325 40108651
f 40043112 40043102 40567400
f 40370796 40174180 40370788
f 40174186 40174185 39715434
f 40567405 40567400 40239725
f 27329127 40370796 27329132
f 40370596 40370594 40436132
f 40436331 27460004 40501673
f 27460009 27328929 27460001
f 27328929 27328936 27722343
f 27918755 27984293 27394475
f 27984299 28311981 28049835
f 28311979 27918758 27525542
f 27853222 27853221 27525543
f 27656624 27656618 28377520
f 28049838 28049836 28443054
f 28311987 28311981 41877939
f 28312180 28312192 28246644
f 27591088 27591089 27853232
f 28443246 28443054 28181102
f 41877935 41877939 40894895
f 41878139 41878129 41091707
f 41091699 41091707 28508787
f 28246452 28246644 28377524
f 42926729 42795655 42467984
f 42795664 42861199 42926730
f 42533520 42533511 42336908
f 43254412 42664583 43254420
f 42664596 43057810 43188894
f 42861206 42861198 43451030
f 42992280 42533519 42992271
f 42533522 42533521 42664594
f 43451031 43451030 43123351
f 43713171 42992280 43713176
f 42992298 42992284 43057834
f 43057822 44630698 43844259
f 44630691 43713181 44630685
f 43713181 43713189 44302995
f 44237465 44040858 43516580
f 44040868 43909791 44237467
f 43647652 43647642 43582114
f 44499618 44106394 44499622
f 44106406 44434087 44368565
f 43909803 43909793 45023915
f 43975344 43647647 43975327
f 43647655 43647648 44106407
f 45023919 45023915 44827311
f 44761773 43975344 44761776
f 43975342 43975340 44434094
f 44434101 44892846 45351607
f 44892855 44761778 44892850
f 44761778 44761769 44565165
f 46006970 45613745 45679295
f 45613759 45941438 46006963
f 45220543 45220529 45089460
f 45417140 45286065 45417148
f 45286076 45744827 45810378
f 45941441 45941433 46465729
f 45941440 45941446 45548224
f 45941427 45744824 45548211
f 45744819 46269108 46138054
f 46269126 46203586 46465728
f 46203584 46531261 45875904
f 46531264 45744836 46334656
f 45744832 46858936 46531268
f 46858948 46727882 46334651
f 47383247 47186629 47055572
f 47186644 47121104 47383240
f 46596820 46596805 46400201
f 46793417 46662341 46793431
f 46662359 48104159 47579862
f 47121106 47121105 47317714
f 46990035 46596816 46990032
f 46596831 46596814 46662367
f 47317710 47448781 46924494
f 47448782 47514335 47448799
f 47907544 47710945 47645404
f 47710940 47776474 47907547
f 47842012 47842017 48235236
f 47973092 48431841 47973094
f 48431846 48300770 48562917
f 47776483 47776473 48038627
f 48169694 47842010 48169690
f 47842018 47842016 48431842
f 48038624 48693993 48759520
f 48693984 48497378 48693986
f 48890604 49152743 48956139
f 49152747 49087214 48890602
f 48825067 48825063 48628465
f 49480433 49218279 49283828
f 49218292 49414898 49152750
f 49414894 49808109 49021678
f 49808110 48825078 49611502
f 48825072 48825078 49283824
f 49021687 49021683 49545975
f 49021694 49021685 49808126
f 49808120 49808126 49873656
f 49611514 49611513 49218298
f 49349370 49349360 50070266
f 49939194 49939197 49742586
f 50266881 51184380 50332416
f 51184384 51512083 50266879
f 50201344 50201340 50004741
f 50660101 50594556 50660099
f 50594563 50529028 50463498
f 51512082 51512078 50987794
f 50725643 50201363 50725651
f 50201348 50201351 50594564
f 50987785 50987794 51118857
f 51053325 50725643 51053323
f 50725647 50725644 50529039
f 50529034 51249935 50922256
f 51249936 51053320 51249928
f 51053320 51053314 50397965
f 51708692 51577617 51708704
f 51643168 51708694 51381013
f 51839765 51839761 51381017
f 51774232 51774233 51970840
f 52822810 52364055 52232980
f 52364063 52364062 52167455
f 52036381 51643168 52036384
f 51839771 51839765 51970843
f 52626203 52822810 52626202
f 52691748 52691751 52495140
f 52495139 52495140 52101923
f 52167457 52167455 52888353
f 52560680 52036381 52560669
f 52036388 52560675 52101928
f 52757497 66520056 67371814
f 66913285 67765240 66913272
f 67765240 67372025 67437350
f 66782214 66913285 66782213
f 67175420 67306494 67175422
f 67306494 67437579 66978598
f 67437565 67437567 66716669
f 67437564 67240955 66716668
f 67240956 67175434 67699708
f 66651146 67634178 66651138
f 67634178 67044356 66847739
f 67044347 67109891 67044355
f 67109891 67503111 67240970
f 67503114 66651144 67568650
f 52953898 53084971 53412649
f 53609264 53609259 53084970
f 53609258 53543733 53609269
f 53543733 53543741 54264628
f 53543732 53412664 53216041
f 53412655 53412653 53478191
f 53412659 53478193 53609266
f 53478194 54133563 53543736
f 54133560 54133562 54068025
f 52953901 53150510 53281581
f 53150509 53805871 53150511
f 53805871 54199100 53347121
f 54199089 54002491 54199099
f 53871420 53871417 53805884
f 54330176 54395711 54788926
f 54395714 54395717 55313218
f 54395718 54395725 54461254
f 54330181 55116609 54526789
f 55116613 55444290 55116610
f 55444290 54920023 55968578
f 54920002 55247693 54920013
f 55247693 54526790 54723390
f 55116612 55116609 54985540
f 55116619 55116616 55444299
f 55444302 55444299 56099662
f 55968601 55968591 55509849
f 55968579 55968592 54920003
f 54920009 54920003 55247689
f 55771989 55575377 56361812
f 56034141 56034129 55575381
f 56034133 56034138 56165215
f 56034143 56230747 56492894
f 56230750 56361825 56689492
f 55706466 56034141 55706461
f 56230739 56230744 57541459
f 56623983 56623963 56820591
f 57410415 57410404 56886127
f 56755045 56689517 55903060
f 56689490 56689494 56296274
f 56689491 56296284 55706479
f 56296303 56296293 56886112
f 56886115 56558432 55640924
f 57082727 57213802 58065768
f 57344887 57475946 57344874
f 57475946 58065767 57738088
f 58065769 58065778 57672553
f 58065772 57672561 57344880
f 57344884 57344880 57475956
f 57082738 57279339 57738089
f 57279337 57934694 56951657
f 57934697 58262394 57148273
f 58262385 57607036 58393457
f 58000252 57803632 58000240
f 57803632 58131316 57934714
f 58131322 58459005 58262396
f 58459004 58000249 58196860
f 58590081 58852227 58524543
f 58852229 58852222 59442053
f 58852231 58852236 58721159
f 58590078 58655616 58524549
f 58655621 59573122 58786693
f 59573125 59835282 58983308
f 59835276 59376520 59179916
f 59376524 58655623 58327935
f 58786683 58786688 58917755
f 58786698 58786692 59573130
f 59573133 59573130 59769741
f 59835281 59835278 59638673
f 59835270 59835279 59179910
f 59179913 59179910 59376521
f 59966358 60228504 59900820
f 60294035 60490648 60294040
f 60490648 59900822 60031892
f 60752789 60294035 60752787
f 60818336 60162969 60818329
f 60162969 60031900 59704212
f 60031898 60031888 60556186
f 60031904 60556189 60752799
f 60752801 60425119 60359581
f 60425117 60687262 60621725
f 63570889 63374280 63505355
f 64357322 63767496 64357320
f 63767496 63505353 63701963
f 64226253 64357322 64226250
f 63833045 64160727 63833047
f 64160727 63701966 63177675
f 63701977 63701957 64095193
f 63701973 64685011 64095189
f 64685013 63833041 63964117
f 64095186 64095193 64685010
f 65012696 64291798 64553953
f 64619482 64816086 64619478
f 64816086 64553944 64881633
f 65536991 64619482 65536986
f 64750569 64947163 64750555
f 64947163 64881630 63898593
f 64881634 64881616 65143778
f 64881641 65340387 65143785
f 65340393 64750567 65405929
f 65143780 65143778 65340388
f 65733614 65274853 66061292
f 65668081 66388965 65668069
f 66388965 66061294 65602540
f 66061299 66061290 66454515
f 66061291 66454519 65668077
f 65668079 65668077 66388975
f 65733610 65995752 65471466
f 65995754 66323443 65995763
f 66323443 66257908 66192375
f 66257911 65799154 66126839
f 67896332 67961870 69403661
f 70124580 70124558 67961868
f 70124556 70124584 69665830
f 70124582 69927980 69534762
f 69927978 69403694 69600269
f 69338151 70124580 69338148
f 69927971 69927983 70517795
f 70059061 70059052 70255669
f 70648885 70648881 70321205
f 70190130 69600311 69469197
f 69600297 69600293 69862441
f 69600291 70321195 69862435
f 70321187 69993525 69731371
f 69993515 70190130 69993522
f 70452278 70714424 70911028
f 71042107 70386744 71042104
f 70386744 70911030 70779956
f 70911034 70911033 71107642
f 70911037 71107646 71042119
f 71042114 71042119 70386754
f 70452281 70976575 71173177
f 70976569 71631930 70976570
f 71631930 71566405 70845502
f 71566398 71697482 71894078
f 71238730 71304263 71238727
f 71304263 71435330 71631941
f 71435333 72221775 71566410
f 72221770 71238728 71763018
f 72025156 72090701 71828556
f 72090725 72090697 72418405
f 72090704 72090706 71500880
f 72025161 72156238 71828581
f 72156261 73794663 73663594
f 73663599 73663594 72418415
f 72418404 72418415 72287332
f 72025166 72352843 71959630
f 72352846 73925735 72352871
f 73925735 73991270 73729127
f 73991276 73991270 74187884
f 73991267 73991277 74318947
f 74318952 74318947 73598056
f 73729131 73729129 74122347
f 74253424 74515570 75170926
f 74515583 74515580 74581119
f 74515574 74515571 74384502
f 74253436 74908794 75039868
f 74908796 75564159 74908799
f 75564159 74646653 75236479
f 74646655 75105395 74646643
f 75105395 75039862 74450030
f 74908785 74908794 74843249
f 74908789 74908791 75564149
f 75564158 75564149 75433086
f 75236480 75236482 75498624
f 75236484 75236481 74646660
f 74646649 74646660 75105401
f 77137052 77202587 78120090
f 77595817 78447771 77595803
f 78447771 78120092 77989018
f 78120094 78120103 77464734
f 78120097 77464735 77595820
f 77595805 77595820 78447773
f 77137063 77530274 77661351
f 77530279 77792414 77530270
f 77792414 77857957 77399199
f 77857951 78316717 78382239
f 78054573 77923500 78054572
f 77923500 77726877 77792421
f 77726885 78185642 77857965
f 78185645 78054571 78251181
f 78578865 78513327 78906544
f 78972085 78709935 78972079
f 78709935 78906545 79299760
f 78906558 78906555 79824062
f 78906550 79824067 78972083
f 78972090 78972083 78709946
f 78578875 79037625 79168699
f 79037627 79430846 79037630
f 79430846 79627456 79496387
f 79627459 78775489 79692995
f 79103169 78841011 79103155
f 78841011 79758522 79430848
f 79758528 79365308 79627457
f 79365313 79103167 79561921
f 79889606 79955141 80413892
f 79955143 79955148 81200327
f 79955155 79955160 80020691
f 79889612 80217290 80282828
f 80217292 80479431 80217287
f 80479431 80676054 81069255
f 80676039 80807128 80676056
f 80807128 80282835 80348356
f 80282824 80282827 80217288
f 80217294 80217288 80479438
f 80479439 80479438 81003727
f 81069269 81069261 80938197
f 81069265 81069268 80676049
f 80676055 80676049 80807127
f 81331419 81265881 68289754
f 81265682 81265683 68486162
f 81265684 81265686 81396756
f 81331219 68027408 68092947
f 68027411 68944914 68027410
f 68944914 69141532 68879378
f 69141522 68748310 69141526
f 68748310 68092948 68158682
f 68027409 68027408 68617233
f 68027413 68027416 68944917
f 68944921 68944917 69075993
f 68879391 68879389 69010463
f 68879387 68879390 69141531
f 69141527 69141531 68748311
f 69207260 69272610 82117665
f 81528038 81724450 81527842
f 81724450 82117852 81789985
f 82117866 82117857 81659114
f 82117853 81659103 81528037
f 81528030 81528037 81724638
f 69207265 82445540 81986785
f 82445537 81855722 82445546
f 81855722 82183399 82379999
f 82183391 82052323 81921247
f 82248941 82511084 82838760
f 82642161 82707692 82642156
f 82707692 82838765 82314472
f 82838773 82838761 82969845
f 82838766 82969843 82642166
f 82642170 82642166 82707706
f 82248937 83494128 82773225
f 83494121 83821813 83494133
f 83821813 83297528 83100915
f 83297523 83166461 83625203
f 82904317 83363062 82904310
f 83363062 83231994 83821816
f 83231992 83559676 83297533
f 83559677 82904308 83035389
f 83952897 84149509 84215042
f 84083974 84018437 84083973
f 84018437 84215041 83756290
f 84215049 84215039 84280585
f 84215044 84280583 84083979
f 84083983 84083979 84018447
f 83952895 84346110 83690751
f 84346111 85198089 84346121
f 85198089 84608268 84411655
f 84608263 84542738 85001479
f 84477202 84739339 84477195
f 84739339 84870415 85198092
f 84870412 84935953 84608274
f 84935954 84477197 84673810
f 85263642 85329175 85591318
f 85460251 85460247 85329178
f 85460250 85460248 85394720
f 85460256 85656860 85919005
f 85656861 85591331 85132566
f 85591333 85591316 86181157
f 85591321 86181156 85460252
f 86181148 86050082 85656867
f 86050083 86050090 86574369
f 85263636 85067027 85132581
f 85067045 85787935 85853477
f 85787941 86312230 86246692
f 86312228 85984546 86312226
f 86377766 86377761 85787942
f 86639912 86508841 87229739
f 86967604 87164201 86967593
f 87164201 87229736 87295275
f 87229740 87229749 86836524
f 87229744 87754030 86836528
f 87754032 87360817 87033136
f 87360816 87295283 86902059
f 86705455 86705461 86770991
f 86705458 86705453 87491890
f 86836536 86836524 87754040
f 87754045 87754040 87557437
f 87754039 87754041 87033143
f 87033146 87033143 87360826
f 87491899 87491890 87819579
f 87950661 88212803 88278335
f 88212807 88212804 88147271
f 88212801 88212802 88343873
f 87950660 88409418 88671556
f 88409412 88933703 88409415
f 88933703 88540506 89720135
f 88540487 88737090 88540482
f 88737090 88671553 88016191
f 88409408 88409418 87885120
f 88933694 88933702 88606014
f 88933712 88933705 89326928
f 89720148 89720142 88868180
f 89720140 89720141 88540492
f 88540495 88540492 88737103
f 89195857 89654617 90047826
f 89523551 89458009 89523545
f 89458009 90047825 89392466
f 90047835 90047829 89851227
f 90047831 89851228 89523549
f 89523552 89523549 89458016
f 89195861 89261400 89589077
f 89261397 89982299 89261403
f 89982299 90309987 89785692
f 90309980 89916777 90703196
f 90178921 90375517 90178909
f 90375517 90441056 89982307
f 90441059 90572135 90309993
f 90572137 90178914 90244457
f 90768744 90506598 91161962
f 91030896 90965350 91030886
f 90965350 91161960 90899818
f 91161969 91161964 91293041
f 91161966 91293042 91030899
f 91030902 91030899 90965366
f 90768748 90834287 91096428
f 90834284 91424113 90834289
f 91424113 91686264 91227506
f 91686258 91358613 93586802
f 91620757 91489651 91620723
f 91489651 91817334 91424120
f 91817336 93652374 91686293
f 93652373 91620729 91751829
f 93390233 93521300 93455762
f 93717907 93717908 93521305
f 93717913 94176666 93717914
f 94176666 94176672 94307739
f 94176667 93455777 93324690
f 94045585 93717907 94045587
f 94176668 94176663 94766492
f 94373287 94373278 94569895
f 94897575 94897572 94504359
f 94635427 93324713 93783442
f 93324701 93324696 94438813
f 93324700 94438818 94045607
f 94438823 94438819 94504351
f 94504357 94242207 94111138
f 94963112 94700966 95356330
f 95290800 95094182 95290790
f 95094182 95356328 95159722
f 95356338 95356333 95421874
f 95356335 95421873 95290803
f 95290806 95290803 95094198
f 94963117 95028654 95225261
f 95028653 95618482 95028658
f 95618482 95880632 95487409
f 95880625 95552963 96601521
f 95815107 95684019 95815091
f 95684019 96011702 95618488
f 96011704 96273854 95880643
f 96273859 95815097 95946179
f 96535999 96142780 96798146
f 96667078 96667068 96142783
f 96667071 96667073 96470471
f 96667079 97060298 96863691
f 97060299 96798156 96077250
f 96798144 96798139 96732608
f 96798148 96732613 96667082
f 96732618 97781205 97060300
f 97781196 97781198 97322452
f 96535995 96994749 96208315
f 96994747 96929216 96994752
f 96929216 97256909 96404933
f 97256901 97715669 97256917
f 97387981 97387988 96929229
f 111740555 111543760 109708970
f 111543978 111609512 111740581
f 111412906 111412688 97453732
f 111871652 111347152 111871663
f 111347375 112395956 112068275
f 111609513 111609511 112002729
f 111806126 111412904 111806120
f 111347371 111347365 112395947
f 111937195 112330420 111937204
f 112199341 112199347 112264877
f 112264885 112264877 112133813
f 112002726 112002729 111281830
f 112461475 111806126 112461486
f 111806125 112461493 112133795
f 97977815 97912274 97977817
f 97846745 97977816 97584598
f 97519062 97519058 97584595
f 98174417 98174419 98567633
f 98764257 98043355 98239959
f 98371036 98371033 98043360
f 98043350 98567648 98502102
f 98567638 98371025 98436572
f 98371037 98371039 98108893
f 98895322 98502110 98895326
f 98502122 98502118 98567658
f 98567652 99157482 98764258
f 99157474 98895337 99157481
f 98895337 98895331 98698714
f 99288557 99419624 99354092
f 99419628 99878385 99616236
f 99878380 99288555 99026411
f 98829803 98829800 99026407
f 98960886 98960869 99550710
f 99616244 99616238 99747316
f 99878387 99878385 100468211
f 99878392 99878398 99943928
f 99223030 99223029 98829814
f 99747314 99747316 99485170
f 100468207 100468211 100533743
f 100468219 100468223 100075003
f 100074999 100075003 100140535
f 99943929 99943928 99550713
f 100730369 100664829 100730374
f 100206086 100730370 100402682
f 100599290 100599293 100402684
f 100926976 100926972 101254656
f 101516810 100992517 100795905
f 100992521 100992515 101123593
f 101320200 100206086 101320198
f 100599307 100599290 101254667
f 101254672 101254667 101910032
f 101254670 101910036 101516812
f 101910028 101058067 101189128
f 101058056 100861444 101123600
f 101123595 101647888 101451268
f 101647891 101647885 101910035
f 102041111 102172178 102106646
f 102172182 102368795 102041109
f 101975574 101975570 101778959
f 101713423 102696466 101582353
f 102696465 102696474 102303267
f 102368798 102368792 102499870
f 102630941 101975579 102630939
f 101975584 101975583 101582368
f 102499868 102499870 102237724
f 103024153 102630941 103024157
f 102630953 102630949 102696489
f 102696483 103286313 102893089
f 103286305 103024168 103286312
f 103024168 103024162 102827545
f 103417388 103548455 103482923
f 103548459 104007216 103745067
f 104007211 103417380 103155236
f 103351844 103351847 103155238
f 103089717 103089706 103679541
f 103745075 103745069 103876147
f 103745088 103745074 104007232
f 104007223 104007232 104072759
f 104007210 104007221 102958634
f 103876145 103876147 103614001
f 104793646 104793650 104859182
f 104793660 104793665 104203836
f 104203830 104203836 104269366
f 104072760 104072759 103679544
f 104597050 104662585 104400445
f 104662589 105055812 104597059
f 104990269 104990265 104334911
f 104465983 104728121 104465994
f 104728138 105252423 105449032
f 105055813 105055806 104924741
f 105186882 104990276 105186884
f 104728134 104728131 105252422
f 105252429 105252422 105383501
f 105252424 105186889 105645634
f 106563160 106956381 106366555
f 106956379 107152996 106563170
f 107021915 107021917 106694240
f 106628704 106890845 106628710
f 106890854 107546218 107284075
f 107152999 107152993 107415143
f 107087464 107021924 107087460
f 106890851 106890850 107546211
f 107480675 107611754 107480682
f 107415139 107480677 107218531
f 107808367 107939436 107873902
f 107939438 108004977 107808371
f 108136046 108136044 107677298
f 108201586 108070508 108201589
f 108070517 108529273 108267126
f 108004983 108004976 107742839
f 108856941 108136049 108856945
f 108070526 108070515 108529278
f 108725886 108332665 108725881
f 107742846 108725882 108594814
f 108660344 108922496 108463739
f 108922491 109119106 108660361
f 109577851 109577856 108988036
f 108791428 109250176 108791432
f 109250184 109446791 109512326
f 109119107 109119103 109053571
f 109774465 109577858 109774466
f 109577863 109577868 109250183
f 109053580 109643397 109315724
f 109643404 109381255 109643399
f 112527034 112789175 112527032
f 112920248 112527030 112592572
f 113116860 113116855 112592569
f 112854719 112854713 112985791
f 113379005 112658107 113247930
f 112658112 112658113 113051328
f 113444542 112920248 113444536
f 113116868 113116860 112985796
f 113510084 113379005 113510077
f 113706693 113706691 113641157
f 113641162 113641157 113575626
f 113051330 113051328 113772226
f 113837769 113444542 113837758
f 113444549 113837770 113575625
f 114362059 114296524 113903314
f 114296530 114230992 114362078
f 115148498 115148492 113968857
f 114689753 114820812 114689742
f 114820814 114165455 114099923
f 114231000 114230993 114493144
f 114034388 115148496 114034384
f 115148495 115148493 114820815
f 114493142 114493144 115017430
f 115279580 114034388 115279572
f 114034394 114034400 114165466
f 114165459 114886362 114427605
f 114886357 115279581 114886365
f 115279581 115279579 114951900
f 115869407 115672801 115214057
f 115672809 116524775 115738345
f 116524777 115869413 115345125
f 115410661 115410657 115345131
f 116197090 115803883 115672807
f 115803879 116131565 115738355
f 116131571 116590324 116524778
f 116524770 116524778 115607266
f 116131556 116131560 115476196
f 116590307 116590317 116262627
f 116590321 116590319 116066033
f 116590314 116459244 116066026
f 116459242 116197102 115934946
f 116066032 116066033 116459248
f 117245685 117049078 116655870
f 117049086 117311228 117114622
f 117311230 117245688 116721400
f 116918008 116918006 116721408
f 117376776 117376761 117573384
f 117114621 117114619 117507837
f 117311234 117311228 117966594
f 117311233 117311241 117901057
f 116852488 116852479 116918024
f 117507834 117507837 116786938
f 117966583 117966594 117638903
f 117966598 117966596 117442310
f 117442309 117442310 117835525
f 117901063 117901057 117573383
f 120129320 119867167 119998250
f 119867178 120325933 120129317
f 119801642 119801631 119408418
f 119670562 119605023 119670578
f 119605042 120063785 120653615
f 120325924 120325926 120260388
f 119932716 119801645 119932717
f 119801641 119801639 119605033
f 120260401 120260388 119539505
f 120850209 119932716 120850220
f 119932720 119932725 120063792
f 120063791 120522544 120457006
f 120522542 120850227 120522547
f 120850227 120850219 120194849
f 121505597 121243444 121374527
f 121243455 121702210 121505594
f 121177919 121177908 120784695
f 121046839 120981300 121046855
f 120981319 121440062 122029892
f 121702201 121702203 121636665
f 121308993 121177922 121308994
f 121177918 121177916 120981310
f 121636678 121636665 120915782
f 122226486 121308993 122226497
f 121308997 121309002 121440069
f 121440068 121898821 121833283
f 121898819 122226504 121898824
f 122226504 122226496 121571126
f 122357581 122881865 122423116
f 122881868 123078475 122292044
f 123078476 122357586 122160978
f 122619730 122619721 122160975
f 122488656 123406159 122881867
f 123406155 122947413 122292055
f 122947415 123340639 123602775
f 123340631 123012950 123078482
f 123012946 122488656 123012944
f 123275094 123275086 123340630
f 123209563 123209562 123471707
f 122947409 122947420 122816337
f 123602771 123602773 123144019
f 123602781 123602776 123340637
f 124258151 123995998 124127081
f 123996009 124061548 124454761
f 124061545 124258148 123537252
f 123733860 123733854 123537250
f 123799400 123799393 124782440
f 124454755 124454757 124389219
f 124061547 124061548 124847979
f 124061546 124061554 124192618
f 123930472 123930470 123733864
f 124389232 124389219 123668336
f 124847968 124847979 124651360
f 124847988 124847983 124323700
f 124323693 124323700 124585837
f 124192622 124192618 124782446
f 125634428 125372275 125503358
f 125372286 125568893 125634425
f 125306750 125306739 124913526
f 125175670 125110131 125175675
f 125110139 125241208 125437813
f 125568902 125568890 125831046
f 126093185 125306749 126093181
f 125306744 125306757 125110136
f 125831045 125962112 125765509
f 125962117 125044600 125962104
f 126027647 126748546 125699972
f 126748548 126683022 126027656
f 126289796 126289794 125896585
f 126224265 126355330 126224267
f 126355339 126617485 126486419
f 126683025 126683023 126814097
f 126945168 126289806 126945166
f 126289805 126289810 126355341
f 126814090 126814097 126551946
f 127403916 126945168 127403920
f 126945179 126945177 126617499
f 126617491 127535003 127010710
f 127534998 127403930 127535002
f 127403930 127403925 127141772
f 127338391 128255892 127272856
f 128255896 128386984 127338397
f 127666072 127666068 127076252
f 127731612 127600532 127731617
f 127600545 127862688 127928229
f 128386980 128386982 128321444
f 128059303 127666088 128059304
f 127666080 127666083 127600544
f 128321456 128321444 128583600
f 128714667 128059303 128714663
f 128059306 128059309 127862698
f 127862693 128518058 128190367
f 128518047 128714671 128518063
f 128714671 128714658 127993771
f 128452526 128780204 128452536
f 129042360 128452521 128649138
f 129107890 129107884 128649137
f 128976823 128976819 129238967
f 129763255 129435573 129501102
f 129435579 129435577 129566651
f 129697722 129042360 129697720
f 129042359 129042364 129107895
f 129566644 129566651 129304500
f 130156470 129697722 130156474
f 129697733 129697731 129370053
f 129370045 130287557 129763264
f 130287552 130156484 130287556
f 130156484 130156479 129894326
f 130090945 131008446 130025410
f 131008450 131139538 130090951
f 130418626 130418622 129828806
f 130484166 130615230 130353096
f 130615240 130615243 130680783
f 131139534 131139536 131073998
f 131139543 131139537 130811863
f 131139527 130615245 130811847
f 130615239 131663814 130877393
f 131663825 131336149 131074007
f 131336151 131598284 130746327
f 131598295 131270612 131467213
f 131270605 130942922 131270602
f 130549716 130549711 131598292
f 131532755 21628886 131205080
f 21628888 21365068 21694424
f 21366744 131532764 131401692
f 131860444 131860438 131401691
f 131727690 131729373 21299530
f 21692744 21692747 21233992
f 21365061 21365068 20906309
f 21365060 21365056 21561668
f 131793226 131793223 131858762
f 21233985 21233992 21496129
f 20906313 20906309 20840777
f 20906302 20906303 21168446
f 21168451 21168446 21037379
f 21168454 21168450 21561670
f 20382007 20578618 20316472
f 20578616 31982057 20382013
f 20709688 20709690 20513084
f 20447548 20644154 20447722
f 20644330 31916520 32047599
f 31982055 31981883 32440807
f 31719920 20709865 31719913
f 20709864 20709861 20644328
f 32440817 32440807 31785457
f 32309734 31719920 32309744
f 31719923 31719918 31916531
f 31916527 32637427 32375284
f 32637428 32309741 32637421
f 32309741 32309746 32571878
f 61669867 61538796 32113582
f 61539246 61211559 61670323
f 61997998 61997548 32179119
f 61604783 61735404 61604788
f 61735860 62391225 62063546
f 61211573 61211564 61146037
f 62325670 61997991 62325671
f 61998009 61998008 61735865
f 61146021 61146037 61801381
f 61277104 62325670 61277094
f 62325681 62325672 62391217
f 62391226 61866929 62456758
f 61866934 61277106 61866930
f 61277106 61277111 62260144
f 61408169 61342635 61408349
f 73270365 61408170 61473887
f 73204831 73204651 61473890
f 73335902 73335906 72746078
f 73008215 73139296 73401257
f 72549473 72549469 73139288
f 73139295 72811608 73270366
f 72811614 93258839 72811607
f 93258839 73008218 72942679
f 73073754 73073755 93193306
f 73401428 72680533 72614996
f 72680532 72483923 72549776
f 72549464 93259152 72877139
f 93259151 93258841 72942991
f 92931470 92800394 93128075
f 92800395 92603782 92931461
f 92538251 92538250 92865933
f 92997005 93062538 92996999
f 93062535 92734856 92669308
f 92603780 92603785 91882884
f 92407163 92538246 92407174
f 92538248 92538243 93062536
f 91882878 91882884 92341630
f 110429570 92407163 110429563
f 92407169 92407446 92734849
f 92734844 92276097 91948413
f 92276093 110429567 92276095
f 110429567 110429568 92210562
f 110495387 110757525 110495392
f 110823072 110495383 110364316
f 109971100 109971093 110364308
f 110888591 110888596 110560911
f 110626456 111085213 111150747
f 111085218 111085217 110954146
f 109840030 110823072 109840032
f 110823064 110823053 109971096
f 110954143 110954146 109905567
f 110167694 109840030 110167710
f 109840016 109840018 110560912
f 110560921 110036624 110626458
f 110036634 110167697 110036625
f 110167697 110167699 110233230
f 23069035 23069133 30015851
f 23069128 23069131 30081480
f 23593416 23593420 22675912
f 23789915 7733609 23724491
f 7733707 22348118 30015944
f 22348232 22479192 29819227
f 22479195 29950410 22675820
f 29950316 29950217 17301850
f 29950298 29950297 22544738
f 29884535 23134550 29884758
f 23134550 23134552 22479306
f 53543747 53543729 54330179
f 51643198 42206002 54330133
f 42205973 42402444 42205836
f 42402444 42402448 42926896
f 54330172 54330179 54264636
f 54330182 54330173 42206022
f 42206011 42206022 42402619
f 55116603 54592136 55116424
f 54592136 54199088 54264736
f 54264737 54264736 54854561
f 54854463 54854561 54133567
f 54133650 54133567 54920082
f 54133578 54920007 55116617
f 54592329 54592330 40698697
f 54199200 54723396 60752889
f 66585504 66585505 60818239
f 66585407 54526785 54395794
f 54526866 59835298 42271650
f 54919814 54920082 45482630
f 54920009 66585271 42337092
f 42467975 54461433 42468345
f 54461433 54788929 54461249
f 54788929 40240034 54789026
f 40240034 42271339 40502178
f 40501894 55182155 42271415
f 42336905 51577614 51184265
f 51577481 42599050 42533513
f 42599049 50135872 42599232
f 50135872 50135877 54788711
f 51577482 42599224 53936778
f 42599166 41812792 53936894
f 50135655 39453311 41812583
f 39453287 40370797 40632935
f 40370791 39453291 53936767
f 39453313 51315512 41943643
f 51315291 51249773 51315309
f 51249773 51249769 40370853
f 44761765 44761705 40370795
f 55181996 42140267 53936769
f 41943826 41943684 51315474
f 51315473 51315474 51249937
f 39125777 44303119 39125775
f 44303195 44302934 44696411
f 44761771 39322277 53936772
f 42140250 42140249 51446362
f 51446525 51446362 51380989
f 51380824 51380989 40436312
f 40305258 39125777 40305425
f 39125860 39125608 56230756
f 56230759 56230756 56361831
f 56230569 56230749 44696233
f 40436575 40436312 56427359
f 40305502 40305258 56820574
f 56820390 56820574 57016998
f 57017092 57016998 50594564
f 56361733 56492903 56427174
f 56492710 56558432 44368712
f 54985382 54985476 45351776
f 50594653 56361737 51118857
f 56361603 56361741 44565123
f 56951427 56951465 44565163
f 56951467 44761957 56885931
f 55182181 55181996 56755045
f 55182007 56951651 41878147
f 41878374 39584386 42009446
f 39584614 56296284 56951653
f 56296293 56296291 56754871
f 56296119 39584585 56296265
f 39584585 55051027 40698643
f 13566067 13565975 13697139
f 1638610 1638608 7930066
f 7536762 7536666 23003258
f 7340384 7471220 13697393
f 13697041 13697393 7929873
f 7929871 7929873 23003151
f 23003351 23003151 7405783
f 23003249 7405682 7340355
f 7471473 24052080 24117255
f 24117261 24117255 1048589
f 1048888 1048589 917816
f 917520 917816 14024720
f 14024714 14024720 13959178
f 7405782 393431 328048
f 393236 393222 7602196
f 393228 393333 786444
f 20381708 20381709 851980
f 852280 983056 655374
f 655376 589834 458763
f 13959176 1245194 7602197
f 7602491 7602197 721211
f 852283 851980 20316475
f 655671 655374 14221623
f 7667930 655371 458870
f 1245205 6357201 13631509
f 6357013 19857712 1311035
f 19857723 20316254 6095163
f 14221406 14221623 5898334
f 14221523 7667803 13762778
f 23331027 23330934 7667721
f 7667720 44433417 6357296
f 44433712 19792175 19857502
f 19791966 20775230 6094939
f 20775003 5832794 5898562
f 13762882 13762651 22085954
f 13762917 19267922 44433711
f 19267887 20513062 19202351
f 20513071 6029630 20513086
f 6029630 20971610 6029402
f 20971610 21037414 23396442
f 19202067 19202343 1507347
f 19202341 19202072 20513061
f 20513067 20513061 6029611
f 6029631 6029611 20971839
f 105709887 105447745 105709889
f 105447745 105447782 23396674
f 1507350 1507347 1114134
f 19136530 19136536 6291474
f 19136608 19136609 19529824
f 19531476 19529824 20842196
f 77858516 105709887 77857087
f 44498966 1114130 6292136
f 44499041 6226016 114492072
f 44500692 77858377 105383636
f 105317961 77923493 105317541
f 77923493 105776718 77923918
f 105776718 105383498 1573544
f 105383496 1572889 105316712
f 105317958 105316712 77923910
f 77922331 77923910 105775131
f 44498969 23529167 114163737
f 23529082 23529167 108660346
f 105186939 105185640 6424187
f 1704035 1705542 6488163
f 78119012 78118939 1705551
f 44500687 78120570 19595364
f 114622764 77989033 114623657
f 77989033 105776717 105645225
f 105776709 105776717 105449029
f 105447746 114624069 108724524
f 108791420 108791510 114623655
f 108790951 104597063 105252007
f 104596647 78054568 77989453
f 105645643 105645224 105121355
f 105120103 23463499 105120066
f 23462210 108790098 114820732
f 78186201 78186109 108791367
f 78186055 78251596 105580103
f 78251591 78251581 104596643
f 77792419 77792829 104596648
f 77792424 22152779 77792843
f 22152779 78184807 114362073
f 78185644 78186194 108397740
f 105580151 105579690 108463735
f 78251640 78251596 114427512
f 77727443 77726891 114099923
f 113772238 77726883 77792969
f 108332745 77792420 22152822
f 108397794 108397740 81921250
f 108463331 108463735 82248931
f 114427112 114427512 82117864
f 114099430 114099923 85132518
f 114033940 113772238 114034382
f 108332749 81856201 81921253
f 81921252 81921253 82248932
f 82248935 82248932 82117863
f 82117867 82117863 85132523
f 85132785 85132523 92014065
f 85133005 82052477 108922082
f 92015462 92014065 191236966
f 92014284 92015463 114034380
f 114034294 113968844 108332752
f 114230902 23331155 114229587
f 23462245 99680595 191171431
f 99683175 78382462 92080999
f 78383975 114230988 78382796
f 114230993 114230445 108267217
f 114229605 23332469 525941
f 92081000 92079602 99814248
f 92079825 92079604 78382801
f 20908904 20907508 99813073
f 20907729 524501 13895377
f 526033 20907637 22809448
f 22872413 22872384 20906197
f 22872277 13828308 13893641
f 13828105 13959176 13828104
f 22413524 7405782 22413526
f 7405891 22872407 22937949
f 22413663 22413662 22872276
f 22937943 23462211 22085989
f 85001514 85001513 84608298
f 84542732 84542738 82380044
f 83166442 83166475 86443242
f 83166455 83166504 86312183
f 47973674 48104716 47973644
f 48104716 47777002 48104682
f 47777002 47908136 47777064
f 47908136 47908087 83232039
f 86312231 86312183 82314535
f 56624423 47973609 47842602
f 47842013 48104150 47514333
f 48104154 47907542 47514330
f 47907521 86377174 46138076
f 56689345 56624423 56689959
f 84869986 84869985 84738914
f 191104270 191104272 84935950
f 47711502 45810961 47514305
f 46138210 45875900 45810530
f 45876066 47711502 45876494
f 45875929 45875926 47514300
f 81528057 81528044 82576633
f 83035373 83035357 104793325
f 104793332 81790527 83363053
f 81790189 83428602 82576960
f 83428928 104793665 104728129
f 83429711 83428577 124651855
f 83428591 83429231 104858863
f 82708033 155387455 156108655
f 155387759 82643266 155256687
f 82642799 82707695 104727790
f 155257157 155257156 123668805
f 82642784 82643266 82773856
f 82773230 123733567 155453280
f 123733856 74777718 123667696
f 74777840 82773233 104727793
f 82904305 82904639 104727758
f 86115534 86115903 104727795
f 81134883 83625203 123733110
f 83625078 74908792 74777841
f 74908913 75105522 74908914
f 75105522 75171022 75105486
f 75171022 81134883 75171107
f 75236476 75236567 81462396
f 81462395 81462396 75039867
f 74908794 74908925 75105402
f 210503745 210504846 210765889
f 183831697 183831693 183897233
f 210373367 210373366 211815159
f 211750049 138415243 210766882
f 210765917 210766882 183896157
f 183895952 183896157 211814288
f 211815582 211814288 210439326
f 211815584 210439308 211750031
f 138415138 142411902 203492507
f 203492095 203492507 140249855
f 140249854 140249855 126814974
f 126814970 126814974 211618554
f 211618560 211618554 138545920
f 210438211 211422366 184551550
f 40897281 42863771 40897691
f 42863771 42732287 42863359
f 42732287 42797822 42732286
f 42797822 50268922 42797818
f 50268922 40897280 51841793
f 41288472 40895089 42861175
f 42861176 42861175 42730104
f 42730102 42730104 42795638
f 41222798 41222912 50266905
f 184484633 184484608 211026713
f 138546325 41290496 43582232
f 43647642 41550455 43647607
f 41550455 41681528 41550456
f 41681528 41681526 41222773
f 41222937 41615989 41157401
f 41616153 51708694 51907733
f 43582107 67830796 43647686
f 43647684 43647686 41550532
f 41550621 41550532 41681693
f 67896093 41157245 67895933
f 41157273 41157645 41616025
f 67830470 46465735 6881991
f 46465732 52166762 6881988
f 52167365 67895402 46400285
f 67895965 67896005 43516573
f 43516572 43516573 41484956
f 41615994 43778713 6881989
f 43778716 68419690 6881948
f 43713182 43713557 41484958
f 41484921 41484958 51970681
f 41484924 51970842 41616179
f 41616150 48038707 6882325
f 68420330 68420318 43844330
f 43844222 43844330 41419390
f 41419543 41419390 41091863
f 41419409 42992244 41419546
f 42992410 53609215 50201370
f 203621119 140444467 203621171
f 140444467 211026710 140444438
f 184615703 184681076 184615540
f 184681076 211550865 184681105
f 211550865 203621119 211550975
f 203622466 203623581 142346306
f 140445821 140446756 184879229
f 211028742 184617056 211485463
f 184618019 184618140 184814627
f 184683269 184683266 211684101
f 211553439 211553027 138480799
f 138480778 138480799 203361418
f 142347296 142346306 138021920
f 184879163 138348669 203557637
f 138349317 183634675 184814751
f 183635103 183766154 183635082
f 183766154 210242697 210308128
f 210242592 203426849 203360315
f 183634676 183633984 183765748
f 203425851 215616731 138021725
f 138087261 184879163 138086459
f 184879167 184879164 142280767
f 184880277 138545276 142281877
f 190580796 138151997 138086463
f 138151999 138217534 138284176
f 138283075 138284176 142280771
f 138218640 210635919 210701452
f 138546316 118033552 123143947
f 118032139 118294286 118098632
f 118294289 118294282 180881169
f 180816585 117835534 180882120
f 180816572 117966599 180030152
f 180815628 118425353 118164168
f 180815705 180684560 118491849
f 180685513 180684551 117836476
f 180685500 117901062 117770940
f 117902012 125568777 117901065
f 125568777 118228748 125568780
f 118228748 118359824 118228752
f 118359824 204998489 204671654
f 204999334 204606515 178588690
f 204606482 204147756 202443823
f 204147759 98962449 204147729
f 98962449 178456040 204999731
f 178457651 178326178 204604903
f 204606508 85067239 178457250
f 85068450 204409904 178324982
f 178324967 99943926 98960872
f 99943912 99878171 99943707
f 99878171 177997077 99878165
f 177997077 85068444 204408092
f 204408303 204408092 177997295
f 204408309 99945117 99879984
f 85067036 85722397 85658673
f 85657068 85658673 99485164
f 99485163 99485164 204277227
f 177998894 177997295 177933358
f 85724209 99747315 204475408
f 204475434 204475408 215813162
f 204473836 204082398 215811564
f 204080620 202311147 178128371
f 178195103 99355664 178195472
f 99355664 99159082 99355690
f 99159082 215747805 204016862
f 215747806 178195499 205064863
f 178523194 204212896 178522784
f 204212896 99354089 99093152
f 99355294 99354089 99158686
f 205064869 99093153 178062822
f 99091942 21236781 194576711
f 194576936 194576711 33096232
f 33096231 33096232 194511399
f 194513812 194511399 35982228
f 36113280 36110663 196610944
f 36110891 36113337 36045355
f 36045301 36045355 194183669
f 35521013 35523476 194183718
f 35521062 35389949 35521021
f 35389949 196610968 38341504
f 196608555 32768586 38339115
f 32768326 35521098 21299701
f 35389766 35389983 21168454
f 194117956 194118173 35392408
f 194120600 193006467 194120579
f 193006467 21168635 38338886
f 21171073 194118218 192938308
f 193006465 193006483 32967553
f 33227256 33229698 193004027
f 33227259 32965108 38341505
f 32965113 33227338 33030648
f 34999152 34996753 191892336
f 34737009 34734615 191761265
f 35261295 35258899 27921263
f 194052523 194970139 191826801
f 194972529 32834038 191892335
f 32836463 30999002 191758763
f 30998955 192809855 27918669
f 27921298 21758285 194052634
f 21758490 21954896 35193327
f 36834208 30736886 36831734
f 30736886 30867930 30736858
f 30867930 28314495 30870399
f 28314495 21758380 27986815
f 21954988 36831565 28511136
f 27984303 27984305 32899503
f 27984208 29032951 32899408
f 29032784 32375214 28115280
f 32377715 32375214 32312179
f 32899519 32899503 29032895
f 29032894 29032895 31916478
f 29035379 29032936 28117875
f 31918974 31916478 30346110
f 192020944 192020968 28246480
f 32309680 32312179 32244144
f 32244141 32244144 32440749
f 32440746 32440749 32506282
f 30343633 30673790 30409168
f 30671312 30278095 30343600
f 30278064 36766125 30278061
f 36766125 31130026 36766122
f 31130026 27787689 27853297
f 27787761 191957916 27790236
f 191957916 195035690 30671311
f 195035599 36897330 195035698
f 36897330 30933468 36897244
f 30933468 31064539 31130025
f 31064489 27200370 27656610
f 27197858 24314228 27328882
f 24314226 195562409 24183158
f 195559798 33751415 24510838
f 33751414 24316843 37421472
f 24316841 24511036 37424041
f 24510980 33620540 37421572
f 33751614 33751554 195691070
f 33620390 27722300 27591170
f 27722242 24379966 37421478
f 27591027 27591029 27722099
f 24379965 195625532 37486965
f 195625333 137888115 137955217
f 137889681 138741830 126880901
f 138742917 127142639 183372933
f 127143045 127141782 127208174
f 137955385 18090846 190646329
f 138739989 215681081 137956190
f 215681886 142935955 127011678
f 2033798 2034526 190644259
f 19726371 190647134 6816046
f 6818654 14090537 19401566
f 14093150 209191189 215680915
f 209192851 140773335 131467155
f 140773267 211094567 203818899
f 211093395 131532934 209192919
f 131532759 140905166 181209047
f 140904407 140118117 140904549
f 140118117 212143270 140774439
f 181208922 181209048 115017562
f 127272668 126749390 127273678
f 126749390 185141351 126748775
f 185141351 215943259 185141339
f 140119205 140119264 212143269
f 115279706 115279580 115018945
f 213911260 127273788 188417756
f 109120316 185141143 109119383
f 185141143 115279759 207816538
f 115281025 115280996 183241857
f 183240416 83889305 211289824
f 83952897 213911264 83953376
f 183502082 188419265 183504065
f 183110785 211225325 183110381
f 211225325 213978265 211225753
f 213978265 213976321 83887838
f 83953374 83952897 127469278
f 83954417 183109530 183176321
f 183109252 183110380 114886276
f 183109730 183109338 211224674
f 211225397 211224674 213977909
f 115346229 115346626 213977917
f 213976798 209652541 183174788
f 209651332 209849475 109251738
f 187763866 187762308 109250266
f 187762394 213322542 187500250
f 213321434 114887478 140577590
f 187960118 209651810 209849476
f 209848455 209849476 183961735
f 209849490 209849080 210898066
f 209849498 211356819 142609555
f 211356466 209913985 183307392
f 127142638 127143044 209913991
f 127142023 211160215 143000775
f 143001424 143000775 183961424
f 122620664 183960758 140706998
f 140708600 127143058 211160212
f 145886356 80088215 145886359
f 80086177 80087219 78447777
f 145491118 122619079 145491143
f 107546797 107546448 122619062
f 127143060 183372527 210963196
f 97192700 145886356 97193108
f 145884777 145884620 106563177
f 77596251 184223923 184290031
f 14158589 14158588 184221903
f 14287055 184224508 59310299
f 184222392 108135306 45550332
f 184223180 184288883 138742511
f 184287262 1968198 1903357
f 18219039 184290045 14156055
f 90767639 87032025 90767577
f 87032025 87163087 87032015
f 87163087 138739931 1900572
f 1835036 1835038 1900575
f 86900765 90701855 86900767
f 90701855 18219313 19922975
f 88932657 90767639 88932631
f 2099270 2097180 1770829
f 1770818 1770829 1836354
f 1836335 2098498 2164806
f 86638626 88866849 86638625
f 18090054 18087970 2164013
f 2164011 86770989 87359765
f 87359704 87359765 88408280
f 88408361 88408280 88473897
f 88473705 88473897 86704233
f 86704430 86704233 87294254
f 87293987 87294254 86966307
f 86966304 86966307 86835232
f 86835496 86835232 88211752
f 88211656 88211752 87228616
f 87228714 87228616 87097642
f 19335302 142934048 19333320
f 142934216 211094678 13041962
f 211091754 203754534 19464493
f 87097645 87097642 87425325
f 87425125 87425325 87490661
f 87492490 87490661 132646794
f 203754535 203754646 212274215
f 212274214 19662992 143592486
f 6555792 6553901 190384272
f 6555530 203098970 190384010
f 203097994 203164701 126420877
f 132646797 132646794 132777869
f 203820200 101647888 212272689
f 212274338 143590961 211881128
f 190385314 190384272 203099298
f 203098202 203099298 207751258
f 203164771 203820060 101649574
f 101584038 103810576 101582352
f 103745039 211945009 103745073
f 103812258 211881123 140053667
f 140053674 140053667 216206506
f 140053199 207752420 181274714
f 212141583 212077733 101583630
f 101582384 185404174 103746790
f 211946726 211945008 212405478
f 190975206 190975146 212405476
f 185469795 182586596 185470180
f 182586596 182586063 181275761
f 181275747 185404529 99552421
f 216139248 216337166 216140558
f 191040739 190975206 191040742
f 190909605 99550704 6687586
f 185204839 216139248 185206256
f 216140556 216140555 216402700
f 216140644 215944423 212077410
f 190909281 6687968 190843746
f 6686225 6687585 18155025
f 6687499 215941398 190843657
f 124324617 124324705 190842385
f 215943945 109120266 185142025
f 109120265 124128058 188287753
f 124128009 124323677 123472649
f 187434626 213781306 187435834
f 213781306 187239210 188286823
f 187238247 187238245 123995998
f 187238238 104334905 123537243
f 109120301 126682752 108989229
f 126683949 140314718 187436223
f 140315839 140183644 213779710
f 213779722 213779710 187237642
f 104334602 108858154 109119104
f 108856960 126553278 213714560
f 126551680 140511118 126551950
f 140511118 142542976 126683230
f 142542942 140184315 184158302
f 188417666 188417662 108857053
f 188352221 188352126 108858558
f 188353726 138611888 212798654
f 138611902 126551948 140511300
f 142477380 142477409 140511360
f 183503676 210175709 183502557
f 210175709 209456253 115084465
f 115084091 212864177 188353329
f 74844977 188353339 212796535
f 212797567 212796535 138610815
f 183044849 209783944 183045256
f 209783944 209455858 183569544
f 209456155 212863730 203033725
f 212995099 114953393 212995249
f 114953393 183044913 127470321
f 127338394 183044842 209782680
f 210110360 210111618 209783942
f 209783536 209783942 202967792
f 183569434 183569538 203033626
f 203033779 127339546 115148698
f 210110174 210110360 188483294
f 209587005 210046087 209587335
f 182848639 182848646 210045680
f 183436931 183438055 131270275
f 202966996 202967792 212994004
f 188484735 213388473 209586919
f 213388007 213190275 213386883
f 213190275 136383676 213583491
f 136382083 136382420 131269856
f 131271859 81331424 81726643
f 81333427 115345115 188484793
f 213190369 213191865 213255905
f 209325239 203230390 209325238
f 203230390 182717157 213191868
f 182717628 126945170 213583906
f 213257013 213255905 213650229
f 187305149 209325239 187305143
f 209324844 209324843 207883052
f 209325087 209325157 203230239
f 213322549 209259709 213322941
f 209259709 131598297 213650607
f 213650219 212733103 187304748
f 187370297 187370671 109382457
f 207881862 213322540 188025653
f 19924302 74843497 187566897
f 187565175 140381364 213058679
f 140379255 142542975 140380287
f 184748127 184748160 142543611
f 213060786 213060399 187632818
f 213060356 213060400 140380932
f 212929328 187630858 83690762
f 187632677 187630846 184749093
f 184748795 203688997 184158300
f 140182782 212929573 84478690
f 84478689 84478690 83757793
f 84477497 83756287 104335202
f 104335195 123799394 123340653
f 212929250 114689931 126487266
f 114690786 115541732 182520545
f 115542753 182455320 83758104
f 202835199 84084578 202835810
f 84084578 124520297 124258146
f 124454761 114689901 115542825
f 202836777 202835684 114559785
f 84084437 84085784 109053653
f 156042881 155976964 156042500
f 155976964 198182761 114690857
f 198183721 69403684 187172565
f 69404373 201788424 114558593
f 201787009 36504615 69600897
f 36505217 138676293 109053806
f 109054286 198182766 69403760
f 69403726 69403760 201786446
f 69600334 69602312 69469262
f 36504613 36504615 69731365
f 69534757 69534761 71828517
f 71500873 74384422 198118353
f 72944592 197002352 72942704
f 197002352 64619598 197002318
f 64619598 197133349 64619557
f 197133349 197133385 71830467
f 197264457 71500884 72549449
f 193399760 193463386 193397850
f 193463386 193399743 194251728
f 193397820 193399701 200213564
f 193465328 193465224 10882032
f 10881999 10882032 200281039
f 72879055 199035889 70978544
f 200213592 200215518 198050904
f 198052873 198050904 214043657
f 198050905 69340355 214041689
f 69338201 70976477 199033911
f 21627959 21433310 21629918
f 21433310 191366232 21431384
f 191366232 70650889 72221756
f 70648208 26149967 70648164
f 70648139 23265636 21627217
f 21629851 21627217 21433243
f 194642248 191368041 191433627
f 201853802 71043945 72221072
f 71041424 199363555 26149957
f 21562437 23265680 21561744
f 22020426 22020452 36176202
f 21889577 191430993 21889361
f 191430993 70781851 71044067
f 199363552 199361593 198314976
f 199363538 199363539 71568338
f 21695442 21562437 21693509
f 36176204 21823818 21692969
f 36176207 70713678 71042105
f 70714425 198970333 70779359
f 70778953 70779359 199163977
f 198967682 198968376 194838914
f 194841565 9175181 198967544
f 198967775 16187640 31326646
f 28639711 4718665 4653494
f 199163976 25231433 194841530
f 194838760 194841530 9175272
f 68878568 68878477 9175111
f 9175288 4587591 16187841
f 16187830 29360577 28639304
f 25234362 196676544 71371712
f 192414786 192482234 192416698
f 192482234 13304040 192479464
f 13304040 68879435 71958760
f 71369260 71371712 59048492
f 201720710 201720898 71368782
f 71371641 5046350 192416632
f 192351097 192482170 13306744
f 13303884 13306744 15073356
f 71958759 83820748 36373382
f 83821446 109315717 59049018
f 59051015 64554042 70847495
f 64556039 64422872 201719883
f 201719886 4849739 5046348
f 5049208 84410444 83822213
f 109316840 109315337 182782696
f 109447910 70846085 109446789
f 64554631 64554042 84018823
f 64357635 64357338 64553944
f 84411610 84411648 81724634
f 136381664 127599881 136381705
f 127599881 182913768 182978460
f 182782697 182782696 209521385
f 128257150 109447910 128256742
f 84019110 84018823 209389478
f 187894908 64357635 187892995
f 126945314 127600540 182978450
f 209520530 209521385 182716306
f 127404773 128257150 127405182
f 209389465 209389478 127535001
f 136578971 187894908 136580220
f 187828261 187829044 187894604
f 187894296 187894604 64358936
f 182716313 203230238 127403931
f 203229083 203295775 127535005
f 127535141 136513437 127666213
f 136579891 136513572 187828945
f 153684689 189467443 153684787
f 189466923 189466922 215288107
f 169282774 127667020 131206175
f 136513491 181405597 131205156
f 207882195 207882961 181405318
f 153880198 153684689 153881297
f 153749805 207882538 203294675
f 198246732 199819598 198246734
f 199819598 188612943 199819599
f 188612943 201853802 188615530
f 201853760 201853759 214043456
f 199822291 199822290 214109139
f 188615876 188615658 188681412
f 53742788 66194240 53742400
f 66194240 214041635 69339968
f 214107195 214109139 28902459
f 197525946 53742788 197528772
f 53740561 53742535 70386705
f 53742534 53740595 66194374
f 70912992 199166931 70911039
f 70912991 199099455 70910394
f 199098810 34406926 28901921
f 28904391 194314785 35654599
f 194317255 68157982 35457991
f 192154592 192152639 71173200
f 71173182 71173200 199099454
f 193528894 193530847 199098894
f 4656096 31263605 4655989
f 31263605 72286465 16780149
f 72289249 72286465 199298017
f 71109602 4654160 31261121
f 29360606 16711936 31260929
f 16711937 16649185 16714721
f 16649185 199953387 199887841
f 199953377 199953378 199295513
f 35130338 16712766 16646593
f 16649076 16646593 192220020
f 199887734 199885055 71895926
f 199887803 196740170 199887852
f 199951470 74255291 199950869
f 199950873 29360661 192086087
f 192088951 192217159 192285556
f 71895927 71895926 68881271
f 199623708 199623754 71895995
f 199625659 199691240 196740206
f 68878407 199625591 71959580
f 15074379 4983783 15076327
f 4983783 193203077 199625704
f 193203176 72090701 199691241
f 199689326 15076329 4980985
f 4981218 4980985 13369826
f 193200333 193200205 34209997
f 193201223 193200651 72090695
f 72090700 199754823 72025165
f 15073529 4915276 16253003
f 16253002 16253003 31522890
f 31523338 31522890 31588874
f 13369827 13369826 193266147
f 34212742 34209997 13241222
f 34210886 34209995 71697478
f 64421963 199426122 64421962
f 199426122 199492106 199426570
f 199492106 31654372 34144739
f 31591302 31654372 193265867
f 31654091 185732069 199491787
f 185729227 186321692 13239366
f 64357336 169282532 64359396
f 169282532 169675294 199429093
f 169675749 169675539 185731856
f 186321680 186321683 186387216
f 175967005 71633692 175967004
f 71764606 71763014 71631943
f 169413144 185535006 169413150
f 157026842 149293840 157027088
f 149293840 149359389 149293853
f 149359389 149424361 186387217
f 186387070 169413393 169740824
f 169609759 169609754 169412838
f 169412957 149227750 157026553
f 150473053 150604007 150472935
f 150604007 169281768 169741526
f 169741525 169741526 171773141
f 169740829 171575870 171772445
f 171575837 171838015 169609452
f 169609446 149620972 149227769
f 149620985 79104251 215289045
f 79105237 79037623 215223117
f 215222843 215223117 171772475
f 112266454 79103160 76613298
f 79037586 79037624 112526482
f 79234742 189531319 79234231
f 214762682 214371149 214764365
f 171576520 112266061 153750742
f 76679467 112264882 76612755
f 112526483 112526482 76743827
f 112460948 79234742 112461494
f 79234193 214763189 76547258
f 153748627 143263883 76678292
f 143262868 112658104 76744379
f 76744373 112854715 112460945
f 76547764 76547771 214763188
f 153880875 145098891 153880715
f 145098891 143198346 143263416
f 143197880 121833779 154273464
f 121833144 112854708 112395960
f 109381933 188221607 109381799
f 188221607 119801637 145098890
f 119801994 153945988 126027914
f 153946250 143067443 153946419
f 143067443 147195716 143066948
f 147195716 126224263 121833140
f 119803067 119802681 43977915
f 119802037 119800480 126027957
f 146016132 145950900 126028078
f 145951022 120063785 153946248
f 213519076 213519161 208997092
f 188091510 122096827 188091579
f 122096827 122094240 43976885
f 122095797 146016073 145950537
f 120063817 188221620 182650842
f 182651600 182650842 136448720
f 182652022 208930851 136449142
f 208997175 131665013 212732729
f 131599535 207947738 131598298
f 207947738 209128144 207948496
f 209128144 209063031 181340195
f 209061923 213126261 209063029
f 213126261 131599159 207948922
f 209128570 213322854 209259640
f 213322872 187501358 209128567
f 187501687 187763893 187501749
f 187763893 213454010 213125943
f 213453623 152636216 188156727
f 152636215 122095802 146344759
f 122095897 122095802 122161433
f 213452929 213453618 184027265
f 188156665 188157114 142674681
f 188156003 140642434 188156186
f 140642586 107415144 152634827
f 147064267 147065114 152635578
f 147065018 210897177 142609145
f 210897657 210832530 184027266
f 210831490 140707940 142674019
f 140641462 140642404 107414710
f 79168694 97125992 79169128
f 79168971 214568139 97126597
f 214567109 152570047 146671813
f 146933951 146999577 146934041
f 146999577 79169353 107545782
f 78644842 214500537 78644409
f 214500537 214502603 214567754
f 214567102 214567754 146671806
f 146671811 146606270 146933897
f 146933574 146933897 146999110
f 107545777 78644425 106628297
f 78646474 153814620 106630346
f 189335852 189336778 190056748
f 189335744 189336405 146606272
f 146606217 80152768 107545801
f 80219177 80217288 153816105
f 153814217 107546204 80152158
f 203949662 203949256 107218526
f 203950254 203949669 107153582
f 190121572 203951145 154340182
f 154340393 106760492 145491562
f 78448813 117704286 78448222
f 117704286 122488421 117704293
f 122488421 20121774 122489006
f 20121774 122552629 20187310
f 122554542 122553956 107152983
f 107154262 77596247 78448389
f 77596421 145425583 78513925
f 145426181 57542478 145426254
f 57542478 57540916 20119640
f 20185176 20185396 20250712
f 20187314 20185398 122554546
f 106038433 106103983 106038447
f 106103983 57149612 106105004
f 57149612 57803631 57148271
f 57803631 5702307 44172143
f 262819 262232 5701942
f 77596243 106563163 106038879
f 106104415 106104403 121177695
f 107022138 107021908 106103657
f 107021161 57607319 76940137
f 57607017 57607027 57803624
f 44172136 107479923 106563167
f 107480671 77399237 79955551
f 77399647 77399866 121177702
f 107021926 107022138 106235494
f 76940886 76940898 77006422
f 76940044 76940440 57606924
f 107480261 107611728 105841861
f 77399659 77399237 108004971
f 108201585 107283614 108201118
f 105907817 105842256 50660945
f 50660944 120522544 105842283
f 120522347 107611047 39191463
f 107611761 97190487 107480657
f 97191505 45418099 108136017
f 45418065 50922251 50988625
f 50923089 50922246 50661524
f 50659934 50661524 120521310
f 61211230 61212464 45285982
f 39191220 45417383 45549171
f 45548214 60162954 59310774
f 45417059 120587159 39977654
f 120586934 144376587 120587019
f 144376587 143852298 144376586
f 69272458 60162967 39978018
f 154666018 186843747 154665571
f 186843747 144050327 39978801
f 59574423 59574065 120586850
f 144376418 39913265 144378004
f 134546314 154666018 134546466
f 59312134 12978161 59312113
f 12978161 14353729 12977473
f 14353729 14288196 14353732
f 14288196 59311411 12976348
f 59310300 136839387 186845335
f 136841367 154796942 136840078
f 154796942 154600034 154796642
f 154600034 137693332 154601620
f 137693332 39518812 143852126
f 45613660 45613662 39650189
f 39650198 39650189 45286294
f 39520302 39520310 45615150
f 45615152 45615150 59508784
f 59508781 59508784 60098605
f 60098612 60098605 45221940
f 60097428 60097203 45286292
f 45285975 59966356 39191125
f 108003925 137429591 137560755
f 137429683 45220615 59966215
f 60031751 64488340 60031892
f 64488340 39060371 59900820
f 38929299 108003925 38928981
f 108004550 108200531 80021105
f 50726955 50726962 60033067
f 60033045 60033067 64489493
f 64489472 64489493 64686080
f 64488112 64488412 59900592
f 59900499 45023920 38928978
f 80020050 38863443 80020048
f 78578256 78578886 80021108
f 78579316 106890848 108201574
f 64686084 64686080 45090820
f 64684720 45023921 40108721
f 45023826 40108645 38863440
f 40108624 45156643 153223760
f 45154896 38732696 78578584
f 45090867 45090820 58066995
f 58065585 58065509 40110371
f 58067235 153224057 50791289
f 153223858 137036552 137495415
f 137036663 137233273 137036665
f 137233273 137364232 137233160
f 137364232 58000246 50791090
f 58000050 39715424 39781042
f 59638367 59638450 45155224
f 58001448 58001457 39782440
f 39782438 39782440 39716902
f 39716891 39716902 59639835
f 59639847 59639835 60229671
f 60229751 60229671 78579831
f 78579819 78579831 106891371
f 106891386 106891371 77465722
f 106890854 107283615 77071519
f 106235033 106235494 106366105
f 106366550 76874902 106235032
f 77465721 77465722 77072505
f 77072507 77072505 106367099
f 106367082 106367099 76875882
f 76875880 76875882 107087976
f 76874904 143984227 107087000
f 143983768 60293900 143983372
f 60293900 59442060 51053424
f 107088191 107087976 143984959
f 143984654 143984959 60295182
f 60295180 60295182 59705356
f 59442064 59704217 59441156
f 59442331 57606148 77202316
f 57607016 77202587 57083482
f 57082738 44172890 57738088
f 59705658 59705356 61081914
f 59703300 57476005 61079556
f 57475076 77137050 197787
f 77137051 6162010 77137498
f 6162010 106496313 20644153
f 106496882 141492540 154731429
f 141493157 141362030 141493102
f 141362030 57410413 57476250
f 57410714 5767257 77135967
f 5963865 20447327 5963871
f 5964089 5964092 20644513
f 20054689 20054332 20643845
f 57737221 141623612 141362029
f 141624173 105973330 57409625
f 105971801 5965409 106954841
f 5964449 106169953 106955425
f 106168993 20709693 44041372
f 20055196 141296289 141624914
f 141297234 106694233 106432082
f 106956381 106956370 106169949
f 77334109 77334101 106168637
f 77332797 77333660 77267311
f 77266946 77267311 131074
f 77267251 141230083 141297241
f 141231705 44237476 106430551
f 106430465 106430551 76808193
f 106693781 77334105 76809821
f 5440661 77333661 23986260
f 44238959 44238956 44107887
f 118751906 156172964 118751908
f 156172964 156172375 5636097
f 156172289 156240209 306
f 76808498 5439489 19989653
f 44107891 44107887 154470515
f 155322678 118751906 155320994
f 155322133 118556434 118753616
f 118557008 155126080 156174673
f 154470513 154470515 57870449
f 154471251 154469236 214240083
f 155323590 155322678 188943558
f 188942659 188942098 118556992
f 188942656 72418386 155126081
f 155126097 141822273 141558644
f 141820788 57672561 57871187
f 57674579 146802870 146082643
f 146803539 189074648 215419731
f 189074259 58461382 189074630
f 58461382 58460996 188941394
f 57673844 57673845 38602868
f 146080334 146080625 121635406
f 146802497 146802870 146278209
f 146802835 146802873 143919251
f 215419029 154929345 141754958
f 154927694 120653618 38602561
f 121636659 121636658 146278195
f 146212659 146278585 121571512
f 121571513 121571475 143787912
f 143918984 154994835 154928946
f 154994482 186779443 154994483
f 186779443 146211430 40175411
f 146211428 146211430 57344612
f 57346232 125044544 57345856
f 125044544 186713992 186778214
f 186712678 137626212 186712676
f 137626212 39846497 40043372
f 39846764 125044897 144704364
f 125044513 125044897 143525665
f 125175951 125241205 125175669
f 125241205 137824136 137626209
f 137822817 119539999 152961633
f 119538273 137758881 137824543
f 137759007 153028896 152962849
f 153028385 61146022 119539855
f 125633446 125175951 125634703
f 125110142 155649911 125110135
f 155649911 136906616 137759008
f 136907040 133825446 136905638
f 133825446 67306500 61146919
f 61147006 140838695 119932798
f 125634422 125306982 140838774
f 125306742 124979342 143460214
f 124979062 133695816 133825540
f 133694468 66651130 67307304
f 67307303 119473960 119998247
f 140838688 143722279 119474278
f 143722598 121440062 140838777
f 66652154 66652153 66455546
f 38994935 119997434 38994938
f 119998240 151257684 38995744
f 119474438 119474437 143722758
f 143722828 143722758 123013452
f 121440086 135596178 133759991
f 135594999 60687263 66454097
f 66454100 38797905 38996229
f 60688412 60688406 64948252
f 144442336 38798239 144442271
f 38799621 151390365 144443653
f 151258947 151259399 119408451
f 151258941 151258911 151324477
f 64948239 64948252 64882703
f 144114655 144442336 144114656
f 144443655 151390360 144312472
f 151389378 151390363 121767106
f 64882704 64882703 67242000
f 144311299 144114655 144311263
f 67241981 67242000 67569661
f 113837064 144311299 113837059
f 79759050 79825051 113837250
f 79824066 108070514 79758951
f 79759171 133891687 133956616
f 133891080 67372037 67568835
f 67569354 132449475 133891077
f 132449285 66520056 67373210
f 67372227 113903770 144245955
f 113902787 79890034 113903218
f 79890034 107349154 77661810
f 66521117 66521062 59115549
f 120783751 144245752 120783864
f 144246952 144246580 113903784
f 145163979 145163460 79888469
f 79890607 79888469 77662383
f 107350191 135267490 136053639
f 135267207 60359578 59115673
f 59115316 43911321 144181044
f 43910964 38471848 43911336
f 38471848 145164450 5507234
f 60360722 60360721 64817170
f 79627230 144180122 79627162
f 43910336 43911321 107807936
f 43909709 38536814 43909708
f 111018573 111018572 38471842
f 111020194 111412901 144769109
f 64817151 64817170 65013759
f 107873249 79627230 107873246
f 107808367 107807936 107939439
f 107807307 107808368 38535755
f 109838923 111018573 109838925
f 65013758 65013759 67635198
f 104530953 107873249 104530913
f 107873473 107873852 107939009
f 38405313 38405744 144639169
f 150014112 109838923 150012491
f 67635230 67635198 67438622
f 107742214 104530953 107742217
f 104531135 104531565 79692991
f 144639167 79561921 144639120
f 150340752 150014112 150341792
f 67438611 67438622 58591251
f 79496063 107742214 79496198
f 107742350 107742398 79561870
f 79561872 135464078 135398271
f 135463807 58721153 58590841
f 58590398 108529273 79496334
f 108528782 76481676 76219534
f 76481787 76481676 84215035
f 139855110 150340752 139854992
f 58722315 58722324 59770891
f 79365009 108528513 79364993
f 76219580 76220025 83494076
f 76416188 76416251 83494150
f 84215077 84214927 84280613
f 139986183 139855110 139986182
f 59770906 59770891 66324506
f 59770594 59769845 115476194
f 59770044 115476195 79365263
f 115475599 115410213 115475749
f 115410213 84280612 86181157
f 66324493 66324506 66390029
f 66388981 66389730 115409878
f 104661974 104662754 115410212
f 104662308 79299771 86181127
f 79299847 79430845 84281429
f 84281433 134219861 135005174
f 134218742 142017494 134218710
f 142017494 141035070 142018110
f 141035070 104662751 79300319
f 83560159 83559611 79299773
f 79431276 107676924 79431763
f 79431765 148572243 139593813
f 148572245 148703454 139724889
f 115214652 115214441 83560764
f 83560566 83560764 107677814
f 107675936 107677814 139788576
f 107677779 139659350 139790419
f 139659347 139659484 148572376
f 148441304 148441308 148572382
f 139788577 139788576 139657505
f 139657394 139657505 148308146
f 148308105 148308146 148635785
f 148441309 150145240 148637914
f 149096692 148703450 149096666
f 149096670 148244695 148703459
f 148703321 7145699 8915165
f 7145693 2361588 7145716
f 2361588 189664079 150145243
f 150145252 148244699 148506852
f 149752027 149752023 148244697
f 148244707 13109465 2362191
f 13110095 100402685 189663451
f 148506110 100599293 100468955
f 100600027 100600046 149752034
f 149752025 148965602 148375781
f 149162201 4196579 13108733
f 4195837 13174270 4195838
f 13174270 14419456 13174272
f 14419456 148966225 189793792
f 148835153 148900066 148834530
f 148900066 150276325 148900069
f 150276325 139856099 150276323
f 139856099 2426969 14420817
f 2427729 148835152 189729617
f 139004752 148834528 148768842
f 148900063 150276320 148768993
f 150276184 150276319 152045656
f 150276343 150276369 139856119
f 189726942 189726758 189399262
f 189728842 189401931 139003975
f 148768839 148768842 139921479
f 138807384 139135052 139921488
f 139397208 139397393 152045816
f 152045810 152045816 150341874
f 189399101 189399262 189136957
f 189401159 189139783 138807372
f 189139020 153618729 139135048
f 139397192 139397196 138938440
f 139397368 17696841 3935047
f 17697607 29624617 17697065
f 29624617 138873042 147917097
f 139528402 139266120 139528264
f 139266120 139266121 138938616
f 139266296 109840654 151849208
f 109840632 29755634 29624530
f 29755602 139528403 147982546
f 110692563 139528274 150210202
f 139266293 151849042 150210638
f 150210830 111020275 150079758
f 111020302 3999373 29755603
f 3999955 110693202 189860051
f 111086418 111085210 110692597
f 111085813 151980304 150210803
f 151980275 151914767 150079135
f 151914143 17434277 4000594
f 17435474 111085780 148048722
f 111151316 111150752 111085840
f 111151376 129501113 151979983
f 130943248 151980651 151915115
f 111413867 111413519 151652971
f 111411285 17500427 17434836
f 17500372 111151307 147458260
f 139069643 139069089 111151033
f 139069369 139331663 129501135
f 139331535 151717840 131008463
f 151717839 174852715 151718507
f 174852715 174852363 151650389
f 174850133 16451759 17500363
f 16451787 139069645 147589323
f 139462861 139200587 139462731
f 139200587 130811983 139200591
f 130811983 130811856 131008780
f 130812172 111216590 130877708
f 111216908 111217261 174852271
f 147587524 147587324 147521988
f 147589201 147523788 139462301
f 110889041 139200589 162793117
f 163187125 163186765 139200461
f 130811854 163187131 130877847
f 130877091 130877847 111216291
f 147521990 147521988 147718598
f 147523229 147720399 110888600
f 110889397 162793112 110757528
f 110758325 162859446 162793915
f 162859451 163252632 160893371
f 163252667 14551447 29690063
f 14551247 110561486 147654863
f 110758094 110757528 147785934
f 116525264 162858651 116524699
f 147652671 147652831 147783743
f 147783744 147783743 148111424
f 147785459 148113621 116524788
f 116590323 162859446 162334452
f 164628910 166136246 164628918
f 166136246 16320920 4131029
f 16320725 116590801 147851477
f 162400465 162334452 162399988
f 162400686 162335109 164301189
f 164563404 164628910 164563374
f 159320528 164628945 166136192
f 147849467 147849466 148177147
f 147851695 148179158 162400645
f 148179333 117376768 159648264
f 159648204 168233480 164301312
f 167840256 167840204 164301192
f 164301264 5245320 16386262
f 5245142 5375744 5244672
f 5375744 161679037 112985856
f 161679104 168233457 166725376
f 161352177 167709192 161352200
f 112984110 112984147 111345710
f 111347389 109578660 111348132
f 109578660 168429997 162269604
f 168429988 161352177 168430065
f 165939723 165808543 165939615
f 165808543 3148288 2950820
f 3147428 3278473 3147401
f 3278473 116328074 109643401
f 116328073 168429997 116328877
f 168430008 168429296 167512504
f 168430053 167512573 165939710
f 165939647 165939710 165808575
f 109641810 109641779 109707346
f 109644192 109643403 116328864
f 162990496 163055344 161417656
f 161614265 162990520 167512483
f 167512454 167512483 168298886
f 167512574 5179913 5310091
f 5179019 109774476 109709728
f 109775264 109775289 163056033
f 162662817 162662841 163056035
f 162662819 170920326 162662790
f 170920326 159779207 159713801
f 109772850 109772880 109903922
f 109775265 109905550 161482479
f 162596591 162662817 162597281
f 162662935 162662834 170920471
f 169347607 169347633 170920496
f 159779376 11340337 3212942
f 11339406 11863791 11339503
f 11863791 162596605 117180143
f 169215741 169216434 117114621
f 169216380 169215740 171247996
f 169216537 2492982 11863805
f 2492157 23922428 2492156
f 23922428 11274620 23923068
f 11274620 159057645 159123181
f 171247997 171247996 170068349
f 171248174 171248164 169347630
f 116129963 116129965 116064427
f 116132498 116131564 159124114
f 177408658 159123837 170068628
f 170068629 170068628 170789525
f 170723887 11209252 11142892
f 11208428 116066223 128518063
f 116066682 116066218 177277306
f 177408378 177408658 177473914
f 177473913 177473914 158730617
f 170789239 2886293 11208623
f 2885551 128911301 130287535
f 128845759 130090928 129894319
f 130090927 130090922 128518522
f 130091386 11405689 2885573
f 11405253 116786929 116393925
f 116787141 130353094 130287536
f 130353072 130156461 128714672
f 130156464 2688959 11405041
f 2688753 128648946 116459249
f 128648945 116786935 116852652
f 116786937 116786936 130352889
f 130352886 116721401 130353069
f 116721581 116655861 128714691
f 116457655 116457514 117244087
f 116459438 116459262 128649134
f 128649131 128649134 130025387
f 116852673 116852652 115869633
f 116917993 115869432 116918197
f 129238777 16516854 11929342
f 16516862 100533759 117245870
f 100534190 128583169 100665262
f 116983297 116983723 128583425
f 117442475 117049281 117442497
f 129238779 130025409 115869621
f 100532264 100532477 100728872
f 100730367 100730369 100664983
f 100665082 110495383 116983744
f 116983528 116983744 117507816
f 116983553 115934978 117507841
f 115934977 11470587 2557442
f 11470338 110495385 110626306
f 131139225 129959575 131139223
f 129959867 129959890 130484155
f 115804104 19072960 11470489
f 19072665 131139527 130418329
f 131139537 131139527 129632209
f 131073979 129435580 129697723
f 129435579 129370039 129632200
f 130416923 130416932 131072283
f 131072284 131072283 129696028
f 129696109 129696028 129433965
f 129433738 129433965 129564810
f 129435575 175769530 129566647
f 175769527 174918249 174589879
f 174917559 130484878 177014711
f 129565529 129564810 175768409
f 175768406 175768409 175309654
f 174590580 174590587 175049332
f 174590570 174590576 174918250
f 174917885 174918250 175180029
f 174918263 174918258 177015415
f 175309058 175309654 100139266
f 175310531 113378809 175311472
f 175048363 111806147 175048388
f 113445488 174656106 111740612
f 113510058 174656106 150734533
f 100139076 100139266 100008004
f 110036471 110036473 100140739
f 110036675 111543974 111478467
f 111544003 113247915 111543979
f 113247915 111609540 113247940
f 111609540 14747306 4392439
f 14747127 110167698 100009616
f 110298770 110036624 109512340
f 109971080 110036624 111478415
f 109971110 113116864 113182374
f 113116838 14812839 14747282
f 14812818 9045652 14812820
f 9045652 9111176 9045640
f 9111176 14878351 9111183
f 14878351 5113536 14878400
f 5113536 30213823 5113535
f 30213823 111675049 113116839
f 111544001 113247913 143394473
f 113249102 113248397 111610702
f 111673380 111673806 143392804
f 143392809 143392804 189595689
f 189595715 189595689 100991043
f 189597333 189597190 111609493
f 111740565 111740584 113510037
f 113509891 113510037 113575427
f 113510653 2754246 4326918
f 2754054 100926981 100992661
f 110364164 110429701 100861589
f 110429845 110429699 100796049
f 113575569 113575427 111871633
f 150734508 150734534 152176300
f 152176893 14617202 2754053
f 14616069 4457988 14616068
f 4457988 14681750 4458134
f 14681750 110102024 101123734
f 110102023 110233096 101058193
f 113051283 113313425 113051281
f 113313425 152176300 113313452
f 101122114 101122273 101056578
f 101056582 101056578 110231622
f 110231736 110231622 113049784
f 113049647 113049784 113639471
f 112002759 111937214 112002750
f 111937214 152307394 111937218
f 113314067 152373525 152307987
f 152177266 2820374 3016391
f 2819783 100075000 113641135
f 112068295 113706670 112068270
f 113706670 111937197 152307400
f 152307194 152307400 152438266
f 152307988 152307991 152373524
f 100073520 100073516 110821424
f 112068252 110822904 112068254
f 112068090 112068254 113706490
f 110821553 110821424 110952625
f 110954364 110952625 143329148
f 110953979 110954636 100206075
f 101189115 100206074 100337161
f 100337146 152439063 196412924
f 152243126 18614551 125503628
f 18614412 101189129 143328763
f 101188986 101187869 17827194
f 7864593 196412937 7865865
f 100338614 89130505 91816209
f 89129233 7864592 17760529
f 89325840 91160697 89325689
f 91160697 22741340 7867318
f 17761620 263505 57737891
f 22742332 22742384 17237308
f 196411656 38207836 17238966
f 196411833 196411976 35324345
f 196413716 88539676 87752968
f 88539400 38207546 3735816
f 18022458 18022984 38207751
f 28967175 38208072 28836283
f 28770747 28770745 28836326
f 35324390 88670649 88539194
f 88670266 18022606 13434938
f 90964174 91029780 90964244
f 91029780 29426114 18022663
f 17170702 28967362 17629447
f 13436269 88802634 91029954
f 88801730 88342798 88801550
f 88342798 28966972 3866894
f 3801148 3670459 3801531
f 3670459 30540243 28969853
f 28967352 88607613 88342588
f 88604732 89456699 88604731
f 89456699 87883833 89456697
f 87883833 30540042 17367097
f 17368427 17368382 17892715
f 17891594 87949779 90833170
f 87949586 30539829 3408146
f 3409211 3409215 3540283
f 3408339 88735799 87687223
f 88735799 3604536 3539411
f 30540037 194379832 17039827
f 31853463 29098451 31850963
f 29098451 192676308 30605779
f 3605845 3605835 17040725
f 17040722 17040725 17565010
f 17042327 17105165 17566615
f 17107863 35914277 194380263
f 17565019 17565010 17106267
f 17106259 17106267 17958227
f 35914003 35913990 35717395
f 35586594 31851045 35586597
f 17958205 17958227 3474749
f 35717174 35717395 35848246
f 197591588 35586594 197591586
f 66259912 35586592 32637940
f 31850995 88015392 87818294
f 88014902 3342388 3473956
f 3342884 35783203 35848854
f 197591702 43319844 197591865
f 66257721 66259912 53347129
f 53281583 32637940 53281780
f 3344394 3343680 32573450
f 35783154 32571444 35782885
f 35783318 14942437 43319960
f 43320122 43319960 54002490
f 53347130 53347129 53871418
f 53805879 53281583 53805871
f 32573449 32573450 21497865
f 34537801 14942706 34537970
f 193593872 43450597 193593573
f 65866635 65995416 65864344
f 65995416 67961870 43451194
f 21497847 21497865 9504759
f 21496336 9502866 34540428
f 34540427 34016140 193661835
f 34016139 65864190 33360779
f 9504793 9504759 9439257
f 9699473 193659026 9699474
f 193659071 193659029 34013375
f 34013377 34013375 195428545
f 33360807 133431816 135790737
f 133431441 9699478 9765009
f 9699476 9699478 15466644
f 15466645 89522367 133431446
f 89522326 28377522 9765012
f 22282674 9633940 15466837
f 89588053 90046701 89587949
f 90046701 44630698 15466687
f 28378484 28378455 6751604
f 28377429 6750312 22283610
f 22283608 89720154 91422824
f 44631388 44631391 22218076
f 12452180 22217386 12452035
f 12452352 12452035 12583424
f 22218077 22218076 23201117
f 22216899 12714339 30802275
f 30802115 36962869 12714476
f 32178371 37356091 12714496
f 37356032 91098024 89915747
f 91095395 91619799 91095511
f 91619799 91554357 91619893
f 91554357 9896088 36962796
f 9896428 28443059 32179560
f 32179573 32179560 10093941
f 16122011 37356012 16122348
f 9897337 9897334 28444025
f 28444008 89982329 91488411
f 89981083 16122013 10223771
f 133496989 134611191 133497079
f 134611191 33557410 195100919
f 33554679 33555003 37358504
f 10225654 195495262 27460097
f 33554852 53674405 27525540
f 53674404 53674401 27263395
f 53674403 68027407 27394618
f 27528098 27525633 9833378
f 9830821 48300276 15925669
f 48300453 195821979 26870181
f 195821989 19006260 195100823
f 19005591 18940194 9831737
f 9831788 9831737 18744684
f 9830507 9830687 15925355
f 91360162 91291939 91357475
f 91291939 87556386 91291938
f 195102067 91228167 90898719
f 91226399 89063531 91226219
f 89063531 132841716 89063668
f 132841716 132317922 132842210
f 132317922 26870337 37749474
f 26872750 26870337 24578990
f 195821944 132514203 132317761
f 132514369 48235235 48366145
f 48235073 195955631 37751726
f 195955630 47645085 195953053
f 27001247 27001560 37880223
f 48367592 48367591 48236520
f 48236522 48236520 195954666
f 195954661 195954666 47646693
f 47646728 47646693 27133960
f 27133976 27133960 37816344
f 37814687 37880387 27066946
f 37618078 37618243 198443422
f 37620682 37620693 195759050
f 195756409 133237706 135725634
f 133235266 103350686 133235102
f 103350686 70255317 47448478
f 70255006 70257621 198444080
f 198443669 198444080 197722773
f 47449640 47449642 47580712
f 47579861 102499377 103219927
f 102499031 47252178 47579838
f 70255294 102564567 102499026
f 102564562 45941213 31195858
f 31196711 31196702 45942311
f 45942313 45942311 46007849
f 45940867 45941439 8323203
f 45942113 45940864 70255969
f 46007851 46007849 8521259
f 8521243 8521259 8324635
f 8324441 8324635 90178905
f 90178912 90178905 90244448
f 90178609 70255970 102237538
f 102237233 50004732 70255355
f 70255664 102433531 90113378
f 102434146 102303257 102434329
f 102303257 102695676 102302460
f 102695676 8650885 50004680
f 50004731 102761160 102695045
f 102760581 198511574 8651464
f 198509256 198511575 198574878
f 198509342 49873658 52232963
f 198510114 198510113 8390178
f 198508676 198508673 49873028
f 134283396 133300986 134284026
f 133300986 50463519 52298490
f 52298499 36700721 50463107
f 8390175 8390178 8586783
f 8587266 102893087 133301023
f 102892319 47317179 12190495
f 47317791 47317553 36700549
f 36703232 36700549 73862144
f 36700547 33817704 73859459
f 25297936 102957573 102891707
f 102957243 103088851 102957779
f 103088851 98632069 103088517
f 98632069 9961606 8716677
f 9961861 52694016 9964544
f 52694016 33883084 63638528
f 33885184 73925737 201262184
f 8717861 8717794 9963045
f 9962979 9963045 52692451
f 52692453 52692451 49350117
f 52691748 52691698 63636260
f 49350116 49350117 52626916
f 52626902 52626916 10028502
f 63635610 12059428 10027980
f 63636267 63635641 61801259
f 63636427 63636400 33883083
f 10028513 10028502 12060129
f 12060120 12060129 53085656
f 53086196 53085656 61802484
f 61802499 61802484 36571139
f 61801008 61801007 197984816
f 61801419 65670094 197985227
f 65668043 65668096 67044330
f 36571141 36571139 36636677
f 36636695 36636677 197986327
f 197985751 197986327 49415639
f 52757235 197987278 65536806
f 197985309 197985257 65668125
f 65668126 65668125 67503134
f 65668074 67503111 65602562
f 49415648 49415639 12256736
f 49414950 12255420 52757977
f 52757982 52757977 52823518
f 52756666 52757287 65536186
f 12256729 98436576 98370343
f 98435879 97583290 98435258
f 97583290 64029650 12125161
f 65536241 15729618 65536896
f 65536891 65536896 68944763
f 69010299 95945757 97584082
f 95945682 15728886 16057298
f 97779958 96796913 97779953
f 96796913 49479925 15991025
f 15729536 97780468 95944950
f 15992284 15992262 49481180
f 49481181 49481180 34080221
f 34079476 97649536 98304521
f 97649161 15663343 15598089
f 15663625 97715072 97648879
f 97714415 95748336 97714416
f 95748336 15532656 40829168
f 15532272 12321664 15532928
f 58851517 58524544 58852224
f 58524544 58786690 58655611
f 40830405 40830390 15533509
f 15533511 15533509 40764871
f 15532221 40764015 12322266
f 12322267 12322266 49612251
f 49610941 49611651 58851948
f 40567683 36438573 58852222
f 40764890 58525127 114754093
f 114756536 114754093 212601784
f 185338808 185339053 212536248
f 185338663 185339052 187108135
f 212667175 202771240 36441016
f 202771384 186977061 186911672
f 186977208 186977452 212536103
f 186977063 84151467 212470567
f 84151079 212667584 213846823
f 55312941 55315479 202769231
f 55446551 202769124 48562916
f 202769129 55247590 48761879
f 104203084 104205335 202771237
f 36438861 55968488 48694093
f 55968589 48628455 55313848
f 55313847 55313848 41026999
f 55444083 48694093 44892717
f 94962350 94896872 94962408
f 94896872 93520727 94896983
f 93520727 95879911 93520615
f 36438702 46269123 44893583
f 44893610 36439439 46269265
f 55575235 44958383 46269888
f 46269839 36439488 55575386
f 55575234 55575386 56033986
f 94700376 93389649 94700369
f 93389649 96404143 93389487
f 40567341 56165210 48497260
f 96273125 96207706 96273242
f 96207706 94831298 96207554
f 94831298 94700376 94831448
f 95289964 96273125 95290085
f 40568239 49612226 40568258
f 49612226 96011739 95814259
f 96010867 95355727 96011087
f 95355727 96338660 95355620
f 96338660 93258470 96338662
f 93258470 94569193 93258473
f 94569193 94765900 94569292
f 94765900 40960851 55706444
f 40960844 104203090 55640908
f 55707080 55707047 40961480
f 40961467 40961480 55641531
f 55642078 55641531 104204254
f 104204256 104204254 204736480
f 204540981 204539447 104204005
f 104205093 115607269 186911526
f 204735932 204736480 55379388
f 216597326 204737589 216468714
f 216468533 95030322 96142158
f 95028046 48890603 55378768
f 55381226 216597328 49218384
f 216597231 216597232 48956143
f 216662764 216665322 216599784
f 216665320 95095863 95027947
f 95093483 55509745 49283819
f 93455089 93324112 93455184
f 93324112 93586160 93324016
f 93586160 93651695 93586159
f 93651695 93455084 95093489
f 48956837 48956822 61015461
f 48958699 61014948 216664758
f 216665164 216664758 216534092
f 204868841 204868843 178392297
f 61015497 61015461 60949961
f 61016758 60949411 179636207
f 179636187 179636207 206243803
f 60950511 94045641 131730508
f 94047308 49021677 206244942
f 206244939 206244942 216534091
f 101518411 101518569 216533667
f 101517987 94178530 94044909
f 94175981 206373563 45744877
f 45747278 7080603 45746843
f 99418221 103549595 99420827
f 103549595 93718039 94175931
f 93717179 7275200 46072507
f 7275195 7274605 7079323
f 7079907 7079323 99420131
f 99420152 99420131 103548920
f 46073262 46073239 7275950
f 7275931 93783470 133629485
f 93783597 49086588 8062509
f 103482094 103482925 103548439
f 103482903 92603663 93782140
f 92602492 8192126 8061678
f 8193433 8193414 11732377
f 8192750 94240948 93847732
f 94240948 95159022 94241518
f 95159022 45678717 8127214
f 45679342 49086587 101253243
f 101253870 84805164 101254700
f 8127898 8127917 45680026
f 45680029 45680026 7996829
f 7996832 7996829 7210400
f 7209083 7210506 101254413
f 101254667 101254413 84805131
f 7210401 7210400 8455585
f 7210253 8454274 84675665
f 103681105 101385485 103679245
f 101385485 88999435 94371970
f 88998018 6619238 8457300
f 180227156 8454274 206572223
f 6620474 6620495 18416954
f 206766362 206766182 207159578
f 206768831 180554842 207162047
f 180554431 74648259 180554435
f 74648259 132123323 87621914
f 132120858 132189274 132123738
f 132189274 92801732 132188868
f 92801732 10487175 92670660
f 10488516 10486900 74645683
f 11666548 74514559 8258676
f 74648251 74515570 179962995
f 92669323 92669321 93128075
f 92669324 92669326 10487180
f 10485896 10487180 8781960
f 10485939 8781959 11666824
f 11666808 11666824 8258936
f 93128098 93128075 92997026
f 92997027 92997026 8848803
f 8848778 8848803 8783242
f 8783240 90506634 91684991
f 90505343 10813606 8260706
f 208866402 207093887 208863359
f 207093887 74581106 207094898
f 10814823 10814822 11011431
f 207683753 11010214 207685596
f 207685599 207685596 207620063
f 207686346 207686753 208865994
f 202509002 202509428 208866393
f 74583059 74583129 207227923
f 11012060 90375527 131992673
f 90377313 10158236 207620810
f 182059164 123407050 182061770
f 123407050 182323935 180947720
f 180947987 185010952 202509479
f 207228071 207227923 180620455
f 10160109 10159460 181143533
f 182061773 181141660 182061771
f 10619595 182061787 182124707
f 182061786 182061788 123407066
f 181143517 181143533 181012445
f 181011889 181012445 10618289
f 10618235 10618289 10290555
f 10616996 182124702 10682531
f 10290533 10290555 10683749
f 10683747 10683749 10945891
f 10685148 182124712 10354856
f 182125024 11075743 31394524
f 182124706 10551466 182127710
f 181996638 96602844 90308776
f 96600232 95551647 96600223
f 95551647 96666080 95551968
f 96666080 95682730 96665770
f 95682730 93061282 95682722
f 93061282 11796661 10551456
f 207421600 10420386 207424608
f 207424204 207424608 180751052
f 207358663 181996638 207359070
f 11797938 11797901 10421682
f 10421684 10421682 31458740
f 10420713 10420705 207553001
f 31984736 207554517 131401685
f 181077974 181079136 203163606
f 207752221 207751884 181078727
f 31458753 31458740 31983041
f 31983600 31983041 131336176
f 131336174 131336176 131401710
f 131401707 131401710 126617579
f 203163533 180750294 208669795
f 181931121 207358663 181930695
f 208669401 208604272 182389873
f 182389872 182386974 18680541
f 182389469 185011220 202574557
f 185010909 185010910 182258399
f 182586481 182389472 202574563
f 184945379 184945684 202575015
f 185011367 184945684 212011747
f 184944174 184945828 212207150
f 103679534 206638247 103681191
f 206638247 212011717 18352867
f 212011871 190710041 212010542
f 190711342 101518176 190776878
f 103613999 101516814 103679500
f 101516812 101516813 101452875
f 185469667 190972185 185467161
f 190972185 215875864 18284825
f 215875865 190712671 190778591
f 202640607 202640224 190778593
f 190778594 190778593 101518562
f 215878677 101910068 104008725
f 101911573 101844499 202638898
f 202640609 102172210 101910035
f 102172179 104465979 101844502
f 101844530 102172182 104465656
f 103941368 102041147 103941691
f 102171896 202705942 83297525
f 212468981 186975480 212468984
f 186975480 104269368 83297846
f 83297843 83101238 101977110
f 101975285 83100936 212469000
f 84348075 84346117 84149778
f 84150115 213845522 123864325
f 212666211 212667584 123602787
f 84346421 84346389 216270389
f 84346386 185208037 216270354
f 101714699 101713426 101779300
f 101779308 101779300 124192620
f 101779299 104073064 216271627
f 104073995 103680780 206638161
f 124258156 124258152 124192634
f 123864954 123864936 123602810
f 124258170 123930957 124061201
f 124323345 104138598 202901048
f 202901221 202901048 104400613
f 204539621 186975802 104269541
f 58786683 67765315 71435131
f 67765115 69010463 69075835
f 69010513 69010463 69207121
f 69010452 69010465 67503124
f 67503106 67765268 69076049
f 67765329 69141536 72352808
f 72352748 72352808 69207020
f 69207059 69207020 68355091
f 69665860 69665824 72549444
f 69665772 72549460 65733613
f 68289517 68289516 66847725
f 68289511 68289533 66782183
f 68355068 65799187 65078356
f 197460962 66126829 197460973
f 66126829 66126845 66847719
f 66126823 65211333 66128837
f 65211333 65209315 65143784
f 197264468 197264354 65078259
f 65080262 66192371 69340099
f 64752579 64750627 197200835
f 197135299 70388674 197460978
f 70386674 70321202 66126820
f 70321124 53871415 65209329
f 65209320 65995761 66061288
f 65471471 68158448 70386738
f 68158514 53805878 70320951
f 53805598 53806097 53281310
f 32637470 32637742 194314782
f 9571222 31850995 9568755
f 31850640 31850643 29098128
f 194314387 15008270 34406547
f 15007891 35651728 194314766
f 193528334 65929446 65864688
f 65932228 65930222 67701700
f 46926788 46924810 198708164
f 198705869 197790680 198640333
f 197788365 65864678 197329556
f 43057812 197331908 198705810
f 198705815 198705810 198640279
f 52101783 52104152 198640692
f 197788724 33360856 65864340
f 43188794 37290494 43189263
f 43191241 43189263 43060169
f 43057837 43060169 43385517
f 195428862 53674554 68029385
f 50398004 44829641 50400201
f 50397869 50397847 43385601
f 55837441 52101783 55837335
f 52102196 55837525 70454271
f 53674754 195824557 50397699
f 24707587 24707842 50397953
f 24707841 55837524 55771905
f 7013204 201196373 7013205
f 7015423 33817093 201196039
f 33686080 33688493 24642112
f 24707449 24642051 24710090
f 24707924 43125706 197722964
f 55771653 55771795 7012869
f 24578989 43123264 33817616
f 43254419 43254800 197722771
f 33817095 73860200 33948777
f 70454219 65274853 197788673
f 197788670 197788673 65340414
f 65274881 66716667 67109906
f 67111884 67109906 66915276
f 66716690 66978815 68224020
f 197854228 197854226 197919764
f 66782228 68357069 67175423
f 67961841 54068208 66061326
f 53871601 31785786 30474680
f 31787899 31785426 29297531
f 31787957 31785408 38276021
f 31785500 176882249 38273564
f 176882204 176883988 152242454
f 29295031 29297531 28574135
f 196346293 196346304 193986997
f 196348555 196348817 176163467
f 38275713 38276021 176884353
f 175245953 175442572 175245964
f 176883990 28707446 28574597
f 28574230 28574597 34800150
f 28574226 28574228 193987090
f 193989517 193724946 193989259
f 28705669 16583548 192611205
f 16581509 68748314 58983489
f 58982934 71304257 34933646
f 193790486 193921556 193790484
f 193921556 193856018 193921554
f 193856018 16976781 192610558
f 16974078 16908547 16581141
f 16581144 16581141 68747800
f 35062810 71238683 68813850
f 71238682 71304217 68682778
f 71106820 71106819 16908825
f 16908821 71107097 34472196
f 71109514 34865679 35062894
f 35062811 74253422 68813888
f 74253376 199756777 71237829
f 71238156 71237829 68682252
f 68684679 68682252 201591687
f 71306245 71304217 201657349
f 193793030 12846145 34343913
f 12911117 12845253 34275526
f 34275524 34275526 193331396
f 193331433 193331396 10748137
f 201588901 201591687 199557285
f 201657318 72027141 199754253
f 72024589 31719909 34341062
f 31719622 9306308 31719620
f 9306308 9240809 9306345
f 15204517 9240718 10750950
f 31720520 31720524 9307208
f 9307012 9307208 9241476
f 9243622 58917764 199559780
f 199559779 199559780 74320483
f 199560198 71697519 72025160
f 201657230 74320784 201657232
f 74320784 196479887 74320783
f 193858445 196479927 193726718
f 150801293 149817995 150801035
f 176818826 176818415 176163466
f 196479587 196478063 150538851
f 196479230 149883130 150538494
f 149883134 176949487 149883119
f 176949487 176622217 176687343
f 149817984 149817992 176753280
f 150538514 150538851 149883154
f 166463762 164825328 166463728
f 164825328 164825741 176949893
f 176425613 176687753 166333061
f 176687609 176687595 176622073
f 176097785 152111752 172296803
f 152111597 172296774 166463911
f 166463913 166463911 166398377
f 166463956 166398444 164825579
f 176425451 174262740 174197318
f 174262854 174328421 172296615
f 161876583 161876581 162007655
f 162007654 162007655 161942118
f 166398376 166398377 166267304
f 166398443 174328298 172362340
f 174328393 174328391 174459465
f 174459671 174459465 174394135
f 172690199 172690022 174393766
f 161941926 166267494 161810856
f 164759974 164760042 166267371
f 162466404 162466375 172362161
f 172362133 172362161 172493205
f 172493203 172493205 185993619
f 160566039 186518303 185994006
f 185993804 162466582 175114852
f 162466421 162466417 186255989
f 162532123 185665968 186255793
f 185665969 186648981 185665941
f 186648981 186517907 186648979
f 58919524 58919537 175114869
f 58919541 71763016 175377022
f 175377169 175377022 186256145
f 185666321 185666331 186190609
f 186649370 186649362 186452762
f 185797406 185797409 186649375
f 185797407 185928473 186125087
f 149424913 149424922 186190622
f 149424926 149555435 186452768
f 186452756 185862944 186583828
f 185862932 160172824 186059540
f 160172820 160172825 186125078
f 149489897 149948651 149489899
f 149948651 169806368 149555772
f 149556000 171903548 171641632
f 171903776 149490453 149358825
f 150669544 149489898 149948668
f 150669553 149686509 149948960
f 149358844 150604027 150669549
f 150604013 149620972 149686847
f 149686816 171706943 171837984
f 158009917 156830240 158009888
f 156830240 169806400 171641408
f 171706939 171706943 171510331
f 169085498 169085501 171706722
f 171706732 157354338 158009696
f 157223276 157288794 157223258
f 157288794 158075245 156830272
f 214370875 214895162 214370874
f 214895162 169085460 169019962
f 169085462 169085460 171444758
f 156895801 157354517 156895765
f 157223259 157223266 157288795
f 214894263 214895816 112330423
f 214959795 169151696 214961360
f 169151696 214370836 112592013
f 76285623 112199345 112592563
f 112199347 112723641 112329908
f 112331985 78841012 214961356
f 215026892 215026897 214960662
f 214369421 214764750 76285067
f 76153997 76154545 112199353
f 76154553 80676048 112723642
f 112723124 97060538 112788660
f 78843084 76154314 215157966
f 80678100 80675979 80612564
f 78709967 112788688 78709968
f 97060018 112133818 78710218
f 112133578 80350412 112135372
f 80350412 215026893 214699212
f 214830286 126225620 214830292
f 126225620 154208562 215155919
f 154207439 147130186 122225871
f 147129551 78710448 112133327
f 112397518 112397519 214828935
f 154208455 154208135 127928519
f 154208075 154208161 122226507
f 122226876 122226507 147130556
f 147130168 147130556 152504120
f 112134424 112134342 80349464
f 120129735 127928225 120194858
f 122292011 122292129 144508715
f 146475166 146474827 136317086
f 146474818 121702433 146474808
f 147195690 121898823 122029866
f 121898794 120128412 120193948
f 144507804 144508715 57934748
f 136315765 136317086 60621685
f 121701278 147195937 122029957
f 121898885 121898823 121964421
f 119080774 153159493 119080773
f 153159493 60425116 153158556
f 60425116 153289589 60425077
f 153289589 126092190 143067335
f 143067013 121964703 144574341
f 146999455 146999110 120064159
f 122160937 143067332 144574249
f 121964314 146147465 143132442
f 146147098 121505981 146540314
f 121505562 153159970 75302719
f 60425342 146147618 146737289
f 146148181 215484608 190056631
f 215484599 215484605 146540351
f 215484223 121507034 75304154
f 75828442 60425342 75826302
f 153289862 153813915 190057689
f 153816281 190122292 154340569
f 190123225 190123226 215549055
f 215549062 75367551 75826385
f 75827492 75760849 80742692
f 58131589 58132772 153289630
f 58131358 59245449 60622658
f 190121087 75498625 75367561
f 75367633 76022921 80741509
f 75760778 75760777 75891850
f 75760504 75957383 75891576
f 75957112 59376523 58131337
f 190121089 117638969 121111681
f 75498633 117638916 76022922
f 117638282 145361067 76089514
f 75565226 75957386 75564170
f 75957386 190121095 121112151
f 117638743 106301241 117638991
f 145360719 145360644 145819471
f 145295538 145295531 119867570
f 145293315 145295142 65539
f 75563010 75565226 75628546
f 75565394 75564163 154536274
f 75564168 20252983 145819430
f 20252454 5570646 119865347
f 5570563 262451 5570867
f 262454 59375702 154535048
f 153487671 153486219 59376541
f 59376521 120259485 60556169
f 120259465 121702431 136184713
f 121702200 153487391 156305719
f 58394962 58394919 153486202
f 153486237 119735162 58262429
f 119735197 120260640 136250269
f 120260397 121047072 120325932
f 121046828 58394655 75696466
f 58394387 118621316 58395454
f 59181886 58262396 59179900
f 58263717 58262408 119736485
f 75695235 75696466 122750083
f 118622034 122750084 118622035
f 118623038 118687571 122817342
f 118688574 188812098 188549414
f 188547976 153422118 59181243
f 146408328 75630757 122749295
f 122750801 122814831 122685266
f 118687569 118687571 156239697
f 156239636 188811585 155191060
f 75628911 155189250 188810322
f 188810323 188810322 188744787
f 188811558 144902977 188746022
f 144902438 146409666 146868518
f 146409269 147261634 120850619
f 147261627 72419493 72483709
f 72484643 72483709 145229603
f 188745897 188744787 145033385
f 188745892 120391846 145033380
f 144902346 147392302 144902338
f 146868021 58460362 119670562
f 152766242 152766243 119670953
f 152766633 153553192 145229990
f 153553062 153552686 120391471
f 120391478 120391471 147392310
f 120850230 189073610 58459938
f 189073186 188877635 119605541
f 119605532 153094437 153356572
f 153094428 152832285 152766760
f 152832296 120457502 152897832
f 214174534 214174531 188877652
f 188877093 189991764 153356577
f 189991201 57281349 189008161
f 57280801 151126890 57215265
f 151128353 214173981 215419718
f 215420101 154142883 144837829
f 214174919 189991217 214305989
f 189009095 189008724 215354567
f 189006415 189009111 57279055
f 143920344 125896867 143919267
f 125896867 125897009 154142851
f 154143959 154142851 214306007
f 126290069 126289794 125896575
f 125896835 155518847 125700227
f 155519107 190253912 142740695
f 190254295 190251599 38668191
f 57280415 57279055 125831071
f 57214849 125698923 125241224
f 155518840 155518847 155649912
f 155518743 155519304 126158615
f 190252934 190253382 125437830
f 127797115 127798104 124913531
f 142870387 154077087 142870431
f 154077087 155649921 118885209
f 190318359 118949656 118884230
f 118949766 155584839 126158715
f 155584379 124913430 118818683
f 124913521 142870294 124782451
f 155650905 124979060 190318496
f 127863641 127862552 118950215
f 127863111 124716912 155584278
f 124716822 142804849 124716913
f 142804849 167118981 142805125
f 167118981 165480926 142870832
f 124979104 142805301 154404768
f 142804896 124979056 154404766
f 154404587 154404766 166790891
f 142805490 142805301 167119346
f 166922738 165612023 166922743
f 165612023 127732190 143460212
f 127731577 127731854 124847993
f 127732239 127731570 116001295
f 168364559 165414635 168363755
f 165414635 166922738 165415410
f 124847931 124847993 150931259
f 151587072 168626034 151586674
f 168626034 168626703 168692227
f 168692234 125307395 121243454
f 121440059 150931601 143656763
f 150866065 151587072 150866176
f 151455999 161024266 151456010
f 161024266 161024526 168626631
f 168626691 121440711 143656790
f 143657215 123012950 150865724
f 150866184 121308988 151455519
f 119408904 112920841 151521544
f 112920840 112920986 161024442
f 161024455 121309626 155912022
f 121308989 119408972 121374524
f 121374982 121768268 119408905
f 121768201 119342878 151520956
f 119342780 160827043 111281852
f 160827068 163121596 163251900
f 77530947 77530910 119342755
f 77530787 145622690 77530786
f 145622631 77530272 107349827
f 163252666 160893336 163121615
f 163121614 163121615 163973582
f 163973607 163973582 167905767
f 160893391 166136296 164497792
f 164497790 164497792 164432254
f 164432255 164432254 166070655
f 159255015 164366797 166070787
f 164366851 167840258 167905802
f 164563328 159844734 164563326
f 159844734 164366719 159844735
f 167840136 147261901 144967460
f 147261220 122357580 119736352
f 122357792 122423085 122357549
f 122423085 120981303 120325944
f 120981304 152701208 147261260
f 152700748 152700749 122422400
f 120980608 120981325 80413824
f 152503500 152504119 80348364
f 80348362 80348364 214697162
f 215024842 147262669 152701129
f 115673289 75434267 115673371
f 75433139 75433702 80479411
f 80413901 80413824 105055437
f 80283204 147326156 120850632
f 120915765 145688777 120916169
f 145688777 115673265 145754313
f 125765809 104990438 125765350
f 104990438 78775475 81069635
f 80479446 80479411 80807126
f 105055442 120915149 145688905
f 126355785 126355632 145688753
f 126355633 189204352 126355328
f 189204352 80940233 214435712
f 80938880 104990275 81069268
f 80807124 155714774 120457014
f 155846447 122882377 155846985
f 122882377 119015193 155715465
f 119015305 155781450 126356296
f 120457547 152832286 152897867
f 152832331 119146755 151128395
f 119146827 119146324 122881821
f 122881820 122881821 119015196
f 119015754 151062300 119212362
f 155781960 151128322 119146753
f 150996763 119277828 151193371
f 123078916 123078429 119277340
f 123078428 154011906 123078914
f 154011906 154012488 189204949
f 189204952 189204949 214436312
f 151128321 203885608 150996821
f 122947841 123078916 122947844
f 123078531 123078485 154011523
f 167053187 164890927 167053615
f 164891123 164891126 164956659
f 165087702 57215445 151129128
f 125829994 154078248 125832232
f 154078248 122947459 125963304
f 125962744 125962544 166201848
f 125962742 166988265 166201846
f 166988278 166988275 166857158
f 166857153 166857158 164956609
f 165480752 165480952 167184880
f 167184885 167184880 166201845
f 165480944 167971296 165612016
f 167971312 167447035 167381488
f 167447024 167447029 166988190
f 166988230 165611934 167971297
f 167971335 167971297 164104711
f 117311945 117574148 117312004
f 117574148 116197883 117574139
f 116197883 165677564 165874144
f 164039140 165677537 168167880
f 168167942 168167880 163318278
f 164104637 166922759 165612004
f 166922724 164235723 165874120
f 164235720 167643654 164235782
f 167643654 168036869 168102333
f 168036797 165743074 163318207
f 163318217 166922687 164235775
f 166922751 167774685 165415423
f 167774719 164170186 167643653
f 168036834 164170186 165743075
f 165743039 168364515 165415425
f 168364545 167709090 161548801
f 167709185 165808611 167774666
f 167840266 167840162 161548800
f 23988049 5439572 122685777
f 5441873 152371506 175180407
f 152373879 175442550 175507390
f 175507389 175507390 177014717
f 129763982 115804104 129763272
f 129829491 129829494 175901299
f 129763965 129763262 190188157
f 115805015 115804093 115739479
f 117507815 117507816 115934951
f 151784051 151784061 175901527
f 151784279 176228994 190187239
f 176228071 129173416 128386791
f 129173223 129304298 129173226
f 129304298 129304315 117049269
f 175245581 176097924 176359693
f 176097549 176032383 151784066
f 176032386 177080975 176228264
f 177080232 130615242 128386996
f 130615220 130680779 129173430
f 176163443 176753284 176163460
f 176753284 176097920 176032249
f 177080825 177080959 175835641
f 177080943 177080956 130615919
f 130615939 130615919 130681475
f 130681464 130681475 129108600
f 130680758 164693939 167250556
f 164694652 175639161 175835759
f 175639151 174787089 168823407
f 174787183 175704707 174787203
f 175704707 175704696 175572905
f 129107881 167250552 164694510
f 164694483 164694510 166595027
f 164694372 164694511 177670500
f 176491160 164694482 175639174
f 166332921 166332910 166529491
f 176491129 168823313 177670790
f 177343128 168823313 177801875
f 174787226 174787089 175704730
f 177801850 177605271 175703975
f 175703977 177342375 157485720
f 157550948 177343123 168757605
f 177801744 177801875 177539600
f 177801604 177801878 177604996
f 157485413 157616486 157551198
f 157551120 174525022 173869584
f 174524944 174525078 177539460
f 174524804 173673051 159582595
f 159517060 166595223 157485414
f 166594918 157419875 157616682
f 157616734 173607466 170461790
f 173607518 173804125 173869672
f 173804136 173738588 174525019
f 157419948 169871855 162204003
f 157420074 170330657 169871914
f 170330666 170330714 173607333
f 173607316 173607333 173803924
f 160631389 160958873 173804124
f 162204115 162204143 162073043
f 162204236 162204074 169871948
f 169872150 169871948 170330902
f 160172822 160172584 170330511
f 170330533 164759951 162072998
f 172689830 186059178 160172431
f 160303714 160303896 161745506
f 161745482 161745506 160631370
f 160631193 185862730 186059362
f 185862754 172624459 174131786
f 172624458 172427848 172558917
f 160959045 160959050 162138693
f 160959068 185862571 172624238
f 172427630 172427851 158271854
f 173017456 172231240 173017672
f 172231236 172231249 174066244
f 172231057 172231265 162138513
f 173738385 158140843 171903765
f 158075456 158206318 158075246
f 158206318 157092208 158206320
f 157092208 165284315 158271857
f 158272081 158534001 158337617
f 158534225 158075460 158206303
f 157157743 157092190 156961119
f 165284188 165284190 171444572
f 165284408 165284409 165218872
f 165284209 158403034 165218673
f 158402929 157157748 157288813
f 156961121 156961119 156895585
f 171444571 171379036 165218674
f 171379058 168954387 158402900
f 158402920 158402900 158533992
f 158533991 158533992 158468455
f 172165491 171379060 168954423
f 165349943 165349907 168954197
f 168954196 156502357 156436843
f 157944148 156698984 157944168
f 156698984 171313511 173935160
f 171314386 171313759 215092434
f 171313993 171314387 165153609
f 171313628 171379161 173935126
f 215026198 169151071 171444792
f 80284882 81005779 80284883
f 81005779 104924738 215092041
f 104926025 80872659 189271241
f 189270488 189271241 165153240
f 165349848 80284121 81004100
f 105055445 104924341 78906581
f 80872629 80873026 80807093
f 80938194 214435027 80938195
f 80807492 165348533 165022168
f 164956632 164956631 165022202
f 156633594 157813207 156633559
f 157813207 156502492 157813212
f 157944169 157944149 156698985
f 164956666 166005222 167316112
f 156371600 156371450 167315798
f 167315799 156567894 156633433
f 156633432 156633433 157813080
f 168888790 163776998 168888806
f 163776998 163711427 166005383
f 166005392 176556679 177146435
f 156371523 168888976 163580374
f 161155521 168888850 163776924
f 163645852 163645892 163776963
f 163645891 163514816 163711571
f 163711570 163711571 176556626
f 176556611 163908178 163580316
f 163907996 163645853 161221020
f 163383709 163383746 163645888
f 163383744 173541829 163842496
f 173541824 173148737 171968960
f 168561094 163383709 168561053
f 168561086 161089947 163383749
f 161089989 116197884 167446981
f 163842646 163841774 173541974
f 163908109 161089950 161286669
f 167446942 117574043 116197974
f 117574230 169544230 170199638
f 169544278 173476436 173214294
f 173476438 172755545 173476441
f 172755545 117312065 117574182
f 117312038 170134043 169478694
f 170134054 170854940 170134044
f 170854940 170265127 169544276
f 170265172 173476233 159910484
f 169478601 169477887 168495561
f 169478623 169478668 170133983
f 165546533 165546544 170854791
f 159779337 168495583 165546505
f 168495625 168495614 167578047
f 168495551 170854857 170265113
f 159910425 159910439 170723865
f 159975982 159910281 173476234
f 173476246 173476234 172755350
f 159975989 159975982 160762421
f 160762402 160762421 160107042
f 172755340 172755350 173410700
f 172755539 172755543 171969107
f 170789422 170592821 170789429
f 170592821 170592802 169937453
f 160041517 160041506 169937292
f 160107095 173279627 160041559
f 173410898 173410901 173148754
f 158730799 170592812 177211767
f 170003089 170658348 170002988
f 171117091 162925101 171117101
f 162925101 160041396 162728493
f 160041557 172034484 162728533
f 173083202 173083221 172100162
f 158730897 158665081 158861969
f 158665361 170002805 158599825
f 170002811 170002805 170396027
f 170002996 170396201 171117099
f 160238123 171117108 162924942
f 129042809 158665078 130222002
f 130222454 158796152 158665077
f 158796149 158796155 158992770
f 159451515 159386153 159451689
f 159386153 170527282 170986025
f 158861234 129894321 128976818
f 129894322 130156483 129042372
f 130549699 130549700 130221991
f 130222745 130221991 158796441
f 159451801 159451512 159386265
f 130091385 128976817 129894338
f 177604519 177605273 177736065
f 177604993 159517059 159386162
f 159517234 171051611 173673010
f 171051570 171051563 170527120
f 170527118 160369040 160238158
f 160238007 173673038 171051612
f 160434780 160434739 171051410
f 171051408 160500114 160369231
f 160369230 172886607 172821088
f 172821059 172821088 172034627
f 172034638 172034487 162924980
f 160500321 172886417 174066066
f 172952161 174000719 172952143
f 174000499 174000720 156371315
f 172099923 172952160 172165729
f 158468676 128322128 128452553
f 130746313 129107881 130746281
f 129304524 129304499 129238988
f 129238774 130746316 116721609
f 116721397 130156489 130549493
f 157682009 157682008 157878617
f 158468458 158468455 156371306
f 156371286 157878634 156567897
f 212339467 185206289 212336918
f 18156713 181536273 181800043
f 208276572 208079571 207293547
f 207490140 207490152 208800860
f 208735324 181800051 181537903
f 208735343 181537491 207293554
f 181800047 181865582 208473199
f 181865583 208342124 208538738
f 208734930 208014444 181472370
f 208734934 208145511 181734514
f 208210646 208211049 208407254
f 208341716 208341720 181471956
f 181471957 181471956 208014037
f 208014445 208014037 181734509
f 128190371 128057464 128190372
f 128125787 128124835 127077211
f 190516059 190515092 127994715
f 124389282 7801692 128060251
f 7801691 23658947 29494107
f 23661403 124389282 23660450
f 180292687 180096085 206441152
f 180290673 179833533 74451648
f 180292696 180357817 207030976
f 180292280 206310081 179768000
f 206441146 206441557 206506682
f 180096080 180096079 74714192
f 180095678 180094069 74451646
f 179833534 179831921 180423358
f 207030978 207030969 206899906
f 180358230 180358232 206965846
f 179768407 179768001 206703703
f 179767991 179768403 206310071
f 92211893 92212298 179440309
f 92342963 92341632 205916851
f 205655111 205653378 205392967
f 205524031 206113859 179569887
f 81660597 179505844 179571379
f 179505843 206048329 179440711
f 206048327 202247183 205917247
f 202247231 178981548 205392557
f 205392961 179047085 205522200
f 81660596 81200344 179506249
f 81202249 202181646 206048271
f 202181647 97322446 202246828
f 97323692 92276097 178981551
f 178981549 81201839 74974431
f 202179705 202179800 97256569
f 97322445 97324046 81397197
f 92275931 92276174 92538075
f 92407173 179176833 92407169
f 81659001 205784281 81265785
f 205784185 179111373 205784525
f 179111373 205456603 179111131
f 205456603 178849157 205456773
f 178849157 92408898 205587845
f 81659097 179242206 81593561
f 179242201 205851717 179244101
f 205851717 97454766 205851310
f 97454766 178916416 97455168
f 178916416 81595050 202114271
f 81595464 81595405 179244104
f 179244100 179244104 205851716
f 205849983 205851716 97453439
f 97453444 97453439 178914692
f 81660941 202050572 202116168
f 202050632 179374770 205982788
f 179375172 179309233 205718911
f 179307903 91948412 92145028
f 91948420 85984534 85263748
f 85984644 178653863 92474027
f 178653867 85855286 204802731
f 85854891 97520298 85854890
f 97520298 205327426 85985959
f 205327015 85919008 178654267
f 204803131 204802727 85789755
f 85853470 85855286 204932382
f 85462072 97387807 85460255
f 97387807 205194705 97387985
f 205194705 201985035 97520706
f 201985090 201983363 92408495
f 201984687 178784937 179178157
f 178784941 85394722 86051501
f 201919548 178719755 201919499
f 178719755 205261481 178719401
f 205261481 205260066 86050071
f 86050074 86050071 85394714
f 15338403 195166444 15335990
f 195166774 12517618 195166450
f 12517618 33423554 12517570
f 33423554 12517566 15403939
f 12517887 37224684 15401471
f 33426342 33423929 12389286
f 37224938 37159148 32047673
f 37159481 195234726 15401450
f 32050085 32050084 37161893
f 195232235 37093612 32115620
f 37096356 15862693 15401451
f 32112874 32112883 37093610
f 24904090 26807216 24904092
f 26804636 25493913 26804633
f 25493913 25493887 25035136
f 26804614 196152240 196018566
f 25493888 37948338 196149632
f 196149828 37948337 24841137
f 24838551 24841137 25166231
f 196152241 26610608 196021169
f 26608024 26676144 26608001
f 26673537 194773573 26673733
f 194773573 194775987 196217759
f 194775967 38076998 196021149
f 26676125 191695792 25365355
f 191695723 25559431 191499188
f 196283243 25362829 25955179
f 25562068 25561966 196938708
f 26348478 196280711 26345863
f 38142355 196283316 25952839
f 196938733 196938708 62852077
f 26215360 26348478 26217406
f 25756049 38142355 25756051
f 26018186 38142535 25952654
f 62849986 62852077 62522306
f 72680379 26215360 72680384
f 25822294 25756049 25821585
f 191627659 26018186 191627658
f 26020797 26020717 191564733
f 191562126 63177101 62981051
f 63177659 201458046 24970171
f 201458619 72680557 74187707
f 62784621 25822294 62784598
f 193135551 191627659 193134987
f 191630268 191630212 196873148
f 24972290 24970181 74058754
f 24970162 61932651 24972291
f 61934595 74122348 201458616
f 74187704 74189827 62718904
f 74187711 62718910 62784445
f 62786436 72745917 62655364
f 72747908 62065596 72747964
f 62065596 201526276 196807613
f 74122168 200147891 61998008
f 26545135 26411960 26543032
f 26411960 62653374 26411966
f 62653370 62652820 72745914
f 72745911 72745914 62063543
f 62063545 62063543 26477497
f 201523605 26543028 62131183
f 63243189 62456214 63242646
f 62456214 63242644 62194613
f 63242619 63439798 24773574
f 63439814 62260143 61735878
f 62260166 201327546 63439791
f 201327535 73991274 61735863
f 73991095 61866937 73991097
f 61866937 200082517 72614841
f 200082361 63308181 201327722
f 73991108 73991111 61866948
f 26476940 26479598 62587276
f 26479620 62587836 201524161
f 201526205 62915521 196873068
f 62917484 191562127 25952655
f 62587282 62587276 63046034
f 62587841 63046595 62914959
f 63046031 26083720 25952648
f 25690504 63046029 25624969
f 63046025 200868242 61541371
f 73534458 73534459 200934445
f 69995515 73532332 73599994
f 73532519 73532516 61604967
f 64226221 69993571 64226403
f 73466837 69993517 61539426
f 61604779 61604967 201130923
f 63507454 64226221 63505325
f 64226216 64226250 200803240
f 64226402 200805369 73466977
f 73401442 49677228 61475838
f 49679358 69796906 201130952
f 201130954 63374280 63505320
f 63374248 61408169 61342632
f 61408168 70124591 61279225
f 70126585 73403384 200739833
f 69796601 69796599 49545977
f 52888309 63374378 52888618
f 61342504 61342664 53150504
f 61342505 61342508 61408041
f 61410292 61408041 201001972
f 70126588 47383466 49808117
f 47383285 47186641 49548275
f 200674291 52888309 200671989
f 53152759 53150504 200543223
f 53150509 53152757 52953901
f 52953848 52953901 200475384
f 47186639 47186644 47121103
f 200409808 200409809 73073360
f 52495452 200674291 52497395
f 200540962 200543223 52560674
f 68616995 198839285 68619253
f 198839285 198771501 198837037
f 198771501 52495096 52364380
f 52560672 52560674 53019424
f 68617002 68616995 46859050
f 68617270 68616908 198837302
f 198837301 198837302 198771765
f 198771401 198771765 52036297
f 52038618 46727928 52036344
f 46727928 73139293 49744884
f 73141236 68551703 200477692
f 52036299 52036297 46727883
f 46727886 46727883 48169678
f 73138912 73138890 73204448
f 68551774 68551773 68486238
f 64095254 200999959 64095255
f 64160723 70126588 64162812
f 200737748 198902831 46990048
f 198902496 48172018 73206770
f 73204513 73206770 200606497
f 68488182 68486238 73272310
f 201065567 64095254 201065494
f 73665533 64160723 73663443
f 200344667 200346588 52429915
f 73272317 70059054 201065574
f 201065573 73729126 73663531
f 73663438 73663531 64160718
f 64162808 73335758 63769592
f 73337848 73729121 61670446
f 63833006 69862502 63833190
f 69927887 73335851 69927979
f 73335851 63833038 63898542
f 63701968 69927887 63701967
f 63702060 73335724 61539372
f 73335905 63701932 63964112
f 63964109 116786092 116983560
f 116786952 118556434 117901066
f 118032055 118032146 117180087
f 117180111 117180087 115017423
f 174982863 117049052 116786962
f 117049106 128583439 118359826
f 128583442 124192439 128583351
f 124192439 124192463 114166378
f 114166383 174656106 174983785
f 118359807 118359803 117376767
f 128583424 128583439 118228736
f 124192525 124192683 118490893
f 117114641 174655336 117114728
f 174524156 174590570 174525034
f 174590120 174590568 155519144
f 128517887 128517888 117376781
f 128517901 129959872 118228753
f 129959697 115214047 118491073
f 118490876 130025409 117114661
f 117115496 61671205 119802472
f 61672040 128518312 113182463
f 128518056 128517824 112461736
f 128517854 128517813 129959646
f 115214046 115214272 114624222
f 174458582 130025183 174458591
f 114100839 119801793 114100161
f 119799998 119801550 61669566
f 112461492 112461736 138479284
f 112461799 112461890 115148775
f 114624487 114624222 129894375
f 159385535 174458582 159385302
f 174918017 174918247 174458810
f 174458574 118097850 112396354
f 118097986 131794908 138479591
f 131794919 114362066 132515775
f 114362303 130156483 129894099
f 129894785 114427603 159386222
f 114428526 114951899 174917563
f 174917562 118097851 131794910
f 114362334 114362332 129697758
f 130156476 130156242 114231228
f 129304272 114427843 129304515
f 114952118 114951891 114296758
f 129500881 129631963 129500891
f 118097886 135202572 118163422
f 135202782 130353092 130222046
f 130353118 130353084 129697488
f 130352848 132450278 114231264
f 114231222 132057056 129304273
f 132056785 118884119 114296525
f 114296761 135268045 135202756
f 135268292 115345121 130222022
f 115345350 156240209 130353126
f 156239846 156764491 155846630
f 156764134 132057069 132909030
f 132057070 132057069 118884334
f 115345379 115345425 132122595
f 156239841 156239585 155781089
f 155846986 155846993 175180106
f 155846995 155847282 156764499
f 156764784 156764499 155126384
f 132909376 132909401 132974912
f 132122375 132122595 129107719
f 155781043 155781089 135006131
f 155781031 155781133 175179687
f 175179791 175179687 156370959
f 175048719 117836115 129107875
f 129107668 135006115 114493363
f 135006141 128321236 129763341
f 128321215 128321469 135136959
f 117835683 112985789 128059301
f 114493349 128190371 114493146
f 129763034 129763028 114558682
f 114755285 129763261 113116888
f 113117570 113116888 135072130
f 135071423 128190479 112330429
f 128190170 129173428 114886765
f 114886365 114886765 114558685
f 114559631 114558685 114756239
f 159451791 159450840 155716239
f 155191625 155191682 159451150
f 155191310 128452521 135071759
f 129173613 128255910 141297605
f 141297602 141297605 115083202
f 115083746 115083202 177080802
f 155716066 155716239 175114722
f 156174961 155191625 156174665
f 128255941 128124836 130287550
f 130287328 130287550 130090720
f 130091644 130090720 165743228
f 175114876 175114722 156633724
f 156698967 156174961 156699249
f 128124862 113051326 129829484
f 129828567 129829484 115279575
f 115279638 115279575 175834902
f 156632854 156633724 117966614
f 155256585 156698967 155257175
f 124127554 124127576 156698960
f 113052268 165415389 174787038
f 174786678 174787038 114690166
f 114689814 118753398 141887254
f 117966613 117966614 118621973
f 138413843 155256585 138413833
f 112724033 124127554 112724290
f 165415390 174328421 165481056
f 165480193 165481056 141887233
f 141887253 176031489 117442325
f 118753920 118753919 118622848
f 118295168 138413843 118294291
f 128714510 112724033 128714817
f 174328416 173869667 174197344
f 173869664 176228962 174131808
f 176228960 176031489 176228097
f 175901314 155454079 175901311
f 155454079 155454080 176096985
f 176097038 114820825 118294274
f 118294445 174720770 173869666
f 174721634 176163425 174066274
f 176163426 175901314 176163458
f 118688385 117246589 118688381
f 175900997 174720766 174066276
f 174065781 174066276 176162933
f 176162580 174262389 173935211
f 155911934 155322693 155912517
f 155322693 114821458 156305733
f 128649554 117507801 128648921
f 128780611 128649554 128780626
f 128648897 6883246 113248172
f 6883244 12124346 128648962
f 12125954 158075050 145295106
f 158074626 128780205 113314115
f 113247938 113248174 112658114
f 113246312 113247928 6881384
f 7077992 12189802 7077994
f 12189802 145359034 12189882
f 145359034 145361066 145295725
f 145361261 7143534 158075244
f 128715116 128715117 112724332
f 6750317 61866103 7733357
f 61866093 7078832 12190640
f 12190208 12190640 86966784
f 145360176 145359035 175310128
f 7146100 7145643 15075956
f 60883175 158007406 60883054
f 61800978 61801393 33489426
f 35979794 35979776 33490224
f 35980592 86377767 86968948
f 86379124 157354338 175309031
f 157352167 156567894 15073907
f 15074210 35979891 31916562
f 35981636 35979752 86575428
f 35980582 35980586 86377766
f 86379126 86377766 157354614
f 156568182 156567906 157747830
f 31852904 41027926 31852886
f 157157700 157156650 86574410
f 86574372 86574410 86312228
f 86181158 86313287 175442247
f 155585142 175441199 157746479
f 157156682 86508841 88671627
f 88671848 88671627 86181480
f 86181483 86181480 155584107
f 155583885 155584107 86902157
f 86902159 86902157 60818831
f 86903144 92930977 108463401
f 108332664 108332427 92931688
f 108332648 107546218 107415147
f 107546219 93259383 108398187
f 93259371 93128077 93259149
f 93128077 108332431 92997240
f 93192267 93193614 87818315
f 60818749 60818831 87164221
f 157746483 157746081 85919027
f 157745639 2819360 4851005
f 2819389 87295285 87819571
f 87295283 87098674 87164192
f 87098656 34800927 85853472
f 34800928 41091559 34800103
f 41091559 3146355 2819381
f 3147061 88409414 87295282
f 88409394 88278340 87098655
f 88278303 33686824 86443295
f 33686815 33423892 33686036
f 33423892 33423988 41092004
f 41026468 41026164 60883876
f 88408150 88408113 87687254
f 88278331 88278342 61998395
f 86442931 86443332 86246323
f 86442533 86443301 33686053
f 33686020 33686053 33423876
f 12714500 61014527 12714495
f 87687244 87687254 88604748
f 87688506 87688521 61998394
f 87622579 87622949 86245492
f 35913844 35915045 5308532
f 33751122 33751589 3407954
f 61734965 12714500 61735428
f 2949196 88606025 3014702
f 88604752 87621679 5178697
f 87621680 7536720 3081530
f 4980784 7536756 5308493
f 3407949 4915282 2949235
f 2951503 2949235 3017039
f 158402895 41156655 158400559
f 41156655 41156688 5177392
f 41156656 34865685 3080269
f 4915315 158400596 157681999
f 87361895 41290098 87361906
f 41290098 32244341 41288309
f 32244341 32244245 34865788
f 34865229 87360124 5048679
f 87490638 87229750 87491894
f 87229750 176489079 87229047
f 176489079 176488941 32244243
f 32244348 34734611 41615843
f 4981219 4981372 12321251
f 4980789 87490749 7602254
f 157548661 157549880 87491892
f 157549876 87426371 88212788
f 87426356 156961414 87427718
f 156961414 34736496 158272134
f 31394160 31588883 31392275
f 7604581 156830045 157026661
f 156830053 87558499 157419877
f 87558501 87885123 87557443
f 87885123 5244215 87885111
f 5244215 156830044 157417526
f 157419948 157417526 87558572
f 87557411 87558572 87885091
f 87885105 87885091 5244209
f 5243820 5244209 61473708
f 156959659 3473489 3803482
f 6422587 6422582 3475884
f 6425004 87754053 88345004
f 87755180 33621283 87754019
f 33621283 35849521 33621297
f 35849521 6423468 7667771
f 6357110 6357091 6423877
f 6358341 61408160 60753221
f 61408581 33817916 61408572
f 33817916 33620482 35848709
f 33817124 15270122 35848384
f 61538496 6357540 6619254
f 6359368 6357094 145426760
f 6359213 6359212 60754093
f 60754308 60754093 61409668
f 61407464 61409668 33816808
f 33816770 33816808 15270082
f 157092168 5114028 157092012
f 5114028 3868845 5114029
f 3868845 155978116 3869060
f 155978116 12583144 155975912
f 12583144 157089986 156436808
f 157288788 157288798 157089871
f 157286479 6815849 5111868
f 6815804 33358757 61079612
f 33357884 31525197 33360205
f 31525197 157286593 144968020
f 145098917 157288801 144902311
f 6817956 6818145 175245476
f 61082227 61079657 15338099
f 61080182 61079787 33358454
f 33358305 33358454 31523297
f 144967847 145164454 155517409
f 145162721 61669858 145162722
f 61669858 12386497 61669569
f 12386497 15204546 12386498
f 15204546 61145322 15204586
f 61145322 61145280 12518313
f 12518316 61342633 61539243
f 15206094 15204542 129566414
f 61147066 61145321 129632186
f 61147065 61147067 61605817
f 61146025 61604781 61342632
f 61342635 61277096 61475163
f 61475164 176359771 156895580
f 176359772 31394160 176359792
f 61605581 61605817 61212365
f 61604776 61211559 61278839
f 61278555 175508087 156895876
f 175508100 176425329 158337668
f 176425604 12452320 176423392
f 12452320 118424035 114033575
f 118424487 175507808 157221799
f 158337376 158337655 175966560
f 176425598 176425329 157813374
f 12454249 114035333 118425367
f 118425582 118425367 131860462
f 157222877 157222672 175966173
f 175966178 175966173 157812706
f 157812663 157812706 7210935
f 157810879 15007855 7209151
f 15007935 12255420 12452323
f 132188142 132188125 155125742
f 129370432 129370082 175049024
f 129436272 15009719 129435575
f 15009719 129433711 119868016
f 129238822 129238968 129433830
f 129237222 5376643 176292070
f 5374182 5374140 12255421
f 12255715 175046845 119867407
f 128452623 129238822 128452390
f 113969065 113969077 129239683
f 113969795 61735843 60951171
f 61737603 61734995 5374005
f 5374141 113967157 155191209
f 113903937 113903308 113968035
f 113902499 12714930 61932451
f 12714915 113902511 156174657
f 124127568 124126923 113902514
f 124126130 61016430 158139314
f 61014962 112722115 124127598
f 112724334 60885356 158009710
f 60885358 165544868 116852473
f 165545721 174852717 116918659
f 174852483 93324347 70912387
f 93325699 71043406 93325646
f 71043406 165349717 165546605
f 165349997 165153241 174851131
f 165151803 70780306 93389883
f 70779963 70976913 70780305
f 70976913 165348413 165152672
f 165150793 165152672 93388873
f 70778953 70780306 5701705
f 70975576 70976569 4063320
f 4063293 4063320 6225981
f 165349280 127928225 127862690
f 127860776 127862690 4718632
f 5701672 5701705 3932200
f 3934579 3932200 4000115
f 3932224 3932222 6225984
f 4128864 4129094 21299241
f 127928226 127666096 128911266
f 127666082 158467772 112920482
f 158468002 128909352 127665835
f 127666098 127665835 128976818
f 112920497 112920477 111937457
f 158467757 158467772 158205613
f 158466191 158468463 3997839
f 141100978 141100977 128976557
f 141100717 128845743 111937903
f 128846191 9371857 13633903
f 9374063 2883727 9371791
f 2883727 4784202 9306174
f 4784190 141099072 131663794
f 141100720 141101018 131729072
f 128845787 128845930 127731675
f 13633438 13633455 6490014
f 13631585 13631588 9371745
f 9371687 9371745 2883623
f 112133810 112134106 131598002
f 112789465 127796912 112789168
f 127796912 127797211 131729310
f 127797150 111675049 127729764
f 111673444 7340133 6553700
f 7340132 6160481 7340129
f 6160481 112787495 140969945
f 140773480 140838586 140773050
f 140838586 112002975 140838815
f 112002975 6686377 112002729
f 6686377 6684773 6553713
f 6684785 35586592 7340127
f 140970085 112854715 140773476
f 140773034 140773476 140838570
f 140838572 140838570 112002732
f 6686380 6686382 32442028
f 6685169 6685168 35586545
f 48628209 6160928 48628256
f 112855140 127338599 140904548
f 140707945 140707736 111741033
f 111872105 111871658 33228905
f 111870448 32440828 32506364
f 32506330 32506364 32375258
f 32506599 32375279 48628257
f 48627824 48628257 6160496
f 127403928 34146409 127404137
f 34146409 34144764 33227226
f 34144730 33948167 30999074
f 30999026 30999074 32375282
f 32375329 127402482 127272856
f 127402504 34015127 127402506
f 33948168 34013706 33948222
f 33948194 35717694 32571965
f 32571899 32571965 35652091
f 35652059 35652091 7274971
f 7274707 7274971 7405779
f 6160498 6160496 2490482
f 2883698 2883623 5505138
f 2883625 2883669 4784169
f 7405655 7405779 5505111
f 4128809 67633226 68420628
f 67634196 68092946 68224020
f 68092948 68027407 67961872
f 68551696 67961870 68617239
f 68617230 67634189 68224621
f 68093549 68092946 68552301
f 68551690 68552301 68617226
f 67896330 67896344 68486154
f 68158474 68158486 68879370
f 68879981 68879370 68290157
f 67634797 88540179 85984890
f 88540794 106235170 86050426
f 106235514 106825311 107152982
f 107284054 107284068 107152997
f 107218532 88540777 86050396
f 106235484 106235170 107284060
f 107218524 107218534 106038876
f 107480659 107480677 106169939
f 106366547 106366549 106104403
f 106104412 106104403 106759772
f 88540764 91293278 106890542
f 91292974 86639915 86836859
f 86640251 106301017 106432123
f 106497625 106497623 106301052
f 108725847 91293275 86639952
f 86640218 86639952 106432090
f 91293008 88999249 89130320
f 88999248 108725586 89195856
f 108725584 111347290 88999250
f 111347026 88474951 89196156
f 88475260 92276315 92407170
f 92276098 108856698 91817346
f 108856706 108791163 108856699
f 108791163 52168060 108791164
f 52168060 92799580 92276090
f 92800378 92669319 91817598
f 92669566 108922499 109184638
f 108922494 10290813 108922493
f 10290813 10289949 52167438
f 52167455 52167438 39519007
f 92669318 92669321 92538246
f 92668980 92669317 109184052
f 70255668 109053571 70256259
f 109053571 28378751 109053567
f 28378751 28377246 10289512
f 10289934 110231912 92603781
f 110232965 91751801 92537908
f 91751476 70387063 91620404
f 70386740 109249585 70386737
f 109249585 52496001 109250177
f 52496001 52494770 28377245
f 28377448 92471453 110232953
f 92472697 92472695 91620403
f 70124932 108987443 70124595
f 108987443 108988036 109249314
f 108987170 10158360 18285346
f 10158882 10223771 10093346
f 92472977 92472979 110167697
f 92472367 111085202 110167087
f 111084591 105907793 70125184
f 105907840 111150753 108986648
f 111149336 38273169 9437464
f 38273304 90177692 111085137
f 90179153 105973330 105907873
f 105973409 9503778 69273249
f 9504417 9502865 9437769
f 90178142 90179232 90112606
f 90178910 90178912 90244446
f 105973090 105973089 111215970
f 69273250 69273170 85526178
f 9504026 9503778 53806362
f 9502880 9503542 38338720
f 9503305 69403210 90244770
f 69404322 91096431 111215898
f 91096346 53151088 91161882
f 53151002 53150518 53805216
f 69403928 69404002 85591320
f 69403949 69403931 86705453
f 91096364 91096100 88868140
f 91161933 91161967 91227469
f 53151089 53151088 52626801
f 53150524 53150500 52888380
f 53149856 88802088 86705485
f 88802637 91227470 88933709
f 52626766 52626801 10683726
f 52626204 52625572 54199068
f 52101948 52822823 54199080
f 52822824 10748069 52887712
f 88802635 88802604 91030859
f 88802928 88802670 106694256
f 88933981 88933708 108529245
f 10684025 10683726 23201401
f 10682711 10682723 52101463
f 52101461 52101463 54133077
f 52822843 107807516 106694265
f 107808377 107021922 108527971
f 107020643 21627296 27197795
f 21627235 393559 21627223
f 393559 393557 22282851
f 393827 34996553 106694254
f 34997870 107677292 107808369
f 107808354 108004977 107020704
f 108003744 22348314 35193248
f 22348192 393547 22348107
f 21496150 21495815 21561686
f 19595606 108003658 107349612
f 42927719 42927729 108003866
f 42926618 19661082 18416154
f 19661338 19595606 19661142
f 19595562 19595565 19857706
f 17105194 42926384 67765863
f 68682763 15860368 68682384
f 15860368 15859994 18415917
f 15860013 19005738 15860010
f 19005738 17105209 20447530
f 17105198 68682041 68748299
f 68682382 68682778 42861198
f 68682019 68682383 15860003
f 42861201 68813454 42992271
f 42861081 42861595 19005977
f 20447769 20447523 9568793
f 9568569 19136814 9568558
f 19136814 19136804 19071510
f 67830417 18154523 67830811
f 18154523 18154009 35127443
f 18153619 27132197 18153765
f 27132197 34930965 18088229
f 18088470 67830296 39715473
f 67830311 67830367 39584295
f 67830175 67830365 18153887
f 39584280 27132455 35062365
f 27132181 21430808 22283067
f 21431099 54068025 54002491
f 54068027 52822827 53084987
f 10748715 10748711 10617643
f 52691107 10420389 52691109
f 38339365 38338720 54788901
f 38273861 25297482 53084323
f 25297059 10485919 10354851
f 10485923 52691723 50987171
f 54788875 54788901 49480459
f 52429556 38273861 52429637
f 10158881 10158665 48890657
f 10158403 10158827 10092867
f 49480447 49480459 50332415
f 49480098 49480449 52560290
f 49480481 52560675 52429547
f 52560619 21889349 21234411
f 21889771 21889347 21102888
f 21102908 21102888 49021244
f 10093293 10092867 10224365
f 10224200 10224365 23528008
f 21889447 21889349 27591079
f 21889448 21889446 19333544
f 20644264 20644136 49152424
f 20644174 20644591 38207822
f 38207804 27591405 27722479
f 27591407 21954896 49152334
f 21954894 21692748 21824321
f 21824272 21824321 38208272
f 23528208 23528008 51184400
f 51184042 51184400 52298154
f 21693249 20513082 54526372
f 51315108 51315521 27853220
f 20513188 20579138 19398965
f 20578613 19988798 20775221
f 19988789 19988797 20709700
f 19988804 27066782 21168427
f 27066667 20578612 20775222
f 19988790 19988798 20316470
f 27066679 27066674 20054327
f 27066673 27066675 20119857
f 20578614 20250914 20381986
f 20250935 20382008 20316467
f 19923256 25231667 25100685
f 25231757 23724420 25362829
f 23724429 23724402 24183146
f 23724394 24117617 23658881
f 24117633 25231728 25362796
f 23724396 23724420 22217068
f 23724385 23724372 24117601
f 24117613 24117601 24052077
f 25231724 23789922 23003490
f 23789908 23069024 23003476
f 23855456 25690465 25428379
f 25690523 25493900 25887131
f 25493915 25493916 26935687
f 25493895 26804634 25559453
f 26804637 16712087 25690508
f 16712076 23921007 23986572
f 23921036 16777606 23921030
f 16777606 16777626 26804631
f 16777623 25035134 16777598
f 23986559 23920896 25035119
f 23920897 44958079 45352085
f 45220527 76809365 78971571
f 83100854 83100821 78841014
f 58590388 58590453 81134772
f 54920407 77202303 45221046
f 77202614 73925737 78972084
f 81134697 81134772 74056809
f 81134698 81134699 84083818
f 81134407 78775556 84083527
f 78775111 14025545 77202537
f 13893847 13894761 73925739
f 73990357 73991275 39321813
f 78905945 78906474 73991428
f 78906628 80872627 78906547
f 80872627 81003733 78775113
f 81003337 55706770 14024917
f 55705813 55509840 13894233
f 55509593 41681468 37421657
f 39322805 56230525 41682101
f 56231093 56362195 56231123
f 56362195 80807122 80872661
f 55509133 56296275 9175888
f 55509564 56296284 37421961
f 37421694 37421961 56427134
f 56427068 56951421 56427133
f 56951421 58196827 56951643
f 58196827 63636317 9175900
f 63636316 17367306 56295687
f 56295688 56295687 59244808
f 59245818 59244808 41747706
f 41747813 41747706 66258277
f 56427508 56427134 56951796
f 56951691 56951796 58196875
f 17171580 75170058 17171723
f 17237259 17236231 74122507
f 83428460 83427592 75433068
f 83428569 83428480 90440921
f 75170946 75170058 91358338
f 91358332 91424116 75171083
f 91424011 59311233 75498763
f 59311371 74384492 59311212
f 74384492 82838656 74384512
f 82838656 75564249 91358447
f 82707827 91358474 75236618
f 91423869 91424115 77530237
f 91424107 91423904 75498859
f 75498376 75498859 59310984
f 74384264 82707338 82379906
f 82707626 82707690 94569642
f 82707668 82707876 84477140
f 84477196 84477140 84673804
f 75236621 75236618 90703117
f 77530473 77530237 77923689
f 90834086 78185632 94569730
f 94569684 80348418 83952852
f 84608203 65602772 80348428
f 65602828 62587836 84608269
f 62588173 42402440 84673897
f 78185730 58000246 83952473
f 55444313 55575810 55444738
f 55575810 55575755 80348138
f 55575530 37159480 65602496
f 62587840 62587882 94831552
f 42403240 76678076 58000217
f 58459283 57279321 58458969
f 57279321 76743503 57279311
f 76743503 76743505 55575096
f 76743224 37093943 37159508
f 37159872 58458708 97256595
f 97256321 58655891 76678017
f 58655617 38995089 36766263
f 38863410 64291412 38863444
f 64291412 82510784 64291776
f 82510784 82511272 94831709
f 94831240 38863965 37290546
f 35324474 42467922 35324498
f 42467922 39125974 42468310
f 39125974 39257324 39126252
f 39257324 73139694 99419372
f 37290524 32113131 35324443
f 35324550 35324443 42467974
f 42468315 42467974 39125979
f 39125639 39125979 39256711
f 39257065 39256711 62915561
f 39257582 35259329 32178667
f 31982060 65012251 31982107
f 65012251 116458118 65012358
f 116458118 115999707 116458459
f 115999707 115999367 42337257
f 65537777 65537771 62260977
f 65536961 31982519 32047596
f 41878143 41878083 36897407
f 41878075 37356084 37028404
f 17629750 17629755 79692342
f 17564865 36831502 41812532
f 36831796 37749302 36831798
f 37749302 37814850 37029057
f 37815489 79758530 79693159
f 79692045 90572135 17563780
f 90570884 77726883 8585488
f 37749314 45417142 37814691
f 8520099 8520258 37815490
f 90505347 90571970 90506434
f 77727078 77727079 77989222
f 77857959 17761443 77857955
f 16843941 27394320 8520571
f 18744187 18743427 8519814
f 8521062 8716422 90506407
f 8717479 8650885 77989224
f 77989029 90637672 77856978
f 77857026 8126674 13697282
f 8126722 18743676 58262395
f 18744211 18744186 17826707
f 17957137 8716575 17957151
f 8651027 8650886 9699603
f 17694869 90636421 17694853
f 90636308 90636559 24379412
f 90636498 59834741 59900177
f 59834641 17432843 17826060
f 17826067 17498380 17957013
f 17498261 11927735 9699512
f 9699599 11993272 17694740
f 17433489 17433490 18678673
f 8454430 17498379 8454411
f 11927682 11927820 9240706
f 9830542 11993271 9830583
f 16973975 1245368 16974008
f 18678672 18678673 18613136
f 18546973 8454430 18546974
f 9240860 9240706 9044252
f 14090379 9830542 14090382
f 25624792 16973975 25624727
f 18613116 18613136 18350972
f 17891609 18546973 17891613
f 9044242 9044252 13828370
f 14221524 14090379 14221451
f 1048794 25624792 1048792
f 79496060 79429913 79495449
f 79429913 17891593 17301785
f 17891513 17891593 13828281
f 13959353 14221524 13959380
f 15990998 1048794 15991002
f 58393790 58524542 79496378
f 79496408 79496378 79430872
f 79430839 79430872 9110711
f 17301644 17302717 12058764
f 12059752 12058764 84149352
f 12058838 79234309 54854526
f 79233864 79233862 84017992
f 79234150 79234307 81200230
f 81200312 81200230 79037624
f 79037550 79037624 76219502
f 9110668 9110711 73860236
f 84018063 84017992 81068943
f 73729238 73729283 74187990
f 73728219 73729133 79102171
f 58065115 58066104 79103086
f 58066030 76153995 74253107
f 76219187 77399150 59638998
f 77399254 79168697 81069165
f 79168621 55379154 80807021
f 55379053 56033499 55378139
f 56033499 56034167 58066059
f 56034443 84215046 76153648
f 76153651 76612400 77399225
f 76612793 81003733 79168722
f 55378781 55379154 55903069
f 56034134 56034126 55771990
f 84214612 84214616 84280148
f 36570375 53413126 36570374
f 53412655 53412399 30278447
f 53608911 56361776 55903066
f 55903058 55903066 55771986
f 55772400 55771986 84280560
f 52954352 36570375 52954375
f 36569550 36569897 53346766
f 56361818 58196857 56164628
f 56164500 56164628 55640212
f 55641199 55640212 82773103
f 30147695 52954352 30147824
f 52953898 52953549 30212906
f 20841258 20840910 30212911
f 58196244 59376523 18023780
f 18023620 79889764 18022548
f 74319044 74317972 75367620
f 53281919 30147695 53281903
f 30147373 30147374 53019437
f 20906797 20841258 20906794
f 59376996 84346211 90309988
f 84346212 90375330 82445474
f 90375364 82445547 79889535
f 90309620 90309515 90440692
f 84346213 84346211 81266021
f 74450137 83821832 74450184
f 83821832 77661346 83887360
f 83887266 82445547 84411649
f 84411627 75367666 82904299
f 81265777 80020721 82838641
f 80020593 79627456 74450176
f 79627520 80676095 83756288
f 83887312 83887360 80741584
f 80741633 74384649 82838726
f 74384582 90899820 80020671
f 79627455 79627462 79955135
f 83756229 83756224 91555013
f 80676214 80676095 80610678
f 80741583 74384592 90899336
f 90899287 90899336 90768215
f 90899647 65406314 90768575
f 65406143 65668075 79561925
f 65668293 63243206 79955318
f 63243638 66716667 91555023
f 77792136 77792087 55968387
f 90768003 90768215 65405571
f 65405523 65405571 94437971
f 65668514 65668071 97781154
f 63243733 63243243 94504405
f 66717091 77792198 90833800
f 77923691 77923492 77792252
f 77791875 73073660 66781827
f 73073283 73073235 38928981
f 94437973 94437971 94634581
f 94438880 94438821 97781216
f 97781200 97781216 94504400
f 77923324 99288032 64947196
f 99288060 99288156 73074157
f 73073237 99354093 39060055
f 39060942 39060055 94635470
f 94635476 94635470 98502100
f 64947561 64947366 64357737
f 64947126 64947159 99287990
f 94241718 99354092 94242284
f 65471903 39192045 65471981
f 37225448 62128727 37225047
f 62128727 90703310 64357000
f 64357469 64357000 62194781
f 62784605 94241718 62784438
f 62653375 65471903 62653855
f 66651069 37225448 66651112
f 119931898 62128697 119931449
f 62130076 62129959 62064540
f 97321908 62784437 99419229
f 62784449 62653934 62915519
f 62653367 66651073 62260157
f 116392887 119931898 116392954
f 115869425 117704487 115869479
f 117704487 117704604 127600388
f 63309572 62064540 63309724
f 97715143 97321908 97715124
f 116393705 115672806 115869766
f 117704774 117704425 126027846
f 116328324 117638917 116328197
f 115672811 115672817 124323563
f 115672960 115672938 140183424
f 115673158 135727196 140183622
f 135727174 121308988 138741636
f 124323570 124323563 124520178
f 124323950 124323693 125765742
f 125765640 125765742 134613000
f 140183559 140183424 135727111
f 135727153 135727111 121505841
f 121308991 121309208 135530303
f 136120341 126027580 136120124
f 134613043 134613000 137365555
f 137365556 137365555 137431092
f 121505842 121505841 116131890
f 121505811 121505517 135530515
f 135464979 135464981 135530524
f 135530526 137562140 137430754
f 137430895 137430754 124716911
f 137430897 116131696 124782642
f 137561826 136644646 115410981
f 136644645 120719396 136513573
f 120719397 120719219 124913525
f 115541811 115541877 125044598
f 125110133 124978914 125109986
f 124978914 136513391 120719417
f 120719225 125306937 120719133
f 119277363 115541731 115476275
f 136513593 138151997 137889847
f 116262967 105318457 137758447
f 105318127 116262629 119408357
f 125437727 137758447 137824317
f 137758762 137758776 173738026
f 137758146 103877212 96536631
f 103876663 136971848 137824298
f 136841259 136841258 136907356
f 136841820 153553214 154995292
f 153553500 173738301 96471357
f 96536001 136841820 137037867
f 136840749 136841260 130549293
f 136841160 136841161 154994632
f 153552840 153553214 103221192
f 103155240 103156008 153553211
f 154929467 154929448 154536251
f 105056567 154929469 96470596
f 130484167 130484169 130615239
f 102631370 130484168 103220767
f 103220646 94701087 103220768
f 103155232 139265576 130418634
f 139265994 139200589 130614677
f 130614815 139330965 139266125
f 139331661 94898256 139397197
f 139199985 139199913 93783537
f 139199893 139330968 139397124
f 139396553 139397124 94897609
f 94897611 94897609 98305483
f 94897562 94897629 94700954
f 94897649 102630822 94701041
f 139331588 134285314 134416389
f 134415345 134416389 64881649
f 64882692 134481353 134350850
f 139724803 104007685 139724805
f 66061876 66062341 104072756
f 66061878 64882229 104137713
f 64882546 64882230 64751474
f 97126258 139723741 139659267
f 139593812 104204373 139593813
f 104204373 139593268 139790420
f 139593815 139593814 139921495
f 67373144 139593811 62325765
f 62326867 66979383 62326327
f 67306424 67306495 66979381
f 67307061 138937910 139855960
f 138938456 139069515 139920373
f 67044341 67373144 67045464
f 139528265 121374795 139528267
f 121374795 66323446 66390091
f 62456822 62456821 66323437
f 66323447 66323437 67044343
f 138938450 139462737 139528266
f 121374794 120326226 139003709
f 120325949 135858202 121373686
f 135857142 67109889 66389000
f 66388922 139002888 139135057
f 154273868 154273866 139003693
f 120325932 120326451 135333676
f 135858194 135857965 135923730
f 65865755 135858202 67109870
f 139135283 155060543 154274104
f 120260920 120260915 124455224
f 150341484 150341420 120260626
f 150341650 151456008 135333915
f 155060536 154208562 154601750
f 124455190 124455224 152242454
f 149621012 150341484 149620588
f 150341875 150341868 169216243
f 150342098 150342167 151456210
f 154208534 138676292 138610966
f 138676502 152439063 152373524
f 152439060 152307989 152242589
f 152242412 169871773 161220844
f 169871596 163907827 169871603
f 163907827 163973575 150080023
f 152438635 152438853 134940523
f 152307724 152307991 121440268
f 149555006 161220885 149555477
f 161221061 161220843 169871813
f 169871906 169871813 163908130
f 134940784 134940523 141559920
f 121440369 121440268 116197489
f 146802414 149555006 146802494
f 149555874 149555393 163842722
f 163842711 163842722 169937559
f 169937134 169937559 149686510
f 163907821 146803234 146671342
f 146802957 146802879 178325773
f 178325750 178325773 177604854
f 177604988 177604854 149752188
f 149686726 179046525 142346694
f 179046854 168757703 179046855
f 168757703 169216665 177736135
f 169216441 169216665 164694457
f 164694481 164694457 166463953
f 151456237 170002898 168757913
f 170003097 177736229 163056165
f 163056278 163056165 164629142
f 164629057 164629142 152570433
f 152570321 172821070 164628973
f 170133727 170134051 168560863
f 168561189 168823446 168561302
f 168823446 168823361 171969084
f 171968812 171969084 153422124
f 152570150 168036929 148769293
f 168036877 168036881 168823302
f 168823356 171641350 171837958
f 171641420 171641407 171772492
f 171641132 168102462 170068485
f 178981412 152701446 178981382
f 152701446 178981439 161876516
f 178981320 178981287 161810888
f 153029030 178981548 152504608
f 152505004 176818459 164039078
f 176818598 172231105 163580326
f 161810720 162335301 176818625
f 162335169 162466224 163580191
f 172230943 172231105 172165407
f 172165503 171903263 159255108
f 171903556 178129483 162335152
f 178129328 177998493 162466078
f 152897968 152963357 152832432
f 159254813 152832287 159254728
f 153225416 159320447 153225599
f 171903360 178129279 177998496
f 177998084 152898208 151194269
f 153094404 153094430 172361988
f 153094344 153094727 152766664
f 152832200 178194716 178064031
f 167512734 168888992 167512736
f 168888992 170592788 169020064
f 170592928 170592516 151193982
f 151194134 151193982 172362262
f 178063869 168299017 167512724
f 167512291 167512724 168888547
f 168299156 170199593 170396308
f 170199700 179112600 177670804
f 179112596 177408403 149031315
f 149031294 149031315 170592638
f 170199254 170199593 163776726
f 170199537 170199492 167971313
f 170199723 170199556 177670827
f 179112619 179112600 179178155
f 178850479 178850478 179112326
f 179112339 149948806 159713683
f 159189233 166726035 167971037
f 167971342 167971037 178915854
f 178915553 161614350 148900523
f 161614507 179178159 143657379
f 169805969 178850479 169806511
f 168626672 168626397 163645936
f 163645966 151259397 168626402
f 168626319 168626402 148899983
f 163645962 163645936 144312842
f 163645560 142018715 151586971
f 142018762 142018826 150997194
f 150997223 150997194 151259367
f 144312818 144312842 160958962
f 160958619 151390478 151849115
f 151390363 144312588 151587084
f 168364530 168495628 166791430
f 151325227 151325196 168167979
f 142084615 143132934 142084358
f 143132934 151849334 158664966
f 151849223 151390582 148048246
f 151390409 170526932 168167938
f 168167912 168167938 151521768
f 151914761 151915015 168167813
f 168167545 167840133 168233515
f 167315976 169413122 167315970
f 169413122 178457064 169413096
f 178457064 178391577 169347560
f 178391528 167315721 165874184
f 149490148 142281210 149490170
f 142281210 142215706 142281242
f 142215706 145820324 142215844
f 145820324 164235723 178457113
f 165873898 146147511 149490076
f 149489796 149490076 142280836
f 142215300 142215292 145688708
f 142215441 142215344 145819921
f 145819778 145819921 146933890
f 164235459 161155250 149424311
f 161155344 161155305 142936336
f 142805126 142805404 149358726
f 145688808 145688708 147196136
f 152045767 152045744 147130567
f 152045696 152045766 142674048
f 142935506 142936336 100206034
f 100206726 100402685 142936296
f 100403432 101582351 149358094
f 147195406 151980264 97584661
f 97584662 97584661 95487510
f 100206002 100206034 95552946
f 100402611 100402682 100337075
f 101582332 101582333 80152060
f 101516488 101975567 101910800
f 96667156 96601621 96667157
f 96601621 104924694 96601622
f 104924694 97519057 102041010
f 97519026 100795907 95487411
f 100795827 110823068 95553020
f 101909956 102106647 96667203
f 96667184 96667203 96601648
f 96601191 96601648 104924263
f 104924591 104924263 95356335
f 97519024 97519170 101385648
f 100795916 104990161 96863767
f 95356462 95356335 95421998
f 101385649 101385648 83363249
f 101385744 101385465 110691856
f 101385731 99223194 110691843
f 99223043 11798172 103613873
f 11797937 16253177 95421689
f 16254201 29622864 38733049
f 29623545 29558288 29623824
f 29558288 83297528 101648026
f 83297946 11797995 16253176
f 16253375 16253176 38732223
f 29229648 38732226 29622722
f 29622775 29622722 29557239
f 29557240 29557239 721400
f 83296268 16187844 8913077
f 3211401 3211512 16187839
f 29229298 57868338 15794623
f 57868735 29426587 60424639
f 29426450 29426587 32899858
f 32899834 49873682 32899576
f 8912946 8847496 3211442
f 15794354 11599922 60031112
f 11600000 8323989 11600001
f 8323201 57868396 60424978
f 57869074 51512062 50135826
f 51512082 50004730 51512058
f 49939196 49939194 49873400
f 49938936 15532270 32964620
f 26346259 50004732 26149267
f 26149628 33096186 50004731
f 33096443 11272980 51577595
f 11272955 11272430 15532206
f 15532044 26345646 26148866
f 1638402 1638800 26149370
f 1638906 22020123 1704442
f 22020602 788 22020884
f 788 173 11272428
f 11272366 65772 22479251
f 82051416 65538 19793125
f 65569 65839 2162721
f 65562 2162722 1638805
f 1704341 1703962 30015893
f 1704396 1704395 22020556
f 460 82051409 19792194
f 22544706 196911 22544687
f 196911 4325409 196641
f 4325409 2228229 262177
f 2228257 26476578 2228258
f 21037401 4194369 22544939
f 36307289 29032891 28967257
f 29032793 10813444 29032452
f 10813444 10813507 4325379
f 4325714 4325379 262482
f 60620865 60621355 36307500
f 36373035 53936686 36504107
f 53936683 53936571 28967356
f 53936572 38470220 29032614
f 38469798 15597807 10813886
f 10813443 36372926 82969502
f 36372587 3671283 6947372
f 3670572 16581166 3670574
f 16581166 16515896 16581432
f 16515896 16515660 38469871
f 16515311 15663344 15598017
f 15598014 82313665 82968683
f 90965225 29360235 8782064
f 8061063 38797761 8061377
f 38797761 328126 38797758
f 328126 2424835 327683
f 2424835 8061266 3539079
f 29294647 10879100 29294716
f 10879100 10879569 38797553
f 327921 328273 20971761
f 327717 328001 2424869
f 3539392 17039621 29294760
f 29295037 29294760 10879421
f 4260285 15728807 4260007
f 2752578 2752753 15728961
f 2752833 20906303 20840769
f 20906305 10944549 18481413
f 7995675 7995560 10944957
f 7995837 30474706 29098804
f 29098050 4260660 2687796
f 4259883 30277674 2687019
f 30277675 53347119 2752831
f 18481275 16384250 16318587
f 16384123 36110888 7995858
f 36110802 36176425 30475061
f 30475060 53740341 53674807
f 2687799 2687796 30278455
f 30278451 16450359 16384552
f 16450088 1507352 36110889
f 1507881 1376278 36176223
f 36176693 22937951 53740337
f 53740343 53478193 53871411
f 53478195 76219186 53543731
f 1573116 26083352 1572888
f 26083352 26083350 1376605
f 1376607 22806877 22938065
f 22938417 30343633 30409521
f 30343985 30343986 53544076
f 30344332 1573992 3735804
f 1310778 26673177 1310745
f 26673177 4391311 26673551
f 4391311 22806875 22675855
f 22806876 22806875 36438364
f 22806993 1311277 3604538
f 24772664 1441813 24772629
f 1441813 1180056 1442200
f 1180056 24903748 1179716
f 24903748 22610266 4391259
f 22610267 24772956 16056376
f 4653302 26018171 4653435
f 26018171 24510487 26017815
f 24510487 22872083 24510483
f 22872083 25624957 22872445
f 25624957 1048593 24904026
f 16056392 3342388 4653433
f 4653125 4653433 26017861
f 26018164 26017861 24510836
f 24510835 24510836 22872435
f 22872324 22872435 25624836
f 3342713 16122100 15925625
f 16122233 4522055 4587897
f 4522361 25821253 4522053
f 25821253 1114484 25821556
f 1114484 1245555 1114483
f 1245555 76939524 16121927
f 76874903 4587591 26281110
f 4587551 4587922 4522015
f 4522106 4522015 25821306
f 25821310 25821306 1114238
f 1245310 1245202 24379518
f 13697150 81527157 76940438
f 81527958 71697479 76874822
f 76874134 76874822 26280342
f 26280063 26280342 1966207
f 1966112 1966207 7929888
f 7929981 7929888 8192125
f 8192210 71630973 78644295
f 77006001 78709830 77005894
f 71631226 71632050 26542458
f 26542456 26542458 8257912
f 8257930 8257912 2032010
f 2031996 2032010 8126844
f 78644376 71435331 77005896
f 77006002 71763016 71500867
f 1048922 15991029 22610268
f 15991132 16908547 22741549
f 16908845 36241962 36438481
f 36241873 36241872 30344296
f 36242536 15992069 16908502
f 16909573 16908502 36242693
f 151521415 142150307 143001865
f 142149897 143133046 158664969
f 143132937 151062799 142150006
f 148048130 148048246 147982594
f 150866178 150866131 160434434
f 150866173 146409873 150735103
f 142149890 151062756 169281764
f 151062920 147524120 159844610
f 160434380 160499970 147523985
f 160500113 147720585 159910289
f 147720593 149096701 169282211
f 169347747 166005272 169347608
f 166005272 164760019 169281928
f 164759944 159975630 164759758
f 159975630 147654792 160499848
f 143067538 169347465 166005195
f 164170187 164170214 166005203
f 164170195 178588326 164759946
f 178588042 166201719 178588023
f 166201719 164169933 152111563
f 164170189 164170002 177473997
f 178588309 178588106 166202005
f 146934219 161024274 146934034
f 161024274 161089997 161024461
f 161089997 166070759 164366997
f 166070933 164104649 177474025
f 146999491 152177050 146999706
f 152177050 146868635 152177051
f 146868635 142608513 161090023
f 142608871 164301260 166070729
f 146933956 142674050 146999471
f 146999470 146999471 152176814
f 152176837 152176814 146868421
f 120850629 125831362 120850626
f 125831362 121702529 125831297
f 121702529 145623500 142542978
f 104728704 104728751 145623214
f 104728750 95749558 145557701
f 95750341 65144244 95619269
f 65145029 120850228 120785093
f 142542399 100599238 96798271
f 100599359 104269368 104727990
f 104269238 101058055 95749556
f 101057972 97650175 100533684
f 97650100 142541795 96798225
f 96797943 96798225 100599031
f 100599270 100599031 111609318
f 104269480 104269312 100730536
f 104269313 104269314 101058049
f 142542353 99944646 147129873
f 101713380 101713398 83232228
f 83232413 83232228 98895517
f 98895337 98895517 100926953
f 98895336 98895365 111609320
f 104597702 98829814 104596982
f 98829814 100992484 98829796
f 100992484 99157661 100992669
f 99157661 99157481 99091660
f 99091979 99091660 100926987
f 147129917 104597703 95684807
f 104596919 104596917 98829751
f 98829765 98829751 100992453
f 99157445 99157510 104859077
f 104662593 80414186 104662506
f 101517511 100009397 101516725
f 100009397 110495159 100009399
f 110495159 110757317 110495173
f 110757317 110757441 104859200
f 104859198 104793664 104661001
f 104661650 104661001 80413330
f 80152078 100861431 80152055
f 100861431 110626455 100861591
f 110626455 110626459 110757395
f 110757440 15402515 101844544
f 15402560 524339 3278400
f 7798835 7798793 524946
f 104465608 100140548 104465924
f 100140548 100140697 110626322
f 110626323 11339282 101778963
f 11339283 104464620 100336840
f 110822908 99223099 110822971
f 99223099 99223033 100140237
f 100140562 722125 80479762
f 722450 80478382 83297771
f 722168 15402189 3276801
f 3276920 1 7799244
f 15466956 43057272 15466616
f 43057743 43057389 7864911
f 80412793 80413330 101318777
f 30081261 29819337 29884653
f 29819117 38535759 29819471
f 38535759 7864333 787023
f 655373 655481 7865867
f 656907 99878389 101320197
f 29884875 29884876 29753803
f 29819335 29819337 51970503
f 38535962 38535624 11404058
f 38600879 918093 38601293
f 786447 918093 786443
f 917515 11075754 656885
f 29753749 29753803 26411413
f 51970452 51970503 26214804
f 51970078 51970449 11403294
f 52035614 11403439 38601499
f 44106523 38601294 590498
f 590414 589839 917674
f 26411043 26411413 2293795
f 26214436 26214804 21364772
f 1900871 1900945 16646471
f 1900953 26738943 1901339
f 52036373 52035993 29950741
f 29950747 262818 2228260
f 262180 22085970 2294087
f 22085959 2424870 21364991
f 2425087 2359333 16646518
f 16646553 53215606 24445337
f 53215641 53281557 53216021
f 53281557 51773945 33030933
f 51774229 51773898 29950744
f 44106520 24445386 20906021
f 53215552 53281142 33031295
f 51774591 51773945 82904191
f 51774702 51774706 51905774
f 51774232 1770265 51905304
f 1770264 44106518 51708696
f 44105742 44106518 589838
f 82642185 82642162 75302153
f 82640924 82642046 51904540
f 79299849 1836158 79299710
f 1836158 1835036 1770262
f 1835798 11141134 1835022
f 11141134 11010064 983054
f 11010062 11075594 11010058
f 84411579 79365329 80741563
f 79365307 11142350 80544955
f 11142331 80740381 79365327
f 79365054 79365327 66519998
f 80544760 80544956 66585592
f 80543916 80544761 11141292
f 983212 983211 80085164
f 984584 984263 11011592
f 66716879 97911742 66716606
f 97911742 98633178 98108350
f 98632638 98370552 98632696
f 98370552 98370553 66586104
f 100074489 104531516 66584748
f 94503931 97453527 94504407
f 97453527 94307744 97912282
f 94307802 98567638 97846746
f 98567642 98567650 98633267
f 98371123 97453538 94307801
f 94307800 94307801 97846744
f 98567640 98567638 97650136
f 98567140 98567635 65340388
f 98567731 98042854 98174416
f 42141147 42206681 42141145
f 42206681 65144280 42206680
f 65144280 98502099 97453531
f 98502107 97715668 98173895
f 98173572 63308743 42141444
f 42206980 42205828 116524804
f 42207028 42206963 65144628
f 116524784 116524804 119998192
f 120784680 120784627 120850216
f 120850303 120850216 125831039
f 125831013 125831039 121702245
f 119998211 119998192 125699843
f 125699846 125699843 123995910
f 123996189 123995910 138283037
f 121702463 121702245 121767999
f 164300611 116328258 117573508
f 117573662 117573508 117770270
f 136054814 136054534 135989278
f 136054806 136054812 121571350
f 138282816 138283037 138544960
f 121768003 121767999 138348611
f 153946176 166266691 153945923
f 121768396 164104682 166267340
f 135464988 122619926 135464982
f 122619926 123602783 135595861
f 121571157 121571350 122816341
f 138544979 122619712 122685460
f 122619742 123537233 123406161
f 122750812 122750814 123864924
f 123864914 123602772 122881874
f 123602773 122685268 122488852
f 122488657 122685308 125110140
f 122685257 122685302 121898825
f 122685255 122685253 123406151
f 135464782 115542035 125110089
f 122161018 125634276 125372233
f 122160971 119277438 125372286
f 119277438 125568893 125634379
f 122095485 122292043 111413064
f 122291878 96011941 111478603
f 96012107 122292036 122029892
f 125568889 125568797 125437817
f 119408507 121833341 122029916
f 123406150 123406148 123864902
f 122357574 122357603 123864929
f 123864930 123864929 122881890
f 108267332 121964358 95880821
f 121963964 121963960 122357180
f 121833077 95880634 96143195
f 96208312 123340635 96404925
f 123274688 123340635 135792474
f 123340641 123340825 122423137
f 122357601 96208717 96273848
f 96274276 96273848 105121636
f 105120395 105121636 173277835
f 123210325 102172229 95881060
f 102172516 166332262 124061540
f 166332260 102171275 96339384
f 102237631 123078168 102237720
f 123078168 123012950 123144023
f 96338928 102368696 95880176
f 102434331 102368240 102434375
f 103810631 103810588 102434329
f 103810585 102303258 102238039
f 102368841 102368696 105186889
f 96077385 96077382 111412809
f 111412667 95946169 96077383
f 105383541 105383352 111543925
f 105383590 105383591 111412902
f 166332248 166332262 143329112
f 166332624 166332556 164497616
f 164497899 162728372 166332719
f 154011790 154012084 173279374
f 123078488 143329420 67503959
f 67503642 67503959 64554522
f 64555237 64554522 173410533
f 173476069 173476439 148310245
f 173344984 173345368 148375768
f 173344908 102303961 149161510
f 177931814 158861541 177932517
f 148310393 148310245 160631161
f 162138516 162138328 148310442
f 162072792 103090393 102762010
f 102303265 102893105 103810593
f 102893089 103024165 99485219
f 103024042 103024111 94766506
f 94766741 110364074 94766630
f 102893215 102893105 102827679
f 102893040 102893090 99485168
f 99485171 93718000 99747311
f 93717999 102565406 99485098
f 103810719 111020637 154864221
f 111019464 99748156 154863048
f 96929264 103810547 173803079
f 154535495 154798685 154536541
f 154798685 154863932 99813691
f 99747316 99748156 99681780
f 93652466 93652467 99747223
f 105253175 105055673 95947063
f 105055816 105055673 103876168
f 105318053 105317817 115607205
f 111412965 154797896 99812903
f 93652375 93652377 93848988
f 93849202 102499740 108070297
f 94111261 93980057 94111129
f 93980074 93980061 102565290
f 93652380 93652596 108201443
f 93652451 98698650 98305434
f 98699128 124847581 98305912
f 125175666 108070776 125175672
f 94045810 93652856 93914610
f 99681690 102696480 93914534
f 124847563 94111197 98436637
f 94176735 94111133 110429598
f 154076822 154731933 154076573
f 94964026 94963101 110364986
f 98436510 98239964 94177081
f 154470201 154469790 94176918
f 93521372 93521721 121112647
f 121113010 121112647 169478578
f 121112886 162794011 169478454
f 162793782 154470818 154339746
f 98239892 97060298 93521299
f 105710995 138806676 105710996
f 105842254 138807367 154142288
f 138807730 162597169 169543985
f 162597301 162597404 169478581
f 97060243 93455986 125175410
f 64817015 64816531 93455291
f 93455947 105710523 105514387
f 67241547 105842254 67241550
f 102499786 105449074 67241552
f 105449040 110561352 138872400
f 110560848 105449777 138872435
f 126944883 150145096 126945352
f 150145096 161286558 138872472
f 161285784 161286453 154405177
f 108136338 105645645 126945134
f 126945661 126945134 150145405
f 150210941 169674996 150210804
f 169674996 154667422 169675166
f 169675065 172493385 154667313
f 65734259 64423501 65734221
f 64423501 124584966 67438157
f 67438446 135922649 64489326
f 124586527 124586011 159123999
f 108135404 105776719 65733561
f 64422841 64422892 65799097
f 65930221 65930200 64422913
f 67109848 67175426 64422918
f 66913907 66913871 105776716
f 67307084 62391887 67307087
f 62325764 62325689 62391287
f 65799159 105513913 66913868
f 105514572 67240891 66913867
f 67175406 67568641 65930241
f 135922670 67306457 104138316
f 66848332 66848310 104138610
f 66848626 125175671 64816125
f 151455771 151456287 169740781
f 169740829 169740781 159123997
f 159123701 169609757 150211146
f 150211139 150211146 169675331
f 172755437 169609757 153881165
f 169609802 172886317 153881162
f 172886602 153749803 172558915
f 153750083 172099876 172034340
f 172820973 153619021 153881167
f 153619023 171706649 152570447
f 172886590 153356861 171772495
f 153356879 153356587 153749796
f 153356580 171903552 153291136
f 153291330 172820864 153618713
f 153422105 172689981 171772197
f 153356568 152504908 153356864
f 152504896 172624459 153028888
f 169675336 172427843 169675337
f 172427849 152635984 172952137
f 152635977 169544220 172493105
f 172296784 144705818 172296474
f 144705818 144836771 152635932
f 144837148 144837045 162793630
f 161548446 172296629 172034640
f 172296576 172296770 153684352
f 153684550 153159841 153684129
f 144705655 144705826 164956279
f 144706007 144706006 144837079
f 144836766 141953495 153225506
f 147261731 147261559 141953162
f 141953494 164956298 144640138
f 144640470 161417456 149883350
f 164956631 147261856 143198791
f 172361866 144574623 169151047
f 144574703 144574998 161482991
f 144640239 144640417 149883119
f 169085167 169085168 177015023
f 169085170 169085582 158992626
f 149817997 149817878 177015437
f 177015175 177015437 168692103
f 168692366 168954069 148114062
f 168954510 169150706 176949489
f 149948798 148113942 160041487
f 168692107 160041641 162138793
f 160041336 160041387 148244856
f 168954232 168954071 150014328
f 178784938 178784783 169806506
f 150538784 150538921 178784683
f 150538667 162072794 148441515
f 159779343 159713962 159779498
f 148441508 161679610 148441383
f 148572580 153487655 161745116
f 161745040 161745116 162072720
f 148375696 148375978 148506768
f 147785947 147785945 148375692
f 160893348 160893148 148572584
f 148572367 147720616 148572585
f 162007260 160303245 143395036
f 160303324 150407416 148572596
f 143591860 160893148 150473124
f 160893328 160893177 150800784
f 160893335 160893182 160762263
f 160893352 160369046 150800606
f 150800610 150800606 151652578
f 146475275 146409726 146475262
f 150800791 146409659 160827797
f 160368862 150538490 148703776
f 143657504 143657182 148703458
f 143657186 143591567 164497844
f 150407604 160696462 150735035
f 161941757 161941909 147720445
f 146409674 147392700 146409845
f 158599355 158599380 148048073
f 147327242 158599541 151587018
f 151259362 151259403 151652583
f 148834445 150604175 143395040
f 150604000 150669521 150603985
f 173279484 173279441 147851406
f 164563085 173213947 164563195
f 173213947 143395068 164563147
f 164563203 164563147 158533891
f 178522484 178522576 164563406
f 173214158 173214160 173148622
f 42666446 147458643 143263885
f 147458237 147458187 159910077
f 147589513 166201547 147589323
f 166201547 150931715 166201603
f 159910095 162007229 146540751
f 159910093 150669448 173279065
f 123275516 123275097 123209152
f 123273868 123275516 135791244
f 164430476 135661593 164431897
f 135792458 123471895 122226713
f 123471897 123733857 138544989
f 123799619 138544993 123799379
f 42535374 138348567 42534935
f 135661408 138348608 123668547
f 138544992 42534749 173017550
f 173083086 173083217 178522574
f 173083312 179243685 173082926
f 179243310 166267337 164104494
f 179243264 179243685 166201600
f 164104681 153946800 42534976
f 158796180 158796203 158927252
f 150014330 158927224 150014424
f 150014331 165087704 158993064
f 165087912 178719189 149883349
f 161417685 161417456 144771541
f 158927320 173607591 178653656
f 165087546 165087834 164890938
f 154077498 154077653 164890932
f 154339797 161548706 164890786
f 161548450 173607070 158861991
f 173672825 173673050 177932665
f 173671974 173673116 110364198
f 154077492 154077785 173541014
f 80086588 80085164 100075068
f 100468216 100467911 80086536
f 100468232 77595809 101123579
f 11011579 11011592 11077115
f 11077109 100468219 101451256
f 100468223 100468237 101058047
f 100468281 100468231 104400441
f 100468199 100468282 77596135
f 98371064 98371085 101451263
f 98371071 98371027 97649636
f 98370532 65209314 65274850
f 65340389 65274852 65340979
f 103941090 98370533 65078835
f 104334849 104334855 83166721
f 104334531 104334582 104400067
f 79824442 79824359 98960630
f 98960897 98960630 77596161
f 110953985 100271265 110953633
f 100271592 100271774 99878376
f 99878405 110953960 99026600
f 110954152 110953986 100730369
f 116131700 116131697 125110132
f 116131708 116131702 122554236
f 135399247 57607917 62981351
f 57607399 81593566 82183388
f 81593564 63177955 81593571
f 63177955 63505355 63177675
f 63505355 81593289 63701872
f 81593285 63701965 63177679
f 63177681 63177679 63505361
f 63374289 37946314 63374282
f 37946314 63374281 66192337
f 66126835 66126792 63373892
f 66126404 78447790 37946482
f 81331374 81331314 73008302
f 81331318 81331291 74843254
f 66192370 41943682 42009586
f 41944050 39387738 66127022
f 39388334 81986650 72942766
f 81986734 81986651 73008246
f 81986678 74974329 74777830
f 74843366 74843254 82248934
f 82248819 74581222 82248179
f 74580467 48694000 49218035
f 48693747 82117344 88147065
f 74581314 74581222 74646850
f 49218676 49218675 29492340
f 49218038 49217987 48693750
f 48693718 48693750 28639702
f 28639976 28639968 48169397
f 28639669 30540243 28574435
f 30540515 31130071 30802659
f 31130339 28443093 30736822
f 28443062 43450835 28443091
f 43450835 43450839 30802396
f 43450844 85197460 43188700
f 85197276 88016192 31130698
f 71893468 85066197 85198144
f 85067072 85263636 85132608
f 85263680 71894290 85001536
f 71894337 71894290 87950657
f 83559745 83559743 84936001
f 28509457 71828732 85263634
f 71828754 71828801 88081681
f 71828753 83493957 71566609
f 83494161 28508632 30868753
f 30605784 30605748 48234968
f 48235595 48234968 77464651
f 83493336 63767627 57672659
f 63767507 63112131 63767491
f 63112131 83034984 63112040
f 83034984 81396890 83035290
f 81396890 81396585 57148078
f 81396398 45024345 72876718
f 72876720 45089878 72680112
f 43255028 8979675 43255003
f 8979675 11863129 8979545
f 11863129 11863126 72680532
f 72549462 45089458 45155414
f 83034773 47121046 43319957
f 47121045 44368550 43253898
f 44368010 11731124 8978614
f 11731126 57540784 11468982
f 57540790 72549230 57475254
f 44369027 44368592 71369859
f 44369072 44368962 11732144
f 11732143 78513328 11731120
f 11470048 81724591 11470047
f 81658032 47121263 75629633
f 47121473 59114375 71304446
f 59114750 75695236 83690629
f 75695237 81658956 57541785
f 77071215 57410413 57541486
f 57410414 72483717 58983278
f 72483694 72549460 44827731
f 72549042 55247533 57410437
f 55247749 64684874 55116677
f 64684933 14156883 55247690
f 14156618 72810675 11666250
f 72811338 76481500 77333647
f 76416087 76416144 64226391
f 64226446 64226391 76088462
f 76088476 64160910 77268106
f 72745848 78120080 58131543
f 78120023 72746125 76350605
f 76350636 76350605 77268140
f 77268193 77268140 80282849
f 77268169 77268170 78054601
f 64160936 64160924 97387688
f 76285101 76285097 78316717
f 78316770 78316717 81790178
f 78251234 72615137 78251233
f 72615137 75891914 72615114
f 75891914 72352969 75891913
f 72352969 72156238 80217256
f 81855659 76022866 81855570
f 76022866 76023201 94372503
f 76022423 36635184 43385318
f 36635110 31654547 43123174
f 31654374 31654521 41419420
f 31654556 31719909 43713179
f 31720091 44040864 43975323
f 44040859 43909786 44040858
f 43909786 43516573 43909789
f 43516573 36700830 43516574
f 36700830 44040669 43910890
f 43910892 43910890 43517676
f 43517672 43517676 36701928
f 36701927 36701928 36964071
f 31195701 31195697 44302901
f 125961962 125961964 116066024
f 125961960 140052570 115803879
f 140052199 132581352 115738392
f 132581144 126813993 132581161
f 115935107 126093191 126224259
f 126093187 139986824 126289795
f 139986819 139987034 140052358
f 132581254 132581466 125896582
f 134547330 134547432 132581264
f 134547344 126093261 126290011
f 126289689 119015515 126290009
f 119015513 119146267 139986892
f 126158796 126158937 134809548
f 125896714 125896582 119670794
f 134547235 134547330 136316707
f 130811937 130811910 136251425
f 120916059 120915737 119015311
f 119146383 119146265 131532687
f 130746328 130746139 130680792
f 134809547 134809548 132712395
f 119670762 119670794 134219754
f 136316929 136316707 137627649
f 136251445 136251425 137693237
f 120915855 141756515 140642191
f 141756303 134154240 126748632
f 134154200 131139538 131532747
f 131139531 119473952 130680810
f 119474154 132646889 132712449
f 132646913 133957629 134219829
f 133957685 136448035 137627702
f 136448054 141756461 134154089
f 121046889 121047040 134154194
f 121046994 119342878 131139360
f 119342880 131074001 119474153
f 131074025 132777963 132646909
f 132777981 131205075 133957667
f 131205155 137234479 136448045
f 137234477 121047098 121177961
f 72156239 72156241 72090703
f 72156240 78054477 72287310
f 78054534 78054480 97387654
f 97190991 72090701 75957708
f 72287368 72287309 75826312
f 74908789 74908794 75105397
f 91489397 91489403 75105552
f 91489552 91489551 84804349
f 91489021 32703223 49677053
f 32703229 91489016 84739189
f 91489017 91489550 49677049
f 32703225 32703223 29688569
f 32703217 32702918 28771057
f 32702965 32702904 49742325
f 28705521 28705208 48300785
f 14745777 14352609 14680241
f 11534558 14352604 14483677
f 14352605 14614752 14418143
f 14418820 14680287 14353661
f 14812413 14352604 14614755
f 58851555 14549216 58851552
f 59507587 59506911 14549892
f 59507588 95224716 59442052
f 83624163 14942436 14876899
f 14812035 14942437 58852238
f 58852237 60556174 59573133
f 60556173 60294041 59507596
f 60294028 82576205 55313292
f 82576268 85329326 14876901
f 57214231 60227813 57213157
f 60227813 59573100 57344229
f 59573151 59573100 60556191
f 85328746 59966323 57803626
f 59966314 59048855 60162922
f 59048810 58786712 59048856
f 58786712 60490652 60228460
f 60490604 60359583 59966359
f 60359575 60162891 59048779
f 59048854 59048779 58786710
f 60359499 60097397 57934667
f 95225386 95225069 103679530
f 103286314 103286319 95094314
f 103285855 103286188 73598047
f 73598049 73598047 73532513
f 73663585 142738531 73663587
f 142869605 142870659 142739583
f 142870655 142870924 160106893
f 145951117 73664908 101254241
f 95159818 142869605 95159397
f 149226925 160172165 149227653
f 160172218 160172262 145885370
f 160172209 160172211 160237745
f 160172212 146016654 160237748
f 101254573 101189129 95159851
f 95160550 103417387 149227706
f 103418042 73466978 146344128
f 145885376 145885370 163252416
f 162269628 145754291 162269363
f 101189163 95028651 103416930
f 95028322 73335904 73467436
f 73468096 103482924 73204832
f 163252414 163252416 171509950
f 163252664 162990650 163252728
f 163252350 162269688 142412220
f 166529150 170658221 166529453
f 170658221 167184561 171444664
f 170461753 163383800 170461688
f 163383800 166529150 163383422
f 164825534 171379182 164825582
f 171379182 167381549 171379245
f 167381549 163187131 170657969
f 171444778 177867419 170461697
f 170461615 170461697 163383727
f 163383764 162400687 164825659
f 164825761 164825659 171379361
f 171379250 171379361 167381554
f 177867265 177212049 167774723
f 167774641 167774723 162400689
f 162400827 162531761 171575735
f 171575859 171575735 178260531
f 178260415 178260531 170985919
f 177211907 177801882 167905938
f 167905728 167905938 162531776
f 162531767 163514816 162924982
f 162925102 162924982 171051566
f 171051572 171051566 163449396
f 177801874 167709184 177277379
f 177277578 177277379 163515018
f 163514806 176753290 162859491
f 162859509 162859491 170723829
f 170723888 170723829 171117104
f 144181808 144181812 171116991
f 167709123 170265099 168430019
f 170265027 177146504 176622019
f 177146307 165808778 177146506
f 167643792 176687587 167643619
f 176687587 176687605 166988336
f 176687664 166922740 170854961
f 170854553 170265137 176622120
f 176622220 176622120 177146508
f 177146367 176884364 167643795
f 167643646 167643795 176687614
f 176687539 176687614 166922675
f 166922732 166922675 171313644
f 166922801 171313719 170920381
f 167250472 177343116 167250572
f 170330617 167250423 147917303
f 144181695 144443549 163449394
f 144443954 167447036 170985979
f 167447035 165939685 167381435
f 165939643 163121594 163186865
f 163121329 163121550 160237749
f 102959113 138086411 134875145
f 138086409 119736100 134744103
f 119736359 136185887 136710178
f 136185890 136775720 136382273
f 119736382 119736380 141232190
f 136185964 136185636 126879852
f 136775569 136775711 134088593
f 136775639 136775679 119211991
f 136775489 119211804 121636667
f 138217531 138020924 138217518
f 141232174 141232190 131270702
f 126879700 126879852 141166548
f 134088811 134088593 131401835
f 131467222 137168895 137300027
f 137168954 137168944 137234490
f 131270703 131270702 131205167
f 141166547 141166548 132777939
f 131401707 131401835 131074027
f 119605201 131467222 119605206
f 131467051 131467042 119539499
f 119211809 119211991 119080737
f 119211835 119605018 119343057
f 120194846 120194850 121046814
f 120194871 120194872 120129335
f 120195070 120194858 119539710
f 131008510 131008289 119539482
f 131008282 141690837 131335962
f 141690650 140576571 141690683
f 126683251 126683234 126617715
f 126355341 126355342 126683232
f 126355552 126420874 140445810
f 126421106 140511343 141428850
f 140511346 126355339 126551949
f 140380041 130877322 140511115
f 130877323 130943070 130877534
f 130943070 166594653 130943069
f 166594653 166594712 144115894
f 166594742 171182645 146081976
f 171182264 171248182 146213018
f 167053263 167053807 166595125
f 167053877 170789423 171182646
f 170789430 166857203 171247764
f 171247770 143853716 144246934
f 143853718 146278547 143788182
f 146278550 144378007 146278551
f 144378007 143853714 161352179
f 143919260 133236882 132384937
f 145229797 13500624 13567973
f 13502437 132319212 132843493
f 132319205 12781554 145227984
f 13500612 13500624 13435076
f 13500617 13500622 13304009
f 13502447 13500620 132843503
f 12782215 13240489 176554180
f 13238468 13369550 13238478
f 13369550 13107400 13041870
f 12845256 13107401 13172933
f 13304010 13304009 6029514
f 13305848 13303901 133040120
f 13041756 13041869 5832796
f 13041861 5898330 5832901
f 5898437 34210315 12845258
f 34209994 40043108 13172829
f 40042589 120652390 40173661
f 120651869 5769208 5963866
f 5767258 5767259 5898439
f 5898764 5898439 34210316
f 40763916 40763915 34210404
f 40764004 40108645 40043110
f 40108646 133693534 6095462
f 133694054 12977970 157614169
f 12977438 12978534 85722398
f 34276637 34275527 34538781
f 34275953 34275856 40764017
f 40108657 40108655 40567409
f 6095468 6095461 12911212
f 6096586 6095046 133695178
f 85722396 85722398 70714652
f 34538552 34538781 41485368
f 34537998 34538106 40894990
f 40895083 40894990 40567403
f 12911211 12911212 157483627
f 12912432 12912996 113837872
f 70714423 70714652 71238711
f 41485376 41485368 70845504
f 41484809 34079802 41484814
f 34079246 34341389 34407019
f 34341483 40632941 40503652
f 71238718 71238711 70517822
f 70845493 70845504 70583349
f 70844934 70845494 34079238
f 34079355 34079238 34341499
f 40632955 40632845 40436347
f 40370794 157483629 40370797
f 157484847 157483625 120522543
f 33882659 33883190 31326755
f 41550303 41550342 34472415
f 41550448 41550351 40436336
f 40436328 40436336 40239720
f 40436329 120390247 40239721
f 120390249 33294127 35783135
f 33292767 31261150 31326735
f 31261199 34603537 34472560
f 34603632 157876850 40960624
f 157876848 157876840 40306420
f 40306478 40306420 40240942
f 31261145 30933501 31261201
f 30933521 41353848 34603634
f 41353842 157942382 40698482
f 157942386 157944170 157878171
f 157878004 112068507 127534836
f 112068340 113575670 116721396
f 113575668 113575726 120391471
f 157943707 112527093 116656027
f 112527259 127076015 112527023
f 127076015 113379011 112068342
f 113379062 127010707 116721350
f 127010502 113444757 127141574
f 113444550 120456904 113706694
f 120522440 127076143 113379222
f 127010710 127010499 127469462
f 127141786 127141779 165611418
f 127142363 127142368 113445339
f 165283524 113641157 113510084
f 113641156 120522440 113641160
f 120522441 120522439 113837769
f 133695177 165217994 165611995
f 165218779 174393958 165283525
f 174393029 165677537 113510065
f 113641137 113641157 113772209
f 113772538 113772209 120588282
f 113772537 120588081 133695282
f 174393977 174393818 175377017
f 165677685 165677670 175704693
f 175770234 112200161 175770081
f 133761659 133760689 133892731
f 133761013 133761020 133826549
f 133826554 120653617 133826353
f 133629947 133629746 133498875
f 133629935 175769590 175573626
f 133892728 133892731 131992184
f 133892083 133892063 133433331
f 133564403 133498869 133564405
f 133498869 133564411 133171187
f 133105649 133105655 133564406
f 133105654 133040111 132843504
f 132843508 132843504 132319220
f 133171184 33556468 32309964
f 48431617 48431820 46858982
f 48562892 48431598 109576705
f 47253129 54264548 47252196
f 54264548 48562900 47383268
f 109576914 109643402 47252190
f 54264542 54264530 48497374
f 9962213 9962301 54264532
f 109643408 110036617 109643403
f 109642462 109905547 109707998
f 109904606 46989915 39453406
f 46990046 46990053 48496794
f 48496793 109707418 91686544
f 109905272 109905547 109970808
f 109905556 109905551 109512340
f 39454344 39454350 46663304
f 39453384 39453385 46990024
f 46989607 46990024 19202343
f 46989466 109838630 110298760
f 109840008 92079486 109511369
f 92078793 9896650 46727881
f 9896649 47317704 9896648
f 47317704 109838631 92079488
f 92210558 46728839 109446526
f 109445834 46727966 48104222
f 48104138 9896088 47973087
f 47317725 47317144 47186653
f 109839744 109774476 92210557
f 92210822 92210557 109446790
f 52233862 52233863 52364934
f 52232924 52232992 48104156
f 47973084 47973087 38077148
f 47186502 47186653 22151750
f 46268998 92012883 107087500
f 92013412 92014179 56755044
f 109380451 109380989 56492899
f 52364127 52364934 46465887
f 52363994 52363974 47907546
f 47907522 47907546 38077122
f 38077123 46203586 46269121
f 459457 57017027 56820579
f 57017187 57738085 56886115
f 57738083 47645535 57738079
f 47645535 47645382 46465754
f 47645402 46924493 47776450
f 46924482 46138059 46793410
f 57017967 57017188 69207663
f 57017379 57017377 92144675
f 92144487 109314917 92144485
f 109314917 27984737 56623973
f 27984741 46400370 27984754
f 46400370 111280856 92145285
f 111281797 85460577 106956421
f 85460613 109314901 56623957
f 23593813 28115809 23593825
f 28115809 47514028 28115372
f 47514028 47514309 46400188
f 46400205 46400188 47645389
f 55837033 44696235 23593389
f 23593317 23593389 28115301
f 47513957 47514030 47579493
f 47514280 47514327 44434088
f 47514300 92734119 55837355
f 92734123 39781770 92865195
f 39781035 28050495 71172779
f 71172525 56558434 56689069
f 56557997 23462247 28049765
f 23462245 23396710 23331543
f 23462864 23462752 23266256
f 23396708 23396711 27263332
f 47448481 47579494 47448422
f 47579839 47579861 44499647
f 23266258 23266256 9765842
f 27263126 27263332 21758102
f 45547853 47448481 45547937
f 47448756 47448760 46006964
f 46006954 46006964 46072490
f 44499648 35455679 64028822
f 35455126 42730125 9765197
f 42729805 39846497 21758647
f 21758648 45941431 45482680
f 45941432 44761780 45941428
f 44761780 35521194 35455629
f 35521165 35389981 42730081
f 35390049 45744738 39912033
f 45744737 45482681 45613665
f 45482559 45482681 45941311
f 45941025 45941311 44761377
f 44761367 44761377 37683479
f 44630592 45744812 45613631
f 45744703 18809663 54395455
f 18809407 54329633 18809121
f 54329633 44630295 46334528
f 46072516 46072490 47710916
f 45875929 44499648 45875904
f 44499625 44499645 44434089
f 44434127 44434089 45810383
f 47710909 45875781 50463301
f 45876032 45875971 44565312
f 44565211 44565312 47055579
f 47055269 27525851 47055563
f 45810379 45810383 46924491
f 54461114 54461187 49611450
f 54461166 54461174 47842030
f 27525282 27525851 28311714
f 27525552 27525553 46530992
f 27525835 46138055 46531275
f 46138150 46138055 38404902
f 46137352 69665355 89261396
f 69666132 89785986 109118804
f 89523842 89785691 69469527
f 69534757 69469531 69534759
f 69666134 69666131 89654614
f 89720153 89523240 89719848
f 89523240 89589378 89458009
f 89589081 90047839 89654314
f 89654618 69993514 69797210
f 69993818 89392469 89720151
f 89392471 69600293 89392165
f 69141845 69141543 68945237
f 69731357 89916448 89589087
f 89916767 89851228 90047519
f 90047530 70190111 69076010
f 70190122 69927981 70190125
f 69927981 89392157 68944941
f 89850911 70059038 69010463
f 70059039 70321200 70059056
f 70321200 69862444 70321196
f 69862444 69731369 69927965
f 50856719 50856519 27788047
f 50856363 50856361 50790827
f 51053320 51381001 51053321
f 51381001 50725447 51249577
f 27787691 50725639 27919171
f 27919012 27919171 50791076
f 50790842 50791076 28836282
f 50791180 28836281 51053325
f 51053318 51053325 51380998
f 54657455 44172039 28181315
f 44172099 49349284 44171940
f 49349284 44237545 28902121
f 28902122 28902121 54723306
f 28836676 28836282 50266948
f 28836621 50266880 51118853
f 51118858 51118853 50660106
f 48759539 48759538 48825075
f 48825077 48825075 50529013
f 54723332 54723306 48956164
f 50266860 50266948 50397932
f 50266885 656130 4128784
f 655376 327681 16
f 327696 1179667 983050
f 1179658 524297 589832
f 720907 131073 720897
f 131073 262150 131078
f 262150 196610 65542
f 196614 1048595 196627
f 1048595 720905 1114123
f 287375378 287375372 720899
f 287375363 287838505 131077
f 287834117 289018171 262391
f 262164 262391 65556
f 196628 196610 16318484
f 196625 287375610 287440914
f 289014007 262999982 16121877
f 16122102 16121877 1245430
f 1245433 1245430 16318713
f 16318486 1376505 16318481
f 288952238 288948245 287510446
f 16056568 16056341 16515320
f 16515318 16515321 16253179
f 1376507 19398905 16384022
f 19398678 18612509 1376273
f 18612241 18481435 1048585
f 16519511 16515320 1773911
f 16384028 1769725 16384252
f 19398908 19398907 34799868
f 19399471 19399188 19596079
f 18612524 18612521 18350380
f 18481433 290849053 1769499
f 1769724 290652187 1704188
f 290652412 1441815 16450068
f 1442324 34669074 34800431
f 34669359 53150508 53347003
f 19595963 1704751 290984279
f 1708367 1708377 290656591
f 290652167 290656591 19988487
f 1442098 1446228 50463026
f 34669315 34668567 10486531
f 53149857 53150226 19857569
f 45875504 45744940 45876012
f 19988493 19988487 19529741
f 50463019 50463026 10617131
f 10485923 10486531 10420387
f 19857568 19857569 35192992
f 12452378 45875504 12452144
f 19529742 19529741 17760270
f 10617104 10617131 35848464
f 10420772 10420387 35979812
f 35193382 35192992 36373030
f 35652140 12452378 35652122
f 17170446 17170704 17760804
f 17170980 16908547 35848742
f 16908838 35979576 18547000
f 35979820 36372764 18219292
f 36176151 35652140 36176428
f 852231 1638415 917767
f 1638663 17105158 17170691
f 17105155 16843010 16908600
f 16843064 19661101 20381980
f 19661084 19726638 18546967
f 19726615 20840767 18219203
f 18219561 1573059 1638662
f 1573126 17236232 17105154
f 17236226 16974084 16843053
f 16974125 18940194 19661102
f 18940206 18678046 19726655
f 18678079 16777473 20840641
f 20840643 1573057 17236234
f 17236229 17236234 16974085
f 16974093 16974085 18940173
f 18940172 18940173 18678028
f 18678053 18678028 16777509
f 1573130 20054324 20119818
f 20054282 17367064 19267608
f 17367301 20447527 19267845
f 17039680 17039673 17563968
f 17563940 17563968 17498404
f 17498408 17498404 19136808
f 19136806 19136808 45154598
f 16777906 20447525 17301799
f 284819514 284819838 299434042
f 284823802 284824026 299372794
f 298062074 287707609 298062297
f 287707609 3739942 299434378
f 25887114 25891290 299438330
f 25891066 298062303 299766010
f 299045343 299045317 298062119
f 299045159 263065483 260706599
f 263065895 289083708 287707430
f 289083686 298258728 25756044
f 298254732 298783184 25891285
f 299106700 299110879 299766013
f 299766228 284954877 299041154
f 260702594 260706772 260440450
f 260706223 288427911 260444079
f 298778891 298783176 46203147
f 298123970 299110864 298127824
f 298127829 284889353 285741525
f 299307260 299307477 299110653
f 284950914 19927512 17433282
f 19923650 46138049 46203582
f 46207430 298123966 285737662
f 106955454 285741321 25167457
f 25170185 285675990 299176201
f 284889352 107876617 19923649
f 107872961 107677292 46138035
f 46138046 45941427 107217587
f 45942369 25167461 107218529
f 25167473 108004965 25169101
f 25169100 25169101 299175116
f 238683759 44893804 238683756
f 44893804 45220534 45418092
f 45417139 45418085 107217589
f 211616437 211617381 107218545
f 107941022 214697585 107939441
f 107875899 238489144 238685754
f 238685340 238685754 44895388
f 44895381 44895388 46075029
f 44892853 44892864 45417141
f 238489146 107613788 240848442
f 107613754 108267118 107810362
f 108269114 108268700 211487893
f 108268693 152373526 211029152
f 211029147 211029152 46075035
f 45354139 45351616 211618971
f 211684507 107941022 211684510
f 152374432 154339636 211750435
f 211750045 211750435 211422365
f 211422367 211553437 211685115
f 107941627 107941023 107286267
f 214697574 237110896 108595508
f 237110903 237110906 236193399
f 237113082 237112853 211554042
f 211554043 260509434 3936505
f 260509945 260640650 284692958
f 260641246 299504096 299831774
f 299504094 284561889 299504097
f 284561889 287576308 260509578
f 287575946 260575113 260641248
f 260575712 52825978 259592672
f 52826592 52826587 299503863
f 52826359 259326763 53088503
f 259330295 284430581 284561652
f 284430580 3608824 287575945
f 3608457 259526521 260575098
f 259526522 52236605 289148794
f 52236154 36045607 52232999
f 36045607 36045611 53084709
f 259326501 25297707 3608441
f 25300857 5767257 259526973
f 5771581 25362489 3674429
f 25366845 1835806 25363230
f 1835806 1835559 36045352
f 36045349 36110888 35913762
f 35914545 35913762 259654449
f 35917686 259657595 259330331
f 286920566 36114677 52166685
f 35455773 2163240 35455528
f 3277342 53280802 3276834
f 53280802 38339377 53281585
f 52888138 52888369 53481339
f 259658011 52167464 35455826
f 1901394 3277342 1901086
f 3277652 3276830 3408724
f 53280821 53280819 34734133
f 53281354 38339091 34931219
f 38339149 52888086 38535754
f 1901396 55182162 55640916
f 290063179 290063188 55771189
f 290062389 289935689 3408403
f 289931795 34738512 34935120
f 34935126 34935120 250483030
f 290262767 38535702 290259478
f 289997643 290001227 290066761
f 290001225 3473462 289934483
f 290720915 290722121 289935696
f 290722128 290525526 290722134
f 290525526 290459985 290787055
f 3539787 3543370 290001224
f 3477832 3477834 289804616
f 238424391 210894902 238420022
f 210898489 238554679 210895119
f 210899285 19464463 17699157
f 19468629 289870162 289734711
f 289804614 289804616 288166214
f 289803434 289804590 239209642
f 289803831 238423619 238358083
f 238423609 3542582 289734721
f 1966145 1970502 289739054
f 1970478 211222925 25956654
f 211226926 211225770 212405850
f 238358106 238357674 212405827
f 4194335 288231731 288489503
f 288227359 288227725 25956807
f 212275655 212271501 25955480
f 212274328 239013440 211226202
f 288424001 288428339 288493872
f 288493873 288493872 288231729
f 288231881 288231729 298848713
f 288231879 288428497 288296839
f 288362375 288362800 25235335
f 298320258 298324273 299303298
f 298324220 284889560 298324433
f 285675772 285675985 298848711
f 298192473 298193160 212078169
f 298192040 212077733 212274776
f 239013464 299175080 285675097
f 299175513 214633676 240648587
f 240651430 212140427 240651429
f 212078168 25824422 212208844
f 25693351 212140427 25690507
f 212208845 212208844 212339917
f 24906921 25693351 24906919
f 212338278 107285709 212336703
f 212337021 239009855 239079000
f 211160641 240717376 211160640
f 240716061 240716951 154601757
f 154603098 238356761 152571482
f 238358073 211159321 26021441
f 152830350 152833175 152437134
f 152833605 152832279 211357253
f 154602650 154601757 154537114
f 154536248 154536217 152570165
f 152571412 236128565 152571410
f 238554642 211093785 239340698
f 211094682 240782939 211355959
f 240781623 239406658 239143223
f 154406470 236128567 239405365
f 236126252 2821702 236130047
f 235998975 235998740 251399935
f 238554877 211095058 240782916
f 239144516 239144539 239472196
f 239406663 239472194 239406233
f 210963609 210964038 239403052
f 250416276 251527212 250413100
f 211095108 5701720 239272023
f 239468631 239472196 24772695
f 211288443 211291719 5177723
f 211291670 211288144 210963990
f 236326422 250416276 236326036
f 250678807 250679022 250416895
f 5701719 3997758 5636128
f 24772640 24772695 24379424
f 24772660 24772981 5177396
f 236257332 236257360 2424884
f 236260891 236257318 249695771
f 236260887 2035427 25428030
f 2034032 2032005 251070832
f 24383224 24379424 251465464
f 24383223 24383230 3346167
f 2428663 2424884 236064503
f 236588563 158269478 251072252
f 251465468 251465464 251137788
f 251006713 251006718 250941177
f 251006498 251006710 236064290
f 249761314 236588563 249761299
f 158273276 249760100 157748770
f 236390760 236392164 249761307
f 236391963 249892582 236588771
f 249892579 5505109 249695767
f 5508631 250675282 5312023
f 157748760 251529573 250744562
f 251399923 251399935 5377779
f 20512851 238554877 20516605
f 238551311 17826106 20513039
f 17826063 20513066 17825875
f 290459375 249957913 236457711
f 249958127 290263565 302780143
f 34607629 38539598 34607438
f 302776710 302780135 290128262
f 302776849 290132300 34603388
f 34603596 38470012 34603598
f 38535758 38535697 38208078
f 38208077 52888139 38404685
f 49545606 24842572 49549644
f 50922229 38470012 50921852
f 38470392 38470410 49808120
f 49807948 38470395 38208251
f 38470222 49545800 49480070
f 237306612 50922229 237306613
f 13241894 34472714 13239050
f 34472714 49873656 34472696
f 49873656 49873657 49811702
f 49811326 49811702 49942398
f 49483302 236523034 237310291
f 237306059 290591059 13239125
f 13238870 13239125 34472534
f 49873494 49873423 53543510
f 285475634 284492538 285475578
f 236523859 237375015 290591053
f 290587477 290197837 55837112
f 55837255 55837112 39125575
f 53543495 53543510 38273607
f 58327625 285475634 58327858
f 237375821 249827045 290197236
f 290193848 250810100 28771080
f 28771057 28771080 38142705
f 38142153 38142705 38273225
f 58261705 58327625 58262089
f 249827060 50858348 158011124
f 50859764 50791175 50728692
f 13108090 12976327 58261996
f 58327532 58327930 32113132
f 58331612 58327531 285479388
f 285479389 285479388 284496349
f 12976620 286982926 299634934
f 286986486 289214334 286986110
f 289214334 287052061 259851003
f 287048443 286720584 287048264
f 286720584 286720587 38404904
f 286720808 285413659 289214749
f 285413661 25563416 285413656
f 25563416 286920987 284426631
f 284623239 13177077 50987767
f 13173495 13041864 49677069
f 13042445 13566181 13041893
f 13566181 13500621 13566157
f 13500621 13172947 13041872
f 13172944 14155993 13566159
f 14155983 54526785 13500620
f 13762764 13762767 49217740
f 50004172 50004720 49610956
f 105841398 105841404 105579254
f 105645644 13305424 13697857
f 49610962 49610956 49414354
f 105579251 105579254 106627827
f 106759772 105645644 106759756
f 105645656 105645662 106432088
f 106432079 106432088 105973327
f 105973660 105973327 127535004
f 106628702 106497626 106759768
f 106497624 108922495 106366543
f 108922447 26084955 106563151
f 26084943 26085276 127600209
f 127534673 127535004 127665745
f 127796817 127797149 106038865
f 127797150 127796819 106235806
f 54855582 105907798 106299791
f 105907797 105907799 106038869
f 127731285 127731283 105383509
f 127731272 127731273 54330952
f 127730502 54330174 54855238
f 26084951 106890847 106825303
f 106890839 106890837 106169929
f 106890825 105317963 105514569
f 106890819 106890847 106104387
f 105514580 105514592 128452180
f 105711188 105711529 128910932
f 25036720 25036366 4523952
f 128974918 104989055 106104752
f 104990640 105121349 128909382
f 105119814 25624968 4523944
f 4523953 105252776 128386993
f 105252785 105252455 107348054
f 105250902 5242961 5570596
f 25626536 105055812 128386631
f 105055815 106694237 105250897
f 106692689 2490452 5439569
f 2490449 2293797 2359377
f 2296135 2293797 154470727
f 154995015 154994998 155650375
f 155650367 155650375 155126079
f 155582503 155582501 155058215
f 51774245 51774239 52364069
f 51839776 51839767 52036384
f 52626203 52626200 51970843
f 49349402 49349412 52429594
f 52757285 52560672 52757280
f 52560672 51905307 52560667
f 51905307 52495130 51905306
f 52495130 52757281 52101925
f 108661040 108660345 152635696
f 107088154 107087483 108857626
f 3212926 3212899 2229886
f 47579171 154075186 152635697
f 152635005 152635697 108856957
f 108855329 108856957 2228257
f 2229095 2228257 56558439
f 2228951 56558432 47579862
f 56558294 154141544 152504624
f 56886112 56886120 57017184
f 154929506 154929474 155519330
f 4786502 4786493 3803462
f 4849723 4849738 3080251
f 5046320 5046347 3014704
f 155847010 3148102 155846982
f 3148102 24707131 3145787
f 24707131 24641584 24707120
f 24641584 155844655 155912546
f 259788672 259788661 259395456
f 259395453 260116344 259395448
f 260116344 259460991 260771711
f 259395452 259395456 260116348
f 260116353 260116348 259919745
f 260771713 260771711 286855041
f 286789914 18157452 18022691
f 18153763 45023920 19005734
f 45023526 45089458 45023922
f 45089458 16777486 17629874
f 16777409 20185358 18154160
f 20185776 20251313 20185777
f 20251313 12779716 45089038
f 12779790 12779713 12583107
f 12779715 36438208 12517571
f 36438211 36700713 36438569
f 36700713 20251169 12779712
f 20250816 36569399 20316352
f 36569280 35717677 36569645
f 35717677 35717681 36700354
f 35651778 35652145 12452034
f 12452543 12452034 45875903
f 45875898 45875903 45744826
f 35717314 17891602 12649151
f 17892031 16580864 16712383
f 16581311 20775610 16581306
f 20775610 45286068 45679291
f 45286075 19595964 45810363
f 18350780 18350380 45548220
f 18743992 18481433 18743577
f 45613374 45548212 45613748
f 45548212 45613756 20709694
f 45613371 45613373 47055163
f 45613785 45613775 45548249
f 45547807 47710937 18743576
f 18743578 18743576 18481434
f 18481161 459034 18415625
f 459029 20644122 20579023
f 20644559 46531271 47055577
f 46531289 18285259 46793433
f 16646859 18284824 18088191
f 18088216 17957146 20644551
f 17957575 46924493 46531275
f 46924491 16646857 46662347
f 47186648 47186209 47317720
f 101384915 101384913 47187010
f 71304716 71304258 101058060
f 70518279 46597185 47645395
f 46596819 47448789 47318536
f 47318540 101123592 101385735
f 101123591 101320203 101057600
f 101057589 71238720 70517810
f 71238706 84083972 70321230
f 53019336 53019349 47449620
f 47449608 101910036 101123595
f 101910027 78972086 101320201
f 101319744 101189129 71238916
f 101188868 82445547 84083945
f 84083790 82314473 72156390
f 46596906 44761771 44696362
f 44761898 52953897 53020181
f 53020180 101975573 101909686
f 101975222 70255665 78971952
f 78972425 70190128 101188843
f 70190315 88606025 82445384
f 82445545 44827720 44761897
f 44827433 34865685 52954275
f 52954645 77726883 101975089
f 77726769 68682916 77792305
f 68682801 70190107 68813873
f 88605723 44827696 34865377
f 34866744 34865377 101844536
f 34866339 101844499 77726884
f 101844132 78906549 77792281
f 44826849 53805878 14680492
f 27984097 14681655 104269367
f 104269366 104269367 119473718
f 101844768 101844536 78907168
f 78907180 78907168 68618028
f 78906393 27984920 36504374
f 27984432 27984430 10551856
f 27985106 27984034 78251218
f 78250412 80741943 78251575
f 80741943 82576950 80741942
f 82576950 83363065 104138528
f 36634786 10551786 55706090
f 10552646 10552147 80807238
f 80807001 80807238 80872537
f 78251219 78251218 80741587
f 80741739 80741587 82576747
f 18809392 18809322 32047940
f 32047632 32047940 55706128
f 55707121 55706128 88409585
f 88409586 88409585 72877554
f 72877584 72877554 72222224
f 80872527 80872537 90833999
f 18809668 19792175 54722786
f 34537698 34538308 12845282
f 99614917 99615248 72351941
f 99615796 99615825 99681332
f 99681806 99681332 101647886
f 19792098 46990030 14746330
f 14746136 14746330 12845592
f 72352280 72351941 72483352
f 72352819 72352851 70452275
f 70452286 70452275 101516350
f 46990042 44958416 47121114
f 44958426 46727882 47776280
f 46727704 84148759 34996760
f 84148760 72418387 84149331
f 72418387 84214835 72418355
f 84214835 84214846 71108113
f 101516817 45483070 44958410
f 46858935 46858954 46727703
f 84148940 84148759 88343244
f 72418629 72418565 84280645
f 84215047 84214866 101254407
f 101451274 101713158 101451014
f 101712970 101713421 72811594
f 101581912 101516817 101582353
f 101647887 101647886 103089679
f 72222246 101451280 100992522
f 71894534 71894541 88540678
f 71828808 71828554 71894104
f 71828568 90703209 72811882
f 72812047 90768746 101582374
f 90768934 70583350 103089686
f 103089231 102041110 72222059
f 88540233 90768715 72287593
f 70583376 70583658 88474704
f 70649159 102040630 70648886
f 88671287 90834454 88671766
f 82576714 82576747 90572106
f 83363175 70649069 71173447
f 84870207 88671287 84870199
f 88671591 78185744 84870503
f 90572321 90571946 82970145
f 90572025 120128755 82969849
f 120260394 119473401 120259833
f 71173392 82773232 84870417
f 78185745 102827280 84935850
f 102827178 102827553 102761531
f 102761779 102761531 72025395
f 82969676 82970145 120128588
f 120128865 120128588 123209057
f 120260441 123209514 120259608
f 83756889 68617240 102106367
f 102106136 71959577 87163980
f 71959628 87295329 71959905
f 87295329 87754044 90179417
f 87754585 72549631 87753983
f 72549631 72549911 102106648
f 68683288 102172183 68682779
f 70780440 88605723 70779931
f 87753805 87754037 72549453
f 72549461 72549453 72746069
f 72549912 72746071 102171705
f 72746041 70714424 70780233
f 70714697 88605767 71763015
f 70714453 70714455 90113109
f 85525856 85525560 70714439
f 85525575 71697713 71763249
f 99550513 70845512 99550280
f 70845512 82117865 70845673
f 13632308 13631694 62718772
f 13631686 13632446 13959366
f 13959992 13959366 39387960
f 39387733 39387960 53871189
f 62718778 62718772 54919994
f 62718787 62718791 12911427
f 12911433 12911427 53936969
f 39060297 39060280 55116617
f 9503562 9372245 9503317
f 9372245 54068023 54920002
f 54920008 54920002 54657864
f 54657853 54657864 55051069
f 55116605 55116617 54199101
f 54788924 9503562 54788938
f 54068034 54002489 54592272
f 54985488 51446594 51315528
f 51446600 51446589 54264636
f 51446588 54199052 54461196
f 54199109 54461248 54788927
f 54788238 54788927 9502862
f 54002448 51249935 51315474
f 51249938 50660113 51381010
f 50660114 54133516 50660108
f 54133516 54395712 54133568
f 9502950 9502862 9371878
f 21561702 21561770 23200102
f 21561675 21561699 21168459
f 21168746 21168459 41026154
f 21234022 15073635 21234019
f 15073635 15073611 21627498
f 15073898 21365724 15074268
f 21365724 23069254 21365318
f 23069254 21234126 20971878
f 21233987 21233985 23265603
f 21233991 21234020 15073607
f 20971849 20971878 21758281
f 20971842 20971853 21102914
f 22937922 23462211 22937923
f 23462211 23462244 23265607
f 23462215 21692769 21496141
f 21692749 28180886 26542413
f 28180813 26673474 28180802
f 26673474 21299526 21037407
f 21430598 21430623 22937959
f 21430631 23134562 23462241
f 26542484 26607948 26411414
f 26542489 26542487 28180889
f 28180910 28180889 26673582
f 26674079 26673582 60621727
f 21300126 21299608 23331742
f 21430629 26607942 7405972
f 38862962 10944919 38863255
f 10944919 10813849 10944921
f 10813849 56361390 10813870
f 56361390 59507615 56361887
f 59507615 73466978 60687262
f 7406162 38797430 7668306
f 38797906 11206828 38863016
f 11206824 10355589 58982568
f 10354856 59375782 10354854
f 59375782 59376477 56361869
f 11207403 11207249 59900651
f 58983315 58982572 26280851
f 10355090 10355589 26804626
f 10355437 10355098 59376365
f 29491949 59507595 29492107
f 29426115 75629453 29426573
f 75629453 29492322 7209709
f 10879087 29426115 10879427
f 73990311 60096962 73990594
f 60096962 77530243 60097667
f 77530243 73598052 75629666
f 73598050 60621956 75695202
f 7209127 26870238 31260839
f 26869927 73991319 76939431
f 89719959 73139306 89719914
f 73139306 82183062 73139094
f 82183062 77595808 82183328
f 77595808 82248936 77530212
f 76940627 76939675 80676179
f 76940634 80676048 89720311
f 89720153 89720311 73139545
f 73139291 73139545 82183259
f 82183566 82183259 77596046
f 89195859 100009168 89195728
f 79824210 26478071 79824375
f 26478071 89654617 26214805
f 26215769 73008219 26345873
f 73007585 73007507 93127137
f 89261394 99943926 89195622
f 89195715 75236454 73729219
f 75236547 30671996 75171011
f 30672067 10289557 30671253
f 10289557 60555665 10289553
f 60555665 73728403 48956918
f 73728919 73728748 75236247
f 29295511 10224765 29295741
f 10224765 30409852 10224764
f 30409852 60359125 30409173
f 60359125 28049566 60358814
f 28049566 29295517 59966359
f 10158996 10027456 10158528
f 10027456 10027165 10224081
f 10027473 60425115 30409626
f 60425114 60294041 60359085
f 60293549 60031893 28049885
f 60555741 10158509 26149780
f 28246416 60489884 28246172
f 60489884 60489882 10027931
f 60490651 60752800 60425113
f 60752793 60228504 60294037
f 60228501 31326687 60031444
f 60031453 28246484 48824720
f 31326676 31064539 30605449
f 8913364 55247000 9896404
f 55247316 55247325 31195612
f 31196061 31130076 60555667
f 8978907 26345609 31457756
f 31457760 31457756 22020576
f 93126993 93127137 21954897
f 77594960 77596046 30998864
f 82248154 31130785 31392588
f 31392078 31392588 30802254
f 22020567 22020576 30867927
f 22020945 22020568 21955409
f 30999377 30998864 55509841
f 30933840 82248154 30933466
f 21823640 21824332 21889176
f 30736536 30736719 8847512
f 8913048 30933128 22086480
f 22610258 23593433 22610393
f 23593433 73598184 23594216
f 75694441 75695204 23724393
f 60621163 22611076 23920978
f 15270254 23724378 15270234
f 23724378 15270249 22675822
f 15270238 15270235 15335774
f 23724267 23724266 23331051
f 23724958 22872421 15335776
f 23003371 23003493 23331144
f 21430626 22806880 23003490
f 22806882 23069032 23527778
f 23069134 23003496 22806878
f 30212717 30212456 40698477
f 22347895 22347940 42205303
f 42205526 22413655 22282885
f 11534677 11534679 11731285
f 59703476 7733425 42205306
f 42205525 7929978 22282817
f 37749077 63898576 22282420
f 63897780 8454274 11731383
f 11731856 28705207 59704207
f 7733370 7799761 63963258
f 7798906 7995969 7799361
f 7995969 63897724 8061505
f 63898246 7864444 42271696
f 8192121 63898576 8454270
f 40764369 40763512 7798907
f 40763515 41615996 7995808
f 8061344 8061051 42271136
f 11665824 7864966 11666054
f 11665529 7864448 42336384
f 8192647 40763513 60883921
f 61080482 40895087 61080175
f 40895087 40895100 41615977
f 41615776 40370793 27197549
f 27197619 30146669 7078067
f 30146739 30146688 8323199
f 8323719 61079679 60818338
f 40370792 40305265 40370408
f 40370285 7012584 15138925
f 7012461 6816205 7012813
f 6816205 8257875 22151629
f 7012968 26935528 40304748
f 7012457 26935708 6816204
f 6815986 6816204 22151410
f 12124402 12124499 22151349
f 8257717 8257875 63832245
f 8257667 8258511 42336387
f 30081128 7143836 6750668
f 30081265 30081134 15794417
f 63701233 12124402 63701234
f 63701178 11862198 12124648
f 12124341 31916520 11797128
f 63832712 6750389 7143667
f 7143796 7143667 15729012
f 15729292 15729012 42467980
f 15729613 63570569 42468301
f 63701174 80610251 6750451
f 15926479 6947059 15925491
f 6947059 14549364 6947188
f 14549364 12190348 14549644
f 63570107 42664588 42468299
f 89588943 24183028 89587956
f 24183028 65994859 24182891
f 65994859 15466733 6947054
f 14549230 14549099 7274734
f 12189808 80609503 89588885
f 76809560 6881383 6686040
f 6882648 100139378 6881650
f 100139378 90375152 100140016
f 44107108 65995760 15467170
f 23659170 15532269 23658733
f 72942741 72941671 6684778
f 72941674 27263393 6882809
f 27264505 90375574 93652473
f 93652324 93193615 90375568
f 44107152 93062500 76809306
f 73074061 73073754 72941985
f 73073057 93521300 27264406
f 93521302 93192827 41551254
f 41419387 41485711 41420175
f 41485711 93193573 93259109
f 73072731 73074061 93454427
f 93521299 93520988 93586835
f 93520858 93521301 41550810
f 41550457 64553946 41419731
f 64094841 27460004 41419386
f 93388891 93324691 93390227
f 93324691 93324693 93585987
f 64553539 64554389 64094787
f 64094851 64094787 38011523
f 64094628 93389381 24051803
f 64749936 64816530 64750994
f 64816530 37815697 64816529
f 37815697 37880053 15992209
f 37880452 37880053 42074756
f 24052701 24117588 22217693
f 24118237 61014948 64750558
f 61015006 37945924 64815682
f 37945922 41157237 37815250
f 15991762 15991362 42140626
f 61014383 61014385 24248687
f 37945715 37946276 41091443
f 41157236 41157188 40829556
f 8127088 64029301 8127093
f 40829053 41484453 64160164
f 64488404 90309242 64488058
f 90309242 93259109 90309989
f 64160729 64291798 64488064
f 64487857 64488064 90309041
f 90310136 93716913 100074851
f 90310032 93717911 93258404
f 44238224 93257967 44105967
f 64291456 64226261 41878487
f 41878446 41878487 28312494
f 28313080 100074414 6489006
f 40108132 100075000 29753957
f 29754872 100074148 93717156
f 64226263 41747070 64356991
f 64357300 64356991 61670324
f 6489012 6489006 65930164
f 40109039 40108132 65864687
f 43254766 39977573 43254373
f 39977573 41812423 64422526
f 92079064 91751039 92078719
f 91751039 91882420 91751348
f 91882420 91882479 65930222
f 91882478 76743828 65864025
f 65864341 92078425 75105240
f 92079222 92079227 92144758
f 92079500 92079487 91751820
f 91751802 91751820 91882874
f 76744058 76744059 44303738
f 22741669 22545556 22742164
f 74515574 74253695 74515839
f 74253695 74253708 92996986
f 74253690 39846497 91816613
f 39846565 39780960 44302846
f 44302684 74514942 6095990
f 39780862 65668074 65602046
f 65667582 33161724 33227262
f 33161726 63045980 33161564
f 63045980 43123033 63045977
f 43123033 40043157 43123349
f 40043157 27656803 40043107
f 27656803 15663344 39977415
f 15663559 23855780 15663780
f 23855780 33095919 23855343
f 33095919 27656866 15663469
f 27656557 33030649 23855610
f 33030650 15401469 33292794
f 15401466 23658858 33096354
f 23658860 23658732 15532396
f 15532499 15532396 7274963
f 7274609 7274963 30474353
f 7274683 33948114 30474427
f 33947835 42926736 12190717
f 66846907 63570891 11863037
f 30474693 30474353 33948101
f 33948151 33948101 32702967
f 42926580 42926599 32768500
f 66847221 32768656 66847740
f 66847744 66913276 67044349
f 66846902 32834558 32899572
f 32834036 31719935 33423860
f 31719924 31719925 32768188
f 12255733 12256252 66782208
f 42533052 12387328 42533888
f 12387328 42599051 67044350
f 63177206 14287359 63177215
f 14287359 14287333 31719612
f 12255453 63635675 14418108
f 42533836 14483644 63636106
f 14484106 14483646 12386522
f 42598618 63176894 65470966
f 63176806 63177704 42991718
f 63177228 63177361 14287372
f 14418444 14418139 62128652
f 14418917 14418869 63636453
f 63636071 63636453 14484071
f 29688423 14221534 29688030
f 42992274 42991718 63111826
f 34276292 34275985 6030276
f 34275772 34275421 62128572
f 65274300 65274805 28967356
f 65274319 65274299 40239567
f 65339855 29688423 65340007
f 63111691 63111826 32965131
f 63112134 63111672 6030278
f 6029811 6030278 29032947
f 28967411 28967356 63439347
f 28967567 28967881 30278287
f 43450891 35127800 43450872
f 35127800 35128262 63242739
f 35127795 32571912 34013683
f 32571891 63308745 32572361
f 63308745 63308431 42861058
f 30278146 43451023 33686027
f 63308290 30278145 30016002
f 30278630 42598859 14352602
f 66978012 66912907 66978443
f 11863039 11863038 11928575
f 11862504 11927735 31916521
f 31916680 66978281 67109084
f 66978206 66978817 11927966
f 11928041 63832478 11993736
f 8519864 22479823 11993219
f 63766872 11600003 63766659
f 11600003 42336903 8192178
f 11993432 27001245 22479033
f 22479822 12058809 63766657
f 63766950 63766657 11600294
f 11599998 8192422 66388390
f 8192908 8455158 59441278
f 8454583 12059532 27722141
f 8585640 8388793 8585401
f 8389280 43974788 8389213
f 8389281 8389213 27591329
f 43909793 27591078 66388639
f 43910134 8586124 27787688
f 8585888 32506281 43975261
f 32506461 34407368 63373917
f 34407005 34407073 44040863
f 43909291 28639758 11141791
f 43909983 59441590 56492703
f 42795505 34145224 42795976
f 34145224 34144782 34406571
f 34144427 59048053 7602347
f 59048107 59048374 28639838
f 56492638 56492470 59310686
f 59442058 59442015 28705674
f 32506510 34079241 42795502
f 42795235 42795502 34144483
f 34144751 34144483 7602671
f 59048431 59048053 32440815
f 42729968 39650182 42730374
f 39518861 39518814 39650186
f 34079214 43713037 34341358
f 43713006 67765242 66650606
f 67764718 67174627 67764451
f 67174627 37487087 67174895
f 37487087 37487088 32440509
f 32440973 12320957 42729696
f 42730076 12320992 37552701
f 12321437 12321342 63505053
f 12320992 59311050 59638364
f 28705679 6292362 6358168
f 6292632 80479347 74581144
f 80479384 100664429 80479341
f 100664429 92538248 100664712
f 92538248 6161796 6292595
f 6161523 74646644 74581197
f 74646733 74122348 80479745
f 74122753 80544974 100664709
f 80545157 28377189 6555013
f 28378501 6422627 92538244
f 6423940 39322601 6423529
f 39322601 49087358 39322494
f 49087358 44368472 28377187
f 44367971 44565081 44368473
f 44565081 44565230 49086679
f 39256279 39256814 58589399
f 58589779 58589399 13828691
f 27329107 14024916 38994601
f 38928980 38928599 39191124
f 9044567 27329107 9044563
f 27329409 27328651 14091137
f 49152216 14090658 49152680
f 57672360 9044719 44434007
f 58720935 58720395 15205031
f 58721111 58720489 13894487
f 58721152 58720469 14091136
f 14090920 58065792 58655400
f 58065576 58000246 44499826
f 44499825 47907698 57738097
f 47907697 55968627 13894079
f 58655167 58654933 58065343
f 57934271 57934711 58065782
f 55968191 29164376 56033727
f 29163967 57933965 9175487
f 57934561 57933965 47842017
f 47842022 47842017 46400230
f 46400196 46400230 48431812
f 9175783 9175486 48235239
f 48235234 48235239 48562914
f 48562915 48562914 46334691
f 46334693 46334691 46269157
f 48431811 48431812 27919043
f 27919080 27919043 66192104
f 66192238 66192104 66257774
f 46269126 46269157 48693958
f 48694261 48693958 57476085
f 57475952 57476085 48759664
f 66257641 66257774 57541353
f 57541184 57541353 36307520
f 36766272 36766251 51708480
f 66585152 66519830 57606889
f 66519785 66585152 66519616
f 58000242 47973240 58131314
f 47973234 27525852 47973084
f 27525852 27132319 47907699
f 27132787 48103843 27132323
f 48103843 57869024 48104160
f 57869024 58393469 27525535
f 58392991 58393311 48104308
f 58393460 40174302 48038772
f 40174452 65405927 57869181
f 65405821 65405538 39912416
f 65405920 35390060 40567776
f 35390432 30343940 40174567
f 30344167 30343788 40567325
f 30343709 35521552 68092445
f 35521053 50594565 35390212
f 50594564 56230658 57148250
f 56230746 57344870 56951642
f 57344858 65733483 56230758
f 65733478 61408106 57213798
f 61408102 57410412 65733482
f 57410410 65799083 61473642
f 65799018 11469738 57410475
f 11469739 11337903 11404203
f 11338667 51643373 51577601
f 51643137 50267144 67568385
f 50266881 43844612 51643400
f 43844616 36242423 66454536
f 36242440 28902144 43844599
f 28902391 5963866 5833719
f 5964791 44630570 28901466
f 44630106 76350591 75366490
f 76349530 37421148 44631167
f 37422207 75826280 73860223
f 75826303 35325070 35258884
f 35324420 67961498 43581956
f 67961348 29099021 35324570
f 29098650 62456803 65143450
f 62456474 29819918 29098979
f 29819875 62522289 61866979
f 62522339 65012666 29819825
f 65012657 62194608 61801393
f 62194609 41681851 61211254
f 41681526 64619483 41223080
f 64619432 41288311 61276792
f 41288312 61145729 41943672
f 61145720 41681827 64619138
f 64619127 42009218 41288321
f 61145730 60949121 40960934
f 7537207 7537553 35783223
f 58851875 58851444 37356067
f 58852269 58851899 7472045
f 59179949 213057651 37093923
f 213058083 213126325 35783227
f 213123643 95225262 37356461
f 95224749 95159725 61604515
f 61604744 44171939 59179913
f 37096628 215747796 215157940
f 215747764 214568139 213060789
f 214568117 214961361 213124526
f 214959534 97256909 95225261
f 97256877 206376014 95159759
f 95158947 97387983 44172273
f 44172169 100729841 215747787
f 100732107 96732613 214568145
f 96734417 214502602 214959565
f 214500813 97060298 97258574
f 97061966 206308809 96996430
f 206310478 97387945 94899278
f 96732611 96732674 96667075
f 214500804 214500805 247399876
f 97062592 97062090 245763776
f 96997031 96994762 210177703
f 96994731 95030408 96996429
f 96669375 96667075 245894847
f 247402153 247399876 210112169
f 247402151 245763207 247598215
f 245763777 245763779 210177729
f 210177144 210177729 95030392
f 245894827 245894847 247271083
f 210112190 210112169 245698238
f 210111180 247598758 181079175
f 247598224 247597772 247467152
f 247467153 210832528 210767553
f 210833089 210832504 209129133
f 95030957 95030392 95096493
f 95094187 84675661 95095885
f 206308814 206308621 94897614
f 210833069 246091436 246156962
f 246155986 246156962 95095506
f 95094029 244648658 181470477
f 243535510 243533069 84673998
f 243533262 242552438 97322416
f 94897584 94897614 97387952
f 246091426 245370529 245435510
f 245436054 245435510 181472918
f 245369974 246222510 208998082
f 208998022 208998082 244649606
f 243601046 243601029 243535254
f 242552214 242552453 242093462
f 242290287 95358582 242290294
f 66063986 66061744 95356367
f 246222530 209063031 247530710
f 247532949 247530710 243600789
f 227806854 184683926 227806614
f 184683926 245501603 227872367
f 245501551 247205565 242093684
f 242093682 81071732 245632119
f 81069255 80088741 81069253
f 81070851 81069253 227805955
f 80086213 247008954 79957686
f 246744261 184683267 245567158
f 245501604 245500675 209194660
f 247204985 247205539 246877305
f 246681272 242421437 246681277
f 246746807 213520058 246812342
f 213520054 97584594 246746788
f 97586852 95552947 245566585
f 95554681 206769236 209194680
f 206769848 206703699 246877881
f 246877877 246943417 246678702
f 242418862 212471477 213517778
f 212469202 97453520 97584563
f 97453491 95290799 95554644
f 95292500 95421873 206769235
f 95423571 217844989 206703868
f 206704313 217779452 246940834
f 246940846 212796578 212469200
f 212796880 209325179 97453487
f 209323439 96863687 95290801
f 96863665 97519057 95423741
f 97520893 95618484 217844949
f 217844988 215223509 217777291
f 217777314 209388683 212798587
f 209390715 209259642 209323463
f 209257927 96798150 96863697
f 96798161 97650131 97519028
f 97650100 95487410 95620310
f 95620309 209456342 209390714
f 209456250 245960362 209257926
f 245958086 96536020 97715654
f 96536006 96536019 97650098
f 96535986 212995251 95489268
f 95489238 209456372 245960360
f 245958069 245960360 97715637
f 97715638 97715637 96535990
f 96537843 96535990 212995315
f 212995254 212995315 213585078
f 212995316 245828796 184618109
f 213582394 213585078 37159482
f 213582834 213582392 217252850
f 215286770 215289076 80282610
f 215221450 215223510 80348362
f 215221387 37291211 37159812
f 66126724 66126392 61539204
f 66126955 66126764 80282731
f 80348267 80348362 80413803
f 80348300 80348364 76153996
f 76154018 59573388 37290884
f 29361038 29361028 58917804
f 29361068 32243885 11273132
f 32244652 10093675 32244843
f 10093675 59835596 10093772
f 59835596 82379916 59835532
f 76219554 82380010 77661358
f 82379950 76874994 82904238
f 76874926 73925737 78450292
f 242287721 66063988 73928306
f 59245673 59245553 76874857
f 92865931 92865923 92800395
f 8717705 8717706 28837257
f 8716423 8716729 9306247
f 9306547 9306247 28508595
f 74384779 8652169 74384777
f 8652169 9109945 8651193
f 9109945 28442759 9109639
f 6226060 6226355 28443060
f 6226356 6226527 39715253
f 92931184 74450033 74384770
f 74384207 74384770 8651599
f 8651606 8651599 9110358
f 9109600 55378774 55902304
f 55378016 28574633 61341792
f 9962409 92340661 92275825
f 92210561 92210562 92341071
f 92209999 55313229 55444310
f 55313238 9765710 55313230
f 9765710 55378065 61341841
f 61341849 9437329 9961623
f 9437335 9765014 9831535
f 92276096 74974720 100599168
f 74974592 74908792 92209997
f 74908493 74317974 74907798
f 74712184 74712175 74974328
f 69469430 69469206 68486942
f 68945694 68944918 104531742
f 68945458 68945468 89916978
f 68945461 68945245 104793653
f 69469982 103941683 119342877
f 119342882 119342877 104531746
f 104531505 104531746 103876145
f 103876157 103876145 104859197
f 89916993 69010994 69469747
f 69010995 119408415 103941923
f 103941917 119670563 119277373
f 119277371 119277373 119605051
f 119605052 119605051 103810876
f 69010703 84804645 69010706
f 119407890 119407646 103154962
f 104007207 119670559 104007455
f 123799092 121374499 123799331
f 121440098 123406141 121440061
f 123406141 85002043 81986831
f 85001445 85001444 88868069
f 103155021 103154962 86902093
f 103286063 104007207 103286311
f 123536937 123799092 123536948
f 84804836 73401441 81986901
f 82052437 82052324 81855829
f 89523426 89523429 82052429
f 89523533 78054568 88868143
f 73401523 73401615 80151731
f 73401438 73401544 80217182
f 73401685 80151753 73205026
f 80151842 86115619 86051064
f 86116600 125634430 150407036
f 125634428 150538490 125503272
f 70059208 68158755 70059299
f 86115632 88278033 86967587
f 88278307 70059902 68158964
f 68158768 83690996 99812656
f 83690800 102499652 70059508
f 102499828 83690808 87492084
f 104334648 104793342 87492153
f 104072768 119998009 120064250
f 100271913 100271912 100206377
f 79758842 79758843 79627770
f 86246592 86246594 79889600
f 79692996 85591333 120063482
f 85591546 85591358 87885606
f 87885605 119801638 123668262
f 119801333 123668320 99877928
f 123667496 104662590 69666071
f 104662295 71500868 85329407
f 119867232 123602783 123668030
f 104662297 85460831 104662084
f 85460036 89916765 71501377
f 71501311 104859201 100533826
f 100533595 100533826 91030875
f 69535086 88147455 91030566
f 88146982 104924180 104597057
f 71566909 71566914 104924507
f 71566683 69338147 89785583
f 89785666 89785583 91030850
f 104596549 91424116 71567369
f 69339145 69338181 165021705
f 72681943 82707491 72680483
f 78382166 82642159 78382319
f 82642159 103810370 104596852
f 103810420 121308988 91424254
f 134678014 134743412 134677876
f 132057096 109840393 132057097
f 109840393 113838551 109840855
f 113838551 72681443 132254167
f 121308670 121898821 100468103
f 134940039 100468222 134678540
f 130811916 132057096 130811912
f 133171149 109971424 133171168
f 109971424 121243277 121308997
f 121243461 123406172 121898835
f 121898375 122816339 92669753
f 82511673 92669319 127468780
f 127468935 127469580 134940610
f 134940621 130090946 130811848
f 130811889 122816456 121767772
f 121112387 121112403 121177923
f 121112410 121112378 120325978
f 120325945 121439468 123406147
f 121440067 123340635 121767738
f 123340602 123733816 121046842
f 123733818 123733850 123275062
f 123275051 86705974 120194906
f 86706010 123471661 121440091
f 123471707 122881876 123340600
f 122881848 122750802 121046881
f 122750817 120981303 123733814
f 123799358 123537245 123799389
f 123537245 122947413 123471700
f 122947412 122029895 122881874
f 122029906 122685283 123864914
f 122685266 123995959 122685239
f 123995959 120915748 119736119
f 122947112 122947422 119539240
f 122029857 122029909 121505569
f 123864895 123864903 121702207
f 122685250 122685283 121571138
f 123995968 123537233 103220777
f 103220526 103220777 103351598
f 119539242 119539240 103548458
f 121505325 121505569 122226221
f 121505601 121505610 121702209
f 121702212 121702209 121571140
f 86902313 83297582 86902062
f 83297582 83887361 86836778
f 83887658 104465979 103351853
f 104465965 103614236 119211565
f 103613997 103417674 103614282
f 103417674 86902593 83297448
f 83297299 83297448 88933395
f 83887438 83887352 83952974
f 104465666 104465665 103744770
f 104465978 104465968 119211578
f 119211564 119211578 103613996
f 68289879 68289704 81593687
f 101778654 101778451 68289870
f 101778766 89130240 83821902
f 89130318 68551938 89130242
f 68551938 89982512 68552240
f 89982512 89523770 81593686
f 81528150 101778654 81528030
f 84018397 84018706 101778688
f 84018432 88999210 86574336
f 88999168 69993809 88999249
f 69993809 89457687 81921367
f 81855831 81528035 81397078
f 86443227 84018397 86443229
f 90047784 85853443 90047747
f 85853443 73336106 85853482
f 73336106 69207375 73336143
f 69207375 86443053 86312155
f 90506534 90047784 90506536
f 71435622 85919071 71435615
f 85919071 91292959 85919007
f 91292959 69141600 91292768
f 69141600 90506273 69862694
f 70124587 71435622 70124902
f 69862447 130483369 110036930
f 130090640 110036681 113575625
f 113576408 165086921 113575069
f 77859288 77857949 77990360
f 81200295 127468709 130090697
f 113772174 109905818 113773016
f 109906392 165086367 77989023
f 77989087 81200287 81659047
f 81200283 81200351 77137051
f 77137195 77137051 77268267
f 109905132 82511770 109905055
f 82511007 77202590 77399199
f 77202591 120325343 82511006
f 120325278 86705452 77399195
f 86705307 120194347 86705451
f 120194347 81724717 86770987
f 81724715 119932060 120194349
f 119932205 81790269 87819565
f 81790253 120915168 120194855
f 120850230 165611303 120850215
f 165611303 87819581 165743072
f 165741885 87819417 81790105
f 120915765 123995940 119736117
f 123995957 113903307 120850912
f 113904096 165742575 133040608
f 133040610 85656860 165741785
f 81267170 123929753 123995851
f 123930315 131139538 113903599
f 131139567 131074001 133039388
f 131073308 85722397 85656862
f 85656793 123995422 123930432
f 123930436 123930432 122619716
f 123930569 123930448 131139529
f 131139530 131139529 131073994
f 130615249 131073343 85722431
f 91489599 85787933 91489565
f 82839364 165807952 82839376
f 165807952 168298441 165808073
f 168298441 164890570 168298442
f 130614490 130615765 87950554
f 78644442 91489599 78644543
f 121832689 77923494 82838700
f 82839491 82838700 165808067
f 165808650 165808067 168299018
f 168298966 168299018 164891094
f 77924161 77924164 103417665
f 89327147 78316710 89326758
f 90244436 130286764 90244268
f 130286764 130222019 130287555
f 130222019 165415434 130222602
f 165415434 89328086 103679531
f 88802863 90244436 88802644
f 87688524 109053282 87688546
f 109053282 109053893 130287556
f 109053892 165546501 168036292
f 165545924 103614941 103417391
f 103613999 103482924 103679252
f 103679308 85132564 88802612
f 88802619 87229748 87688833
f 87230081 109119106 109054469
f 109120005 108988032 168036831
f 108988895 133498746 108988282
f 133498746 85133208 85067308
f 71632147 87229716 71632148
f 109118534 109118772 133432390
f 108988405 108988034 133498869
f 133498891 133498869 135006219
f 127338509 127338486 143722509
f 85067322 85067308 89982522
f 69928286 71632147 69928211
f 133432364 133432390 134874156
f 134874418 134874156 134808882
f 135006218 135006219 168167434
f 143723015 143722509 165677575
f 165677576 165677575 165349896
f 89981996 68551986 89982258
f 68551986 69993517 87099402
f 69994506 165153241 134810119
f 165153287 165480968 165153288
f 165480968 168102406 168233436
f 168102364 168102033 143656579
f 168101507 168101782 127207317
f 165151777 165151789 165479457
f 165479456 165479457 127140896
f 168101781 83495390 165546461
f 83495389 164955380 83036637
f 83036630 164955383 88016119
f 164889920 164891094 83428672
f 164889818 83035386 91096315
f 83035501 83035503 90637677
f 83232104 83231988 83559784
f 83232065 83231996 88016193
f 88016092 88016193 83428572
f 83428605 83428572 81331453
f 81331377 130352381 109971085
f 130352781 130352842 113838062
f 113838058 113838062 132253674
f 132252708 132253674 72680484
f 72680621 132973604 130746310
f 133105612 132122606 133105646
f 132122606 68880362 132122602
f 68880362 100336676 68879396
f 100336676 100402349 100336813
f 100402349 133104878 130877388
f 132188110 132188144 133105633
f 132188129 69076944 131008481
f 69076961 73270300 69075996
f 73270300 85984764 73270780
f 85984764 132187645 130680782
f 130942923 130942946 132188112
f 130942928 85395351 127272912
f 85395408 91358239 85394463
f 91358239 92603487 91358303
f 92603487 130942241 130418635
f 85984534 85984646 85198102
f 100402453 100402465 89851157
f 82642268 82642429 68420956
f 88146965 88147182 68355093
f 85198160 85198102 90899792
f 89851244 89851157 91948396
f 68420988 68420956 86181244
f 68355364 68355093 68224292
f 68224196 79889700 68224189
f 90899753 90899792 86377769
f 91948327 91948396 92013863
f 91948225 91948413 86181057
f 79889601 79430948 79627460
f 79496384 79496381 100205760
f 102368579 125306745 125437467
f 127403899 125568889 125437849
f 125437468 79300123 78578876
f 79365619 99747003 79365657
f 99747353 69731369 102237244
f 69731388 69272610 69796905
f 69796898 68748710 79300083
f 68748787 102303258 99746857
f 102302761 71042109 69731370
f 71042090 69797233 94700913
f 78710308 102893091 102958629
f 102958624 102958629 87623200
f 87622901 102696480 83101214
f 78841376 78841374 102893093
f 102696116 78841381 102630947
f 79234232 79168697 79561914
f 91161791 79561913 91161775
f 79037631 79037615 79234239
f 79037753 120521914 120391934
f 120523006 150866164 150145278
f 150866174 122554614 150866166
f 122554614 122554188 122357985
f 120522996 150079741 150735092
f 150079732 150210770 147917044
f 150210804 120785151 150210815
f 120785151 122554191 149358388
f 122554593 148244712 149358817
f 148244705 150079718 150931709
f 148048128 147851507 148048115
f 147851507 147982546 147851474
f 147982546 120654069 147982581
f 120654069 149292852 120653620
f 149292852 149293288 149358807
f 150931668 149162213 148048090
f 148048089 148048090 147851481
f 147851483 147851481 147982555
f 147982129 147982555 120653617
f 120654040 120653617 149293272
f 149161803 123013376 122292453
f 123013349 148441315 149031141
f 148441314 148441315 149686498
f 148375789 148375770 149948653
f 148506865 148506841 149817585
f 120588527 104728795 122292054
f 104728406 122488646 121964374
f 122488662 148768991 123013347
f 148768995 124061922 148768994
f 149686118 149686498 150603622
f 149948667 149948653 150014203
f 149817586 69601521 104728390
f 69601094 124061518 150603597
f 150472525 150604027 150014201
f 149752057 149817586 149752050
f 123078894 120588527 123078895
f 148309847 150472497 120457037
f 149882671 150669561 149883129
f 150669561 149752055 150341881
f 120719607 123078894 120719598
f 148178739 148309847 148178775
f 148572374 148572376 148310247
f 120457456 149292888 148244700
f 148244701 148244700 149227741
f 149096668 149096669 148637920
f 148703460 148703456 148113636
f 122095829 122095838 122161365
f 150669129 148571976 149096662
f 149096661 148179158 148113203
f 120719573 120719177 122161399
f 122161404 114624759 164497295
f 114624399 126814096 126748382
f 126813918 115017436 115149297
f 126617302 126617488 126813916
f 126617308 115672806 115017440
f 115018225 146474720 115280369
f 166726437 166725820 186321701
f 114624397 164825222 142935949
f 164824973 145491727 118359949
f 145491853 145491686 115673588
f 115672800 166922740 115279523
f 115280477 115279523 146475613
f 146475612 146475613 186911324
f 116591060 116590351 118360237
f 116590765 116524787 145491841
f 115083137 166922413 115083437
f 111347421 111282676 111348212
f 164824820 168626315 143263476
f 168625908 124978957 118228724
f 124978932 124978931 116524929
f 124979073 124979191 133564787
f 124979571 158730615 158467775
f 124914190 158729997 124913421
f 158729997 124913524 168561166
f 126880269 126945139 126879603
f 126945139 126945655 158729916
f 158729919 112920252 113117188
f 113116821 126879748 114559501
f 126879705 126879445 127010777
f 126945171 126945169 141100947
f 126945555 126945386 110496019
f 126944956 131597975 127010586
f 141100826 141100947 145164058
f 144312488 152176746 144312426
f 152177056 134613147 161417491
f 131598106 131729371 119080608
f 145163936 145164058 115213984
f 145164399 145163999 141035631
f 145164443 141690985 141035675
f 141691035 144312434 161417330
f 131729056 109643402 111085326
f 111085583 111085326 115214351
f 115214043 115214351 115738331
f 115738335 118294639 131466890
f 118294665 118294487 118491273
f 135137041 135137038 115607313
f 135136995 135136997 114951907
f 114952368 114951907 140904624
f 114951841 114952295 115738273
f 118490761 118491273 109512329
f 115607176 115607313 145557128
f 115607265 115607726 115476193
f 115476228 115476193 145688324
f 109512331 109512329 109315723
f 109513157 109512325 145557957
f 145557462 131402181 145557217
f 114034646 114034401 115345844
f 115345156 132909492 109708933
f 132908677 168495628 109316549
f 168495557 163776961 163580357
f 163776965 163645890 163842006
f 163645398 114034380 113969110
f 114035124 143394508 132909580
f 143395340 143329418 143198732
f 143329804 165284289 143394954
f 165283978 131532422 109381770
f 131532938 168429708 165283462
f 168429190 109250522 131663494
f 109250182 131663832 132844043
f 131664008 163448812 143067098
f 163448794 109446791 131663492
f 113706988 113707144 143066898
f 143067319 143066898 163449015
f 163449014 163449015 163121334
f 163711158 118557114 113641160
f 118818503 146278162 118818578
f 146278162 146213047 146278583
f 146213047 137496758 146213046
f 137496758 166660592 146082243
f 113641238 132777612 109774614
f 132777750 135989012 118687510
f 135989014 146409657 135989433
f 146409657 166398136 146409656
f 166398136 166398003 137496624
f 137496322 137496624 166659842
f 110299115 166135572 110298900
f 166135572 135989276 146409960
f 136186344 136186043 146409964
f 136186348 135858206 136120812
f 135858668 137300149 146016748
f 132777620 112592913 135267988
f 112592532 146343705 119015060
f 146343572 166136296 136186042
f 136317114 136316959 136185883
f 136120347 136120351 136448027
f 136120509 136120355 135858365
f 119015084 119015095 118621868
f 146343699 146343705 136316691
f 166070035 136316961 135924199
f 135923741 135924199 136448029
f 136251421 136382499 136251427
f 136382499 111806653 111871763
f 111806227 166069905 110102291
f 166070037 166069905 136054549
f 136054419 136054549 136251027
f 136251160 136251027 136382232
f 136382231 136382232 165938967
f 165939234 111937725 111806097
f 111937169 112461589 111937301
f 112461589 112461459 110233368
f 118949556 118949557 118884020
f 118884732 118884020 133237116
f 137431026 137430807 118884837
f 165939686 165939250 146541030
f 135858662 135858365 166201830
f 146016745 158599194 159057906
f 158599154 136710132 133367794
f 137431079 136579058 136710194
f 136579122 136579558 166005225
f 136579561 166267370 166201367
f 166201525 133367831 132319605
f 133368180 133367780 164170100
f 136710602 136710132 137103818
f 136710180 136710189 136579108
f 166266916 166266917 166332452
f 135727595 135662058 135727594
f 164169395 164170100 167970483
f 137103876 137103818 204540420
f 136514610 136513581 175901746
f 166333053 166332452 204671613
f 135793716 135727595 135793131
f 167970482 167970483 167904946
f 204540419 204540420 175770115
f 175901307 175901746 204147323
f 204672044 204671613 204737580
f 204475445 135793716 204475444
f 167905661 167904946 143788413
f 167906352 167905427 175770672
f 204147760 204147323 191564848
f 204737388 204737580 175639404
f 204212857 204475445 204213301
f 143788414 143788413 143985022
f 143788070 143788182 204408870
f 204409880 204408870 191564824
f 191564556 191564824 175639308
f 174525196 204212857 174525049
f 164235646 164235414 143984678
f 164235302 173607724 187369510
f 173606950 174394392 173607960
f 174394392 174394124 185272935
f 185272936 164235879 131991934
f 164038623 191498699 164039115
f 191498699 174263084 191499052
f 174263084 173476442 174262874
f 173476442 136776294 173476454
f 136776294 174459757 191629926
f 131992008 159975094 112527816
f 159975880 167840258 164039466
f 191499050 173672904 187239275
f 173673323 193268324 173673060
f 193268324 194120280 193268312
f 194120280 159975464 167839886
f 173541518 187238914 173541890
f 187239211 187239001 173673259
f 173673358 173673259 193268622
f 193268542 193268622 194120510
f 159975566 159910281 143460339
f 166987763 173541518 166987918
f 187304437 187304537 190188021
f 187304817 187304791 193792881
f 193792832 193792881 188549952
f 159909875 159844744 133302420
f 133301978 133302420 167053018
f 133302773 167053814 166988631
f 167054167 188746637 193727319
f 188746583 188615537 188746609
f 188615537 143854400 160237960
f 163973518 144902292 163973268
f 144902292 114886362 114755748
f 114886828 145426136 114887158
f 193726636 193726966 193071276
f 188746627 188746637 191433603
f 188615530 163973953 160041358
f 163973517 163973515 164104589
f 163973580 163973577 144902604
f 144902295 144050636 144901798
f 111478948 111478488 114756464
f 114756483 114756464 145427331
f 164104588 164104589 167774604
f 164104654 164104705 164301262
f 164300960 164301262 164366496
f 144050637 144116172 164366487
f 145033368 144050327 111478950
f 167774609 167774604 143591825
f 167774718 167774352 164432382
f 164432033 164432382 144640161
f 144640157 144640161 144574621
f 164366495 164366496 144115871
f 143919505 143919248 143591934
f 143919614 167643647 167577761
f 167643297 144706048 116460032
f 144705693 143918834 160565649
f 143918839 143919507 167642871
f 167643259 167642871 167708795
f 116066427 167709184 116459244
f 144443116 144443122 115934956
f 144443901 167511786 144443551
f 167512223 144509086 144574616
f 142214892 157026653 116066025
f 115869420 115869418 115935741
f 115870205 143525608 115804669
f 144509071 144509437 170264719
f 167447079 144115870 167446686
f 144115878 115870204 156436829
f 156961108 115869417 115804508
f 143526236 143525608 157878620
f 143526053 143526250 144181413
f 170264729 156960911 156240212
f 156961106 156961105 116001106
f 116001116 116001130 157878437
f 170330265 170789415 170330663
f 170789415 167447352 188156455
f 167447113 167447352 145033801
f 145034095 145033801 111479663
f 111479664 170789743 188156802
f 188156484 188156802 172493380
f 172493659 172493380 191761243
f 191826779 191826799 186190683
f 191826794 191826714 193071978
f 170789762 172034626 193006393
f 193006147 193006393 172165699
f 172165706 172165699 190450250
f 190450564 190450250 186190724
f 172624772 193334042 172624666
f 193334042 188615530 193334122
f 172034873 178719301 172231481
f 178719545 172100260 178457401
f 172100338 172100260 172559090
f 193137394 193137226 177081074
f 171707023 172624772 171707268
f 178588328 178588324 178457330
f 178588402 179440300 178981618
f 179440370 183503503 179440271
f 183503503 171707024 177146511
f 178719398 179309225 178784934
f 179309222 179899066 178588332
f 179899052 177015432 176622252
f 177015468 178653875 177015475
f 178653875 178653937 183503505
f 183503540 183503505 177146548
f 171707060 179964560 179309242
f 179964602 182979305 179899016
f 182979208 176753290 176622320
f 176622462 176622320 177015678
f 176687998 179178126 176687758
f 179178126 179178151 178653879
f 178653841 183438007 177867402
f 192744091 192744176 177932955
f 192744073 177670812 177867420
f 177670812 177670813 177998510
f 177670830 178522806 179636910
f 179636901 179702455 178522799
f 179636897 179636888 178129569
f 170986143 170986166 179636919
f 170986167 170986129 177211128
f 177212084 116852472 179506230
f 179505725 178064438 178260639
f 178064031 178195104 178129194
f 178129458 153684266 170986017
f 170985208 169871905 116852474
f 116853814 116983546 204802619
f 204802635 204802619 171706955
f 178195125 178195102 179047093
f 146737837 153684640 146737824
f 170002624 169871658 170002730
f 169872453 169871907 206048325
f 169871098 206048329 116984904
f 116984379 179571784 179047102
f 171051710 146737837 171051693
f 136972851 170002624 136972480
f 205785131 205785635 137037867
f 205916204 205917253 205786185
f 205917257 180161608 179374773
f 180161075 170068158 146606643
f 170068531 136972834 169937459
f 136972329 136972834 137037865
f 137038681 137037865 153750361
f 137038919 135334187 153750599
f 135334983 139462737 205917256
f 169937457 169937444 191367729
f 136842089 136841762 190319465
f 186846057 153553753 186846041
f 153553753 153749803 182257960
f 182257963 135333906 182323934
f 182323218 142084217 135333969
f 191367718 191367729 190253606
f 191367972 190253912 186845584
f 151980432 151980836 186845480
f 151980328 153553169 161220881
f 161220904 141756532 153553630
f 151521830 160369496 151522136
f 151521680 149620972 160368912
f 151980300 151980268 160303372
f 160303376 151521553 171248166
f 171247881 149424392 151456009
f 149424393 151783660 149424364
f 151783660 151783692 151718154
f 151718227 151718154 160303443
f 160303449 138742099 156764559
f 152045638 151587215 149555469
f 151587354 151587051 147196442
f 151587158 151587015 156371286
f 156567891 156698968 156371289
f 156698969 156764507 117967195
f 138741513 169412953 147196102
f 156567750 156567751 156829894
f 156698970 156830038 156698971
f 156830043 117966906 137955675
f 156502074 138741513 156501769
f 156109141 152045638 156108870
f 169412806 151652619 147130773
f 160696518 205392218 160696666
f 205392218 137955386 117836863
f 137955669 156501767 155387655
f 156502351 137693508 155388239
f 137693519 156108857 152045625
f 151652757 146868418 160696862
f 160697404 160696862 205392956
f 205392449 205392956 171772481
f 117836350 117836863 137759294
f 117835830 117835831 155387958
f 146868766 182126693 171969086
f 182127166 173410903 171771957
f 171771959 156043317 137627703
f 156043319 137824310 156043318
f 137824310 152045625 137824313
f 173410392 173411036 140052568
f 153225306 137628247 153225815
f 137628202 137627939 156043818
f 137824810 137824590 174131754
f 137825305 137824866 152046617
f 202901777 161548706 152045981
f 140053334 140052568 193989462
f 140052548 140053393 154667076
f 140052771 170658105 154667299
f 170658083 170658346 170461794
f 170658402 174197347 174132249
f 193989404 193989462 186911516
f 138218277 138611601 138218385
f 138610748 138610750 138020924
f 154667067 154667076 170657851
f 174196795 174197293 155322427
f 174197824 202901827 205458019
f 186910782 139790397 138151998
f 139790398 138217731 138086659
f 151128124 155322631 151390268
f 155322428 186910779 138152540
f 139790940 173738045 139791421
f 139790400 151063613 138348630
f 151062614 151390467 151062787
f 151259394 151390471 155322629
f 205457669 173738307 205261398
f 204999254 138349629 204999741
f 147721273 147720256 138348802
f 151062935 151259343 160827650
f 151259398 151259543 161614086
f 151260224 173345187 173804124
f 173804118 138807367 173345581
f 173345849 187435821 204999745
f 204998863 151325761 205523151
f 151324879 111282583 173803591
f 111282247 204605512 138872903
f 204605511 204606253 187435872
f 187436097 190778208 205524042
f 205523355 205524042 161614235
f 161614913 111282438 138872915
f 139593800 139660339 139594803
f 139660339 175114874 175705139
f 175115315 190778424 204934195
f 205589560 206113632 205589344
f 139593380 139593379 139658916
f 139659351 139855524 139659898
f 175704407 175704151 175245655
f 175704685 175704691 175114861
f 173935213 138676849 173935217
f 138676849 205589560 138677304
f 139856376 139855524 156633592
f 167184727 139069515 156633715
f 175179851 175180403 175245933
f 175180397 174000736 174852702
f 174852703 111348318 167184093
f 126682845 126683640 167184268
f 139069324 139069944 129304460
f 139070066 129959862 129305202
f 129960562 139200589 175179422
f 173999774 126683762 126420701
f 125830877 126551946 127076238
f 126551701 126551956 132384405
f 129304549 129304460 129959909
f 132384704 133629944 129960013
f 133630029 139200594 110954578
f 110429845 134350821 110430181
f 134350821 132384408 133629592
f 139265688 139266040 133630034
f 139266130 142149754 139527838
f 134416021 134612630 134350488
f 134612632 139266418 158402200
f 139266161 139266418 141363313
f 142149742 142149710 139331694
f 139331706 110954143 111020154
f 134613362 161417632 158402674
f 141690994 158402930 141559923
f 141559884 141559923 142280780
f 141559918 142280828 141363279
f 142280783 139003978 139331231
f 139003551 145295530 111019682
f 110954146 139134623 141035635
f 139724905 142280780 139724876
f 139003989 139724924 139004016
f 139003553 139004016 145295009
f 145295463 145295009 167118951
f 111413751 111216810 111413418
f 141035605 141494383 141428821
f 141428848 141494381 111151213
f 111150823 115738733 141428845
f 167119024 167118951 118032560
f 111544074 111413751 111544823
f 145360551 145360549 111412898
f 145360546 140970088 111216809
f 111216286 145688745 118032882
f 118032561 118032882 117573809
f 118032039 117573379 111544025
f 111544491 111609561 114821291
f 111610027 114689751 145361000
f 145689074 117638916 166791667
f 166790882 166791667 145753826
f 117769954 117377201 117770417
f 117377201 114820867 117376771
f 114821509 111609600 159647449
f 117639667 135071758 166856456
f 166856420 166856456 115410660
f 115410996 115410660 117704756
f 115410694 162727685 117639182
f 163645876 163645454 135071919
f 135071496 145623215 117901058
f 115541762 115541768 137561858
f 137562160 137561858 135530544
f 117704725 163645492 113969588
f 135530677 135530544 145885365
f 135530990 135530675 145820142
f 135530245 113248434 145819397
f 117769921 135661317 146016435
f 135661747 166595055 145885678
f 166595054 137168959 166594623
f 137168959 145950900 138283443
f 166594584 166594583 137168920
f 137168921 137168920 166463513
f 145951213 145950766 135465453
f 135596052 145950900 162531350
f 145951155 112986545 162531763
f 112986547 117769921 112985793
f 166464561 166463513 204344369
f 135466031 135465453 117443631
f 114099969 114100244 135464656
f 137234128 135596052 137234452
f 204344365 204344369 204278829
f 117443630 117443631 159255598
f 114166143 114099969 114165505
f 159319759 114099918 162269568
f 162268878 162268880 114231684
f 159581904 174524463 204213294
f 174525486 202771479 204278150
f 159254918 174459950 174525463
f 174459927 175508087 202771071
f 176032791 159713020 117115927
f 175508333 175508071 175573869
f 175377016 176032375 175377015
f 174983797 162007679 174983807
f 162007679 136775420 191629944
f 136776312 137365553 175573630
f 175573621 175966846 175377012
f 175377007 175311476 174984079
f 193858159 167250299 158993007
f 167250543 167250345 162007426
f 116918312 137365553 147654393
f 191695054 175966257 191694897
f 193923950 175311486 193923710
f 202705808 193858164 202705524
f 136775417 194120595 116918867
f 116918476 116918867 147654860
f 152307916 191695054 152307918
f 175048981 175049582 191695478
f 191695760 175442550 193923694
f 193924118 173148782 188550035
f 194251582 194251347 173148240
f 173148436 173148240 147523860
f 147523861 139397396 152242453
f 139397397 139397744 175049566
f 175049334 190647134 175441985
f 175442542 194250817 188681022
f 194251583 194251584 171379519
f 194251321 194251320 171313721
f 194250832 171313719 139398212
f 139397982 205720644 190647366
f 190646337 188615750 171379108
f 117180836 161745464 117180984
f 161745464 161745465 171444313
f 206178393 173214265 206178873
f 173214265 205720119 173214263
f 188615076 193334151 161679487
f 161679101 142477439 117180837
f 142477733 139987149 147589541
f 139987515 171575501 139988040
f 139987025 206179400 139462745
f 193333375 171575883 172623999
f 171575423 139462861 206178425
f 206178421 206178425 173213813
f 173214787 173213813 205720643
f 205720646 205655107 205851714
f 205850693 205851714 138414149
f 160958585 160893045 160958581
f 151194008 205654133 151193717
f 206113028 205589571 206113859
f 142084505 161155482 161024409
f 161155481 160893339 161089945
f 151194011 151194008 206113179
f 182323321 182323610 161024414
f 161286554 142412188 161286556
f 161155491 161155198 161089955
f 142412511 182323614 142412864
f 161614912 182323326 205458457
f 182324249 142346974 182258713
f 142347289 161483170 142346658
f 161548701 161483169 161220724
f 142346657 182257780 142346356
f 138414687 138414149 174918239
f 174918238 174918239 202705502
f 202705505 202705502 193858145
f 193857643 193858145 158992491
f 167250027 173869435 174066272
f 174065833 174066272 141166761
f 140970153 167250027 140970091
f 114690152 159451641 114690553
f 159385303 174000514 145229470
f 159385256 159385303 114165416
f 159254223 159320449 111609551
f 159320453 159516328 159648128
f 162269571 162269568 159582595
f 162400643 162400644 159582255
f 162400303 135596460 162203695
f 117377413 159517059 162400000
f 162400006 162400000 162596614
f 162400684 162597298 162203326
f 113052076 113051670 135596465
f 112985790 113052081 112986546
f 117770674 117507773 166660271
f 166660547 145623215 163710910
f 129829315 145623488 129829314
f 129829316 116132290 114493967
f 116132367 119146512 135203343
f 119147023 119146970 165218439
f 119146631 116263418 167315591
f 116263047 174328336 116131856
f 174327824 206244940 135202587
f 206243611 157682023 119146141
f 110888731 110889466 167315183
f 110888687 165874148 116263066
f 168757402 168756975 168822938
f 142870682 174328337 206244919
f 169741367 169741388 206244199
f 157681857 157682207 110889153
f 110889826 110889153 165874530
f 165873763 165874530 145098851
f 165873818 145098919 144247291
f 144246917 169806331 204868127
f 169741071 169740832 185666319
f 169740481 190909202 185665729
f 190909197 185338642 190908515
f 185337955 140839014 140642471
f 140839079 167381155 144836775
f 141232291 141232635 167381125
f 141232261 185534928 185469714
f 185535250 194382605 185535245
f 194382605 190843745 185338643
f 185731853 170395750 185731174
f 144837161 144836710 110168617
f 144836716 110167698 141231861
f 141232659 141231861 164563475
f 190843455 190843799 182061631
f 185600731 185731937 185600865
f 154864401 170396435 154864403
f 170396206 170723644 170395282
f 170722962 116656505 158860946
f 182062142 182061631 171904062
f 205064768 185600731 205064923
f 154799162 154864401 154798865
f 140118331 140118332 154863910
f 153291046 153291068 154864174
f 171903380 171904062 142805396
f 205129860 205064768 205130304
f 170527803 154799162 170527802
f 154798171 170527275 140118572
f 153356844 153421915 153356379
f 142805407 142805396 140708255
f 160761956 205129860 160761988
f 151849366 170527803 151850043
f 170527276 140708110 146934175
f 150997187 160761956 150997092
f 151914753 151849366 151914902
f 185403663 185403662 151849516
f 185403948 141888460 197855788
f 141888044 153356602 154733100
f 146934017 169609757 150997188
f 150997263 146999492 151915035
f 151915278 169478683 185404250
f 185404189 185404250 197856029
f 197855435 197856029 141887691
f 169609412 142608514 142674116
f 142608580 169478341 147065028
f 169543877 190384667 169544219
f 147064963 169543809 142739653
f 168888053 168888851 131925749
f 164628446 164629010 116721630
f 153618166 153618897 111740662
f 153487018 116656425 131925673
f 116721321 116721630 116328105
f 111740656 111740662 157091568
f 111741056 111741278 158795904
f 111741223 116394360 158796071
f 116394279 111675725 158861045
f 111675950 111675769 153291310
f 111675761 111675684 116328817
f 116328514 116328817 157091906
f 142542914 142543198 136906818
f 142543413 142542890 116197941
f 142542577 142542574 158795505
f 158337318 138479908 153422193
f 153421890 136906819 138545218
f 136907317 171182147 146671683
f 171182644 171182271 116197940
f 158927412 158926574 116197105
f 155978106 155977457 156174714
f 138545445 138545446 144378149
f 146671772 146671683 144771228
f 170133660 170133666 170854556
f 191040048 191040037 180685360
f 180882118 153357156 144378416
f 170854714 170854693 180685114
f 190974266 180882118 190974662
f 178916195 178916041 180030307
f 178916010 178916028 180095658
f 180095651 180095658 176949923
f 154733411 141887606 190974652
f 141888188 169019595 147458748
f 169020092 176884394 169020074
f 176884394 178326179 176884387
f 178326179 176818827 178391693
f 176818829 134220533 134285175
f 134219639 125110277 134481783
f 125110135 133957493 125110133
f 133957493 133958006 158664700
f 134219781 112133808 134481782
f 125109935 133957296 112068470
f 118425263 133892093 118425597
f 134547216 134547452 133760784
f 112003066 112003078 134023162
f 134154238 125241006 112133807
f 112068368 125241208 118425594
f 125241338 134023161 133695482
f 134022832 112134137 134022833
f 134023168 133695153 112134008
f 125765507 125765482 126289795
f 125765508 125765512 126158724
f 126093187 126093192 126289796
f 124258181 124258180 126027654
f 124716905 124716934 126158702
f 124192622 124192646 126158719
f 125962117 126224263 126093169
f 126093161 124782449 124258160
f 124782448 124454767 124651376
f 124454768 124127086 124454766
f 124127086 126486376 124127080
f 124192639 126486411 125699977
f 126486409 124782466 124848007
f 124651378 124651377 134088562
f 124651371 124651519 124454763
f 124454765 124454763 124127085
f 124127106 124127085 126486402
f 203164711 203164587 189795367
f 195103569 195103773 196283217
f 195431348 195431330 195365812
f 203754406 203819943 189795255
f 189795233 189795255 196283297
f 195365793 195365812 196152225
f 194972594 203754406 194972582
f 177343392 177343526 177474464
f 177343152 196479637 195562535
f 196479921 196479913 203295665
f 196479882 196480031 195038090
f 195038089 195038090 196152201
f 196152203 196152201 194907019
f 196152224 177474463 194907040
f 196545457 196873247 196545567
f 196873247 196807562 196873098
f 196807562 196807561 193465227
f 196807563 177277878 196414347
f 177277835 183700212 193596319
f 183700383 196545173 195955633
f 196348847 203230136 196348856
f 203230136 196676541 203230141
f 196676541 196676540 196807606
f 196676534 196742075 196414098
f 196741778 179833495 177605266
f 183700153 179833490 183700117
f 179833493 196348592 196021167
f 176163760 176098229 176163765
f 176098229 196217886 176098334
f 196217886 196611002 196217786
f 196611002 196611003 196741783
f 196610711 177605270 179833494
f 196020865 195234724 176163458
f 176163459 176163458 176097923
f 176098164 176097923 196217716
f 196217416 196217716 196610632
f 177539656 177540025 177801800
f 177539769 176229018 195300260
f 176229107 176229285 194054899
f 176294802 176294530 189729682
f 176294770 176294736 192088946
f 172428146 172428148 192023410
f 177802099 177801800 179768179
f 179833528 179833498 177736376
f 179767961 195889812 183634834
f 195890066 189598542 194054992
f 189598544 189926227 189729650
f 189926258 192154485 191957875
f 192154483 192023381 179768149
f 177408853 177408696 195496789
f 189991765 195627944 195889998
f 195627854 189860690 189598547
f 189860691 195169187 189926261
f 195169141 189991764 192154453
f 192351001 192350954 203426585
f 182914081 182913912 203361313
f 182783008 182782696 182848544
f 182782588 182782695 203033212
f 189467417 203492385 189467681
f 203492385 203623456 203492384
f 203623456 172296935 203623143
f 172296935 188418684 172296828
f 203033404 189467260 189532953
f 183372621 195758924 183372620
f 195758924 194579490 195759138
f 194579490 188288036 194579492
f 188288036 188418630 188287558
f 172362554 172362556 188418877
f 183831111 183372605 189270861
f 189205321 184027887 189205231
f 184027887 195824556 184028076
f 195824556 188353434 195824538
f 188353434 172362554 188353338
f 192875323 183831111 192875079
f 192809856 189205238 189336393
f 189205323 189205322 189664075
f 184027983 184027976 192416591
f 195824505 195824377 192875385
f 188353408 203099053 189401935
f 203098959 192809752 186059599
f 192809807 192809849 192416640
f 95816470 241370557 95815101
f 241370557 241569383 96208283
f 96208364 96011675 95817316
f 96013924 241503820 239799908
f 241503844 241438309 241372775
f 241438311 242028142 241569579
f 241567131 254414635 93981918
f 99290334 96011675 239800102
f 239800101 239800102 241504037
f 241503955 241504037 248581843
f 241438418 241438310 247729874
f 242028229 254086757 214304186
f 243338439 243273510 243339046
f 243273510 239537957 243273509
f 239537957 247074515 239537875
f 247074515 248450768 248647378
f 242156986 242158791 242615738
f 242224759 242617968 242222350
f 185795854 185798257 99091726
f 185797386 185796073 185010954
f 185142024 212012196 185011703
f 99091938 99091726 99157474
f 93914602 185140713 93914601
f 93915914 93916324 212010474
f 212012195 211944938 212012242
f 212012534 212012242 234229238
f 234229276 234229238 234032668
f 234032761 234032668 242880121
f 242879650 242880121 237178018
f 184749604 184749691 183897636
f 183896836 242945690 183897754
f 244846204 244846234 244911768
f 237178398 237178018 237243934
f 98831909 98831908 98766373
f 98766367 98766373 99487263
f 250351135 250349039 99485115
f 237243936 237243934 236850720
f 236850721 236850720 250351137
f 250023457 250023661 250348988
f 250348987 96142780 96079401
f 94375465 94373307 251661865
f 243404545 250021281 250154529
f 250023660 250023658 250220268
f 96407275 96145128 96407272
f 246547904 237503932 246547900
f 237571763 249237033 237571625
f 249237033 249237249 251661955
f 250220265 250220268 250875625
f 96472821 96407275 96472811
f 238814657 246547904 238814656
f 246287933 237571763 246288051
f 98176687 97979946 98176554
f 97979946 96472796 216076021
f 238882018 238814657 238880193
f 239603262 246287933 239603261
f 98242121 98176687 98242223
f 208602588 234685915 208602587
f 234685915 238880216 238947554
f 238751295 239603262 238751294
f 95882812 98242121 95882825
f 208930232 208602588 208930268
f 210242677 210242672 208604670
f 210243070 248712916 234687968
f 97979872 238751230 240520767
f 95948375 95882812 95948348
f 248055225 208930232 248055224
f 208735946 210242677 208735349
f 235474034 235474057 210243284
f 235474644 254218024 248712554
f 248712672 95948138 192548439
f 235735931 248055225 235734457
f 248057547 248057358 247664331
f 248056946 247664324 208735755
f 208735754 235736587 251857787
f 235736777 235736836 248123081
f 247926473 235671243 247926475
f 235671243 235540164 235671236
f 247992008 224988687 224923432
f 235343209 232656234 235343210
f 232656234 239537632 232656352
f 239537632 97977821 98307552
f 249234909 235341272 235277673
f 235408903 232132104 235408904
f 232132104 247074271 232132063
f 239537851 235408863 224660999
f 224726373 220728841 224726537
f 232131881 247139849 220728791
f 247074492 247139799 247074512
f 247140048 209915012 248450178
f 248450770 224660610 224726154
f 224726208 224529546 213847398
f 220728675 185077094 224529705
f 220729020 244058889 185077436
f 247139460 244059789 209915601
f 209915010 213847761 176491658
f 213846660 213846662 183306884
f 183307456 213846936 224529304
f 185076632 185077091 194513816
f 243731353 244058889 243731209
f 244059799 244059784 244321943
f 244059857 176557713 176360174
f 176556782 176425605 183307160
f 194448199 194448005 194513735
f 227412807 243731353 227412889
f 244714895 244715144 243666319
f 244387463 243863191 244387479
f 244321930 176557719 176425799
f 176556871 189074246 189140375
f 189140367 227937687 227413639
f 227937927 244518296 228003463
f 243666578 253824660 244518546
f 253824658 244125331 244453010
f 244125330 227937930 189008710
f 227937090 227937093 228002626
f 228002628 228002626 192613188
f 192613784 234950292 192614036
f 234950292 234950434 253824134
f 253824667 253824134 244453019
f 244125339 244125331 244584091
f 243797653 243797646 244125322
f 188943228 192613275 234818459
f 234818428 234819074 234949825
f 234949766 213912769 210046311
f 210046608 210046311 244977296
f 244976766 244977296 244583550
f 194645504 194317206 234818331
f 186256896 186256577 213912709
f 213912935 220597381 209980775
f 220597607 220663080 224792208
f 220663440 209587855 244190864
f 209587856 186256510 186583958
f 188877600 209980187 188877595
f 188877957 209980095 220596927
f 180227367 184552193 220597723
f 234425819 234425639 220597544
f 234425640 234884609 220663439
f 186583875 186780451 188877503
f 186780351 203557923 180226817
f 203557633 191236967 184552225
f 186649345 232394203 186714913
f 251595554 251596251 232394234
f 251596282 237899311 234425857
f 237899265 234360313 234884784
f 234884751 186650288 191171431
f 186714982 186714913 181209958
f 184421070 251595554 184421154
f 184422144 251595475 231934675
f 237899220 237899520 234556884
f 234360316 234360367 248974844
f 246615768 246353401 246615545
f 181209855 184486593 180357887
f 184486655 194185939 184486611
f 194185939 181537640 181013352
f 181538260 181013195 231935446
f 234556886 234556884 232197590
f 234556932 234556888 248974852
f 215944708 246615768 215944920
f 246418656 246484660 246419124
f 246484660 232066736 232197896
f 232197637 232197896 235081221
f 235080741 235081221 192678949
f 235080928 192678781 215944417
f 215944881 252120289 235212246
f 249368070 249433864 249368328
f 249433864 98110981 249433605
f 98110981 96341029 98110501
f 96341029 216009953 203688829
f 235212510 235015683 249368282
f 249368281 249368282 249433817
f 249431511 249433817 98108887
f 98108862 98108887 96339390
f 96341584 96339390 239930960
f 216010318 249103807 249564675
f 238096097 232263386 238096090
f 232263386 210636505 232263385
f 210636505 94569943 210634199
f 94569943 242812350 94569918
f 242812350 238095952 234491617
f 237833723 232001074 237833778
f 232001074 100863449 232000985
f 100863449 94506127 100863119
f 94506127 253953444 94504356
f 253953444 237833850 237964795
f 234622512 234753582 234622510
f 234753582 94047701 234753493
f 94047701 94045700 100863377
f 100863379 100863377 94506387
f 94506393 94506387 253955481
f 237964797 252055266 249630205
f 252055037 249499398 251989501
f 249499133 98438655 249499135
f 98438655 98436508 94048011
f 94047633 252317451 227544466
f 227544468 227544466 227675540
f 227675534 227675540 228068750
f 227478926 242683289 227478937
f 242683289 252317476 240453087
f 240389718 227610379 240389899
f 214765141 214764946 227610004
f 214764948 96929224 227741070
f 96931214 93783448 227347664
f 227347856 240389328 252186198
f 214437641 214765141 214437461
f 250612937 237767886 250612942
f 237767886 249300424 237766088
f 249300424 243205528 249300376
f 243205528 214893981 94111128
f 252185801 214371528 214435309
f 214437617 99354093 250613488
f 250613292 250613488 237768236
f 237768319 237768236 249302655
f 243207807 99356381 99421384
f 97846766 250545645 97846765
f 99419606 243205611 249171583
f 243207720 243207899 237637160
f 243207375 243207723 94112975
f 94113028 94112975 214895876
f 237637378 237637160 251793154
f 237636830 237637379 214830302
f 214830699 214830302 218304107
f 218304109 218304107 215879277
f 214895839 214895876 227478751
f 215092994 251793155 99290323
f 215811564 215092995 211816194
f 215093002 215092385 211947274
f 215090693 215092387 99288581
f 211946706 215813898 241831723
f 241831532 241831723 241962604
f 241962579 241962604 241634899
f 215879272 215879277 241765992
f 227479146 254414047 241897070
f 241897158 241897070 240258758
f 240258642 240258758 232984146
f 241634788 241634899 242355684
f 241766003 241765992 241700467
f 242683497 227479146 242683498
f 247729774 209718982 247729862
f 209718982 210570834 209718866
f 210570834 210373771 240192996
f 210374116 247860935 232984179
f 247860851 210504845 242355817
f 209784517 248515713 209783937
f 248515713 244321422 248515726
f 244321422 243994252 210570379
f 243993739 243797641 210374343
f 243797703 243928715 247860365
f 247729282 243797714 243928725
f 209653397 210505355 209653387
f 210504835 210504832 210439299
f 210505321 209652876 209522325
f 209652863 209652862 209849471
f 209850034 209849471 239996594
f 210439759 210439299 239865423
f 241700429 241699980 240127565
f 241700472 242814545 240127608
f 242814584 209588004 246484656
f 209587888 240127631 242814544
f 240127568 239865421 240062030
f 239865422 239996495 239931057
f 239930593 246419121 246484559
f 243797642 244321932 243994250
f 98307713 98307656 243076737
f 98307804 243404414 243076828
f 243338878 94310019 243338883
f 94310019 243336610 243273342
f 214306434 185206176 214304160
f 185206176 242486901 94307746
f 242484642 244843934 242484638
f 244843934 93848985 242945689
f 244779787 244780661 242486937
f 233966357 233965025 98569717
f 98567433 234098165 233836019
f 234098168 94768625 94963112
f 94766347 84542890 94766344
f 84542728 98371040 84542944
f 98371040 98043148 98370828
f 98043148 97192696 94962955
f 97191179 97125854 97191390
f 97125854 97781205 98371033
f 192480725 98043353 183962490
f 94635496 94635274 98960872
f 94635206 80020967 94635319
f 80938472 80938471 98960582
f 80938182 80938197 81005335
f 80939799 80938470 98895336
f 91555191 91555299 98698616
f 98698755 81134968 100795875
f 91555192 91687809 87362433
f 87360888 253756931 245239454
f 253759134 253628191 245173706
f 230625055 230624714 231280416
f 253693160 253693376 241241320
f 253693410 253759074 253627848
f 253627851 253627848 253889995
f 253627840 240914211 253889984
f 240913856 231410920 240913640
f 231410920 241307235 216469090
f 253758920 231017926 231149131
f 231149040 231149131 231345648
f 231345760 231345648 254283360
f 253890345 253889995 240914217
f 240914017 240914217 231411297
f 231018059 233705034 239668811
f 233705035 239733991 233770215
f 233770591 233770215 241110623
f 241110243 241110623 233049315
f 254283237 254283360 241176037
f 232328677 235933281 232328801
f 235933281 233704908 216403433
f 216403551 233442793 233311839
f 233442911 233442531 216141029
f 216141286 216141029 233049574
f 233049562 233115110 232328753
f 232328720 232328753 235933200
f 233704937 233311460 233639140
f 233442798 233442793 216337902
f 233442533 233245926 216337637
f 216272359 216272360 233115111
f 233115185 233180647 238030289
f 238030365 238030289 235867677
f 235867634 233901597 235867665
f 233639142 233508073 216534246
f 233508070 240324072 233508328
f 240324072 233246179 233180643
f 233180625 232918499 231738835
f 236719571 236719569 238161363
f 245042739 243011101 245042717
f 243011101 231869938 240324067
f 238161564 245108356 243011058
f 251924125 235933170 251923954
f 231411461 231411217 241307397
f 241307434 241307397 240979754
f 241307234 251924062 254348957
f 233574045 233574186 254348894
f 233573982 233377258 240979554
f 233377378 233377250 232853152
f 233377440 94244404 238227104
f 238292532 238290335 233573866
f 238292458 200412724 229313921
f 200412545 198052904 203885953
f 198053249 198053655 253103896
f 198053656 230951888 198119192
f 230952728 263916928 200412200
f 263916584 268177405 203885519
f 268176335 266670017 264244175
f 266669007 266669008 198118853
f 268177411 268177340 263720963
f 264245177 264245245 263262137
f 266670002 266670017 263196594
f 197922737 231215078 197922790
f 266669509 288755145 268570553
f 263721168 263721271 264310992
f 263262146 263262137 264376258
f 263196611 268570546 288755862
f 288755918 288755862 282005710
f 281612494 281612496 282004924
f 264310204 264310992 253496764
f 253497282 253431580 264310723
f 268570774 301797886 278204519
f 278203824 278204519 229838256
f 229838998 281874638 230297012
f 230297806 281612495 281940174
f 301797479 301863423 275124586
f 230166890 230166631 275123632
f 216599993 229576112 221252842
f 229576123 229575985 229838267
f 301863274 292032873 292098252
f 292098568 292098252 291574280
f 292097465 291574114 230165754
f 230165738 230427898 217648362
f 230427882 216599834 221252890
f 292032716 286593302 281743560
f 281742770 281743560 302452146
f 291376562 291508744 291377672
f 291508744 217649506 291508578
f 217649094 217649505 230428614
f 286593224 281219268 281481539
f 281480585 281481539 230034825
f 229707191 230035656 229707189
f 229708127 230231477 229904735
f 230232415 281678027 291377505
f 281678177 289542086 281284804
f 293408965 226955587 293409091
f 226955587 230559167 289541513
f 230755775 230755721 227020167
f 227020214 227020167 230034870
f 230034869 229969334 229903802
f 281284990 293540224 293409153
f 293409134 293409153 292491630
f 226955632 292491646 226954613
f 225709448 226692473 225971592
f 226692488 293604799 293147008
f 292491698 292491630 296882610
f 292490613 257888691 296881525
f 257887605 225840503 225709433
f 225971649 225971575 226692545
f 226758081 226758020 226692543
f 230559170 296816005 296882016
f 296816480 258216372 296947552
f 258215776 257953633 257887607
f 257953143 230690118 222629239
f 230690582 253037894 230690181
f 253037957 230493634 253038018
f 230493634 230493575 226889142
f 258084709 294588257 258084705
f 294588257 294587718 222629745
f 253038449 253037894 230494065
f 259001790 229969336 230100414
f 229969338 258084280 258871141
f 292425583 222957411 292425571
f 222957411 222957968 294588562
f 294588818 294588562 259002770
f 258871663 292425570 294915938
f 292425995 292426133 275190027
f 222957672 222957935 277942376
f 277942421 277942376 278335637
f 294719640 285872274 275189909
f 285872277 285806858 278139149
f 278139293 278139149 278335901
f 278335903 278335901 295506335
f 278335890 286003614 294654218
f 295375249 295375117 286003609
f 295440793 295440653 295571865
f 264769945 266015135 264769951
f 266015135 220402078 266015134
f 220402078 295505861 294719429
f 294654364 283644315 295309724
f 283644316 283775211 295375255
f 295375257 295047575 295178648
f 295178185 294982040 295112649
f 294981577 278532251 264769500
f 268964073 268964075 283774987
f 283775383 269094923 295047571
f 295047576 294785427 295113110
f 294785430 295244186 294980854
f 294980856 294980854 278531320
f 283643913 269094987 297340937
f 283316666 294785035 283316235
f 295244004 295244179 297406692
f 295243989 295244219 276762837
f 295242998 262410368 276761846
f 217387242 217386917 217518314
f 297341156 285085951 283316667
f 285086139 284299507 297406908
f 297406695 283513276 297406677
f 282333400 282333415 282595544
f 276762841 276762837 296620249
f 262410671 297472128 283382003
f 285020403 285020389 283578611
f 296751336 296751358 285020397
f 296751341 262344612 283906264
f 262344920 273092825 262344921
f 273092825 283840943 273093039
f 283840943 262410375 277221807
f 283578801 296554934 297079217
f 296554929 262213540 296554404
f 262213540 257036360 262213704
f 257036360 257036524 283840707
f 283841012 283840707 277221876
f 262410740 262410375 283709940
f 297079216 297079016 296554928
f 296554935 296554928 256512439
f 262213451 262214062 257101643
f 257036116 257036194 277090132
f 257036358 257036421 273027142
f 257036483 256905287 297144139
f 256905035 297210296 256511828
f 297209684 283971657 273157972
f 283971412 283971717 277090388
f 277090374 301207636 273879110
f 301207622 272896069 272961607
f 272896071 301732349 273027267
f 283971668 280825864 268898388
f 280825940 300028405 280826357
f 300028405 273813587 301207621
f 273813573 280891583 272896509
f 280891901 278007956 278073853
f 278008317 281154063 302911997
f 281153612 281154063 301142092
f 300093923 300093523 273812204
f 280890092 280891475 196938476
f 278072254 278073535 198970302
f 278006749 300093588 285938147
f 300092212 187896076 300092209
f 255134513 183177700 255136228
f 261951286 261950188 183176126
f 261950398 200215536 196938717
f 200281072 200281053 198970340
f 198971539 187698148 201788212
f 225643528 187697969 226823540
f 230821254 187697969 187829699
f 187698998 187829043 255134556
f 255135646 190516060 261950447
f 200150942 225774576 201788788
f 225643910 254152054 225774982
f 254152070 228134311 228986246
f 228134278 225906040 226823619
f 230820659 225906040 187830036
f 252906291 190517149 261884723
f 187764637 200149852 187763548
f 198249266 200149999 200215506
f 198249456 207817713 228134264
f 207818104 253562654 225906452
f 252907421 253562654 261885717
f 252972957 187763718 201658269
f 266144774 198249266 266144562
f 261558238 200018898 261557202
f 200018898 207686641 207818526
f 207687454 200084462 253562645
f 252972038 261426158 200084486
f 261426182 266145687 261491718
f 261361559 261558238 261361630
f 261557661 261558165 228199837
f 200019355 207687576 200085398
f 207687574 252579599 261426162
f 261491698 261492630 266210290
f 261492629 228265951 266211221
f 228265877 200347037 208080655
f 200347036 200346728 266210716
f 228199405 207555683 207752173
f 207555565 198511574 200018929
f 198511601 199232481 200281060
f 199430064 269028321 263130084
f 269028324 207491219 207555542
f 207490006 198380500 198511585
f 198380513 263131072 264178657
f 263131293 263131072 269029533
f 269029478 269029533 278270054
f 278007959 278007818 302911639
f 198380649 198380639 263588969
f 198380511 198381495 264178655
f 264179817 264178655 278663273
f 275058793 275058845 278728809
f 275386526 275386470 275058839
f 275386519 275320938 278270479
f 275321359 208015436 208146359
f 208015287 277876662 263524279
f 277876663 282135519 277875679
f 282135519 282136681 275255454
f 282136734 274272346 278728860
f 278728811 208015516 263524268
f 263524561 263524268 277876945
f 282136785 282136721 274927825
f 274272356 274272466 301404260
f 278401528 278597722 278401114
f 266080409 266080412 278597739
f 208015276 252513388 208342956
f 252514220 199953388 262869135
f 262869201 277745807 282071140
f 277745764 302846478 274928120
f 302846456 277614733 301404251
f 301404313 274337883 278400971
f 278400989 207622091 252513260
f 207621100 288820183 198577132
f 288820204 277745763 274861036
f 302846051 302846095 277680227
f 277614734 277615118 277811342
f 300683408 274337933 300683405
f 198446177 198446039 198578488
f 198447416 301076979 288821349
f 288821390 288821349 274862222
f 207621077 224464226 198447032
f 301076408 301075413 256380856
f 301076976 301076297 277418480
f 301076581 277418122 274993291
f 274993296 274993291 277680272
f 224464824 214174917 263655382
f 263655328 263655382 256380832
f 256380833 256380832 300879777
f 300879783 300879777 262606759
f 277417896 277418480 274796456
f 277418123 265621602 208211141
f 264113258 260181974 264114134
f 260181974 260378528 260181920
f 260378528 276369313 260378529
f 276369313 275713959 276369319
f 275713959 273682513 262541224
f 208211903 252382988 264114093
f 264114668 264114093 260182508
f 260379116 260378499 263393772
f 260378744 260378548 276369528
f 276369529 276369528 275714169
f 252383149 262933611 252447851
f 199888653 300617645 199888813
f 199889388 260312965 300617652
f 260313012 276435232 287248308
f 276434868 261689464 276435064
f 261689464 199889017 213716749
f 199691454 199887851 260312040
f 199692165 260247428 260313376
f 260247840 276107520 285151520
f 276107552 276172923 276107387
f 276172923 199692186 220531902
f 198642982 285543400 198642664
f 285543400 285544324 260247808
f 285610246 285217024 285610240
f 285217024 275845238 285216886
f 275845238 198643831 224595238
f 198708580 285281240 198708184
f 285281240 285610246 285282566
f 285610447 298717442 285610442
f 285217226 285217031 299241930
f 275845591 224596225 198709205
f 198709711 198709205 285282767
f 224595925 225119596 265554921
f 265556430 265554921 298717646
f 298717642 298979790 298652106
f 299241939 298521034 298979799
f 299241938 298914252 299241931
f 299241586 199758283 214240620
f 263326918 263326697 199758286
f 263328206 263328211 298979788
f 263328204 199822299 198840780
f 199823820 200741330 199823826
f 200741330 298586573 298914251
f 214241203 252710673 263326683
f 252709851 232459740 198839274
f 232459242 208669887 213781482
f 208669674 208669688 200739802
f 298585050 298585080 285346778
f 298455299 298455501 275910915
f 275845235 198775243 208866417
f 198774181 198773876 200609189
f 285346806 285346778 275975158
f 275910772 275910915 276041844
f 267849845 275845235 267849843
f 275844921 275845112 276172601
f 200609493 200609189 248385237
f 275975887 275975158 218894031
f 276040973 276041844 218434829
f 218435701 223743319 276041530
f 276041720 261230394 255397880
f 261230584 208801593 248778447
f 208801487 208538735 248384781
f 208538893 208407661 214109295
f 214109547 214109295 228527467
f 228527524 228527467 248319396
f 208800879 235605516 208538987
f 235605355 213978306 225054116
f 213978532 214043843 228789964
f 248319692 248319396 222367436
f 223219404 223219010 222367044
f 223219012 222498125 223481165
f 214044364 248254157 248188630
f 248188239 248909526 248843599
f 248909135 215617543 268832079
f 223087835 248843599 228724429
f 248909219 248909526 228658595
f 198315426 263786199 198315735
f 263786199 263786503 268832699
f 268831963 216993723 263851227
f 216992987 223087857 217058523
f 228658131 228396446 198314961
f 198314979 198314961 263785443
f 268241891 263851962 268242874
f 268374014 268373947 263851246
f 216993006 216993723 217058542
f 223087854 198184177 228461982
f 198184046 198184351 198904942
f 199363548 199363537 199625692
f 199494631 268241891 199494627
f 265489381 268374014 265490430
f 198905249 198904942 200871329
f 198904776 198904826 199625672
f 224136136 199625703 199560541
f 199625701 201001958 199560165
f 201001957 265489403 200936421
f 200871334 200871329 200674726
f 200870852 200870903 197594052
f 197594049 197594052 197004225
f 197594461 228920255 200674292
f 200674297 200674292 197331961
f 295963641 295963588 197331905
f 197135674 197136805 221777210
f 221776833 221908283 197135295
f 228920308 229510956 254479348
f 229510132 202640405 200477689
f 202640377 294521859 201460729
f 294521849 295965091 295832569
f 202640771 202640815 201592195
f 201460741 201460757 202574853
f 259132436 201460739 294457203
f 294523278 294521859 295899534
f 295899554 295768462 295899552
f 230952323 230951941 201591828
f 230951956 197922249 231214100
f 197921812 259133857 295701524
f 226627013 294260096 295963962
f 221843845 221843851 221778309
f 293866809 293866811 221908321
f 224267617 224267579 221907903
f 294130059 294130053 293866817
f 224398657 224399749 224005441
f 224071003 224267617 224071009
f 223677788 223677791 224267199
f 223677375 294128989 293933451
f 293802374 293802377 294130061
f 294128961 226169229 294391105
f 226168129 224857448 222301531
f 224857435 224202078 224005468
f 224202076 223677792 224333148
f 293933444 295768480 295637380
f 201724322 222695812 201724292
f 222695812 254611246 293802381
f 294391165 294391598 226168189
f 264441213 264441212 226168168
f 264441192 224857087 224201727
f 224332799 201723230 203952546
f 201722869 201722921 262736885
f 201723313 201723818 222694833
f 300748209 300748103 222695214
f 300748590 226233725 264442350
f 264441983 264442350 197660799
f 264440833 264440777 201198593
f 263195637 263196586 262737859
f 262737709 262737859 253366061
f 229642011 229642154 256708379
f 229642734 255856462 256709102
f 255857134 263196799 197987317
f 263195597 273353678 301142250
f 273354986 273616976 283708664
f 273616120 278532042 264834296
f 278532060 302387146 264835036
f 302387164 218828068 273354832
f 218828880 273616139 302320907
f 302321744 302387146 302321610
f 302256646 218108423 302256647
f 218108423 220400932 279383297
f 279383332 275320773 273353996
f 275320076 219614489 219680012
f 218828031 218828056 218762495
f 218763782 217976063 302321823
f 302322181 278794399 302256447
f 302256478 302256447 218108254
f 219680875 219680874 278466667
f 278465817 278465816 219614463
f 278465791 266080415 278466719
f 266080415 289280160 278859935
f 278925472 289411391 278925631
f 289411391 275386718 278466525
f 230231921 281349560 259001786
f 281349562 281350347 281677766
f 281350086 264638407 264572349
f 219156423 219745725 219155901
f 222236529 281350342 222170432
f 264506687 279384262 264507590
f 279384262 279384007 264637750
f 221581255 219155758 221056967
f 259001664 222039357 222235960
f 222170424 221711680 222170430
f 222171077 222104894 264507794
f 222106002 294718781 259001661
f 222039352 227085630 226561490
f 227085778 225512818 231805253
f 225513797 289673516 288100652
f 288035117 293671270 291836205
f 270209382 227086722 225513357
f 288034701 288034162 225382285
f 288035174 290917744 225382758
f 266539352 270209382 266539366
f 267522020 267522076 270143460
f 270274587 260837363 253234570
f 260837146 260837145 184160026
f 184160141 225381323 197791629
f 197791088 197792088 290918417
f 266539025 270143832 269488100
f 231608090 231607035 184159179
f 231607243 269487556 230886347
f 293014980 270143505 293015569
f 291901816 270143515 269422951
f 269553680 270274587 269553691
f 253300175 229379501 231608111
f 230887215 230886863 261164847
f 230887800 261164946 293015911
f 261165415 184224508 291901885
f 269423037 297537895 269422947
f 267587939 269553680 267587600
f 229379887 229445035 229248815
f 229445423 197069760 254676882
f 197070738 184093436 197069564
f 184093436 297536253 184290044
f 297667325 297669053 297537891
f 184094126 184093632 227151278
f 184094092 184094091 231083404
f 184290759 184290042 231476679
f 184291775 225250765 231477695
f 225251775 291705188 297668963
f 231083792 231083404 225185552
f 231083374 231083373 231476590
f 225185193 225185552 213650857
f 225250493 225250669 232524989
f 225250673 225250781 291704177
f 291705317 300158321 291705187
f 291181029 291180899 291639648
f 291639284 229052768 229117117
f 229051581 225316207 213650909
f 225316317 287903091 225578461
f 287903197 287903089 225448421
f 287183146 287183333 300159333
f 300159324 229183845 229051759
f 229182831 252841746 252775791
f 252841327 252841331 225579306
f 252842282 294850964 287904031
f 287183161 288887188 287183137
f 255070497 291770655 255070495
f 231542186 231542546 252776211
f 231542547 288886224 231673619
f 288886547 231543188 207949226
f 232590438 232590798 231542224
f 231674155 288886238 287968720
f 287314219 232591673 207883366
f 287313717 286068528 254742325
f 286068533 291770639 286134069
f 297603343 291246437 297603429
f 291246437 291246428 291180890
f 291180896 266604890 286069007
f 266604815 297602972 261820687
f 297603087 297602972 291115023
f 291246427 291246526 269619547
f 291246066 291246099 292556786
f 291246426 269750641 266604444
f 269750172 256970767 269750287
f 256970767 257232726 269357403
f 257233243 284102896 291115027
f 284102675 267128813 269619186
f 267128818 265752536 267456949
f 267456885 267456949 292557173
f 262278994 284036950 262278998
f 284036950 262279408 257167186
f 302583637 297275299 302583715
f 297275299 302584047 256839509
f 273420112 262476298 273420810
f 262476298 273420729 256773968
f 265753013 292229484 297013611
f 297013622 297013611 292819318
f 292819314 292819318 292295026
f 292557165 292163957 292753772
f 293278068 293278059 292163958
f 293278070 292688251 293212534
f 292688246 302190962 292688242
f 302190962 292950391 292622701
f 292950381 293474687 292294966
f 292295025 288690486 292557146
f 288690522 288624949 291049824
f 288624992 292950004 293343748
f 293474685 293474679 293081469
f 281416057 288690559 281416063
f 288624839 288624950 264704199
f 267587528 267587893 269553608
f 269553972 269553608 270274868
f 293081287 281546953 281415624
f 281546696 223744308 223481155
f 223743983 255397203 267259223
f 261230575 261230394 263983087
f 261230526 261230525 268636094
f 255332356 223088531 223481839
f 223088623 267390961 267259837
f 267390909 267325424 263983038
f 267325374 268308479 264048644
f 268308484 265162703 268635959
f 268635961 255201079 255332471
f 216862029 216862705 267390976
f 267325440 267325425 266932224
f 268308458 268308464 268505066
f 268308433 268308482 265162705
f 216928209 216928207 265162552
f 265162551 265490232 268373994
f 265490410 265424851 266932226
f 265424898 268439506 265359362
f 268439554 212537297 268439505
f 212537297 216665323 265293083
f 265293039 219811099 216927410
f 199299028 197726163 199299027
f 197726163 262803410 197726162
f 262803410 207294465 262803457
f 220269660 220270593 268438700
f 265489378 200936443 199298050
f 199297991 199298050 197725127
f 197725152 197725127 262802400
f 199035872 199036843 262802524
f 199035996 220269650 206638172
f 200936450 201001980 201395552
f 201198944 201329666 201198594
f 201329666 201329607 197528544
f 201329632 197397445 199166973
f 199166942 224332797 223939580
f 223677786 223677792 224136538
f 223874394 199560541 223874397
f 223874022 223939580 223874044
f 197397449 197397505 197462985
f 262671302 201067461 262671301
f 207097769 201067517 207227993
f 199035995 199035901 206572635
f 199035986 197659729 197464559
f 197464562 197464559 232788466
f 197463977 301534689 232787881
f 301535145 207096919 206966697
f 197661167 276697215 300814157
f 300814833 300814157 301011441
f 301011452 301011441 301535740
f 232788474 256643570 255856767
f 276565825 255987533 276565837
f 255987533 256053745 255988209
f 256053745 275583484 256053756
f 275583484 275452012 301666810
f 255856765 255921986 276566302
f 276565941 276566302 255987637
f 255987525 255987637 256053061
f 256053064 256053061 275582792
f 256577345 273485634 256577346
f 273485634 287117380 272830274
f 264966212 278991134 264966430
f 278991134 289476533 278990773
f 289476533 256577349 256708417
f 256577307 256577358 254545691
f 229773101 229773132 256577614
f 229773390 253497116 253431886
f 273485244 273485597 286657980
f 273486148 273486103 272830788
f 264376109 264375731 229773084
f 272830412 289608004 264966464
f 264966465 264966464 278991169
f 278991009 278991169 289476769
f 289608000 279711917 289344818
f 289344811 220859698 289345857
f 220860737 221188446 220860766
f 221449520 221450590 291310849
f 279712023 279712068 281809175
f 279710992 220991693 219091117
f 220991661 221318446 221057197
f 281809098 281809175 281940170
f 281808123 281809103 219090171
f 217713936 221383983 221121808
f 221383952 220990765 219155763
f 221056273 230362413 286658762
f 221383953 221121839 219155738
f 221121818 221121841 221253051
f 221121979 217713915 230297807
f 221187378 221187371 221449522
f 221449525 221449522 221973813
f 221449473 218107196 279383356
f 221974696 279383351 221580599
f 221515054 221515058 221580590
f 221646134 221973813 221646133
f 206572630 206572635 265030742
f 206507981 206572625 206638160
f 207162448 220269650 207162450
f 220204122 220269858 212536609
f 265031759 265030742 256446543
f 268111690 206507981 268111821
f 268110928 206507185 207162545
f 212864090 212864289 220205015
f 212537303 212536609 212733911
f 216665263 207031468 206901327
f 276499544 275517519 276500559
f 275517519 262016927 273551178
f 262016842 273682513 256446459
f 256446460 276500475 213453912
f 213454972 301601275 276500617
f 276500295 276500617 275517255
f 275517579 275517255 274796683
f 262017122 262017133 262606946
f 273682344 206966687 213455355
f 206967291 301535738 301600876
f 301600905 275452012 277352588
f 277352262 277352588 256249670
f 256250000 256249670 277483664
f 275452044 275583086 277549547
f 277549549 277549547 256184813
f 277811693 300552006 256315502
f 218173256 300552683 217451778
f 300682487 300683755 274337015
f 274337739 218172663 218238792
f 219221251 219221250 218172663
f 219221239 220925899 219221963
f 220925899 291967336 264900573
f 291966941 278925472 291967136
f 256314627 291967481 301468931
f 291966211 219221292 220925187
f 301469509 301469512 289476421
f 291967298 291967481 278925634
f 273682427 275714160 268046449
f 268046318 268046449 268111854
f 268111833 268111854 265687001
f 268111025 275779543 276303984
f 267980921 265883761 267980913
f 265883761 212930542 265883630
f 212930542 267193593 265817337
f 265817167 212733177 206442457
f 212733913 267980759 261689465
f 261754778 267915258 261754874
f 267915258 261754842 276172698
f 255201399 255201179 261754873
f 255201273 216665912 206441647
f 219810895 206441707 219811065
f 219810994 257363193 294195596
f 257364364 257560411 294326105
f 257757016 257429339 257757019
f 257429896 293998430 294063961
f 257429364 257429895 258477940
f 258477913 258477914 257494879
f 257363806 257691485 257756202
f 294063146 201133918 204018056
f 201134472 259068295 201134471
f 259068295 258477940 259067764
f 258543474 257822569 258543465
f 257690666 201264988 257625130
f 201264170 293735422 201264126
f 293735422 258543474 293736306
f 194710320 194710430 190581552
f 194710538 194710365 202050570
f 202050576 202050570 202443792
f 202443714 202443792 202509250
f 201853744 201919325 201853789
f 201919492 201919497 202312708
f 202312721 202312708 197200913
f 201985041 202181570 201984962
f 202181570 201853971 202115888
f 201853956 201526285 202378253
f 202116113 201985039 202247185
f 204082191 197266443 204082187
f 197266443 202247182 183110669
f 202247211 183241451 183110699
f 204081967 204081901 197266223
f 183110557 183110669 183241629
f 183241518 183241629 187566894
f 282988716 282988768 279449772
f 282988731 282988713 297996475
f 297930939 297931204 280301755
f 297930974 297930934 297734366
f 279450113 279449772 279581185
f 279449785 279449771 280629433
f 280629525 280629433 280301845
f 280301754 280301845 282923194
f 282923281 282923194 282726673
f 297734363 297734366 297799899
f 279580865 279581185 282857665
f 280498397 280498347 280760541
f 280498364 280498365 286527676
f 286528003 286527676 280564227
f 280563988 280564227 286265620
f 282857656 282857665 282792120
f 280760540 280760541 299962588
f 280760595 280760802 280695059
f 302125331 302125244 286200083
f 286462224 283447811 280432860
f 283447516 300487146 282792418
f 299962857 299962858 286396905
f 286396904 286396905 286200296
f 286331368 286462224 286331152
f 286462132 286462226 280236212
f 286265525 282398996 283447786
f 300486898 300486870 300421362
f 300355826 284234217 300355795
f 300355858 282202323 286331060
f 282202292 282464471 280170675
f 280236211 280236212 274010291
f 302714966 286265525 302715061
f 282726924 282202385 282464498
f 282661106 280105175 282661079
f 274141402 280039603 274141363
f 280039603 280039510 274010626
f 274010636 302060034 302715403
f 302715099 302649867 282726849
f 302649793 284233922 282661351
f 282660952 274141671 279515623
f 274141349 274141354 280039589
f 280039601 280039589 274206897
f 280039938 300290137 282267890
f 283119828 283120103 300290218
f 283119786 279253175 280367274
f 279253162 279056549 279253157
f 279056549 279318705 279056561
f 279318705 274075735 279973977
f 274075737 279122084 274207234
f 279122434 302649518 279777794
f 281088174 281088523 283250862
f 274075874 274075815 297865442
f 279122370 279122007 300224962
f 279777766 279777444 283251174
f 272109661 272109623 271454301
f 272109616 272109615 271585328
f 271585318 271585328 270798886
f 270798884 270798886 271257636
f 271454300 271454301 271388764
f 271454253 271454254 271519789
f 271520272 271519789 270864912
f 270864423 270864912 270733351
f 271650855 271126564 271650852
f 271126564 275648556 274403374
f 275648558 271061088 274665518
f 271061038 270995501 271061037
f 270995501 271192592 270995984
f 271192592 271192103 270929972
f 270929970 275648564 274665664
f 274665648 274665664 271061168
f 271061077 271061168 270995541
f 270995538 270995541 271192146
f 271913042 271781931 271913003
f 272044086 272044084 271781938
f 275648704 301928951 301338816
f 279908864 301928640 279908437
f 273944751 273945088 273748143
f 273748022 279842991 271913057
f 271913016 279842913 301273600
f 279842913 271651318 271716408
f 271650869 271650867 271126581
f 54330950 105318314 54331306
f 105318314 105449034 128518059
f 128518066 128518059 105187250
f 105449387 129173428 128583599
f 128583282 128583599 129042034
f 129173423 129107891 128845740
f 128845749 128845740 108070837
f 129107884 4259906 128649134
f 128649124 128649134 129238948
f 4261806 128714669 128780198
f 128779892 128780198 128124532
f 128714662 108136051 128255907
f 128255909 128255907 108201893
f 108136355 128321447 128059000
f 128058986 128059000 128190058
f 128321144 127928224 127862392
f 127927928 108725878 108332664
f 108725880 53741162 47253092
f 53741156 107021922 107153698
f 107022626 152766748 153159963
f 152766747 47253793 53740336
f 53740064 53740336 53608992
f 107021107 107021109 107414323
f 152766056 152766050 152962664
f 153094431 153094428 153028895
f 152897823 53414176 47383250
f 53215956 53216048 53412384
f 9700141 9699872 35586867
f 9700147 56623969 53610088
f 56624744 127993449 107480680
f 127993448 152897823 127994143
f 152897843 152897442 154208563
f 47383341 14876900 53216092
f 53215381 56820572 56295573
f 56819861 9634690 58785941
f 9633941 56755041 9634657
f 56755041 56755817 107480994
f 56756130 56297779 56426724
f 56296327 56296286 56820615
f 56820569 56820615 9569113
f 56820610 11075731 9569154
f 11076482 56688788 11075732
f 56688788 56689507 56756531
f 56690995 153815340 154274098
f 153815346 11012399 56098963
f 11010195 107741354 11010218
f 107741354 153944930 107742050
f 153944930 153880876 153946412
f 153880876 2558255 2623813
f 2558277 157419875 155453770
f 157419850 158206305 157419873
f 158206305 158206315 157944169
f 2687017 4915240 2687016
f 4915240 24510839 2558307
f 24512867 24447343 24512879
f 24447343 157813094 157616495
f 157813087 157813094 157223263
f 2621482 2752555 2687352
f 24576042 24576076 4915584
f 24510848 24510540 24445312
f 24444973 24445312 5111853
f 157614159 157614454 157155407
f 158072911 158140767 158075231
f 158140767 24578400 4718635
f 2949193 25100664 2949496
f 25100359 25100334 2883655
f 4587565 4653124 4390957
f 4653101 158072911 4653135
f 155713608 155191661 155715949
f 155191661 2951534 4980809
f 2949187 2949197 4587587
f 4587580 4587587 4390972
f 4390981 4390972 4653125
f 4655433 58196037 37028963
f 58197091 39453275 73532546
f 73532545 73532546 75302017
f 37028990 37028963 37225598
f 37225605 37225598 76285061
f 39453703 39453561 67372039
f 37618693 75563611 37618267
f 76677695 75039874 76678274
f 75039874 75039873 75498629
f 75302021 36963457 67503109
f 36963333 51512083 67372038
f 67371583 36832262 67437119
f 36831807 76677712 38732351
f 76678281 76677712 74843273
f 75039863 67437715 43647763
f 67437108 67437211 36831796
f 50201140 76022323 50201139
f 76022323 50201168 67633716
f 67699721 76088063 67699455
f 76088063 76088457 76022903
f 76088439 76547217 74843282
f 74843258 67699858 67240969
f 67699453 67699715 50135805
f 76088062 76088330 38667006
f 76546639 76547210 75891279
f 76481671 76612753 76481681
f 76481682 75957384 76612730
f 75957370 75760743 73794682
f 76285031 76285061 75433063
f 73663591 76481664 76416135
f 75957391 75957392 73663631
f 73794661 33883272 31785579
f 33882731 43319958 40502239
f 40502201 40502239 31851449
f 31785447 31785579 31523303
f 31523759 31523303 62260143
f 43319813 43319814 43188741
f 62980756 64881302 62980758
f 62325698 61998047 62325727
f 61998047 61998009 62391215
f 62390759 62981039 43385492
f 62980761 62980759 33489561
f 62981048 33489408 62325682
f 62325220 62325682 61997540
f 61997508 61997540 31588804
f 61997999 31588835 61735863
f 62915225 61932032 62915072
f 61932559 61932481 62587919
f 31654844 31654834 65209276
f 65208804 62652868 65208772
f 62652868 65078242 29557219
f 43516865 62849983 62784449
f 62849985 67830799 62850063
f 67830799 66716667 68027324
f 66716604 29884873 62587876
f 29885412 31589309 29950946
f 31589303 112656842 112789243
f 112789246 112789243 112854782
f 118097595 118163130 118097594
f 118163130 117311160 117049086
f 117311230 159779207 117246379
f 117245627 162138539 112854737
f 112854795 161810129 117049087
f 117311911 117311910 161941927
f 159779240 159778559 112724392
f 162137785 162138503 162072249
f 162137809 113183146 162334364
f 110823398 110823104 160499686
f 110823862 110823826 132516278
f 132515484 132516270 162334696
f 132646888 131860910 132581353
f 131860457 131860912 162465433
f 162858972 162990482 131795382
f 162990518 132581341 131860918
f 132581814 110626791 162990045
f 130025155 130025157 162793155
f 130025156 130025909 163907268
f 152111558 152111041 130025400
f 131270341 129894083 131270339
f 129894083 113445305 163055299
f 113444547 131271093 131335877
f 129894357 129894356 163252181
f 129894355 129894844 113313747
f 129894839 129894082 163056055
f 163055300 162924983 113445318
f 162924998 113314235 162924987
f 113314235 129435603 133826834
f 129501458 129566715 129501179
f 129566715 129501112 129370386
f 129501117 129763255 129501114
f 129763258 163317692 129763260
f 163317692 163383227 163317691
f 163383227 152111558 129370557
f 163317687 163317693 163383570
f 163907858 140315070 180619978
f 180751050 184945349 180751045
f 184945349 184355582 180619358
f 184354910 182388831 184354911
f 182388831 180750536 191105738
f 182192997 182717127 182192839
f 182717127 180488967 182717191
f 180488967 182455009 184945406
f 182455038 184879840 180947813
f 184879973 181406469 184814437
f 181406565 182192721 173017957
f 182192858 182192721 181865178
f 182192853 182192856 182717141
f 182717120 182717141 180488896
f 173017682 173017809 181996114
f 182585938 182586074 181996248
f 182586072 181865311 181668703
f 181668566 181668703 180292310
f 181734080 181799639 180292291
f 181799619 180423362 180488929
f 173083363 182651620 182585363
f 190711827 190712547 110692371
f 181733018 181734239 169215642
f 181733910 181733911 182520342
f 182520534 182520535 181799636
f 180423380 135400151 110758628
f 114427547 114427923 135399066
f 114427546 149490131 164759194
f 149489306 149490199 169216534
f 110757587 114362066 114428371
f 114362835 169347538 164694483
f 169347539 169150698 169347306
f 169151000 169151001 141953560
f 169151172 169150583 182520516
f 181603012 142019298 164694553
f 142019097 140446232 142019096
f 140446232 186976375 140445815
f 186976375 187042500 186976964
f 187042500 181603205 193202884
f 172690309 180423380 172690132
f 147786194 147785848 142018656
f 147785824 186452065 140511328
f 186452064 192285478 186452774
f 192285478 192220022 186977063
f 164694224 147327074 140576976
f 147327184 147327073 140512030
f 147327774 186452685 186518221
f 186518302 181275511 186518391
f 181275511 193661836 192285558
f 193661814 193399688 192219943
f 193399591 188091191 187042693
f 186518101 202967757 173280031
f 202967839 181930703 202967759
f 181930703 172755533 181275532
f 172755852 172952144 193661832
f 172952456 174656106 193399607
f 174656311 187107945 174590775
f 187108151 193202985 187173687
f 193202764 180816681 181930573
f 180816461 172886607 172755536
f 172886608 187960117 172952170
f 187959914 174787180 174656105
f 174787177 188025451 174721641
f 188025449 171510568 188025640
f 171510568 172821070 187108137
f 172821289 181340748 172821068
f 181340748 169085634 187959916
f 174721557 174721644 147393045
f 188025034 188025451 140249290
f 188024924 188024925 171509852
f 171509833 171509852 171640905
f 172821052 172821050 181340732
f 181340896 181340732 182455008
f 180423393 147262160 138938940
f 147262012 217909984 217320724
f 219352355 219352318 219286819
f 213257491 219548948 213257492
f 219548948 219548917 217320633
f 217320726 213388473 219483392
f 213388544 213257400 207359251
f 207424605 213257399 219548766
f 219548970 213388382 220794135
f 213323050 213322937 219417898
f 219417694 219417898 206834782
f 207359070 212667477 219942176
f 220138781 212602098 217124125
f 212602141 216730908 219876637
f 216730909 217124014 215682336
f 212602076 212602098 215551196
f 212602073 212602074 215354585
f 219876567 215682221 216796448
f 215551213 215551196 220073197
f 215551262 215551263 215485726
f 223808894 223808778 215420286
f 223808805 223808728 218500389
f 223808776 223808775 218631432
f 218696969 218697048 218369289
f 220466558 220466392 223284606
f 218959184 220466469 218500366
f 218565902 218565895 223612174
f 218565969 218565973 223415633
f 218565893 218565970 218631429
f 223284556 223284606 226037068
f 226102650 226102608 223546746
f 222563668 222563707 223153492
f 227282254 222825797 226299212
f 222825804 222891391 226364748
f 222891340 223546696 222760268
f 223546700 227282298 222825855
f 227282303 227282250 222891342
f 222760270 222760266 223546702
f 219024725 219024721 218959189
f 223284494 258411791 269684633
f 268701544 266276761 268701593
f 266276761 270340126 261623828
f 270340116 269291534 269684705
f 269291489 269291490 266407741
f 258412549 296358315 268701667
f 268701709 268701667 266276877
f 266276855 266276877 255528951
f 270339900 270340064 255463228
f 269291323 269291550 254873403
f 269291325 254873394 255594521
f 296357859 296292778 266473361
f 266473424 266473361 269225936
f 269225790 269225936 267783998
f 267784182 267783998 269160438
f 255528972 255528951 255791116
f 255463232 261099324 284168618
f 260903153 272764817 260902801
f 272764817 272371664 272764880
f 272371664 270405438 272371518
f 270405438 269815798 270405622
f 267718645 269160470 267653110
f 255791093 260902924 257298673
f 266735447 266997646 266735502
f 266997646 260968515 266997827
f 260968515 261034045 260968509
f 261034045 270471199 261034015
f 270471199 270471190 269815940
f 267653252 266735638 258346839
f 266736045 266735463 272568749
f 266735678 266735680 266997822
f 266997825 266997822 260968513
f 261034049 261033871 266801217
f 261034016 266801128 270471227
f 276631611 277024800 276631584
f 272568748 272568749 270668204
f 272437283 272437312 272502819
f 272633919 272633918 266866751
f 266801129 266801217 272175081
f 272240698 296423400 270667842
f 272502850 272502819 273223746
f 266866762 266866751 267063370
f 272175084 272175081 274599916
f 272240735 272240698 274534495
f 276893790 276631611 276893755
f 273223706 273223746 255004698
f 267063092 267063370 254807860
f 274599729 274599916 272305969
f 274600030 274534460 269946940
f 274534531 274534424 276828291
f 274534530 268767361 270077748
f 268767028 265949147 255004465
f 265948977 265097166 254808124
f 265097276 270602274 272306200
f 276894121 276893825 296096169
f 276893552 276894119 276631408
f 277024624 276959358 276828585
f 276959657 296161134 258806185
f 296161705 258281895 296161703
f 258281895 277024624 258281328
f 277024612 277024614 296030052
f 277024757 277156262 296030197
f 277155829 255791127 269881333
f 258281325 258281896 258150253
f 258150534 258150253 296030342
f 258740745 258740648 277287433
f 277155976 277155693 258609288
f 269881195 269881478 261295979
f 269881151 255725460 269881152
f 255790907 254938943 255725371
f 254938939 258674482 302518408
f 258674824 270536555 258674539
f 270536555 270012308 270536596
f 270012308 261295923 255725363
f 254873625 86052659 86836512
f 262341934 262341922 86053668
f 320999332 85791524 321000228
f 85787935 85791523 86902047
f 86839204 262475686 262344592
f 262345507 261033872 320998753
f 320996639 261033313 223481766
f 261033313 224267603 223481185
f 224267617 100140537 224396794
f 100140538 38340092 100140540
f 211946835 38341983 211946847
f 38341983 211944953 224333139
f 211947406 211946848 260968334
f 38342543 262409379 260964938
f 262406730 262406728 38209019
f 262407675 260969253 262411045
f 260969253 85987214 86181168
f 86246704 86181156 338625829
f 338625841 338625829 275973425
f 329977972 329978928 338497652
f 86967589 86708107 260703525
f 87033132 87033125 86508844
f 87033128 87033129 275973416
f 223413552 260575115 223416203
f 260575115 211815585 260703510
f 260703509 260703510 86705429
f 86705424 86705429 86508816
f 224464210 224464777 260640082
f 211815764 223547273 211815586
f 85658786 85265569 85658785
f 84542748 48629014 84542742
f 48629014 47645973 48629013
f 47645973 211879184 260312404
f 223743877 223743138 211879197
f 211879196 85722397 85656845
f 85656843 84935949 84673803
f 84935947 84608268 84542183
f 260312968 260312404 223678344
f 260312980 260312406 262147988
f 260312407 262934433 262147415
f 262933847 85725084 261819735
f 86773660 84673821 86770973
f 84673835 84673837 84935979
f 262148003 262147988 323162019
f 262935364 262934433 262869828
f 262934442 262934444 261885866
f 261885869 261885852 261820318
f 261817645 261623710 261948717
f 261621037 261752107 261621035
f 261752107 86574378 86639889
f 262082474 261951389 262082461
f 262672288 262541214 262672286
f 262541214 261558169 262541209
f 261558169 262082459 262016938
f 262672287 262672288 262606751
f 262541224 262541225 262803368
f 262541218 262541227 261558178
f 86574353 84739342 84935948
f 84739340 85591323 84608276
f 84607719 85525780 85132007
f 85525223 85394136 85525208
f 85394136 36045351 47645968
f 85591316 48497381 85132645
f 85132570 90441061 85525784
f 90440984 92407171 85394139
f 36045531 36046104 145294043
f 84805802 84869671 84804135
f 86508815 90440976 92340965
f 92407170 92407141 91882882
f 92013947 47842691 92013955
f 47908221 47776475 47907547
f 47776475 145426602 47777962
f 145426602 84804137 36178090
f 91882877 91817338 92013944
f 91489656 47908221 91489661
f 36111733 47973084 36111068
f 47973084 145359578 47973082
f 145359578 91490476 91620728
f 91489654 91489655 91358582
f 91488808 91358579 36110890
f 36111639 36110890 47973655
f 47973096 47973655 145359592
f 22676200 22415531 22677675
f 22415531 160106668 91555187
f 160105843 36243853 160171379
f 47712653 48562730 47710762
f 48562730 85329175 48693990
f 24969958 22676200 24969960
f 22677296 22675838 23004976
f 22413664 160104795 160172420
f 160170713 159648132 159580889
f 159646425 21627211 47710950
f 21627622 23265636 48562555
f 48562558 24772987 24971055
f 120522543 120455550 120522545
f 160106884 101975783 115739012
f 101976452 101976453 159646027
f 101974347 118621971 21627236
f 118620516 105580264 115802468
f 105578852 120455547 105578875
f 120456778 120456780 166135370
f 120457009 115476968 115738133
f 115475989 115410658 101975827
f 115410707 118556434 118621928
f 118556392 118097675 115803897
f 105580281 105580264 105449209
f 118097657 22415117 19267936
f 22413635 22413607 22610243
f 22610263 6228140 22612140
f 6228140 360120873 6226473
f 360120873 19268879 21102937
f 23069017 23068995 21102888
f 22610216 22610243 6226216
f 360120616 360120416 360186152
f 360256889 85071224 360256888
f 85071224 86508815 85067023
f 19267929 23068994 20185433
f 85067026 85071226 86508818
f 86443282 19334441 360191355
f 19338619 19333217 6291809
f 86313163 86312227 87165131
f 87164198 87165232 154077619
f 162859443 87099696 162859312
f 87099828 87099830 86378932
f 154208459 162661683 154207539
f 162660935 162662706 38273607
f 154141257 162859443 154143155
f 162728241 162728374 154274097
f 38275377 154208563 38144203
f 5832827 5837741 21233787
f 21430597 21430362 5898565
f 17629275 17629512 17760347
f 19202320 10027278 7995717
f 10027333 10092699 21233755
f 10092635 10158238 10289243
f 10158171 10158352 17760555
f 17760550 19530027 19202140
f 19529820 6094942 5963841
f 10098520 10092698 391386968
f 10295125 10289307 391452501
f 10164054 10158238 403969878
f 10164260 10164245 9967652
f 10158379 8126617 9961771
f 8126763 404619358 391583573
f 391452703 391452501 404494367
f 403970077 403969878 403707933
f 404953105 404953109 403642385
f 403904528 403904548 404947097
f 403898521 404881533 403898493
f 404881533 14286970 7929981
f 14286973 353173598 404494353
f 353179665 353441042 403707920
f 353441808 353309968 403642401
f 403642388 404822049 404756500
f 404822036 404690979 404822051
f 404690979 404035606 404881530
f 359339278 359339282 353441040
f 359339280 353375606 359994640
f 353310753 353375505 404756514
f 353376290 353244431 404822048
f 353178988 360060279 359334212
f 359333954 359334212 359989314
f 353370178 353375606 9502786
f 353239186 353244433 17825938
f 352846097 404690191 352851215
f 360055108 21173615 17700207
f 18153743 18153796 21168194
f 18153538 4128832 4259986
f 4128914 14221530 9502993
f 14221585 18088213 17826126
f 17831177 21823822 352845972
f 404684948 18158857 6029583
f 18088270 9568403 21823636
f 9568404 9830560 10420372
f 9830548 404684957 10223764
f 404029597 404035616 403767453
f 404029723 404035602 18350363
f 404029562 18284825 18350202
f 18284666 18284763 14286913
f 6094913 8061147 18481433
f 8061209 4194584 8061208
f 275844289 275844292 110038209
f 213976720 213979250 275846189
f 338431317 338431170 260377941
f 212012373 213979014 103745168
f 260769328 260836546 260771010
f 260836546 261492053 260836693
f 261492053 212012945 261098837
f 212012946 212012945 260444050
f 175376016 175375920 103745726
f 261687486 260769328 261686832
f 103878554 103878540 260771725
f 103878541 133040111 260837271
f 175376574 329847722 146606280
f 146606262 146606280 145950902
f 261228724 261687486 261228734
f 261687470 261689235 175442094
f 261686834 275909238 329844936
f 275908808 329913259 147261822
f 146082174 159123656 159189174
f 159123638 159254911 146081971
f 145950899 145950902 147130547
f 147130548 261230486 261425332
f 261228719 261230486 145557679
f 145557680 145557679 169871536
f 175442465 159975598 159254707
f 160041354 160041139 145885365
f 145885383 145885365 147130567
f 147130564 147130567 95422660
f 261424561 261425350 145622449
f 145622357 145622449 145687893
f 118752597 118753456 145689121
f 147195311 147196085 92865967
f 146998666 146999495 144967050
f 144967876 112724165 147065028
f 112724164 109184643 146998705
f 109184433 95552853 146015663
f 95552943 112002484 95552948
f 112002484 111937197 95618692
f 111937156 89589381 109315716
f 89589380 96405127 112002733
f 96405165 100926981 111937157
f 100927109 89654617 109315416
f 89654616 118163212 89589065
f 109446473 109446488 147064137
f 109447333 96536773 96404997
f 96536069 99681778 100926809
f 99681625 88672236 132842841
f 88671577 88672012 118162763
f 118163912 118162763 144902600
f 118162761 144902308 88606023
f 147064135 147064137 112723271
f 88671563 132909037 88738251
f 132909515 261162576 260444053
f 88870802 88870805 163975058
f 107350471 107349325 105777607
f 107349338 107349583 103810394
f 175572314 261097009 261163463
f 261097927 261492631 163972687
f 261490255 132974390 120915535
f 132974159 132973914 89720407
f 89721464 106301015 175573625
f 106302073 103351944 109513337
f 103352953 261490221 120915951
f 120915764 120915951 132974388
f 120129332 106301422 120129518
f 109512490 109512279 120063786
f 109511990 109512489 103351606
f 109577526 109577770 103351853
f 109577773 133039722 120784693
f 120784690 120784693 103614258
f 120784682 103613998 120129321
f 103614249 90113583 103679785
f 90113833 120849718 103876591
f 103941682 109774645 103941941
f 109774645 109905714 109774642
f 109905714 120719155 120653358
f 120718894 165152303 120718895
f 165152303 103941472 175441458
f 169871990 107480627 169870899
f 107480627 118818444 107480716
f 118818444 89917070 118818446
f 89917070 120194859 109905715
f 120194867 165611993 120195545
f 165611993 87229748 165152096
f 118753825 118752873 107480854
f 118753046 165217935 109971222
f 165218070 165086557 165217629
f 165086557 90047839 89917227
f 90048299 159451616 90048992
f 159451616 158861689 165610804
f 109971215 109971221 109840143
f 109971035 109971085 165217883
f 165217930 165217883 165086858
f 165087616 165086858 159385984
f 90048897 90048984 159451521
f 89392917 89392911 118359659
f 118360695 118359659 109841015
f 109840865 109841015 106564065
f 109644257 109643355 106629601
f 109644149 109643356 159320437
f 89392747 109184643 107612794
f 107612795 107612794 175508091
f 175507016 175508091 165676616
f 165676613 165676616 106628677
f 106629491 106628677 158599539
f 109185658 112723641 175703825
f 175769361 175770234 118687505
f 175770082 175769364 105318882
f 105122274 105121352 110103010
f 158467729 158467653 159909521
f 159909447 159909521 159843911
f 112723729 88540487 88475409
f 88540945 115869417 118490900
f 115869460 120260366 118294292
f 120260372 120261090 165742225
f 120260241 107677255 120260167
f 107677255 105186886 105253256
f 105187720 88476020 88541348
f 88540882 88541348 112527058
f 112526664 112527081 115869454
f 112527118 107677207 102106894
f 107677454 164038444 144901842
f 105646536 105645778 114361670
f 112526662 112527058 109380934
f 102106758 102106806 114296454
f 114230993 114230807 102106732
f 114230892 114230854 105187700
f 107415117 107414854 105711181
f 114231668 115345126 114231014
f 115345126 114231013 115345105
f 158860596 158992763 87229790
f 87229792 89982302 90113334
f 89982262 109577818 106497334
f 158991710 159517059 89982554
f 159516250 158927226 106497673
f 158926473 158796152 109577834
f 158795370 360449396 20977020
f 360448310 360448321 397541686
f 397541687 397541686 397476151
f 397476147 397476151 359465267
f 20059502 22020246 20971830
f 22020406 9699477 20250935
f 9699639 17563917 20316467
f 17563955 18219287 20054166
f 159711553 19071313 159711569
f 19071313 9896088 22020245
f 9896085 10354847 9699597
f 10354957 17957139 17563927
f 17957143 9765157 19136791
f 20973958 158665079 158730630
f 158665094 159779207 159711524
f 159777060 17891602 19077045
f 19077047 19077045 9902007
f 9902009 9902007 10360761
f 10360749 10360761 17962925
f 19142573 158662931 159779186
f 17893746 17893767 18024818
f 17897491 17891604 404559891
f 17897397 404559902 397677929
f 397678518 397677929 397809590
f 397940662 397940663 397875126
f 397154232 397154233 397612984
f 397285300 19142573 397285293
f 404559210 404559891 359273834
f 404559209 359142763 359404907
f 397743469 397743465 397350253
f 397875120 397875126 397219760
f 397875131 397875118 397612987
f 397612986 397612987 397416378
f 397612975 9770929 397416367
f 9770927 9765157 398006193
f 23134512 23140171 24903984
f 23140180 19399037 24909652
f 19404628 102170924 19398956
f 102170924 391185942 19857789
f 391184765 19470163 391250301
f 19464573 117375273 19464489
f 117375273 117311000 117376536
f 117311000 115934954 102172182
f 115934742 391186155 391255304
f 391255303 391255304 19469575
f 19469580 19469575 117380364
f 117380372 117380364 117314836
f 116135188 117114623 116131583
f 117114623 117114602 115934955
f 117114603 352782074 352917330
f 352785683 353506570 352785671
f 353047827 353047815 353572115
f 353572109 353572115 352654605
f 353568493 352654598 116131542
f 116131475 116131542 117114515
f 117114619 117114515 116983547
f 353506573 114691267 214045965
f 114693389 114624214 353113350
f 276043027 391646403 276040899
f 391646403 21366487 391644887
f 21366487 116066028 114689750
f 116066006 117245587 116065939
f 117245587 353502971 276043019
f 391648523 391647349 391517451
f 21370711 21370713 24844119
f 21299580 21299527 21366508
f 21300972 21300990 24641916
f 4653127 4653357 4522055
f 4653362 4653126 19726642
f 91095346 91095342 24707378
f 91096619 91095418 110167595
f 4522287 4522055 4718895
f 19988553 19988550 20840521
f 24707391 24707378 23200063
f 103416163 103416186 117178723
f 103286525 103286315 103417490
f 103286418 19793448 4718695
f 20840551 20840521 23658599
f 23200106 23200063 21561706
f 117178698 117178723 21496138
f 117179757 117178697 109708653
f 117179945 6686347 11600175
f 6750386 11665511 6750311
f 11665511 20119914 11665770
f 20119914 21496138 20119882
f 21496121 21496116 90964281
f 20906297 20907373 90965643
f 20907659 118425360 109708841
f 11599976 10944680 6750314
f 6750379 6750314 11665579
f 20119723 20119731 23789739
f 20119918 20119916 20447598
f 6553966 20906297 6553913
f 10944618 6881641 23527785
f 6881451 23789928 23527595
f 23789934 6816104 23527790
f 23920741 6815849 6553915
f 6553811 6553915 20906195
f 6357203 118423872 6357312
f 6815846 20578664 6619241
f 20578474 20578406 20775082
f 20578621 20578622 13762877
f 13762876 13762877 20513084
f 13762658 11075898 23527526
f 20512868 20513084 20381796
f 6357304 6357306 6160696
f 6359643 6357087 118426203
f 118425129 173673051 103286312
f 20381795 20381796 13697123
f 6160594 6160696 19923154
f 173670705 173670495 103481649
f 173671976 18941484 22479183
f 18940239 19005731 21889372
f 19005788 18743583 22741281
f 18743585 18809120 18874719
f 22806818 22806819 19005727
f 22806815 22282581 18743584
f 22282528 21954896 18809174
f 18809183 91160918 22348127
f 18940253 18678110 22872413
f 18678109 111019679 22806869
f 111018325 111085216 22282576
f 111083856 112592567 21954845
f 21954902 22348061 91160861
f 18679455 95159725 111019455
f 111019692 111019455 111085228
f 111085217 111085228 112592545
f 112592255 112592545 92210559
f 112591133 92210560 18613616
f 95159743 92997282 111216063
f 115541388 137233855 115541439
f 137233855 159057580 137234092
f 159057580 91948705 159057569
f 91948705 91161983 91948415
f 92210544 115541375 101909900
f 92079636 90572516 92079844
f 90572516 91752495 90572847
f 91752495 91752828 159057276
f 91751804 91948398 91161966
f 91160860 91030894 18546970
f 101909886 22152550 90506622
f 22152574 22217044 92079463
f 22218087 22085970 90572153
f 22087033 18415898 91751790
f 112985843 112985818 114951923
f 113051355 113051325 112920283
f 113051377 116197052 112920305
f 116197105 116197055 113116888
f 114951924 114951923 113903348
f 112920267 112920283 100796107
f 112920256 112920067 116197056
f 116197077 116197056 112854741
f 116197080 112854715 114755284
f 113903321 113903348 95749849
f 113903108 113903030 100795908
f 113182212 113182211 116327940
f 113182112 113182448 114558368
f 95749836 95749849 95880908
f 95749874 95749560 100861682
f 116328178 116327940 113247986
f 94308033 94308080 113575617
f 94307726 94308038 114427278
f 114558675 116786592 113968568
f 116786616 115214047 95880946
f 115214066 116852140 95094514
f 116852466 116852417 113247942
f 116852422 114165472 115279558
f 114165446 95225230 116786911
f 95225567 116852140 95225260
f 116852448 114165166 95225568
f 95225551 114099918 114165134
f 114099598 113706696 93128403
f 113706707 110560920 114427297
f 114427605 95946145 95225550
f 114099913 114099641 113706697
f 113706742 113706697 110561014
f 110560967 110561014 113837767
f 110560673 95684298 113837473
f 95684001 116262639 94373589
f 116262613 114493115 116262587
f 101254895 116262612 101254901
f 113837553 113837767 95684081
f 95684023 95684081 116655543
f 116262645 108398005 98239944
f 108398024 101778962 96929252
f 98764569 98764306 97847065
f 108398098 107873806 101516818
f 107873810 101713689 107874073
f 101713689 101713366 97846800
f 97845284 97846800 107937828
f 108331044 98698864 101516911
f 112788963 112789103 107873809
f 98698938 96208331 112657854
f 112657885 112657854 118949341
f 118949560 118949333 97781365
f 97781361 97781365 108070513
f 73598398 73598429 98305662
f 99223166 99223005 98305816
f 118949383 118949355 99157511
f 2164202 108267288 2164504
f 108267123 108855330 92537956
f 108856785 108856709 97453521
f 108856811 98043344 97453547
f 98043371 96798215 98043399
f 96798215 97977816 101058026
f 92538248 92537956 132711816
f 97453535 98436561 97453498
f 97453509 97453498 98043333
f 98043314 98043333 96798130
f 96798893 96798130 146933933
f 97978563 96011718 111412703
f 111412666 117966601 96011717
f 96667401 98960837 96667077
f 98960837 145819058 98960818
f 145819058 145819821 145491802
f 123275437 123602783 145492163
f 117966500 122619557 111347465
f 122619657 96667521 125830921
f 170002305 170001860 96667111
f 170001895 145098919 98961586
f 145098930 146868418 145819540
f 145819482 111544212 111347536
f 111544144 126092599 87426896
f 126093136 138086276 126027600
f 138086224 170002305 138086273
f 170002487 137758780 170001894
f 145098214 145099299 145163750
f 146868392 126093479 126027826
f 137693234 137758596 137693060
f 137758596 137431100 169609093
f 137431094 126158773 137693239
f 126158903 98896409 169347127
f 170068505 170067430 98896040
f 170068136 145754289 145164454
f 145164482 145033382 146868121
f 146868116 131270553 126159385
f 131271193 170067859 127011353
f 96864147 145754660 96864804
f 145229255 145033393 145230001
f 170657961 127404198 170657958
f 127010729 128452564 127011395
f 127010247 165481027 172099015
f 165479879 165284315 96863664
f 96864425 95356336 145229670
f 145230381 121112422 131270569
f 121112489 128583480 121046953
f 128583593 172099538 131139497
f 165480402 165481027 131925970
f 165480131 165480414 165283523
f 165283837 165283523 127993853
f 95356834 95357403 127797154
f 95356774 134154143 128583634
f 134154194 134154206 131926122
f 131926123 131926122 113379435
f 113379431 113379435 133957735
f 133957630 133957735 140969982
f 133957535 133957736 127993759
f 134154346 124127202 140969887
f 124127135 124127078 124062253
f 124127789 127535003 170657689
f 127535001 123537306 127469465
f 123537305 123668372 123537300
f 127076193 127076192 123275105
f 123275158 123275105 123602838
f 123602405 123602838 99026405
f 123603139 97977832 99027139
f 97977793 97977832 98174401
f 97977834 99091931 98829800
f 99091944 98108865 99091905
f 98108865 108463736 96470491
f 108463579 100992451 96601563
f 100992475 2164202 100992490
f 2229766 2228258 2164339
f 108463562 108463578 96994762
f 96601545 96601720 98633161
f 96601569 96601570 100992481
f 100991011 98567649 2230039
f 3409687 108134435 3407907
f 97714229 97715827 108527669
f 96994400 96994762 4457568
f 98631749 98633161 27263045
f 98631820 98632097 98566284
f 98567959 133365900 9111319
f 133367575 3409913 133695255
f 3407922 3409913 108527666
f 4456516 4457568 73400388
f 27264097 27263045 5440609
f 27263059 15073364 5374369
f 15073697 133365900 15073420
f 73400402 73400388 5242962
f 73401442 73400401 5440610
f 5439568 5440610 5374032
f 5375075 5374032 15074403
f 133366883 133365991 133629027
f 133367794 133367800 133695474
f 133693507 133695474 3211331
f 108987870 108987872 108922334
f 108988026 108988031 108791418
f 108791394 108791418 108725858
f 108725775 108725858 97584655
f 108660190 107021951 108660351
f 107021951 97191546 108660322
f 97191522 97322511 97191439
f 97322511 109118930 108660172
f 97322626 97322444 97650306
f 138348371 138347910 122750803
f 87492434 87492672 87689042
f 103089467 103089464 103023931
f 103089819 126617125 122816338
f 126617426 129959872 122750267
f 129959227 135333906 87688741
f 135333413 117507842 103024283
f 117507739 117442334 117507870
f 117442334 117638916 119342761
f 129960459 129959821 168495627
f 129959950 129960460 135333902
f 117508110 117508114 117442574
f 119474190 119473921 117442308
f 119473924 102368795 117638826
f 117638825 111478442 111740585
f 111478441 126289589 168430092
f 126290444 126551948 168495118
f 126552078 119474235 138020878
f 110692411 110692128 119473691
f 110691867 102434332 102369034
f 102368938 118032138 111740582
f 126551889 126551944 129828689
f 126552125 126551998 138020925
f 138020506 138151997 110691870
f 110691993 110691870 102434457
f 111281817 118031900 111281692
f 111609507 111478538 111609610
f 129828797 129828689 168560573
f 138152461 138151870 143591949
f 138151454 143591568 102565415
f 102565663 102565415 110626591
f 114034463 111281817 114034329
f 135268285 135268877 168560784
f 135268496 103155002 87623824
f 103156255 103155002 117574175
f 103155725 103155459 119408653
f 129763345 87557433 135267642
f 87557434 8849951 92668377
f 8847833 8914761 8849225
f 8914761 122160962 121833282
f 121833567 121833282 15009887
f 140378342 121374525 15009779
f 8847497 31130076 8914451
f 8914015 8914451 27198559
f 121700768 121700489 9175456
f 140378253 101844802 2359772
f 101842998 101842981 97910838
f 101843418 101844439 73269722
f 104530394 121963615 104531039
f 121963615 121962912 27197581
f 3080246 104728023 3081687
f 104728023 93520346 104727002
f 93520346 104531347 93454810
f 100730259 122226236 100730428
f 122226236 3082054 3276854
f 3276848 104595505 3145776
f 104595504 104793663 104597055
f 104793663 104793492 93521470
f 93521409 93521470 93455873
f 93455874 161023489 100664834
f 161023490 122095422 121439746
f 122095106 104662858 121570880
f 104663155 104662848 141363315
f 100665454 100664894 161024110
f 161024403 161024110 160893331
f 121440664 121440666 93653400
f 121440075 121439638 122095435
f 141363312 141363315 160565360
f 141625456 161089939 141625747
f 161089939 161155480 161089944
f 161155480 161613206 161154454
f 161613206 162203467 161613643
f 162203467 122029895 122292040
f 141494386 141559921 141625460
f 161089652 161089650 161679476
f 161089945 161089956 161155481
f 161155485 161155481 161614237
f 161614245 161614237 162204069
f 141559924 160827799 141756983
f 141756318 141756983 161679262
f 161679256 161679262 160958360
f 160958410 160958360 161220554
f 161220456 161220554 161744744
f 160827959 123799397 124193189
f 123799973 161876391 161745324
f 161876396 161810854 162203463
f 161810247 134219777 122029893
f 122029896 171771717 123799975
f 171772327 161941928 161876390
f 161941926 162138539 161810433
f 162138113 131991546 133761025
f 131991553 121899003 133826561
f 161941404 161942078 161548188
f 162138530 162138536 162269602
f 133761453 133761451 110889389
f 133760995 133760669 131991523
f 161548189 161548188 162072477
f 161548713 161548714 162269609
f 110889385 110889389 110823849
f 132253340 132253341 133564060
f 139528183 139528163 132253663
f 162071884 162072477 161482060
f 162007457 162007466 161417633
f 110823840 110823849 113510816
f 133564101 133564060 113313477
f 94635714 139528183 94636023
f 161350988 161286561 161352097
f 161286561 161286560 161416901
f 161285829 132122308 113444549
f 132122309 132122306 113313188
f 113313189 161351076 133104972
f 131663856 115083679 131664287
f 115083679 115083678 161285828
f 115082948 131860126 110954180
f 131860164 94242785 131860449
f 94242785 94570580 139659233
f 133105626 174852717 131663790
f 131663791 131663790 115083183
f 115082910 128845743 110954525
f 110953972 110954525 131859956
f 131859871 94242292 96142836
f 133891516 133891487 94242900
f 174852014 133171185 128780319
f 128845855 128845742 136054815
f 136120351 99747869 136120349
f 99747869 100009460 99747316
f 100009460 106890684 100009404
f 96143873 167773792 96143356
f 133171231 136251424 136185333
f 136185886 99878389 136316960
f 106891120 106890743 93587312
f 122226501 122226504 121767749
f 121964355 121964362 134285123
f 121962637 121178114 134283405
f 121176205 140378197 5505165
f 121767931 121767749 140249083
f 134285405 134285123 121178205
f 121178203 121178205 140445787
f 5507168 5506874 3344480
f 5506614 5505076 140379702
f 140380254 140379702 121374814
f 140249055 140249083 140117983
f 139528159 139528283 140118112
f 139528288 104007220 140443700
f 104005684 104138612 124977204
f 104138613 104138612 140314485
f 140314477 128124789 124520542
f 128125022 124389227 140314429
f 104007077 104007762 136381861
f 124979234 124978740 140511266
f 125044833 125044596 140576865
f 125044641 124455010 127928181
f 124520300 94570357 94636066
f 94570530 136382469 94046213
f 94046242 128911280 136382561
f 140510773 140511152 140576309
f 139789877 139790434 139593269
f 167315539 139659350 94570501
f 139659269 100075000 134481339
f 134481308 139658683 100075516
f 100075625 100075516 99944553
f 100074939 99943926 96077222
f 99943846 167446527 134088102
f 167445926 167315539 167446611
f 166726140 167774714 133892201
f 167774313 167905795 141035377
f 124913521 124913769 141034998
f 124913142 131008511 124913663
f 131008511 166726140 131009020
f 130942928 130943473 167380944
f 167380851 167380944 104269683
f 124782451 124782136 124848643
f 124847713 124848643 167839329
f 121374692 133302123 132319037
f 169477812 112395955 169478684
f 160238108 127863323 160238107
f 127863323 127862634 124323689
f 127862633 124258927 174918255
f 112396828 95028651 169542965
f 93979957 160238108 93981212
f 143459739 169019790 143460750
f 169019790 169019296 127863407
f 169020015 129566650 174983790
f 129567342 129566649 129500656
f 95028533 99485167 87295874
f 129632130 93979957 129631541
f 134940603 143459739 134940059
f 143459871 143460364 119277087
f 169019165 169019534 117704477
f 129566469 125897236 115148271
f 93849310 143329154 93849474
f 125896635 143329420 129632787
f 129632268 94964243 168953868
f 94963724 94963231 102631174
f 102630894 102631174 119277038
f 117704174 93849373 143329421
f 143329811 143394957 168953258
f 143394218 94897577 94963511
f 94963462 119146295 120981254
f 119146246 119211740 115017478
f 119211782 94897646 93849741
f 124585369 120980905 124585385
f 120980904 120981358 119145896
f 94832025 102696814 119211502
f 102696430 117704456 117900782
f 102500104 129566469 102500101
f 129566192 102499869 99550896
f 102696712 102500103 117835528
f 102500016 102827783 102237722
f 102827546 119539489 102303318
f 119539286 31196708 102958678
f 31196758 131727835 31195611
f 119539285 106169890 119540234
f 119539595 119540234 102958987
f 102957194 102958987 31195274
f 31197147 168362122 172230229
f 142150213 130812426 142150154
f 130812426 131794827 130811787
f 131794827 131727498 131793034
f 172230778 173410903 142150232
f 142149755 142150232 130812027
f 130811563 130812027 131794603
f 111806428 173475803 171903575
f 167250496 167250520 173475963
f 167250043 171969089 142214827
f 171968171 119080626 112264875
f 119080619 119080923 131727499
f 9045979 131729376 30869472
f 171903481 167642447 89000441
f 167643641 135989276 167250497
f 135989825 173279829 171968178
f 173278898 130746138 173279002
f 130746138 107151499 130744459
f 107151499 107153376 132055512
f 107151832 122948102 107153926
f 122948102 142280482 167643164
f 142280732 142084217 135989845
f 142084693 122947532 142084044
f 122947532 122881636 142280825
f 122882169 122881877 122947362
f 122881826 102893089 110298915
f 102893347 106432089 119670564
f 106432292 170395238 107284260
f 170395428 119866981 170395237
f 119866981 102893144 106433116
f 107285084 107284057 110496348
f 170395287 170395238 165545623
f 170396237 170396127 119867981
f 119866975 119867981 119998047
f 106366760 106366758 170460968
f 102894172 126748310 110430812
f 126749276 126683022 173737623
f 126682775 168299017 110496223
f 168298975 137169372 165349855
f 137169375 137169485 172754527
f 137168479 119801637 106825365
f 110364255 119998248 170460821
f 141428623 141428622 126683657
f 141429257 171838015 168298972
f 171837916 123209561 165349422
f 105056089 119932974 105056302
f 119932974 119932709 119801493
f 126748783 135858202 141428844
f 171837548 171837551 89786476
f 171837329 171836763 123209617
f 123209284 123078545 126879300
f 123078212 122423117 105056039
f 122423079 104990275 119932565
f 135858284 142018680 141232245
f 141231452 141232245 89785692
f 89786199 89785692 126879575
f 142018677 125962349 141297781
f 125962357 122357583 122554485
f 122357877 89851228 123078476
f 106694476 106694487 123078477
f 106694477 122488654 122422851
f 122488387 106759774 104990357
f 110364225 125568606 125962063
f 125568847 125765504 122554188
f 125765452 106694694 136644428
f 106694712 106694694 137889848
f 122488889 122488413 104925241
f 122488385 122488386 106759745
f 125765683 125765501 137562163
f 136644660 136644480 137824308
f 137627706 137627574 87951418
f 137627791 137626943 138479759
f 135202959 135202882 166791311
f 166988274 138414096 137954623
f 138413375 88016192 87951503
f 88017039 87754044 143526386
f 87755250 166857207 167119346
f 166857202 167053814 166791669
f 167053813 128322036 167053812
f 88016964 88016961 87820356
f 87754045 87754048 87885117
f 167118142 167118140 166593854
f 167119344 167119343 166857200
f 166856611 166857200 130877347
f 167053262 138217971 138609981
f 138216765 138283071 87819582
f 138282302 138545219 87886319
f 138545647 126814098 126945775
f 126814703 123406832 126814704
f 123406832 123406243 128059227
f 130877275 123144099 138217535
f 123144255 126945347 123144259
f 126814040 123144082 126814044
f 123144028 123340630 123012956
f 88082262 143722331 88082267
f 143722331 130877277 123471707
f 128190301 167053262 128190414
f 123013135 88082264 135137110
f 128321445 128322038 128255909
f 128255895 128255909 127141783
f 160368535 160368533 143656855
f 143656797 143656855 143722333
f 123471781 126355351 126420871
f 126355335 143132811 143263623
f 143132551 129697727 143132607
f 129697727 129370040 129697720
f 129370040 143263882 112068489
f 143263413 143263407 111478453
f 143132326 143132811 111609510
f 143132323 143132328 129697443
f 129697485 129697443 129369805
f 129369777 129369805 143001265
f 143198343 143198135 143067271
f 143067662 143067271 135399950
f 93915662 93915155 135006734
f 119408333 119408305 112200206
f 112199815 168626702 135005983
f 172165250 172165254 142805122
f 141887620 141888068 142739588
f 141953155 141953142 130156675
f 135923651 130222199 142674052
f 130222212 130090946 142805123
f 130091139 170854961 170920067
f 170854531 170723267 170854339
f 170723267 135923649 130025411
f 89327553 142608411 130222018
f 142542977 142477250 142542786
f 142477250 142477873 170920496
f 142477872 130287557 170854958
f 142608512 142411718 130353280
f 142411904 130549703 130418816
f 130549888 142346367 130549887
f 142346367 142346181 130288175
f 130288174 173345327 142411719
f 173344711 130680779 130418633
f 130680777 130484802 172033993
f 130484169 142870653 130484349
f 142870653 170789432 171378813
f 89066040 89066031 170789422
f 173344715 88212819 89262027
f 88213451 149752046 130681410
f 149752386 135595333 88345154
f 135596610 88278984 135595976
f 88278984 135465093 88279173
f 135465093 135792665 142871096
f 149752240 149751107 149686704
f 88344813 88344814 88148205
f 135595330 135595333 89195842
f 88278354 88279062 162530642
f 135465393 135464260 89131441
f 88933713 135792660 88934420
f 88934425 171378712 135727129
f 171378000 135727128 89064782
f 88933712 170723351 135660880
f 170723349 170723351 130025493
f 130024788 88934421 135529812
f 135661589 125502798 125634597
f 125506581 125503358 336991253
f 336991251 336991253 337318931
f 337384476 337384471 337056796
f 336925720 336925725 312415256
f 336925375 336925344 299504319
f 347542207 337187291 337318936
f 337187864 337122329 337056416
f 337121952 312611491 312414911
f 312611519 348263619 314446961
f 314447032 342889585 347538312
f 342885256 265555925 59179464
f 337121984 337122330 314708672
f 312611523 312611865 225383107
f 348261744 348263075 217582960
f 317525241 342889667 317527235
f 265622254 265622641 342888405
f 314708678 314708672 217322182
f 225381621 225383107 225971445
f 217582969 217582960 225447289
f 315034993 317525241 315034873
f 311562952 265622254 311562990
f 217320882 217322182 217189810
f 225971443 225971445 233442547
f 225447403 225447289 337251819
f 229446683 315034993 229444977
f 231017902 311562952 231019208
f 230755762 310447347 230755571
f 310447347 310447595 233444379
f 310449179 233311721 337251777
f 337251758 230690241 229445043
f 229445062 230755763 232263090
f 220073433 314969538 220073410
f 314969538 340464258 314970754
f 340464258 239406569 340463081
f 239406569 230690282 233377257
f 232328682 229772737 232328641
f 232262943 220335395 220073496
f 220074693 220073496 314970821
f 314971213 314970821 340464717
f 340463175 340464717 239406663
f 239408202 239406663 239342666
f 233377349 236392006 341708067
f 300225631 306253336 300224024
f 306253336 349049541 306254533
f 349049541 347739213 349049933
f 347739213 303959623 347737671
f 303959623 300225610 300094559
f 308548068 308548070 300224455
f 264638950 303895070 300225090
f 349049374 349049410 303632926
f 349049413 349049370 347738693
f 347738653 347738693 303960605
f 300094053 264049733 340005477
f 264049253 325391206 308547524
f 308547527 264441796 264638405
f 264639003 264638405 303895067
f 303698462 306516550 303895066
f 303633618 303632966 306451666
f 325390269 325390270 325455805
f 265425767 264442726 265425766
f 340070355 264507332 340070340
f 308614214 304025541 308613061
f 304025541 306516507 304026139
f 325456939 325455805 264115243
f 311496639 265425767 311497575
f 281481874 340070355 281481171
f 308809928 308614214 308810822
f 342757993 304026214 342757990
f 264114126 264115243 264966094
f 263917516 311496639 263917503
f 281350076 281481874 281350802
f 308875462 308809928 308875464
f 350687850 342757993 350687849
f 264965759 264966094 238882431
f 265031230 263917516 265031628
f 283119565 281350076 283119548
f 299634913 308875462 299634886
f 350622173 350687850 350622314
f 238884032 238882431 350426304
f 238882763 238884068 338235339
f 238882765 342430762 338235341
f 342429645 283120092 299569101
f 283120093 348066268 350426183
f 350425035 340137031 264901264
f 264901262 264901264 342823566
f 342822859 342430826 264901674
f 348066887 340135440 184618512
f 184552194 264770631 184554567
f 264770631 311628432 264770192
f 311628432 311628430 311235215
f 342823567 342823566 349704847
f 342430937 184620144 184554568
f 264770632 264768257 219354184
f 311627028 311627721 219548948
f 317721879 311300756 317723284
f 311300040 350753521 264704655
f 350753423 340202713 340265730
f 175838281 175838280 340200724
f 175836436 344659084 219352343
f 344657175 310580424 348589335
f 310578455 310579953 317723376
f 317722568 175837936 235934793
f 344657425 344656508 175967761
f 344659144 348588670 350161534
f 348589683 348591328 310578803
f 310579905 310578803 317657793
f 317657745 317657793 317592209
f 264704751 264704752 299897583
f 350753249 350162888 242355451
f 242355446 242355451 314576118
f 314576154 314576118 311430426
f 311431702 311430426 343151126
f 317592693 317592209 342496373
f 342495983 342561900 317592033
f 217517307 220138742 217517302
f 220138742 236326171 219811062
f 236326134 303369498 236326170
f 303304215 303305238 303370723
f 343151075 343151126 303436259
f 342495767 342496373 342364695
f 342561897 219616363 220138779
f 236326168 299830555 219614743
f 299830807 25235989 299831829
f 25235989 300024040 15143445
f 299958504 299962851 300028439
f 299962903 299766239 303436905
f 299766889 300159461 342365300
f 342365292 15275124 25231592
f 15270120 299958509 15466728
f 299959651 299958509 283051363
f 299765984 299766242 265490656
f 300158932 300159455 264572884
f 343216070 343085541 343216613
f 90308842 90308845 132448490
f 90310629 132384742 90309986
f 283051362 283051363 351208802
f 265491696 265490656 351147248
f 264574191 264572884 279319791
f 342692007 343216070 342691782
f 132383281 132384742 101319217
f 132384107 132384267 90768747
f 90244458 90245093 132777322
f 351209451 351208802 285673451
f 351146248 351147248 351473928
f 279319796 36705519 101319041
f 90833281 90834443 25100673
f 90834201 90833280 132515097
f 132515179 4784517 25429355
f 4785515 4785514 90769387
f 25297281 25297280 15204737
f 15335657 15335811 15401193
f 299569629 342430826 299635166
f 299635943 299700702 350622953
f 350688489 350688487 299898089
f 350688367 342430177 299701465
f 299701481 299898073 342758508
f 349181036 342758511 304026833
f 304026184 304026833 306516552
f 306516551 306516552 349246023
f 343086188 343086289 349181037
f 306648173 306713809 342626888
f 306713160 350949959 306713159
f 350949959 303763996 306582738
f 303764690 303567385 349246021
f 303567429 342626845 343217268
f 342627438 342627446 306713710
f 306711850 306713710 350948650
f 350948669 350948650 225840445
f 303762807 303764716 308743543
f 303567464 303567388 296424040
f 303829420 303829529 339808684
f 303961154 342692381 220795047
f 220796145 220795047 222041329
f 222040463 222041329 316412303
f 225841885 225840445 316478173
f 308744926 308743543 296555230
f 296423854 296424040 296358318
f 339808683 279318956 351278324
f 351277454 351278324 294523278
f 294523276 294523278 283185548
f 316412130 316412303 285741282
f 316412296 316412169 316477832
f 316477829 316477832 296554885
f 296358277 285675950 351474062
f 285675918 294392205 294457740
f 294392204 351540469 294327335
f 294327377 294327335 283186257
f 285742161 285741282 220861521
f 220860681 294064519 293998857
f 294389739 294392072 5048299
f 351535182 351539597 4915278
f 336658508 338040053 336663797
f 336794642 340726823 336794663
f 340726823 220533841 340726865
f 220533841 132779307 5046346
f 5046835 5046346 4915763
f 4915279 4915763 4980815
f 4920338 4980813 336663586
f 336663572 337712162 336794661
f 336793109 336794661 340725269
f 12451914 90898995 12452403
f 90898995 36634703 90898511
f 36634703 4850052 25362511
f 4849743 337707085 4849741
f 4784319 25428357 12452030
f 25428158 25035314 36635012
f 25035140 155779619 35783044
f 155779460 155779147 4854818
f 337707558 337709386 337576486
f 337712165 39195680 25035299
f 39191075 146539000 32965155
f 146539043 47581514 146540874
f 47581514 47579686 35984416
f 47584288 179047088 179246112
f 179049504 47322149 25035351
f 47317591 206832338 179049509
f 206836773 206835221 236195113
f 340725033 340725269 220532009
f 290065705 290065702 220532011
f 290065707 220729735 277548117
f 291311756 290065705 291310889
f 291049822 293998923 291049803
f 293933402 293933447 293998984
f 293933448 293933445 293867915
f 293867947 291312011 294588556
f 292622736 291049822 292622686
f 291115378 283382106 291115354
f 283382106 294261126 283382150
f 291573989 308679051 291574155
f 308679051 339808683 308679083
f 294588786 181340880 292622665
f 292622683 289935689 291115356
f 291115361 291115356 283382113
f 283382114 291508577 291574111
f 291573931 291574111 308678827
f 308679085 308678827 339808685
f 339808799 289935789 180161232
f 288230078 291180873 288231753
f 291180797 291180847 294195453
f 294195548 293802372 291180897
f 291508575 293802372 291376705
f 291377272 291376705 279580792
f 180162863 180226751 288231677
f 180228349 317000384 180293885
f 317001981 243601030 284955018
f 243601802 243340363 340398474
f 243339658 239079812 243339652
f 219418242 338562625 219418177
f 338562625 317132920 317001350
f 317132422 239144514 243602507
f 239146059 243207808 340397698
f 243207810 219418241 243273346
f 232132225 310316309 232131861
f 310316309 277091375 317132354
f 277089858 233180647 239144576
f 233180800 233246184 243207809
f 233246337 232132056 232197761
f 232133328 232132056 315757264
f 310317779 178916823 277089767
f 178916839 268964575 316542439
f 268963303 268963304 233246168
f 268963288 310252240 268964560
f 310252240 285610247 315560659
f 285610707 291443040 315756970
f 315757184 292164010 178918111
f 292164319 310251457 264245983
f 310252255 292163593 264245844
f 307433409 264376259 264245887
f 285609923 285610623 285085635
f 291442943 291442951 277745919
f 264310927 296292704 264311136
f 292164180 290591868 343609940
f 290591316 314380436 278073940
f 314380884 307434113 264376961
f 285086337 285085635 314643073
f 277746370 277745919 276304578
f 265162873 264310927 265162895
f 278073725 278073683 317854077
f 278074046 317854451 314381035
f 314774251 314643134 314774206
f 314643134 293343873 317853881
f 317850694 317853881 71697478
f 317326407 317330163 81462343
f 296617180 314774251 296620779
f 293343417 297210296 280495174
f 297206854 296617028 81528028
f 296616924 296617181 269485020
f 296620150 296620049 314773622
f 314773625 314773622 314642553
f 268895196 268898321 269488138
f 269488771 269488138 276107907
f 276107383 276107907 276303991
f 276303823 268898423 68682716
f 269091865 269029384 269094920
f 269026331 269029387 53478427
f 264831793 264835082 269030125
f 269030417 269030125 310514705
f 68685835 264832027 68879153
f 53412892 53415882 264835821
f 53416685 317264618 317461141
f 317460438 317461141 336596950
f 336597651 336596950 311169683
f 310514317 53416977 30016540
f 317260235 317260592 59245003
f 317260617 317260681 343409481
f 347673721 311694058 347673322
f 311693269 265557178 311693270
f 343409483 343409481 343016267
f 343413477 343413875 347607781
f 343413946 53548217 347608250
f 53548218 29819336 347672533
f 343016239 343016267 316932911
f 316932914 316932911 347603762
f 311169667 285479031 311169143
f 285479031 269422543 285478863
f 269422543 316346306 269422530
f 316346306 311169450 285478342
f 285478323 285478342 269422003
f 269422042 269422003 316345818
f 316345764 316345818 220466596
f 296291621 296293084 310316325
f 338562341 231019136 311562893
f 233377242 233377188 228789829
f 228789827 228789829 220466755
f 220468271 239210051 338563192
f 239210616 239537736 276238507
f 239538347 340332973 239538605
f 340332973 239342111 239210056
f 239341128 67114058 63439871
f 67109887 63046595 66978765
f 63046605 67568642 67175373
f 67568589 67372038 67568646
f 67372038 67109895 63046665
f 67634115 67175426 67568649
f 67634184 67372037 66913289
f 67372035 67372030 67503107
f 67634174 63308804 67306494
f 63308798 152503299 164760324
f 152505092 249171675 184749786
f 249171674 14879437 181145306
f 14880474 29690137 14879001
f 29690137 29622829 152506075
f 29626075 11272364 11210459
f 11275995 11403439 249172466
f 181146098 181145307 297079282
f 181146155 181146038 14881323
f 11207236 11207109 11272772
f 11272750 11272772 11403822
f 11404442 11403822 3933338
f 11407858 3932221 301010948
f 301010946 301010948 297078786
f 297079614 297078786 304747326
f 3934487 3933338 14813463
f 3936260 13828323 14815236
f 13832196 270143516 270209028
f 270143492 265228290 270143490
f 265228290 152376126 152436963
f 152371427 77005012 152371412
f 77005012 313000145 13631700
f 313000148 313004060 270209752
f 270209521 270209752 270143985
f 270143982 270143985 265228782
f 13632665 13632664 13960345
f 13636265 13959382 313000153
f 313004208 313000153 316084400
f 100470960 100537048 100471512
f 100537048 313397745 100536817
f 313397745 152310254 77070550
f 152305878 14155838 3997910
f 14155950 14155838 11534510
f 275054769 275054809 14160048
f 279711846 301142192 279711920
f 100471284 152047792 152305726
f 152043582 81658030 152043694
f 81658030 14024919 11337905
f 14090455 11534513 275054808
f 319029464 319033446 275059125
f 275058861 152113589 81658071
f 152109271 14024764 14090300
f 312934460 14090456 319034024
f 319034023 319034024 309334695
f 309400177 297014021 309400325
f 3868947 3868946 312936723
f 14616851 14619304 312939175
f 29753568 29758119 312869084
f 273809628 312873639 300879955
f 300880551 14619249 75434259
f 29754496 29753568 31655040
f 13894116 14352839 13894087
f 14418133 14418140 14352609
f 14680284 13897811 31719908
f 14418405 14418133 152240613
f 14551316 14680285 14549213
f 345637087 14680289 273814683
f 273813633 273814683 322703489
f 273813950 273814333 300880318
f 152240351 76940439 14551756
f 14554267 203033292 181081243
f 203035803 203034753 276828960
f 276828962 276828960 322704162
f 322703795 322704162 297603507
f 76942028 29032892 181078731
f 181079066 181078731 203033626
f 294652954 320801819 294652955
f 29035211 294650301 273615898
f 284233808 284234129 294654623
f 294654630 294654623 320803494
f 312677030 312677152 320803486
f 320803261 320803486 320934333
f 273617138 320932529 296882621
f 297472445 297472435 296882306
f 297603202 297603507 272371842
f 300879933 300880318 206704701
f 206705136 297276017 297537980
f 297275836 21762495 297669052
f 21762492 297468236 271122764
f 297472130 271126570 276893757
f 271126589 268832775 272370771
f 297273616 297275837 75303184
f 297273615 297272446 17238287
f 297271556 297271560 297664772
f 151982750 151982525 81597086
f 81597093 81597086 74912421
f 74912420 74912421 75109028
f 75109030 75109028 75502246
f 312677022 312349349 312804481
f 312345729 312345022 29167858
f 17238283 17238287 16976139
f 16974967 16976139 296944759
f 16978367 297669044 288756148
f 21762359 292098495 288751949
f 290460010 290455885 21758284
f 296944765 296944759 300680317
f 296947895 296948205 288755895
f 288752764 288755895 151848060
f 288753933 288753934 278202637
f 292098198 75239735 300683447
f 75239607 14877820 29688389
f 14877253 304747051 38012025
f 304743545 14745826 74974330
f 14746746 14942437 75039302
f 14942790 174131810 38078746
f 304742626 304742629 14944866
f 304745058 335680318 322767458
f 335678050 152636003 174197346
f 152832611 152832282 335678051
f 80352259 80349469 174068739
f 80153185 265225419 322769923
f 265229315 334762997 335678049
f 334760545 80155636 334695009
f 29561844 29557960 334566388
f 152703986 300745156 265229301
f 300749813 334763010 334828546
f 334697462 334697461 334566390
f 334563611 334435318 334825755
f 334432539 334431359 75366969
f 334430777 335025145 37225018
f 313397742 335614978 313594543
f 313594882 313594870 334828535
f 335025143 334435318 335025142
f 295506607 295506610 313595030
f 313594311 313595030 313070023
f 313594871 100537002 313397662
f 100536734 301208053 295506433
f 301994398 301995158 345313797
f 345313789 345313797 298193405
f 298194069 298193405 302191765
f 313070084 100471239 100536821
f 100471285 301142516 301208058
f 301208065 301535738 301994491
f 301994501 301601275 302256842
f 302256180 302256842 301731892
f 301731870 301731892 345247774
f 301142522 302060034 301535742
f 301535739 301797886 301600799
f 301601482 270405663 315167437
f 315166752 315167437 271781920
f 271782601 271781920 270340809
f 301142530 279711917 302060035
f 302060030 302125571 301798012
f 301797407 310055548 270405661
f 270406349 270274589 315364107
f 315364103 315364107 270471943
f 270471092 270471943 315101108
f 279712259 301928960 302125724
f 302125692 312152732 310055579
f 310054941 312087195 270274846
f 270275339 287117598 319425285
f 269552389 269554443 319427335
f 301928885 301928621 297800117
f 274993601 312152576 274993664
f 269946981 312087196 269947548
f 289738776 287117979 289739419
f 184815942 184815902 346100038
f 59315362 184814341 269550474
f 297800306 297800117 297865842
f 313135554 274993601 313135553
f 310121131 269946981 310120549
f 305599101 289738776 305598488
f 346100280 319295814 309400002
f 319295938 278598010 293147074
f 278598082 313135612 301666754
f 301863420 310121131 301863595
f 305926655 305599101 305926781
f 309334642 309334793 319294546
f 138939474 281875209 138941193
f 281875209 281940346 281874810
f 281940346 297930908 281940124
f 297930908 301404664 278598140
f 206705265 206703698 206639111
f 206636431 206639111 138937743
f 138940777 138937743 281874793
f 281874842 281874793 281940378
f 281940471 281940378 297931255
f 297931257 297931255 280695289
f 301404348 268833219 93193616
f 93196446 93193616 292032670
f 292032891 292032670 295244155
f 295243963 295244155 301338811
f 301338810 301338811 301469882
f 268830096 21696554 271123856
f 93261982 293077324 21696670
f 293212537 280629406 293081467
f 280629560 288821625 280629434
f 280563749 270799160 280564217
f 270799353 269816367 305009145
f 269816313 21696700 293081425
f 288821585 288821625 291901777
f 276959591 270799160 276959544
f 270798887 270930051 270799407
f 270930479 304157232 305074735
f 304157231 291901462 285348177
f 291901667 283250947 291901602
f 291901571 278991010 276959606
f 276959384 278335862 276959271
f 270930471 270930072 305074727
f 292098385 288624899 292098307
f 288624899 282333397 285348067
f 283250847 283250901 285413535
f 285282564 278991075 285282531
f 292819202 292884642 292819106
f 278204778 297144629 278204725
f 288624654 288625079 293277710
f 282333564 282333493 278794620
f 278794400 278794620 282857632
f 285413597 278204575 297144501
f 297142858 297144501 28969546
f 297140797 297140667 276431421
f 297144763 297144443 297341371
f 297341367 280236046 300814486
f 172560879 172560565 151720431
f 151785967 151783692 278204911
f 276431305 276431421 297402825
f 297337289 297341371 72221129
f 297337882 297337935 276366362
f 297340941 297341050 269291533
f 279646221 293277710 279646222
f 279646588 279646368 279384077
f 279515304 279646380 278859946
f 279515296 290656596 278860838
f 337646630 337645728 278859997
f 279384234 285544710 279515518
f 293408938 293409108 290656457
f 337973449 281416020 281547814
f 281416742 337515551 337974305
f 337515553 337450014 337645737
f 279450657 293408989 278139142
f 293409132 293408917 339743084
f 339743102 317919433 339742921
f 317919433 242815175 317919431
f 337514106 337449159 242816031
f 337449714 279449210 317789214
f 317068018 275386537 317067433
f 275386537 290525405 292230209
f 290526273 292295412 290525940
f 292295412 317199081 317918842
f 238949097 238947962 242814595
f 317787779 243404410 317787706
f 317788903 238620218 317068012
f 317067405 317068012 275386509
f 317198658 317198701 285151554
f 238948608 238949097 243077376
f 243404414 243404351 239275646
f 242945604 238620291 242945667
f 349769340 317394490 349769274
f 285151508 285151554 285020436
f 243077374 243077376 350228734
f 239277281 239275646 219485409
f 217451798 242945604 217452100
f 238816503 349769340 238816892
f 277680404 348655870 277680382
f 348655870 220206305 348656865
f 220206305 234229014 220204310
f 234229014 217451770 217648406
f 231804154 238816503 231804151
f 286462094 286331154 277680458
f 290001038 242486901 277681353
f 348654873 348655221 220204313
f 220204518 220204313 234229222
f 234229179 234229222 232000955
f 217648597 290000375 286396690
f 264179987 242487626 264180042
f 238555072 220270197 238554741
f 220270197 232787225 220269849
f 232787225 230559206 232787430
f 230559206 264179131 295047443
f 230297022 230297023 230428094
f 232000957 232000955 232066493
f 231345622 217648597 231345621
f 217648594 72158667 230493629
f 72158653 283644137 230428118
f 283643350 284692718 283971030
f 284691926 231345377 216010198
f 231345617 231345377 231804369
f 231804541 231804369 238816893
f 268371022 286527721 268374249
f 286527721 286527726 283971833
f 286527737 268440152 307695865
f 268439801 272044088 284691681
f 272043233 274140625 272043473
f 274140625 268373629 71959630
f 305857611 305860608 268374293
f 305860885 347935934 286528088
f 347935320 318641283 344068696
f 318640728 347803649 318640129
f 347803649 318116599 268439608
f 318115896 305860696 32113739
f 303038955 302977596 303043132
f 302977596 302978238 347935875
f 302978179 286659029 299111555
f 286659715 308417279 286659327
f 308417279 303043772 74777067
f 303105142 302715409 303108625
f 302715409 302715408 302977493
f 302715349 298717647 299110679
f 298717463 287051775 268308759
f 287052055 303108707 151585910
f 298912010 298914322 303108620
f 298914316 299045332 302715343
f 299045327 347083953 298717183
f 347082751 273289686 299175935
f 273289215 298914077 151521546
f 277481737 277483986 298914260
f 277483988 273485902 299046065
f 273487025 299241943 347083222
f 299241942 273092856 284627414
f 273093078 277483595 74713353
f 273548405 282792075 273551499
f 282792075 277221454 282792014
f 277221454 284627415 277221847
f 277221624 284430428 274403576
f 273092853 273551608 150144117
f 74647796 177999951 74649679
f 177999951 179179740 178000092
f 179179740 277221511 274401967
f 150144116 151324934 74649834
f 74649835 74649834 178000107
f 177999946 178000107 179179594
f 179179612 274403402 284823626
f 284823644 277287196 286986332
f 274403573 283709576 150079750
f 272959731 274206954 272961770
f 274206954 190845163 274206955
f 190845163 273223754 284822369
f 284822278 284822369 307497734
f 284823784 284824149 286986472
f 150081606 151259397 272961605
f 272961670 272961605 274206854
f 190845062 190845017 184881286
f 184881245 184881286 294719581
f 307499410 307497734 273420690
f 283578445 272896597 50923781
f 178193162 274468933 178196549
f 274468933 178196614 74318602
f 56362095 56363680 178196717
f 274469101 283904672 274469266
f 283906450 283840748 294719565
f 283840589 273944815 284037197
f 273944653 283578599 283512909
f 317981533 317985005 283906284
f 317985004 346625202 347148524
f 346624236 346427631 346624239
f 346427631 272240725 346427477
f 272240725 283513072 284102741
f 56365813 318182136 317985529
f 347149049 347149045 346559225
f 347148868 347149481 346624580
f 346427972 306386090 346424101
f 272237349 318248103 349115128
f 318243276 318248144 31588812
f 346554851 346559225 34865635
f 346555196 346554901 306381628
f 306381605 33096508 54199077
f 33096485 52036379 52695099
f 31588839 31588812 33292775
f 34865661 34865635 52822525
f 34865659 34865959 54198779
f 54198876 54198779 33096284
f 52039739 284295993 54005819
f 284299323 272240884 284102900
f 284102750 274534644 284102729
f 283512905 283513072 283578441
f 284364858 284365043 274534458
f 321392698 276762718 321392734
f 276762718 273158212 272830558
f 273158234 283578436 274272329
f 274272488 286986524 284758106
f 286986376 321392890 274337850
f 206901339 206902057 321392768
f 206901376 288427092 206770304
f 288428160 181275343 276762692
f 181276740 274272323 272764996
f 274272383 284758083 276697178
f 274336854 287969579 206902055
f 206902059 206902055 206770987
f 206770973 206770987 288428829
f 288427985 265294621 288428637
f 181277277 308023602 181276739
f 308023363 321261695 31330603
f 321323487 239014695 321327911
f 239014695 348853035 239014699
f 321524509 265295052 348853021
f 265294142 272504012 289214417
f 265293886 272437311 265294429
f 31331112 274731105 321326119
f 321326284 321326119 239013068
f 239013436 239013068 348851772
f 289214012 238752972 289215576
f 289214800 290395224 289214527
f 274730023 274600031 203820237
f 203820134 203820237 214633574
f 238750822 238750924 350489702
f 238752856 341251301 341054693
f 299439189 341251160 341184986
f 290395223 214701144 46927967
f 214696736 214696653 290128672
f 207950156 207949005 288952652
f 207949985 207950138 350490785
f 278926565 278926421 341053500
f 299438140 299439189 341905468
f 299438358 299439202 341184790
f 290128668 290128672 271713052
f 288952371 288952652 271650867
f 288952644 288952370 278925636
f 278925372 289608004 272306496
f 272306499 272306496 341905731
f 341906012 341905731 286593628
f 271713058 271713052 271975202
f 271716406 271716407 271650870
f 271651141 271650870 289608005
f 289608000 289673541 289345940
f 289345920 289345940 289542528
f 289542363 289542528 307957979
f 271975201 271975202 275120929
f 271978530 271978599 271912994
f 271912993 271912994 289673249
f 289673620 270536737 294850965
f 294850901 294850965 293540181
f 293540206 293540181 282726766
f 275120915 275120929 278266643
f 275124328 275124375 270602344
f 270602276 270602344 270536740
f 270537109 270733348 294913852
f 294916291 294913852 290721987
f 290722550 290721987 292360950
f 278266654 278266643 269746974
f 278270587 278269973 275190395
f 275187577 275190395 270731129
f 270731068 125306745 121311435
f 121311426 121311435 281153730
f 281154300 281153730 318051068
f 269746418 269746974 309919986
f 269750910 269750906 309990014
f 309990003 309990014 125309555
f 125309131 309465715 281678026
f 281678017 281678026 281088193
f 281084663 281088193 318440183
f 309920533 309919986 304612117
f 310186537 310186618 309531177
f 310186724 310186612 309465828
f 309465290 307040996 316870858
f 307040458 281612879 300421711
f 300421322 51581121 51647017
f 51581481 279777454 304616052
f 279777908 307040431 279843444
f 307040884 52302564 51581102
f 52301998 282595545 279777455
f 282595503 307041403 343543983
f 307041414 305730683 344265294
f 305730126 310645327 305730127
f 310645327 10490345 52302041
f 10490073 280105139 282596475
f 280106107 344264881 279975035
f 279975046 347999270 203756678
f 305730751 305730694 344134847
f 305730182 305730692 310645382
f 215154849 203755699 215158963
f 203755699 215158961 15925409
f 229376244 203689172 229379284
f 203689172 347999270 203688998
f 343673893 343676095 348001412
f 343676036 171117108 344134278
f 171119238 67896333 310710924
f 310645388 229380742 51708148
f 269157142 269356461 269159853
f 269356461 343673893 269356069
f 314052623 313726077 314053757
f 313726077 313723444 171115533
f 313721869 314118842 67896003
f 67900044 269157059 51774230
f 137364247 137302028 137367564
f 137302028 314052623 137302031
f 313657392 313856697 313660089
f 313856697 313856692 313725626
f 313856698 345511065 314118843
f 314114755 137368251 125240087
f 137364359 137365368 344785799
f 137368238 137368718 137302702
f 137302707 313332398 313660080
f 313656140 313660080 313852748
f 345506636 345510582 56820556
f 313918308 314184857 313922713
f 345113479 313791630 345117838
f 313791630 313463470 313791150
f 282530485 295899824 282530480
f 295899824 280822604 295895884
f 280822604 280822628 56820485
f 56824503 345113349 10617735
f 301269155 298062995 301274259
f 298062995 282530485 298062517
f 341316037 282398936 341315800
f 282398936 348524964 282399140
f 348524964 301273278 40173731
f 51905126 298127862 51909110
f 298127862 341316037 298127813
f 278663622 286004313 278664281
f 286004313 278008022 286003414
f 278008022 51909831 58917478
f 48038788 59376409 48038681
f 59376409 278663622 59380166
f 57082763 139006109 57086109
f 139006109 56889613 139006221
f 56889613 48042131 51839876
f 56034072 57017054 56034014
f 57017054 57082763 57017227
f 277939047 57082728 139006098
f 11473042 100599882 11470922
f 100599882 56034149 61080344
f 295306149 295371608 295306072
f 295371608 277939047 295371623
f 295440796 277942418 11473309
f 295436464 4063295 11468983
f 11469008 11468983 100597968
f 61084059 56165210 295309466
f 295375002 295375259 278532250
f 295375261 40308891 278532509
f 40309149 40304703 4068002
f 4063415 312545954 11927734
f 13566134 278462647 46793562
f 51970763 40308890 51974298
f 40308890 51974299 33817291
f 304808453 304874266 304808730
f 304874266 312541800 304874088
f 312480301 312545954 11866785
f 17306273 17301686 11862275
f 11862224 304808195 57213445
f 205063018 205132332 205066796
f 205132332 312480301 205132333
f 242682939 17306273 242684577
f 11800184 11796745 17301726
f 17301763 14483678 16910577
f 13568241 205062403 46990186
f 204997326 228854842 204999738
f 228854842 242682939 228854843
f 242683513 242683301 238685817
f 242679989 205000251 58983118
f 315884421 242748473 315886649
f 242748473 315887013 46728069
f 315949770 315953877 315887225
f 315952761 315691730 242748987
f 315690555 16716275 301076027
f 16715323 315949237 46858954
f 315949752 315949772 229049016
f 315952546 315952552 315690402
f 315689542 315690402 301075014
f 301072646 301075014 16711942
f 228917944 207097256 228920744
f 207097256 215092642 207097250
f 215092642 215091782 172294406
f 45551014 59048838 228919761
f 228920410 228919761 207096922
f 207096923 207096922 215092315
f 29953115 17108179 29953235
f 59050449 29950917 41094235
f 52167284 59703754 52167114
f 59703754 59769094 59703558
f 59769094 17039621 17105152
f 41091869 59507530 59769093
f 59506949 16711943 17170693
f 16712320 16711943 11797120
f 150012544 14483637 150012085
f 17172948 17171341 41880020
f 41878414 41880020 150012814
f 150012815 150012814 14484367
f 14484144 149947279 45023454
f 41943728 28444913 41945329
f 28444913 16515325 149946626
f 149946576 59638018 45023918
f 45023873 16843438 13567488
f 16844288 53740341 100598629
f 53740389 51184398 56889491
f 51187859 53674804 278009031
f 53739786 53739778 286130442
f 51187983 51184437 285872399
f 51184439 51187979 53674807
f 53674806 53674807 265880374
f 53679303 265883610 348524734
f 16515330 150208778 16515338
f 150208778 16580862 17371407
f 16584975 286069974 349507855
f 286069007 138678539 286069003
f 138678539 93782839 138674999
f 93782839 16515894 150208949
f 150211072 150208949 150342144
f 150208766 16648439 150339838
f 349503743 16777470 16651478
f 16782550 346231972 349507854
f 16515509 59441587 167708919
f 59443447 16449788 150339839
f 16646342 16646396 16777414
f 16777483 16777414 17498379
f 346226956 42795265 59441404
f 42795260 42926278 42795206
f 42926278 42926347 17434870
f 17434873 17434870 17500409
f 150407417 150405388 17502431
f 17503396 150278367 167969424
f 150274484 150276612 150471092
f 150471090 150471092 150536626
f 150472952 150538490 150405319
f 150409631 150405319 349442463
f 150409439 282203349 349442271
f 282202335 286200080 282989732
f 150537238 150536626 13108246
f 150536391 13107401 12978428
f 295569660 150667463 295572643
f 295571678 295572643 280301790
f 349442230 349442463 282202294
f 150602774 150667465 150601929
f 150735099 150735100 150668147
f 150672547 40960883 57808035
f 297730674 346166435 282071488
f 282072227 150606046 42861590
f 68616847 68618491 150604030
f 150735102 150735099 12257534
f 150733683 12255420 57803378
f 57737404 57737842 40964823
f 40964544 316150487 316019136
f 316150208 297734561 282071457
f 150799029 150799384 13042357
f 12255432 41552126 13041852
f 57737851 57737404 270991995
f 208015400 316015474 208012146
f 316017736 316017767 315821128
f 316150484 45421271 45351112
f 45416648 24248973 42729672
f 24248520 41554716 320536776
f 320537211 320540712 270994638
f 270994535 215289038 214764647
f 215288935 215288904 205984764
f 315823100 41684040 45417101
f 41681549 41681267 24248506
f 24253146 24248506 320541402
f 320410330 214766364 320410396
f 215290650 215289038 315626266
f 315624662 335221757 335285462
f 41681082 68420629 12124347
f 12128986 207814843 12194522
f 312216676 320410330 312218330
f 315626141 315626266 316281501
f 150868699 53088977 150868689
f 53088977 53089277 335287292
f 68419771 65012759 68550843
f 65011899 64818276 65014884
f 64818276 207883448 213322852
f 207883364 312216664 207031396
f 312217008 312216664 316280240
f 335941040 150868699 335942363
f 207031679 207031397 229576063
f 229573549 229576063 71304109
f 334627905 335941040 334630320
f 64951283 64951303 335939839
f 64948479 71369695 64882943
f 71371007 150866206 53086494
f 71308275 64947267 71439347
f 335218974 335217451 71239966
f 54985792 315823100 54989820
f 54989524 335877114 335090388
f 315822809 335877126 316150177
f 69011742 152765504 69010496
f 152765504 54987041 153093184
f 54989819 54987041 335090683
f 152896542 152962114 152766753
f 152963361 152966139 335156223
f 335156225 335156223 335811585
f 335811579 335811578 335086431
f 335086449 57672543 335090694
f 152966143 80217292 80417791
f 80221183 80221185 335549444
f 335811588 335811585 334238724
f 280761325 56497157 280761349
f 302452925 280429407 302449503
f 57675960 335741791 42534089
f 335479434 335352836 335483908
f 335352836 335352813 334238702
f 334238703 334238702 313201647
f 295637676 280761325 295637997
f 42537984 153027783 80090112
f 153031680 80286718 153031678
f 80286718 71570414 80286702
f 71570414 172692463 71570415
f 172692463 313201324 42601036
f 334496395 313266860 334500524
f 313201322 313201325 313529002
f 313201056 313529009 295637450
f 295638167 295637450 280761495
f 313262731 313267185 42467979
f 313263260 313262729 334169244
f 313267191 313267180 313070583
f 334170699 334169244 334891595
f 334889530 334891595 334955066
f 334894073 37295096 334959609
f 280760840 345379991 302453255
f 302452655 302453255 263131055
f 280432560 302649864 263131320
f 302649528 297996740 280429425
f 345379335 302322182 302383984
f 302383737 302383984 263062137
f 263066061 263062137 298455501
f 263131595 263131055 302649803
f 302322122 302322839 298324426
f 271847881 57610758 271847942
f 54857781 275579760 54854512
f 275579760 315425401 275579513
f 315425401 302191053 298389961
f 302191049 345248917 298324684
f 298324021 315298508 271848139
f 271844166 315232971 54858893
f 318510221 318505798 54857838
f 313528778 313070084 313528836
f 345248460 270340126 315298511
f 315298507 315495119 315232186
f 315233421 263786426 344720230
f 56956045 344722502 318377030
f 318379149 318378749 318509169
f 275583089 315495165 315101214
f 310842057 263787215 310842063
f 263328392 56954810 263327674
f 296816563 43975526 296813414
f 207749792 56951654 205851747
f 315101832 263393204 310841270
f 310841267 263327670 341512118
f 263328178 341578844 341512626
f 341578162 318968570 318312882
f 318968242 307237457 296813216
f 263393206 263851963 263524775
f 296095670 296096860 341513309
f 341575752 341578151 138741832
f 341578299 305793094 341578490
f 318313015 318313019 318968375
f 263852807 263851956 269554439
f 263848712 263852050 304284424
f 263852455 296096292 296161828
f 138875304 296161703 138872875
f 136972360 136972358 138744379
f 136974907 139921453 137105979
f 139924027 50795063 304091154
f 50794920 50795041 304288168
f 59314194 346034721 59314721
f 346034721 304222755 304091451
f 304091560 289018171 296161477
f 296159275 308940997 281282603
f 136974758 136974955 137105830
f 346096522 346100897 346035360
f 304223392 304223393 304420000
f 316609062 289018403 316609059
f 289149664 281284923 289149243
f 309268797 308940997 309268677
f 346100896 170594307 268571808
f 345969190 304417324 304548396
f 304550438 310776369 305140262
f 304419552 310776455 316608854
f 316608829 346100054 268571192
f 268571197 305926712 268569132
f 170595338 170594877 310973450
f 304550538 304548396 296686218
f 305140144 305140264 283316656
f 305140333 309596388 309072433
f 309596721 290787975 309596807
f 301863485 304944138 301863946
f 304944138 311038730 319362058
f 311038986 311038602 310972848
f 311038384 53609267 296685796
f 53612772 296227241 283316823
f 309072471 301863140 304943612
f 301404668 298258990 301404718
f 298258990 296751882 298259210
f 296751882 296751755 311034675
f 296747827 38863442 53612969
f 38867369 307630346 285807017
f 280695288 298258888 269815996
f 298258865 304156694 269816241
f 304353826 304353713 296747602
f 285807141 304349778 285807195
f 184947291 184946954 285807191
f 289082119 307827287 289083991
f 307827287 305074797 304157221
f 305074725 304484903 304353883
f 304484955 273682513 307890951
f 273681159 272568384 184947091
f 184947004 294785427 289083759
f 289083777 289083759 307827073
f 273682584 273682983 322637976
f 272569148 272568401 273748796
f 185012306 294785088 185012288
f 287771400 292426131 287773075
f 286789928 286921071 286789999
f 286921071 322638209 292884632
f 322637906 291705206 292884562
f 316674404 185012306 316674130
f 288035553 287771400 288033544
f 287576364 286789928 287576360
f 290263333 271388953 290263321
f 271388953 292819227 292884836
f 291706098 291705205 292689138
f 279056755 316674404 279056740
f 270667939 288035553 270668513
f 293736483 287576364 293736748
f 270078339 290263333 270078245
f 285282677 285218034 285283570
f 285218034 282005712 351342963
f 282005875 294130057 292688037
f 292688035 279187621 279056489
f 279056419 275255401 270668162
f 270668163 285282690 285217028
f 285216875 285217028 277614699
f 282005645 282005761 291639437
f 294130019 294129872 294981987
f 279253398 279187849 279253385
f 279122086 275255461 279122085
f 282857732 317395051 277614947
f 317395299 336335885 291639702
f 336335254 268242942 294981975
f 294981798 290853207 279253136
f 279253156 277811344 279122130
f 279123034 279122130 275256410
f 336336090 336335596 216339674
f 268242150 268243981 284495078
f 302846198 290852862 302845950
f 300356110 277811543 300355927
f 292753896 282136720 292753552
f 216337981 216339674 243011133
f 284495485 284495078 274140797
f 306057304 302846198 306057462
f 346690111 300356110 346690062
f 300291243 292753896 300290536
f 292754565 292753895 291247237
f 292753826 292753757 282136994
f 274141759 318116599 306057793
f 306058411 306188865 346690112
f 346690023 344330816 306123239
f 344330727 344200325 284562567
f 284562565 290197837 344199517
f 291246498 306188621 347804407
f 347870396 306123329 347869761
f 344331453 344330816 299308221
f 284561880 284562567 274010584
f 273354838 273354999 284561741
f 273355085 277352585 290197861
f 291770701 347869602 308417724
f 299307619 299308221 287052387
f 274010397 274010584 273289501
f 274075723 273354838 274075734
f 277352535 277352524 277418071
f 321589386 291770505 321589385
f 291771183 291771180 289280815
f 282267967 291770725 295768276
f 282136788 274076066 273092683
f 277418056 277418071 283447368
f 321655014 321589386 321654922
f 321590062 321590061 321786670
f 321786687 276566830 322835247
f 276566831 276566335 289280049
f 289280212 273092657 283447541
f 284430566 274796615 273027302
f 283448109 274796642 321655598
f 274797358 284168998 321196846
f 322834673 307761966 284169023
f 276566617 277287743 284430407
f 273879176 274796615 273879111
f 190910548 274796642 321194850
f 190911270 284169374 345838374
f 284168991 307762334 320737521
f 320737881 341447771 307761465
f 307761277 273879353 272699528
f 274927682 190910548 274927700
f 181211236 190909282 345836238
f 320735950 320738462 322898638
f 320738081 320738112 345772833
f 345772831 272700507 284758152
f 284758082 272633565 249303106
f 272699492 272633921 274927661
f 274926286 271323181 181211968
f 271323968 287248092 249238336
f 287249216 284758817 249303167
f 249368703 320671453 249368285
f 320671453 271323201 320671809
f 271258398 271323181 249237548
f 271257308 249237649 287248529
f 291836049 291836192 287249185
f 276696798 308023901 249368638
f 249368619 249368638 320671787
f 271192862 320475180 271192108
f 320475180 271257641 277876777
f 271061137 291835929 270012561
f 271192127 271192126 320475199
f 320475511 320475199 293015927
f 271061368 271061787 285938040
f 271061017 271520012 285937689
f 272109616 270012441 288559161
f 291836212 272502809 292950352
f 292950122 275321168 292950142
f 292950140 292950142 293015676
f 293015590 293015676 285937702
f 270864652 270864432 271520051
f 271520024 271520051 272109848
f 289804624 309006442 289804394
f 309006442 289870152 275320958
f 289869950 290918745 290984062
f 290918526 289411196 290918524
f 289411196 288493606 289411110
f 289805399 341184848 289804908
f 341185132 307958038 286593644
f 307958380 307565142 309006664
f 307564872 287707431 289870169
f 287707481 287510822 287641945
f 287510873 287445336 287510872
f 287445336 287379777 287445313
f 287379777 282726707 307958358
f 282726998 288362801 307564839
f 288362791 293474687 287707430
f 293474598 307303030 309661990
f 307302694 316805412 307302692
f 316805412 295964963 316805411
f 295964963 292360482 282726705
f 292360497 281219268 288362879
f 281219455 341840993 293474934
f 341840502 309858935 309727862
f 309858934 316740178 309858898
f 316740178 296030947 316740323
f 296030947 318050725 292360388
f 318050500 318575358 281220193
f 318575713 281743564 341840503
f 281743991 280891583 309727865
f 280892025 139921495 139858553
f 139924089 137106146 139924194
f 137106146 318443942 318051070
f 318444286 305992254 318574796
f 305991884 281809101 281743551
f 281809087 305336884 280889431
f 305334359 305533699 318900311
f 305530967 49678424 318444094
f 49680958 44040865 305991885
f 44044493 305201831 44437709
f 305205453 305467956 305205812
f 305467956 318968579 305468163
f 318968579 44044855 306905847
f 44044880 44044876 300618320
f 44040871 300487148 300614311
f 305205738 305201831 44569066
f 305205843 305201833 305467987
f 306774775 336007756 306778700
f 336007756 305271347 306909776
f 305271376 305664569 307171820
f 305664492 269619219 300618218
f 49680970 318837290 304681546
f 318837322 263459848 318837768
f 263459848 344396936 336007731
f 344396339 318771969 305271353
f 318771769 305402421 305664019
f 281019127 281023018 304681451
f 304681728 304681451 318837504
f 318837388 318837504 263459468
f 263455427 263459468 58524355
f 344392574 344395701 165872510
f 318769636 300422280 281022955
f 318706153 318706155 310645225
f 311104133 314184448 46269310
f 314180478 314315453 58526180
f 314313188 314249916 165872286
f 165876481 43844254 318771765
f 314315447 314315451 310907575
f 314249865 314249917 319230601
f 263590664 43848380 263590588
f 164695991 305398430 164692638
f 269683154 269619765 269685301
f 310903557 310907575 265749253
f 319229912 319230601 265687000
f 312020951 263590664 312021768
f 263656090 164695991 263655351
f 44371896 269683154 44370386
f 265752995 265749253 280957347
f 265687232 265687000 282464448
f 298782935 312020951 298782679
f 263721424 263656090 263721626
f 311889849 44371896 311889848
f 280822533 280826275 295833562
f 280956890 280957347 53809114
f 282460982 282464448 93782838
f 265815448 298782935 265818327
f 263196633 263721424 263197136
f 275517361 311889849 275517369
f 275714157 139268760 275714712
f 139268760 265814694 125437336
f 341116795 263196633 341118937
f 340989014 275517361 340987825
f 275649620 275714157 275648621
f 275452015 275452016 275712078
f 125438021 125437336 134678597
f 125700104 341116795 125699963
f 298846079 340989014 298849366
f 298652113 275649620 298652756
f 311955918 275452015 311955567
f 134680846 134678597 351408398
f 93328627 125700104 93325320
f 129107345 298846079 129107839
f 340920243 298652113 340922833
f 263001171 311955918 263000526
f 346231054 346232051 351408400
f 351405457 286200080 93324695
f 93325235 93717911 129107834
f 129111123 125372282 340923474
f 340922286 340857938 263000524
f 263000726 263000524 311956118
f 286197143 282202323 93718627
f 93718394 140642403 125373001
f 125375570 172493385 340857354
f 340857292 302584330 298521037
f 298521294 298521037 311759566
f 282200163 280301750 140642404
f 140642889 140707940 172492809
f 172495370 134744073 302584267
f 302584269 140710347 282923190
f 56561886 134744164 56559716
f 302646112 298453001 302647305
f 282919776 282071249 56562116
f 56562187 297996740 295702737
f 297993073 295702945 57676806
f 307237430 307237636 307368502
f 43979347 43979345 306975315
f 207753805 207749792 205918797
f 207752331 207752263 205851787
f 205849550 205851787 318374862
f 306971305 306975315 306840233
f 205918795 205918797 348787275
f 205917869 205919435 210374317
f 210371536 210374317 63767504
f 165938128 165938126 63770737
f 318378097 306840526 300483241
f 306844422 319099370 306844875
f 319100107 319098541 246157234
f 63901618 63901357 129175474
f 63900133 275449780 129173989
f 275450341 165941911 275780247
f 269619690 269685510 269619974
f 269685510 44371890 269684658
f 44371890 263260238 129173582
f 275449934 311953332 275452567
f 311956119 311759510 311824497
f 311758961 275583694 315428977
f 295965291 295965094 287838827
f 287379753 287379877 287314217
f 288493857 288493858 286724385
f 308941097 309269104 287838497
f 309268769 288166190 287314200
f 288166168 286855450 286724153
f 286855225 292557108 286855476
f 292557108 288559439 291836239
f 288166584 288166512 287183544
f 286855455 286855470 292557087
f 292557101 292557087 292491565
f 290328944 290328945 288690544
f 290328936 290328886 291836264
f 291836705 309268840 313987389
f 313987414 313987389 309793110
f 287183480 287183544 288100984
f 288100375 288100984 278401047
f 292491417 292491565 288297113
f 288690480 288690544 271454512
f 291967023 309596470 290787960
f 309596792 309071895 309596183
f 309071895 307827290 269881497
f 307826841 293605761 278401328
f 293605680 286920987 288297007
f 286920751 268701742 271388719
f 271454568 345772037 268702056
f 345772392 271389473 268701702
f 345772038 345772037 341446662
f 341446969 268767238 288886810
f 288887057 288886810 276566289
f 276566065 271388945 268767566
f 268767258 270078286 286265731
f 286265730 286265731 271585666
f 271586394 271585666 282268762
f 282267858 293672026 341381225
f 78512183 78513096 78446647
f 78709934 78709935 78578862
f 34079918 34079920 78578075
f 26935707 26936496 7602587
f 33947703 34079918 33948846
f 34080758 34079239 163776502
f 27003332 26870281 27001353
f 3539463 162988629 39059975
f 162988551 133433334 162990070
f 133433334 163056057 133499332
f 163056068 5769664 163514820
f 5769668 27000919 5638596
f 2818645 2820536 162988070
f 133431334 133433784 2883622
f 144048173 144050165 133433785
f 144050617 34013704 163056064
f 39059500 2556024 39059576
f 2818086 2687023 2424877
f 2687021 33620482 2884324
f 48431149 144048174 2949165
f 144506926 144509079 144048648
f 144507400 134809610 34013725
f 34015680 48431645 2490882
f 164889496 164888577 164955032
f 164888580 164891094 60096516
f 60097431 60096516 66455
f 66301 66455 49545981
f 164954247 164955032 43712647
f 164954779 164954780 197275
f 196742 197275 60162182
f 60162969 60162182 50070425
f 49480601 45089533 49480445
f 45089533 8782581 43713474
f 62980764 43647643 8717250
f 62980230 60294041 164430786
f 60293876 164432334 49480349
f 49480346 49480349 45089434
f 62982606 43780704 174000590
f 72876281 72876790 16187641
f 72877150 72876280 23463006
f 15860071 15860825 15532391
f 24576238 15728883 16253176
f 15728888 8192126 16188510
f 8193118 57344989 64750686
f 57345118 162793909 73204071
f 162791783 100402685 23462126
f 15597817 15597809 15729046
f 15729045 15729046 8192405
f 35127701 35127422 8192989
f 64750403 64750105 57344835
f 16253167 15597730 60031138
f 72811413 72810735 15598096
f 15597974 144376336 34537878
f 144376214 26673555 26345878
f 26673558 26673557 26477081
f 26673689 33358334 35128131
f 60032088 23396709 23331928
f 23397464 15663344 72812699
f 72811024 33425563 144310800
f 33423888 35260572 33425564
f 35260572 35062296 144376211
f 35062163 37028406 26345880
f 37028248 25821579 26673662
f 15665307 25889232 164563099
f 25888923 25887231 33423899
f 25887259 25887285 36962671
f 25887087 26149264 23986856
f 26149544 58065142 15665616
f 58067408 26149274 26806736
f 26151376 57999756 58065306
f 57999770 16056721 26214810
f 16056730 33358224 34603403
f 52888081 54657534 52888062
f 55968552 54657859 57344855
f 55968620 138806105 56099692
f 162793543 52888428 54526481
f 54723393 55968552 54723368
f 55968362 55968580 56099434
f 56099665 56099434 53150545
f 56100935 54723372 40239937
f 54723435 54723175 40436587
f 40436549 40436587 55575365
f 55575029 55575365 30409205
f 53150161 53150545 32834001
f 138805750 138806060 37618166
f 136905279 162793543 136906823
f 100403242 149424565 32768465
f 149422545 54395711 30409206
f 54395382 55509840 32834111
f 55509567 149358824 37618128
f 37619754 30343632 136906853
f 136906237 140773477 100403206
f 100401390 55642118 149422911
f 55640895 55378766 54395728
f 55378768 58131320 55511272
f 58132712 55444303 149357396
f 149357008 55771988 30343746
f 30345317 1442370 55640910
f 1442638 44303013 55378808
f 44303224 1507352 58131279
f 1508175 1572889 55444310
f 55444308 55903062 55771989
f 55771714 148833109 1442469
f 148832933 46006975 44302360
f 46006296 148637917 1507353
f 148635673 73990845 45875225
f 73990169 55904335 139329561
f 46008242 46008544 136513458
f 148637732 148636351 134875172
f 45877259 45877469 136710155
f 45877706 45877287 73992650
f 73991276 73992650 164103276
f 139332041 146670698 129042468
f 146671652 39125590 136513547
f 39127051 47448789 134875175
f 47450151 170984150 47515687
f 170985511 170985930 164168812
f 39125176 39127231 26280120
f 47448466 47448662 23855506
f 47513965 47514325 66453869
f 47514290 47514615 170984114
f 170984339 170984114 63964051
f 170984556 25953233 11993490
f 25952658 23855503 26083730
f 26083693 69403188 36897133
f 69402989 50529271 69403639
f 50529271 166199986 50528946
f 166199986 25953171 26084299
f 63570319 36897332 35914699
f 35914292 70845498 36897828
f 70845476 71107646 69403396
f 71107332 148048084 50530793
f 25953227 35849164 63636427
f 35849163 35848741 35914812
f 35914810 70976572 70845355
f 70845578 70845355 71107722
f 148046986 76088382 148048205
f 70912333 166201556 70912212
f 35849276 71042109 70976485
f 70976427 61539301 65274795
f 61539243 68944925 61473930
f 68945034 78972086 76089677
f 71042021 65405871 61735909
f 65405925 121242540 65405868
f 121242540 125110134 61539357
f 125109277 125175671 68945078
f 125174966 139987033 78973270
f 78973261 2099542 121243510
f 2099062 162335150 125110135
f 162334583 1048593 125175897
f 1050713 149555435 139987036
f 139987286 140183644 156568166
f 156567893 156568166 155978069
f 162332804 162332705 76480644
f 1049744 1051054 76743824
f 149554324 149553169 82707604
f 158336239 140183787 158337259
f 67045745 174393436 67045468
f 76481766 76480644 82904294
f 76743922 76743824 157943026
f 82708843 82707604 174786923
f 82578028 158336239 82576623
f 158270701 67045745 158271857
f 82905654 82904294 82774582
f 157943024 157943026 82838768
f 174785777 174786923 157746417
f 171182440 82578028 171182700
f 81726005 158270701 81724653
f 173017654 173016304 82773233
f 173016305 83887361 82839912
f 83888488 79170078 169675112
f 79169896 171182414 156043624
f 80742734 81726005 80742965
f 171248209 174525032 173015149
f 83886189 83888721 25755757
f 169673098 156239105 25758238
f 156240414 156239033 79167493
f 79169830 79167493 156043558
f 156042449 7080230 26741352
f 7078456 7078297 37093944
f 25756215 25755757 26608183
f 156238231 156238218 25624983
f 156240227 262536 157419857
f 32180840 32178585 26739256
f 32178744 32047594 37161270
f 37095734 37093944 154405174
f 26609973 26608183 26413365
f 26411415 26411400 25626601
f 25627063 162924521 25626979
f 32049462 56296269 55314742
f 56297782 31457761 154470709
f 31459637 154403693 26411885
f 132645741 132645268 132580205
f 132581353 91227505 132645452
f 132647351 29360716 56295905
f 29360609 32244205 31458157
f 32244589 32245736 132580482
f 75565032 28640625 75564401
f 28640625 154798395 91227316
f 91226700 78841012 38471016
f 162923880 27918924 29360621
f 27918829 75564248 81199597
f 75563439 75564248 28639663
f 79364527 28639670 79692988
f 28641595 154797249 155190465
f 154797233 78842177 78645563
f 81199884 81199531 28181260
f 28181358 28181260 51250030
f 51249583 79365252 75694511
f 79366463 79365252 155126079
f 79694144 155124924 79692942
f 79694145 57476238 51249632
f 75694560 31392527 75694890
f 53019780 53020991 155059182
f 155124718 155126079 155911150
f 155124926 155126092 76350654
f 57475552 38928872 31916512
f 38928864 30212627 34734560
f 31392554 30212558 53019680
f 53019630 65537056 69141486
f 65537006 65471464 65866060
f 65472844 65995760 155911358
f 34734775 34734675 54133431
f 34734562 31523643 34734542
f 52625890 69140942 52625870
f 69140908 69141284 65536428
f 65536447 65536428 52953535
f 65471273 33227753 45482811
f 33227579 49021677 54133268
f 54133266 54133268 31523346
f 52625938 52625890 27984402
f 27984301 27984402 29229485
f 49021460 30147021 34800094
f 34800045 34800094 34668973
f 30147038 65470950 77595433
f 65995937 65995752 66127009
f 28705778 79496176 28705776
f 75760055 76350654 75760830
f 76350632 155190405 78054542
f 66126263 28707147 65603915
f 28707132 75760618 154862007
f 75893052 76022917 75891845
f 78054537 78054533 155255945
f 78053809 78055746 28115377
f 155189678 78644392 28117313
f 65603900 69207073 154862573
f 154928109 75893052 154929468
f 156436797 156435591 75893054
f 75891883 75893054 76022955
f 76024130 77661355 78252354
f 28312738 65800514 154927111
f 75956231 156436797 75958589
f 80610440 80611668 156435647
f 156436798 79561919 154995272
f 154993823 154995272 78251167
f 78251203 78251167 77661379
f 394376 168233480 75957432
f 75957455 79103160 80611627
f 153684267 79561935 153683151
f 79431978 172426431 79430847
f 77923517 65735240 77924936
f 65735240 79103135 69798408
f 69927978 153748664 69928120
f 153748517 153748524 168887333
f 153618962 153684267 153618731
f 156109097 79431978 156109098
f 77728079 77923517 77726909
f 69796908 169282072 69927973
f 169280549 168823313 69470504
f 168888616 168887333 80480552
f 172819661 153618962 172821010
f 69732942 156109097 69732649
f 66585641 77728079 66586959
f 168823080 80544974 153552037
f 80479397 80480552 77989029
f 172885159 172819661 172885197
f 79039055 69732942 79039054
f 69600439 66585641 69600297
f 80544933 228721643 65668261
f 228721829 228986279 77857959
f 228983975 232918499 77989033
f 77990479 78120105 172885032
f 172885175 69665832 79037483
f 79037479 69862443 69601516
f 66586860 230360103 228724135
f 230362535 230231482 228986339
f 230231523 231935444 232918498
f 232916137 232852962 78120100
f 78119976 77792420 69665830
f 69665835 69534758 69863663
f 69863660 233048303 230362554
f 233049530 231869907 230231508
f 231869908 216141027 231935460
f 231935458 232984036 232854327
f 232850596 322310967 77793575
f 77792294 153487655 69534863
f 69535983 236258447 233049555
f 236260819 221908283 231869667
f 221908195 225250670 216141167
f 216141284 225316207 232984675
f 232985399 274862179 322310240
f 322308391 274665568 153485327
f 153486479 242548751 236260667
f 242552123 350360803 221908334
f 350358894 340661327 225250831
f 225250671 235802127 225317674
f 225316963 321458986 274862913
f 274862176 322966337 274663951
f 274661391 265357839 242554083
f 265360611 284889340 350360655
f 284890191 236064275 340659732
f 340659727 236129812 235803874
f 235803434 350295266 321459003
f 321459009 322573115 322962694
f 322963983 295109894 265359612
f 295112956 295178649 284888595
f 295177747 343872640 236064274
f 236064276 235998738 236129915
f 236131554 242880123 350293623
f 350294843 242617975 322569460
f 322569478 83035380 84214200
f 84216156 84214200 168692060
f 343870994 280039602 236000292
f 235998843 337777700 337841787
f 337776251 242619594 348720763
f 34280650 83037815 34279031
f 84410892 28771572 84411636
f 280040484 280170676 337843235
f 280171555 282661082 337774793
f 348719305 147330083 348717582
f 348717580 34406926 34275929
f 34276617 39322201 84410379
f 84411656 84410379 28771592
f 282659017 146737344 147326305
f 147325454 34407777 92276065
f 34406925 39323009 34341390
f 156762637 655961 156762713
f 146736481 90703204 90375521
f 90703201 146408833 90703233
f 146408833 34343114 147391873
f 32704714 156762637 32702989
f 590324 156764505 655370
f 83099658 84148235 83099659
f 84148235 146408712 147392705
f 147391006 32704705 35457226
f 39256606 39256564 32702963
f 32702474 32637427 592229
f 157548554 146801909 47384763
f 39256563 169806368 32638044
f 32639333 73139292 73075045
f 73140581 69993726 83691877
f 69994853 70583541 69993717
f 70583541 169805061 73073183
f 73073360 73073183 73138896
f 47121501 73140670 73009598
f 73008221 73138672 83689968
f 169804319 35522743 72943799
f 47055962 47055391 35521232
f 47055568 34146850 169935568
f 163840522 47121104 163383749
f 146147514 146147872 47188154
f 72942287 146276599 35455576
f 146276952 35588280 146801182
f 35586590 71895228 59966226
f 71893778 35652130 35717906
f 35652370 74581101 35652717
f 74580076 35717665 50988106
f 35719613 10748683 163316258
f 10748450 7340145 35717665
f 7340577 35324444 35651692
f 35324012 6946923 7012464
f 50857034 50856715 50989501
f 50858429 163449282 163645885
f 163449277 163446949 10748015
f 7340143 7340197 7143535
f 35324014 71893105 50856575
f 24314495 24314633 50856559
f 50858136 144114287 50858434
f 163643897 163645592 163447289
f 32899577 7211455 32901567
f 41812340 71763016 24314640
f 24314479 51315472 40763816
f 144114088 27722351 144114283
f 144114134 144114283 33030614
f 144245206 32899577 144245241
f 34998426 34996727 32899183
f 51315822 51315784 74384494
f 8258672 27722512 8258320
f 30670975 52756904 30671272
f 40502054 8323496 52757099
f 8323691 8323542 30737249
f 30738586 72745825 74253424
f 72746096 24379765 74383487
f 24379519 30605780 8257665
f 8258005 8388737 30671622
f 30671473 30671622 52757105
f 52756501 52757105 8323093
f 54068311 170131829 54067573
f 170131829 170131924 30605762
f 30605441 29426114 8390733
f 8389382 139200589 50661931
f 50660103 50661931 40895239
f 72745786 24445302 54067575
f 72679799 27788090 72680250
f 27788090 27789861 170131923
f 170131906 30540243 29427787
f 29427789 139069515 139199348
f 139201067 24511348 72024438
f 24511574 134612999 72680528
f 72679875 72680528 27787715
f 27787690 27787715 39453098
f 27787731 39453275 30540224
f 30541899 29295040 139068818
f 139068276 72287634 72091655
f 71828557 71828560 72287317
f 29492309 72614992 29493254
f 27854854 27853251 140838918
f 57935974 54591914 57934250
f 54591914 29295195 54592091
f 53216066 93389248 53215680
f 24577097 24577109 72614126
f 72615942 134545646 140839013
f 37750885 57935974 37750886
f 40567361 56230773 40567669
f 56230773 53216066 56230722
f 58393435 58852141 58393389
f 58852141 37750162 37816421
f 37683778 40567361 37683777
f 58589760 50004588 58589804
f 50004588 58393435 50004827
f 149226236 58655612 149226364
f 58655612 37684099 55837250
f 58262357 58589760 58262080
f 58196858 58327935 58196863
f 58327935 149226236 58327804
f 64160635 64293094 64162022
f 64293094 58262400 55706453
f 149291859 58196858 149291898
f 148703463 174326649 148702073
f 174326649 64160635 174326651
f 174262885 171508692 174261204
f 171508692 55837654 55706454
f 56755030 149291859 56755027
f 64029539 148703463 64030951
f 175047634 64227550 175048926
f 64227550 174262885 64227941
f 60490709 165022308 60492388
f 165022308 56756794 139330390
f 164104271 64029539 164103011
f 74058185 175047634 74056658
f 57148523 60557936 57150064
f 60557936 60490709 60556245
f 45220765 43058076 45220764
f 43058076 74058199 74123721
f 58459244 57148523 58459243
f 50398077 169149289 50398057
f 169149289 45220765 169149341
f 62589462 43451059 62587571
f 43451059 58458770 63964268
f 43320273 50398077 43320189
f 50463382 45286146 50463490
f 45286146 62589462 45287958
f 166462132 147850172 166462396
f 147850172 43319960 59900881
f 169411475 50463382 169411222
f 147982874 148112131 147981059
f 148112131 166462132 148112052
f 166462145 166463701 147849921
f 46203585 46205137 147849920
f 43451072 169412817 166200211
f 166529513 147982874 166529562
f 147982677 147982830 148113749
f 46139733 156502229 46140009
f 46138554 46140009 46204090
f 66651322 66650818 46203584
f 166201838 155976763 70912494
f 156502349 174590446 174393685
f 174459494 156371561 174459497
f 156371561 156370106 79234040
f 79234042 66520056 66651069
f 66650139 66651069 60620827
f 66650816 174457758 67045990
f 84280320 156306023 84281959
f 156306023 156305747 156371280
f 156369912 140052816 156173304
f 140051448 62654997 169083896
f 67044615 158271856 84281746
f 84281711 84281746 156305775
f 156304296 156305775 42664872
f 156305744 65208972 42666320
f 65210704 160499802 81725808
f 80807136 158075282 80808338
f 158075282 82446703 158075247
f 82446703 82445224 61277155
f 61277156 61277155 42664932
f 81724626 80741585 80807070
f 80808508 80807070 158075452
f 158075451 158075452 82446907
f 82315835 65144043 82314475
f 65078505 65340387 65078243
f 65340387 77399012 153421009
f 171706662 83428510 171705502
f 83428510 173083196 83429948
f 173083196 173083195 171574327
f 171574505 70648887 82314471
f 82314210 171705575 264486
f 157417477 157420093 171705594
f 157418746 83428608 173081856
f 70255872 70650450 70257234
f 171050033 82183223 171050039
f 76810803 76154087 76809447
f 76154087 157418466 83823031
f 83821133 83823031 83558989
f 83821617 83559676 70257259
f 70257203 174721643 171051372
f 171050133 158009708 76809366
f 76810533 76809366 76155173
f 90638775 92471885 90636877
f 92471885 154011951 38536444
f 154010876 174720251 83494140
f 70386939 158009963 70388331
f 81986611 76876140 81987948
f 92472690 91293032 92472303
f 155714543 83232132 155714948
f 154010871 70190468 83233071
f 83493936 70388015 70190331
f 70190131 81986808 83297331
f 78841192 78644594 78841202
f 78644594 154732858 91292655
f 154731503 79627456 65930225
f 155714545 155714543 151454705
f 155650312 155650377 155714807
f 70191432 154731767 28116145
f 79626670 79628602 28311982
f 78774705 66061504 78775488
f 66061510 154338483 80020465
f 154338289 154339592 151456055
f 151456072 154536247 155649283
f 155649072 78775555 77660593
f 75629730 80020659 75629747
f 80020697 80020611 154338521
f 154338485 78906585 154337293
f 788788 154535109 79956276
f 157680837 84019511 157681975
f 79889570 75629699 81265860
f 79889625 78906562 79758553
f 78906418 78906562 157615154
f 788838 787637 70060390
f 79954990 79953933 83166254
f 79956327 79889654 79824034
f 79890744 79889603 154667320
f 154666180 154666178 79758386
f 154666034 157877300 70452274
f 157877298 174656106 70322534
f 174655846 70124591 157615150
f 154600607 154600643 65733791
f 83952620 83953976 154601785
f 83953977 853044 83952692
f 853044 156895594 854378
f 156895594 82248936 157878890
f 82250346 82052325 174654511
f 65733890 168167943 83952906
f 84477186 156827662 84475918
f 156827662 28838235 156830043
f 28838235 82642158 156894440
f 82642152 160762262 82248933
f 168166566 168166380 77726886
f 168166389 168166563 157287413
f 168166666 157092193 157287690
f 157091082 461146 157092186
f 461146 168755641 459193
f 168755641 84083972 28837102
f 77726709 66585593 66324716
f 66324830 66324716 157288798
f 157092079 157092076 461039
f 459919 461039 168756367
f 168755215 168756367 157155343
f 84085087 84085264 160303455
f 83757455 82642180 83756292
f 160761087 168690926 919903
f 168692063 156961116 157157775
f 156961167 157026653 160303458
f 160302335 157354338 83756247
f 83757462 81134807 160760979
f 160761061 76678291 82052330
f 82052143 28771562 156961117
f 28772701 84346120 157026656
f 157026658 157223264 157351942
f 38600710 81135970 38603106
f 69272142 76678359 69272791
f 1836066 82379923 1836179
f 84347232 84149509 157220870
f 84148230 328758 984118
f 330028 327696 38603052
f 38406444 69272142 38404686
f 62128715 1836066 62129186
f 8520629 160432157 8519709
f 160432157 70583530 984117
f 149881909 75825168 149880848
f 75825168 38406444 75827500
f 77530246 62128715 77529675
f 81003680 8520629 81003445
f 70583349 45943379 173147189
f 45941813 149880858 1639477
f 1114138 1116400 149881990
f 1115270 77531427 153224326
f 69993526 69995091 173148394
f 173146865 173148394 45941489
f 45941565 45941489 71172925
f 1639487 1639102 167183423
f 1638418 1378808 69994730
f 149488371 149487638 49283827
f 49283875 49283827 54264611
f 54264638 54264611 49218366
f 54264895 71172848 167510768
f 71174648 1116669 167512568
f 1377534 83690541 1376753
f 1376783 1376753 49414671
f 49414610 49414671 52560338
f 52560366 52560338 54329838
f 54330019 54329838 148767395
f 49219807 32441150 83689969
f 32506354 32506352 34472434
f 34472431 34472434 30474735
f 30474703 30474735 32309711
f 32309378 32309711 44171394
f 44105858 45810339 44106403
f 45810339 32442591 32571994
f 32375386 32375282 34210394
f 32375728 32375307 30278576
f 8455088 8454607 61866928
f 1180593 44105858 1179778
f 32440922 73008219 39389633
f 39388086 39389633 34210742
f 34210736 61801398 61998006
f 61866931 61866928 61670323
f 166331310 1180593 166331313
f 73009601 163842494 163383745
f 163842497 62392764 163252673
f 62392769 62194614 61998009
f 62391219 61999253 48760981
f 61997802 61997801 61670122
f 143985093 143919548 143985084
f 143919548 143983545 34146757
f 153944586 153880726 153946262
f 153880726 143919253 48761133
f 153879273 3604536 48758842
f 48758841 3670074 48759530
f 34146606 28246448 153945306
f 153945307 153945306 153879771
f 81398061 153878587 3604539
f 7864379 5701688 7864376
f 3604538 28246104 169935370
f 151390754 81330608 151388592
f 155453703 155452634 81331419
f 155452635 5571757 78382299
f 5571803 7864379 5570619
f 169937159 35193370 151388908
f 151388673 33555180 151389114
f 151390533 62456762 155452586
f 155452588 155452586 78382252
f 35193580 78185198 155517882
f 33555386 7276701 15990891
f 12058731 12058869 7405675
f 7406108 7405675 144179740
f 7405609 7407769 2752553
f 7143964 51382425 7145625
f 51382425 53936169 7144209
f 53936913 33686217 46662417
f 33686039 33686217 34931223
f 34932883 34931223 33753235
f 7209070 7209784 53936663
f 34997048 143786697 33751651
f 143786595 39977570 46334562
f 39979156 39977668 46598292
f 39913626 144246931 39912289
f 56623714 54920034 56689250
f 39911895 39912263 46334423
f 144245271 56625299 56688768
f 56688661 56688768 1245205
f 56689479 42401812 1246023
f 30802568 30802759 149029512
f 147523811 46531031 147522007
f 46531031 42074820 1310740
f 42074132 49808121 1245832
f 42404068 42402553 42010852
f 149029506 149029512 148963970
f 61016290 147523811 61016291
f 42074737 42074133 50725489
f 49873671 49873539 42074873
f 49873657 175114468 49875172
f 175114468 57541487 149095042
f 57541250 44696235 42010850
f 44697826 64488409 148963973
f 148964260 49873541 42140423
f 175112836 175112954 175309444
f 67701364 67701361 175113071
f 67699567 171444793 57541291
f 171442859 56427358 44696537
f 42142251 42140423 49941035
f 175309563 175309444 149160699
f 67766501 67701364 67766900
f 11011083 11011082 67701305
f 11012665 171442373 56426693
f 49939316 49941035 58721140
f 149160833 149160699 58786689
f 64553858 67766501 64555237
f 148571098 11011083 148571147
f 148570281 10814111 43909289
f 12845222 93388969 57869185
f 93389697 58852227 58721154
f 58852226 58655616 58786767
f 58786778 63833039 64553943
f 64555228 64357335 148570783
f 64357023 60425114 60359327
f 43909286 60425115 10813833
f 33882505 12845222 33882278
f 58655695 64291798 63833043
f 63833047 44237779 64095191
f 44237783 44237722 60359608
f 60359579 25559992 62325659
f 60424585 25559431 25690502
f 62783878 33882505 62783881
f 64291795 171510330 64094884
f 171508388 165022167 44237752
f 165020600 43057810 62325401
f 62325127 23724697 43516295
f 25559430 23724395 25493532
f 139132956 62783878 139133318
f 139133887 66716608 62849983
f 33883131 43516863 43451026
f 46072472 43516569 76612288
f 76612249 1769835 76611947
f 1770398 1770642 1704862
f 166002715 139132956 166002716
f 139133888 46074342 76612510
f 12846075 12845574 56427515
f 148440059 64488286 148439902
f 64620762 42206169 64619481
f 42337243 49742469 42336901
f 49742469 148439972 62522363
f 64422843 64620762 64424154
f 67830744 42337243 67830747
f 60687372 42271367 60686983
f 42271367 62849784 66716603
f 62849979 43254421 62521935
f 62522328 38666831 64422926
f 64422924 67961870 67830801
f 67830687 68158481 60687267
f 60687266 60687267 42271650
f 43256014 43254720 147917006
f 43254423 38668498 43385493
f 43188887 67961423 43188815
f 148505236 68158478 148505614
f 68225243 60949521 68224017
f 166003648 166004942 147652638
f 147653566 147652638 66847678
f 147655090 147653629 147917234
f 147915584 54462898 147915415
f 38732608 43188887 38732439
f 1706470 62652446 1703966
f 62652446 169083838 62653374
f 169083838 164366797 62718973
f 164365309 66847681 162595777
f 162596904 525249 136776114
f 526770 79299392 525120
f 79299392 38732590 53281600
f 164366426 164366869 137037914
f 62916652 62917069 136841260
f 62914572 62916649 136773644
f 524300 722984 525499
f 137036772 137037914 65340388
f 136840166 136841260 76219366
f 722060 722985 153289868
f 721338 79300900 28901388
f 61211066 79299771 76546983
f 76547259 79301039 53283247
f 76219362 76219366 76153826
f 153289867 153289868 153355403
f 80939301 80939300 153289146
f 172360916 61211066 172360122
f 153160263 147719079 153158567
f 147719079 76874897 153355476
f 76874964 81790177 80937971
f 80939591 66192371 172360735
f 172362018 69075999 153157635
f 153159888 153157635 147720400
f 81790180 81790102 81921252
f 158139619 66192609 158139617
f 61147502 69075955 61146099
f 81068966 132127 81069087
f 66782422 131075 147784700
f 81921272 81921252 83625208
f 81855741 158139619 81855715
f 160695522 61147502 160696686
f 77334933 81068966 77333414
f 80872605 66782422 80872662
f 83625008 83625208 84018224
f 84018429 81856868 157484285
f 81855731 81856868 173212915
f 81856917 173214292 160695532
f 160695453 82511084 77333417
f 77333715 157680553 84019556
f 157682020 157680883 82969849
f 82969656 82969849 173212728
f 173212908 70714424 82509957
f 82510761 8650885 61342933
f 61342928 61342933 80872656
f 157680889 83166454 83364201
f 83364244 83364201 70715796
f 70713477 160631188 8650883
f 8651989 157810819 70059254
f 70060393 160434768 172951913
f 160434537 8522132 160434580
f 70124590 82381392 70126160
f 82381392 81004945 80676000
f 80677208 156697760 80675981
f 156632205 156632272 80676051
f 66783575 153224403 77531480
f 153225560 156696594 2031634
f 76283936 76286296 1966112
f 156631071 156632205 147587103
f 66783437 66783575 40831181
f 40829948 1116368 2034173
f 1968637 1966112 62261757
f 147588023 147587103 42992567
f 40829585 40831181 66388625
f 66388592 66390224 147784252
f 147718716 147720400 41026108
f 76546675 167512271 62260146
f 62260138 62260146 42992554
f 66388906 66388625 164496298
f 163711439 163709942 66388540
f 41028035 41026108 163121603
f 37358010 76546675 37356147
f 167510962 49218288 61933791
f 61409503 61408178 45811935
f 164496060 164496298 68289212
f 163185683 164497871 163711419
f 163121595 163121603 163908027
f 169216454 37358010 169216442
f 37356179 76548631 43123259
f 43123857 44108207 45810707
f 44106771 148179158 68290777
f 68291003 148375769 163187142
f 148376006 68092944 163906548
f 163908119 66257908 169214545
f 169214611 1180241 44107990
f 1181910 73729126 148179454
f 148179161 167578110 148374544
f 167576592 68027407 68094167
f 68092916 148244695 66257489
f 148243025 68355092 38798260
f 43123636 166330961 1180774
f 166331494 166267370 73729127
f 73730558 73794663 167576591
f 73794575 60752800 68028632
f 68028631 148310232 148243476
f 148309012 68224018 68356315
f 68354996 166398171 166332906
f 166398442 166265913 49153081
f 166265961 73794287 73927146
f 60753001 60752999 60818537
f 73860001 148308896 73860000
f 68224104 68225240 60949608
f 61671915 166398444 7472046
f 166396020 7536755 166396046
f 70779022 70781420 7667854
f 7668793 48890397 35390521
f 48890937 61670127 7471850
f 48824435 27132318 27066483
f 7537055 27132019 7536783
f 9240719 9240692 9437327
f 9240720 9240721 7667856
f 9371766 5767287 7733366
f 5767286 7670208 35391936
f 134808093 49349355 134808299
f 49349355 60818159 49349359
f 60818159 134808681 49349225
f 49350881 49349225 60819681
f 60818536 148900065 73860003
f 148898723 40371106 144508938
f 48302238 48300649 40371106
f 148898722 48300649 2951326
f 48300772 48103470 48431842
f 48104162 42271328 39781090
f 42271458 39650210 48431839
f 39650015 144573023 48431710
f 49742432 49742470 33489504
f 61014528 61014776 147522048
f 147522272 147522048 46531296
f 48169568 48169472 48235104
f 48235232 48104163 39781089
f 48104161 39846598 48169671
f 39846599 40110240 144638663
f 46400101 46400199 46531268
f 46400196 46401684 40043109
f 43190491 38732724 43189172
f 38732724 38732435 43125167
f 38734255 173802286 173607513
f 173804121 50332416 50268761
f 50334297 50332280 41353845
f 50332277 44632581 168034933
f 44630645 50201273 173802240
f 50201344 175243949 44827392
f 175244032 40633089 175244033
f 40633089 44960261 40634885
f 44960261 44958378 44632670
f 44630715 44632670 45613755
f 45679359 44827309 175243962
f 45681267 40632941 44958394
f 45679279 173867692 44761775
f 50135724 40700510 50137694
f 40700510 44761787 175178426
f 44761854 175180402 50135671
f 50135954 50135671 40698770
f 45681266 41288316 41618034
f 41484924 41222775 41484919
f 41222775 41616274 41747130
f 41615994 234816126 228396337
f 418844160 418843953 418385408
f 418715889 418715896 430315761
f 430315930 430315761 418650522
f 418912501 418912679 418519285
f 427432179 427432185 427497715
f 430053756 418453883 429463797
f 418453749 430184869 418650355
f 430184691 427301241 418519420
f 427301244 433199571 427497704
f 427497891 417798376 430053893
f 429529330 429529509 430184825
f 429529465 429595036 427301331
f 429595091 434182626 433199587
f 433199336 434248163 417798662
f 417798661 436345350 436541957
f 436345349 429529602 406853874
f 429529155 429529153 396433475
f 429594530 429595035 431560610
f 434182586 434182556 417929658
f 432085226 434248162 432085474
f 420551106 436541923 420551139
f 436541858 436541714 436345250
f 396432208 396433475 433787728
f 401742300 401741730 396433850
f 401742266 396498851 431560938
f 396499178 417863913 417929447
f 417929666 417732839 432085239
f 432085266 418781431 420551074
f 433787727 433787728 433853263
f 433854940 401742296 433527260
f 401741813 401742296 402331637
f 396498940 396498931 396367868
f 417863585 348985251 323885533
f 348985821 433461718 433396189
f 433461725 433658330 433854936
f 433658328 396564469 433657845
f 396564469 401873369 420288985
f 402331918 348985333 433395700
f 433461236 433461718 433330164
f 433460049 433461717 342168401
f 433656934 433658327 342037606
f 433655478 433656932 396562102
f 348985332 347346101 401807829
f 347347413 257626961 246749092
f 257628068 343284185 257628633
f 343284185 347478286 343283982
f 347478286 420616576 427759886
f 420616462 427825537 420288781
f 420288508 420223245 402331553
f 427757241 427758775 420613817
f 420613812 420613817 427822772
f 405540532 405543297 427825424
f 427825421 420419856 420223247
f 420222881 420354319 396368057
f 396368105 414718137 417863909
f 417863911 405543141 246681268
f 405540699 405540533 433983323
f 427170271 420419629 427169837
f 418060663 420354320 418060560
f 419502316 414718223 419502351
f 426973442 417601721 426973369
f 433983322 433983323 434048858
f 420682208 427170271 420682207
f 427235604 418060663 427235703
f 428939640 419502316 428939500
f 420026770 426973442 420026626
f 434048861 434048858 380505949
f 385947311 385948128 434050827
f 434051348 409802507 386537748
f 409803028 427235568 418322708
f 423368944 428939640 423369080
f 380833629 385947311 380835503
f 257693364 386536562 386471682
f 409802506 409802507 381490954
f 409802497 409802430 429004545
f 423434643 409802862 418322750
f 418322749 423434558 423368678
f 423368654 423368678 428939214
f 428939530 385882062 429005039
f 429005171 423434479 426908051
f 423434214 426908019 400890239
f 400890238 400890239 399317374
f 399316969 399317374 420026345
f 420026741 420026345 426973557
f 385882351 421796133 418257419
f 426842635 418257135 426908018
f 426908031 426842482 427694600
f 427694593 427694600 427629057
f 427628918 427629057 401086838
f 401086983 401086838 427039239
f 421796363 424876372 436869314
f 436869691 436869314 436738619
f 436869490 436673033 436738418
f 415439369 415439368 436673025
f 415439361 440080956 436214134
f 440080758 420485393 427104775
f 424876226 431364535 415308355
f 415307969 415308355 440015041
f 440015426 440015041 415439426
f 436738244 440539707 401676727
f 415045618 402987587 415046211
f 402987587 402987201 415242818
f 402987586 399513553 440474166
f 440474172 440474166 415439420
f 401676478 421599530 422123710
f 421599422 403118269 414980286
f 403118270 403118086 402986961
f 403118033 399120331 399513552
f 399514166 399448016 439687403
f 439687441 439687403 440080657
f 414980385 414980386 406657313
f 403118142 403118269 399644734
f 399120339 399120392 399382483
f 403052495 399448011 403052491
f 414652423 417994704 414652368
f 406657311 406657313 406395167
f 399644730 399644734 399579194
f 399382482 399382483 414062546
f 399186095 403052495 399185871
f 405673932 414652423 405673991
f 406395177 406395167 414914857
f 399579324 399579194 399710396
f 399579174 399579092 414062630
f 414062629 414062630 399251493
f 414062540 399251405 399185895
f 399185967 421861351 422058172
f 421861564 432478664 414914516
f 432478164 438376910 432871380
f 438376404 405215270 438376486
f 405084197 418125864 405215269
f 418125861 418191598 405018573
f 432478503 432478502 432609575
f 432478662 432478666 432871878
f 432871887 432871878 438376911
f 405215695 405215778 400628175
f 418125794 421926952 432609533
f 432609532 432609533 432347388
f 432347404 432347388 432937228
f 432936906 432937228 400627658
f 414455754 418125794 414455778
f 421927165 421992744 419174654
f 419174644 419174654 419109108
f 419109131 419109108 420157707
f 420157409 420157707 399054817
f 399055028 399054817 405149876
f 399055029 419239975 421730600
f 419236990 419240228 178719870
f 419240180 178719400 418581674
f 197659818 198056180 197662964
f 198056180 198711563 198056203
f 198711563 194779105 198711265
f 194779105 209524916 178719914
f 209521834 215747805 212404905
f 212404984 212404905 197659384
f 197659608 197659384 198052824
f 198708184 198708175 194317272
f 194775958 194776025 198118294
f 193858512 193858461 194779316
f 215747241 183635167 215878313
f 183634601 183962570 197724841
f 183831498 183831288 183962584
f 183831512 186190618 198642582
f 186190742 194448280 194317264
f 222431987 222432202 320342771
f 254743496 254742315 254350280
f 254349104 254349101 254545518
f 245173870 245174061 254545705
f 344592169 344592173 254546886
f 254348957 254350280 242028189
f 245173917 245173870 331615901
f 254284741 254283422 254153669
f 254284743 254283559 344593351
f 344593553 344593351 331682961
f 338172108 338169646 413210828
f 323360930 323359785 366155938
f 176952788 176952135 365696468
f 176821709 416221837 415963298
f 416225442 416094414 413210271
f 366089887 365697186 366090402
f 365697186 416224724 416093770
f 416093605 416093770 362943909
f 416093855 419829155 362944159
f 419829407 428087685 379459026
f 379459027 373888466 334108880
f 325522411 325326410 325523018
f 325326410 325522853 334042091
f 363073296 363074405 376573712
f 376510067 371463589 376509861
f 371463589 419961097 363074979
f 419960227 342300935 252647027
f 342300275 258348658 342300274
f 258348658 325588517 258348581
f 325588517 376772134 371529253
f 376772133 376772873 419961093
f 419830021 419830025 413931781
f 428087469 333977863 325588518
f 333977126 258479734 333977206
f 258479734 368711163 376772213
f 376772869 376706677 419698226
f 413931058 413931781 372446770
f 428152372 428087469 428153005
f 368710671 368709481 371594255
f 368711285 371594791 376706682
f 377034357 372315764 376641141
f 376641074 367728108 372315700
f 367728180 232590814 372446890
f 372447622 258217642 336467495
f 258217511 377034234 368645671
f 336532986 336533114 377034219
f 367990251 367990394 377034365
f 377493117 376641146 377493114
f 377493108 336532972 258217466
f 336532971 333845480 333911531
f 333845995 336270832 333846000
f 336270832 377230831 367924720
f 377230348 377230831 336401420
f 368579598 367793789 368580221
f 367793789 377493112 376903293
f 377492992 377493112 368973312
f 377493086 367728127 375199361
f 232592990 376903148 369038594
f 369038846 369038594 352261630
f 368973056 368973312 352130304
f 352195838 375199231 352196095
f 375264511 232592990 375264862
f 376902914 376837751 352392706
f 352392474 352392706 368907546
f 368907653 368907546 356390277
f 352261439 352261630 356586815
f 352130370 376902912 376837753
f 383653497 369170039 383653495
f 369104607 352327170 369104386
f 352327170 360912154 352326938
f 360912154 376968581 367793784
f 367859181 257824377 367859321
f 257824377 336204811 376968832
f 377362048 383653497 377362041
f 383587967 369104607 383588063
f 257824237 257824238 258741741
f 333780461 333778797 368580077
f 336401913 377426918 347018251
f 377099440 377362048 377099904
f 377361916 368776827 377361906
f 368055794 383587967 368055935
f 216471025 352589534 216471262
f 352589534 377099777 347411632
f 368776374 368776827 346821814
f 377558189 368121340 377558524
f 246290050 246355442 246289906
f 246355442 368055805 368842226
f 377624061 377624049 368055932
f 368053480 377558652 258544813
f 377556655 176820074 366089677
f 177935827 177932939 366024147
f 258414034 258411164 374478290
f 338105939 338104168 374347347
f 177870417 177869864 374412881
f 177804882 366021275 374479237
f 374348165 374347347 428153221
f 374347390 374348166 374412926
f 385816190 177804882 385816146
f 323294976 323291802 374544128
f 323491412 323490630 374675028
f 258283094 377295689 380180870
f 380180094 361305482 377296627
f 385816307 385816190 374544115
f 374675187 374675028 374609651
f 374675031 258283093 374740566
f 252515927 252514150 365762135
f 252319182 361303822 233772714
f 361305751 378932720 361305618
f 357045778 357045642 361305843
f 384964181 374609225 375592265
f 374609495 374740580 365762148
f 375592398 252319366 377820622
f 232593066 375262704 232590832
f 375262704 351868567 375264919
f 351868567 351802617 378934802
f 370218230 370218233 388764918
f 361371437 357045778 361371154
f 393483659 375592265 393483593
f 393483876 375264902 351868159
f 351868163 351868159 351999235
f 351802620 351802618 351606012
f 351606152 351606012 356783496
f 388764997 388764918 356521285
f 383391041 361371437 383391533
f 352130303 361108739 352130307
f 361108739 356455744 352457980
f 356455676 356652424 356455816
f 356652424 361239945 361174341
f 361239877 356717892 356783425
f 356586750 353768839 356586887
f 353768839 370087440 361108800
f 370087232 391124291 370087235
f 391124291 421271837 356652425
f 421270921 416422099 361239876
f 361043266 390534423 361043223
f 390534423 390993743 353768976
f 390993424 390403921 390993745
f 391125199 421271366 416159569
f 416422095 361044253 356390210
f 356324671 390665606 356324742
f 390665606 393156424 390666056
f 393156424 391059280 390534991
f 391059279 356325190 360977727
f 370021765 393221438 370021694
f 393221438 390600522 393221962
f 390600522 390600560 393156479
f 394139504 394073982 393156432
f 360977935 360912260 370019848
f 370022167 370019848 393221911
f 393219638 393221911 390598198
f 390600078 390598198 394139022
f 389944718 394073983 389945215
f 360910344 216993008 235345213
f 235345782 387323197 393547272
f 393549591 387323767 437852023
f 437851927 352325174 360910064
f 352324848 354030875 216993007
f 216995133 216927471 356259203
f 356259096 356259203 393549080
f 393614616 393615222 331486488
f 437851075 369104759 352326939
f 369104155 352589061 354031092
f 354028783 368252404 216929568
f 216929667 355538208 354358659
f 355538307 360781186 360846616
f 360781080 331355452 356193560
f 331486145 368252184 353637637
f 352523541 354358772 352523764
f 354358557 354358532 355538205
f 355538206 355538205 354293022
f 360781087 360781106 355996959
f 356193593 353637762 383522053
f 353703645 352523541 353703189
f 352521542 352523542 354159942
f 354159922 354159942 354225458
f 354225567 354225458 368381343
f 354293238 383522078 216470789
f 216471261 216403175 383522540
f 383522070 225908460 384505110
f 225907990 233835846 225905990
f 233835846 232656178 233835826
f 232656178 216403359 377162984
f 377162983 371791402 216405600
f 216405740 375395936 375330540
f 375396076 383716728 375393656
f 383716728 383847921 383716849
f 383847921 371789279 362747516
f 379131296 375330346 379131434
f 375330403 375527066 375330401
f 375395938 375461475 375396064
f 383719139 383719010 383850211
f 377165216 371723311 204346784
f 371725728 437721624 362747297
f 362747546 379131297 375526817
f 362813027 226102651 375527010
f 204347011 204347004 243537539
f 204346573 204344965 371725517
f 371724140 371725517 218500972
f 371657991 435623465 371660329
f 435623465 346888728 377622149
f 346885765 258609003 243537101
f 258610381 246222510 348917612
f 246222700 246025899 258676201
f 218502633 363007852 367529223
f 363007239 435623464 363009576
f 346887723 346887811 346953259
f 246355499 246355119 368842283
f 368842371 367531563 333713067
f 367531238 367530981 371987686
f 367531672 367531565 363009688
f 363009442 363009688 419370402
f 435624192 350557604 371988012
f 371988982 371988012 379001334
f 362879478 362878616 437787126
f 362879470 362879513 379066862
f 419370649 371922338 333649126
f 371920756 371921892 435490676
f 435490675 435490676 435359603
f 437787124 437787126 435296756
f 434969075 434969113 435100147
f 434966382 434969072 246091630
f 349834924 434969070 379065563
f 349836953 367334883 367138457
f 367335065 419371399 428218009
f 246093019 333582194 259069147
f 333583579 176231907 333583843
f 176231907 176231910 367333231
f 367334880 367333231 428217824
f 428215674 226039264 428218542
f 428218903 428218542 419371543
f 419371512 258873879 259000962
f 366940017 366940015 258936689
f 367267696 366941664 367400421
f 366939514 217060839 367398266
f 217058682 435558574 217061550
f 435558574 435558935 437656056
f 435558904 362813976 435558936
f 258938341 333452257 367269354
f 367269338 367269354 367400410
f 235607514 367400423 226102796
f 226104807 362810609 226102513
f 362810609 333519351 333452778
f 367595384 367596514 366677880
f 366351836 367597034 366548439
f 366546444 366351831 235607650
f 235605371 259462754 366679519
f 366810591 366351836 366810588
f 366810583 375461603 383915479
f 259462623 259329910 366876125
f 366613981 366810591 366613983
f 383915483 383915486 384177627
f 383850215 383850211 383784679
f 232658657 366745314 259264374
f 367202165 365237725 367203805
f 365237725 366613992 367465949
f 366614244 366613992 384177892
f 383784676 383784679 384243428
f 228071144 232658657 228071137
f 228461977 367201759 245829493
f 367203296 367201960 365237216
f 365171680 365041094 365172166
f 365041094 384046568 365041128
f 384046568 384046820 383981288
f 384046824 384702191 384241153
f 384241049 234884609 228068471
f 228068767 209063031 228464118
f 333387205 333321183 365172193
f 365172184 365172193 365041112
f 365041385 365041112 384046825
f 384046822 384046825 384702182
f 227612390 234886895 227612399
f 224791954 209063425 224792065
f 333321697 333255646 367007193
f 366482913 366417368 364844505
f 364844504 364844777 384308976
f 384112368 384112361 383457008
f 227677916 227612390 227677926
f 222760339 224791954 222760338
f 333256153 259395447 366482876
f 366482880 364582332 364844484
f 364844784 365106628 384765421
f 384765403 384765421 383454683
f 213126619 227677916 213128924
f 208932021 222760339 208932243
f 259397052 259788669 364582333
f 364582340 364647869 365106658
f 365104621 367072738 233573852
f 233573870 233573852 232394222
f 232396530 232394222 205723378
f 232393909 364645444 245567357
f 365629092 367072701 365630909
f 365565388 232461794 365565410
f 365499851 191761884 365497820
f 191761884 384830958 191761902
f 384830958 365631218 252055204
f 254873351 364975564 254875084
f 364975564 365565393 365958604
f 365565368 365565393 365434296
f 365565386 254875081 336072455
f 254873257 254874633 364973737
f 364514985 364778946 364516802
f 364778946 365303239 364975569
f 365303249 365303224 364320412
f 364320421 379852444 364320201
f 365434312 365434533 365499848
f 245896635 245763751 364514355
f 364776499 204608955 364778937
f 399775161 404297151 399775167
f 404297151 379262407 404297159
f 437524506 379393692 437524124
f 379393692 204609189 251858599
f 364711684 364383283 364710963
f 364385722 364385726 364910010
f 379327937 399775161 379327929
f 399775392 399775389 399972000
f 404297688 364713941 245960452
f 364449450 364451262 333188778
f 364909533 364910010 259724253
f 324210556 436147649 324212161
f 436147649 379327435 332010945
f 379524043 379524765 431690699
f 379197884 379197088 379525080
f 259724116 246484658 324211538
f 324213246 324211538 436148734
f 436083198 431692288 436083200
f 431692288 324080587 246419122
f 436017663 435821051 436083217
f 436083134 436083217 431692222
f 431691419 240064958 431822491
f 240064155 341644119 324408987
f 341644955 399972009 380114587
f 435821073 332403665 437259851
f 437259856 437259851 431820368
f 332402251 350031663 341644969
f 350033577 437459476 380114904
f 437458904 404298262 437589976
f 404298261 437590550 437525008
f 437524136 437525008 379393704
f 437458143 437458142 437195999
f 437590544 220928532 350099984
f 220928528 239605416 220927656
f 239605416 239996495 380049054
f 239998622 221056302 379393701
f 221058725 221058504 365369028
f 365368778 239867588 239603279
f 239865423 382080711 239996206
f 382078254 381884101 381947182
f 381884099 381884101 382146243
f 365500104 382146244 365497199
f 382080078 382078541 386274382
f 382080707 382080775 381949635
f 386272564 386274382 238095668
f 381816370 381818631 238489138
f 382144056 382146243 238161464
f 191761971 381753032 238160751
f 381750127 240326385 221449778
f 240324146 239668810 238095928
f 239668792 220597543 238489139
f 220597811 369301186 220600002
f 369301186 375002715 381753073
f 375002865 378803861 384833266
f 239670506 239668820 324277482
f 220599125 220597834 369300309
f 369300998 369300309 369366534
f 375002629 375002628 384636421
f 378803950 378803803 369235694
f 384570883 384898709 384571029
f 205723373 240195314 350819157
f 240194389 240129542 240195078
f 240129542 358487391 369432069
f 358487557 355079467 369366766
f 355079918 355145004 384636419
f 355145219 205786181 369235304
f 369235693 359077224 384571154
f 384568388 347215634 240129375
f 347215199 355210541 358487339
f 355210539 358684002 355079468
f 358683948 358552928 355142725
f 358550597 354817321 354946117
f 354815045 359074998 213191749
f 222500019 222500141 355210594
f 222500194 226954632 358684000
f 226956640 354751782 358552873
f 354751785 355013924 354620713
f 355013929 222500135 208999603
f 222498380 222497910 380636748
f 226956977 226954564 380704433
f 354752178 354749832 380769970
f 354621107 354620710 254088883
f 354619162 354619174 355012378
f 380638388 380636748 435885236
f 380705276 380704433 435952124
f 380770813 380769970 395713021
f 380769827 380770199 254088739
f 254089066 254088739 253302634
f 435883603 435885236 435752531
f 435952122 435952124 435689978
f 435951511 395713017 371202553
f 395712400 395712033 371333008
f 392763280 392762915 390207376
f 390141763 390141802 392761114
f 435752533 435752531 381292117
f 435689147 435689978 380573371
f 435688993 371201712 381228720
f 381228577 370349588 371201936
f 370349968 370677273 395253571
f 381161045 381228731 381163195
f 381228731 381163184 243732053
f 361500296 370284217 361502393
f 370284217 370349754 370284218
f 370350209 370349587 411506817
f 370349604 370350216 370677284
f 370415140 390207001 370415129
f 243733901 243863178 361502092
f 361502849 361502092 370284673
f 243864972 243469956 361437284
f 361437315 361437284 411048067
f 411506819 411506817 410982531
f 371398784 371398792 371267712
f 371136034 371398180 370415136
f 243472484 346756268 409147522
f 411179138 411179108 410916994
f 410982527 410982531 210573439
f 371264654 371267712 229969038
f 394792374 371136034 394794530
f 346757250 324146003 411112795
f 410916187 410916994 357897563
f 210572630 210573439 357963094
f 229971287 229969038 358356311
f 394728797 394792374 394726838
f 324146523 244125326 358225236
f 357897556 357897563 358159700
f 357963098 357963094 358094170
f 358356313 358356311 358290777
f 389223772 394728797 389223773
f 244127060 243994252 357766728
f 358159944 358159700 385095240
f 358094581 358094170 385685237
f 358291198 358290777 382998270
f 389158613 389223772 389158236
f 243996232 243928715 373757511
f 385095239 385095240 373626439
f 385685062 385685237 385619526
f 382998269 382998270 383194877
f 382736088 389158613 382736085
f 243930695 243797641 373692110
f 373692121 373692110 373626585
f 385619673 385619526 392632025
f 383194984 383194877 355473256
f 383194415 383194417 355734831
f 383194833 382539061 243666569
f 435228295 434902734 435230414
f 434902734 434902745 383260520
f 434902888 404232217 392631601
f 355472696 355473433 355341624
f 355407160 410391855 355407151
f 410391855 435230005 239931015
f 435230810 435228238 435034202
f 434903535 434903538 435165679
f 434903254 434903537 404232406
f 355932374 355932185 409475286
f 355931995 355407977 391779640
f 435034206 435034202 417536094
f 435165412 435165679 416553188
f 416618709 416618993 416684245
f 416684246 409475177 419633367
f 409475481 429398276 409474907
f 417533194 417536094 426642698
f 416553327 416553188 426580335
f 416553175 419764590 426580183
f 416684292 419633414 419895558
f 419895556 409933936 419633560
f 429398424 412424452 218700143
f 412424559 412227731 426645870
f 412227950 412162194 426580230
f 412162310 417405192 412162312
f 417405192 409934115 421665032
f 412227941 412227734 408426853
f 412227810 412227673 412162274
f 408426852 408426853 417470820
f 417405155 417405017 408361187
f 421664856 421664994 430905432
f 409934256 409934115 408099248
f 410196052 429332592 410196080
f 425204068 417470691 417274201
f 417470823 417470688 408361319
f 408361328 426711399 408361392
f 430905428 424089968 426711124
f 410589512 410196052 410589268
f 425924953 425138520 425204067
f 417274211 426187097 425859296
f 417274197 424941928 417274215
f 424941927 424155465 426121584
f 410261833 410261872 426711368
f 425138531 249826823 235280739
f 249829731 324342614 425858965
f 395581795 395581800 426187072
f 426187075 426187072 424941891
f 424155459 424155477 410523971
f 424155487 424155257 410261855
f 324341022 324341477 177409310
f 177410902 396040092 324343701
f 395319196 423565205 395319189
f 424286097 424286528 423565635
f 424286531 423827780 423762041
f 423827577 421140763 410523999
f 177409336 177409310 177278264
f 249563794 377883284 249563796
f 377883284 377952156 377886620
f 377952156 424286097 377952145
f 424285836 424285832 424613516
f 423827792 423827787 424483152
f 421140814 249567556 249629330
f 249564445 249564898 221580573
f 377883958 377884385 378080566
f 377951882 377951879 378214026
f 378148490 216733324 378148492
f 216733324 216734032 424614223
f 424548688 221780302 219942198
f 221777206 324473688 221582986
f 324474506 378148496 378476170
f 424545789 324930796 234625359
f 324933967 407574604 424548686
f 407574862 421140700 417012046
f 421075164 425597211 421075227
f 407571964 407573343 416878076
f 417011930 417011788 416815322
f 417011994 423631065 416815386
f 423631130 426056038 421075295
f 425597281 425728358 425597045
f 416877942 416878076 423693686
f 416815426 416815322 423631170
f 423630062 423631170 424416494
f 426056013 426056001 424352077
f 426056033 234494284 225777986
f 234494274 324867310 234493166
f 324867310 424024391 351082829
f 424024397 425400668 424417612
f 425400652 425662816 424352097
f 425728354 407509344 425793889
f 416946251 416946529 425728117
f 424021308 424022878 425463100
f 425400669 425400647 424679773
f 425662801 425662812 369629521
f 425662818 369628681 425792819
f 417076531 417077602 425793611
f 425463037 425463100 355273981
f 425465143 425465134 424678711
f 424678922 424678711 369628682
f 369628467 369694218 355604576
f 425531488 417076531 425530675
f 355273983 355273981 395447551
f 355276336 355276691 355866160
f 355865971 355866160 369694067
f 369694816 359798131 408885343
f 408950879 425531488 408950880
f 395449579 395447551 372118763
f 372184623 372184979 372053551
f 372184588 372184622 359798284
f 359798879 371070476 369825887
f 371071071 385423098 408819835
f 408819809 225581179 350885423
f 225580591 395909018 372119086
f 395908654 371070870 395646510
f 371070510 234296844 225580954
f 234297242 409278565 409212826
f 409278362 409999254 409278358
f 409999254 409998879 371070714
f 409999098 410327158 385422994
f 385423483 234362514 234297445
f 234362981 424745298 409213030
f 424745062 407312710 423958630
f 407312486 407312497 409999478
f 407312502 407377993 410326671
f 410326674 234362511 424745450
f 424745512 424745450 423959080
f 407312936 407312710 438901288
f 407378474 407377992 434641450
f 407771625 378411081 407771209
f 234363370 437328402 434706963
f 434706919 434706963 438770151
f 438770217 438770151 438901289
f 434641449 434641450 434772521
f 439949803 407771625 439949801
f 437328403 434575848 437393893
f 437393957 437393893 434510373
f 434510371 434510373 438835747
f 434772515 434772521 439097891
f 439884333 439949803 439884267
f 434575845 438180383 434379310
f 434379328 434379310 438573632
f 438573631 438573632 438442559
f 439097919 439097891 414259775
f 414324914 439884333 414325293
f 438180398 439228975 439162842
f 439162845 439162842 440342493
f 440342833 440342493 440277297
f 414259505 414259775 422385969
f 439818542 414324914 439818418
f 439228378 423237595 400168922
f 423237594 429070741 429135834
f 429070298 415111133 429070301
f 415111133 415111473 422582574
f 415111470 415176896 422385968
f 422386232 423237936 429135418
f 429135561 429135418 429070025
f 429070026 429070025 415110858
f 415176394 415176895 364189386
f 431101366 422516928 431102144
f 414194099 422517040 439818417
f 423237178 431101632 364123574
f 431232437 431102387 414194101
f 431233201 414193714 420943922
f 414193941 433920280 420747441
f 414194232 437066206 433920568
f 437066296 431233203 363468213
f 405804459 401217973 405805493
f 401217973 420878386 401217586
f 420878386 427366680 420878616
f 427366680 405412117 427366677
f 405412117 431299038 405412318
f 431299038 405805582 386405803
f 363534089 363534385 405805035
f 364058028 401217515 420877748
f 386012596 420878615 427366147
f 386013562 427366149 405411589
f 405411393 405411589 431298113
f 386405804 400758186 363402668
f 400758188 414587063 363533748
f 364058371 400824503 414586627
f 386012595 364255205 363992835
f 364254979 388568837 364254981
f 388568837 405608001 400758967
f 405608631 381032421 405608421
f 381032421 363992750 380442597
f 363861678 389879219 363861427
f 389879219 389682615 389879223
f 389682615 387520298 389682986
f 387520298 387651356 388568641
f 381097655 380901038 381097646
f 380442033 380901045 363861423
f 363795887 389617073 363795889
f 389617073 389879614 389683002
f 381032120 246879917 380376760
f 246879928 343346871 246814392
f 343348920 381556415 381097653
f 381556405 342103608 372709045
f 342103733 323751778 258021045
f 323753653 372643383 380900783
f 372708472 372709055 342103160
f 424089819 426776693 416946504
f 410589553 408164680 426776698
f 410589354 410589269 410196138
f 410196360 410196138 429332872
f 417339611 430971249 417339761
f 430971249 419436629 430970965
f 419436629 413735082 419567873
f 419567786 419568008 428284298
f 428284313 428284298 429332889
f 416946401 408688986 425269473
f 417339673 417339485 430971161
f 430971033 430971161 419436697
f 419436626 419436697 416028754
f 416028929 416946435 425269323
f 425269595 408688715 425335130
f 431036763 430577757 431036509
f 430577757 408689005 421009773
f 426383725 421009689 412621163
f 412620891 412621163 407967835
f 417077323 417077595 425335126
f 425335218 425007446 431036499
f 430577747 430578098 407902291
f 430578089 426448977 430447019
f 426514796 426449323 426514795
f 426383451 425007468 407640285
f 424810573 408033622 424810838
f 391715155 391714899 408033361
f 391714897 375854797 382474321
f 375855185 375855529 430446703
f 426449007 409868713 426448987
f 407640414 407640285 417143134
f 417208542 424810573 417208397
f 392370399 391715155 392370515
f 388503396 391714650 389814057
f 382474045 382474074 383063869
f 375854806 408950477 425531614
f 408951006 355669300 417142862
f 417143007 392370254 407705823
f 392370072 392370254 391845784
f 392369961 388044636 391845673
f 388044585 388437800 388503357
f 355670139 355670113 395188347
f 395843471 407704884 395842868
f 407705496 395843481 395777360
f 395777826 395777360 391845666
f 395187858 395188347 378279570
f 378017421 395843471 378017679
f 395842896 395974281 378017104
f 395973968 357635410 357504802
f 357635874 388175652 388044584
f 378279567 378279570 378345103
f 395974286 378017421 395974285
f 378345551 378345103 425072719
f 359733591 395974286 359732878
f 357635442 357635995 361960818
f 388175252 388175186 387782036
f 388241182 388437796 388241188
f 425073210 425072719 437131834
f 409016847 359733591 409016663
f 361961570 361960818 358029410
f 387781976 387782036 387978584
f 387847969 388241182 387847966
f 437131833 437131834 436804153
f 431168010 409016847 431168015
f 358029748 358029410 387455412
f 387979033 387978584 388306713
f 388110118 387847969 388110113
f 436803763 436804153 437065907
f 420813326 431168010 420813322
f 387455254 387455412 387586326
f 388306715 388306713 387651355
f 388699932 388110118 388699942
f 392566572 392304419 392566563
f 392304419 420812575 431299086
f 387586486 387586326 373299638
f 387651137 388699931 387520284
f 387913498 392566572 387913516
f 388634400 392566631 426317611
f 392566921 392567146 392304777
f 392303957 392304777 357373269
f 387847502 387848035 388240718
f 387520288 387716893 387913515
f 387716907 362288709 373561131
f 388635024 426317209 428807979
f 428546448 412490090 428546410
f 412490090 389683337 387520285
f 389682973 386930449 387716677
f 386930245 375789414 392500805
f 373560900 362288743 373495365
f 362223172 426251673 362223001
f 426251673 428546448 426252688
f 389617467 386930449 373233466
f 392500800 392501009 376051264
f 376051558 392500825 374806105
f 392500839 375068248 374806119
f 375068263 358618465 375789124
f 373233072 373233466 366220720
f 373233103 373233109 376051151
f 365827691 376051122 372905394
f 376051289 373036603 372905561
f 373036633 374937178 374871640
f 374937176 363796060 366220713
f 380310953 379655637 380310997
f 379655637 379655631 365828482
f 427890127 363924876 227218895
f 363730352 323818921 363730345
f 323818921 252448524 252384681
f 252450217 363206055 363337128
f 363337388 372577704 363729742
f 372577102 372577100 323687245
f 372577101 363730487 372577847
f 363204367 363204365 372379407
f 363206056 252581427 372381096
f 252581288 257953633 363271632
f 363271852 365893072 380311093
f 379655733 379655852 380966453
f 363140790 379655842 428348838
f 427891081 427955874 428349826
f 427956610 429267351 427888012
f 177739317 177739446 380966566
f 380967004 380966566 430381148
f 363141544 428742326 430380454
f 428742054 380245675 363141513
f 380246409 177740163 177608245
f 342234677 342231703 366286389
f 257889750 257889383 365893078
f 257955280 372510560 366286288
f 177739430 184355582 379917987
f 379917991 379917987 408622759
f 184358563 258084707 379721383
f 258086567 258150244 379983524
f 408622756 379786919 408623405
f 408623313 408623405 428611793
f 430381453 430381148 428743053
f 258152100 257757022 379786884
f 379787565 377689732 422320428
f 407443756 412555565 407443757
f 412555565 412555473 416291026
f 416291214 416291026 428611982
f 257758852 422253386 323556996
f 422254666 416356651 412293272
f 177674388 184490194 177674450
f 184490194 374216271 416356750
f 374217102 374019660 428677526
f 428611990 428611982 428743062
f 412289688 429197974 428742315
f 429201067 379590305 380246403
f 379591043 416487636 427956631
f 416487831 421468448 429264270
f 429264268 377752974 429201057
f 410850949 379590305 416487550
f 421468286 410851540 421468019
f 393353504 227347856 227481888
f 386207120 363924878 386207118
f 363924878 374148492 429201029
f 323425870 373954181 323425925
f 377820747 393483909 377820805
f 393483909 393418878 393484414
f 393418878 374151027 374020502
f 374085196 374281806 374085198
f 374149960 374281808 323424010
f 323424009 323424010 373952265
f 373952267 373952265 377818891
f 374019661 374216271 374082303
f 374084427 374082303 374281035
f 374279946 184423243 184489551
f 361371509 383391604 361371508
f 383391604 384440043 393418611
f 384440179 382015240 386340723
f 382015347 386207120 382012816
f 384440114 384440027 351672114
f 384439868 384439543 386340412
f 386340612 386340412 382015236
f 382015037 382015236 386209341
f 386209339 386209341 363927099
f 356521691 370153266 356521778
f 370153266 356914503 389092599
f 356914423 369497336 351737079
f 369497335 378869308 369497660
f 378869308 374937348 378869508
f 374937348 356521533 370152772
f 370153356 370152772 394467212
f 356915076 356914705 390928260
f 351737678 351737159 390797134
f 351737437 351737676 369497693
f 369497834 369497693 378869482
f 416421188 413800332 416421772
f 413800332 394467583 419305356
f 419305348 221515061 394467150
f 221517646 390862663 390469454
f 390862670 357701452 390862668
f 357701452 416421469 413800655
f 413797644 413800655 428018956
f 413800620 413800836 419305644
f 419302709 362485932 413863221
f 362419612 362417461 221517639
f 362420039 357569873 390469453
f 390404303 390401292 218830226
f 428021138 428018956 362091922
f 413865366 413866372 362485142
f 362485898 362485142 389748874
f 385357628 362485148 362419961
f 357570297 220665243 390403474
f 361830268 393940264 361830544
f 362092688 362091922 411637904
f 411637901 411637904 411965581
f 389748879 389748874 411900047
f 385357966 391059260 390401320
f 391056680 220665232 393942416
f 393942910 393942416 227022718
f 393940479 393940361 394006015
f 412030845 412030844 411834237
f 394073936 389944720 394071433
f 389942665 227019550 234752798
f 234755981 234752798 227809165
f 234755973 234753429 410457989
f 394008696 410455551 394008701
f 411834493 395057021 389942046
f 389945229 385226487 395057035
f 395054178 395057035 227806306
f 227809414 227806306 394532998
f 394532967 394532998 394664039
f 410457991 389945221 385226126
f 392893838 394925815 392894199
f 392828780 207558539 392828811
f 207558539 411765858 207555682
f 411765858 411244678 411768966
f 411244678 392894567 357111182
f 394401098 392828780 394401644
f 394860419 394860395 392825952
f 394857568 370939421 207558796
f 370940044 411441285 411310220
f 411441292 357111940 253433230
f 362549020 394401098 362550602
f 387257757 394860419 387258243
f 394598166 394598282 394860061
f 394597917 369759755 370940037
f 369760389 370808347 411310215
f 361565980 253431350 437980726
f 362158620 362549020 362155804
f 241767831 387257757 241767837
f 387257747 387255914 241898899
f 387258246 238358124 437983770
f 437983771 437983770 435427867
f 437982615 435427829 362157470
f 362155626 362616222 241767827
f 361895794 392697246 393287059
f 392697235 361895313 241898897
f 331487770 331422235 331487771
f 331422235 400365534 437918197
f 400366069 362616796 400234997
f 362616690 400234460 393287646
f 400365426 393090926 393025394
f 393090930 331421545 331355075
f 222696385 331420610 393022791
f 400365422 331355074 222696729
f 228267289 393022791 228265287
f 393024447 393022876 393089983
f 393089984 393089983 394269632
f 392697729 353900399 356193217
f 355996988 360715545 355996953
f 360715545 228267392 360650009
f 228267323 228267392 331224379
f 331224355 331224379 331289891
f 331290125 331289891 253367821
f 394268443 355996608 360715763
f 360715619 360715763 369956195
f 360650254 360650113 356128270
f 356128028 356128270 354555164
f 354555194 354555164 369890618
f 355997171 354293023 368186870
f 368186657 368186870 358749473
f 358749685 358749473 358422005
f 369956190 369956195 354096478
f 354096632 354096478 356062712
f 356062566 356062712 354882918
f 369890600 368383290 354421879
f 354422119 354421879 368315751
f 368315720 368315751 358813000
f 358421860 358422005 368514404
f 368514405 368514404 358946149
f 358946295 358946149 359011831
f 354882919 354882918 360584551
f 360519039 369890600 360518952
f 253367678 208934413 222762340
f 208934244 205657445 208934245
f 205657445 386995703 205657591
f 386995703 378738324 368448871
f 378738023 216534249 359011711
f 216536447 369563144 360584485
f 360584574 208934181 205655221
f 205655108 205655221 386993220
f 359077650 359077524 378735849
f 359075049 213191862 216536584
f 213194248 354817319 369562914
f 369562917 354489634 354684527
f 354684708 354684527 360517412
f 360517403 253955876 253368192
f 253368193 354490240 355013927
f 242423082 242095394 242423074
f 392957556 390073967 392957551
f 390073967 394202916 390074148
f 390010689 394336128 390010752
f 394336128 392697729 394336129
f 361764738 242423657 253302058
f 390139674 392957556 390139508
f 390272834 390338413 390272877
f 390338413 390010689 390338369
f 362682181 361633600 362682176
f 361633600 361764738 361633666
f 361763774 241898895 331158929
f 394597310 390270572 387389250
f 370546456 370612036 370546500
f 370612036 362682181 370612037
f 362679915 331159064 241833375
f 362681743 390140862 387389251
f 387388949 387389251 370480661
f 387388951 371136022 370480663
f 370544235 370611744 241833495
f 371136021 394794518 371134059
f 394792555 378672888 385289835
f 378670699 394597310 378672062
f 369759891 369760134 378541715
f 370808465 394728971 394794744
f 394729208 378541966 395122424
f 378541816 389224083 394729358
f 389224334 371005237 389289870
f 371005326 370808465 371005073
f 357439006 411440667 357439003
f 351933775 351934599 411441284
f 389289779 389289780 386602803
f 389289292 389289740 371004748
f 371004751 357242188 357438797
f 357438715 357307725 351934061
f 387061357 411243771 387060987
f 409343763 382736516 389158668
f 382736140 410065020 410720012
f 410064652 357307724 410064204
f 373823602 376182093 373822797
f 382604873 382604909 376182482
f 376182547 382801618 387060989
f 387061863 352064765 409343879
f 410719541 410719953 410391861
f 410720355 410720375 410064995
f 410064457 409081955 373823042
f 373823183 373364290 382605149
f 375723869 382801615 375723727
f 382932582 352065234 382932690
f 387126996 394663165 387126525
f 409081136 409081975 376116528
f 409081410 391779948 376116802
f 391779906 391780189 391911833
f 391911818 391911833 392173962
f 391911014 392173409 375723735
f 375723732 355407575 376117083
f 375068310 375068250 384374422
f 375067974 375068394 358618438
f 358618517 358618438 356980117
f 358618692 362222920 356980292
f 356849245 357701354 375133510
f 356849045 362026323 362354003
f 356980122 356980117 362223002
f 362223722 362223002 426252394
f 426252437 426252394 428546197
f 428546334 428546197 412490014
f 357701018 362353830 393680038
f 393680282 409540714 412358520
f 393681045 409737323 409606293
f 409737365 389486878 409737502
f 389486878 389355318 421337239
f 235214163 393811110 235213990
f 393811110 409606008 393811832
f 393746298 409606251 409671545
f 409606259 409606252 409737331
f 409737017 409737331 389486393
f 357699078 390862669 235214161
f 235214713 235214161 393811833
f 385357137 409671545 385357689
f 411899641 411703404 411900012
f 411703404 389027955 411703411
f 389027955 375658297 389027641
f 375658297 376313455 389551928
f 376313656 386668301 389486390
f 412096654 388962443 412096651
f 388962443 382867249 388962097
f 382867249 385160805 382867045
f 385160805 385029876 375658095
f 385029743 385554172 376313613
f 411900049 411965583 412096277
f 412096303 412096277 388962095
f 388961905 388962095 382867057
f 382867298 382867057 385161058
f 383326050 383325942 385160948
f 383325940 373102142 385029884
f 411965205 411834509 387192957
f 387192631 387192957 388896567
f 388896368 388896567 376444528
f 376444766 376444528 392238942
f 392042334 383326050 392042338
f 407836511 430839514 407836378
f 430839514 410785342 389420814
f 389420654 389420814 376378990
f 376379131 376378990 391976699
f 391976805 391976699 392042341
f 392042047 392042341 421205567
f 392042576 386734364 409409661
f 387127400 385750798 387127054
f 385750798 373429870 385750638
f 373429870 373430011 385488741
f 392107587 392435557 428480352
f 392435263 409409931 410458237
f 394664056 387127400 394664040
f 382932756 383129343 382932735
f 383129343 392107587 383129155
f 392173271 392173408 392108427
f 392173963 428415370 428480771
f 373168387 416029067 419567167
f 421206221 407967295 416028956
f 407968028 408557648 407967824
f 408557648 408557999 430839675
f 430839402 430839675 373102186
f 373102332 385554026 382342762
f 385554189 409867979 408557435
f 393877196 393877615 375985868
f 375985769 375985868 382342761
f 382342927 382342761 386668303
f 386668342 386799375 389355310
f 389355671 388831022 412489865
f 375855215 382670540 375854796
f 382670540 386864745 382670441
f 386864745 388830991 386864911
f 357832464 411572014 357832494
f 383063656 357177040 383063760
f 357177040 357832464 357177104
f 357373259 357373269 388371787
f 388241191 388240718 388437799
f 388437821 388372263 389813974
f 388372182 266409291 331942985
f 266406985 224858086 266669129
f 224857161 224857210 209259277
f 209261368 209259277 210047800
f 209259653 266603654 266407910
f 266604518 211029984 266276838
f 211029990 211029352 224856850
f 224856845 185666322 185338641
f 322177809 322177805 185340728
f 322179896 345904282 266275989
f 345902229 215223509 211028667
f 211028754 179964603 185666319
f 185666321 185469711 185602838
f 322507542 322177809 322505489
f 322442042 206377781 266278047
f 206378143 322439930 321852218
f 321850528 321852218 322047136
f 323097402 211750048 209720131
f 211291265 211291296 211750045
f 211750042 322505885 323097366
f 320148291 209718403 209851203
f 191696003 209718401 236850030
f 209718725 209718815 210177477
f 209718425 211225736 210177177
f 211225753 210898078 320146563
f 210898051 229510575 209849198
f 229509998 192088948 191696324
f 191696415 230886852 236850774
f 236850627 236850774 230952387
f 185471766 180096147 185470099
f 180096147 224726374 210898351
f 224726447 214961361 229510004
f 214961012 184027897 192089516
f 192089540 229313964 230886825
f 230886998 185470377 180095675
f 208603835 208603837 180096186
f 224726202 241306301 213454182
f 224726225 241307235 214960889
f 184028770 244649571 241240825
f 184028588 244649622 229314197
f 229313961 208604821 203557563
f 215222971 211553315 319622297
f 208604346 213454011 208211131
f 213388394 241306810 213388474
f 244911289 244911715 241307234
f 208211129 206441576 208080057
f 206441657 213585084 213388954
f 206310588 244911770 186649677
f 241568545 241241754 241569434
f 247402087 247467618 247402082
f 247467618 203624086 206441660
f 206310436 203623612 206310434
f 203492429 186649807 214830157
f 183241935 183241505 186649320
f 186650215 182913768 241568737
f 241569472 199232481 247402088
f 247402081 247402088 247467617
f 214829805 183241936 224529616
f 224529133 201329352 180816621
f 183241536 182914049 188680941
f 192023360 199232232 192023272
f 214895723 208276687 214895727
f 208145519 214895824 197004393
f 214895971 197004223 224529764
f 224529084 224529764 180816572
f 180816800 180816572 201329568
f 208538729 210308234 208145482
f 206244938 197004393 206244969
f 206244799 195234724 197004218
f 197004644 196676538 224595301
f 224594851 224595301 180030371
f 194972579 206244540 206179402
f 195234891 195234892 190975051
f 195235812 195234659 181800932
f 195234746 181799639 196676519
f 196676965 195431335 224660830
f 224202085 224662296 195171096
f 181932824 194972579 181930915
f 266537828 266537827 265948004
f 180621275 267522020 180621284
f 267522020 195431127 267520727
f 224202739 224201639 215027699
f 215026825 215027699 319884425
f 265947845 209784803 267521161
f 209783493 209784819 209914565
f 320277851 320277854 223874395
f 320277733 320277849 184224997
f 181930748 184226584 181931068
f 194972732 224004825 223874109
f 205262169 223874267 319491291
f 216273676 319491417 216271522
f 256641698 256642277 216271612
f 224005181 178654288 319490722
f 178653858 248975064 178328488
f 178327373 329716648 256642592
f 256642894 256642592 236982094
f 256641788 223940129 178654936
f 248974480 248974682 178392208
f 330173091 329715416 330174168
f 330306479 329716648 236917681
f 215419559 215420250 215550631
f 215485659 215487244 320212187
f 244649621 247467713 244583983
f 244584030 244583983 229117534
f 229117483 229117534 240455211
f 240455216 240455211 230821424
f 247467567 241176161 237899309
f 237899313 237899309 240979505
f 240979551 240979505 237637215
f 237637166 237637215 237964846
f 237964844 237964846 240848428
f 230821468 237768240 241438305
f 196939365 308219437 196939309
f 308219437 189009457 308219441
f 189009457 212340319 189009503
f 212340319 188485166 212340270
f 188485166 241634860 241176165
f 241634917 241110624 241437576
f 241437630 193399688 196938582
f 196939755 196938582 308219883
f 266998368 188353349 266996549
f 189009065 189074235 188353705
f 189074601 348326717 241634912
f 348327520 244518548 241111929
f 241109896 326636409 193399690
f 193399638 193530762 190123388
f 190125268 190123388 266998996
f 266996539 241636564 348326881
f 348326771 348326881 244452211
f 244518547 244520132 244256403
f 209653392 326635156 209653396
f 188943488 326636409 193530692
f 188943242 226170067 349309834
f 181406579 248450707 181407379
f 248450707 199167632 248450704
f 199167632 209652514 186715792
f 209652511 209652514 186583839
f 209652548 181406496 202836851
f 185076760 191433425 185076433
f 191433425 199102160 191434448
f 199102160 253234144 199101408
f 241504025 241503200 199166754
f 241503010 192023327 202836800
f 179374912 185076760 179375128
f 185141938 200346377 185142025
f 200346377 191499114 200346474
f 191499114 247270367 191499231
f 247270367 179375897 248908608
f 179374753 179375831 178522785
f 179374858 178522789 185142297
f 185142991 185142297 200347343
f 200347345 200347343 191499985
f 201329472 201330391 248908449
f 201329313 194972576 178261052
f 178260690 178261052 178522834
f 178523161 181471954 202903073
f 248385057 236981273 248385358
f 256708303 256708305 248516418
f 191500098 191499985 247271234
f 181471996 184224828 181472801
f 332797080 332796885 332600472
f 332469204 332469207 255071188
f 255071186 345445326 332597897
f 332600271 332597897 255071183
f 332271413 332272590 332207059
f 255005651 255005646 332204677
f 332335749 176427982 332335750
f 345442953 176556679 176689025
f 176690131 176689025 332272595
f 176557953 251989766 260050820
f 260050740 260050820 332533556
f 251989892 332728968 176623492
f 332730244 251924229 260247348
f 251924276 176491141 251923077
f 176361221 176360070 332730117
f 177015547 177016707 228526843
f 177147296 206572174 177146510
f 206572174 206572285 184291123
f 254938474 254938193 323226986
f 177212155 177212832 228526735
f 228526736 198511247 177080976
f 198511248 194513817 177146961
f 194514001 211160215 206572906
f 184158865 224922985 177212654
f 177212029 177212654 235735677
f 177212047 208801294 235735695
f 177081302 208800883 198511538
f 194513842 228330454 184159593
f 228330857 325194595 224923119
f 224922862 233704943 216862087
f 216862100 216862087 175902100
f 325193144 325193117 230034872
f 232525239 233706339 232526691
f 215944669 226889199 215944687
f 181538016 179506567 181538183
f 179506567 325127572 230100407
f 225121122 230034871 181603692
f 230034909 185273044 181603805
f 185273821 215944702 234687965
f 215943947 215944702 183700235
f 215943891 216206068 325127532
f 225119665 225119460 230165937
f 181603769 181603692 202640825
f 185273365 185273044 179637269
f 185273581 185273014 205589741
f 234687554 234687244 185207874
f 230165964 230165937 231280076
f 202640842 202640825 183569866
f 202641109 202640114 179637973
f 179637483 179637973 216796395
f 216796343 216796395 235080887
f 205590020 231410925 231280077
f 231280073 231280077 231149001
f 183569864 183569866 186322376
f 183569136 183569180 248777456
f 248778125 248777456 216665485
f 231411149 224988386 323226987
f 224988523 208735597 224988525
f 208735597 332141517 225185459
f 332140211 182717157 246550157
f 182718093 182717149 182192863
f 211160426 211160178 208735387
f 208735187 208735387 332139475
f 332139234 332139475 182717154
f 182717151 182520546 182326418
f 182523026 198314908 182520732
f 198314908 198314907 194646803
f 211160219 320082709 211424019
f 198316819 194514075 211161877
f 194515733 196479927 320081052
f 320082707 194514076 196479922
f 196021170 211487671 196021175
f 196152240 319818675 196152243
f 319818675 219090070 319818902
f 219090070 176033041 219090193
f 176033041 176033335 238423341
f 208800690 235672337 208802577
f 235672337 219286800 235670800
f 219286800 219286143 176033332
f 176033069 238226996 220990845
f 238226813 219221266 226234070
f 235671054 235670643 175902222
f 175902221 175901971 219288675
f 219287092 341972067 238226706
f 341970194 226299262 219220650
f 219221718 178850474 248843249
f 178850801 191564652 200280937
f 341970324 227740285 341970302
f 179572116 178851198 179572094
f 191564469 191564458 200149685
f 248056815 191368044 248056684
f 348393162 348392297 244387530
f 244190866 179573957 179506580
f 200149684 200149685 200215220
f 250022896 248056815 250022895
f 244387560 244387530 247205608
f 247074493 244190866 247074450
f 228593339 228593295 210636475
f 222170255 181538209 179506160
f 181537776 250154730 200215534
f 200216296 200084462 250023613
f 200085181 213060788 247205167
f 247205563 221121839 247073935
f 221121679 208866420 210636094
f 210636095 222104894 222170066
f 250153716 250153683 327092980
f 325784448 200085226 325783274
f 213062508 213060590 228135788
f 213061306 213061018 348458682
f 213060911 348460230 221121652
f 202771188 250418048 202773376
f 250418048 325784447 327029632
f 325783020 325784447 228134380
f 228134488 228134380 247008856
f 183700503 185207563 202771842
f 202773381 202771842 250418053
f 250416871 250418053 250613479
f 327028465 327028462 233508593
f 233508443 233508593 240586331
f 185208194 205589570 226561540
f 226562948 226561540 327422852
f 327422829 327422852 249959277
f 249957578 249959277 218434762
f 250612998 250613479 240782598
f 240782886 240782598 221187622
f 240586032 235081307 327356143
f 327357315 327356143 325849987
f 325848728 325849987 214503064
f 214502444 214503064 343477292
f 218436730 218434762 237311098
f 235081455 213257399 250482374
f 250482371 250482374 327290563
f 327290126 327290563 244780302
f 244780581 244780302 204148261
f 204148514 204148261 242159394
f 343477872 247794732 230624439
f 250547648 247860934 250547910
f 247860934 237178563 247860931
f 237178563 244714766 237178126
f 244714766 241962533 244715045
f 241962533 216665890 213257664
f 216665536 227282317 230626519
f 230625008 349574359 250547949
f 250547945 250547949 247860969
f 247860427 247860969 237178059
f 237178057 237178059 244714697
f 241962185 349572759 227413389
f 349638031 250352855 349639895
f 227087576 227872493 227086061
f 227872493 237375209 227872489
f 237375209 237440203 237374667
f 237440203 183438537 227282319
f 183438735 183372527 227415277
f 227415256 351016173 349638155
f 349638026 235539979 227086020
f 227085707 227086020 227872139
f 227872349 227872139 237375069
f 183372572 183372528 248711964
f 228003540 351013615 228002543
f 204279192 235541741 204281069
f 226626606 247664139 226627083
f 247664131 247664003 247533059
f 227151554 231149252 186322644
f 231149268 233967091 248712655
f 202706383 228003540 202706644
f 228002669 204278806 191630744
f 191957869 226626606 191958062
f 226627283 226626418 235015891
f 233967049 233967048 231542217
f 231607758 231607795 325062094
f 231674721 231673295 231607818
f 231607318 202706442 210439690
f 210439190 191630062 183307286
f 183503598 191957869 183503725
f 191958537 191957745 248647177
f 231672882 231674721 324996146
f 231673354 210441056 324996618
f 324996236 195365798 210439288
f 210438941 210439288 183307037
f 183306993 204213021 186387185
f 204212977 233901577 204542816
f 232721906 181736288 232723296
f 181736288 181734310 195365825
f 195366008 209324993 197135480
f 209325176 320017172 209128221
f 320015133 320015405 204213577
f 235408713 208669741 233901536
f 232721110 208669809 181734112
f 181734337 182127328 182389697
f 182127553 182127739 209325388
f 320015692 320015483 223153484
f 223154964 233901385 208670197
f 209194485 209194097 208669517
f 208669408 189533005 182389468
f 189532892 182258398 182127881
f 182127948 234097929 176098802
f 234097785 234425844 234032249
f 209193697 182455802 209194132
f 209193805 210963604 189532894
f 210963166 210832530 182259190
f 218631670 218630878 321916406
f 321916169 210963788 186976993
f 210963162 210963238 210832090
f 322112218 234163346 322112658
f 186977102 186976993 182061902
f 186977069 186976987 181996333
f 181998388 321983286 234165041
f 223023922 223023921 223286066
f 223153488 223153484 323030352
f 223153260 223155010 222825580
f 222956652 248581449 222956873
f 248581449 343741566 222825993
f 248648830 234950153 343740115
f 248647171 208342530 222956879
f 222956877 222956879 211684685
f 248581279 248581451 229837983
f 227937716 234950354 227938002
f 234950354 223220862 222891116
f 247533058 247533059 228199938
f 217124251 227151554 217124546
f 240913650 240913803 219024626
f 187043087 187043421 240913959
f 228199831 228199938 235146647
f 221384197 217124251 221384091
f 219024691 219024626 220400947
f 220400911 187042606 187501839
f 235146629 235146647 226692485
f 218893700 221384197 218893829
f 220400909 220400947 237505805
f 250285609 187501860 250285348
f 229838231 319753605 229838213
f 319753605 240520791 226758020
f 240520580 229248427 226692650
f 226692365 237571626 218893865
f 237571625 218762507 237505516
f 237506284 229837804 319755023
f 210178831 210178832 319753815
f 210177623 230952389 240520619
f 230952363 230821315 229248604
f 229248554 240848476 237571339
f 229839631 211684511 319687789
f 211684461 223349895 211684487
f 223350093 223349919 208473421
f 240848139 237702700 218762219
f 218762220 199887851 199953212
f 199955326 199953212 250286974
f 237702123 188484413 199887880
f 199887676 201788424 188421046
f 188421045 188421046 326964149
f 330568574 326962802 227544690
f 326964090 250285457 326701950
f 188484616 189074246 201788650
f 330632426 216599560 330633019
f 330567483 330568630 188157755
f 330567403 330566456 255135467
f 330567282 216600374 244321094
f 244321514 214371528 216599750
f 255462598 255462634 223808710
f 188026200 188157755 188026683
f 188158845 188156726 250221437
f 330500934 214371985 330501777
f 330501320 214372157 212799293
f 329780400 338693320 329780424
f 338693320 338693318 214240600
f 188027953 330501464 188353350
f 330501949 255593275 349375291
f 255593852 255595732 255397244
f 212799290 212799293 199757626
f 199691241 329780400 199691440
f 201657320 201659305 329780229
f 201593769 349312049 226168634
f 349310778 330437555 255396841
f 330435561 192154485 199756819
f 199756776 202509331 199691126
f 199691270 188943222 349311923
f 330437759 188746564 343806899
f 330435445 188746561 192154635
f 192154643 201985035 202509332
f 202509174 202574868 192222094
f 192220216 192222094 201657400
f 343804704 343804740 255527712
f 188747580 188748927 255790908
f 202051392 201984833 202050369
f 201919500 202574859 201919499
f 327945226 328010772 327945236
f 255527711 255527712 330369823
f 255792050 255790908 214307762
f 212733127 255790912 202050735
f 199625903 201919500 199625740
f 327879655 327945226 327879690
f 330370662 330369823 255659622
f 214306622 214307762 330239806
f 212734896 330239175 212732775
f 202443623 199625903 202443951
f 257428498 327879655 257428455
f 255660929 330239590 327159614
f 327160752 201722887 330238823
f 191237061 191237127 266734533
f 266014695 202443623 266013543
f 257363932 257428498 257362962
f 241505153 247336548 241374081
f 247337857 197398335 255726465
f 197399425 241372167 253234790
f 247336729 247336548 247271193
f 255987390 255987391 247336767
f 255987519 327226242 255724485
f 327224261 266932202 197398503
f 266932199 197331908 266735582
f 266735580 255987678 255921854
f 255921987 328668056 255988610
f 327225160 266933144 256316290
f 197332808 256315370 197333922
f 201855906 266144708 201853892
f 252840969 328077278 252841950
f 328077278 257363932 328077276
f 255923096 236916558 256709528
f 236917656 204016682 328666952
f 204017480 204475441 256316322
f 329323430 329321521 256971686
f 253169490 201855906 253170594
f 328142616 252840969 328141833
f 204018609 204017184 251401137
f 204476157 204475434 329584381
f 329585575 329584381 329520039
f 256971685 256971686 204411813
f 203951152 253169490 203951954
f 328207401 328142616 328208152
f 251399932 251401137 329649916
f 329651101 329649916 203887517
f 329518120 329520039 329387048
f 204411811 204411813 330109859
f 204084142 203951152 204082224
f 179442609 178458364 179441404
f 178458364 404427677 178459549
f 404427677 430512554 328993832
f 430509096 430709165 203887523
f 430707619 408295511 329388974
f 330304179 330175407 179440291
f 179440294 179440291 178457254
f 178460630 178457254 404428758
f 404428824 404428758 404101144
f 430512151 430512156 430643223
f 430709164 430709162 408230316
f 408295510 178395565 178588560
f 193923750 210766731 193596070
f 210766502 210769878 399841530
f 404166906 178395094 193924240
f 193924417 193924240 186256705
f 193596187 193596304 197593883
f 193596638 193596360 210767070
f 210769596 210767070 418977468
f 222301504 222301328 222367040
f 222235994 223939728 222235996
f 223939932 381422941 381360378
f 381425914 404166907 419043578
f 404167115 404166907 432806347
f 404101581 404101144 432740813
f 430643660 381687831 381425915
f 381688059 372775371 381688267
f 372775371 432413127 432675277
f 432413133 432544201 432806348
f 432544204 433134034 432740800
f 432740780 431954368 430643286
f 432412078 432412217 428873134
f 432544145 432544199 399907217
f 433133527 433134025 438310871
f 438639137 431954386 438639058
f 439360038 408230336 439359936
f 430774833 408295510 430774358
f 428873133 428873134 423302573
f 399907132 399907217 400431420
f 438310879 438310871 438507487
f 434313764 438639137 434313761
f 434444772 439360038 434444838
f 439032294 430774833 439032369
f 180427308 202185134 180427182
f 202185134 330111063 202184791
f 438508004 434117089 434313767
f 434313702 438704679 434444850
f 434444844 439425586 439028665
f 439028418 196611001 180425587
f 180423545 180425587 202181497
f 202183559 202181497 330109831
f 330107947 438702983 431888865
f 431757759 439425575 431757863
f 196549053 196614706 196549170
f 192809912 326241209 192809913
f 193203071 326112115 193205107
f 326112115 327486329 326110073
f 327486329 431756167 434837951
f 180558316 196549053 180558269
f 202246852 192809912 202247096
f 192613391 193203071 192613247
f 192351100 326175621 192351109
f 326175621 247927665 326177649
f 247927665 180556678 201136620
f 180554768 180554750 212601872
f 180554767 212602029 202249076
f 202247036 326308724 192613548
f 192613240 212536492 192351011
f 192351042 192351011 326175554
f 247925570 193008498 202312877
f 193006765 326308726 326438061
f 309138294 212538228 309138292
f 309203566 186780844 309202092
f 197857903 195693347 197856035
f 195693347 187960130 195693378
f 188813000 325978933 193008502
f 325981046 309136247 192287606
f 309138286 309136247 180884334
f 309138031 180882121 309201834
f 309201868 195627946 197856161
f 197857263 197856161 195694575
f 192285562 192287599 325913466
f 325913407 325913466 188549951
f 180882238 180884334 186846014
f 180882346 186845988 195627713
f 195627937 180357825 195038009
f 195038179 195038009 267258851
f 267259646 267258851 195694334
f 188550122 188549951 195496938
f 186846120 186846014 195759016
f 186845889 195759020 180358137
f 180357945 200805369 188223479
f 188223478 188223479 199364598
f 199364427 199364598 251465547
f 195496956 201001962 195497965
f 195760109 195759016 266080237
f 195758971 200806365 192547756
f 200805366 188287867 200608761
f 200806391 188287802 267783155
f 267717619 199495671 201002989
f 199495661 267127802 267324410
f 266080240 266080237 267194352
f 266081136 199430126 326045661
f 266079099 199429092 192547830
f 267389924 188287990 267389942
f 200871920 180687457 308285424
f 180686832 191302504 267325422
f 191303662 199299682 308350958
f 199299054 199299952 326048324
f 326044646 199563844 326044644
f 199429112 267389926 200739812
f 191302653 191302342 200936445
f 308349947 308349800 201198587
f 199298047 199299682 180489215
f 268110531 199298018 440602620
f 440601565 267456508 198974020
f 199561202 217258564 201067515
f 217254907 201264128 200936447
f 201264127 240716803 201460735
f 240716799 266209987 240716483
f 180490236 267915231 266211324
f 267915260 341773277 217254912
f 341773312 218107137 201264131
f 218106883 236720985 324537347
f 236719107 240717402 218041885
f 266210560 218041946 266209941
f 266211321 225512085 341773569
f 225512705 225643892 218108761
f 225645401 324670299 324537885
f 236458843 236719645 218041881
f 218041882 218041881 236588570
f 218041729 218041883 177474945
f 267914625 225512085 225644256
f 225643831 225644256 324668727
f 221647707 219876889 221646361
f 219876889 249499162 324603250
f 236655450 339873504 236654304
f 339873504 339938615 339873079
f 339938615 236653852 249697114
f 226496505 177343123 267914206
f 267915241 267914206 198971369
f 198970131 198971369 267455251
f 177343454 221842746 199036277
f 266866037 266865630 185535861
f 185731856 186126313 185535251
f 185732035 185731865 308087747
f 267457118 267455251 308482654
f 199561828 225710066 324799802
f 218567517 346295669 218566005
f 346295669 186125072 346295056
f 196088997 196086553 186125275
f 186125248 197069787 186125251
f 190057408 190057411 197268062
f 324799752 226430336 218565596
f 218565545 218565596 346295209
f 196086697 195564709 196086741
f 198839253 198446001 198839012
f 198841249 329255652 198839232
f 226429916 217779942 249891804
f 217779164 196348859 196742108
f 196348892 198445993 196348841
f 195824565 182651861 195824597
f 195824356 182586083 182654003
f 338823908 338957365 182653857
f 196742398 196742396 196283646
f 196742076 196742068 196348860
f 196348845 196807612 195825409
f 251661229 251661027 182586628
f 338824452 338823907 338758916
f 338824209 338826290 338955281
f 196283651 218238206 196283324
f 218237884 251662102 253037500
f 205524758 218304257 205524737
f 213781569 328600836 213781764
f 328600836 201528370 328602674
f 201528370 205458449 218238742
f 205459222 205524031 205393686
f 213716031 213781569 213716033
f 328338622 328273087 328338623
f 328273087 204870551 328274839
f 204870551 205458436 205392991
f 205393086 207490143 213717899
f 213717907 327816075 328340361
f 328338858 328340361 328273322
f 328273605 328273322 204869317
f 205458527 207424606 207491978
f 207491979 327750538 327814904
f 327816073 251072248 327683509
f 327683527 327683509 229182919
f 229182342 229182919 247729030
f 207426442 251006711 327749366
f 327749368 250941174 251071585
f 251071925 207621217 229905466
f 229905472 229905466 231085120
f 231084919 231085120 193270647
f 251006710 327619464 250940557
f 250940513 210504845 207620842
f 207623226 183044842 339285055
f 339285051 339285055 339678267
f 339678263 339678267 326505527
f 327617677 226823558 210504422
f 210504426 182782694 183044976
f 183047231 253627248 191829055
f 253629503 339611425 330960673
f 330961983 182785083 183111046
f 182848235 191826662 182848230
f 191827742 191826663 253628190
f 253562655 194581261 319557407
f 253629304 253627290 253760376
f 253758281 253760376 330959689
f 183110375 244976436 187894503
f 244976359 209391390 244977438
f 209391390 209392397 319557420
f 319556506 198381356 254479258
f 194579374 195890132 194581368
f 195892088 188877635 326568777
f 188877641 248319694 189271757
f 330960589 254479177 254217340
f 254479293 254480168 198380477
f 196414397 195890132 196414420
f 209456054 215681966 209456046
f 215681966 215681859 188878542
f 215682766 245042844 248318794
f 248319693 196414282 198249405
f 222104530 209456054 222104502
f 208866622 222563453 208866429
f 222563453 222563548 215682716
f 222563996 247139929 240651932
f 247139996 189338564 331550364
f 203101124 203361098 203098954
f 203361098 208867021 222565574
f 240653510 240651589 247010502
f 247140026 247139929 240586426
f 221187672 238292668 221187772
f 238292668 203101124 238293956
f 249433653 203164700 249433116
f 203164700 253889568 203164704
f 253889568 330896314 203361997
f 330895053 330961849 330829517
f 345181488 249433653 345181749
f 189207700 203427551 189206239
f 203427551 253692957 203426845
f 253692957 253890339 339087136
f 330896439 339349283 339088314
f 330830907 339350458 330830779
f 221189268 237309478 345181809
f 345181000 242224753 189206220
f 189205303 189206220 203426615
f 203427639 203426615 253693751
f 253695119 339087159 344854304
f 339086209 339088527 326503297
f 237309553 343479418 242224752
f 242224844 242159216 248187935
f 248188119 248187935 188091607
f 188093368 188091607 255202232
f 330764087 344855695 344921016
f 344855609 344855696 192943161
f 242158623 253824802 203295774
f 203296459 203295774 215355083
f 215354985 215355083 330763881
f 330765456 241700457 344919021
f 339217389 339219600 326765549
f 339481467 339481657 339217281
f 253824030 241962605 203232188
f 203232189 198775740 331090974
f 248122330 195955742 198774475
f 195956427 248123193 241700665
f 255331945 200019615 245239401
f 214437485 214438844 331026213
f 331027389 186912549 254022589
f 331090839 331090725 198773655
f 198773713 198773655 195955665
f 195957687 195955665 255333303
f 245240759 245239609 255267767
f 200019768 254021279 237440201
f 254020391 186912296 187043621
f 186911534 186911527 187566894
f 194382639 194382629 326699823
f 198185850 198183831 227545978
f 330698129 330697681 242290065
f 255266418 237376439 237439783
f 242290488 255135542 255267708
f 255265773 326833020 200020859
f 326833019 207358791 189141883
f 207360891 339481652 338891643
f 255136636 250220267 326830919
f 250219335 326898557 189140061
f 326896733 207293532 207359153
f 338889905 338889821 183176369
f 338891836 338889452 339481660
f 326374460 192943165 326374461
f 326505333 188025729 326896732
f 188025948 209587327 207293161
f 207293617 182979305 212863795
f 212863857 212863795 183176049
f 339413873 339413740 247991153
f 339545801 326374460 339547196
f 338692918 338693247 209589304
f 209586921 339153976 182979762
f 182979379 212929714 187830005
f 187830002 187830005 191893234
f 247992050 247991153 212995826
f 204803251 339545801 204803785
f 338695224 201591813 339153974
f 339152050 339022902 212930391
f 212930293 257298263 250875072
f 250876820 250875072 250680212
f 212997012 212995826 251270036
f 212668155 204803251 212667571
f 201593910 202116109 339021654
f 339021655 257232726 257297597
f 257297600 213650621 213847877
f 213847102 213847877 328404030
f 251268158 202118036 201657349
f 204737542 257231885 204737549
f 212208693 213651286 212209494
f 251137191 256117949 251137213
f 253497081 256446277 253497157
f 256446277 255855678 256445502
f 205328123 204738369 204934150
f 328469560 212208693 328469557
f 328799125 251137191 328797351
f 251138976 253498266 329191161
f 253496021 253498272 181865173
f 256445144 328470301 212077624
f 328928421 328799125 328930197
f 328930202 328798028 329191244
f 181669708 256578464 181669529
f 193466009 193465045 181668568
f 212079502 212077624 212145038
f 237046950 328928421 237046949
f 328929100 237047330 256578754
f 256577668 256578754 244846724
f 308154500 244846233 193466975
f 212145037 212145038 252973965
f 212143942 212143893 348131142
f 212143650 237049025 348198081
f 218371265 267588802 218371266
f 267588802 200544388 267587716
f 200544388 327881311 327946005
f 327880469 252907284 252972870
f 252907334 328733593 256183557
f 348130565 257429318 327880468
f 257429268 252776210 252908441
f 252777369 237114267 328864665
f 328731909 267980323 237112581
f 267980037 267653108 267980788
f 267653108 267652085 200543078
f 308153190 257362933 257429266
f 257363730 252710673 252777371
f 252711835 328863568 329125712
f 329126811 329125411 237113338
f 329125882 267652293 214175738
f 252711823 252710744 250811279
f 256839412 256839441 329060084
f 329126814 329125712 256775070
f 214175567 214176671 212471631
f 267652267 252841157 328077044
f 252841716 212274344 250811294
f 212276126 328536982 329060175
f 328535887 256905041 256773291
f 256904363 212470772 197200884
f 197201067 266801141 197201909
f 267651942 328142824 252841128
f 328141992 250744563 212276118
f 250745750 256053060 328535889
f 256053073 267849495 253103953
f 267849553 200412148 267848692
f 200477634 195300339 200412098
f 195300290 328208360 328142579
f 328208115 251596544 250744644
f 251596612 257167189 256053015
f 257167127 256511819 253104120
f 256511992 267718646 267848691
f 251597732 251597713 257102756
f 257167188 257167104 257036116
f 257167179 251465555 257036107
f 251531091 251465470 187961087
f 195693365 328208126 329452585
f 329452587 329452585 256379947
f 257101641 257102756 256249673
f 257036103 257036116 251531079
f 187961159 187961087 247926599
f 327487303 327487176 256380743
f 327552841 327553926 204083017
f 188287987 188287909 195300197
f 195301352 266799973 191171429
f 191172603 191171429 180752379
f 191173215 180751047 308153225
f 191107057 191105850 268046321
f 268045304 268046321 200674296
f 180751351 180752379 185404407
f 193465102 185404103 193465173
f 193465048 190057301 181865408
f 181866314 200674240 308481016
f 185406052 185404407 308089444
f 190059102 308480782 199560184
f 329255872 255856458 329256778
f 251204513 201396033 251203393
f 201396033 212668155 201395963
f 201526274 204868782 201526446
f 204868782 338955318 329256698
f 251202577 251204661 201395217
f 201395204 247729169 204868662
f 247729206 193270846 247731262
f 193270846 326505333 193270645
f 326700780 250284847 187501359
f 319687816 319687832 211227804
f 333124571 333123456 259920859
f 251793279 251794396 332861311
f 332861187 333059210 259919737
f 259918900 259919737 332860468
f 204674008 259527818 259593179
f 259526523 259526522 245501819
f 259527641 259526307 204674009
f 332926004 332928138 344526718
f 332992382 332993674 344526722
f 176164738 176166026 344525443
f 245632891 259853987 245632675
f 259853987 245634009 245698427
f 245634185 245632678 251729033
f 259854082 259853989 332992258
f 332992264 332992258 260116232
f 260117633 260116232 176166017
f 176164514 176166017 176295586
f 251727521 251729033 252120737
f 252120736 252120737 343936672
f 343938178 343936672 245437570
f 183896977 183896991 194055057
f 194055117 194055057 185797581
f 185928653 185928468 185797579
f 185928651 186059544 195103510
f 197921558 193792926 194841366
f 193792790 198118167 185994006
f 198118166 198118306 195103640
f 195103636 195103640 194120596
f 194841485 193727437 194841486
f 193727374 193792789 193334037
f 193334158 193661836 193792791
f 193661719 193858447 185994192
f 193334165 193334037 197987221
f 193337410 193334222 406263874
f 193665080 193661831 400496696
f 193861600 193858444 405346272
f 193861812 405346346 414390311
f 183765909 183765966 197990466
f 183769154 433723394 402724930
f 433723458 406722623 406919224
f 406722616 406132790 406263776
f 406132704 414521526 400496682
f 194251509 198577111 183769088
f 402724864 402721525 406788096
f 402724806 402724928 433723334
f 433723325 433723334 412751805
f 406722715 406723035 402659483
f 406132737 402593855 402394071
f 439293949 439293952 402593856
f 439294016 401414707 439490624
f 401414208 431495110 401414086
f 431495110 431495101 398202816
f 412751808 412751805 412686272
f 402659482 439294107 415766525
f 440211657 439294512 433068606
f 439491025 439491120 429660625
f 401414557 401414707 431626653
f 431495611 431495150 433265083
f 402528724 398399929 402528697
f 415701193 415701566 440211921
f 415701457 432020000 438245841
f 432019921 422713651 433068445
f 422713757 430250406 429660603
f 413473190 433265083 413473211
f 413473236 396695462 433264708
f 433264639 422844484 432019763
f 422844723 423172410 422713766
f 423172518 423106873 430250150
f 413407545 413407398 413472678
f 413407142 398530469 396629926
f 398530470 407050300 406525862
f 422844730 423172408 429726008
f 423106974 423106874 429922718
f 413407649 413407545 396171681
f 413407399 413407134 396630183
f 396629919 396630183 398530463
f 398464927 398464962 398530620
f 429726002 429726008 422910258
f 429922614 429922718 422975798
f 396171575 396171681 422779191
f 396171679 396171572 413538719
f 396237215 438048935 422648118
f 438049078 438114615 438049079
f 438114615 438114612 422779295
f 438114719 404363680 429857183
f 404363679 396236976 414128543
f 396237016 396236976 396105944
f 396236737 404363165 414128344
f 404363480 422451503 416749472
f 416749737 416749472 396105897
f 398465193 398464925 407115945
f 398465094 398465093 406591558
f 398465084 406591549 406526020
f 422451104 413604008 396302248
f 396302249 396302248 413669289
f 413669368 413669289 407115768
f 407181304 407181381 406198264
f 401938487 406460486 401938502
f 406460486 407050301 406460477
f 413603752 396760999 396826538
f 396826540 396826538 396892076
f 396892215 396892076 402069559
f 396761002 398268350 396957672
f 396957681 396957672 397088753
f 397088748 397088753 406198252
f 406198262 401283052 401938423
f 401938427 401938423 406460411
f 407050235 407050299 402528251
f 398268392 397023147 401020922
f 401020912 401020922 401610736
f 401610733 401610736 401283053
f 401283063 401348589 402003961
f 402003903 402003961 402266047
f 402528191 402528251 398399423
f 397023226 402462777 406329338
f 402462714 401479683 402790394
f 401479674 405936112 401479664
f 405936112 402135021 405936109
f 413014067 413014009 402134975
f 413013951 398399420 398137279
f 398137280 415635610 402462723
f 415635459 438966827 402790404
f 402790558 402790404 401479838
f 401479693 401479838 405936141
f 405936287 400037901 403445919
f 400038047 412817564 413013948
f 438966839 438966471 415832631
f 427563210 402856491 427563563
f 403183997 403183620 402856094
f 403183774 400037899 403314846
f 400038046 436279309 439752906
f 436279498 436345347 415832484
f 415832445 430119332 427563585
f 427563017 440408641 403183561
f 403183626 403183561 403314698
f 403314628 403314698 400037828
f 436345252 429988258 430119110
f 430119489 415570118 440408637
f 440408009 440146493 398989251
f 398989324 398989251 403249164
f 403249166 403249164 398661646
f 429988038 437000717 415570485
f 415570493 439622197 440146117
f 440145859 415504581 398596144
f 398596074 398596144 403380202
f 403380411 403380202 403511483
f 418781602 417667597 418781709
f 417667597 439622148 436410893
f 439556612 415504949 439556661
f 415898164 405739717 415897797
f 414652619 405674032 414652464
f 405674032 418781162 417667303
f 417667301 417667303 431429861
f 436410808 436410598 436935096
f 436410932 436935180 439556291
f 439556299 415373507 415897835
f 415897784 426973419 417601976
f 426973624 427039093 431430156
f 427039244 415373831 436607500
f 420485639 417994947 420485315
f 401151975 401152047 414848999
f 414849210 414848999 406001850
f 403511348 403511483 403576884
f 398661647 398661646 402921487
f 400037893 400955332 414783437
f 418191309 418191546 414783540
f 418191412 433002960 406001679
f 433002511 432150979 403576837
f 432150533 398923720 402921628
f 402921433 418125980 418191824
f 418126288 432216516 433002947
f 432216515 432282053 432150472
f 432281544 398858183 398923717
f 398923932 398727109 412817340
f 412686277 414455740 418126276
f 414456260 400693219 432216517
f 400693701 405477420 432281543
f 405477319 406067253 398858397
f 398858181 412686493 412882885
f 412686337 412883101 402659381
f 402659382 406067253 406132918
f 400693287 400693429 405280807
f 405477417 405477347 414521385
f 406067382 405149740 405280810
f 414521386 108337193 108199972
f 2295412 107087469 107742836
f 108201601 108201571 108332673
f 2295405 101647888 107742733
f 101451373 101451215 97387981
f 101451213 101647889 101451281
f 107808355 107808385 101385827
f 101385837 105514595 105384419
f 105515491 105514797 120326631
f 123864651 123865575 166070749
f 165415399 165414482 105973332
f 173934153 123864651 173934155
f 123931231 123930467 123864657
f 123865565 105907793 165414702
f 165414484 173934382 164300361
f 173934436 120392140 106038865
f 123930193 170198611 94438743
f 89524386 89524774 92932258
f 170263947 89458007 170263895
f 89458007 144836002 170199202
f 144836770 94504355 144770441
f 144771233 144770441 92932257
f 92932647 144836769 170330662
f 144835981 144837160 101123469
f 94504456 94505123 101189128
f 94504329 104400393 131401688
f 104400856 131204665 104400441
f 131204665 131205034 128518056
f 131401274 104466385 131073594
f 104465978 128387027 104466387
f 128387033 128386619 128714713
f 128649177 128649133 124651481
f 131467119 131467180 131336047
f 104466287 104466385 131598191
f 131336145 139396975 139724803
f 139724199 139724803 139462055
f 134416465 121505877 134416469
f 121505877 121505872 139397041
f 94111665 128976976 94111134
f 128976286 134415927 121636945
f 121505601 121505796 136447809
f 99289123 128976703 99288895
f 104203756 104204209 99354092
f 136447468 155583981 206967082
f 155586858 287900707 63112227
f 287902467 184681412 287902807
f 184683607 184684249 249037379
f 184681027 36373036 37880987
f 69339460 69339463 155322692
f 155321379 36373444 63113987
f 36373035 77202372 36307500
f 63504939 63505563 63242795
f 36307910 51119044 27459751
f 51118247 12583105 10879535
f 72548911 27525287 72548519
f 27525287 27525540 27460689
f 12780625 12779940 24183889
f 13238642 36569284 10682561
f 24117412 24117807 36569693
f 36570196 13501021 39584852
f 13501524 73663602 74515540
f 73663572 72352165 73662885
f 151192677 151192657 72352114
f 10682737 26018190 24119555
f 24118354 24119555 72483922
f 24117853 12715091 72483421
f 12714589 27656399 12714191
f 27656399 27328930 13501554
f 26020099 27591078 151126435
f 72417699 72419587 74449315
f 150930545 12715090 150930514
f 12715090 27395155 13369766
f 306315469 306315683 27395185
f 306316401 179112622 74449076
f 74451200 24051892 11733248
f 24054016 27658497 150997248
f 27658496 306315459 303169741
f 306319881 306319891 302780937
f 179114509 179114563 178131469
f 178064031 11733678 178064046
f 24054430 24051892 346491550
f 24056275 24057000 16388563
f 150995195 150995312 13304059
f 150995133 150995148 27656381
f 178129566 178981548 178066600
f 178984104 302912015 346493395
f 302911955 303239700 298979864
f 16388632 16388563 151065112
f 16384204 151062786 13304058
f 12321018 12320972 13435130
f 12320970 12320974 12517578
f 27656384 27656381 27328704
f 303239704 31986137 299373080
f 31986200 38994516 303499522
f 38996226 16319038 37554434
f 73664772 74515570 151191970
f 12648866 24185092 12650756
f 24182987 12648642 13238474
f 12648650 12648640 12517794
f 268179620 268179617 180951204
f 266341066 266342397 267061962
f 254806730 413143020 413341856
f 254810272 413341860 180948785
f 413145248 325261475 413276320
f 325261472 176753290 413077297
f 254809132 332073610 338366257
f 331879468 331879372 176886828
f 176884362 176886828 325257866
f 189402852 189401896 187305700
f 189401932 189401899 179702604
f 187632311 187632459 189401896
f 187632424 179768113 187632433
f 179768113 192744121 187304780
f 192744268 193072003 189467319
f 193071799 325716815 189663927
f 325716663 187632509 192678583
f 179768189 190319408 187304830
f 190319486 187370284 192744122
f 193071802 193071998 189663930
f 189664080 189663930 325716816
f 325716824 325716816 190647128
f 192678750 192680811 325651294
f 192678584 187241322 190319404
f 187239212 179899268 193137452
f 189729668 189729466 187763588
f 190253874 190253904 190516018
f 190581596 190778200 190581592
f 190778200 192875358 190778206
f 192875358 192877418 325651128
f 193137449 193137450 187763497
f 190516009 190516018 197462825
f 190516050 190516166 190450514
f 190516061 190712667 190450525
f 190712669 349967581 190581600
f 349965152 189994204 349899616
f 189991776 189860736 190450515
f 189926235 359861087 189926239
f 359861087 359601520 190715101
f 359601373 407246364 370873565
f 407246045 423892188 407246044
f 423892188 189926228 218172242
f 189926942 189926658 359861790
f 359863132 359861790 355799900
f 359863665 359863606 359601521
f 359601525 359601521 370873717
f 370874687 370873717 407247167
f 407247178 407247167 423893322
f 423892884 423893322 395384724
f 189994898 189995333 190388114
f 192875354 192875348 189795162
f 192875192 189795153 179767993
f 395384369 395384724 370742833
f 395381703 395384346 190385095
f 190384983 190385095 189795159
f 189795001 658770775 638723217
f 658777233 657401648 613426951
f 657401607 644818544 654714467
f 644818531 644687617 654321251
f 644687459 663299835 658777904
f 663299888 668542938 657401456
f 668542576 644818690 654321410
f 644753154 644753153 654321262
f 644753006 651503318 644687575
f 644687477 644687575 653928053
f 663300058 659695500 663431130
f 659695578 663365515 668542722
f 663365378 644753152 654255874
f 644753014 644753152 643901046
f 651503202 668608111 659695499
f 668608395 668674012 663365376
f 668673792 668280438 668673654
f 653797334 653796982 645211746
f 653796962 643901178 651437818
f 643901142 668477141 668608476
f 668477404 666314710 668477398
f 666314710 653797303 666249174
f 653797302 653797303 654452662
f 653862659 653862649 653731587
f 651437816 651437818 635578104
f 643245539 643245781 651437782
f 666249145 666249144 666183609
f 635577944 649012334 611133016
f 649012824 643826406 48571992
f 643835480 651503316 651372120
f 651503319 649012948 48572082
f 650389170 650380006 48572001
f 650389089 48441030 650454625
f 48440929 643769952 643835604
f 643770068 649209559 643770071
f 649209559 649078389 649012914
f 48375473 48375474 649144005
f 650642147 650651333 650389190
f 650454698 650454729 48441002
f 36382378 649200356 36373220
f 649200356 48768608 649069283
f 48693993 48366307 650642152
f 648741608 648750793 650651306
f 648750762 648619689 642590377
f 642590378 36373037 36447914
f 642515689 648741608 642515688
f 642393677 648554156 642393772
f 648554062 648881739 48768589
f 642524747 614540974 614606421
f 614606518 649340501 649405603
f 649275062 649275061 648947382
f 649274959 649275055 642721359
f 642720911 643114575 643049142
f 643114678 650061504 649406127
f 650061487 650127042 650192559
f 650127023 650126927 642655932
f 613295804 613295695 649930428
f 649930411 649930428 648816299
f 650061435 650061398 650782331
f 650192587 650192576 650520267
f 650192471 650192583 650126935
f 650258007 649799361 650258113
f 649799359 649799363 648685247
f 642459327 642459307 648685229
f 642459309 645539496 650782426
f 650782310 650782426 650520166
f 650520260 650520166 643180228
f 643180232 643180228 651634376
f 643180227 615458520 651634371
f 615458499 651765439 644097659
f 645080677 651765466 644163188
f 644163268 650585716 645080772
f 650585902 615458420 657270472
f 615458504 659629784 645080878
f 658712402 615458606 658712366
f 649996100 649995440 645015364
f 642459251 642459327 649864819
f 648488637 648488524 649602749
f 659629892 649734109 668739396
f 649733956 649537139 649733747
f 649537139 649537213 649864889
f 649537209 649537207 649471674
f 649537210 642786897 649667752
f 668739289 650717010 651700189
f 650717149 649733716 642983901
f 649537108 649537211 642786900
f 642917972 614278737 642917969
f 614278737 614999209 642786472
f 642983507 642852554 640951908
f 642852452 661071647 656287332
f 661333791 661333864 656549663
f 661333874 661333795 657074034
f 656090994 642852651 656282922
f 656287594 656282922 656549738
f 657205098 657205027 656549746
f 657205106 661923702 661989234
f 661923698 656090991 661530482
f 656418671 355018524 355083858
f 354555179 358028586 354555178
f 358028586 358033258 661202800
f 661202733 661792624 661595949
f 661792557 656615204 657205110
f 355079459 354948393 354555160
f 354555165 354555160 358028573
f 353899805 661591384 353899864
f 661787929 661792624 613553433
f 656348441 656352403 354424089
f 661460257 353838880 353703209
f 353834234 353834262 348460282
f 354161862 354161944 348067014
f 354489536 353899805 354489629
f 354424098 354424089 354030882
f 358356251 661460257 358356257
f 635508061 351872878 348460220
f 348067004 348067014 348263612
f 345642179 354489536 345642176
f 354030747 354030882 347608219
f 353768633 358356251 353768731
f 353637655 635508061 353637725
f 613684501 348202466 351868092
f 347804697 338105538 337122492
f 338105532 337974467 338105539
f 337974467 345642173 347870403
f 345642171 345642173 347608251
f 348197913 337056792 337122385
f 338105425 338105369 340857937
f 331748434 331748392 338105382
f 331748390 338236458 337974291
f 347870227 347870246 347739155
f 337056849 331748375 331879506
f 331748296 331748297 336794568
f 338236436 336794567 338236442
f 338236435 331617306 337187859
f 331617299 336925718 336729275
f 336925883 348984526 347739321
f 336794650 336860181 337187781
f 336860101 338432966 331682757
f 343741485 343741381 331617308
f 336925724 348787653 337318934
f 348787734 345904334 348787918
f 345904334 347608266 348722382
f 347608343 343741642 338170925
f 338171006 337318940 332010537
f 348787659 348787740 331420619
f 345904066 345904331 337384386
f 353965085 353965215 345904330
f 353965258 353637655 353965335
f 338171007 338170925 338367615
f 338367529 338171090 332010706
f 332010745 332010706 331355385
f 331420609 331420619 331486145
f 337384387 337843138 343807020
f 337843244 331551684 338367698
f 331551954 349312156 345707730
f 349312210 337384697 337515459
f 337384639 337384479 353965247
f 353965252 353965247 353637572
f 353641621 661984452 656484132
f 661989241 661989154 661923705
f 661923703 661923705 661399415
f 661923697 661923693 661530481
f 661530401 613492593 656484217
f 613492601 656680824 662120313
f 656680825 646195063 656680823
f 646195063 641082935 662054765
f 641083245 660416351 660481901
f 660416365 661268331 661399409
f 661268337 657139500 661661473
f 657139489 660875124 657139572
f 660875124 660481895 660416344
f 652879704 652879710 660416363
f 652879723 652027614 661268268
f 652027692 660744035 657139557
f 660744037 660023069 670181215
f 652879521 652879704 647964321
f 653338353 647243500 653272818
f 647243506 653338173 646981181
f 646981264 646981181 641541776
f 656025150 647243409 641476240
f 647243408 647177876 646915846
f 641541894 641541776 654190342
f 641541851 641541887 655959771
f 656025370 656025150 655894298
f 656024731 654649113 654583444
f 654518021 654059270 654518022
f 654059270 643507967 654059263
f 643507967 644425435 643507931
f 644425435 655501075 651831066
f 654583556 645277303 654518014
f 654059262 654124804 654059100
f 654124636 644490859 643507818
f 644490858 653076206 644425337
f 644425485 644425337 655501069
f 645277438 655173240 645342974
f 655173374 653076075 655173227
f 653076090 645408526 645474030
f 645473913 655042314 654911097
f 655042169 655238925 655042317
f 655238925 655370001 655107859
f 655173242 654845704 654780026
f 654845562 655304458 654845706
f 655304458 655828748 655304460
f 655828748 646850319 655828751
f 646850319 655435538 655238929
f 644884238 644949768 644884232
f 644949768 654976777 644949769
f 654976777 653993744 654976784
f 653993744 647309080 653993752
f 647309080 647046799 647308943
f 647046799 647112339 646850322
f 647112466 643573341 655435542
f 655435537 655370006 655566614
f 655632148 655501073 655632145
f 647112435 647112338 653666035
f 647112300 647112439 643573356
f 653534828 655697501 653534813
f 655566581 655566614 644622069
f 642066029 655632148 642066196
f 655632151 655631942 655959831
f 655501082 653534997 653207148
f 653534966 653600496 653534829
f 653600365 653469428 644621918
f 644621894 651175518 643638854
f 651175494 651110167 651175703
f 651110167 655894297 655763226
f 653469278 643704531 651306590
f 643704414 651241169 643704529
f 651241169 651110096 653010642
f 651109542 651110125 614868134
f 651109531 651109543 655893659
f 648291999 648292006 648423071
f 644359847 644359845 652486311
f 643376869 647898729 648422977
f 652486209 641738407 652486377
f 643376873 652748517 643376711
f 644228679 644294234 644228698
f 643442280 644294234 643442250
f 647898689 647505561 641738396
f 641738473 647702172 652748359
f 647702087 613360784 642131520
f 642131607 642131520 644228759
f 644228680 644228759 644294216
f 644294218 642197064 642328228
f 642197156 647702089 641803929
f 613361218 613361308 614016578
f 613361306 613360794 641672858
f 641672767 641672858 647374399
f 647374409 647374399 642197065
f 647767704 647767619 647636632
f 647767880 647767707 659760968
f 659761049 659760968 659826585
f 664282965 664283067 666511292
f 647833240 658974363 647833243
f 658974617 668804766 647833497
f 664283068 668805086 666576726
f 668804950 668805089 669001374
f 652289605 652289664 652682821
f 652682978 645998314 652682986
f 645998314 646260349 645670634
f 646129277 646129286 641148541
f 645998149 642000616 645998206
f 645998207 645998206 646784639
f 646784642 646784637 645670456
f 646784568 646784652 646653578
f 642000510 641214006 641017470
f 645736025 645735993 645604953
f 645604990 646456959 645604991
f 646456959 645801608 646522504
f 646522495 643311246 645604993
f 645605005 645604993 646456973
f 646456967 646456973 641345159
f 646391355 641345161 646391354
f 641279624 643311242 645932612
f 645932685 641934916 646063705
f 641345082 641345163 646587964
f 641345084 652617351 653141994
f 652617706 669525983 668870634
f 669525984 668936159 669525852
f 669460316 660285417 669460455
f 660285415 668936027 660285275
f 668936027 668936166 669329341
f 668936125 660547551 660088822
f 660547574 659171169 660613110
f 659171318 669853514 659171146
f 669853514 669787997 669853533
f 660612835 660612960 652551907
f 660612832 660612838 659171040
f 659171041 659171040 669853409
f 669722337 669722606 669853677
f 669722605 669722603 669656919
f 651896547 651896550 652551904
f 652158627 652158684 652224163
f 652093091 669722337 652093153
f 659039967 659957740 659040236
f 659957745 659957577 669984753
f 669919217 651896816 651962083
f 651962076 648095394 651896483
f 648160975 652093090 651044515
f 652093132 659039951 650847967
f 670049996 670050121 650913484
f 670115533 669919217 670115825
f 651044580 650913442 652420815
f 650913487 650979020 652420813
f 650913778 658843342 657467322
f 657467283 657598394 663889713
f 657466533 657467187 614671525
f 663954597 663954596 657532069
f 657663794 657663892 663693106
f 663627667 663627571 657597588
f 657597605 614737044 663561364
f 663561381 663758642 663562034
f 663758642 663627664 664086419
f 663627671 664151958 663627672
f 663626900 613623704 663562136
f 663562130 663824280 663562129
f 664151960 664217415 663824199
f 663037760 663037761 665921344
f 663037794 663037874 658384738
f 661137250 661137215 663168866
f 663103368 658450281 665921529
f 665921535 665921529 660678655
f 670967650 670967688 663168948
f 663168903 666970036 666052487
f 666969991 659367817 666969993
f 659367817 670574413 670967808
f 670836736 666052607 670836735
f 666052609 666052605 666970113
f 666970107 666970113 659367931
f 670574592 671033335 666904567
f 666904576 670836732 670771200
f 670836709 670836732 671098853
f 671098868 671098853 670705652
f 670771173 666904513 669263860
f 662447911 662447996 662316839
f 662447910 662447995 662251302
f 662251390 662251302 663496574
f 663496578 663496574 662710146
f 662316856 662316839 657794872
f 662316838 657729334 657794854
f 657729318 662775678 657729406
f 656942901 656942978 662775681
f 656942977 662972207 656942895
f 662972207 657794948 664020792
f 657794869 664348565 664020789
f 657729321 662972314 664348457
f 662972315 662972314 662644635
f 662906752 662906757 662841216
f 662579072 662579075 656877440
f 662644520 664348571 664414101
f 12584207 21954655 12583007
f 21954655 10813634 12648543
f 87818406 84213855 10814781
f 87819531 84477190 84542781
f 84477245 21955848 12648794
f 12648705 12648794 22151425
f 22151362 12714179 12648614
f 10814414 63766723 10814726
f 21954906 22610267 22348123
f 13173078 12845402 13173082
f 12845402 16777473 12779717
f 16777561 22216900 22544641
f 16777555 22675796 22348120
f 22479190 12779722 22544645
f 12845252 84345093 84149490
f 84346098 82380028 83559666
f 82380018 82380004 81986512
f 82379728 84870416 63907780
f 84879300 84486088 84346108
f 84477180 84739342 83559658
f 84739306 85525786 82380048
f 85525776 85132564 84879304
f 85141448 85272530 85141458
f 85272530 85075909 84477198
f 85067022 88409414 84739354
f 88409370 85198101 85525780
f 85198100 88671510 85198102
f 88671510 88474951 85272517
f 88483781 88483782 667232201
f 85067019 84673802 84542739
f 84673811 85591323 85067078
f 85591366 85656860 88409365
f 85656853 85329226 85656906
f 85329226 66847741 88671559
f 66848071 667419933 85722439
f 84673798 84673803 84083974
f 65537284 37684493 65537293
f 37684493 85329179 37684507
f 85329179 84083996 12256518
f 84083690 65536188 65602820
f 65602537 88737041 84935657
f 88736745 37684552 88540137
f 84213948 63767502 12255437
f 12255386 10027213 12256234
f 10028010 13107401 65602833
f 11927753 37291281 11928849
f 37291281 84934867 88735955
f 13370321 63833038 63963341
f 13369491 13370319 10027155
f 9568410 10028285 13108477
f 6030589 11927753 6029513
f 12124253 37290167 12124343
f 63767505 63963331 22085827
f 80150866 63964113 63833288
f 84608200 63833039 84411660
f 9569545 85001167 84410515
f 83625234 22741139 12714322
f 22741330 22085969 83427665
f 81069306 80150866 81068370
f 80151753 80151766 80544969
f 80151820 22152398 12714332
f 22151516 22741335 22020439
f 22413649 22217044 22021370
f 22217978 22217045 22151511
f 81528028 81528027 81331420
f 16843994 16843997 83952858
f 62588162 62587138 83887362
f 83886988 83887362 81593228
f 81331402 81331420 81265866
f 83952857 83952858 59442393
f 70452441 70452108 59441341
f 59442416 59441341 81593584
f 83428592 83428574 81069296
f 81265903 81265866 83363055
f 81265716 82248953 83362868
f 82248756 82838577 70255668
f 82838580 12321846 70583348
f 83363043 83363055 82248931
f 82248920 82248931 81134808
f 70255831 70255848 70124759
f 70255669 70517807 70255857
f 70518001 82183399 82838754
f 82183394 82314473 81855711
f 81134799 81134808 83297487
f 70124792 70124759 70386936
f 82183219 82183215 70124597
f 80609376 80610520 87752800
f 87752787 87752800 6291539
f 6291502 6291539 5701678
f 2949208 5963868 5701718
f 5374880 5374048 60883872
f 5375230 5374882 2950398
f 2950027 2950398 5964683
f 5965055 5964683 34997503
f 5963862 10879511 34996310
f 10879062 60817769 60752802
f 60818338 83821453 59507618
f 83821474 59311358 83821822
f 59311358 59376523 83755914
f 59311359 83756295 84411655
f 84411647 83756300 34997516
f 59507916 59507617 80086220
f 59506777 59507911 83820633
f 83820650 83820633 59310186
f 59311355 59310186 84280571
f 84280545 84280571 85001441
f 84280585 85460242 80413895
f 85460167 6489286 80020679
f 6489287 87883865 6488153
f 87883865 87883882 6882555
f 83494112 83494206 81790176
f 9176288 85001441 9176289
f 83624077 85460242 80020693
f 80019505 80020693 6488113
f 6488162 6488113 87883874
f 87885029 87883874 81724645
f 81724473 81724645 9110585
f 81723533 81002636 83232025
f 81003728 81003767 80348368
f 81002544 81003723 3145776
f 3145775 3145776 6357039
f 6358246 6357039 82052326
f 82052152 82052326 70779960
f 80348357 80348368 79889605
f 80347241 80348356 3080297
f 3014761 3014704 6946921
f 3016002 3014763 82117954
f 82117687 82117954 70714423
f 11142199 11142200 70714425
f 79889667 79889605 85394691
f 79888483 79889688 6815843
f 6815848 6815843 6946920
f 88146024 88146027 89194600
f 70649170 83166530 84018456
f 83166488 16187697 19924248
f 16188696 3211363 16187491
f 3211363 3211368 6751570
f 3212626 85787934 89194638
f 89195575 62718094 83165489
f 62718257 16122106 16318769
f 16122161 3277048 16122104
f 3277048 3276850 3212574
f 3278110 7929958 6620446
f 7931166 9240697 7865630
f 16319681 16319422 19858625
f 16318709 16318768 16122101
f 3277045 3277047 3342581
f 6619188 6619187 69926964
f 6620347 6620204 7931067
f 19858620 19858625 16057532
f 15991030 15991088 19792118
f 3342639 3342581 3408175
f 69926965 69926964 69992501
f 69927031 69927981 79298679
f 12518588 12517622 16056623
f 12517679 12452031 19791925
f 12451893 11403439 3408941
f 11404333 12189880 11994157
f 12190765 12517495 16712892
f 80740608 79429824 80740544
f 79429824 7012543 79429823
f 7012543 70189231 7012527
f 70189231 79233208 70189240
f 79233208 80740539 79626496
f 79561920 79561937 80741565
f 79561917 79495277 7079101
f 79496381 70058092 79495276
f 70058092 58197040 70059056
f 58197040 79561914 80807104
f 7079122 7079103 6554834
f 7077991 7077989 79495271
f 79495285 79495271 70058101
f 70058874 70058101 58196858
f 80806086 80807104 12976326
f 6553799 6554834 83034311
f 6685940 6684773 79758580
f 6685746 6685890 7603250
f 7602333 7603250 58261661
f 12977364 12976326 82969812
f 83035379 83034311 80872691
f 79758547 79758580 83100883
f 79757436 79758581 70320252
f 70320286 70320252 10223774
f 82969795 82969812 80479427
f 80872653 80872691 62653645
f 83100605 83100883 117638077
f 83102271 83101444 8063551
f 8063552 8063551 10291776
f 10290946 10291776 16451330
f 10223868 10223774 16515324
f 58261757 110624925 117639743
f 110627391 113051326 171838016
f 113052224 115672806 171902722
f 110626621 110626564 109971261
f 110495375 110495385 110626494
f 110495422 112002734 113051366
f 112002790 115607269 115673895
f 115672834 110431015 121374351
f 110429839 110888605 109971096
f 109971095 110560920 110496564
f 112003892 112002711 114690868
f 115607255 115607214 126093015
f 186386309 187041509 186386149
f 110889844 110888598 191957876
f 117705586 110560925 117704349
f 111019781 187893400 111019672
f 187894512 187893407 183569136
f 114690802 114690868 111807218
f 126092971 117704407 117771122
f 174917382 111019781 174917381
f 183437934 183436959 110692974
f 111216282 111217392 183438066
f 111217394 187829043 183568043
f 187827883 111675049 111806159
f 111806341 174917327 110954246
f 110691998 110692974 111281822
f 110692002 126617251 111281826
f 126617250 126748559 111217459
f 126749491 116655861 187827881
f 116655785 116721398 111675081
f 111675087 126486217 110954147
f 126486179 183502733 126486413
f 183502733 187763488 186582925
f 187762573 111085455 187762575
f 111085455 112461557 111085301
f 112461557 112461558 116721463
f 116721353 183502647 186583848
f 186583838 186583848 187763486
f 187763443 187763486 111086323
f 111085272 111086323 112461528
f 116262616 120981173 116262581
f 183503656 111150753 187108119
f 186452759 186452776 186190615
f 186452791 186452762 183634743
f 183633814 183634743 114755478
f 115541910 116262616 115541720
f 111151895 121440062 185994069
f 186190677 186190615 186059605
f 188091160 188091162 188025624
f 188090034 188091190 127207090
f 127076018 115541910 127076246
f 121441109 109905550 190056036
f 186058340 186059605 187958884
f 188025653 188025624 187173685
f 188024492 188025641 112264876
f 112264901 112264876 127141573
f 112265108 107153301 107284110
f 110364262 110364260 107154229
f 110365493 183700212 187960105
f 183700265 111741703 184945449
f 111741737 113641132 111740588
f 113641132 110364357 110167654
f 109643410 109643413 110365428
f 109644532 188222197 183765748
f 188222196 188222215 184944298
f 188221098 112395956 111740615
f 110167690 109577865 109643367
f 183764583 183764618 187237991
f 188222250 188222197 185010986
f 112397064 112397113 114821896
f 113706713 113641140 113706676
f 109577831 192022117 107218535
f 192022119 110298772 107350826
f 110299946 189729616 187239176
f 189729544 189664079 185009881
f 189662937 112920252 114820822
f 114820808 114624214 113707776
f 113642240 192022216 110298769
f 189728401 189728404 189597329
f 189664078 189664080 183831374
f 183831375 127928225 189662908
f 192022161 110036624 110102418
f 189597586 189597329 116131730
f 183830253 183831374 126158573
f 127928198 127929078 168101766
f 127927994 112921094 112789409
f 110036882 116066028 126944999
f 116131559 116131730 116197095
f 126158574 126158573 162399982
f 127011247 127010694 126159366
f 121571219 121571846 168101644
f 118163974 115738298 126224108
f 183895943 183895783 115738350
f 183895790 184093434 116197807
f 184093103 187370284 162400147
f 187369363 127011590 121506566
f 121505683 183895872 187303815
f 183896824 183896875 185076472
f 184093449 184093431 187435785
f 187370285 184290042 187435820
f 184290092 184290054 184879873
f 184878813 115084033 184878911
f 109775659 109775608 109710123
f 109774925 109774475 139135053
f 139134637 139135053 115410605
f 115410839 115410605 185206679
f 112723595 113576013 112724045
f 113576013 114558637 113575597
f 111937431 112723669 112854667
f 127665851 112068281 127665849
f 112068281 112068294 113575613
f 113575637 112985789 114558871
f 127272864 127272637 127993760
f 127273729 127272866 185207553
f 184290049 127666955 139265723
f 115017806 115017629 127665839
f 115017391 116393712 116328111
f 116393647 112985776 112133807
f 139265756 127535003 115017624
f 115018174 115017624 116328894
f 116328180 116328894 127796980
f 116328350 116328351 116393886
f 127535000 127469466 127338396
f 127338299 127338396 163383099
f 163383100 163383099 116590396
f 127469468 127731609 115214239
f 115279583 115279774 127731422
f 115279582 127993569 115345118
f 127993566 115214240 115279754
f 115279507 110233482 115279585
f 110233313 115082973 115345314
f 115083170 126421761 116852447
f 116852618 126683022 126421820
f 126421105 126421820 110233713
f 121833585 110233235 121505604
f 115083071 115213971 116852538
f 121177848 126682875 117049080
f 117049230 166791666 126683964
f 188417932 188418546 184027020
f 188418158 141560569 141364028
f 115214138 121177855 117049842
f 121178610 116918009 166791052
f 116918156 116983546 126551799
f 184682231 184027020 184682380
f 184683257 126880522 185142009
f 184027246 121178001 116918012
f 166921980 116918009 121047540
f 116983608 116983545 121112376
