local_index,pac_vertex_index,runtime_vertex_index,pac_x,pac_y,pac_z,runtime_x,runtime_y,runtime_z,delta_len,pac_raw40_hex,runtime_raw40_hex
0,2463,48685,-0.040460525,2.098210890,-0.573124829,-0.322624389,2.317119159,-0.284386312,0.459246348,c53a613a9d454cd929eadb3b2188f0011b0000009569010000000000ffffffffe860ba51774aa02f,2b2013557d55474a2138b1390000003c3405453a043430000e3c0001c13b020100000000ffffffff
1,2464,48686,-0.038513138,2.085782385,-0.443746670,-0.346531665,2.291845729,-0.384919039,0.375230869,f43add38ba4cead64ef6de2e1f84d00122400000bf2f120000000000ffffffff6508de392722df74,ea1dfe51f64f7c372f3859390000003c8142b47a043430000e3c1001dc120b0401000000ffffffff
2,2465,48687,-0.021566733,2.078991552,-0.372059376,-0.381750356,2.273811583,-0.371704137,0.409496292,8d3c0938ab5087530736a7000e101001032c20017848201e01000000ffffffff882aed2440373e33,981acb4fb050d33d4f3864390000003c56c68173043430000e3c1001dd120b0501000000ffffffff
3,2466,48688,-0.015310236,2.095552215,-0.457316812,-0.440503419,2.196485776,-0.292272625,0.467136394,243d0e3afb4b5ec373c2d7001e40d000235cd0018b5d160000000000ffffffff5b167b3d443bab57,0e155d460e55e74aa438a7390000003cfbddf1330434e000033c1001d91f040300000000ffffffff
4,2467,48689,-0.017174755,2.103592305,-0.427334614,-0.422479736,2.215384793,-0.381082455,0.422976300,f73c093ba14dd9cf996f83191e740001237c70016a632e0201010000ffffffff261b8536573b5f56,c116ab482c507c438c384e390000003c8312147b040cd0000e3c1001d90f0b0903000000ffffffff
5,2468,48690,-0.016594682,2.102214919,-0.434581496,-0.006816316,2.256514178,-1.449144985,1.026276255,053dde3a3b4d3acfcbafe6181d7800011f8c70016963320101000000ffffffffde1faa31ea3a5f54,f13daf4d7315ec22ea39a2350000003c3ba839200320a000091c0000fb03010000000000ffffffff
6,2469,48691,-0.016014610,2.100997694,-0.444883436,-0.052352012,2.259877562,-1.448008220,1.016278776,133db83aaa4c1fceaf0ba7121e7400011f343002675e390000000000ffffffffbb211f2da33a3751,a639184e8315b0da0c3ac3350000003c46e4441c0320a000091c0000f208040200000000ffffffff
7,2470,48692,-0.015724573,2.099876566,-0.450140978,-0.078579578,2.228133621,-1.642039935,1.200426486,1a3d953a604c4bcdb05377111e7400010d7c300279453f0100000000ffffffff77145131da28d645,2d37394ad80aeeca8a3a86360000003c3124916a0320a0000724c000ef0d030000000000ffffffff
8,2471,48693,-0.018707804,2.085269869,-0.481615181,-0.053263555,2.232714230,-1.677208627,1.205146309,d23ccd38a54ac14cd191601404344002034400019c62000000000000ffffffff36241f29393a9355,9039c84ae9080acbae3a90360000003c4214b36e0320a00007309000df1b030200000000ffffffff
9,2472,48694,-0.015475971,2.098723406,-0.454332802,-0.092128416,2.223809269,-1.596569302,1.151618988,203d713a254c5ccc7167180b1e40d0010d8cf0018554230301000000ffffffff995e2b4e034e1634,e635b249580dfcc96c3a75360000003c235c30670320a0000724c000ef0c030000000000ffffffff
10,2473,48695,-0.039880452,2.089017640,-0.450851456,-0.085623316,2.268366103,-1.582146586,1.146336317,d33a4239564ce8d74e129f2e1f84d00122000000916d010000000000ffffffff5c613f53c3489030,8336214f230e90c9793a27360000003c298810680320a0000724c000f805010000000000ffffffff
11,2474,48696,-0.037891632,2.084244837,-0.442823048,-0.079532555,2.273651421,-1.475858982,1.051081377,033bad38c74c6cd64f0e3f2e1f74100210000000c12b130000000000ffffffff7d54fb44cc5e5238,1637c64ffb1300cf353ad5350000003c420cb11f0320a000091c0000f209030100000000ffffffff
12,2475,48697,-0.044603900,2.104585304,-0.499021908,-0.080651266,2.242900479,-1.478345657,0.989699705,613a283bb04953da52a22f29226c10021a000000af4a050000000000ffffffff8f5a0157c748282c,fb36064cd8135cd1293a09360000003c5640d11e0320a000091c0000f00a040100000000ffffffff
13,2476,48698,-0.036565752,2.084533128,-0.463711120,-0.094200103,2.266572298,-1.524810960,1.078143242,233bb638a14b6ad6083a4d371f74100210000000c826110000000000ffffffffd4473a4c025d4637,b435e94e4a1122c8543a0b360000003c281070230320a000091c0000eb0d060100000000ffffffff
14,2477,48699,-0.041703537,2.103239951,-0.591526226,-0.094448706,2.200842160,-1.517066743,0.932166022,a73afe3a9a4414da2f1e6c7b226c100200000000b92e180000000000ffffffffbb4b1935e44f4c42,ae35e546b7119ece333a71360000003c4058c0230320a000091cc000df14090201000000ffffffff
15,2478,48700,-0.047007058,2.090106736,-0.551242087,-0.098384913,2.225667139,-1.550814478,1.010030332,273a6439d14639d820be4c06217c20021d000000ae4e030000000000ffffffffd83fc74ed355b42c,4f35ec49dc0f93c7533a5f360000003c1e1020640320a000091cc000e113090200000000ffffffff
16,2479,48701,-0.038388837,2.096993666,-1.410992283,-0.080154061,2.216121534,-1.480192902,0.143960094,f73a3b3a8c170dd9c2fdb73f2188f0011b000000ab50040000000000ffffffffd83fd74e8f57ae30,0737c248be13c8d21e3a2e360000003c5a5cf11e0320a000091c0000ea0b060300000000ffffffff
17,2480,48702,-0.038968909,2.098563245,-1.321045688,-0.016884719,2.532984366,-1.326516373,0.435016495,e93a6c3a7e1c4ed90402f87f2188f0011b000000946a010000000000ffffffff9765144b6541823d,fe3c666f311c48f1c13ac8320000003c359984170300000000000000ff00000000000000ffffffff
18,2481,48703,-0.039756151,2.074507039,-0.432947395,-0.005117532,2.494994140,-1.344349387,1.004322073,d63a7d37524d68d44dce7f191d7c0001215c0000ca2d080000000000ffffffff7c56023e2b5ba33d,1a3ec46a361bb0df913a5a330000003c6c5419100300000000000000ff00000000000000ffffffff
19,2482,48704,-0.045308274,2.100965662,-0.493480174,-0.007893594,2.275893678,-1.447937172,0.971075604,503ab73afe49d1d95e56cf132284b0011f000000b73e0a0000000000ffffffffdc61055ea2427c2d,d73d0c50841520daf73981350000003c2da8591c0320a00009000000ff00000000000000ffffffff
20,2483,48705,-0.035239872,2.078735294,-0.441899426,-0.048250070,2.314012033,-1.437848375,1.023444537,433b0138d44cb9d45c26df2c1d7c000121340000cc2e050000000000ffffffff1557ba52e64dcc2b,093ab25412164cdb2a3a5a350000003c5be454190300000000000000ff00000000000000ffffffff
21,2484,48706,-0.038305969,2.089209833,-0.481757277,-0.007810726,2.531767142,-1.326942660,0.954528817,f93a4839a34ae0d7f60dad371f84d001220000009767010000000000ffffffff77549b3ef15c213c,d93d406f2b1cd8e8bd3ab3320000003c8a7c68140300000000000000ff00000000000000ffffffff
22,2485,48707,-0.045639744,2.102631338,-0.498524573,-0.003211580,2.219516950,-1.441756008,0.951392629,483aeb3ab74911da681e4f12226c100200000000bf261a0000000000fffffffffd554550974f3428,483e2c49db15d813d239d8350000003c1b3e793f0320a000091c0000f207040200000000ffffffff
23,2486,48708,-0.038968909,2.090747380,-0.487441106,-0.025171469,2.499030201,-1.345059866,0.949944823,e93a7839534a2cd8c7c98b3a217c20021d0000009865020000000000ffffffff0c62415544471432,363c426b2c1ba4dda03a77330000003cd050b3140300000000000000ff00000000000000ffffffff
24,2487,48709,-0.037311559,2.082867452,-0.441188947,0.002133375,2.536764170,-1.327724187,0.996756171,113b8238de4cfed54e361f2d1f74100210000000b841060000000000ffffffff1c5f7148074e5c3f,c93edc6f201ca193dd3ad9320000003cceb5ed260300000000000000ff00000000000000ffffffff
25,2488,48710,-0.041123465,2.088857479,-0.447867446,-0.079532555,2.181847046,-1.476356317,1.033398121,b53a3d39804ce9d757fa8f1e1f84d001220000008c71010000000000ffffffffb261e3602b41142e,16379444f41380f20a3a54360000003cc718437903288000091cc000bf21140902000000ffffffff
26,2489,48711,-0.034618365,2.076076619,-0.442396761,0.020488528,2.425388101,-1.404740071,1.025260907,523bae37cd4c55d46e42ef2b1d7c00010d840000c921160000000000ffffffff456625574b41f630,84404762e41799ad333b8d340000003c9ce83d170300000000000000ff00000000000000ffffffff
27,2490,48712,-0.037021523,2.075211748,-0.430958055,-0.585314389,1.989045046,-0.739234734,0.634889186,183b93376e4d5ed467baaf241d7c0001215cd000c926100000000000ffffffff935f824bd84f4c32,6707112d7b3c38405d3920370000003c1d66747c0e0cf000044420019e33141109000000ffffffff
28,2491,48713,-0.040791995,2.090619252,-0.447299063,-0.593974044,1.987987982,-0.727440789,0.628508507,bd3a7439884c36d848466f2c217c20021d000000926a030000000000ffffffff640bdc375022bb5f,9606f02c213d683d653937370000003c0bd242780e0cf00004442001a62e121108000000ffffffff
29,2492,48714,-0.020820925,2.079343906,-0.447370111,-0.558879654,1.987987982,-0.721685912,0.610820972,9f3c1438874cde4e5675511004383000112c20006c48262402000000ffffffff5913811b4322ea40,e509f02c723d7548493935370000003cc429c63e0e0cf000044420019a35151308000000ffffffff
30,2493,48715,-0.016594682,2.080016583,-0.413693424,-0.590576476,1.982446406,-0.707618435,0.652201619,053d2938614ecf53c021a14f031020000b341001625d3e0200000000ffffffff5a29dd15ee2bbc44,e806432c383e78405c3967370000003c0f5e747c0e0c40000f442001a82c121208000000ffffffff
31,2494,48716,-0.014522995,2.087864480,-0.481259942,-0.509283451,1.964636486,-0.986339203,0.717689423,373d1e39aa4ab24f335ab2090d10e00110902000be41000000000000ffffffffbd23c41ac42b154a,920e172ae52e3820353900360000003cfe2e35740338f00011109000674e272202000000ffffffff
32,2495,48717,-0.015351670,2.087736351,-0.453693371,-0.588629090,1.982734696,-0.777884772,0.666912597,233d1a392e4ca74fdd55a10e0d10e00124402000be40000000000000ffffffff490a37380422934d,17074c2c5b3aa53c6039ee360000003c442a03790e0cf000044420019838160d0c000000ffffffff
33,2496,48718,-0.020903793,2.078991552,-0.375682817,-0.576198964,1.983983953,-0.804172481,0.707801217,9d3c093878508653374d60180e103000112c20015c58252302000000ffffffffe11c46223f29414c,4308732ce93847405439d0360000003cc1c902380e0cf00011102001923c170e0c000000ffffffff
34,2497,48719,-0.016677550,2.085910514,-0.433373682,-0.543383430,1.983631599,-0.951667846,0.745995242,033de1384c4da550a8b57013043420000390e0018b74000000000000ffffffffd318232474273350,5b0b682ccd30d4273e393a360000003c12dfe5760e0cf000111090006358231e02000000ffffffff
35,2498,48720,-0.017133321,2.084533128,-0.423142790,0.596707744,1.935134801,-0.538027185,0.642120812,f83cb638dc4d4e51e491c0160434200003440000dd1e030100000000ffffffffe720d71d6029db49,d7767e268b4700112026a4380000003c3e1ea97f1310400103546001b9330a0900000000ffffffff
36,2499,48721,-0.016014610,2.086166771,-0.444812388,0.064325439,2.473212223,0.443712192,0.972488886,133de938ab4c9450bfe98011043420000390e0018e70000000000000ffffffffd8148b1d1624914f,a6441c68857d0d43ac35e53b0000003c20d2fb7b0d404000000000008c6f040000000000ffffffff
37,2500,48722,-0.016718983,2.081586162,-0.419803540,0.065236982,2.443966795,0.318810048,0.826792922,023d5a380b4ee952118aa017040830000d2c1001a332290000000000fffffffff714792e26275549,bc448b64a7761750a235903b0000003c44024a7e0d404000000000009e520f0000000000ffffffff
38,2501,48723,-0.018376334,2.084084676,-0.483036139,0.185560603,2.368242601,-0.136961996,0.492039950,da3ca838914a684dd14970180434300002440001e01d010000000000ffffffff8d30d514d32e5f3c,14504f5b985d2c23b8342e3a0000003c42713d2e04343000104c40018e70010100000000ffffffff
39,2502,48724,-0.013818621,2.089145769,-0.518986357,0.477212798,2.136873794,-0.359270760,0.518554616,483d463997484d4e8846e3060d1000011e5c4002f30a010100000000ffffffff005f8b40b642e444,936b183f5f51aa411531c7390000003c5679df2a044c30000d500001d7100c0904000000ffffffff
40,2503,48725,-0.042117875,2.076717263,-0.449430499,0.591072754,1.938626314,-0.546623976,0.655321337,9d3ac2376a4ccdd4209e0e4e1d7c000121000000b14c010000000000ffffffff18621663f73f3829,4f76eb26124700189c27a2380000003cf6cd0b391310300014546001ac3c0c0b00000000ffffffff
41,2504,48726,-0.034162594,2.073802330,-0.439696942,0.411664599,2.228774265,-0.314723750,0.488258625,5d3b6737f34cd1d36d0aef2c1d40f0010d000000ad381a0000000000ffffffff15649853cc429236,65654d4ad253c9496632c1390000003c1bc90d350434300013500001dc15090301000000ffffffff
42,2505,48727,-0.037518728,2.077998552,-0.436215597,0.596873479,1.956948750,-0.568151479,0.659176459,0c3bea37244dc2d467e67f221d7c000121000000ba41040000000000ffffffff0865ce48d7424b41,db762729e3452d3c1f288e380000003cbc9df93e131030001454d000a1440e0c00000000ffffffff
43,2506,48728,-0.040087621,2.077357908,-0.434155209,0.608640665,1.973509414,-0.634794375,0.686941754,ce3ad637414dced44ad27f191d7c000121000000b24b020000000000ffffffff2061de49784a6b3a,f7772c2b39428f47652948380000003c53397d371310300014585001c1270e0900000000ffffffff
44,2507,48729,-0.040170488,2.085526127,-0.443107239,0.352911536,2.285022864,-0.285665174,0.468081648,cc3ad538c34ce9d661f61f1f1f84d00122400000b834130000000000ffffffffe65dba6a663f8828,db5f29516b55c6304f33c3390000003c11e96d2f0434300013500001c435060000000000ffffffff
45,2508,48730,-0.032298075,2.073962491,-0.450993552,0.116822006,2.393003515,-0.023782749,0.553654264,8a3b6c37544cced37a922e311d40f0010d0000009f540b0000000000ffffffffc25f1c49434c193c,9949545ed1638e415235883a0000003c7cb9de300d100001030000008e6d030000000000ffffffff
46,2509,48731,-0.040667693,2.087191803,-0.446588585,0.599193769,1.971779673,-0.623284621,0.673768610,c03a0939924c6ad75efa3f1f1f84d00122000000ad4e040000000000ffffffffd83fae6b934630e8,1377f62adb42384587295b380000003c83c8ab331310300014585001b72d110a00000000ffffffff
47,2510,48732,-0.127637143,2.030751011,-1.839268804,0.608350629,1.973381285,-0.642538592,1.406105432,8d3227320000e5d50cfdb7061d7c100210000000d827000000000000ffffffffd83f6b65c645e426,f077282bcc41cf3e1d2a3f380000003c922e3c7a1310300014585001bf270f0900000000ffffffff
48,2511,48733,-0.133189266,2.035780071,-1.839268804,0.124280081,2.392202710,-0.042468337,1.849816066,0732c43200009fd5330078261d7c1002100000009c63000000000000ffffffffe04aeb695f45bcd8,4d4a3b5eca62502d3e357b3a0000003c2a654e2c0d100001030000008d6f030000000000ffffffff
49,2512,48734,-0.138907124,2.030398657,-0.560549358,0.153863782,2.383682136,-0.096606809,0.652508014,7d311c324e468fd532d00c131d7c100210000000d32c000000000000ffffffff63297e19a62e8043,174d315dd05f7237ec34543a0000003c4e5d9e3004340001030000008975010100000000ffffffff
50,2513,48735,-0.014564428,2.089209833,-0.485593862,0.136378737,2.391786291,-0.058667250,0.544612416,363d48396d4a244e448e02090d10e00110907001f00a040100000000ffffffff104cc36d48467cda,714b2e5ee6610c3828356e3a0000003c73318d360d100001030000008a72030000000000ffffffff
51,2514,48736,-0.134266544,2.026042273,-0.548542269,0.426332148,1.921264844,-1.050495424,0.759740859,ed319431f746d6d55d60cd0d1d7c100210000000e916000000000000ffffffff7b24e5179d299f47,c766cd245e2b2f60ba2dad340000003ca2457d4e034c400116109000ba290f0902010000ffffffff
52,2515,48737,-0.015268802,2.086455061,-0.456464238,0.583366075,1.995483524,-0.941365906,0.775737820,253df238074c8950eb49d10e0434200003000000926c010000000000ffffffffe029d213c3296148,9575da2d5e314f4fb02e68360000003c000b6a79130c4001161090009b3c150d06000000ffffffff
53,2516,48738,-0.014564428,2.086583190,-0.487725298,0.441248299,1.926325937,-1.047937701,0.739787514,363df6384f4a875021d2020804342000030000009066090000000000ffffffff625450689b43414f,2f686b25822bc776622ee3340000003c4c1e3c5a034c400116109000b22e110b02010000ffffffff
54,2517,48739,-0.152745998,2.031167430,-0.495469515,0.571723191,1.992152172,-0.947902309,0.855028203,2f303432e2490bd50ff4ae271d7c000121000000d825020000000000ffffffffdb61e84ac248723b,7c74722d02317f4dd12e5a360000003c51c70877130c400116109000854f160f06000000ffffffff
55,2518,48740,-0.039631849,2.083956547,-0.441544186,0.553492339,1.985297275,-0.955149191,0.790771810,d93aa438d94c6cd660fa1f201f74100210000000bd2e140000000000ffffffffab24a1160228c74b,c4729c2c9c306b591c2f45360000003c229f5878130c4001161090006a66171107000000ffffffff
56,2519,48741,-0.015268802,2.085237837,-0.461721780,0.601804096,1.990999012,-0.907120835,0.766837816,253dcc38bd4b27510d7e310e0434200003000000c622160100000000ffffffff571cb724222bed45,52774e2d40339f4bf22ea4360000003ced85ab7c130c400116105001b726130807000000ffffffff
57,2520,48742,-0.016884719,2.086967577,-0.432165868,0.616015874,1.982894858,-0.774332379,0.726960942,fe3c02395d4d1150926510160d1040021e402000b844020100000000ffffffff41368d1e8b39d538,a978512c8d3a2447602d99370000003c88e9fc38130c400014585001a22f1e0e02000000ffffffff
58,2521,48743,-0.013652886,2.096833504,-0.529714585,0.614151355,1.991159173,-0.879127977,0.726219627,4c3d363a00482ec9e9eac3061078d0001774f001cd1a150101000000ffffffff05339d25703b8542,7c78532dca34f1496c2ed7360000003ce3914a3e130c400116105001ba24120807000000ffffffff
59,2522,48744,-0.013860054,2.099812502,-0.523391325,0.623556817,1.984048018,-0.862502777,0.731230648,473d933a594898cd5dbfb30c1074e0010d7c7001a641140401000000ffffffffd7295f1204286149,5f79752cb435bf4aff2df6360000003cd6e9093f130c400116105001bb23120707000000ffffffff
60,2523,48745,-0.014564428,2.085301901,-0.494119605,0.064739777,2.435542319,0.283641356,0.856661905,363dce38f5492f51198612090408d00003000000bf211f0100000000ffffffff4836561cb038f437,b0448463b87449419c35763b0000003cb1cdae300d40400000000000ad3a190000000000ffffffff
61,2524,48746,-0.013652886,2.095904570,-0.526517431,0.063911102,2.418308978,0.206341280,0.804389623,4c3d193a2d482cc6da36f3071034e00117743002b824210200000000ffffffffe7340f23de3aa83d,9c446a617870463d9335343b0000003c4ccace700d40400000000000ad39190000000000ffffffff
62,2525,48747,-0.013735753,2.098755438,-0.529075154,0.085746690,2.404983570,0.072487106,0.682311936,4a3d723a09488fcc330384091074e0010d5cf001c71b140901000000fffffffffa3af8200b3b5e3e,ab46ca5f1c694e358335d23a0000003ce6450f2c0d10000103000000af420e0000000000ffffffff
63,2526,48748,-0.013072813,2.098563245,-0.602609693,0.092956163,2.400915477,0.057353911,0.733628635,5a3d6c3afe437ccc371735081074d0001e5cf001d5190a0601000000ffffffff913a2d23a63b533f,59474b5f4768f53c7435c63a0000003cefe97d350d10000103000000af420e0000000000ffffffff
64,2527,48749,-0.013114247,2.099620309,-0.600051970,0.069131755,2.461648587,0.421190019,1.086629688,593d8d3a22448dcd34eb64081074d0001e5cf001b93b050401000000ffffffffd83f996f794750e4,1a45b366487ca53e9e35d43b0000003c5ce25d750d404000000000008d6e040000000000ffffffff
65,2528,48750,-0.122913695,2.026522757,-1.839268804,0.594718924,1.962650487,-0.596144337,1.436814073,ff32a331000025d6c000280b1d7c100210000000f20d000000000000ffffffff302b301b3131133b,a776d9295944bd3a632975380000003c47c1aa3b1310300014546001b2340f0a00000000ffffffff
66,2529,48751,-0.014440127,2.090523155,-0.494261701,0.593517345,1.947979725,-0.556712773,0.627559602,393d7139f349a74c7fd643050d780001045c4002d4200b0100000000ffffffffde3964250b3c9642,8a760f288446f016ca2798380000003c6c85cb331310300014546001a4420d0c00000000ffffffff
67,2530,48752,-0.013238548,2.100645340,-0.593728710,0.609303605,1.882089425,-0.491206643,0.667709664,563dad3a7b4485ce4873740a1074d0001e7c70019c5b030301000000ffffffff9a4acd653b453f3c,077806201e4a75b81820e6380000003c0ba0bce6131040010354d000b8350a0700000000ffffffff
68,2531,48753,-0.140937378,2.033185461,-0.563249176,0.589954042,1.953777559,-0.584208296,0.735491106,4c31733228467cd50e580c251d7c100210000000b14e000000000000ffffffffb1511f6ea4445ecf,3476c42801452a387b2984380000003cb969cd361310300014546001a5400f0b00000000ffffffff
69,2532,48754,-0.144293512,2.026875111,-0.509750135,0.592274333,1.964220067,-0.604101698,0.745224840,fb30ae31194962d513004f171d7c000121000000ed11000000000000ffffffffd83fce68e14510e5,6c760a2ae9436c28d3296d380000003c2c02ea3e1310300014585001b133110a00000000ffffffff
70,2533,48755,-0.131407615,2.033794073,-1.839268804,0.189248208,2.298796723,-0.910744276,1.017449929,323286320000afd59c00480f1d7c100210000000be41000000000000ffffffff114bab703c474cd1,6d50d7520d330c2dfc347f360000003c39b6f57d031030011434f000be30110000000000ffffffff
71,2534,48756,-0.129294493,2.022871082,-0.559128400,0.255376479,2.272914680,-0.937813512,0.594891563,6532313162461ad62678ed131d7c100210000000f50a000000000000ffffffff1748d036c75c3840,a956af4f9031634279343e360000003ca7767f6a0310300114349000d517120000000000ffffffff
72,2535,48757,-0.048167203,2.102278984,-0.592734040,0.241537605,2.278135934,-0.963817030,0.502550623,0b3ae03a89440ada4a6a9c05226c100200000000b826210000000000fffffffffb4f67349b42663e,5b55525022305b5e90341f360000003c0bcb3d670310300114349000d617120000000000ffffffff
73,2536,48758,-0.045349707,2.076044586,-0.510531662,0.099295528,2.377692109,-0.805167151,0.445784190,4f3aad370e49d4d431525d081d7c000121000000a757010000000000ffffffffd83f2b30bd536d41,f247765cdb385233b73573370000003c6442e57c031030010d50f000a157070000000000ffffffff
74,2537,48759,-0.049368782,2.093726378,-1.839268804,0.099917034,2.364238572,-0.837138690,1.048679106,ee39d5390000c6d8f50108402188f0011b000000b33b110000000000ffffffff81473a4dc75e2e38,0148d25a1937f031b53541370000003ce132067b031030010d3c4001b244080000000000ffffffff
75,2538,48760,-0.041952140,2.104905627,-0.596428529,0.167909824,2.377563980,-0.831810100,0.416880205,a13a323b554453da2d8a5c7a226c10021a000000b04a060000000000fffffffff546134d8260923b,6a4e725c6437d43c693541370000003c43db4c74031030010d50f000a056090000000000ffffffff
76,2539,48761,-0.042242176,2.106475206,-0.599909874,0.172301802,2.354981257,-0.790744435,0.379739655,9a3a633b244491da3742fc7a226c10021a0000009f5f010000000000ffffffffdf2fbd4ed669f82d,d44eb159a6394c2f2e356c370000003c4f42ff2b031030010d50f0009264090100000000ffffffff
77,2540,48762,-0.146738103,2.053942347,1.808896888,0.111269883,2.348350585,-0.859874006,2.697328756,c030fb3494c804dc0aca293f1b68200219000000bf3e020000000000ffffffffee2825495f76d747,1349e258d9357235a23511370000003c25b3d779031030010d3c4001b244090000000000ffffffff
78,2541,48763,-0.229066973,2.102246952,1.845273394,0.607563388,1.926902517,-0.521757224,2.516650547,fd28df3a94cadedca7e9b2371968b00100000000ce2e030000000000ffffffff1018a15489714803,dd777d257048802ff121ad380000003ccfc89c30131040010354d000c02e090800000000ffffffff
79,2542,48764,-0.072405949,1.939170862,1.902253780,0.149347502,2.387173649,-0.082752476,2.046980930,c237fc26b6cd8cdc628d87ac1a64b00122000000eb0e060000000000ffffffffd638bc4a4678e02b,aa4c9e5d9360d84101355e3a0000003c6195ed3504340001030000008776010100000000ffffffff
80,2543,48765,-0.192398100,2.078767326,1.730175855,0.110896979,2.400274832,0.007549358,1.778425435,722c023840c4fedc1c0eb67e1968b00100000000e419020000000000ffffffffaa3256497f784230,0a49375f8a655a366d35993a0000003cc1295e330d100001030000009566040000000000ffffffff
81,2544,48766,-0.184940025,2.079183745,1.765841883,0.142676668,2.390857356,-0.072166344,1.892814671,262d0f3836c6ffdcb33d343c1968b00100000000e913030000000000ffffffffee2825495f76d354,094c115e2861c7441935643a0000003cb945ec3a0434000103000000807d020100000000ffffffff
82,2545,48767,-0.137539810,2.106891625,1.845273394,0.116034764,2.396270803,-0.014191288,1.898854727,9e31703b94cadedc04eeb2b71968b00100000000ce2e030000000000ffffffffd83f604cff7f0b59,8649ba5e5864e6455d358d3a0000003cdc5d4e730d10000103000000916a030000000000ffffffff
83,2546,48768,-0.288773012,2.110735493,-1.839268804,-0.337996312,2.321795865,-0.318063000,1.536566468,5c23e83b000081ddbd03c8151968000000000000ff00000000000000ffffffff48601d424e41a33f,b81ea555a3536c2e253896390000003c4be2f379043430000e3c0001c437030100000000ffffffff
84,2547,48769,-0.041869272,2.073962491,-0.446588585,-0.006153376,2.427406132,0.172735641,0.713975160,a33a6c37924c6bd42eea1e101d7c0001215c0000c930050000000000ffffffffda42624d7a7f301e,013e86629f6e903d2936183b0000003c0952d77f0d40400000000000ab371c0000000000ffffffff
85,2548,48770,-0.287695735,2.084084676,-0.703426611,-0.390658613,2.233611132,-0.396784032,0.356355421,7623a838733e78dd03b53e1a1968000000000000ff00000000000000ffffffff825db340d951e943,c119e44a4f4f533a663843390000003c75526170040cd0000e3c1001da0e0d0802000000ffffffff
86,2549,48771,-0.043360887,2.092252895,-0.451135648,-0.300333029,2.320642705,-0.249999147,0.398312037,7f3aa739524c7ed8335e9f53217c20021d000000b23f0e0000000000ffffffff4f5e1948d6515033,452281556157b1461b38d3390000003cb78d443c043430000e3c0001bf3d020100000000ffffffff
87,2550,48772,-0.041703537,2.092381024,-0.451348791,-0.422935508,2.208978346,-0.400052234,0.401950355,a73aab394f4c7cd8445e9f2b217c20021d000000ab44100000000000ffffffffdb56e33bec4fae43,b616e347214f794e8c3838390000003c194e153e040cd0000e3c1001d8100a0a03000000ffffffff
88,2551,48773,-0.044645334,2.090298929,-0.481402038,-0.382786200,2.240466030,-0.302006183,0.411183993,603a6a39a84a39d824a65d09217c20021d000000a854030000000000ffffffffd83f604cff7f48d1,7f1aba4b85546f506e38ac390000003c0d16c338043430000e3c1001d91d050401000000ffffffff
89,2552,48774,-0.278456007,2.084629224,-1.839268804,-0.041579236,2.457548462,-1.471738206,0.574680870,5524b938000081dd2d00c8151968000000000000ff00000000000000ffffffffb9489f3e3664f73f,aa3a33663514ccc9ae3ab1340000003cb58cb2730300000000000000ff00000000000000ffffffff
90,2553,48775,-0.047835733,2.109646397,-0.580513807,-0.049244480,2.408923534,-1.527226587,0.992891675,133ac63b35451edb4eaecd091b88a00121000000bc340b0300000000ffffffffe148473f4a655344,f1394560281188cca83a2a350000003c7d60a2710300000000000000ff00000000000000ffffffff
91,2554,48776,-0.047794299,2.110927686,-0.577600845,-0.395423495,2.250876505,-0.331064759,0.448566351,143aee3b5e454fdb239e4d091b88a00121640000c028160100000000ffffffff3260aa41744a003f,4e19ff4cec52934d6b388c390000003c19668236043430000e3c1001dc14090401000000ffffffff
92,2555,48777,-0.041910706,2.085205804,-0.443249335,-0.030019219,2.493104238,-1.427546435,1.065534289,a23acb38c14ce6d663664f141f84d00122400000b23b120000000000ffffffff3a37847ad23b3f77,c13b896aa316bcc8b83a49340000003cdce492750300000000000000ff00000000000000ffffffff
93,2556,48778,-0.026911687,1.988724724,-0.572343303,-0.072364515,2.383233685,-1.458168064,0.970767113,0c3c072da8452cd2fefa733b1074d0001f000000b944010000000000ffffffffe02efb75c73e2f6d,c337235df414bccd693a14350000003c603cd0230300000000000000ff00000000000000ffffffff
94,2557,48779,-0.024839999,1.973925833,-0.510460614,-0.396790809,2.233450971,-0.311100309,0.495424296,3e3c392b0f49a1d36a5b82761d40f0010d000000a159050000000000ffffffff6e32f276483c3772,2d19df4a05545b5678389e390000003ceb11c337043430000e3c1001d91d040401000000ffffffff
95,2558,48780,-0.026745952,1.979435377,-0.518844262,-0.016138911,2.542850294,-1.336534122,0.993058702,103ce52b994887d2370bb3381074d0001f000000a757010000000000ffffffffe6346a7b063e0f77,103d9a70a41b44cfcb3aee320000003c79dd237b0300000000000000ff00000000000000ffffffff
96,2559,48781,-0.025047168,1.988180176,-0.552449901,-0.018832105,2.539262684,-1.327155804,0.950736448,393cf62cc04664d3040fc47a1d40f0010d0000008974020000000000ffffffffbf11292f18247b55,cf3c2a70281c48e7c63aca320000003cef1d322c0300000000000000ff00000000000000ffffffff
97,2560,48782,-0.018666370,2.081714291,-0.472450007,-0.006733449,2.362348670,-1.419873266,0.988184639,d33c5e38264b9b4e407af021040c10010e08d000dc17040404010000ffffffffb30ed92fbe226753,f33d975a0f170cdd2d3ad9340000003c4f7039130300000000000000ff00000000000000ffffffff
98,2561,48783,-0.019080707,2.080272841,-0.385700566,-0.004993231,2.454056948,-1.367297847,1.050450493,c93c3138eb4f3b53106ef023040ce000112c2000ac340d0706050000ffffffff5538724ff77c363a,1d3ec665f3194da12b3b1c340000003c890c79100300000000000000ff00000000000000ffffffff
99,2562,48784,-0.217672690,2.082707290,1.730602142,-0.007769293,2.418084753,-1.388114871,3.143713296,102a7d3846c44edd2285f02a1968b00100000000fe01000000000000ffffffffc23cce4f057f4c29,da3d6361ce18a5a4473b73340000003c6fac38110300000000000000ff00000000000000ffffffff
100,2563,48785,-0.248665138,2.083956547,1.624669778,-0.390907216,1.904576052,-1.044243212,2.678713631,2427a43873be70ddbb00f4371968000000000000ff00000000000000ffffffff1d1b8f134d23ce44,bb19c422b62bd3506a39ac340000003c2c52901d0344e0000f2440009f281d1a00000000ffffffff
101,2564,48786,-0.015683140,2.081073647,-0.439270655,-0.442657974,1.672118149,-1.678842728,1.373350295,1b3d4a38f94c5c53d75d210e040830000d2c00006e6c250000000000ffffffffbd173a183f233645,da146b06d208501d3a393d290000003c1c3f7262081cc0000a0c90006c4222210d000000ffffffff
102,2565,48787,-0.016180345,2.080977550,-0.426695183,-0.342263989,2.120152969,-1.196996118,0.837394045,0f3d4738aa4d5753dd056110040830000b3410017a4e370000000000ffffffffa324b90da8233b53,511e0e3d5023a14b3e385c340000003ca70a2275032410010f28e000f705010101000000ffffffff
103,2566,48788,-0.014730163,2.081586162,-0.474936682,0.488689948,1.876900204,-1.188257231,0.896746539,323d5a38034b3153410a9405021030000d00000093610b0000000000ffffffff450ede24d0226f4e,a86c641fcb23ef50b82ae3320000003c727fcf14034c400116244000bc2a0b0706010000ffffffff
104,2567,48789,-0.017671960,2.080272841,-0.397565559,-0.574541613,1.990966980,-0.929074625,0.774971764,eb3c3138444f7153e561f018040c20000b44e0008553230300000000ffffffffb9225438a03cb044,6b084d2d0b32e8254b395e360000003cdba224760e0cf0001110900088401a1a02000000ffffffff
105,2568,48790,-0.015558838,2.105386110,-0.460869205,-0.552788893,2.502361553,-0.744350180,0.725649431,1e3d413bc94b23d1d896910f1d40e0011f8c7001a7450f0400000000ffffffff84260a0d69213246,780aaa6b333c06cacf30403a0000003c0b3bb73a0300000000000000ff00000000000000ffffffff
106,2569,48791,-0.014564428,2.079760325,-0.481757277,0.483800765,1.720999334,-1.447937172,1.144806055,363d2138a34a24547eeda247021030000b340000b9281e0000000000ffffffffa728c90fe8242752,326c610c8415c945182cb42f0000003cba7fff62032890000720c0007a5d1f0504000000ffffffff
107,2570,48792,-0.014564428,2.082803387,-0.496322089,0.363187107,1.858097284,-1.650920918,1.235430091,363d8038d64988524b7a5307040830000d0000008c6d040200000000ffffffffc921ee390d3de744,d360191d5b0a1445fa31872d0000003c03d31c750720a000033090004e4737270a010000ffffffff
108,2571,48793,-0.015600272,2.106507238,-0.458240434,-0.377814149,1.754440984,-1.805378973,1.438725750,1d3d643bee4ba9d1c47eb10f1d40e0011f5c3002b13e0a0600000000ffffffff13331d088123a243,f71a7510dd01e837a038df220000003cca0a916c083070000a0c9000cd1d110401000000ffffffff
109,2572,48794,-0.013445717,2.081746323,-0.569572436,0.055002845,2.476223252,0.452948414,1.098110260,513d5f38cf453f531b2e0404021030000d0000009d5c050000000000ffffffff0c1fc9100d24f354,c5437a68077e313cbd35eb3b0000003c82f1aa3c0d404000000000008a70040000000000ffffffff
110,2573,48795,-0.015268802,2.081810388,-0.450354121,-0.423266978,1.694188356,-1.697883555,1.368591626,253d61385d4c0153422e8308040830000d2c0000806d110100000000ffffffff721e3a163e252b57,ae161c09c607523d1c394f280000003c360b0061081cc0000a0c9000783d231c0b000000ffffffff
111,2574,48796,-0.015683140,2.082867452,-0.447583255,-0.377897017,1.757964529,-1.813478429,1.449976010,1b3d8238844c61523d5a720c040830000d440000ba380a0200000000ffffffff902e750ce124514b,f51ae3106b01dc2c9538a7210000003cdca23063083070000a0c5000d31a0e0301000000ffffffff
112,2575,48797,-0.013942922,2.082867452,-0.526091144,-0.147856815,2.092220863,-1.562679471,1.045244363,453d823833488b525b4e6307040830000d0000008773030200000000fffffffff91565323b2dff40,a530a639350f00dc1c3a42370000003c56981171032880000724c0008042241604000000ffffffff
113,2576,48798,-0.018542069,2.088248866,-0.418027344,-0.125689756,2.142703660,-1.555361541,1.143667359,d63c2a39244e5b4e094e60170d90e00104400000964a170601000000ffffffff0d13353d322dab52,bc32ce3f9c0f60d7383adc360000003c3f98002c032880000724c0008c3b280c04000000ffffffff
114,2577,48799,-0.019867949,2.088248866,-0.416961626,-0.003667351,2.223745205,-1.447795076,1.039826582,b63c2a39334e024e0db2d0160d90e001101000008c461c0c06000000fffffffffc19f62ba92c633f,3d3eb0498615781ad739ce350000003cb2b8492e0320a000091c0000f307030200000000ffffffff
115,2578,48800,-0.017713394,2.087864480,-0.427050422,-0.133396435,2.129057929,-1.489642268,1.069663917,ea3c1e39a54d044f056240560d9040001e400000ca190f0c00000000ffffffff2034661acb354634,0232243e39138cd9fc39c8360000003c8798727403288000091cc000b52c0e0d04000000ffffffff
116,2579,48801,-0.013942922,2.093662314,-0.517281209,-0.052144843,2.280794609,-1.444811066,0.946989714,453dd339af487c44a64ae2091034e001170000007b51310200000000ffffffff1019bd2dde2d7630,ab39a550b0151cdb193a9b350000003c4dd4941b0320a000091c0000fe01000000000000ffffffff
117,2580,48802,-0.017879129,2.088761382,-0.425842609,-0.058359906,2.277335128,-1.636427154,1.225852231,e63c3a39b64d174ef43991500d90e001044000009d421b0401000000ffffffff721b96262a2d7844,15393950270bb0cca63a35360000003c4d9c626f0320a0000724c000fd01000000000000ffffffff
118,2581,48803,-0.016967586,2.088152770,-0.431171198,0.566005333,2.326088184,-0.901863293,0.786143583,fc3c27396b4de24ee889a0140d90e00104400000d012100d01000000ffffffffae25051d4b31ba3d,f2732b568a33a8d4e23a9a380000003ca6d446770300000000000000ff00000000000000ffffffff
119,2582,48804,-0.015020200,2.090651284,-0.463711120,-0.380093006,2.101574275,-1.356214380,0.964344096,2b3d7539a14b7b4c6bc242080d78000104907001b540090000000000ffffffffae27fa1e50330637,c01aca3a8f1aa8054439c1390000003c5cc5253e0324a00008447000e20f0d0100000000ffffffff
120,2583,48805,-0.015061633,2.092220863,-0.465061029,0.606610411,1.983631599,-0.716925705,0.679487729,2a3da6398e4b824990f203050d78000117104002825e1f0000000000ffffffffaa21b61ee32e7342,c677682cb53d62450a2d02380000003c34c6f97e130c400014585001a628220d01000000ffffffff
121,2584,48806,-0.015558838,2.089305930,-0.450851456,-0.080112627,2.193154424,-1.480690237,1.037072618,1e3d4b39564cde4d2f4ac10e0d78400010900000d61c050503000000ffffffff61328f080122e549,0837f545b713c8df133a4a360000003c9074512603288000091cc000d115100701000000ffffffff
122,2585,48807,-0.013487151,2.080593163,-0.563888607,-0.424468556,1.684098204,-1.720121537,1.289569136,503d3b381f46f153e8350502021030000d000000bf340c0000000000ffffffff953b1f06fc208247,9116e1078d060f471c392d260000003cb50e2021081cc0000a0c900093302a0e04000000ffffffff
123,2586,48808,-0.012824211,2.079952518,-0.678630907,-0.413322877,1.692971132,-1.775396774,1.230060626,603d2738d03f3954b20d75420210300000000000f10a040000000000ffffffffec2a320a18221f4e,9e17f6088303c943ed389e1e0000003c5a0b916c083070000a0c9000b2281d0602000000ffffffff
124,2587,48809,-0.014108657,2.080497066,-0.508684417,-0.425462967,1.671637666,-1.739304460,1.360442600,413d38382849ec53e2618403021030000d000000af3d130000000000ffffffff93378c79133da777,79165c067f0540171c390d240000003c4bda015e081cc0000a0c9000982d2b0c03000000ffffffff
125,2588,48810,-0.026041578,1.989365368,-0.580442759,-0.423557014,1.669619635,-1.763744925,1.288588325,213c1b2d3645c5d2f922e47b1074f0010d0000008f6e010100000000ffffffff8036512ddc3d1842,a7161d062704e43205391e1a0000003c6a6f0061083070000a0c9000a52a250902000000ffffffff
126,2589,48811,0.003583556,2.063712177,-0.574119499,-0.474852001,1.667505508,-1.506196420,1.120110572,ec3e2c368f456ed275f643051d40f0011e5c0000ca24110000000000ffffffff5b2fa274443db772,d111db055012d5417f39132e0000003c97e2601203289000081cc0006d66170c08000000ffffffff
127,2590,48812,-0.026165879,1.969985868,-0.510460614,0.416139444,1.680158239,-1.768718275,1.364861310,1e3cbe2a0f49bed2342b73791074f0010d0000008b72010100000000ffffffffca0ba32e3621f740,d1656607e1039d4e193085220000003c176fff63083070000a0c9000aa29200803000000ffffffff
128,2591,48813,-0.019122141,2.078831390,-0.380727215,0.390284782,1.741115575,-1.807084121,1.521893565,c83c04383150ec53db35e0580310b0000e4420005b43371e06050000ffffffff8724973a8c3e2442,6163d50ec5019d3e5031251e0000003c97f23f63083070000a0c9000d01a0f0401000000ffffffff
129,2592,48814,0.001760471,2.067171658,-0.463355880,-0.426043039,1.698865062,-1.683318743,1.344237694,c03e9836a64b2fd336aab10c1d40f0011e847001cd1d140200000000ffffffffa4355c2ec23e953e,6b16ae099308ac281f3928290000003c0e1bb163081ca0000c0c90006d43221e0e010000ffffffff
130,2593,48815,0.003459255,2.066498981,-0.565025373,0.421028627,1.670100118,-1.765165882,1.331102356,e93e83360f462ad348ba33051d7c00011e840000ce1f110000000000ffffffffed46d67a053a7434,47662c061304d35b01309c210000003c5cbbae5d083070000a0c9000a32a250a03000000ffffffff
131,2594,48816,0.010958764,2.105386110,-0.586694971,0.387798757,1.751045567,-1.811346993,1.329412718,9e3f413bde4446d10b520b3d1074d0001f000000e716030000000000ffffffff7648847ad23b8430,25630b10890100426a31341d0000003cf2662f6a083070000a0c9000d11a0f0401000000ffffffff
132,2595,48817,0.010751595,2.107115851,-0.572343303,0.396334110,1.721415753,-1.790529969,1.334697417,993f773ba8452cd218067c3b1074d0001f000000b944010000000000ffffffffd83fc87cca3bbf38,f3636e0cae02af5cf93093210000003cdb6e0e66083070000a0c9000cd1c110401000000ffffffff
133,2596,48818,0.011663138,2.107372109,-1.839268804,0.321297581,1.893460868,-1.808931366,0.377560416,af3f7f3b00003bd2d5fdd73f1074d0001f000000bc42010000000000ffffffffb819004c1a40f944,e05c6921ab010e3450333d280000003c2bd74f250830700003289000c3260e0404000000ffffffff
134,2597,48819,-0.000145482,2.071303816,-0.432450060,-0.469755650,1.647165041,-1.526445061,1.263824542,923e1937594df0d35c6230171d7c00011e840000c921150000000000ffffffff79289e713f3f8752,4c1260033311074485395f2d0000003cf3fe601303289000081cc0006a65160f0a010000ffffffff
135,2598,48820,-0.004247424,2.074122652,-0.478346980,-0.472117374,1.638420242,-1.544064931,1.242776582,2f3e7137d34ad2d37bbaa1331d40f0010d000000ab4d070000000000ffffffffd761ff299c1d6f69,13124f023b10b23b8439c52c0000003ce122a11003288000091cc000636316130f020000ffffffff
136,2599,48821,-0.007810726,2.072937460,-0.423640125,0.042862755,2.476895929,0.462824067,0.975483988,d93d4c37d54db354c5908b5a03702000144c4000c718160702020000ffffffff3d5c6a6d433eec27,a0428f68927e783ecc35f33b0000003c4f0db93d0d404000000000008576040000000000ffffffff
137,2600,48822,0.012989018,2.072136654,-0.451632983,0.595754768,1.948011758,-0.450851456,0.595838501,cf3f33374b4ce6d27e26de331d40f0010d0000008378040000000000ffffffffae4fe80ed51da760,c0761028564c28103a2c4a390000003c37426d1f13104001033450018a5d0c0b00000000ffffffff
138,2601,48823,-0.011208294,2.075179716,-0.523817612,0.616968850,1.896311736,-0.504137354,0.653442875,873d92375348e954935c2951020c400000000000e619000000000000fffffeff9248cb093d1e2b5c,c078c2216849c632351cc8380000003c1e259d33131040010354d000bc320a0700000000ffffffff
139,2602,48824,-0.011829801,2.076044586,-0.587973833,0.603420012,1.912808335,-0.513018337,0.640934265,783dad37cc44da54cba08546020c400000000000eb12010000000000fffffdff3b57a1713f3fc02a,7977c523eb487c2cdb21bf380000003c0325bd30131040010354d000ba330a0800000000ffffffff
140,2603,48825,0.013486223,2.075211748,-0.478346980,0.167702655,2.296266177,-0.907973410,0.507175155,db3f9337d34ad2d39946ae331d40f0010d000000ab4d070000000000fffffffff350f60be61e7d4a,654e8852343348241c358b360000003c694a397f031030011434f000bc32110000000000ffffffff
141,2604,48826,-0.011249728,2.077197747,-0.518986357,0.283095660,2.288065926,-0.701721462,0.405581946,863dd1379748ac545ff9ab46020c400000000000ec10030000000000fffffeff1b6da448a33b7013,465988518b3ea42f773412380000003c91a8a933031030011434f0008368120101000000ffffffff
142,2605,48827,-0.006982051,2.105994723,-0.747973621,0.252227514,2.301775721,-0.712875977,0.326728698,ed3d543b003c0000a6ba0d281d5c00011e7c00026456410301000000ffffffff056f3c42152d882c,5d563453ee3d3e3da93402380000003cbec1eb3b031030010d50f0008c640d0100000000ffffffff
143,2606,48828,-0.004454592,2.087832447,-0.482680899,0.454962872,2.137610535,-0.904847304,0.625912724,2a3e1d39964ae849254ecf170d607001101030018b3f260906000000ffffffff67183c45933de843,7a692f3f60336f6c1032f6350000003c998a9c6a034c400014589000de160a0100000000ffffffff
144,2607,48829,0.000558892,2.064801273,-0.434865687,0.485458115,1.894229641,-1.161045899,0.889696374,a33e4e36374d5ad24efe30111d40e0011f5c3002a1470b0b00000000ffffffffc4654b2bdd1d7764,5a6c81214a257d38752b7f330000003ca5aebe10034c400116244000bb2b0c0705010000ffffffff
145,2608,48830,-0.007354955,2.073353879,-0.410638366,0.484712307,1.903711182,-1.129855887,0.887796530,e43d59378c4ea654b3fc4b5903702000144c4000ba1b120e07030000ffffffff3c6d532a9a1eeb59,486ca9220127ae36602cf3330000003c96726e0f034c400116244000bd2a0c0704010000ffffffff
146,2609,48831,-0.006899184,2.074891426,-0.392094873,0.439135178,2.114899683,-0.970211338,0.731276937,ef3d8937914f8054dd505e5a030830011c504000ba1d0d0b09080000ffffffff216ac74eca3cef50,fc676a3cc82f034c1c32a0350000003c8beedd72034c400014589000d9180b0201000000ffffffff
147,2610,48832,-0.007064919,2.108717462,-0.747973621,0.488192743,1.883626973,-1.185486364,0.698114088,eb3da93b003c0000e0b61f5c1d4070011f78d0007672120401000000ffffffffa66b0948fa3b3824,9c6c3620f223743f162bf3320000003ce8fbaf1f034c400116244000bc2a0c0706010000ffffffff
148,2611,48833,-0.007272088,2.106443174,-0.747973621,0.496023722,1.897593025,-1.190672858,0.702073836,e63d623b003c0000f3be6e1d1d4070011f7800026e4c400202000000ffffffff086f5046873bd636,596dea21a9238348882c3e330000003cb5ab4f18034c400109584000bf270b0706010000ffffffff
149,2612,48834,-0.007064919,2.105386110,-0.747973621,0.489435755,1.887791163,-1.170140026,0.687084386,eb3d413b003c0000fb72bf18177400011e7c0002665e360301000000ffffffff5a6a5d4cc63b1820,ba6cb820ca24e433f02a0f330000003c39d70e17034c400116244000bb2b0c0705010000ffffffff
150,2613,48835,-0.006774883,2.106827561,-0.747973621,0.481853378,1.755337886,-1.416676112,0.899703056,f23d6e3b003c0000acee0e271d4070011e7cd00066573e0201000000ffffffff983d9900710af752,036c91103c177144292c48300000003c07f73f5d03289000081cc0008553220202000000ffffffff
151,2614,48836,-0.012989946,2.023255469,1.601223983,0.502528821,1.814597514,-1.286658522,2.940945954,5c3d3d3129bd025956f550110518700000000000a445150000000000fffff9ffcb3dde06ce0e7011,f66dcb17621e3436f52ad9310000003cd29ede110324a00013506001ce24080401010000ffffffff
152,2615,48837,-0.012989946,2.036388684,1.592911383,0.319557364,1.903839311,-1.801897627,3.413632269,5c3dd732b4bc70585d9b930b051c60000a0c00007a5a290200000000fffff6ffd83f9b078f1fd03a,b65cad220e027c2c863355290000003cc6361f2d0830700003289000c3260e0404000000ffffffff
153,2616,48838,-0.012575608,2.078831390,-1.839268804,0.272364318,1.937120799,-1.796000655,0.321161620,663d043800008f54e6fc57450200000000000000ff00000000000000fffffeff695512203f1dd774,4358bc2661023c2d1a34082a0000003cd189cb3b0830700003289000c2250f0504000000ffffffff
154,2617,48839,-0.009799547,2.072264783,-0.488648920,0.509821162,1.807966842,-1.330068766,1.023643708,a93d3737424ab854e170f85e03084000090000009f5f000000000000ffffffff4e64f144ac3e4038,a66efc16ff1b7839812b6c310000003cc5de8f250324a00013506001cb270b0100000000ffffffff
155,2618,48840,0.008099835,2.068132625,-0.437494458,-0.469009842,1.723658009,-1.373052724,1.105244622,593fb636124d2bd34fea1e111d40f00117781002c02a130300000000ffffffffd83f7e05d91f3141,5e12b40ca2193a458e39c3300000003c4a0fe01f0324a000113c8000ba291a0100000000ffffffff
156,2619,48841,-0.012575608,2.079087648,-1.839268804,0.510732705,1.805628489,-1.340228611,0.773092890,663d0c380000a054cdfc67460200000000000000ff00000000000000fffffeffc40fe22670237758,bc6eb316701b694eae2b4f310000003cd3969f630324a00013506001ca270b0100000000ffffffff
157,2620,48842,-0.017796261,2.080913485,-0.398844420,-0.468968408,1.725964330,-1.304420488,1.072200179,e83c4538324f155310c2201a040c20000b44d000a5381f0101000000ffffffff5c0c512d3b22b14a,5f12fc0c681dfa31a23935310000003c54cf90120324a0001138f000c228120201010000ffffffff
158,2621,48843,-0.018832105,2.079696261,-0.384350656,-0.464907900,1.749443956,-1.261294435,1.037824933,cf3c1f38fe4f8d53101e2021040cb00002381001854b120d0b040000ffffffff3c0d47298b226947,c112d90fc71f6b51aa39b7310000003c9fdb70200324a0001138f000d11b060605020000ffffffff
159,2622,48844,-0.018252032,2.079984551,-0.389181911,-0.463540586,1.773340000,-1.225273168,0.995671315,dd3c2838ba4f7e53ef25301b040c20000b3810018c4f170803010000ffffffff890d862b2223b353,e212c312c221ed40a639a8320000003c847f2019032410010e28f000d119060606030000ffffffff
160,2623,48845,-0.018417767,2.080561131,-0.389324007,-0.480942763,1.651169070,-1.553798488,1.324502825,d93c3a38b84f28532166e020040c20000b44e000af38110303020000ffffffff883a1f1669364836,3e11dd03b20fc73a7b39b62c0000003ccc6ed0150a0c80000724c0005645312608050000ffffffff
161,2624,48846,-0.013155681,2.093758410,-0.587121258,-0.465570840,1.768407036,-1.257244706,0.871549441,583dd639d844db437556e4031034e0011700000098530f0400000000ffffffff1b3842158a313a3a,b112291200207143a23918320000003cda16f01c0324a0001138f000d11a060605020000ffffffff
162,2625,48847,-0.013155681,2.090427058,-0.590886795,-0.466855287,1.735349774,-1.348683307,0.951934222,583d6e39a344dc4c61c6b5010d40e001045c0000e713040101000000ffffffff523b2a1dc239fd3a,9212210ef91a773f8d3915310000003c9a07601e0324a000113ce000c02a130200000000ffffffff
163,2626,48848,-0.013072813,2.096833504,-0.601543975,-0.468388336,1.742044510,-1.285734900,0.895156231,5a3d363a0d4452c9fdfad4051034e0011774f001dc16090301000000ffffffff77176f1832240351,6d12f20e6f1ece359b3975310000003cbb4f40180324a0001138f000ce1d080504020000ffffffff
164,2627,48849,-0.016221778,2.081746323,-0.427760901,0.312057854,2.269166909,-0.702218797,0.467141446,0e3d5f389b4de552110e7112040830000d2c10019b43200100000000ffffffffe46a8a4c713df03f,015c3a4f843e9424423410380000003c6bad4d2f031030011434600179681b0201000000ffffffff
165,2628,48850,0.008887076,2.065762240,-0.419732492,-0.469797083,1.668114120,-1.474366977,1.224547446,6c3f6c360c4e31d26ad6df191d4070011f78d0008c5f0b0800000000ffffffff4066f426e11d0766,4b12ee05101427439039e22e0000003c332e520a03289000081cc0006f64180b07000000ffffffff
166,2629,48851,-0.007810726,2.074186717,-0.415114381,0.159623073,2.268590329,-1.263425870,0.886261375,d93d73374d4ea354bd587c5b0308c00104503001c828070303010000ffffffff0d493a0c2d1eff53,a24d284fa91f3820173597340000003c31124b3d032440000a200000fa03010000000000ffffffff
167,2630,48852,-0.011788367,2.075339877,-0.583497817,-0.466523817,1.740987446,-1.266409881,0.885971085,793d97370b45d9541c80065b020c400000000000e816010000000000fffffdff5b5148169e1d676c,9a12d10e7f1f7139a9398f310000003ca7a3c0160324a0001138f000d11b060605020000ffffffff
168,2631,48853,-0.010752523,2.073802330,-0.515362916,-0.471371566,1.670997021,-1.450210703,1.117301394,923d6737ca48cf54aa5c6855020c400000000000ba45000000000000ffffffff3654c510171e7f57,251248066415f0369839812f0000003cb7f6e01003289000081c10018552210503000000ffffffff
169,2632,48854,-0.010835390,2.075435974,-0.502432205,-0.464493563,1.760431011,-1.257670994,0.935638547,903d9a378049d354c4a02c52020c400000000000c836010000000000fffffeffc667732cec1d1760,cb123011fa1f8341a839f3310000003c653761140324a0001138f000d11a060605020000ffffffff
170,2633,48855,-0.007023485,2.073353879,-0.401757383,0.280568201,2.329067182,-0.212059587,0.429049560,ec3d5937094fa954b244fc5603702000144c4000be130f0f0c030000ffffffffa93eee00420df634,09598856775981492534f2390000003cd4e1ca3d0434300013404001b645040000000000ffffffff
171,2634,48856,-0.012865644,2.030558818,1.533444321,0.315621157,2.316382418,-0.252485822,1.838245137,5f3d21326fb9a6587aea7207051870000a0000009038370000000000fffff5ff565b2c1e681d8770,575cfc543e573f38d533d5390000003c2b9d5d330434300013500001c138050000000000ffffffff
172,2635,48857,-0.009468077,2.073802330,-0.455398520,0.259768457,2.338388561,-0.189821606,0.461546619,b13d6737164cc054ed6c5a590308400009704001a559010000000000ffffffff1658c313491e5b5a,1357ab57b05a9d4e4e34003a0000003c6dc2097e04343000104c4001a05d020000000000ffffffff
173,2636,48858,-0.010379619,2.075468006,-0.481330990,0.159871676,2.383009459,-0.106482462,0.513885851,9b3d9b37a94ac15413b95c4f020c400000000000ba45010000000000ffffffff405ffd19151e3f62,a84d1c5d455fe437de344b3a0000003c74012e3304340001030000008975010100000000ffffffff
174,2637,48859,-0.009509510,2.075211748,-0.448506877,0.373338377,2.260133820,-0.286446700,0.455007888,b03d9337774cb3543769bc4f020c4000000000007f7e020000000000ffffffff0d56da17651d876c,c861204e6055c645f732c9390000003c7131ee330434300013500001ca2d070100000000ffffffff
175,2638,48860,-0.010338185,2.074186717,-0.490922451,0.486079621,2.106987722,-0.371277849,0.511684840,9c3d7337224ad254d790b952020c400009000000956a000000000000ffffffff174b500ad41e6046,696c733bb6509c27b930c2390000003c48e14e26044c30000d500000d5130d0605000000ffffffff
176,2639,48861,-0.011664066,2.077069618,-0.564456990,0.602508470,1.972644544,-0.650353857,0.628880570,7c3dcd371746b3549afd3a430200000000000000ff00000000000000fffffeff5b497c08f11fb83c,6377112b5e413828e32a3c380000003cf6392c3a1310300014585001b52c130a00000000ffffffff
177,2640,48862,-0.011871234,2.078991552,-0.588968503,0.028319507,2.474365383,0.470070949,1.131150001,773d0938be44715492cdaa420200000000000000ff00000000000000fffffeff7e43b10625203c3b,41414068f87e5247e035f93b0000003c5cc9373e0d404000000000007f7c040000000000ffffffff
178,2641,48863,-0.012327006,2.079311874,-0.687227698,-0.471827337,1.657191129,-1.517279887,1.038418564,6c3d1338573f6a545b451b440200000000000000ff00000000000000fffffeff994bfb0b3a1e7757,1a129904b411a5488139bd2d0000003cbf22911203289000081cc0006c66170e09010000ffffffff
179,2642,48864,-0.011622632,2.075756296,-0.558417922,-0.424344255,1.669107119,-1.753656128,1.328268445,7d3da4376c46d75476788c57020c400000000000ea15010000000000fffffdfffb5bb127521d9773,94160d06b504a8440c392b1e0000003caf1f601f083070000a0c90009c2b2a0b03000000ffffffff
180,2643,48865,-0.008597968,2.072264783,-0.444528197,-0.467269624,1.760495075,-1.240903698,0.970460704,c63d3737af4cc354ef1cea5d0308c00104503001d824010100000000ffffffff655e9233951c176e,88123211e620ae31ad396b320000003cf50671100324a0001138f000d11a060605020000ffffffff
181,2644,48866,-0.007064919,2.070182688,-0.414545998,0.164719425,2.379838268,-0.117423833,0.462253199,eb3df636554e0855de107951034c40011c089000dc0c090704020000ffffffffe85ef8363a1cbf59,1d4eb95cab5e1c23d234413a0000003c6785be2704340001030000008a74010100000000ffffffff
182,2645,48867,-0.006650581,2.069317818,-0.405736063,0.433955959,2.205646994,-0.330141136,0.467369618,f53ddb36d14e215563f8d750034c40011c242000d2130c0903020000ffffffff8c71232ccc1f7d4f,7f677b47f9524a400232c2390000003ce3789e2f0434300013500001de130a0301000000ffffffff
183,2646,48868,-0.006567714,2.076845392,-0.386908379,0.586059269,1.964027873,-0.615043069,0.644965092,f73dc637da4f38541d6d4f5b03083001047040019b231b1807060000ffffffffd15e9b2c2c1daf6d,d675042a4f43b231662a68380000003cf898ac331310300014585001a539150b00000000ffffffff
184,2647,48869,-0.007810726,2.071592106,-0.429181858,0.259354119,1.944231954,-1.793798171,1.396343562,d93d2237874dd954dfec89540308c001144c4000df10080503010000ffffffff1d51ab0adc1fbf3c,09579a278002b23034346f2a0000003c8ade4c790830700003289000c2240f0504000000ffffffff
185,2648,48870,-0.011291162,2.078799358,-0.521046746,0.154236685,2.024536758,-1.807865648,1.298555654,853d03387a4874546b652b44020c400000000000f009060000000000fffffeffd83f5a0e5b1e7b3f,204d6531ba01d6320235d22b0000003c68d2aa7d0830700003289000b8280e0d04000000ffffffff
186,2649,48871,-0.012575608,2.074827361,-1.839268804,0.352414331,1.829460469,-1.820156928,0.440213393,663d87370000b7543cfce750020c400000000000eb13010000000000fffffeffd83fdf0a071f0e3e,cf5f9b190d01aa398632af240000003c70ca0f27083070000a0c9000c42a0c0301000000ffffffff
187,2650,48872,-0.012575608,2.076525070,-1.839268804,0.185560603,2.011115253,-1.796640086,0.212963870,663dbc370000a5548600684a0200000000000000ff00000000000000fffffeffc64ced0c311ef35e,1450c22f5802fa37c434e62b0000003ccd290b3d0830700003289000be24100805000000ffffffff
188,2651,48873,-0.011498330,2.075596135,-0.547121311,0.003086351,2.074410942,-1.817812349,1.270775287,803d9f370b47d754d0f0694c020c400000000000ec12010000000000fffffdffdf5d4a29641d876d,e03e7a372e01e63ef835e32c0000003ca97d773f0830300007289000a72f1b0c02000000ffffffff
189,2652,48874,-0.008266498,2.072328847,-0.436641884,0.471080602,1.887534905,-1.388754302,1.081868984,ce3d39371e4dc254bf441a5b0308c00114103001da1d050201010000ffffffffd8642924f01d2768,ff6ab020c5183ac6f639a2330000003c008d2f670324a000081c3001c820160100000000ffffffff
190,2653,48875,-0.008225064,2.074603136,-0.422645455,0.503771834,1.908291791,-1.249145250,0.986358048,cf3d8037e34da054efac0c5b030840001c503001c237030201000000ffffffff9867841eb31e7759,146e38237220df3a512d8c320000003c97f61f21032430010a506001e015050201010000ffffffff
191,2654,48876,-0.008597968,2.076332876,-0.423924316,0.508288113,1.949389144,-1.325166464,1.046672509,c63db637d14d7f547051ee53030840001c4c40019c5e050000000000ffffffffec5e9f142f1fdb55,816e3b28441cdcddf6399e320000003c65b5ca790324a00013204000de1b060000000000ffffffff
192,2655,48877,-0.009882414,2.076973521,-0.452911844,0.505884955,1.906273760,-1.286445378,0.994953536,a73dca37394c8d546105fd4b020c400000000000b04d030000000000ffffffff2769e321991e135c,476ef922651ea426ca2d23320000003c71424f1e0324a00013506001de1c040000000000ffffffff
193,2656,48878,-0.008183630,2.076044586,-0.414901238,0.466730058,1.925813421,-1.363816502,1.071705460,d03dad37504e7e543e4d3e57030840001c4c4001ad4b060000000000ffffffffbd3db50c08145e34,966a5b25241a5cdae13937330000003c4699bd6e0324a000081c3001d61c0c0000000000ffffffff
194,2657,48879,-0.012907078,2.050899285,1.595327010,0.505594919,1.853388546,-1.289216245,2.937421421,5e3d9c34d6bc895753cdc24a0328700005182000694b480200000000fffff9ffb03df9058a18b149,406e861c3e1e30446c2cf2310000003c37fa8f600324a00013506001d021060501010000ffffffff
195,2658,48880,-0.012741343,2.058939375,1.599163595,0.305179851,2.307189168,-0.734616623,2.368381716,623d97350cbd6e5679f572470308a00007000000c530080100000000fffff9ffc43d2d0cb6118143,5b5bdd53bc3c4b405c34d0370000003c6876fc79031030011434f0008f59160100000000ffffffff
196,2659,48881,-0.012907078,2.046350708,1.594048149,0.299876331,2.262792495,-0.766375018,2.390873906,5e3d0e34c4bc1258a5e2d0120714a000031800009134280a08000000fffff7ff1e333d14a7125f3a,db5a734efd3a6f5d40347c370000003c3db35c6a03103001143460019c41210100000000ffffffff
197,2660,48882,-0.014274392,2.048336706,1.785806332,0.307334406,2.291781664,-0.751312871,2.568982584,3d3d4c344fc7d05706069150072850000318800075511f1307000000fffffbfff236e80acb07bd39,8f5bfc51d13b8f544b34ad370000003cfb2a5d700310300114346001964c1c0100000000ffffffff
198,2661,48883,-0.013818621,2.013773929,1.745735337,-0.637645221,1.978474410,-0.621792616,2.448590266,483d15301bc54a59372dc05b0518700008000000936b000000000000fffffdffd36b9155a93cd23b,7802c72bf042df4ea63912380000003c8269e63d0e103000113c2001da16070403000000ffffffff
199,2662,48884,-0.006443413,2.109486236,-0.747973621,-0.440669154,1.931354997,-1.030459926,0.547796719,fa3dc13b003c0000e2f6df1e107470011f78d000866a0b0301000000ffffffff996aa8517c3c4357,0a150826782c4816263969350000003c5833176c033810010f2440008b2d272000000000ffffffff
200,2663,48885,-0.006733449,2.108685430,-0.747973621,0.067847308,2.466997970,0.433126060,1.236505812,f33da83b003c0000d372cf59107470011f78d0007c6b140201000000ffffffffac360b0d6e078438,fb445a67f07c6846a235dd3b0000003c919e6c780d404000000000008d6e040000000000ffffffff
201,2664,48886,-0.013984356,2.011467608,1.748577252,0.070623370,2.457100010,0.398952038,1.423810002,443dcd2f43c552592661615105187000080000008777000000000000fffffeff0134aa0f76076c2d,3e4525660f7b64459d35c53b0000003c6b424b7c0d404000000000008d6e040000000000ffffffff
202,2665,48887,-0.014357260,2.010955092,1.776428014,0.154816758,2.358632931,-0.745913233,2.551804283,3b3dbd2fcbc64e5928a9424e0518700008000000807f000000000000fffffeff63309b0f6f089c36,2e4d235a1d3c1c344335e1370000003cbe452c3a031030010d50f0008e6a060100000000ffffffff
203,2666,48888,-0.014730163,2.015087250,1.806268117,0.171763163,2.333968113,-0.837422881,2.669375743,323d3e306fc83059ef05474005188000070000008f70000000000000fffffeffd83fc87cff398339,c74e215715372b5331351b370000003c30eb1e65031030010d50f000aa470e0000000000ffffffff
204,2667,48889,0.011787439,2.105578304,-1.839268804,0.163559280,2.362925250,-0.773835044,1.106531174,b23f473b000053d1fafdf73f1074d0001f000000e815030000000000ffffffffe65dba6a663f4428,014ea95a943a842b3e3593370000003ce2a1de2e031030010d50f0009167060100000000ffffffff
205,2668,48890,0.012574681,2.073962491,-0.450993552,0.604911628,1.986354339,-0.785557941,0.685909307,c53f6c37544cced37e922e311d40f0010d0000009f540b0000000000ffffffffb1601a27961d1f6e,9d77bd2cef39bb54b02d7e370000003c6966ea7c130c4000145850018f3e201002000000ffffffff
206,2669,48891,-0.008225064,2.073289814,-0.430460720,-0.614193716,1.975239154,-0.658027026,0.654674242,cf3d5737754db354d04c9b5e0308c00104503001d025050202010000ffffffff2a4b930af61d5f5e,ae04622bf240c0397739db370000003c889213790e1030000f442001d3150c0605000000ffffffff
207,2670,48892,-0.011746933,2.075916457,-0.562041363,-0.049203047,2.213847245,-1.447581933,0.897000537,7a3da9373946eb548454db56020c400000000000e915010000000000fffffdffc44c3113b91dc763,f2397b4889151010e7391b360000003c1ef1b43c0320a000091c0000f107040200000000ffffffff
208,2671,48893,-0.011249728,2.073898427,-0.546766072,-0.008763703,2.308534521,-1.442679630,0.926132485,863d6a371047dd546200e858020c400000000000d02f000000000000fffffeff8f5a7111461fc74c,c23d0754ce15f8d90c3a46350000003c33b489170300000000000000ff00000000000000ffffffff
209,2672,48894,-0.010338185,2.077133682,-0.471313241,-0.050736096,2.230632135,-1.452626331,0.994066973,9c3dcf37364b935423f58c4b020c400000000000bf3d030000000000ffffffff906bc627821e0b59,cd39874a421524daf63900360000003c3994541f0320a000091c0000f108040200000000ffffffff
210,2673,48895,-0.007313521,2.075179716,-0.399696995,-0.044355297,2.343930137,-1.591738047,1.222522291,e53d9237264f8154d3047e58030840001c4c4001bf2a070505040000ffffffff663f420cfe114769,673a58589c0decc9b13ab8350000003c656073710300000000000000ff00000000000000ffffffff
211,2674,48896,-0.012782777,2.046895256,1.461188644,-0.089020884,2.179188371,-1.658949326,3.123871744,613d1f3476b507585f53490e0714a0000318200090312a0e06000000fffff8ff871e33187c268353,31364144ea0926c9803ae1360000003c3204d1690320a00007309000e118030200000000ffffffff
212,2675,48897,-0.015807441,2.083892483,-0.444172957,-0.059105714,2.181686885,-1.705059390,1.265414193,183da238b44ccf511ccef10d0408d00003000000cf22090500000000ffffffff6f1a4d1c62267351,03398f446107e7c7a93af0360000003c31f8726c0320a00007309000dc1d030201000000ffffffff
213,2676,48898,-0.016387513,2.083700290,-0.431313294,-0.102486854,2.178451630,-1.609428965,1.185051665,0a3d9c38694dd7510806a1120408d00003440000db15090600000000ffffffffeb2be90aa223794e,ec342a44a30c86cc603ac4360000003c328020690320a0000724c000ef0c030000000000ffffffff
214,2677,48899,-0.014067223,2.081778356,-0.513515672,-0.104392807,2.187004236,-1.555858876,1.051527723,423d6038e4482b5344529404021030000d0000009760070000000000ffffffff3c24ec0c7622ed48,be343545950fdcd2473a9b360000003c346070290320a000091cc000e212090101000000ffffffff
215,2678,48900,-0.014688730,2.080593163,-0.474510395,-0.589333464,2.003235324,-0.891845545,0.714401451,333d3b38094bc853b22d8346021030000d2c0000a146180000000000ffffffff9e1fc90ff522ad46,0607cc2e1734e8254d397f360000003cc75563790e0c10010f102001aa2b151203000000ffffffff
216,2679,48901,-0.015144501,2.080913485,-0.453480227,-0.612412064,1.976456379,-0.671241929,0.644251495,283d4538314c8853cd79e208021030000d2c0000875b1d0000000000ffffffff0a2eb721cc377434,d904882b38405f426c39bd370000003cb711c3380e1030000f442001cf13100705000000ffffffff
217,2680,48902,-0.014730163,2.095744409,-0.476783927,-0.075472047,2.331886018,-1.555290493,1.105725486,323d143ae94aadc4aab2710c1078d000178cd001786d190000000000ffffffffec1b2b131c22ea3c,7837e0569d0f58cb853ab5350000003c4800916b0300000000000000ff00000000000000ffffffff
218,2681,48903,-0.015558838,2.080112680,-0.440407421,-0.621030285,1.977225153,-0.646730416,0.647881698,1e3d2c38e94cee539ec9814c021030000b3400007645430000000000ffffffffdd0ac130fd206d48,0904a02b9141f43e8839f7370000003c9dbe257d0e103000113c2001d816090404000000ffffffff
219,2682,48904,-0.019619346,2.078286842,-0.378169492,-0.635573533,1.980300247,-0.638275720,0.675763407,bc3cf33755500154aa3df018032c40000e442000513936320b020000ffffffff1c49e37b2738a035,aa02002c0842a940a13905380000003c5a52a57d0e103000113c2001da16070404000000ffffffff
220,2683,48905,0.010875897,2.103528241,-0.747973621,0.067391537,2.451174048,0.363712298,1.166146306,9c3f073b003c0000bf7d093f1034d00100000000f607020000000000fffffffffc47ca7c53374838,f0446c651f79474ba135af3b0000003c4bea797e0d404000000000008d6e040000000000ffffffff
221,2684,48906,0.011041632,2.102663371,-0.751810206,0.064035403,2.439129929,0.297850928,1.103542741,a03fec3aca3bada8c439b83f1034d00100000000f30b010000000000ffffffff6d694e4e473c7f43,9f44f4638075e350a235813b0000003c2b468b7c0d40400000000000ac3b180000000000ffffffff
222,2685,48907,-0.006899184,2.107852592,-0.747973621,0.084047906,2.409243857,0.085986200,0.891401734,ef3d8e3b003c0000e8ee7f621d4070011f78d0006f6b210201000000ffffffff39053259f86e4997,82464f60da6994378335dd3a0000003cb7bdff250d10000103000000b0410e0000000000ffffffff
223,2686,48908,-0.175741731,2.108365108,1.947724413,0.593600213,1.955699493,-0.575753600,2.642562223,042e9e3b36d05edcc6ed5c8f1a6c900122000000f00e010000000000ffffffffc501bb59306f68ed,8c7600297845f026db2887380000003cb206ba7d1310300014546001a2430e0b00000000ffffffff
224,2687,48909,-0.170438211,2.107980721,1.951560998,0.592440068,1.958005814,-0.591384130,2.659143784,842e923b6cd060dc46e3f2921a6c200219000000f00e000000000000ffffffffe945527d6e36e436,707648299c44583767297e380000003c8d540d2e1310300014546001ac3a0f0a00000000ffffffff
225,2688,48910,0.011331668,2.101734436,-0.747973621,0.612659740,1.878181493,-0.489998829,0.691463926,a73fcf3a003c0000cfb5d73f1034d00100000000eb13000000000000ffffffff2a04e159346ff98a,58788c1f2f4aa011111ade380000003cdaecd929131040010354d000b9340a0700000000ffffffff
226,2689,48911,-0.174250116,2.108140882,1.949145370,0.621236527,1.884267617,-0.495540563,2.580582792,282e973b4ad061dcf7216c941a6c900122000000f00e000000000000ffffffffe46a8a4c713d9842,27794a20e149d8224417d3380000003cb698bb2d131040010354d000c32c090600000000ffffffff
227,2690,48912,-0.007562124,2.109358107,-0.419732492,0.608764967,1.918221782,-0.518417975,0.652787103,df3dbd3b0c4e31d2ced6df191d4070011f78d0008c5f0b0800000000ffffffff096c3651043d0d47,fa776e249f4880262521b6380000003c97c03c29131040010354d000be30090800000000ffffffff
228,2691,48913,0.009384282,2.065249724,-0.747973621,0.500540001,1.952015787,-1.108612576,0.619771185,783f5c36003c00007aee1f5d107470011f78d00078750c0501000000ffffffffd36b9155a93cfd3a,c66d8d282c284c2c782e36340000003c90867f1e034c400116244000c0260d0802020000ffffffff
229,2692,48914,0.009798619,2.064929402,-0.747973621,0.416429481,2.170347475,-0.903923682,0.448087100,823f5236003c000084f6df1e107470011f78d000866a0b0301000000ffffffffb36a1b4a7e3ccc3b,d8652d436d33bb50f332fe350000003c5d43eb71034c40001458d000e80f070000000000ffffffff
230,2693,48915,-0.007396389,2.107596334,-0.747973621,0.178806902,2.347998230,-0.811845651,0.310715904,e33d863b003c0000ccea2f1d1d4070011f7800027860230301000000ffffffff6c056b5bc36ec19a,714fd7587d38d03b2f3546370000003ccbca0f67031030010d50f000975c0c0000000000ffffffff
231,2694,48916,-0.171764091,2.108461204,1.947440222,0.159954543,2.300398335,-0.873515196,2.846869611,642ea13b32d05adca3f92bbb1a6c900122000000ee10000000000000ffffffff66582a4ddd783806,aa4d095319352e353935cd360000003ced2a4c79031030011434f000ba34110000000000ffffffff
232,2695,48917,-0.108991954,1.981581536,-0.474581443,0.296975968,2.308982973,-0.718630854,0.575814005,4f34282c084b08dd284de8231968b00100000000f707010000000000ffffffff545788234b1db775,955a15549d3d0a346d34f1370000003c5a7d0a3c031030011434f0008b61120101000000ffffffff
233,2696,48918,-0.009343775,2.072104622,-0.469821236,0.489850093,1.949997756,-1.282964033,0.961928174,b43d32374b4bb754fd68295d0308400009704001b648010000000000ffffffff25723d2fc91f794c,c46c4e28961e1768523a15320000003c8f8c0d360324a00013504000e318030100000000ffffffff
234,2697,48919,-0.006111942,2.076364909,-0.382148172,0.506382161,1.943206923,-1.289855676,1.050863534,023eb7371d503c541b6d9f59034c4000027040018d2a1614100e0000ffffffffd83f4d2bfa3f5541,536e7a27351eb4c2e63929320000003cd59ba92c0324a00013504000e318030000000000ffffffff
235,2698,48920,-0.048664408,2.069477979,-1.635574579,0.540689309,1.950830594,-1.285308612,0.695773852,ff39e036330b06d43efe47001d7c000121000000c437040000000000ffffffff3a222c4fbd74f77c,8f716828751e4192143a21320000003c9f451d300324a00013108000e516030000000000ffffffff
236,2699,48921,-0.086949196,2.109582332,1.875752927,0.493371962,1.882730070,-1.212129313,3.150119256,6336c43b41ccc3dc9b32a7a81968b001220000008d71010000000000ffffffff4704575b1b6f09a0,196d1a207b22ef4b812bd5320000003c89eb7e12034c90001458a000c919100704010000ffffffff
237,2700,48922,-0.172219862,2.108204947,1.949003275,0.019867021,2.076332876,-1.821435790,3.775463407,592e993b48d05fdc64ae7bb81a6c900122000000f00e000000000000ffffffff3f299c50e4669c2f,7540b637fb003b39d835c12c0000003ca8c1773f0830300007289000a62e1c0c02000000ffffffff
238,2701,48923,-0.136545400,2.048048416,1.845273394,0.061507944,2.069574076,-1.829961533,3.680630415,b631433494ca8cdb6422e77e1b68200219840000df140c0000000000ffffffff2a04e159346f080b,6244e3368300c02d8f35332c0000003cf1c9aa3d0830300007289000ba29110802000000ffffffff
239,2702,48924,-0.170603946,2.107756495,1.949145370,0.044934442,2.073706233,-1.826764380,3.782209758,802e8b3b4ad061dc0a226c941a6c900122000000f00e000000000000ffffffffda01115bda6e299c,d2426437b0009232aa35752c0000003c1bca297f0830300007289000b429160a02000000ffffffff
240,2703,48925,-0.169816704,2.108204947,1.952058333,0.111394184,2.045197547,-1.809570797,3.772652012,932e993b73d05cdcfb5242f61a6c900122000000ee10000000000000ffffffffab1c8f4de873235a,1649ea33a201d42b43354d2c0000003c2ed2fb3b0830300007289000b02a130e04000000ffffffff
241,2704,48926,-0.088399378,2.108717462,1.890246691,0.481356173,1.960280102,-1.312804136,3.256714547,4036a93b0dcdb5dc9fb8a0941a64b001220000009964020000000000ffffffffc4136e571172680e,f76b8f29f21cb8d9d939a9320000003c4e92fc790324a00013504000e119050000000000ffffffff
242,2705,48927,-0.074104733,1.952207980,1.913550391,0.506382161,1.943206923,-1.289855676,3.255588500,9937932855ce96dc16b54c971a64b00122000000ec0f040000000000ffffffffd33c614d7a7f0f62,536e7a27351ebb50423a3c320000003c3198a92c0324a00013504000e318030000000000ffffffff
243,2706,48928,-0.298012739,2.110158913,1.624669778,0.477171364,1.724811170,-1.457386538,3.201323853,7d22d63b73be78ddd649211a1968000000000000ff00000000000000ffffffff1c5ef93fcd535c40,926bd80cff14b74e6d2c982f0000003c6db3cf5d032890000720c00072641b0706000000ffffffff
244,2707,48929,-0.043650924,2.094014668,-0.450851456,0.096229430,2.054807217,-1.820370072,1.377201865,783ade39564cc6d8365a9f132188f0011b000000b534160000000000ffffffff3c55ae4ac753102b,a84716350a0182305c35242c0000003c63029c7b0830300007289000af2b160c03000000ffffffff
245,2708,48930,-0.040833428,2.094431087,-0.489856733,0.124860154,2.037637941,-1.810139180,1.331850428,bc3aeb39314ac4d8ec354c3a2188f0011b000000b236170000000000ffffffff65508a407a60f53c,5b4afe329a01083231351f2c0000003c7ae23c790830700003289000b9280d0d04000000ffffffff
246,2709,48931,-0.046136949,2.106026755,-0.515433964,0.502031616,1.822989959,-1.350317407,1.038089094,3c3a553bc94891da6cae3e0f226c10021a0000009767010000000000ffffffffb15617696642842a,ea6dd118e21a7750612c34310000003c2d665f680324a00013506001ca260d0100000000ffffffff
247,2710,48932,-0.032298075,2.079311874,-0.483675569,0.185684905,2.282908736,-0.938950278,0.544282392,8a3b1338884aadd4490e8f2c1d7c000121340000e019060000000000ffffffffe71073200723a354,1750e75080319636fd3446360000003c6e2a167e0310300114349000cf1f110000000000ffffffff
248,2711,48933,-0.017133321,2.080593163,-0.407512260,0.162606304,2.388935422,-0.817174240,0.543326991,f83c3b38b84e635300069113040c20000b44d000814e2e0100000000ffffffffa013c62d9125e34a,ea4dd55d3238f635703557370000003cbdd6db7a031030010d50f0009761070000000000ffffffff
249,2712,48934,-0.018376334,2.082963548,-0.477920692,0.094364911,2.400050606,0.041012902,0.618503732,da3c8538d94afa4d1432101c040cd0000244b000ec09060201000000ffffffff0a234a1491261f51,7b47305f61671a347635b93a0000003c7f35be310d10000103000000ae430e0000000000ffffffff
250,2713,48935,-0.015227368,2.084084676,-0.460087679,0.102444493,2.400659219,0.026305994,0.592152778,263da838d44bc9512292d2090408d00003000000c82a0a0400000000ffffffffa52e8125953a973a,3e48435f92665a317435aa3a0000003c71d1bd320d10000103000000a74c0b0000000000ffffffff
251,2714,48936,-0.014315826,2.098883567,-0.500869152,0.065692753,2.407450052,0.145026974,0.720275263,3c3d763a964980cc3073820c1078d0010d5c3002a9311e0700000000ffffffff91369a2c193d0446,c7441760196d482a9335063b0000003c0c6a0c3a0d10000103000000b42f1b0000000000ffffffff
252,2715,48937,-0.013487151,2.104809530,-0.574190547,0.456537354,2.168297413,-0.344919092,0.526800861,503d2f3b8e4542d1be5a24061d40f0011e5c0000b83d080100000000ffffffff3d2bcd317a3d2346,a069ed42295288408131c8390000003c1aed4e2e0434300013500001de110b0401000000ffffffff
253,2716,48938,-0.014481561,2.106186916,-0.498808764,0.328797091,2.235565098,-0.828470851,0.493209933,383d5a3bb349cdd1a796920a1d40f0011e000000c1300b0300000000ffffffff096c3651043dd147,955d214b9337782ec6330c370000003c4abacc390310300114340000be221e0000000000ffffffff
254,2717,48939,-0.006982051,2.109390139,-0.747973621,0.226124249,2.277014806,-0.878346451,0.315331017,ed3dbe3b003c0000e4ee1f5d107470011f78d00078750c0501000000ffffffff4b696360a93d1031,e7532f50d53464249a349e360000003ccc2d1e2f031030011434f000bb32110000000000ffffffff
255,2718,48940,0.011041632,2.068452947,-0.747973621,0.238264339,2.271473230,-0.895113746,0.338374955,a03fc036003c00007ba28f271074f0011734e0018674050000000000ffffffff60694f54ac3f1c34,0c55824fe93348207e3481360000003cda2d5e2d031030011434f000c22c110000000000ffffffff
256,2719,48941,0.009757185,2.071528042,-0.747973621,0.262171615,2.244726317,-0.906765596,0.344855880,813f2037003c000078da5f201d40f00117341002b52e1c0000000000ffffffff1a6a3b55b43d1c36,4d573f4c45334236523465360000003cdac13c390310300114349000d11b120000000000ffffffff
257,2720,48942,0.009798619,2.067299787,-0.747973621,0.604290121,1.886862228,-0.497956190,0.669691403,823f9c36003c000081e6df201d40f0011778d0008371090300000000ffffffff99661565de3dbc28,8e779b20bf4909849022e6380000003ce7f54547131040010354d000b6370b0700000000ffffffff
258,2721,48943,0.011663138,2.069574076,-0.747973621,0.332153225,2.226916396,-0.852840268,0.372112235,af3fe336003c000055c21e2f1074f0010d5c00008476050000000000ffffffff356c3b5b233df824,e65d134a3c36203bc533c6360000003c98fecb7a0310300114340000bf211e0000000000ffffffff
259,2722,48944,0.010420125,2.066723207,-0.747973621,0.387177250,2.219837273,-0.839483269,0.416849930,913f8a36003c0000942aef1f1074f0011778d0008c6d040200000000ffffffff8c620a69e23dfc21,16633649f83660297233c3360000003c367ad67e034c40001458d000e20f0e0000000000ffffffff
260,2723,48945,0.012243211,2.070310817,-0.747973621,0.517735009,1.965757614,-0.990388931,0.570279329,bd3ffa36003c000041fabd321074f0010d5c00008378030000000000ffffffffa557f54d78782008,656f3a2aac2eaf6d592f0a360000003caa02eb71034c4001161090007c54161405000000ffffffff
261,2724,48946,-0.108080411,1.981837794,-0.479483745,0.464451202,1.947242984,-1.025131337,0.791656833,6534302cc34affdc0945c43b1968b00100000000f608010000000000ffffffff39053259f86e380e,5f6af827c32ce772a62f6d350000003c0dc20c65034c400116109000a138140f03010000ffffffff
262,2725,48947,-0.168490824,2.107596334,1.947724413,0.560163173,1.990390400,-0.789039286,2.834528078,b32e863b36d05edcf5ec5c8f1a6c900122000000f00e010000000000fffffffff337bc0901089762,65733b2dbe396948bb2e3b370000003c8a0d4a3e130c400014585001804b201103000000ffffffff
263,2726,48948,-0.013735753,2.014478638,1.735291301,0.598903733,1.979499441,-0.753799546,2.563615402,4a3d2b3088c444590c02021205187000000000009569010000000000fffffdff7035fb0c4008e43f,0c77e72bae3b413fbb2dc5370000003ccbfdc93e130c4000145850018f39251002000000ffffffff
264,2727,48949,-0.014191524,2.014734895,1.761507963,0.630227651,2.330828954,-0.777884772,2.638883663,3f3d3330f9c53a59813d814f05187000080000009668000000000000fffffdff9033fa102b076431,007abf565b3a11a70e3b1d380000003c00a7eb330300000000000000ff00000000000000ffffffff
265,2728,48950,-0.014440127,2.009097223,1.781117173,0.597950757,1.994874912,-0.928577290,2.778069285,393d832f0dc753596c61724c0614800007000000926d000000000000fffffeff3439d508b207cd3a,f576c72d12322046a02e8a360000003cfc05ea7e130c400116109000b02b140a06000000ffffffff
266,2729,48951,-0.013528584,2.013966122,1.718737149,0.065319849,2.413023660,0.195044670,1.577055093,4f3d1b309fc34e590de594460518700000000000916d010000000000fffffdfff6300b11d407842c,be44c560d96fac3a8c352a3b0000003cdfbeef670d40400000000000ae361b0000000000ffffffff
267,2730,48952,-0.014730163,2.013069219,1.803284107,0.063165294,2.410140759,0.178916805,1.674007957,323dff2f45c840597d5d324d0614800007000000827d000000000000fffffeff02386a0a8a07d02d,8a446b60f66e403c92351e3b0000003c5593bf680d10000103000000b228250000000000ffffffff
268,2731,48953,-0.013694319,2.013293445,1.734651871,0.489932960,1.955603396,-1.008008801,2.789113863,4b3d06307fc45259da34525305187000000000008e70010000000000fffffdff9d5d741a510fba34,c66cfd28b42d7772712fca350000003ca3121b6d034c4001161090009144151103000000ffffffff
269,2732,48954,-0.009343775,2.039559875,-0.451988222,0.611458161,1.988372369,-0.836357163,0.731952654,b43d3a33464c4b586aa20d0b07146000082830006d59240a0a000000fffffdff4f62141f2f109a3a,3b78fc2c24372549e82d1a370000003c8d3ddb3c130c400104585001a830110f06000000ffffffff
270,2733,48955,-0.008763703,2.042667001,-0.439696942,0.064905512,2.436887672,0.269929118,0.815111180,c23d9b33f34c2b5834fa5c07071480000a1830006a3c261a18010000ffffffff4f5d4f1b5410bc3d,b444ae63f7733b4f9d356b3b0000003c297aac790d40400000000000ad3a190000000000ffffffff
271,2734,48956,-0.009343775,2.043083420,-0.452769749,0.628238831,1.981229181,-0.705273855,0.688546186,b43da8333b4c2a583526cd070714a000062030008037241a09010000fffffeffd83f317c6b4bef7f,d0791d2c593ee02e292c09380000003c51b60a7e1310300014585001c819130a01000000ffffffff
272,2735,48957,-0.110317834,2.008776900,-1.839268804,0.623432516,1.978506442,-0.686659315,1.366680105,2f34792f000058d7f501483b1d00000000000000ff00000000000000ffffffffd83fc57adb4bef7f,5c79c82b5f3ff236ef2b13380000003c4471ba3b1310300014585001c61b130a01000000ffffffff
273,2736,48958,-0.109613460,2.008937062,-1.839268804,0.592812971,1.996284330,-0.932911210,1.146755018,40347e2f000068d7f101e8381d00000000000000ff00000000000000fffffffffa40e178f24b79a9,7976f32dd5311348992e82360000003c7a723a7d130c400116109000ab30140b06000000ffffffff
274,2737,48959,-0.109323424,2.010186319,-0.805522391,0.452228244,1.936736412,-1.036427947,0.611598349,4734a52fd6386cd7772c5e1d1d00000000000000ff00000000000000ffffffffd83f7f77b14b4ece,3869b026242c6f69262f27350000003c39161e5d034c400116109000a536130e02010000ffffffff
275,2738,48960,-0.109033387,2.012588736,-1.839268804,0.587550885,1.986386371,-0.788470903,1.260988675,4e34f02f00005fd77f0118011d00000000000000ff00000000000000ffffffffbd34410eb807d23b,fa75be2cc6390356272e6a370000003cc941893f130c4000145850018447211103000000ffffffff
276,2739,48961,-0.014232958,2.012684833,1.768825893,-0.575411722,2.008840965,-0.849643114,2.677931351,3e3df32f60c64859608de44405187000080000008c73000000000000fffffeff8333050ffa075351,56087b2f6936a73a43399d360000003c9119743b0e0cf0001110200189421a1307000000ffffffff
277,2740,48962,-0.014440127,2.013613767,1.781614508,-0.330289634,2.121178000,-1.225912599,3.025979226,393d103014c73f596d9e120b05187000080000008d72000000000000fffffeffb5639820e31dd767,721f2e3db921282d363829340000003c7c6a43770324a000113c4000f408010101000000ffffffff
278,2741,48963,-0.008639401,2.074891426,-0.430389672,-0.616058235,1.979595538,-0.689145990,0.667078540,c53d8937764da5541d11bd59030840001c509000b349030000000000ffffffffff3cdb099c158431,8104ea2b3c3f882c733997370000003cafb9d2770e0c40000f442001ce130f0806000000ffffffff
279,2742,48964,-0.012948512,2.053718121,1.627156453,-0.398945364,1.922898488,-1.419233835,3.073532354,5d3df43496be28573e71b34903287000021460009f34290300000000fffff9ffd0555d0e201fdd44,f91800251817a233bc388d310000003c9f4b305e03289000081c10019e40170702000000ffffffff
280,2743,48965,-0.010793957,2.077197747,-0.494403797,-0.408433694,1.918990556,-1.399056242,1.000771164,913dd137f149a05428195d4a020c400000000000e21a030000000000fffffeff986e34220620cf4f,141886243418854dcc38a9310000003c1c17d37603289000081c1001bc231c0301000000ffffffff
281,2744,48966,-0.007893594,2.078190746,-0.407370164,-0.449784580,1.666672670,-1.664775251,1.394877171,d73df037ba4e305471f5ae5403084000137040018665130100000000ffffffffb35e512ff31cb772,2e14c1059809b82f433994290000003c568b9060081ca0000c0c90006b4222220e000000ffffffff
282,2745,48967,-0.007520690,2.071015526,-0.423142790,0.555439725,2.031519785,-0.442823048,0.564687219,e03d1037dc4ded5421353a540308c001144c4000e20a070605010000ffffffffaf5e39407f1b635c,f3723f32c74c0b464d2f81390000003ce3199f6e044c300014340000ae380e0902000000ffffffff
283,2746,48968,-0.006609148,2.066338820,-0.415043333,0.563560741,2.007047160,-0.450993552,0.574370630,f63d7e364e4e475558a2b601034c400109706001dd14060502010000ffffffff5b69832ee91d574c,b773432f544c9009912e70390000003c8a49ab28044c300014340000aa3c0e0902000000ffffffff
284,2747,48969,-0.006567714,2.073097621,-0.392876400,0.610090847,1.973509414,-0.672662886,0.684445812,f73d5137864fad54a0889b4d034c40011c084000ab1918160a030000ffffffffb46fb425d81f0750,1a782c2b24407c29ff2b23380000003ca15d2c381310300014585001bc23150a01000000ffffffff
285,2748,48970,-0.007437823,2.077710262,-0.400194330,-0.446842784,1.854189352,-1.360477252,1.079435782,e23de1371f4f345442258f570308400013704001994e150200000000ffffffff5052841d501d4f6e,75149f1c531a7a47233989310000003ca1e641740324a0001120f000c025190101000000ffffffff
286,2749,48971,-0.010213884,2.072296815,-0.507334508,0.483220692,1.728623005,-1.436285322,1.106588896,9f3d38373b49bb54a660185b0308400009000000817d000000000000ffffffff526a1b258f1e4759,246c4f0d28167b3d0a2cf12f0000003c9bf7bf6203289000081cc0008256220302000000ffffffff
287,2750,48972,-0.007727859,2.075660199,-0.407085973,0.000227422,2.473596609,0.477744119,0.970227274,db3da137be4e7e54fe242e57030840001c4c4001ba3b070201010000ffffffff886cbc1e2f20614f,9b3e2868647fcf401136fb3b0000003cfb05f83f10344000000000008677030000000000ffffffff
288,2751,48973,-0.008349365,2.078543100,-0.416464291,0.008265570,2.473148158,0.473552295,0.973713885,cc3dfb373a4e31548cb1ee51030840001350c0017f6e120000000000ffffffff3d5f4324751dbf71,5d3f1a68297f77480136f93b0000003cf329f83f10344000000000007f7d030000000000ffffffff
289,2752,48974,-0.008639401,2.073482008,-0.438133889,0.483427861,1.759822398,-1.396924806,1.122404813,c53d5d37094db754ec248b60030840001c509000c834020100000000ffffffff84622c138c20454c,296c1d115218d549ed2b7b300000003c78bf3f1803289000081cc0008653220202000000ffffffff
290,2753,48975,-0.009716679,2.078991552,-0.446304393,0.489974394,1.791662436,-1.376249878,1.094096793,ab3d0938964c44549aed7d4c020c400000000000ad480a0000000000ffffffff18583f0d21201840,c76cff1475199546312cd4300000003ce6ce1f5903289000084c7000b226250101010000ffffffff
291,2754,48976,-0.010711089,2.078831390,-0.487654250,0.511851416,2.061181631,-0.395647267,0.530893936,933d0438504a655443755c47020c400000000000dc1c070000000000ffffffffa35e7b0f82207d44,d76edd355f4fac222a30b6390000003c2e5d8e26044c300014340000bf280e0703000000ffffffff
292,2755,48977,-0.010172450,2.078991552,-0.456464238,-0.033085316,2.510113353,-1.361329826,1.002583034,a03d0938074c5054764d6d49020c400000000000cb2c080000000000ffffffff4c6e272db31e1f52,773b9c6c471a60d1ad3a9a330000003c166550280300000000000000ff00000000000000ffffffff
293,2756,48978,-0.006443413,2.074603136,-0.385771614,-0.035902812,2.465556519,-1.375468351,1.064524324,fa3d8037ea4f7d54f77cde55034cc00114084000a31c151311070000ffffffff9d66eb167120f74d,333b2d67801984d6843a1e340000003cac8c52160300000000000000ff00000000000000ffffffff
294,2757,48979,-0.009260908,2.078895455,-0.434794639,-0.004993231,2.454056948,-1.367297847,1.005150034,b63d0638384d3f54a1456e4e020c4000000000009c570b0000000000ffffffffa062c617fe1e6f58,1d3ec665f319a0de6a3a0f340000003c690c79100300000000000000ff00000000000000ffffffff
295,2758,48980,-0.009468077,2.076749295,-0.442112569,-0.478456738,1.947531274,-1.016392449,0.752625433,b13dc337d14c8a547d512d4d020c4000000000008972040000000000ffffffffef5beb16451ef35b,7a1101283e2d14223139bd350000003c525f0672033810010f1090008134272200000000ffffffff
296,2759,48981,-0.009923848,2.075403942,-0.460229774,-0.585148654,1.997309362,-0.908044458,0.733157781,a63d9937d24bb7542f951c4e020c4000000000008f6f010000000000ffffffff2359851a6a1d976a,6b07132e333338194d3973360000003c1d42f4780e0c10010f102001a32f161403000000ffffffff
297,2760,48982,-0.009923848,2.074122652,-0.470744858,-0.420615217,1.918606169,-1.034722798,0.714789405,a63d71373e4bcb54d3047b57020c400009000000827d000000000000ffffffff18489f0e011e6755,ee167a243c2c0806393921350000003cb3ee66690344e0000f2440009c27221b00000000ffffffff
298,2761,48983,-0.011829801,2.074507039,-0.593160327,-0.022312540,2.521933247,-1.381862659,0.906835965,783d7d378344d854342c5755020c400000000000e619000000000000fffffeff6315b54d853edb48,7b3c0d6e261936c7c03abe330000003c20c5a2760300000000000000ff00000000000000ffffffff
299,2762,48984,-0.000269783,2.067940432,-0.425913656,-0.006733449,2.362348670,-1.419873266,1.036664697,8f3eb036b54d12d37d42801a1d40f0011e5cd000a743120300000000ffffffffcb4a200a7b1ee42f,f33d975a0f1719a5693be3340000003c697039130300000000000000ff00000000000000ffffffff
300,2763,48985,-0.011705499,2.076396941,-0.566588426,-0.402011462,1.908868371,-1.039411957,0.635583714,7b3db837f945ca54a7695c45020c400000000000ed10020000000000fffffdff2a46eb097a1e8549,af184a23fa2b68025439df340000003cfdd915650344e0000f2440009f271f1a00000000ffffffff
301,2764,48986,-0.012036969,2.076204747,-0.621792616,-0.566089128,1.987475467,-0.937245129,0.643705653,733db237f042cb54c3480647020c400000000000f707010000000000fffffeff0f59434c947841ad,3709e02c9831982b483952360000003c0a9b85770e0cf00011109000794a1e1c02000000ffffffff
302,2765,48987,-0.108909086,1.984240211,-0.473728868,-0.044313864,2.429328066,-1.400264055,1.029923878,51347b2c144b01dd84fd2c0a1968b00100000000f607010000000000ffffffff41464c4ece7a9c2d,683ac262231854d46d3a7c340000003c81a0c2170300000000000000ff00000000000000ffffffff
303,2766,48988,-0.238472435,2.080304873,-0.623355669,-0.044230996,2.373271661,-1.420583744,0.871281745,1a283238da4227ddf492fc781968b00100000000fa05000000000000ffffffff0002155b1f6fc5ae,6a3aec5b0517bcd74b3aea340000003c72cc33170300000000000000ff00000000000000ffffffff
304,2767,48989,-0.171266886,2.108076818,1.951276806,-0.605326893,1.980940891,-0.700655744,2.690226363,702e953b68d060dc3bdbf2b51a6c200219000000f00f000000000000fffffffffc02a05a466fd5bd,8405142c9a3e0c256a397c370000003cd87284750e0c40000f442001bd1e100c07000000ffffffff
305,2768,48990,-0.172717067,2.107948689,1.950566328,-0.335095949,2.325031120,-0.298027502,2.264876574,4d2e913b5ed063dcee9b37a81a6c200219000000f00e000000000000ffffffff6201f558e46e58e7,fe1e0a56bd548c3f2438a3390000003c83e1933a043430000e3c0001c03b020100000000ffffffff
306,2769,48991,-0.168117921,2.108012753,1.952555668,-0.389747071,2.247224831,-0.366943930,2.334218898,bc2e933b7ad05ddc35c7c18d1a6c900122000000ef0f010000000000ffffffff55071c58756e499c,d7198d4cf3504941643866390000003c3ef6006f043430000e3c1001dc110b0501000000ffffffff
307,2770,48992,-0.175866033,2.109005752,1.944953546,-0.435365634,2.216441856,-0.421792880,2.383352934,012eb23b0fd055dc4299ec901a6c900122000000ed11010000000000ffffffff906aca5b633e2038,8a15cc48ef4d774f95381b390000003c0346f53d040ce0000d3c1001d6110b0a03000000ffffffff
308,2771,48993,0.010544427,2.069510011,-0.747973621,-0.412328467,2.221182626,-0.434368352,0.547881676,943fe136003c00007fe60f241d40f00117340000886c0b0000000000ffffffffe75f8a6bc83d3c22,b61760493e4ddd4f7c3814390000003c3916d43b040ce0000d3c1001d7100a0a03000000ffffffff
309,2772,48994,0.012657548,2.070599107,-0.747973621,-0.395796399,2.220093531,-0.409927887,0.550870337,c73f0337003c00004dce1d341074f0010d0000008676030000000000ffffffff18621663f73f6829,45193e49964e334a703833390000003c3cb2e237040cd0000e3c1001d8100b0a03000000ffffffff
310,2773,48995,0.011621704,2.073802330,-0.439696942,-0.086866329,2.321699768,-1.511098722,1.104108150,ae3f6737f34cd1d3690aef2c1d40f0010d000000ad381a0000000000ffffffff165dbc6da03dc025,6536a2550b1248cb623aa3350000003c3f2410260300000000000000ff00000000000000ffffffff
311,2774,48996,0.013071886,2.070823333,-0.747973621,-0.094614441,2.230888393,-1.517493030,0.793333025,d13f0a37003c000075aa0d361074f0010d0000008875020000000000ffffffff4c57a171fb3d063c,aa358f4ab11157c7413a42360000003c363470200320a000091cc000e113080200000000ffffffff
312,2775,48997,0.009052811,2.108781527,-0.487156915,-0.406942078,2.232586101,-0.329288562,0.461846011,703fab3b574ad1d222669d771d40f0010d000000827a030000000000ffffffff1662b666dd3e2c25,3818c44a0553994b7d388b390000003c12b65133043430000e3c1001da1a060401000000ffffffff
313,2776,48998,0.012036042,2.072008525,-0.747973621,-0.049451649,2.476159188,-1.399411481,0.769083727,b83f2f37003c0000596ede301d40f0010d0000008c69090000000000ffffffffae663d5bee3fb42b,ec3978682f1830d0963a39340000003cb95030280300000000000000ff00000000000000ffffffff
314,2777,48999,0.010627294,2.072777299,-0.427121470,-0.076217854,2.315613644,-1.468683148,1.073015517,963f4737a44de1d3646a9f281d40f0010d5c1002b1321c0000000000ffffffffe65dee390d3d6c3b,6637e454601404cf473a85350000003c50f0401f0320a00009000000ff00000000000000ffffffff
315,2778,49000,-0.009468077,2.106603335,-0.458240434,-0.401762859,2.226564041,-0.354510554,0.423137868,b13d673bee4ba9d1c782be0f1d4070011f780002b13e0a0600000000ffffffff2966ec40223c5338,b518084aa251e1447b3870390000003c446ed276043430000e3c1001db100c0602000000ffffffff
316,2779,49001,-0.008183630,2.105898626,-0.441757330,-0.380714512,2.276470258,-0.326162456,0.425718351,d03d513bd64ceed0dbbe2e121d4070011f780002864d280301000000fffffffff75c54389f3ca43b,b11a1e503153854e503892390000003ca6e1902b043430000e3c1001db150a0401000000ffffffff
317,2780,49002,-0.009509510,2.105482207,-0.460869205,-0.061508872,2.438905703,-1.425983382,1.022409182,b03d443bc94b23d1db6a9e0f1d4070011f80e001a6450f0400000000ffffffff6132da0fb4072831,c938ed63b91642cf823a96340000003c943ca0250300000000000000ff00000000000000ffffffff
318,2781,49003,-0.014522995,2.012428575,1.793479501,-0.002548640,2.530549917,-1.387901727,3.223318109,373deb2fbbc746597da5e0570518800007000000847b000000000000fffffeffdd2e9610a8086b51,583e1a6fd118f1b8d33acb330000003c3b1d697d0300000000000000ff00000000000000ffffffff
319,2782,49004,-0.014937332,2.015952120,1.814225478,-0.062006077,2.130371251,-1.727510514,3.543896308,2d3d5930dfc82759686ad20b05188000070000008c72000000000000fffffeff1432760fd7080037,bd384d3e250622c3a83a52370000003c2024a369032070000c28900085590e0c07000000ffffffff
320,2783,49005,-0.014647296,2.016336507,1.796534560,-0.000849856,2.498902072,-1.443105917,3.275412999,343d6530e6c72459b071934605187000080000009866000000000000fffffdffdd2a331192098034,813e3e6bc815d8bcd43a54340000003cef10e97a0300000000000000ff00000000000000ffffffff
321,2784,49006,-0.015310236,2.019091279,1.835113549,-0.002465772,2.417636301,-1.550032952,3.408551004,243dbb3005ca0a5977ed734605188000070000009468010100000000fffffdff6634e70cfb08be35,5a3e5561e70f7cbfd63a2d350000003ca37468770300000000000000ff00000000000000ffffffff
322,2785,49007,-0.014315826,2.016945119,1.772378286,-0.129957433,2.063007468,-1.633727335,3.408379413,3c3d783092c6245977a1e14e0518700008000000a25c010000000000fffffdff772b5c259939bf3d,553216364d0be8e2403a86370000003c86a86275080c70000a3090005e49292906000000ffffffff
323,2786,49008,-0.014771597,2.097858536,-0.479910033,0.197907862,2.282556382,-1.337884031,0.903031134,313d563abd4ab5ca01f3420a1078d0001d8c70018e61080700000000ffffffff296ba42ef427e835,3e51dc50911bb9c50e3a20300000003c2354ff610324a00008107000f805010000000000ffffffff
324,2787,49009,-0.006567714,2.084437031,-0.747973621,0.171804597,2.259653336,-1.263852158,0.573278379,f73db338003c0000c859ef130434300013088001dc22000000000000ffffffff32262f39b93f883f,c84e114ea31f00eecb392e2f0000003c543bcd37032440000a200000fa04010000000000ffffffff
325,2788,49010,0.001926206,2.069990495,-0.469821236,0.190325485,2.283485316,-1.350033216,0.925120239,c43ef0364b4b00d44caaa10c1d7c00011e840000cb280b0000000000ffffffff832f2a32973ed440,8750f950e61a64c8063a2e300000003c721c3c6f0324a00008107000f805010000000000ffffffff
326,2789,49011,0.002837748,2.066659142,-0.513941959,0.171514561,2.274484259,-1.290210915,0.821119138,da3e8836de482dd38552520a1d7c00011e840000ce1b160000000000ffffffff6031ec30e13fb33b,c14ee04f301e38f6d8398f2f0000003cec36ca390324a00008107000f805010000000000ffffffff
327,2790,49012,0.003003483,2.069253753,-0.522396655,0.218251835,2.269551296,-1.162466857,0.704372644,de3ed9366748e6d35bfa52071d7c00011e840000c632070000000000ffffffffce21b76a663f6756,2953464f3625a941ad34fd340000003c2f773979031090000a4c8000fa03020000000000ffffffff
328,2791,49013,-0.003460182,2.073289814,-0.450993552,0.465818515,1.897112542,-1.090566419,0.812597304,423e5737544cced36b6e21311d40f0010d0000009f540b0000000000ffffffff6f1d6943ea3f8a43,806adb212a29b020452c39340000003cd5faac11034c400116244000be270e0802010000ffffffff
329,2792,49014,0.000807494,2.070567075,-0.442041521,0.194137391,2.281178996,-1.090140132,0.708354176,a93e0237d24c01d436ea90111d7c00011e840000cf1e110000000000ffffffff3d44787d60350a33,e350b1503029bc2ec8345c350000003c6fd5e43c031090001350d000f806000000000000ffffffff
330,2793,49015,0.011621704,2.100645340,-0.747973621,0.195421837,2.279865674,-1.145699561,0.473379700,ae3fad3a003c00000982693f1034d00100000000de21000000000000ffffffff3a37847ad23b5943,0251885022260638c63414350000003c702ae77e031090000a4c8000fa04010000000000ffffffff
331,2794,49016,0.012616114,2.107404141,-0.572343303,0.210503723,2.277174967,-1.064776044,0.557199824,c63f803ba8452cd2def9733b1074d0001f000000b944010000000000ffffffff611bf144ac3ecd47,6e523450952a702eae3476350000003cba346738031030010950a000f407040000000000ffffffff
332,2795,49017,0.000641759,2.067652142,-0.437494458,0.603917217,2.187965203,-0.889500965,0.763365177,a53ea736124d2bd34e1611111d40f0011e5c1002c02a130300000000ffffffffcc148a4c713daf3f,857753453834e0f5473be9380000003c404d4c4f0300000000000000ff00000000000000ffffffff
333,2796,49018,-0.000228349,2.065185660,-0.419732492,0.237352796,2.274548324,-1.077493612,0.730018641,903e5a360c4e31d2782ad0191d40e0011f5cd0008c5f0b0800000000ffffffffc338d67a053a1a3e,f654e24fe229d02d893462350000003c53b5ac350310900013280000f806010100000000ffffffff
334,2797,49019,0.012616114,2.105642368,-0.586694971,0.255915118,2.267565297,-1.108825720,0.598359389,c63f493bde4446d1daad043d1074d0001f000000e716030000000000ffffffff7723686d433ee355,b656084f2928f13b77343b350000003c264eae330310900013280000f905010000000000ffffffff
335,2798,49020,-0.003791652,2.071688203,-0.451632983,0.566875441,2.209651023,-0.905273591,0.741946408,3a3e25374b4ce6d265dad1331d40f0010d0000008378040000000000ffffffff1c43437db334ae39,0774f8475a33480a1e3bfb380000003cea3809560300000000000000ff00000000000000ffffffff
336,2799,49021,0.011746005,2.099972663,-0.747973621,0.228941744,2.283965800,-1.115077932,0.464535292,b13f983a003c00008e26ac7a1034d00100000000d629000000000000ffffffff06719246ae2d5775,2b540851d1271835a33436350000003c58fab97e0310900013280000f905010000000000ffffffff
337,2800,49022,-0.003874520,2.088409028,-0.664918669,-0.001968567,2.352706968,-1.608718487,0.980109754,383e2f399140123df08ce9600d607001101000006b53390703000000ffffffffde6e90447c2d813f,663e6a59ad0ce7bfd83ab4350000003c7b50c8740300000000000000ff00000000000000ffffffff
338,2801,49023,-0.004164556,2.088216834,-0.568648814,0.039672356,2.280730545,-1.632519521,1.082037007,313e2939dc456a441e3e8f120d60700110100000784c310703000000ffffffff4713ef362b2c594b,5342a3505e0b4bb1023b34360000003c47782d6f0320a00007240000ff00000000000000ffffffff
339,2802,49024,-0.019205009,2.087448061,-0.410780461,0.504434774,1.855566738,-1.252413452,1.017994921,c63c11398a4e024fec89a0150d9040001e400000b426150e02000000ffffffffd83f404e6a79c826,246eca1c44204034ff2a7d320000003c7cd6df1e032430010a506001d41d080302010000ffffffff
340,2803,49025,-0.213819351,2.079568132,-1.839268804,0.490347298,1.879783105,-1.196001448,0.974452470,6d2a1b38000011ddaf02a87d1968b00100000000f30c010000000000ffffffffd83fc4477f7c9f69,d06cbe1f5e23db50ee2adf320000003c9e833f15034c400109584000be280b0706010000ffffffff
341,2804,49026,-0.224302091,2.108076818,-1.839268804,0.606154640,2.339605786,-0.874367770,1.293946695,7029953b000046ddbe0218041968b00100000000f906000000000000ffffffff68289f71fb3dff50,bb77d1570d35d0d1f43a70380000003c2bd5197b0300000000000000ff00000000000000ffffffff
342,2805,49027,-0.004330291,2.071912428,-0.487156915,-0.114088305,2.124637481,-1.623354347,1.142703530,2d3e2c37574ad1d2819a82771d40f0010d000000827a030000000000ffffffff042cb032ee3d9b4b,d4339a3ddf0b1ec9583a14370000003c339070680320a000073090005b542a2005010000ffffffff
343,2806,49028,0.002713447,2.064032500,-0.500940200,0.627244421,2.343994201,-0.844456620,0.765781315,d73e3636954973d2c07a820c1d40f0011e000000c725120100000000ffffffff9a1e63521372a028,b8795a58b236eec8ff3a4f380000003cd6e58a7d0300000000000000ff00000000000000ffffffff
344,2807,49029,-0.146406633,2.070118623,1.885202293,0.573049071,2.346140361,-0.806659156,2.799986174,c830f436c6cc95dcb9a9693e1a64b00122000000dd1d050000000000ffffffff3a222c4fbd746f7a,9c749d58c63832c1dd3a3e380000003c6ab2d63e0300000000000000ff00000000000000ffffffff
345,2808,49030,-0.238016664,2.100453147,1.875752927,0.599649541,2.344442653,-0.787049946,2.802094697,2528a73a41ccc3dc4931a7281968b001220000008d71010000000000ffffffff3f1e27526373a02f,1e776858da39e9b7f23a28380000003cfc3aa83b0300000000000000ff00000000000000ffffffff
346,2809,49031,-0.244480329,2.099107793,1.886125915,0.663664691,2.319297351,-0.813692895,2.856962098,89277d3ad3ccacdce53553791a64b00122000000b14c020000000000ffffffff7e314b4fad6ea42e,277d5755633863b2233b39380000003cf6953e310300000000000000ff00000000000000ffffffff
347,2810,49032,-0.153740408,2.062430888,1.800584288,0.601845530,1.982574535,-0.729927464,2.642115984,173004361fc859dc171a6b3d1a6c900122000000db21030100000000ffffffff0648535daf4fa18f,5377472cfe3c0e43722de6370000003c4ad6b97e130c4000145850019931250f01000000ffffffff
348,2811,49033,-0.064865006,2.096224892,-0.589892125,-0.064740704,2.077229779,-1.744490954,1.154755076,7838233ab14430d857be2c0d1f84d00122000000c934010100000000ffffffff342636524d70d42d,7b38d237360508d3a83aad370000003c67c80373080c70000c289000824816160a000000ffffffff
349,2812,49034,-0.148229719,2.066242723,1.859554014,-0.096106056,2.126078932,-1.683034552,3.543477247,9c307b365dcb76dcf8012c3b1a6c900122000000e70f080000000000ffffffffc938b3501b655e33,8635c73d9708d4c47d3a3c370000003c2f1471680320a00007309000714e201b05000000ffffffff
350,2813,49035,-0.142636162,2.038214521,1.727689180,-0.100663769,2.076076619,-1.704775198,3.432929788,233110331dc43adb22ca757e1b88a00121640000dc1d060000000000ffffffffd82ff64f986bbc2f,1835ae376507a8cd753a9e370000003c44c8b16d080ca00007309000614c272408000000ffffffff
351,2814,49036,-0.148934092,2.057145570,1.809110031,-0.099047853,2.173006151,-1.508398904,3.319906301,8b305f3597c824dc48666a7e1a6c2002190000008479010100000000ffffffffbb2dcb4f1566842e,3f3580433112d4de1f3a97360000003c6e00912e03288000091cc000b528160903000000ffffffff
352,2815,49037,-0.137084039,2.045101451,1.822253886,0.653803457,2.266732459,-0.877849116,2.822264969,a931e73350c967db93b2967d1b88a00119840000e0110e0000000000ffffffff01348652fd66ae30,397cee4edc3488e6303b86380000003cfa085e5c0300000000000000ff00000000000000ffffffff
353,2816,49038,-0.143547704,2.047503868,1.778417354,0.561364752,2.344762975,-0.824350074,2.712869853,0d313234e7c68cdb1242f87f1b68200219840000e412090000000000ffffffff8232b94e1965be30,82737258cd37e0d1d53a52380000003cf1d5b53e0300000000000000ff00000000000000ffffffff
354,2817,49039,-0.137788413,2.038887198,1.797671325,0.507500872,1.838685752,-1.265557306,3.136853285,98312533f6c73cdb54d2d57d1b88a00121640000db1d070000000000ffffffffc6366f502066f830,6e6ebb1a8b1fa4359c2b46320000003c31de2f1e032430010a506001d41d080302010000ffffffff
355,2818,49040,-0.143174801,2.043756097,1.751419166,0.191899968,2.278904707,-1.112662304,2.893187280,1631bd336bc563db556a477f1b88a00121640000e70d0b0000000000ffffffff8d1f32555d6dae31,ad506a50f3276e30cb3441350000003cd9ddd53e0310900013284001f806010000000000ffffffff
356,2819,49041,-0.140357305,2.061373824,1.882715618,-0.004744629,2.286047895,-1.663638485,3.556050711,5a31e335a3cc41dc2ddada7d1a6c900122000000c538010100000000ffffffff8a222354cd6e2432,233e4951a809a6bad93a37360000003c754858740320a00000000000ff00000000000000ffffffff
357,2820,49042,-0.143796307,2.063744209,1.874900353,-0.000559819,2.464467424,-1.492413134,3.394097215,07312d3635cc5bdc3766eb7c1a6c900122000000dc20030100000000ffffffff430fa958456d5630,883e0b6712138cbfd53ab8340000003cc8f828790300000000000000ff00000000000000ffffffff
358,2821,49043,-0.130413204,2.062110566,1.925273288,0.027988037,2.348158392,-1.591951191,3.532390458,4a32fa35face40dc021eca3e1a6c900122000000d22b010100000000ffffffffb430a24f256dd82e,3941dc58990d93b2f63ab5350000003c52301d700300000000000000ff00000000000000ffffffff
359,2822,49044,-0.151378684,2.059740181,1.804705064,0.008348438,2.501784973,-1.348754354,3.188294631,5030b03559c83edc26e6ca3d1a6c900122000000bb42010100000000ffffffff4034164fc471682f,5f3f986bf81ab99ffe3a8f330000003c29a14d160300000000000000ff00000000000000ffffffff
360,2823,49045,-0.164803220,2.067908400,1.773941339,0.666316451,2.286624475,-0.805735534,2.719067745,0c2faf36a8c690dc1e529a3e1a64b00122000000e01a050000000000ffffffff092aa94ede71282e,677d5b51d33849a8383b39380000003cb3298f190300000000000000ff00000000000000ffffffff
361,2824,49046,-0.153864709,2.068805302,1.839518517,-0.387385347,2.094142797,-1.456605011,3.304482439,1430cb3643ca91dc1c3aba3e1a64b00122000000db1d060000000000ffffffffef514c48c562f83f,101ae2390a1538067f39b1390000003ce209367c03289000081c1001d5190d0301000000ffffffff
362,2825,49047,-0.044852502,2.108493237,-0.503640019,0.582081629,2.308310296,-0.912307329,0.774585201,5b3aa23b6f49e4da53fa4f621b88a00121000000a658010000000000ffffffffd83fbc4fd45e4837,76750054f732a0e5f53aa7380000003c9670896b0300000000000000ff00000000000000ffffffff
363,2826,49048,-0.040709127,2.105097820,-1.839268804,0.648665672,2.304850815,-0.778453155,1.280807836,bf3a383b000055da11fef77f226c10021a000000b446050000000000ffffffff8d4ff44cea63df48,bd7b9453533a0193283b20380000003cccba2c240300000000000000ff00000000000000ffffffff
364,2827,49049,-0.043816659,2.109806558,-0.517494352,0.584236184,1.978282216,-0.447583255,0.645473925,743acb3bac480edb5f3a1c7a1b88a00121000000c13b030000000000ffffffff1018a1548971a028,aa75c12b844cd009852d62390000003cdb097c26044c30001434000082640d0b01000000ffffffff
365,2828,49050,-0.141144547,2.069638140,1.902253780,0.216677353,2.358921221,-0.160763030,2.113707542,4731e536b6cd8cdc468c872c1a64b00122000000eb0e060000000000ffffffff8326984c6d759769,03532c5a495cfa309834163a0000003c60b59c3604343000104c40019d60020000000000ffffffff
366,2829,49051,-0.234287626,2.101285985,1.857919914,-0.337001902,2.303953912,-0.341935082,2.211557486,7f28c13a46cbcedc42bd25361968b00122000000af4e010000000000ffffffff1933bd4d2a70702e,d01e78535352ac33273880390000003c5156647b043430000e3c1001d61c090301000000ffffffff
367,2830,49052,-0.159375398,2.065057531,1.786019476,-0.005780472,2.242387964,-1.448505555,3.243021686,8f2f563652c773dc13ceda3d1a6c900122000000e511090000000000ffffffff1018a15489711777,0a3ef64b7c15781fe139b7350000003c4c8c39210320a000091c0000fa03010100000000ffffffff
368,2831,49053,-0.240544123,2.097378052,1.902253780,-0.052186277,2.242612189,-1.450850134,3.361529041,e827473ab6cd8cdc1b8d872c1a64b00122000000eb0e060000000000ffffffffff1aaa514c721f56,aa39fd4b5b15ecda013ae5350000003c4ec0741b0320a000091c0000f009040200000000ffffffff
369,2832,49054,-0.235240602,2.098210890,1.894580611,0.443485722,1.786921666,-1.607084386,3.580394972,6828613a4acd99dc653d23351a64b00122000000db20040000000000ffffffff3a222c4fbd74b422,65686b14c40c38e8e2393b380000003cb6416c740a0c7000083090005945362404030000ffffffff
370,2833,49055,-0.153947577,2.074699233,1.875752927,0.480734667,1.742204671,-1.550601334,3.500468213,1230833741ccc3dc4430a7281968b001220000008d71010000000000ffffffff052b9f4c1c75d824,e86bf70edf0f59bf653a1d380000003c3a803f1b0a0c70000824c0006b56241107020000ffffffff
371,2834,49056,-0.165631895,2.074603136,1.834403071,0.475016809,1.790605373,-1.575752278,3.481414223,f82e8037fbc9c9dc80bde93c1968b001220000009f5e020000000000ffffffff8326984c6d75a020,5e6bde147d0e28e2f23913380000003c158a497f0a0c70000824c0006658281503010000ffffffff
372,2835,49057,-0.161447086,2.075532071,1.857919914,0.494449239,1.763794395,-1.563532046,3.497672637,5d2f9d3746cbcedc9abc25361968b00122000000af4e010000000000ffffffff671e08532075918f,336d9911290f01b7493a14380000003c1380ad1d0a0c70000824c0006659241604010000ffffffff
373,2836,49058,-0.084918943,2.109197946,1.885699628,0.444563000,1.752551082,-1.635716675,3.578815571,9436b83bcdcccadcfa9eec991968b00122000000926c010000000000ffffffff3f1e27526373efc1,7f683a10310b50e9ff3958380000003c5991ac6c0a1c3000083090004e41382e08020000ffffffff
374,2837,49059,-0.083427327,2.110927686,1.886125915,0.479284485,1.767894521,-1.621009767,3.568517484,b836ee3bd3ccacdcaa3553f91a64b00122000000b14c020000000000ffffffff071bb1546474efb1,c56b1912000ce0eb083a31380000003c0b156a710a0c7000083090005b49381e03020000ffffffff
375,2838,49060,-0.082847255,2.109934687,1.894509563,0.480734667,1.742204671,-1.550601334,3.510219230,c636cf3b49cdbedc17ed52f31a64b001220000008b73010000000000ffffffff1e0efe55ab7178e8,e86bf70edf0f5c32512e762e0000003ce2864f1b0a0c70000824c0006b56241107020000ffffffff
376,2839,49061,-0.072861720,1.962778616,1.928044155,0.457034560,1.802136976,-1.568150157,3.539769833,b737dd2921cf8fdc51e7318c1a64b00122000000ef0b050000000000ffffffff5f19b2552b75bdb6,ac694616e80ee94a11306d2e0000003c10bb5d700a0c70000824c0006451261d05020000ffffffff
377,2840,49062,-0.082598652,2.109229978,1.896356808,0.440585359,1.841312395,-1.572270933,3.518078985,cc36b93b63cdc9dcc56d22f61968b00122000000906f010000000000ffffffff1e0efe55ab71eb47,1f680d1bae0ee34aa730b42e0000003c25b3ad6f0a0c70000824c000624f2a1e05020000ffffffff
378,2841,49063,-0.078082373,1.944808534,1.928044155,0.246012451,1.969537417,-1.710672171,3.653204822,3937ac2721cf8fdc45e6318c1a64b00122000000ef0b050000000000ffffffff8f199255a97504bd,c755b02a1207b0f5123ba1320000003c8255887b081ca0000330900083341a1717000000ffffffff
379,2842,49064,-0.082847255,2.108781527,1.898204052,0.394013820,1.756234789,-1.762679207,3.708605118,c636ab3b7dcdd3dcc8ffc4ad1968b001220000009d61000000000000ffffffffff1aaa514c72602e,bb63ad10360430c4de39982d0000003c1b64ff61083070000a0c9000b0241e0903000000ffffffff
380,2843,49065,-0.144707850,2.070919429,1.894580611,0.391196324,1.827314310,-1.703425289,3.645844647,f1300d374acd99dc983c13351a64b00122000000db20040000000000ffffffff4414db5986715538,7763581978077fc5c03970280000003c15dfc73a081cc0000a0c9000823d1d180a000000ffffffff
381,2844,49066,-0.074933408,1.937857540,1.912271529,0.349513968,1.958037846,-1.612555071,3.550347220,8537d32643ce8cdcf1294bbd1a64b00122000000ef0a050000000000ffffffff3f1e275263737429,895f4929770c8dc5c13b6e310000003c03c88d1c032880000724c0005444352c03030000ffffffff
382,2845,49067,-0.148312586,2.072456976,1.886125915,0.357510682,1.804635490,-1.774260009,3.704863107,9a303d37d3ccacdcbc3553791a64b00122000000b14c020000000000ffffffffe50c15586e723763,4a6094169303dbc0ad393b2c0000003cc748cd72083070000a0c9000b52b170602000000ffffffff
383,2846,49068,-0.077377999,1.958902716,1.928044155,0.373918449,1.784999732,-1.780654316,3.740100945,4a37642921cf98dce561d28d1a64b00122000000eb11040000000000ffffffff8424b752d473702d,d6612f14390345c6be39162d0000003c7a085d6e083070000a0c9000b528190702000000ffffffff
384,2847,49069,-0.152455962,2.072713234,1.868363950,0.401264727,1.748899408,-1.722039829,3.647253938,36304537d9cbb4dc237eab3c1a64b00122000000a15d020000000000ffffffff9822233b9a3d0d48,6a64c80f7206b9beff39532d0000003c17d86f62081cc0000a0c90008f34201407000000ffffffff
385,2848,49070,0.001719037,2.064352822,-0.458808817,0.109695400,2.300974915,-0.964953796,0.569062079,bf3e4036e64b64d2808ec10e1d40f0011e5c3002be33090500000000ffffffff1d0d0f5a4b72bc33,ed481b531230c425853564360000003c40eeba3d0310f0000d244001eb14000000000000ffffffff
386,2849,49071,-0.076632192,1.956404202,1.927831011,0.356806309,1.827986987,-1.747119725,3.702650784,5c3716291ecf97dccaed91f41a64b00122000000ec10040000000000ffffffff4e18b8536b755f66,39606d191105b5481132072b0000003cca261d75083070000a0c9000a427240b05000000ffffffff
387,2850,49072,-0.083800231,2.108493237,1.899056627,0.440626793,2.071560074,-1.598061307,3.536413664,af36a23b89cdccdcff9861931968b001220000009866010000000000ffffffff240e0b5ac4720236,20682137430d85bf6e3b7b2e0000003c1e70ba150320a0000724c0008a4f1a0b01010000ffffffff
388,2851,49073,-0.076134987,1.962842681,1.928044155,0.322954932,1.885196552,-1.805236877,3.755354703,6837df2921cfa2dc20e005ab1a64b00122000000e814030000000000ffffffff9419bd587d70d738,085d6720df01cc2f2e330d280000003cfc8eff290830700003289000c3270e0404000000ffffffff
389,2852,49074,-0.073897564,1.891474869,1.898275100,0.395961206,1.814565482,-1.759482053,3.688613521,9e372b217ecd79dcef39aabe1a6c900122000000ef0a050000000000ffffffffc135a94a8b73802d,ea63ca17630419c0cb39322b0000003c70bcba72083070000a0c9000ab28200903000000ffffffff
390,2853,49075,-0.174623020,2.070983494,1.758808144,0.435571875,2.040424745,-1.615396986,3.429071581,1f2e0f37d3c5aedc036aab3c1a64b00122000000ad50020000000000ffffffff812e534e89735c2d,a66755334f0c98d37a3b962f0000003c4ecced0f0320a0000730900073581e1401010000ffffffff
391,2854,49076,-0.163435906,2.071463977,1.816001674,0.425379172,2.087960576,-1.597350829,3.463805803,2d2f1e37f8c8aedc01aa1b3c1a64b00122000000ac51020000000000ffffffff9134274bfc74602b,b06621394d0d20fe293bc02e0000003cd015c62b0320a0000724c00083511d0d01010000ffffffff
392,2855,49077,-0.176984744,2.073578104,1.771170472,0.440626793,2.071560074,-1.598061307,3.425371639,e62d603781c6c6dc03329a3e1968b001000000008777020000000000ffffffff1c1fbb55a57490bd,20682137430d2803203b6c2e0000003caf71ba150320a0000724c0008a4f1a0b01010000ffffffff
393,2856,49078,-0.084090267,2.109742494,1.883852384,0.426622184,2.052629025,-1.656604747,3.577558644,a836c93bb3ccc2dc08ba3bbc1a64b001220000008579010000000000ffffffffef188c51d974375f,ce66d2340b0a28e25e3b11300000003cbbe03d5f080c70000a3090007f47231302000000ffffffff
394,2857,49079,-0.085499015,2.108493237,1.899838153,0.410711623,2.029822076,-1.671382702,3.606387742,8636a23b94cdc5dcd83821901968b001220000008777010000000000ffffffff8424b752d473b7bb,4e650a323b09d0e0663b96300000003c9c247e5c080c70000a309000853c261304000000ffffffff
395,2858,49080,-0.085664750,2.110575332,1.868363950,0.393350880,2.026586821,-1.597990259,3.500303065,8236e33bd9cbb4dc157eabbc1a64b00122000000a15d020000000000ffffffffab1c8f4de873aec3,ab63a531440da003f03a21300000003c73e5b91a0320a0000724c0006f51261601010000ffffffff
396,2859,49081,-0.080899868,2.110895654,1.890246691,0.462959586,2.105450175,-1.598913882,3.531296400,f536ed3b0dcdb5dc32b9a0941a64b001220000009964020000000000ffffffff72110352ae7070de,3b6a433b370db8ba483bf02d0000003ce1761d340320a0000724c0008e4e190901000000ffffffff
397,2860,49082,-0.070044225,1.955475268,1.919518411,0.432174307,2.084597192,-1.642039935,3.599110137,fb37f928a9ce7ddc75ff00921a6c900122000000ee0a070000000000ffffffff031162560270d83b,5467b838d80ae8e74a3b3c2f0000003c4f0dbb74080c70000a3090007a4e201502000000ffffffff
398,2861,49083,-0.077005096,1.868187437,1.920655177,0.419661313,2.095199861,-1.609997348,3.572634800,5337541eb9ce71dcf84521f11a6c900122000000f00c030000000000ffffffffef1b46564b7547b7,2666033a9b0cd0f8333bf42e0000003c9869353d0320a0000724c00082521d0d01010000ffffffff
399,2862,49084,-0.083303026,2.109197946,1.891028218,0.165755269,2.264618332,-1.090495371,2.995941996,bb36b83b18cdcbdc669e3abd1968b00122000000916d010000000000ffffffff510ed1587e712c2a,364eac4e2b294425ec3474350000003c18764a3e031090001434f000f807000000000000ffffffff
400,2863,49085,-0.076797927,1.941573279,1.927617868,0.421898736,2.016592765,-1.645663376,3.608692995,583747271bcf8cdc4cf241f11a64b00122000000f009050000000000ffffffffa70cc02b8621743c,5c666d30a50a78e17a3b74300000003c86ccbe50080c70000a3090005c5c222103010000ffffffff
401,2864,49086,-0.018583502,2.079119680,-0.383569130,0.415849408,2.048689061,-1.601471605,1.293423525,d53c0d380950df53e93520590310b000023810016158290e0c030000ffffffff68289f71fb3dff6e,ca655734130d2004063b582f0000003c5ab589190320a0000730900075561f1301010000ffffffff
402,2865,49087,-0.025668674,1.950382143,-0.487156915,0.437602129,2.041193519,-1.636853441,1.242846992,2a3c5a28574ad1d2589b82771d40f0010d000000827a030000000000ffffffff1b0fa4310b236d4f,d7676d33210be0dd6e3be22f0000003c8e10df530320a000073090006c5e1c1601010000ffffffff
403,2866,49088,-0.019205009,2.080689260,-0.453480227,0.338078252,1.984336308,-1.739801795,1.338491089,c63c3e38314cd14f3b46e01d040ce000112c2000ba290e0903020000ffffffff79289e713f3fb767,755e7e2c780578eb523bd2310000003cc0ecb969081c30000c289000a62319130b000000ffffffff
404,2867,49089,-0.024674264,1.952784560,-0.478346980,0.345204858,2.041962292,-1.604597711,1.188782546,423ca528d34ad2d38dbba1331d40f0010d000000ab4d070000000000ffffffffa8100e599572100e,215f8533e70cd8f9fc3ab2300000003c4611152c0320a000073090005f522a2102010000ffffffff
405,2868,49090,-0.075306312,1.959383200,1.920797273,0.309406094,1.945673405,-1.758132144,3.699015172,7c377329bbce9cdc0979fc971a64b00122000000e913030000000000fffffffff81b8c549775d18f,c15bc7277604b0ed523b62320000003caba448670830700003289000af1d1b0e09000000ffffffff
406,2869,49091,-0.083717364,2.108909656,1.891951840,0.417465324,1.785800538,-1.721116207,3.661945426,b136af3b25cdcfdc23fb9b9a1968b001220000009e60010000000000ffffffffe50c15586e7278ed,f16548147f0694d2f8391d2c0000003c24a4bf56081cc0000a0c9000863b1d1809000000ffffffff
407,2870,49092,-0.074891974,1.966302162,1.928044155,0.417299589,1.791822598,-1.699091369,3.664533771,86374b2a21cf98dc0d63d28d1a64b00122000000eb11040000000000ffffffff4c57a171fb3d742a,ed650415b50701ba093a9f2b0000003c30747e1a081ca0000c0c90007e3f1b1b0b000000ffffffff
408,2871,49093,0.013651958,2.072649170,-0.487156915,0.356806309,1.827986987,-1.747119725,1.328578479,df3f4337574ad1d2a2669d771d40f0010d000000827a030000000000ffffffffbd1291297c24c352,39606d191105e6c2a539662a0000003c0f251d75083070000a0c9000a427240b05000000ffffffff
409,2872,49094,-0.017961996,2.082002581,-0.408151691,0.389538974,1.833240273,-1.737244072,1.412241582,e43c6738af4e8b522d72401c040c20001134b000d7160e0201000000ffffffff2d3ca751ae7dd427,4f63111a9c0545b7c439fc290000003c5ab5277e081cc0000a0c90009c2b260d06000000ffffffff
410,2873,49095,-0.233251782,2.082995580,1.640868691,0.479988859,1.732851260,-1.505556989,3.245197654,9828863857bf59dd4b01543b1968000000000000fe01000000000000ffffffff4a3a9850db7b702b,d66bd30d5912bb40b82d312f0000003c1ff75f1d0a0c90000720c0006d69170a08000000ffffffff
411,2874,49096,-0.216471111,2.081746323,1.687689233,0.370438014,1.828339341,-1.692626013,3.440233798,2d2a5f38eac13addda5183791968b00100000000fd02000000000000ffffffff82285f4c9e789814,826178191008e1c6aa390d280000003cf1c58c79081ca0000c0c90007b401c190d000000ffffffff
412,2875,49097,-0.138368485,2.109005752,1.846978543,0.479698823,1.701972189,-1.594224723,3.519881167,8a31b23bacca02ddb5a8cd911968b00100000000f608010000000000ffffffffcc341a4c177beb41,cf6b0f0a790dad4b3c2eb32c0000003ce6daaf5b0a0c7000083090006446341804030000ffffffff
413,2876,49098,-0.195547066,2.081329904,1.768115414,0.429771149,1.711613890,-1.681755690,3.525524562,262c523856c62edd4d4540271968b00100000000fa05000000000000ffffffff0327264bfb77d647,1a673c0ba908b35aa72f052a0000003c14c3fe61081ca0000c0c90005b482d1816010000ffffffff
414,2877,49099,-0.141268848,2.108333075,1.855220095,0.464202599,1.674936985,-1.644313466,3.577871293,44319d3b20cbf9dcec92e1901968b00100000000f00d020000000000ffffffffa426454c9478c8f1,596ac306b80a335b542e4b2b0000003c0833bf5a0a1c300008309000583a39270a030000ffffffff
415,2878,49100,-0.138327051,2.109197946,1.854367520,0.483220692,1.784230959,-1.561684801,3.487311085,8b31b83b14cb01dd1cfb328a1968b00100000000f607010000000000ffffffffff30104a1677b236,246c1714430ff4d4ec3901380000003c4d7bec360a0c70000824c000695e221105010000ffffffff
416,2879,49101,-0.132111988,2.107628366,1.803142011,0.471080602,1.887534905,-1.388754302,3.255838525,2132873b43c8eadcb01d88bf1968b00100000000d726030000000000ffffffff82142025a8246b52,ff6ab020c5180e46ec2e07310000003c038f2f670324a000081c3001c820160100000000ffffffff
417,2880,49102,-0.017423357,2.082130710,-0.414190759,0.457034560,1.802136976,-1.568150157,1.278721666,f13c6b385a4e8952198e2019040830000d44b000ca1a180201000000ffffffff92129722c8233757,ac694616e80e18e8dc391a380000003c57ba5d700a0c70000824c0006451261d05020000ffffffff
418,2881,49103,-0.017257622,2.081329904,-0.409572648,0.466730058,1.925813421,-1.363816502,1.081208020,f53c52389b4efa5215d20018040c20000b44d000a3312a0000000000ffffffff213a6c4eed7ebd49,966a5b25241a434ba62f5c310000003c419bbd6e0324a000081c3001d61c0c0000000000ffffffff
419,2882,49104,-0.237602326,2.084116709,1.697422790,0.485168078,1.855534706,-1.376534069,3.166047625,2f28a93873c26fdd18bc001f1968000000000000ff00000000000000ffffffff6d394d4ece7aa42b,536cc91c7119a74bd92df9300000003c0b7b5f650324a000081c3001c623150000000000ffffffff
420,2883,49105,-0.205781203,2.080945518,1.704740720,0.487985574,1.820779735,-1.427262244,3.218453222,2f2b4638dac227dd246ef3781968b00100000000fa05000000000000ffffffff373e284e877fb829,976c8c18a7163e44962d74300000003cf0ee3f6203289000081cc0009a441c0302000000ffffffff
421,2884,49106,-0.262586880,2.084308902,1.551916766,0.500208531,1.745087572,-1.576391709,3.237783480,d425af3873ba79dd690054331968000000000000ff00000000000000ffffffff3737f54e3c7cb03d,be6d510f740efcca413a25380000003c5fe86e130a0c70000824c0006657261604020000ffffffff
422,2885,49107,-0.209841711,2.082162742,1.741543513,0.473815230,1.793776564,-1.541151969,3.365507841,cd2a6c38e0c441dd48b5902c1968b00100000000fd02000000000000ffffffff0b28f54d7878ab50,416b411564100cd3d639f7370000003c3d8f7f690a0c70000824c0006d5f1b1008010000ffffffff
423,2886,49108,-0.139072859,2.108781527,1.848612644,0.474726772,1.713311599,-1.560548035,3.486477160,7931ab3bc3caffdc61b1dbbb1968b00100000000f608010000000000ffffffff183cca055824cd3d,576b710b530f67c55e3a39380000003c3eccaf1a0a0c70000824c0006b55251207020000ffffffff
424,2887,49109,-0.012782777,2.082290871,-0.684243688,0.533396968,2.280185997,-0.763888343,0.586360014,613d7038813fea5270aa1502021030000d000000a357040100000000ffffffff7537fa0a5e26ef45,df709250203b90fe7a3a8c380000003c538ab72c0310300114000000fe00000000000000ffffffff
425,2888,49110,-0.013238548,2.084148741,-0.598062629,0.508536716,2.297034950,-0.786978898,0.594356224,563daa383e44e051740265030408d00003000000a64d0a0200000000ffffffff7a3b46053823a941,876ea052db3990f8893aac380000003cd1e924360310300114000000ff00000000000000ffffffff
426,2889,49111,-0.012824211,2.081554130,-0.675220609,0.610712353,2.184345560,-0.855326943,0.657116592,603d5938004071530b46f501021030000d000000bb40040000000000ffffffffce1a1f1a37251b54,2978e244193690db643bd2380000003cc4743e0d0300000000000000ff00000000000000ffffffff
427,2890,49112,-0.016221778,2.082739323,-0.435718262,0.539612031,2.123772611,-0.857529427,0.698970396,0e3d7e382b4d5f521c525111040830000d44b000bf2f0e0300000000ffffffff5123211331253f54,75717f3dfa3560f64f3b2a390000003c33257c4f034c400014580000fc02010000000000ffffffff
428,2891,49113,-0.015144501,2.082931516,-0.465061029,0.493123359,2.309047037,-0.828612946,0.664555824,283d84388e4b6552493a6308040830000d000000a155060200000000ffffffff3c1b4e1438245f54,136d1754913778eb9b3ac8380000003c4ebdd33a0300000000000000ff00000000000000ffffffff
429,2892,49114,-0.015724573,2.081842420,-0.438773320,0.536131596,2.253246890,-0.918914781,0.751305894,1a3d6238004de8522ce2e10d040830000d2c00009157170100000000ffffffff8b35f507fc242243,2171494d9a321812f73afa380000003c9d3427600300000000000000ff00000000000000ffffffff
430,2893,49115,-0.013238548,2.082867452,-0.590815747,0.491880347,2.091772412,-0.886161716,0.585195384,563d8238a4449552964a2405021030000d0000007f7a030300000000ffffffff3f38b211e62e0141,f56c983967347cd82d3b65390000003ce830fe67034c400014589000d71b090301000000ffffffff
431,2894,49116,-0.013114247,2.089081704,-0.591597274,0.496272325,2.304594557,-0.862858016,0.616038034,593d44399944784e6fa646010d1000011e5c0000f40a010000000000ffffffffb72b3e4b10656232,5f6d8c53af3550e1ae3adf380000003cb8a033780300000000000000ff00000000000000ffffffff
432,2895,49117,-0.138244184,2.089530156,1.834687262,0.513011561,2.077774327,-0.857813618,2.770168449,8d315239ffc93edbe844c05f1b88a00121640000cc280a0000000000ffffffffc338ea4fd87dd234,f36ee337f635a8d85b3b53390000003ccde8fe60034c400014580000c3290d0501000000ffffffff
433,2896,49118,-0.226166610,2.083347935,1.713621703,0.489228586,1.881640974,-1.177386908,2.985030448,4329913857c35bddcde4002e1968000000000000fe01000000000000ffffffff0d2e2c453966c644,b56cf81f64246642bd2af7320000003c5dc7cf19034c400116244000bb2b0c0705010000ffffffff
434,2897,49119,-0.137539810,2.090907542,1.820619785,0.499255555,1.810145034,-1.302928483,3.200139013,9e317d3939c976db2df9314c1b68200221640000cb1b190000000000ffffffff633b5751bc7c0429,a76d40177d1d9f4b172bb6310000003c54125f510324a00013506001cb270b0200000000ffffffff
435,2898,49120,-0.224716428,2.082354936,1.700690992,0.502735990,2.157534583,-0.708826249,2.518057254,66297238a1c24add8c6d337a1968b00100000000fe01000000000000ffffffff4a272a4ddc78c765,fb6d9d41273e6b50dd3bd4380000003c7488ce2f0310300114346001aa2b270300000000ffffffff
436,2899,49121,-0.140440173,2.109165913,1.853514946,0.452476847,2.190687942,-0.708399961,2.630894226,5831b73b08cb08dd67a8d7a31968b00100000000f707010000000000ffffffff3226b24d84780b56,3e69a8452d3e0c2d8132a2370000003cd22d9b3c0310300114346001a82f260300000000ffffffff
437,2900,49122,-0.139984402,2.108781527,1.856427908,0.245308077,2.308950940,-0.942218480,2.832126356,6331ab3b31cb00dd55aa81b21968b00100000000f707010000000000ffffffff2c0d4355f76dd76c,b65514545231873da53448360000003c995acc790310300114349000d418120000000000ffffffff
438,2901,49123,-0.214233689,2.094334990,1.930672926,0.469340384,2.191841103,-0.727796028,2.746677654,632ae83946cf4ddc72b1b2221a6c900122000000e419010100000000ffffffffe6365b3f4965714e,d56acc451c3db029363276370000003cee50b9380310300114346001aa2b270300000000ffffffff
439,2902,49124,-0.128134348,2.090523155,1.750495544,0.541642285,2.050194576,-0.780726686,2.618647191,813271395ec54fdb995d42091b88a00121640000bf29160100000000ffffffff8654ef45f677b818,a6718634333a17474d306b370000003c59e55f64034c40001458d000a438190901000000ffffffff
440,2903,49125,-0.270252124,2.075660199,-0.503284780,0.551047747,2.017233410,-0.770922081,0.865781089,1b25a1377449f5dc9021ee211968b00100000000e317050000000000ffffffffd83f1a53817d4423,89728130bd3a4b46eb2f86370000003ccbe5df63130c4000145850017356231002000000ffffffff
441,2904,49126,-0.240212652,2.082675258,-1.839268804,0.303895405,2.215705115,-1.039767196,0.976193291,f0277c38000056ddce0dc83f1968000000000000fe01000000000000ffffffffd33c614d7a7f01b4,3c5bb548f52bbc2fee338a350000003c8e4abb7c034c400009506001ef08070000000000ffffffff
442,2905,49127,-0.256081780,2.084437031,1.624669778,0.543921142,2.011115253,-0.848151109,2.600043057,7126b33873be78dd0948211a1968000000000000ff00000000000000ffffffff59368f3f5f66254b,dd71c22f7e36474d5e2fe9360000003cd291cd76034c4000145890006766181406000000ffffffff
443,2906,49128,-0.131904820,2.091548186,1.758737096,0.489187153,2.188349589,-0.902360629,2.734331152,26329139d2c581db60e5c2471b68200221640000c529100000000000ffffffff6c28584b12668c35,b46c5f4583333013f33a34390000003c947c185b034c400014580000fa03020000000000ffffffff
444,2907,49129,-0.142304692,2.090298929,1.848896835,0.491880347,2.091772412,-0.886161716,2.807621433,2b316a39c7ca6bdbd1f060571b88a00121640000d417130000000000ffffffff2c0d4355f76dfb58,f56c98396734c767323130360000003cbc31fe67034c400014589000d71b090301000000ffffffff
445,2908,49130,-0.128921589,2.063680145,1.930672926,0.416429481,2.170347475,-0.903923682,2.888550438,6e322b3646cf4ddc62b0b2221a6c900122000000e419010100000000ffffffff0a302d4520650247,d8652d436d33acdeb43a65390000003ceb40eb71034c40001458d000e80f070000000000ffffffff
446,2909,49131,-0.133479302,2.089978607,1.810175749,0.454962872,2.137610535,-0.904847304,2.778467774,00326039a6c845db5671f14d1b88a00121640000c62b0e0000000000fffffffff865004c1a40d23a,7a692f3f603380dcf23a68390000003cb5889c6a034c400014589000de160a0100000000ffffffff
447,2910,49132,-0.039673283,2.071752267,-0.432450060,0.503233195,2.156125165,-0.679057194,0.602230279,d83a2737594df0d3579e3f171d7c000117840000c921150000000000ffffffff445b4a44a655382d,076e7141ca3faa477931d6370000003cdc39fe730310300114346001a034270300000000ffffffff
448,2911,49133,-0.042905116,2.095840505,-0.461508636,0.232836517,2.314364387,-0.915930770,0.574704804,8a3a173ac04b09d922f2ee2d2188f0011b000000a159060000000000ffffffffbc618142b6489140,8954bd54c432c82fb73467360000003cf2c9ba3d0310300114349000c726120000000000ffffffff
449,2912,49134,-0.041496368,2.083604193,-0.440265325,0.606237508,1.985809791,-0.814261278,0.754318164,ac3a9938eb4c6bd65b7acf141f74100210000000b82e190000000000ffffffffd83f355125653034,bd77ac2c5b38f348d82d3e370000003c4959bb3b130c400014585001933e1a1104000000ffffffff
450,2913,49135,-0.147442477,2.037573876,-1.839268804,-0.370066037,2.104873594,-1.421365271,0.478261293,af30fc3200003bdb13fef77f1b88a00121640000da1f050000000000ffffffff3f37690e3f2cdb3b,b21b313bfa1668025d39b0390000003cd205877f03289000081c1001d9160d0201000000ffffffff
451,2914,49136,-0.013114247,2.087928544,-0.591242035,0.073606600,2.410204824,0.126057195,0.791138856,593d20399e44e24f695265020d10000100000000c03f000000000000ffffffff8c37520db4294b40,86456d600e6c06338f35f83a0000003c3d797e2e0d10000103000000b334170000000000ffffffff
452,2915,49137,-0.013197114,2.086615223,-0.592734040,0.065899922,2.428110841,0.244636079,0.907779882,573df73889449c503236350204342000030000009462090000000000ffffffff4737540cd6279148,cc449c629372c1419735533b0000003c342edf6d0d40400000000000ad39190000000000ffffffff
453,2916,49138,-0.013238548,2.085333933,-0.592805088,0.080111700,2.413408047,0.100479964,0.772651962,563dcf3888444251414275020408d00003000000bf231d0000000000ffffffff773b781a0d39943a,2346d160a66a59498c35e73a0000003cbc8d4c3a0d10000103000000b0410e0000000000ffffffff
454,2917,49139,-0.013072813,2.095968634,-0.598062629,0.065402717,2.423850554,0.222256002,0.886897750,5a3d1b3a3e44ddc6f3a2f4051034e0011774f001ca260b0400000000ffffffff021587393f2d0f4c,c044176258714f399735413b0000003cc51e9b7b0d40400000000000ad39190000000000ffffffff
455,2918,49140,-0.019412177,2.088344963,-0.419093061,0.658692640,2.315837870,-0.844953955,0.832428175,c13c2d39154e194e0f5640190d90e001101000008c4b180a06000000fffffffffa38bf16d333a435,af7ceb54ab3608cc1f3b56380000003c6475be6f0300000000000000ff00000000000000ffffffff
456,2919,49141,-0.013197114,2.092028670,-0.586623923,0.557345678,2.338324496,-0.857387331,0.677859525,573da039df44154a5d4ec4030d40e00117100000965a0d0200000000ffffffff8b30aa1a8233ba37,2173a957fc3558d8d33a74380000003c59a1b57d0300000000000000ff00000000000000ffffffff
457,2920,49142,-0.014067223,2.092060702,-0.511668428,0.624178323,2.334128274,-0.806659156,0.743621958,423da139fe48ea49961e23070d40e0011710000090432c0100000000ffffffffc62e361e3f354837,6e792657c6383ac5ff3a39380000003c61f25a3d0300000000000000ff00000000000000ffffffff
458,2921,49143,-0.014605862,2.093566217,-0.488577872,0.634868232,2.307669651,-0.883461897,0.789677321,353dd039434a0545c20e320b1078d0001710000059564f0100000000ffffffff10171531482c8843,707aec538d3468dd0e3b84380000003ce1a4ac6c0300000000000000ff00000000000000ffffffff
459,2922,49144,-0.018417767,2.087608222,-0.419874588,0.673111587,2.272882648,-0.848648444,0.834497741,d93c16390a4e0f4fee9dc0130d9040001e400000c21f120c01000000ffffffffc12aac1d50338f3a,0b7eae4f77363ecc3b3b60380000003c77cd0f5b0300000000000000ff00000000000000ffffffff
460,2923,49145,-0.014730163,2.092124766,-0.482041468,0.614897162,2.281851673,-0.905770926,0.782287365,323da3399f4ab8499f6ab3060d78000117100000884e280000000000ffffffffd83f8c63fa45dcd3,8e78c650533320df123ba8380000003c86e4db660300000000000000ff00000000000000ffffffff
461,2924,49146,-0.065155042,2.107948689,-1.839268804,0.603171410,1.936544219,-0.531206590,1.478873386,7138913b0000a8d53f0318381d7c1002100000008a74010000000000ffffffff105e3b413d4c1340,7377aa26eb4738246424a4380000003cb56d793e1310400103546001be2f090800000000ffffffff
462,2925,49147,-0.042366477,2.086903513,-0.448506877,0.425172003,2.256738403,-0.820797681,0.621318407,973a0039774c65d75c5edf131f84d00122000000a05b050000000000ffffffffca5d4b41094e9342,ab66b64dff37a8e6793a01390000003c0f01f3380310300114340000fc02020000000000ffffffff
463,2926,49148,-0.042697947,2.088633253,-0.449856786,0.435696176,2.246904508,-0.867120888,0.654232419,8f3a3639644ce7d74e6a0f141f84d00122000000817c010000000000ffffffffb1585a3b6a4aa143,a967834c7335b4d8983a1a390000003c75983374034c400014000000fc01010000000000ffffffff
464,2927,49149,-0.043568056,2.084949547,-0.463142737,0.396748448,2.210932312,-0.869394420,0.612201528,7a3ac338a94be0d636da3d0a1f84d00122000000b43a110000000000fffffffff457513b294c9842,fd6320485335c8de6a3a42390000003cf04cf67a034c40001458d000e40e0c0000000000ffffffff
465,2928,49150,-0.043940960,2.086647255,-0.469750188,0.531408148,2.080785357,-0.733053570,0.632763486,713af8384c4b5ed73802ee0a1f84d00122000000a05a050000000000ffffffff1c54453aa655d841,af704138d23cf23ed3308b370000003c21b19f27034c40001458d0009b302c0700000000ffffffff
466,2929,49151,-0.045598310,2.095648312,-0.497387807,0.524985916,2.008328449,-0.917138584,0.713709908,493a113ac74909d91b3eed072188f0011b000000a852050000000000ffffffffcf59e63bb348b244,14706b2fb3326f66eb2f60360000003ce38d5c77034c4001161090006e61171109000000ffffffff
467,2930,49152,-0.043195152,2.083379967,-0.457743099,0.513011561,2.077774327,-0.857813618,0.685166952,833a9238f54b68d62ae25d0a1f74100210880000b92a1c0000000000ffffffffe855be3acf539d42,f36ee337f63507608c3081360000003cb2e9fe60034c400014580000c3290d0501000000ffffffff
468,2931,49153,-0.045266840,2.093950604,-0.487370058,0.387177250,2.219837273,-0.839483269,0.571698398,513adc39544ac6d81a3add072188f0011b000000b932140000000000ffffffffd55041620145a8ce,16633649f83678ea563a2d390000003c7879d67e034c40001458d000e20f0e0000000000ffffffff
469,2932,49154,-0.061343137,2.107916656,-0.514084055,0.541642285,2.050194576,-0.780726686,0.661831965,cd38903bdc4863d5794b7c341d7c0001210000009d61000000000000ffffffff2d52653fc05ef93a,a6718634333a5cbbb03b16390000003c5ce45f64034c40001458d000a438190901000000ffffffff
470,2933,49155,-0.045929780,2.104361079,-0.508329178,0.506050691,1.825104086,-1.277422300,0.987001083,413a213b2d4952da6e0aef11226c10021a000000b148060000000000ffffffffa54f2d452065a94a,4b6e1319e41e063f262b14320000003c70129f11032430010a506001d21f070502010000ffffffff
471,2934,49156,-0.046095515,2.110927686,-0.517920640,0.529004990,2.060765212,-0.830247047,0.656357105,3d3aee3ba64845db20963e4e1b88a00121640000c62b0e0000000000ffffffffdf476b5f23476acc,7570d0357a3710cb873b3e390000003cc3908f63034c400014580000ac35120902000000ffffffff
472,2935,49157,-0.063953463,2.106315045,-0.591739370,0.502735990,2.157534583,-0.708826249,0.580921436,8e385e3b9744eed58492aa3d1f74100210000000ae4e030000000000ffffffffa55a4f5a2747e82a,fb6d9d41273e801b213a99380000003c448bce2f0310300114346001aa2b270300000000ffffffff
473,2936,49158,-0.035695643,2.083059645,-0.462432258,0.544666949,2.103784499,-0.795575690,0.669503401,383b8838b34bf1d5f03d3c3a1f74100210000000c03b040000000000ffffffff2a237f1fa5317c35,ef710f3b62393cd1973bfe380000003c858caf55034c40001458d000ca1e120500000000ffffffff
474,2937,49159,-0.015393103,2.091035671,-0.453906515,0.517859310,2.173614763,-0.737600633,0.609639070,223d81392b4c044cafdeb10b0d78000104907001a0550a0000000000ffffffff951d2e26422fd02a,686f9343923c400e373a8f380000003cb3e2ec260310300114346001b028240200000000ffffffff
475,2938,49160,-0.016553248,2.089722349,-0.440549516,0.489974394,2.209715088,-0.739732069,0.600398792,063d5839e74c4c4d2376c2490d78000124100000ab34100e02000000ffffffff9e57b16b0c41f828,c76cfa47743c58ff4b3ab4380000003c4972f82e0310300114346001b028240200000000ffffffff
476,2939,49161,-0.031759436,2.077646198,-0.478773267,0.421691567,1.673751793,-1.739304460,1.399173825,973bdf37cd4a53d462d2ce2e1d40f0010d840000d716120000000000ffffffffd550416201459017,57669e067f0513589f2fd2250000003cce465f60081cc0000a0c9000942e2a0e05000000ffffffff
477,2940,49162,-0.033126750,2.081778356,-0.514084055,0.252310381,2.270896650,-0.913230952,0.525888135,763b6038dc4863d5be497c341d7c0001210000009d61000000000000ffffffff001ffd22e12d5145,5f56704fea329427743462360000003c09cebe2c0310300114349000d11c120000000000ffffffff
478,2941,49163,-0.016304646,2.088729350,-0.442680952,0.218583305,2.293799695,-0.968506189,0.611325099,0c3d3939c94c684ef3c580120d78400204400000d7120a0a02000000ffffffff241b7429872ea02c,31533b52e02f2f3cbd341b360000003c0a37487b0310300114349000d617120000000000ffffffff
479,2942,49164,-0.017174755,2.089209833,-0.432379012,-0.463582020,1.758701270,-1.261223387,0.997746638,f73c48395a4dc24decb5414e0d90e00110100000a62e250403000000ffffffff9620ce2373302421,e112fa10c81fc73ea439df310000003ca343e01a0324a0001138f000d11a060605020000ffffffff
480,2943,49165,-0.015973176,2.090395026,-0.449501547,-0.459935850,1.781219929,-1.205308718,0.929481886,143d6d39694c824c2f9a33460d78000124100000aa42100201000000ffffffff6b2b8320f934583b,3913b913db22b239af39c9320000003ca8e3c0150324e000113ca000c9120f0b05040000ffffffff
481,2944,49166,-0.014978766,2.093534185,-0.471668480,0.155065361,2.395598126,-0.798133413,0.476169069,2c3dcf39314b2745abae43061e340001171000006750470000000000ffffffff200ce230bd213b4f,344da55e3e39f630783571370000003c41364b7d031030010d50f0009267060100000000ffffffff
482,2945,49167,-0.019495045,2.079247809,-0.380585120,0.149513237,2.396719254,-0.788186712,0.543590817,bf3c11383350a953c13d401f040ce0000b4420005f482b1e0b030000ffffffff603b9205da217644,ae4cc85eca39cc2f7d3580370000003cbde9693e031030010d50f0009168050100000000ffffffff
483,2946,49168,-0.012824211,2.080593163,-0.672591838,0.127511914,2.381664105,-0.758701849,0.343151387,603d3b3825400754c53d1542021030000d000000d721070000000000ffffffffcd0ba434c721cf56,9b4af25c693b46348235b8370000003c0441983b031030010d50f0009168050100000000ffffffff
484,2947,49169,-0.020157985,2.079151713,-0.378169492,0.255252178,2.298604530,-0.747049999,0.509983456,af3c0e38555095538499d01804383000112c20005e43361b0c010000ffffffffb12c240941218d4a,a656d1520d3c50469c34b4370000003cdce2d77c031030010d50f000955b0e0000000000ffffffff
485,2948,49170,-0.013942922,2.079856422,-0.518275879,0.538451886,2.068709205,-0.714225886,0.586225801,453d2438a1482954a1954443021030000d000000d21e0f0000000000ffffffff5731ab1e4c38e434,5971c836db3d694aac30b9370000003c5b7dff6a034c40001458d0007b45340a01000000ffffffff
486,2949,49171,-0.014191524,2.095840505,-0.497600951,0.488317044,2.060316761,-0.948754883,0.676251927,3f3d173ac44989c5cd36820a1078d00017743002964a1e0100000000ffffffff51489b62b545dacc,9f6cc235f6303b5efc30e2350000003cbca95e6c034c400014589000bb2e0b0704000000ffffffff
487,2950,49172,-0.063290523,2.107788528,-0.587050211,0.465611347,2.219805241,-0.896818895,0.623090338,9e388c3bd94493d566bb8a361d7c100210000000906f010000000000fffffffff234420820218148,7b6a3549d13348dac33a2b390000003c32e80568034c400014580000fd01010000000000ffffffff
488,2951,49173,-0.013321416,2.079952518,-0.585060870,-0.460350187,1.801240074,-1.191454385,0.803261131,543d2738f5442e54a9492542021030000d000000e314080000000000ffffffff6021da0fe621413f,2f132a169e230f42a939f6320000003c6223a01c033810010f24a000b720160b06010000ffffffff
489,2952,49174,-0.015020200,2.080048615,-0.456535286,0.532775462,1.903230698,-1.323674459,1.040804981,2b3d2a38064c05548c59024a021030000b3400009f362a0000000000ffffffff2e59035d6045c422,d0709a22591cb0d9253ad8320000003c64302f520324a00013204000da1e070000000000ffffffff
490,2953,49175,-0.034784100,2.081586162,-0.471029050,0.514254574,1.915467011,-1.292839686,1.002203452,4e3b5a383a4b76d5e0599c381f741002100000008876010000000000ffffffff205e9467fe40a825,116f18240b1e7bba443a8d320000003c0b60bb1b0324a00013504000e11a030000000000ffffffff
491,2954,49176,-0.033085316,2.076717263,-0.451348791,0.506009257,1.827058052,-1.316285481,1.049317949,773bc2374f4c50d4525a7e311d40f0010d840000cc1a190000000000ffffffff3b57a1713f3fc829,4a6e5019c11c7c40f92b99310000003c6cfa6f610324a00013506001cb270b0100000000ffffffff
492,2955,49177,-0.030516424,2.075211748,-0.478346980,0.557345678,2.338324496,-0.857387331,0.747316370,b53b9337d34ad2d3a446ae331d40f0010d000000ab4d070000000000ffffffffcd4feb5c1747d8cc,2173a957fc35f8e9ca3aa9380000003c45a1b57d0300000000000000ff00000000000000ffffffff
493,2956,49178,-0.062378980,2.106026755,-0.519554740,0.566005333,2.326088184,-0.901863293,0.767758886,b438553b8f48e8d59236ab3c1f74100210000000b843030000000000ffffffff4e18b8536b7588e0,f2732b568a33c0e5e73ac1380000003cc9d446770300000000000000ff00000000000000ffffffff
494,2957,49179,-0.081687110,2.109037785,1.899056627,0.582081629,2.308310296,-0.912307329,2.895525128,e236b33b89cdccdc169a61931968b001220000009866010000000000ffffffff6d4dbb313141203e,76750054f732f0e8fd3ac7380000003cac70896b0300000000000000ff00000000000000ffffffff
495,2958,49180,-0.045971214,2.073193718,-0.525167522,0.561364752,2.344762975,-0.824350074,0.729463527,403a5437404875d453d2ec061d7c000121000000b845020000000000ffffffff304feb4bad62c642,82737258cd3768f2b83a8f380000003c9ed5b53e0300000000000000ff00000000000000ffffffff
496,2959,49181,-0.043858092,2.108525269,-0.519909980,0.573049071,2.346140361,-0.806659156,0.720597301,733aa33b8a48e0da4e4a8d771b88a00121000000a856010000000000ffffffffef188c51d9744ac4,9c749d58c638b8f8b13a7c380000003ce6b1d63e0300000000000000ff00000000000000ffffffff
497,2960,49182,-0.081107037,2.109710461,1.899838153,0.408101296,1.901981441,-1.060939460,3.008102427,f036c83b94cdc5dc7a3921901968b001220000008777010000000000ffffffff4d2f7a47ee78b040,0f657322cb2ad828ec2c81340000003c0ac7bc0f034c400116109000b929100901010000ffffffff
498,2961,49183,-0.180879517,2.079696261,1.810673084,0.409924381,2.124925771,-1.023568284,2.895517067,882d1f38adc808dd2635212f1968b00100000000ec10030000000000ffffffffaf37eb4bad79b42c,3b65a33dd92c1d4c39324f350000003cc672ce6e034c400014589000e80e070101000000ffffffff
499,2962,49184,-0.195298463,2.080048615,1.721721159,0.171804597,2.259653336,-1.263852158,3.013415097,2c2c2a38c9c314dd151a347b1968b00100000000f30b010000000000ffffffff292bf045f5775b56,c84e114ea31fe98f433a9b2f0000003cc338cd37032440000a200000fa04010000000000ffffffff
500,2963,49185,-0.172924236,2.079055616,1.824811609,0.176693780,2.290372246,-1.341436425,3.192493397,482e0b3874c9f5dc6bdc21221968b00100000000e317050000000000ffffffffa426454c94789b46,3e4fd0515f1b74def93920300000003c25ad477c0324a00008107000f805010000000000ffffffff
501,2964,49186,-0.140854510,2.108749494,1.854367520,0.546282866,2.119928743,-0.757636131,2.700897226,4e31aa3b14cb01ddcffa328a1968b00100000000f607010000000000ffffffffde52b948a455702c,1672073d783b96bead3be2380000003c13fc7e1c034c40001458d000aa28270600000000ffffffff
502,2965,49187,-0.041372067,2.096160828,-0.495824754,0.516367695,2.142511466,-0.871525856,0.674072208,af3a213add490ad9ffb51c392188f0011b000000a852050000000000ffffffff8c28bb455e68394d,446fc83f3535d8f3233b38390000003cdaa8fa56034c400014580000f209040100000000ffffffff
503,2966,49188,-0.147566779,2.092509153,1.849181026,0.194427427,2.282460285,-1.302644291,3.176010753,ac30af39cbcad6db0f1d13481b68200219840000c436050000000000ffffffffcc1b2e47fb6cb35b,ea50d950811d719b1d3ac02f0000003c62e05b260324a00008107000f805010000000000ffffffff
504,2967,49189,-0.176321804,2.095167828,1.892520223,0.182743108,2.284734573,-1.302715339,3.220930527,f62d023a2dcd3fdc49f532471a6c900122000000ab4d040300000000ffffffff8430433e9c6a8f5a,d04f2051801dc76f213a7a2f0000003c0bc167350324a00008107000f805010000000000ffffffff
505,2968,49190,-0.147981116,2.095007667,1.805983925,0.136627340,2.274996775,-1.285450708,3.109721233,a230fd396bc819dc572d14441b682002190000008c70020200000000ffffffff8e2e123cc66ea75a,774bf04f731e88f4c2391d300000003c76d68a7d0324a00004200000fa03010000000000ffffffff
506,2969,49191,-0.163228738,2.097826504,1.815859578,0.187135086,2.244405994,-1.267049312,3.106214349,322f553af6c860dc2ea983451a6c900122000000b3410a0200000000ffffffff861e7a6bda254eba,3a50354c761f5996453a25300000003c9dc40d76032440000a207000f805010100000000ffffffff
507,2970,49192,0.001346133,1.935230897,-0.528151532,0.171514561,2.274484259,-1.290210915,0.851342846,b63e81261648984cc7a5637a043430000e3c0001c23a020100000000ffffffff42164e4e473c6c3c,c14ee04f301e3779313a7e2f0000003c2b35ca390324a00008107000f805010000000000ffffffff
508,2971,49193,-0.018169165,2.107660399,-0.747973621,0.133022603,2.208625992,-1.389748972,0.667029686,df3c883b003c0000e31270621d40e0011f5cd0006f6b210201000000ffffffff9512a448a33b9f6c,204bd847b718b7bc073a61310000003cf704397b03289000081c4000e909090300000000ffffffff
509,2972,49194,-0.018086297,2.105802529,-0.747973621,0.454175631,1.982222181,-1.270885896,0.715360523,e13c4e3b003c0000a04602281d780001177c30026456410301000000fffffffffd141b4a7e3c4d44,67693c2c401f453d2130d1320000003cbc963e710324a00013504000e416030100000000ffffffff
510,2973,49195,-0.017671960,2.107404141,-0.747973621,0.520469637,1.925845454,-1.339376036,0.819949237,eb3c803b003c0000c716201d1d40e0011f5c30027860230301000000ffffffffd83fee4b326d882b,a76f5c257c1b70da073ac5320000003ce3740c6f0324a000084c7000d71e090000000000ffffffff
511,2974,49196,-0.167454980,2.058747181,0.708365483,0.504766244,1.880551878,-1.305344110,2.130413403,cc2e9135128c40dcd201d83f1a6c900122000000bf3e020100000000ffffffff8949643f6066fb5c,2c6ed61f5b1d313e5e2dce310000003c7f6edf140324a00013506001db1e050100000000ffffffff
512,2975,49197,-0.120510537,2.092989637,-0.569359293,0.492999058,1.831958983,-1.377883978,1.047970989,3933be39d24581db7c22dd471b68200221640000c529100000000000ffffffffd83fb64b966eac2b,106de9195e19bb4a332ddf300000003c50beff640324a000084c7000c623150000000000ffffffff
513,2976,49198,-0.171474055,2.061149599,-1.839268804,0.498219711,1.738328771,-1.598913882,0.781328046,6b2edc35000058dce201e83f1a6c900122000000dd1e030000000000ffffffff45575a4b12669f5d,8e6d7e0e370da4dc333a34380000003c66244f530a0c700008309000614f331703030000ffffffff
514,2977,49199,-0.111063641,2.094431087,-0.479270602,0.463746828,1.830101114,-1.554508967,1.247563606,1d34eb39c64a6bdba10a6f571b88a00121640000d417130000000000ffffffff93456d4eee7e7025,4e6aaf19a80f2b4d4830eb2e0000003c0b830e6c0a0c70000824c0006455241a06020000ffffffff
515,2978,49200,-0.293827930,2.083540128,-0.630673599,0.489352888,1.746913409,-1.622004437,1.307450409,e222973873426fdd6931ef1f1968000000000000ff00000000000000ffffffffd83fe24b54787028,b86c8a0ff20bf0e41d3a35380000003ca14c8d5d0a0c7000083090005b473a1d04020000ffffffff
516,2979,49201,-0.205946938,2.078447004,0.494014079,0.355604730,1.852908063,-1.675574526,2.252403784,2b2bf8374980fedc7b02d87e1968b00100000000e419010000000000ffffffff77439b51ad7d302a,1c60771c00093c3e1032162d0000003c106f6e70081ca00003309000504b33240d010000ffffffff
517,2980,49202,-0.258816408,2.082643226,-0.687227698,0.286037457,1.914249786,-1.760618819,1.215479569,2f267b38573f59dd18fa5b3b1968000000000000fe01000000000000ffffffff32536a5bc248b231,8d59f22353044043cb33332c0000003c098b1b78083070000a0c9000b228160707000000ffffffff
518,2981,49203,-0.035115570,2.084821418,-0.502005918,0.334349214,1.877701010,-1.714650851,1.284488546,463bbf38864967d63f8e3c3a1f74100210000000cc240f0000000000ffffffffd83fb44e8e7f3822,1b5e7d1fda064647a932972c0000003c047f6f67081cc0000a0c9000962821110e000000ffffffff
519,2982,49204,-0.269050545,2.084180773,-1.839268804,0.498426880,1.942117827,-1.250210968,0.977851017,3825ab38000079ddd200d8371968000000000000ff00000000000000fffffffffa533f4b1065f54e,936d58276320013db92ebb320000003cb6364f6d032430010a506001e313050201010000ffffffff
520,2983,49205,-0.109862062,2.093309959,-0.493409127,0.071742081,2.062366823,-1.817883397,1.337224601,3a34c839ff493edbeababf5f1b88a00121640000cc280a0000000000ffffffffd83f3d4dab6b382c,594502362d014c2d7d357c2c0000003cfd695a3e0830300007289000b02b150c03000000ffffffff
521,2984,49206,-0.163063003,2.056056474,0.828933708,0.104474747,2.383105556,-0.779163633,1.662682955,362f3d35b39226dceafde73f1a6c2002190000008578010100000000ffffffffa54f2d4520658f57,6f481f5d493a8234aa359f370000003cb6a1653e031030010d50f0009267050100000000ffffffff
522,2985,49207,-0.112140919,2.092605250,-0.517920640,0.170934488,2.340758946,-0.758204514,0.446596331,0334b239a64845dbc6963e4e1b88a00121640000c62b0e0000000000ffffffffec42cb4f047fec27,b34ef557703b523d1435b6370000003c64aa4d76031030010d50f0008e670a0100000000ffffffff
523,2986,49208,-0.274022596,2.083668257,-0.703426611,0.318811556,2.248794410,-0.744563324,0.616774843,c0249b38733e70dd79f90b381968000000000000ff00000000000000ffffffffd83fec50757a9824,a45cbe4c303c37511934a3370000003c9b465f6703103001143460019842230100000000ffffffff
524,2987,49209,-0.221277427,2.080529099,-1.839268804,0.272571487,2.281883705,-0.770424746,1.194511635,b9293938000023ddad02a87d1968b00100000000fa04000000000000ffffffffd83fad528e7b6824,4858c750c43a254c73347d370000003c814f6973031030010d50f0009757100000000000ffffffff
525,2988,49210,-0.227989695,2.081329904,-1.839268804,0.378351861,2.180341532,-0.981650044,1.054970768,17295238000035dd6002487f1968b00100000000fd02000000000000ffffffff7941284e877f4425,41626544272fbf386433ae350000003cd55a7d76034c400014589000e412080000000000ffffffff
526,2989,49211,-0.276757223,2.084148741,-0.776179623,0.396748448,2.210932312,-0.869394420,0.691645112,7e24aa38733a79dd17016c331968000000000000ff00000000000000ffffffffeb46eb4fd87da630,fd63204853355235853382360000003cee4ef67a034c40001458d000e40e0c0000000000ffffffff
527,2990,49212,-0.278580309,2.082643226,-0.614474686,0.487529802,1.931995642,-1.117706703,0.928903579,52247b3857435bdd5a124f2e1968000000000000fe01000000000000ffffffffd83ffc55354f4020,8c6c1c26ac27c0377a2d27340000003ce20e9f14034c400116244000bf270d0802010000ffffffff
528,2991,49213,-0.035447040,2.091388025,-1.839268804,0.630227651,2.330828954,-0.777884772,1.275535502,3e3b8c3900001ed80601683a1f8420021d000000817c010000000000ffffffff0052a058154c5032,007abf565b3ae436923b50380000003cb2a4eb330300000000000000ff00000000000000ffffffff
529,2992,49214,-0.036400017,2.087832447,-0.507902891,0.418294000,2.206864219,-0.680407103,0.500672462,273b1d3933495dd744828f291f84d00122000000c833030000000000ffffffff645dfe40e94f1043,0566a147b73fbb38ad320c380000003c5a060e75040c300114346001786c180201000000ffffffff
530,2993,49215,-0.043070851,2.090395026,-0.451704031,0.666316451,2.286624475,-0.805735534,0.816746378,863a6d394a4c38d83f4adf12217c20021d0000009c60030000000000fffffffffa548c5a214a0a32,677d5b51d33800c4683b6f380000003c20287f190300000000000000ff00000000000000ffffffff
531,2994,49216,-0.035819944,2.086038642,-0.492627600,0.418915506,2.204686027,-0.699021643,0.513283579,353be5380a4acfd64512ae341f84d00122400000ca22130000000000ffffffff6a4b3150b351e828,14665d47b13e8034bc32dc370000003c421a9d380310300114346001766b1b0201000000ffffffff
532,2995,49217,-0.038347403,2.092989637,-0.555078672,0.301119343,2.289955827,-0.843035663,0.486777753,f83abe399b4677d8cc6daa3d217c20021d000000b9380e0000000000ffffffffaa4b1a58594eb81b,f95ac351c636ef452334e9360000003c4c3e297f031030011434f000ba271d0000000000ffffffff
533,2996,49218,-0.036441450,2.090010639,-0.551952566,0.395339700,2.224802269,-0.718346662,0.481965497,263b6139c746ffd7083d2d271f8420021d000000a35b000000000000ffffffff6c5e5d46de4f1840,db63d149a13d37461433b9370000003ceeae6b7803103001143460017271190201000000ffffffff
534,2997,49219,-0.041910706,2.090491123,-0.449998882,0.648665672,2.304850815,-0.778453155,0.794183870,a23a7039624c37d849eaaf1b217c20021d0000009964030000000000ffffffff5c47734ff77c6832,bd7b9453533ae63c7e3b5d380000003c0ab82c240300000000000000ff00000000000000ffffffff
535,2998,49220,-0.270915064,2.081938517,-0.597494247,0.298716186,2.286432282,-0.826623606,0.647145829,0b25653846444eddc87eff2a1968b00100000000fe01000000000000ffffffff3f4af7536e4fd422,bf5a5551ad37014d2b34fd360000003c1ee5b83c031030011434f000b82b1c0000000000ffffffff
536,2999,49221,-0.037021523,2.091067703,-0.569004053,0.305179851,2.277174967,-0.860939724,0.486789616,183b8239d74524d864f9793b217c20021d0000008b72020000000000ffffffff0c0760547f6df4dc,5b5b3450ca359b511b34ce360000003c0e63ea770310300114340000be231e0000000000ffffffff
537,3000,49222,-0.153574673,2.108365108,1.945308786,0.614897162,2.281851673,-0.905770926,2.957921918,1b309e3b14d045dc2a4e23871a6c900122000000df1e010100000000ffffffff8c0bc951066c47b6,8e78c650533320e9193bc4380000003cdde4db660300000000000000ff00000000000000ffffffff
538,3001,49223,-0.147359610,2.109710461,1.934935798,0.673111587,2.272882648,-0.848648444,2.906568316,b130c83b82cf2cdcd036c1d21a6c200219000000a557010100000000ffffffff4f164f54ac3fcd4b,0b7eae4f7736e4cd503b8b380000003c6fcc0f5b0300000000000000ff00000000000000ffffffff
539,3002,49224,-0.001015591,2.071143655,-0.747973621,0.559624534,2.006566676,-0.691916857,0.567124234,7d3e1437003c00008a2650201d40f0011e341002b52e1c0000000000ffffffffee32633cac73b75f,5873342f153fbb4d542f14380000003cacb9cf65130c4000145850017a3e370f01000000ffffffff
540,3003,49225,-0.180755216,2.101221920,1.787866720,0.187963761,2.264650364,-1.349606929,3.163289971,8b2dbf3a6cc7aedcaa7143061a64b001220000008f6b050000000000ffffffffa7133651043dad38,4e50ad4eec1a2cd8153a69300000003c30b02e580324a00008107000f805010000000000ffffffff
541,3004,49226,-0.000766988,2.064769241,-0.747973621,0.367496217,2.177554727,-1.064562901,0.498565067,833e4d36003c00009b12105d1074e0011f5cd00078750c0501000000ffffffff1a191365de3d6f58,3b610e44982a682121333d350000003c4c566c3a034c400009506001ee0a060000000000ffffffff
542,3005,49227,-0.002714375,2.069670172,-0.747973621,0.175533635,2.267277007,-1.364029645,0.671078117,543ee636003c00006a3e112f1074f0010d7800008476050000000000ffffffff271d0869e33dff5d,224fff4e211a34d3073a76300000003c3d4c4b670324a00008107000f706020100000000ffffffff
543,3006,49228,-0.003170146,2.070310817,-0.747973621,0.456620222,2.053557960,-1.022076278,0.535555886,493efa36003c00004106b2321074f0010d7800008378030000000000ffffffff2115ca5b633e3d48,a269ef34ee2c7761173152350000003c871ade68034c400014589000dc17060403000000ffffffff
544,3007,49229,-0.001719965,2.069381882,-0.747973621,0.340812880,2.193442714,-1.051987429,0.474493661,6c3edd36003c00009b1a00241d40f0011e340000886c0b0000000000ffffffffe3028158a66db5af,b75efe45492bb42f963360350000003ca3723c7a034c400009506001ed0b060000000000ffffffff
545,3008,49230,-0.161074182,2.108621366,1.950708423,0.465528479,1.979563505,-1.037706808,3.056127030,662fa63b60d047dc507fc0df1a6c900122000000e21c010100000000ffffffffaf04ab5a966d4989,796ae92b122c6b58403004350000003cfe61af5e034c400116109000a934120d03010000ffffffff
546,3009,49231,-0.163394473,2.108941688,1.948363844,0.443858626,1.930810449,-1.057529162,3.071787725,2e2fb03b3fd045dc926234fa1a6c900122000000e01e010000000000ffffffff6d56ea4cc851d429,6e68f725fb2af822e42d93340000003c081ffd13034c400116109000b52c100a02010000ffffffff
547,3010,49232,-0.040129054,2.092637282,-0.483391378,0.443610023,1.968672547,-1.054332008,0.758514307,cd3ab3398c4a7bd8df019c3a217c20021d000000b43b100000000000ffffffffaa1031421e2dff52,6868952a282bc14a5b2fba340000003c20e24f60034c400116109000b42d100b02010000ffffffff
548,3011,49233,-0.020530889,2.088152770,-0.482680899,0.464202599,2.004708807,-1.007724610,0.719444471,a63c2739964ae84936b6a0170d90e001101000008b3f260906000000ffffffffc739527d6e36ae3a,596afa2eb82d7355783067350000003cc8816f63034c400116109000a9360f0c04000000ffffffff
549,3012,49234,0.012698982,2.101926629,-0.747973621,0.104847651,2.231112618,-1.373550059,0.645388469,c83fd53a003c0000d349d83f1034d00100000000eb13000000000000ffffffffa90e8c46b72d600a,7848964a9b19a0dbdc3923310000003cf020497803289000081c4000ea09090400000000ffffffff
550,3013,49235,-0.021069528,2.088761382,-0.664918669,0.143961114,2.283197026,-1.332910681,0.715020042,993c3a399140123df36c26610d90e001101000006a53390603000000ffffffff955133453966ef5e,284cf050d71bc8e8dd3949300000003c2891647c0324a00008107000f805010000000000ffffffff
551,3014,49236,-0.114958414,2.093758410,-0.507476604,0.155728301,2.281947769,-1.306551924,0.864411881,bf33d639394976db8f0a7e4c1b68200221640000cb1b190000000000ffffffffd83fb3500e7f8c23,444dc9504a1db0f5d83907300000003cff4d763d0324a00008107000f805010000000000ffffffff
552,3015,49237,-0.260722361,2.083764354,-1.839268804,0.223389621,2.290308182,-1.085664116,0.919208784,01269e38000071dd3609a83c1968000000000000ff00000000000000ffffffffab1c8f4de8731b55,a553ce516f295633a83457350000003ca845e93e0310900013280000f905010000000000ffffffff
553,3016,49238,-0.228942671,2.099684373,1.890246691,0.630227651,2.330828954,-0.777884772,2.812565904,00298f3a0dcdb5dc61b9a0141a64b001220000009964020000000000ffffffffd83f0553887c7423,007abf565b3a1807a13a44380000003caba6eb330300000000000000ff00000000000000ffffffff
554,3017,49239,-0.233873288,2.082002581,-1.839268804,0.168075559,2.295080984,-1.323958650,0.687393509,89286738000046dd15fee77f1968b00100000000fe01000000000000ffffffffd83fae3a73668f60,6e4e6352551cb8e7ed390a300000003c9fb5a57e0324a00008107000f805010000000000ffffffff
555,3018,49240,-0.125938359,2.092156799,1.002006303,0.011663138,2.318848900,-0.955007095,1.974898712,b632a439379c86dbf9e507401b68200221640000be360a0000000000ffffffffd83f8c3a5e65935f,af3f49559e30643a243699360000003c8b55173f0310f0000d241001ea15000000000000ffffffff
556,3019,49241,-0.122375056,2.091099735,-1.159695990,-0.085499015,2.056184603,-1.771418094,0.613826394,0c3383395d2553db12ee17001b68200221640000c1221a0200000000ffffffffda2c1545d5664548,86364135bb03874ea0366a2d0000003c6ab6f47c08303000072890009529241607000000ffffffff
557,3020,49242,-0.140025835,2.091388025,1.827795620,-0.003211580,2.219516950,-1.441756008,3.274920305,62318c399ec992db2729224b1b68200219840000cb22130000000000ffffffff5b2417494a75475d,483e2c49db15464116363b330000003cd641793f0320a000091c0000f207040200000000ffffffff
558,3021,49243,-0.221194559,2.101253952,1.869145476,0.224756935,1.975655573,-1.795005985,3.693325550,bb29c03ae4cbcbdc6cf1e0171968b00122000000ab51020000000000ffffffffa735033ff366874d,c6536f2b6f02114969348a2b0000003c70babd740830700003289000be24100806000000ffffffff
559,3022,49244,-0.134100809,2.092092734,1.763639399,0.218541872,1.984496469,-1.791666735,3.574372046,f131a23917c69cdb5a35c3461b68200221640000c62f0a0000000000ffffffff8e309d3a1d71cb5f,3053832c9e02a82f7734cf2b0000003cb38adb7b0830700003289000be23100806000000ffffffff
560,3023,49245,-0.171432621,2.099492180,1.805415543,0.325358089,1.870173435,-1.794934937,3.641690771,6c2e893a63c885dc7db123051a64b00122000000bf2a160000000000ffffffffef2cd642fb751f59,425d921e7002f13bc03299280000003c4f922f2a083070000a0c9000c1290e0403000000ffffffff
561,3024,49246,-0.200436249,2.102375080,1.824385322,0.441331167,2.249050668,-0.774900762,2.681355495,b02be33a6ec9d6dc96e592071968b00100000000ab4d070000000000ffffffff1b28b3451b77eb4c,3168c64c853a50f9623ae0380000003cc7f514360310300114346001f506040000000000ffffffff
562,3025,49247,-0.220738788,2.102951661,1.849607314,0.531408148,2.080785357,-0.733053570,2.690047137,c629f53ad1caeadc83cd40121968b00100000000d822050000000000ffffffffcc148a4c713d8b3d,af704138d23c454ec13bf6380000003c10b09f27034c40001458d0009b302c0700000000ffffffff
563,3026,49248,-0.017547659,2.109165913,-0.419732492,0.469340384,2.191841103,-0.727796028,0.582063824,ee3cb73b0c4e31d2c92ad0191d40e0011f5cd0008c5f0b0800000000ffffffff3a188461cb3e1358,d56acc451c3d5001373ac4380000003c6652b9380310300114346001aa2b270300000000ffffffff
564,3027,49249,-0.002341471,2.070855365,-0.747973621,0.503108894,1.822637604,-1.282466698,0.776385843,5d3e0b37003c000063f6202c1d40f0010d7800008a690c0000000000ffffffff02193d5bee3f8354,046ec6189d1eb447322bf9310000003c7892ef550324a00013506001d022060501010000ffffffff
565,3028,49250,-0.001761398,2.072360880,-0.427121470,0.489850093,1.949997756,-1.282964033,0.994545667,6b3e3a37a44de1d36c9690281d40f0010d781002b1321c0000000000ffffffff67166260a93deb4f,c46c4e28961ef4d0d33931320000003c048f0d360324a00013504000e318030100000000ffffffff
566,3029,49251,-0.002258603,2.068581076,-0.747973621,0.505884955,1.906273760,-1.286445378,0.757961328,5f3ec436003c0000a45e90271074f0011e3400008674050000000000ffffffffa7133651043d3538,476ef922651ef8be503aa8320000003c07404f1e0324a00013506001de1c040000000000ffffffff
567,3030,49252,-0.018127731,2.109197946,-0.747973621,0.495526517,1.863062280,-1.340441754,0.821852749,e03cb83b003c0000df12105d1074e0011f5cd00078750c0501000000ffffffff395e6c45716a4761,4d6db41d6d1b20d6313a83330000003c4d7cef550324a00013207000cc23100000000000ffffffff
568,3031,49253,-0.122623659,2.098339019,-0.449998882,0.530289437,1.909925435,-1.338736606,1.118771617,0633653a624c14dc7ae64c471b682002190000009a62020100000000ffffffff8359b44d84781819,94706b23851b98d6153ad8320000003c64886e5f0324a000084c7000d71f090000000000ffffffff
569,3032,49254,-0.108287580,1.980460408,-0.471668480,0.481356173,1.960280102,-1.312804136,1.027422109,6034052c314b00dd914fae321968b00100000000f707010000000000ffffffff7948f54e3c7c002e,f76b8f29f21c301f962fea310000003cee92fc790324a00013504000e119050000000000ffffffff
570,3033,49255,-0.266150182,2.081297872,-0.586552876,0.493247661,1.844195296,-1.345770344,1.099688083,7e255138e04441ddc94a9f2c1968b00100000000fd02000000000000ffffffff0f59434c94784f67,166d671b221be546f12c38310000003c10e2cf630324a00013204001c825110100000000ffffffff
571,3034,49256,-0.108577616,1.977513443,-0.473728868,0.520179601,1.797204012,-1.574828656,1.280729429,5934a92b144b01dd74ff2c0a1968b00100000000f607010000000000ffffffff66459950db7b282d,a06fac158a0ea5a9183a00380000003cb315ce330a0c70000824c000665f231104010000ffffffff
572,3035,49257,-0.244811799,2.081233808,-0.640407156,0.483220692,1.784230959,-1.561684801,1.211195484,81274f38ea413addbcae8c791968b00100000000fd02000000000000ffffffff96153b55b43dcb49,246c1714430f5f64463a00380000003c9b78ec360a0c70000824c000695e221105010000ffffffff
573,3036,49258,-0.001139892,2.067043529,-0.747973621,0.479698823,1.701972189,-1.594224723,1.039530606,7a3e9436003c0000a61ad0201d40f0011e5cd0008371090300000000ffffffff7b133b5b233d0b5a,cf6b0f0a790db8cb443a52380000003c41d8af5b0a0c7000083090006446341804030000ffffffff
574,3037,49259,-0.001761398,2.066755239,-0.747973621,0.444563000,1.752551082,-1.635716675,1.042121610,6b3e8b36003c0000c5d6e01f1074f0011e5cd0008c6c040200000000ffffffffdd139155a83c9844,7f683a10310b0f580d308d2c0000003c4e93ac6c0a1c3000083090004e41382e08020000ffffffff
575,3038,49260,-0.001264193,2.064641112,-0.747973621,0.473815230,1.793776564,-1.541151969,0.963431343,773e4936003c0000b50ad01e1074e0011f5cd000866a0b0301000000ffffffff78216d45716ae754,416b41156410e441472fdd2e0000003ca98e7f690a0c70000824c0006d5f1b1008010000ffffffff
576,3039,49261,-0.158339555,2.093790442,1.878097507,0.475845484,1.665935928,-1.519837610,3.482989119,a82fd73962cc14dc201943471b682002190000009a62020100000000ffffffff41340f3f98684f54,726baa0590112230912c302e0000003ce6226f180a0c90000720c0007460140c0a010000ffffffff
577,3040,49262,-0.140730209,2.093566217,1.775859631,0.455252908,1.679005079,-1.665201538,3.516810883,5131d039c3c6e5db54a963451b68200219840000b546030000000000ffffffff83724355f76de016,816942079209af679c2e6b2a0000003cf9fadd5b081ca0000c0c90005f432a2013010000ffffffff
578,3041,49263,-0.328093645,2.055672087,-0.397423463,0.455335776,1.713375663,-1.635503531,1.504583249,a71f3135464f4ddc1d51ad221a6c900122000000e419010100000000ffffffff83724355f76d281b,8369730b340b535c282f292c0000003c115f4e640a1c3000083090004e43342f0a020000ffffffff
579,3042,49264,-0.117403006,2.102823532,-0.397423463,0.382578104,1.771642292,-1.775254679,1.502691246,8433f13a464f4ddc6153ad221a6c900122000000e419010100000000ffffffffe148473f4a656b57,a7628e1285032ac9ce395b2d0000003c362c5e65083070000a0c9000b1241e0903000000ffffffff
580,3043,49265,-0.117195837,2.091868509,-0.577600845,0.401596197,1.766068684,-1.692483918,1.272106508,89339b395e454fdbba9e4d091b88a00121640000c028160100000000ffffffffd1108944832deb3f,7264e0111208c8bb163a7a2c0000003c0ff81f22081ca0000c0c90006745271713010000ffffffff
581,3044,49266,-0.020779491,2.088569189,-0.568648814,0.391196324,1.827314310,-1.703425289,1.235190606,a03c3439dc456a442cc670120d90e00110100000784c310703000000ffffffffb437ca7c53378539,7763581978076f68103aaf280000003c2cddc73a081cc0000a0c9000823d1d180a000000ffffffff
582,3045,49267,0.012864717,2.102919628,-0.751810206,0.443941493,2.073770298,-1.636285058,0.984364076,cc3ff43aca3bada8c0c5b73f1034d00100000000f30b010000000000ffffffffdd139155a83c3844,70686637290b3cdd553b192f0000003cd83c5e63080c70000a3090006b601a1802010000ffffffff
583,3046,49268,-0.018624936,2.109262010,-0.747973621,0.550509109,1.987315305,-0.760122806,0.582178806,d43cba3b003c0000dd0ad01e1074e0011f5cd000866a0b0301000000ffffffff8f15c74eca3c102f,7c72db2c553bc63ff62e82370000003cfd217e34130c4000145850018045271102000000ffffffff
584,3047,49269,-0.018003430,2.108525269,-0.747973621,0.542636695,2.055640055,-0.666410674,0.569005018,e33ca33b003c0000db4a105c1d40e0011f5cd0007672120401000000ffffffff1715a8517c3cc428,be7130357c40f7536a301d380000003caa0d3f6d044c30001458d0005a4d4d0b00000000ffffffff
585,3048,49270,-0.018376334,2.108493237,-0.747973621,0.203335684,2.299245174,-1.311098987,0.634549208,da3ca23b003c0000ce8ec0591074e0011f5cd0007c6b140201000000ffffffff55155d4cc63be75f,c151e5520a1dc9ab053a872f0000003c3dfe0c370324a00008107000f805010000000000ffffffff
586,3049,49271,-0.018293466,2.106635367,-0.747973621,-0.011042559,2.439834638,0.250106764,1.052254145,dc3c683b003c0000a71201271d40e001177cd00066573e0201000000ffffffff943c437db3342d3b,8b3d0a64e07288352e36543b0000003c7f0e3a7e0d40400000000000aa3b1a0000000000ffffffff
587,3050,49272,0.012450379,2.100068760,-0.747973621,-0.009799547,2.433620385,0.204849275,1.009763942,c23f9b3a003c00005adaa37a1034d00100000000d629000000000000ffffffff9436e37b2738bf3b,a93d48636370a93a2f362f3b0000003c19ca867f0d40400000000000ab3b1a0000000000ffffffff
588,3051,49273,0.012947584,2.103816531,-0.747973621,-0.010628222,2.433556320,0.225666299,1.028230928,ce3f103b003c0000a87d063f1034d00100000000f607020000000000ffffffff4215c32ffe27f046,953d46638871703531363f3b0000003ca5aa387e0d40400000000000aa3b1a0000000000ffffffff
589,3052,49274,-0.018500635,2.084693289,-0.747973621,-0.157842350,2.384258716,-0.104493122,0.723341352,d73cbb38003c0000d85900170434300011084002c53a000000000000ffffffff0a140948fa3b0b5c,b42f435d615f035062374c3a0000003c7885012f043400010338f0008876010000000000ffffffff
590,3053,49275,-0.017796261,2.106283013,-0.747973621,-0.077046529,2.413600240,-0.168933534,0.658211132,e83c5d3b003c0000ed42611d1d40e0011f5c30026e4c400202000000ffffffff723b787d6035ca3f,5237d760d65b7c3da2360d3a0000003c1be6647d04343000103ce000a05a040100000000ffffffff
591,3054,49276,0.012533247,2.100773469,-0.747973621,-0.615395295,1.892756159,-0.486446436,0.711310005,c43fb13a003c0000f57d663f1034d00100000000de21000000000000ffffffffa7105046873b6f49,91045321614ae773f439d9380000003ced20482d0e101001033c20019d520d0201000000ffffffff
592,3055,49277,-0.017961996,2.105225949,-0.747973621,-0.071577274,2.410076695,0.058277533,0.863625786,e43c3c3b003c0000f68ec0181e740001177c3002665e360301000000ffffffffdd1eec335a1c0806,d63769605468b63ba036c63a0000003c71ce277f0d10000103000000ae430e0000000000ffffffff
593,3056,49278,-0.018666370,2.069349850,1.922360326,-0.619911574,1.902461925,-0.491064547,2.492782981,d33cdc36d1ce21554bd9674f0344b0000e08f000b21d1d1102000000ffffffff241dbc2c4d1dc807,24048222204a5f6ae439ca380000003ca4641a340e101001033c2001a34d0c0201000000ffffffff
594,3057,49279,-0.017754827,2.071143655,1.904953599,-0.616804042,1.908355855,-0.500656009,2.484414904,e93c1437dccded545b3d974c032c10010238f000ab2e170a05000000ffffffff8022a50fad208e3c,6f043a2399490764d539bb380000003c7064682b0e101001033c2001b23f0a0301000000ffffffff
595,3058,49280,-0.014978766,2.079055616,1.871632151,-0.076549324,2.406681278,0.043144338,1.858627771,2c3d0b3807cc50545e39724b020c40000b000000a539200000000000fffffffff213b81fcd20f434,5e37ff5f7f67db3fa736ba3a0000003c2aded77f0d10000103000000ae430e0000000000ffffffff
596,3059,49281,-0.016843285,2.078703261,1.911632098,-0.605906965,1.920528103,-0.496251041,2.483931685,ff3c00383ace31547b655150031020000b44e00083322e1b00000000ffffffffed27ea22ed1d9015,7605b624d7499358c939b0380000003c28307f2c0e101001033c2001b13f090402000000ffffffff
597,3060,49282,-0.015848875,2.072264783,1.858275153,0.092251789,2.462513457,-1.042822255,2.929222755,173d37374bcbb7549bc0d4600308b000044400009a53120000000000ffffffff7f2a0820b11d7014,4847ce66ca2bfdac533bd43a0000003c5fa02f28031090000d3c0000fa05000000000000ffffffff
598,3061,49283,-0.015393103,2.072424944,1.839447469,-0.605948399,1.926838453,-0.505203072,2.422258686,223d3c3742cab854ac04455e0308b000044400008d6c060000000000ffffffffe30ccf2ee51f6739,75057b255949ff68be39a2380000003c4789673b0e101001033c2001ba37080402000000ffffffff
599,3062,49284,-0.019163575,2.076557102,1.945948216,0.001843338,2.430385129,-0.982147379,2.949471034,c73cbd371dd03c54d0fd30510b0ce000111020005f5b1e140e040000ffffffff7110d22cdb1ef02e,c23ee362202f8da1a43b9f3a0000003c4800391b0310f0000d000000f906000000000000ffffffff
600,3063,49285,-0.018832105,2.074731265,1.942324775,-0.000394084,2.642534598,-0.850850928,2.850363326,cf3c8437eacf7d54b71d824c0b0c10010e0840006658271205020000ffffffffcb0daa2c3020ca34,8c3ec27c58366193f43a8e390000003c9ba076130310d00000000000ff00000000000000ffffffff
601,3064,49286,-0.018707804,2.077005553,1.941188010,0.005116605,2.566586177,-0.909465415,2.892487119,d23ccb37dacf3854df959055032c40000e442000695a19110a080000ffffffff5e0ff1268d203836,113f7f731f33e99f3f3bee390000003c9aa0870c0310000000000000fe01000000000000ffffffff
602,3065,49287,-0.017754827,2.077838391,1.927902059,0.009218547,2.658422584,-0.871525856,2.859126129,e93ce5371fcf34548491a056032c40000244e000813d281602010000ffffffff111e9730c81cc804,743fb27e3535b9a5df3a9a390000003c24a98d760310d00000000000ff00000000000000ffffffff
603,3066,49288,-0.018252032,2.070278785,1.913550391,-0.637189449,1.945289018,-0.536393084,2.530005731,dd3cf93655ce08555e09184e032c10010e08f000ad251e0b04000000ffffffff10150a2df61d9425,8302bb27a247994bc43970380000003c0d2e53390e101001033c2001cb28060302000000ffffffff
604,3067,49289,-0.018707804,2.073193718,1.935219989,0.003666423,2.320194254,-1.292413399,3.237147997,d23c543786cfad546039e545032c10010e0840006051361404000000ffffffffe8107823b420c036,ee3e7355111e1eb8cf3aef3b0000003cbab8d6770324a00008100000fc02000000000000ffffffff
605,3068,49290,-0.017299056,2.078350907,1.920726225,-0.624800757,1.943719439,-0.533480122,2.531859542,f43cf537bace305481f5e0520310b0000244e000842e2b2100000000ffffffff091f8513d3206a36,ae038a27cb477758bc3979380000003c1969573b0e101001033c2001bf33070402000000ffffffff
606,3069,49291,-0.015434537,2.079055616,1.881791996,-0.621568924,1.880551878,-0.480620511,2.446997238,213d0b3896cc445470adb14e020c40000b0000008553270100000000ffffffff141b7e17d8203635,fc03d61fb34ae193193add380000003ca13c98160e101001033c2001a24d0d0201000000ffffffff
607,3070,49292,-0.015890308,2.078959519,1.893301750,-0.631554459,1.882633973,-0.478773267,2.458521090,163d083838cd3f547295614f030840000b0000006f5d2f0400000000ffffffff8313de25481fb82a,0b031720cd4a91871c3ad4380000003c0ed596160e101001033c2001a44c0c0201000000ffffffff
608,3071,49293,-0.017506225,2.075820361,1.921010416,-0.121007742,2.397840382,-0.042752529,1.992680196,ef3ca637bece7e542cd92153032c20000444e0008f4f130805010000ffffffff6d1fd123331e5015,2d33eb5ec662fb4cf9367a3a0000003c3b8d912e0d100001030000008e6e030000000000ffffffff
609,3072,49294,-0.016594682,2.073642169,1.889962500,-0.648708033,1.959575393,-0.552023614,2.525049445,053d623709cdb754aed8745d032c20001110e000aa2c270101000000ffffffff8528590d39205541,6d017929c646af69c63958380000003c1089c5310e103000113c2001d91b050402000000ffffffff
610,3073,49295,-0.014440127,2.078895455,1.840442139,-0.643031609,1.967935805,-0.579945424,2.503141077,393d063850ca65542519f348020c40000b000000c822150000000000ffffffffbd2d7a1dba1d8013,f6017e2a3d45335eb2393e380000003cc521253c0e103000113c2001db16060403000000ffffffff
611,3074,49296,-0.014937332,2.072456976,1.820761881,-0.131241879,2.397263802,-0.057601532,1.909784107,2d3d3d373bc9bb54b9209658020cb000044400008875020000000000ffffffff1b22283d801bc026,3632d95ef5610b490d376e3a0000003c7d25b3370d100001030000008c70030000000000ffffffff
612,3075,49297,-0.018666370,2.066370852,1.913053056,-0.628529795,1.904319794,-0.485025479,2.479712604,d33c7f364ece4755a816a24a033810010b3c9000cc15130703010000ffffffff7d767a3a52228987,5403bc22754aa763f639bc380000003c6f18492d0e101001033c2001a54c0c0201000000ffffffff
613,3076,49298,0.013610524,1.957012815,-0.442183617,-0.138989991,2.394316837,-0.070177004,0.594062830,de3f2929d04c544f1e91d71113104001037050019739181700000000ffffffff687a6e3d98221fb1,7b317d5e4461813e2137653a0000003c9cad733a0d1000010338f000817b020000000000ffffffff
614,3077,49299,0.012864717,1.959030845,-0.441402091,-0.004040255,2.626902869,-0.986765490,0.862415245,cc3f6829db4c554fc76afe4c1310400103345001c1260d0b00000000ffffffff0e4d2878733a0634,343eda7adf2ed7c1d03a063a0000003c15cd677c0310000000000000fe01000000000000ffffffff
615,3078,49300,0.010212957,2.105642368,-0.747973621,0.074103805,2.450821693,-1.013053200,0.439884064,8c3f493b003c0000316e9c3a1074d0001f000000dc20020000000000ffffffffd27ca33ddf224b57,924561656d2d2da96f3bc83a0000003c6a3cde1e0310f0000d240000f906000000000000ffffffff
616,3079,49301,0.012574681,1.987987982,-0.365665068,0.047627636,2.550570061,-1.047156174,0.884396649,c53ff02c0551d953441a9234131040010354c001e70e050401000000ffffffffe46532132c230239,13438b718d2b2bb2ff3a713a0000003ca0847d730310000000000000fe01000000000000ffffffff
617,3080,49302,-0.009426643,2.081009582,-0.439270655,0.045514515,2.434933706,-0.988683783,0.655847239,b23d4838f94c5c53f2797e0d021030000d0000008f3e320000000000ffffffff8565c612e9215943,e0427163c42e41a18a3bb73a0000003c6b88fb1a0310f0000d000000f906000000000000ffffffff
618,3081,49303,-0.009550944,2.080048615,-0.440407421,-0.004578894,2.564151727,-1.074935889,0.798127134,af3d2a38e94cee53c5f50d4b020c40000d000000a73b1d0000000000ffffffff1470561ebd21cd3f,273e3373062a9dbecf3a733a0000003cc3c017790310000000000000ff00000000000000ffffffff
619,3082,49304,-0.008100763,2.079760325,-0.404101962,-0.026787386,2.070342849,-1.815041482,1.411094684,d23d2138e84ecd53c6599f53020c40001350d0007359320000000000ffffffffe173b234b321f833,0f3cfb3655018b4f2936da2c0000003cfd89663f0830300007289000a02d220d03000000ffffffff
620,3083,49305,-0.005158966,2.078863423,-0.378169492,0.028236640,2.613129009,-0.968079902,0.796586013,193e05385550955343d9cf1c044c3000147020005a49391d03030000ffffffff937204344222b82c,3f412c79e62f31adef3a043a0000003ccfa42d750310000000000000fe01000000000000ffffffff
621,3084,49306,-0.005324701,2.079536099,-0.454545945,-0.103315529,2.273779550,-1.245237617,0.820076851,153e1a38224cc94f709d9f1d040c3001147020007936331505030000ffffffff217c1651412220f3,d834ca4fa92016c8773add3b0000003c9ac4e272032440000a20f000fb03010000000000ffffffff
622,3085,49307,0.009674318,2.005797903,-0.372840902,0.008721341,2.076012554,-1.826053901,1.454908597,7f3f1c2fa050ea53d2d833b21310400103546001ca26080600000000ffffffff35773b39e0219016,683fac37ba00d93dec35a32c0000003c4796977f0830300007289000aa2f190b02000000ffffffff
623,3086,49308,-0.003998821,2.078158714,-0.374261860,0.028236640,2.078511068,-1.834863836,1.460957694,353eef378c50a253d1b5284013103000147020008f351d1c01000000ffffffff787e514cf022cf68,3f41fa373e007f3ac7354c2c0000003cba9a597d0830300007280000ae2d180a02000000ffffffff
624,3087,49309,0.010254390,2.000480553,-0.368009648,-0.566834935,2.369075439,-0.757280891,0.787671493,8d3f762ee4509b53267762241310400103546001df17050301000000ffffffff826f713c302cb429,2509695b7d3be0d9332e9f3a0000003c2c60d6210300000000000000ff00000000000000ffffffff
625,3088,49310,-0.005034665,2.087063674,-0.474652491,-0.193682547,2.002786873,-1.791879879,1.333333639,1c3e0539074bd64af8157f150d60400017403001ae26161204000000ffffffffff7fb24503232770,532cbe2e9b02c82f6e37ac2b0000003cc44e53750830700003289000bf23100805000000ffffffff
626,3089,49311,0.011083065,1.994554590,-0.365949260,-0.133562170,2.035940233,-1.816249296,1.458082717,a13fbd2d0151be5386e61222131040010354d000e810040201000000ffffffffa7036556096e50e9,fe31c9324401c756f336ff2b0000003c1b76b3390830300007289000ba280d0c04000000ffffffff
627,3090,49312,-0.160245507,2.108204947,1.949642705,-0.512681019,2.389351841,-0.761543763,2.748415258,7a2f993b51d04edc889223861a6c900122000000e816010100000000ffffffff200a2b57136ed01d,400ee25d413b29893032b93a0000003c1011db290300000000000000ff00000000000000ffffffff
628,3091,49313,-0.155439192,2.107500237,1.938701334,-0.551753049,2.469208194,-0.808151162,2.798766863,ee2f833bb7cf4edc508ceb981a6c900122000000e915010100000000ffffffff2c0d4355f76de0ea,910a9f67b138b5b7ca30863a0000003ca42cc5740300000000000000ff00000000000000ffffffff
629,3092,49314,-0.152000190,2.107436173,1.930672926,-0.571889853,2.457420333,-0.791525962,2.776537956,4130813b46cf4ddcfbb0b2a21a6c900122000000e419010100000000ffffffff55071c58756e4817,ab082f669b39dcc17a30823a0000003cafa8216f0300000000000000ff00000000000000ffffffff
630,3093,49315,-0.161944291,2.107500237,1.944953546,-0.565840525,2.438393187,-0.753799546,2.748798022,512f833b0fd055dc7598ec901a6c900122000000ed11010000000000ffffffffd83f8678bd30c539,3d09dd63ae3b28e8b22f6a3a0000003c82c0551e0300000000000000ff00000000000000ffffffff
631,3094,49316,0.012326078,2.096417085,-1.839268804,-0.583615605,2.443486312,-0.765664539,1.276021024,bf3f293a0000e7c368fe477f10344000000000009c63010000000000ffffffff3545a878c430f638,90077c64073bbcdd2330773a0000003cf7ecb0280300000000000000ff00000000000000ffffffff
632,3095,49317,0.011870307,2.096385053,-0.681614917,-0.525566916,2.458509428,-0.766943401,0.653646527,b43f283aa63f1cc067c6477f10344000000000009d62010000000000ffffffff430fa958456d4183,090d5166f53af99e8b317c3a0000003ccebc3e270300000000000000ff00000000000000ffffffff
633,3096,49318,-0.164761786,2.110319074,1.925273288,-0.536671162,2.484135214,-0.767156544,2.743580415,0d2fdb3bface40dc801dcabe1a6c900122000000d22b010100000000ffffffff150fb355f86ef73e,fd0b7169f23ae9a526315f3a0000003cbfdc4e300300000000000000ff00000000000000ffffffff
634,3097,49319,-0.131283313,2.065217692,1.925699575,-0.568492285,2.474717738,-0.753373259,2.745227354,35325b3600cf5edc1dd5f02c1a6c900122000000ed0f020100000000ffffffff9419bd587d707230,fd084b68b43ba0e26e30563a0000003c3e4591270300000000000000ff00000000000000ffffffff
635,3098,49320,-0.139114293,2.067427916,1.898275100,-0.535718186,2.472571578,-0.803533051,2.760652698,7831a0367ecd79dc043aaa3e1a6c900122000000ef0a050000000000ffffffff0a14b557d76e2a30,140c0868f2382da61031853a0000003cab40db770300000000000000ff00000000000000ffffffff
636,3099,49321,-0.134515146,2.064673144,1.912768864,-0.565094717,2.480899958,-0.771632560,2.750391705,e7314a364ace5cdced11c73f1a6c900122000000e814020100000000ffffffff4f445851bc7cd82c,4f090c69b33a24ca9f305f3a0000003ce6c071720300000000000000ff00000000000000ffffffff
637,3100,49322,-0.251192597,2.081938517,-0.627405397,-0.541394610,2.443486312,-0.753728498,0.480511750,e7266538a1424add76923c7a1968b00100000000fe01000000000000ffffffff0311625602706636,8b0b7c64af3b318fcf31703a0000003ceb008b1d0300000000000000ff00000000000000ffffffff
638,3101,49323,-0.133479302,2.066915400,1.920655177,-0.001057024,2.663964160,-0.877849116,2.864546938,00329036b9ce71dcb34521711a6c900122000000f00c030000000000ffffffff08094459a86cb182,7c3e5f7fdc34edb5d63a9b390000003c8651c97e0310000000000000ff00000000000000ffffffff
639,3102,49324,-0.156640771,2.109678429,1.941543249,0.121504020,2.315709741,-1.249713633,3.209974129,d12fc73bdfcf35dc53ce65f81a6c200219000000c737010100000000ffffffff2c0d4355f76dff6d,0a4ae7546a20f5a9273be13b0000003cadac8c76032440000a200000fc02010000000000ffffffff
640,3103,49325,-0.175658864,2.110222977,1.930672926,0.013361922,2.649677785,-0.861366011,2.849951188,062ed83b46cf4ddcb1b2b2a21a6c900122000000e419010100000000fffffffff3504058744d6029,d83fa17dc435c9a1e83a98390000003cfffcce2b0310d00000000000ff00000000000000ffffffff
641,3104,49326,-0.036731487,2.089049672,-0.513302528,0.074393842,2.320066125,-1.272164758,0.800992711,1f3b4339e748c0d7f119bf291f84d00122000000b14d010000000000ffffffff0b0c035a816df189,99456f552e1f3db5033bed3b0000003cd7dce979032440000a200000fc02000000000000ffffffff
642,3105,49327,-0.166004799,2.109742494,1.933656936,0.151253455,2.301839785,-1.175823855,3.131521189,ef2ec93b70cf44dc1911fcba1a6c900122000000db22010100000000ffffffffd83f3658e24e38e4,d84c36537a24b5a1533bd33b0000003c876cbe72031090000a000000fb03010000000000ffffffff
643,3106,49328,-0.035115570,2.091003638,-1.839268804,0.009259980,2.643271339,-0.851348263,1.132676387,463b8039000013d85efc371b1f8420021d000000916c010000000000ffffffff540e9b56ab6b3186,753fd97c51365196f03a94390000003ce4509c1b0310d00000000000ff00000000000000ffffffff
644,3107,49329,-0.150674310,2.110607364,1.927688915,-0.099172154,2.295401306,-1.015681971,2.949615813,6130e43b1ccf24dca29674f71a6c2002190000009865010100000000ffffffff9a0ce350206d4f5f,3c356d52482d28e9f6394b3b0000003c9c20222e0310f0000944d000ed12000000000000ffffffff
645,3108,49330,-0.196210006,2.094014668,1.932164931,-0.052890651,2.484135214,-1.131774180,3.091998925,162cde395bcf3fdc5a4d120a1a6c900122000000ca30030200000000ffffffff9a0ce350206d28d2,99397169e626f8c6ab3ae73a0000003c6ff4f270031090000f000000fe01000000000000ffffffff
646,3109,49331,-0.147815381,2.108461204,1.932164931,0.001470435,2.502810004,-0.957493771,2.920261057,a630a13b5bcf3fdc274e128a1a6c900122000000ca30030200000000ffffffff5750a374443d243a,b93eb86b7b300cd6343a413a0000003c4d2828120310f0000d000000fb04000000000000ffffffff
647,3110,49332,0.009757185,2.108108850,-0.510460614,-0.126891335,2.304786750,-1.076569990,0.614682715,813f963b0f49bed22bd67c791074f0010d0000008b72010100000000ffffffffd553e6734b3c0433,9f329253ef29f0d71d3a733b0000003c69a0e02b031090000f44a000f906000000000000ffffffff
648,3111,49333,0.009384282,2.107147883,-0.747973621,-0.026455916,2.574498138,-0.918488494,0.498774601,783f783b003c0000f0615c3a1074d0001f000000a45a010000000000ffffffffc8539c30063d843b,173c7674a032e8d6813af5390000003cc02cd3120310000000000000fe01000000000000ffffffff
649,3112,49334,-0.010586788,2.105065788,-0.501437535,-0.010711089,2.645737821,-0.855113799,0.646075199,963d373b8e4939d1c31eed091d40f00117000000b53e080400000000fffffffff47223264521f843,933d267d1c3680dfbc3a92390000003ce3a8e2170310d00000000000ff00000000000000ffffffff
650,3113,49335,-0.007147786,2.079279842,-0.389110863,-0.016180345,2.652624750,-0.862858016,0.743802620,e93d1238bb4fd55379b9ef58030840001350c0016d513f0201000000fffffffffb64f342b33ca63a,0f3dfd7daf35c4d8c33a96390000003cfea480240310d00000000000ff00000000000000ffffffff
651,3114,49336,-0.008266498,2.107211947,-0.444599244,-0.114502643,2.274804582,-1.001827637,0.591503923,ce3d7a3bae4c8cd1b6ce4e111d4070011f780002944f160500000000ffffffff5a581871143d4639,ca33ea4f0b2eb8f2de39663b0000003ce02463380310f0000944d000ee10000000000000ffffffff
652,3115,49337,0.008845643,2.107788528,-0.747973621,-0.613489342,2.368594955,-0.785771085,0.675832431,6b3f8c3b003c00000bce7c391074f0010d000000906d010100000000ffffffff150fb355f86eac3e,bf045a5bec39b6cf5b2fbb3a0000003cbb40e0230300000000000000ff00000000000000ffffffff
653,3116,49338,-0.223100512,2.095071732,1.925699575,-0.604042446,2.387942423,-0.813266608,2.780795884,8d29ff3900cf5edc19d5f02c1a6c900122000000ed0f020100000000ffffffff1c622e26402f8b53,a305b65d6938c5b90630c53a0000003c9e24c1690300000000000000ff00000000000000ffffffff
654,3117,49339,-0.008390799,2.089594220,-0.440549516,-0.596832973,2.362893218,-0.766872353,0.726252799,cb3d5439e74c4c4d158acd490d5c000118100000aa34100e02000000ffffffffd474e430ce207d41,5106a85af63aa4dfd02eaf3a0000003c6458b3200300000000000000ff00000000000000ffffffff
655,3118,49340,-0.005656171,2.077902456,-0.378169492,-0.147359610,2.244341930,-1.053337338,0.709671462,0d3ee7375550015448f58f5d031030011408c001693a34160b080000ffffffffb160fd22df2dd837,b130334c362be0e6ee399e3b0000003cbdd071330310f0000944e000f509000000000000ffffffff
656,3119,49341,-0.008680835,2.088601221,-0.442680952,-0.501162435,2.405528118,-0.781934500,0.676811461,c43d3539c94c684ec0397f120d5c800104400000d6120a0a02000000ffffffff444df376483c5830,560fdb5f223a219fe531c33a0000003cb0d8fe2b0300000000000000ff00000000000000ffffffff
657,3120,49342,0.010130089,2.107308044,-0.518844262,0.422271640,1.959223039,-1.455184054,1.033693394,8a3f7d3b994887d20bf2bc381074d0001f000000a757010000000000ffffffff5a581871143d6c26,65666e291e1516362931fb300000003c44f31c7503289000081cc000b234150302000000ffffffff
658,3121,49343,0.013734826,2.070663171,-0.747973621,0.384401189,1.839550622,-1.652910258,1.004846694,e13f0537003c000080ce7c391074f0010d000000906d010100000000ffffffff7679763c6422998c,d362d61a3f0ad6448b31292d0000003c1ec34d710720a00003309000514439250a010000ffffffff
659,3122,49344,0.012989018,1.965020872,-0.371633089,0.455542944,1.989237239,-1.392306695,1.112751104,cf3f232ab1508a5327712910131040010354c001bb260f0e00000000ffffffff78678561cb3e5c28,8869172d93181e319130ac310000003c36031d760324a000081c3001db170d0000000000ffffffff
660,3123,49345,0.011248800,2.071047558,-0.747973621,0.398157195,1.801912750,-1.679837398,1.044270917,a53f1137003c0000580a2f2c1d40f0010d5c00008a690c0000000000ffffffff197c503d89227763,1f643f16c40834331331832c0000003cf05a9f6c081ca0000c0c9000684a261512010000ffffffff
661,3124,49346,0.012533247,1.982254213,-0.370993658,0.466978661,1.996924975,-1.099802641,0.859010127,c43f3d2cba50fb53af79b22e131040010354c001d917080700000000ffffffffc778153b5922a764,9c6a072ea8280026003066340000003c4be29e2c034c400116244000e012050302020000ffffffff
662,3125,49347,0.013113319,1.970946835,-0.371917280,0.415186468,1.902461925,-1.526445061,1.224453918,d23fdc2aad50c9538f0d8330131040010354c001b827101000000000ffffffffa47bc43e8322218f,ba65822233118f48573109300000003c63873d6e03289000081cc0008654120a09000000ffffffff
663,3126,49348,0.012284644,1.972228124,-0.370851562,0.457531765,2.015087250,-1.168790116,0.914761083,be3f042bbc508853a9954b0e131040010354c001d41a090800000000fffffffff67cad4def22d18d,b8693e30dd24ce39443005340000003c63da7e70034c900014106001eb09060201010000ffffffff
664,3127,49349,0.010544427,1.955379171,-0.722751630,-0.541063140,2.489196306,-0.778097915,0.769606947,943ff628633d49397ba63c211310400103345001a2480c0900000000ffffffff3f4b8379a2390c32,930b0f6a583a99a80231623a0000003cff70cb7a0300000000000000ff00000000000000ffffffff
665,3128,49350,0.010461559,2.104937659,-0.747973621,-0.541394610,2.443486312,-0.753728498,0.647451574,923f333b003c0000e4d98b3b1074d0001f000000ea12030000000000ffffffff877e8840ef22835f,8b0b7c64af3be81d232f5a3a0000003c55008b1d0300000000000000ff00000000000000ffffffff
666,3129,49351,0.011953174,1.990262271,-0.365665068,-0.559128257,2.470969966,-0.747760478,0.838576646,b63f372d0551f65307466128131040010354c001ed0a050201000000ffffffffec77b43b69220999,df09d667033c48f548304e3a0000003c0529361c0300000000000000ff00000000000000ffffffff
667,3130,49352,0.013279054,1.957269072,-0.442041521,-0.546615263,2.497396557,-0.749252483,0.836419704,d63f3129d24c514fb631cc0a1310400103705001a731141200000000fffffffffc7e08421c237cd2,0d0b0f6bee3b65a6ef30473a0000003c48495e330300000000000000ff00000000000000ffffffff
668,3131,49353,0.011870307,1.960344167,-0.747973621,-0.548355481,2.499222395,-0.752378589,0.777342962,b43f9129003c00006472af5a131040010354d000de18050400000000ffffffff3f61a00fda221039,e30a486bc23b55aee330493a0000003c52c59b7b0300000000000000ff00000000000000ffffffff
669,3132,49354,-0.009965282,2.080817389,-0.453480227,-0.536256825,2.478369412,-0.756215173,0.725726427,a53d4238314c8853e835cd07021030000d000000a1332c0000000000ffffffff2f5aed0c52218b3b,070cbd688c3bc99d47315a3a0000003c13b54e260300000000000000ff00000000000000ffffffff
670,3133,49355,-0.010586788,2.079696261,-0.481757277,-0.031510834,2.424779489,0.202788887,0.766892236,963d1f38a34a245496b17c46020c40000d000000ce1d140000000000ffffffff526a731700220f40,9d3b346246709a305d362f3b0000003c5c0e067e0d40400000000000ac3a1a0000000000ffffffff
671,3134,49356,-0.008970871,2.080048615,-0.424705843,-0.224799296,2.286304153,-0.683888448,0.395346530,bd3d2a38c64dd153da89be4d020c40000d0000009347240000000000ffffffff3557c40fe224202d,64295151863f7435b83730380000003c122e6275040cf0000d3810018079040100000000ffffffff
672,3135,49357,-0.010503920,2.082739323,-0.496322089,-0.385272225,2.259365046,-0.341153555,0.442408411,983d7e38d649885255725c07040830000d0000008871040200000000ffffffff7254cd317a3d373a,431a084e5e5274425e3883390000003c030ec12f043430000e3c1001dd120a0401000000ffffffff
673,3136,49358,-0.010545354,2.106250980,-0.498808764,-0.248292234,2.339317496,-0.198702589,0.448226835,973d5c3bb349cdd1a96a9d0a1d40f00117000000c1300b0300000000ffffffff885c7f1fa5312f4a,2d27c857335a4031e737ff390000003c448eb57d043430001038f000a15c010000000000ffffffff
674,3137,49359,-0.009592378,2.090971606,-0.453906515,-0.449701713,2.202475803,-0.378453684,0.460241830,ae3d7f392b4c044cad22be0b0d5c00010460e001a0550a0000000000ffffffff4c08df5a206e518d,3014184751500b4da63849390000003c1906d338043830000d3c1001d80e0c0b02000000ffffffff
675,3138,49360,-0.169568102,2.109037785,1.943461541,-0.271039365,2.330028149,-0.221366858,2.178443287,992eb33bfacf4fdc46498cb91a6c900122000000e816010000000000ffffffff200a2b57136e3993,0825a656f458393b0838f0390000003c0a76457e043430000e40f000ad50020000000000ffffffff
676,3139,49361,-0.174457285,2.109614365,1.938701334,0.078744386,2.470105096,-1.096747583,3.067248732,232ec53bb7cf4edcf68ceb981a6c900122000000e915010100000000ffffffffe24a194c177bf231,0246bb67d328edb0213be43a0000003c5e78de6e031090000f000000fd02000000000000ffffffff
677,3140,49362,-0.264700001,2.080208776,-0.559980975,0.079117289,2.326216313,-0.982076331,0.597406501,a1252f3856462edd03bb4f271968b00100000000fa05000000000000ffffffff3c6f541faf22142b,0b462f56212f9f74c03b263b0000003cdda0ab350310f0000d244001ea15000000000000ffffffff
678,3141,49363,-0.008017895,2.080465034,-0.407512260,-0.007769293,2.418084753,-1.388114871,1.037096243,d43d3738b84e6353f90d8f1402103000144cd000694e480000000000ffffffffbd7100228b217b42,da3d6361ce181cdc4f3a68340000003c60ac38110300000000000000ff00000000000000ffffffff
679,3142,49364,-0.007644991,2.079568132,-0.396286697,-0.011001125,2.542786229,-1.324598081,1.037470141,dd3d1b38564fcd53ab998f56020c40001350c0016960360000000000ffffffffbf7144236822f02f,8c3d98704c1cc2c1ce3aab320000003c8e93f7330300000000000000ff00000000000000ffffffff
680,3143,49365,-0.007479256,2.080144712,-0.397565559,0.128216288,2.334384532,-1.161614282,0.816591464,e13d2d38444f7153d78d7f1802103000144cd00060524c0000000000ffffffff73766d3ae422a94d,ac4a2e57422561a7443b923b0000003c77708e71031090000a000000fb03010000000000ffffffff
681,3144,49366,0.013486223,1.976776701,-0.367441265,0.498841217,1.869308565,-1.228825561,0.994535960,db3f922bec508f5361379023131040010354d000b52f0d0d00000000ffffffff33787e3b5522018a,9d6d771e90219a33262ba3320000003c455b0e150324300114286001d31b0a0302020000ffffffff
682,3145,49367,0.013403356,1.963483325,-0.371846232,0.101077179,2.407482084,-1.121685383,0.875831233,d93ff329ae508753234d79141310400103705001ab2e141200000000ffffffff34730b3311229c2c,1d4818607427cdaf373b373b0000003c65acce6e0310900000000000fc03000000000000ffffffff
683,3146,49368,-0.005449002,2.079375938,-0.380443024,0.044271502,2.482341409,-1.130566366,0.852958573,123e1538355066536d91bf20040c30011408c001753c2f1804030000ffffffff007ea73fee2250da,c2423969f72649b7f73ae83a0000003c72409c720310900000000000fe01000000000000ffffffff
684,3147,49369,0.012243211,1.960792618,-0.441331043,0.460432127,1.914217754,-1.503993936,1.154250817,bd3f9f29dc4c2e4f3a7f3e5d131040010354d000df16050400000000ffffffff6a501e76803b2830,fe69f1236f123443b0303f300000003c46a3de6c03289000081cc0008754130908000000ffffffff
685,3148,49370,0.009757185,2.106507238,-0.795007307,-0.098633515,2.052148542,-1.802608106,1.014870821,813f643b6a394d3f1fd63c391074d0001f000000bd40010000000000ffffffff085eb61ee22e373c,4935c33404025749ad368b2c0000003c5ef6737b0830300007289000a92b190f04000000ffffffff
686,3149,49371,-0.009426643,2.089209833,-0.450851456,-0.088647980,2.056953376,-1.823425130,1.375236339,b23d4839564cde4d1eb6ce0e0d5c400010600000d51c050503000000ffffffff0354e20a9d23a831,3a365935df002f4e9236352c0000003cdec2b67c0830300007289000b12b160b03000000ffffffff
687,3150,49372,-0.011001125,2.081714291,-0.513515672,-0.625215094,1.909829338,-0.490922451,0.638211321,8c3d5e38e4482b534b926b04021030000d0000009a5c080000000000ffffffffa95ba60d9a23702d,a4036823224a7762e639b3380000003cb480ea370e101001033c2001ac450b0201000000ffffffff
688,3151,49373,-0.010379619,2.081522098,-0.474936682,-0.647589322,1.909316822,-0.490709308,0.660257251,9b3d5838034b315351c65b05021030000d0000009c550f0000000000ffffffff4169ab170c231839,88015823254acf50fc39a5380000003cb50db53c0e101001033c2001ce27060201000000ffffffff
689,3152,49374,-0.008970871,2.080881453,-0.426695183,-0.621900394,1.889040420,-0.480478415,0.644498424,bd3d4438aa4d575300060f11021030000d00000083403b0000000000ffffffffd83f420525217a40,f403df20b54ae7690d3ad3380000003c82a0b92a0e101001033c20019c530d0201000000ffffffff
690,3153,49375,-0.012575608,2.080112680,-1.839268804,-0.635324930,1.929336967,-0.509536992,1.476054445,663d2c3800003354e00118400210300000000000f408030000000000ffffffff1e499a2c193d6a3a,b002c9251c494f55d33989380000003cff1d643b0e101001033c2001cf26060201000000ffffffff
691,3154,49376,-0.011581198,2.104841562,-0.574190547,-0.620284478,1.939651345,-0.515789204,0.633417878,7e3d303b8e4542d1bfaa2b061d40f00117780000b83d080100000000ffffffff764d8a08fe212a36,1b040b27c4487b5dc1398b380000003c5ce1e53a0e101001033c2001bc36070402000000ffffffff
692,3155,49377,-0.011622632,2.080561131,-0.563888607,0.011663138,2.318848900,-0.955007095,0.458581465,7d3d3a381f46f153ebb1ea01021030000d000000c2310c0000000000ffffffff645cd80c6322b237,af3f49559e30c777e83b013b0000003ced55173f0310f0000d241001ea15000000000000ffffffff
693,3156,49378,-0.010421053,2.080529099,-0.474510395,-0.613572210,1.968704579,-0.582787339,0.622912464,9a3d3938094bc853ca7d9c45021030000d000000b32a230000000000ffffffffbe5fab0fc321a141,bd04962a154513529a3940380000003c5f21493e0e103000113c2001d61a070403000000ffffffff
694,3157,49379,-0.010089583,2.079952518,-0.456535286,-0.067351031,2.416355012,-1.171845175,0.792536276,a23d2738064c0554ac353d48020c40000d000000ba2e170000000000ffffffffe449fb2c7a3d2d40,3c382d61b22492c39d3a3f3b0000003c6f4cd26e031090000f280000fe01000000000000ffffffff
695,3158,49380,-0.011539764,2.105930658,-0.565735852,-0.597454479,1.982702664,-0.600265113,0.599727823,7f3d523b0546d2d15bda7b041d40f00117780000c3300c0100000000ffffffff2c50c80d89268c34,42064b2c1f44235288392e380000003c5371183e0e1030000f442001d01b0a0504000000ffffffff
696,3159,49381,-0.011125427,2.084180773,-0.526730575,-0.638100992,1.941989698,-0.529927728,0.642905034,893dab382a48ce5133264c050408d00003000000b33f0c0200000000ffffffffd83f18052320233e,6d025427fd47ef59c93978380000003c36b923340e101001033c2001cd27060301000000ffffffff
697,3160,49382,-0.012575608,2.079440003,-1.839268804,-0.427907558,1.672054085,-1.729641950,0.592015170,663d173800006c54a7fd87400200000000000000ff00000000000000fffffeff3c2acb0e700a502b,3e16690607069b432039dd240000003c44128023081cc0000a0c9000962e2b0c04000000ffffffff
698,3161,49383,-0.015144501,2.022486695,1.838381751,-0.365881228,1.781123832,-1.803815920,3.666998249,283d253133caf058771df24e05187000080000009b5d060100000000fffffcff5a2ad211d209bb4a,171cb613f3016c30893863240000003ce196116d083070000a0c9000c22a0f0301000000ffffffff
699,3162,49384,-0.015393103,2.019892085,1.837813368,-0.107086001,2.225635107,-1.447866124,3.293391490,223dd4302bca01592b2a230705187000080000009467020200000000fffffdffa237a305f9092631,7d34eb49851524d4e92cd4390000003ca8f0887503288000091c0000d511100900000000ffffffff
700,3163,49385,-0.013694319,2.021077277,1.738559503,-0.099255021,2.232393907,-1.434793317,3.181531624,4b3df930b6c40b594d8184460518700000000000a44f0c0000000000fffffaff8d366705120b0a38,3a35be4a3d1699c5182dc8390000003cb3c50c7903288000091c0000d511100900000000ffffffff
701,3164,49386,-0.013777187,2.024664887,1.749856113,0.419578446,1.685091203,-1.741791135,3.534785411,493d693155c5e758b175d2490518700000000000a04a150000000000fffff8ffa931da0bf6091c2a,246600085c05d9420b309c250000003ce7c6ff65081cc0000a0c9000972c2a0d04000000ffffffff
702,3165,49387,-0.014481561,2.020532729,1.799660666,0.422603110,1.670740763,-1.756569091,3.600023265,383de83012c805594419734c0518700008000000a754040000000000fffffbff3d2eae1147080c2e,6d6640068c04e73ce42f1d230000003cf9dabf1b083070000a0c90009b2a2a0c04000000ffffffff
703,3166,49388,-0.014978766,2.014670831,1.817493679,-0.375038088,1.768086714,-1.811986424,3.655622008,2c3d31300dc931596471a05d0518800007000000817d010000000000fffffeffb137db080d095a3b,3a1b1f128001973d8d388b220000003c700e216f083070000a0c9000cd1f0f0301000000ffffffff
704,3167,49389,-0.013818621,2.017842022,1.737991120,-0.122706526,2.217274694,-1.450921182,3.196997285,483d9430aec42559487d714f0518700000000000a259040000000000fffffcff7735ff07240a0c37,0433e6485a151cd3852cdd390000003c59c0e37103288000091c0000d511100900000000ffffffff
705,3168,49390,-0.013984356,2.021333535,1.761152724,-0.057199761,2.066050530,-1.828895816,3.590587096,443d0131f4c50359aa9980550518700000000000a5500a0000000000fffffaff283b4e037b0a8041,31397536920067515c36572c0000003c0376e87f0830300007280000b82a130902000000ffffffff
706,3169,49391,-0.013321416,2.022742953,1.677955676,-0.095070212,2.053942347,-1.810565467,3.489618321,543d2d3161c1fd588f49024a0518700000000000a14a140000000000fffff9ff252de80ac70afc2d,9f35fb349401894ea336672c0000003c8caea37a0830300007289000ac2b170d03000000ffffffff
707,3170,49392,-0.014688730,2.023703920,1.823177508,-0.558548184,2.494001141,-0.745984281,2.667874600,333d4b315dc9eb588711b1540518700008000000a4500b0000000000fffffaffe82a8c1252090026,ed09a56a1c3c50e7ab30463a0000003cb7cd61290300000000000000ff00000000000000ffffffff
708,3171,49393,-0.015393103,2.018002183,1.834900406,-0.552208820,2.498934104,-0.755149456,2.688461439,223d993002ca10594115225305188000070000008f6d020100000000fffffdff822ebd09220b6b53,860a3f6b9b3b25c2d3304a3a0000003c2e75b67c0300000000000000ff00000000000000ffffffff
709,3172,49394,-0.014522995,2.024921145,1.816072722,-0.554446243,2.492399529,-0.744065989,2.657887013,373d7131f9c8e058bd76930a0518700008000000a34d0e0000000000fffff9ff02302709d70a8c33,500a736a373c70fea330413a0000003cbf9d261e0300000000000000ff00000000000000ffffffff
710,3173,49395,-0.014398693,2.023928146,1.808257457,-0.550220000,2.493616754,-0.744208085,2.650055132,3a3d52318bc8ea585c6d07420518700008000000a44e0d0000000000fffff9ffb1325408e40a0037,b60a996a353c3003a2303c3a0000003ca1199a1e0300000000000000ff00000000000000ffffffff
711,3174,49396,-0.014191524,2.023992210,1.790140252,0.394013820,1.756234789,-1.762679207,3.586202971,3f3d54318cc7ea58b28d33460518700008000000a34d0f0000000000fffff9ff673757065a0a8753,bb63ad1036045f520431b9260000003c1167ff61083070000a0c9000b0241e0903000000ffffffff
712,3175,49397,-0.013777187,2.022102309,1.740975130,0.274270271,2.044813161,-1.491276369,3.245140501,493d1931d8c4fd58747694050518700000000000a34f0d0000000000fffff9ff52366807cd09bc2e,7158de33221330efe837313b0000003c88f5f97803288000091cc000a7380f0c05000000ffffffff
713,3176,49398,-0.013860054,2.020436633,1.752271741,0.322747763,2.133126023,-1.421152127,3.193215114,473de53077c50f5939e5e1500518700000000000a551090000000000fffffafff02e520a8f0ad026,035da33efd16b0f3bc37eb3a0000003ce038747903289000081c4000e412060200000000ffffffff
714,3177,49399,-0.014522995,2.023063276,1.813870238,0.264864809,2.085269869,-1.433372360,3.259833078,373d3731dac8f25814f5534c0518700008000000a5500a0000000000fffffaff972d930ec709582d,8e57cd38511638f99d37183b0000003c808d477c03289000081c4000c7240e0501000000ffffffff
715,3178,49400,-0.014937332,2.019956149,1.820903977,0.363104239,1.975463380,-1.488150263,3.330876010,2d3dd6303dc9065961f5324b05187000080000009e5e020000000000fffffcff6b2fd9101508d81f,d160692b4e130db65338473b0000003c497c7c6f03289000081cc000ac37100704000000ffffffff
716,3179,49401,-0.014813031,2.014126283,1.811383563,0.384898394,1.976424347,-1.465699138,3.301584724,303d2030b7c838594291334e0518800007000000817d000000000000fffffeff672934137f093824,df62872b8a140146e23117310000003c994bce6903289000081cc000b632110402000000ffffffff
717,3180,49402,-0.015517405,2.018674860,1.842715671,0.280443900,2.123228063,-1.333834303,3.192020395,1f3dae3070ca0a594e05c15d05188000070000008e6d030100000000fffffdffd053c3716344d5b6,06596e3dca1be0f74a37f93a0000003c4b1e1b790324a00008107000ee0b050000000000ffffffff
718,3181,49403,-0.145329356,2.024408629,-0.498595621,0.383323911,2.121113936,-1.257102611,0.929601553,e2306131b64957d506c83f241d7c000121000000f509010000000000ffffffffb1561769664209a6,b9622c3d0220c769ed38bd3a0000003c09659c3a0324a000044c8000f409010000000000ffffffff
719,3182,49404,-0.167082077,2.030911172,-0.483675569,0.406153910,2.085814417,-1.261365482,0.967685622,d52e2c32884aadd42c0c8f2c1d7c000121340000e019060000000000ffffffff9e57b16b0c41f9a0,e064de38c61f4f5adb38e33a0000003c5c10ef2e0324a000044c8000f30a010000000000ffffffff
720,3183,49405,-0.182288264,2.029597851,-0.478773267,0.419992783,2.098371052,-1.292129207,1.014406279,662d0332cd4a53d440d0ce2e1d40f0010d840000d716120000000000ffffffff835190729345afb7,2e66663a151e6a3ec338d03a0000003c0efc4d240324a00004203001f30a020000000000ffffffff
721,3184,49406,-0.138658521,2.023351566,-0.510886901,0.423431785,1.673463503,-1.731347099,1.388484881,833140310949add50664ff221d7c000121000000f708000000000000ffffffff9438eb0adf0fdf60,81669506ef054f43822f50260000003cf6f6ef60081cc0000a0c9000932f2a0e05000000ffffffff
722,3185,49407,-0.013487151,2.040488809,1.728754898,0.328548488,1.881769103,-1.813975764,3.562740640,503d57332cc449586167c31a071460000a0c00007062230901000000fffff6ff5834c71342123639,8f5dfc1f6401f6350c33e9260000003c4f662e33083070000a0c9000c4270d0303000000ffffffff
723,3186,49408,-0.014191524,2.047824190,1.772946669,0.406361078,2.136521439,-1.291063489,3.094008718,3f3d3c349ac6eb570fa2d14c0728500003188000784e211008000000fffffaffd030960f800faf4b,e5640d3f241eb74bd538ad3a0000003c55fc9a310324a00004203001f409020000000000ffffffff
724,3187,49409,-0.014398693,2.040072390,1.804136681,0.421650134,1.704310542,-1.699517656,3.546613640,3a3d4a3351c85058d54aa407071460000a0c80007060260900000000fffff7fff239110e1511ec43,5666580aaf070351ba2f34290000003ce4ae0f5a081cc0000a0c9000723e21200e000000ffffffff
725,3188,49410,-0.013404283,2.044941290,1.703319763,-0.116159993,2.246103702,-1.423851946,3.135319433,523de233c6c2225899e202090714a000060c800084392b1007000000fffff7ffd83f8b7dcc40ef7f,a2336a4cd71608fa5c2cbf390000003cdfc1f63e03288000091c0000d511100900000000ffffffff
726,3189,49411,-0.167496414,2.003715808,-1.839268804,0.421940170,1.688006136,-1.719695249,0.679268665,cb2edb2e000072d401fee77f1d40f0010d000000dd1c050000000000ffffffffd83f697d1442ef7f,5d665b089306cd3a9d2f07280000003c05f75f20081cc0000a0c90008f30291006000000ffffffff
727,3190,49412,-0.154486215,2.004196291,-1.839268804,0.475431146,1.674872921,-1.615041747,0.745337198,0530ea2e0000bbd402fed77f1d40f0010d000000f508020000000000ffffffff9049537c27426777,686bc106540c2f58fa2d142c0000003cf74a9f5e0a0c700008309000603f381d07030000ffffffff
728,3191,49413,-0.154569083,2.014382541,-0.571490729,-0.100663769,2.225763236,-1.419660122,0.875773316,03302830b445c1d4ff00ac7b1d40f0010d000000f408030000000000ffffffffd83f7c7e2843e77f,1835ef49121719a2462dba390000003c9f566c3403288000091c0000d511100900000000ffffffff
729,3192,49414,-0.148105417,2.004676775,-1.839268804,-0.132194856,2.212694085,-1.418310213,0.469819628,9f30f92e000001d501fee77f1d40f00100000000fc02010000000000fffffffff9550c728840b5a4,1f3257482517b4dd862bd8390000003c5214812b03288000091c0000d6100f0a00000000ffffffff
730,3193,49415,-0.182578301,2.025081306,-0.486162245,-0.100663769,2.225763236,-1.419660122,0.958332674,5f2d7631654a44d431349f2d1d40f0010d000000d0240b0000000000ffffffff2555b970fb4215b0,1835ef4912173817ff2abe390000003cc6556c3403288000091c0000d511100900000000ffffffff
731,3194,49416,-0.154154745,2.025561790,-0.491277691,-0.132153422,2.213334730,-1.433585503,0.961086234,0d3085311d4aecd410b0ef271d7c000121000000ef0d030000000000ffffffff3b57a1713f3f7198,20326b484e1610d6192cdc390000003c40e0606d03288000091c0000d511100900000000ffffffff
732,3195,49417,-0.201306357,2.025946176,-0.478346980,-0.109944930,2.221342788,-1.411844857,0.958094481,9b2b9131d34ad2d36d44ae331d40f0010d000000ab4d070000000000ffffffffd83fb0610754177f,3834654980172810f02ac8390000003c19c5d83403288000091c0000d5100f0900000000ffffffff
733,3196,49418,-0.069547020,2.093021669,-1.839268804,-0.550220000,2.493616754,-0.744208085,1.261221992,0738bf390000c5d80d0278001f84d00122000000f20b020000000000ffffffff2655ee70e34155ab,b60a996a353c4982fd30403a0000003cf5199a1e0300000000000000ff00000000000000ffffffff
734,3197,49419,-0.166999209,2.025433661,-0.491064547,-0.123535201,2.216025437,-1.410210756,0.939704262,d72e8131204a9ed41c882f2a1d7c00010d840000e60f0b0000000000ffffffffd83f7d6328542ecf,f032bf48971750e91a2bd0390000003c7904542d03288000091c0000d7100e0a00000000ffffffff
735,3198,49420,-0.069795622,2.093309959,-1.839268804,0.342180194,2.151864878,-1.341791664,0.648564766,0138c8390000cad888ff97331f84d00122000000f20b020000000000ffffffffd83faf614352b189,d85eec405a1b78f97a37d33a0000003c3cc9343d0324a00008107000f108050000000000ffffffff
736,3199,49421,-0.067516766,2.093726378,-1.839268804,0.484712307,1.632654440,-1.574828656,0.766467790,3838d53900008ad8d3fd77001f84d00122000000e616020100000000ffffffffbc41a6620c542daf,486c9b018a0ebb4db22c852c0000003c93323f520a0c7000083090005d3f392007030000ffffffff
737,3200,49422,-0.069588454,2.093277927,-0.748115717,0.473069422,1.710652923,-1.487510832,0.993772911,0638c739fe3bc5d8e9cf8e1a1f84d00122000000f20b020000000000ffffffff16431b623f52d98c,2f6b1e0b57139a40fb2c232f0000003c4393df170a0c90000720c0006d69170a08000000ffffffff
738,3201,49423,-0.067806802,2.094078733,-0.685380454,0.482599186,1.639477305,-1.547404181,1.119238185,3138e039713f8ad86af6fa021f84d00122000000e616020100000000ffffffffd83f23624154b835,156c70020c1092347b2c492d0000003cd03aaf160a0c70000824c0006d551b110e030000ffffffff
739,3202,49424,-0.069878490,2.093117766,-1.839268804,-0.147981116,2.030366624,-1.802608106,0.106685204,ff37c2390000d2d8cb03b8121f84d00122000000f20b020000000000ffffffff6f467f63495285b1,a2301b320402975a1937062c0000003c692d583e0830300007289000b9280d0d04000000ffffffff
740,3203,49425,-0.068221140,2.094431087,-0.610922293,-0.037767331,2.068805302,-1.821435790,1.211167636,2738eb3989438bd880ab1f1e1f84d00122000000e715020100000000ffffffffd83f94662a5274ce,063bcb36fb0033503936a22c0000003c654ee67e0830300007289000a52c1f0d03000000ffffffff
741,3204,49426,-0.069381285,2.094911571,-1.839268804,-0.159872603,2.027611852,-1.807510409,0.117160260,0b38fa39000085d84e02983f1f84d00122000000ee10020000000000ffffffff614550783b4ab8d3,832fc531bf01af502937862b0000003caf9a147c0830300007289000b9280d0d04000000ffffffff
742,3205,49427,-0.112348088,2.014991153,-0.633799705,-0.118811753,2.043724065,-1.820085880,1.186651697,fe333b304742ffd638dcde121d7c000000000000ff00000000000000ffffffffd83f837e064ae77f,6233bc330e01fb46d1360d2c0000003cedfa33790830300007289000be280c0a03000000ffffffff
743,3206,49428,-0.112720991,2.008232353,-1.839268804,-0.106630230,2.048304674,-1.800618766,0.056006372,f533682f00000ed7f9fd273f1d00000000000000ff00000000000000ffffffffd83f4477324ab8e7,88344b342002a356bf368d2c0000003c77fa747d0830300007289000a92b190f04000000ffffffff
744,3207,49429,-0.111105075,2.017137313,-1.839268804,-0.166502004,2.024600823,-1.802608106,0.066847068,1c347e300000fbd6b8fd87001d7c000000000000ff00000000000000fffffffff9416378b14b9ac5,e32e673104026b593637912b0000003c5306a43b0830700003289000b9280d0d04000000ffffffff
745,3208,49430,-0.109654894,2.011627769,-0.732769379,-0.545413684,2.473340352,-0.748826196,0.635076416,3f34d22fd63c5fd756f05e151d00000000000000ff00000000000000ffffffff1748dc76064960d4,2a0b2068f43b218b5e31503a0000003c38296b1c0300000000000000ff00000000000000ffffffff
746,3209,49431,-0.117983078,2.017009184,-0.590247364,-0.259479348,1.942470182,-1.783496231,1.203918649,76337a30ac44abd627ccee131d7c000000000000ff00000000000000ffffffff84434c7c284a3199,1f26632711030b56eb37572a0000003c6a0323750830700003289000c2240f0504000000ffffffff
747,3210,49432,-0.112638124,2.012396543,-0.672449742,-0.311561577,1.893653061,-1.778949168,1.130491721,f733ea2f274008d77b581e321d00000000000000ff00000000000000ffffffff2244c37d51482992,36216f2151039a32253853290000003c2b9a92760830700003289000c3270e0403000000ffffffff
748,3211,49433,-0.120469103,2.012172317,-0.659945319,-0.358340285,1.791021792,-1.810707562,1.195719029,3a33e32fd74092d69b8cbd361d7c000000000000ff00000000000000fffffffff1491a75f347fcce,cd1ceb1492018c217b38e8230000003cd34aa26a083070000a0c9000c42b0c0301000000ffffffff
749,3212,49434,-0.123783804,2.019219408,-0.571064441,-0.421236724,1.682368463,-1.741009608,1.253283086,ea32bf30ba4559d61700cf161d7c100200000000fe01000000000000ffffffff3e46357ba34889a2,df16ab076705a4340e393f230000003c2b5ba062081cc0000a0c90009b2b2b0b03000000ffffffff
750,3213,49435,-0.119474693,2.014574734,-0.616392978,-0.300747367,1.907811307,-1.785130332,1.187520616,52332e303c439dd640141f2e1d7c000000000000ff00000000000000ffffffffd83fa8750f4988ed,3b222923fa027b3b1a3816280000003ca6f5d1340830700003289000c3260e0403000000ffffffff
751,3214,49436,-0.114544077,2.020436633,-1.839268804,-0.294366569,1.914570108,-1.786267097,0.215297540,c933e5300000a9d66ffdb7021d7c000000000000ff00000000000000ffffffffd83fb46195539182,d522fc23ea0217550d383e280000003c81ca32380830700003289000c2270f0404000000ffffffff
752,3215,49437,-0.068966947,2.093053701,-1.839268804,-0.268346171,1.936063735,-1.782998896,0.259931197,1538c0390000b9d8f60118001f84d00122000000ed10020000000000ffffffffd83fe6722c4800ed,49259b2618039752fc378c290000003c270742740830700003289000c224100504000000ffffffff
753,3216,49438,-0.119101790,2.023447662,-1.839268804,0.303895405,1.921425006,-1.802181819,0.436704355,5b334331000061d63efde7041d7c000000000000fe01000000000000ffffffff294f463e9c6a0f63,3c5bd2240a02b744cf3397280000003c23e16c370830700003289000c3260e0404000000ffffffff
754,3217,49439,-0.131490482,2.097217891,-0.522112463,0.192728643,2.004708807,-1.796711133,1.318437614,3032423a6b4819dc67d21b441b682002190000008b71020200000000ffffffff224aea3ef366ab5d,c150fa2e57026646b134f42b0000003cf055cd770830700003289000be24100805000000ffffffff
755,3218,49440,-0.122292189,2.093598249,-0.564456990,0.083343532,2.059323762,-1.810636515,1.263496813,0e33d13917469cdb70d2cc461b68200221640000c62f0a0000000000ffffffff8d62144dde67e765,7146a33593018c2d6b359a2c0000003c2deeba3d0830300007289000ae2b160c03000000ffffffff
756,3219,49441,-0.111685148,2.096865537,-0.437849697,0.458857645,2.107179915,-1.320548353,1.051086286,0e34373a0d4dbadb37ba4d4f1b68200219000000d624050000000000ffffffff486c0c50fe69135c,d869793b851c64d8a338bb3a0000003c2840dd150324a00008103001f20a030000000000ffffffff
757,3220,49442,-0.112182353,2.099332018,-0.413125041,-0.008556534,2.075468006,-1.820014833,1.410902792,0234843a694e07dcad5a8e4d1b68200219000000b04d010000000000ffffffffd83f983aee66e75f,c73d9b370f0160470c36d22c0000003ce9e1e73f0830300007289000a82f1b0b02000000ffffffff
758,3221,49443,-0.127554275,2.092637282,-1.839268804,0.464451202,2.167784897,-1.316853864,0.793117279,8f32b33900009edbeaed17401b68200221640000bd3b070000000000ffffffff9066154e4972243d,5f6add42b91c882aad387e3a0000003c3994c8290324a00004203001f706010000000000ffffffff
759,3222,49444,-0.135550990,2.104553272,-0.428613475,0.392315036,2.126815673,-1.469109435,1.166949013,ce31273b8f4d99dc99430f191a64b00122000000d724050000000000ffffffff04638f4de8739748,9263de3d5a14a8f21638d13a0000003ce2c0767203289000081c4000e513050201000000ffffffff
760,3223,49445,-0.141600318,2.105322046,-0.437849697,0.439135178,2.151320330,-1.307262402,1.046540974,3c313f3b0d4db5dc7b47af141a64b001220000009964020000000000ffffffffdb585a4ba566d763,fc67db40401dd834c038983a0000003c2b88992a0324a00004203001f707010000000000ffffffff
761,3224,49446,-0.111726581,2.095071732,-0.469039709,0.374457088,1.775261934,-1.796924277,1.449803536,0d34ff39564b84db633ece511b68200219840000d617120000000000ffffffffd83f963aa1680760,e361ff125402103b9231ba240000003cf6e21e6f083070000a0c9000ba26170602000000ffffffff
762,3225,49447,-0.133603603,2.094367023,-1.839268804,0.401264727,1.748899408,-1.722039829,0.647436975,fd31e9390000eadbedfd07401b68200219840000ac51020000000000ffffffffd83f393b0a767768,6a64c80f7206454abd30fa280000003c57da6f62081cc0000a0c90008f34201407000000ffffffff
763,3226,49448,-0.177979154,2.103496209,-1.839268804,0.402217703,1.710140408,-1.784561949,0.703100291,ce2d063b0000d5dc8912f8011968b001000000009b61030000000000ffffffff214f9d3a1d712f5f,81640e0b02039355b630fe210000003ce2aaae68083070000a0c9000c51f140501000000ffffffff
764,3227,49449,-0.147939682,2.101510210,-0.522680846,0.001470435,2.502810004,-0.957493771,0.610268127,a330c83a634885dcbf522c051a64b00122000000bf2a160000000000ffffffff2151123cc66e4f62,b93eb86b7b3019a3743b443a0000003c662828120310f0000d000000fb04000000000000ffffffff
765,3228,49450,-0.141393149,2.100196889,-0.512236810,-0.014605862,2.661273453,-0.872804717,0.678889639,41319f3af64860dc6c568c451a6c900122000000b3410a0200000000fffffffffb123f532e6a714d,353d0b7f2335c8d7cc3a99390000003c3d9572770310d00000000000ff00000000000000ffffffff
766,3229,49451,-0.130040301,2.055832248,1.915823922,-0.502736918,2.415169819,-0.805380295,2.770014197,5332363575ce0adc2d1613391b68200219000000ad51010000000000ffffffff942dc34d09652c32,300f0861d83831aaa331c93a0000003c5950cf6c0300000000000000ff00000000000000ffffffff
767,3230,49452,-0.133935074,2.039207520,1.825024753,-0.569776732,2.407353955,-0.837849169,2.723304476,f5312f3377c93adb866ac3771b88a00121640000d423090000000000ffffffffb72b3e4b10654030,de0814600f3701b76730c93a0000003c645cf36c0300000000000000ff00000000000000ffffffff
768,3231,49453,-0.130661807,2.038759069,1.834687262,0.410670189,1.868539792,-1.579730958,3.461252189,44322133ffc93edbaf4ab05f1b88a00121640000cc280a0000000000ffffffff6c28584b12668822,4d655f1e450e0d473d31d22e0000003c06436e6f0a0c70000824c0005d4f2c2005020000ffffffff
769,3232,49454,-0.129874566,2.044749096,1.848896835,0.452228244,1.854573739,-1.529002784,3.432960265,5732dc33c7ca6bdbb0f260571b88a00121640000d417130000000000ffffffff8c0bc951066cc01f,3869ab1c0f11d4447330922f0000003c005bbe6f03289000081cc0007f5b130909000000ffffffff
770,3233,49455,-0.124819648,2.059259697,1.934935798,0.357510682,1.804635490,-1.774260009,3.749081162,d132a13582cf2cdce336c1521a6c200219000000a557010100000000ffffffff62130a50fe69f029,4a6094169303874dea31fb280000003ce646dd72083070000a0c9000b52b170602000000ffffffff
771,3234,49456,-0.127554275,2.055031443,1.914971348,0.109695400,2.300974915,-0.964953796,2.900128348,8f321d3569ce07dc5ca2914d1b68200219000000b04d010000000000ffffffff59324949f379af50,ed481b5312305985cd3b453b0000003c4bedba3d0310f0000d244001eb14000000000000ffffffff
772,3235,49457,-0.234784831,2.105450175,1.794758363,0.147607285,2.296106016,-0.985273485,2.812676742,7328433bcdc71bdd12d2f02b1968b00100000000f30b010000000000ffffffff4d2f7a47ee788351,804c8352f42e2986bf3b6a3b0000003c75b98a3d031030010934f000ec13000000000000ffffffff
773,3236,49458,-0.229357009,2.104553272,1.810673084,-0.614773788,1.953745527,-0.546481881,2.393213028,f628273badc808dd0836212f1968b00100000000ec10030000000000ffffffff96106354b469f347,a004c3281447a756ad396b380000003cfd28893b0e101001033c2001b63a070603000000ffffffff
774,3237,49459,-0.130578939,2.054935346,1.922076134,-0.639385438,1.923603197,-0.503426875,2.481772962,46321a35cdce00dc893ae2751b68200219000000b648010000000000ffffffff8c0bc951066c2144,4e0216257249ef59dd398f380000003c7101322e0e101001033c2001d124060201000000ffffffff
775,3238,49460,-0.192232365,2.093181830,1.934935798,-0.638018124,1.894037448,-0.483391378,2.467121755,762cc43982cf2cdc9934c1521a6c200219000000a557010100000000ffffffff82351541fa77af60,6f027b218c4a376c0d3ac2380000003cd190562d0e101001033c2001ac450b0201000000ffffffff
776,3239,49461,-0.197080115,2.104232950,1.761081676,0.162896340,2.278360159,-1.027546964,2.817153355,012c1d3bf3c5f8dc056e65021968b00100000000c930060000000000ffffffff282cdd420278af5c,f14d5950a12cb998af3ba23b0000003cb13c7d77031090001350d000f10e000000000000ffffffff
777,3240,49462,-0.214896629,2.103784499,1.827795620,-0.603172337,1.961016844,-0.562325554,2.425658643,532a0f3b9ec9f9dce8ad220a1968b00100000000db1d070000000000ffffffff62130a50fe69014e,b805a6293546e74e9c395d380000003c9d509c350e103000113c2001ba35070603000000ffffffff
778,3241,49463,-0.174871622,2.092220863,1.914971348,-0.608683027,1.967871741,-0.570496058,2.526104366,192ea63969ce07dce2a0914d1b68200219000000b04d010000000000ffffffffd83fe04b877f6769,33057c2ac2458f539c3951380000003c6e31eb3c0e103000113c2001ca26070503000000ffffffff
779,3242,49464,-0.275721380,2.110415170,-1.839268804,-0.481978607,2.115796585,-0.305700671,1.547385608,9724de3b000079dd420278001968000000000000ff00000000000000ffffffff93456d4eee7e1233,2511863c51544b4fe43899390000003c9e29712d0434e000033c1001e20f0a0201000000ffffffff
780,3243,49465,-0.238969640,2.110511267,-0.630673599,0.153739480,2.279417223,-1.113301735,0.644732187,0e28e13b73426fddc333ef1f1968000000000000ff00000000000000fffffffff671835de52397b2,144d7a50ea27199f813bc63b0000003c85b04e31031090001434f000f807000000000000ffffffff
781,3244,49466,0.008638474,1.946474210,-0.481259942,0.005116605,2.566586177,-0.909465415,0.753598820,663fe027aa4a4b4dd0c22e2c044c300014340000d5130e0505000000ffffffffda750959722381a2,113f7f731f3390d6683aea390000003c89a0870c0310000000000000fe01000000000000ffffffff
782,3245,49467,0.009218547,1.952816592,-0.463853215,0.070954840,2.529364724,-0.995220186,0.786492197,743fa6289f4bc14dbe1e5e29044c300014340000b4320f0802000000ffffffffc244587c2538fe36,4645f56e682e21ae323b673a0000003c7dac6f270310d0000f000000fc03000000000000ffffffff
783,3246,49468,0.011331668,2.103592305,-0.616606122,0.043442827,2.593845606,-0.936392555,0.586210532,a73f093b39435ad0ca55493f1034d00100000000f607030000000000ffffffff5575d63980215021,ae42d276a43151ae0c3b013a0000003ca7901f2a0310000000000000fe01000000000000ffffffff
784,3247,49469,-0.004288857,2.077710262,-0.375824913,0.049906493,2.511170417,-0.959909398,0.729369267,2e3ee1377650b55340adcd0913103000147020007f37252202000000ffffffff4475a9333d205c31,4a43bd6c593025a9553b593a0000003c87c8ac160310f0000d000000fb04000000000000ffffffff
785,3248,49470,-0.005283267,2.076364909,-0.375967008,0.040335296,2.577252910,-0.912946760,0.735742548,163eb737745028542425bf11034cc0011410200055501f1c19050000ffffffff7d767a3a52229002,6342cc74ee32ada9253bf9390000003cd21c5e170310000000000000fd02000000000000ffffffff
786,3249,49471,-0.003874520,2.078863423,-0.442183617,-0.063870596,2.285695540,-1.270175418,0.855540458,383e0538d04c544f8992d71113104001037050019739181700000000fffffffff759e61f8b33274d,90383e514a1f29bb9a3aeb3b0000003cbcf483740324a0000420f000fc02000000000000ffffffff
787,3250,49472,-0.009633812,2.092413056,-0.454332802,-0.000394084,2.642534598,-0.850850928,0.678192971,ad3dac39254cfe48cb41d6400d5c000120784000776c1c0000000000ffffffffaf68722d512e1f6c,8c3ec27c583670e2b63a8c390000003c89a076130310d00000000000ff00000000000000ffffffff
788,3251,49473,-0.007064919,2.088985608,-0.420016684,-0.085250413,2.276822612,-0.972200678,0.588475042,eb3d4139084ec94d51459b4e0d60700104400000884c280201000000ffffffffa4691b34122eef73,8c362950ac2f80f6cf39413b0000003cf8d0f33a0310f0000944d000ec13000000000000ffffffff
789,3252,49474,-0.006277677,2.088697318,-0.419945636,-0.521133504,2.420230912,-0.846659104,0.746374859,fe3d3839094e9b4dd56d9c590d607001044000006d6b230302000000ffffffffc266a728e32e4f67,740da661933651a60631ce3a0000003c5db8aa710300000000000000ff00000000000000ffffffff
790,3253,49475,-0.007727859,2.089498123,-0.425842609,-0.538742850,2.378428850,-0.757422987,0.689495057,db3d5139b64d904df2f8884a0d5c8001101000009937280502000000ffffffff867beb59346fdf74,cb0b8d5c7b3b87777c32a83a0000003c0239e8240300000000000000ff00000000000000ffffffff
791,3254,49476,-0.093661465,2.110799557,-0.378951019,-0.538742850,2.378428850,-0.757422987,0.642622680,c135ea3b4a5061dc0df9f3131a6c900122000000f10e000000000000fffffffff45d1f2da23a8c2f,cb0b8d5c7b3b0826a02d8f3a0000003c3238e8240300000000000000ff00000000000000ffffffff
792,3255,49477,-0.009219474,2.099940631,-0.450140978,-0.544046370,2.415618271,-0.849287875,0.738248215,b73d973a604c4bcdb2af7811177400010d7c000278453f0100000000ffffffffb27d2c5b206fe93b,4b0b16616e3639b4af30cc3a0000003c5ce4a56f0300000000000000ff00000000000000ffffffff
793,3256,49478,-0.094531573,2.110607364,-0.376819583,-0.526146989,2.468183162,-0.786836803,0.694454058,ac35e43b685060dc36015d361a6c900122000000f00f000000000000ffffffff5b564e50e9666834,fb0c7f67dd394da54f31823a0000003c8fb43e710300000000000000ff00000000000000ffffffff
794,3257,49479,-0.175410261,2.043403743,-0.482822995,0.328009850,2.096545214,-1.466054377,1.105893202,0c2eb233944a8cdb6bbe387f1b68200219840000df140c0000000000ffffffff324dc44e18650834,825d2d3a851458f0f937f93a0000003cc320557503289000081cc000d51e060402000000ffffffff
795,3258,49480,-0.157593747,2.035011298,-0.530425063,0.387550154,1.907074566,-1.557919264,1.170168370,ba2fac32f6473cdb9232da7d1b88a00121640000db1d070000000000ffffffffaf4b7852fd662633,1f631223780f6340c2319d2f0000003c5c1bed71032870000824c0006152241e08020000ffffffff
796,3259,49481,-0.162565798,2.045549902,-0.549679034,-0.556807967,2.497236396,-0.750176105,0.632176124,422ff533e7468cdb0bd6f77f1b68200219840000e412090000000000ffffffff3e6e0352ae70ea34,170a0a6be13b7acdbf30483a0000003c28f581740300000000000000ff00000000000000ffffffff
797,3260,49482,-0.109986364,1.854637803,-0.408577978,0.373918449,1.784999732,-1.780654316,1.456573653,3734ad1ca94e7ddc34020f121a6c900122000000ee0a070000000000ffffffffd83f545122669c32,d6612f14390377508b316f270000003c4b0b5d6e083070000a0c9000b528190702000000ffffffff
798,3261,49483,-0.149224129,2.042474808,-1.344207291,0.350549812,1.810369260,-1.804952686,0.718284968,84309533381b66dbccfdc73f1b88a00121640000e90c090000000000ffffffffeb7ddb59316ff80f,a25f4717e3016d383232e7250000003c865e5f2c083070000a0c9000c12b0d0302000000ffffffff
799,3262,49484,-0.094945911,2.110703461,-0.376535391,0.410960225,1.992920946,-1.406374172,1.153421715,a235e73b6c5060dc8f354d131a6c900122000000f00e000000000000ffffffff6477de5a216eab57,54658a2dcd1727449538353b0000003c03b04f6103289000081cc000bb2d130302000000ffffffff
800,3263,49485,-0.093247127,2.109614365,-0.384634848,0.406361078,2.136521439,-1.291063489,1.035347880,cb35c53bfa4f4fdcdda963391a6c900122000000e816010000000000ffffffff6d70a958456de761,e5640d3f241ed0062c379e3a0000003cdbfe9a310324a00004203001f409020000000000ffffffff
801,3264,49486,-0.092418452,2.108429172,-0.402823101,0.440088154,2.037317619,-1.389535828,1.123486602,df35a03bfa4e40dc2fe2c53e1a6c900122000000d32b010100000000ffffffff9d70b355f86e002e,1368f432ba18081c8a38f93a0000003c5b9c1e0e0324a000081c4000e80d090000000000ffffffff
802,3265,49487,-0.337913444,2.057465892,-0.402396814,0.425213436,2.022230438,-1.458736447,1.303632462,ba1e6935004f5edc642aff2c1a6c900122000000ed0f020100000000ffffffff1c52c44d0965d034,ac661d31ec1474206738053b0000003c4f4cfe4e03289000081cc000d41f080201000000ffffffff
803,3266,49488,-0.164140280,2.033730009,-0.503071636,0.291796749,1.930938578,-1.801755532,1.380226254,1c2f843277493adb0a9fbc771b88a00121640000d423090000000000ffffffff5c719b56ab6bf029,185afb2510020c32083405290000003c13f6ab3b0830700003289000c3260e0404000000ffffffff
804,3267,49489,-0.254175828,2.052020413,-0.400407473,0.311353481,1.913288819,-1.800902957,1.516725899,9f26bf341c4f24dc58677b771a6c2002190000009865010100000000ffffffff366f7952d369e945,f05bd4231c023c42b33383290000003c38ed6c370830700003289000c3260e0404000000ffffffff
805,3268,49490,-0.218004160,2.048592964,-0.405665015,0.172799007,2.012877026,-1.790672065,1.439530226,082a5434d24e03dc56afef171b68200219000000b449010000000000ffffffff1d6f6654b4692426,e04ef92fac02ae33db34342c0000003c39ce1b7c0830700003289000b925110a06000000ffffffff
806,3269,49491,-0.214689460,2.048785157,-0.406020255,0.165465233,2.019603795,-1.805805260,1.450781584,582a5a34cd4e00dc0fc3fd751b68200219000000b648010000000000ffffffff45575a4b1266fb5c,2f4ecb30d701cb41ed34c72b0000003c8d226d770830700003289000b9280e0c04000000ffffffff
807,3270,49492,-0.177896286,2.036292587,-0.479270602,0.498426880,2.112593362,-1.380796941,1.129594871,d02dd432c64a6bdb700b6f571b88a00121640000d417130000000000fffffffffa533f4b1065a54b,936d223c351918e37638aa3a0000003c5988fe0d0324a00008107000f507030000000000ffffffff
808,3271,49493,-0.168615126,2.032096365,-0.493409127,0.455584378,2.125854706,-1.463567702,1.157420973,b02e5132ff493edb77bbbf5f1b88a00121640000cc280a0000000000ffffffff1663114fc167775b,8969c03da814c0e53638b33a0000003c9b00bb6603289000081c4000ed0d040100000000ffffffff
809,3272,49494,-0.193516812,2.045133483,-0.436499788,0.384898394,1.976424347,-1.465699138,1.182597310,572ce833204db3db9a2b3e5d1b68200219000000da20050000000000ffffffff4457ee4e07662f41,df62872b8a14f1ae6938443b0000003c1948ce6903289000081cc000b632110402000000ffffffff
810,3273,49495,-0.173918646,2.038470779,-0.477423357,0.251647441,1.952976753,-1.787759103,1.380360637,302e1833e04a66db722f7d701b88a00119840000d915100000000000ffffffff8d62144dde677f6b,4f56ab28d50210263634282b0000003cdb9abc790830700003289000c124100505000000ffffffff
811,3274,49496,-0.195588499,2.044172516,-0.437849697,0.483842198,2.112817588,-1.443674300,1.215739014,252cca330d4dbadb58bb4d4f1b68200219000000d624050000000000ffffffff0f5bb74fa6660e43,336c293cc01530d75538b53a0000003c23384e5703289000081c4000f108060000000000ffffffff
812,3275,49497,-0.180340878,2.041385712,-0.457672051,0.416056577,2.081810388,-1.487226640,1.190506922,952d7333f64b81db7b9bdc701b68200219840000db160e0000000000ffffffff9d70b355f86e2424,cf6561385b13d8e33438d93a0000003c74805a6403289000081cc000d220070402000000ffffffff
813,3276,49498,-0.120179067,2.103464176,-0.402396814,0.394179555,2.135015924,-1.051276950,0.828616761,4133053b004f5edc6d2bff2c1a6c900122000000ed0f020100000000ffffffff5c719b56ab6b3763,bf63de3e532be0395e3228350000003cd10aaf6e034c400014589000ed0b060100000000ffffffff
814,3277,49499,-0.095153080,2.107147883,-0.400407473,0.417258156,2.105770497,-1.094758243,0.862954322,9d35783b1c4f24dc82667b771a6c2002190000009865010100000000ffffffffad6e625602708633,ec654d3bef283233dc31b1340000003cbe1e9f2e034c400009506001f306040101010000ffffffff
815,3278,49500,-0.359168960,2.059291729,-0.407441212,-0.149182695,2.257058726,-1.110175629,0.759632594,b91ca235b94e71dcc4ba2e711a6c900122000000f00c030000000000ffffffff037bb15a966d6b5b,8530c04d1628c0e51c3ac33b0000003c9ddc7134031090000f44a000fa03010000000000ffffffff
816,3279,49501,-0.094697308,2.109294042,-0.379732545,0.011663138,2.318848900,-0.955007095,0.621423037,a835bb3b3f5045dc4d8e5b7a1a6c900122000000e01e010000000000ffffffff90752b57136e8f79,af3f49559e30680ab539fa3a0000003c9f55173f0310f0000d241001ea15000000000000ffffffff
817,3280,49502,-0.091631211,2.109422171,-0.389395055,-0.046965624,2.304594557,-0.951809941,0.596990603,f235bf3bb74f4edcc181c4181a6c900122000000e915010100000000ffffffffa47865547f6dd73f,283a8c53cb306807c539203b0000003c33b9243d0310f0000d241001ea15000000000000ffffffff
818,3281,49503,-0.097680539,2.109101849,-0.382787603,-0.509656355,2.422505200,-0.831312765,0.684923758,6035b53b145045dc90be5c071a6c900122000000df1e010100000000ffffffff2474c951066c135a,890eed616b3775a94f31cb3a0000003c46585e6f0300000000000000ff00000000000000ffffffff
819,3282,49504,-0.097929141,2.107468205,-0.393160591,0.475928351,1.881320652,-1.420512697,1.198293572,5a35823b824f2cdc39cace521a6c200219000000a557010100000000ffffffff2757b8455e683f63,746bee1f0617cd3cf52ec6300000003cfe4eff6b03289000081cc000a03f1b0202000000ffffffff
820,3283,49505,-0.119350392,2.096256924,-0.478915362,0.330993080,2.214936341,-1.158559224,0.823899160,5533243acb4ad6db57e61c481b68200219840000c436050000000000ffffffff4e51363fd46cd761,ca5d9d486d259a380934d6340000003c9c525d770310300109284001f903020100000000ffffffff
821,3284,49506,-0.135965327,2.098915599,-0.511313188,0.390243348,2.154331360,-1.115148980,0.802859975,c431773a03493edc7416bc441a6c9001220000009c57070500000000ffffffffe4632e47fb6c3b5d,60633941d0277c359d32d4340000003c1b9bfe70034c400009506001f505040100000000ffffffff
822,3285,49507,-0.126228395,2.100453147,-0.435576166,0.400021714,2.112048814,-1.137458009,0.877332182,af32a73a2d4d3fdcbb0a3d471a6c900122000000ab4d040300000000ffffffff75249b5226688c30,4c64113c96261a3618326d340000003c03839e71034c400009506001f504030201000000ffffffff
823,3286,49508,-0.137001171,2.051539929,1.869998050,-0.004703195,2.665629836,-0.848151109,2.789792827,ab31b034f0cbc1db455ea87f1b68200219000000db1f040000000000ffffffff9d1c124fc1679817,243e937f7e3691b0d53a82390000003c722bc7350310d00000000000ff00000000000000ffffffff
824,3287,49509,-0.130454638,2.050899285,1.891596601,0.436234815,2.060605051,-1.100726263,3.045525777,49329c3420cdb3db7bd6d15c1b68200219000000da20050000000000ffffffff6d1deb50bd67582a,b667cb359b28c032113182340000003c7b562f2c034c400104246001e70e030302020000ffffffff
825,3288,49510,-0.132029121,2.051059446,1.889252021,0.428735306,2.075692232,-1.143781268,3.084534722,2332a134ffccb1dbe2eef3741b68200219000000dc1e050000000000ffffffff3138234c557c2359,0167a2373d26053a4a3143340000003c9fda3e70034c900004506001ef08040202010000ffffffff
826,3289,49511,-0.252684212,2.107564302,1.731596812,-0.103605566,2.380542977,-1.040903962,2.789892891,c326853b54c443ddd569c1101968b00100000000fc03000000000000ffffffff742f49441779df5f,d134cf5ce52bcecf363a203b0000003c6c40a025031090000f44d000f906000000000000ffffffff
827,3290,49512,-0.219744378,2.104649369,1.806765452,0.004868002,2.369619987,-0.982360523,2.810673203,de292a3b76c80bdd1016d20f1968b00100000000e813040000000000ffffffffd57d275bda6ee14f,0b3f7a5b1d2f2c22d739d83a0000003c3f8c08230310f0000d241001f40b000000000000ffffffff
828,3291,49513,-0.094614441,2.110447203,-0.376038056,-0.050570360,2.364014346,-0.985486629,0.661561592,aa35df3b73505cdcbf95bd761a6c900122000000ee10000000000000ffffffffb37caf5a466f6c25,d139cb5af12ea8e0f839f83a0000003c4a1806210310f00009341001f10e000000000000ffffffff
829,3292,49514,-0.094448706,2.110799557,-0.377530061,-0.055791013,2.314108130,-0.977955555,0.635090203,ae35ea3b5e5063dc404c18281a6c200219000000f00e000000000000ffffffff0637d149357bb35d,5339b5545b2f58ecdd39203b0000003c8fdcf32e0310f0000d241001ea14000000000000ffffffff
830,3293,49515,-0.235654940,2.106635367,1.752271741,-0.087695004,2.444607440,-1.020584273,2.797292930,5e28683b77c531dd2912c20f1968b00100000000f807000000000000ffffffff37366a421479a761,51369f64032db8d2523acc3a0000003c6068e0250310f00009340000fb04000000000000ffffffff
831,3294,49516,-0.206112673,2.105001723,1.749429826,-0.042656513,2.590354093,-0.935539981,2.733376612,272b353b4fc50add1afed4031968b00100000000df1d030000000000ffffffff0f10a151d56ecb58,903a6576b03118d1993aff390000003cc25090230310000000000000fe01000000000000ffffffff
832,3295,49517,-0.210048880,2.095263925,1.923141852,-0.068179706,2.516744025,-0.985273485,2.942218910,c82a053adcce5ddc3705b1111a6c900122000000e715020100000000ffffffff72110352ae700b58,28386b6df42e74d4733a643a0000003c979040230310f0000d000000fc03000000000000ffffffff
833,3296,49518,-0.225627971,2.096609279,1.919518411,-0.136421099,2.263945655,-1.193727916,3.119016195,50292f3aa9ce7ddc46fd00121a6c900122000000ee0a070000000000ffffffffdf265a4ba566f03b,b931974e7e23f4d94b3ad03b0000003c79bc5172032440000a3c8000fb03010000000000ffffffff
834,3297,49519,-0.144707850,2.090715348,1.859056679,0.009259980,2.333711855,-0.973692683,2.847318449,f130773956cb84dbbbc0a1511b68200219840000d618120000000000ffffffff622e373fd46c375d,753f1957972f200fc339f23a0000003ce5c077310310f0000d241001ea14000000000000ffffffff
835,3298,49520,-0.154610517,2.096417085,1.816783201,0.001843338,2.430385129,-0.982147379,2.823123245,0230293a03c93edc46e9b3441a6c9001220000009c57070500000000fffffffff434a13ef3755f61,c23ee362202f74d5fe399a3a0000003c2000391b0310f0000d000000f906000000000000ffffffff
836,3299,49521,-0.188710496,2.102855564,1.765486643,-0.029522013,2.613225106,-0.973621636,2.790794189,cb2cf23a31c6d5dce10d44051968b001000000009e5e040000000000ffffffff231d164dde67a342,cd3b2f79982f40cfb83a073a0000003cc8e011730310000000000000fe01000000000000ffffffff
837,3300,49522,-0.153284637,2.091259896,1.890246691,-0.086742028,2.365039377,-1.001969733,2.905907598,223088390dcdbadb9d44424f1b68200219000000d624050000000000ffffffffb320d644f370c35a,6836eb5a092e8cdc133a0d3b0000003c6f2452210310f00009341001f30c000000000000ffffffff
838,3301,49523,-0.189704906,2.098146826,1.879731608,-0.092542753,2.390569066,-1.105557518,3.001150182,b32c5f3a79cc82dc5521720a1a64b00122000000d916100000000000ffffffff2e4a1441fa772764,dc35085e57287ac9673a333b0000003c52802069031090000f440000fb04000000000000ffffffff
839,3302,49524,-0.178144889,2.105482207,-0.567014713,0.074766745,2.314300323,-0.950317936,0.504470674,ca2d443bf345f8dcb5926a021968b00100000000c930060000000000ffffffff7b53e4420278db5a,a245bb54e0303f7dd73b273b0000003c92b9393f0310f0000d244001e916000000000000ffffffff
840,3303,49525,-0.170811115,2.106154884,-0.500300769,-0.080402663,2.335793950,-1.217244759,0.758232467,7b2e593b9e49f9dc574f1d0a1968b00100000000db1d070000000000ffffffff2474c951066ca35e,01375a5733222bc28d3a9c3b0000003c8474f26f032440000a20f000fd01010000000000ffffffff
841,3304,49526,-0.113922570,2.101253952,-0.393160591,-0.110152099,2.314396420,-1.159127607,0.795078233,d833c03a824f2cdcabcace521a6c200219000000a557010100000000ffffffffa948d249357bd750,3334be546525b8d2593a8f3b0000003c7618f16e032440000a3c8000fc01010000000000ffffffff
842,3305,49527,-0.194511222,2.108076818,-0.575824648,-0.000974157,2.491118240,-1.147049470,0.714475419,3f2c953b774531dda3efcd0f1968b00100000000f807000000000000ffffffffeb059c56d36cf9a7,7e3e4b6a0f26a6bfd23ae93a0000003c7a48b8740310900000000000ff00000000000000ffffffff
843,3306,49528,-0.154279047,2.109133881,1.946729743,-0.174374417,2.011787930,-1.788682725,3.736734719,0a30b63b28d039dc163701dc1a6c900122000000cd30010100000000ffffffffb91c6f53d4697c3b,252ed72fc8029f505137232c0000003c9f95643b0830700003289000bc24100a05000000ffffffff
844,3307,49529,-0.135923894,2.055351765,1.890388787,-0.125648323,2.039335649,-1.809428701,3.699866423,c53127350fcd03dc422a697f1b68200219000000b746020000000000ffffffff42340246307a1761,bd323333a4016f53e5363c2c0000003c3cf2733b0830300007289000b9280d0d04000000ffffffff
845,3308,49530,-0.224426392,2.105674400,1.772946669,-0.248540837,1.953040818,-1.778522880,3.554829739,6d294a3b9ac61edd3a5ed20f1968b00100000000ee0f010000000000ffffffff2019154e49727f5a,2727ad285703374cee370c2b0000003c9c9a347c0830700003289000be24120605000000ffffffff
846,3309,49531,-0.222727608,2.098306987,1.899482914,-0.139445763,2.028124368,-1.807155169,3.708237768,9629643a8fcd99dc5ebd00191a64b00122000000d724050000000000ffffffff1f1f0846f86ee359,7031d531c401bf660837292c0000003cf321563e0830300007289000b9280d0d04000000ffffffff
847,3310,49532,-0.182619734,2.096705375,1.883852384,-0.270749329,1.929208838,-1.778451832,3.667191580,5e2d323ab3cc60dc3c7102091a6c900122000000d127060100000000ffffffff33580444dd739755,0f25c52558033b560838bb290000003cece6a1740830700003289000bd25120605000000ffffffff
848,3311,49533,-0.148934092,2.104072789,-0.475291921,-0.075554914,2.057946376,-1.815325674,1.342833797,8b30183bfe4ab2dc24cbbd0a1a64b001220000008973030000000000ffffffffef49a94a8b73f42d,76377835510187547936732c0000003c44fee57e0830300007289000b02b160b03000000ffffffff
849,3312,49534,-0.200229080,2.069445947,-0.569288245,-0.212369170,1.991319334,-1.774331056,1.207633772,b52bdf36d345aedc7b95a43c1a64b00122000000ae4f020000000000ffffffffd83f9727f43c183e,902a582d9203dc369537772c0000003cc21e62720830700003289000b722160a07000000ffffffff
850,3313,49535,-0.012534174,2.103848563,-1.839268804,-0.185230061,2.011243382,-1.792164070,0.201540181,673d113b0000e6d06d03a8091d40f0011e5c0000a454070000000000ffffffffd83f06499e73702b,1f2dc62f970288475f37c92b0000003cf295c43c0830700003289000bf230f0805000000ffffffff
851,3314,49536,-0.186970279,2.070374881,-1.645876519,0.398157195,1.862966183,-1.607794865,0.621966833,f52cfc36a20aafdce701e83f1a64b00122000000b04e010000000000ffffffffa964b1546474076b,1f64b11dba0c6d4c6431352e0000003c450b5e6c0a0c70000824c0005d4f2c2005020000ffffffff
852,3315,49537,-0.109447725,2.109838590,-0.433586826,0.392770807,1.900668120,-1.598700738,1.285871754,4434cc3b494dbedcbf116d731a64b001220000008b73010000000000ffffffffd83f434b2f70f02b,9d634a223a0d473fbe31bb2e0000003c0d9b4c760a0c70000824c000554f2f2504020000ffffffff
853,3316,49538,-0.176363238,2.064096564,0.685914358,0.607107616,1.897432864,-0.500300769,1.431331442,f52d3836d68a73dccf01c83f1a6c900122000000e90d090000000000ffffffff9460ba55a574676c,d277e5219e49cf60dd25f3380000003c71cede57131040010354d000b6360b0800000000ffffffff
854,3317,49539,-0.108204712,2.109678429,-0.444244005,-0.111685148,2.046542901,-1.819304354,1.376513411,6234c73bb34cc2dcb046343c1a64b001220000008579010000000000ffffffffd83ff549ea71242b,0e34143419012f60c336222c0000003c738e687e0830300007289000b729110b03000000ffffffff
855,3318,49540,-0.181873927,2.067395884,-1.493691996,-0.064782138,2.064256725,-1.828682672,0.354878986,702d9f36001392dcbdfda73f1a64b00122000000da21040000000000ffffffff7161275263739f61,7a383d3695004f5b6736472c0000003c187e253e0830300007280000b62a130902000000ffffffff
856,3319,49541,-0.110607870,2.108909656,-0.441970474,0.610588052,1.923026617,-0.469892284,0.745288997,2834af3bd34cacdc70c95c791a64b00122000000b14c020000000000ffffffff5538724ff77c7b3f,267804254a4b46307d291e390000003ce0a6df1e131040010334500196520c0a00000000ffffffff
857,3320,49542,-0.279367550,2.107980721,1.730602142,-0.049658818,2.064384854,-1.811489089,3.549799571,3f24923b46c44edd8c85f02a1968b00100000000fe01000000000000ffffffff213a6c4eed7e775a,e73941368701654f4f36c32c0000003c1f2a167f0830300007289000ac2b1a0c03000000ffffffff
858,3321,49543,-0.303854899,2.109614365,1.697422790,0.113010100,2.399858413,-1.062005178,2.805790574,f021c53b73c26fdd85bd001f1968000000000000ff00000000000000ffffffffdf265a4ba566a01a,3d492a5fbc2a95aa6d3b263b0000003c65845f29031090000f344001f807000000000000ffffffff
859,3322,49544,-0.129335927,2.046863224,1.859056679,0.000766061,2.365680022,-1.251418782,3.129477316,64321e3456cb84db8ec2a1511b68200219840000d618120000000000ffffffff79107952d3692742,a83eff5a522008bbd13aa33b0000003c807ce774031090000a200000fe00000000000000ffffffff
860,3323,49545,-0.129625963,2.054935346,1.922431374,0.135922966,2.329419536,-1.080690766,3.027309100,5d321a35d2ce03dc924e00181b68200219000000b449010000000000ffffffff1439e94c1c7d5753,664b9356b52991a67f3b7e3b0000003c5c48df2c031090000f344001f807000000000000ffffffff
861,3324,49546,-0.263664157,2.108204947,1.726126127,0.056287291,2.376218626,-0.994864947,2.752815411,ba25993b07c450dd8a3d910f1968b00100000000fe01000000000000ffffffff3a392b4dee7da755,e443485c6d2e0997a93bf83a0000003c7c3c3b260310f00009344001f50a000000000000ffffffff
862,3325,49547,-0.274892705,2.108877623,1.715753139,0.004868002,2.369619987,-0.982360523,2.725081644,ab24ae3b75c35edd7659e10e1968b00100000000fe01000000000000ffffffffda42624d7a7faf3a,0b3f7a5b1d2fe766c83bdf3a0000003c6a8c08230310f0000d241001f40b000000000000ffffffff
863,3326,49548,-0.261509602,2.110639396,-0.703426611,0.009259980,2.333711855,-0.973692683,0.442855776,ee25e53b733e78ddc6b72e1a1968000000000000ff00000000000000ffffffff3b504a441779ef51,753f1957972fff77db3bf93a0000003c38c177310310f0000d241001ea14000000000000ffffffff
864,3327,49549,-0.178144889,2.106667399,-0.521330937,-0.079532555,2.181847046,-1.476356317,0.963041977,ca2d693b76480bdda9ebdd0f1968b00100000000e813040000000000ffffffff784967421479c35f,16379444f41320d9da2df6390000003c6019437903288000091cc000bf21140902000000ffffffff
865,3328,49550,-0.183987048,2.106186916,-0.578666563,-0.092791356,2.197030324,-1.465628090,0.896253273,3d2d5a3b4f450adde806db031968b00100000000de1e030000000000ffffffffa06fa151d56e4f4a,d6356e468b14eacb892de8390000003c83ac687403288000091c0000d411100901000000ffffffff
866,3329,49551,-0.122167887,2.102951661,-0.404954537,-0.001802832,2.430224968,-1.193656869,0.862349658,1133f53adc4e5ddc49fbbe111a6c900122000000e715020100000000ffffffff3e6e0352ae70214a,6a3ede627f2307bfcf3a3f3b0000003c76006874031090000a200000fe00000000000000ffffffff
867,3330,49552,-0.127181372,2.104104821,-0.408577978,0.098301118,2.383682136,-1.028612682,0.716553461,9832193ba94e7ddc50030f121a6c900122000000ee0a070000000000ffffffffe746b5501b650c33,da47315d922c999d8a3b153b0000003c8818ce26031090000f344001f609000000000000ffffffff
868,3331,49553,-0.151834455,2.036452748,-0.600407209,0.062005149,2.420038719,-1.168648021,0.718166550,4530d9321d443adb5d2e7a7e1b88a00121640000dc1d060000000000ffffffffc54fda4ed6698c31,6e44a061df24a1b5023b3e3b0000003c746cac72031090000a000000fe01000000000000ffffffff
869,3332,49554,-0.176528973,2.051636026,-0.519199501,0.085290919,2.354692967,-1.218878860,0.806191274,f12db334944804dccd35263f1b68200219000000c03d020000000000fffffffff451ca4f1566b235,a046a8591c22c5af133b9e3b0000003ca2202c76031090000a200000fd01010000000000ffffffff
870,3333,49555,-0.167164944,2.039591907,-0.505842503,0.114335980,2.317503546,-1.021863135,0.650196080,d32e3b33504967dbaf5ad97d1b88a00119840000e0110e0000000000ffffffff034ea1504e68cc33,5d491f55f12cb98ca73b533b0000003cf3c4bc35031090000f344001ec13000000000000ffffffff
871,3334,49556,-0.170106741,2.048560932,-0.527938388,-0.450986159,2.197126421,-0.349608251,0.364371500,8c2e53341948c9db99a5063f1b68200219000000dd1e040000000000ffffffff447a6b5bc36e9c46,11147146e7513f4da7386b390000003c0abe41330434e000033c1001d9140a0701000000ffffffff
872,3335,49557,-0.093702898,2.110255009,-0.380656167,-0.486950657,2.156669713,-0.375824913,0.396006901,c035d93b32505adcb5e1d33a1a6c900122000000ee10010000000000ffffffff767a3759f96e3f72,ad1082417650c759d23843390000003ca79d72330438d000033c1001d9110a0902000000ffffffff
873,3336,49558,-0.092915657,2.110543299,-0.380371976,-0.080029760,2.414625272,-0.206162615,0.350686175,d335e23b36505edc8135c30e1a6c900122000000f00e010000000000ffffffff6d70a958456da028,0a37f760ca59053ea336f0390000003cfa2de57d04343000103ce000a852050000000000ffffffff
874,3337,49559,-0.276342886,2.054711120,-0.402823101,-0.079118217,2.414240885,-0.188400649,0.462748538,88241335fa4e40dcaee1c53e1a6c900122000000d32b010100000000ffffffffd83f743ea6777766,2037eb60c45af541a236ff390000003ce821c53d04343000103ce000a752050000000000ffffffff
875,3338,49560,-0.185437230,2.104553272,-1.839268804,-0.125855491,2.402965539,-0.064351079,1.800814480,1a2d273b0000f1dc680618011968b00100000000b943030000000000ffffffff964cbd4d2a70802d,b8328b5f9661133a0037683a0000003c04ae047d0d100001030000008973030000000000ffffffff
876,3339,49561,-0.192978173,2.062975436,-0.542076913,-0.382081826,2.242548125,-0.280904967,0.369076317,642c1536524773dca731d53d1a6c900122000000e511090000000000ffffffff314e4b4fad6e2c2e,901afb4bae55e82e6a38c1390000003c96f242750434e000033c1001d523030300000000ffffffff
877,3340,49562,-0.190492148,2.060092535,-0.527512101,-0.402964438,2.219869305,-0.281402302,0.362274928,a02cbb351f4859dca1e5643d1a6c900122000000db21030100000000ffffffff2d59984c6d7568f9,98183749a755d94c8438bc390000003c2472d2360434e000033c1001d920040300000000ffffffff
878,3341,49563,-0.148851225,2.106122851,-0.470176475,-0.465280804,2.196037325,-0.399057564,0.336556371,8d30583b464bcedcde422a361968b00122000000af4e010000000000ffffffff765d2c4fbe74c0f3,b8124f462f4f374fb3382e390000003cf7ed2238043830000d3c1001d6110c0903000000ffffffff
879,3342,49564,-0.144624982,2.105994723,-0.452343462,-0.470542891,2.147028011,-0.337530114,0.347977469,f330543b414cc3dc2acfa8281968b001220000008d71010000000000ffffffff765d2c4fbe74383f,391255409152374fcb3874390000003cd541312f0438d000033c1001d9100b0802000000ffffffff
880,3343,49565,-0.273152487,2.069926430,-0.452343462,-0.163643075,2.378973398,-0.113018866,0.471851164,d524ee36414cc3dc13cca8281968b001220000008d71010000000000ffffffff2b5bb752d4730830,282f9e5ce95e074b7237443a0000003ca2fd8133043400010338f0008975010100000000ffffffff
881,3344,49566,-0.258982143,2.068068561,-0.459732439,-0.430103547,2.213430826,-0.372201472,0.240986293,2b26b436d94bb4dc9d81a43c1a64b00122000000a15d020000000000ffffffff04638f4de87321a6,09166e48a9500149953857390000003c4552547c040cd0000e3c1001d90e0c0a02000000ffffffff
882,3345,49567,-0.103149794,2.109518268,-0.437849697,-0.459894416,2.168617735,-0.358489234,0.370212851,dc34c23b0d4db5dcbd47af141a64b001220000009964020000000000ffffffffbf668d51d974f99d,3a13f7426a51994ebb385e390000003cf16191300438d000033c1001d9110a0902000000ffffffff
883,3346,49568,-0.105138614,2.110383138,-0.428258236,-0.181956794,2.371285663,-0.138596097,0.397335268,ac34dd3b944dc5dc8ec72e101968b001220000008777010000000000ffffffffd83fae283b3d9a43,6e2dae5b815d8a3c82372e3a0000003c9df5333b043400010338f0008b72010100000000ffffffff
884,3347,49569,-0.012534174,2.104681401,-1.839268804,-0.217879859,2.327753860,-0.499732386,1.373421270,673d2b3b000054d1440348071d40f0011e5c0000b640090000000000ffffffff04638f4de873542e,0b2a5f56a649113b9337df380000003c62ce5173040cd0000f381001c230090201000000ffffffff
885,3348,49570,-0.112886726,2.109550300,-0.437849697,-0.640048378,1.887342711,-0.479838985,0.573618968,f133c33b0d4db5dcba45af141a64b001220000009964020000000000ffffffffab549f4c1c75c032,3e02aa20be4abf63193ac9380000003c0521a2220e101001033c2001ac450b0201000000ffffffff
886,3349,49571,-0.236400747,2.071239752,-0.493693318,-0.650862588,1.901949409,-0.487938441,0.447739831,4c281737fb49c9dc2e3de63c1968b001220000009f5e020000000000ffffffff2d59984c6d757a36,390172224c4a2b5f063aad380000003c67a4f6290e101001033c2001cc29070201000000ffffffff
887,3350,49572,-0.257739130,2.071496009,-0.470176475,-0.256744720,2.322660735,-0.448222685,0.252124329,49261f37464bcedcb2402a361968b00122000000af4e010000000000ffffffff0d50da2b1b3ccc3c,6126c0557b4c4739c13717390000003c0112b57d040cd0000e3c1001d21d0b0202000000ffffffff
888,3351,49573,-0.010793957,2.102278984,-0.512023667,-0.647506454,1.897016445,-0.485949101,0.669488907,913de03af948c5cf029ffc091d4070011f340000876b0a0301000000ffffffffbf47e3277d3c7637,8a01d821684a5f630c3ab6380000003c66bc85220e101001033c2001c232080201000000ffffffff
889,3352,49574,-0.011664066,2.102022726,-0.577032462,-0.216844015,2.348895133,-0.375753865,0.378890315,7c3dd83a6645d8cf49ef4b0c1d40f0011734e0018672040201000000ffffffff6f28eb4e07661826,242af3587750173b7f375a390000003c27e24278043430000e3c1001d2220a0100000000ffffffff
890,3353,49575,-0.133272133,2.045678031,1.850673032,0.104930518,2.068004496,-1.706054060,3.564764589,0532f933e0ca66dbc6ce72701b88a00119840000d915100000000000ffffffffc338ea4fd87da240,7a48b2365307e4343135242f0000003cf4223c79080ca00007309000604b262509000000ffffffff
891,3354,49576,-0.300540198,2.108653398,1.713621703,-0.251399766,2.340855043,-0.356784085,2.083965574,4022a73b57c35bdd6fe5002e1968000000000000fe01000000000000fffffffffc4ea14f256d3c2d,e226f8578251bb40b5376b390000003c1b5ad77f043430000e3c1001d2220a0100000000ffffffff
892,3355,49577,-0.186348772,2.057401828,-0.523391325,-0.179014998,2.372983371,-0.209004529,0.445516051,042d673559483edcb519c53d1a6c900122000000bb42010100000000ffffffff4e5aaa16ff272e33,b52de35ba259eb3e5737ee390000003cbed9233b043430001038f000a459020000000000ffffffff
893,3356,49578,-0.009799547,2.085173772,-0.461721780,-0.007354955,2.075692232,-1.772199621,1.310514421,a93dca38bd4b2751076ede0d0434200003000000c523160100000000ffffffff9d6241223c29a033,e43da237b0032b431636552e0000003c126bf77a080cc000072890008d37241205000000ffffffff
894,3357,49579,-0.008349365,2.085750352,-0.433373682,-0.060680196,2.444479311,0.318596905,0.834796230,cc3ddc384c4da5509f3def1204342000035c80018c72000000000000ffffffffb164aa514c72380d,dd389b64a476c02b8836923b0000003c12f2a57e0d404000000000009e51100000000000ffffffff
895,3358,49580,-0.133976507,2.105097820,-0.433515778,0.067184368,2.065634111,-1.789890539,1.371778252,f431383b4a4d99dc24c32c351a64b00122000000db20040000000000ffffffff166163521372b831,eb446836b7025a328435792d0000003c6aa2ea7d0830300007289000a4291d1005000000ffffffff
896,3359,49581,-0.266398785,2.064673144,-0.442894096,-0.063207655,2.451622499,0.362504484,0.916342354,78254a36c64c95dc7555663e1a64b00122000000dd1e050000000000ffffffffa067a1548971bc34,a0387a650e79882e8736b13b0000003c3682b57d0d404000000000008d6e040000000000ffffffff
897,3360,49582,-0.306258056,2.063135597,-0.425842609,0.042489851,2.095295957,-1.740512273,1.360520386,b6211a36b64d8cdc3270882c1a64b00122000000eb0e060000000000ffffffffa067a154897198fa,9742063a6e05823cb835fd2e0000003c6db35b74080cc00007289000834617160a000000ffffffff
898,3361,49583,-0.129667397,2.105001723,-0.425842609,-0.008390799,2.072264783,-1.812554807,1.392390190,5c32353bb64d8cdcc672882c1a64b00122000000eb0e060000000000ffffffff226032555d6d4c2b,cb3d37377801ff460d36092d0000003ca271473f0830300007289000a32f1e0c02000000ffffffff
899,3362,49584,-0.221111692,2.056280700,-0.445380771,0.276300525,2.276310097,-0.687653985,0.595422673,bd294435a34c41dcc225d57d1a6c900122000000c538010100000000ffffffffd83f0d4df869482e,a2581950513fa640773424380000003cfff11c79031030011434f0007972120101000000ffffffff
900,3363,49585,-0.158049518,2.053013412,-1.839268804,0.390491951,2.220061498,-0.746765808,1.233841806,af2fde34000008dcf9f5f73f1b68200219000000bd40010000000000ffffffff265d2354cd6e982b,66633d49113ca82e283362370000003c498a4a7e0310300114346001ad38190100000000ffffffff
901,3364,49586,-0.223804886,2.058971407,-0.453196036,0.012201777,2.326728829,-0.928790434,0.594628635,7c299835354c5bdcb699e47c1a6c900122000000dc20030100000000ffffffffd83ff64c5a681c2f,bc3f3f560f3242392236c1360000003cb39ed77d0310f0000d241001e41b000000000000ffffffff
902,3365,49587,-0.153574673,2.049617995,-1.303496865,-0.060597329,2.419974654,0.206412328,1.557444899,1b307434751dcddba3f9673f1b68200219840000dc21030000000000ffffffffd83f57500567cc30,df389e61797092339c36353b0000003c396233790d40400000000000ad39190000000000ffffffff
903,3366,49588,-0.151005780,2.046446805,1.103604748,-0.206982782,2.358664963,-0.343213943,1.481181261,59301134cda18ddb8c01183f1b68200219840000e90f060000000000ffffffffd34f0050986b282c,122b245a41523041683776390000003cce21d43b043430000e3c1001d2220a0100000000ffffffff
904,3367,49589,-0.182536867,2.054711120,-0.518986357,-0.203792383,2.342744944,-0.449856786,0.296975047,602d1335974824dcea95657e1a6c2002190000008479010100000000ffffffff687b5b5b1b6f8043,5f2b3358644c5c3e783716390000003c18da547d040cd0000f381001c8280e0101000000ffffffff
905,3368,49590,-0.093951501,2.110575332,-0.379093114,-0.634454822,1.969409288,-0.606872565,0.603286971,ba35e33b48505fdc062504381a6c900122000000f00e000000000000ffffffff1c66bd587d70802b,c502ac2ac243ef44a03922380000003c5116b47b0e103000113c2001da16070403000000ffffffff
906,3369,49591,-0.281397804,2.060925373,-0.429821289,-0.256330383,2.323621702,-0.421508689,0.264020523,0e24d5357e4d79dcb1c5a53e1a6c900122000000ef0a050000000000ffffffff5c47734ff77c5c2a,6b26de55f34dca36bc3730390000003c869ab77e040cd0000e3c1001d21a0e0202000000ffffffff
907,3370,49592,-0.210048880,2.109646397,-0.597494247,-0.459852982,2.147380365,-0.288791280,0.398902825,c82ac63b46444edda87fff2a1968b00100000000fe01000000000000ffffffff63507b47ee78481f,3b1360403f55534aca38aa390000003cc7e1102d0434e000033c1001d91e040301000000ffffffff
908,3371,49593,-0.175575996,2.107051786,-0.517423304,-0.634661990,1.936480154,-0.525593809,0.489817710,082e753bad4808ddb1cb1e2f1968b00100000000ec10030000000000ffffffffe24a194c177bf42f,c002a8263a48f767c9397f380000003cfe5495300e101001033c2001cc29060301000000ffffffff
909,3372,49594,-0.191155088,2.108397140,-0.559980975,-0.655130265,1.962778616,-0.559483640,0.486290003,902c9f3b56462edddcbb4f271968b00100000000fa05000000000000ffffffffd83fc04a1a7eaf67,d200dd295d46275bca3947380000003c7e25b53a0e103000113c2001de16050402000000ffffffff
910,3373,49595,-0.246386282,2.109390139,-1.839268804,-0.611997727,1.881993329,-0.479910033,1.425916304,5b27be3b000060dd50dac7001968b00100000000fe01000000000000ffffffff7e47234c557ca350,e3040320bd4a5199103ae4380000003c8fa88c230e101001033c2001a0500d0201000000ffffffff
911,3374,49596,-0.206361275,2.108877623,-0.596499576,-0.449701713,2.161794870,-0.263853480,0.415533668,212bae3b544443dd9997ce101968b00100000000fc03000000000000ffffffffd83f76401e7a7f65,301422429e56a548bd38c3390000003cc9dd602d0434e000033c1001d722030200000000ffffffff
912,3375,49597,-0.196748645,2.106122851,-1.839268804,-0.064077764,2.458125042,0.393765544,2.264497627,092c583b00001cdd8202a8011968b00100000000dd21010000000000ffffffffd83f5743527b1768,8b384566c67a7c358436c53b0000003c58ee947c0d404000000000008d6e040000000000ffffffff
913,3376,49598,-0.209510241,2.107051786,-1.839268804,-0.083510195,2.459406331,-1.074864841,0.851083518,d52a753b000031dde00298051968b00100000000ea15000000000000ffffffff3737f54e3c7cac43,b6366d66072a28ca7d3add3a0000003c5b88b0690310f00009000000fd02000000000000ffffffff
914,3377,49599,-0.271536570,2.107404141,1.741543513,-0.625090793,1.913128658,-0.497032568,2.274635448,fc24803be0c441ddaeb5902c1968b00100000000fd02000000000000ffffffffcc341a4c177b4545,a703cf23cc49235fdd39aa380000003c8bbc17310e101001033c2001b83a090301000000ffffffff
915,3378,49600,-0.248830873,2.106443174,1.768115414,-0.622521900,1.926550163,-0.500513913,2.306227548,2027623b56c62eddb24540271968b00100000000fa05000000000000ffffffffeb46eb4fd87df822,e50372259b497f62cd399c380000003cc6f4c6330e101001033c2001bf34080301000000ffffffff
916,3379,49601,-0.221028824,2.110158913,-0.614474686,-0.635822135,1.918253815,-0.501224392,0.470857395,bf29d63b57435bdd7c134f2e1968000000000000fe01000000000000ffffffffd83f874b0d7f4769,a4026f249149e771de399a380000003c038994200e101001033c2001cc29070201000000ffffffff
917,3380,49602,-0.266108749,2.110062816,-1.839268804,-0.629482771,1.931611255,-0.519554740,1.380409667,7f25d33b000071dd3ade77001968000000000000ff00000000000000ffffffff6a4b0546307a354f,3d0310268f483f5dc73986380000003cb48d13370e101001033c2001c82c070301000000ffffffff
918,3381,49603,-0.187260315,2.107243980,-0.555149720,-0.627162481,1.975655573,-0.587902785,0.460328348,ee2c7b3b9a461edda79fcd0f1968b00100000000ee0f010000000000ffffffffb26c3d532e6aa812,75036f2bcd44a74fa83933380000003c931d7a3e0e103000113c2001da17070403000000ffffffff
919,3382,49604,-0.222106102,2.049425802,-0.412272467,-0.612577800,1.884203553,-0.483391378,0.429912128,a5296e34754e0adc07eb2c391b68200219000000ad51010000000000ffffffff7948f54e3c7ccc25,d50448208c4a8f7c043ae4380000003c5cfda82f0e101001033c2001a0500d0201000000ffffffff
920,3383,49605,-0.199814742,2.109262010,-0.586552876,-0.465073635,2.127392253,-0.267405873,0.415386320,bf2bba3be04441ddb84b9f2c1968b00100000000fd02000000000000ffffffff2474c951066c8f60,bd12f03d6c56fa44d738c3390000003cb7a1c02b0434e000033c1001de18060200000000ffffffff
921,3384,49606,-0.283635227,2.051123510,-0.393160591,-0.059768654,2.423370071,0.223819055,0.754551276,d823a334824f2cdc9dcbce521a6c200219000000a557010100000000ffffffff75462b4dee7d4755,f33808626e71ca329936433b0000003c8056d67d0d40400000000000ad3a190000000000ffffffff
922,3385,49607,-0.227741093,2.109838590,-0.612343250,-0.242450075,2.310904906,-0.499874482,0.230853290,1d29cc3b75435edd63b72e0f1968b00100000000fe01000000000000ffffffff90752b57136e5d3c,ba275154a4498035b837e2380000003cb532967c040cd0000f381001d0200a0202000000ffffffff
923,3386,49608,-0.098509214,2.109902655,-0.389395055,-0.217714124,2.315709741,-0.539021855,0.280988517,4c35ce3bb74f4edcf183c4181a6c900122000000e915010100000000ffffffff5a781c58756e3235,0f2ae7547d47cf389037c0380000003c95866275040cd0000f381001ae4a040201000000ffffffff
924,3387,49609,-0.097431936,2.110319074,-0.383142843,-0.215766738,2.345884103,-0.405522920,0.264565448,6635db3b0f5055dcb88383101a6c900122000000ed11010000000000ffffffffb0794158b422fdae,3e2a9558d44e423b7f3740390000003c65166378043430000e3c1001d21f0d0101000000ffffffff
925,3388,49610,0.009052811,1.977193120,-0.387121523,-0.209344506,2.342008203,-0.474368299,0.434050035,703f9f2bd74f3d522e3e2f2a044c3000143460019b45130c01000000ffffffffd83f2a7e5f363639,d92a1c580b4b50447c37fc380000003cc5416339040cd0000f381001c72a0c0101000000ffffffff
926,3389,49611,0.011994608,2.101766468,-1.839268804,-0.082557219,2.407578181,0.072273962,1.938158042,b73fd03a0000cfcee701e83f1034d00100000000ea15000000000000ffffffff097c8456096ed436,cd361b601969b73ab036d13a0000003c3af6347d0d10000103000000af420e0000000000ffffffff
927,3390,49612,-0.096603261,2.109742494,-0.378453684,-0.040957730,2.427630357,-0.976960885,0.679970580,7a35c93b51504edc47866c061a6c900122000000e816010100000000ffffffff83724355f76d2e32,b93a8d62692f70dc1a3aae3a0000003c3e28971b0310f0000d240000f906000000000000ffffffff
928,3391,49613,-0.099586491,2.109582332,-0.397423463,-0.069132682,2.436247028,-0.984634054,0.672646665,3235c43b464f4ddcf153bd221a6c900122000000e419010100000000ffffffff5a781c58756ea773,11389a63fd2e68dc333aba3a0000003c5bbce2200310f0000d240000fa05000000000000ffffffff
929,3392,49614,-0.092128416,2.109966719,-0.383142843,-0.048830143,2.550986480,-1.045308930,0.796766652,e635d03b0f5055dcb58183101a6c900122000000ed11010000000000ffffffffa573035a816df35c,fb399871a72b00cea93a6f3a0000003c9ed4b1710310f00000000000fe01000000000000ffffffff
930,3393,49615,-0.092957091,2.108877623,-0.394439453,-0.321008473,1.881448781,-1.790956256,1.433174970,d235ae3b704f44dc2eeee33a1a6c900122000000db22010100000000ffffffffcd7c9d58a66d0756,5220f21fa802803032382c280000003c2c7375760830700003289000c4270d0403000000ffffffff
931,3394,49616,-0.095650285,2.109422171,-0.377387966,-0.318853918,1.886702067,-1.780156981,1.437770850,9135bf3b605047dc03821f601a6c900122000000e21c010100000000ffffffff9c46e94c1c7daf55,862096204003b341313826290000003c956a02760830700003289000c3270e0403000000ffffffff
932,3395,49617,-0.217134052,2.109358107,-0.601970262,-0.432175235,2.198888193,-0.273302846,0.402840685,1d2abd3b074450dd75c39e0f1968b00100000000fe01000000000000ffffffff5a4d4a49f3790026,d715a84619566b569f38ba390000003ccca972350434e000033c1001d820030300000000ffffffff
933,3396,49618,-0.183282674,2.107628366,-0.533338026,-0.105760121,2.406649246,0.008544029,0.623746257,4e2d873bcd471bddcf2fef2b1968b00100000000f30b010000000000ffffffff7c270444dd73975c,9d34fe5f98650548c4369a3a0000003ce02513390d100001030000009763050000000000ffffffff
934,3397,49619,-0.195754234,2.100549243,1.852804467,-0.606777074,1.939715410,-0.518702166,2.412229469,212caa3afecab2dc8039b20a1a64b001220000008973030000000000ffffffff95489b2ac13c5231,61050d279b48435db5398f380000003cf40c3a3b0e101001033c2001b739080502000000ffffffff
935,3398,49620,-0.011581198,2.103624337,-0.573622164,0.529170725,2.175056213,-1.399837768,0.990023929,7e3d0a3b9645aed049ab2b0d1d40f00117780000a553060100000000ffffffff8264ab3d9c3b6c2f,7970c043291864da4c38683a0000003c64cc7e5a0324a00004207000f904020000000000ffffffff
936,3399,49621,-0.008266498,2.104425143,-0.441046851,0.512307187,2.150839846,-1.419304883,1.109116794,ce3d233be04c42d02c572d111d4070011f80e0017c423e0101000000ffffffff524f4712112c893e,e26ecc40171790d851388e3a0000003c4070ee5a0324a00008107000f804030000000000ffffffff
937,3400,49622,-0.011166860,2.087864480,-0.517636448,0.487654104,2.171885022,-1.431311972,1.044358544,883d1e39aa48c74f36ba6c060d100001025c0000bf40000000000000ffffffff3f69832fac2af234,8f6c5d436e16e8dd38388d3a0000003ca8f80a6e0324a00008107000f804020000000000ffffffff
938,3401,49623,-0.006650581,2.086262868,-0.416535338,0.480444631,2.178900081,-1.319837874,1.030436252,f53dec38394e2050d9295f120d10800117403001a255050300000000ffffffffea6b6e571172f630,e16b38448f1c70299b38623a0000003c35aca7290324a00004203001f905010000000000ffffffff
939,3402,49624,-0.109696327,1.942021730,-0.414545998,0.557345678,2.249531151,-1.352733035,1.191512483,3e345527554e96dcea4b43171a64b00122000000ec0f040000000000ffffffff555b17494a75193d,2173d54cc01a5da83c38033a0000003ce375ec39032440000a200000fc02010000000000ffffffff
940,3403,49625,-0.149928503,2.105514239,-0.458950913,0.507583739,2.170219346,-1.326871613,1.090777448,7330453be44bcbdc9413ef171968b00122000000ab51020000000000fffffffffd5ed644f3701b56,706e29432c1cfcd27a38553a0000003c2360cc140324a00004203001fa04010000000000ffffffff
941,3404,49626,-0.138409919,2.102695403,-0.448364781,0.493537697,2.187100332,-1.320690448,1.080478621,8931ed3a794c82dcfbde7d0a1a64b00122000000d916100000000000fffffffff1520345d5667f5e,1d6d3845831c80fad2373d3a0000003cba7267290324a00004203001fa04010000000000ffffffff
942,3405,49627,-0.116532897,2.094431087,-0.500300769,0.274311704,2.011435576,-1.660086092,1.226682417,9933eb399e4992db83d63d4b1b68200219840000ca22130000000000ffffffff90600846f86e5b5a,7258cc2fda0910edfe3add310000003cc7cc4278080ca00007309000583d323007010000ffffffff
943,3406,49628,-0.132526326,2.101542242,-0.444244005,0.243319257,1.959927748,-1.779517550,1.394370829,1732c93ab34c60dcd1920d091a6c900122000000d127060100000000ffffffff7161275263733037,865584294903643042343f2c0000003cbe6e2d770830700003289000ba24140707000000ffffffff
944,3407,49629,-0.281770708,2.066947433,-0.441970474,0.325358089,1.980588537,-1.593514244,1.304651789,05249136d34cacdc7dca5c791a64b00122000000b14c020000000000ffffffffb164aa514c72b830,425d092c830d1802c03a11310000003c1c020a2b032880000724c0005842362903020000ffffffff
945,3408,49630,-0.290969001,2.064929402,-0.433515778,0.349513968,1.909412919,-1.596071967,1.336390925,272352364a4d99dc34c12c351a64b00122000000db20040000000000ffffffff716127526373d811,895f5b235f0d3f66d73bed310000003c674c5e72032870000824c000504e2f2d04020000ffffffff
946,3409,49631,-0.137746979,2.105706432,-0.441970474,0.334349214,1.877701010,-1.714650851,1.376436207,99314b3bd34cacdc31cb5c791a64b00122000000b14c020000000000ffffffff7c5936524d703632,1b5e7d1fda06edbd963b94320000003c647c6f67081cc0000a0c9000962821110e000000ffffffff
947,3410,49632,-0.224177790,2.061950404,-0.468542374,0.328714223,2.062398856,-1.639055924,1.294523754,7329f5355d4b76dc64fd233b1a6c900122000000e70f080000000000ffffffffd83fd23fdd783765,935d0336020bd8f1133be8300000003c0241e338080c70000a309000614b282604010000ffffffff
948,3411,49633,-0.191155088,2.105354078,-1.839268804,0.286037457,1.914249786,-1.760618819,0.520018649,902c403b000006dd47fe87001968b00100000000d32a030000000000ffffffffeb4876502066d633,8d59f223530438e0513bfa320000003c85891b78083070000a0c9000b228160707000000ffffffff
949,3412,49634,-0.155563493,2.041065390,-0.576606175,0.258939782,1.938145830,-1.745130385,1.244127899,eb2f69336c4563db639a587f1b88a00121640000e70d0b0000000000ffffffff867beb59346f80f0,ff56dc262d0530e7323bdf320000003cb73d3b79083070000a0c9000aa231c0b0b000000ffffffff
950,3413,49635,-0.095153080,2.110927686,-0.378951019,0.301906585,2.038727037,-1.652412923,1.335879685,9d35ee3b4a5061dc3ffbf3131a6c900122000000f10e000000000000ffffffff767a3759f96eb422,0c5b2033460a20ea0a3b61310000003cc4505236080c70000a3090006a3e2c2406010000ffffffff
951,3414,49636,-0.096147490,2.110799557,-0.380371976,0.346489304,1.921168748,-1.726515844,1.429681954,8535ea3b36505edcac37c30e1a6c900122000000f00e010000000000ffffffff4d7e1f59e46e7c29,405fca24330628e27a3b30320000003c7e1c7e58081cc000032890009c261b130f000000ffffffff
952,3415,49637,-0.095401682,2.110511267,-0.375540721,0.320427473,2.023031243,-1.609926300,1.305478609,9735e13b7a505ddcd4594e0e1a6c900122000000ef0f000000000000ffffffff83724355f76d9193,cb5c36319c0ca0f6ee3a17310000003c54e5332d0320a000073090005250302903020000ffffffff
953,3416,49638,-0.090636801,2.109069817,-0.397423463,0.309861865,2.021365567,-1.703212145,1.368639945,0a36b43b464f4ddc2151bd221a6c900122000000e419010100000000ffffffffa66bb557d76ee427,cc5b02317b0738eb2b3ba8310000003ca1649475081c30000a3090008d2a28150b000000ffffffff
954,3417,49639,-0.279118947,2.057690118,-0.415327525,0.371142388,1.977321249,-1.615468034,1.367346408,452470354a4e5cdc13eec83f1a6c900122000000e814020100000000ffffffffa8764459a86c3f63,9361a32b4e0c70d3ad3b20310000003c402c8c100320a000073090005c44332803020000ffffffff
955,3418,49640,-0.094821610,2.108333075,-0.386553140,0.370728050,2.057209634,-1.603105706,1.303591284,a5359d3bdf4f35dcbf2e6a781a6c200219000000c737010100000000ffffffffc579a456d36c4761,89616135fc0cb8fb093b42300000003c55edd52b0320a000073090006a55251901010000ffffffff
956,3419,49641,-0.096271791,2.108589333,-0.381366646,0.362275564,2.023800017,-1.718629531,1.416236891,8235a53b285039dc09ca1e5c1a6c900122000000cd30010100000000ffffffffad6e62560270ac26,bd604e31a20608e9513b43310000003ccb30aa6c081c30000a3090009c26210f0d000000ffffffff
957,3420,49642,-0.122830827,2.104168885,-0.407441212,0.370396580,1.958710523,-1.710032740,1.400419973,01331b3bb94e71dc59bb2e711a6c900122000000f00c030000000000ffffffff18626255bb6b3026,81615e291b0784df733ba6310000003c76586e59081c30000a3090008f2a24130f000000ffffffff
958,3421,49643,-0.214399424,2.053461863,-0.440265325,0.393475181,2.002018100,-1.688149998,1.389019134,5f2aec34eb4c25dc18f2757e1a6c200219000000906e010100000000ffffffff3b5b9e522668f030,ae63a62e4f083cde6c3b1d310000003c84688e5b080c70000a3090008a34281206000000ffffffff
959,3422,49644,-0.185105760,2.047503868,-0.458098339,0.399483075,1.997309362,-1.618238900,1.300072966,222d3234f04bc1db46b2977f1b68200219000000db1f040000000000ffffffff3962dd50bf677c37,3f64132e270c18dc993bb9300000003c6da43c0c0320a000073090006550281e02010000ffffffff
960,3423,49645,-0.191610859,2.045998353,-0.438844368,0.385188430,2.086487094,-1.619801953,1.314913525,852c0334ff4cb1db61fb5b751b68200219000000dc1f050000000000fffffffff9626153d569d026,e662f338110ce8f9263bee2f0000003c8829053c080c70000a3090006b5f1a1901010000ffffffff
961,3424,49646,-0.199773309,2.050354737,-0.437707602,0.345204858,1.995355396,-1.594935201,1.280313183,c02b8b340f4d03dc1bda667f1b68200219000000b746020000000000ffffffffc64c5b3cac73a35c,215fd62d6f0d21c4c03bde300000003c01bc581e0320a0000724c0005d3e3a2603020000ffffffff
962,3425,49647,-0.154983421,2.102951661,-0.540229669,0.398488665,2.071976493,-1.601187413,1.197047262,f92ff53a6c47aedcf68a4c061a64b001220000008f6b050000000000ffffffffd83fe739f06a8765,27642e37170d20fd183b942f0000003c821956290320a0000724c0007d531f0f01010000ffffffff
963,3426,49648,-0.140398739,2.096288956,-1.839268804,0.316242664,1.970434320,-1.579730958,0.540111704,5931253a000021dcde0128401b689001220000008973020100000000ffffffffd83f2337be734f68,665ccc2a450e801ab03a3a310000003c3f0bce34032880000724c0005842362903020000ffffffff
964,3427,49649,-0.167703583,2.102086790,-1.839268804,0.325358089,1.980588537,-1.593514244,0.564151524,c62eda3a0000aedc480298001a64b001220000009465060000000000ffffffffd83ff8352371cf67,425d092c830d3b52d23b0e310000003c29000a2b032880000724c0005842362903020000ffffffff
965,3428,49650,-0.156143566,2.100453147,-1.839268804,0.282764190,1.990422432,-1.716995431,0.468719057,dd2fa73a000085dc0bfe07001a64b00122000000b823230000000000ffffffffa14ac53ef2754760,3e593c2db906f8ea263b2d320000003c9d780475081c30000a3090008f2a21150f000000ffffffff
966,3429,49651,-0.167745017,2.104264982,-0.562609746,0.294987148,1.994842880,-1.592164335,1.134053307,c52e1e3b3146d5dcffe63b051968b001000000009e5e040000000000ffffffffd83f22378c6e2767,655ac62d960d000fc23a9f310000003c0bf33b7b032880000730900054403b2a03030000ffffffff
967,3430,49652,-0.149679900,2.098883567,-1.839268804,0.517486407,2.142863821,-1.377244548,0.812718621,7930763a00005edcb9fd87401a6c900122000000a74e090100000000ffffffff6d4b113f9868d75f,5f6fd33f671948de6c38853a0000003c4fccae0f0324a00004207000f905010000000000ffffffff
968,3431,49653,-0.127015637,2.095360022,-0.552236758,0.245349510,1.985297275,-1.656959986,1.170975244,9c32083ac346e5db6a566c451b68200219840000b546030000000000ffffffff1120401c8d104034,b7559c2c060aa0faef3a52320000003ce7a5587e080ca00007309000523f353107010000ffffffff
969,3432,49654,-0.016387513,2.044781128,1.881365709,0.529667930,2.167272381,-1.370495001,3.299663426,0a3ddd3390cc2258c6f502480728500006203000812d2c190b010000fffffeffb22a3d159a14d81f,8570cd42c619f8d86238613a0000003c47fc6e110324a00004207000f904010000000000ffffffff
970,3433,49655,-0.014895898,2.052052445,1.838026512,0.258939782,1.938145830,-1.745130385,3.595410135,2e3dc0342eca55574f1d05480328700005182000784a3c0100000000fffffbffef344813d4122b55,ff56dc262d053f491834d62c0000003ce33e3b79083070000a0c9000aa231c0b0b000000ffffffff
971,3434,49656,-0.014025789,2.048592964,1.766836553,0.276383392,1.922578166,-1.782430513,3.563357114,433d543444c6c7579aca04060728500003188000744f1d1906000000fffffaffe1359e0e6f14bc2b,a458f6242003ec28fe33312b0000003cd0a12c380830700003289000bb26120606000000ffffffff
972,3435,49657,-0.013652886,2.051764155,1.757742426,0.529543629,2.228453943,-1.348257019,3.158087125,4c3db734c4c56b572401834d03287000050860007b43400100000000fffffaff070998589a1fdda3,8270434aff1af0ec2238193a0000003c98e9e339032440000a200000fb02010000000000ffffffff
973,3436,49658,-0.000808422,2.017265442,1.936143611,0.529129291,2.219388822,-1.385415052,3.369634965,823e823093cf8554ad22b16d0e0cf0000444d0006f501e1c05000000ffffffff7c0dc355171d999a,78702849f41878e92e383e3a0000003c15ed58770324a00004207000fa03010100000000ffffffff
974,3437,49659,-0.001057024,2.030046302,1.917173832,0.511022741,2.217723145,-1.347546541,3.309961842,7c3e113288ce4655be69826d0338f0001110900071422b1e03000000ffffffff80082257c32067b5,c36ef448091b20f41038313a0000003cb5e1543b0324a00004207000fa04010000000000ffffffff
975,3438,49660,-0.001015591,2.010218351,1.944811451,0.507790908,2.198151452,-1.322537693,3.312064814,7d3ea62f0dd020542c2a10640e1030000f44d0008738251803000000ffffffff741b7c32de1cb80c,756e9146691c38f7ff37233a0000003ce99a172b0324a00004203001fa04010000000000ffffffff
976,3439,49661,-0.019122141,2.070855365,1.941898488,0.526187495,2.215512922,-1.330566101,3.320739812,c83c0b37e4cffc54c2c5d3550344b0000e08f0007e322a2301000000ffffffffb71f57382e1c6819,3170af48f81bc0f71a380f3a0000003ce12a082f0324a00004203001fa04000000000000ffffffff
977,3440,49662,-0.019122141,2.068933431,1.934154271,0.135260026,2.028957206,-1.799126761,3.736685592,c83ccf3677cf29553eaee1580344e0000b3c2000ad1d1c1701010000ffffffffc33a520f1a131637,564bef31350270321e35512c0000003c78f29b7b0830700003289000b8280e0d04000000ffffffff
978,3441,49663,-0.013238548,2.049073447,1.686268276,0.468221673,2.213462859,-1.399553577,3.127478909,563d6334d6c1c157c5bdb54107283000051820005f50460802000000fffffaff4c28441795141025,ba6a6f482d18b8f706387b3a0000003c4331667c0324a00004207000f904020000000000ffffffff
979,3442,49664,-0.015227368,2.052116509,1.850886175,0.503771834,2.205230575,-1.405379502,3.300919606,263dc234e3ca5257463982520328700005182000754f3a0100000000fffffbff33269a1bba131033,146e6e47db1770eb2838633a0000003c006159730324a00004207000f904020000000000ffffffff
980,3443,49665,-0.015724573,2.050546930,1.861401259,0.539694899,2.190431684,-1.363887549,3.275751277,1a3d913477cb7f57c27114440a0c7000051880005f4f4a0601010000fffffcfff92cce18c513302f,7771a045231ae0d256383e3a0000003c5d28af120324a00004207000fa04010000000000ffffffff
981,3444,49666,-0.015020200,2.050354737,1.825237896,-0.061674607,2.473660674,0.443428001,1.445947142,2b3d8b347ac98057c81d03480a1c3000051880005853490902000000fffffbffe721be20041e0015,c5382a68817d463a7636e73b0000003c4ef6657e0d404000000000008c6f040000000000ffffffff
982,3445,49667,-0.016138911,2.073866395,1.881863044,0.015682212,2.381183622,-0.780229351,2.679961265,103d693797ccbe54ac04555d0308b0000444e000a43d1d0100000000ffffffffb920503e521b4800,1040e35c3a3abd3d2236bd370000003c649a477f0310d0000f5010018c73000000000000ffffffff
983,3446,49668,-0.018956406,2.066466949,1.920584129,0.067681573,2.362444767,-0.805025056,2.743000991,cc3c8236b8ce5555d205b857033810010b3c9000c51c140604010000ffffffff060d5831461f993b,f7449a5add383032e3357a370000003c7c6ac77e031030010d3c4001ac4d060000000000ffffffff
984,3447,49669,-0.019619346,2.075275813,1.949713753,-0.630518615,1.912423949,-0.499021908,2.529036375,bc3c953752d05e5487ad30540b0ce000111020005745352804010000ffffffff9e1e1d35421c880d,2403b923b049e357e139a5380000003cdb3cf4310e101001033c2001c132080201000000ffffffff
985,3448,49670,-0.018873539,2.069125624,1.927831011,0.013941994,2.369972341,-0.819447772,2.763896944,ce3cd5361ecf2655f62d635a0344b0000e08f000af1e1c1501000000ffffffff4e1bba1b6b1f802d,e63f855b1238253e22367a370000003c77a2077f0310f0000d4c4001b748000000000000ffffffff
986,3449,49671,-0.016180345,2.076717263,1.895575281,0.104847651,2.231112618,-1.373550059,3.275006289,0f3dc23758cd845456e951500308b000044400009c3f1a0a00000000ffffffff5b1b0b31ec1c9814,7848964a9b19fc3a763512340000003c4b23497803289000081c4000ea09090400000000ffffffff
987,3450,49672,-0.018873539,2.071111623,1.935788372,-0.638929667,1.908868371,-0.495398467,2.514251761,ce3c13378ecff354387993570344b0000e08f00081322e1c02000000ffffffff791e5e1d971ec420,59024a23e3498f54ef39a6380000003ce5b2457c0e101001033c2001c72d070201000000ffffffff
988,3451,49673,-0.016138911,2.075243780,1.889394117,0.188502400,2.229959458,-1.299589233,3.199285829,103d943701cdac540cf982530308b00004440000a23d1e0200000000ffffffff6517bc1bd820a234,5b50724aac1d7830c83447340000003c2287de710324a00004207000f507020000000000ffffffff
989,3452,49674,-0.016346080,2.078831390,1.902893211,-0.062917619,2.432659418,0.245772845,1.695113887,0b3d0438bfcd37547381f14f030840000b440000803f340c00000000ffffffff772b41189c123c30,a7382a63a37242309836563b0000003c7d8e067e0d40400000000000ad39190000000000ffffffff
990,3453,49675,-0.015185935,2.048528900,1.832413731,-0.075596348,2.415041691,0.102398256,1.769444711,273d5234dfc9cb57f235c15007285000031880006e5f1a1107000000fffffcff422e17181c12ee37,75370461c16a843dab36e93a0000003cabb1c43c0d10000103000000b0410f0000000000ffffffff
991,3454,49676,-0.014978766,2.047728094,1.817493679,-0.081769977,2.414593239,0.087762396,1.769469246,2c3d39340dc9eb57e549634607285000031880007257210c09000000fffffcff1f33a013da13ae31,e036f660f369e03fb136de3a0000003c1d3602760d10000103000000b0410e0000000000ffffffff
992,3455,49677,-0.014191524,2.050386769,1.786658907,-0.057779834,2.438841638,0.269431783,1.566772246,3f3d8c345bc7855798cdb249031ca0000518200057534a0902000000fffffaff14290a1600159847,2339eb63f073a2318b366c3b0000003c1092457e0d40400000000000ad3a190000000000ffffffff
993,3456,49678,-0.015103067,2.052757154,1.847120638,0.218707607,2.179380565,-1.354367136,3.212510683,293dd634aeca3a57731ac20b03287000050860008249330100000000fffffbff7d0e242a6720c034,34534744a91afc366d346d330000003c8057ad710324a00008107000eb0b080100000000ffffffff
994,3457,49679,-0.018252032,2.077389940,1.934935798,0.383323911,2.121113936,-1.257102611,3.217496577,dd3cd73782cf3654b975c057032c400002381001764e220e07050000ffffffff753a8413de1df8e0,b9622c3d022038317e3292330000003c23669c3a0324a000044c8000f409010000000000ffffffff
995,3458,49680,-0.013197114,2.072745266,1.688968094,0.397577123,2.128161027,-1.223354876,2.941671542,573d4637fcc1d9544d60f960020c40000b000000d12e000000000000fffffeffca1a4a2d701db00e,1164083edd21c6336132fd330000003cdcda1d75032440000a4c4001f607010101000000ffffffff
996,3459,49681,-0.018210599,2.071880396,1.919447363,0.332733298,1.952175948,-1.583993830,3.523008795,de3c2b37a8ced954b555644e032c10010e0840008b3a280b06000000ffffffff3125e324161ee815,f45d9228090e1a318532b22f0000003ca676ce72032880000724c0005544352b03030000ffffffff
997,3460,49682,-0.016221778,2.072264783,1.873550444,0.363104239,1.975463380,-1.488150263,3.384418765,0e3d373722ccb9549fbc555b0308b0001110e000a73b1c0000000000ffffffff2c14972fad1da01e,d160692b4e136e423832ee300000003c967f8c6f03289000081cc000ac37100704000000ffffffff
998,3461,49683,-0.019205009,2.072617138,1.945308786,0.280443900,2.123228063,-1.333834303,3.293194548,c63c423714d0be540d2d244f032c10010e08400050413f2e02000000ffffffff791ad44e541bdf78,06596e3dca1b1a32b633e7320000003c2b1f1b790324a00008107000ee0b050000000000ffffffff
999,3462,49684,-0.003128712,2.035043330,1.906658748,0.406153910,2.085814417,-1.261365482,3.194756249,4a3ead32f4cd7155e91ed7690344f0000e244000a22a1c1700000000ffffffffd60f512d961e3a32,e064de38c61f2031e53148330000003cb512ef2e0324a000044c8000f30a010000000000ffffffff
1000,3463,49685,-0.019080707,2.074314846,1.945592977,0.163144943,2.014254412,-1.766444744,3.716993070,c93c773718d087548a6d624b0b0c10010e084000604e311c03010000ffffffffb920503e521bc982,f74d24300104bc31e834f02c0000003c83963b7c0830700003289000aa27171007000000ffffffff
1001,3464,49686,-0.005366135,2.033313590,1.920584129,0.245349510,1.985297275,-1.656959986,3.586639904,143e7732b8ce55559006b857033810010b3c9000c51c140604010000ffffffffc2151753ef1b7985,b7559c2c060a3e3c2334242f0000003c9ca6587e080ca00007309000523f353107010000ffffffff
1002,3465,49687,-0.002300037,2.034690976,1.908079705,0.211456700,1.993081107,-1.707617113,3.622248860,5e3ea23208ce7155ce1e166f0344f0000e1090009929241901000000ffffffff7c149c2dc11dac20,85528f2d3d076f3e6c34162e0000003c8a16dd77081ca00003309000793a1b1918000000ffffffff
1003,3466,49688,-0.018956406,2.072905428,1.941045914,0.203418551,2.124221062,-1.442892774,3.391625710,cc3c4b37d8cfb6542691744b032c10010e084000594a3b1e03000000ffffffffd510df54571cb188,c3518d3dcb15c641803435320000003c04ef5c7503289000081c4000c4250d0801000000ffffffff
1004,3467,49689,-0.001471362,2.033281557,1.910779524,0.242241979,2.170635765,-1.350317407,3.273074330,723e76322ece6555be71c679033ce00011109000882b262501000000ffffffff8a35f117c11de011,6c553643e21a3a33403448330000003c38bfdb770324a00008107000ec0b070100000000ffffffff
1005,3468,49690,-0.013901488,2.072456976,1.758381857,0.438306503,2.010378512,-1.285805947,3.078217860,463d3d37cdc5d054ce341657020c40000b000000bd42000000000000ffffffff8031b61acb1d0014,e867ab2f6e1e9a46ae30a1320000003c7ce6be6e0324a00013104001ea11030100000000ffffffff
1006,3469,49691,-0.014440127,2.072489009,1.799873809,0.424094725,2.029950205,-1.298878754,3.129918500,393d3e3715c8c154c010d656020cb00004000000a758000000000000ffffffff011b962f151dd00b,91660e32b61d793e433194320000003c05cb6f660324a00013104001e911050100000000ffffffff
1007,3470,49692,-0.018624936,2.071367880,1.929678256,0.442449878,2.060829276,-1.231099093,3.194247093,d43c1b3738cfeb5491f9d44f032c10010e08f0008333311503000000ffffffffe01a502bc01d2014,4c68d23570213a3c12316c330000003cb7dade6f0324300114284000ef0a040101010000ffffffff
1008,3471,49693,-0.017837695,2.072360880,1.911774194,0.414192058,2.084693289,-1.225131072,3.166540138,e73c3a373cceca5492f9534e032c100102384000953f1b0a05000000ffffffff850c8c2f8b1f4036,a265bb38c421ea32a631a5330000003cc17aae72032430010a104001f408010101000000ffffffff
1009,3472,49694,-0.019453611,2.075948490,1.947795461,0.338326854,2.155164198,-1.250353064,3.219073776,c03caa3737d04b5483bde0540b0ce000111020006051261e07020000ffffffff9457b3451b774b52,7b5e5341612041395e33f8330000003c4df73c740324a00004203001f707010100000000ffffffff
1010,3473,49695,-0.161529954,2.106090819,-0.478489075,0.246675391,2.201963288,-1.278559065,0.903291272,5b2f573bd14aeadc6f2f3f121968b00100000000d822050000000000ffffffffd83f6639d86c6766,d7550847d41e72305f341c340000003c1a3f6c780324a00004207000f707010100000000ffffffff
1011,3474,49696,-0.145329356,2.097666342,-1.839268804,0.425130569,2.063359823,-1.040335579,0.982291077,e230503a000041dcc70158401a6c9001220000008b6e040200000000ffffffffc352d442fb75db5e,aa662136ed2b835071310b350000003cb7ee5e6a034c400014589000e114050302000000ffffffff
1012,3475,49697,-0.159706868,2.105001723,-0.503711067,-0.066770958,2.465236197,0.417992865,0.993953771,872f353b6e49d6dcfd0e7d071968b00100000000ab4d070000000000ffffffff486c0c50fe697763,4a3823671b7c92378236d63b0000003c6102b47a0d404000000000008d6e040000000000ffffffff
1013,3476,49698,-0.225462236,2.048176545,-0.413125041,-0.065859416,2.467382357,0.430568337,0.955523463,54294734694e07dc235b8e4d1b68200219000000b04d010000000000ffffffff0609d254721fada9,60386667cc7c2f397f36de3b0000003c5d22157d0d404000000000008d6e040000000000ffffffff
1014,3477,49699,-0.001139892,2.016528700,1.944882498,-0.085996220,2.407738342,0.057922294,1.928954223,7a3e6b300ed07a54897e12770e0cf000044420019c34151307000000ffffffff351eec45191bc776,7a3620604f68e53eb836c63a0000003cde69233a0d10000103000000af420e0000000000ffffffff
1015,3478,49700,-0.004371725,2.034082363,1.914971348,-0.062213245,2.416226883,0.189076649,1.768641452,2c3e8f3269ce6655ad028b63033810010f2c9000bf1b150e01000000ffffffffab0ad657e81e419e,b8382961856fa348a2362a3b0000003cbafe02780d40400000000000af321e0000000000ffffffff
1016,3479,49701,-0.001015591,2.020308504,1.938630286,-0.036565752,2.502842037,-0.959625206,2.938364737,7d3ee130b6cfbd54bb9222770e0cf0000444d000665e210f0b000000ffffffff120cf157241e4996,233bb96b5d30b0d94e3a503a0000003c66d8c4160310f0000d000000fb04000000000000ffffffff
1017,3480,49702,-0.000932723,2.024408629,1.932022835,-0.091009704,2.404919505,0.043499577,1.928580433,7f3e613159cf025544c6947c0338f00011100000665b241209000000ffffffff9d21b41c2312073d,0136c85f8467fc44bd36ba3a0000003cba1d743b0d10000103000000ae430e0000000000ffffffff
1018,3481,49703,-0.016221778,2.048016384,1.877742268,0.316242664,1.970434320,-1.579730958,3.474287364,0e3d42345dcce0572506030707285000031880006d521f100c060000fffffdffdd39df0fee120234,665ccc2a450e5c27ea3212300000003cb60ace34032880000724c0005842362903020000ffffffff
1019,3482,49704,-0.013362849,2.048817190,1.705024912,0.264864809,2.085269869,-1.433372360,3.150916829,533d5b34dec2cb57af51334707283000051820006350400a02000000fffffaffd60fbb2e631e1429,8e57cd385116ce3dea3311320000003ceb8e477c03289000081c4000c7240e0501000000ffffffff
1020,3483,49705,-0.019287876,2.073930459,1.947937557,0.272074282,2.156093132,-1.339162893,3.301010751,c43c6b3739d0915466b1e1520b0c10010e0840005444392b02010000ffffffff4d20223f4d1b4815,3c5870417f1b58370a3422330000003c908f5d700324a00008107000ec0b070100000000ffffffff
1021,3484,49706,-0.019163575,2.066498981,1.927902059,0.326849705,1.995707750,-1.509890909,3.455887307,c73c83361fcf5e55dc4d034e033810010b3c9000c11f140504010000ffffffff6737bc0a910fad43,665de12d1c12d146c732dd300000003c9c376c6e03288000091cc00099400f0c09000000ffffffff
1022,3485,49707,-0.013611452,2.039559875,1.741046178,0.294987148,1.994842880,-1.592164335,3.347764184,4d3d3a33d9c453585f66a10e071460000a0c00006a68260700000000fffff6ff803ab309b80fc23e,655ac62d960dec2c703323300000003cb9f23b7b032880000730900054403b2a03030000ffffffff
1023,3486,49708,-0.013238548,2.039976294,1.691667913,0.246012451,1.969537417,-1.710672171,3.412929938,563d473322c25058a8964602071460000a0c00006d67230700000000fffff6ff1e328b0cc10e014d,c755b02a1207c7473134e22d0000003cfe56887b081ca0000330900083341a1717000000ffffffff
1024,3487,49709,-0.014191524,2.037253554,1.796179320,0.322416293,1.978890829,-1.546693702,3.360284374,3f3df232e1c76a58c2e6520b051c60000a0c80007a552d0300000000fffff6ff3c24fc13540e3f46,fb5cd42b16103e35da3274300000003c253f7d75032880000724c00080411f1609010000ffffffff
1025,3488,49710,-0.015724573,2.036164458,1.869784907,0.265362014,1.991511528,-1.615183842,3.496571283,1a3dd032edcb71585d8e010e051c600008283000725a300201000000fffffaff6b1ea217b10db76a,9a575e2d520cdc30e8330e300000003c583a497f080ca000073090004f41363106020000ffffffff
1026,3489,49711,-0.016387513,2.034146428,1.885628580,-0.073773263,2.413311950,0.119094504,1.807678694,0a3d9132cccc8258256bd514051c60000828c0007947320c00000000fffffcff791c1218660df43f,a137ce60ac6b1242a836f43a0000003c3d75a1300d10000103000000b239140000000000ffffffff
1027,3490,49712,-0.016553248,2.033057332,1.890672979,-0.099130720,2.405848440,0.027016473,1.902369002,063d6f3213cd8c583202c060051c60000828c000753f341600000000fffffcff3e1dea162d0d2830,3d35e55f9c66714bbf36aa3a0000003c9559143b0d10000103000000a94a0c0000000000ffffffff
1028,3491,49713,-0.016428947,2.032224494,1.888683638,-0.060680196,2.411934564,0.175790699,1.755032801,093d5532f7cc94588da1d24a051c600008280000793d371300000000fffffcff1e1f2516600d1e47,dd38a360ca6e6b51a0361f3b0000003cbc66a3790d10000103000000b32a230000000000ffffffff
1029,3492,49714,-0.016263212,2.032897171,1.883781336,-0.057987002,2.441948765,0.293517009,1.642560413,0d3d6a32b2cc8e583f12b502051c6000082800007d41360b00000000fffffcffa448257a2c469764,1e394c644375d02e86367f3b0000003cee5593790d40400000000000ac3a180000000000ffffffff
1030,3493,49715,-0.132360591,2.016208378,-0.584421440,0.224881236,2.010154286,-1.646231759,1.120312246,1b326130fe44ead55d746e321d7c000100000000fe01000000000000ffffffff5e457b7deb46b76e,c953a42f9d0ab6424634982f0000003cc85e5c78080ca000073090004e44392e05010000ffffffff
1031,3494,49716,-0.127181372,2.013133284,-0.634297040,-0.062917619,2.408507115,0.148437272,0.879274302,9832013040422ed6a3745d771d7c000100000000ff00000000000000ffffffff5149227cdd40c778,a7383860496da144a3360a3b0000003cd195a43c0d10000103000000b42f1b0000000000ffffffff
1032,3495,49717,-0.168242222,2.014446605,-0.573053782,-0.060017256,2.440699508,0.283925547,0.963232968,b92e2a309e4574d414ad3b7c1d40f0010d000000dc1e050000000000ffffffffcc4a6b7b063e5777,ed382564bc741c318b36783b0000003cd45952760d40400000000000ad3a190000000000ffffffff
1033,3496,49718,-0.209675976,2.015055218,-0.552449901,0.410960225,1.992920946,-1.406374172,1.055872094,d12a3d30c04664d3ffecdb7a1d40f0010d0000008974020000000000ffffffffe547147d6145076e,54658a2dcd174d497931b4310000003c86b34f6103289000081cc000bb2d130302000000ffffffff
1034,3497,49719,-0.135550990,2.013421574,-0.591881465,0.101367215,2.111696460,-1.620370336,1.059989409,ce310a309544bbd5a2404d371d7c000100000000ff00000000000000ffffffff1a49857ad745ef66,2448063c090c213841358e300000003c1d935d740320a000073090005e522c1d05010000ffffffff
1035,3498,49720,-0.134017941,2.015952120,-0.579519137,-0.545413684,2.473340352,-0.748826196,0.638055900,f33159304345d5d56ef8bd331d7c000100000000fe01000000000000ffffffff1749ff7a9c3f9f78,2a0b2068f43bc8102930423a0000003cbd286b1c0300000000000000ff00000000000000ffffffff
1036,3499,49721,-0.184649988,2.014446605,-0.574403691,-0.553907604,2.486281373,-0.779945160,0.633424447,2d2d2a308b451cd412b92b7c1d40f0010d000000bf3a050000000000ffffffff6a49e77b6c43d774,5d0ab4693e3aa6bdcd30623a0000003c0de1b4790300000000000000ff00000000000000ffffffff
1037,3500,49722,-0.147815381,2.014350509,-0.574403691,0.431511367,2.062398856,-1.169429547,0.831855693,a63027308b4513d5df806c3a1d40f00100000000fc02010000000000ffffffffcf48457c7444cf71,44670336d4244d3a173117340000003c81f69e6f0324300114106001ef07060101010000ffffffff
1038,3501,49723,-0.141268848,2.013966122,-0.581650573,0.455501511,1.929817450,-1.387262296,1.006094483,44311b30254568d5c2f80c391d7c000100000000fe01000000000000ffffffff774c4378ee44c764,8769d825da1867411b303e310000003c75573f680324a000081c3001cf1c140100000000ffffffff
1039,3502,49724,-0.140025835,2.018290473,-0.544137301,0.370438014,1.828339341,-1.692626013,1.271094448,6231a230354789d55e687e321d7c000121000000fd02000000000000ffffffffd64eae77ce43a766,826178191008642cbc316b2c0000003ca7c68c79081ca0000c0c90007b401c190d000000ffffffff
1040,3503,49725,-0.146945272,2.019155343,-0.524030756,0.361322588,2.187036268,-1.127013973,0.806293360,bb30bd30504831d568503e331d7c000121000000fb03010000000000ffffffff2a50a4761d40b76c,a66036452927b82e5933f4340000003cc59a9d760310300109506001f604030100000000ffffffff
1041,3504,49726,-0.183406976,2.020084278,-0.515362916,0.301906585,2.013773929,-1.556285164,1.148515649,4b2dda30ca4832d492b42d761d40f0010d000000c92e080000000000ffffffffa75022783541276a,0c5b15308f0f84327233a6300000003c09070d77032880000724c000873c1f1308010000ffffffff
1042,3505,49727,-0.168117921,2.019828020,-0.513302528,0.235529711,2.092829475,-1.438700950,1.012236564,bc2ed230e74884d47f000e751d40f0010d000000e117070000000000fffffffff04f95778942a999,ca54b9390616243a30340f320000003c133bac7703289000081c4000c4260e0601000000ffffffff
1043,3506,49728,-0.154320480,2.019699891,-0.517636448,0.249492886,2.033441719,-1.557137738,1.115265441,0930ce30aa48d8d466641e331d40f0010d000000f406060000000000ffffffff344d53755f4675a8,1b567b32830f043f1b34d6300000003cdee63b79032880000724c000923e1d0909000000ffffffff
1044,3507,49729,-0.133396435,2.020692891,-0.537103563,-0.546739564,2.496371526,-0.745984281,0.663892959,0232ed309847e8d524e87e2a1d7c100210000000fc03000000000000ffffffffd350fc75c73e3f6d,0a0bef6a1c3c7995f730443a0000003ce6bd3d2a0300000000000000ff00000000000000ffffffff
1045,3508,49730,-0.205242564,2.020660858,-0.510460614,0.442035541,2.200617934,-1.345841392,1.072014244,3c2bec300f49a1d396a49d761d40f0010d000000a159050000000000ffffffffa067a154897168b8,4268de46211b80fbb837883a0000003c7d39053b0324a00008107000f706020000000000ffffffff
1046,3509,49731,-0.111436545,1.925364970,-0.425842609,0.432588645,2.192385651,-1.405166358,1.151667685,14344d25b64d8cdcd173882c1a64b00122000000eb0e060000000000ffffffffbf668d51d9746828,5e67dd45de17f0f6f4379c3a0000003c1b19057c0324a000081c4000f406050000000000ffffffff
1047,3510,49732,-0.110483569,2.110447203,-0.428258236,0.409717212,2.022358567,-1.479127184,1.175880099,2b34df3b944dc5dc6dc52e101968b001220000008777010000000000ffffffff9271fe55ab716e33,36652131cd1394255038063b0000003c32ac3c5403289000081cc000cf22090302000000ffffffff
1048,3511,49733,-0.108246146,1.923058649,-0.400052234,0.323742173,2.231625134,-0.743071319,0.632051640,61340525214f8fdc171a3e0c1a64b00122000000ef0b050000000000ffffffff765d2c4fbe74f182,1b5da64a453cc23e03349a370000003c63429c7a03103001143460019842230100000000ffffffff
1049,3512,49734,-0.105635820,2.109165913,-0.452343462,0.320800376,2.233835358,-0.809003736,0.569734018,a034b73b414cc3dc7ecea8281968b001220000008d71010000000000ffffffff4861085321751f73,d45ceb4aa5381e3e02343f370000003c84b55b3b0310300114340000bc241f0000000000ffffffff
1050,3513,49735,-0.106671663,2.109934687,-0.442396761,0.296727365,2.245559155,-0.793515302,0.551732727,8734cf3bcd4ccadc2162e3191968b00122000000926c010000000000ffffffff2b5bb752d473d76d,8f5a594c7f397b5539343b370000003c6b7d7b3c0310300114346001b22d1f0100000000ffffffff
1051,3514,49736,-0.108246146,2.108653398,-0.459732439,0.181665831,2.294248146,-0.873728340,0.538411525,6134a73bd94bb4dc9a82a43c1a64b00122000000a15d020000000000ffffffffd83fd148cb746c2a,b64f495216354c2dfd34b9360000003c0f02ea3e031030011434f000bb33110000000000ffffffff
1052,3515,49737,-0.190450714,2.072360880,-1.839268804,0.163393545,2.040296616,-1.705201485,0.379747182,a12c3a370000c3dcfd01f83f1a64b001000000008d71020000000000ffffffff1f4b264bfb74302c,fd4d51335f078437c9348a2e0000003ca83a3c7a081c30000a3090007731291a15000000ffffffff
1053,3516,49738,-0.212452037,2.071720235,-0.556925917,0.170064379,2.049361738,-1.626054165,1.135717361,8e2a26378146c6dca6c9953e1968b001000000008777020000000000ffffffff704b164fc471d02a,9e4e6c34b90b33429d3424300000003cda2ebd75080ca000073090005544342c06010000ffffffff
1054,3517,49739,-0.197287283,2.065890369,-0.554155050,0.151336323,2.093406056,-1.626551500,1.127975921,fc2b7036a84690dcc3ad953e1a64b00122000000e01a050000000000ffffffffa755a94edf71242c,da4ccb39b20b2e3bda3452300000003c003fad750320a000073090005b4f302005010000ffffffff
1055,3518,49740,-0.221401728,2.065281757,-0.488577872,0.115123222,2.133414313,-1.542928165,1.108848785,b6295d36434a91dcc5c5b53e1a64b00122000000db1e060000000000ffffffffd83fb649487d5f69,7049ac3e4b10373d2c3547310000003c23975d73032880000724c0008939320802000000ffffffff
1056,3519,49741,-0.233748987,2.108749494,-1.839268804,0.192521474,2.092316960,-1.538381102,0.522024849,8c28aa3b000053dd6b0248011968b00100000000fd02000000000000ffffffffb3131e27df0eb9ba,bc50a9398b1070468a3418310000003cc7eafb78032880000724c0008842260905000000ffffffff
1057,3520,49742,-0.005904774,2.066146627,1.911418955,-0.645600501,1.976007928,-0.591455178,2.584901262,073e783637ce575823825055081470000c18a000be1c110b08010000ffffffffb3131e27df0e803a,b8017a2b9b44e14fb3392b380000003c67be037b0e103000113c2001db16070403000000ffffffff
1058,3521,49743,-0.018293466,2.038150457,1.911418955,0.227201526,2.216666082,-1.278274874,3.204103984,dc3c0e3337ce5758e1815055081470000c18a000be1c110b08010000ffffffff6b35300fb714180d,0154d348d81e30258c3438340000003ce0e21b7b0324a00004207000f706010100000000ffffffff
1059,3522,49744,-0.013735753,2.052020413,1.762999968,0.003127785,2.298796723,-1.322040358,3.094940506,4a3dbf340ec657573237a50d0328700005086000823f3d0100000000fffffaff43352e0fb714001a,e13ed752701c4e42193682340000003c316336790324a00008100000fc02000000000000ffffffff
1060,3523,49745,-0.013777187,2.052116509,1.764634069,0.075388252,2.218491919,-1.418523356,3.188749355,493dc23425c657579593414d0328700005086000823f3d0100000000fffffaff352fe40e8f159423,b1450c492217683b9a35a4330000003cfe9a697b0320a000091c4000e20d090700000000ffffffff
1061,3524,49746,-0.014150091,2.053974379,1.814367573,0.080236001,2.194371649,-1.466764856,3.285490853,403dfc34e1c826574dc1934b031ca000021460009536320200000000fffffaff1673e350206d0355,26461b467b1406318435a5320000003c4be2ca7d0320a000091c0000c918160701000000ffffffff
1062,3525,49747,-0.117278704,2.101862565,-0.395931458,-0.003335881,2.225506978,-1.404669023,1.022654577,8733d33a5b4f3fdc0bb32d0a1a6c900122000000ca30030200000000ffffffff1673e350206d2246,453ee749e51725461636cd330000003cd7eaa87c0320a000091c4000e20e090700000000ffffffff
1063,3526,49748,-0.099545058,2.108429172,-0.395931458,0.171763163,2.140109049,-1.498381155,1.135784795,3335a03b5b4f3fdca1b22d0a1a6c900122000000ca30030200000000ffffffffdb585a4ba5666f67,c74e7d3fbe121942c634ad310000003c136b6d7303288000091c4000c3230c0b01000000ffffffff
1064,3527,49749,-0.183116939,2.038374682,-0.469039709,0.045100177,2.195364648,-1.457031298,1.026087853,522d1533564b84db4f43ce511b68200219840000d617120000000000ffffffff3851584e8673802f,d6423a460415ba3bc435e9320000003ca5391a3e0320a000091c0000f009040200000000ffffffff
1065,3528,49750,-0.220987391,2.068517012,-0.511881571,0.480651799,2.133958861,-1.324029698,1.075251026,c029c236fb48aedc7155143c1a64b00122000000ac51020000000000ffffffffcc48b462cc503fb3,e66bbd3e541cc8da9638983a0000003c318c0c150324a00004203001f706010000000000ffffffff
1066,3529,49751,-0.066978127,2.095680344,-0.581863717,0.521174011,2.223969431,-1.374544729,0.995351302,4538123a224557d837a76f211f84d00122000000e419010100000000ffffffff42477666eb4efeca,b86fb7498d1948ed20383a3a0000003c4ec9f57d0324a00004207000fa03010000000000ffffffff
1067,3530,49752,-0.067102428,2.097730407,-0.598062629,0.537291741,2.234764293,-1.364384884,0.985555882,4238523a3e4416d8191a8d781f84d00122000000e915010000000000ffffffff5744096651503dc4,3d71084b1c1a68e22b381e3a0000003c0a81847b032440000a200000fc02010000000000ffffffff
1068,3531,49753,-0.067931103,2.096481150,-0.654261489,0.546945806,2.211925312,-1.357706385,0.941400918,2e382b3a274145d8ecaa9c371f84d00122000000ea13020000000000ffffffffca45c267cc4f46c3,26723f487a1a82c84b38213a0000003c71506f15032440000a200000fc02010000000000ffffffff
1069,3532,49754,-0.067765368,2.097057730,-0.624137195,0.480444631,2.178900081,-1.319837874,0.889512118,32383d3acf4233d8b9eecc371f84d00122000000eb12020000000000ffffffffc732740e8b0f4b4c,e16b38448f1cb0fea837583a0000003c5aaea7290324a00004203001f905010000000000ffffffff
1070,3533,49755,-0.014191524,2.040072390,1.789358725,0.516450563,2.189919169,-1.408576655,3.245123385,3f3d4a3381c75058d65ec20d071460000a0c80006d61250c00000000fffff6ff5b341412ca10ae45,466f9045ae17f0e03938673a0000003ca1d48b680324a00008107000f804020000000000ffffffff
1071,3534,49756,-0.014191524,2.044813161,1.772875621,0.401596197,1.766068684,-1.692483918,3.501327555,3f3dde3399c6255892f2b10c0714a000060c80007e382e1704000000fffff8ffa250325f164e3bb2,7264e0111208ec3db930012b0000003cc9fa1f22081ca0000c0c90006745271713010000ffffffff
1072,3535,49757,-0.064574969,2.098306987,-0.515007677,0.408681369,1.720839173,-1.743069997,1.369156884,7f38643acf48f0d798721f271f84d00122000000d42a010000000000ffffffff2f4d05623c4fdbb0,1d655c0c4a0588447730c1270000003cc7463f6b081cc0000a0c9000a327250d04000000ffffffff
1073,3536,49758,-0.065735114,2.097281956,-0.536250988,0.364015782,2.150775782,-1.157919793,0.757640763,6338443aa44721d8cd4a2f271f84d00122000000de20010000000000ffffffffaa4b1a58594e3192,e760ca407625c034eb328f340000003c29472e72031090001350a000fa03020100000000ffffffff
1074,3537,49759,-0.062917619,2.097474149,-0.551952566,0.347442280,2.184409625,-1.165806106,0.743484494,a7384a3ac746ffd73b3e2d271f8420021d000000a35b000000000000fffffffff3504058744d9dab,575fe4440725e9419133b1340000003c13872e6f0310900013284001fa03020000000000ffffffff
1075,3538,49760,-0.062669017,2.098723406,-0.513302528,0.349513968,1.909412919,-1.596071967,1.173934807,ad38713ae748c0d7441abf291f84d00122000000b14d010000000000ffffffff23476a5f76502994,895f5b235f0d523a4432ec2e0000003ced4e5e72032870000824c000504e2f2d04020000ffffffff
1076,3539,49761,-0.065942283,2.095616280,-0.599199395,0.300787873,2.022967179,-1.511382914,0.985823347,5e38103a2e444bd8824a8d0c1f84d00122000000da22010100000000ffffffffea49ab63e54f23b6,f15a3431071224dc1338363b0000003cf5a82a7503288000091cc000a6380f0c06000000ffffffff
1077,3540,49762,-0.066605223,2.096641311,-0.570282915,0.326849705,1.995707750,-1.509890909,1.023649132,4e38303ac54537d8ec1a4f2a1f84d00122000000e518010000000000ffffffff0052a058154cb9b6,665de12d1c12eec72f38433b0000003c67346c6e03288000091cc00099400f0c09000000ffffffff
1078,3541,49763,-0.062420414,2.100260953,-0.507902891,0.165630968,2.271729488,-1.127795499,0.682404379,b338a13a33495dd72f828f291f84d00122000000c833030000000000ffffffffd83f0a68b54dccd0,334e8a4f1e27b01ef33434350000003c0e366a3e031090001434f000f806000000000000ffffffff
1079,3542,49764,-0.068055405,2.099011696,-1.839268804,0.147607285,2.296106016,-0.985273485,0.902587708,2b387a3a0000dad76ffd977e1f84d00122000000ec12020000000000ffffffff6f45e060e850898e,804c8352f42e601c50352a360000003c18ba8a3d031030010934f000ec13000000000000ffffffff
1080,3543,49765,-0.066522356,2.095167828,-0.631384077,0.209053542,2.283261091,-0.983213097,0.484876077,5038023a69425bd847f65b081f84d00122000000e11c010100000000ffffffffd83fc85db4502185,4b52f250112f6b3fc334ff350000003c20cfca780310300114349000d617120000000000ffffffff
1081,3544,49766,-0.065362211,2.094591248,-1.839268804,0.010958764,2.360682994,-0.865628883,1.012227446,6c38f039000053d8920128051f84d00122000000d527010100000000ffffffffd83f9c5f18519187,9e3f635a8835753f223634370000003caec6077e0310f0000d501001be41000000000000ffffffff
1082,3545,49767,-0.066066584,2.094399055,-1.839268804,0.283137094,2.231945456,-0.975682024,0.941617942,5b38ea39000061d88dfde7031f84d00122000000de1f010100000000ffffffff5d4366639553ebb4,4759b04a7b2f1c304034de350000003c635e197f034c40001424d000d914120000000000ffffffff
1083,3546,49768,-0.069215550,2.093534185,-0.675362705,0.151253455,2.301839785,-1.175823855,0.585200109,0f38cf39fe3fb9d8c5874f1f1f84d00122000000ee0f020000000000ffffffffc442fb652d5248d0,d84c36537a24d42a49351a350000003c2b6fbe72031090000a000000fb03010000000000ffffffff
1084,3547,49769,-0.068925514,2.094815474,-0.698950596,0.162896340,2.278360159,-1.027546964,0.442047053,1638f739b23e86d89dfe4b3b1f84d00122000000ec11020000000000ffffffffd83ff764d15320d0,f14d5950a12c8230fc34d3350000003cd73e7d77031090001350d000f10e000000000000ffffffff
1085,3548,49770,-0.069754189,2.093566217,-1.839268804,0.310483372,2.226948428,-0.892413928,1.029031376,0238d0390000c1d8ebfe173c1f84d00122000000f00e020000000000ffffffff5148cc7a324781a1,db5b144a0f34fe391a3485360000003c75c66a7d034c400014346001d21b110000000000ffffffff
1086,3549,49771,-0.126642733,2.015663830,-0.587973833,0.289144988,2.235501034,-0.936747794,0.585534885,a5325030cc4437d63e041f2f1d7c000100000000ff00000000000000ffffffff8445bf7cc1451f72,d8591f4b9f31302c403413360000003c2fa2497f034c400014349000d615140000000000ffffffff
1087,3550,49772,-0.133313567,2.013133284,-0.630744647,0.301202211,2.248666281,-0.773337709,0.514405030,043201307242d8d5d16cac391d7c000100000000ff00000000000000ffffffff0c4b2b76bb4675a8,fb5aba4c9b3ad352353462370000003c73fe1c7603103001143460019f3d220100000000ffffffff
1088,3551,49773,-0.130786108,2.019571762,-0.559483640,0.368324892,2.231977488,-0.716925705,0.564815003,4132ca305d4604d62528df2a1d7c000121000000fd02000000000000ffffffffd83fff7fc446e77f,4f61b14ab53db8346c33be370000003c397eb87f03103001143460017b661c0201000000ffffffff
1089,3552,49774,-0.126849902,2.006662773,-1.839268804,0.082929195,2.331886018,-0.888222104,1.026775172,a032372f000030d601fee77f1d7c000100000000ff00000000000000ffffffffd83f0a7f8045df7f,6746e0564a348232bf35e5360000003cccc2487d031030010d3c4001ba3e060000000000ffffffff
1090,3553,49775,-0.133645037,2.005958064,-1.839268804,0.079655928,2.097890568,-1.690352482,0.275907517,fc31212f0000cbd5fcfdc73f1d7c000100000000ff00000000000000ffffffffb8498e72774748d7,1846573a3008ed3c6e35df2f0000003c59bb2d71080ca000073090005e50262308000000ffffffff
1091,3554,49776,-0.127222805,2.021525729,-0.573195877,0.110109737,2.177458631,-1.487937119,0.957806528,973207319c452ed6269ccd141d7c100210000000fa05000000000000ffffffffd83f817f0d45cf7f,f7480b445113ac35483513320000003cccb6bc780320a000091c4000c31a190801000000ffffffff
1092,3555,49777,-0.136338231,2.005701806,-1.839268804,0.200393887,2.257955628,-1.048506084,0.895726627,bb31192f0000a4d500fef77f1d7c000100000000ff00000000000000ffffffffd83ff17f0d48e77f,7a51dc4d7a2ba42bb234a0350000003ca565483f034c40000950d000e90c0a0000000000ffffffff
1093,3556,49778,-0.121007742,2.007271386,-1.839268804,0.213031182,2.336658820,-0.716641514,1.216704614,2d334a2f00008ad6fdfde73f1d7c000000000000ff00000000000000ffffffffa0681531442cee3a,ab527557b93d1837f334fe370000003c5342fc7a031030010d50f00081700c0100000000ffffffff
1094,3557,49779,-0.006567714,2.087383996,-0.419874588,0.210047952,2.321123188,-0.747192095,0.456829407,f73d0f390a4e0f4fdd5dbf130d60400017400000c01f150c01000000ffffffffb7696532362d4f3e,635290550b3c6941e134b3370000003cc4628c78031030010d50f000935e0e0100000000ffffffff
1095,3558,49780,-0.006443413,2.088024641,-0.418027344,0.241289003,2.312378389,-0.708044722,0.442511055,fa3d2339244e5b4ef9b16f170d60700104403001964a170701000000ffffffff723f360e522c9f3f,55557f54323e6e47be3409380000003c55fa2c78031030010d50f000876a0d0100000000ffffffff
1096,3559,49781,-0.012492741,2.087832447,-1.839268804,0.117733548,2.203564899,-1.413763150,0.459791201,683d1d390000e84f6ffec7000d10000100000000c23c000000000000ffffffffda3f7f12942ed83f,af493a476517f42f483563330000003c0da7ba7a03289000081c4000dd100a0900000000ffffffff
1097,3560,49782,-0.012492741,2.088985608,-1.839268804,0.208017698,2.275861645,-0.853763890,1.027018715,683d413900008c4e76fae7000d10000117780000f20c010000000000ffffffff29451f166936014b,32520b502f36702fc034cc360000003c238e1c3a031030011434f000ba34110000000000ffffffff
1098,3561,49783,-0.011829801,2.093758410,-0.587121258,0.173254779,2.301391334,-0.844811859,0.379173019,783dd639d844db437aaaeb03103470011e00000098530f0400000000ffffffff063fc00c8a295340,eb4e2853ad36543f1035f3360000003cf016ed75031030011434f000b737110000000000ffffffff
1099,3562,49784,-0.012534174,2.086583190,-1.839268804,0.241910509,2.297771692,-0.746907903,1.141312848,673df6380000a3503f0648000434200003000000965f090000000000ffffffffda3f3815f7335a40,6455b7520f3c134bae34af370000003cab8eda7b031030010d50f000955b0e0100000000ffffffff
1100,3563,49785,-0.012492741,2.092028670,-1.839268804,0.213486954,2.313915936,-0.761756907,1.123090677,683da03900001e4a120208000d4070011e100000965f060500000000ffffffff9a4742158a312c44,b652af543e3b6240d63490370000003caf4e4c79031030010d50f000965a0e0000000000ffffffff
1101,3564,49786,-0.011829801,2.090427058,-0.590886795,0.060637835,2.267116846,-1.350601599,0.783350128,783d6e39a344dc4c5d3aba010d40700104780000e713040101000000ffffffff3844781a0d39b645,4d44fa4ede1abd3ec63551340000003c349b0979032480000a107000f006040400000000ffffffff
1102,3565,49787,-0.011912668,2.095968634,-0.598062629,0.153739480,2.279417223,-1.113301735,0.571458971,763d1b3a3e44ddc6f45e0b06103470011e74f001ca260b0400000000fffffffff154ac1d5033aa44,144d7a50ea272028123564350000003cf2b24e31031090001434f000f807000000000000ffffffff
1103,3566,49788,-0.010255318,2.092092734,-0.482041468,0.289642193,2.235244776,-0.901579102,0.535203560,9e3da2399f4ab8499b96bc060d5c00011e100000884e280000000000ffffffffd83f2b1cda39c03f,e459174b8e33123732346f360000003c25dada7d034c400014346001d21a130000000000ffffffff
1104,3567,49789,-0.012492741,2.096769440,-1.839268804,0.156515542,2.105129852,-1.542643974,0.341496685,683d343a00004ac902ff67041034e0011774f001df17050401000000ffffffff5e442a1dc2397745,574d393b4f109240cd3419310000003cfb06fc77032880000724c00085402d0903000000ffffffff
1105,3568,49790,-0.011912668,2.096833504,-0.601543975,-0.224633561,2.350817067,-0.247299328,0.485022781,763d363a0d4452c9fe06db05103470011e74f001dc16090301000000ffffffff1774495d512321a9,68292f598757a83ca137cd390000003c29d2d77f043430000e40f000ab51030000000000ffffffff
1106,3569,49791,0.008555606,1.961721553,-0.404457202,-0.196458608,2.362925250,-0.246091514,0.477571907,643fbc29e34ec851ac7e1e2b044c300014340000ca1b100603000000ffffffff687dc74ea12252bf,102ca95a9857f4417437cd390000003ce5fdd238043430000e40f000a953030000000000ffffffff
1107,3570,49792,0.010212957,1.978057991,-0.377103774,0.153325143,2.158207260,-1.446232023,1.093604165,8c3fba2b6450af52ec81ff6a131040010354d000aa3f0c0900000000ffffffff540e9b56ab6b0e35,0a4db2419c15f635ea3470320000003c0b4b3c7803288000091c4000c4230c0b01000000ffffffff
1108,3571,49793,-0.128838722,2.059259697,1.927688915,0.345204858,1.995355396,-1.594935201,3.554951722,7032a1351ccf24dc049774771a6c2002190000009865010100000000ffffffff2146a076cf2e7b39,215fd62d6f0d5800cf3ad1300000003ce8bd581e0320a0000724c0005d3e3a2603020000ffffffff
1109,3572,49794,0.011911741,2.094783442,-0.673160221,0.406816850,1.991479496,-1.653052354,1.061513232,b53ff6391d40dd3d5b2a787f0d404000000000008c6e050000000000ffffffffc47e5247dd2277b1,f0645d2d3d0a84dd853bef300000003c6ef88e50080c70000a3090005f58242003010000ffffffff
1110,3573,49795,0.011414535,1.964188034,-0.446872776,0.335633660,2.054422830,-1.682324073,1.280468768,a93f092a8e4cd84ecebdaf1d131040010354d000c928090500000000ffffffff231d164dde67f015,3a5e0a35a10898ed2e3b1d310000003cd1e0e478080c70000a30900086312a1608000000ffffffff
1111,3574,49796,-0.128880156,2.050739124,1.890246691,0.202134105,2.252478116,-1.188186183,3.102743629,6f3297340dcdbadb9146424f1b68200219000000d624050000000000ffffffff8f455974972c693a,a451314dcc23f43bbf34d1340000003ceb522b7a031090000a4c8000fa03020000000000ffffffff
1112,3575,49797,0.012036042,2.092989637,-0.682680635,0.187135086,2.244405994,-1.267049312,0.628548597,b83fbe39973f6c4576ca087f0d40400000000000ac39190000000000ffffffff7447b211e62ea13e,3a50354c761f3027d43478340000003cdeca0d76032440000a207000f805010100000000ffffffff
1113,3576,49798,-0.011871234,2.089049672,-0.591597274,0.102237324,2.293671566,-1.309464886,0.755132300,773d43399944784e6e6249010d10000117780000f40a010000000000ffffffffd83f92192239b440,39483752211de03c8f358b340000003c4cebfa760324a00008100000fb03010000000000ffffffff
1114,3577,49799,-0.012492741,2.095936602,-1.839268804,0.383323911,2.121113936,-1.257102611,0.704430405,683d1a3a0000d5c6e2fe57031034e0011774f001cc27060500000000ffffffffd83fcc76ea2ee039,b9622c3d0220d80af636aa3a0000003c12679c3a0324a000044c8000f409010000000000ffffffff
1115,3578,49800,0.012408946,2.094943603,-1.839268804,0.424094725,2.029950205,-1.298878754,0.682444670,c13ffb390000044157fe777f0d404000000000008a70050000000000ffffffffdb3f7d156831b93e,91660e32b61db34dc538183b0000003c15c86f660324a00013104001e911050100000000ffffffff
1116,3579,49801,-0.012492741,2.090362994,-1.839268804,0.388295962,2.171404539,-1.413834197,0.590079588,683d6c390000ed4c3dfe47000d4070011e100000ea12010101000000ffffffffd93f87157d36353f,31634e43641708f6df37be3a0000003c08bd747b03289000081c4000f306060000000000ffffffff
1117,3580,49802,-0.012492741,2.093790442,-1.839268804,0.405863873,2.177234405,-1.336463074,0.659392715,683dd7390000a04351fe7700103470011e0000009c54080700000000ffffffffe8753a393422781a,d9640444a51b50fc9737a63a0000003c969de53b0324a00008107000f606020000000000ffffffff
1118,3581,49803,-0.004164556,2.078831390,-0.444457149,0.464451202,2.167784897,-1.316853864,0.994278373,313e0438b04c664f84c13c07131030001470200084421c1c00000000ffffffffbd7513372421a01d,5f6add42b91c60008037723a0000003c3196c8290324a00004203001f706010000000000ffffffff
1119,3582,49804,-0.004703195,2.077357908,-0.375469673,0.543382503,2.232425940,-1.371063384,1.147018249,243ed6377b50e9535281ce1113103000147020006e35332305010000ffffffff42647225ad2fef60,d071bf4abe1910e13338213a0000003cd5d4a777032440000a200000fc02010000000000ffffffff
1120,3583,49805,-0.008307931,2.090042671,-0.433942065,0.547608746,2.228421911,-1.373336915,1.100297619,cd3d6239444d124de698d6450d5c0001181000029a48120b01000000ffffffffb956fc200535c540,3672424a9e1900df3938233a0000003cd1d8eb6d032440000a200000fc02010000000000ffffffff
1121,3584,49806,-0.009675245,2.093566217,-0.456606333,0.551047747,2.222303755,-1.371631766,1.080858534,ac3dd039054ce844442275021734000120784000764b3e0000000000ffffffffd25faa31e93a702c,89728349b61950d54038243a0000003ccb641f5e032440000a200000fc02010000000000ffffffff
1122,3585,49807,-0.008970871,2.101093791,-0.444883436,0.522251288,2.184794012,-1.330779245,1.036346513,bd3dbb3aaa4c1fceb1f3a812177400011f340002665e3a0000000000ffffffff937433382f221c2d,d26ff044f51bb4cb6738363a0000003c2c289d130324a00004203001fa04010000000000ffffffff
1123,3586,49808,-0.004537460,2.078991552,-0.447370111,0.507790908,2.198151452,-1.322537693,1.021076753,283e0938874cde4e1a2d2f1213103000147020006e4f221e01000000ffffffffd83fd21d863aeb3f,756e9146691c64407538283a0000003c2098172b0324a00004203001fa04010000000000ffffffff
1124,3587,49809,-0.012492741,2.097538213,-1.839268804,0.498136843,2.218684112,-1.388043823,0.692114791,683d4c3a000004cbf602f8031034d0011778f001e40f050303010000ffffffff3f68412bec28fc32,8c6d1249cf1810f614385a3a0000003c9349b77e0324a00004207000fa04010000000000ffffffff
1125,3588,49810,-0.007106353,2.085205804,-0.419945636,0.492046082,2.211669054,-1.347262349,1.060689584,ea3dcb38094ebd50c615df1104348001174c2000a45b000000000000ffffffff0b6c5630cd288e35,f96c37480d1b20fbfb374d3a0000003cf04dd63b0324a00004207000fa04010000000000ffffffff
1126,3589,49811,-0.006360545,2.085013611,-0.481615181,0.493537697,2.187100332,-1.320690448,0.982022024,fc3dc538a54ac14ccf19bf1104343001185c3000c23c000000000000ffffffff274fd514d32e0e42,1d6d3845831cb6328938453a0000003c1f7067290324a00004203001fa04010000000000ffffffff
1127,3590,49812,-0.011166860,2.089113737,-0.518986357,0.351544222,1.860083283,-1.742501614,1.296535329,883d453997484d4e7cbadc060d10000117788001f40a010100000000ffffffffd83f8c259a3c8141,ba5f571d5205d83f9232b32b0000003cac22af6d083070000a0c9000a427200c08000000ffffffff
1128,3591,49813,-0.012492741,2.101638339,-1.839268804,0.316864170,1.892852255,-1.748114395,0.400470635,683dcc3a0000a4cf5d03a8081074f0010d5ce0017d7c030201000000ffffffff104f7d1865315a45,755c56210305bf4238331f2c0000003cfa8e5e6f083070000a0c9000a324200d0b000000ffffffff
1129,3592,49814,-0.011125427,2.090491123,-0.521615128,0.298509017,1.999871940,-1.615681177,1.140642733,893d70397248b44c8e967c060d40700104788001e00f0f0100000000ffffffffd83f17201c3b1740,ba5a632e4b0cd8fbdf3a6d310000003c5e2d95380320a000073090004d443b2c04020000ffffffff
1130,3593,49815,-0.012492741,2.098467148,-1.839268804,0.332733298,1.952175948,-1.583993830,0.453593921,683d693a000074cc290308061074d0001778f001d8190a0302000000ffffffffd83fc87cca3bf77f,f45d9228090e7763e13b8a310000003c7a74ce72032880000724c0005544352b03030000ffffffff
1131,3594,49816,-0.026870253,2.001793874,-1.839268804,0.356764875,1.871134402,-1.654544359,0.445388515,0d3c9f2e00003bd2fefdd73f1074d0001f000000bc42010000000000ffffffff5750a374443d098d,3860b01e280a2ac1b83b59320000003c2164cf630720a000033090004a48372b0a010000ffffffff
1132,3595,49817,-0.026290181,2.021109310,-0.510460614,0.390657686,1.956692492,-1.658665135,1.223261489,1b3cfa300f49bed2cad47c791074f0010d0000008b72010100000000ffffffffd350fc75c73e576d,6a631f29ee0994d8963b68310000003c462c3f12080c70000a3090005745312b06010000ffffffff
1133,3596,49818,-0.025005734,2.020660858,-0.510460614,0.267475135,2.257539209,-0.813977086,0.483506630,3a3cec300f49a1d398a09d761d40f0010d000000a159050000000000ffffffff1e488c79133d1188,cd57cf4d5f38794462340b370000003cf8b9d83f031030011434f000ae38180000000000ffffffff
1134,3597,49819,-0.026124446,2.014062219,-0.580442759,0.362316998,2.232490004,-0.681259678,0.456904261,1f3c1e303645c5d207ddeb7b1074f0010d0000008f6e010100000000ffffffffd83f9f7bf73cf77f,be60c14aab3f6a31ad331a380000003c5e32397f040c3001143460017e67170201000000ffffffff
1135,3598,49820,-0.026083012,2.002178261,-1.839268804,0.063745367,2.289443311,-1.318061677,0.601869766,203cab2e0000c7d2fefda73f1074d0001f0000009569010100000000ffffffffcc4a6b7b063e9777,9844b351a81cfc3ec7357e340000003c394bf9780324a00008100000fb02010100000000ffffffff
1136,3599,49821,-0.025130036,2.015055218,-0.552449901,-0.401679992,1.802617460,-1.760476723,1.283062147,373c3d30c04664d305eddb7a1d40f0010d0000008974020000000000ffffffffd83fad29e53da541,b7185516550471b1aa3a372e0000003c517c846b083070000a0c9000b0281e0702000000ffffffff
1137,3600,49822,0.004453665,2.062815275,-1.839268804,-0.476965123,1.687461588,-1.536604905,0.681366182,013f103600005ad249fe57001d40f0011e5c0000cd230f0000000000ffffffffac72d629c922f02b,9e114a08a41099496439b42d0000003c181fa0240a0c80000724c0006362171111010000ffffffff
1138,3601,49823,-0.006774883,2.080368938,-0.389324007,-0.474437664,1.717315627,-1.538167958,1.292423541,f23d3438b84f2853ef95bf1e040c2000144cd0008f402a0303000000ffffffffd83f277b373ef77f,db11ee0b8e10a3494c39182e0000003cce1a40220a0c80000724c0006155241c08010000ffffffff
1139,3602,49824,-0.025088602,2.002626712,-1.839268804,-0.483635957,1.670868892,-1.546977893,0.636995215,383cb92e00006cd301fed77f1d40f0010d0000009369020000000000ffffffff4b6b4e247524302d,fd104406121058446f391d2d0000003c0b0750210a0c80000724c0005e5720190e030000ffffffff
1140,3603,49825,-0.007686425,2.081970549,-0.414190759,-0.363105167,1.805564425,-1.773336386,1.431781989,dc3d66385a4e895213722f19040830000d4c4001b12f1d0100000000ffffffff796d9a217f230429,5a1cb116a00382c7d33a612e0000003c79381270083070000a0c9000b92b150402000000ffffffff
1141,3604,49826,-0.007893594,2.081169743,-0.409572648,-0.219122872,2.208081444,-1.298381419,0.922336934,d73d4d389b4efa52123a9f18040830000d4c40017b4f340000000000ffffffffed7453328420d03e,ed29c747bd1d03be9d3ba3390000003c598cb0650324a00008101001f10a030000000000ffffffff
1142,3605,49827,-0.005490436,2.077133682,-0.377103774,-0.161115616,2.247577185,-1.103355034,0.762044012,113ecf376450145426dd8f5a034c40001470200064402a1a10070000ffffffff5a741e365d21342d,652f984c76288b51493770350000003cb6c9e53d031090000f44a000fb03010000000000ffffffff
1143,3606,49828,-0.004910364,2.078190746,-0.377174822,-0.225089332,2.201194514,-1.272591045,0.930257447,1f3ef0376350c15326850f1713103000147020005c44372204020000ffffffffd83fad29e53d3b40,5d29f046281f5ecb8f3b9a390000003c873880670324a00008101001f20a030000000000ffffffff
1144,3607,49829,-0.012534174,2.106763496,-1.839268804,-0.431470861,2.070951461,-1.644455562,0.463403332,673d6c3b00005ad24afe57001d40f0011e5c0000cd230f0000000000ffffffffe85bc51ac32b4e35,e8150e37b60a91972439143b0000003c6cad0475080c70000a309000853b2c0f02010000ffffffff
1145,3608,49830,-0.009675245,2.087640254,-0.453693371,-0.226580947,2.179508694,-1.243035134,0.823740440,ac3d17392e4ca74fc9a16e0e0d10700118402000bf3f000000000000ffffffff015ad0269c39602e,39294b44c820a0e6723b96390000003ce54412360324a00004201001f309020000000000ffffffff
1146,3609,49831,-0.009716679,2.097890568,-0.455327472,-0.221650331,2.201835159,-1.257244706,0.835937558,ab3d573a174cddca1b6b28061740d0010d80e001915f090501000000ffffffffd43fad083726e840,b0290447002050ee8a3b8e390000003cff80122f0324a00008101001f20a030000000000ffffffff
1147,3610,49832,-0.012534174,2.084020612,-1.839268804,-0.202135033,2.209042411,-1.260441860,0.621787396,673da6380000f551900a58010408d00003000000a84d090200000000ffffffff8d647429852e0752,872be547d31ff8048b3b82390000003c6919d8330324a00008101001f20a030000000000ffffffff
1148,3611,49833,-0.007769293,2.089049672,-0.432379012,-0.186763110,2.198503807,-1.243319325,0.837641442,da3d43395a4dc24ddb494e4e0d60700110100000a62e250403000000ffffffffae6a8739382d2a33,fa2c9c46c42038f87f3b70390000003c40cd443d0324a00004201001f409020000000000ffffffff
1149,3612,49834,-0.005573304,2.088056673,-0.419093061,-0.303606296,2.314908935,-0.520975698,0.388156779,0f3e2439154e194efba95f190d607001101030018b4b180a06000000ffffffff3e649626282d6d3a,f621ce547b480030f737d5380000003cdd2e2374040cd0000f381001c827090403000000ffffffff
1150,3613,49835,-0.008017895,2.087992609,-0.431171198,-0.313757566,2.259140821,-0.500158674,0.357110247,d43d22396b4de24ed075af140d60700104400000d012100d01000000ffffffff991d6455bb6b3c36,0121014ea049343a1b38e8380000003c2cea5174040cd0000f381001c02e070604000000ffffffff
1151,3614,49836,-0.137539810,2.058683117,1.887831064,-0.098302045,2.381920363,-0.392876400,2.303833426,9e318f35ebcc25dc680e7a7e1a6c200219000000906e010100000000ffffffffa724b34fa666c420,5135fa5c864fc33fdb3649390000003c3d6e037a043430000f380001c625130000000000ffffffff
1152,3615,49837,-0.132899230,2.047792158,1.870424338,-0.333562900,2.248313926,-0.504847833,2.392152330,0e323b34f6cb81dbda4a636f1b68200219840000db160e0000000000ffffffffa942e47ab6320839,231faf4c5e49063d2738df380000003c8efff773040cf0000e341001b23b080504000000ffffffff
1153,3616,49838,0.011953174,2.098082761,-0.725522496,-0.308951250,2.299533464,-0.422219167,0.485340030,b63f5d3a3c3db4c574ba177f1034400000000000c23d000000000000ffffffff031162560270f02b,7521ee52e94dbc32133836390000003c78aea275040cd0000e3c1001d31c0b0202000000ffffffff
1154,3617,49839,-0.233086047,2.095808473,1.920655177,-0.304890742,2.303537493,-0.391597538,2.322675156,9c28163ab9ce71dc2a4521711a6c900122000000f00c030000000000ffffffff837f994ab7221779,d7216b53984ff73b113851390000003cf7a5b277040cd0000e3c1001d415130202000000ffffffff
1155,3618,49840,0.010751595,1.972003899,-0.376677487,-0.283428058,2.354885160,-0.376677487,0.482845450,993ffd2a6a50c652269e94191310400103345001bb320b0600000000ffffffff785ed91d5d299835,dd23ae596a500b49dc375a390000003c7f25653c043430000e3c1001d2210a0100000000ffffffff
1156,3619,49841,-0.009012305,2.086070675,-0.444812388,-0.278497441,2.313819840,-0.464776838,0.353398500,bc3de638ab4c9450af05ef1004342000036070018e70000000000000ffffffff2f6b2e2d1827c034,5424ac54924baf46e7370a390000003c61b50339040cd0000e3c1001d21d0b0202000000ffffffff
1157,3620,49842,-0.006692015,2.083828418,-0.483036139,-0.298012739,2.327657763,-0.505416216,0.380554046,f43da038914a684db57daf1504343000024c4001e912020101000000ffffffffab7dc04d95226003,7d225c5656492539ef37e4380000003c412e947b040cd0000f381001d11f0b0202000000ffffffff
1158,3621,49843,0.010171523,1.996828878,-0.371562041,-0.274892705,2.312090099,-0.449075260,0.432041144,8b3f042eb2508553b1551654131040010354d000c729090600000000ffffffffc079fd54d521e4cb,ab2476546f4c7634e73719390000003c21aa637a040cd0000e3c1001d21d0b0202000000ffffffff
1159,3622,49844,0.009135679,1.998622683,-0.380656167,-0.279574719,2.317471514,-0.436712932,0.433774863,723f3c2e32506e534991ef651310300014345001835c130d00000000ffffffff647efc42ae226189,3a241e551d4dc428ea3726390000003ce51aa577040cd0000e3c1001d21d0b0202000000ffffffff
1160,3623,49845,0.011704572,1.978250184,-0.373054046,-0.311685878,2.270063812,-0.479696889,0.448452085,b03fc02b9d506f53c2bd0b18131040010354c001df16060400000000ffffffffbf7f054ad922d809,3321564fc04a7a361838ff380000003c5b72b275040cd0000f381001d01f0a0302000000ffffffff
1161,3624,49846,0.010627294,1.984752727,-0.372840902,-0.310028528,2.284574412,-0.452414509,0.446144773,963f8b2ca0501c53cdc97360131040010354d000d023070400000000ffffffff527b7454882288ca,5b211b51404c8234163819390000003c784e0378040cd0000e3c1001d21d0b0202000000ffffffff
1162,3625,49847,0.009425715,1.985169146,-0.379377306,-0.091258307,2.379806236,-0.553018284,0.442749246,793f982c4450ab52ca9dbf67131030001434500185600e0c00000000ffffffffd041e47dc1346637,fb35b85cb8465c2cc236b6380000003cfc92826f040cd0000f381001b245070200000000ffffffff
1163,3626,49848,0.011911741,2.100100792,-0.688009225,-0.029356278,2.466741712,0.327904175,1.080837013,b53f9c3a4c3ff7cc5bd6587f1034d00100000000d728000000000000ffffffffd83fe47ac7327b39,d13b52672777f82b4d36973b0000003cc4f6377d0d4040000000000093620a0000000000ffffffff
1164,3627,49849,0.012201777,2.098146826,0.488827585,-0.072364515,2.389576067,-0.558560017,1.090460109,bc3f5f3a0080cbc977fe177f1034400000000000c23d000000000000ffffffffb07ca3507d2256c8,c337e95d6a46202f9f36b2380000003ca91f376f040cd0000f381001b244080100000000ffffffff
1165,3628,49850,0.009840053,1.990999012,-0.374901290,-0.027781796,2.442333152,0.307300294,0.818850970,833f4e2d83501d5363a5cf66131040010354d000ae3c0b0900000000ffffffffd83f637dab345839,f73b5864057680344d36833b0000003c7586f77e0d40400000000000a93e180000000000ffffffff
1166,3629,49851,0.012118909,2.100004695,-1.774899439,-0.027574627,2.459406331,0.383108365,2.188091130,ba3f993a8a03e4cc6902487f1034d00100000000d629000000000000ffffffff284faa1a82339c47,fc3b6d66307a56354736ba3b0000003c091aa93f0d404000000000008b6f050000000000ffffffff
1167,3630,49852,-0.010876824,2.092028670,-0.511668428,-0.008266498,2.448355211,0.324280734,0.908727912,8f3da039fe48ea4992e22c070d4070011e10000090432c0100000000ffffffffa066bd2ddc2d694e,ce3d1465f476783528368d3b0000003c783e187f0d404000000000009d52110000000000ffffffff
1168,3631,49853,-0.007106353,2.088569189,-0.425842609,-0.071494406,2.386981456,-0.596854816,0.349915529,ea3d3439b64d174ee4c59e500d607001044000009d421b0401000000ffffffff0f77f8395422c446,d837985d4f4418439f3684380000003c1ec9463c040cd0000f381001a753040100000000ffffffff
1169,3632,49854,0.013610524,1.961625456,-0.370496323,-0.086617726,2.393163677,-0.656961308,0.527572863,de3fb929c15073534d02711113104001037050019d35171600000000ffffffff914b661acb35914b,6b36595e0141593dae364e380000003cd526e57a040cd0000f381001916a020200000000ffffffff
1170,3633,49855,-0.011042559,2.093662314,-0.517281209,-0.102984059,2.358568867,-0.664705525,0.316800648,8b3dd339af487c44a5b6ed09103470011e0000007b51310200000000ffffffffa445b4725e2b0a3a,e034215a9440da34e0363f380000003ca0b2b170040cf0000d3810018a70030100000000ffffffff
1171,3634,49856,0.012077476,2.091996637,-0.693906197,-0.108784785,2.352931194,-0.632947130,0.293956692,b93f9f39f93ecf47667a487f0d10000103000000b42f1c0000000000ffffffffe77ab052ee21cab9,5434715953426f3ff8365e380000003c29eac06e040cd0000f3810019c5d030200000000ffffffff
1172,3635,49857,0.009467149,2.002722809,-0.375895961,-0.338907854,2.307669651,-0.286233557,0.471589935,7a3fbc2e7550b653bf7c1f6a1310300014546001a2430d0c00000000ffffffff037ea13fa022d766,a21eec5363550c462d38b0390000003c7fa97236043430000e3c0001c13b020100000000ffffffff
1173,3636,49858,0.012201777,1.985457436,-0.370496323,-0.551794482,2.020084278,-0.345487475,0.565611387,bc3fa12cc1500a54c3e5e125131040010354c001e70f050400000000ffffffffb465f62ba62cbf3f,900ada302152076734397d390000003cf640921e0438d0000344f000da18080202010000ffffffff
1174,3637,49859,-0.007272088,2.087672286,-0.427050422,-0.499587952,2.111952718,-0.356357798,0.497957726,e63d1839a54d044ff59d4f560d60400017400000c919110c00000000fffffffffa5dea35573b4830,7c0f0e3c88510f5cec385c390000003c7365b22f0438d000033c1001da130a0501010000ffffffff
1175,3638,49860,-0.009012305,2.102631338,-0.451561935,-0.509490620,2.075532071,-0.324173116,0.517146812,bc3deb3a4c4c52cf439b8c0f1d4070011f80d0007e413f0100000000ffffffff875cc535423ca53b,8d0e9d374d533355013987390000003c59b9a12d0438d000033c1001e00e0d0301010000ffffffff
1176,3639,49861,-0.009592378,2.104297014,-0.457672051,-0.592068091,1.963643486,-0.386837331,0.603389534,ae3d1f3bf64b9fd0ed4e7e0f1d4070011f340002994b180300000000ffffffff7d4e71203e393d4a,c406f829db4f476c693959390000003c2f95621d043810010334f000af41080303010000ffffffff
1177,3640,49862,-0.010793957,2.096833504,-0.501863822,-0.409096634,2.225186655,-0.302716661,0.463442710,913d363a8849efc8df5a6d09105cd0001d780002b13a120101000000ffffffffcf52902e9f3cd53a,0418dd497b54bf508338a2390000003c071ac3380434e000033c1001d91f040301000000ffffffff
1178,3641,49863,-0.010628222,2.103784499,-0.498808764,-0.457988463,2.176017180,-0.323675781,0.485819213,953d0f3bb349a3d0e2beac091d4070011f000000a64e060500000000ffffffff95585631cc3b2b3e,6813de435453c34bb33883390000003c0306c12e0434e000033c1001d91b060401000000ffffffff
1179,3642,49864,-0.009840980,2.102567274,-0.473942012,-0.374872353,2.280538351,-0.344634901,0.426194717,a83de93a114baacff50afe0d1d4070011f340002884f260200000000ffffffff5a4f17220f3a0647,3e1b9d502d52c23c493880390000003c13526276043430000e3c1001dd120a0401000000ffffffff
1180,3643,49865,-0.010835390,2.097794471,-0.503000588,-0.347318907,2.299149078,-0.314155367,0.435232526,903d543a784900cb0e272d0a105cd0001d780002b9330c0700000000ffffffff0a567c29e2396032,d71de252da53583c343899390000003ce7e5a174043430000e3c0001c535030100000000ffffffff
1181,3644,49866,-0.009965282,2.098947632,-0.479696889,-0.619082899,1.942502214,-0.480407368,0.628887864,a53d783ac04a1acc49f36a0b105cd0010d80e00176661e0500000000ffffffff6067e32125261232,38046427b64aec359239d1380000003c7e35405c0e101001033cd000ac45080402000000ffffffff
1182,3645,49867,-0.008059329,2.083347935,-0.423071742,-0.600271975,1.925973582,-0.413693424,0.612838035,d33d9138dd4ddd51f6899f170408d000034c4001df10080800000000fffffffff243497d6536de36,fe056025614eef64953945390000003c4b797117043810010334f000a9460a0302010000ffffffff
1183,3646,49868,0.011538837,2.101734436,-0.643106975,-0.008680835,2.421672362,0.118384025,0.826218891,ac3fcf3ac441c9ceea11993f1034d00100000000eb14000000000000ffffffffd83f0a7d2c38fa38,c43dd361a26b30382c36ef3a0000003c832ae87e0d10000103000000ac440f0000000000ffffffff
1184,3647,49869,0.011911741,2.103720434,-1.839268804,-0.539240055,2.115988779,-0.514581390,1.434822483,b53f0d3b000061d0cafdc73f1034d00100000000f607030000000000ffffffffd87c6752e922b1ab,bf0b8c3cd5481f49eb3893380000003cbd4ec275043830000f341001863a2b1201010000ffffffff
1185,3648,49870,0.009715752,1.967038903,-0.382432364,-0.039921886,2.444543376,0.137140661,0.707411157,803f622a19503d526c4a4f2613104001033460018b5c0c0b00000000ffffffff993f7c0a9527143e,d23a9d64aa6c34325b36033b0000003c15bae47c0d10000103000000b2331a0000000000ffffffff
1186,3649,49871,-0.012534174,2.085205804,-1.839268804,0.089807198,2.237775322,-1.548469899,0.343969791,673dcb38000056516b0ac8000408d00003000000c126180100000000ffffffffdc68f5171024e02c,0d47664bfd0fb1b4513b55360000003c1bc4bf660320a000091cc000d91a0a0201000000ffffffff
1187,3650,49872,-0.008888004,2.081650227,-0.427760901,0.072073551,2.275317097,-1.577812666,1.169051194,bf3d5c389b4de55221ee5e13040830000d0000006f622e0000000000ffffffff8b476b0e442c3b42,6145fa4f600ee7b12d3b23360000003c34083f6b0320a00007240000fe01000000000000ffffffff
1188,3651,49873,-0.011912668,2.087896512,-0.591242035,0.010420125,2.521420731,-1.377528739,0.898158552,763d1f399e44e24f5d861a020d10000100000000c13e000000000000ffffffff1c65c41922257c29,913ffd6d63199db0e33abf330000003cf764ae720300000000000000ff00000000000000ffffffff
1189,3652,49874,-0.008888004,2.082643226,-0.435718262,0.027656567,2.478849895,-1.400264055,1.043390540,bf3d7b382b4d5f52229abe11040830000d000000ac41100200000000ffffffff3f6504141f249829,3141cc6823188bb2063b40340000003ca5cc2f250300000000000000ff00000000000000ffffffff
1190,3653,49875,-0.009343775,2.081746323,-0.438773320,0.053552663,2.323525606,-1.472022398,1.063022502,b43d5f38004de8523dfa0d0e021030000d000000706b230100000000ffffffff935c17132825802a,a243db55311499aa5b3b7f350000003c61408e1e0300000000000000ff00000000000000ffffffff
1191,3654,49876,-0.009923848,2.082867452,-0.465061029,0.069628960,2.328362473,-1.506622707,1.073055070,a63d82388e4b655256a26c08040830000d0000009a5c070200000000ffffffff59644b29172bbe39,264572564a12f9af403b9d350000003c4cb88f270300000000000000ff00000000000000ffffffff
1192,3655,49877,-0.007562124,2.086711319,-0.429821289,0.027822302,2.373271661,-1.434011791,1.044876763,df3dfa387e4d0a50ae951f160d10800117403001b842030200000000ffffffff7564b02623294033,3541ec5b481645ab4d3bf9340000003c7d7ccd180300000000000000ff00000000000000ffffffff
1193,3656,49878,-0.007769293,2.085526127,-0.428968714,0.032877220,2.256962629,-1.465770186,1.051665300,da3dd5388a4dad50a9618f1404342000185c30008f70000000000000ffffffff9466eb237127902e,af41bd4d891419a5953bd5350000003c45b86b1e0320a000091c0000fa04010100000000ffffffff
1194,3657,49879,-0.007935028,2.084340934,-0.423142790,0.087776944,2.244373962,-1.516356264,1.109002729,d63db038dc4d4e51e151af1504342000034c4001de1c030200000000ffffffff6f498d1e8b39d047,dc46344cc1114bb0643b39360000003c3074ff230320a000091cc000e312080200000000ffffffff
1195,3658,49880,-0.011332595,2.096833504,-0.529714585,-0.005780472,2.242387964,-1.448505555,0.930265431,843d363a00482ec9eb16cc06105cd0001e74f001cd1a150101000000ffffffff1463c11fa9277829,0a3ef64b7c15799cb23bc6350000003c588c39210320a000091c0000fa03010100000000ffffffff
1196,3659,49881,-0.008515100,2.084661257,-0.432663203,0.038885114,2.189823072,-1.704277863,1.276835788,c83dba38564d3c51f8a53e1104342000034c0000d921040100000000ffffffffa85aee179a29b837,40428d456c07bfb4063bee360000003c25f8ac6b0320a00007309000db1d040200000000ffffffff
1197,3660,49882,-0.009758113,2.086358965,-0.456464238,-0.487447862,2.140333275,-0.541153291,0.488132112,aa3def38074c8950db9d2e0e04342000035c8001916d010000000000ffffffff6849561cb0381348,a110843f5f47b54eb0388f380000003c578ec47c043830000f34100187342f1301010000ffffffff
1198,3661,49883,-0.011291162,2.095904570,-0.526517431,-0.517735937,2.150807814,-0.479767937,0.511552726,853d193a2d482cc6dacafc07103470011e740002b824220200000000ffffffffaa4c9d25703bf13d,c60dcb40bf4ad147d938c6380000003caa3ad378043830000f341001ab291e0a03000000ffffffff
1199,3662,49884,-0.011125427,2.099844534,-0.523391325,-0.604663953,1.887695066,-0.478702219,0.631895952,893d943a594898cd5f43bc0c107470010d7ce001a641140401000000ffffffffc84a0f23de3acb42,9405b520ce4a074cf039f2380000003c625d30250e101001033c20019a550d0201000000ffffffff
1200,3663,49885,-0.011249728,2.098787471,-0.529075154,-0.377482679,2.192353618,-0.588826407,0.382689706,863d733a09488fcc34ff8b09107470010d78f001c61b140900000000ffffffff1e452d23a63b6541,ff1adc45c0448840553870380000003c99a69379040cf0000e341001855f120601010000ffffffff
1201,3664,49886,-0.011871234,2.099652341,-0.600051970,-0.085208979,2.395566094,-0.493906462,0.322816113,773d8e3a22448dcd36176b081074d0001778f001b93b050401000000ffffffffd83fc923323c3c40,8d36a45ef849ff50b236f2380000003c8899b234040cd0000f381001c22f0e0100000000ffffffff
1202,3665,49887,-0.012492741,2.100517211,-1.839268804,-0.077833771,2.413824466,-0.369288509,1.504417812,683da93a00007fce410328071074d0001f787001a059030101010000ffffffff49673c45933dab40,3f37de60d2500b51a2365e390000003c87e95131043430000f380001c525150000000000ffffffff
1203,3666,49888,-0.008307931,2.108813559,-0.434865687,-0.045515443,2.403670248,-0.498382477,0.303906645,cd3dac3b374d5ad290023f111d4070011f780002a1470b0b00000000ffffffff2f49512ddd3d503c,4b3aa15fb9492c386d36ec380000003ce2d9ba3d040cd0000f384001bc340e0000000000ffffffff
1204,3667,49889,-0.011539764,2.107308044,-0.574119499,-0.070044225,2.425836553,-0.427547757,0.355480602,7f3d7d3b8f456ed26d0a4c051d40f00117780000ca24110000000000ffffffff515bf330f43a482e,fb3755629e4dd3388c3635390000003c157bc578040cd0000f380001be29180000000000ffffffff
1205,3668,49890,-0.009426643,2.101221920,-0.460300822,-0.394221916,2.177202373,-0.622360999,0.424386536,b23dbf3ad14b32ce5ad37b0f1d5c00010d7c0002644f4b0101000000ffffffff5e6a1e27e425de32,6b190344e842e7496f3846380000003c933a257d0310f0000e44d000716d170801010000ffffffff
1206,3669,49891,-0.007437823,2.083059645,-0.414617046,-0.028651905,2.376891303,-0.633231322,0.366850490,e23d8838544eea51008ecf17040830000d4c4001e30c090600000000ffffffffeb687e1ed624d42b,e23b5d5c4f42033c5c365f380000003c108a4a7e040cd0000f50e0009c60030000000000ffffffff
1207,3670,49892,-0.008307931,2.082290871,-0.422432311,-0.046178383,2.381055493,-0.671810312,0.391003654,cd3d7038e64d755216563f18040830000d4c4001a83b1a0200000000ffffffff66539528143bd840,3b3adf5c3040783f7f363d380000003cc8a6c97c040cd0000f444001916d020000000000ffffffff
1208,3671,49893,-0.010462487,2.100036728,-0.494474845,-0.382537597,2.189374621,-0.599696730,0.396853616,993d9a3af04982cd48b39d0e107470010d7c00028c422d0300000000ffffffff0a53ac23ca38234a,851a7f452744ed49593866380000003c8f5ed47b040cf0000e3410017b67150601010000ffffffff
1209,3672,49894,-0.010213884,2.096865537,-0.478631171,-0.036731487,2.378492915,-0.602538645,0.308820701,9f3d373acf4aaec8bb1e2d08105cd0001d780002836c0e0100000000ffffffffac53b032ef3da235,1f3b8f5cff43b13a69367e380000003cb9216a3e040cd0000f384001a655040000000000ffffffff
1210,3673,49895,-0.010545354,2.107628366,-0.500940200,-0.029522013,2.484807890,0.446412011,1.019853283,973d873b954973d2ca868d0c1d40f00117000000c725120100000000ffffffffd24564250b3cee3d,cd3b8669ab7d453f4c36e83b0000003ce75d793f0d404000000000008a70050000000000ffffffff
1211,3674,49896,-0.011788367,2.100677372,-0.593728710,-0.048457239,2.456491398,0.364493824,1.022809196,793dae3a7b4485ce4a8f7b0a107470010d7ce001995e030302000000ffffffff0f77f83954222c24,043a12662a7950346f36b03b0000003c15f6547d0d404000000000008c6e040000000000ffffffff
1212,3675,49897,-0.003791652,2.078671229,-0.370496323,-0.010503920,2.469400387,0.454085180,0.912496019,3a3eff37c1507353c703711113104001037050019d35171600000000ffffffff5d77de392722d001,983da567177e8d3b2436eb3b0000003c4acee97e0d404000000000008a71050000000000ffffffff
1213,3676,49898,-0.003833086,2.078479036,-0.372059376,-0.048001468,2.447202051,0.297993024,0.766079452,393ef937ab508753435e270113104001037050019a34191800000000ffffffff3c6bd81ce223002f,0f3af0648275342c7436803b0000003c50c2777f0d40400000000000ab3b180000000000ffffffff
1214,3677,49899,-0.008390799,2.081490066,-0.419803540,-0.028030398,2.443454280,0.286412222,0.793816420,cb3d57380b4ee9521d7abf18040830000d4c4001735d2f0000000000ffffffff336dea34772a6c33,f13b7b64df74d8364f36753b0000003ca9e9463f0d40400000000000ab3b190000000000ffffffff
1215,3678,49900,-0.005863340,2.086006610,-0.477920692,-0.052020542,2.426733455,0.221474475,0.779345155,083ee438d94a244cd32dbf120d108001174030018b6c050200000000ffffffffd83f6422d03bff3f,ae3971624d7172378a36423b0000003c9632247a0d40400000000000ad3a190000000000ffffffff
1216,3679,49901,-0.012492741,2.099684373,-1.839268804,-0.031510834,2.459598524,0.256643168,2.126675075,683d8f3a0000abcd1d0378051074d0001778f001ba3d050101000000fffffffffb492a20543a6745,9d3b73663c7366325536603b0000003ce255d73f0d40400000000000ab3a190000000000ffffffff
1217,3680,49902,-0.011332595,2.097762439,-0.531774973,-0.050818963,2.416803463,0.120089174,0.726824060,843d533ae3472ecb13e7db07105cd0001d78f001d5160e0601000000ffffffffb544f8200b3b3842,cb393b61ba6b7b417f36f23a0000003c1cb6957e0d10000103000000b138150000000000ffffffff
1218,3681,49903,-0.011912668,2.098563245,-0.602609693,-0.055500977,2.413343982,0.145950596,0.813221593,763d6c3afe437ccc38eb3a081074d0001778f001d5190a0601000000ffffffff8354301b31310943,5a39cf60266de0449436083b0000003ceda1753e0d10000103000000b42f1b0000000000ffffffff
1219,3682,49904,-0.010545354,2.090491123,-0.494261701,-0.035654209,2.444607440,0.156323584,0.741141036,973d7039f349a74c772a4c050d5c000104788001d61d0b0100000000ffffffff1c6ca71bd8220e31,393b9f64b86deb3c58360e3b0000003c89add53d0d10000103000000b129250000000000ffffffff
1220,3683,49905,-0.008515100,2.080689260,-0.417316865,-0.602509397,1.968736611,-0.507760795,0.611181417,c83d3e382e4e5e530f323f14021030000d5030017646440000000000ffffffffe15fe41f7b2b0a35,c805972a3549da307e39ac380000003cce3da0620e103000113cd0009e4f070703000000ffffffff
1221,3684,49906,-0.008888004,2.087255867,-0.442396761,-0.600271975,1.903839311,-0.484386048,0.620596273,bf3d0b39cd4cda4f7c1d8f110d10700118402000bc41010100000000fffffffff968e6282f27a232,fe05ad227e4a6548d239da380000003c9551d0260e101001033cd00099560d0201000000ffffffff
1222,3685,49907,-0.007313521,2.084020612,-0.418169439,-0.506673124,2.146803785,-0.578027132,0.528068388,e53da638224e6451ce7d3f1604342000034c4001e417020200000000fffffffffc4df610c729b637,d10e4e405845754eb9385c380000003c6fd2237b043830000f3410017a39341701010000ffffffff
1223,3686,49908,-0.011166860,2.086583190,-0.523675516,-0.414565889,2.183768980,-0.557423252,0.416310898,883df63855488f5021464c0504342000030000008b6c080000000000ffffffff0d55e613c0299e36,8017d0447a467c4172388f380000003c641e747b040ce0000f341001a228260c02000000ffffffff
1224,3687,49909,-0.010462487,2.086519126,-0.487725298,-0.391860192,2.193955230,-0.559483640,0.402685964,993df4384f4a875015129d0704342000030000008c6a090000000000ffffffff50567e19a62ece3a,a4190e465d46a53e61388c380000003c4fde2278040ce0000f3410019f3c150d02010000ffffffff
1225,3688,49910,-0.010421053,2.089145769,-0.485593862,-0.058981413,2.400531090,-0.453196036,0.316809952,9a3d46396d4a244e36720d090d1070011060e001f00a040100000000ffffffff54697b3d443be828,06393f5f354cca37883618390000003c020f267a040cd0000f384001bd320f0000000000ffffffff
1226,3689,49911,-0.007852160,2.103720434,-0.427334614,-0.088192209,2.381568009,-0.454403850,0.290493617,d83d0d3ba14dd9cf9d938c19177400012078f0016b632e0201010000ffffffff8874bc2dfd202a44,4536ef5c244c7e42c43614390000003c36c6247d040cd0000f381001c42c0e0100000000ffffffff
1227,3690,49912,-0.006111942,2.078607165,-0.380727215,-0.089683824,2.383041491,-0.432521108,0.319917374,023efd373150ec5340e90f5d031030010250c00171451f1c0a030000ffffffff216d4e284324082d,21361d5d584d1d40c73625390000003c828eb379040cd0000f381001c527130000000000ffffffff
1228,3691,49913,-0.007147786,2.081810388,-0.408151691,-0.088192209,2.402100669,-0.399768043,0.330491071,e93d6138af4e8b5213827f1a0408300013344001c21e1c0101010000ffffffff3774ce2be221c635,4536705f254fd13fb83646390000003c33d2006e043430000f380001c524150000000000ffffffff
1229,3692,49914,-0.006401979,2.079504067,-0.384350656,-0.219951547,2.224385850,-1.262786440,0.915556429,fb3d1938fe4f8d53a4e1cf1f040c20001350c0016d59270c06010000ffffffff3f707e2518235c27,d929c449b21fa0f29b3b84390000003c1245332d0324a00008101001f20a030000000000ffffffff
1230,3693,49915,-0.007354955,2.080753324,-0.398844420,-0.115372752,2.361195510,-0.515860251,0.322503284,e43d4038324f1553fa396f1904083000144cd0007d453b0101000000ffffffff2773792719229835,b533735ac348fb3df636d8380000003c45daf37a040cd0000f381001c1300c0100000000ffffffff
1231,3694,49916,-0.006940618,2.079824390,-0.389181911,-0.101285275,2.384226684,-0.520904650,0.344836992,ee3d2338ba4f7e53a9c95f1a040c20001350c0016256420301000000ffffffffeb50361e3f358548,0935425d7c481743cf36d8380000003c443af170040cd0000f381001c0310c0100000000ffffffff
1232,3695,49917,-0.010379619,2.093534185,-0.488577872,-0.290803266,2.328778892,-0.490709308,0.366035568,9b3dcf39434a0545c0f24d0b105cd0001e00000059564f0100000000ffffffffb946bf16d3339349,2b237f56254acb4be837f1380000003cad21053d040cd0000e3c1001d21d0b0202000000ffffffff
1233,3696,49918,-0.011788367,2.091996637,-0.586623923,-0.072903154,2.434228997,-0.401686335,0.393776481,793d9f39df44154a5ab2cb030d4070011e100000965a0d0200000000ffffffffa146630dad29563c,b6375b630a4fab45873646390000003c54e6347d043430000f380001c0221d0000000000ffffffff
1234,3697,49919,-0.011829801,2.086583190,-0.592734040,-0.033831124,2.417540205,-0.398631277,0.384307801,783df63889449c502baa0a0204342000030000009164090000000000ffffffffcc47620cd427b035,653b5261354f6b3d533646390000003c58ee5a7d043430000f380001be221f0000000000ffffffff
1235,3698,49920,-0.011788367,2.085301901,-0.592805088,-0.037850198,2.423338038,-0.364102015,0.408965456,793dce388844425145caaa020408d00003000000bf231d0000000000ffffffff2551740ce024b633,043b07621b51a642603663390000003cb7298a3e043430000f380001be241e0000000000ffffffff
1236,3699,49921,-0.011125427,2.082835419,-0.526091144,-0.059602919,2.405560150,-0.441331043,0.337172943,893d813833488b525ca66c07040830000d0000008575030200000000ffffffffd83f2d056e24cc3d,f738dc5fdc4cd234883623390000003c3c6ba677040cd0000f384001bd30120000000000ffffffff
1237,3700,49922,-0.012534174,2.082290871,-1.839268804,-0.067848236,2.435029803,-0.380869311,1.501470439,673d70380000e65289fe3701021030000d000000a456040100000000ffffffff9843ca0558241342,303874632f50714b823653390000003cb7bd153e043430000f380001c0241b0000000000ffffffff
1238,3701,49923,-0.012327006,2.082290871,-0.684243688,-0.187591785,2.216794211,-1.268257125,0.624404185,6c3d7038813fea526f561a02021030000d000000a357040100000000ffffffffd83f09073e254a40,e62cd748651fb003913b73390000003ce9b9b9350324a00008101001f20a030000000000ffffffff
1239,3702,49924,-0.012534174,2.082995580,-1.839268804,-0.440420552,2.062494952,-1.635929818,0.474187485,673d863800008452be0258020210d000030000007f7a030300000000ffffffffa24c1d088123803b,101506362e0bb1a91a39103b0000003cbfdc2060080c70000a3090007e402d1002010000ffffffff
1240,3703,49925,-0.011622632,2.081714291,-0.569572436,-0.422355435,2.077646198,-1.626906740,1.134316453,7d3d5e38cf453f531ac2eb03021030000d0000009e5b050000000000ffffffff364446053823033d,c416df37ad0bb18d3139103b0000003c4cf5c97d080c70000a24c000744b2b1102010000ffffffff
1241,3704,49926,-0.012285572,2.081554130,-0.675220609,-0.085250413,2.276822612,-0.972200678,0.362837167,6d3d59380040715307b6fa01021030000d000000bb40040000000000ffffffff7a6109162f25f026,8c362950ac2f2351c63665360000003c11d2f33a0310f0000944d000ec13000000000000ffffffff
1242,3705,49927,-0.009385209,2.082771355,-0.447583255,-0.384484984,2.018899086,-1.712164176,1.320584876,b33d7f38844c61524c7a8d0c040830000d000000ae430c0200000000ffffffff6a61aa10fa23c82a,561ab530fd0601961f395a3b0000003c09cdb46d081c30000a309000a027250a08000000ffffffff
1243,3706,49928,-0.009840980,2.081714291,-0.450354121,-0.203585214,2.193570843,-1.238772262,0.819543703,a83d5e385d4c0153589a4c08021030000d0000007c6b170000000000ffffffffa56afb3aeb2d4771,642b0246042190f8763b81390000003c4179a43b0324a00004201001f409020000000000ffffffff
1244,3707,49929,-0.005449002,2.088633253,-0.420727162,-0.187591785,2.216794211,-1.268257125,0.876303750,123e3639fe4d774d9b99bc590d607001101000006d60240b03000000ffffffff5e6d7442d62daf6c,e62cd748651f318cda3b6d390000003c8ebab9350324a00008101001f20a030000000000ffffffff
1245,3708,49930,-0.004496026,2.088505124,-0.419022014,-0.417839156,2.078254810,-1.607865912,1.258692745,293e3239164e514d87f12c570d607001101000007051320903000000ffffffff4561fb22bb30576a,3117f237b90c818c3c390b3b0000003c47f11b3b080c70000a24c00062572e1403010000ffffffff
1246,3709,49931,-0.008846570,2.090651284,-0.442467809,-0.454756631,2.094815474,-1.593372148,1.234274654,c03d7539cc4c6b4ce9d4f5450d5c0001181000029755110100000000ffffffff775d27211b32f761,b613f739850d87c32739eb3a0000003cf84e1336032070000a24c000665b291203000000ffffffff
1247,3710,49932,-0.009343775,2.091452090,-0.450425169,-0.116864367,2.267341072,-0.949678506,0.540140265,b43d8e395c4c014bcf5158400d5c00010480800192610b0000000000ffffffff1e48ff0a5e26af38,9133014fe930bb54f3367c360000003c7f36a57d0310f0001124d000e618010000000000ffffffff
1248,3711,49933,-0.011829801,2.084116709,-0.598062629,-0.140191570,2.211028409,-1.304846775,0.729470460,783da9383e44e05176069b030408d00003000000a64e0a0200000000ffffffff8a648536563b642a,5e312348621d0da1ef3b9b390000003cbbf5977f0324a000081c4000ee0b050100000000ffffffff
1249,3712,49934,-0.008432233,2.102343048,-0.434581496,-0.003667351,2.223745205,-1.447795076,1.020471924,ca3de23a3b4d3acfcd53e9181d5c0001207ce0016863320101000000ffffffff2855ed244037cb4c,3d3eb0498615b76fbc3bde350000003cb4b8592e0320a000091c0000f307030200000000ffffffff
1250,3713,49935,-0.009633812,2.095552215,-0.457316812,0.036896294,2.218780209,-1.466196473,1.017442067,ad3d0e3afb4b5ec3733ed8001740d0002078d0018b5d160000000000ffffffffd7575e25a3382345,1042154983145194aa3b11360000003c8eb02b2a0320a000091c0000f009040200000000ffffffff
1251,3714,49936,-0.009799547,2.096801472,-0.456393190,0.080236001,2.194371649,-1.466764856,1.019057036,a93d353a084c8fc874fed7001740d0001d80e0019261090101000000ffffffffb1714630cf227632,26461b467b145984aa3b6e360000003c47e1ca7d0320a000091c0000c918160701000000ffffffff
1252,3715,49937,-0.006029075,2.080433002,-0.453480227,0.045100177,2.195364648,-1.457031298,1.011404091,043e3638314cd14feac55f1c040c30011408c001a234110d0a010000fffffffff9719e2e7522382e,d6423a4604153f7bb83b34360000003c5e391a3e0320a000091c0000f009040200000000ffffffff
1253,3716,49938,-0.006153376,2.080048615,-0.385700566,0.093619103,2.194691971,-1.512306536,1.136810740,013e2a38eb4f3b53bda5df21040c20001350c001923f13100a010000ffffffff9d7f2247d322df59,69472546fa11c1a4803b9a360000003c3c380f2d0320a000091cc000cb1a140601000000ffffffff
1254,3717,49939,0.010958764,1.990678690,-0.368435935,0.110109737,2.177458631,-1.487937119,1.139298277,9e3f442dde507f533ec6201d131040010354d000de18050300000000ffffffff0558fa1e50331748,f7480b44511389909c3bc4360000003cbcb4bc780320a000091c4000c31a190801000000ffffffff
1255,3718,49940,-0.009882414,2.092188831,-0.465061029,0.069090321,2.207568928,-1.485876731,1.030346523,a73da5398e4b82498c0e0c050d5c00011e108001825e1f0000000000ffffffff045a051d4b31e640,1945b7476e133994973b51360000003c92582d310320a000091c0000e80e070200000000ffffffff
1256,3719,49941,-0.009965282,2.090587219,-0.463711120,-0.133396435,2.129057929,-1.489642268,1.034045437,a53d7339a14b7b4c623e4d080d5c00010460e001b540090000000000ffffffff1b5fce2372306f5c,0232243e39139cddf12c2a3a0000003c7d98727403288000091cc000b52c0e0d04000000ffffffff
1257,3720,49942,-0.008970871,2.090298929,-0.449501547,-0.123783804,2.196165454,-1.402963874,0.966167760,bd3d6a39694c824c1f663c460d5c000118100000aa42100201000000ffffffff46548320f9342445,ea325346fd17981de329e1390000003c5368223003289000081c4000df0e0b0700000000ffffffff
1258,3721,49943,-0.009965282,2.093534185,-0.471668480,0.115123222,2.133414313,-1.542928165,1.079275160,a53dcf39314b2745ad524c06173400011e1000006750470000000000ffffffff175d233b9a3dd23b,7049ac3e4b10e99c8b3b26370000003c68945d73032880000724c0008939320802000000ffffffff
1259,3722,49944,-0.009509510,2.108076818,-0.458808817,-0.186763110,2.198503807,-1.243319325,0.809353208,b03d953be64b64d2aa72ce0e1d40f00117780002be33090500000000ffffffffa54ee90e0328d032,fa2c9c46c4202191e83b61390000003caeca443d0324a00004201001f409020000000000ffffffff
1260,3723,49945,-0.011166860,2.085333933,-0.525949048,-0.173172839,2.224930398,-1.283390320,0.787051708,883dcf3835483551320e2c050408d00003000000bc22200000000000ffffffff185570120128b634,422ed549901ed994dc3b7d390000003c21f64b360324a00008101001f20a030000000000ffffffff
1261,3724,49946,-0.010462487,2.085237837,-0.494119605,-0.197660187,2.246584186,-1.313656710,0.855988720,993dcc38f5492f51146e0d090408d00003000000bd21200100000000fffffffff34d4f29b13b093b,f32b794ce61cdacebb3b8e390000003cc4b005790324a00008101001f10a030000000000ffffffff
1262,3725,49947,-0.010918258,2.100933630,-0.519838932,-0.191527992,2.247769378,-1.308186024,0.821992549,8e3db63a8b487dce5997bc0d107470010d7ce0018666100201000000ffffffffa444a31e873ae044,872c9e4c331d6fc2c13b8a390000003c597da97d0324a00008101001f10a030000000000ffffffff
1263,3726,49948,-0.011912668,2.097698375,-0.600549305,-0.207728589,2.238800354,-1.307120307,0.746656698,763d513a1b4439cb09abda05103470011d78f001e00f080601010000ffffffff5863b7241f2b7b39,002b864b421d2fc6b13b91390000003c64a4516d0324a00008101001f10a030000000000ffffffff
1264,3727,49949,-0.008142196,2.086807416,-0.432165868,-0.214482291,2.232906423,-1.293550165,0.897721594,d13dfd385d4d11507d95ff150d10800117403001b745020200000000ffffffff535e861be027642c,5d2ace4a011eedc7a83b8f390000003c67a8206a0324a00008101001f10a030000000000ffffffff
1265,3728,49950,-0.009136607,2.084981579,-0.447370111,-0.220324451,2.226403880,-1.273301524,0.864154657,b93dc438874c2a51ff8dbe0f0434200003000000d224080100000000ffffffff3556e215ed2bf03a,d029034a1e1f00ce9f3b8a390000003c8560a0690324a00008101001f20a030000000000ffffffff
1266,3729,49951,-0.010462487,2.087800415,-0.481259942,-0.193102474,2.233386907,-1.277635443,0.829919713,993d1c39aa4ab24f23966d090d10700110602000bf40000000000000ffffffff826da01ae521383f,612cdd4ae11ef8059f3b75390000003c1e12bb300324a00008101001f20a030000000000ffffffff
1267,3730,49952,-0.008556534,2.079952518,-0.413693424,-0.193102474,2.233386907,-1.277635443,0.896657754,c73d2738614ecf53dcf54e50020c40000d4c000085502a0000000000ffffffffd83fbf29733d9e3f,612cdd4ae11e1995cb3b70390000003cd012bb300324a00008101001f20a030000000000ffffffff
1268,3731,49953,-0.012534174,2.105482207,-1.839268804,-0.251316899,2.051155543,-1.507333186,0.412492218,673d443b0000bcd1ab02e8011d40f0011e5c0000c0320d0000000000ffffffff0475a138df219234,e426a43440120f540e3876310000003cbc26547b032880000724c000893e1c120a000000ffffffff
1269,3732,49954,-0.004454592,2.078607165,-0.375682817,-0.141683186,2.165702802,-1.403390161,1.040480525,2a3efd37785086530e852f1513103000147020007445242101000000ffffffff7a5b1f29393a0c2b,3a319c42f717a0145e290b3a0000003c8920727503289000081c1001d9130e0401000000ffffffff
1270,3733,49955,-0.009468077,2.098787471,-0.454332802,-0.145287922,2.182007208,-1.440335050,0.998785758,b13d733a254c5ccc729b170b1740d0010d80f0018554230301000000ffffffffd76e632de2232c2b,e3309944ef15acce8c2bfb390000003c1168f06703288000091c0000d3130e0a01000000ffffffff
1271,3734,49956,-0.006484846,2.081490066,-0.472450007,-0.243527353,2.019603795,-1.554224776,1.109168928,f93d5738264b9b4e158ecf1e040c20001350d000c81e100603000000ffffffffec73212a12210e45,a027cb30ac0f75490d38c3300000003cf8d2d378032880000724c0007e40221807000000ffffffff
1272,3735,49957,-0.006609148,2.078959519,-0.383569130,-0.162607231,2.212533924,-1.269251795,0.909181669,f63d08380950df5356c99f5a031020001350c0017545350c03010000ffffffff444df376483cd98d,412f5248571fd991eb3b7b390000003c1caad93d0324a00008101001f408020000000000ffffffff
1273,3736,49958,-0.026911687,2.018482667,-0.518844262,-0.160038339,2.225795268,-1.306765067,0.825542498,0c3ca830994887d2c3f4bc381074d0001f000000a757010000000000ffffffff3b57a1713f3f6198,7f2ff049471d0dacdc3b92390000003c7b314d380324a00008101001f00a040000000000ffffffff
1274,3737,49959,-0.024881433,2.025946176,-0.478346980,-0.030184954,2.471194192,0.358241612,0.947710080,3d3c9131d34ad2d36e40ae331d40f0010d000000ab4d070000000000ffffffff4c57a171fb3dd190,bd3bdd67d278c82e5036a93b0000003cd0c9d73f0d404000000000008c6f050000000000ffffffff
1275,3738,49960,-0.025875843,2.026170402,-0.487156915,-0.027906097,2.475902930,0.467797418,1.055557315,253c9831574ad1d2a6649d771d40f0010d000000827a030000000000ffffffff2f49512ddd3d3c40,f43b7068d87e2c3e4136f73b0000003c9011e93e0d40400000000000827a040000000000ffffffff
1276,3739,49961,0.005323774,2.063968435,-0.574119499,-0.234867698,2.165766866,-1.263852158,0.737418472,163f34368f456ed27f0a4c051d40f00117780000ca24110000000000ffffffff4f449205da21973a,71289e42a31f5acc753bae390000003c8508d16d0324a00008101001f30a020000000000ffffffff
1277,3740,49962,-0.012285572,2.080593163,-0.672591838,-0.182246831,2.214551955,-1.209784734,0.579144191,6d3d3b3825400754c3b90a42021030000d000000d821070000000000ffffffffd94a3f081e21a437,672d91489c224d477637cf340000003c647374750324a000043c1001f905010100000000ffffffff
1278,3741,49963,-0.011788367,2.079920486,-0.585060870,-0.142594728,2.228838330,-1.260655004,0.704069784,793d2638f5442e54ab9d0a42021030000d000000e711070000000000ffffffff6953180937213e36,24314f4ad01f4a47253795340000003c17db71720324a0000420f000f806010000000000ffffffff
1279,3742,49964,-0.011166860,2.079792357,-0.518275879,-0.046965624,2.304594557,-0.951809941,0.489662500,883d2238a1482954ab29cb42021030000d000000dd160d0000000000ffffffff594eab1e4c38274b,283a8c53cb30494a87368f360000003c21ba243d0310f0000d241001ea15000000000000ffffffff
1280,3743,49965,-0.010752523,2.095840505,-0.497600951,-0.231180094,2.203308641,-0.880477887,0.454678417,923d173ac44989c5cdca8d0a105cd0001e740002964a1e0100000000ffffffff3874403091210a35,ca283247b734f93af83795360000003cd0beb57b0310f0000e44d000bf300e0101000000ffffffff
1281,3744,49966,-0.005780472,2.079023584,-0.380585120,-0.239135375,2.191712974,-0.904065777,0.584110784,0a3e0a383350a9536cd9af20040c30011408c001605825140c020000ffffffff4255230a0d22f632,0a28c8456b33f94a063869360000003c9f9a147c0310f00011389000d2200c0101000000ffffffff
1282,3745,49967,-0.011001125,2.080433002,-0.508684417,-0.036441450,2.356102385,-0.809856310,0.409078633,8c3d36382849ec53f1652b03021030000d000000b734140000000000ffffffff1a441f06fc204037,263bd4599938bc4461367a370000003c89cac77e0310f0000d44e000ad51010000000000ffffffff
1283,3746,49968,-0.012285572,2.079952518,-0.678630907,-0.093578597,2.215480889,-1.358843151,0.698330289,6d3d2738d03f3954aee96a420210300000000000f209040000000000ffffffffd72ec4168012e032,c335ae486a1a3d47ca360c340000003ce5f663790324a000081c4000e70a0a0400000000ffffffff
1284,3747,49969,-0.014771597,2.048208577,1.814509669,-0.195298463,2.081233808,-1.457954921,3.277606612,313d4834e3c8d457b4a5e4430728500003188000715a1d1007000000fffffbff3835be128512dc36,2c2c4f38f7145b42c33731320000003c04a7217103289000081cc000b32f100904000000ffffffff
1285,3748,49970,-0.013942922,2.048176545,1.763852542,-0.008017895,2.454633528,0.364920111,1.456795913,453d47341ac6dd57f5d1e3440728500003188000754e1e1707000000fffffaffbe24f9119a0d5d4a,d43dd86530796f3b2436ac3b0000003c29eaa87f0d404000000000008b6f050000000000ffffffff
1286,3749,49971,-0.015558838,2.033601880,1.867085088,-0.012036969,2.462833780,0.413587898,1.515554852,1e3d8032c7cb8a585cca510d051c6000082830008243380200000000fffff9ff622ffc0b3e0e6f54,733dd866dd7bb23b2936cf3b0000003c89c2297e0d404000000000008a70050000000000ffffffff
1287,3750,49972,-0.014398693,2.035395685,1.811525659,-0.222561873,2.045133483,-1.443532204,3.261721697,3a3db832b9c87c58cb6a7115051c60000a0c80008349310100000000fffff6ff8e29440eb70d7351,9a29e833c2156b54f93722320000003cce5e837903289000081c1001b130120904000000ffffffff
1288,3751,49973,-0.014978766,2.033826105,1.842005192,-0.083717364,2.304178138,-0.909962750,2.766069914,2c3d873266ca895896a2020c051c60000a2030008c3b370100000000fffff7ff6f388103de0c1f3c,b1367f531833153eba36c4360000003c0a8f64780310f0000d44e000c13d010000000000ffffffff
1289,3752,49974,-0.013487151,2.030302560,1.730175855,-0.156102132,2.220734175,-1.229393944,2.969117146,503d193240c4b0588fe66305051870000a000000933a310000000000fffff6fffc2fe809e30d5c46,de2f524988214d4c4037be340000003ced2af3770324a0000420f000f905010000000000ffffffff
1290,3753,49975,-0.014274392,2.034306589,1.808399553,-0.125358286,2.188477718,-1.381649515,3.195703588,3d3d96328dc889586dc2f208051c60000a0c80008a41340100000000fffff6ff9237f80c77156a34,c43263452919e80b9b28ea390000003ce65c637903289000081c4000e20d0c0400000000ffffffff
1291,3754,49976,-0.013487151,2.053397799,1.740761987,-0.099172154,2.212694085,-1.399269385,3.145236755,503dea34d5c42c576385844503287000021460009338320200000000fffff9ff0f3ae90f9d12793e,3c3557483118500d9c29cb390000003c4df1b63c03288000091c0000d8100d0a00000000ffffffff
1292,3755,49977,-0.013362849,2.048208577,1.700975183,-0.409428104,1.753672210,-1.678345393,3.415175971,533d4834a5c2df573136730607283000051820006b4c341103000000fffff9fff037020eef14fd40,fc175d10d908de40f138ca2a0000003c3ac7006b081ca0000c0c90006d45261511010000ffffffff
1293,3756,49978,-0.013487151,2.052372767,1.736285971,-0.082101447,2.216954372,-1.444100587,3.185381247,503dca3496c44b5703ba76000328700002146000853e3a0100000000fffff9ffd83289091f0ea348,d836dc48ba158abeef2dd2390000003c216d697c03288000091c0000d610100900000000ffffffff
1294,3757,49979,-0.014025789,2.035075362,1.788577199,-0.399566870,1.744510992,-1.731062908,3.552595679,433dae3276c78258b2aad503051c60000a0c00008646320100000000fffff6ff2c39dd095f0fa73e,ea183f0ff3051034e53884280000003c3a2b205e081cc0000a0c90009b2f210f04000000ffffffff
1295,3758,49980,-0.013445717,2.039047359,1.719376580,-0.049203047,2.213847245,-1.447581933,3.171980423,513d2a33a8c35a587b0e1503051c60000a0c00006d67260500000000fffff6ff70388508e00ef020,f2397b4889150abee92ed8390000003c7ff2b43c0320a000091c0000f107040200000000ffffffff
1296,3759,49981,-0.013487151,2.037253554,1.730175855,-0.087073498,2.214808212,-1.416534016,3.152574126,503df23240c46b5847279407051c60000a0c0000775b2a0300000000fffff6ff61366204e60c683b,603699483e1781b2ef2dbc390000003c61e6f83e03288000091c0000d510100900000000ffffffff
1297,3760,49982,-0.013652886,2.030622882,1.751632310,-0.088855149,2.208593960,-1.379518079,3.137105648,4c3d23326ec5ae581dce4501051870000a000000953b300000000000fffff6ff62313608be0b9b39,3536d7474719480e4728cb390000003c3ef9437b03289000081c4000e00d0b0700000000ffffffff
1298,3761,49983,-0.014232958,2.027035272,1.801081623,-0.441912167,2.042795130,-1.459517974,3.288566193,3e3db33126c8ce58e4d9c247051870000a2000009e471a0000000000fffff8ff0d3333060a0d1f47,ec149f33e1145ec646390e3a0000003c5818216b03289000081c1001d4190e0301000000ffffffff
1299,3762,49984,-0.013901488,2.031039301,1.786374715,0.097389575,2.173038183,-1.562111088,3.353342595,463d303257c7a758fcfdf010051870000a000000953b2f0000000000fffff6ff6a35a5054d0db765,c44781433d0f57b4683bda360000003c14b8df660320a000091cc000d71a0b0101000000ffffffff
1300,3763,49985,-0.013694319,2.032032300,1.761721107,-0.378187053,1.923731326,-1.471454015,3.255457789,4b3d4f32fcc59f58445f9610051870000a0000009339320000000000fffff6ff8225d9100b0bc025,ee1a1a253914dbb61c39913a0000003c1bd4f05f03289000081c10019b42160903000000ffffffff
1301,3764,49986,-0.015558838,2.024857081,1.863035360,-0.351959487,1.962554391,-1.590956521,3.470894256,1e3d6f318ecbda58659951550518700008000000935d0c0400000000fffffcff7827ca1a2212753d,671dd629a70d6f7e9f39633b0000003cc06d661c080ca0000724c0004f48342d04020000ffffffff
1302,3765,49987,-0.015641706,2.047888255,1.853301802,-0.335303118,1.918638201,-1.582075538,3.452637610,1c3d3e3405cbe45733e6a30407285000031880006b59201009030000fffffcffab2c0418ee12594a,f91e7b24240e8c248e38903b0000003c32ccc02d080ca0000724c0004b453d2c04030000ffffffff
1303,3766,49988,-0.015020200,2.048945319,1.826232567,-0.334018671,1.951727496,-1.587333080,3.429816577,2b3d5f3488c9b6574f83140c07285000031880006c60171506000000fffffbff89279d0df10cca40,181f8428da0dac349b386f3b0000003c11b8c4270320a0000724c0004a4a3a2b04020000ffffffff
1304,3767,49989,-0.015103067,2.031039301,1.852520276,-0.249493813,1.943270987,-1.740085986,3.601313934,293d3032facaa2583c3e601805187000082800009840260000000000fffff8ffab2a8c0be50c8f49,10277c27740561953c39e33b0000003cf3e9d376083070000a0c9000ab221d0b0a000000ffffffff
1305,3768,49990,-0.014813031,2.031007269,1.836179267,-0.322997293,1.944231954,-1.575183895,3.426354640,303d2f3214caa6583b12b502051870000a2000009a40250000000000fffff7ff0529fa0c360dd766,22209a27850eb01f8938763b0000003c529041310320a0000724c0004c483a2a04020000ffffffff
1306,3769,49991,-0.014978766,2.031936204,1.844776059,-0.398945364,1.922898488,-1.419233835,3.288324826,2c3d4c328dca9b583d5b2514051870000a203000983d2a0000000000fffff8ffca341805a00cee35,f9180025181749bbf938823a0000003c0248305e03289000081c10019e40170702000000ffffffff
1307,3770,49992,-0.013777187,2.029661915,1.768257510,-0.403875981,2.024696919,-1.490352746,3.281880943,493d053258c6b658b6953346051870000a000000963c2d0000000000fffff6fff865004c1a40d93a,82186a312f1351986239313a0000003c9834d56403289000081c1001d11b0d0401000000ffffffff
1308,3771,49993,0.008887076,2.071752267,-0.432450060,-0.420698085,2.060444890,-1.474011738,1.126730667,6c3f2737594df0d3589e3f171d7c000117840000c921150000000000ffffffff285b973a8d3ef53d,ec16c635151489a265390f3a0000003c2981737103289000081c1001d21b0d0401000000ffffffff
1309,3772,49994,0.007022558,2.067620109,-0.463355880,-0.252394176,1.981165117,-1.651773492,1.219470347,3f3fa636a64b2fd33756be0c1d40f0011784e001cd1d140200000000ffffffffcf2f3e08b70c9e3d,ca261b2c4f0aa9817c39c23b0000003cac39797f080c70000a309000583a363006020000ffffffff
1310,3773,49995,-0.014274392,2.030270528,1.809323175,-0.273276788,1.983631599,-1.717563814,3.536691853,3d3d18329ac8b0581e9a7208051870000a200000983e290000000000fffff7ff175d233b9a3da338,d224682cb106318c4639b83b0000003ceac40a78081c30000c2890008f2f171514010000ffffffff
1311,3774,49996,0.007063991,2.064961434,-0.458808817,-0.289725988,1.970113997,-1.582786017,1.166364040,403f5336e64b64d28872ce0e1d40f00117780002be33090500000000ffffffff2d502a32973e713f,4523c22a1a0ed775a939963b0000003cfd0eb47b080ca0000724c0004b49382c04030000ffffffff
1312,3775,49997,0.005945280,2.066979465,-0.513941959,-0.334018671,1.951727496,-1.587333080,1.131824634,253f9236de482dd387ae5d0a1d7c000117840000ce1b160000000000ffffffff41626943ea3f8f3c,181f8428da0d5f7aad39743b0000003c34bac4270320a0000724c0004a4a3a2b04020000ffffffff
1313,3776,49998,0.007934100,2.071015526,-0.442041521,-0.353865440,1.933661318,-1.607510673,1.228040483,553f1037d24c01d438169f111d7c000117840000cf1e110000000000ffffffff5b28cd11450aa82b,391d5026be0cfdb4ac38873b0000003c1a106216080ca0000724c0004c443c2c04030000ffffffff
1314,3777,49999,-0.015517405,2.021685890,1.848186356,-0.210256048,2.225218688,-1.264988923,3.125893322,1f3d0c31bdcaf2586b75515305187000080000009465040300000000fffffdff27268f0f610b3838,c32ade49931fb8059b3b7c390000003c91c9a92e0324a00008101001f20a030000000000ffffffff
1315,3778,50000,-0.015434537,2.026042273,1.859696110,-0.032339509,2.481636700,0.419555918,1.510581289,213d94315fcbd058f1095444051870000800000097580e0200000000fffffbffbd240c10840c4a40,893b2369317c66394f36d83b0000003cc66e787d0d404000000000008b6f050000000000ffffffff
1316,3779,50001,-0.015517405,2.029918173,1.867085088,-0.031179364,2.461584523,0.398454703,1.530835178,1f3d0d32c7cbad581152610e05187000082800009149220200000000fffffaff3125b210980b6759,a53bb166087bb3394c36c63b0000003c9c46297e0d404000000000008b6f050000000000ffffffff
1317,3780,50002,-0.015600272,2.026746982,1.864740508,-0.150591443,2.139212146,-1.439624572,3.309033033,1d3daa31a6cbc8587286111405187000080000009458100300000000fffffbff3425fd11570bec2f,6330613ff91570f6032b213a0000003c1b39e57b03289000081c0000c5210f0702000000ffffffff
1318,3781,50003,-0.015724573,2.025657886,1.864669461,-0.123286599,2.187164397,-1.476569461,3.346868906,1a3d8831a5cbcf587e41f0610518700008280000915a100500000000fffffcffa26c353d2b2d7c2c,f6323a45f11398d1c62cf9390000003c3294946d03288000091cc000c81a120902000000ffffffff
1319,3782,50004,-0.005076099,2.087928544,-0.416961626,-0.141185980,2.185883108,-1.418381261,1.015363128,1b3e2039334e024efd4dff160d607001101030018b461c0c07000000ffffffffa651b721cc37294c,46311245241744d68a2af5390000003c24c8702903289000081c4000da100b0a00000000ffffffff
1320,3783,50005,-0.010213884,2.095744409,-0.476783927,-0.059437184,2.220798240,-1.410139708,0.942981659,9f3d143ae94aadc4b04e7e0c105cd0001e80d001786d190000000000ffffffff756cda36242c4e32,fb385449981770147828ad390000003c8e09d47a0320a000091c4000e00e0a0700000000ffffffff
1321,3784,50006,-0.005780472,2.087159771,-0.410780461,-0.087073498,2.214808212,-1.416534016,1.017075658,0a3e08398a4e024fe1656f150d60400017403001b025190e02000000ffffffff7648847ad23bb188,603699483e172810df29b8390000003ce0e5f83e03288000091c0000d510100900000000ffffffff
1322,3785,50007,-0.026994554,2.013934090,-0.572343303,-0.595879997,1.974118026,-0.780371447,0.607035151,0a3c1a30a8452cd2ff048c3b1074d0001f000000b944010000000000ffffffff504eec30e13f5246,68063f2b383a3a376439ea360000003c343a72750e0cf000044420019c35150d0c000000ffffffff
1323,3786,50008,0.005779545,2.069477979,-0.522396655,-0.579679399,1.984240211,-0.928790434,0.717762882,213fe0366748e6d367065d071d7c000117840000c632070000000000ffffffff7e592f39ba3f7241,ef077b2c0f32782d4d395c360000003c2b0b936f0e0c10010f1090009439191702000000ffffffff
1324,3787,50009,0.006815389,2.070374881,-0.469821236,-0.584071377,1.975399315,-0.807653827,0.687239687,3a3ffc364b4b00d45656ae0c1d7c000117840000cb280b0000000000ffffffffac53b032ef3da635,8507672bb838103c5639cd360000003cc429c2350e0cf00011102001943b170e0b000000ffffffff
1325,3788,50010,0.006152449,2.064480951,-0.500940200,-0.515705683,1.957589395,-0.985202437,0.719910848,2a3f4436954973d2ca868d0c1d40f00117000000c725120100000000ffffffff8a357305e50b6b3a,f70d3b29f52ec4283739fe350000003c6bbfe36b0338f00011109000664f272202000000ffffffff
1326,3789,50011,-0.013818621,2.027291530,1.760371197,-0.593684008,1.974085994,-0.707476339,2.535615538,483dbb31e9c5cd58dc95c248051870000a0000009a42230000000000fffff7ffd1216613580c793e,9d063e2b3a3e5023623963370000003c8986f1680e0c40000f442001ac29121107000000ffffffff
1327,3790,50012,-0.015973176,2.029277529,1.876747597,-0.549184156,1.976904830,-0.952449372,2.879481263,143df9314fccaf58e465014e0518700008280000824b270b00000000fffffbff652af6166a14a818,cf0a962bc230cc26403937360000003c5b83846e0e0cf000111090006855221e02000000ffffffff
1328,3791,50013,-0.015061633,2.051732123,1.839518517,-0.614773788,1.970242126,-0.659447983,2.571211555,2a3db63443ca5c574fb5d35003287000051820006d4f400201000000fffffbff8a38e805e80daf4a,a004c62ade4010297a39da370000003ce7b540670e1030000f442001d3150c0605000000ffffffff
1329,3792,50014,-0.013445717,2.033954234,1.729110137,-0.422189700,1.916395945,-1.035291181,2.796928001,513d8b3231c48c58c50aa407051c60000a0c00008942330100000000fffff6ffb432440b720e2764,c8163524342c08033d3924350000003c877267690344e0000f2440009c27221b00000000ffffffff
1330,3793,50015,-0.014108657,2.036260555,1.790069204,-0.624717889,1.972484382,-0.646446224,2.512671580,413dd3328bc7765860b3b611051c60000a0c8000814d300200000000fffff6ffa230ee11ae0f9f66,b0030c2b9541781a8a39f2370000003c15df336a0e103000113c2001d915080404000000ffffffff
1331,3794,50016,-0.014605862,2.041033357,1.805060303,-0.441829299,1.928952580,-1.030317831,2.869573335,353d68335ec848584e67d419071460000a0c80007659250b00000000fffff8ffb42ee6116e0f7f4f,ee14bd257a2c280e293967350000003c290bd661033810010f2440008b2d272000000000ffffffff
1332,3795,50017,-0.014771597,2.040296616,1.815149100,-0.570232503,1.983791760,-0.938239800,2.809426996,313d5133ecc85058c066301d071460000a0c8000715e270800000000fffff8ff21213c185c0e0750,d3086d2c8a319e304a3950360000003c266bb4740e0cf0001110900082441b1b02000000ffffffff
1333,3796,50018,-0.016263212,2.036805103,1.878523794,-0.589582066,1.997213265,-0.853621794,2.791931507,0d3de43268cc6c589af6e10e051c6000082830006f582e0802000000fffffcff39246815920e8751,0007102e3136b23e47399d360000003c539d52360e0cf000111020019c35151306000000ffffffff
1334,3797,50019,-0.015807441,2.037061361,1.869855955,-0.403544511,1.905985470,-1.039767196,2.938269526,183dec32eecb6858b4a6401a051c6000082830006d602e0202000000fffffbffab26b514d80e5f66,8a18f022f52b78025739e2340000003c444ef6650344e0000f2440009e271f1a00000000ffffffff
1335,3798,50020,-0.015558838,2.038150457,1.857067339,-0.391072951,1.903326795,-1.042822255,2.927208213,1e3d0e333acb5f585e130712051c60000a2030006a652c0301000000fffffaff752bc310960e7354,b7199d22ca2b73546d39b0340000003c46f603060344e0000f2440009f281d1a00000000ffffffff
1336,3799,50021,-0.014978766,2.037189490,1.832058491,0.480568932,1.746240732,-1.412626384,3.295178089,2c3df032dac96c58d94e730c051c60000a203000725d2d0300000000fffff8ff8b26d5127e0e8750,e46b750f7517933ef12b44300000003c4ce7cf1c03289000081cc0008553220202000000ffffffff
1337,3800,50022,-0.015475971,2.036805103,1.857706770,-0.449328809,1.664046027,-1.664348964,3.568200416,203de43243cb6d589636b406051c60000a203000715c2f0201000000fffff9ff272f4f10350f3347,39146f059e09782647397d290000003c78c3e058081ca0000c0c90006b4222220e000000ffffffff
1338,3801,50023,-0.014605862,2.039367681,1.812804520,0.576985277,1.989397400,-0.948186500,2.824101365,353d3433cbc85958a00eb20c071460000a0c80006c64280600000000fffff7ffd83f3658e24e3188,fb741c2dfe30d74abd2e56360000003c92136a71130c4001161090009144160e06000000ffffffff
1339,3802,50024,-0.062544715,2.095648312,-1.839268804,0.607397653,1.975207122,-0.755433647,1.279854485,b038113a000013d808fd371b1f8420021d000000916c010000000000ffffffffd83fc05bce4fc186,d977612b973b502f922dbf370000003cded56b3b130c4000145850019a32220f02000000ffffffff
1340,3803,50025,-0.064077764,2.095103764,-1.839268804,0.443982927,1.917965525,-1.043177494,0.960866794,8b38003a000033d88801b8041f84d00122000000c03d010100000000ffffffff0852235e2d4dcbbe,71686624c52b4f6f3a2ee3340000003cf2f29c59034c400116109000b22e110b02010000ffffffff
1341,3804,50026,-0.064036331,2.099203890,-0.507760795,0.600768252,1.994202235,-0.928932529,0.793962285,8c38803a3549afd74b9e7f291f84d00122000000cf2f010000000000ffffffff9e4b6a60374a76cd,3977b22d0d32df45912e8a360000003cfd41aa7e130c400116109000b22a130a06000000ffffffff
1342,3805,50027,-0.064657837,2.102567274,-0.552805140,0.587219415,1.992184205,-0.941650097,0.767025927,7d38e93abb46d8d6d8990b7c1f84d00122000000d419120000000000fffffffffa548c5a214a2fc0,f275732d5a31cf52992e67360000003c377b3b73130c400116109000a237150c05000000ffffffff
1343,3806,50028,-0.062378980,2.102471177,-0.492627600,0.428901041,1.912968497,-1.050140184,0.766868702,b438e63a0a4acfd64012ae341f84d00122400000ca22130000000000ffffffff32536a5bc2488fc6,0567ca23632baf7c9b2db0340000003c6dfed95e034c400116109000b92a100a02010000ffffffff
1344,3807,50029,-0.062420414,2.104072789,-0.502005918,-0.639551173,1.972740640,-0.622503094,0.604026172,b338183b864967d6358e3c3a1f74100210000000cc240f0000000000ffffffff1f4a385fa54808ce,4a02142be6424948a73912380000003cc97dd0290e103000113c2001da16070403000000ffffffff
1345,3808,50030,-0.064243499,2.104489208,-0.568719862,-0.595797129,1.982254213,-0.728080220,0.568230920,8738253bdb455fd6f7c5da7d1f74100210000000c82c0b0000000000ffffffffd83f7e60a3484cce,6a063d2c183dca39683936370000003c269a606b0e0cf00004442001a82c121108000000ffffffff
1346,3809,50031,-0.066149452,2.104841562,-1.766302648,-0.481564269,1.944744470,-1.016321401,0.872165362,5938303b03045fd6db01e87f1f74100210000000c62f0a0000000000ffffffffd83fcd61304a90ce,2f11aa273f2de42a3339ba350000003c89d3346d033810010f1090008035272200000000ffffffff
1347,3810,50032,-0.066770958,2.102951661,0.783249931,-0.637603787,1.976039960,-0.640478204,1.539142132,4a38f53a3090d7d68d01187f1f74100222000000d715130000000000ffffffff9d52b75c214c33c1,79027b2be941f023a23904380000003c849202710e103000113c2001da16070404000000ffffffff
1348,3811,50033,-0.063456258,2.100292985,-0.505203072,0.632920845,1.982414374,-0.867618223,0.793839517,9a38a23a594963d739a65f291f84d00122000000d02c030000000000ffffffff244a9d64d64c10cb,417a422c6c35b43fe32df0360000003cbd119a3e130c400116105001bc22120807000000ffffffff
1349,3812,50034,-0.065983717,2.099716405,-0.568080431,-0.594802719,1.993913945,-0.894758507,0.630525386,5d38903ae4459ad7fbedab7b1f84d00122000000ea14010000000000ffffffff67481565d54da2c9,8206a92dee3394284f3980360000003ca599e1710e0c10010f102001ae28151103000000ffffffff
1350,3813,50035,-0.066522356,2.098755438,-0.586126588,-0.590990814,1.989525529,-0.910744276,0.626398419,5038723ae644e1d709766c7a1f84d00122000000e716010000000000ffffffffd83f5369b54e8cd1,de06202d0d330825503974360000003c5ecab2730e0c10010f102001a92b161203000000ffffffff
1351,3814,50036,-0.068386875,2.098082761,-1.839268804,0.620117815,1.977385314,-0.775398097,1.272960118,23385d3a00000fd89901487f1f84d00122000000ec11010000000000ffffffffd83f3f6a994f38d1,0c79a52b7e3a4a38422d96370000003c0d2e1e34130c400014585001a92a1c0e02000000ffffffff
1352,3815,50037,-0.068594043,2.097378052,-1.839268804,0.621443695,1.988564562,-0.881756748,1.185251785,1e38473a00002cd83902c83f1f84d00122000000ee10020000000000ffffffffd83fd5675c50e2cf,2c79022da534cb49562ed4360000003ce0894a3e130c400116105001bb23120807000000ffffffff
1353,3816,50038,-0.068842646,2.096673343,-1.839268804,0.607604822,1.980652601,-0.787547281,1.255850369,1838313a000046d8b3fec73d1f84d00122000000ec11020000000000ffffffff264b3f63004cd8ce,de770b2cd3395762a12d7a370000003cc0822c70130c400014585001923c1f1002000000ffffffff
1354,3817,50039,-0.065486512,2.100581275,-0.557636395,0.558754426,1.980684634,-0.957635866,0.751033641,6938ab3a77465dd7ce258c7a1f84d00122000000e418030000000000ffffffffd83fa6042222a43e,43730c2c7930374e022f41360000003c7683b973130c400116109000745d171106000000ffffffff
1355,3818,50040,-0.012534174,2.080849421,-1.839268804,0.617880393,1.984336308,-0.838062312,1.187076975,673d43380000f453df011840021030000d000000e01b040000000000ffffffff9856ce101a263632,d6787e2c0c37433ad62d17370000003c8f7d5c39130c400104585001b22a110c06000000ffffffff
1356,3819,50041,-0.010462487,2.083764354,-0.492556552,-0.589250596,1.982702664,-0.741437218,0.638083636,993d9e380b4af95122e67c070408d00003000000aa4b070300000000ffffffff2e5c4e148d267c2c,08074b2c5c3c103f623918370000003c7d8a21720e0cf00004442001a032141109000000ffffffff
1357,3820,50042,-0.009840980,2.083988580,-0.460087679,-0.618129923,1.974534445,-0.689856469,0.659385579,a83da538d44bc951245add090408d00003000000c62b0a0400000000ffffffffd83f8d046023723f,4f044c2b323f903077399a370000003cefb5206b0e0c40000f442001d0120f0806000000ffffffff
1358,3821,50043,-0.012534174,2.081650227,-1.839268804,-0.441290661,1.669555571,-1.679340063,0.615817613,673d5c38000064531c021800021030000d000000c23a030000000000ffffffffc0601c187626ec29,fb141b06cb08e8123b390e290000003c1e13435a081cc0000a0c90006c4222210d000000ffffffff
1359,3822,50044,-0.009260908,2.083796386,-0.444172957,0.475431146,1.718949271,-1.457741777,1.181254230,b63d9f38b44ccf511f0ebe0d0408d00003000000cc25090500000000ffffffff626c1e2c7925ea33,686b210cfa142f57592c7c2f0000003caa573f58032890000720c00070661a0807000000ffffffff
1360,3823,50045,-0.006733449,2.082739323,-0.477920692,0.633542352,1.978122055,-0.707192148,0.688086676,f33d7e38d94afa4df3b18f19040c20000d4c4001e60b080301000000ffffffffe664091c5926442c,507abc2b3e3e113c132c06380000003c49be0b7c1310300014585001cb18120a01000000ffffffff
1361,3824,50046,-0.008680835,2.083572161,-0.431313294,0.493164793,1.947787532,-1.008364041,0.776707193,c43d9838694dd75108de6e120408d000034c0000d818090700000000ffffffff0b518125953a5f46,146d0928af2d77674b2fc2350000003c3e8b6b67034c4001161090009342151103000000ffffffff
1362,3825,50047,-0.010669655,2.098915599,-0.500869152,0.454465667,1.929881515,-1.034864894,0.728062389,943d773a964980cc368f8d0c105cd0010d780002a8311e0700000000ffffffff39545c2599392840,6e69da253a2c8f6e012f28350000003c9f1a9d60034c400116109000a536130e02010000ffffffff
1363,3826,50048,-0.010213884,2.097890568,-0.479910033,0.611582462,1.978858796,-0.719057141,0.676750026,9f3d573abd4ab5caf60e4d0a105cd0001d80e0018e61080700000000ffffffff8f559b2c693b943b,3e78d32b973d614bfb2c00380000003cd5febb77130c400014585001ae23200d01000000ffffffff
1364,3827,50049,-0.010172450,2.101189888,-0.485807005,0.520511071,1.961401230,-0.991241506,0.746076338,a03dbe3a6a4a77ce2ab3cd0e107470010d7c00026e6a250101000000ffffffff254af507fc249f3b,a86fb229a02ee35d402f08360000003c5043db6d034c4001161090007b55161405000000ffffffff
1365,3828,50050,-0.011829801,2.082835419,-0.590815747,0.606776146,1.986450435,-0.907760266,0.701724455,783d8138a444955293b63b05021030000d000000807a030300000000ffffffffd420e31c3d11af60,ca77c02c3733bc46dc2ea3360000003c2d0a6d78130c400116105001b925130807000000ffffffff
1366,3829,50051,-0.016346080,2.046510869,1.879518464,0.484546572,1.874561851,-1.174758137,3.099849266,0b3d133476cc0b580ae3931107285000062030007f3d231408040000fffffeff5722cb1bda10353d,446c1b1f8924d82d822af8320000003cc81a4e11034c400116244000bb2b0c0705010000ffffffff
1367,3830,50052,-0.016180345,2.045710063,1.875468736,0.488482779,1.879751073,-1.210068925,3.130937545,0f3dfa333dcc195829a28501072850000620300082332b1607020000fffffdffc71e821de610c240,a36cbd1f98228763492bcf320000003c29cb3c07034c90001458a000c71c0f0805010000ffffffff
1368,3831,50053,-0.016553248,2.045934289,1.884847054,0.411208828,1.686852975,-1.779446503,3.706611262,063d0134c1cc1658185aa01607285000062030007c3825150e030000fffffeff7c388c1020139a39,5a6537084a03075b523049200000003c2093fe62083070000a0c9000af281e0802000000ffffffff
1369,3832,50054,-0.013570018,2.049137512,1.729749568,0.487156899,1.876227527,-1.197280310,2.974580510,4e3d65343ac4bc57c73d914f07283000051820006050440a02000000fffffaff0c38470e7114402f,836c4f1f4c23bf62d32ad4320000003c3b53ae4c034c400109584000bf270b0806010000ffffffff
1370,3833,50055,-0.013445717,2.051636026,1.734793966,0.464906973,1.940099796,-1.024349810,2.802523150,513db33481c46b573341664403287000050860007944410100000000fffffaff0c4a5c2ec23ed244,6a6a1927ce2c676d842f6a350000003cb83a6d5f034c400116109000a138140f03010000ffffffff
1371,3834,50056,0.005406641,2.066691175,-0.565025373,0.502818858,1.852171321,-1.249216298,0.872671131,183f89360f462ad359463c051d7c000117840000ce1f110000000000ffffffffd83f4d2bfa3fb341,fd6d601c7120e538d12a7b320000003c815fbf1a032430010a506001d41c080302010000ffffffff
1372,3835,50057,0.004370797,2.069477979,-1.635574579,0.506837932,1.832951983,-1.266551976,0.666779911,ff3ee036330b06d43efe47001d7c000121000000c437040000000000ffffffffd83f082bcf3e5841,5e6e081a7d1fe9496e2b43320000003c76e23f5d032430010a506001d41d080302010000ffffffff
1373,3836,50058,0.004412231,2.066338820,-1.839268804,0.510732705,1.802681524,-1.339802324,0.758513254,003f7e36000031d347fe57001d7c00011e5c1002d21e0f0000000000ffffffff0858d72c6e3a282e,bc6e5716761bdd478e2b4a310000003c07eb9f5f0324a00013506001ca280b0100000000ffffffff
1374,3837,50059,-0.009716679,2.100036728,-0.472805246,0.495112179,1.866489729,-1.228967657,0.938710801,ab3d9a3a214b1bcd3d1f0b0c105cd0010d7c00026552450200000000ffffffff7120ed15800dc94d,436d1f1e8e21e739fa2aa3320000003c56abfb0b0324300114286001d31b0a0302020000ffffffff
1375,3838,50060,-0.016138911,2.033441719,1.880371038,0.407521224,1.695565742,-1.778593928,3.698874520,103d7b3282cc8a5878b2520a051c6000082830007d44360800000000fffffbffe639c267cc4f10d5,0165470956039f4e693097210000003c161b0f67083070000a0c9000b3271c0702000000ffffffff
1376,3839,50061,-0.069547020,2.097410085,-0.624137195,0.412949045,1.690953101,-1.776249349,1.313534220,0738483acf4233d81a12c3371f84d00122000000eb12020000000000ffffffff40397f63495228d2,8465b70877030b505230b6210000003c21c38e68083070000a0c9000af281e0802000000ffffffff
1377,3840,50062,-0.071535840,2.094879538,-0.610922293,0.407686959,1.699313513,-1.775823062,1.320272991,d737f93989438bd88756101e1f84d00122000000e715020100000000ffffffffb02da058154c70d1,0565bc097d0306456930de220000003c01c7df64083070000a0c9000b3261c0702000000ffffffff
1378,3841,50063,-0.074684805,2.102214919,-0.507902891,-0.464949334,1.738841287,-1.265273115,0.926259389,8b37de3a33495dd7477d80291f84d00122000000c833030000000000ffffffffec3cfb652d5220c8,c0128e0e8f1f7433ad3989310000003c965bc1110324a0001138f000d11b060605020000ffffffff
1379,3842,50064,-0.069878490,2.094975635,-0.698950596,-0.467186757,1.718436756,-1.370281857,0.866210742,ff37fc39b23e86d83102443b1f84d00122000000ec11020000000000ffffffff8c359d64d64c64d0,8a12110cc919723c9239c0300000003c495fb0170324a000113ce000bc2a180100000000ffffffff
1380,3843,50065,-0.069464152,2.100421114,-0.568080431,-0.465239370,1.738905351,-1.283887655,0.894265985,0938a63ae4459ad78111a47b1f84d00122000000ea14010000000000ffffffff593b0966515080d5,b912900e891e66319d3971310000003c1917b20b0324a0001138f000cf1d080504020000ffffffff
1381,3844,50066,-0.069754189,2.096833504,-0.654261489,-0.466523817,1.664782768,-1.474793264,1.008645810,0238363a274145d8535693371f84d00122000000ea13020000000000ffffffff892fa2761d40576c,9a1286050a14014a9339e22e0000003cf261620903289000081cc0006f65180c08000000ffffffff
1382,3845,50067,-0.180879517,1.978314248,-0.515362916,-0.465570840,1.666128122,-1.448008220,1.023883093,882dc22bca4832d4704b22761d40f0010d000000c92e080000000000ffffffffaa37535daf4fb0e1,b112b0058315553a9c397c2f0000003c86a2b20803289000081c10018651210403000000ffffffff
1383,3846,50068,-0.075472047,2.097730407,-0.589892125,0.504600509,1.823790764,-1.316285481,0.969110110,7837523ab14430d88941230d1f84d00122000000c934010100000000ffffffff7d3253755f46735a,286eea18c11c2a30d62b97310000003c90dace130324a00013506001cb270b0100000000ffffffff
1384,3847,50069,-0.131531916,1.983599567,-0.537103563,-0.606611339,1.974150058,-0.699945266,0.502301873,2f32672c9847e8d5c917712a1d7c100210000000fc03000000000000ffffffffd83f3658e24ed8e4,6505402ba43ec0126c3979370000003cf36e93610e0c40000f442001c01d100c07000000ffffffff
1385,3848,50070,-0.080361230,2.098146826,-1.839268804,-0.613613643,1.972580479,-0.671952407,1.289477651,02375f3a000013d862fc371b1f8420021d000000916c010000000000ffffffffd83f3658e24e799e,bc040f2b2e40da427039bc370000003c8d6520290e1030000f442001d013100705000000ffffffff
1386,3849,50071,-0.063663427,2.090298929,-1.839268804,0.598033624,1.993817848,-0.932413875,1.126737524,95386a39000013d851fc371b1f8420021d000000916c010000000000ffffffffd83fe54e0e5d4549,f776a62ddc315343872e81360000003cb1028b7b130c400116109000af2c140a06000000ffffffff
1387,3850,50072,-0.058857111,2.103400112,-1.839268804,0.484297970,1.723465816,-1.433585503,0.777139917,0939033b000015da15fef77f226c100200000000bb2d170000000000ffffffff2f383a4dc75ea347,3e6cae0c4e16df3fc52bea2f0000003c3fe7ff6303289000081cc0008255230302000000ffffffff
1388,3851,50073,-0.057282629,2.104873594,-0.596428529,0.594718924,1.982894858,-0.791739105,0.691470215,2f39313b554453da2c7a537a226c10021a000000b04a060000000000ffffffffe02efb75c73edf6c,a776512c9839b350052e67370000003c24527b7c130c4000145850018745201103000000ffffffff
1389,3852,50074,-0.200229080,1.973925833,-0.510460614,0.612079667,1.982318277,-0.816605857,0.868124901,b52b392b0f49a1d36a5b82761d40f0010d000000a159050000000000ffffffff2230f44cea63d037,4a783f2c3a38d243bc2d3d370000003c4191bc38130c4000145850019d37171104000000ffffffff
1390,3853,50075,-0.055335242,2.109870623,-0.517494352,0.503108894,1.822445411,-1.277493347,0.985936904,5e39cd3bac480edb61ca237a1b88a00121000000c13b030000000000ffffffff6031ec30e13f3e3e,046ec018e31e1c34fa2a11320000003c6952dd09032430010a506001d120060502010000ffffffff
1391,3854,50076,-0.051481903,2.069253753,-0.522396655,0.606776146,1.978922861,-0.731490517,0.696551199,bb39d9366748e6d34bfa52071d7c00011e840000c632070000000000ffffffffde319d338548bc40,ca77d52be83c9148542de4370000003c3e82cc79130c400014585001a12c230e01000000ffffffff
1392,3855,50077,-0.051854807,2.082899484,-0.526091144,0.483717897,1.714913210,-1.447084597,1.127156138,b2398338334867d6f50103471f74100210880000b42b200000000000ffffffff8d386a5f765050dd,306ca30b9015914cf12b922f0000003cba830f5f032890000720c0007a5d1f0504000000ffffffff
1393,3856,50078,-0.074311902,2.096801472,-0.599199395,0.482184848,1.757195755,-1.393372413,1.027487935,9437353a2e444bd8bdb5720c1f84d00122000000da22010100000000ffffffffd83f9c5f1851e0e4,0b6ccb1084187747932b77300000003c51979f1603289000081cc0008653220202000000ffffffff
1394,3857,50079,-0.075637782,2.095616280,-1.839268804,0.488897116,1.786665408,-1.374260537,0.793966611,7437103a000061d83901e8031f84d00122000000de1f010100000000ffffffff8a343f63004cc2cb,ad6c631491190343182cd6300000003c6ece0f1903289000081c3001ae29260101010000ffffffff
1395,3858,50080,-0.069381285,2.101350049,-0.557636395,0.486949730,1.871710983,-1.186267891,0.870296419,0b38c33a77465dd750d9837a1f84d00122000000e418030000000000ffffffffd83ffc55354fdb5b,7e6cc21ee723714a882add320000003c246f7f14034c400116244000bc2a0b0706010000ffffffff
1396,3859,50081,-0.063373390,2.090715348,-1.839268804,0.509779728,1.804635490,-1.328221522,0.819460497,9c38773900001ed8fdfc673a1f8420021d000000817c010000000000ffffffff7e2c6a5bc248db48,a56e9416191c7e36522b6c310000003cabe63f210324a00013506001cb280b0100000000ffffffff
1397,3860,50082,-0.062834752,2.083956547,-0.502005918,0.499379856,1.812002903,-1.285948043,1.002302003,a938a438864967d62072333a1f74100210000000cc240f0000000000ffffffff43215d46de4f6c40,aa6d7a176c1e9236bb2ad9310000003cbb523d0b0324a00013506001cd24080401010000ffffffff
1398,3861,50083,-0.056661122,2.090170800,-0.449998882,0.501368676,1.819946897,-1.281329932,1.037077398,3e396639624c37d82b16a01b217c20021d0000009964030000000000ffffffffd83fea4f6a60af48,da6d7218ad1e6d3b082bfb310000003c8bb2ce0f0324a00013506001d022060501010000ffffffff
1399,3862,50084,-0.058318472,2.106539271,-1.839268804,-0.470004252,1.663789769,-1.507617377,0.689568685,1639653b00008eda0702f87f226c10021a000000a45a010000000000ffffffff4332bb313141a943,461267053c12cf558439142e0000003c76b2230803289000081cc0006d66170c08000000ffffffff
1400,3863,50085,-0.051523337,2.072969492,-0.525167522,0.496023722,1.804283136,-1.303141626,0.988556446,ba394d37404875d4482ee3061d7c000121000000b845020000000000ffffffff32262f39b93fd540,596d89167a1da54bee2ab1310000003c6bd68e4f0324a00013506001cb270b0200000000ffffffff
1401,3864,50086,-0.053595025,2.069990495,-0.469821236,0.628487434,1.975943863,-0.687938177,0.722257744,8839f0364b4b00d43eaaa10c1d7c00011e840000cb280b0000000000ffffffffbc290a7288407f5b,d679782b4d3f823ab52b13380000003c4df18b391310300014585001c91a110a01000000ffffffff
1402,3865,50087,-0.179056432,1.958165975,-0.486162245,-0.463789189,1.720614947,-1.304278392,0.898230073,b42d4d29654a44d4cbcb902d1d40f0010d000000d0240b0000000000ffffffffe22bc2716344434a,dc12550c6a1de829a5392e310000003c0243120a0324a0001138f000c129120201010000ffffffff
1403,3866,50088,-0.143133367,1.967391258,-0.498595621,-0.370853279,1.980588537,-1.589961851,1.114948777,17316d2ab64957d5f33740241d7c000121000000f509010000000000ffffffff2e2e8f729345e74a,9f1b092cb50dcf7d8f394d3b0000003c9581861b080c70000a24c0005c44332703020000ffffffff
1404,3867,50089,-0.136503966,1.974118026,-0.510886901,0.088522752,2.156285326,-1.619375666,1.145674165,b7313f2b0949add5ef9bf0221d7c000121000000f708000000000000ffffffffc32f937789425766,ee467641170c7fb6503b11370000003c12889f660320a0000724c000e711050100000000ffffffff
1405,3868,50090,-0.152953167,1.982062020,-0.517636448,0.041039670,2.137642567,-1.722821355,1.230572707,2a30372caa48d8d4949b11331d40f0010d000000f406060000000000ffffffff3b334278ee44b765,7442303f670675b40e3b51370000003c17106d69032070000c28900078600f0f08000000ffffffff
1406,3869,50091,-0.138658521,1.987251241,-0.544137301,-0.348147582,2.009385513,-1.606018668,1.082574538,8331d92c354789d59c9771321d7c000121000000fd02000000000000ffffffffdc30ad77ce430f67,c31d8c2fd30c818672395a3b0000003c3b0d4b2e080c70000a24c0005c46342503020000ffffffff
1407,3870,50092,-0.145536525,1.984304276,-0.524030756,-0.409220935,2.029854109,-1.592164335,1.101141952,dd307d2c504831d592af31331d7c000121000000fb03010000000000ffffffff9736847ad7456197,01180b32960d79c0e638183b0000003c0e30a618080c70000a24c000694a311702010000ffffffff
1408,3871,50093,-0.132940663,1.993081107,-0.579519137,-0.385230791,1.974694606,-1.701506996,1.150150046,0d328f2d4345d5d58b07a2331d7c000100000000fe01000000000000ffffffffcc37147d61457f6f,441a512b9307619f0139743b0000003c6d844156081c30000c2890009829200f0e010000ffffffff
1409,3872,50094,-0.134929484,1.997853910,-0.591881465,-0.387219612,2.001281358,-1.591809095,1.031269762,dd31242e9544bbd556bf42371d7c000100000000ff00000000000000ffffffff5a320134184c6941,141a8f2e9b0d78bfd038363b0000003c044c161c080c70000a24c0006846321a02010000ffffffff
1410,3873,50095,-0.051730506,2.086262868,-0.533977457,-0.361779287,1.942534246,-1.715148186,1.229614759,b539ec38c4475dd719f632071f84d001220000009b5e060000000000ffffffff3c33b834f74d3c42,7a1c6527d306e99cfa38963b0000003c6fd00155081c30000c28900099291f100e010000ffffffff
1411,3874,50096,-0.051647638,2.088088705,-0.543711014,-0.326063391,1.992760785,-1.606587051,1.101860648,b73925393b47e4d72726b306217cd00122000000837a010000000000ffffffff3337ee350e5b9a3f,d81f852dcb0ce1837f39743b0000003c635d0a30080c70000a3090005a44322903030000ffffffff
1412,3875,50097,-0.051026132,2.100613308,-0.588186976,-0.359417563,1.991511528,-1.734473205,1.192048905,c639ac3ac944cbd932dad3042284b0011f000000b0450a0000000000ffffffff0237353c9061ab3f,b31c5e2dc30509961c397d3b0000003cc578a569081c30000c289000a82318120a000000ffffffff
1413,3876,50098,-0.051274734,2.106891625,-0.581934764,-0.421651061,1.664174156,-1.765805313,1.317090299,c039703b2145b7da5adae2071b88a00121000000906e010100000000ffffffffb32c4f4a0364d035,d51673050a042c280539cb110000003c65b7005b083070000a0c9000a52a250902000000ffffffff
1414,3877,50099,-0.054465133,2.109934687,-0.499021908,-0.478291003,1.645018881,-1.594011579,1.262844984,7339cf3bb04913db502a10631b88a00121640000bd3d050000000000fffffffff3284a435c590f48,7e111d037c0df4336e39162c0000003cdd26705d0a20300007309000513b3a2f06030000ffffffff
1415,3878,50100,-0.055376676,2.099299986,-0.488648920,-0.469009842,1.652866778,-1.515148451,1.193355057,5d39833a424a91d945ba202d2284b0011f0000009f5e020000000000ffffffffa02fba39235b1c40,5e121204d2114a478739be2d0000003ceb22411303289000081cc0006b66160e09010000ffffffff
1416,3879,50101,-0.052434879,2.100773469,-0.521259889,-0.477006556,1.641078917,-1.594082627,1.241985836,a439b13a7748cfd93dea82072284b0011f000000b2420b0000000000ffffffffe92e09482e5ba447,9d11a2027b0de42c70390b2c0000003c117ff0550a20300007309000513b3a2f06030000ffffffff
1417,3880,50102,-0.056329652,2.101253952,-0.518417975,-0.467932564,1.643000851,-1.526089822,1.181023037,4639c03a9f48d2d9356ef2362284b0011f000000b73c0c0000000000ffffffff392b9b3ef15c3444,7812de023811c1458939552d0000003ce9ee201403289000081cc000696516100a010000ffffffff
1418,3881,50103,-0.053512157,2.102599306,-0.498524573,-0.473360386,1.630892667,-1.578665241,1.251192851,8a39ea3ab74911da63e24012226c100200000000bf261a0000000000ffffffffb3294550974f5b54,f5116401540ee8227e390f2c0000003c3697e14c0a0c800007309000513b3a2f07030000ffffffff
1419,3882,50104,-0.059685786,2.090234865,-0.487441106,-0.471495867,1.638003823,-1.559908605,1.234620182,f5386839534a2cd8b535843a217c20021d0000009865020000000000ffffffff16212b4e024ec349,221242025c0fc0387e39782c0000003c266b40160a0c8000073090005440352a06060000ffffffff
1420,3883,50105,-0.058608509,2.088537156,-0.450851456,-0.462919080,1.757740303,-1.240051123,0.946429982,0f393339564ce8d72bee902e1f84d00122000000916d010000000000ffffffff332bfb44cc5e9447,f112dc10f2204634b13967320000003c9d5283060324a0001138f000d11a060605020000ffffffff
1421,3884,50106,-0.054548001,2.104585304,-0.499021908,-0.475473508,1.633551343,-1.579020480,1.251178721,7139283bb04953da4f5e2029226c10021a000000af4a050000000000ffffffffa41d41554347c54b,c211b7014f0e642e7b391f2c0000003c539be0530a0c800007309000513b3a2f07030000ffffffff
1422,3885,50107,-0.060431594,2.082258839,-0.441188947,-0.100705203,2.049105480,-1.805094781,1.364903013,e3386f38de4cfed525ca102d1f74100210000000b841060000000000ffffffff94207148064ed840,17356434e1010839b1367a2c0000003cbafa42760830300007289000a92b190e04000000ffffffff
1423,3886,50108,-0.057324062,2.088441060,-0.447867446,-0.168035053,2.023287501,-1.802537058,1.360746732,2e393039804ce9d73506801e1f84d001220000008c71010000000000ffffffffb0208b40b6428d3c,be2e3e310502975c3937782b0000003c64d6d2370830700003289000ba270d0c04000000ffffffff
1424,3887,50109,-0.055418110,2.076236780,-0.449430499,-0.293206424,1.914506044,-1.788895868,1.369988171,5c39b3376a4ccdd40f62114e1d7c000121000000b14c010000000000ffffffff9b28ba52e64dbf50,f122fa23c502af600b3823280000003c3a8383780830700003289000c2260e0403000000ffffffff
1425,3888,50110,-0.060224425,2.088633253,-0.481757277,-0.090056728,2.054679088,-1.825982853,1.344985223,e8383639a34ae0d7dcf1a2371f84d001220000009767010000000000ffffffffef308b3ae35c3741,18361235bb00094c9536222c0000003c0cdf047a0830300007289000b12b150b03000000ffffffff
1426,3889,50111,-0.052269144,2.102439145,-0.527867340,-0.270293558,1.924788390,-1.782572609,1.285838149,a839e53a1a480eda50c62208226c100200000000bc261d0000000000ffffffffb72b3e4b1065802f,1a253b251e03e83a063888290000003ca35b346f0830700003289000bf25110605000000ffffffff
1427,3890,50112,-0.054548001,2.111183944,-0.493409127,-0.118770320,2.040937261,-1.822785699,1.332779492,7139f63bff493edb474ab05f1b88a00121640000cc280a0000000000ffffffff05215c50424c354d,63336533e8004a45d236fa2b0000003c7bdb33730830300007289000bf270c0a03000000ffffffff
1428,3891,50113,-0.059271449,2.086903513,-0.449714691,-0.302238982,1.904031504,-1.789606347,1.373966901,ff380039664c6bd71e2ef12f1f84d00122000000b447040000000000ffffffff30313448c55ea346,1722b322bb0276341c38be270000003c0c56d1700830700003289000c4260e0403000000ffffffff
1429,3892,50114,-0.055749580,2.104681401,-0.526020096,-0.309655624,1.891923321,-1.781933178,1.298865639,54392b3b344854da2ec22278226c10021a000000ae4c060000000000ffffffff1d2c4b4689600246,6421392127038815263821290000003c383663700830700003289000c3270e0403000000ffffffff
1430,3893,50115,-0.054423700,2.106250980,-0.498098286,-0.373505039,1.767382005,-1.813265286,1.395101904,74395c3bbd4994da574a5028226c10021a0000009768010000000000ffffffff541e4053c348974c,5f1b09126e01242d8b3823220000003c7d83646e083070000a0c9000cf1e0e0301000000ffffffff
1431,3894,50116,-0.060058690,2.083636225,-0.442823048,-0.413198575,1.688358490,-1.777457162,1.436036380,ec389a38c74c6cd61ff2302e1f74100210000000c12b130000000000ffffffff5735484dbd556350,a117660866034235ee38711c0000003c84ffa065083070000a0c9000b2291d0602000000ffffffff
1432,3895,50117,-0.059230015,2.096256924,-0.568648814,-0.423308411,1.664142123,-1.753229841,1.312443709,0039243adc450bd9f291843c2188f0011b000000ab4f040000000000ffffffffdd1ce41fc6133a30,ad167205bb040f3c0e39cb1c0000003c653f4019081cc0000a0c90009b2b2b0b03000000ffffffff
1433,3896,50118,-0.016718983,2.050899285,1.891241362,-0.427700389,1.668274281,-1.729073567,3.663603116,023d9c341bcd7657c845424b0a0c70000814600069533f0302000000fffffdffb7199e1c8c18a63c,4316f3050f06163e2439cc240000003cd80ec01c081cc0000a0c9000962e2b0c04000000ffffffff
1434,3897,50119,-0.016594682,2.059099536,1.903248450,-0.376032498,1.751301825,-1.807652504,3.740951867,053d9c35c4cd5656300651100308a0000724b000ec0a070201000000fffffdff7d21bb1cb813e42f,221b1310bd0190189f381a220000003c1d47f469083070000a0c5000d01b100301000000ffffffff
1435,3898,50120,-0.016138911,2.050739124,1.878807985,-0.357801646,1.787017763,-1.812483759,3.716438769,103d97346ccc7f57a1d953460a0c7000052060006353430301010000fffffdfff5179a53c61bbdac,da1c6e147901881f79384e230000003cf61e0266083070000a0c9000c42b0c0301000000ffffffff
1436,3899,50121,-0.002175736,2.035812104,1.902893211,-0.422355435,1.681151238,-1.718700579,3.663096626,613ec532bfcd7755ca92805d0344f0000e109000a328211301000000ffffffff9932101c821dfb58,c4168507a1060355213948260000003c9e626114081cc0000a0c900092302a0e05000000ffffffff
1437,3900,50122,-0.014481561,2.071816332,1.789429773,-0.364141011,1.779041737,-1.805805260,3.624043824,383d293782c7d754c2be520f020cb00004000000916d000000000000ffffffff4c24d829cc1d9549,411c7513d7013821883821240000003c4a5b946c083070000a0c9000c32a0e0301000000ffffffff
1438,3901,50123,-0.016801851,2.070823333,1.877173885,-0.418377795,1.682432528,-1.740583321,3.660638996,003d0a3755ccdb544702e1110308b00011384000ba241e0200000000ffffffff9b20212e4c1d400f,2417ad076d0598121039c0220000003ccb4d0741081cc0000a0c90009b2b2b0b03000000ffffffff
1439,3902,50124,-0.017506225,2.070214720,1.892662319,-0.422479736,1.690953101,-1.698096699,3.633372159,ef3cf7362fcdf254c1188a4e032c10010238f000c1220d0c03000000ffffffffb830b019b71d2773,c116b708c307b13e1f3938280000003ccd52a017081cc0000a0c9000773d241b0b000000ffffffff
1440,3903,50125,-0.014481561,2.071015526,1.804065633,-0.424261388,1.695661839,-1.683034552,3.531101471,383d103750c8d35430f73621020cb000040000008678000000000000ffffffffb723472afb1d601a,96164a099708280c2139f9280000003cab561354081ca0000c0c90006e4221200e000000ffffffff
1441,3904,50126,-0.016801851,2.071079590,1.878807985,-0.471578735,1.632814601,-1.561045370,3.497354618,003d12376ccccc5411bde44e0308b00011384000b922210200000000ffffffffbb2cfa1e8b1ddf77,2012a0014c0fae458539672c0000003c4b1f601e0a0c8000073090005340352a06050000ffffffff
1442,3905,50127,-0.015185935,2.071207719,1.827369332,-0.470128553,1.635152954,-1.543780740,3.429543607,273d163798c9cf54ecaa661f0308b000044400009864030000000000ffffffffef203f35541c9007,4312e9013f101d3a8839bb2c0000003ce802311103288000091cc000646315140e010000ffffffff
1443,3906,50128,-0.018252032,2.068581076,1.905308839,-0.176114635,2.011531672,-1.791666735,3.700784191,dd3cc436e1cd22559bd9b54e032c10010e08f000c717150a02010000ffffffff1b22283d801b35af,fb2dcf2f9e029b5b5237fb2b0000003c125ad43b0830700003289000be24100905000000ffffffff
1444,3907,50129,-0.005366135,2.035107395,1.913053056,-0.316285025,1.886894260,-1.783780422,3.712844658,143eaf324ece4755a715a24a033810010b3c9000cc15130703010000ffffffffef203f35541ce182,c4209c200d03af3e2e38f0280000003cfa6eb3760830700003289000c4260e0403000000ffffffff
1445,3908,50130,-0.006236244,2.032256526,1.905308839,-0.075099143,2.056697119,-1.819446450,3.725471970,ff3d5632e1cd2255ebd9b54e032c10010e08f000c717150a02010000ffffffff05208044181ba9c4,813751351701454e7636582c0000003cc7aeb47b0830300007289000b02b160b03000000ffffffff
1446,3909,50131,-0.004371725,2.035267556,1.909429615,-0.184194217,2.009193319,-1.794437602,3.708321500,2c3eb4321bce6155d8490018033810010f2c9000c617130c01010000ffffffff123a3b14eb1d79a0,382d862f7702243c5e37842b0000003c5ab315760830700003289000c0230f0805000000ffffffff
1447,3910,50132,-0.013279982,2.071688203,1.696499168,-0.067143862,2.063423887,-1.831879826,3.528799787,553d253766c2ea54bd72fc31020c40000b000000b847000000000000fffffeffd62dc420711dbf5e,4138233668009b566b36312c0000003c3ade643d0830300007280000b92a120802000000ffffffff
1448,3911,50133,-0.015227368,2.071560074,1.822040743,-0.110566436,2.044524871,-1.822217316,3.645605195,263d21374dc9cc54771a76030308b000044400008774030000000000ffffffff4928b525d71dc353,2934d533f000e768c136182c0000003cd43a787a0830300007289000b929100b03000000ffffffff
1449,3912,50134,-0.016056043,2.071431945,1.857635722,-0.105304350,2.046318676,-1.804171159,3.662980422,123d1d3742cbc3540a7a73060308b0001110e000a842150000000000ffffffff9137ba0faa1d1b5d,a8340d34ee01414bbb367e2c0000003ccd2a897c0830300007289000aa2b180f04000000ffffffff
1450,3913,50135,-0.013362849,2.069830333,1.736357019,-0.254175828,1.943014730,-1.785840810,3.532697360,533deb3697c4f454750f4514020c40000b000000a757010000000000fffffeff6136217cdd406f78,9f267427f002103ee637402a0000003c8b1795720830700003289000c2240f0504000000ffffffff
1451,3914,50136,-0.166833474,1.991607624,-0.573053782,-0.263208386,1.930137773,-1.786977576,1.219293913,db2e612d9e4574d4ef4e347c1d40f0010d000000dc1e050000000000ffffffffe6346a7b063ebf76,c525e225e002354efd3762290000003cef67a4660830700003289000c2240f0504000000ffffffff
1452,3915,50137,-0.206817047,1.988180176,-0.552449901,-0.423805616,1.669075087,-1.739659699,1.248350592,162bf62cc04664d3070fd47a1d40f0010d0000008974020000000000ffffffff0c2f1f783441f769,a1160c067a05d80e1e39b2230000003c43fec254081cc0000a0c9000982d2b0c03000000ffffffff
1453,3916,50138,-0.165507594,1.980748698,-0.513302528,-0.376902607,1.756587143,-1.814473099,1.337154108,fb2e0e2ce74884d480fb01751d40f0010d000000e117070000000000ffffffffd83fe250ff63fc3b,0d1bb8105d01c81c93382f210000003ce15a5159083070000a0c5000d51a0e0301000000ffffffff
1454,3917,50139,-0.058069870,2.109902655,-1.839268804,-0.038305969,2.067556045,-1.825201327,0.048803084,1c39ce3b00000edb4bfe977f1b88a00121000000c835020000000000ffffffff502b4f689b438cd2,f93aa436c6005f4c39368b2c0000003c9fd2a57d0830300007289000a92c1c0c02000000ffffffff
1455,3918,50140,-0.068925514,2.110767525,-0.495469515,-0.147193875,2.030751011,-1.804881638,1.314187463,1638e93be2490bd5e80aa1271d7c000121000000d825020000000000ffffffff1635cd653b4598e2,b5302732e401676b1737ef2b0000003ca4a1683f0830300007289000b9280d0d04000000ffffffff
1456,3919,50141,-0.067060995,2.109133881,-0.563249176,-0.465239370,1.732691099,-1.347546541,0.956753648,4338b63b28467cd55ea703251d7c100210000000b14e000000000000ffffffffd83f35512565333b,b912ce0d091b14378f3912310000003c4efb50120324a000113ce000c02a130200000000ffffffff
1457,3920,50142,-0.058235605,2.111119880,-1.839268804,-0.460888826,1.771674324,-1.222928588,0.810696098,1839f43b00003bdb13fef77f1b88a00121640000da1f050000000000ffffffffd83f4b50d5623140,22138f12e321e82ea839a5320000003c7c6f320d032410010e28f000d019060606030000ffffffff
1458,3921,50143,-0.058028436,2.108781527,-1.839268804,-0.463499153,1.757676239,-1.260086621,0.789388007,1d39ab3b0000e3da2b02d87f1b88a00121000000ac52010000000000ffffffff9330aa42cd62e343,e312da10d81f2b4ea739de310000003c933fc0230324a0001138f000d11a060605020000ffffffff
1459,3922,50144,-0.052932084,2.108365108,-0.519199501,-0.456662583,1.777856545,-1.201685277,0.859081521,98399e3b9448e6da710e01111b88a00121000000a458020100000000ffffffff942dc34d09651e32,881350130e232433b239c6320000003cb763011303389000113ca000c613110d06030000ffffffff
1460,3923,50145,-0.055210941,2.111183944,-0.503071636,-0.463043381,1.763602202,-1.255965845,0.924115824,6139f63b77493adb866ac3771b88a00121640000d423090000000000ffffffff4f164f54ac3fe94b,ee1293111220c14ca53916320000003cfe2a51150324a0001138f000d11a060605020000ffffffff
1461,3924,50146,-0.059437184,2.071143655,-0.747973621,0.024797638,2.077005553,-1.838060990,1.093352797,fb381437003c0000732650201d40f0011e341002b52e1c0000000000ffffffffd83ff44f6c61ed44,ec40cb371100a83dcd35342c0000003c9a1e377e0830300007280000b12d160902000000ffffffff
1462,3925,50147,-0.058152737,2.107468205,-1.839268804,-0.134059375,2.036036329,-1.819162258,0.106153679,1a39823b0000b2da19fee77f226c10021a000000916e000000000000ffffffffb438874d65617341,f231cc321b016b5bf336db2b0000003c63b2c33a0830300007289000bb280c0c04000000ffffffff
1463,3926,50148,-0.056909725,2.107372109,-0.599128347,-0.126145528,2.038182489,-1.812838998,1.217651159,38397f3b2f44b1da3c62547c226c10021a0000008d72000000000000ffffffff901d715b05445f52,b1320f337401634ce5362b2c0000003cbc1e657c0830300007289000ba280d0c04000000ffffffff
1464,3927,50149,-0.061508872,2.079440003,-0.441117899,0.124404383,2.036709006,-1.814046812,1.386118132,c9381738df4c1cd53d02f12d1d7c000121000000a756010000000000ffffffff45317a348944e141,504ae1326301f7393135012c0000003cc0f2ec770830700003289000b9280d0d04000000ffffffff
1465,3928,50150,-0.052061976,2.079119680,-0.518915310,-0.140315872,2.028572819,-1.809428701,1.294514793,ad390d38984856d502ee42071f74100210000000837a020000000000ffffffff0310183e941366ba,5b31e331a401cf690837182c0000003ce44d363e0830300007289000b9280d0d04000000ffffffff
1466,3929,50151,-0.003584483,2.055896313,1.925273288,-0.212162001,1.986482467,-1.775823062,3.707618785,3f3e3835face4957983d70660a20300007309000513c3a2f06030000ffffffff05260210ad1ba74e,952ac12c7d0328239b375c2c0000003cf89ef1640830700003289000b822150907000000ffffffff
1467,3930,50152,-0.014771597,2.064320790,1.865024700,-0.243817389,1.953361140,-1.779588598,3.653488759,313d3f36aacb975554de910d0308a000072c4000a55a000000000000fffffdff7329cf12d61c2764,9927b72848034d48e737052b0000003c87eaa67e0830700003289000bd24120605000000ffffffff
1468,3931,50153,-0.014647296,2.067171658,1.844989202,-0.056868291,2.065505982,-1.831879826,3.677111807,343d983690ca3755c7562312030840000b2800008976000000000000fffffefff218122225154834,393964366800654d5c36452c0000003c5ae2777f0830300007280000bb29110802000000ffffffff
1469,3932,50154,-0.017174755,2.053301702,1.902680068,-0.049368782,2.063744209,-1.815183578,3.718017696,f73ce734bccd1d57ef35015003287000082450008564140101000000fffffeffd83ffb51a3517b55,ee392d36530153504e36ae2c0000003c523a787f0830300007289000ad2b190c03000000ffffffff
1470,3933,50155,-0.062296113,2.092861508,-1.407084650,-0.157925217,2.026746982,-1.810352323,0.419691401,b638ba39c31774d89601283f217c20021d000000b43e0d0000000000ffffffffc938b3501b65493b,b22faa319701214e2537562b0000003ce6de257c0830300007289000b9280d0d04000000ffffffff
1471,3934,50156,-0.057116894,2.111151912,-0.600407209,-0.095898887,2.051475865,-1.813478429,1.215157216,3339f53b1d443adb36ca757e1b88a00121640000dc1d060000000000ffffffffab1cdc431247af3e,8b35ae346b016b40a436552c0000003cd3d291720830300007289000ad2b170d03000000ffffffff
1472,3935,50157,-0.056702556,2.081714291,-0.438133889,-0.458527102,1.798229044,-1.188683518,0.897302400,3d395e38094df8d5307290151f74100210000000ae47090000000000ffffffff8232b94e19650c37,5b13cc15c523d83eae39f9320000003c73bf7016033810010f24a000b522170c05010000ffffffff
1473,3936,50158,-0.055998182,2.111183944,-0.530425063,-0.026953121,2.069862366,-1.818735971,1.289300618,4e39f63bf6473cdb64d2d57d1b88a00121640000db1d070000000000ffffffffd83f074f215b154c,0b3cec362101374a2936c12c0000003c495e167f0830300007289000a32e1f0d03000000ffffffff
1474,3937,50159,-0.059312883,2.101638339,-1.839268804,-0.463250550,1.746625119,-1.259091951,0.791078508,fe38cc3a0000d0d9f5fdf73f2284b0011f000000b83a0d0000000000ffffffffd83f274f5359614c,e912810fe61fcd4eaf39b5310000003ca747f11c0324a0001138f000d11b060605020000ffffffff
1475,3938,50160,-0.059768654,2.099940631,-1.421152127,-0.462670478,1.758957528,-1.256178988,0.553005870,f338973afd168ed905fef77f2284b0011f0000009964020000000000ffffffff0931524a6361493f,f71202110f20f93eab39f0310000003c9f8bb1140324a0001138f000d11a060605020000ffffffff
1476,3939,50161,-0.055418110,2.107243980,-0.522822942,0.017173827,2.075532071,-1.824703992,1.304288887,5c397b3b6148b2da6ba62277226c10021a0000008679000000000000ffffffffd921823ebc44893d,34409d37cd003439dc35a72c0000003c5f72477f0830300007289000a82f1a0b02000000ffffffff
1477,3940,50162,-0.055210941,2.079375938,-0.450638313,0.094737815,2.055319733,-1.822856747,1.380596524,61391538594c58d515ae614c1f741002100000008d70020000000000ffffffffa738e84db8622f40,84472635e700f42f5e35132c0000003c55324b7d0830300007289000b02b150c03000000ffffffff
1478,3941,50163,-0.056785424,2.108621366,-0.596499576,0.006276750,2.075275813,-1.828611624,1.234175377,3b39a63b5444e0da2ffe847d1b88a00121000000a856010000000000ffffffffe43641355b593440,2d3f95379600973cef358e2c0000003c3082367f0830300007280000ab2f180a02000000ffffffff
1479,3942,50164,-0.051108999,2.098979664,-0.583710961,-0.194262619,1.998878941,-1.793087692,1.221926836,c439793a08458ed92ebe13052284b0011f0000009964020000000000fffffffffe2cef4670611645,452c442e8a027c2471377a2b0000003c1c93326a0830700003289000c0230f0805000000ffffffff
1480,3943,50165,-0.054382266,2.107147883,-0.501650679,-0.319475424,1.879943266,-1.791879879,1.336632975,7539783b8b49b4da602e5026226c10021a000000827d000000000000ffffffffeb378e4ef4639a3a,7720c31f9b02cc30303808280000003cae2be66d0830700003289000c4270d0403000000ffffffff
1481,3944,50166,-0.056702556,2.109838590,-0.590744700,-0.061881775,2.404695280,-0.484172904,0.313567918,3d39cc3ba5440ddb563e657d1b88a00121000000c438030000000000ffffffffcb1b1146e8446140,c038c15f814a703f8b36f9380000003c1d69973c040cd0000f384001bd330e0000000000ffffffff
1482,3945,50167,-0.057034026,2.079664228,-0.436712932,-0.327140668,2.208754121,-0.641046587,0.362455571,35391e381d4d5fd5323e70181f74100210000000906d020000000000ffffffff02193d5bee3ff353,be1fdc47e141734d30384f380000003cb1669379040cf0000e44d000746e160501010000ffffffff
1483,3946,50168,-0.061011666,2.072360880,-0.427121470,-0.585853028,2.025657886,-0.583995153,0.549771750,d5383a37a44de1d3579690281d40f0010d781002b1321c0000000000ffffffffec1c824f0145d744,5a0788310445f82948394b380000003cc3c5d0690e1030000f44d000953b1b1103000000ffffffff
1484,3947,50169,-0.059230015,2.079920486,-0.439412750,-0.407605019,2.046799159,-1.680832068,1.289800019,00392638f74c5bd5470a40221f74100210000000906e010000000000fffffffff41c8b4c32472943,28181c34b608b1972139373b0000003c2fb58471080c70000a3090008a372c0f03010000ffffffff
1485,3948,50170,-0.058649943,2.081970549,-0.439341703,-0.404663222,2.002947034,-1.683602935,1.293891773,0e396638f84cfad53c0610211f74100210000000b443080000000000ffffffffef2e573962599a3f,6f18c32e8f0865a40839523b0000003c6c10a158081c30000a309000912d2c0f05010000ffffffff
1486,3949,50171,-0.052600614,2.099075761,-0.516854922,-0.276218585,1.913769302,-1.759624149,1.276251869,a0397c3ab54890d932e282072284b0011f0000009a63020000000000ffffffff9a271826df1d1778,8b24e3236104e1a81c39e83b0000003cd7b173790830700003289000b327170707000000ffffffff
1487,3950,50172,-0.016138911,2.071175687,1.861614403,-0.329709561,2.032897171,-1.638700685,3.514540868,103d15377acbc954d7a2261a0308b0001110e000ac3d160000000000ffffffffd9104a444f1852c7,801f6a32070ba9895b39673b0000003c1e1d0c3a080c70000a309000693d322204020000ffffffff
1488,3951,50173,-0.003584483,2.046767127,1.928754633,-0.302694753,1.932540190,-1.754792894,3.697436562,3f3e1b342bcf1456c00d80200324a0001138f000d11b060605020000ffffffff6115753eae11edb6,0c222d26a50459941a39c43b0000003ca00047670830700003289000b525160807000000ffffffff
1489,3952,50174,-0.003253013,2.059451890,1.909997998,0.135135725,2.027964207,-1.803034393,3.715743863,473ea73523ceb657b8c1106c081cc0000a0c9000962e2b0c03000000ffffffffd5103e3f7b187cc8,534bd031fe0150351d35312c0000003caa9e8b7b0830700003289000b8280e0d04000000ffffffff
1490,3953,50175,-0.004164556,2.046703062,1.935148941,0.061880848,2.069542043,-1.832164017,3.767961059,313e193485cf0b569e19b01e0324a0001138f000d41a060504020000ffffffffca3787590311ccc5,6b44e2366400882e8f35222c0000003c15ae1a3e0830300007280000bc29100802000000ffffffff
1491,3954,50176,0.002630580,2.060412857,1.736499115,0.043028490,2.073546072,-1.829606294,3.566358403,d53ec53599c4a4573eb2453e0830300007289000a62b1a1004000000fffffffffb3d560d0b000d3f,a4425f378800a436ae35642c0000003c881a0a7e0830300007289000b529150902000000ffffffff
1492,3955,50177,-0.013197114,1.939363055,1.583746209,0.109405364,2.046542901,-1.813123190,3.400770589,573d022733bc2d5a2eb337060614500200000000ff00000000000000ffffffffa50fe43c171605c1,e648143470018c2d4735372c0000003c3de6db3b0830300007289000b02a140e04000000ffffffff
1493,3956,50178,-0.004164556,2.051571962,1.930317686,0.272364318,1.935903574,-1.800618766,3.742957949,313eb13441cfb4569d09d06203289000081c10018c4a260201000000ffffffffd01b0f4f3a1b16cc,43589626200202311e34ab290000003cad764a7d0830700003289000c2250f0504000000ffffffff
1494,3957,50179,-0.003045845,2.036036329,1.901401206,0.192852944,2.002146229,-1.802039723,3.708773327,4c3ecc32aacd775592aa60130344f0000e244000a6291b1400000000ffffffff650b8136da148ec3,c450aa2e0c02db58af34c12b0000003cefbd4d740830700003289000bf24100805000000ffffffff
1495,3958,50180,-0.004827496,2.054294701,1.938701334,0.247504066,1.952720496,-1.792661405,3.741264015,213e0635b7cf0c579b7de06a032880000724c0006c6213110c010000ffffffff29130a4717153ac1,eb55a328900278213d34162b0000003cf1d6fa7b0830700003289000c1240f0505000000ffffffff
1496,3959,50181,-0.002631507,2.052757154,1.917813262,0.172384670,2.009033158,-1.796284846,3.718476464,563ed63491cee556a56d106a03289000081cc000785e160d06000000ffffffff8f314d57401187c5,d64e812f5d028e37d934112c0000003c3ce70b770830700003289000bc25100905000000ffffffff
1497,3960,50182,0.001760471,2.059804245,1.799873809,0.001719037,2.073834362,-1.820014833,3.619915831,c03eb23515c89a57237a843c0830700003289000aa27161107000000ffffffff800ff138391628c8,bf3e68370f011440fa35cf2c0000003c655a377f0830300007289000a82f1a0b02000000ffffffff
1498,3961,50183,-0.004661761,2.051636026,1.931241309,-0.010462487,2.075115652,-1.821862077,3.753181313,253eb3344ecfb056a045a02703289000081c1001943e290202000000fffffffff10ba42c7413a0c2,993d9037f50001440e36c42c0000003cfd79663f0830300007289000a82f1a0b02000000ffffffff
1499,3962,50184,-0.005821906,2.057497924,1.936143611,0.082017652,2.059644084,-1.813691573,3.750864474,093e6a3593cf7357607180160a0c7000083090005143382e03020000fffffffff936533def628b40,5146ad356801782e6e35832c0000003c40825a7e0830300007289000af2b150c03000000ffffffff
1500,3963,50185,-0.051274734,2.108269011,-0.583355722,0.073565166,2.062206662,-1.819233306,1.243020573,c0399b3b0d45eada5dae92081b88a00121000000a950030200000000ffffffffd828283be151443e,8545fd351a01202a7a356c2c0000003ccbcd993e0830300007289000b02b150c03000000ffffffff
1501,3964,50186,-0.053719326,2.091964605,-0.482112516,0.165589534,2.016144314,-1.808860318,1.346887086,85399e399e4a80d8076e1249217c20021d000000bd330f0000000000ffffffff7d360819921de94e,324e5f30ac01d755ea34a12b0000003cc2ce1d6f0830700003289000ba270e0c04000000ffffffff
1502,3965,50187,-0.013901488,2.071848364,1.743603901,0.150507648,2.024696919,-1.811418041,3.559133972,463d2a37fdc4e654c3c2420c020cb00004000000ae51000000000000ffffffff5f100540bf138daf,c64c6a31880108370735aa2b0000003c88ea297e0830700003289000b9280d0d04000000ffffffff
1503,3966,50188,-0.003335881,2.055479894,1.924420714,0.184359025,2.009129255,-1.801826580,3.731259392,453e2b35eece3c578045505e0a0c8000073090005641362b04030000ffffffff57218b35321c35b6,f74f842f0f02474ac634a22b0000003cb23e2a7c0830700003289000bf24100805000000ffffffff
1504,3967,50189,-0.006236244,2.032929203,1.904243121,0.256909528,1.944776502,-1.796640086,3.711273784,ff3d6b32d2cd2b55961d305d032c10010e08f000cb15140901010000ffffffffe7102646ae16e3b0,ce56ab2758026d383a34432a0000003cc5fe2b7a0830700003289000c2240f0504000000ffffffff
1505,3968,50190,-0.003128712,2.049842221,1.925983767,0.322167690,1.895350769,-1.815609865,3.758883912,4a3e7b3404cf8256a13da05d0324a0001120f000b8281d0100000000ffffffff37187e41c01038c3,f55ca4214d018e375e3399270000003c23ef2f220830700003289000c4260e0403000000ffffffff
1506,3969,50191,-0.002755808,2.061630082,1.900051297,0.314419578,1.912423949,-1.806515739,3.723103797,533eeb3597cdf857c0b5106d083070000a0c5000d31a0e0301000000ffffffff033c85102d045f3d,3a5cb923cd01fd3cae3317290000003c52990d350830700003289000c3260e0404000000ffffffff
1507,3970,50192,-0.013321416,1.991671689,1.660122662,0.290139399,1.928728354,-1.807155169,3.481101246,543d632d66c0ac598ee563450614000000000000d52a000000000000ffffffff8b389b105805ce3d,f059b625c401fe340e34a3280000003c040b5b7a0830700003289000c3260e0404000000ffffffff
1508,3971,50193,-0.013777187,1.998782844,1.729110137,0.303936839,1.920784361,-1.806231547,3.550445999,493d412e31c488598f7d92490614700000000000c03f000000000000ffffffff2236527c27422777,3d5bbe24d101e35ad33343280000003c7cf5fc780830700003289000c3260e0404000000ffffffff
1509,3972,50194,-0.153864709,1.992728753,-0.571490729,-0.365549758,2.047055417,-1.275006672,0.736679462,1430842db445c1d400ffa37b1d40f0010d000000f408030000000000ffffffff4836e67b6c43a774,1f1c2434061faf73193a133a0000003c06d3337b0324a000113c8000e711050101000000ffffffff
1510,3973,50195,-0.147069574,1.993849881,-0.574403691,-0.416181806,1.996604653,-1.337884031,0.809525301,b830a72d8b4513d51d7f633a1d40f00100000000fc02010000000000ffffffffe236457c7444ff71,5917fd2d911b3b52e938333a0000003c19f030190324a0000844f000d019130101000000ffffffff
1511,3974,50196,-0.140564474,1.995739782,-0.581650573,-0.406983512,1.961401230,-1.326658469,0.791956441,5531e22d254568d53e07f3381d7c000100000000fe01000000000000ffffffff0d37247a2c463f65,3718b2292f1c5036ce38603a0000003c121c10250324a0000844f000d11a110101000000ffffffff
1512,3975,50197,-0.131241879,1.992856881,-0.584421440,-0.338783553,2.072392912,-1.317067007,0.765616780,3632882dfe44ead59f8751321d7c000100000000fe01000000000000ffffffff523a7b7deb467f6e,a51e3b37b61cf77ef039273a0000003caafd583c0324a0000844f000e412080100000000ffffffff
1513,3976,50198,-0.126601299,2.000096166,-0.634297040,-0.271412269,2.051636026,-1.332839633,0.715254031,a6326a2e40422ed65c8b52771d7c000100000000ff00000000000000ffffffff8d18b7446f11e1ab,ff24b334d81b0184ed39603a0000003c8256557b0324a00008447000de130c0100000000ffffffff
1514,3977,50199,-0.002341471,2.059644084,1.901472254,-0.306796695,1.977673604,-1.509819861,3.425832167,5d3ead35abcdb8576db9d065083070000a0c9000b5251c0702000000ffffffff24107041321490d0,a921ae2b1d12d5a37939933a0000003c2d9df47503288000091cc0008a431a0e0a000000ffffffff
1515,3978,50200,-0.003211580,2.054647056,1.925273288,-0.346697400,2.010794931,-1.502004596,3.444726290,483e1135face2057b165d01b0a0c80000724c0006050282006020000ffffffffef10e73f16156ec1,e61db82f8b12119678395f3a0000003c8d40c86903288000091cc000a037130e08000000ffffffff
1516,3979,50201,-0.003584483,2.053205605,1.923994427,-0.311312974,2.078959519,-1.363390214,3.301856730,3f3ee434e8ceef56a415606403289000081cc0006d66170c08000000ffffffff88108a462c17b0bf,3c2108382a1a9987d8393b3a0000003c12c50b3c0324a000081c1001de120d0100000000ffffffff
1517,3980,50202,-0.003170146,2.048849222,1.926978437,-0.389332733,1.728943327,-1.823851417,3.784202151,493e5c3412cf6156ae7d10150324a000113c8000c329120100000000ffffffff171cc6473611adbb,e119590dd900b037ae38581a0000003c64ef516c083070000a0c5000d7180d0200000000ffffffff
1518,3981,50203,-0.001802832,2.060060503,1.892022888,-0.375369558,1.986354339,-1.500725734,3.414048610,6a3eba3526cdbf57c4d1d173083070000a0c9000b72b170502000000ffffffff741b8449b311eac3,321bbd2c9d12e1965e395d3a0000003c7fa0055e03288000091cc000a336100f06000000ffffffff
1519,3982,50204,-0.001595663,2.058939375,1.893870133,-0.348769088,2.082066646,-1.161259043,3.074878621,6f3e973540cd9f57534ac43b083070000a0c9000a928210904000000ffffffffc7395d02170c703c,b41d69384725e7576d3867340000003cfb5aa131032410010f38a000f403030202000000ffffffff
1520,3983,50205,-0.013362849,2.027804046,1.706730060,0.101367215,2.111696460,-1.620370336,3.330134828,533dcb31f6c2ca581b5a0306051870000a000000973f290000000000fffff7ff511df249ce10f6cb,2448063c090cc99c6a3b69370000003c76905d740320a000073090005e522c1d05010000ffffffff
1521,3984,50206,-0.001471362,2.061373824,1.886907442,0.042489851,2.095295957,-1.740512273,3.627844689,723ee335decce35723aa002b083070000a0c9000c32c0c0201000000ffffffff2f16833f411183bc,9742063a6e05d1a1143ba2370000003c78b05b74080cc00007289000834617160a000000ffffffff
1522,3985,50207,-0.003045845,2.060669115,1.905521982,-0.387385347,2.094142797,-1.456605011,3.384189011,4c3ecd35e4cddd57d39df06b083070000a0c9000b12a1d0602000000ffffffff841c051a971b3753,101ae2390a15199083390b3a0000003cd109367c03289000081c1001d5190d0301000000ffffffff
1523,3986,50208,-0.016014610,2.064288757,1.896569951,-0.009882414,2.133862764,-1.749677448,3.646916265,133d3e3666cd9555854ac1130308b0000a247000cf30000000000000fffffeffb235f2113006c239,a73dba3eed0439bcde3a55370000003c2210586b0320c0000728900091510e0b05000000ffffffff
1524,3987,50209,-0.014232958,2.003491582,1.758808144,-0.412328467,1.957461266,-1.464562372,3.248186618,3e3dd42ed3c56d59967de2490614800007000000b649000000000000ffffffff8d3dc30fcc00503f,b61737299a14a99b2b39593a0000003c5bdc714f03289000081c1001a03f150802000000ffffffff
1525,3988,50210,-0.013197114,1.954418204,1.603071227,-0.425048629,1.962137972,-1.409216086,3.040321714,573dd82843bd165acd6e46030614500200000000fd02000000000000ffffffff30191e1e051ad240,8316c929a517719f0a394a3a0000003c4720b10f03289000081c1001bf23180401000000ffffffff
1526,3989,50211,-0.016677550,2.061726179,1.905806174,0.606859014,1.884043392,-0.492414457,2.484317051,033dee35e8cdf65550d230120308a000091cb000e913010100000000fffffeff2e271f10c2181a47,cc7743200d4aa8c64c20e2380000003cbc78b20f131040010354d000b7360a0700000000ffffffff
1527,3990,50212,-0.014854465,2.059195633,1.860761828,0.605408833,1.976104024,-0.633231322,2.571309512,2f3d9f356ecb59562656d2090308a00007240000d520090200000000fffffbff7513303ac310edc0,a9777d2b4f428835932949380000003c7575fb3a1310300014585001be290f0900000000ffffffff
1528,3991,50213,-0.003750218,2.061726179,1.912342577,0.600768252,1.888880259,-0.498950860,2.491917802,3b3eee3544ce0458115e70290830700003285000b32e180303000000ffffffffff3308098c1bec42,3977da20b149f993a222e1380000003c9b3d7349131040010354d000b4380b0800000000ffffffff
1529,3992,50214,-0.013487151,2.064416886,1.774438674,0.577316747,1.980908859,-0.648080325,2.494919065,503d4236afc694554f02c5020308a000071000008b74000000000000fffffbff253473083c1a7a3f,0375132c7e4130383d2c40380000003cc4bd983f13103000145850018e43200d00000000ffffffff
1530,3993,50215,-0.013528584,2.062014469,1.774864961,0.599359504,1.976712637,-0.658311218,2.510628314,4f3df735b5c6f455046a64030308a00007000000ae4f020000000000fffffaffef219f1b0a14642f,1777902bee406e309c2b34380000003cda6d393f1310300014585001ae2f170b00000000ffffffff
1531,3994,50216,-0.016056043,2.051251639,1.877813315,0.580051375,1.982478439,-0.669181541,2.616726314,123da7345ecc6d579bf545420a0c700005206000625c3e0201000000fffffcff3c342a0904188f52,4575442c55401837c72c2e380000003c071ea93f1310300014585001903c250e00000000ffffffff
1532,3995,50217,-0.013487151,2.058074504,1.776570110,0.064076837,2.468599581,0.430071002,1.409825116,503d7c35cdc68c56fc0277050308a00007000000c81a1a0300000000fffff9ffb622de188815b42d,a0448c67c57c7745a935db3b0000003c99f60b7a0d404000000000008c6e040000000000ffffffff
1533,3996,50218,-0.015724573,2.053878282,1.876605502,0.065527018,2.465620584,0.418703344,1.517106537,1a3df9344dcc15579091824b03287000021480009359120100000000fffffcff6834cb0983174819,c3442f67257c3741a635d33b0000003c6526bc7a0d404000000000008d6e040000000000ffffffff
1534,3997,50219,-0.013528584,2.057177602,1.776783254,0.455542944,2.172621764,-0.350034538,2.180988164,4f3d6035d0c6b05695d132520328200007000000c51e160600000000fffff9fff6288d0e47185631,88697443e151ba3c8c31c1390000003c21f96e2d0434300013500001de110b0401000000ffffffff
1535,3998,50220,-0.014647296,2.058426859,1.850673032,0.063911102,2.459342266,0.396962698,1.510025934,343d8735e0ca7b56a5e5b4430308a00007000000d31d0c0300000000fffffaffe9323d0ac217382e,9c446b66f37aec45a835c43b0000003c682a7b7c0d404000000000008c6e040000000000ffffffff
1536,3999,50221,-0.013652886,2.057561989,1.793266358,0.470334795,2.160097161,-0.376251200,2.225210994,4c3d6c35b8c7a056c46d81500328200007000000c61c180500000000fffff9ff53296f106517982f,ed6aed417050fb3b5731a9390000003c42d5ae2e040cd00013500000db0c0b0a03000000ffffffff
1537,4000,50222,-0.014688730,2.056985409,1.847902165,0.475804050,2.141838789,-0.363107345,2.266350881,333d5a35b9cab056b26173470328200007245000bf26110a00000000fffffaffcb2ff90c5117aa37,716bb33f295176392331c1390000003c43156f2c044c30000d500001d70f0c0904000000ffffffff
1538,4001,50223,-0.014025789,2.056793215,1.812520329,0.580134243,1.957685491,-0.576606175,2.463894059,433d5435c7c8b856a73943470328200007140000bc21140e00000000fffff9ff9f219919ba15f02f,47753e296c45f43e012a8a380000003c5f3d0f53131030001454d000994a100c00000000ffffffff
1539,4002,50224,-0.015890308,2.054134540,1.879660560,0.591528525,1.956724525,-0.574332643,2.529926677,163d013578cc0857c4e550540328700002148000975a0d0100000000fffffcff88230819e615035a,5a7620298c45bc2bf02889380000003caa85553e131030001454d0009f450f0c00000000ffffffff
1540,4003,50225,-0.015766007,2.054262669,1.874616162,0.594843225,1.957205008,-0.566872617,2.518557381,193d053531ccfd56e696121203287000021490009a570d0100000000fffffcff9e20271d34144d4f,aa762f29f545082f4b288f380000003c2291c63c131030001454d000a0450e0c00000000ffffffff
1541,4004,50226,-0.016263212,2.051539929,1.881436756,0.591487091,1.950254014,-0.557494299,2.515552417,0d3db03491cc6057831a91130a0c700005206000645e3a0101000000fffffdff521e721ff2138746,59765628794660202c2898380000003cbcc4c4381310300014546001a3430d0c00000000ffffffff
1542,4005,50227,-0.016594682,2.051155543,1.887475825,0.591114187,1.963419261,-0.595291763,2.557565761,053da434e6cc6c57307ef3050a0c70000520600069563d0202000000fffffdff351d421d8c15d428,5076f129654470319e2976380000003c6609ca3c1310300014546001ac39100a00000000ffffffff
1543,4006,50228,-0.016470381,2.053942347,1.891525553,0.590036910,1.960376199,-0.590389460,2.556659510,083dfb341fcd0d578bf9c44403287000022090008c680a0000000000fffffdff641e541d5815a42d,36769229aa440538ac297d380000003ccca07b351310300014546001a73d100b00000000ffffffff
1544,4007,50229,-0.016428947,2.053525928,1.888186303,0.606568978,1.975975896,-0.672094503,2.636129403,093dee34f0cc1957b2cdc249032870000814200088670f0000000000fffffcff8722d913ce174035,c577792b2c40b436192c24380000003cda3d7a3e1310300014585001b825170b01000000ffffffff
1545,4008,50230,-0.015351670,2.057690118,1.878452746,-0.414068684,1.711677955,-1.723247643,3.640184798,233d703567cc9256b441f05a0328200007240000c5290e0300000000fffffbfff120601810178033,8c173e0b6106cb430339d0270000003c3d93306a081cc0000a0c9000992e250e04000000ffffffff
1546,4009,50231,-0.015890308,2.056312732,1.882431426,-0.405284728,1.764659265,-1.695681072,3.611035697,163d45359fccb756c675114f0328700002245000b73a0a0500000000fffffcff5023fb128f17a02d,6018b411e507a847e338b02a0000003c4723601f081ca0000c0c9000803d1c1a0c000000ffffffff
1547,4010,50232,-0.015227368,2.057401828,1.876108167,-0.394304784,1.797204012,-1.680334733,3.586040810,263d673546cca3567601f24e0328200007240000c22c0d0400000000fffffbffd01c3f194f18502b,6919ac15bd08ab5dca38342c0000003cd252e12f081ca0000c0c90007b431e160c000000ffffffff
1548,4011,50233,-0.016180345,2.058587020,1.894438515,-0.365632626,1.819914864,-1.693265444,3.612575397,0f3d8c3548cd6a56b92d74450308a00007240000e60d090200000000fffffcff5631270eb2157801,1d1c71180708a3559f382f2c0000003c9ef6c278081cc0000a0c90008a3a1a170a000000ffffffff
1549,4012,50234,-0.013984356,2.054006411,1.802999915,-0.354404078,1.856047221,-1.651063013,3.476438428,443dfd3441c81e57684eb643031ca000021460009635310200000000fffff9ffef2f540e2516134d,2c1dd91c590a024497383b2d0000003c095ff16f081ca000033090006c3b2b220a010000ffffffff
1550,4013,50235,-0.014108657,2.054711120,1.810815180,-0.374913787,2.050707091,-1.099873689,2.932968814,413d1335afc801579d82e503031ca000021460009e302d0300000000fffff9ff032e910fd615a233,3d1b9634a7281358a438a7340000003cbf5682360344f0000e244000e40a090601010000ffffffff
1551,4014,50236,-0.014274392,2.054294701,1.821046072,-0.406196271,2.014318476,-1.040264531,2.888303867,3d3d06353fc91357d7e11053031ca000021460009834300200000000fffffaff252c5f11ce157e30,4a182630ee2baf50bd38fa340000003c855661310344f0000e109000ca15130c01000000ffffffff
1552,4015,50237,-0.014522995,2.054262669,1.831205917,-0.276094283,2.121754580,-1.249784681,3.092810657,373d0535cec911578f1d024d032870000214600098362f0200000000fffffaff2e286415bd15c830,8e24403d6920af4b1d381a340000003c192ff3760324a000113c4000f10b020000000000ffffffff
1553,4016,50238,-0.015103067,2.054070476,1.852733420,-0.212162001,2.114066845,-1.366587368,3.225904233,293dff34fdca0d57927d324b03287000021460009345250100000000fffffbffb523b117cc157431,952a503cfd193742d63737330000003c3487f27203289000081c1001d515130201000000ffffffff
1554,4017,50239,-0.015600272,2.054166572,1.874047779,-0.323245895,1.949100853,-1.543496548,3.432971579,1d3d023529cc07578ccdb34603287000021480009855100100000000fffffbff8523351315186759,1c2032284310494e643854300000003cf5028274032880000724c0007e45200e0d000000ffffffff
1555,4018,50240,-0.015310236,2.058106537,1.875895023,-0.327223536,1.954065849,-1.510388244,3.402209390,243d7d3543cc8156956a720f0328200007240000c726100200000000fffffbff5c27740f2c182c2e,bc1fcd2815125d386a38bc300000003c722ba36f03288000091cc00083461c0e0b000000ffffffff
1556,4019,50241,-0.014730163,2.058362795,1.859411919,-0.261343867,2.030879140,-1.431880355,3.300633045,323d85355bcb815682f1324a0308a00007000000d31a0f0300000000fffffaffaf1b9c1a1218ec27,f2252b326616bf56203800320000003c78d2f77e03289000081c1001b22f120903000000ffffffff
1557,4020,50242,-0.016346080,2.058234666,1.897422526,-0.322997293,1.944231954,-1.575183895,3.487983219,0b3d813572cd7756cca9b1500328200007248000e60b0b0300000000fffffdffaa1a641b5818c02e,22209a27850eaf596138d82f0000003c639241310320a0000724c0004c483a2a04020000ffffffff
1558,4021,50243,-0.016470381,2.058715149,1.900406536,-0.391362987,1.744094573,-1.767155222,3.700072948,083d90359ccd64560d4ea05e0308a00007248000eb0b070200000000fffffdff00243a134217a031,b019320ff703f232cb3827260000003c47bbe064083070000a0c9000b6251c0702000000ffffffff
1559,4022,50244,-0.015227368,2.056921344,1.874047779,-0.306796695,1.977673604,-1.509819861,3.397330287,263d583529ccb556923d224c0328200007245000be2f0b0700000000fffffbff79240812b917cc31,a921ae2b1d122f3c4b38f0300000003c409f047603288000091cc0008a431a0e0a000000ffffffff
1560,4023,50245,-0.015103067,2.057594021,1.872982061,0.408349899,1.700114319,-1.782075274,3.696829489,293d6d351acc9a56a359d4440328200007240000c4290f0400000000fffffbffd927670fab189f66,1565d5092503db4c7f3075210000003cfd92ef63083070000a0c9000b8241a0602000000ffffffff
1561,4024,50246,-0.014730163,2.059099536,1.856996291,0.400311750,1.707962216,-1.786906528,3.684234651,323d9c3539cb60562a33b5120308a00007000000d71f080200000000fffffaff6d26dc0f6f18613f,5364ca0ae102635fb5302e210000003c389fad64083070000a0c9000c71f130501000000ffffffff
1562,4025,50247,-0.014854465,2.058683117,1.864811556,0.415725107,1.674744792,-1.769002467,3.679322187,2f3d8f35a7cb7056d57190550308a00007240000d41c0d0200000000fffffaff3c3a0f10c1136635,c765bd06dd03e7661c3034210000003c413f4d5e083070000a0c9000a929210903000000ffffffff
1563,4026,50248,-0.013362849,2.050194576,1.697351742,0.407769826,1.697167354,-1.783922518,3.524379580,533d863472c2945798459347031ca000051820005c514e0401000000fffffaffaa2b8c0ba21bf349,076579090b035d4f7b307a200000003c0d9b5f61083070000a0c9000b8251a0602000000ffffffff
1564,4027,50249,-0.014150091,2.064320790,1.831703252,0.423307484,1.670260280,-1.730423477,3.610456986,403d3f36d5c997554e5ed3060308a000071000009768000000000000fffffcffd3392a106b13fb53,7e663106fc05f344632f34260000003c21f75f5d081cc0000a0c9000932f2a0e05000000ffffffff
1565,4028,50250,-0.013404283,2.049585963,1.705806438,0.420987194,1.669555571,-1.740157034,3.493963839,523d7334e9c2aa57cd7a4408072830000518200058514f0601000000fffffaff3332c933454a0c41,46661b067305d756882f7d250000003c04679f5d081cc0000a0c9000942e2a0e05000000ffffffff
1566,4029,50251,-0.051813373,2.084533128,-0.530140872,0.384111153,1.751558083,-1.817457110,1.399316143,b339b638fa47ddd609fa22071f84d00122000000b337150000000000ffffffffc12d4c48c5621b40,cc621b103301135176311d190000003cdc7e2e6c083070000a0c9000d5180e0301000000ffffffff
1567,4030,50252,-0.054340832,2.108525269,-0.503640019,0.394386724,1.717507821,-1.792590357,1.419733791,7639a33b6f49e4da5c0640621b88a00121000000a658010000000000ffffffff8620484ff610a0d8,c463f40b9102af67f33086200000003cf3828d61083070000a0c9000ce1c100401000000ffffffff
1568,4031,50253,-0.000601253,2.061085534,1.878594842,0.385561334,1.735221645,-1.797634756,3.710791408,873eda3569ccce57c5ae52300830700003289000c5260d0403000000ffffffff20216e2e491d6013,ef621d0e4a02ab5e2e317b200000003ca3eeae55083070000a0c9000cd1c110401000000ffffffff
1569,4032,50254,-0.017464791,2.070054559,1.890957170,0.389663276,1.735189613,-1.810210227,3.738519480,f03cf23617cdf35424f6d24e032c10010238f000c3210c0c02000000ffffffff8e38b80fa9004c2a,52631c0e9901db4748313c1b0000003cb9ea5f5c083070000a0c9000d21a0f0301000000ffffffff
1570,4033,50255,-0.013611452,1.954450236,1.727476036,0.351088451,1.826289279,-1.827403810,3.575835843,4d3dd9281ac4185aca56b7020614500200000000fe00000000000000ffffffff6a3cf3110803003d,af5f3819a700e54a87329b230000003c89ba8f64083070000a0c9000c7280c0301000000ffffffff
1571,4034,50256,-0.013279982,1.983759728,1.650602248,0.326932572,1.881224555,-1.821009503,3.489748729,553d6c2ce0bfcf59d7fd84420614500200000000e718000000000000ffffffff57218b35321c2a37,685deb1f01014643173324260000003ca2521e72083070000a0c9000c5260d0303000000ffffffff
1572,4035,50257,-0.018210599,2.068324819,1.904243121,0.321131846,1.904960439,-1.808718222,3.732013284,de3cbc36d2cd2b55ff1d305d032c10010e08f000cb15140901010000ffffffff7b3a440701082f43,dc5cd022ae01942b9133f4280000003cb27e1f280830700003289000c3260e0404000000ffffffff
1573,4036,50258,-0.013404283,2.015183347,1.692094200,0.322167690,1.886638002,-1.809712892,3.520196780,523d413028c246593199024a0518700000000000926a020000000000fffffcff2c1cda1dd4152758,f55c9420a001513c383396270000003cd3760f6b0830700003289000c3260e0404000000ffffffff
1574,4037,50259,-0.016594682,2.054390798,1.894509563,0.418542602,1.679805885,-1.742714757,3.682262765,053d093549cdfb56b3c2520e03287000022480009166070000000000fffffdffdb161a226e169c29,0b665b074f050f51f42f24250000003cd4b24f5b081cc0000a0c9000962d2a0d04000000ffffffff
1575,4038,50260,-0.017299056,2.055575990,1.909429615,0.419495578,1.684770880,-1.716071808,3.670496772,f43c2e351bcecf56021a91530328700009088000b93d060200000000fffffeff1917a1218e160034,2266f607c606e2366e2f16280000003c232b5f17081cc0000a0c90008c32291106000000ffffffff
1576,4039,50261,-0.017216189,2.055768184,1.908790184,0.420117085,1.667153153,-1.756142803,3.711336125,f63c343512cec856ffc522480328700009088000bd3b050100000000fffffeffd71be31cee16c832,3166d0059204f53fd32ffb220000003ce3868e0f081cc0000a0c90009a2b2a0c04000000ffffffff
1577,4040,50262,-0.016553248,2.056248667,1.896285760,0.419785615,1.698576772,-1.697670412,3.637972203,063d433562cdb956e2f1114c0328700002248000be37070201000000fffffdfffe1c191e4f15682b,2966a509c907454d962f26290000003c37872f15081cc0000a0c9000723e231f0d000000ffffffff
1578,4041,50263,-0.016553248,2.053557960,1.891880792,0.419246976,1.664846833,-1.764313308,3.702536087,063def3424cd1a57a1c5b24a032870000814900087690e0000000000fffffdff7e165e22b8161b56,1c6688051f04bf62f92fc8200000003cd39ede52083070000a0c9000a12a260b03000000ffffffff
1579,4042,50264,-0.017340490,2.056088506,1.910637428,-0.406237705,1.717764079,-1.749109065,3.695869161,f33c3e352ccebc566092201e0328700009088000c336040200000000fffffeffd61f5f1df7132e38,4918fc0bf5049f43f238ef250000003c35b7506b083070000a0c9000af25200802000000ffffffff
1580,4043,50265,-0.016304646,2.051187575,1.883426097,-0.401555690,1.708795054,-1.784135662,3.703600985,0c3da534adcc6f57e459b0570a0c70000520600065593e0201000000fffffdff981b111f7915082f,ba18e40a0803fb3bdb3887200000003c67c75068083070000a0c9000c720130401000000ffffffff
1581,4044,50266,-0.016760417,2.053846250,1.895788425,-0.398862496,1.862485700,-1.530139550,3.452477856,013df8345bcd0e57982d115303287000082450008b680b0000000000fffffdff9416981eec17842e,fb18a21dff10dd40c438cc2f0000003c0733916e03288000091cc0007c52151308000000ffffffff
1582,4045,50267,-0.016967586,2.058170601,1.911347907,-0.405864801,1.793167951,-1.625485783,3.568005044,fc3c7f3536ce7a56e24133470328200007248000e810030201000000fffffeff63153520c2175428,52182e15c10b4b41dd38f52c0000003c06036272081ca0000330900064432e1c0d010000ffffffff
1583,4046,50268,-0.017133321,2.057946376,1.914474013,-0.416927613,2.017809990,-1.164882484,3.105460166,f83c783562ce8256ec92705903289000021c8000e514020202000000fffffeffa9169b1f3f18b76a,471793301425a94fd13814340000003cead2e1730344f0000e24a000e00b080804000000ffffffff
1584,4047,50269,-0.017050454,2.058747181,1.911418955,-0.414110118,2.018802989,-1.092768903,3.030576941,fa3c913537ce6456e552e41303282000091c8000ed0c030201000000fffffeff3a29180c970c8034,8b17b2300b29335ad93877340000003cb5c6a1330344f0000e244000de0d0a0901000000ffffffff
1585,4048,50270,-0.014937332,2.029982238,1.843639293,-0.335303118,1.918638201,-1.582075538,3.442463338,2d3d0f327dcaaf58c2bde24805187000082800009b42220000000000fffff8ffcd14c92010180547,f91e7b24240e874f7838552f0000003cbecec02d080ca0000724c0004b453d2c04030000ffffffff
1586,4049,50271,-0.017216189,2.058426859,1.916392305,-0.289725988,1.970113997,-1.582786017,3.510884458,f63c87357dce6e56a9de406e03289000021c8000ea0f030201000000fffffeff7f1cf61f2a14b74f,4523c22a1a0e97543e38fe2f0000003c830eb47b080ca0000724c0004b49382c04030000ffffffff
1587,4050,50272,-0.016760417,2.051571962,1.892449175,-0.347650377,1.937120799,-1.494260379,3.404759733,013db1342ccd5d57a3b291100a0c7000081460006a5a380101000000fffffdff4c279e0e670b2236,cf1dbc26f812cc308538cd300000003c679f126c03288000091cc0008945171009000000ffffffff
1588,4051,50273,-0.015310236,2.026074305,1.853728090,-0.271412269,2.051636026,-1.332839633,3.196944714,243d95310bcbd158d911424b051870000800000099560f0100000000fffffaffbb2bb60ba00bc03a,ff24b334d81b8f542e38dd320000003cff56557b0324a00008447000de130c0100000000ffffffff
1589,4052,50274,-0.014813031,2.026682918,1.830566486,-0.270790763,1.977737668,-1.612199832,3.452616422,303da831c5c9ce58edb1324805187000082800009e4c140000000000fffff9ffcd2eb90eb11c475c,0e25b02b7c0c835e1f38e52f0000003cf791363f080c70000a309000573b353006020000ffffffff
1590,4053,50275,-0.014025789,2.067235723,1.812875568,-0.234701963,1.978986925,-1.746764485,3.567565435,433d9a36ccc83a55f1c6630e020c40000a2c0000857a000000000000fffffdffe31df32a5b1c0f62,7528d72b16053341cb37fb2c0000003cb3e26173081cc00003289000a7211f0d0c000000ffffffff
1591,4054,50276,-0.017423357,2.067876367,1.898914531,-0.229066973,1.989845852,-1.652981306,3.559051252,f13cae3687cd3c55813e1124032c200011389000ce160c0b03000000ffffffff3135140bca1c2f4c,fd282a2d3e0af751ec37372f0000003cb6e6747c081c30000a309000563a392f06020000ffffffff
1592,4055,50277,-0.013445717,2.067171658,1.760655389,-0.153450372,2.209779152,-1.261862817,3.029117777,513d9836edc53855099bf408020c40000a000000956a000000000000fffffdffca178635881ae8e6,1e30fc47bf1fb7544e377d340000003c86e6247d0324a00004201001f707010000000000ffffffff
1593,4056,50278,-0.005656171,2.042731066,1.937990856,-0.242118605,1.967583451,-1.711169506,3.657585678,0d3e9d33adcfa5557ca53126033810010b24f000ce150f0704010000ffffffffdc15dd4ecc1a90e6,c227732a0b07c761ff37c82d0000003cdb0e777c081cc0000a0c90008934171614000000ffffffff
1594,4057,50279,-0.003045845,2.038695005,1.913408295,-0.305760851,1.982894858,-1.549961904,3.477022169,4c3e1f3353ce9055f5cdf1180344e0000f24b000a5251c1801000000ffffffff72256a18da1c2f68,c221512ce80f3b4b3e3888300000003cce8a9276032880000724c0008042210f0d010000ffffffff
1595,4058,50280,-0.015310236,2.067363852,1.870211194,-0.047504263,2.441115927,0.269573879,1.644009393,243d9e36f3cb3455cbd622190308b0000444a0009e60010000000000fffffeff61260251b111998e,1b3a3264f273543676366b3b0000003ccd01a53d0d40400000000000ac3a190000000000ffffffff
1596,4059,50281,-0.008390799,2.094431087,1.858772488,0.084296509,2.273202970,-1.522963716,3.387726387,cb3deb3952cb8e57cdec2af60830700003289000ad221c0a0a000000ffffffff8216ee3a401a20e4,8846b84f6411a9af513b09360000003c36b83f270320a000091c0000ff00000000000000ffffffff
1597,4060,50282,-0.004910364,2.042282614,1.938985526,-0.054009362,2.474813834,0.455861377,1.545687941,1f3e8f33bbcfa255489d512003381001092cf000c01f140505030000ffffffff131fbb4d01128bb3,7e394e68307e423e6736ed3b0000003c2442b77f0d404000000000008971040000000000ffffffff
1598,4061,50283,-0.007603558,2.094046700,1.884349719,-0.208018626,2.251549182,-1.282466698,3.177058301,de3ddf39bacc84578acc40e4081cc0000a0c9000a023220e0c000000fffffffff811364acb1900d1,f92a144d9d1e10ebb63b78390000003c126a453c0324a00008101001f10a030000000000ffffffff
1599,4062,50284,-0.003211580,2.041994324,1.924989097,-0.184277085,2.241459029,-1.288079479,3.224341880,483e8633f6ceba55f149a020033810010f24a000ae271a0d03000000ffffffff6a103d488517ddb6,362dd94b4e1e099fca3b7b390000003c9a321c340324a00008101001f20a030000000000ffffffff
1600,4063,50285,-0.003004411,2.048112481,1.926196910,-0.179553637,2.247481088,-1.303212674,3.240370925,4d3e453407cf4a56129e806b0324a000113ce000cb260c0201000000ffffffff5f125d4b5a18d2c2,a82d954c791da8c0c73b84390000003c8d4d3c7a0324a00008101001f10a030000000000ffffffff
1601,4064,50286,-0.002755808,2.046414772,1.919234220,-0.038927476,2.412671305,-0.433018443,2.380870602,533e1034a5ce1656e0394027032410010e28f000d714070604040000ffffffff2914b152001a93bf,ea3aba60514d034064362a390000003c1c536a79040cd0000f384001bd2d150000000000ffffffff
1602,4065,50287,-0.002051435,2.041641970,1.910566380,-0.056246785,2.422377072,-0.356784085,2.299733569,643e7b332bcece550162b0690344e0000f24a000c815110f02000000ffffffff4238445abb10bec8,4839e9618251214b7f3668390000003c1915f63a043430000f380001bf241c0000000000ffffffff
1603,4066,50288,0.002672013,2.061854308,1.730175855,-0.084546039,2.396879415,-0.426268896,2.184056495,d63ef23540c4c557ab76363d0830300007289000b02b160b03000000ffffffff0a2b8a55f31016cc,9d36cd5eb04d3231b2362e390000003cc5a2616e040cd0000f381001c324170000000000ffffffff
1604,4067,50289,0.000931796,2.061149599,1.831845348,0.032462882,2.409211824,-1.526658205,3.376638511,ac3edc35d7c9c1577812243a0830700003289000c0240f0805000000ffffffff8b312158d71058cb,a5414e603011dbb1fc3a2a350000003c74e00d710300000000000000ff00000000000000ffffffff
1605,4068,50290,0.001801905,2.061469921,1.798594948,0.017919635,2.464787746,-1.381649515,3.205757304,c13ee63503c8c25784e6c43b0830300007289000b9280d0d04000000ffffffffc2101c43591737c0,464015672919c1aa193b33340000003ce05c9e170300000000000000ff00000000000000ffffffff
1606,4069,50291,-0.003625917,2.048721093,1.928825681,0.059850594,2.278328127,-1.480974428,3.418111386,3e3e58342ccf5756ab01001f0324a000113ce000c02a130200000000ffffffffd51f5232d61b48e0,3a445850b31349a8723bd3350000003c53b46d1f0320a00000000000ff00000000000000ffffffff
1607,4070,50292,-0.006567714,2.035299588,1.906019317,0.015102140,2.511714965,-1.360406204,3.301056934,f73db532ebcd4f55dc3db127032c10010e08f000cc14130a02000000ffffffff320b74302c129cc0,0240ce6c541a91aef33aa7330000003ce4b05f250300000000000000ff00000000000000ffffffff
1608,4071,50293,-0.005200400,2.059291729,1.937209329,-0.000435518,2.541985423,-1.332910681,3.305556048,183ea235a2cfb9578c293066081c30000a305000615528160a000000ffffffff393b7d05fa084a40,8b3e7f70d71b15a5d73ae7320000003c9cadbc390300000000000000ff00000000000000ffffffff
1609,4072,50294,-0.013362849,2.018226409,1.676605766,0.024424734,2.456747656,-1.471454015,3.178680413,533da0304ec12a59626d224a05187000000000009e59080000000000fffffbff8d2aec70e341fb54,e3401a66391417b3f33ab3340000003c92204e710300000000000000ff00000000000000ffffffff
1610,4073,50295,-0.163104436,1.958550362,-0.491064547,0.055002845,2.336626788,-1.551027622,1.146313347,352f5929204a9ed4de77202a1d7c00010d840000e60f0b0000000000ffffffff79289e713f3fb767,c5437457d90f5db31e3bb1350000003c48e82e6c0300000000000000ff00000000000000ffffffff
1611,4074,50296,-0.195754234,1.952784560,-0.478346980,0.063248162,2.253278922,-1.485521492,1.082487691,212ca528d34ad2d38ebba1331d40f0010d000000ab4d070000000000ffffffff8f2ab770fb428350,8c444a4d7313a5a57f3b01360000003c5960bd1f0320a000091c0000f208030100000000ffffffff
1612,4075,50297,-0.152041624,1.959959780,-0.491277691,0.051315241,2.396334867,-1.472946020,1.093366334,403085291d4aecd4ea4fe0271d7c000121000000ef0d030000000000ffffffff1528b06b0c41ef5f,6c43bc5e2414e1b0283b0e350000003c66c09f260300000000000000ff00000000000000ffffffff
1613,4076,50298,-0.177896286,1.931963610,-0.478773267,0.018251105,2.490861982,-1.424988712,1.116317544,d02d1b26cd4a53d4b72fc12e1d40f0010d840000d716120000000000ffffffffd83fb061075460fe,4e40436ac716a3b2ec3a4e340000003cb348be710300000000000000ff00000000000000ffffffff
1614,4077,50299,-0.070582864,2.093085733,-1.839268804,0.038222174,2.444351182,-1.432448738,0.548387197,ee37c1390000c5d8ed0178001f84d00122000000f20b020000000000ffffffffd83fb461955348f2,304297645e16bbb2143b9c340000003c89d0bf240300000000000000ff00000000000000ffffffff
1615,4078,50300,-0.071701575,2.093341991,-1.839268804,-0.598904661,1.940131829,-0.540869099,1.409701472,d337c9390000b9d8eafd17001f84d00122000000ed10020000000000fffffffff33da6620c5458da,1f061a2763478f5e9e397f380000003cf089843b0e101001033c2001b938080502000000ffffffff
1616,4079,50301,-0.070334261,2.093341991,-0.748115717,-0.593766875,1.953040818,-0.568293575,0.570965957,f437c939fe3bc5d89a33811a1f84d00122000000f20b020000000000ffffffff022916696642575b,9b06ad28e1450f5e8b3961380000003c1c86343c0e103000113c2001be32060603000000ffffffff
1617,4080,50302,-0.162027159,1.924852454,-0.483675569,-0.355274187,2.275669452,-0.273515989,0.452309660,4f2f3d25884aadd4cbf3802c1d7c000121340000e019060000000000ffffffff9b36fe7a9c3f7778,171d05501656bc404f38c5390000003cab555131043430000e3c0001c13b020100000000ffffffff
1618,4081,50303,-0.183324108,1.990582593,-0.574403691,-0.555026315,2.118807615,-0.453764419,0.411288246,4d2d412d8b451cd4f046247c1d40f0010d000000bf3a050000000000ffffffffd4349e13bb1dff6c,420ae43c2d4c8b480d39ce380000003c5de6a174043830000f341001b92e0f0504010000ffffffff
1619,4082,50304,-0.013777187,2.070310817,1.764847213,-0.531823413,2.136137052,-0.418240487,2.244677458,493dfa3628c6e7543843051b020c40000b0000009866010000000000fffffeff132db75c214cf2c7,720c013f214e5b50f938ff380000003cdb6da235043830000f341001bc2c0e0404010000ffffffff
1620,4083,50305,-0.072861720,2.101862565,-0.505203072,-0.370356074,2.276278064,-0.310318783,0.396110519,b737d33a594963d7485950291f84d00122000000d02c030000000000ffffffff6e387666eb4e50cd,ab1b185010543f514c38a1390000003c7b31412c043430000e3c1001d025060301000000ffffffff
1621,4084,50306,-0.069712755,2.098242923,-0.598062629,-0.560122667,2.040552874,-0.360975909,0.547759196,0338623a3e4416d879e582781f84d00122000000e915010000000000ffffffffc635ab63e54fd8d6,c709593347510b5d2f3956390000003c1705c2280438d0000344f000d819080302010000ffffffff
1622,4085,50307,-0.071825876,2.097474149,-0.570282915,-0.373836509,2.234956486,-0.482609851,0.343217688,d0374a3ac54537d8ece5402a1f84d00122000000e518010000000000ffffffff9035385fa54858cc,571b0e4b974a0d3d4f38ed380000003ce462d273040ce0000d3c1001cc190c0804000000ffffffff
1623,4086,50308,-0.068055405,2.105225949,-0.568719862,-0.569155225,2.001313391,-0.366304499,0.550337014,2b383c3bdb455fd6a939d57d1f74100210000000c82c0b0000000000ffffffff7e2c6a5bc24838d0,ed08902efc50ff6d48396b390000003c1de1421c0438d000110cf000d71b070302010000ffffffff
1624,4087,50309,-0.070002791,2.105546271,-0.502005918,-0.315414916,2.311737744,-0.246944088,0.409632239,fc37463b864967d6b671333a1f74100210000000cc240f0000000000ffffffff11346a60374a12cd,d9206b548c5743482738d5390000003c74696338043430000e3c0001c03d020100000000ffffffff
1625,4088,50310,-0.068884080,2.103400112,-0.552805140,-0.426788847,2.215064470,-0.344208613,0.429042262,1738033bbb46d8d66f65047c1f84d00122000000d419120000000000ffffffff7135f7536e4f7759,5916a1483352b54b923877390000003c212e6339043430000e3c1001d919060501000000ffffffff
1626,4089,50311,-0.061716040,2.090491123,-0.569004053,-0.572221323,2.074635168,-0.493267031,0.516336278,c4387039d74524d85605763b217c20021d0000008b72020000000000ffffffffb62a8c5a214a014a,a3088137014aa833263997380000003c488a3171043830000f44d000895a110802010000ffffffff
1627,4090,50312,-0.062337547,2.085237837,-0.492627600,-0.384733586,2.223200657,-0.569075101,0.358911085,b538cc380a4acfd61feea1341f84d00122400000ca22130000000000ffffffff06341a58594e7f61,501a9f49d64511434f3887380000003c642aa47b040cf0000e3410019f490c0702010000ffffffff
1628,4091,50313,-0.062213245,2.089337962,-0.551952566,-0.355191320,2.293927824,-0.280833919,0.448551540,b8384c39c746ffd7e5c022271f8420021d000000a35b000000000000ffffffffb02da058154cf34b,191d3f52af553b493e38b7390000003c47b1a130043430000e3c0001c03c020100000000ffffffff
1629,4092,50314,-0.062006077,2.087095706,-0.507902891,-0.448665869,2.162531611,-0.552023614,0.396412675,bd38063933495dd7147e80291f84d00122000000c833030000000000ffffffff61211948d651594b,49143942c646394491388c380000003c782e847b043830000f3410019a2c280e02000000ffffffff
1630,4093,50315,-0.057034026,2.092060702,-0.451348791,-0.595299924,2.065441918,-0.454972233,0.538935864,3539a1394f4c7cd827a2902b217c20021d000000ab44100000000000ffffffffd83fbc4fd45ecd48,760662361c4c143f3c39c9380000003cbce9a02e043830000f44d0008b59100702010000ffffffff
1631,4094,50316,-0.058567075,2.105065788,-1.839268804,-0.615726765,1.903711182,-0.453906515,1.506718046,1039373b000055da1102f87f226c10021a000000b446050000000000ffffffffd528e33bec4ff93e,8904a9222b4ce54bc5391d390000003c345dc0160e101001033cd0008a630e0201000000ffffffff
1632,4095,50317,-0.053926495,2.090074704,-0.481402038,-0.373256437,2.249755377,-0.307121629,0.397294840,80396339a84a39d80f5a5209217c20021d000000a854030000000000ffffffffbb38134d82609344,651bdc4c3d54554d5f38ab390000003cb1b5e131043430000e3c1001d91a080401000000ffffffff
1633,4096,50318,-0.056992592,2.106507238,-0.599909874,-0.553783303,2.083251838,-0.376393296,0.545253596,3639643b244491da38bef37a226c10021a0000009f5f010000000000ffffffff8030eb4bad62c53d,600a8e386e50135b193930390000003c5e45922e0438d000033c1001d717090502010000ffffffff
1634,4097,50319,-0.055335242,2.108557301,-0.519909980,-0.503979930,2.042410743,-0.292698912,0.507230019,5e39a43b8a48e0da52b682771b88a00121000000a856010000000000ffffffffb52f67349b426c43,120f9333085597581239b7390000003c2f9da1290434e000033c1001e20f0b0201010000ffffffff
1635,4098,50320,-0.052186277,2.075788328,-0.510531662,-0.386598105,2.230471974,-0.473231533,0.370337145,aa39a5370e49d4d424ae52081d7c000121000000a757010000000000ffffffff02322234ab464240,231a824a1b4ba9415d38f2380000003c0773c376040ce0000d3c1001d2130d0904000000ffffffff
1636,4099,50321,-0.051937674,2.081169743,-0.524954378,-0.427824691,2.184345560,-0.508187082,0.390150535,b0394d384348ead5f30103471f74100210000000a4500b0000000000ffffffff5d284f393641dd45,4016e2442f49603f8638bd380000003caeca747b043830000f341001ab25220a02000000ffffffff
1637,4100,50322,-0.053553591,2.073161685,-0.474013060,-0.612246329,1.969313191,-0.405665015,0.572357879,89395337104b70d43bbea10c1d7c000121780000bd3e030000000000ffffffff49371565d54d5cd0,dd04a92ad24e7f596f392e390000003c27cda01f043810010334f000ac44090302010000ffffffff
1638,4101,50323,-0.069588454,2.099364051,-0.586126588,-0.036814354,2.439322122,0.119591839,0.784017940,0638853ae644e1d77e85637a1f84d00122000000e716010000000000ffffffffb62a8c5a214a18d4,1d3bfa63b36bcc315a36f83a0000003cde26067b0d10000103000000af3d130000000000ffffffff
1639,4102,50324,-0.071991611,2.104168885,-0.492627600,-0.365839795,2.183160368,-0.632662939,0.334957169,cc371b3b0a4acfd67deda1341f84d00122400000ca22130000000000ffffffffa82d235e2d4d70ca,181cbd445742a546543842380000003cfa3e4479040cf0000e44d000736e170501010000ffffffff
1640,4103,50325,-0.073193190,2.100709404,-0.507760795,-0.597371612,2.005605710,-0.547831790,0.534240971,af37af3a3549afd7586170291f84d00122000000cf2f010000000000ffffffffbd2e4058744d08dc,4406162f01470434603974380000003cb64100660e103000113cd0008f5a0a0505000000ffffffff
1641,4104,50326,-0.076176420,2.100773469,-0.513302528,-0.416016071,2.174671827,-0.586766019,0.355455819,6737b13ae748c0d756e5b0291f84d00122000000b14d010000000000ffffffff46343150b351c753,5d17b443dd441844763870380000003c6e8e547c040ce0000f3410018740241201010000ffffffff
1642,4105,50327,-0.060514461,2.092509153,-0.555078672,-0.595134189,1.935583252,-0.523107134,0.558091544,e138af399b4677d8c191a53d217c20021d000000b9380e0000000000ffffffffbd2e4058744dd754,7a068c265d482760a43995380000003ca52e12350e101001033c2001bb36080402000000ffffffff
1643,4106,50328,-0.061798908,2.088344963,-0.513302528,-0.008722269,2.473244255,0.469928854,1.057217359,c2382d39e748c0d7c5e5b0291f84d00122000000b14d010000000000fffffffff5331935e44f5d40,c33d1d68f67e183b2136f63b0000003c3d76b87f0d40400000000000817a040000000000ffffffff
1644,4107,50329,-0.051523337,2.089978607,-0.551242087,-0.047297094,2.443165990,0.284920217,0.907704020,ba396039d14639d811424306217c20021d000000ae4e030000000000ffffffff3329023e2b5bdf42,203a7264ca74b82e7536763b0000003c3e6e877f0d40400000000000ac3a190000000000ffffffff
1645,4108,50330,-0.053802193,2.100901598,-0.493480174,-0.028900507,2.452327208,0.222469145,0.797937016,8339b53afe49d1d954aac0132284b0011f000000b73e0a0000000000ffffffffc134b934c553cc3f,dc3b90655b7136325c36483b0000003c0157887b0d40400000000000ab3a190000000000ffffffff
1646,4109,50331,-0.051399036,2.093726378,-0.559412592,-0.052600614,2.437240027,0.245417605,0.875074121,bd39d5395e46c6d8fe6dc3452188f0011b000000b338140000000000ffffffff53340735dc51ca3f,a039b9639e72b0398536563b0000003c60a2e3790d40400000000000ad3a190000000000ffffffff
1647,4110,50332,-0.051481903,2.091900541,-0.554936576,-0.029646315,2.455754657,0.240160063,0.874668667,bb399c399d4681d802829305217c20021d000000bb32120000000000ffffffff9937d036c75c7d40,ca3bfb655472ea345936533b0000003c6a52487f0d40400000000000ab3a190000000000ffffffff
1648,4111,50333,-0.050984698,2.102246952,-0.592734040,-0.603835277,1.925012615,-0.496464185,0.588492700,c739df3a89440ada46969305226c100200000000b826210000000000ffffffffb836143b5760d741,a8054225d449e23db239be380000003c4902c05f0e101001033c2001b33e090402000000ffffffff
1649,4112,50334,-0.051357602,2.105706432,-0.579732281,-0.049741685,2.413696337,0.143037634,0.785656886,be394b3b40458bda6c02b307226c10021a0000008975010000000000ffffffffe1374938985e5941,e539da60fd6ccf4a8836073b0000003c14d2233b0d10000103000000b4301b0000000000ffffffff
1650,4113,50335,-0.050984698,2.103976692,-0.594581284,-0.574707348,1.972035931,-0.604883224,0.540185069,c739153b6f444bda5f860306226c10021a000000a94f070000000000ffffffffc52ea9475e592d48,6708fe2ade431b486b393c380000003c14ca32380e1030000f442001b625140b05000000ffffffff
1651,4114,50336,-0.056702556,2.099524212,-0.518702166,-0.611583389,1.921425006,-0.466410939,0.585103785,3d398a3a9b4891d93a5ea2362284b0011f0000009b61020000000000ffffffff1d20824bd84fe34b,ed04d2247b4be938af39f8380000003c3739505b0e101001033cd000925c0d0301000000ffffffff
1652,4115,50337,-0.057821267,2.090202833,-0.447299063,-0.005780472,2.236910452,-1.704277863,1.266580859,22396739884c36d823ba602c217c20021d000000926a030000000000ffffffff21250157c748694f,0a3e4b4b6c075ac0db3a94360000003c513438710320a00007309000db1e030201000000ffffffff
1653,4116,50338,-0.061384570,2.083796386,-0.463711120,0.065402717,2.231368876,-1.633443143,1.185801696,cc389f38a14b6ad6e6c542371f74100210000000c826110000000000ffffffffe4294f44f45c1748,c0449e4a510b97b2203b84360000003c2dac5e6b0320a0000724c000e812040100000000ffffffff
1654,4117,50339,-0.054796603,2.102791499,-0.494190653,0.034327401,2.236910452,-1.466835903,0.985885270,6b39f03af44913da4a72202a226c100200000000be28180000000000ffffffff4c314c4985607942,d2414b4b7a14b19ea03bf6350000003c5ee05b210320a000091c0000f706020100000000ffffffff
1655,4118,50340,-0.055500977,2.106379109,-0.524954378,0.067267236,2.229895393,-1.488221310,0.978882776,5a39603b434893da5df68278226c10021a0000009866010000000000ffffffffc12f34416e614242,ed44704a4d1315a28a3b2c360000003c5f78bd220320a000091c0000eb0d050200000000ffffffff
1656,4119,50341,-0.052973518,2.106955690,-0.516712826,-0.048622974,2.447105954,0.321083580,0.904225606,9739723bb748b3da6b42610f226c10021a000000817e000000000000ffffffffc81eba51774adf4d,003aed64c77660307436913b0000003c55ced57d0d404000000000009c540f0000000000ffffffff
1657,4120,50342,-0.059644353,2.085205804,-0.443746670,-0.007810726,2.531767142,-1.326942660,0.991029217,f638cb38ba4cead6250ad12e1f84d00122400000bf2f120000000000ffffffff432993432c5bc645,d93d406f2b1c218ee13ab7320000003cdf7c68140300000000000000ff00000000000000ffffffff
1658,4121,50343,-0.055045206,2.101093791,-0.491419786,-0.005117532,2.494994140,-1.344349387,0.940818346,6539bb3a1b4ad2d9507ed02a2284b0011f000000b73d0b0000000000fffffffff535474c8357e14c,1a3ec46a361b9199083b6d330000003cbc5419100300000000000000ff00000000000000ffffffff
1659,4122,50344,-0.058691376,2.097954633,-0.573124829,-0.008763703,2.308534521,-1.442679630,0.896081589,0d39593a9d454cd92016d43b2188f0011b0000009569010000000000ffffffff9f25ec546c4a6750,c23d0754ce15b1a48c3b4c350000003c52b489170300000000000000ff00000000000000ffffffff
1660,4123,50345,-0.060887365,2.085333933,-0.467689800,0.031841376,2.281499318,-1.462217792,1.017922102,d838cf38694be4d6ef9db2361f84d00122000000c728100000000000ffffffffca2d76477c57d74c,9641bb50bb1421a5873ba7350000003c50a41b1c0300000000000000ff00000000000000ffffffff
1661,4124,50346,-0.057075460,2.097666342,-0.510460614,-0.232961746,2.180661854,-0.999909345,0.526672859,3439503a0f494cd91ebee2372188f0011b000000946a010000000000ffffffffaf1599216d0e3e3a,9f286f44262e9759e237c6350000003c7a8e933a0310f00011389000e910040100000000ffffffff
1662,4125,50347,-0.017671960,2.036452748,1.906374556,-0.003211580,2.219516950,-1.441756008,3.353162668,eb3cd932f0cd6c589bd1e052081470000630a000ae2d160b02010000fffffffff91b0a1a7c0dd947,483e2c49db152f7dc23be3350000003ca83d793f0320a000091c0000f207040200000000ffffffff
1663,4126,50348,-0.016760417,2.033537815,1.892022888,-0.235530638,2.175985148,-1.104633896,3.008006571,013d7e3226cd875811a23014051c60000828c0006838312e00000000fffffdffb01ed416b50af045,6128dd4364289b51e9373e350000003cb11af12f031090000f44e000fa02010101000000ffffffff
1664,4127,50349,-0.016594682,2.022678889,1.883284001,-0.048705842,2.234828357,-1.405237406,3.295513855,053d2b31abcce4584e8e77000518800007000000645f360700000000fffffdfff2268215230a013c,fe390a4bdd1737487136be330000003cee3a157b0320a000091c4000e00e0a0700000000ffffffff
1665,4128,50350,-0.015931742,2.020692891,1.855575334,-0.269920654,2.138123051,-1.062786704,2.931746441,153ded3025cbf3587879124a05188000070000008569090800000000fffffdff0d10643a771752c9,23253f3fb12a2754193854350000003c9f06e378033c40001124e000f803020101000000ffffffff
1666,4129,50351,-0.004661761,2.049169544,1.936356755,-0.168159354,2.256738403,-0.888435247,2.837122865,253e663496cf5c56942d70250324a000113c8000b930150100000000ffffffff7a11d43ba418aecd,bb2eb64d473437544f37bb360000003c2626d53d0310f0001138d000c139040000000000ffffffff
1667,4130,50352,-0.004578894,2.046703062,1.938203999,-0.352000921,2.195460745,-0.746765808,2.711437585,273e1934b0cf06566e35a01f0324a0001138f000d020060503010000ffffffffe416092c061ba8e4,661d3d46113ccf52563871370000003c07ca963f0310f0000e44d0009e46170301000000ffffffff
1668,4131,50353,-0.006940618,2.041866195,1.923710235,-0.053014952,2.324454540,-0.896889943,2.835095128,ee3d8233e4ce9b55e47951240344b0000e089000e308070605020000ffffffffbe178b44fd1118dc,9639f855d03360428536e6360000003ce606c67b0310f0000d44e000ba44010000000000ffffffff
1669,4132,50354,-0.002424338,2.058619052,1.903887881,-0.160991315,2.313275292,-0.728435459,2.649362084,5b3e8d35cdcd9857b431412c081cc0000a0c90009832211005000000ffffffff40172544b912f9ab,682f9b54133da93d5237fe370000003c711a147b0310f0000d3810017f7b030100000000ffffffff
1670,4133,50355,-0.002548640,2.057337763,1.905521982,-0.041372067,2.346652877,-0.849287875,2.770232452,583e6535e4cd6e5784f95069081ca0000c0c90006c46261511010000ffffffff131fbb4d011203ba,af3aad586e36db44673638370000003ca29ef67d0310f0000d44e000b747010000000000ffffffff
1671,4134,50356,-0.000891289,2.058138569,1.884349719,0.611913932,1.898842282,-0.500087626,2.467072556,803e7e35bacc84576da5c171081cc0000a0c9000a023220e0c000000ffffffffa50f4e396b1275b8,46781122a149dc28eb1dcb380000003cf1744b34131040010354d000b7350b0800000000ffffffff
1672,4135,50357,-0.004123122,2.058266698,1.925557480,0.123368539,2.398416962,-0.045665491,2.004414210,323e8235fece965790cd506c081cc0000a0c90006045242115000000ffffffff000eba359913aebb,374afd5e9d62be334635773a0000003c4215ee300d100001030000008d6f030000000000ffffffff
1673,4136,50358,-0.004703195,2.056472893,1.930743974,0.133188338,2.395758287,-0.062290691,2.026404656,243e4a3547cf5757894540670a0c8000073090005044362d05030000ffffffff710d4930e917accf,244baa5eb361163d30356b3a0000003c8ff53c380d100001030000008973030000000000ffffffff
1674,4137,50359,-0.005904774,2.049201576,1.944100972,0.139486269,2.393163677,-0.078063317,2.056355245,073e673403d054569449e0240324a00011207000c42b0f0100000000ffffffffca0b0b2f6a1607c0,bc4b595ed5602f451d355f3a0000003c874d7c3a0434000103000000837a010100000000ffffffff
1675,4138,50360,-0.005946207,2.052084477,1.939980196,0.146902911,2.390953453,-0.085452295,2.059264871,063ec134c9cfb7567439c01803289000081c1001a332250202000000ffffffffd1128a411c13b19e,6f4c145e6d60834709355b3a0000003c8295cc3904340001030000008776010100000000ffffffff
1676,4139,50361,-0.003045845,2.056568990,1.917529071,0.000890362,2.438457252,0.224813725,1.735263491,4c3e4d358dce5d574de93167081ca000033090004d3f3f290a010000ffffffffd50c16354b12d8bd,ab3edf637c71673e1b363f3b0000003c77fe177f0d40400000000000aa3b1a0000000000ffffffff
1677,4140,50362,-0.004703195,2.058747181,1.932946457,0.152206431,2.387013488,-0.097672527,2.062957309,243e913566cfa7579185c06a081c30000c2890005b4f251818000000ffffffff2c0fec399f13fabe,ef4c995dc15f8630f334523a0000003c3019cf2804340001030000008975010100000000ffffffff
1678,4141,50363,-0.004164556,2.056120538,1.927617868,0.599525239,1.915755301,-0.511313188,2.516451562,313e3f351bcf4e578c3910670a0c800007309000513d392e07030000ffffffff2211c63e531733c4,1b77212403497822da22c0380000003c81a1553e131040010354d000b4380a0800000000ffffffff
1679,4142,50364,-0.004123122,2.049105480,1.930815021,0.597702154,1.897593025,-0.496819424,2.505705228,323e643448cf5e56980580210324a000113ce000b92e160200000000ffffffffd83fc05bce4fa8e4,ef76ea21cf4948de0421d3380000003c4288d325131040010354d000b4380b0800000000ffffffff
1680,4143,50365,-0.078330976,2.097025698,-1.839268804,0.580838616,1.965181034,-0.593444518,1.415614960,33373c3a000033d825fdb7041f84d00122000000c03d010100000000ffffffff06341a58594e10ee,5875282a7f44e6366b2a79380000003ca904e43513103000145850019e43120c00000000ffffffff
1681,4144,50366,-0.077377999,2.099588276,-0.551952566,0.608972135,1.884587940,-0.491135595,0.721803544,4a378c3ac746ffd70ec122271f8420021d000000a35b000000000000ffffffff813205623b4f08d8,ff7754201f4a8018811ddc380000003c6ef8a625131040010354d000be300a0700000000ffffffff
1682,4145,50367,-0.072613118,2.098339019,-0.536250988,0.588628162,1.965213066,-0.603320171,0.677835397,bd37653aa44721d8c8b520271f84d00122000000de20010000000000ffffffff37366d4c2b5be349,1476292af4432739002a70380000003cff95593f1310300014585001ab37120b00000000ffffffff
1683,4146,50368,-0.057779834,2.101446146,-0.578524467,0.615684404,1.888559936,-0.494474845,0.711293861,2339c63a5145d2d91ee6633b2284b0011f000000b63b0d0000000000ffffffff2337483472577440,a178d020f049d824441bd3380000003ca420ab2e131040010354d000be300a0700000000ffffffff
1684,4147,50369,-0.051026132,2.097153827,-0.584350392,0.589829741,1.945064792,-0.562254506,0.659026215,c639403aff4449d925ced3042188f0011b0000009569010000000000fffffffff235354c5c59cf49,3176b4273646b80b45299b380000003c919d363f1310300014546001a4420d0c00000000ffffffff
1685,4148,50370,-0.058194171,2.099716405,-0.574901026,0.587219415,1.956115912,-0.582645243,0.661241084,1939903a844590d932c6237b2284b0011f0000009a62020000000000ffffffffd83ff670a247f81e,f2750d2917451e3ec42984380000003c59a9bb3a1310300014546001a0440f0b00000000ffffffff
1686,4149,50371,-0.118936055,1.972260157,-1.839268804,0.492750455,2.132133023,-0.400620617,1.571441480,5f33052b000034d63f03280a1d7c100210000000f807000000000000ffffffff2f28de3d60593343,0a6d843e194f7234f23098390000003c3f017f2b044c300014340000d4130e0505000000ffffffff
1687,4150,50372,-0.054092230,2.099171857,-0.485096527,0.073192263,2.415778432,0.085133625,0.664532536,7c397f3a744a91d94a8ed0142284b0011f0000009d61020000000000ffffffffd9349b4ed9538751,7c451b61ce69f94a9a35db3a0000003c3dce787f0d10000103000000af420e0000000000ffffffff
1688,4151,50373,-0.059810088,2.094495152,-0.561970315,0.486286790,2.113169942,-0.374048716,0.577827894,f238ed393a46c5d8e8f5243d2188f0011b000000bc31120000000000ffffffff403559348955f73f,6e6c343c8f50082bc830bd390000003c44118f26044c30000d500000d5130d0605000000ffffffff
1689,4152,50374,-0.051316168,2.095392054,-0.564670134,0.053055458,2.424779489,0.201652121,0.840618413,bf39093a144605d91062e3052188f0011b000000a654050000000000ffffffffd83f945002543752,964334623670e94dae35323b0000003c6ff2b87e0d40400000000000ad39190000000000ffffffff
1690,4153,50375,-0.061467438,2.095007667,-1.408363512,0.070167599,2.413119757,0.069503095,1.517436257,ca38fd39b117cad8bcfda73f2188f0011b000000bc34100000000000ffffffffd83f7f77b14b493d,3345c860f268ff489d35cf3a0000003c8a06b87e0d10000103000000ae430e0000000000ffffffff
1691,4154,50376,-0.108867652,2.005637742,-1.839268804,0.605077363,1.975751670,-0.641472874,1.394749350,5234172f00005fd784fe17011d00000000000000ff00000000000000ffffffffb53ee178f24b4f5e,a177722bdb410428312a41380000003c988aca7d1310300014585001bb2a100900000000ffffffff
1692,4155,50377,-0.109240556,2.007847966,-0.805522391,0.067888742,2.418341010,0.104955979,1.014322528,49345c2fd6386cd729d3511d1d00000000000000ff00000000000000ffffffff59277c437857d74d,fc446b61e56acd48a135e83a0000003cecc5c83f0d10000103000000af410f0000000000ffffffff
1693,4156,50378,-0.055749580,2.097442117,-0.478275932,0.598406528,1.974854767,-0.649003948,0.687092372,5439493ad44a4cd92b0e112f2188f0011b000000946a010000000000ffffffff3e302548fd5cad48,0077562b71412232052b3e380000003c0002ea3e1310300014585001ae31150b00000000ffffffff
1694,4157,50379,-0.056081050,2.102983693,-0.522183511,0.000890362,2.433588353,0.205275562,0.801087939,4c39f63a6a4814da24da7238226c100200000000bd2a180000000000ffffffff6721933a801bc8e1,ab3e47636970253f1b362f3b0000003c3a02c87f0d40400000000000aa3b1a0000000000ffffffff
1695,4158,50380,-0.005697605,2.035523814,1.914189821,0.051688144,2.419013687,0.186376831,1.770789468,0c3ebc325ece4c55ac390125033810010b3c9000ca14140a02010000ffffffffd90c12344e1644cd,754380615f6fe545ae35263b0000003c5662e97e0d40400000000000af321f0000000000ffffffff
1696,4159,50381,-0.005283267,2.051860252,1.937919808,0.053842700,2.416258915,0.171812019,1.804277969,163eba34accfb456a75d002803289000081c10019c36280302000000ffffffff8b0e6235a717b2ce,a9432a61926e6244a9351c3b0000003c47e65a7d0d10000103000000b32b210000000000ffffffff
1697,4160,50382,-0.005283267,2.049233609,1.942253728,0.000683193,2.425259972,0.121012796,1.859663936,163e6834e9cf5a56a05910270324a00011207000bd2f120100000000ffffffff2e0adc31de14a6bb,a63e4362c76b303f1c36f13a0000003c5e06687f0d10000103000000ac440f0000000000ffffffff
1698,4161,50383,-0.005366135,2.054582991,1.941969536,0.000683193,2.420327009,0.100408916,1.877538494,143e0f35e5cf14578805805e03288000091cc000745e110f0d000000ffffffffb73d6378b14bbd3d,a63ea961a56a1e401c36e13a0000003c310ed87f0d10000103000000ab460e0000000000ffffffff
1699,4162,50384,-0.109530592,2.006246354,-0.732769379,0.114253113,2.398481027,-0.027264095,0.837654398,42342a2fd63c5fd78f0f51151d00000000000000ff00000000000000fffffffffe25dc3d7a57c044,5b49ff5ea063c9395a35853a0000003c47b11e2f0d100001030000008e6e030000000000ffffffff
1700,4163,50385,-0.054423700,2.097281956,-0.474368299,0.000890362,2.432146902,0.190923894,0.746865369,7439443a0b4b4cd9408ef0142188f0011b0000009569010000000000ffffffff812d38397f573740,ab3e1a639f6f783e1b36243b0000003c4402a87f0d40400000000000ab3b1a0000000000ffffffff
1701,4164,50386,-0.052890651,2.097249923,-0.508258130,0.595257563,1.911527046,-0.509039657,0.674232678,9939433a2e494cd923e662072188f0011b000000926c010000000000ffffffff2c3c4c7c284ac766,b4769d23234930193224c8380000003c711c652e131040010354d000b3390a0800000000ffffffff
1702,4165,50387,-0.112223786,2.004132227,-0.672449742,0.588420993,1.923891487,-0.515931299,0.722384736,0134e82e274008d76ba711321d00000000000000ff00000000000000ffffffff4e3a50783b4a0630,0f761f25c24860166125bc380000003ccee85636131040010354d000ba330a0800000000ffffffff
1703,4166,50388,-0.111892316,1.999743811,-0.633799705,0.591197055,1.938690378,-0.545913498,0.711186453,09345f2e4742ffd6b523d1121d7c000000000000ff00000000000000ffffffffd83fa8750f49381a,5276ed261c4707713b28a9380000003cf8b6bc461310300014546001ad3c0c0b00000000ffffffff
1704,4167,50389,-0.112555256,1.988340337,-1.839268804,0.599566673,1.936640315,-0.529714585,1.491550464,f933fb2c0000a9d6a502b8021d7c000000000000ff00000000000000ffffffffd83f1378f14bcb5f,1c77ad260048e013cf24a7380000003c7555673e1310400103546001be2f090800000000ffffffff
1705,4168,50390,-0.108867652,2.007783901,-1.839268804,0.590782717,1.942502214,-0.541579578,1.475726826,52345a2f00006bd70effa7061d00000000000000ff00000000000000ffffffffd83fe6722c48901a,4876642759476c208129af380000003c7a4ede301310300014546001ab3d0c0b00000000ffffffff
1706,4169,50391,-0.116532897,1.981197149,-1.839268804,0.583448943,1.919503072,-0.511668428,1.502099695,99331c2c000061d6dcfee7041d7c000000000000fe01000000000000ffffffffd83f4477324a7821,97759624fe48c753a727c9380000003ce582df56131040010354d000b6360a0800000000ffffffff
1707,4170,50392,-0.110483569,1.996060105,-1.839268804,0.581750159,1.957525330,-0.594083949,1.425186930,2b34ec2d0000fbd650fe87001d7c000000000000ff00000000000000ffffffffbf351a75f3474034,6e75392976443434562b7d380000003cd2c8c4381310300014585001a240120b00000000ffffffff
1708,4171,50393,-0.122085020,1.988660659,-0.571064441,0.566088200,1.975463380,-0.623853004,0.690321071,1333052dba4559d6e0ffc0161d7c000000000000fe01000000000000ffffffff7239357ba348b75d,f473692bd3425e3b332c5e380000003cfe34f02613103000145850018d451f0e00000000ffffffff
1709,4172,50394,-0.118646018,1.998943005,-0.616392978,0.583158907,1.974118026,-0.624705578,0.702293053,6633462e3c439dd6aeeb102e1d7c000000000000ff00000000000000ffffffff9937dc760649402f,90753f2bc7428c2fd72a59380000003c24c5283c13103000145850019b3d1a0c00000000ffffffff
1710,4173,50395,-0.116657198,1.994394429,-0.590247364,0.586970812,1.976680605,-0.635646949,0.705313603,9633b82dac44abd6d033e1131d7c000000000000ff00000000000000ffffffff8e3bc37d5148df6d,ec758f2b2d42382de62a4e380000003cce79093f13103000145850019d3c1a0c00000000ffffffff
1711,4174,50396,-0.120013332,2.002562648,-0.659945319,-0.090761102,2.380094526,-0.472592103,0.422477502,4533b72ed74092d65a73b2361d7c000000000000ff00000000000000ffffffff2d3abf7cc145018c,0736c15c244b6444c93604390000003cdb39043c040cd0000f381001c42c0e0100000000ffffffff
1712,4175,50397,-0.132692061,1.998878941,-0.630744647,-0.080071193,2.407129729,-0.552307805,0.419034605,1332442e7242d8d52893a3391d7c000100000000ff00000000000000ffffffffa4342b76bb46a759,09370d60c2461a369e36c1380000003c3e534576040cd0000f381001b63e0a0100000000ffffffff
1713,4176,50398,-0.129087324,1.986386371,-0.559483640,-0.073317491,2.373559951,-0.681543869,0.409771101,6a32be2c5d4604d6c9d7d02a1d7c100210000000fd02000000000000ffffffff6037cc7a32478f5e,ac37f55ba73fa834aa3634380000003c3cafb576040cf0000d3810018b71010100000000ffffffff
1714,4177,50399,-0.125606889,1.995131170,-0.587973833,-0.045515443,2.401780347,-0.523249229,0.419484764,be32cf2dcc4437d6b7fb102f1d7c000100000000ff00000000000000fffffffff8358e727747e42e,4b3a665f5b48e2376b36d3380000003c7f961b7c040cd0000f384001bc350e0000000000ffffffff
1715,4178,50400,-0.125109684,1.983247212,-0.573195877,-0.103522698,2.356294578,-0.596144337,0.374375436,ca325c2c9c452ed6df63c2141d7c100210000000fa05000000000000ffffffff9711e43141196cdb,d334da5959446441ee3687380000003ce5255339040cd0000f381001aa4e040200000000ffffffff
1716,4179,50401,-0.005780472,2.046735095,1.943177350,-0.082764387,2.395918448,-0.622787286,2.590758586,0a3e1a34f6cffb558ad9b0270324a0001138b000db1b050301000000fffffffff412083e6f12c9af,c836af5ee242da47a7366d380000003ca2f1253e040cd0000f381001a159030100000000ffffffff
1717,4180,50402,-0.003460182,2.058010440,1.916818592,-0.088772282,2.397616157,-0.638915151,2.579609498,423e7a3583ce8b578845916d081cc0000a0c90006c4322210d000000ffffffffec12a0395c1173b6,3736e45eff41ec44ac365f380000003c119ef43c040cd0000f3810019a60030200000000ffffffff
1718,4181,50403,-0.003915954,2.060188632,1.916321257,-0.052642048,2.398993543,-0.549110652,2.489079649,373ebe357cced457cde5906d083070000a0c50009436270707000000ffffffff4e10a440e91579bd,9f390f5fef461a3d7e36bb380000003c31bf6a78040cd0000f384001b73d0b0000000000ffffffff
1719,4182,50404,-0.003667351,2.051668058,1.927546820,-0.116532897,2.338452625,-0.631810365,2.577846624,3d3eb4341acfbb56a319906403289000081c10018b4d230301000000ffffffff5b10803bed14b4c4,9933ad576342a33b13375f380000003c29ae9277040cd0000f3810019c5e030200000000ffffffff
1720,4183,50405,-0.004123122,2.053782185,1.925486432,-0.079739723,2.417380043,-0.529927728,2.483340486,323ef634fdcefe56a159402903289000081cc000696516100a010000ffffffff6f24c215ed0aa23a,11374d61fd47e23f9836d5380000003c6796d57d040cd0000f381001bc350d0000000000ffffffff
1721,4184,50406,-0.016097477,2.023639856,1.868719189,-0.074104733,2.417988656,-0.509679087,2.411566748,113d4931decbda588279224a0518700008000000835b111000000000fffffdffa20cac2ba010bdb1,993760611a492e449136e3380000003ca299e63e040cd0000f384001bd330e0000000000ffffffff
1722,4185,50407,-0.005573304,2.062174630,1.932520170,-0.100456600,2.370580953,-0.608151426,2.561079745,0f3efc3560cf1358c0714057081cc0000314a000a332130b06050000ffffffff900a932b0812f2bc,1d35985bb043b14dd6367a380000003cb2b9f131040cd0000f381001a851040200000000ffffffff
1723,4186,50408,-0.005697605,2.059900342,1.938772382,0.000641759,2.418020688,0.077034169,1.895879623,0c3eb535b8cfce577f398018081c30000a305000655820170a010000ffffffff82211b17de09eb43,a53e61615c69f73f1c36d03a0000003c3f0ab87f0d10000103000000ab470d0000000000ffffffff
1724,4187,50409,-0.016428947,2.019411601,1.876037119,0.112181425,2.401107670,-0.016677963,1.935097645,093dc53045ccfc58e9a5174006148000079400007664210400000000fffffeffcd166b31c81a48e7,2949515f35649f4866358a3a0000003cc5cdfd750d10000103000000906b030000000000ffffffff
1725,4188,50410,-0.006194810,2.042763098,1.935219989,0.582661702,1.966142001,-0.613622112,2.617101228,003e9e3386cfa355dec921270344e0000b242000dc0c0c0704010000ffffffffb81631254a1b7f59,8475462a63431e42b22a67380000003c4e858a3c1310300014585001a13b170c00000000ffffffff
1726,4189,50411,-0.017381924,2.064512983,1.915255539,0.603668615,1.928600225,-0.519341597,2.516235137,f23c45366dce9655a6f2401c0308b0001124e000e911030201000000ffffffffe416092c061bff64,7f77b2259248c423ff22af380000003cde6c4a34131040010354d000c02e090800000000ffffffff
1727,4190,50412,-0.018169165,2.064801273,1.923710235,0.606196074,1.919054620,-0.516570730,2.523102302,df3c4e36e4ce9b55747a51240344b0000e089000e308070605020000ffffffffa60d952b6a0f0daf,bc778824b948c01ed621b7380000003cb32cbc28131040010354d000bd310a0800000000ffffffff
1728,4191,50413,-0.005407569,2.064673144,1.926978437,0.594636057,1.933597253,-0.528862010,2.531478924,133e4a3612cf415826960058081cc00005183000b41d161403020000ffffffffce11e536f31814d7,a5764e260c4828045727b2380000003c5b1d163c1310400103546001c02e090800000000ffffffff
1729,4192,50414,-0.005158966,2.046671030,1.942395823,0.572800468,1.969120998,-0.608719809,2.616914612,193e1834ebcfff55688960230324a0001138f000d320050402010000ffffffffc6139e274a0fb7bb,9674a32aa8436b3b5e2b6c380000003c095d6337131030001458500197421a0d00000000ffffffff
1730,4193,50415,-0.005987641,2.065025499,1.913479343,0.592067164,1.901084539,-0.508329178,2.499940539,053e553654ce425801f21051081470000c18a000b01f170c0a020000ffffffff213b3410c600c938,677657222d49919a0a25d7380000003c1285f154131040010354d000b6360a0800000000ffffffff
1731,4194,50416,-0.013404283,1.954546333,1.678595106,0.586100703,1.933821479,-0.527441053,2.286138947,523ddc286ac1175acc32b7020614500200000000fe01000000000000ffffffff4329ea4cc8511b53,d775552620484f5cc628bb380000003c6d9acd70131040010354d000ba330a0900000000ffffffff
1732,4195,50417,-0.058691376,2.092252895,-0.483391378,0.587716620,1.947435177,-0.557281156,0.666539697,0d39a7398c4a7bd8cefd933a217c20021d000000b43b100000000000ffffffff4b22fe40e94f913e,fe75fe277c4634293a2aa2380000003c3dbe6d351310300014546001a3430d0c00000000ffffffff
1733,4196,50418,-0.055500977,2.090106736,-0.451704031,0.587426583,1.954290075,-0.576179888,0.668802103,5a3964394a4c38d822b6d012217c20021d0000009c60030000000000ffffffff2d22b340d951803d,f775d4287245976bc92a8e380000003c5df5bc58131030001454d0009f460f0c00000000ffffffff
1734,4197,50419,-0.055335242,2.091996637,-0.451135648,0.596376274,1.973157059,-0.622574142,0.684282035,5e399f39524c7ed818a29053217c20021d000000b23f0e0000000000ffffffffd83fd74e8f57614d,cf76212be5422c3bd32958380000003cbdeca9371310300014585001b330120a00000000ffffffff
1735,4198,50420,-0.060265859,2.098306987,-1.321045688,0.569858672,1.982350310,-0.634297040,0.939215939,e738643a7e1c4ed90402f87f2188f0011b000000946a010000000000ffffffffd83fc74ed355e750,4f74402c4042bc2d2e2c52380000003c9731e27513103000145850018946220e00000000ffffffff
1736,4199,50421,-0.060763064,2.096673343,-1.410992283,0.082763460,2.231336844,-1.588611941,0.265109156,db38313a8c170dd9c2fdb73f2188f0011b000000ab50040000000000ffffffff103c4a0e8605bc3d,63469d4ac80d91b43b3b70360000003c1c682f680320a0000724c000e910050100000000ffffffff
1737,4200,50422,-0.013362849,2.000512585,1.659056944,-0.064823572,2.419366042,0.117105164,1.598656222,533d772e57c0855955e112490614700000000000b44b000000000000ffffffff2e1b431aac187758,79388b61906b513c9736f13a0000003c7e71663e0d10000103000000b13a140000000000ffffffff
1738,4201,50423,-0.016346080,2.059227665,1.899198722,-0.040750561,2.420262944,0.170746301,1.765924637,0b3da0358bcd5256a9b231140308a0000724b000eb0d050200000000fffffdffb41d401895187f38,be3aa761836eca3d77361a3b0000003cbdf5a2380d10000103000000b229240000000000ffffffff
1739,4202,50424,-0.016056043,2.059003439,1.892164984,0.071907816,2.189374621,-1.655112742,3.550762389,123d993528cd5a56fca9b14c0308a00007240000e510080200000000fffffcfff61c28191d1a6440,5d457f45200ac7b5293bdc360000003c1bec9e680320a00007309000df19050100000000ffffffff
1740,4203,50425,-0.016056043,2.061694147,1.895077946,0.087776944,2.194275552,-1.602111035,3.501241193,123ded3551cdf7552ef6f0100308a0000724b000df1e010000000000fffffdff33221714b318d23b,dc4618460a0d20b8473bbf360000003c1298cf650320a0000724c000ea10040100000000ffffffff
1741,4204,50426,-0.015434537,2.059131568,1.879731608,0.095649357,2.205230575,-1.553585345,3.438218994,213d9d3579cc5856fac9f14b0308a00007240000d218130100000000fffffbff49350409a5174338,9a476e47b50f9cb85e3b96360000003c0fe83f640320a000091cc000d71b0b0201000000ffffffff
1742,4205,50427,-0.013487151,2.057433860,1.765131404,-0.002714375,2.533080463,-1.326942660,3.128462524,503d68352cc6a55637bd36430328200007000000c61c180500000000fffff9ff8c19e01f771bab57,543e696f2b1c4987df3ac6320000003c5bd5b9150300000000000000ff00000000000000ffffffff
1743,4206,50428,-0.016677550,2.064416886,1.905806174,0.034327401,2.235404937,-1.677777010,3.588022694,033d4236e8cd9455963af1160308b0000944a000e01e010000000000ffffffffb135ea0947173c2f,d2411c4be1084db2fe3a8f360000003c40f8dc6e0320a00007309000dd1c050100000000ffffffff
1744,4207,50429,-0.013445717,2.056825247,1.762715777,-0.008100763,2.188413654,-1.729641950,3.494839992,513d55350ac6bf56834dd4450328200007000000c21f150900000000fffff9ffe138e00e7406db38,d23d6145070602bddb3af4360000003c3108a86d0320a00007309000db1f030201000000ffffffff
1745,4208,50430,-0.013818621,2.005381484,1.725557744,-0.006816316,2.256514178,-1.449144985,3.184627778,483d0f2fffc36a594519124d06147000080000009c63000000000000fffffeff493cbe0ab306cb39,f13daf4d7315a1a1aa3bae350000003c40a839200320a000091c0000fb03010000000000ffffffff
1746,4209,50431,-0.013321416,2.008328449,1.654438833,0.090925909,2.218844274,-1.516356264,3.179485173,543d6b2f16c0685906cdd24b06147000000000008c73000000000000fffffeff4d2014142e1a9740,28471749c111b5af713b6a360000003c2b6c9f240320a000091cc000d9180c0301000000ffffffff
1747,4210,50432,-0.015475971,2.061662114,1.885273341,-0.007810726,2.544067518,-1.337741936,3.258926388,203dec35c7ccfa551d7a910d0308a0000724b000d02e010000000000fffffcff96254110571a413e,d93dc070931b39bad13aee320000003ca8bd687f0300000000000000ff00000000000000ffffffff
1748,4211,50433,-0.014895898,2.061918372,1.869216524,-0.053926495,2.254143793,-1.326445325,3.201675913,2e3df435e5cbf255fb39e2490308a0000724b000c13d010000000000fffffcff78215e15a21be74f,8039654d321c4f496b364f340000003cf60e44790324a00008107000f405030300000000ffffffff
1749,4212,50434,-0.015393103,2.064384854,1.881934091,0.027449398,2.317855901,-1.453336809,3.345162931,223d413698cc9555649ab10f0308b0000a1c9000b945000000000000fffffdffdc0d942fc80fc1b2,2c412a5538159da6733b63350000003c67d45b180300000000000000ff00000000000000ffffffff
1750,4213,50435,-0.004993231,2.063840306,1.926481102,-0.063870596,2.285695540,-1.270175418,3.204886767,1d3e30360bcf3058d37d506808307000050ca000b924160803010000ffffffff4c0ce82fe1107db6,90383e514a1f35387b36c2340000003c37f783740324a0000420f000fc02000000000000ffffffff
1751,4214,50436,-0.005117532,2.061469921,1.933585888,-0.064740704,2.077229779,-1.744490954,3.678593828,1a3ee6356fcf0658af693068081cc00003285000a730130f05020000ffffffff09123b3544109abb,7b38d2373605b63b7f36b02e0000003c5dcb0373080c70000c289000824816160a000000ffffffff
1752,4215,50437,-0.004288857,2.062847307,1.915823922,-0.007893594,2.275893678,-1.447937172,3.370502996,2e3e113675ce1a58ee81c06a083070000314a000be27130302010000ffffffffa70fda341e11bbb3,d73d0c508415c1a49f3b89350000003c3ca8591c0320a00009000000ff00000000000000ffffffff
1753,4216,50438,-0.004537460,2.060829276,1.924847001,-0.288524410,2.196165454,-0.801614758,2.744550636,283ed235f4ceef57a705616d081cc000032850009b2b280c05010000ffffffff8915ef26aa164236,622353460d394b5120383b370000003cc705e53c0310f0000e44d000ab38190201000000ffffffff
1754,4217,50439,-0.017879129,2.055960377,1.913266199,-0.114502643,2.274804582,-1.001827637,2.924893325,e63c3a3551ceb656e4e150520328900007202000ba39070401000000ffffffff0a0d242bf817b2bc,ca33ea4f0b2ec75bff362d360000003c2e2663380310f0000944d000ee10000000000000ffffffff
1755,4218,50440,-0.006526280,2.049521899,1.939980196,-0.277295862,2.154619650,-0.943710485,2.898281154,f83d7134c9cf5c567d6dd0150324a000021c1001ca24100000000000ffffffff2a168e26f214683e,712442413d3119451938fb350000003cb5ea137a033c400011389000d517100201000000ffffffff
1756,4219,50441,-0.017754827,2.052949347,1.910069045,-0.206319842,2.190591846,-0.986197107,2.905659968,e93cdc3424ce2057f281614d03287000082450007c66150502000000ffffffffdf113a264a186bb5,222ba545e72e994fb937f6350000003cffe642770310f00011389000e912040000000000ffffffff
1757,4220,50442,-0.007313521,2.049521899,1.925060145,-0.214067954,2.209234604,-0.888364199,2.825528638,e53d7134f7ce53569625914f0324a000021c1001db120f0201000000fffffffffc1b771c500ebb4b,672aeb474834794ce03788360000003c654232360310f0001138d000c634050000000000ffffffff
1758,4221,50443,-0.016884719,2.036773071,1.892022888,-0.041786405,2.476895929,0.464458168,1.494078062,fe3ce33226cd6b583ffa310c051c80000628c0005947372602000000fffffdffb218541fa50d8758,a53a8f68a97e97465736f33b0000003c6665a63d0d404000000000008477040000000000ffffffff
1759,4222,50444,-0.017423357,2.033409686,1.898630339,-0.279408984,2.179508694,-0.886445907,2.801183872,f13c7a3283cd8858143e720c081470000628c000a637111100000000fffffdffe21135273a106e34,3e244b446334604016387e360000003c25df14780310f0001138d000c024180101000000ffffffff
1760,4223,50445,-0.018252032,2.044332677,1.918594789,-0.207770023,2.229350845,-0.846303864,2.777555284,dd3ccf339cce2358171e5150081c50000630a000973a130a0a080000ffffffffc6139e274a0fcb3b,ff2a5f4a98365441b537eb360000003ce54633770310f0001138d000bb3e050000000000ffffffff
1761,4224,50446,-0.018293466,2.040648971,1.913479343,-0.051606204,2.468727710,0.416642956,1.557202721,dc3c5c3354ce4258fcf11051081470000c18a000b01f170c0a020000ffffffffe81c3c21e711a743,b8399067087c04376d36d53b0000003c849a057d0d404000000000008c6e040000000000ffffffff
1762,4225,50447,-0.016884719,2.047696062,1.890104596,-0.049700252,2.466037003,0.395186501,1.552696400,fe3c38340bcde7573f82220907288000050c60005d541e1b0f060000fffffeffe114b824fc119a45,e6393c67da7ad6366c36c63b0000003c5a06177f0d404000000000008c6e040000000000ffffffff
1763,4226,50448,-0.017671960,2.047952319,1.911418955,-0.086327690,2.261286980,-1.291276633,3.210527109,eb3c403437cede5761f243050720a0000314c000534840110a090000ffffffff2a168e26f2147bb5,7236444e211e5d3da4368a340000003c1577b4770324a00008107000f904010100000000ffffffff
1764,4227,50449,-0.007106353,2.055672087,1.910069045,-0.228942671,1.974758671,-1.716995431,3.634742776,ea3d313524ce2057a981614d03287000082450007c66150502000000ffffffff8915ef26aa16dbb0,0029532bb906d756d937ff2d0000003cb3fac278081cc0000a0c90008a34171614000000ffffffff
1765,4228,50450,-0.007272088,2.052661057,1.913266199,-0.082225749,2.399281833,-0.357778755,2.298566771,e63dd33451ceb656bde150520328900007202000ba39070401000000ffffffff4010212b9616bdaf,d536185f74517841ba3669390000003cf061133a043430000f380001c626130000000000ffffffff
1766,4229,50451,-0.006567714,2.052276671,1.927546820,0.491134539,2.198439742,-0.455043280,2.438402502,f73dc7341acfb456c301224b0328900007202000ae331a0302000000ffffffff74114b2a0915f7b8,e36c9a461b4cb13ab8312d390000003c569dbd34040c30010d500000d6130d0404000000ffffffff
1767,4230,50452,-0.006526280,2.055095507,1.922786613,0.507003667,2.163108191,-0.450993552,2.431092762,f83d1f35d7ce15578b31320a032870000824c0007c630e0a06000000ffffffff5e15fd215f18f53f,626e4b42544cbc283c3143390000003c1b05fe2b040c300114340000d313110504000000ffffffff
1768,4231,50453,-0.017340490,2.059035471,1.915184492,0.419081241,2.243669253,-0.368578031,2.332407515,f33c9a356cce57566bb6201303289000021c1001ea0d040301000000fffffeff97114028a01956cd,18661e4cdc508b428f3289390000003c47d5de2f0434300013500001df100b0301000000ffffffff
1769,4232,50454,-0.007147786,2.046863224,1.929891399,0.471204903,2.207056412,-0.435291974,2.418382837,e93d1e343bcff95577b96016032420000a44b000ee09040301000000ffffffffd10fcf2c7f19a0d8,026ba747314da442eb3148390000003c7a592d37040c30010d500000d9120a0604000000ffffffff
1770,4233,50455,-0.006401979,2.046895256,1.943106302,0.000144554,2.421576266,-0.054049139,2.032008507,fb3d1f34f5cffa55a3a140210324a0001108e000e414040101000000ffffffff97114028a019554b,993ed06127625a3e1d366e3a0000003cdf09e83f04340001030000007f7e020100000000ffffffff
1771,4234,50456,-0.018127731,2.061854308,1.929891399,0.276631995,2.330828954,-0.215611981,2.182295903,e03cf2353bcff955afba6016032420000a44b000ee09040301000000ffffffffdf113a264a189b39,aa58bf564559b4472c34ee390000003cc7b10a3e0434300013404001b546040000000000ffffffff
1772,4235,50457,-0.017920562,2.059131568,1.925060145,0.253014755,2.338804980,-0.193445047,2.153993364,e53c9d35f7ce53563126914f0324a000021c1001db120f0201000000ffffffff72156923db198542,7056b8577d5a374c5834fc390000003c25ee6a7d04343000104c4001a15c020000000000ffffffff
1773,4236,50458,-0.017381924,2.061790243,1.916818592,0.081396146,2.414849497,-0.205025849,2.153283952,f23cf03583cef75576de4012030890000a2c1001ef0b030200000000ffffffffe114b824fc1195b7,4246fe60da59e73e9b35f0390000003ceacdea3d043430001050f000a852050000000000ffffffff
1774,4237,50459,-0.006774883,2.060893341,1.911418955,0.158835832,2.384803264,-0.107761324,2.051690412,f23dd43537cede575ff143050720a0000314c000534840110a090000ffffffff900e7a26e61193b3,8f4d545d335f7a33e3344a3a0000003c6c390e3104340001030000008975010100000000ffffffff
1775,4238,50460,-0.006277677,2.060605051,1.928115203,0.129003529,2.400274832,-0.066269372,2.027620871,fe3dcb3522cfe25794b90208081ca0000c0c50005855201d11050000ffffffff8e1737267513adb7,bf4a375f7b614a473a35673a0000003cff65eb7c0d100001030000008775030000000000ffffffff
1776,4239,50461,-0.007064919,2.058298730,1.905237791,0.378434728,2.255425082,-0.299164268,2.246521136,eb3d8335e0cd7d579ec1f2070a0c70000814c0006849391002020000ffffffff8716f4227a16b634,43628d4dad54814ce832be390000003c8db16d360434300013500001d51f080201000000ffffffff
1777,4240,50462,-0.017381924,2.055704119,1.910282189,0.409592911,2.233290810,-0.321118058,2.278813639,f23c323527ceca56ee31305c0328700009202000bb3c060200000000fffffeffe21135273a10f9b2,3365da4a7853fb4d7732b9390000003c36690d370434300013500001dd140a0301000000ffffffff
1778,4241,50463,-0.006111942,2.063359823,1.918594789,0.073233696,2.408699309,0.057496006,1.894529960,023e21369cce2358d21d5150081c50000630a000973a130a0a080000ffffffff191c8320eb13be32,7d453e604968df459835c63a0000003c880ac87e0d10000103000000ae430e0000000000ffffffff
1779,4242,50464,-0.016843285,2.051219607,1.893372797,0.078330048,2.405047634,0.042220716,1.887065517,ff3ca63439cd6c57e67100580a0c70000814600069553c0202000000fffffeff3b10d52876133fbc,f845cc5f726734409135b93a0000003c3ec2b77f0d10000103000000ae430e0000000000ffffffff
1780,4243,50465,-0.006401979,2.057914343,1.924775953,0.385271298,2.293735630,-0.345558523,2.315909814,fb3d7735f3ce7a5764bdb2080a0c7000083090005b453a2003010000ffffffff8e1737267513f141,e86239522052da32433390390000003c8dc93e2e0434300013500001db140d0201000000ffffffff
1781,4244,50466,-0.017589092,2.050450833,1.905237791,0.394055253,2.275893678,-0.365167733,2.318408244,ed3c8e34e0cd7d571bc2f2070a0c70000814c0006849391002020000ffffffff962c1d0c511a6640,bc630c500c512f400d3382390000003c9f7d4e320434300013500000df0f0e0301000000ffffffff
1782,4245,50467,-0.014232958,2.061886340,1.829998103,0.391279192,2.240818384,-0.327938653,2.202986115,3e3df335bdc9f555cf4943460308a00007000000b449010000000000fffffbff2835f208bb181b3d,7963c54b1853cf4ebb32ac390000003c8fcdfb3b0434300013500001de130a0301000000ffffffff
1783,4246,50468,-0.013487151,2.059355794,1.767049696,0.405698138,2.247449056,-0.343427087,2.159909173,503da43547c65b56f62df4430308a00007000000c72a0d0200000000fffff9ffca24013dec46e93d,d564944c3e52582caa329d390000003cd2741d2d0434300013500001df110b0301000000ffffffff
1784,4247,50469,-0.054962338,2.081426001,-0.455824807,0.405822440,2.265194912,-0.359057617,0.505428050,67395538104ceed50d0ab24a1f74100210000000ad48090000000000ffffffffdc373a4c025d3548,d864be4e6251ac41d6328a390000003c50f13d340434300013500001df100c0301000000ffffffff
1785,4248,50470,-0.057531231,2.103207918,-0.591526226,0.482847788,2.161602676,-0.420442971,0.569814806,2939fd3a9a4414da2de2637b226c100200000000b92e180000000000ffffffff982d560cca18c73f,1b6c1c42024e1032563173390000003c3b7d0e2e040c30010d500000d7110d0504000000ffffffff
1786,4249,50471,-0.014191524,2.059291729,1.825451040,0.449742219,2.219645079,-0.422148120,2.300575949,3f3da2357dc95a56d05133460308a00007000000cd270a0200000000fffffaff5036cb11f301c635,fc683049ea4df74d313256390000003cb6294c3b040cd00013500000dd110a0502000000ffffffff
1787,4250,50472,-0.013777187,1.973413317,1.750495544,0.184359025,2.373880273,-0.139946006,1.942524387,493d292b5ec5ee59573e97000614500200000000fb03000000000000ffffffff7f37d6104601d030,f74fff5b6e5df42ac0342b3a0000003c4a4d4d3204343000104c40018e70010100000000ffffffff
1788,4251,50473,-0.013694319,1.963803648,1.738346359,0.164843726,2.382785234,-0.118844791,1.912218704,4b3dfd29b3c4045a92f666010614500200000000fd01000000000000ffffffffbf233121af1ccf69,204e155d975e0c28d734403a0000003c6685ee2a04340001030000008a74010100000000ffffffff
1789,4252,50474,-0.016138911,2.068196690,1.877387028,0.435323272,2.209490862,-0.338951072,2.266260514,103db83658cc2e559cdea2170308b00011109000b93f070000000000ffffffff5c3a5a024c0b8b3b,a067f3477d5246420a32b9390000003cfc64fe300434300013500001de120a0301000000ffffffff
1790,4253,50475,-0.013362849,2.025529757,1.694580876,0.079365892,2.413119757,-0.168507247,1.905235413,533d84314bc2e358bf0d434705187000000000009c451e0000000000fffff8ff6c3b6a04a909a040,1146c860dc5bc9419b350d3a0000003c220a7b7d043430001050f000a159040000000000ffffffff
1791,4254,50476,-0.013321416,2.020148343,1.672413942,0.107292242,2.405335924,0.005986305,1.714613133,543ddc3013c116594dc142490518700000000000a34f0d0000000000fffffaffb332bc13f705c144,b348d55f74651b387535983a0000003ce5a1cc390d100001030000009566040000000000ffffffff
1792,4255,50477,-0.014522995,2.001986067,1.790069204,0.465445612,2.205711059,-0.414901238,2.265782069,373da52e8bc77059b4fd734406148000251c0000cb34000000000000ffffffffe11461213e0fba3e,776a7d47504eac32e6316a390000003c282d5e2f040cd00013500000db10090703000000ffffffff
1793,4256,50478,-0.017589092,2.040424745,1.910566380,0.476301255,2.179124307,-0.430105480,2.396228287,ed3c55332bce4958fd51714e081c50000628c0007f33321404030000ffffffff0f2fd3148b050f4d,7d6b3f447a4d403196315e390000003c39b15e2c040c30010d500000d8120c0504000000ffffffff
1794,4257,50479,-0.014771597,1.998558619,1.811596707,0.080774640,2.413920562,-0.187548075,2.044073013,313d3a2ebac87a5915ee45010614800025000000e41a000000000000ffffffff2614d1216a10f541,3346e160d05ad33c9c35fe390000003ce6d1da3d043430001050f000a852050000000000ffffffff
1795,4258,50480,-0.017630526,2.044492838,1.912626768,-0.348106148,2.258788466,-0.466126747,2.411141854,ec3cd43348ce22584612e20a081c50000628c000664c291010040000ffffffffcc1fe415010c3238,c41df64d7f4b3043333809390000003c79a2547c040cd0000e3c1001d11b0a0503000000ffffffff
1796,4259,50481,-0.016304646,2.027932175,1.882005139,-0.474106194,2.170155282,-0.500158674,2.429920596,0c3dcf3199ccb958a1e1914c0518700008280000764a211e00000000fffffcffae242c17e4086f43,e3112743a0499d42ab38bf380000003cbd42747a043830000f341001aa25220a02000000ffffffff
1797,4260,50482,-0.016138911,2.015984153,1.864740508,-0.453057847,1.703061285,-1.634935148,3.540698883,103d5a30a6cb1859d3d5764006148000079400009453160100000000fffffeffaa1a221dfe0c7764,df13310a3c0b19a2013ac5390000003cec84b16108287000033090004c3f3f290a010000ffffffff
1798,4261,50483,-0.017216189,2.030911172,1.893585941,-0.478373870,1.753992532,-1.620299289,3.554819228,f63c2c323ccd9d5823d26308081460000728c0008840241200000000fffffcff402cf5143c08723a,7c1167100a0c39901c3a94390000003c4a45b5700a203000073090004c413e2f03020000ffffffff
1799,4262,50484,-0.015393103,2.014126283,1.827866667,-0.468471203,1.681791883,-1.599624360,3.473243536,223d20309fc92d597aa992490614800007000000916a030000000000fffffeff55310114b304394d,6b1299072d0dc7b4df39b3390000003c734cb05f0a0c800007309000543e382d05030000ffffffff
1800,4263,50485,-0.014440127,1.993433462,1.799944857,-0.490845430,1.719333658,-1.598629690,3.442731716,393d9a2d16c89659145ed6000614500208000000e619000000000000ffffffff73354c134505f745,4f102d0c3b0de9a1f13995390000003c8ff4b0520a0c8000073090005346372b03020000ffffffff
1801,4264,50486,-0.014150091,1.997757813,1.761365867,-0.452104870,1.770649293,-1.560903275,3.358698397,403d212ef7c58759b599634506145002081c0000cf30000000000000fffffffff227e916c6075843,f6136f124e0f61a0493a7d390000003c210f52350a0c80000724c0005e522d1b07010000ffffffff
1802,4265,50487,-0.015807441,2.011884027,1.847973213,-0.477959533,1.754793338,-1.556000972,3.444810652,183dda2fbaca3659def915410614800007940000bd370b0000000000fffffeff822913153d091638,86118010930f2da33a3a65390000003c981b04330a0c80000724c0005f56291a06010000ffffffff
1803,4266,50488,-0.015683140,2.017489667,1.842218336,-0.492585648,1.727758135,-1.578807336,3.466236722,1b3d893069ca0f597459324b05188000070000008177050100000000fffffeff352fcd148307ec3a,2510340d520e2bb3e43986390000003c64d4c0130a0c80000724c0005b502e2104020000ffffffff
1804,4267,50489,-0.015103067,2.010602738,1.812449281,-0.474437664,1.717315627,-1.538167958,3.394648949,293db22fc6c842598591b2490614800007940000a658020000000000ffffffff392a7b160407d243,db11ee0b8e10ddc7bf397d390000003c381840220a0c80000724c0006155241c08010000ffffffff
1805,4268,50490,-0.015517405,2.007239353,1.836321363,-0.475100604,1.764787394,-1.572981411,3.448672945,1f3d492f16ca4b59f6d5354106148000251c0000d523070000000000fffffefffc2cd21538066f4d,cb11b811a40ec198343a77390000003c8c76773e0a0c80000724c000584e332103010000ffffffff
1806,4269,50491,-0.015144501,2.002498583,1.822182838,-0.464244960,1.752583114,-1.535254996,3.396547920,283db52e4fc964590b9e950106148000251c0000e21c010000000000fffffffff9301b14b206443f,d1123b10b71090dccd395c390000003c42d8f02d0a0c80000724c0006259241708010000ffffffff
1807,4270,50492,-0.014813031,2.006246354,1.803284107,-0.487655031,1.739545996,-1.559837557,3.406654658,303d2a2f45c85959a1f992470614800007940000be41000000000000ffffffff1114973fd419a4dd,9c10a40e5d0f82ccdd3975390000003c33a0411d0a0c80000724c0005d532b1f04010000ffffffff
1808,4271,50493,-0.004247424,2.042570905,1.935362085,-0.443030878,1.775390063,-1.605450285,3.577886074,2f3e983388cfb2558611911d033810010f24b000b825140606020000ffffffff351c3b45dd1aa8f3,d1140313db0c8198423a9f390000003cec0114780a203000073090004e423d2c04030000ffffffff
1809,4272,50494,-0.004413159,2.037541844,1.919944698,-0.264285664,2.372406791,-0.242468073,2.203564668,2b3efb32afce6b557bc9f31c033810010f2c9000be1c150e01010000ffffffffc323b44e7511fcbc,ab25d15bcb57af4dda37d1390000003c29d9f53a043430000e40f000ac50020000000000ffffffff
1810,4273,50495,-0.008017895,2.094495152,1.871845295,-0.270790763,2.338004174,-0.348045198,2.248612911,d43ded390acca157966d32f60830700003289000b429150606000000ffffffff371f23259d1c0766,0e259f57fd51e442d93772390000003c89a1043c043430000e3c1001d2220a0100000000ffffffff
1811,4274,50496,-0.016718983,2.067748238,1.890886122,-0.273359656,2.335345499,-0.300016842,2.222055024,023daa3616cd36559b46e2180308b00011389000cc240d0200000000ffffffff741b8449b311f0d3,d0244c57a154c833ea379c390000003c78cab47b043430000e3c1001d123090100000000ffffffff
1812,4275,50497,-0.004371725,2.109838590,1.893870133,-0.260183722,2.332814953,-0.227334878,2.148178050,2c3ecc3b40cd9f575d0851ee083070000a0c9000a928210904000000ffffffffbe178b44fd1154bd,0e26fd56a058e943fe37e9390000003c346d9337043430000e40f000a855020000000000ffffffff
1813,4276,50498,-0.003708785,2.110831590,1.903887881,-0.062006077,2.446465310,-0.143001064,2.075042873,3c3eeb3bcdcd9857640480df081cc0000a0c90009832211005000000ffffffff8d18b7446f1151aa,bd38d964435dc33a7436273a0000003ca4bac57c043400010338f0008379020100000000ffffffff
1814,4277,50499,-0.004123122,2.111023783,1.901472254,-0.067516766,2.423466167,-0.092699177,2.019494663,323ef13babcdb857208432da083070000a0c9000b5251c0702000000ffffffff61260251b11157b2,38380b6207600d4c91364f3a0000003c7939a2330434000103000000807d020100000000ffffffff
1815,4278,50500,0.000061687,2.058843278,1.858772488,-0.061011666,2.447554405,-0.104208931,2.002029557,973e943552cb8e57ee0d93780830700003289000ad221c0a0a000000ffffffff171cc647361198bb,d538fb64655f2f466d36423a0000003c5e71653c0434000103000000807d020100000000ffffffff
1816,4279,50501,-0.004578894,2.110415170,1.892022888,-0.077792337,2.422825523,-0.287086131,2.202606763,273ede3b26cdbf573ef834ed083070000a0c9000b72b170502000000ffffffff291ef14b6a1116bd,4037f76157557e309b36a8390000003cc47e616d04343000103ce000ab4e060000000000ffffffff
1817,4280,50502,-0.001139892,2.059483923,1.886623250,-0.266771689,2.284125961,-0.570709202,2.481835425,7a3ea835daccaa57e3494171083070000a0c9000b22c170604000000ffffffff6f25c351f910fcd7,6f250d51bf45633cdc37a9380000003c468e747c040cf0000e341001ab43090503000000ffffffff
1818,4281,50503,0.000061687,2.061021470,1.860761828,-0.072944588,2.429968710,-0.232024037,2.126312456,973ed8356ecbc857be4263330830700003289000c4240e0504000000ffffffff993c1b623f5228e1,b537d6625e58594f9136d7390000003c53bd912f04343000103ce000a852050000000000ffffffff
1819,4282,50504,-0.072737419,2.094687345,-0.685380454,-0.071121502,2.446144987,-0.287725562,0.530711314,ba37f339713f8ad8100af5021f84d00122000000e716020100000000ffffffff413ae060e85078e0,e137cf644e55aa347a36ae390000003cf6ea847804343000103ce000aa4e070000000000ffffffff
1820,4283,50505,-0.073814696,2.096160828,-0.631384077,-0.072613118,2.451942821,-0.264350815,0.511170898,a037213a69425bd8a60954081f84d00122000000e11c010100000000ffffffffe436b462cc50f0d1,bd378465975600337536bd390000003cf3a9f47c04343000103ce000a851050000000000ffffffff
1821,4284,50506,-0.072323081,2.096449118,-0.581863717,-0.008970871,2.421031718,0.099982629,0.757813833,c4372a3a224557d82a5a60211f84d00122000000e419010100000000ffffffffd83faf614352b8e1,bd3dbf619f6a033e2e36e23a0000003c4202777f0d10000103000000ab460e0000000000ffffffff
1822,4285,50507,-0.073731829,2.094463119,-1.839268804,-0.032380942,2.414304949,0.075826355,1.942060287,a237ec3900008ad8b8fd77001f84d00122000000e616020100000000ffffffffd83fc85db45058e7,883bed604b696e3d5a36d03a0000003cb8d9563f0d10000103000000ac450e0000000000ffffffff
1823,4286,50508,-0.076673626,2.096064731,-1.839268804,-0.075513480,2.405367957,0.025382372,1.890130641,5b371e3a000053d8240128051f84d00122000000d527010100000000ffffffff533c6663955370d2,7737d65f8566f443a436ac3a0000003ce9eda63f0d10000103000000ad450e0000000000ffffffff
1824,4287,50509,-0.070707165,2.093726378,-0.675362705,-0.107044567,2.405528118,-0.019661973,0.726969175,eb37d539fe3fb9d8207b401f1f84d00122000000ee0f020000000000ffffffff0e2f325f164e78d5,7e34db5f0b64e33dd036883a0000003cddc1033b0d10000103000000906b030000000000ffffffff
1825,4288,50510,-0.073358925,2.099716405,-0.515007677,-0.154030444,2.386212682,-0.201473456,0.432309749,ab37903acf48f0d78d8d10271f84d00122000000d42a010000000000ffffffff8f0c4f31881302c1,1030805d0c5a1e432a37f3390000003c9f81b53d043430001038f000a753050000000000ffffffff
1826,4289,50511,-0.005283267,2.056921344,1.934580558,-0.166874908,2.400947509,-0.229182123,2.196892077,163e58357dcf63577c11d0630a0c8000073090004f47323103030000ffffffff4d0cb82df114ffb7,da2e4c5f865835493037d9390000003c7b19a63d043430001038f000a852050000000000ffffffff
1827,4290,50512,-0.005904774,2.054871281,1.936427803,-0.195795668,2.386436908,-0.380798263,2.348516757,073e183597cf16578715e10f032880000724c00077610e0d0c000000ffffffff8027a2532d4c9f4e,202c875d30505341483756390000003c311aa57d043430000e3c1001cf220d0000000000ffffffff
1828,4291,50513,-0.060555895,2.086999609,-0.477352309,-0.199151802,2.313371388,-0.690069613,0.340149465,e0380339e14a64d7f9bd72371f84d00122000000bd3f030000000000ffffffffd51f5232d61b835f,cf2b9e542f3f9339753725380000003c0d86637a040cf0000d3810018477030100000000ffffffff
1829,4292,50514,-0.018210599,2.067844335,1.906019317,-0.383739176,2.252862503,-0.404315106,2.346377636,de3cad36ebcd4f55033eb127032c10010e08f000cc14130a02000000ffffffff671422540f1b2acf,681a3d4de54e8c3755383f390000003c95ca0172043430000e3c1001db0e0d0702000000ffffffff
1830,4293,50515,-0.002051435,2.038566876,1.910069045,-0.092211283,2.411838467,0.005062683,1.943324399,643e1b3324ce9f55406240250344f0000e244000ac211b1600000000ffffffff6639480e1c002633,e435a06067656549b6369a3a0000003ce8fda63f0d100001030000009861060000000000ffffffff
1831,4294,50516,-0.013570018,1.943270987,1.712129698,-0.084960376,2.407738342,0.023037793,1.753242131,4e3d7c2742c32b5a1aa356050694500000000000fe00000000000000ffffffffb33ba50d16001c41,9336206064664748b036a93a0000003cba89a83f0d10000103000000ab470d0000000000ffffffff
1832,4295,50517,-0.013362849,1.941188892,1.665024964,-0.227658225,2.329835955,-0.627547493,2.335135439,533d3b27abc02b5a287b76060614500200000000ff00000000000000ffffffff1a13b147bc1537b8,1f29a0569f422f3f883766380000003c508e337a040cd0000f381001a652040200000000ffffffff
1833,4296,50518,-0.002672941,2.051571962,1.918736885,-0.200311947,2.329291407,-0.549536939,2.491699206,553eb1349ecebe569b4d217003289000081c100193481e0401000000ffffffff322b4b557e117cc6,b32b8f56e946242a6a37b6380000003cf5dad373040cd0000f381001ad4c040200000000ffffffff
1834,4297,50519,0.000931796,2.059259697,1.833266305,-0.211416193,2.353956225,-0.532769643,2.393755171,ac3ea135ebc990571a66e3390830700003289000ad201c0c09000000ffffffffc323b44e75113bb7,a72a9159d547da335f37ce380000003c2aa76373040cd0000f381001af48050200000000ffffffff
1835,4298,50520,-0.000394084,2.059355794,1.871845295,-0.192232365,2.358056351,-0.420229827,2.319403439,8c3ea4350acca157c36d32760830700003289000b429150606000000ffffffff9b1d1563f73f2b56,762c115a054efa32553733390000003cda3ae579040cd0000f381001c922130100000000ffffffff
1836,4299,50521,-0.062793318,2.073257782,-0.439696942,-0.159582567,2.365167506,-0.410354174,0.308934368,aa385637f34cd1d360f6e02c1d40f0010d000000ad381a0000000000ffffffff091eeb57a545854d,8a2fef5a904e01392c3738390000003c6f72177f040cd0000f381001c720170000000000ffffffff
1837,4300,50522,-0.060970233,2.080785357,-0.442254665,-0.142636162,2.378172592,-0.282539068,0.347300394,d6384138cf4c89d533ee202e1f741002100000009766010000000000ffffffff5d61721ff213fe37,2331855c9755803a1137a9390000003c8016a77e04343000103ce000b244090000000000ffffffff
1838,4301,50523,-0.008846570,2.050803188,-0.440620564,-0.118977488,2.386533005,-0.288649184,0.384627910,c03d9934e64c6c572986fc050a0c70000520600069563d0202000000ffffffff125f271d3414fc2f,5e338a5d4155a63ff036a4390000003c0fba247d04343000103ce000b243090000000000ffffffff
1839,4302,50524,-0.009178040,2.051219607,-0.446659632,-0.607730050,1.944616341,-0.536179940,0.614526363,b83da634914c605778e6ae130a0c700005206000645e3a0101000000ffffffff536a27210f18e234,4a05a627a5471f5aad397c380000003c1a914a3c0e101001033c2001b63a080502000000ffffffff
1840,4303,50525,-0.008142196,2.058138569,-0.411704084,-0.635780702,1.967935805,-0.568577766,0.653204397,d13d7e357d4e6e5696f2de2f03289000021c8000e00e0d0201000000ffffffffde623e194f18eb53,a5027e2add45675cb4394d380000003ca2a9273f0e103000113c2001d819060403000000ffffffff
1841,4304,50526,-0.009136607,2.058298730,-0.433657873,-0.150508575,2.387333810,-0.094333278,0.493347037,b93d8335484d6a56b6d98b450308a00007240000e50d090202000000ffffffffa45a6118891c2818,6530a35df05f854b4f37543a0000003c4efdb02b043400010338f0008876010000000000ffffffff
1842,4305,50527,-0.009882414,2.067171658,-0.457885195,-0.145412223,2.392234742,-0.082255141,0.514909968,a73d9836f34b3455e6629d1c0308400009280000a658000000000000ffffffff7f4a140bca1c7c34,e0303c5e9a60b43637375d3a0000003cb4c1033b043400010338f0008678010000000000ffffffff
1843,4306,50528,-0.011746933,2.067075561,-0.567441000,-0.049865987,2.419077752,0.186447879,0.832890777,7a3d9536ed4538550d6b0b09020c40000a0000009569000000000000fffffdff215a3e31c51c4356,e2398261606f42358936273b0000003c39aa257e0d40400000000000ae321f0000000000ffffffff
1844,4307,50529,-0.007810726,2.069926430,-0.437139219,-0.148644056,2.378204625,-0.326304552,0.356586308,d93dee36174df354d429af570308300114709000ee08030202010000ffffffff2b676d46dc1a6993,9230865c2f53003f143783390000003cf54d153e043430000f380001c726120000000000ffffffff
1845,4308,50530,0.012077476,2.040648971,-0.408151691,-0.121919285,2.384803264,-0.307334772,0.382833333,b93f5c33af4e6b550a5d0c1c034c40011624c001cb21090504010000ffffffff156c9056eb1a61b2,1733545d3a548640f33693390000003cec1dc53d043430000f380001c22c100000000000ffffffff
1846,4309,50531,0.009715752,2.040520842,-0.418027344,-0.124612479,2.374937337,-0.419732492,0.360390584,803f5833244e9f55349a7f26034c400116109000d21b080603010000ffffffff7552ee20431db352,d632205c0c4e3f40fd362f390000003c35be757e040cd0000f381001c622160000000000ffffffff
1847,4310,50532,-0.009965282,2.071367880,-0.506055646,-0.151378684,2.359561866,-0.446304393,0.326532902,a53d1b374d49cc549795ee5103084000090000009b64000000000000ffffffffa06ba03f2c1a31a5,5030405a964c033e273716390000003c32ca857e040cd0000f381001c62a0e0100000000ffffffff
1848,4311,50533,0.012491813,2.045453805,-0.389110863,-0.361447817,2.263753462,-0.500016578,0.446973897,c33ff233bb4fa255f8e8fd16034c40010958c001be250c0b03030000ffffffff1c53281f161dd80e,821c914ea249e3403c38e5380000003cd4e6d47a040cf0000e341001b537080605000000ffffffff
1849,4312,50534,-0.009965282,2.071015526,-0.500727057,-0.606238435,2.012556704,-0.422929646,0.604161853,a53d10379849cf54bd3afc1c0308400009000000a956000000000000ffffffffb541560d0b00993b,6e05ef2fdf4dfb4a5839fb380000003c88910029043830001134f000aa46060503020000ffffffff
1850,4313,50535,-0.012907078,1.938978668,-0.744350180,-0.041206332,2.422409104,-0.018312064,0.872718271,5e3df626333c2d5a2c4f38060614500200000000ff00000000000000ffffffff47591f2c461d576a,b33aea611e645e3566368b3a0000003c07ffa67a0d100001030000008e6b060000000000ffffffff
1851,4314,50536,-0.008432233,2.070919429,-0.449288403,-0.018459201,2.420134815,0.052806847,0.611679301,ca3d0d376c4ccc541911ec550308c00104503001e516010101010000ffffffff016725514b1bc8ca,d83ca3610768fc3a3f36bd3a0000003c85213c3a0d10000103000000ab470e0000000000ffffffff
1852,4315,50537,0.010751595,2.038534843,-0.426695183,-0.032836714,2.420711396,0.064103458,0.623572100,993f1a33aa4d7755a0b23f5b034c400116109000cd1f0a0602010000ffffffff385c0b391b1c2f67,7d3bb561a668d23d5a36c63a0000003ce5a8a73a0d10000103000000ac450e0000000000ffffffff
1853,4316,50538,-0.007064919,2.068484980,-0.422787550,-0.057158327,2.419814493,-0.007796980,0.546039330,eb3dc136e14d2255fe301b51034c400109702000e70a050403020000ffffffffbf5e60181017d54b,32399961b2644c388136933a0000003c8e92a2750d100001030000009a5d090000000000ffffffff
1854,4317,50539,-0.009468077,2.056056474,-0.445664962,-0.290264627,2.287809668,-0.541437482,0.376468619,b13d3d359f4cb756be891e4f0328700002245000b63a0a0501000000fffffeffb05b3a1342177d4d,382380515b47e02f0138bf380000003cff6a5476040cf0000e341001b13c080504000000ffffffff
1855,4318,50540,-0.010089583,2.056665086,-0.454048610,-0.118687452,2.398352898,-0.079484274,0.518500241,a23d5035294cb5568ac12d4c0328200007245000bd2f0b0700000000fffffdff9b68e91f3c18a80e,6533fb5ec1604038fc365a3a0000003c05d2967f0d10000103380000807d020100000000ffffffff
1856,4319,50541,-0.008307931,2.058426859,-0.416677434,-0.154651950,2.389896389,-0.105274649,0.477765964,cd3d8735374e6456c5a2eb1803289000021c8000e50c0a0301000000ffffffff3163f71f2a141c2f,0130f35d565f483a52374a3a0000003c8699433a043400010338f0008876010000000000ffffffff
1857,4320,50542,-0.008680835,2.051187575,-0.435647214,-0.184277085,2.354468741,-0.467334561,0.351877247,c43da5342c4d5d579756ce100a0c7000081490006a5a380101000000ffffffff1e48f80c77151149,362da1596e4bc346503702390000003c7119963d040cd0000f381001c52b0d0100000000ffffffff
1858,4321,50543,-0.011871234,2.053269670,-0.587334402,-0.032298075,2.414945594,0.100906251,0.777754413,773de634d5442c575d95ab4503287000021460009238330200000000fffff9ffd245df0fee12cf48,8a3b0161ac6a83395b36e23a0000003ca162277e0d10000103000000ad440e0000000000ffffffff
1859,4322,50544,-0.012078403,2.048721093,-0.623071477,-0.133686471,2.339894076,-0.599412539,0.316433205,723d5834de42cb579bad3c4707283000051820006350400a02000000fffffaff494054096115433e,fb31da572b444139233783380000003c7e16857c040cd0000f381001ab4e040200000000ffffffff
1860,4323,50545,-0.012658476,2.053461863,-0.892129736,-0.226415212,2.302064011,-0.567014713,0.461730168,643dec3413343857e9bc484503287000021460009c362b0300000000fffff9ff784abe1285122846,3d293d53f3451a3ca037a6380000003ced11d43b040cd0000f381001ac4c040201000000ffffffff
1861,4324,50546,-0.011498330,2.047984352,-0.564243846,-0.241828569,2.302480430,-0.593089279,0.344459477,803d41341a46dd57e731ec440728500003188000754f1e1707000000fffffbff574bc71342124445,c9274a5384442138b03789380000003cc3edb238040cd0000f381001ab4d040301000000ffffffff
1862,4325,50547,-0.011249728,2.047631997,-0.555149720,-0.201182056,2.318048094,-0.566730522,0.330655818,863d36349a46eb57fe5dde4c0728500003188000784e211008000000fffffbffd850c4168012e54a,9e2b3055f745003b7637a3380000003c2496737a040cd0000f381001ac4c040200000000ffffffff
1863,4326,50548,-0.010669655,2.047952319,-0.513586720,-0.247214957,2.263465172,-0.677707284,0.359631796,943d4034e348d457ab59eb430728500003188000715a1d1007000000fffffdff554b1312ca109538,4727884edd3f6432ea3738380000003c4e6632750310f0000e3410017873100301010000ffffffff
1864,4327,50549,-0.011291162,2.044396742,-0.555220768,-0.237850928,2.279801610,-0.653195771,0.341092189,853dd13399462558810ebe0c0714a000060c80007d392e1704000000fffff9ff746fa6421a15b2c1,292886503641842ecd374f380000003c4dfea172040cf0000d3810018d68070201000000ffffffff
1865,4328,50550,0.011041632,2.054358766,-0.404101962,-0.131614783,2.356294578,-0.515505012,0.352032281,a03f0835e84eef5682f13f630a0c90000720c0006d69170a08000000ffffffff7e547c557d1195ba,2d32da59c848363c0a37d9380000003c53be257e040cd0000f381001c1310c0100000000ffffffff
1866,4329,50551,0.006483919,2.059708148,-0.494830084,-0.149182695,2.351105357,-0.514865581,0.330977112,323faf35eb499057eea10c3a0830700003289000a9201e0d0b000000ffffffffd83fde5a8b1012bf,85303859d148e73b1d37da380000003c6922077f040cd0000f381001c0330b0100000000ffffffff
1867,4330,50552,0.003666423,2.062526985,-1.839268804,-0.144169211,2.367153505,-0.379022067,1.498990735,ee3e07360000cf57cafe573d0830300007280000ad30170a02000000ffffffffb9661c2225156d4a,fe302d5b4950b83b0f3752390000003c555a677f043430000f380001c725130000000000ffffffff
1868,4331,50553,-0.008266498,2.052917315,-0.425416321,-0.118190247,2.376731142,-0.386837331,0.344132189,ce3ddb34bc4d1d57e9dd7e5003287000092050008264140301000000ffffffff5b62f849ce108db3,7133585cdb4f0b41f5364e390000003c4b72f57d043430000f380001c725130000000000ffffffff
1869,4332,50554,0.008845643,2.062174630,-0.441188947,-0.447257121,2.199688999,-0.458666721,0.476702638,6b3ffc35de4ce35712560f2b083070000a0c9000c12c0d0302000000ffffffff79677e41c01046bc,6b14c146e84b3a439e38ef380000003ca74af47a043830000f341001b4201e0804000000ffffffff
1870,4333,50555,0.010088655,2.062623081,-0.428045092,-0.389664203,2.241619190,-0.449714691,0.438533381,893f0a36974df857ae491f6d083070000a0c9000d11a0f0301000000ffffffff6e47465abb104fb5,d919de4b664c0b495c380d390000003c96526379040cd0000e3c1001d8100a0a03000000ffffffff
1871,4334,50556,0.004702267,2.062046501,-0.597920534,-0.423101243,2.168521638,-0.612343250,0.441090481,073ff8354044c557a686493d0830300007289000b02b150c03000000ffffffffd73f8413f51de03f,b216f4427543734b84384b380000003c7e16457d0310e0000f44d0006d5b1d1801010000ffffffff
1872,4335,50557,-0.012575608,2.071688203,-1.839268804,-0.311685878,2.316126160,-0.323746829,1.563976894,663d25370000ec5420e21700020c400000000000c03e000000000000fffffeffa7549355f31003b3,3321f4545353f63113388c390000003c5c56667e043430000e3c1001cd2a070100000000ffffffff
1873,4336,50558,0.006442485,2.061598050,-0.496251041,-0.290098892,2.319841899,-0.357707707,0.416918372,313fea35d749c15766f64b3a0830700003289000be24100805000000ffffffff2848b80fa81d3426,3c2368557551213c02386c390000003cbe998237043430000e3c1001d2220a0100000000ffffffff
1874,4337,50559,-0.011829801,2.069766269,-0.591739370,-0.271660872,2.337587755,-0.323888924,0.459330377,783de9369744f4548b131b15020c400000000000a757010000000000fffffeff3e5ad051f910eda6,f924925751539c3be13787390000003cf1d5547d043430000e3c1001d2220a0100000000ffffffff
1875,4338,50560,0.007312594,2.061598050,-0.467334561,-0.082101447,2.422345039,-0.260087943,0.425540153,463fea356e4bc857acca8c330830700003289000c3240f0504000000ffffffff2770103f9313c1c7,d836e861d356c344a836bf390000003c1c9e302c04343000103ce000a852050000000000ffffffff
1876,4339,50561,0.011000198,2.056985409,-0.402823101,-0.034991269,2.439129929,-0.232237181,0.421009745,9f3f5a35fa4e49577dbdbf650a0c700008309000603f381d07030000ffffffff05558c0be50c7e33,493bf4635b5808425136d6390000003cb6cdaa3d04343000103ce000a950060000000000ffffffff
1877,4340,50562,-0.010835390,2.030398657,-0.491917121,-0.041827838,2.442397216,0.022611505,0.659881090,903d1c32144aa65831eeba02051870000a2000009a3f250000000000fffff7ff7f5ab210980b7825,a43a5a645e66ab496336a83a0000003c0a4ed77f0d10000103000000ac460e0000000000ffffffff
1878,4341,50563,-0.010131017,2.025914144,-0.463355880,-0.032836714,2.432435192,-0.262645666,0.453937772,a13d9031a64bc8585f761e1405187000080000009458100300000000fffffbffe14f3f08b80cb93f,7d3b2363af568c3b4436ba390000003c337e4a7e04343000103ce000a950060000000000ffffffff
1879,4342,50564,-0.011374029,2.029854109,-0.518773214,-0.464244960,1.752583114,-1.535254996,1.146824528,833d0b329a48b0580c666d08051870000a200000973e2a0000000000fffff7fff25a0c10840c113e,d1123b10b71031a94e3a62390000003ca6dbe02d0a0c80000724c0006259241708010000ffffffff
1880,4343,50565,-0.010172450,2.029117367,-0.461011301,-0.477959533,1.754793338,-1.556000972,1.221916858,a03df431c74bad58fdad6e0e05187000082800009149220200000000fffffaffa34c39060e0dc837,86118010930fa816e03961390000003c861804330a0c80000724c0005f56291a06010000ffffffff
1881,4344,50566,-0.011746933,2.030751011,-0.541721674,-0.359127526,2.147316301,-0.890424587,0.505820586,7a3d27325747a758ec01ff10051870000a0000009339330000000000fffff6ff27589d0df10c633e,ba1c5e402b34eb3e4a383e360000003c67cfb776033c40001138d000df11090303000000ffffffff
1882,4345,50567,-0.010545354,2.030366624,-0.475576113,-0.140191570,2.211028409,-1.304846775,0.858566627,973d1b32fa4aa25821c26f1805187000082800009840260000000000fffff8ff324dc44e1865bd49,5e312348621d43542b373f340000003c4cf6977f0324a000081c4000ee0b050100000000ffffffff
1883,4346,50568,-0.043153719,2.111087847,-0.530425063,-0.470832927,1.765460071,-1.372839580,1.005997159,843af33bf6473cdb6332da7d1b88a00121640000db1d070000000000ffffffffd83fe250ff63e244,3212cd11a51992366d3927310000003cae4ac0570324a0001120f000b8281d0100000000ffffffff
1884,4347,50569,-0.041164898,2.109806558,-1.839268804,-0.226580947,2.179508694,-1.243035134,0.628277079,b43acb3b00000edb4bfe977f1b88a00121000000c835020000000000ffffffffd83f35512565a845,39294b44c8201754e53778340000003c6a4612360324a00004201001f309020000000000ffffffff
1885,4348,50570,-0.040957730,2.110991751,-1.839268804,-0.162607231,2.212533924,-1.269251795,0.591632322,b93af03b00003bdb13fef77f1b88a00121640000da1f050000000000ffffffffe746b5501b658d45,412f5248571fcb525e376e340000003c4fa9d93d0324a00008101001f408020000000000ffffffff
1886,4349,50571,-0.042076441,2.111023783,-0.600407209,-0.150591443,2.139212146,-1.439624572,0.846673415,9e3af13b1d443adb352e7a7e1b88a00121640000dc1d060000000000ffffffffd83f013a3d64733f,6330613ff915b3513d37ca320000003ce33ae57b03289000081c0000c5210f0702000000ffffffff
1887,4350,50572,-0.049534517,2.109582332,1.189501614,-0.207977192,2.213719117,-1.319624730,2.516279707,ea39c43b86a622db3efe47001b88a00121640000b9320f0500000000ffffffffd83f18790c4ce77f,fa2a7748921cddbaaa3ba9390000003c3c9801670324a00008101001f10a030000000000ffffffff
1888,4351,50573,-0.109116255,2.009065191,-1.839268804,-0.229398443,2.141070016,-1.294686930,0.573116476,4c34822f000078d7e6fd37221d00000000000000ff00000000000000ffffffffd83f5b2d22447443,f5289b3ff11d64d5843bc8390000003ca214b2730324a00008447000e70f080100000000ffffffff
1889,4352,50574,-0.048830143,2.078927487,-1.839268804,-0.129998867,2.216121534,-1.304065248,0.558438371,fb390738000055d50efe07001d7c100210000000827b010000000000ffffffff6a4e7a348a449e40,5432c2486d1dd34d153748340000003cece2a3790324a00008107000f00a050100000000ffffffff
1890,4353,50575,-0.045556876,2.079247809,-0.518915310,-0.165051823,2.145906883,-1.432448738,0.923723876,4a3a1138984856d512125d071f74100210000000837a020000000000fffffffffc46874d6561073f,062f32405e16d94b6437d6320000003c0e6b647903289000081c0000cd1c100501000000ffffffff
1891,4354,50576,-0.042325043,2.107308044,-0.599128347,-0.209841711,2.148405397,-1.337031457,0.757794052,983a7d3b2f44b1da3a9e5b7c226c10021a0000008d72000000000000ffffffffa74e524a63610b41,cd2a80409d1bd53db637cd330000003c980b226c0324a000081c1001e3110b0100000000ffffffff
1892,4355,50577,-0.043775225,2.107211947,-0.522822942,-0.186763110,2.198503807,-1.243319325,0.740199147,753a7a3b6148b2da695a2d77226c10021a0000008679000000000000ffffffff7556c712b51cf81d,fa2c9c46c420d753943789340000003c34ca443d0324a00004201001f409020000000000ffffffff
1893,4356,50578,-0.010545354,2.067011497,-0.483107186,-0.229398443,2.141070016,-1.294686930,0.843826415,973d9336904a3755eee65c1403084000092800008b74000000000000fffffeff474d111c3a1d782c,f5289b3ff11d5753e73712340000003c5117c2730324a00008447000e70f080100000000ffffffff
1894,4357,50579,-0.010669655,2.071656171,-0.538666616,-0.203585214,2.193570843,-1.238772262,0.736360996,943d24378247d754cdfa4d11020c4000090000008777000000000000fffffffff45a1531d41caf6d,642b02460421835abf378a340000003cec79a43b0324a00004201001f409020000000000ffffffff
1895,4358,50580,-0.007769293,2.070054559,-0.435434070,-0.158380988,2.164613706,-1.382644185,0.963759471,da3df2362f4df254d958e9520308300114709000ed08040302010000ffffffff7b70354db119fdaf,a72f7a421b199d4a663770330000003c143b037703289000081c1001dc11100200000000ffffffff
1896,4359,50581,0.010875897,2.044492838,-0.403107292,-0.138658521,2.193795069,-1.358772103,0.978747633,9c3fd433f64eba5506b22f23034c400116244000bb2b0c0705010000ffffffffeb50b80eac1c4024,833109466b1add4c2237e9330000003c0a47647903289000081c4000e30d0c0400000000ffffffff
1897,4360,50582,-0.011166860,2.067075561,-0.515220821,-0.234867698,2.165766866,-1.263852158,0.787547406,883d9536cc483a55fd5a5c0f020c40000a000000857a000000000000fffffdff066e2450a71a319d,71289e42a31fa746f8374e340000003c420bd16d0324a00008101001f30a020000000000ffffffff
1898,4361,50583,0.010751595,2.041161486,-0.414688094,-0.420698085,2.060444890,-1.474011738,1.143978697,993f6c33534e9055cca50e1e034c400116244000c0270d0802010000ffffffffa7537c552d123abd,ec16c6351514280b9339c6390000003c2881737103289000081c1001d21b0d0401000000ffffffff
1899,4362,50584,0.006442485,2.058106537,-0.498879812,-0.174208682,2.167528639,-1.356285428,0.883035917,313f7d35b2496857bf292c7b081ca00003309000773b1c1918000000ffffffff3e594c51b0111ace,292ed5428e1a9e387637b6330000003c78bfa37003289000081c1001dd10100200000000ffffffff
1900,4363,50585,0.007354028,2.059419858,-0.469323901,-0.147525345,2.197799098,-1.339731276,0.894843803,473fa635524b8e57ce81b87f083070000a0c9000aa221d0b0b000000ffffffff254e2658d71059b3,ad308646771b054c353709340000003c2d43d7790324a000081c4000ed0b060100000000ffffffff
1901,4364,50586,0.005613810,2.061790243,-0.529501441,-0.059437184,2.220798240,-1.410139708,0.897239618,1d3ff0350348c257761afb3b0830700003289000b9280d0d04000000ffffffff455db42de51bc81d,fb3854499817a75089368e330000003cc30ad47a0320a000091c4000e00e0a0700000000ffffffff
1902,4365,50587,-0.007852160,2.067684174,-0.429181858,-0.166709173,2.225058526,-1.329926671,0.928085909,d83da836874d3c5531beae23030830011424c001e90a040303020000ffffffffda5bec4e7411dbc7,de2ed949011c50c4ce3ba1390000003cb9984b750324a00008101001f00a040100000000ffffffff
1903,4366,50588,0.007809799,2.059996438,-0.456251094,-0.034411196,2.432563321,-0.120407844,0.503368040,523fb8350a4ca157af8d1d76083070000a0c9000b229160707000000ffffffff265f574ff61059a6,573b2763815e6a3f4836363a0000003cf60d8c3b04340001030000007f7d020100000000ffffffff
1904,4367,50589,0.007975534,2.061758211,-0.449501547,-0.036027113,2.435350125,-0.148755941,0.481617141,563fef35694cce57b25e8d300830700003289000c3260e0404000000ffffffff936da4585a1c78e6,303b7e63f25c5b4050361f3a0000003c6ea66a7d04340001033ce0008478020100000000ffffffff
1905,4368,50590,0.009011378,2.035780071,-0.422290215,-0.019950816,2.417572237,-0.019519878,0.555722963,6f3fc432e84d6b55b24d6d6e034c400014589000c228080705000000ffffffff115e9919ba153d4f,b43c53610d64f93b4136873a0000003c1eb6c87f0d100001030000009266070000000000ffffffff
1906,4369,50591,-0.009468077,2.053878282,-0.448435829,-0.056661122,2.431954709,-0.159413121,0.478229123,b13df934784c0857b61d5f540328700002245000965b0d0100000000fffffeff285c0819e615bc25,3e3914635c5c2e376e36193a0000003c314b467804343000103ce000906b030100000000ffffffff
1907,4370,50592,-0.009633812,2.054006411,-0.453480227,-0.045349707,2.419173848,-0.067335090,0.532664012,ad3dfd34314cfd56e46a1d12032870000224500099580d0100000000fffffeff5a4e270eb215e020,4f3a85616c61be456b36643a0000003c7df1863e04340001030000007f7d020100000000ffffffff
1908,4371,50593,-0.011374029,2.053846250,-0.525096474,-0.105594386,2.407353955,-0.060798686,0.591115563,833df83441481e5712b1b943031ca000021460009338320200000000fffffaff3e63bf472c1ba8de,a1341460c861623ddc366a3a0000003c3612c67e0d100001030000008775030000000000ffffffff
1909,4372,50594,0.012077476,2.038470779,-0.418666774,-0.065362211,2.414144788,-0.050496746,0.531673806,b93f18331b4e61553602f3b4034c40011624c001d51a070404010000ffffffffd665b51c8818dc40,6c38e8605962383e9536713a0000003cd111a73f0d100001030000007e7e020100000000ffffffff
1910,4373,50595,-0.008722269,2.058811246,-0.424847938,-0.089062318,2.412575209,-0.054617522,0.518337753,c33d9335c44d56563b3a6f120308a000091c8000e70a070502000000ffffffff866ac155ad1bccdc,3036b7601f62c93ebe366f3a0000003cff5d467f0d100001030000008479020000000000ffffffff
1911,4374,50596,0.009922920,2.037862167,-0.425203178,-0.089186619,2.408411019,-0.087867922,0.510807427,853f0533bf4d77559f1abf67034c400116109000cc20080604000000ffffffffd83fc10b9c054b3e,2d3635604b60303ec136543a0000003c2e0e857d0434000103000000807d020100000000ffffffff
1912,4375,50597,-0.012907078,2.002114196,-1.839268804,-0.040211922,2.415906561,-0.030816488,1.855389300,5e3da92e00008559190178430614700000000000ad52000000000000fffffeffa8590210a41b7032,cb3a1f616e63b03d67367f3a0000003c28c2767f0d10000103000000817a030100000000ffffffff
1913,4376,50598,-0.010421053,2.064128596,-0.463071689,-0.141683186,2.165702802,-1.403390161,0.954853861,9a3d3936aa4b975568321e0e0308a000091c4000a55a000000000000fffffeff4e4903196a1d4c38,3a319c42f7178b503d374c330000003cd422727503289000081c1001d9130e0401000000ffffffff
1914,4377,50599,-0.011249728,2.071752267,-0.584492488,-0.070748599,2.428623357,-0.149182228,0.566031900,863d2737fd44e654e29aed0c020c400000000000aa55000000000000ffffffff534fa619731df80b,ea37ac62ec5c9e358e36213a0000003c97ba4171043430001038f0008874020100000000ffffffff
1915,4378,50600,-0.010669655,2.070855365,-0.524030756,0.614648560,1.974182091,-0.661650467,0.647539788,943d0b375048d35425cba9240308400009000000817e000000000000ffffffffad453814e01da0e2,8878412bbf40a53be12a2c380000003cfcb11a3e1310300014585001c323100900000000ffffffff
1916,4379,50601,-0.011871234,2.071624138,-0.631597221,-0.476509351,1.696174355,-1.557777169,1.102116335,773d23376642ea54a8c69332020c400000000000b748000000000000fffffeff88568327101d3d41,a9115a097a0fb5bdc83998390000003c3804101e0a0c80000724c0005f50282006020000ffffffff
1917,4380,50602,-0.009053739,2.071047558,-0.466481986,-0.089228053,2.410685307,-0.016891107,0.569134150,bb3d11377a4bc954c6b17f57030840001c243001d627010000000000ffffffffaf58bd2b1a1d1f39,2c367c603264f443b7368b3a0000003cfd01b73f0d100001030000008e6d030000000000ffffffff
1918,4381,50603,-0.008432233,2.070631139,-0.450922504,-0.093744332,2.403734313,-0.120052604,0.477190496,ca3d0437554cdb54fcb99f18030840001c4c4001e517010101010000fffffffff453b60ba00b8242,bf35a35f865eee42cb36393a0000003c0802b43b0434000103380000807c020100000000ffffffff
1919,4382,50604,-0.010876824,2.026074305,-0.497529903,-0.052642048,2.415169819,-0.340158885,0.421788205,8f3d9531c549ce58da4d3d4805187000082800009e4c150000000000fffff9fffe639c1a1218cb58,9f3908616c524c45813678390000003cb1bd253e043430000f380001bf251b0000000000ffffffff
1920,4383,50605,-0.009012305,2.057946376,-0.430673863,-0.047628564,2.426509229,-0.189608463,0.442088588,bc3d7835724d7756d6652e510308a00007248000e40b0b0303000000ffffffff4b61541d5815fb50,183a6a62b35a6f3d6f36fd390000003cdac5a53e04343000103ce000a752050000000000ffffffff
1921,4384,50606,-0.009012305,2.053205605,-0.439910085,-0.104392807,2.397488028,-0.121615657,0.478475882,bc3de434f04c1957a731cd49032870000920500087680f0100000000ffffffff744b2a090418242c,be34e05e705e393ede36373a0000003c1cf2a67f043400010338f000827a020100000000ffffffff
1922,4385,50607,-0.011788367,2.057978408,-0.551526279,-0.019577913,2.431217967,-0.219448565,0.499643927,793d7935cd468c56f9fe78050328200007000000c81a1a0300000000fffffaff4359dc0f6f183440,bd3cfd620f5907403a36e2390000003cefe1f73f04343000103ce000a950060000000000ffffffff
1923,4386,50608,-0.010462487,2.058458891,-0.463284833,-0.182163963,2.309431424,-0.662360946,0.363455510,993d8835a74b7056cb8d9f550308a00007240000d61a0d0200000000fffffdffc64c3d0ac2179751,692d2354b540483a63373f380000003c2232067f040cf0000d3810018b6f030100000000ffffffff
1924,4387,50609,-0.011664066,2.057433860,-0.534830031,-0.210504651,2.317919965,-0.583355722,0.331278330,7c3d6835b847a056c1918e500328200007000000c61c180500000000fffffaffd657670fab18c018,bd2a2c550d4519497d3791380000003c50ed043b040cd0000f381001ac4d040200000000ffffffff
1925,4388,50610,-0.010545354,2.058875310,-0.471100098,-0.073524660,2.420935621,-0.119484221,0.508613592,973d9535394b605625cfba120308a00007240000d81d080200000000fffffdffc14f540e2516aa31,a737bc618e5eb843a3363a3a0000003ce839d1300434000103380000807d020100000000ffffffff
1926,4389,50611,-0.011249728,2.054518927,-0.517281209,-0.138327051,2.345563781,-0.572414351,0.322328119,863d0d35af480157997eea03031ca0000214600097362f0300000000fffffbffa145e90f9d12cd3f,8b318b58a745633a1c379f380000003c7776457d040cd0000f381001ac4c040200000000ffffffff
1927,4390,50612,-0.012078403,2.048144513,-0.627121206,-0.107458905,2.400531090,-0.091917650,0.647855374,723d4634a542df5721ba4c0607283000051820006a4c341103000000fffff9ffd83f870dab12363e,74343f5f12609145e536503a0000003c1122c77f0434000103380000807d020100000000ffffffff
1928,4391,50613,-0.012741343,2.048176545,-1.839268804,-0.059188581,2.409884501,-0.318489287,1.563892685,623d47340000e2573422380007283000051820006c46371303000000fffff9fffc50e6116e0fec2f,013963609d538d3c863689390000003c5d1e357d043430000f380001bd2e140000000000ffffffff
1929,4392,50614,-0.010793957,2.039752068,-0.512947289,-0.408060790,1.901500958,-1.050566472,0.682618995,913d4033ec485058ac9a3f1d071460000a0c80006f61270800000000fffff8ff82576515bd15014e,1d1864225d2bbf527d3971340000003c66d783110344e0000f2440009e27201a00000000ffffffff
1930,4393,50615,-0.010255318,2.053814218,-0.475362969,-0.103315529,2.273779550,-1.245237617,0.806071910,9e3df734fd4a0d5788813d4b03287000021490008f47270100000000fffffdfffa5bb117cc15a34d,d834ca4fa920003eb336e0340000003c33c7e272032440000a20f000fb03010000000000ffffffff
1931,4394,50616,-0.009799547,2.053910314,-0.454048610,-0.225752272,2.211060441,-1.085379925,0.685500526,a93dfa34294c07578731bc4603287000022450009756110100000000fffffeffe94c750e8b0f6c31,4d2924487329cb5bb73766350000003c3d0af129031090000f44a000fb02010100000000ffffffff
1932,4395,50617,-0.011374029,2.039655971,-0.538737663,-0.418626397,1.888591968,-1.066623289,0.683621282,833d3d3381475058c3a2cd0d071460000a0c80006c61250c00000000fffff6ff0e4fec11ad0fa017,1e17d1207b2ad76196393a340000003cd4e6411b0344e0000f24b000a2261e1900000000ffffffff
1933,4396,50618,-0.010959692,2.040552874,-0.523036086,-0.232464540,2.210067442,-1.123319484,0.661921253,8d3d59335e4848583e9feb19071460000a0c8000725c250b00000000fffff8ff4948bc0a910f313a,ab2805485d275943c2373a350000003cca16a064031090000f44a000fb02010000000000ffffffff
1934,4397,50619,-0.011954102,2.039335649,-0.587050211,-0.322665823,2.113874651,-1.034651750,0.549949975,753d3333d9445358469aae0e071460000a0c00006a68250700000000fffff6fffc6b1e27df0eed44,2a204a3c3d2c4a46373857350000003cc8f68277033c100104389000ef07040202000000ffffffff
1935,4398,50620,-0.007354955,2.036837135,-0.416677434,-0.580756676,2.187420655,-0.770495794,0.690400146,e43de532374e5758d47d5f55081470000c18a000be1c110b08010000ffffffff7d599a1bba133d4b,d5074245c33a1db8b82d2f3b0000003c8b78501603381001043c0000ff00000000000000ffffffff
1936,4399,50621,-0.009716679,2.050226608,-0.466695130,-0.520967769,2.040648971,-0.765522444,0.592256002,ab3d8734774b7f57bb8d1b440a0c7000051880005f4f4a0601010000fffffffffc6b1e27df0e3dc5,780d5c33093b0c301539e8360000003c8c59a0660338f0000444d000755e180d08000000ffffffff
1937,4400,50622,0.013279054,2.067299787,-0.416677434,-0.151668720,2.309463456,-0.849927305,0.523026253,d63f9c36374e5758247e5f55081470000c18a000be1c110b08010000ffffffffb752ce18c5132f50,493024546536a02912371a370000003c00d3516a0310f0001138d000b149040000000000ffffffff
1938,4401,50623,-0.010379619,2.050098479,-0.502858492,-0.436401478,2.013229381,-0.954296617,0.621812137,9b3d83347a498057c4e10c480a1c3000051880005953480902000000fffffdff6d4a2e0fb714601c,71150430a830e014df38da350000003c0beab26f033c10010e1090009928211b02000000ffffffff
1939,4402,50624,-0.011622632,2.051956348,-0.563462320,-0.447049952,2.040681003,-1.414686772,0.956194098,7d3dbd3425465757666c4e4d0328700005086000823f3d0100000000fffffaff20717a26e611fccc,70145d33581704277539f6390000003c47c4902d03289000081c1001d6180e0200000000ffffffff
1940,4403,50625,0.013610524,2.061854308,-0.399981186,-0.516907262,2.099620309,-0.656748165,0.590596879,de3ff235224fe25790450d08081ca0000c0c50005855201d11050000ffffffff6e5117181c122146,da0d8d3a04416539f638b8370000003c2db631730310e0000f44d000813c251c01000000ffffffff
1941,4404,50626,-0.010503920,2.047471836,-0.510602710,-0.503648460,2.110287042,-0.685380454,0.526957823,983d31340d49eb57dab56c4607285000031880007257210b09000000fffffdffcf6a61213e0f5b40,1a0fda3b713f8357eb388a370000003ca205c2300310f0000e44d0009f2b1d1801000000ffffffff
1942,4405,50627,-0.008017895,2.039271585,-0.417530008,-0.288151506,2.139948888,-1.019376460,0.671438687,d43d31332b4e4958f2ad7e4e081c50000628c0007f33321404030000ffffffff34478c1020135a44,6b23783f142d8f4e243880350000003ca9cea37a033c400011389000f007050201000000ffffffff
1943,4406,50628,-0.011871234,2.049041415,-0.598346821,-0.212866375,2.223136593,-0.898168805,0.400751044,773d62343a44bc57adc19e4f07283000051820006050430a02000000fffffaffdc5ee31c3d11601e,842a9d49be33fb5fc53781360000003c6f4ed12b0310f0001138d000c932040000000000ffffffff
1944,4407,50629,-0.009178040,2.046126482,-0.448577925,-0.125026816,2.372919306,-0.832591627,0.517378983,b83d0734764c0b58021f9c1107285000062030007f3d231408040000ffffffff395441189c128b4e,cc32e15b5937063ed43657370000003c8f9ea47b0310f0000d44e0009f5f010000000000ffffffff
1945,4408,50630,-0.010296752,2.048240609,-0.495682658,-0.223597717,2.199624935,-0.909749606,0.489761119,9d3d4934df49cb57e0c9ce5007285000031880006e5f1a1107000000fffffeff7262ea162d0d514e,8129bf461b33df48ed3761360000003c4daa81330310f00011389000dd1d050000000000ffffffff
1946,4409,50631,-0.009260908,2.031231495,-0.439412750,-0.118397416,2.379485914,-0.815184900,0.523828814,b63d3632f74c9458815ddd4a051c600008280000793d371300000000fffffcff295dd913ce178b4a,6c33ae5c4e389347cb3670370000003c2d06a57d0310f0000d44e0008f6e010000000000ffffffff
1947,4410,50632,-0.009965282,2.057465892,-0.449643643,-0.125979793,2.316286321,-0.869536516,0.506712350,a53d6935674c9256abbdff5a0328200007240000c5290e0300000000fffffeff8e5e3c185c0e582e,b532f9545135b429f436fa360000003c5b83b36c0310f0000d44e000b746020000000000ffffffff
1948,4411,50633,-0.009385209,2.035908200,-0.449572595,-0.115538487,2.379005430,-0.803462003,0.504204265,b33dc832684c6c58890aee0e051c6000082830006f582e0802000000fffffcffd83f830fd200903d,b1339f5cf3386d4ec7367f370000003c97f9343c0310f0000d44e0008b72010000000000ffffffff
1949,4412,50634,-0.013031379,1.954354139,-1.839268804,-0.019370744,2.421287976,-0.048649502,1.850509357,5b3dd6280000155accfeb7020614500200000000fd02000000000000ffffffff1764131f79155f50,c23cc761736218403f36723a0000003cd475c73f04340001030000007e7e020100000000ffffffff
1950,4413,50635,-0.008680835,2.053493895,-0.432307964,-0.054838037,2.422793491,-0.172485928,0.453894447,c43ded345b4d0e5792d93e5303287000092050008a680b0100000000ffffffff385c0b391b1cb0f1,6a39f661a45b643c6e360b3a0000003c588ee57d04343000103ce0009f5b040100000000ffffffff
1951,4414,50636,0.013859127,2.036516813,-0.422787550,-0.035032703,2.432435192,-0.089075736,0.520101288,e43fdb32e14d225591321b51034c400109702000e70a050403020000ffffffffff5d6926051cc815,483b23633a606d405436513a0000003c40116b3b04340001030000007f7d020100000000ffffffff
1952,4415,50637,-0.008515100,2.067556045,-0.437210267,-0.174291550,2.343481686,-0.547121311,0.340142953,c83da436164d365540eead1e0308900004704001e01c020000000000ffffffff295b0222261ca812,272e4a580b47c9383d37b9380000003cb192367d040cd0000f381001ad4b040200000000ffffffff
1953,4416,50638,-0.009095173,2.068004496,-0.450709361,-0.416430408,2.065313789,-1.452768427,1.081689237,ba3db236584c2e55864edd1d0308400009703001ce30010100000000fffffffffd43a50d16001338,53175e36401538188539c9390000003ccb84423703289000081c1001d31a0d0301000000ffffffff
1954,4417,50639,-0.012741343,1.939971668,-0.663071425,-0.408889465,2.072905428,-1.347901780,0.802245184,623d1527ab402b5a1d8779060694500000000000ff00000000000000ffffffffd83f9b108501bf3d,09184b37041b68134e39d9390000003c9d64c2360324a0000844f000e50f0a0100000000ffffffff
1955,4418,50640,-0.012989946,1.965277130,-1.839268804,-0.428280462,2.054006411,-1.354438184,0.644515189,5c3d2b2a0000fe59440258000614000000000000f906000000000000ffffffff915c5436891bf81d,3516fd34a81a80235439f4390000003c3f30412f0324a0000844f000e2100c0100000000ffffffff
1956,4419,50641,-0.007106353,2.067652142,-0.422077072,-0.408433694,2.071784300,-1.335539452,0.997744571,ea3da736eb4d4f55f6c5de1f034c400109702000e50a050503020000ffffffff6049cb11f301b243,14182837b21b701a4539dd390000003c7a50a2340324a0000844f000e60f090000000000ffffffff
1957,4420,50642,-0.012202704,1.971875770,-0.577600845,-0.075182010,2.348863101,-0.844669763,0.466274219,6f3df92a5e45ee5953c698000614500200000000fb03000000000000ffffffffb44fea09e40dce36,7f37f258af36be448f3640370000003c005b097b0310f0000d44e000b549010000000000ffffffff
1958,4421,50643,-0.011332595,2.033858138,-0.519696836,0.351502788,2.305907878,-0.409430552,0.466711078,843d88328d4889585b3afd08051c60000a0c80008942330100000000fffff6ff3f478608e00e0a34,b95fb5539d4e934cc73358390000003c730a1b7c040cd00013500000de110d0201000000ffffffff
1959,4422,50644,-0.012078403,2.037061361,-0.597920534,0.465611347,2.217787210,-0.462929593,0.528272547,723dec3240446b58beda5b07051c60000a0c0000765b2a0300000000fffff6ff37631218660d1a40,7b6af648ac4b154130321a390000003cb0bdeb3b040c30010d500000d914090603000000ffffffff
1960,4423,50645,-0.009136607,2.032064333,-0.437423410,0.391817831,2.288322183,-0.399057564,0.477393428,b93d5032134d8c581ffecf60051c60000828c000753f341600000000fffffcff4561a217b10de813,866390512f4f80444a3363390000003c26c2ed75040cd00013500000de100d0201000000ffffffff
1961,4424,50646,-0.009260908,2.033185461,-0.442467809,0.298799053,2.328298408,-0.254759353,0.466076233,b63d7332cc4c82581997da14051c60000828c0007947320c00000000fffffcffd83fb41043028d3d,c15a70561e5730430a34d1390000003c894d7b3c0434300013500001c238050000000000ffffffff
1962,4425,50647,-0.012989946,1.975975896,-1.839268804,0.460017790,2.186171398,-0.401828431,1.527793603,5c3d792b0000e759290228000614500200000000f00f000000000000ffffffffd83f2001c3093a42,f4691b45084f5834b43182390000003c0f855e2d040cd00013500000dc0e0b0703000000ffffffff
1963,4426,50648,-0.012865644,2.021461664,-1.839268804,0.408847104,2.235180712,-0.342432417,1.569725021,5f3d05310000175914d597430518700000000000a34a120000000000fffffaffd83f8604f807ca3c,2165154b4c523d448932a4390000003cf8109e320434300013500001df110b0301000000ffffffff
1964,4427,50649,-0.012865644,2.015952120,-1.839268804,0.373586979,2.293863759,-0.325807217,1.586551759,5f3d5930000048593401a84205187000000000008e6c060000000000fffffcff3148d61046013749,ce613d523653d02d5433a0390000003c6e658e2e0434300013500001cb2b080100000000ffffffff
1965,4428,50650,-0.012327006,1.962458294,-0.589750029,0.446013181,2.204718060,-0.362325819,0.566115971,6c3dd329b344045a8e0a69010614500200000000fd01000000000000ffffffffd83fc5101003dc3c,a2685e473451e54bf031a7390000003c54293e340434300013500001df100b0301000000ffffffff
1966,4429,50651,-0.012989946,1.983919889,-1.839268804,0.314543880,2.319425480,-0.255114593,1.652085643,5c3d712c0000ce59b60158400614500200000000e31c000000000000ffffffffa447470e7114d14d,3d5c5b551957aa3ade33d3390000003c46e1ec360434300013500001c238050000000000ffffffff
1967,4430,50652,-0.011954102,2.051507897,-0.593302423,0.350591246,2.310584584,-0.294119870,0.536721584,753daf3481446b572fdd794403287000050860007944410100000000fffffaff914ca013da13c14c,a35f4754f454b6349333b6390000003c48c99d320434300013500001c435060000000000ffffffff
1968,4431,50653,-0.011208294,2.050194576,-0.541437482,0.328589922,2.338676851,-0.316357851,0.499345263,873d86345b4785578c31bd49031ca0000518200056534b0902000000fffffbfffe543d159a14ab5e,905db457bb535446f333a2390000003c7f792b3c0434300013500001c533060000000000ffffffff
1969,4432,50654,-0.010503920,2.051828219,-0.490069877,0.332816165,2.336434595,-0.337672210,0.471269052,983db9342e4a555747e10a480328700005182000714e3f0100000000fffffcffbf47020eef14a33b,f65d6e578f523b4ef03394390000003c4772eb7b0434300013500001c830070000000000ffffffff
1970,4433,50655,-0.011912668,2.052244638,-0.591810417,0.407189754,2.247449056,-0.428542427,0.490314227,763dc63496444b57fd6d89000328700002146000853e3b0100000000fffffaffed44520f1a13ec44,f964944c904d6345eb3242390000003c1366fe72040cd00013500000dd130a0402000000ffffffff
1971,4434,50656,-0.012202704,2.049009383,-0.641828113,0.448333471,2.213590988,-0.443249335,0.527839185,6f3d6134d641c157c12d8a4107283000051820005f50460802000000fffffaffac51910fd6156f4b,da687348c14c8e45523238390000003ccd5deb3c040cd00013500000db14070602000000ffffffff
1972,4435,50657,-0.011083993,2.054102508,-0.507050316,0.418086831,2.237487032,-0.393018496,0.480438067,8a3d00353f491357c61d1f53031ca000021460009436320200000000fffffbff645744179514eb59,00665d4b844f1d4b97326e390000003c91b16d360434300013500000df0f0d0301000000ffffffff
1973,4436,50658,-0.010172450,2.051860252,-0.477210214,0.443319987,2.222175626,-0.426695183,0.487046698,a03dba34e34a52573ac58d5203287000051820006f523c0100000000fffffdff8b535f11ce15954e,61687f49aa4d535053324e390000003c2bde3b7b040cd00013500000dd12090502000000ffffffff
1974,4437,50659,-0.010835390,2.054038443,-0.496890472,0.593931683,1.997725781,-0.473799916,0.607821933,903dfe34ce49115786e10d4d03287000021460009537310200000000fffffcfffa5cde1888150b51,9476202e134b082f912d2e390000003c1e668f29044c300014345001885d0e0b01000000ffffffff
1975,4438,50660,-0.009633812,2.053589992,-0.451490887,0.588172391,1.985809791,-0.451846127,0.601636549,ad3df0344d4c1557856d8d4b0328700002149000925a120000000000fffffeff7b62421d8c150355,0976ac2c484c3012a92d5a390000003cfa49dd29044c3000143400008a5d0d0a01000000ffffffff
1976,4439,50661,-0.008929438,2.053589992,-0.436570836,0.042572718,2.420102783,0.170675253,0.711148304,be3df0341f4d0d578305cb4403287000090880008b680a0100000000ffffffff605cfb128f17cf51,9942a261826ec941bf35193b0000003cc4159d380d10000103000000b229240000000000ffffffff
1977,4440,50662,-0.010089583,2.057145570,-0.451988222,0.598655131,1.953713495,-0.453124988,0.617470333,a23d5f35464ca35670fdfd4e0328200007240000c22c0d0400000000fffffeff474bcb0983178766,0677c228364cb8165c2c44390000003c4c1a7e241310400103346001895e0c0b00000000ffffffff
1978,4441,50663,-0.011788367,2.057049473,-0.551313135,0.562980668,2.052276671,-0.463640072,0.581436832,793d5c35d046b056922d3d520328200007000000c51e160600000000fffffaff2256440eb70d002d,a973c734a24b5017932f55390000003c5f49fd27044c300014340000ad390f0902000000ffffffff
1979,4442,50664,-0.010628222,2.033185461,-0.486091197,0.566543971,2.017105281,-0.455043280,0.578230305,953d7332664a8958885e0d0c051c60000a2030008b3b370100000000fffff7ff335ebb1cb813534e,ff737d301b4c4809bc2e68390000003c9a7d2b27044c300014340000aa3c0e0902000000ffffffff
1980,4443,50665,-0.009302342,2.050386769,-0.449288403,0.560743246,2.126943802,-0.502858492,0.577652755,b53d8c346c4c7f5797255c460a0c7000052060006353440301010000ffffffff6868c82190168948,7373e23d7a49e93ea030ff380000003c91c57e30044c300014346001b02c1a0801000000ffffffff
1981,4444,50666,-0.008183630,2.055415829,-0.419306205,0.569402900,2.101061759,-0.541082243,0.592046581,d03d2935124ec8560276cd480328900007088000b83b060600000000ffffffffa46844226f16ef54,4474ba3a60472b555330ce380000003ce4c97e6e040c30011434600195322f0801000000ffffffff
1982,4445,50667,-0.008142196,2.055191604,-0.418666774,0.332981900,2.323045122,-0.302432470,0.449022906,d13d22351b4ecf56081e2f550328900007202000b43d070600000000ffffffffd262e41fc613794e,fa5dcc557f54bb3acd33ae390000003c7985fc380434300013500001c534060000000000ffffffff
1983,4446,50668,-0.008763703,2.050514898,-0.436855027,0.512390055,2.123708547,-0.446659632,0.526359838,c23d90341b4d7657bdc15d4b0a0c70000814600069523f0302000000ffffffffd95f5f1df7136047,e46e7d3d914c0423d3305c390000003c19f11d29044c300014340000cb1b110603000000ffffffff
1984,4447,50669,-0.009136607,2.050835220,-0.444670292,0.440543925,2.222848303,-0.397210320,0.483790792,b93d9a34ad4c6f57d7a5bf570a0c70000520600066583e0201000000ffffffff8363dc1dd4152c26,1e689449494f35423a3277390000003c31c58d340434300013500000df0f0c0401000000ffffffff
1985,4448,50670,-0.008805136,2.054070476,-0.433586826,0.316076928,2.330476600,-0.300158938,0.446935905,c13dff34494dfb56aa52fd0e03287000090880009066070100000000ffffffffb262191e4f157b53,625cb4569f540f41ff33af390000003c287d9a3b0434300013500001c633060000000000ffffffff
1986,4449,50671,-0.008846570,2.053205605,-0.436215597,0.342926001,2.317759804,-0.331846285,0.452355855,c03de434244d1a57983dcd4a032870000920500086690e0100000000ffffffffe9689e22ba164c27,ea5e2755e152f140b43397390000003cda8ded360434300013500001c732060000000000ffffffff
1987,4450,50672,-0.008059329,2.055768184,-0.417458961,0.335012154,2.320546608,-0.361970579,0.436903441,d33d34352c4ebc564d5e9f200328900007088000bd36070400000000ffffffffd83f3d0d0000fd3d,2b5e7e553951354de7337f390000003c46e21a7d0434300013500001d1220b0100000000ffffffff
1988,4451,50673,-0.013031379,1.937857540,-1.839268804,0.355853332,2.286208056,-0.291420051,1.628882983,5b3dd32600002e5a3803b8060614500200000000ff00000000000000ffffffffd563e71cef16434c,22604e511a5564304e33be390000003c1c7d8e2c0434300013500001c534060000000000ffffffff
1989,4452,50674,-0.008805136,2.055928345,-0.431810629,0.374539955,2.259653336,-0.315931564,0.449316469,c13d3935624db956de2dae4c0328700009088000bb37070302000000ffffffff63589e0e670b9147,e561114ec1535b44f932ad390000003c77852e320434300013500001d71b090201000000ffffffff
1990,4453,50675,-0.010379619,2.025305532,-0.474368299,0.511312777,2.068677173,-0.397565559,0.529096132,9b3d7d310b4bd158c4ed3d4b051870000828000099560f0100000000fffffaffaf5e39407f1b7da3,ca6ec736444f94283d30b1390000003c33a95e28044c300014340000c5220e0603000000ffffffff
1991,4454,50676,0.013030452,2.038791101,-0.415043333,0.566626839,2.087287899,-0.476428687,0.559096647,d03f22334e4e47555ba1b601034c400109706001dd14060502010000ffffffff16571f271f1d7f71,01740c39ee4a482420302f390000003c71812e29044c300014346001b42e130802000000ffffffff
1992,4455,50677,-0.009136607,2.071239752,-0.470460667,0.378766198,2.298764691,-0.365878212,0.461707347,b93d1737424bc3542fb93b5b030840001c244001cd31010000000000ffffffff044b9813a71d2814,4b62d65202510e4562337e390000003cfaf9fc78040cd00013500000de0f0f0201000000ffffffff
1993,4456,50678,-0.011374029,2.070182688,-0.563249176,0.441414034,2.227813298,-0.465842556,0.489236640,833df6362846e75446277b1d020c4000000000009569000000000000fffffeffd83fb90ccc1d4d41,33682f4a834b9f3a963213390000003cc4810c3a040cd00013500000dc14080502000000ffffffff
1994,4457,50679,-0.012575608,2.069510011,-1.839268804,0.417879662,2.231048554,-0.442112569,1.470860967,663de1360000f054c003a810020c400000000000aa53020000000000fffffdff183dad107d01783e,fb65944ad14c1640c63233390000003cd85d9d37040cd00013500000dc14080402000000ffffffff
1995,4458,50680,-0.013238548,1.965020872,1.622254151,0.403419282,2.261831528,-0.396712984,2.082769456,563d232a51beff59664266010614500200000000fa05000000000000ffffffff6c1cbd18b90b0353,9e64554e504f0d43f53265390000003cc9d97e30040cd00013500000de100d0201000000ffffffff
1996,4459,50681,-0.016801851,2.026394628,1.889038878,0.038097873,2.439161961,0.119591839,1.817782626,003d9f31fcccc5584556660108146000072800005b51460d00000000fffffdff731d7b17d80ce63d,2d42f563b36bbb4dde35f73a0000003ce1ce097b0d10000103000000af3d130000000000ffffffff
1997,4460,50682,-0.016511815,2.031071333,1.888115256,0.010088655,2.421544234,0.118312978,1.812560833,073d3132efcc9e58e30d41500518700008280000703c341f00000000fffffcff8c3915122102da3a,893fcf61a16b02470b36ee3a0000003c84e2d77e0d10000103000000ac440f0000000000ffffffff
1998,4461,50683,-0.013528584,1.974918832,1.711632363,0.037310632,2.444607440,0.156323584,1.625477595,4f3d582b3bc3ea595c32a7000614500200000000f708000000000000ffffffff4550d9101508835d,1a429f64b86d1946df350d3b0000003c8351da3d0d10000103000000b129250000000000ffffffff
1999,4462,50684,-0.010959692,2.013453606,-0.516712826,0.041412573,2.444511343,0.137211709,0.784965556,8d3d0b30b74838592b6d3c4e0518800007000000817d000000000000fffffeff2c4c050ffa07f02b,7d429c64ab6cdd4cdc35023b0000003c1c3aeb7c0d10000103000000b2321a0000000000ffffffff
2000,4463,50685,-0.011374029,2.013101252,-0.546481881,0.551834989,2.037894199,-0.446233345,0.572598338,833d003014473f5956621d0b05187000080000008d72000000000000fffffeff0e48a305f9093f49,9c720633974c7427672f7c390000003c6c61fe2b044c300014340000af370e0902000000ffffffff
2001,4464,50686,-0.012036969,2.020949148,-0.589536886,0.515248984,2.094495152,-0.425984704,0.556945964,733df530b6440b5935798b460518700000000000a44f0b0000000000fffffaffba4e0b11d407cf50,296fed39b44df42c7e3086390000003c3ba50e2b044c300014340000cb1b0f0603000000ffffffff
2002,4465,50687,-0.011083993,2.011819962,-0.524812282,-0.114378342,2.354564838,-0.775398097,0.436963411,8a3dd82f4548405965a13d4d0614800007000000827d000000000000fffffeff485634137f09e35a,cd33a4597e3a8f56ec36b0370000003c7c3593350310f0000d44e0008974010000000000ffffffff
2003,4466,50688,-0.010255318,2.017809990,-0.485380718,-0.140895944,2.265291009,-0.922325078,0.518877830,9e3d9330704a0a5932f9ce5d05188000070000008e6d030100000000fffffdff5557cd11450acb52,4d31c14e6a32235b2b378b360000003c5a5e267f0310f0001138d000c338040000000000ffffffff
2004,4467,50689,-0.010213884,2.020853052,-0.479910033,-0.460225886,1.818921865,-1.166090298,0.845062342,9f3df230bd4af25855895e5305187000080000009465040300000000fffffdff88598f0f610ba844,321352180325394ea93936330000003c6443a022033810010f24a000ae27190d03000000ffffffff
2005,4468,50690,-0.010255318,2.025241467,-0.468400279,-0.430435017,1.868475727,-1.109038863,0.782012962,9e3d7b315f4bd058e2f56b44051870000800000097580e0200000000fffffbff5655d211d209d432,01165d1e2628cf508839f9330000003c027741150344e0000f24b000a6231e1701000000ffffffff
2006,4469,50691,-0.010338185,2.019091279,-0.490283021,-0.404207451,2.048272642,-0.965877418,0.618202702,9c3dbb302b4a01591cd62c0705187000080000009467020200000000fffffdff8b52e80ac70a5350,7a184a340530182a97389d350000003c915ea271033c10010e109000b223151005000000ffffffff
2007,4470,50692,-0.011042559,2.023159372,-0.504918881,-0.402964438,2.124797642,-0.916001818,0.576994176,8b3d3a315d49eb586aedbe540518700008000000a4500b0000000000fffffaff2d5ad9100b0bc358,98189f3dc332a42c663811360000003ca6d7766e033c40001138d000dd12060504000000ffffffff
2008,4471,50693,-0.010131017,2.024024243,-0.465061029,-0.226912417,2.260614303,-0.782431835,0.451323898,a13d55318e4bda584d615e550518700008000000935d0c0400000000fffffcff23496705130bf244,31292f4e1b3a782ad2377f370000003c9f8fa76f0310f0000e3410019463060000000000ffffffff
2009,4472,50694,-0.011912668,2.024472694,-0.578240276,-0.211664796,2.279801610,-0.760406997,0.371858148,763d63315545e7589989dd490518700000000000a04a150000000000fffff8ffae4f2709d70a6348,a12a8650513b9833ab37b5370000003c1793b87a0310f0000d3810019366050000000000ffffffff
2010,4473,50695,-0.011291162,2.023479695,-0.519838932,-0.335385985,1.851947096,-1.799410952,1.331076798,853d44318b48ea58589108420518700008000000a44e0d0000000000fffffaffd254331192090348,f71e591c3102081e543837260000003c4bcf456f083070000a0c9000c42c0c0301000000ffffffff
2011,4474,50696,-0.010462487,2.018322505,-0.492982839,-0.470625758,1.679229304,-1.421152127,1.090060853,993da330054a0a5966117c4605188000070000009468010100000000fffffdff7351ae1147083751,37124907fd16b6349a3904300000003c23d3410d03289000081c10018b4d230301000000ffffffff
2012,4475,50697,-0.010793957,2.013966122,-0.510602710,-0.466399515,1.726604975,-1.351241030,0.998411558,913d1b300d493159448d9f5d0518800007000000817d010000000000fffffefff34a410eb807693f,9d12100dd51a47489339fc300000003c58f7b0170324a000113ce000c02a130200000000ffffffff
2013,4476,50698,-0.011539764,2.011787930,-0.559270496,-0.230061383,1.973445349,-1.749890591,1.211114389,7f3dd72f604648594e71eb4405187000080000008c73000000000000fffffeffca3ee2081316d14a,e5282a2bea045e32cb37d32c0000003cd287d5680830700003289000aa1f1e0c0b000000ffffffff
2014,4477,50699,-0.012782777,2.054518927,1.523639716,-0.469092709,1.690248392,-1.395006514,2.976475700,613d0d35e5b80c570343c30b0328700002146000a631230500000000fffff9ff031d5e1d3c0fdd48,5c12a1086d18db3b9d3947300000003c91fb301503289000081c10018b4c230301000000ffffffff
2015,4478,50700,-0.016801851,2.040168487,1.889323069,-0.238803905,1.953553334,-1.766657887,3.663739053,003d4d3300cd4b58723ab307071460000828c0005f55222107000000fffffefffb41e308df15f342,1228bd28fe03ab45e737fa2b0000003c92ae247c0830700003289000b0231a0909000000ffffffff
2016,4479,50701,-0.012534174,2.054230637,-0.730637943,-0.454425161,1.663085060,-1.644171371,1.087568770,673d0435f43c195796192d480328700002146000a432250500000000fffff9ffff4c5408e40a5e45,be135105ba0ad4224a39222a0000003c5e03d15808287000033090004a42352c0f020000ffffffff
2017,4480,50702,-0.011498330,2.023639856,-0.537956137,-0.469341312,1.656710646,-1.619233571,1.230210604,803d49318c47ea589e713c460518700008000000a34d0f0000000000fffff9ffd2509610a808602c,56128a04190cd81559391e2b0000003cfafe21530a20300007309000513c3a2f06030000ffffffff
2018,4481,50703,-0.010835390,2.015279443,-0.513870911,-0.387468214,1.725035395,-1.827901145,1.397415238,903d4430df4827595396dd0b05188000070000008c72000000000000fffffeff03490b0d6e07c744,0e1adf0ca0004e31ad3824140000003c8a9f5166083070000a0c5000d8180c0200000000ffffffff
2019,4482,50704,-0.011829801,2.010730867,-0.579519137,0.471660675,1.661803771,-1.518345604,1.112163789,783db62f43455259089d6e5105187000080000008777000000000000fffffeff924c3d14a7125c44,0d6b2905a51116317a2c322e0000003c435fcd110a0c90000720c000745f140c0a010000ffffffff
2020,4483,50705,-0.011166860,2.048144513,-0.542290057,0.471619241,1.666768766,-1.616533752,1.237953713,883d46344f47d057f3f99e50072850000318800075511f1307000000fffffcff03409d0b40145b3e,0c6bc4053f0c9f64d72df12b0000003c6b7efe560a0c700008309000603f381d07030000ffffffff
2021,4484,50706,-0.012699909,2.051283671,-0.999198866,-0.064699271,2.413440079,0.193126378,1.247197131,633da834302e7d5725a7790603287000050860006d4b460100000000fffff9ff9b406e0c9611ad3e,7c38d260be6fe352a9362a3b0000003c2c7f21720d40400000000000ae351c0000000000ffffffff
2022,4485,50707,-0.012617042,2.046126482,-0.838701743,0.476881328,1.634256052,-1.546906846,0.954358619,653d07340337155815829c050714a000060c00008e37270a09000000fffff7ff0e3f03071a0f8442,8b6bcd011310de33642c472d0000003cc81e5d0b0a0c70000824c0006d551a110f030000ffffffff
2023,4486,50708,-0.012865644,2.037285586,1.493870661,0.480071727,1.628490250,-1.575468087,3.135433180,5f3df33242b76658b7c3f60f051c60000a0c0000785e280200000000fffff6ff611d141f2f10a243,d86b1901810eb750a52c772c0000003c2d62ad480a0c7000083090005c3f392107030000ffffffff
2024,4487,50709,-0.016801851,2.043595936,1.888399447,-0.380963115,1.898938379,-1.048506084,2.962929856,003db833f3cc2b583f065307071480000a1830006a3c261a18010000fffffeffb23c99113b02af3e,ab1a14227a2bff4a803977340000003c2dcf36070344e0000f244000a1281b1a00000000ffffffff
2025,4488,50710,-0.013238548,1.976039960,1.638879351,0.479698823,1.647645524,-1.599766456,3.292363409,563d7b2b3bbfe859406ef5010614500200000000f20d000000000000ffffffff623a4a116d01f234,cf6b6f032b0d27644b2d452c0000003c4f6e8e550a0c7000083090005f3f391e07030000ffffffff
2026,4489,50711,-0.013445717,1.964668518,1.694154588,-0.417300517,1.881320652,-1.069038916,2.793793820,513d182a45c2015a872a37010614500200000000fc03000000000000ffffffffae3f9501830dc23b,3e17ee1f592a6f649b3938340000003c603602150344e0000f24b000a2261e1900000000ffffffff
2027,4490,50712,-0.012824211,2.031391656,1.324350459,0.470583397,1.706841088,-1.484882061,2.868937667,603d3b32f0ad9d58c59f4611051c60000a0000008f38370000000000fffff5ff1222751a510fa949,f36aa70a7c13194fd22c192f0000003cbb1bff130a0c90000720c0006d69170a08000000ffffffff
2028,4491,50713,-0.016263212,2.040392713,1.876108167,-0.466979588,1.718116433,-1.362324496,3.285491343,0d3d543346cc4b58785e020b07146000082830006d59240a0a000000fffffdffd83f0a03f40d6e3c,8f12070c391a24389439d1300000003c33a740140324a000113ce000bf2a140200000000ffffffff
2029,4492,50714,-0.012824211,2.033057332,-1.839268804,-0.427410353,1.865817052,-1.108896768,0.856326043,603d6f3200008e58241fd805051c60000a0c00008a43320000000000fffff5ffe92d8c137e0f2753,4a160a1e28288f4c8c39f8330000003c277b030d0344e0000f24b000a6231e1701000000ffffffff
2030,4493,50715,-0.014937332,2.040777100,1.819269876,-0.327472138,1.866073310,-1.789180060,3.626170205,2d3d603326c94c58d6ee520d071460000a0c8000725c260a00000000fffff9ffed345612b002b03b,b61f121ec102c01c3a389b270000003c5657d56b083070000a0c9000c02a0e0303000000ffffffff
2031,4494,50716,-0.013860054,1.981645601,1.764705117,-0.458609970,1.815494417,-1.164243053,2.967178135,473d2a2c26c6d6595e0a98000614500200000000f807000000000000ffffffffee401a00bc0a0146,5913e7171d252d4bad3934330000003c43db1019033810010f24a000ae27190d03000000ffffffff
2032,4495,50717,-0.012782777,2.023992210,-0.802751524,-0.635449232,1.966718581,-0.607085708,0.655193784,613d5431fd38f95885039d0e0518700000000000a543170000000000fffff8ff7f3f0d00290a9b41,ad02582abf43a233a13922380000003c24b2306b0e103000113c2001da16070403000000ffffffff
2033,4496,50718,-0.012865644,2.022807018,1.404563497,0.424591930,1.705207444,-1.681045212,3.132605900,5f3d2f3159b20c59db5046460518700000000000a545140000000000fffff9ff3b2f1b1684102b47,9d66740ab3085771882fc7290000003cdb16dd4d081ca0000c0c90005e472a1b14010000ffffffff
2034,4497,50719,-0.014895898,2.044364709,1.812378233,0.351254186,1.808415293,-1.808931366,3.647412949,2e3dd033c5c829587e2af3070714a000060c80007c3d281b02000000fffffbffac38ea12ea02de42,b35f0a17ab01b438343265250000003cb182ef6a083070000a0c9000c22b0d0302000000ffffffff
2035,4498,50720,-0.013611452,1.983087051,1.727760228,0.239465917,1.956212009,-1.785769762,3.522735218,4d3d572c1ec4d15924a296000614500200000000f00f000000000000ffffffffdd2805188e10b945,29551029f1028c254134182c0000003c982f3c730830700003289000bd24120606000000ffffffff
2036,4499,50721,-0.015517405,2.044428774,1.845628633,0.481894812,1.880615943,-1.169926882,3.060690874,1f3dd23399ca2658710a44050714a000062030007b3c2a1902020000fffffcff282840166e0f1f4f,046cd81fcd241424c12a0f330000003cf0dedc10034c400116244000bb2b0c0705010000ffffffff
2037,4500,50722,-0.015517405,2.040456777,1.849323122,0.502694556,1.818505446,-1.350885790,3.249483515,1f3d5633cdca4b58ad666309071460000a2030006f5e270901000000fffffbffa7378b123504b144,fa6d4518da1abf604b2c32310000003c8276de650324a00013506001ca270d0100000000ffffffff
2038,4501,50723,-0.013777187,1.991479496,1.738417407,0.469879023,1.897464897,-1.132342562,2.912734948,493d5d2db4c4a859bb59b4430614500200000000de21000000000000ffffffff932b453aa6552440,e26ae621de26502e422cf4330000003c728e5a03034c400116244000bc2a0c0704010000ffffffff
2039,4502,50724,-0.053304988,2.095520183,-0.497387807,-0.399276834,1.706744991,-1.787617007,1.391234724,8f390d3ac74909d90dc2e2072188f0011b000000a852050000000000ffffffff0f28863b044e5640,f118a40ad702b026d9381b1f0000003c7c27115d083070000a0c5000ca1e120401000000ffffffff
2040,4503,50725,-0.054092230,2.088184802,-0.474439347,-0.092832790,2.402517088,0.043570625,0.607157268,7c3928390a4be5d71e22520a217cd00122000000817c010000000000ffffffffe125e63bb3481e3e,d5357d5f8567954cc236ba3a0000003c7d05c2320d10000103000000ae430e0000000000ffffffff
2041,4504,50726,-0.054755170,2.083091677,-0.457743099,-0.086742028,2.405464053,0.058774868,0.609703140,6c398938f54b68d6111e520a1f74100210880000b92a1c0000000000ffffffff6f1d6943ea3ff243,6836d95f5b685f46bc36c73a0000003cbca9c02b0d10000103000000af420e0000000000ffffffff
2042,4505,50727,-0.055873881,2.070567075,-0.442041521,-0.101492444,2.402805378,0.027726952,0.577187805,51390237d24c01d430ea90111d7c00011e840000cf1e110000000000ffffffff60694f54ac3f1234,0435865fa6662750c436ab3a0000003c9055e2330d10000103000000a94a0c0000000000ffffffff
2043,4506,50728,-0.037891632,2.071528042,-0.747973621,-0.063207655,2.410461081,0.179343092,0.987640012,033b2037003c00006fda5f201d40f00117341002b52e1c0000000000ffffffff181a144b65417842,a0387560fc6e574da736203b0000003cd6a602770d10000103000000b227260000000000ffffffff
2044,4507,50729,-0.057655532,2.073994523,-0.432947395,-0.066232319,2.407289891,0.149502990,0.671124291,26396d37524d68d44e3270191d7c000121780000ca2d080000000000ffffffffd83f8c3a5e653a3f,57381260586d063ba9360b3b0000003cc02dc53d0d10000103000000b42f1b0000000000ffffffff
2045,4508,50730,-0.049534517,2.110927686,-1.159695990,-0.061094534,2.436567350,0.285488600,1.481463237,ea39ee3b5d2553db18ee17001b68200221640000c1221a0200000000ffffffff2062715b0544e42b,d338a463d274453a91367a3b0000003ca16d306a0d40400000000000ad3a190000000000ffffffff
2046,4509,50731,-0.035861378,2.080016583,-0.441117899,-0.061881775,2.437496285,0.268579209,0.795071558,343b2938df4c1cd55efefe2d1d7c000121000000a756010000000000ffffffffd83ff44f6c61b03b,c038c163e473882c93366c3b0000003cfeb9857e0d40400000000000ad3a190000000000ffffffff
2047,4510,50732,-0.041082031,2.107436173,-1.839268804,-0.640048378,1.907138630,-0.496393137,1.483979396,b63a813b0000b2da1902e87f226c10021a000000916e000000000000ffffffffa0213b413d4cad41,3e021423d5492b44f039a5380000003c72e3d4740e101001033c2001c82c070201000000ffffffff
2048,4511,50733,-0.055915315,2.086551158,-0.448506877,-0.064906439,2.472539546,0.447690872,0.975826973,5039f538774c65d73ba2d0131f84d00122000000a05b050000000000ffffffff742aae4ac7537352,77380768bd7d2d3d7a36e93b0000003c29aee47c0d404000000000008c6f040000000000ffffffff
2049,4512,50734,-0.058069870,2.094110765,-0.489856733,0.373089774,1.772923581,-1.805236877,1.421015400,1c39e139314ac4d8ddc9433a2188f0011b000000b236170000000000ffffffff6b244a44a655ef51,c261b612df011339a131d4230000003c2a477e71083070000a0c9000c124130502000000ffffffff
2050,4513,50735,-0.056039616,2.095616280,-0.461508636,0.225461309,1.973925833,-1.797918947,1.371146912,4d39103ac04b09d9130ee12d2188f0011b000000a159060000000000ffffffffb819004c1a40fb44,d753392b4602234f68345b2b0000003c43da0d740830700003289000be24100805000000ffffffff
2051,4514,50736,-0.057738400,2.071303816,-0.432450060,-0.649743877,1.907362856,-0.492201313,0.617185009,24391937594df0d35c6230171d7c00011e840000c921150000000000ffffffff1d4faa42cd62ca3b,54011b23104a214ffd39a4380000003c92b6e2770e101001033c2001d026060201000000ffffffff
2052,4515,50737,-0.046219816,2.108333075,-0.519199501,0.217215991,1.982734696,-1.796355894,1.310077032,3a3a9d3b9448e6da6df20e111b88a00121000000a458020100000000ffffffff9a4acd653b45dabd,10534c2c5c02a7407c348b2b0000003ce7be1b790830700003289000be24100805000000ffffffff
2053,4516,50738,-0.062793318,2.108365108,-0.563249176,-0.648169394,1.970562448,-0.591881465,0.602058578,aa389e3b28467cd5f35b0c251d7c100210000000b14e000000000000ffffffffd83ffb51a351fc26,7a01d02a9544c438b4392b380000003c19dab06d0e103000113c2001db16070403000000ffffffff
2054,4517,50739,-0.036648619,2.093406056,-1.407084650,0.491134539,1.798421237,-1.369287187,0.605805046,213bcb39c31774d89801283f217c20021d000000b43e0d0000000000ffffffffbc27513b294c4240,e36cd215d7191a40332ced300000003c45be1f180324a00013204001c526120100000000ffffffff
2055,4518,50740,-0.054299398,2.086358965,-0.469750188,0.460266392,1.669267280,-1.644668706,1.348768679,7739ef384c4b5ed71efef10a1f84d00122000000a05a050000000000ffffffffd12cb948a4558b51,fa691206b30a8f653e2e232b0000003ca52e2e500a1c300008309000533b352d0d030000ffffffff
2056,4519,50741,-0.057614099,2.095904570,-0.495824754,0.454299932,1.892788191,-1.091632137,0.811356072,2739193add490ad9f24913392188f0011b000000a852050000000000ffffffff681f1d424d412541,6a6954211b29fc2c312c3b340000003caa629a04034c400116244000be280e0802010000ffffffff
2057,4520,50742,-0.055583845,2.073514040,-0.446588585,0.399814545,1.896984413,-1.057031827,0.781787283,58395e37924c6bd4241611101d7c000121780000c930050000000000ffffffff9421f93fcd53e940,4764d721022b102cc12c85340000003ca4a25d0e034c400116109000bb29100901010000ffffffff
2058,4521,50743,-0.055169507,2.093790442,-0.450851456,-0.069091249,2.456427333,0.395044406,0.920455941,6239d739564cc6d81ea690132188f0011b000000b534160000000000ffffffffd83f4b50d562af40,12381066d87a10308c36c73b0000003c3e2e257d0d404000000000008d6e040000000000ffffffff
2059,4522,50744,-0.041164898,2.108685430,-1.839268804,-0.449328809,2.161186257,-0.259945847,1.632058551,b43aa83b0000e3da2b02d87f1b88a00121000000ac52010000000000ffffffff625450689b431ec3,39140f42d556bf46bd38c6390000003cc0e1b02d0434e000033c1001d623030200000000ffffffff
2060,4523,50745,-0.060100124,2.109165913,-0.495469515,-0.069712755,2.466613583,0.434618066,0.996455792,eb38b73be2490bd5d2f7ae271d7c000121000000d825020000000000ffffffff0463dc431247ac42,03384e67057d56368436e13b0000003c5276d47b0d404000000000008d6e040000000000ffffffff
2061,4524,50746,-0.041082031,2.082098678,-0.438133889,-0.465819443,2.125502351,-0.264777102,0.460801827,b63a6a38094df8d54f8e9f151f74100210000000ae47090000000000fffffffff41d8142b6480741,ab12b53d91560a3cd838c6390000003cc871706a0434e000033c1001df17070200000000ffffffff
2062,4525,50747,-0.056453954,2.083219806,-0.440265325,-0.078828181,2.414977626,0.102114065,0.636191213,43398d38eb4c6bd63a86c0141f74100210000000b82e190000000000fffffffffe265a3b6a4aca3e,27370261bd6a7947b036e93a0000003cc739973f0d10000103000000b0410f0000000000ffffffff
2063,4526,50748,-0.054548001,2.084693289,-0.463142737,-0.074146167,2.409404018,0.120089174,0.667817795,7139bb38a94be0d62126320a1f84d00122000000b43a110000000000ffffffff2a24dd3eab55a245,98375460ba6bd348ae36f63a0000003c386160260d10000103000000b239140000000000ffffffff
2064,4527,50749,-0.054838037,2.095552215,-0.460442918,-0.064492102,2.423722425,0.223463815,0.758628570,6a390e3acf4b0ad935b2b0132188f0011b000000a456050000000000ffffffffd83f074f215be032,8138136269719025a036443b0000003c8f3a887e0d40400000000000ad39190000000000ffffffff
2065,4528,50750,-0.039963319,2.101734436,-1.839268804,-0.066273753,2.432691450,0.245559701,2.111097979,d13acf3a0000d0d9f5fdf73f2284b0011f000000b83a0d0000000000ffffffffc050573962599241,56382b63a072bc279e36573b0000003c9542787e0d40400000000000ad39190000000000ffffffff
2066,4529,50751,-0.046426985,2.099139825,-0.516854922,-0.065196476,2.443037861,0.317957474,0.903066934,353a7e3ab54890d93a1e8d072284b0011f0000009a63020000000000ffffffff8057de3d60596d3d,70386e649b76342a8f36933b0000003c1382f57d0d404000000000009f50100000000000ffffffff
2067,4530,50752,-0.044976804,2.099267954,-0.485096527,-0.068511176,2.449316178,0.361012479,0.915962922,583a823a744a91d95772df142284b0011f0000009d61020000000000ffffffffd83f274f53590232,20383265f978b02c9036b13b0000003c253e757d0d404000000000008d6e040000000000ffffffff
2068,4531,50753,-0.039466114,2.100132824,-1.421152127,-0.632093098,1.910790305,-0.501011248,1.110727945,dd3a9d3afd168ed905fef77f2284b0011f0000009964020000000000ffffffff0947e84db8627840,fe02862394497847e239a4380000003c1655e12d0e101001033c2001c430080201000000ffffffff
2069,4532,50754,-0.042407911,2.108557301,-0.596499576,-0.085416148,2.406585181,0.072487106,0.733630361,963aa43b5444e0da2d028b7d1b88a00121000000a856010000000000ffffffffae663d5bee3f002c,8836fc5f1c69c238b536d23a0000003c0502957d0d10000103000000af420e0000000000ffffffff
2070,4533,50755,-0.036192848,2.072777299,-0.427121470,0.207189023,1.987379370,-1.782785752,1.379983039,2c3b4737a44de1d3596a9f281d40f0010d5c1002b1321c0000000000ffffffffd83fc43133591c41,1e52dd2c1b03f4288934522c0000003cec4a6b7b0830700003289000bb23120906000000ffffffff
2071,4534,50756,-0.049493083,2.098787471,-1.839268804,0.450653761,1.674264309,-1.665698873,0.678596568,eb39733a000087d931fe27002284b0011f000000926b010000000000ffffffffc5478e4ef4639445,1269ae068b092f768a2e2b2a0000003c643aac52081ca0000c0c90006143282112010000ffffffff
2072,4535,50757,-0.042490778,2.109742494,-0.590744700,0.478331509,1.881320652,-1.156996171,0.802541664,943ac93ba5440ddb56be6a7d1b88a00121000000c438030000000000ffffffffe5631146e8447a40,ae6bee1f83251833262b80330000003c6f82de0f034c400116244000bb2b0c0705010000ffffffff
2073,4536,50758,-0.040584826,2.080016583,-0.436712932,-0.070209960,2.461616555,0.418987536,0.937400382,c23a29381d4d5fd54ec27f181f74100210000000906d020000000000ffffffff79496d4c2b5b5235,f737b266297c32358836d73b0000003c4a4a32750d404000000000008d6e040000000000ffffffff
2074,4537,50759,-0.041413501,2.101542242,-0.578524467,-0.612287763,1.880071395,-0.480620511,0.620106398,ae3ac93a5145d2d9221a6c3b2284b0011f000000b73b0d0000000000ffffffffd83f927e2c44df7f,dc04c71fb34a4196113ae6380000003cf40c4b130e101001033c2001a24e0d0201000000ffffffff
2075,4538,50760,-0.142014656,2.005189291,-1.839268804,-0.082681520,2.411390016,0.088686018,1.971174585,3231092f000050d503fec77f1d40f00100000000fe00000000000000ffffffffbe49354c5c590a35,ca369260006a8243b736df3a0000003c0d76702a0d10000103000000b0410e0000000000ffffffff
2076,4539,50761,-0.040999163,2.099908599,-0.574901026,-0.063829162,2.416322980,0.205914993,0.842800644,b83a963a844590d9373a2c7b2284b0011f0000009a62020000000000ffffffffd83ff670a24748e9,91382c617270553da536353b0000003c651ef2740d40400000000000ad39190000000000ffffffff
2077,4540,50762,-0.121877851,2.025529757,-1.839268804,-0.059975823,2.438745542,0.294227487,2.174025200,18338431000034d6e200280a1d7c100210000000f807000000000000ffffffffd83f94500254d42a,ee38e8634d75a0358c36803b0000003ccb01316f0d40400000000000ac3a180000000000ffffffff
2078,4541,50763,-0.037601595,2.095424086,-1.408363512,-0.175990334,2.351810066,-0.447867446,1.003712063,0a3b0a3ab117cad8bd01a83f2188f0011b000000bc34100000000000ffffffffbc628b4c3347b63c,fe2d4e59804c633b4c3716390000003c109a757e040cd0000f381001c62b0e0100000000ffffffff
2079,4542,50764,-0.039134644,2.082483065,-0.439341703,-0.198323127,2.379934365,-0.399625947,0.339699265,e53a7638f84cfad560fa1f211f74100210000000b443080000000000ffffffffd83fdf2f69558341,e32bbc5c274fd63650374a390000003ccbda147a043430000e3c1001ce1f110000000000ffffffff
2080,4543,50765,-0.049410215,2.095263925,-1.839268804,-0.204621058,2.369972341,-0.496535233,1.379307276,ed39053a000001d915fe07002188f0011b000000a456050000000000ffffffffd83fbb7c803fef7f,4b2b855bd34997525437e7380000003cfed9143d040cd0000f381001c1310c0100000000ffffffff
2081,4544,50766,-0.183738446,2.003203292,-1.839268804,-0.141558884,2.269102845,-0.890424587,0.986299667,432dcb2e00001ad404fe677f1d40f0010d000000be3d040000000000ffffffffd83f277b373eef7f,3d31384f2b34c7410837cd360000003cecaa03780310f0001138d000c13a040000000000ffffffff
2082,4545,50767,-0.208350096,2.002626712,-1.839268804,-0.250653958,2.297323240,-0.737245394,1.141530226,f12ab92e00006cd302fed77f1d40f0010d0000009369020000000000ffffffffd83f642d4048d742,f426a952973cf143d837f3370000003cc455143c0310f0000e3410019067070100000000ffffffff
2083,4546,50768,-0.048954444,2.082739323,-1.467546382,-0.093661465,2.363950282,-0.775256001,0.748561483,f8397e38701462d6f80108401f74100210000000ae331e0000000000ffffffffd83fa42d5b46c842,c135c95a803afb49c236b4370000003c1305b73b0310f0000d44e0008974010000000000ffffffff
2084,4547,50769,-0.048913010,2.081041614,-1.839268804,-0.073483226,2.369011374,-0.790247100,1.088106986,f93949380000e8d5fdfd07401f741002100000009d58090000000000ffffffffd83f892d0b4a9442,a837675bad398a459a369d370000003ca1c1583f0310f0000d44e0008b72010000000000ffffffff
2085,4548,50770,-0.049037312,2.084372966,0.673765174,-0.621817527,1.877925235,-0.482112516,1.306426835,f639b1382b8ad5d605fe07001f84d00122000000ad351c0000000000ffffffffd83ffe65c24c40cf,f603841f9e4a39851a3adf380000003c5409580f0e101001033c2001a64a0c0201000000ffffffff
2086,4549,50771,-0.067723935,2.100036728,-1.839268804,-0.610713281,1.883082425,-0.483320330,1.476652587,33389a3a000095d77801c87e1f84d00122000000eb12020000000000ffffffffb159dc3d7a57233c,020525208d4a4981043ae7380000003cf095f9200e101001033c2001a14f0d0201000000ffffffff
2087,4550,50772,-0.044562466,2.097442117,-0.474368299,-0.630974386,1.880231556,-0.480833655,0.625380819,623a493a0b4b4cd95372ff142188f0011b0000009569010000000000ffffffff8d48483472575641,1903cc1fb04ab77e1e3ad4380000003cce75c60a0e101001033c2001a7490c0201000000ffffffff
2088,4551,50773,-0.047960034,2.097185859,-0.584350392,-0.656870483,1.961529359,-0.559128400,0.624348275,103a413aff4449d92e32dc042188f0011b0000009569010000000000ffffffffd64a9b4ed9539c2b,a800b62962469f67cc3947380000003cca1104370e103000113c2001de15050402000000ffffffff
2089,4552,50774,-0.039176078,2.094879538,-0.561970315,-0.107997544,2.402741314,0.010107082,0.653289992,e43af9393a46c5d8f3092b3d2188f0011b000000bc31120000000000ffffffffd83f8e64e74b20cf,6734845fae65cd4aca369b3a0000003cc27d51310d100001030000009763050000000000ffffffff
2090,4553,50775,-0.067433898,2.100997694,-1.839268804,-0.636775112,1.915402946,-0.502574301,1.464700318,3a38b83a000057d76e01987e1f84d00122000000e615040000000000ffffffffc15d9f1b0a14bd4e,8d0216247e498773e03999380000003c3ca1531a0e101001033c2001cd28060201000000ffffffff
2091,4554,50776,-0.009385209,2.050931317,-0.450283074,-0.648500864,1.896183607,-0.486446436,0.658576847,b33d9d345e4c6d5796094a420a0c700005206000625b3e0201000000fffffffffb64671b57186f51,7201be21614aaf610e3ab6380000003c57c4541e0e101001033c2001c331080201000000ffffffff
2092,4555,50777,-0.008888004,2.058426859,-0.427689853,-0.630767218,1.930201837,-0.519838932,0.641612707,bf3d87359c4d64561fb2cf5f0308a000091c8000e80b070302000000fffffffff3697f20c417f752,1e03e4258b48d14fc83986380000003ccf09b2330e101001033c2001ca2a060301000000ffffffff
2093,4556,50778,-0.008225064,2.057626053,-0.413622376,-0.639468306,1.938754443,-0.530780303,0.652935272,cf3d6e35624e8256f79e7f5c03289000021c8000dc130b0202000000ffffffff365b0812b917e94c,4c02ef26f1476f56ca3978380000003c4a2911280e101001033c2001cf26060301000000ffffffff
2094,4557,50779,-0.010213884,2.057369795,-0.455114328,-0.640255547,1.893204610,-0.484101857,0.651723087,9f3d66351a4c9a569da5db440328200007240000c4290f0400000000fffffdff1c47eb0adf0f201d,39026121824af7660e3ac1380000003c813c85210e101001033c2001b1410b0201000000ffffffff
2095,4558,50780,-0.012078403,2.040296616,-0.599341491,-0.635987871,1.933821479,-0.525806952,0.637187027,723d51332c4449584e97cc1a071460000a0c00007062230901000000fffff6ffd83fcf082110463e,a00255263748d765ca397f380000003c17ede2270e101001033c2001ce27060301000000ffffffff
2096,4559,50781,-0.012782777,2.040969293,-1.839268804,-0.640089812,1.885388745,-0.481686229,1.503579020,613d663300004458d20ed802071460000a0c000073641d0a01000000fffff6ffd83fdc0b3b11643e,3d026d20a44a3f6a1c3ac8380000003c34fd11140e101001033c2001ae430b0201000000ffffffff
2097,4560,50782,-0.012741343,2.045005354,-1.839268804,-0.640918487,1.918349911,-0.504847833,1.480313296,623de43300002158856a38010714a000060c00008b41210c06000000fffff6ff8346de09600f3e3d,290272245e494f63de398f380000003c4db9c1220e101001033c2001d224060201000000ffffffff
2098,4561,50783,-0.012119837,2.038855166,-0.608719809,-0.653307180,1.901404861,-0.488222633,0.666733353,713d2433a8435a5871e20a03051c60000a0c00006c67260500000000fffff6ff2147b80fa9006b50,fe006122484a6f61093aac380000003c8ae8452b0e101001033c2001cf27070201000000ffffffff
2099,4562,50784,-0.012451307,1.953265044,-0.600620353,-0.636816546,1.927126743,-0.511384236,0.631251334,693db4281a44185accaab8020614500200000000fe00000000000000ffffffffd83fbc07f306ac3c,8c02842502490743d43988380000003c508ab1720e101001033c2001d025060201000000ffffffff
2100,4563,50785,-0.012907078,2.011659801,-1.839268804,-0.121256345,2.395341868,-0.041473667,1.841471923,5e3dd32f00006259f000f84406147000000000008578010000000000fffffdfff15af9119a0d1034,27339d5ed862e350fd367c3a0000003c3719f1290d100001030000008e6e030000000000ffffffff
2101,4564,50786,-0.010048149,2.032833106,-0.461011301,-0.638639631,1.942662375,-0.536464132,0.639492878,a33d6832c74b8a584b365e0d051c6000082800008243380200000000fffff9ff2e51bd09220b302a,60026927a147473fc5396f380000003c16eed06e0e101001033c2001ce27060301000000ffffffff
2102,4565,50787,-0.011166860,2.024440662,-0.512023667,-0.113052461,2.398801349,-0.012557187,0.632450286,883d6231f948e058ac8a9c0a0518700008000000a34d0e0000000000fffff9ff1952930ec709f94f,ed33095f6f642140dc368d3a0000003c7581a02a0d10000103000000926a040000000000ffffffff
2103,4566,50788,-0.010793957,2.019315505,-0.507192412,-0.114046872,2.396815351,-0.021580266,0.623687787,913dc2303d4906594d093d4b05187000080000009e5e020000000000fffffcff822d653fc05e3645,d533cb5ef063813fe536893a0000003c57c5002d0d10000103000000906c030000000000ffffffff
2104,4567,50789,-0.053263555,2.104329047,-0.508329178,-0.525194012,2.026266499,-0.834225728,0.578809709,9039203b2d4952da6cf6e011226c10021a000000b148060000000000ffffffffe6214b41094eff3e,120d9b314237742a2d39a5360000003cac1513790e0cf000111000006a5e1e1208000000ffffffff
2105,4568,50790,-0.055708146,2.088312931,-0.449856786,-0.503399858,2.055095507,-0.833586297,0.590575654,55392c39644ce7d72f9600141f84d00122000000817c010000000000ffffffffd83f6b65c645a8d5,200f1f354b37b026fd387e360000003c3da9e0630338f0001110000081501a0d07000000ffffffff
2106,4569,50791,-0.065072174,2.108301043,-1.839268804,-0.396956544,2.218844274,-0.857103140,1.042600802,73389c3b00009fd5d7ff77261d7c1002100000009c63000000000000ffffffffb252ef467061ff3a,291917490036b19dd031943b0000003c697ccc72033c40000e440000fe00000000000000ffffffff
2107,4570,50792,-0.044811069,2.107147883,-0.501650679,-0.433625416,2.184441657,-0.903568442,0.564525299,5c3a783b8b49b4da5dd25f26226c10021a000000827d000000000000ffffffff7556180c970ceb48,b415e5447233419c2731a13b0000003c5b7cda6a033c400011380000ff00000000000000ffffffff
2108,4571,50793,-0.010711089,2.029341593,-0.484457096,-0.402964438,2.124797642,-0.916001818,0.590936033,933dfb317d4aaf58af41dd4805187000082800009b42220000000000fffff8ff3b54c310960e9429,98189f3dc33239983531d23b0000003cb3d4766e033c40001138d000dd12060504000000ffffffff
2109,4572,50794,-0.010628222,2.036580877,-0.496037898,-0.430725053,2.089434059,-0.911809994,0.593414900,953ddd32da496c58cbb27c0c051c60000a203000725d2d0300000000fffff8ff2559d4127d0e702d,fa154f39fe32d1963f30d33b0000003cd8184466033c10010e109000c01e0f0d05000000ffffffff
2110,4573,50795,-0.010131017,2.036068362,-0.470389619,-0.468471203,2.156317358,-0.915504483,0.650125211,a13dcd32434b6d588ac6ab06051c60000a203000725c2f0201000000fffff9ff2b5c351315180026,6b127741ca3291925e30a13b0000003c9f60e65f033ce00011100000ff00000000000000ffffffff
2111,4574,50796,-0.010006715,2.057882311,-0.452201366,-0.488069369,2.170795927,-0.697813830,0.549198386,a43d7635434c81568f967d0f0328200007240000c726100200000000fffffeffe54ff90c51171847,92103b43c23e4f7cee33173b0000003cac45962b0310f0000e44d000d8120c0900000000ffffffff
2112,4575,50797,-0.011291162,2.056633054,-0.515576060,-0.488069369,2.170795927,-0.697813830,0.523030807,853d4f35c748b856a0c54c470328200007140000bb22140f00000000fffffbff5458740f2c18cb50,92103b43c23e300f7729003b0000003cb740962b0310f0000e44d000d8120c0900000000ffffffff
2113,4576,50798,-0.010545354,2.058170601,-0.468684470,-0.417673421,2.279257062,-0.793373206,0.565734267,973d7f355b4b81567a0d3d4a0308a00007240000d4180f0300000000fffffdffe04e960f800f3431,351775508139819d3c324f3b0000003cac640e330310f0000e440000ff00000000000000ffffffff
2114,4577,50799,-0.011166860,2.039623939,-0.523959708,-0.531781979,2.212597988,-0.883746088,0.656053628,883d3c3351485058c5b6ab07071460000a0c80006f61260900000000fffff7ff7e709c52b11847be,730c54488934e99dc42f5f3b0000003c72b4925b0338100100000000ff00000000000000ffffffff
2115,4578,50800,0.010337258,2.047503868,-0.408862169,-0.206775613,2.234315841,-1.079909239,0.729616942,8f3f3234a54e16561282df2a0324300114286001e312060201010000ffffffff576a275b621b82be,172bfa4ac029ef668a3773350000003c739dc435031090000f44a000fb02010100000000ffffffff
2116,4579,50801,0.008804209,2.039367681,-0.426410991,-0.049203047,2.213847245,-1.447581933,1.037592430,6a3f3433ae4da3559785af6a034c400014589000e115050302000000ffffffff576da857231ad1b7,f2397b488915e3556a361e330000003cd6f1b43c0320a000091c0000f107040200000000ffffffff
2117,4580,50802,0.009715752,2.043595936,-0.417530008,-0.538867151,2.003683776,-0.777387437,0.657292591,803fb8332b4ece551d5eaf2b034c400109584000e310040303020000ffffffff444a300fb7140185,c80bda2e623a9d3b3539e4360000003ce169d2760e0cf000044420018a44180d0c000000ffffffff
2118,4581,50803,-0.011622632,2.051860252,-0.565096421,0.049119252,2.443165990,0.284920217,0.937730261,7d3dba340e46575722caaa8d0328700005086000813f3d0100000000fffffaff05530418ee12c033,37437264ca74454ebd35743b0000003c3262b87f0d40400000000000ac3a190000000000ffffffff
2119,4582,50804,-0.010421053,2.048657028,-0.501863822,0.054464206,2.437240027,0.245417605,0.844770013,9a3d56348849b657487f1b0c07285000031880006c60171506000000fffffdffb9568d0e4718314d,b843b9639e727b44b035543b0000003c714efc790d40400000000000ad3a190000000000ffffffff
2120,4583,50805,-0.010669655,2.058234666,-0.477423357,0.031468472,2.455754657,0.240160063,0.821415687,943d8135e04a7b569f19bb430308a00007240000d51b0c0300000000fffffcff5c566f106517074f,8d41fb6554722948dc35523b0000003c6aae477f0d40400000000000ac3a190000000000ffffffff
2121,4584,50806,-0.010669655,2.056793215,-0.480194224,0.049865059,2.447202051,0.297993024,0.872730717,943d5435b94ab056a99d7c470328200007245000bf26100a00000000fffffcff0559b014d70e1818,4943f06482757f51bd357e3b0000003c53b6387f0d40400000000000ab3b180000000000ffffffff
2122,4585,50807,-0.010048149,2.037445748,-0.471029050,0.057778906,2.412415048,0.145595357,0.724864225,a33df8323a4b5f5854fb1812051c60000a2030006c622d0301000000fffffaff2f45b309b80fe33d,0844b260216d9237a235073b0000003c14cafa3d0d10000103000000b42f1b0000000000ffffffff
2123,4586,50808,-0.012285572,2.039816133,-0.636428476,0.049326420,2.441115927,0.269573879,0.992813089,6d3d4233224250589c4a0902071460000a0c00006d67230700000000fffff6ff3858ca1a2212b340,3c433264f2730348bd35693b0000003cdb953a3e0d40400000000000ac3a190000000000ffffffff
2124,4587,50809,-0.009840980,2.047567933,-0.474794586,0.052475386,2.416098754,0.119662887,0.702195118,a83d3434054be4572a1aac0407285000031880006b59201009030000ffffffff135eb41c23123a41,88432561b46b053bb835f13a0000003c2e127b7d0d10000103000000b138150000000000ffffffff
2125,4588,50810,-0.009260908,2.047664029,-0.450354121,0.030722665,2.452327208,0.222469145,0.786156551,b63d37345d4ce0571afa0c0707285000031880006d521f100c060000ffffffff9c560a1600155a37,7b4190655b716f4bda35473b0000003c02ab877b0d40400000000000ac3a190000000000ffffffff
2126,4589,50811,-0.010296752,2.052500896,-0.480975751,0.051605277,2.413151789,0.142753443,0.723145237,9d3dce34ae4a3a576ae6cd0b0328700005086000784e380100000000fffffdff4a55f5166a145f66,7343c960f96cbe35af35063b0000003c1a5ebc3a0d10000103000000b4301b0000000000ffffffff
2127,4590,50812,-0.010379619,2.051475865,-0.488577872,0.033374425,2.459598524,0.256643168,0.850783709,9b3dae34434a5c574449dc5003287000051820006951410201000000fffffdffe768c41eed170f50,bb4173663c73cb4ade355e3b0000003ce4a9d83f0d40400000000000ac3a190000000000ffffffff
2128,4591,50813,-0.008390799,2.057850279,-0.416748482,0.062833824,2.413023660,0.131598928,0.657195526,cb3d7535364e7a56e8112d4803289000021c8000e210080302000000fffffffff066223a571a71a0,8244c5605c6cb640a335fa3a0000003c9e09293f0d10000103000000b4311a0000000000ffffffff
2129,4592,50814,0.013196187,2.046030386,-0.390105533,0.053884133,2.426733455,0.221474475,0.721540327,d43f0434ad4fa55512112e1a034c900014706001c7190f0a04010000ffffffffd83f8f08fc1cf13f,aa4371624d715351ab35413b0000003c7ed2ea7b0d40400000000000ad3a190000000000ffffffff
2130,4593,50815,-0.012617042,2.067139626,-1.839268804,0.000807494,2.470905902,0.456856047,2.331393736,653d973600002f5506039804020c40000a000000a45a010000000000fffffdffe25b7639f81b1744,a93ed4673e7e7f401236ed3b0000003c61fa677f0d404000000000008971050000000000ffffffff
2131,4594,50816,-0.007064919,2.068132625,-0.423853268,0.008679908,2.473212223,0.470426189,0.981872256,eb3db636d24d2b55b451af53034c400109702000e80a040403020000ffffffff4a46480e1c008946,673f1c68fd7ea3470136f73b0000003c2dbed77f0d40400000000000817b040000000000ffffffff
2132,4595,50817,-0.012534174,1.941188892,-0.615966691,0.000931796,2.463025973,0.413801042,1.154520184,673d3b2742432b5a175f59050694500000000000fe00000000000000ffffffff354544070108e739,ac3ede66e07b513e1436cf3b0000003c49fea77f0d404000000000008a70050000000000ffffffff
2133,4596,50818,-0.012368439,2.015055218,-0.636002189,0.000600326,2.473660674,0.473054960,1.200206195,6b3d3d30284246591f650d4a0518700000000000926a020000000000fffffcff7761254c691148c3,a43e2a68227f45441136f83b0000003c1d12e87f10344000000000007e7e030000000000ffffffff
2134,4597,50819,0.008555606,2.060252696,-0.441473138,0.000931796,2.451558434,0.323996542,0.859722127,643fc035da4caa57c2ad2e71083070000a0c9000ae2b190805000000ffffffffab56fa0c370d7017,ac3e7865f076b13e18368d3b0000003c3d02b87f0d404000000000009d52110000000000ffffffff
2135,4598,50820,-0.010669655,2.031295559,-0.483320330,0.029852556,2.443454280,0.286412222,0.874073831,943d38328d4a9b582fa72a14051870000a203000983c2a0000000000fffff8ffe64a1b05a10cf646,66417b64df74e346e335733b0000003cab15493f0d40400000000000ab3b190000000000ffffffff
2136,4599,50821,-0.011871234,2.029437690,-0.559838879,0.000931796,2.457260171,0.367548882,1.021393192,773dfe315846b658a9691c46051870000a000000953b2f0000000000fffff6ff4f496604e90cde3f,ac3e2a6655794e3e1636ae3b0000003c5002987f0d404000000000008b70050000000000ffffffff
2137,4600,50822,-0.011995536,2.030462721,-0.576464079,-0.438846069,1.965917775,-1.149180906,0.717197317,743d1e326e45ae58143a5a01051870000a0000009339320000000000fffff6ff585dcb1bda10f940,36153f2af125f1440c39e7330000003cc72e80660344e0000f24a000c815120f02000000ffffffff
2138,4601,50823,-0.009343775,2.044941290,-0.452627653,-0.341518181,2.092124766,-1.063923470,0.697315346,b43de2333d4c1958255e8a01072850000620300082332b1607020000ffffffff9f5f401c8d10914a,631ea339a12a0f51523827350000003c8d1a3379033c10010e109000ed07060302000000ffffffff
2139,4602,50824,-0.009178040,2.043980323,-0.446730680,-0.212949242,2.227236718,-1.181365588,0.784088042,b83dc433904c2258be091d480728500006203000812d2c190b010000ffffffffe960821de610963e,822a1d4a2c24e02a9d37fc340000003c794fd266032440000a3c1001fa04010000000000ffffffff
2140,4603,50825,-0.009012305,2.045133483,-0.443249335,-0.557098003,2.194147423,-0.735398149,0.638712781,bc3de833c14c165807a6af1607285000062030007c3825150e030000ffffffff7b50cd148307ea41,100a1446b13c6cd6db2c173b0000003c4694d21e033840000f440000fa03010100000000ffffffff
2141,4604,50826,-0.010711089,2.009097223,-0.515647108,-0.225669405,2.217915339,-1.161401139,0.711906139,933d832fc64842596e6dbd490614800007940000a658020000000000fffffeffb452d2153806882e,4f29fa484525d631b4370c350000003c29778062032440000f44a000fb02020000000000ffffffff
2142,4605,50827,-0.010711089,2.000961036,-0.505913551,-0.185685832,2.253182826,-1.134473998,0.699514280,933d852e4f49645900629a0106148000251c0000e21c010000000000ffffffff7b50e40e8f15eb5a,142d474dc0261846643740350000003c53aa687f031090000f44a000fb02010000000000ffffffff
2143,4606,50828,-0.011208294,2.053814218,-0.513728816,-0.497391963,2.334736887,-0.881543605,0.671252430,873df734e148265742419c4b031ca000021460009239330200000000fffffbffcf499e0e6f147752,b10f3957a834d1a3fe301b3b0000003c3d382c6d0300000000000000ff00000000000000ffffffff
2144,4607,50829,-0.011746933,2.051636026,-0.570353963,-0.219371474,2.245719316,-1.107191619,0.607429784,7a3db334c4456b5717fd8c4d03287000050860007a43400100000000fffffaffc14a4813d412b028,e7295e4c4028535a8f3756350000003c08e6f236031090000f44a000fb02010000000000ffffffff
2145,4608,50830,-0.011415463,2.048400771,-0.561259836,-0.278994646,2.236622162,-0.832449531,0.424935009,823d4e344446c7578f360b06072850000318800074501c1906000000fffffbffbe450d0e14110939,4824424b5b37314a0d38f4360000003c9b29363e0310f0000e44d000b331180101000000ffffffff
2146,4609,50831,-0.012078403,2.044749096,-0.624776626,-0.360992045,2.178836017,-0.646090985,0.374398630,723ddc33c64222588ffebc080714a000060c800084392b1107000000fffff7ff724f2548fd5cde36,8d1c36449a419f5451382f380000003c1c2ed53d040cf0000e44d000726f170501010000ffffffff
2147,4610,50832,-0.043112285,2.103047757,-0.522183511,-0.378104186,2.178643823,-0.649003948,0.366084365,853af83a6a4814da27266d38226c100200000000bd2a180000000000ffffffffa6705a44ce1909a7,f01a304471419358683825380000003cf215353d0310f0000e44d0007070170601010000ffffffff
2148,4611,50833,0.011870307,2.045453805,-0.392734304,-0.383822044,2.056440861,-1.010211285,0.733465046,b43ff233884fb25559d50e19034c40010958c001b72c0c0a05010000ffffffff0e73ac2ba010d8ce,661a4935952d8f3c8e3846350000003c91da2173033c10010e109000d5120d0703000000ffffffff
2149,4612,50834,0.012906151,2.063391855,-0.395576219,-0.063414824,2.410525146,-0.016677963,0.519509674,cd3f2236604f1358ad8d4f57081cc0000314a000a332130b06060000ffffffff4370553c4a163fbc,9b3877603564f94090368b3a0000003c24e2c57e0d100001030000008c6e040000000000ffffffff
2150,4613,50835,0.012118909,2.052949347,-0.396855080,-0.348230449,2.089049672,-1.026268102,0.726165027,ba3fdc344e4fb0567ff5bf2203289000081cc00080512a0202000000ffffffff1f75932b08125ac3,c11d4339b32c594a583853350000003cae86d276033c10010e109000e50b080402000000ffffffff
2151,4614,50836,0.013071886,2.061149599,-0.389324007,-0.504394268,2.038470779,-0.291349003,0.527147655,d13fdc35b84fce5776c57f18081c30000a30500065581f170a010000ffffffffd76f913df414a6bd,080f18331b55275a1439ba390000003c16b971280434e0000344f000e20e0b0201010000ffffffff
2152,4615,50837,0.011538837,2.054967378,-0.402609957,-0.043195152,2.475422447,0.467371131,0.967804405,ac3f1b35fd4efe567fc57f670a0c90000720c000745f140c0a010000ffffffffd83f47001d0c263f,833a6168d27e29445836f53b0000003c647dc63d0d40400000000000817a040000000000ffffffff
2153,4616,50838,-0.012824211,2.027739981,-1.839268804,-0.550054265,2.015599766,-0.346269001,1.586761458,603dc9310000cb582d062800051870000a000000983e290000000000fffff6ff674a0409a517d544,ba0a4e3016529f73373980390000003c3f5d93140438d0000344f000da18080202010000ffffffff
2154,4617,50839,-0.011829801,2.057337763,-0.562964985,-0.614400885,1.902333796,-0.453196036,0.631796932,783d65352c46a556334939430328200007000000c61c180500000000fffff9ffe8455e02170c3641,a9047e22354c0f61c73920390000003c7ce1e10d0e101001033cd0008a630e0201000000ffffffff
2155,4618,50840,-0.012327006,2.027739981,-0.621366329,-0.274271198,2.329003117,-0.219093326,0.566743157,6c3dc931f642ca5810a6fc05051870000a000000973e290000000000fffff7ff53455a024c0b7541,ba2486561459323b0b38f2390000003c1b26c57d043430000e40f000af4e020000000000ffffffff
2156,4619,50841,-0.012327006,2.025497725,-0.633515513,-0.317362302,2.309047037,-0.244954748,0.569584246,6c3d83314b42e358bf2ded4705187000000000009c451e0000000000fffff8ffdf716a366416cdb0,aa201754a85757472a38d7390000003c82991236043430000e3c0001bf3d020100000000ffffffff
2157,4620,50842,0.012740416,2.053237638,-0.390176581,-0.384982189,2.247833443,-0.276286856,0.457188875,c93fe534ac4fb4568dbdef2303289000081cc00086492b0302000000ffffffff5c708d39c01751b4,4a1aa04cef55981e6f38ca390000003c23cfb46f0434e000033c1001d326030300000000ffffffff
2158,4621,50843,0.012740416,2.050707091,-0.385842661,-0.252849947,2.340054237,-0.195789627,0.436325759,c93f9634e94f5a566dcd2f1e0324a000084c7000ae3f120000000000ffffffffe25b7639f81ba3c7,bf26df575c5ad82fef37023a0000003cad26777d043430001038f000a05d010000000000ffffffff
2159,4622,50844,0.013859127,2.037093393,-0.423853268,-0.403378776,2.220285724,-0.277281526,0.478675436,e43fed32d24d2b550852af53034c400109702000e80a040403020000ffffffffa0434a0e8605123e,8e184449e155ab478538bf390000003c9546f2750434e000033c1001d820030300000000ffffffff
2160,4623,50845,-0.012492741,2.000160230,-0.669039445,-0.184442820,2.371189566,-0.137530379,0.670620224,683d6c2e574085593a1d1d490614700000000000b44b000000000000ffffffff6263e02fbf1a4198,322dab5b905d743186372f3a0000003c46fa367f043400010338f0008b72010100000000ffffffff
2161,4624,50846,0.014439200,2.045774128,-0.404386154,-0.356641501,2.275893678,-0.270105692,0.456822872,f23ffc33e44e9b55ad3dee21032430011408c001de14050302020000ffffffff26717341a71867bd,f61c0c504656702d5038c8390000003c57367377043430000e3c0001c03c020100000000ffffffff
2162,4625,50847,0.012118909,2.048144513,-0.389892390,-0.205366865,2.362380702,-0.167441529,0.442186420,ba3f4634b04f06566791af16032430010a506001cc25080302010000ffffffff0a72952b6a0ffcd0,392b985aeb5b7938a1371a3a0000003ca4dd333b043430001038f0009f5e010000000000ffffffff
2163,4626,50848,0.012740416,2.065826304,-0.401117952,-0.158049518,2.382913363,-0.103214261,0.467397062,c93f6e36124f4158256a0f58081cc00005183000b41d161403020000ffffffff8d63e4473511a5b6,af2f195d735fb75065374d3a0000003c858d512f043400010338f0008876010000000000ffffffff
2164,4627,50849,0.009177113,2.060893341,-0.436073501,-0.164927521,2.377756173,-0.112379435,0.485275516,733fd435264dbf5707ba2b3c083070000a0c9000b42b190602000000ffffffff8174dc37e11417bd,092f785cf25e0f447537453a0000003cb7058338043400010338f0008975010000000000ffffffff
2165,4628,50850,0.012243211,2.055543958,-0.389395055,-0.008639401,2.473244255,0.474191725,0.959526835,bd3f2d35b74f0c5786adcf680a0c70000824c0006e6213100b010000ffffffffd170c340201622c5,c53d1d68327fae372136f93b0000003cfa3df83f1034400000000000807c030000000000ffffffff
2166,4629,50851,0.011663138,2.052821219,-0.397778702,-0.604746820,1.886862228,-0.478560123,0.643451055,af3fd834414fb45681f57f5f03289000081cc0008154270201000000ffffffffeb6ac736421949a6,92059b20d04a2759f139f3380000003c1409f1220e101001033c20019b540d0201000000ffffffff
2167,4630,50852,0.013279054,2.048368738,-0.384919039,-0.056619689,2.475646672,0.459697961,0.949120722,d63f4d34f64ffb553b150f1e032430010a50c001cd2a040201000000ffffffff2e5e1c17de09e338,3f396868667e483d6936ef3b0000003c445ea87f0d404000000000008774040000000000ffffffff
2168,4631,50853,-0.009343775,2.018290473,-0.452059270,-0.592026658,1.959639458,-0.387192571,0.589208767,b43da230454cfc58e859184006148000079400007664210400000000fffffeff8d69b527af160aca,c5067b29d64fcf5b6c395c390000003c38e1701e043810010334f000ad43090302010000ffffffff
2169,4632,50854,0.014646368,2.054230637,-0.414830190,-0.599028962,1.923443036,-0.412840849,0.627460568,f73f0435514eb6568f651f540328900007202000a038220401000000ffffffff1e6eb02a0a152bc4,1c0611256d4e2763983948390000003c40514118043810010334f000a9470a0302010000ffffffff
2170,4633,50855,0.013900561,2.056504925,-0.405309776,-0.567249273,1.998046103,-0.366588690,0.585364745,e53f4b35d74e15576bf54d0b032870000824c00075660e0b0b000000ffffffffcf6ab824fc1128c9,1b092a2ef8509f784a396e390000003c4aa9d4150438d000110cf000d71b070302010000ffffffff
2171,4634,50856,0.014107729,2.062142598,-0.416677434,-0.493290022,2.230824328,-0.904492064,0.723788034,ea3ffb35374ede575b0d4c050720a0000314c000534840110a090000ffffffff4363bd18b90b942a,14108d4a6533019c8130683b0000003c61c0f6620300000000000000ff00000000000000ffffffff
2172,4635,50857,-0.008929438,2.025241467,-0.439057511,-0.429730643,2.276694483,-0.834367823,0.629740039,be3d7b31fc4cc55840aa690108146000072800005b51460d00000000fffffdff0665221dfe0c501a,121625504037f99fc4315c3b0000003c58c0dd710310f00000000000ff00000000000000ffffffff
2173,4636,50858,-0.008473666,2.029693948,-0.434510448,-0.497723433,2.228101588,-0.715788939,0.598204410,c93d06323c4d9d58182e6c08081460000728c0008840241200000000fffffdff4e454a116d016a43,a90f384ac53d5019142bea3a0000003c6cf0b6270310f0000e44d000fc01010100000000ffffffff
2174,4637,50859,-0.012575608,1.963835680,-0.633941800,-0.185934435,2.254880534,-1.109465150,0.583851733,663dfe294542015a82d638010614500200000000fc03000000000000ffffffff76557b1604073038,0e2d7c4d2028bf546c375d350000003c932d383f031090000f44a000fb02010000000000ffffffff
2175,4638,50860,-0.010338185,2.005445548,-0.491775026,-0.223846320,2.246391993,-1.143497077,0.726899267,9c3d112f164a4b59ed293a4106148000251c0000d523070000000000fffffeffd83ffc05451ad43d,7b29734c41265948933734350000003c9a920277031090000f44a000fb02010000000000ffffffff
2176,4639,50861,-0.012617042,2.061726179,-1.839268804,-0.367704313,2.199080387,-0.700158409,1.201051889,653dee350000f355171218000308a00007000000a856010000000000fffffaff5b5f1414251a2f40,eb1bae46a13e2f415b38e2370000003c146b23760310f0000e44d000756c170501010000ffffffff
2177,4640,50862,-0.009799547,2.061437889,-0.442823048,-0.368160085,2.202860190,-0.670673546,0.447591769,a93de535c74cfa552a8ece0d0308a000091c4000d02d010100000000fffffeffd83f7b06ae1bab3e,e01b244740408b5a533813380000003c56c1d53a040cf0000e44d000726f170501010000ffffffff
2178,4641,50863,-0.012617042,2.064352822,-1.839268804,-0.097721973,2.405496086,-0.152876717,1.722654883,653d403600008e555efe97000308a000041c0000827d000000000000fffffbffb14b08098c1b873b,5f35da5fb85c4b3eca361c3a0000003ce635143c043430001038f0009269030100000000ffffffff
2179,4642,50864,-0.011746933,2.064352822,-0.553657715,-0.016718983,2.421480169,-0.119057934,0.562531450,7a3d4036af4694554afeca020308a000071000008b74000000000000fffffcffdd452a106b13c029,023dcd61945e15412f363a3a0000003cc2ed883f04340001030000007f7e020100000000ffffffff
2180,4643,50865,-0.012036969,2.049489866,-0.622289951,-0.024135625,2.429520259,-0.156926445,0.600943150,733d7034e942aa57c35efb07072830000518200058514f0601000000fffffaff1752560cca181a3f,4f3cc8627f5c013c4036173a0000003c01e2f77f04343000103ce0008a72020100000000ffffffff
2181,4644,50866,-0.011125427,2.059131568,-0.502645349,-0.448831604,1.986514500,-0.971348104,0.645400812,893d9d357d495a56c9ad2c460308a00007240000cd260a0200000000fffffbffd83f00006d0bca3e,4514c22cb82fc00c0439c9350000003c7506d676033c10010e1090009028242202000000ffffffff
2182,4645,50867,-0.012865644,2.025850080,0.492308931,-0.501328170,2.132741636,-0.616961361,1.216758819,5f3d8e313180e258fcc907400518700000000000a0411e0000000000fffff7ff1a531d0c511a7c3e,520f973e34434943c33819380000003cd1fe2277040ce0000f44d0006d45341801010000ffffffff
2183,4646,50868,-0.011042559,2.061726179,-0.498098286,-0.179636504,2.325863959,-0.600833496,0.329768416,8b3dee35bd49f555c9b54c460308a00007240000b449010000000000fffffcfffe49f21130068b42,a62d24561744e842523781380000003c4df2567f040cd0000f381001ab4d040200000000ffffffff
2184,4647,50869,-0.011622632,2.002530615,-0.569288245,-0.273566824,2.276438226,-0.607298852,0.380900178,7d3db62ed3456d597a81ed490614800007000000b649000000000000ffffffff6743be0ab3067942,cb241d50bc43fb53eb3786380000003ca54e377e040cf0000e3410019f4c0c0502010000ffffffff
2185,4648,50870,-0.012492741,2.008072191,-0.673657556,-0.146282332,2.321699768,-0.668044775,0.341018204,683d632f16406859ef30dd4b06147000000000008c73000000000000fffffeff81581f10c2180338,cb30a2556540b242353739380000003cbced243d040cf0000d3810018774030100000000ffffffff
2186,4649,50871,-0.010462487,2.058971407,-0.467334561,-0.110773605,2.342360558,-0.676570519,0.366266866,993d98356e4b59561faadd090308a00007240000d71e080200000000fffffdff8f443410c600d344,24342758ed3f7840fa3632380000003c2d92737a040cf0000d3810018774030100000000ffffffff
2187,4650,50872,-0.012658476,1.953777559,-0.649501283,0.609883678,1.975815734,-0.659874271,0.623018469,643dc4286a41175acbceb8020614500200000000fe01000000000000ffffffff464aae05510da017,1578742bd840ae310e2b2e380000003cb1917a3d1310300014585001be26110a00000000ffffffff
2188,4651,50873,-0.011912668,2.031840107,-0.566375282,0.593185875,1.935743413,-0.536677275,0.613401005,763d4932fc459f58369fe910051870000a0000009137370000000000fffff6ff254a7405e60b3f42,827691269e47f0137b26a8380000003c32268a3e1310400103546001b8340a0a00000000ffffffff
2189,4652,50874,-0.011871234,2.027067305,-0.567725192,-0.041496368,2.418116785,-0.049217884,0.650113200,773db431e945cd58c569cd48051870000a0000009a42240000000000fffff7ff4d4e3708be0bad43,ac3a64616b623f3f6936723a0000003cc6c1663f04340001030000007f7d020100000000ffffffff
2190,4653,50875,-0.011456897,2.026618853,-0.527014766,-0.100290865,2.408314922,-0.019590925,0.641141417,813da6312648ce58d225cd47051870000a2000009e471a0000000000fffff8ffd84c8c09210e6632,213532600c64eb43c636893a0000003cff9d853e0d100001030000008f6c030000000000ffffffff
2191,4654,50876,-0.011581198,2.034723008,-0.539519190,-0.405160427,1.934045705,-1.036498995,0.641895206,7e3da33276478258a55aea03051c60000a0c00008547310100000000fffff6ffd0376b5f2247dccf,63185c26232c082e2939b9340000003caeb970570344e0000f2440009e271f1a00000000ffffffff
2192,4655,50877,-0.067185296,2.106955690,-0.591739370,-0.044976804,2.437976768,0.000586668,0.678909645,4038723b9744eed5386ea53d1f74100210000000ae4e030000000000ffffffff1635cd653b458fbc,583ad0632865d74069369b3a0000003c9d72d67d0d10000103000000a64c0c0000000000ffffffff
2193,4656,50878,-0.137332641,1.917292848,-0.563249176,-0.064243499,2.414176820,0.024813989,0.773339506,a331512428467cd5f8a703251d7c100210000000b14e000000000000ffffffff012e1f6ea4442e34,8738e9607d66c9409036ab3a0000003ccf75e2360d10000103000000ad450e0000000000ffffffff
2194,4657,50879,-0.141766053,1.957493298,-0.509750135,-0.135592424,2.412671305,-0.105345697,0.608907285,38313829194962d5e6fb50171d7c000121000000ed11000000000000ffffffffe32feb5c17479ccf,cd31ba60555f80430c37433a0000003c8749463e043400010338f0008776010100000000ffffffff
2195,4658,50880,-0.068759778,2.107243980,-0.519554740,-0.629317036,1.951118884,-0.544705684,0.582436309,1a387b3b8f48e8d52fcaa43c1f74100210000000b843030000000000ffffffffe32feb5c17470751,410371282d47af67ba3969380000003c2a6576370e101001033c2001c32e060502000000ffffffff
2196,4659,50881,-0.063704861,2.082483065,-0.519554740,-0.142138957,2.413504143,-0.119271078,0.525313119,943876388f48e8d5d6c9a43c1f74100210000000b843030000000000ffffffff8226035d6045cb58,2f31d460915edb4812373a3a0000003cdb25953d043400010338f0008975010100000000ffffffff
2197,4660,50882,-0.062710450,2.080849421,-0.471029050,-0.475556375,2.090683316,-0.274226468,0.457460074,ac3843383a4b76d5c1a593381f741002100000008876010000000000ffffffffda2e41620145c8d2,c01176390c560750f138c1390000003c82c1f0280434e000033c1001e310090201000000ffffffff
2198,4661,50883,-0.068511176,2.109229978,-0.514084055,-0.652602806,1.965789646,-0.569927676,0.604033667,2038b93bdc4863d5f0b673341d7c0001210000009d61000000000000ffffffff502b4f689b433f52,0f013b2aca450f58bf393f380000003c0c1b33780e103000113c2001dd15060403000000ffffffff
2199,4662,50884,-0.149887069,1.926806420,-0.495469515,-0.070002791,2.419173848,0.085844104,0.765984794,74307a25e2490bd5e90ba1271d7c000121000000d825020000000000ffffffffa133c36d48464429,fc378561d8692c349c36dc3a0000003c5dd6e67e0d10000103000000af420e0000000000ffffffff
2200,4663,50885,-0.131531916,1.964732582,-0.548542269,-0.051233301,2.424779489,0.201652121,0.883675646,2f321a2af746d6d59c9fc20d1d7c100210000000e916000000000000ffffffff901ede49784ac745,c139346236709f3c8836333b0000003c7edab57d0d40400000000000ad39190000000000ffffffff
2201,4664,50886,-0.057945569,2.085045643,-0.443107239,-0.051979108,2.416483141,0.171954114,0.698703716,1f39c638c34ce9d63c0a101f1f84d00122400000b834130000000000ffffffff8875d432e11494c1,af393161946ecc3b8d361d3b0000003c31da247d0d10000103000000b32b220000000000ffffffff
2202,4665,50887,0.012781849,2.055928345,-0.386126853,-0.068138272,2.422665362,0.100053677,0.614341609,ca3f3935e54f145779f91f5e0a0c80000724c0006b6b120d0a000000ffffffff975ea93d781bc19c,2938f261a06a8c329936e63a0000003cef15067f0d10000103000000af410f0000000000ffffffff
2203,4666,50888,0.013320488,2.039303617,-0.413906567,-0.631430158,1.963547390,-0.558702113,0.665137693,d73f32335e4e4c555e4dbe1c034c400109706001dd13060503010000ffffffff3273dc4a6b188bbc,0e03f5296846f755b53959380000003cf774f83a0e103000113c2001cf22060503000000ffffffff
2204,4667,50889,0.011165933,2.048016384,-0.399341755,-0.068594043,2.414304949,0.070213574,0.600842054,a33f42342b4f1456dff9bf21032430010a506001d41c080202010000ffffffff2463181a531b182c,1e38ed60fc687a379c36d03a0000003c9a66477e0d10000103000000ae430e0000000000ffffffff
2205,4668,50890,-0.009260908,2.064064532,-0.431526438,-0.211996266,2.362989315,-0.520194171,0.371913455,b63d3736664d95559efa0e17030890000a107000d32a010000000000ffffffff8c698a3f4111a3c3,992aab5a864885465b37da380000003ccd8af378040cd0000f381001b442070200000000ffffffff
2206,4669,50891,0.010420125,2.061694147,-0.422574407,-0.221360294,2.331565696,-0.603035980,0.398897475,913fed35e44ddd57c25dff6b083070000a0c9000ae291e0802000000ffffffffce6466201a1b6822,b729d656f84305497f3776380000003c92dd443c040cd0000f381001ab4d040200000000ffffffff
2207,4670,50892,-0.008597968,2.064192661,-0.422290215,-0.011249728,2.446561406,0.275612947,0.795789993,c63d3b36e84d945574fa3e1e030890000a107000e019050000000000ffffffff884af208bb18ca3f,863ddc644774d8362f36693b0000003c03a6d83f0d40400000000000aa3b1a0000000000ffffffff
2208,4671,50893,-0.011788367,2.059259697,-0.561046693,-0.117403006,2.406585181,-0.048223214,0.628313110,793da13547465b56eead9b430308a00007000000c72a0d0200000000fffffaff3b6c303ac310d8be,8433fc5f7962c23cec36753a0000003c9b39c43b0d100001030000008d6f030000000000ffffffff
2209,4672,50894,0.011124499,2.062815275,-0.415753812,-0.008597968,2.430929677,0.190639702,0.709655045,a23f1036444e045805a25f290830700003285000b22e180303000000ffffffff74450e10c1139948,c63df4629b6fb7392d36253b0000003c593e477f0d40400000000000ab3a1a0000000000ffffffff
2210,4673,50895,-0.012036969,2.050098479,-0.630744647,-0.146282332,2.411582210,-0.137175139,0.626341092,733d83347242945780b1bc47031ca000051820005c514e0401000000fffffaffd83f1508e7168b41,cb309860955d2c3b19372f3a0000003c840a657c043400010338f0008a73010100000000ffffffff
2211,4674,50896,-0.012658476,2.055960377,-1.839268804,-0.172178428,2.367986343,-0.296464449,1.582103693,643d3a350000d75691d1c7400328200007140000b723141100000000fffff9ff7964431aa9182025,5a2e475bd354ee383e379e390000003c8cca357d043430000e3c0001c9290c0000000000ffffffff
2212,4675,50897,-0.008970871,2.058939375,-0.428897667,-0.190243545,2.385892360,-0.363036297,0.379599469,bd3d97358b4d5256ae4ece150308a000091c0000e90d040202000000ffffffff2342c30fcc00543b,a62c765d2a51fa43413762390000003c87b1953d043430000e3c1001ce230d0000000000ffffffff
2213,4676,50898,-0.012824211,1.954097882,-0.725025161,-0.181459589,2.396302835,-0.269466261,0.656899554,603dce28433d165ac59249030614500200000000fd02000000000000fffffffff76c4b3e6d12a4d1,7a2dbb5e4f56c63a3f37bb390000003cbc66147a043430000e40f000b444070000000000ffffffff
2214,4677,50899,0.010834463,2.059099536,-0.411277797,-0.166419137,2.324678766,-0.698311165,0.429347552,9b3f9c35834e8b576aa5fe6c081ca0000c0c90006244262111010000ffffffff21683726751314c9,e52eff55bb3e7e3f44371b380000003c34e2447d040cf0000d3810018477030100000000ffffffff
2215,4678,50900,0.014397766,2.059644084,-0.422858598,-0.026745952,2.428655389,0.188153027,0.714980668,f13fad35e04d7d5794410d080a0c70000814c0006948391002020000ffffffffcf6ab824fc119c37,103cad62786fdc374e36253b0000003caed1853e0d40400000000000ac391b0000000000ffffffff
2216,4679,50901,-0.007893594,2.047407771,-0.416677434,-0.175824599,2.403125700,-0.249217620,0.427526440,d73d2f34374ede57540e4c050720a0000314c000534840110a090000ffffffffaa6b6f274818c4bc,022e905f6c57fc473737ca390000003c0afe943d043430001038f000a951050000000000ffffffff
2217,4680,50902,0.014729236,2.051251639,-0.403036244,-0.345827291,2.273331099,-0.412982945,0.423579075,f93fa734f74e535679919f160324a000021c8000bd340c0101000000ffffffff606a933ead1122ca,fb1dbc4f6b4eb83733383c390000003cb28ef377043430000e3c1001db100d0502000000ffffffff
2218,4681,50903,0.010668728,2.060476922,-0.418098391,-0.346117328,2.264842558,-0.446091250,0.412122801,973fc735234eb6579f35ef6b081cc0000a0c9000922f2a0e05000000ffffffffe6478a590311bfb7,f41db34e994cc94233381d390000003c7afe037b040cd0000e3c1001d6160c0502000000ffffffff
2219,4682,50904,0.004785135,2.060605051,-0.591597274,-0.488690875,2.173967117,-0.436002453,0.529697346,093fcb359944a45732465a3e0830300007289000a62b191104000000ffffffff234e6a574011afb8,83109e43274d194bcb38fa380000003c4602f378043830000f341001b723190704000000ffffffff
2220,4683,50905,0.005655244,2.060124567,-0.528222580,-0.454176558,2.157566615,-0.581792669,0.473085608,1e3fbc3515489a570876bb3c0830700003289000a827171107000000ffffffffbf68b644b61284d5,c4139e412345574f95386a380000003c0976453e043830000f3410018234331401010000ffffffff
2221,4684,50906,0.009964354,2.058298730,-0.422574407,-0.415353131,2.209170540,-0.466837226,0.453449515,863f8335e44d6e5761e5de68081ca00003309000594b2e1714010000ffffffff3f738431871353bf,6d17e947754b48417f38ee380000003ccc068479040ce0000d3c1001c617150706000000ffffffff
2222,4685,50907,0.012657548,2.058170601,-0.393515831,-0.008017895,2.426605326,0.145879549,0.653543415,c73f7f357d4f63576df12f630a0c7000083090005246313003020000ffffffff6263e02fbf1a2018,d43d6d62256d5f392936043b0000003c3ec6097f0d10000103000000af311f0000000000ffffffff
2223,4686,50908,-0.007189220,2.064545015,-0.404386154,-0.084877509,2.399441994,-0.313800128,0.355523958,e83d4636e44e9b552f3eee21032430011408c001de14050302020000ffffffff7f7478302c129bbf,95361d5fdf53463eba368e390000003c0dfa947d043430000f380001c02e100000000000ffffffff
2224,4687,50909,0.012574681,2.060508954,-0.390887060,-0.086079088,2.402292862,-0.334830295,0.360126598,c53fc835a24fb95780d5ff65081c30000a305000605528170a000000ffffffff915c5436891b719e,7836765fb752c73fb8367b390000003c0912b57d043430000f380001c627120000000000ffffffff
2225,4688,50910,0.014149163,2.039431746,-0.422077072,-0.382827634,2.243829414,-0.423924316,0.446511362,eb3f3633eb4d4f55afc5de1f034c400109702000e50a050503020000fffffffff0718f496e175aca,7e1a234cd14d934756382b390000003c5a9a8277040cd0000e3c1001d90f0c0902000000ffffffff
2226,4689,50911,0.011165933,2.049938318,-0.399270708,-0.558299582,2.085269869,-0.554297146,0.591246554,a33f7e342c4f5756c4e11f5f0324a00013506001cb270b0100000000ffffffffc4720c45811885c1,f309cd38a646c034093956380000003c356ef170043830000f44d00074462e1601010000ffffffff
2227,4690,50912,0.011746005,2.048048416,-0.392947448,-0.226995285,2.319553609,-0.648861852,0.442949947,b13f4334854f0b56a1dd7f1a032430010a506001cf21080302010000ffffffff415bc215ed0a3043,2f295f557341f030933757380000003cf7d25375040cd0000f3810019b5f030200000000ffffffff
2228,4691,50913,-0.009633812,2.022614824,-0.459377200,-0.215020930,2.290500375,-0.670886689,0.398350098,ad3d2931de4bda5871852d4a0518700008000000835b111000000000fffffdffb463771c500e2e32,502ad4513d401a33a5373b380000003c38de8277040cf0000d3810018872030100000000ffffffff
2229,4692,50914,-0.008763703,2.035716007,-0.436073501,-0.162317195,2.387173649,-0.119768413,0.497141889,c23dc232264d6b582a063e0c051c80000628c0005947372602000000fffffdffd471942fc80f0ccd,482f9e5d8a5e3b435e373e3a0000003caf99333a043400010338f0008975010100000000ffffffff
2230,4693,50915,0.012326078,2.064993466,-0.401615287,-0.296313955,2.270672424,-0.576250935,0.409951355,bf3f54360b4f3058cd815f6808307000050ca000b924160803010000ffffffff8d69b527af164d43,a622694f71454757073898380000003ce44d643b040cf0000e341001ab420a0503000000ffffffff
2231,4694,50916,-0.007562124,2.055608023,-0.414830190,-0.131656217,2.398993543,-0.076926551,0.497485506,df3d2f35514eb656e7651f540328900007202000a038220401000000fffffffff368fe2a94198025,2c320f5fe560183213375f3a0000003c31e6757e0d1000010338f0007f7e020000000000ffffffff
2232,4695,50917,-0.007230654,2.061566018,-0.398204990,-0.139362895,2.394509030,-0.087938970,0.473893429,e73de9353b4ff955432eef1c032420000a4c4001cf2b020201000000ffffffff6169812257181e38,7231835e4a60a0372b37573a0000003c7d59e43b043400010338f0008677010100000000ffffffff
2233,4696,50918,-0.008017895,2.058715149,-0.412911897,-0.257283359,2.249595216,-0.676783662,0.410118007,d43d90356c4e575665ae0f190324a000021c8000d51b0b0301000000ffffffff7169ae26f214203f,5426d74cea3ffd39013838380000003c709a72760310f0000e44d000776d150401010000ffffffff
2234,4697,50919,-0.007727859,2.052532928,-0.418027344,-0.178683528,2.367185537,-0.330638472,0.368604015,db3dcf34244e2057f4a12e4e03287000092050007867150605000000ffffffffc8623c21e711dc3a,bd2d2e5bf252af413e3780390000003c99cd153e043430000e3c1001cd240d0000000000ffffffff
2235,4698,50920,-0.008639401,2.047279643,-0.437991793,-0.156184999,2.358248544,-0.486659580,0.347620360,c53d2b340b4de757337e2d0907288000050c60005d541e1b0f060000ffffffffa050d3148b05e82e,dc2f175a5e4a50462637f6380000003c2e62c77f040cd0000f381001c52b0d0100000000ffffffff
2236,4699,50921,-0.011083993,1.997213265,-0.516499682,-0.294988075,2.272914680,-0.559838879,0.398109387,8a3d102eba487a590c124a010614800025000000e41a000000000000fffffffffd4cbc13f7058a38,c622af4f5846ba440638aa380000003cb8c6b379040cf0000e341001ac41090503000000ffffffff
2237,4700,50922,-0.011332595,2.000832907,-0.538027185,-0.307832539,2.292037922,-0.600051970,0.420190018,843d812e8b477059a7017c4406148000251c0000cb34000000000000ffffffff6373e82fe110e0c8,9021045222449b550e3873380000003c9dcad47c040cf0000e341001a4480b0503010000ffffffff
2238,4701,50923,0.012491813,2.062655114,-0.394510501,-0.303233392,2.264137849,-0.639270390,0.447420497,c33f0b366f4f06589d953f68081cc00003285000a62f130f05020000ffffffffb16aa3308c196da1,ff219d4efa413738133864380000003c596bb473040cf0000e3410017d66140501010000ffffffff
2239,4702,50924,0.013900561,2.048624996,-0.384990087,-0.305595116,2.291044923,-0.591668322,0.451177128,e53f5534f54ffa558ce98e1e0324a0001350c001ce2c020201000000ffffffffbe588215230a3342,c621e55198440f620a387e380000003c4e75d63a040cf0000e341001a7450a0503000000ffffffff
2240,4703,50925,-0.009799547,2.019699891,-0.472521055,-0.153367504,2.388775261,-0.117850121,0.531620032,a93dce30254bf3586b851d4a05188000070000008569090800000000fffffdffdf6e3c2d1b1825b4,2030d05da55e8e3b44373e3a0000003cb575333a043400010338f0008a74010100000000ffffffff
2241,4704,50926,0.013983428,2.051155543,-0.388116193,-0.175493129,2.367537891,-0.313515936,0.376250388,e73fa434c94f5c56718d3f190324a000081c2000b53c0e0000000000ffffffff8a6e602c9e16aac6,0a2e395be353463f3e378f390000003ce899753e043430000e3c0001cc250d0000000000ffffffff
2242,4705,50927,0.013983428,2.053814218,-0.400549569,-0.267931834,2.264906622,-0.626126536,0.418235802,e73ff7341a4fb45683991e0e032890000720200096362f0202000000ffffffffe0677324ac191831,5325b54eb3420d48ec376f380000003c019b767b040cf0000e3410018b5c110502010000ffffffff
2243,4706,50928,-0.007935028,2.061501953,-0.411277797,-0.239632580,2.286784636,-0.624492435,0.387164726,d63de735834ef75557a6af1b032420000a1c3001da1a090200000000ffffffff5a4e0114b3045c2e,fe276051ca42042ec6376d380000003c12b2e171040cf0000d381001a155050301000000ffffffff
2244,4707,50929,-0.011456897,1.992280301,-0.528151532,-0.297722703,2.228389879,-0.659234840,0.393546284,813d762d164896590ca2d9000614500208000000e619000000000000ffffffffce6d35273a103ccd,8422414ae1401c371a384d380000003cfa5a3375040cf0000e44d000736f170501010000ffffffff
2245,4708,50930,0.013444789,2.064545015,-0.409501600,-0.130123168,2.366801150,-0.481046798,0.342183058,da3f46369c4e2358cfe15e50081c50000630a000973a130a0a080000ffffffffc34a5612b0026c3e,5132225bad4aeb3d0237fc380000003c44aa457e040cd0000f381001c62b0e0100000000ffffffff
2246,4709,50931,-0.012078403,1.980812762,-0.563391272,-0.177523383,2.334704854,-0.569501388,0.390703196,723d102c2646d6595ef697000614500200000000f807000000000000ffffffff09488b123504ce36,d92d3857d0456d3b4a37a1380000003c7a02957c040cd0000f381001ac4c040200000000ffffffff
2247,4710,50932,-0.012119837,1.990806819,-0.589678982,-0.149182695,2.375545949,-0.351242352,0.472929648,713d482db444a859a9a5bb430614500200000000de21000000000000ffffffff3d4a4c1345058637,8530335cd051d63e13376d390000003c2aea867f043430000f380001c726120000000000ffffffff
2248,4711,50933,-0.011705499,1.996828878,-0.566730522,-0.126062660,2.386725198,-0.329856945,0.470325198,7b3d042ef7458759a8656c4506145002081c0000cf30000000000000ffffffff92602516600de636,b332905dfd521741f4367f390000003cfd39f53d043430000f380001c626120000000000ffffffff
2249,4712,50934,-0.009385209,2.031968236,-0.444315053,-0.145495091,2.377019432,-0.306269054,0.395781411,b33d4d32b24c8e5839eeba02051c6000082800007d41360b00000000fffffcff745bfb13530e4c38,de30615c4954c53f143794390000003ce579453e043430000f380001c42b100000000000ffffffff
2250,4713,50935,-0.009923848,2.035395685,-0.458311482,0.061466510,2.412671305,0.174369742,0.740080407,a63db832ed4b71584b761e0e051c600008283000725a300201000000fffffaff3f5fed15800d7630,6144ba60b66ec63798351d3b0000003cb9aecd750d10000103000000b32a220000000000ffffffff
2251,4714,50936,-0.009509510,2.032544816,-0.447725350,0.071990684,2.413792434,0.125417764,0.693170294,b03d5f32824c8a586a4e5d0a051c6000082800007d44360800000000fffffbfffc4c490b740e1019,5f45dd60056c55429635f73a0000003c36392c390d10000103000000b334170000000000ffffffff
2252,4715,50937,-0.011456897,2.035844136,-0.538027185,0.062295185,2.409564179,0.145666405,0.782651241,813dc6328b477658503fa911051c60000a0c80007f4f2f0200000000fffff6ff4e50000c3f0e402a,75445960226dbc3f9935073b0000003cc8252c3b0d10000103000000b42f1b0000000000ffffffff
2253,4716,50938,-0.011208294,2.034915201,-0.516570730,0.083260665,2.413504143,0.086909822,0.718639512,873da932b9487c58b39e7e15051c60000a0c8000824b300100000000fffff6ffcf46e00e74067844,6f46d460e769c63f8935de3a0000003cbdfdfd340d10000103000000b0410e0000000000ffffffff
2254,4717,50939,-0.011995536,2.004740839,-0.602538645,0.077418506,2.415169819,0.100479964,0.818951758,743dfb2eff436a592fe51d4d06147000080000009c63000000000000fffffeff195a4110561afb41,e2450861a66a94469135e63a0000003cc8919b3c0d10000103000000af410f0000000000ffffffff
2255,4718,50940,-0.010338185,2.061726179,-0.458879865,0.083757870,2.409564179,0.072416058,0.641966276,9c3dee35e54bf255fec9fd490308a00007244000c13d010000000000fffffdff7d5d1714b3188043,7b4659601b69dd448b35d23a0000003c2402bd780d10000103000000af420e0000000000ffffffff
2256,4719,50941,-0.009840980,2.058907343,-0.448364781,0.091091644,2.404214796,0.042007572,0.608185562,a83d9635794c5856f335fe4b0308a00007240000d217130200000000fffffeff8b4b73083c1a5240,2c47b25f6f67463d7e35b93a0000003cc89d4b3c0d10000103000000ae430e0000000000ffffffff
2257,4720,50942,-0.011746933,2.061918372,-0.553231428,0.063745367,2.433332095,0.246199132,0.884723945,7a3df435b546f455ff895b430308a00007000000ae4f020000000000fffffbff44446a04a909283f,98443f63a97242429f35553b0000003c59aa0d760d40400000000000ad39190000000000ffffffff
2258,4721,50943,-0.012409873,2.020180375,-0.655682447,0.058027509,2.425324037,0.218490465,0.966064745,6a3ddd301341165949416d490518700000000000a34f0d0000000000fffffaffd83fea02cb08ad3d,0e44456223711c47a235403b0000003c60769a7d0d40400000000000ad39190000000000ffffffff
2259,4722,50944,-0.012865644,2.018418602,-1.839268804,0.063745367,2.419430106,0.189147697,2.069094723,5f3da630000032595901c84105187000000000009a5a0b0000000000fffffbffd83f390fff03123d,98448d61866fc8379735293b0000003cca6e7d760d40400000000000af331d0000000000ffffffff
2260,4723,50945,-0.012948512,1.990838851,-1.839268804,0.087901245,2.406104698,0.057496006,1.944307882,5d3d492d0000b2596a0168410614000000000000d42b000000000000ffffffff77447d05fa089b3c,df46ed5f49685b448035c63a0000003c10c61b7c0d10000103000000ae420e0000000000ffffffff
2261,4724,50946,-0.012409873,2.018162344,-0.651490623,0.099254094,2.405528118,0.024600846,0.787159931,6a3d9e304e412a594b912d4a05187000000000009e59080000000000fffffbff4643f31108035d3e,f147db5f7a6690337b35a83a0000003c99758b3b0d10000103000000a74d0b0000000000ffffffff
2262,4725,50947,-0.012658476,1.983503470,-0.677494141,0.033001521,2.461584523,0.398454703,1.178266626,643d642ce03fcf59c8018b420614500200000000e718000000000000fffffffffa4b721397037433,b241b166087b4541dd35c43b0000003c95c2367e0d404000000000008c6f050000000000ffffffff
2263,4726,50948,-0.011871234,1.986162145,-0.550957896,0.027988037,2.475678704,0.466447508,1.129747308,773db72cd546b9591dfa68000614500200000000f10e000000000000ffffffff3d627b17d80c7a40,39416968c57e1744e135f63b0000003c79e9763e0d404000000000008378040000000000ffffffff
2264,4727,50949,-0.009178040,2.030046302,-0.439981133,0.029396785,2.459406331,0.383108365,0.929147121,b83d1132ef4c9e58ccf14e500518700008280000703c341f00000000fffffcff244615122102a13f,5b416d66307aee45e335b93b0000003c03eaa63f0d404000000000008b6f050000000000ffffffff
2265,4728,50950,-0.012492741,1.973957865,-0.616464026,0.032089979,2.484807890,0.446269915,1.179982541,683d3a2b3b43ea5958cea8000614500200000000f708000000000000ffffffffce6d35273a10494a,9c418669a97dbf43d935e63b0000003ce49d663f0d404000000000008b70050000000000ffffffff
2266,4729,50951,-0.007354955,2.043051388,-0.409501600,0.052102482,2.468695678,0.416998195,0.931563288,e43da7339c4e235805e25e50081c50000630a000973a130a0a080000ffffffffb74e1b14b206e73c,7f438f670d7ce243ba35d23b0000003ca3829a7c0d404000000000008c6e040000000000ffffffff
2267,4730,50952,-0.011042559,2.004901000,-0.524812282,0.011911741,2.469496484,0.453445749,1.083219571,8b3d002f4548595989059d470614800007940000be41000000000000ffffffff8a6bd1216a10fa3b,b53fa8670e7e43420036eb3b0000003c482ed67e0d404000000000008a71050000000000ffffffff
2268,4731,50953,-0.007976461,2.043403743,-0.415469620,0.042241248,2.477600638,0.461118919,0.979518366,d53db233484e225834eeed0a081c50000628c000664c291010040000ffffffffea6b9e274a0f4043,9142a5687a7ec73acd35f23b0000003c5649993d0d404000000000008675040000000000ffffffff
2269,4732,50954,-0.007313521,2.039335649,-0.414617046,0.013859127,2.462833780,0.413587898,0.930442033,e53d3333544e4258ee0d1f51081470000c18a000b01f170c0a020000ffffffff216837267513293c,e43fd866dd7ba43ffe35cf3b0000003c8142267e0d404000000000008a70050000000000ffffffff
2270,4733,50955,-0.007893594,2.049970350,-0.422858598,0.029645387,2.442333152,0.307300294,0.829752826,d73d7f34e04d7d5712420d080a0c70000814c0006948391002020000ffffffff97638520ec138f4c,6141586405768f47e335813b0000003c787af87e0d40400000000000a93e180000000000ffffffff
2271,4734,50956,-0.008639401,2.050803188,-0.434723591,0.050445132,2.447105954,0.321083580,0.855448037,c53d9934394d6c57d9911f580a0c70000814900069553c0202000000ffffffff0061d416b50ab437,5743ed64c776c54bbb358f3b0000003c60fe197e0d404000000000009c550f0000000000ffffffff
2272,4735,50957,-0.009136607,2.021557761,-0.444812388,0.031178436,2.466741712,0.327904175,0.892695323,b93d0831ab4ce4584d7278000518800007000000645f360700000000fffffdff0870da341e1100cc,864152672777e74fe135963b0000003cc80a387d0d404000000000009362090000000000ffffffff
2273,4736,50958,0.011911741,2.061982437,-0.403249388,0.050320830,2.456491398,0.364493824,0.864026746,b53ff635f44eef579bf95e6d081cc000032850009a2b280c06010000fffffffff368fe2a941959a6,544312662a79f946bd35ae3b0000003c241e3b7d0d404000000000008c6e040000000000ffffffff
2274,4737,50959,0.014604935,2.048689061,-0.398204990,0.009840053,2.454633528,0.364920111,0.864392003,f63f57343b4ff955932def1c032420000a4c4001cf2b020201000000ffffffffdf5d6613580c2040,833fd86530795c400736ac3b0000003c2516a77f0d404000000000008b6f050000000000ffffffff
2275,4738,50960,-0.009716679,2.028348594,-0.451348791,0.034161666,2.481636700,0.419555918,0.982787072,ab3ddc314f4caf58d4990e4e0518700008280000824b270b00000000fffffbff4065d235881ac197,ce412369317c4043d835d73b0000003ccc8a477d0d404000000000008c6f050000000000ffffffff
2276,4739,50961,0.013693392,2.046126482,-0.392876400,0.032007111,2.471194192,0.358241612,0.863247484,e03f0734864fa3557f05ee1e0324300114702000d0130f0804010000ffffffffef7229354a12e5c2,9a41dd67d278ed4cdc35a83b0000003cd031d83f0d404000000000008c6e050000000000ffffffff
2277,4740,50962,0.012077476,2.059932374,-0.395149932,0.072405021,2.389768260,-0.677636237,0.438440004,b93fb635664fa75781813f6a081c30000a309000594f261918000000ffffffffb54ec557ff11f9be,6945ef5dde3f5646c5353d380000003cb0b2057d040cd000133c40018f6e010100000000ffffffff
2278,4741,50963,0.005738111,2.058330762,-0.525238569,0.134721387,2.367666020,-0.681614917,0.369835841,203f84353f486d579b3dac7a081c30000c2890008032201914000000ffffffffc96ca6395c11dec9,494b3d5ba63f214d64353f380000003c8f9a0d74040c30010d50f0007e750a0200000000ffffffff
2279,4742,50964,0.011290234,2.061309760,-0.411775132,0.143795379,2.360234543,-0.649501283,0.404261502,a63fe1357c4ed457bc157f6d083070000a0c50009336270807000000ffffffff0471783f861755bf,244c555a6a410c404c355e380000003c18020e75040c30010d50f0008b6a070200000000ffffffff
2280,4743,50965,0.012160343,2.050546930,-0.391739634,0.159374471,2.345147362,-0.645948889,0.416033363,bb3f9134964f5c5678f58f1d0324a00013207000b338130000000000ffffffffe370ac3a9e1383c3,9c4d7e589c41803e31355f380000003c396e7c7a040c30010d50f0008b6a070200000000ffffffff
2281,4744,50966,0.011580270,2.057273699,-0.400478521,0.127926252,2.375930336,-0.617103457,0.402498202,ad3f63351b4f4e5774cd1f660a0c7000083090005c3f392107030000ffffffff357079396b12b2c8,a54a3f5c32438e336d357a380000003c8e51ed35040cd0001350f000a257040200000000ffffffff
2282,4745,50967,0.011538837,2.059387826,-0.402538909,0.135218592,2.361355671,-0.602964932,0.382951501,ac3fa535fe4e96577a35cf6b081ca0000c0c90005b46242416000000ffffffff8748cc599c11b1bf,554b785af9431f3d563587380000003cb9dd9b3b040cd0001350f000a653040100000000ffffffff
2283,4746,50968,0.004868002,2.059035471,-0.585345062,0.054629941,2.380735171,-0.641117635,0.330268871,0b3f9a35f1447f5773957b7b08303000072890008829291b0a000000ffffffffd83f595ab8100dbf,bc43d55ce0413549e7355f380000003cf2d1343d040cd0000f4c40019667020000000000ffffffff
2284,4747,50969,0.003707857,2.061309760,-1.839268804,0.064739777,2.379325753,-0.614829925,1.266534498,ef3ee1350000b55767fe573f0830300007289000a5311b0c02000000ffffffffd83fcb5a16112cbd,b044a95c52439844db357e380000003c946d653d040cd0000f4c4001a05b030000000000ffffffff
2285,4748,50970,0.003707857,2.060252696,-1.839268804,0.051936747,2.466004971,0.395541741,2.271858073,ef3ec03500009d57dc88387a0830300007289000972d290f03000000ffffffff0c719b445b1746c6,7b433b67df7a2642bc35c43b0000003c6142f97e0d404000000000008c6e040000000000ffffffff
2286,4749,50971,0.011663138,2.050386769,-0.397281367,0.441621203,2.201450772,-0.602396549,0.499756449,af3f8c34484f5e5690f16f5d0324a00013204001bc31110000000000ffffffff7670d144f0157eca,3868f8460144d435ae3270380000003c91165d78040c3001143460018c56190301000000ffffffff
2287,4750,50972,0.011165933,2.052853251,-0.400549569,0.412783310,2.222720174,-0.619519084,0.487953828,a33fd9341a4fbb5692cd1f6303289000081cc0008653220202000000fffffffff464e826eb1ae01f,8065904910439c3a223366380000003c38322c7b040c3001143460018263160201000000ffffffff
2288,4751,50973,-0.007935028,2.064288757,-0.412840849,0.095939394,2.389191680,-0.604314841,0.391170160,d63d3e366d4e965543ea5e2203242000144cc001e30f0d0000000000ffffffffea6b9e274a0f3ec4,a147dd5de6432637a53584380000003c1055083c040cd0001350f000a456040100000000ffffffff
2289,4752,50974,0.013361922,2.066210691,-0.414617046,0.000931796,2.442685506,0.251811913,0.765516395,d83f7a36544e4258020e1f51081470000c18a000b01f170c0a020000ffffffff306e4e3cf01883b1,ac3e6364f872643f1a36553b0000003c6502587f0d40400000000000aa3b1a0000000000ffffffff
2290,4753,50975,0.012657548,2.048208577,-0.385771614,0.011621704,2.433620385,0.204849275,0.705249153,c73f4834ea4fff553039ef17032430010a506001cc28060302010000ffffffff4d4f9b0f6f082445,ae3f486363703f4307362f3b0000003c1c36897f0d40400000000000ab3b1a0000000000ffffffff
2291,4754,50976,-0.011042559,2.014478638,-0.521828272,0.053718398,2.477440477,0.450461739,1.078830623,8b3d2b306f483059eaf9484005188000070000008f70000000000000fffffeffae476a0a8a07394f,a643a068e47dea3ebf35e93b0000003cd2cdca3d0d404000000000008b70040000000000ffffffff
2292,4755,50977,-0.012119837,2.012941091,-0.593444518,0.033332991,2.424779489,0.202788887,0.897588136,713dfb2f7f445259c0c85d5305187000000000008e70010000000000fffffdff7c46d508b207e040,ba4134624670bb4dd9352e3b0000003c60f2097e0d40400000000000ac3a190000000000ffffffff
2293,4756,50978,-0.012244138,2.013773929,-0.609359240,0.010130089,2.448355211,0.324280734,1.030070433,6e3d15309f434e5900199b460518700000000000916d010000000000fffffdff204cfa102b07054b,8a3f1465f476bf4607368d3b0000003c78c2177f0d404000000000009d52100000000000ffffffff
2294,4757,50979,-0.011374029,2.008008127,-0.546979216,0.000931796,2.447426276,0.279875819,0.936444868,833d612f0d4753594e9d7d4c0614800007000000926d000000000000fffffeff4a4be70cfb08c546,ac3ef7648374f63d19366c3b0000003c2dfed77f0d40400000000000aa3b1a0000000000ffffffff
2295,4758,50980,-0.011415463,2.016496668,-0.555718103,0.012864717,2.439834638,0.250106764,0.910581287,823d6a3092462459525dee4e0518700008000000a25c010000000000fffffcff4f4dda0fb407314d,cc3f0a64e07225480636543b0000003c7bf2357e0d40400000000000aa3b1a0000000000ffffffff
2296,4759,50981,-0.011291162,2.011307447,-0.534616887,0.113465872,2.401748315,-0.665842291,0.430381802,853dc82fbb4746595759ef570518800007000000847b000000000000fffffeffff47db080d092042,4849655f8440f04696354e380000003c88661a7d040c30010d50f000886e070200000000ffffffff
2297,4760,50982,-0.011912668,2.017585764,-0.590105269,0.398405798,2.221759207,-0.646943560,0.461820993,763d8c30ae4425592e817e4f0518700000000000a259040000000000fffffcffc050520a8f0ae755,256472498e41a63e393342380000003cade65b7a040c3001143460017f65170201000000ffffffff
2298,4761,50983,-0.011166860,2.022550760,-0.514226151,0.114335980,2.404374958,-0.645948889,0.422955743,883d2731da48f258ff085c4c0518700008000000a5500a0000000000fffffaff7455cb0e700a6752,5d49b75f9c410b4098355f380000003cc9a9fa3d040c30010d50f0009364050300000000ffffffff
2299,4762,50984,-0.010586788,2.021781986,-0.489714638,0.107955182,2.400883444,-0.628897402,0.420882354,963d0f31334af0585fe1fd4e05187000080000009b5d060100000000fffffcffc7548c125209df57,c3484a5f8c42b1399d356d380000003c7051193e040cd0001350f0009c5d030300000000ffffffff
2300,4763,50985,-0.010379619,2.017169345,-0.493195983,0.582993172,1.958230039,-0.567725192,0.600932370,9b3d7f30024a105928e92d5305188000070000008f6d020100000000fffffdff88444f037c0a9b3d,8c754f29e945f540dc2b95380000003c53b64f68131030001454d0009a4a0f0c00000000ffffffff
2301,4764,50986,-0.012368439,2.022807018,-0.650140713,0.424219026,2.209522894,-0.637707337,0.475001076,6b3d2f316141fd586df14d4b0518700000000000a24a140000000000fffff9ff7c5afd11570b0b50,9466f4471042d236cc3246380000003c74a6cc79040c3001143460017f66170201000000ffffffff
2302,4765,50987,-0.010006715,2.024793016,-0.463426928,-0.016014610,2.419814493,0.023393032,0.626954333,a43d6d31a54bcf5867bdff610518700008000000915a100500000000fffffcff494857065a0a7028,133d99616966133d3736a73a0000003c218e3c7a0d10000103000000ab470d0000000000ffffffff
2303,4766,50988,-0.011954102,2.021942148,-0.587121258,-0.028071832,2.423017716,-0.012059852,0.701296666,753d1431d844fd58608a9b050518700000000000a34f0d0000000000fffff9ff384aff07240a1e47,f03bfd617664b93e4f368e3a0000003cb31abb7b0d100001030000009b5a0a0000000000ffffffff
2304,4767,50989,-0.011746933,2.021045245,-0.566943665,-0.055003772,2.436759543,-0.220727427,0.542729413,7a3df830f445035984658f550518700000000000a5500a0000000000fffffaff074eda0bf609c752,6639aa63fd58b5497236df390000003cd668b63804343000103ce000a851060000000000ffffffff
2305,4768,50990,-0.011249728,2.020052246,-0.528435723,-0.042987984,2.434164933,-0.293054152,0.477389902,863dd930124805592ce57c4c0518700008000000a754040000000000fffffbff9c4d760fd708ea44,883a59630355d03c5d36a3390000003cf4ae997b04343000103ce000ad480a0000000000ffffffff
2306,4769,50991,-0.011125427,2.015791959,-0.531561829,-0.079698290,2.414208853,-0.220230092,0.510260433,893d5430e6472459988d9c4605187000080000009866000000000000fffffdffae4baa0f7607cb4e,1237ea600459d940a636e2390000003cd169033a04343000103ce000a852050000000000ffffffff
2307,4770,50992,-0.011456897,2.009930061,-0.551668375,-0.067102428,2.450821693,-0.239626158,0.543002948,813d9d2fcb464e590a554d4e0518700008000000807f000000000000fffffeffbd47bc090108001c,42386165f35717397536cb390000003c4455653c04343000103ce000a851050000000000ffffffff
2308,4771,50993,-0.012036969,2.014222380,-0.592805088,-0.054962338,2.407289891,0.060551065,0.763687709,733d233088444459f1fd0d1205187000000000009569010000000000fffffdff404afb0c4008ed3d,67391260746804378636c73a0000003ccd45263f0d10000103000000ad440e0000000000ffffffff
2309,4772,50994,-0.011581198,2.014318476,-0.566588426,-0.050570360,2.418084753,0.052096369,0.739809594,7e3d2630f9453a5967c18e4f05187000080000009668000000000000fffffdffbe48e80acb075b45,d1396361fd67db4b7936be3a0000003c18f502340d10000103000000ad440e0000000000ffffffff
2310,4773,50995,-0.011954102,2.013485638,-0.582361052,-0.050280324,2.416419077,0.092238412,0.786707500,753d0c301b454a5914d1cf5b0518700008000000936b000000000000fffffdff5e496807cd09254e,d8392f61326a38377a36de3a0000003c72c6997e0d10000103000000ae430e0000000000ffffffff
2311,4774,50996,-0.011871234,2.020212407,-0.575824648,-0.009840980,2.413408047,0.059769538,0.747386716,773dde3077450f591919de500518700000000000a551090000000000fffffaff4941300cf413fd4d,a83dd160696829412f36c33a0000003cd501d83f0d10000103000000ab470d0000000000ffffffff
2312,4775,50997,-0.012575608,2.050803188,-0.773195613,-0.006650581,2.415009658,0.079591892,0.927323022,663d99349d3a90570af1ac4c0328700005182000674c490200000000fffff9ffe53ecd05da18143f,f53d03618069b73d2b36d23a0000003c4dd2557e0d10000103000000ab470d0000000000ffffffff
2313,4776,50998,-0.012741343,2.059163600,1.515327116,-0.007023485,2.414625272,0.020480070,1.536539419,623d9e3570b8595638fbd6060308a00007000000c435060100000000fffff9ff2b3fb50542187540,ec3df7604066183d2836a53a0000003cefb9c83f0d10000103000000ab470d0000000000ffffffff
2314,4777,50999,-0.012699909,2.058587020,1.476961270,0.000848928,2.431442193,0.171101540,1.358114202,633d8c3554b68356367d16430308a00007000000c52d0b0200000000fffff9ffd540ae057b189a34,aa3e0463886e623f1b36173b0000003c34fec77f0d40400000000000ab381c0000000000ffffffff
2315,4778,51000,-0.012658476,2.058811246,-0.809358975,0.009550017,2.426541262,0.145879549,1.023816008,643d9335a03873569bf96b440308a00007000000c530090100000000fffff9ff1d3fe50b79115a40,7c3f6b62256d67450e36033b0000003c3b42067f0d10000103000000af311f0000000000ffffffff
2316,4779,51001,-0.012782777,2.045902257,1.484066056,0.497556771,2.176785954,-0.529998776,2.081834322,613d0034b8b61958a549a7400714a000060c0000923b220906000000fffff7ffa1411601350d6547,7e6df643fc475752dc31bf380000003c653a0c79040c300114346001ba201d0601000000ffffffff
2317,4780,51002,-0.012699909,2.030462721,-0.746126377,0.012450379,2.433556320,0.225666299,1.052377305,633d1e321a3ca7582cb62c06051870000a0000009038360000000000fffff5ffb03fc5000c0d833c,c23f46638871754805363f3b0000003ca552377e0d40400000000000aa3b1a0000000000ffffffff
2318,4781,51003,-0.012824211,2.030398657,1.319519205,0.010378692,2.430929677,0.190639702,1.198053590,603d1c32acadad58c19d5740051870000a0000009139350000000000fffff6ff663f420cfe113026,903ff4629b6f33440936243b0000003c5bc2487f0d40400000000000ab3a1a0000000000ffffffff
2319,4782,51004,-0.012699909,2.046703062,-1.325095416,0.028568110,2.428655389,0.188153027,1.561253176,633d1934451c0a586e53490e0714a0000318200090312a0e06000000fffff8ff35408606ef0eb342,4741ad62786f6846e835243b0000003cb2318a3e0d40400000000000ac381b0000000000ffffffff
2320,4783,51005,-0.012741343,2.036709006,-0.917849063,0.013071886,2.446561406,0.275612947,1.262139803,623de132a9326c58c2e24c08051c60000a0c0000795b290200000000fffff5ffad412c005b0aa23b,d13fdc644774d3480436693b0000003c035ad73f0d40400000000000aa3b1a0000000000ffffffff
2321,4784,51006,-0.012782777,2.023223437,-0.744279132,0.355066091,2.245655251,-0.643462214,0.441534543,613d3c31343c06591cf94d4c0518700000000000a544160000000000fffff9ffff3edb05b80eb816,0f605c4cbf41da32c9334f380000003c647e9b7c040c3001143460018263160201000000ffffffff
2322,4785,51007,-0.012865644,2.036132426,1.503320027,0.577441049,1.959991812,-0.590673652,2.176940264,5f3dcf32c7b77358916ec701051c60000a0c00007c572a0100000000fffff5ff61224f1b5410a240,06758629a644113b1f2c7f380000003c8c12cf6e13103000145460019b46120c00000000ffffffff
2323,4786,51008,-0.016180345,2.043884226,1.875326640,0.572054661,2.007463579,-0.648648708,2.591871610,0f3dc1333bcc2a5840dac2070714a000062030008037241a09010000fffffdffb633721397037247,8474502f7641b34fcb2e4c380000003c3eba6f61131030001458d000724b340d00000000ffffffff
2324,4787,51009,-0.014067223,1.987091080,1.777138493,0.569817238,1.972035931,-0.621934712,2.469149643,423dd42cd5c6b959230667000614500200000000f10e000000000000ffffffff0229166966425f53,4e74fe2aee42f778bb2c62380000003cd8411944131030001458500191441d0d00000000ffffffff
2325,4788,51010,-0.064657837,2.078382939,-0.483675569,0.581170086,2.000096166,-0.617671840,0.664211959,7d38f637884aadd41df2802c1d7c000121340000e019060000000000ffffffff79289e713f3fb753,60756a2e2a436b4f0f2e74380000003c59c2bf5f13103000145850018d42250c00000000ffffffff
2326,4789,51011,-0.065942283,2.074122652,-0.478346980,0.561861957,1.981485439,-0.652414245,0.658041967,5e387137d34ad2d388baa1331d40f0010d000000ab4d070000000000fffffffffc24f360cf43b35d,8e73252c41418b3ab42d3d380000003c87ceae7013103000145850018447260e00000000ffffffff
2327,4790,51012,-0.063124788,2.079536099,-0.463000641,-0.123576635,2.369619987,-0.448151638,0.296687681,a2381a38ab4b0fd5d99592331d7c000121000000b845010000000000ffffffff93219267fe407b58,ef327a5b7c4c2242fd3615390000003c3966157e040cd0000f381001c62a0e0100000000ffffffff
2328,4791,51013,-0.063829162,2.075692232,-0.451348791,-0.263415555,2.255713372,-0.647796134,0.332917253,9138a2374f4c50d438a671311d40f0010d840000cc1a190000000000ffffffffe02214647542735a,c025964d8241242ff93755380000003cab5a0479040cf0000e341001796b150501010000ffffffff
2329,4792,51014,-0.063414824,2.077966520,-0.454759089,-0.322085750,2.211604989,-0.657955978,0.355047693,9b38e9371f4cb0d40ae6a1311d7c000121340000d623060000000000ffffffff502b4f689b43035c,38203548f34051452c383c380000003cce12a377040cf0000e44d000736f170501010000ffffffff
2330,4793,51015,-0.064740704,2.079664228,-0.495469515,-0.120386236,2.385443909,-0.356926181,0.340282079,7b381e38e2490bd5f609a1271d7c000121000000d825020000000000ffffffffce21b76a663fb355,3c33685d8051153eed3668390000003c6e2e257d043430000f380001c726120000000000ffffffff
2331,4794,51016,-0.064367801,2.073289814,-0.450993552,-0.129915999,2.387718197,-0.220727427,0.395201547,84385737544cced3616e21311d40f0010d0000009f540b0000000000ffffffffda2e416201451764,5632af5dfd58e33f0237e2390000003c37e6767f04343000103ce000a852050000000000ffffffff
2332,4795,51017,-0.064284933,2.080881453,-0.514084055,-0.101326709,2.402292862,-0.220585331,0.436828213,86384438dc4863d593b573341d7c0001210000009d61000000000000ffffffffd034eb695f45982d,0835765fff58ad3bd536e2390000003c5256d47b04343000103ce000a852050000000000ffffffff
2333,4796,51018,-0.135633857,1.942181891,-0.560549358,-0.106920266,2.394412934,-0.256322406,0.545794305,cc315a274e468fd5d32f03131d7c100210000000d32c000000000000ffffffff4b2f8a407a600643,8134805e0857683fe136c2390000003c306e747c04343000103ce000a852050000000000ffffffff
2334,4797,51019,-0.053056386,2.106026755,-0.515433964,-0.113093895,2.399474026,-0.023214366,0.576190885,9539553bc94891da6c52310f226c10021a0000009767010000000000fffffffff7369f3e3664e33f,ec331e5fd9634d41e136873a0000003c727da1310d100001030000008f6c030000000000ffffffff
2335,4798,51020,-0.051274734,2.109678429,-0.580513807,-0.112555256,2.400627186,-0.013693953,0.640071269,c039c73b35451edb5652d2091b88a00121640000bc340b0300000000ffffffffe6365b3f4965b03b,f933425f5f640a3dd9368c3a0000003cbd3d01310d10000103000000926a040000000000ffffffff
2336,4799,51021,-0.051316168,2.110959718,-0.577600845,-0.101160974,2.406777375,-0.203604892,0.479442972,bf39ef3b5e454fdb2e5e42091b88a00121640000bf29160100000000ffffffff22318f441064ed3d,0c350260ee59e63ece36f1390000003c25da447d04343000103ce000a852050000000000ffffffff
2337,4800,51022,-0.052973518,2.109742494,-0.522751894,-0.254838768,2.300718657,-0.526375335,0.277911143,9739c93b624817db5722c10f1b88a00121640000b741060100000000ffffffff1528b06b0c41f754,8f2613532f487037cb37c6380000003cb5ba367d040cd0000f381001c72a090302000000ffffffff
2338,4801,51023,-0.065030741,2.076332876,-0.478773267,-0.624800757,1.897240671,-0.484386048,0.587748239,7438b637cd4a53d43d2ec12e1d40f0010d840000d716120000000000ffffffff0b254f5a2747b74f,ae03df217e4a7f66003ac9380000003c7144892a0e101001033c20019e510d0201000000ffffffff
2339,4802,51024,-0.062047510,2.082322904,-0.462432258,-0.258650673,2.321347414,-0.472378959,0.309652155,bc387138b34bf1d5d2c1333a1f74100210000000c03b040000000000ffffffff5f379b62b545d0d6,33269755274bba39bf37ff380000003c156e467f040cd0000e3c1001d21d0b0202000000ffffffff
2340,4803,51025,-0.066936693,2.108461204,-0.587050211,-0.129045891,2.396142674,-0.202183934,0.484499980,4638a13bd94493d5074785361d7c100210000000906f010000000000ffffffff7431b13ba95e5442,6b32b65e025aaf3cff36f3390000003c4212657d04343000103ce000a852050000000000ffffffff
2341,4804,51026,-0.052227711,2.104136853,-0.530638207,-0.203833816,2.359529834,-0.313018601,0.368195978,a9391a3bf3474eda678a5209226c10021a000000b147060000000000ffffffff0a302d452065ca34,5e2b3f5aea530a3f693790390000003cfca1853e043430000e3c1001d2220a0100000000ffffffff
2342,4805,51027,-0.053014952,2.110991751,-0.517920640,-0.244397462,2.331085212,-0.386339996,0.319971659,9639f03ba64845db2672f14d1b88a00121640000c62b0e0000000000ffffffffc729be3acf53c43f,8b27c756e24f623aa93750390000003c769a077f043430000e3c1001d2210b0101000000ffffffff
2343,4806,51028,-0.053553591,2.093790442,-0.487370058,-0.123410900,2.386500972,-0.253409444,0.381178524,8939d739544ac6d80ac6d2072188f0011b000000b932140000000000ffffffff7e1faa41744aab42,f332895d3157023df736c4390000003c40b2467f04343000103ce000a852050000000000ffffffff
2344,4807,51029,-0.056205351,2.084853450,-0.443249335,0.059436256,2.440154960,0.270284357,0.805445513,4939c038c14ce6d6439a40141f84d00122400000b23b120000000000ffffffff85210d46c753e54c,30441464fc731f49a8356b3b0000003c4d8aba7d0d40400000000000ad3a190000000000ffffffff
2345,4808,51030,-0.056453954,2.093854507,-0.452698701,-0.073814696,2.366448796,-0.725309353,0.385908809,4339d9393c4cc4d81eda502d2188f0011b000000af37190000000000ffffffff1c52c44d09659b4e,a037175b3f3db640ad360c380000003c3c86357e0310f0000d3810018479010100000000ffffffff
2346,4809,51031,-0.043940960,2.111087847,-0.503071636,-0.068842646,2.361964283,-0.698524308,0.318999729,713af33b77493adb819ebc771b88a00121640000d423090000000000ffffffffd65d823ebd444a44,18388b5ab83e3c3fac3622380000003c464ec57d040cf0000d3810018676010100000000ffffffff
2347,4810,51032,-0.042407911,2.079632196,-0.450638313,-0.365591192,2.215064470,-0.548826460,0.363909668,963a1d38594c58d528526e4c1f741002100000008d70020000000000ffffffffd83fce68e145e422,1e1ca148f3464b4e48389d380000003c36ea733b040cf0000e341001a9430a0603000000ffffffff
2348,4811,51033,-0.127181372,1.920079652,-1.839268804,-0.115248450,2.341463655,-0.713657503,1.201959930,9832a8240000afd58403480f1d7c100210000000be41000000000000ffffffffc462824f0145f03a,b8330b58e33d9a45fc3611380000003c117aa43c040cf0000d381001807b020100000000ffffffff
2349,4812,51034,-0.038347403,2.080400970,-0.439412750,-0.161819990,2.319393448,-0.631597221,0.330602110,f83a3538f74c5bd564f64f221f74100210000000906e010000000000ffffffffcc4841355b593a41,542f5a556642c73b463760380000003c778e767e040cd0000f381001a059030200000000ffffffff
2350,4813,51035,-0.047960034,2.099011696,-0.583710961,-0.010586788,2.427982712,-0.263143001,0.460849765,103a7a3a08458ed936420c052284b0011f0000009964020000000000ffffffffd83f996f79473c23,963d9862a856d73e2b36b9390000003c30fed77f04343000103ce000a94f070000000000ffffffff
2351,4814,51036,-0.119806163,1.967615483,-1.839268804,-0.016511815,2.433300062,-0.187832266,1.718945749,4a33742a000025d65aff270b1d7c100210000000f20d000000000000ffffffffd83f6b65c64544cf,073d3e63cc5af13d3f36fc390000003cf6b1863f04343000103ce000a751060000000000ffffffff
2352,4815,51037,-0.128714421,1.888559936,-1.839268804,-0.117195837,2.395405933,-0.148400702,1.765236664,7332d02000009fd5e6ff77261d7c1002100000009c63000000000000ffffffffd83fae6b9346e01e,89339f5ef75c4139f036203a0000003c49fa567f043430001038f000906d020100000000ffffffff
2353,4816,51038,-0.123866671,1.948107854,-1.839268804,-0.141351715,2.350688938,-0.553586667,1.347351406,e83213280000e5d50bffb7061d7c100210000000d827000000000000ffffffff9f34ab703c476232,42312b59b0464d3c1637b2380000003c5ada357e040cd0000f381001ae4a040200000000ffffffff
2354,4817,51039,-0.127015637,1.979819763,-0.559128400,-0.134390845,2.328939053,-0.632378747,0.356797261,9c32f12b62461ad6d783e2131d7c100210000000f50a000000000000ffffffffd41de84ac2489644,ea3184565b42dd3a2c375f380000003c4edee47c040cd0000f3810019d5d030200000000ffffffff
2355,4818,51040,-0.058277039,2.083444032,-0.441544186,-0.359500430,2.216730146,-0.528009436,0.340553901,17399438d94c6cd63a0610201f74100210000000bd2e140000000000ffffffff6b1925574b41f14e,b11cd548184809464738b3380000003c85ee4278040cf0000e341001ac40090603000000ffffffff
2356,4819,51041,-0.060265859,2.074603136,-0.430958055,-0.023555553,2.422313007,-0.082184093,0.493855320,e73880376e4d5ed45f46a0241d7c00012178d000c926100000000000ffffffffd83f213171575341,5d3ce7619b60483f3c365d3a0000003cae65193f04340001030000007f7d020100000000ffffffff
2357,4820,51042,-0.049493083,2.097121794,-1.731986530,-0.204621058,2.362925250,-0.168223056,1.593760449,eb393f3ae60549d927fe27002188f0011b0000009768010000000000ffffffff9b1b9853cc425749,4b2ba95ae05b183d9f37193a0000003c78199338043430001038f000a05e010000000000ffffffff
2358,4821,51043,-0.059851521,2.077197747,-0.436215597,-0.290720399,2.347774005,-0.414545998,0.356344667,f138d137244dc2d4591a70221d7c000121000000ba41040000000000ffffffffa81ace48d7423c3f,2d23d058554e2836e93741390000003cf4161579040cd0000e3c1001d216130202000000ffffffff
2359,4822,51044,-0.057406930,2.076749295,-0.434155209,-0.631554459,1.945289018,-0.544989875,0.599342567,2c39c337414dced4362e70191d7c000121000000b24b020000000000ffffffffff1de2602b41ff50,0b03bb272947f546bb3969380000003cca99202b0e101001033c2001c82b060402000000ffffffff
2360,4823,51045,-0.062461848,2.075243780,-0.442396761,-0.646429177,1.963675519,-0.579092850,0.610041916,b2389437cd4c55d459bef02b1d7c00010d840000c921160000000000ffffffffd51d055ea2423351,a401f9294945d639b4393c380000003c688ed1710e103000113c2001db16060403000000ffffffff
2361,4824,51046,-0.061964643,2.077710262,-0.441899426,-0.431222258,2.197735033,-0.270318835,0.424496209,be38e137d44cb9d441dad02c1d7c000121340000cc2e050000000000ffffffffd83faf2fbe4f2e42,ee15844643567b5a9f38bd390000003c9da512330434e000033c1001d820030300000000ffffffff
2362,4825,51047,-0.049244480,2.089818446,-1.839268804,-0.650448251,1.955603396,-0.552378853,1.426725411,f1395b39000035d823fe1700217c20021d000000ad4f030000000000ffffffff2f5238397f575f41,4301fd28c1468f66c93959380000003cb52cb4250e103000113c2001da1a040402000000ffffffff
2363,4826,51048,-0.046095515,2.097346020,-0.508258130,-0.028361868,2.474749770,0.472486577,1.051003450,3d3a463a2e494cd92e1a6d072188f0011b000000926c010000000000ffffffff6f4a59348955fd41,e93b4c681a7f34414036fb3b0000003c7d35e83e1034400000000000807c030000000000ffffffff
2364,4827,51049,-0.047545696,2.095456118,-0.564670134,-0.151088648,2.386084553,-0.093338608,0.563328889,1a3a0b3a144605d91b9efc052188f0011b000000a654050000000000ffffffff57587c4378573231,57307c5dfe5fea455137553a0000003c827d4131043400010338f0008876010000000000ffffffff
2365,4828,51050,-0.043319454,2.097602278,-0.478275932,-0.146862405,2.391081582,-0.080834184,0.504788260,803a4e3ad44a4cd93af21e2f2188f0011b000000946a010000000000ffffffffd83f1378f14b71a8,bd30185eae6062393a375e3a0000003ca7398339043400010338f0008578010000000000ffffffff
2366,4829,51051,-0.108950520,2.010474609,-1.839268804,-0.475804978,2.087127738,-0.271029314,1.612399762,5034ae2f00006bd7defca7061d00000000000000ff00000000000000ffffffff736fdb28761345c4,ba11073939568d4df338c5390000003c78d1702a0434e000033c1001e310090201000000ffffffff
2367,4830,51052,0.013734826,2.059227665,-0.403320436,-0.271329402,2.375001401,-0.256109263,0.450161966,e13fa035f34e7a575641ed080a0c7000083090005c443a2003020000fffffffffe66541fa50d6426,0125225c0b579c44e037c6390000003c0262353e043430000e3c0001c138050000000000ffffffff
2368,4831,51053,-0.008266498,2.032192462,-0.429466050,-0.278165971,2.368242601,-0.272237128,0.458798818,ce3d5432834d885808c27d0c081470000628c000a637111100000000fffffdffef6e81331018bdab,5c244f5b2856713ae937bb390000003caa6e847a043430000e3c0001cb2c070100000000ffffffff
2369,4832,51054,0.013361922,2.050771156,-0.383995417,-0.189746340,2.224449914,-1.334473734,0.987332927,d83f9834035054567489ef1f0324a000081c3001b23e0e0000000000ffffffffc673b92c73136abd,b22cc649c11b79c4bc3ba6390000003c3cc4e56e0324a00008101001f10a030000000000ffffffff
2370,4833,51055,0.013196187,2.058811246,-0.391952778,-0.235903542,2.347806037,-0.212414827,0.421666385,d43f9335934f735752855f160a0c7000083090005242382e03020000ffffffff50735a2ef314a8c3,5828d1587259ac41c837f1390000003c5951b43a043430001038f000a25b010000000000ffffffff
2371,4834,51056,0.013279054,2.056248667,-0.391668586,-0.174208682,2.167528639,-1.356285428,0.988949208,d63f4335974f16576a01ef1003288000091cc0006c67100f0d000000ffffffff924d910cc30e6c30,292ed5428e1ae5c2c13bd2390000003c64bca37003289000081c1001dd10100200000000ffffffff
2372,4835,51057,-0.011374029,2.036837135,-0.531917069,-0.209841711,2.148405397,-1.337031457,0.836687562,833de532e1476a58af1e5d0b051c60000a0c800078572c0300000000fffff6ff89504f10350ff636,cd2a80409d1bbbc0a13bd4390000003c5708226c0324a000081c1001e3110b0100000000ffffffff
2373,4836,51058,-0.010959692,2.038855166,-0.515291869,-0.083344460,2.409980598,-0.118418503,0.548162484,8d3d2433cb4859588ff2bd0c071460000a0c80006b65280600000000fffff7ffee1f1c49434c0e44,ba3666609d5ec540b8363b3a0000003cec2963390434000103380000807d020100000000ffffffff
2374,4837,51059,-0.057655532,2.086743352,-0.446588585,-0.063083354,2.449604468,-0.121331466,0.487329298,2639fb38924c6ad73a06301f1f84d00122000000ad4e040000000000ffffffff9a72a3307e169bb6,a3383b65745e1d427036373a0000003cfe49053e0434000103000000807d020100000000ffffffff
2375,4838,51060,0.013361922,2.053525928,-0.388116193,-0.072198780,2.415650303,-0.081686758,0.482030804,d83fee34c94fb75660a18f1903289000081cc000903d2d0302000000ffffffffaa6b6f2748181f39,c7371761a2602d419e36583a0000003cb9b5d43c0434000103000000807d020100000000ffffffff
2376,4839,51061,-0.007479256,2.058811246,-0.403036244,-0.089103752,2.402356927,-0.293622535,0.369672224,e13d9335f74e53562f929f160324a000021c8000bd340c0101000000ffffffffe56831237c161549,2f36785ffb54ac38bd369f390000003c5c46d37804343000103ce000b046090000000000ffffffff
2377,4840,51062,-0.008017895,2.055319733,-0.417814200,-0.062627583,2.427406132,-0.298666933,0.394495346,d43d2635274eca56f4e50f5e0328900007202000b43c090600000000ffffffff016a99216d0efc44,ae388662b454942b80369e390000003c648b057204343000103ce000af460a0000000000ffffffff
2378,4841,51063,-0.008017895,2.035235524,-0.421721832,-0.091506909,2.401876443,-0.259448512,0.409546835,d43db332f04d6c588e2def52081470000630a000ae2d160b02010000ffffffffb7630a1a7c0d4637,f535695fdc56873ec936c0390000003c0b86327704343000103ce000a852050000000000ffffffff
2379,4842,51064,-0.008929438,2.032480752,-0.436073501,-0.038886042,2.438649445,0.041865476,0.627929989,be3d5d32264d8758ff5d3f14051c60000828c0006838312e00000000fffffdff05548c0ba21b8035,eb3ae5636d67c6455e36b33a0000003c4e7dd73d0d10000103000000ac450e0000000000ffffffff
2380,4843,51065,-0.011042559,2.064160628,-0.496393137,-0.125358286,2.188477718,-1.381649515,0.901222325,8b3d3a36d54997554ea6fc060308a000071090009768000000000000fffffdffa1622919041a7b40,c43263452919674b0d37b0330000003cad5e637903289000081c4000e20d0c0400000000ffffffff
2381,4844,51066,-0.009219474,2.061437889,-0.433018443,-0.088855149,2.208593960,-1.379518079,0.961175485,b73de535514df75545364f12030890000a1c4000de1d030100000000ffffffff25479b105805523e,3536d74747196f4dc736d5330000003c8afa437b03289000081c4000e00d0b0700000000ffffffff
2382,4845,51067,-0.012119837,1.998142200,-0.598986252,-0.147525345,2.197799098,-1.339731276,0.779038330,713d2d2e3144885973819d490614700000000000c03f000000000000ffffffff75501a168410e637,ad308646771bdfb7e13bb7390000003cdc40d7790324a000081c4000ed0b060100000000ffffffff
2383,4846,51068,-0.010628222,2.043852194,-0.515718156,-0.283096588,2.328362473,-0.252770013,0.473631539,953dc033c548295879d6fc070714a000060c80007941281b02000000fffffbff9842ad107d01a53c,e52372563a571f480e38d0390000003c60ada235043430000e3c0001c03c030100000000ffffffff
2384,4847,51069,-0.012782777,1.964604453,-0.705842238,-0.298178474,2.323653735,-0.284741552,0.622649884,613d162a513eff595dbe69010614500200000000fa05000000000000ffffffff7169ae26f2147cc9,7922df557855153b0e38ae390000003c065e647c043430000e3c0001c437030100000000ffffffff
2385,4848,51070,0.014480633,2.057113538,-0.418027344,-0.287571433,2.356454739,-0.395718314,0.425838348,f33f5e35244e205790a12e4e03287000092050007867150605000000ffffffffa76d3b35441005c4,7923df595e4ffa40e2374e390000003c496ef57d043430000e3c1001d21f0d0101000000ffffffff
2386,4849,51071,0.011621704,2.063968435,-0.412272467,0.087776944,2.403413991,-0.353231692,0.352857930,ae3f3436754e1a58e67dcf6a083070000314a000be27130302020000ffffffff775b6615910e4c2d,dc46995fb451c33f873569390000003ce93d1c3b0434300014403001c626130000000000ffffffff
2387,4850,51072,-0.009840980,2.036292587,-0.458240434,0.067598706,2.408250858,-0.434155209,0.380696674,a83dd432ee4b68589b563f1a051c6000082830006e5f2e0202000000fffffbff2e5613153d093145,f5443060414dc443bb3523390000003c416b3978040cd0000f384001be2d140000000000ffffffff
2388,4851,51073,-0.010089583,2.016560733,-0.485878053,0.044975876,2.414336981,-0.426410991,0.405948864,a23d6c30694a0f595ea53d4b05188000070000008177050100000000fffffeff025b2c17e4089238,d342ee60ae4d0b3ade352a390000003c115fe578040cd0000f384001bd2a180000000000ffffffff
2389,4852,51074,-0.009633812,2.014927089,-0.463355880,0.060306365,2.425035747,-0.352023878,0.430668729,ad3d3930a64b1859cf29794006148000079400009453170100000000fffffeff7053f5143c08dd42,45443c62c5517631c33568390000003c054d993a043430000f40e000c0251b0000000000ffffffff
2390,4853,51075,-0.010379619,2.013293445,-0.500229722,0.042241248,2.424907618,-0.359341808,0.438228921,9b3d06309f492d5967559d490614800007940000916a030000000000fffffeffe35fe415010c3c46,914238625e51533ce23563390000003c9a3d853d043430000f40e000be241d0000000000ffffffff
2391,4854,51076,-0.009385209,2.026939176,-0.446091250,0.075305384,2.438297091,-0.393942118,0.423210778,b33db031994cb95891219e4c0518700008280000764a211e00000000fffffdffee713236991364c5,af45da63774f7e37bb3546390000003c4d9a0a7e043430000f40e000c0231c0000000000ffffffff
2392,4855,51077,0.012118909,2.057690118,-0.397352415,0.070001864,2.438745542,-0.373906620,0.386139065,ba3f7035474f575776bd6f660a0c8000073090005544302f06020000ffffffffad4385102d04373e,2f45e86391506a32c03553390000003cad9d993e043430000f40e000c0241b0000000000ffffffff
2393,4856,51078,-0.012575608,1.991351367,-0.667973727,0.106214965,2.382400847,-0.551171040,0.425057365,663d592d6640ac5979196c450614500200000000d52a000000000000fffffffffa613e1894185347,9948095dd24666458235b6380000003cf19e0d73040cd000144cf000b047070000000000ffffffff
2394,4857,51079,-0.009260908,2.058715149,-0.435931405,0.056121556,2.402036605,-0.522822942,0.360131403,b63d9035284d5a56fc59de4c0308a00007240000e410080201000000ffffffff3f5e5b157b1bf031,e0436e5f6148da43d935d3380000003c7412447b040cd0000f384001bc360e0000000000ffffffff
2395,4858,51080,-0.009840980,2.064192661,-0.446162297,0.056660195,2.403926506,-0.496535233,0.349826993,a83d3b36984c95558b86ce10030890000a107000bd42000000000000ffffffffff49ea094717f54e,ed43a95fd3495a45d635eb380000003cdb95b43c040cd0000f384001bd340e0000000000ffffffff
2396,4859,51081,-0.011871234,2.056697119,-0.565380612,0.105054819,2.383233685,-0.692982575,0.369567439,773d51350a46bf567ebdeb450328200007000000c11f150900000000fffff9ffd0657a1edd19603b,7d48235d063f634e993534380000003c316f0978040c30010d50f0007d79070100000000ffffffff
2397,4860,51082,-0.008639401,2.061469921,-0.422290215,0.072819359,2.406392988,-0.480833655,0.359214123,c53de635e84df655619a0f17030890000a1c4000e0120c0100000000ffffffff2647e905e90df031,7345f65fb04ac13fb835f8380000003c23d9d73c040cd0000f50e000be330e0000000000ffffffff
2398,4861,51083,-0.012161271,2.033826105,-0.598986252,0.082473424,2.420871557,-0.506908221,0.408947760,703d873231448c58bed69b07051c60000a0000008943320100000000fffff6ff41478403df0c893f,5c46ba614149103bb235e3380000003caaad583f040cd0000f50e000be330e0000000000ffffffff
2399,4862,51084,-0.012161271,2.030206463,-0.597920534,0.091754584,2.409660276,-0.550815800,0.396235481,703d16324044b058791a5c05051870000a0000009339330000000000fffff6ff0447ea12ea028f39,3c475c60d7462541a535c1380000003c2cab4a78040cd000143c3001b442090000000000ffffffff
2400,4863,51085,-0.012327006,1.982510471,-0.600336161,0.088191282,2.420583267,-0.526943718,0.455409872,6c3d452c1e44d1591f5e99000614500200000000f00f000000000000ffffffffc7518b137e0f402b,e646b1612748093cab35d5380000003c64c2a97e040cd0000f503001bc350d0000000000ffffffff
2401,4864,51086,-0.010628222,2.040200519,-0.508826513,0.065444151,2.399474026,-0.551668375,0.369729473,953d4e3326494c58c9125d0d071460000a0c8000715e260a00000000fffff9ff88573a166d0f6c2e,c1441e5fcb46483dc635bb380000003c243b4578040cd0000f50e000b3420a0000000000ffffffff
2402,4865,51087,-0.010048149,2.039784100,-0.478773267,0.321960522,2.321699768,-0.527227910,0.438239722,a33d4133cd4a4b589e9a6c09071460000a2030006d60280901000000fffffbffbd57e916c6076c38,f05ca2552348ef4c4d34d5380000003ce1966c75040cd00013500000c42d070601000000ffffffff
2403,4866,51088,-0.010006715,2.009962093,-0.480123176,0.332236093,2.273299067,-0.505558311,0.432577678,a43d9e2fba4a3659d5051a410614800007940000bd370b0000000000fffffefffe4299113b02c13c,e85dbb4f544982410e34e7380000003c2852bd77040cd00013500000c52c070601000000ffffffff
2404,4867,51089,-0.012741343,1.975527444,-0.689217038,0.308826022,2.331501631,-0.499021908,0.516040095,623d6b2b3b3fe8593492fa010614500200000000f20d000000000000ffffffffac625e1d3c0f5235,b35bd456b049da305b34f0380000003c94bdaa3c040cd00013500000d41f0a0101000000ffffffff
2405,4868,51090,-0.008805136,2.039207520,-0.438773320,0.316615567,2.331277406,-0.512876241,0.443502757,c13d2f33004d4b5866c6bc07071460000828c0005f55222107000000fffffeffd25603188e100138,6f5ccd56ed48b6405534e3380000003c2fa64b7c040cd00013500000d0220a0201000000ffffffff
2406,4869,51091,-0.010048149,2.043788129,-0.482467756,0.092086054,2.407514116,-0.391384395,0.388618280,a33dbe33994a265867f64b050714a000062030007a3d2a1902020000fffffdff9c3fb10cc213ac3d,444719609b4f8d3e8a3545390000003c23c6fe700434300014403001c625140000000000ffffffff
2407,4870,51092,-0.012741343,2.050322705,1.367547560,0.090470138,2.402420991,-0.417885248,1.822744120,623d8a3450b09c57e23ca7450328700005182000624d4d0301000000fffff9ff1327e60e42753803,1d477a5f264eb94890352e390000003cbb1abe71040cd000143c3001c41e1d0000000000ffffffff
2408,4871,51093,1.171849683,2.098851535,-0.418240487,0.037517800,2.419462138,-0.391384395,1.179076431,10ad753a214e16cc6255b8a1269c800200000000f807000000000000ffffffff202ae40f6a72fd4b,1f428e619b4f2e3eef3546390000003c4f66247c043430000f380001be231e0000000000ffffffff
2409,4872,51094,1.169736562,2.096929601,-0.430531767,0.081561881,2.417988656,-0.363107345,1.136551409,ddac393a744d36cac0cd3fe4269c300228000000fc03000000000000ffffffff082b930b7774e814,4646606129513c2f9f355e390000003c74b1fd320434300014403001c526140000000000ffffffff
2410,4873,51095,1.149226854,2.098242923,-0.434439400,0.074725312,2.429840581,-0.420087732,1.124596168,eeaa623a3d4dddca6395fda0269c800200000000f50a000000000000ffffffffc62947120272154b,a145d262074e4b42b73534390000003c17576a79040cd0000f384001bf251b0000000000ffffffff
2411,4874,51096,1.180095000,2.096577247,-0.428897667,0.088066980,2.390793291,-0.560549358,1.138604604,d7ad2e3a8b4d77cad0d98fe2269c300228000000fd02000000000000ffffffff9a2b950b05733f47,e3460f5e4e46f947a535b2380000003c89ab1973040cd000143c3001ae49070000000000ffffffff
2412,4875,51097,1.144752008,2.097698375,-0.436428740,0.111311316,2.387622101,-0.515860251,1.076273569,82aa513a214ddcc98ef13fe1269c800200000000f50a000000000000ffffffffc629cb0f35740819,1449ac5dc348a2387535d8380000003c3c662e33040cd000144cf000c1310d0000000000ffffffff
2413,4876,51098,1.171891117,2.097762439,-0.429892337,0.128340589,2.364975313,-0.511597380,1.080312982,11ad533a7d4d6fcb8df92da5269c300228000000fb04000000000000ffffffff5918060c4369318c,af4ae95aff48fa444d35d8380000003c30b60b7c040cd000144cf000c2300d0000000000ffffffff
2414,4877,51099,1.088816440,2.087768383,-0.367867552,0.094944983,2.398993543,-0.488933111,1.048474340,3ca51b39e65016be24b693ef269c90022aacc0028872030200000000ffffffffee2533198c74680d,89470f5f3e4a782d9135f1380000003ca6059d36040cd000143c3001c32e0e0000000000ffffffff
2415,4878,51100,1.208062784,2.097986665,-0.414688094,0.101450083,2.384963425,-0.467050369,1.144416506,7ab05a3a534ed5ccbec90ca1268c700200000000fa05000000000000ffffffff3829fb14ab73301b,2648595d724baa3d7a3504390000003ce54d0b3d040cd000144cf000c42c0e0000000000ffffffff
2416,4879,51101,1.193602404,2.097185859,-0.427334614,0.098591154,2.387077553,-0.448506877,1.132932080,1daf413aa14d1accd97d3ea2269c300200000000fd01010000000000ffffffffce251915c574f805,e1479b5d774cbd3c7f3513390000003c38b2fa7d040cd000144cf000c42b0f0000000000ffffffff
2417,4880,51102,1.196627068,2.098403084,-0.414403902,0.069546092,2.402453024,-0.447228015,1.167833599,66af673a574e6ccc9b019ba0269c300200000000fd02010000000000ffffffff4325850ed17490fc,24457b5f894c5144bb3518390000003cf8be097b040cd0000f50e000be31100000000000ffffffff
2418,4881,51103,1.172264021,2.099492180,-0.410069983,0.106090663,2.386949424,-0.386055805,1.104506214,1aad893a944eeccb6449679d269c800200000000f40b000000000000ffffffffd727ac0a5275e0fb,9648975de64f1643673549390000003c2af29b7b0434300014403001c626130000000000ffffffff
2419,4882,51104,1.150014095,2.099235922,-0.420087732,0.098756889,2.388454939,-0.425132130,1.090327840,01ab813a074e6ecb72b51699269c800200000000ea15000000000000ffffffff4514b50c5c6b419e,e547c65dc04dd63f7b3525390000003c5ee67b7b040cd000144cf000c523170000000000ffffffff
2420,4883,51105,1.100832229,2.086326933,-0.357778755,0.267226533,2.346204425,-0.335540774,0.873458239,5ea6ee38745145c544def1ef269c90022aac30029a60040000000000ffffffff3114430b566fd8dc,c7579f58ad52fd4e613486390000003cb7fd9a3d0434300013500001d2210b0000000000ffffffff
2421,4884,51106,1.095238672,2.084725321,-0.358418186,0.307127238,2.329163278,-0.342432417,0.825303031,d7a5bc386b51c5c88e3e61a5269c90022ba800008f6d020000000000ffffffffb1166d09b37100ed,8a5b8b564c52ff511c348a390000003c4ae6387f0434300013500001cd28090000000000ffffffff
2422,4885,51107,1.081524100,2.083347935,-0.364315159,0.274021668,2.372631016,-0.276428952,0.862246405,8ca491381851edc984b202a3279890022a0000008876010000000000ffffffff7126a6110775a002,6b58d85bed557b4c5734ba390000003c6a163b7c0434300013500001c731070000000000ffffffff
2423,4886,51108,1.182829628,2.098659342,-0.414261807,0.288316313,2.330860987,-0.374261860,0.925025227,19ae6f3a594e39cc702df8a1269c300200000000fb04000000000000ffffffff5429ad146d71f54c,c459c0568c5015483d346b390000003c7b116d380434300013500001d2210c0000000000ffffffff
2424,4887,51109,1.190826343,2.096256924,-0.427192518,0.292128219,2.334352500,-0.297672263,0.938681691,daae243aa34db9caeed1afdf268c700200000000fc02010000000000ffffffff8d25e9092973c0fa,205a2d57c2543f4d2434ac390000003cee2d4b7d0434300013500001c731070000000000ffffffff
2425,4888,51110,1.143633297,2.100357050,-0.409785791,0.281935515,2.334416564,-0.255398784,0.906169008,67aaa43a984e11ca3f751892269c80022d000000d32c000000000000ffffffff5a29a512fc73e018,2a592f571557f2412434ce390000003c44516d360434300013500001c237050000000000ffffffff
2426,4889,51111,1.183824038,2.097442117,-0.428613475,0.267309400,2.347774005,-0.359270760,0.952614060,31ae493a8f4dd2cbb025cea3269c300200000000fd02000000000000ffffffff1229700fbd707760,c957d0585f518b48693471390000003c47796b3b0434300013500001d2210b0000000000ffffffff
2427,4890,51112,1.165551753,2.096224892,-0.424918986,0.215392906,2.361451768,-0.163604945,1.020505834,78ac233ac34d2cc9ace17ee2269c800223000000fa05000000000000ffffffff11283e0af86f5352,e4527b5a215ce4399c34143a0000003c94992c3904343000104c40019e60020000000000ffffffff
2428,4891,51113,1.120057491,2.096449118,-0.420371923,0.237850001,2.348831068,-0.206304711,0.942237484,2ea82a3a034ed9c7c929bfd5269c80022d000000dc22010000000000ffffffff52279e131c6e0759,0255f158c859d63d7634ef390000003c68adfb3a04343000104c4001a25b020000000000ffffffff
2429,4892,51114,1.183202532,2.094847506,-0.417245817,0.042282682,2.441948765,0.022398362,1.271009202,22aef8392f4edfc8ee593fdf268c700228000000fa03020000000000ffffffffe11de311d0678983,92424c645b66e036d735a83a0000003c09a2d87f0d10000103000000ac460e0000000000ffffffff
2430,4893,51115,1.165883223,2.089722349,-0.378382636,0.045473081,2.437528317,0.000302476,1.232757190,80ac58395250c1c1c1ad95e3268c70022aa09002f009060000000000ffffffff4325850ed17410ff,df42c2632465d73fd1359b3a0000003c9c76e97d0d10000103000000a64d0c0000000000ffffffff
2431,4894,51116,1.162982860,2.078863423,-0.410069983,0.039548054,2.438168962,0.041652333,1.263035741,3aac0538944eeccb4e4a679d269c800200000000f40b000000000000ffffffff0c1e4e08577510ff,5042d6636a67ae39db35b33a0000003c4e7dd83d0d10000103000000ac450e0000000000ffffffff
2432,4895,51117,1.098760541,2.080657228,-0.381011407,0.288440615,2.364398733,-0.406872829,0.858950778,2ca63d382d50a3cb57ba879b27989002280000009669000000000000ffffffff041aa1082874f0f6,c759d75ac14ea94761344d390000003c29723a7e0434300013500001d31d0f0000000000ffffffff
2433,4896,51118,1.088692139,2.081938517,-0.372059376,0.282018383,2.363597927,-0.387760954,0.854576569,39a56538ab502dcb753a04a027989002000000009768000000000000ffffffff7d21d20ec267ff7e,2c59be5ace4f6742663459390000003c5ebd9a3c0434300013500001d2210c0000000000ffffffff
2434,4897,51119,1.136589559,2.091259896,-0.387547810,0.294862846,2.354917192,-0.427121470,0.882941166,bda98839d14fefbbbd41f9ea269c300228a8d002e518010100000000ffffffffe725340f3468df73,625aaf59a44dff51593440390000003cc9a22a7a040cd00013500000d41a100100000000ffffffff
2435,4898,51120,1.142597453,2.092797443,-0.407085973,0.291631014,2.322372445,-0.450425169,0.882455012,4eaab839be4e2dbc94adecea269c300228b4a002e815010100000000ffffffffb1166d09b371e14d,145ab7555c4ca359593426390000003ce28e1a78040cd00013500000d51e0b0101000000ffffffff
2436,4899,51121,1.234580387,2.054134540,-0.364315159,0.093826272,2.410140759,0.004139061,1.250527445,fab201351851edc9f2b302a3279890022a0000008876010000000000ffffffffae13a30b3e6aa18b,6e476b605a6538368335993a0000003ce3c1b83f0d100001030000009663050000000000ffffffff
2437,4900,51122,1.218794127,2.056152571,-0.355860463,0.143256741,2.413151789,-0.120336796,1.157454322,7db140358f51c1c3168303f6269c90022ba8c00280720c0000000000ffffffffbf214b0a106591b0,174cc960825ea83729353a3a0000003ccca5da3d04340001030000008a74010100000000ffffffff
2438,4901,51123,1.223600442,2.066947433,-0.386624188,0.146322838,2.412094725,-0.137388283,1.158348922,f1b19136de4fb44127b878ea279880022ab4c002aa390f0b02010000ffffffff971d95037357fdb4,614ca860925d4d4523352e3a0000003c7eaafa7c04343000100000008b72010100000000ffffffff
2439,4902,51124,1.174915781,2.074827361,-0.372343567,0.058358979,2.418885558,-0.008365363,1.223746407,5aad8737a7509f4c0bf09de62eb0a00227980000f40a010000000000ffffffff1b2ce402b755718c,16447c61aa642f48b935933a0000003c865eed750d10000103000000985f080000000000ffffffff
2440,4903,51125,1.328137803,2.082675258,-0.423355933,0.153946649,2.387301778,-0.200336690,1.233393597,ccbb7c38d94d6c4dd44083c62fb4000000000000ff00000000000000ffffffff8411bb099c6a5da0,194da25d1c5af83c1435f2390000003caa610a3e0434300010503001a753050000000000ffffffff
2441,4904,51126,1.217716849,2.053589992,-0.352379118,0.168407029,2.401395960,-0.228045357,1.112420322,63b1f034c0512cc4b82721b0279890022ba800038352270200000000ffffffff482df20212569982,764e5a5f965822350f35d9390000003c78f5793d0434300010503001a853050000000000ffffffff
2442,4905,51127,1.327847767,2.082963548,-0.428684523,0.171928898,2.374969369,-0.296038162,1.199587799,c5bb85388e4d5a4deb65a8812fb4000000000000ff00000000000000ffffffff861d5c017556442a,cb4e215cd954f04303359d390000003c603a0a7e0434300013500001c72b0d0000000000ffffffff
2443,4906,51128,1.302697478,1.914377915,-0.370851562,0.181831566,2.399506058,-0.268897878,1.225595473,66b9f623bc50f14c2904edd32eb0a00227000000f708000000000000ffffffff261ac1006a56f01d,ba4f1f5f5756e8420035bb390000003cac86cb7a04343000104c4001b246070000000000ffffffff
2444,4907,51129,1.301661634,1.939555249,-0.363746776,0.220074921,2.332558695,-0.564385942,1.168134240,4db908272051e54cdcb006cb2eb0a00227000000f50a000000000000ffffffff8718a70523589995,5553f55618468356d934b6380000003cc2deab76040cd000144cf000a950050000000000ffffffff
2445,4908,51130,1.164060138,2.069766269,-0.361260101,0.188170930,2.397520060,-0.361473244,1.029457303,54ace93643513f4c5f7ab2f02eb0a00227980000ef0e020000000000ffffffffbe16f60156578821,5350e15e4051323f013562390000003c8cd5493e0434300013500001cd230f0000000000ffffffff
2446,4909,51131,1.300335754,1.952528302,-0.357565612,0.223928260,2.359145447,-0.545060923,1.165823781,2db99d2877518c4c27f121d82eb0a00227000000f20d000000000000ffffffff811b3a0397527f51,b253335a28474351e434ce380000003cf27aeb76040cd000144cf000aa50050000000000ffffffff
2447,4910,51132,1.326604754,2.071976493,-0.366659738,0.195670439,2.397584124,-0.379164162,1.176940574,a7bb2e37f750e44dc6a23fe02eb0000000000000fe01000000000000ffffffff4a1b3202f3521d49,0851e35e47509542fa3456390000003c1b9a2a7e0434300013500001cf220e0000000000ffffffff
2448,4911,51133,1.325858947,2.071688203,-0.365665068,0.196996320,2.368402762,-0.423000694,1.168613595,95bb25370551d24d0b970d8b2eb0000000000000fe01000000000000ffffffff5a1b89029751f149,2851545bde4d9f51ed3433390000003caf961a7b040cd000144cf000c823140000000000ffffffff
2449,4912,51134,1.326480453,2.070983494,-0.365167733,0.199855249,2.390985485,-0.398631277,1.171667800,a4bb0f370c512e4e2dd39fe02eb0000000000000ff00000000000000ffffffff411b5a01ff512a46,6d51155e354f934cf33449390000003c9cea7a7b0434300013500001ce1e120000000000ffffffff
2450,4913,51135,1.325734646,2.070342849,-0.364102015,0.248498476,2.333071211,-0.620513754,1.138073344,92bbfb361b511a4e6aef5d8f2eb0000000000000ff00000000000000fffffffffe178706765c6daa,035605570243063ac43477380000003ca1fdea3c040cd0001350f000a257040200000000ffffffff
2451,4914,51136,1.177153204,2.066947433,-0.361899531,0.214647099,2.375802207,-0.505629359,1.021012996,90ad91363a510c4aadda51f42cb8a00227a460027968160700000000ffffffff151897035d51e1a8,d2523b5c53498436ef34e6380000003ceb8d2a3e040cd000144cf000b73f090000000000ffffffff
2452,4915,51137,1.327806333,2.069990495,-0.359199713,0.258069673,2.331886018,-0.641046587,1.136821643,c4bbf0366051214ed337a1e72eb0000000000000ff00000000000000ffffffff9519e101d84f5190,ea56e056e1411f41bb3466380000003c52a20b7c040c30010d50f0009661050300000000ffffffff
2453,4916,51138,1.326729056,2.069445947,-0.360975909,0.177646756,2.404214796,-0.248507141,1.202127088,aabbdf364751994e5167c7dd2eb0000000000000ff00000000000000ffffffff341900006e5095be,554fb25f76576c340835ca390000003cfb254b3d0434300010503001a951050000000000ffffffff
2454,4917,51139,1.321011198,2.078991552,-0.360123335,0.010337258,2.420903589,0.099911581,1.430525128,20bb09385351784eab9655c32eb0000000000000ff00000000000000ffffffffc91960010952ecd0,8f3fbb619e6a89410a36e13a0000003c4216697f0d10000103000000ab460e0000000000ffffffff
2455,4918,51140,1.321135499,2.077582133,-0.361686388,0.033871630,2.413664305,0.075471116,1.400395007,23bbdd373d510a4e96cc768b2eb0000000000000fe01000000000000ffffffffee178c024653c2cd,c741d96046691d42de35d03a0000003cb849493f0d10000103000000ac450e0000000000ffffffff
2456,4919,51141,1.321881306,2.076525070,-0.359270760,0.197700693,2.360074382,-0.474794586,1.165130043,35bbbc375f51a44de009c28b2eb0000000000000fe01000000000000ffffffff8b2e2b037956a992,3951505a054b3440f33402390000003c6e357a3d040cd000144cf000c32e0e0000000000ffffffff
2457,4920,51142,1.327516297,2.083315903,-0.434368352,0.000641759,2.417315979,0.060977352,1.455169906,bdbb90383e4d444d25972d8b2fb4000000000000ff00000000000000ffffffffe612c50aec685987,a53e4b617a68f33f1d36c43a0000003c0c0ef87f0d10000103000000ab470d0000000000ffffffff
2458,4921,51143,1.215065089,2.055287700,-0.354013219,0.056328725,2.437464252,-0.219164374,1.227563884,23b12535a951f8c0e162b4f7279890022ba80003884f250201000000ffffffff411a6a061658918e,e543c06313592e32cd35df390000003ccd34493804343000103c4001a851060000000000ffffffff
2459,4922,51144,1.169985164,2.070887397,-0.365594020,0.073689468,2.448130986,-0.285878318,1.162123734,e3ac0c3706514d4c745947fb2eb0a00227980000ec0f030000000000ffffffff1715b309e967bf7f,88450d6568553d49c635ae390000003cee0e2b7904343000103c4001aa4f060000000000ffffffff
2460,4923,51145,1.210258773,2.056633054,-0.358418186,0.071990684,2.454601496,-0.261366805,1.209732241,afb04f356b51c5ba2e8e57f4279890022aacc0029f34260402000000ffffffff5b19f50902641da1,5f45d765c156494cca35bd390000003cf2a12a7e04343000103c4001a851050000000000ffffffff
2461,4924,51146,1.207979917,2.061886340,-0.368364887,0.037932138,2.439418219,-0.231029367,1.237094648,78b0f335df50d64262ca61f127a8600229b0b002973b210704010000ffffffffbe1ce70c1e65518f,2942fd636c58dd3aed35d6390000003c9ad5f43c04343000103ce000a950060000000000ffffffff
2462,4925,51147,1.219664235,2.062719178,-0.375398625,0.091174512,2.410717339,-0.055612192,1.223460314,92b10d367c50b240286d66f2269ca0022ca090028d67090000000000ffffffffbf268206a0719e43,2e477d601162fd407d356f3a0000003cfec5293f0d100001030000008479020000000000ffffffff
2463,4926,51148,1.255090095,2.051956348,-0.412059323,0.135094291,2.396334867,-0.079342179,1.218067266,e9b4bd34784e4ec8dc275e97269c80022dbca002926c010000000000ffffffff0c1e4e0857751a45,524bbc5ec360bf4f28355e3a0000003c1e524a7e0434000103000000827b010100000000ffffffff
2464,4927,51149,1.246761910,2.054422830,-0.381011407,0.157012747,2.388134616,-0.108329707,1.171866931,20b40a352d50a3cbf8bb879b27989002280000009669000000000000fffffffff9277401db6ab1b0,634dbc5d2b5f6246ed34493a0000003c8129cc3a04340001030000008975010100000000ffffffff
2465,4928,51150,1.254468589,2.062975436,-0.414972285,0.042697020,2.417315979,-0.049857315,1.314251307,dab415364f4eafbef655ed8827a060022dbca0029d42180602000000ffffffff7b19590229539ace,9c424b616262b340d235713a0000003cc661493f04340001030000007f7d020100000000ffffffff
2466,4929,51151,1.321259800,2.076396941,-0.362610010,0.137621750,2.411518145,-0.106837702,1.256473131,26bbb8373051b74d14f586842eb0000000000000fe01000000000000ffffffff3c18d201e451e0e5,8f4b9660405feb3b3035423a0000003c6e9de93d04340001030000008875010100000000ffffffff
2467,4930,51152,1.327474863,2.068228722,-0.359199713,0.109156761,2.403413991,-0.021296074,1.307985868,bcbbb9366051074e3c9b118f2eb0000000000000fe01000000000000ffffffffec261f01f56cdf5e,e048995ff463c7446935883a0000003cda313c3b0d100001030000008f6c030000000000ffffffff
2468,4931,51153,1.256664578,2.044364709,-0.411633036,0.222768115,2.368434794,-0.531206590,1.090073920,0fb5d0337e4eafc33a0f7d8827a060022dbca002c126150200000000ffffffffdd1de400bd587016,9653555beb47cf40e834da380000003c9f863b7b040cd000144cf000ac4e050000000000ffffffff
2469,4932,51154,1.180260735,2.077806359,-0.373125094,0.317444242,2.284958799,-0.578027132,0.910686158,dbade4379c505f4c86b06dca2eb0a00227988002e31b010000000000ffffffff4c25c40068619770,835c27515845a82a353498380000003cd655fa3d040c30010d500000b43b0c0302000000ffffffff
2470,4933,51155,1.228821095,2.079023584,-0.398986516,0.343133170,2.279961771,-0.638702007,0.939299086,6fb20a38304f3c48b628f3c72dbc800227a860025a4e381904010000ffffffff1525c311a974d802,ef5e8b5002426c371e3464380000003c6b07bc74040c3001143460018d5a140202000000ffffffff
2471,4934,51156,1.184859882,2.099075761,-0.406446542,0.332940466,2.301231173,-0.596996912,0.896070837,4aae7c3ac74e73cc6b85e89e269c300200000000fa05000000000000ffffffffb321d30b18665fb2,f95d23534d443c2a2f347f380000003c6fc1e93c040c30010d500000b03e0d0302000000ffffffff
2472,4935,51157,1.224802021,2.065089563,-0.387192571,0.339321264,2.301038979,-0.607867235,0.942573925,0eb25736d64fed3f41a0d8ee279880022ab4c0027b7a050400000000ffffffff4c25c4006861ac34,935e1d53b4433831283473380000003c7fae2b7c040c30010d500000ab420e0302000000ffffffff
2473,4936,51158,1.310114120,1.975527444,-0.398986516,0.313839506,2.286688540,-0.562680793,1.056494274,19ba6b2b304f3c489d29f3c72dbc800227a860025a4e381904010000ffffffffbc18cb001751f8db,2c5c5d51304684323734aa380000003cb44a1b7c040c30010d500000b53a0b0301000000ffffffff
2474,4937,51159,1.326646188,2.067812303,-0.359270760,0.187507990,2.358825125,-0.453338132,1.179479956,a8bbac365f51454ee43a21902eb0000000000000ff00000000000000ffffffffcc17e602d45106bf,4350295a334c5d4cf73415390000003c03666a7e040cd000144cf000c52c0e0000000000ffffffff
2475,4938,51160,1.327847767,2.069253753,-0.358631330,0.308328817,2.298316240,-0.546268737,1.061647922,c5bbd9366851044ed82340de2eb0000000000000ff00000000000000ffffffffee178c02465398ea,a75bc852174792474234bf380000003c0ff34a78040c30010d500000b8380a0401000000ffffffff
2476,4939,51161,1.328386406,2.068517012,-0.359270760,0.120178140,2.403990571,-0.049715220,1.291562757,d2bbc2365f51a44d6c0bc28b2eb0000000000000fe01000000000000ffffffffe71a7c005460d01f,ea49ab5f6462ce424f35743a0000003cab817b3c0d100001030000008c6f030000000000ffffffff
2477,4940,51162,1.304396262,1.986610596,-0.368649078,0.076175493,2.401972540,0.024387702,1.354817225,8fb9c52cdb508748e64957c02ca8e00227a46002b0201a1401010000ffffffff29187e020451a3b1,c4456c5f7766463c9635ab3a0000003cef11a93f0d10000103000000ac450e0000000000ffffffff
2478,4941,51163,1.327391996,2.069189689,-0.358915521,0.086741100,2.405944537,0.022114170,1.340821427,babbd73664513f4eae2bb1dd2eb0000000000000ff00000000000000ffffffffc21789031253dabb,c346e85f576648378835a83a0000003cc8a1663f0d10000103000000aa490d0000000000ffffffff
2479,4942,51164,1.328469273,2.069638140,-0.358915521,0.259354119,2.292902792,-0.672094503,1.136193378,d4bbe5366451ab4df80bb0e12eb0000000000000fe01000000000000ffffffffe01a81001151e76f,09571f522c40b8409e343c380000003c171e8d78040c30010d50f0007b760c0200000000ffffffff
2480,4943,51165,1.325651778,2.069061560,-0.362894202,0.263124591,2.321923994,-0.655185112,1.130635843,90bbd3362c51574e4e43edc72eb0000000000000ff00000000000000ffffffff4a1b3202f3521cd0,6457a9551a417b4bb13457380000003c06376c75040c30010d50f0008a6a080200000000ffffffff
2481,4944,51166,1.320679728,2.076332876,-0.365665068,0.164512256,2.385572038,-0.121047274,1.221552269,18bbb6370551d24dcb940d8b2eb0000000000000fe01000000000000ffffffff411b5a01ff51f8cf,184e6c5d785ed03cdd343d3a0000003c97899c3904340001030000008a74010100000000ffffffff
2482,4945,51167,1.320721161,2.077389940,-0.364102015,0.156101204,2.387141617,-0.119555269,1.229670223,19bbd7371b511a4e66ec6d8f2eb0000000000000ff00000000000000ffffffffe91a5a03fd50c757,4d4d9d5d8d5e1d46f7343d3a0000003cad6d7c3a04340001030000008b73010100000000ffffffff
2483,4946,51168,1.326936224,2.071015526,-0.364741446,0.173171911,2.377019432,-0.312876506,1.194780504,afbb103712514d4e0f4b2ee82eb0000000000000ff00000000000000ffffffff341900006e5025a6,e94e615cec53623e03358e390000003cba4d4a3e0434300013500001ca260f0000000000ffffffff
2484,4947,51169,1.325900381,2.067716206,-0.360123335,0.053014024,2.415073723,0.094085656,1.395422061,96bba9365351784e609655c32eb0000000000000ff00000000000000ffffffffe01a8100115142cd,954305614c6afd48bc35df3a0000003c5afa467f0d10000103000000ae430e0000000000ffffffff
2485,4948,51170,1.320679728,2.078414971,-0.362894202,0.056660195,2.406168762,0.059911634,1.372564279,18bbf7372c51574ea741edc72eb0000000000000ff00000000000000ffffffff2e18d004c8529759,ed43ef5f6b68c948b235c63a0000003cd3d9093f0d10000103000000ad440e0000000000ffffffff
2486,4949,51171,1.328427840,2.070823333,-0.359839143,0.175285032,2.378589011,-0.329501706,1.193892125,d3bb0a375751b74dd3fb00ed2eb0000000000000fe01000000000000ffffffff591ad706a758b18f,1c4f925c0253413e03357f390000003c8305ea3d0434300013500001cb24100000000000ffffffff
2487,4950,51172,1.173216997,2.070470978,-0.365238781,0.122374129,2.395918448,-0.081544662,1.136076205,31adff360b51214c815947fc2eb0a00227980000e119040100000000ffffffff701a25002759281f,1f4aaf5ea4603f493f35593a0000003cf545997f04340001030000007f7d020100000000ffffffff
2488,4951,51173,1.302324575,1.955731525,-0.364812494,0.142220897,2.391690194,-0.090851932,1.269233979,5db901291151304cdf8d47c02eb0a00227980000d628010000000000ffffffff84163501f45c60e3,fe4b2b5e2160e34a1035563a0000003c83698b3c04340001030000008875010100000000ffffffff
2489,4952,51174,1.137003896,2.064256725,-0.358347138,0.011290234,2.413215853,0.059627442,1.250482496,c7a93d366c511a4ae8ca618d2cb8a002279890028c69070300000000ffffffffae17b901c861c8d0,a63fcb606768803e0a36c33a0000003cd419d83f0d10000103000000ab470d0000000000ffffffff
2490,4953,51175,1.159626726,2.061309760,-0.361899531,0.033830196,2.414369014,0.100551012,1.267252606,e9abe1353a51fe468656818e2ca870022ea4b00275462c0d0a020000ffffffffe0158e01cd59382f,c641ef60a76a5547dd35e23a0000003ca1d6087e0d10000103000000ad440e0000000000ffffffff
2491,4954,51176,1.300667224,1.969537417,-0.356286750,0.008099835,2.414849497,0.079520844,1.434908207,35b9b02a8951bf4b77d2b0d22eb0a00227980000d42a010000000000ffffffffe0158e01cd59a7c4,593ffe607f694b420e36d23a0000003c4d424a7e0d10000103000000ab470d0000000000ffffffff
2492,4955,51177,1.128551410,2.066498981,-0.356286750,0.075553987,2.420166848,-0.120194700,1.135616128,fba883368951bf4bf0d2b0d22eb0a00227980000d42a010000000000ffffffffdd1de400bd582c29,b545a461845e693b99353a3a0000003ce7910e320434000103000000817c020100000000ffffffff
2493,4956,51178,1.303650455,1.936736412,-0.373125094,0.073772335,2.431666419,-0.230176793,1.333412958,7db9b0269c505f4cd4b06dca2eb0a00227988002e31b010000000000ffffffffb31e8d03d258cbbc,8a450b637858b82ead35d7390000003c59113e30043430001050f000a851050000000000ffffffff
2494,4957,51179,1.181545182,2.074859394,-0.375398625,0.086451064,2.408859470,-0.119200030,1.173211361,faad88377c50484c02504fe22eb0a00227988002e418020100000000ffffffff9a1e0701905cf8eb,bc464360925e8a3e84353a3a0000003ce7addc390434000103000000817c020100000000ffffffff
2495,4958,51180,1.195549791,2.077454004,-0.375895961,0.095152152,2.404471054,-0.258169651,1.153982061,4cafd9377550b64a8cc81d8a2cb8a002279880028173060300000000ffffffff1522940856744c3e,8e47ba5fee56be407635bf390000003cf1411d38043430001050f000a851050000000000ffffffff
2496,4959,51181,1.250200912,2.054518927,-0.395007836,0.047586203,2.435125900,-0.291562147,1.265640082,73b40d35684fcfcaf6e3da9a269c8002290000008778000000000000ffffffffd452f202125640fd,1243776318556040e335a2390000003cf8fa057b04343000103ce000ac4a090000000000ffffffff
2497,4960,51182,1.327847767,2.082963548,-0.428684523,0.083550701,2.425324037,-0.258098603,1.301762439,c5bb85388e4d5a4dea99a70131c8000000000000ff00000000000000ffffffff6b696d09b3711e32,76464562ef5618389835be390000003c1f260f2e043430001050f000a851050000000000ffffffff
2498,4961,51183,1.234580387,2.054134540,-0.364315159,0.093453368,2.405976569,-0.292841008,1.196274316,fab201351851edc9f24f0d2333d05003360000008876010000000000ffffffff0154e402b75590f3,6547e95f0655b44683359e390000003c4682dc790434300010503001b047080000000000ffffffff
2499,4962,51184,1.328137803,2.082675258,-0.423355933,0.080733206,2.425740456,-0.285665174,1.301026789,ccbb7c38d94d6c4dd4bc8c4631c8000000000000ff00000000000000ffffffff9567a705235868ea,324652626b55154ba535a8390000003cbc86de6e043430001050f000aa4e060000000000ffffffff
2500,4963,51185,1.164060138,2.069766269,-0.361260101,0.081106110,2.415394045,-0.218951230,1.145643837,54ace93643513f4c5f86bd7037e0600333d00000ef0e020000000000ffffffffce78b502c15c775f,3b460f6116593d3d9835e2390000003cbb85fc39043430001050f000a851050000000000ffffffff
2501,4964,51186,1.183078231,2.035139427,-0.325380930,0.035694715,2.433364127,-0.261366805,1.216211187,1faeb0323c534f49734bae0c39e8500334000000fe01000000000000ffffffffce78b502c15c934c,f3414063c1563142fc35ba390000003c3606857d04343000103ce000a950060000000000ffffffff
2502,4965,51187,1.294576463,2.003491582,-0.325380930,0.008348438,2.414465110,0.020409022,1.393862426,a2b8d42e3c534f49d54eae0c39e8500334000000fe01000000000000ffffffff437a880282576765,5f3ff2603f66b5421236a53a0000003cef55d73f0d10000103000000ab470d0000000000ffffffff
2503,4966,51188,1.324367332,2.069317818,-0.320975962,0.062502354,2.446209052,-0.143001064,1.328918842,71bbdb367a53044c65a7bc5f39cc000000000000ff00000000000000ffffffff47778f020c5c0f63,7a44d164435db245c835273a0000003ca21efa7c04340001030000008577020100000000ffffffff
2504,4967,51189,1.295115101,1.999455521,-0.328507036,0.080318868,2.415938593,-0.154368722,1.295959949,afb8562e1053c849bf65a94139e8500300000000fe01000000000000ffffffffa4758b02a65b4f68,28462061a35c16439a35173a0000003c49a29c790434300010000000916a030100000000ffffffff
2505,4968,51190,1.295612306,1.995515557,-0.331988381,0.051853879,2.429007743,-0.084244481,1.340234137,bbb8db2ddf52164ad800054639e8500334000000fe01000000000000ffffffff7d727c008063e761,7943b8627e601639cf35553a0000003cc7cc19380434000103000000807d020100000000ffffffff
2506,4969,51191,1.299589947,2.013709864,-0.340656220,0.034493136,2.432307063,-0.120763083,1.350572674,1bb91330655256442db257003ae4500333d06003706c190603000000ffffffffff72040722619001,d6411f637c5efd3ff435363a0000003cf9e9733b0434000103000000807d020100000000ffffffff
2507,4970,51192,1.191116379,2.048016384,-0.338595832,0.065154114,2.409147760,-0.017530537,1.225271323,e1ae4234825203464ed6787e39e8500333d000008961110302000000ffffffffee76cb00f663ff51,ba444c6029647b3faa358b3a0000003c1c32ba7e0d100001030000008b70040000000000ffffffff
2508,4971,51193,1.297974030,2.017617796,-0.330993711,0.042199815,2.421768459,-0.018667303,1.355674896,f4b88d30ed52a4427d6fdd0c39e8500333d00000b243080101000000ffffffff3c6a8e01ce595abb,9042d6611964414bd4358a3a0000003c060ba97a0d100001030000008d6c060000000000ffffffff
2509,4972,51194,1.128551410,2.066498981,-0.356286750,0.017132394,2.419558235,0.023250936,1.226357176,fba883368951bf4bf02ebf5237e0600333d00000d42a010000000000ffffffff6e6ca30b3e6a60f4,334091616766b6420336a73a0000003c206e337a0d10000103000000ab470d0000000000ffffffff
2510,4973,51195,1.218794127,2.056152571,-0.355860463,0.019659853,2.419814493,0.052593704,1.317955920,7db140358f51c1c3167f0c7634cc50033ad8800380720c0000000000ffffffff5e63e70c1e65b0f0,704099610468e244fb35bd3a0000003c80e1233a0d10000103000000ab460e0000000000ffffffff
2511,4974,51196,1.219664235,2.062719178,-0.375398625,0.065651319,2.413023660,0.024174558,1.270479346,92b10d367c50b2402891697234cc600338ec50038d67090000000000ffffffff5d5e4b0a10656ecf,c644c56074666e3eab35ab3a0000003cc3f50d350d10000103000000ad450e0000000000ffffffff
2512,4975,51197,1.223600442,2.066947433,-0.386624188,0.051895313,2.417187850,0.051599034,1.299076923,f1b19136de4fb4412744776a33d0b00336c88003a9390e0b02010000ffffffff376dc50aec68a0f8,7a434761f667ce33c135be3a0000003c202dbd330d10000103000000ad440e0000000000ffffffff
2513,4976,51198,1.215065089,2.055287700,-0.354013219,0.390657686,2.242355931,-0.532130212,0.863925780,23b12535a951f8c0e29eab7733d050033ad89003884f250201000000ffffffffcf68c608a666c0f5,6a63f54bde4794457333c4380000003cc05a3c78040c30010d500000b9360b0402000000ffffffff
2514,4977,51199,1.205535325,2.058587020,-0.362823154,0.351005583,2.270736488,-0.552520949,0.900674042,3db08c352d51583a714e9c6e33d0500336e88003a4251e1402010000ffffffff2e5c380bf46410b9,ad5f6b4fbf46593d0f34af380000003c2c4aec7a040c30010d500000b53a0c0301000000ffffffff
2515,4978,51200,1.228158155,2.066114595,-0.396926128,0.390906288,2.232682198,-0.597778438,0.876970413,5fb277364d4f97413e3c496f33d0b00336c810039a4b130302000000ffffffff6459e10aa16485b2,7063c74a424412428c3381380000003c830eca7d040c3001143460019355130202000000ffffffff
2516,4979,51201,1.233171639,2.066242723,-0.408435882,0.002506278,2.425484198,-0.309537256,1.285835373,d8b27b36ab4e1e447c0cc57033d0b00332c460038c37320802010000ffffffffdf63b90bea63a0f4,d23e4a621b54813e203691390000003c43f6b77f04343000103ce000b731170000000000ffffffff
2517,4980,51202,1.215810896,2.063455919,-0.374617099,0.027739435,2.421768459,-0.303995523,1.242935671,35b12436875032447e35797833d0600338d4b00392501a0201010000ffffffff545e261ac2640804,3341d66169540941fe3595390000003c731a287f04343000103ce000b33a120000000000ffffffff
2518,4981,51203,1.213366305,2.090619252,-0.389608198,0.030225460,2.418949623,-0.349821395,1.228497489,fab07439b44f26c4703a654a20d0300300000000c23d000000000000ffffffffcc68ae04206449c6,6f417e61e451853af7356f390000003c0036c77f043430000f40e000be241e0000000000ffffffff
2519,4982,51204,1.180757940,2.059964406,-0.361544292,0.003252086,2.419301977,-0.348755677,1.231181171,e7adb7353f510a4451f23f6133d8500338e84003704a221609040000ffffffff48689c0181639db7,e43e8961f3515f3c213671390000003c45faa77f043430000f40e000be241e0000000000ffffffff
2520,4983,51205,1.161864149,2.060092535,-0.362965249,0.003003483,2.411838467,-0.394226309,1.211470386,1facbb352b512b454b526e0c36cc800335e870035b54341206050000fffffffffe599e1ee373b762,de3ea060734f4938213647390000003c480ea87f043430000f380001be231e0000000000ffffffff
2521,4984,51206,1.219788537,2.097410085,-0.415966955,0.067267236,2.396270803,-0.454190706,1.191253177,95b1483a414e3acdc351d1203480300300000000d02f000000000000ffffffff835bf11af5657bb0,ed44ba5e274c3a41bd3510390000003cb362697d040cd0000f50e000be320f0000000000ffffffff
2522,4985,51207,1.242494234,1.859794992,-0.402538909,0.067598706,2.396495029,-0.459377200,1.292925760,b9b34e1dfe4e7dc531b7d25020d0300300000000c33c000000000000ffffffff05589d1f6f6937b1,f544c15ede4bcf3dbd350c390000003cafb9683f040cd0000f50e000be320f0000000000ffffffff
2523,4986,51208,1.220617212,1.853164321,-0.420300875,0.020364226,2.410525146,-0.391881730,1.323656287,a9b17f1c044e75c9043b206420d0000000000000da25000000000000ffffffffc0558107d45cc1a5,81407760944f0f3a0c3646390000003c4ec2267f043430000f380001be231e0000000000ffffffff
2524,4987,51209,1.246306139,2.073674201,-0.419803540,0.021855841,2.422569265,-0.082965620,1.316991299,15b463370b4e9b4a8cc5f67d31c8b00333d00000e217050100000000ffffffff45594e211f73c756,a540ef6190607e41ff355d3a0000003cb8d5463f04340001030000007f7d020100000000ffffffff
2525,4988,51210,1.225672130,2.096929601,-0.419377253,0.000973229,2.434004772,-0.158063211,1.296839271,23b2393a114e4fcdd0b9202634803003000000009b64000000000000ffffffff93582703b36decdf,ad3e54636f5cf33f1e36153a0000003cbf11b83f04343000103c00008b70020100000000ffffffff
2526,4989,51211,1.252106865,2.060797244,-0.413764472,0.118355054,2.395950481,-0.148542798,1.211636660,a1b4d135604e77c4d949711933d0b00332c46003bc2b160100000000fffffffff9572d071b6b60ce,be49b05ef55c0a474c351f3a0000003c3cee787f0434300010000000916b020100000000ffffffff
2527,4990,51212,1.246513308,2.062526985,-0.416961626,0.026454988,2.429071808,-0.157068541,1.300169922,1ab40736334e2ac0bc41502433d0b00332c460037d58270301000000ffffffffb958c708f962f9b3,1441ba627d5ce843fc35173a0000003c0b26f87f04343000103c00008b70020100000000ffffffff
2528,4991,51213,1.237190713,2.068997495,-0.409998935,0.059726293,2.430769516,-0.159697312,1.256961558,39b3d136954e274613e1867b3bcc200331d060037a3c2d0e0c020000fffffffffd560e05866a5cd5,3744ef62585c2b4ace35193a0000003c32dbf97704343000100000009368030100000000ffffffff
2529,4992,51214,1.249247936,2.063327790,-0.421153450,0.068800285,2.422537233,-0.093551751,1.276640495,5cb42036f84d51bce781102433ec400332c4600387452a0702000000ffffffff96574509e86788cd,1245ee61fb5f5834aa354f3a0000003c71995d340434000103000000807c020100000000ffffffff
2530,4993,51215,1.241209787,2.064609080,-0.418098391,0.074020938,2.414401046,-0.082610380,1.263818197,9ab34836234e6d3b7f3d402533d0b00332c460037a46360701000000fffffffff056920871664cd0,9045f0609560803e9d35573a0000003cb64dcb3c0434000103000000807c020100000000ffffffff
2531,4994,51216,1.242411366,2.065986466,-0.420016684,0.036979162,2.435125900,-0.148898037,1.289510001,b7b37336084e41418d79102933ec400332c46003675f221204000000ffffffff965c940012716e31,12427763f05c9b3fec351f3a0000003c804e157d04340001030000008577020100000000ffffffff
2532,4995,51217,1.251899696,2.045710063,-0.398560229,0.091920319,2.406681278,-0.089146784,1.253630349,9cb4fa33364fbac76f47e50933d0b00336c81003e616030000000000ffffffff0c58c5088661b1a9,4047ff5f3960a1417a35533a0000003c24fe8a7d0434000103000000807d020100000000ffffffff
2533,4996,51218,1.239511004,2.070150656,-0.412130371,0.068468815,2.410525146,-0.316926234,1.223216428,71b3f536774eab479ea9277f3bc8100333d060035f59231d06020000ffffffffd35c090899630abe,0a457760b3534c42bb3588390000003c4faaba7d043430001050f000bd31110000000000ffffffff
2534,4997,51219,1.227702384,2.070278785,-0.391668586,0.029065315,2.422601297,-0.012344043,1.305660402,54b2f936974f5345180cfd6733ec600332d010037b4e150e0e050000ffffffff1e5b2009476383b1,5341f06172640b41ec358e3a0000003cb6e6947b0d100001030000009b5b090000000000ffffffff
2535,4998,51220,1.231597156,2.068965463,-0.400407473,0.034078799,2.420134815,0.063819266,1.331494122,b2b2d0361c4f3b454c04aa7033ec400332d810037558131207050000ffffffff035b87042f60f8c8,cc41a361a2682e41df35c53a0000003ce36c883a0d10000103000000ac450e0000000000ffffffff
2536,4999,51221,1.233834579,2.075564103,-0.398062894,0.001760471,2.434741513,-0.219732757,1.295691575,e8b29e373d4fbf4822788f5f32c4b00333d880035c4f32150a040000ffffffffb2558407b86328c7,c03e6b630b59fb3e1f36e2390000003c1d06e87f04343000103ce000a950070000000000ffffffff
2537,5000,51222,1.245436030,2.068388883,-0.423711173,0.344459050,2.263625333,-0.585629253,0.935999068,00b4be36d44dc3450b6ac1313bc8100333d06003625e1c1b07000000ffffffffe05c2805ac6278cd,0f5f8d4eed442a3efe338f380000003ce9754d37040c30010d500000b33c0c0302000000ffffffff
2538,5001,51223,1.228158155,2.073930459,-0.391597538,0.402134836,2.234347874,-0.570638154,0.860292865,5fb26b37984f79461c98de5e3bcc200336c480035d4a1f1b0f0e0000ffffffffe95aac02c66020d1,7f64fb4ac045063868339c380000003cc4b5db3b040c30010d506001a4470f0302000000ffffffff
2539,5002,51224,1.231307120,2.077486037,-0.398560229,0.355397561,2.255553211,-0.606659421,0.917731305,abb2da37364f7e4820086f5b32c4b00333d880035b4a381707030000ffffffff9a7726049a586f53,1760914dc543b647d2337b380000003c2af2dd74040c30010d506001a3480f0202000000ffffffff
2540,5003,51225,1.323124319,2.069926430,-0.327086078,0.351502788,2.249883506,-0.627121206,1.032692610,53bbee362453854be29f636939e8300300000000ff00000000000000ffffffff10776a029e5988e6,b95fe04ca5425841d0335f380000003ca0ea4d74040c3001143460018c5b140201000000ffffffff
2541,5004,51226,1.322958584,2.067940432,-0.328435988,0.394718194,2.234283809,-0.547263407,0.968083561,4fbbb0361153174befc6134539e8300300000000ff00000000000000ffffffffe477dd02255823b3,cc63f94a0947d13c6d33b3380000003c2c923c7a040c30010d500000b13d0d0302000000ffffffff
2542,5005,51227,1.323538657,2.068901399,-0.326304552,0.337291011,2.273587357,-0.525096474,1.026693230,5dbbce362f53ce4bd6a3225c39cca00300000000ff00000000000000ffffffffda5a850ed174f180,625ec44f414864351334cf380000003c0ea27d36040c30010d500000b8370b0401000000ffffffff
2543,5006,51228,1.162982860,2.078863423,-0.410069983,0.019742720,2.432755514,-0.187690170,1.217247062,3aac0538944eeccb4eb6681d34ccb00300000000f40b000000000000ffffffff075bc311a974877f,72402d63ce5a6341ff35fc390000003cf075693f04343000103ce000a751060000000000ffffffff
2544,5007,51229,1.175247251,2.079055616,-0.406446542,0.102237324,2.406328924,-0.020940835,1.186200983,62ad0b38c74e73cc327ae71e34cc000200000000fa05000000000000ffffffffab59a6110775af7f,3948f45ff9639f3d7335883a0000003c017e6a3e0d100001030000008e6d030000000000ffffffff
2545,5008,51230,1.175785890,2.078511068,-0.414261807,-0.000311217,2.422505200,-0.081047327,1.269869386,6fadfa37594e39cc31d2f72134cc000200000000fb04000000000000ffffffffc56a4e00dd6aa35d,8e3eed61ab607f421e365a3a0000003cf5f5f73f04340001030000007f7e020100000000ffffffff
2546,5009,51231,1.304520564,2.018386570,-0.359057617,0.015806513,2.427790519,-0.262361475,1.355634774,92b9a530625192c1ce01384033d4400336e88003b62f140403000000ffffffff6d787103f357375b,13409262b356703e1436b9390000003c32cec77f04343000103ce000a94f070000000000ffffffff
2547,5010,51232,1.323580090,2.069510011,-0.325096738,0.016966658,2.421287976,-0.119271078,1.368703985,5ebbe1364053db4bcee3846639e8300300000000ff00000000000000ffffffff855bdd00e8685352,2f40c761915e283f0c363a3a0000003cc611873f04340001030000007f7d020100000000ffffffff
2548,5011,51233,1.310487024,2.001441519,-0.399554899,0.023347457,2.431121871,-0.218880182,1.368940037,22ba942e284fda35a3f5974033ec400332d810039f440f0704020000ffffffffd806b9028b5b6741,c940fa6217596c3e0436e2390000003ce60de83f04343000103ce000a950060000000000ffffffff
2549,5012,51234,1.325196007,2.071976493,-0.324102068,0.002133375,2.430353097,-0.263995576,1.372057327,85bb2e374e53ed4992c2028930ac900200000000ff00000000000000ffffffffec770102c6581cd8,c93ee2629c56873d2036b9390000003c360ac87f04343000103ce000a94f070000000000ffffffff
2550,5013,51235,1.323704392,2.067876367,-0.326304552,-0.000269783,2.426445165,-0.119413174,1.387185366,61bbae362f53814bd392924839e8300300000000ff00000000000000ffffffff6907c303415dcf55,8f3e68628f5ed23f1e36393a0000003ca7fd773f04340001030000007f7e020100000000ffffffff
2551,5014,51236,1.324533067,2.073674201,-0.325807217,0.001511868,2.435254029,-0.189040080,1.378343322,75bb63373653fd48587ec0a330ac900226000000fd02000000000000ffffffff2d7a16039e59502f,ba3e7b63bb5a523f1f36fb390000003cff19f83f04343000103ce000a851060000000000ffffffff
2552,5015,51237,1.324615934,2.070663171,-0.321686441,0.430309788,2.213847245,-0.542005865,0.932108261,77bb05377053e14a1aabcf2139e8300300000000ff00000000000000ffffffffc006ba03af5b2755,27677b485347903ce032b2380000003c6fca2c79040c300114346001ba28150503000000ffffffff
2553,5016,51238,1.324491633,2.072360880,-0.323959972,0.058358979,2.417187850,-0.337388019,1.312317740,74bb3a375053cb49867630a230ac900200000000ff00000000000000ffffffff672ca5038e542021,1644476193523839c03577390000003c9fe5593e043430000f40e000c026190000000000ffffffff
2554,5017,51239,1.328717876,2.078350907,-0.424208508,0.050942337,2.425452166,-0.189324271,1.344752846,dabbf537cd4db74d467f81dd2fb4000000000000ff00000000000000ffffffff332c29055555801f,63434962b75a4841ce35fc390000003cd0498a3e04343000103c4001a752050000000000ffffffff
2555,5018,51240,1.328137803,2.079023584,-0.423924316,0.050652300,2.426573294,-0.204031179,1.342055514,ccbb0a38d14d774ddbce02ec2fb4000000000000ff00000000000000fffffffff12d7604f453f017,5c436c62e859333dce35ee390000003c7ff1e93d04343000103c4001a851060000000000ffffffff
2556,5019,51241,1.328013502,2.078158714,-0.430744911,0.111269883,2.398416962,-0.093409656,1.302622530,c9bbef37714de34d7b0f8aef2f00000000000000ff00000000000000ffffffffd67974037c5ab42c,1349fd5efd5fc03b56354f3a0000003cfcc9c83f0434000103000000817c020100000000ffffffff
2557,5020,51242,1.324533067,2.071399913,-0.322681111,0.096933804,2.402741314,-0.120834131,1.287450689,75bb1c3762536c4ac19aaf2139e8300300000000ff00000000000000ffffffffae79ab02a45abc39,b947845f7b5eec3c7135383a0000003cfee9db3b0434000103000000817b020100000000ffffffff
2558,5021,51243,1.325113139,2.071207719,-0.322965302,0.034534570,2.432018773,-0.089786214,1.360202245,83bb16375e53624ae30acd0a39e8000000000000ff00000000000000ffffffffea5db20e51757f7d,d74116633060403ee835503a0000003c3f1db53b04340001030000007f7d020100000000ffffffff
2559,5022,51244,1.161822715,2.079856422,-0.396855080,0.067018633,2.412799434,-0.051349320,1.195333115,1eac24384e4f48cc3e1ea61c34cc000200000000ea15000000000000ffffffff237a5f029f59c031,e744be604d625d41a535713a0000003cd011893f04340001030000007e7e020100000000ffffffff
2560,5023,51245,1.325030272,2.070246752,-0.321757489,0.046467491,2.418341010,-0.068116616,1.349157548,81bbf8366f53e94a46538d1139e8300300000000ff00000000000000ffffffff345c8623d6768f6f,f7426b6161612c39d035633a0000003c7a39593e0434000103000000807d020100000000ffffffff
2561,5024,51246,1.220244308,2.080881453,-0.408577978,0.041536875,2.415105755,-0.031384871,1.281925012,a0b14438a94e78ce00b7422e34800000000000009768000000000000ffffffffad62ed25bc70c6c8,804206616663cf42d3357f3a0000003c2862597f0d10000103000000817b030100000000ffffffff
2562,5025,51247,1.279991781,1.894966382,-0.380585120,0.021192901,2.417155818,-0.019804069,1.409758629,42b79821335064cdf0fa3c3720d0000000000000d02f000000000000ffffffff285ce224f973376f,9540466109642144f935873a0000003c2066d77f0d100001030000009167070000000000ffffffff
2563,5026,51248,1.224470551,2.080913485,-0.407654355,0.059436256,2.421191879,-0.172343832,1.236311180,06b24538b64eebcd50a7f23520d0000000000000946b000000000000ffffffff13605624f4772182,3044c461a65bd242cf350a3a0000003c5b96ba7d04343000103c4001a159040000000000ffffffff
2564,5027,51249,1.219581368,2.081650227,-0.391952778,0.060720703,2.447266115,-0.104706266,1.248656709,90b15c38934fe2ce40d638333480000000000000926d000000000000ffffffff6c63df1c0c770191,4f44f2645e5f5b39ce35423a0000003c58598a3c0434000103000000807c020100000000ffffffff
2565,5028,51250,1.207979917,2.082226807,-0.380087784,0.062833824,2.449508371,-0.121544609,1.230081255,78b06e383a5011ce356ead1c3480300300000000ef10000000000000fffffffff658791b06693c22,82443865715e293dcc35373a0000003cfe6d7a3e0434000103000000817c020100000000ffffffff
2566,5029,51251,1.214153546,2.093021669,-0.415185429,0.072612190,2.428078809,-0.149253276,1.219056957,0db1bf394c4e53c84a16e15620d03003000000009c63000000000000ffffffff08186016016dd9a8,6e459b62eb5c9347af35213a0000003c9c360e7204343000100000008a72020100000000ffffffff
2567,5030,51252,1.187263040,2.086102707,-0.367228121,0.091008777,2.408955567,-0.018027872,1.194967862,84aee738ef50c0c9abcd20e6268c700200000000f00d020000000000ffffffff1b1b4215596a7993,2a4746602264243c82358a3a0000003c0016a93f0d100001030000008e6e030000000000ffffffff
2568,5031,51253,1.184569846,2.087768383,-0.373196142,0.107623712,2.396687222,-0.122610327,1.148057958,43ae1b399b50efc7896d52e0268c700200000000e716020000000000ffffffffad1839243b68c2ca,bb48c75e625e4e435e35373a0000003c09d6c87f04340001030000008479010100000000ffffffff
2569,5032,51254,1.347404499,1.965149001,-0.369643749,0.020115624,2.420935621,-0.049004741,1.439529984,9dbd272acd508cca0a3f00a22398e00100000000f906000000000000ffffffffd4160413446d0da8,7b40bc616e624d40fb35723a0000003cd1b1b83f04340001030000007f7e020100000000ffffffff
2570,5033,51255,1.169777996,2.086166771,-0.364386207,0.108410954,2.404983570,-0.062148596,1.148691309,deace9381751edc8c3d5a0e6269c300229000000f508020000000000ffffffff30591f01f56cecd2,ce48ca5fb56139435f356a3a0000003c2f06ca7e0d100001030000008775030000000000ffffffff
2571,5034,51256,1.254965794,2.061309760,-0.411633036,0.099336961,2.405752343,-0.152805669,1.233333003,e6b4e1357e4eafc3e4f1720833ec400332c46003c126150200000000ffffffff30591f01f56c2021,f347e25fb95c974173351b3a0000003ce6bd3b3c04343000100000009567030100000000ffffffff
2572,5035,51257,1.256664578,2.044364709,-0.411633036,0.067101501,2.452615498,-0.237139483,1.269715330,0fb5d0337e4eafc33af3720833ec400332c46003c126150200000000ffffffffc958101aa26acc21,e94499651658b646ca35cb390000003c3d559a3c04343000103c4001a851050000000000ffffffff
2573,5036,51258,1.210010171,2.093566217,-0.416393243,0.000600326,2.416387044,0.021545788,1.326150841,a9b0d0393b4ed0c8191e215834803003000000009a65000000000000ffffffff96614019f06530f9,a43e2e614f66dc3f1d36a63a0000003cea11f83f0d10000103000000ab470d0000000000ffffffff
2574,5037,51259,1.209347231,2.089498123,-0.380016737,0.000558892,2.418949623,-0.027406190,1.301553585,99b051393b504dc58d895b4d20d03003000000009b64000000000000ffffffff3156131d6a6d8837,a33e7e619e630e401d36813a0000003cd115d83f0d100001030000008773040100000000ffffffff
2575,5038,51260,1.216225234,2.094879538,-0.429466050,0.295318618,2.317247288,-0.475291921,0.948481113,3fb1f939834dc1ca3f1a806134803003000000009b64000000000000ffffffff1b2ce402b7557011,6d5a1755fe4a9a3b5c340a390000003c3bd96b39040cd00013500000d51e0b0101000000ffffffff
2576,5039,51261,1.329463683,2.078543100,-0.423355933,0.364678722,2.275317097,-0.481046798,0.986335776,ecbbfb37d94d6c4def4283c62fb4000000000000ff00000000000000ffffffffb92bfe036e555822,f760fa4fad4add41b93309390000003c37328a7e040cd00013500000d61a090401000000ffffffff
2577,5040,51262,1.328759310,2.078895455,-0.421721832,0.067805875,2.428975711,-0.297388071,1.314541226,dbbb0638f04d764dfd26b1de2fb4000000000000ff00000000000000ffffffff765687076e5e21a6,fa44b762c6547f51c0359e390000003c627fea7204343000103c4001ae48090000000000ffffffff
2578,5041,51263,1.245021693,2.072681202,-0.417458961,0.030888400,2.401556121,-0.434297304,1.257999163,f6b344372c4eb44962dd067d31c8b00333d00000b9350e0200000000ffffffff71586920cd6de140,7f415f5f3f4d703efa3521390000003c9c8e577e040cd0000f384001bd2e140000000000ffffffff
2579,5042,51264,1.224139081,2.095135796,-0.420585067,0.005489509,2.385027490,-0.517423304,1.256392303,feb1013a004ed2cb219e306c20d0300300000000a15e000000000000ffffffff6f5c9a255b70ada6,1a3f5b5dad4830402236d3380000003c6e06387f040cd0000f384001bc350e0000000000ffffffff
2580,5043,51265,1.285005265,1.856655834,-0.404812441,0.024590469,2.383521975,-0.517636448,1.370752584,bbb7ec1cde4e26cd1ac3423720d0000000000000d22d000000000000ffffffff657a5e01d358f813,e7402c5daa4867430936d2380000003c6f9ac67e040cd0000f384001bc350e0000000000ffffffff
2581,5044,51266,1.324988838,2.074923458,-0.320904914,0.006111015,2.396879415,-0.481686229,1.367093626,80bb8a377b535e4bf3bc8d1339cc000000000000ff00000000000000ffffffff197a62003358b0f2,293fcd5ea44ac43e2236fa380000003c7116287f040cd0000f384001bc340e0000000000ffffffff
2582,5045,51267,1.325568911,2.075468006,-0.321331201,0.178268263,2.381952396,-0.143924686,1.200710010,8ebb9b377553c84bd991f9403900000000000000ff00000000000000ffffffffdb783a016058b4cd,644ffb5c365daa3cd134273a0000003cc8955b3c04343000104c40018d71010100000000ffffffff
2583,5046,51268,1.324905970,2.075948490,-0.324173116,0.016179417,2.386052521,-0.729572225,1.404734188,7ebbaa374d53b44ba46a424939cc000000000000ff00000000000000fffffffff656dc01ff6624d9,1c407b5d033d163f223607380000003c0872e77f040cd0000f501001807e010000000000ffffffff
2584,5047,51269,1.253888516,2.065570047,-0.421011354,0.169028536,2.379421849,-0.177530326,1.155295262,ccb46636fa4d30411636d20b3bcc200331d06003714c271109010000ffffffffcd5a3e07f560b7b2,854eac5c5d5be041ee34073a0000003c17568a7e04343000104c40019e5e020000000000ffffffff
2585,5048,51270,1.234911857,2.072264783,-0.399270708,0.055624351,2.379774204,-0.684598927,1.251676179,02b337372c4f334872086e703bc8100333d88003614a251f0b050000ffffffff2359cc09f063f1ae,d443b75c7c3f5948dd3531380000003c1b1eb77f040cd0000f4c4001906d010000000000ffffffff
2586,5049,51271,1.234953291,2.067588077,-0.409217408,0.098922624,2.405207796,-0.167086290,1.209619869,03b3a536a04e234591b0757233ec400332c4600373571c1205020000ffffffff65550f05546670d6,e947d15ff05bf84175350f3a0000003cee354b3d043430001050f000a357040000000000ffffffff
2587,5050,51272,1.249082201,2.066498981,-0.426410991,0.124155780,2.396975512,-0.182006341,1.197667659,58b48336ae4d0c42218ae0213bc8300331d060036f3e33140a000000ffffffffdf5e32053765382a,4a4ad05e1e5b4b404235023a0000003ccdd9ba3d043430001050f000a753050000000000ffffffff
2588,5051,51273,1.220451477,2.073225750,-0.383995417,0.038263608,2.372342726,-0.637494194,1.245512245,a5b155370350404329b8665b33d8b00338c840039c29240906060000ffffffff8d609b065d60a42e,3142cf5b1342054c02365f380000003cdff9963f040cd0000f5030019864020000000000ffffffff
2589,5052,51274,1.208477122,2.070599107,-0.379164162,0.068883152,2.382753201,-0.725664592,1.231331451,84b0033747503f4813acd06736e030033bdc20036644360f0a070000ffffffff67607c04d762e949,1445145d3a3d673fd33509380000003c121ea97f040c30010d3c40018478020100000000ffffffff
2590,5053,51275,1.212869100,2.073546072,-0.380087784,0.012533247,2.379582010,-0.680620247,1.274670120,eeb05f373a501a460c44205a33d880033bc870035a562d1807030000ffffffffeb5c1e02c3640817,c43fb15cb43fde44223631380000003cc555a73f040cd0000f501001906d010000000000ffffffff
2591,5054,51276,1.222523164,2.076973521,-0.391171251,0.086823968,2.375065466,-0.580869047,1.189393428,d7b1ca379e4fa0447a94bd4b33ec600332c480037650151509070000ffffffff995b220308620cd1,c546245c3045bc3ba8359c380000003c27e6a87f040cd0001350f000a851050000000000ffffffff
2592,5055,51277,1.228903962,2.076621166,-0.396002506,0.275098946,2.306260233,-0.536464132,0.991063862,71b2bf375a4f9b471e24df5a3bc8300331d88003564b2a230c050000ffffffffae5f9607a3628c31,8558c053a147863e7934c6380000003ca52af97d040cd0001350f000c232070401000000ffffffff
2593,5056,51278,1.215189390,2.069958462,-0.382148172,0.197120621,2.366961311,-0.282254877,1.065201099,26b1ef361d501c4611f8c06433d8b00338d0200370521d1109070000ffffffffb6674007fd60eacd,2b51275b9b555e3ed334a9390000003c2a029c7b0434300013500001cd270b0000000000ffffffff
2594,5057,51279,1.191696451,2.063776242,-0.363817824,0.244562269,2.352706968,-0.327583413,0.990887005,efae2e361f511c475c26bf6d36e0300335dc4003783b380908040000ffffffff5e65b2078d5bd0f1,a4556a591d53dd4b893487390000003cc8b50a3e0434300013500001d2210b0000000000ffffffff
2595,5058,51280,1.185439955,2.068837334,-0.366943930,0.223058151,2.355750030,-0.216038268,1.015514722,58aecc36f3508d4aa0c5087d38dc600333d0b003736a1a0701000000ffffffff87515604cc5c8fb5,9d53c9593f59743b9334e5390000003ce88d493f04343000104c4001a35a020000000000ffffffff
2596,5059,51281,1.251775395,2.073417943,-0.437707602,0.120758212,2.396270803,-0.163960184,1.207630525,99b45b370f4d0b4bf279506931c8b00333d00000ee10010000000000ffffffff80600804935d81bd,f849ba5e1c5c84414635113a0000003ccbd5ca3d04343000105000009f5c040000000000ffffffff
2597,5060,51282,1.200273238,2.073994523,-0.378382636,0.100497107,2.406296891,-0.184635112,1.165105363,beaf6d375250fa490204e05e38dc600333ec40038950170c03000000ffffffffee1b67194869e19d,0f48f35ff95a303d7335003a0000003cdcd9ca3d043430001050f000a852050000000000ffffffff
2598,5061,51283,1.205908229,2.087768383,-0.375114434,0.147565851,2.387654133,-0.181224815,1.116966086,46b01b39805082c8824931d7268c7002000000009867000000000000ffffffff0e1af6218e7004d6,7f4cad5d295bb23e1935033a0000003cd6d5ca3d0434300010500000a358040000000000ffffffff
2599,5062,51284,1.219249898,2.083924515,-0.373196142,0.239507351,2.318977029,-0.554865528,1.023791438,88b1a3389b500ecd6ee920ad2398700200000000946b000000000000ffffffffe21c4923907618e8,2a554d559e46e140b334c0380000003c8b0add77040cd0001350f000aa50050000000000ffffffff
2600,5063,51285,1.218338355,2.082322904,-0.380371976,0.247876969,2.351425679,-0.363604680,1.007220307,72b1713836508ecec22192ad268c700200000000946b000000000000ffffffff4f1bee1a0068d19f,f45542592251f1488d346a390000003c0b36997f0434300013500001d2210c0000000000ffffffff
2601,5064,51286,1.211128882,2.087832447,-0.373622429,0.262171615,2.314556581,-0.509963279,0.985145956,c4b01d39955038c8663d61d423987002000000009966000000000000ffffffff3c19f11f5272e0d6,4d57c3541649b3428c34e1380000003cb0c6297d040cd0001350f000d0240a0101000000ffffffff
2602,5065,51287,1.214485016,2.083732322,-0.371775184,0.215020003,2.361515832,-0.377459014,1.037365074,15b19d38af5049cd949540a6268c700200000000a55a000000000000ffffffff331db524ca73f0e4,db527d5a5f503847c33459390000003cec391d780434300013500001d2210c0000000000ffffffff
2603,5066,51288,1.222233128,2.082611194,-0.380656167,0.241206135,2.352803065,-0.291135859,1.021484946,d0b17a383250ffcd510d02b323980000000000009768000000000000ffffffffe81fee27156bc0c9,53556d591e55694c8734a5390000003c437e887f0434300013500001d1230b0000000000ffffffff
2604,5067,51289,1.350221994,1.962394229,-0.386126853,0.198529368,2.369780148,-0.312023931,1.223867000,e1bdd129e54f45ccfaced8bb2398e00100000000fb04000000000000ffffffff9f09ab04c1599033,4d517f5bf8530c42d8348f390000003cc6793a3e0434300013500001d1210c0000000000ffffffff
2605,5068,51290,1.322461379,2.070374881,-0.329856945,0.177522455,2.375097498,-0.207654620,1.191081198,43bbfc36fd52ee4ae56f1dea30ac700229980000fe01000000000000ffffffff6907c303415dd94f,524f255cb559613de734ed390000003cc42dfc3a04343000104c4001a459020000000000ffffffff
2606,5069,51291,1.182622459,2.037637941,-0.325807217,0.222726681,2.353860129,-0.244173222,1.013933177,14aefe323653fd48c57fc0a330ac900226000000fd02000000000000ffffffff3a093602bd5cc019,95538e59b35721449f34cb390000003c0e1af87f04343000104c4001a756030000000000ffffffff
2607,5070,51292,1.295529439,2.001025100,-0.329501706,0.146032802,2.387013488,-0.164670663,1.223723345,b9b8872e0253744929d9b3d130ac900226000000fd02000000000000ffffffffdf073505df5cbf68,5a4c995d125c66471d35143a0000003c4fa29a7d04343000105000009468020100000000ffffffff
2608,5071,51293,1.178769120,2.040104423,-0.326801887,0.161321857,2.385860328,-0.145061452,1.089851212,b7ad4b3328531f495bdbe1b030ac900226000000fd02000000000000ffffffff930a5d02115cc012,cb4d755d265d1c43f634263a0000003c45ea8b7b04343000100000008c72010100000000ffffffff
2609,5072,51294,1.295778041,1.996604653,-0.332272572,0.244645137,2.341848042,-0.393657926,1.108080116,bfb8fd2ddb52e149b75488d130ac900226000000fd02000000000000ffffffff280e4805945e8771,a65517587b4f4f4d9a344f390000003c6c92087f0434300013500001d2210c0000000000ffffffff
2610,5073,51295,1.175412986,2.048048416,-0.340869364,0.218044667,2.357095384,-0.408933217,1.008313848,66ad4334625287488fed4cef30ac900227980000d127050101000000ffffffff1f0c3900fb61981e,2453f359a44e2948c3343f390000003c31eeac780434300013500001d11f0e0000000000ffffffff
2611,5074,51296,1.298595537,2.012268414,-0.336890683,0.201678334,2.371702082,-0.342432417,1.154318250,03b9e62f9a52dd452bb6278030ac90022798a002b241090201000000ffffffff3a076601685e042d,9951bb5b4c521d41d93475390000003c91090c3b0434300013500001d2210c0000000000ffffffff
2612,5075,51297,1.295736608,2.009930061,-0.325523025,0.195131801,2.365904248,-0.244812652,1.159552813,beb89d2f3a53804825cac0d430ac9002269c0000fb04000000000000ffffffff790a8b02a65b3997,fb50065baa57c03bcb34cc390000003cdb157d3804343000104c4001a656030000000000ffffffff
2613,5076,51298,1.321674138,2.067716206,-0.331988381,0.199358044,2.373047435,-0.171420210,1.174139137,30bba936df52164a26ff0ac630ac900226000000fe01000000000000ffffffffdc094200f35e201d,6151e55bb35bca40bb340d3a0000003c065a0b7d04343000104c40019f5e020000000000ffffffff
2614,5077,51299,1.297062488,2.007623740,-0.331277902,0.004246496,2.406489085,-0.437849697,1.357138276,deb8552fe9526a48022a36c130ac9002269c0000f40a010000000000ffffffffe5083701c65c6017,fc3ef95f0d4d393a213622390000003c670a487f040cd0000f384001bd2f130000000000ffffffff
2615,5078,51300,1.296109511,2.003683776,-0.328720179,0.031178436,2.396366900,-0.457743099,1.330750756,c7b8da2e0d53764947f5c3d030ac900226000000fd02000000000000fffffffff90a8103f75a2cb9,8641bd5ef54bee3dfa350e390000003c6f92287f040cd0000f384001bc340f0000000000ffffffff
2616,5079,51301,1.321674138,2.069093592,-0.332983051,0.030556930,2.392138645,-0.479981080,1.339010893,30bbd436d1526d4af97f3edb30ac900227980000fe01000000000000ffffffff9c0f84001c60c02b,7741395ebc4ab13efe35fa380000003c399ab77f040cd0000f384001bc340e0000000000ffffffff
2617,5080,51302,1.299382778,2.002594680,-0.343640231,0.007892666,2.380414848,-0.558417922,1.362653384,16b9b82e3b521b48d2183dc930ac900227980000a1500b0201000000ffffffffda0705018760c02f,543fcb5c6c46c2442236ab380000003c56ea877f040cd0000f384001ac4d060000000000ffffffff
2618,5081,51303,1.296565283,2.014030186,-0.327299222,0.016676622,2.371894275,-0.596570624,1.355982587,d2b81d302153da46349bc18d30ac9002269c0000f10d010000000000ffffffffc46a95013d67a357,2840c15b5344a149223688380000003c27f6d77f040cd0000f384001a754040000000000ffffffff
2619,5082,51304,1.303609021,2.012812962,-0.358489234,0.125647395,2.363854185,-0.575753600,1.248209653,7cb9f72f6a51e63c947cf64933d460033ad080038f4a110a07030000ffffffffd8628d00336cbb5a,6e4ac65a7845b04061359c380000003ceb558a3e040cd0001350f000a950050000000000ffffffff
2620,5083,51305,1.308042433,2.015856024,-0.378453684,0.044644406,2.377115529,-0.562467650,1.326854982,e7b95630515036c3128a270033d060033bd48003ec0b050201000000ffffffffbe0af3042c5ba034,cb42645c33465e47ee35ab380000003cb0cad67d040cd0000f384001ab4e060000000000ffffffff
2621,5084,51306,1.321632704,2.070919429,-0.332627812,0.014480633,2.376090497,-0.636215332,1.376205399,2fbb0d37d652354acb0b6eec30ac9002269c0000fd02000000000000ffffffffdd6dc1003c686762,f33f445c2542314822365d380000003cd2c1d73f040cd0000f50e0009a62020000000000ffffffff
2622,5085,51307,1.302614611,2.016816991,-0.351739687,0.047088998,2.370869244,-0.600620353,1.328020764,64b97430c95142b4e1b1174035cca00334e46003735f1c0804040000ffffffff416831016067635b,0643a15b1a44094af7358b380000003cfe2dc73f040cd0000f50e000a656040000000000ffffffff
2623,5086,51308,1.304686299,2.010858995,-0.363107345,0.119763802,2.364719055,-0.559128400,1.252071291,96b9ba2f2951163cc7395a4233d4600334e0a003ae211f0905030000ffffffff7f0b5c01065c0818,e049e15a62461a426435aa380000003c457e6b7c040cd000144cf000ac4d060000000000ffffffff
2624,5087,51309,1.296731018,1.997149200,-0.334190865,0.111062714,2.396655190,-0.255540880,1.253634788,d6b80e2ec052004a835879d230ac9002269c0000fb04000000000000ffffffffc2616401665e5194,0e49c65e135713405f35c1390000003c0e929b7c043430001050f000a851050000000000ffffffff
2625,5088,51310,1.202676396,2.077037585,-0.376322248,0.148643129,2.387301778,-0.325167786,1.099939443,f8afcc376f50ad498b34120a38dc600333ec4003a53c110b02000000ffffffff43684706345b90dc,994ca25d3f530a402d3582390000003cdb755a3e0434300014403001c627120000000000ffffffff
2626,5089,51311,1.172926961,2.067748238,-0.361189053,0.128050553,2.394188708,-0.328435988,1.095172521,2aadaa364451bd4a8836de7237e0600333d05003a44b0c0300000000ffffffff8661800144605f69,a84a795e1153713f4d357f390000003ced657a3e0434300014403001c627120000000000ffffffff
2627,5090,51312,1.206405434,2.076813360,-0.376819583,0.132608266,2.382528976,-0.414545998,1.117105939,52b0c5376850a4487aec414b38d8300337ec40039f281c1804010000ffffffff96652f07955af8ef,164b0d5d554ed44546352f390000003c1cd6097f040cd000144cf000c620190000000000ffffffff
2628,5091,51313,1.180302169,2.069445947,-0.365949260,0.162647737,2.366544892,-0.447228015,1.063247178,dcaddf360151304b9609597c37e0600333d05003a3490f0400000000ffffffffac60d403d85bdbc0,eb4d1a5b894c6d4c1c3515390000003c29fab97e040cd000144cf000c52c0e0000000000ffffffff
2629,5092,51314,1.193519537,2.074346878,-0.377743205,0.339942771,2.251356988,-0.655966638,0.915059645,1baf78375b50ef4a0114c06037e0600333ec400399550b0500000000fffffffff567ff07da631cd2,a25e0e4d0f415e340f344d380000003cbe7e7b7b040c3001143460018164170201000000ffffffff
2630,5093,51315,1.199195961,2.061213663,-0.363320489,0.284587275,2.282620446,-0.652556341,0.984473153,a4afde352651e7435b820f6833d8500334e0a0037856150e0b040000ffffffff5f515201e85cf9bd,6a59de503f41244576344f380000003c6d5ead76040c30011434f0008960120202000000ffffffff
2631,5094,51316,1.256001638,2.073321847,-0.435363022,0.141433655,2.372631016,-0.478346980,1.154857301,ffb45837304daa490d6af14d31c8b00333d00000eb14010000000000ffffffffcd1b9a1dea621fc1,eb4bd85bd34acd494135fb380000003c41067a7e040cd000144cf000c52c0e0000000000ffffffff
2632,5095,51317,1.344048365,1.970466352,-0.373906620,0.280361033,2.289122989,-0.628400067,1.139183790,4cbdcd2a915043c4dd26e1d02398000000000000f30c000000000000ffffffff3e204127276e40c6,0459a9519342ae457e346d380000003c438a8d76040c30010d50f0009d510d0301000000ffffffff
2633,5096,51318,1.350139127,1.938594282,-0.388258289,0.169732909,2.363565895,-0.489146255,1.258625477,dfbdea26c74fddccb29ee8bd2398e00100000000f10e000000000000ffffffff50576106325b9fb0,964ebd5a3b4a13451d35f6380000003c2f6ec87f040cd000144cf000c42d0e0000000000ffffffff
2634,5097,51319,1.245974669,2.075532071,-0.412059323,0.145038392,2.360907220,-0.513160433,1.141806068,0db49d37784e834b83c4cb7431c8b00333d00000f10c020000000000ffffffffcf2e02027854c99a,424c6a5ae948614c3a35d9380000003c40bab97e040cd000144cf000c0320d0000000000ffffffff
2635,5098,51320,1.328096370,2.075628167,-0.434439400,0.289725061,2.292326212,-0.578595515,1.070492411,cbbba0373d4dd54d667ffe902f00000000000000ff00000000000000ffffffffb4075f02145ed02e,e6590d525045a8316734a9380000003c4aae0a7e040c30010d50f000b23d0b0301000000ffffffff
2636,5099,51321,1.295073668,2.006919031,-0.326517695,0.128423457,2.388006487,-0.252912109,1.229519478,aeb83f2f2c53a5487b59b0de30ac900226000000fc03000000000000ffffffff4e07b502c15c553e,b14ab85d385731434835c4390000003c1e2a897f043430001050f000a851050000000000ffffffff
2637,5100,51322,1.325320308,2.073001524,-0.325380930,0.151336323,2.384867329,-0.349181964,1.214934223,88bb4e373c534f496cb2a18c30ac900226000000fe01000000000000ffffffff1555930b7774b76a,da4c565ded510e422f356c390000003c2ea6b87f0434300014403001c726120000000000ffffffff
2638,5101,51323,1.149226854,2.098242923,-0.434439400,0.151336323,2.375033434,-0.376180152,1.037204242,eeaa623a3d4dddca5769f22034ccb00300000000f50a000000000000ffffffffbb59ef0b9e65e7b5,da4c235c71503946333552390000003c62d6577f04343000144c0001c726130000000000ffffffff
2639,5102,51324,1.231555723,2.064801273,-0.407299116,0.126103166,2.382721169,-0.381935029,1.150539765,b1b24e36bb4e7941a15cd47233d0b00332d810038465120201000000ffffffffbb6773004c71c757,794a135d205068424d354e390000003c3b1a9a7e0434300014403001c626130000000000ffffffff
2640,5103,51325,1.307172324,2.025497725,-0.367228121,0.133436941,2.377051464,-0.444244005,1.227671058,d2b98331ef50c7c828f3580633d0500336eca003ef0e020000000000ffffffff9f5ed20ec2670001,2a4b625cb34c5643463515390000003c2f566a7e040cd000144cf000c52b0f0000000000ffffffff
2641,5104,51326,1.136589559,2.091259896,-0.387547810,0.124694419,2.391017517,-0.307121629,1.058420888,bda98839d14fefbbbdbdf66a34cc00023bd82003e518010100000000ffffffff355a340f3468180c,574a165e3d547f3e4e3593390000003cd2a90a3e0434300010503001c12d100000000000ffffffff
2642,5105,51327,1.142597453,2.092797443,-0.407085973,0.122912767,2.391177678,-0.288933376,1.068993760,4eaab839be4e2dbc8b51e36a34cc00023bc86003e815010100000000ffffffffc46a95013d673003,2c4a1b5e3d55a53f5035a3390000003cf3314b3d0434300010503001b3420a0000000000ffffffff
2643,5106,51328,1.164515909,2.056601022,-0.358489234,0.129873638,2.396527061,-0.201047169,1.100373729,5fac4e356a51e63ce47df64933d460033ad080038f4a110a07030000ffffffffdf6aca070066f801,d44ac25e125adf423f35f2390000003c3fe28a7d043430001050f000a852050000000000ffffffff
2644,5107,51329,1.201723420,2.056280700,-0.358276090,0.146820043,2.384258716,-0.306055911,1.105946500,e1af44356d51733e286e366a33d4600334e88003844b12120a020000ffffffff2769cc041c6668f6,6d4c435d4c54073e2d3594390000003cbf5d4a3e0434300010503001c32c100000000000ffffffff
2645,5108,51330,1.183409701,2.058010440,-0.361544292,0.102361625,2.407033633,-0.202397078,1.147087602,27ae7a353f51ee3f07363c5f33d460033ae040039a2d240707070000ffffffffcf6d74069763b80e,3c480a60ff590a407035f1390000003c1a226b7d043430001050f000a852050000000000ffffffff
2646,5109,51331,1.191240680,2.052757154,-0.351100256,0.146032802,2.382528976,-0.282752212,1.098125866,e4aed634d251b443c03db36f35e8300339d84003694d2a0d0c060000ffffffff1e6e81030362181f,5a4c0d5d945508442f35a8390000003c57ce487f0434300010503001b243090000000000ffffffff
2647,5110,51332,1.172098286,2.052020413,-0.349821395,0.132981170,2.387878358,-0.219519613,1.099792478,16adbf34e451fc45b139415e3ad4900333d8400375352c170c070000ffffffff1d64cc0ab361c8f4,1f4bb45d0e59b13f3d35e1390000003c280a997f043430001050f000a852050000000000ffffffff
2648,5111,51333,1.211170316,2.064673144,-0.373906620,0.103438903,2.402965539,-0.219306470,1.168508380,c5b04a3691500b46636d687933d8400338ec5003864c210a01010000ffffffff0d61c6090d6378df,56488b5f115973436a35e2390000003c38b60b7c043430001050f000a851050000000000ffffffff
2649,5112,51334,1.216100933,2.066979465,-0.379519402,0.236275518,2.330957083,-0.513089385,1.023515005,3cb192364250e2444b00636f33d840033be02003953b200806010000ffffffff5b66220bc865a0e6,dc54c356ea48ae42b134df380000003c55d65d75040cd000144cf000b741070000000000ffffffff
2650,5113,51335,1.213117702,2.061149599,-0.369998988,0.263704663,2.331021148,-0.432094820,0.988975057,f4b0dc35c850a93f64badd7133d0600335e0a0039e48140401000000ffffffff56685a0af66780f5,7257c5565e4d475187342f390000003ca34e087e040cd00013500000d41b0e0100000000ffffffff
2651,5114,51336,1.212081858,2.058779214,-0.365380877,0.216304449,2.348831068,-0.457316812,1.041227614,dbb092350951d5b58152fc7033d0500336e88003a7460b0701000000ffffffffa16714025672b33f,fa52f158fb4b1146cb3415390000003c09422b7d040cd000144cf000c62a0e0000000000ffffffff
2652,5115,51337,1.240339679,2.047631997,-0.367867552,0.224508332,2.346236458,-0.485735957,1.065350135,85b33634e6506dc9c2c7491133d0500336ec0000ec11010000000000fffffffff327050ff36e0755,c053a0586b4ae23dc734fb380000003cc2d13c39040cd000144cf000c0340b0000000000ffffffff
2653,5116,51338,1.160869738,2.095488151,-0.419235157,0.275306115,2.324486573,-0.481970421,0.916841820,07ac0c3a134e22c8908d2fe2269c800223b40000f608000000000000ffffffff6c2ad70a3d715f64,8a58f955a04a12448434ff380000003c14aa397f040cd00013500000d51e0b0101000000ffffffff
2654,5117,51339,1.133150557,2.097089762,-0.428400332,0.005696677,2.399986542,-0.460585014,1.167876091,6aa93e3a924de4c85d059eda269c80022d000000ee11000000000000ffffffff0828b70b8b6a2348,1f3f2e5fcd4b5e3d21360e390000003c6b1a487f040cd0000f384001bc340f0000000000ffffffff
2655,5118,51340,1.112640849,2.094431087,-0.416464291,0.125357359,2.392074581,-0.353942171,1.033067933,7ba7eb393a4eacc055e98fe3269c80022da8f002ac4c070000000000ffffffff99274d11a26eb358,674a375eaa51a843543567390000003c6a52ca7d0434300014403001c626120000000000ffffffff
2656,5119,51341,1.171891117,2.095167828,-0.418240487,0.165838137,2.374681079,-0.409004265,1.044200922,11ad023a214e80c8c45ddfe1269c300228000000fb04010000000000ffffffffc328c6115e70175f,384e185ca34e834c173538390000003c7106287f040cd000144cf000c621180000000000ffffffff
2657,5120,51342,1.176158794,2.095872537,-0.423569077,0.163476413,2.356166449,-0.516144443,1.049689823,78ad183ad64d7cc9cef95ee0269c300228000000fd02000000000000ffffffff9425b8117169576e,ff4dd659bf48574f2735da380000003c5966587f040cd000144cf000bc380b0000000000ffffffff
2658,5121,51343,1.168700718,2.092765411,-0.409856839,0.353325873,2.246648250,-0.659732175,0.866575876,c4acb739974e35c3d481bde4269c300228000000f505050000000000ffffffff94218a11af682f7e,e55f7b4cda409e36e0333c380000003c82725b7c040c3001143460018065170201000000ffffffff
2659,5122,51344,1.166173259,2.091195832,-0.388897720,0.305718490,2.263080785,-0.673160221,0.922351352,87ac8639be4fa3c2c3b909e3268c700228a80000f306050000000000ffffffff7a275f0ece6abb53,685b7c4e1d4085454c3439380000003c79e6bb7a040c3001143460017e67170201000000ffffffff
2660,5123,51345,1.142680320,2.094014668,-0.414759142,0.311104878,2.263721430,-0.647298799,0.879995905,50aade39524ef9c26491cfe5269c800223b4a002e617010000000000ffffffffc821261ac264f77b,ea5b904e8941654a4b3455380000003ca73a7a7c040c300114346001885e150201000000ffffffff
2661,5124,51346,1.213366305,2.090619252,-0.389608198,0.303646802,2.288097958,-0.603249123,0.955107249,fab07439b44f26c470c66aca2398700200000000c23d000000000000ffffffff1f269e1ee373481d,365b8951f543bc26593486380000003c75c2187f040c30010d500000ae400d0302000000ffffffff
2662,5125,51347,1.219788537,2.097410085,-0.415966955,0.307458708,2.273619389,-0.626552823,0.952754871,95b1483a414e3acdc3addea0268c700200000000d02f000000000000ffffffffc01e251a36642184,925bc54fad424a3b58346f380000003cf2b2187c040c30010d5060019c4e110202000000ffffffff
2663,5126,51348,1.214194980,2.089690317,-0.380158832,0.270292630,2.326760861,-0.459021961,0.976408460,0eb157393950bcc3994db5c72398700200000000c738000000000000ffffffff2620ee207379f0fe,11584056e34bc949823416390000003c02deca7d040cd00013500000d51e0b0101000000ffffffff
2664,5127,51349,1.214982221,2.081458033,-0.392876400,0.608474930,1.952720496,-0.496535233,0.628625167,21b15638864ff3ce4c5207a4268c700200000000cb34000000000000ffffffff491c3d150b75e0ef,f377a328d349794a202bf8380000003c3abe8f65131040010334500196520c0b00000000ffffffff
2665,5128,51350,1.182953929,2.082290871,-0.378098444,0.576322337,1.944296019,-0.535043175,0.641619916,1cae70385650edcc47ba429e269c300200000000fa05010000000000ffffffffe41953149b72e0e7,eb749c27b547463ff22abd380000003cabb60f68131030001454d000a83f0c0b00000000ffffffff
2666,5129,51351,1.178189048,2.083540128,-0.372272519,0.007892666,2.427406132,0.172735641,1.335990772,a9ad9738a85025cc36cea1a1269c300200000000f807010000000000ffffffff3d1fcb15ca7670fe,543f86629f6ef0410e36173b0000003c09aad87f0d40400000000000ac371c0000000000ffffffff
2667,5130,51352,1.187304473,2.081201776,-0.385913709,0.362275564,2.278360159,-0.464989981,0.851937314,85ae4e38e84f6ccd3e6a869b269c300200000000fb03010000000000ffffffff9222201536761804,bd6059508f4b5641b9331c390000003c4036fb7c040cd00013500000db150b0301000000ffffffff
2668,5131,51353,1.187014437,2.080144712,-0.400265378,0.000766061,2.427406132,0.146234788,1.351457782,7eae2d381e4f13cd28aeea9c269c300200000000fc03000000000000ffffffff761be90eaf7438f4,a83e86622a6d983f1c36043b0000003c2106e87f0d10000103000000ae31200000000000ffffffff
2669,5132,51354,1.156187724,2.082098678,-0.375682817,0.597909323,1.972196092,-0.529998776,0.589547934,96ab6a38785052cc5d92b3a0269c900223000000dc23000000000000ffffffff9d18e30e677270ed,f476032bfc47c7517c2cd0380000003c77aa6f5c1310300014345001984d0e0c00000000ffffffff
2670,5133,51355,1.149226854,2.083411999,-0.369004318,0.413984889,2.256065726,-0.473160486,0.762390033,eeaa9338d6502acb70a6b2a2269c900223000000d52a000000000000ffffffffb41e0a0ffe75e0fe,9d65a14d1c4bbd3c17330d390000003c229a2c7a040cd00013500000dc14080402000000ffffffff
2671,5134,51356,1.161574112,2.080977550,-0.383142843,0.609717943,1.919246814,-0.514368246,0.589849277,18ac47380f50a8cc4b02f79d269c300200000000e41b000000000000ffffffff7126a61107755000,11788e24d8480769f328d9380000003c6222be59131040010354d000bc320a0800000000ffffffff
2672,5135,51357,1.175785890,2.078511068,-0.414261807,0.271701378,2.290019892,-0.679341385,0.965594102,6fadfa37594e39cc312ef8a1269c300200000000fb04000000000000ffffffff3222b20e51758002,3358c551c63fba3f8b3430380000003cfd659d37031030010d50f00078770f0101000000ffffffff
2673,5136,51358,1.161822715,2.079856422,-0.396855080,0.585272028,1.988276272,-0.559057352,0.605893716,1eac24384e4f48cc3ee2a99c269c300200000000ea15000000000000fffffffffb2a6801016485a1,c375f92c634687501b2dac380000003ca5b64f5f13103000143450018858120d00000000ffffffff
2674,5137,51359,1.254675757,2.067876367,-0.423782220,0.541932321,2.111087847,-0.573693212,0.729618903,dfb4ae36d34db04413a25d8c2dbc80022798a00266582a1502000000ffffffff4d23561ddd77980e,ad71f33b9545d355dc3093380000003cef690e71040c3001143460017e4d2c0800000000ffffffff
2675,5138,51360,1.210465942,2.080497066,-0.405593967,0.606941881,1.900892345,-0.502361157,0.637073808,b4b03838d34e2cce37e6bc9b268c700200000000ee11000000000000ffffffffe922b0192277b009,ce775122814997664126ef380000003c38364e56131040010354d000b7360b0800000000ffffffff
2676,5139,51361,1.203712240,2.080304873,-0.403391484,0.240626062,2.322532606,-0.686588267,1.032671138,11b03238f24eb3cd1c1a3c9b268c700200000000fb04000000000000ffffffff0a205624f477e0fd,4555bc55603f5139cd3425380000003cbf35ac3a031030010d50f0007b780b0100000000ffffffff
2677,5140,51362,1.219581368,2.081650227,-0.391952778,0.565300959,2.053301702,-0.584989823,0.682751634,90b15c38934fe2ce402a37b3268c000000000000926d000000000000ffffffff5017ae042064c6b9,e173e734f6443358e12f97380000003ceeb9ce6d044c3000143460017243400a00000000ffffffff
2678,5141,51363,1.180757940,2.059964406,-0.361544292,0.587385150,2.051315704,-0.554652385,0.624064744,e7adb7353f510a443e0e30e127a890022cac6002714a221609040000ffffffffce155a0f4470b4dc,f675a934a1468f4c292fc9380000003c2e762f69044c300014346001884f1c0c00000000ffffffff
2679,5142,51364,1.146409358,2.084757353,-0.362467914,0.398944436,2.266636363,-0.433657873,0.772561838,aaaabd383251e5c96e2ab1a5269c900223000000e01f000000000000ffffffffd4179c01816364c8,3264eb4e484da9492f333e390000003c53ba2d75040cd00013500000de120b0301000000ffffffff
2680,5143,51365,1.161864149,2.060092535,-0.362965249,0.398447231,2.254912566,-0.500229722,0.799751067,1facbb352b512b454bae618c2a9cc00229ace0025b54341206050000ffffffffa71b161c5366b5a0,26647d4d9f49db444933ed380000003c840a7d77040cd00013500000d819070502000000ffffffff
2681,5144,51366,1.215355125,2.088184802,-0.374119764,0.357510682,2.286176024,-0.436215597,0.882583426,2ab128398e5038c7211911d42398700200000000c936000000000000fffffffff525b123736d8438,4a604d51244dfb4ab8333b390000003c979a5b7a040cd00013500000de120d0201000000ffffffff
2682,5145,51367,1.231845759,2.095135796,-0.413551328,0.612659740,1.927350968,-0.476926022,0.644638990,b8b2013a634e3bcc10420fad2398000000000000e21d000000000000fffffffff525b123736d5825,58788b25e74ac539b3291b390000003c77f67f20131040010334500195530c0a00000000ffffffff
2683,5146,51368,1.233254507,2.079728293,-0.413551328,0.414606395,2.246872476,-0.494332749,0.839432872,dab22038634e3bccbb430fad2398000000000000e21d000000000000ffffffff0026d11b40741014,ac65824cf249da471133f1380000003ca48e0c78040cd00013500000db15080502000000ffffffff
2684,5147,51369,1.213614907,2.097762439,-0.415256477,0.537664645,2.145234206,-0.534190600,0.687973584,00b1533a4b4e0acdc5c10da1268c700200000000ef10000000000000ffffffffad239a255b70b80f,46711d40c14753592331c6380000003c2b1efd75044c300014346001ac27230701000000ffffffff
2685,5148,51370,1.230188409,2.081009582,-0.404812441,0.203169949,2.335601757,-0.695185059,1.097223929,90b24838de4e26cd423f4db72398000000000000d22d000000000000ffffffffd0196c1dc87324dd,bd515457e73e343200351c380000003c8d79fa3c040c30010d50f0007a780b0100000000ffffffff
2686,5149,51371,1.209430098,2.083411999,-0.373196142,0.454217064,2.196806098,-0.529359346,0.779481811,9bb093389b505ccdeee5109f268c700200000000d827000000000000ffffffff5429001d8971cc23,686967460548f4457032bc380000003c813ecc79040c300114346001bc1f1c0602000000ffffffff
2687,5150,51372,1.215479426,2.096288956,-0.428755571,0.471577807,2.178483662,-0.564172799,0.760580971,2db1253a8d4d68ccee09bfa5268c700200000000cf30000000000000ffffffff58276d18996b2f5b,0b6b2b441b462c3e44328c380000003c66d21c79040c300114346001b6231e0701000000ffffffff
2688,5151,51373,1.205576759,2.093886539,-0.416606386,0.511519946,2.159840903,-0.606943612,0.722698483,3eb0da39384ef2c8f8117fd9268c700200000000c539000000000000ffffffff08293b19af72601e,cf6ee541c1437043a3315c380000003cda91ed36040c3001143460018648290800000000ffffffff
2689,5152,51374,1.207358410,2.096769440,-0.426908326,0.478870148,2.201322643,-0.493835414,0.738989686,69b0343aa74d54ccedc57ea2268c700200000000f609000000000000ffffffff782962182f707148,bb6bf446f949814d0e32ef380000003c58162c7a040c300114346001c41b170603000000ffffffff
2690,5153,51375,1.205328156,2.095808473,-0.428258236,0.401140425,2.258340015,-0.450496217,0.820749010,38b0163a944d12cb0ce2dfdc268c700200000000f10e000000000000fffffffffe19c71a747338df,6764e84d5b4cb33c2b332a390000003c0116ad38040cd00013500000dd14090402000000ffffffff
2691,5154,51376,1.204250879,2.083476064,-0.373267190,0.504393340,2.151000008,-0.561899267,0.727971234,1eb095389a5003cd0f06f19d268c700200000000f00e000000000000fffffffff5266a16ab6ccb57,236ed1403b46694cc8318e380000003c0e2edd77040c300114346001aa2c210701000000ffffffff
2692,5155,51377,1.197041406,2.094270926,-0.415966955,0.416180878,2.247993604,-0.591384130,0.814950925,70afe639414effc802565fdb268c700200000000e817010000000000ffffffffe81f991df77840ff,d265a54c9c443c3f4a3387380000003c30362b7d040c3001143460019455130202000000ffffffff
2693,5156,51378,1.209927303,2.081329904,-0.391171251,0.382039465,2.283100930,-0.511526332,0.860578390,a7b052389e4f89ce3e22579b268c700200000000ee11000000000000ffffffffdf29141bd76e3847,9a62ed5000496e459833e5380000003c925e0a7d040c30010d500000bf30090502000000ffffffff
2694,5157,51379,1.211501786,2.095327990,-0.429466050,0.090055801,2.403285862,-0.312947554,1.168783859,cdb0073a834d03cb11e6afdc268c700200000000d02f000000000000fffffffffc1a0524136e70be,1347955feb53834187358d390000003cff993a7e0434300010503001bf30100000000000ffffffff
2695,5158,51380,1.348564644,1.900860313,-0.374830243,0.440378190,2.206639993,-0.575398361,0.979046177,b9bd50228450a7cc3a0bb1ac2398000000000000db24000000000000ffffffff28277621156b04cc,1a689a477d459a31bf328e380000003c7b16ad78040c300114346001a5391a0501000000ffffffff
2696,5159,51381,1.336797458,1.877316623,-0.417387913,0.425669208,2.216762179,-0.584137248,0.986500539,9dbc711f2d4ec1ca3b8f6faa2398000000000000de21000000000000ffffffff981fd2190f7820ff,b766d6480245ba3a02338c380000003c4ba69d76040c3001143460019056150301000000ffffffff
2697,5160,51382,1.203132168,2.081265840,-0.388826672,0.474188134,2.175472632,-0.590602604,0.762199351,03b05038bf4f08ce3dead699268c700200000000fb04010000000000ffffffffa126da22c0709823,4a6bcd43a744143436326a380000003c1f66ac3a040c300114346001a82e210701000000ffffffff
2698,5161,51383,1.226873709,2.079632196,-0.417743152,0.441248299,2.195973260,-0.629678929,0.821984976,40b21d38284ee8ccaf27efad23980000000000009f60000000000000ffffffff0026d11b4074c013,2f684d468142ee38903248380000003c75c65c79040c3001143460017e66180301000000ffffffff
2699,5162,51384,1.209305797,2.079055616,-0.415256477,0.556972774,2.062334791,-0.633444465,0.688058106,98b00b384b4e0acd3fc20da1268c700200000000ef10000000000000ffffffffb42393205978d80f,187301364c428b544e3056380000003cd7f54e6d040c30011458d0005e4d480b00000000ffffffff
2700,5163,51385,1.215603727,2.080721292,-0.408009595,0.410090116,2.222207658,-0.611561724,0.842795372,30b13f38b14e94ce8b12bda1268c700200000000c936000000000000ffffffffd8264e211f739026,3f6580498043ef3c323370380000003c46b6ac79040c3001143460018462160201000000ffffffff
2701,5164,51386,1.221404453,2.079440003,-0.419377253,0.589622572,2.026266499,-0.515860251,0.641314849,bcb11738114e4fcd4f472fa6268c7002000000009b64000000000000ffffffff1525c311a9747800,2c769b31c3483d3b482efb380000003c09cacf26044c3000143460018d4f160c01000000ffffffff
2702,5165,51387,1.175247251,2.079055616,-0.406446542,0.447297627,2.217274694,-0.494190653,0.746132828,62ad0b38c74e73cc3286e89e269c300200000000fa05000000000000ffffffff1f269e1ee373d81d,c168e648f449d6478a32ed380000003c816e1c79040c30010d500000d6160a0603000000ffffffff
2703,5166,51388,1.215355125,2.079215777,-0.415966955,0.091050211,2.406489085,-0.332840955,1.173916219,2ab11038414e3acd8eaedea0268c700200000000d02f000000000000ffffffff76258f141269af6e,2b47f95fd352514089357b390000003c05825a7e0434300010503001c528120000000000ffffffff
2704,5167,51389,1.186268630,2.092541185,-0.406588638,0.267392268,2.343769976,-0.311029261,0.957382509,6caeb039c54e1dc503723ddd268c700228000000e31b010000000000ffffffff9b17af017f6599ad,cb5753580654875457349b390000003c2caa7a7d0434300013500001d0240b0000000000ffffffff
2705,5168,51390,1.164184439,2.058715149,-0.361970579,0.263414627,2.334704854,-0.222148384,0.952421554,57ac90353951124209def1cc27a890022cac600281441f1006050000ffffffff7015a50fd86ce9a4,6b573857e95875404034e7390000003c38757c3804343000104c4001ad4f030000000000ffffffff
2706,5169,51391,1.142680320,2.086198804,-0.360904861,0.328962826,2.281467286,-0.488009489,0.846416876,50aaea384851c3c7181a51ea269c300229a80000e11d000000000000ffffffff46259e1676686772,995dba504b4ad1481334fe380000003c45cedc78040cd00013500000d3200a0201000000ffffffff
2707,5170,51392,1.198408720,2.092316960,-0.405878159,0.263124591,2.374681079,-0.238915680,0.991141951,91afa939cf4ecfc501eabcdd268c700200000000bc43000000000000ffffffff911c77193976e0ee,6457185cfd5762376534cf390000003c2ca5ca3a04343000104c4001ae4d030000000000ffffffff
2708,5171,51393,1.200066070,2.082226807,-0.379448354,0.269049618,2.377756173,-0.255611928,0.984613986,b9af6e3843508dcd4d8e129c268c700200000000fa04010000000000ffffffffb11cdf1c0c7700ef,f357785c12570f3e6034c5390000003ce9c1fa3d0434300013500001be3b050000000000ffffffff
2709,5172,51394,1.207979917,2.082226807,-0.380087784,0.290222266,2.315773806,-0.461508636,0.950501268,78b06e383a5011ce3192a29c268c700200000000ef10000000000000ffffffff701ded25bc703bb7,f259e954c04bb74c5c3418390000003c0ff67b7b040cd00013500000d51e0b0101000000ffffffff
2710,5173,51395,1.349517620,1.894966382,-0.380585120,0.320096003,2.307349329,-0.440478468,1.110565520,d0bd9821335064cdf00633b72398000000000000d02f000000000000fffffffff31b8f17e8690999,c35ce253e84c53501d3435390000003c6266dc78040cd00013500000d61d0b0101000000ffffffff
2711,5174,51396,1.198118683,2.087800415,-0.375114434,0.353284440,2.266988717,-0.512023667,0.874412651,8aaf1c39805061c88cc1f1df268c700200000000c43a010000000000ffffffff0e2c9f01e761899e,e45ff64ef9489d3bec33df380000003c52038777040c30010d500000bb340a0401000000ffffffff
2712,5175,51397,1.254717191,2.069349850,-0.426410991,0.308121648,2.314940968,-0.410425222,0.978066289,e0b4dc36ae4d69461d7e3d8c2fb480022798a0028c5d0f0601000000ffffffff9619200f956a198e,a25bcf548f4e0f48203450390000003cb4199d38040cd00013500000d61a0e0101000000ffffffff
2713,5176,51398,1.139531355,2.087832447,-0.370425275,0.327139741,2.291909793,-0.466553034,0.843130028,04aa1d39c25029c4e75903ea269c300229a88002e11d010000000000ffffffff8d25e9092973a001,6d5d0052794bf94b163418390000003c70de6b7a040cd00013500000d51e0b0101000000ffffffff
2714,5177,51399,1.124615204,2.077774327,-0.409785791,-0.377068342,1.772987646,-1.775325727,2.052473558,9ca8e337984e11ca57761892269c80022d000000d32c000000000000ffffffff1522940856745805,091bb8128403942aac3800270000003c3617b269083070000a0c9000b6251b0702000000ffffffff
2715,5178,51400,1.106715822,2.079375938,-0.395007836,-0.347650377,1.937120799,-1.494260379,1.828598840,eca61538684fcfca3fe2da9a269c8002290000008778000000000000ffffffff702073261871d0fe,cf1dbc26f812f7b63f399b3a0000003c729c126c03288000091cc0008945171009000000ffffffff
2716,5179,51401,1.229193999,2.082098678,-0.390389725,-0.398655328,1.962330165,-1.483603199,1.964523766,78b26a38a94f75cd3d9ea8be2398000000000000d22d000000000000ffffffff701ded25bc7020ec,0019cf298e13119842395d3a0000003c71c8135403289000081c10019f3f140a03000000ffffffff
2717,5180,51402,1.227329480,2.083027613,-0.380585120,-0.318646749,2.058715149,-1.287440048,1.792489737,4bb28738335064cd560533b72398000000000000d02f000000000000fffffffffc1a0524136eb8da,8b209035571ee77a063a3e3a0000003cbc6af57c0324a0001120f000e611060101000000ffffffff
2718,5181,51403,1.225133491,2.084244837,-0.374830243,-0.370066037,2.104873594,-1.421365271,1.907962957,16b2ad388450a7cc6609b1ac2398000000000000db24000000000000ffffffff0e1a76181e7338e2,b21b313bfa16e180a439033a0000003c3706877f03289000081c1001d9160d0201000000ffffffff
2719,5182,51404,1.195798393,2.083508096,-0.373196142,-0.360702009,2.095456118,-1.343354717,1.834133015,52af96389b50b3cc2c3e019e268c700200000000f806010000000000ffffffffce251915c574d804,941c0b3a441bcf7ecc390f3a0000003c9e65c93c0324a0000844f000e40f0b0100000000ffffffff
2720,5183,51405,1.188630354,2.078959519,-0.414403902,-0.408433694,2.071784300,-1.335539452,1.843679949,a5ae0838574e6ccc26029ba0269c300200000000fd02010000000000ffffffff4f1790043762b3c4,14182837b21b3f6cd339e6390000003c2353a2340324a0000844f000e60f090000000000ffffffff
2721,5184,51406,1.177401806,2.061694147,-0.361544292,-0.448251531,1.999679747,-1.411134379,1.936035617,96aded353f5118467f12a0a22a9cc00229ace00258473b1509070000ffffffff17289d1f6f69c54a,53145d2e8a1785ae1c39223a0000003c1554101703289000081c1001d6180e0200000000ffffffff
2722,5185,51407,1.223103237,2.093598249,-0.420300875,-0.339115023,1.875330625,-1.716427048,2.041594892,e5b1d139044e75c958c62fe42398000000000000da25000000000000ffffffff28277621156be23c,9d1e331fc106b33b6b38802c0000003c146f5067081cc0000a0c90009f24220e0c000000ffffffff
2723,5186,51408,1.227080877,2.094238894,-0.417387913,-0.447049952,2.040681003,-1.414686772,1.949406960,45b2e5392d4ec1ca188e6faa2398000000000000de21000000000000ffffffff2c27f41c31670b59,70145d33581744db2639063a0000003c31c4902d03289000081c1001d6180e0200000000ffffffff
2724,5187,51409,1.218628391,2.092541185,-0.414759142,-0.398655328,2.069445947,-1.312662040,1.849964765,79b1b039524e76c750323fd72398000000000000d02f000000000000ffffffff9a24f11af565af6d,0019df36f41cff77e939f2390000003ca52604300324a0000844f000e60f090000000000ffffffff
2725,5188,51410,1.214277847,2.091612251,-0.402538909,-0.398655328,2.069445947,-1.312662040,1.852125505,10b19339fe4e7dc55146ddd02398700200000000c33c000000000000ffffffffc41c2a20af7788ed,0019df36f41cf024e538e5390000003c4c2404300324a0000844f000e60f090000000000ffffffff
2726,5189,51411,1.213407738,2.082194775,-0.380300928,-0.302984790,1.979915860,-1.604384567,1.951483546,fbb06d3837508ece156ae2a1268c700200000000cc33000000000000ffffffffee2533198c74d80c,0522f42bea0c91808e39893b0000003cbccdc837080ca000073090004f45362f03030000ffffffff
2727,5190,51412,1.203877975,2.079023584,-0.414688094,-0.346780268,1.867706954,-1.651489301,1.994711239,15b00a38534ed5cc21ca0ca1268c700200000000fa05000000000000ffffffffc356a512fc734767,e41d451e530abac7b438c33b0000003c2d50a066081ca000033090006c372c2609010000ffffffff
2728,5191,51413,1.183824038,2.097442117,-0.428613475,-0.367828615,1.914217754,-1.656604747,1.987249276,31ae493a8f4dd2cbb6ddc12334cc000200000000fd02000000000000ffffffffc956ad146d710a33,e81bf1230b0a7da1c738a13b0000003c59100150081c30000a30900070332e2408010000ffffffff
2729,5192,51414,1.190826343,2.096256924,-0.427192518,-0.306838129,2.002850938,-1.708185496,1.972984175,daae243aa34db9caee2da05f3480300300000000fc02010000000000ffffffff575647120272f634,a821c02e3507a98c4239973b0000003cf0b8fa78081c30000a3090009929210f0c010000ffffffff
2730,5193,51415,1.180095000,2.096577247,-0.428897667,-0.302860488,2.016240410,-1.643034605,1.918264709,d7ad2e3a8b4d77cad625806234cc00023b000000fd02000000000000ffffffff8f5ae90929734185,08226230ca0ab9886339863b0000003c27e5cb3a080c70000a309000683c322304020000ffffffff
2731,5194,51416,1.143633297,2.100357050,-0.409785791,-0.395879266,1.964924776,-1.655610077,1.985074050,67aaa43a984e11ca3f89171234ccb00332000000d32c000000000000ffffffff5656cb0f3574f766,4319202a190aada4e938683b0000003c50d4e051080c70000a3090007433321f06010000ffffffff
2732,5195,51417,1.171891117,2.097762439,-0.429892337,-0.369983170,1.947371113,-1.610352588,1.947685876,11ad533a7d4d6fcb8d05222534cc00023b000000fb04000000000000ffffffffca589e131c6ef826,b41bfc27960cd1a7c038743b0000003c48e4a20f080c70000a3090005e40332803020000ffffffff
2733,5196,51418,1.183202532,2.094847506,-0.417245817,-0.364058143,2.044268613,-1.671737942,1.992567266,22aef8392f4edfc8eea5305f348030033b000000fa04020000000000ffffffff8254950b0573bd38,431ccd333609e98b3b39513b0000003c168dca7b080c70000a3090008c312c1104010000ffffffff
2734,5197,51419,1.144752008,2.097698375,-0.436428740,-0.381460320,1.931835481,-1.654189119,1.959534361,82aa513a214ddcc9870d306134ccb00332000000f50a000000000000ffffffff83584d11a26e4c27,9f1a17262d0a79a0d738863b0000003c542c610f080c70000a3090007333321f06010000ffffffff
2735,5198,51420,1.171891117,2.095167828,-0.418240487,-0.385147924,2.061662114,-1.623283299,1.969167689,11ad023a214e80c8c4a1d06134cc00023b000000fb04000000000000ffffffff4f5a1915c574077a,461aec35e00b418c48392b3b0000003c28490c3a080c70000a24c00079432d1202020000ffffffff
2736,5199,51421,1.196627068,2.098403084,-0.414403902,-0.387219612,2.001281358,-1.591809095,1.975926598,66af673a574e6ccc9bfd942034cc000200000000fd02010000000000ffffffffda5a850ed1747183,141a8f2e9b0d177d7e39363b0000003c854d161c080c70000a24c0006846321a02010000ffffffff
2737,5200,51422,1.172264021,2.099492180,-0.410069983,-0.409220935,2.029854109,-1.592164335,1.975674868,1aad893a944eeccb64b5681d34ccb00300000000f40b000000000000ffffffff4558ac0a52752184,01180b32960de77c6839193b0000003c7a31b618080c70000a24c000694a311702010000ffffffff
2738,5201,51423,1.150014095,2.099235922,-0.420087732,-0.425007195,2.024632855,-1.610778875,1.975855025,01ab813a074e6ecb7249191934ccb00300000000ea15000000000000ffffffff2e5a33198c749772,84166831900c51abf4381f3b0000003c5fd0510f080c70000a24c0007246321302010000ffffffff
2739,5202,51424,1.208062784,2.097986665,-0.414688094,-0.443445216,2.057081505,-1.620654528,2.045362302,7ab05a3a534ed5ccbe3503213480300300000000fa05000000000000ffffffffe456fb14ab73e764,c7145d35050cedaa10390a3b0000003c967c3056080c70000a24c0006e4b301302010000ffffffff
2740,5203,51425,1.193602404,2.097185859,-0.427334614,-0.443569517,2.055319733,-1.605095046,2.017226885,1daf413aa14d1accde81312234cc000200000000fd01010000000000ffffffff11624e085775f180,c4142635e00c89b20939033b0000003c7b24b111080c70000a24c00067542e1302010000ffffffff
2741,5204,51426,1.098760541,2.080657228,-0.381011407,-0.330372501,1.867098341,-1.787617007,2.016573323,2ca63d382d50a3cb5746881b33d050033b0000009669000000000000ffffffff085e94085674a77a,701f321ed7029c2e3c3805280000003ce4a68271083070000a0c9000c02a0f0403000000ffffffff
2742,5205,51427,1.106715822,2.079375938,-0.395007836,-0.365632626,1.819914864,-1.693265444,1.980051216,eca61538684fcfca3f1ed51a34ccb003350000008778000000000000ffffffff4e6a5a0f44704da3,1d1c71180708a812593a0e2c0000003ce2f4c278081cc0000a0c90008a3a1a170a000000ffffffff
2743,5206,51428,1.146409358,2.084757353,-0.362467914,-0.403213041,1.803674523,-1.689855147,2.059682986,aaaabd383251e5c96ed6be2534cc500320000000e01f000000000000ffffffff7f67e30e67729192,921876163708d4256e3a452d0000003c3290242a081ca0000c0c900082411a1909000000ffffffff
2744,5207,51429,1.149226854,2.083411999,-0.369004318,-0.418709265,1.780739446,-1.755645468,2.114901422,eeaa9338d6502acb705abd2234cc500320000000d52a000000000000ffffffffc467060c4369d0f3,1c17aa13990411a99a3a752e0000003c4974e15c083070000a0c9000ac26210903000000ffffffff
2745,5208,51430,1.088816440,2.087768383,-0.367867552,-0.365632626,1.819914864,-1.693265444,1.985912175,3ca51b39e65016be244a9c6f34cc500336e880038872030200000000ffffffff705e8608ed64e8d0,1d1c711807084fb9d83a442c0000003c16f6c278081cc0000a0c90008a3a1a170a000000ffffffff
2746,5209,51431,1.222398863,2.069189689,-0.386055805,-0.476509351,1.696174355,-1.557777169,2.097226863,d4b1d736e64f724316b0966533ec400336c88003a61f1b1704030000ffffffff11624e085775e43a,a9115a097a0fe83f5439492d0000003c1907101e0a0c80000724c0005f50282006020000ffffffff
2747,5210,51432,1.246761910,2.054422830,-0.381011407,-0.485169006,1.732947356,-1.619304618,2.153207203,20b40a352d50a3cbf847881b33d050033b0000009669000000000000ffffffff2156f4048a68b0d1,d810d60d180c3197083a97390000003ce664125c0a203000073090004c403d3104020000ffffffff
2748,5211,51433,1.249206502,2.064929402,-0.423498029,-0.391735891,1.819690639,-1.755219181,2.127513858,5bb45236d74dbe3a035270213bcc400332c460036c61171606000000ffffffff23587401db6a50cf,a7196a189f0475c6b43ac52d0000003c94003676083070000a0c9000ad281f0803000000ffffffff
2749,5212,51434,1.254468589,2.062975436,-0.414972285,-0.377068342,1.772987646,-1.775325727,2.143960624,dab415364f4eafbef6a9e20833ec400332c460039d42180602000000ffffffff66578c010f69a4ca,091bb81284036cb8c03a392f0000003c5d14b269083070000a0c9000b6251b0702000000ffffffff
2750,5213,51435,1.254261420,2.064288757,-0.418311535,-0.453057847,1.703061285,-1.634935148,2.127345149,d5b43e36204e01381862620933ec400332c460037a5f110f06010000ffffffff6a5c7003206354d6,df13310a3c0b08232f39872b0000003c2487b16108287000033090004c3f3f290a010000ffffffff
2751,5214,51436,1.226500805,2.075948490,-0.393444783,-0.428363329,1.835995045,-1.708327591,2.127221135,37b2aa377e4f3a4627b49e583bcc200336c4800366472513110a0000ffffffffa0712d031d5e8015,3316671a330770ee953a9a2c0000003c2a057337081cc0000a0c9000873c1e1609000000ffffffff
2752,5215,51437,1.163521499,2.048400771,-0.341295651,-0.418709265,1.780547252,-1.700512326,2.103014424,47ac4e345c52f3489021226039e8500334cc0000dc1f040000000000ffffffffa9623f0ffd66d0fc,1c17a413a1070bb8763a012e0000003c1b945117081cc0000a0c90008b3a1c1607000000ffffffff
2753,5216,51438,1.135222245,2.089786414,-0.376961678,-0.391362987,1.744094573,-1.767155222,2.093466839,9ca95a396650b4b8e71dda6c34cc000236ec5003e21a020100000000ffffffff695ed30b18667000,b019320ff7037ebfa33ab32f0000003c28b8e064083070000a0c9000b6251c0702000000ffffffff
2754,5217,51439,1.078789472,2.091484122,-0.387192571,-0.468471203,1.681791883,-1.599624360,2.007947751,4aa48f39d64fed3fc65dd76e33d0b00336c880037b7a050400000000fffffffffb724103e35c780e,6b1299072d0d00324d39492c0000003c334fb05f0a0c800007309000543e382d05030000ffffffff
2755,5218,51440,1.161781281,2.047119481,-0.338098497,-0.471205831,1.660041998,-1.619162523,2.111303134,1dac2634895287498119c36139e8500334cc0000f30a010000000000ffffffff1458b70b8b6adc37,2912f2041a0c44275639422b0000003cf2ba505e0a20300007309000513c3a2f06030000ffffffff
2756,5219,51441,1.112640849,2.094431087,-0.416464291,-0.452104870,1.770649293,-1.560903275,1.965452723,7ba7eb393a4eacc05515806334ccb00332c46003ac4c070000000000ffffffff2b5a060da9661808,f6136f124e0f7b4e1239222e0000003c750e52350a0c80000724c0005e522d1b07010000ffffffff
2757,5220,51442,1.110154824,2.092797443,-0.406091302,-0.442989444,1.739001448,-1.638345446,2.013921299,3fa7b839cc4e6a3d8e25a47034ccb00332d80002a255070100000000ffffffff5957c6115e70e820,d214930e0c0bd996243abb390000003c8405636c08287000033090004e41392e08010000ffffffff
2758,5221,51443,1.176158794,2.095872537,-0.423569077,-0.454176558,1.868507759,-1.254047553,1.843741468,78ad183ad64d7cc9ce05516034cc00023b000000fc02000000000000ffffffffa2585f0ece6a442c,c4135e1e2d20eb3c3e399c320000003c95562068032410010e28f000d714070604030000ffffffff
2759,5222,51444,1.142680320,2.094014668,-0.414759142,-0.516534358,1.775934611,-1.576036470,2.050056902,50aade39524ef9c2646dc06534ccb00320c86003e617010000000000ffffffffb055d70a3d71281c,e30d1413790eb0d50e3a63390000003cb6c931330a0c80000724c0005a572b1e04010000ffffffff
2760,5223,51445,1.133150557,2.097089762,-0.428400332,-0.478829642,1.769143778,-1.598558642,2.018737031,6aa93e3a924de4c851f9915a34ccb00332000000ee11000000000000ffffffff2a58050ff36ef82a,711140123c0de1942a3a86390000003cac49677e0a0c80000724c00052463a2802020000ffffffff
2761,5224,51446,1.160869738,2.095488151,-0.419235157,-0.474023326,1.734965387,-1.433017120,1.957193364,07ac0c3a134e22c88971206234ccb00320c80000f608000000000000ffffffff0959e60e4275cf7c,e511150e56168e43663942300000003cd30a502203289000081c10018b4d220301000000ffffffff
2762,5225,51447,1.171849683,2.098851535,-0.418240487,-0.468015432,1.729519908,-1.352946178,1.923340369,10ad753a214e16cc63a9b72134ccb00300000000f807000000000000fffffffffc55e40f6a720234,76126b0dbd1aaf489139fe300000003c623f701e0324a000113ce000bf2a130200000000ffffffff
2763,5226,51448,1.169736562,2.096929601,-0.430531767,-0.462919080,1.874081368,-1.191312289,1.814941537,ddac393a744d36cac031306434cc00023b000000fc03000000000000ffffffff885ab8117169a811,f1120c1fa023a34858396e330000003ce016802203381001093ca000c216110a09020000ffffffff
2764,5227,51449,1.168700718,2.092765411,-0.409856839,-0.468885541,1.722152494,-1.363674406,1.931012853,c4acb739974e35c3d47db264348030033b000000f505050000000000ffffffffab59a61107755f7d,6112850c261a043c9239d6300000003c4d27601a0324a000113ce000bf2a140200000000ffffffff
2765,5228,51450,1.182829628,2.098659342,-0.414261807,-0.346365930,2.104104821,-0.975255736,1.628859385,19ae6f3a594e39cc70d1f72134cc000200000000fb04000000000000ffffffff0a57700fbd70881f,ee1d193b812fda3e4038a8350000003cce7af377033c100104389000d516080605000000ffffffff
2766,5229,51451,1.165551753,2.096224892,-0.424918986,-0.431678030,1.905088568,-1.279766879,1.821658857,78ac233ac34d2cc9ac1d716234ccb00320000000fa05000000000000ffffffff0b583e0af86fac2d,e315d422c31e1b421b3989320000003c6de6706e0324a0001138f000d918070302020000ffffffff
2767,5230,51452,1.120057491,2.096449118,-0.420371923,-0.258194902,2.290436311,-0.758133466,1.432233762,2ea82a3a034ed9c7c9d5b05534ccb00332000000dc22010000000000ffffffff3b62e311d06760fc,3e26d251713bb636e937d1370000003ca34653770310f0000e44d0009361090100000000ffffffff
2768,5231,51453,1.165883223,2.089722349,-0.378382636,-0.117817343,2.341687881,-0.751099727,1.360254315,80ac58395250c1c1bc519a633480300336ec5003ef0a060000000000ffffffffa66a4604ad65c008,7a331258d43bdd47ff36e0370000003cf87d433a0310f0000d3810018875020000000000ffffffff
2769,5232,51454,1.180840808,2.056408828,-0.358631330,-0.503482725,1.805019877,-1.353372466,1.972220093,e9ad4835685110411df6b35c33d460033ae0400380471d0f07050000ffffffff895e8a11af68d001,1e0fa016b71a29a3703997350000003c07e130560324a000113c8000c227140100000000ffffffff
2770,5233,51455,1.166173259,2.091195832,-0.388897720,-0.476260749,1.857104285,-1.340725946,1.912685362,87ac8639be4fa3c2c3450663348030033bd80000f306050000000000ffffffff826967016d6788fd,af11fa1c691b51a59d3982350000003cb1a1867e0324a000113c8000c824110100000000ffffffff
2771,5234,51456,1.163438631,2.057305731,-0.361046957,-0.470832927,1.765460071,-1.372839580,1.944155788,45ac64354651373bd3cd994633d4600334e88003a433170805040000ffffffff146d9f038963a81a,3212cd11a51971b46139ec350000003c0849c0570324a0001120f000b8281d0100000000ffffffff
2772,5235,51457,1.174957215,2.053461863,-0.352734357,-0.473774724,1.777119803,-1.330281910,1.936564266,5badec34bb518844d38d315e35e8300336e48003594e311210060000ffffffff5e63e70c1e65f8fd,eb113913fc1b19af4d39b0350000003c71e850120324a000113c8000c428110100000000ffffffff
2773,5236,51458,1.085543174,2.089786414,-0.375398625,-0.482434378,1.813732644,-1.312093657,1.847202444,eda45a397c50b240f891697234cc600338ec50038d67090000000000ffffffff8f5ae90929736839,1a11b017fc1cf8cd53396e350000003c21e0c31b0324a000113ce000cc250c0201010000ffffffff
2774,5237,51459,1.253515612,2.055608023,-0.409785791,-0.452643509,1.843842941,-1.384917717,1.976538811,c3b42f35984e11cacb8b171234ccb00332000000d32c000000000000ffffffff1866a1082874d433,e9135c1bfb187bb5b039d1350000003c8e59c16f0324a0001120f000bf251a0101000000ffffffff
2775,5238,51460,1.241541257,2.054134540,-0.372059376,-0.467435359,1.783013734,-1.393656604,2.009419932,a2b30135ab502dcbf3c70b2033d05003000000009768000000000000ffffffff085e94085674b341,8412f113801891b4783911360000003c9b3170620324a0001120f000b7281f0101000000ffffffff
2776,5239,51461,1.250200912,2.054518927,-0.395007836,-0.459894416,1.836571625,-1.302786387,1.948329786,73b40d35684fcfcaf61fd51a34ccb003350000008778000000000000ffffffff066bb309e9675000,3a13791a7f1d375f433913320000003c2366812b0324a000113ce000d0210a0201010000ffffffff
2777,5240,51462,1.210258773,2.056633054,-0.358418186,-0.473774724,1.777119803,-1.330281910,1.964335912,afb04f356b51c5ba3372587433d0500336e880039f34260402000000ffffffff5d598306a071613c,eb113913fc1b24337039aa310000003c65eb50120324a000113c8000c428110100000000ffffffff
2778,5241,51463,1.255090095,2.051956348,-0.412059323,-0.464576430,1.744671153,-1.364384884,1.989623362,e9b4bd34784e4ec8dcdb511734ccb00332c46003926c010000000000ffffffffc166f509026498df,c912440f1c1a0e4081390b310000003c7b07a01e0324a0001120f000bb291a0100000000ffffffff
2779,5242,51464,1.207979917,2.061886340,-0.368364887,-0.468471203,1.767221844,-1.276498677,1.929254391,78b0f335df50d6426e366e7133d8400335e0a003973b210704010000ffffffff581c7605ab5785a3,6b120412f11ef6428e39d7310000003cb70f901f0324a0001138f000d11b060605020000ffffffff
2780,5243,51465,1.173382732,2.072681202,-0.370141084,-0.452643509,1.843842941,-1.384917717,1.930310831,35ad4437c650774c62e4dcf22eb0a00227980000f10c020000000000ffffffff90197a0595514777,e9135c1bfb18f743263934310000003c135bc16f0324a0001120f000bf251a0101000000ffffffff
2781,5244,51466,1.327930635,2.071496009,-0.362610010,-0.458775705,1.816391319,-1.394864418,2.079169812,c7bb1f3730510c4eb2e687f72eb0000000000000ff00000000000000fffffffff01a58041c521359,551303186f18d5403b39da300000003c5167b0670324a0000844f000b726200100000000ffffffff
2782,5245,51467,1.327309128,2.071880396,-0.365665068,-0.467435359,1.783013734,-1.393656604,2.088376959,b8bb2b370551fa4d88820eeb2eb0000000000000ff00000000000000ffffffff111b0602cd50e35b,8412f113801834345d39ce300000003c4a3270620324a0001120f000b7281f0101000000ffffffff
2783,5246,51468,1.326439019,2.070246752,-0.363746776,-0.445434036,1.863382602,-1.358985247,2.042749744,a3bbf8362051634e59931edf2eb0000000000000ff00000000000000ffffffffbc18cb001751e9c3,9714be1d681aac441c3993310000003c541be0640324a0001120f000c125180101000000ffffffff
2784,5247,51469,1.321342668,2.078575133,-0.359270760,-0.124612479,2.244886478,-1.276782869,1.720544745,28bbfc375f51454e773921902eb0000000000000ff00000000000000ffffffff3c18d201e45137c7,d632444ced1e7544f23692340000003c1b9b62740324a0000420f000f905010000000000ffffffff
2785,5248,51470,1.321632704,2.077614166,-0.359199713,-0.114709812,2.251773407,-1.263283775,1.706100599,2fbbde376051074e5699118f2eb0000000000000fe01000000000000fffffffff41cc605a75879a0,c5331b4dab1f1b4adb36b0340000003cc946b3780324a0000420f000fa04010000000000ffffffff
2786,5249,51471,1.178271915,2.072328847,-0.371704137,-0.443818120,1.908227726,-1.389820020,1.922151193,abad3937b050344c67e82cf32eb0a00227980000e218040100000000ffffffff5d10cb050161176d,be143623b6184647fb3897310000003c0e8321710324a0000844f000c51f180101000000ffffffff
2787,5250,51472,1.182581026,2.050322705,-0.346197954,-0.208267228,2.292262148,-0.724669922,1.461586327,13ae8a3417528b468f65edef2bc0900227a860027c52200a04040000ffffffffa92466019362019c,f32a0b52483d0a3a9c3702380000003cedcd963f0310f0000d3810018a6f040100000000ffffffff
2788,5251,51473,1.226832275,2.078414971,-0.397139272,-0.157137976,2.320546608,-0.833444201,1.471177547,3fb2f7374a4f39475a6851ce28b470022fa8c0024f4d2f2509060000ffffffffec261f01f56c15ad,c52f7e554d37c540143745370000003c92ae506c0310f0000d3810019d5c040000000000ffffffff
2789,5252,51474,1.254965794,2.061309760,-0.411633036,-0.085084678,2.333167307,-0.871170616,1.442503580,e6b4e1357e4eafc3e40d7d8827a060022dbca002c126150200000000ffffffff961e80014460602e,903608573a352942a23611370000003c1efb777a0310f0000d44e000b648010000000000ffffffff
2790,5253,51475,1.306012179,1.981613568,-0.376819583,-0.178932130,2.259845530,-0.897742517,1.598071753,b6b9292c6850a44832114ecb2ca870022ea060029f281c1804010000ffffffff9119d30335506f71,b72d174ec43353595b37a2360000003c3c05183d0310f0001138d000c139040000000000ffffffff
2791,5254,51476,1.327350562,2.070599107,-0.361970579,-0.103605566,2.324935024,-0.879270073,1.542699246,b9bb03373951774e2eef07ec2eb0000000000000ff00000000000000ffffffffca25fe06985f04c8,d1340756c8343f40c036ff360000003c899b75730310f0000d44e000b648010000000000ffffffff
2792,5255,51477,1.237397882,2.073129653,-0.401189000,-0.125689756,2.356166449,-0.855042751,1.464274894,3eb35237114ff048543842ee2dbc800227a8c0026450320f08020000ffffffff7b285b0a07666bc0,bc32d6591d36dc37dd3631370000003c8ee3f4700310f0000d44e000b34b010000000000ffffffff
2793,5256,51478,1.237273581,2.065570047,-0.413267137,-0.222147536,2.216762179,-0.915859723,1.550925003,3bb36636674e0c4126e96eee279880022dbca002843b360802000000ffffffff8d25e90929739746,a429d648c5324f52cd3761360000003c9d7650280310f00011389000dd1d040000000000ffffffff
2794,5257,51479,1.253515612,2.055608023,-0.409785791,-0.313011758,2.192481747,-0.817387384,1.624463443,c3b42f35984e11cacb771892269c80022d000000d32c000000000000ffffffff041aa10828742b4c,1321e0452f3807512f3808370000003c43ae147d0310f0000e44d000b231190101000000ffffffff
2795,5258,51480,1.241541257,2.054134540,-0.372059376,-0.367207108,2.195684970,-0.769430076,1.663132978,a2b30135ab502dcbf33b04a027989002000000009768000000000000ffffffff861d5c017556042c,f71b4446d23a675855383a370000003c3e812a3d0310f0000e44d000c81f140301000000ffffffff
2796,5259,51481,1.171186743,2.077229779,-0.370851562,-0.322707257,2.179764951,-0.844953955,1.570670501,00add237bc50f14c2704edd32eb0a00227000000f708000000000000ffffffff891151013c635f5d,29205344ab36514f2f38c1360000003c6032d67e0310f0000e44d000c324160101000000ffffffff
2797,5260,51482,1.159005220,2.052853251,-0.348968820,-0.478083834,2.135272182,-0.672733934,1.670831320,daabd934f051f444df351dcb2ba4000327a860027335311807060000ffffffff2a0f7201546ab827,8311e63e23405f57c138a2370000003cb721b3360310f0000e44d000a12b1d1501000000ffffffff
2798,5261,51483,1.220244308,2.043307646,-0.345629571,-0.549018421,2.035555846,-0.683249018,1.801204482,a0b1af331f5210c2759f928b299cb00226c0a002755a200d04000000ffffffff5017be0115602630,d30abd328f3f3a34233983370000003cec81d0690e0c40000f44d00083401d1906000000ffffffff
2799,5262,51484,1.302780346,1.991607624,-0.360904861,-0.160867014,2.264650364,-0.919696307,1.590303056,68b9612d48516948236b718e2ca8e00227a4b002a4231e1505010000ffffffff2924ae019f636197,6b2fad4e8f327f54433784360000003c1abee77f0310f0001138d000c338040000000000ffffffff
2800,5263,51485,1.224802021,2.077806359,-0.395292027,-0.228942671,2.189278524,-0.948825931,1.559551043,0eb2e437644ffb4574e801cc289cd0022fa8c0025e4e2c140d060000ffffffffb6288c010f695bb5,00297c45f530c351e13720360000003c285312750310f00011389000e812040000000000ffffffff
2801,5264,51486,1.254261420,2.064288757,-0.418311535,-0.218915703,2.242035609,-0.945131442,1.574605980,d5b43e36204e0138189e6d8927a060022dbca0027a5f110f06010000ffffffffb22370032063ada9,f229eb4b2931df42a1374c360000003cf7d231720310f00011389000e614040000000000ffffffff
2802,5265,51487,1.226500805,2.075948490,-0.393444783,-0.439011804,2.210227603,-0.723320013,1.703167871,37b2aa377e4f3a46274891d8289cd0022abcc00265462513110b0000fffffffffc29f4048a6851ae,32150a485b3d598963333c3b0000003c34c98b2a0310f0000e44d000ec09070300000000ffffffff
2803,5266,51488,1.249206502,2.064929402,-0.423498029,-0.478083834,2.135272182,-0.672733934,1.746596275,5bb45236d74dbe3a03aa7fa1289c60022dbca0026c61171606000000ffffffffac218608ed6419af,8311e63e23404f6d2834293b0000003c9322b3360310f0000e44d000a12b1d1501000000ffffffff
2804,5267,51489,1.222398863,2.069189689,-0.386055805,-0.425918738,2.175056213,-0.711455019,1.683461696,d4b1d736e64f7243164c99e527a060022ab4c002a61f1b1704030000fffffffff21ec90132637016,6e16c043023e0181ca334f3b0000003ca625b9370310f0000e44d000b723160e01000000ffffffff
2805,5268,51490,1.212123292,2.076589134,-0.378240540,-0.528094375,2.079311874,-0.697103351,1.769191464,dcb0be375450024682040e8b2a9cc00228b8d0025b59370d04030000ffffffff9a1667016d67b423,cc0c1338cc3ed0d2462a563b0000003c5368002a0338f0000444d000863f1c1c03000000ffffffff
2806,5269,51491,1.304147660,2.012204349,-0.361046957,-0.530414665,2.120056872,-0.720620194,1.872576835,89b9e42f4651373b233196c627a4a00226acc002a433170805040000ffffffff6f5c9a255b704770,940c0b3d813dbaccf02b453b0000003c68d4201d033840000f44d000d4150c0901000000ffffffff
2807,5270,51492,1.230188409,2.081009582,-0.404812441,-0.408392260,2.164741835,-0.651632718,1.659179902,90b24838de4e26cd42c3423720d0000000000000d22d000000000000ffffffff1e66c71a7473c9a0,15187e424c41a35188380f380000003c4356157e0310f0000e44d0008e461b0f01000000ffffffff
2808,5271,51493,1.204250879,2.083476064,-0.373267190,-0.370231772,2.206704058,-0.684243688,1.609623291,1eb095389a5003cd0ffafe1d3480300300000000f10e000000000000ffffffff05589d1f6f693a35,ae1b9c47813fbb50583802380000003c6f42247c040cf0000e44d0007171170501010000ffffffff
2809,5272,51494,1.223103237,2.093598249,-0.420300875,-0.602799434,2.306708684,-0.834225728,1.884322266,e5b1d139044e75c9583a206420d0000000000000da25000000000000ffffffff0e6676181e73c99d,c105ce534237dda6802f083b0000003c744c715d0300000000000000ff00000000000000ffffffff
2810,5273,51495,1.195798393,2.083508096,-0.373196142,-0.219951547,2.238992547,-1.169997930,1.631997671,52af96389b50b3cc2cc20e1e3480300300000000f806010000000000ffffffff1d5ad11b4074ef6b,d9298c4bcc246c3f9a3714350000003c35df6273032440000f281001fa02020000000000ffffffff
2811,5274,51496,1.213614907,2.097762439,-0.415256477,-0.566379164,1.979499441,-0.643249071,1.798428662,00b1533a4b4e0acdc53d02213480300300000000ef10000000000000ffffffff4d666c1dc873dda2,3009e72bc241403b5b3904380000003c3da642770e1030000f442001ad28180d05000000ffffffff
2812,5275,51497,1.209430098,2.083411999,-0.373196142,-0.553990471,1.986546532,-0.691916857,1.794608012,9bb093389b505ccdee191f1f3480300300000000d827000000000000ffffffff15573b19af729f61,5b0ac32c153f8c4042397d370000003c314a42760e0c40000f4420019e30171407000000ffffffff
2813,5276,51498,1.207358410,2.096769440,-0.426908326,-0.614152282,2.287745603,-0.793586350,1.867839894,69b0343aa74d54cced3971223480300300000000f609000000000000ffffffffc856001d8971335c,af047e517e39b9bcb12ef73a0000003c9b2c501a0300000000000000ff00000000000000ffffffff
2814,5277,51499,1.215479426,2.096288956,-0.428755571,-0.588960560,2.286304153,-0.763391008,1.845017700,2db1253a8d4d68cceef5b0253480300300000000cf30000000000000ffffffff27596a16ab6c3428,0f075151273b8cd7ea2de43a0000003c40e8b21f0300000000000000ff00000000000000ffffffff
2815,5278,51500,1.197041406,2.094270926,-0.415966955,-0.563561669,2.320738801,-0.873017861,1.833004750,70afe639414effc802aa505b3480300300000000e817010000000000ffffffff3d56141bd76ec738,740984552035c9ab3630153b0000003c344c23620300000000000000ff00000000000000ffffffff
2816,5279,51501,1.211501786,2.095327990,-0.429466050,-0.518937516,2.310584584,-0.736890155,1.770667998,cdb0073a834d03cb111aa05c3480300300000000d02f000000000000fffffffff058f41c3167f426,a90d47549c3c3c248b2cbd3a0000003c36a066260300000000000000ff00000000000000ffffffff
2817,5280,51502,1.218628391,2.092541185,-0.414759142,-0.485086139,2.323813896,-0.738311112,1.749518832,79b1b039524e76c750ce305720d0300300000000d02f000000000000ffffffff7664161c53664cdf,da10e455883c31869d32ec3a0000003c39b52a2c0300000000000000ff00000000000000ffffffff
2818,5281,51503,1.215355125,2.088184802,-0.374119764,-0.468968408,2.339605786,-0.768151215,1.747975703,2ab128398e5038c721e51e5420d0300300000000c936000000000000ffffffff695ed30b1866a0cd,5f12d157e43aa9973b32003b0000003cde302e300300000000000000ff00000000000000ffffffff
2819,5282,51504,1.224802021,2.065089563,-0.387192571,-0.189083400,2.241106674,-1.172768797,1.627016906,0eb25736d64fed3f415cd76e33d0b00336c880037b7a050400000000fffffffff35bae019f6398e8,c22cce4ba52461466b3712350000003cc99e287d032440000f281001fa03010000000000ffffffff
2820,5283,51505,1.224802021,2.077806359,-0.395292027,-0.452933545,2.254944598,-0.726090879,1.719186571,0eb2e437644ffb4574140e4c3bcc200331d880035e4e2c140d060000ffffffff2b61c90132638f69,e2137e4d343d898713331e3b0000003c464d6b290310f0000e44d000fd01010000000000ffffffff
2821,5284,51506,1.212123292,2.076589134,-0.378240540,-0.462587610,2.249082700,-0.895042699,1.761106217,dcb0be375450024682f8010b36cc80033bdc20035b59360d04040000ffffffff36657c0054602f60,f912c74cea33b19f1131683b0000003c48809b6a0300000000000000ff00000000000000ffffffff
2822,5285,51507,1.304396262,1.986610596,-0.368649078,-0.425587268,1.859730928,-1.459731117,2.049244124,8fb9c52cdb508748e6b5584038d8700333d44003b0201a1401010000ffffffffa2575b0a07661fc0,76164c1dde142948e538b7300000003c53a3517003289000081c10019a411d0501000000ffffffff
2823,5286,51508,1.237273581,2.065570047,-0.413267137,-0.463954924,1.814405321,-1.421365271,1.993370009,3bb36636674e0c411f15616e33d0b00332c46003843b360802000000ffffffff986ebb099c6aa4df,d812c517fa162b463839ab300000003ce466c06903289000081c100197431f0401000000ffffffff
2824,5287,51509,1.217716849,2.053589992,-0.352379118,-0.282267913,2.150935943,-1.162040569,1.707331891,63b1f034c0512cc4b8db2e3033d050033ad890038352270200000000ffffffff826967016d674b5c,f923cf403c253b531238c2340000003c8ff2c2780324f0000444a000fa03010101000000ffffffff
2825,5288,51510,1.304147660,2.012204349,-0.361046957,-0.303150525,2.112753523,-1.074154362,1.761260844,89b9e42f4651373b23cd994633d4600334e88003a433170805040000ffffffffcd68be011560db4f,0122273c112aa35228382a350000003c824ad379033c100104389000f404030201010000ffffffff
2826,5289,51511,1.302780346,1.991607624,-0.360904861,-0.312431686,2.085814417,-1.272804188,1.857241290,68b9612d4851694823977e0e38d8700333d44003a5231e1503010000fffffffff2707201546a4758,2121de38251f923b5438fe330000003c2b6763740324a0000844f000e810060000000000ffffffff
2827,5290,51512,1.220244308,2.043307646,-0.345629571,-0.318646749,2.058715149,-1.287440048,1.804281034,a0b1af331f5210c275639d0b35cca00334e46003755a200d04000000ffffffff8661800144609f51,8b209035571ebf564d3866330000003cc56af57c0324a0001120f000e611060101000000ffffffff
2828,5291,51513,1.306012179,1.981613568,-0.376819583,-0.129957433,2.063007468,-1.633727335,1.910091828,b6b9292c6850a44832ed414b38d8300337ec40039f281c1804010000ffffffff525afe06985ffdb7,553216364d0bdc401c376e300000003ce5aa6275080c70000a3090005e49292906000000ffffffff
2829,5292,51514,1.237397882,2.073129653,-0.401189000,-0.365798361,2.060605051,-1.151383390,1.770080982,3eb35237114ff04854c44d6e32c4b00333d880036450320f08020000ffffffff936e51013c63a022,191ccb35d2253f5a903853340000003ccd22b2350344f0000e244000ec07050402000000ffffffff
2830,5293,51515,1.159005220,2.052853251,-0.348968820,-0.417673421,1.939042733,-1.331489724,1.861240364,daabd934f051f444dfc9124b3ad4900333d840037335311807060000ffffffff745b6601936200e4,3517f826eb1bfb4de03842320000003ced5a81710324a0001120f000d11b100101010000ffffffff
2831,5294,51516,1.226832275,2.078414971,-0.397139272,0.106712170,2.370132502,-0.707121100,1.198272465,3fb2f7374a4f39475a945e4e3bc8300331d880034e4d2f2509060000ffffffffd05ac4006861680f,a5488a5b3f3e3041973521380000003c1f824a7e031030010d50f0008176080100000000ffffffff
2832,5295,51517,1.228821095,2.079023584,-0.398986516,0.185974941,2.328330440,-0.674581178,1.107083749,6fb20a38304f3c48b6d4fc4732c4b00333d840035a4e381904010000ffffffff075bc311a974277d,1e507156094084350f353a380000003caafdca3c040c30010d50f0007d750b0100000000ffffffff
2833,5296,51518,1.184859882,2.099075761,-0.406446542,0.200435321,2.325447539,-0.642254401,1.037275877,4aae7c3ac74e73cc6b79e71e34cc000200000000fa05000000000000ffffffffd05ac4006861534b,7b511756d0416744fe3460380000003c73f2197e040c30010d50f0008f66060300000000ffffffff
2834,5297,51519,1.310114120,1.975527444,-0.398986516,0.115910463,2.375449853,-0.724385731,1.300747845,19ba6b2b304f3c489dd5fc4732c4b00333d840035a4e381904010000ffffffff1a191e21f06537c6,8349305c4c3d793d95350b380000003ccb595a3e031030010d50f0008b6d060100000000ffffffff
2835,5298,51520,1.345995751,1.965789646,-0.369572701,0.199233742,2.338837012,-0.580655903,1.224248161,7bbd3b2ace50a6c8de4e50d72398e00100000000f609000000000000ffffffff8460d2190f78e180,5e51b9573345e548fa34a1380000003c2a123b7d040cd000144cf000a951050000000000ffffffff
2836,5299,51521,1.203132168,2.081265840,-0.388826672,0.157965723,2.356518804,-0.553799811,1.093322106,03b05038bf4f08ce3c16d9193480300300000000fb04010000000000ffffffffc4586d18996bd824,7a4de159ad46354c2e35b2380000003c1beed97e040cd000144cf000ab4f050000000000ffffffff
2837,5300,51522,1.205576759,2.093886539,-0.416606386,0.252310381,2.305907878,-0.580158568,0.990161175,3eb0da39384ef2c8f7ed70593480300300000000c539000000000000ffffffffa55662182f709037,5f56b5533a45d83fa334a6380000003cdaa95b3c040cd0001350f000a94f050100000000ffffffff
2838,5301,51523,1.205328156,2.095808473,-0.428258236,0.270955570,2.305651621,-0.605664751,0.973940115,38b0163a944d12cb0b1ed05c3480300300000000f10e000000000000ffffffff7c59da22c070675c,2158ad53d3430f3f93348a380000003cd8a5ec39040c30010d50f000a84e050401000000ffffffff
2839,5302,51524,1.226873709,2.079632196,-0.417743152,0.189579678,2.348670907,-0.554936576,1.080362333,40b21d38284ee8ccafdbe02d20d00000000000009f60000000000000ffffffff4574050666640819,7550ec589d4623530635b9380000003c93eee87d040cd000144cf000aa50050000000000ffffffff
2840,5303,51525,1.204250879,2.047311675,-0.336535444,0.225544176,2.321347414,-0.579021802,1.044874170,1eb02c349f52ed408053ae313ae4500333d06003854a250604000000ffffffff7075f60073655358,d95397554a459e42ce34a3380000003cf8255c7b040cd0001350f000a951050000000000ffffffff
2841,5304,51526,1.298927007,2.018674860,-0.334830295,0.180132782,2.334865016,-0.643959549,1.203011899,0bb9ae30b7521840999bdb0c3ae4500333d060037371140503000000ffffffffc5789002a3577da6,914f3d57b8413840183560380000003c596e6b7c040c30010d50f0008d68070300000000ffffffff
2842,5305,51527,1.323952994,2.068901399,-0.324244164,0.220447824,2.313563582,-0.667476392,1.181266950,67bbce364c53054cc02ff55b39cc000000000000ff00000000000000ffffffffdb783a01605815c3,5e53a4546d40c83ee13440380000003ce9f1f93e040c30010d50f00080730a0200000000ffffffff
2843,5306,51528,1.324491633,2.067652142,-0.324173116,0.151709226,2.352450711,-0.717423040,1.269320409,74bba7364d53b44b546a424939cc000000000000ff00000000000000ffffffff657a5e01d358353a,e34c6259ae3da031473512380000003cc4c55a3d031030010d50f0007f76090100000000ffffffff
2844,5307,51529,1.325278874,2.068933431,-0.320904914,0.146488573,2.351201453,-0.688577607,1.266651104,87bbcf367b535e4b89bf8d1339cc000000000000ff00000000000000fffffffffe53ab068a5ff8bc,654c3b59443f3c374a3532380000003c38265c7b040c30010d50f0007c760a0100000000ffffffff
2845,5308,51530,1.247590586,2.071528042,-0.428471379,0.173959152,2.345307523,-0.608506665,1.122520540,34b42037914df04810f6e17431c8b00333d06003b53a0d0200000000ffffffff1454b4041b64d8d6,fc4e8358ab43e141203583380000003c41e68a7d040cd0001350f000a753040100000000ffffffff
2846,5309,51531,1.249869442,2.068228722,-0.429323954,0.236441253,2.322020091,-0.592449848,1.057382055,6bb4b936854d3445319af02232c4b00333d06003753f371203000000ffffffff1c0cf904f65c2774,e054ac558d44da3bc63491380000003c37516b3a040cd0001350f000a852050100000000ffffffff
2847,5310,51532,1.170979574,2.046254611,-0.336038109,0.164760859,2.351105357,-0.576606175,1.078556014,fbac0b34a65251496b9dacef30ac900226000000f509010000000000fffffffff3763d03ea58ddba,1e4e38596c45bb4828359f380000003c158a3a7e040cd000144cf000a950050000000000ffffffff
2848,5311,51533,1.323000018,2.069029528,-0.328507036,0.208473469,2.332814953,-0.605309512,1.178291894,50bbd23610536f4bebf7515c39e8300300000000ff00000000000000ffffffff91512b03795658ed,3d52fd56d8432d41f13481380000003c2102da7e040cd0001350f000a753040100000000ffffffff
2849,5312,51534,1.327516297,2.083315903,-0.434368352,-0.132319157,2.395373901,-0.056109527,1.539993339,bdbb90383e4d444d256b220b31c8000000000000ff00000000000000ffffffffc5637605ab5778dc,1c329e5e0a628f4c11376f3a0000003c5ae992350d100001030000008c70030000000000ffffffff
2850,5313,51535,1.173382732,2.072681202,-0.370141084,-0.140315872,2.392875386,-0.068471855,1.385399820,35ad4437c650774c6218d37237e0600333d00000f10c020000000000ffffffffdc656a06165810f1,5b31505e5c61c83f2437663a0000003c7f5113390d1000010338f000827a020000000000ffffffff
2851,5314,51536,1.169985164,2.070887397,-0.365594020,-0.654135855,1.962137972,-0.569572436,1.838709092,e3ac0c3706514d4c72a5487b37e0600333d00000ec0f030100000000ffffffffd2643202f352e9af,ea00c929cf450845c1393d380000003ca023116b0e103000113c2001dd15060403000000ffffffff
2852,5315,51537,1.320679728,2.076332876,-0.365665068,-0.169982439,2.019155343,-1.722324020,2.016399385,18bbb6370551d24dcc68020b37e0000000000000fe01000000000000ffffffff30591f01f56c9f55,8f2ebd306e06f54e6737822e0000003c6836047c081c30000c28900082331f1912000000ffffffff
2853,5316,51538,1.312102940,2.010891028,-0.411633036,-0.167082077,2.020756955,-1.635716675,1.920017293,49babb2f7e4eafc307f2720833ec400332c46003c126150200000000ffffffff935ea300bf6acb58,d52eef30310b274c923720300000003ced16b377081c30000a309000573d392c05010000ffffffff
2854,5317,51539,1.309492614,2.009737867,-0.395789362,-0.162234327,2.076973521,-1.556924594,1.875829377,0aba972f5d4fa7c1b755574033ec400336c81003d8130d0601000000ffffffffd65fdd253e75e981,4a2fca37860ffe40593731310000003cec625274032880000724c0007c44231904000000ffffffff
2855,5318,51540,1.223186104,2.081810388,-0.391668586,-0.147856815,2.092220863,-1.562679471,1.803090003,e7b16138974f5fce1b72b83c20d0000000000000916e000000000000ffffffff285ab123736d3fb4,a530a639350f563d343732310000003cce9a1171032880000724c0008042241604000000ffffffff
2856,5319,51541,1.288734303,1.860339540,-0.413551328,-0.052061976,2.268013749,-1.302431148,1.659530131,15b85f1d634e3bcc2ebf002d20d0000000000000e21d000000000000ffffffffa961fa17e066a8fa,ad39164f841d5f3f6b367c340000003c1b3754770324a00008107000fa04010100000000ffffffff
2857,5320,51542,1.204458048,2.089466091,-0.379945689,-0.185644398,2.207921283,-1.228257178,1.632803977,23b050393c50abc59d29fb5534803003000000008d71000000000000ffffffff675e061934668803,152dc2479821c14d8937a9340000003cc1fea37a0324a0000444f000f706010000000000ffffffff
2858,5321,51543,1.209015761,2.090715348,-0.389679246,-0.173338574,2.295657564,-0.782360787,1.451586584,91b07739b34f2cc521ba354b20d03003000000009669000000000000fffffffff3677e02045186cd,3e2e75521c3a4a3f6c378f370000003cbe0613770310f0000d3810019366050000000000ffffffff
2859,5322,51544,1.327391996,2.069189689,-0.358915521,-0.166584872,2.306612587,-0.768435406,1.567176777,babbd73664513f4eb6d7be5d37e0000000000000ff00000000000000ffffffff6e68b901c86139af,e12ecb53e03a38406137b2370000003c89aae3790310f0000d3810019168050000000000ffffffff
2860,5323,51545,1.159626726,2.061309760,-0.361899531,-0.225006465,2.192994263,-1.165877154,1.606527279,e9abe1353a51fe4686aa8e0e38d8300337d4a00373452b0d0a050000ffffffff82610701905c0994,5f29f0450625fb38ce37f0340000003c21b7a068032440000f281001fa03010000000000ffffffff
2861,5324,51546,1.195549791,2.077454004,-0.375895961,-0.266605954,2.213719117,-0.756215173,1.516941101,4cafd9377550b64a8c34120a38dc600333d0b0038173070300000000ffffffffbf6fcb050161e812,732577488c3bb346203898370000003cb63a62750310f0000e44d000984b180201000000ffffffff
2862,5325,51547,1.182581026,2.050322705,-0.346197954,-0.149182695,2.257058726,-1.110175629,1.549192137,13ae8a3417528b468f99e26f3ae4500333d060037d54200903020000ffffffffdb645a01ff5109b0,8530c04d16289947243763350000003c36de7134031090000f44a000fa03010000000000ffffffff
2863,5326,51548,1.320721161,2.077389940,-0.364102015,-0.164596051,2.225667139,-1.192520103,1.707170137,19bbd7371b511a4e6614520f37e0000000000000ff00000000000000ffffffff2e688c0246536995,112fec498f23914a4737fb340000003cf2c2947a032440000a3c1001f904010000000000ffffffff
2864,5327,51549,1.328386406,2.068517012,-0.359270760,-0.147359610,2.244341930,-1.053337338,1.640264954,d2bbc2365f51a44d6cf7cd0b37e0000000000000fe01000000000000ffffffffe96600006e50e0d9,b130334c362b47563f37d0350000003c58d271330310f0000944e000f509000000000000ffffffff
2865,5328,51550,1.325900381,2.067716206,-0.360123335,-0.316285025,2.202091417,-0.723177917,1.687198338,96bba9365351784e606a5a4337e0000000000000ff00000000000000ffffffff96625c017556fb53,c4200c475d3d974e4638bd370000003c1456463f0310f0000e44d0008f54180301000000ffffffff
2866,5329,51551,1.171186743,2.077229779,-0.370851562,-0.070251394,2.352963226,-0.749891914,1.326977456,00add237bc50f14c27f8e25337e0600333000000f708000000000000ffffffff1c61f90aa264a0e3,f6377259e53bc141b236e6370000003c1d1a067f0310f0000d44e0008875010000000000ffffffff
2867,5330,51552,1.219208464,2.065441918,-0.380016737,-0.042449345,2.365583925,-0.770851033,1.354480380,87b162363b500c4371bcd47133d060033be020039949170401000000fffffffffd5bd9095464cab9,953afc5abe3a3b427636c2370000003c1e7a567f0310f0000d44e0008875010000000000ffffffff
2868,5331,51553,1.228779661,2.067844335,-0.397210320,-0.236193578,2.220445885,-0.827405133,1.534438465,6eb2ad36494fd84326382a6c33ec400332d810039e2d250707020000ffffffffe556f108e571b819,51284949a237db44e23708370000003c6b3a967e0310f0000e44d000b138140101000000ffffffff
2869,5332,51554,1.110527727,2.097474149,-0.424990034,-0.255211671,2.212533924,-0.803817242,1.421967971,48a74a3ac24df9c8b658974e34ccb00332000000e41b000000000000ffffffff85629503735738cb,86265248ee380f44053837370000003cf8c5343d0310f0000e44d000aa3a180201000000ffffffff
2870,5333,51555,1.174915781,2.074827361,-0.372343567,-0.253927225,2.247513121,-0.699092691,1.475865067,5aad8737a7509f4c0b0c926637e0600333d00000f40a010000000000ffffffff96625c017556bb55,a526964cb03e7c45053821380000003c41ca11740310f0000e44d0008660150301000000ffffffff
2871,5334,51556,1.302697478,1.914377915,-0.370851562,-0.318025242,2.197030324,-0.681757013,1.674304847,66b9f623bc50f14c29f8e25337e0600333000000f708000000000000fffffffff75fee2073791981,9a206e46a43f854f373819380000003c7d3a957d0310f0000e44d0007170170501010000ffffffff
2872,5335,51557,1.214982221,2.081458033,-0.392876400,-0.192646703,2.297419337,-0.717565136,1.460644121,21b15638864ff3ce4dae08243480300300000000cb34000000000000ffffffffcd68900437624dbb,6c2cac52ac3de435833708380000003c78f6037a0310f0000d3810018476040100000000ffffffff
2873,5336,51558,1.177401806,2.061694147,-0.361544292,-0.232174504,2.173774924,-1.173976610,1.630801566,96aded353f5118467feeaf2236cc800335e8700359473b1508070000ffffffff8168af017f6568d2,b22898439424ef52eb37d3340000003cacbae277032440000f281001f904010000000000ffffffff
2874,5337,51559,1.164184439,2.058715149,-0.361970579,-0.174125815,2.216858275,-1.042324919,1.509624328,57ac9035395112420922fe4c33d8500338e8400381441f1006050000ffffffff8a5d20153676e77b,2b2ed948d12b475f7c37c1350000003c278243390310f0000944e000f607020000000000ffffffff
2875,5338,51560,1.187014437,2.080144712,-0.400265378,-0.242367208,2.174479633,-0.981721092,1.546001847,7eae2d381e4f13cd2852e51c34cc000200000000fc03000000000000ffffffff59632a20af778992,bc27ae43262f175cf537d7350000003cc7c2d37a0310f00011389000ea0f050100000000ffffffff
2876,5339,51561,1.213407738,2.082194775,-0.380300928,-0.203212310,2.221278723,-0.871810047,1.505901033,fbb06d3837508ece1c96fd213480300300000000cc33000000000000ffffffff8f5ae90929735f7e,6d2b634931352b4abb37b9360000003c9f1232750310f0001138d000c139040000000000ffffffff
2877,5340,51562,1.124615204,2.077774327,-0.409785791,-0.249783850,2.343577782,-0.321899584,1.402621909,9ca8e337984e11ca578a171234ccb00332000000d32c000000000000ffffffff1866a10828741189,09274d586d53873eb83788390000003c068e657e043430000e3c1001d2220a0100000000ffffffff
2878,5341,51563,1.088692139,2.081938517,-0.372059376,0.256578058,2.231240747,-1.154580544,1.151974122,39a56538ab502dcb75c60b2033d05003000000009768000000000000ffffffff6b696d09b3710193,c6569a4aa52568356a34ef340000003c4b66db7c0310900013284001f904010100000000ffffffff
2879,5342,51564,1.081524100,2.083347935,-0.364315159,0.307251539,2.234411938,-1.149607193,1.113104627,8ca491381851edc9844e0d2333d05003360000008876010000000000ffffffff8666200f956ae8f1,8d5bfd4aeb250a332834ec340000003c16324b3d0310300109284001f804020100000000ffffffff
2880,5343,51565,1.139531355,2.087832447,-0.370425275,-0.199524706,2.360971284,-0.283462690,1.369393461,04aa1d39c25029c4e7a50c6a34cc000235d8b003e11d010000000000ffffffffad6aa50fd86c18db,c62b6c5a8a55203f6d37aa390000003c4746f47b043430000e3c1001d0240a0100000000ffffffff
2881,5344,51566,1.142680320,2.086198804,-0.360904861,-0.246883487,2.345755974,-0.287654514,1.415493947,50aaea384851c3c718e65e6a34cc500320d80000e21d000000000000ffffffff4f5a1915c574277b,4f2791584f553d3aba37a6390000003c7f5ac77e043430000e3c1001d2220a0100000000ffffffff
2882,5345,51567,1.188630354,2.078959519,-0.414403902,-0.148436887,2.386052521,-0.181793198,1.391460621,a5ae0838574e6ccc26fe942034cc000200000000fd02010000000000ffffffffd3633d150b752190,97307b5d215b5e412437043a0000003cd515a53d043430001038f000a358040000000000ffffffff
2883,5346,51568,1.182953929,2.082290871,-0.378098444,-0.223970621,2.353507774,-0.221011618,1.441413046,1cae70385650edcc47464d1e34cc000200000000fa05010000000000ffffffffdf60cb15ca769181,78298359f958c23fab37e7390000003ce87d563f043430001038f000a35b010000000000ffffffff
2884,5347,51569,1.187304473,2.081201776,-0.385913709,-0.099752226,2.406072666,-0.185558734,1.342459742,85ae4e38e84f6ccd3e96891b34cc000200000000fb03010000000000ffffffff5d61251a3664e0fb,2e35ec5fec5aab41ca36003a0000003cd809953d04343000103ce000a852050000000000ffffffff
2885,5348,51570,1.214194980,2.089690317,-0.380158832,-0.171308320,2.376955367,-0.178169757,1.429314587,0eb157393950bcc399b1ba4720d0300300000000c738000000000000ffffffff2e5a33198c742773,6f2e5f5c545b523b4f37073a0000003c1dc6957e043430001038f0009e5f020000000000ffffffff
2886,5349,51571,1.203877975,2.079023584,-0.414688094,0.061259342,2.442237055,0.283286116,1.387324535,15b00a38534ed5cc213603213480300300000000fa05000000000000ffffffffa664e90eaf74c98b,5c445564b3747d4aa935753b0000003cc1391c3b0d40400000000000ad3a190000000000ffffffff
2887,5350,51572,1.156187724,2.082098678,-0.375682817,-0.020696624,2.421864556,-0.304706001,1.227002579,96ab6a38785052cc5d6ebc2034cc500320000000dc23000000000000ffffffff396653149b723198,a23cd9615f541d3d423695390000003c70b6277f04343000103ce000b438130000000000ffffffff
2888,5351,51573,1.178189048,2.083540128,-0.372272519,-0.013114247,2.410300920,-0.396215649,1.235536089,a9ad9738a85025cc3c32ae2134cc000200000000f807010000000000ffffffffdb645a01ff51d439,593d7060574f2c3b363646390000003c54e6687f043430000f380001be231e0000000000ffffffff
2889,5352,51574,1.325734646,2.070342849,-0.364102015,-0.340565205,2.217755178,-0.590957843,1.688120005,92bbfb361b511a4e6a17520f37e0000000000000ff00000000000000ffffffff8766e101d84f08ef,7a1ef548a244c0332d387b380000003c83ee4172040cf0000e3410019c4e0d0502010000ffffffff
2890,5353,51575,1.326729056,2.069445947,-0.360975909,0.059684859,2.440987798,0.296927306,1.475222351,aabbdf364751994e569bc85d3700000000000000ff00000000000000ffffffff086897035d5120d7,36442e647375fd4faa357f3b0000003c0aae0b7c0d40400000000000ac3b180000000000ffffffff
2891,5354,51576,1.327806333,2.069990495,-0.359199713,-0.034949835,2.374488886,-0.726730310,1.443919106,c4bbf0366051214ed3cbae6737e0000000000000ff00000000000000ffffffff1e688706765cfcd4,4a3b125c2b3d123f703609380000003c18e6c57e040cd0000f4440018a74010000000000ffffffff
2892,5355,51577,1.177153204,2.066947433,-0.361899531,-0.016636116,2.371573953,-0.589750029,1.252934997,90ad91363a510c4aa7266e7438dc600333d050037969160700000000ffffffffd2643202f352e036,043db75bb344c9424d368b380000003c1a82d87f040cd0000f384001a754040000000000ffffffff
2893,5356,51578,1.325858947,2.071688203,-0.365665068,0.588172391,1.940131829,-0.545842450,0.770683089,95bb25370551d24d0b6b020b37e0000000000000fe01000000000000ffffffffc364890297510e36,09761a271d4747771928a4380000003c0851e5141310300014546001a93e0c0b00000000ffffffff
2894,5357,51579,1.326480453,2.070983494,-0.365167733,0.062005149,2.473948964,0.439307224,1.551921043,a4bb0f370c512e4e2d2f906037e0000000000000ff00000000000000ffffffffc75fdb0409641443,6e443368477dcc44af35e23b0000003c6dfeba7c0d404000000000008c6e040000000000ffffffff
2895,5358,51580,1.216473836,2.073321847,-0.382006077,0.058856184,2.445792633,0.319307383,1.403799731,45b158371f50dd441210815a33d8b00338c810037a481f1506030000ffffffff9f600a02ba64d75f,2244c464ae76ab51ad358f3b0000003c25dac97e0d404000000000009d520f0000000000ffffffff
2896,5359,51581,1.215272257,2.076525070,-0.380087784,0.061673679,2.452391272,0.362717628,1.422612021,28b1bc373a5064449118f34933d880033bd020037b53171204040000ffffffffce1a7225296c3bc6,664492651179bf4daa35ae3b0000003c461a3a7e0d404000000000008d6e040000000000ffffffff
2897,5360,51582,1.348606078,1.944584309,-0.374403955,0.061383643,2.423562264,0.204991371,1.490657715,babda5278a5056cc345331ac2398e00100000000f20d000000000000ffffffff3a076601685e4c25,5f440e6265706e369d35333b0000003c67e62c790d40400000000000ad39190000000000ffffffff
2898,5361,51583,1.191737885,2.033473751,-0.325523025,-0.176943310,2.382785234,-0.143995734,1.424169542,f0ae7c323a538048b7cbc0d430ac9002269c0000fb04000000000000ffffffffb4075f02145e6637,e72d155d355d063d6837273a0000003caae9333b043400010338f0008b73010100000000ffffffff
2899,5362,51584,1.188547486,2.035427717,-0.326517695,-0.124363876,2.395950481,-0.182929963,1.369061849,a3aeb9322c53a548e05bb0de30ac900226000000fc03000000000000ffffffffad5f7326187155b2,dc32b05e115bf83ffb36023a0000003cca19953d04343000103ce000a753050000000000ffffffff
2900,5363,51585,1.282146336,1.902846311,-0.390389725,-0.318853918,2.241811383,-0.584634583,1.647977608,76b78e22a94f75cd8f62a73e20d0000000000000d22d000000000000fffffffff857bb03815a45c5,8620e44bfb44935422388f380000003ce5e98132040cf0000e341001a9430a0503000000ffffffff
2901,5364,51586,1.245311729,2.078350907,-0.408506930,-0.359666165,2.223360818,-0.515149773,1.615040127,fdb3f537aa4e074c128c2c6531c8b00333d00000f509010000000000ffffffff6255f006085c09a7,ad1ca449cd4854384538c4380000003cf91ec374040cf0000e341001ad3e090703000000ffffffff
2902,5365,51587,1.247051947,2.074314846,-0.420940306,0.518605118,2.171340475,-0.492272361,0.738333947,27b47737fb4d194b6a15367c31c8b00333d00000ef0e020000000000ffffffff295345060e5da1ba,7a6f4c430f4a67465b31fa380000003cb8a59d36044c300014346001ba211c0702000000ffffffff
2903,5366,51588,1.248833598,2.073257782,-0.431029103,-0.078123807,2.416322980,-0.154368722,1.398231258,52b456376d4db24a10aed27731c8b00333d00000ea12030000000000ffffffffba591c01535db0ea,38372c61a35c083ca336183a0000003c47527379043430001038f0008f6d020100000000ffffffff
2904,5367,51589,1.237232147,2.079440003,-0.403533579,-0.051647638,2.429616356,-0.083605050,1.373385904,3ab31738f04e844987f02d4b31c8b00333d06003c035060301000000ffffffff4f644305515530db,b739cb62876015466c36553a0000003cc92836380434000103000000807d020100000000ffffffff
2905,5368,51590,1.164143005,2.073449976,-0.368222791,-0.406444873,1.914377915,-1.045024738,1.717588740,56ac5c37e150194d7fac817237e0600333000000fb04000000000000ffffffff03664d06a35730f3,4418f623ab2b376b62398d340000003cba6eb3160344e0000f2440009f271f1a00000000ffffffff
2906,5369,51591,1.167747742,2.071079590,-0.365096685,-0.405574765,2.070983494,-1.407866177,1.887514750,adac12370d51634cf0e1287f37e0600333d00000f10c020000000000ffffffff3d69ae04be5e68c1,59180f37b81748126839d3390000003cbcb0e23703289000081c1001dc130e0100000000ffffffff
2907,5370,51592,1.171228177,2.064480951,-0.359839143,-0.441912167,2.042795130,-1.459517974,1.952430683,01ad44365751e648cfde7f2538dc600333d4a003962f231104010000ffffffffe367bb06bc5df0d7,ec149f33e114c0208f39e3390000003c7918216b03289000081c1001d4190e0301000000ffffffff
2908,5371,51593,1.181959519,2.066178659,-0.362681058,-0.359127526,2.147316301,-0.890424587,1.630964694,04ae79362f515a499c3eae7338dc600333d440039135290e01010000ffffffff0e6989017b5e599d,ba1c5e402b348998db31d13b0000003ceaccb776033c40001138d000df11090303000000ffffffff
2909,5372,51594,1.146326491,2.063391855,-0.359626000,-0.501162435,2.020981181,-0.896321560,1.733222591,a8aa22365a514149c0360e0e38dc600333d44003a53f100901000000ffffffffcd68be0115607da8,560ff630d833b01a233957360000003c445644780338f000111090007441291d04000000ffffffff
2910,5373,51595,1.154364639,2.062462920,-0.360904861,-0.382081826,1.908580081,-1.472946020,1.902888122,6aab053648516948aa967e0e38d8700333d44003a5231e1503010000ffffffffb768f4038257bccd,901a41232414b541b838f0300000003cf1f6b06d03289000081c10019844160b03000000ffffffff
2911,5374,51596,1.146036455,2.069253753,-0.359128665,-0.385272225,1.907715211,-1.544491218,1.943215211,a1aad9366151734ce9ca3f6537e0600333d00000f40a010000000000ffffffff016d4e01de64501c,431a262335103a3faf38f32f0000003cdda6617103288000091cc0007f4e161209000000ffffffff
2912,5375,51597,1.161988450,2.054358766,-0.352521213,-0.308951250,2.118006809,-1.154864735,1.676743809,22ac0835be51804211eed24a35e8300336e440035f453a0f0d040000ffffffffcb6bbf03e364e814,7521cb3ca125cf563438a7340000003c6b5e033a032410010f38a000f704010101010000ffffffff
2913,5376,51598,1.177360373,2.055031443,-0.355647319,-0.335344552,2.101574275,-1.142360311,1.705684541,95ad1d3592512a42fe21925c35cca00336e090035f5b1f1908050000ffffffff9e745b01065c0806,f81eca3a5126eb5c5238a6340000003c5cba32370324f00011384000f703020201000000ffffffff
2914,5377,51599,1.137128197,2.046478837,-0.334190865,-0.406983512,1.961401230,-1.326658469,1.837528535,caa91234c052004a6ba5765239e8500334cc0000fb04000000000000ffffffff8a755d02115c8006,3718b2292f1c4446c8386a320000003c011f10250324a0000844f000d11a110101000000ffffffff
2915,5378,51600,1.146202190,2.045485838,-0.332272572,-0.382537597,2.027804046,-1.277990682,1.797704293,a5aaf333db52e14941a9875139e8500334000000fd02000000000000ffffffffce6b9001af669013,851acb31dc1e8f539f3833330000003ce802512f0324a000113c8000e611050101000000ffffffff
2916,5379,51601,1.164060138,2.055896313,-0.356002559,-0.059437184,2.220798240,-1.410139708,1.623374101,54ac38358d51313e11de034933d4a00336d080036e65140f06030000ffffffff16741d03615c780d,fb38544998172ab8bb2eb8390000003ca309d47a0320a000091c4000e00e0a0700000000ffffffff
2917,5380,51602,1.158715183,2.046382740,-0.335540774,0.079655928,2.097890568,-1.690352482,1.732782934,d3ab0f34ad52c0497f65b35f39e8500334cc0000f905000000000000ffffffff846977045c5d7ec0,1846573a30082da5423b94370000003c51b82d71080ca000073090005e50262308000000ffffffff
2918,5381,51603,1.167001934,2.065377853,-0.358844473,0.075512553,2.146835818,-1.668043453,1.706454347,9bac60366551a649d4d6bf2538dc600333d440038560120800000000ffffffff76663f066e53b807,b4454f406a0935b7373b33370000003c13044f670320a00007309000bd2a0d0902000000ffffffff
2919,5382,51604,1.328427840,2.072200719,-0.363320489,-0.007354955,2.075692232,-1.772199621,1.941460346,d3bb35372651864d594e787e37e0000000000000fe01000000000000ffffffffc36383025f557f6b,e43da237b00373badf3aa7370000003cf268f77a080cc000072890008d37241205000000ffffffff
2920,5383,51605,1.165054548,2.076076619,-0.368080696,0.234908204,2.263016721,-1.160406469,1.236082098,6cacae37e3502b4d982ca34937e0600333000000fc03000000000000ffffffff43633e0262566149,bb547a4e53256f4c9934fc340000003c5f4bac700310900013288000fa04010000000000ffffffff
2921,5384,51606,1.169239357,2.076236780,-0.369288509,0.252268947,2.259813497,-1.142999742,1.213739764,d1acb337d250eb4c0694a35b37e0600333000000f906000000000000ffffffff5168bf02a255e1af,5e56164e4826764582340c350000003cfaa25e6e0310900013280000f905010000000000ffffffff
2922,5385,51607,1.126728325,2.070182688,-0.359554952,0.450570894,2.066082562,-1.610707827,1.422177626,cfa8f6365b51014da132ce4b37e0600333000000fb04000000000000ffffffff4d668702975519b3,10697636910c12cf653bb72e0000003c6d98fe100320a0000724c00081531c0e01010000ffffffff
2923,5386,51608,1.321508403,2.074731265,-0.363462584,0.422644544,2.092573218,-1.626764644,1.550550440,2cbb84372451124da462e94137e0600333000000fb04000000000000ffffffffc36383025f554019,6e66b139af0bc8f33e3b1c2f0000003c8261377e0320a000073090006a65181601010000ffffffff
2924,5387,51609,1.325941814,2.074026556,-0.368080696,0.408184164,2.070887397,-1.668469740,1.591634577,97bb6e37e3502b4d2d2ea34937e0600333000000fc03000000000000ffffffff556476023054401f,11650c376409c8e24d3b2b300000003c0709bb72080c70000a3090007d4a221402000000ffffffff
2925,5388,51610,1.325900381,2.072937460,-0.367014978,0.415849408,2.048689061,-1.601471605,1.533839601,96bb4c37f2507b4d7086d34537e0000000000000fd02000000000000ffffffff3c69a4047e6089bb,ca655734130d70c8893b622f0000003c0cb489190320a0000730900075561f1301010000ffffffff
2926,5389,51611,1.174460010,2.063167629,-0.360691718,0.599649541,2.199656967,-0.811632507,0.743225410,4fad1b364b51f247b0e29f2338d8300337d4a003714528130b030000ffffffff3c666f063855f0f2,1e77c046803846cb803bb6380000003c4b345e120310300100000000ff00000000000000ffffffff
2927,5390,51612,1.159046653,2.072232751,-0.364173063,0.564223681,2.255168824,-0.770069507,0.742988491,dbab36371a51094df931e87f37e0600333d00000fb04000000000000ffffffff87583601195bc815,c773854dc93a6c34b13b8c380000003c0a80ba200310300114000000fe00000000000000ffffffff
2928,5391,51613,1.242038462,2.079728293,-0.407228068,0.587675186,2.222335787,-0.785486893,0.769160538,aeb32038bc4e124b83d45c4c31c8b00334cc0000ec11010000000000ffffffff2d584f06335ca5af,fd758449f03979c6953b9f380000003c0fa05c180310300114000000ff00000000000000ffffffff
2929,5392,51614,1.244193018,2.075243780,-0.408791121,0.564223681,2.255168824,-0.770069507,0.790729658,e2b39437a64eee4a83541d7331c8b00333d00000e316050100000000ffffffff2e689602d65660e3,c773854dc93ab8046b3a6c380000003c7482ba200310300114000000fe00000000000000ffffffff
2930,5393,51615,1.128509977,2.069317818,-0.360123335,0.516160526,2.282908736,-0.905131495,0.847128576,faa8db365351b14cb3bebd5737e0600333000000f708000000000000ffffffffc967ef057459f8e0,3f6fe7505c331cded53af3380000003c4790246d0300000000000000ff00000000000000ffffffff
2931,5394,51616,1.167913477,2.068933431,-0.361189053,0.214439930,2.312602615,-0.898737188,1.121358316,b1accf364451bf4b88f67d7337e0600333d00000d920050100000000ffffffff8d57d201bb594025,cd528654b6331c2ecf3483360000003c62f1473e031030011434f000bc31110000000000ffffffff
2932,5395,51617,1.245518898,2.079632196,-0.412698754,0.267267966,2.244534123,-0.946126112,1.126371288,02b41d386f4e214c346c9b5531c8b00334cc0000f807000000000000ffffffff09597606c05d65af,c857394c1b31643c593425360000003c0517bd750310300114349000d617120000000000ffffffff
2933,5396,51618,1.241292655,2.074442975,-0.405807111,0.215724376,2.288162022,-0.871312712,1.146368872,9cb37b37d04e094a707cfd7131c8b00333d84003bb320f0300000000ffffffff210cbd060160577e,ec528b513835e81fbf34ab360000003c52754b36031030011434f000bb33110000000000ffffffff
2934,5397,51619,1.187263040,2.047119481,-0.336677540,0.196954886,2.296874789,-0.884101328,1.158775542,84ae26349d5218471be667ff30ac900227980000c630070101000000ffffffffff1cc2275d6b28c3,27519b528434702cea34a2360000003c2801f73c031030011434f000bb33110000000000ffffffff
2935,5398,51620,1.349476187,1.962394229,-0.379235210,0.165755269,2.368370729,-0.841046322,1.333897160,cfbdd12946505ecc0dab44b82398e00100000000fa05000000000000ffffffff3511f8054362276e,364e535be2363445673531370000003ca06f2c6e031030010d50f000a94c090000000000ffffffff
2936,5399,51621,1.186600100,2.051411800,-0.348400437,0.131282386,2.341399591,-0.866765649,1.210987567,74aeac34f851454585559def2ba4000327a86002783d261508070000ffffffff3f1e511498670983,f64a0958783552358435fe360000003c6fcf3976031030010d3c4001b244090000000000ffffffff
2937,5400,51622,1.181959519,2.089658285,-0.379306258,0.148021622,2.338228400,-0.858950384,1.166564685,04ae563945502cc4b5bdd5dc268c700200000000db23020000000000ffffffff7a13dc08d5661f7e,8a4ca657e635bb534f35fa360000003c7f8b1c6b031030010d50f000b2430a0000000000ffffffff
2938,5401,51623,1.207068374,2.055191604,-0.354723697,0.502735990,2.157534583,-0.708826249,0.794950822,62b022359f518134221659f427a460022ba8000380541b0a05010000ffffffffcd212f146068c77d,fb6d9d41273e3c347f3196370000003c7a89ce2f0310300114346001aa2b270300000000ffffffff
2939,5402,51624,1.182663893,2.091099735,-0.390247629,0.395256832,2.220541982,-0.771845703,0.884523750,15ae8339ab4f91c4d3e129dc268c700228000000e41a010000000000ffffffff991ec51bb660b7c5,d9634c49b03a2c21223324370000003c8d8d173f0310300114346001cf1b130100000000ffffffff
2940,5403,51625,1.342473882,1.977161088,-0.379448354,0.529004990,2.060765212,-0.830247047,0.933777677,26bd9e2b435073badb32a6c32398000000000000f50a000000000000ffffffff5513e806fa64ff76,7570d0357a379b542930eb360000003c70918f63034c400014580000ac35120902000000ffffffff
2941,5404,51626,1.196378466,2.054198604,-0.353800075,0.399027304,2.194499778,-0.890708779,0.971454708,60af0335ac51dd4002ba1bed299cb0022a980003754e220e09040000ffffffff8a2516261b699db8,34641f462734f8e18b3a58390000003c2489e978034c40001458d000e70f080000000000ffffffff
2942,5405,51627,1.352045079,1.958358168,-0.410212079,0.542388093,2.107628366,-0.829962856,0.924130263,0dbe5329924eecca58f71ea92398e00100000000fc03000000000000ffffffffd7229827916a87c7,b871873b7e3740e3763b1a390000003cfd746e4f034c400014580000e113070301000000ffffffff
2943,5406,51628,1.351009235,1.960760586,-0.398702325,0.182743108,2.284734573,-1.302715339,1.512297728,f4bd9e29344f0ecc400f8cb62398e00100000000fc03000000000000ffffffffaa675f05b755c0d3,d04f2051801d78f2e939872f0000003ce1c267350324a00008107000f805010000000000ffffffff
2944,5407,51629,1.152458686,2.071175687,-0.361118005,0.203377118,2.281755576,-1.312235753,1.360045839,3cab15374551e94c11b37e3137e0600333000000fa04000000000000ffffffff77194519f46c49a7,c251c350fa1c36c0183a00300000003c46ac6f1b0324a00008107000f805010000000000ffffffff
2945,5408,51630,1.202717830,2.086038642,-0.370567371,0.186927917,2.268173910,-1.296463127,1.386465057,f9afe538c05072caa9b540e2268c700200000000d629000000000000ffffffffc36383025f5577b1,35501b4fd81d71a22d3aff2f0000003c5700ae250324a00008107000f805010000000000ffffffff
2946,5409,51631,1.320679728,2.074507039,-0.368080696,0.188502400,2.229959458,-1.299589233,1.474347012,18bb7d37e3502b4d9f2ea34937e0600333000000fc03000000000000ffffffff556476023054e5b0,5b50724aac1d95a53f3a93300000003c8284de710324a00004207000f507020000000000ffffffff
2947,5410,51632,1.320638294,2.075339877,-0.367014978,0.385437033,2.055287700,-1.693052301,1.622768767,17bb9737f2507b4dfb85d34537e0000000000000fd02000000000000ffffffff0e6607025e562f64,ec6225350a0858e54f3bb7300000003ceb94fa70080c70000a3090009131271105000000ffffffff
2948,5411,51633,1.301122996,1.923795391,-0.363888872,0.185519170,2.323237316,-0.783923840,1.257201306,40b91c251e51e04ca59ce95137e0600333000000f807000000000000ffffffffc112d50a146c85a3,1350d255063afb3ef83474370000003ca8e29d74031030010d50f000955b0e0100000000ffffffff
2949,5412,51634,1.221487321,2.054871281,-0.355221032,0.151833528,2.370933308,-0.760051758,1.186567469,beb118359851cac5c407d1ae269c90022ba800037f740b0000000000ffffffffc36383025f556760,e64ca35b563bec255735b2370000003c6cb18c34031030010d50f0009068050100000000ffffffff
2950,5413,51635,1.301537333,1.871454725,-0.368080696,0.323659305,2.247384992,-0.715717891,1.103820920,4ab9ba1ee3502b4d952ca34937e0600333000000fc03000000000000ffffffff9e2e3b04bf54a427,195d924cc63d74421434f6370000003c454adf6c03103001143460018b52200200000000ffffffff
2951,5414,51636,1.327682032,2.077902456,-0.434013113,0.133229772,2.292454341,-1.267688742,1.472332764,c1bbe737434db24dd4f7ceec2fb4000000000000ff00000000000000ffffffffaf19691b426c61aa,254b11526d1fe4355835b1340000003c4097bd73032440000a200000fb02010000000000ffffffff
2952,5415,51637,1.208394254,2.086134739,-0.371064706,0.136627340,2.274996775,-1.285450708,1.421427082,82b0e838b95091ca928990d9268c700200000000a15e000000000000ffffffffa319131f116975ae,774bf04f731e3024453589340000003c9ad68a7d0324a00004200000fa03010000000000ffffffff
2953,5416,51638,1.218711259,2.086679287,-0.370709466,0.399027304,2.194499778,-0.890708779,0.976681283,7bb1f938be50cfc9535560da2398700200000000d52a000000000000ffffffffcd581622e66425c5,34641f46273455416b3332360000003c348be978034c40001458d000e70f080000000000ffffffff
2954,5417,51639,1.222108827,1.967551419,-0.415398573,0.493206227,1.972964866,-1.192378007,1.065375684,cdb1722a494e6bc7dc0a101f20d0700100000000fb03000000000000ffffffff7717a5133e7014d9,156d1b2b9123ff3adf2ec0330000003c74fe6e6f0324300114286001e311070201010000ffffffff
2955,5418,51640,1.173921371,2.084853450,-0.366446595,0.500995773,1.947723468,-1.197351358,1.077977837,42adc038fa50c3ca28d2b0a5269c300229000000f707010000000000ffffffff0e113e083f6cc353,d16d07284b239c37062e98330000003ce0e65f240324300114286001e212070201010000ffffffff
2956,5419,51641,1.220410043,2.052052445,-0.350745017,0.410090116,2.219869305,-0.665984387,0.885526252,a4b1c034d751dcc5e60fc1a8279890022ba800038451280200000000ffffffff5818bb17097064cb,3f6537498240e02ce83225380000003ce5252d37040c3001143460017e66170201000000ffffffff
2957,5420,51642,1.193229500,2.084821418,-0.368720126,0.401306160,2.241266836,-0.704634425,0.874331837,14afbf38da50b6cb022e20a3268c700200000000f40a010000000000ffffffffd3140a07e970e34e,6b64d34b623e1f4c1b33e4370000003c1dfb0a77040c3001143460017a69180201000000ffffffff
2958,5421,51643,1.231431421,2.051732123,-0.359839143,0.398322930,2.247577185,-0.675504801,0.912178631,aeb2b634575134c9f08f92a3279890022ba80000a853050000000000ffffffffbe12a509dc6deb50,2364984cfc3f402d403314380000003c1681a93a040c3001143460017f66170201000000ffffffff
2959,5422,51644,1.224387683,2.053782185,-0.354581601,0.403626451,2.250460086,-0.689714373,0.908099759,04b2f634a151b3c7ed3f61a7279890022ba800007e760a0000000000ffffffff1218731dcf6e29c0,a364f24c343fe5392b3303380000003c4e420b7d040c3001143460017e67170201000000ffffffff
2960,5423,51645,1.211501786,2.084949547,-0.368364887,0.441662637,2.188766008,-0.669039445,0.832967804,cdb0c338df5031cc920d909c268c700200000000a25d000000000000ffffffffae541103bd5648f5,39686c4557401a3167320f380000003c4b5adc3a0310300114346001825d1e0201000000ffffffff
2961,5424,51646,1.327764899,2.082354936,-0.420940306,0.653803457,2.266732459,-0.877849116,0.834856130,c3bb7238fb4d224df36c5c4631c8b00300000000fe01000000000000ffffffff8d57d201bb59b13c,397cee4edc34f0e63a3ba9380000003c06095e5c0300000000000000ff00000000000000ffffffff
2962,5425,51647,1.311274265,1.904800278,-0.412698754,0.197452091,2.262984688,-1.314225093,1.477039488,35bacb226f4e214c1f6c9b5531c8b00334cc0000f807000000000000ffffffff8a181a1b0d700cc4,3351794ede1c16cd283a42300000003c45a01f170324a00008107000f805010000000000ffffffff
2963,5426,51648,1.205908229,2.084725321,-0.369430605,0.159208736,2.278840643,-1.357848481,1.452663239,46b0bc38d0503accd309b09e268c700200000000dc23000000000000ffffffffda17761f476d92be,984d6850781a18ddf33965300000003cacb8f6760324a00008107000f705020000000000ffffffff
2964,5427,51649,1.216266668,2.085205804,-0.367725456,0.121504020,2.315709741,-1.249713633,1.424619410,40b1cb38e8500dcc620de0e223987002000000009c63000000000000ffffffffa319131f1169d4b9,0a4ae7546a2050368135e1340000003c27af8c76032440000a200000fc02010000000000ffffffff
2965,5428,51650,1.345954317,1.907715211,-0.370709466,0.371390990,2.170187314,-1.043106446,1.212758419,7abd2623be50cfc9175760da2398700200000000d52a000000000000ffffffffd418b321786be8c6,99612843c62b1431113358350000003c976e5d77034c400014246001e80f070000000000ffffffff
2966,5429,51651,1.222025959,2.085462062,-0.369714796,0.487529802,2.001505584,-0.972413822,0.953823574,cbb1d338cc50aacb532130a52398700200000000db24000000000000ffffffffd418b321786b2dbd,8c6c962ea92fff6c6930d3350000003c6da1fd6c034c4001161090009744100d06000000ffffffff
2967,5430,51652,1.347280198,1.905504987,-0.369714796,0.167951258,2.214071471,-1.351596269,1.565286315,9abde122cc50aacb162330a52398700200000000db24000000000000ffffffff2a19451ddf6a6da9,6b4e8248d01a3cb82c3a19310000003cb020cc750324a00008107000ed09070200000000ffffffff
2968,5431,51653,1.213614907,2.086294900,-0.369856892,0.107209375,2.262215915,-1.331276580,1.476282230,00b1ed38ca5053ca729170d923987002000000009a65000000000000ffffffffb5569d02bf59e139,b148614eee1b10e8c539a5300000003c20f9877a0324a00008107000f805020100000000ffffffff
2969,5432,51654,1.311605735,1.880167492,-0.413480280,0.159623073,2.268590329,-1.263425870,1.483355608,3dbaca1f644e4c4c04e87a5c31c8b00334000000f906000000000000ffffffff1454d0063058c770,a24d284fa91ff8f6c439922f0000003ccd124b3d032440000a200000fa03010000000000ffffffff
2970,5433,51655,1.327267694,2.079760325,-0.424776891,0.237601398,2.277655450,-1.144846986,1.320998130,b7bb2138c54da14c145eb87f31c8b00333000000fd02000000000000ffffffff1855aa061e5b4f6d,fc5443502e26263e9a3414350000003cbfeefb790310900013280000f905010000000000ffffffff
2971,5434,51656,1.326729056,2.080785357,-0.421721832,0.599649541,2.344442653,-0.787049946,0.855350467,aabb4138f04da14b7f16c77e31c8b00333d00000f509010000000000ffffffff59521f039c5a7824,1e776858da3988feaa3a5f380000003c423aa83b0300000000000000ff00000000000000ffffffff
2972,5435,51657,1.324657368,2.078575133,-0.432947395,0.404413692,1.810209098,-1.693904875,1.583945238,78bbfc37524d1f4c6517a15b31c8b00334cc0000f906000000000000ffffffff91512b0379566819,b6644217fe07b35e113a212a0000003c4070bb29081ca0000c0c900076461e190c000000ffffffff
2973,5436,51658,1.326853357,2.076877424,-0.434368352,0.153366577,2.299117045,-0.932271779,1.293974302,adbbc7373e4d444d836b220b31c8000000000000ff00000000000000ffffffff9d59b423bc6686c8,0b4de152de31c42952357e360000003c01bf5b7a031030011434f000da1e070000000000ffffffff
2974,5437,51659,1.215562294,1.962426262,-0.413053993,0.370438014,1.828339341,-1.692626013,1.539324172,2fb1d2296a4e16c9073b202320d0700100000000fc03000000000000ffffffff935a16261b6964c7,8261781910084f70233ad7270000003cf5c48c79081ca0000c0c90007b401c190d000000ffffffff
2975,5438,51660,1.288941472,1.958358168,-0.410212079,0.517859310,2.173614763,-0.737600633,0.864919862,1ab85329924eecca580b112920d0700100000000fc03000000000000ffffffff5651d7025655f01c,686f9343923c5941cc3bc4380000003c11dcec260310300114346001b028240200000000ffffffff
2976,5439,51661,1.327474863,2.076428973,-0.434794639,0.395256832,2.220541982,-0.771845703,1.001699773,bcbbb937384d944dabfbb10f3100000000000000ff00000000000000ffffffff9d59b423bc6607c7,d9634c49b03ad0f9413a06390000003c188e173f0310300114346001cf1b130100000000ffffffff
2977,5440,51662,1.291013160,1.959991812,-0.413053993,0.492833323,1.804443297,-1.371134431,1.256664044,4cb886296a4e16c9383b202320d0700100000000fc03000000000000ffffffffa359de1f0063f3bd,0c6d8e16bd19634a572ceb300000003c53ca4f5a0324a00013204001c626120100000000ffffffff
2978,5441,51663,1.231058518,1.972132028,-0.410354174,0.506755064,1.952784560,-1.304491536,1.150856828,a5b2012b904e71c4c1de005320d0700100000000fa05000000000000ffffffff4d510202785440e1,5c6ea528671d50d2ed396a320000003c5d66293f0324a00013504000e318040000000000ffffffff
2979,5442,51664,1.328593575,2.083668257,-0.434439400,0.524530145,1.902974440,-1.302857435,1.197212653,d7bb9b383d4dd54da082f1103100000000000000ff00000000000000ffffffff3b53d405fc5b77b5,097092227e1d5acd383abd320000003c55781d100324a00013506001dd1d050000000000ffffffff
2980,5443,51665,1.249413671,2.074122652,-0.430105480,0.504766244,1.880551878,-1.305344110,1.165337759,60b471377a4d4f4be7fd817431c8b00333d00000f20b010000000000ffffffff26523c046c5b4db7,2c6ed61f5b1df8cf463a10330000003c566cdf140324a00013506001db1e050100000000ffffffff
2981,5444,51666,1.251858262,2.074539071,-0.434297304,0.485168078,1.855534706,-1.376534069,1.234336612,9bb47e373f4dc44be041506631c8b00333d00000f608000000000000fffffffffc5179056f57875c,536cc91c7119c0c5193ac8330000003c86785f650324a000081c3001c623150000000000ffffffff
2982,5445,51667,1.326894791,2.079055616,-0.433302634,0.489850093,1.949997756,-1.282964033,1.199676727,aebb0b384d4dee4c8a0bb12f31c8b00300000000fe01000000000000ffffffff5454ae01a459d539,c46c4e28961e2828e72e3a320000003c348e0d360324a00013504000e318030100000000ffffffff
2983,5446,51668,1.312392977,1.912680206,-0.424634795,0.495526517,1.863062280,-1.340441754,1.228183675,50bac123c74d134c311cb65331c8b00334cc0000f905000000000000ffffffff0057bf0685687cd4,4d6db41d6d1b1d4f602d51310000003c917eef550324a00013207000cc23100000000000ffffffff
2984,5447,51669,1.246637609,2.064705176,-0.420585067,0.474892508,1.785768506,-1.597919212,1.435099947,1db44b36004e323ac699d02733ec400332c460036b5d260e03000000ffffffff4e6237027072ca3d,5b6b4714450d20e8fb3923380000003c597d487c0a0c70000824c00061522f1803020000ffffffff
2985,5448,51670,1.247176248,2.047856223,-0.379448354,0.473815230,1.793776564,-1.541151969,1.418520013,2ab43d3443502fc9ac1f970e33d0b00335d80000ef10000000000000ffffffffd36dcd02986f583a,416b411564104dad5d3af5370000003c178c7f690a0c70000824c0006d5f1b1008010000ffffffff
2986,5449,51671,1.228986830,2.047375739,-0.354794745,0.455335776,1.713375663,-1.635503531,1.533071101,73b22e349e5102c8eb7fcd1b33d050033ad89003ba2c180100000000ffffffffb95d0e047b72983e,8369730b340bd8d7223a63380000003cae5c4e640a1c3000083090004e43342f0a020000ffffffff
2987,5450,51672,1.250946720,2.049585963,-0.396002506,0.443485722,1.786921666,-1.607084386,1.479089286,85b473345a4ff5c8d897b41433d0b00336c85003d827010000000000ffffffff8b6fd300a86c335c,65686b14c40cc2475130912d0000003c2f3f6c740a0c7000083090005945362404030000ffffffff
2988,5451,51673,1.224843455,2.043371710,-0.349892442,0.476342689,1.823054023,-1.502501931,1.391869934,0fb2b133e3510ec55a27cd0933d440033ae46003934a1b0601000000ffffffff79555809af72bc27,7e6bd3188412ff44132fcd2f0000003cc49adf67032890000720c0007d5e140808000000ffffffff
2989,5452,51674,1.123827962,2.097858536,-0.431526438,0.474726772,1.713311599,-1.560548035,1.357902231,89a8563a664d63c95259f15634ccb00332000000ed11000000000000ffffffffa20a0c062c5eff78,576b710b530fc03cf42db22d0000003ce0ceaf1a0a0c70000824c0006b55251207020000ffffffff
2990,5453,51675,1.180467904,2.044909257,-0.333196195,0.483635030,1.654276196,-1.597421876,1.495472105,e0ade133ce528048d3aec5fa30ac9002269c0000f20c010000000000ffffffff630c4a067b65b763,2e6c3e044c0db3535d2d582c0000003ca99aff5c0a0c700008309000603f391e07030000ffffffff
2991,5454,51676,1.206239699,2.048176545,-0.338524784,0.426373582,1.850025162,-1.704846246,1.585651118,4eb047348352323d955f91b02ba400032798a002873d280b07000000ffffffff43093205dd5e1f62,c8661d1c6407318ce939d8280000003c3b4d1c39081cc0000a0c90007b401d1b0c000000ffffffff
2992,5455,51677,1.185729991,2.042506840,-0.330283232,0.414150624,1.785896635,-1.749677448,1.635806668,5fae9633f7522048898bb1f230ac900226000000f509010000000000ffffffff7b104e093b664185,a1654b14ed04c0d2e539482c0000003c1d283f59083070000a0c9000a725240b04000000ffffffff
2993,5456,51678,1.208145652,2.052917315,-0.348187294,0.404579427,1.797620431,-1.762608159,1.646657694,7cb0db34fb513336c7fac4f9299cb00226c0a00282471e1403020000ffffffff3d0db80639672766,ba64b9153704b9c7d639082c0000003c1a3cad64083070000a0c9000aa26220a04000000ffffffff
2994,5457,51679,1.209471532,2.049169544,-0.341366699,0.398157195,1.801912750,-1.679837398,1.584572715,9cb066345b52c6b797bf91b129ac70023098a0026f5c1c0d0b000000fffffffffb0d71075b62777d,1f643f16c4081b59213a912a0000003c2b589f6c081ca0000c0c9000684a261512010000ffffffff
2995,5458,51680,1.195549791,2.049009383,-0.340727268,0.449576484,2.067491981,-1.624206921,1.484633894,4caf61346452af44485ae7fe2bc090022798a0028648250703010000ffffffffb20f1c083365c77a,f868a236d30bb4d75e3bec2e0000003ca0681f580320a0000730900077581c1201010000ffffffff
2996,5459,51681,1.204623783,2.051475865,-0.345558523,0.508992487,2.155484520,-0.646517272,0.765046972,27b0ae3420527b3fc57ee5fa29ac70023098a0027650230a09020000ffffffffa90ea207ab63877c,926e5d419441f8447d3119380000003c1c224e74040c300114346001715b2b0700000000ffffffff
2997,5460,51682,1.200190371,2.050066447,-0.342929752,0.558091486,1.983119083,-0.701792510,0.738617227,bcaf82344552b4425e02d7fe2ba400032798a0028644210e05010000ffffffffae541103bd561f6e,3373582c8a3e8744312e06380000003c19de8d75130c400014585001823c2f1001000000ffffffff
2998,5461,51683,1.329587985,2.079119680,-0.420940306,0.391734963,2.221278723,-0.658382266,0.977832382,efbb0d38fb4d224da66e5c4631c8b00300000000fe01000000000000ffffffff665385069856b772,84636349ed401a33423330380000003cb9f1fa3c040c3001143460017f66170201000000ffffffff
2999,5462,51684,1.327516297,2.079343906,-0.426908326,-0.121877851,2.040168487,-1.714721899,1.939263238,bdbb1438a74d164d9c2e677d31c8000000000000ff00000000000000ffffffff7c59da22c070da47,18334d33d90647480d37002f0000003cb04af378080c70000a3090006c3a2b1f0e000000ffffffff
3000,5463,51685,1.229152565,2.096192860,-0.417743152,0.173917719,2.291076955,-1.309606982,1.395321283,77b2223a284ee8cc0adae02d20d00000000000009f60000000000000ffffffff5b571d1fff6f174b,fb4ee6511f1da0ecea39d22f0000003c8c1a06390324a00008107000f805010000000000ffffffff
3001,5464,51686,1.220368609,2.095840505,-0.425984704,0.113092968,2.323013090,-0.899092427,1.225356130,a3b1173ab44d45ccf589202a3480300300000000a05f000000000000ffffffff516c7e0090693760,3f49cb55b133e6318935c3360000003cea46fa7b031030010d3c4001bd3b070000000000ffffffff
3002,5465,51687,1.303567587,2.017585764,-0.355434176,0.234410999,2.266444169,-0.830033904,1.195939470,7bb98c3095511abeac5dd84033d440033ad8900393510d0904010000fffffffff2707201546a3f51,af54e54e7d37e13f8e34ee360000003cb45e2b7b031030010d50f000ae40100000000000ffffffff
3003,5466,51688,1.301951671,2.022166373,-0.345629571,0.363311408,2.074186717,-1.661649145,1.617299966,54b91b311f5210c25c639d0b35cca00334e46003755a200d04000000fffffffff406ec042c5b5b4f,d6607337c40990f1323b91300000003c3419d67c080c70000a3090007c3f281803010000ffffffff
3004,5467,51689,1.323662958,2.072264783,-0.324386260,0.390036179,2.084789385,-1.644242418,1.616736252,60bb37374a53024a112a51af30ac900227000000ff00000000000000ffffffff080bb206955eef7a,5b63be38b90ac0f1373b11300000003c6cf5267e080c70000a3090007c4b221502000000ffffffff
3005,5468,51690,1.183036797,2.046094450,-0.334190865,0.419661313,2.016304475,-1.620228241,1.495834785,1eae0634c0524048a07636fc30ac9002269c0000ea12020000000000ffffffff8b6fd300a86cf352,266664300b0c64db893b4c300000003c6d70ad0c0320a000073090006c52251902010000ffffffff
3006,5469,51691,1.303111816,2.024120339,-0.349892442,0.107209375,2.262215915,-1.331276580,1.565243424,70b95831e3510ec53827cd0933d440033ae46003934a1b0601000000ffffffff016d4e01de643f50,b148614eee1bf0387a3559340000003c1bfb877a0324a00008107000f805020100000000ffffffff
3007,5470,51692,1.302117406,2.009865996,-0.352521213,0.074766745,2.314300323,-0.950317936,1.398724714,58b99b2fbe518042abecd24a35e8300336e440035f453a0f0d040000ffffffffe87067002165df63,a245bb54e030902cbd358e360000003c1fba393f0310f0000d244001e916000000000000ffffffff
3008,5471,51693,1.300584357,2.014734895,-0.344350709,0.133022603,2.208625992,-1.389748972,1.579130056,33b9333031529d41090e08003ae4500333d060037d34331306020000ffffffff0d095d06a85ba42d,204bd847b718602d3235b9330000003c0b07397b03289000081c4000e909090300000000ffffffff
3009,5472,51694,1.322295644,2.072809331,-0.329146466,0.167951258,2.214071471,-1.351596269,1.548505587,3fbb48370753bf49278ec7ff30ac9002269c0000fd02000000000000ffffffff99517104b0577b48,6b4e8248d01a882ced3407340000003c6b23cc750324a00008107000ed09070200000000ffffffff
3010,5473,51695,1.326521887,2.078575133,-0.435007783,0.205324504,2.218748177,-1.366516320,1.464390730,a5bbfc37354de74cd71fb02231c8000000000000fe01000000000000ffffffff9a521a01c95f48e1,f1511449fe197c2bba34ae330000003c4a137c770324a00008107000eb0a080100000000ffffffff
3011,5474,51696,1.255794469,2.071015526,-0.429039762,0.418874072,1.982670632,-1.408505608,1.291353520,fab41037894d114824aa020b31c8b00333d00000b940040100000000ffffffffbf5a6104025f29c2,13664a2caf17b63132319a310000003c01139b7a03289000081cc000b630140302000000ffffffff
3012,5475,51697,1.236030568,2.076140683,-0.398915468,0.328382753,2.134727634,-1.271880566,1.260684357,1db3b037314f694924c0df6131c8b00333d84003884a1d0b05000000ffffffff35524304b05fdcd2,8b5dd53e321f942e3b336f330000003cec6afb7a0324a00004203001f408020000000000ffffffff
3013,5476,51698,1.251319623,2.071463977,-0.433302634,0.289186422,2.189951201,-1.259162999,1.273493173,8eb41e374d4d5b483f92302631c8b00333d06003ba3d070100000000ffffffff197a620033581188,d9599145e51f7634163411340000003c150b7c780324a00004203001f707010100000000ffffffff
3014,5477,51699,1.325361742,2.067684174,-0.321331201,0.325648126,2.196870163,-1.096250248,1.271462096,89bba8367553c84b7992f9403900000000000000ff00000000000000ffffffff5e75f3042c5ba016,495d6946da281c27c83330350000003c2dc6eb3b034c400009506001f405050100000000ffffffff
3015,5478,51700,1.166919067,2.043692033,-0.332627812,0.432008572,2.021205406,-1.044527403,1.023425675,99acbb33d652354a64f5616c39e8500334cc0000fd02000000000000ffffffff0f775d06a85bf001,5067fd30b22b5f51af30db340000003c782e3f69034c400116109000d11c080603010000ffffffff
3016,5479,51701,1.172719792,2.041513841,-0.329146466,0.445225940,1.926101711,-1.425699191,1.320982643,25ad77330753bf492772c87f39e8500334cc0000fd02000000000000ffffffff3c6a8e01ce59c750,8f686425bd16033e6430f0300000003c423fff6a03289000081cc000ad35190201000000ffffffff
3017,5480,51702,1.300667224,1.969537417,-0.356286750,0.418003963,1.800887719,-1.629180271,1.558138335,35b9b02a8951bf4b772ebf5237e0600333d00000d42a010000000000ffffffff0e6f5703ce60201d,fe651f168d0b8b4ac2304d2d0000003c2d2f7e6d0720a000033090004d4839230d010000ffffffff
3018,5481,51703,1.169073622,2.050931317,-0.347476815,0.364098649,1.958422233,-1.545343793,1.446177006,cdac9d3405523547a669c15d3ae4500333d0600371621d0904020000ffffffffc76f0601b4614831,e96055292910a83b4d3243300000003c12036b79032880000724c0008849120e0e010000ffffffff
3019,5482,51704,1.151132806,2.051603994,-0.346340049,0.300787873,2.022967179,-1.511382914,1.442647375,1cabb23415529546e149b24a39e8500333d060036b6a1b0903030000ffffffffaf709005d45f600e,f15a34310712683e443312310000003c6fab2a7503288000091cc000a6380f0c06000000ffffffff
3020,5483,51705,1.179142024,2.049265641,-0.343995470,0.274270271,2.044813161,-1.491276369,1.461186564,c0ad69343652d0478b15936f39e8500333d000008f5b0f0302000000ffffffff3f62e400bd58d756,7158de3322133d3ca63366310000003c34f7f97803288000091cc000a7380f0c05000000ffffffff
3021,5484,51706,1.303650455,1.936736412,-0.373125094,0.207396192,1.990326335,-1.774188961,1.779782360,7db9b0269c505f4cd44c624a37e0600333d0b003e31b010000000000ffffffff69618d03d2580ec3,2352392d940368378834732c0000003c59ee1c790830700003289000b322180a09000000ffffffff
3022,5485,51707,1.181545182,2.074859394,-0.375398625,0.187798026,2.252574213,-1.217031616,1.314329508,faad88377c50484c02ac406237e0600333d0b003e418020100000000ffffffff2b5a060da96615b5,4a50344d3622d82ed734b4340000003ccf967c79032440000a203001fa03020000000000ffffffff
3023,5486,51708,1.229939806,2.063391855,-0.406091302,0.074393842,2.320066125,-1.272164758,1.466714487,8ab22236cc4e6a3d8924a47034ccb00332d80002a255070100000000ffffffff4858550b566787c7,99456f552e1f1a3fbd35c4340000003c1cdfe979032440000a200000fc02000000000000ffffffff
3024,5487,51709,1.235367628,2.064128596,-0.412272467,0.003666423,2.320194254,-1.292413399,1.535351927,0db33936754e113cf800a16e33d0b00332c460037b6d150200000000ffffffff8457aa086b74c186,ee3e7355111e1f3c1936b2340000003c4bbbd6770324a00008100000fc02000000000000ffffffff
3025,5488,51710,1.129504387,2.099332018,-0.423426981,0.248332741,2.254560212,-1.062147273,1.099328374,12a9843ad84d80ca8d393a1334ccb00332000000e41b000000000000ffffffff9b643a039752802e,ff55724dba2a6e3169347a350000003c9da93c38031030010950d000ef08080000000000ffffffff
3026,5489,51711,1.326604754,2.071976493,-0.366659738,0.254879274,2.235244776,-1.001543446,1.256315788,a7bb2e37f750e44dc75e306037e0000000000000fe01000000000000fffffffff665c1006a560f62,9d56174b0f2e30345c34c6350000003c2eb21a7e031030011424d000da14110000000000ffffffff
3027,5490,51712,1.301661634,1.939555249,-0.363746776,0.393350880,2.026586821,-1.597990259,1.534913645,4db908272051e54cdc4c094b37e0600333000000f50a000000000000ffffffff8f5ae909297315ab,ab63a531440d32cb9e3b2a300000003c0ce4b91a0320a0000724c0006f51261601010000ffffffff
3028,5491,51713,1.036237006,2.096865537,-0.409785791,0.409012839,1.759245818,-1.675929766,1.452762126,47a0373a984e11ca4888179234ccb00332000000d32c000000000000ffffffff44588908fd72e426,25650b11fb082a457e30692b0000003c4dcb3e6b081ca00003309000594b2e1714010000ffffffff
3029,5492,51714,1.082684245,2.097666342,-0.419590397,0.387674455,1.738809255,-1.795858559,1.583013289,a8a4503a0e4ea0c977085e4d34ccb00332000000dd22000000000000ffffffff6f583d08666dddc5,22638d0e6302594737313f210000003ce7c26f64083070000a0c9000ca1d120501000000ffffffff
3030,5493,51715,1.245560332,2.060573019,-0.419590397,0.382578104,1.771642292,-1.775254679,1.632802786,03b4ca350e4e6cc5970df01e34ccb00332c4600393610a0100000000ffffffff93582703b36d703f,a7628e128503bf5248310f270000003c852f5e65083070000a0c9000b1241e0903000000ffffffff
3031,5494,51716,1.257037481,2.047407771,-0.413764472,0.404413692,1.947050791,-1.545841128,1.420787248,18b52f34604e77c4dc4b711933d0b00332c46003bc2b160100000000ffffffff1458b70b8b6a38bd,b664f2272210c141bd313c300000003c6b730d7003289000081cc0008f4a100c0a000000ffffffff
3032,5495,51717,1.236362038,2.061790243,-0.416464291,0.415062167,1.965149001,-1.454757767,1.327375738,25b3f0353a4eacc03215806334ccb00332c46003ac4c070000000000ffffffff79555809af72e93c,b765272a2415482f5f3107310000003c1d673c7803289000081cc000b233140302000000ffffffff
3033,5496,51718,1.324947404,2.076685231,-0.431526438,0.346779340,2.068100593,-1.498381155,1.447434090,7fbbc137664d63c95b58f15634ccb00332000000ed11000000000000ffffffff44588908fd722cbe,475fb536be12e8ea1938023b0000003c9d48b76d03289000081cc000cf22060502000000ffffffff
3034,5497,51719,1.124532336,2.099940631,-0.419590397,0.378724765,2.040681003,-1.500654686,1.314701729,9aa8973a0e4ea0c9f60a5e4d34ccb00332000000dd22000000000000ffffffff54581f054a6e3641,4a625d339e1274df3438043b0000003c4658aa5e03289000081cc000c827070603000000ffffffff
3035,5498,51720,1.257368951,2.049489866,-0.415895908,0.328382753,2.134727634,-1.271880566,1.266092638,20b57034424e17c5e3c3101c33d0b00332c460039c550d0100000000ffffffff425d620297719f42,8b5dd53e321fd8f91e37d53a0000003cc96afb7a0324a00004203001f408020000000000ffffffff
3036,5499,51721,1.251443925,2.047728094,-0.397281367,0.167329752,2.278199998,-0.949891649,1.238466375,91b43934484f69c8eba7a41833d0b00336c85003e518020000000000ffffffff1d550e09217410e1,5c4e5450e630542b12353b360000003c4b6e597f0310300114349000db1a0a0000000000ffffffff
3037,5500,51722,1.321881306,2.078511068,-0.433657873,0.174704960,2.270512263,-1.164172005,1.373509711,35bbfa37484d3dcab691c11734ccb00300000000ef10000000000000ffffffff10571007bd73f8e9,0e4f644f1e252c2fec34fe340000003ca56a3b7c031090000a203001fb02020000000000ffffffff
3038,5501,51723,1.323290054,2.078671229,-0.424847938,0.331821755,2.236077614,-0.940868571,1.128744192,57bbff37c44dd2c991402a0f34ccb00300000000da25000000000000ffffffff44588908fd72b821,de5d314b65316c330c3403360000003c3caa1a7e034c400014346001d71a0e0000000000ffffffff
3039,5502,51724,1.323497223,2.077101650,-0.419590397,0.232422179,2.245334929,-0.977955555,1.237141398,5cbbce370e4ea0c966085e4d34ccb00332000000dd22000000000000ffffffff57710e046d6ab631,7f54524c5b2fd93c7c34fa350000003c19ab2c760310300114349000d617120000000000ffffffff
3040,5503,51725,1.217965451,2.047343707,-0.344848044,0.246178186,2.250267893,-0.884243423,1.129821265,69b12d342a5216c3e79b4e2235cca00334e46003824a1e1203000000ffffffff2d73c403ac684e31,cb55ec4c8234903762348c360000003ce099dc39031030011434f000c02d120000000000ffffffff
3041,5504,51726,1.214277847,2.046350708,-0.340940412,0.270209763,2.244694284,-0.874154627,1.102235057,10b10e3461526ebedfb39e2135e8300339d060036c5c200f09000000ffffffff20708b077e6af427,0f583e4c1035154a47349b360000003cc276587d031030011434f000bf27190000000000ffffffff
3042,5505,51727,1.216681005,2.051091478,-0.347476815,0.194427427,2.260710400,-1.021152656,1.242087601,4ab1a234055211c4d9e79e2a33d440033ae460036d55320a01000000fffffffffb57750a4669f4c5,ea50324efb2c2835bf34c6350000003cb7a64b7b031030010950d000e80f080000000000ffffffff
3043,5506,51728,1.238723762,2.063199662,-0.417245817,0.078081446,2.372823210,-0.764101486,1.250306436,5eb31c362f4ea1b9440d202334ccb00332c460037c6d140200000000ffffffff3a56c60789729186,f245de5b1d3b3e37cf35c1370000003c31d2c77f031030010d50f0008f6b040100000000ffffffff
3044,5507,51729,1.322585680,2.079407971,-0.427974044,0.116449102,2.370548921,-0.740584644,1.279552221,46bb1638984d21c9379ed45d34ccb00332000000e11e000000000000ffffffffee76cb00f663e352,9049975b683ca03a9435e8370000003ced19a93f031030010d50f0008f69050100000000ffffffff
3045,5508,51730,1.208187085,2.036452748,-0.330993711,0.309986167,2.253439083,-0.690637996,0.991560372,7db0d932ed52a442806fdd0c39e8500333d00000b243080101000000ffffffff2478af037361ec28,cf5b4f4d273fca343a3421380000003c06de2c39040c3001143460017370190201000000ffffffff
3046,5509,51731,1.198077250,2.040264584,-0.328009701,0.186389279,2.305683653,-0.814758613,1.153639604,89af503317538945c03fff2739e8500334cc0000e418030000000000ffffffff387556039565fc26,2850ae535438e444f4342d370000003cd4defd72031030010d50f0009f500f0000000000ffffffff
3047,5510,51732,1.208394254,2.043371710,-0.334546104,0.226331417,2.293255147,-0.788755095,1.110493113,82b0b133bb52033ec23b2e253ae4500333d0600387501f0604000000ffffffffb7573d07fb72c638,ec532a52c239bd41b6344b370000003cd01edc78031030010d50f00097590f0000000000ffffffff
3048,5511,51733,1.323704392,2.078382939,-0.421650785,0.260182794,2.274163937,-0.777671628,1.138489889,61bbf637f14d6bc904d41f5c34ccb00332000000d42b000000000000ffffffff61576f053f7160f9,1d57d64f5e3ac74d803463370000003ce046ab78031030010d50f00097580f0000000000ffffffff
3049,5512,51734,1.324284464,2.079600164,-0.422077072,0.267060798,2.243893478,-1.104349704,1.268940550,6fbb1c38eb4d4ac8378a194734ccb00300000000a559020000000000ffffffff706db500926ee356,c357254c68280e434f3442350000003c1d3a7f6d0310300109284001f805010100000000ffffffff
3050,5513,51735,1.229359734,2.044300645,-0.354226362,0.226994357,2.260197884,-0.858168857,1.142499892,7cb2ce33a65115c74ca71b0833d050033ad89003b52c1d0100000000ffffffffbb6773004c718b48,fc53224ef13522388b34bb360000003c1c826c3a031030011434f000ba34110000000000ffffffff
3051,5514,51736,1.240256811,2.045806160,-0.367228121,0.262295916,2.255521178,-0.843746141,1.107906731,83b3fd33ef50c7c830f3580633d0500336eca003ef0e020000000000ffffffff05573e03d86a24d4,5057904dbc3645466034cf360000003c7edec67e031030011434f000b82f180000000000ffffffff
3052,5515,51737,1.251816828,2.063135597,-0.418098391,0.371556725,2.010666802,-1.595148345,1.470733632,9ab41a36234e80bdf389a01a33ec400332c4600394431f0702000000ffffffff6e577609eb64e9b4,9d61b42f6c0deccbae3b8c300000003c0f2c591a0320a000073090006145322302020000ffffffff
3053,5516,51738,1.238765196,2.066851336,-0.414617046,0.371556725,2.010666802,-1.595148345,1.465899513,5fb38e36544ec3431eb1216f33ec400332c460036d5b1e1405010000ffffffff5d5b82074e624fba,9d61b42f6c0d7801df3a79300000003ca52d591a0320a000073090006145322302020000ffffffff
3054,5517,51739,1.232342964,2.071175687,-0.397281367,0.316864170,1.892852255,-1.748114395,1.641539076,c4b21537484fed465004bd6e3bcc200331d84003773c28100e060000ffffffff1f5e6d02dd657c2e,755c5621030582be753bdc320000003cdb8c5e6f083070000a0c9000a324200d0b000000ffffffff
3055,5518,51740,1.219995705,2.076428973,-0.386979427,0.162689171,2.268782522,-1.214687036,1.356464847,9ab1b937d94f8a42b9e0984733ec600332e040039c2f1f0907050000ffffffff2f64d709786068f4,ec4d2e4f5722582a0e35cc340000003cfc5a2d77032440000a200000fb02010000000000ffffffff
3056,5519,51741,1.207772748,2.065666143,-0.372272519,0.171804597,2.259653336,-1.263852158,1.380498204,73b06936a850b7473299677836cc800334dcb0037460190e03010000ffffffffe1618d06015c40e2,c84e114ea31fc021fa348c340000003c873acd37032440000a200000fa04010000000000ffffffff
3057,5520,51742,1.193188067,2.071207719,-0.375611769,0.365341662,2.151864878,-1.304420488,1.246804268,13af16377950824a69fc417338dc600333d0b0037b611a0800000000ffffffff75603d044f5fb4bb,0761ec40681da0fe4a37bf3a0000003ce901f73c0324a00004207000f508020000000000ffffffff
3058,5521,51743,1.205120988,2.073674201,-0.379022067,0.436069080,2.069061560,-1.316498624,1.212569342,33b06337495004490108e05d38d8700333ec4003922b1f1b07010000ffffffffb1663b09cf6178dd,b267d336be1c9c2aae38e63a0000003c20e48e170324a000084c7000ea0e070000000000ffffffff
3059,5522,51744,1.204250879,2.063487952,-0.367796504,0.434743200,2.166055156,-1.449429177,1.331386998,1eb02536e750d545232ade7036cc800334d470036e69130e05020000ffffffff8e516404f65d8acb,9267a7426f15e0f21a38ac3a0000003c0895077503289000081c4000ef0b040100000000ffffffff
3060,5523,51745,1.251526792,2.072681202,-0.437068171,0.449452183,2.067331819,-1.465414946,1.304166165,93b44437184de5492376b02831c8b00333d00000e11b020000000000ffffffff2a59f503b35bcec5,f5689d368e144c285738db3a0000003c25f07d5503289000081cc000d71d080201000000ffffffff
3061,5524,51746,1.242411366,2.077710262,-0.403888819,0.439135178,2.151320330,-1.307262402,1.211096573,b7b3e137eb4e564b219cde6331c8b00333d00000e813030100000000ffffffff2663b6032357cccb,fc67db40401db80156378a3a0000003c5f8a992a0324a00004203001f707010000000000ffffffff
3062,5525,51747,1.172554057,2.074699233,-0.370780514,0.471992145,2.075884425,-1.386480770,1.233870093,21ad8337bd50af4c1384616837e0600333d00000f708000000000000ffffffff04681707565f1cd4,156ba837e51838e67e38cf3a0000003c655cee0c0324a000081c4000ec0b080000000000ffffffff
3063,5526,51748,1.186600100,2.064993466,-0.363249441,0.536007295,2.211156538,-1.388754302,1.223231319,74ae5436275174489542be7338d8300337d440036f55201504020000ffffffff4869d903b85978d3,1e712748c51888e23938413a0000003cd424bc6a032440000a207000fb03010100000000ffffffff
3064,5527,51749,1.153245928,2.067684174,-0.357778755,0.541973755,2.201322643,-1.384562478,1.202413291,4faba8367451b14bc96e2f6a37e0600333d05003db21020100000000ffffffff5f69f601565720e0,ae71f446001908db4538423a0000003cad088f5b032440000a207000fa03010100000000ffffffff
3065,5528,51750,1.124200866,2.068388883,-0.357565612,0.526187495,2.215512922,-1.330566101,1.151518748,92a8be3677518c4cbd0e2e5837e0600333000000f20d000000000000ffffffff817084001c60f02b,3170af48f81b9f565d38103a0000003c5724082f0324a00004203001fa04000000000000ffffffff
3066,5529,51751,1.141893079,2.050386769,-0.343640231,0.535385788,2.206383736,-1.336249931,1.173652489,3daa8c343b521b48c9e5324939e8500333d00000a1500b0201000000ffffffff5a63b4036055cc31,0f719247a81b2cba56381b3a0000003c2dc81d19032440000a203001fb03010000000000ffffffff
3067,5530,51752,1.326894791,2.074314846,-0.369288509,0.472737952,2.184954173,-1.422715180,1.360710372,aebb7737d250254d2d46506337e0600333000000fb03000000000000ffffffff0b702d039e5f001a,276bf544e71670ef2038883a0000003c0f59b8750324a00008107000f804020000000000ffffffff
3068,5531,51753,1.166090391,2.049874253,-0.345061188,0.470127626,2.208401766,-1.347262349,1.230407376,85ac7c34275237489cadf15e39e8500333d000009b520d0302000000ffffffffdf638e03e7536429,e86ad1470d1ba8fdd9376a3a0000003cda7da63b0324a00004207000fa04010000000000ffffffff
3069,5532,51754,1.326770489,2.073065589,-0.368009648,0.495609385,2.155356391,-1.325237512,1.270388028,abbb5037e450894d598af05f37e0000000000000fe01000000000000ffffffff4f6443055155742a,4f6d5941431c44da8938763a0000003c303c8c150324a00004203001f806010000000000ffffffff
3070,5533,51755,1.328013502,2.074122652,-0.368222791,0.356764875,1.871134402,-1.654544359,1.624546491,c9bb7137e150194db6ad817237e0600333000000fb04000000000000ffffffff64680104cd557dc5,3860b01e280a394f51328c2d0000003c1c67cf630720a000033090004a48372b0a010000ffffffff
3071,5534,51756,1.140318596,2.070470978,-0.359483904,0.323327835,1.894005416,-1.765663217,1.635834423,17aaff365c51eb4cbdeeef6337e0000000000000fb04000000000000ffffffff3c666f063855c808,115d7a210c044c2b2e33822a0000003c7cdaad35083070000a0c9000bc27120505000000ffffffff
3072,5535,51757,1.329049346,2.073161685,-0.364173063,0.265362014,1.991511528,-1.615183842,1.644118444,e2bb53371a51094d1832e87f37e0600333d00000fb04000000000000ffffffff78669e025954fbb0,9a575e2d520c40ffd43ae9310000003c4e3a497f080ca000073090004f41363106020000ffffffff
3073,5536,51758,1.321384101,2.075532071,-0.363107345,0.316242664,1.970434320,-1.579730958,1.581621909,29bb9d372951654ddcd1580037e0000000000000fd02000000000000ffffffff3b53d405fc5bf75b,665ccc2a450e0768e53b20310000003c8008ce34032880000724c0005842362903020000ffffffff
3074,5537,51759,1.325610344,2.080433002,-0.430105480,0.374332787,1.924147745,-1.662217528,1.564434138,8fbb36387a4d4f4b51ff817431c8b00333d00000f20b010000000000ffffffffb5569d02bf593834,e0612725bc0908d5a63bd5310000003c3080ff14080c70000a3090005a3a362c08010000ffffffff
3075,5538,51760,1.246430440,2.079247809,-0.413480280,0.357634984,2.076364909,-1.629251319,1.506009593,18b41138644e4c4c09e87a5c31c8b00334000000f906000000000000ffffffff59521f039c5a1da0,4d60b7378c0bf0f71c3b6b300000003c5275343b0320a00007309000605c231d02010000ffffffff
3076,5539,51761,1.253515612,2.075243780,-0.432947395,0.330868779,2.235372905,-0.709820919,0.976512911,c3b49437524d1f4ccb15a15b31c8b00334cc0000f906000000000000ffffffffd3515a03b25780ec,c75d1b4b193e433a0334ff370000003c7efe2b7b0310300114346001835c1e0201000000ffffffff
3077,5540,51762,1.326977658,2.083091677,-0.433871017,0.363269974,2.229062555,-0.696037633,1.009342029,b0bb8938454ded4c474f920a31c8000000000000fe01000000000000ffffffffe5561708415fd1a8,d560564adb3e502fa533fb370000003c35beb77f040c300114346001796a180201000000ffffffff
3078,5541,51763,1.243364343,2.071944461,-0.415895908,0.070540502,2.351713969,-0.844811859,1.279748269,ceb32d37424e264952d1b67c31c8b00333d0600389561a0501000000ffffffffc3598c01a55f98ec,3c454b59ad361c32dd3539370000003cba1aa87d031030010d3c4001b543070000000000ffffffff
3079,5542,51764,1.233005904,2.078927487,-0.401260048,0.001843338,2.274676453,-1.351241030,1.567336207,d4b20738104fe04893acad4a31c8b00333d06003815a190a02010000ffffffff9659af06bc5eefb5,c23ee64fd51adb48193653340000003c36ef6679032480000a107000f504030200000000ffffffff
3080,5543,51765,1.239345268,2.073834362,-0.403462532,0.230309058,2.237455000,-1.180086727,1.283772148,6db36837f14e7c494f78dd6e31c8b00333d840038a4e1c0703000000ffffffffc76ce806fa640009,4c545c4b3e244d3c9234d2340000003cf52e0b7a031090000a4c8000fa03020000000000ffffffff
3081,5544,51766,1.196378466,2.054198604,-0.353800075,-0.339115023,1.875330625,-1.716427048,2.060700433,60af0335ac51dd400246146d35cca00336d09003754e220e09040000ffffffff055fa41cf56018b8,9d1e331fc106a7c4d638d13b0000003c556c5067081cc0000a0c90009f24220e0c000000ffffffff
3082,5545,51767,1.247922056,1.977032959,-0.385771614,-0.343341266,1.916780332,-1.726018509,2.081348380,3cb49a2bea4fccbcc79a634820d0000000000000f708000000000000ffffffffe76ef8054362d811,371e41243a0625a2f338b83b0000003c56bca158081cc00003289000a2231b120c000000ffffffff
3083,5546,51768,1.186600100,2.051411800,-0.348400437,-0.434744127,2.057626053,-1.591880143,2.043290850,74aeac34f851454585a9926f3ad4900333d84003793e261507060000ffffffff0074f904f65cd80b,99156e359a0dff7a4f39fb3a0000003cc9e9d416080c70000a24c000605c2c1303010000ffffffff
3084,5547,51769,1.170979574,2.046254611,-0.336038109,-0.421568194,2.070663171,-1.592519574,2.028681799,fbac0b34a65251496b61a36f39e8500334000000f509010000000000ffffffffb47369018366ab53,d7160537910dc9834539053b0000003cc8b1ca2c080c70000a24c00062562f1403010000ffffffff
3085,5548,51770,1.299921417,2.019155343,-0.338666880,-0.421485326,2.033505783,-1.663212198,2.172065241,23b9bd308152323a83c70c0c3ae4500333d06003823c2f0c06000000ffffffff706db500926e2f55,d9167d32ae09dda41039313b0000003c9508415b080c70000a30900088382d0f02010000ffffffff
3086,5549,51771,1.304354828,2.025273500,-0.354226362,-0.410173911,1.994778815,-1.647368524,2.147732613,8eb97c31a65115c74aa71b0833d050033ad89003b52c1d0100000000ffffffffd164c00047658b5c,ea17c42d8d0a31a4f438493b0000003c5bdcb051080c70000a309000793a321603010000ffffffff
3087,5550,51772,1.305763576,2.000800875,-0.370709466,-0.343341266,2.095872537,-1.421436319,1.957705882,b0b9802ebe504e43b90d684033d8800334d4b0037e551f0605020000ffffffff8c72480197686755,371e183af9162989a739213a0000003c11591b7c03289000081c1001d9160d0201000000ffffffff
3088,5551,51773,1.300915827,2.020949148,-0.342148225,-0.382537597,2.027804046,-1.277990682,1.926100601,3bb9f530505284bc75f75c0b35e8300339d06003635d251307000000ffffffff5651d702565580e9,851acb31dc1e5425bd38263a0000003c6000412f0324a000113c8000e611050101000000ffffffff
3089,5552,51774,1.327972068,2.083476064,-0.434794639,-0.381211717,2.056472893,-1.300654951,1.916181741,c8bb9538384d944deffab10f3100000000000000ff00000000000000ffffffff9a24f11af56586cf,a51a4a359d1de427cc38f6390000003c66ac14330324a0001120f000e610080000000000ffffffff
3090,5553,51775,1.340526496,1.859794992,-0.402538909,-0.466399515,1.765940555,-1.499091633,2.115707480,f7bc4e1dfe4e7dc5314bddd02398700200000000c33c000000000000ffffffffc821261ac264c4cf,9d12dc11b412633e35396f2f0000003ca76a306903289000081cc000765d150f08000000ffffffff
3091,5554,51776,1.341645207,1.903102569,-0.389608198,-0.446594181,1.854285449,-1.403532257,2.056264871,12bd9622b44f26c434c76aca2398700200000000c23d000000000000ffffffffc01e251a366465c4,7b14a21cf517c444123910310000003c427fc0690324a00008447000b723230101000000ffffffff
3092,5555,51777,1.342681051,1.927158775,-0.380158832,-0.354486946,1.930394030,-1.540654634,2.056001017,2bbd85253950bcc3374fb5c72398700200000000c738000000000000ffffffff7a2c36063a5ed9be,2a1dea256b10b84687381f300000003ccfaa337903288000091cc00080471d0e0c000000ffffffff
3093,5556,51778,1.248460694,2.072424944,-0.429466050,-0.274519801,1.998174232,-1.490779033,1.857785781,49b43c37834d0a4a37c6edb52fb4800227980000da1f050100000000fffffffff525b123736dc2cb,b4242e2e2913e14136384c310000003cfc9e547903288000091cc000913f180d09000000ffffffff
3094,5557,51779,1.351962212,1.860339540,-0.413551328,-0.152041624,2.016752926,-1.775396774,2.034973146,0bbe5f1d634e3bcc2e430fad2398000000000000e21d000000000000fffffffff523e224f973c810,40307230830317553637ed2c0000003c19a6d43c0830700003289000ab27161106000000ffffffff
3095,5558,51780,1.224470551,2.080913485,-0.407654355,-0.101865348,2.235244776,-1.308683359,1.610850188,06b24538b64eebcd505bfdb52398000000000000946b000000000000ffffffff4620dd253e7508fe,fb34174b2c1dd941cc3657340000003c1fd7d3760324a00008107000f407030100000000ffffffff
3096,5559,51781,1.223186104,2.081810388,-0.391668586,-0.252394176,1.981165117,-1.651773492,1.943021103,e7b16138974f5fce1c8eb7bc2398000000000000916e000000000000ffffffffe9238623d676d010,ca261b2c4f0a0b5c0638042f0000003cff39797f080c70000a309000583a363006020000ffffffff
3097,5560,51782,1.220244308,2.080881453,-0.408577978,-0.161405652,2.255745404,-0.946978687,1.493120671,a0b14438a94e78ce114b4dae268c0000000000009768000000000000ffffffff712bf0065a6175ba,5e2f974d0f31e94c483755360000003cd276557c0310f00011389000d724040000000000ffffffff
3098,5561,51783,1.246803344,2.070214720,-0.426979374,-0.184649988,2.221438884,-0.980442230,1.542157101,21b4f736a64d44482c4e4eb32fb480022798a0026b69220701000000ffffffffdf249c198967cf6e,2d2d6849382f883f7e3715360000003c10fbf4780310f00011389000e812040000000000ffffffff
3099,5562,51784,1.209968737,2.091996637,-0.402894149,-0.439467575,1.922033618,-1.092697855,1.795927818,a8b09f39f94e58c642324dd22398700200000000936c000000000000ffffffffa62987076e5e58d9,2715e5240c29b54e51392b340000003c9a7e501a0344e0000f24b000ab221b1601000000ffffffff
3100,5563,51785,1.245021693,2.072681202,-0.417458961,-0.429896378,1.896503930,-1.098736923,1.816735709,f6b344372c4eb449602109fd2fb480022798a002b9350e0300000000ffffffff1e2cab068a5f09c3,0e16c821b728034d6c3919340000003cedaa10190344e0000f24b000a6241c1801000000ffffffff
3101,5564,51786,1.247590586,2.071528042,-0.428471379,-0.145412223,2.330540664,-0.811064124,1.467624466,34b42037914df048100aeef42fb480022798a002b53a0d0200000000ffffffff28277621156bbec9,e030b65688382f5615376b370000003c2e3ec12e0310f0000d381001916a040000000000ffffffff
3102,5565,51787,1.353122357,1.877925235,-0.417387913,-0.128838722,2.344090298,-0.790673387,1.597767364,27be841f2d4ec1ca0a8f6faa2398000000000000de21000000000000ffffffff5327101aa26a335e,70325d58a739a356063791370000003cd899b12f0310f0000d3810018a73020000000000ffffffff
3103,5566,51788,1.210010171,2.093566217,-0.416393243,-0.378725692,2.232714230,-0.809287927,1.642501155,a9b0d0393b4ed0c819de2ed8268c7002000000009a65000000000000ffffffff2627791b0669c35d,e11ac84aa138099c7a32853b0000003caf1c9e340310f0000e44d000f207050100000000ffffffff
3104,5567,51789,1.214153546,2.093021669,-0.415185429,-0.336794733,2.181014208,-0.837636025,1.609859546,0db1bf394c4e53c84aeaeed623987002000000009c63000000000000ffffffffb52106193466577c,d51e7a441237718cf032ba3b0000003c5ee5497e0310f0000e44d000d218130101000000ffffffff
3105,5568,51790,1.209015761,2.090715348,-0.389679246,-0.530787569,2.203404738,-0.721259625,1.774699995,91b07739b34f2cc51c463acb23987002000000009669000000000000ffffffffee21ee17bf67777c,8b0c3547783de0e1352c073b0000003c50b80425033840000f44d000f604030200000000ffffffff
3106,5569,51791,1.204416614,2.091003638,-0.391171251,-0.497723433,2.228101588,-0.715788939,1.738232790,22b080399e4f30c6f665bad4268c7002000000009966000000000000ffffffff112545189968b770,a90f384ac53d177c8e33ff3a0000003c70f1a6270310f0000e44d000fc01010100000000ffffffff
3107,5570,51792,1.205576759,2.092316960,-0.404244058,-0.482020041,2.346076296,-0.838630695,1.760985096,3eb0a939e64ee2c608268ddb268c7002000000009b64000000000000ffffffff731efa17e0665985,24119b58043719a77e31143b0000003c3a909e6e0300000000000000ff00000000000000ffffffff
3108,5571,51793,1.204458048,2.089466091,-0.379945689,-0.201927864,2.232714230,-1.186338939,1.627486232,23b050393c50abc59dd5f4d5268c7002000000008d71000000000000ffffffff0b2b290779625bba,8c2bc84ae6237b438837fb340000003c69db0576032440000a3c1001f904010000000000ffffffff
3109,5572,51794,1.246223272,2.069381882,-0.425416321,-0.418833566,1.946890630,-1.030886213,1.775953876,13b4dd36bc4d324724728eb22dbc80022798a0027d3a380d03000000ffffffff861e4019f065e186,1917ed27722cee381039ed340000003cc34150590344e0000f2440009826231d00000000ffffffff
3110,5573,51795,1.209347231,2.089498123,-0.380016737,-0.414938793,1.999487553,-1.017742359,1.747312496,99b051393b504dc5927554cd23987002000000009b64000000000000ffffffff5c2a8107d45c40da,7717572e2b2df437d53839350000003c406ab0680344f0000e109000b61c191301000000ffffffff
3111,5574,51796,1.246306139,2.073674201,-0.419803540,-0.047794299,2.426861584,-0.204883753,1.358538842,15b463370b4e9b4a8c39f9fd2fb4800227980000e217050000000000ffffffffcd2c3a04176209aa,143a7562dc5945416f36ef390000003c8f0d363e04343000103ce000a851060000000000ffffffff
3112,5575,51797,1.250863852,2.069638140,-0.431313294,-0.398323858,2.196325615,-0.520975698,1.656474921,83b4e536694df5463c728fa22fb480022798a0027c65170601000000ffffffff082cb4041b6429a9,081958467b4853406a38b3380000003c90fa837a040ce0000f341001ac24220a03000000ffffffff
3113,5576,51798,1.249869442,2.068228722,-0.429323954,-0.304849309,2.068452947,-1.427688531,1.847669416,6bb4b936854d34453166ffa22dbc80022798a002753f371203000000fffffffff7574f00de62cd48,d821c036a116018fb5394f3a0000003cbe782c7803289000081c1001c424100602000000ffffffff
3114,5577,51799,1.311315699,1.981101053,-0.411419892,-0.274519801,1.998174232,-1.490779033,1.918380015,36ba192c814e1846f55d274032c4b00333d0600360552f1702010000ffffffff1159ba005a658b4c,b4242e2e2913c1939839913a0000003cf19d547903288000091cc000913f180d09000000ffffffff
3115,5578,51800,1.311108530,1.988500498,-0.408506930,-0.399193967,2.028316562,-1.304065248,1.930995767,31ba002daa4e7b44929e68013bcc200331d060035e4a371805030000fffffffff35bae019f63dd4f,f318db316d1d5e40d7381b3a0000003c0da031240324a000113c8000e511070101000000ffffffff
3116,5579,51801,1.309658349,1.985649629,-0.395292027,-0.381211717,2.056472893,-1.300654951,1.919307047,0ebaa72c644ffb4515160e4c3bcc200331d880035e4e2c140d060000ffffffff0e549f01e761294d,a51a4a359d1d2f7aff39063a0000003c83ae14330324a0001120f000e610080000000000ffffffff
3117,5580,51802,1.312931616,1.974918832,-0.426410991,-0.327223536,1.954065849,-1.510388244,1.966100316,5dba582bae4d6946ac82320c31c8b00333d060038c5d0f0601000000ffffffffac276920cd6d1e3f,bc1fcd281512ffb15a399d3a0000003cb028a36f03288000091cc00083461c0e0b000000ffffffff
3118,5581,51803,1.224139081,2.095135796,-0.420585067,-0.365549758,2.047055417,-1.275006672,1.805397078,feb1013a004ed2cb21623fec2398700200000000a15e000000000000ffffffff2c27f41c3167e6ca,1f1c2434061f3812b238023a0000003c31d1337b0324a000113c8000e711050101000000ffffffff
3119,5582,51804,1.339200616,1.864471698,-0.414759142,-0.433003910,2.001345423,-1.473017068,2.068659743,d7bce01d524e76c7fe323fd72398000000000000d02f000000000000ffffffffd8264e211f733829,c315912e2314b1a44139303a0000003c46c0915903289000081c1001d31a0d0301000000ffffffff
3120,5583,51805,1.225672130,2.096929601,-0.419377253,-0.365466891,2.067556045,-1.479624519,1.912252717,23b2393a114e4fcdd0452fa6268c7002000000009b64000000000000ffffffffc425ec244e6bb6c6,211ca436c613399080392e3a0000003ccd58d97203289000081c1001d41a0d0301000000ffffffff
3121,5584,51806,1.352003646,1.931130772,-0.411846179,-0.249493813,1.943270987,-1.740085986,2.080663952,0cbe01267b4eb0cb2d2befac2398e00100000000f609000000000000ffffffffc2281d1fff6f8e34,10277c277405173a0c38e32c0000003c03ebd376083070000a0c9000ab221d0b0a000000ffffffff
3122,5585,51807,1.220368609,2.095840505,-0.425984704,-0.427327485,2.030879140,-1.338239271,1.884497491,a3b1173ab44d45ccfe752faa268c700200000000a05f000000000000ffffffff8026b423bc66fab8,4c162b328c1b7342f9380c3a0000003c020401200324a0000844f000e2100c0100000000ffffffff
3123,5586,51808,1.353080923,1.959991812,-0.413053993,-0.408433694,2.071784300,-1.335539452,1.991584979,26be86296a4e16c938c72fa32398e00100000000fc03000000000000ffffffffa126da22c0702538,14182837b21b781dfd38de390000003c7e50a2340324a0000844f000e60f090000000000ffffffff
3124,5587,51809,1.229152565,2.096192860,-0.417743152,-0.241828569,1.952720496,-1.763389685,1.998783232,77b2223a284ee8cc0a26efad23980000000000009f60000000000000ffffffff702073261871aecd,c927a3282c041746ea37152c0000003c722ec2750830700003289000af221b0909000000ffffffff
3125,5588,51810,1.350056259,1.902846311,-0.390389725,-0.271205100,2.000704778,-1.645947567,2.052922349,ddbd8e22a94f75cd8f9ea8be2398000000000000d22d000000000000ffffffff5629841e926b034b,04257d2ea10a498b6e39a53b0000003cf674ec39080c70000a309000593a352f06020000ffffffff
3126,5589,51811,1.219829970,2.094302958,-0.426482039,-0.319889761,1.885196552,-1.749180113,2.040586321,96b1e739ad4d35ca50b67fe52398700200000000a25d000000000000ffffffffad239a255b7054d9,6d206720f404de333f38e42b0000003c061fa26f083070000a0c9000a8241e0b09000000ffffffff
3127,5590,51812,1.350802067,1.856655834,-0.404812441,-0.242118605,1.967583451,-1.711169506,2.063072947,efbdec1cde4e26cd1a3f4db72398000000000000d22d000000000000ffffffff8026b423bc667bb7,c227732a0b0731845939d63b0000003ce60d777c081cc0000a0c90008934171614000000ffffffff
3128,5591,51813,1.337170362,1.962426262,-0.413053993,-0.428280462,2.054006411,-1.354438184,2.002849901,a6bcd2296a4e16c907c72fa32398e00100000000fc03000000000000ffffffff8b2e2b0379569766,3516fd34a81a50230939f6390000003c3f30412f0324a0000844f000e2100c0100000000ffffffff
3129,5592,51814,1.326853357,2.076877424,-0.434368352,-0.380093006,2.101574275,-1.356214380,1.940122656,adbbc7373e4d444d83972d8b2fb4000000000000ff00000000000000ffffffff50271622e664dcba,c01aca3a8f1ad77cc139fb390000003c7dc6253e0324a00008447000e20f0d0100000000ffffffff
3130,5593,51815,1.337999037,1.967551419,-0.415398573,-0.270790763,1.977737668,-1.612199832,2.005153768,babc722a494e6bc7dcf61f9f2398e00100000000fb03000000000000ffffffffc62ed70256550f63,0e25b02b7c0cf77e9739a93b0000003c5992363f080c70000a309000573b353006020000ffffffff
3131,5594,51816,1.327474863,2.076428973,-0.434794639,-0.319889761,1.885196552,-1.749180113,2.116125993,bcbbb937384d944dab07be8f2f00000000000000ff00000000000000ffffffff7a26de1f00630ec2,6d206720f4043cbaff38e43b0000003cc61ca26f083070000a0c9000a8241e0b09000000ffffffff
3132,5595,51817,1.339117748,1.972132028,-0.410354174,-0.343921339,1.893364771,-1.600547982,2.062858732,d5bc012b904e71c4c1220fd32398e00100000000fa05000000000000ffffffffcf2e02027854c19e,291e6621200ddcde9838a63b0000003c48281170080ca0000724c0004c433e2c04030000ffffffff
3133,5596,51818,1.328593575,2.083668257,-0.434439400,-0.322997293,1.944231954,-1.575183895,2.012086698,d7bb9b383d4dd54da07efe902f00000000000000ff00000000000000ffffffffc62ed70256558196,22209a27850ee763be397d3b0000003c1f9341310320a0000724c0004c483a2a04020000ffffffff
3134,5597,51819,1.327972068,2.083476064,-0.434794639,-0.389747071,1.970562448,-1.612199832,2.085567432,c8bb9538384d944def06be8f2f00000000000000ff00000000000000ffffffff17289d1f6f69cace,d719d02a7c0c1da8d4385a3b0000003c4b34920f080c70000a3090006140352503020000ffffffff
3135,5598,51820,1.337791868,1.853164321,-0.420300875,-0.337043336,2.024440662,-1.692341822,2.110094006,b5bc7f1c044e75c904c72fe42398000000000000da25000000000000ffffffffec29131d6a6d8148,cf1e62311408718b3f39743b0000003c06ad9a7a081c30000a3090009929210f0c010000ffffffff
3136,5599,51821,1.216225234,2.094879538,-0.429466050,-0.351959487,1.962554391,-1.590956521,1.955958430,3fb1f939834dc1ca3be68fe1268c7002000000009b64000000000000ffffffff4623a726866d84d4,671dd629a70de7bcae38633b0000003c036c661c080ca0000724c0004f48342d04020000ffffffff
3137,5600,51822,1.350926368,1.931387030,-0.401757383,-0.334350142,1.964380228,-1.747759155,2.157073535,f2bd0926094f9acc15ebbcb72398e00100000000f30c000000000000ffffffffeb5c1e02c364df51,101f0f2a080549931b39a13b0000003cab880666081c30000c289000ab22161309000000ffffffff
3138,5601,51823,1.309285445,1.989461465,-0.391171251,-0.370853279,1.980588537,-1.589961851,2.063987346,05ba1e2d9e4fa044a195cd4b33ec600332c480037650151509070000fffffffff5645c00bc61475e,9f1b092cb50d99bcc0384f3b0000003c0580861b080c70000a24c0005c44332703020000ffffffff
3139,5602,51824,1.304852034,1.990134142,-0.369501653,-0.370148905,2.027579820,-1.603745136,2.080958265,9ab9332dcf508a47260a280038d8300337d050039039250d01010000ffffffff3f619601bd61a350,b01bc431f30c598865393e3b0000003c3baddb2c080c70000a24c0006748321a02010000ffffffff
3140,5603,51825,1.306509384,1.985777758,-0.377530061,-0.391238686,2.061694147,-1.652270827,2.124400109,c2b9ab2c5e50a54763c1010c38d8300337ec20037047330a09020000ffffffff82610701905c3b58,b319ed35480a598d3739313b0000003c2e49ea7c080c70000a309000843c2c1002010000ffffffff
3141,5604,51826,1.304976335,1.961080908,-0.375895961,-0.358547454,2.047631997,-1.633585239,2.087243351,9db9a8297550b64a6735120a38dc600333d0b0038173070300000000ffffffff6a65bd00a85e5f5f,c81c36344f0b298a5239483b0000003c251d2c3a080c70000a3090006f42301902020000ffffffff
3142,5605,51827,1.303899057,1.982094052,-0.367796504,-0.406610608,1.995771815,-1.614331268,2.116572540,83b9382ce75063492482280038dc600333d05003b135100900000000ffffffff0e6989017b5e1751,4018e32d5e0ce5a8e5383f3b0000003c52d8910f080c70000a24c0006f41331802020000ffffffff
3143,5606,51828,1.302324575,1.987315305,-0.359626000,-0.395050591,2.049778157,-1.595148345,2.100357000,5db9db2c5a51414965370e0e38dc600333d44003a53f100901000000ffffffffb55a0101d0674f50,571979346c0d41875739203b0000003c68911b2b080c70000a24c0006453301503010000ffffffff
3144,5607,51829,1.310694193,1.997533587,-0.402538909,-0.427493220,2.025017242,-1.636569249,2.131872819,27ba1a2efe4e773ead2d884033ec200334c4600386590d0c05040000ffffffff66578c010f69a94d,48167431250b59a40039283b0000003c7edc2052080c70000a24c0007643311202010000ffffffff
3145,5608,51830,1.312268675,1.998846909,-0.418311535,-0.434744127,2.057626053,-1.591880143,2.105414923,4dba432e204e0138ce61620933ec400332c460037a5f110f06010000fffffffff656dc01ff66b74d,99156e359a0d66cc0139fc3a0000003c31e4d416080c70000a24c000605c2c1303010000ffffffff
3146,5609,51831,1.312268675,1.993081107,-0.421011354,-0.355812826,1.821580540,-1.748966969,2.139012496,4dba8f2dfa4d30415b36d20b3bcc200331d06003714c271109010000ffffffff745b660193627d4c,0a1da518f70493498b38b42a0000003ce3a67276083070000a0c9000aa28200904000000ffffffff
3147,5610,51832,1.309824084,1.982190148,-0.397139272,-0.338327782,1.852683837,-1.798061043,2.166969835,12ba3b2c4a4f39472a965e4e3bc8300331d880034e4d2f2509060000ffffffff215568010164f34e,b01e701c44024c23563877260000003cc0fa5270083070000a0c9000c32c0c0301000000ffffffff
3148,5611,51833,1.312641579,1.983439405,-0.423782220,-0.389788504,1.819946897,-1.702643762,2.135529169,56ba622cd34db0448a5e520c32c4b00333d0600366582a1402000000ffffffffe3592f01af66254e,d61972188307a8176e3a8b2c0000003c36f9973b081cc0000a0c90008d391e1407000000ffffffff
3149,5612,51834,1.310901362,1.993529558,-0.405593967,-0.363105167,1.805564425,-1.773336386,2.169872824,2cba9d2dd34ebc41124a180033ec200331d060036969180a08030000ffffffff23587401db6aef51,5a1cb116a003c42d9338b8280000003ccf3a1270083070000a0c9000b92b150402000000ffffffff
3150,5613,51835,1.312227242,2.004356453,-0.414972285,-0.390161408,1.827794793,-1.738025598,2.163277884,4cbaef2e4f4eafbef4a9e20833ec400332c460039d42180602000000ffffffff26570101f5607246,cd1967199105d2c9ba3a292d0000003ca971687f081cc0000a0c9000a327260a04000000ffffffff
3151,5614,51836,1.311605735,1.970498384,-0.414119711,-0.355812826,1.821580540,-1.748966969,2.141092802,3dbace2a5b4e9847ca99374031c8b00333d06003845c140802000000ffffffff72547800fb5b0245,0a1da518f70493c0da3a5a2d0000003c56a57276083070000a0c9000aa28200904000000ffffffff
3152,5615,51837,1.312434411,1.938305992,-0.420798210,-0.442989444,1.739001448,-1.638345446,2.145613312,51bae126fd4d2f4a70a1a64131c8b00333d00000eb13010000000000ffffffff285ab123736da75a,d214930e0c0b74291139302c0000003c4507636c08287000033090004e41392e08010000ffffffff
3153,5616,51838,1.233254507,2.079728293,-0.413551328,-0.443030878,1.775390063,-1.605450285,2.079225234,dab22038634e3bccbbbf002d20d0000000000000e21d000000000000ffffffff285ab123736d7b47,d1140313db0c7a360139412d0000003cd20214780a203000073090004e423d2c04030000ffffffff
3154,5617,51839,1.231845759,2.095135796,-0.413551328,-0.394304784,1.797204012,-1.680334733,2.082755178,b8b2013a634e3bcc10be002d20d0000000000000e21d000000000000ffffffff20650424136e49a5,6919ac15bd0830215e3a612d0000003c4450f12f081ca0000c0c90007b431e160c000000ffffffff
3155,5618,51840,1.225133491,2.084244837,-0.374830243,-0.444481060,1.681984076,-1.665130490,2.148092455,16b2ad388450a7cc66f5be2c20d0000000000000db24000000000000ffffffff835bf11af5655012,ae149f07930946313639c7290000003ce01a316a081ca0000c0c90006942242010010000ffffffff
3156,5619,51841,1.214277847,2.091612251,-0.402538909,-0.389788504,1.819946897,-1.702643762,2.082571380,10b19339fe4e7dc551bad25020d0300300000000c33c000000000000ffffffff5f6f7d00b2668761,d619721883079db9be3a622c0000003c00fb973b081cc0000a0c90008d391e1407000000ffffffff
3157,5620,51842,1.301578767,2.015759927,-0.348045198,-0.399566870,1.744510992,-1.731062908,2.209119836,4bb95330fd51153dff39370035e8300339d0600363552e1105030000ffffffff8168af017f656b58,ea183f0ff30563b97c3a772f0000003c1128205e081cc0000a0c90009b2f210f04000000ffffffff
3158,5621,51843,1.304106226,2.005926032,-0.361970579,-0.405284728,1.764659265,-1.695681072,2.181515703,88b9202f395112423c22fe4c33d8500338e8400381441f1006050000ffffffff2e09cb00f663002e,6018b411e50770c1663a812e0000003c0f20601f081ca0000c0c9000803d1c1a0c000000ffffffff
3159,5622,51844,1.297974030,2.017617796,-0.330993711,-0.421319591,1.775710385,-1.728576232,2.228839756,f4b88d30ed52a4427d93d28c30ac900227980000b243080101000000ffffffff0d095d06a85b0f7e,dd160d13160609a9883a4d2e0000003c36902054081cc0000a0c90009b2f210f05000000ffffffff
3160,5623,51845,1.172719792,2.041513841,-0.329146466,-0.477130858,1.717892208,-1.518771892,2.059598694,25ad77330753bf49278ec7ff30ac9002269c0000fd02000000000000ffffffff41073a0160584fb2,9a11000c9f11a3415639872e0000003cff16406403289000081cc0006b65160e0a010000ffffffff
3161,5624,51846,1.324905970,2.075948490,-0.324173116,-0.454839498,1.666416412,-1.645094993,2.253895530,7ebbaa374d53b44ba4964dc9309c000000000000ff00000000000000ffffffff55100601b461dc2b,b413b905ad0a9c2b46393c2a0000003c2fab006008287000033090004c41362b10020000ffffffff
3162,5625,51847,1.300211453,2.005477581,-0.346340049,-0.464244960,1.752583114,-1.535254996,2.142610743,2ab9122f15529546d9b4bdca30ac90022798a0026b6a1b0903030000ffffffff55100601b461b54e,d1123b10b7103b4d2c39672e0000003c6edaf02d0a0c80000724c0006259241708010000ffffffff
3163,5626,51848,1.151132806,2.051603994,-0.346340049,-0.476426484,1.854894061,-1.316143385,1.904773622,1cabb23415529546e1b5bdca30ac90022798a0026b6a1b0903030000ffffffff0e115703ce60d762,ab11b51cc31c419ba6396a350000003cbf9e883b0324a000113ce000cf230b0101000000ffffffff
3164,5627,51849,1.169073622,2.050931317,-0.347476815,-0.471288698,1.805852715,-1.301223334,1.913239265,cdac9d3405523547a695cedd2bc090022798a00271621d0904020000ffffffffa00d7c008063181e,2712ba16951d975a623905320000003c0dbe101f0324a000113ce000cc250c0201010000ffffffff
3165,5628,51850,1.299589947,2.013709864,-0.340656220,-0.464990768,1.812483387,-1.266978264,2.003075066,1bb91330655256442d4e58802bc090022798a002706c190603000000ffffffffd6088f020c5cf01c,bf128917771f6747703972320000003ccc128022032410010e28f000d615060504030000ffffffff
3166,5629,51851,1.295115101,1.999455521,-0.328507036,-0.459894416,1.836571625,-1.302786387,2.013904125,afb8562e1053c849bf99a6c130ac900200000000fe01000000000000ffffffff1d0d04072261577e,3a13791a7f1d71adc13949350000003cdc67812b0324a000113ce000d0210a0201010000ffffffff
3167,5630,51852,1.191116379,2.048016384,-0.338595832,-0.458692837,1.823886861,-1.192946390,1.871368314,e1ae4234825203464f2a77fe30ac90022798a0028861110302000000ffffffff130bd40549632f6c,5713ed188923d3468a391a330000003c420f7021033810010f24a000b91e140b07010000ffffffff
3168,5631,51853,1.201391950,2.046542901,-0.334617152,-0.471040096,1.692074229,-1.398345763,2.013503302,d9af1434ba524143644bb2b330ac9002279800007c69150302000000ffffffffa609bb051d617f6d,2d12da083e182840993946300000003c666bf01803289000081c10018b4d230301000000ffffffff
3169,5632,51854,1.193851007,2.044909257,-0.331633142,-0.473899025,1.682272366,-1.424349281,2.026554772,23afe133e452c945556342b530ac9002269c0000d425050100000000ffffffffd70b05066664f766,e811a807d0164b3d933905300000003c1187d01503289000081c10018a4d230301000000ffffffff
3170,5633,51855,1.204250879,2.047311675,-0.336535444,-0.456123944,1.906369857,-1.182289210,1.868691677,1eb02c349f52ed4080afa1b12bc090022798a002854a250604000000ffffffffac0af6007365ac27,9513fc221f2457443f3997330000003c753ea0270344e0000f24a000c913110c05010000ffffffff
3171,5634,51856,1.298927007,2.018674860,-0.334830295,-0.338742119,2.176305470,-0.869820707,1.730035351,0bb9ae30b75218409967d48c2bc090022798a0027371140503000000ffffffffb5569d02bf598f7b,a61ee7434d35c34a3b3880360000003c0f93a87a033c40000e44d000dd100f0101000000ffffffff
3172,5635,51857,1.330168057,2.080529099,-0.413480280,-0.134846616,2.322148220,-0.768790645,1.526726317,fdbb3938644e4c4c12ea7a5c31c8b00334000000f906000000000000ffffffff9c550a031a584f72,df31b055db3ab4452e37b5370000003c226ad2360310f0000d3810018a72030000000000ffffffff
3173,5636,51858,1.329795153,2.079760325,-0.417530008,-0.260183722,2.272274035,-0.773266661,1.640622723,f4bb21382b4ec04c51fe9b4831c8b00334000000fd02000000000000ffffffff8a55b5053b586758,0e269b4f9c3a3027f937ae370000003c1db3326c0310f0000e44d000965a0e0101000000ffffffff
3174,5637,51859,1.327972068,2.080016583,-0.418240487,-0.494035829,1.801688525,-1.325947990,2.054534545,c8bb2938214ea14c079e1e6e31c8b00333d00000fd02000000000000ffffffff9c550a031a58d8f6,02103816391cb1b2623986350000003c7348d20e0324a000113ce000c7270f0100000000ffffffff
3175,5638,51860,1.327309128,2.081970549,-0.417530008,-0.457035487,1.854765932,-1.312590992,2.009139569,b8bb66382b4ec04c52fd9b4831c8b00334000000fd02000000000000ffffffff3e549302065a58ec,7f13b11cf51c119fbb3981350000003c6d6762350324a000113ce000d0220a0201010000ffffffff
3176,5639,51861,1.326231851,2.082098678,-0.424279556,-0.474976303,1.839550622,-1.309251742,2.021473755,9ebb6a38cc4d444c6ecf955431c8b00334000000fa05000000000000ffffffff5168bf02a2558f53,ce11d61a241d042057394a350000003c46e046250324a000113ce000d0210a0201010000ffffffff
3177,5640,51862,1.299921417,1.923667262,-0.359554952,-0.459894416,1.836571625,-1.302786387,1.998555217,23b918255b51014dbc32ce4b37e0600333000000fb04000000000000ffffffff9b1a6212216be98f,3a13791a7f1d08dc44393b350000003c3664812b0324a000113ce000d0210a0201010000ffffffff
3178,5641,51863,1.168452115,2.087768383,-0.372627759,-0.446842784,1.854189352,-1.360477252,1.907769220,beac1b39a3507cc6aaeda2e2269c300229a80000f307040000000000ffffffff2e689602d656af5f,75149f1c531a6da7bb39ab350000003c99e641740324a0001120f000c025190101000000ffffffff
3179,5642,51864,1.300294321,1.937985669,-0.360123335,-0.495941782,1.822285250,-1.359908869,2.058985633,2cb9d7265351b14c13bdbd5737e0600333000000f708000000000000ffffffff4d6687029755c35b,d40fbb185b1a819980399a350000003c3add32690324a0001120f000c127160100000000ffffffff
3180,5643,51865,1.300750092,1.912135658,-0.363462584,-0.471288698,1.805852715,-1.301223334,2.007688412,37b9b0232451124d9d61e94137e0600333000000fb04000000000000ffffffffb7055e01d358cb45,2712ba16951d1fc242397a350000003c05bc101f0324a000113ce000cc250c0201010000ffffffff
3181,5644,51866,1.325278874,2.068933431,-0.320904914,-0.458775705,1.816391319,-1.394864418,2.097621814,87bbcf367b535e4b89438293309c000000000000ff00000000000000fffffffff90a8103f75ab762,551303186f180dba9b3903360000003c3d65b0670324a0000844f000b726200100000000ffffffff
3182,5645,51867,1.159212388,2.044236581,-0.332983051,-0.483884560,1.841184266,-1.354367136,1.945308014,dfabcc33d1526d4aaa793edb30ac900227980000fe01000000000000ffffffffbe0af3042c5b5f69,f710091ba91aa5a08f3992350000003c419513720324a0001120f000c525140100000000ffffffff
3183,5646,51868,1.166919067,2.043692033,-0.332627812,-0.457035487,1.854765932,-1.312590992,1.906108417,99acbb33d652354a64096eec30ac9002269c0000fd02000000000000ffffffff790a8b02a65b0769,7f13b11cf51cb7642d39ce310000003ca36662350324a000113ce000d0220a0201010000ffffffff
3184,5647,51869,1.147735238,2.044909257,-0.331988381,-0.444356758,1.883883230,-1.289997771,1.865065227,caaae133df52164ac1fd0ac630ac900226000000fe01000000000000ffffffff6d0f9105d45fc771,b1143e20331ec34a2a3968320000003cf8aeb06c0324a0001138f000d41b070403020000ffffffff
3185,5648,51870,1.179142024,2.049265641,-0.343995470,-0.518771780,1.858481671,-1.304562583,1.960101781,c0ad69343652d04784e99cef30ac90022798a0028e5b0f0402010000ffffffff790a8b02a65bb017,ad0d251d661d40e283393f350000003c2e6a62300324a000113c8000d3210a0101000000ffffffff
3186,5649,51871,1.295612306,1.995515557,-0.331988381,-0.474976303,1.839550622,-1.309251742,2.028386738,bbb8db2ddf52164ad8fc0ac630ac900226000000fe01000000000000ffffffffaf05c202d1588345,ce11d61a241dcda8ad394a350000003cd9e346250324a000113ce000d0210a0201010000ffffffff
3187,5650,51872,1.324615934,2.070022527,-0.320904914,-0.477462328,1.703445671,-1.483958439,2.175903985,77bbf1367b534e4b4c0b60a2309c000000000000ff00000000000000ffffffff4e07b502c15c6c33,92113d0a89138e4172392d2f0000003cfe02d02003289000081cc0006f65180c08000000ffffffff
3188,5651,51873,1.294576463,2.003491582,-0.325380930,-0.254465864,2.259076756,-0.714367982,1.617456904,a2b8d42e3c534f49d5b2a18c30ac900226000000fe01000000000000ffffffff4e07b502c15c8820,9826ff4dd93d3755023811380000003ce209b12b0310f0000e44d0008d5c120201000000ffffffff
3189,5652,51874,1.183078231,2.035139427,-0.325380930,-0.235074867,2.283581413,-0.711099780,1.490523620,1faeb0323c534f4973b3a18c30ac900226000000fe01000000000000ffffffff41073a016058edbc,6c28fc50073ee94bce3712380000003cdd3425370310f0000d381001896f060101000000ffffffff
3190,5653,51875,1.324491633,2.067652142,-0.324173116,-0.262711181,2.234700228,-0.728577555,1.646408450,74bba7364d53b44b54964dc9309c000000000000ff00000000000000ffffffff57079002a357a4d8,d125064b113d64451838f6370000003c773a70270310f0000e44d0009450170201000000ffffffff
3191,5654,51876,1.323952994,2.068901399,-0.324244164,-0.263539856,2.230664167,-0.760549093,1.654286170,67bbce364c53054cc3d3eadb309c000000000000ff00000000000000ffffffff040662003358f0f7,bd25884a4f3b16331538a2370000003ccb4a80620310f0000e44d000984c180201000000ffffffff
3192,5655,51877,1.325361742,2.067684174,-0.321331201,-0.430725053,2.089434059,-0.911809994,1.852830023,89bba8367553c84b796ef6c03000000000000000ff00000000000000ffffffffda0588028257b01c,fa154f39fe32a00d9b38f8350000003ca51a4466033c10010e109000c01e0f0d05000000ffffffff
3193,5656,51878,1.324367332,2.069317818,-0.320975962,-0.250405356,2.241394964,-0.780939830,1.649571557,71bbdb367a53044c7a5ba3df309c000000000000ff00000000000000ffffffff26523c046c5b7744,fa26d74b303a701801387d370000003c2f9353640310f0000e44d0009951120101000000ffffffff
3194,5657,51879,1.324905970,2.079472035,-0.434297304,-0.158505290,2.298444368,-0.797422934,1.542827947,7ebb18383f4dc44b9343506631c8b00333d00000f608000000000000ffffffff59521f039c5ad2c8,a42fcc524839f0434b3774370000003c7f1212750310f0000d3810019465050000000000ffffffff
3195,5658,51880,1.325776079,2.082643226,-0.432947395,-0.067268163,2.367537891,-0.814900709,1.472285830,93bb7b38524d1f4cfa17a15b31c8b00334cc0000f906000000000000ffffffff14525c03195968e8,3e38395b5238d6458d3672370000003c9e4eda7c0310f0000d44e000a35a010000000000ffffffff
3196,5659,51881,1.326439019,2.082899484,-0.433373682,-0.211001856,2.215833244,-0.971490200,1.634308788,a3bb83384c4d8a4c86d7a10b31c8b00334cc0000fc02000000000000ffffffff3e549302065a1836,b12ab948b62f1431ac371f360000003c5e5bc26b0310f00011389000e812040000000000ffffffff
3197,5660,51882,1.312558712,1.888976355,-0.424279556,-0.126725600,2.364911249,-0.847440630,1.573886479,54badd20cc4d444c33cc955431c8b00334000000fa05000000000000ffffffffd4099902945ac18e,a332e75a8836cf3ada3641370000003c1a1335780310f0000d44e000ae4f010000000000ffffffff
3198,5661,51883,1.323165753,2.076493038,-0.330354280,-0.197701621,2.247769378,-0.882609323,1.627070615,54bbbb37f6529d4a0fb3fbc430ac900227000000fe01000000000000ffffffff0d096a029e593994,f22b9e4c9934a7638637ae360000003cb315b3320310f0001138d000c139040000000000ffffffff
3199,5662,51884,1.323704392,2.076364909,-0.328435988,-0.425918738,2.175056213,-0.711455019,1.793773856,61bbb7371153174b013b1cc530ac700229000000ff00000000000000fffffffff9055f029f59ef6a,6e16c043023edf5e8f3883370000003cbd24b9370310f0000e44d000b723160e01000000ffffffff
3200,5663,51885,1.324243030,2.074667200,-0.321757489,-0.336794733,2.181014208,-0.837636025,1.742551808,6ebb82376f53e94a94ac829130ac700200000000ff00000000000000ffffffffef06ee0103592186,d51e7a4412374b563738c5360000003c40e2497e0310f0000e44d000d218130101000000ffffffff
3201,5664,51886,1.324450199,2.075468006,-0.323604733,-0.206858481,2.258948627,-0.922893461,1.654605207,73bb9b3755534e4b9665398c30ac700200000000ff00000000000000ffffffffb0079002ff595186,152bfb4d62322d4f89376a360000003c9cfaa2780310f0001138d000ce2c040000000000ffffffff
3202,5665,51887,1.323745825,2.075500038,-0.325523025,-0.407024946,2.172813957,-0.700300505,1.773554516,62bb9c373a53cd4aaf15788230ac700200000000ff00000000000000ffffffff4e07b502c15c499c,36187a439f3ec75b8238ab370000003ca78d363e0310f0000e44d0009c3a1a0e01000000ffffffff
3203,5666,51888,1.322709981,2.074442975,-0.325380930,-0.485790512,2.128993865,-0.647867182,1.837837647,49bb7b373c534f4972b4a18c30ac900226000000fe01000000000000ffffffff3114430b566fd9b3,c910223e8141b346c338d5370000003cc5ee82770310f0000e44d00095341d1901000000ffffffff
3204,5667,51889,1.228779661,2.055383797,-0.358418186,-0.528094375,2.079311874,-0.697103351,1.789381618,6eb228356b51c5c8f63f61a5269c90022ba800008f6d020000000000ffffffff4f190606e773374a,cc0c1338cc3e48410a3965370000003ce869002a0338f0000444d000863f1c1c03000000ffffffff
3205,5668,51890,1.241044052,2.051668058,-0.370212131,-0.199524706,2.264714429,-0.904705208,1.551228530,96b3b434c550a0caf5fb549e279890022aa00000ca34000000000000ffffffff790a8b02a65b098e,c62baf4e62333357773785360000003cda11943a0310f0001138d000c338040000000000ffffffff
3206,5669,51891,1.322627114,2.076557102,-0.331988381,-0.202632238,2.229062555,-0.887085338,1.630278085,47bbbd37df52164a12ff0ac630ac900226000000fe01000000000000ffffffff5008b702075b3986,7b2b564a5a34ef55ad37a1360000003c48da302b0310f0001138d000c238040000000000ffffffff
3207,5670,51892,1.323248620,2.075532071,-0.327157126,-0.225420802,2.210932312,-0.942218480,1.671828542,56bb9d372353494ad869278030ac900227000000ff00000000000000ffffffff040662003358598d,552920485231ef3fc5373b360000003c204370660310f00011389000e812040000000000ffffffff
3208,5671,51893,1.325568911,2.075468006,-0.321331201,-0.367207108,2.195684970,-0.769430076,1.755202373,8ebb9b377553c84bd96df6c03000000000000000ff00000000000000ffffffffb7055e01d358076c,f71b4446d23af9847b338c3b0000003c8b812a3d0310f0000e44d000c81f140301000000ffffffff
3209,5672,51894,1.324988838,2.074923458,-0.320904914,-0.399608304,2.221791239,-0.764030438,1.786663280,80bb8a377b535e4bf3408293309c000000000000ff00000000000000ffffffff6f06ac02a45a6995,e91873491e3bc18f0733633b0000003c203d3d2f0310f0000e44d000ed09080100000000ffffffff
3210,5673,51895,1.323704392,2.074603136,-0.322965302,-0.520967769,2.040648971,-0.765522444,1.897320503,61bb80375e53624a8bf4c28a30ac000000000000ff00000000000000ffffffff31080102c65869a3,780d5c33093be6c00c2c873b0000003c8b58b0660338f0000444d000755e180d08000000ffffffff
3211,5674,51896,1.324284464,2.076204747,-0.326304552,-0.535055246,2.111183944,-0.831881148,1.927167713,6fbbb2372f53814bf16e9dc830ac700200000000ff00000000000000ffffffffd6088f020c5c0986,240cf63b6337319ee82d823b0000003c9d3ce153033810010f100000ea13020000000000ffffffff
3212,5675,51897,1.322751415,2.075532071,-0.328507036,-0.503648460,2.110287042,-0.685380454,1.861263831,4abb9d371053c849e599a6c130ac900200000000fe01000000000000ffffffffd806b9028b5b0197,1a0fda3b713f80e68029323b0000003c6904c2300310f0000e44d0009f2b1d1801000000ffffffff
3213,5676,51898,1.323290054,2.074571104,-0.324102068,-0.478083834,2.135272182,-0.672733934,1.835804097,57bb7f374e53ed499ec0028930ac900200000000ff00000000000000ffffffff8e18a40379730c44,8311e63e23401810a2270d3b0000003cad20b3360310f0000e44d000a12b1d1501000000ffffffff
3214,5677,51899,1.240463980,2.049297673,-0.368435935,-0.462256140,2.076364909,-0.896250512,1.782856323,88b36a34de5012caeb934598279890022aa00000e41b010000000000ffffffff8e0ef406e168c75e,0113b737d933319fa62ec03b0000003ca5d83263033ce00011100000cb170f0a04000000ffffffff
3215,5678,51900,1.212869100,2.050066447,-0.344279661,-0.494740203,2.126623480,-0.895184794,1.795908399,eeb0823432528bc0c087a1ad299cb00226c0a002833f231603000000ffffffff1821a41cf560e9c7,f10fd83de8336993332f9b3b0000003cb91cc3560338f00011100000fe01000000000000ffffffff
3216,5679,51901,1.341520906,1.977032959,-0.385771614,-0.516658659,2.142991950,-0.704208137,1.892557926,0fbd9a2bea4fccbcc7666cc82398000000000000f708000000000000ffffffffab23121ecd6102c6,e00dd73f683eb0e3e62a253b0000003c6f4493240310e0000f44d000c319121101000000ffffffff
3217,5680,51902,1.340360761,1.974982896,-0.397352415,-0.386308069,2.172461603,-0.662076754,1.757971007,f3bc5a2b474f1ac1d4aa7dcc2398000000000000f906000000000000fffffffffb12fa04b36fa54f,2a1a6f43b9407f5477380c380000003c5b9aa33a0310f0000e44d0007669180701010000ffffffff
3218,5681,51903,1.228738227,2.049489866,-0.355434176,-0.382869067,2.172493635,-0.687227698,1.649998467,6db2703495517ac8ee57e2a3279890022ba80003b13b120000000000ffffffff621e401626674183,7d1a7043573f3b587338dc370000003c71da533b0310f0000e44d0007866180701010000ffffffff
3219,5682,51904,1.194513947,2.089562188,-0.379661497,-0.562360090,2.027259498,-0.626481775,1.775220621,33af53394050f3c4b8a1a5dc268c700200000000b748000000000000fffffffff12e68037c5448c9,9109ba31ae422c28373913380000003cc4f5506b0e1030000f44d000843a251803000000ffffffff
3220,5683,51905,1.327806333,2.077101650,-0.435007783,-0.521879312,2.327369473,-0.891277162,1.921497519,c4bbce37354dca4df69b6fe32f00000000000000ff00000000000000fffffffff111bf09c6676983,620d53561f3495a89a301a3b0000003c362897670300000000000000ff00000000000000ffffffff
3221,5684,51906,1.211501786,2.054166572,-0.351100256,-0.413157142,1.961305134,-1.006587844,1.754367081,cdb00235d25132bc9f7685fb27a460022ba800037c52280802000000ffffffffe8214116fa671f7e,a217af29c82db81fff385d350000003c9e65616c0344f0000e1090009c28221901000000ffffffff
3222,5685,51907,1.195425489,2.091035671,-0.390887060,-0.542761924,2.079119680,-0.595789098,1.750263500,49af8139a24f75c5e5cd99db268c700200000000c13e000000000000fffffffff02ea9032255ff39,6a0b0d385e44d82c07391c380000003c298a31700e1030000f44d00060532e1c02000000ffffffff
3223,5686,51908,1.327516297,2.077357908,-0.435434070,-0.280237659,2.234988518,-0.844243476,1.666386907,bdbbd6372f4d9d4dfdf7ffa22f00000000000000ff00000000000000ffffffff9f10e6081569d19a,2a240f4bb53633431138e1360000003ca5ae157d0310f0000e44d000b52f180101000000ffffffff
3224,5687,51909,1.214112112,2.052629025,-0.349253012,-0.275555645,2.224642107,-0.862289634,1.584899083,0cb1d234ec511dc19f9791b227a460022ba8000372532f0901010000ffffffff190978058a5f0761,9b24cc49b7357e371338c5360000003c3e53b6770310f0000e44d000b72d180101000000ffffffff
3225,5688,51910,1.188423185,2.043243581,-0.330141136,-0.357221574,2.192577844,-0.722538486,1.601653559,a0aead33f95275479c8321f230ac9002269c0000f00d010000000000ffffffff6f2ef2040056b026,e81ce345663ded4c5d38b8370000003c6326a57d0310f0000e44d000885b170401000000ffffffff
3226,5689,51911,1.327309128,2.078639197,-0.433871017,-0.551918784,2.296106016,-0.745913233,1.917331402,b8bbfe37454d574dc11fffed2fb4000000000000ff00000000000000ffffffffd4099902945af995,8d0a83521d3cfcd92f2dd23a0000003c2d0845230300000000000000ff00000000000000ffffffff
3227,5690,51912,1.322295644,2.067940432,-0.330354280,-0.518937516,2.310584584,-0.736890155,1.901127862,3fbbb036f6529d4a0db3fbc430ac900227000000fe01000000000000ffffffffcf2e14044f56e139,a90d47549c3c5f79ff32d73a0000003c40a166260300000000000000ff00000000000000ffffffff
3228,5691,51913,1.327060526,2.077870423,-0.435434070,-0.469838517,2.346396619,-0.801330567,1.853330174,b2bbe6372f4d4a4df1ef7fa22fb4000000000000ff00000000000000ffffffffa71b161c536682b9,4a12a558113971a5e3310d3b0000003c72d44e700300000000000000ff00000000000000ffffffff
3229,5692,51914,1.344255534,1.919439007,-0.374119764,-0.566917803,2.197863162,-0.826481510,1.983616566,51bd94248e5038c7131b11d42398700200000000c936000000000000ffffffffdf073505df5c8758,23098846af37dda0b12e4a3b0000003c882481560338100100000000ff00000000000000ffffffff
3230,5693,51915,1.323372922,2.073642169,-0.326801887,-0.426167340,2.273267035,-0.758630801,1.813068511,59bb623728531f49ddd9e1b030ac900226000000fd02000000000000ffffffff6e08e005e8593022,6816ba4f6a3b8194a6323a3b0000003c05dd4d2e0310f0000e440000ff00000000000000ffffffff
3231,5694,51916,1.322834283,2.071560074,-0.327370270,-0.503399858,2.055095507,-0.833586297,1.895166717,4cbb21372053b34adb06f8fb30ac900227980000ff00000000000000ffffffff31080102c658e5a7,200f1f354b37cdb3432da63b0000003c99a8e0630338f0001110000081501a0d07000000ffffffff
3232,5695,51917,1.323704392,2.067876367,-0.326304552,-0.544377840,2.103079790,-0.762467385,1.918647577,61bbae362f53814bd36e9dc830ac700200000000ff00000000000000ffffffff0d096a029e597999,430bf93a343b3db3d22c693b0000003c9aa40014033810010f100000eb12010000000000ffffffff
3233,5696,51918,1.322958584,2.067940432,-0.328435988,-0.436194309,1.958614426,-1.069536251,1.912014821,4fbbb0361153174bef3a1cc530ac700229000000ff00000000000000fffffffff9055f029f593f4e,76155b29522a57521e3962340000003ccd5a00220344e0000f244000a7221b1a00000000ffffffff
3234,5697,51919,1.325030272,2.070246752,-0.321757489,-0.432340970,1.995515557,-1.146552135,1.942736380,81bbf8366f53e94a46af829130ac700200000000ff00000000000000ffffffffe90595030d599f48,d315db2d1626454ef03812340000003c05afd06c0344e0000f24a000cd130f0d02000000ffffffff
3235,5698,51920,1.324243030,2.070567075,-0.321544345,-0.399111099,1.894485899,-1.465272850,2.075829697,6ebb02377253294bfb4610a830ac700200000000ff00000000000000ffffffff62060404db575820,f518892190140045cd38ee300000003c2467a27303289000081c10019a43190802000000ffffffff
3236,5699,51921,1.323787259,2.070182688,-0.322325871,-0.350675041,2.078094649,-1.101720933,1.846982202,63bbf6366753ce4b354b74ed30ac700200000000ff00000000000000ffffffff9724dd00e868ac2d,861ded378d285b557138da340000003cbf2ee275033c10010e109000ec07060401010000ffffffff
3237,5700,51922,1.310487024,2.001441519,-0.399554899,-0.371557653,2.059419858,-1.051703237,1.804974581,22ba942e284fda35a30998c027a060022da8f0029f440f0704020000ffffffff6f06ac02a45a4546,8e1ba6354d2b714a823818350000003cc2be8173033c10010e109000e60a090501000000ffffffff
3238,5701,51923,1.325113139,2.071207719,-0.322965302,-0.440461985,1.815878803,-1.516285216,2.146266711,83bb16375e53624ae3f6c28a30ac000000000000ff00000000000000ffffffffef0516039e59e750,0f15f317c211a041fd38412f0000003cf472517003289000081cc000795b150f07000000ffffffff
3239,5702,51924,1.324615934,2.070663171,-0.321686441,-0.426167340,1.962426262,-1.038559383,1.894957550,77bb05377053e14a0c57c0a130ac700200000000ff00000000000000ffffffffd90ca200685da424,6816d229062cd352fa38d9340000003c887a501d0344e0000f244000a2231d1c00000000ffffffff
3240,5703,51925,1.297725428,1.999231296,-0.337459066,-0.294615171,2.100228921,-1.251134590,1.838627767,eeb84f2e925262499c280bc930ac900227980000f00d010000000000ffffffff3808dd022558decc,cf22a03a5620a83a2c38f1330000003ce1fe33780324a000113c8000ee0d030000000000ffffffff
3241,5704,51926,1.323538657,2.068901399,-0.326304552,-0.427617522,1.990838851,-1.244171900,1.978666771,5dbbce362f53ce4bd65f2ddc309cb00200000000ff00000000000000ffffffff820826049a58b02a,4516492db8204743d53845330000003c1507c16d032410010e3ca000e30b060604020000ffffffff
3242,5705,51927,1.323124319,2.069926430,-0.327086078,-0.203543780,2.038534843,-1.549961904,1.956304220,53bbee362453854bde636ce930ac700200000000ff00000000000000ffffffff4c1de926186eb3bb,652b1a33e80fc549c23711310000003cef2ab479032880000724c0007b42221a06000000ffffffff
3243,5706,51928,1.349476187,1.938017701,-0.379874641,-0.147152441,2.056985409,-1.634722005,1.956704493,cfbdd8263d50e1cc01d713b82398e00100000000f00f000000000000ffffffff460674037c5a4b53,b6305a353f0be3443f3763300000003ceb1e1377080c70000a3090005d452e2906010000ffffffff
3244,5707,51929,1.324533067,2.071399913,-0.322681111,-0.100663769,2.076076619,-1.704775198,1.985293922,75bb1c3762536c4ac166a0a130ac700200000000ff00000000000000ffffffffec261f01f56c602a,1835ae376507a036cf36a22f0000003c2ccbb16d080ca00007309000614c272408000000ffffffff
3245,5708,51930,1.312102940,2.010891028,-0.411633036,-0.133396435,2.129057929,-1.489642268,1.807079346,49babb2f7e4eafc3070e7d8827a060022dbca002c126150200000000ffffffff29093d03ea58f5c3,0232243e3913ce3f0d3736320000003cfd9a727403288000091cc000b52c0e0d04000000ffffffff
3246,5709,51931,1.323000018,2.069029528,-0.328507036,-0.194469788,2.279833642,-0.759483375,1.591506705,50bbd23610536f4bef075edc30ac700200000000ff00000000000000ffffffffb0077103f357c824,402c87505e3be4389537b0370000003cbd8e247a0310f0000d3810019366050000000000ffffffff
3247,5710,51932,1.323580090,2.069510011,-0.325096738,-0.191403690,2.224033495,-1.061792034,1.691677665,5ebbe1364053db4bce1f8be6309cb00200000000ff00000000000000fffffffff50618058c58c424,8a2cb949bf2aef688c3795350000003c5f3945360310f0000944e000f805010100000000ffffffff
3248,5711,51933,1.323414355,2.070823333,-0.323817877,-0.170852548,2.214936341,-1.006516796,1.649145219,5abb0a375253684bec3eb5f630ac700200000000ff00000000000000ffffffff4c065004d959034e,7a2e9d48c92d1b4e7037f7350000003cbb0273780310f00011389000e911040000000000ffffffff
3249,5712,51934,1.323952994,2.071271784,-0.322610063,-0.136421099,2.263945655,-1.193727916,1.711333406,67bb18376353b84aa686d0aa30ac700200000000ff00000000000000ffffffff5918060c4369418a,b931974e7e23df47eb3618350000003c0abf5172032440000a3c8000fb03010000000000ffffffff
3250,5713,51935,1.217841150,2.058939375,-0.367867552,-0.144169211,2.261383077,-0.963603887,1.500319118,66b19735e65016be78b693ef269c90022aacc0028872030200000000ffffffff69610a0ffe751181,fe30474e253013552f374c360000003cad62f47b0310f00011389000e319020000000000ffffffff
3251,5714,51936,1.161574112,2.080977550,-0.383142843,-0.164264581,2.245302897,-1.140299923,1.535622970,18ac47380f50a8cc47fef81d34cc000200000000e41b000000000000ffffffffd0795004d959f631,192f514c6e268f49413739350000003c6562d67e031090000f44a000fb03010000000000ffffffff
3252,5715,51937,1.323952994,2.071271784,-0.322610063,-0.267351761,2.220285724,-0.719838667,1.646889961,67bb18376353b84aa67adf2a39e8300300000000ff00000000000000ffffffff337a95030d596037,612544498c3dd6442038fe370000003cb74a62750310f0000e44d0009350180201000000ffffffff
3253,5716,51938,1.324243030,2.070567075,-0.321544345,-0.170935416,2.276181968,-0.826552558,1.591499094,6ebb02377253294bfbba1f2839cc000000000000ff00000000000000ffffffff277918058c583b5b,782e1550ae37ac3f4f372c370000003cd2dea1720310f0001138d000a455050000000000ffffffff
3254,5717,51939,1.323414355,2.070823333,-0.323817877,-0.193268209,2.268109845,-0.804314577,1.603160955,5abb0a375253684becc2ba7639e8300300000000ff00000000000000ffffffffd86bb50c5c6bc0e1,5d2c194fe738443f8d3749370000003cbdbe42760310f0000d3810019663050000000000ffffffff
3255,5718,51940,1.100832229,2.086326933,-0.357778755,-0.250695392,2.224770236,-0.785628989,1.424376805,5ea6ee38745145c54422fe6f34cc500336e800029a60040000000000ffffffffec6b430b566f29a3,f326d049ee390033073861370000003cd6ae52730310f0000e44d0009c4a160201000000ffffffff
3256,5719,51941,1.095238672,2.084725321,-0.358418186,-0.188337592,2.241971545,-0.872591574,1.391642438,d7a5bc386b51c5c88ec26e2534cc50033ad800008f6d020000000000ffffffff4514b50c5c6ba997,d42ce94b26355f568337cb360000003c2dd2b2370310f0001138d000c13a040000000000ffffffff
3257,5720,51942,1.222274562,2.056953376,-0.357778755,-0.312265951,2.197735033,-0.700300505,1.578592794,d1b15935745145c568dff1ef269c90022aac30029a60040000000000ffffffff861ac426286a42ca,252184469f3e93503938fb370000003c28b6957e0310f0000e44d0007c65170401010000ffffffff
3258,5721,51943,1.348688945,1.965277130,-0.373977668,-0.226290911,2.273299067,-0.694687724,1.636549419,bcbd2b2a905006cc34d341ad2398e00100000000fb04000000000000ffffffffb115fb0a2269e981,4029bb4fee3e623bca3724380000003cfeb1d2770310f0000d3810018277050101000000ffffffff
3259,5722,51944,1.215065089,2.057241666,-0.360620670,-0.156682204,2.274388163,-0.859518767,1.475717638,23b162354c513ec07a96b6f3279890022aacc0028d620e0201000000ffffffff250d24058a5d0776,d02fdd4fde35e1393337f3360000003cf922b2710310f0001138d000bf3c040000000000ffffffff
3260,5723,51945,1.172761226,2.047055417,-0.338453736,-0.212410604,2.251709343,-0.787689377,1.470509057,26ad243484520b49b525ecee30ac9002269c0000ec11020000000000ffffffffba790404db573760,8f2a194dd1395a31c33764370000003cea0e94760310f0000e3410019564060000000000ffffffff
3261,5724,51946,1.323787259,2.070182688,-0.322325871,-0.222396138,2.187580816,-1.063994518,1.718876901,63bbf6366753ce4b31b77b6d39e8300300000000ff00000000000000ffffffff4962e000f170c759,9e294745a02aa358d4377c350000003c404222350310f0000944e000f804010100000000ffffffff
3262,5725,51947,1.309244011,2.022006212,-0.379235210,-0.203460913,2.205454801,-1.197209262,1.729453995,04ba1631465060c8da86270433d0b00336d42003f20c000000000000ffffffff965c94001271eb55,672b75474d23c635a537d1340000003c6503f26b032440000a3c1001f905010100000000ffffffff
3263,5726,51948,1.311440000,2.019027214,-0.398560229,-0.161239917,2.122363193,-1.472946020,1.825861247,39bab930364fbac71447e50933d0b00336c81003e616030000000000ffffffffbc2c9c02bd541018,622f533d2414a83e4c375d320000003c02f3227503289000081cc000b62c0e0b04000000ffffffff
3264,5727,51949,1.329256515,2.077550101,-0.425629465,-0.243775955,2.182359562,-0.940371235,1.658425538,e7bbdc37b94db44d4a2b32ca2f00000000000000ff00000000000000ffffffff47778f020c5cf8f9,9a27a4446c319f57fa370d360000003cdfce737a0310f00011389000e512070100000000ffffffff
3265,5728,51950,1.322751415,2.075532071,-0.328507036,-0.233334649,2.212565956,-0.852840268,1.647758315,4abb9d371053c849e565a94139e8500300000000fe01000000000000ffffffff48769902945a40f1,962853483c364d45e337cb360000003ca97e277e0310f0000e44d000b832130101000000ffffffff
3266,5729,51951,1.323165753,2.076493038,-0.330354280,0.209716482,2.232586101,-1.222573349,1.435335915,54bbbb37f6529d4a0f4ff44439e8500333000000fe01000000000000ffffffff382e9102505348e0,5b52c44ae8212c30a63499340000003cb57edb7b032440000a203001f904020000000000ffffffff
3267,5730,51952,1.328510707,2.076621166,-0.431384342,0.280609635,2.220061498,-1.076072655,1.238666544,d5bbbf37684d1d4eb2133adf2f00000000000000ff00000000000000ffffffff0b5b45189968480f,0a593d49f62970331d3468350000003c2d9a1c3a034c400009506001f007070000000000ffffffff
3268,5731,51953,1.205576759,2.092316960,-0.404244058,-0.147276742,2.385347812,-0.165025902,1.404743750,3eb0a939e64ee2c608da825b34803003000000009b64000000000000ffffffff512e2101cc53adc0,b330655d0d5c12391f37143a0000003c504e857d043430001038f000936a020100000000ffffffff
3269,5732,51954,1.328925045,2.075051587,-0.431668533,-0.198488862,2.371830210,-0.175754129,1.576883945,dfbb8e37644d0a4e6616f9c02f00000000000000ff00000000000000ffffffffac54f0065a618cc5,df2bbf5b765b003682370e3a0000003cbd11d43b043430001038f000a05e010000000000ffffffff
3270,5733,51955,1.246803344,2.070214720,-0.426979374,-0.121132044,2.394925449,-0.164528567,1.430232397,21b4f736a64d44482cb2413331c8b00333d060036b69220701000000ffffffffbd2d7802e354b983,2a33905e145c8d3ff636123a0000003cd021b53d043430001038f0009e5d040000000000ffffffff
3271,5734,51956,1.328427840,2.083251838,-0.430034432,-0.026373048,2.377916334,-0.555433911,1.392134203,d3bb8e387b4db04d63b126872f00000000000000ff00000000000000ffffffff4d2dbc0537555812,193c7d5c9646af3f5636ab380000003ca226f97d040cd0000f384001af48070000000000ffffffff
3272,5735,51957,1.327723466,2.078959519,-0.428755571,-0.024301360,2.418341010,-0.352023878,1.396079754,c2bb08388d4d804d1b93d9f72fb4000000000000ff00000000000000ffffffff002b45048c565023,4b3c6b61c551603f4a366f390000003c0c5ae87f043430000f40e000be241e0000000000ffffffff
3273,5736,51958,1.328800743,2.079375938,-0.419093061,-0.357097272,2.206736090,-0.576321983,1.697996956,dcbb1538154e244d98f2d0df2fb4000000000000fe01000000000000ffffffff802b99056856b421,eb1c9d47704588473f3881380000003c05f7047a040cf0000e3410019e4c0d0502010000ffffffff
3274,5737,51959,1.328013502,2.079407971,-0.421437641,-0.324737511,2.215576986,-0.626410727,1.670970340,c9bb1638f44d254d62fe71ed2fb4000000000000ff00000000000000fffffffff02c85030754001f,f81fb148af42283c2e385f380000003ce8422273040cf0000e44d000786a150501010000ffffffff
3275,5738,51960,1.328593575,2.077902456,-0.426339944,-0.054755170,2.395694223,-0.463995311,1.419881432,d7bbe737af4ddf4d750b63e12f00000000000000ff00000000000000ffffffff3f2d2302e453a355,6c39a85e9d4b354186360c390000003ca2d5163f040cd0000f384001bd330f0000000000ffffffff
3276,5739,51961,1.328925045,2.083187774,-0.427334614,-0.054672302,2.395373901,-0.459235104,1.418738678,dfbb8c38a14df34d4a78d1d02f00000000000000ff00000000000000ffffffffcc77b702075bc8f9,6e399e5ee04b913a863610390000003cae5e367d040cd0000f384001bd330f0000000000ffffffff
3277,5740,51962,1.323248620,2.075532071,-0.327157126,-0.064160632,2.374617015,-0.573764260,1.440545492,56bb9d372353494ad895280039e8500333000000ff00000000000000ffffffffbc2c9c02bd54376b,8938165c9445e53c9c369c380000003c53e6367f040cd0000f381001ab4d050100000000ffffffff
3278,5741,51963,1.328510707,2.082931516,-0.425629465,-0.101865348,2.359914220,-0.574616835,1.464545088,d5bb8438b94db44d8b2832ca2f00000000000000ff00000000000000ffffffff512e2101cc53398f,fb344b5a8845de3ce3369c380000003c2916957d040cd0000f381001ac4c040200000000ffffffff
3279,5742,51964,1.329256515,2.083700290,-0.431668533,-0.012989946,2.383778233,-0.517494352,1.378056023,e7bb9c38644d0a4e7616f9c02f00000000000000ff00000000000000ffffffffa4758b02a65bf8f1,5c3d345dac48273e3a36d2380000003c706eb97e040cd0000f384001bc350e0000000000ffffffff
3280,5743,51965,1.322627114,2.076557102,-0.331988381,-0.017506225,2.392587096,-0.480904703,1.384921801,47bbbd37df52164a1203054639e8500334000000fe01000000000000ffffffff6d789002ff59a0f9,ef3c475eaf4a563e4536fa380000003c414ab87f040cd0000f384001bc340e0000000000ffffffff
3281,5744,51966,1.323745825,2.075500038,-0.325523025,-0.019412177,2.396559093,-0.460158727,1.387544273,62bb9c373a53cd4aafe9770239e8300300000000ff00000000000000ffffffffce78b502c15cb8e3,c13cc35ed34b543d49360e390000003c6c6a277f040cd0000f384001bc340f0000000000ffffffff
3282,5745,51967,1.322709981,2.074442975,-0.325380930,-0.022146805,2.401043605,-0.438631224,1.388572424,49bb7b373c534f497248ae0c39e8500334000000fe01000000000000ffffffff4479b9028b5b00e9,7f3c4f5f024d2b3a493621390000003c9a6a787e040cd0000f384001bd30120000000000ffffffff
3283,5746,51968,1.323290054,2.074571104,-0.324102068,-0.100373733,2.361387703,-0.560833549,1.471436079,57bb7f374e53ed499e3c0d0939e8500300000000ff00000000000000ffffffffec770102c65898dc,1f35795a4a46283adf36aa380000003c7a22c47a040cd0000f381001ae4a050200000000ffffffff
3284,5747,51969,1.324284464,2.076204747,-0.326304552,-0.009302342,2.370292663,-0.631455125,1.399306379,6fbbb2372f53814bf192924839e8300300000000ff00000000000000ffffffffb2557f00f35e9645,b53d8f5b6842904142365f380000003ced59e83f040cd0000f50e0009e5e030000000000ffffffff
3285,5748,51970,1.312061507,1.957941749,-0.416748482,-0.029149110,2.371734114,-0.680336055,1.428127602,48ba4629364e8c48500a680031c8b00333d00000b840050101000000ffffffff87583601195b6840,d63bbc5bb83fa33c663631380000003c2bcad77f040cd0000f501001906d010000000000ffffffff
3286,5749,51971,1.310859928,1.927062678,-0.407228068,-0.097680539,2.404855441,-0.167583625,1.506552896,2bba8225bc4e124bbcd45c4c31c8b00334cc0000ec11010000000000ffffffff5f515201e85c9446,6035c65fe95bce3dc8360f3a0000003ce7b1143d04343000103ce000a258040000000000ffffffff
3287,5750,51972,1.313635989,1.941317021,-0.435363022,-0.160411242,2.385572038,-0.144350974,1.566801128,6eba3f27304daa498e65f14d31c8b00333d00000eb14010000000000ffffffff48689c018163f353,762f6c5d305d6a3c4537273a0000003c5536947b043400010338f0008b73010100000000ffffffff
3288,5751,51973,1.303816190,2.000128198,-0.362965249,-0.328673717,2.251100731,-0.547760742,1.661974694,81b96b2e2b512b45d7526e0c36cc800335e870035b54341206050000ffffffffc764cf007963275e,991f064d024719441a38af380000003c7d9a2277040cf0000e341001ac41090503000000ffffffff
3289,5752,51974,1.305349239,1.995323363,-0.370354227,-0.317362302,2.257763435,-0.520620458,1.650650622,a6b9d52dc35006462e76670036cc800337d05003584e4d0503030000ffffffff6e68b901c8616b50,aa20d64d804845471838d0380000003c37bed133040cf0000e341001b03e090504000000ffffffff
3290,5753,51975,1.303318985,1.995835879,-0.361899531,-0.338742119,2.176305470,-0.869820707,1.728270194,75b9e52d3a51fe4605ab8e0e38d8300337d4a00373452b0d0a050000ffffffffa8657600215df760,a61ee7434d3589947132c43b0000003c1d91a87a033c40000e44d000dd100f0101000000ffffffff
3291,5754,51976,1.303401852,1.975367283,-0.366943930,-0.462256140,2.076364909,-0.896250512,1.846053662,77b9662bf350404a533e880038dc600333d05003975c070400000000ffffffff1f5e6d02dd651b57,0113b737d933b00fd23833360000003c25da3263033ce00011100000cb170f0a04000000ffffffff
3292,5755,51977,1.308788240,1.993337365,-0.386979427,-0.261343867,2.030879140,-1.431880355,1.886409862,f9b9972dd94f8a42dee0984733ec600332e040039c2f1f0907050000ffffffff9f600a02ba64b94c,f2252b3266165184c0397d3a0000003cddd1f77e03289000081c1001b22f120903000000ffffffff
3293,5756,51978,1.307503794,1.993433462,-0.380087784,-0.322624389,2.033858138,-1.480690237,1.967302164,dab99a2d3a506444c918f34933d880033bd020037b53171204040000ffffffff2f60ae015e660f54,2b208832b71321929539593a0000003ca610fb7203288000091cc000a335120e07000000ffffffff
3294,5757,51979,1.308042433,1.997950006,-0.380229880,-0.378187053,1.923731326,-1.471454015,2.009887659,e7b9272e385034410b19854433d8b00338d02003a434150907030000ffffffff2b61c90132636b53,ee1a1a253914d02aa4380e310000003c53d7f05f03289000081c10019b42160903000000ffffffff
3295,5758,51980,1.306882287,1.989845852,-0.378240540,-0.328010777,2.097730407,-1.107262667,1.793317504,cbb92a2d5450024650f9010b36cc80033bdc20035b59360d04040000ffffffffd3515a03b257301c,a91f523a3f285f574638eb340000003c5e161339033c10010e109000f504030101010000ffffffff
3296,5759,51981,1.326190417,2.077421972,-0.433871017,-0.343921339,1.893364771,-1.600547982,2.045552608,9dbbd837454ded4c704f920a31c8000000000000fe01000000000000ffffffff0f088c030c5f5752,291e6621200d08468638ac2e0000003cc22a1170080ca0000724c0004c433e2c04030000ffffffff
3297,5760,51982,1.189541896,2.038662972,-0.327583413,-0.346780268,1.867706954,-1.651489301,2.035249014,bbae1e331d531348c3a790eb30ac9002269c0000f806000000000000ffffffff9b07c803f45fdb51,e41d451e530ad63c8338612d0000003c1257a066081ca000033090006c372c2609010000ffffffff
3298,5761,51983,1.192815163,2.039463778,-0.326872935,-0.376115366,2.067139626,-1.234935677,1.812977358,0aaf373327531847ce6be0e930ac9002269c0000f509010000000000ffffffffc2616401665e2757,201b97363a21ef568238dd330000003c0987b276032410010f28e000ec0a030202020000ffffffff
3299,5762,51984,1.305432106,1.972708608,-0.376322248,-0.423929918,1.925012615,-1.278488018,1.951120446,a8b9132b6f50ad496d35120a38dc600333ec4003a53c110b02000000ffffffff98693501f45cd74e,9e164225d51eeb420c39a3320000003c016710690324a0001138f000da18070302010000ffffffff
3300,5763,51985,1.301744502,1.983087051,-0.358347138,-0.246759186,2.096320989,-1.348967498,1.841742189,4fb9572c6c511a4a3b376e0d38dc600333d440038c68070400000000ffffffff936e51013c63f350,5227263af51a5047163818330000003c6f77a2710324a000081c1001d914110200000000ffffffff
3301,5764,51986,1.301122996,2.007559676,-0.348968820,-0.396293604,2.022582792,-1.234722534,1.914682336,40b9532ff051f444a8c8124b3ad4900333d840037335311807060000ffffffffce6b9001af669f55,391928313d214b4cb43887330000003cf79e9172032410010e3ca000eb09040303020000ffffffff
3302,5765,51987,1.303070382,2.012684833,-0.356002559,-0.365549758,2.047055417,-1.275006672,1.905267191,6fb9f32f8d51313ea9dc034933d4a00336d080036e65140f06030000ffffffffd0635b0046676f5a,1f1c2434061fcf527c3869330000003c79d2337b0324a000113c8000e711050101000000ffffffff
3303,5766,51988,1.306633685,2.005733838,-0.370993658,-0.276218585,1.913769302,-1.759624149,2.107646418,c5b91a2fba50203d8b5de74033d8400338d4b003ac350d0a04030000ffffffffee675200806b8b5a,8b24e32361041f3d22382a2c0000003c99b273790830700003289000b327170707000000ffffffff
3304,5767,51989,1.305805010,2.017617796,-0.365025637,-0.353119632,1.846405520,-1.746054007,2.165313827,b1b98d300e51e6c2e721184033d0500336e88003d315110600000000ffffffffc32c3c045754781f,4b1dac1b200527437938a42b0000003cfa8aa06a083070000a0c9000b12a180704000000ffffffff
3305,5768,51990,1.328344972,2.078479036,-0.425771561,-0.278456007,1.919406975,-1.770139232,2.101056340,d1bbf937b74dc44d364793e82fb4000000000000ff00000000000000fffffffff058f41c31671bb5,55249324cd0397571938d82a0000003ca12523360830700003289000b627150706000000ffffffff
3306,5769,51991,1.231762892,1.864471698,-0.414759142,-0.333189996,1.873088368,-1.760121484,2.063771213,b6b2e01d524e76c7fece305720d0300300000000d02f000000000000ffffffff585aec244e6bd3b9,2c1fed1e5a0490464638562a0000003c49e6a174083070000a0c9000b22b170605000000ffffffff
