local_index,pac_vertex_index,runtime_vertex_index,pac_x,pac_y,pac_z,runtime_x,runtime_y,runtime_z,delta_len,pac_raw40_hex,runtime_raw40_hex
0,450,46672,-0.028485332,0.972498680,-1.064740373,-0.162123374,0.910296227,-0.842272088,0.266871522,373c3d3963491157aff45a530200000000000000ff00000000000000fffffeff0b4f041e8367a819,942ade2acc54af5c2d3c4b399f49de56750dc9be020c0000000000008877000000000000fffffdff
1,451,46673,-0.028692523,0.972819921,-1.055524809,-0.172719702,0.906052460,-0.830923996,0.275040446,303c5039dc49dc5683f38c270210300000000000e813040000000000ffffffff6c50b01ed165414d,2e29e32961557351303c5039dc49dc56bd8f30a4020c0000000000008877000000000000fffffdff
2,452,46674,-0.028633326,0.972650847,-1.058723600,-0.157298789,0.906221535,-0.804572053,0.292507545,323c4639b249fa56aa310c460210300000000000e813040000000000ffffffff304f6021b565c423,372bed29bb5672c22d3c5339b249cb56fe931922020c0000000000008877000000000000fffffdff
3,453,46675,-0.028722122,0.972583217,-1.065806637,-0.162123374,0.910296227,-0.842272088,0.267662582,2f3c42395549f256707882330210300000000000e813040000000000ffffffff9f4e051cf466514a,942ade2acc54e77d313c52399f49de56a50dc9be020c0000000000008877000000000000fffffdff
4,454,46676,-0.028722122,0.972786106,-1.056819558,-0.155049289,0.907946093,-0.845775525,0.254366594,2f3c4e39cb49e056c9b168400210300000000000e813040000000000ffffffffb34f3e26f864be34,832b532a9e541e462e3c4b398949e05683cc4fa6020c0000000000008877000000000000fffffdff
5,455,46677,-0.028692523,0.972431050,-1.071290278,-0.131222352,0.984063365,-0.971975439,0.143217016,303c39390d49fe56169cc1280210300000000000e813040000000000ffffffff454ea82d97628f67,a82ee93b254e481a373c2b3941481e577ca09ccb020c0000000000008877000000000000fffffcff
6,456,46678,-0.028485332,0.972194346,-1.086827262,-0.157979559,0.924650639,-0.880429092,0.248252620,373c2b3941481e5790bc654d0210300000000000e813040000000000ffffffff304f6021b56598ed,202b2f2ed7523f552f3c42395549f256bc0c8bb8020c0000000000008877000000000000fffffdff
7,457,46679,-0.028514931,0.972786106,-1.065806637,-0.157979559,0.924650639,-0.880429092,0.231177306,363c4e395549f256ac7882330210300000000000e813040000000000ffffffffa250c0206c660810,202b2f2ed752b775363c4e395549f256f50c8bb8020c0000000000008877000000000000fffffdff
8,458,46680,-0.028574128,0.972718476,-1.058114306,-0.178165859,0.919274075,-0.871061205,0.245403449,343c4a39ba49f156ee261d2b0210300000000000e813040000000000ffffffff974e88205b65d350,7628f12c52537759343c4a39ba49f1564fabe0a8020c0000000000008877000000000000fffffdff
9,459,46681,-0.028692523,0.972600124,-1.067710679,-0.161353808,0.895045720,-0.839301782,0.275289532,303c43393c49f6562d2021540210300000000000e813040000000000fffffffff14e5e250e648f5e,ae2a5827f354301d2f3c4e39cb49e056d12559c0020c0000000000008877000000000000fffffdff
10,460,46682,-0.028603727,0.972431050,-1.074946039,-0.148211994,0.918834481,-0.886065057,0.229901620,333c3939dd480a574e40124f0210300000000000e813040000000000ffffffffb34f3e26f86460e3,6a2cd72c8d52c632303c43393c49f6563cd0cf99020c0000000000008877000000000000fffffdff
11,461,46683,-0.028396536,0.972701569,-1.071290278,-0.159104309,0.950704996,-0.907390329,0.210787960,3a3c49390d49fe56a19cc1280210300000000000e813040000000000ffffffff0f4f432b9c64353a,fa2a34347551ef4a303c39390d49fe564ebc8bb0020c0000000000008877000000000000fffffcff
12,462,46684,-0.028662924,0.972278883,-1.078449477,-0.154486914,0.979058765,-0.921556403,0.201228924,313c3039af480157088411250210300000000000e813040000000000ffffffffe351922448645f52,962bc13abb50cd49313c3039af4801573dd4cbae020c0000000000008877000000000000fffffcff
13,463,46685,-0.028485332,0.972498680,-1.064740373,-0.182487266,0.951956146,-0.904953155,0.222868899,373c3d396349115753714d4d0210300000000000e813040000000000ffffffff07522c2ee962c75c,e4277e3495513765393c43396d490357a17e61a7020c0000000000008877000000000000fffffdff
14,464,46686,-0.028337339,0.972278883,-1.074641392,-0.167569531,0.904277180,-0.881876164,0.247322195,3c3c3039e148265700d1dc510210300000000000e813040000000000ffffffffeb52652eb1643029,dc297a29c452201a323c4639b249fa56c52d66c2020c0000000000008877000000000000fffffdff
15,465,46687,-0.028278142,0.972431050,-1.067482194,-0.154486914,0.979058765,-0.921556403,0.193046412,3e3c39393f491357cd69bf220210300000000000e813040000000000ffffffff0f4f432b9c6430e2,962bc13abb50c98a3e3c4739af480157fbd4cbae020c0000000000008877000000000000fffffcff
16,466,46688,-0.028278142,0.972667754,-1.078449477,-0.159104309,0.950704996,-0.907390329,0.216469583,3e3c4739af480157cd8411250210300000000000e813040000000000ffffffffbe5136277b652008,fa2a34347551398c3a3c49390d49fe56d9bc8bb0020c0000000000008877000000000000fffffcff
17,467,46689,-0.028426135,0.972600124,-1.063978756,-0.142588245,0.942099112,-0.925364487,0.182146135,393c43396d49035711dacb260210300000000000e813040000000000ffffffff1360f123fe62a77b,282d373289500428333c3939dd480a57383cefd2020c0000000000008877000000000000fffffcff
18,468,46690,-0.028722122,0.972786106,-1.056819558,-0.169789432,0.932343522,-0.924907517,0.197323022,2f3c4e39cb49e0563bd248000210300000000000da13120000000000ffffffffc65f3d26e762800e,9129f62f8f50b81b373c3d39634911577dcd24c8020c0000000000008877000000000000fffffcff
19,469,46691,-0.028662924,0.972853736,-1.060170672,-0.191899646,0.987292685,-0.939530561,0.203491393,313c52399f49de563069353d0210300000000000da13120000000000ffffffffc65f3d26e762e83b,a626a83ccf4f243b3e3c39393f491357761220dc020c0000000000008877000000000000fffffcff
20,470,46692,-0.028781319,0.972735384,-1.060170672,-0.167303143,0.980715693,-0.972584733,0.164083143,2d3c4b399f49de567069353d0210300000000000da13120000000000ffffffffc760392630646801,e529233b1d4e38173c3c3039e148265730b9b5ca020c0000000000008877000000000000fffffcff
21,471,46693,-0.028781319,0.972870643,-1.058723600,0.172282516,0.905883386,-0.831533290,0.310691801,2d3c5339b249cb562a9e59a40210300000000000da13120000000000fffffffff9605f26fd62b829,b656d9295955382f303c5039dc49dc56be7bff23020c0000000000008877000000000000fffffdff
22,472,46694,-0.028692523,0.972819921,-1.055524809,0.161449399,0.910177875,-0.842652896,0.292219828,303c5039dc49dc56a42bdf6d0210300000000000da13120000000000ffffffff2a5f9125e262394f,4855d72ac75478242d3c4b399f49de567501c73e020c0000000000008877000000000000fffffdff
23,473,46695,-0.028751720,0.972735384,-1.061846229,0.161449399,0.910177875,-0.842652896,0.296876447,2e3c4b398949e05672a880200210300000000000da13120000000000ffffffff035df8262d612b5c,4855d72ac7543802313c52399f49de56a701c73e020c0000000000008877000000000000fffffdff
24,474,46696,-0.028692523,0.972600124,-1.067710679,0.156979998,0.906035553,-0.805257508,0.328308992,303c43393c49f6563f3031150210300000000000da13120000000000ffffffffe65d332840617242,b154e229b256e3bc2d3c5339b249cb56fe7f16a2020c0000000000008877000000000000fffffdff
25,475,46697,-0.028722122,0.972583217,-1.065806637,0.154197722,0.907844649,-0.846080172,0.293138996,2f3c42395549f256ab70f4340210300000000000da13120000000000ffffffff635c2b2c41604f44,53544d2a9a54a1392e3c4b398949e0567c348026020c0000000000008877000000000000fffffdff
26,476,46698,-0.028692523,0.972431050,-1.071290278,0.166451576,0.904209550,-0.882028488,0.280277394,303c39390d49fe565dd825310210300000000000da13120000000000ffffffff36575431d95dc988,f1557629c252a767323c4639b249fa56c7b95942020c0000000000008877000000000000fffffdff
27,477,46699,-0.028485332,0.972194346,-1.086827262,0.157009597,0.924583009,-0.880657577,0.281391448,373c2b3941481e570511e4470210300000000000da13120000000000ffffffff945e70254561777b,b2542b2ed452400a363c4e395549f256f808a538020c0000000000008877000000000000fffffdff
28,478,46700,-0.028633326,0.972650847,-1.058723600,0.157009597,0.924583009,-0.880657577,0.261689358,323c4639b249fa563ff2c9420210300000000000da13120000000000ffffffff9d5f20288f617827,b2542b2ed4523c2b2f3c42395549f256bd08a538020c0000000000008877000000000000fffffdff
29,479,46701,-0.028574128,0.972718476,-1.058114306,0.160443044,0.894961183,-0.839606429,0.299197896,343c4a39ba49f1563ea3ce710210300000000000da13120000000000ffffffffe65d33284061e015,26555327ef541f662f3c4e39cb49e056cabd6640020c0000000000008877000000000000fffffdff
30,480,46702,-0.028514931,0.972786106,-1.065806637,0.177462285,0.919155722,-0.871442013,0.288236775,363c4e395549f2569970f4340210300000000000da13120000000000ffffffff645a512acb5fd99c,6557ea2c4d534827343c4a39ba49f156515f9f28020c0000000000008877000000000000fffffdff
31,481,46703,-0.028603727,0.972431050,-1.074946039,0.147064441,0.918800666,-0.886217381,0.263351532,333c3939dd480a575598a10e0210300000000000da13120000000000ffffffff635c2b2c41608812,6253d52c8b521d4d303c43393c49f6563c2ce019020c0000000000008877000000000000fffffdff
32,482,46704,-0.028396536,0.972701569,-1.071290278,0.158134347,0.950637366,-0.907694976,0.249086375,3a3c49390d49fe56a8d825310210300000000000da13120000000000fffffffff25a9330cb5f7a3e,d85430347151ae34303c39390d49fe565160f430020c0000000000008877000000000000fffffdff
33,483,46705,-0.028662924,0.972278883,-1.078449477,0.130015601,0.984046458,-0.972127763,0.191367858,313c3039af4801573cd8a52e0210300000000000da13120000000000ffffffff51749f47176bb4c6,2251e83b234ec765373c2b3941481e577c58934b020c0000000000008877000000000000fffffcff
34,484,46706,-0.029136503,0.971568771,-1.021023565,0.153516953,0.978974227,-0.922470343,0.207677306,213c0639a14b2c56cce5902e020c400000000000954b1e0000000000fffffffff55cf0336c5eb35f,3c54bc3aaf50a0f53e3c4739af480157fc40542f020c0000000000008877000000000000fffffcff
35,485,46707,-0.028278142,0.972431050,-1.067482194,0.166037195,0.980698786,-0.973041703,0.216207797,3e3c39393f49135793e28e5e0210300000000000da13120000000000ffffffff06742747686cc779,e355223b174e97693c3c3039e1482657332d8a4a020c0000000000008877000000000000fffffcff
36,486,46708,-0.029195701,0.971450419,-1.022089829,0.158134347,0.950637366,-0.907694976,0.220481093,1f3cff38934b195631b5f69f020c400000000000954b1e0000000000fffffffff25a9330cb5f980f,d8543034715140f43a3c49390d49fe56dc60f430020c0000000000008877000000000000fffffdff
37,487,46709,-0.028278142,0.972667754,-1.078449477,0.141351895,0.942082204,-0.925440649,0.230481076,3e3c4739af480157b6d8b52e0210300000000000da13120000000000ffffffff935cb229535fe779,a152363288506f57333c3939dd480a5738b81053020c0000000000008877000000000000fffffcff
38,488,46710,-0.028485332,0.972498680,-1.064740373,0.153516953,0.978974227,-0.922470343,0.231100684,373c3d3963491157004a5a480210300000000000da13120000000000ffffffff40742549a8697acf,3c54bc3aaf50ac35313c3039af4801574140542f020c0000000000008877000000000000fffffcff
39,489,46711,-0.029106905,0.971720938,-1.020947403,0.191107277,0.987174333,-0.941510765,0.234613028,223c0f39a24b4156413a712e020c400000000000954b1e0000000000ffffffff51749f47176ba1ac,3259a13cb54f20473e3c39393f49135781e28f5b020c0000000000008877000000000000fffffdff
40,490,46712,-0.029284497,0.971534956,-1.021023565,0.168582681,0.932309707,-0.924983679,0.223413742,1c3c0439a14b2c5651e7902e020c400000000000954b1e0000000000ffffffff285e692dd55f8830,3956f42f8e501f66373c3d3963491157861d0b48020c0000000000008877000000000000fffffcff
41,491,46713,-0.028426135,0.972600124,-1.063978756,0.181842890,0.951820887,-0.905790934,0.263947394,393c43396d490357c2722f2b0210300000000000da13120000000000ffffffff8959db31985d6f7b,f95776348a51b01b393c43396d490357aa964e27020c0000000000008877000000000000fffffdff
42,492,46714,-0.028337339,0.972278883,-1.074641392,-0.083509279,0.848685534,-1.012645780,0.148871471,3c3c3039e1482657af61394c0210300000000000da13120000000000ffffffffae747048426b9989,f434a21c0f4c4034303c43393c49f6563ad86f9a0308000000000000aa55000000000000fffffbff
43,493,46715,-0.029254898,0.971551863,-1.018967200,-0.106862638,0.833823898,-0.960855833,0.168430652,1d3c0539bc4b2956d001fa3d020c400000000000954b1e0000000000ffffffffa87300477b6974dc,df313319b74e8351303c5039dc49dc56b597a0a30308000000000000aa55000000000000fffffbff
44,494,46716,-0.029166102,0.971720938,-1.023993871,-0.093040054,0.854214265,-1.007542947,0.134752858,203c0f397a4b4456b1f62207020c400000000000954b1e0000000000ffffffff0f7462460a6b21c3,b233e91d524c03542f3c42395549f256b3e02ab80308000000000000aa55000000000000fffffbff
45,495,46717,-0.029166102,0.971585678,-1.022394475,-0.091412127,0.832944712,-0.935646315,0.174988938,203c07398f4b2d5640e2714b020c400000000000954b1e0000000000ffffffff40742549a86917b8,e933ff180250adc02d3c5339b249cb56ffb3d9200308000000000000aa55000000000000fffffbff
46,496,46718,-0.029343694,0.971670215,-1.020947403,-0.095733534,0.823290566,-0.968472002,0.170815102,1a3c0c39a24b4156573b712e020c400000000000954b1e0000000000ffffffffcd6f9a4e7b6548ee,5733c416534e581d2f3c4e39cb49e056c23169c00308000000000000aa55000000000000fffffbff
47,497,46719,-0.029195701,0.972194346,-1.035722771,-0.068769136,0.914641437,-1.094443431,0.091249712,1f3c2b39e04a7b56976a9946020c400000000000954b1e0000000000fffffffff47460462a6b0ac2,e636df2bdd47181c373c2b3941481e5770c06ccc0308000000000000aa55000000000000fffffaff
48,498,46720,-0.029225299,0.971568771,-1.017367804,-0.112782374,0.848364292,-0.998936676,0.150002782,1e3c0639d14b2b56a1012e0b020c400000000000954b1e0000000000ffffffff0c753548516964cb,17318f1cc34c4359343c4a39ba49f15645ab20a80308000000000000aa55000000000000fffffbff
49,499,46721,-0.029254898,0.971720938,-1.016301541,-0.089636206,0.836461458,-0.974564937,0.153892733,1d3c0f39df4b465611da8e50020c400000000000954b1e0000000000ffffffff3a73e34c0e6890d7,2534cf19034e88462e3c4b398949e05685cc8fa60308000000000000aa55000000000000fffffbff
50,500,46722,-0.029077306,0.971906920,-1.024603164,-0.096562297,0.838625610,-0.971366146,0.158594803,233c1a39724b5756d3d6a12b020c400000000000954b1e0000000000ffffffffc274414ab3692995,3b334f1a2d4ec75a2d3c4b399f49de5662f168be0308000000000000aa55000000000000fffffbff
51,501,46723,-0.029314095,0.971687123,-1.018205583,-0.096562297,0.838625610,-0.971366146,0.156274181,1b3c0d39c64b405644624a3b020c400000000000954b1e0000000000ffffffff3a73e34c0e68d5c2,3b334f1a2d4e177e313c52399f49de56a8f168be0308000000000000aa55000000000000fffffbff
52,502,46724,-0.029432490,0.971856197,-1.024603164,-0.094756778,0.880708215,-1.033133273,0.112463238,173c1739724b575692dba12b020c400000000000954b1e0000000000ffffffff3972214a6067b0e9,78330824024b774a303c39390d49fe564b8c5bb00308000000000000aa55000000000000fffffbff
53,503,46725,-0.029166102,0.971957642,-1.028258925,-0.093040054,0.854214265,-1.007542947,0.135545329,203c1d39424b6256f0dad344020c400000000000954b1e0000000000ffffffff2772b95063672cda,b233e91d524c6f76363c4e395549f256fce02ab80308000000000000aa55000000000000fffffbff
54,504,46726,-0.029018109,0.972042179,-1.028944380,-0.090672160,0.909061984,-1.046613892,0.089888479,253c2239394b6056146b232f020c400000000000954b1e0000000000ffffffff89716753e86470e0,0234952a514a9f49313c3039af4801573cb8bbae0308000000000000aa55000000000000fffffbff
55,505,46727,-0.029314095,0.972228161,-1.026354883,-0.102452434,0.833857713,-1.008913857,0.157479481,1b3c2d395b4b8156a96a9d52020c400000000000954b1e0000000000ffffffff787956591f69c9c4,74323519404c401a323c4639b249fa56b43da6c20308000000000000aa55000000000000fffffbff
56,506,46728,-0.024252721,0.970182361,-0.999241323,-0.117754952,0.881621217,-1.031305393,0.132717173,c63cb438bf4c505632b6902c020c4000000000007b60230000000000ffffffff2b740d4d0767c0d7,6f303e241a4b0765393c43396d490357a07a61a60308000000000000aa55000000000000fffffbff
57,507,46729,-0.029284497,0.971957642,-1.017672451,-0.094756778,0.880708215,-1.033133273,0.113367166,1c3c1d39cd4b6656786e3e53020c400000000000954b1e0000000000ffffffff547978576d6916cc,78330824024b218b3a3c49390d49fe56e68c5bb00308000000000000aa55000000000000fffffbff
58,508,46730,-0.024311918,0.970148546,-0.999622131,-0.090672160,0.909061984,-1.046613892,0.101702877,c43cb238ba4c4d5600d2e304020c4000000000007b60230000000000ffffffff7774b04fdb672bb3,0234952a514a018a3e3c4739af48015706b9bbae0308000000000000aa55000000000000fffffbff
59,509,46731,-0.029373293,0.971906920,-1.017672451,-0.078743892,0.872710999,-1.049812683,0.115370192,193c1a39cd4b5956deea7c34020c400000000000954b1e0000000000ffffffff2772b9506367adc5,95352f22274ad429333c3939dd480a573254cfd30308000000000000aa55000000000000fffffaff
60,510,46732,-0.029491688,0.971974549,-1.028944380,-0.105471500,0.862701797,-1.049812683,0.134718047,153c1e39394b60568c6b232f020c400000000000954b1e0000000000ffffffff787956591f6975a9,0e32df1f274a381b373c3d396349115776dd64c80308000000000000aa55000000000000fffffbff
61,511,46733,-0.024400714,0.970097824,-0.999241323,-0.128025694,0.916991571,-1.064588050,0.133523800,c13caf38bf4c5056c8b7902c020c4000000000007b60230000000000ffffffff69797f58516aef7c,142f6a2c6549123b3e3c39393f491357751a70db0308000000000000aa55000000000000fffffbff
62,512,46734,-0.024311918,0.970064009,-0.998555868,-0.104346750,0.910938709,-1.095738179,0.139089098,c43cad38c84c405688d6069f020c4000000000007b60230000000000ffffffff4873b7541f664cd6,3432042bcc47e8163c3c3039e14826572bc9e5ca0308000000000000aa55000000000000fffffaff
63,513,46735,-0.029402891,0.972109809,-1.020566595,0.106869433,0.833823898,-0.960855833,0.203121920,183c2639a74b7056aa7e8f64020c400000000000954b1e0000000000ffffffff537a7158706936c4,144e3319b74e7c2e303c5039dc49dc56b56baf230308000000000000aa55000000000000fffffbff
64,514,46736,-0.024341517,0.970131639,-0.996499502,0.096569092,0.838625610,-0.971366146,0.180402042,c33cb138e34c4e56898c8f17020c4000000000007b60230000000000ffffffff8379125c2667a98d,b84c4f1a2d4e3c252d3c4b399f49de56620d673e0308000000000000aa55000000000000fffffbff
65,515,46737,-0.024519109,0.970249991,-0.999622131,0.096569092,0.838625610,-0.971366146,0.181068304,bd3cb838ba4c6b561a56193e020c4000000000007b60230000000000ffffffffeb784d5a4d672ec9,b84c4f1a2d4ee801313c52399f49de56a80d673e0308000000000000aa55000000000000fffffbff
66,516,46738,-0.024282320,0.970351436,-1.001373850,0.091418922,0.832944712,-0.935646315,0.191278577,c53cbe38a34c6956cbdac02a020c4000000000007b60230000000000ffffffffde793c5a3369e983,0a4cff18025054bf2d3c5339b249cb56ff4fd6a00308000000000000aa55000000000000fffffbff
67,517,46739,-0.024400714,0.970114731,-0.997870413,0.089643001,0.836461458,-0.974564937,0.177235187,c13cb038d14c4f56f0e5f83e020c4000000000007b60230000000000ffffffff4e77b85cc36520cb,ce4bcf19034e1f392e3c4b398949e0567c3080260308000000000000aa55000000000000fffffbff
68,518,46740,-0.024341517,0.970554325,-1.006019713,0.102459229,0.833857713,-1.008913857,0.186474580,c33cca38664c7a5658ff3027020c4000000000007b60230000000000ffffffffa574765c4c6300fe,7f4d3519404c8f67323c4639b249fa56bcc1a9420308000000000000aa55000000000000fffffbff
69,519,46741,-0.024519109,0.970757214,-1.011808001,0.093046849,0.854214265,-1.007542947,0.165596510,bd3cd6381a4c9a56b0d5b944020c4000000000007b60230000000000ffffffff5e7aad59076758d2,414ce91d524c9009363c4e395549f256fc1c25380308000000000000aa55000000000000fffffbff
70,520,46742,-0.024430313,0.970300713,-0.997184957,0.093046849,0.854214265,-1.007542947,0.165481827,c03cbb38da4c70569ca48f58020c4000000000007b60230000000000ffffffffeb784d5a4d67ebb2,414ce91d524cfc2b2f3c42395549f256b31c25380308000000000000aa55000000000000fffffbff
71,521,46743,-0.024519109,0.970199269,-1.001373850,0.095740329,0.823290566,-0.968472002,0.192683759,bd3cb538a34c6956c7dbc02a020c4000000000007b60230000000000ffffffffb778b9573e6728f1,9c4cc416534e7f652f3c4e39cb49e056c0cd66400308000000000000aa55000000000000fffffbff
72,522,46744,-0.024341517,0.970334528,-1.002135467,0.112759570,0.848347385,-0.998936676,0.183542375,c33cbd38994c6b56bd4eb403020c4000000000007b60230000000000ffffffff4577d259126570fb,db4e8e1cc34cbc26343c4a39ba49f15645572f280308000000000000aa55000000000000fffffbff
73,523,46745,-0.024430313,0.970537417,-1.005867390,0.083516074,0.848685534,-1.012645780,0.162930202,c03cc938684c8656ad761542020c4000000000007b60230000000000ffffffff4e77b85cc3656db8,ff4aa21c0f4cbf4b303c43393c49f6563a24601a0308000000000000aa55000000000000fffffbff
74,524,46746,-0.024667103,0.970317621,-1.006019713,0.094733974,0.880708215,-1.033133273,0.151728731,b83cbc38664c7a56e9ff3027020c4000000000007b60230000000000ffffffff4176e860ee6402c6,7a4c0824024b8835303c39390d49fe564b7054300308000000000000aa55000000000000fffffbff
75,525,46747,-0.024311918,0.970706492,-1.008685372,0.068775931,0.914641437,-1.094443431,0.138430787,c43cd338434c81568bc3c32f020c4000000000007b60230000000000ffffffffa678f15ca464c0e0,0d49df2bdd47e763373c2b3941481e57703c634c0308000000000000aa55000000000000fffffaff
76,526,46748,-0.024548708,0.970486695,-1.001678497,0.090649356,0.909061984,-1.046613892,0.138068022,bc3cc6389f4c8d5655d13e56020c4000000000007b60230000000000ffffffffb175d860a062e0e8,f04b952a514a00f63e3c4739af4801570645b42e0308000000000000aa55000000000000fffffbff
77,527,46749,-0.024637504,0.970740307,-1.008456887,0.104353545,0.910938709,-1.095738179,0.166832088,b93cd538464ca35670216e56020c4000000000007b60230000000000fffffffff4762164b6639acd,bf4d042bcc4717693c3c3039e14826572b35ea4a0308000000000000aa55000000000000fffffaff
78,528,46750,-0.024726300,0.970588140,-1.005943551,0.094733974,0.880708215,-1.033133273,0.151948803,b63ccc38674c925678116f6b020c4000000000007b60230000000000ffffffff4176e860ee6401af,7a4c0824024be0f43a3c49390d49fe56e67054300308000000000000aa55000000000000fffffbff
79,529,46751,-0.024755899,0.970435973,-1.008685372,0.078750686,0.872710999,-1.049812683,0.148173005,b53cc338434c8156bcc3c32f020c4000000000007b60230000000000ffffffff8b780761f7649da6,5e4a2f22274aeb55333c3939dd480a5734a8c0530308000000000000aa55000000000000fffffbff
80,530,46752,-0.024637504,0.970452880,-1.002059305,0.090649356,0.909061984,-1.046613892,0.138003672,b93cc4389a4c8556eb516d36020c4000000000007b60230000000000ffffffff407f0373c7673eca,f04b952a514a6036313c3039af4801573c44b42e0308000000000000aa55000000000000fffffbff
81,531,46753,-0.028514931,0.974629017,-0.977611404,0.128032489,0.916991571,-1.064588050,0.188133216,363cbb39db4d47562c1d7023020c400000000000854e2c0000000000ffffffff6b7fae75a969018f,df506a2c6549ed443e3c39393f49135775e67f5b0308000000000000aa55000000000000fffffbff
82,532,46754,-0.028662924,0.974493757,-0.973955643,0.105448696,0.862701797,-1.049812683,0.190361917,313cb3390b4e3056f621f87f020c400000000000854e2c0000000000ffffffff3c7f42747b6934c0,e44ddf1f274a0766373c3d39634911577f216b480308000000000000aa55000000000000fffffbff
83,533,46755,-0.028574128,0.974493757,-0.975555038,0.117761747,0.881621217,-1.031305393,0.182064821,343cb339f64d3256d9105063020c400000000000854e2c0000000000ffffffffee7e9075d46ac77e,844f3e241a4bf81a393c43396d490357a0866e260308000000000000aa55000000000000fffffbff
84,534,46756,-0.028633326,0.974392312,-0.974488775,-0.371001261,1.218062265,-0.989949597,0.420511457,323cad39044e20564cca66a6020c400000000000854e2c0000000000ffffffff4d7fd8726469a18f,030ff971394dad492d3c4b399f49de56c8410df80308000000000000e11e000000000000ffffffff
85,535,46757,-0.028603727,0.974510665,-0.976316655,-0.378519326,1.221612826,-0.986522321,0.428491027,333cb439ec4d33562fa9e502020c400000000000854e2c0000000000ffffffff3c7f42747b6994b8,050ecb72664d3f6f303c5039dc49dc5645bf12b80308000000000000e11e000000000000ffffffff
86,536,46758,-0.028692523,0.974493757,-0.975555038,-0.370438886,1.223117588,-0.968472002,0.422675473,303cb339f64d325611135063020c400000000000854e2c0000000000ffffffff467f8770aa67399f,160f2473534e01982d3c5339b249cb5652bb992b0308000000000000e01f000000000000ffffffff
87,537,46759,-0.028574128,0.974662831,-0.979210799,-0.371001261,1.218062265,-0.989949597,0.420255811,343cbd39c64d495666cd8601020c400000000000854e2c0000000000ffffffff407f0373c7674ac4,030ff971394daf6b313c52399f49de56d3400df80308000000000000e11e000000000000ffffffff
88,538,46760,-0.028751720,0.974645924,-0.977611404,-0.368514972,1.213767776,-0.990254244,0.415665934,2e3cbc39db4d4756dd1e7023020c400000000000854e2c0000000000ffffffffcd7f01747469bfb2,570ffb70354d5c2c2e3c4b398949e05663593f950308000000000000e11e000000000000ffffffff
89,539,46761,-0.028633326,0.974510665,-0.973879481,-0.376536214,1.207495118,-1.016910834,0.420915517,323cb4390c4e345639ba8f1a020c400000000000854e2c0000000000fffffffffa7c5e6fa56488df,480e886fd74ba017323c4639b249fa561a83e2c80308000000000000e41b000000000000fffffeff
90,540,46762,-0.028485332,0.975017888,-0.988807172,-0.362772828,1.216523688,-1.019119523,0.413511814,373cd239484d6a56c3aded4b020c400000000000854e2c0000000000ffffffff797e0273956664de,19109e71ba4b9f5d363c4e395549f2566bd01db30308000000000000e51a000000000000fffffeff
91,541,46763,-0.028455734,0.974764276,-0.980886357,-0.362772828,1.216523688,-1.019119523,0.414339604,383cc339b04d5456aefdd01f020c400000000000854e2c0000000000ffffffffff7fa67284678dc3,19109e71ba4b66392f3c42395549f25638d10db30308000000000000e51a000000000000fffffeff
92,542,46764,-0.028633326,0.974679739,-0.975402715,-0.377779359,1.209524010,-0.983704339,0.420860667,323cbe39f84d4e5656ee9f5c020c400000000000854e2c0000000000ffffffffaa7f1775fb67299d,1e0e00708b4da01d2f3c4e39cb49e0562f5f54860308000000000000e11e000000000000ffffffff
93,543,46765,-0.028692523,0.974645924,-0.974793422,-0.375589056,1.221511382,-1.015463762,0.427707652,303cbc39004e4656e1d1c87f020c400000000000854e2c0000000000ffffffff797e0273956648dc,680ec572ea4b376d343c4a39ba49f156004bd3b90308000000000000e51a000000000000fffffeff
94,544,46766,-0.028810918,0.974781183,-0.980886357,-0.360227341,1.209084417,-1.019576493,0.407715314,2c3cc439b04d5456cefed01f020c400000000000854e2c0000000000ffffffff7b7eaa6f0166f8d6,6f10e66fb44b7819303c43393c49f65617fdbd8c0308000000000000e51a000000000000fffffeff
95,545,46767,-0.028544530,0.974831906,-0.983323530,-0.328231168,1.219195063,-1.091320801,0.401483305,353cc739904d5c56a8d18800020c400000000000854e2c0000000000ffffffff7d7dca73616648f2,a8143c7206482006373c2b3941481e578f51f9c00308000000000000ec13000000000000fffffeff
96,546,46768,-0.028366938,0.974831906,-0.983704339,-0.353360447,1.225231017,-1.044481364,0.414746119,3b3cc7398b4d5256c20db324020c400000000000854e2c0000000000ffffffff31684e45345f754f,5711a1736d4a382f303c39390d49fe56e858bdaf0308000000000000e817000000000000fffffeff
97,547,46769,-0.028662924,0.972278883,-1.078449477,-0.340840206,1.236051776,-1.060856127,0.409072512,313c3039af48015727482425020c400000000000e914010000000000ffffffff2c6208367e5cf147,fe12217696494f5f3e3c4739af4801574630adae0308000000000000ea15000000000000fffffeff
98,548,46770,-0.025022287,0.971501141,-1.115464056,-0.365643900,1.233701642,-1.050345814,0.434755761,ac3c0239c9461657f86bf91b020c000000000000f906000000000000ffffffffbc605d35645bb766,b80f9675204a4f6a393c43396d490357954283b80308000000000000e916000000000000fffffeff
99,549,46771,-0.025022287,0.971365882,-1.120490727,-0.353360447,1.225231017,-1.044481364,0.421937055,ac3cfa388746295744016307020c000000000000f906000000000000ffffffffab672948035d6f7a,5711a1736d4ae75c3a3c49390d49fe564558bdaf0308000000000000e817000000000000fffffeff
100,550,46772,-0.028337339,0.972278883,-1.074641392,-0.348417468,1.211350013,-1.051792886,0.400160403,3c3c3039e1482657f3290b5a020c400000000000e914010000000000ffffffff0a6168377f5b4f53,fe116c700d4ac80f333c3939dd480a5710c1fc860308000000000000e916000000000000fffffeff
101,551,46773,-0.025051885,0.971365882,-1.118662847,-0.340840206,1.236051776,-1.060856127,0.416079923,ab3cfa389f46265735b52232020c000000000000f906000000000000ffffffff31684e45345f30e3,fe12217696492c2d313c3039af480157d530adae0308000000000000ea15000000000000fffffeff
102,552,46774,-0.028278142,0.972667754,-1.078449477,-0.359398578,1.247227590,-1.083019178,0.430168257,3e3c4739af4801575a482425020c400000000000e914010000000000ffffffffc26b1344675f8420,8b10b678734811433e3c39393f4913573f8fd0e90308000000000000ec13000000000000fffffeff
103,553,46775,-0.028426135,0.972600124,-1.063978756,-0.366739051,1.214241185,-1.054991677,0.415844681,393c43396d490357c7453d33020c400000000000e914010000000000ffffffffa85e53378659c779,930f1771e3499016373c3d3963491157ea2ab2cc0308000000000000e916000000000000fffffeff
104,554,46776,-0.024933491,0.971213715,-1.130467908,-0.349098237,1.228341985,-1.098936970,0.414960156,af3cf1380446425734d9a442020c000000000000f906000000000000fffffeff5c5f183ad659bc24,e7115974a247e00e3c3c3039e1482657a136e3ca0308000000000000ec13000000000000fffffeff
105,555,46777,-0.024785497,0.971365882,-1.126431339,-0.308400052,1.113641947,-0.902439820,0.388396569,b43cfa3839463c5733b8122c020c000000000000f906000000000000ffffffff5c5f183ad659bf57,4617d959b6513c2b2e3c4b398949e05662327f980308000000000000b24d000000000000ffffffff
106,556,46778,-0.024992688,0.971196807,-1.126431339,-0.300763593,1.098273088,-0.923536607,0.365190697,ad3cf03839463c57d3b8122c020c000000000000f906000000000000ffffffff3f610e3a745a301f,48184c56a150a01a303c43393c49f656e0bded8f0308000000000000b24d000000000000fffffeff
107,557,46779,-0.024844695,0.971315159,-1.112646074,-0.310649552,1.118562010,-0.904191539,0.383170125,b23cf738ee463c57a2f2fc38020c000000000000f906000000000000ffffffff0a6168377f5b1420,fa16fc5a9f51bf67313c52399f49de5644d11df30308000000000000b24d000000000000ffffffff
108,558,46780,-0.024933491,0.971467326,-1.118662847,-0.302865099,1.106963510,-0.926430751,0.364085668,af3c00399f4626575bb42232020c000000000000f906000000000000ffffffff68628c37b75b581d,01184e587b5094302f3c42395549f256023a1eb30308000000000000b24d000000000000fffffeff
109,559,46781,-0.024963089,0.971433511,-1.109447283,-0.310649552,1.118562010,-0.904191539,0.381304957,ae3cfe3818472357b7ca0d35020c000000000000f906000000000000fffffffffb69644b175e4b51,fa16fc5a9f51294b2d3c4b399f49de56a0d21df30308000000000000b24d000000000000ffffffff
110,560,46782,-0.028278142,0.972431050,-1.067482194,-0.309021624,1.133305294,-0.889720818,0.369183602,3e3c39393f49135725e67e6d020c400000000000e914010000000000ffffffffa15cbf3dec583758,3117645e5d5299a02d3c5339b249cb56c0323a390308000000000000b24d000000000000ffffffff
111,561,46783,-0.024963089,0.971010825,-1.142653778,-0.302865099,1.106963510,-0.926430751,0.377445435,ae3ce53864454857732ca326020c000000000000f906000000000000fffffeffa3601938ff593f61,01184e587b50bf56363c4e395549f256a8381eb30308000000000000b24d000000000000fffffeff
112,562,46784,-0.024874293,0.971264437,-1.115007086,-0.317812432,1.111393258,-0.894595166,0.392466883,b13cf438cf464357dfc91d50020c000000000000f906000000000000ffffffff9f5960433c569f7c,081654591d52cc252f3c4e39cb49e056ad8b548f0308000000000000b24d000000000000ffffffff
113,563,46785,-0.024755899,0.970791029,-1.159942481,-0.317871630,1.123955482,-0.902744466,0.418959425,b53cd83881446b571e3eca4b020c000000000000f906000000000000fffffeff3c62ad357d5b2759,06163b5cb2518190303c5039dc49dc5656df92f60308000000000000b24d000000000000ffffffff
114,564,46786,-0.024963089,0.971399696,-1.109599606,-0.315414939,1.113895558,-0.924831355,0.372567650,ae3cfc381647285747ae7d4a020c000000000000f906000000000000ffffffff656bd43e155e7776,5916e85990507f6b343c4a39ba49f156436fb3f80308000000000000b24d000000000000fffffeff
115,565,46787,-0.028485332,0.972498680,-1.064740373,-0.293008738,1.109043124,-0.951716431,0.318420208,373c3d396349115751ea3b4d020c400000000000e914010000000000ffffffff055b7641015878d6,4e19c9582f4fef593a3c49390d49fe5661746db20308000000000000b24d000000000000fffffeff
116,566,46788,-0.024519109,0.971264437,-1.158343085,-0.267968255,1.089413592,-0.992462933,0.317400275,bd3cf43896444b574264a123020c000000000000f906000000000000fffffeff055b764101582f48,9c1c4054184de808373c2b3941481e57aaf539810308000000000000b24d000000000000fffffeff
117,567,46789,-0.024963089,0.970875566,-1.158343085,-0.317309255,1.097376994,-0.919423876,0.398184983,ae3cdd3896444b572c64a123020c000000000000f906000000000000fffffeffb85b443b1f58718c,19161756d750681a323c4639b249fa5665ab82890308000000000000b24d000000000000fffffeff
118,568,46790,-0.024874293,0.971010825,-1.145776407,-0.279807727,1.116414766,-0.971442307,0.341358667,b13ce5383b455857d454b347020c000000000000f906000000000000fffffeff885e8c3d1e58276f,0c1b7d5a2c4ee7603e3c4739af4801576d00adb30308000000000000b24d000000000000fffffeff
119,569,46791,-0.024785497,0.971078455,-1.124374973,-0.304877809,1.116769822,-0.959408761,0.356218372,b43ce93854465957e6ed7c54020c000000000000f906000000000000fffffeff6a5d9247be57e815,bd17925aca4edf6a393c43396d490357da6a13ba0308000000000000b24d000000000000fffffeff
120,570,46792,-0.024578307,0.971027733,-1.129706291,-0.288835324,1.091155058,-0.952935018,0.339868252,bb3ce6380e4657579280b62e020c000000000000f906000000000000ffffffffa15cbf3dec58e0db,db19a7541f4f5013333c3939dd480a5791b10c890308000000000000b24d000000000000fffffeff
121,571,46793,-0.024667103,0.971298252,-1.142653778,-0.279807727,1.116414766,-0.971442307,0.339807164,b83cf63864454857362ca326020c000000000000f906000000000000fffffeffb163342c2068377e,0c1b7d5a2c4e2826313c3039af4801577601adb30308000000000000b24d000000000000fffffeff
122,572,46794,-0.024252721,0.969506064,-1.091168478,-0.293008738,1.109043124,-0.951716431,0.333387555,c63c8c38084860564dc2269b0210300000000000cc1c170000000000ffffffff185c9745c156ef6b,4e19c9582f4fe425303c39390d49fe5696756db20308000000000000b24d000000000000fffffeff
123,573,46795,-0.024637504,0.970892473,-1.135342256,-0.297951718,1.122061849,-0.994290813,0.342707381,b93cde38c4456b57cd651d57020c000000000000f906000000000000fffffeffdd638f2dd166699c,a718cb5b004db4463e3c39393f4913578cc390ea0308000000000000b24d000000000000fffffeff
124,574,46796,-0.024341517,0.969624416,-1.093072520,-0.307127309,1.093403747,-0.955524515,0.337947600,c33c9338ef4774562ee773390210300000000000cc1c170000000000ffffffff14657a2cb666a0e4,71172c55fd4e4016373c3d39634911572b33b2ca0308000000000000b24d000000000000fffffeff
125,575,46797,-0.024400714,0.969539879,-1.087284232,-0.288450542,1.097072660,-1.001145365,0.305625303,c13c8e383b4877568428ce0b0210300000000000cc1c170000000000ffffffff725f4240a558f026,e8190556a64cb00f3c3c3039e1482657f0f652c90308000000000000b24d000000000000fffffeff
126,576,46798,-0.024726300,0.971162992,-1.119424464,-0.330303075,1.117091063,-1.084466250,0.340432437,b63cee3895464e576c9a4e30020c000000000000f906000000000000ffffffffa864142ee1665f77,6214a55a604850d7933cd5387b4b355723f04c980308000000000000df20000000000000fffffdff
127,577,46799,-0.024400714,0.969489156,-1.090178376,-0.353538040,1.120117494,-1.060932289,0.363146814,c13c8b38154874560075db380210300000000000cc1c170000000000ffffffffa55d9d47c057e422,5111585b9549aa308e3cd938fe4b22574130fea20308000000000000dc23000000000000fffffdff
128,578,46800,-0.024578307,0.971027733,-1.127954573,-0.354988375,1.122484535,-1.062912493,0.369243075,bb3ce63825465757ecfdad30020c000000000000f906000000000000ffffffff63634630ac65899f,2011e45b7b491b508e3cd838064c2257e3485cb80308000000000000dc23000000000000fffffdff
129,579,46801,-0.024430313,0.969725860,-1.099165455,-0.354988375,1.122484535,-1.062912493,0.365948251,c03c99389f478356770f94350210300000000000cc1c170000000000ffffffff0762442e4565981c,2011e45b7b49f7718f3ce038064c2257c7485cb80308000000000000dc23000000000000fffffdff
130,580,46802,-0.024489511,0.969675138,-1.106705462,-0.366265472,1.124631779,-1.040901765,0.380988839,be3c96383c478856968b510d0210300000000000cc1c170000000000ffffffff2c63b52cb5662c24,a30f635c9c4a5b5b8b3cdd38264c115762d894270308000000000000db24000000000000fffffdff
131,581,46803,-0.024371116,0.969607508,-1.096880605,-0.341757765,1.108941680,-1.089112113,0.346711185,c23c9238bd477556ccf730120210300000000000cc1c170000000000ffffffff0d658a2e1e65b8ed,df12c358234880f0943cda38c04b3d57e3c264c30308000000000000de21000000000000fffffdff
132,582,46804,-0.024519109,0.969556786,-1.088502819,-0.335660437,1.124682502,-1.085989483,0.347676905,bd3c8f382b488e56cd941d4c0210300000000000cc1c170000000000ffffffff0165c630b5659990,ad13665c4c485771933ce338a74b3357cd1ccbb60308000000000000df20000000000000fffffdff
133,583,46805,-0.024519109,0.969489156,-1.091320801,-0.357326671,1.124395075,-1.064283403,0.368086590,bd3c8b3806488556dd5ced330210300000000000cc1c170000000000ffffffff5c5f7235fe62c803,d110555c6949b7728f3cdf38104c2357023794fb0308000000000000dc23000000000000fffffdff
134,584,46806,-0.024755899,0.969793490,-1.127421441,-0.359872157,1.112204815,-1.061084612,0.370114127,b53c9d382c46a55629e6e5460210300000000000cc1c170000000000ffffffff63634630ac659777,7b108459934910f38f3cdb38104c2657be06d4840308000000000000dc23000000000000fffffdff
135,585,46807,-0.024519109,0.969438434,-1.099165455,-0.343148903,1.129382769,-1.091168478,0.356610554,bd3c88389f478356b30e94350210300000000000cc1c170000000000ffffffffdd638f2dd1664774,b0127c5d08485766943ce038e04b35573fd3d2f70308000000000000df20000000000000fffffdff
136,586,46808,-0.024400714,0.969455341,-1.093072520,-0.335660437,1.124682502,-1.085989483,0.347891154,c13c8938ef477456acea73390210300000000000cc1c170000000000ffffffffa3629133d364e1a7,ad13665c4c48ed4a923cd338a74b3357a41ccbb60308000000000000df20000000000000fffffdff
137,587,46809,-0.024548708,0.969827305,-1.105563037,-0.311981492,1.133034775,-1.103125863,0.330545343,bc3c9f384b478c56cb07d52b0210300000000000cc1c170000000000ffffffff7c61de35bb64eda7,cd16545e6b47dc47963cce38254b3b577fdcf9b40308000000000000e11e000000000000fffffdff
138,588,46810,-0.024607905,0.969894935,-1.115159409,-0.276936655,1.121486996,-1.136789328,0.295157254,ba3ca338cd468c56d9f734260210300000000000cc1c170000000000ffffffffd260513117640817,6d1ba95bb145c8f39f3cd0382e4a5557b741cac10308000000000000e31c000000000000fffffcff
139,589,46811,-0.024607905,0.969742768,-1.116377996,-0.292771949,1.144565645,-1.112417589,0.320141652,ba3c9a38bd469756276b42490210300000000000cc1c170000000000fffffffff33f1519d443b1a3,5619fe60f14667739c3ceb38ae4a3a57defc59b30308000000000000e21d000000000000fffffcff
140,590,46812,-0.029166102,0.975000980,0.655828280,-0.322045044,1.136111928,-1.121633153,1.808619351,203cd139a2a13656a79d7b3c0308a00007000000bf3e020000000000fffff9ff5940e31881441005,79150a5f7846e7539a3ce038704b47579cab61f00308000000000000e21d000000000000fffffdff
141,591,46813,-0.029136503,0.974933350,-1.533363228,-0.311981492,1.133034775,-1.103125863,0.538610749,213ccd395a312956afea39240308a00007000000bb42020000000000fffff9ffcf3f9617d14380fd,cd16545e6b47b771983ce638254b3b57dcdcf9b40308000000000000e11e000000000000fffffdff
142,592,46814,-0.029195701,0.974950258,0.873422217,-0.300793191,1.116702192,-1.108914151,2.005870456,1f3cce39cbac37568bcae5010308a00007000000bf3e020000000000fffff9ffa9637d33866378f3,47188e5a1f4728e1993cd238cf4a4757786c8c8b0308000000000000e11e000000000000fffffcff
143,593,46815,-0.024696701,0.969607508,-1.095281209,-0.292771949,1.144565645,-1.112417589,0.320575020,b73c9238d247a2560191fc4f0210300000000000cc1c170000000000ffffffffc9639f3a5a6366cc,5619fe60f146e34d993cc838ae4a3a5768fc59b30308000000000000e21d000000000000fffffcff
144,594,46816,-0.024844695,0.969522971,-1.097261413,-0.301888342,1.148978486,-1.153621061,0.334863964,b23c8d38b847a056c04c4f650210300000000000cc1c170000000000ffffffffa3629133d364ff7a,22180362d4449c2fa03ce038e34a5257dd9f21de0308000000000000e51a000000000000fffffcff
145,595,46817,-0.024637504,0.969404619,-1.105563037,-0.313195038,1.114115355,-1.121023859,0.323180576,b93c86384b478c568106d52b0210300000000000cc1c170000000000ffffffffb53e0c1aed42bbb1,a416f559804618f39a3cd838244b5257f38ed5c40308000000000000e11e000000000000fffffcff
146,596,46818,-0.029284497,0.975051702,1.102516569,-0.282264417,1.137261633,-1.165349960,2.287690866,1c3cd4398bb84656f0eba0270308a00007000000c23a020000000000fffff9ff573f4518c542c8fc,b91a4e5f3a44a0f0a33cd738434a5c5741bbe4ca0308000000000000e51a000000000000fffffcff
147,597,46819,-0.029314095,0.975000980,1.024755488,-0.311448716,0.994224734,-1.003430216,2.047805348,1b3cd1398eb44b569f8e05420308a00007000000c339030000000000fffff9ff843f261af5423197,df16423e884c876a303c5039dc49dc562ec312f80308000000000000ad52000000000000fffffcff
148,598,46820,-0.029254898,0.975068610,0.986065351,-0.303309079,0.991096858,-1.005486581,2.010383470,1d3cd53992b24656227a6a3c0308a00007000000c23a020000000000fffff9ff71403118cf434031,f217893d6d4cfe322d3c4b399f49de569ded8cb70308000000000000ad52000000000000fffffcff
149,599,46821,-0.029195701,0.974933350,-1.506858961,-0.303309079,0.991096858,-1.005486581,0.571641205,1f3ccd39b63237560ec4af180308a00007000000bf3e020000000000fffff9ff7c61de35bb647f78,f217893d6d4cdf65313c52399f49de56abec8cb70308000000000000ad52000000000000fffffcff
150,600,46822,-0.024696701,0.969353897,-1.115159409,-0.308133664,0.991705526,-0.982104943,0.313910175,b73c8338cd468c56bbf634260210300000000000cc1c170000000000ffffffff683f3319d74375aa,4f17ad3da04da1922d3c5339b249cb5663e3c7250308000000000000aa55000000000000fffffdff
151,601,46823,-0.029195701,0.974984073,1.015235277,-0.300793191,0.986768555,-1.005105773,2.038549001,1f3cd03911b43656b1fb11300308a00007000000bf3e020000000000fffff9ffe560e638336290f8,4718893c724c3c242e3c4b398949e0565a09bf940308000000000000ad52000000000000fffffcff
152,602,46824,-0.024874293,0.969692046,-1.114930924,-0.237570410,1.008055015,-1.098099192,0.216782524,b13c9738d046b0561e1deb4f0210300000000000cc1c170000000000ffffffff843f261af5422983,9f207441ad473803373c2b3941481e576e05dac10308000000000000c639000000000000fffffbff
153,603,46825,-0.029314095,0.974882628,0.986065351,-0.288361745,0.995087013,-1.032980950,2.035696900,1b3cca3992b2465669796a3c0308a00007000000c23a020000000000fffff9ff7240f818dc42eecb,eb19753e044b335b363c4e395549f2565cc45cb20308000000000000b649000000000000fffffcff
154,604,46826,-0.029314095,0.974933350,-1.506097345,-0.288361745,0.995087013,-1.032980950,0.539769375,1b3ccd39c03249561fd80f5a0308a00007000000c23a030000000000fffff9fff33f1519d443ef78,eb19753e044b00292f3c42395549f25621c55cb20308000000000000b649000000000000fffffcff
155,605,46827,-0.029195701,0.974899536,0.655828280,-0.311271124,0.981459620,-0.999926778,1.679623288,1f3ccb39a2a13656179d7b3c0308a00007000000bf3e020000000000fffff9ff183fb61f6e3f78fd,e5164f3bb64cd8132f3c4e39cb49e056000bb4840308000000000000ad52000000000000fffffcff
156,606,46828,-0.029698878,0.975119332,1.059332893,-0.301799546,0.999601298,-1.031762363,2.108866404,0e3cd83954b68356807e16430308a00007000000c52d0b0200000000fffff9ffc06449358864099e,2518803f144b5765343c4a39ba49f156e31e53b90308000000000000b54a000000000000fffffcff
157,607,46829,-0.024667103,0.969489156,-1.090863831,-0.285727463,0.987563204,-1.032676303,0.268076428,b83c8b380c4892560a995e2f0210300000000000cc1c170000000000ffffffffe73e841c3d426190,441ab83c084b7014303c43393c49f656fabcad8c0308000000000000b54a000000000000fffffcff
158,608,46830,-0.029343694,0.975136240,1.086065645,-0.257075940,1.021378074,-1.070909470,2.169456598,1a3cd939b3b75256d8de27390308a00007000000c437030000000000fffff9ffb83e6a1a3f41b0fb,0c1e884412490824313c3039af480157c3e05bae0308000000000000c13e000000000000fffffcff
159,609,46831,-0.029462089,0.975051702,1.101754952,-0.273207221,1.007852126,-1.056591073,2.172313311,163cd43981b86656b85665440308a00007000000c634050100000000fffff9ff2b3d94208140900e,eb1b6841ce492024303c39390d49fe56d7140caf0308000000000000bd42000000000000fffffcff
160,610,46832,-0.029550885,0.975237684,1.190330994,-0.283892345,1.016914511,-1.064816535,2.269827507,133cdf390cbd6e5636f772470308a00007000000c530080100000000fffff9ffa740451b8341c8d2,821a80436249a760393c43396d4903578bae32b70308000000000000bf40000000000000fffffcff
161,611,46833,-0.029462089,0.974950258,-1.464665387,-0.302302724,0.985483590,-1.032904788,0.510852403,163cce39e034605660887f550308a00007000000c634050100000000fffff9ffbd3e0220ac413012,14183d3c054b000f323c4639b249fa56f50223c90308000000000000b54a000000000000fffffcff
162,612,46834,-0.029402891,0.975237684,1.100460204,-0.257075940,1.021378074,-1.070909470,2.183760566,183cdf3970b85956fdfad6060308a00007000000c435060100000000fffff9ff043e3a1cd1413d3c,0c1e88441249e7603e3c4739af48015752e05bae0308000000000000c13e000000000000fffffcff
163,613,46835,-0.029402891,0.975119332,1.151107725,-0.273207221,1.007852126,-1.056591073,2.221361287,183cd83909bb5a56fc47701d0308a00007000000c535040100000000fffff9ff2b3d8e1bcd3b38d2,eb1b6841ce49835d3a3c49390d49fe564a140caf0308000000000000bd42000000000000fffffcff
164,614,46836,-0.026887004,0.972464865,1.189950185,-0.266636314,0.994579790,-1.062607846,2.265388815,6d3c3b3907bdc7561604979f0328700002000000b425151100000000fffff8ff42419e1f474018f1,c91c573e7f49280d333c3939dd480a57eccc8c870308000000000000bd42000000000000fffffcff
165,615,46837,-0.029639681,0.974967165,-1.391550168,-0.283862746,0.997335702,-1.069005427,0.411296521,103ccf39a038735637f96b440308a00007000000c530090100000000fffff9ffde3d97192e3ad5b9,831afa3e2b49800d373c3d3963491157d51a43cd0308000000000000be41000000000000fffffcff
166,616,46838,-0.026887004,0.972650847,1.160551774,-0.270276952,1.034599688,-1.096195149,2.270678974,6d3c463985bbe556ea0159000328700002000000ac2d1d0a00000000fffff8ff4b3e2e1c443ae9ac,4e1c9647c647d2363e3c39393f49135736efd0e80308000000000000c639000000000000fffffcff
167,617,46839,-0.026946201,0.972633939,1.131077202,-0.256395171,1.017049771,-1.109447283,2.252680528,6b3c453902bae156b269df280328700002000000ab2d1d0900000000fffff8ffe73e841c3d42d77f,231e8843184750073c3c3039e14826579252c4cb0308000000000000c837000000000000fffffbff
168,618,46840,-0.029402891,0.974831906,1.086065645,-0.109082539,0.845050435,-0.664282227,1.756960372,183cc739b3b75256f2dd27390308a00007000000c437030000000000fffff9ff8e3d001d443a919a,9431cb1bed5df751303c5039dc49dc560fa7209d0200000000000000ff00000000000000fffffeff
169,619,46841,-0.026975800,0.972617032,1.176241082,-0.101771665,0.851272371,-0.669004252,1.850742902,6a3c443953bce15674d6c73e0328700002000000ab2d1d0900000000fffff8ffbd3e0220ac41b77e,8b323b1daf5d635d2d3c4b399f49de56aef4b8b60200000000000000ff00000000000000fffffeff
170,620,46842,-0.029491688,0.974781183,1.100460204,-0.101771665,0.851272371,-0.669004252,1.775241753,153cc43970b85956fcf9d6860308a00007000000c435060100000000fffff9ffc53ece1a313867ba,8b323b1daf5d377e313c52399f49de568cf5b8b60200000000000000ff00000000000000fffffeff
171,621,46843,-0.026916602,0.972853736,1.097566060,-0.097568652,0.835514642,-0.647983626,1.752369095,6c3c52394ab80757c32e4a430328700002140000a830200700000000fffff8ff093e5d1fc138c0d7,19339719c35e1c3c2d3c5339b249cb56c3bfc9110200000000000000ff00000000000000ffffffff
172,622,46844,-0.026739010,0.972819921,1.148746713,-0.096739889,0.851137112,-0.672050719,1.826201007,723c5039eabaf95611dbb83a0328700002000000a930200700000000fffff8ff8e3d001d443a64da,3533331d875d53482e3c4b398949e0560ac8efa40200000000000000ff00000000000000fffffeff
173,623,46845,-0.026798208,0.972633939,1.176241082,-0.106448256,0.862380556,-0.696574782,1.877748438,703c453953bce15677d6c73e0328700002000000ab2d1d0900000000fffff8ffcf3e431e9838c1ac,ed31cc1f455ce81a323c4639b249fa56f73c56cb0200000000000000ff00000000000000fffffeff
174,624,46846,-0.027005398,0.972836828,1.095128886,-0.099729356,0.872795536,-0.686292954,1.785710169,693c51392ab8fd567c66ff240328700002000000a830200700000000fffff8ff093e5d1fc138999a,d0323422cc5c318a363c4e395549f256f304cbac0200000000000000ff00000000000000fffffeff
175,625,46847,-0.027034997,0.972819921,1.148746713,-0.099729356,0.872795536,-0.686292954,1.839200894,683c5039eabaf956c4dab83a0328700002000000a930200700000000fffff8ff8c40872b903477b5,d0323422cc5c4f562f3c42395549f2563504cbac0200000000000000ff00000000000000fffffeff
176,626,46848,-0.026887004,0.973496218,-1.480278533,-0.101031698,0.841838022,-0.674107085,0.820209559,6d3c78391334385718bf484503287000021460009c362b0300000000fffff9ffe43c871e873830be,a4320d1b6c5db01d2f3c4e39cb49e056f44459c50200000000000000ff00000000000000fffffeff
177,627,46849,-0.026798208,0.972836828,1.199165749,-0.114025518,0.866793396,-0.683322649,1.887489439,703c513980bdfe566c06e0610328700002000000a830200700000000fffff8ffe93c4e1c363ab5c5,ed30d120f35ce759343c4a39ba49f15666b6f0a00200000000000000ff00000000000000fffffeff
178,628,46850,-0.026827806,0.972633939,1.198784941,-0.092744067,0.871527478,-0.692233566,1.894866344,6f3c45397bbde256a62580250328700002000000ab2d1d0900000000fffff8ffe93f40216e3607b4,bc33e9217e5c74cc303c43393c49f6560dd4efd90200000000000000ff00000000000000fffffeff
179,629,46851,-0.026916602,0.973107347,0.761236054,-0.082946904,0.938971236,-0.719042479,1.481731826,6c3c61390aa720573c6be9460328700002146000a532240400000000fffff8ffa63e7524ba3784d9,07357e311e5bb0e3373c2b3941481e5760d0bcd70200000000000000ff00000000000000fffffeff
180,630,46852,-0.026650214,0.973005903,1.106096169,-0.101505277,0.896854816,-0.691928919,1.801193072,753c5b39bab80757791b87310328700002140000a731220600000000fffff8ff453c412d6e3571c3,9432c327825ca9b5303c39390d49fe5607c04ba10200000000000000ff00000000000000fffffeff
181,631,46853,-0.026679813,0.973428589,1.220338698,-0.098900593,0.917566424,-0.688501643,1.911022729,743c743996be28571f73b34903287000021460009f34290300000000fffff9ff9a3e132a3037e0ee,ec328c2caf5c418a3e3c4739af4801576abdfb9e0200000000000000ff00000000000000fffffeff
182,632,46854,-0.026591017,0.973174977,1.109371121,-0.118494919,0.897125335,-0.690481847,1.803801703,773c6539e5b80c575c43c30b0328700002146000a631230500000000fffff9ff5b4108235c3725a3,5630d327955cf765393c43396d490357a791519b0200000000000000ff00000000000000fffffeff
183,633,46855,-0.027034997,0.973073533,-1.385609557,-0.101505277,0.896854816,-0.691928919,0.701817599,683c5f39ee380f57ff1e8f190328700002140000a731220500000000fffff8ff8840102ab631c980,9432c327825c418c3a3c49390d49fe5628c15ba10200000000000000ff00000000000000fffffeff
184,634,46856,-0.025051885,0.968965026,-1.484772072,-0.089754601,0.898511744,-0.707008933,0.783623384,ab3c6c38d8336b57cf8d381203287000021460007548400100000000fffff9ffe93c2f24ff36f2c3,21342528bc5b00d7333c3939dd480a5733440fd70200000000000000ff00000000000000fffffeff
185,635,46857,-0.026739010,0.973090440,1.198327971,-0.098900593,0.917566424,-0.688501643,1.889025199,723c603975bd14570d23905a0328700002146000a632230500000000fffff8ffc142182a6c36b1a5,ec328c2caf5c21b7313c3039af48015708bc0b9f0200000000000000ff00000000000000fffffeff
186,636,46858,-0.027094194,0.973310237,-1.307163020,-0.126960142,0.929655240,-0.697641046,0.619189796,663c6d39f43c1957121b2d480328700002146000a432250500000000fffff9ff3640552afd30b982,382f572f375c383e3e3c39393f4913573719d0db0200000000000000ff00000000000000fffffeff
187,637,46859,-0.024992688,0.968965026,-1.584772366,-0.109378526,0.893524051,-0.711730957,0.880348574,ad3c6c38b72e7857a20d66420328700005086000704a430100000000fffff9ff65416a2b0631674c,8a31fe267e5b681e373c3d3963491157aee4f4d30200000000000000ff00000000000000fffffeff
188,638,46860,-0.024992688,0.969015748,-1.384162485,-0.109496920,0.938125864,-0.721708138,0.668536395,ad3c6f3801397757cfb31f180328700005086000714a430000000000fffff9ffa63e7524ba378193,86314c31fb5a801a3c3c3039e14826578aa045d90200000000000000ff00000000000000fffffeff
189,639,46861,-0.027123793,0.973005903,1.106096169,-0.114173512,0.854670766,-0.477381449,1.590277405,653c5b39bab80757461b87310328700002140000a731220600000000fffff8ff3f40be2c1831e0e5,e830041e83671f67303c5039dc49dc567b0b73a70210300000000000e813040000000000ffffffff
190,640,46862,-0.024992688,0.969066470,-1.565427298,-0.109171335,0.856124805,-0.488120247,1.086477035,ad3c7238b52f74576767e93203287000050860006f4b440000000000fffff9ff9a3e132a3037c4d7,91315a1ef666276a2d3c4b399f49de562e19ebbc0210300000000000e813040000000000ffffffff
191,641,46863,-0.027242188,0.973141162,1.109371121,-0.109171335,0.856124805,-0.488120247,1.603865295,613c6339e5b80c575541c38b0328700002146000a631230500000000fffff9ffab3f8436732e6980,91315a1ef6667985313c52399f49de564b19ebbc0210300000000000e813040000000000ffffffff
192,642,46864,-0.024607905,0.968965026,0.942043897,-0.096266310,0.851830317,-0.467175783,1.415893913,ba3c6c3850b09c57e93da7450328700005182000624d4d0301000000fffff9ffa03f7b2f4a2ff980,45335c1d0968dbb72d3c5339b249cb56faf72c1f0210300000000000e813040000000000ffffffff
193,643,46865,-0.024785497,0.968965026,0.953848958,-0.105530697,0.854248080,-0.492156816,1.452794708,b43c6c38ebb09257e2bd164a0328700005182000684d480100000000fffff9ff3f40be2c1831101c,0c32eb1dc166254d2e3c4b398949e05651840fe10210300000000000e813040000000000ffffffff
194,644,46866,-0.024992688,0.968880489,-1.565427298,-0.124473853,0.857612659,-0.510359459,1.065572699,ad3c6738b52f7457ce64e93203287000050860006f4b440000000000fffff9ff583eb2300530a3bf,8c2fb21ed2654832323c4639b249fa56aabd43c60210300000000000e813040000000000ffffffff
195,645,46867,-0.024844695,0.968846674,1.126202854,-0.115031874,0.869261882,-0.512415825,1.644117402,b23c6538c2b984575b70f01903287000050860006b4c460100000000fffff9ff444032309b303810,cb306321b7652993363c4e395549f256a79c0db30210300000000000e813040000000000ffffffff
196,646,46868,-0.024933491,0.968795951,-1.557811129,-0.115031874,0.869261882,-0.512415825,1.053981068,af3c623819307a570e39f93103287000050860006d4b450100000000fffff9ff314000334e3095ab,cb306321b7655b5b2f3c42395549f2566b9c0db30210300000000000e813040000000000ffffffff
197,647,46869,-0.024874293,0.968745229,-1.595054194,-0.111006453,0.846031066,-0.488272570,1.116889913,b13c5f38302e7d5704a5890603287000050860006d4b460100000000fffff9ff3c3d90367b2f6194,5331051cf466ef3b2f3c4e39cb49e056c44567c00210300000000000e813040000000000ffffffff
198,648,46870,-0.024667103,0.968779044,1.186218262,-0.125953787,0.866556692,-0.498402074,1.690755476,b83c6138d6bc895768cdc24a0328700005182000694b480200000000fffff9ffbf3fb12b3b31facb,5a2fc3206f660f70343c4a39ba49f156e8d632ab0210300000000000e813040000000000ffffffff
199,649,46871,-0.024992688,0.968931211,0.905257802,-0.110592072,0.865576061,-0.519270376,1.430835446,ad3c6a386dae7357162c71210328700002146000714a430000000000fffff9ffd941dd342f2fb771,613189205d65402f303c43393c49f65632d0ced30210300000000000e813040000000000ffffffff
200,650,46872,-0.024696701,0.969100285,-1.352783870,-0.106714644,0.922621747,-0.572278910,0.786177582,b73c74389d3a9057c1f2ac4c0328700005182000674c490200000000fffff9ff314000334e307b5b,e431b72da562d017373c2b3941481e579228aacd0210300000000000e813040000000000ffffffff
201,651,46873,-0.024844695,0.969184822,-1.595054194,-0.118406123,0.890396176,-0.526429575,1.075602142,b23c7938302e7d572fa7790603287000050860006d4b460100000000fffff9ff444032309b3038f8,59304526ff647949303c39390d49fe561274eea70210300000000000e813040000000000ffffffff
202,652,46874,-0.024933491,0.969134100,-1.557811129,-0.113078361,0.912189859,-0.533207965,1.029963013,af3c763819307a57e83ef93103287000050860006d4b450100000000fffff9ff423e6632c928a0e2,0d314e2ba664c99e3e3c4739af480157cc803ea40210300000000000e813040000000000ffffffff
203,653,46875,-0.026087839,0.969945657,1.131991142,-0.133560647,0.894639942,-0.516300071,1.653506963,883ca6380eba015800d7793b0714a000031820009230271005000000fffff8ff333fd833ff278cdf,592e40278465d777393c43396d490357022ee4a60210300000000000e813040000000000ffffffff
204,654,46876,-0.026028642,0.970047102,1.042424999,-0.118406123,0.890396176,-0.526429575,1.573589064,8a3cac3876b507585f57aa360714a000031800009332270d06000000fffff8ff8c3db6328f27bcc4,59304526ff64e99d3a3c49390d49fe569e74eea70210300000000000e813040000000000ffffffff
205,655,46877,-0.026087839,0.970114731,1.175479465,-0.112752775,0.886592003,-0.544327571,1.724013660,883cb03849bc0b58050e70220714a000031800009434250b07000000fffff7fff33dee2f8b2899b5,183164251464181f333c3939dd480a5754a4cdce0210300000000000e813040000000000ffffffff
206,656,46878,-0.026176635,0.969996379,1.153240252,-0.113078361,0.912189859,-0.533207965,1.689674848,853ca93825bb0458f4cd45410714a000031820009432250e06000000fffff7ff463d913194288dc5,0d314e2ba6643543313c3039af48015707803ea40210300000000000e813040000000000ffffffff
207,657,46879,-0.026117438,0.969996379,1.184847352,-0.141019515,0.925665085,-0.530999276,1.720260853,873ca938c4bc0358692180250714a000031820009331260f06000000fffff8ff423e6632c9282184,5d2d6b2ec3640f573e3c39393f491357bea5e0a30210300000000000e813040000000000ffffffff
208,658,46880,-0.026235833,0.969962564,1.131991142,-0.134744595,0.883193608,-0.539757870,1.677512373,833ca7380eba0158ded5793b0714a000031820009230271005000000fffff8ff463dd434b42638d1,312e9b2450649c2d373c3d39634911574a7102ce0210300000000000e813040000000000ffffffff
209,659,46881,-0.026058241,0.970233083,1.184847352,-0.134241417,0.925005695,-0.565424358,1.754195022,893cb738c4bc125844e2d0120714a000031800009134280a08000000fffff7ff9f41a130c82f314e,422e442eff6260223c3c3039e1482657ff0803d30210300000000000e813040000000000ffffffff
210,660,46882,-0.024815096,0.969066470,-1.368244692,-0.244318909,0.890886491,-0.539453223,0.860923535,b33c7238d239895788c73f5903287000050860006a4c470100000000fffff9ffab3e8c303f27f4b8,bb1f6226546489ab2d3c5339b249cb56e36746240210300000000000da13120000000000ffffffff
211,661,46883,-0.026176635,0.970131639,1.103811318,-0.232272246,0.888012227,-0.564967388,1.683461128,853cb1389cb80f588f4287410714a000031800009536230907000000fffff7ff953d2c316e294cd3,5221b8250563e02d2e3c4b398949e05688507f9f0210300000000000da13120000000000ffffffff
212,662,46884,-0.026176635,0.969894935,1.174184716,-0.236593654,0.890954121,-0.564358095,1.753008294,853ca33838bcf7571a08861f07285000031800008d2c2c1605000000fffff8ff0d400d329d2799b0,c02066260d6398442d3c4b399f49de5665cdcabc0210300000000000da13120000000000ffffffff
213,663,46885,-0.026235833,0.970114731,-1.711048442,-0.222119899,0.899492376,-0.596422165,1.133909089,833cb0383d280b583c3ebf130714a000031800009334250c07000000fffff7ff653f1935c527d199,a9225f286861c83c2f3c42395549f2569cdc8bb30210300000000000da13120000000000ffffffff
214,664,46886,-0.025969445,0.970097824,-1.944407849,-0.239375930,0.880928012,-0.562987184,1.400648648,8c3caf38451c0a58cb50498e0714a0000318200090312a0e06000000fffff8ffaf3e7830c828f5ae,622015241f63d8062f3c4e39cb49e0564bda66800210300000000000da13120000000000ffffffff
215,665,46887,-0.026206234,0.969979472,1.102745054,-0.215874577,0.894098904,-0.598173883,1.713142485,843ca8388eb801584ef57d0f0714a000031820009331261006000000fffff8ff653f1935c5271f7a,7c23202751618c20303c43393c49f6565ab83e940210300000000000da13120000000000ffffffff
216,666,46888,-0.026324629,0.970131639,-1.944407849,-0.171269366,0.939038866,-0.662682832,1.290269257,803cb138451c0a58d052490e0714a0000318200090312a0e06000000fffff8ff333fd833ff27818b,5f298231025ec0f6373c2b3941481e57f8d0dbc70210300000000000da13120000000000ffffffff
217,667,46889,-0.026295030,0.970064009,1.042424999,-0.245414060,0.891579696,-0.562530214,1.621744176,813cad3876b507585156aa360714a000031800009332270d06000000fffff8ff1f3f4c204b1f1da3,961f8b2625635757303c5039dc49dc5694fbe0ee0210300000000000da13120000000000ffffffff
218,668,46890,-0.025762254,0.969353897,1.053239958,-0.236593654,0.890954121,-0.564358095,1.633162535,933c833804b65358ba4b2827051c60000a0c00007464230400000000fffff5fff740a8353b2645a6,c02066260d63f770313c52399f49de5621cdcabc0210300000000000da13120000000000ffffffff
219,669,46891,-0.026295030,0.970317621,-1.423004945,-0.209984440,0.916788682,-0.615386424,0.829972783,813cbc380337155873829c050714a000060c00008e37270a09000000fffff7ff063fe933d025b1bd,43245e2c6f604f39303c39390d49fe565764eaaf0210300000000000da13120000000000ffffffff
220,670,46892,-0.026176635,0.970334528,1.066949062,-0.227743648,0.887454282,-0.596346003,1.677512703,853cbd38b8b61958584aa7400714a000060c0000923b220906000000fffff7ffd23efc1d591e4d4b,eb2197256961c804323c4639b249fa564ece35c30210300000000000da13120000000000ffffffff
221,671,46893,-0.025732655,0.969235545,1.093301005,-0.234728937,0.899238764,-0.590176906,1.697844773,943c7c3812b85b586a1af601051c60000a0c0000785f260200000000fffff5ff2b3efb1f751e935a,ff205028ba61db59343c4a39ba49f156289b21f30210300000000000da13120000000000ffffffff
222,672,46894,-0.025791852,0.969252452,1.138160238,-0.222119899,0.899492376,-0.596422165,1.747051025,923c7d385fba5a58c7c6d028051c60000a0c00007760260200000000fffff5ff103f7a20611ebf6a,a9225f2868614f68363c4e395549f25685dc8bb30210300000000000da13120000000000ffffffff
223,673,46895,-0.025821451,0.969269360,1.061465420,-0.195865870,0.908605483,-0.625135120,1.696236008,913c7e3870b65a586ff9993e051c60000a0c0000785f260200000000fffff5ff6b3d3221c41c5047,20267a2aef5f28e5333c3939dd480a575f4cce8d0210300000000000da13120000000000ffffffff
224,674,46896,-0.025821451,0.969066470,1.179820681,-0.209984440,0.916788682,-0.615386424,1.805385700,913c723882bc68589b0dd01f051c60000a0c0000795c280200000000fffff5ffcb3d1720a41dbb4b,43245e2c6f604f6c3a3c49390d49fe569964eaaf0210300000000000da13120000000000ffffffff
225,675,46897,-0.025791852,0.969167915,1.164131373,-0.198381757,0.935961713,-0.623992695,1.796740830,923c7838b4bb60581d2ad022051c60000a0c0000785d270200000000fffff5ffdb3e4321c51d7f63,cb25cc30fe5f5f3b313c3039af4801573c589aad0210300000000000da13120000000000ffffffff
226,676,46898,-0.025851050,0.969201730,1.090102215,-0.188051818,0.941456629,-0.667100209,1.764890716,903c7a38e8b75f586fb1883e051c60000a0c0000785e270200000000fffff5ff1c40661fb91dc23c,28271132c85d30043c3c3039e1482657c26116cd0210300000000000da13120000000000ffffffff
227,677,46899,-0.025673458,0.969201730,-1.643949997,-0.386362976,1.033027297,-0.401524410,1.295296094,963c7a38ae2b6058edf66f1e051c60000a0c0000795e270200000000fffff5fffd3f031f7d1ecb3f,fc0c3947676b58bf203c07398f4b2d560ef6bdca02103000000000005b53510000000000ffffffff
228,678,46900,-0.025703056,0.969269360,-1.886067997,-0.212233940,0.950755718,-0.649659183,1.250537197,953c7e38431f5a588087ef18051c60000a0c00007760250200000000fffff5ffdb3e4321c51d681e,f7233734ad5e24233e3c39393f49135790faf0e00210300000000000da13120000000000ffffffff
229,679,46901,-0.025614260,0.969235545,1.090102215,-0.388375686,1.038640565,-0.400305823,1.535489833,983c7c38e8b75f589ab1883e051c60000a0c0000785e270200000000fffff5ffc23e90222f1d6760,b80c8548776bd3b5213c0639a14b2c56ec21cfad02103000000000005b53510000000000ffffffff
230,680,46902,-0.025880649,0.969117193,1.097642221,-0.222563879,0.922300505,-0.623154916,1.732633512,8f3c75384bb864580a0da83a051c60000a0c0000785d280200000000fffff5ff103f7a20611e1014,9a22a42d0960b350393c43396d490357aab6a0ac0210300000000000da13120000000000ffffffff
231,681,46903,-0.025673458,0.969286267,1.061465420,-0.198381757,0.935961713,-0.623992695,1.694611384,963c7f3870b65a5820fa993e051c60000a0c0000785f260200000000fffff5ff4f3d8023be1bcf72,cb25cc30fe5fe76e3e3c4739af480157a6589aad0210300000000000da13120000000000ffffffff
232,682,46904,-0.025851050,0.968914304,1.183628765,-0.387783713,1.035952283,-0.375857921,1.602338313,903c6938b4bc70589999930b051c60000a0c00007a5a290200000000fffff6ffc03e6e1d8c1da149,cc0ce647b86ce0051f3cff38934b19562edd181f02103000000000005b53510000000000ffffffff
233,683,46905,-0.025732655,0.969167915,1.098175353,-0.388375686,1.038640565,-0.400305823,1.543302385,943c783852b86258e3bd7640051c60000a0c0000795c280200000000fffff5fff23ef623da1c3992,b80c8548776bb6ce1c3c0439a14b2c565b23cfad02103000000000005b53510000000000ffffffff
234,684,46906,-0.025910247,0.969066470,1.077459375,-0.391365153,1.042292571,-0.397030870,1.520868447,8e3c723842b76658b2c0f60f051c60000a0c0000785e280200000000fffff6ff724060223a1c6828,530c5d49a26bf8f11d3c0539bc4b2956ebedb5bd02103000000000005b53510000000000ffffffff
235,685,46907,-0.025614260,0.968998841,-1.507849063,-0.211967552,0.906001738,-0.633969876,0.895746068,983c6e38a9326c5816e24c08051c60000a0c0000795b290200000000fffff5ffca3e4a1e931c9944,0024e0297b5f5006373c3d39634911570b7615c90210300000000000da13120000000000ffffffff
236,686,46908,-0.025732655,0.969066470,1.095357371,-0.391187561,1.042072775,-0.433436156,1.573561838,943c72382db86a586b657741051c60000a0c00007b5a290100000000fffff5ff2b400520f21c503e,590c5049c469d5b01d3c0f39df4b46563226a1d102103000000000005b53510000000000ffffffff
237,687,46909,-0.025643859,0.969100285,-1.607849357,-0.385534213,1.046079837,-0.426962413,1.236907795,973c7438882d665836da1f1a051c60000a0c0000795c280200000000fffff5fff23ef623da1c98f1,180d3d4a196ac9ab223c0f39a24b41565cb20ead02103000000000005b53510000000000ffffffff
238,688,46910,-0.025525464,0.969100285,1.077459375,-0.393496258,1.033044204,-0.399163397,1.523123810,9b3c743842b766580ec1f60f051c60000a0c0000785e280200000000fffff6ffa34065111619777e,0b0c3a47866b7ebc1e3c0639d14b2b56c0e5618b02103000000000005b53510000000000ffffffff
239,689,46911,-0.029787674,0.975643463,-1.468701957,-0.345546396,1.070883044,-0.503047937,1.020422380,0b3cf739ab348958c1759733051c6000000000008e3b360000000000fffff5ffc23e90222f1d5814,5f12f84f326641931f3c2b39e04a7b56bf9686c802103000000000005b53510000000000ffffffff
240,690,46912,-0.025555063,0.969151008,1.097642221,-0.374553103,1.063190161,-0.456208500,1.595335407,9a3c77384bb86458330da83a051c60000a0c0000785d280200000000fffff5ffdf3e3020691bdb54,8b0e314e9968c9a2233c1a39724b5756dcfa2da902103000000000005b53510000000000ffffffff
241,691,46913,-0.025732655,0.968914304,1.087588879,-0.389441239,1.051101345,-0.425896149,1.558741664,943c6938c7b773588e6ec701051c60000a0c00007c572a0100000000fffff5ffb240c70eaf188f7f,940c664b276ae8e61b3c0d39c64b40565c76c5ba02103000000000005b53510000000000ffffffff
242,692,46914,-0.029728477,0.975626555,-1.460476494,-0.385534213,1.046079837,-0.426962413,1.095313993,0d3cf63917358d5806928705051c60000a0000008e3a370000000000fffff5ff184018109b188f3b,180d3d4a196a8fc21a3c0c39a24b41566bb30ead02103000000000005b53510000000000ffffffff
243,693,46915,-0.029728477,0.975592740,-1.663675873,-0.380887220,1.036408784,-0.430618174,1.283527306,0d3cf439ab2a8e5887ac102a051c60000a0000008e3a370000000000fffff5ff1d4166109818481c,b50d0148e96975a0203c0f397a4b4456a9ba4c8602103000000000005b53510000000000ffffffff
244,694,46916,-0.029758076,0.975575833,-1.403279068,-0.366502262,1.050746289,-0.469612957,0.995379149,0c3cf33906388e58f8a2dc79051c60000a0000008f39370000000000fffff5ffc63f940f1815bf7f,9b0f514be9673998203c1d39424b6256e1da4bc402103000000000005b53510000000000ffffffff
245,695,46917,-0.029343694,0.975542018,0.890558597,-0.374553103,1.063190161,-0.456208500,1.393066167,1a3cf139acadad58e39d5740051870000a0000009139350000000000fffff6ffbf408410de17a0fc,8b0e314e9968e8b8173c1739724b5756aafb2da902103000000000005b53510000000000ffffffff
246,696,46918,-0.029669280,0.975728000,-1.453393458,-0.365111124,1.080300485,-0.467556592,1.046580605,0f3cfc3974359458625e593f051c60000a0000008f39370000000000fffff5ff8141260fc8173cba,ca0f25520468799e253c2239394b60560767ecac02103000000000005b53510000000000ffffffff
247,697,46919,-0.029639681,0.975677278,-1.376393993,-0.427001964,1.119880790,-0.432750701,1.033999081,103cf93967399558f7ef9f1d051c60000a0000008f39370000000000fffff5ff5141a60fa01865ac,9f074a5bcd69acd4c13caf38bf4c5056c41bffac03102000000000006d50420000000000ffffffff
248,698,46920,-0.029728477,0.975660370,-1.389417641,-0.380709628,1.064103162,-0.475096598,0.983357954,0d3cf839bc388e589e873f1a051c60000a0000008f39370000000000fffff5ff1d416610981840e9,bb0d674ea167b1a51c3c1d39cd4b6656adb241d502103000000000005b53510000000000ffffffff
249,699,46921,-0.029728477,0.975677278,-1.403279068,-0.427001964,1.119880790,-0.432750701,1.058558543,0d3cf93906388e58c0a2dc79051c60000a0000008f39370000000000fffff5ff7940840dc517d77f,9f074a5bcd6941b6c63cb438bf4c50565a1affac03102000000000006d50420000000000ffffffff
250,700,46922,-0.029639681,0.975609648,-1.500537541,-0.365111124,1.080300485,-0.467556592,1.091123688,103cf53909339658e37dd700051c60000a0000008f38370000000000fffff5ff4c429c10b3157f71,ca0f2552046884b8153c1e39394b6056a867ecac02103000000000005b53510000000000ffffffff
251,701,46923,-0.029402891,0.975694185,-1.323766268,-0.371830024,1.098171644,-0.489338834,0.910234152,183cfa391a3ca75821b72c06051870000a0000009038360000000000fffff5ffc33f3d12db16d998,e70e4656e666eda4183c2639a74b7056a2c6f0e602103000000000005b53510000000000ffffffff
252,702,46924,-0.029580484,0.975423666,0.895737591,-0.428925878,1.115687746,-0.411120782,1.373691947,123cea39f0ad9d58849c4611051c60000a0000008f38370000000000fffff5ff74406d113a17a8fe,5e07525ae96ad004c43cad38c84c40563e81f81d03102000000000006d50420000000000ffffffff
253,703,46925,-0.029610082,0.975778722,-1.505488051,-0.434756818,1.115975173,-0.427190898,1.160398067,113cff39c8329a583982c83e051c60000a0000008f38370000000000fffff5ff303f190fe916bd4e,9906635a166a60bbc33cb138e34c4e56af58b09703102000000000006d50420000000000ffffffff
254,704,46926,-0.029580484,0.975508203,1.043948233,-0.383758292,1.075904552,-0.459102644,1.547476425,123cef398ab59d581870801a051870000a0000008f38380000000000fffff5ff2f40c80c9d16c77f,540d215173681ecb193c1a39cd4b5956e81283b402103000000000005b53510000000000ffffffff
255,705,46927,-0.029521286,0.975592740,-1.601147129,-0.357504263,1.092676727,-0.511273399,1.144161806,143cf439e02da058df811740051870000a0000009038370000000000fffff5ff6f3e1a10e415098f,cb100155c665e19b1b3c2d395b4b8156c4baa2d502103000000000005b53510000000000ffffffff
256,706,46928,-0.029462089,0.975457481,1.119881434,-0.430613003,1.124006204,-0.430998982,1.608794220,163cec396fb9a658b8e87207051870000a0000009038370000000000fffff5ffbf408410de171012,25073e5ce46968f9c13cb038d14c4f56fae9a6be03102000000000006d50420000000000ffffffff
257,707,46929,-0.029698878,0.975508203,-1.453393458,-0.424367682,1.132087958,-0.467861238,1.073105046,0e3cef39743594581b5e593f051c60000a0000008f39370000000000fffff5ffc1415d0fd316a442,f8071c5e006840ebbd3cb838ba4c6b563896e6bd03102000000000006d50420000000000ffffffff
258,708,46930,-0.029550885,0.975694185,-1.359333775,-0.426232398,1.111359443,-0.427800191,1.021526360,133cfa39473a9e58ffefaf1e051870000a0000009038380000000000fffff5ffc33f3d12db1608ff,b90752590e6ad1aec43cb238ba4c4d56fa313c8503102000000000006d50420000000000ffffffff
259,709,46931,-0.029550885,0.975829444,0.895737591,-0.419335906,1.123955482,-0.465881034,1.424036154,133c023af0ad9d58269e4691051c60000a0000008f38370000000000fffff5ff323fd2011911a77a,a2083b5c1a68dbb0c53cbe38a34c6956e5d66eaa03102000000000006d50420000000000ffffffff
260,710,46932,-0.025999043,0.971670215,1.043415101,-0.380176852,1.133964683,-0.535112007,1.625893368,8b3c0c3983b5d258331588a10518700000000000a541190000000000fffff6ff74406d113a17380f,cd0d8b5e8d647181bd3cd6381a4c9a56d28db6c503102000000000006d50420000000000ffffffff
261,711,46933,-0.029639681,0.975457481,-1.505488051,-0.404240579,1.134674796,-0.492232978,1.091953218,103cec39c8329a58c181c83e051c60000a0000008f38370000000000fffff5ffb33f5d0fd817e140,a00ab55ec066e1abc33cca38664c7a5650a31ea503102000000000006d50420000000000ffffffff
262,712,46934,-0.029669280,0.975558925,0.931305099,-0.431204977,1.121571534,-0.470983867,1.465934836,0f3cf239c3af955831484023051c60000a0000008f39370000000000fffff5ff613f5e02df0f8194,1107ae5bd76781aac03cbb38da4c7056c37830d903102000000000006d50420000000000ffffffff
263,713,46935,-0.026058241,0.971788567,1.018205583,-0.419335906,1.123955482,-0.465881034,1.542833490,893c133938b4dd5814ee583f0518700000000000a641180000000000fffff6ff0b3f0000dc0f78fe,a2083b5c1a6892c8bd3cb538a34c6956c8d75eaa03102000000000006d50420000000000ffffffff
264,714,46936,-0.026117438,0.971704030,1.064588050,-0.417323196,1.112323167,-0.467861238,1.587833904,873c0e3999b6de583af666000518700000000000a641180000000000fffff6ff6a3e47022c1051a9,e6088b590068298dc33cbd38994c6b56b2866b8303102000000000006d50420000000000ffffffff
265,715,46937,-0.026058241,0.971737845,1.121556991,-0.403204625,1.122146386,-0.505256626,1.676718423,893c103985b9db58b53fe12e0518700000000000a541190000000000fffff6ff873f13045c0e7f7f,c30ad05b15663185c03cc938684c8656ae762ac203102000000000006d50420000000000ffffffff
266,716,46938,-0.026265431,0.971585678,0.981114842,-0.404240579,1.134674796,-0.492232978,1.529776804,823c073951b2ea58cb85183d0518700000000000a641170000000000fffff7ff43401002da0f49b2,a00ab55ec066e7c0b83cbc38664c7a56eda31ea503102000000000006d50420000000000ffffffff
267,717,46939,-0.026117438,0.971636401,-1.558344261,-0.394828199,1.153408234,-0.504875818,1.130833492,873c0a391230dd580ea41f260518700000000000a641180000000000fffff6ff613f5e02df0f9f7c,de0b09631a6689a5c43cd338434c815660e74bac03102000000000006d50420000000000ffffffff
268,718,46940,-0.026117438,0.971602586,1.018205583,-0.414629716,1.136619151,-0.511349561,1.586729717,873c083938b4dd58aeed583f0518700000000000a641180000000000fffff6ffee407803430e08bb,4109285fc565099bbc3cc6389f4c8d567d7d01d803102000000000006d50420000000000ffffffff
269,719,46941,-0.026295030,0.971653308,-1.427879293,-0.414244933,1.154642476,-0.504190363,1.018425944,813c0b39c336eb5823b04f1f0518700000000000a641170000000000fffff7fff63e3e01080e78fd,4e095263236688d4b93cc4389a4c855615b272b603102000000000006d50420000000000ffffffff
270,720,46942,-0.026265431,0.971771660,1.075936141,-0.399919172,1.168793999,-0.523992401,1.654752628,823c12392eb7ee58719286410518700000000000a741170000000000fffff7ff863f3d0d320a80fc,320b97661f65adaeb63ccc38674c92569f69c1ee03102000000000006d50420000000000ffffffff
271,721,46943,-0.026739010,0.971940734,0.981724135,-0.394828199,1.153408234,-0.504875818,1.542206057,723c1c3959b20c599f5246460518700000000000a545140000000000fffff9ff483d4f08d70caf52,de0b09631a66b8c9b53cc338434c8156d7e74bac03102000000000006d50420000000000ffffffff
272,722,46944,-0.026383826,0.971974549,1.184542705,-0.388405285,1.154016901,-0.544479895,1.775871084,7e3c1e39c0bcf658cd97f0250518700000000000a642170000000000fffff8ff873f13045c0e298e,b70c2d6312646192b93cd538464ca356b16972d803102000000000006d50420000000000ffffffff
273,723,46945,-0.026176635,0.971923827,0.981114842,-0.484748989,1.243592492,-0.419270083,1.498389269,853c1b3951b2ea586c86183d0518700000000000a641170000000000fffff7ff0d401d080c0db98e,0000df777e6ad8c9323cb4390c4e34564c2a209b0310200000000000715d310000000000ffffffff
274,724,46946,-0.026295030,0.972075994,-1.706859549,-0.479835608,1.244201159,-0.418736951,1.392483749,813c24397428f558acbe09350518700000000000a642170000000000fffff7ffe23d9a035d0e7f50,a6000378856a33bc343cb339f64d325600f15fa30310200000000000715d310000000000ffffffff
275,725,46947,-0.026206234,0.971856197,1.158190762,-0.479835608,1.244201159,-0.418736951,1.663325704,843c173966bbea58ee7700280518700000000000a641170000000000fffff7ff6341650d5c0c4354,a6000378856aefc2303cb339f64d325604f35fa30310200000000000715d310000000000ffffffff
276,726,46948,-0.026383826,0.972245068,-1.384467132,-0.481670727,1.250727429,-0.415233513,1.106459396,7e3c2e39fd38f958a9039d8e0518700000000000a543170000000000fffff8ff5b42a20def0ab8e4,68008579b36ac0e6313cb3390b4e30560f22f8bf0310200000000000715d310000000000ffffffff
277,727,46949,-0.026739010,0.971754753,-1.321786064,-0.479924404,1.249341020,-0.393908241,1.069293408,723c1139343c06592ef94d4c0518700000000000a544160000000000fffff9ff143ff704160c18fc,a3003379cb6b2001323cad39044e2056b19de8250310200000000000715d310000000000ffffffff
278,728,46950,-0.026472622,0.971839290,1.059637540,-0.480279589,1.237894686,-0.420640993,1.570971283,7b3c163958b6fe58a63ef6450518700000000000a742160000000000fffff8fff841cf06970ceccc,97008e766c6a98db333cb439ec4d33562d35fa820310200000000000715d310000000000ffffffff
279,729,46951,-0.026472622,0.971687123,-1.344177600,-0.477882096,1.239433263,-0.449125463,1.037582206,7b3c0d390e3bf95891888f150518700000000000a642170000000000fffff8ff6341650d5c0c7bb0,e800e976f668cdb0363cbb39db4d475659c14fa30310200000000000715d310000000000ffffffff
280,730,46952,-0.026620616,0.971602586,-1.384467132,-0.477911694,1.228156004,-0.451791123,1.067411744,763c0839fd38f958ea009d0e0518700000000000a543170000000000fffff8ff6d1b6f4b3736df56,e7004e74d36880d8343cbd39c64d495666e988810310200000000000715d310000000000ffffffff
281,731,46953,-0.026117438,0.972261976,1.484772072,-0.454232750,1.222627272,-0.503961878,2.049640999,873c2f3926cc1157d1bf759c032870000214600099451f0100000000fffffbff0d401d080c0dc182,070407732666519f373cd239484d6a562cf692cb0310200000000000715d310000000000ffffffff
282,732,46954,-0.026472622,0.971585678,-1.706859549,-0.470038445,1.239213466,-0.469841442,1.341114861,7b3c07397428f5586cbd09350518700000000000a642170000000000fffff7ff0d3d040f400b7c28,f101dc76e667c199383cc339b04d5456b155de9e0310200000000000715d310000000000ffffffff
283,733,46955,-0.026620616,0.972109809,1.192539682,-0.484216213,1.238621706,-0.453999811,1.729599557,763c263929bd0259a5f760110518700000000000a445150000000000fffff9ff792c0c32a0046190,1200b976b66885b7323cbe39f84d4e56581e50dd0310200000000000715d310000000000ffffffff
284,734,46956,-0.026679813,0.967544801,1.409752811,-0.481670727,1.249205760,-0.445088894,1.930488897,743c18384dc82c59c38c581605187000000000009569000000000000fffffdffbf2c6734ba0370e8,68002b792b693cda303cbc39004e4656f045d7bf0310200000000000715d310000000000ffffffff
285,735,46957,-0.026591017,0.967629338,1.408610386,-0.477882096,1.239433263,-0.449125463,1.930990289,773c1d383ec832598b478d320518700008000000916e000000000000fffffdffc12c65328c034f73,e800e976f6683db62e3cbc39db4d4756dcc23fa30310200000000000715d310000000000ffffffff
286,736,46958,-0.026591017,0.967561709,1.408534224,-0.469535268,1.224250386,-0.480884887,1.957547768,773c19383dc834592bbf5c460518700008000000916e000000000000fffffdff442dc036d002600e,0202677355674dac353cc739904d5c56ad99b6800310200000000000715d310000000000ffffffff
287,737,46959,-0.026502221,0.967375727,1.406325536,-0.470038445,1.239213466,-0.469841442,1.946952148,7a3c0e3820c83a59ae0afd2d05187000080000008f70000000000000fffffdffc52b8434ae0350e8,f101dc76e667799c2c3cc439b04d5456e956de9e0310200000000000715d310000000000ffffffff
288,738,46960,-0.026591017,0.967477172,1.412799279,-0.461188440,1.241935563,-0.472887910,1.954486762,773c143875c83259733032320518700008000000906e000000000000fffffdffbf2c6734ba03a012,1c037d77be67218b3b3cc7398b4d525672295ca10310200000000000715d310000000000ffffffff
289,739,46961,-0.026620616,0.967443357,1.408610386,-0.474951826,1.241817211,-0.488196409,1.968288064,763c12383ec832598b468d320518700008000000916e000000000000fffffdff1d2c9637b10240ec,4b017677f5669da6323cc939ca4d67567aaa20e20310200000000000715d310000000000ffffffff
290,740,46962,-0.026472622,0.967426449,1.411276045,-0.471311188,1.251944765,-0.475553569,1.959325908,7b3c113861c83a59c538923205187000080000008e71000000000000fffffdffb82b9f327e03e195,c601cd799b6739a12e3cc839cc4d5a56cc0a46bd0310200000000000715d310000000000ffffffff
291,741,46963,-0.026591017,0.967527894,1.413027764,-0.458583756,1.260753538,-0.495888739,1.979030374,773c173878c8355987f8614b0518700000000000916e000000000000fffffdff2a2c1c354b029995,7403d67b906671982d3cd3399c4d6456cf8a72f60310200000000000715d310000000000ffffffff
292,742,46964,-0.026472622,0.967510986,1.411123722,-0.461188440,1.241935563,-0.472887910,1.952891835,7b3c16385fc83e598c5c724f05187000080000008e71000000000000fffffdff2f2fd63764016f69,1c037d77be6771922a3cc9398b4d52560f2b5ca10310200000000000715d310000000000ffffffff
293,743,46965,-0.026324629,0.967595524,1.392311785,-0.455919875,1.248985963,-0.517975628,1.978112903,803c1b3868c7465996b20c4705187000080000008d72000000000000fffffeff7f2dee33a402076e,ce031e796e65c19e313cd839724d7756933e61e10310200000000000715d310000000000ffffffff
294,744,46966,-0.026502221,0.967578616,1.405335434,-0.343296896,0.970774121,-0.575325378,2.005838061,7a3c1a3813c83c591a3b4d480518700008000000906f000000000000fffffdffef2f1f3ef301576b,ab12d7387d6258132f3c4e39cb49e05696e223c5020c400000000000a14d110000000000ffffffff
295,745,46967,-0.026265431,0.967781505,1.385914204,-0.336607594,0.979751969,-0.575173054,1.985527331,823c263814c73f59479d120b05187000080000008d72000000000000fffffeff442dc036d0023818,8d13ea3a7f623a382d3c4b399f49de56e5b0fdb0020c400000000000a14d110000000000ffffffff
296,746,46968,-0.026472622,0.967663153,1.406325536,-0.336607594,0.979751969,-0.575173054,2.005658620,7b3c1f3820c83a598e0bfd2d05187000080000008f70000000000000fffffdff992ed33a1602f005,8d13ea3a7f62cb5d313c52399f49de564eb0fdb0020c400000000000a14d110000000000ffffffff
297,747,46969,-0.026383826,0.967308097,1.397338457,-0.344776830,0.984046458,-0.571593455,1.994579442,7e3c0a38aac73f59712edb2505187000080000008d72000000000000fffffeffef2f1f3ef30191b7,7912e83bae627f6c303c5039dc49dc56ba42d3b8020c400000000000a14d110000000000ffffffff
298,748,46970,-0.026295030,0.967223560,1.385914204,-0.343119304,0.974527572,-0.550648991,1.962322088,813c053814c73f59df9c120b05187000080000008d72000000000000fffffeff86319f3bf9000f72,b112b539c16397692d3c5339b249cb567c2f371c020c400000000000a14d110000000000ffffffff
299,749,46971,-0.026176635,0.967629338,1.372205100,-0.333706924,0.974950258,-0.577153258,1.973480804,853c1d3860c64859f58ce44405187000080000008c73000000000000fffffeff752ed740eb00b5a7,ef13ce396562501b2e3c4b398949e056b2802e8f020c400000000000a14d110000000000ffffffff
300,750,46972,-0.026176635,0.967341912,1.398633205,-0.320328320,0.989220133,-0.601068027,2.021338391,853c0c38bbc746597da4e0570518800007000000847b000000000000fffffeff933038400000c993,b3151a3d2b61a8292f3c42395549f25688a87da6020c400000000000a14d110000000000ffffffff
301,751,46973,-0.026087839,0.967477172,1.380354401,-0.316865275,0.978974227,-0.607846418,2.009384531,883c1438cbc64e5995a8424e0518700008000000807f000000000000fffffeff8e2d6739f9009192,2816bc3ad260380c303c43393c49f656f128ecc4020c400000000000a14d110000000000ffffffff
302,752,46974,-0.026324629,0.967494079,1.405106949,-0.265629959,1.023102633,-0.658950909,2.078627959,803c153810c848599ed8b35305187000080000008975000000000000fffffeffe32cdd3bb90188df,eb1cee44335eb800373c2b3941481e57b3ed18c7020c400000000000a14d110000000000ffffffff
303,753,46975,-0.026354227,0.967392634,1.408001093,-0.304700217,1.007852126,-0.617442790,2.044880530,7f3c0f3836c84159d43cc12f05187000080000008a75000000000000fffffeff992ed33a1602d01c,c317684154601427303c39390d49fe5648bc6ca1020c400000000000a14d110000000000ffffffff
304,754,46976,-0.026354227,0.967713876,1.397338457,-0.332582174,0.982693863,-0.607084801,2.027735818,7f3c2238aac73f59a92fdb2505187000080000008d72000000000000fffffefffe1ed8358e45c00c,1514983bdc603813323c4639b249fa56936af2d0020c400000000000a14d110000000000ffffffff
305,755,46977,-0.026295030,0.968390173,1.473576304,-0.333825318,0.996152181,-0.597488428,2.093956717,813c4a3893cb1956d684499f0308a00007000000d429010100000000fffffbff1d1fc135664408c7,eb13b43e5a61ef65343c4a39ba49f1564986e3b8020c400000000000a14d110000000000ffffffff
306,756,46978,-0.026324629,0.968508525,1.473271658,-0.320328320,0.989220133,-0.601068027,2.095173566,803c51388fcb2d569261bf53030870000a000000da22020200000000fffffaffd01eb5366f4451af,b3151a3d2b61ad4e363c4e395549f2560ea87da6020c400000000000a14d110000000000ffffffff
307,757,46979,-0.026354227,0.968491618,1.474642568,-0.296590179,1.000480485,-0.631532702,2.123681950,7f3c5038a1cb2c56d4d56d35030870000a000000da22020100000000fffffaff5a1e13379944c8ef,d518b43f9b5fc0f6333c3939dd480a570519fcc4020c400000000000a14d110000000000ffffffff
308,758,46980,-0.026265431,0.968474710,1.476698934,-0.304700217,1.007852126,-0.617442790,2.112937782,823c4f38bccb2956c5f5343c030870000a000000d922020100000000fffffbffdc1d45360d43dcba,c31768415460bdaa3a3c49390d49fe5627bc6ca1020c400000000000a14d110000000000ffffffff
309,759,46981,-0.026265431,0.968660692,1.479364593,-0.288805726,1.027701455,-0.624068857,2.120576689,823c5a38dfcb46562c22a24a0308a00007000000da20030200000000fffffaff3522953c843f01ac,dc19fe45fd5f7426313c3039af4801573eb8bba1020c400000000000a14d110000000000ffffffff
310,760,46982,-0.026324629,0.969117193,1.459943363,0.212033544,0.867131545,-2.183555543,3.652711317,803c7538e0ca7b5645e6b4430308a00007000000d31d0c0300000000fffffaffd01eb5366f444cdd,f55be5200110dcdb633ca3382c4ad058469ab3370518700000000000a64f0b0000000000fffff8ff
311,761,46983,-0.026235833,0.968474710,1.474642568,0.209606452,0.865305542,-2.184393322,3.668079757,833c4f38a1cb2c5641d76d35030870000a000000da22020100000000fffffafff41dca349c4438bd,a35b7920f60f6ecc633ca4381a4ad058d829501f0518700000000000a64e0b0000000000fffff8ff
312,762,46984,-0.026295030,0.968491618,1.478298329,0.212033544,0.867131545,-2.183555543,3.671000975,813c5038d1cb2b5680e5f207030870000a000000d923020200000000fffffaffdf1e3b382a4371ab,f55be5200110e1ab5e3ca3382c4ad058379bb3370518700000000000a64f0b0000000000fffff8ff
313,763,46985,-0.026383826,0.968643785,1.474718730,0.211027189,0.858965254,-2.157736732,3.641857500,7e3c5938a2cb415648867d340308a00007000000db20030200000000fffffaff952009392d4141b4,d35b021f54115f78613c9b38244ac5580df9b6980518700000000000a44c0f0000000000fffff7ff
314,764,46986,-0.026324629,0.968880489,1.467407208,0.205817821,0.880150270,-2.207089504,3.682891426,803c673842cb625679627d480308a00007000000d91f060200000000fffffaffdf1e3b382a4370d4,235be723cc0ef8e8653cad38fe49da58a12674310518700008000000a64f0b0000000000fffff8ff
315,765,46987,-0.026176635,0.968609970,1.474718730,0.219048431,0.870005809,-2.181042208,3.665303009,853c5738a2cb41565e877d340308a00007000000db20030200000000fffffaffc220603ffc409f7a,e25c8f2122101da4603ca438604ace5826be3d320518700000000000a54e0b0000000000fffff8ff
316,766,46988,-0.026472622,0.968965026,1.466721753,0.214963813,0.859252680,-2.186373526,3.662708487,7b3c6c3839cb60561032b5120308a00007000000d71f080200000000fffffaff421ed2383943c8e9,585c131fdc0f4dc3623ca438424ad1585df699410518700008000000a64e0b0000000000fffff8ff
317,767,46989,-0.026206234,0.968626877,1.477460550,0.262588090,1.035580320,-2.209907487,3.699265869,843c5838c6cb40560cba743a0308a00007000000db20030200000000fffffaffc11fb53bab4124cc,a162d047a70e19485b3cce38a54bcf5816bcff610518700008000000915a100500000000fffffcff
318,768,46990,-0.026087839,0.968779044,1.471062969,0.259569024,1.019484441,-2.231765891,3.714177223,883c613872cb5756b1536d2f0308a00007000000da1f050200000000fffffaffc11fb53bab41f9a1,3b621844880d694b563cd0388e4bda58ad605e550518700008000000935d0c0400000000fffffcff
319,769,46991,-0.026413425,0.968846674,1.471062969,0.294880250,1.003337841,-2.211735367,3.696947775,7d3c653872cb5756a5526d2f0308a00007000000da1f050200000000fffffaff851fa23607432dba,e4665d408f0e1757593cdf384b4cd15872543c570518700008000000915d0c0500000000fffffbff
320,770,46992,-0.026324629,0.968660692,1.471672262,0.262736083,1.017337197,-2.191247874,3.674630515,803c5a387acb445608d27e0f0308a00007000000da20030200000000fffffaffc220603ffc40a83b,a66299439c0feda4503ce338a64bc858cf7b1e1405187000080000009458100300000000fffffbff
321,771,46993,-0.026028642,0.968914304,1.466721753,0.283839942,1.008274812,-2.189267670,3.669308715,8a3c693839cb6056ce33b5120308a00007000000d71f080200000000fffffaff351e263d8e41a4d6,6f658141b60f3f79603cdc38224cc75860fdc5270518700008000000935c0d0300000000fffffaff
322,772,46994,-0.026147037,0.968846674,1.477993682,0.262736083,1.017337197,-2.191247874,3.680915427,863c6538cdcb595666ba62340308a00007000000d91e060200000000fffffaff1f208a3f1d3f3db0,a66299439c0f86b9603cd338a64bc858a7781e1405187000080000009458100300000000fffffbff
323,773,46995,-0.026206234,0.969167915,1.469311250,0.293163527,1.019467534,-2.197721617,3.681257549,843c78385bcb81568df2324a0308a00007000000d31a0f0300000000fffffaff121750426442c8de,aa661744470f37765d3cdd38444cca5809d5fb3b0518700008000000905c0d0500000000fffffbff
324,774,46996,-0.025229478,0.971095363,1.496044002,0.281294456,0.994393808,-2.193761209,3.702588586,a53cea38bacc4d569b049e0b0328200007000000c824130100000000fffffbfff5172145a24069ac,19654c3e7b0fab50563ce438184cca585e7ad5020518700008000000945c0d0300000000fffffaff
325,775,46997,-0.025140682,0.971332067,1.494292283,0.306956512,1.000615744,-2.174111494,3.683521732,a83cf838a3cc6956c3c60d300328200007240000c825120100000000fffffbff0416bf435e4096c6,7c68bc3f7d10776e613ce838784cc058d15d632e0518700008000000915d0d0400000000fffffaff
326,776,46998,-0.025259076,0.971298252,1.498481176,0.317878425,0.993802048,-2.184545645,3.699045327,a43cf638dacc70567edb90540328200007240000c825110100000000fffffbffa016a5422c4379aa,ed69293ef40fc1415c3ceb38a04cc55898b08d500518700008000000905e0c0500000000fffffaff
327,777,46999,-0.025170280,0.971044640,1.497110266,0.283839942,1.008274812,-2.189267670,3.699493977,a73ce738c8cc405621a0389d0328200007000000c920150100000000fffffbffef16e74320426194,6f658141b60fdf76543ce938224cc75802ffc5270518700008000000935c0d0300000000fffffaff
328,778,47000,-0.025259076,0.971078455,1.496424810,0.253234907,1.001241319,-2.207241828,3.714244911,a43ce938bfcc5056dfbc6d340328200007000000c824130100000000fffffbffef16e743204212bf,6561e13fca0e4f57523cda385f4bd0583bf66b44051870000800000097580e0200000000fffffbff
329,779,47001,-0.025111083,0.971146085,1.496424810,0.315747320,1.009052554,-2.176244021,3.688647137,a93ced38bfcc5056c5be5d340328200007000000c824130100000000fffffbff361e143afd40b1ad,a569af4161105f6f5f3ce938984cc05847254b3d05187000080000008f5d0d0600000000fffffaff
330,780,47002,-0.026235833,0.968897396,1.477993682,0.306956512,1.000615744,-2.174111494,3.667409905,833c6838cdcb665684f6f14e0308a00007000000d91d070200000000fffffaff3b18114394407cd8,7c68bc3f7d103f72583cf038784cc0580f5f632e0518700008000000915d0d0400000000fffffaff
331,781,47003,-0.025347872,0.971230622,1.493530666,0.303967045,0.991265933,-2.174416141,3.682754880,a13cf23899cc6b561725dd070328200007240000c823120100000000fffffbffe81ede401940f3c1,1768933d7910a242593cee386d4cc058f74294070518700008000000925d0d0300000000fffffaff
332,782,47004,-0.026117438,0.969049563,1.475099538,-0.240145495,0.957045284,-0.707389741,2.192991465,873c7138a7cb7056657290550308a00007240000d41c0d0200000000fffffafff5172145a2406994,4820ab35b75b8819ac3cfa388746295748ad3c86020c400000000000d529010000000000ffffffff
333,783,47005,-0.025377471,0.971196807,1.494292283,-0.284721108,1.040077697,-0.663901419,2.174811199,a03cf038a3cc695630c50d300328200007240000c825120100000000fffffbffcd194e45d63efcd2,661ada48f25db0093c3c3039e14826571ed223d8020c400000000000a14d110000000000ffffffff
334,784,47006,-0.025436668,0.971433511,1.489798744,-0.241803021,0.966023132,-0.704419436,2.204866683,9e3cfe3868cc8656f99dcb430328200007240000c726100200000000fffffbff281745468040f998,1020be37de5b642dab3cfa389f46265727b9edaf020c400000000000d529010000000000ffffffff
335,785,47007,-0.025170280,0.971348974,1.496044002,-0.300645198,1.055176037,-0.640900589,2.156257311,a73cf938bacc6b56d2a2153d0328200007240000c825110100000000fffffbffac1563426542d8d9,4c18574c205f96343e3c39393f49135747fa70ed020c400000000000a14d110000000000ffffffff
336,786,47008,-0.025199879,0.971129178,1.499166631,-0.315207749,1.022713762,-0.620184611,2.139723164,a63cec38e3cc4e56fdf610120328200007240000c823130100000000fffffbff211bcc4bc63e00e9,6016d7443060f760393c43396d490357aed962b2020c400000000000a14d110000000000ffffffff
337,787,47009,-0.025614260,0.971416604,1.486980761,-0.288805726,1.027701455,-0.624068857,2.128137266,983cfd3843cc81564b6a628f0328200007240000c726100200000000fffffbfff119e847683f1197,dc19fe45fd5fb19e3e3c4739af4801575ab8bba1020c400000000000a14d110000000000ffffffff
338,788,47010,-0.025495866,0.971348974,1.489646420,-0.241803021,0.966023132,-0.704419436,2.204709081,9c3cf93866cc7a563a216e280328200007240000c825110200000000fffffbfff119e847683f419e,1020be37de5bc35caf3c00399f46265745b8edaf020c400000000000d529010000000000ffffffff
339,789,47011,-0.025140682,0.971534956,1.489646420,-0.250001856,0.960122437,-0.685226691,2.186496248,a83c043966cc7a5685226e280328200007240000c825110200000000fffffbff5f1cf5476c3d3ecf,fb1e6136da5c0f57ac3c0239c9461657d4bfd69b020c400000000000d529010000000000ffffffff
340,790,47012,-0.025525464,0.971636401,1.483858132,-0.313402229,1.009069462,-0.636178565,2.139820054,9b3c0a391acc9a56ce5ad4440328200007240000c4290f0400000000fffffbff591657442f428ebc,9d16b0415e5f3810373c3d39634911574db6d2d7020c400000000000a14d110000000000ffffffff
341,791,47013,-0.025140682,0.971146085,1.497795721,-0.251570586,0.966699430,-0.699697411,2.209132486,a83ced38d1cc4f568caa853d0328200007240000c824130100000000fffffbff211bcc4bc63e0636,c61ee6371c5c3f64ae3cfe3818472357968a02b6020c400000000000d529010000000000ffffffff
342,792,47014,-0.025140682,0.971687123,1.486980761,-0.239079943,0.969404619,-0.734579463,2.231838939,a83c0d3943cc8156906b620f0328200007240000c726100200000000fffffbffdb1a0f4bcc3c63c6,6c208638525ac01db13cf438cf46435728bea1d2020c400000000000d529010000000000ffffffff
343,793,47015,-0.025436668,0.971754753,1.487209246,-0.229756358,0.977537095,-0.736331182,2.232915585,9e3c113946cca3565903f24e0328200007240000c22c0d0400000000fffffbff2e18cd4ab73ed19b,a721673a3b5acc28ad3cf03839463c57c4bc5da9020c400000000000d529010000000000ffffffff
344,794,47016,-0.025259076,0.971568771,1.493606828,-0.250919415,0.958499324,-0.704876406,2.210072833,a43c06399acc85566e4372350328200007240000c7280f0200000000fffffbff9d0d8a5df4411d3d,dc1e0136d85b4826ae3cfc3816472857660a92cb020c400000000000d529010000000000ffffffff
345,795,47017,-0.029728477,0.976607186,1.518054729,-0.188880581,1.017337197,-0.805485993,2.329341069,0d3c303adbcd4756cda84c340308a00007240000ed0d030200000000fffffcffcf0c3d5c5143981b,0c279943af56e805b53cd83881446b570e22b5cd020c400000000000d529010000000000fffffeff
346,796,47018,-0.029550885,0.976759353,1.520111095,-0.209747651,0.993244102,-0.753543723,2.280843890,133c393af6cd32569d86cd35030870000a24b000ed0e020200000000fffffdff6d0c865b6844ef73,4b24083e5959f424ae3ce538644548577734ada3020c400000000000d529010000000000fffffeff
347,797,47019,-0.029610082,0.976860798,1.521177358,-0.241033456,0.980123933,-0.728410367,2.259503358,113c3f3a04ce205629dbb79e030870000a24b000eb11020100000000fffffdff600c305e0742ad47,2a20003ba35a6764b23cf738ee463c5760ba63ba020c400000000000d529010000000000ffffffff
348,798,47020,-0.029669280,0.976607186,1.520872712,-0.229756358,0.977537095,-0.736331182,2.266054969,0f3c303a00ce4656e39942370308a0000724b000ed0d030200000000fffffdff200d195b4343b245,a721673a3b5a2f55b43cfa3839463c571ebc5da9020c400000000000d529010000000000ffffffff
349,799,47021,-0.029580484,0.976742446,1.519349478,-0.225523747,0.965363742,-0.743871189,2.271715437,123c383aeccd3356fe7ece0e030870000a24b000ec0f020200000000fffffcffcf0c3d5c5143cb4b,36229737d8596006af3cf13804464257508dfac1020c400000000000d529010000000000fffffeff
350,800,47022,-0.029669280,0.976759353,1.520111095,-0.204183099,0.982304992,-0.770908588,2.297663381,0f3c393af6cd32560585cd35030870000a24b000ed0e020200000000fffffdff4b0e7a5be641d639,0725813b7558980bb13ce5383b455857da2c7cc7020c400000000000d529010000000000fffffeff
351,801,47023,-0.029521286,0.976590279,1.516455334,-0.197996975,1.009272351,-0.770603941,2.293489111,143c2f3ac6cd49567dce6d0b0308a00007240000ec0e030200000000fffffcffd619e54dba3d7dc4,d825bc417958d9aebd3cf43896444b5742e0cea0020c400000000000d529010000000000fffffeff
352,802,47024,-0.025288675,0.971737845,1.489722582,-0.197996975,1.009272351,-0.770603941,2.267225835,a33c103967cc9256d443f05a0328200007240000c5290e0300000000fffffbff9d0d8a5df4418012,d825bc4179589e33ae3cdd3896444b5730e0cea0020c400000000000d529010000000000fffffeff
353,803,47025,-0.029462089,0.976624094,1.518054729,-0.261338150,0.919121908,-0.489643481,2.021861793,163c313adbcd475630aa4c340308a00007240000ed0d030200000000fffffcffec1730476e3e83bf,7c1de82ce266ef5dc23c9238bd477556c3df1e910210300000000000ba26200000000000ffffffff
354,804,47026,-0.025347872,0.971518049,1.493987636,-0.205988618,1.027177324,-0.792538507,2.294325791,a13c03399fcc8d5691cba1530328200007240000c6280f0200000000fffffbff0710105d9c40b02b,ca24df4559570018b93cde38c4456b57b50592da020c400000000000d529010000000000fffffeff
355,805,47027,-0.029491688,0.976421205,1.512342603,-0.229785957,1.004335380,-0.756590191,2.277927351,153c253a90cd5c56da351c050308a00007240000ea0d050200000000fffffcff9c0ccc5ba2416831,a621984031599b5bb63cee3895464e572abee1b0020c400000000000d529010000000000ffffffff
356,806,47028,-0.029610082,0.976573372,1.520263418,-0.215963373,1.036222802,-0.770756264,2.299360082,113c2e3af8cd4e567a79b24b0308a00007240000ec0d030200000000fffffcff1b0cb55c6a439f59,7923f6477758bf5fbb3ce6382546575779bd32b0020c400000000000d529010000000000ffffffff
357,807,47029,-0.029639681,0.976759353,1.521710490,-0.209747651,0.993244102,-0.753543723,2.282431240,103c393a0bce30560d8a9339030870000a24b000ed0e020200000000fffffdff4810d76201413766,4b24083e595999a7b83cf638644548573130ada3020c400000000000d529010000000000fffffeff
358,808,47030,-0.029343694,0.976438112,1.511961794,-0.214335446,1.036036820,-0.771060911,2.291280565,1a3c263a8bcd525672b131940308a0000724b000eb0d050200000000fffffdff020ff55f0d412007,b023eb4773587768bb3ce6380e46575777344aab020c400000000000d529010000000000ffffffff
359,809,47031,-0.029402891,0.976488834,1.514779777,-0.266281130,0.922858451,-0.487282468,2.016740130,183c293ab0cd5456e249cb2a0308a00007240000ec0d040200000000fffffdff020ff55f0d41de35,d51cc52d0167300cc13c8938ef477456be5e5cb80210300000000000ba26200000000000ffffffff
360,810,47032,-0.029758076,0.976471927,1.514779777,-0.266073939,0.916805589,-0.462453759,1.992199215,0c3c283ab0cd54563948cb2a0308a00007240000ec0d040200000000fffffdff6712855fa33f8822,dc1c5f2c4768e001c63c8c38084860565ffac81a0210300000000000ba26200000000000ffffffff
361,811,47033,-0.029462089,0.976235223,1.506858961,-0.224132609,0.992398731,-0.768776060,2.284003639,163c1a3a48cd6a56eb2d74450308a00007240000e60d090200000000fffffcff0e0ce15a3e433243,6522d63d91588014b43ce93854465957be9552d7020c400000000000d529010000000000fffffeff
362,812,47034,-0.029610082,0.976742446,1.521786652,-0.272052873,0.925157862,-0.485911558,2.022941318,113c383a0cce3456f181c208030870000a24b000ed0e020200000000fffffdff4810d7620141ddaf,121c4d2e1367b0f8c13c8b381548745612a944b90210300000000000ba26200000000000ffffffff
363,813,47035,-0.029817273,0.976387390,1.511961794,-0.266281130,0.922858451,-0.487282468,2.013891289,0a3c233a8bcd525627b031140308a0000724b000eb0d050200000000fffffdffef10f863ba3ed431,d51cc52d0167c0e1c33c9338ef477456455f5cb80210300000000000ba26200000000000ffffffff
364,814,47036,-0.029610082,0.976133778,1.510057752,-0.273118425,0.936654918,-0.508150770,2.033229090,113c143a72cd77564da9b1500328200007248000e60b0b0300000000fffffdff080ef561a7409836,ee1bf530ef6508f0bd3c8b3806488556f3bca2b40210300000000000ba26200000000000ffffffff
365,815,47037,-0.029698878,0.976404297,1.516912304,-0.275486320,0.918175091,-0.489338834,2.022089448,0e3c243acccd5a56f5c091320308a00007240000ec0c040200000000fffffdff04082b6e024274d9,9e1bb02ce666f99bc13c8e383b4877567dac718c0210300000000000ba26200000000000ffffffff
366,816,47038,-0.028810918,0.971568771,1.531002216,-0.273947188,0.927322014,-0.519575023,2.065651612,2c3c063985ce3e56a60bef2e03282000091cb000f109040101000000fffffeff0b0ea75e0140e825,d21bcd2e59658993bd3c8f382b488e56c54062cd0210300000000000ba26200000000000ffffffff
367,817,47039,-0.029610082,0.976387390,1.516759981,-0.254708046,0.949234049,-0.524601695,2.053914284,113c233acacd675619a1e2510308a00007240000eb0c060200000000fffffdff9b0f8466c53fc633,5c1edd331765a0d6bc3c9f384b478c56d727cba90210300000000000ba26200000000000ffffffff
368,818,47040,-0.029758076,0.976218315,1.513256543,-0.251836974,0.926003234,-0.517061688,2.043044960,0c3c193a9ccd6456ce4ca05e0308a00007248000eb0b070200000000fffffdff1607036d27421cb8,bd1e7f2e7a658f65be3c96383c4788568337fe8b0210300000000000ba26200000000000ffffffff
369,819,47041,-0.028870115,0.971602586,1.533134743,-0.261486144,0.934812007,-0.508836225,2.055507042,2a3c0839a1ce3d560a95010e03282000091cb000f009050101000000fffffeff5908016d08438803,771d8830e665e808bd3c88389f478356c7124cb40210300000000000ba26200000000000ffffffff
370,820,47042,-0.028929313,0.971501141,1.530469084,-0.261486144,0.934812007,-0.508836225,2.052850437,283c02397ece2e568625aa9a03282000091c0000f007060101000000fffffeffad07c46e1f4290f8,771d8830e665f8dec03c99389f47835689135cb40210300000000000ba26200000000000ffffffff
371,821,47043,-0.028840517,0.971585678,1.531763833,-0.241743824,0.939360107,-0.539453223,2.082379984,2b3c07398fce3c562c42b73d03282000091cb000f109040101000000fffffeff04082b6e02429bbf,1220953154643f6aba3c9a38bd4697560d576dc80210300000000000ba26200000000000ffffffff
372,822,47044,-0.028958911,0.971619493,1.531002216,-0.245621251,0.959260158,-0.526201090,2.068618081,273c093985ce3e56570aef2e03282000091cb000f109040101000000fffffeff7007bf70f940c0ef,8f1f2e360265f4d6ba3ca338cd468c56dd0f2ba50210300000000000ba26200000000000ffffffff
373,823,47045,-0.028781319,0.971704030,1.532068479,-0.229608365,0.957417248,-0.560169202,2.101902503,2d3c0e3993ce4e565a3ef63a03282000091cb000f00a030101000000fffffeff2308636df84188b8,ac21c1354463ff7bb53c9d382c46a5560de629c70210300000000000ba26200000000000ffffffff
374,824,47046,-0.028929313,0.971619493,1.530697569,-0.260420591,0.980259192,-0.551334446,2.094879512,283c093981ce3f56b0621e4d03282000091cb000f109040101000000fffffeff1408ba6fe74068d0,9b1d083bb863b3b6b23c8d38b847a056cfc8d0e70210300000000000ba26200000000000ffffffff
375,825,47047,-0.028751720,0.971670215,1.530621407,-0.245621251,0.959260158,-0.526201090,2.068261393,2e3c0c3980ce4f56c3cfce2c03282000091cb000f00a030101000000fffffeffab06896ec7404db0,8f1f2e3602656808b73c8338cd468c56cb0e2ba50210300000000000ba26200000000000ffffffff
376,826,47048,-0.028840517,0.971737845,1.533744037,-0.239553522,0.972633939,-0.574487599,2.118735803,2b3c1039a9ce535668f5105103282000091c8000f00a040101000000fffffeff4b0afb702b3e599e,5c20453988627189b13c9738d046b056059dd4d10210300000000000ba26200000000000ffffffff
377,827,47049,-0.028840517,0.972075994,1.524985443,-0.254708046,0.949234049,-0.524601695,2.062121560,2b3c243936ce7a56a84133470328200007248000e810030201000000fffffeff1408ba6fe740a1b2,5c1edd3317653806b93c86384b478c569c26cba90210300000000000ba26200000000000ffffffff
378,828,47050,-0.028958911,0.971754753,1.530621407,-0.269536985,0.956876210,-0.529552204,2.074226239,273c113980ce4f56abcece2c03282000091cb000f00a030101000000fffffeffc9085b6f693f5998,671ca135d66420e3b83c8b380c4892562d9d71b00210300000000000ba26200000000000ffffffff
379,829,47051,-0.028870115,0.971906920,1.528641204,0.368136984,1.227293724,-1.017215481,2.589251497,2a3c1a3966ce685685025a410328200007248000ee0c030101000000fffffeff660a4a74643f3f76,8f701b74d34b300e303c5039dc49dc56159b1c3a0308900000000000e619000000000000ffffffff
380,830,47052,-0.028988510,0.971991457,1.525061604,0.360411728,1.219583934,-1.020033463,2.586589160,263c1f3937ce64561651d41303282000091c8000ed0c030201000000fffffeff18091e72f53f9ac8,8a6f5372ae4b7f532e3c4b398949e056b2f580120308900000000000e619000000000000ffffffff
381,831,47053,-0.028662924,0.971754753,1.528108072,0.360796511,1.228815394,-1.001906982,2.572690226,313c11395fce5d56f78bae2503282000091c8000ef0b030101000000fffffeff18091e72f53f09a3,976f75749c4c48e72d3c5339b249cb5639b735ad0308900000000000e619000000000000ffffffff
382,832,47054,-0.028958911,0.971890012,1.528108072,-0.261663736,0.949031160,-0.549430404,2.090655443,273c19395fce5d56c88aae2503282000091c8000ef0b030101000000fffffeff59082c6eb6400da1,711dd133d163518eb73c9238d247a256ec44d3d10210300000000000ba26200000000000ffffffff
383,833,47055,-0.028899714,0.971754753,1.529935952,0.361802866,1.224098219,-1.020109625,2.592114615,293c113977ce5356e21a6d4703282000091c8000f00a040101000000fffffeff660a4a74643ff546,b96f5e73ad4b081a313c52399f49de56a20022350308900000000000e619000000000000ffffffff
384,834,47056,-0.028574128,0.971805475,1.525061604,0.361802866,1.224098219,-1.020109625,2.587265431,343c143937ce6456be53d41303282000091c8000ed0c030201000000fffffeffaf07e073e83fd8e4,b96f5e73ad4ba23c2d3c4b399f49de56d40122350308900000000000e619000000000000ffffffff
385,835,47057,-0.028692523,0.971822382,1.531306863,0.370149694,1.214359537,-1.013712043,2.587473791,303c153989ce5d56749a943703282000091c8000ee0b030201000000fffffeffbe0841768c3df9ab,d3701e71014c57612f3c4e39cb49e05659237c080308900000000000e619000000000000ffffffff
386,836,47058,-0.028692523,0.972109809,1.528336557,0.353692828,1.223303570,-1.045319143,2.614004691,303c263962ce82560592605903289000021c8000e514020202000000fffffeffe808f57b543a1fb6,a76e2f73624abf532f3c42395549f25660e9712f0308900000000000e816010000000000ffffffff
387,837,47059,-0.029639681,0.972346513,1.527194132,0.368610563,1.212871682,-1.042272676,2.611247841,103c343953ceb25689ae4e2f0328700009088000cb2f030200000000fffffefffb072378b33eb8c0,9f70c6708a4acf67323c4639b249fa562abbdd490308900000000000e816010000000000ffffffff
388,838,47060,-0.028633326,0.971974549,1.530392922,0.342682119,1.233414216,-1.067939164,2.637717856,323c1e397dce6e56b7dd406e03289000021c8000ea0f030201000000fffffeff0a073571683f99ad,336d85753949bf5f303c39390d49fe5624bd322c0308900000000000e713040000000000ffffffff
389,839,47061,-0.028781319,0.971873105,1.532601611,0.364910728,1.228003837,-1.042272676,2.617360115,2d3c18399ace6856d8b5805503282000091c8000ee0c030101000000fffffeff3308507b3c3a8ec5,227045748a4a4013343c4a39ba49f156cc2a4c3b0308900000000000e816010000000000ffffffff
390,840,47062,-0.029669280,0.972346513,1.528793527,0.353692828,1.223303570,-1.045319143,2.614574915,0f3c343968ceb55696b6f0520328700009088000ca2f030200000000fffffeff8b08f67bf93af831,a76e2f73624a6428363c4e395549f25642e8712f0308900000000000e816010000000000ffffffff
391,841,47063,-0.029639681,0.972261976,1.528184233,0.352656874,1.215289446,-1.045014496,2.612769548,103c2f3960cea8560d6ca7a20328700009088000cd2c030201000000fffffeffa308957c453ad9b0,846e5571664a4f64303c43393c49f6566751320b0308900000000000e816010000000000ffffffff
392,842,47064,-0.029639681,0.972346513,1.527803425,0.328652344,1.245908810,-1.083019178,2.649453560,103c34395bceb356557e263f0328700009088000cb2f030200000000fffffeffe808f57b543af19c,596b687873484f60313c3039af4801571235532d0308900000000000e611080000000000ffffffff
393,843,47065,-0.029698878,0.972312698,1.527194132,0.340432619,1.218248247,-1.073118158,2.638011680,0e3c323953ceb256a6ac4e2f0328700009088000cb2f030200000000fffffeff2f0a4d7da03904d7,e76c0472f5487f6d333c3939dd480a57377523060308900000000000e713050000000000ffffffff
394,844,47066,-0.029787674,0.972380328,1.524223826,0.320009530,1.226904853,-1.108076372,2.667610382,0b3c36392ccebc56e991109e0328700009088000c336040200000000fffffeff0b09207b593a2cd6,356a04742a47a776373c2b3941481e57670586410308900000000000e1100d0000000000ffffffff
395,845,47067,-0.029698878,0.972329605,1.526889485,0.352597677,1.242222989,-1.073575129,2.642235663,0e3c33394fceb256a2208d0a0328700009088000cb2f030200000000fffffeffc809e37aa839f1c3,826e8e77ef48f015393c43396d4903575456fc380308900000000000e712060000000000ffffffff
396,846,47068,-0.029728477,0.972397235,1.525061604,0.344310046,1.257693292,-1.102897378,2.669731647,0d3c373937cebe563a29ab040328700009088000c435040100000000fffffeff7909447cc03975a2,6a6d217b6e47f6343e3c39393f49135700ebae6f0308900000000000e40f0c0000000000ffffffff
397,847,47069,-0.029610082,0.972414143,1.525823221,0.315924912,1.132392292,-0.919271552,2.474565799,113c383941cebb56e2fe8c2e0328700009088000c534040100000000fffffeff2f0a4d7da039de41,ab692e5ed9502cdf2d3c5339b249cb5687d675bb0308400000000000a955010000000000ffffffff
398,848,47070,-0.029610082,0.972447957,1.524223826,0.338715896,1.236711166,-1.115540218,2.678404987,113c3a392ccebc56f193101e0328700009088000c336040200000000fffffeff7909447cc039998e,ad6c4876c846276f3c3c3039e1482657c95e6d4f0308900000000000e2100d0000000000ffffffff
399,849,47071,-0.029758076,0.972363420,1.525823221,0.357540656,1.220851992,-1.076012303,2.642214028,0c3c353941cebb5609fd7c2e0328700009088000c534040100000000fffffeff30094a7d7b39ada1,296f9e72cf48cf69373c3d3963491157fefe0d4f0308900000000000e713050000000000ffffffff
400,850,47072,-0.029639681,0.972447957,1.526356353,0.324686121,1.110412627,-0.920413978,2.476139349,103c3a3948cebf56fe7e12370328700009088000c336040200000000fffffeff3a0a367fb43852bd,d36a1a59ca50075c2f3c4e39cb49e056bcc3eb110308400000000000a956000000000000ffffffff
401,851,47073,-0.029639681,0.972566309,1.523843017,0.328652344,1.245908810,-1.083019178,2.645528265,103c413927ceca566d33305c0328700009202000bb3c060200000000fffffeffa80a707c8938e1b4,596b68787348e81f3e3c4739af4801574734532d0308900000000000e611080000000000ffffffff
402,852,47074,-0.029728477,0.972549402,1.522929077,0.314592971,1.112779667,-0.927649338,2.478619849,0d3c40391bcecf56bb1691530328700009088000b93d060200000000fffffeff0509987b5d3995ae,7e69a6596b50ff592e3c4b398949e056aa22511a0308400000000000a955000000000000ffffffff
403,853,47075,-0.029698878,0.972431050,1.526737161,0.316753675,1.117733546,-0.930162673,2.485457500,0e3c39394dcec256cf9601530328700009088000c336040100000000fffffefff80ae47a033924be,c769cb5a4a50b81c313c52399f49de5677f921720308400000000000aa55000000000000ffffffff
404,854,47076,-0.029758076,0.972498680,1.522243622,0.342682119,1.233414216,-1.067939164,2.629797612,0c3c3d3912cec85648c622480328700009088000bd3b050100000000fffffefffe14905bd13af7c2,336d8575394900263a3c49390d49fe5630bc322c0308900000000000e713040000000000ffffffff
405,855,47077,-0.025318274,0.970114731,1.500156733,0.316753675,1.117733546,-0.930162673,2.458710424,a23cb038f0ccbb56f9b746a40328700002248000b340070400000000fffffcff3d16d15a1e39f0e3,c769cb5a4a50ba392d3c4b399f49de56cffa21720308400000000000aa55000000000000ffffffff
406,856,47078,-0.025170280,0.970165454,1.497034104,0.307400492,1.106287212,-0.948289155,2.471586189,a73cb338c7ccd7568dc70d340328700002245000a552060200000000fffffbff8f168a593b393769,8b6826585c4fd3582f3c42395549f2562a16d2330308400000000000ae51000000000000ffffffff
407,857,47079,-0.025170280,0.970131639,1.496348649,0.305387782,1.097562976,-0.944252585,2.466179588,a73cb138beccd65680674d0b0328700002245000a650060200000000fffffbffef5b4347e90849a3,47682256914f4f67303c43393c49f656279642110308400000000000ad52000000000000ffffffff
408,858,47080,-0.026176635,0.972329605,-1.049508036,0.295886605,1.108569716,-0.971137661,0.358368545,853c33392b4a01594fd62c0705187000080000009467020200000000fffffdff5d5e7d43e50841a2,0667ad58304e8763303c39390d49fe56bc2163330308000000000000b54a000000000000ffffffff
409,859,47081,-0.026295030,0.972414143,-1.039073885,0.324153345,1.123110110,-0.929934188,0.396780558,813c3839b44a02598281c50105188000070000009567020200000000fffffdffad605042140a499a,c16a095c4d50d811303c5039dc49dc566217bd750308400000000000aa54000000000000ffffffff
410,860,47082,-0.026443023,0.972363420,-1.029096704,0.320305516,1.113202353,-0.948289155,0.382883814,7c3c3539374bf858e7d8c30505187000080000009565020200000000fffffcffc55f4245340865ad,3f6abf595c4f6019343c4a39ba49f15658979c770308400000000000ae51000000000000ffffffff
411,861,47083,-0.026295030,0.972532495,-1.033057112,0.322495819,1.096599252,-0.940825310,0.381515821,813c3f39034b0759e04b4d5505188000070000009269030200000000fffffdff0d4fdf15d30dcc40,896ae955be4fff66323c4639b249fa5664474d090308400000000000ad52000000000000ffffffff
412,862,47084,-0.028218944,0.972617032,-1.118053553,0.307400492,1.106287212,-0.948289155,0.399159209,403c4439a746e658708d102b0518700000000000a44e0d0000000000fffff8ff244f9c14c10d3436,8b6826585c4ffc2d363c4e395549f256bc14d2330308400000000000ae51000000000000ffffffff
413,863,47085,-0.028189346,0.972617032,-1.117291936,0.291476402,1.090681650,-0.969538265,0.371425082,413c4439b146e758acc5c3450518700000000000a44e0d0000000000fffff8ffa54eba13170fe0fb,71668b54454e6f6d333c3939dd480a57b169e3090308000000000000b34c000000000000ffffffff
414,864,47086,-0.028159747,0.972786106,-1.121633153,0.281412850,1.116127340,-0.989492627,0.365845624,423c4e397846dc58837ec5960518700000000000a24c110000000000fffff7ffe260fa43280a7cdd,1d656c5a3f4dcf62313c3039af4801579b8d83340308000000000000ba45000000000000ffffffff
415,865,47087,-0.026443023,0.972312698,-1.028258925,0.268507826,1.089210703,-1.004648803,0.318148684,7c3c3239424bf658392cd22b05187000080000009566020200000000fffffcffd5614243520b70e2,69633454784ca775373c2b3941481e579d7135020308000000000000ba45000000000000ffffffff
416,866,47088,-0.026620616,0.972447957,-1.024146194,0.465990221,1.242679490,-0.527267354,0.750052731,763c3a39784bec58fe48912c05187000080000009564040200000000fffffcff0b62c7414b0b598a,797da977f46478e12d3cd3399c4d6456165fbe72020c400000000000854e2c0000000000ffffffff
417,867,47089,-0.026591017,0.972346513,-1.023232254,0.478658456,1.223709348,-0.516147747,0.758679776,773c3439844bed5815a5940305187000080000009564040200000000fffffcff6a62f4432f0b98f8,257f4773866528d0323cc939ca4d675695b63f60020c400000000000854e2c0000000000ffffffff
418,868,47090,-0.026591017,0.972431050,-1.021632859,0.350436973,0.977401836,-0.584769427,0.577082725,773c3939994bed58bfb29a3d05187000080000009464040300000000fffffcff445b3e45f607b1a3,396e5f3a01624a452d3c4b399f49de56ffaca233020c400000000000e914010000000000ffffffff
419,869,47091,-0.026117438,0.972464865,-1.052402180,0.474899424,1.234276495,-0.502743291,0.788472016,873c3b39054a0a5920137c4605188000070000009468010100000000fffffdff935f2648da08a009,a67eb875366620df2e3cc839cc4d5a56c91a5a3d020c400000000000854e2c0000000000ffffffff
420,870,47092,-0.026354227,0.972617032,-1.033894890,0.356179117,0.972312698,-0.559255262,0.609602025,7f3c4439f84a0159cfe61b3b05188000070000009269030200000000fffffdff2a5dc84bb007b74b,fb6e32395063b8152d3c5339b249cb567a9ba89c020c400000000000e914010000000000ffffffff
421,871,47093,-0.026206234,0.972718476,-1.044252879,0.356534301,0.968576155,-0.584236295,0.598433567,843c4a39704a0a59edfbce5d05188000070000008e6d030100000000fffffdfff2624942120b55a9,076f55380862ff6f2f3c4e39cb49e056a2d25b44020c400000000000e914010000000000ffffffff
422,872,47094,-0.026561418,0.972397235,-1.019348008,0.350436973,0.977401836,-0.584769427,0.575335881,783c3739b74bef58d053af5305187000080000009464040300000000fffffcffe260fa43280ab8eb,396e5f3a0162a01d313c52399f49de566caca233020c400000000000e914010000000000ffffffff
423,873,47095,-0.026531819,0.972532495,-1.028258925,0.464776675,1.230523044,-0.552400710,0.731015870,793c3f39424bf6580e2dd22b05187000080000009566020200000000fffffcff975eca45470968da,507dda74aa63e8d5313cd839724d775687723f5f020c400000000000854e2c0000000000ffffffff
424,874,47096,-0.026295030,0.972329605,-1.038083783,0.466108616,1.225924222,-0.499468338,0.772578913,813c3339c14afe582ee8132705188000070000009467020200000000fffffdffef5b4347e908e0e7,7d7dca73616648ea2a3cc9398b4d5256dd0eb324020c400000000000854e2c0000000000ffffffff
425,875,47097,-0.026354227,0.972803014,-1.049508036,0.359020590,0.981510343,-0.581494474,0.606321912,7f3c4f392b4a0159ced42c8705187000080000009467020200000000fffffdff365ba549040719ae,5b6f523b2c624814303c5039dc49dc56e62e9d37020c400000000000e914010000000000ffffffff
426,876,47098,-0.026058241,0.972633939,-1.052630665,0.347121921,0.972735384,-0.586368822,0.597213152,893c4539024a1059d3eb2d5305188000070000008f6d020100000000fffffdff1d620e43ba09c9aa,c96d4b39ec61df612e3c4b398949e0568838d110020c400000000000e914010000000000ffffffff
427,877,47099,-0.026472622,0.972447957,-1.022927607,0.334749672,0.986768555,-0.611959149,0.547340570,7b3c3a39884bfa58dabf1e5405188000070000009366030200000000fffffcff716134450c0ad002,276c893c9c60a3502f3c42395549f25693e8222c020c400000000000e914010000000000ffffffff
428,878,47100,-0.026502221,0.972515587,-1.025821751,0.330635456,0.979109487,-0.615310263,0.544160346,7a3c3e39624bf75892564a3d05188000070000009366030300000000fffffcff975eca454709f0f4,9c6bc43a7060676f303c43393c49f656a9a08208020c400000000000e914010000000000ffffffff
429,879,47101,-0.026443023,0.972667754,-1.038083783,0.320009530,1.005163844,-0.630542600,0.535887286,7c3c4739c14afe5839e9132705188000070000009467020200000000fffffdfffc16c65d593790f8,356ac940a85f2350303c39390d49fe563c642326020c400000000000e914010000000000ffffffff
430,880,47102,-0.025022287,0.969894935,1.495053900,0.279992114,1.020735592,-0.673650114,2.190638185,ac3ca338adccf2561a49f43b03287000022450009e58080100000000fffffcff251bd15e883638ee,ed646244725d3987373c2b3941481e5714d1c448020c400000000000e914010000000000ffffffff
431,881,47103,-0.024785497,0.970216176,1.485609851,0.349045835,0.993362454,-0.609217328,2.128047585,b43cb63831ccfd561997129203287000021490009a570d0100000000fffffcffa814575af638e54d,0a6e0f3ec060181a343c4a39ba49f1567ff2fc37020c400000000000e914010000000000ffffffff
432,882,47104,-0.025170280,0.970047102,1.500537541,0.346944329,0.980462082,-0.617595113,2.150596126,a73cac38f5ccdb561438a0580328700002245000a651060200000000fffffcff8c16f55afa36eb57,c36d143b52601770323c4639b249fa56ba221d4d020c400000000000e914010000000000ffffffff
433,883,47105,-0.024992688,0.969979472,1.495891679,0.334749672,0.986768555,-0.611959149,2.138394619,ad3ca838b8ccfb5635b0e15103287000021490009d58090100000000fffffcff8018a7598037bf6e,276c893c9c60f429363c4e395549f2562ae8222c020c400000000000e914010000000000ffffffff
434,884,47106,-0.024963089,0.970097824,1.491626624,0.311100327,0.998079629,-0.643947057,2.162035279,ae3caf3880ccf256dd0e3b0303287000021490009f56090100000000fffffbffda181d5c983788d7,0869263ff85ee76e333c3939dd480a57a4a0f208020c400000000000e914010000000000ffffffff
435,885,47107,-0.024963089,0.970182361,1.490941169,0.320009530,1.005163844,-0.630542600,2.149633270,ae3cb43877ccee56da673d2a03287000021490009f56080100000000fffffbff131a475e23350760,356ac940a85f68d93a3c49390d49fe562b642326020c400000000000e914010000000000ffffffff
436,886,47108,-0.024755899,0.969878027,1.487742378,0.288960514,1.096852864,-1.014245175,2.524773715,b53ca2384dcc15577a90824b03287000021480009359120100000000fffffcff3d16d15a1e393814,1c66f855fa4bb7723c3c3039e1482657e5c63c490308000000000000bd42000000000000ffffffff
437,887,47109,-0.025199879,0.969962564,1.497034104,0.295886605,1.108569716,-0.971137661,2.492825772,a63ca738c7ccd7562fc71d340328700002245000a552060200000000fffffbff251bd15e8836103b,0667ad58304eb4273a3c49390d49fe566d2063330308000000000000b54a000000000000ffffffff
438,888,47110,-0.024963089,0.969675138,1.485609851,0.365887484,1.124716317,-1.054458545,2.574635779,ae3c963831ccfd56af97129203287000021490009a570d0100000000fffffcffb815925b0f399002,4370685cea4998268b3cdd38264c115769949ba80308900000000000db21030000000000ffffffff
439,889,47111,-0.025199879,0.969996379,1.498176529,0.281412850,1.116127340,-0.989492627,2.510749580,a63ca938d6ccd856e7f1973f0328700002245000a552060200000000fffffcffbb0d896af5374354,1d656c5a3f4dc01f3e3c4739af480157788c83340308000000000000ba45000000000000ffffffff
440,890,47112,-0.026620616,0.968677599,1.515846040,0.309975577,1.092913431,-0.972813218,2.514389875,763c5b38becde456ed780b3a03287000022480009961040100000000fffffdffa818a960e23555a7,e2680f551a4e7f6d373c3d3963491157247f0d4a0308000000000000b44b000000000000ffffffff
441,891,47113,-0.024874293,0.969810398,1.491017331,0.354166407,1.122484535,-1.074032099,2.597394814,b13c9e3878cc085728e450540328700002148000975a0d0100000000fffffcff601b705a25363f68,b76ee45be948c2348e3cd838064c2257e8d433380308900000000000dc21020000000000ffffffff
442,892,47114,-0.024785497,0.970080917,1.485000557,0.298816874,1.121875867,-1.011427193,2.521886539,b43cae3829cc0757c8ccb34603287000021480009855100100000000fffffbff130ed469fb37c81e,6967c05b1f4c8a393e3c39393f49135787ffee6b0308000000000000bd42000000000000ffffffff
443,893,47115,-0.026502221,0.968609970,1.515084423,0.356504702,1.124428890,-1.075479171,2.623355404,7a3c5738b4cde4566fc13e1603287000022480009961040100000000fffffdffbb0d896af537e422,066f575cd64828108f3cdf38104c235709d34b7b0308900000000000dc21020000000000ffffffff
444,894,47116,-0.026472622,0.968609970,1.515846040,0.334660876,1.124648687,-1.095205047,2.640521401,7b3c5738becde456a9790b3a03287000022480009961040100000000fffffdff140de168a6379015,246c645cd3476c38923cd338a74b3357a618c5360308900000000000df20000000000000ffffffff
445,895,47117,-0.026561418,0.968609970,1.517216951,0.307548485,1.116364044,-0.979591608,2.523393285,783c5738d0cdea56744a144403287000022480009762050100000000fffffdffa60c7869d239cf79,90687a5ac14d8818393c43396d490357e1c6ac390308000000000000b748000000000000ffffffff
446,896,47118,-0.026472622,0.968829766,1.518740184,0.359198182,1.112120278,-1.071442601,2.622655335,7b3c6438e4cdc756cdeec69d0328700002248000ae4a050101000000fffffdffda181d5c98378813,616f7f590b49998d8f3cdb38104c2657a3dedb040308900000000000db21030000000000ffffffff
447,897,47119,-0.025081484,0.969810398,1.490941169,0.354166407,1.122484535,-1.074032099,2.597349845,aa3c9e3877ccee5626673d2a03287000021490009f56080100000000fffffbffb90c776b99370351,b76ee45be948500e8f3ce038064c2257c7d433380308900000000000dc21020000000000ffffffff
448,898,47120,-0.026620616,0.968626877,1.517978568,0.352775269,1.120083679,-1.072051895,2.622048473,763c5838dacde956b376613203287000022480009861050000000000fffffdff1910236dac368818,886e565b0349ef508e3cd938fe4b22574e2842240308900000000000dc21020000000000ffffffff
449,899,47121,-0.026472622,0.968407080,1.510286237,0.334660876,1.124648687,-1.095205047,2.635035802,7b3c4b3875cdf65633891b3103287000022480009266060000000000fffffdffea129e6c33353007,246c645cd347b80e933ce338a74b3357d118c5360308900000000000df20000000000000ffffffff
450,900,47122,-0.026591017,0.968221099,1.503736332,0.342090145,1.129416583,-1.100384042,2.635024233,773c40381fcd0d5771fac44403287000022090008c680a0000000000fffffdffb50e4171f5308181,1f6d7e5d8f47581b943ce038e04b355742379d770308900000000000df1f000000000000ffffffff
451,901,47123,-0.025555063,0.970266898,1.512190279,0.329392311,1.117023434,-1.093148682,2.633498856,9a3cb9388ecd5257ed15b93b0a0c7000081490006d642d0101000000fffffdffa2125d6f4d344819,726ba15aee475b57933cd5387b4b3557234873190308900000000000df20000000000000ffffffff
452,902,47124,-0.026709412,0.968170376,1.504117141,0.276351476,1.121351737,-1.141282868,2.667105479,733c3d3824cd1a575ac6b24a032870000814900087690e0000000000fffffdff91118e6e4436d73e,7264a15b7645a98d9f3cd0382e4a5557a985f5410308000000000000e31c000000000000ffffffff
453,903,47125,-0.026827806,0.968491618,1.506935123,0.310981932,1.133017867,-1.111427487,2.645185638,6f3c503849cdfb5662c3528e03287000022480009166070000000000fffffdff8e0ec36e2536dd44,0469535efe469f3a963cce38254b3b57826436350308900000000000e11e000000000000ffffffff
454,904,47126,-0.026709412,0.968457803,1.513637351,0.291653994,1.144650182,-1.120490727,2.659140791,733c4e38a1cdfe564702127503287000090880009166070000000000fffffdff91118e6e4436cf6c,776603618746200c9c3ceb38ae4a3a57e83cc6330308900000000000e21d000000000000ffffffff
455,905,47127,-0.026472622,0.968305636,1.506935123,0.340935797,1.108840235,-1.096804443,2.633286663,7b3c453849cdfb569cbd528e03287000022480009166070000000000fffffdff450f2d6bd535280d,f86cbd58be47998f943cda38c04b3d57d3feea420308900000000000de20000000000000ffffffff
456,906,47128,-0.026620616,0.968407080,1.511961794,0.310981932,1.133017867,-1.111427487,2.650140281,763c4b388bcd05572622544a03287000022480008f68070000000000fffffdff620f5f6f0f3140d8,0469535efe46100e983ce638254b3b57e56426350308900000000000e11e000000000000ffffffff
457,907,47129,-0.025584662,0.970148546,1.510667046,0.281738436,1.137160189,-1.168853398,2.702252798,993cb2387acd515765344d0d0a0c7000081490006c652d0101000000fffffdff9410c16a78368811,2865485f0c44398fa33cd738434a5c573e1ffb4a0308000000000000e51a000000000000ffffffff
458,908,47130,-0.026531819,0.968407080,1.509143812,0.300060019,1.116583840,-1.115387894,2.648921527,793c4b3866cdfb5636e96c0803287000022480009167060000000000fffffdffb50e4171f5303f71,9367875aca46f9a0993cd238cf4a47576fa4330c0308900000000000e11e000000000000ffffffff
459,909,47131,-0.025584662,0.970097824,1.512190279,0.308732432,0.991587174,-0.985608381,2.520164253,993caf388ecd52573415b93b0a0c7000081490006d642d0101000000fffffdff1910236dac36c948,b868a63d724de0ed2d3c5339b249cb56604f18a60308000000000000aa55000000000000fffffeff
460,910,47132,-0.026768609,0.968542340,1.510286237,0.303375071,0.991063043,-1.007923755,2.539858972,713c533875cdf65655881b3103287000022480009266060000000000fffffdff5a0e616fb430a8e2,0368873d4d4cc7502d3c4b399f49de56ab39d3370308000000000000ae51000000000000fffffeff
461,911,47133,-0.025584662,0.970216176,1.512875735,0.291653994,1.144650182,-1.120490727,2.658135909,993cb63897cd57578b93c24b0a0c7000081490006c632e0101000000fffffdff9611e870eb2fe8d7,776603618746aa33993cc838ae4a3a576e3cc6330308900000000000e21d000000000000ffffffff
462,912,47134,-0.025732655,0.970182361,1.505640374,0.301066374,1.149012301,-1.158876217,2.690432385,943cb43838cd62571d813c060a0c7000081460006a5b380101000000fffffdffd1108672eb342823,b56705628f44a350a03ce038e34a5257db4b8e5e0308000000000000e51a000000000000ffffffff
463,913,47135,-0.026798208,0.968288728,1.508306033,0.312580261,1.113963188,-1.126507501,2.660571584,703c44385bcd0e57862e115303287000082450008b680b0000000000fffffdff5e14c473262f78e3,3a69ec593846118e9a3cd838244b5257f03eba440308900000000000e11e000000000000ffffffff
464,914,47136,-0.025910247,0.970216176,1.499395116,0.321134279,1.136095020,-1.128716189,2.656110828,8e3cb638e6cc6c57807ef3050a0c70000520600069563d0202000000fffffdff9c107f734930af6e,5b6a095f1b468c2d9a3ce038704b47579c4f2e700308900000000000e21d000000000000ffffffff
465,915,47137,-0.025703056,0.970097824,1.507849063,0.303375071,0.991063043,-1.007923755,2.537290844,953caf3855cd5a57d078c9340a0c7000081460006b5d350101000000fffffdff800e4471da304769,0368873d4d4cb01a313c52399f49de56af38d3370308000000000000ae51000000000000fffffeff
466,916,47138,-0.025584662,0.970266898,1.512647250,0.311603504,0.994174011,-1.006248198,2.541476281,993cb93894cd535784f3c1740a0c7000081490006d632d0101000000fffffdfffe117175fb2fddb4,19693f3e634c9816303c5039dc49dc56334fdd770308000000000000ad52000000000000fffffeff
467,917,47139,-0.025791852,0.970080917,1.504726434,0.300829585,0.986734740,-1.007238300,2.533165162,923cae382ccd5d5776b091900a0c7000081460006a5a380101000000fffffdff5f0d9f6f5b323770,ad67873c564ccf5c2e3c4b398949e05654fd10150308000000000000ad52000000000000fffffeff
468,918,47140,-0.025436668,0.970148546,1.515389070,0.288190948,0.995087013,-1.034580345,2.569305009,9e3cb238b8cd3c57c630b59d0328700008149000736b1f0100000000fffffdff9c107f7349301981,0266753eef4a6b592f3c42395549f2563161b3320308000000000000b649000000000000fffffeff
469,919,47141,-0.025614260,0.970368343,1.507849063,0.285586264,0.987563204,-1.033894890,2.560781864,983cbf3855cd5a57ba79c9340a0c7000081460006b5d350101000000fffffdffde0f2a74802f5b55,aa65b83cf84aa76b303c43393c49f656f73ce20c0308000000000000b54a000000000000fffffeff
470,920,47142,-0.025703056,0.970334528,1.509372297,0.311425912,0.981408898,-1.001983144,2.533907009,953cbd3869cd6757c81b616d0a0c7000081460006a58390201000000fffffdfffe117175fb2f7c2b,13694c3b9b4c9f6d2f3c4e39cb49e05604ebbb040308000000000000ad52000000000000fffffeff
471,921,47143,-0.025673458,0.970452880,1.504726434,0.273036424,1.007852126,-1.058038145,2.580385356,963cc4382ccd5d57b3b391100a0c7000081460006a5a380101000000fffffdff01153f652b315760,02646841bb49775d303c39390d49fe56e308842f0308000000000000bd42000000000000fffffeff
472,922,47144,-0.025318274,0.969607508,1.498252691,0.302161525,0.985483590,-1.034123375,2.553512015,a23c9238d7cc54579edb4d0d03287000052060006865310100000000fffffcff79113d770d2f7c2e,da673d3cf54ad771323c4639b249fa56faeaec480308000000000000b44b000000000000fffffeff
473,923,47145,-0.025791852,0.970419065,1.505716536,0.237518008,1.008055015,-1.098403838,2.617669091,923cc23839cd6c57e97300580a0c70000814600069553c0202000000fffffeff78123675812ee0e2,525f7441a9478f7c373c2b3941481e5769e1e5410308000000000000c639000000000000fffffdff
474,924,47146,-0.025851050,0.970351436,1.503431685,0.256875544,1.021378074,-1.072432703,2.591836298,903cbe381bcd76578047424b0a0c70000814600069533f0302000000fffffdff611468664531b008,e0618844fe48c01e3e3c4739af4801575534c42e0308000000000000c13e000000000000fffffdff
475,925,47147,-0.025347872,0.969489156,1.499699763,0.301599150,0.999601298,-1.033818728,2.554704884,a13c8b38eacc5257ca025c3703287000052060006965300100000000fffffcff6f102572522f90e0,c767803ff94a701b343c4a39ba49f156e8f21c790308000000000000b54a000000000000fffffeff
476,926,47148,-0.025732655,0.970283806,1.508077548,0.288190948,0.995087013,-1.034580345,2.562083604,943cba3858cd6b579583a44d0a0c7000081460006a583a0201000000fffffdffbd13e7662e31d0ea,0266753eef4ab824363c4e395549f2566160b3320308000000000000b649000000000000fffffeff
477,927,47149,-0.025318274,0.969522971,1.501070673,0.256342768,1.017049771,-1.109904253,2.626553217,a23c8d38fccc54579c14f23403287000052060006866300100000000fffffcffb71679661730a764,ce6188431247df783c3c3039e148265793a6bb4b0308000000000000c837000000000000fffffdff
478,928,47150,-0.025170280,0.969624416,1.494292283,0.266524714,0.994579790,-1.063293301,2.574286845,a73c9338a3cc655719a77b050a0c7000052060006460390101000000fffffcff6613be64aa32e8f1,2663573e7649a772333c3939dd480a57e524c3070308000000000000bd42000000000000fffffdff
479,929,47151,-0.025466267,0.969573693,1.502136937,0.273036424,1.007852126,-1.058038145,2.577802464,9d3c90380acd3d573e47969a032870000520200078681d0000000000fffffcff10194767802f476b,02646841bb4914223a3c49390d49fe564e08842f0308000000000000bd42000000000000fffffeff
480,930,47152,-0.025051885,0.969675138,1.489037127,0.256875544,1.021378074,-1.072432703,2.577456878,ab3c96385ecc6d5744f545420a0c700005206000625c3e0201000000fffffcff611468664531a0e6,e0618844fe483b5d313c3039af480157cd34b42e0308000000000000c13e000000000000fffffdff
481,931,47153,-0.025347872,0.969641323,1.499699763,0.270076556,1.034616596,-1.097794545,2.615047620,a13c9438eacc52575b035c3703287000052060006965300100000000fffffcff5917466c2130fcdc,9e639747b1478d493e3c39393f4913573b138f680308000000000000c639000000000000fffffeff
482,932,47154,-0.025170280,0.969810398,1.492921373,0.283751146,0.997335702,-1.069843206,2.581463224,a73c9e3891cc6057991a91930a0c700005206000645e3a0101000000fffffdffd015a4684c30e003,6c65fa3e2049ef72373c3d3963491157dfd62c4d0308000000000000be41000000000000fffffeff
483,933,47155,-0.025229478,0.969421527,1.496348649,0.283662350,1.016914511,-1.066568253,2.581901004,a53c8738becc6057829aca2e0a0c7000052060006561370101000000fffffcfffe135965f3301f6d,696580434b49a01f393c43396d4903579266fd360308000000000000bf40000000000000fffffeff
484,934,47156,-0.025318274,0.969556786,1.500461380,0.211737557,0.871916349,-2.215543451,3.724838389,a23c8f38f4cc58579bf0824903287000052060006765320100000000fffffcff7c18e56a4b2eaf6d,eb5b00225d0e70d3623cae382a4ade58d24edb470518700008000000a64f0a0000000000fffff8ff
485,935,47157,-0.024963089,0.969522971,1.490103390,0.156092038,0.910718912,-2.246693581,3.741642752,ae3c8d386ccc7f57cfd853460a0c7000052060006353430301010000fffffdff0215fb69f82f2cdc,9354f72ac40cc0e9673cc9388b48ea586c9208420518700008000000a44e0d0000000000fffffaff
486,936,47158,-0.025199879,0.969455341,1.498100367,0.190160119,0.899610728,-2.222626488,3.727608688,a63c8938d5cc65578604712f0a0c700005206000665e390101000000fffffdff5616fc6c3a2fa5ad,12596628000e78f9683cb7388949e058a7b2d62b0518700008000000a54f0b0000000000fffff9ff
487,937,47159,-0.025081484,0.969421527,1.495053900,0.216325352,0.886287669,-2.208003444,3.711848892,aa3c8738adcc6f572a58b0570a0c70000520600065593e0201000000fffffdff5917466c2130adbc,865c5225c00ed0be5f3cae384c4ada58da264e320518700008000000a54f0b0000000000fffff8ff
488,938,47160,-0.025140682,0.969336989,1.492921373,0.201526012,0.876447542,-2.208917385,3.709934828,a83c823891cc6057951891130a0c700005206000645e3a0101000000fffffdffd015a4684c308cd8,925a0c23b40eacda643cae38de49db58383631130518700008000000a64f0b0000000000fffff8ff
489,939,47161,-0.025229478,0.969692046,1.496348649,0.205817821,0.880150270,-2.207089504,3.711718569,a53c9738becc6057b89bca2e0a0c7000052060006561370101000000fffffcffba158767882fc767,235be723cc0e77c15d3cac38fe49da588b2774310518700008000000a64f0b0000000000fffff8ff
490,940,47162,-0.025140682,0.969539879,1.496424810,0.256549959,1.015866250,-2.274873405,3.782087516,a83c8e38bfcc6e57778ca34d0a0c700005206000655d3b0101000000fffffcffaf1c094c2635003a,d5614243520be427773c3239784bec582a48912c05187000080000009564040200000000fffffcff
491,941,47163,-0.025999043,0.972228161,1.481725605,0.262588090,1.012535486,-2.259793391,3.752848466,8b3c2d39fecb2257d8f79e1c03287000021460009545240000000000fffffbff701c964c193538f3,a1627d42180c2185753c3439a54be658c032c91d05187000080000009462050300000000fffffcff
492,942,47164,-0.025999043,0.972245068,1.482334898,0.184299580,0.935505212,-2.251491767,3.739924718,8b3c2e3906cc225732239c3603287000021460009546240000000000fffffbff76246f52a131bb5e,4c58b130850cb6c25d3ccb385d49eb584cefbe540518700008000000a4500b0000000000fffffaff
493,943,47165,-0.025555063,0.971974549,1.446386583,0.195665474,0.893557866,-2.243951760,3.697794584,9a3c1e392eca5557ae1c05480328700005182000784a3c0100000000fffffbff211d2850cf3378eb,cc590027e80cb8e0613cbc38b249ea582cc32a4f0518700008000000a54f0a0000000000fffff9ff
494,944,47166,-0.025939846,0.972008364,1.479440754,0.190160119,0.899610728,-2.222626488,3.709075691,8d3c2039e0cb35579720d23403287000021460008d49290000000000fffffbffa61dcb4c7633bf64,12596628000e44ce5b3cb8388949e058c6b3d62b0518700008000000a54f0b0000000000fffff9ff
495,945,47167,-0.025910247,0.972092901,1.477003580,0.181694897,0.889855138,-2.229100232,3.712824856,8e3c2539c0cb3d57bb70444703287000021460008c472b0000000000fffffbff1f1eeb4ef633180a,f4572526ab0d30e4653cba384a49e3589bc692080518700008000000a54e0c0000000000fffff9ff
496,946,47168,-0.025999043,0.971991457,1.475099538,0.170861780,0.918952833,-2.225139824,3.705851942,8b3c1f39a7cb3357f171fb3103287000021460008d472a0000000000fffffbffdf1e8b4ddf33f141,8656de2cdf0d080d6a3cc138f948e05865899c0a0518700008000000a34d0e0000000000fffff9ff
497,947,47169,-0.025851050,0.972160531,1.471748424,0.166629168,0.927203662,-2.267485721,3.744454800,903c29397bcb355774d37d1003287000021460008d462b0000000000fffffbff701c964c1935d811,f755c62eb30b00da623cd038da48f258e50a5c4c0518700008000000a5500a0000000000fffffaff
498,948,47170,-0.026087839,0.972126716,1.482334898,0.202709960,0.906339887,-2.234507711,3.724459065,883c273906cc22571d229c3603287000021460009546240000000000fffffbff5220095245336803,ba5af429640dccd55e3cbb38e749e5581ffb9e6f0518700008000000a54f0b0000000000fffff9ff
499,949,47171,-0.025939846,0.971839290,1.465198519,0.170861780,0.918952833,-2.225139824,3.695960625,8d3c163925cb3b57e0291a2c03287000050860008748300000000000fffffbff5c220b552233ec25,8656de2cdf0de75b583cc138f948e058798b9c0a0518700008000000a34d0e0000000000fffff9ff
500,950,47172,-0.025880649,0.971704030,1.456135278,0.101837657,0.851272371,-0.669080413,2.132453396,8f3c0e39aeca3a57641bc28b03287000050860008249330100000000fffffbffbe219a4fa2326f4d,6a4d3b1dae5da8222d3c4b399f49de56b010c7360200000000000000ff00000000000000fffffeff
501,951,47173,-0.025703056,0.972075994,1.458648614,0.100002539,0.872761721,-0.686445278,2.151067880,953c2439cfca4757a666dc0503287000050860008347340100000000fffffbfff81e18547d320cde,2c4d3222ca5c34292f3c42395549f2563810352d0200000000000000ff00000000000000fffffeff
502,952,47174,-0.025821451,0.971873105,1.470910645,0.096776283,0.851137112,-0.672126881,2.149934237,913c183970cb47575b3cc1700328700005086000824a310100000000fffffbff52200952453308f0,bf4c331d865db8362e3c4b398949e056083820250200000000000000ff00000000000000fffffeff
503,953,47175,-0.025732655,0.972194346,1.465198519,0.097575447,0.835514642,-0.647983626,2.121184812,943c2b3925cb3b57502b1a2c03287000050860008748300000000000fffffbff141cee4af7346f70,da4c9719c35e17442d3c5339b249cb56c33fd6910200000000000000ff00000000000000ffffffff
504,954,47176,-0.026028642,0.972194346,1.483096515,0.101038493,0.841838022,-0.674107085,2.164870943,8a3c2b3910cc26571269d44303287000021460009545240100000000fffffbff1b1c084d1135500b,4f4d0d1b6c5db7662f3c4e39cb49e056fcac56450200000000000000ff00000000000000fffffeff
505,955,47177,-0.026058241,0.972143624,1.483096515,0.092898856,0.871493663,-0.692309728,2.180979946,893c283910cc2357de90033a03287000021460009546230000000000fffffbff58210e598c31bf5c,3c4ce7217d5c55b4303c43393c49f6560c24405a0200000000000000ff00000000000000fffffeff
506,956,47178,-0.025673458,0.971737845,1.460171848,0.109148531,0.845050435,-0.664358389,2.132570138,963c1039e3ca5257393882520328700005182000754f3a0100000000fffffbff13240d58ed30bb52,614ecb1bec5d282e303c5039dc49dc5612570f1d0200000000000000ff00000000000000fffffeff
507,957,47179,-0.025525464,0.971771660,1.447985978,0.102192841,0.896753371,-0.692385889,2.145490955,9b3c123943ca5c573db4d35003287000051820006d4f400201000000fffffbff5c220b5522331357,764dbd277c5c92cb303c39390d49fe56085cf4210200000000000000ff00000000000000fffffeff
508,958,47180,-0.025614260,0.972194346,1.456135278,0.083989653,0.938802162,-0.719727935,2.178877871,983c2b39aeca3a57dc19c28b03287000050860008249330100000000fffffbff3c209250fc317756,0f4b7431155bf19c373c2b3941481e575b20b3570200000000000000ff00000000000000fffffeff
509,959,47181,-0.025732655,0.971974549,1.465122357,0.101837657,0.851272371,-0.669080413,2.141416509,943c1e3924cb52575a04154e03287000050860008049350100000000fffffbff1f1eeb4ef633e80c,6a4d3b1dae5db001313c52399f49de568f11c7360200000000000000ff00000000000000fffffeff
510,960,47182,-0.025851050,0.972211253,1.475099538,0.114387497,0.866742674,-0.683551134,2.165770808,903c2c39a7cb33573373fb3103287000021460008d472a0000000000fffffbffe6231655fc2d5813,124fce20f05c4c26343c4a39ba49f1566d4a8f200200000000000000ff00000000000000fffffeff
511,961,47183,-0.028929313,0.974409220,1.448062140,0.106632643,0.862346741,-0.696727105,2.151988836,283cae3944ca8e575dabad330728300005188000685c260f05000000fffffbffda22bc54132f08e0,0c4eca1f435c9f65323c4639b249fa56faa8294b0200000000000000ff00000000000000fffffeff
512,962,47184,-0.029047707,0.974426127,1.452860326,0.100002539,0.872761721,-0.686445278,2.145604363,243caf3983ca7d57b5d336a207283000051880005b583c0b04000000fffffbffd423a3531c2e7f60,2c4d3222ca5c38f6363c4e395549f256f610352d0200000000000000ff00000000000000fffffeff
513,963,47185,-0.028958911,0.974375405,1.448366786,0.090205376,0.898444115,-0.707313580,2.160306351,273cac3948ca8d5756ebec080728300005188000675c280f05000000fffffbffd513c0662b27fda6,e14b2128b85b31aa333c3939dd480a572da860570200000000000000ff00000000000000fffffeff
514,964,47186,-0.028070951,0.973614570,1.499318954,0.102192841,0.896753371,-0.692385889,2.196917482,453c7f39e5ccf357d736443b07285000060c8000803d1e1607060000fffffdffe0133066bd286bb7,764dbd277c5c88f43a3c49390d49fe562a5df4210200000000000000ff00000000000000fffffeff
515,965,47187,-0.028041352,0.973445496,1.499395116,0.100061736,0.917380442,-0.689263260,2.193120877,463c7539e6ccd9573f7aa43c07285000060c80007d411b150d050000fffffdfff2141b65ac28d2bb,2e4d812ca55c46ca313c3039af4801570958a41f0200000000000000ff00000000000000fffffeff
516,966,47188,-0.027982155,0.973462404,1.497110266,0.119567267,0.896939353,-0.691167302,2.194580899,483c7639c8ccda57cae97d7507285000060c80007e401b160c040000fffffdff4b139e63f62630d9,c14fc8278c5c501a393c43396d490357b471de1a0200000000000000ff00000000000000fffffeff
517,967,47189,-0.028159747,0.973580756,1.500461380,0.105507893,0.854248080,-0.492156816,2.000658542,423c7d39f4ccf8574477b14d07285000060c8000813c1e1707060000fffffdff8713e563de2828e6,e64deb1dc16678332e3c4b398949e056447820610210300000000000e813040000000000ffffffff
518,968,47190,-0.028070951,0.973428589,1.500156733,0.129275634,0.929283276,-0.699164279,2.205384246,453c7439f0ccd857d302020d07285000060c80007d411b150d040000fffffdff451581652c27f995,0951412f235ced423e3c39393f4913573ed1af5a0200000000000000ff00000000000000fffffeff
519,969,47191,-0.028278142,0.973462404,1.496196325,0.109178130,0.856124805,-0.488120247,1.992529698,3e3c7639bcccf357e8e45d3307285000060c8000823d1e1707050000fffffdffb0162568ba2551a3,624e5a1ef666b8152d3c4b399f49de5630edf43c0210300000000000e813040000000000ffffffff
520,970,47192,-0.028041352,0.973834367,1.492921373,0.111250037,0.937838438,-0.722850564,2.220437586,463c8c3991cc055894868d2f0728500006203000823b211606040000fffffeffbc15f9621627bcdd,a84e3b31ec5a77643c3c3039e148265784389a580200000000000000ff00000000000000fffffeff
521,971,47193,-0.028218944,0.973513126,1.495130062,0.100061736,0.917380442,-0.689263260,2.188876651,403c7939aeccf657e8384d0807285000060c8000813d1e1607050000fffffdffa017696bee24b8f2,2e4d812ca55c68f63e3c4739af4801576c59a41f0200000000000000ff00000000000000fffffeff
522,972,47194,-0.028544530,0.973648385,1.490865007,0.109178130,0.856124805,-0.488120247,1.987249848,353c813976cc0b58dae1939107285000062030007f3d231408040000fffffeff451581652c2711ac,624e5a1ef66698fa313c52399f49de564dedf43c0210300000000000e813040000000000ffffffff
523,973,47195,-0.028011753,0.973631478,1.496196325,0.096243506,0.851830317,-0.467099621,1.970991087,473c8039bcccf3572be65d3307285000060c8000823d1e1707050000fffffdffa017696bee24b13e,ad4c5c1d0a6822c82d3c5339b249cb56fa0b239f0210300000000000e813040000000000ffffffff
524,974,47196,-0.028070951,0.973986534,1.490865007,0.110066090,0.893422606,-0.712111766,2.208773201,453c953976cc0b58b6e3931107285000062030007f3d231408040000fffffeffb0162568ba25d991,804ef826795b6f61373c3d3963491157aff45a530200000000000000ff00000000000000fffffeff
525,975,47197,-0.028426135,0.973580756,1.492921373,0.114180307,0.854670766,-0.477381449,1.979032439,393c7d3991cc055824858d2f0728500006203000823b211606040000fffffeff9819d667782318dc,0b4f041e8367f818303c5039dc49dc567df38c270210300000000000e813040000000000ffffffff
526,976,47198,-0.028544530,0.973885089,1.486523791,0.124628641,0.857578844,-0.510435621,2.006199406,353c8f393dcc195826a28501072850000620300082332b1607020000fffffdff4d145765d02488d3,6c50b01ed165414d323c4639b249fa56aa310c460210300000000000e813040000000000ffffffff
527,977,47199,-0.028278142,0.973800552,1.498024206,0.115275458,0.869211160,-0.512568148,2.018422203,3e3c8a39d4cc0e585977824b07285000062030008338221708030000fffffeff3e1486697025d1a3,304f6021b565c4232f3c42395549f256707872330210300000000000e813040000000000ffffffff
528,978,47200,-0.028159747,0.973834367,1.498252691,0.110983649,0.846031066,-0.488272570,1.995489208,423c8c39d7cc07584f7bd2350728500006203000813a211609040000fffffeffa3165569532220d8,9f4e051cf4663f4a2f3c4e39cb49e056c9b168400210300000000000e813040000000000ffffffff
529,979,47201,-0.028426135,0.974087979,1.492845211,0.119152885,0.890277824,-0.526962707,2.026925685,393c9b3990cc22580cf702480728500006203000812d2c190b010000fffffefff5146f6da42348d1,b34f3e26f864d034303c39390d49fe56169cc1280210300000000000e813040000000000ffffffff
530,980,47202,-0.028248543,0.974071071,1.496577134,0.108319768,0.922368135,-0.573345174,2.075066856,3f3c9a39c1cc1658af5ba01607285000062030007c3825150e030000fffffeff101781644e2508d6,454ea82d97626f67373c2b3941481e578fbc654d0210300000000000e813040000000000ffffffff
531,981,47203,-0.028366938,0.973682200,1.492083594,0.115275458,0.869211160,-0.512568148,2.012504893,3b3c833986cc0a5856115d070728500006203000833a221705040000fffffdff492de82d3a1d2014,304f6021b565a0ed363c4e395549f256ad7882330210300000000000e813040000000000ffffffff
532,982,47204,-0.026561418,0.970706492,1.406249374,0.126226970,0.866505970,-0.498630560,1.913836357,783cd3381fc85d585b7b4816051c60000a000000824a300300000000fffff6ff632e8b2cea1c1013,a250c0206c660810343c4a39ba49f156ee261d2b0210300000000000e813040000000000ffffffff
533,983,47205,-0.026591017,0.970638862,1.399242499,0.110746860,0.865559154,-0.519422700,1.926442208,773ccf38c3c760583e513d0b051c60000a0c0000804c2f0300000000fffff6ff332326545f2c0353,974e88205b659350303c43393c49f6562e2021540210300000000000e813040000000000ffffffff
534,984,47206,-0.028929313,0.974189423,1.450651637,0.113410741,0.886490558,-0.544784541,2.002427857,283ca13966caab57a0b8c14d07283000051880006c5e1c1306000000fffffbff6922c053f92d6756,f14e5e250e64835e333c3939dd480a574e40124f0210300000000000e813040000000000ffffffff
535,985,47207,-0.028988510,0.974324683,1.454612045,0.119152885,0.890277824,-0.526962707,1.988881154,263ca9399aca9057b2ec20110728300005188000665c290f05000000fffffbffe6231655fc2dc828,b34f3e26f86460e33a3c49390d49fe56a19cc1280210300000000000e813040000000000ffffffff
536,986,47208,-0.029077306,0.974290868,1.448062140,0.114298701,0.912003878,-0.533969582,1.988186635,233ca73944ca8e57cda9ad330728300005188000685c260f05000000fffffbffed25bb58ae2bd804,0f4f432b9c64f23a313c3039af480157098411250210300000000000e813040000000000ffffffff
537,987,47209,-0.028692523,0.974257053,1.438618091,0.135728146,0.883041441,-0.540367164,1.987897653,303ca539c8c9b257b1ca3a3307285000031880006f5f151506000000fffffbff0c237b55eb2da81f,e351922448643752373c3d396349115752714d4d0210300000000000e813040000000000ffffffff
538,988,47210,-0.029018109,0.974307775,1.451794062,0.136793698,0.924599917,-0.567099915,2.026301389,253ca83975ca8f576099c43c0728300005188000675d260f05000000fffffbffb5244f56b32cf80a,07522c2ee962b75c3c3c3039e148265700d1ec510210300000000000e813040000000000ffffffff
539,989,47211,-0.028810918,0.974324683,1.444177894,0.143542198,0.925563640,-0.532370187,1.984647462,2c3ca93911caa357e4764c3607283000051880006d5e1b1206000000fffffbffb5244f56b32c381f,eb52652eb16438293e3c39393f491357cb69bf220210300000000000e813040000000000ffffffff
540,990,47212,-0.029018109,0.974138701,1.444177894,0.114298701,0.912003878,-0.533969582,1.984305390,253c9e3911caa357bb754c3607283000051880006d5e1b1206000000fffffbff0827815b502bb0f7,0f4f432b9c6438e23e3c4739af480157ce8411250210300000000000e813040000000000ffffffff
541,991,47213,-0.028603727,0.974240146,1.433743743,0.134632995,0.894470867,-0.516985526,1.959171775,333ca43988c9b6573882140c07285000031880006c60171506000000fffffbff9e23de56912cc01a,be5136277b652008393c43396d49035710dacb260210300000000000e813040000000000ffffffff
542,992,47214,-0.028988510,0.974155608,1.448899918,0.243230553,0.880319344,-0.565500520,2.034875325,263c9f394fcaa557e554633907283000051880006d5f1b1206000000fffffbff562710552f2bad4d,1360f123fe62477b2f3c4e39cb49e0563bd248000210300000000000da13120000000000ffffffff
543,993,47215,-0.028722122,0.974121793,1.432372832,0.240951454,0.890260916,-0.567252239,2.019469462,2f3c9d3976c9bd57d8f6dc070728500003188000705d171407000000fffffbffed25bb58ae2b6817,c65f3d26e762800e313c52399f49de563069353d0210300000000000da13120000000000ffffffff
544,994,47216,-0.028988510,0.974003441,1.438618091,0.240951454,0.890260916,-0.567252239,2.025684125,263c9639c8c9b2572cc93a3307285000031880006f5f151506000000fffffbffdb296c57b3296f5d,c65f3d26e7627e3c2d3c4b399f49de567169353d0210300000000000da13120000000000ffffffff
545,995,47217,-0.028574128,0.973952719,1.421177064,0.248558315,0.890193286,-0.542195044,1.984602749,343c9339e3c8d45729a5e4430728500003188000715a1d1007000000fffffbff4d25c753b02cbf57,c760392630644cd22d3c5339b249cb56e89f59a40210300000000000da13120000000000ffffffff
546,996,47218,-0.028840517,0.974273960,1.441588396,0.250038249,0.890835769,-0.565576682,2.028163442,2b3ca639efc9a55749afed0a07283000051880006c5d1d1206000000fffffbff0827815b502b8da6,f9605f26fd62302a303c5039dc49dc569f2bdf6d0210300000000000da13120000000000ffffffff
547,997,47219,-0.028988510,0.973885089,1.433743743,0.236334060,0.887352837,-0.567633047,2.020740694,263c8f3988c9b6577080140c07285000031880006c60171506000000fffffbff1929be5b3828ef56,2a5f9125e2623b4f2e3c4b398949e05672a880200210300000000000da13120000000000ffffffff
548,998,47220,-0.028603727,0.973699108,1.424375855,0.220025188,0.893422606,-0.600915704,2.042074081,333c84390dc9eb573949734607285000031880007257210c09000000fffffcff71243c59392b5c21,035df8262d610f5d303c43393c49f656493031150210300000000000da13120000000000ffffffff
549,999,47221,-0.028899714,0.974003441,1.445015672,0.226744088,0.898748449,-0.599468632,2.061779119,293c96391ccaba577f64f13107285000031880006f60161406000000fffffbff0030b7485e2c7ccf,e65d332840618e422f3c42395549f256ab70f4340210300000000000da13120000000000ffffffff
550,1000,47222,-0.026058241,0.968187284,1.385609557,0.215289399,0.915926402,-0.618889862,2.019652892,893c3e3810c7b157e51b8f290728300005182000714f1f1b06000000fffffaffc42efc470c2e3355,635c2b2c41605e45303c39390d49fe565fd825310210300000000000da13120000000000ffffffff
551,1001,47223,-0.026206234,0.968068932,1.396805325,0.176071147,0.938261124,-0.665805461,2.072719927,843c3738a3c795571db887200728300005182000664d331504000000fffffaff04255b56842a334b,36575431d95da989373c2b3941481e57f310e4470210300000000000da13120000000000ffffffff
552,1002,47224,-0.028810918,0.974020349,1.442350013,0.231894258,0.886794892,-0.599087824,2.059865022,2c3c9739f9c9c85787e8124d0728500003188000705e181107000000fffffbff7a2f42484c2de8c9,945e702545613f7b323c4639b249fa563df2c9420210300000000000da13120000000000ffffffff
553,1003,47225,-0.026147037,0.968136562,1.390407743,0.239737909,0.898427207,-0.593451859,2.002811304,863c3b384fc7a157c23bdf2907283000051820006d4e261905000000fffffaff7725485c1b2a0356,9d5f20288f61ac27343c4a39ba49f1563ca3ce710210300000000000da13120000000000ffffffff
554,1004,47226,-0.028840517,0.973851275,1.440369809,0.226744088,0.898748449,-0.599468632,2.057159399,2b3c8d39dfc9cb575834c15007285000031880006e5f1a1107000000fffffcff162fd246342d6183,e65d33284061e015363c4e395549f2569970f4340210300000000000da13120000000000ffffffff
555,1005,47227,-0.026117438,0.968102747,1.393758857,0.200164473,0.907912278,-0.627876941,2.035150534,873c39387bc7a4578f6e0a0207283000051820006d4e251905000000fffffaff922edf48532d2807,645a512acb5fd99c333c3939dd480a575598a10e0210300000000000da13120000000000ffffffff
556,1006,47228,-0.026147037,0.968035117,1.398328559,0.215289399,0.915926402,-0.618889862,2.032283697,863c3538b7c7a05725f1743c07283000051820006d4e251905000000fffffaff622ec3493a2cd0f2,635c2b2c416088123a3c49390d49fe56a8d825310210300000000000da13120000000000ffffffff
557,1007,47229,-0.026028642,0.968018209,1.399623307,0.204367486,0.934997989,-0.627876941,2.040816005,8a3c3438c8c7b257cd2493380728300005188000714f1d1c06000000fffffaff292e77472c2df9a5,f25a9330cb5fb642313c3039af48015741d8b52e0210300000000000da13120000000000ffffffff
558,1008,47230,-0.026117438,0.968068932,1.401755834,0.396610914,1.034751855,-0.407617345,1.859294805,873c3738e4c7a4572dc8d01207283000051820006e4e251905000000fffffaff0030b7485e2c6825,51749f47176bb7c6213c0639a14b2c56cce5902e020c400000000000954b1e0000000000ffffffff
559,1009,47231,-0.026058241,0.967933672,1.385609557,0.219610806,0.949555291,-0.654609693,2.055039083,893c2f3810c7b157b01b8f290728300005182000714f1f1b06000000fffffaff772fe2462e2c277e,f55cf0336c5eb75f3e3c39393f49135793e28e5e0210300000000000da13120000000000ffffffff
560,1010,47232,-0.026028642,0.968119654,1.390255420,0.394391013,1.032722963,-0.381950856,1.822537067,8a3c3a384dc7b55772d2e9400728300005182000714f1e1b06000000fffffaff592e1b48ff2b319d,06742747686c7f791f3cff38934b19562cb5f69f020c400000000000954b1e0000000000ffffffff
561,1011,47233,-0.025999043,0.968068932,1.399851792,0.204367486,0.934997989,-0.627876941,2.041040480,8b3c3738cbc7b8575950714f0728500003188000724f1c1c06000000fffffaff7a2f42484c2d8025,f25a9330cb5f30103e3c4739af480157b1d8b52e0210300000000000da13120000000000ffffffff
562,1012,47234,-0.026147037,0.967984395,1.390407743,0.216710135,0.905223996,-0.637016343,2.042882008,863c32384fc7a157973bdf2907283000051820006d4e261905000000fffffaff2732474ac3290776,935cb229535faf79373c3d3963491157fc495a480210300000000000da13120000000000ffffffff
563,1013,47235,-0.025732655,0.968221099,1.366873782,0.396107737,1.041345755,-0.435568683,1.852591529,943c40381ac6dd57f0cce3440728500003188000754e1e1707000000fffffaffc831084cee2a977a,40742549a86974cf223c0f39a24b4156413a712e020c400000000000954b1e0000000000ffffffff
564,1014,47236,-0.025880649,0.968288728,1.370072573,0.396610914,1.034751855,-0.407617345,1.828414042,8f3c443844c6c75748c904060728500003188000744f1d1906000000fffffafffe30d7498b2b52ce,51749f47176badac1c3c0439a14b2c5650e7902e020c400000000000954b1e0000000000ffffffff
565,1015,47237,-0.025969445,0.968238006,1.376927125,0.228697601,0.921302967,-0.627115324,2.020703922,8c3c41389ec6be57f2d79e260728500003188000734f1c1b06000000fffffaffc831084cee2aa019,285e692dd55f8c30393c43396d490357c1722f2b0210300000000000da13120000000000ffffffff
566,1016,47238,-0.025880649,0.967832228,1.370072573,0.193682362,0.940543628,-0.670755970,2.052786820,8f3c293844c6c75729cb04860728500003188000744f1d1906000000fffffaffb235333c542f2998,8959db31985d3f7b3c3c3039e1482657ac61394c0210300000000000da13120000000000ffffffff
567,1017,47239,-0.026413425,0.970588140,1.336637593,0.399363591,1.038285509,-0.404342392,1.793566366,7d3ccc388dc48857703d3d3603287000051820005c52500200000000fffffaff752e374ccb2a20e1,ae747048426b318b1d3c0539bc4b2956d901fa3d020c400000000000954b1e0000000000ffffffff
568,1018,47240,-0.025851050,0.968001302,1.398785529,0.391608737,1.032063573,-0.438995959,1.885687526,903c3338bdc7c9578440b130072850000318800076501f1407000000fffffbfffe30d7498b2b1824,a87300477b6984d4203c0f397a4b44567df62207020c400000000000954b1e0000000000ffffffff
569,1019,47241,-0.025969445,0.967882950,1.376927125,0.394657401,1.029392198,-0.408607446,1.835441101,8c3c2c389ec6be578fd79e260728500003188000734f1c1b06000000fffffaff8d302f48f22abf7b,0f7462460a6b20c3203c07398f4b2d5640e2714b020c400000000000954b1e0000000000ffffffff
570,1020,47242,-0.025910247,0.968170376,1.380659047,0.396107737,1.041345755,-0.435568683,1.866048495,8e3c3d38cfc6ca578d8a2a420728500003188000744f1d1806000000fffffaff0431a84dc7288999,40742549a8691cb81a3c0c39a24b4156573b712e020c400000000000954b1e0000000000ffffffff
571,1021,47243,-0.025614260,0.968102747,1.376622478,0.362394840,1.064965441,-0.516985526,1.935377151,983c39389ac6eb5771a0d14c0728500003188000784e211008000000fffffaffaa34c43a4b2f30c2,cd6f9a4e7b6530ed1f3c2b39e04a7b569e6a9946020c400000000000954b1e0000000000ffffffff
572,1022,47244,-0.026354227,0.970605047,1.345548510,0.401435499,1.029358383,-0.406170272,1.804154843,7f3ccd3802c58a57c41d920a03287000051820005e504e0200000000fffffaffd22e194a872ac997,f47460462a6bc8c11e3c0639d14b2b56a4012e0b020c400000000000954b1e0000000000ffffffff
573,1023,47245,-0.025851050,0.968068932,1.395586738,0.402145867,1.037287970,-0.442194750,1.888230239,903c373893c7cf577928824f072850000318800076501f1407000000fffffaffb235333c542f64dc,0c753548516964cb1d3c0f39df4b465611da8e50020c400000000000954b1e0000000000ffffffff
574,1024,47246,-0.026265431,0.970571232,1.336637593,0.388352882,1.057543078,-0.466794975,1.852523002,823ccb388dc48857563f3d3603287000051820005c52500200000000fffffaff65359f3b00301016,3a73e34c0e68b0d7233c1a39724b5756d2d6a12b020c400000000000954b1e0000000000ffffffff
575,1025,47247,-0.026354227,0.970520510,1.339379413,0.399955565,1.046147466,-0.434730905,1.826178222,7f3cc838b1c47d577fb4f8200328700005182000644e4c0200000000fffffaffda35c33a4b2f1bc1,c274414ab369d9951b3c0d39c64b405648624a3b020c400000000000954b1e0000000000ffffffff
576,1026,47248,-0.026383826,0.970605047,1.335266682,0.388352882,1.057543078,-0.466794975,1.851213379,7e3ccd387bc48a576581dd0903287000051820005c514f0200000000fffffaffc2344a3c632ff0db,3a73e34c0e68b7c2173c1739724b575693dba12b020c400000000000954b1e0000000000ffffffff
577,1027,47249,-0.026324629,0.970605047,1.344786893,0.380746022,1.045606428,-0.480047108,1.871189689,803ccd38f8c48757d981623503287000051820005e504e0200000000fffffaff6b2f2b4f452ae5a1,3972214a606740e9203c1d39424b6256efdad344020c400000000000954b1e0000000000ffffffff
578,1028,47250,-0.025762254,0.967950580,1.390407743,0.380213245,1.074146179,-0.479818623,1.916726447,933c30384fc7d05769049150072850000318800075511f1307000000fffffbff36363b3d712ef198,2772b950636720dc253c2239394b6056046b232f020c400000000000954b1e0000000000ffffffff
579,1029,47251,-0.026443023,0.970706492,1.331991730,0.375536654,1.085744679,-0.528181294,1.906584675,7c3cd33850c49757dc01cd3403287000051820005752520301000000fffffaff36363b3d712e74d1,89716753e86470e01b3c2d395b4b8156a96a9d52020c400000000000954b1e0000000000ffffffff
580,1030,47252,-0.026235833,0.970672677,1.331991730,0.435651574,1.111427073,-0.446002834,1.842394216,833cd13850c497576507cd3403287000051820005752520301000000fffffaff8836ff3a502e4db3,787956591f69cac4c63cb438bf4c505632b6902c020c4000000000007b60230000000000ffffffff
581,1031,47253,-0.026383826,0.970723399,1.329249909,0.395486164,1.058253190,-0.486825498,1.866484835,7e3cd4382cc49b57083a2d08031ca000051820005852520301000000fffffaffa84a791f7c09e768,2b740d4d0767c0d71c3c1d39cd4b6656786e3e53020c400000000000954b1e0000000000ffffffff
582,1032,47254,-0.028130148,0.971957642,-1.155905911,0.434586021,1.103345319,-0.440062223,0.862439077,433c1d39b6440b59e4798b460518700000000000a44f0b0000000000fffffaff7b4df21adf0aaf64,547978576d699ac9c43cb238ba4c4d56f3d1e304020c4000000000007b60230000000000ffffffff
583,1033,47255,-0.028159747,0.972228161,-1.131610333,0.397735664,1.069665708,-0.470679221,0.792282092,423c2d39f545ff580bc924440518700000000000a44f0b0000000000fffff9ff884d7a1d7a0b4765,7774b04fdb67d3b3193c1a39cd4b5956e3ea7c34020c400000000000954b1e0000000000ffffffff
584,1034,47256,-0.028248543,0.972228161,-1.131153363,0.380213245,1.074146179,-0.479818623,0.775541913,3f3c2d39fb45f958ec54e2200518700000000000a44f0c0000000000fffff9fff54ac721ea0ac186,2772b9506367b6c5153c1e39394b60568c6b232f020c400000000000954b1e0000000000ffffffff
585,1035,47257,-0.028278142,0.972042179,-1.153316414,0.435651574,1.111427073,-0.446002834,0.857293082,3e3c2239d844fd58c38a9b050518700000000000a34f0d0000000000fffff9ffce4f4a1a950c0827,787956591f6979a9c13caf38bf4c5056c8b7902c020c4000000000007b60230000000000ffffffff
586,1036,47258,-0.027982155,0.972498680,-1.111579810,0.435207593,1.107791974,-0.422697358,0.841075532,483c3d39fc46f058e274e8380518700000000000a44f0c0000000000fffff8ff82518c18520cf148,69797f58516aff79c43cad38c84c405630d5069f020c4000000000007b60230000000000ffffffff
587,1037,47259,-0.028070951,0.972464865,-1.096956766,0.388767264,1.091425577,-0.504495009,0.734109448,453c3b39bc47f3586ee6bf5c0518700000000000a54f0b0000000000fffff8ff5d4c4025d6085f58,4873b7541f664cd6183c2639a74b7056ad7e8f64020c400000000000954b1e0000000000ffffffff
588,1038,47260,-0.027922957,0.971890012,-1.141206706,0.442133685,1.107555270,-0.439833738,0.855150483,4a3c193977450f598e19de500518700000000000a551090000000000fffffaff104f5520690b6a32,537a715870692fc4c33cb138e34c4e568a8c8f17020c4000000000007b60230000000000ffffffff
589,1039,47261,-0.027922957,0.972278883,-1.117977392,0.435977159,1.123262277,-0.484464486,0.799586084,4a3c3039a846f958b244bb330518700000000000a44f0b0000000000fffff9ff884d7a1d7a0b5643,8379125c2667498ebd3cb838ba4c6b561d56193e020c4000000000007b60230000000000ffffffff
590,1040,47262,-0.027863760,0.972363420,-1.131153363,0.431478160,1.115603209,-0.481494180,0.808436572,4c3c3539fb45f9580354e2200518700000000000a44f0c0000000000fffff9fff54ac721ea0afe33,eb784d5a4d6734c9c53cbe38a34c6956cbdad02a020c4000000000007b60230000000000ffffffff
591,1041,47263,-0.027715767,0.972228161,-1.153316414,0.438670639,1.115315783,-0.444479601,0.860488219,513c2d39d844fd58978aab850518700000000000a34f0d0000000000fffff9ff114f6c16620cc447,de793c5a33692184c13cb038d14c4f56f1e5f83e020c4000000000007b60230000000000ffffffff
592,1042,47264,-0.028159747,0.972464865,-1.117977392,0.419253905,1.126068911,-0.511501884,0.769146098,423c3b39a846f3582539d4450518700000000000a44f0c0000000000fffff8ff984f8f16e90d1814,4e77b85cc365c4cbc33cca38664c7a5650ff3027020c4000000000007b60230000000000ffffffff
593,1043,47265,-0.028070951,0.972650847,-1.113407690,0.399097203,1.124953021,-0.559559908,0.715832348,453c4639e446e558395d273c0518700000000000a44f0d0000000000fffff8ffe7502d15f20d6032,a574765c4c63e0fdbd3cd6381a4c9a56b5d5b944020c4000000000007b60230000000000ffffffff
594,1044,47266,-0.028130148,0.972633939,-1.102135761,0.442459270,1.112898020,-0.486825498,0.787232578,433c45397847e558c5523f180518700000000000a44e0d0000000000fffff8ff0b4fe918890ca838,5e7aad59076758d2c03cbb38da4c70569ea48f58020c4000000000007b60230000000000ffffffff
595,1045,47267,-0.027952556,0.972532495,-1.118205877,0.431478160,1.115603209,-0.481494180,0.798089968,493c3f39a546f15820dcb0270518700000000000a44f0c0000000000fffff8ff0b4fe918890c0b4d,eb784d5a4d67f5b2bd3cb538a34c6956c7dbc02a020c4000000000007b60230000000000ffffffff
596,1046,47268,-0.028248543,0.972447957,-1.118205877,0.429939028,1.104444302,-0.482636605,0.794548415,3f3c3a39a546f158eddcb0270518700000000000a44f0c0000000000fffff8ff0d4fdf15d30d202d,b778b9573e67d8ebc33cbd38994c6b56a34eb403020c4000000000007b60230000000000ffffffff
597,1047,47269,-0.028041352,0.972684662,-1.118053553,0.418987517,1.113523595,-0.524982503,0.755912485,463c4839a746e658348c102b0518700000000000a44e0d0000000000fffff8ff5d391a3ff82bc99f,4577d259126570fbc03cc938684c8656ad761542020c4000000000007b60230000000000ffffffff
598,1048,47270,-0.026413425,0.971061548,1.283705221,0.419253905,1.126068911,-0.511501884,1.856182966,7d3ce838d6c1c157f9bdb54107283000051820005f50460802000000fffffaff3437233f842d9992,4e77b85cc365a9bab83cbc38664c7a56e1ff3027020c4000000000007b60230000000000ffffffff
599,1049,47271,-0.026472622,0.970841751,1.320872124,0.411291860,1.144193682,-0.527724324,1.907615647,7b3cdb38bec3a6575a363c3007283000051820005653510401000000fffffaffe934633b442e69b1,4176e860ee64c0d1c43cd338434c815654c3c32f020c4000000000007b60230000000000ffffffff
600,1050,47272,-0.026324629,0.970706492,1.343263659,0.429435851,1.127032635,-0.533360288,1.937491399,803cd338e4c49c571a0ac24b031ca000051820005752520301000000fffffaff93356540e22c69bd,a678f15ca464b0e0bc3cc6389f4c8d5659d13e56020c4000000000007b60230000000000ffffffff
601,1051,47273,-0.026235833,0.970892473,1.337399210,0.407029650,1.143923163,-0.572659718,1.966210494,833cde3897c4b0578c0a612f07283000051820005a524c0601000000fffffafff834d63d3e2e44c9,b175d860a062e0e8b93cd538464ca35670216e56020c4000000000007b60230000000000ffffffff
602,1052,47274,-0.026265431,0.970723399,1.342730528,0.416590023,1.158142315,-0.551486770,1.954304473,823cd438ddc49a57205a1236031ca000051820005653520301000000fffffaff2538dc41282df0f5,f4762164b6639ecdb63ccc38674c925678116f6b020c4000000000007b60230000000000ffffffff
603,1053,47275,-0.026531819,0.970926288,1.304649685,0.411291860,1.144193682,-0.527724324,1.891905301,793ce038e9c2aa574b7a4488072830000518200058514f0601000000fffffaff3437233f842d78c7,4176e860ee645db2b53cc338434c8156bac3c32f020c4000000000007b60230000000000ffffffff
604,1054,47276,-0.026176635,0.970807936,1.320872124,0.428636686,1.144717812,-0.527038868,1.910987922,853cd938bec3a657ac374c3007283000051820005653510401000000fffffaffee352a3d9a2ca1a5,8b780761f764c9a6b93cc4389a4c8556ec516d36020c4000000000007b60230000000000ffffffff
605,1055,47277,-0.026324629,0.970909381,1.334352742,0.479457620,1.222559643,-0.472202454,1.892824666,803cdf386fc4b7578a2ac34b07283000051820005b524b0601000000fffffaff2538dc41282d45a7,407f0373c76740ca363cbb39db4d47562c1d7023020c400000000000854e2c0000000000ffffffff
606,1056,47278,-0.026117438,0.970892473,1.304649685,0.480730364,1.234107421,-0.435492522,1.831467090,873cde38e9c2aa57ac784488072830000518200058514f0601000000fffffaff67361b430d2c7ac1,6b7fae75a9696993313cb3390b4e3056f721f87f020c400000000000854e2c0000000000ffffffff
607,1057,47279,-0.026206234,0.971027733,1.330316173,0.479339226,1.227953114,-0.438995959,1.857969936,843ce6383ac4bc579b3e914f07283000051820006050440a02000000fffffaff3238e7404f2b11b1,3c7f42747b6932c0343cb339f64d3256d9105063020c400000000000854e2c0000000000ffffffff
608,1058,47280,-0.026324629,0.971129178,1.303811906,0.477030529,1.233600198,-0.412720177,1.807965665,803cec38dec2cb573e52334707283000051820006350400a02000000fffffaff0027d530303b7803,ee7e9075d46aa77c323cad39044e205680c966a6020c400000000000854e2c0000000000ffffffff
609,1059,47281,-0.027153392,0.970892473,1.436942533,0.479842403,1.221832623,-0.440747678,1.961054876,643cde38b2c9cb569e82889c0328700002000000a827250a00000000fffff9ffbd373f3c122d59a9,4d7fd8726469c990333cb439ec4d33562ea9e502020c400000000000854e2c0000000000ffffffff
610,1060,47282,-0.026413425,0.970875566,1.311656560,0.479339226,1.227953114,-0.438995959,1.840287709,7d3cdd3845c3b05777da9c06072830000518200058524f0501000000fffffaff4327fe31fe39b3b1,3c7f42747b699cb8303cb339f64d32560d135063020c400000000000854e2c0000000000ffffffff
611,1061,47283,-0.027182990,0.971027733,1.435495461,0.479635212,1.211806514,-0.474411143,1.990623609,633ce6389fc9de567f861c38031ca000021400009e312a0600000000fffff9ff4327fe31fe3988e3,467f8770aa6761a9343cbd39c64d495667cd8601020c400000000000854e2c0000000000ffffffff
612,1062,47284,-0.027064596,0.970943196,1.435495461,0.479457620,1.222559643,-0.472202454,1.989770572,673ce1389fc9de564a871c38031ca000021400009e312a0600000000fffff9ffa4273731ef3931ad,407f0373c76758c42e3cbc39db4d4756da1e7023020c400000000000854e2c0000000000ffffffff
613,1063,47285,-0.027182990,0.971027733,1.433819904,0.483631034,1.226854131,-0.439529091,1.958523569,633ce63889c9e056d6629f14031ca000021400009e302a0600000000fffff9ffe328be328b38619c,cd7f01747469bfb2323cb4390c4e345639ba8f1a020c400000000000854e2c0000000000ffffffff
614,1064,47286,-0.027153392,0.971196807,1.427955454,0.462231188,1.206785006,-0.533284127,2.035057680,643cf0383cc9f6562a135e0b031ca000021400009b342b0400000000fffff9ff6e2a15363c370996,fa7c5e6fa5643cdf373cd239484d6a56c6aded4b020c400000000000854e2c0000000000ffffffff
615,1065,47287,-0.027094194,0.971382789,1.420720094,0.473567483,1.222542735,-0.495507930,1.996415106,663cfb38ddc80a572fe30c47031ca000021460009a352d0300000000fffff9ffa329fc37d4377cd0,797e027395665cde383cc339b04d5456aafdd01f020c400000000000854e2c0000000000ffffffff
616,1066,47288,-0.026827806,0.971196807,1.424375855,0.485110968,1.220987251,-0.477305287,1.985161893,6f3cf0380dc9fe56ea8b2c28031ca000021460009b342d0300000000fffff9ff79281334b038e1a9,ff7fa672846791c3323cbe39f84d4e5655ee9f5c020c400000000000854e2c0000000000ffffffff
617,1067,47289,-0.027182990,0.971196807,1.429859497,0.482595081,1.231554398,-0.468242047,1.982536059,633cf03855c9f25601070d30031ca000021400009b342b0400000000fffff9ff79281334b0380cd3,aa7f1775fb67a19d303cbc39004e4656e1d1c87f020c400000000000854e2c0000000000ffffffff
618,1068,47290,-0.026946201,0.971061548,1.429859497,0.473567483,1.222542735,-0.495507930,2.005192376,6b3ce83855c9f256b8070d30031ca000021400009b342b0400000000fffff9ffc126e534c53860e0,797e0273956638dc2c3cc439b04d5456d1fed01f020c400000000000854e2c0000000000ffffffff
619,1069,47291,-0.027005398,0.971112270,1.437551827,0.473626680,1.208069971,-0.506779860,2.021684233,693ceb38bac9f156b87d1235031ca000021400009c332c0500000000fffff9ff472bdc3b75371f7a,7b7eaa6f016624d6353cc739904d5c56a8d18800020c400000000000854e2c0000000000ffffffff
620,1070,47292,-0.027212589,0.971501141,1.417216657,0.466108616,1.225924222,-0.499468338,1.995439371,623c0239afc80157ab81e503031ca000021460009e302d0300000000fffff9ff3b267f321e3a08e8,7d7dca73616618f23b3cc7398b4d5256980db324020c400000000000854e2c0000000000ffffffff
621,1071,47293,-0.027094194,0.970977011,1.440141324,0.304736611,1.024725746,-0.639377356,2.106513363,663ce338dcc9dc562a51f234031ca000021400009f2f2a0700000000fffff9ffa329fc37d437919f,31684e45345f9353313c3039af48015737482425020c400000000000e914010000000000ffffffff
622,1072,47294,-0.027182990,0.971348974,1.424375855,0.259125044,0.958617676,-0.692233566,2.135923645,633cf9380dc9fe56478b2c28031ca000021460009b342d0300000000fffff9ff7e262e30023a45a2,2c6208367e5ca02aac3c0239c9461657d96bf91b020c000000000000f906000000000000ffffffff
623,1073,47295,-0.027123793,0.971010825,1.438846576,0.248232730,0.955726504,-0.713711161,2.170151985,653ce538cbc9e056b159b443031ca000021400009f30290700000000fffff9ff1f28d037da36899a,bc605d35645bdf65ac3cfa38874629574b016307020c000000000000f906000000000000ffffffff
624,1074,47296,-0.026975800,0.971348974,1.430925760,0.300770387,1.037085081,-0.682104062,2.139306857,6a3cf93863c91157407af251031ca0000214600098362e0300000000fffff9ff472bdc3b7537c5c1,ab672948035d6f7a3c3c3039e1482657f3290b5a020c400000000000e914010000000000ffffffff
625,1075,47297,-0.026739010,0.971264437,1.417216657,0.250541427,0.964569093,-0.711654796,2.146863510,723cf438afc801574281e583031ca000021460009e302d0300000000fffff9ffdc26a0326038019d,0a6168377f5bf753ab3cfa389f4626573bb52232020c000000000000f906000000000000ffffffff
626,1076,47298,-0.027064596,0.971162992,1.436942533,0.304736611,1.024725746,-0.639377356,2.103346213,673cee38b2c9fa56f8d9524b031ca000021460009b342c0400000000fffff9ffc728e83f4b3617b3,31684e45345fe0e23e3c4739af48015758482425020c400000000000e914010000000000ffffffff
627,1077,47299,-0.026798208,0.971484234,1.428183940,0.331760206,1.019399904,-0.635493110,2.095142718,703c01393fc913571fe21053031ca000021460009834300200000000fffffaff552ab43d3f35f19a,c26b1344675fb820393c43396d490357c5453d33020c400000000000e914010000000000ffffffff
628,1078,47300,-0.026887004,0.971619493,1.421024741,0.232486232,0.964214037,-0.750116447,2.186591726,6d3c0939e1c8265768c2934b031ca000021460009536320200000000fffffaff0228c63a8737a8d8,a85e533786599f77af3cf1380446425736d9a442020c000000000000f906000000000000fffffeff
629,1079,47301,-0.026887004,0.971298252,1.431687377,0.237813994,0.976201408,-0.744023512,2.191759233,6d3cf6386dc90357857ec231031ca000021460009a342e0300000000fffffaffec30a230913668d9,5c5f183ad659b824b43cfa3839463c5733b8122c020c000000000000f906000000000000ffffffff
630,1080,47302,-0.026739010,0.968745229,1.380202077,0.237813994,0.976201408,-0.744023512,2.140649024,723c5f38c9c616572a90a81d03287000021460008f39340200000000fffff9ff1a2d4a3bc235e18c,5c5f183ad6598757ad3cf03839463c57d2b8122c020c000000000000f906000000000000ffffffff
631,1081,47303,-0.027064596,0.971653308,1.408838871,0.252110157,0.976032334,-0.731989966,2.158959432,673c0b3941c81e572d4eb643031ca000021460009635310200000000fffff9ff4031c7318d3565a3,3f610e3a745a0021b23cf738ee463c5795f2fc38020c000000000000f906000000000000ffffffff
632,1082,47304,-0.026798208,0.968846674,1.377003286,0.250541427,0.964569093,-0.711654796,2.106995053,703c65389fc626570b465d350328700002146000893d380200000000fffff9ff4031c7318d3568db,0a6168377f5bc01faf3c00399f4626575cb42232020c000000000000f906000000000000ffffffff
633,1083,47305,-0.026650214,0.968812859,1.377003286,0.260900965,0.965177760,-0.707389741,2.104137160,753c63389fc626576c475d350328700002146000893d380200000000fffff9ff72311d30773593b3,68628c37b75b701dae3cfe3818472357b6ca0d35020c000000000000f906000000000000ffffffff
634,1084,47306,-0.026739010,0.968863581,1.375175406,0.318292806,1.051067530,-0.661083436,2.066919088,723c663887c6295735963d090328700002146000893d370200000000fffff9ff7c307a343034a4d1,fb69644b175e5b513e3c39393f49135724e67e6d020c400000000000e914010000000000ffffffff
635,1085,47307,-0.026620616,0.968998841,1.383020060,0.217124517,0.992009860,-0.761845347,2.158793369,763c6e38eec63c57fddd51330328700002146000863e3a0100000000fffff9ff3530173086359dbc,a15cbf3dec581f59ae3ce53864454857792ca326020c000000000000f906000000000000fffffeff
636,1086,47308,-0.026709412,0.968846674,1.386066527,0.247492763,0.967561709,-0.740900883,2.144569618,733c653816c72857f97dd2480328700002146000893c380200000000fffff9ff3430ab31be3550df,a3601938ff593f61b13cf438cf464357dfc91d50020c000000000000f906000000000000ffffffff
637,1087,47309,-0.026679813,0.968829766,1.386218850,0.194333533,1.016373473,-0.814244587,2.212045805,743c643818c72357b41d12330328700002146000893c380100000000fffff9ffb8305032d93361ac,9f5960433c56c77bb53cd83881446b57023eca4b020c000000000000f906000000000000fffffeff
638,1088,47310,-0.026679813,0.969015748,1.380659047,0.259598623,0.957079099,-0.711807119,2.111992539,743c6f38cfc643577d82624c0328700002146000853e3a0100000000fffff9ff0e324a343134819c,3c62ad357d5b2759ae3cfc381647285747ae7d4a020c000000000000f906000000000000ffffffff
639,1089,47311,-0.026798208,0.969032656,1.369234794,0.329007528,0.996693219,-0.661235760,2.061594892,703c703839c63c5780a21c320328700002146000863e3a0100000000fffff9ffd535b13b0531b198,656bd43e155edf75373c3d39634911573fe63b4d020c400000000000e914010000000000ffffffff
640,1090,47312,-0.026709412,0.969506064,1.335723652,0.204929861,1.008088830,-0.779743343,2.128460945,733c8c3881c46b577b42664403287000050860007944410100000000fffffaffb135d03ae03266c1,055b7641015814d6bd3cf43896444b573f64a123020c000000000000f906000000000000fffffeff
641,1091,47313,-0.026354227,0.969184822,1.337323048,0.204929861,1.008088830,-0.779743343,2.130017830,7f3c793896c44b57fcb976800328700002146000853e3a0100000000fffff9ff7b32b831e0330da5,055b764101581b49ae3cdd3896444b573164a123020c000000000000f906000000000000fffffeff
642,1092,47314,-0.026739010,0.969049563,1.365198225,0.210228024,0.981273638,-0.777458493,2.155755230,723c713804c64257c1ae2c460328700002146000863e3a0100000000fffff9ff383477356532b1a1,b85b443b1f58198db13ce5383b455857ca54b347020c000000000000f906000000000000fffffeff
643,1093,47315,-0.026739010,0.969252452,1.349889726,0.231539074,0.991147580,-0.777534654,2.143156891,723c7d383bc558571cdf0b46032870000214600082403c0100000000fffff9ff0e324a34313458ce,885e8c3d1e58276fb43ce93854465957e6ed7c54020c000000000000f906000000000000fffffeff
644,1094,47316,-0.026561418,0.968965026,1.369234794,0.223073852,1.034532059,-0.784846176,2.169488795,783c6c3839c63c579aa31c320328700002146000863e3a0100000000fffff9ffe4336d3740331ccf,6a5d9247be57e815bb3ce6380e4657579280b62e020c000000000000f906000000000000ffffffff
645,1095,47317,-0.026443023,0.969100285,1.353012355,0.217124517,0.992009860,-0.761845347,2.128960567,7c3c743864c54857efbb7c260328700002146000853f3a0100000000fffff9ff6a32aa3e0f325b41,a15cbf3dec5850dbb83cf63864454857332ca326020c000000000000f906000000000000fffffeff
646,1096,47318,-0.026472622,0.969370804,1.365959842,0.270638931,0.916078569,-0.465424064,1.856093303,7b3c84380ec657579237a50d0328700005086000823f3d0100000000fffffaffe4336d3740337995,b163342c2068077ec63c8c380848605656c2269b0210300000000000cc1c170000000000ffffffff
647,1097,47319,-0.026827806,0.969201730,1.353012355,0.213069498,1.025959989,-0.804115083,2.171168119,6f3c7a3864c54857daba7c260328700002146000853f3a0100000000fffff9ff3632a43e10327da3,185c9745c156e76bb93cde38c4456b57cc651d57020c000000000000f906000000000000fffffeff
648,1098,47320,-0.026472622,0.969370804,1.367711561,0.271941273,0.921945449,-0.490938229,1.883050466,7b3c843825c65757069141cd0328700005086000823f3d0100000000fffffaff0333ce3cff30f5a9,dd638f2dd166419cc33c9338ef4774562ee773390210300000000000cc1c170000000000ffffffff
649,1099,47321,-0.026591017,0.969472249,1.360323877,0.281146462,0.917262090,-0.492994595,1.879419489,773c8a38c4c56b57cc02834d03287000050860007b43400100000000fffffaffc531bc36573239a6,14657a2cb666a0e4c13c8e383b4877568524ce0b0210300000000000cc1c170000000000ffffffff
650,1100,47322,-0.026620616,0.969235545,1.371291160,0.238465165,1.002881340,-0.767252827,2.155173518,763c7c3854c65957e3ba1251032870000214600081403c0000000000fffff9ff3c31c738e532a2bf,725f4240a5580427b63cee3895464e576b9a4e30020c000000000000f906000000000000ffffffff
651,1101,47323,-0.026561418,0.969184822,1.376241670,0.277949805,0.924194138,-0.489719642,1.891180283,783c793895c64e57f952612f0328700002146000833f3c0100000000fffff9ffb135d03ae0325181,a864142ee1666777c13c8b38154874560075db380210300000000000cc1c170000000000ffffffff
652,1102,47324,-0.026887004,0.969353897,1.337323048,0.224820174,1.034718040,-0.784693853,2.137892584,6d3c833896c44b57aeb976000328700002146000853e3a0100000000fffff9ff062ece1f7241575e,a55d9d47c0575425bb3ce63825465757cafdad30020c000000000000f906000000000000ffffffff
653,1103,47325,-0.026472622,0.970605047,1.404497655,0.268330234,0.933696117,-0.513253603,1.940628991,7b3ccd3808c860569a1fc7940308a00007000000c821150100000000fffffaff0d2f1d217c40102a,63634630ac65f99ec03c99389f478356770f94350210300000000000cc1c170000000000ffffffff
654,1104,47326,-0.026443023,0.970452880,1.398785529,0.258029893,0.925005695,-0.521098257,1.941376841,7c3cc438bdc7755648bd3e0f0308a00007000000c91c180100000000fffff9ffb82ed821a4400738,0762442e4565881cbe3c96383c478856968b510d0210300000000000cc1c170000000000ffffffff
655,1105,47327,-0.026443023,0.970452880,1.402593613,0.266702306,0.918259628,-0.493070756,1.918906387,7c3cc438efc77456c3149d310308a00007000000c91c190100000000fffff9ff0830a528cd3ebc2a,2c63b52cb5660424c23c9238bd477556ccf730120210300000000000cc1c170000000000ffffffff
656,1106,47328,-0.026383826,0.970165454,1.390103096,0.280939272,0.926189215,-0.524068563,1.939183987,7e3cb3384bc78c5675248c2a0328200007000000c91a1a0200000000fffff9ff742e2325813fa35c,0d658a2e1e65b8edbd3c8f382b488e56cd941d4c0210300000000000cc1c170000000000ffffffff
657,1107,47329,-0.026620616,0.970351436,1.404345332,0.280584087,0.935860268,-0.512568148,1.941680113,763cbe3806c88556931953340308a00007000000c91b1a0100000000fffff9ffca2d1e231d3f902f,0165c630b5659990bd3c8b3806488556dd5ced330210300000000000cc1c170000000000ffffffff
658,1108,47330,-0.026561418,0.970317621,1.407163314,0.237813994,0.956081560,-0.565500520,1.990351634,783cbc382bc88e569eb9014f0308a00007000000c91a1a0200000000fffff9ff652f1b25a03fab5f,5c5f7235fe62c803b53c9d382c46a5562ae6e5460210300000000000cc1c170000000000ffffffff
659,1109,47331,-0.026650214,0.970385250,1.396500678,0.268330234,0.933696117,-0.513253603,1.932749589,753cc0389fc783566580dc320308a00007000000c91b190100000000fffff9ffde2f6923103fbc2a,63634630ac659777bd3c88389f478356b20e94350210300000000000cc1c170000000000ffffffff
660,1110,47332,-0.026472622,0.970300713,1.388960671,0.271941273,0.921945449,-0.490938229,1.904050672,7b3cbb383cc78856e6c8ad4a0308a00007000000c91b1a0200000000fffff9ffb82ed821a440cb58,dd638f2dd1664774c13c8938ef477456acea73390210300000000000cc1c170000000000ffffffff
661,1111,47333,-0.026561418,0.970503602,1.402593613,0.262647287,0.947949084,-0.529780689,1.954026823,783cc738efc7745655149d310308a00007000000c91c190100000000fffff9ffdf30002b863ede3c,a3629133d36425a6bc3c9f384b478c56c707d52b0210300000000000cc1c170000000000ffffffff
662,1112,47334,-0.026827806,0.970249991,1.380506724,0.253915676,0.957907563,-0.531608570,1.932654686,6f3cb838cdc68c561a0377850308a00007000000c81a1a0300000000fffff9ff0830a528cd3e1f60,7c61de35bb645da7ba3ca338cd468c56d7f734260210300000000000cc1c170000000000ffffffff
663,1113,47335,-0.026739010,0.970283806,1.390103096,0.248883901,0.938210402,-0.544099086,1.954004804,723cba384bc78c5645249c2a0328200007000000c91a1a0200000000fffff9ff572eeb29973e4f53,d260513117640817ba3c9a38bd469756276b42490210300000000000cc1c170000000000ffffffff
664,1114,47336,-0.026679813,0.970199269,1.404802302,-0.000188994,0.833316675,-1.173118452,2.581688212,743cb5380cc892567de141300328200007000000c91b190200000000fffff9ffdf30002b863e10fd,f33f1519d443bda3203cd139a2a13656a79d7b3c0308a00007000000bf3e020000000000fffff9ff
665,1115,47337,-0.026354227,0.970064009,1.380506724,0.002830071,0.832471304,-1.159942481,2.544339922,7f3cad38cdc68c56e50177050308a00007000000c81a1a0300000000fffff9ff362e3422a240d764,5940e3188144d814213ccd395a3129569fe839240308a00007000000bb42020000000000fffff9ff
666,1116,47338,-0.026561418,0.970486695,1.405487757,-0.001254546,0.826841128,-1.173346938,2.582956227,783cc63815c874568a1d45390308a00007000000c91c190100000000fffff9ff3d32832a203d6014,cf3f9617d14380fd1f3cce39cbac37568bcae5010308a00007000000bf3e020000000000fffff9ff
667,1117,47339,-0.026502221,0.969945657,1.368244692,0.270402141,0.947610936,-0.555142531,1.946296342,7a3ca6382cc6a5569abd36430328200007000000c61c180500000000fffff9ff8e2d732088408c36,a9637d33866378f3b73c9238d247a2560191fc4f0210300000000000cc1c170000000000ffffffff
668,1118,47340,-0.026531819,0.970452880,1.408381901,0.271349299,0.978483912,-0.558493645,1.989320756,793cc4383bc87756398e214d0308a00007000000c91d180100000000fffff9ff272f812e8b3d482f,c9639f3a5a636eccb23c8d38b847a056c14c4f650210300000000000cc1c170000000000ffffffff
669,1119,47341,-0.026768609,0.970013287,1.398404720,0.262647287,0.947949084,-0.529780689,1.949909578,713caa38b8c7a056b56d81500328200007000000c61c180500000000fffff9ff19310d2d9e3c5c22,a3629133d364ff7ab93c86384b478c568106d52b0210300000000000cc1c170000000000ffffffff
670,1120,47342,-0.026650214,0.969894935,1.380735209,-0.009601374,0.837492812,-1.190711802,2.574909846,753ca338d0c6b05624d132520328200007000000c51e160600000000fffff9fffb309326103ec821,b53e0c1aed42bdb11c3cd4398bb84656f0eba0270308a00007000000c23a020000000000fffff9ff
671,1121,47343,-0.026472622,0.970131639,1.379288137,-0.004806388,0.829799929,-1.193758269,2.576961432,7b3cb138bdc69756b8749d490328200007000000c81b190300000000fffff9ffe82e0c28c23d6022,573f4518c542c8fc1b3cd1398eb44b569f8e05420308a00007000000c339030000000000fffff9ff
672,1122,47344,-0.026620616,0.970131639,1.400384924,-0.003474448,0.837932405,-1.190102508,2.593961742,763cb138d2c7a2561aed12520328200007000000c81c180300000000fffff9ff652f1b25a03f1741,843f261af54251971d3cd53992b24656237a6a3c0308a00007000000c23a020000000000fffff9ff
673,1123,47345,-0.026383826,0.970300713,1.396500678,0.003540440,0.829461780,-1.173499261,2.574030061,7e3cbb389fc783569580dc320308a00007000000c91b190100000000fffff9ff3e2a7d4ad22268f4,71403118cf4340311f3ccd39b63237560ec4af180308a00007000000bf3e020000000000fffff9ff
674,1124,47346,-0.028958911,0.972481772,1.419425346,0.253915676,0.957907563,-0.531608570,1.971487707,273c3c39ccc82558dc943b09071460000a0c80008741221401000000fffff9ffc12ac94ea923a803,7c61de35bb64a778b73c8338cd468c56b7f634260210300000000000cc1c170000000000ffffffff
675,1125,47347,-0.028870115,0.972397235,1.417216657,-0.004303211,0.833823898,-1.172889967,2.593927221,2a3c3739afc81d58308aaa31071460000a0c0000873d1f1d00000000fffff9ffa32a144ccc22434c,683f3319d7430dab1f3cd03911b43656affb21300308a00007000000bf3e020000000000fffff9ff
676,1126,47348,-0.028958911,0.972447957,1.417749789,0.249446276,0.971027733,-0.580961342,2.018008337,273c3a39b6c825580cb86f65071460000a0c80008741221401000000fffff9ff162a94486d21e9ab,e560e638336290f8b13c9738d046b0561e1deb4f0210300000000000cc1c170000000000ffffffff
677,1127,47349,-0.029077306,0.972549402,1.420110801,-0.003474448,0.837932405,-1.190102508,2.613807713,233c4039d5c832581d903f6a071460000a0c8000824a240e01000000fffff9ff962aab42112088e5,843f261af54229831b3cca3992b2465668796a3c0308a00007000000c23a020000000000fffff9ff
678,1128,47350,-0.029166102,0.972769199,1.417902112,0.003570038,0.832826360,-1.192006551,2.613862827,203c4d39b8c84058f470da04071460000a0c80007955250b01000000fffff8ff302ca047091fb8f8,7240f818dc42eecb1b3ccd39c03249561fd80f5a0308a00007000000c23a030000000000fffff9ff
679,1129,47351,-0.029343694,0.972701569,1.411047560,-0.000188994,0.833316675,-1.173118452,2.588086576,1a3c49395ec84858f765d499071460000a0c80007659250b00000000fffff8ffeb284d4bd722d8e4,f33f1519d443ef781f3ccb39a2a13656179d7b3c0308a00007000000bf3e020000000000fffff9ff
680,1130,47352,-0.028929313,0.972515587,1.425061310,-0.006671105,0.862008592,-1.258876511,2.686304051,283c3e3916c925582786211a071460000a0c80008741221401000000fffff9ffdc293c469c2198ed,183fb61f6e3f60fd0e3cd83954b68356817e16430308a00007000000c52d0b0200000000fffff9ff
681,1131,47353,-0.029047707,0.972600124,1.421024741,0.278660173,0.955388356,-0.535492816,1.980641647,243c4339e1c83158c734bb07071460000a0c8000814a240f01000000fffff8ff162a94486d2104ba,c06449358864099eb83c8b380c4892560a995e2f0210300000000000cc1c170000000000ffffffff
682,1132,47354,-0.028840517,0.972701569,1.420110801,-0.008121440,0.848178311,-1.204116259,2.627261499,2b3c4939d5c8325840912f6a071460000a0c8000824a240e01000000fffff9ff6c2cf93f5d1e98e1,e73e841c3d4279911a3cd939b3b75256ddde27390308a00007000000c437030000000000fffff9ff
683,1133,47355,-0.029314095,0.972955180,1.410057458,-0.009512578,0.839082111,-1.223461327,2.636993608,1b3c583951c85058a749a407071460000a0c80007060260900000000fffff7ffa32a144ccc22dec8,b83e6a1a3f41b0fb163cd43981b86656b85665440308a00007000000c634050100000000fffff9ff
684,1134,47356,-0.028810918,0.972515587,1.417749789,-0.021263254,0.865762043,-1.237932047,2.657837335,2c3c3e39b6c825586cb96f65071460000a0c80008741221401000000fffff9ff232b94460e20f1a6,2b3d94208140900e133cdf390cbd6e5636f772470308a00007000000c530080100000000fffff9ff
685,1135,47357,-0.029225299,0.972667754,1.415541100,0.005138768,0.842784839,-1.218282332,2.637247871,1e3c473999c83f583740af2a071460000a0c80007a54250b00000000fffff8ff76295d4daa2203c0,a740451b8341c8d2163cce39e034605660887f550308a00007000000c634050100000000fffff9ff
686,1136,47358,-0.028870115,0.972532495,1.422776460,-0.009364585,0.863293557,-1.215159703,2.640269079,2a3c3f39f8c826587ba5857d071460000a0c80008741221401000000fffff9ffad298747191e54d2,bd3e0220ac41c739183cdf3970b859563bfbd6060308a00007000000c435060100000000fffff9ff
687,1137,47359,-0.029047707,0.973073533,1.421862520,-0.014840341,0.846927160,-1.212341721,2.637261219,243c5f39ecc850583167301d071460000a0c8000715e270800000000fffff8ff232b94460e2071a8,043e3a1cd1413b3c183cd83909bb5a56fc47701d0308a00007000000c535040100000000fffff9ff
688,1138,47360,-0.028840517,0.972904458,1.415541100,-0.021263254,0.844019082,-1.329630718,2.748206172,2b3c553999c83f585341bf2a071460000a0c80007a54250b00000000fffff8ffbe28ac4a432135a8,2b3d8e1bcd3b10d26d3c3b3907bdc7561504979f0328700002000000b425151100000000fffff8ff
689,1139,47361,-0.028899714,0.972684662,1.425899089,0.009726564,0.861602814,-1.242349425,2.670839063,293c483921c93358b6ad657d071460000a0c8000814a240f01000000fffff9ff422a5542421d74da,42419e1f4740d8f0103ccf39a038735638f96b440308a00007000000c530090100000000fffff9ff
690,1140,47362,-0.029225299,0.973124255,1.419349184,-0.015965091,0.835514642,-1.361237817,2.784021607,1e3c6239cbc85958260eb20c071460000a0c80006c64280600000000fffff7ffe928b148ad1f999e,de3d97192e3aa4b96d3c463985bbe556ea0159000328700002000000ac2d1d0a00000000fffff8ff
691,1141,47363,-0.028958911,0.972870643,1.425137472,-0.012738834,0.846724271,-1.359562260,2.787602661,273c533917c941583c3ea47b071460000a0c80007956260a00000000fffff8ff53285844921f74c6,4b3e2e1c443af5ac6b3c453902bae156b469df280328700002000000ab2d1d0900000000fffff8ff
692,1142,47364,-0.029077306,0.972853736,1.427650808,-0.008121440,0.848178311,-1.204116259,2.634801890,233c523938c9445896c28052071460000a0c80007758260a00000000fffff8ff302ca047091fc5c6,e73e841c3d42d77f183cc739b3b75256f0dd27390308a00007000000c437030000000000fffff9ff
693,1143,47365,-0.028899714,0.973039718,1.411047560,-0.018332985,0.850274833,-1.359562260,2.773348454,293c5d395ec848581560d499071460000a0c80007659250b00000000fffff8fff42783477c21d0d4,8e3d001d443a119c6a3c443953bce15676d6c73e0328700002000000ab2d1d0900000000fffff8ff
694,1144,47366,-0.028988510,0.972650847,1.429250203,-0.009364585,0.863293557,-1.215159703,2.646742879,263c46394dc9325860b2e015071460000a0c8000814a240f01000000fffff9fff532aa305223b77c,bd3e0220ac412192153cc43970b8595602f9d6860308a00007000000c435060100000000fffff9ff
695,1145,47367,-0.026443023,0.966530355,1.359866907,-0.009127795,0.840772854,-1.400004116,2.762788958,7c3cdc37bec529589e3dd732071460000a0c80007b4e241001000000fffff6ffcf33852db4226197,c53ece1a31388eb96c3c52394ab80757c42e4a430328700002140000a830200700000000fffff8ff
696,1146,47368,-0.026354227,0.966513448,1.352555385,-0.014692347,0.860503831,-1.389036833,2.743665783,7f3cdb375ec52f58864f6d11071460000a0c80007853270b01000000fffff6ffab33392f8a2298ee,093e5d1fc1383cd4723c5039eabaf95614dbb83a0328700002000000a930200700000000fffff8ff
697,1147,47369,-0.026354227,0.966614892,1.353773972,-0.018332985,0.850274833,-1.359562260,2.715841096,7f3ce1376ec53058d68eec79071460000a0c80007853270b01000000fffff6ff4733d02a7f214f6b,8e3d001d443accd8703c453953bce15679d6c73e0328700002000000ab2d1d0900000000fffff8ff
698,1148,47370,-0.026265431,0.966327466,1.357125086,-0.008831809,0.855735934,-1.392159462,2.751563182,823cd0379ac53a5893f59402071460000a0c8000735c270801000000fffff6ff3634c02d9821180c,cf3e431e9838c1ac693c51392ab8fd567c66ff240328700002000000a830200700000000fffff8ff
699,1149,47371,-0.026354227,0.966124577,1.349128109,-0.014692347,0.860503831,-1.389036833,2.740226084,7f3cc43731c539586a26ca3e071460000a0c8000745a270901000000fffff6ff7632ad2c7621dc2f,093e5d1fc138799c683c5039eabaf956ccdab83a0328700002000000a930200700000000fffff8ff
700,1150,47372,-0.026324629,0.966242929,1.364131961,0.004339604,0.913153583,-1.470758322,2.835553155,803ccb37f6c53a5872481065071460000a0c8000735b270901000000fffff6ff7032c42e9122102c,8c40872b903477b56d3c78391334385718bf484503287000021460009c362b0300000000fffff9ff
701,1151,47373,-0.026383826,0.966395096,1.364360446,-0.023364761,0.856885640,-1.393454211,2.759989695,7e3cd437f9c52f580ed5d06d071460000a0c80007853270b01000000fffff6ffab33392f8a225016,e43c871e87382fbe703c513980bdfe566c06e0610328700002000000a830200700000000fffff8ff
702,1152,47374,-0.026443023,0.966327466,1.353773972,-0.023216767,0.847265309,-1.360628524,2.717014375,7c3cd0376ec53058188fec79071460000a0c80007853270b01000000fffff6ffbe32772daf221f70,e93c4e1c363a94c56f3c45397bbde256ac2580250328700002000000ab2d1d0900000000fffff8ff
703,1153,47375,-0.026383826,0.966445818,1.361770949,-0.000484981,0.868670122,-1.434353036,2.797952855,7e3cd737d7c52f58b999930a071460000a0c80007853270b01000000fffff6ffc4335d2d0a20902e,e93f40216e3607b46c3c61390aa720573c6be9460328700002146000a532240400000000fffff8ff
704,1154,47376,-0.026176635,0.966006225,1.352936194,-0.010045355,0.882551126,-1.409067356,2.763311163,853cbd3763c5475821642067071460000a0c80006f63260700000000fffff6ff4135492ea7206805,a63e7524ba37b4d7753c5b39bab80757801b87310328700002140000a731220600000000fffff8ff
705,1155,47377,-0.026265431,0.965904780,1.340141030,-0.028070951,0.920626669,-1.453850428,2.794358895,823cb737bbc44158107e593d071460000a0c80007260250801000000fffff6ff8536ba30c41ff9b3,453c412d6e3517c4743c743996be28572273b34903287000021460009f34290300000000fffff9ff
706,1156,47378,-0.026206234,0.965651169,1.329249909,-0.010400539,0.906864017,-1.419577669,2.749501555,843ca8372cc449580a64c31a071460000a0c00007062230901000000fffff6ffd936532b7620af53,9a3e132a303728f2773c6539e5b80c572f43c30b0328700002146000a631230500000000fffff9ff
707,1157,47379,-0.026087839,0.966361281,1.326431927,0.010466531,0.876379912,-1.416226555,2.744377601,883cd23707c44458af030e10071460000a0c80007062240801000000fffff6ff0639bd2c311f176b,5b4108235c3731a3683c5f39ee380f57051f8f190328700002140000a731220500000000fffff8ff
708,1158,47380,-0.025910247,0.966242929,1.289493509,0.004221209,0.906813295,-1.526356353,2.816638108,8e3ccb3722c250583e964602071460000a0c00006d67230700000000fffff6ff4135492ea72020fa,8840102ab631d18dab3c6c38d8336b57ef8c381203287000021460007548400100000000fffff9ff
709,1159,47381,-0.026117438,0.966597985,1.340141030,-0.023216767,0.881367605,-1.423309592,2.764766169,873ce037bbc44158977e593d071460000a0c80007260250801000000fffff6ff3634c02d982188f9,e93c2f24ff3629c4723c603975bd14571623905a0328700002146000a632230500000000fffff8ff
710,1160,47382,-0.026265431,0.966614892,1.349128109,0.021062858,0.906948554,-1.434505359,2.784675085,823ce13731c539588626ca3e071460000a0c8000745a270901000000fffff6ff4c37482de11de76b,c142182a6c3625a5663c6d39f43c1957151b2d480328700002146000a432250500000000fffff9ff
711,1161,47383,-0.025880649,0.965837150,1.319196567,0.001794118,0.907979908,-1.540446265,2.860361949,8f3cb337a8c35a58c80d1503051c60000a0c00006d67260500000000fffff6fffe341f309c1eaf63,3640552afd30b982ad3c6c38b72e7857a20d66420328700005086000704a430100000000fffff9ff
712,1162,47384,-0.026058241,0.965701891,1.342425881,0.010762518,0.912663267,-1.539760810,2.882909812,893cab37d9c453588164a10e071460000a0c00006a68260700000000fffff6ffec34bd2ae21f6767,65416a2b06319d4cad3c6f3801397757d2b31f180328700005086000714a430000000000fffff9ff
713,1163,47385,-0.026117438,0.966124577,1.342959013,-0.010045355,0.882551126,-1.409067356,2.753341964,873cc437e0c4495821354543071460000a0c00006e64260600000000fffff6ff8536ba30c41ff0ed,a63e7524ba372195653c5b39bab80757501b87310328700002140000a731220600000000fffff8ff
714,1164,47386,-0.025969445,0.966614892,1.329249909,0.002060506,0.918411795,-1.538389899,2.868181879,8c3ce1372cc449584365c31a071460000a0c00007062230901000000fffff6ff2935d02bb821a751,3f40be2c183188e6ad3c7238b52f74576467e93203287000050860006f4b440000000000fffff9ff
715,1165,47387,-0.026235833,0.966479633,1.340978809,-0.010400539,0.906864017,-1.419577669,2.761245524,833cd937c6c43858e55ffe15071460000a0c8000745b260901000000fffff6ff4715d963b728f8e0,9a3e132a3037c4d7613c6339e5b80c575541c38b0328700002146000a631230500000000fffff9ff
716,1166,47388,-0.028130148,0.973394774,1.496348649,-0.002320099,0.960714198,-1.589951361,3.086433979,433c7239beccda57625cae0d07285000060c80007e411b150c040000fffffdfffb14b3663b2ac760,ab3f8436732e7180ba3c6c3850b09c57eb3da7450328700005182000624d4d0301000000fffff9ff
717,1167,47389,-0.028011753,0.973293329,1.497186427,-0.002645684,0.930263907,-1.573576598,3.071169245,473c6c39c9ccc1575054e9a80728300005188000714b171710050000fffffdfff2141b65ac285198,a03f7b2f4a2ff980b43c6c38ebb09257e2bd164a0328700005182000684d480100000000fffff9ff
718,1168,47390,-0.028159747,0.973360959,1.497110266,0.002060506,0.918411795,-1.538389899,3.036147876,423c7039c8ccda579be87d7507285000060c80007e401b160c040000fffffdff7a2ea02f421de01e,3f40be2c1831d01bad3c6738b52f7457cf64e93203287000050860006f4b440000000000fffff9ff
719,1169,47391,-0.026502221,0.970638862,1.398404720,-0.012354052,0.935522120,-1.559334363,2.957981380,7a3ccf38b8c75d583421fd2c051c60000a0c00007e4f2f0400000000fffff6ff2a2e482b031b280e,583eb23005309cbfb23c6538c2b984575a70f01903287000050860006b4c460100000000fffff9ff
720,1170,47392,-0.026768609,0.970571232,1.401146541,0.002208499,0.933357968,-1.547910110,2.949433782,713ccb38dcc77258d8d8bc06051c60000a0c00008448310200000000fffff6ffe12edc31601a28ff,444032309b301011af3c623819307a570739f93103287000050860006d4b450100000000fffff9ff
721,1171,47393,-0.026768609,0.970351436,1.394977444,0.001646124,0.945497506,-1.553774560,2.948993642,713cbe388bc7765826b2b611051c60000a0c8000814d300200000000fffff6ff7b2a7a2baa1a8813,314000334e30e8edb13c5f38302e7d57f7a4890603287000050860006d4b460100000000fffff9ff
722,1172,47394,-0.026798208,0.970723399,1.418359082,-0.020760077,0.960917087,-1.569844676,2.988225949,703cd438bec874586e43c249051c60000a0c80008646320100000000fffff6ff522edc2f7b1bf358,3c3d90367b2f3194b83c6138d6bc895765cdc24a0328700005182000694b480200000000fffff9ff
723,1173,47395,-0.026650214,0.970469788,1.399775631,-0.001728125,0.913863695,-1.535724240,2.936151367,753cc538cac76c58868c9e31051c60000a0c0000824b300200000000fffff6ff112c64302e1de0bb,bf3fb12b3b31d0cbad3c6a386dae7357152c71210328700002146000714a430000000000fffff9ff
724,1174,47396,-0.026591017,0.970774121,1.411504530,0.014195965,0.953562353,-1.575632964,2.987465520,773cd73864c85d5876ab6434051c60000a0000007f4d2f0300000000fffff6ffe12edc31601ac3c0,d941dd342f2fbf71b73c74389d3a9057c3f2ac4c0328700005182000674c490200000000fffff9ff
725,1175,47397,-0.026709412,0.971129178,1.394977444,0.001646124,0.945497506,-1.553774560,2.948999729,733cec388bc7765838b0b691051c60000a0c8000814d300200000000fffff6ff572b6a2d4518d810,314000334e302427b23c7938302e7d57eda6790603287000050860006d4b460100000000fffff9ff
726,1176,47398,-0.027094194,0.970723399,1.414627159,0.002208499,0.933357968,-1.547910110,2.962917801,663cd4388dc8895859c3f208051c60000a0c80008a41340100000000fffff6ff7a2ea02f421d4eb8,444032309b30c8f7af3c763819307a57ed3ef93103287000050860006d4b450100000000fffff9ff
727,1177,47399,-0.026502221,0.970774121,1.398404720,-0.013005223,0.942893761,-1.700385806,3.098945338,7a3cd738b8c75d589123fd2c051c60000a0c00007e4f2f0400000000fffff6ff102f362c2919e8fc,423e6632c92808df883ca6380eba015803d7793b0714a000031820009230271005000000fffff8ff
728,1178,47400,-0.026975800,0.970486695,1.393378049,-0.005871941,0.949149512,-1.715770467,3.109293351,6a3cc63876c782589caad503051c60000a0c00008646320100000000fffff6ffc72b7e2c1b1dc813,333fd833ff2758d98a3cac3876b507586657aa360714a000031800009332270d06000000fffff8ff
729,1179,47401,-0.026620616,0.970723399,1.412799279,-0.018392182,0.944246356,-1.724300575,3.137222376,763cd43875c85f5870b7b30d051c60000a0c8000814b300300000000fffff6ff8f2a36349b19902c,8c3db6328f27b9c4883cb03849bc0b58060e70220714a000031800009434250b07000000fffff7ff
730,1180,47402,-0.026916602,0.970977011,1.417978274,-0.015343518,0.932208262,-1.705107831,3.123348166,6c3ce338b9c87c58e26b7115051c60000a0c80008349310100000000fffff6ff4a1f9b540921c986,f33dee2f8b2895b5853ca93825bb0458f4cd45410714a000031820009432250e06000000fffff7ff
731,1181,47403,-0.027893359,0.974020349,1.466569429,-0.020464090,0.939292478,-1.704422375,3.171190667,4b3c973937cb32583e4ddb2f071460000a2000007457240e01000000fffffaff7b1d3153fa1f9c36,463d913194286ac5873ca938c4bc0358702180250714a000031820009331260f06000000fffff8ff
732,1182,47404,-0.027834161,0.973885089,1.474337921,-0.013005223,0.942893761,-1.700385806,3.174909622,4d3c8f399dcb3b580ab2047d071460000a203000705d260a01000000fffffbff902aec310b1b9997,423e6632c928e985833ca7380eba0158f6d5793b0714a000031820009230271005000000fffff8ff
733,1183,47405,-0.026768609,0.970892473,1.417978274,-0.020464090,0.953410186,-1.740979985,3.159012924,713cde38b9c86f5875a3d235051c60000a0c8000834a310200000000fffff6ff522edc2f7b1bf1a6,463dd434b42638d1893cb738c4bc125844e2d0120714a000031800009134280a08000000fffff7ff
734,1184,47406,-0.026591017,0.970993918,1.399775631,0.012479241,0.935234693,-1.563980226,2.964229071,773ce438cac76c58538d9e31051c60000a0c0000824b300200000000fffff6ff711e235146208187,9f41a130c82f314eb33c7238d239895788c73f5903287000050860006a4c470100000000fffff9ff
735,1185,47407,-0.027804563,0.973952719,1.470149029,-0.009897361,0.934879637,-1.730393510,3.200831129,4e3c933966cb3958ef6ecb06071460000a203000715d260a01000000fffffaffd21e3352202030ca,ab3e8c303f27efb8853cb1389cb80f588f4287410714a000031800009536230907000000fffff7ff
736,1186,47408,-0.027774964,0.973986534,1.468549633,-0.018125794,0.937584827,-1.687819128,3.156593408,4f3c953951cb3a58f7973f64071460000a203000715d260a01000000fffffaff351de64c731e1f78,953d2c316e294cd3853ca33838bcf7571a08861f07285000031800008d2c2c1605000000fffff8ff
737,1187,47409,-0.027656569,0.973817460,1.475480347,0.000580572,0.941388999,-1.723234312,3.199003659,533c8b39accb4a58b5328a02071460000a2030006b642a0501000000fffffaffb01da44f621ef82d,0d400d329d2799b0833cb0383d280b583c3ebf130714a000031800009334250c07000000fffff7ff
738,1188,47410,-0.027626971,0.973885089,1.473423981,-0.004392007,0.954576799,-1.720187844,3.193754713,543c8f3991cb4a58e193bf69071460000a2030006b64290501000000fffffaffd21e33522020ad4a,653f1935c527699b8c3caf38451c0a58c250498e0714a0000318200090312a0e06000000fffff8ff
739,1189,47411,-0.027893359,0.973885089,1.468549633,-0.009778966,0.934541488,-1.700461968,3.169307586,4b3c8f3951cb3a581e973f64071460000a203000715d260a01000000fffffaff311d32512f20576b,af3e7830c82869ae843ca8388eb8015854f57d0f0714a000031820009331261006000000fffff8ff
740,1190,47412,-0.027804563,0.973901997,1.475556508,-0.004392007,0.954576799,-1.720187844,3.195888543,4e3c9039adcb3a58431d6215071460000a203000705e260a01000000fffffaff0f1f934a8d1abf6e,653f1935c5279f7b803cb138451c0a58b752490e0714a0000318200090312a0e06000000fffff8ff
741,1191,47413,-0.027301385,0.973513126,1.467483370,-0.005871941,0.949149512,-1.715770467,3.183419198,5f3c793943cb6d58c835b406051c60000a203000715c2f0201000000fffff9ff771bb74e5d1e5754,333fd833ff27d98c813cad3876b507585f56aa360714a000031800009332270d06000000fffff8ff
742,1192,47414,-0.027715767,0.973749830,1.482411060,-0.006463914,0.864544708,-1.885458703,3.369706834,513c873907cc4a58b76c5019071460000a2030006a642a0501000000fffffaff0f1c554eef19ef60,1f3f4c204b1fd9a3933c833804b65358bd4b2827051c60000a0c00007464230400000000fffff5ff
743,1193,47415,-0.027390181,0.973327144,1.480430856,0.007506663,0.956994562,-1.750195549,3.230856158,5c3c6e39edcb7158fa8c010e051c600008283000725a300201000000fffffaff681c13513b1e0424,f740a8353b2685a7813cbc38033715586b829c050714a000060c00008e37270a09000000fffff7ff
744,1194,47416,-0.027774964,0.973699108,1.478907623,-0.007203881,0.949436938,-1.758344849,3.237408746,4f3c8439d9cb4b58d531267f071460000a2030006b642a0501000000fffffaffaa1d4b4b6f1cef72,063fe933d025b1bd853cbd38b8b61958584aa7400714a000060c0000923b220906000000fffff7ff
745,1195,47417,-0.027478977,0.973665293,1.473500143,-0.008743013,0.854535506,-1.903889831,3.379542274,593c823992cb5c58a42aba01051c60000a2030006b642c0301000000fffffaff391fb250e21bfb52,d23efc1d591e474b943c7c3812b85b586a1af601051c60000a0c0000785f260200000000fffff5ff
746,1196,47418,-0.027745365,0.973360959,1.466797914,-0.013685992,0.863175205,-1.901757304,3.370386154,503c70393acb5f58ae130792051c60000a2030006a652c0301000000fffffaff2d1c9551891c901c,2b3efb1f751e735a923c7d385fba5a58bfc6d028051c60000a0c00007760260200000000fffff5ff
747,1197,47419,-0.027686168,0.973513126,1.479897724,-0.006907894,0.865322450,-1.903280538,3.384971509,523c7939e6cb59584741653d051c60000a20300069662c0301000000fffffbff391fb250e21b5030,103f7a20611e0f6a913c7e3870b65a5870f9993e051c60000a0c0000785f260200000000fffff5ff
748,1198,47420,-0.027330984,0.973766737,1.466797914,-0.019368939,0.868433418,-1.934735314,3.403173050,5e3c88393acb5f58c3130712051c60000a2030006a652c0301000000fffffaff531eb54eb81c142f,6b3d3221c41c4f47913c723882bc68589b0dd01f051c60000a0c0000795c280200000000fffff5ff
749,1199,47421,-0.027478977,0.973766737,1.470682160,-0.016527466,0.863648614,-1.917675097,3.390163837,593c88396dcb5958cd939f25051c60000a20300069672c0301000000fffffaffb01da44f621ea23c,cb3d1720a41dbb4b923c7838b4bb60581d2ad022051c60000a0c0000785d270200000000fffff5ff
750,1200,47422,-0.027834161,0.973682200,1.473423981,-0.008476624,0.868720844,-1.915161761,3.390266204,4d3c833991cb4a58ee92bf69071460000a2030006b64290501000000fffffaff0b1cf952d91a7b53,db3e4321c51d6f61903c7a38e8b75f586db1883e051c60000a0c0000785e270200000000fffff5ff
751,1201,47423,-0.027567773,0.973310237,1.480507018,0.001024552,0.860655998,-1.916075701,3.398570680,563c6d39eecb685839a8401a051c6000082830006d602e0202000000fffffbff2b1bbb4d2a1c2b51,1c40661fb91dc13c963c7a38ae2b6058ecf66f1e051c60000a0c0000795e270200000000fffff5ff
752,1202,47424,-0.027567773,0.973546941,1.483020354,0.000106993,0.858982162,-1.901148011,3.386220090,563c7b390fcc5e589d889014051c60000a2030006b632d0201000000fffffaffe52fd018ff194cd3,fd3f031f7d1ea23f953c7e38431f5a587e87ef18051c60000a0c00007760250200000000fffff5ff
753,1203,47425,-0.029284497,0.973225699,1.386218850,-0.008476624,0.868720844,-1.915161761,3.303099783,1c3c683918c77e58106fbe32051870000a0000009238350000000000fffff6ff3b2e4919d319b0d3,db3e4321c51d7821983c7c38e8b75f5894b1883e051c60000a0c0000785e270200000000fffff5ff
754,1204,47426,-0.029314095,0.973276422,1.400537247,-0.009216591,0.874351020,-1.926586014,3.328654284,1b3c6b39d4c77f585b3a1233051870000a0000009238340000000000fffff6ff531eb54eb81c7c2c,c23e90222f1ddf5c8f3c75384bb86458020da83a051c60000a0c0000785d280200000000fffff5ff
755,1205,47427,-0.027804563,0.973479311,1.470682160,-0.006907894,0.865322450,-1.903280538,3.375760487,4e3c77396dcb595866929f25051c60000a20300069672c0301000000fffffaffe52fd018ff1915a1,103f7a20611eb014963c7f3870b65a581efa993e051c60000a0c0000785f260200000000fffff5ff
756,1206,47428,-0.029402891,0.973208792,1.386218850,-0.020197702,0.878408804,-1.954689676,3.342265931,183c673918c77e58df70be32051870000a0000009238350000000000fffff6ffb12faa18b01af425,4f3d8023be1bef6f903c6938b4bc7058d099930b051c60000a0c00007a5a290200000000fffff6ff
757,1207,47429,-0.029343694,0.973158070,1.387970569,-0.009275789,0.852134650,-1.919502977,3.309747823,1a3c64392fc7785834d0892205187000000000009238340000000000fffff6ff892f6a1952188995,c03e6e1d8c1d9f49943c783852b86258e3bd7640051c60000a0c0000795c280200000000fffff5ff
758,1208,47430,-0.029521286,0.973344051,1.389265318,-0.007795855,0.880403882,-1.933059757,3.323695801,143c6f3940c78d585df59c37051870000a0000009339320000000000fffff6ff4b305717331818d2,f23ef623da1c81838e3c723842b7665859c1f60f051c60000a0c0000785e280200000000fffff6ff
759,1209,47431,-0.029491688,0.973394774,1.382791575,0.003570038,0.873539463,-1.945245627,3.329699052,153c7239ebc68f58df582e0d051870000a0000009339330000000000fffff6ffe02f8217a4193cdb,724060223a1ca028983c6e38a9326c5818e24c08051c60000a0c0000795b290200000000fffff5ff
760,1210,47432,-0.029402891,0.973259514,1.386371174,-0.008979802,0.855854286,-1.938467237,3.326973331,183c6a391ac78158d70c4e0b05187000000000009439320000000000fffff5ff742e3317b219a0df,ca3e4a1e931c8e44943c72382db86a586b657741051c60000a0c00007b5a290100000000fffff5ff
761,1211,47433,-0.029373293,0.973276422,1.398633205,0.001468532,0.863344280,-1.931231877,3.331821988,193c6b39bbc7815830868306051870000a0000009339330000000000fffff6ff502e7d170d1824cf,2b400520f21c223e973c7438882d66582eda1f1a051c60000a0c0000795c280200000000fffff5ff
762,1212,47434,-0.029402891,0.973428589,1.399775631,-0.007795855,0.880403882,-1.933059757,3.334203381,183c7439cac79058b20a4347051870000a0000009439320000000000fffff6ff892f6a195218e4c5,f23ef623da1c98fe9b3c743842b76658e9c1f60f051c60000a0c0000785e280200000000fffff6ff
763,1213,47435,-0.029254898,0.973428589,1.389265318,0.005020374,0.800042843,-2.006479623,3.400341323,1d3c743940c78d58cdf69c37051870000a0000009339320000000000fffff6ffc12d8e1a541889ba,a3406511161969880b3cf739ab348958d9769733051c6000000000008e3b360000000000fffff5ff
764,1214,47436,-0.029343694,0.973428589,1.404269170,-0.009216591,0.874351020,-1.926586014,3.332389191,1a3c743905c88c58c20a6234051870000a0000009339330000000000fffff6ffa933621b8b146eca,c23e90222f1dd8199a3c77384bb864581e0da83a051c60000a0c0000785d280200000000fffff5ff
765,1215,47437,-0.029698878,0.973834367,1.353773972,-0.008358230,0.864071299,-1.961163420,3.316822767,0e3c8c396ec5ae5805ce4501051870000a000000953b300000000000fffff6ff9e319f187c1604c8,df3e3020691bcf53943c6938c7b773588f6ec701051c60000a0c00007c572a0100000000fffff5ff
766,1216,47438,-0.029580484,0.973580756,1.371367322,0.005464354,0.788714862,-2.014324276,3.390915973,123c7d3955c69d585865fd08051870000a000000943a310000000000fffff6ff412e2b1db216b1b2,b240c70eaf188f7f0d3cf63917358d5806928705051c60000a0000008e3a370000000000fffff5ff
767,1217,47439,-0.029343694,0.973648385,1.400308762,0.000906157,0.794412667,-2.015847510,3.420988772,1a3c8139d1c79a58269f1132051870000a000000943a310000000000fffff6ff9831b51d7f131ecd,184018109b18b83b0d3cf439ab2a8e5889ac102a051c60000a0000008e3a370000000000fffff5ff
768,1218,47440,-0.029580484,0.974003441,1.371595807,0.008631413,0.795731447,-2.016075995,3.392574434,123c963958c6b658be962346051870000a000000963c2d0000000000fffff6ff6832811f0d16a77e,1d4166109818f81f0c3cf33906388e58e7a2dc79051c60000a0000008f39370000000000fffff5ff
769,1219,47441,-0.029758076,0.973614570,1.364588932,-0.001520935,0.792180886,-2.084316866,3.453790196,0c3c7f39fcc59f58ce5d9610051870000a0000009339320000000000fffff6ff8d30ca1be916898d,c63f940f1815b77f1a3cf139acadad58e29d5740051870000a0000009139350000000000fffff6ff
770,1220,47442,-0.029639681,0.973496218,1.380582886,0.005849137,0.796238670,-2.030242069,3.415612180,103c7839cec69958b1797c32051870000a0000009439320000000000fffff6ff6832811f0d16a441,bf408410de17a0fb0f3cfc3974359458635e593f051c60000a0000008f39370000000000fffff5ff
771,1221,47443,-0.029195701,0.973817460,1.364588932,0.011591281,0.790321068,-2.031917626,3.401704176,1f3c8b39fcc59f58bb5f9610051870000a0000009339320000000000fffff6ff552f4f211215a0da,8141260fc8173cba103cf93967399558f7ef9f1d051c60000a0000008f39370000000000fffff5ff
772,1222,47444,-0.029373293,0.973901997,1.391017037,0.010170544,0.792485220,-2.015466702,3.411540301,193c903957c7a7584afff010051870000a000000953b2f0000000000fffff6ff232f2a1906165dc6,5141a60fa01865ac0d3cf839bc388e589e873f1a051c60000a0000008f39370000000000fffff5ff
773,1223,47445,-0.029462089,0.973665293,1.392692594,0.008631413,0.795731447,-2.016075995,3.413621956,163c82396dc7a15803273349051870000a000000953a300000000000fffff6ffd01c64322319fcd3,1d416610981860e90d3cf93906388e58c1a2dc79051c60000a0000008f39370000000000fffff5ff
774,1224,47446,-0.027982155,0.970216176,1.477155904,0.003777229,0.783253760,-2.032146111,3.514422319,483cb638c2cb7d58aeae7d36051870000a2000009a3f270000000000fffff8ffa31b5a333b19f8e5,7940840dc517d77f103cf53909339658e37dd700051c60000a0000008f38370000000000fffff5ff
775,1225,47447,-0.028041352,0.970233083,1.482030252,0.017599813,0.796644449,-2.072511805,3.559070856,463cb73802cc7c580ad14238051870000a200000993f270000000000fffff8ff8d30ca1be916f1b0,4c429c10b3158771183cfa391a3ca75821b72c06051870000a0000009038360000000000fffff5ff
776,1226,47448,-0.029225299,0.973631478,1.380582886,-0.001609731,0.803694849,-2.049967946,3.434868277,1e3c8039cec69958267b7c32051870000a0000009439320000000000fffff6ffaf1cd633731a6f4e,c33f3d12db1629a7123cea39f0ad9d58509c4611051c60000a0000008f38370000000000fffff5ff
777,1227,47449,-0.028100550,0.970114731,1.477689036,0.003629236,0.800178103,-2.042732585,3.524663619,443cb038c9cb715825f4782a0518700000000000973d2b0000000000fffff8ff051d063153195abc,74406d113a1738fe113cff39c8329a583d82c83e051c60000a0000008f38370000000000fffff5ff
778,1228,47450,-0.028130148,0.970249991,1.476241964,-0.005960737,0.790101272,-2.048901682,3.529813418,433cb838b6cb7b5807d18d0d051870000a0000009a3f260000000000fffff8ffbb1dcb31a017899a,303f190fe916bd4e123cef398ab59d581870801a051870000a0000008f38380000000000fffff5ff
779,1229,47451,-0.028189346,0.970435973,1.473195496,0.001586927,0.780075163,-2.054689970,3.533143038,413cc3388ecb8a58f7ddeb39051870000a2000009a3f260000000000fffff7ff881efa2fb717c1a9,2f40c80c9d16c77f143cf439e02da058df811740051870000a0000009038370000000000fffff5ff
780,1230,47452,-0.028130148,0.970452880,1.469692058,-0.011673282,0.794446482,-2.068779882,3.542884807,433cc43860cb8a5880050e10051870000a2000009a3f260000000000fffff7ffd01c6432231989a7,6f3e1a10e415098f163cec396fb9a658b8e87207051870000a0000009038370000000000fffff5ff
781,1231,47453,-0.028159747,0.970249991,1.477155904,0.005849137,0.796238670,-2.030242069,3.511876576,423cb838c2cb7d5846ad7d36051870000a2000009a3f270000000000fffff8ffc91bb7303519dfb7,bf408410de1780130e3cef3974359458175e593f051c60000a0000008f39370000000000fffff5ff
782,1232,47454,-0.028070951,0.970266898,1.481573282,0.013485596,0.791250977,-2.050577239,3.536928180,453cb938fccb7c5824dde208051870000a2000009a3f260000000000fffff8ff332192300f169199,c1415d0fd316a442133cfa39473a9e58ffefaf1e051870000a0000009038380000000000fffff5ff
783,1233,47455,-0.028159747,0.970706492,1.458267806,-0.001609731,0.803694849,-2.049967946,3.512309195,423cd338caca995830bafc08051870000a2000009a3f260000000000fffff7ff48227237b915077b,c33f3d12db16c007133c023af0ad9d58f19e4691051c60000a0000008f38370000000000fffff5ff
784,1234,47456,-0.028307740,0.970824844,1.453621943,-0.005901539,0.732632900,-2.162230271,3.623758363,3d3cda388dca9b58225a2514051870000a203000983d2a0000000000fffff8ffda1f04345f16b0bc,323fd201191187708b3c0c3983b5d258b21488a10518700000000000a541190000000000fffff6ff
785,1235,47457,-0.027804563,0.970554325,1.464056094,0.003629236,0.800178103,-2.042732585,3.511065790,4e3cca3816cb955876ffba33051870000a200000993f270000000000fffff7ffbb1dcb31a017b8c3,74406d113a178012103cec39c8329a58b881c83e051c60000a0000008f38370000000000fffff5ff
786,1236,47458,-0.027893359,0.970385250,1.473195496,-0.002083310,0.791250977,-2.030699039,3.508565542,4b3cc0388ecb8a58d1deeb39051870000a2000009a3f260000000000fffff7ffda1f04345f16118e,b33f5d0fd817e2400f3cf239c3af955831484023051c60000a0000008f39370000000000fffff5ff
787,1237,47459,-0.028248543,0.970638862,1.464056094,-0.004510401,0.734999941,-2.186145041,3.657876094,3f3ccf3816cb955863feba33051870000a200000993f270000000000fffff7ff59208639b3141dc7,613f5e02df0f8194893c133938b4dd5814ee583f0518700000000000a641180000000000fffff6ff
788,1238,47460,-0.027804563,0.970841751,1.461923567,-0.007055888,0.724754035,-2.186373526,3.656646188,4e3cdb38facaa258953e601805187000082800009840260000000000fffff8ff581ef1304415c197,0b3f0000dc0f70fe873c0e3999b6de583af666000518700000000000a641180000000000fffff6ff
789,1239,47461,-0.028011753,0.970689584,1.470529837,-0.011821275,0.734611070,-2.180280591,3.658471262,473cd2386bcba0581a4e134c05187000082800009b40240000000000fffff8ff6d24c7328614e190,6a3e47022c10a9a9893c103985b9db58b33fe12e0518700000000000a541190000000000fffff6ff
790,1240,47462,-0.028130148,0.970977011,1.444406379,-0.003385651,0.742388490,-2.215619613,3.667240824,433ce33814caa6583611b502051870000a2000009a40250000000000fffff7ff521c982f60172da2,873f13045c0e7f7f823c073951b2ea58ca85183d0518700000000000a641170000000000fffff7ff
791,1241,47463,-0.028041352,0.970452880,1.479212269,0.002178900,0.733681161,-2.186525849,3.673501063,463cc438ddcb8d58a1194347051870000a2000009b3f250000000000fffff8ffea1bc632841710d0,43401002da0f47b2873c0a391230dd580ea41f260518700000000000a641180000000000fffff6ff
792,1242,47464,-0.027982155,0.970402158,1.480963988,-0.004510401,0.734999941,-2.186145041,3.674731794,483cc138f4cb8b5837f1b174051870000a2000009a3f260000000000fffff8ffc21d5135d6155dbb,613f5e02df0f9f7c873c083938b4dd58aeed583f0518700000000000a641180000000000fffff6ff
793,1243,47465,-0.027893359,0.970621954,1.473043173,0.007240275,0.739767838,-2.217523655,3.697946931,4b3cce388ccb995807eec17405187000082800009a3f260000000000fffff8ff48227237b915fc36,ee407803430ef8ba813c0b39c336eb5824b04f1f0518700000000000a641170000000000fffff7ff
794,1244,47466,-0.027686168,0.970706492,1.453621943,-0.007677460,0.730130600,-2.222017195,3.683558087,523cd3388dca9b58db5b2514051870000a203000983d2a0000000000fffff8ff72122b5c711b2014,f63e3e01080e78fd823c12392eb7ee58719286410518700000000000a741170000000000fffff7ff
795,1245,47467,-0.026887004,0.969134100,1.501832290,-0.003415250,0.782053333,-2.296807971,3.803316706,6d3c763806cd61581b1b9d38051c60000828c0006f5e280801000000fffffcff4012fa58541b7445,863f3d0d320a60fc723c1c3959b20c59a15246460518700000000000a545140000000000fffff9ff
796,1246,47468,-0.026916602,0.969066470,1.502213099,-0.020404893,0.760716150,-2.245246509,3.753252692,6c3c72380bcd63581d279c08051c60000828c000715e290701000000fffffcff8e2291345d1369a5,483d4f08d70cab527e3c1e39c0bcf658cd97f0250518700000000000a642170000000000fffff8ff
797,1247,47469,-0.027982155,0.971027733,1.452403356,-0.003385651,0.742388490,-2.215619613,3.675224264,483ce6387dcaaf58c4bde24805187000082800009b42220000000000fffff8ff1a12f85b2a1c2993,873f13045c0e298e853c1b3951b2ea586c86183d0518700000000000a641170000000000fffff7ff
798,1248,47470,-0.026946201,0.969184822,1.502593907,0.000580572,0.759870778,-2.241209940,3.749751636,6b3c793810cd5a58462fb929051c60000828c0006f60270800000000fffffcff7a10ab598f19435c,0d401d080c0db98e813c24397428f558acbe09350518700000000000a642170000000000fffff7ff
799,1249,47471,-0.027064596,0.968931211,1.506021183,-0.015846696,0.740342690,-2.215543451,3.728595162,673c6a383dcd7258fcc6e277051c60000828c00075532c0b01000000fffffcffea1215597d19a353,e23d9a035d0eb9af843c173966bbea58ee7700280518700000000000a641170000000000fffff7ff
800,1250,47472,-0.027153392,0.968965026,1.500842188,0.010703320,0.782729630,-2.254614396,3.760262080,643c6c38f9cc725813d57e70051c60000828c00076532d0801000000fffffcff2a100657a5195a38,6341650d5c0c998f7e3c2e39fd38f95831039d8e0518700000000000a543170000000000fffff8ff
801,1251,47473,-0.027005398,0.968914304,1.506706638,0.018043793,0.783760983,-2.282413412,3.793908530,693c693846cd7258ce52f10e051c60000828c00076532c0901000000fffffcff72122b5c711b7f66,5b42a20def0aa8e4723c1139343c06592ff94d4c0518700000000000a544160000000000fffff9ff
802,1252,47474,-0.027034997,0.969151008,1.501832290,-0.006789500,0.746243385,-2.259945714,3.768430899,683c773806cd6158f7189d38051c60000828c0006f5e280801000000fffffcff7d121956ae191434,143ff704160c18fc7b3c163958b6fe58a63ef6450518700000000000a742160000000000fffff8ff
803,1253,47475,-0.026916602,0.968897396,1.501756128,0.015113524,0.754223695,-2.250120857,3.758248561,6c3c683805cd715858fa6b05051c60000828300076542d0701000000fffffcff9e139654a1174825,f841cf06970ceacc7b3c0d390e3bf95891888f150518700000000000a642170000000000fffff8ff
804,1254,47476,-0.026946201,0.968643785,1.499318954,0.010703320,0.782729630,-2.254614396,3.758722810,6b3c5938e5cc8358017afb03051c6000082830007c48330800000000fffffcff11130b596118154d,6341650d5c0c81ac763c0839fd38f95807019d0e0518700000000000a543170000000000fffff8ff
805,1255,47477,-0.027212589,0.968846674,1.500461380,-0.276936655,1.051253512,-1.438541929,2.950744558,623c6538f4cc7c58bedc5d33051c60000828c000794c300900000000fffffcffea1215597d19a231,6d1b6f4b37364cd8873c2f3926cc1157d9bf759c032870000214600099451f0100000000fffffbff
806,1256,47478,-0.026857405,0.968880489,1.500842188,0.000580572,0.759870778,-2.241209940,3.747985063,6e3c6738f9cc7258d7d67e70051c60000828c00076532d0801000000fffffcffd010a159581bf148,0d401d080c0dc1827b3c07397428f5586cbd09350518700000000000a642170000000000fffff7ff
807,1257,47479,-0.026975800,0.969066470,1.505335728,-0.022151215,0.789746215,-2.276244315,3.785832359,6a3c723834cd62582e77c113051c60000828c000705e280801000000fffffcff5511ac5b8e1b2767,0d3d040f400bb027763c263929bd0259abf750110518700000000000a445150000000000fffff9ff
808,1258,47480,-0.027005398,0.969117193,1.504193302,-0.147768014,0.941372092,-2.405414535,3.911570892,693c753825cd6058f6664236051c60000828c0006f5f280801000000fffffcff11130b5961189022,792c0c32a004f195743c18384dc82c59988c581605187000000000009569000000000000fffffdff
809,1259,47481,-0.026827806,0.968745229,1.500461380,-0.145696106,0.951567275,-2.422931723,3.925230973,6f3c5f38f4cc7c5837da6d33051c60000828c000794c300900000000fffffcff671562555416c421,bf2c6734ba03f8e7773c1d383ec832598d478d320518700008000000916e000000000000fffffdff
810,1260,47482,-0.026946201,0.968457803,1.495434708,-0.145636909,0.942876854,-2.426435160,3.923748863,6b3c4e38b2cc8e58a812b502051c6000082800007d41360b00000000fffffcff3911735aa9175b52,c12c65328c034f73773c19383dc834592bbf5c460518700008000000916e000000000000fffffdff
811,1261,47483,-0.027153392,0.968728322,1.504421787,-0.141759482,0.961728644,-2.440753557,3.946845836,643c5e3828cd815858122339051c60000828c0007746311000000000fffffcfff612e6579315881f,442dc036d002680e7a3c0e3820c83a59a10afd2d05187000080000008f70000000000000fffffdff
812,1262,47484,-0.027094194,0.968423988,1.500689865,-0.153095776,0.952057591,-2.423845663,3.926591826,663c4c38f7cc94582aa2d24a051c600008280000793d371300000000fffffcff7d14405a881768fc,c52b8434ae0350e8773c143875c83259733032320518700008000000906e000000000000fffffdff
813,1263,47485,-0.026798208,0.968609970,1.497414912,-0.145696106,0.951567275,-2.422931723,3.922186240,703c5738cccc82585b6ad514051c60000828c0007947320c00000000fffffcff7d14405a88177c45,bf2c6734ba039013763c12383ec8325976468d320518700008000000916e000000000000fffffdff
814,1264,47486,-0.027301385,0.968745229,1.497414912,-0.150491093,0.965346835,-2.443114570,3.942456068,5f3c5f38cccc8258d46bd594051c60000828c0007947320c00000000fffffcffd710de557117ac29,1d2c9637b10240ec7b3c113861c83a59c538923205187000080000008e71000000000000fffffdff
815,1265,47487,-0.027064596,0.968677599,1.505259566,-0.153480559,0.943857485,-2.427501424,3.934870524,673c5b3833cd8558559ec14d051c60000828c0007a46320d00000000fffffcfff611ad5b6d162540,b82b9f327e03e195773c173878c8355987f8614b0518700000000000916e000000000000fffffdff
816,1266,47488,-0.027212589,0.968559247,1.502822392,-0.150106310,0.954627521,-2.450883062,3.955639490,623c543813cd8c587002c060051c60000828c000753f341600000000fffffcff7717bc3f7d10919f,2a2c1c354b0299957b3c16385fc83e598c5c724f05187000080000008e71000000000000fffffdff
817,1267,47489,-0.027182990,0.969100285,1.491017331,-0.127226530,0.966428911,-2.468476411,3.960758329,633c743878ccc058e7a26c2e0518700008000000915d0d0400000000fffffaff09154f3ee212c8ff,2f2fd63764016f69803c1b3868c7465996b20c4705187000080000008d72000000000000fffffeff
818,1268,47490,-0.027330984,0.968812859,1.496196325,-0.140013160,0.949521476,-2.444104672,3.941959079,5e3c6338bcccab5828caf79e05187000080000008f59120400000000fffffaffb015ce3ea411e8b9,7f2dee33a402076e7a3c1a3813c83c591a3b4d480518700008000000906f000000000000fffffdff
819,1269,47491,-0.027242188,0.968931211,1.494825415,-0.121543583,0.993632973,-2.457585290,3.953612691,613c6a38aaccb5580f738e2e0518700008000000915d0d0400000000fffffaff7717bc3f7d10598c,ef2f1f3ef301d02e823c263814c73f594c9b120b05187000080000008d72000000000000fffffeff
820,1270,47492,-0.027478977,0.969083378,1.491017331,-0.141759482,0.961728644,-2.440753557,3.933438247,593c733878ccc05896a16c2e0518700008000000915d0d0400000000fffffaffdb17933d79102da1,442dc036d00240187b3c1f3820c83a598e0bfd2d05187000080000008f70000000000000fffffdff
821,1271,47493,-0.027419780,0.969117193,1.490179552,-0.131666332,0.979363098,-2.454919631,3.946489565,5b3c75386dccc05899bd9b070518700008000000925d0d0300000000fffffaffd415af3da51135b6,992ed33a1602b8057e3c0a38aac73f596232db2505187000080000008d72000000000000fffffeff
822,1272,47494,-0.027390181,0.968948118,1.494520768,-0.121543583,0.993632973,-2.457585290,3.953304504,5c3c6b38a6ccb65874c1fd0b0518700008000000915d0d0300000000fffffaff7614343d8611c7c0,ef2f1f3ef30118e6813c053814c73f59689e120b05187000080000008d72000000000000fffffeff
823,1273,47495,-0.027330984,0.968965026,1.497414912,-0.109496920,0.982812215,-2.476625712,3.974914070,5e3c6c38ccccb758500ed24a0518700008000000905e0d0400000000fffffaffb015ce3ea411019c,86319f3bf9000f6c853c1d3860c64859f08ce44405187000080000008c73000000000000fffffeff
824,1274,47496,-0.027419780,0.968931211,1.494825415,-0.132731884,1.005400548,-2.477691975,3.974080405,5b3c6a38aaccb55835718e2e0518700008000000915d0d0400000000fffffaff4d16af41611005b7,752ed740eb00a5a7853c0c38bbc7465980a0e0570518800007000000847b000000000000fffffeff
825,1275,47497,-0.027242188,0.969100285,1.493454505,-0.116689400,1.002712266,-2.495589972,3.990188768,613c743898ccc05845da443d05187000080000008f5d0d0600000000fffffaff0516293ef40f25a3,933038400000c194883c1438cbc64e5989a8424e0518700008000000807f000000000000fffffeff
826,1276,47498,-0.027330984,0.969117193,1.494063798,-0.139569180,0.973208792,-2.476625712,3.972277601,5e3c7538a0ccc558784e82500518700008000000905e0c0500000000fffffaffda1a4c3e7b0fc998,8e2d6739f9009992803c153810c848599ed8b35305187000080000008975000000000000fffffeff
827,1277,47499,-0.027449379,0.969303175,1.483705809,-0.144630554,0.983860476,-2.462002668,3.947474981,5a3c803818ccca58f685da020518700008000000945c0d0300000000fffffaff841a8141b60f9196,e32cdd3bb90188df7f3c0f3836c84159d43cc12f05187000080000008a75000000000000fffffeff
828,1278,47500,-0.027123793,0.969286267,1.484467426,-0.131666332,0.979363098,-2.454919631,3.940786859,653c7f3822ccc7585a03ca270518700008000000925c0d0300000000fffffbffd7142940b9117cd2,992ed33a1602601d7f3c2238aac73f59ac33db2505187000080000008d72000000000000fffffeff
829,1279,47501,-0.027271786,0.968948118,1.496653295,-0.249913060,0.957806119,-1.139454987,2.645516993,603c6b38c2ccb5582aeed43c05187000080000008f5d0e0500000000fffffaff841a8141b60f4182,fe1ed8358e45480d813c4a3893cb1956d084499f0308a00007000000d429010100000000fffffbff
830,1280,47502,-0.027538175,0.969252452,1.484467426,-0.248995501,0.957417248,-1.161998846,2.655742297,573c7d3822ccc758b801ca270518700008000000925c0d0300000000fffffbff8e1ee03fca0ea994,1d1fc1356644f5c6803c51388fcb2d569461bf53030870000a000000da22020200000000fffffaff
831,1281,47503,-0.027508576,0.969522971,1.469615897,-0.251274599,0.961542662,-1.161313391,2.640440084,583c8d385fcbd0585a096444051870000800000097580e0200000000fffffbffb71d1844880d51a3,d01eb5366f4485af7f3c5038a1cb2c56d6d56d35030870000a000000da22020100000000fffffaff
832,1282,47504,-0.027330984,0.969624416,1.473195496,-0.254767243,0.963131961,-1.158114600,2.641128968,5e3c93388ecbda58719a51550518700008000000935d0c0400000000fffffcff48191744470fc19c,5a1e1337994400ef823c4f38bccb2956caf5343c030870000a000000d922020100000000fffffbff
833,1283,47505,-0.027212589,0.969320082,1.487056923,-0.258496677,0.959649029,-1.188274628,2.685327683,623c813844ccca58b92af43b0518700008000000905c0d0500000000fffffbff4d1d99439c0f2765,dc1d45360d4333bb823c5a38dfcb46562f22a24a0308a00007000000da20030200000000fffffaff
834,1284,47506,-0.027597372,0.969404619,1.475023377,-0.225553346,0.986971444,-1.257200954,2.739442453,553c8638a6cbc8583885111405187000080000009458100300000000fffffbff4d1d99439c0fd541,3522953c843f49ad803c7538e0ca7b564ae6b4430308a00007000000d31d0c0300000000fffffaff
835,1285,47507,-0.027064596,0.969421527,1.475023377,-0.251274599,0.961542662,-1.161313391,2.645865407,673c8738a6cbc8587e87111405187000080000009458100300000000fffffbfffd23e520011061a0,d01eb5366f4408dd833c4f38a1cb2c563fd76d35030870000a000000da22020100000000fffffaff
836,1286,47508,-0.027863760,0.972481772,1.446234259,-0.257786309,0.953241111,-1.157886115,2.614321615,4c3c3c392ccad0582966bc370518700000000000a64f0b0000000000fffff8ff2024011f5411c007,f41dca349c4431c1813c5038d1cb2b569ae5f207030870000a000000d923020200000000fffffaff
837,1287,47509,-0.027774964,0.972363420,1.445624966,-0.250830619,0.968136562,-1.186065939,2.641130196,4f3c353924cac5580b05b9980518700000000000a44c0f0000000000fffff7ffd024e723cc0e4cba,df1e3b382a43adab7e3c5938a2cb41564a867d340308a00007000000db20030200000000fffffaff
838,1288,47510,-0.027656569,0.972650847,1.442730822,-0.237866397,0.971619493,-1.224832237,2.675832937,533c4639fec9da587edb7b310518700008000000a64f0b0000000000fffff8ff511dd047a70e2db3,952009392d41bbb3803c673842cb62567c627d480308a00007000000d91f060200000000fffffaff
839,1289,47511,-0.027182990,0.969556786,1.474947215,-0.250830619,0.968136562,-1.186065939,2.670395342,633c8f38a5cbcf588b43f0610518700008280000915a100500000000fffffcff11238e2122107cd5,df1e3b382a4330d4853c5738a2cb41565d877d340308a00007000000db20030200000000fffffaff
840,1290,47512,-0.027745365,0.972498680,1.450194667,-0.236534456,0.999060260,-1.228564160,2.687014562,503c3d3960cace586e4232320518700008000000a54e0b0000000000fffff8ffd024e723cc0e2194,c220603ffc40b77a7b3c6c3839cb60560d32b5120308a00007000000d71f080200000000fffffaff
841,1291,47513,-0.027922957,0.972633939,1.442730822,-0.255477612,0.970689584,-1.184923514,2.637489755,4a3c4539fec9da5881da7b310518700008000000a64f0b0000000000fffff8ff61250c23b40e75a7,421ed2383943c8e9843c5838c6cb40560cba743a0308a00007000000db20030200000000fffffaff
842,1292,47514,-0.027893359,0.972667754,1.440293648,-0.244141317,0.983184179,-1.215235865,2.664340588,4b3c4739dec9db580bca3e130518700008000000a64f0b0000000000fffff8fffd23e520011040d0,c11fb53bab4164cb883c613872cb5756af536d2f0308a00007000000da1f050200000000fffffaff
843,1293,47515,-0.027715767,0.972481772,1.446234259,-0.244141317,0.983184179,-1.215235865,2.670276724,513c3c392ccad0582c67bc370518700000000000a64f0b0000000000fffff8ff50247920f60fcdb3,c11fb53bab4141a27d3c653872cb5756a8526d2f0308a00007000000da1f050200000000fffffaff
844,1294,47516,-0.027834161,0.972498680,1.444863349,-0.245917238,0.961221421,-1.188731598,2.642633109,4d3c3d391acad058add55f1f0518700000000000a64e0b0000000000fffff8ff0f195d408f0e2991,851fa23607432cba803c5a387acb445608d27e0f0308a00007000000da20030200000000fffffaff
845,1295,47517,-0.027330984,0.969336989,1.487590055,-0.236534456,0.999060260,-1.228564160,2.724361078,5e3c82384bccd1589daa33570518700008000000915d0c0500000000fffffbff6c235125bf0e72bb,c220603ffc40d0238a3c693839cb6056ba33b5120308a00007000000d71f080200000000fffffaff
846,1296,47518,-0.027715767,0.972667754,1.448671433,-0.255862395,0.989423022,-1.217444554,2.675912196,513c47394ccada580adb41320518700008000000a54f0b0000000000fffff8ff072400225d0e4fb0,351e263d8e4178d6863c6538cdcb595667ba62340308a00007000000d91e060200000000fffffaff
847,1297,47519,-0.027804563,0.972667754,1.446081936,-0.241359041,0.999770372,-1.265045608,2.719660388,4e3c47392acade58e3b2d4470518700008000000a64f0a0000000000fffff8ffff272526ab0dc99f,1f208a3f1d3f43b0843c78385bcb81568df2324a0308a00007000000d31a0f0300000000fffffaff
848,1298,47520,-0.027922957,0.972853736,1.429021718,-0.309939183,1.011774651,-1.201145953,2.645530186,4a3c52394ac9e358763a9d080518700008000000a54e0c0000000000fffff9ffe1266628000e71ad,121750426442c0dea53cea38bacc4d569b049e0b0328200007000000c824130100000000fffffbff
849,1299,47521,-0.027626971,0.972853736,1.433819904,-0.303220283,1.023964912,-1.235418712,2.683914830,543c523989c9e058bb4fd92b0518700008000000a54f0b0000000000fffff9ff9b23121fdb0f88cc,f5172145a24095aba83cf838a3cc6956bbc60d300328200007240000c825120100000000fffffbff
850,1300,47522,-0.027804563,0.972498680,1.447909816,-0.317930827,1.017979680,-1.240597706,2.704498931,4e3c3d3942cad1587b0a96410518700008000000a64f0b0000000000fffff8ffe1266628000e4984,0416bf435e408bc5a43cf638dacc705673db90540328200007240000c825110100000000fffffbff
851,1301,47523,-0.028011753,0.972803014,1.433819904,-0.313313433,1.013211783,-1.185913616,2.635532894,473c4f3989c9e0587c4ed92b0518700008000000a54f0b0000000000fffff9ff5f2bf72ac40c199b,a016a5422c43d8eca73ce738c8cc405693a0389d0328200007000000c920150100000000fffffbff
852,1302,47524,-0.027982155,0.973107347,1.414474836,-0.310975137,1.018655977,-1.206324948,2.636427737,483c61398bc8ea58796e07420518700008000000a44e0d0000000000fffff9fffb29c62eb30bddaa,ef16e74320427194a43ce938bfcc5056e1bc6d340328200007000000c824130100000000fffffbff
853,1303,47525,-0.027863760,0.973242607,1.420491609,-0.310975137,1.018655977,-1.206324948,2.642419280,4c3c6939dac8f25804f7534c0518700008000000a5500a0000000000fffffaff3825f429640dbda7,ef16e74320428ebea93ced38bfcc5056c1be5d340328200007000000c824130100000000fffffbff
854,1304,47526,-0.027715767,0.972904458,1.440979103,-0.255832796,0.976133778,-1.228487998,2.679198091,513c5539e7c9e5584407916f0518700008000000a54f0b0000000000fffff9ff6c29de2cde0d3f71,361e143afd40bdad833c6838cdcb665684f6f14e0308a00007000000d91d070200000000fffffaff
855,1305,47527,-0.028100550,0.972955180,1.422852621,-0.301148375,1.015037786,-1.236484975,2.673649662,443c5839f9c8e0588b75930a0518700008000000a34d0e0000000000fffff9ff6c29de2cde0df828,3b18114394407cd8a13cf23899cc6b561725dd070328200007240000c823120100000000fffffbff
856,1306,47528,-0.027538175,0.973022810,1.422852621,-0.250564231,1.005518900,-1.245852863,2.678205664,573c5c39f9c8e0587377930a0518700008000000a34d0e0000000000fffff9ffe71dc7414b0b2986,e81ede40194031c3873c7138a7cb7056817290550308a00007240000d41c0d0200000000fffffaff
857,1307,47529,-0.026354227,0.972955180,1.472433879,-0.303220283,1.023964912,-1.235418712,2.722447880,7f3c583984cbed58c75a9b0305187000080000009564040200000000fffffcffa627b130850cbfc1,f5172145a2407994a03cf038a3cc695634c50d300328200007240000c825120100000000fffffbff
858,1308,47530,-0.027686168,0.973158070,1.430468790,-0.289249706,1.024725746,-1.270453087,2.714047475,523c64395dc9eb587913b1540518700008000000a4500b0000000000fffffaff1e1e4243520b63c3,cd194e45d63ea4d29e3cfe3868cc8656fa9dcb430328200007240000c726100200000000fffffbff
859,1309,47531,-0.026383826,0.972972088,1.471519939,-0.309288012,1.028901883,-1.238008209,2.724831317,7e3c593978cbec587cb79e2c05187000080000009564040200000000fffffcff27260027e80c29a5,2817454680400999a73cf938bacc6b56d29e153d0328200007240000c825110100000000fffffbff
860,1310,47532,-0.027834161,0.972904458,1.436942533,-0.320535511,1.012095892,-1.201069791,2.654490360,4d3c5539b2c9ea584e3f254f0518700008000000a54f0a0000000000fffff9ff521d7d42180c55ab,ac1563426542d8d9a63cec38e3cc4e56fcf610120328200007240000c823130100000000fffffbff
861,1311,47533,-0.026413425,0.972887551,1.474947215,-0.279186155,1.052825903,-1.271671674,2.759383902,7d3c5439a5cbe6581bccc61d05187000080000009462050300000000fffffcff111ffa43270aecdc,211bcc4bc63ec4d1983cfd3843cc81561f69628f0328200007240000c726100200000000fffffbff
862,1312,47534,-0.026206234,0.972853736,1.467407208,-0.288184153,1.035986098,-1.259333481,2.740024254,843c523942cbf658c8d3dd2b05187000080000009566020200000000fffffcff881df4432f0bc8fa,f119e847683ff9969c3cf93866cc7a5647216e280328200007240000c825110200000000fffffbff
863,1313,47535,-0.026324629,0.972870643,1.474033275,-0.288184153,1.035986098,-1.259333481,2.746606596,803c533999cbed586e4d953d05187000080000009464040300000000fffffcff111ffa43270a4fc0,f119e847683f19a1a83c043966cc7a56b9226e280328200007240000c825110200000000fffffbff
864,1314,47536,-0.026265431,0.973073533,1.467407208,-0.269773774,1.036205895,-1.298023618,2.776848872,823c5f3942cbf658afcfdd2b05187000080000009566020200000000fffffcff451f5042140a4774,5f1cf5476c3d05c69b3c0a391acc9a56af5ad4440328200007240000c4290f0400000000fffffbff
865,1315,47537,-0.026235833,0.973039718,1.466569429,-0.315414939,1.020549610,-1.205182522,2.687776076,833c5d3937cbf8581d27cc0505187000080000009565020200000000fffffcff1e1e4243520be021,591657442f4285bca83ced38d1cc4f568caa853d0328200007240000c824130100000000fffffbff
866,1316,47538,-0.026324629,0.972836828,1.471519939,-0.279186155,1.052825903,-1.271671674,2.755982117,803c513978cbec58bdb79e2c05187000080000009564040200000000fffffcff011d4942120b41a6,211bcc4bc63ea235a83c0d3943cc8156926b620f0328200007240000c726100200000000fffffbff
867,1317,47539,-0.026324629,0.972921366,1.476318125,-0.281258062,1.049630398,-1.310209488,2.799216224,803c5639b7cbef583aaca05305187000080000009464040300000000fffffcff811e34450c0a38f6,db1a0f4bcc3c45c69e3c113946cca3565803f24e0328200007240000c22c0d0400000000fffffbff
868,1318,47540,-0.026206234,0.972887551,1.469844382,-0.301533158,1.048514507,-1.272814100,2.757480716,843c543962cbf758c5a9453d05188000070000009366030300000000fffffcffd61d0e43ba09a5a1,2e18cd4ab73ed19ba43c06399acc85566e4372350328200007240000c7280f0200000000fffffbff
869,1319,47541,-0.026206234,0.972972088,1.472738526,-0.381597588,1.129619473,-1.209676062,2.710385478,843c593988cbfa584a40115405188000070000009366030200000000fffffcff96217d43e508df76,9d0d8a5df441c33c0d3c303adbcd4756cfa84c340308a00007240000ed0d030200000000fffffcff
870,1320,47542,-0.026087839,0.973124255,1.456592248,-0.387694917,1.123989297,-1.183095633,2.668608636,883c6239b4ca0259a77eca0105188000070000009567020200000000fffffdff5c21ca4547092421,cf0c3d5c5143e81b133c393af6cd32569986cd35030870000a24b000ed0e020200000000fffffdff
871,1321,47543,-0.026058241,0.972836828,1.457582350,-0.390595587,1.120895236,-1.161846523,2.648814148,893c5139c1cafe58bf171c2705188000070000009467020200000000fffffdff04244347e908bf69,6d0c865b68449f6d113c3f3a04ce205666dbb79e030870000a24b000eb11020100000000fffffdff
872,1322,47544,-0.026058241,0.973293329,1.446158097,-0.390980370,1.132426107,-1.208228990,2.684075672,893c6c392bca01594729230705187000080000009467020200000000fffffdff5c21ca45470901b6,600c305e0742a9470f3c303a00ce4656e39942370308a0000724b000ed0d030200000000fffffdff
873,1323,47545,-0.026147037,0.973174977,1.457582350,-0.385297424,1.119052326,-1.184161897,2.670034058,863c6539c1cafe58d9171c2705188000070000009467020200000000fffffdffaf243e45f607a771,200d195b4343c543123c383aeccd3356ec7ece0e030870000a24b000ec0f020200000000fffffcff
874,1324,47546,-0.025939846,0.973225699,1.443263953,-0.387694917,1.123989297,-1.183095633,2.655439902,8d3c683905ca0a59d3ec734605188000070000009468010100000000fffffdff60202648da0808e8,cf0c3d5c5143134b0f3c393af6cd32560a85cd35030870000a24b000ed0e020200000000fffffdff
875,1325,47547,-0.026028642,0.972921366,1.461771243,-0.376447418,1.120692347,-1.210742325,2.699436674,8a3c5639f8ca0159a819143b05188000070000009269030200000000fffffdffbd24a5490407e199,4b0e7a5be6416d39143c2f3ac6cd495679ce6d0b0308a00007240000ec0e030200000000fffffcff
876,1326,47548,-0.025791852,0.973141162,1.443035468,-0.288983318,1.061905196,-1.292083006,2.749185674,923c633902ca10597914225305188000070000008f6d020100000000fffffdff04244347e90870eb,d619e54dba3dc2c3a33c103967cc9256ca43f05a0328200007240000c5290e0300000000fffffbff
877,1327,47549,-0.025939846,0.972786106,1.446158097,-0.381597588,1.129619473,-1.209676062,2.684128204,8d3c4e392bca0159c82a238705187000080000009467020200000000fffffdff114bf026b2010197,9d0d8a5df441b012163c313adbcd47562daa4c340308a00007240000ed0d030200000000fffffcff
878,1328,47550,-0.024341517,0.969083378,-1.152326312,-0.303486671,1.032875130,-1.278373903,0.312856836,c33c7338e5444859ecac32480518700000000000936b010000000000fffffcffde4b0f29440238f7,ec1730476e3e82bfa13c03399fcc8d5691cba1530328200007240000c6280f0200000000fffffbff
879,1329,47551,-0.024311918,0.969387712,-1.145471760,-0.363305604,1.127556766,-1.235875682,0.384846771,c43c85383f45435921fdd4260518700000000000946a010000000000fffffcff3f4adc2c0d02b820,0710105d9c40dc2a153c253a90cd5c56d5351c050308a00007240000ea0d050200000000fffffcff
880,1330,47552,-0.024193524,0.969421527,-1.159409349,-0.389204449,1.122078757,-1.215921320,0.399663369,c83c87388844445946fe0d1205187000000000009569010000000000fffffdff3f4adc2c0d02b015,9c0ccc5ba2416831113c2e3af8cd4e567a79b24b0308a00007240000ec0d030200000000fffffcff
881,1331,47553,-0.024311918,0.968880489,-1.159409349,-0.393022679,1.126018189,-1.181191591,0.401390518,c43c673888444459fffc0d9205187000000000009569010000000000fffffdff8d4bb0303f01434d,1b0cb55c6a433358103c393a0bce3056048a9339030870000a24b000ed0e020200000000fffffdff
882,1332,47554,-0.024104728,0.969286267,-1.148213581,-0.361381690,1.152562862,-1.228183352,0.392098487,cb3c7f381b454a5904d3cf5b0518700008000000936b000000000000fffffdff2a4a142f4d00476b,4810d762014127581a3c263a8bcd5256adb231940308a0000724b000eb0d050200000000fffffdff
883,1333,47555,-0.024075129,0.969134100,-1.160094804,-0.371030860,1.140085175,-1.227269411,0.392574804,cc3c76387f44525922cb5d5305187000000000008e70010000000000fffffdff894d452afc014024,020ff55f0d413007183c293ab0cd5456df49cb2a0308a00007240000ec0d040200000000fffffdff
884,1334,47556,-0.024282320,0.969286267,-1.131153363,-0.371030860,1.140085175,-1.227269411,0.398302789,c53c7f38fb454559aeceae2e0518700000000000946a010000000000fffffcff9c48eb29e400118a,020ff55f0d41e2340c3c283ab0cd54563c48cb2a0308a00007240000ec0d040200000000fffffdff
885,1335,47557,-0.024193524,0.968998841,-1.177155022,-0.345309606,1.138191542,-1.254839942,0.371182779,c83c6e389f434e59051b9b460518700000000000916d010000000000fffffdffcf4d2d235a02b776,6712855fa33f6824163c1a3a48cd6a56df2d74450308a00007240000e60d090200000000fffffcff
886,1336,47558,-0.024459912,0.969218637,-1.128792351,-0.393407462,1.118105509,-1.184542705,0.401743323,bf3c7b381a464359c326fc4b0518700000000000946b010000000000fffffcffde4b0f2944020029,0e0ce15a3e432143113c383a0cce3456f281c208030870000a24b000ed0e020200000000fffffdff
887,1337,47559,-0.024400714,0.968998841,-1.145471760,-0.361381690,1.152562862,-1.228183352,0.392546984,c13c6e383f45435923fcd4260518700000000000946a010000000000fffffcffef4d981f8d037776,4810d762014121a80a3c233a8bcd525627b031140308a0000724b000eb0d050200000000fffffdff
888,1338,47560,-0.024578307,0.969252452,-1.127649926,-0.356438710,1.157449111,-1.272585615,0.408112317,bb3c7d3829463959a5b66b4505187000000000009569010000000000fffffcff6b4c47239c02b99f,ef10f863ba3ed431113c143a72cd77564da9b1500328200007248000e60b0b0300000000fffffdff
889,1339,47561,-0.024489511,0.969151008,-1.140749736,-0.378430530,1.148741782,-1.235037903,0.407942826,be3c77387d4541597030514f0518700000000000946a010000000000fffffcfffa4ca324da02d8f4,080ef561a74088360e3c243acccd5a56f4c091320308a00007240000ec0c040200000000fffffdff
890,1340,47562,-0.024459912,0.969353897,-1.135951550,-0.424012497,1.201594423,-1.208609798,0.467821709,bf3c8338bc453e5924a1532e0518700000000000946a010000000000fffffcff424e4d25d602c819,04082b6e024260d92c3c063985ce3e56a50bef2e03282000091cb000f109040101000000fffffeff
891,1341,47563,-0.024459912,0.969303175,-1.124908105,-0.378341734,1.134438092,-1.247680743,0.409359262,bf3c80384d463e59fe622e2e0518700000000000946a010000000000fffffcfffa4ca324da02401e,0b0ea75e0140e825113c233acacd675619a1e2510308a00007240000eb0c060200000000fffffdff
892,1342,47564,-0.024519109,0.969100285,-1.135951550,-0.366502262,1.168472758,-1.252250444,0.412586103,bd3c7438bc453e5952a0532e0518700000000000946a010000000000fffffcff004d521ece04b0f3,9b0f8466c53fb8330c3c193a9ccd6456d04ca05e0308a00007248000eb0b070200000000fffffdff
893,1343,47565,-0.024696701,0.969286267,-1.135723065,-0.431056983,1.196589823,-1.205791816,0.470855832,b73c7f38bf452f591a75d69205187000000000009865030000000000fffffbffe74c4920a40329a7,1607036d2742b4ba2a3c0839a1ce3d562295010e03282000091cb000f009050101000000fffffeff
894,1344,47566,-0.024607905,0.969218637,-1.136560843,-0.421496610,1.196556008,-1.188655436,0.460344187,ba3c7b38b44538592aa4d05305187000000000009569010000000000fffffcff3a4d2e21c60370f0,5908016d0843f802283c02397ece2e56a125aa9a03282000091c0000f007060101000000fffffeff
895,1345,47567,-0.024578307,0.969353897,-1.133742861,-0.426587583,1.204181261,-1.206401109,0.471205443,bb3c8338d94537595809333405187000000000009569010000000000fffffcff394e7221df036016,ad07c46e1f4250f72b3c07398fce3c563442b73d03282000091cb000f109040101000000fffffeff
896,1346,47568,-0.024578307,0.969303175,-1.125212752,-0.424012497,1.201594423,-1.208609798,0.469533773,bb3c8038494636595ecfdd2d05187000000000009568010000000000fffffcff3a4d2e21c603e818,04082b6e02429abf273c093985ce3e56570aef2e03282000091cb000f109040101000000fffffeff
897,1347,47569,-0.024607905,0.969184822,-1.133742861,-0.428393102,1.212753330,-1.228792645,0.481043205,ba3c7938d94537597b08333405187000000000009569010000000000fffffcff794d2e27200adf42,7007bf70f94040ef2d3c0e3993ce4e565d3ef63a03282000091cb000f00a030101000000fffffeff
898,1348,47570,-0.027834161,0.972042179,-1.131686495,-0.423094938,1.198212936,-1.209371415,0.461973203,4d3c2239f445035932658f550518700000000000a5500a0000000000fffffaff3c50211e960a9359,2308636df841c2b8283c093981ce3f56ae621e4d03282000091cb000f109040101000000fffffeff
899,1349,47571,-0.028011753,0.972228161,-1.107924049,-0.423538918,1.208340490,-1.230163555,0.476585005,473c2d392c470159ac299f5b0518700000000000a5500a0000000000fffff9ff5b309016ec0db636,1408ba6fe74040d02e3c0c3980ce4f56c2cfce2c03282000091cb000f00a030101000000fffffeff
900,1350,47572,-0.028603727,0.973479311,1.382258443,-0.434224042,1.203183722,-1.232600729,2.656083667,333c7739e4c6e55818a5283c0518700000000000a44e0d0000000000fffff8ff4e31b913160f4758,ab06896ec74057b02b3c1039a9ce535669f5105103282000091c8000f00a040101000000fffffeff
901,1351,47573,-0.028603727,0.973648385,1.374032981,-0.406756467,1.213767776,-1.283476736,2.694998091,333c813978c6dc58d283ba960518700000000000a24c110000000000fffff7ff0b2f2d15f20dab55,4b0afb702b3ee99f2b3c243936ce7a56b54133470328200007248000e810030201000000fffffeff
902,1352,47574,-0.028544530,0.973513126,1.393530372,-0.423538918,1.208340490,-1.230163555,2.663631785,353c793978c7e55833b010180518700000000000a44e0d0000000000fffff8ffce309c14c00de770,1408ba6fe740b5b2273c113980ce4f56accece2c03282000091cb000f00a030101000000fffffeff
903,1353,47575,-0.028485332,0.973546941,1.378374197,-0.418181557,1.206734283,-1.259257320,2.676441574,373c7b39b1c6e758b13acc450518700000000000a44e0d0000000000fffff8ff2e2042453408c999,c9085b6f693fe99a2a3c1a3966ce685682025a410328200007248000ee0c030101000000fffffeff
904,1354,47576,-0.026028642,0.973039718,1.462609022,-0.405957302,1.228088374,-1.259638128,2.760439303,8a3c5d3903cb075972b4425505188000070000009269030200000000fffffdffc822c84bb00789aa,660a4a74643f3f76263c1f3937ce64561651d41303282000091c8000ed0c030201000000fffffeff
905,1355,47577,-0.025851050,0.972988995,1.451413254,-0.415843262,1.218687840,-1.248594683,2.739070045,903c5a3970ca0a596404c15d05188000070000008e6d030100000000fffffdffe1306c16620c4f6c,18091e72f53fd4c7313c11395fce5d56f68bae2503282000091c8000ef0b030101000000fffffeff
906,1356,47578,-0.028396536,0.973428589,1.377688742,-0.415843262,1.218687840,-1.248594683,2.666014196,3a3c7439a8c6f3583ac6db450518700000000000a44f0c0000000000fffff8ffe530df15d20d0243,18091e72f53f25a3273c19395fce5d56ca8aae2503282000091c8000ef0b030101000000fffffeff
907,1357,47579,-0.028633326,0.973479311,1.377612580,-0.421496610,1.201611331,-1.233895478,2.650728223,323c7739a7c6e6582675df2a0518700000000000a44e0d0000000000fffff8ffe530df15d20d242e,59082c6eb640e9a1293c113977ce5356dc1a6d4703282000091c8000f00a040101000000fffffeff
908,1358,47580,-0.028485332,0.973580756,1.377612580,-0.405957302,1.228088374,-1.259638128,2.676256810,373c7d39a7c6e658ff76df2a0518700000000000a44e0d0000000000fffff8ffe830e918890c5c24,660a4a74643f28ec343c143937ce64567153d41303282000091c8000ed0c030201000000fffffeff
909,1359,47581,-0.028337339,0.973462404,1.377460257,-0.426528385,1.226296186,-1.249584785,2.669053518,3c3c7639a5c6f1586d22cf270518700000000000a44f0c0000000000fffff8fffe34c721e90aa008,af07e073e83fb0e4303c153989ce5d56759a943703282000091c8000ee0b030201000000fffffeff
910,1360,47582,-0.028070951,0.973208792,1.342349719,-0.418507143,1.236592814,-1.295586444,2.679649000,453c6739d8c4fd58fd7694050518700000000000a34f0d0000000000fffff9ff712e8c18520c5144,be0841768c3dfdab303c263962ce82560592605903289000021c8000e514020202000000fffffeff
911,1361,47583,-0.028485332,0.973344051,1.398709367,-0.417263998,1.261277669,-1.358343673,2.799177752,373c6f39bcc7f3581318b05c0518700000000000a44f0b0000000000fffff8ffe830e918890ca031,e808f57b543a1db6103c343953ceb25689ae4e2f0328700009088000cb2f030200000000fffffeff
912,1362,47584,-0.028603727,0.973310237,1.377460257,-0.424278885,1.244742197,-1.273118746,2.693659814,333c6d39a5c6f1580421cf270518700000000000a44f0c0000000000fffff8ff7832f21adf0aa756,fb072378b33eafc0323c1e397dce6e56b8dd406e03289000021c8000ea0f030201000000fffffeff
913,1363,47585,-0.028278142,0.973242607,1.364055800,-0.431412167,1.214748408,-1.259333481,2.665147916,3e3c6939f5c5ff58ba312b440518700000000000a44f0b0000000000fffff9ff6b327a1d7a0b281d,0a073571683f99ad2d3c18399ace6856d8b5805503282000091c8000ee0c030101000000fffffeff
914,1364,47586,-0.028574128,0.973107347,1.364512770,-0.422621359,1.258487942,-1.360171554,2.767782500,343c6139fbc5f958c6a8ed200518700000000000a44f0c0000000000fffff9ff6b327a1d7a0bf813,3308507b3c3a89c50f3c343968ceb55696b6f0520328700009088000ca2f030200000000fffffeff
915,1365,47587,-0.028218944,0.973327144,1.364512770,-0.420016676,1.261294576,-1.345776995,2.753561569,403c6e39fbc5f9587eaaed200518700000000000a44f0c0000000000fffff9ff4a35791f7b098b4f,8b08f67bf93ad8f5103c2f3960cea856eb6ca7a20328700009088000cd2c030201000000fffffeff
916,1366,47588,-0.028130148,0.973022810,1.339760222,-0.419306307,1.263982858,-1.359486099,2.742919473,433c5c39b6c40b59e58084460518700000000000a44f0c0000000000fffffaff24304a1a950cb81e,a308957c453afdb0103c34395bceb356557e263f0328700009088000cb2f030200000000fffffeff
917,1367,47589,-0.028544530,0.973310237,1.384086323,-0.417263998,1.261277669,-1.358343673,2.784771149,353c6d39fcc6f058e488f7380518700000000000a44f0c0000000000fffff8ffe3305520680b681a,e808f57b543af19c0e3c323953ceb256a6ac4e2f0328700009088000cb2f030200000000fffffeff
918,1368,47590,-0.028485332,0.973090440,1.377688742,-0.407585230,1.267093826,-1.372052777,2.791278048,373c6039a8c6f95884b8b4330518700000000000a44f0b0000000000fffff9ff96334025d608214b,2f0a4d7da0393cd40b3c36392ccebc564291109e0328700009088000c336040200000000fffffeff
919,1369,47591,-0.028218944,0.972836828,1.354459427,-0.416228044,1.257676385,-1.357962865,2.754799326,403c513977c50f5963e4d1500518700000000000a551090000000000fffffafffe34c721e90aaf44,0b09207b593a8cd40e3c33394fceb256a7208d0a0328700009088000cb2f030200000000fffffeff
920,1370,47592,-0.028574128,0.972904458,1.342349719,-0.410633894,1.256645031,-1.371443483,2.755204516,343c5539d8c4fd58b67694850518700000000000a34f0d0000000000fffff9ff0c334820a603c548,c809e37aa8398bc30d3c373937cebe563b29ab040328700009088000c435040100000000fffffeff
921,1371,47593,-0.026058241,0.969742768,1.359105290,-0.412972190,1.262613356,-1.369615603,2.771532662,893c9a38b4c538592f5adf5305187000000000009569010000000000fffffcffb72f211e960a4440,7909447cc0396da2113c383941cebb56e2fe8c2e0328700009088000c534040100000000fffffeff
922,1372,47594,-0.028396536,0.973141162,1.387742084,-0.407585230,1.267093826,-1.372052777,2.801189017,3a3c63392cc7015918d4905b0518700000000000a5500a0000000000fffff9ffb9322e21c703281e,2f0a4d7da039bec7113c3a392ccebc56f593101e0328700009088000c336040200000000fffffeff
923,1373,47595,-0.026028642,0.969759675,1.361923273,-0.412972190,1.262613356,-1.369615603,2.774309502,8a3c9b38d9c53759cbed4c3405187000000000009569010000000000fffffcff79322e27200a59a9,7909447cc039998e0c3c353941cebb5609fd7c2e0328700009088000c534040100000000fffffeff
924,1374,47596,-0.028396536,0.972853736,1.363979638,-0.415132893,1.267043104,-1.374870759,2.781620731,3a3c5239f4c50359259880550518700000000000a5500a0000000000fffffafff232521ece04b987,30094a7d7b39d1a1103c3a3948cebf56fd7e12370328700009088000c336040200000000fffffeff
925,1375,47597,-0.026117438,0.969861120,1.359943069,-0.407259644,1.275361562,-1.390026935,2.793015382,873ca138bfc52f59578dc99205187000000000009865030000000000fffffbfff932a324da020540,3a0a367fb438cabb103c413927ceca564233305c0328700009202000bb3c060200000000fffffeff
926,1376,47598,-0.026176635,0.969590601,1.359714584,-0.404003789,1.263357283,-1.393301887,2.794307054,853c9138bcc53e59505c5c2e0518700000000000946a010000000000fffffcfff932a324da02c014,a80a707c8938ddb40d3c40391bcecf56bb1691530328700009088000b93d060200000000fffffeff
927,1377,47599,-0.025969445,0.969641323,1.359714584,-0.416405637,1.259705277,-1.377155610,2.779754661,8c3c9438bcc53e597a5d5c2e0518700000000000946a010000000000fffffcffba317221df03b94e,0509987b5d3969ae0e3c39394dcec256cd9601530328700009088000c336040100000000fffffeff
928,1378,47600,-0.026117438,0.969725860,1.370453381,-0.401635895,1.256661939,-1.384010162,2.794712120,873c993849c63659d82cc22d05187000000000009568010000000000fffffcffb9322e21c703cb51,f80ae47a033907b60c3c3d3912cec8560fc622480328700009088000bd3b050100000000fffffeff
929,1379,47601,-0.026176635,0.969742768,1.361923273,-0.325685681,1.121064311,-1.348823463,2.731437669,853c9a38d9c537598bec4c3405187000000000009569010000000000fffffcff883347239c02dc3e,fe14905bd13ab0f1a23cb038f0ccbb562fb746a40328700002248000b340070400000000fffffcff
930,1380,47602,-0.025999043,0.969607508,1.354916397,-0.316243702,1.117834991,-1.381953796,2.756206053,8b3c92387dc54159b7cd4e4f0518700000000000946a010000000000fffffcff0332981f8e03ab59,3d16d15a1e39f0e3a73cb338c7ccd7568dc70d340328700002245000a552060200000000fffffbff
931,1381,47603,-0.026087839,0.969725860,1.368016207,-0.313816611,1.112306259,-1.379745107,2.766461505,883c993829c639590049544505187000000000009569010000000000fffffcff23322d235a02da43,8f168a593b393769a73cb138beccd65680674d0b0328700002245000a650060200000000fffffbff
932,1382,47604,-0.026058241,0.969590601,1.366873782,0.211855952,1.033196371,-2.321865165,3.696950619,893c91381ac6435997d8f34b0518700000000000946b010000000000fffffcffb1314d25d602ac39,ef5b4347e90852cb853c33392b4a015951d52c0705187000080000009467020200000000fffffdff
933,1383,47605,-0.026117438,0.969590601,1.370758028,0.230266331,1.016863789,-2.322169812,3.702118775,873c91384dc63e59789c212e0518700000000000946a010000000000fffffcffe234f026b2011c31,5d5e7d43e50841a2813c3839b44a02598281c50105188000070000009567020200000000fffffdff
934,1384,47606,-0.025939846,0.969455341,1.343339821,0.247788750,1.011774651,-2.299092821,3.652948648,8d3c8938e5c4485976513d480518700000000000936b010000000000fffffcff15340f2944023431,ad605042140a499a7c3c3539374bf858e7d8c30505187000080000009565020200000000fffffcff
935,1385,47607,-0.026206234,0.969438434,1.350194373,0.240921856,1.024522857,-2.335650431,3.695922567,843c88383fc543592800db260518700000000000946a010000000000fffffcffb435dc2c0d029769,c55f4245340865ad813c3f39034b0759e04b4d5505188000070000009269030200000000fffffdff
936,1386,47608,-0.025791852,0.969421527,1.336256784,0.114239504,0.819418764,-2.226053764,3.568216088,923c873888c444594b01029205187000000000009569010000000000fffffdff15340f2944020007,0d4fdf15d30deb40403c4439a746e658738d102b0518700000000000a44e0d0000000000fffff8ff
937,1387,47609,-0.025880649,0.969522971,1.350194373,0.114920274,0.813957662,-2.227424674,3.583766665,8f3c8d383fc54359a101db260518700000000000946a010000000000fffffcff5637eb29e4009631,244f9c14c10d4036413c4439b146e758acc5c3450518700000000000a44e0d0000000000fffff8ff
938,1388,47610,-0.025880649,0.969269360,1.318511111,0.111161241,0.810136582,-2.201377378,3.526147855,8f3c7e389fc34e592fe594460518700000000000916d010000000000fffffdff6a32452afb01e42c,a54eba13170f68fc423c4e397846dc58657ec5960518700000000000a24c110000000000fffff7ff
939,1389,47611,-0.026117438,0.969404619,1.364512770,0.249357480,1.018977218,-2.297569587,3.672763410,873c8638fbc545595b30a12e0518700000000000946a010000000000fffffdffc835142f4d009f38,e260fa43280a78dd7c3c3239424bf658392cd22b05187000080000009566020200000000fffffcff
940,1390,47612,-0.025999043,0.969151008,1.335571329,0.256549959,1.015866250,-2.274873405,3.621785117,8b3c77387fc452598634525305187000000000008e70010000000000fffffdffb435dc2c0d024bba,d5614243520b20e2763c3a39784bec581349912c05187000080000009564040200000000fffffcff
941,1391,47613,-0.026235833,0.969286267,1.336256784,0.258148288,1.009458333,-2.275406537,3.623065010,833c7f3888c444596100021205187000000000009569010000000000fffffdff8122113a5d06819d,0b62c7414b0b598a773c3439844bed5815a5940305187000080000009564040200000000fffffcff
942,1392,47614,-0.029166102,0.974104886,1.452631841,0.260960162,1.018875774,-2.277539064,3.741704513,203c9c3980ca17597303923405187000080000008876010100000000fffffcff0124d5376a0678db,6a62f4432f0b98f8773c3939994bed58bfb29a3d05187000080000009464040300000000fffffcff
943,1393,47615,-0.029254898,0.974037256,1.446158097,0.206794577,1.024455227,-2.340372455,3.794215986,1d3c98392bca175988149e0c05187000080000008975010000000000fffffcff9f2374396206ada4,445b3e45f6073da7873c3b39054a0a5917137c4605188000070000009468010100000000fffffdff
944,1394,47616,-0.029136503,0.974121793,1.447833655,0.239441922,1.037034359,-2.323007591,3.780917357,213c9d3941ca175943d24c3605187000080000008876000000000000fffffcff6634b0303f018843,935f2648da0898097f3c4439f84a0159d0e61b3b05188000070000009269030200000000fffffdff
945,1395,47617,-0.026147037,0.969184822,1.347452552,0.221179536,1.052758273,-2.345703773,3.702372023,863c79381bc54a592e2cc05b0518700008000000936b000000000000fffffdff9f2374396206f18c,2a5dc84bb007b34b843c4a39704a0a59edfbce5d05188000070000008e6d030100000000fffffdff
946,1396,47618,-0.029254898,0.974003441,1.447833655,0.264985583,1.011656299,-2.279747753,3.739366035,1d3c963941ca1759ebd04c3605187000080000008876000000000000fffffcffb9231f3d07053f6c,f2624942120b59a9783c3739b74bef58d053af5305187000080000009464040300000000fffffcff
947,1397,47619,-0.029254898,0.974257053,1.447376684,0.249357480,1.018977218,-2.297569587,3.755562186,1d3ca5393bca22597153a23505188000070000008678010000000000fffffdfff024763b3205198b,e260fa43280ac0eb793c3f39424bf658132dd22b05187000080000009566020200000000fffffcff
948,1398,47620,-0.029402891,0.974071071,1.442197690,0.231983054,1.026822268,-2.314705967,3.766355053,183c9a39f7c9215911454c2f05188000070000008777000000000000fffffdfffa221d38c20728fd,975eca45470968da813c3339c14afe582ee8132705188000070000009467020200000000fffffdff
949,1399,47621,-0.029136503,0.973969627,1.450575475,0.211855952,1.033196371,-2.321865165,3.780594339,213c943965ca0c59967ab71c05187000080000008e6f010000000000fffffcff33331f2835016033,ef5b4347e90880f07f3c4f392b4a0159bed42c8705187000080000009467020200000000fffffdff
950,1400,47622,-0.026028642,0.969404619,1.357810541,0.206380196,1.043509907,-2.358803583,3.724610854,8a3c8638a3c54c5963aca3530518700000000000926c010000000000fffffdff74253339260590d4,365ba549040749af893c4539024a1059d2eb2d5305188000070000008f6d020100000000fffffdff
951,1401,47623,-0.029343694,0.974138701,1.439989001,0.258681064,1.014987064,-2.305947373,3.757215214,1a3c9e39dac922590559ed0805187000080000008876000000000000fffffdff1124fd39b30460d2,1d620e43ba09cdaa7b3c3a39884bfa58dabf2e5405188000070000009366030200000000fffffcff
952,1402,47624,-0.029314095,0.974206331,1.445929612,0.253590091,1.024286153,-2.299702115,3.756634105,1b3ca23928ca26599963534d05188000070000008678010000000000fffffdffcb22ce373a0690df,716134450c0ad0027a3c3e39624bf75893564a3d05188000070000009366030300000000fffffcff
953,1403,47625,-0.029225299,0.974071071,1.451413254,0.231983054,1.026822268,-2.314705967,3.775535257,1e3c9a3970ca195929fbf24705187000080000008876010000000000fffffdffe226303f73040986,975eca45470938f57c3c4739c14afe5841e9132705188000070000009467020200000000fffffdff
954,1404,47626,-0.029521286,0.974138701,1.433819904,-0.310590354,1.130633919,-1.416455040,2.868371983,143c9e3989c927592725692905188000070000008777000000000000fffffdffe226303f73044187,fc16c65d593790f8ac3ca338adccf2561a49f43b03287000022450009e58080100000000fffffcff
955,1405,47627,-0.029254898,0.974443035,1.433819904,-0.279067760,1.135148204,-1.432372832,2.881543583,1d3cb03989c92759c526692905188000070000008777000000000000fffffdfff024763b3205b994,251bd15e88366c32b43cb63831ccfd56c597129203287000021490009a570d0100000000fffffcff
956,1406,47628,-0.029195701,0.974290868,1.442197690,-0.328231168,1.115772283,-1.385000263,2.846486864,1f3ca739f7c9215980464c2f05188000070000008777000000000000fffffdff1228023c2e0485b9,a814575af638c34da73cac38f5ccdb561638a0580328700002245000a651060200000000fffffcff
957,1407,47629,-0.029491688,0.974257053,1.428717071,-0.313905407,1.118443658,-1.423690400,2.870175835,153ca53946c92b59b71d2c0505188000070000008975000000000000fffffdffe3293c438404e76c,8c16f55afa36eb57ad3ca838b8ccfb5635b0e15103287000021490009d58090100000000fffffcff
958,1408,47630,-0.029698878,0.974206331,1.420872418,-0.299106066,1.112796575,-1.413484734,2.850503105,0e3ca239dfc82759fa68d20b05188000070000008c72000000000000fffffeffde2b0a40ae039fb1,8018a7598037bf6eae3caf3880ccf256dd0e3b0303287000021490009f56090100000000fffffbff
959,1409,47631,-0.029669280,0.974392312,1.412342309,-0.296442185,1.123448259,-1.411656854,2.840485298,0f3cad396fc830590b06474005188000070000008f70000000000000fffffeffac25ce41f6039f66,da181d5c983788d7ae3cb43877ccee56da673d2a03287000021490009f56080100000000fffffbff
960,1410,47632,-0.029343694,0.974426127,1.438998899,-0.287177798,1.132814978,-1.459562554,2.914313633,1a3caf39cdc92b5986b7b1330518800007000000847a010000000000fffffdff9b2a15445902dbc7,131a475e2335af5fb53ca2384dcc15577b90824b03287000021480009359120100000000fffffcff
961,1411,47633,-0.029610082,0.974578294,1.417825950,-0.316243702,1.117834991,-1.381953796,2.818057476,113cb839b7c838599493334e0518800007000000817d000000000000fffffeffe3293c438404f02e,3d16d15a1e394014a63ca738c7ccd7562fc70d340328700002245000a552060200000000fffffbff
962,1412,47634,-0.029284497,0.974645924,1.420872418,-0.279067760,1.135148204,-1.432372832,2.868651446,1c3cbc39dfc82759556bd20b05188000070000008c72000000000000fffffeff86646f4b37368804,251bd15e8836d0e9ae3c963831ccfd567397029203287000021490009a570d0100000000fffffcff
963,1413,47635,-0.025999043,0.970875566,-1.010894061,-0.320180327,1.121098125,-1.383096221,0.497638316,8b3cdd38264c115772417a9c0328700002146000864b2d0100000000fffffdff2d548434ae032014,b815925b0f399802a63ca938d6ccd856e7f1973f0328700002245000a552060200000000fffffcff
964,1414,47636,-0.025081484,0.964349296,-1.082866854,-0.380709628,1.185870509,-1.404573817,0.528240849,aa3c5b377548325920cf3d320518700008000000906e000000000000fffffdff7a530c32a004a758,bb0d896af5372f54763c5b38becde456ed780b3a03287000022480009961040100000000fffffdff
965,1415,47637,-0.025199879,0.964383111,-1.085913322,-0.297922119,1.143128513,-1.445015672,0.485058592,a63c5d374d482c59bd73571605187000000000009569000000000000fffffcff33536734ba0340ef,a818a960e23559a7b13c9e3878cc085728e450540328700002148000975a0d0100000000fffffcff
966,1416,47638,-0.025081484,0.964433833,-1.087055747,-0.277321438,1.116194969,-1.439912839,0.459526456,aa3c60373e483259c4b882320518700008000000916e000000000000fffffdff1229ce46160324c4,601b705a25364766b43cae3829cc0757caccb34603287000021480009855100100000000fffffbff
967,1417,47639,-0.029462089,0.974645924,1.424375855,-0.378104944,1.182810263,-1.404116847,2.857491067,163cbc390dc93159fe73905d0518800007000000817d010000000000fffffeff9c26f73d6003dfc5,130ed469fb37c81e7a3c5738b4cde45670c13e1603287000022480009961040100000000fffffdff
968,1418,47640,-0.029432490,0.974358498,1.434962330,-0.380709628,1.185870509,-1.404573817,2.868989105,173cab3998c93159ca07155205188000070000008579000000000000fffffeff3a549f327d036765,bb0d896af5371c237b3c5738becde456a8790b3a03287000022480009961040100000000fffffdff
969,1419,47641,-0.025111083,0.964264759,-1.082638369,-0.385652608,1.178701756,-1.410590590,0.532471667,a93c5637784835591a036e4b0518700008000000906e000000000000fffffdff33536734ba03902b,140de168a637a015783c5738d0cdea56744a144403287000022480009762050100000000fffffdff
970,1420,47642,-0.025170280,0.964146407,-1.087055747,-0.388908463,1.181254779,-1.368244692,0.508437541,a73c4f373e4832596bb882320518700008000000916e000000000000fffffdff325365328c036f6f,a60c7869d2391f747b3c6438e4cdc7561eefc69d0328700002248000ae4a050101000000fffffdff
971,1421,47643,-0.025140682,0.964197129,-1.087131909,-0.296442185,1.123448259,-1.411656854,0.451975517,a83c52373d483459dc4053460518700008000000916e000000000000fffffdff7352ee33a402e76f,da181d5c9837a012aa3c9e3877ccee560d673d2a03287000021490009f56080100000000fffffbff
972,1422,47644,-0.025051885,0.964044962,-1.090330700,-0.388346088,1.189894478,-1.411580692,0.534969381,ab3c493713483c59adc442480518700008000000906f000000000000fffffdff6c4e9f3bf900a779,b90c776b9937f34f763c5838dacde956a676613203287000022480009861050000000000fffffdff
973,1423,47645,-0.024844695,0.963537739,-1.123461033,-0.362772828,1.197130860,-1.429631012,0.512348734,b23c2b3760464859d872eb4405187000080000008c73000000000000fffffeffaf52c036d002f8ea,1910236dac3670187b3c4b3875cdf65634891b3103287000022480009266060000000000fffffdff
974,1424,47646,-0.024963089,0.964400018,-1.089340598,-0.341432179,1.194882172,-1.458343967,0.537994605,ae3c5e3720483a598ef4022e05187000080000008f70000000000000fffffdffaf52c036d002e42e,ea129e6c3335000b773c40381fcd0d5744fac44403287000022090008c680a0000000000fffffdff
975,1425,47647,-0.025111083,0.963926610,-1.089340598,-0.373309958,1.214951297,-1.541055558,0.623139034,a93c423720483a5934f4022e05187000080000008f70000000000000fffffdff04501f3ef3012994,b50e4171f530a9819a3cb9388ecd5257f015b93b0a0c7000081490006d642d0101000000fffffdff
976,1426,47648,-0.024992688,0.963402480,-1.109751930,-0.343563284,1.206768098,-1.475861155,0.542908845,ad3c233714473f59c1621d0b05187000080000008d72000000000000fffffeffc350d6376401218d,a2125d6f4d347019733c3d3824cd1a5758c6b24a032870000814900087690e0000000000fffffdff
977,1427,47649,-0.024933491,0.963808258,-1.103354348,-0.351643724,1.203268259,-1.437551827,0.525136767,af3c3b3768474659fd4c034705187000080000008d72000000000000fffffdff5951d33a1602c23d,91118e6e443657686f3c503849cdfb56f2c1628e03287000022480009166070000000000fffffdff
978,1428,47650,-0.025022287,0.963639184,-1.098327677,-0.374464307,1.204164353,-1.439912839,0.544648975,ac3c3137aa473f5909d0d42505187000080000008d72000000000000fffffdffc9531c354b02576d,8e0ec36e2536db44733c4e38a1cdfe564702127503287000090880009166070000000000fffffdff
979,1429,47651,-0.025022287,0.964129499,-1.084542411,-0.351643724,1.203268259,-1.437551827,0.537107584,ac3c4e375f483e59ea9e7d4f05187000080000008e71000000000000fffffdffd5539637b0027817,91118e6e44361f6c7b3c453849cdfb56acbd528e03287000022480009166070000000000fffffdff
980,1430,47652,-0.024963089,0.964281666,-1.084390088,-0.369047748,1.188643328,-1.446005774,0.547264389,ae3c573761483a59afc69d3205187000080000008e71000000000000fffffdff04501f3ef301c010,450f2d6bd535580d763c4b388bcd05572322544a03287000022480008f68070000000000fffffdff
981,1431,47653,-0.024726300,0.964332389,-1.109751930,-0.368189386,1.206801913,-1.539075355,0.600896801,b63c5a3714473f59d8601d0b05187000080000008d72000000000000fffffeff604f384000001f6f,620f5f6f0f312cd8993cb2387acd515765344d0d0a0c7000081490006c652d0101000000fffffdff
982,1432,47654,-0.024696701,0.963656091,-1.115311733,-0.359132190,1.186817325,-1.433591419,0.512786497,b73c3237cb464e59cc564d4e0518700008000000807f000000000000fffffeff5951d33a1602c8ec,9410c16a7836a811793c4b3866cdfb5637e96c0803287000022480009167060000000000fffffdff
983,1433,47655,-0.024815096,0.964349296,-1.098327677,-0.373309958,1.214951297,-1.541055558,0.616650638,b33c5b37aa473f599dd0d42505187000080000008d72000000000000fffffdff996113379944698f,b50e4171f5303f71993caf388ecd52573415b93b0a0c7000081490006d642d0101000000fffffdff
984,1434,47656,-0.029254898,0.971551863,-1.018967200,-0.362772828,1.197130860,-1.429631012,0.575121604,1d3c0539bc4b2956bf093b3c030870000a240000da22020100000000fffffdff65526739f9005f76,1910236dac368f47713c533875cdf65657881b3103287000022480009266060000000000fffffdff
985,1435,47657,-0.024874293,0.963943518,-1.090559185,-0.376003438,1.206835728,-1.546006068,0.624275713,b13c433710484859a726bc5305187000080000008975000000000000fffffeff2261b5366f4411a2,5a0e616fb430a8e2993cb63897cd57578b93c24b0a0c7000081490006c632e0101000000fffffdff
986,1436,47658,-0.029284497,0.971534956,-1.021023565,-0.351495731,1.213446535,-1.561314567,0.673984909,1c3c0439a14b2c56452b6235030870000a240000da22020100000000fffffdfff460d8358e459773,9611e870eb2fe8d7943cb43838cd62571d813c060a0c7000081460006a5b380101000000fffffdff
987,1437,47659,-0.029195701,0.971450419,-1.022089829,-0.357326671,1.220446213,-1.463827609,0.603987670,1f3cff38934b1956da78469f0308a00007000000d429010100000000fffffdff7e51d740eb001358,d1108672eb346c27703c44385bcd0e57222e115303287000082450008b680b0000000000fffffdff
988,1438,47660,-0.024696701,0.963994240,-1.097032928,-0.330421470,1.225822778,-1.576318419,0.625888488,b73c4637bb474659c05eef570518800007000000847b000000000000fffffeff1053dd3bb901f029,5e14c473262fb4d68e3cb638e6cc6c572e7ef3050a0c70000520600069563d0202000000fffffdff
989,1439,47661,-0.024844695,0.964146407,-1.087665041,-0.358895401,1.224656165,-1.554155368,0.630133664,b23c4f373648415973c2ce2f05187000080000008a75000000000000fffffeffff61ca349c4489c0,9c107f734930af6e953caf3855cd5a57d078c9340a0c7000081460006b5d350101000000fffffdff
990,1440,47662,-0.029225299,0.971568771,-1.017367804,-0.374878688,1.215002019,-1.543111924,0.674642788,1e3c0639d14b2b568f19fd07030870000a240000d923020200000000fffffdffd560c1356744edba,800e4471da304769993cb93894cd535784f3c1740a0c7000081490006d632d0101000000fffffdff
991,1441,47663,-0.029166102,0.971585678,-1.022394475,-0.348417468,1.233076067,-1.560095980,0.677806437,203c07398f4b2d56b8a1b053030870000a000000da22020200000000fffffdff2261b5366f44a2cf,fe117175fb2f39ab923cae382ccd5d574bb091900a0c7000081460006a5a380101000000fffffdff
992,1442,47664,-0.029136503,0.971568771,-1.021023565,-0.383432707,1.207883989,-1.513789675,0.651298028,213c0639a14b2c56de296235030870000a240000da22020100000000fffffdff13613b382a4368d3,5f0d9f6f5b328f6f9e3cb238b8cd3c572b33b59d0328700008149000736b1f0100000000fffffdff
993,1443,47665,-0.029106905,0.971720938,-1.020947403,-0.358895401,1.224656165,-1.554155368,0.676052820,223c0f39a24b4156537a72340308a00007240000db1f030200000000fffffdffbd5d953c843ff4d6,9c107f7349303981983cbf3855cd5a57d979c9340a0c7000081460006b5d350101000000fffffdff
994,1444,47666,-0.029195701,0.972194346,-1.035722771,-0.364519150,1.227547336,-1.569463867,0.680093026,1f3c2b39e04a7b56391abb430308a00007240000d51b0c0300000000fffffcff13613b382a4331ab,de0f2a74802f6355953cbd3869cd6757c81b616d0a0c7000081460006a58390201000000fffffdff
995,1445,47667,-0.029343694,0.971670215,-1.020947403,-0.348417468,1.233076067,-1.560095980,0.678838921,1a3c0c39a24b4156607b72340308a00007240000db1f030200000000fffffdff6e60a236074354c9,fe117175fb2f3349963cc4382ccd5d57eab291100a0c7000081460006a5a380101000000fffffdff
996,1446,47668,-0.029166102,0.971720938,-1.023993871,-0.325596885,1.162977842,-1.536942827,0.622548829,203c0f397a4b4456372e710f0308a00007240000da20030200000000fffffcff305f603ffc406805,01153f652b315760a23c9238d7cc54579edb4d0d03287000052060006865310100000000fffffcff
997,1447,47669,-0.029018109,0.972042179,-1.028944380,-0.352354092,1.240853487,-1.578222461,0.691745681,253c2239394b605610ceba120308a00007240000d81d080200000000fffffdff5e5f09392d413ece,79113d770d2f8c2e923cc23839cd6c57ea7300580a0c70000814600069553c0202000000fffffeff
998,1448,47670,-0.029166102,0.971957642,-1.028258925,-0.344806429,1.232078528,-1.588885097,0.693969305,203c1d39424b62568a9e72480308a00007240000da1d060200000000fffffcff3160b53bab41e0dc,78123675812e58e1903cbe381bcd76577b47424b0a0c70000814600069533f0302000000fffffdff
999,1449,47671,-0.029077306,0.971906920,-1.024603164,-0.330332674,1.167999350,-1.534962624,0.624238589,233c1a39724b5756b2ae622f0308a00007240000db1d050200000000fffffdff176245360d437cc8,611468664531b008a13c8b38eacc5257c9025c3703287000052060006965300100000000fffffcff
1000,1450,47672,-0.029254898,0.971720938,-1.016301541,-0.360227341,1.218806192,-1.572967305,0.693159905,1d3c0f39df4b46560fdead4a0308a00007240000db20030200000000fffffdffb061d23839432995,6f102572522f88e0943cba3858cd6b579583a44d0a0c7000081460006a583a0201000000fffffdff
1001,1451,47673,-0.029314095,0.971687123,-1.018205583,-0.335186858,1.170146594,-1.536714342,0.633873522,1b3c0d39c64b405604467b3a0308a00007240000db1f030200000000fffffdff305f603ffc409045,bd13e7662e31d0eaa23c8d38fccc54579c14f23403287000052060006866300100000000fffffcff
1002,1452,47674,-0.029491688,0.971974549,-1.028944380,-0.312632663,1.168286776,-1.557963453,0.631322803,153c1e39394b6056cfcfba120308a00007240000d81d080200000000fffffdffbd61263d8e4149a8,b71679661730af64a73c9338a3cc655719a77b050a0c7000052060006460390101000000fffffcff
1003,1453,47675,-0.029373293,0.971906920,-1.017672451,-0.337761943,1.160796783,-1.507772902,0.609082418,193c1a39cd4b59565c466d340308a00007240000da1d060200000000fffffdff3160b53bab41e1b1,6613be64aa3270fd9d3c90380acd3d57b645969a032870000520200078681d0000000000fffffcff
1004,1454,47676,-0.029432490,0.971856197,-1.024603164,-0.294843856,1.171769708,-1.569463867,0.638186329,173c1739724b5756b6af622f0308a00007240000db1d050200000000fffffdff476a63426542facd,10194767802f6f6bab3c96385ecc6d5744f545420a0c700005206000625c3e0201000000fffffcff
1005,1455,47677,-0.024341517,0.970131639,-0.996499502,-0.330332674,1.167999350,-1.534962624,0.650172863,c33cb138e34c4e5690081f120328200007240000c824130100000000fffffeff0a61de401940d1be,61146866453198e6a13c9438eacc52575b035c3703287000052060006965300100000000fffffcff
1006,1456,47678,-0.029402891,0.972109809,-1.020566595,-0.307837677,1.193394317,-1.557201836,0.643793558,183c2639a74b7056538e9f550308a00007240000d61a0d0200000000fffffdff0469e7432042719c,5917466c2130982aa73c9e3891cc6057d61f91930a0c700005206000645e3a0101000000fffffdff
1007,1457,47679,-0.024400714,0.970097824,-0.999241323,-0.319469958,1.177670403,-1.553926883,0.661685957,c13caf38bf4c5056884352340328200007240000c824130100000000fffffeff5369a5422c43bf7b,d015a4684c30d003a53c8738becc60577e9aca2e0a0c7000052060006561370101000000fffffcff
1008,1458,47680,-0.024311918,0.970064009,-0.998555868,-0.333262944,1.163417435,-1.541207882,0.653687610,c43cad38c84c4056af5e379d0328200007000000c821150100000000fffffeffbd61143afd4070d2,fe135965f3301f6da23c8f38f4cc58579bf0824903287000052060006765320100000000fffffcff
1009,1459,47681,-0.029284497,0.971957642,-1.017672451,-0.299224461,1.187425993,-1.592997828,0.671039108,1c3c1d39cd4b6656820afe4e0308a00007240000da1c070200000000fffffdffd45f8a3f1e3f60d1,7c18e56a4b2e076eae3c8d386ccc7f57cfd853460a0c7000052060006353430301010000fffffdff
1010,1460,47682,-0.029314095,0.972228161,-1.026354883,-0.325567287,1.183469653,-1.560324465,0.646152022,1b3c2d395b4b8156810e3d4a0308a00007240000d4180f0300000000fffffdff996957442f42d98c,0215fb69f82f38dca63c8938d5cc65578504712f0a0c700005206000665e390101000000fffffdff
1011,1461,47683,-0.024400714,0.970114731,-0.997870413,-0.315503735,1.196471470,-1.574795185,0.684704707,c13cb038d14c4f56cf558a3d0328200007240000c824120100000000fffffeff0469e74320429acf,5616fc6c3a2f99adaa3c8738adcc6f572c58b0570a0c70000520600065593e0201000000fffffdff
1012,1462,47684,-0.024252721,0.970182361,-0.999241323,-0.307837677,1.193394317,-1.557201836,0.664502776,c63cb438bf4c5056494252340328200007240000c824130100000000fffffeffe16850426542fcca,5917466c21304cc9a83c823891cc6057241991130a0c700005206000645e3a0101000000fffffdff
1013,1463,47685,-0.024311918,0.970148546,-0.999622131,-0.319469958,1.177670403,-1.553926883,0.661390465,c43cb238ba4c4d56edf5910b0328200007000000c824130100000000fffffefffe672145a24016cf,d015a4684c30e4d7a53c9738becc6057ba9bca2e0a0c7000052060006561370101000000fffffcff
1014,1464,47686,-0.024282320,0.970351436,-1.001373850,-0.320121129,1.172851784,-1.568854574,0.671238679,c53cbe38a34c6956ee3602300328200007240000c825110100000000fffffeff9463f5476c3d98f6,ba158767882fc767a83c8e38bfcc6e57778c934d0a0c700005206000655d3b0101000000fffffcff
1015,1465,47687,-0.024519109,0.970757214,-1.011808001,-0.267405880,1.053857257,-1.459334069,0.515925559,bd3cd6381a4c9a5656a5db440328200007240000c4290f0400000000fffffdfffe672145a240f9aa,af1c094c2635f9398b3c2d39fecb2257d7f79e1c03287000021460009545240000000000fffffbff
1016,1466,47688,-0.024519109,0.970199269,-1.001373850,-0.269270597,1.056241205,-1.460324171,0.527201956,bd3cb538a34c6956b43b02300328200007240000c825110100000000fffffeffb86711439440b0e6,701c964c193538f38b3c2e3906cc225732239c3603287000021460009546240000000000fffffbff
1017,1467,47689,-0.024341517,0.970334528,-1.002135467,-0.208474907,1.081551635,-1.527955748,0.568120866,c33cbd38994c6b56d0dad2070328200007240000c923120100000000fffffeffd264cc4bc63e4192,76246f52a13197559a3c1e392eca5557ae1c05480328700005182000784a3c0100000000fffffbff
1018,1468,47690,-0.024311918,0.970706492,-1.008685372,-0.264031630,1.071694601,-1.485457528,0.543116771,c43cd338434c8156f8967d8f0328200007240000c726100200000000fffffeff25664e45d63e80f3,211d2850cf3378eb8d3c2039e0cb35579620d23403287000021460008d49290000000000fffffbff
1019,1469,47691,-0.024430313,0.970537417,-1.005867390,-0.260095006,1.057137299,-1.492235918,0.547349735,c03cc938684c8656ee62c4430328200007240000c726100200000000fffffeff0166e847683f34d3,a61dcb4c7633b7648e3c2539c0cb3d57bb70444703287000021460008c472b0000000000fffffbff
1020,1470,47692,-0.024341517,0.970554325,-1.006019713,-0.256513565,1.066334944,-1.482487222,0.538608461,c33cca38664c7a5650df61280328200007240000c825100200000000fffffeffca6845468040299a,1f1eeb4ef633200a8b3c1f39a7cb3357f071fb3103287000021460008d472a0000000000fffffbff
1021,1471,47693,-0.024519109,0.970249991,-0.999622131,-0.250830619,1.060383527,-1.484238941,0.542396908,bd3cb838ba4c6b561e5e1a3d0328200007240000c825110100000000fffffeffef69bf435e4058dc,df1e8b4ddf33f141903c29397bcb355774d37d1003287000021460008d462b0000000000fffffbff
1022,1472,47694,-0.024430313,0.970300713,-0.997184957,-0.269270597,1.056241205,-1.460324171,0.530877070,c03cbb38da4c7056b5249f540328200007240000c825110100000000fffffeffd264cc4bc63ec94c,701c964c1935d811883c273906cc22571d229c3603287000021460009546240000000000fffffbff
1023,1473,47695,-0.024755899,0.970435973,-1.008685372,-0.239849508,1.079827077,-1.495967840,0.543760865,b53cc338434c81569b976d0f0328200007240000c726100200000000fffffeff17650f4bcc3cb8e5,522009524533d8038d3c163925cb3b57cf291a2c03287000050860008748300000000000fffffbff
1024,1474,47696,-0.024637504,0.970740307,-1.008456887,-0.224398997,1.092845802,-1.498633499,0.543219585,b93cd538464ca35674fdfd4e0328200007240000c22c0d0400000000fffffeff0166e847683fe3b1,5c220b552233c0e48f3c0e39aeca3a57cd1ac28b03287000050860008249330100000000fffffbff
1025,1475,47697,-0.024667103,0.970317621,-1.006019713,-0.229075589,1.069293745,-1.508382195,0.551314036,b83cbc38664c7a56eddf61280328200007240000c825100200000000fffffeffcc73ab5c4a4385a3,be219a4fa232574d953c2439cfca4757a566dc0503287000050860008347340100000000fffffbff
1026,1476,47698,-0.028662924,0.974493757,-0.973955643,-0.250090652,1.088737295,-1.511200177,0.592210701,313cb3390b4e3056e56d9c390308700009280000ec0e020201000000ffffffff076830476e3e68e7,f81e18547d3218de913c183970cb47575b3cc1700328700005086000824a310100000000fffffbff
1027,1477,47699,-0.024548708,0.970486695,-1.001678497,-0.239849508,1.079827077,-1.495967840,0.550119722,bc3cc6389f4c8d566735ae530328200007240000c6290f0200000000fffffeff1973335c334373b4,52200952453308f0943c2b3925cb3b57502b0a2c03287000050860008748300000000000fffffbff
1028,1478,47700,-0.028692523,0.974493757,-0.975555038,-0.271993675,1.049072453,-1.462913668,0.549796205,303cb339f64d3256fd7eb235030870000a240000ec0e020101000000ffffffff78737d5b3c44f181,141cee4af7345f708a3c2b3910cc26571269d44303287000021460009545240100000000fffffbff
1029,1479,47701,-0.028633326,0.974392312,-0.974488775,-0.271786485,1.058168653,-1.460933465,0.550245736,323cad39044e2056831da89e0308900007284000e911020201000000ffffffff1d66e54dba3d38ce,1b1c084d1135700b893c283910cc2357dd90033a03287000021460009546230000000000fffffbff
1030,1480,47702,-0.024726300,0.970588140,-1.005943551,-0.232094654,1.110209737,-1.529555144,0.580228339,b63ccc38674c925691bdff5a0328200007240000c5290e0300000000fffffeffc567cd4ab73ed9b0,58210e598c31b35c963c1039e3ca5257393882520328700005182000754f3a0100000000fffffbff
1031,1481,47703,-0.024637504,0.970452880,-1.002059305,-0.211405177,1.105864527,-1.541664852,0.586849745,b93cc4389a4c855604be7d350328200007240000c7280f0200000000fffffeffdc73d75a2443aac0,13240d58ed304b529b3c123943ca5c573db4d35003287000051820006d4f400201000000fffffbff
1032,1482,47704,-0.028633326,0.974510665,-0.973879481,-0.224398997,1.092845802,-1.498633499,0.572445790,323cb4390c4e3456eb85ed08030870000a240000eb0e020201000000ffffffffca720e5b2843fabc,5c220b552233482b983c2b39aeca3a57471bc28b03287000050860008249330100000000fffffbff
1033,1483,47705,-0.028603727,0.974510665,-0.976316655,-0.240500679,1.073486789,-1.521025035,0.592793227,333cb439ec4d33561785c10e030870000a240000eb0f020201000000ffffffff1973335c334348e4,3c209250fc316b56943c1e3924cb52575a04154e03287000050860008049350100000000fffffbff
1034,1484,47706,-0.028574128,0.974493757,-0.975555038,-0.256513565,1.066334944,-1.482487222,0.563357284,343cb339f64d32566a7db235030870000a240000ec0e020101000000ffffffff4e72815de441c0ed,1f1eeb4ef633e80c903c2c39a7cb33573373fb3103287000021460008d472a0000000000fffffbff
1035,1485,47707,-0.028514931,0.974629017,-0.977611404,-0.212737117,1.093031783,-1.599014602,0.658861870,363cbb39db4d4756d76533340308a00007240000eb0d020201000000ffffffff896d805fa23f64de,e6231655fc2d5013283cae3944ca8e575cabad330728300005188000685c260f05000000fffffbff
1036,1486,47708,-0.028485332,0.975017888,-0.988807172,-0.220669564,1.091510114,-1.577765491,0.630378553,373cd239484d6a560eda8b450308a00007240000e50d090202000000ffffffff4e72815de4415bc3,da22bc54132fb76f243caf3983ca7d5753d336a207283000051880005b583c0b04000000fffffbff
1037,1487,47709,-0.028751720,0.974645924,-0.977611404,-0.213269894,1.086759125,-1.596577428,0.655541962,2e3cbc39db4d4756356733340308a00007240000eb0d020201000000ffffffffa271705bda41f3c4,d423a3531c2e7760273cac3948ca8d5756ebec080728300005188000675c280f05000000fffffbff
1038,1488,47710,-0.028574128,0.974662831,-0.979210799,-0.334476489,1.169487204,-1.731916744,0.835523207,343cbd39c64d49567731620b0308a00007240000eb0e030201000000ffffffffa06fd462f3404199,d513c0662b27fda6453c7f39e5ccf357d736443b07285000060c8000803d1e1607060000fffffdff
1039,1489,47711,-0.028366938,0.974831906,-0.983704339,-0.334150904,1.167052534,-1.701299746,0.803365280,3b3cc7398b4d5256854ebe950308a000091c0000e90d040202000000ffffffffe86f085d9740d8d7,e0133066bd281bb8463c7539e6ccd9573d7aa43c07285000060c80007d411b150d050000fffffdff
1040,1490,47712,-0.028544530,0.974831906,-0.983323530,-0.326040866,1.162369174,-1.702594495,0.800640379,353cc739904d5c5638c223050308a00007240000e90e050201000000ffffffffe970ee5f0341f8f8,f2141b65ac28d0bb483c7639c8ccda57cae97d7507285000060c80007e401b160c040000fffffdff
1041,1491,47713,-0.028455734,0.974764276,-0.980886357,-0.338561107,1.155927441,-1.735953313,0.836128904,383cc339b04d545621c6d42a0308a00007240000eb0d040202000000ffffffff5273c35b98414cd1,4b139e63f62670d8423c7d39f4ccf8573d77b14d07285000060c8000813c1e1707060000fffffdff
1042,1492,47714,-0.028633326,0.974679739,-0.975402715,-0.336785186,1.157127869,-1.698786411,0.807173377,323cbe39f84d4e567186bd4b0308a00007240000eb0d030201000000ffffffff8a73275ef64125b6,8713e563de2820e5453c7439f0ccd857bf02020d07285000060c80007d411b150d040000fffffdff
1043,1493,47715,-0.028692523,0.974645924,-0.974793422,-0.323584175,1.164093733,-1.731840582,0.834249341,303cbc39004e46560c663d370308a00007240000eb0d020202000000ffffffffa06fd462f340674e,451581652c27f9953e3c7639bcccf357e8e45d3307285000060c8000823d1e1707050000fffffdff
1044,1494,47716,-0.028870115,0.974865721,-0.983704339,-0.312839854,1.175523159,-1.760020406,0.850628507,2a3cc9398b4d5256e34fce150308a000091c0000e90d040202000000ffffffffff6ef763bb3e10d0,b0162568ba2521a4463c8c3991cc05589d868d2f0728500006203000823b211606040000fffffeff
1045,1495,47717,-0.028662924,0.975119332,-0.985608381,-0.320061932,1.153137715,-1.733516139,0.822173912,313cd839724d7756a1662e510308a00007248000e40b0b0303000000ffffffffe970ee5f034122ca,bc15f9621627b8dd403c7939aeccf657e9384d0807285000060c8000813d1e1607050000fffffdff
1046,1496,47718,-0.028810918,0.974781183,-0.980886357,-0.305736171,1.189657774,-1.775557390,0.868539922,2c3cc439b04d5456c6c7d42a0308a00007240000eb0d040202000000ffffffff70789d6dfc4190e4,a017696bee249fc2353c813976cc0b5854e0939107285000062030007f3d231408040000fffffeff
1047,1497,47719,-0.029254898,0.971213715,-0.962531390,-0.323584175,1.164093733,-1.731840582,0.845972256,1d3cf138a14e3d565c603e0e03289000021c8000ec08060401000000ffffffffe571a05eff3f58dc,451581652c2735ac473c8039bcccf3572de65d3307285000060c8000823d1e1707050000fffffdff
1048,1498,47720,-0.028633326,0.974865721,-0.978906153,-0.305736171,1.189657774,-1.775557390,0.870387734,323cc939ca4d6756d35e0d520308a00007240000e90c050202000000ffffffff7677db6ed741554a,a017696bee24b03e453c953976cc0b58b6e3931107285000062030007f3d231408040000fffffeff
1049,1499,47721,-0.029195701,0.971162992,-0.964663917,-0.312839854,1.175523159,-1.760020406,0.868797461,1f3cee38854e3e567d9e102c03289000021c0000ec09050401000000ffffffff1b77ad6dca423a37,b0162568ba25e191393c7d3991cc055827858d2f0728500006203000823b211606040000fffffeff
1050,1500,47722,-0.029166102,0.971281344,-0.965197049,-0.290818436,1.174187471,-1.804041861,0.901827843,203cf5387e4e2e56f59b759a0324a000021c0000ea07070601000000ffffffff4a708f66bf3f80ce,9819d66778232cd1353c8f393dcc195808a28501072850000620300082332b1607020000fffffdff
1051,1501,47723,-0.028781319,0.975034795,-0.982409590,-0.330924648,1.163383620,-1.777842241,0.871480908,2d3cd3399c4d645611b3cf5f0308a000091c8000e80b070302000000ffffffffe371f1619e40c6c6,4d145765d0245cd33e3c8a39d4cc0e585977824b07285000062030008338221708030000fffffeff
1052,1502,47724,-0.028751720,0.974848813,-0.978753829,-0.331368628,1.181491483,-1.765656371,0.868040204,2e3cc839cc4d5a56f73aae320308a00007240000ea0c040202000000ffffffffc0777b6ff0414f6c,3e1486697025eda3423c8c39d7cc07584e7bd2350728500006203000813a211609040000fffffeff
1053,1503,47725,-0.029225299,0.971179900,-0.963902300,-0.313224637,1.180663019,-1.826357235,0.931862283,1e3cef388f4e3c566d29983d03289000021c8000ec09060401000000ffffffff6377076ecf412817,a31655695322dcd7393c9b3990cc22580bf702480728500006203000812d2c190b010000fffffeff
1054,1504,47726,-0.029254898,0.971264437,-0.964968564,-0.325952069,1.198415825,-1.800690747,0.915455368,1d3cf438814e3f566ae3f14b03289000021c0000ec09050401000000ffffffff7677db6ed7419b57,f5146f6da42304d13f3c9a39c1cc1658a75ba01607285000062030007c3825150e030000fffffeff
1055,1505,47727,-0.029284497,0.971281344,-0.964663917,-0.309998381,1.159765429,-1.768245868,0.871820215,1c3cf538854e3e56ac9f102c03289000021c0000ec09050401000000ffffffff69777570cd40275d,101781644e25ecd53b3c833986cc0a5857115d070728500006203000833a221705040000fffffdff
1056,1506,47728,-0.029373293,0.971247530,-0.965044726,-0.141611489,0.923450211,-1.925748235,0.968417900,193cf338804e4f5680ef402a03289000021c8000eb09060301000000ffffffff63758b712f3ed015,492de82d3a1d2814783cd3381fc85d585c7b4816051c60000a000000824a300300000000fffff6ff
1057,1507,47729,-0.029639681,0.971061548,-0.970680691,-0.133264661,0.917549516,-1.931841170,0.968210278,103ce838364e7a56af102d4803289000021c8000e210080302000000ffffffff69777570cd40175a,632e8b2cea1c1813773ccf38c3c760583f513d0b051c60000a0c0000804c2f0300000000fffff6ff
1058,1508,47730,-0.029254898,0.971061548,-0.965044726,-0.218035281,1.088973999,-1.630469378,0.701663272,1d3ce838804e4f565bee402a03289000021c8000eb09060301000000ffffffff3f77ca6ea1406012,332326545f2c0353283ca13966caab57a0b8c14d07283000051880006c5e1c1306000000fffffbff
1059,1509,47731,-0.029373293,0.971196807,-0.965730181,-0.224014214,1.087249441,-1.599243087,0.672823828,193cf038774e5356fc2ea34603289000021c8000eb09060401000000ffffffff017549755a3f100b,6922c053f92d6356263ca9399aca9057b2ec20110728300005188000665c290f05000000fffffbff
1060,1510,47732,-0.029610082,0.971230622,-0.970604529,-0.212737117,1.093031783,-1.599014602,0.665785441,113cf238374e645612a1eb9803289000021c8000e50c0a0301000000ffffffffdd76f36f643ff00c,e6231655fc2d1429233ca73944ca8e57caa9ad330728300005188000685c260f05000000fffffbff
1061,1511,47733,-0.029491688,0.971129178,-0.967024930,-0.197375402,1.108806420,-1.643949997,0.710892053,153cec38664e6856294e264103289000021c8000e90b060301000000ffffffff5d76f872e53f1f5b,ed25bb58ae2bc804303ca539c8c9b257b0ca3a3307285000031880006f5f151506000000fffffbff
1062,1512,47734,-0.029491688,0.971230622,-0.967558061,-0.219189630,1.094739434,-1.600309350,0.672022269,153cf2385f4e5d569177c12303289000021c8000e90a080301000000ffffffffe578266fb240bc23,0c237b55eb2dc81f253ca83975ca8f576199c43c0728300005188000675d260f05000000fffffbff
1063,1513,47735,-0.029343694,0.971129178,-0.961922097,-0.206610190,1.098323811,-1.624071796,0.697168638,1a3cec38a94e53563520cf5103289000021c8000eb0a060401000000fffffffffb778871dc40af73,b5244f56b32cf80a2c3ca93911caa357e3764c3607283000051880006d5e1b1206000000fffffbff
1064,1514,47736,-0.029284497,0.971078455,-0.963597654,-0.206610190,1.098323811,-1.624071796,0.695601808,1c3ce938934e4e562659893a03289000021c8000eb09070301000000ffffffff017549755a3f699b,b5244f56b32c781f253c9e3911caa357b9754c3607283000051880006d5e1b1206000000fffffbff
1065,1515,47737,-0.029343694,0.970824844,-0.970604529,-0.188998976,1.120810699,-1.651109195,0.714893115,1a3cda38374e6456a9a0eb1803289000021c8000e50c0a0301000000ffffffffa977d274d73f3f72,0827815b502b5c21333ca43988c9b6578b7f140c07285000031880006c60171506000000fffffbff
1066,1516,47738,-0.029373293,0.970977011,-0.964359271,-0.214868222,1.100741574,-1.626661294,0.699922268,193ce338894e5d56d5183b3703289000021c8000e70b090301000000ffffffff5d76f872e53f7764,9e23de56912cc81a263c9f394fcaa557e554633907283000051880006d5f1b1206000000fffffbff
1067,1517,47739,-0.029314095,0.970943196,-0.967558061,-0.186690279,1.092930339,-1.653622531,0.714375659,1b3ce1385f4e5d561676c12303289000021c8000e90a080301000000fffffffff376fb7c063b3433,562710552f2b854d2f3c9d3976c9bd57d7f6dc070728500003188000705d171407000000fffffbff
1068,1518,47740,-0.029846872,0.972836828,-0.967481900,-0.197375402,1.108806420,-1.643949997,0.710044100,093c5139604ea8560f3858a40328900007088000c62c090301000000ffffffffa776d37c5e3a74db,ed25bb58ae2b6018263c9639c8c9b25724c93a3307285000031880006f5f151506000000fffffbff
1069,1519,47741,-0.029758076,0.972836828,-0.968472002,-0.167599130,1.103142430,-1.682563971,0.738855227,0c3c5139534eb25632f0002d0328900007088000c72f060300000000ffffffffa776d37c5e3a7cd6,db296c57b329d54e343c9339e3c8d45751a5e4430728500003188000715a1d1007000000fffffbff
1070,1520,47742,-0.029817273,0.972921366,-0.968472002,-0.202111191,1.087367793,-1.624300281,0.687672823,0a3c5639534eb2567ef1002d0328900007088000c72f060300000000ffffffff3d775679ae3e4da0,4d25c753b02c5b572b3ca639efc9a55747afed0a07283000051880006c5d1d1206000000fffffbff
1071,1521,47743,-0.029491688,0.970841751,-0.965273211,-0.188998976,1.120810699,-1.651109195,0.719933509,153cdb387d4e6e5643f0de2f03289000021c8000e00e0d0201000000ffffffff8b76ec7b623ac999,0827815b502bf9b0263c8f3988c9b6577380140c07285000031880006c60171506000000fffffbff
1072,1522,47744,-0.029787674,0.972870643,-0.968776648,-0.173341274,1.121842053,-1.711429250,0.770929961,0b3c53394f4eb2569018c3090328900007088000c62f060300000000ffffffff2176097dc83968e5,1929be5b3828bb56333c84390dc9eb573a49734607285000031880007257210c09000000fffffcff
1073,1523,47745,-0.029698878,0.972853736,-0.969842912,-0.208622901,1.110987479,-1.652860914,0.719450018,0e3c5239414ebb5664a8c22c0328900007088000c134060400000000ffffffffe776807d4f3a90f7,71243c59392b6021293c96391ccaba577f64f13107285000031880006f60161406000000fffffbff
1074,1524,47746,-0.029817273,0.972921366,-0.967862708,-0.121040406,1.039485937,-1.630545540,0.672235850,0a3c56395b4eb3565a22793f0328900007088000c52f070300000000ffffffff8478eb71623f0c30,0030b7485e2c82ce893c3e3810c7b157e31b8f290728300005182000714f1f1b06000000fffffaff
1075,1525,47747,-0.029462089,0.971044640,-0.963064522,-0.130393589,1.036324247,-1.597796015,0.646012897,163ce7389a4e685614705f5703289000021c8000e80c080301000000ffffffffbf763077943d723a,c42efc470c2e4f5a843c3738a3c795572db887200728300005182000664d331504000000fffffaff
1076,1526,47748,-0.029639681,0.970875566,-0.967329576,-0.204271895,1.098526700,-1.666646179,0.732007468,103cdd38624e8256049c7f5c03289000021c8000dc130b0202000000ffffffffbe74657b08395da4,04255b56842a194b2c3c9739f9c9c85788e8124d0728500003188000705e181107000000fffffbff
1077,1527,47749,-0.029639681,0.972972088,-0.973422511,-0.125006629,1.037507767,-1.612419058,0.649289070,103c5939124ec856fe76cd480328900007088000b83b060600000000ffffffff63771c7c453a7dab,7a2f42484c2d56c8863c3b384fc7a157b63bdf2907283000051820006d4e261905000000fffffaff
1078,1528,47750,-0.029787674,0.972887551,-0.966872606,-0.200868046,1.124175279,-1.674643156,0.743703988,0b3c5439684eb55678575f130328900007088000c52f070300000000ffffffffe075847baf39319c,7725485c1b2a43542b3c8d39dfc9cb576334d15007285000031880006e5f1a1107000000fffffcff
1079,1529,47751,-0.029698878,0.972904458,-0.970604529,-0.127966497,1.031285831,-1.614246939,0.653712828,0e3c5539374ebe56051125040328900007088000c035060400000000ffffffff66751f7ea9391da8,162fd246342d6983873c39387bc7a4578e6e0a0207283000051820006d4e251905000000fffffaff
1080,1530,47752,-0.029669280,0.972853736,-0.971442307,-0.131873523,1.040162234,-1.611885927,0.652030805,0f3c52392c4ebc565e5d9fa00328900007088000bd36070400000000ffffffffa3763c7c6439f3ba,922edf48532d2807863c3538b7c7a05725f1743c07283000051820006d4e251905000000fffffaff
1081,1531,47753,-0.029728477,0.972955180,-0.968928972,-0.133294259,1.044017130,-1.633287360,0.676127015,0d3c58394d4ec256999fae530328900007088000be36060400000000ffffffff6876177e843920ed,622ec3493a2cd0f28a3c3438c8c7b257cd2493380728300005188000714f1d1c06000000fffffaff
1082,1532,47754,-0.029758076,0.972988995,-0.969309780,-0.134981384,1.034075558,-1.614856232,0.656912273,0c3c5a39484ebf5659735d370328900007088000be36070400000000ffffffff66751f7ea9397c34,292e77472c2df9a5873c3738e4c7a4572dc8d01207283000051820006e4e251905000000fffffaff
1083,1533,47755,-0.029787674,0.973022810,-0.971442307,-0.121040406,1.039485937,-1.630545540,0.668701338,0b3c5c392c4ebc56cf5f9f200328900007088000bd36070400000000ffffffff6175ff7fbc3809be,0030b7485e2c9424893c2f3810c7b1579e1b8f290728300005182000714f1f1b06000000fffffaff
1084,1534,47756,-0.029698878,0.973090440,-0.971823116,-0.125095425,1.031556350,-1.634201301,0.671761582,0e3c6039274eca56f4e70f5e0328900007202000b43c090600000000ffffffff2176097dc83990ed,772fe2462e2c277e8a3c3a384dc7b55772d2e9400728300005182000714f1e1b06000000fffffaff
1085,1535,47757,-0.029817273,0.972988995,-0.969842912,-0.133560647,1.036848377,-1.637780900,0.678956452,0a3c5a39414ebb56cca9c22c0328900007088000c134060400000000fffffffff56a905bd13a0184,592e1b48ff2b319d8b3c3738cbc7b8575950714f0728500003188000724f1c1c06000000fffffaff
1086,1536,47758,-0.024874293,0.970283806,-0.995509400,-0.125006629,1.037507767,-1.612419058,0.628588158,b13cba38f04cbb56934a49a40328700002245000b241070401000000fffffeff64698a593b3950ee,7a2f42484c2d1025863c32384fc7a1577e3bdf2907283000051820006d4e261905000000fffffaff
1087,1537,47759,-0.024992688,0.970419065,-0.999317485,-0.104731533,1.046248911,-1.681345384,0.690847671,ad3cc238be4cd656589b420b0328700002245000a651070200000000fffffeff0c75f87c8e3844bc,2732474ac329ff75943c40381ac6dd57f0cce3440728500003188000754e1e1707000000fffffaff
1088,1538,47760,-0.029639681,0.973039718,-0.972737056,-0.107543407,1.053840349,-1.658573040,0.694959517,103c5d391b4ecf567d1f2f550328900007202000b43d070600000000ffffffff9364705a25367011,c831084cee2adf5f8f3c443844c6c75762ca04060728500003188000744f1d1906000000fffffaff
1089,1539,47761,-0.025318274,0.970655769,-1.010665576,-0.113522341,1.044355278,-1.646615656,0.646253881,a23cd038294c0757c830bc4603287000022450009756110100000000fffffeff3a6a925b0f397982,fe30d7498b2b5ccd8c3c41389ec6be57f3d79e260728500003188000734f1c1b06000000fffffaff
1090,1540,47762,-0.025051885,0.970283806,-0.997489604,-0.107543407,1.053840349,-1.658573040,0.671429711,ab3cba38d64cd856110e983f0328700002245000a552060200000000fffffeff19671d5c98377ec2,c831084cee2a60fa8f3c293844c6c757c9ca04860728500003188000744f1d1906000000fffffaff
1091,1541,47763,-0.025140682,0.970605047,-1.004724964,-0.077885530,0.985314515,-1.572814982,0.570722923,a83ccd38774cee56c49b322a03287000022450009e57090100000000fffffeff4b6b575af638f6ce,b235333c542f19997d3ccc388dc488577c3d3d3603287000051820005c52500200000000fffffaff
1092,1542,47764,-0.025051885,0.970334528,-0.995128592,-0.132731884,1.054634999,-1.661238699,0.680003108,ab3cbd38f54cdb5611c4af580328700002245000a551060200000000fffffeffb569d15a1e394998,752e374ccb2a20e1903c3338bdc7c9578440b130072850000318800076501f1407000000fffffbff
1093,1543,47765,-0.025051885,0.970249991,-0.998632029,-0.113522341,1.044355278,-1.646615656,0.658180367,ab3cb838c74cd7568b3702340328700002245000a552060200000000fffffeffb569d15a1e3985af,fe30d7498b2bdc228c3c2c389ec6be5778d79e260728500003188000734f1c1b06000000fffffaff
1094,1544,47766,-0.024992688,0.970452880,-0.998632029,-0.116866992,1.037186526,-1.658268394,0.669338778,ad3cc438c74cd756433b02340328700002245000a552060200000000fffffeff19671d5c9837df5d,8d302f48f22abf7b8e3c3d38cfc6ca578d8a2a420728500003188000744f1d1806000000fffffaff
1095,1545,47767,-0.025229478,0.970216176,-1.004724964,-0.113344749,1.060873842,-1.700538129,0.707205115,a53cb638774cee56c39b322a03287000022450009e57090100000000fffffeffce64d15e88364191,0431a84dc7289999983c39389ac6eb5772a0d14c0728500003188000784e211008000000fffffaff
1096,1546,47768,-0.025229478,0.970757214,-1.010056282,-0.085699581,0.979109487,-1.573500437,0.566741307,a53cd638314cfd56966a0d92032870000224500099580d0100000000fffffeff7367a7598037b006,aa34c43a4b2f39c27f3ccd3802c58a57c51d920a03287000051820005e504e0200000000fffffaff
1097,1547,47769,-0.025170280,0.970537417,-1.004039509,-0.129979207,1.045471169,-1.666417694,0.674792441,a73cc938804cf256d5f2340303287000022450009e56090100000000fffffeffce64d15e8836d19b,d22e194a872ac997903c373893c7cf577928824f072850000318800076501f1407000000fffffaff
1098,1548,47770,-0.025407070,0.970216176,-1.010056282,-0.077885530,0.985314515,-1.572814982,0.565401894,9f3cb638314cfd56a56b1d92032870000224500099580d0100000000fffffeff3672906af53768e4,b235333c542f8cdb823ccb388dc48857533f3d3603287000051820005c52500200000000fffffaff
1099,1549,47771,-0.026265431,0.969455341,-0.979820093,-0.080164628,0.982812215,-1.559715172,0.582547708,823c8938be4de4562882043a03287000090880009762040101000000ffffffffe065475e233548ed,65359f3b0030a8157f3cc838b1c47d5782b4f8200328700005182000644e4c0200000000fffffaff
1100,1550,47772,-0.025466267,0.970520510,-1.007923755,-0.076701583,0.979092579,-1.573500437,0.567957323,9d3cc8384d4c1557996c7d4b0328700002149000925a120000000000fffffefff668c65d5937298f,da35c33a4b2f0ec17e3ccd387bc48a576581dd0903287000051820005c514f0200000000fffffaff
1101,1551,47773,-0.025229478,0.970334528,-1.000612233,-0.084989213,0.985703386,-1.571672556,0.574384297,a53cbd38ad4cf2565db5fb3b03287000022450009e58080100000000fffffeffde71da69fb3794de,c2344a3c632fccdb803ccd38f8c48757db81623503287000051820005e504e0200000000fffffaff
1102,1552,47774,-0.026265431,0.969472249,-0.980581710,-0.125450609,1.067417020,-1.671444365,0.704785135,823c8a38b44de456243e311603287000090880009762040101000000ffffffff3672906af53775b4,6b2f2b4f452a29a2933c30384fc7d0576f049150072850000318800075511f1307000000fffffbff
1103,1553,47775,-0.026413425,0.969421527,-0.979820093,-0.073978504,0.989778078,-1.590103684,0.612472765,7d3c8738be4de456fe82f43903287000090880009762040101000000ffffffff49738269d339a188,36363b3d712ea19a7c3cd33850c49757f105cd3403287000051820005752520301000000fffffaff
1104,1554,47776,-0.026295030,0.969235545,-0.976925949,-0.073978504,0.989778078,-1.590103684,0.615371956,813c7c38e44dc7560b11d99d0328700009088000ab4b050301000000ffffffff4a67a960e235e0db,36363b3d712e14cf833cd13850c497575d07cd3403287000051820005752520301000000fffffaff
1105,1555,47777,-0.025407070,0.970385250,-1.004648803,-0.071551412,0.980107025,-1.592617020,0.589856286,9f3cc038784c0857491c5f540328700002245000965b0d0100000000fffffeff6769f55afa3628e3,8836ff3a502e95b27e3cd4382cc49b570d3a2d08031ca000051820005852520301000000fffffaff
1106,1556,47778,-0.025199879,0.970419065,-0.999774455,0.080940989,0.860977239,-2.310669397,1.319730635,a63cc238b84cfb565d4cee5103287000022450009d58090100000000fffffeff38737f6b99376db4,a84a791f7c090f68433c1d39b6440b59de798b460518700000000000a44f0b0000000000fffffaff
1107,1557,47779,-0.026383826,0.969472249,-0.977687566,0.102340835,0.841381522,-2.283631999,1.318509816,7e3c8a38da4de9568d857e3203287000090880009662050200000000ffffffffd96f2a6dac36d0ed,7b4df21adf0aaf64423c2d39f545ff580bc924440518700000000000a44f0b0000000000fffff9ff
1108,1558,47780,-0.026235833,0.969658231,-0.985379896,0.102725617,0.852337540,-2.271826938,1.298206914,833c9538754df6568a72043103287000090880009167060100000000ffffffffde72e468a637b0e2,884d7a1d7a0b27653f3c2d39fb45f958e954e2200518700000000000a44f0c0000000000fffff9ff
1109,1559,47781,-0.026324629,0.969472249,-0.978449183,0.083220087,0.870952625,-2.282794220,1.312639379,803c8a38d04dea56b5b92b4403287000090880009663050100000000ffffffffae702e6bd535e8ed,f54ac721ea0a09873e3c2239d844fd58e68a9b050518700000000000a34f0d0000000000fffff9ff
1110,1560,47782,-0.026383826,0.969675138,-0.983704339,0.119952049,0.838541073,-2.250273180,1.281720313,7e3c96388b4d05571ae25b4a03287000090880008e69070100000000ffffffff5f6fc36a783660ea,ce4f4a1a950c0c27483c3d39fc46f058e274e8380518700000000000a44f0c0000000000fffff8ff
1111,1561,47783,-0.026295030,0.969675138,-0.986522321,0.132857074,0.831000357,-2.255376013,1.286293038,813c9638664dfb569616630803287000090880009067060100000000ffffffff506d5d6f4d34a8e1,82518c18520cc948453c3b39bc47f3585ee6bf5c0518700000000000a54f0b0000000000fffff8ff
1112,1562,47784,-0.026413425,0.969928750,-0.991548993,0.093875612,0.885983335,-2.323312237,1.339817012,7d3ca538244d1a57e03dcd4a032870000920500086690e0100000000ffffffffd96f2a6dac3697bf,5d4c4025d6083b584a3c193977450f598c19de500518700000000000a551090000000000fffffaff
1113,1563,47785,-0.026531819,0.969573693,-0.985379896,0.114328300,0.864696875,-2.273121686,1.299661355,793c9038754df6569b73043103287000090880009167060100000000ffffffff606e956e44367193,104f5520690b6a324a3c3039a846f958b244bb330518700000000000a44f0b0000000000fffff9ff
1114,1564,47786,-0.026206234,0.969759675,-0.988731010,0.102725617,0.852337540,-2.271826938,1.294892482,843c9b38494dfb566152fd8e03287000090880009066070100000000ffffffff086d9e6c333550f4,884d7a1d7a0bc6434c3c3539fb45f9580354e2200518700000000000a44f0c0000000000fffff9ff
1115,1565,47787,-0.026324629,0.969861120,-0.991929801,0.083220087,0.870952625,-2.282794220,1.299274368,803ca1381f4d0d57c105cb4403287000090880008b680a0100000000ffffffff206f8e72eb34e0d7,f54ac721ea0a4817513c2d39d844fd58f889ab850518700000000000a34f0d0000000000fffff9ff
1116,1566,47788,-0.026531819,0.969827305,-0.987360100,0.114357899,0.821802712,-2.254157426,1.283174446,793c9f385b4d0e57e6d93e5303287000092050008a680b0100000000ffffffff6371ca6e2536fdc2,114f6c16620cc347423c3b39a846f3582539d4450518700000000000a44f0c0000000000fffff8ff
1117,1567,47789,-0.026472622,0.969641323,-0.982028782,0.118353721,0.822394472,-2.224378207,1.259400015,7b3c9438a14dfe5600fe2d7503287000090880009067070100000000ffffffff606e956e4436bbc2,984f8f16e90d2814453c4639e446e558395d273c0518700000000000a44f0d0000000000fffff8ff
1118,1568,47790,-0.026591017,0.969641323,-0.988731010,0.128269279,0.816409240,-2.223692752,1.254030417,773c9438494dfb568c50fd8e03287000090880009066070100000000ffffffff93729f6f5b32780e,e7502d15f20d6032433c45397847e558c5523f180518700000000000a44e0d0000000000fffff8ff
1119,1569,47791,-0.026265431,0.970503602,-0.980277063,0.114180307,0.832572748,-2.251187121,1.286064656,823cc738b84d3c57d5ccba9d0328700008245000726c1f0101000000ffffffff956bc473262f5197,0b4fe918890ce438493c3f39a546f15821dcb0270518700000000000a44f0c0000000000fffff8ff
1120,1570,47792,-0.025821451,0.970503602,-0.996271017,0.114180307,0.832572748,-2.251187121,1.270212517,913cc738e64c6c57a586fc050a0c70000520600069563d0202000000ffffffff90705f6f0f31cda7,0b4fe918890c1b4d3f3c3a39a546f158eedcb0270518700000000000a44f0c0000000000fffff8ff
1121,1571,47793,-0.026117438,0.970486695,-0.984999088,0.114239504,0.819418764,-2.226053764,1.258069275,873cc6387a4d515766c8420d0a0c7000081490006c642d0101000000ffffffff3e714171f5308013,0d4fdf15d30d5c2d463c4839a746e658368c102b0518700000000000a44e0d0000000000fffff8ff
1122,1572,47794,-0.026117438,0.970419065,-0.983475854,-0.050092369,0.997876740,-1.638314032,0.655851935,873cc2388e4d525724e9b63b0a0c7000081490006d642d0101000000ffffffff576f837349308015,5d391a3ff82b99a27d3ce838d6c1c15702beb54107283000051820005f50460802000000fffffaff
1123,1573,47795,-0.025999043,0.970402158,-0.987817070,-0.066460439,0.998028907,-1.608154004,0.622268651,8b3cc138554d5a57ba88b6340a0c7000081490006b5c350101000000ffffffff5c6eed70ec2f71a2,3437233f842d29947b3cdb38bec3a65770363c3007283000051820005653510401000000fffffaff
1124,1574,47796,-0.025969445,0.970486695,-0.990025759,-0.083834865,0.981797769,-1.593530960,0.606378492,8c3cc638384d6257067d33060a0c7000081490006a5b380101000000ffffffff73714471da301818,e934633b442e69b1803cd338e4c49c571a0ac24b031ca000051820005752520301000000fffffaff
1125,1575,47797,-0.026117438,0.970588140,-0.983018884,-0.078803089,1.003473101,-1.620492197,0.640491549,873ccc38944d53577f13be740a0c7000081490006d632d0101000000ffffffff9971616fb430f19a,93356540e22c69bd833cde3897c4b0578c0a612f07283000051820005a524c0601000000fffffaff
1126,1576,47798,-0.026117438,0.970537417,-0.982790399,-0.083390884,0.992398731,-1.593987930,0.614264265,873cc938974d57578b6bbd4b0a0c7000081490006c632e0101000000ffffffff3e714171f53048ff,f834d63d3e2ef8c8823cd438ddc49a57235a1236031ca000051820005653520301000000fffffaff
1127,1577,47799,-0.026147037,0.970588140,-0.983475854,-0.059327157,1.009813389,-1.615160879,0.633770867,863ccc388e4d5257d3e9b63b0a0c7000081490006d642d0101000000ffffffff576f8373493078fe,2538dc41282d07b2793ce038e9c2aa57bb784488072830000518200058514f0601000000fffffaff
1128,1578,47800,-0.026058241,0.970689584,-0.987817070,-0.066460439,0.998028907,-1.608154004,0.622252110,893cd238554d5a579489b6340a0c7000081490006b5c350101000000fffffffff56d7775fb2f0b53,3437233f842df9c2853cd938bec3a657a2374c3007283000051820005653510401000000fffffaff
1129,1579,47801,-0.025999043,0.970774121,-0.990939699,-0.076109609,0.989490652,-1.625975839,0.637285082,8b3cd7382c4d5d57b157ce100a0c7000081490006a5a380101000000fffffffff56d7775fb2f581b,ee352a3d9a2ca1a5803cdf386fc4b7578a2ac34b07283000051820005b524b0601000000fffffaff
1130,1580,47802,-0.025910247,0.970368343,-0.990939699,-0.059327157,1.009813389,-1.615160879,0.626358271,8e3cbf382c4d5d576854ce900a0c7000081490006a5a380101000000ffffffff916b6c664531d01e,2538dc41282d94dd873cde38e9c2aa5769794488072830000518200058514f0601000000fffffaff
1131,1581,47803,-0.025614260,0.969827305,-0.995966370,-0.072528169,1.015206860,-1.636714636,0.644064096,983c9f38ea4c5257a2fc533703287000052090006866300100000000ffffffff15702f74802ffc2c,67361b430d2cb4c0843ce6383ac4bc57913e914f07283000051820006050440a02000000fffffaff
1132,1582,47804,-0.025999043,0.970638862,-0.986293836,-0.058942374,1.005671067,-1.651185357,0.666628272,8b3ccf38694d6757bee76e6d0a0c7000081490006b58390201000000ffffffff7a6d3675822e819a,3238e7404f2b0fb1803cec38dec2cb573e52334707283000051820006350400a02000000fffffaff
1133,1583,47805,-0.025851050,0.970638862,-0.992234448,-0.189235765,0.936113880,-1.341588102,0.387213785,903ccf381b4d765785c35d4b0a0c70000814600069523f0302000000fffffffff26a43652c31819e,0027d530303bc8e9643cde38b2c9cb567d80889c0328700002000000a827250a00000000fffff9ff
1134,1584,47806,-0.025584662,0.969861120,-0.997413442,-0.062405420,0.985517405,-1.616836436,0.620713890,993ca138d74c54576020520d03287000052090006865310100000000ffffffff7a6e46770e2f5f52,bd373f3c122d49a97d3cdd3845c3b05777da9c06072830000518200058524f0501000000fffffaff
1135,1585,47807,-0.025910247,0.970706492,-0.989949597,-0.187252654,0.941135388,-1.364893578,0.409253969,8e3cd338394d6c57e08f1f580a0c70000814900069553c0202000000ffffffff916b6c66453140f7,4327fe31fe3999b1633ce6389fc9de567e861c38031ca000021400009e312a0600000000fffff9ff
1136,1586,47808,-0.025614260,0.969996379,-0.995966370,-0.187252654,0.941135388,-1.364893578,0.403815814,983ca938ea4c525713fd533703287000052090006866300100000000ffffffff846f2b72532fd99a,4327fe31fe3968e3673ce1389fc9de564a871c38031ca000021400009e312a0600000000fffff9ff
1137,1587,47809,-0.025969445,0.970588140,-0.987588585,-0.184381582,0.937770808,-1.366036004,0.411574818,8c3ccc38584d6b578983bb4d0a0c7000081490006a583a0201000000ffffffff236aa4684c305c2f,a4273731ef3941ad633ce63889c9e056d5629f14031ca000021400009e302a0600000000fffff9ff
1138,1588,47810,-0.025525464,0.969759675,-0.999317485,-0.174939603,0.944381615,-1.393149564,0.421986181,9b3c9b38be4c60573c60c52e0a0c7000052060006560370101000000ffffffff8d6cbe64aa32e80c,e328be328b38599d643cf0383cc9f6561f135e0b031ca000021400009b342b0400000000fffff9ff
1139,1589,47811,-0.025732655,0.969928750,-0.993529196,-0.163248124,0.958837472,-1.418663729,0.446959608,943ca5380a4d3d57ceb8899a032870000520900078691d0000000000ffffffffe3664767802f1991,6e2a15363c375996663cfb38ddc80a572ee30c47031ca000021460009a352d0300000000fffff9ff
1140,1590,47812,-0.025347872,0.969759675,-1.006629006,-0.169256656,0.967071393,-1.407087152,0.425539295,a13c9b385e4c6d57b90a4a420a0c700005206000625b3e0201000000ffffffff3b6979661730d196,a329fc37d43786cf6f3cf0380dc9fe56eb8b2c28031ca000021460009b342d0300000000fffff9ff
1141,1591,47813,-0.025466267,0.969827305,-1.001373850,-0.178077063,0.950147051,-1.390331581,0.418288757,9d3c9f38a34c6557e35c74050a0c7000052060006460390101000000ffffffff9968466c2130b423,79281334b038e5a9633cf03855c9f25601071d30031ca000021400009b342b0400000000fffff9ff
1142,1592,47814,-0.025466267,0.969641323,-1.002744760,-0.178077063,0.950147051,-1.390331581,0.417005546,9d3c9438914c60577ae5ae930a0c700005206000645e3a0101000000ffffffff356ceb662f319015,79281334b03888d26b3ce83855c9f256b7070d30031ca000021400009b342b0400000000fffff9ff
1143,1593,47815,-0.025584662,0.969962564,-0.994595460,-0.191100482,0.953697612,-1.388732186,0.427789427,993ca738fc4c545757e70d3503287000052090006866300100000000ffffffff7767e56a4b2e218f,c126e534c53850e0693ceb38bac9f156b87d1235031ca000021400009c332c0500000000fffff9ff
1144,1594,47816,-0.025229478,0.969894935,-1.005562743,-0.156825210,0.983843569,-1.414322513,0.429647007,a53ca3386c4c7f572d275c460a0c7000052060006353440301010000ffffffff9968466c2130cd40,472bdc3b75372f7c623c0239afc801578981e503031ca000021460009e302d0300000000fffff9ff
1145,1595,47817,-0.025407070,0.970114731,-1.002744760,-0.195066705,0.943316447,-1.362456404,0.398616365,9f3cb038914c605752e7ae130a0c700005206000645e3a0101000000fffffffff16afb69f82f2825,3b267f321e3a48e7663ce338dcc9dc563651f234031ca000021400009f2f2a0700000000fffff9ff
1146,1596,47818,-0.025466267,0.969996379,-0.997565766,-0.169256656,0.967071393,-1.407087152,0.434041470,9d3ca938d54c655762ff7e2f0a0c700005206000665e390101000000ffffffff236aa4684c30b0fa,a329fc37d437c19f633cf9380dc9fe56498b2c28031ca000021460009b342d0300000000fffff9ff
1147,1597,47819,-0.025495866,0.970047102,-0.999317485,-0.193083594,0.933290338,-1.364588932,0.403559086,9c3cac38be4c60574561c52e0a0c7000052060006560370101000000fffffffff56b5d65f330f190,7e262e30023a59a4653ce538cbc9e056ba59b443031ca000021400009f30290700000000fffff9ff
1148,1598,47820,-0.025584662,0.969911842,-0.995204754,-0.180740944,0.966327466,-1.426127574,0.458018337,993ca438f44c58575a0f9d4903287000052090006765320100000000ffffffff9c69fc6c3a2f9b52,1f28d037da36a19a6a3cf93863c91157427af251031ca0000214600098362e0300000000fffff9ff
1149,1599,47821,-0.025318274,0.970013287,-1.000612233,-0.156825210,0.983843569,-1.414322513,0.434328846,a23caa38ad4c6f57c1a7bf570a0c70000520600066583e0201000000ffffffff8363964c19353824,472bdc3b753720ea723cf438afc80157da81e583031ca000021460009e302d0300000000fffff9ff
1150,1600,47822,-0.025910247,0.970791029,-1.013331235,-0.190301318,0.943874392,-1.396424516,0.417743213,8e3cd838064c225798dc933603287000021460007c4d350000000000fffffdff396a8767882f7194,dc26a0326038619d673cee38b2c9fa56fcd9524b031ca000021460009b342c0400000000fffff9ff
1151,1601,47823,-0.025436668,0.969894935,-0.999241323,-0.175768366,1.001359671,-1.437018695,0.463938225,9e3ca338bf4c6e5774739c4d0a0c700005206000655c3b0101000000ffffffffe25bfd39b3049761,c728e83f4b362fb8703c01393fc9135775e21053031ca000021460009834300200000000fffffaff
1152,1602,47824,-0.029758076,0.971788567,-1.049736521,-0.163988091,0.991823878,-1.457430027,0.429689546,0c3c1339284a2659769d5c4d05188000070000008678010000000000fffffdff15540a40ae030775,552ab43d3f35199b6d3c0939e1c826576ac2934b031ca000021460009536320200000000fffffaff
1153,1603,47825,-0.029876470,0.971365882,-1.083323824,-0.181599306,0.979143302,-1.412951602,0.362952860,083cfa386f48305925fa484005188000070000008f70000000000000fffffeff715d113a5d065830,0228c63a873780d86d3cf6386dc90357867ec231031ca000021460009a342e0300000000fffffaff
1154,1604,47826,-0.029728477,0.971957642,-1.043034292,-0.114055117,0.935251601,-1.431687377,0.399386449,0d3c1d39804a175920028e3405187000080000008876010100000000fffffcff465ace41f603ab58,ec30a230913670e4723c5f38c9c616575b90a81d03287000021460008f39340200000000fffff9ff
1155,1605,47827,-0.029639681,0.971602586,-1.056667234,-0.143002626,0.981375083,-1.447452846,0.407013579,103c0839cd492b59fb48be330518800007000000847a010000000000fffffdffe156ce461603054c,1a2d4a3bc235898e673c0b3941c81e57374eb643031ca000021460009635310200000000fffff9ff
1156,1606,47828,-0.029580484,0.971348974,-1.071290278,-0.111568828,0.940205479,-1.451489415,0.390183790,123cf9380d493159a98c9f5d0518800007000000817d010000000000fffffeff5759f83d6003d76e,4031c7318d35c5a4703c65389fc6265718465d350328700002146000893d380200000000fffff9ff
1157,1607,47829,-0.029758076,0.971568771,-1.060703804,-0.111568828,0.940205479,-1.451489415,0.400487265,0c3c06399849315930f91a5205188000070000008579000000000000fffffdff585515445902a767,4031c7318d352cd9753c63389fc6265765475d350328700002146000893d380200000000fffff9ff
1158,1608,47830,-0.029728477,0.971281344,-1.077840183,-0.110088894,0.933002912,-1.453164973,0.385735314,0d3cf538b74838598e6d3c4e0518800007000000817d000000000000fffffeff535c743964063633,72311d3077358bb3723c663887c6295736963d090328700002146000893d370200000000fffff9ff
1159,1609,47831,-0.029669280,0.971991457,-1.047832479,-0.117370169,0.951888517,-1.478069844,0.439544952,0f3c1f39414a1759cb2c433605187000080000008876010000000000fffffcfff95c1d38c207d82b,7c307a34303454d1763c6e38eec63c5701de51330328700002146000863e3a0100000000fffff9ff
1160,1610,47832,-0.029758076,0.972092901,-1.045090658,-0.119471676,0.932901467,-1.452022547,0.418542783,0c3c2539654a0c59e18bb81c05187000080000008e6f010000000000fffffcffc04c1f2835013f73,35301730863596bc733c653816c72857f97dd2480328700002146000893c380200000000fffff9ff
1161,1611,47833,-0.024282320,0.969167915,-1.137855592,-0.119501274,0.939732071,-1.447757493,0.325533879,c53c7838a3454c590453ac530518700000000000926c010000000000fffffcfff25bd5376a062946,3430ab31be3514df743c643818c72357b71d12330328700002146000893c380100000000fffff9ff
1162,1612,47834,-0.029787674,0.971957642,-1.049508036,-0.115594249,0.942521798,-1.484695911,0.444542151,0b3c1d392b4a175979ee710c05187000080000008975010000000000fffffcff3a5c1f3d07059040,b8305032d93365ac743c6f38cfc643577d82624c0328700002146000853e3a0100000000fffff9ff
1163,1613,47835,-0.029669280,0.971788567,-1.048289449,-0.105471500,0.951076960,-1.477993682,0.436830259,0f3c13393b4a22596ea9ad3505188000070000008678010000000000fffffdff1059303f73040f56,0e324a343134b99e703c703839c63c5797a21c320328700002146000863e3a0100000000fffff9ff
1164,1614,47836,-0.029550885,0.971670215,-1.061846229,-0.076849576,0.983116549,-1.539836971,0.480461585,133c0c39894927593dd8662905188000070000008777000000000000fffffdff10563c438404dcd3,d535b13b0531919e733c8c3881c46b579542664403287000050860007944410100000000fffffaff
1165,1615,47837,-0.029462089,0.971484234,-1.074793716,-0.077915128,0.979312376,-1.503660171,0.431665858,163c0139df4827599d94dd0b05188000070000008c72000000000000fffffeff535c743964061765,b135d03ae032b8c87f3c793896c44b5706ba76800328700002146000853e3a0100000000fffff9ff
1166,1616,47838,-0.029846872,0.971974549,-1.047832479,-0.102245244,0.939951867,-1.484162779,0.443453613,093c1e39414a1759172e433605187000080000008876010000000000fffffcff275dce373a06ed4e,7b32b831e03315a5723c713804c64257c1ae2c460328700002146000863e3a0100000000fffff9ff
1167,1617,47839,-0.029758076,0.971957642,-1.044252879,-0.089073831,0.956166098,-1.513028058,0.472776797,0c3c1d39704a1959e105fd4705187000080000008876010000000000fffffcff025b763b3205ff45,383477356532c5a1723c7d383bc558571cdf0b46032870000214600082403c0100000000fffff9ff
1168,1618,47840,-0.029610082,0.971839290,-1.053468443,-0.105471500,0.951076960,-1.477993682,0.431749589,113c1639f74921596eb8432f05188000070000008777000000000000fffffdffe157023c2e04e76a,0e324a343134f6cb783c6c3839c63c5795a31c320328700002146000863e3a0100000000fffff9ff
1169,1619,47841,-0.029846872,0.971602586,-1.066949062,-0.091560120,0.964653630,-1.496348649,0.433867282,093c083946492b5977e1230505188000070000008975000000000000fffffdff10563c438404319a,e4336d374033c6c87c3c743864c54857f4bb7c260328700002146000853f3a0100000000fffff9ff
1170,1620,47842,-0.030024464,0.971467326,-1.074793716,-0.102748421,0.995983107,-1.519577963,0.451356649,033c0039df4827597b96dd0b05188000070000008c72000000000000fffffeff7f5a34392605c355,6a32aa3e0f32913c7b3c84380ec657579a37a50d0328700005086000823f3d0100000000fffffaff
1171,1621,47843,-0.029817273,0.971805475,-1.055677132,-0.091560120,0.964653630,-1.496348649,0.445033385,0a3c1439da492259cea5e20805187000080000008876000000000000fffffdff025b763b3205e76d,e4336d37403341966f3c7a3864c54857e6ba7c260328700002146000853f3a0100000000fffff9ff
1172,1622,47844,-0.029876470,0.971805475,-1.053468443,-0.104287553,0.995881662,-1.519501801,0.472550275,083c1439f7492159a5b9432f05188000070000008777000000000000fffffdff1059303f73044f7c,3632a43e1032c8d57b3c843825c657572d9341cd0328700005086000823f3d0100000000fffffaff
1173,1623,47845,-0.029935668,0.971653308,-1.061846229,-0.098219823,0.987935168,-1.540293942,0.483570097,063c0b39894927597fd9662905188000070000008777000000000000fffffdff7c5b6f52a131198f,0333ce3cff30fda9773c8a38c4c56b57cd02834d03287000050860007b43400100000000fffffaff
1174,1624,47846,-0.025407070,0.970655769,-1.049279551,-0.107632204,0.961661014,-1.514094322,0.472117199,9f3cd0382e4a555727e30a480328700005182000714e3f0100000000fffffcffd763084d1135180d,c531bc3657323da6763c7c3854c65957e3ba1251032870000214600081403c0000000000fffff9ff
1175,1625,47847,-0.025880649,0.970909381,-1.012569618,-0.111687223,0.970503602,-1.503279362,0.498155584,8f3cdf38104c2357ea6e0c3a03287000021460007d4d340000000000fffffdffdf63ee4af734a988,3c31c738e53288bf783c793895c64e57fa52612f0328700002146000833f3c0100000000fffff9ff
1176,1626,47848,-0.025880649,0.970841751,-1.012569618,-0.077915128,0.979312376,-1.503660171,0.493912208,8f3cdb38104c2657f096db4303287000021460007d4d350100000000fffffdff975d0b5522331019,b135d03ae032e98b6d3c833896c44b57b9b976000328700002146000853e3a0100000000fffff9ff
1177,1627,47849,-0.025584662,0.970520510,-1.039530855,-0.136017338,0.862414371,-1.219577081,0.237274012,993cc838ae4a3a5711e5cd8b0328700005086000784e380100000000fffffdffd461eb4ef6333829,062ece1f72419f717b3ccd3808c860561b1fc7940308a00007000000c821150100000000fffffaff
1178,1628,47850,-0.025791852,0.970706492,-1.020566595,-0.128232885,0.868078362,-1.238312856,0.261610650,923cd338a74b33575a88f4310328700002146000794e370000000000fffffdff14618b4ddf3311a8,0d2f1d217c40142a7c3cc438bdc7755648bd3e0f0308a00007000000c91c180100000000fffff9ff
1179,1629,47851,-0.025762254,0.970740307,-1.023917709,-0.130748773,0.871240052,-1.235266388,0.256106880,933cd5387b4b35574128821003287000021460007a4d380000000000fffffdffa05f09524533c82f,b82ed821a44020357c3cc438efc77456d5149d310308a00007000000c91c190100000000fffff9ff
1180,1630,47852,-0.025673458,0.970621954,-1.030467614,-0.120803616,0.900675896,-1.271138543,0.268075911,963cce38254b3b572bd4052c0328700005086000774e390000000000fffffdff4463094c2635d548,0830a528cd3e58277e3cb3384bc78c5689248c2a0328200007000000c91a1a0200000000fffff9ff
1181,1631,47853,-0.025910247,0.970807936,-1.013940528,-0.132761483,0.885493020,-1.257429439,0.279253776,8e3cd938fe4b22570508911c03287000021460007c4d350000000000fffffdff4c62cb4c7633f18a,742e2325813fa35c763cbe3806c88556931953340308a00007000000c91b1a0100000000fffff9ff
1182,1632,47854,-0.025732655,0.970824844,-1.018662553,-0.137793259,0.876751876,-1.265045608,0.286551761,943cda38c04b3d57178f4b470328700002146000794e380000000000fffffdff8363964c193520f6,ca2d1e231d3f902f783cbc382bc88e569eb9014f0308a00007000000c91a1a0200000000fffff9ff
1183,1633,47855,-0.025880649,0.970926288,-1.013331235,-0.125628201,0.885357760,-1.255068427,0.275151626,8f3ce038064c2257fcdc933603287000021460007c4d350000000000fffffdfffa6018547d32b82d,652f1b25a03f5f5d753cc0389fc783566380dc320308a00007000000c91b190100000000fffff9ff
1184,1634,47856,-0.025555063,0.970926288,-1.024755488,-0.122046761,0.878019933,-1.266035710,0.275968085,9a3ce038704b475737c3ce7003287000050860007550390100000000fffffdff355e9a4fa232719a,de2f6923103fbc2a7b3cbb383cc78856e6c8ad4a0308a00007000000c91b1a0200000000fffff9ff
1185,1635,47857,-0.025584662,0.970689584,-1.037017519,-0.130748773,0.871240052,-1.235266388,0.245463468,993cd238cf4a4757f698d3050328700005086000764d3b0100000000fffffdffd461eb4ef63340f6,b82ed821a440cf58783cc738efc7745655149d310308a00007000000c91c190100000000fffff9ff
1186,1636,47858,-0.025762254,0.970977011,-1.020566595,-0.114439900,0.910871079,-1.276546022,0.277492189,933ce338a74b3357f688f4310328700002146000794e370000000000fffffdffe05b0c58ed30c76e,df30002b863e9f776f3cb838cdc68c56590277850308a00007000000c81a1a0300000000fffff9ff
1187,1637,47859,-0.025288675,0.970774121,-1.047680155,-0.120803616,0.900675896,-1.271138543,0.252923933,a33cd738434a5c57594bdc5003287000051820006951410201000000fffffdff975d0b55223388da,0830a528cd3e4f5e723cba384bc78c563e248c2a0328200007000000c91a1a0200000000fffff9ff
1188,1638,47860,-0.025495866,0.971112270,-1.039530855,-0.133619845,0.906187720,-1.275251274,0.267338938,9c3ceb38ae4a3a5798e4cd8b0328700005086000784e380100000000fffffdff9b5e0e598c312768,572eeb29973eef52743cb5380cc8925679e141300328200007000000c91b190200000000fffff9ff
1189,1639,47861,-0.025377471,0.970926288,-1.035494286,-0.114439900,0.910871079,-1.276546022,0.263902793,a03ce038e34a525776c78d5203287000051820006f523c0100000000fffffdffa05f09524533f8f5,df30002b863e20fd7f3cad38cdc68c56e60177050308a00007000000c81a1a0300000000fffff9ff
1190,1640,47862,-0.025614260,0.971027733,-1.030467614,-0.134596601,0.872795536,-1.235418712,0.252054890,983ce638254b3b57edd4152c0328700005086000774e390000000000fffffdffd2622850cf337018,362e3422a240cf64783cc63815c874568a1d45390308a00007000000c91c190100000000fffff9ff
1191,1641,47863,-0.025732655,0.970926288,-1.016225379,-0.104080362,0.908757650,-1.303811906,0.304482041,943ce038e04b35570ddfdd3403287000021460007a4f350000000000fffffdffb75f9250fc31f18d,3d32832a203da0167a3ca6382cc6a55690bd36430328200007000000c61c180500000000fffff9ff
1192,1642,47864,-0.025555063,0.970791029,-1.030543776,-0.139569180,0.865204098,-1.237398916,0.258721603,9a3cd838244b52573cfb1a4e0328700005086000734f3c0100000000fffffdff1e5ca2531c2e01b4,8e2d73208840ae36793cc4383bc87756388e214d0308a00007000000c91d180100000000fffff9ff
1193,1643,47865,-0.027686168,0.971281344,-1.047299347,-0.127463319,0.926037049,-1.295662606,0.271453190,523cf538484a8d57f414e3080728300005188000675c270f05000000fffffdff195dbc54132f882a,272f812e8b3d1635713caa38b8c7a0566a6d81500328200007000000c61c180500000000fffff9ff
1194,1644,47866,-0.027745365,0.971196807,-1.042805807,-0.112723177,0.919747483,-1.313712925,0.288546232,503cf038834a7d57213039a207283000051880005c593b0b04000000fffffdffa65ac753b02c61be,19310d2d9e3c5c22753ca338d0c6b05624d132520328200007000000c51e160600000000fffff9ff
1195,1645,47867,-0.027626971,0.971433511,-1.054077737,-0.113611137,0.891714956,-1.285533101,0.259460808,543cfe38ef49a5574351e20a07283000051880006c5e1c1206000000fffffdff0c5c1655fc2d96bd,fb309326103ecc217b3cb138bdc69756b8749d490328200007000000c81b190300000000fffff9ff
1196,1646,47868,-0.027834161,0.971298252,-1.047603994,-0.129328036,0.898089059,-1.291473713,0.274104054,4d3cf638444a8e57085bb2330728300005188000685d250f05000000fffffdff0c5c1655fc2d00eb,e82e0c28c23d6022763cb138d2c7a2561aed12520328200007000000c81c180300000000fffff9ff
1197,1647,47869,-0.027656569,0.971281344,-1.047603994,-0.125628201,0.885357760,-1.255068427,0.244995498,533cf538444a8e572059c2330728300005188000685d250f05000000fffffdff3d5b4f56b32c1dc6,652f1b25a03fb1387e3cbb389fc78356b980dc320308a00007000000c91b190100000000fffff9ff
1198,1648,47870,-0.027834161,0.971450419,-1.051488240,-0.164668860,1.047161912,-1.816684701,0.781013181,4d3cff38114aa357f68a533607283000051880006d5f1a1206000000fffffdff8a5dc053f92da7bc,3e2a7d4ad22250f4273c3c39ccc82558db943b09071460000a0c80008741221401000000fffff9ff
1199,1649,47871,-0.027745365,0.971298252,-1.041054089,-0.160791433,1.065760091,-1.800309938,0.776591103,503cf6389a4a905727162f110728300005188000665d280f05000000fffffdff555cde56912c34ca,c12ac94ea92398032a3c3739afc81d58358aaa31071460000a0c0000873d1f1d00000000fffff9ff
1200,1650,47872,-0.027804563,0.971467326,-1.046766215,-0.161679394,1.054043238,-1.817141671,0.786269416,4e3c00394f4aa557a0aa6c3907283000051880006d5f1b1206000000fffffdff9d5810552f2b8aca,a32a144ccc22114c273c3a39b6c825580bb86f65071460000a0c80008741221401000000fffff9ff
1201,1651,47873,-0.027597372,0.971636401,-1.063293301,-0.165852808,1.038894177,-1.843874423,0.795578445,553c0a397649bd57b809d3070728500003188000705d171407000000fffffdffe75c7955ea2db3c0,162a94486d21f1ab233c4039d5c832581d902f6a071460000a0c8000824a240e01000000fffff9ff
1202,1652,47874,-0.027774964,0.971315159,-1.043872071,-0.162064177,1.013313228,-1.870378690,0.838397651,4f3cf738754a8f57306acb3c0728300005188000685d240f05000000fffffdff065abb58ae2be8f9,962aab42112048e5203c4d39b8c84058f470da04071460000a0c80007955250b01000000fffff8ff
1203,1653,47875,-0.027508576,0.971534956,-1.057048043,-0.149928718,1.034768763,-1.890485375,0.844750254,583c0439c849b257f835353307285000031880006f60151506000000fffffdff3d5b4f56b32c58ee,302ca047091fe2c61a3c49395ec848581664d499071460000a0c80007659250b00000000fffff8ff
1204,1654,47876,-0.027567773,0.971399696,-1.051488240,-0.174702813,1.050678659,-1.816303892,0.782864520,563cfc38114aa357b589433607283000051880006d5f1a1206000000fffffdffeb58815b502be00a,eb284d4bd722d0e4283c3e3916c925582586211a071460000a0c80008741221401000000fffff9ff
1205,1655,47877,-0.027419780,0.971602586,-1.061922391,-0.167569531,1.028749716,-1.840294824,0.792951065,5b3c08398849b657ff7d1b0c07285000031880006c60171506000000fffffdff065abb58ae2bbeca,dc293c469c2178ed243c4339e1c83158c734bb07071460000a0c8000814a240f01000000fffff8ff
1206,1656,47878,-0.027863760,0.971602586,-1.057048043,-0.165852808,1.038894177,-1.843874423,0.801663825,4c3c0839c849b2576d37353307285000031880006f60151506000000fffffdffc05c26545f2c55c6,162a94486d216ab92b3c4939d5c8325833912f6a071460000a0c8000824a240e01000000fffff9ff
1207,1657,47879,-0.027715767,0.971467326,-1.045014496,-0.148152797,1.001647098,-1.903585185,0.867501887,513c0039664aab578746ce4d07283000051880006d5e1b1306000000fffffdff825b3c59392bc2ce,6c2cf93f5d1e1cdd1b3c583951c850588949a407071460000a0c80007060260900000000fffff7ff
1208,1658,47880,-0.027804563,0.971636401,-1.050650461,-0.161679394,1.054043238,-1.817141671,0.782446249,4e3c0a391c4aba57dc9afe3107285000031880006f60161306000000fffffdffda56be5b38283abf,a32a144ccc22fac72c3c3e39b6c825584eb96f65071460000a0c80008741221401000000fffff9ff
1209,1659,47881,-0.027626971,0.972075994,-1.071290278,-0.157890763,1.030237570,-1.870607175,0.811947613,543c24390d49eb574eb66c4607285000031880007257210b09000000fffffdff7c5a485c1b2a24bb,232b94460e20e5a61e3c473999c83f583840af2a071460000a0c80007a54250b00000000fffff8ff
1210,1660,47882,-0.027804563,0.971822382,-1.055296324,-0.170588597,1.059605785,-1.819731168,0.782594299,4e3c1539df49cb5713cbce5007285000031880006e5f1a1107000000fffffeffeb58815b502b835a,76295d4daa2210c02a3c3f39f8c826587ba5857d071460000a0c80008741221401000000fffff9ff
1211,1661,47883,-0.027922957,0.971704030,-1.061922391,-0.168960669,1.034346077,-1.908764179,0.860788405,4a3c0e398849b6578f7f1b0c07285000031880006c60171506000000fffffdff17566c57b229f2c8,ad298747191eb0d2243c5f39ecc850581a67301d071460000a0c8000715e270800000000fffff8ff
1212,1662,47884,-0.027538175,0.971856197,-1.074489069,-0.157890763,1.030237570,-1.870607175,0.808828919,573c1739e348d4575c5aeb430728500003188000715a1d1007000000fffffdffef5a5b56842a20d0,232b94460e20c5a82b3c553999c83f585e41af2a071460000a0c80007a54250b00000000fffff8ff
1213,1663,47885,-0.027686168,0.971687123,-1.053316120,-0.176034754,1.047956562,-1.847073214,0.811094725,523c0d39f949c857e4121d4d0728500003188000705e181107000000fffffdff795042484c2d1038,be28ac4a432121a9293c483921c93358b3ad657d071460000a0c8000814a240f01000000fffff9ff
1214,1664,47886,-0.025791852,0.968322543,-1.105258390,-0.164550466,1.011859188,-1.925138942,0.832678516,923c46384f47a1574dc4d02907283000051820006d4e251905000000fffffbff2e51fd470c2e7dad,422a5542421d74da1e3c6239cbc85958260eb20c071460000a0c80006c64280600000000fffff7ff
1215,1665,47887,-0.025851050,0.968407080,-1.098860808,-0.174762010,1.039384492,-1.877994858,0.796405760,903c4b38a3479557e94798200728300005182000674d331504000000fffffbff99511b48ff2b0763,e928b148ad1fe19e273c533917c941583b3eb47b071460000a0c80007956260a00000000fffff8ff
1216,1666,47888,-0.025643859,0.968390173,-1.095814341,-0.179201813,1.020566517,-1.880051224,0.800830759,973c4a38cb47b8579baf7e4f0728500003188000724f1c1b06000000fffffbfff34fb5485d2cb0d9,53285844921f67c6233c523938c9445895c28052071460000a0c80007758260a00000000fffff8ff
1217,1667,47889,-0.025673458,0.968525433,-1.110056576,-0.149928718,1.034768763,-1.890485375,0.793030049,963c52381047b15741e480290728300005182000714f1e1b06000000fffffbff9051c3493a2c200d,302ca047091fc4c4293c5d395ec848581260d499071460000a0c80007659250b00000000fffff8ff
1218,1668,47890,-0.025673458,0.968440895,-1.096042826,-0.182013687,1.034278447,-1.842731997,0.765716377,963c4d38c847b2572adb9c38072830000518800071501c1c06000000fffffbff7c50e1462d2cb181,f42783477c21c0d4263c46394dc932585eb2e015071460000a0c8000814a240f01000000fffff9ff
1219,1669,47891,-0.025673458,0.968322543,-1.105410713,-0.098634205,0.935386860,-1.806936005,0.706077733,963c46384d47b5578c2de6400728300005188000714f1e1b06000000fffffbfff34fb5485d2c6232,f532aa305223b77f7c3cdc37bec52958213ed732071460000a0c80007b4e241001000000fffff6ff
1220,1670,47892,-0.025703056,0.968271821,-1.110056576,-0.092181692,0.921776375,-1.818969551,0.713539657,953c43381047b1571ee480290728300005182000714f1e1b06000000fffffbffdd50d146342d5f7c,cf33852db42261977f3cdb375ec52f58864f6d11071460000a0c80007853270b01000000fffff6ff
1221,1671,47893,-0.025762254,0.968356358,-1.101907276,-0.093247245,0.929148017,-1.822168342,0.724477413,933c48387b47a4577491050207283000051820006e4e251905000000fffffbfff44ed7498b2bc0da,ab33392f8a2280ee7f3ce1376ec53058d58eec79071460000a0c80007853270b01000000fffff6ff
1222,1672,47894,-0.025584662,0.968576155,-1.118739009,-0.096207113,0.910059522,-1.842503512,0.729552455,993c55389e46be575d2891260728500003188000734f1c1b06000000fffffbff654f2f48f22ad183,4733d02a7f214f6b823cd0379ac53a5893f59402071460000a0c8000735c270801000000fffff6ff
1223,1673,47895,-0.025555063,0.968271821,-1.115007086,-0.089133028,0.922773914,-1.840599470,0.729792111,9a3c4338cf46ca576d7525420728500003188000744f1d1806000000fffffbff2a4e084cee2a50eb,3634c02d9821c80c7f3cc43731c539586826ca3e071460000a0c8000745a270901000000fffff6ff
1224,1674,47896,-0.025495866,0.968609970,-1.125593560,-0.102393237,0.918124369,-1.843188968,0.723467463,9c3c57384446c757da340b86072850000318800074501c1906000000fffffbff2a4e084cee2a7185,7632ad2c7621d82f803ccb37f6c53a5872481065071460000a0c8000735b270901000000fffff6ff
1225,1675,47897,-0.025525464,0.968153469,-1.125593560,-0.102570829,0.927169847,-1.821635210,0.701491001,9b3c3c384446c757ba360b06072850000318800074501c1906000000fffffbff795042484c2d18da,7032c42e9122142c7e3cd437f9c52f580ed5d06d071460000a0c80007853270b01000000fffff6ff
1226,1676,47898,-0.025791852,0.968474710,-1.105258390,-0.093247245,0.929148017,-1.822168342,0.721149567,923c4f384f47a15759c4d02907283000051820006d4e251905000000fffffbfff44ed7498b2bae33,ab33392f8a22501b7c3cd0376ec53058058fec79071460000a0c80007853270b01000000fffff6ff
1227,1677,47899,-0.025614260,0.968221099,-1.118739009,-0.100262132,0.921539671,-1.819350360,0.706121609,983c40389e46be570b2891260728500003188000734f1c1b06000000fffffbff6151df48522dc0f9,be32772daf2217707e3cd737d7c52f58b999930a071460000a0c80007853270b01000000fffff6ff
1228,1678,47900,-0.025762254,0.968440895,-1.097337575,-0.092507278,0.921100078,-1.870911821,0.777890202,933c4d38b747a057d50e7b3c07283000051820006d4e251905000000fffffbff7d51374ccb2a701f,c4335d2d0a20882e853cbd3763c5475822642067071460000a0c80006f63260700000000fffff6ff
1229,1679,47901,-0.025495866,0.968440895,-1.096880605,-0.081230181,0.925090232,-1.858954437,0.765337912,9c3c4d38bd47c9576ebfbe30072850000318800076501f1407000000fffffcffef4ea84dc7280f66,4135492ea7205806823cb737bbc44158087e593d071460000a0c80007260250801000000fffff6ff
1230,1680,47902,-0.025259076,0.968305636,-1.119043655,-0.071640208,0.935657379,-1.876243139,0.759320866,a43c45389a46eb57865fde4c0728500003188000784e211008000000fffffbffcc4d474ac429a189,8536ba30c41fcec8843ca8372cc449581b64c31a071460000a0c00007062230901000000fffff6ff
1231,1681,47903,-0.025407070,0.968204191,-1.128792351,-0.069153919,0.912274396,-1.862686359,0.737321059,9f3c3f381a46dd570d33ec440728500003188000754f1e1707000000fffffbff88502b4f452aa35d,d936532b7620ab53883cd23707c44458af030e10071460000a0c80007062240801000000fffff6ff
1232,1682,47904,-0.025407070,0.968474710,-1.105258390,-0.052667454,0.918394888,-1.887438907,0.784256003,9f3c4f384f47d0578bfb9e50072850000318800075511f1307000000fffffcffc95176472c2d3f59,0639bd2c311f77628e3ccb3722c250585c964602071460000a0c00006d67230700000000fffff6ff
1233,1683,47905,-0.025762254,0.968390173,-1.093910299,-0.081230181,0.925090232,-1.858954437,0.768273460,933c4a38e447a457d037df1207283000051820006e4e241905000000fffffbff414a323c542f88ec,4135492ea72020fa873ce037bbc44158987e593d071460000a0c80007260250801000000fffff6ff
1234,1684,47906,-0.025170280,0.968423988,-1.159028541,-0.089133028,0.922773914,-1.840599470,0.686086069,a73c4c388d4488572fc1323603287000051820005b52500200000000fffffaff2151194a872a6769,3634c02d982180f9823ce13731c539588626ca3e071460000a0c8000745a270901000000fffff6ff
1235,1685,47907,-0.025495866,0.968373266,-1.100079395,-0.065750071,0.920745021,-1.913029234,0.815338145,9c3c49389347cf5776d78d4f072850000318800076501f1407000000fffffbff8e4a9f3b00307f79,4c37482de11df76b8f3cb337a8c35a58c8091503051c60000a0c00006d67260500000000fffff6ff
1236,1686,47908,-0.025229478,0.968373266,-1.156286720,-0.083213292,0.933036727,-1.898786999,0.745598724,a53c4938b1447d572449f7200328700005182000634e4c0200000000fffffaff304b4a3c632f65ae,fe341f309c1e9763893cab37d9c453588464a10e071460000a0c00006a68260700000000fffff6ff
1237,1687,47909,-0.025259076,0.968457803,-1.150879240,-0.083746069,0.909738281,-1.873958289,0.727813177,a43c4e38f84487573b7e6d3503287000051820005e514f0200000000fffffaff96461a3ff82beace,ec34bd2ae21f5f67873cc437e0c4495821354543071460000a0c00006e64260600000000fffff6ff
1238,1688,47910,-0.025081484,0.968897396,-1.211960912,-0.071640208,0.935657379,-1.876243139,0.666740947,aa3c6838d641c157262e8a4107283000051820005f50460802000000fffffaffce47dc41282d5809,8536ba30c41f50dc8c3ce1372cc44958c567c31a071460000a0c00007062230901000000fffff6ff
1239,1689,47911,-0.024992688,0.968728322,-1.191016449,-0.081940549,0.914387826,-1.838162296,0.651915406,ad3c5e38e942aa57b75dfb07072830000518200058514f0601000000fffffaff484bc43a4b2f73b2,2935d02bb821a751833cd937c6c43858e55ffe15071460000a0c8000745b260901000000fffff6ff
1240,1690,47912,-0.025229478,0.968457803,-1.150117623,-0.323524978,1.156924980,-1.701756716,0.654832629,a53c4e3802458a5729e29d0a03287000051820005d514f0200000000fffffaffbd493b3d712e90ec,4715d963b728f0e0433c7239beccda57625cae0d07285000060c80007e411b150c040000fffffdff
1241,1691,47913,-0.025111083,0.968525433,-1.163674403,-0.325774477,1.169267408,-1.672205982,0.623939247,a93c5238504497578efdc23403287000051820005653530301000000fffffaff6b49ff3a502edfbd,fb14b3663b2a6819473c6c39c9ccc1578a54e9a80728300005188000714b171710050000fffffdff
1242,1692,47914,-0.025170280,0.968559247,-1.166416224,-0.326040866,1.162369174,-1.702594495,0.644649156,a73c54382c449b57a0c51208031ca000051820005653530301000000fffffaffbf48233f842de0f2,f2141b65ac285998423c7039c8ccda579bec7d7507285000060c80007e401b160c040000fffffdff
1243,1693,47915,-0.025051885,0.968660692,-1.174794010,-0.132583891,0.930889482,-1.925138942,0.758951457,ab3c5a38be43a657f9c9433007283000051820005653510401000000fffffaff194ac23a4b2fbdb4,7a2ea02f421da8207a3ccf38b8c75d582021fd2c051c60000a0c00007e4f2f0400000000fffff6ff
1244,1694,47916,-0.025199879,0.968457803,-1.160399451,-0.134951785,0.912088415,-1.968931912,0.817892248,a63c4e387b448a571f7dc20903287000051820005c514f0200000000fffffafffb4ad63d3e2e74c5,2a2e482b031b300e713ccb38dcc77258d8d8bc06051c60000a0c00008448310200000000fffff6ff
1245,1695,47917,-0.025288675,0.968576155,-1.152935606,-0.129535227,0.940560535,-1.981346266,0.835413934,a33c5538dd449a5795a61d36031ca000051820005553520301000000fffffaff414a323c542fe1ab,e12edc31601a08c8713cbe388bc7765840b0b611051c60000a0c8000814d300200000000fffff6ff
1246,1696,47918,-0.025288675,0.968440895,-1.159028541,-0.162863341,0.912933786,-1.975710302,0.830046340,a33c4d388d44885735c3323603287000051820005b52500200000000fffffaff604a6540e22cdcca,7b2a7a2baa1a8813703cd438bec874586e43c249051c60000a0c80008646320100000000fffff6ff
1247,1697,47919,-0.025288675,0.968762137,-1.158266924,-0.133767838,0.931903928,-1.959792509,0.809672477,a33c60389744b057f9f66e2f07283000051820005a524b0601000000fffffaff36483f3c122d58c9,522edc2f7b1bd757753cc538cac76c588e8c9e31051c60000a0c0000824b300200000000fffff6ff
1248,1698,47920,-0.025111083,0.968711414,-1.184009574,-0.150846277,0.934203340,-1.926662176,0.754011295,a93c5d384543b0572426a306072830000518200058524f0501000000fffffaffbd493b3d712ee9b7,112c64302e1dccbb773cd73864c85d5876ab6434051c60000a0000007f4d2f0300000000fffff6ff
1249,1699,47921,-0.025347872,0.968559247,-1.163674403,-0.129535227,0.940560535,-1.981346266,0.824758273,a13c54385044975741ffc23403287000051820005653530301000000fffffaffc047e6404f2beec2,e12edc31601a9186733cec388bc7765820b1b691051c60000a0c8000814d300200000000fffff6ff
1250,1700,47922,-0.025170280,0.968981933,-1.191854227,-0.156351631,0.921319874,-2.022397415,0.842188937,a73c6d38de42cb5786ae3c4707283000051820006350400a02000000fffffaffce47dc41282df4d9,572b6a2d4518e010663cd4388dc8895859c3f208051c60000a0c80008a41340100000000fffff6ff
1251,1701,47923,-0.025407070,0.968795951,-1.191016449,-0.132583891,0.930889482,-1.925138942,0.742872537,9f3c6238e942aa57b060fb87072830000518200058514f0601000000fffffaff8c491b430d2c41b4,7a2ea02f421d3fb57a3cd738b8c75d588123fd2c051c60000a0c00007e4f2f0400000000fffff6ff
1252,1702,47924,-0.025288675,0.968914304,-1.165349960,-0.128144089,0.916112384,-2.005032551,0.847604938,a33c69383a44bc5710c39e4f07283000051820006050430a02000000fffffaffbf48233f842dbfc4,102f362c291900fd6a3cc63876c7825899aad503051c60000a0c00008646320100000000fffff6ff
1253,1703,47925,-0.025377471,0.968694507,-1.174794010,-0.153036579,0.917329720,-1.928109248,0.765780019,a03c5c38be43a6578acb433007283000051820005653510401000000fffffaff0a4b623b442e71c1,c72b7e2c1b1dd013763cd43875c85f5870b7b30d051c60000a0c8000814b300300000000fffff6ff
1254,1704,47926,-0.025229478,0.968559247,-1.152402474,-0.162271367,0.950738811,-1.996350119,0.855187508,a53c5438e4449c5793f6cd4b031ca000051820005653520301000000fffffaff054a2a3d9a2c90cd,8f2a36349b19442c6c3ce338b9c87c58e26b7115051c60000a0c80008349310100000000fffff6ff
1255,1705,47927,-0.025199879,0.968762137,-1.161313391,-0.247663560,1.090952169,-1.851490591,0.735367297,a63c60386f44b757ead6cc4b07283000051820005b524b0601000000fffffaffb058fe31fe39843b,4a1f9b540921d9854b3c973937cb3258a74ddb2f071460000a2000007457240e01000000fffffaff
1256,1706,47928,-0.028781319,0.972735384,-1.060170672,-0.261367749,1.084831678,-1.872130408,0.852021502,2d3c4b399f49de561b791338031ca000021400009d312a0600000000fffffbfff358d530303bf8f9,7b1d3153fa1f9e364d3c8f399dcb3b580ab2047d071460000a203000705d260a01000000fffffbff
1257,1707,47929,-0.028781319,0.972870643,-1.058723600,-0.162241769,0.940831054,-1.968322618,0.919895973,2d3c5339b249cb562d7d879c0328700002000000a827260a00000000fffffbffd9524a3bc235977c,902aec310b1b9997713cde38b9c86f5875a3d235051c60000a0c8000834a310200000000fffff6ff
1258,1708,47930,-0.028485332,0.972194346,-1.086827262,-0.133767838,0.931903928,-1.959792509,0.880213637,373c2b3941481e5728b2b943031ca000021460009338320200000000fffffaff75592e30023ab76e,522edc2f7b1bb9a8773ce438cac76c586d8d9e31051c60000a0c0000824b300200000000fffff6ff
1259,1709,47931,-0.028722122,0.972786106,-1.056819558,-0.254086474,1.075938367,-1.866342120,0.846614587,2f3c4e39cb49e056a1a6ab43031ca000021400009e302a0700000000fffffbffb8597f321e3a1014,711e2351462091874e3c933966cb3958f16ecb06071460000a203000715d260a01000000fffffaff
1260,1710,47932,-0.028692523,0.972819921,-1.055524809,-0.251215402,1.080537189,-1.869236264,0.850438577,303c5039dc49dc561eafed34031ca000021400009f302a0700000000fffffbffac54dc3b75371987,d21e33522020ecc94f3c953951cb3a58f8973f64071460000a203000715d260a01000000fffffaff
1261,1711,47933,-0.028662924,0.972278883,-1.078449477,-0.263439657,1.057593800,-1.901909628,0.860514596,313c3039af480157457eea03031ca0000214600097362f0300000000fffffbff7a571334b0389045,351de64c731e1f78533c8b39accb4a58b62e8a02071460000a2030006b642a0501000000fffffaff
1262,1712,47934,-0.028722122,0.972583217,-1.065806637,-0.259799019,1.069462819,-1.903204376,0.874080754,2f3c42395549f25693f80230031ca0000214000099362c0400000000fffffbff0f57be328b383f69,b01da44f621e142e543c8f3991cb4a58e193bf69071460000a2030006b64290501000000fffffaff
1263,1713,47935,-0.028692523,0.972600124,-1.067710679,-0.251215402,1.080537189,-1.869236264,0.838814703,303c43393c49f6568aec510b031ca0000214000099352c0500000000fffffbff4f56fc37d4378b4f,d21e335220206d4b4b3c8f3951cb3a580b973f64071460000a203000715d260a01000000fffffaff
1264,1714,47936,-0.028692523,0.972431050,-1.071290278,-0.263558051,1.076191978,-1.868093839,0.837152353,303c39390d49fe5649742328031ca0000214600097372d0300000000fffffbff4e583731ef394f58,311d32512f20576b4e3c9039adcb3a58461d6215071460000a203000705e260a01000000fffffaff
1265,1715,47937,-0.028751720,0.972735384,-1.061846229,-0.249409882,1.047533876,-1.977918990,0.945237612,2e3c4b398949e056679c9014031ca000021400009d312a0600000000fffffbff1759a0326038976d,0f1f934a8d1abf6a5f3c793943cb6d58ec35b406051c60000a203000715c2f0201000000fffff9ff
1266,1716,47938,-0.028633326,0.972650847,-1.058723600,-0.276640668,1.065455757,-1.903585185,0.885387763,323c4639b249fa569f265d4b031ca0000214600099362c0400000000fffffbffb058fe31fe39b812,771bb74e5d1e5754513c873907cc4a58b86c5019071460000a2030006a642a0501000000fffffaff
1267,1717,47939,-0.028662924,0.972853736,-1.060170672,-0.272141669,1.063798828,-1.989952537,0.965425930,313c52399f49de56b2781338031ca000021400009d312a0600000000fffffbfff157c63a8737e01c,0f1c554eef19df605c3c6e39edcb7158fb8c010e051c600008283000725a300201000000fffffaff
1268,1718,47940,-0.028426135,0.972600124,-1.063978756,-0.269507386,1.075667848,-1.906174682,0.882064115,393c43396d490357f781cd31031ca0000214600096372e0300000000fffffbff855515363c37f771,681c13513b1e9c244f3c8439d9cb4b58d631267f071460000a2030006b642a0501000000fffffaff
1269,1719,47941,-0.028603727,0.972431050,-1.074946039,-0.259976611,1.050644844,-1.941209058,0.900034681,333c3939dd480a57c21c0347031ca0000214600096382e0300000000fffffaff7a571334b0382820,aa1d4b4b6f1cdf72593c823992cb5c58a42aba01051c60000a2030006b642c0301000000fffffaff
1270,1720,47942,-0.028514931,0.972786106,-1.065806637,-0.248166738,1.074027827,-1.951947855,0.918554877,363c4e395549f2564ef80230031ca0000214000099362c0400000000fffffbff9e55b43d3f353f71,391fb250e21be81b503c70393acb5f5888130792051c60000a2030006a652c0301000000fffffaff
1271,1721,47943,-0.028337339,0.972278883,-1.074641392,-0.271253708,1.077865814,-1.939228854,0.904250210,3c3c3039e14826572e3e9c4b031ca000021460009239330200000000fffffbffac54dc3b7537da34,2d1c9551891cc01c523c7939e6cb59584741653d051c60000a20300069662c0301000000fffffbff
1272,1722,47944,-0.028278142,0.972667754,-1.078449477,-0.248166738,1.074027827,-1.951947855,0.906434927,3e3c4739af480157a37eea83031ca0000214600097362f0300000000fffffbff2b57e83f4b36b756,391fb250e21bd7495e3c88393acb5f58c1130712051c60000a2030006a652c0301000000fffffaff
1273,1723,47945,-0.028278142,0.972431050,-1.067482194,-0.254974434,1.065421942,-1.935649255,0.902082347,3e3c39393f491357a81e1f53031ca000021460009436320200000000fffffbff4f56fc37d43768df,531eb54eb81c102f593c88396dcb5958cc939f25051c60000a20300069672c0301000000fffffaff
1274,1724,47946,-0.028396536,0.972701569,-1.071290278,-0.259799019,1.069462819,-1.903204376,0.868902132,3a3c49390d49fe5643742328031ca0000214600097372d0300000000fffffbff3159e534c5385818,b01da44f621ecd3c4d3c833991cb4a58ea92bf69071460000a2030006b64290501000000fffffaff
1275,1725,47947,-0.028574128,0.972718476,-1.058114306,-0.272260063,1.083884861,-1.972130702,0.952453029,343c4a39ba49f156a3821d35031ca000021400009a342c0500000000fffffbffd457d037da36976c,0b1cf952d91a4354563c6d39eecb685844a4401a051c6000082830006d602e0202000000fffffbff
1276,1726,47948,-0.028485332,0.972498680,-1.064740373,-0.278890168,1.061195083,-1.946464214,0.920872720,373c3d39634911576386fd51031ca0000214600095392f0300000000fffffbffb34ec7318d352947,2b1bbb4d2a1c1b51563c7b390fcc5e589e889014051c60000a2030006b632d0201000000fffffaff
1277,1727,47949,-0.025051885,0.971365882,-1.118662847,-0.121839570,0.832150062,-1.988733950,0.886438167,ab3cfa389f46265743b952350328700002146000883d390200000000fffff9ff074fa2309136bb4e,e52fd018ff19cacf1c3c683918c77e58ee6ebe32051870000a0000009238350000000000fffff6ff
1278,1728,47950,-0.025022287,0.971501141,-1.115464056,-0.134448608,0.834195862,-1.992085064,0.894030901,ac3c0239c9461657ef6fa71d03287000021460008d3a360200000000fffff9ff1e4ab13b0431d778,3b2e4919d319b4d31b3c6b39d4c77f585a3a1233051870000a0000009238340000000000fffff6ff
1279,1729,47951,-0.024755899,0.970791029,-1.159942481,-0.254974434,1.065421942,-1.935649255,0.814663478,b53cd83881446b57ffdd794403287000050860007944410100000000fffffaffbe4f17308635f359,531eb54eb81ce42c4e3c77396dcb59584b929f25051c60000a20300069672c0301000000fffffaff
1280,1730,47952,-0.024963089,0.971399696,-1.109599606,-0.121839570,0.832150062,-1.988733950,0.895350606,ae3cfc3816472857b482dd480328700002146000883d390200000000fffff9ffbf4fab31be35f816,e52fd018ff1985a1183c673918c77e58e56cbe32051870000a0000009238350000000000fffff6ff
1281,1731,47953,-0.024963089,0.971433511,-1.109447283,-0.123378701,0.831507580,-1.975253331,0.882544624,ae3cfe3818472357efe21d330328700002146000893c380200000000fffff9ff424ad03ae0323981,b12faa18b01a80161a3c64392fc778588ad0892205187000000000009238340000000000fffff6ff
1282,1732,47954,-0.024963089,0.970875566,-1.158343085,-0.124562649,0.834753807,-2.021407313,0.879391305,ae3cdd3896444b575b6e89000328700002146000853e3b0100000000fffffaffe44d4a343134bb4f,892f6a195218c195143c6f3940c78d5860f59c37051870000a0000009339320000000000fffff6ff
1283,1733,47955,-0.024992688,0.971196807,-1.126431339,-0.118820505,0.825775959,-2.023768326,0.913873377,ad3cf03839463c57df5c13320328700002146000853f3a0100000000fffff9ff784db831e033676f,4b3057173318a8d1153c7239ebc68f58e2582e0d051870000a0000009339330000000000fffff6ff
1284,1734,47956,-0.024933491,0.971213715,-1.130467908,-0.121987563,0.826502979,-1.995664663,0.882567910,af3cf13804464257dd5023460328700002146000853f3a0100000000fffff9ff0f4c6d3740338758,e02f8217a41914db183c6a391ac78158d90c4e0b05187000000000009439320000000000fffff5ff
1285,1735,47957,-0.024963089,0.971010825,-1.142653778,-0.132761483,0.825167292,-1.994598400,0.871034137,ae3ce53864454857704473260328700002146000843f3b0100000000fffffaff804e1d3077351762,742e3317b21994df193c6b39bbc7815830868306051870000a0000009339330000000000fffff6ff
1286,1736,47958,-0.025022287,0.971365882,-1.120490727,-0.133827036,0.826418442,-2.026662470,0.924118748,ac3cfa3887462957146932090328700002146000883d380200000000fffff9ff3a4f5132d9331f65,502e7d170d1812cf183c7439cac79058b20a4347051870000a0000009439320000000000fffff6ff
1287,1737,47959,-0.024874293,0.971264437,-1.115007086,-0.124562649,0.834753807,-2.021407313,0.922027273,b13cf438cf464357467e6d4c0328700002146000843f3b0100000000fffffaffb34ec7318d356818,892f6a195218f1c41d3c743940c78d58c7f69c37051870000a0000009339320000000000fffff6ff
1288,1738,47960,-0.024933491,0.971467326,-1.118662847,-0.138059647,0.839690778,-2.021254990,0.919149151,af3c00399f46265783b852350328700002146000883d390200000000fffff9fff04cce3cff30f766,c12d8e1a541807bb1a3c743905c88c58be0a6234051870000a0000009339330000000000fffff6ff
1289,1739,47961,-0.024637504,0.970892473,-1.135342256,-0.093306442,0.843275154,-2.095055664,0.970593338,b93cde38c4456b57e0fd8c4d03287000050860007a43400100000000fffffaffbb4b773565325f72,a933621b8b14c3c50e3c8c396ec5ae58facd4501051870000a000000953b300000000000fffff6ff
1290,1740,47962,-0.024874293,0.971010825,-1.145776407,-0.108786552,0.831321598,-2.057203306,0.925879765,b13ce5383b455857de200446032870000214600081403c0100000000fffffaffe44d4a343134c81f,9e319f187c163fc7123c7d3955c69d585d65fd08051870000a000000943a310000000000fffff6ff
1291,1741,47963,-0.024785497,0.971365882,-1.126431339,-0.134271016,0.851001852,-2.053090575,0.940835755,b43cfa3839463c575f5c13320328700002146000853f3a0100000000fffff9ff894daa3e0f32ecdc,412e2b1db216e5b21a3c8139d1c79a58249f1132051870000a000000943a310000000000fffff6ff
1292,1742,47964,-0.024578307,0.971027733,-1.129706291,-0.108964144,0.853335078,-2.115466996,0.996341657,bb3ce6380e46575768c8aa0d0328700005086000813f3d0100000000fffffaff0f4c6d374033c8de,9831b51d7f131ecd123c963958c6b658be962346051870000a000000963c2d0000000000fffff6ff
1293,1743,47965,-0.024667103,0.971298252,-1.142653778,-0.102807619,0.861112498,-2.065657253,0.932835599,b83cf63864454857454473260328700002146000843f3b0100000000fffffaffb74ec738e5324c29,6832811f0d16d98b0c3c7f39fcc59f58de5c9610051870000a0000009339320000000000fffff6ff
1294,1744,47966,-0.024726300,0.971162992,-1.119424464,-0.116866992,0.845033528,-2.048901682,0.942510715,b63cee3895464e5737ae6e2f032870000214600082403c0100000000fffffaff424ad03ae032942a,8d30ca1be916998d103c7839cec69958b3797c32051870000a0000009439320000000000fffff6ff
1295,1745,47967,-0.024519109,0.971264437,-1.158343085,-0.102807619,0.861112498,-2.065657253,0.917323029,bd3cf43896444b57e46d89800328700002146000853e3b0100000000fffffaff774f7a3430340821,6832811f0d1629421f3c8b39fcc59f58bb5f9610051870000a0000009339320000000000fffff6ff
1296,1746,47968,-0.024844695,0.971315159,-1.112646074,-0.126101780,0.868923733,-2.084773836,0.982735666,b23cf738ee463c57a4225e330328700002146000853e3b0100000000fffffaffbd4da43e10326f4c,552f4f2112159cd9193c903957c7a75836fff010051870000a000000953b2f0000000000fffff6ff
1297,1747,47969,-0.024578307,0.971027733,-1.127954573,-0.127581714,0.833671731,-2.066190385,0.953814873,bb3ce63825465757356e4e4d0328700005086000823f3d0100000000fffffaffed51ce1f72414f7a,232f2a1906164bc6163c82396dc7a15803273349051870000a000000953a300000000000fffff6ff
1298,1748,47970,-0.024252721,0.969506064,-1.091168478,-0.266429123,0.942859946,-2.005489521,0.946225340,c63c8c3808486056d1e2c8940308a00007000000c820160100000000fffffaff2e4ebd365732e769,d01c643223199cd3483cb638c2cb7d58abae7d36051870000a2000009a3f270000000000fffff8ff
1299,1749,47971,-0.024785497,0.971078455,-1.124374973,-0.275338326,0.947019175,-2.003661640,0.914604074,b43ce93854465957f0451d51032870000214600081413d0100000000fffffaffb54d832a203d1802,a31b5a333b19b8e4463cb73802cc7c5813cd4238051870000a200000993f270000000000fffff8ff
1300,1750,47972,-0.024755899,0.969793490,-1.127421441,-0.116866992,0.845033528,-2.048901682,0.934438514,b53c9d382c46a5568c4939430328200007000000c61c180500000000fffff9ffbc513422a2404984,8d30ca1be91641b01e3c8039cec69958227b7c32051870000a0000009439320000000000fffff6ff
1301,1751,47973,-0.024400714,0.969489156,-1.090178376,-0.267405880,0.949115697,-1.979899194,0.922534402,c13c8b381548745663e14a390308a00007000000c91c190100000000fffffaff3a51d821a4404771,af1cd633731a281b443cb038c9cb715882f4782a0518700000000000973d2b0000000000fffff8ff
1302,1752,47974,-0.024400714,0.969455341,-1.093072520,-0.264860393,0.936942344,-2.001833760,0.940598184,c13c8938ef477456feea92310308a00007000000c91c190100000000fffffaffeb4fa528cd3e95a2,051d063153191bbc433cb838b6cb7b5809d18d0d051870000a0000009a3f260000000000fffff8ff
1303,1753,47975,-0.024548708,0.969827305,-1.105563037,-0.259473434,0.940273109,-2.034964093,0.959087796,bc3c9f384b478c56c4db832a0328200007000000c91b190200000000fffffaff65527320884058e4,bb1dcb31a017919a413cc3388ecb8a58f7ddeb39051870000a2000009a3f260000000000fffff7ff
1304,1754,47976,-0.024400714,0.969539879,-1.087284232,-0.253405704,0.932411151,-2.033212375,0.973961949,c13c8e383b48775683702e4d0308a00007000000c91c180100000000fffffaff8d501b25a03f2199,881efa2fb717c1a9433cc43860cb8a5880050e10051870000a2000009a3f260000000000fffff7ff
1305,1755,47977,-0.024430313,0.969725860,-1.099165455,-0.266429123,0.942859946,-2.005489521,0.938460715,c03c99389f4783568a7fd3320308a00007000000c91b1a0100000000fffffaff28521e231d3fa0e7,d01c64322319b5a7423cb838c2cb7d5847ad7d36051870000a2000009a3f270000000000fffff8ff
1306,1756,47978,-0.024519109,0.969556786,-1.088502819,-0.274213576,0.935606657,-2.004118611,0.949659000,bd3c8f382b488e56b3440e4f0308a00007000000c91a1a0200000000fffffaff3a51d821a440e1a3,c91bb7303519f1b7453cb938fccb7c5824dde208051870000a2000009a3f260000000000fffff8ff
1307,1757,47979,-0.024341517,0.969624416,-1.093072520,-0.233189805,0.934981082,-2.065504930,0.995209806,c33c9338ef477456abeb92310308a00007000000c91c190100000000fffffaff7f512325813f798d,332192300f168999423cd338caca995830bafc08051870000a2000009a3f260000000000fffff7ff
1308,1758,47980,-0.024519109,0.969489156,-1.091320801,-0.224990971,0.964738167,-2.072054835,1.001024866,bd3c8b380648855616e55c340308a00007000000c91a1a0100000000fffffaffe6501d217c40081f,48227237b915277b3d3cda388dca9b581d5a2514051870000a203000983d2a0000000000fffff8ff
1309,1759,47981,-0.024371116,0.969607508,-1.096880605,-0.243401350,0.949893439,-2.059411995,0.987334576,c23c9238bd477556b343410f0308a00007000000c91c190100000000fffffaffda4e0d2d9f3c68ef,da1f04345f1648bc4e3cca3816cb955875ffba33051870000a200000993f270000000000fffff7ff
1310,1760,47982,-0.024874293,0.969692046,-1.114930924,-0.259473434,0.940273109,-2.034964093,0.949928030,b13c9738d046b056e72c3d520328200007000000c51e160600000000fffffafff84e9326103ec013,bb1dcb31a017d5c34b3cc0388ecb8a58d1deeb39051870000a2000009a3f260000000000fffff7ff
1311,1761,47983,-0.024607905,0.969742768,-1.116377996,-0.243401350,0.949893439,-2.059411995,0.968285954,ba3c9a38bd4697560e8b92490328200007000000c81b190300000000fffffaff15506923103f0814,da1f04345f16398e3f3ccf3816cb955864feba33051870000a200000993f270000000000fffff7ff
1312,1762,47984,-0.024489511,0.969675138,-1.106705462,-0.239642318,0.973732922,-2.092009196,1.008528951,be3c96383c4788565f37a24a0308a00007000000c91a1a0200000000fffffaff144f002b863ea180,59208639b31462c64e3cdb38facaa2587c3e601805187000082800009840260000000000fffff8ff
1313,1763,47985,-0.024696701,0.969353897,-1.115159409,-0.254826441,0.936587288,-2.080965752,0.993385745,b73c8338cd468c5623fe78850328200007000000c81a1a0300000000fffffaffeb4fa528cd3e0f76,581ef1304415d197473cd2386bcba0581b4e134c05187000082800009b40240000000000fffff8ff
1314,1764,47986,-0.024637504,0.969404619,-1.105563037,-0.208741295,0.944533782,-2.095436472,1.007155491,b93c86384b478c56adda832a0328200007000000c91b190200000000fffffaff9c51eb29973e5998,6d24c73286140993433ce33814caa6583911b502051870000a2000009a40250000000000fffff7ff
1315,1765,47987,-0.024667103,0.969489156,-1.090863831,-0.270158557,0.930754223,-2.039838441,0.980978725,b83c8b380c489256291d4e300328200007000000c91b190200000000fffffaff144f002b863e300d,521c982f601739a2463cc438ddcb8d58a2194347051870000a2000009b3f250000000000fffff8ff
1316,1766,47988,-0.024607905,0.969894935,-1.115159409,-0.273236820,0.944516875,-2.037096621,0.955211288,ba3ca338cd468c567dfe78050328200007000000c81a1a0300000000fffffaff8d501b25a03f8774,ea1bc6328417fecf483cc138f4cb8b5838f1b174051870000a2000009a3f260000000000fffff8ff
1317,1767,47989,-0.024519109,0.969438434,-1.099165455,-0.259266243,0.955523615,-2.069846146,0.998759652,bd3c88389f478356f57ed3320308a00007000000c91b1a0100000000fffffaffcc50812e8b3df8e3,c21d5135d6153cbb4b3cce388ccb995808eec17405187000082800009a3f260000000000fffff8ff
1318,1768,47990,-0.024844695,0.969522971,-1.097261413,-0.224990971,0.964738167,-2.072054835,0.995140011,b23c8d38b847a056c4908e500328200007000000c61c180500000000fffffaff3255b34ea42330eb,48227237b9155e35523cd3388dca9b58da5b2514051870000a203000983d2a0000000000fffff8ff
1319,1769,47991,-0.027567773,0.970266898,-1.078449477,-0.344984021,1.123684963,-1.960554126,0.949946730,563cb938af481d58e17aa531071460000a0c0000744e1f1d00000000fffffaff0b510c28c23d68f0,72122b5c711bc01c6d3c763806cd6158df1a9d38051c60000828c0006f5e280801000000fffffcff
1320,1770,47992,-0.024696701,0.969607508,-1.095281209,-0.346463955,1.109871589,-1.962762815,0.935805810,b73c9238d247a256f5101d520328200007000000c81c180300000000fffffaff8753f83f5d1eec32,4012fa58541b3c456c3c72380bcd63581c279c08051c60000828c000715e290701000000fffffcff
1321,1771,47993,-0.027834161,0.969573693,-1.085608675,-0.222919063,0.952277388,-2.118056493,1.050859543,4d3c903851485058ceb6ab07071460000a0c80006f61260900000000fffff7ff7c56474da522e01f,8e2291345d1375a5483ce6387dcaaf58c5bde24805187000082800009b42220000000000fffff8ff
1322,1772,47994,-0.027538175,0.970148546,-1.072889673,-0.347588705,1.122822684,-1.946464214,0.942801258,573cb238f8482658bc568a7d071460000a0c80007255231401000000fffffaff5055ef4bc3228832,1a12f85b2a1c41946b3c793810cd5a584f2fb929051c60000828c0006f60270800000000fffffcff
1323,1773,47995,-0.027478977,0.970182361,-1.077916345,-0.359901756,1.112864205,-1.997264059,0.987959124,593cb438b6482558c2413065071460000a0c00007257231300000000fffffaffcf5484460a20d75a,7a10ab598f19435c673c6a383dcd7258fcc6e277051c60000828c00075532c0b01000000fffffcff
1324,1774,47996,-0.027804563,0.969894935,-1.080125034,-0.341432179,1.110328089,-1.998634969,0.980685604,4e3ca33899483f5883bf902a071460000a0c8000705d260b00000000fffff8ff0757374bd2225421,ea1215597d19294e643c6c38f9cc72585ed57e70051c60000828c00076532d0801000000fffffcff
1325,1775,47997,-0.027567773,0.970131639,-1.070604823,-0.362269650,1.101417871,-1.995588502,0.992399228,563cb13816492558ac7a2e1a071460000a0c80007156231401000000fffffaffdd55834869212352,2a100657a5195a38693c693846cd7258ce52f10e051c60000828c00076532c0901000000fffffcff
1326,1776,47998,-0.027715767,0.970047102,-1.075555332,-0.344984021,1.123684963,-1.960554126,0.952620912,513cac38d5483258c36f206a071460000a0c8000705b250e01000000fffff9ffff57754778215633,72122b5c711b9763683c773806cd615809199d38051c60000828c0006f5e280801000000fffffcff
1327,1777,47999,-0.027597372,0.969979472,-1.066415930,-0.344658435,1.097410809,-1.994903046,0.989370906,553ca8384d493258694eef15071460000a0c8000705a250f01000000fffff9ff5055ef4bc3229d48,7d121956ae1962346c3c683805cd715859fa6b05051c60000828300076542d0701000000fffffcff
1328,1778,48000,-0.027626971,0.970199269,-1.077916345,-0.336104417,1.090867632,-2.034887932,1.012676556,543cb538b6482558f4433065071460000a0c00007257231300000000fffffaff3557a14a4121da35,9e139654a1170c266b3c5938e5cc8358057afb03051c6000082830007c48330800000000fffffcff
1329,1779,48001,-0.027508576,0.969979472,-1.069767044,-0.340277831,1.110159015,-2.020264888,1.010406385,583ca83821493358a0527a7d071460000a0c8000715a240f01000000fffff9ffb555664acc225817,11130b596118fb49623c6538f4cc7c58d1dc5d33051c60000828c000794c300900000000fffffcff
1330,1780,48002,-0.027626971,0.970148546,-1.076240788,-0.341432179,1.110328089,-1.998634969,0.984344980,543cb238cc48255859732409071460000a0c80007156231401000000fffff9ffb0555542421dcc32,ea1215597d19d0336e3c6738f9cc7258bbd67e70051c60000828c00076532d0801000000fffffcff
1331,1781,48003,-0.027686168,0.969455341,-1.076316949,-0.357356269,1.112695130,-1.962458168,0.956266842,523c8938cb48595867f2bd0c071460000a0c80006b65280600000000fffff7ff5c559f420d20682b,d010a159581bf1486a3c723834cd62582e77c113051c60000828c000705e280801000000fffffcff
1332,1782,48004,-0.027745365,0.969810398,-1.077764021,-0.353419645,1.121537719,-1.958345437,0.951056542,503c9e38b84840580793c504071460000a0c8000705e260b01000000fffff8ff16562c469721101f,5511ac5b8e1b2767693c753825cd6058f5664236051c60000828c0006f5f280801000000fffffcff
1333,1783,48005,-0.027686168,0.970013287,-1.074641392,-0.340277831,1.110159015,-2.020264888,1.005762481,523caa38e14831584bcfb407071460000a0c8000715a240f01000000fffff9ffc3539a47071f3035,11130b596118a4246f3c5f38f4cc7c581dde6d33051c60000828c000794c300900000000fffffcff
1334,1784,48006,-0.027390181,0.969641323,-1.084618573,-0.322577820,1.094316749,-2.060249773,1.026906005,5c3c94385e484858e19feb99071460000a0c8000725c250b00000000fffff8ffcf5484460a202b50,67156255541688226b3c4e38b2cc8e58a612b502051c6000082800007d41360b00000000fffffcff
1335,1785,48007,-0.027390181,0.969810398,-1.080125034,-0.354248408,1.116245692,-2.034278638,1.019160781,5c3c9e3899483f58debd902a071460000a0c8000705d260b00000000fffff8ff0957a748ab1f3d48,3911735aa9173352643c5e3828cd815857122339051c60000828c0007746311000000000fffffcff
1336,1786,48008,-0.027508576,0.969776583,-1.070528661,-0.341076995,1.105205137,-2.074948979,1.060908206,583c9c38174941583dc2bb7b071460000a0c8000705e260a00000000fffff9ffc3539a47071fe806,f612e6579315a01f663c4c38f7cc945829a2d24a051c600008280000793d371300000000fffffcff
1337,1787,48009,-0.027922957,0.969810398,-1.084618573,-0.329503911,1.115383412,-2.036791974,1.009344718,4a3c9e385e484858cb9deb99071460000a0c8000725c250b00000000fffff8ffdd5583486921053e,7d14405a8817d0fb703c5738cccc8258866ad514051c60000828c0007947320c00000000fffffcff
1338,1788,48010,-0.027449379,0.969996379,-1.075555332,-0.329503911,1.115383412,-2.036791974,1.018012874,5a3ca938d5483258036e206a071460000a0c8000705b250e01000000fffff9ff46568447181e4c2c,7d14405a8817676f5f3c5f38cccc8258f76ad594051c60000828c0007947320c00000000fffffcff
1339,1789,48011,-0.027538175,0.969573693,-1.073803614,-0.357149079,1.096413270,-2.038543693,1.027353418,573c9038ec48505865993f1d071460000a0c80006f61270800000000fffff8fffd4ca1305023202b,d710de557117c429673c5b3833cd8558549ec14d051c60000828c0007a46320d00000000fffffcff
1340,1790,48012,-0.025199879,0.964805797,-1.135799226,-0.348654257,1.121554626,-2.058345731,0.990093422,a63c7637be45295884c0d832071460000a0c80007b4e241001000000fffff6ff9f575144901f9344,f611ad5b6d160c40623c543813cd8c585102c060051c60000828c000753f341600000000fffffcff
1341,1791,48013,-0.027626971,0.969759675,-1.068015326,-0.306949717,1.000615744,-2.174111494,1.141237060,543c9b3838494458243e9f52071460000a0c80006f5f260900000000fffff8ffca4acc2bb721e8e5,7717bc3f7d10999f633c743878ccc058e7a26c2e0518700008000000915d0d0400000000fffffaff
1342,1792,48014,-0.025288675,0.965211575,-1.154687324,-0.325360096,0.994444530,-2.127424380,1.018388336,a33c8e37c644385829a3e115071460000a0c8000745b260901000000fffff6ff234c812db322d0ed,09154f3ee21278ff5e3c6338bcccab58c0c9f79e05187000080000008f59120400000000fffffaff
1343,1793,48015,-0.025259076,0.964991779,-1.143110748,-0.320417116,0.996591775,-2.151643797,1.051311437,a43c81375e452f584fb26211071460000a0c80007854270b01000000fffff6ff484c352f8922c4c7,b015ce3ea411cbb9613c6a38aaccb5580e738e2e0518700008000000915d0d0400000000fffffaff
1344,1794,48016,-0.025199879,0.965008686,-1.141892161,-0.306949717,1.000615744,-2.174111494,1.070573484,a63c82376e4530588171e379071460000a0c80007854270b01000000fffff6ffbc4bbd2d9821498e,7717bc3f7d10598c593c733878ccc05897a16c2e0518700008000000915d0d0400000000fffffaff
1345,1795,48017,-0.025407070,0.964839612,-1.146538024,-0.303989849,0.991265933,-2.174416141,1.065288758,9f3c78373145395879d6c53e071460000a0c8000745a270901000000fffff6ff484c352f8922f18e,db17933d791025a15b3c75386dccc05899bd9b070518700008000000925d0d0300000000fffffaff
1346,1796,48018,-0.025288675,0.964771982,-1.141892161,-0.319351564,0.991739341,-2.151567635,1.051971855,a33c74376e453058ed72e379071460000a0c80007854270b01000000fffff6ff834dc12e9022435c,d415af3da511b3b55c3c6b38a6ccb65878c1fd0b0518700008000000915d0d0300000000fffffaff
1347,1797,48019,-0.025288675,0.964873427,-1.131305687,-0.329711102,0.989659726,-2.153928647,1.067260556,a33c7a37f9452f583928df6d071460000a0c80007754270b01000000fffff6ff6d49ba30c31f0014,7614343d86111fbf5e3c6c38ccccb758420ed24a0518700008000000905e0d0400000000fffffaff
1348,1798,48020,-0.025318274,0.965837150,-1.166416224,-0.320417116,0.996591775,-2.151643797,1.028932721,a23cb3372c444958de96cc1a071460000a0c00007062230901000000fffff6ff344d732dae22d0eb,b015ce3ea411099c5b3c6a38aaccb55836718e2e0518700008000000915d0d0400000000fffffaff
1349,1799,48021,-0.025259076,0.964924149,-1.133895184,-0.315770123,1.009052554,-2.176244021,1.082975107,a43c7d37d7452f5898649c0a071460000a0c80007754280b01000000fffff6ffec46be2c311fe000,4d16af41611083b6613c743898ccc05846da443d05187000080000008f5d0d0600000000fffffaff
1350,1800,48022,-0.025495866,0.965837150,-1.206172624,-0.317901228,0.993802048,-2.184545645,1.021516862,9c3cb33722425058ac490902071460000a0c00006d67230700000000fffff6ffbc4bbd2d9821fac8,0516293ef40fd1a25e3c7538a0ccc558744e82500518700008000000905e0c0500000000fffffaff
1351,1801,48023,-0.025229478,0.965245390,-1.146538024,-0.281287661,0.994393808,-2.193761209,1.078467349,a53c903731453958fdd5c53e071460000a0c8000745a270901000000fffff6ff1a49522b752028e9,da1a4c3e7b0f79985a3c803818ccca58f885da020518700008000000945c0d0300000000fffffaff
1352,1802,48024,-0.025407070,0.965499002,-1.169234206,-0.283833147,1.008274812,-2.189267670,1.053129657,9f3c9f370744445867030210071460000a0c80007062240801000000fffff6ff7c4dab2c76214db8,841a8141b60f3196653c7f3822ccc7585703ca270518700008000000925c0d0300000000fffffbff
1353,1803,48025,-0.025377471,0.964991779,-1.131534172,-0.326840030,1.002458654,-2.150044401,1.062848309,a03c8137f6453a580db41f65071460000a0c8000735b270901000000fffff6ffac4ccf2a7f21a8f7,d7142940b9118cd0603c6b38c2ccb55832eed43c05187000080000008f5d0e0500000000fffffaff
1354,1804,48026,-0.025347872,0.965093223,-1.138541047,-0.283833147,1.008274812,-2.189267670,1.082915381,a13c87379a453a5838099b02071460000a0c8000735c270801000000fffff6ffa7484a2de21d30f5,841a8141b60f3982573c7d3822ccc758ba01ca270518700008000000925c0d0300000000fffffbff
1355,1805,48027,-0.025673458,0.965769521,-1.176469567,-0.253228112,1.001224412,-2.207241828,1.056186359,963caf37a8435a5828e10a03051c60000a0c00006c67260500000000fffff6ff6d49ba30c31fe18e,8e1ee03fca0e1195583c8d385fcbd0585d096444051870000800000097580e0200000000fffffbff
1356,1806,48028,-0.025643859,0.965042501,-1.166416224,-0.259591828,1.019484441,-2.231765891,1.092092253,973c84372c444958e596cc1a071460000a0c00007062230901000000fffff6ffb14a482ea720d191,b71d1844880d51a35e3c93388ecbda58719a51550518700008000000935d0c0400000000fffffcff
1357,1807,48029,-0.025525464,0.964957964,-1.155525103,-0.293186330,1.019467534,-2.197721617,1.077398351,9b3c7f37bb444158be82463d071460000a0c80007260250801000000fffff6ff2e4c5d2d0a2023bc,48191744470fb99c623c813844ccca58b92af43b0518700008000000905c0d0500000000fffffbff
1358,1808,48030,-0.025525464,0.965177760,-1.142729940,-0.262729288,1.017337197,-2.191247874,1.076278829,9b3c8c376345475861983f67071460000a0c80006f63260700000000fffff6ffb14a482ea7201ec5,4d1d99439c0f7f65553c8638a6cbc858e384111405187000080000009458100300000000fffffbff
1359,1809,48031,-0.025288675,0.965515909,-1.155525103,-0.262729288,1.017337197,-2.191247874,1.063853913,a33ca037bb444158af82463d071460000a0c80007260250801000000fffff6fff54a21309d1eb4d6,4d1d99439c0f6340673c8738a6cbc8588987111405187000080000009458100300000000fffffbff
1360,1810,48032,-0.025673458,0.965397557,-1.153240252,-0.212056348,0.867131545,-2.183555543,1.051638906,963c9937d94453589498ae0e071460000a0c00006a68250700000000fffff6fff86ab3663c2a9012,fd23e520011061a04c3c3c392ccad0582966bc370518700000000000a64f0b0000000000fffff8ff
1361,1811,48033,-0.026472622,0.971399696,-0.998479706,-0.211020394,0.858948347,-2.157736732,1.179228577,7b3cfc38c94cc1579aa8e6a80728300005188000714b171710050000ffffffff064bbd2ae21f10fb,2024011f5411b0f04f3c353924cac558b504b9980518700000000000a44c0f0000000000fffff7ff
1362,1812,48034,-0.025495866,0.965363742,-1.152707121,-0.205811026,0.880150270,-2.207089504,1.073078331,9c3c9737e044495871c94a43071460000a0c00006e64260600000000fffff6ff5a66d66778234983,d024e723cc0e44ba533c4639fec9da587edb7b310518700008000000a64f0b0000000000fffff8ff
1363,1813,48035,-0.025821451,0.971027733,-1.009142342,-0.262610894,1.035580320,-2.209907487,1.225590963,913ce6383d4c1958925e8a01072850000620300082332b1607020000ffffffff136c3066bd2860f7,511dd047a70e2fb2633c8f38a5cbcf586443f0610518700008280000915a100500000000fffffcff
1364,1814,48036,-0.026354227,0.971433511,-0.996271017,-0.219041636,0.869988902,-2.181042208,1.204617043,7f3cfe38e64cd957e186ab3c07285000060c80007d411b150d050000ffffffff016b1b65ac2838ea,11238e2122106cd5503c3d3960cace586f4232320518700008000000a54e0b0000000000fffff8ff
1365,1815,48037,-0.026354227,0.971484234,-0.998555868,-0.205811026,0.880150270,-2.207089504,1.225193938,7f3c0139c84cda578914727507285000060c80007e401b160c040000ffffffff42692568ba25f428,d024e723cc0e21944a3c4539fec9da5881da7b310518700008000000a64f0b0000000000fffff8ff
1366,1816,48038,-0.026087839,0.971061548,-1.002744760,-0.201519217,0.876447542,-2.208917385,1.222530318,883ce838914c05584178822f0728500006203000823b211606040000ffffffff6b6ce563de28a766,61250c23b40e6da74b3c4739dec9db580bca3e130518700008000000a64f0b0000000000fffff8ff
1367,1817,48039,-0.026354227,0.971382789,-0.995509400,-0.212056348,0.867131545,-2.183555543,1.206982700,7f3cfb38f04cd85796ff0d0d07285000060c80007d411b150d040000ffffffffae6a81652c277425,fd23e520011040d0513c3c392ccad0582c67bc370518700000000000a64f0b0000000000fffff8ff
1368,1818,48040,-0.026265431,0.971179900,-0.999469808,-0.209599657,0.865305542,-2.184393322,1.203687896,823cef38bc4cf3577d18523307285000060c8000823d1e1707050000ffffffffa86c9f63f626af64,50247920f60fcdb34d3c3d391acad058aed55f1f0518700000000000a64e0b0000000000fffff8ff
1369,1819,48041,-0.026176635,0.971348974,-0.995204754,-0.294873455,1.003337841,-2.211735367,1.246261611,853cf938f44cf8579c8bbe4d07285000060c8000813c1e1707060000ffffffff016b1b65ac28c81f,0f195d408f0e29915e3c82384bccd1589daa33570518700008000000915d0c0500000000fffffbff
1370,1820,48042,-0.026383826,0.971281344,-0.998555868,-0.216348156,0.886270762,-2.208079606,1.227298220,7e3cf538c84cda57ef14727507285000060c80007e401b160c040000ffffffff1e6cc0662b27b007,6c235125bf0e12bb513c47394ccada580ddb41320518700008000000a54f0b0000000000fffff8ff
1371,1821,48043,-0.026176635,0.971433511,-0.996347179,-0.211760361,0.871916349,-2.215543451,1.237248777,853cfe38e54cf357ebca4b3b07285000060c8000803d1e1607060000ffffffffab6ada63b7288766,072400225d0e4db04e3c47392acade58e3b2d4470518700008000000a64f0a0000000000fffff8ff
1372,1822,48044,-0.026354227,0.971298252,-0.999317485,-0.181688102,0.889855138,-2.229100232,1.242226710,7f3cf638be4cda5787a0a10d07285000060c80007e411b150c040000ffffffffb56b86697025b012,ff272526ab0d599f4a3c52394ac9e3587a3a9d080518700008000000a54e0c0000000000fffff9ff
1373,1823,48045,-0.025999043,0.971433511,-0.997413442,-0.190153324,0.899610728,-2.222626488,1.238245593,8b3cfe38d74c07582687dd350728500006203000813a211609040000ffffffffe26881644e25798f,e1266628000ec1ac543c523989c9e058b94fd92b0518700008000000a54f0b0000000000fffff9ff
1374,1824,48046,-0.026028642,0.971146085,-1.003582539,-0.214957018,0.859235773,-2.186449687,1.203076282,8a3ced38864c0a58bdec52070728500006203000833a221705040000ffffffff376af96216273770,9b23121fdb0f02cc4e3c3d3942cad1587a0a96410518700008000000a64f0b0000000000fffff8ff
1375,1825,48047,-0.026206234,0.971230622,-1.000536072,-0.190153324,0.899610728,-2.222626488,1.235116612,843cf238ae4cf657b0c4420807285000060c8000813d1e1607050000ffffffff5368696bee244138,e1266628000e8984473c4f3989c9e058814ed92b0518700008000000a54f0b0000000000fffff9ff
1376,1826,48048,-0.025880649,0.971585678,-1.004801126,-0.156114842,0.910718912,-2.246693581,1.250185018,8f3c0739764c0b589a1f9c1107285000062030007f3d231408040000ffffffff42692568ba25c0eb,5f2bf72ac40cf99a483c61398bc8ea58796e07420518700008000000a44e0d0000000000fffff9ff
1377,1827,48049,-0.026028642,0.971551863,-1.002744760,-0.166651972,0.927203662,-2.267485721,1.273307262,8a3c0539914c0558a474822f0728500006203000823b211606040000ffffffff506955695322a771,fb29c62eb30bd9aa4c3c6939dac8f25804fb534c0518700008000000a5500a0000000000fffffaff
1378,1828,48050,-0.025673458,0.971196807,-1.002820922,-0.202732763,0.906339887,-2.234507711,1.246037224,963cf038904c22583a0b0d480728500006203000812d2c190b010000ffffffff5368696bee242809,3825f429640dbda7513c5539e7c9e5584507916f0518700008000000a54f0b0000000000fffff9ff
1379,1829,48051,-0.025999043,0.970943196,-1.004801126,-0.170884583,0.918952833,-2.225215986,1.230084244,8b3ce138764c0b58791d9c9107285000062030007f3d231408040000ffffffffae6a81652c27a8ea,6c29de2cde0d2774443c5839f9c8e0583e75930a0518700008000000a34d0e0000000000fffff9ff
1380,1830,48052,-0.026206234,0.971518049,-0.999469808,-0.170884583,0.918952833,-2.225215986,1.235373878,843c0339bc4cf3578e18523307285000060c8000823d1e1707050000ffffffffa66b5765d024b76d,6c29de2cde0d6827573c5c39f9c8e0587577930a0518700008000000a34d0e0000000000fffff9ff
1381,1831,48053,-0.025969445,0.971281344,-0.997641927,-0.258171092,1.009458333,-2.275406537,1.299252664,8c3cf538d44c0e58588b8d4b07285000062030008338221708030000ffffffffa952332e551d68e7,e71dc7414b0b31867f3c583984cbed58c75a9b0305187000080000009564040200000000fffffcff
1382,1832,48054,-0.026798208,0.967967487,-1.089416759,-0.184322384,0.935505212,-2.251491767,1.173152160,703c31381f485d588480a716051c60000a0000007e512d0300000000fffff6fffd6a6f6da4230f50,a627b130850c94c0523c64395dc9eb586e13b1540518700008000000a4500b0000000000fffffaff
1383,1833,48055,-0.025762254,0.971399696,-0.999089000,-0.256543164,1.015866250,-2.274873405,1.297252077,933cfc38c14c1658b8a7af1607285000062030007c3825150e030000ffffffff1251ee31671a2b43,1e1e4243520b4ec17e3c593978cbec586bb79e2c05187000080000009564040200000000fffffcff
1384,1834,48056,-0.026975800,0.967561709,-1.100688689,-0.195658679,0.893557866,-2.243951760,1.158007311,6a3c19388b477658c83fa991051c60000a0c80007f4f2f0200000000fffff6ffe253a430451deb49,27260027e80c25a54d3c5539b2c9ea584e3f254f0518700008000000a54f0a0000000000fffff9ff
1385,1835,48057,-0.026827806,0.967899857,-1.084161603,-0.262581295,1.012535486,-2.259793391,1.199867554,6f3c2d3864485d588458ab34051c60000a0c80007b542c0400000000fffff6ff7851de2f581d374b,521d7d42180cf0e17d3c5439a5cbe65854ccc61d05187000080000009462050300000000fffffcff
1386,1836,48058,-0.026739010,0.967899857,-1.097261413,-0.249350685,1.018977218,-2.297645749,1.221919559,723c2d38b8475d5886d0322d051c60000a0c00007b552c0400000000fffff6ff62550f32191b476a,111ffa43270af8dc843c523942cbf658c8cfdd2b05187000080000009566020200000000fffffcff
1387,1837,48059,-0.027005398,0.967815320,-1.077687860,-0.260982966,1.018875774,-2.277539064,1.223517709,693c2838b9486f588e581d36051c60000a0c8000804e2f0200000000fffff6ff2c54c02c331d90e9,881df4432f0bc8fa803c533999cbed586e4d953d05187000080000009464040300000000fffffcff
1388,1838,48060,-0.026857405,0.967950580,-1.082866854,-0.249350685,1.018977218,-2.297645749,1.236039943,6e3c303875485f588050dc0d051c60000a0c80007e522d0300000000fffff6ffa15106308b1b3da9,111ffa43270a7fbf823c5f3942cbf658accfdd2b05187000080000009566020200000000fffffcff
1389,1839,48061,-0.026887004,0.968204191,-1.095890503,-0.247811553,1.011774651,-2.299092821,1.224092260,6d3c3f38ca476c586173b131051c60000a0c00007f502e0200000000fffff6ffa15106308b1bff5b,451f5042140a4774833c5d3937cbf8581d27cc0505187000080000009565020200000000fffffcff
1390,1840,48062,-0.026857405,0.967680061,-1.095890503,-0.256543164,1.015866250,-2.274873405,1.202114030,6e3c2038ca476c58e072b131051c60000a0c00007f502e0200000000fffff6ff7851de2f581dd8e3,1e1e4243520bdc21803c513978cbec58bdb79e2c05187000080000009564040200000000fffffcff
1391,1841,48063,-0.026739010,0.968018209,-1.097261413,-0.264978788,1.011656299,-2.279747753,1.207036213,723c3438b8475d589fd2322d051c60000a0c00007b552c0400000000fffff6ffc8516e2b121b68f1,011d4942120b41a6803c5639b7cbef583aaca05305187000080000009464040300000000fffffcff
1392,1842,48064,-0.026975800,0.968119654,-1.094519592,-0.253612895,1.024286153,-2.299702115,1.227592750,6a3c3a38dc4772582127b306051c60000a0c0000824d2f0200000000fffff6ff9051c92c011d90ea,811e34450c0a30f6843c543962cbf758c5a9453d05188000070000009366030300000000fffffcff
1393,1843,48065,-0.026827806,0.968035117,-1.096423634,-0.258674269,1.014987064,-2.305947373,1.232438616,6f3c3538c347605897ae320b051c60000a0c00007d522c0300000000fffff6ff2161d05108202b3b,d61d0e43ba09a1a1843c593988cbfa584a40115405188000070000009366030200000000fffffcff
1394,1844,48066,-0.027360583,0.972786106,-1.027116500,-0.230259536,1.016863789,-2.322169812,1.311592127,5d3c4e39514b3a58916b3064071460000a20300065652a0a01000000fffffaff9b54722d491878ee,96217d43e508e776883c6239b4ca0259a77eca0105188000070000009567020200000000fffffdff
1395,1845,48067,-0.027330984,0.968001302,-1.081038974,-0.231976260,1.026822268,-2.314705967,1.251908081,5e3c33388d488958a238fd08051c60000a0c80008942330100000000fffff6ffe350402c2d1958fc,5c21ca4547092421893c5139c1cafe58be171c2705188000070000009467020200000000fffffdff
1396,1846,48068,-0.027182990,0.968221099,-1.102288084,-0.211849157,1.033196371,-2.321865165,1.235188907,633c4038764782585659ea03051c60000a0c00008547310100000000fffff6ffa9604254f4206cd8,04244347e908c766893c6c392bca01596129230705187000080000009467020200000000fffffdff
1397,1847,48069,-0.027301385,0.972904458,-1.029096704,-0.231976260,1.026822268,-2.314705967,1.302916003,5f3c5539374b325856bfe42f071460000a2000006a5e280e01000000fffffbff63554234a019e4d1,5c21ca45470907b5863c6539c1cafe58d6171c2705188000070000009467020200000000fffffdff
1398,1848,48070,-0.027182990,0.967730783,-1.077687860,-0.206787783,1.024455227,-2.340372455,1.276654977,633c2338b9487c581c9c7e15051c60000a0c8000824b300100000000fffff6ff8261bd502d209027,af243e45f607c7718d3c683905ca0a59d3ec734605188000070000009468010100000000fffffdff
1399,1849,48071,-0.027330984,0.972769199,-1.025517105,-0.239435127,1.037034359,-2.323007591,1.316282546,5e3c4d39664b3958308fb406051c60000a20300065652a0a01000000fffffaff78559e2bb91a40ec,60202648da0808e88a3c5639f8ca0159a819143b05188000070000009269030200000000fffffdff
1400,1850,48072,-0.027034997,0.967967487,-1.077307051,-0.206373401,1.043509907,-2.358803583,1.296187595,683c3138be48745891bccd09051c60000a0c8000844a300100000000fffff6ff1251ee31671ac800,bd24a5490407c199923c633902ca10597b14225305188000070000008f6d020100000000fffffdff
1401,1851,48073,-0.026975800,0.968339451,-1.100688689,-0.211849157,1.033196371,-2.321865165,1.236792855,6a3c47388b477658da3da911051c60000a0c80007f4f2f0200000000fffff6ff2161d0510820d42b,04244347e90870ee8d3c4e392bca0159e62a238705187000080000009467020200000000fffffdff
1402,1852,48074,-0.027212589,0.972819921,-1.027116500,0.084048850,0.893287347,-2.462535800,1.441919937,623c5039514b3a582b693064071460000a20300065652a0a01000000fffffaffc162cc501620cc26,114bf026b201f996c33c7338e5444859ecac32480518700000000000936b010000000000fffffcff
1403,1853,48075,-0.027301385,0.972752291,-1.020109625,0.090116580,0.902468084,-2.451416194,1.437833558,5f3c4c39ad4b3a58fcde2d15051c60000a20300065642a0a01000000fffffbff7862ce52e21fb80f,de4b0f29440240f7c43c85383f45435922fdd4260518700000000000946a010000000000fffffcff
1404,1854,48076,-0.027242188,0.972752291,-1.021328212,0.077833127,0.918919018,-2.455605086,1.439127859,613c4c399d4b3b58c64e0b7d071460000a20300065652a0901000000fffffbffba60a250dd1b5f7a,3f4adc2c0d023817c83c87388844445971fd0d1205187000000000009569010000000000fffffdff
1405,1855,48077,-0.027538175,0.972278883,-1.028868219,0.077833127,0.918919018,-2.455605086,1.431617433,573c30393a4b5f58cefa1812051c60000a2030006c622d0301000000fffffaff4362604f501ebc31,3f4adc2c0d0260c9c43c67388844445951fc0d9205187000000000009569010000000000fffffdff
1406,1856,48078,-0.027153392,0.972617032,-1.022242152,0.087719087,0.935488305,-2.471294394,1.454072429,643c4439914b4a58306db069051c60000a2030006a622c0501000000fffffaffe3608e4a8b1ade40,8d4bb0303f012b4dcb3c7f381b454a59f2d2cf5b0518700008000000936b000000000000fffffdff
1407,1857,48079,-0.027419780,0.972059086,-1.028182764,0.077211555,0.928522441,-2.489725522,1.465929872,5b3c2339434b6d58e2c6ab06051c60000a203000725c2f0201000000fffff9ff8b63d3502a1e6819,2a4a142f4d005f6bcc3c76387f4452591ecb5d5305187000000000008e70010000000000fffffdff
1408,1858,48080,-0.027212589,0.972566309,-1.016758511,0.102755216,0.907709389,-2.456899835,1.447447783,623c4139d94b4b5849ce297f051c60000a2030006a622c0501000000fffffbffbd62a44c611e902f,894d452afc014024c53c7f38fb454559aeceae2e0518700000000000946a010000000000fffffcff
1409,1859,48081,-0.027360583,0.972566309,-1.020185787,0.065431280,0.906187720,-2.478225107,1.462496190,5d3c4139ac4b4a58aad26502051c60000a2030006a622d0501000000fffffaff4362604f501ed946,9c48eb29e400b989c83c6e389f434e59021b9b460518700000000000916d010000000000fffffdff
1410,1860,48082,-0.027419780,0.972583217,-1.022242152,0.104827124,0.877005487,-2.449740636,1.436793746,5b3c4239914b4a58306fb069051c60000a2030006a622c0501000000fffffaff48622d4b661c4f3e,cf4d2d235a02b776bf3c7b381a464359c326fc4b0518700000000000946b010000000000fffffcff
1411,1861,48083,-0.027360583,0.972312698,-1.022165990,0.090116580,0.902468084,-2.451416194,1.435769932,5d3c3239924b5c5859d2a501051c60000a2030006e602e0301000000fffffaff9f61904eae1cc754,de4b0f294402982ac13c6e383f4543591ffcd4260518700000000000946a010000000000fffffcff
1412,1862,48084,-0.027449379,0.972380328,-1.024983973,0.105774282,0.861501369,-2.426358999,1.412053345,5a3c36396d4b5958c6726025051c60000a2030006d612d0301000000fffffaff7c64744e4b1e5835,ef4d981f8d037776bb3c7d3829463959a5b66b4505187000000000009569010000000000fffffcff
1413,1863,48085,-0.027271786,0.972549402,-1.013255073,0.094289994,0.877445080,-2.444713965,1.439755763,603c4039074c4a58a0923f19051c60000a2030006a622d0501000000fffffaff9f61904eae1c1845,6b4c47239c02b99fbe3c77387d4541597030514f0518700000000000946a010000000000fffffcff
1414,1864,48086,-0.027034997,0.972431050,-1.024983973,0.098522605,0.883328868,-2.439991941,1.423359217,683c39396d4b595894706025051c60000a2030006d612d0301000000fffffaff42502c19ec1ac0eb,fa4ca324da02d8f4bf3c8338bc453e5925a1532e0518700000000000946a010000000000fffffcff
1415,1865,48087,-0.028011753,0.971433511,-1.107695564,0.108230972,0.886203132,-2.440296587,1.342256229,473cfe382f4778588d30f622051c6000000000008d41310000000000fffff5ffe463524eed199938,424e4d25d602c819bf3c80384d463e59fe622e2e0518700000000000946a010000000000fffffcff
1416,1866,48088,-0.027212589,0.972008364,-1.015235277,0.098522605,0.883328868,-2.439991941,1.433040454,623c2039ed4b71584e721e0e051c600008283000725a300201000000fffffaffba60a250dd1b8c29,fa4ca324da02a01ebd3c7438bc453e5950a0532e0518700000000000946a010000000000fffffcff
1417,1867,48089,-0.026975800,0.972312698,-1.028868219,0.098700197,0.855989546,-2.401911098,1.383680700,6a3c32393a4b5f58a4fb1892051c60000a2030006c622d0301000000fffffaff0d503f19341a399f,004d521ece0465acb73c7f38bf452f593a70c69205187000000000009865030000000000fffffbff
1418,1868,48090,-0.028100550,0.971484234,-1.109447283,0.097960230,0.864493985,-2.424607280,1.325512750,443c013918477e58828fb132051c60000a0000008c41320000000000fffff5ff1350fc17e01908e9,e74c4920a4032da7ba3c7b38b44538592aa4d05305187000000000009569010000000000fffffcff
1419,1869,48091,-0.028130148,0.971484234,-1.109294959,0.100416920,0.868365788,-2.422017783,1.323026445,433c01391a47815871eb710b051c60000a0000008c40320000000000fffff5ffc7649e4d211c0143,3a4d2e21c60370f0bb3c8338d94537595809333405187000000000009569010000000000fffffcff
1420,1870,48092,-0.027242188,0.972295791,-1.012645780,0.107964584,0.869515493,-2.420113741,1.417677933,613c31390f4c5e583f769f14051c60000a2030006e5f2e0201000000fffffaffe863f252d71ab027,394e7221df036016bb3c8038494636595ecfdd2d05187000000000009568010000000000fffffcff
1421,1871,48093,-0.027094194,0.972126716,-1.015159115,0.100416920,0.868365788,-2.422017783,1.416430981,663c2739ee4b6858c0553f1a051c6000082830006e5f2e0202000000fffffbffc6637351801c4826,3a4d2e21c6032019ba3c7938d94537597a08333405187000000000009569010000000000fffffcff
1422,1872,48094,-0.027153392,0.972363420,-1.015768409,0.102281637,0.894335608,-2.298178881,1.291285555,643c3539e64b5958e4c54a3d051c60000a2030006d612d0301000000fffffbffb751b919091a5f61,794d2e27200ae33f4d3c2239f4450359fe648f550518700000000000a5500a0000000000fffffaff
1423,1873,48095,-0.028130148,0.971382789,-1.095128886,0.123207904,0.855161081,-2.289191802,1.209213356,433cfb38d4477f586ac46d33051c60000a0000008c40320000000000fffff6ff7f51a617ea19e8f3,3c50211e960a2b59473c2d392c4701599c299f5b0518700000000000a5500a0000000000fffff9ff
1424,1874,48096,-0.028130148,0.971416604,-1.097032928,-0.118346926,0.822411380,-2.224149722,1.140497212,433cfd38bb478158d574ac06051c60000a0000008d40320000000000fffff5ff0d503f19341a4b5f,5b309016ec0dc636333c7739e4c6e55818a5283c0518700000000000a44e0d0000000000fffff8ff
1425,1875,48097,-0.028070951,0.971348974,-1.109447283,-0.111154446,0.810119675,-2.201453539,1.106966765,453cf93818477e582f8fb132051c60000a0000008c41320000000000fffff5ff8b4d9d1f1d1699a0,4e31b913160f8990333c813978c6dc585683ba960518700000000000a24c110000000000fffff7ff
1426,1876,48098,-0.028514931,0.971061548,-1.131077202,-0.128292082,0.816409240,-2.223692752,1.108007923,363ce838fc459f58959ce910051870000a0000009137370000000000fffff6ff3152d61a7918e195,0b2f2d15f20dab55353c793978c7e55833b010180518700000000000a44e0d0000000000fffff8ff
1427,1877,48099,-0.028248543,0.971332067,-1.091396963,-0.114943078,0.813957662,-2.227500836,1.150223742,3f3cf83805488c587ff48d34051c60000a0000008e3c340000000000fffff6ff6a50b3197818af6f,ce309c14c00ddf70373c7b39b1c6e758b13acc450518700000000000a44e0d0000000000fffff8ff
1428,1878,48100,-0.028218944,0.971247530,-1.106400815,-0.240915061,1.024522857,-2.335650431,1.248652279,403cf33840478d58f302c337051c60000a0000008e3c350000000000fffff6ff5b4ebe1d8513a80b,2e2042453408c9998a3c5d3903cb075973b4425505188000070000009269030200000000fffffdff
1429,1879,48101,-0.028810918,0.971433511,-1.124070327,-0.221202340,1.052758273,-2.345703773,1.239361309,2c3cfe385846b658db682c46051870000a000000953b2f0000000000fffff6ffa251c5173418280e,c822c84bb007eda8903c5a3970ca0a597b04c15d05188000070000008e6d030100000000fffffdff
1430,1880,48102,-0.028278142,0.971416604,-1.095890503,-0.114380703,0.821802712,-2.254157426,1.171059449,3e3cfd38ca479058bff84c47051c60000a0000008e3c350000000000fffff6ff664ff51b0117419d,e1306c16620c276c3a3c7439a8c6f35839c6db450518700000000000a44f0c0000000000fffff8ff
1431,1881,48103,-0.028396536,0.971653308,-1.115083248,-0.114262308,0.819418764,-2.226129926,1.124710189,3a3c0b39ce4699589573d332051c60000a0000009038370000000000fffff6ff664ff51b01178774,e530df15d20dd342323c7739a7c6e6582975df2a0518700000000000a44e0d0000000000fffff8ff
1432,1882,48104,-0.028396536,0.971162992,-1.115083248,-0.114262308,0.819418764,-2.226129926,1.124643927,3a3cee38ce469958e172d332051c60000a0000009038370000000000fffff6ff6a50b3197818b194,e530df15d20d482e373c7d39a7c6e658fb76df2a0518700000000000a44e0d0000000000fffff8ff
1433,1883,48105,-0.028248543,0.971568771,-1.106400815,-0.114173512,0.832572748,-2.251187121,1.156390366,3f3c063940478d585503c337051c60000a0000008e3c350000000000fffff6ff544ec31891160016,e830e918890c6c243c3c7639a5c6f1586b22cf270518700000000000a44f0c0000000000fffff8ff
1434,1884,48106,-0.028455734,0.971551863,-1.124298812,-0.083213292,0.870952625,-2.282870382,1.164219344,383c053955469d585da3e208051c60000a0000009137370000000000fffff6ffa74f9b175818e819,fe34c721e90a542c453c6739d8c4fd58037794050518700000000000a34f0d0000000000fffff9ff
1435,1885,48107,-0.028278142,0.971518049,-1.112874559,-0.132850279,0.831000357,-2.255376013,1.155850391,3e3c0339eb468f589aaf010d051c60000a0000008e3c350000000000fffff6ffee6206315319f4d7,712e8c18520cc943373c6f39bcc7f3581b18b05c0518700000000000a44f0b0000000000fffff8ff
1436,1886,48108,-0.028692523,0.973073533,-1.019424170,-0.114173512,0.832572748,-2.251187121,1.242693621,303c5f39b64b7b58c42d820d051870000a0000009a3f260000000000fffff7ffb251541dc9167199,e830e918890c5231333c6d39a5c6f1580921cf270518700000000000a44f0c0000000000fffff8ff
1437,1887,48109,-0.028426135,0.971281344,-1.095357371,-0.102334040,0.841381522,-2.283631999,1.197636395,393cf538d1479a58855c4e32051c60000a0000009038370000000000fffff6ff494c6f1b93140804,7832f21adf0acf543e3c6939f5c5ff58b2351b440518700000000000a44f0b0000000000fffff9ff
1438,1888,48110,-0.028722122,0.971585678,-1.141892161,-0.102718823,0.852337540,-2.271826938,1.138616805,2f3c07396e45ae587a395a01051870000a0000009339320000000000fffff6ff4363d733731ad425,6b327a1d7a0b101d343c6139fbc5f958c8a8ed200518700000000000a44f0c0000000000fffff9ff
1439,1889,48111,-0.028662924,0.972938273,-1.017977098,-0.102718823,0.852337540,-2.271826938,1.261811489,313c5739c94b71583f08772a0518700000000000973d2b0000000000fffff8ffcf504e191c16780f,6b327a1d7a0bd813403c6e39fbc5f95877aaed200518700000000000a44f0c0000000000fffff9ff
1440,1890,48112,-0.028485332,0.971416604,-1.102973539,-0.080963793,0.860977239,-2.310745559,1.213945672,373cfd386d47a158b2e01c49051870000a0000009138360000000000fffff6ff23636432231998c9,4a35791f7b09694a433c5c39b6c40b59f28084460518700000000000a44f0c0000000000fffffaff
1441,1891,48113,-0.028633326,0.973090440,-1.018510229,-0.119974853,0.838541073,-2.250273180,1.242451920,323c6039c24b7d58c0517236051870000a2000009a3f270000000000fffff7ff9e5063211f15f4db,24304a1a950cd81e353c6d39fcc6f058e388f7380518700000000000a44f0c0000000000fffff8ff
1442,1892,48114,-0.028662924,0.971230622,-1.104649097,-0.114321505,0.864696875,-2.273197848,1.176517325,313cf2385747a7584500ff10051870000a0000009339330000000000fffff6ff8b4d9d1f1d16b015,e3305520680b681a373c6039a8c6f95884b8b4330518700000000000a44f0b0000000000fffff9ff
1443,1893,48115,-0.028544530,0.971737845,-1.131077202,-0.093868817,0.885983335,-2.323312237,1.197098776,353c1039fc459f58289fe910051870000a0000009137370000000000fffff6ff236364322319e99f,96334025d6080d4b403c513977c50f5963e4e1500518700000000000a551090000000000fffffaff
1444,1894,48116,-0.028810918,0.972988995,-1.018510229,-0.083213292,0.870952625,-2.282870382,1.269636812,2c3c5a39c24b7d580d537236051870000a2000009a3f270000000000fffff7ff2a64b730351954dc,fe34c721e90a4840343c5539d8c4fd58c67694850518700000000000a34f0d0000000000fffff9ff
1445,1895,48117,-0.028722122,0.973073533,-1.014092852,-0.097953435,0.864477078,-2.424454957,1.416230007,2f3c5f39fc4b7c58c120ed08051870000a2000009a3f260000000000fffff8ff4f645a333b19a191,0c334820a603c348893c9a38b4c538592f5adf5305187000000000009569010000000000fffffcff
1446,1896,48118,-0.028751720,0.973022810,-1.013635882,-0.123201109,0.855161081,-2.289191802,1.284466808,2e3c5c39024c7c58ca2c4d38051870000a200000993f270000000000fffff8ffaa5d7237b9153807,b72f211e960a44403a3c63392cc7015918d4a05b0518700000000000a5500a0000000000fffff9ff
1447,1897,48119,-0.028662924,0.973682200,-1.042044191,-0.100410126,0.868365788,-2.421941621,1.385769146,313c83398d4a9b5862a62a14051870000a203000983c2a0000000000fffff8ff3862cc31a017bdaa,b9322e21c703801e8a3c9b38d9c53759c7ed4c3405187000000000009569010000000000fffffcff
1448,1898,48120,-0.028929313,0.973107347,-1.022470637,-0.102304441,0.894335608,-2.298178881,1.280242328,283c61398e4b8a580b1fd439051870000a2000009a3f260000000000fffff7ff855bc832871498f8,79322e27200a1f533a3c5239f4c503591f9880550518700000000000a5500a0000000000fffffaff
1449,1899,48121,-0.028870115,0.973766737,-1.051259755,-0.098723001,0.855989546,-2.401911098,1.357575023,2a3c8839144aa65834edba02051870000a2000009a3f250000000000fffff7ff0864c632841729a3,f232521ece042f64873ca138bfc52f59938fc99205187000000000009865030000000000fffffbff
1450,1900,48122,-0.028870115,0.973174977,-1.014702145,-0.098515810,0.883328868,-2.439991941,1.429816019,2a3c6539f44b8b58ce0cce74051870000a2000009a3f260000000000fffff8ff6a61f82fb617a0e6,f932a324da022d3f853c9138bcc53e59525c5c2e0518700000000000946a010000000000fffffcff
1451,1901,48123,-0.028722122,0.973276422,-1.025974075,-0.098515810,0.883328868,-2.439991941,1.418593757,2f3c6b39604b8a5888faf10f051870000a0000009a3f260000000000fffff7ff3862cc31a017ccd5,f932a324da0208158c3c9438bcc53e59765d5c2e0518700000000000946a010000000000fffffcff
1452,1902,48124,-0.028662924,0.973276422,-1.022470637,-0.107957789,0.869515493,-2.420113741,1.403730833,313c6b398e4b8a58591ed439051870000a2000009a3f260000000000fffff7ffc05e92300f16e8f1,ba317221df03b94e873c993849c63659d82cc22d05187000000000009568010000000000fffffcff
1453,1903,48125,-0.028781319,0.973513126,-1.037398328,-0.100410126,0.868365788,-2.421941621,1.390376488,2d3c7939ca4a9958cb46f308051870000a2000009a3f260000000000fffff7ff186004345f1658e4,b9322e21c7037751853c9a38d9c537598cec4c3405187000000000009569010000000000fffffcff
1454,1904,48126,-0.028662924,0.973479311,-1.031610040,-0.094283199,0.877445080,-2.444713965,1.417882682,313c7739164b9558e002b533051870000a200000993e270000000000fffff7ffa163962f5f1760eb,883347239c02b93e8b3c92387dc54159b5cd4e4f0518700000000000946a010000000000fffffcff
1455,1905,48127,-0.028810918,0.973225699,-1.016453864,-0.105797085,0.861501369,-2.426282837,1.416342801,2c3c6839dd4b8d5830e55c4705187000082800009b3f240000000000fffff8ff186004345f168db0,0332981f8e036759883c993829c639590049544505187000000000009569010000000000fffffcff
1456,1906,48128,-0.029077306,0.973242607,-1.031610040,-0.104849928,0.877005487,-2.449740636,1.423410504,233c6939164b95589203b533051870000a200000993e270000000000fffff7ffd96df85b2a1ca8f3,23322d235a02c743893c91381ac6435997d8f34b0518700000000000946b010000000000fffffcff
1457,1907,48129,-0.026975800,0.970233083,-0.993072226,-0.108224177,0.886203132,-2.440296587,1.451936873,6a3cb738104d5a5806d3b629051c60000828c0006f60270800000000fffffcff655d91345d13f8e8,b1314d25d602cf39873c91384dc63e59799c212e0518700000000000946a010000000000fffffcff
1458,1908,48130,-0.029047707,0.973749830,-1.043262777,-0.084042055,0.893287347,-2.462535800,1.422615374,243c87397d4aaf583841dd4805187000082800009b42220000000000fffff8ffaa5d7237b915d34e,e234f026b201ae308d3c8938e5c4485973513d480518700000000000936b010000000000fffffcff
1459,1909,48131,-0.029225299,0.973344051,-1.042044191,-0.090109785,0.902468084,-2.451416194,1.412465846,1e3c6f398d4a9b58d8a72a14051870000a203000983c2a0000000000fffff8ff816d2b5c711b1f6e,15340f2944020e30843c88383fc543592c00db260518700000000000946a010000000000fffffcff
1460,1910,48132,-0.027034997,0.970182361,-0.993833843,-0.077826332,0.918919018,-2.455605086,1.463551454,683cb438064d61582ce79238051c60000828c0006f5e280801000000fffffcffb36dfa58541bec31,b435dc2c0d02b762923c873888c444590a02029205187000000000009569010000000000fffffdff
1461,1911,48133,-0.027005398,0.970114731,-0.993453035,-0.090109785,0.902468084,-2.451416194,1.460895207,693cb0380b4d635839db9308051c60000828c000715e290701000000fffffcff9a61f130441540f2,15340f29440278078f3c8d383fc543599401db260518700000000000946a010000000000fffffcff
1462,1912,48134,-0.028929313,0.973445496,-1.025136296,-0.065454084,0.906187720,-2.478225107,1.455103007,283c75396b4ba05870ad1c4c05187000082800009b40240000000000fffff8ff995f8639b31423bf,5637eb29e4002c2c8f3c7e389fc34e5946e584460518700000000000916d010000000000fffffdff
1463,1913,48135,-0.029166102,0.973513126,-1.033742567,-0.102748421,0.907709389,-2.456975997,1.426652686,203c7939fa4aa258c6c16f1805187000082800009840260000000000fffff8ff31625135d6158db5,6a32452afb01ec2c873c8638fbc545595b30a12e0518700000000000946a010000000000fffffdff
1464,1914,48136,-0.028988510,0.973344051,-1.022622961,-0.077234359,0.928522441,-2.489725522,1.468579778,263c6f398c4b99587c11ce7405187000082800009a3f260000000000fffff8ff9e6eac5b8e1b581c,c835142f4d0091388b3c77387fc452598734525305187000000000008e70010000000000fffffdff
1465,1915,48137,-0.026946201,0.970165454,-0.991472831,-0.077826332,0.918919018,-2.455605086,1.465912087,6b3cb338254d6058cf9a4d36051c60000828c0006f5f280801000000fffffcff236fa159581bf832,b435dc2c0d02d1b4833c7f3888c444594b00021205187000000000009569010000000000fffffdff
1466,1916,48138,-0.026946201,0.970114731,-0.990330406,-0.223303846,0.976083056,-2.371522585,1.395092750,6b3cb038344d6258018bce13051c60000828c000705e280801000000fffffcff816d2b5c711be01c,8122113a5d06819d203c9c3980ca17597303923405187000080000008876010100000000fffffcff
1467,1917,48139,-0.026887004,0.970182361,-0.993833843,-0.211937953,0.966412003,-2.370532483,1.389085028,6d3cb438064d61580ce59238051c60000828c0006f5e280801000000fffffcff756b405a8817733b,0124d5376a0664db1d3c98392bca175989149e0c05187000080000008975010000000000fffffcff
1468,1918,48140,-0.026650214,0.969742768,-0.998251221,-0.214838624,0.973428589,-2.371141776,1.385733358,753c9a38cc4c8258d597da94051c60000828c0007947320c00000000fffffcff796fab598f19d829,9f2374396206dda4213c9d3941ca175945d24c3605187000080000008876000000000000fffffcff
1469,1919,48141,-0.026887004,0.969945657,-0.989644950,-0.087712292,0.935488305,-2.471294394,1.483297710,6d3ca6383d4d7258d83aed77051c60000828c00075532c0b01000000fffffcff096d15597d197230,6634b0303f016143863c79381bc54a59312cc05b0518700008000000936b000000000000fffffdff
1470,1920,48142,-0.026768609,0.969979472,-0.994823945,-0.214838624,0.973428589,-2.371141776,1.389112306,713ca838f94c72584b257170051c60000828c00076532d0801000000fffffcfffd6ce6579315335a,9f2374396206f18c1d3c963941ca1759ecd04c3605187000080000008876000000000000fffffcff
1471,1921,48143,-0.026887004,0.969455341,-0.994976268,-0.214069058,0.989304670,-2.397569881,1.415167821,6d3c8938f74c9458e95ddd4a051c600008280000793d371300000000fffffcffc86f0657a519ca41,b9231f3d070509941d3ca5393bca22597357a23505188000070000008678010000000000fffffdff
1472,1922,48144,-0.026946201,0.969945657,-0.988959495,-0.204863868,0.982119010,-2.394294929,1.416605297,6b3ca638464d72588baefe0e051c60000828c00076532c0901000000fffffcffe26c0b5961182762,f024763b3205198b183c9a39f7c9215911454c2f05188000070000008777000000000000fffffdff
1473,1923,48145,-0.027153392,0.969810398,-0.995204754,-0.219722406,0.967629338,-2.344332863,1.362803815,643c9e38f44c7c5876225233051c60000828c000794c300900000000fffffcffe26c0b5961185738,fa221d38c207d0f7213c943965ca0c590b79b71c05187000080000008e6f010000000000fffffcff
1474,1924,48146,-0.026739010,0.969844212,-0.995204754,-0.096799087,0.898410300,-2.472056011,1.480236756,723ca038f44c7c58e0205233051c60000828c000794c300900000000fffffcff096d15597d19c752,33331f2835015a338a3c8638a3c54c5963aca3530518700000000000926c010000000000fffffdff
1475,1925,48147,-0.027094194,0.969945657,-0.994823945,-0.200956843,0.972329605,-2.395208869,1.411138490,663ca638f94c72580f2b7170051c60000828c00076532d0801000000fffffcff556c9654a117df50,742533392605e4d31a3c9e39dac922590959ed0805187000080000008876000000000000fffffdff
1476,1926,48148,-0.027034997,0.969692046,-0.996347179,-0.211464374,0.975744907,-2.403967463,1.419663938,683c9738e54c83582e86f403051c6000082830007c48330800000000fffffcff766d1956ae19043e,1124fd39b30448d21b3ca23928ca26599863534d05188000070000008678010000000000fffffdff
1477,1927,48149,-0.027034997,0.969945657,-0.993910005,-0.221113544,0.966293651,-2.374188244,1.393860766,683ca638054d715898066405051c60000828300076542d0701000000fffffcff426ace3ea4118f65,cb22ce373a0674df1e3c9a3970ca195929fbf24705187000080000008876010000000000fffffdff
1478,1928,48150,-0.027390181,0.971315159,-1.000840718,-0.190123726,0.998248703,-2.408841811,1.417629958,5c3cf738aa4cb558618f812e0518700008000000915d0d0400000000fffffaffb96e735aa9173c35,e226303f73040986143c9e3989c927592725692905188000070000008777000000000000fffffdff
1479,1929,48151,-0.026798208,0.969742768,-0.991244346,-0.190123726,0.998248703,-2.408841811,1.427259747,703c9a38284d815827ee2c39051c60000828c0007746311000000000fffffcff8c6a62555416c354,e226303f730429871d3cb03989c92759c426692905188000070000008777000000000000fffffdff
1480,1930,48152,-0.027064596,0.969506064,-1.000231425,-0.204863868,0.982119010,-2.394294929,1.405412652,673c8c38b24c8e5891eeba02051c6000082800007d41360b00000000fffffcffe96a4f3ee2129c2f,f024763b320591941f3ca739f7c921597e464c2f05188000070000008777000000000000fffffdff
1481,1931,48153,-0.027271786,0.971382789,-0.999469808,-0.181125727,0.984486051,-2.414096967,1.423029420,603cfb38bc4cab58ee37f89e05187000080000008f59120400000000fffffaff1c6fde557117d350,1228023c2e047fb9153ca53946c92b59b71d2c0505188000070000008975000000000000fffffdff
1482,1932,48154,-0.026916602,0.969708953,-0.990406567,-0.167362340,1.015764806,-2.407547062,1.424827474,6c3c9838334d85581062ce4d051c60000828c0007a46320d00000000fffffcff1f6aaf3da511702e,e3293c438404019a0e3ca239dfc827597368d20b05188000070000008c72000000000000fffffeff
1483,1933,48155,-0.027390181,0.971281344,-1.001145365,-0.152355809,1.001934524,-2.423845663,1.428506970,5c3cf538a64cb6584c3ff20b0518700008000000915d0d0300000000fffffafffd6dad5b6d161d40,de2b0a40ae03b1b10f3cad396fc830590b06474005188000070000008f70000000000000fffffeff
1484,1934,48156,-0.026768609,0.969573693,-0.992843741,-0.199299316,1.009576685,-2.418362022,1.436478142,713c9038134d8c581afecf60051c60000828c000753f341600000000fffffcff756b405a8817b983,ac25ce41f603a7661a3caf39cdc92b5987b7b1330518800007000000847a010000000000fffffdff
1485,1935,48157,-0.027182990,0.969675138,-0.998251221,-0.161916183,1.019433719,-2.449816798,1.458654028,633c9638cc4c82586896da14051c60000828c0007947320c00000000fffffcff426ace3ea4111f56,9b2a154459021bc6113cb839b7c838598f93334e0518800007000000817d000000000000fffffeff
1486,1936,48158,-0.027242188,0.971230622,-1.000840718,-0.167362340,1.015764806,-2.407547062,1.414369007,613cf238aa4cb558b08d812e0518700008000000915d0d0400000000fffffaff7c6b343d86114827,e3293c4384045b521c3cbc39dfc827595f6ad20b05188000070000008c72000000000000fffffeff
1487,1937,48159,-0.027330984,0.971247530,-0.998251221,0.276943450,1.051253512,-1.438541929,0.541146741,5e3cf338cc4cb758e9f0dd4a0518700008000000905e0d0400000000fffffaff1b6b2940b9119356,86646f4b3736a0198b3cdd38264c115769407a9c0328700002146000864b2d0100000000fffffdff
1488,1938,48160,-0.027271786,0.971247530,-0.999012838,0.153072973,0.952057591,-2.423845663,1.436329024,603cf338c24cb5585211db3c05187000080000008f5d0e0500000000fffffaff79508f4cd21fa8cb,2d548434ae032014aa3c5b377548325920cf3d320518700008000000906e000000000000fffffdff
1489,1939,48161,-0.043284673,0.930804945,-2.495589972,0.147774809,0.941372092,-2.405414535,0.211534866,433a9b2f0000003c31d8ff5a032440000a200000fa04010000000000ffffffffc079de597f3a2800,7a530c32a004243aa63c5d374d482c59e673571605187000000000009569000000000000fffffcff
1490,1940,48162,-0.040502397,0.968288728,-2.495589972,0.145673303,0.951567275,-2.422931723,0.200549792,a13a44380000003cfc39a83b0300000000000000ff00000000000000ffffffff824ac7485818f1aa,33536734ba0340efaa3c60373e483259c4b882320518700008000000916e000000000000fffffdff
1491,1941,48163,-0.045060593,0.938480921,-2.495589972,-0.173548465,1.031218201,-2.435422239,0.169497765,073a61310000003cf504397b03289000081c4000e909090300000000ffffffffb06c551e852a0760,1229ce4616030ac4163cbc390dc93159fe73a05d0518800007000000817d010000000000fffffeff
1492,1942,48164,-0.145636909,0.952074498,-2.495589972,-0.192195633,0.992956676,-2.429786275,0.090383592,c12c85340000003c2fa11c50034c400116109000bb29100901010000ffffffffc84c7650ff1fc8fd,9c26f73d6003c6c5173cab3998c93159ca07155205188000070000008579000000000000fffffeff
1493,1943,48165,-0.046836514,0.928962035,-2.495589972,0.153457755,0.943857485,-2.427577586,0.212050356,cb392e2f0000003c64527838032440000a200000fa04010000000000ffffffff023fbe55031ef13c,3a549f327d036765a93c5637784835591a036e4b0518700008000000906e000000000000fffffdff
1494,1944,48166,-0.074836866,0.952835333,-2.495589972,0.145673303,0.951567275,-2.422931723,0.232175717,1936b2340000003c2b7f46790324a00008100000fc02000000000000ffffffff151b74253414ec2c,33536734ba032a31a73c4f373e4832597ab882320518700008000000916e000000000000fffffdff
1495,1945,48167,-0.055568125,0.937077604,-2.495589972,0.145643704,0.942876854,-2.426435160,0.212843180,a4380e310000003c7ad7f05f03289000081c10019b42160903000000ffffffffe96dcf40003e4805,325365328c03576fa83c52373d483459dd4053460518700008000000916e000000000000fffffdff
1496,1946,48168,-0.044291028,0.969725860,-2.495589972,0.139990356,0.949521476,-2.444104672,0.192402135,213a99380000003c8782ba200310300114346001aa2b270300000000fffffffff035e4344f007f53,7352ee33a402df6fab3c493713483c59acc442480518700008000000906f000000000000fffffdff
1497,1947,48169,-0.071166629,0.915774235,-2.495589972,0.109474117,0.982812215,-2.476625712,0.193609951,9536222c0000003c8af6737b0830300007289000b12b150b03000000ffffffff7032fe353b0b7a40,6c4e9f3bf900a779b23c2b3760464859d772eb4405187000080000008c73000000000000fffffeff
1498,1948,48170,-0.067170808,0.934372414,-2.495589972,0.141766277,0.961728644,-2.440753557,0.217738607,1c376e300000003ce9625274080c70000a3090005e49292906000000fffffffff869bd0b270b2b5f,af52c036d002f8eaae3c5e3720483a598ef4022e05187000080000008f70000000000000fffffdff
1499,1949,48171,-0.127433721,0.915892588,-2.495589972,0.141766277,0.961728644,-2.440753557,0.278525789,282f292c0000003c1593ac6c0a1c3000083090004e43342f0a020000ffffffff036b0000740ef82d,af52c036d002da30a93c423720483a5936f4022e05187000080000008f70000000000000fffffdff
1500,1950,48172,-0.146465672,0.917211367,-2.495589972,0.121550378,0.993632973,-2.457585290,0.281277836,a52c772c0000003cbc226f180a0c7000083090005c3f392107030000ffffffff5160e11a5207d2b8,04501f3ef3016acfad3c233714473f59bb5c1d0b05187000080000008d72000000000000fffffeff
1501,1951,48173,-0.047813271,0.898105966,-2.495589972,0.127203726,0.966428911,-2.468476411,0.189826550,aa390d280000003ca1a8f473081ca0000c0c90007b401c190d000000ffffffffb169400c560ad4d7,c350d6376401218daf3c3b3768474659fd4c034705187000080000008d72000000000000fffffdff
1502,1952,48174,-0.044261429,0.968812859,-2.495589972,0.131643528,0.979363098,-2.454919631,0.180853361,223a63380000003cae5c4e640a1c3000083090004e43342f0a020000ffffffff4f645510c503bcdb,5951d33a16023642ac3c3137aa473f590cd0d42505187000080000008d72000000000000fffffdff
1503,1953,48175,-0.046274139,0.922097616,-2.495589972,0.150113105,0.954627521,-2.450883062,0.204021695,de39982d0000003c382cce56083070000a0c9000b0241e0903000000ffffffff3f67101c3a07098c,c9531c354b02576dac3c4e375f483e59ea9e7d4f05187000080000008e71000000000000fffffdff
1504,1954,48176,-0.045948554,0.901538175,-2.495589972,0.150468289,0.965346835,-2.443190731,0.213065252,e939d8280000003c38511c39081cc0000a0c90007b401d1b0c000000ffffffff356ac816fb0f48e7,d5539637b0027817ae3c573761483a59afc69d3205187000080000008e71000000000000fffffdff
1505,1955,48177,-0.046510929,0.966986856,-2.495589972,0.121550378,0.993632973,-2.457585290,0.174353016,d639f7370000003ce061d77f0a0c70000824c0006d5f1b1008010000ffffffffd16beb0a720fb2c8,04501f3ef301e013b63c5a3714473f5938611d0b05187000080000008d72000000000000fffffeff
1506,1956,48178,-0.042485508,0.968102747,-2.495589972,0.116696195,1.002712266,-2.495589972,0.162900685,5e3a39380000003c48b05e140a0c70000824c0006b55251207020000ffffffff557b412bd834274b,604f38400000ff6eb73c3237cb464e59c4564d4e0518700008000000807f000000000000fffffeff
1507,1957,48179,-0.137053292,0.962540201,-2.495589972,0.131643528,0.979363098,-2.454919631,0.272277556,e32df0360000003c14f33d6f130c400116105001bc22120807000000ffffffff7d6c362a601e6db8,5951d33a1602c8ecb33c5b37aa473f599dd0d42505187000080000008d72000000000000fffffdff
1508,1958,48180,-0.046599725,0.941997667,-2.495589972,0.254774038,0.963131961,-1.158114600,1.371172189,d33931320000003cd166083d0324a00013504000e318030100000000fffffffff8709733373a1b47,99611337994429901d3c0539bc4b2956c4093b3c030870000a240000da22020100000000fffffdff
1509,1959,48181,-0.118761307,0.964619815,-2.495589972,0.139575974,0.973208792,-2.476625712,0.259174777,4d306b370000003c57e55f64034c40001458d000a438190901000000ffffffff314caa51042f181c,65526739f9005f76b13c433710484859a726bc5305187000080000008975000000000000fffffeff
1510,1960,48182,-0.080786200,0.959192528,-2.495589972,0.251251795,0.961542662,-1.161313391,1.374972271,50352a360000003c19ba8a3d031030010934f000ec13000000000000ffffffffb56c4d28991e3d45,2261b5366f444da21c3c0439a14b2c56442b6235030870000a240000da22020100000000fffffdff
1511,1961,48183,-0.042840692,0.941524259,-2.495589972,0.249890256,0.957806119,-1.139454987,1.387464811,523a15320000003c2a98a92c0324a00013504000e318030100000000ffffffff5d6b4020541818ea,f460d8358e451f731f3cff38934b1956d578469f0308a00007000000d429010100000000fffffdff
1512,1962,48184,-0.045563771,0.948236511,-2.495589972,0.132738679,1.005400548,-2.477691975,0.188095266,f639a2330000003cff2c6c670324a000081c3001c820160100000000ffffffff046c2a21ae186d3d,7e51d740eb000b57b73c4637bb474659855aef570518800007000000847b000000000000fffffeff
1513,1963,48185,-0.129209641,0.936959251,-2.495589972,0.144637349,0.983860476,-2.462002668,0.279857117,ec2e07310000003cf44eff6b0324a000081c3001c820160100000000ffffffff21793c56133bc825,1053dd3bb901f029b23c4f373648415973c2ce2f05187000080000008a75000000000000fffffeff
1514,1964,48186,-0.033369115,0.968491618,-2.495589972,0.257793104,0.953241111,-1.157886115,1.369109062,923b50380000003c3480ba200300000000000000ff00000000000000ffffffff846ef01e671d44de,ff61ca349c4488c01e3c0639d14b2b568f19fd07030870000a240000d923020200000000fffffdff
1515,1965,48187,-0.043195876,0.945768025,-2.495589972,0.248972697,0.957417248,-1.161922685,1.365344869,463a10330000003c91a81d0b0324a00013506001db1e050100000000ffffffffb4730a58e632c0e3,d560c13567443bbb203c07398f4b2d56bea1b053030870000a000000da22020200000000fffffdff
1516,1966,48188,-0.038430489,0.970402158,-2.495589972,0.251251795,0.961542662,-1.161313391,1.365389435,e73ac1380000003c87bc45730300000000000000ff00000000000000ffffffffff7f504e2835a8f5,2261b5366f4472cf213c0639a14b2c56df296235030870000a240000da22020100000000fffffdff
1517,1967,48189,-0.035322628,0.969489156,-2.495589972,0.250807815,0.968136562,-1.186065939,1.340419953,503b8b380000003c2d4d4c4f0300000000000000ff00000000000000ffffffff3a71bf31a93b55a5,13613b382a4330d3223c0f39a24b4156557a72340308a00007240000db1f030200000000fffffdff
1518,1968,48190,-0.032481154,0.971839290,-2.495589972,0.225530542,0.986971444,-1.257200954,1.265071688,b03b16390000003c9454de72034c40001458d000a438190901000000ffffffff906c2941453e6436,bd5d953c843f00d51f3c2b39e04a7b56411abb430308a00007240000d51b0c0300000000fffffcff
1519,1969,48191,-0.031149214,0.970723399,-2.495589972,0.250807815,0.968136562,-1.186065939,1.339537103,dd3bd4380000003c2ddcfc260310300114346001aa2b270300000000ffffffff6d63cd45793340e1,13613b382a4375ab1a3c0c39a24b41565f7b72340308a00007240000db1f030200000000fffffdff
1520,1970,48192,-0.041153568,0.972955180,-2.495589972,0.245924033,0.961221421,-1.188731598,1.338069519,8b3a58390000003c4ef4046b034c40001458d000e70f080000000000ffffffffb43fe154283198db,6e60a236074320ca203c0f397a4b4456412e710f0308a00007240000da20030200000000fffffcff
1521,1971,48193,-0.047487685,0.980022488,-2.495589972,0.236511652,0.999060260,-1.228564160,1.298604046,b539fa3a0000003c34a0e5210310f0000d241001ea15000000000000ffffffff523eff7f6c37adb0,305f603ffc406005253c2239394b605610ceba120308a00007240000d81d080200000000fffffdff
1522,1972,48194,-0.038963265,0.973665293,-2.495589972,0.237873192,0.971619493,-1.224832237,1.300564427,d53a82390000003c78c301310310d00000000000ff00000000000000ffffffffed2f604e882228e3,5e5f09392d415ace203c1d39424b62568b9e72480308a00007240000da1d060200000000fffffcff
1523,1973,48195,-0.043047883,0.983640679,-2.495589972,0.244118513,0.983184179,-1.215235865,1.312162866,4b3ad03b0000003cb9b83277032440000a3c8000fb03010000000000ffffffffb93e9d55ac1d37b7,3160b53bab41a0dc233c1a39724b5756b4ae622f0308a00007240000db1d050200000000fffffdff
1524,1974,48196,-0.039140857,0.984164810,-2.495589972,0.258503472,0.959649029,-1.188274628,1.340994623,cf3aef3b0000003c99a8b6750324a00008100000fc02000000000000ffffffffca3e856b693049a3,176245360d437cc81d3c0f39df4b46560fdead4a0308a00007240000db20030200000000fffffdff
1525,1975,48197,-0.034257075,0.976945335,-2.495589972,0.255454808,0.970689584,-1.184923514,1.342318395,743b443a0000003c5f88fb1a0310f0000d000000fb04000000000000ffffffffc63c4d7d792ed8c1,b061d238394329951b3c0d39c64b405604467b3a0308a00007240000db1f030200000000fffffdff
1526,1976,48198,-0.039111259,0.975897074,-2.495589972,0.236511652,0.999060260,-1.228564160,1.296865039,d03a063a0000003c15cd677c0310000000000000fe01000000000000ffffffff254a67543b2059b2,305f603ffc404760153c1e39394b6056adcfba120308a00007240000d81d080200000000fffffdff
1527,1977,48199,-0.036536173,0.983928106,-2.495589972,0.255839591,0.989423022,-1.217444554,1.311171038,273be13b0000003c68409c72032440000a200000fc02010000000000ffffffff0323e82a070e9754,bd61263d8e4181a8193c1a39cd4b59565e466d340308a00007240000da1d060200000000fffffdff
1528,1978,48200,-0.058587190,0.932478781,-2.495589972,0.244118513,0.983184179,-1.215235865,1.316627669,3e38fe2f0000003c830eb47b080ca0000724c0004b49382c04030000ffffffff7923da2f0113174c,3160b53bab41c5b2173c1739724b5756b4af622f0308a00007240000db1d050200000000fffffdff
1529,1979,48201,-0.058823980,0.938125864,-2.495589972,0.320542306,1.012095892,-1.201069791,1.350989578,36384c310000003c7cd2f77e03288000091cc000913f180d09000000ffffffff5225a734de1b1f55,476a63426542f0cdc33cb138e34c4e5691081f120328200007240000c824130100000000fffffeff
1530,1980,48202,-0.059060769,0.944905746,-2.495589972,0.250541427,1.005518900,-1.245852863,1.288941548,2e38dd320000003cff56557b0324a00008447000de130c0100000000fffffffff150cb4f5c2b618f,0a61de40194069bd183c2639a74b7056738e9f550308a00007240000d61a0d0200000000fffffdff
1531,1981,48203,-0.032510753,0.982862937,-2.495589972,0.310981932,1.018655977,-1.206324948,1.334718198,af3ba23b0000003c12058d36031090001350d000f10e000000000000ffffffff9d3fab5527314dab,0469e7432042799cc13caf38bf4c5056884362340328200007240000c824130100000000fffffeff
1532,1982,48204,-0.030823628,0.980140840,-2.495589972,0.313320228,1.013211783,-1.185913616,1.354540822,e83b013b0000003c1d483b220310f0000d241001ea15000000000000ffffffff3531cc3d3e1358cd,5369a5422c431778c43cad38c84c40560a5d379d0328200007000000c821150100000000fffffeff
1533,1983,48205,-0.045386179,0.961863903,-2.495589972,0.255839591,0.976133778,-1.228487998,1.302492996,fc39c8360000003c7024f16d03288000091cc000b52c0e0d04000000ffffffff0330d8369f0a68e3,bd61143afd406cd21c3c1d39cd4b6656830afe4e0308a00007240000da1c070200000000fffffdff
1534,1984,48206,-0.043373469,0.965076316,-2.495589972,0.241365836,0.999770372,-1.264969446,1.263608732,403a86370000003c86a86275080c70000a3090005e49292906000000ffffffff1c33d745900fdcd2,d45f8a3f1e3f54d11b3c2d395b4b8156810e3d4a0308a00007240000d4180f0300000000fffffdff
1535,1985,48207,-0.043166278,0.961103069,-2.495589972,0.315392135,1.020549610,-1.205182522,1.340615311,473a9b360000003c346070290320a000091cc000e212090101000000ffffffff1b3e3049951600e8,996957442f42e18cc13cb038d14c4f56d0558a3d0328200007240000c824120100000000fffffeff
1536,1986,48208,-0.046629323,0.957806119,-2.495589972,0.310981932,1.018655977,-1.206324948,1.339325508,d239d8350000003c72b489170320a000091c0000f207040200000000ffffffffe83da163f60e7bbf,0469e743204240cfc63cb438bf4c50564d4252340328200007240000c824130100000000fffffeff
1537,1987,48209,-0.038933667,0.954914947,-2.495589972,0.309945978,1.011774651,-1.201069791,1.341913756,d63a2d350000003ca37468770300000000000000ff00000000000000ffffffff953c7a72861c818f,e1685042654230cbc43cb238ba4c4d56eff5910b0328200007000000c824130100000000fffffeff
1538,1988,48210,-0.038608081,0.944263263,-2.495589972,0.303227078,1.023964912,-1.235418712,1.308141901,e13ab7320000003cfc00ba140300000000000000ff00000000000000ffffffff053d73496615676c,fe672145a24064cfc53cbe38a34c6956eb3602300328200007240000c825110100000000fffffeff
1539,1989,48211,-0.031948378,0.957992101,-2.495589972,0.269780569,1.036205895,-1.298023618,1.237466334,c23be3350000003c9cb8492e0320a000091c0000f207040200000000ffffffffd03d1e393702bfb8,9463f5476c3d30f6bd3cd6381a4c9a565ba5db440328200007240000c4290f0400000000fffffdff
1540,1990,48212,-0.038667278,0.965634261,-2.495589972,0.303227078,1.023964912,-1.235418712,1.307029387,df3aa7370000003c2cc4776c080cc000072890008d37241205000000ffffffff1129b22a9a045645,fe672145a2401dabbd3cb538a34c6956b43b02300328200007240000c825110100000000fffffeff
1541,1991,48213,-0.061991038,0.918766851,-2.495589972,0.301155170,1.015037786,-1.236484975,1.313959152,cb37d32c0000003cd6e261730830700003289000aa1f1e0c0b000000ffffffff861fb7416235314d,b8671143944020e6c33cbd38994c6b56cbdad2070328200007240000c923120100000000fffffeff
1542,1992,48214,-0.058675986,0.960646568,-2.495589972,0.279192949,1.052825903,-1.271671674,1.273039059,3b3880360000003cf2eed57b033c40000e44d000dd100f0101000000ffffffff52440e5f1014dfb0,d264cc4bc63e4192c43cd338434c8156f8967d8f0328200007240000c726100200000000fffffeff
1543,1993,48215,-0.036506575,0.954390817,-2.495589972,0.289226902,1.024725746,-1.270453087,1.269649434,283b0e350000003c66c0af260300000000000000ff00000000000000ffffffff9b483e43f8125190,25664e45d63e78f3c03cc938684c8656ee62c4430328200007240000c726100200000000fffffeff
1544,1994,48216,-0.033073128,0.961796273,-2.495589972,0.288161350,1.035986098,-1.259333481,1.279463102,9c3bc4360000003cbcb4bc780320a000091c4000c31a190801000000ffffffff8b47c93ac20759ad,0166e847683f1cd4c33cca38664c7a5647df61280328200007240000c825100200000000fffffeff
1545,1995,48217,-0.035737009,0.965313020,-2.495589972,0.309265209,1.028901883,-1.238008209,1.305596401,423b94370000003c23083f6b080ca000073090005e50262308000000ffffffff0c2d9a46c920c98b,ca6845468040819abd3cb838ba4c6b56205e1a3d0328200007240000c825110100000000fffffeff
1546,1996,48218,-0.030823628,0.973107347,-2.495589972,0.317937622,1.017979680,-1.240597706,1.303324028,e83b61390000003cf780ac330324a00004201001f409020000000000ffffffff3a2cc5464021b8fc,ef69bf435e404cdcc03cbb38da4c7056ba249f540328200007240000c825110100000000fffffeff
1547,1997,48219,-0.033931490,0.973360959,-2.495589972,0.279192949,1.052825903,-1.271671674,1.265834740,7f3b70390000003c671e47300324a00004201001f409020000000000ffffffffb028b543bf202754,d264cc4bc63ed992b53cc338434c8156c5968d0f0328200007240000c726100200000000fffffeff
1548,1998,48220,-0.061221473,0.951854702,-2.495589972,0.281235258,1.049630398,-1.310209488,1.237725168,e53778340000003cb4bae2770324a00004201001f309020000000000ffffffff856d1539dd33c8f2,17650f4bcc3c50e5b93cd538464ca3567cfdfd4e0328200007240000c22c0d0400000000fffffeff
1549,1999,48221,-0.036358581,0.973174977,-2.495589972,0.288161350,1.035986098,-1.259333481,1.279682981,2d3b65390000003cd9b46c4b034c400014589000d71b090301000000ffffffffdc314249231d61ab,0166e847683f69b6b83cbc38664c7a56ebdf61280328200007240000c825100200000000fffffeff
1550,2000,48222,-0.030616437,0.974087979,-2.495589972,0.392674290,1.125849115,-1.183628765,1.386884526,ef3b9b390000003cced899790324a000081c4000ee0b050100000000ffffffff742a824e451e58eb,cc73ab5c4a43eda4313cb3390b4e3056ef6d9c390308700009280000ec0e020201000000ffffffff
1551,2001,48223,-0.032303562,0.973496218,-2.495589972,0.303493466,1.032875130,-1.278373903,1.264080875,b63b78390000003c106a453c0324a00008101001f10a030000000000ffffffff0a288c3f121e6cd5,076830476e3e40e7bc3cc6389f4c8d566f35ae530328200007240000c6290f0200000000fffffeff
1552,2002,48224,-0.033783496,0.974848813,-2.495589972,0.387376126,1.123820223,-1.185380484,1.384274832,843bc8390000003ca214b2730324a00008447000e70f080100000000fffffffffa2d8343781a2e44,1973335c3343fdb4303cb339f64d3256fa7eb235030870000a240000ec0e020101000000ffffffff
1553,2003,48225,-0.064506926,0.948574659,-2.495589972,0.390188001,1.120743069,-1.165197637,1.416450917,7637b6330000003c0ebb027503289000081c1001dd10100200000000fffffffff12d3e43101af7c2,78737d5b3c44f98d323cad39044e2056c11ca89e0308900007284000e911020201000000ffffffff
1554,2004,48226,-0.031977977,0.975017888,-2.495589972,0.288990113,1.061905196,-1.292083006,1.248598788,c13bd2390000003c64bca37003289000081c1001dd10100200000000ffffffff1063574ad33a90f9,1d66e54dba3d10cdb63ccc38674c9256dabdff5a0328200007240000c5290e0300000000fffffeff
1555,2005,48227,-0.043343870,0.971568771,-2.495589972,0.301539953,1.048514507,-1.272814100,1.272810406,413a06390000003c9bb184350310300114346001cf1b130100000000ffffffff7f520e54501c47b3,c567cd4ab73edbb0b93cc4389a4c855604be7d350328200007240000c7280f0200000000fffffeff
1556,2006,48228,-0.045119791,0.930466796,-2.495589972,0.393147869,1.117936435,-1.186522909,1.393154686,053a872f0000003ce745cd370324a00008107000f805010000000000ffffffff2c319848461d6f52,dc73d75a2443a7c0323cb4390c4e3456eb85ed08030870000a240000eb0e020201000000ffffffff
1557,2007,48229,-0.066726827,0.950890978,-2.495589972,0.385037830,1.118866344,-1.186218262,1.395263883,2b373f340000003c2b9ff3770324a000081c4000ee0b050100000000ffffffffd613ed362434f80f,ca720e5b2843fabc333cb439ec4d33561785c10e030870000a240000eb0f020201000000ffffffff
1558,2008,48230,-0.054206586,0.959344695,-2.495589972,0.387376126,1.123820223,-1.185380484,1.392370781,d23833360000003cef4d936f033ce00011100000cb170f0a04000000ffffffff670c3438b63e4641,1973335c334308e4343cb339f64d32566d7db235030870000a240000ec0e020101000000ffffffff
1559,2009,48231,-0.052549059,0.964518370,-2.495589972,0.381367594,1.129467306,-1.210894649,1.365991905,0a3965370000003ce769002a0338f0000444d000863f1c1c03000000ffffffffdb0a066cc33b3da0,4e72815de44190ed363cbb39db4d4756da6533340308a00007240000eb0d020201000000ffffffff
1560,2010,48232,-0.114913479,0.976877705,-2.495589972,0.345227605,1.138107005,-1.254916103,1.333040266,cf30403a0000003c4b1fa6370300000000000000ff00000000000000ffffffff200ce631263b4ac0,896d805fa23f68dc373cd239484d6a561ada8b450308a00007240000e50d090202000000ffffffff
1561,2011,48233,-0.150994270,0.982406437,-2.495589972,0.381367594,1.129467306,-1.210894649,1.398384112,0c2c873b0000003c9658b0660338f0000444d000755e180d08000000ffffffff7a1c8746f73a999f,4e72815de44198c32e3cbc39db4d4756346733340308a00007240000eb0d020201000000ffffffff
1562,2012,48234,-0.094667982,0.982490974,-2.495589972,0.376276621,1.120523273,-1.211656266,1.374528099,7b338c3b0000003c6de03e2e0310f0000e44d000c81f140301000000ffffffff340359515139bebc,a271705bda4112c6343cbd39c64d49568131620b0308a00007240000eb0e030201000000ffffffff
1563,2013,48235,-0.130955964,0.979971766,-2.495589972,0.361062899,1.152512140,-1.229249615,1.369478236,b12ef73a0000003c9c2c501a0300000000000000ff00000000000000ffffffffe111963eed3fa8ea,a06fd462f34041a43b3cc7398b4d52565f4dbe950308a000091c0000e90d040202000000ffffffff
1564,2014,48236,-0.184440779,0.980343730,-2.495589972,0.363194004,1.127421506,-1.236256490,1.381107000,a2270d3b0000003c88d874260310f0000e44d000a12b1d1501000000ffffffff4309e3698536f5ad,e86f085d9740fcd7353cc739904d5c5639c223050308a00007240000e90e050201000000ffffffff
1565,2015,48237,-0.115061472,0.978061226,-2.495589972,0.370800865,1.139966823,-1.228031028,1.367106912,ca30863a0000003c2fbcd6680300000000000000ff00000000000000ffffffff9e148a383b31418e,e970ee5f0341e8f8383cc339b04d545624c6d42a0308a00007240000eb0d040202000000ffffffff
1566,2016,48238,-0.119175689,0.983691402,-2.495589972,0.389063251,1.121926590,-1.216682937,1.383119297,3f30d33b0000003ccc18c65f033c10010e109000c01e0f0d05000000ffffffffe21e174391354194,5273c35b984148d1323cbe39f84d4e567186bd4b0308a00007240000eb0d030201000000ffffffff
1567,2017,48239,-0.102541231,0.983437790,-2.495589972,0.390720777,1.132273940,-1.209523738,1.385433493,7132c43b0000003c1e91a87a033c40000e44d000dd100f0101000000ffffffff2c2fcf4da92b235c,8a73275ef64129b6303cbc39004e46560c663d370308a00007240000eb0d020202000000ffffffff
1568,2018,48240,-0.066134854,0.957670859,-2.495589972,0.361062899,1.152512140,-1.229249615,1.350584667,3f37d0350000003c644222350310f0000944e000f509000000000000ffffffffc16d9e161f1c1b44,a06fd462f3405b552a3cc9398b4d5256e04fce150308a000091c0000e90d040202000000ffffffff
1569,2019,48241,-0.156499625,0.938666902,-2.495589972,0.356297512,1.157432203,-1.272509453,1.344152192,522b6c310000003cb2ee1f5c0324a00013506001cb280b0100000000ffffffffba12f3184f1e09c6,ff6ef763bb3e10d0313cd839724d7756a1662e510308a00007248000e40b0b0303000000ffffffff
1570,2020,48242,-0.050832336,0.955151651,-2.495589972,0.370800865,1.139966823,-1.228031028,1.348568455,44393b350000003c461474130324a000113ce000d0210a0201010000ffffffff340d2e1d451d18e2,e970ee5f0341e8ca2c3cc439b04d5456c4c7d42a0308a00007240000eb0d040202000000ffffffff
1571,2021,48243,-0.048967619,0.955219281,-2.495589972,0.427837522,1.199193568,-1.209066768,1.393559668,83393f350000003c306a62300324a000113c8000d3210a0101000000ffffffffd2111a14d01761a3,70789d6dfc41f81a1d3cf138a14e3d565f603e0e03289000021c8000ec08060401000000ffffffff
1572,2022,48244,-0.049293205,0.958769843,-2.495589972,0.378259732,1.134319740,-1.247833067,1.330607596,783911360000003c9fd9a05c0324a0001120f000b7281f0101000000ffffffff8814631dee1cb5a8,e571a05eff3f50dc323cc939ca4d6756d35e0d520308a00007240000e90c050202000000ffffffff
1573,2023,48245,-0.047132501,0.955388356,-2.495589972,0.420437852,1.204570132,-1.211884751,1.388745004,c13949350000003cf195493f0324a000113ce000d0210a0201010000ffffffff9a13471b2219e646,7677db6ed741354a1f3cee38854e3e567a9e102c03289000021c0000ec09050401000000ffffffff
1574,2024,48246,-0.051720296,0.937720086,-2.495589972,0.417744372,1.199464086,-1.193377461,1.408781182,263934310000003c1e93306b0324a0001120f000bf251a0101000000ffffffff3154d12fcf0988f4,1b77ad6dca42bc36203cf5387e4e2e56f59b759a0324a000021c0000ea07070601000000ffffffff
1575,2025,48247,-0.038193700,0.942555612,-2.495589972,0.366094675,1.168658740,-1.252707415,1.326396911,ef3a52320000003ce194737a080ca00007309000523f353107010000ffffffff056b65154b10318d,4a708f66bf3f5cce2d3cd3399c4d645618b3cf5f0308a000091c8000e80b070302000000ffffffff
1576,2026,48248,-0.042515107,0.966953041,-2.495589972,0.378200535,1.148674152,-1.235723359,1.340629739,5d3af5370000003cc978ec360a0c70000824c0006d5f1b1008010000fffffffff46f8f155d0eada9,e371f1619e40d5c62e3cc839cc4d5a56f73aae320308a00007240000ea0c040202000000ffffffff
1577,2027,48249,-0.044557416,0.967139023,-2.495589972,0.422628154,1.207275321,-1.209980709,1.388783272,183a00380000003cb315ce330a0c70000824c000665f231104010000ffffffffa4628f1c440dd022,c0777b6ff041376c1e3cef388f4e3c566d29983d03289000021c8000ec09060401000000ffffffff
1578,2028,48250,-0.031326806,0.940847962,-2.495589972,0.419875477,1.200985756,-1.212494044,1.384770858,d73bed310000003c55c8ae4f032870000824c000504e2f2d04020000ffffffff225c392b340e081d,6377076ecf4128171d3cf438814e3f566ae3f14b03289000021c0000ec09050401000000ffffffff
1579,2029,48251,-0.030912424,0.937381937,-2.495589972,0.420437852,1.204570132,-1.211884751,1.386724809,e53b20310000003c53a45b17032880000724c0005842362903020000ffffffff8b132c222f2bb425,7677db6ed7419b571c3cf538854e3e56ac9f102c03289000021c0000ec09050401000000ffffffff
1580,2030,48252,-0.049618790,0.952801518,-2.495589972,0.420053069,1.211502180,-1.232143759,1.372521045,6d39b0340000003cffba70570344e0000f2440009f281d1a00000000ffffffff8a630516ed080633,69777570cd40275d193cf338804e4f5680ef402a03289000021c8000eb09060301000000ffffffff
1581,2031,48253,-0.112900769,0.917414257,-2.495589972,0.404720953,1.216202447,-1.283172089,1.351726212,1331832c0000003cf45a9f6c081ca0000c0c9000684a261512010000ffffffff925c822a5d0e0808,63758b712f3e6018103ce838364e7a56b5102d4803289000021c8000e210080302000000ffffffff
1582,2032,48254,-0.040058416,0.937821531,-2.495589972,0.420053069,1.211502180,-1.232143759,1.372188037,b03a3a310000003c09318630032880000724c0005842362903020000ffffffff6a6add3d740cb0ba,69777570cd40f3591d3ce838804e4f5657ee402a03289000021c8000eb09060301000000ffffffff
1583,2033,48255,-0.035559417,0.923585470,-2.495589972,0.418809924,1.204282705,-1.235494873,1.368605894,483bf02d0000003ce1761d340320a0000724c0008e4e190901000000fffffffff86287298012fcba,3f77ca6ea1406812193cf038774e5356fc2ea34603289000021c8000eb09060401000000ffffffff
1584,2034,48256,-0.057965618,0.981324361,-2.495589972,0.401820282,1.232399770,-1.260399745,1.341691779,5338473b0000003c022c1e6303289000081cc000ac37100704000000ffffffffcb65b331a11de81c,017549755a3f6428113cf238374e6456aa9fdb9803289000021c8000e50c0a0301000000ffffffff
1585,2035,48257,-0.054591368,0.980529711,-2.495589972,0.415909254,1.209304214,-1.259638128,1.342119804,c538183b0000003c6498ae100324a00013104001e911050100000000ffffffffbe61843de61f3b4e,dd76f36f643f000d153cec38664e6856284e264103289000021c8000e90b060301000000ffffffff
1586,2036,48258,-0.053407421,0.978991135,-2.495589972,0.412120623,1.222373661,-1.249813270,1.352002590,ed38bd3a0000003c54fc9a310324a000044c8000f409010000000000ffffffff3063a30fb2009a33,5d76f872e53f1f5b153cf2385f4e5d569177c12303289000021c8000e90a080301000000ffffffff
1587,2037,48259,-0.109970499,0.833451935,-2.495589972,0.431300568,1.205838189,-1.234200125,1.422234241,76311d190000003c5dd65e30083070000a0c9000d5180e0301000000ffffffffea5be9202f05c046,e578266fb240bc231a3cec38a94e53563520cf5103289000021c8000eb0a060401000000ffffffff
1588,2038,48260,-0.096651093,0.915723513,-2.495589972,0.424374476,1.216151725,-1.231001334,1.400324668,38331f2c0000003c0e7f6f67083070000a0c9000a324200d0b000000ffffffffe774624ee61945a8,fb778871dc40af731c3ce938934e4e562659893a03289000021c8000eb09070301000000ffffffff
1589,2039,48261,-0.058646388,0.975846352,-2.495589972,0.401820282,1.232399770,-1.260399745,1.342960947,3c38033a0000003ce275ec39032440000a200000fc02010000000000ffffffff971b8236ab1f1181,017549755a3f399a1a3cda38374e6456b3a0eb1803289000021c8000e50c0a0301000000ffffffff
1590,2040,48262,-0.044527817,0.976116871,-2.495589972,0.421947385,1.230387785,-1.250879534,1.353350245,193a133a0000003cefa9883e0324a000113c8000e711050101000000ffffffffa50df012390eb4d5,a977d274d73fff71193ce338894e5d56d4183b3703289000021c8000e70b090301000000ffffffff
1591,2041,48263,-0.044853403,0.973141162,-2.495589972,0.412120623,1.222373661,-1.249813270,1.350148765,0e3a63390000003cb6c931330a0c80000724c0005a572b1e04010000ffffffffef144c0f830a9196,5d76f872e53f17641b3ce1385f4e5d56f675c12303289000021c8000e90a080301000000ffffffff
1592,2042,48264,-0.044202232,0.974629017,-2.495589972,0.416560425,1.265707417,-1.344786893,1.273332865,243abb390000003c8805636c08287000033090004e41392e08010000ffffffff3511da00560ec033,f376fb7c063bef6c093c5139604ea856953858a40328900007088000c62c090301000000ffffffff
1593,2043,48265,-0.049115613,0.915452994,-2.495589972,0.414310925,1.265031119,-1.357582056,1.277509701,7e390f2c0000003c852f80590a0c800007309000513b3a2f07030000ffffffff8712640f4c1158e4,a776d37c5e3a74db0c3c5139534eb25632f0002d0328900007088000c72f060300000000ffffffff
1594,2044,48266,-0.046777317,0.973022810,-2.495589972,0.414310925,1.265031119,-1.357582056,1.262114588,cd395c390000003c784ce3230a0c80000724c0006259241708010000ffffffff1b134011b410b19f,a776d37c5e3a78d60a3c5639534eb2567ef1002d0328900007088000c72f060300000000ffffffff
1595,2045,48267,-0.042959087,0.973124255,-2.495589972,0.418750727,1.249932780,-1.273499555,1.335404021,4e3a62390000003c931b04330a0c80000724c0006259241708010000ffffffff5f11140cac1da341,3d775679ae3e49a0153cdb387d4e6e5643f0de2f03289000021c8000e00e0d0201000000ffffffff
1596,2046,48268,-0.047961264,0.937618641,-2.495589972,0.413482162,1.261125502,-1.357277410,1.270174088,a5392e310000003c7a7f20190324a0001138f000c129120201010000ffffffff3d1a010c7000f642,8b76ec7b623ac9990b3c53394f4eb2569018c3090328900007088000c62f060300000000ffffffff
1597,2047,48269,-0.055301737,0.811928770,-2.495589972,0.410344702,1.265944121,-1.369006309,1.300825619,ad3824140000003c4c0bb16c083070000a0c5000d8180c0200000000fffffffffc11c206260dd5b4,2176097dc83960e50e3c5239414ebb5664a8c22c0328900007088000c134060400000000ffffffff
1598,2048,48270,-0.046244541,0.974493757,-2.495589972,0.416205241,1.267956105,-1.358724482,1.261920398,df39b3390000003c724cb05f0a0c800007309000543e382d05030000fffffffffc1a26172a09181e,e776807d4f3a68f70a3c56395b4eb3565a22793f0328900007088000c52f070300000000ffffffff
1599,2049,48271,-0.042633502,0.915436087,-2.495589972,0.428429496,1.217825561,-1.259790451,1.356665101,593a0e2c0000003c4ee02526081cc0000a0c90008a3a1a170a000000ffffffff471c79180b089cd2,8478eb71623f2a30163ce7389a4e685614705f5703289000021c8000e80c080301000000ffffffff
1600,2050,48272,-0.038874469,0.916349088,-2.495589972,0.415021293,1.240633691,-1.294977150,1.323878020,d83a442c0000003c026a5a7e081cc0000a0c90008a3a1a170a000000ffffffff6d1c89174b036cc8,bf763077943d963a103cdd38624e8256049c7f5c03289000021c8000dc130b0202000000ffffffff
1601,2051,48273,-0.039022463,0.925496011,-2.495589972,0.399837170,1.258842998,-1.383629353,1.241037634,d33a612e0000003c75381270083070000a0c9000b92b150402000000ffffffff8220f220ba027f52,be74657b083955af103c5939124ec856b576cd480328900007088000b83b060600000000ffffffff
1602,2052,48274,-0.059060769,0.901943954,-2.495589972,0.419875477,1.261937059,-1.359486099,1.284409192,2e38f0280000003c151ac3380830700003289000c4260e0403000000ffffffffb715751a030780ee,63771c7c453a8dab0b3c5439684eb55677575f130328900007088000c52f070300000000ffffffff
1603,2053,48275,-0.040857581,0.917803128,-2.495589972,0.408420788,1.259367128,-1.370910352,1.258340680,953a9a2c0000003c2a057337081cc0000a0c9000873c1e1609000000ffffffffe417fc0d0904b19e,e075847baf39a99c0e3c5539374ebe56061125040328900007088000c035060400000000ffffffff
1604,2054,48276,-0.040443199,0.931210724,-2.495589972,0.404809749,1.270644388,-1.371367322,1.255922755,a33ab32f0000003c4e68b254083070000a0c9000b6251c0702000000ffffffff6c127d3bff0c6acf,66751f7ea9391fb20f3c52392c4ebc564b5c9fa00328900007088000bd36070400000000ffffffff
1605,2055,48277,-0.051690698,0.979768877,-2.495589972,0.414192530,1.262478097,-1.376622478,1.244612364,2739eb3a0000003c5ee39635032070000a24c000665b291203000000ffffffffe822b224d101eda8,a3763c7c64397bbb0d3c58394d4ec256959fae530328900007088000be36060400000000ffffffff
1606,2056,48278,-0.052016283,0.984046458,-2.495589972,0.412446208,1.270509128,-1.374185304,1.247130585,1c39e83b0000003cd7b173790830700003289000b327170707000000ffffffff9427f92d110ad98a,6876177e843908ed0c3c5a39484ebf5659735d370328900007088000be36070400000000ffffffff
1607,2057,48279,-0.049174810,0.983403975,-2.495589972,0.404809749,1.270644388,-1.371367322,1.245987801,7c39c23b0000003ce760bc7a080c70000a309000583a363006020000ffffffff4c1c161f050da760,66751f7ea939a4340b3c5c392c4ebc56d05f9f200328900007088000bd36070400000000ffffffff
1608,2058,48280,-0.055923309,0.982930567,-2.495589972,0.404661755,1.278759956,-1.389417641,1.234208594,9838a63b0000003c4c20a10f080ca0000724c0004c433e2c04030000ffffffffda1f11276c0e9985,6175ff7fbc383dbe0e3c6039274eca56f1e70f5e0328900007202000b43c090600000000ffffffff
1609,2059,48281,-0.047221297,0.982237362,-2.495589972,0.410344702,1.265944121,-1.369006309,1.248618002,be397d3b0000003c34a9f9270320a0000724c0004c483a2a04020000ffffffffd01f8127ca0eb1a1,2176097dc83958ed0a3c5a39414ebb56d3a9c22c0328900007088000c134060400000000ffffffff
1610,2060,48282,-0.056367289,0.982119010,-2.495589972,0.325692476,1.121064311,-1.348823463,1.216695889,8938763b0000003c3f0c04150320a0000724c0004c483a2a04020000ffffffff8d25b535e11b0984,f56a905bd13ae984b13cba38f04cbb56a84a49a40328700002245000b241070401000000fffffeff
1611,2061,48283,-0.045830159,0.977418743,-2.495589972,0.313823405,1.112306259,-1.379745107,1.180108084,ed39603a0000003cb156557b0324a00008447000de130c0100000000ffffffff7957f93ec31b1809,64698a593b3980eead3cc238be4cd656559b420b0328700002245000a651070200000000fffffeff
1612,2062,48284,-0.065809268,0.980005581,-2.495589972,0.402145867,1.265656694,-1.392921079,1.231445189,4a37f93a0000003c2385b43c0324a00008107000ee0b050000000000ffffffff7c174b29571c7436,0c75f87c8e3849bc103c5d391b4ecf567d1f2f550328900007202000b43d070600000000ffffffff
1613,2063,48285,-0.054324980,0.977418743,-2.495589972,0.277328233,1.116194969,-1.439912839,1.115216079,ce38603a0000003c171c10250324a0000844f000d11a110101000000ffffffff251afc3b9c14f990,9364705a2536d010a23cd038294c0757c930bc4603287000022450009756110100000000fffffeff
1614,2064,48286,-0.048967619,0.975981611,-2.495589972,0.320157523,1.121098125,-1.383096221,1.181081927,83390b3a0000003cbe501a7403289000081c1001d5190d0301000000ffffffff571af9238813dfb6,3a6a925b0f397982ab3cba38d64cd856110e983f0328700002245000a552060200000000fffffeff
1615,2065,48287,-0.052016283,0.978247208,-2.495589972,0.296448980,1.123448259,-1.411656854,1.147790220,1c39913a0000003c1bd4f05f03289000081c10019b42160903000000ffffffff921af636a41f6d3a,19671d5c983759c4a83ccd38774cee56bd9b322a03287000022450009e57090100000000fffffeff
1616,2066,48288,-0.055153743,0.975829444,-2.495589972,0.328237963,1.115772283,-1.385000263,1.183208645,b238023a0000003c0ce821260324a000113c8000e711050101000000ffffffffc912ad33701451a7,4b6b575af638f6ceab3cbd38f54cdb5612c4af580328700002245000a551060200000000fffffeff
1617,2067,48289,-0.050773139,0.976032334,-2.495589972,0.316220899,1.117834991,-1.381953796,1.181091930,46390e3a0000003c3bcc805603289000081c1001d4190e0301000000ffffffffc1591833bb1078e0,b569d15a1e394998ab3cb838c74cd7568b3702340328700002245000a552060200000000fffffeff
1618,2068,48290,-0.059859934,0.981036934,-2.495589972,0.316220899,1.117834991,-1.381953796,1.183357947,1338363b0000003cab94077503288000091cc000a6380f0c06000000fffffffffb1bb31802080b59,b569d15a1e39f1afad3cc438c74cd756413b02340328700002245000a552060200000000fffffeff
1619,2069,48291,-0.055716118,0.915994032,-2.495589972,0.296448980,1.123448259,-1.411656854,1.158433648,9f382f2c0000003c7c52e12f081cc0000a0c90008a3a1a170a000000fffffffff511df1095103b4d,19671d5c9837df5da53cb638774cee56c39b322a03287000022450009e57090100000000fffffeff
1620,2070,48292,-0.051542704,0.925597455,-2.495589972,0.279074555,1.135148204,-1.432372832,1.132982777,2c39672e0000003c6edaf02d0a0c80000724c0006259241708010000ffffffff17257d2e6f12a193,ce64d15e8836f19ca53cd638314cfd56ab6b0d92032870000224500099580d0100000000fffffeff
1621,2071,48293,-0.048346047,0.978247208,-2.495589972,0.299112861,1.112796575,-1.413484734,1.144457500,9839913a0000003cf29d547903288000091cc000913f180d09000000ffffffffa514e70e150b8c29,7367a7598037a806a73cc938804cf256d5f2340303287000022450009e56090100000000fffffeff
1622,2072,48294,-0.052341869,0.916010940,-2.495589972,0.279074555,1.135148204,-1.432372832,1.135028049,1139302c0000003c4607636c08287000033090004e41392e08010000ffffffff310e2d333256d35c,ce64d15e883609919f3cb638314cfd56ed6a1d92032870000224500099580d0100000000fffffeff
1623,2073,48295,-0.052253073,0.974612109,-2.495589972,0.380657226,1.185988861,-1.404573817,1.192647352,1439ba390000003c0cf5d1270434e0000344f000e20e0b0201010000ffffffff9607682cb7331014,3672906af53718e4823c8938be4de4562a82043a03287000090880009762040101000000ffffffff
1624,2074,48296,-0.050506751,0.960646568,-2.495589972,0.287184593,1.132814978,-1.459562554,1.103190924,4f3980360000003cb1b206790e0c10010f102001ae28151103000000ffffffffce38875739300b40,e065475e233588ed9d3cc8384d4c15579c6c8d4b0328700002149000925a120000000000fffffeff
1625,2075,48297,-0.071581011,0.960900179,-2.495589972,0.310567551,1.130633919,-1.416455040,1.157315543,87368f360000003ccb6ec57b0310f0000d241001ea15000000000000ffffffff3903b621b34b3f3e,f668c65d5937298fa53cbd38ad4cf2565db5fb3b03287000022450009e58080100000000fffffeff
1626,2076,48298,-0.045711764,0.971247530,-2.495589972,0.378052542,1.182911708,-1.404116847,1.189828346,f139f3380000003c4f09905d0e101001033c20019b540d0201000000ffffffff841dcb42073b8d4d,de71da69fb3794de823c8a38b44de456243e311603287000090880009762040101000000ffffffff
1627,2077,48299,-0.057906421,0.963791351,-2.495589972,0.380657226,1.185988861,-1.404573817,1.196672911,55383a370000003c8b33c0250310f0000e44d000c81f140301000000ffffffff0c092e3e374c8b48,3672906af53777b47d3c8738be4de456fe82043a03287000090880009762040101000000ffffffff
1628,2078,48300,-0.052460263,0.970621954,-2.495589972,0.388796863,1.181423853,-1.368168531,1.228911875,0d39ce380000003c5de6a174043830000f341001b92e0f0504010000ffffffffe9430c68ff7f7c40,49738269d3399991813c7c38e44dc756a710d99d0328700009088000ab4b050301000000ffffffff
1629,2079,48301,-0.076523991,0.984333884,-2.495589972,0.297899315,1.143128513,-1.445015672,1.126550001,e035f93b0000003c4ce25d750d404000000000007f7c040000000000ffffffff1b1a8c516156e439,4a67a960e235e4dc9f3cc038784c08576a1c5f540328700002245000965b0d0100000000fffffeff
1630,2080,48302,-0.058054414,0.974848813,-2.495589972,0.313912201,1.118443658,-1.423690400,1.143655251,5038c8390000003cd161133a043430000e3c0001c03c020100000000ffffffff425a0925600260f5,6769f55afa3630e3a63cc238b84cfb565d4cee5103287000022450009d58090100000000fffffeff
1631,2081,48303,-0.035293029,0.945396062,-2.495589972,0.388293685,1.190029738,-1.411580692,1.189263410,513bfa320000003ca275bb6b083070000a0c9000b228160707000000ffffffffd762461830094f6f,38737f6b9937adb47e3c8a38da4de95690857e3203287000090880009662050200000000ffffffff
1632,2082,48304,-0.044231830,0.897192964,-2.495589972,0.362750024,1.197249212,-1.429631012,1.179803579,233ad7270000003cfec48c79081ca0000c0c90007b401c190d000000ffffffffbd7248280b1e6192,d96f2a6dac36a0ed833c9538754df6568d72043103287000090880009167060100000000ffffffff
1633,2083,48305,-0.044675811,0.941727148,-2.495589972,0.385629804,1.178752479,-1.410590590,1.191036350,143a21320000003ca2451d300324a00013108000e516030000000000fffffffff061342dcc123c31,de72e468a637a8e2803c8a38d04dea56b5b92b4403287000090880009663050100000000ffffffff
1634,2084,48306,-0.104228355,0.936536566,-2.495589972,0.369054543,1.188660236,-1.446005774,1.178639060,3832ee300000003c4a7b8b7703289000081cc000ac37100704000000ffffffffdf627e460834813a,ae702e6bd535e8ed7e3c96388b4d05571be25b4a03287000090880008e69070100000000ffffffff
1635,2085,48307,-0.095141560,0.959327788,-2.495589972,0.359138985,1.186851140,-1.433591419,1.177275930,6b3332360000003cabc6ac78034c40001458d000e70f080000000000ffffffff7d6ec728fa1e802b,5f6fc36a783658ea813c9638664dfb569616630803287000090880009067060100000000ffffffff
1636,2086,48308,-0.129357635,0.942149834,-2.495589972,0.343540480,1.206768098,-1.475861155,1.154773706,e72e3a320000003c5e867f1e0324a00013504000e318030100000000ffffffff966c1b161e103545,506d5d6f4d3498e17d3ca538244d1a57e13dcd4a032870000920500086690e0100000000ffffffff
1637,2087,48309,-0.126516162,0.927592533,-2.495589972,0.362750024,1.197249212,-1.429631012,1.203480216,472fdd2e0000003cb0ee3f620a0c70000824c0006d5f1b1008010000ffffffff6c625e3d99200007,d96f2a6dac362cc1793c9038754df6569873043103287000090880009167060100000000ffffffff
1638,2088,48310,-0.068295557,0.978669893,-2.495589972,0.351591321,1.203386611,-1.437551827,1.160278979,f636aa3a0000003cdffe9a310324a000044c8000f409010000000000ffffffff0f60d423250d9e3a,606e956e4436a999843c9b38494dfb56ed51fd8e03287000090880009066070100000000ffffffff
1639,2089,48311,-0.103873171,0.927846144,-2.495589972,0.341409375,1.194882172,-1.458343967,1.159941404,4432ec2e0000003cea4e5e72032870000824c000504e2f2d04020000ffffffffa8309947022de8e6,086d9e6c3335e0ee803ca1381f4d0d57ee05cb4403287000090880008b680a0100000000ffffffff
1640,2090,48312,-0.045800560,0.982795308,-2.495589972,0.357274268,1.220581473,-1.463827609,1.132936517,ee399e3b0000003cbcd071330310f0000944e000f509000000000000ffffffffcb7e544f5b36f8cb,206f8e72eb34a8d4793c9f385b4d0e5724da3e5303287000092050008a680b0100000000ffffffff
1641,2091,48313,-0.035944200,0.968762137,-2.495589972,0.374411904,1.204282705,-1.439912839,1.156856205,3b3b60380000003c8acd0f5b0300000000000000ff00000000000000ffffffff6373fe5aa53710d4,6371ca6e253600c37b3c9438a14dfe5600fe2d7503287000090880009067070100000000ffffffff
1642,2092,48314,-0.038963265,0.968525433,-2.495589972,0.351591321,1.203386611,-1.437551827,1.152014485,d53a52380000003cecd5b53e0300000000000000ff00000000000000ffffffff6b30043eee123bc4,606e956e4436a99b773c9438494dfb56d051fd8e03287000090880009066070100000000ffffffff
1643,2093,48315,-0.144216172,0.976505742,-2.495589972,0.383409903,1.207883989,-1.513789675,1.138357146,f12c2a3a0000003c13f8436803288000091cc000b52c0e0d04000000ffffffff7b7d7156973a7993,93729f6f5b324010823cc738b84d3c5729cfba9d0328700008245000726c1f0101000000ffffffff
1644,2094,48316,-0.036506575,0.967680061,-2.495589972,0.330428265,1.225822778,-1.576318419,1.022907144,283b20380000003cd5ba2c240300000000000000ff00000000000000ffffffff10353347051a5b3a,956bc473262f5da4913cc738e64c6c574c86fc050a0c70000520600069563d0202000000ffffffff
1645,2095,48317,-0.179556997,0.974899536,-2.495589972,0.368166582,1.206801913,-1.539075355,1.126365857,4728cb390000003c2d6c612903289000081c4000e00d0b0700000000ffffffffc6106e3e1040b188,90705f6f0f31cda7873cc6387a4d515766c8420d0a0c7000081490006c642d0101000000ffffffff
1646,2096,48318,-0.089547410,0.980817138,-2.495589972,0.373316753,1.214951297,-1.541055558,1.086369175,2834293b0000003c2b951b2c0310f0000e44d000a12b1d1501000000ffffffff0979f652453214df,3e714171f530b013873cc2388e4d525724e9b63b0a0c7000081490006d642d0101000000ffffffff
1647,2097,48319,-0.037157746,0.969979472,-2.495589972,0.358902196,1.224723794,-1.554155368,1.052642987,123ba8380000003c85e4db660300000000000000ff00000000000000ffffffff5e33854c711610fa,576f8373493098158b3cc138554d5a57ba88b6340a0c7000081490006b5c350101000000ffffffff
1648,2098,48320,-0.148626376,0.974696646,-2.495589972,0.351472927,1.213531072,-1.561238405,1.086348952,5c2cbf390000003cdfc1f63e03288000091c0000d511100900000000ffffffff874405380900842e,5c6eed70ec2f71a28c3cc638384d6257067d33060a0c7000081490006a5b380101000000ffffffff
1649,2099,48321,-0.078921484,0.915774235,-2.495589972,0.374885483,1.215002019,-1.543111924,1.096673361,8f35222c0000003c15ae1a3e0830300007280000bc29100802000000ffffffff523aab49ea1680f0,73714471da301818873ccc38944d53577f13be740a0c7000081490006d632d0101000000ffffffff
1650,2100,48322,-0.130659977,0.974578294,-2.495589972,0.376010233,1.206835728,-1.546006068,1.101075750,bb2eb8390000003c84d1bb6d0320a000091c4000e00e0a0700000000ffffffff0000f02a81465642,9971616fb430f19a873cc938974d57578b6bbd4b0a0c7000081490006c632e0101000000ffffffff
1651,2101,48323,-0.046806915,0.968339451,-2.495589972,0.373316753,1.214951297,-1.541055558,1.071660975,cc3947380000003ca4be257d0e103000113c2001de15050402000000ffffffffe43de5388b032a43,3e714171f53040ff863ccc388e4d5257d5e9b63b0a0c7000081490006d642d0101000000ffffffff
1652,2102,48324,-0.074925662,0.925293121,-2.495589972,0.358902196,1.224723794,-1.554155368,1.078964527,1636552e0000003c126bf77a080cc000072890008d37241205000000ffffffff9c489c433413782b,576f83734930d0fe893cd238554d5a57ab89b6340a0c7000081490006b5c350101000000ffffffff
1653,2103,48325,-0.081022990,0.941490444,-2.495589972,0.348424263,1.233177512,-1.560095980,1.069885646,483513320000003c5be2ca7d0320a000091c4000c31a190801000000ffffffff5559ce2bf60dc02c,f56d7775fb2ff82f8b3cd7382c4d5d57a156ce100a0c7000081490006a5a380101000000ffffffff
1654,2104,48326,-0.094993567,0.933104356,-2.495589972,0.348424263,1.233177512,-1.560095980,1.077873962,703323300000003cbaf23b7b032880000730900054403b2a03030000ffffffff6252ea2c0303ec26,f56d7775fb2f58d58e3cbf382c4d5d574754ce900a0c7000081490006a5a380101000000ffffffff
1655,2105,48327,-0.086676338,0.916585792,-2.495589972,0.330309870,1.168066980,-1.534962624,1.076998230,8934522c0000003ccd8adb7b0830700003289000bb23120906000000ffffffff7163633ed51f693a,916b6c664531e81e983c9f38ea4c5257a200543703287000052090006866300100000000ffffffff
1656,2106,48328,-0.102156448,0.947965992,-2.495589972,0.364525945,1.227631873,-1.569463867,1.074111270,7e3292330000003c8d72ed760324a000044c8000f409010000000000ffffffffaf497a558b207c28,15702f74802ff42c8b3ccf38694d6757bee76e6d0a0c7000081490006b58390201000000ffffffff
1657,2107,48329,-0.079335865,0.953629982,-2.495589972,0.344783625,1.232078528,-1.588808936,1.039068228,8135e1340000003c85eecb7b032440000a200000fc02010000000000ffffffff4535bf4866187b4d,7a6d3675822ea99b903ccf381b4d765784c35d4b0a0c70000814600069523f0302000000ffffffff
1658,2108,48330,-0.069686695,0.949098790,-2.495589972,0.325603680,1.163045472,-1.536866666,1.058856950,c736d5330000003c8afa437b03289000081c4000e00d0b0700000000ffffffff805804342a13c73b,f26a43652c31799e993ca138d74c54576020520d03287000052090006865310100000000ffffffff
1659,2109,48331,-0.093395238,0.938565458,-2.495589972,0.352360887,1.241005654,-1.578146300,1.063894490,a63366310000003c35f7f97803288000091cc000a7380f0c05000000ffffffffd34b3d495a182c2d,7a6e46770e2f63528e3cd338394d6c57df8f1f580a0c70000814900069553c0202000000ffffffff
1660,2110,48332,-0.081674161,0.948625382,-2.495589972,0.330309870,1.168066980,-1.534962624,1.068031066,3235b9330000003c0b07397b03289000081c4000e909090300000000ffffffff3d3723661b7da636,916b6c66453140f7983ca938ea4c52571301543703287000052090006866300100000000ffffffff
1661,2111,48333,-0.071669807,0.983928106,-2.495589972,0.360234136,1.218907637,-1.572891143,1.045528347,8436e13b0000003c4d7ab57d0d404000000000008d6e040000000000ffffffff42749b3e8349ca35,846f2b72532ff19a8c3ccc38584d6b578983bb4d0a0c7000081490006a583a0201000000ffffffff
1662,2112,48334,-0.116304617,0.971450419,-2.495589972,0.319476753,1.177670403,-1.553926883,1.057904275,a030ff380000003c6621fe31044c300014346001b02c1a0801000000ffffffff866d1541033ec247,236aa4684c3034309b3c9b38be4c60573c60c52e0a0c7000052060006560370101000000ffffffff
1663,2113,48335,-0.109704111,0.965346835,-2.495589972,0.337768738,1.160796783,-1.507772902,1.101914333,7f3196370000003cdbbd1e710310300114346001aa2b270300000000ffffffff9e79ab1ed04ac4cc,8d6cbe64aa327006943ca5380a4d3d57b2ba899a032870000520900078691d0000000000ffffffff
1664,2114,48336,-0.287236996,0.970892473,-2.495589972,0.294850651,1.171769708,-1.569463867,1.112154330,111ade380000003c15b97fd8131040010354d000b9340a0700000000ffffffff24768b28e244774a,e3664767802ff190a13c9b385e4c6d57b90a4a420a0c700005206000625b3e0201000000ffffffff
1665,2115,48337,-0.170440603,0.969370804,-2.495589972,0.312609860,1.168286776,-1.557963453,1.073335363,7b2984380000003cdd8d8f691310300014546001a5400f0b00000000ffffffff6c1abe34f71e3c42,3b6979661730c9969d3c9f38a34c6557e35c74050a0c7000052060006460390101000000ffffffff
1666,2116,48338,-0.056752072,0.947272787,-2.495589972,0.307814873,1.193394317,-1.557201836,1.036367289,7c3869330000003c31ef32740324a000113c8000e711050101000000ffffffff2e4c8d5d8a397630,9968466c213070d69d3c9438914c605728e4ae930a0c700005206000645e3a0101000000ffffffff
1667,2117,48339,-0.079454260,0.964974871,-2.495589972,0.335164054,1.170214224,-1.536638181,1.064715960,7d3580370000003c39d2197f031030010d50f0009168050100000000ffffffff89490b62cc63c34c,356ceb662f319015993ca738fc4c545757e70d3503287000052090006866300100000000ffffffff
1668,2118,48340,-0.080727003,0.978095041,-2.495589972,0.299231256,1.187425993,-1.592997828,1.001429130,5235883a0000003cd8f9bb7b0d100001030000008e6d030000000000ffffffff895ebb568657f647,7767e56a4b2e918ea53ca3386c4c7f572c275c460a0c7000052060006353440301010000ffffffff
1669,2119,48341,-0.092004100,0.975068610,-2.495589972,0.307814873,1.193394317,-1.557201836,1.043117261,d533d5390000003ce7718c7a0434300013500001c138050000000000ffffffff462b4960075cee3b,9968466c21305e309f3cb038914c60577ee6ae130a0c700005206000645e3a0101000000ffffffff
1670,2120,48342,-0.063234183,0.976235223,-2.495589972,0.325574081,1.183469653,-1.560324465,1.033846963,a1371a3a0000003c71199338043430001038f0009f5e010000000000ffffffff6d1efb22bc30a014,f16afb69f82f24259d3ca938d54c655762ff6e2f0a0c700005206000665e390101000000ffffffff
1671,2121,48343,-0.022032820,0.973479311,-0.998251221,0.319476753,1.177670403,-1.553926883,0.683445852,113d7739cc4c6b4ceb24fa450d780001241030029755110100000000ffffffff52127442dc2d3013,236aa4684c30c8fa9c3cac38be4c60574761c52e0a0c7000052060006560370101000000ffffffff
1672,2122,48344,-0.025140682,0.972498680,-0.973117865,0.333269738,1.163485065,-1.541207882,0.698326640,a83c3d39164e514d900523570d90e001101000007051320903000000fffffffff809123725216757,f56b5d65f330f190993ca438f44c58575a0f9d4903287000052090006765320100000000ffffffff
1673,2123,48345,-0.025288675,0.966699430,-0.926430751,0.315480931,1.196471470,-1.574795185,0.767655883,a33ce6377b50e95354b140160e103000112c20006d3530210c000000ffffffff3b2227211b32081d,9c69fc6c3a2fa352a23caa38ad4c6f57baa7bf570a0c70000520600066583e0201000000ffffffff
1674,2124,48346,-0.021677636,0.973901997,-1.006781330,0.269277392,1.056241205,-1.460324171,0.545101534,1d3d90395c4c014bcfad57400d780001048c400292610b0000000000ffffffff670ad8398021a94f,8363964c19353c248e3cd838064c225798dc933603287000021460007c4d350000000000fffffdff
1675,2125,48347,-0.025584662,0.966953041,-0.926811559,0.320127924,1.172851784,-1.568854574,0.757714139,993cf5377650b553a50db20a0e103000112c2001763e252303000000ffffffffc80bd35b8b2452c3,396a8767882f71949e3ca338bf4c6e5774739c4d0a0c700005206000655c3b0101000000ffffffff
1676,2126,48348,-0.011022111,0.905460700,-0.957504719,0.211471169,0.975744907,-2.403967463,1.465161288,853ec029e34ec851485a32360438d000033c1001db140a0501010000ffffffffeb50a9475e59c236,e25bfd39b30487610c3c1339284a2659759d5c4d05188000070000008678010000000000fffffdff
1677,2127,48349,-0.040857581,0.978196485,-1.079972710,0.152362604,1.001934524,-2.423845663,1.357899867,953a8e3a9b4891d942a2ad362284b0011f0000009b61020000000000ffffffff594a484dbd55142d,15540a40ae030f75083cfa386f48305925fa484005188000070000008f70000000000000fffffeff
1678,2128,48350,-0.038992864,0.976573372,-1.133514376,0.223281042,0.976083056,-2.371522585,1.265484954,d43a2e3adc450bd9fd6d8b3c2188f0011b000000ab4f040000000000ffffffff2e1bab3d9d3b0351,715d113a5d0662300d3c1d39804a17591f028e3405187000080000008876010100000000fffffcff
1679,2129,48351,-0.022506399,0.980648063,-0.996727987,0.199276513,1.009576685,-2.418362022,1.439120514,013d1f3be04c42d029ab22111d40e0011f8c70017d423e0201000000ffffffffd028c8101d26df4b,465ace41f603bb58103c0839cd492b59fa48be330518800007000000847a010000000000fffffdff
1680,2130,48352,-0.020967268,0.969844212,-1.051945210,0.173555259,1.031218201,-2.435422239,1.398432863,353da0380b4af9511c1253070408d00003000000ab4a070300000000ffffffff2923c535423cae44,e156ce4616037d4c123cf9380d493159b48c9f5d0518800007000000817d010000000000fffffeff
1681,2131,48353,-0.021559241,0.980597341,-1.014549822,0.192202428,0.992973583,-2.429786275,1.431342531,213d1c3bf64b9fd0eab2710f1d40e0011f343002994b180300000000ffffffff9822233b9a3d8744,5759f83d6003bf6e0c3c0639984931592ff91a5205188000070000008579000000000000fffffdff
1682,2132,48354,-0.021648037,0.982592418,-1.015768409,0.161922978,1.019433719,-2.449816798,1.446219341,1e3d923be64b64d2a78ec10e1d40f0011e5c3002be33090500000000ffffffff4115dd27fd25634c,5855154459029f670d3cf538b74838598e6d3c4e0518800007000000817d000000000000fffffeff
1683,2133,48355,-0.023157570,0.969539879,-0.968395840,0.214815820,0.973428589,-2.370989453,1.422643771,eb3c8e38544eea51135a30190434300002440000e709080700000000ffffffffb41af342b33cae45,535c7439640678330f3c1f39414a1759cc2c433605187000080000008876010000000000fffffcff
1684,2134,48356,-0.022535998,0.982102103,-1.000536072,0.219729201,0.967629338,-2.344332863,1.365537148,003d753bae4c8cd1b23241111d40e0011f5c3002944f160500000000ffffffff2518452233268f4c,f95c1d38c2077c220c3c2539654a0c59c18bb81c05187000080000008e6f010000000000fffffcff
1685,2135,48357,-0.022683991,0.969675138,-0.977459081,0.096805881,0.898410300,-2.472056011,1.501058456,fb3c9638dd4ddd51fa6520180408d00003440000e20d090700000000ffffffff3c2fbf0d8a266f49,c04c1f2835013f73c53c7838a3454c590453ac530518700000000000926c010000000000fffffcff
1686,2136,48358,-0.020493689,0.970047102,-1.088578981,0.211944748,0.966412003,-2.370532483,1.302860554,453dac382a48ce5131e213050408d00003000000b33e0b0200000000ffffffffa917932bf2281d4a,f25bd5376a069c460b3c1d392b4a175975ee710c05187000080000008975010000000000fffffcff
1687,2137,48359,-0.023335162,0.970689584,-0.974107966,0.214075853,0.989304670,-2.397569881,1.443244378,e53cd238094ebd50cca5f013043440021e0c2000956a000000000000ffffffffa430e110c929b546,3a5c1f3d070553410f3c13393b4a225969a9ad3505188000070000008678010000000000fffffdff
1688,2138,48360,-0.020434491,0.971315159,-1.085304028,0.190100922,0.998248703,-2.408841811,1.340448745,473df73855488f502b96a30504342000030000009463080000000000ffffffff1f0ac8318d202f41,1059303f7304e755133c0c39894927593dd8662905188000070000008777000000000000fffffdff
1689,2139,48361,-0.024726300,0.966513448,-0.928182470,0.167369135,1.015764806,-2.407547062,1.492597049,b63cdb376450145493311059032ce000044420004c41402210020000ffffffff04304312112cff3f,10563c43840488db163c0139df4827598194dd0b05188000070000008c72000000000000fffffeff
1690,2140,48362,-0.020404893,0.972008364,-1.078830285,0.214815820,0.973428589,-2.370989453,1.313394882,483d2039aa48c74f4d22f3060d10000102780000be41000000000000ffffffff8c16b52fb02ab347,535c743964068764093c1e39414a1759112e433605187000080000008876010000000000fffffcff
1691,2141,48363,-0.023660747,0.971247530,-0.970452205,0.221090740,0.966293651,-2.374188244,1.424921997,da3cf338394e2050e2b140130d1040021e400000ae49050300000000ffffffff211bc72625299d4b,275dce373a06e94e0c3c1d39704a1959e105fd4705187000080000008876010000000000fffffcff
1692,2142,48364,-0.022861583,0.970841751,-0.983780501,0.204841065,0.982119010,-2.394294929,1.428820011,f53cdb388a4dad50b881901504342000247830008b74000000000000ffffffff9614681c1f23e74d,025b763b32057946113c1639f749215970b8432f05188000070000008777000000000000fffffdff
1693,2143,48365,-0.022417603,0.968238006,-0.971289984,0.181132522,0.984486051,-2.414096967,1.457185178,043d41382e4e5e53fce1e012040c20000b3410017e453c0100000000ffffffff571b4b291a2bfb44,e157023c2e04376b093c083946492b5974e1230505188000070000008975000000000000fffffdff
1694,2144,48366,-0.023009577,0.971450419,-0.984694441,0.167369135,1.015764806,-2.407547062,1.436216349,f03cff387e4d0a50c46170160d1040021e402000bb3f030200000000fffffffff3128c35832acb47,10563c4384047997033c0039df482759a596dd0b05188000070000008c72000000000000fffffeff
1695,2145,48367,-0.024223122,0.971146085,-1.036255902,0.200963637,0.972346513,-2.395208869,1.377484549,c73ced38d94a244cd4a1e0130d1040021e401001a355050200000000ffffffff0c3ba31e873aa73b,7f5a34392605c7550a3c1439da492259cea5e20805187000080000008876000000000000fffffdff
1696,2146,48368,-0.019872116,0.977148224,-1.167710973,0.204841065,0.982119010,-2.394294929,1.247007989,5a3d503a1b4439cb085bd5051034e0011d5cf001e00f080602010000ffffffffb5352a20543a063b,025b763b3205cf6d083c1439f7492159a3b9432f05188000070000008777000000000000fffffdff
1697,2147,48369,-0.020286498,0.977182039,-1.093986461,0.190100922,0.998248703,-2.408841811,1.331747447,4c3d523ae3472ecb111bd4071078d0001d5cf001d5160e0601000000ffffffffbd314f29b13b6645,1059303f7304177c063c0b39894927597ad9662905188000070000008777000000000000fffffdff
1698,2148,48370,-0.020612083,0.978855875,-1.081191297,0.208452104,1.081551635,-1.527955748,0.512460043,413db53a8b487dce576bb30d1074e0010d7c70018764100201000000fffffffff037e3277d3ced48,7c5b6f52a131f18e9f3cd0382e4a555727e30a480328700005182000714e3f0100000000fffffcff
1699,2149,48371,-0.020079307,0.979430728,-1.142501455,0.271763681,1.058168653,-1.460933465,0.439056870,533dd73a6645d8cf4713440c1d40f0011e3470018772040201000000ffffffffa32fda2b1c3c9c43,d763084d1135100d8f3cdf38104c2357ea6e0c3a03287000021460007d4d340000000000fffffdff
1700,2150,48372,-0.020700879,0.979549080,-1.072813512,0.272000470,1.049072453,-1.462913668,0.492631416,3e3dde3af948c5cf0063f3091d40e0011f340000876b0a0301000000ffffffff1b379b2ac13c174f,df63ee4af734a9888f3cdb38104c2657f096db4303287000021460007d4d350100000000fffffdff
1701,2151,48373,-0.020138505,0.980276100,-1.138845694,0.224405792,1.092845802,-1.498633499,0.449356335,513d093b9645aed04857240d1d40f0011e347001a355050200000000ffffffffe12c902ea03c9445,975d0b55223360d8993cc838ae4a3a57a3e4cd8b0328700005086000784e380100000000fffffdff
1702,2152,48374,-0.020819274,0.980343730,-1.058647438,0.256520360,1.066334944,-1.482487222,0.513762517,3a3d0d3bb349a3d0e042a3091d40e0011f000000a64e060500000000ffffffffbb25e61f8b33fc31,d461eb4ef6334429923cd338a74b33575988f4310328700002146000794e370000000000fffffdff
1703,2153,48375,-0.021470445,0.974392312,-1.010970223,0.250837414,1.060383527,-1.484238941,0.552747084,243dad39254cfe48cabdd9400d780001235c4000776c1c0000000000ffffffff0a15fb3af22d500e,14618b4ddf3311a8933cd5387b4b35574128821003287000021460007a4d380000000000fffffdff
1704,2154,48376,-0.024459912,0.972515587,-0.974945745,0.239826705,1.079827077,-1.495967840,0.593992589,bf3c3e39fe4d774da569b3590d90e001101000006c60240b03000000ffffffff0c161b34172ed80b,a05f095245337630963cce38254b3b572ad4052c0328700005086000774e390000000000fffffdff
1705,2155,48377,-0.023867938,0.972532495,-0.974107966,0.267412675,1.053857257,-1.459334069,0.571753866,d33c3f39094e9b4ddf8dc3590d90e001044000006c6b230302000000ffffffff0117722d542ea812,4463094c2635d5488e3cd938fe4b22570508911c03287000021460007c4d350000000000fffffdff
1706,2156,48378,-0.023305563,0.972667754,-0.974184128,0.260072202,1.057137299,-1.492235918,0.596502907,e63c4739084ec94d5eb1b44e0d90e00104400000884c280201000000ffffffffb408f8395422ff7d,4c62cb4c7633e98a943cda38c04b3d57178f4b470328700002146000794e380000000000fffffdff
1707,2157,48379,-0.025939846,0.967341912,-0.921099433,0.269277392,1.056241205,-1.460324171,0.621143800,8d3c0c38c1507353624629010e101001032c2001734f201d00000000ffffffff180ad6385222f756,8363964c193520f68f3ce038064c2257fcdc933603287000021460007c4d350000000000fffffdff
1708,2158,48380,-0.025643859,0.967392634,-1.000383748,0.250067848,1.088737295,-1.511200177,0.593021835,973c0f38b04c664fbc01d20b04381001032c20016550252301000000ffffffff4d20223f4d1b2195,fa6018547d32b82d9a3ce038704b475737c3ce7003287000050860007550390100000000fffffdff
1709,2159,48381,-0.014337163,0.942335816,1.542731116,0.229082384,1.069293745,-1.508382195,3.063439868,153e45321fcf5e55204e034e033810010b3c9000c11f140504010000ffffffff090801549c2050cb,355e9a4fa232719a993cd238cf4a4757f698d3050328700005086000764d3b0100000000fffffdff
1710,2160,48382,-0.011436493,0.931548872,1.564741843,0.256520360,1.066334944,-1.482487222,3.061955769,773ec72f40d02c549e9d92770e1030000f442001b227150b06000000ffffffffe8657c46d41a580e,d461eb4ef63340f6933ce338a74b3357f688f4310328700002146000794e370000000000fffffdff
1711,2161,48383,-0.001905717,0.944483060,-0.959789569,0.211411972,1.105847619,-1.541664852,0.640407528,b93fc432c54e7355ca329464034c40011624c001c4250b0604010000ffffffffef086856d52458d1,e05b0c58ed30b76ea33cd738434a5c57594bdc5003287000051820006951410201000000fffffdff
1712,2162,48384,-0.011495690,0.900929508,-1.021175888,0.224405792,1.092845802,-1.498633499,0.566080510,753eb4289f4bc14daa36712b0438d0000344f000da18080202010000ffffffffb00d215b4b2598cd,975d0b552233481d9c3ceb38ae4a3a5750e5ed8b0328700005086000784e380100000000fffffdff
1713,2163,48385,-0.011081308,0.897903077,-1.039835502,0.232101449,1.110209737,-1.529555144,0.586546929,833e0128aa4a4b4d7b5ad12e0434e000033c1001e40f090201000000ffffffffc569a34e011ba007,9b5e0e598c31cf68a03ce038e34a52576cc78d5203287000051820006f523c0100000000fffffdff
1714,2164,48386,-0.002704882,0.944736672,-0.968091193,0.239826705,1.079827077,-1.495967840,0.596426645,9e3fd332584e7755a026b66b034c400116244000b42c120a01010000ffffffff3e1ccc46ed1adf70,a05f0952453318f6983ce638254b3b57efd4152c0328700005086000774e390000000000fffffdff
1715,2165,48387,-0.013656394,0.942758502,1.535876564,0.264038425,1.071694601,-1.485457528,3.036807307,2c3e5e32c5ce7355c3de2b66033810010f2c9000b224181001010000ffffffff4111d851731be77b,d2622850cf337018943ce038e04b35570ddfdd3403287000021460007a4f350000000000fffffdff
1716,2166,48388,-0.012265256,0.943299540,1.528108072,0.240507474,1.073486789,-1.521025035,3.062361095,5b3e7e325fce70557046e876033810010f1090008134282200000000ffffffffb1195d24b01e301e,b75f9250fc31f18d9a3cd838244b52573cfb1a4e0328700005086000734f3c0100000000fffffdff
1717,2167,48389,-0.022683991,0.965059408,1.518664023,0.213247090,1.086742218,-1.596577428,3.126531541,fb3c8537e3cda054de4c9356032c20001110e000a13f1a0303000000ffffffff01251217a91ee028,1e5ca2531c2e3bb4523cf538484a8d57f514e3080728300005188000675c270f05000000fffffdff
1718,2168,48390,-0.021411248,0.965465187,1.478374491,0.220676358,1.091510114,-1.577765491,3.068303330,263d9d37d2cbb7541999b250020cb000040000007e7b030300000000fffffffff816c64e121b8f70,195dbc54132f8991503cf038834a7d57a13039a207283000051880005c593b0b04000000fffffdff
1719,2169,48391,-0.012827630,0.943350262,1.527574940,0.202117986,1.087367793,-1.624300281,3.162476890,483e813258ce7755d912ea6f0344e0000f2440009827241a00000000ffffffff7b01fe47142328db,a65ac753b02c6bbe543cfe38ef49a5574351e20a07283000051880006c5e1c1206000000fffffdff
1720,2170,48392,-0.012442848,0.917295905,-0.923612768,0.212714313,1.093031783,-1.599014602,0.733311995,553e7c2ca0501c53f8c180200e1010010348f0009d4e110100000000ffffffff8f39a076cf2ef639,0c5c1655fc2d3ec04d3cf638444a8e57f65ac2330728300005188000685d250f05000000fffffdff
1721,2171,48393,-0.001313744,0.975694185,-1.245548216,0.212714313,1.093031783,-1.599014602,0.429551635,cd3ffa391d40dd3d59d2777f0d404000000000008c6e050000000000ffffffffc101884cf52270fd,0c5c1655fc2d98ea533cf538444a8e572959c2330728300005188000685d250f05000000fffffdff
1722,2172,48394,-0.012146861,0.923433304,-0.922241858,0.206587387,1.098323811,-1.624071796,0.755643185,5f3ee72db25085534746e6250e1010010348f000ae420c0100000000ffffffffc20c2654251cc184,3d5b4f56b32c40c74d3cff38114aa357f18a533607283000051880006d5f1a1206000000fffffdff
1723,2173,48395,-0.011702881,0.942657057,1.530316761,0.224021009,1.087249441,-1.599243087,3.141753897,6e3e58327cce5d55bc4dc77a0338f00011109000664e272202000000ffffffff002cd610361ee02a,8a5dc053f92da8bc503cf6389a4a905727162f110728300005188000665d280f05000000fffffdff
1724,2174,48396,-0.020760077,0.965465187,1.433134449,0.214875017,1.100741574,-1.626661294,3.071835540,3c3d9d3780c9d354b69cc254020c40000b000000bf3e020000000000fffffeff54096d3ae422a835,555cde56912c34ca4e3c00394f4aa557a0aa6c3907283000051880006d5f1b1206000000fffffdff
1725,2175,48397,-0.014366762,0.912933786,-0.917824480,0.186697073,1.092930339,-1.653622531,0.783724566,143e7a2bec508f537ede1f230e1010010348b000705e1b1600000000ffffffffde014841e322c800,9d5810552f2b60cb553c0a397649bd57be09d3070728500003188000705d171407000000fffffdff
1726,2176,48398,-0.013508400,0.917583331,-0.921099433,0.219196424,1.094705620,-1.600385512,0.739562991,313e8d2cc1500a54bde1981a0e1010010348f000c02b0f0400000000ffffffff4d02c33eec22b426,e75c7955ea2db7c04f3cf738754a8f57306acb3c0728300005188000685d240f05000000fffffdff
1727,2177,48399,-0.013774788,0.918834481,-0.915920438,0.197382197,1.108806420,-1.643949997,0.781475302,283ed72c0551d953c4358e2f0e1010010348d000cc220d0401000000ffffffffbe03d83ed522b0ee,065abb58ae2b68f9583c0439c849b2570436353307285000031880006f60151506000000fffffdff
1728,2178,48400,-0.013567597,0.910769635,-0.921480241,0.206587387,1.098323811,-1.624071796,0.759789233,2f3efa2abc508853f35123100e1010010348b0009e42140a00000000ffffffffd30ab155c81c818f,3d5b4f56b32c00ee563cfc38114aa357b989433607283000051880006d5f1a1206000000fffffdff
1729,2179,48401,-0.011466091,0.941236833,1.537247474,0.189005771,1.120810699,-1.651109195,3.199695922,763e0432d7ce4155a0a1177e0e0cf000111090006656231d03000000ffffffff402aec17b61d6813,eb58815b502b78ea5b3c08398849b657947c1b0c07285000031880006c60171506000000fffffdff
1730,2180,48402,-0.021115261,0.964805797,1.445472642,0.197382197,1.108806420,-1.643949997,3.100485375,303d763722cad254dc8cf555020cb000040000009569010000000000ffffffff0577d8576c1fd7c4,065abb58ae2b48cc4c3c0839c849b2576837353307285000031880006f60151506000000fffffdff
1731,2181,48403,-0.004362408,0.935133249,-0.944252585,0.218042076,1.088973999,-1.630469378,0.737579974,663f9b30914f85540ddeff64034c40001458d00064493f1101000000ffffffff4777a255a1209ac5,c05c26545f2cd2c6513c0039664aab578246ce4d07283000051880006d5e1b1306000000fffffdff
1732,2182,48404,-0.004184816,0.931633409,-0.934884698,0.208629696,1.110987479,-1.652860914,0.770031003,6c3fcc2f0c50205486c13f66131030001458d0006b4f360f00000000ffffffff4a64cc32de1cd445,825b3c59392bc4ce4e3c0a391c4aba57dc9afe3107285000031880006f60161306000000fffffdff
1733,2183,48405,-0.014958735,0.962979794,-0.937931165,0.173348069,1.121842053,-1.711429250,0.811785660,003e0a37e44ffc5477c8f84b035030011c089000882b292002010000fffffffffc725858f81cd0df,da56be5b382849bf543c24390d49eb574db66c4607285000031880007257210b09000000fffffdff
1734,2184,48406,-0.004214415,0.942166741,-0.964435432,0.200874841,1.124175279,-1.674643156,0.761303961,6b3f3b32884e4655d795bd71034c40010458900098420f0e09000000ffffffffd9275e25a3384c3b,7c5a485c1b2a72be4e3c1539df49cb57efcace5007285000031880006e5f1a1107000000fffffeff
1735,2185,48407,-0.021352050,0.976691724,-1.013178911,0.189005771,1.120810699,-1.651109195,0.687004904,283d353a084c8fc87402d8001e40d0001d8c70019261090101000000ffffffffaf25d0269c392352,eb58815b502b8f6b4a3c0e398849b657667f1b0c07285000031880006c60171506000000fffffdff
1736,2186,48408,-0.021411248,0.977249669,-1.012036486,0.167576326,1.103142430,-1.682640133,0.708007445,263d563a174cddca1a9727061e40d0010d8c0000915f090501000000fffffffff828fc200535da3e,17566c57b229f4ce573c1739e348d457445aeb430728500003188000715a1d1007000000fffffdff
1737,2187,48409,-0.021440846,0.975000980,-1.013407397,0.204278690,1.098526700,-1.666646179,0.702088897,253dd139054ce84442de7a021e340001235c4000764b3e0000000000ffffffff7f0ab3356b211750,ef5a5b56842a30d0523c0d39f949c857e4120d4d0728500003188000705e181107000000fffffdff
1738,2188,48410,-0.025111083,0.967139023,-0.928258631,0.125013424,1.037507767,-1.612419058,0.703963506,a93c00386350c1533855c0180e103000112c20005b45331f0c000000ffffffff231ce71fab273b55,795042484c2d253a923c46384f47a15760c4d02907283000051820006d4e251905000000fffffbff
1739,2189,48411,-0.022358406,0.970351436,-0.987740908,0.130370785,1.036341154,-1.597796015,0.632335418,063dbe38564d3c51033ed1110434200003440000d921040100000000ffffffffd0166d293d27a74b,2e51fd470c2ea1af903c4b38a3479557ee4798200728300005182000674d331504000000fffffbff
1740,2190,48412,-0.023216767,0.970064009,-0.972203924,0.133537844,1.036848377,-1.637780900,0.687040661,e93cad38224e6451e85950180434300002440001de1e020100000000ffffffffca1fe41f7d2b2f4a,99511b48ff2b0763973c4a38cb47b8579baf7e4f0728500003188000724f1c1b06000000fffffbff
1741,2191,48413,-0.022062419,0.971720938,-0.998175059,0.121047201,1.039452122,-1.630621701,0.651963674,103d0f39cd4cda4f91ddb0110d10e00124402000bc41010100000000ffffffffd020861be2276352,f34fb5485d2c3cda963c52381047b1574ae480290728300005182000714f1e1b06000000fffffbff
1742,2192,48414,-0.021884827,0.970503602,-1.003506377,0.133271456,1.044017130,-1.633287360,0.652764734,163dc738874c2a510b5e41100434200003000000d324080100000000ffffffff1a76ee57b11edec6,9051c3493a2c200d963c4d38c847b2572adb9c38072830000518800071501c1c06000000fffffbff
1743,2193,48415,-0.004214415,0.936807085,-0.941586926,0.125102220,1.031539443,-1.634277462,0.710997321,6b3ffe30b44fbd543abe9f67034c40001458d0007e49271002000000ffffffff0971e656401cb0f1,7c50e1462d2cb181963c46384d47b5578c2de6400728300005188000714f1e1b06000000fffffbff
1744,2194,48416,-0.003948026,0.944026559,-0.971289984,0.121047201,1.039452122,-1.630621701,0.677826053,743fa9322e4e6555050a6c73034c400116109000a53c0d0a07000000ffffffffa96efe51681b5804,f34fb5485d2cf033953c43381047b15724e480290728300005182000714f1e1b06000000fffffbff
1745,2195,48417,-0.003267257,0.944449245,-0.967558061,0.127973292,1.031268924,-1.614246939,0.665558594,8b3fc2325f4e7055b1068972034c4001161090009f39140f03010000ffffffff91159122541f302b,dd50d146342d5f7c933c48387b47a4577491050207283000051820006e4e251905000000fffffbff
1746,2196,48418,-0.022713590,0.965820243,1.526965647,0.113499537,1.044355278,-1.646615656,3.177473847,fa3cb23750ce7e5423edd152032c20000444e0009a3d1d0901000000ffffffff1a11c22a021f5c28,f44ed7498b2b74db993c55389e46be57682891260728500003188000734f1c1b06000000fffffbff
1747,2197,48419,-0.023660747,0.965194668,1.551413548,0.116844188,1.037186526,-1.658268394,3.213562296,da3c8d3791cf805473813154032c10010e0840006b66190808040000ffffffff5d2695117d1f3a36,654f2f48f22ad1839a3c4338cf46ca576d7525420728500003188000744f1d1806000000fffffbff
1748,2198,48420,-0.021144860,0.966378188,1.466493268,0.107520604,1.053840349,-1.658573040,3.128936538,2f3dd33736cb93540179f24d020c40000b000000a74b0c0000000000ffffffffd924231efd1df016,2a4e084cee2a70059c3c57384446c75744350b86072850000318800074501c1906000000fffffbff
1749,2199,48421,-0.021766432,0.964636722,1.483553485,0.107520604,1.053840349,-1.658573040,3.146050147,1a3d6c3716ccc054b57cb45b0308b000044400009a560f0000000000ffffffff7d612b3f331b500a,2a4e084cee2a21989b3c3c384446c757cf390b06072850000318800074501c1906000000fffffbff
1750,2200,48422,-0.001224948,0.944330893,-0.952935018,0.125013424,1.037507767,-1.612419058,0.677891773,d03fbb321f4f5e55eb4a9455034c400109706001c7220b0504010000ffffffff2616af2b371ef01d,795042484c2d88da923c4f384f47a15769c4d02907283000051820006d4e251905000000fffffbff
1751,2201,48423,-0.023601550,0.964383111,1.541055558,0.113499537,1.044355278,-1.646615656,3.191620282,dc3c5d3709cfa95467edb34b032c10010e0840007455260907010000ffffffff7b78ed53aa203199,f44ed7498b2b4635983c40389e46be570b2891260728500003188000734f1c1b06000000fffffbff
1752,2202,48424,-0.004007224,0.932242077,-0.930924290,0.131880318,1.040162234,-1.611962088,0.702797742,723ff02f40502c544c352c3b13103000145850019444190e00000000ffffffff46127b281b1f2029,6151df48522dc0f9933c4d38b747a057d50e7b3c07283000051820006d4e251905000000fffffbff
1753,2203,48425,-0.023335162,0.965363742,1.543264247,0.132709081,1.054634999,-1.661238699,3.209541758,e53c973726cf815442d52153032c10010210e0007f5d0e0d05040000ffffffff0a75cd55c31c20eb,7d51374ccb2a701f9c3c4d38bd47c9576fbfbe30072850000318800076501f1407000000fffffcff
1754,2204,48426,-0.004036822,0.941997667,-0.958418659,0.113351544,1.060873842,-1.700538129,0.760692370,713f3132d74e41550cdaab78034c4001161090006b63171109000000ffffffff3560c43f4f1b7012,ef4ea84dc728ef65a43c45389a46eb578463de4c0728500003188000784e211008000000fffffbff
1755,2205,48427,-0.001224948,0.945159357,-0.960779671,0.104738328,1.046248911,-1.681269223,0.735222760,d03fec32b84e5555ddbec25b034c400109706001d519080503010000ffffffffe5766956d61dc4ca,cc4d474ac429a1899f3c3f381a46dd570d33ec440728500003188000754f1e1707000000fffffbff
1756,2206,48428,-0.004125618,0.938988144,-0.943643292,0.125457404,1.067417020,-1.671444365,0.750320024,6e3f7f31994f0155343e1d78034c4000145890006865181406000000ffffffff07683c503a1b3806,88502b4f452af35c9f3c4f384f47d0577dfb9e50072850000318800075511f1307000000fffffcff
1757,2207,48429,-0.002764079,0.945446784,-0.975707362,0.134958580,1.034058650,-1.614856232,0.659796084,9c3ffd32f44d7155a18ed66a034c400116109000c7220c0702010000ffffffffed60a3380b1ca94b,c95176472c2d3f59933c4a38e447a457d037df1207283000051820006e4e241905000000fffffbff
1758,2208,48430,-0.014988334,0.961982255,-0.946232789,0.077892325,0.985297608,-1.572814982,0.633857765,ff3dcf36774f29555690b74e034c40011c242000b621150e03010000ffffffffcc69001b5220774e,414a323c542f18eca73c4c388d44885736c1323603287000051820005b52500200000000fffffaff
1759,2209,48431,-0.016823452,0.967172838,-0.979743931,0.129986002,1.045471169,-1.666417694,0.706544055,c13d0238bf4d375499916e50020c400013000000816e0f0000000000ffffffffe06262310d1d294f,2151194a872a67699c3c49389347cf5776d78d4f072850000318800076501f1407000000fffffbff
1760,2210,48432,-0.015284321,0.963233405,-0.951030976,0.080171423,0.982812215,-1.559715172,0.616434570,f53d1937384feb548bece94c035030011c084000b01b181605010000ffffffff46458313d71df5a6,8e4a9f3b0030cf76a53c4938b1447d57fc48f7200328700005182000634e4c0200000000fffffaff
1761,2211,48433,-0.019072952,0.964028055,-1.209066768,0.084966409,0.985703386,-1.571672556,0.377858394,753d4837fc41d9542a3c665f020c400000000000d02f000000000000fffffeff8c652a1bd41ea358,304b4a3c632f75aea43c4e38f84487573b7e6d3503287000051820005e514f0200000000fffffaff
1762,2212,48434,-0.016971446,0.966006225,-0.987588585,0.050099164,0.997876740,-1.638314032,0.654948703,bc3dbd37584d845484f98d5003084000137000008477040000000000ffffffff9d61062d631d9f68,96461a3ff82bfaceaa3c6838d641c157252e8a4107283000051820005f50460802000000fffffaff
1763,2213,48435,-0.015846696,0.963706814,-0.970223720,0.059333952,1.009813389,-1.615160879,0.650939233,e23d35373c4eca54fe2c1c5703704001024c4000c6180d0c07010000ffffffffcd701629ce1f2b4f,ce47dc41282d78d4ad3c5e38e942aa57b57c0b08072830000518200058514f0601000000fffffaff
1764,2214,48436,-0.015521110,0.966378188,-0.945395011,0.085676778,0.979109487,-1.573500437,0.636332873,ed3dd337824f365428518f590308400013704001a137170b02020000ffffffff4b6bb22fba1df43f,484bc43a4b2f8bb2a53c4e3802458a5729e29d0a03287000051820005d514f0200000000fffffaff
1765,2215,48437,-0.014899538,0.963892795,-0.934275405,0.073985299,0.989778078,-1.590103684,0.662330201,023e40371450be54ddc45946034c40011c0840007a2d2c2505020000ffffffff31755059e81d58d6,bd493b3d712e98eba93c5238504497579efdc23403287000051820005653530301000000fffffaff
1766,2216,48438,-0.004273612,0.939055773,-0.948746125,0.071558207,0.980107025,-1.592617020,0.649619427,693f8331564f02551e9aae6f034c4000145890009243190d04000000ffffffff916474470b1bc011,6b49ff3a502ee3bda73c54382c449b57a0c51208031ca000051820005653530301000000fffffaff
1767,2217,48439,-0.001905717,0.945294617,-0.966796445,0.066467234,0.998028907,-1.608154004,0.647143944,b93ff432694e6655953a2366034c40011624c001d01d080504010000ffffffff3560c43f4f1b9f3f,bf48233f842de0f1ab3c5a38be43a6570eca433007283000051820005653510401000000fffffaff
1768,2218,48440,-0.015077130,0.960680383,-0.960779671,0.076708377,0.979075672,-1.573500437,0.619830382,fc3d8236b84e555508bcc25b034c400109706001d519080503010000ffffffff7722f014891f542e,194ac23a4b2f6fb5a63c4e387b448a57247dc20903287000051820005c514f0200000000fffffaff
1769,2219,48441,-0.021470445,0.966310559,1.486219144,0.083397679,0.992398731,-1.593987930,3.082102130,243dcf3739cc8d543f5d824e020c40000b000000866c0b0200000000ffffffffa621401a991e4424,fb4ad63d3e2e7bc5a33c5538dd449a5795a61d36031ca000051820005553520301000000fffffaff
1770,2220,48442,-0.021736833,0.965380650,1.490941169,0.077892325,0.985297608,-1.572814982,3.065440328,1b3d983777ccb3540bf9a2510308b0000444000092600b0200000000ffffffffb11e3118771f382d,414a323c542f59ada33c4d388d4488572ec3323603287000051820005b52500200000000fffffaff
1771,2221,48443,-0.021766432,0.966192207,1.497795721,0.078809884,1.003473101,-1.620492197,3.120132209,1a3dc837d1cc8a545451724e030840000b4400008d5f0a0900000000ffffffff242f140cf01ed03c,604a6540e22cdccaa33c60389744b057f9f66e2f07283000051820005a524b0601000000fffffaff
1772,2222,48444,-0.020493689,0.966395096,1.415388776,0.062412215,0.985517405,-1.616836436,3.033418664,453dd43797c8ac544079e347020c40000b000000e317050000000000fffffeffd42ab00e3e1fdc3e,36483f3c122d8ec9a93c5d384543b0572526a306072830000518200058524f0501000000fffffaff
1773,2223,48445,-0.020819274,0.966395096,1.441740720,0.073985299,0.989778078,-1.590103684,3.033416417,3a3dd437f1c9a0540961424c020c40000b000000ce28090000000000fffffeff25333813d01da818,bd493b3d712efdbaa13c54385044975732ffc23403287000051820005653530301000000fffffaff
1774,2224,48446,-0.020434491,0.964653630,1.385609557,0.058919571,1.005654160,-1.651185357,3.038108204,473d6d3710c7dd547460975b020c40000b000000cf30000000000000fffffeff3a30ef0ee11d5c20,c047e6404f2bf2c2a73c6d38de42cb5786ae3c4707283000051820006350400a02000000fffffaff
1775,2225,48447,-0.020493689,0.965329927,1.410209782,0.059333952,1.009813389,-1.615160879,3.026750546,453d953753c8e9548a34b652020c40000b000000e01e010000000000fffffeff65367d08f21fc641,ce47dc41282d07c69f3c6238e942aa57d060fb87072830000518200058514f0601000000fffffaff
1776,2226,48448,-0.020020110,0.967308097,1.340445677,0.072534964,1.015206860,-1.636714636,2.978983764,553d0a38bfc471549611d542020c400000000000f406050000000000fffffefff234210a7c1e2843,8c491b430d2ce9b6a33c69383a44bc57f3c29e4f07283000051820006050430a02000000fffffaff
1777,2227,48449,-0.020138505,0.965955502,1.364360446,0.066467234,0.998028907,-1.608154004,2.973948792,513dba37f9c5ca54f27d9305020c400000000000ec11020000000000fffffdff280d723334221f58,bf48233f842dfec8a03c5c38be43a65779cb433007283000051820005653510401000000fffffaff
1778,2228,48450,-0.024696701,0.967629338,-0.931762069,0.083841659,0.981780862,-1.593530960,0.670759947,b73c1d3835506653aa9d5020040ce000112c20007e362b130c010000ffffffffb8076d3cb22268f3,0a4b623b442e71c1a53c5438e4449c5793f6cd4b031ca000051820005653520301000000fffffaff
1779,2229,48451,-0.013952380,0.904192643,-0.997108796,0.076116404,0.989490652,-1.625975839,0.640985096,223e7529db4c554fcad1840b0e1010010348b000705c1d1600000000ffffffff8639eb097a1e8c34,054a2a3d9a2ca4cda63c60386f44b757e9d6cc4b07283000051820005b524b0601000000fffffaff
1780,2230,48452,-0.019901715,0.965854058,1.305182816,0.187259448,0.941135388,-1.364893578,2.678214837,593db437f0c2cb54c2b0f946020c400000000000f708010000000000fffffeff1f37cb093d1e0c23,b058fe31fe39e03b2d3c4b399f49de561d791338031ca000021400009d312a0600000000fffffbff
1781,2231,48453,-0.020049708,0.965769521,1.341435779,0.189242560,0.936113880,-1.341588102,2.691337931,543daf37ccc4da54cc547a46020c400000000000eb13010000000000fffffdffce09f756de1de199,f358d530303b88112d3c5339b249cb565f7f879c0328700002000000a827260a00000000fffffbff
1782,2232,48454,-0.011318098,0.938396383,1.552022841,0.143009421,0.981375083,-1.447452846,3.003750747,7b3e5c3199cf015575d6547d0e0cf000111020017d491d1606000000ffffffffa077a654641fc7c4,d9524a3bc2355f7c373c2b3941481e5725b2b943031ca000021460009338320200000000fffffaff
1783,2233,48455,-0.004125618,0.934744378,-0.934732375,0.193090388,0.933290338,-1.364588932,0.472940723,6e3f84300e507a5435267d38130c400014585001813e2e1101000000ffffffff49673c45933d133c,75592e30023a976e2f3c4e39cb49e056a1a6bb43031ca000021400009e302a0700000000fffffbff
1784,2234,48456,-0.004687993,0.960139345,-0.990101921,0.195073500,0.943316447,-1.362456404,0.422889496,5b3f6236374d5ad24e023f111d4070011f780002a1470b0b00000000ffffffffeb6c19549a1bd8fc,b8597f321e3a3814303c5039dc49dc561aafed34031ca000021400009f302a0700000000fffffbff
1785,2235,48457,-0.003356053,0.945024098,-0.974184128,0.156832005,0.983843569,-1.414322513,0.469988258,883fe432084e71558f126a6f034c400116109000bc2a0c0903000000fffffffff8724b541c1cf0fa,ac54dc3b75371987313c3039af480157457eea03031ca0000214600097362f0300000000fffffbff
1786,2236,48458,-0.003800033,0.943553151,-0.965349373,0.178083858,0.950147051,-1.390331581,0.462314944,793f8d327c4e5d5555eeca75034c4001161090007c54161405000000ffffffffea1bd6209c1e701f,7a571334b038bc452f3c42395549f25694f80230031ca0000214000099362c0400000000fffffbff
1787,2237,48459,-0.022358406,0.965211575,1.510362399,0.174916799,0.944381615,-1.393149564,2.910280590,063d8e3776cda554e5d89257032c20000444e000a630260200000000ffffffff8117882a4a1e501f,0f57be328b383f69303c43393c49f6568aec510b031ca0000214000099352c0500000000fffffbff
1788,2238,48460,-0.023335162,0.964400018,1.531535348,0.169233852,0.967071393,-1.407087152,2.944926512,e53c5e378ccea65420adc34f032c10010238400084511b0a05010000ffffffff8928df13881e3029,4f56fc37d4370350303c39390d49fe564b742328031ca0000214600097372d0300000000fffffbff
1789,2239,48461,-0.021085662,0.965482094,1.455754470,0.184358778,0.937770808,-1.366036004,2.829395131,313d9e37a9cac15407790252020c40000b000000a953030000000000ffffffff5427941adb1d4819,4e583731ef393f582e3c4b398949e0566a9c9014031ca000021400009d312a0600000000fffffbff
1790,2240,48462,-0.021440846,0.964805797,1.467102561,0.190308112,0.943874392,-1.396424516,2.871421785,253d76373ecbcb54bd04545a020cb000044400007e7d030000000000ffffffffa52cac23ca383a34,1759a0326038976d323c4639b249fa569f265d4b031ca0000214600099362c0400000000fffffbff
1791,2241,48463,-0.021056064,0.976708631,-1.037017519,0.187259448,0.941135388,-1.364893578,0.390081425,323d363acf4aaec8c5e222081078d0001d5c3002836c0e0100000000ffffffffa5297c29e339354e,b058fe31fe39c012313c52399f49de56b2781338031ca000021400009d312a0600000000fffffbff
1792,2242,48464,-0.021263254,0.977807614,-1.038159945,0.181606100,0.979143302,-1.412951602,0.426176660,2b3d773ac04a1acc4613650b1078d0010d8cf00176661e0500000000ffffffff67183c45933da83f,f157c63a8737e81c393c43396d490357f781cd31031ca0000214600096372e0300000000fffffbff
1793,2243,48465,-0.022506399,0.982964382,-0.990101921,0.163254919,0.958837472,-1.418663729,0.467712089,013da83b374d5ad28bfe30111d40e0011f5c3002a1470b0b00000000ffffffffe82b9c30063d8644,855515363c37e771333c3939dd480a57c11c0347031ca0000214600096382e0300000000fffffaff
1794,2244,48466,-0.020848873,0.981020027,-1.061465420,0.178083858,0.950147051,-1.390331581,0.385590876,393d353b8e4939d1c3e2e2091d40f0011e000000b53e080400000000ffffffffcc35fb2c7a3da640,7a571334b0384820363c4e395549f2564ef80230031ca0000214000099362c0400000000fffffbff
1795,2245,48467,-0.020197702,0.981493435,-1.130391747,0.163994886,0.991823878,-1.457430027,0.375483241,4f3d513b0546d2d1582674041d40f0011e5c0000c3300c0100000000ffffffff8036512ddc3d0944,9e55b43d3f35ff703c3c3039e1482657293e9c4b031ca000021460009239330200000000fffffbff
1796,2246,48468,-0.020197702,0.982220455,-1.139378825,0.156832005,0.983843569,-1.414322513,0.327010983,4f3d7c3b8f456ed26cf643051d40f0011e5c0000ca24110000000000ffffffff042cb032ee3db34a,ac54dc3b753788083e3c4739af480157c87dea83031ca0000214600097362f0300000000fffffbff
1797,2247,48469,-0.020908070,0.982372622,-1.060932289,0.175745562,1.001359671,-1.437018695,0.424822485,373d853b954973d2c87a820c1d40f0011e000000c725120100000000ffffffff5830d40e0728274b,2b57e83f4b360f513e3c39393f4913572e1e1f53031ca000021460009436320200000000fffffbff
1798,2248,48470,-0.020434491,0.970672677,-1.087741202,0.169233852,0.967071393,-1.407087152,0.371441632,473dd1383548355133f203050408d00003000000be221f0000000000ffffffff2109c03a8622d8f8,4f56fc37d43720df3a3c49390d49fe5642742328031ca0000214600097372d0300000000fffffbff
1799,2249,48471,-0.014248367,0.903279641,-0.997794251,0.191077678,0.953697612,-1.388732186,0.444447101,183e3f29d24c514fc179d50e04381001032cd000615d231e00000000ffffffff4610933c3c2c6b54,3159e534c5386018343c4a39ba49f156a3821d35031ca000021400009a342c0500000000fffffbff
1800,2250,48472,-0.024785497,0.971704030,-1.032752465,0.180747739,0.966327466,-1.426127574,0.443865740,b43c0e39074bd64a04da70150d9040001e400000b226131004000000ffffffff6367b7536b75d19b,d457d037da368f6c373c3d39634911576286fd51031ca0000214600095392f0300000000fffffbff
1801,2251,48473,-0.086587542,0.984063365,-0.983856662,0.111575623,0.940205479,-1.451489415,0.509776957,8c34e93b894dccdc7d676e131968b001220000009866010000000000ffffffff93720f5a4b728999,b34ec7318d35c047ab3cfa389f46265747b952350328700002146000883d390200000000fffff9ff
1802,2252,48474,-0.088067476,0.904074291,-0.953011179,0.114061912,0.935251601,-1.431687377,0.520537430,5a346e291e4f97dc83109e741a64b00122000000ec10040000000000ffffffffb14e114a1677282a,074fa23091364824ac3c0239c9461657cc6fa71d03287000021460008d3a360200000000fffff9ff
1803,2253,48475,-0.176005155,0.965177760,-1.086674939,0.076856371,0.983116549,-1.539913133,0.519312635,bf288c374348eadcb0d9873f1968b00100000000d726030000000000ffffffff8654ef45f677c02a,1e4ab13b04319777b53cd83881446b57f3dd794403287000050860007944410100000000fffffaff
1804,2254,48476,-0.130600779,0.981814676,-1.063445624,0.119478470,0.932901467,-1.452022547,0.464676402,bd2e643b7449f5dcc623ee211968b00100000000e317050000000000ffffffffcb7214586f7260e2,be4f17308635ef59ae3cfc3816472857b482dd480328700002146000883d390200000000fffff9ff
1805,2255,48477,-0.087653094,0.906204627,-0.952782694,0.119508069,0.939732071,-1.447757493,0.537624300,6834ec29214f98dc5d9cdd0d1a64b00122000000eb11040000000000ffffffff98030751402248e2,bf4fab31be350817ae3cfe3818472357eee21d330328700002146000893c380200000000fffff9ff
1806,2256,48478,-0.011821275,0.928032126,-0.923612768,0.077921923,0.979312376,-1.503660171,0.589184601,6a3ef72ea050ea537eb902370e101001033c2001c230080402000000fffffffff10d5e3468221359,424ad03ae032ef7eae3cdd3896444b575b6e89000328700002146000853e3b0100000000fffffaff
1807,2257,48479,-0.024785497,0.967730783,-1.011198708,0.105448696,0.951076960,-1.477993682,0.484908077,b43c2338224cc94fa4a5e01c040ce000112c20008a32241707010000ffffffff8a083b39e0216351,e44d4a343134414ead3cf03839463c57d65c13320328700002146000853f3a0100000000fffff9ff
1808,2258,48480,-0.025821451,0.967189745,-0.925136002,0.102252039,0.939951867,-1.484162779,0.574156475,913c03388c50a253c1c186400e101001032c20017a42212101000000ffffffff8303ad404923aacb,784db831e033d76eaf3cf13804464257df5023460328700002146000853f3a0100000000fffff9ff
1809,2259,48481,-0.013301209,0.904868940,-1.325746472,0.091566915,0.964653630,-1.496348649,0.208989558,383e9d29003c0000834e50180e1010010348d0007669180800000000ffffffffb14e114a16777811,0f4c6d3740339f59ae3ce53864454857774473260328700002146000843f3b0100000000fffffaff
1810,2260,48482,-0.084604430,0.918648499,-1.086674939,0.110066090,0.933002912,-1.453164973,0.415231990,cf34cc2c4348eadcc1d9873f1968b00100000000d726030000000000ffffffff9457b3451b77c0ce,804e1d307735c761ac3cfa3887462957176d32090328700002146000883d380200000000fffff9ff
1811,2261,48483,-0.087623496,0.923974341,-1.036865196,0.115571445,0.942538705,-1.484695911,0.492123123,6934072ed14aeadcc02c3f121968b00100000000d822050000000000ffffffffa63188504e68382d,3a4f5132d9331765b13cf438cf464357457e6d4c0328700002146000843f3b0100000000fffffaff
1812,2262,48484,-0.113936722,0.952361925,1.405792404,0.111575623,0.940205479,-1.451489415,2.866193118,f030963419c8c9dbbe5df93e1b68200219000000dc1f040000000000ffffffffc25625495f76600f,b34ec7318d35d018af3c00399f46265783b852350328700002146000883d390200000000fffff9ff
1813,2263,48485,-0.084249246,0.912308211,-1.041511059,0.098226618,0.987935168,-1.540293942,0.536471101,db34552b944adedc4c17bd371968b00100000000ce2e030000000000ffffffff7d612b3f331bf538,f04cce3cff30ef66b93cde38c4456b57e0fd8c4d03287000050860007a43400100000000fffffaff
1814,2264,48486,-0.014929137,0.960714198,-0.952935018,0.089080626,0.956166098,-1.513028058,0.569686694,013e84361f4f5e5532489455034c400109706001c7220b0504010000ffffffffa96fbc2e731ea63c,bb4b773565323f72b13ce5383b455857dd200446032870000214600081403c0100000000fffffaff
1815,2265,48487,-0.014810742,0.964586000,-0.931457422,0.105448696,0.951076960,-1.477993682,0.559773803,053e6937395091541ae90c49034cc00114084000762d292609040000ffffffffd83f7f2df94b7542,e44d4a3431348c20b43cfa3839463c575e5c13320328700002146000853f3a0100000000fffff9ff
1816,2266,48488,-0.045622968,0.971078455,-2.495589972,0.102755216,0.995983107,-1.519577963,0.987540262,f439e93800005ad71efe17001f84d001220000009364070000000000ffffffffd83f3a30e2511342,894daa3e0f3228f6bb3ce6380e465757efc8aa0d0328700005086000813f3d0100000000fffffaff
1817,2267,48489,-0.045770962,0.974121793,-2.495589972,0.091566915,0.964653630,-1.496348649,1.008679612,ef399d39000083d804fe0700217c20021d000000ba32130000000000ffffffffae4d2234ab46c642,0f4c6d37403378ddb83cf638644548573e4473260328700002146000843f3b0100000000fffffaff
1818,2268,48490,-0.043284673,0.968525433,-1.086674939,0.111694018,0.970503602,-1.503279362,0.444501466,433a52384348ead507fe0c471f74100210000000a4500b0000000000ffffffffc25625495f763033,b74ec738e5325029b63cee3895464e5736ae6e2f032870000214600082403c0100000000fffffaff
1819,2269,48491,-0.193912357,0.964416926,-1.041511059,0.077921923,0.979312376,-1.503660171,0.536374451,62265f37944adedcca15bd371968b00100000000ce2e030000000000ffffffff5a4d4a49f379f028,424ad03ae0323019bd3cf43896444b57ca6d89800328700002146000853e3b0100000000fffffaff
1820,2270,48492,-0.198174567,0.967358820,-1.095662018,0.117376964,0.951888517,-1.478069844,0.496032100,d2250d38cd471bddaa2eef2b1968b00100000000f30b010000000000ffffffffd83fea4f6a60ae37,774f7a3430342421b23cf738ee463c57a2225e330328700002146000853e3b0100000000fffffaff
1821,2271,48493,-0.039792028,0.981831584,-2.495589972,0.104294347,0.995881662,-1.519501801,0.986765628,b93a653b00008eda0702f87f226c10021a000000a45a010000000000ffffffff084d58497f781428,bd4da43e10328d43bb3ce63825465757d26d4e4d0328700005086000823f3d0100000000fffffaff
1822,2272,48494,-0.181273720,0.966412003,-1.126659824,0.136024133,0.862414371,-1.219577081,0.346593496,0d28d5373646ffdc5dc23b3c1968b00100000000e914030000000000ffffffff72110352ae704d48,ed51ce1f7241e180c63c8c38084860564ee2b8940308a00007000000c820160100000000fffffaff
1823,2273,48495,-0.067200406,0.874756798,1.533744037,0.107638998,0.961677921,-1.514094322,3.054086239,1b37a822a9ce7ddc5ffe00921a6c900122000000ee0a070000000000ffffffffff30104a1677ac29,2e4ebd365732e769b43ce93854465957ef411d51032870000214600081413d0100000000fffffaff
1824,2274,48496,-0.139006805,0.966428911,1.408991195,0.104057558,0.908757650,-1.303811906,2.724280992,a12dd63743c8eadcb61d883f1968b00100000000d726030000000000ffffffff292bf045f577bf68,b54d832a203db801b53c9d382c46a556924939430328200007000000c61c180500000000fffff9ff
1825,2275,48497,-0.170558998,0.980326822,1.432220509,0.134573797,0.872795536,-1.235418712,2.687185891,77290c3b74c9f5dcefdd21221968b00100000000e317050000000000ffffffff2a5e0d46c753ca31,bc513422a2404984c13c8b381548745663e14a390308a00007000000c91c190100000000fffffaff
1826,2276,48498,-0.040827982,0.975271499,-1.009218504,0.130725969,0.871240052,-1.235266388,0.302243191,963ae1393c4cc4d836265f2d2188f0011b000000af37190000000000ffffffff41626943ea3f793c,3a51d821a4404771c13c8938ef477456fdea92310308a00007000000c91c190100000000fffffaff
1827,2277,48499,-0.040236008,0.963081238,-0.997794251,0.120810411,0.900675896,-1.271138543,0.323338024,aa3a1037d24c01d436169f111d7c000117840000cf1e110000000000ffffffff855bdd3eab557e3b,eb4fa528cd3e29a3bc3c9f384b478c56c7db832a0328200007000000c91b190200000000fffffaff
1828,2278,48500,-0.042041528,0.976116871,-1.017520128,0.139575974,0.865204098,-1.237398916,0.305995493,6d3a133acf4b0ad94a4ebf132188f0011b000000a456050000000000ffffffffa157863b044eb342,65527320884040e4c13c8e383b48775684702e4d0308a00007000000c91c180100000000fffffaff
1829,2279,48501,-0.042159923,0.972278883,-1.032523980,0.125605397,0.885357760,-1.255068427,0.291935807,693a30390a4be5d739de5d0a217cd00122000000817c010000000000ffffffff625450689b43a422,8d501b25a03f4999c03c99389f4783568a7fd3320308a00007000000c91b1a0100000000fffffaff
1830,2280,48502,-0.033665101,0.968119654,-1.055067839,0.137770455,0.876751876,-1.265045608,0.286057484,883b3a38e2490bd52af6ae271d7c000121000000d825020000000000ffffffff3b4eb13ba95ee53d,28521e231d3f98e7bd3c8f382b488e56b5440e4f0308a00007000000c91a1a0200000000fffffaff
1831,2281,48503,-0.044054238,0.980580434,-1.092767874,0.130725969,0.871240052,-1.235266388,0.250617770,293a1b3bf3474eda69765d09226c10021a000000b147060000000000ffffffffd25c156475422c23,3a51d821a4409da3c33c9338ef477456aaeb92310308a00007000000c91c190100000000fffffaff
1832,2282,48504,-0.034582661,0.967274282,-1.011427193,0.132768278,0.885493020,-1.257429439,0.308563797,693b08381f4cb0d42b1aae311d7c000121340000d623060000000000ffffffff8d4e8f441064b041,7f512325813f798dbd3c8b380648855616e55c340308a00007000000c91a1a0100000000fffffaff
1833,2283,48505,-0.043521462,0.983505420,-1.084313926,0.128239680,0.868078362,-1.238312856,0.257955356,3b3ac83b624817db50e2de0f1b88a00121640000b741060100000000ffffffffb45af360d043101f,e6501d217c40001fc23c9238bd477556b343410f0308a00007000000c91c190100000000fffffaff
1834,2284,48506,-0.034937845,0.967950580,-1.020261948,0.112729971,0.919747483,-1.313636763,0.331960999,5d3b3038ab4b0fd5fe699d331d7c000121000000b845010000000000ffffffffd83fed602447a8d0,da4e0d2d9f3c80efb13c9738d046b056ea2c3d520328200007000000c51e160600000000fffffaff
1835,2285,48507,-0.057373644,0.981882306,-2.495589972,0.113617932,0.891714956,-1.285533101,1.225400302,6738683b0000f2d574fe173f1f74100210000000a755030000000000ffffffffcd4feb5c17479c28,f84e9326103eb013ba3c9a38bd4697560f8b92490328200007000000c81b190300000000fffffaff
1836,2286,48508,-0.034819450,0.969624416,-1.080886650,0.122053556,0.878019933,-1.266035710,0.259385226,613b93388f48e8d5f035ab3c1f74100210000000b843030000000000ffffffff9e0ebf231022603c,15506923103f0014be3c96383c4788566037a24a0308a00007000000c91a1a0200000000fffffaff
1837,2287,48509,-0.023068774,0.967663153,-0.948746125,0.114446695,0.910871079,-1.276546022,0.359984189,ee3c1f38564fcd53b2593057031020000b3810016c65240900000000ffffffff950d2228d6213a3c,144f002b863ed180b73c8338cd468c5618fe78850328200007000000c81a1a0300000000fffffaff
1838,2288,48510,-0.023423958,0.967510986,-0.941053795,0.120810411,0.900675896,-1.271138543,0.366369245,e23c1638bb4fd553bf357059031020000b3810016966191502010000ffffffff0c17121849226240,eb4fa528cd3e2776b93c86384b478c56a8da832a0328200007000000c91b190200000000fffffaff
1839,2289,48511,-0.022062419,0.967899857,-0.979210799,0.133626640,0.906187720,-1.275251274,0.340128554,103d2d38c64dd153b17d914d020c40000b3400005b52510100000000ffffffff8719ec40223c7748,9c51eb29973e5998b83c8b380c489256291d4e300328200007000000c91b190200000000fffffaff
1840,2290,48512,-0.022565596,0.981425805,-0.997489604,0.114446695,0.910871079,-1.276546022,0.318783346,ff3c4d3bd64ceed0d24621121d40e0011f5c3002864d280301000000fffffffff5160d1ff724ff52,144f002b863e5433ba3ca338cd468c5608fb78050328200007000000c81a1a0300000000fffffaff
1841,2291,48513,-0.022535998,0.969100285,-0.976773625,0.125605397,0.885357760,-1.255068427,0.326200368,003d7438e64d755215aaa017040830000d44b000c027150200000000ffffffff1b275631cc3b8942,8d501b25a03f8774bd3c88389f478356f57ed3320308a00007000000c91b1a0100000000fffffaff
1842,2292,48514,-0.021352050,0.979684340,-1.031990848,0.127470114,0.926037049,-1.295662606,0.307487990,283de63a114baacfeff6f10d1d40e0011f343002874f260200000000ffffffff5f24f330f43a5b52,cc50812e8b3d88e3b23c8d38b847a056db908e500328200007000000c61c180500000000fffffaff
1843,2293,48515,-0.021648037,0.978974227,-1.017367804,0.160798228,1.065388127,-1.800690747,0.808918311,1e3dbc3ad14b32ce572f740f1d7800010d7c3002644f4b0101000000ffffffff333171203e39fe35,3255b34ea42350f6563cb938af481d58657aa531071460000a0c0000744e1f1d00000000fffffaff
1844,2294,48516,-0.020641682,0.976691724,-1.061922391,0.129334831,0.898089059,-1.291473713,0.285245759,403d353a8849efc8dda662091078d0001d5c3002b13a120101000000ffffffff4a2c9528143bee3f,0b510c28c23d68f0b73c9238d247a256f5101d520328200007000000c81c180300000000fffffaff
1845,2295,48517,-0.020908070,0.978365560,-1.054001575,0.148159592,1.001630190,-1.903585185,0.866554919,373d983af04982cd434f920e1074e0010d7c70018c422d0300000000ffffffffb621ea35583b4350,8753f83f5d1eec354d3c903851485058dbb6ab07071460000a0c80006f61260900000000fffff7ff
1846,2296,48518,-0.021973623,0.979718154,-1.007999917,0.170565793,1.059233821,-1.820111977,0.838403343,133de83a4c4c52cf4067830f1d40e0011f3430027d413f0100000000ffffffff4203a34bfe23dcdd,7c56474da522e01f573cb238f8482658bc568a7d071460000a0c80007255231401000000fffffaff
1847,2297,48519,-0.012383650,0.902315917,-1.298709073,0.161686189,1.053417663,-1.817827126,0.567992605,573e0629633d4939b40a311f043810010334f0009d4f100201000000ffffffffa2322778733a2740,5055ef4bc3226e33593cb438b6482558f3413065071460000a0c00007257231300000000fffffaff
1848,2298,48520,-0.001017757,0.981594880,-1.325746472,0.157867959,1.029967051,-1.870911821,0.569903322,d73f573b003c0000f18d933a1074d0001f000000dc20020000000000ffffffff9c09cf396c2270f1,cf5484460a20df5a4e3ca33899483f587fbf902a071460000a0c8000705d260b00000000fffff8ff
1849,2299,48521,-0.014455558,0.903127474,-0.997946574,0.174680009,1.050306695,-1.816684701,0.853092085,113e3629d04c544fa526f30b04381001032c20016257252100000000ffffffff59271671143d833c,0757374bd2226021563cb13816492558ae7a2e1a071460000a0c80007156231401000000fffffaff
1850,2300,48522,-0.000248191,0.982913660,-1.325746472,0.165859603,1.038606750,-1.844179070,0.547234756,f13fa53b003c0000cd3173391074f0010d000000906d010100000000ffffffff2914d2637b25e7be,dd5583486921eb51513cac38d5483258bf6f206a071460000a0c8000705b250e01000000fffff9ff
1851,2301,48523,-0.010341341,0.897598743,-1.058723600,0.182020482,1.034041743,-1.843036644,0.819003489,9c3eef27b249014dfe0122750434e000033c1001da1e040301000000ffffffffb304f93e0d23d0ea,ff57754778216433553ca8384d4932586b4eef15071460000a0c8000705a250f01000000fffff9ff
1852,2302,48524,-0.013537999,0.905088737,-0.997032634,0.161686189,1.053417663,-1.817827126,0.852296066,303eaa29dc4c2e4f3e3e530a0e1010010348d0007861190c00000000ffffffff7a3aa878c430eb39,5055ef4bc322e647543cb538b6482558f1433065071460000a0c00007257231300000000fffffaff
1853,2303,48525,-0.001402540,0.976539557,-1.254611457,0.176041549,1.047770580,-1.847225537,0.622697127,ca3f2c3aa63f1cc06a3a487f10344000000000009d62010000000000ffffffff6b56464dc777580b,3557a14a41210236583ca83821493358a0527a7d071460000a0c8000715a240f01000000fffff9ff
1854,2304,48526,-0.086646739,0.916484348,-1.043110454,0.164675655,1.046773041,-1.817141671,0.824173777,8a344c2c7f4af6dc3431e47b1968b00100000000ee0f020000000000ffffffffd946bb4a46788828,b555664acc225817543cb238cc48255859732409071460000a0c80007156231401000000fffff9ff
1855,2305,48527,-0.169463847,0.966564170,-1.164892990,0.164527662,1.011859188,-1.925138942,0.831610410,9c29de374044fedc72f2b97e1968b00100000000e419020000000000ffffffffac58274bfb771ab9,b0555542421d2a33523c8938cb4859586bf2bd0c071460000a0c80006b65280600000000fffff7ff
1856,2306,48528,-0.087741890,0.919105000,-1.030848423,0.162041373,1.013110338,-1.870683336,0.881221518,6534e72c204bf9dc0a6dde101968b00100000000f00d020000000000ffffffffa637a00e031e1829,5c559f420d20d02b503c9e38b84840580693c504071460000a0c8000705e260b01000000fffff8ff
1857,2307,48529,-0.020049708,0.964957964,1.335875976,0.167546727,1.028479197,-1.840675632,3.182720140,543d7f3783c4d85435982856020c400000000000e519010000000000fffffeff0e33f10c351e5421,16562c469721781f523caa38e14831584bcfb407071460000a0c8000715a240f01000000fffff9ff
1858,2308,48530,-0.020286498,0.965566631,1.385228749,0.149935513,1.034667318,-1.890637698,3.281013778,4c3da3370bc7d754d0b4254d020c400000000000ea14010000000000fffffdffad363b0c2e1ed429,c3539a47071f9e345c3c94385e484858df9feb99071460000a0c8000725c250b00000000fffff8ff
1859,2309,48531,-0.020079307,0.965414464,1.346233965,0.157867959,1.029967051,-1.870911821,3.222709928,533d9a370bc5d9542168495b020c400000000000e717010000000000fffffdffc92e5816d51d1013,cf5484460a20ff505c3c9e3899483f58f1bd902a071460000a0c8000705d260b00000000fffff8ff
1860,2310,48532,-0.020819274,0.964602908,1.419273022,0.174739207,1.039215418,-1.878147182,3.304056620,3a3d6a37cac8cf54adc8e658020c40000b000000b946000000000000ffffffff8c34940af71dc420,0957a748ab1f4348583c9c38174941583dc2bb7b071460000a0c8000705e260a00000000fffff9ff
1861,2311,48533,-0.020108906,0.965718798,1.369234794,0.149935513,1.034667318,-1.890637698,3.265032568,523dac3739c6eb548a980457020c400000000000e916010000000000fffffdff2e34fe0b3c1ee026,c3539a47071f9e354a3c9e385e484858e29bdb99071460000a0c8000725c250b00000000fffff8ff
1862,2312,48534,-0.020197702,0.965634261,1.373119040,0.165859603,1.038606750,-1.844179070,3.223499563,4f3da7376cc6d75480486358020c400000000000e915010000000000fffffdffef219d260e1e0815,dd5583486921f03e5a3ca938d5483258196e206a071460000a0c8000705b250e01000000fffff9ff
1863,2313,48535,-0.022417603,0.963825166,1.495206223,0.168967464,1.034295354,-1.908840341,3.410150628,043d3c37afccc3549b98465a0308b0001110e000af28270100000000ffffffff333cb10625208443,46568447181e702c573c9038ec485058b4993f1d071460000a0c80006f61270800000000fffff8ff
1864,2314,48536,-0.019694524,0.967460264,1.235037903,0.098611401,0.935234693,-1.807088328,3.044596326,603d133857bf6a545fb124440200000000000000ff00000000000000fffffeffed1c6326421e381a,fd4ca1305023e439a63c7637be45295868c0d832071460000a0c80007b4e241001000000fffff6ff
1865,2315,48537,-0.022683991,0.964383111,1.510286237,0.179179009,1.020448165,-1.880203547,3.396956423,fb3c5d3775cdb354c3e0f454032c20001110e000a8381a0401000000ffffffffb134550ad71ed939,9f575144901f9b44543c9b3838494458243e9f52071460000a0c80006f5f260900000000fffff8ff
1866,2316,48538,-0.020168103,0.966310559,1.366645297,0.081947344,0.914320196,-1.838238458,3.206931625,503dcf3717c6b3549cc984430200000000000000ff00000000000000fffffeffdb5ff737231c3750,ca4acc2bb72138e6a33c8e37c644385818a3e115071460000a0c8000745b260901000000fffff6ff
1867,2317,48539,-0.015136328,0.962066792,-0.953011179,0.092158889,0.921708745,-1.819045713,0.873588489,fa3dd4361e4f26554dbc7750034c40011c242000c8180f0b03020000ffffffff8759d9255b1d6772,234c812db322c0eda43c81375e452f584eb26211071460000a0c80007854270b01000000fffff6ff
1868,2318,48540,-0.016941847,0.963672999,-1.011198708,0.093254040,0.929080387,-1.822244504,0.819228336,bd3d3337224cb954ee18ea5a030840001c509000cc32010000000000ffffffff4f6a1b2fd11d203f,484c352f8922eec9a63c82376e4530587671e379071460000a0c80007854270b01000000fffff6ff
1869,2319,48541,-0.015077130,0.964028055,-0.938845106,0.089110224,0.922723191,-1.840599470,0.908692484,fc3d4837d84fb654cc205a47034c40011c0840009722201c08030000ffffffff4572b730981ff73f,bc4bbd2d9821498e9f3c78373145395879d6c53e071460000a0c8000745a270901000000fffff6ff
1870,2320,48542,-0.014721946,0.965600446,-0.931609746,0.093254040,0.929080387,-1.822244504,0.897899104,083ea53737504b541d252f53034cc001141020007f321b14110f0000ffffffffd83f9b120b1e8042,484c352f8922f18ea33c74376e453058ed72e379071460000a0c80007854270b01000000fffff6ff
1871,2321,48543,-0.019516932,0.964146407,-2.495589972,0.102577624,0.927119124,-1.821711372,0.685850178,663d4f370000cd5422e89754020c400000000000d42b000000000000fffffeff874eae1a821ddf6c,834dc12e9022435ca33c7a37f9452f583928df6d071460000a0c80007754270b01000000fffff6ff
1872,2322,48544,-0.018184992,0.963808258,-1.090178376,0.071617404,0.935657379,-1.876319301,0.791754063,933d3b371548c154c0e8d853020c400000000000a05f000000000000ffffffff534ae9179a1d276e,6d49ba30c31fb5a9a23cb3372c444958de97cc1a071460000a0c00007062230901000000fffff6ff
1873,2323,48545,-0.018569774,0.963842073,-1.134656801,0.100239328,0.921472041,-1.819426522,0.696290451,863d3d37cd45d054c7e87854020c400000000000ba45000000000000fffffffffb610b1df61d6766,344d732dae22d0eba43c7d37d7452f5898649c0a071460000a0c80007754280b01000000fffff6ff
1874,2324,48546,-0.017030643,0.965245390,-0.994214652,0.052644650,0.918411795,-1.887438907,0.897160857,ba3d9037014dac543fa94c53030840001c500000a15c020000000000ffffffffdb61962f421d9f64,ec46be2c311fe0009c3cb33722425058ab490902071460000a0c00006d67230700000000fffff6ff
1875,2325,48547,-0.015580308,0.963487017,-0.961998258,0.089110224,0.922723191,-1.840599470,0.885754981,eb3d2837a84ed954eac87b530370400113084000c711100d08010000ffffffffad5df920571d2f72,bc4bbd2d98211ec8a53c903731453958ffd5c53e071460000a0c8000745a270901000000fffff6ff
1876,2326,48548,-0.017001044,0.964501463,-1.002287790,0.069160714,0.912257489,-1.862762521,0.866354456,bb3d6437974cbe54ef6c4a5c0308400009704001b44a010000000000fffffffff36e352e941e5e3e,1a49522b752038e99f3c9f370744445865030210071460000a0c80007062240801000000fffff6ff
1877,2327,48549,-0.014958735,0.964771982,-0.933970758,0.102370433,0.918090554,-1.843188968,0.917945011,003e7437185087541d4d5d4a034cc001140840008e251e1c0c060000ffffffffa0632332f51ceb44,7c4dab2c76215bb8a03c8137f6453a580db41f65071460000a0c8000735b270901000000fffff6ff
1878,2328,48550,-0.015136328,0.963098146,-0.944481071,0.096213908,0.910042615,-1.842503512,0.906453568,fa3d11378e4ff354783c094c035030011c0890009826201d03010000ffffffff95724d31521fb832,ac4ccf2a7f21a8f7a13c87379a453a5838099b02071460000a0c8000735c270801000000fffff6ff
1879,2329,48551,-0.014603551,0.965245390,-0.929553380,0.065756866,0.920778836,-1.912953072,0.987679111,0c3e903752505e5458899e4d034cc001141020006a392b1e0a0a0000ffffffff76183c1f621f702d,a7484a2de21de0f4963caf37a8435a5828e10a03051c60000a0c00006c67260500000000fffff6ff
1880,2330,48552,-0.022388004,0.965972410,1.517293112,0.071617404,0.935657379,-1.876319301,3.395049518,053dbb37d1cd7f5447e1f150032c20000444e000a02d280a00000000ffffffff203a5974972c3c39,6d49ba30c31f518d973c84372c444958ba95cc1a071460000a0c00007062230901000000fffff6ff
1881,2331,48553,-0.001284145,0.974747369,-1.255753882,0.081207377,0.925073325,-1.858954437,0.610838171,ce3fc239973f6c456c36f77e0d40400000000000ac39190000000000ffffffff38775d559c1e21c2,b14a482ea720e9919b3c7f37bb444158be82463d071460000a0c80007260250801000000fffff6ff
1882,2332,48554,-0.004036822,0.936823992,-0.936407932,0.092484474,0.921100078,-1.870911821,0.939606898,713fff30f84fb9544e360d38130c400014585001804d1e1103000000ffffffff8654ef45f6774da0,2e4c5d2d0a2024bc9b3c8c376345475861983f67071460000a0c80006f63260700000000fffff6ff
1883,2333,48555,-0.086409950,0.921894727,-1.063445624,0.081207377,0.925073325,-1.858954437,0.812982129,92348c2d7449f5dca120ee211968b00100000000e317050000000000ffffffff2e57604c9e7875aa,b14a482ea7209fc5a33ca037bb444158af82463d071460000a0c80007260250801000000fffff6ff
1884,2334,48556,-0.088008278,0.916873219,-1.039683178,0.083220087,0.933070541,-1.898710837,0.876076495,5c34632cac4a02dd3554c2111968b00100000000f608010000000000ffffffffc855044b21788f52,f54a21309d1ea8d3963c9937d9445358ae98ae0e071460000a0c00006a68250700000000fffff6ff
1885,2335,48557,-0.087149917,0.918344166,-1.046690053,0.325781272,1.169267408,-1.672129820,0.790347735,7934ba2c504afcdc160452191968b00100000000f00d020000000000ffffffffac58274bfb77819e,f86ab3663c2a88fa7b3cfc38c94cc157a0aae6a80728300005188000714b171710050000ffffffff
1886,2336,48558,-0.087031522,0.911682636,-1.030848423,0.083723265,0.909738281,-1.873958289,0.860229751,7d34302b204bf9dcb36fde101968b00100000000f00d020000000000ffffffff63507b47ee78c027,064bbd2ae21f10fb9c3c9737e044495871c94a43071460000a0c00006e64260600000000fffff6ff
1887,2337,48559,-0.199003330,0.966547263,-1.078601800,0.290795632,1.174187471,-1.804041861,0.899600334,b625dd37ad4808dd7bca1e2f1968b00100000000ec10030000000000ffffffff5b2fa274443d643b,5a66d66778233983913ce6383d4c1958925e8a01072850000620300082332b1607020000ffffffff
1888,2338,48560,-0.000899362,0.982947475,-1.071137955,0.334157699,1.167052534,-1.701299746,0.737062949,db3fa73b0f49bed2ec2973791074f0010d0000008b72010100000000ffffffff9b59484ddd77d0e6,136c3066bd2860f77f3cfe38e64cd957e186ab3c07285000060c80007d411b150d050000ffffffff
1889,2339,48561,-0.086942726,0.914878141,-1.026507207,0.326047660,1.162369174,-1.702594495,0.830004152,8034ed2b594bf8dc94436e721968b00100000000f00d010000000000ffffffff9457b3451b771da4,016b1b65ac2838ea7f3c0139c84cda578914727507285000060c80007e401b160c040000ffffffff
1890,2340,48562,-0.085107608,0.905900293,-1.036865196,0.312817050,1.175523159,-1.760020406,0.868328268,be34da29d14aeadcb42f3f121968b00100000000d822050000000000ffffffffdd2be4734b3c8541,42692568ba259829883ce838914c05584174822f0728500006203000823b211606040000ffffffff
1891,2341,48563,-0.000544178,0.982490974,-1.325746472,0.336762383,1.157127869,-1.698786411,0.532383844,e73f8c3b003c0000b29d533a1074d0001f000000a45a010000000000ffffffffcd1f876bc83d3b5c,6b6ce563de289f667f3cfb38f04cd85796ff0d0d07285000060c80007d411b150d040000ffffffff
1892,2342,48564,-0.013034821,0.962827627,-1.325746472,0.323590970,1.164093733,-1.731840582,0.564568327,413e0137003c00003b3212341074f0010d0000008676030000000000ffffffff6e32f276483cb444,ae6a81652c27bc25823cef38bc4cf3577e18523307285000060c8000823d1e1707050000ffffffff
1893,2343,48565,-0.001076954,0.982457159,-1.080125034,0.338567902,1.155944349,-1.735953313,0.758661431,d53f8a3b994887d2c309b3381074d0001f000000a757010000000000ffffffff9b1d1563f73f6b56,a86c9f63f626af64853cf938f44cf8579c8bbe4d07285000060c8000813c1e1707060000ffffffff
1894,2344,48566,-0.012442848,0.964264759,-0.995280915,0.326047660,1.162369174,-1.702594495,0.808772949,553e5637f34cd1d365f6e02c1d40f0010d000000ad381a0000000000ffffffff9d1db466dd3e4f5a,016b1b65ac28f01f7e3cf538c84cda57f114727507285000060c80007e401b160c040000ffffffff
1895,2345,48567,-0.012679637,0.963453202,-1.325746472,0.334483284,1.169487204,-1.731916744,0.572666041,4d3e2637003c00005192e1301d40f0010d0000008c69090000000000ffffffff472f1d76803bf144,1e6cc0662b27b007853cfe38e54cf357ebca4b3b07285000060c8000803d1e1607060000ffffffff
1896,2346,48568,-0.000780968,0.982102103,-1.376165508,0.323502174,1.156941888,-1.701756716,0.491668731,df3f753b6a394d3fda2533391074d0001f000000bd40010000000000ffffffff71348379a239e840,ab6ada63b7287f667f3cf638be4cda5788a0a10d07285000060c80007e411b150c040000ffffffff
1897,2347,48569,-0.001136152,0.981189101,-1.325746472,0.331375423,1.181491483,-1.765656371,0.586690473,d33f3f3b003c0000a925843b1074d0001f000000ea12030000000000ffffffff9e22ba6da03dc356,b56b86697025b0128b3cfe38d74c07582687dd350728500006203000813a211609040000ffffffff
1898,2348,48570,-0.013242012,0.962878349,-1.325746472,0.309975577,1.159765429,-1.768245868,0.582271284,3a3e0437003c0000545602361074f0010d0000008875020000000000ffffffff59271671143dff53,e26881644e25718f8a3ced38864c0a58bcec52070728500006203000833a221705040000ffffffff
1899,2349,48571,-0.013597196,0.962709275,-1.325746472,0.320068727,1.153137715,-1.733516139,0.560242841,2e3efa36003c00005d2e73391074f0010d000000906d010100000000ffffffff68289f71fb3de73a,376af96216273770843cf238ae4cf657b0c4420807285000060c8000813d1e1607050000ffffffff
1900,2350,48572,-0.000455382,0.983387068,-1.046156922,0.305742966,1.189657774,-1.775557390,0.817514572,ea3fc13b574ad1d2df9992771d40f0010d000000827a030000000000ffffffff98091355ae1e4db1,5368696bee2448098f3c0739764c0b58931d8c1107285000062030007f3d231408040000ffffffff
1901,2351,48573,-0.011436493,0.936316769,1.559258201,0.312817050,1.175523159,-1.760020406,3.343646293,773ee130f8cfb954a6ce12380e0cf00011102001903e180f0b000000ffffffff321ff927081e5019,42692568ba25c8eb8a3c0539914c0558a578822f0728500006203000823b211606040000ffffffff
1902,2352,48574,-0.022654392,0.963858980,1.503660171,0.313231432,1.180663019,-1.826357235,3.353928920,fc3c3e371ecdc2549d444752032c20001110e000ae301c0400000000ffffffff461d9a2aa81d2811,506955695322af71963cf038904c2258390b0d480728500006203000812d2c190b010000ffffffff
1903,2353,48575,-0.022979978,0.963470109,1.511657148,0.305742966,1.189657774,-1.775557390,3.311343995,f13c273787cdd9540729674c032c200011384000ae31100e01000000ffffffffc7174627901e081f,5368696bee2464d78b3ce138764c0b583b1c9c9107285000062030007f3d231408040000ffffffff
1904,2354,48576,-0.022979978,0.964839612,1.526737161,0.323590970,1.164093733,-1.731840582,3.283008154,f13c78374dcea354fc782353032c20001110e000974b110902010000fffffffffa2eb60ae51ffe43,ae6a81652c27a8ea843c0339bc4cf3578e18523307285000060c8000823d1e1707050000ffffffff
1905,2355,48577,-0.020434491,0.967223560,1.413560896,0.330931443,1.163383620,-1.777842241,3.216673867,473d05387fc874545e350445020c40000b000000e3100c0000000000fffffeffe91ac5281c1e601a,a66b5765d024b76d8c3cf538d44c0e58588b8d4b07285000062030008338221708030000ffffffff
1906,2356,48578,-0.022979978,0.964180222,1.517597759,0.141588685,0.924718269,-1.923691870,3.445448360,f13c5137d5cdb354146df44f032c2000113840009f41110c01010000ffffffff212a9b2c693b3044,a952332e551d58e7703c31381f485d588480a716051c60000a0000007e512d0300000000fffff6ff
1907,2357,48579,-0.021144860,0.978974227,-1.044709850,0.325929266,1.198415825,-1.800690747,0.860303540,2f3dbc3a6a4a77ce2b4fc20e1074e0010d7c30026e69250101000000ffffffff563017220f3a4e39,fd6a6f6da423c74f933cfc38c14c1658b2a7af1607285000062030007c3825150e030000ffffffff
1908,2358,48580,-0.020641682,0.977198947,-1.063140978,0.129542022,0.940864869,-1.980813135,0.930589866,403d533a784900cb0ddb220a1078d0001d5c3002b9330c0700000000ffffffffa727d72c6f3a7f52,1251ee31671a5f7a6a3c19388b477658d03ea991051c60000a0c80007f4f2f0200000000fffff6ff
1909,2359,48581,-0.021411248,0.978365560,-1.030772261,0.150853072,0.935285415,-1.924910457,0.911599697,263d983a214b1bcd3ae3040c1078d0010d7c30026552450200000000ffffffff4a10a81f3022743f,e253a430451df7496f3c2d3864485d588358ab34051c60000a0c80007b542c0400000000fffff6ff
1910,2360,48582,-0.022713590,0.967764598,-0.957123910,0.132561087,0.931937743,-1.923463385,0.979390509,fa3c2538e84ecd53b4a98053031020000b44e0006b632d0500000000ffffffff1801954b1723e98b,7851de2f581d4f4f723c2d38b8475d58a0d0322d051c60000a0c00007b552c0400000000fffff6ff
1911,2361,48583,-0.012206058,0.925276214,-0.918433774,0.162218965,0.941422814,-1.967256354,1.063350181,5d3e542ee4509b534d511ca50e1010010348f000c62e090101000000ffffffff44059858d6238cd1,62550f32191b476a693c2838b9486f588e581d36051c60000a0c8000804e2f0200000000fffff6ff
1912,2362,48584,-0.011347696,0.913356472,-0.938921267,0.153043374,0.918445610,-1.926281367,1.000964680,7a3e932bd74f3d528e26a12b043830000d44f000b938060303020000ffffffff23026d4ffa22f1a5,2c54c02c331d88e96e3c303875485f588050dc0d051c60000a0c80007e522d0300000000fffff6ff
1913,2363,48585,-0.011910071,0.920508317,-0.925821457,0.133774633,0.932614041,-1.958573922,1.043047571,673e3a2d83501d53c9d110640e101001033cd000905e0e0201000000ffffffff5d4b0735dc510943,a15106308b1b99aa6d3c3f38ca476c585673b131051c60000a0c00007f502e0200000000fffff6ff
1914,2364,48586,-0.044261429,0.974155608,-1.118815170,0.133774633,0.932614041,-1.958573922,0.859428474,223a9f399d4681d8117e9c05217c20021d000000bb32120000000000ffffffffdf3de47dc134893a,a15106308b1b2b5a6e3c2038ca476c58c572b131051c60000a0c00007f502e0200000000fffff6ff
1915,2365,48587,-0.001728125,0.978450097,-1.261466008,0.132561087,0.931937743,-1.923463385,0.677080141,bf3f9d3a4c3ff7cc502a577f1034d00100000000d728000000000000ffffffff5d02cb45462328dc,7851de2f581d58e2723c3438b8475d58b2d2322d051c60000a0c00007b552c0400000000fffff6ff
1916,2366,48588,-0.012975624,0.906779480,-1.002973245,0.134928982,0.912730897,-1.967789486,0.976105307,433e0e2a8e4cd84e130ab1170e10100103342001796d160200000000ffffffff9d00f8461a2330ff,c8516e2b121b60f16a3c3a38dc4772582123b306051c60000a0c0000824d2f0200000000fffff6ff
1917,2367,48589,-0.012650038,0.920271613,-0.918890744,0.133271456,0.918597777,-1.930089452,1.021674464,4e3e2c2dde507f5325eea6220e1010010348f000b53a0e0101000000ffffffff073de47ab632ea38,9051c92c011d90ea6f3c3538c347605897ae320b051c60000a0c00007d522c0300000000fffff6ff
1918,2368,48590,-0.001609731,0.977401836,-1.301679379,0.251222197,1.078863353,-1.871064145,0.631203164,c33f5f3a3c3db4c57846187f1034400000000000c23d000000000000ffffffff07049b53622262bd,2161d0510820a3395d3c4e39514b3a58786b3064071460000a20300065652a0a01000000fffffaff
1919,2369,48591,-0.011673282,0.926476642,-0.926887721,0.156328827,0.921455134,-2.022092768,1.108027085,6f3e9b2e7550b6534841f0660e101001033cd000a04d080703000000ffffffff25032f55262373bb,9b54722d491840ee5e3c33388d488958a138fd08051c60000a0c80008942330100000000fffff6ff
1920,2370,48592,-0.011614085,0.917549516,-0.930619644,0.128150884,0.916281459,-2.004727904,1.083164073,713e8b2c4450ab52403ea06704383000113cd0008669070603010000ffffffff0b037d3ebe22300d,e350402c2d1958fc633c4038764782585659ea03051c60000a0c00008547310100000000fffff6ff
1921,2371,48593,-0.013745190,0.915977125,-0.921632565,0.247670355,1.089447407,-1.853089987,0.982874842,293e2e2cba50fb531eddda260e1010010348b000b531110800000000ffffffffb6075c3b8322d00c,a9604254f420d8e15f3c5539374b32581bbfe42f071460000a2000006a5e280e01000000fffffbff
1922,2372,48594,-0.014041176,0.907151444,-0.922318020,0.162248564,0.950941700,-1.995969310,1.088908973,1f3e242ab1508a53e8b89a1d0e1010010348b0007f4c1c1700000000ffffffff0308923aa422af49,63554234a019d0d1633c2338b9487c581c9c7e15051c60000a0c8000824b300100000000fffff6ff
1923,2373,48595,-0.014129972,0.910076430,-0.922622667,0.254093269,1.074213808,-1.868246162,0.996538299,1c3ed12aad50c953e4bd2d760e1010010348b0007e4f1b1700000000ffffffff000090451e230004,8261bd502d2090275e3c4d39664b3958308fb406051c60000a20300065652a0a01000000fffffaff
1924,2374,48596,-0.012768433,0.922215968,-0.916225085,0.162870136,0.913542454,-1.974567876,1.072853019,4a3e9f2d0151be53468ada1e0e1010010348f000d222090101000000ffffffff2301f440f122800c,78559e2bb91a40ec683c3138be48745891bccd09051c60000a0c8000844a300100000000fffff6ff
1925,2375,48597,-0.013360407,0.920018002,-0.915920438,0.129542022,0.940864869,-1.980813135,1.074640475,363e1d2d0551f653ba752c250e1010010348f000d7190b0201000000ffffffffa4307d1865310239,1251ee31671a9e336a3c47388b477658b73ba911051c60000a0c80007f4f2f0200000000fffff6ff
1926,2376,48598,-0.020434491,0.973377866,-1.083095339,0.251222197,1.078863353,-1.871064145,0.840130574,473d71397248b44c966a73060d40e001045c0000e30f0c0100000000ffffffffcc554f44f45c6437,2161d0510820002c623c5039514b3a5872693064071460000a20300065652a0a01000000fffffaff
1927,2377,48599,-0.042219120,0.979887229,-1.053696929,0.263535248,1.074467420,-1.869997881,0.876800086,673af23af44913da578e2f2a226c100200000000be28180000000000ffffffffa761eb57a6452e30,c162cc501620cc265f3c4c39ad4b3a58fcde2d15051c60000a20300065642a0a01000000fffffbff
1928,2378,48600,-0.036654568,0.968559247,-0.998022736,0.261374544,1.083157841,-1.873958289,0.932318230,233b5438cf4c89d55b122f2e1f741002100000009766010000000000ffffffff16031742052348e2,7862ce52e21fb80f613c4c399d4b3b58c64e0b7d071460000a20300065652a0901000000fffffbff
1929,2379,48601,-0.013182815,0.913812973,-0.923841254,0.248173532,1.073757308,-1.952328664,1.073161537,3c3eae2b9d506f53216241180e1010010348d0009b4a140500000000ffffffff3f012d4e1d2385ae,ba60a250dd1b8764573c30393a4b5f5887fb1812051c60000a2030006c622d0301000000fffffaff
1930,2380,48602,-0.012146861,0.913779158,-0.928182470,0.259805814,1.068313114,-1.904575287,1.025271639,5f3eac2b6450af521e5a70630e101001033cd0007c70100201000000ffffffff5200d649382311b9,4362604f501ee032643c4439914b4a58526db069051c60000a2030006a622c0501000000fffffaff
1931,2381,48603,-0.012531644,0.910718912,-0.927725500,0.249387078,1.047449339,-1.978071314,1.091110882,523ef72a6a50c652521a405d0e1010010348f0007f6b130200000000ffffffff1f08ff3a8122880d,e3608e4a8b1aa9405b3c2339434b6d58e1c6ab06051c60000a203000725c2f0201000000fffff9ff
1932,2382,48604,-0.014307565,0.906339887,-0.922546505,0.269514181,1.074585772,-1.907469431,1.038717782,163ef429ae5087530771fb1f0e1010010348b0007b4e1d1800000000ffffffff564d0134184cc741,8b63d3502a1ea819623c4139d94b4b5848ce297f051c60000a2030006a622c0501000000fffffbff
1933,2383,48605,-0.043758251,0.971196807,-1.096347473,0.263416853,1.056477909,-1.903280538,0.867623411,333af038c4475dd72e0a3d071f84d001220000009b5e060000000000ffffffff5e71d1587e71799e,bd62a44c611ef02f5d3c4139ac4b4a58a9d26502051c60000a2030006a622d0501000000fffffaff
1934,2384,48606,-0.089369818,0.905934108,-0.953239664,0.259805814,1.068313114,-1.904575287,1.026318678,2e34dc291b4f8cdc530c4e711a64b00122000000f009050000000000ffffffff3e6e0352ae702422,4362604f501e42455b3c4239914b4a58106fb069051c60000a2030006a622c0501000000fffffaff
1935,2385,48607,-0.090968147,0.915436087,-0.961922097,0.259953807,1.050137621,-1.941894513,1.049588804,f8330e2ca94e7ddc41000f121a6c900122000000ee0a070000000000ffffffffb8638b5497754777,48622d4b661c753e5d3c3239924b5c5859d2a501051c60000a2030006e602e0301000000fffffaff
1936,2386,48608,-0.087120318,0.983894291,-0.991472831,0.254951630,1.064796367,-1.936410872,1.008199516,7a34df3b254dcfdcfe05a41a1968b001220000009e60010000000000ffffffff9271fe55ab71d016,9f61904eae1cb3545a3c36396d4b5958ba726025051c60000a2030006d612d0301000000fffffaff
1937,2387,48609,-0.089014634,0.909890448,-0.952782694,0.276647463,1.064322959,-1.904956095,1.031596992,3a34c62a214f8fdc7e183e0c1a64b00122000000ef0b050000000000ffffffff086f0e5995720c3a,7c64744e4b1e5035603c4039074c4a589f923f19051c60000a2030006a622d0501000000fffffaff
1938,2388,48610,-0.087919482,0.899543098,-0.960551186,0.254951630,1.064796367,-1.936410872,1.047459483,5f346228bb4e9cdcee8bf3171a64b00122000000e913030000000000ffffffffcb7214586f725e3d,9f61904eae1c1047683c39396d4b5958b9706025051c60000a2030006d612d0301000000fffffaff
1939,2389,48611,-0.087179515,0.897192964,-0.952782694,0.123385496,0.833705546,-1.970683630,1.041388780,7834d727214f98dc239fdd0d1a64b00122000000eb11040000000000ffffffffeb6e965a5b72998c,42502c19ec1a60fd473cfe382f4778589c31f622051c6000000000008d41310000000000fffff5ff
1940,2390,48612,-0.088304265,0.901081675,-0.961236641,0.272148464,1.063748106,-1.990104860,1.102250584,5234bd28b24e97dcf0be243c1a64b00122000000eb11040000000000ffffffffe1473f4a0b77bc28,e463524eed19ab38623c2039ed4b71584f721e0e051c600008283000725a300201000000fffffaff
1941,2391,48613,-0.164964847,0.965431372,-1.157581468,0.248173532,1.073757308,-1.952328664,0.902242170,342a9b37a044e9dc0422f87f1968b00100000000cd30020000000000ffffffffc25625495f76400f,ba60a250dd1b201a6a3c32393a4b5f5860fb1892051c60000a2030006c622d0301000000fffffaff
1942,2392,48614,-0.120566827,0.981662509,-1.041511059,0.121816766,0.834026788,-1.984697381,0.984960177,10305b3b944adedc1e17bd371968b00100000000ce2e030000000000ffffffffd83f634a3277242a,0d503f19341aa99f443c013918477e587e8fb132051c60000a0000008c41320000000000fffff5ff
1943,2393,48615,-0.152207816,0.965938595,-2.451797002,0.121994358,0.828565686,-1.991094962,0.553447846,e32bb9373f02ecdc4106a87f1968b00100000000cd30020000000000ffffffff6a6bdd598671818c,1350fc17e01908e9433c01391a47815871eb710b051c60000a0000008c40320000000000fffff5ff
1944,2394,48616,-0.089843397,0.900202488,-0.969690589,0.278867364,1.060704768,-1.947149669,1.056946007,1e348928434e8cdcc4d6443d1a64b00122000000ef0a050000000000ffffffff6367b7536b75a019,c7649e4d211cfb42613c31390f4c5e583f769f14051c60000a2030006e5f2e0201000000fffffaff
1945,2395,48617,-0.088363463,0.984080273,-0.983856662,0.272266858,1.083766509,-1.972283026,1.056871918,5034ea3b894dccdcf2646e131968b001220000009866010000000000ffffffff1c66bd587d70018b,e863f252d71a3828663c2739ee4b6858e0553f1a051c6000082830006e5f2e0202000000fffffbff
1946,2396,48618,-0.093217646,0.898697726,-0.984694441,0.271260503,1.077290962,-1.939914309,1.037875167,ac3330287e4d79dc8bc6a53e1a6c900122000000ef0a050000000000ffffffff0048ea4bad79342b,c6637351801c6026643c3539e64b5958e4c54a3d051c60000a2030006d612d0301000000fffffbff
1947,2397,48619,-0.178550642,0.967443357,-1.173956231,0.134425804,0.836089495,-1.987972333,0.881946884,69281238c94314ddc3e23b7b1968b00100000000f30b010000000000ffffffff53574f3936413e3b,b751b919091a5f61433cfb38d4477f586ac46d33051c60000a0000008c40320000000000fffff6ff
1948,2398,48620,-0.041923133,0.964383111,-1.032067010,0.132768278,0.827111647,-1.990333345,0.983684357,713a5d37104b70d44742ae0c1d7c0001215c0000bd3e030000000000ffffffff7e592f39ba3f1a40,7f51a617ea19e8f3433cfd38bb478158d574ac06051c60000a0000008d40320000000000fffff5ff
1949,2399,48621,-0.041834337,0.962743090,-1.027573470,0.121816766,0.834026788,-1.984697381,0.979507912,743afc364b4b00d44856ae0c1d7c000117840000cb280b0000000000ffffffff504eec30e13f3743,0d503f19341a4f5d453cf93818477e58158fb132051c60000a0000008c41320000000000fffff5ff
1950,2400,48622,-0.043314271,0.962269682,-1.083933118,0.102814413,0.861585906,-2.064438666,0.996434616,423ae0366748e6d354065d071d7c000117840000c632070000000000ffffffffd83f922ec04d2542,8b4d9d1f1d166181363ce838fc459f581f9ee910051870000a0000009137370000000000fffff6ff
1951,2401,48623,-0.045652567,0.971974549,-2.495589972,0.138036843,0.840908114,-2.018437008,0.527821145,f3391e390000d8d739fe3700217cd00122000000807d020000000000ffffffffc06347564b75d76f,3152d61a7918e1953f3cf83805488c587ff48d34051c60000a0000008e3c340000000000fffff6ff
1952,2402,48624,-0.087653094,0.983826661,-0.992462933,0.124569444,0.835988050,-2.018513169,1.058146374,6834db3b184dcbdc3262453d1968b00122000000916d010000000000ffffffffd856283be1513644,6a50b3197818876f403cf33840478d58f002c337051c60000a0000008e3c350000000000fffff6ff
1953,2403,48625,-0.042663100,0.974240146,-1.040749442,0.108970939,0.853487245,-2.115010026,1.091608880,583aa4399e4a80d81a921d49217c20021d000000bd330f0000000000ffffffffb408f8395422b8fc,5b4ebe1d8513980b2c3cfe385846b658db682c46051870000a000000953b2f0000000000fffff6ff
1954,2404,48626,-0.014455558,0.905393070,-0.921099433,0.133804232,0.827635777,-2.023692164,1.115229973,113ebc29c1507353954529010e101001032c2001734f201d00000000ffffffffad6e62560270d99d,a251c5173418280e3e3cfd38ca479058bff84c47051c60000a0000008e3c350000000000fffff6ff
1955,2405,48627,-0.093247245,0.909078891,-0.960703510,0.116873787,0.845760547,-2.047073802,1.108314248,ab33962ab94e71dc50b82e711a6c900122000000f00c030000000000ffffffff20669255a975a76a,664ff51b0117619d3a3c0b39ce4699589673d332051c60000a0000009038370000000000fffff6ff
1956,2406,48628,-0.087475502,0.984046458,-0.984770602,0.116873787,0.845760547,-2.047073802,1.090582281,6e34e83b7d4dd3dc8500cb2d1968b001220000009d61000000000000ffffffff5166b2552b75d763,664ff51b01178f743a3cee38ce469958df72d332051c60000a0000009038370000000000fffff6ff
1957,2407,48629,-0.088097075,0.983894291,-0.986750806,0.124569444,0.835988050,-2.018513169,1.063784225,5934df3b634dc9dc45912d761968b00122000000906f010000000000ffffffff8b710b5ac472d98c,6a50b319781819953f3c063940478d585403c337051c60000a0000008e3c350000000000fffff6ff
1958,2408,48630,-0.087416305,0.901791787,-0.952782694,0.108763748,0.831930266,-2.055603910,1.122310955,7034e728214fa2dce21e0a2b1a64b00122000000e814030000000000ffffffffd83f162d7c422943,544ec3189116f815383c053955469d585da3e208051c60000a0000009137370000000000fffff6ff
1959,2409,48631,-0.045386179,0.965701891,-2.495589972,0.118797701,0.826925665,-2.020950343,0.521054665,fc39ab370000e7d42dfe27001d7c100210000000a35c000000000000ffffffffd83f272c0a412643,a74f9b175818e8193e3c0339eb468f589aaf010d051c60000a0000008e3c350000000000fffff6ff
1960,2410,48632,-0.045326981,0.963926610,0.169916722,0.264867188,0.936942344,-2.001833760,2.193957322,fe394237b68873d44efe67001d7c000121000000b747010000000000ffffffffd83f843641600140,ee62063153197cd7303c5f39b64b7b58bf2d820d051870000a0000009a3f260000000000fffff7ff
1961,2411,48633,-0.045948554,0.981273638,-1.751642621,0.134277811,0.851695057,-2.051338856,0.372947697,e939443b282686da62fea700226c10021a0000008579010000000000ffffffff7d4dc933454a6a42,b251541dc9167199393cf538d1479a58855c4e32051c60000a0000009038370000000000fffff6ff
1962,2412,48634,-0.043580659,0.970283806,-1.092234742,0.093283638,0.843494951,-2.094446370,1.019428957,393aba38fa47ddd61f062d071f84d00122000000b337150000000000ffffffffe65a013ded461845,494c6f1b931440042f3c07396e45ae587a395a01051870000a0000009339320000000000fffff6ff
1963,2413,48635,-0.041153568,0.968728322,-1.012569618,0.267383076,0.949132605,-1.979899194,1.015532058,8b3a5e38104ceed528f6bd4a1f74100210000000ad48090000000000ffffffffd24d9d3386480743,4363d733731aff63313c5739c94b71587d08772a0518700000000000973d2b0000000000fffff8ff
1964,2414,48636,-0.043432666,0.969438434,-1.087893526,0.127558910,0.834280399,-2.064514828,1.000647281,3e3a8838334867d60dfe0c471f74100210880000b42b200000000000ffffffffcf37484a0b77e82b,cf504e191c16780f373cfd386d47a158b2e01c49051870000a0000009138360000000000fffff6ff
1965,2415,48637,-0.144541758,0.966124577,1.338160826,0.266435918,0.942859946,-2.005489521,3.368893222,e62cc437a1c4e9dcfeddf77f1968b00100000000cd30020000000000ffffffffc510965a5b72ec30,236364322319aac9323c6039c24b7d58bf517236051870000a2000009a3f270000000000fffff7ff
1966,2416,48638,-0.064566124,0.902146843,1.534429492,0.126108575,0.869261882,-2.083783734,3.623383117,7437fc28b2ce97dcb3452bbc1a64b00122000000eb11040000000000ffffffff1526484ddd77c647,9e5063211f15a0db313cf2385747a7584700ff10051870000a0000009339330000000000fffff6ff
1967,2417,48639,-0.110177690,0.982812215,1.469158927,0.102814413,0.861585906,-2.064438666,3.542086024,6f319f3b59cbf8dc03bf71f21968b00100000000f10d010000000000ffffffffd83f9433d45c8540,8b4d9d1f1d16c440353c1039fc459f58c09fe910051870000a0000009137370000000000fffff6ff
1968,2418,48640,-0.045948554,0.979565988,-2.495589972,0.266435918,0.942859946,-2.005489521,0.582348558,e939df3a00000bda3afe3700226c100200000000b428220000000000ffffffffd83f1039fc62bc3f,2363643223190da02c3c5a39c24b7d580c537236051870000a2000009a3f270000000000fffff7ff
1969,2419,48641,-0.045948554,0.982710770,0.579133462,0.274220371,0.935606657,-2.004118611,2.603443529,e939993bb39dedda56fe77001b88a00121000000ad48060400000000ffffffffd83fda32f55a9c40,2a64b73035194cdc2f3c5f39fc4b7c58c220ed08051870000a2000009a3f260000000000fffff8ff
1970,2420,48642,-0.045918955,0.978636079,-2.495589972,0.275315522,0.947019175,-2.003661640,0.588374626,ea39a83a0000c7d92dfe27002284b0011f000000ac4a090000000000fffffffffc524f4a0364674a,4f645a333b1901922e3c5c39024c7c58cd304d38051870000a200000993f270000000000fffff8ff
1971,2421,48643,-0.042455909,0.983589957,-1.058875923,0.224968167,0.964738167,-2.072054835,1.048047009,5f3acd3bb04913db42d61f631b88a00121640000bd3e050000000000fffffffffa533f4b10657b50,aa5d7237b9155007313c83398d4a9b5863a62a14051870000a203000983c2a0000000000fffff8ff
1972,2422,48644,-0.042367113,0.984232440,-1.052859150,0.259480228,0.940290016,-2.034964093,1.028383622,623af33bff493edb3ebabf5f1b88a00121640000cc280a0000000000ffffffffef4ab934c5539a42,3862cc31a017a9aa283c61398e4b8a580b1fd439051870000a2000009a3f260000000000fffff7ff
1973,2423,48645,-0.044379824,0.975119332,-1.123613356,0.208718492,0.944550690,-2.095360311,1.004631944,1e3ad8395e46c6d80c92cc452188f0011b000000b338140000000000ffffffff94035552f92394d6,855bc832871470f82a3c8839144aa65834edba02051870000a2000009a3f250000000000fffff7ff
1974,2424,48646,-0.011821275,0.908182797,-0.933894596,0.273214016,0.944516875,-2.037096621,1.140008767,6a3e612a19503d52b9de9024043810010334f000ab45090302010000ffffffffef4f34416e618a3d,0864c632841735a32a3c6539f44b8b58ce0cbe74051870000a2000009a3f260000000000fffff8ff
1975,2425,48647,-0.043521462,0.982051380,-1.077840183,0.253382900,0.932377337,-2.033288536,1.001749104,3b3a723bb748b3da69be7e0f226c10021a000000807e000000000000ffffffffae48353c90612640,6a61f82fb61708e62f3c6b39604b8a587afaf10f051870000a0000009a3f260000000000fffff7ff
1976,2426,48648,-0.044735008,0.982017566,-1.147756611,0.259480228,0.940290016,-2.034964093,0.938842487,123a703b2145b7da5926ed071b88a00121000000906e010100000000ffffffff804e3448c55e1739,3862cc31a017c4d5313c6b398e4b8a58591ed439051870000a2000009a3f260000000000fffff7ff
1977,2427,48649,-0.041597548,0.980867860,-1.087817364,0.233196600,0.934981082,-2.065504930,1.016607297,7c3a2c3b344854da303e2d78226c10021a000000ae4c060000000000ffffffffd83fc23792619b3f,c05e92300f16d8f12d3c7939ca4a9958ca46f308051870000a2000009a3f260000000000fffff7ff
1978,2428,48650,-0.045948554,0.981949936,-1.928337733,0.243378546,0.949893439,-2.059411995,0.319246381,e9396c3b181db7da57fe87001b88a001210000009d5f010100000000ffffffffd83fcf34a55e3a40,186004345f1640e4313c7739164b9558e002b533051870000a200000993e270000000000fffff7ff
1979,2429,48651,-0.045948554,0.980445174,-2.495589972,0.270165352,0.930720408,-2.039914603,0.556812891,e939133b00004cda5ffe9700226c10021a000000a157070000000000ffffffff0f50ba39235be040,a163962f5f1750eb2c3c6839dd4b8d5830e54c4705187000082800009b3f240000000000fffff8ff
1980,2430,48652,-0.043876646,0.978822060,-1.082714531,0.243378546,0.949893439,-2.059411995,1.018474519,2f3ab33a7748cfd943168d072284b0011f000000b2420b0000000000fffffffff848143b58604d3e,186004345f16abb0233c6939164b95589203b533051870000a200000993e270000000000fffff7ff
1981,2431,48653,-0.044705409,0.981391991,-1.145395599,0.347595500,1.122822684,-1.946464214,0.903113266,133a4b3b40458bda6cfebc07226c10021a0000008975010000000000ffffffffcf474938985e083f,d96df85b2a1c88f36a3cb738104d5a5807d3b629051c60000828c0006f60270800000000fffffcff
1982,2432,48654,-0.044942199,0.980478989,-1.161313391,0.222925858,0.952277388,-2.118056493,0.993934600,0b3a153b6f444bda617a0c06226c10021a000000a94f070000000000ffffffffb648533def62513f,655d91345d1320e8243c87397d4aaf584241dd4805187000082800009b42220000000000fffff8ff
1983,2433,48655,-0.044735008,0.982744585,-1.149279845,0.224968167,0.964738167,-2.072054835,0.961549643,123a9b3b0d45eada5c529d081b88a00121000000a950030200000000ffffffff744cb834f74dde40,aa5d7237b9150f621e3c6f398d4a9b58aaa72a14051870000a203000983c2a0000000000fffff8ff
1984,2434,48656,-0.043906245,0.972160531,-1.106781624,0.344990816,1.123684963,-1.960554126,0.950330502,2e3a29393b47e4d73adabc06217cd00122000000837a010000000000ffffffffee2825495f76d826,816d2b5c711b0768683cb438064d615800e79238051c60000828c0006f5e280801000000fffffcff
1985,2435,48657,-0.130807970,0.966344373,1.454155075,0.346470750,1.109871589,-1.962762815,3.453074413,b62ed13794cadedce8e8b2371968b00100000000ce2e030000000000ffffffff7c48ee350e5b7641,b36dfa58541bf831693cb0380b4d635839db9308051c60000828c000715e290701000000fffffcff
1986,2436,48658,-0.044853403,0.978720616,-1.154458839,0.254803637,0.936587288,-2.080965752,0.974671543,0e3aad3ac944cbd93726cc042284b0011f000000b0450a0000000000ffffffff1b28b3451b770237,9a61f130441538f2283c75396b4ba05871ad1c4c05187000082800009b40240000000000fffff8ff
1987,2437,48659,-0.112693578,0.982119010,1.458800937,0.239619514,0.973732922,-2.092009196,3.568255519,1a31763bd1caeadcebce40921968b00100000000d822050000000000ffffffff644e4c498560b93d,995f8639b314d9be203c7939fa4aa258cfc16f1805187000082800009840260000000000fffff8ff
1988,2438,48660,-0.041745541,0.981747047,-1.086674939,0.259273038,0.955523615,-2.069846146,1.028555043,773a603b434893da5b0a8d78226c10021a0000009866010000000000ffffffffc04e8b3ae35c633f,31625135d6159fb5263c6f398c4b99587c11ce7405187000082800009a3f260000000000fffff8ff
1989,2439,48661,-0.044024640,0.979684340,-1.089797568,0.353426440,1.121537719,-1.958345437,0.965642347,2a3ae63a1a480eda543a2d08226c100200000000bc261d0000000000ffffffffee3a587c2538463a,9e6eac5b8e1b581c6b3cb338254d6058cf9a4d36051c60000828c0006f5f280801000000fffffcff
1990,2440,48662,-0.001639329,0.980360637,-1.184923514,0.357363064,1.112695130,-1.962458168,0.866576757,c23f0e3b39435ad0b6a9463f1034d00100000000f607030000000000ffffffff630aaf3338202444,236fa159581be8326b3cb038344d6258018bce13051c60000828c000705e280801000000fffffcff
1991,2441,48663,-0.024874293,0.966090762,-0.926963883,0.344990816,1.123684963,-1.960554126,1.109028819,b13cc237745028545f7190550e0cb0001110200052413f1a13010000ffffffffbe3b497d65363c3b,816d2b5c711ba0216d3cb438064d61582ae59238051c60000828c0006f5e280801000000fffffcff
1992,2442,48664,-0.001639329,0.979363098,-1.213331823,0.329481107,1.115383412,-2.036791974,0.897902495,c23fd33ac441c9cedaed963f1034d00100000000eb14000000000000ffffffff0b3ab4725e2be439,756b405a8817681f753c9a38cc4c82586f97da94051c60000828c0007947320c00000000fffffcff
1993,2443,48665,-0.001224948,0.974223238,-1.267787428,0.359908551,1.112864205,-1.997264059,0.825696600,d03fa339f93ecf476186477f0d10000103000000b42f1c0000000000ffffffff1b28b3451b77acd2,796fab598f19d8296d3ca6383d4d7258d83aed77051c60000828c00075532c0b01000000fffffcff
1994,2444,48666,-0.103074007,0.983370160,1.458800937,0.341438974,1.110328089,-1.998634969,3.488204861,5f32c03bd1caeadce6ce40921968b00100000000d822050000000000ffffffff93534b468960db39,096d15597d191e36713ca838f94c725898297170051c60000828c00076532d0801000000fffffcff
1995,2445,48667,-0.042485508,0.981679417,-1.057885821,0.341083790,1.105205137,-2.074948979,1.093984221,5e3a5c3bbd4994da5cb65f28226c10021a0000009768010000000000ffffffff4229434dc777df54,fd6ce65793152b5a6d3c8938f74c9458e95ddd4a051c600008280000793d371300000000fffffcff
1996,2446,48668,-0.108875348,0.982812215,1.452555679,0.362246846,1.101417871,-1.995588502,3.482200700,9b319f3b7fcaf6dce3d1dbfb1968b00100000000ee0f020000000000ffffffff4d6ab54d853eb836,c86f0657a519cc416b3ca638464d72588baefe0e051c60000828c00076532c0901000000fffffcff
1997,2447,48669,-0.004096020,0.961677921,-0.980505548,0.340284626,1.110159015,-2.020264888,1.105325359,6f3fbd36b54d12d36ebe8f1a1d40f0011778d000a743120300000000ffffffffee18a728e52eb016,e26c0b596118af5f643c9e38f44c7c5854266233051c60000828c000794c300900000000fffffcff
1998,2448,48670,-0.022861583,0.972904458,-0.980429386,0.340284626,1.110159015,-2.020264888,1.109942274,f53c5539b64d904dfd04874a0d784002101000009937280502000000ffffffffe65176477c57a431,e26c0b596118d33b723ca038f44c7c58f8205233051c60000828c000794c300900000000fffffcff
1999,2449,48671,-0.040561594,0.977249669,-1.071137955,0.341438974,1.110328089,-1.998634969,1.011872033,9f3a563a0f494cd92942ed372188f0011b000000946a010000000000ffffffff6c5693432c5be939,096d15597d192750663ca638f94c7258ee2a7170051c60000828c00076532d0801000000fffffcff
2000,2450,48672,-0.042041528,0.978991135,-1.050726623,0.336111212,1.090867632,-2.034887932,1.060230790,6d3abd3a1b4ad2d95782df2a2284b0011f000000b73d0b0000000000ffffffffc75009482e5b9837,556c9654a117e350683c9738e54c83582e86f403051c6000082830007c48330800000000fffffcff
2001,2451,48673,-0.041123969,0.979092579,-1.079668063,0.344665230,1.097410809,-1.994903046,1.000243762,8c3ac33a9f48d2d93b92ed362284b0011f000000b73c0c0000000000ffffffffbd564a435c594037,766d1956ae19053e683ca638054d715898066405051c60000828300076542d0701000000fffffcff
2002,2452,48674,-0.041775140,0.978078133,-1.047756317,0.320394312,0.996591775,-2.151643797,1.161928154,763a873a424a91d952462f2d2284b0011f0000009f5e020000000000ffffffff0327264bfb77d8e5,426ace3ea4118f655c3cf738aa4cb558608f812e0518700008000000915d0d0400000000fffffaff
2003,2453,48675,-0.107839394,0.983251808,1.464817711,0.354225604,1.116245692,-2.034278638,3.531977731,be31b93b20cbf9dc2393e1901968b00100000000f00d020000000000ffffffffd83fe54e0e5d5836,b96e735aa9176635703c9a38284d815826ee2c39051c60000828c0007746311000000000fffffcff
2004,2454,48676,-0.039407245,0.980208470,-2.495589972,0.322584615,1.094316749,-2.060249773,0.577563758,c63a053b000015da15fef77f226c100200000000bb2d170000000000ffffffffe729054b21781818,8c6a625554169b54673c8c38b24c8e5891eeba02051c6000082800007d41360b00000000fffffcff
2005,2455,48677,-0.107868993,0.983048919,1.448976080,0.325337292,0.994444530,-2.127424380,3.602559895,bd31ad3b50cafcdceefc6d991968b00100000000f00d020000000000ffffffff59324949f3793544,e96a4f3ee2126810603cfb38bc4cab585537f89e05187000080000008f59120400000000fffffaff
2006,2456,48678,-0.144867343,0.968068932,1.400004116,0.357155873,1.096413270,-2.038543693,3.477371221,db2c3738cdc71bdd32d1e02b1968b00100000000f30b010000000000ffffffff292bf045f577b8e8,1c6fde557117d3506c3c9838334d85581062ce4d051c60000828c0007a46320d00000000fffffcff
2007,2457,48679,-0.104672335,0.982930567,1.432220509,0.319358359,0.991739341,-2.151567635,3.608797180,2932a63b74c9f5dc13de21a21968b00100000000e317050000000000ffffffff6f1b7225af2f201d,1f6aaf3da511742e5c3cf538a64cb6584c3ff20b0518700008000000915d0d0300000000fffffaff
2008,2458,48680,-0.022417603,0.973191885,-0.989111819,0.348661052,1.121554626,-2.058345731,1.141478003,043d6639444d124dea64d9450d780001241030029a48120b01000000ffffffff9c09cf396c22d770,fd6dad5b6d162c40713c9038134d8c5806fecf60051c60000828c000753f341600000000fffffcff
2009,2459,48681,-0.025880649,0.967443357,-0.997946574,0.329481107,1.115383412,-2.036791974,1.107866419,8f3c1238d04c544f6c25f30b04381001032c20016257252100000000ffffffffab5e5c50424c2e30,756b405a8817e186633c9638cc4c8258d696da14051c60000828c0007947320c00000000fffffcff
2010,2460,48682,-0.038430489,0.971754753,-1.006019713,0.320394312,0.996591775,-2.151643797,1.200760866,e73a1139664c6bd744d2fe2f1f84d00122000000b447040000000000ffffffff115aec546c4ad42b,426ace3ea4111f56613cf238aa4cb558b08d812e0518700008000000915d0d0400000000fffffaff
2011,2461,48683,-0.037157746,0.970993918,-1.025288620,0.329688298,0.989659726,-2.153928647,1.186908903,123be438694be4d60e62bd361f84d00122000000c728100000000000ffffffff2f58a2532d4c642d,7c6b343d861148275e3cf338cc4cb758eaf0dd4a0518700008000000905e0d0400000000fffffaff
2012,2462,48684,-0.037542529,0.971856197,-1.035646609,0.326817226,1.002458654,-2.150044401,1.172849940,053b1739e14a64d718427d371f84d00122000000bd3f030000000000ffffffffba49474c83574a31,1b6b2940b9111355603cf338c24cb5585611db3c05187000080000008f5d0e0500000000fffffaff
