local_index,pac_vertex_index,runtime_vertex_index,pac_x,pac_y,pac_z,runtime_x,runtime_y,runtime_z,delta_len,pac_raw40_hex,runtime_raw40_hex
0,5770,51992,1.185337364,1.318519501,2.734089901,0.436340708,1.172195455,-0.479211471,3.302682610,18b801267b4eb0cb26d7e02c20d0700100000000f609000000000000ffffffffc656841e926bfc34,1c6ca71bd8221031c83d3e382e4e5e530f323f14021030000d5030017646440000000000ffffffff
1,5771,51993,1.121188257,1.599792968,2.674834679,0.405421301,1.359435017,-0.159635978,2.933311813,96b1e739ad4d35ca504a706520d0300300000000a25d000000000000ffffffffa25336063a5ed1c0,f968e6282f27a232e53da638224e6451ce7d3f1604342000034c4001e417020200000000ffffffff
2,5772,51994,1.147795120,1.562080016,2.662753518,0.315781973,1.232105489,0.156775400,2.661025252,49b43c37834d0a4a3a3ae23531c8b00333d00000da1f050000000000ffffffff3f2d2302e453a81c,e15fe41f7b2b0a35bf3d0b39cd4cda4f7c1d8f110d10700118402000bc41010100000000ffffffff
3,5773,51995,1.222725589,1.569258176,2.671382919,0.359831540,1.365011896,0.128010729,2.693519033,e3bbbe37a14df34d9d7bd1d02f00000000000000ff00000000000000ffffffff545e261ac2643db0,59644b29172bbf39df3dfa387e4d0a50ae951f160d10800117403001b842030200000000ffffffff
4,5774,51996,1.147795120,1.270204957,2.824123321,0.342735379,1.265511545,-0.008621457,2.944925498,49b49622b44f26c4343b654a20d0300300000000c23d000000000000ffffffff5d61251a36649cbb,9d6241223c29a033cc3ddc384c4da5509f3def1204342000035c80018c72000000000000ffffffff
5,5775,51997,1.151645606,1.311672640,2.862380333,0.276622524,1.159716499,0.177485963,2.827969915,adb485253950bcc337b3ba4720d0300300000000c738000000000000ffffffff50533a041762f0d5,e85bc51ac32b5035ac3d17392e4ca74fc9a16e0e0d10700118402000bf3f000000000000ffffffff
6,5776,51998,1.150028402,1.557276170,2.655274703,0.129995994,1.818064270,5.828017889,3.342869407,83b4e536694df5463f8e802231c8b00333d060037c65170601000000ffffffff3d5b9c1989676011,084d58497f7814280d28d5373646ffdc5dc23b3c1968b00100000000e914030000000000ffffffff
7,5777,51999,1.112024099,1.595817371,2.770333386,0.225873110,1.815248223,5.671538080,3.041447377,a8b09f39f94e58c63bce425220d0300300000000936c000000000000ffffffff115529077962d1c4,c25625495f76480f10305b3b944adedc1d17bd371968b00100000000ce2e030000000000ffffffff
8,5778,52000,1.145715857,1.556834437,2.679149380,0.418705480,1.112782371,-0.541343160,3.331260801,13b4dd36bc4d32472d8a813232c4b00333d060037d3a380d03000000ffffffff2f5eee17bf678803,526a731700220f40bd3d2a38c64dd153da89be4d020c40000d0000009347240000000000ffffffff
9,5779,52001,1.106864447,1.594105656,2.817795093,0.134231529,0.902020529,-0.541918453,3.565483379,22b080399e4f30c6f699b55434803003000000009966000000000000fffffffff4587621156b43b6,764d8a08fe212a367d3d3a381f46f153ebb1ea01021030000d000000c2310c0000000000ffffffff
10,5780,52002,1.187416627,1.226804693,2.711653458,0.259641878,0.964028794,-0.591393687,3.440921039,4eb8841f2d4ec1ca0a73602a20d0000000000000de21000000000000ffffffff0e549f01e76178e1,2f5aed0c52218b3b963d1f38a34a245496b17c46020c40000d000000ce1d140000000000ffffffff
11,5781,52003,1.153609354,1.556779220,2.675122326,0.503801234,1.320396866,-0.595133094,3.342558559,e0b4dc36ae4d69461d82320c31c8b00333d060038c5d0f0601000000ffffffff2155680101647cde,f47223264521f843e93d1238bb4fd55379b9ef58030840001350c0016d513f0201000000ffffffff
12,5782,52004,1.153570849,1.554239255,2.685765254,0.281397127,0.962869245,-0.512866135,3.367736370,dfb4ae36d34db044135e520c32c4b00333d0600366582a1402000000fffffffff4587621156bfdb3,645cd80c6322b2379a3d3938094bc853ca7d9c45021030000d000000b32a230000000000ffffffff
13,5783,52005,1.114372896,1.225755578,2.711653458,0.044014628,0.860055897,-0.552273734,3.454363009,e5b0711f2d4ec1ca3b73602a20d0000000000000de21000000000000ffffffff20650424136e91c1,4f449205da21973a6d3d3b3825400754c3b90a42021030000d000000d821070000000000ffffffff
14,5784,52006,1.173439360,1.266339794,2.883953836,0.211087242,0.924604127,-0.537603752,3.570708781,e3b650228450a7cc3af7be2c20d0000000000000db24000000000000fffffffff4587621156b1d43,4255230a0d22fc328c3d36382849ec53f1652b03021030000d000000b734140000000000ffffffff
15,5785,52007,1.127926609,1.599682534,2.711653458,0.041973870,0.867841441,-0.616131304,3.576176192,45b2e5392d4ec1ca1872602a20d0000000000000de21000000000000ffffffffad5f732618713181,1a441f06fc2040376d3d2738d03f3954afe96a420210300000000000f209040000000000ffffffff
16,5786,52008,1.129890357,1.578755435,2.820959207,0.000003566,1.267444126,1.359426285,1.873402619,78b26a38a94f75cd3d62a73e20d0000000000000d22d000000000000ffffffff335db01922774f76,d83f6422d03bff3f683d8f3a0000abcd1d0378051074d0001778f001ba3d050101000000ffffffff
17,5787,52009,1.106209864,1.575663304,2.768319859,0.086138951,1.383564680,1.428749142,1.694667005,11b03238f24eb3cd1ce6331b3480300300000000fb04000000000000ffffffff2a648f17e869f8e6,95489b2ac13c54317e3d0a3b9645aed049ab2b0d1d40f00117780000a553060100000000ffffffff
18,5788,52010,1.101011707,1.588583994,2.882803249,0.126376536,1.312997839,1.331812201,1.852413203,8aaf1c39805061c88c3dfe5f3480300300000000c43a010000000000ffffffffad62ed25bc70e193,aa4c9d25703bf13d893d943a594898cd5f43bc0c107470010d7ce001a641140401000000ffffffff
19,5789,52011,1.128157638,1.580356717,2.860654453,0.000003566,1.340937449,1.443419124,1.827186136,4bb28738335064cd56f93c3720d0000000000000d02f000000000000ffffffff1d5ad11b40743f6c,d83f9727f43c1a3e673d113b0000e6d06d03a8091d40f0011e5c0000a454070000000000ffffffff
20,5790,52012,1.111408021,1.573509856,2.720282859,0.218788215,1.367717510,1.217328811,1.760111212,98b00b384b4e0acd3f3e02213480300300000000ef10000000000000ffffffffcf5c561dde773771,0a567c29e2396632a53d783ac04a1acc49f36a0b105cd0010d80e00176661e0500000000ffffffff
21,5791,52013,1.112486157,1.575994604,2.759402811,0.144358309,1.239891032,1.170154751,1.891017329,b4b03838d34e2cce411ab31b3480300300000000ee11000000000000ffffffff3460991df778c180,7d4e71203e393d4a913d363a8849efc8df5a6d09105cd0001d780002b13a120101000000ffffffff
22,5792,52014,1.111985594,1.577430236,2.817795093,0.192758926,1.354962470,1.305348704,1.783805947,a7b052389e4f89ce3ede581b3480300300000000ee11000000000000ffffffff685c932059782770,66539528143bd840993d9a3af04982cd48b39d0e107470010d7c00028c422d0300000000ffffffff
23,5793,52015,1.117260761,1.576381120,2.749622823,0.189216478,1.285555178,1.136787733,1.883370104,30b13f38b14e94ce8beeb2213480300300000000c936000000000000ffffffff45594e211f736f59,0a53ac23ca38234a9f3d373acf4aaec8bb1e2d08105cd0001d780002836c0e0100000000ffffffff
24,5794,52016,1.122651442,1.574172456,2.703599350,0.200883452,1.309408758,1.196330602,1.786509200,bcb11738114e4fcd4fbb202634803003000000009b64000000000000ffffffff8b63771939762191,39545c25993937409f3d573abd4ab5caf60e4d0a105cd0001d80e0018e61080700000000ffffffff
25,5795,52017,1.102821436,1.578976302,2.865256800,0.389672811,1.260321182,-0.236150003,3.198256744,b9af6e3843508dcd4d721d1c3480300300000000fa04010000000000ffffffffa75a8f1412695011,6067e32125261232d33d9138dd4ddd51f6899f170408d000034c4001df10080800000000ffffffff
26,5796,52018,1.089999316,1.596756054,2.755375758,0.404882233,1.212337939,-0.332511650,3.186253497,6caeb039c54e1dc5038e325d348030033b000000e31b010000000000ffffffffd65a9e167668980d,eb687e1ed624d42bcd3d7038e64d755216563f18040830000d4c4001a83b1a0200000000ffffffff
27,5797,52019,1.101281241,1.596369537,2.758252225,0.000003566,0.845644359,-0.440091518,3.464939178,91afa939cf4ecfc5fe15b35d3480300300000000bc43000000000000fffffffffe599e1ee3732762,d83f8d046023723f673d5c38000064531c021800021030000d000000c23a030000000000ffffffff
28,5798,52020,1.117029732,1.573785939,2.717406392,0.000003566,0.847024775,-0.531563171,3.511656656,2ab11038414e3acd8e52d1203480300300000000d02f000000000000ffffffff8f5ae909297350fe,d83fa6042222a43e673d43380000f453df011840021030000d000000e01b040000000000ffffffff
29,5799,52021,1.143328555,1.532594340,2.742431656,0.224255906,1.018858899,-0.239314116,3.162186979,d5b32635984e11caa689171234ccb00332000000d32c000000000000ffffffff5d598306a071a0e2,9856ce101a263632993d9e380b4af95122e67c070408d00003000000aa4b070300000000ffffffff
30,5800,52022,1.147641100,1.536680370,2.733226961,0.287057343,1.577540669,1.418969154,1.571479415,45b47035784e4ec895d9511734ccb00332c46003926c010000000000ffffffffe556f108e571f833,f75c54389f3ca53bb03d443bc94b23d1db6a9e0f1d4070011f80e001a6450f0400000000ffffffff
31,5801,52023,1.218220520,1.569313393,2.680875260,0.203078230,1.485273696,1.481963783,1.573202235,6ebbbf37c24df9c85f58974e34ccb00332000000e41b000000000000ffffffffbc5ddf057773643f,7254cd317a3d373a973d5c3bb349cdd1aa6a9d0a1d40f00117000000c1300b0300000000ffffffff
32,5802,52024,1.149951392,1.526244429,2.800248644,0.360909676,1.328182409,-0.015812625,2.931214162,81b4b334614fe2c9e807051733d0b00335d82003b649000000000000ffffffff0b583e0af86fb1a8,7564b02623294233da3dd5388a4dad50a9618f1404342000185c30008f70000000000000ffffffff
33,5803,52025,1.140787234,1.537674269,2.699572296,0.381817818,1.289033825,-0.140651296,2.950377382,93b38235034ed9c7b7d5b05534ccb00332000000dc22010000000000ffffffff3a56c60789726835,9466eb237127902ed63db038dc4d4e51e151af1504342000034c4001de1c030200000000ffffffff
34,5804,52026,1.218336034,1.571466841,2.668794099,0.347317458,1.230172907,-0.124543080,2.945825437,71bbe637984d21c90d9cd45d34ccb00332000000e11e000000000000ffffffff79555809af7201a0,1463c11fa9277829c83dba38564d3c51f8a53e1104342000034c0000d921040100000000ffffffff
35,5805,52027,1.215794713,1.573785939,2.654411763,0.300457036,1.170373307,-0.108722511,2.938621417,2fbb1038664d63c9fa59f15634ccb00332000000ed11000000000000ffffffff8457aa086b7450f2,535e861be027642cb93dc438874c2a51ff8dbe0f0434200003000000d224080100000000ffffffff
36,5806,52028,1.216757335,1.570638592,2.687203488,0.209046484,1.062590463,0.029347909,2.887523219,48bbd737d84d80cac4383a1334ccb00332000000e41b000000000000ffffffff6d7ac202d158603a,0d55e613c0299e36993df4384f4a875015129d0704342000030000008c6a090000000000ffffffff
37,5807,52029,1.218567063,1.557938769,3.102277687,0.264300967,1.119574015,0.018417334,3.257757222,77bbf1367b534e4b67f76f2239cc000000000000ff00000000000000ffffffffae79ab02a45a98ea,a85aee179a29b837aa3def38074c8950db9d2e0e04342000035c8001916d010000000000ffffffff
38,5808,52030,1.217719956,1.565834746,3.093935933,0.131497684,2.166867665,2.789605716,1.278176935,61bb80375e53624a8b08cd0a39e8000000000000ff00000000000000ffffffff2d79ee010459e0f9,2f4d05623c4fd9b06338443aa44721d8cc4a2f271f84d00122000000de20010000000000ffffffff
39,5809,52031,1.218413044,1.567325595,3.091347112,0.000003566,2.163775534,2.417966169,1.514501925,73bb9b3755534e4b9699360c39e8300300000000ff00000000000000ffffffffd65ca726866d61ac,d83fcd61304a90ce4a38f53a3090d7d68d01187f1f74100222000000d715130000000000ffffffff
40,5810,52032,1.182295480,1.318961234,2.774935734,0.168616374,2.028770896,2.658438817,1.242958815,c9b70926094f9acc1117b33720d0700100000000f30c000000000000ffffffff715c121ecd61ffb9,f3504058744de9abad38713ae748c0d74b1abf291f84d00122000000b14d010000000000ffffffff
41,5811,52033,1.141133778,1.394111055,2.792769830,0.150018524,1.127469992,0.592272516,2.428084704,9cb35a2b474f1ac1d456724c20d0000000000000f906000000000000ffffffff0a75d4054963d013,104f7d1865315a45893d70397248b44c8e967c060d40700104788001e00f0f0100000000ffffffff
42,5812,52034,1.104053592,1.517464986,3.046761872,0.150904136,1.075787235,0.403000982,2.844827722,d9af1434ba52414364b7bd3339e8500333d000007c69150302000000ffffffff0b650602cd501c24,274fd514d32e0e42883d453997484d4e7cbadc060d10000117788001f40a010100000000ffffffff
43,5813,52035,1.220261278,1.558325285,2.928826722,0.208314891,2.061238269,2.413651469,1.241918878,a3bbf8362051634e596f115f3700000000000000ff00000000000000ffffffffe96600006e506cc1,fa548c5a214a0a32353be5380a4acfd64512ae341f84d00122400000ca22130000000000ffffffff
44,5814,52036,1.215217140,1.573399423,2.943496704,0.165497480,2.126946048,2.705037584,1.210449496,20bb09385351784eab6a5a4337e0000000000000ff00000000000000ffffffff53666001095215af,a250325f164e3bb27f38643acf48f0d798721f271f84d00122000000d42a010000000000ffffffff
45,5815,52037,1.215332655,1.570969892,2.937168477,0.102542024,1.968198263,2.803988051,1.189046001,23bbdd373d510a4e9630790b37e0000000000000fe01000000000000ffffffffee67d004c8529025,3f4af7536e4fd422183b8239d74524d864f9793b217c20021d0000008b72020000000000ffffffff
46,5816,52038,1.222109511,1.559319185,2.944647291,0.114054979,1.914859007,2.971110788,1.163999024,d3bb0a375751b74dd1070f6d37e0000000000000fe01000000000000ffffffff8b66d3033550900f,6a4b3150b351e828f83abe399b4677d8cc6daa3d217c20021d000000b9380e0000000000ffffffff
47,5817,52039,1.221108385,1.558932668,2.936017890,0.300303017,1.800450168,2.981178423,0.953022929,b9bb03373951774e3713086c37e0000000000000ff00000000000000ffffffff7776bb051d617812,4f5e1948d6515233a73aab394f4c7cd8435e9f2b217c20021d000000ab44100000000000ffffffff
48,5818,52040,1.097045706,1.514648938,3.058843034,0.178974183,2.034071691,2.557474823,1.167914980,23afe133e452c945509f4d3539e8500334cc0000d425050100000000ffffffffc365d706a75850f0,0052a058154c6432273b1d3933495dd742828f291f84d00122000000c833030000000000ffffffff
49,5819,52041,1.077870283,1.558711802,2.922786141,0.524131803,1.581792349,-0.550835501,3.517556869,31adff360b51214c81a5487c37e0600333d00000e119040100000000ffffffff6067cb00175118bc,0475a138df219c342a3efd37785086530f852f1513103000147020007445242101000000ffffffff
50,5820,52042,1.215525179,1.572681607,2.946948465,0.450125451,1.157673484,-0.549109621,3.602844796,28bbfc375f51454e77c52e1037e0000000000000ff00000000000000ffffffff3d65810011511810,826da01ae521383fc73d2738614ecf53dcf54e50020c40000d4c000085502a0000000000ffffffff
51,5821,52043,1.219529685,1.556282270,2.932278483,0.315204400,1.483341114,1.292979896,1.873612685,90bbd3362c51574e4ebfe24737e0000000000000ff00000000000000ffffffff8c667a0595513009,d25faa31e93a702cbd3dbb3aaa4c1fceb1f3a812177400011f340002665e3a0000000000ffffffff
52,5822,52044,1.221647453,1.560478734,2.933429070,0.226835732,1.627843011,2.840231536,1.001436012,c7bb1f3730510c4eb61a887737e0000000000000ff00000000000000ffffffff33655b03fd503828,db56e33bec4fae43603a6a39a84a39d824a65d09217c20021d000000a854030000000000ffffffff
53,5823,52045,1.220723336,1.559650484,2.924799668,0.078707512,1.858814137,3.803848007,1.471878057,afbb103712514d4e0fb7216837e0000000000000ff00000000000000ffffffff2e688c0246533fb2,d4473a4c025d4637a73afe3a9a4414da2f1e6c7b226c100200000000b92e180000000000ffffffff
54,5824,52046,1.216025742,1.569147743,2.946948465,0.329489705,1.275781836,0.543372575,2.578601706,35bbbc375f51a44de0f5cd0b37e0000000000000fe01000000000000ffffffffe167d201e451cab8,4561fb22bb305767c03d7539cc4c6b4ce3d4f5450d5c0001181000029755110100000000ffffffff
55,5825,52047,1.215794713,1.571025108,2.947236112,0.272386989,1.362582364,1.242354075,1.959614572,2fbbde376051074e56651e0f37e0000000000000fe01000000000000ffffffff5a688903125327c4,7a5b1f29393ab02bb13d733a254c5ccc739b170b1740d0010d80f0018554230301000000ffffffff
56,5826,52048,1.222148016,1.557276170,2.948386698,0.421901384,1.615032755,0.336266946,2.732562918,d4bbe5366451ab4df8f7bf6137e0000000000000fe01000000000000ffffffffe167d201e451219a,a56afb3aeb2d4f71123e3639fe4d774d9c99bc590d607001101000006d60240b03000000ffffffff
57,5827,52049,1.221223899,1.554846638,2.947236112,0.257870654,1.329949341,1.197193542,2.010292831,bcbbb9366051074e3c671e0f37e0000000000000fe01000000000000ffffffff170a8103ec59bdbe,015ad0269c39642eab3d573a174cddca1b6b28061740d0010d80e001915f090501000000ffffffff
58,5828,52050,1.216449296,1.556392704,3.062294795,0.000003566,1.896527089,3.807299768,1.466446052,40bbd536f052ef4af85f5edc30ac700229000000ff00000000000000ffffffffaa675f05b755501d,d83fe54e0e5d5236c63a053b000015da15fef77f226c100200000000bb2d170000000000ffffffff
59,5829,52051,1.223226152,1.561030900,2.939469651,0.178319601,1.803266216,4.228126901,1.676646999,f0bb29374551e94ca0b37e3137e0600333000000fa04000000000000ffffffff64680104cd558938,ef514c48c562f73f5b3aa23b6f49e4da54fa4f621b88a00121000000a658010000000000ffffffff
60,5830,52052,1.223418677,1.558159636,2.946085525,0.116057232,2.144173633,2.419979696,1.358841093,f5bbf5365c51eb4cf8efef6337e0000000000000fb04000000000000ffffffffe26731050f54e822,9e4b6a60374a76cd7d38e93abb46d8d6d8990b7c1f84d00122000000d419120000000000ffffffff
61,5831,52053,1.222571570,1.560092217,2.942921411,0.111436648,2.184205684,2.551434242,1.333191898,dfbb183751515c4db8ff5e6f37e0000000000000fe01000000000000ffffffffaf64fa04a1532026,264b3f63004cdcce6938ab3a77465dd7ce258c7a1f84d00122000000e418030000000000ffffffff
62,5832,52054,1.221416424,1.562853048,2.916170267,0.190756672,2.073496359,2.312687474,1.298925554,c1bb4a37f4508e4de67d316f37e0000000000000fe01000000000000ffffffff4373a200685d4017,32536a5bc24890c6b338183b864967d6358e3c3a1f74100210000000cc240f0000000000ffffffff
63,5833,52055,1.041175145,1.519784084,3.035256004,0.185019447,2.091883493,2.560926583,1.133705744,78a93e349252624988d5044939e8500334cc0000f00d010000000000ffffffffed68f9035858a8d7,9d52b75c214c33c19a38a23a594963d739a65f291f84d00122000000d02c030000000000ffffffff
64,5834,52056,1.055729985,1.555674888,2.949537285,0.447083566,1.529281343,0.081987256,2.931550827,f2aac8366851384cbc4a1f6a37e0600333d00000ef0f010000000000ffffffff9a693004045cb9c7,336dea34772a6c33083ee438d94a244cd32dbf120d108001174030018b6c050200000000ffffffff
65,5835,52057,1.068205561,1.551367991,2.952413752,0.203732812,1.165624677,0.577314887,2.556795975,36ac7a367251674ad7cedf6637e0600333d050039b57090300000000ffffffff32677f05cb57f8e4,8354301b31310743973d7039f349a74c772a4c050d5c000104788001d61d0b0100000000ffffffff
66,5836,52058,1.068321076,1.558159636,2.934579656,0.349935789,1.300298016,0.130311903,2.906284169,39acf53634515a4c8b064e7137e0600333d00000f20b010000000000ffffffff5a63b403605508c4,5863b7241f2b7b39d13dfd385d4d11507d95ff150d10800117403001b745020200000000ffffffff
67,5837,52059,1.070631368,1.566166046,2.906390279,0.107817191,1.276886168,1.289815782,1.903682508,75ac8637d250254d0944506337e0600333000000fb03000000000000ffffffff5c5a3a04de5d78c2,c84a0f23de3acb42863d733a09488fcc34ff8b09107470010d78f001c61b140900000000ffffffff
68,5838,52060,1.138207408,1.569423826,2.782989842,0.243854883,1.478702918,1.358275698,1.684608890,50b3c137254f134a2b60df6331c8b00333d84003b7330f0501000000ffffffffe3634b053c57a4dd,95585631cc3b2b3ea83de93a114baacff50afe0d1d4070011f340002884f260200000000ffffffff
69,5839,52061,1.076445603,1.562963482,2.905239692,0.282744798,1.541373783,1.392218010,1.708701757,0cad4c37ce50934c5ed0f17137e0600333d00000f409010000000000ffffffff6a515b02055bf19c,875cc535423ca53bae3d1f3bf64b9fd0ed4e7e0f1d4070011f340002994b180300000000ffffffff
70,5840,52062,1.153647859,1.566110829,2.633413554,0.361410239,1.653021790,1.344468656,1.515444790,e1b485371d4d724bdd5da15a31c8b00333d00000f708000000000000ffffffff9b640009de5e98f3,8264ab3d9c3b6c2fce3d233be04c42d02c572d111d4070011f80e0017c423e0101000000ffffffff
71,5841,52063,1.106094350,1.552085807,2.900924992,0.270808289,1.473236473,1.296144009,1.810867754,0eb08736bf50b2483d59387736e0300337d0b00379452e0d05010000ffffffff6e6276067d5a60e5,515bf330f43a782eb23dbf3ad14b32ce5bd37b0f1d5c00010d7c0002644f4b0101000000ffffffff
72,5842,52064,1.090191840,1.560423517,2.885967363,0.000003566,2.145277966,2.303770426,1.367303358,71ae1e378b503e4b7dd0e27437e0600333d0b003a5480e0400000000ffffffffb961da08576120e2,d83f7e60a3484cce5938303b03045fd6db01e87f1f74100210000000c62f0a0000000000ffffffff
73,5843,52065,1.113294759,1.554128822,2.874461495,0.179282222,2.111982343,2.638015901,1.113322276,c9b0ac366350e94651a8326f36cc800334ec70036968170d07030000ffffffffbe5bd304876192cd,0852235e2d4dcbbe8c38803a3549afd74b9e7f291f84d00122000000cf2f010000000000ffffffff
74,5844,52066,1.131623076,1.566055612,2.803125111,0.190756672,2.073496359,2.312687474,1.176118521,a5b284376b4ffc471ed06e5e3bc8300331d8800356422924100b0000ffffffffb65d2b050164d0cb,32536a5bc248b231463bbf38864967d63f8e3c3a1f74100210000000cc240f0000000000ffffffff
75,5845,52067,1.125616317,1.563957381,2.831889782,0.116519291,2.026672664,2.724309913,1.115327606,09b25e37cf4f0d450e94ce5d33ec600332e010037e3e230e0b060000ffffffff2b56ed07fb645ec8,aa4b1a58594ed81a263b6139c746ffd7143d2d271f8420021d000000a35b000000000000ffffffff
76,5846,52068,1.143405565,1.553355790,2.692956422,0.292409519,1.695869888,2.982041363,0.909986067,d7b39e36ec4d5344c7dd502e3bcc200334c460037b3532100d000000ffffffff54581f054a6e48d9,825db340d951e9437f3aa739524c7ed8335e9f53217c20021d000000b23f0e0000000000ffffffff
77,5847,52069,1.148834751,1.541318566,2.717694039,0.000003566,1.894870590,3.274865712,1.324859388,64b4c435424e17c5cfc1101c33d0b00332c460039c550d0100000000ffffffff4962e000f170693d,d83fc74ed3559c2cf73a3b3a8c170dd9c2fdb73f2188f0011b000000ab50040000000000ffffffff
78,5848,52070,1.146678478,1.516636737,2.866119740,0.151250680,1.854452023,4.221223380,1.715022316,2cb40534465060c8fb86270433d0b00336d42003f20c000000000000ffffffffc06fbc02166dc33a,304feb4bad62c542733aa33b8a48e0da4e4a8d771b88a00121000000a856010000000000ffffffff
79,5849,52071,1.125231268,1.517741069,2.984342537,0.222600197,1.868532262,2.977151369,0.968426055,ffb11934e151a7c5e8cf6e1d33d440033ae460038e48230500000000ffffffff8c7248019768a355,6d56ea4cc851d429cd3ab3398c4a7bd8df019c3a217c20021d000000b43b100000000000ffffffff
80,5850,52072,1.118762450,1.509292926,3.016271321,0.223177770,1.657825636,3.668366408,1.117748580,57b18033505284bc76f75c0b35e8300339d06003635d251307000000ffffffff7075f60073650247,7c56023e2b5ba23d503ab73afe49d1d95e56cf132284b0011f000000b73e0a0000000000ffffffff
81,5851,52073,1.113102235,1.503274314,3.045898932,0.291254373,1.700011135,2.839368596,0.869939116,c4b01333b75218408b9bdb0c3ae4500333d060037371140503000000ffffffffb47369018366254e,645dfe40e94f1043863a6d394a4c38d83f4adf12217c20021d0000009c60030000000000ffffffff
82,5852,52074,1.115412527,1.506973828,3.030366010,0.117173873,1.531876524,2.837930363,1.016922825,00b156338152323a76c70c0c3ae4500333d06003823c2f0c06000000ffffffff5676520358646824,bb4b1935e44f4c42273a6439d14639d820be4c06217c20021d000000ae4e030000000000ffffffff
83,5853,52075,1.108443146,1.509734659,3.057404801,0.000003566,2.028218730,2.763717512,1.258457889,4bb08833df525b41ba678e2739e8500333d000008467100202000000ffffffff427805018760bb5b,d83f3658e24ee8e4463b8039000013d862fc371b1f8420021d000000916c010000000000ffffffff
84,5854,52076,1.103013960,1.496151370,3.076389483,0.116519291,2.026672664,2.724309913,1.174131424,beaf92322153da468767ce0d39e8500334cc0000f10d010000000000ffffffff52746b03ad669e30,aa4b1a58594e3192a7384a3ac746ffd73b3e2d271f8420021d000000a35b000000000000ffffffff
85,5855,52077,1.112678682,1.514151989,3.036694238,0.168616374,2.028770896,2.658438817,1.139808503,b9b0d83397524335cff76e213ad4900333d0600389372d0c07000000ffffffff7e6f8404376d0c31,f3504058744d54291f3b4339e748c0d7f219bf291f84d00122000000b14d010000000000ffffffff
86,5856,52078,1.124538180,1.520833200,2.984054890,0.000003566,2.028218730,2.763717512,1.253222540,edb15134e05140c6ecaf1e2433d440033ae4600387472d0400000000ffffffff8b55320777736cd5,d83f3658e24e1985b038113a000013d839fd371b1f8420021d000000916c010000000000ffffffff
87,5857,52079,1.216949859,1.573399423,2.655274703,0.101309869,2.127277347,2.304345720,1.294057377,4dbb0938694d95c9ff2d711234ccb00332000000e11e000000000000ffffffff1d550e0921746f65,1f4a385fa5480ace8738253bdb455fd6f7c5da7d1f74100210000000c82c0b0000000000ffffffff
88,5858,52080,1.034821842,1.607026345,2.645782362,0.000003566,2.405458684,2.269540468,1.360110667,d3a86a3a484d3dcaa491c11734ccb00300000000ef10000000000000ffffffff3862de05a7743a3d,d83fe6722c4838ed5b334331000061d63ffde7041d7c000000000000fe01000000000000ffffffff
89,5859,52081,1.146331935,1.526741378,2.861517393,0.081287338,2.461448337,2.332247451,1.512654542,23b4bc343650d0caebcf371733d050033bd80000c738000000000000ffffffff5d62b4037a736b3d,1748dc76064960d476337a30ac44abd627ccee131d7c000000000000ff00000000000000ffffffff
90,5860,52082,1.146447449,1.522600132,2.864106213,0.099538645,2.436600858,2.253144606,1.518120370,26b471343f50fdc9d52b571333d0b00335d80000e51a000000000000ffffffff2c6558041c52ec26,f1491a75f34718cfea32bf30ba4559d61700cf161d7c100200000000fe01000000000000ffffffff
91,5861,52083,1.221069880,1.561141333,2.921060261,0.000003566,2.444441618,2.334836271,1.617059338,b8bb2b370551fa4d887e016b37e0000000000000ff00000000000000ffffffff5f69f6015657775e,d83fa8750f49a0edc933e5300000a9d66ffdb7021d7c000000000000ff00000000000000ffffffff
92,5862,52084,1.196003212,1.355404203,2.953851986,0.000003566,2.589826981,2.260623420,1.853316107,2db99d2877518c4c270d2e5837e0600333000000f20d000000000000ffffffff3d6581001151bfb2,d83ff17f0d48e77f2d334a2f00008ad6fdfde73f1d7c000000000000ff00000000000000ffffffff
93,5863,52085,1.214909101,1.572405524,2.932278483,0.000003566,2.577071942,2.072790120,1.795569636,18bbf7372c51574ea7bde24737e0000000000000ff00000000000000ffffffff6067cb00175109a4,d83f0a7f8045df7ffc31212f0000cbd5fcfdc73f1d7c000100000000ff00000000000000ffffffff
94,5864,52086,1.220453802,1.554128822,2.946948465,0.099269111,2.190169079,2.838218009,1.293609150,a8bbac365f51454ee4c62e1037e0000000000000ff00000000000000ffffffffa1665902295327b1,ea49ab63e54f23b64e38303ac54537d8ec1a4f2a1f84d00122000000e518010000000000ffffffff
95,5865,52087,1.215448169,1.568926877,2.933429070,0.208314891,2.061238269,2.413651469,1.235660431,26bbb8373051b74d1409890437e0000000000000fe01000000000000ffffffff5068e602d45175c0,fa548c5a214a34c0b438e63a0a4acfd64012ae341f84d00122400000ca22130000000000ffffffff
96,5866,52088,1.221570443,1.556613570,2.949537285,0.073085802,2.229648963,2.766306332,1.343713955,c5bbd9366851044ee1df4f5e37e0000000000000ff00000000000000ffffffff2963c605a75888df,42477666eb4e00cb4238523a3e4416d8191a8d781f84d00122000000e915010000000000ffffffff
97,5867,52089,1.082567876,1.561914366,2.896610291,0.070120927,1.870796143,4.061579457,1.574042546,abad3937b050344c6714237337e0600333d00000e218040100000000ffffffff3f62e400bd588f69,f546134d8260913b9a3a633b244491da3742fc7a226c10021a0000009f5f010000000000ffffffff
98,5868,52090,1.084416110,1.571356408,2.890857357,0.075511608,1.872949591,3.934151966,1.482332750,dbade4379c505f4c864c624a37e0600333d0b003e31b010000000000ffffffffad65250027594762,81473a4dc75e2e38a13a323b554453da2d8a5c7a226c10021a000000b04a060000000000ffffffff
99,5869,52091,1.197851445,1.360925866,2.924512022,0.000003566,2.270122746,2.750773410,1.513824169,5db901291151304ce171484037e0600333d00000d628010000000000ffffffff98693501f45ca19c,d83f5369b54e84d123385d3a00000fd89901487f1f84d00122000000ec11010000000000ffffffff
100,5870,52092,1.044217030,1.547999777,2.950687872,0.000003566,2.283153868,2.816356860,1.284086491,c7a93d366c511a4ae8366e0d38dc600333d440038c68070400000000ffffffffc76f0601b4612754,d83f3f6a994f30d11e38473a00002cd83902c83f1f84d00122000000ee10020000000000ffffffff
101,5871,52093,1.195887697,1.446677278,2.999300166,0.000003566,1.910938627,4.054675936,1.661172921,2ab9122f15529546d948b24a39e8500333d060036b6a1b0903030000ffffffff23758103f75a481d,d83fea4f6a60f237b93a653b00008eda0702f87f226c10021a000000a45a010000000000ffffffff
102,5872,52094,1.064855638,1.513489389,3.053377747,0.000003566,2.249029997,2.872447968,1.306776762,dfabcc33d1526d4aaa85315b39e8500333d00000fe01000000000000ffffffffa4758b02a65bf816,d83fd5675c50e0cf1838313a000046d8b3fec73d1f84d00122000000ec11020000000000ffffffff
103,5873,52095,1.054189790,1.514648938,3.057404801,0.000003566,1.393393239,1.666057675,1.749816666,caaae133df52164ac101054639e8500334000000fe01000000000000ffffffff10776a029e59c8eb,d83f4d2bfa3f5541ff39e036330b06d43efe47001d7c000121000000c437040000000000ffffffff
104,5874,52096,1.217719956,1.568871660,3.071787136,0.154831632,1.869084428,4.312407386,1.661023149,61bbb7371153174b01c7134539e8300300000000ff00000000000000ffffffff237a5f029f591015,8d4ff44cea63df48743acb3bac480edb5f3a1c7a1b88a00121000000c13b030000000000ffffffff
105,5875,52097,1.218220520,1.565945179,3.098825927,0.000003566,1.405430462,1.744297580,1.828815071,6ebb82376f53e94a94508d1139e8300300000000ff00000000000000fffffffff4714805945e580e,d83f272c0a412343fe394237b68873d44efe67001d7c000121000000b747010000000000ffffffff
106,5876,52098,1.079911041,1.520060167,3.021448962,0.448739275,1.720662151,0.330226365,2.771515474,66ad4334625287488811436f39e8500334cc0000d227050101000000fffffffffb73bd060160a801,5e6d7442d62daf6c293e3239164e514d87f12c570d607001101000007051320903000000ffffffff
107,5877,52099,1.090923432,1.518458885,3.038420118,0.544269848,1.600731650,-0.517180836,3.598318648,84ae26349d5218471b1a687f39e8500334cc0000c630070101000000ffffffffa26cdc08d566e001,0f77f83954225c253a3eff37c1507353c303711113104001037050019d35171600000000ffffffff
108,5878,52100,1.109328758,1.532373474,2.965357854,0.133884985,1.484279797,1.755515802,1.554838046,62b022359f51813422ea567433d440033ad8900380541b0a05010000ffffffff8361c51bb660c2ba,6d4dbb3131411d3e403a5437404875d453d2ec061d7c000121000000b845020000000000ffffffff
109,5879,52101,1.150837004,1.397865785,2.865256800,0.136387802,1.518238019,2.158796486,1.242047839,98b49e2b435073badbcea94320d0000000000000f50a000000000000ffffffff455d9827916a0eb9,ae4d2234ab46c642433a52384348ead507fe0c471f74100210000000a4500b0000000000ffffffff
110,5880,52102,1.182603518,1.369594875,2.787304542,0.000003566,1.462193148,3.121262370,1.232333120,d1b79e29344f0ecc3ef3833620d0700100000000fc03000000000000ffffffffc3598c01a55fef48,d83f2b30bd536d41ee39d5390000c6d8f50108402188f0011b000000b33b110000000000ffffffff
111,5881,52103,1.205359894,1.375116537,2.776949261,0.071892151,2.130038179,2.879926782,1.365745284,20ba022a104fe048a4adad4a31c8b00333d06003815a190a02010000ffffffffba591c01535dea43,23476a5f765029945e38103a2e444bd8824a7d0c1f84d00122000000da22010100000000ffffffff
112,5882,52104,1.205398399,1.351152524,2.767744566,0.058607972,2.247980881,2.831026842,1.457200752,21ba5028f04e8449b6f12d4b31c8b00333d06003c035060301000000ffffffff9a521a01c95fc34a,ca45c267cc4f46c332383d3acf4233d8b9eecc371f84d00122000000eb12020000000000ffffffff
113,5883,52105,1.208093740,1.370202258,2.664479398,0.080632755,2.100497286,2.822685087,1.352600510,67baa929894d1148a7aa020b31c8b00333d00000b940040100000000ffffffff6d576108486035aa,0648535daf4fa18f7838233ab14430d857be2c0d1f84d00122000000c934010100000000ffffffff
114,5884,52106,1.141518826,1.559871351,2.724022266,0.000003566,1.996745256,2.787592189,1.223910550,a6b31437584e97487dfd167e32c4b00333d06003744d300b02010000ffffffff4e531e034b5730fd,d83ffc55354f40203e3b8c3900001ed80601683a1f8420021d000000817c010000000000ffffffff
115,5885,52107,1.221108385,1.579804551,2.671958212,0.301419658,1.775933988,2.836204482,0.954605127,b9bb7d38a34d034d1546970031c8000000000000fe01000000000000ffffffff6a515b02055b7435,6c5e5d46de4f1840a23a7039624c37d849eaaf1b217c20021d0000009964030000000000ffffffff
116,5886,52108,1.208363274,1.293119855,2.633413554,0.000003566,1.895754056,3.402580850,1.554001124,6eba35241d4d724b535ca15a31c8b00333d00000f708000000000000ffffffff59521f039c5a6a36,d83fd74e8f578230e93a6c3a7e1c4ed904fef77f2188f0011b000000946a010000000000ffffffff
117,5887,52109,1.208170750,1.246130511,2.648658829,0.000003566,1.908398662,3.937891373,1.886898938,69bae220524d1f4c4d14a15b31c8b00334cc0000f906000000000000ffffffff5957b503585a80c5,d83fbc4fd45e3837bf3a383b000055da1102f87f226c10021a000000b446050000000000ffffffff
118,5888,52110,1.145446323,1.572460740,2.737254015,0.142625590,1.472849956,1.658866508,1.475971323,0cb4f837864e164c15849c6531c8b00334cc0000f807000000000000ffffffff4768b70276544194,504eec30e13f3743423ae0366748e6d354065d071d7c000117840000c632070000000000ffffffff
119,5889,52111,1.222687084,1.555454021,2.946660818,0.408193651,1.115874502,-0.464253842,3.534256432,e2bbc4365e51524d72d32d0a37e0000000000000fd02000000000000ffffffff1d651808ab5ce0f0,4169ab170c231839bd3d4438aa4d575300060f11021030000d00000083403b0000000000ffffffff
120,5890,52112,1.094273356,1.554791422,2.911855567,0.314434302,1.002790862,-0.558889609,3.599850780,dbaeb836e550ea49ab71487e38dc600333d0b0038a372f0e01000000ffffffffd7644e08f25d68f2,be5fab0fc321a141a23d2738064c0554ac353d48020c40000d000000ba2e170000000000ffffffff
121,5891,52113,1.099972076,1.553576656,2.906390279,0.196532402,1.468432627,1.448596764,1.717153074,6fafa236d2504e49914d587d38d8700333d0b0036f561c1b02000000ffffffffd2609206f95efcdb,c8539c30063d893b963d373b8e4939d1c31eed091d40f00117000000b53e080400000000ffffffff
122,5892,52114,1.107442020,1.559374401,2.871009734,0.201384016,1.240884932,0.855756900,2.232402436,31b00b37575003493b14d16e38d8300337ec20036c4f221508040000ffffffff61605b0413610e45,46548320f9341445a53dcf39314b2745ad524c06173400011e1000006750470000000000ffffffff
123,5893,52115,1.110984468,1.564012597,2.864969153,0.308158009,1.287432543,0.522374366,2.491741798,8db05f37425008480208705d38d830033bdc2003624236130a070000ffffffff5561a306865de0de,1b5fce2372303b5cbd3d6a39694c824c1d663c460d5c000118100000aa42100201000000ffffffff
124,5894,52116,1.102782931,1.559429618,2.875612081,0.099038081,1.417136386,1.481963783,1.723370729,b8af0c376750c7495490517138d8700333ec40038d302d1202010000ffffffff3f619601bd61d767,e449fb2c7a3d2d407f3d523b0546d2d15bda7b041d40f00117780000c3300c0100000000ffffffff
125,5895,52117,1.111369516,1.569479043,2.873023261,0.091414118,1.411780373,1.454062052,1.754602177,97b0c2375e50a54772c0010c38d8300337ec20037047330a09020000ffffffff1855aa061e5bedac,1e499a2c193d6a3a7e3d303b8e4542d1bfaa2b061d40f00117780000b83d080100000000ffffffff
126,5896,52118,1.147063527,1.566497345,2.694107009,0.296260006,1.600179484,1.450610291,1.507078367,36b48c37f04da14b9a15c77e31c8b00333d00000f509010000000000ffffffff5957b503585a5773,e65dee390d3d6c3bb13d673bee4ba9d1c782be0f1d4070011f780002b13e0a0600000000ffffffff
127,5897,52119,1.222956618,1.576767637,2.737254015,0.547273228,1.599296018,-0.530124938,3.336588197,e9bb4638864e164c38869c6531c8b00334cc0000f807000000000000ffffffffb5569d02bf5960fb,5d77de392722f801393ef937ab508753445e270113104001037050019a34191800000000ffffffff
128,5898,52120,1.220530812,1.577595886,2.727474027,0.538648138,1.607909811,-0.517756129,3.316233056,aabb5538644e4c4c11ee7a5c31c8b00334000000f906000000000000ffffffffe251840447598f49,7d767a3a52223018383e0538d04c544f6d93d71113104001037050019739181700000000ffffffff
129,5899,52121,1.219760714,1.573399423,2.642618248,-0.192751794,1.354962470,1.305348704,1.957344150,96bb09383d4d774ca71fb02231c8b00333d00000fc03000000000000ffffffff6152b4051c596f61,4a2c9528143bef3f373d983af04982cd434f920e1074e0010d7c70018c422d0300000000ffffffff
130,5900,52122,1.220261278,1.574227672,2.650672356,-0.361403107,1.653021790,1.344756303,2.052629406,a3bb1838594d764c3c77d13131c8b00333000000fc03000000000000ffffffff14525c031959201d,2e1bab3d9d3b0351013d1f3be04c42d029ab22111d40e0011f8c70017d423e0201000000ffffffff
131,5901,52123,1.219375666,1.571742924,2.646932949,-0.195447135,1.497807869,1.515330801,1.813205275,8cbbeb374c4d8a4c57d7a10b31c8b00334cc0000fc02000000000000ffffffffe5533103a258e0fa,042cb032ee3db34a373d853b954973d2c87a820c1d40f0011e000000c725120100000000ffffffff
132,5902,52124,1.220646326,1.579307601,2.679724673,-0.186937559,1.439499117,1.419256800,1.894628741,adbb7438be4da34c806a464131c8b00334000000fd02000000000000ffffffff9f56e705ad5aaf6d,e12c902ea03c8f453a3d0d3bb349a3d0e042a3091d40e0011f000000a64e060500000000ffffffff
133,5903,52125,1.221416424,1.576822853,2.722296386,-0.282737666,1.541373783,1.392218010,2.008194375,c1bb4738524edd4b4d629c6f31c8b00333d00000f608010000000000ffffffff0a562e043b58e75b,2923c535423cac44213d1c3bf64b9fd0eab2710f1d40e0011f343002994b180300000000ffffffff
134,5904,52126,1.222610074,1.575166355,2.717694039,0.358945928,1.310623524,0.465707964,2.426384130,e0bb2938424eac4c45261f6131c8b00334000000fd02000000000000ffffffff9f56e705ad5a85b7,42647225ad2fa760cd3d6239444d124de698d6450d5c0001181000029a48120b01000000ffffffff
135,5905,52127,1.146139410,1.568374710,2.722296386,0.527250697,1.598854285,-0.578161938,3.358121111,1eb4ae37524edd4b4b609c6f31c8b00333d00000f608010000000000ffffffff5168bf02a2556f68,5575d63980216c212e3ee1377650b55341adcd0913103000147020007f37252202000000ffffffff
136,5906,52128,1.223303162,1.555509238,2.945797878,0.531255203,1.559816134,-0.604625435,3.617244066,f2bbc5365b51014d8c33ce4b37e0600333000000fb04000000000000ffffffff5168bf02a25523b4,bd7513372421a81d243ed6377b50e9535481ce1113103000147020006e35332305010000ffffffff
137,5907,52129,1.216333781,1.566442129,2.945797878,0.000003566,2.548801032,1.091339553,2.425593512,3dbb8b375b51014d7832ce4b37e0600333000000fb04000000000000ffffffff4768b702765445b2,d83f0a7d2c38fa38b53f0d3b000061d0cafdc73f1034d00100000000f607030000000000ffffffff
138,5908,52130,1.216218267,1.567767328,2.946660818,-0.107848564,1.276886168,1.289815782,2.140770958,3abba3375e51524d62d21d0a37e0000000000000fd02000000000000ffffffff7068e5035e54af39,e7340f23de3aa83d4a3d723a09488fcc330384091074e0010d5cf001c71b140901000000ffffffff
139,5909,52131,1.222725589,1.557828336,2.947811405,-0.094256346,1.181858364,1.129308919,2.276564546,e3bbef3662514e4dfdf32f6337e0000000000000fd02000000000000ffffffff43633e026256b5ab,4836561cb038f4374c3d193a2d482cc6da36f3071034e00117743002b824210200000000ffffffff
140,5910,52132,1.197581911,1.252093906,2.906390279,-0.419776484,1.456450620,-0.100093110,3.420022254,56b94e21d250eb4c1b94a35b37e0600333000000f906000000000000ffffffffe4113726f1409b3a,4215c32ffe27f046d73cbb38003c0000d85900170434300011084002c53a000000000000ffffffff
141,5911,52133,1.252605365,1.539938151,2.968809615,-0.126407910,1.312997839,1.331812201,2.152426549,ebbeab35ab51db4d2a6ed1cd1e8cd00000000000c53a000000000000ffffffff3a25c229b23cd03b,05339d25703b8542473d933a594898cd5dbfb30c1074e0010d7c7001a641140401000000ffffffff
142,5912,52134,1.254184065,1.529778292,2.796221590,0.101502393,2.203531501,2.612990637,1.347661680,14bff334534f1f4e06b0dfdc1e8cd00010900000e813030000000000ffffffff2c1843342558cf75,244a9d64d64c10cb5d38903ae4459ad7fbedab7b1f84d00122000000ea14010000000000ffffffff
143,5913,52135,1.248485344,1.566607779,2.901500285,0.084367727,2.210157496,2.686340548,1.347449360,80be8e37c150cfc6bdb5639d1e8c00011d000000b44b000000000000ffffffffe424562b4a3b3e36,67481565d54da2c95038723ae644e1d709766c7a1f84d00122000000e716010000000000ffffffff
144,5914,52136,1.254068550,1.527569628,2.793345123,0.000003566,1.854617673,4.995855964,2.555522141,11bfcb34494f1a4e08988fda1e8cd00010900000ef08080000000000ffffffff92282d2c7a41a83e,d83fee4b326d8c2bcc2e9135128c40dcd201d83f1a6c900122000000bf3e020100000000ffffffff
145,5915,52137,1.255416220,1.526630945,2.730638141,0.000003566,1.851525543,5.098258192,2.699489237,34bfba346f4ec54c0680afdd1e8cd00010900000e1130a0100000000ffffffff6611f92e7539b824,d83fb64b966eac2b6b2edc35000058dce201e83f1a6c900122000000dd1e030000000000ffffffff
146,5916,52138,1.251257695,1.533036073,2.964207267,0.035697577,1.934847424,6.209437424,3.488632616,c8be2e359b51384e1dd5c0e21e8c40020d000000fc02010000000000ffffffff181d5b38725d8776,77439b51ad7d302a2f267b38573f59dd18fa5b3b1968000000000000fe01000000000000ffffffff
147,5917,52139,1.246329072,1.572957690,2.859503866,-0.152783743,0.990919289,-0.097504290,3.322677023,48be01382f5025cbc819848f1e8cd00110340000ee0e020100000000ffffffffa01cb91e834f1dc2,5830d40e0728254b473dd1383548355133f203050408d00003000000be221f0000000000ffffffff
148,5918,52140,1.235047146,1.489856675,2.896322644,-0.159753124,1.401178782,1.381287435,2.061228577,23bd2032af506e4b4d7ef6c02378d00000000000fa05000000000000ffffffff7f21a61fe64f2ec4,a32fda2b1c3c96433e3dde3af948c5cf0063f3091d40e0011f340000876b0a0301000000ffffffff
149,5919,52141,1.234200039,1.488641910,2.862667980,-0.187207093,1.757822937,4.527279477,2.205399759,0dbd0a323a50224b4a2e3cc52378d00000000000fa05000000000000ffffffff202413253c3c9f77,da2c1545d566454862318c399ec992db2729224b1b68200219840000cb22130000000000ffffffff
150,5920,52142,1.224034754,1.617904019,2.837067423,-0.058908879,1.309850491,1.376397441,1.968349090,05bc2f3be14ff54e140a8ac31e8cd00000000000c43a010000000000ffffffff5326c122af5053c6,de3964250b3c9642563dad3a7b4485ce4873740a1074d0001e7c70019c5b030301000000ffffffff
151,5921,52143,1.232890874,1.487482361,2.812617452,0.114054979,1.771074926,5.952568914,3.345371980,ebbcf5318c4f174a54a62dca2378d00000000000f906000000000000ffffffffa82c3c30e847601f,6a4b0546307a354fee2c7b3b9a461edda79fcd0f1968b00100000000ee0f010000000000ffffffff
152,5922,52144,1.257803522,1.519231918,2.655849997,0.069735878,1.910993843,6.221806232,3.779024478,72bf34346b4d4c495c781ece1e34000123100000bb2c100800000000ffffffff6314652fc4368817,eb46eb4fd87d1423bf29d63b57435bdd79134f2e1968000000000000fe01000000000000ffffffff
153,5923,52145,1.251373209,1.530496108,2.944647291,0.074086928,1.904367849,6.157085723,3.441735571,cbbe00355751b24ec10c83e11e90d00023400000fc02010100000000ffffffff100e982f50429d38,5c47734ff77c742ac82ac63b46444edda47fff2a1968b00100000000fe01000000000000ffffffff
154,5924,52146,1.250718627,1.539772501,2.980315483,0.156987905,1.895919706,4.748479795,2.109382080,babea835d3511a4cb02190dc1e8cd00024000000ea15000000000000ffffffffbc2ed830394f801b,c54fda4ed6698c31f12db334944804dccd35263f1b68200219000000c03d020000000000ffffffff
155,5925,52147,1.259497736,1.519949734,2.647508242,0.157526973,1.912153392,4.877920814,2.518512162,9ebf41344e4d09447268fecc1e40d00023000000b824170d00000000ffffffff2b2f17326b57d98f,d34f0050986b282c602d1335974824dcea95657e1a6c2002190000008479010100000000ffffffff
156,5926,52148,1.248947403,1.583172765,2.644919422,0.139660715,1.921043268,4.635722286,2.303903096,8cbeba38454d15c4e3420d8e1e4030020d740000ba2d100700000000ffffffff602b8434185b8186,034ea1504e68cc338c2e53341948c9db99a5063f1b68200219000000dd1e040000000000ffffffff
157,5927,52149,1.247830762,1.580908883,2.681738200,0.000003566,1.916957238,4.541086519,2.264327136,6fbe9138c54d64c8b52a1b931e4030020d740000c523130300000000ffffffff1e24bc2c4137b353,d83f57500567ca3059301134cda18ddb8c01183f1b68200219840000e90f060000000000ffffffff
158,5928,52150,1.225844483,1.615640138,2.797947470,0.363219968,1.935675673,5.371522564,2.733099442,34bc063b594f904eba74ffe11e34300224400000f10b010101000000ffffffff64258731683858d9,b164aa514c72882f272352364a4d99dc3cc12c351a64b00122000000db20040000000000ffffffff
159,5929,52151,1.253799016,1.516968036,2.754225171,0.125606439,1.880182969,5.214467462,2.730848899,0abf0b34c14e884d2b9c9ed51e34000124103002b93a070300000000ffffffff6e2aca2f9740301c,964cbd4d2a70802d642c1536524773dca731d53d1a6c900122000000e511090000000000ffffffff
160,5930,52152,1.256070803,1.518293235,2.671095272,0.392137122,1.977585088,5.315431456,2.819546819,45bf2334a04d304c6ca85dcc1e34000123904000bb3b060300000000ffffffffaa0fee2f033e482a,a067a1548971a834b6211a36b64d8cdc3270882c1a64b00122000000eb0e060000000000ffffffff
161,5931,52153,1.250795636,1.536183420,2.969960202,0.392137122,1.977585088,5.315431456,2.536407949,bcbe6735af510a4d558110e11e8cd00024000000f708000000000000ffffffff1e24bc2c41375ebf,a067a154897160f95c32353bb64d8cdcd972882c1a64b00122000000eb0e060000000000ffffffff
162,5932,52154,1.253529482,1.525637046,2.797947470,0.327679976,1.945890748,5.355126702,2.751904087,03bfa834594f904e0574ffe11e34300224400000f10b010101000000ffffffff5f192f2e6f33401e,166163521372b83178254a36c64c95dc7555663e1a64b00122000000dd1e050000000000ffffffff
163,5933,52155,1.226345046,1.611885408,2.911280273,0.000003566,1.810610026,5.555328810,2.921369126,41bcc23ae350674f523065e21e90d00023400000f803030000000000ffffffff0a22122a4035201c,d83fd148cb746c2aa12c3a370000c3dcfd01f83f1a64b001000000008d71020000000000ffffffff
164,5934,52156,1.253259948,1.528784393,2.846847411,0.214976233,1.893214091,5.340169073,2.725343096,fcbee1340350674f63248ad31e34300224400000f606020000000000ffffffffdb24a529eb35e769,a755a94edf71242cb6295d36434a91dcc5c5b53e1a64b00122000000db1e060000000000ffffffff
165,5935,52157,1.225112891,1.616247521,2.796221590,0.358791908,1.326746777,0.280175838,2.676716076,21bc113b534f3a4faa89edd71e34300224400000f407040000000000ffffffffe022182d6634cf77,3e649626282d6e3ad43d22396b4de24ed075af140d60700104400000d012100d01000000ffffffff
166,5936,52158,1.225690464,1.614425372,2.819808620,0.257986169,1.191521273,0.584793701,2.471960996,30bcf03aa54f094f85c92be61e34400223400000ef0d020000000000ffffffff6c29b92f7059799c,045a051d4b31e640a53d7339a14b7b4c623e4d080d5c00010460e001b540090000000000ffffffff
167,5937,52159,1.249756005,1.578645002,2.745308123,0.238310182,1.219184800,0.733507049,2.280258286,a1be6838a24e30c471eadda91e8c00010d740000a159050000000000ffffffff89220a3de7617f7c,0558fa1e5033f447a73da5398e4b82498b0e0c050d5c00011e108001825e1f0000000000ffffffff
168,5938,52160,1.244249809,1.575387221,2.780401021,0.108471774,0.897879282,-0.606351315,3.635808045,12be2d381c4f80cd84f1c59b1e740001237c7001cf210d0200000000ffffffff9d240837ef5e977f,d94a3f081e21a637793d2638f5442e54ab9d0a42021030000d000000e711070000000000ffffffff
169,5939,52161,1.246637111,1.576822853,2.748472237,0.192874440,0.909861289,-0.599160148,3.572379610,50be4738ad4e22cb21aea78e1e8c00011d340000df0e0d0301000000ffffffff1b1152286341c81b,6953180937214036883d2238a1482954ab29cb42021030000d000000dd160d0000000000ffffffff
170,5940,52162,1.252297326,1.540490317,2.971686082,0.000003566,0.855638567,-0.604337789,3.850351711,e3beb535b551704da73553cd1e8cd00024000000ca35000000000000ffffffff2a2c2c2f5f55f5a6,d83f420525217940663d2c3800003354e00118400210300000000000f408030000000000ffffffff
171,5941,52163,1.250256568,1.581626699,2.707338757,0.000003566,0.853319469,-0.678550639,3.682093290,aebe9e381e4eb8acbbf6ce911e8c00010d000000be3a060100000000ffffffff7f2a1525135286c6,d83f18052320223e663d173800006c54a7fd87400200000000000000ff00000000000000fffffeff
172,5942,52164,1.231620213,1.484500663,2.734665195,0.467144601,1.224154296,-0.491004986,3.325229511,cabcbf317d4eba486b6a1ece2378d00000000000f30c000000000000ffffffff1826f62116546ec4,3c6f541faf22142bd43d3738b84e6353f90d8f1402103000144cd000694e480000000000ffffffff
173,5943,52165,1.232967883,1.478205968,2.806001578,0.491826221,1.261922464,-0.574997824,3.468029192,edbc4d31754fab4858724dc92378d00000000000fd02000000000000ffffffffff2baa2bb8594fb6,bd7100228b217b42dd3d1b38564fcd53ab998f56020c40001350c0016960360000000000ffffffff
174,5944,52166,1.228693843,1.472463440,2.677998793,0.230301170,1.004171278,-0.329059889,3.202887353,7ebce530b84d2fc0a7c22fa42378000100000000a757010000000000ffffffff49247e2dcd628ac5,3557c40fe224202d983d7e38d649885255725c07040830000d0000008871040200000000ffffffff
175,5945,52167,1.243287187,1.446842928,2.802549818,0.040433675,2.552279679,0.960460301,2.462141500,f9bd152f694f0eca6e5bcab52378000000000000ee11000000000000ffffffffae1fcf2dc0628ec8,f243497d6536e036ac3fcf3ac441c9ceea11993f1034d00100000000eb14000000000000ffffffff
176,5946,52168,1.242594100,1.450652875,2.856052105,0.515006150,2.099945120,-0.444406219,3.441509813,e7bd5a2f235061ca50fbe7b72378600200000000ef10000000000000ffffffff5f2b752a1b5c01b0,1774495d512321a9643fbc29e34ec851ac7e1e2b044c300014340000ca1b100603000000ffffffff
177,5947,52169,1.228886368,1.464953979,2.677711146,0.532910913,1.590240492,-0.526385531,3.281206190,83bc5d30b74d3bc38eae7fa12378000000000000d52a000000000000ffffffff511ab8306a5afebe,e8753a393422a01a313e0438b04c664f85c13c07131030001470200084421c1c00000000ffffffff
178,5948,52170,1.242209051,1.478647701,2.892870884,0.000003566,2.460564871,0.409616856,2.945129261,ddbd5531a350e3c6678ec6be23780001000000008c73000000000000ffffffffde13c92fe7577fb6,d83fcc76ea2ee039c13ffb390000044157fe777f0d404000000000008a70050000000000ffffffff
179,5949,52171,1.241053905,1.483065031,2.936593183,0.048442687,2.538972473,1.089326027,2.439192078,bfbda5313b51f5c371e272b823780001000000009a65000000000000ffffffffb4266924fe4902c9,c244587c2538fe36a73f093b39435ad0ca55493f1034d00100000000f607030000000000ffffffff
180,5950,52172,1.232621340,1.504433863,2.811466866,0.526596115,1.511556807,-0.671071825,3.553392475,e4bc2833884f504c2b46eecc2378d00000000000cb33010000000000ffffffff4b268a23014d81c6,4475a9333d208431163eb737745028542625bf11034cc0011410200055501f1c19050000ffffffff
181,5951,52173,1.232852369,1.497034836,2.819520973,0.000003566,2.564703419,0.958734421,2.474340107,eabca232a44f824b44f65dcb2378d00000000000ea15000000000000ffffffff7a2a062d454fafc3,d83f2a7e5f363639b73fd03a0000cfcee701e83f1034d00100000000ea15000000000000ffffffff
182,5952,52174,1.229463941,1.498580902,2.734952841,-0.139037506,1.365232762,1.350509237,1.951220651,92bcbe327e4efe46ede26fdc1e8c00010d000000a953020100000000fffffffff6116926544892c2,bd314f29b13b6645413db53a8b487dce576bb30d1074e0010d7c70018764100201000000ffffffff
183,5953,52175,1.237511458,1.511280724,2.968521968,-0.077930283,1.345133912,1.409189165,2.046829384,63bda433aa51204c1f46c18e2378d00000000000926d000000000000ffffffffe424562b4a3b1c47,f037e3277d3ced48533dd73a6645d8cf4713440c1d40f0011e3470018772040201000000ffffffff
184,5954,52176,1.225805978,1.617351853,2.793345123,-0.094525881,1.213166188,1.192303548,2.114231869,33bc253b494f1a4ed0988fda1e8cd00010900000ef08080000000000ffffffff0a22122a4035577a,41368d1e8b39d5384c3d363a00482ec9e9eac3061078d0001774f001cd1a150101000000ffffffff
185,5955,52177,1.224958871,1.614701455,2.846847411,0.000003566,1.418627234,1.850726862,1.590979808,1dbcf53a0350674f9d258ad31e34300224400000f606020000000000ffffffff6a24be2ee46082c9,d83f162d7c422543fc39ab370000e7d42dfe27001d7c100210000000a35c000000000000ffffffff
186,5956,52178,1.243402702,1.457996685,2.802837464,0.159067168,1.522047965,1.859643910,1.438575754,fcbddf2f6a4f72c93c2fcab82378000000000000d629000000000000ffffffffe4147d309f55b0cc,fb4f67349b42663e4f3aad370e49d4d431525d081d7c000121000000a757010000000000ffffffff
187,5957,52179,1.241169420,1.489635809,2.929689662,0.113554416,1.530882625,2.982904303,1.129623253,c2bd1c32235112c0270be2ad1e8c000100000000827d000000000000ffffffff6d2c5428ef575bb6,5d4b0735dc510943223a9f399d4681d8117e9c05217c20021d000000bb32120000000000ffffffff
188,5958,52180,1.229810484,1.473622989,2.662753518,0.226720217,1.617517503,2.984342537,1.063162834,9bbcfa30834d523e90e61f9d2378000000000000e01f000000000000ffffffffa12a7a29695e65ae,d856283be1513644583aa4399e4a80d81a921d49217c20021d000000bd330f0000000000ffffffff
189,5959,52181,1.229117397,1.455235854,2.677135853,0.000003566,1.569479043,4.139819362,1.913952811,89bcad2fb54d24c59ba61fa02378600200000000ef10000000000000ffffffff76291927b562c5ab,d83fc23792619b3fe9396c3b181db7da57fe87001b88a001210000009d5f010100000000ffffffff
190,5960,52182,1.229617960,1.424645846,2.701585823,0.109318881,1.526575728,3.123563543,1.201467821,96bc832d0a4ed0c7a8967f9c2378600200000000fd01000000000000fffffffff22ce32f56569193,ef4ab934c5539a421e3ad8395e46c6d80c92cc452188f0011b000000b338140000000000ffffffff
191,5961,52183,1.249833015,1.581792349,2.690655248,0.078514988,1.576933287,3.920632571,1.698485721,a3bea138e44dc9bda64ead8b1e8c00010d000000c32b0e0200000000ffffffff3b1e802d243388e3,cf474938985e083f0b3a153b6f444bda617a0c06226c10021a000000a94f070000000000ffffffff
192,5962,52184,1.252412841,1.526907028,2.874461495,0.087409612,1.648162728,4.240208063,1.799221820,e6bebf346350624f5984d9df1e34400223400000f308030000000000ffffffffeb221f323f33e8e4,b648533def62513f123a9b3b0d45eada5c529d081b88a00121000000a950030200000000ffffffff
193,5963,52185,1.252605365,1.518238019,2.803125111,0.087101573,1.632370774,4.139244068,1.776693345,ebbe22346b4f7d4e6098acd51e34400210103002a93e140301000000ffffffffdb21f13fc161cf7a,ae48353c90612640123a703b2145b7da5926ed071b88a00121000000906e010100000000ffffffff
194,5964,52186,1.243171673,1.574503755,2.786153955,0.132999373,1.516415870,2.558337763,1.134793794,f6bd1d38304f18ce5279f6a11e740001235cf001c128110400000000ffffffff1a2a7927604b6ecf,564d0134184cc741333af038c4475dd72e0a3d071f84d001220000009b5e060000000000ffffffff
195,5965,52187,1.231427689,1.500955216,2.743869889,0.011169977,2.489995330,2.547407188,1.582980361,c5bce9329d4e134b33427fd52378d00000000000b649010000000000ffffffff662b6b29a94de0ce,fa40e178f24b7da94734a52fd6386cd7772c5e1d1d00000000000000ff00000000000000ffffffff
196,5966,52188,1.230619087,1.496703536,2.714529925,0.063074536,2.522904436,2.303770426,1.607784789,b0bc9c32374e5e498ec2ffdf237800010d000000a05e010100000000ffffffff6c29b92f7059dbc1,3e46357ba34889a252332e303c439dd640141f2e1d7c000000000000ff00000000000000ffffffff
197,5967,52189,1.244865887,1.472021707,2.745308123,0.000003566,2.583642719,2.039710749,1.811974373,22bedd30a24e30c4cdebdda91e8c00010d740000a159050000000000ffffffffc629062faa5b38d7,d83f817f0d45cf7fbb31192f0000a4d500fef77f1d7c000100000000ff00000000000000ffffffff
198,5968,52190,1.244673363,1.466279178,2.731788728,0.097343867,2.400599621,2.217476414,1.566472731,1dbe7530734edfc53d978db51e8c000100000000817d020000000000ffffffff8c173222874732bf,b8498e72774754d7973207319c452ed6269ccd141d7c100210000000fa05000000000000ffffffff
199,5969,52191,1.235971263,1.511722457,2.936017890,0.054564961,2.481988920,2.421130283,1.613148197,3bbdac333951074d5a2ef3c62378d00000000000ae51000000000000ffffffff9c15d222c94abebf,614550783b4ab8d3fe333b304742ffd638dcde121d7c000000000000ff00000000000000ffffffff
200,5970,52192,1.236471826,1.503771264,2.947811405,0.036198140,2.538309874,2.415664996,1.671558213,48bd1c336251234c4d2672ca2378d00000000000da25000000000000ffffffff811ea42095468dc3,84434c7c284a3199f733ea2f274008d77b581e321d00000000000000ff00000000000000ffffffff
201,5971,52193,1.234623593,1.512716356,2.891145004,0.042281909,2.559016107,2.280183396,1.699910569,18bdbe339d508b4d7cbad9c12378d00000000000ad52000000000000ffffffff042cd12c14585ebe,2244c37d514829923a33e32fd74092d69b8cbd361d7c000000000000ff00000000000000ffffffff
202,5972,52194,1.228462814,1.478150752,2.695257596,0.000003566,2.470448647,2.528710152,1.587924837,78bc4c31f44dc4bcd3aecfa71e8c00010d000000807c030000000000ffffffffc613e42d1f5d6cd3,d83f7f77b14bf0ce4e34f02f00005fd77ffd17011d00000000000000ff00000000000000ffffffff
203,5973,52195,1.240899886,1.469481742,2.935442597,0.000003566,2.569617698,2.405885008,1.740848654,bbbdaf303751eac7f3c2e1ab2378000000000000d52a000000000000ffffffffc11f3c31cb58e9c3,d83f837e064ae77ff533682f00000ed7f9fd273f1d00000000000000ff00000000000000ffffffff
204,5974,52196,1.243133168,1.483506764,2.860079159,0.000003566,2.467190866,2.418541463,1.645588393,f5bdad3131507ac5d7a7c6ab1e8c00010d740000926c010000000000fffffffffe20d32aa766c8c5,d83f4477324aa8e71c347e300000fbd6b70188001d7c000000000000ff00000000000000ffffffff
205,5975,52197,1.242517090,1.422547615,2.846847411,0.020988718,2.483038036,2.528710152,1.648630588,e5bd5d2d035034cb66b3c8b62378600200000000fe01000000000000ffffffffcb28be2ba061acb9,f9416378b14b9ac53f34d22fd63c5fd756f05e151d00000000000000ff00000000000000ffffffff
206,5976,52198,1.244288314,1.441928648,2.718269332,0.000003566,2.536819025,2.508574882,1.670628993,13bebc2e444ed5c888231eab2378000000000000f00f000000000000ffffffff57248f2a5666adbf,d83f317c6b4bef7f2f34792f000058d7f5fd473b1d00000000000000ff00000000000000ffffffff
207,5977,52199,1.243171673,1.421332849,2.796221590,0.000003566,2.516720175,2.540791314,1.676479932,f6bd472d534fd9ca7f2b5bb32378600200000000fe01000000000000ffffffff561f1320bd4927c4,d83fc57adb4bef7f40347e2f000068d7f101e8381d00000000000000ff00000000000000ffffffff
208,5978,52200,1.234585088,1.504433863,2.884529129,0.000003566,2.251956478,2.677135853,1.458078724,17bd28338650eb4c8e3ebac22378d00000000000e01f000000000000ffffffffd3224f22e1469cc9,d83f0a68b54dccd02b387a3a0000dad76f01987e1f84d00122000000ec12020000000000ffffffff
209,5979,52201,1.233699476,1.512164190,2.861517393,0.000003566,1.371417024,1.479950256,1.857563759,00bdb4333650464d70c2ccc72378d00000000000b14e010000000000ffffffffae27a2304a3c281c,d83fbf29733da13f673d443b0000bcd1ab02e8011d40f0011e5c0000c0320d0000000000ffffffff
210,5980,52202,1.254877152,1.517520203,2.713666985,0.000003566,2.078244988,2.831602135,1.379503064,26bf1534344ee84c6154fdcd1e34000123904000bd3b050100000000ffffffff43238e21014a3ec8,d83fc05bce4fc1868b38003a000033d88801b8041f84d00122000000c03d010100000000ffffffff
211,5981,52203,1.233776486,1.504378647,2.859791512,-0.099916562,1.235970652,1.250120536,2.107562727,02bd27333050b24c5e229dc82378d00000000000df1f000000000000ffffffffc62444304c5ca8d2,b5352a20543a063b4c3d523ae3472ecb111bd4071078d0001d5cf001d5160e0601000000ffffffff
212,5982,52204,1.243749246,1.470641291,2.805713931,-0.407069879,1.455677587,0.098383118,3.170972694,05bec430744fbac7b4d6a9bd2378000100000000807e010000000000ffffffff8f15742c0a60d0d4,8c16b52fb02ab347da3cf338394e2050e2b140130d1040021e400000ae49050300000000ffffffff
213,5983,52205,1.240861381,1.461254466,2.927388489,-0.047280410,1.214380954,1.264790518,2.117660930,babd1a301b51f4c829e7b1a92378000000000000ee11000000000000ffffffff5b6dd50a146c7cdc,0c3ba31e873aa73b5a3d503a1b4439cb085bd5051034e0011d5cf001e00f080602010000ffffffff
214,5984,52206,1.122728452,1.531821307,2.963344327,-0.442532860,1.538226435,0.085439017,3.276037695,beb118359851cac5c4fbde2e34cc50033ad890037f740b0000000000ffffffffc467bb1709709db4,f3128c35832acb47c73ced38d94a244cd4a1e0130d1040021e401001a355050200000000ffffffff
215,5985,52207,1.096468133,1.583448848,2.908691453,-0.052016508,1.278542667,1.347345123,1.962087437,14afbf38da50b6cb02d22f233480300300000000f40a010000000000ffffffff5e6da609dc6d142f,913a2d23a63b533f593d8d3a22448dcd34eb64081074d0001e5cf001b93b050401000000ffffffff
216,5986,52208,1.125423792,1.529943942,2.965933148,0.061957895,2.458135340,0.401850395,2.926947104,04b2f634a151b3c7edc36e2733d050033ad800007e760a0000000000ffffffffa5664519f46cb8d8,2146a076cf2e7b39b53ff6391d40dd3d5b2a787f0d404000000000008c6e050000000000ffffffff
217,5987,52209,1.105285747,1.585547080,2.901212638,-0.047973497,1.247345276,1.302759884,1.999859634,f9afe538c05072caa9494f623480300300000000d629000000000000fffffffff61169265448ec3b,fa3af8200b3b5e3e5a3d6c3afe437ccc371735081074d0001e5cf001d5190a0601000000ffffffff
218,5988,52210,1.252605365,1.545183730,2.968521968,-0.203610166,1.165624677,0.577314887,2.825331848,ebbe0a36aa51204c3346c18e2378d00000000000926d000000000000ffffffff382e0b30b04f681a,302b301b31311c3b393d7139f349a74c7fd643050d780001045c4002d4200b0100000000ffffffff
219,5989,52211,1.259382221,1.522268832,2.661315284,0.601295555,1.946111614,-0.474321477,3.231863032,9bbf6b347e4d42447958ae8c1e4030020d000000c617140e00000000ffffffff082b83338c5a8986,d87c6752e92285ab803f622a19503d52674a4f2613104001033460018b5c0c0b00000000ffffffff
220,5990,52212,1.248292820,1.580301501,2.705325230,0.586278657,1.975100340,-0.502223207,3.298862813,7bbe8638174e6ac7b3262b941e8c00010d740000c71d180200000000ffffffff4c0fff29f7461b42,527b7454882288ca793f982c4450ab52ca9dbf67131030001434500185600e0c00000000ffffffff
221,5991,52213,1.251912277,1.544465914,2.980315483,0.570183623,2.028826112,-0.489566752,3.569235420,d9befd35d351c24b0d5e90961e8cd00000000000ab54000000000000ffffffff345e4116fa67d801,b0794158b422fdae703f9f2bd74f3d522e3e2f2a044c3000143460019b45130c01000000ffffffff
222,5992,52214,1.098508891,1.594160872,2.818945680,0.599755360,1.921153702,-0.505387321,3.377405705,49af8139a24f75c5e831965b3480300300000000c13e000000000000ffffffff4e5114044f56e745,b07ca3507d2254c8833f4e2d83501d5363a5cf66131040010354d000ae3c0b0900000000ffffffff
223,5993,52215,1.220838851,1.571466841,2.638591194,0.606840256,1.894870590,-0.495032040,3.209544957,b2bbe6372f4d4a4df513702231c8000000000000ff00000000000000ffffffffdd6151149867f0fc,687dc74ea12231bf8c3fba2b6450af52e981ff6a131040010354d000aa3f0c0900000000ffffffff
224,5994,52216,1.085994809,1.591786558,2.865832093,0.532371845,2.039869437,-0.434913878,3.376714471,04ae563945502cc4b441da5c3480300300000000db23020000000000ffffffffde522302e4535763,da75095972236da2743fa6289f4bc14dbd1e6e29044c300014340000b4320f0802000000ffffffff
225,5995,52217,1.222725589,1.569258176,2.671382919,0.494020998,2.103147684,-0.401834506,3.203234885,e3bbbe37a14df34d9d87de503100000000000000ff00000000000000ffffffff0e66f6218e70fda9,f671835de52397b2663fe027aa4a4b4dd0c22e2c044c300014340000d5130e0505000000ffffffff
226,5996,52218,1.120649189,1.581902783,2.890569710,0.627594378,1.835788806,-0.488703812,3.424478164,88b1a3389b500ecd6e152f2d20d0300300000000946b000000000000ffffffffe45191025053b99f,837f994ab722c771993ffd2a6a50c652d79c94191310400103345001bb320b0600000000ffffffff
227,5997,52219,1.222186521,1.569313393,2.654987057,0.620239949,1.789462061,-0.477773237,3.197654167,d5bbbf37684d1d4eb2ef355f3100000000000000ff00000000000000ffffffffcc512101cc53c8f0,c47e5247dd2281b1a93f092a8e4cd84ecbbdaf1d131040010354d000c928090500000000ffffffff
228,5998,52220,1.222879608,1.581516266,2.653836470,0.616543482,1.728171611,-0.491292632,3.206398035,e7bb9c38644d0a4e76eaf6403100000000000000ff00000000000000ffffffff4f649a1dea62e2be,647efc42ae22a189b03fc02b9d506f53babd0b18131040010354c001df16060400000000ffffffff
229,5999,52221,1.156612734,1.386325511,2.887693243,0.000003566,1.463021398,2.984630184,1.163195511,2eb5cd2a915043c4dddaee5020d0000000000000f30c000000000000ffffffff2f646719486920e2,d83f3a30e2511342ef399d39000083d804fe0700217c20021d000000ba32130000000000ffffffff
230,6000,52222,1.108250622,1.588528777,2.882803249,0.266688268,1.643634965,2.177781168,1.099236108,46b01b39805082c882b53e5734803003000000009867000000000000ffffffffde5f4127276e2ab8,e65a013ded4617458b3a5e38104ceed528f6bd4a1f74100210000000ad48090000000000ffffffff
231,6001,52223,1.179407615,1.331384973,2.829588608,0.158605109,1.702992832,4.129464080,1.694050294,7eb7ea26c74fddccb362e73d20d0700100000000f10e000000000000ffffffffe3786601685efb52,ef4f34416e618a3d3b3a723bb748b3da69be7e0f226c10021a000000807e000000000000ffffffff
232,6002,52224,1.191729172,1.454352388,3.083580651,0.000003566,1.551920157,4.042882421,1.532967474,beb89d2f3a5380482536cf5439e8500334cc0000fb04000000000000ffffffff9e745b01065cf767,d83f843641600140e939443b282686da62fea700226c10021a0000008579010000000000ffffffff
233,6003,52225,1.192653289,1.432320956,3.048487753,0.089950933,1.616413171,4.049498296,1.500621383,d6b80e2ec052004a83a4765239e8500334cc0000fb04000000000000ffffffff3d783505df5c4017,f848143b58604d3e133a4b3b40458bda6cfebc07226c10021a0000008975010000000000ffffffff
234,6004,52226,1.083029935,1.506366445,3.078403010,0.198457646,1.844954765,4.396975518,1.623497350,b7ad4b3328531f495b27ee3039e8500334000000fd02000000000000ffffffff4479b9028b5b9d3e,fa533f4b10657b50623af33bff493edb3ebabf5f1b88a00121640000cc280a0000000000ffffffff
235,6005,52227,1.219106132,1.561306983,3.089333585,0.475461652,1.210129274,-0.560615489,3.741451742,85bb2e374e53ed49923e0d0939e8500300000000ff00000000000000ffffffff7d76ab04c1590f4e,1470561ebd21cd3fd23d2138e84ecd53c6599f53020c40001350d0007359320000000000ffffffff
236,6006,52228,1.216564810,1.558546152,3.066034202,0.375040962,1.052651471,-0.455049147,3.655423336,43bbfc36fd52ee4ae593126a39e8300335000000ff00000000000000ffffffff5e75f3042c5b5f4b,e46532132c230239b23d4838f94c5c53f2797e0d021030000d0000008f3e320000000000ffffffff
237,6007,52229,1.215794713,1.559484834,3.054815980,0.491903230,1.279812649,-0.511427902,3.649702842,2fbb0d37d652354acbf7616c39e8500334cc0000fd02000000000000ffffffffb478c303415d2630,bf7144236822f02fe13d2d38444f7153d78d7f1802103000144cd00060524c0000000000ffffffff
238,6008,52230,1.086610887,1.502114765,3.082430064,0.361833793,1.367275777,0.380564539,2.800635769,14aefe323653fd48c583cf2339e8500334000000fd02000000000000ffffffffe2763602bd5c3f66,8d647429852e0752da3d43395a4dc24ddb494e4e0d60700110100000a62e250403000000ffffffff
239,6009,52231,1.191536647,1.439002168,3.067472435,0.383589042,1.355956370,0.407603329,2.781111217,b9b8872e025374492925bc5139e8500334000000fd02000000000000ffffffff69785e02145e2b51,c266a728e32e2767db3d5139b64d904df1f8884a0d5c8001101000009937280502000000ffffffff
240,6010,52232,1.191113094,1.449162026,3.079553597,0.221483556,1.141660664,0.390056880,2.875435814,aeb83f2f2c53a5487ba5bf5e39e8500334000000fc03000000000000ffffffffce78b502c15cab41,50567e19a62ece3a9a3d46396d4a244e36720d090d1070011060e001f00a040100000000ffffffff
241,6011,52233,1.219221646,1.563073915,3.084155944,0.519780753,1.575718521,-0.527823764,3.679099736,88bb4e373c534f496c4eae0c39e8500334000000fe01000000000000ffffffff69785e02145e9948,937433382f22282d283e0938874cde4e1b2d2f1213103000147020006e4f221e01000000ffffffff
242,6012,52234,1.092117083,1.498304818,3.079553597,0.000003566,1.949976778,6.053245262,3.199931501,a3aeb9322c53a548e0a7bf5e39e8500334000000fc03000000000000ffffffffe953290555557f60,d83fad528e7b742417295238000035dd6002487f1968b00100000000fd02000000000000ffffffff
243,6013,52235,1.221839977,1.573454640,2.685189961,0.361718278,1.551975374,1.324333387,1.610031463,ccbb0a38d14d774ddb320d6c31c8000000000000ff00000000000000ffffffff5c79ba03af5bd42a,8a648536563b802aca3de23a3b4d3acfce53e9181d5c0001207ce0016863320101000000ffffffff
244,6014,52236,1.218451549,1.561969582,3.089908879,0.000003566,1.234921537,1.307649878,2.183580330,74bb3a375053cb497c8a3f2239e8000000000000ff00000000000000ffffffffb478c303415d302a,d83f17201c3b1740683d693a000074cc290308061074d0001778f001d8190a0302000000ffffffff
245,6015,52237,1.218490054,1.564233464,3.082430064,0.296799074,1.419124184,1.272556979,2.036224828,75bb63373653fd485882cf2339e8500334000000fd02000000000000ffffffff2c527604f453b767,f45d1f2da23adc2fb73d973a604c4bcdb3af7811177400010d7c000278453f0100000000ffffffff
246,6016,52238,1.221724462,1.571963791,2.657575877,0.408925244,1.650371392,1.319155746,1.567851641,c9bbef37714de34d7df3856f31c8000000000000ff00000000000000ffffffffe3786601685eb35a,54697b3d443b082ad83d0d3ba14dd9cfa3938c19177400012078f0016b632e0201010000ffffffff
247,6017,52239,1.095081958,1.494936605,3.083580651,0.517585976,1.546288062,-0.588229573,3.717301293,f0ae7c323a538048b737cf5439e8500334cc0000fb04000000000000ffffffff3a6349239076e997,5a741e365d21342d1f3ef0376350c15326850f1713103000147020005c44372204020000ffffffff
248,6018,52240,1.119802082,1.579141951,2.861517393,0.523246191,1.492672723,-0.650648908,3.563519045,72b1713836508ecec2dd9d2d3480300300000000946b000000000000ffffffffe962b524ca73319b,ed7453328420d03e113ecf376450145426dd8f5a034c40001470200064402a1a10070000ffffffff
249,6019,52241,1.123421539,1.579638901,2.860366806,0.225526567,1.247566143,0.859208660,2.218360120,d0b17a383250ffcd53f10d3320d00000000000009768000000000000ffffffff2d51a90322550046,b956fc200535ac3cac3dd039054ce844502275021734000120784000764b3e0000000000ffffffff
250,6020,52242,1.221262404,1.570583375,2.638591194,0.210086115,1.303279713,1.023454930,1.924212536,bdbbd6372f4d9d4dfd0bf02231c8000000000000ff00000000000000ffffffff5f527802e35458fc,2855ed244037fd48ad3d0e3afb4b5ec3733ed8001740d0002078d0018b5d160000000000ffffffff
251,6021,52243,1.222109511,1.580743233,2.660452344,0.236538958,1.309519191,1.125569512,1.844119602,d3bb8e387b4db04d644d29073100000000000000ff00000000000000ffffffffcc512101cc5353bf,d7575e25a338bf47a93d353a084c8fc873fed7001740d0001d80e0019261090101000000ffffffff
252,6022,52244,1.222571570,1.566607779,2.653836470,0.402571941,1.423707164,0.365606910,2.434915706,dfbb8e37644d0a4e66eaf6403100000000000000ff00000000000000ffffffff7e513b04bf54a758,af68722d512ecf6beb3d4139084ec94d4e459b4e0d60700104400000884c280201000000ffffffff
253,6023,52245,1.221416424,1.571522058,2.644344128,0.412005633,1.517851502,0.347485167,2.435895614,c1bbe737434db24dd40bc16c31c8000000000000ff00000000000000ffffffffae51f20400564f59,a4691b34122eef73fe3d3839094e9b4dd56d9c590d607001044000006d6b230302000000ffffffff
254,6024,52246,1.221069880,1.572792040,2.644919422,0.209470037,1.041939446,-0.099230170,2.972456173,b8bbfe37454d574dc1e3f06d31c8000000000000ff00000000000000ffffffffbb6140162667c0fc,185570120128b634993dcc38f5492f51146e0d090408d00003000000bd21200100000000ffffffff
255,6025,52247,1.097661784,1.591620908,2.864393860,0.389788325,1.964664399,5.601352284,2.851523749,33af53394050f3c4b85daa5c3480300300000000b747010000000000ffffffff4f5e2f1460683802,6367b7536b75f99b8c34e93b894dccdc81676e131968b001220000009866010000000000ffffffff
256,6026,52248,1.086649392,1.594271306,2.821534500,0.379237992,1.992659226,5.582942894,2.878284236,15ae8339ab4f91c4d31d265c348030033b000000e41a010000000000ffffffff2c5168037c54b9b6,5166b2552b75d7635934df3b634dc9dc45912d761968b00122000000906f010000000000ffffffff
257,6027,52249,1.221531938,1.570141642,2.640317074,0.000003566,1.370423124,1.512741980,1.674349021,c4bbce37354dca4df66760633100000000000000ff00000000000000ffffffffde522302e453602a,d83fad29e53d3b40673d6c3b00005ad24afe57001d40f0011e5c0000cd230f0000000000ffffffff
258,6028,52250,1.222571570,1.580632800,2.671382919,0.000003566,1.202840680,1.264502872,1.901765200,dfbb8c38a14df34d4a84de503100000000000000ff00000000000000ffffffff0154e402b7558f6e,d83fd21d863aeb3f683d4c3a000004cbf602f8031034d0011778f001e40f050303010000ffffffff
259,6029,52251,1.223072133,1.572626390,2.687491135,0.000003566,1.312059156,1.417530920,1.782299343,ecbbfb37d94d6c4defbe8c4631c8000000000000ff00000000000000ffffffff2c5385030754ff60,d83f8c259a3c8041683dcc3a0000a4cf5d03a8081074f0010d5ce0017d7c030201000000ffffffff
260,6030,52252,1.222263531,1.571522058,2.675409973,0.291985965,1.249940457,0.644624216,2.256750288,d7bbe737af4ddf4d75f76c613100000000000000ff00000000000000ffffffff9c54990568564b5e,775d27211b320b54b43d8e395c4c014bc35158400d5c00010480800192610b0000000000ffffffff
261,6031,52253,1.221724462,1.574117239,2.695257596,0.074086928,1.904367849,6.157085723,3.662020120,c9bb1638f44d254d62027e6d31c8b00300000000fe01000000000000ffffffff1c5545048c567f5c,5c47734ff77cc8320b25653846444eddbf7eff2a1968b00100000000fe01000000000000ffffffff
262,6032,52254,1.222456055,1.574062022,2.704749937,-0.419814989,1.344802612,-0.247655871,3.386194636,dcbb1538154e244da30edf5f31c8000000000000fe01000000000000ffffffff9765c426286abfb5,4115dd27fd25634ceb3c8e38544eea51135a30190434300002440000e709080700000000ffffffff
263,6033,52255,1.173901419,1.377380419,2.887405596,-0.391321388,1.265732411,-0.232122949,3.491968794,efb62b2a905006cc342f4e2d20d0700100000000fb04000000000000ffffffff4e657225296cc6b9,2518452233268f4cfb3c9638dd4ddd51fa6520180408d00003440000e20d090700000000ffffffff
264,6034,52256,1.173593380,1.341710481,2.885679716,-0.144351177,1.239891032,1.170154751,2.165726428,e7b6a5278a5056cc34af3e2c20d0700100000000f20d000000000000ffffffff4d510202785438e5,333171203e390036403d353a8849efc8dda662091078d0001d5c3002b13a120101000000ffffffff
265,6035,52257,1.221801472,1.567601678,2.642618248,-0.435871519,1.428345360,-0.278721715,3.361770255,cbbba0373d4dd54d6683f1103100000000000000ff00000000000000ffffffff60539c02bd54c814,a013c62d9125e34ada3c8538d94afa4d1432101c040cd0000244b000ec09060201000000ffffffff
266,6036,52258,1.222186521,1.580191067,2.678286440,-0.238457070,1.415148587,1.257886997,2.044077615,d5bb8438b94db44d8bd43d4a31c8000000000000ff00000000000000ffffffff60539c02bd54ef67,a727d72c6f3a4752263d983a214b1bcd3be3040c1078d0010d7c30026552450200000000ffffffff
267,6037,52259,1.222879608,1.570914675,2.678286440,-0.214044985,1.411835590,1.329798674,1.976987025,e7bbdc37b94db44d4ad73d4a31c8000000000000ff00000000000000ffffffffb653a5038e54df5e,212a9b2c693b2d442f3dbc3a6a4a77ce2b4fc20e1074e0010d7c30026e69250101000000ffffffff
268,6038,52260,1.222379045,1.572295090,2.684039374,-0.288320872,1.617241420,1.491168477,1.925402656,dabbf537cd4db74d46838e5d31c8000000000000ff00000000000000ffffffff6354fe036e552b5d,9822233b9a3d85441e3d923be64b64d2a78ec10e1d40f0011e5c3002be33090500000000ffffffff
269,6039,52261,1.222417550,1.573233773,2.694107009,-0.388780067,1.759976385,1.489154950,2.020579132,dbbb0638f04d764d0bdbbe5e31c8000000000000ff00000000000000ffffffff5a533c0457545760,67183c45933da63f013da83b374d5ad28bfe30111d40e0011f5c3002a1470b0b00000000ffffffff
270,6040,52262,1.222032501,1.572515957,2.677711146,-0.086131820,1.383564680,1.428749142,1.818489089,d1bbf937b74dc44d37bb9c6831c8000000000000ff00000000000000ffffffffcf52bc053755a76d,1b379b2ac13c154f513d093b9645aed04857240d1d40f0011e347001a355050200000000ffffffff
271,6041,52263,1.221454928,1.573344206,2.665629985,-0.092100074,1.421885015,1.510153160,1.755987848,c2bb08388d4d804d1b6fd67731c8000000000000ff00000000000000fffffffff77224058a5d100a,8036512ddc3d0c444f3d7c3b8f456ed26bf643051d40f0011e5c0000ca24110000000000ffffffff
272,6042,52264,1.077446729,1.518348452,3.031228950,-0.270801158,1.473236473,1.296144009,2.197800538,26ad243484520b49b9d9e36e39e8500334cc0000ec11020000000000ffffffffd86bb50c5c6b58e8,5f24f330f43a2f521e3dbc3ad14b32ce582f740f1d7800010d7c3002644f4b0101000000ffffffff
273,6043,52265,1.123460044,1.535410388,2.952989046,-0.152860753,1.263192447,1.230272913,2.161214533,d1b15935745145c56823fe6f34cc500336e800029a60040000000000ffffffff7664161c53667fc6,563017220f3a4e39403d533a784900cb0ddb220a1078d0001d5c3002b9330c0700000000ffffffff
274,6044,52266,1.157421336,1.298365434,2.886830303,-0.243847751,1.478702918,1.358275698,2.081479244,43b594248e5038c713e71e5420d0300300000000c936000000000000ffffffffcd64ee1a006838e0,1b275631cc3b8642283de63a114baacfeff6f10d1d40e0011f343002874f260200000000ffffffff
275,6045,52267,1.113102235,1.588639210,2.888843830,-0.216894345,1.041000764,-0.098367230,3.315453014,c4b01d39955038c865c16e5420d03003000000009966000000000000ffffffff8a755d02115c3f6d,d7295f1204286149363dce38f5492f51198612090408d00003000000bf211f0100000000ffffffff
276,6046,52268,1.191767677,1.431382274,3.056254214,0.016060095,1.886091147,6.345781963,3.522788851,bfb8fd2ddb52e149b7a8875139e8500334000000fd02000000000000ffffffff3f1e4059b33e081c,7941284e877f44257e24aa38733a79dd17016c331968000000000000ff00000000000000ffffffff
277,6047,52269,1.239359691,1.506200795,1.373233327,0.000003566,1.922037167,6.310976712,5.107859946,93bd4833003c0000ebe183f91078d000245c0000824b320100000000ffffffff501e9e4d8830e001,d83fb3500e7f8c2301269e38000071dd3609a83c1968000000000000ff00000000000000ffffffff
278,6048,52270,1.243903265,1.484555880,1.518494914,0.230917248,1.846445613,4.471188369,3.142531382,09bec031f93d8936ff5156ef0d78400210100000644d440901000000ffffffff611d934c0030e002,45575a4b1266b75d1d34eb39c64a6bdba80a6f571b88a00121640000d417130000000000ffffffff
279,6049,52271,1.244365324,1.487151061,2.818658033,0.000003566,1.873115241,4.883386101,2.441414862,15beef31a14f304cc0a195ed0d78400210100000604f470801000000ffffffffdf1d8f504a331002,d83f3d4dab6b382c362f3d35b39226dceafde73f1a6c2002190000008578010100000000ffffffff
280,6050,52272,1.242748119,1.489028426,10.558655644,-0.189247851,1.285555178,1.136787733,9.532240490,ebbd1132bdb8a7ba28c616f20d78400210100000655b2d1200000000ffffffff21244d477b2e7012,a52cac23ca383e34323d363acf4aaec8c5e222081078d0001d5c3002836c0e0100000000ffffffff
281,6051,52273,1.246714121,1.470089125,2.692956422,0.000003566,1.925184515,5.972416537,3.537832340,52beba30ec4dfb4ca10123d70d90e001101000007051320903000000ffffffff941c504ac02e7003,d83fec50757ab824b9293938000023ddad02a87d1968b00100000000fa04000000000000ffffffff
282,6052,52274,1.245212431,1.490077542,9.669252024,0.257485605,1.232215922,0.750478205,8.977005254,2bbe2432a9acedae978535eb0d90e001101000005a4f4c0703000000ffffffffde1e0b48922d50fe,f759e61f8b336244ad3dac39254cfe48da41d6400d5c000120784000776c1c0000000000ffffffff
283,6053,52275,1.246098043,1.485384129,1.787732233,-0.169533360,1.311451773,1.268817572,1.517740807,42becf31a14104ba8cd597e60d90e0011010000064543c0704000000ffffffff016542155a6a98ec,a52e8125953a973a3c3d763a964980cc3073820c1078d0010d5c3002a9311e0700000000ffffffff
284,6054,52276,1.088420616,1.588528777,2.890569710,-0.200876321,1.309408758,1.196330602,2.147240260,43ae1b399b50efc78c915d603480300300000000e716020000000000ffffffff48690413446d38d8,772b5c259939bf3d313d563abd4ab5ca01f3420a1078d0001d8c70018e61080700000000ffffffff
285,6055,52277,1.074674379,1.585767946,2.926237902,-0.218819588,1.367717510,1.217616458,2.154079821,deace9381751edc8cb29af6634cc000235000000f608020000000000ffffffff6f6739243b683fb5,a5297c29e3392d4e2b3d773ac04a1acc4613650b1078d0010d8cf00176661e0500000000ffffffff
286,6056,52278,1.169242330,1.377159552,2.904952046,-0.297022971,1.543416798,1.324908680,2.161969575,76b6272acd508cca0ac30f2220d0700100000000f906000000000000ffffffffff216b1e9f5acdc3,b621ea35583b1750133de83a4c4c52cf4167830f1d40e0011f3430027d413f0100000000ffffffff
287,6057,52279,1.234200039,1.453027189,2.849723878,0.155755749,1.759148136,4.401577866,1.914419735,0dbd852f0d50a0446bfe1bc52398e00100000000ff00000000000000ffffffffa921231f0d5358c4,a54f2d4520658f570334b239a64845dbc6963e4e1b88a00121640000c62b0e0000000000ffffffff
288,6058,52280,1.234161534,1.480248983,2.857202692,0.174854163,1.759479435,4.482406591,1.959946291,0cbd72312750dc494d0aecc42378d00000000000fd01000000000000ffffffffe221ad49e52da003,955133453966ef5ebf33d639394976db8f0a7e4c1b68200221640000cb1b190000000000ffffffff
289,6059,52281,1.245597479,1.473346906,1.709492328,0.248552476,1.859311086,5.834058470,4.260881710,35bef5309140123d706d26e10d90e001101000006a53390603000000ffffffff1b151f4a0058d14f,0f59434c9478ddac51347b2c144b01dd87fd2c0a1968b00100000000f607010000000000ffffffff
290,6060,52282,1.241746993,1.552637973,2.910704980,0.000003566,1.954835840,6.125156938,3.469350264,d1bd9136e15099cc0c29a1a91e40d00117343002f802020101000000ffffffff4d209049162e8801,d83f0553887c802389286738000046dd15fee77f1968b00100000000fe01000000000000ffffffff
291,6061,52283,1.245597479,1.478923784,1.477073789,0.056490204,1.889901094,6.301772017,4.986039657,35be5a31693dc234917117e70d90e0011010000064563c0603000000ffffffff96127633cb53ef62,93456d4eee7e4425e222973873426fdd7531ef1f1968000000000000ff00000000000000ffffffff
292,6062,52284,1.249178432,1.559319185,2.938894357,0.030345400,1.909226911,6.308100245,3.599935789,92be0a37435144c0b4b1a1a71e8c00010d000000b748000000000000ffffffffc62bf62d6d5639b7,ec42cb4f047fec27c0249b38733e70dd79f90b381968000000000000ff00000000000000ffffffff
293,6063,52285,1.250526102,1.580688017,2.712228751,0.085060815,1.897410555,6.103295789,3.599716399,b5be8d382f4eaab440ceafa41e8c00010d000000a358030000000000ffffffff9a10ab29ff4ed0d4,7948f54e3c7cd825bf2bba3be04441ddb24b9f2c1968b00100000000fd02000000000000ffffffff
294,6064,52286,1.238743613,1.497090053,2.972261375,0.108818317,1.856991988,6.019015303,3.269399039,83bda332b7510b48299e60982378d00000000000bd42000000000000ffffffff8617672328602cce,e24a194c177bd02f902c9f3b56462eddd4bb4f271968b00100000000fa05000000000000ffffffff
295,6065,52287,1.238243050,1.435302654,2.922498495,0.465950951,1.974327307,4.738699807,2.045866533,76bd442e0a5188c495c2c0922398e00100000000fe00000000000000ffffffffeb19db49725d9f67,1d6f6654b469fc25582a5a34cd4e00dc10c3fd751b68200219000000b648010000000000ffffffff
296,6066,52288,1.240861381,1.560423517,2.873023261,0.233959132,1.766547163,5.725615661,3.032098695,babd1e375e502dceef9853a71e740001178cd000dd100b0601010000ffffffff0d29fb2eb641b824,9457b3451b77dace6934072ed14aeadcbf2c3f121968b00100000000d822050000000000ffffffff
297,6067,52289,1.255878279,1.521385366,2.708201698,0.054757485,1.920601535,6.075394058,3.597227975,40bf5b34214e314c41647ed01e34300210900000d423060300000000ffffffff02671e21f06591b9,66459950db7b282d81274f38ea413addbcae8c791968b00100000000fd02000000000000ffffffff
298,6068,52290,1.164005668,1.378263885,2.905239692,0.233959132,1.766547163,5.725615661,2.995041080,eeb53b2ace50a6c8e4b25f5720d0700100000000f708000000000000ffffffff6611f92e75397429,9457b3451b771da4be34da29d14aeadcb42f3f121968b00100000000d822050000000000ffffffff
299,6069,52291,1.225459434,1.620830500,2.964207267,0.108818317,1.856991988,6.019015303,3.261059915,2abc643b9b51384e87d4c0e21e8c40020d000000fc02010000000000ffffffff202413253c3c6005,e24a194c177b2032a1252f3856462eddfaba4f271968b00100000000fa05000000000000ffffffff
300,6070,52292,1.224573823,1.620167901,2.837067423,0.063190051,1.888078946,5.998017094,3.378193514,13bc583be14ff54e4e098a431e8cd00000000000c43a010000000000ffffffffa6210d5a4754433f,41464c4ece7a9c2d1a283238da4227ddf492fc781968b00100000000fa05000000000000ffffffff
301,6071,52293,1.236510331,1.538612952,1.373233327,0.069735878,1.910993843,6.221806232,5.000868861,49bd9335003c0000896171b11078d0001d5c0000b644040100000000ffffffff651085272e44280f,eb46eb4fd87df03052247b3857435bdd55124f2e1968000000000000fe01000000000000ffffffff
302,6072,52294,1.225574949,1.629057777,2.976863723,0.398259396,1.392730639,-0.031633193,3.129114129,2dbcf93bc751ea4c474f43081e8cd00000000000b549000000000000fffffffffc0d462a19437b58,3f68412bec28fc32ea3dcb38094ebd50c615df1104348001174c2000a45b000000000000ffffffff
303,6073,52295,1.251912277,1.541152916,2.988081944,0.085060815,1.897410555,6.103295789,3.345596978,d9bec135ee51ba4cfc9de0a01e8cd00000000000cb34000000000000fffffffffc0d462a1943f4d2,7948f54e3c7c342e7e255138e04441ddc44a9f2c1968b00100000000fd02000000000000ffffffff
304,6074,52296,1.226114017,1.625910429,2.988081944,0.248552476,1.859311086,5.834058470,3.018225442,3bbcc03bee51ba4ca09ce0a01e8cd00000000000cb34000000000000ffffffff0f1d5f1e3e5206c3,0f59434c947897665934a92b144b01dd74ff2c0a1968b00100000000f607010000000000ffffffff
305,6075,52297,1.235008641,1.482788948,2.889994417,0.222523187,1.873612191,5.775090895,3.082474865,22bda03199504c4a43aab6c02378d00000000000fd02000000000000ffffffff212a34244855e2be,6b56464dc777480b8a344c2c7f4af6dc3431d47b1968b00100000000ee0f020000000000ffffffff
306,6076,52298,1.231697223,1.475942087,2.729775201,0.253019041,1.879686019,5.829456123,3.275491103,ccbc24316c4ee9466b426ecc2378d00000000000fa05000000000000ffffffff6e118a2c863ce837,8359b44d847818196034052c314b00dd91539e321968b00100000000f707010000000000ffffffff
307,6077,52299,1.225420930,1.622983949,2.964207267,0.244740495,1.843629566,5.790048524,2.999299487,29bc8b3b9b51e64dcf6030db1e8cd00024000000f509000000000000ffffffff5f12622a473b380e,ac58274bfb77819e7d34302b204bf9dcb36fde101968b00100000000f00d020000000000ffffffff
308,6078,52300,1.226537571,1.623260032,2.962193740,0.203848327,1.769860160,5.788610290,3.009321419,46bc903b9451804efca233c51e8cd00024000000f509000000000000ffffffff4314fd2bb6373c26,8654ef45f6776bb192348c2d7449f5dc1720ee211968b00100000000e317050000000000ffffffff
309,6079,52301,1.226345046,1.621327450,2.949249639,0.230031636,1.860912368,5.836934937,3.064109614,41bc6d3b6751054f7e48e3d81e8cd00024000000fc02000000000000ffffffffe20f1f293e3b7755,2e57604c9e787daa5c34632cac4a02dd3554c2111968b00100000000f608010000000000ffffffff
310,6080,52302,1.226229532,1.624309147,2.979452543,0.234613715,1.883275100,5.826004362,3.025429317,3ebca33bd051ba4e0212c4841e8cd00024000000f20d000000000000ffffffff66268023763d442b,a557f54d787820086534302cc34affdc0945c43b1968b00100000000f608010000000000ffffffff
311,6081,52303,1.224073259,1.619450085,2.804850991,0.242045154,1.872066126,5.855056680,3.214334893,06bc4b3b714fef4ea9ba6a851e8cd00000000000b44b000000000000ffffffffc424b327143d4c42,66582a4ddd7820054f34282c084b08dd3b4de8231968b00100000000f707010000000000ffffffff
312,6082,52304,1.225074386,1.618897919,2.814918626,0.044014628,1.931147910,6.140114567,3.542503388,20bc413b944f654e91f10fdd1e8cd00024400000d429020000000000ffffffffc424b327143d173b,4f445851bc7cd82ce7266538a1424add76923c7a1968b00100000000fe01000000000000ffffffff
313,6083,52305,1.254068550,1.532207824,2.814918626,0.230917248,1.846445613,4.471188369,1.972007464,11bf1f35944f654e10f00fdd1e8cd00024400000d429020000000000ffffffff202413253c3ca00a,45575a4b1266e35cd02dd432c64a6bdb730b6f571b88a00121640000d417130000000000ffffffff
314,6084,52306,1.253799016,1.534471705,2.837067423,0.244740495,1.843629566,5.790048524,3.135900998,0abf4835e14ff54e33098ac31e8cd00000000000c43a010000000000ffffffff9010aa2c2e39a42b,ac58274bfb77dfb86534e72c204bf9dc0c6dde101968b00100000000f00d020000000000ffffffff
315,6085,52307,1.225882988,1.621990049,2.972549022,0.338884892,1.924356266,4.594588807,1.873286954,35bc793bb851a94e91d460e01e8cd00024000000fb03000000000000ffffffffb025dc252d41f428,3962dd50bf677c37852c0334ff4cb1db61fb5b751b68200219000000dc1f050000000000ffffffff
316,6086,52308,1.254376589,1.534747788,2.812905099,0.146360562,1.828279345,5.724177428,3.128796392,19bf4d358d4fed4d637c6ecf1e8cd00000000000a758010000000000ffffffff5f29db28e9475e39,b14e114a1677b010cf34cc2c4348eadcc2d9873f1968b00100000000d726030000000000ffffffff
317,6087,52309,1.255993793,1.533974756,2.748184590,0.216246894,1.841696984,5.800979099,3.239648268,43bf3f35ac4e134c33a46fd91e8cd000100000008e6e020000000000ffffffff592654248d461426,c855044b21788b527934ba2c504afcdc160452191968b00100000000f00d020000000000ffffffff
318,6088,52310,1.254800142,1.538116002,2.820959207,0.152559845,1.039675565,0.199922406,2.886730062,24bf8a35a94f154d9e30aecc2378d000000000009667020000000000ffffffffe066f11f527239a9,524f4712112c893e883d1e39aa48c74f36ba6c060d100001025c0000bf40000000000000ffffffff
319,6089,52311,1.116221129,1.581571483,2.896322644,0.139391181,1.021067564,0.031361436,3.078370367,15b19d38af5049cd9a694f263480300300000000a55a000000000000ffffffffde2732283f42ec31,fc4df610c729b637883df63855488f5021464c0504342000030000008b6c080000000000ffffffff
320,6090,52312,1.254915657,1.532318257,2.769470446,0.220443924,1.090640506,0.189567125,2.814447042,27bf2135f64e564d2a2cafd51e8cd00010900000bf3e020000000000ffffffff836fab29fd4ee9aa,3556e215ed2bf53a993d1c39aa4ab24f23966d090d10700110602000bf40000000000000ffffffff
321,6091,52313,1.165122309,1.497090053,2.972261375,0.435686126,1.464567463,-0.040550241,3.100027210,0bb6a332b7510b4836667f18205cd00000000000bc43000000000000ffffffff2072462a124329ad,0b6c5630cd288e35fc3dc538a54ac14ccf19bf1104343001185c3000c23c000000000000ffffffff
322,6092,52314,1.060427578,1.625910429,2.988081944,0.346277827,1.959915769,4.748192149,1.928615402,6cabc03bee51ba4c9f60ef201780d00000000000cb34000000000000ffffffff9870bd28dd496ebd,f9626153d569d026c02b8b340f4d03dc1bda667f1b68200219000000b746020000000000ffffffff
323,6093,52315,1.163312581,1.508133377,2.980603130,0.225873110,1.815248223,5.671538080,2.866050104,dcb56b33d451bc4a236a1f14205cd000000000008778000000000000ffffffff651085272e44714d,c25625495f76c80edb34552b944adedc4317bd371968b00100000000ce2e030000000000ffffffff
324,6094,52316,1.252412841,1.542257249,2.976863723,0.488091249,2.005524698,4.883386101,2.105619103,e6bed535c751ea4c7b4e43881e8cd00000000000b549000000000000ffffffff840fbd28e149df3d,5c719b56ab6bf8299f26bf341c4f24dc58676b771a6c2002190000009865010100000000ffffffff
325,6095,52317,1.252143307,1.547005878,2.980603130,0.178974183,2.034071691,2.557474823,1.252183149,dfbe2b36d451bc4a3a9610942378d000000000008877000000000000ffffffff3460ee27156b41b6,0052a058154c05b7b338a13a33495dd736828f291f84d00122000000c833030000000000ffffffff
326,6096,52318,1.179638644,1.372410923,2.838218009,0.260835529,1.101683830,-0.099805463,3.090222362,84b7d129e54f45ccfa32d73b20d0700100000000fb04000000000000ffffffff1e63c2275d6b64bb,4e5aaa16ff273033a93dca38bd4b2751076ede0d0434200003000000c523160100000000ffffffff
327,6097,52319,1.176827789,1.372410923,2.866119740,0.225873110,1.815248223,5.671538080,2.995128000,3bb7d12946505ecc08575b3820d0700100000000fa05000000000000ffffffffd162e926186e4fc4,c25625495f76763562265f37944adedcba15bd371968b00100000000ce2e030000000000ffffffff
328,6098,52320,1.176866293,1.330391074,2.863530920,0.163071674,1.791725942,5.859946674,3.196735329,3cb7d8263d50e1cc012b1c3820d0700100000000f00f000000000000ffffffff37773701c65c9f68,63507b47ee78d027b625dd37ad4808dd7aca1e2f1968b00100000000ec10030000000000ffffffff
329,6099,52321,1.192075716,1.443585147,3.070636549,0.133153393,1.817291238,5.935022465,3.076634427,c7b8da2e0d5376494709cc5039e8500334000000fd02000000000000ffffffff4278050187603f50,5a4d4a49f379e428d2250d38cd471bddac2eef2b1968b00100000000f30b010000000000ffffffff
330,6100,52322,1.192499269,1.461420116,3.076389483,0.069042791,1.837666171,5.811622027,2.980807377,d2b81d302153da463467ce0d39e8500334cc0000f10d010000000000ffffffffc467060c4369c0f5,d946bb4a467888289c29de374044fedc72f2b97e1968b00100000000e419020000000000ffffffff
331,6101,52323,1.119340023,1.538833818,2.912143213,0.246550223,1.846445613,4.513472435,1.849497858,66b19735e65016be784a9c6f34cc500336e880038872030200000000fffffffff266451ddf6a94d6,db585a4ba5665767522d1533564b84db5443ce511b68200219840000d617120000000000ffffffff
332,6102,52324,1.115412527,1.585988812,2.904089105,-0.100455630,1.672016308,4.535908878,2.036804329,00b1ed38ca5053ca726d7f5920d03003000000009a65000000000000ffffffff87149c258558ccd0,a735033ff366874df131a23917c69cdb5a35c3461b68200221640000c62f0a0000000000ffffffff
333,6103,52325,1.238204545,1.471524757,2.949537285,0.268266968,1.908122579,4.513760082,1.891610298,75bdd4306851d73d64b250942378000000000000fc03000000000000ffffffff06176d261663acd3,0f5bb74fa6664943952d7333f64b81db7a9bdc701b68200219840000db160e0000000000ffffffff
334,6104,52326,1.239590720,1.428897526,2.920484968,0.442116438,1.957927971,4.773792706,2.085806322,99bdd02d03518cc8d86aa09d2378600200000000fe01000000000000ffffffff87131c29ac5bd4d5,b26c3d532e6a3813a5296e34754e0adc02eb2c391b68200219000000ad51010000000000ffffffff
335,6105,52327,1.239475206,1.467383511,2.950400225,0.342119301,1.870851360,4.603505855,1.923744304,96bd89306b5183c39982509a2378000000000000f50a000000000000ffffffff4f730f2cfe3e7cd7,8d62144dde67676b252cca330d4dbadb5abb4d4f1b68200219000000d624050000000000ffffffff
336,6106,52328,1.074250825,1.626849112,2.993547232,0.427715618,1.189036525,-0.402697446,3.484847995,d3acd13b0152634dc338ff5d1780d00018000000e519000000000000ffffffff6871622d26439dba,3c6bd81ce223002fcb3d57380b4ee9521d7abf18040830000d4c4001735d2f0000000000ffffffff
337,6107,52329,1.073634747,1.624474797,2.979452543,0.301881716,1.203227196,0.000870885,3.105640188,c3aca63bd051414ccdf45f211780d00018000000dd22000000000000ffffffff566e6526fb4bd4b8,785ed91d5d299835bc3de638ab4c9450af05ef1004342000036070018e70000000000000ffffffff
338,6108,52330,1.160963784,1.502390848,2.969672555,0.203848327,1.769860160,5.788610290,2.988983069,9fb50333ae517f4a2806df10205cd00000000000c639000000000000ffffffffbd6d622a3f3bf0bf,8654ef45f677c42abd2e643b7449f5dcc623ee211968b00100000000e317050000000000ffffffff
339,6109,52331,1.049030138,1.624309147,2.962193740,0.464025707,2.061790435,5.375837265,2.521764288,44aaa33b9451804e11624c451780d00018000000f509000000000000ffffffff15202c4bc02e7800,eb6e965a5b72918c5234bd28b24e97dcf0be243c1a64b00122000000eb11040000000000ffffffff
340,6110,52332,1.244942897,1.478371618,1.754365215,0.146360562,1.828279345,5.724177428,4.133851421,24be50312d41903cca3de7eb0d90e0011010000063543f0602000000ffffffff6d1f495b3344be32,b14e114a16772c2abf288c374348eadcb0d9873f1968b00100000000d726030000000000ffffffff
341,6111,52333,1.238281555,1.516415870,1.373233327,0.080401726,1.854396807,5.914887195,4.699099559,77bd0134003c00007e1923b91078d00017900000a744140000000000ffffffffba1f915747582f48,0048ea4bad79342b69281238c94314ddc3e23b7b1968b00100000000f30b010000000000ffffffff
342,6112,52334,1.236856875,1.545625463,2.574445978,0.079208075,1.830819310,5.721013314,3.364873292,52bd1236504cddc968e991b21078d0001d5cf001965c060402000000ffffffffc11f3c31cb580f7f,e1473f4a0b77bc28342a9b37a044e9dc0422f87f1968b00100000000cd30020000000000ffffffff
343,6113,52335,1.249293947,1.573233773,2.860079159,0.427215055,1.419952433,-0.166251853,3.139743344,95be063831507ac511a6c6ab1e8c00010d740000926c010000000000ffffffff04213356185e8753,2f6b2e2d1827c034f43da038914a684db57daf1504343000024c4001e912020101000000ffffffff
344,6114,52336,1.236279302,1.554570555,1.373233327,0.408116642,1.452916756,0.097232532,1.524586802,43bdb436003c00007ff560a91078d0011734f0018e52170702000000ffffffffa71f7132c5597f7e,3f69832fac2af234f53dec38394e2050d9295f120d10800117403001a255050300000000ffffffff
345,6115,52337,1.248716374,1.573344206,2.858928572,0.047942124,1.247345276,1.302759884,1.992434463,86be08382d503ec7097656941e8c00010d740000a15d010000000000ffffffff4919e2325358977a,b544f8200b3b3842763d6c3afe437ccc38eb3a081074d0001778f001d5190a0601000000ffffffff
346,6116,52338,1.248908898,1.567712111,2.896897938,0.099923693,1.235970652,1.250120536,2.035213799,8bbea237b15027c6fce534971e8c00011d340000a05f000000000000ffffffff3c1fcf4a9c2e9801,fb492a20543a6645843d533ae3472ecb13e7db07105cd0001d78f001d5160e0601000000ffffffff
347,6117,52339,1.245058411,1.481463749,2.799098057,0.047287541,1.214380954,1.264790518,1.964710640,27be88315d4fea4ca091a6ea0d90e001101000006255410602000000ffffffff931ca2535436b011,a444a31e873ae044763d513a1b4439cb09abda05103470011d78f001e00f080601010000ffffffff
348,6118,52340,1.241631478,1.495378338,1.373233327,0.094533012,1.213166188,1.192303548,1.195079149,cebd8432003c00008eb5a2ef0d78000124100000645e281500000000ffffffff581ca956583a680c,6f498d1e8b39d047843d363a00482ec9eb16cc06105cd0001e74f001cd1a150101000000ffffffff
349,6119,52341,1.240553342,1.500458267,1.373233327,0.058916011,1.309850491,1.376397441,1.196916086,b2bde032003c0000f76534f51e40d000245c00005553520400000000ffffffff50120a2e41502f61,d24564250b3cee3d793dae3a7b4485ce4a8f7b0a107470010d7ce001995e030302000000ffffffff
350,6120,52342,1.250949656,1.555454021,2.952989046,0.094263478,1.181858364,1.129308919,2.191644550,c0bec43674517d444f36919f2378d00000000000807f000000000000ffffffffe4147d309f55bf64,6849561cb0381148853d193a2d482cc6dacafc07103470011e740002b824220200000000ffffffff
351,6121,52343,1.250025539,1.562521749,2.929689662,0.489900977,2.054115325,5.406040169,2.636620076,a8be4437235112c0130ae2ad1e8c000100000000827d000000000000ffffffffae0dc02c5b4a6940,8b710b5ac472c9897034e728214fa2dcb91e0a2b1a64b00122000000e814030000000000ffffffff
352,6122,52344,1.251257695,1.547834127,2.985205477,0.500066262,2.054336191,5.371234918,2.552247911,c8be3a36e4515049fc15809b1e8cd00000000000ad52000000000000ffffffffab0d542fc94edf5b,93720f5a4b7291995a346e291e4f97dc83109e741a64b00122000000ec10040000000000ffffffff
353,6123,52345,1.250603112,1.552472324,2.979164896,0.502222534,2.026341364,5.381590199,2.560521957,b7be8e36cf51ce4408cef09e1e8cd00000000000af50000000000000ffffffffc62bf62d6d56a6bb,cb7214586f72823c7834d727214f98dc1d9fdd0d1a64b00122000000eb11040000000000ffffffff
354,6124,52346,1.228270290,1.484114147,2.712228751,0.000003566,1.832807108,5.732231536,3.278817278,73bcb8312f4eaab4f3ceafa41e8c00010d000000a358030000000000ffffffff15686016016d28d7,d83f634a3277242ae32bb9373f02ecdc4106a87f1968b00100000000cd30020000000000ffffffff
355,6125,52347,1.090923432,1.585657513,2.914732034,-0.229639456,1.766988896,4.640324633,2.180467205,84aee738ef50c0c9ab312f663480300300000000f00d020000000000ffffffff82656212216b18f0,8c28bb455e683d4dac30af39cbcad6db0f1d13481b68200219840000c436050000000000ffffffff
356,6126,52348,1.073442223,1.588528777,2.892870884,-0.172113186,1.674887572,4.968817173,2.422482015,beac1b39a3507cc6aa11ad6234cc000235d80000f307050000000000ffffffff3d2c522b475206ce,622e373fd46c375d0230293a03c93edc46e9b3441a6c9001220000009c57070500000000ffffffff
357,6127,52349,1.229579455,1.489414942,2.698997003,-0.151089529,1.661414717,4.805433843,2.524461711,95bc1832014e2e45c0c29fe5237800010d000000817c020000000000ffffffff4967b321786bd4c2,8430433e9c6a8f5aa230fd396bc819dc572d14441b682002190000008c70020200000000ffffffff
358,6128,52350,1.168741767,1.274346204,2.904664399,-0.299410273,1.762681999,4.793065035,2.441310964,69b6e122cc50aacb16df3f2520d0300300000000db24000000000000ffffffffff2bdb27425138c8,78216d45716ae754a82fd73962cc14dc201943471b682002190000009a62020100000000ffffffff
359,6129,52351,1.230580582,1.487924094,2.689792308,0.116711815,1.947050297,4.538785345,2.206870126,afbcfd31e14d22488bb6dfd9237800010d000000d52a000000000000ffffffff751c9b47bb2d0006,af4b7852fd662433422ff533e7468cdb0bd6f77f1b68200219840000e412090000000000ffffffff
360,6130,52352,1.246136548,1.492948806,2.837067423,-0.322551698,1.771240576,5.126447569,2.789173816,43be5832e14f4c4c4d6d85e62434e0011010000057544c0701000000ffffffff5513de26495578cc,1f1f0846f86ee3595e2d323ab3cc60dc3c7102091a6c900122000000d127060100000000ffffffff
361,6131,52353,1.238320060,1.480580283,2.957016100,0.461638406,2.002377351,5.202961594,2.433059336,78bd78318251a443607630962378000000000000f609000000000000ffffffffde28a92dc141d03d,ad6e62560270019eab33962ab94e71dc51b82e711a6c900122000000f00c030000000000ffffffff
362,6132,52354,1.255685754,1.523980547,2.718269332,0.429486842,2.051575360,5.314568516,2.775199161,3bbf8a34444e704c05849fdd1e34300210900000d91a0a0200000000ffffffffdb263f2f9e3d4e30,6a6bdd598671818c1e348928434e8cdcc4d6443d1a64b00122000000ef0a050000000000ffffffff
363,6133,52355,1.254838647,1.520667550,2.740418129,0.465142348,2.040145520,5.392520774,2.815515236,25bf4e34914ef64c101c5fd81e34300210900000d624030200000000ffffffff50120a2e415050dc,086f0e599572273a5f346228bb4e9cdcee8bf3171a64b00122000000e913030000000000ffffffff
364,6134,52356,1.239975769,1.498304818,2.952989046,0.502222534,2.026341364,5.381590199,2.592528879,a3bdb93274517d441d37919f2378d00000000000807f000000000000fffffffffe173b4d6a59c354,cb7214586f72ecdd6834ec29214f98dc5a9cdd0d1a64b00122000000eb11040000000000ffffffff
365,6135,52357,1.240476332,1.552417107,2.894021471,0.353940295,2.000886502,5.592147589,2.875231381,b0bd8d36a75059cd0589a1a91e40d0010d5c3002e90a060403000000ffffffff7a66131f11692dc6,c06347564b75d76f6834db3b184dcbdc3262453d1968b00122000000916d010000000000ffffffff
366,6136,52358,1.163736134,1.278156151,2.900637345,0.353632256,1.976370322,5.614008739,2.916531441,e7b52623be50cfc917ab6f5a20d0300300000000d52a000000000000ffffffffba123d25e04eb6c8,b8638b5497753f777a34df3b254dcfdc0106a41a1968b001220000009e60010000000000ffffffff
367,6137,52359,1.237511458,1.495102254,2.964782561,0.490170511,1.996855689,5.325211444,2.526242172,63bd7f329d51804938ca70922378d00000000000e916000000000000ffffffffcf22d34c9363d352,9271fe55ab7118173a34c62a214f8fdc78183e0c1a64b00122000000ef0b050000000000ffffffff
368,6138,52360,1.237703982,1.571466841,1.373233327,0.488168258,2.036777306,5.312267342,4.036620691,68bde637003c00003565309f1e740001177cd0006653400501000000ffffffffaa0fee2f033e2db0,5e71d1587e71899e2e34dc291b4f8cdc530c4e711a64b00122000000f009050000000000ffffffff
369,6139,52361,1.227731222,1.625744780,2.969960202,0.377197234,2.035672973,5.238342139,2.457031909,65bcbd3baf510a4db88010e11e8cd00024000000f708000000000000ffffffff6e118a2c863c6634,1c66bd587d70f98aac3330287e4d79dc8bc6a53e1a6c900122000000ef0a050000000000ffffffff
370,6140,52362,1.251565734,1.536404287,2.964207267,0.077898910,1.345133912,1.409189165,1.957590219,d0be6b359b51e64d2a6130db1e8cd00024000000f509000000000000ffffffff63221e50b8610f52,bf47e3277d3c76377c3dd83a6645d8cf49ef4b0c1d40f0011734e0018672040201000000ffffffff
371,6141,52363,1.237241923,1.564619980,1.373233327,0.159760255,1.401178782,1.380999788,1.089834890,5cbd6a37003c00004971e0a11e40d0011734f00167503f0800000000ffffffff1b143035ff522f63,0d50da2b1b3cd23c913de03af948c5cf029ffc091d4070011f340000876b0a0301000000ffffffff
372,6142,52364,1.248562354,1.558490935,2.927388489,0.000003566,1.356342886,1.463842040,1.934355471,82befb361b5180c0bc6951a21e8c00010d000000cc33000000000000ffffffff4314eb23615296ca,d83fae283b3d9443673d2b3b000054d1440348071d40f0011e5c0000b640090000000000ffffffff
373,6143,52365,1.237280428,1.485660212,2.954427279,0.145898503,0.992078838,-0.098654876,3.279641402,5dbdd431795133482c0aa1902378000000000000f906000000000000ffffffff46202455cc5d6b5a,a54ee90e0328d232883dcf3835483551320e2c050408d00003000000bc22200000000000ffffffff
374,6144,52366,1.236741360,1.554349689,2.560351290,0.139044637,1.365232762,1.350509237,1.644512420,4fbdb0361f4c82cb47b951aa1078d0011734f0018458170a02000000ffffffff1b238b49e4645356,f34d4f29b13b093b8e3db63a8b487dce5997bc0d107470010d7ce0018666100201000000ffffffff
375,6145,52367,1.238320060,1.575221571,1.373233327,0.288289498,1.617241420,1.491168477,0.958244455,78bd2a38003c0000588dc0981e740001177c3002665e360301000000ffffffffaf23f8515f62bf63,175d233b9a3dd43bb03d953be64b64d2aa72ce0e1d40f00117780002be33090500000000ffffffff
376,6146,52368,1.236433321,1.564896063,1.373233327,0.297030103,1.543416798,1.324621033,0.940905373,47bd6f37003c00003a1552a51078d001177cd00065563e0500000000ffffffff9321e658cf575748,fa5dea35573b7c30bc3deb3a4c4c52cf459b9c0f1d4070011f80d0007e413f0100000000ffffffff
377,6147,52369,1.236356312,1.544300264,1.373233327,0.388787199,1.759976385,1.489154950,0.882228662,45bdfa35003c00005ea162b51078d0001d5c0000af48040301000000ffffffff4814ed26623c3035,49673c45933dad40cd3dac3b374d5ad290023f111d4070011f780002a1470b0b00000000ffffffff
378,6148,52370,1.252643870,1.536790803,2.953564339,0.238425697,1.415148587,1.257599351,1.979831451,ecbe72357651c24eb8b5c0d41e8cd00024000000e619000000000000ffffffff1e1c3d1fcf4ceabf,0858d72c6e3a642eab3d9a3a214b1bcd3e1f0b0c105cd0010d7c00026552450200000000ffffffff
379,6149,52371,1.235124156,1.496593103,2.902650872,0.092068701,1.421885015,1.510440807,1.802888221,25bd9a32c550484c7bd625c22378d00000000000f30c000000000000ffffffff4a1fd434be5ab77b,2f49512ddd3d4f3c7f3d7d3b8f456ed26d0a4c051d40f00117780000ca24110000000000ffffffff
380,6150,52372,1.247715247,1.573233773,2.853750932,0.051985135,1.278542667,1.347345123,1.945731690,6cbe06381b50ecc8f365a5901e8c00011d340000c33a020000000000ffffffff3012133889530f67,1e452d23a63b6541773d8e3a22448dcd36176b081074d0001778f001b93b050401000000ffffffff
381,6151,52373,1.247676742,1.557883552,2.934579656,0.389788325,1.964664399,5.601352284,2.830745386,6bbef036345191c4cfb961991e8c00010d740000e718000000000000ffffffffd317c737fa57cf6e,6367b7536b75a0195034ea3b894dccdcf4646e131968b001220000009866010000000000ffffffff
382,6152,52374,1.247368703,1.565448229,2.898336171,0.377351254,1.990892294,5.619186380,2.888071826,63be7937b6505bc8a88d829a1e8c00011d340000e01f000000000000ffffffff8b250933a85ae77e,20669255a975d76a6e34e83b7d4dd3dc8600cb2d1968b001220000009d61000000000000ffffffff
383,6153,52375,1.248446840,1.576546770,2.787304542,0.457364365,1.940589952,5.252436827,2.614424622,7fbe4238344fd5c7303a17911e8c00010d740000b741060100000000ffffffffc12c6e294a55cdc0,3e6e0352ae70343c3734ad1ca94e7ddca1020f121a6c900122000000ee0a070000000000ffffffff
384,6154,52376,1.229733475,1.480469850,2.663041164,0.457364365,1.940589952,5.252436827,2.741027991,99bc7631844dbe42a3fedfdf2378d00000000000c33c000000000000fffffffff127d928226597b2,3e6e0352ae707422f8330e2ca94e7ddc3d000f121a6c900122000000ee0a070000000000ffffffff
385,6155,52377,1.244172799,1.417633335,2.728049320,0.490170511,1.996855689,5.325211444,2.765731202,10be042d664ea5c97a5ffea72378600200000000fe01000000000000ffffffff6b29132de45fddbf,9271fe55ab71363b61340525214f8fdc631a3e0c1a64b00122000000ef0b050000000000ffffffff
386,6156,52378,1.244403829,1.452530240,2.718269332,0.331183919,1.942577750,5.451775996,2.923384314,16be7c2f444e4ec892ff0dad2378000000000000d32c000000000000ffffffffa12a7a29695e2bb4,7161275263732a3705249136d34cacdc7dca5c791a64b00122000000b14c020000000000ffffffff
387,6157,52379,1.245212431,1.442259948,2.677135853,0.434415465,2.017175405,5.354551408,2.855954054,2bbec22eb54d24c586a71fa02378600200000000ef10000000000000fffffffffd5b13253b3c6008,ea6b6e5711720a313e345527554e96dcea4b43171a64b00122000000ec0f040000000000ffffffff
388,6158,52380,0.922580158,1.617904019,2.837067423,0.346701380,1.877643004,5.490033008,2.727146330,709d2f3be14ff54e14f685431780d00018000000c43a010000000000ffffffffc65d0d244f40e18d,04638f4de87359a6dc34c23b0d4db5dcc347af141a64b001220000009964020000000000ffffffff
389,6159,52381,1.042407301,1.624750880,2.860366806,0.322674344,1.993100959,5.544398236,2.803162861,98a9ab3b3250624ec308f3461780d00000000000a05e000000000000ffffffffb76f85272b44ef6f,9460ba55a5743f6c6234c73bb34cc2dcaf46343c1a64b001220000008579010000000000ffffffff
390,6160,52382,1.043292913,1.629057777,2.976863723,0.331183919,1.942577750,5.451775996,2.594337055,afa9f93bc751ea4c4fcf8c881780d00000000000b549000000000000ffffffff485a22272038b015,71612752637367612834af3bd34cacdc72c95c791a64b00122000000b14c020000000000ffffffff
391,6161,52383,1.003247852,1.617462286,2.791331596,0.000003566,1.287156460,1.387615662,1.756706993,9fa5273b424f3f4f05aef2501780d00018400000ee0f020000000000ffffffff135e122a3c35b005,d83fc923323c3d40683da93a00007fce410328071074d0001f787001a059030101010000ffffffff
392,6162,52384,1.020151488,1.614701455,2.846847411,0.383473527,1.934074391,5.559355864,2.804471431,56a7f53a0350674f9dd985531734000218400000f606020000000000ffffffff7c63b91e834fe4bd,bf668d51d974419eac34dd3b944dc5dca8c72e101968b001220000008777010000000000ffffffff
393,6163,52385,1.150413450,1.489856675,2.896322644,0.195454266,1.497807869,1.515618447,1.678795504,8db42032af506e4b4d82f940205cd00000000000fa05000000000000ffffffffbd6d622a3f3b663b,ac53b032ef3da235973d873b954973d2ca868d0c1d40f00117000000c725120100000000ffffffff
394,6164,52386,1.201355388,1.535741687,2.962193740,0.186944691,1.439499117,1.418969154,1.849279271,b8b95f359451804ed7614c451780d00018000000f509000000000000ffffffffb40e622d2e437544,cf52902e9f3cda3a953d0f3bb349a3d0e2beac091d4070011f000000a64e060500000000ffffffff
395,6165,52387,1.251219190,1.540821617,2.979452543,0.329605220,1.955001490,5.580066427,2.790001766,c7bebb35d051414cd90960a11e8cd00024000000dc22000000000000ffffffffc011e62cd9521ebf,4861085321751f738734cf3bcd4ccadc2162e3191968b00122000000926c010000000000ffffffff
396,6166,52388,1.239821750,1.491513174,2.958166687,0.392137122,1.977585088,5.315431456,2.551770430,9fbd3e32865126419e5ae0a82378000000000000a956000000000000fffffffff60e1d2b114cecd4,a067a154897180b914344d25b64d8cdcd273882c1a64b00122000000eb0e060000000000ffffffff
397,6167,52389,1.238936138,1.503660831,2.980027836,0.214052116,1.411835590,1.329798674,1.944755877,88bd1a33d251fe48729a50972378d00000000000817e000000000000ffffffffba0ec62f8848033e,8f559b2c693b953ba03dbe3a6a4a77ce2ab3cd0e107470010d7c00026e6a250101000000ffffffff
398,6168,52390,1.250487597,1.545791112,2.973699609,0.152867884,1.263192447,1.230272913,2.079463316,b4be1536bc515249ed0d50e31e8cd00000000000d42b000000000000ffffffffea1a903e8c5f7f74,5a4f17220f3a0647903d543a784900cb0e272d0a105cd0001d780002b9330c0700000000ffffffff
399,6169,52391,1.244249809,1.570528159,2.864106213,0.419167538,1.334256238,-0.254847039,3.234880919,12bed5373f5011cd5ba9639a1e740001235c0000f306030300000000ffffffffc21ab4413f60f771,5e6a1e27e425de32e23d8838544eea51008ecf17040830000d4c4001e30c090600000000ffffffff
400,6170,52392,1.243210178,1.569202960,2.864969153,0.279317865,1.068332991,-0.206234745,3.257645239,f7bdbd374250e2cd24f9e39f1e740001235cd000e90c060300000000ffffffff5b2cd42e554ff017,2e5c4e148d267c2ca83da538d44bc951245add090408d00003000000c62b0a0400000000ffffffff
401,6171,52393,1.258997173,1.526410078,2.698134063,0.377697797,1.699017236,1.383013315,1.592490000,91bfb634fe4d94458c144e8b1e8c00010d000000c827080700000000fffffffff22ce32f56566010,2966ec40223c5638d03d513bd64ceed0dbbe2e121d4070011f780002864d280301000000ffffffff
402,6172,52394,1.260729892,1.527514411,2.690655248,0.439036049,1.404933512,-0.285625236,3.090057018,bebfca34e44dc9bdc348ad8b1e8c00010d000000c32b0e0200000000ffffffff6421342da334a8e0,626c1e2c7925ea33f33d7e38d94afa4df3b18f19040c20000d4c4001e60b080301000000ffffffff
403,6173,52395,1.252913404,1.525637046,2.846847411,0.324368558,1.122113980,-0.212850619,3.222852530,f3bea83403500e4f4a8c79df1e34400223400000f00c020000000000ffffffff2b2f17326b577011,c0601c187626f029b63d9f38b44ccf511f0ebe0d0408d00003000000cc25090500000000ffffffff
404,6174,52396,1.261461484,1.520998850,2.644919422,0.365260726,1.177606684,-0.221192374,3.022530530,d1bf5434454d15c4b5400d8e1e4030020d740000ba2d100700000000ffffffff121c212bca33481c,e664091c5926442cc43d9838694dd75108de6e120408d000034c0000d818090700000000ffffffff
405,6175,52397,1.252451346,1.530054375,2.895172058,0.366069328,1.727674662,1.424722088,1.728279483,e7bef834ab50b24f5dd437db1e34400223400000fb03010000000000ffffffffd22749261d4776cd,fb64f342b33ca63ace3d7a3bae4c8cd1b6ce4e111d4070011f780002944f160500000000ffffffff
406,6176,52398,1.232082271,1.510728558,2.785866309,0.383473527,1.934074391,5.559355864,2.931143601,d6bc9a332f4faa4c0422ffd22378d000000000007f7c040000000000ffffffffc81d7122b63da826,bf668d51d9740c2a2b34df3b944dc5dc89c52e101968b001220000008777010000000000ffffffff
407,6177,52399,1.253490977,1.537619053,2.895172058,0.169540491,1.311451773,1.268817572,1.967518540,02bf8135ab50234f81009fd01e8cd00000000000dd22000000000000ffffffff0221945a214a113f,0b518125953a5e46943d773a964980cc368f8d0c105cd0010d780002a8311e0700000000ffffffff
408,6178,52400,1.237742487,1.523649247,2.556036589,0.160953906,0.976121234,-0.207385332,3.015917984,69bd8434104cf1c4532192b41078d00017744002a353080000000000ffffffffd0208f595350143c,2c50c80d89268c34893dab382a48ce5133264c050408d00003000000b33f0c0200000000ffffffff
409,6179,52401,1.237318933,1.532870423,2.560926583,0.362911929,1.978468554,5.525701200,3.122984763,5ebd2b35214c0fc8900581af1078d00017740000a058070000000000ffffffff7a22ad5b3b4a663e,a964b1546474076b4434cc3b494dbedcbf116d731a64b001220000008b73010000000000ffffffff
410,6180,52402,1.237280428,1.523097081,1.373233327,0.291947461,1.900447469,5.551589403,4.300547318,5dbd7a34003c000069e5e1b31078d00017744002b443080000000000ffffffff8d2a9f32715af984,765d2c4fbe745983a034b73b414cc3dc88cea8281968b001220000008d71010000000000ffffffff
411,6181,52403,1.248600859,1.579638901,2.713091692,0.269345104,1.950528944,5.484280074,2.962429123,83be7a38324e09c799c25a941e8c00010d740000c129120200000000ffffffff6a2d9430a7567994,2b5bb752d473d76d6134a73bd94bb4dc9a82a43c1a64b00122000000a15d020000000000ffffffff
412,6182,52404,1.249601986,1.582068432,2.680299967,0.346701380,1.877643004,5.490033008,2.966006337,9dbea638c04d60c0c5ae1d8e1e8c00010d740000c420170500000000ffffffff162d752f7b4f0815,04638f4de873b82ef133c33b0d4db5dcc345af141a64b001220000009964020000000000ffffffff
413,6183,52405,1.259189697,1.524587930,2.683751727,0.253943158,1.873722624,5.781419123,3.275356306,96bf9534cc4df344a0bccd891e8c00010d000000c61b120c00000000ffffffffb114d323bd476234,9b59484ddd77d0e68034ed2b594bf8dc94436e721968b00100000000f00d010000000000ffffffff
414,6184,52406,1.253067423,1.544245047,2.953564339,0.000003566,1.893821474,6.347795490,3.634993510,f7bef9357651b34c151ea2ca2378d00000000000a45b000000000000ffffffff0d158c24e0424434,d83fb44e8e7f3c223825ab38000079ddd200d8371968000000000000ff00000000000000ffffffff
415,6185,52407,1.252951909,1.540987266,2.950687872,0.000003566,1.853955074,5.815649081,3.142583512,f4bebe356c51b74df05dd2c91e8cd00000000000ab54000000000000ffffffffe828c32a3a42153c,d83fe24b547870282b2bf8374980fedc7b02d87e1968b00100000000e419010000000000ffffffff
416,6186,52408,1.255339211,1.528839610,2.735240488,-0.114240372,1.672678907,4.657008142,2.364239601,32bfe2347f4ee14c0b881fdc1e8cd00010900000d923030000000000ffffffffd22749261d47ec2f,41340f3f98684f545131d039c3c6e5db54a963451b68200219840000b546030000000000ffffffff
417,6187,52409,1.255262201,1.536735587,2.785866309,0.499450184,1.986530181,5.052522365,2.431315829,30bf71352f4faa4c6220ffd22378d000000000007f7c040000000000ffffffffde24d630d5599980,83724355f76df012a71f3135464f4ddc7a51ad221a6c900122000000e419010100000000ffffffff
418,6188,52410,1.249332451,1.575994604,2.808302752,-0.465173722,1.775216172,1.338428075,2.267102162,96be38387d4fc8c5268268af1e8c00011d3400009a63020000000000ffffffff7a2a062d454f723b,a7105046873bb148e43c3c3b003c0000048fc0181e740001177c3002665e360301000000ffffffff
419,6189,52411,1.258573619,1.530716975,2.734952841,0.180052320,1.880569485,4.394961992,2.010282406,86bf04357e4efe4618e06fdc1e8c00010d000000a953020100000000ffffffff69250732485aaf7f,1c52c44d0965d0341c2f843277493adb0a9fbc771b88a00121640000d423090000000000ffffffff
420,6190,52412,1.248870393,1.576325904,2.796796883,0.381663799,1.885042031,5.370659624,2.733518307,8abe3e38554febc61f8e07971e8c00010d740000ab51030000000000ffffffffc62bf62d6d567946,9066154e49721d3dce31273b8f4d99dc99430f191a64b00122000000d724050000000000ffffffff
421,6191,52413,1.260383348,1.531821307,2.712228751,0.438034923,1.912815992,4.759985664,2.239357554,b5bf18352f4eaab415ccafa41e8c00010d000000a358030000000000ffffffff7f252234ec5bb77d,486c0c50fe697f6354294734694e07dc245b8e4d1b68200219000000b04d010000000000ffffffff
422,6192,52414,1.247907771,1.576767637,2.769758093,0.515506713,1.937387388,4.909561952,2.290244194,71be4638f74ecfc83f3a178b1e8c00010d740000c52f090100000000ffffffff411c024f2132b006,2474c951066c9760d823a334824f2cdc9ccbce521a6c200219000000a557010100000000ffffffff
423,6193,52415,1.243441207,1.491899690,2.697271123,0.466913572,1.947105513,4.747616855,2.239224225,fdbd4532fb4d084dd5a9c4ef0d784002101000005f5c370d00000000ffffffff211b334d9a31680c,366f7952d3692246082a5434d24e03dc5bafef171b68200219000000b449010000000000ffffffff
424,6194,52416,1.244095790,1.494494872,2.868420914,0.587125764,2.072668109,5.136515204,2.431079105,0ebe74324e505b4c8d4973ec1e3440021010000062553d0a01000000ffffffffaa1ba45234366813,687b5b5b1b6f4b43ba35e33b48505fdc052504381a6c900122000000f00e000000000000ffffffff
425,6195,52417,1.242016527,1.497366136,2.807152165,0.131613198,1.894704940,4.399276692,1.981346559,d8bda832794f72408c7d12ef1e340001241000006a5b211900000000ffffffff360fd337174ee356,324dc44e18650634ba2fac32f6473cdb9232da7d1b88a00121640000db1d070000000000ffffffff
426,6196,52418,1.248100296,1.550926258,2.956153160,0.609689616,2.070072928,5.137953438,2.331809151,76be72367f51c039b699109a1e8cd00000000000f30c000000000000ffffffff690f2134a34d2353,b27d2c5b206fd23bac35e43b685060dc37015d361a6c900122000000f00f000000000000ffffffff
427,6197,52419,1.249178432,1.551257558,2.960180213,-0.150704480,1.609842393,5.284365612,2.713842685,92be78368d518942c669e0a11e8cd00000000000e01f000000000000ffffffffb314d825993ff631,8e309d3a1d71cb5f6c2e893a63c885dc7db123051a64b00122000000bf2a160000000000ffffffff
428,6198,52420,1.252759385,1.538833818,2.951838459,-0.355319339,1.787474262,4.980035395,2.600254230,efbe973570513b4eabc5f1cd1e8cd00000000000cc33000000000000ffffffff5f29db28e947a6cc,cc1b2e47fb6cb35bf62d023a2dcd3fdc49f532471a6c900122000000ab4d040300000000ffffffff
429,6199,52421,1.231273669,1.508133377,2.748184590,-0.170418972,1.630438192,5.112065234,2.750933010,c1bc6b33ac4e134c1ca66fd91e8cd000100000008e6e020000000000ffffffff1a23313af260b77e,8e2e123cc66ea75a322f553af6c860dc2ea983451a6c900122000000b3410a0200000000ffffffff
430,6200,52422,1.245366450,1.576049821,2.771196327,0.588280910,2.052348393,5.143706372,2.507473958,2fbe3938fc4eabccc17516931e74000123347001e1100b0300000000ffffffffb114d323bd47b4be,867beb59346f80f09d35ee3b4a5061dc3ffbf3131a6c900122000000f10e000000000000ffffffff
431,6201,52423,1.236625846,1.511888107,2.953564339,0.331183919,1.942577750,5.451775996,2.691910127,4cbdaf337651b34c451ea2ca2378d00000000000a45b000000000000ffffffffb9209b4213618776,716127526373601399314b3bd34cacdc2ccb5c791a64b00122000000b14c020000000000ffffffff
432,6202,52424,1.242247556,1.573178556,2.793632770,0.363219968,1.935675673,5.371522564,2.747655265,debd05384a4f5ace042597a51e740001235cd000c326100501000000ffffffffc71ae720fe461bc1,b164aa514c72300df431383b4a4d99dc24c32c351a64b00122000000db20040000000000ffffffff
433,6203,52425,1.235278175,1.512219407,2.915307327,0.000003566,1.869194861,4.639174046,2.150593244,29bdb533f150604d6816d5c22378d00000000000ab54000000000000ffffffffb66ef92e64399756,d83ff64c5a68142f1b307434751dcddba3f9673f1b68200219840000dc21030000000000ffffffff
434,6204,52426,1.039442426,1.620830500,2.964207267,0.288289498,1.617241420,1.491168477,1.653507448,4ba9643b9b51384e8828bf62178080010d000000fc02010000000000ffffffffb76f85272b4493c0,175d233b9a3d9c38403f5336e64b64d28772ce0e1d40f00117780002be33090500000000ffffffff
435,6205,52427,1.039018873,1.626683462,2.976863723,0.296260006,2.289945513,1.623485963,1.680249578,40a9ce3bc751ea4c34cd8c081780d00000000000b549000000000000ffffffff5f12622a473b8844,e65dba6a663f4428c53f6c37544cced37e922e311d40f0010d0000009f540b0000000000ffffffff
436,6206,52428,1.252027792,1.535741687,2.962193740,0.252826517,1.589633109,1.647648286,1.652070587,dcbe5f359451804ed6a133c51e8cd00024000000f509000000000000ffffffff5f12622a473b3fc1,7e592f39ba3f71413a3ffc364b4b00d45656ae0c1d7c000117840000cb280b0000000000ffffffff
437,6207,52429,1.225767473,1.624309147,2.962193740,0.160992411,1.490408842,1.563943094,1.762606052,32bca33b9451804e18a233c51e8cd00024000000f509000000000000ffffffff6e118a2c863c89ad,2d502a32973e6f3f253f9236de482dd387ae5d0a1d7c000117840000ce1b160000000000ffffffff
438,6208,52430,1.227346173,1.628063878,2.964207267,0.231186782,2.387513282,1.519070208,1.912463869,5bbce73b9b51e64d8f6030db1e8cd00024000000f509000000000000ffffffff5720a24468608f74,4c57a171fb3dd190253c9831574ad1d2a6649d771d40f0010d000000827a030000000000ffffffff
439,6209,52431,1.241554468,1.571411625,2.793920416,0.162609615,2.430030080,1.466430860,1.914047066,ccbde5374b4f79ceea8c47a71e740001235cd000c226100602000000ffffffff901b1420e9498cbf,5750a374443d098d1b3cfa300f49bed2cad47c791074f0010d0000008b72010100000000ffffffff
440,6210,52432,1.235201166,1.504212997,2.908979099,0.583236773,2.063281284,5.024620635,2.283320833,27bd2433db50d44c897ec5c22378d00000000000df20000000000000ffffffff5a1ab556ab3b881f,037bb15a966d6b5ba835bb3b3f5045dc4d8e5b7a1a6c900122000000e01e010000000000ffffffff
441,6211,52433,1.240591847,1.505869496,2.869283854,0.600872001,2.033906041,5.029222982,2.313741799,b3bd4233515013458dd151f11e40d000245c00006651440300000000ffffffff2621de238b3d8010,cd7c9d58a66d07569135bf3b605047dc03821f601a6c900122000000e21c010100000000ffffffff
442,6212,52434,1.253760511,1.536017771,2.868996207,0.401994368,1.475113838,0.214592388,2.788382055,09bf64355050f24ed6b5e6c11e8cd00000000000b748000000000000ffffffff6120bc58f853613d,a0681531442cee3af73d0f390a4e0f4fdd5dbf130d60400017400000c01f150c01000000ffffffff
443,6213,52435,1.237049399,1.538778602,2.567830104,0.373192728,1.402724848,0.242781766,2.484071003,57bd9635394cf6c89c2551b01078d0001d5c00009e5a050100000000ffffffff4122b65222600f5d,b465f62ba62cbf3fe63d1839a54d044ff59d4f560d60400017400000c919110c00000000ffffffff
444,6214,52436,1.236895380,1.559926567,1.373233327,0.207968348,1.200742448,0.733507049,1.263706366,53bd1537003c00005d11b1a11078d0011734f0016d60290801000000ffffffffb6224254ab60075e,f154ac1d5033a8449e3da2399f4ab8499b96bc060d5c00011e100000884e280000000000ffffffff
445,6215,52437,1.236240797,1.560037001,1.373233327,0.323790985,1.275892269,0.332815185,1.412718230,42bd1737003c0000652101a21078d0011734f0017c56260601000000ffffffff3926dc2c483bba31,b160fd22df2dda37c43d3539c94c684ec0397f120d5c800104400000d6120a0a02000000ffffffff
446,6216,52438,1.254299579,1.525084880,2.759690458,0.512926887,1.526189212,-0.563491956,3.404875335,17bf9e34d44ecb4d0d44cfd81e34300210900000e01a040100000000ffffffff81226527ab38b427,e173b234b321f833193e05385550955344d9cf1c044c3000147020005a49391d03030000ffffffff
447,6217,52439,1.224766347,1.621713966,2.849148584,0.282783302,1.226528610,0.610681905,2.460535835,18bc743b0b503f4f8de859ca1e8cd00024400000f00d020000000000ffffffff5615e0246e3e0c44,885c7f1fa531134aae3d7f392b4c044cac22be0b0d5c00010460e001a0550a0000000000ffffffff
448,6218,52440,1.252951909,1.538226435,2.948674345,0.337768251,1.321004249,0.434354473,2.684502007,f4be8c356551a04ef7ad30931e8cd00000000000d827000000000000ffffffff76291927b56235ae,1c622e26402f8753cb3d5439e74c4c4d148acd490d5c000118100000aa34100e02000000ffffffff
449,6219,52441,1.244942897,1.418682451,2.701585823,0.516276811,1.463352697,-0.573271944,3.355241138,24be172d0a4ed0c779977f9c2378600200000000fd01000000000000ffffffff271940292566a0d0,3874403091210a350a3e0a383350a9536cd9af20040c30011408c001605825140c020000ffffffff
450,6220,52442,1.240938391,1.422602831,2.900349698,0.000003566,1.370423124,1.512741980,1.862282777,bcbd5e2dbd50c6ca414332ac2378600200000000fe01000000000000ffffffff7f1a2a319057d9c6,d83fad29e53da541013f103600005ad249fe57001d40f0011e5c0000cd230f0000000000ffffffff
451,6221,52443,1.242247556,1.486930195,2.892870884,0.513350441,1.376828252,-0.609803076,3.579404743,debdeb31a35033c4b9b334ad1e8c00011d3400008a74000000000000ffffffff042cd12c14583ac9,ec73212a12210e45f63d08380950df5356c99f5a031020001350c0017545350c03010000ffffffff
452,6222,52444,1.245674489,1.464953979,2.695257596,0.519357200,1.427793194,-0.615843657,3.390030860,37be5d30f44dc4bcb3abcfa71e8c00010d000000807c030000000000ffffffff572a2b269b4e30cb,8874bc2dfd202b44023efd373150ec5341e90f5d031030010250c00171451f1c0a030000ffffffff
453,6223,52445,1.231543203,1.493390539,2.739555189,0.107971210,2.525886134,1.522234322,1.952006985,c8bc60328e4e004a60ce1ed12378d00000000000df20000000000000ffffffff3511c42b6555f1c0,cc4a6b7b063e9f77373c3d30c04664d306eddb7a1d40f0010d0000008974020000000000ffffffff
454,6224,52446,1.239706235,1.484500663,2.963344327,0.331530463,1.092793954,-0.306911093,3.416546193,9cbdbf3198514b39960690a12378000000000000cf30000000000000ffffffffc62bf62d6d56a6c5,7a6109162f25f026b33d7f38844c61524c7a8d0c040830000d000000ae430c0200000000ffffffff
455,6225,52447,1.245828509,1.469095226,2.712228751,0.330914385,1.016871101,-0.395793925,3.271296299,3bbea8302f4eaab4e0cfafa41e8c00010d000000a358030000000000fffffffffd1b014472604f70,6a61aa10fa23c82aa83d5e385d4c0153589a4c08021030000d0000007c6b170000000000ffffffff
456,6226,52448,1.242286061,1.568595577,2.855476812,0.368687659,1.064246961,-0.385150997,3.393996213,dfbdb23721506acefa0c15a61e740001235cd000d9170a0401000000ffffffff8f0e1d31614d9d48,3f6504141f249829b43d5f38004de8523dfa0d0e021030000d000000706b230100000000ffffffff
457,6227,52449,1.250102549,1.551091908,2.970823142,0.101540898,0.893793252,-0.321581075,3.548402586,aabe7536b2513145eb55c0a71e8cd00000000000ca35000000000000ffffffffc317d2353958ef71,254af507fc249f3b783d8138a444955293b63b05021030000d000000807a030300000000ffffffff
458,6228,52450,1.247984781,1.566166046,2.901212638,0.367339988,1.145525827,-0.310650500,3.356864350,73be8637c050d0c7c401d39c1e8c00010d740000ca34000000000000ffffffff34254c35545d7f7e,1c65c41922257c29bf3d7b382b4d5f52229abe11040830000d000000ac41100200000000ffffffff
459,6229,52451,1.247368703,1.576933287,2.757101638,0.404304660,1.119960532,-0.389465698,3.289447838,63be4938cb4ebac947a6878c1e8c00010d740000d3200a0101000000ffffffff2a2c2c2f5f559420,dc68f5171024e02cbf3d5c389b4de55221ee5e13040830000d0000006f622e0000000000ffffffff
460,6230,52452,1.260344843,1.529226126,2.707338757,-0.008082456,0.961544046,0.013814986,3.030881235,b4bfe9341e4eb8ac5ef4ce911e8c00010d000000be3a060100000000ffffffff9f1e3636b65b4779,063fc00c8a295340673df6380000a3503f0648000434200003000000965f090000000000ffffffff
461,6231,52453,1.247176179,1.573123340,2.856052105,0.075896657,0.985121543,0.214592388,2.948720276,5ebe04382350bcc9d3b5b48e1e8c00011d340000d626020100000000ffffffff4368761f476d6cc1,8b476b0e442c3b42763d1f399e44e24f5d861a020d10000100000000c13e000000000000ffffffff
462,6232,52454,1.117876839,1.584111447,2.912718507,0.076474230,1.081805847,0.602915444,2.583025455,40b1cb38e8500dcc61f1ef6220d03003000000009c63000000000000ffffffff7a66131f11698cd1,9a4742158a312644783d6e39a344dc4c5d3aba010d40700104780000e713040101000000ffffffff
463,6233,52455,1.120148626,1.586651412,2.900637345,0.000003566,1.142764996,1.162100644,2.115247023,7bb1f938be50cfc953a96f5a20d0300300000000d52a000000000000ffffffff53181947975ce763,d83f92192239b340683d1a3a0000d5c6e2fe57031034e0011774f001cc27060500000000ffffffff
464,6234,52456,1.241939517,1.560810033,2.884241483,0.043129016,1.155464819,1.156060063,2.141976279,d6bd2537855089cd076902a51e740001235cd000ed08060202000000fffffffff60e1d2b114c9b4f,3844781a0d39b445763d1b3a3e44ddc6f45e0b06103470011e74f001ca260b0400000000ffffffff
465,6235,52457,1.251642743,1.549490626,2.980027836,0.168308336,1.208362342,0.875892169,2.391102016,d2be5836d251fe48369a50972378d00000000000817e000000000000ffffffff7f1a2a319057b778,eb50361e3f3585489b3dcf39434a0545c0f24d0b105cd0001e00000059564f0100000000ffffffff
466,6236,52458,1.249563481,1.568264277,2.892870884,0.269229590,1.609511093,1.561066627,1.654224415,9cbeac37a35033c4f5b134ad1e8c00011d3400008a74000000000000ffffffffb3130d32d7545f6d,285b973a8d3ef33d3f3fa636a64b2fd33756be0c1d40f0011784e001cd1d140200000000ffffffff
467,6237,52459,1.249563481,1.561086116,2.934292010,0.230532199,2.387513282,1.612267741,1.862566718,9cbe2a37335192c0fc61f29c1e8c0001000000009e61000000000000ffffffff6c6afb0a226918fe,3b57a1713f3fc02adb3f9337d34ad2d39946ae331d40f0010d000000ab4d070000000000ffffffff
468,6238,52460,1.116760197,1.535907337,2.941483177,0.375811059,1.855611572,1.675262370,1.501509759,23b162354c513ec07a6ab97333d0500336e880038d620e0201000000ffffffff93671a1b0d7001bc,f865004c1a40d93a6c3f2737594df0d3589e3f171d7c000117840000c921150000000000ffffffff
469,6239,52461,1.108250622,1.583283198,2.905814986,0.195454266,1.497807869,1.515618447,1.665277645,46b0bc38d0503acccaf5bf1e3480300300000000dc23000000000000ffffffff6d66691b426cb4d5,ac53b032ef3da2352a3f4436954973d2ca868d0c1d40f00117000000c725120100000000ffffffff
470,6240,52462,1.110560914,1.585712729,2.899199111,0.359407986,1.755835138,1.569983675,1.536224603,82b0e838b95091ca8d759f593480300300000000a15e000000000000ffffffffc224552f54374acc,4e64f144ac3e4038593fb636124d2bd34fea1e111d40f00117781002c02a130300000000ffffffff
471,6241,52463,1.253606492,1.521330149,2.774648087,0.279895438,2.327934548,1.539780771,1.767376915,05bf5a34084f1a4e0df83edc1e344002108c0000d821030201000000ffffffff252bcf2d67483c2e,3d5c6a6d433eec27cf3f33374b4ce6d27e26de331d40f0010d0000008378040000000000ffffffff
472,6242,52464,1.257302959,1.525802696,2.698134063,0.230532199,2.387513282,1.612267741,1.725082316,65bfab34fe4d1f4a29749fd51e8cd00010000000d4180e0400000000ffffffff5f192f2e6f332017,3b57a1713f3f71989b2b9131d34ad2d36d44ae331d40f0010d000000ab4d070000000000ffffffff
473,6243,52465,1.251912277,1.528563527,2.911280273,0.034696450,2.186359132,3.109756501,1.397748991,d9bedd34e350674f813075e21e90d00023400000f803030000000000ffffffff6d1b543bbc5e1775,5d43666395538db40f38cf39fe3fb9d8c0874f1f1f84d00122000000ee0f020000000000ffffffff
474,6244,52466,1.245327945,1.571853358,2.863243273,0.000003566,2.106957631,2.897760878,1.355861667,2ebeed373c5053cc8389b3951e8cd001105c0000f604030100000000ffffffff5c2af4310a5a0184,d83fc85db45029856c38f039000053d8920128051f84d00122000000d527010100000000ffffffff
475,6245,52467,1.248908898,1.579362818,2.722008739,0.418512955,1.879741236,1.558765453,1.460451833,8bbe7538514e39c665be4a931e8c00010d740000bd340c0100000000ffffffff592654248d463ecb,4d6ab54d853eb6366f3fbd36b54d12d36ebe8f1a1d40f0011778d000a743120300000000ffffffff
476,6246,52468,1.232775359,1.512716356,2.820959207,-0.350929784,1.782063033,-1.062271347,4.202398024,e8bcbe33a94f154d1e32aecc2378d000000000009667020000000000ffffffff57186f217c4a6ebf,3e1ccc46ed1a5f712c3e5e32c5ce7355bbde2b66033810010f2c9000b224181001010000ffffffff
477,6247,52469,1.235855748,1.503771264,2.930264956,0.218133632,2.393421460,1.706903508,1.823142619,38bd1c332551744c646663c62378d00000000000df20000000000000ffffffff941d8446b75f1f70,f9550c728840b5a45f2d7631654a44d431349f2d1d40f0010d000000d0240b0000000000ffffffff
478,6248,52470,1.241284934,1.567325595,2.835916836,0.210009106,2.377629507,1.806716916,1.667145687,c5bd9b37dd4f83cee540c6a91e740001235cd000cb1f0d0403000000ffffffffb9734a067b65481c,2655ee70e34155abd72e8131204a9ed41c882f2a1d7c00010d840000e60f0b0000000000ffffffff
479,6249,52471,1.108558661,1.520281034,3.030941304,0.199766811,1.604983330,3.261921610,0.941503589,4eb047348352323d95a39e303ad4900333d06003873c280b08000000ffffffffa26f4e093b66c0fa,1c54453aa655d841493a113ac74909d91b3eed072188f0011b000000a852050000000000ffffffff
480,6250,52472,1.110329885,1.528453093,2.991821351,0.089065321,1.675771038,4.413659028,1.756788622,7cb0db34fb513336c706cb7935cca00334e4600382471e1403020000ffffffffdf72b8063967d819,e148473f4a655344143aee3b5e454fdb239e4d091b88a00121640000c028160100000000ffffffff
481,6251,52473,1.111562041,1.521992749,3.019435435,0.087525126,1.666494646,4.334268536,1.672817528,9cb066345b52c6b797439e3135e8300339d060036f5c1c0d0b000000ffffffff092a1f31bc596185,b9489f3e3664f73f133ac63b35451edb4eaecd091b88a00121000000bc340b0300000000ffffffff
482,6252,52474,1.249255442,1.579031518,2.731501081,0.217479050,1.611664541,3.126440011,1.105262048,94be6f38724e5ec53e325b951e8c00010d740000b543060000000000ffffffff2a123e28e55122ce,e855be3acf539c42513adc39544ac6d81a3add072188f0011b000000b932140000000000ffffffff
483,6253,52475,1.238512584,1.489635809,2.964494914,-0.524163177,2.022917934,-0.769159352,4.163122607,7dbd1c329c512f465f5e40982378000000000000e41b000000000000ffffffff7b247d4e6d644764,ab0ad657e81e619e7d3ee130b6cfbd54ba9222770e0cf0000444d000665e210f0b000000ffffffff
484,6254,52476,1.236818370,1.572019007,1.373233327,-0.510339930,2.024408783,-0.825538107,2.844611476,51bdf037003c00001471b2a51d40e001177cd0005752510301000000ffffffffde24d630d55964c5,120cf157241e99977f3e613159cf02554d82247c0338f00011100000665b241209000000ffffffff
485,6255,52477,1.243980275,1.477709019,2.808302752,-0.540373725,1.980290703,-0.729464106,3.994033286,0bbe44317d4fc8c5bf8368af1e8c00011d3400009a63020000000000ffffffffb51fb8305f5b9ac7,0609d254721f21ae7a3e6b300ed07a54657e12770e0cf000044420019c34151307000000ffffffff
486,6256,52478,1.243017653,1.475666004,2.859216219,0.334071784,1.721379967,2.309235714,1.090429503,f2bd1f312e50afc77e1ef8be2378000100000000847b000000000000ffffffff03126a2a7f58bccf,bc618142b6488e40ac3a9938eb4c6bd65b7acf141f74100210000000b82e190000000000ffffffff
487,6257,52479,1.239552215,1.476218170,2.957016100,0.375811059,1.855611572,1.675262370,1.591502674,98bd2931825131be8846309b2378000000000000e916000000000000ffffffff4a2b1b2e174f681d,f865004c1a40d23ad83a2737594df0d3579e3f171d7c000117840000c921150000000000ffffffff
488,6258,52480,1.258766144,1.528453093,2.718269332,-0.306764702,1.662132533,-1.033219030,4.067237632,8bbfdb34444e5d466e98fe8d1e8c00010d000000c039040200000000fffffffffa250e4ddb654b55,b920503e521b4800cc3c8236b8ce5555d105b857033810010b3c9000c51c140604010000ffffffff
489,6259,52481,1.236664350,1.575000705,1.373233327,-0.310923228,1.673728023,-1.034657263,2.864037620,4dbd2638003c00002b1101a71d40e001177cd00066573e0201000000ffffffff3e24f02d1a37eccc,4d20223f4d1b9818c73c83361fcf5e55b14d034e033810010b3c9000c11f140504010000ffffffff
490,6260,52482,1.253529482,1.523814897,2.790468656,-0.358707767,1.494936605,-0.919310933,4.045072002,03bf87343f4f644e0c702edc1e344002108c0000e319020101000000ffffffff4a24e54a5165f35f,741b7c32de1c700ec83c0b37e4cffc5499c5d3550344b0000e08f0007e322a2301000000ffffffff
491,6261,52483,1.237626972,1.575221571,1.373233327,-0.316698958,1.577706319,-0.969936754,2.811828818,66bd2a38003c0000104502a81d780001177c30026456410301000000ffffffff6314652fc436a01e,b71f57382e1c601bc83ccf3677cf2955e0ade1580344e0000b3c2000ad1d1c1701010000ffffffff
492,6262,52484,1.225805978,1.619505301,2.944647291,0.270307726,1.746613963,3.261921610,1.014788902,33bc4c3b5751b24e750c83e11e90d00023400000fc02010100000000ffffffff6421342da3340f7d,445b4a44a655382d8a3a173ac04b09d922f2ee2d2188f0011b000000a159060000000000ffffffff
493,6263,52485,1.225651959,1.613652340,2.846847411,0.000003566,1.860912368,6.380299568,3.748150965,2fbce23a03500e4f8b8d79df1e34400223400000f00c020000000000ffffffff172e45310957598f,d83f604cff7f6f615c23e83b000081dd9d03c8151968000000000000ff00000000000000ffffffff
494,6264,52486,1.249332451,1.582454949,2.666780572,0.064961275,2.187739547,3.014257795,1.374716316,96bead38914df2c1be06ed8b1e4030020d740000c51d180500000000ffffffff172e45310957180f,6f467f63495285b12738eb3989438bd880ab1f1e1f84d00122000000e715020100000000ffffffff
495,6265,52487,1.261191950,1.523704464,2.666780572,0.000003566,2.231305461,3.005340747,1.485233417,cabf8534914df2c1c804ed8b1e4030020d740000c51d180500000000ffffffff621f6d35a830d80c,d83f94662a5272ce0b38fa39000085d84e02983f1f84d00122000000ee10020000000000ffffffff
496,6266,52488,1.251296200,1.516968036,2.854326225,0.028805206,2.222857318,3.006203687,1.419799518,c9be0b341d50b04ed7e058d31e344002044030028d3e310201000000ffffffff2122295b7d505e3b,c442fb652d5248d01638f739b23e86d89dfe4b3b1f84d00122000000ec11020000000000ffffffff
497,6267,52489,1.236702855,1.532373474,1.373233327,0.031962605,2.168082430,3.011381327,2.130505532,4ebd2235003c0000980161af1078d0001d5c0000ba40050000000000ffffffffd96bfe2bae37ef59,16431b623f52d98c3138e039713f8ad86af6fa021f84d00122000000e616020100000000ffffffff
498,6268,52490,1.066665367,1.621327450,2.949249639,0.000003566,1.393393239,1.666057675,1.684132719,0eac6d3b6751054f80b0dc581780d00018000000fc02000000000000ffffffffbd6d622a3f3bbf71,d83f4d2bfa3fb341ff3ee036330b06d43efe47001d7c000121000000c437040000000000ffffffff
499,6269,52491,1.069822766,1.623260032,2.962193740,0.081556872,2.499437373,1.452336172,2.005997529,60ac903b9451804eff624c451780d00018000000f509000000000000ffffffff8c6faa2c22395b54,1e488c79133d09881f3c1e303645c5d207ddeb7b1074f0010d0000008f6e010100000000ffffffff
500,6270,52492,1.052649595,1.621990049,2.972549022,0.132306286,2.462718320,1.393943890,2.011429838,a2aa793bb851a94e92285f601780d00018000000fb03000000000000ffffffff047778058a5f081f,444df376483cd98d0c3ca830994887d2c3f4bc381074d0001f000000a757010000000000ffffffff
501,6271,52493,1.092001569,1.511777674,3.064883615,0.092068701,1.421885015,1.510440807,1.850469907,a0aead33f95275479b7f2e7239e8500334cc0000f00d010000000000ffffffff7b750c062c5e7807,2f49512ddd3d3c40163f34368f456ed27f0a4c051d40f00117780000ca24110000000000ffffffff
502,6272,52494,1.084608634,1.514648938,3.052514807,0.516238306,1.400516183,-0.549972561,3.648833560,e0ade133ce528048d752ca7a39e8500334000000f20c010000000000ffffffff1575b206955e1005,3774ce2be221c635fb3d1938fe4f8d53a4e1cf1f040c20001350c0016d59270c06010000ffffffff
503,6273,52495,1.086995936,1.516691953,3.048487753,0.505764982,1.339280950,-0.534151992,3.633815024,1eae0634c0524048a08a397c39e8500334cc0000ea12020000000000ffffffffa82ad82c36496c2f,2773792719229835ee3d2338ba4f7e53a9c95f1a040c20001350c0016256420301000000ffffffff
504,6274,52496,1.257225949,1.528287444,2.714242278,-0.000150454,0.903953111,-0.230972362,3.262679582,63bfd834364e2c4a30a4bfd61e8cd00010000000cd2c050100000000ffffffffcb29e12af149113d,d43fad083726e540673da6380000f551900a58010408d00003000000a84d090200000000ffffffff
505,6275,52497,1.256917910,1.532097390,2.738979895,0.428293191,1.294500271,-0.360413380,3.217034347,5bbf1d358c4e9b4a2df07fdd1e8cd00000000000a15c020000000000ffffffff8178c803f45f202e,4b6b4e247524302ddc3d66385a4e895213722f19040830000d4c4001b12f1d0100000000ffffffff
506,6276,52498,1.096083084,1.505262113,3.078115364,0.000003566,2.132799010,2.926525549,1.272074031,0aaf373327531847cf97ef6939e8500334cc0000f509010000000000ffffffff0d788c030c5fa82d,d83f9c5f185191875b38ea39000061d88dfde7031f84d00122000000de1f010100000000ffffffff
507,6277,52499,1.093041200,1.503881697,3.075238897,0.000003566,2.208500997,3.127015304,1.301499298,bbae1e331d531348c35b9f6b39e8500334000000f806000000000000ffffffff2879ec042c5b6c2f,d83ff764d15308d00238d0390000c1d8ecfe173c1f84d00122000000f00e020000000000ffffffff
508,6278,52500,1.217681452,1.561803933,3.088182998,0.234344181,2.303584018,1.744872873,1.822545466,60bb37374a53024a24d65e2f39e8500334cc0000fe01000000000000ffffffff0f775d06a85b5b52,9e57b16b0c4109a1662d0332cd4a53d440d0ce2e1d40f0010d840000d716120000000000ffffffff
509,6279,52501,1.216410791,1.562742615,3.068910669,0.144974387,1.750423910,4.323337961,1.660357813,3fbb48370753bf492772c87f39e8500334cc0000fd02000000000000ffffffffae77e005e859cf5d,8d4e8f441064b0413b3ac83b624817db50e2de0f1b88a00121640000b741060100000000ffffffff
510,6280,52502,1.216911354,1.560589167,3.076101837,0.237655599,1.619781384,2.563227757,1.107016429,4cbb21372053b34adbfaf77b39e8500333d00000ff00000000000000ffffffffa4758b02a65bc8e8,f457513b294c9842713af8384c4b5ed73802ee0a1f84d00122000000a05a050000000000ffffffff
511,6281,52503,1.215833218,1.553963172,3.057404801,0.319747974,1.715858305,1.763857556,1.581911272,30bba936df52164a2603054639e8500334000000fe01000000000000ffffffff817084001c604354,48601d424e41a13fa33a6c37924c6bd42eea1e101d7c0001215c0000c930050000000000ffffffff
512,6282,52504,1.195117600,1.441707782,3.010230741,-0.029760696,1.875103040,6.342042556,3.576189070,16b9b82e3b521b48d2e4324939e8500333d00000a1500b0201000000fffffffffd733900fb619761,d33c614d7a7f67627d22d63b73be78ddbb49211a1968000000000000ff00000000000000ffffffff
513,6283,52505,1.194386008,1.458383202,3.037557178,0.180706902,1.677427537,3.932138439,1.369598986,03b9e62f9a52dd452b4a280039e8500333d00000b341090101000000ffffffff6a2d9430a7561014,2d52653fc05ef93a413a213b2d4952da6e0aef11226c10021a000000b148060000000000ffffffff
514,6284,52506,1.260960921,1.525747479,2.680299967,0.297877210,1.703379349,2.568980691,0.985634464,c4bfaa34c04d60c0a1ac1d8e1e8c00010d740000c420170500000000fffffffffe1c6941a32c6807,105e3b413d4c1240973a0039774c65d75c5edf131f84d00122000000a05b050000000000ffffffff
515,6285,52507,1.248023286,1.500403050,2.861805039,0.234459696,1.622707865,2.699859943,1.033680722,74bedf3237503d4e36e155df2478d000101000006e47450202000000ffffffff4373a200685d575b,a157863b044eb342693a30390a4be5d739de5d0a217cd00122000000817c010000000000ffffffff
516,6286,52508,1.193577405,1.435910037,3.035256004,0.163148683,1.693606007,4.059278284,1.475402383,eeb84f2e925262499cd4044939e8500334cc0000f00d010000000000ffffffff06768103ed5944c1,65508a407a60f53c3c3a553bc94891da6cae3e0f226c10021a0000009767010000000000ffffffff
517,6287,52509,1.216449296,1.556392704,3.062294795,0.209970601,2.374703026,1.887257994,1.750240735,40bbd536f052ef4af8a3515c39e8300335000000ff00000000000000ffffffff48769902945a08ea,2555b970fb4215b00d3085311d4aecd410b0ef271d7c000121000000ef0d030000000000ffffffff
518,6288,52510,1.216410791,1.554349689,3.064020675,0.018639921,2.175757541,3.143986460,1.351738622,3fbbb036f6529d4a0d4ff44439e8500333000000fe01000000000000ffffffff23758103f75ad5c6,bc41a6620c5409af0638c739fe3bc5d8e9cf8e1a1f84d00122000000f20b020000000000ffffffff
519,6289,52511,1.215833218,1.556337487,3.053377747,0.000003566,2.168524163,3.159231735,1.365364177,30bbd436d1526d4af983315b39e8500333d00000fe01000000000000ffffffffd9763205dd5ee01d,d83f23624154be35ff37c2390000d2d8cb03b8121f84d00122000000f20b020000000000ffffffff
520,6290,52512,1.089498752,1.510507692,3.064308322,0.196840441,2.389390647,1.990810808,1.649748775,5fae9633f75220488977be7239e8500334cc0000f509010000000000ffffffffec6b430b566f28cc,d053c3716344d5b6e2306131b64957d506c83f241d7c000121000000f509010000000000ffffffff
521,6291,52513,1.129505308,1.532704773,2.950400225,0.000003566,2.187629114,3.152040568,1.321120322,6eb228356b51c5c8f6c36e2534cc50033ad800008f6d020000000000ffffffffa568a5133e70b9a6,d83f7d63285422cf0138c8390000cad888ff97331f84d00122000000f20b020000000000ffffffff
522,6292,52514,1.078524865,1.583504065,2.917896147,0.083520620,2.517106691,2.197628791,1.542864990,42adc038fa50c3ca1f2ebf2534cc000235000000f707010000000000ffffffff8e71f406e1683821,5148cc7a324781a1a5325030cc4437d63e041f2f1d7c000100000000ff00000000000000ffffffff
523,6293,52515,1.114719440,1.523538814,3.007641920,0.110435522,2.451674995,2.163398833,1.607099670,eeb0823432528bc0c07bae2d35cca00334e46003833f231603000000ffffffff6a701c0833653805,0c4b2b76bb4679a84132ca305d4604d62528cf2a1d7c000121000000fd02000000000000ffffffff
524,6294,52516,1.107056971,1.525968346,3.002464280,0.147785242,2.473043828,1.947951449,1.711476418,27b0ae3420527b3fc582ea7a35e8300339d060037650230a09020000ffffffff8f67a4037973b93b,d64eae77ce43a766bb30bd30504831d568503e331d7c000121000000fb03010000000000ffffffff
525,6295,52517,1.140363680,1.522213615,2.909842040,0.124412788,2.481271104,2.030793701,1.650658494,88b36a34de5012caeb6f4a1833d0500336ec0000e41b010000000000ffffffffcd660606e773c835,774c4378ee44c7646231a230354789d55e687e321d7c000121000000fd02000000000000ffffffff
526,6296,52518,1.140902748,1.526299645,2.902650872,0.165690005,2.479448956,1.756666388,1.781239439,96b3b434c550a0caf5075b1e33d0500336ec0000ca34000000000000ffffffff4a6b0a07e9708631,a75022783541276abc2ed230e74884d47f000e751d40f0010d000000e117070000000000ffffffff
527,6297,52519,1.131969620,1.526410078,2.944647291,0.131690208,2.439748205,2.136935336,1.577068178,aeb2b634575134c9f1739d2333d050033ad80000a853050000000000ffffffff0f6f3e083f6c542c,344d53755f4675a80232ed309847e8d524e87e2a1d7c100210000000fc03000000000000ffffffff
528,6298,52520,1.121727325,1.526962245,2.981466070,0.160876896,2.458356207,1.676125310,1.869396362,a4b1c034d751dcc5e6f3ce2833d050033ad890038451280200000000ffffffff216dfa04b36f5a30,2a50a4761d40b76c4b2dda30ca4832d492b42d761d40f0010d000000c92e080000000000ffffffff
529,6299,52521,1.129466803,1.522544915,2.962481387,0.339192931,1.734190223,1.661455328,1.536878439,6db2703495517ac8eeabed2333d050033ad89003b13b120000000000ffffffff7d6fe608156930e5,41626943ea3f793caa3a1037d24c01d436169f111d7c000117840000cf1e110000000000ffffffff
530,6300,52522,1.115874586,1.527956144,2.987506651,0.272810542,1.669918076,3.263359843,0.898334657,0cb1d234ec511dc19f6b9e3233d440033ad8900372532f0901010000ffffffff7471a207ab637803,855bdd3eab557b3b6d3a133acf4b0ad9494ebf132188f0011b000000a456050000000000ffffffff
531,6301,52523,1.102936951,1.523538814,3.013107208,0.318900867,1.709508394,2.437526146,0.990247860,bcaf82344552b4425efed87e3ad4900333d060038644210e05010000fffffffff06743342558300a,3260aa41744aff3ea23acb38c14ce6d663664f141f84d00122400000b23b120000000000ffffffff
532,6302,52524,1.194270493,1.566607779,2.901500285,0.298878336,1.771516659,3.124138837,0.945136333,00b98e37c150cfc6bf496c1d178000011d000000b54a000000000000ffffffff9c5d6527a938376c,2a5e0d46c753d631963ae1393c4cc4d835265f2d2188f0011b000000af37190000000000ffffffff
533,6303,52525,1.204512787,1.531490008,2.849148584,0.029652313,1.875158256,6.342042556,3.701177285,0aba12350b503f4fc114564a1780d00018400000f00d020000000000ffffffff396e3726ee407245,da42624d7a7fd81d7623a838733e78dd18b53e1a1968000000000000ff00000000000000ffffffff
534,6304,52526,1.202549039,1.539938151,2.968809615,-0.203879700,1.769915377,5.788322644,3.159206395,d7b9ab35ab51db4d2b92de4d1780d00000000000c53a000000000000ffffffff0d72982f44428947,292bf045f577bb58482e0b3874c9f5dc83dc21221968b00100000000e317050000000000ffffffff
535,6305,52527,1.198775562,1.539772501,2.980315483,0.000003566,1.860912368,6.380299568,3.619402837,75b9a835d3511a4cbcdd8f5c1780d00018000000ea15000000000000ffffffffbc548434185b80f9,d83f604cff7fe8d65524b938000081dd3b00c8151968000000000000ff00000000000000ffffffff
536,6306,52528,1.192961327,1.580908883,2.681738200,0.000003566,1.955995389,6.196780969,3.730866357,deb89138c54d64c8b5d61413174000020d740000c523130300000000ffffffff866d7633cb53d01d,d83f1a53817d4c23f0277c38000056ddce0dc83f1968000000000000fe01000000000000ffffffff
537,6307,52529,1.195695173,1.559319185,2.938894357,0.000003566,1.887416346,5.895614866,3.206169417,25b90a37435144c0a14dae27178000010d000000b748000000000000ffffffff135e122a3c35e763,d83f404e6a79cc266d2a1b38000011ddaf02a87d1968b00100000000f30c010000000000ffffffff
538,6308,52530,1.203819700,1.528784393,2.846847411,-0.327518825,1.532097390,-0.964183820,4.107184887,f8b9e1340350674f63d885531734000218400000f606020000000000ffffffffbd662f2e6433c761,9e1e1d35421c900dce3cd5361ecf2655f52d635a0344b0000e08f000af1e1c1501000000ffffffff
539,6309,52531,1.066819386,1.611885408,2.911280273,-0.359670389,1.474561671,-0.915283880,4.086113569,12acc23ae350674f52c86a621760d00020400000f803030000000000ffffffffe161802d1e33819c,5b1b0b31ec1c9814ce3c13378ecff354387993570344b0000e08f00081322e1c02000000ffffffff
540,6310,52532,1.202163990,1.526907028,2.874461495,-0.155787122,1.759148136,4.401577866,2.056708917,cdb9bf346350624f5974d65f1734800120400000f308030000000000ffffffffff5bbc2c3d379fc0,0a302d452065104700326039a6c845db5671f14d1b88a00121640000c62b0e0000000000ffffffff
541,6311,52533,1.204397273,1.525637046,2.797947470,-0.230871611,1.846335180,4.471188369,2.227684710,07baa834594f904e0588f0611734000218400000f10b010101000000ffffffffb85e342d9e34599f,6c28584b1266de352b316a39c7ca6bdbcdf060571b88a00121640000d417130000000000ffffffff
542,6312,52534,1.203126612,1.525637046,2.846847411,-0.198412009,1.844899548,4.396975518,2.114033160,e6b9a83403500e4f4a70665f1734800120400000f10b020000000000ffffffff05635b38725d7809,b72b3e4b1065ba328d315239ffc93edbd944c05f1b88a00121640000cc280a0000000000ffffffff
543,6313,52535,1.189996453,1.572957690,2.859503866,0.044322667,2.223630351,2.869283854,1.317588321,91b801382f5025cbc8e58b0f1780d00110340000ec10010100000000ffffffffb064543bbc5ee80a,5744096651503dc42e382b3a274145d8ecaa9c371f84d00122000000ea13020000000000ffffffff
544,6314,52536,1.187955695,1.571853358,2.863243273,0.055104029,2.150689195,2.912718507,1.273126711,5cb8ed373c5053cc8375bc151780d0011034e001f604030100000000ffffffff7e7100262f4430e5,6f45e060e850898e5038023a69425bd847f65b081f84d00122000000e11c010100000000ffffffff
545,6315,52537,1.034282774,1.627953444,2.988944884,0.000003566,2.162395118,3.109756501,1.170451550,c5a8e53bf1511c4d1eb969031780d00000000000b44b000000000000ffffffffdd21842ee434bf70,d83fb461955391821538c0390000b9d8f60118001f84d00122000000ed10020000000000ffffffff
546,6316,52538,1.225998503,1.613707556,2.834766249,0.225218528,2.266809749,1.844398634,1.552073144,38bce33ad94fcc4e378dcce01e344002108c0000e119040100000000ffffffffb7598023753dc354,b15617696642df59d52e2c32884aadd42c0c8f2c1d7c000121340000e019060000000000ffffffff
547,6317,52539,0.926969712,1.619450085,2.804850991,0.141816988,1.625082180,3.925522565,1.368357152,e29d4b3b714fef4ea94665051780d00000000000b44b000000000000fffffffffd5b13253b3c9f7a,3b4eb13ba95ee53d293a1b3bf3474eda69765d09226c10021a000000b147060000000000ffffffff
548,6318,52540,0.993467616,1.620167901,2.837067423,0.295181869,1.704262815,2.701298177,0.716315731,a1a4583be14ff54e4ef585c31780d00018000000c43a010000000000ffffffff735e231f0d53a9bb,ca5d4b41094e93428f3a3639644ce7d74e6a0f141f84d00122000000817c010000000000ffffffff
549,6319,52541,1.146909508,1.480248983,2.857202692,0.372076087,1.842580450,1.770473430,1.382979179,32b472312750dc494df6e344205cd00000000000fd02000000000000ffffffff595bb327143db23d,9765144b6541803dd63a7d37524d68d44dce7f191d7c0001215c0000ca2d080000000000ffffffff
550,6320,52542,1.026543296,1.618897919,2.814918626,-0.029760696,1.875103040,6.342042556,3.690802407,fca7413b944f654e900d005d1780d00018400000d429020000000000ffffffff355def20e94c48bb,d33c614d7a7fd9b27126b33873be78dd0b48211a1968000000000000ff00000000000000ffffffff
551,6321,52543,1.145638847,1.496648320,2.858065632,0.175508745,1.257891651,1.063725470,2.053731672,11b49b322a501d4c51b6a248205cd00000000000f20d000000000000ffffffff13607b1fe44cb7bb,a651b721cc37274c9f3d143ae94aadc4b04e7e0c105cd0001e80d001786d190000000000ffffffff
552,6322,52544,1.148257178,1.496427453,2.877913255,0.142972134,1.214822687,1.100544248,2.061295673,55b497326f504b4c6b0e2543205cd00000000000f40b000000000000ffffffff925a3b20165b8fbf,594eab1e4c38254b923d173ac44989c5cdca8d0a105cd0001e740002964a1e0100000000ffffffff
553,6323,52545,1.140556205,1.452364590,2.801974524,0.000003566,1.179484049,1.215027638,1.973252273,8db3792f674fcd426686324920d0700100000000ff00000000000000ffffffff63577a22565c8ec9,d83f2b1cda39c13f683d343a00004ac902ff67041034e0011774f001df17050401000000ffffffff
554,6324,52546,1.130159891,1.448885943,2.739555189,0.439767642,1.556668787,0.205387694,2.628738004,7fb23a2f8e4e2d3c61121110205c400300000000fe01000000000000fffffffffc654830445d1ebd,756cda36242c4e320a3e08398a4e024fe1656f150d60400017403001b025190e02000000ffffffff
555,6325,52547,1.178714527,1.471248674,2.892870884,0.441500361,1.646506229,0.281038778,2.719534315,6cb7cf30a350c9c8b2d6093d205c000100000000a956000000000000ffffffff0162a11d6a5a11bc,a26c353d2b2d7c2c1b3e2039334e024efd4dff160d607001101030018b461c0c07000000ffffffff
556,6326,52548,1.150721489,1.454573255,2.877913255,0.044592201,1.193564288,1.208124117,2.019862235,95b4a12f6f50f54462129a4120d0700100000000ff00000000000000ffffffffd565332fe65fc7b7,5e442a1dc2397745763d363a0d4452c9fe06db05103470011e74f001dc16090301000000ffffffff
557,6327,52549,1.178252469,1.464512246,2.890569710,0.422247928,1.594492172,0.284778185,2.716355485,60b755309b5098c91557ea38205c000000000000d52a000000000000ffffffffd45b7e2dcd6276ba,ae6a8739382d2a330f3e2439154e194efba95f190d607001101030018b4b180a06000000ffffffff
558,6328,52550,1.183335111,1.446842928,2.802549818,0.000080576,1.042767696,0.384879239,2.721855822,e4b7152f694f0eca6ea7c535205c000000000000ee11000000000000ffffffff3c6d152f2e5af2bd,da3f7f12942ed83f683d413900008c4e76fae7000d10000117780000f20c010000000000ffffffff
559,6329,52551,1.173939924,1.476991203,2.943496704,-0.545533377,2.012978942,-0.632527166,4.003975276,f0b637315351ebc5b83a6e32205c000000000000b649000000000000ffffffff6e60cf2dc062fdb6,80082257c32067b57d3ea62f0dd020542c2a10640e1030000f44d0008738251803000000ffffffff
560,6330,52552,1.180524256,1.450652875,2.856052105,-0.331561836,1.769694510,-1.049614892,4.200288872,9bb75a2f235061ca5007e837205c400300000000ee11000000000000ffffffff1d54aa2bb659d7c0,351eec45191be7762c3e8f3269ce6655aa028b63033810010f2c9000bf1b150e01000000ffffffff
561,6331,52553,1.188417753,1.461033599,2.677998793,-0.473221239,1.441873432,-0.807416364,3.861286064,68b81630b84d2fc09f3f2024205c000000000000ae51000000000000ffffffffbd54752a1b5c8ac8,d60fbb2e631e0429c43c6b3739d0915467b1e1520b0c10010e0840005444392b02010000ffffffff
562,6332,52554,1.188071209,1.452033290,2.677711146,-0.409919239,1.888189379,1.393656243,2.095853669,5fb8732fb74d3bc392537021205c000000000000d52a000000000000ffffffffb66ef92e6439535b,42164e4e473c6c3cdf3c883b003c0000e31270621d40e0011f5cd0006f6b210201000000ffffffff
563,6333,52555,1.199853699,1.533036073,2.964207267,-0.416811610,1.894870590,1.431337962,2.257037714,91b92e359b51384e1e29bf62178080010d000000fc02010000000000ffffffff75533c30e8479f60,8f15c74eca3c102fe33ca33b003c0000db4a105c1d40e0011f5cd0007672120401000000ffffffff
564,6334,52556,1.212868343,1.519231918,2.655849997,-0.306764702,1.662132533,-1.033219030,3.992359636,e3ba34346b4d4c495c84114e1734000120100000ba2c110800000000ffffffff6151d830394f7f64,b920503e521bb182143e7732b8ce55558e06b857033810010b3c9000c51c140604010000ffffffff
565,6335,52557,1.216256771,1.519949734,2.647508242,-0.422433320,1.828831511,1.409476812,2.076881073,3bbb41344e4d09447294f14c1740d00020000000bb21150d00000000ffffffffb96b652fb5368768,fd141b4a7e3c4b44eb3c803b003c0000c716201d1d40e0011f5c30027860230301000000ffffffff
566,6336,52558,1.200007718,1.530496108,2.944647291,-0.500944742,1.478813351,-0.742120562,4.060562471,95b900355751b24ec2ec6c611760d00020400000fc02010100000000ffffffff395b562b4a3bcd49,060d5831461f5e3bbc3c953752d05e548bad30540b0ce000111020005745352804010000ffffffff
567,6337,52559,1.205436904,1.527569628,2.793345123,-0.505911870,1.453413706,-0.722272939,3.910726797,22bacb34494f1a4e0864705a1780d00010600000ef08080000000000ffffffff8b572d2c7a415941,850c8c2f8b1f3636c03caa3737d04b5484bde0540b0ce000111020006051261e07020000ffffffff
568,6338,52560,1.208093740,1.526630945,2.730638141,-0.262715136,1.302727547,-0.829565161,3.858556599,67baba346f4ec54c067ca05d1780d00010600000e1130a0100000000ffffffff7270ee2ff43db355,3125e324161ee8150e3d373722ccb9549fbc555b0308b0001110e000a73b1c0000000000ffffffff
569,6339,52561,1.198929582,1.536183420,2.969960202,-0.430480837,1.454021088,-0.859768065,4.162757206,79b96735af510a4d577d0f611780d00018000000f708000000000000ffffffff3265903e8c5f880b,2c14972fad1d181ec63c423714d0be54112d244f032c10010e08400050413f2e02000000ffffffff
570,6340,52562,1.185799422,1.570528159,2.864106213,-0.424320059,1.863231466,1.479374962,2.143744529,24b8d5373f5011cd5b556c1a1774000120780000f306030300000000ffffffff5a65b4413f60100e,cc148a4c713d853dee3cb73b0c4e31d2ca2ad0191d40e0011f5cd0008c5f0b0800000000ffffffff
571,6341,52563,1.182988567,1.569202960,2.864969153,-0.361903671,1.329452392,-0.015237331,3.277157572,dbb7bd374250e2cd2305ec1f177400012078d000e90c060300000000fffffffff854cf2d6748c751,211bc72625299d4bf53cdb388a4dad50b881901504342000247830008b74000000000000ffffffff
572,6342,52564,1.211867217,1.525802696,2.698134063,0.000003566,2.162119035,3.012531914,1.404406637,c9baab34fe4d1f4a298880551780d00010000000d4180e0400000000ffffffffc153d42e554f0768,d83faf614352b1893838d53900008ad8d30178001f84d00122000000e616020100000000ffffffff
573,6343,52565,1.215255645,1.526410078,2.698134063,0.000003566,2.162174252,3.142548226,1.441713442,21bbb634fe4d94458ce8410b178000010d000000c6270a0700000000ffffffffb156132de45f8ac0,d83fb0610754177f0738bf390000c5d80d0278001f84d00122000000f20b020000000000ffffffff
574,6344,52566,1.186068956,1.452530240,2.718269332,0.095534139,1.677372320,4.493624812,2.095640053,2bb87c2f444e4ec89003022d205c000000000000d32c000000000000ffffffff1d54aa2bb659b2c9,8949643f6066ff5c3933be39d24581db7c22dd471b68200221640000c529100000000000ffffffff
575,6345,52567,1.104053592,1.472463440,2.677998793,0.246550223,1.846445613,4.513472435,2.060130623,d9afe530b84d2fc0a73e2024205c000000000000ae51000000000000ffffffff5c536e294a5533bf,db585a4ba566ff630d34ff39564b84db673ece511b68200219840000d617120000000000ffffffff
576,6346,52568,1.113217750,1.480469850,2.663041164,-0.419044892,1.860746718,1.356549818,2.049233744,c7b07631844dbe42a302d05f205c00010d000000be41000000000000ffffffffaf535428ef57a4c9,55155d4cc63beb5fdc3c683b003c0000aa1201271d40e001177cd00066573e0201000000ffffffff
577,6347,52569,1.113949342,1.473622989,2.662753518,-0.431790003,1.799566702,1.371507447,2.040310232,dab0fa30834d523e901a101d205c000000000000e01f000000000000ffffffff775bab2fc85ef3b0,0a140948fa3b0b5ce83c5d3b003c0000ed42611d1d40e0011f5c30026e4c400202000000ffffffff
578,6348,52570,1.184374742,1.464346597,2.803125111,-0.433522722,1.990837077,1.421557974,2.191691626,ffb752306b4fd6c8f7eeb53b205c000100000000a559010000000000ffffffff80603b30f75d11b7,dd139155a83c3344d43cba3b003c0000df0ad01e1074e0011f5cd000866a0b0301000000ffffffff
579,6349,52571,1.181640897,1.468763926,2.858065632,-0.409418676,1.973057325,1.643621232,2.064136041,b8b7a2302a50f2c8b9dec73d205c000000000000a857000000000000ffffffffbd6094330e5af001,4f164f54ac3fcd4b7d3e1437003c00008a2650201d40f0011e341002b52e1c0000000000ffffffff
580,6350,52572,1.193769930,1.573178556,2.857490339,0.515506713,1.937387388,4.909561952,2.191731500,f3b8053828502dc8efedf916178000011d340000b14c010000000000ffffffffca59c122af50adb9,2474c951066c9f5ed833c03a824f2cdcabcace521a6c200219000000a557010100000000ffffffff
581,6351,52573,1.138553952,1.487482361,2.812617452,0.193567528,1.726846412,5.792062051,3.134865963,59b3f5318c4f174a545a224a205cd00000000000f906000000000000ffffffff9d55152513520cba,7b53e4420278db5a7b2e593b9e49f9dc574f1d0a1968b00100000000db1d070000000000ffffffff
582,6352,52574,1.128273152,1.484500663,2.734665195,0.577807587,2.042409401,5.126735216,2.517195560,4eb2bf317d4eba487196114e205cd00000000000f30c000000000000ffffffff395b562b4a3bf438,767a3759f96ec771d335e23b36505edc9235c30e1a6c900122000000f00e010000000000ffffffff
583,6353,52575,1.050300799,1.617351853,2.793345123,0.221907109,1.916460289,4.533032411,1.949926620,65aa253b494f1a4ed064705a1780d00010600000ef08080000000000ffffffffe35ac229b23cb035,5b564e50e96668340c2eb233944a8cdb6bbe387f1b68200219840000df140c0000000000ffffffff
584,6354,52576,1.041406174,1.618235319,2.796221590,0.149248427,1.906907813,4.992116557,2.387725269,7ea9353b534f1f4ef34cd05c1780d00010600000e813040000000000fffffffffb55342448551fc1,fc4ea14f256d3c2d042d673559483edcb519c53d1a6c900122000000bb42010100000000ffffffff
585,6355,52577,1.128850725,1.475942087,2.729775201,0.141431939,1.902159184,5.104874066,2.607249795,5db224316c4ee9466bbe614c205cd00000000000fa05000000000000ffffffff0e635f1e3e52f3bc,314e4b4fad6e2c2ea02cbb351f4859dca1e5643d1a6c900122000000db21030100000000ffffffff
586,6356,52578,1.150259431,1.482788948,2.889994417,0.249707622,1.864004499,5.601927577,2.882863216,89b4a03199504c4a4356b940205cd00000000000fd02000000000000ffffffff1d5e6b1e9f5afabb,2d59984c6d7570f98d30583b464bcedcde422a361968b00122000000af4e010000000000ffffffff
587,6357,52579,1.146948012,1.453027189,2.849723878,0.382279876,1.427848410,0.331952245,2.631449282,33b4852f0d50a0446a06144520d0700100000000ff00000000000000ffffffffcc65b8306a5a7cc2,a066bd2ddc2d694eea3d3439b64d174ee4c59e500d607001044000009d421b0401000000ffffffff
588,6358,52580,1.179022566,1.478647701,2.892870884,0.274196717,0.974243869,-0.423408009,3.474311261,74b75531a350e3c66972c93e205c0001000000008b74000000000000ffffffff9a60322f796027b6,a95ba60d9a23702d9b3d5838034b315351c65b05021030000d0000009c550f0000000000ffffffff
589,6359,52581,1.181024819,1.462137932,2.857202692,0.198804189,0.935150502,-0.422545069,3.463988813,a8b72a302750a9c9170f983a205c000000000000d12e000000000000ffffffff3f6cc92fe75782c9,0354e20a9d23a8318c3d5e38e4482b534b926b04021030000d0000009a5c080000000000ffffffff
590,6360,52582,1.174478992,1.483065031,2.936593183,0.329258676,1.002183479,-0.478636177,3.550976772,feb6a5313b51f5c3711e7d38205c0001000000009966000000000000ffffffffb35bbe2ee4604fb6,3f61a00fda221039a53d4238314c8853e835cd07021030000d000000a1332c0000000000ffffffff
591,6361,52583,1.183758664,1.457996685,2.802837464,0.522283570,1.472408223,-0.629363052,3.495390876,efb7df2f6a4f72c93cd3c538205c000000000000d629000000000000ffffffff3056432ee75d41b5,d474e430ce207e410d3ee7375550015448f58f5d031030011408c001693a34160b080000ffffffff
592,6362,52584,1.186338490,1.461144033,2.718269332,0.297569171,1.215430069,0.407315683,2.488130428,32b81830444e8ec76f1b6231205c000000000000ab54000000000000ffffffffff5bbc2c3d37542c,085eb61ee22e373cb23d4839564cde4d1eb6ce0e0d5c400010600000d51c050503000000ffffffff
593,6363,52585,1.051802488,1.615640138,2.797947470,-0.427400448,1.426026262,-0.854015131,3.944721231,8caa063b594f904eba88f0611734000218400000f10b010101000000ffffffffb056b92f705988e3,7c149c2dc11d5020cc3c4b37d8cfb6542891744b032c10010e084000594a3b1e03000000ffffffff
594,6364,52586,1.196811814,1.578645002,2.745308123,-0.360170952,1.173244571,-0.731477633,3.831003007,42b96838a24e30c47116d229178000010d000000a159050000000000ffffffff945d0a3de761b003,4e1bba1b6b1f802d0f3dc23758cd845456e951500308b000044400009c3f1a0a00000000ffffffff
595,6365,52587,1.185799422,1.575387221,2.780401021,-0.473221239,1.421885015,-0.792746382,3.942498554,24b82d381c4f80cd7d0dda1b17740001207ce001cf210d0200000000ffffffffb95a873161382da6,d60f512d961e8231c93c773718d08754906d624b0b0c10010e084000604e311c03010000ffffffff
596,6366,52588,1.204936341,1.516968036,2.754225171,-0.328943505,1.196435552,-0.792458735,3.877434098,15ba0b34c14e884d2d6091551734000118100002b93a070300000000ffffffff3c5d182d62343008,791e5e1d971ec420103d943701cdac540cf982530308b00004440000a23d1e0200000000ffffffff
597,6367,52589,1.046681341,1.614425372,2.819808620,-0.365253594,1.421498499,-0.877314514,3.962259521,07aaf03aa54f094f853524661734800120400000f00c020000000000ffffffff415ef13fc0612805,ca1a4a2d701db00ede3c2b37a8ced954b555644e032c10010e0840008b3a280b06000000ffffffff
598,6368,52590,1.182911557,1.574503755,2.786153955,-0.295136233,1.244142712,-0.834742801,3.924876687,d9b71d38304f18ce5285f921177400012078f001c128110400000000ffffffff7058a230473c8f63,e721be20041e0015103d693797ccbe54ac04555d0308b0000444e000a43d1d0100000000ffffffff
599,6369,52591,1.207054108,1.517520203,2.713666985,-0.364406487,1.393558889,-0.854302778,3.900674690,4cba1534344ee84c60a8f24d1734000120604000bd3c050100000000ffffffffb055ca2f97401764,e01a502bc01d2014e73c3a373cceca5492f9534e032c100102384000953f1b0a05000000ffffffff
600,6370,52592,1.209402905,1.518293235,2.671095272,-0.359824408,1.365011896,0.128873669,2.991464559,89ba2334a04d304c6c54524c1734000120604000bb3b050300000000ffffffff325d1f323433699b,571b4b291a2bfb44f03cff387e4d0a50c46170160d1040021e402000bb3f030200000000ffffffff
601,6371,52593,1.202510534,1.518238019,2.803125111,-0.435601984,1.929270545,1.448021471,2.165332824,d6b922346b4f7d4e5e6493551734800110100002a93e140301000000ffffffff425ba529e8352016,a7133651043dad38833e4d36003c00009b12105d1074e0011f5cd00078750c0501000000ffffffff
602,6372,52594,1.027775452,1.616247521,2.796221590,0.000003566,1.795756755,6.122568118,3.486132505,1ca8113b534f3a4faa71e2571734000218400000f407040000000000fffffffff15017326b5728f0,d83fc4477f7c87697029953b000046ddbe0218041968b00100000000f906000000000000ffffffff
603,6373,52595,1.195233115,1.583172765,2.644919422,0.000003566,1.929215328,4.403016099,2.153885572,19b9ba38454d15c4e3be020e174000020d740000ba2d100700000000ffffffff9c5d6527a9387806,d83f355125653034af30fc3200003bdb13fef77f1b88a00121640000da1f050000000000ffffffff
604,6374,52596,0.979836894,1.616026654,2.849148584,-0.016052963,1.886091147,6.345781963,3.645706574,3fa30d3b0b503f4fc515564a1780d00018400000f00d020000000000fffffffffd5b13253b3c2f6e,373e284e877fb829d425af3873ba79dd690054331968000000000000ff00000000000000ffffffff
605,6375,52597,1.028738074,1.623370465,2.837067423,-0.499481557,1.986530181,5.052522365,2.715802059,35a8923be14ff54e21f585431780d00018000000c43a010000000000ffffffffaf6e8a2c7d3c8f4f,2c0d4355f76df3596e322b3646cf4ddc69b0b2221a6c900122000000e419010100000000ffffffff
606,6376,52598,1.200469776,1.536404287,2.964207267,-0.056329053,1.889845877,6.301484370,3.583557271,a1b96b359b51e64db3992f5b1780d00018000000f509000000000000ffffffff3a701f29323bd42a,213a6c4eed7e074b2f28a93873c26fdd20bc001f1968000000000000ff00000000000000ffffffff
607,6377,52599,1.063970026,1.624309147,2.979452543,-0.499481557,1.986530181,5.052522365,2.621679504,c8aba33bd051ba4e02eebb041780d00018000000f20d000000000000ffffffff595bb327143de644,2c0d4355f76d0f6c632ae83946cf4ddc5cb1b2221a6c900122000000e419010100000000ffffffff
608,6378,52600,1.205475409,1.532207824,2.814918626,-0.093601764,1.679746635,4.493337166,2.127547413,23ba1f35944f654e100c005d1780d00018400000d429020000000000fffffffffd5b13253b3c6775,59368f3f5f66274b26329139d2c581db60e5c2471b68200221640000c529100000000000ffffffff
609,6379,52601,1.204897836,1.534471705,2.837067423,-0.088172578,1.676875371,4.413371381,2.043781805,14ba4835e14ff54e33f585431780d00018000000c43a010000000000ffffffffaf6e8a2c7d3c94d2,e6365b3f4965734e813271395ec54fdb995d42091b88a00121640000bf29160100000000ffffffff
610,6380,52602,1.082683391,1.628063878,2.964207267,0.203848327,1.769860160,5.788610290,2.961369564,aeade73b9b51e64d8e9c2f5b1780d00018000000f509000000000000ffffffff3c730029354188e1,8654ef45f67728171b25a1377449f5dcf821ee211968b00100000000e317050000000000ffffffff
611,6381,52603,1.060350569,1.627346062,2.996423699,0.054449446,2.555040510,2.177205875,1.594857956,6aabda3b0b52544df0c8ce531780d00000000000d02f000000000000ffffffff016f52285f41d0f2,5e457b7deb46b76e9832013040422ed6a3745d771d7c000100000000ff00000000000000ffffffff
612,6382,52604,1.060620103,1.628726477,2.971686082,0.055912631,2.544659785,2.091487156,1.619605222,71abf33bb551704df0c44c4d1780d00018000000ca35000000000000ffffffff9e6dfa276b3ea754,8445bf7cc1451772043201307242d8d5d16cac391d7c000100000000ff00000000000000ffffffff
613,6383,52605,1.202086981,1.538226435,2.963631974,0.000003566,2.590600014,2.165987653,1.785701864,cbb98c359951254eb2c99e531780d00018000000d926000000000000ffffffff016f52285f416f64,d83fff7fc446e77fa032372f000030d601fee77f1d7c000100000000ff00000000000000ffffffff
614,6384,52606,1.201894456,1.540490317,2.971686082,0.000003566,2.554046611,1.820811604,1.948422474,c6b9b535b551704da7c54c4d1780d00018000000ca35000000000000ffffffff5754f62d6d56c6c8,d83f697d1442ef7f0530ea2e0000bbd402fed77f1d40f0010d000000f508020000000000ffffffff
615,6385,52607,1.198352009,1.580688017,2.712228751,0.000003566,2.555923976,1.726463484,1.832718562,6ab98d382f4eaab44032a024178000010d000000a456040000000000ffffffff6871622d2643883b,d83f8b7dcc40ef7fcb2edb2e000072d401fee77f1d40f0010d000000dd1c050000000000ffffffff
616,6386,52608,1.199699679,1.540821617,2.979452543,0.000003566,2.569231181,1.900202096,1.913551286,8db9bb35d051414cdaf55f211780d00018000000dd22000000000000ffffffff14561f31bc59a0fa,d83f7c7e2843e77f9f30f92e000001d501fee77f1d40f00100000000fc02010000000000ffffffff
617,6387,52609,1.195772183,1.579031518,2.731501081,0.095803673,2.538696390,1.826276892,1.717649039,27b96f38724e5ec547ca5415178000010d740000b543060000000000fffffffff2532c2f5f5504d9,9049537c2742677703302830b445c1d4ff00ac7b1d40f0010d000000f408030000000000ffffffff
618,6388,52610,1.197774436,1.581626699,2.707338757,0.088372234,2.537923357,1.995700803,1.628405700,5bb99e381e4eb8acba0ac111178000010d000000be39070100000000ffffffffe35ac229b23c2e44,cf48457c7444cf7144311b30254568d5c2f80c391d7c000100000000fe01000000000000ffffffff
619,6389,52611,1.205667933,1.529778292,2.796221590,0.079362095,2.549353198,2.063873072,1.686544450,28baf334534f1f4e064cd05c1780d00010600000e813040000000000ffffffffcb29e12af1499bc2,e547147d6145076ece310a309544bbd5a2404d371d7c000100000000ff00000000000000ffffffff
620,6390,52612,1.230619087,1.504765163,2.738979895,0.094340488,2.532732995,1.919762072,1.737516837,b0bc2e338c4e9b4a97f27fdd1e8cd00000000000a15c020000000000ffffffff1e1da92ae366e8c9,6a49e77b6c43d774a63027308b4513d5df806c3a1d40f00100000000fc02010000000000ffffffff
621,6391,52613,1.241824003,1.422768481,2.872160321,0.107971210,2.525886134,1.522234322,2.079613165,d3bd612d5b506acb561f06b62378600200000000fe01000000000000ffffffffcf1ac32d5762b2ca,cc4a6b7b063e7777d12a3d30c04664d301eddb7a1d40f0010d0000008974020000000000ffffffff
622,6392,52614,1.241901012,1.455125421,2.888268537,0.086716524,2.507885516,2.122265354,1.740550457,d5bdab2f935066ca487bd5b52378600200000000ef10000000000000ffffffffd525222722384f6a,a448257a2c4697641b326130fe44ead55d746e321d7c000100000000fe01000000000000ffffffff
623,6393,52615,1.224689337,1.617462286,2.791331596,0.093377866,2.535990776,1.731353478,1.801974983,16bc273b424f3f4f0552fdd01e8cd00024400000ee0f020000000000ffffffff7e12fa27713e582b,5149227cdd40c778b92e2a309e4574d414ad3b7c1d40f0010d000000dc1e050000000000ffffffff
624,6394,52616,1.252412841,1.538226435,2.963631974,0.091260098,2.513186311,2.097815384,1.745984198,e6be8c359951254eb135a1d31e8cd00024000000d926000000000000ffffffff81226527ab38d013,1a49857ad745ef66f33159304345d5d56ef8bd331d7c000100000000fe01000000000000ffffffff
625,6395,52617,1.253606492,1.531490008,2.849148584,0.091144584,2.519922739,1.639018885,1.947493476,05bf12350b503f4fc1e859ca1e8cd00024400000f00d020000000000ffffffff4967b321786b19b9,1749ff7a9c3f9f782d2d2a308b451cd412b92b7c1d40f0010d000000bf3a050000000000ffffffff
626,6396,52618,1.123229015,1.584553180,2.904664399,0.255945411,1.628008661,2.308372774,1.053391158,cbb1d338cc50aacb53dd3f2520d0300300000000db24000000000000ffffffff0b68731dcf6ed8bf,cf59e63bb348b244833a9238f54b68d62ae25d0a1f74100210880000b92a1c0000000000ffffffff
627,6397,52619,1.113448779,1.583669714,2.910129686,0.244933019,1.620278334,2.434649678,0.990828469,cdb0c338df5031cc92f19f1c3480300300000000a25d000000000000ffffffff217271075b628802,b1585a3b6a4aa1437a3ac338a94be0d636da3d0a1f84d00122000000b43a110000000000ffffffff
628,6398,52620,1.098624406,1.521716666,3.022024256,0.210856213,1.836948355,3.124138837,0.947592090,4caf61346452af4448a6e87e3ae4500333d060038648250703010000ffffffff2b6ebf09c66798fc,3c55ae4ac753102bbc3aeb39314ac4d8ec354c3a2188f0011b000000b236170000000000ffffffff
629,6399,52621,1.113448779,1.530606542,2.980027836,0.155755749,1.759148136,4.401577866,1.729222856,cdb00235d25132bc9f8a7a7b33d440033ad890037c52280802000000ffffffff57220d244f40481a,a54f2d452065a94a3d3aee3ba64845db20963e4e1b88a00121640000c62b0e0000000000ffffffff
630,6400,52622,1.253991540,1.536735587,2.860366806,0.187522264,1.809284828,3.261346316,1.171505175,0fbf71353250624e05f5fcc61e8cd00000000000a05e000000000000ffffffffd3224f22e146a424,de52b948a455702caf3a213add490ad9ffb51c392188f0011b000000a852050000000000ffffffff
631,6401,52623,1.254376589,1.540214234,2.861517393,0.167384219,2.449079814,1.577750136,1.911974745,19bfb0353650464dd8c0ccc72378d00000000000b14e010000000000ffffffff0d2c5c2f7148fc24,d350fc75c73e476d3c2bec300f49a1d396a49d761d40f0010d000000a159050000000000ffffffff
632,6402,52624,1.257649503,1.521827099,2.674259386,-0.534752015,1.983879783,-0.785842861,3.924092690,6ebf6334ab4d774943e4eed01e34000123100000c4210e0c00000000ffffffff7c2b992e5a48682d,98091355ae1e43b4773ee130f8cfb95493ce12380e0cf00011102001903e180f0b000000ffffffff
633,6403,52625,1.257456978,1.523870114,2.688066428,0.174161075,2.400710054,2.078255408,1.521265189,69bf8834db4dd34927540fd51e34300210000000ce18100900000000ffffffffbe1de03b832d2809,835190729345afb7833140310949add50664ff221d7c000121000000f708000000000000ffffffff
634,6404,52626,1.249563481,1.507636427,2.861517393,0.158643614,2.471663412,1.854466269,1.770199466,9cbe62333650904e14e996d82478d00004400000665a3c0200000000ffffffffdd21842ee43464d5,f04f95778942a9990930ce30aa48d8d466641e331d40f0010d000000f406060000000000ffffffff
635,6405,52627,1.252874899,1.523814897,2.834766249,0.298339268,1.685599597,3.125864717,1.010965320,f2be8734d94fcc4e308ccce01e344002108c0000e119040100000000ffffffff3d783505df5c7827,1c5ef93fcd535640783ade39564cc6d8365a9f132188f0011b000000b534160000000000ffffffff
636,6406,52628,1.217411917,1.564178247,3.078403010,-0.349967162,1.300298016,0.131174843,3.348501728,59bb623728531f49dd25ee3039e8500334000000fd02000000000000ffffffff40764200f35edf62,571cb724222bed45fe3c02395d4d1150926510160d1040021e402000b844020100000000ffffffff
637,6407,52629,1.192961327,1.450376791,3.060281268,-0.351969415,1.232271139,-0.123967787,3.545958702,deb8552fe9526a4802d6394139e8500334cc0000f40a010000000000ffffffffbd54752a1b5c00d0,231ce71fab273b55063dbe38564d3c51033ed1110434200003440000d921040100000000ffffffff
638,6408,52630,1.106517903,1.464953979,2.677711146,-0.421432194,1.935565240,1.408901519,2.041074307,19b05d30b74d3bc38e527021205c000000000000d52a000000000000ffffffffaf6e8a2c7d3c0148,1715a8517c3cc428da3ca23b003c0000ce8ec0591074e0011f5cd0007c6b140201000000ffffffff
639,6409,52631,1.037555688,1.622983949,2.964207267,-0.435601984,1.929270545,1.448021471,2.136076866,1aa98b3b9b51e64dce982f5b1780d00018000000f509000000000000ffffffff805b0837ef5e6800,a7133651043d3538e03cb83b003c0000df12105d1074e0011f5cd00078750c0501000000ffffffff
640,6410,52632,1.190574026,1.576822853,2.748472237,-0.433522722,1.990837077,1.421557974,2.137708933,a0b84738ad4e22cb2152a80e178000011d340000df0e0d0301000000ffffffff2072462a12438c27,dd139155a83c9844773e4936003c0000b50ad01e1074e0011f5cd000866a0b0301000000ffffffff
641,6411,52633,1.201085854,1.541152916,2.988081944,-0.437296199,2.070901178,1.456938519,2.304198160,b1b9c135ee51ba4cfd61ef201780d00000000000cb34000000000000ffffffffff2baa2bb85928bf,7b133b5b233d0b5a6b3e8b36003c0000c5d6e01f1074f0011e5cd0008c6c040200000000ffffffff
642,6412,52634,1.245558975,1.461033599,2.677998793,-0.398714323,1.173355004,-0.626486585,3.702163863,34be1630b84d2fc09fc32fa42378000100000000a757010000000000ffffffffb12b9527755a59ae,6517bc1bd820a2340b3d0438bfcd37547381f14f030840000b440000803f340c00000000ffffffff
643,6413,52635,1.229925999,1.466500045,2.662178224,-0.141386303,1.158888250,-0.851138664,3.783981765,9ebc7930814dc7b291aa1f9b2378000000000000f00f000000000000ffffffff5c298624c35dadae,8031b61acb1d0014393d3e3715c8c154c010d656020cb00004000000a758000000000000ffffffff
644,6414,52636,1.230965630,1.445186429,2.719132272,-0.101572271,1.119739665,-0.854015131,3.827395357,b9bcf72e474eedbd8e8eaf972378600200000000fe01000000000000ffffffff1b2c9c269c5448bf,8a35f117c11de011463d3d37cdc5d054ce341657020c40000b000000bd42000000000000ffffffff
645,6415,52637,1.230657591,1.479531167,2.684327021,-0.325093019,1.515256321,-0.957280299,3.960169203,b1bc6531ce4de24588921fd62378d00000000000ef10000000000000ffffffff5f2b752a1b5c73b7,dd1eec335a1c3806d33cdc36d1ce215548d9674f0344b0000e08f000b21d1d1102000000ffffffff
646,6416,52638,1.245366450,1.452033290,2.677711146,-0.342073665,1.413657739,-0.887382149,3.902733530,2fbe732fb74d3bc392af7fa12378000000000000d52a000000000000ffffffffb02bc825cb570bb5,241dbc2c4d1de007e93c1437dccded545a3d974c032c10010238f000ab2e170a05000000ffffffff
647,6417,52639,1.230734601,1.471138241,2.678574087,-0.486505417,1.376993902,-0.658990663,3.754612483,b3bccd30ba4dfd428272af942378000000000000f609000000000000ffffffff5629ac256b5f29af,7d0e242a6720c034dd3cd73782cf3654b975c057032c400002381001764e220e07050000ffffffff
648,6418,52640,1.230426562,1.438505218,2.713666985,-0.363135826,1.453965872,-0.903490365,3.952658271,abbc7e2e344e86c3b1a64f992378600200000000fd02000000000000ffffffffec29432ee75dbeca,011b962f151dd80bd43c1b3738cfeb5491f9d44f032c10010e08f0008333311503000000ffffffff
649,6419,52641,1.244519343,1.461144033,2.718269332,-0.021251120,0.865743209,-1.238023486,4.196299545,19be1830444e8ec76fe76db12378000000000000ab54000000000000ffffffff821f322f7960dac9,b03df9058a18b749623d97350cbd6e5679f572470308a00007000000c530080100000000fffff9ff
650,6420,52642,1.242709614,1.462137932,2.857202692,-0.020750557,0.960936664,-1.569967786,4.631130830,eabd2a302750a9c917f397ba2378000000000000d12e000000000000ffffffff9c1f3b30f75db8c7,bd3db50c081472345e3d9c34d6bc895752cdc24a0328700005182000694b480200000000fffff9ff
651,6421,52643,1.242863634,1.468763926,2.858065632,-0.028066482,0.920628530,-1.453758516,4.528525506,eebda2302a50f2c8ba22c8bd2378000100000000a35b000000000000ffffffff471a332fe65f5ac8,ff3cdb099c1594315d3df43496be28573e71b34903287000021460009f34290300000000fffff9ff
652,6422,52644,1.242016527,1.464512246,2.890569710,-0.175386099,1.759092919,4.482406591,2.151685997,d8bd55309b5098c915abe5b82378000000000000d22d000000000000ffffffffa524ab2fc85e30ce,0d2e2c453966c7449e317d3939c976db2df9314c1b68200221640000cb1b190000000000ffffffff
653,6423,52645,1.243556722,1.464346597,2.803125111,-0.074041292,1.904312632,6.157085723,3.630246055,00be52306b4fd6c8f60ebabb2378000000000000ac53000000000000ffffffff5f1f94330e5a0f7e,5538724ff77ca53a102a7d3846c44edd2a85f02a1968b00100000000fe01000000000000ffffffff
654,6424,52646,1.248254315,1.573178556,2.857490339,-0.043930486,1.931092693,6.140114567,3.545908334,7abe053828502dc8ef11f6961e8c00010d740000b14c020000000000ffffffff1c1ea11d6a5aacc3,633b5751bc7c042966297238a1c24add8c6d337a1968b00100000000fe01000000000000ffffffff
655,6425,52647,1.235124156,1.454573255,2.877913255,-0.063259929,1.888134162,5.998017094,3.407172472,25bda12f6f50f54461ee95c12398e00100000000ff00000000000000ffffffffb9287a22565c73b6,6d394d4ece7aa42b2f2b4638dac227dd246ef3781968b00100000000fa05000000000000ffffffff
656,6426,52648,1.231851242,1.448885943,2.739555189,-0.069805756,1.910938627,6.221806232,3.746181517,d0bc3a2f8e4e2d3c61ee1e902378600200000000fe01000000000000ffffffff8a253b20165b72c0,c338ea4fd87d3a354329913857c35bddd2e4002e1968000000000000fe01000000000000ffffffff
657,6427,52649,1.233160408,1.452364590,2.801974524,0.371382999,1.046688076,-0.547959034,3.482712819,f2bc792f674fcd42667a3dc92398e00100000000ff00000000000000ffffffffe012152f2e5a09c2,8565c612e9215843af3d2a38e94cee53c5f50d4b020c40000d000000a73b1d0000000000ffffffff
658,6428,52650,1.240938391,1.476991203,2.943496704,-0.540335220,2.033629958,-0.717958238,4.109627073,bcbd37315351ebc5b8c661b22378000000000000b649000000000000ffffffff0a207b1fe44c49c4,070998589a1fe1a3823e823093cf8554ad22b16d0e0cf0000444d0006f501e1c05000000ffffffff
659,6429,52651,1.234508078,1.496427453,2.877913255,0.424327190,1.863231466,1.479374962,1.657361642,15bd97326f504b4c6bf22ac32378d00000000000f40b000000000000ffffffffe722ef20e94cb9c4,e46a8a4c713def3f6c3f6c360c4e31d269d6df191d4070011f78d0008c5f0b0800000000ffffffff
660,6430,52652,1.233853495,1.496648320,2.858065632,0.000003566,2.545156735,1.225670566,2.299232306,04bd9b322a501d4c514aadc82378d00000000000f20d000000000000ffffffff3a25c229b23c534a,d83fc87cff398539b23f473b000053d1fafdf73f1074d0001f000000e815030000000000ffffffff
661,6431,52653,1.225536444,1.618235319,2.796221590,0.000003566,2.545156735,1.357700405,2.104865161,2cbc353b534f1f4ef4b0dfdc1e8cd00010900000e813030000000000ffffffff81226527ab388779,d83fc87cca3bbf38af3f7f3b00003bd2d5fdd73f1074d0001f000000bc42010000000000ffffffff
662,6432,52654,1.224381298,1.616026654,2.849148584,-0.550115456,1.968750429,-0.643745387,3.933644759,0ebc0d3b0b503f4fc4e959ca1e8cd00024400000f00d020000000000ffffffff202413253c3ce011,090801549c204ec8773ec72f40d02c54b39d92770e1030000f442001b227150b06000000ffffffff
663,6433,52655,1.225151396,1.623370465,2.837067423,0.388787199,1.759976385,1.489154950,1.592179098,22bc923be14ff54e21098ac31e8cd00000000000c43a010000000000ffffffff57220d244f4020f2,49673c45933d133c5b3f6236374d5ad24e023f111d4070011f780002a1470b0b00000000ffffffff
664,6434,52656,1.225574949,1.624750880,2.860366806,-0.368372488,1.895588406,-1.032643736,4.215394700,2dbcab3b3250624ec3f4fcc61e8cd00000000000a05e000000000000ffffffff6e118a2c863c8230,791ad44e541bff784a3ead32f4cd7155e71ed7690344f0000e244000a22a1c1700000000ffffffff
665,6435,52657,1.251565734,1.536404287,2.964207267,-0.503563073,1.970793444,-0.972525574,4.332093782,d0be6b359b51e64db26130db1e8cd00024000000f509000000000000ffffffffb40e622d2e4365c5,c20c2654251cb9846e3e58327cce5d55bc4dc77a0338f00011109000664e272202000000ffffffff
666,6436,52658,1.226768600,1.624474797,2.979452543,-0.522622982,1.992604009,-0.925639161,4.294837743,4cbca63bd051414cce0860a11e8cd00024000000dc22000000000000ffffffff651085272e447dc0,d30ab155c81c818f763e0432d7ce4155a0a1177e0e0cf000111090006656231d03000000ffffffff
667,6437,52659,1.225459434,1.626683462,2.976863723,-0.532672752,2.010604627,-0.845673376,4.224951375,2abcce3bc751ea4c374d43881e8cd00000000000b549000000000000ffffffffcd0c0f2c083fc5a8,ce09f756de1d919c7b3e5c3199cf01556bd6547d0e0cf000111020017d491d1606000000ffffffff
668,6438,52660,1.226807105,1.626849112,2.993547232,-0.459243972,1.938215637,-1.023726688,4.367860700,4dbcd13b0152634dbec400de1e8cd00024000000e51a000000000000ffffffffc6116526fb4b39c7,4111d851731be77b5b3e7e325fce70557046e876033810010f1090008134282200000000ffffffff
669,6439,52661,1.237703982,1.502390848,2.969672555,-0.402911353,1.894815373,-1.051628419,4.360788599,68bd0333ae517f4a28fad0902378d00000000000c539000000000000ffffffff840fbd28e149a5c2,f816c64e121b4f71483e813258ce7755d212ea6f0344e0000f2440009827241a00000000ffffffff
670,6440,52662,1.238281555,1.508133377,2.980603130,-0.414847862,1.955829739,-0.988058497,4.322446530,77bd6b33d451bc4a239610942378d000000000008877000000000000ffffffff9e0e00264c44c99b,c2151753ef1b69855e3ea23208ce7155cd1e166f0344f0000e1090009929241901000000ffffffff
671,6441,52663,1.225305415,1.627953444,2.988944884,-0.496401168,1.993597908,-0.902915071,4.271363172,26bce53bf1511c4d174da6831e8cd00000000000b34c000000000000ffffffff1b1152286341598d,7c0dc355171da9997c3e113288ce4655a511767c0338f0001110900071422b1e03000000ffffffff
672,6442,52664,1.226152522,1.628726477,2.971686082,-0.463402498,1.981008519,-0.958143239,4.292115713,3cbcf33bb551704def3453cd1e8cd00024000000ca35000000000000ffffffffe00c00293d41619e,d510df54571ca188723e76322ece6555bf71c679033ce00011109000882b262501000000ffffffff
673,6443,52665,1.226114017,1.627346062,2.996423699,0.126068497,0.896001917,-0.430599177,3.672798687,3bbcda3b0b52544def34c1d31e8cd00000000000d02f000000000000ffffffff211a4830445de3c2,a24c1d088123803b7d3d5e38cf453f531ac2eb03021030000d0000009e5b050000000000ffffffff
674,6444,52666,1.242132041,1.471248674,2.892870884,0.577807587,2.042409401,5.126735216,2.399521080,dbbdcf30a350c9c8b22a06bd2378000100000000aa55000000000000ffffffff2a0f513348483d44,767a3759f96e2c228535ea3b36505edcab37c30e1a6c900122000000f00e010000000000ffffffff
675,6445,52667,1.249601986,1.545238946,2.965645501,0.615657870,2.041084202,5.120694635,2.300431357,9dbe0b36a0516348c505a09f1e8cd00024000000ea15000000000000ffffffff750da63b02493542,4d7e1f59e46e8c299735e13b7a505ddcd5594e0e1a6c900122000000ef0f000000000000ffffffff
676,6446,52668,1.247330198,1.543637664,2.967083734,-0.310923228,1.673728023,-1.034657263,4.296394797,62beee35a551c1427001f09f1e8cd00024000000fe01000000000000ffffffff0e0e6e379b48f546,4d20223f4d1b118f153e45321fcf5e55b24d034e033810010b3c9000c11f140504010000ffffffff
677,6447,52669,1.248485344,1.544631563,2.967083734,0.069812888,2.517658857,1.227396446,2.315720781,80be0036a5511946a619f09b1e8cd00024000000f906000000000000ffffffffb70db73bb44e9354,ed46d67a053a76349e3f413bde4446d10b520b3d1074d0001f000000e716030000000000ffffffff
678,6448,52670,1.246983655,1.550098009,2.961043154,0.170387598,1.630438192,5.112065234,2.406742530,59be6336905138c07d6db09d1e8cd00000000000fc03000000000000fffffffff7128046aa56e352,2151123cc66e4f6241319f3af64860dc6c568c451a6c900122000000b3410a0200000000ffffffff
679,6449,52671,1.243056158,1.553521439,2.922498495,0.172120317,1.674832356,4.968817173,2.312799180,f3bda1360a51b0cb0de9f0a51e40d001235cd000fd01010000000000ffffffffd714d440dc5a6763,4e51363fd46cd761c431773a03493edc7416bc441a6c9001220000009c57070500000000ffffffff
680,6450,52672,1.244288314,1.562466532,2.905814986,0.322520324,1.771240576,5.126447569,2.413390126,13be4337d05045cc2495919e1e743002105cd000fc01010100000000ffffffff570ed03f3e4fed4d,90600846f86e5b5a1732c93ab34c60dcd1920d091a6c900122000000d127060100000000ffffffff
681,6451,52673,1.245790004,1.548938460,2.955290219,0.229762102,1.766823246,4.640324633,1.979678624,3abe4e367c51bfc44d4930a21e8cd00010000000fe01000000000000ffffffffa811b6428c55e355,2757b8455e683f635533243acb4ad6db57e61c481b68200219840000c436050000000000ffffffff
682,6452,52674,1.244326819,1.554791422,2.929977309,-0.471026461,1.935178723,5.116379934,2.804904243,14beb83624513dca24c5f0a21e8c00011d5cd000fe00000000000000ffffffff4b162b44b25baf5f,0f10a151d56ecb58c82a053adcce5ddc3705b1111a6c900122000000e715020100000000ffffffff
683,6453,52675,1.243094663,1.561362200,2.896610291,0.188253856,1.756829038,4.527279477,1.951916598,f4bd2f37b050eacc07dda1a41e740001235cd000f803020100000000ffffffff56166a3ae9581f68,f1520345d5667f5e9933eb399e4992db83d63d4b1b68200219840000ca22130000000000ffffffff
684,6454,52676,1.246406082,1.564675197,2.902938519,-0.032186502,2.551948379,0.835621630,2.623605620,4abe6b37c650a3c990e541941e8cd00110000000f40b000000000000ffffffff091adb32ca321016,943c437db3342d3bc23f9b3a003c00005adaa37a1034d00100000000d629000000000000ffffffff
685,6455,52677,1.251142180,1.523925331,2.900924992,-0.091329977,2.532512129,1.089901320,2.469673169,c5be8934bf50d44ee1e874d51e34400204403002da12120000000000ffffffff231a6930fd33d813,9436e37b2738c13bce3f103b003c0000a87d063f1034d00100000000f607020000000000ffffffff
686,6456,52678,1.251604239,1.526244429,2.902650872,-0.463556517,1.750092610,0.306351688,3.119720160,d1beb334c550f34ead4025de1e90d000108c0000f208050000000000ffffffffd00f8532d43dc82b,d1108944832deb3fa03c3439dc456a442cc670120d90e00110100000784c310703000000ffffffff
687,6457,52679,1.250256568,1.535299954,2.967371381,-0.080240575,2.545267168,1.028920218,2.558876576,aebe5735a651ab4c8971d0df1e8c40020d000000fa04000000000000ffffffff0f0e09370343cf3a,b437ca7c53378539cc3ff43aca3bada8c0c5b73f1034d00100000000f30b010000000000ffffffff
688,6458,52680,1.248870393,1.538999468,2.970823142,-0.059794491,2.552776628,0.963049122,2.602211449,8abe9a35b251ad498e1170dd1e8cd00024000000fc03000000000000ffffffffb015bf2bb736181c,c739527d6e36ae3ac83fd53a003c0000d349d83f1034d00100000000eb13000000000000ffffffff
689,6459,52681,1.251950782,1.532207824,2.940044944,-0.043352913,2.554874860,0.885384511,2.635391627,dabe1f3547513c4fe27042dd1e8cd00024000000fd01010000000000ffffffffa515cd22de554ace,723b787d6035c83fc43fb13a003c0000f57d663f1034d00100000000de21000000000000ffffffff
690,6460,52682,1.237164914,1.476273387,2.943784351,-0.465058207,1.716962637,0.277299371,3.172638810,5abd2a315451ce453c56d18e2378000000000000fd02000000000000ffffffff8d197f21285e98cb,aa1031421e2dff52a63c2739964ae84936b6a0170d90e001101000008b3f260906000000ffffffff
691,6461,52683,1.237280428,1.440769099,2.910704980,0.114170494,1.672789341,4.657008142,2.089206561,5dbda72ee15065bd8046b18e2398e00100000000ff00000000000000ffffffffdd1b3c1ff65b3cc9,6d4b113f9868db5f9c32083ac346e5db6a566c451b68200219840000b546030000000000ffffffff
692,6462,52684,1.236086778,1.448278560,2.894309117,-0.484811203,1.778529170,0.321309317,3.113018358,3ebd2f2fa850a5406dc211cc2398e00100000000ff00000000000000ffffffff8814072a01388821,a90e8c46b72d4009993c3a399140123d026d26610d90e001101000006a53390603000000ffffffff
693,6463,52685,1.252181812,1.533477806,2.949537285,-0.446152318,1.808125278,1.346482183,2.351500736,e0be36356851404f686d01da1e8cd00024000000fb03000000000000ffffffff5615753dd859ff67,9512a448a33b9f6ce13c4e3b003c0000a24602281d780001177c30026456410301000000ffffffff
694,6464,52686,1.245404955,1.563626081,2.905239692,0.000003566,1.609566310,4.534470645,2.051226126,30be5837ce5009cb67c1e1971e8cd001105c0000fc03000000000000ffffffff7112703bd0534f65,d83f983aee66ff5f8f32b33900009edbeaed17401b68200221640000bd3b070000000000ffffffff
695,6465,52687,1.246637111,1.557110520,2.929689662,0.000003566,1.609455876,4.659596963,2.132935653,50bee2362351b2c68981f19a1e8c00011d000000f807000000000000ffffffff23155731b6367817,d83f963aa1680f60fd31e9390000eadbedfd07401b68200219840000ac51020000000000ffffffff
696,6466,52688,1.251026666,1.529060476,2.936880830,0.000003566,1.610781075,4.499090100,2.003056378,c2bee6343c51664ee7fc52de1e90d00023400000f704040000000000ffffffff971e8031d8323813,d83fae3a7366a760b632a439379c86dbf9e507401b68200221640000be360a0000000000ffffffff
697,6467,52689,1.251912277,1.522213615,2.866119740,0.499450184,1.986530181,5.052522365,2.358420131,d9be6a344650dc4ea74448d41e344002108c0000d11d100100000000ffffffff8e1ead2ab733081d,83724355f76d601b8433f13a464f4ddc6353ad221a6c900122000000e419010100000000ffffffff
698,6468,52690,1.252759385,1.529502209,2.875899728,0.000003566,1.608903710,4.419411962,1.989505405,efbeee346850b04f55b0d9d81e34400223400000f904010100000000ffffffffb015bf2bb7360c2f,d83f8c3a5e65935f0c3383395d2553db12ee17001b68200221640000c1221a0200000000ffffffff
699,6469,52691,1.226114017,1.614535805,2.940044944,0.150673107,1.609842393,5.284365612,2.579231392,3bbcf23a47513c4f367042dd1e8cd00024000000fd01010000000000ffffffff4314fd2bb6376016,214f9d3a1d712f5fa330c83a634885dcbf522c051a64b00122000000bf2a160000000000ffffffff
700,6470,52692,1.251873773,1.532925640,2.949249639,0.355326470,1.787474262,4.980035395,2.234431215,d8be2c356751054f1e49e3d81e8cd00024000000fc02000000000000ffffffff531e9e2f9a33c0e8,e4632e47fb6c3b5daf32a73a2d4d3fdcbb0a3d471a6c900122000000ab4d040300000000ffffffff
701,6471,52693,1.252181812,1.524477497,2.870722087,0.101425383,1.670635892,4.535908878,2.029396384,e0be93345650004f7518b9dd1e344002108c0000e115080000000000ffffffffeb2124307734081b,224aea3ef366ab5d0e33d13917469cdb70d2cc461b68200221640000c62f0a0000000000ffffffff
702,6472,52694,1.252720880,1.521606232,2.828438021,0.150981146,1.661580367,4.805433843,2.267583666,eebe5f34c34f9f4e5e9cabd41e344002108c0000d520080100000000ffffffffd4179c0181630c2c,294f463e9c6a0f633032423a6b4819dc67d21b441b682002190000008b71020200000000ffffffff
703,6473,52695,1.199237621,1.437456102,2.931990836,0.299455909,1.762626783,4.793065035,2.092591760,81b96b2e2b512b45d7ae618c2a9cc00229ace0025b54341206050000ffffffff0f1789017b5ee82e,395e6c45716a47610633653a624c14dc7ae64c471b682002190000009a62020100000000ffffffff
704,6474,52696,1.197851445,1.415369454,2.945510231,0.270962309,1.814475190,5.591859942,2.832238629,5db9db2c5a51414965cb018e2cb8a00227a46002a63f100901000000ffffffffae17b901c861942f,555b17494a75183d7330453be44bcbdc9413ef171968b00122000000ab51020000000000ffffffff
705,6475,52697,1.198775562,1.430057075,2.936305537,0.186482632,1.725962947,5.642773410,2.904697163,75b9e52d3a51fe460557818e2ca870022ea4b00275462c0d0a020000fffffffff9277401db6a102e,c352d442fb75db5e872f353b6e49d6dcfd0e7d071968b00100000000ab4d070000000000ffffffff
706,6476,52698,1.207054108,1.444744696,2.721433446,0.233959132,1.766547163,5.725615661,3.174205640,4cbaef2e4f4eafbef455ed8827a060022dbca0029d42180602000000ffffffff741a7600215d401f,9457b3451b774b525b2f573bd14aeadc6f2f3f121968b00100000000d822050000000000ffffffff
707,6477,52699,1.198852572,1.394773654,2.915882620,0.342119301,1.870851360,4.603505855,1.951592698,77b9662bf350404a53c287802cb8a00227989002985c070300000000fffffffffe216d02dd65e428,8d62144dde671f660e34373a0d4dbadb3bba4d4f1b68200219000000d624050000000000ffffffff
708,6478,52700,1.203858205,1.425750179,2.834766249,0.000003566,1.544189830,5.286091492,2.733548864,f9b9972dd94f8a42de1c97c727a0a0022db060029c2f1f0907050000ffffffffee1fae015e66f02b,d83ff8352371bf67dd2fa73a000085dc0bfe07001a64b00122000000b823230000000000ffffffff
709,6479,52701,1.203165117,1.433701372,2.862092686,0.000003566,1.618456186,5.647088110,3.039396580,e7b9272e385034410be58ac427a880022c98d002a433150907030000ffffffff32231e02c364202e,d83f393b0a766f68ce2d063b0000d5dc8912f8011968b001000000009b61030000000000ffffffff
710,6480,52702,1.204320263,1.419068967,2.817795093,0.346701380,1.877643004,5.490033008,2.843704585,05ba1e2d9e4fa044a169c2cb27a0a0022dbcc0027650151509070000ffffffff7d1f0a02ba644633,04638f4de87397483c313f3b0d4db5dc7b47af141a64b001220000009964020000000000ffffffff
711,6481,52703,1.202664554,1.425915828,2.862667980,0.086909049,1.824800698,6.027644705,3.379511378,dab99a2d3a506444c9e4fcc927a8c0022898d0027b53171204040000ffffffff340f67002165201c,a948d249357bd7503f2c953b774531dda3efcd0f1968b00100000000f807000000000000ffffffff
712,6482,52704,1.196234241,1.462634881,3.007354274,0.000003566,1.733196324,6.035986459,3.267534887,33b9333031529d4109f207802bc090022798a0027d34331306020000ffffffff900d48019768982a,d83f5743527b1768d52a753b000031dde00298051968b00100000000ea15000000000000ffffffff
713,6483,52705,1.196542280,1.473346906,3.016271321,0.000003566,1.692501674,5.947391273,3.173515067,3bb9f530505284bc750b538b29ac70023098a002635d251307000000ffffffffde1e9601bd615c2f,d83f76401e7a7f65092c583b00001cdd8202a8011968b00100000000dd21010000000000ffffffff
714,6484,52706,1.201740437,1.412719056,2.873023261,0.240081406,1.742748799,5.486868894,2.804620601,c2b9ab2c5e50a547633d0e8c2ca870022ea0d0026f47330a09030000ffffffffcc137f0090692021,33580444dd7397558b30183bfe4ab2dc24cbbd0a1a64b001220000008973030000000000ffffffff
715,6485,52707,1.199006591,1.467549161,2.962481387,0.000003566,1.853844641,6.345781963,3.610201551,7bb98c3095511abeaaa1d7c027a460022ba8000393510d0904010000ffffffff680c69018366542c,d83fe04b877f4f699724de3b000079dd420278001968000000000000ff00000000000000ffffffff
716,6486,52708,1.195618163,1.470254775,3.030366010,0.127454673,1.634469006,5.472774205,2.670823346,23b9bd308152323a833b038c2bc090022798a002823c2f0d06000000ffffffff2f185200806b5025,c64c5b3cac73a35cf92ff53a6c47aedcf68a4c061a64b001220000008f6b050000000000ffffffff
717,6487,52709,1.201085854,1.467604377,2.923649082,0.075396094,1.857544154,6.110486956,3.402229579,b1b98d300e51e6c2e7dd17c0279890022aacc002d315110600000000ffffffff9110d300a86c0c2d,7e47234c557ca350212bae3b544443dd9997ce101968b00100000000fc03000000000000ffffffff
718,6488,52710,1.198583038,1.478813351,2.984917830,0.307002863,1.754344290,5.272284450,2.470400486,70b95831e3510ec538dbc28927a460022bc0a002934a1b0601000000ffffffff441d8d00336c4425,fd5ed644f3701b568931ed3a794c82dcfbde7d0a1a64b00122000000d916100000000000ffffffff
719,6489,52711,1.203165117,1.464567463,2.869283854,0.084945300,2.513131095,1.360001578,2.151240162,e7b95630515036c3127628802798a00228a4c002ec0b050201000000ffffffff551bcf0079637c22,7648847ad23b8430993f773ba8452cd218067c3b1074d0001f000000b944010000000000ffffffff
720,6490,52712,1.200662301,1.429173609,2.902075579,0.163071674,1.791725942,5.859946674,3.155477764,a6b9d52dc35006462f8a68802a9cc0022e989002584e4d0503030000ffffffff4c1c5b0046670026,63507b47ee78381f082e753bad4808ddb0cb1e2f1968b00100000000ec10030000000000ffffffff
721,6491,52713,1.201855952,1.447119011,2.899486758,0.000003566,1.837942254,6.240790915,3.572324934,c5b91a2fba50203d8ba1e8c027a860022ca48002ac350d0a04030000ffffffff862394001271142a,d83fc04a1a7eaf675b27be3b000060dd50dac7001968b00100000000fe01000000000000ffffffff
722,6492,52714,1.206322516,1.470033909,2.787879836,0.133153393,1.817291238,5.935022465,3.343170104,39bab930364fbac714bbea89279880022ab4f002e616030000000000ffffffffdc1731016067a024,5a4d4a49f379d0254e2d873bcd471bddcd2fef2b1968b00100000000f30b010000000000ffffffff
723,6493,52715,1.200046223,1.455953670,2.931415543,0.056490204,1.889901094,6.301772017,3.585433516,96b9ba2f2951163cc7c555c227a4a00226b0b002ae211f0905030000ffffffff3f12c1003c68981d,93456d4eee7ef0320e28e13b73426fddc133ef1f1968000000000000ff00000000000000ffffffff
724,6494,52716,1.198120980,1.466223962,2.977439016,0.000003566,1.599792968,4.829596167,2.209934870,64b97430c95142b4e14d18c0299cb00226c0a002735f1c0804040000ffffffff2a0f7201546ac02e,d83fe739f06a87655931253a000021dcde0128401b689001220000008973020100000000ffffffff
725,6495,52717,1.197504902,1.475445137,3.002176633,0.000003566,1.560644383,5.095381725,2.413042875,54b91b311f5210c25c9f928b299cb00226c0a002755a200d04000000ffffffff1c134e01de64c02f,d83f22378c6e27677930763a00005edcb9fd87401a6c900122000000a74e090100000000ffffffff
726,6496,52718,1.197658921,1.454241955,2.974274902,0.000003566,1.592670024,4.969967760,2.331594018,58b99b2fbe518042ab10ddca29ac70022ac0c0025e453a0f0d060000ffffffff581595013d675c28,d83f6639d86c5f66e230503a000041dcc70158401a6c9001220000008b6e040200000000ffffffff
727,6497,52719,1.199045096,1.459321884,2.950112579,0.000003566,1.560699600,5.477951846,2.799633797,7cb9f72f6a51e63c9480f9c927a4a0022b98c0028f4a110a07030000ffffffff891151013c630c2f,d83f2337be734768c62eda3a0000aedc480298001a64b001220000009465060000000000ffffffff
728,6498,52720,1.196734804,1.450266358,2.988657238,0.438034923,1.912815992,4.759985664,1.981711903,40b9532ff051f444a8341dcb2ba4000327a860027335311807060000ffffffff84163501f45c2831,486c0c50fe69175c0234843a694e07dcad5a8e4d1b68200219000000b04d010000000000ffffffff
729,6499,52721,1.197312377,1.408080860,2.950687872,0.106315501,1.668592877,5.640184589,2.914023556,4fb9572c6c511a4a3bcb618d2cb8a002279890028c69070300000000ffffffffbd107d00b266a81e,a14ac53ef2754760c52e1e3b3146d5dcffe63b051968b001000000009e5e040000000000ffffffff
730,6500,52722,1.197158358,1.464401813,2.992396645,0.457364365,1.940589952,5.252436827,2.425248837,4bb95330fd51153d00c6388029ac70023098a00263552e1105030000ffffffff9b17af017f659427,3e6e0352ae70214a9832193ba94e7ddc50030f121a6c900122000000ee0a070000000000ffffffff
731,6501,52723,1.199507155,1.447450311,2.936017890,0.101887442,1.701225900,5.789760877,3.068064556,88b9202f395112423cdef1cc27a890022cac600281441f1006050000ffffffff4b1bc00047657423,2e4a1441fa772764ca2d443bf345f8dcb5926a021968b00100000000c930060000000000ffffffff
732,6502,52724,1.201047349,1.438615651,2.900637345,0.161531479,1.746613963,5.871740189,3.162737472,b0b9802ebe504e43b9f167c027a8c00226a480027e551f0605020000ffffffffb02861084860c8d5,3b504a441779eb51ca2d693b76480bdda9efdd0f1968b00100000000e813040000000000ffffffff
733,6503,52725,1.141518826,1.559871351,2.724022266,0.000003566,1.823254633,6.180385106,3.649502969,a6b31437584e97487d0119fe2dbc80022798a002744d300b02010000ffffffff832e7104b0574037,d83fb649487d5f698c28aa3b000053dd6b0248011968b00100000000fd02000000000000ffffffff
734,6504,52726,1.220338287,1.572681607,2.640317074,0.094879556,1.719944335,5.870877249,3.424158686,a5bbfc37354de74ccfe3bfa22fb4800200000000fe01000000000000ffffffff4a2e5a03b2578193,784967421479c35f3d2d5a3b4f450adde806db031968b00100000000de1e030000000000ffffffff
735,6505,52727,1.220761841,1.580467150,2.644919422,0.142625590,1.472849956,1.658866508,1.465011804,b0bb8938454ded4c47b39d8a2fb4000000000000fe01000000000000ffffffff4a2e5a03b257cf63,504eec30e13f5046213fe0366748e6d367065d071d7c000117840000c632070000000000ffffffff
736,6506,52728,1.220030248,1.570693808,2.644919422,0.231186782,2.387513282,1.519070208,1.706617094,9dbbd837454ded4c70b39d8a2fb4000000000000fe01000000000000ffffffff37291708415f30d7,4c57a171fb3d982adf3f4337574ad1d2a1669d771d40f0010d000000827a030000000000ffffffff
737,6507,52729,1.143059021,1.561251766,2.717694039,0.230532199,2.387513282,1.612267741,1.654503126,ceb32d37424e2649522db9fc2fb480022798a00289561a0501000000ffffffff59268c01a55f6993,3b57a1713f3f61983d3c9131d34ad2d36e40ae331d40f0010d000000ab4d070000000000ffffffff
738,6508,52730,1.133432804,1.573288990,2.776949261,0.339192931,1.734190223,1.661455328,1.378779495,d4b20738104fe0489350a2ca2fb4800227a860027f59180a02020000ffffffff9a1e0701905cc427,41626943ea3f8f3c553f1037d24c01d438169f111d7c000117840000cf1e110000000000ffffffff
739,6509,52731,1.200315757,1.370147041,2.879639135,0.000003566,1.848930361,6.310689065,3.666345107,9db9a8297550b64a67c91d8a2cb8a002279880028173060300000000ffffffff202e79056f571824,d83f874b0d7f47697f25d33b000071dd3ade77001968000000000000ff00000000000000ffffffff
740,6510,52732,1.220684831,1.573509856,2.647220595,0.066693994,1.868477045,6.167728651,3.716541062,aebb0b384d4dee4c80f7beaf2fb4800200000000fe01000000000000ffffffffb62c85069856480d,9c46e94c1c7daf551d2abd3b074450dd75c39e0f1968b00100000000fe01000000000000ffffffff
741,6511,52733,1.221262404,1.574006806,2.673108799,0.029652313,1.875158256,6.342042556,3.869328329,bdbb1438a74d164d9cd268fd2fb4000000000000ff00000000000000ffffffffb22e5b02055b8b4a,da42624d7a7f903aee25e53b733e78ddc5b72e1a1968000000000000ff00000000000000ffffffff
742,6512,52734,1.208363274,1.293119855,2.633413554,0.088256719,2.176530573,2.904664399,1.452112328,6eba35241d4d724b53a0aeda2fb4800227980000f708000000000000ffffffffc32d1f039c5ae4df,cc48b462cc502db34538123a224557d835a76f211f84d00122000000e419010100000000ffffffff
743,6513,52735,1.152492713,1.566939078,2.648658829,0.100578276,1.436627853,1.576311903,1.507790744,c3b49437524d1f4ccbe9aedb2fb48002269c0000f906000000000000ffffffffe72d4304b05f29ad,0c4a5c2ec23ecc44183f89360f462ad359463c051d7c000117840000ce1f110000000000ffffffff
744,6514,52736,1.150451955,1.560423517,2.647220595,0.593325048,2.004254716,5.057700006,2.513520940,8eb41e374d4d5b48406e3fa62fb4800227980000ba3d070100000000ffffffff6e2b1103bd56e011,097c8456096ed6367a35c93b51504edc47866c061a6c900122000000e816010100000000ffffffff
745,6515,52737,1.223187647,1.573620289,2.697271123,0.559864319,1.974272091,5.018004760,2.446696614,efbb0d38fb4d224da69253c62fb4800200000000fe01000000000000fffffffff62d3c046c5bb4c8,a47865547f6dda3f6035b53b145045dc90be5c071a6c900122000000df1e010100000000ffffffff
746,6516,52738,1.150952519,1.565724313,2.643193542,0.337614232,1.988241896,4.887988449,2.424694713,9bb47e373f4dc44be0bd5fe62fb4800227980000f608000000000000ffffffff832d1a01c95fb99e,18626255bb6b30265f2aec34eb4c25dc18f6757e1a6c200219000000906e010100000000ffffffff
747,6517,52739,1.154610481,1.559650484,2.664479398,0.515506713,1.937387388,4.909561952,2.364642566,fab41037894d114824560d8b2fb480022798a002b940040100000000ffffffff5d256104025fd6bd,2474c951066c975a5a35823b824f2cdc45cace521a6c200219000000a557010100000000ffffffff
748,6518,52740,1.136243660,1.568485144,2.786441602,0.269961182,1.949148528,4.624216418,2.067067057,1db3b037314f6949243cd0e12fb4800227a86002884a1d0b05000000ffffffff8626af06bc5e12ca,3b5b9e522668ec30222d3234f04bc1db46b2977f1b68200219000000db1f040000000000ffffffff
749,6519,52741,1.139324049,1.564509547,2.768032213,0.461638406,2.002377351,5.202961594,2.565125169,6db36837f14e7c494f84d2ee2fb4800227a860028a4e1c0703000000ffffffff2629dc01ff664832,ad6e62560270582801331b3bb94e71dc46bb2e711a6c900122000000f00c030000000000ffffffff
750,6520,52742,1.207092613,1.425308446,2.696983476,0.347394468,1.898956620,4.595164100,2.136940143,4dba8f2dfa4d30415bcadd8b289cd0022f98a002714c271109010000ffffffff62261c01535d153c,1663114fc167775b572ce833204db3db9a2b3e5d1b68200219000000da20050000000000ffffffff
751,6521,52743,1.205398399,1.351152524,2.767744566,0.000003566,1.389583292,1.580051310,1.692651441,21ba5028f04e8449b60d22cb2fb480022798a002c035060301000000ffffffff832d1a01c95f3c35,d83f082bcf3e5a41003f7e36000031d347fe57001d7c00011e5c1002d21e0f0000000000ffffffff
752,6522,52744,1.208093740,1.370202258,2.664479398,0.167384219,2.449079814,1.577750136,1.851494957,67baa929894d1148a7560d8b2fb480022798a002b940040100000000ffffffffe12cd405fc5b8aca,d350fc75c73e576d3a3cec300f49a1d398a09d761d40f0010d000000a159050000000000ffffffff
753,6523,52745,1.148680731,1.565006497,2.660164697,0.557014959,2.026783097,5.088765851,2.541930286,60b471377a4d4f4be7018ef42fb4800227980000f30b010000000000ffffffffde2b9302065ae749,5a781c58756e38366635db3b0f5055dcb68383101a6c900122000000ed11010000000000ffffffff
754,6524,52746,1.207362147,1.245854428,2.683751727,0.529522484,2.013475892,5.060576473,2.588050462,54badd20cc4d444c33309ad42fb4800226000000fa05000000000000ffffffff67299d02bf59c54b,90752b57136eeb3e4c35ce3bb74f4edcf083c4181a6c900122000000e915010100000000ffffffff
755,6525,52747,1.145908381,1.573841156,2.727474027,0.431797134,2.021095785,5.116955228,2.533695322,18b41138644e4c4c091475dc2fb4800226000000f906000000000000ffffffffc82bae01a3598c47,a66bb557d76ee427452470354a4e5cdc13eec83f1a6c900122000000e814020100000000ffffffff
756,6526,52748,1.207208128,1.286714727,2.682313494,0.499450184,1.986530181,5.052522365,2.570710616,50bac123c74d134c33e0b9d32fb48002269c0000f905000000000000ffffffffc32d1f039c5a2fb7,83724355f76d202d3235c43b464f4ddce253bd221a6c900122000000e419010100000000ffffffff
757,6527,52749,1.219645200,1.579694118,2.648658829,0.480736819,1.992714442,5.126447569,2.618398065,93bb7b38524d1f4cfaebaedb2fb48002269c0000f906000000000000ffffffffc328b503585a7dba,9d70b355f86e6c244133053b004f5edc602bef2c1a6c900122000000ed0f020100000000ffffffff
758,6528,52750,1.145446323,1.572460740,2.737254015,0.000003566,2.528757398,1.444282064,1.974416084,0cb4f837864e164c157893e52fb48002269c0000f707000000000000ffffffff082e5c0319599997,d83f9f7bf73cf77f203cab2e0000c7d2fefda73f1074d0001f0000009569010100000000ffffffff
759,6529,52751,1.220261278,1.580135851,2.646932949,0.084945300,2.513131095,1.360001578,1.953359886,a3bb83384c4d8a4c862bae8b2fb4800226000000fd02000000000000ffffffffc32d1f039c5a9549,7648847ad23bb1880a3c1a30a8452cd2ff048c3b1074d0001f000000b944010000000000ffffffff
760,6530,52752,1.208170750,1.246130511,2.648658829,0.000003566,2.522131404,1.536329010,2.079693210,69bae220524d1f4c4de8aedb2fb48002269c0000f906000000000000ffffffff6e2b1103bd56b98a,d83f277b373ef77f383cb92e00006cd301fed77f1d40f0010d0000009369020000000000ffffffff
761,6531,52753,1.221493433,1.579197168,2.697271123,0.501028884,1.372687006,-0.483526171,3.267902544,c3bb7238fb4d224df39053c62fb4800200000000fe01000000000000ffffffffce2c1e034b57d182,ac72d629c922f02bf23d3438b84f2853ef95bf1e040c2000144cd0008f402a0303000000ffffffff
762,6532,52754,1.221108385,1.579804551,2.671958212,0.477117362,1.311286123,-0.460802081,3.231069768,b9bb7d38a34d034d15ba98802fb4000000000000fe01000000000000ffffffff4e149001af66602a,3f707e2518235c27e43d4038324f1553fa396f1904083000144cd0007d453b0101000000ffffffff
763,6533,52755,1.198544533,1.459101018,2.960180213,0.446390479,1.351042090,-0.374795716,3.420449810,6fb9f32f8d51313ea9200cc927a4b0022a98c0026e65140f06030000ffffffffa626e3405963cf76,216d4e284324082de93d6138af4e8b5213827f1a0408300013344001c21e1c0101010000ffffffff
764,6534,52756,1.241939517,1.577375020,2.692668775,0.000003566,2.545156735,1.357700405,2.064254564,d6bd5138eb4df0cea8e5439a1e740001237c70018652250200000000ffffffffb822ea447560af73,d83fc87cca3bf77f0d3c9f2e00003bd2fefdd73f1074d0001f000000bc42010000000000ffffffff
765,6535,52757,1.241169420,1.573068123,2.755951051,0.491364162,1.463683997,-0.481800291,3.325237821,c2bd0338c74e96ce347994a21e740001235cf001ac35160602000000ffffffff7e24ef4182611777,b1714630cf227632043e3638314cd14feac55f1c040c30011408c001a234110d0a010000ffffffff
766,6536,52758,1.242055032,1.575166355,2.734665195,0.461638406,2.002377351,5.202961594,2.623746645,d9bd29387d4e6dce845d24a11e740001235cf001a43c190500000000fffffffffb322736d9532980,ad6e625602700634b91ca235b94e71dcbeba2e711a6c900122000000f00c030000000000ffffffff
767,6537,52759,1.247946276,1.587700528,2.549996008,0.540303847,2.043127217,4.956160718,2.549078243,72be0c39fb4b5ec3eac1d7801e40d000235cd0018b5d160000000000ffffffff771c11437c0360d4,a8764459a86c4f63a5359d3bdf4f35dcbf2e6a781a6c200219000000c737010100000000ffffffff
768,6538,52760,1.233545456,1.599627318,2.908116159,0.480736819,1.992714442,5.126447569,2.375338413,fcbce439d850185398e3f1ce043810010334b0007c4d1e1700000000ffffffffe1183049ac04c1a3,9d70b355f86e302eba1e6935004f5edc602aff2c1a6c900122000000ed0f020100000000ffffffff
769,6539,52761,1.234816117,1.605480280,1.373233327,0.488091249,2.005524698,4.883386101,3.610928698,1dbd4e3a003c0000549f81df0e1010010334f0007570170200000000ffffffffdf1b1c438202eace,5c719b56ab6b37639d35783b1c4f24dc82667b771a6c2002190000009865010100000000ffffffff
770,6540,52762,1.233314427,1.600676434,1.764432850,0.505110399,1.924687565,4.990678323,3.323240012,f6bcf7395041e340b9f3a1d10e1010010334b00069611e1800000000ffffffff3d1d58422103e0e8,1673e350206dff548733d33a5b4f3fdc0bb32d0a1a6c900122000000ca30030200000000ffffffff
771,6541,52763,1.233314427,1.598522985,2.907540866,0.505110399,1.924687565,4.990678323,2.230723225,f6bcd039d6501f532a4375c6043810010334b000794d1f1a00000000ffffffff5718d94dab077996,1673e350206d2f463335a03b5b4f3fdca1b22d0a1a6c900122000000ca30030200000000ffffffff
772,6542,52764,1.236125282,1.607909811,2.070776593,0.478888586,2.034568641,5.001321251,3.056720001,3fbd7a3a79450b4612ff11eb043810010d0cf000a8450f0101000000ffffffffe31aa24c3407af7d,6d70a958456d6762df35a03bfa4e40dc30e2c53e1a6c900122000000d32b010100000000ffffffff
773,6543,52765,1.235393690,1.609290227,1.475347908,0.529522484,2.013475892,5.060576473,3.676341126,2cbd933a633d4939443239ee043810010334f0009d4f100201000000ffffffff4225ad5a210d5f7f,90752b57136e8779f235bf3bb74f4edcd881c4181a6c900122000000e915010100000000ffffffff
774,6544,52766,1.239244177,1.617186203,2.381722684,0.599870875,2.063170851,5.148884012,2.874870839,90bd223bb249014d404a88e40434e000033c1001da1e040301000000ffffffff561a3d495804598f,b37caf5a466f1c25ae35ea3b5e5063dc414c18281a6c200219000000f00e000000000000ffffffff
775,6545,52767,1.234585088,1.606142879,2.592280074,0.611037286,2.069796845,5.117818168,2.642371950,17bd5a3a8e4cd84e4b5326e60e10100103342001796d160200000000ffffffff71211f3fe200e4df,d57d275bda6eb74faa35df3b73505cdcc095bd761a6c900122000000ee10000000000000ffffffff
776,6546,52768,1.231966757,1.591786558,2.561214230,0.575882343,2.073551575,5.111202294,2.676748665,d3bc5639224cc94f9dd3c3cd040ce000112c20008a32241707010000ffffffff36281535a1366013,447a6b5bc36ee146c035d93b32505adcb7e1d33a1a6c900122000000ee10010000000000ffffffff
777,6547,52769,1.253914531,1.499519584,2.680299967,0.499450184,1.986530181,5.052522365,2.536500518,0dbfcf32c04d284d916caccd0d78000124103002786a150701000000ffffffff911f86451a2d90fb,83724355f76d91930a36b43b464f4ddc2151bd221a6c900122000000e419010100000000ffffffff
778,6548,52770,1.246983655,1.487427144,2.811466866,0.377197234,2.035672973,5.238342139,2.635683118,59bef431884f7f4d4c81f8e30d90e00110100000645a360704000000ffffffffb8297536bf35f007,1c66bd587d707c2b0e24d5357e4d79dcb1c5a53e1a6c900122000000ef0a050000000000ffffffff
779,6549,52771,1.253953035,1.490961008,2.644631775,0.547542762,2.065766032,5.064603527,2.585668109,0ebf3432444d124d3c65d9c50d780001241030029a48120b01000000ffffffff6a26f83e662ff80c,6477de5a216ec757cb35c53bfa4f4fdcdea963391a6c900122000000e816010000000000ffffffff
780,6550,52772,1.249948529,1.478095535,2.701298177,0.510616595,2.053673592,5.018580054,2.499539379,a6be4b31094e9b4db38dc3d90d90e001044000006c6b230302000000ffffffff4c24573cd916c8f4,a573035a816d3f5dd235ae3b704f44dc30eee33a1a6c900122000000db22010100000000ffffffff
781,6551,52773,1.234508078,1.580025417,2.755088111,0.089450370,1.918668954,4.475215423,2.093961454,15bd8138c44e1f51d8de63850434300011080001c935000000000000fffffffff2358567ba5fd779,eb4876502066d433eb2f69336c4563db639a587f1b88a00121640000e70d0b0000000000ffffffff
782,6552,52774,1.235008641,1.626296946,2.370216816,0.588280910,2.052348393,5.143706372,2.879586934,22bdc73b8a496fd1b329683e1074d0001f000000e01c030000000000ffffffff36225b3f761e60e5,867beb59346fcf74c135ea3b4a5061dc0bf9f3131a6c900122000000f10e000000000000ffffffff
783,6553,52775,1.235971263,1.580246284,2.789030422,0.178512125,1.909171695,4.472051309,2.014688825,3bbd85383a4f6350529fa18d0d1040021e4010018d70010000000000ffffffffbd22e43b530848ef,f451ca4f1566b235d32e3b33504967dbaf5ad97d1b88a00119840000e0110e0000000000ffffffff
784,6554,52776,1.232544330,1.584718830,2.794495710,0.557014959,2.026783097,5.088765851,2.432166982,e2bcd6384d4f6f5200dbd3c4040c10010234e000e015040401010000ffffffff662f8665ce1f2181,5a781c58756ecf72e635d03b0f5055dcd28183101a6c900122000000ed11010000000000ffffffff
785,6555,52777,1.244365324,1.619781384,2.514327817,0.494136513,1.440272150,-0.507688495,3.118917989,15be513b7f4be34c459226fc0d10000103000000ab480c0000000000ffffffffc22e9264101d1982,f9719e2e7522382e013e2a38eb4f3b53bda5df21040c20001350c001923f13100a010000ffffffff
786,6556,52778,1.243749246,1.619560518,2.536764260,0.463255610,1.422878914,-0.402697446,3.047669452,05be4d3bcd4b8f4d5d6226ff0d100001000000009c5f040000000000ffffffff593246639a18b181,d76e632de2232c2bf93d5738264b9b4e158ecf1e040c20001350d000c81e100603000000ffffffff
787,6557,52779,1.243017653,1.621879616,2.413363822,0.449778907,1.256290369,-0.431174470,2.975614442,f2bd773b204a8f4e99f968fb0d100001030000008776010000000000ffffffffdb2af463b61be982,796d9a217f230429d73d4d389b4efa52123a9f18040830000d4c40017b4f340000000000ffffffff
788,6558,52780,1.243325692,1.617517503,2.607812997,0.081556872,0.936751784,-0.219754140,3.131818109,fabd283bc44cf84d6faa25fa0d100001030000009665030000000000ffffffff9811034d1b20d18d,1e48ff0a5e26af38783da9383e44e05176069b030408d00003000000a64e0a0200000000ffffffff
789,6559,52781,1.254184065,1.549104110,2.952989046,0.043052006,0.855859434,-0.451597387,3.679488799,14bf513674512a4fdbc057920d1000011e9000008974020000000000ffffffff9411727e0a7d9036,364446053823043d6d3d59380040715307b6fa01021030000d000000bb40040000000000ffffffff
790,6560,52782,1.262116067,1.482678515,2.998724872,0.000003566,0.880762130,-0.302596392,3.585241051,e2bf9e31135271d58d3270e31000000000000000ff00000000000000ffffffff98132e7d897efc40,d83f09073e254a40673d863800008452be0258020210d000030000007f7a030300000000ffffffff
791,6561,52783,1.262693640,1.484390230,2.980890776,0.036968237,0.863148028,-0.368755135,3.620562438,f1bfbd31d55185d5e5e675841000000000000000ff00000000000000ffffffff2e0c354d8421f0c6,9843ca05582413426c3d7038813fea526f561a02021030000d000000a357040100000000ffffffff
792,6562,52784,1.255339211,1.543913747,2.997861932,0.000003566,0.854479018,-0.362426907,3.652770033,32bff3351052de4ee5f0b1f20d1000011e0000008e6f020000000000ffffffff363bfc695050077e,d83f2d056e24cd3d673d70380000e65289fe3701021030000d000000a456040100000000ffffffff
793,6563,52785,1.238281555,1.626131296,2.069050713,0.283206856,1.051160622,-0.308924620,2.626314078,77bdc43b7345d2ceaaf5b83e1034d00100000000eb14000000000000ffffffffda23a86006224997,935c17132825842aa63d82388e4b655256a26c08040830000d0000009a5c070200000000ffffffff
794,6564,52786,1.243518217,1.611278025,2.724597560,0.170541618,0.957347583,-0.329635183,3.302611308,ffbdb73a5a4e164d50dba1f20d10000100000000b8370f0000000000fffffffff522915dab1ca196,2551740ce024b833893d813833488b525ca66c07040830000d0000008575030200000000ffffffff
795,6565,52787,1.242209051,1.610725859,2.736391075,0.111167114,1.843574349,5.569135852,3.059071306,ddbdad3a834e5c4e37ef61f20d1000010e0000009567030000000000ffffffff1e247e5b3f0d498d,1f4b264bfb74302c8e2a26378146c6dca6c9953e1968b001000000008777020000000000ffffffff
796,6566,52788,1.239475206,1.616634037,2.682888787,0.000003566,1.930927043,4.475790716,2.202173328,96bd183bc94d08515b62d3f00434e000033c1001d920040300000000ffffffff81235c5a731411a3,d83f545122669c3284309533381b66dbccfdc73f1b88a00121640000e90c090000000000ffffffff
797,6567,52789,1.240476332,1.612106274,2.722584033,0.000003566,1.683446148,5.855056680,3.369903106,b0bdc63a534e2f50480b01ef0434e000100c1001b747010000000000ffffffffbe1ec85cd221d993,d83fd23fdd783765902c403b000006dd47fe87001968b00100000000d32a030000000000ffffffff
798,6568,52790,1.242594100,1.607081562,2.809740985,0.069581859,1.922147601,4.400139632,2.001147716,e7bd6b3a824f914d353b92f30d1000011e380000bb3b090000000000ffffffff2130ff69c536b779,e746b5501b650a334530d9321d443adb5d2e7a7e1b88a00121640000dc1d060000000000ffffffff
799,6569,52791,1.248985908,1.619339652,2.508287236,0.000003566,1.664120331,5.765598554,3.488844970,8dbe493b6a4bbcbe2969abfa10344000000000008c73000000000000ffffffff9e301b68de2fc779,d83f743ea67777661a2d273b0000f1dc680618011968b00100000000b943030000000000ffffffff
800,6570,52792,1.247522723,1.619836601,2.480385505,0.318284789,1.985591498,5.008224772,2.717946126,67be523b094bc144286dcbfb0d404000000000009765030000000000ffffffffd91ca659601e9193,226032555d6d4c2bbd294435a34c41dcc225d57d1a6c900122000000c538010100000000ffffffff
801,6571,52793,1.241554468,1.605535496,2.841669770,0.000003566,1.870464844,4.758259783,2.298902669,ccbd4f3af14f724e1e4b82f30d1000010e780000a359030000000000ffffffff8f1c135cb65df3bf,d83f0d4df869482eaf2fde34000008dcf9f5f73f1b68200219000000bd40010000000000ffffffff
802,6572,52794,1.254569113,1.576491554,2.862380333,0.478888586,2.034568641,5.001321251,2.320901366,1ebf4138395081d0034bb0d81078d0010d5cf001dd17090201000000ffffffffd9196c56b61b2193,6d70a958456d942888241335fa4e40dcaee1c53e1a6c900122000000d32b010100000000ffffffff
803,6573,52795,1.240514837,1.603602915,2.870146794,0.000003566,1.813536507,5.468747151,2.887155026,b1bd2c3a5450494f037382f40d1000010e44e0018a73010000000000ffffffffa01574561f23418f,d83f06499e73702bf52cfc36a20aafdce701e83f1a64b00122000000b04e010000000000ffffffff
804,6574,52796,1.241284934,1.599075152,2.906102632,0.252749507,1.943406000,5.224535097,2.543795415,c5bdda39d150e14dd40e13f60d1000011e000000bc3f040000000000ffffffff313293644f66a774,7c5936524d7036327329f5355d4b76dc64fd233b1a6c900122000000e70f080000000000ffffffff
805,6575,52797,1.233622466,1.626683462,2.488727260,0.291947461,1.900447469,5.551589403,3.216025973,febcce3b264b20d2a729773c1074d0001f000000b24c010000000000ffffffff0d2eb360be6c276d,765d2c4fbe7470f2f330543b414cc3dc37cfa8281968b001220000008d71010000000000ffffffff
806,6576,52798,1.232159281,1.628008661,2.572720098,0.171273210,1.888741545,5.461843630,3.088769282,d8bce63b4a4cced2274966341074f0010d0000008a73020000000000ffffffffee25723c2017d0fd,3851584e8673802fc029c236fb48aedc7155143c1a64b00122000000ac51020000000000ffffffff
807,6577,52799,1.234431068,1.579031518,1.373233327,0.114286008,1.899232703,5.332402612,4.127017710,13bd6f38003c0000c159c8810434300011084002c53a000000000000ffffffffc025b33bc51358fc,704b164fc471d42afc2b7036a84690dcc3ad953e1a64b00122000000e01a050000000000ffffffff
808,6578,52800,1.233853495,1.579749334,2.445867900,-0.003923931,0.982195063,0.218619442,2.617212211,04bd7c38914a684d9d41c9800434300002440001e01d010000000000ffffffff7225593d8d1a90fe,723f360e522c9f3f683d1d390000e84f6ffec7000d10000100000000c23c000000000000ffffffff
809,6579,52801,1.235085651,1.578700219,2.451620834,0.066886518,0.970544356,0.023882621,2.761965894,24bd6938a54ac14cdce5778204344002034400019c62000000000000fffffffff632dc63351bd19b,a146630dad29563c783df63889449c502baa0a0204342000030000009164090000000000ffffffff
810,6580,52802,1.226037007,1.474340805,2.394091493,0.269345104,1.950528944,5.484280074,3.269752285,39bc0731dd49e84d58d19afd0d100001030000009667020000000000ffffffffce2ea765831a38d6,2b5bb752d47304302b26b436d94bb4dc9d81a43c1a64b00122000000a15d020000000000ffffffff
811,6581,52803,1.224727842,1.473567772,2.532737206,0.000003566,1.826733280,5.343333187,3.086118144,17bcf930bf4b184e9dbca1f20d10000103000000936a020000000000ffffffff2c30ee66a11bb8e0,d83ff549ea71242b702d9f36001392dcbdfda73f1a64b00122000000da21040000000000ffffffff
812,6582,52804,1.224997376,1.467714810,2.488151966,0.078399473,0.956353684,-0.112174272,2.887537618,1ebc8f30244baf4dad66b8bd0d100001030000009963030000000000ffffffff51302a651b1c6184,cc47620cd427b035793dce388844425145caaa020408d00003000000bf231d0000000000ffffffff
813,6583,52805,1.225613454,1.466941778,2.482399032,-0.002422241,0.929518406,-0.130296014,2.936506590,2ebc8130104baa4d35cae9b20d100001030000009963030000000000ffffffffdf1d8f504a3300ec,993f7c0a9527143e673dcb38000056516b0ac8000408d00003000000c126180100000000ffffffff
814,6584,52806,1.242555595,1.584332314,10.558655644,0.075011045,1.031448288,0.408466269,10.232066525,e6bdcf38bdb8a7ba4047c28f0d78400210100000655b2d1200000000ffffffff501e9e4d883028ea,7447b211e62ea23e773d43399944784e6e6249010d10000117780000f40a010000000000ffffffff
815,6585,52807,1.241400449,1.583172765,1.518494914,0.000119080,1.085063627,0.593135456,1.626401635,c8bdba38f93d8936270372910d78400210100000644d440901000000ffffffffe022e343032810fc,db3f7d156831b93e683d6c390000ed4c3dfe47000d4070011e100000ea12010101000000ffffffff
816,6586,52808,1.237858001,1.579141951,2.479810212,0.052408689,1.094008720,0.961610888,1.986346775,6cbd7138074bd64a7d3e958a0d9040001e400000b226131004000000ffffffff8424ce3f262178fc,29451f166936f54a783dd639d844db4379aaeb03103470011e00000098530f0400000000ffffffff
817,6587,52809,1.236279302,1.578534569,2.466578463,0.000042071,1.085615794,0.967363822,2.004718421,43bd6638d94a244c6c82d5850d1040021e401001a355050200000000ffffffff6d1f495b334478db,d93f87157d36353f683dd7390000a04351fe7700103470011e0000009c54080700000000ffffffff
818,6588,52810,1.248061791,1.588087044,1.373233327,0.000080576,1.081253681,0.781544049,1.471201337,75be1339003c00007bdb80971078d00017900000a744140000000000ffffffffee244b3b760dc0f7,da3f3815f7335940683da03900001e4a120208000d4070011e100000965f060500000000ffffffff
819,6589,52811,1.232967883,1.581571483,2.466578463,0.150942641,1.158225650,0.747889384,2.074582480,edbc9d38d94afa4d75d63581040cd0000244b000ec09060201000000ffffffff8711735a3c30e182,284faa1a82339b478f3da039fe48ea4992e22c070d4070011e10000090432c0100000000ffffffff
820,6590,52812,1.256494357,1.546619362,2.939182004,0.115556669,1.154470920,0.916162708,2.355446089,50bf243644513a4a9421aaa90d40e00104900000e816010000000000ffffffff3b141a5a1f2bb008,914b661acb358f4b8b3dd339af487c44a5b6ed09103470011e0000007b51310200000000ffffffff
821,6591,52813,1.257495483,1.540600750,2.917320854,0.000003566,1.845175631,5.215905695,2.637715688,6abfb735f8501e4cff5044f80d4040001e900000e713050100000000ffffffff2411d5590630c77c,d83f434b2f70f02bf52d3836d68a73dccf01c83f1a6c900122000000e90d090000000000ffffffff
822,6592,52814,1.256725386,1.546453712,2.942346118,0.067810635,1.102843379,0.771188768,2.514802706,56bf21364f51634a6ccd458d0d40e00104900000e915010100000000ffffffff83109059962eef65,b946bf16d3338f49793d9f39df44154a5ab2cb030d4070011e100000965a0d0200000000ffffffff
823,6593,52815,1.256956415,1.545680679,2.947811405,0.412737226,1.493666622,0.284202892,2.794677408,5cbf13366251f44ab8d0118c0d4040001e900000eb13010100000000fffffffff632dc63351b4984,b7696532362d4f3efa3d2339244e5b4ef9b16f170d60700104403001964a170701000000ffffffff
824,6594,52816,1.243595226,1.621990049,2.394091493,0.249707622,1.864004499,5.601927577,3.366986176,01be793bdd49e84d48d19afd0d100001030000009667020000000000ffffffff500f1c4ff81f25b7,2d59984c6d757a3449261f37464bcedcb8402a361968b00122000000af4e010000000000ffffffff
825,6595,52817,1.239475206,1.595651721,2.968521968,0.291947461,1.900447469,5.551589403,2.768202784,96bd9c39aa51104f451710e20d1000011e000000906d020000000000ffffffffa90ebb511d238cd3,765d2c4fbe74673dd524ee36414cc3dc14cca8281968b001220000008d71010000000000ffffffff
826,6596,52818,1.239783245,1.595486071,2.968521968,0.205273007,1.864391015,5.578628194,2.820492122,9ebd9939aa513a4e1c4fe3b00d1000011e900000a755030000000000fffffffff5313064021d2982,ab549f4c1c75c0324c281737fb49c9dc2e3de63c1968b001220000009f5e020000000000ffffffff
827,6597,52819,1.243903265,1.621382666,2.427458511,0.099461635,1.836672272,5.463281864,3.251510371,09be6e3b514a7e4d7ce569fd0d100001030000009f5c040000000000ffffffffaa0c824d352248ed,ef49a94a8b73f42db52bdf36d345aedc7b95a43c1a64b00122000000ae4f020000000000ffffffff
828,6598,52820,1.255300706,1.542312465,2.992396645,0.065192304,1.872121342,6.228134460,3.463398780,31bfd635fd51a84efb0af7b30d1000011e0000008f6e020000000000ffffffff7f0f4f4d7f1e019d,75462b4dee7d47551d29cc3b75435edd63b72e0f1968b00100000000fe01000000000000ffffffff
829,6599,52821,1.239128662,1.595375638,2.971398435,0.198457646,1.844954765,4.396975518,1.782570034,8dbd9739b4517a4f4a5f81ea0d1000011e44e0008678020000000000ffffffff151b97426606f002,fa533f4b1065e54e3a34c839ff493edbeebabf5f1b88a00121640000cc280a0000000000ffffffff
830,6600,52822,1.225189900,1.501507382,2.919046734,0.089065321,1.675771038,4.413659028,1.885474155,23bcf332fe50ae52840aa786043810010334b000ac2f160f00000000ffffffffab1a81427d04aa32,e148473f4a656b5789339b395e454fdbba9e4d091b88a00121640000c028160100000000ffffffff
831,6601,52823,1.224612327,1.504047347,2.924224375,0.470995088,1.935178723,5.116379934,2.357829342,14bc21331051fa52f43322db043810010334b000854d191300000000ffffffff711a7a430f063199,a06fa151d56e4f4a1133f53adc4e5ddc49fbbe111a6c900122000000e715020100000000ffffffff
832,6602,52824,1.224958871,1.507746861,2.918759088,0.230878743,1.897024038,4.468024255,1.881476703,1dbc6433fd50b85296a741f30438100103340000b81d1a0f00000000ffffffff771c11437c0368e3,4457ee4e07663141302e1833e04a66db722f7d701b88a00119840000d915100000000000ffffffff
833,6603,52825,1.224150269,1.503550397,2.908116159,0.198457646,1.844954765,4.396975518,1.839919697,08bc1833d8501853a9e3f1ce043810010334b0007c4d1e1700000000ffffffffcc25f642d22ea80e,fa533f4b1065994bb02e5132ff493edb78bbbf5f1b88a00121640000cc280a0000000000ffffffff
834,6604,52826,1.248485344,1.471911274,2.698134063,0.611884393,2.051464927,5.142843432,2.591861707,80bedb30fe4d774d9b69b3d90d90e001101000006c60240b03000000ffffffffe01f2641820088dc,eb7ddb59316ff80fa235e73b6c5060dc8f354d131a6c900122000000f00e000000000000ffffffff
835,6605,52827,1.232313301,1.595596505,2.590266547,0.570992225,2.006021648,4.968529527,2.502384695,dcbc9b39874cde4ec13f22d104383000112c20006c48262402000000ffffffff151fb7418e00acde,c579a456d36c4f618235a53b285039dc0aca1e5c1a6c900122000000cd30010100000000ffffffff
836,6606,52828,1.232505825,1.597253003,2.602060062,0.288867071,1.970627794,5.114078761,2.709262035,e1bcb939b04c664fc03393d404381001032c20016550252301000000ffffffff2c2349428c2d98f4,265d2354cd6e982b7c299835354c5bdcb699e47c1a6c900122000000dc20030100000000ffffffff
837,6607,52829,1.248369830,1.482402432,2.755663404,-0.225480930,1.247566143,0.859208660,2.413280908,7dbe9931c64ed44d3c91fbe00d90e001101000006965260704000000ffffffff092a9c33a83ae817,f828fc2005350843253dd139054ce8444fde7a021e340001235c4000764b3e0000000000ffffffff
838,6608,52830,1.255185191,1.502666931,2.647220595,-0.402564809,1.423707164,0.366469850,2.820672557,2ebf08334d4d914c78146dcc1e340001241030027874110100000000ffffffff7a1a34560b499f3a,0117722d542ee812e63c4739084ec94d5cb1b44e0d90e00104400000884c280201000000ffffffff
839,6609,52831,1.239706235,1.525471396,2.870146794,-0.257401464,1.232215922,0.750478205,2.611575226,9cbda5345450c2c42bb1a1b21e40d0001790d001ba340c0500000000ffffffff6618544a0a0aa2c9,bb25e61f8b33da3a243dad39254cfe48d9bdd9400d780001235c4000776c1c0000000000ffffffff
840,6610,52832,1.236048273,1.603216398,2.895747351,-0.383581910,1.355956370,0.408178623,2.978646946,3dbd253aad50045239df80d2043810010d0c0000d318110201000000ffffffff0d160f4cd60a37be,ee18a728e52ed016f53c5539b64d904dfc04874a0d784002101000009937280502000000ffffffff
841,6611,52833,1.236394816,1.604210297,2.910129686,0.000003566,2.484970618,0.543947869,2.811266345,46bd373adf50d451690b50a2043810010d0c0000d5170f0300000000ffffffff4c13ca537e24c8df,d83f8678bd30c539bf3f293a0000e7c368fe477f10344000000000009c63010000000000ffffffff
842,6612,52834,1.240784371,1.595596505,2.928251429,0.555513269,1.622266132,-0.516893189,3.512738133,b8bd9b391e51c94d941b929a0d1000011e900000b942040000000000ffffffff81148e551026a7c3,33787e3b5522a18ad93ff329ae5087531b4d79141310400103705001ab2e141200000000ffffffff
843,6613,52835,1.241477459,1.596479970,2.916457914,0.052870747,2.486847983,0.545961396,2.797283478,cabdab39f5505b4dc14f70a20d1000011e900000ca2e060100000000ffffffff65120753ef23a0d6,3545a878c430f638b43f283aa63f1cc067c6477f10344000000000009d62010000000000ffffffff
844,6614,52836,1.240514837,1.595430855,2.936593183,0.594249164,1.927503613,-0.522646124,3.534723217,b1bd98393b51f44dddf7b49d0d1000011e900000b249040000000000ffffffff72138a57922be763,217c1651412220f37f3f1c2fa050ea53d3d833b21310400103546001ca26080600000000ffffffff
845,6615,52837,1.257842027,1.547723694,2.924512022,-0.221360909,1.141660664,0.390056880,2.962497490,73bf383611512f4cd7c0818c0d4040001e900000e611070201000000ffffffff6b12197e967fef66,63297e19a62e8043363d48396d4a244e448e02090d10e00110907001f00a040100000000ffffffff
846,6616,52838,1.262308591,1.488476260,2.992684291,-0.525857391,1.540379884,-0.584202519,3.999293790,e7bf0732fe519cd5ce8673931000000000000000ff00000000000000ffffffffad11157ea47e1d4d,7f0ab3356b211750a93c00386350c1533855c0180e103000112c20005b45331f0c000000ffffffff
847,6617,52839,1.262270086,1.485604996,2.998149579,-0.396095992,1.397258402,-0.029907313,3.453565073,e6bfd33111528cd5cafe50951000000000000000ff00000000000000ffffffff543e1368c9413355,a917932bf2281d4ae53cd238094ebd50cca5f013043440021e0c2000956a000000000000ffffffff
848,6618,52840,1.241130915,1.627953444,1.464129687,-0.529553858,1.484997613,-0.648060088,2.759910611,c1bde53b3c3db4c521800f6a1034400000000000c23d000000000000ffffffff79366162fb151984,1f0ac8318d202b41b63cdb376450145493311059032ce000044420004c41402210020000ffffffff
849,6619,52841,1.242632605,1.624530014,1.865396844,-0.149857373,1.019908015,0.031936729,2.380372259,e8bda73baf42eb48550dbafb043400010338f0008b72010100000000ffffffffc43cc7660a3ad764,a430e110c929b546473df73855488f502b96a30504342000030000009463080000000000ffffffff
850,6620,52842,1.249178432,1.627511711,1.641895352,-0.427592972,1.478426835,-0.036810834,2.377360533,92bedd3ba63f1cc07a845ef010344000000000009d62010000000000fffffffff517cc594427798d,77145131da28d645d23ccd38a54ac14cd191601404344002034400019c62000000000000ffffffff
851,6621,52843,1.242555595,1.600842084,2.885967363,-0.156018152,1.039454698,0.199922406,3.079935361,e6bdfa398b50e04c021b33f50d1000011e000000db170d0000000000ffffffff6f1de65c3d5ad3bd,04304312112cff3f483d2039aa48c74f4d22f3060d10000102780000be41000000000000ffffffff
852,6622,52844,1.253914531,1.579031518,2.859503866,-0.457357234,1.940589952,5.252436827,2.964001301,0dbf6f382f5003d048cff0d51078d0010d5c0000df1b030300000000ffffffffb7176b56eb1f6992,72110352ae700b5850292f3aa9ce7ddc46fd00121a6c900122000000ee0a070000000000ffffffff
853,6623,52845,1.240938391,1.601228600,2.888843830,-0.221707453,1.090364423,0.189854771,3.112050290,bcbd013a9550804ef592e2f40d1000011e380000a953030000000000fffffffffa1f385b8c576ebe,5a29dd15ee2bbb44373d1e39aa4ab24f335ab2090d10e00110902000be41000000000000ffffffff
854,6624,52846,1.252759385,1.579362818,2.839656243,-0.438605364,1.170097224,-0.522070830,3.785422295,efbe7538ea4ff1ce64b330d71078d0001d5c0000c832030200000000ffffffffc21e40563210499c,5913811b4322ea40053d2938614ecf53c021a14f031020000b341001625d3e0200000000ffffffff
855,6625,52847,1.238897633,1.610449776,2.797084530,-0.150742985,1.075787235,0.403000982,2.819326358,87bda83a564fe7500ae3f1f30434e0000344f000dc1c050100000000ffffffffc33910681039877e,8d30d514d32e5f3c483d463997484d4e8846e3060d1000011e5c4002f30a010100000000ffffffff
856,6626,52848,1.249139927,1.625413480,2.012671958,-0.527936653,1.575939387,-0.540192573,3.110878682,91beb73baf448dc39fa9f9fd10344000000000009a64010000000000ffffffff6b348a654629677c,490a37380422934d9d3c093878508653374d60180e103000112c20015c58252302000000ffffffff
857,6627,52849,1.246213557,1.622266132,2.348643313,-0.216547801,1.061486130,0.030210849,2.798084004,45be7e3b3f497c4958a18afd0d40400000000000af3b140000000000ffffffffa83b56694241377e,e029d213c3295d48363df6384f4a875021d2020804342000030000009066090000000000ffffffff
858,6628,52850,1.250603112,1.626793895,1.986496108,-0.315967365,1.232105489,0.157350694,2.440429254,b7bed03b54449cc997cd29fe1034400000000000c03f000000000000ffffffff4b241e5bcc0f09aa,ca1fe41f7d2b2f4a103d0f39cd4cda4f91ddb0110d10e00124402000bc41010100000000ffffffff
859,6629,52851,1.239860254,1.615032755,2.713091692,-0.404451548,1.366889261,-0.155608924,3.315837710,a0bdfb3a324ed7504577f1b10434e000033c0001d12a020100000000ffffffff883604683f38377d,d0166d293d27a74be93cad38224e6451e85950180434300002440001de1e020100000000ffffffff
860,6630,52852,1.249024413,1.623646548,2.289963384,-0.277038946,1.159661282,0.177773610,2.646790008,8ebe973b73487dc17655eafc10344000000000009668010000000000ffffffff2a183b4dff0ab5a8,bd23c41ac42b154a233d1a392e4ca74fdd55a10e0d10e00124402000be40000000000000ffffffff
861,6631,52853,1.236664350,1.605148980,2.886542656,-0.344653491,1.265787628,-0.007758517,3.315525829,4dbd483a8d50cf513ebba0ec043810010d0c0000d6170d0401000000ffffffff6114f94b8a155dab,e11c46223f293b4c033de1384c4da550a8b57013043420000390e0018b74000000000000ffffffff
862,6632,52854,1.238050526,1.597970819,2.932853776,-0.107348001,1.666605079,5.640472236,3.024236363,71bdc6392e51a95095aff0e30434e00011403000ce30010100000000ffffffffc51a7d521f0e319f,f434a13ef3755f61cb2cf23a31c6d5dce10d44051968b001000000009e5e040000000000ffffffff
863,6633,52855,1.237935011,1.607688945,2.859791512,-0.438258820,1.912705559,4.759985664,2.552136107,6ebd763a30504f51295321f00434e000110c0001e1100b0201000000ffffffff5914024a7e144bbb,62130a50fe690d4e192ea63969ce07dce1a0914d1b68200219000000b04d010000000000ffffffff
864,6634,52856,1.237626972,1.596811270,2.939757297,-0.306995732,1.754344290,5.272284450,2.802027635,66bdb1394651d750b75780dd043410010e0c0001d627010100000000ffffffffa61bb352c90b919f,b320d644f370c35ab32c5f3a79cc82dc5521720a1a64b00122000000d916100000000000ffffffff
865,6635,52857,1.237549962,1.609455876,2.854038578,-0.515499582,1.937387388,4.909561952,2.721377982,64bd963a1c50b1511367e1f00438d000110cf000de130a0201000000fffffffff0388366c2311f7f,8c0bc951066c1544762cc43982cf2cdc9a34c1521a6c200219000000a557010100000000ffffffff
866,6636,52858,1.247792257,1.624861314,2.131470049,-0.186398491,1.726073380,5.642773410,3.794258594,6ebead3b4c467942b24d89fe0d404000000000008f6d040000000000ffffffffde235b5a0a123da4,ef2cd642fb751f59b02be33a6ec9d6dc96e592071968b00100000000ab4d070000000000ffffffff
867,6637,52859,1.240091284,1.613376256,2.713954632,-0.233990506,1.766547163,5.725615661,3.356557851,a6bddd3a354e77502e2f51f00434e000033c0001c736010100000000fffffffffc226d57416b40e8,1b28b3451b77f74cc629f53ad1caeadc83cd40121968b00100000000d822050000000000ffffffff
868,6638,52860,1.256648376,1.556779220,2.755088111,-0.240112779,1.742748799,5.486868894,3.120497538,54bfdc36c44e92d2ece291981074f0011e3400009367030200000000ffffffff6d243a569c6ab0ea,7c270444dd73975c212caa3afecab2dc8039b20a1a64b001220000008973030000000000ffffffff
869,6639,52861,1.256186318,1.555177938,2.722296386,-0.304993479,1.203116763,0.001733825,3.156372931,48bfbf36524e6ed2b91622991074f0011e5cd0009168030300000000ffffffff402260543369b8e3,e720d71d6029db49133de938ab4c9450bfe98011043420000390e0018e70000000000000ffffffff
870,6640,52862,1.255185191,1.557110520,2.761416338,-0.270955177,1.814475190,5.591859942,3.225949781,2ebfe236da4e25d29162a1971074e0011f5cd0009162090200000000ffffffff0b28c75ba66d50e7,5b2417494a75475dbb29c03ae4cbcbdc6cf1e0171968b00122000000ab51020000000000ffffffff
871,6641,52863,1.258958668,1.554846638,2.665917631,-0.163295571,2.450901963,1.336414548,2.143198711,90bfb9368e4df9d2018f93a81074f0010d7800008773040000000000ffffffff6c24b152326958f5,472f1d76803bf144df3f753b6a394d3fda2533391074d0001f000000bd40010000000000ffffffff
872,6642,52864,1.254723133,1.554846638,2.716255805,-0.112392138,2.498940423,1.198919422,2.250028208,22bfb9363d4effd1339e73971074e0011f5cd00088680c0201000000ffffffffb23d3a6983418f71,71348379a239e840d33f3f3b003c0000a925843b1074d0001f000000ea12030000000000ffffffff
873,6643,52865,1.241130915,1.627069978,1.681590598,0.589436056,1.668537661,-0.503661441,2.280735020,c1bdd53b3040cac9be04fd771034400000000000c13e000000000000ffffffff1928685f046db35e,a47bc43e8322818fbe3f042bbc508853a3954b0e131040010354c001d41a090800000000ffffffff
874,6644,52866,1.231119650,1.627069978,2.662178224,-0.531055548,1.559760918,-0.604337789,3.712131301,bdbcd53b814dddd2d588b42f1074f0010d7800009469020000000000ffffffff833a3e69fc53377b,f809123725214f57a33ce6377b50e95358b140160e103000112c20006d3530210c000000ffffffff
875,6645,52867,1.237472953,1.626352162,2.064160719,0.612808510,1.680740534,-0.495319686,2.635166732,62bdc83b62459ecf535daa3d1034d00100000000f30b010000000000ffffffffe72ea66379690f6d,037ea13fa022d766bc3fa12cc1500a54c3e5e125131040010354c001e70f050400000000ffffffff
876,6646,52868,1.232736854,1.626738679,2.563227757,0.027765574,2.518431890,0.689209456,2.399795233,e7bccf3b294c8ad25f4d473b1074f0010d000000a15c010100000000ffffffff612a085e016ec767,a942e47ab6320a39b63f5d3a3c3db4c574ba177f1034400000000000c23d000000000000ffffffff
877,6647,52869,1.231235164,1.628119094,2.634276494,0.000003566,2.553715311,0.833320457,2.369831693,c0bce83b204df7d2afa0c5291074f0010d7800008576030000000000ffffffffd8221f52bf6780d1,d83f637dab345939ba3f993a8a03e4cc6902487f1034d00100000000d629000000000000ffffffff
878,6648,52870,1.254184065,1.557607469,2.753649877,0.019410018,2.560838255,0.839648684,2.488883188,14bfeb36bf4ebdd15b7ae0971074e0011f5cd000875f160201000000ffffffff27395764b1249980,d041e47dc1347237b53f9c3a4c3ff7cc5bd6587f1034d00100000000d728000000000000ffffffff
879,6649,52871,1.245481965,1.624861314,2.034533108,-0.288089842,2.332351878,1.492894357,1.773628462,32bead3bfb44a34bba0909ff0d10000100000000b82c1b0000000000ffffffff243b23647f241f7a,9e22ba6da03dbf563a3e0437003c0000545602361074f0010d0000008875020000000000ffffffff
880,6650,52872,1.245481965,1.625910429,1.938459108,-0.231025631,2.387402849,1.519070208,1.713427102,32bec03bad43544b2c553bfc0d10000103000000b62e1b0000000000ffffffff6235706564647777,68289f71fb3daa3aea3fc13b574ad1d2dd9992771d40f0010d000000827a030000000000ffffffff
881,6651,52873,1.234277049,1.627456495,2.399844427,-0.127293522,1.634910739,5.472774205,3.361075335,0fbddc3bf14921d23871793a1074d0001f000000c03e010000000000ffffffff6d30ae628d6a376e,ee32633cac73b75f8b2dbf3a6cc7aedcaa7143061a64b001220000008f6b050000000000ffffffff
882,6652,52874,1.232813864,1.627566928,2.515190757,0.612692995,1.681071834,-0.472883243,3.052212131,e9bcde3b824b9ed21025e8371074f0010d0000009569010100000000ffffffff8b262f4edc6748f2,007ea73fee2270dabd3f9f29dc4c2e4f387f3e5d131040010354d000df16050400000000ffffffff
883,6653,52875,1.253028919,1.553963172,1.373233327,0.500066262,1.516581520,-0.522358477,2.040004519,f6bea936003c000063d1758c1d40e0011f5cd0006f6b210201000000ffffffff460b3c67475c519e,937204344222b82c153e1a38224cc94f719d9f1d040c3001147020007936331505030000ffffffff
884,6654,52876,1.259151192,1.590350926,3.027201896,0.538648138,1.607909811,-0.517756129,3.617479837,95bf3c39765245d190ab62e41034e00100000000fd02000000000000ffffffff7418d35fb744c0fd,7d767a3a52222987de3f2929d04c544f2391c71113104001037050019739181700000000ffffffff
885,6655,52877,1.249563481,1.593553490,2.894309117,-0.517039776,1.570914675,-0.518331423,3.842852461,9cbe7639a85016c80222a7821034e00124000000da1e070000000000ffffffff5c0e4b67305999a4,640bdc375022bb5f9f3c1438874cde4e5679511004383000112c20006c48262402000000ffffffff
886,6656,52878,1.258188571,1.591952208,2.995560759,-0.149857373,1.127469992,0.592272516,2.823850472,7cbf59390852c9d09ee3e1e21034e0011d000000fb04000000000000ffffffff9310855a29305a38,a4307d1865310239473d71397248b44c966a73060d40e001045c0000e30f0c0100000000ffffffff
887,6657,52879,1.256571366,1.545128513,2.947236112,-0.577415406,2.033629958,-0.406149207,3.853223876,52bf09366051364a2afca2ab0d40e00104900000ea14000000000000ffffffff3a148759e62ea4dc,44059858d62390d17a3e932bd74f3d528e26a12b043830000d44f000b938060303020000ffffffff
888,6658,52880,1.243479712,1.596590404,2.916457914,-0.269723021,1.119077066,0.019280274,3.303246854,febdad39f550f04ab13f74a10d40e00104900000e11a020100000000ffffffff7d108363b05258d4,7b24e5179d299f47253df238074c8950eb49d10e0434200003000000926c010000000000ffffffff
889,6659,52881,1.254992667,1.591510475,2.968521968,-0.361711146,1.551975374,1.324621033,2.306014858,29bf5139aa51b3ce6e5351cf1034e00100000000f807000000000000ffffffff1710565a0f2fd832,261b8536573b4356053dde3a3b4d3acfcbafe6181d7800011f8c70016963320101000000ffffffff
890,6660,52882,1.256802395,1.544852430,2.951263166,-0.408956617,1.650371392,1.319155746,2.334451106,58bf04366e51a74a345050a80d4040001e900000ec12010000000000ffffffffa311d95a792f9001,5b167b3d443ba356f73c093ba14dd9cf9f6f83191e740001237c70016a632e0201010000ffffffff
891,6661,52883,1.256648376,1.543416798,2.938319064,-0.236531827,1.309519191,1.125569512,2.360160195,54bfea354151754a18da88be0d4040001e000000e915010000000000ffffffff44146e53441d7994,d9275e25a338af38283d353a084c8fc87302d8001e40d0001d8c70019261090101000000ffffffff
892,6662,52884,1.239975769,1.599461668,2.920197321,-0.526781507,1.598964718,-0.578161938,3.919177085,a3bde1390251424ff442b2f20d1000010e44e001906d020000000000ffffffff3015a9545b27e0e1,670ad8398021174f993cf5377650b553aa0db20a0e103000112c2001763e252303000000ffffffff
893,6663,52885,1.241515964,1.594878688,2.911567920,-0.210078984,1.303279713,1.023454930,2.399401699,cbbd8e39e4502d4d8253a1930d1000011e900000d126070100000000ffffffff7416e747041274d4,882aed2440370837243d0e3afb4b5ec373c2d7001e40d000235cd0018b5d160000000000ffffffff
894,6664,52886,1.236856875,1.595320421,2.925950255,-0.411998502,1.517851502,0.348923401,3.060358295,52bd963916512f518a0721d1043410010e0c0001e219020200000000ffffffff9c1621533a191196,0c161b34172ed80bd33c3f39094e9b4ddf8dc3590d90e001044000006c6b230302000000ffffffff
895,6665,52887,1.239552215,1.601670333,2.900349698,-0.534597995,1.598467769,-0.510277315,3.844476018,98bd093abd500750081352f2043400010e4430009569010000000000ffffffff7a172c4e140f59a5,9c09cf396c224f708f3c1238d04c544f7825f30b04381001032c20016257252100000000ffffffff
896,6666,52888,1.237472953,1.603437265,2.894884411,-0.546573009,1.599296018,-0.530124938,3.861803488,62bd293aaa50475160bbe0e90434e000110c0001e012080500000000ffffffff0911ba4b1c1aa5ad,6508de392722ff6d8d3c0938ab5087531836a7000e101001032c20017848201e01000000ffffffff
897,6667,52889,1.238628099,1.595983021,2.963344327,0.538263089,1.607191995,-0.475759710,3.509711294,80bda23998513a50b7ef10e2043400010e4430009e60000000000000ffffffff3712674f841b999e,73766d3ae422054edb3f922bec508f53d0369023131040010354d000b52f0d0d00000000ffffffff
898,6668,52890,1.239167167,1.597694736,2.944359645,0.629904670,1.827616746,-0.478923824,3.484671380,8ebdc1395651e64f3d3391ea043400010e44e0018a74010000000000ffffffff022c8b762a560f6a,bf7f054ad922f810963f8b2ca0501c53fbc87360131040010354d000d023070400000000ffffffff
899,6669,52891,1.258111561,1.621051367,2.648946476,0.570799701,1.982665017,-0.553711968,3.295479196,7abf683b534d26d1fd70edf61034000000000000fd02000000000000ffffffffe7151d494d10d1c2,c079fd54d521e4cb723f3c2e32506e534991ef651310300014345001835c130d00000000ffffffff
900,6670,52892,1.236933885,1.597694736,2.929114369,0.000003566,2.518431890,0.694099450,2.715335193,54bdc13921514b51a85bc0d9043410010e0c0001e612040300000000ffffffff132702790457a77a,d83fe47ac7327b39bc3f5f3a0080cbc977fe177f1034400000000000c23d000000000000ffffffff
901,6671,52893,1.258997173,1.618456186,2.738979895,0.561211989,1.616468387,-0.515742603,3.328682420,91bf393b8c4e6dd1059248ff1034000000000000ff00000000000000ffffffff1918e7524015a196,c778153b59221f64d23fdc2aad50c953890d8330131040010354c001b827101000000000ffffffff
902,6672,52894,1.239013147,1.603823781,2.885104423,0.132306286,2.462718320,1.393943890,2.045986227,8abd303a885073500efbe1f10434e00011403000bd40010000000000ffffffffd6138258402ed777,444df376483c5e308a3f7d3b994887d20bf2bc381074d0001f000000a757010000000000ffffffff
903,6673,52895,1.257302959,1.549435409,2.919909674,-0.426399321,1.182852263,-0.458788554,3.792734936,65bf57360151514b6525d48a0d40e00104900000e317020201000000ffffffff3a148759e62e0f76,9614681c1f23e74d043d41382e4e5e53fce1e012040c20000b3410017e453c0100000000ffffffff
904,6674,52896,1.256917910,1.550263659,2.916457914,-0.384621542,1.292125956,-0.139788356,3.478782561,5bbf6636f550f04a783d74a10d40e00104900000e11a020100000000ffffffff1b3aa4633c21f982,d318232474272f50f83cb638dc4d4e51e491c0160434200003440000dd1e030100000000ffffffff
905,6675,52897,1.244865887,1.625468696,1.991386102,-0.423858000,1.198920300,-0.387739818,2.937145398,22beb83b6544b14c664d0afe0d10000103000000b23f0e0000000000ffffffffb01f90567e0c118c,d8148b1d1624914f023d5a380b4ee952118aa017040830000d2c1001a332290000000000ffffffff
906,6676,52898,1.238243050,1.613100173,2.751636350,-0.267874788,1.101186881,-0.098942523,3.264390613,76bdd83ab84e6951667e43f00434e000033c1001e310090201000000ffffffffd93a566528294f7d,ab24a1160228c74b253dcc38bd4b27510d7e310e0434200003000000c622160100000000ffffffff
907,6677,52899,1.246290567,1.625634346,1.902503269,0.582158636,1.950142428,-0.546520800,2.558143000,47bebb3b30438c497349eafd0d40400000000000ae39180000000000ffffffff372f816415180ecb,e77ab052ee21cbb97a3fbc2e7550b653bf7c1f6a1310300014546001a2430d0c00000000ffffffff
908,6678,52900,1.224958871,1.478702918,2.510588409,0.609420082,1.880348619,-0.498483800,3.097534961,1dbc5631724ba64e3cd8f5ee0d100001030000008975010000000000ffffffff6b1cea52190af984,ab7dc04d952270038b3f042eb2508553af551654131040010354d000c729090600000000ffffffff
909,6679,52901,1.237280428,1.610781075,2.658726464,0.628595505,1.786811663,-0.480649704,3.202681194,5dbdae3a754d70503e0ac5f10438d000110cf000d91a070302010000ffffffff4e1f20414c01e8e1,9d7f2247d322f3599e3f442dde507f533ac6201d131040010354d000de18050300000000ffffffff
910,6680,52902,1.232582835,1.595706938,2.888843830,-0.291901824,1.249940457,0.644624216,2.734982561,e3bc9d3995506f53911b62cc04383000112c20007442242401000000ffffffff92248e3bc41330f7,3b2227211b32ac2a1d3d90395c4c014bc4ad57400d780001048c400292610b0000000000ffffffff
911,6681,52903,1.233930505,1.580411934,2.760553398,-0.257863523,1.329949341,1.197193542,2.175379271,06bd8838d74e8151c76ea4830434300002440001e01d010000000000ffffffff5d216b3d880410e1,af25d0269c391f52263d563a174cddca1a9737061e40d0010d8c0000915f090501000000ffffffff
912,6682,52904,1.232236291,1.587700528,2.822397440,-0.272379857,1.362582364,1.242354075,2.193418559,dabc0c39ae4fed52691b12cb040ce0001108b000c3240b0902020000ffffffffee22693da21a78ed,36241f29393aff54203d713a254c5ccc7267080b1e40d0010d8cf0018554230301000000ffffffff
913,6683,52905,1.235201166,1.580080634,2.770621033,-0.296830447,1.419124184,1.272844626,2.148572085,27bd8238fa4ecc502487b289043440020344e0019e61000000000000ffffffff6420033fc401d4d9,bb211f2da33aef501a3d953a604c4bcdb15377111e7400010d7c300279453f0100000000ffffffff
914,6684,52906,1.232313301,1.591841774,2.871009734,-0.315197268,1.483341114,1.293267542,2.212652656,dcbc573957503753a9dfe1ce040ce000112c2000922d231805010000fffffffffd1fe043b226a8e8,de1faa31ea3a5f54133db83aaa4c1fceaf0ba7121e7400011f343002675e390000000000ffffffff
915,6685,52907,1.237703982,1.581129750,2.819233327,0.577268518,1.649653576,-0.497620860,3.382660523,68bd9538a34f454f24d7a18f0d1040021e400000b81e1a0c02000000ffffffff0b21e0406d2110e5,687a6e3d982273b1cc3f6829db4c554fc46afe4c1310400103345001c1260d0b00000000ffffffff
916,6686,52908,1.236587341,1.580688017,2.806864518,0.545733033,1.590295709,-0.550547854,3.427767469,4bbd8d38784f19504e93218e0d1040021e401001a156050200000000ffffffffcf23863b8d0d10ec,35773b39e0210017353eef378c50a253d2b5284013103000147020008f351d1c01000000ffffffff
917,6687,52909,1.233160408,1.582234082,2.766593979,0.544269848,1.600731650,-0.517180836,3.355307646,f2bca938ec4ef151426f4289040cd0000244e000ed09060202000000ffffffff932a3760880fc186,0f77f8395422635dde3fb929c1507353a500711113104001037050019d35171600000000ffffffff
918,6688,52910,1.240668857,1.619891818,2.554023062,0.567950341,1.635959854,-0.512578489,3.139562622,b5bd533b094c9650245eb5f8043430000e3c0001bc40020100000000ffffffffdf3c8e6a494cff6f,7679763c6422a18ccf3f232ab1508a5326712910131040010354c001bb260f0e00000000ffffffff
919,6689,52911,1.239128662,1.626517812,1.841234520,0.593941125,1.647997078,-0.501935561,2.430467927,8dbdcb3b5b42adcdae28ad371034d00100000000de21000000000000ffffffff1311ff3ebc54175d,197c503d89229763c43f3d2cba50fb53b079b22e131040010354c001d917080700000000ffffffff
920,6690,52912,1.245520470,1.556061404,2.934579656,0.617313579,1.860084119,-0.472307950,3.477636679,33becf363451d9c850e1009b1e8c00011d000000fe01000000000000ffffffff9c11c1357039d427,787e514cf0222f698d3f762ee4509b531f7762241310400103546001df17050301000000ffffffff
921,6691,52913,1.249756005,1.529943942,2.955290219,0.552779424,1.625247830,-0.511140255,3.537089117,a1bef6347c51314d48f540db1e90d00023000000f904010000000000ffffffffb811e53187392021,ec77b43b69220999d63f3129d24c514fb631cc0a1310400103705001a731141200000000ffffffff
922,6692,52914,1.250680122,1.531710874,2.958454333,0.506265545,1.502832581,-0.536453165,3.573424890,b9be16358751c14d353111e01e9030020d000000fc02010100000000ffffffff2b0ef632ad42683b,34730b3311229c2c123e1538355066536d91bf20040c30011408c001753c2f1804030000ffffffff
923,6693,52915,1.249910024,1.539717284,2.974850196,0.601064526,1.652580057,-0.477197944,3.514310009,a5bea735c051ff4ab90550e01e8cd00024000000f30b000000000000ffffffff271936207e5374c7,d27ca33ddf224357c53ff02c0551d953431a9234131040010354c001e70e050401000000ffffffff
924,6694,52916,1.236009768,1.480690716,2.918183794,0.632368982,1.766491946,-0.466842662,3.450285300,3cbd7a31fb5002492a9e52882378000000000000fd02000000000000ffffffff190e04409a490b3c,ff7fb24503233770a13fbd2d0151be5384e61222131040010354d000e810040201000000ffffffff
925,6695,52917,1.246098043,1.542146815,2.961330800,0.469839942,1.635683771,0.208839454,2.861386799,42bed3359151ac395e0d90e31e8cd00024400000ff00000000000000ffffffff201598347e35a01e,826f713c302cb4291c3e0539074bd64af8157f150d60400017403001ae26161204000000ffffffff
926,6696,52918,1.250372083,1.526465295,2.934292010,0.617891152,1.693495573,-0.472595596,3.469123002,b1beb73433512d4e0c5db2d81e90d00023400000f00c030000000000ffffffff810f86360f3e5830,877e8840ef22835fb63f372d0551f65306466128131040010354c001ed0a050201000000ffffffff
927,6697,52919,1.249293947,1.534140405,2.965357854,0.143395687,1.817401671,4.062442397,1.583301108,95be42359f510e4c7a51c0dd1e8c40020d000000fc01010100000000ffffffffde16f7511241282e,644e4c498560b93d773a603b434893da5b0a8d78226c10021a0000009866010000000000ffffffff
928,6698,52920,1.241669983,1.520446683,2.901212638,0.337152173,1.986419747,2.202806432,1.234120980,cfbd4a34c050933f36b5a0ec1e40d000245c0000e0120b0200000000ffffffff2a211f25903a2819,0c62415544471432113b8238de4cfed54e361f2d1f74100210000000b841060000000000ffffffff
929,6699,52921,1.253606492,1.534250839,2.865544447,0.137773977,1.510894208,2.295428672,1.253259642,05bf443544504c4f9b5cfbc91e8cd00024000000dd21010000000000ffffffffa81ee524e338ac20,d24d9d33864807433e3a8838334867d60dfe0c471f74100210880000b42b200000000000ffffffff
930,6700,52922,1.253298453,1.534803005,2.885104423,0.000003566,1.439609550,2.680299967,1.273481344,fdbe4e358850aa4f60d48ccd1e8cd00024000000ef10000000000000ffffffff6f192454943b4829,d83f922ec04d2442f3391e390000d8d739fe3700217cd00122000000807d020000000000ffffffff
931,6701,52923,1.241361944,1.508740760,2.871872674,0.134501063,1.513323739,2.424006750,1.194046021,c7bd76335a50c8454eb5b0ea1e40d000245c00009134330700000000ffffffff811ea42095465427,7d4dc933454a6a42393aba38fa47ddd61f062d071f84d00122000000b337150000000000ffffffff
932,6702,52924,1.253991540,1.541815516,2.891145004,0.188677410,1.831702776,4.319598554,1.805383163,0fbfcd359d508b4d5db9d9c12378d00000000000ad52000000000000ffffffffa41c4d215340381f,fc524f4a0364654a5f3acd3bb04913db43d61f631b88a00121640000bd3e050000000000ffffffff
933,6703,52925,1.253529482,1.539165118,2.903801459,0.000003566,1.527790494,3.924371978,1.616484082,03bf9d35c950c84ea7d5ad8c1e8cd00000000000df20000000000000ffffffff6c16cd21c94dd9c2,d83fcf34a55e3a40e939133b00004cda5ffe9700226c10021a000000a157070000000000ffffffff
934,6704,52926,1.236317807,1.495764854,2.942058471,0.000003566,1.500126967,3.652833486,1.426076103,44bd8b324e51274b415a62c92378d00000000000f10e000000000000fffffffff619975083355015,d83fda32f55a9c40ea39a83a0000c7d92dfe27002284b0011f000000ac4a090000000000ffffffff
935,6705,52927,1.242786624,1.500403050,2.876762668,0.085176330,1.543637664,3.660024653,1.398366963,ecbddf326b5091497a3982ee1e344002101000007c4c211500000000ffffffff6318aa207350e9c4,7c48ee350e5b76410e3aad3ac944cbd93726cc042284b0011f000000b0450a0000000000ffffffff
936,6706,52928,1.236009768,1.488586693,2.925662609,0.081287338,1.556116621,3.786876851,1.442093670,3cbd093215513c4a2abaf2c72378d00000000000fa05000000000000ffffffffda19534a9130980f,1748d036c75c38400b3ae03a89440ada4a6a9c05226c100200000000b826210000000000ffffffff
937,6707,52929,1.245096916,1.498470468,2.875036788,0.194491644,1.774940089,4.063592984,1.610239957,28bebc326550ae4c4dcd32ea1e90d000101000006d46440800000000ffffffffe91a702139414988,93534b468960db395e3a5c3bbd4994da5cb65f28226c10021a0000009768010000000000ffffffff
938,6708,52930,1.226999629,1.623922631,2.915307327,0.159837265,1.597308220,3.666065234,1.305059873,52bc9c3bf150914e1e3916881e8cd00000000000df20000000000000ffffffffa41c4d21534008e6,0f50ba39235be0402f3ab33a7748cfd943168d072284b0011f000000b2420b0000000000ffffffff
939,6709,52931,1.229078892,1.620223117,2.903801459,0.146938135,1.608848494,3.794930959,1.401880803,88bc593bc950c84e6bd4ad8c1e8cd00000000000df20000000000000ffffffffb4188a2276400f6c,c04e8b3ae35c633f2a3ae63a1a480eda543a2d08226c100200000000bc261d0000000000ffffffff
940,6710,52932,1.226845610,1.622818299,2.928826722,0.000003566,1.510397258,3.790616259,1.503482988,4ebc883b2051904e3d41d2901e8cd00000000000dd22000000000000ffffffffcd18fb1d443eac24,d83f9433d45c8540e939df3a00000bda3afe3700226c100200000000b428220000000000ffffffff
941,6711,52933,1.228154775,1.622210916,2.929402016,0.000003566,1.587921394,4.243947470,1.799322349,70bc7d3b2251b14f2bf585c61e8cd00000000000f50a000000000000ffffffffa717701e5e3f343b,d83f1039fc62bc3fe939993bb39dedda56fe77001b88a00121000000ad48060400000000ffffffff
942,6712,52934,1.227962251,1.622652649,2.936593183,0.124297274,1.526520512,2.696120536,1.133642300,6bbc853b3b51634f9c3121d01e8cd00000000000f30c000000000000ffffffff551c3c1e6f40b426,744cb834f74dde402e3a29393b47e4d73adabc06217cd00122000000837a010000000000ffffffff
943,6713,52935,1.228693843,1.622100483,2.906677926,0.231456316,1.591400041,1.756954035,1.522264835,7ebc7b3bd350334f6b1c8fd11e8cd00000000000ec13000000000000ffffffff8e17b51e0a41175a,53574f3936413e3b713a5d37104b70d44742ae0c1d7c0001215c0000bd3e030000000000ffffffff
944,6714,52936,1.227846736,1.623370465,2.937168477,0.252826517,1.589633109,1.647648286,1.616992566,68bc923b3d51fd4edfb5a09d1e8cd00000000000ee11000000000000ffffffff6519c7551842342e,7e592f39ba3f1940743afc364b4b00d44856ae0c1d7c000117840000cb280b0000000000ffffffff
945,6715,52937,1.240437827,1.518458885,2.882515602,0.000003566,1.424424980,2.549420715,1.287816655,afbd26347f509bb7420971ef1e40d000245c0000af3a140101000000ffffffffcf175251ec3a5c25,d83f7f2df94b7342f439e93800005ad71efe17001f84d001220000009364070000000000ffffffff
946,6716,52938,1.242286061,1.512053757,2.883666189,0.303152377,1.886256797,2.699572296,1.027565352,dfbdb2338350664745fdd0ec1e340001245c0000b7241a0a00000000ffffffff4b15474f5f408c2e,995e2b4e034e2034d33a4239564ce8d74d129f2e1f84d00122000000916d010000000000ffffffff
947,6717,52939,1.242555595,1.521827099,2.912430860,-0.210425527,1.234093287,-0.858617478,4.051512120,e6bd6334e750e3422cb5c0ec1e40d000245c0000eb09080200000000ffffffff7e13854913396027,7f2a0820b11d7014223d3c3742cab854ac04455e0308b000044400008d6c060000000000ffffffff
948,6718,52940,1.244711868,1.519176701,2.929977309,-0.235761729,1.274843154,-0.841358676,4.058876207,1ebe33342451dc4920a9e0e81e34400210000000dc140d0300000000ffffffff0119ad46202f280f,ed27ea22ed1d9015173d37374bcbb7549bc0d4600308b000044400009a53120000000000ffffffff
949,6719,52941,1.246213557,1.503329531,2.889419123,-0.436988160,1.316586919,-0.741545268,4.006487643,45be143397503a4d3c15d3e51e90d000101000007452340400000000ffffffff6115b1486a33181a,8313de25481fb82aef3ca637bece7e542cd92153032c20000444e0008f4f130805010000ffffffff
950,6720,52942,1.245366450,1.511722457,2.915882620,-0.321820105,1.346348678,-0.833592215,4.067183758,2fbeac33f3502d4c3091b1e81e90d00010100000ab2b250400000000ffffffff0614eb380e34481f,321ff927081e5019fc3c3e371ecdc2549d444752032c20001110e000ae301c0400000000ffffffff
951,6721,52943,1.249332451,1.523649247,2.939757297,-0.167377087,1.015766768,-2.407594999,5.555104599,96be84344651e14d2315e2d81e90d000108c0000e018080000000000ffffffff6a195e37ac301014,dd2e9610a8086f512d3d5930dfc82759686ad20b05188000070000008c72000000000000fffffeff
952,6722,52944,1.250179559,1.520004950,2.901500285,-0.135687582,0.999864381,-2.394075604,5.498572355,acbe4234c1509e4e038524d61e90d00004400000b431190100000000ffffffff2810253a9b38d02b,1432760fd7080037343d6530e6c72459b071934605187000080000009866000000000000fffffdff
953,6723,52945,1.248716374,1.527790494,2.962481387,-0.132722708,1.005386043,-2.477780796,5.637174200,86becf349551c04c5a9170dd1e90d00023400000f606030000000000fffffffffb10fe3e6c38d82b,6132da0fb407b431373deb2fbbc7465970a1e0570518800007000000847b000000000000fffffeff
954,6724,52946,1.247522723,1.525250529,2.953276692,-0.156095161,0.910689538,-2.246800490,5.421128211,67bea13475512d4c496900e31e90d000108c0000f009060000000000ffffffff0b0fa644244a523d,02302709d70ac2333a3d52318bc8ea585b6d07420518700008000000a44e0d0000000000fffff9ff
955,6725,52947,1.244788877,1.540324667,2.955290219,-0.493359284,1.412663839,-0.674811232,4.026796849,20beb2357c51f1bf3b31d0a61e340001248c0000ff00000000000000ffffffffc715144e1a4d643d,cb0daa2c3020ca34d23ccb37dacf3854df959055032c40000e442000695a19110a080000ffffffff
956,6726,52948,1.241746993,1.536680370,2.915594974,-0.344191432,1.323930730,-0.816908706,4.061040115,d1bd7035f250fcc61edd60ad1e40d00017744002f805010000000000ffffffffed11454805513d42,ed1c6326421e381afb3c5d3775cdb354c3e0f454032c20001110e000a8381a0401000000ffffffff
957,6727,52949,1.243133168,1.545680679,2.934292010,-0.166260446,0.932720970,-0.696384735,3.942578292,f5bd133633511ec920a5c0aa1e40d0001d5c3002fe00000000000000ffffffff72116249394bf13c,fa2eb60ae51ffd43473d05387fc874545e350445020c40000b000000e3100c0000000000fffffeff
958,6728,52950,1.243364197,1.538281652,2.940907884,-0.394940846,1.336464902,-0.794472262,4.083850910,fbbd8d354a51bfc425a900ac1e40d000245cd001fe01000000000000ffffffffb9145043eb32681d,c7174627901e081ff13c78374dcea354fc782353032c20001110e000974b110902010000ffffffff
959,6729,52951,1.246791130,1.517354553,2.924512022,-0.467252984,1.414872504,-0.772898759,4.076677113,54be12341151c04c355d41e31e90d00010100000b72e190100000000ffffffff5615464c0053683f,7110d22cdb1eec2ecf3c8437eacf7d54b71d824c0b0c10010e0840006658271205020000ffffffff
960,6730,52952,1.241631478,1.545018080,2.916170267,-0.364059943,1.357612868,-0.827839280,4.078109016,cebd0736f45087ca2cbd50ac1e40d0001d5c3002fa03010100000000ffffffffb218c13c222f0012,e91ac5281c1e601af13c5137d5cdb354146df44f032c2000113840009f41110c01010000ffffffff
961,6731,52953,1.248870393,1.515974137,2.902650872,-0.241460450,2.379838172,1.452623818,2.251649517,8abef933c550484e22b143db1e90d00010100000954f1b0000000000ffffffffe4188e2b8d33b81f,59271671143dd7532e3efa36003c00005c2e73391074f0010d000000906d010100000000ffffffff
962,6732,52954,1.226691590,1.613707556,2.918183794,-0.196948824,2.419483705,1.394806830,2.235330984,4abce33afb50cb4f58f894de1e34400223400000fc01010000000000ffffffff7b0fba442a443e35,dd2be4734b3c8541e73f8c3b003c0000b29d533a1074d0001f000000a45a010000000000ffffffff
963,6733,52955,1.245173926,1.533809106,2.955290219,-0.132222144,2.462663103,1.393943890,2.279866672,2abe3c357c5122433425a0e41e34400210000000fe01000000000000ffffffffc11aaf1e9642c427,6e32f276483caf44d53f8a3b994887d2c309b3381074d0001f000000a757010000000000ffffffff
964,6734,52956,1.229117397,1.622597432,2.916745561,-0.337414576,2.233072393,1.584078364,2.145391330,89bc843bf650ab4e6084baaa1e8cd00000000000e21d000000000000fffffffff11b6d1e7441f02c,9d1db466dd3e4f5a4d3e2637003c00005196e1301d40f0010d0000008c69090000000000ffffffff
965,6735,52957,1.228847863,1.622321349,2.909266746,-0.289244988,1.002459562,-0.638855393,3.908708899,82bc7f3bdc50f54e56b04ea01e8cd00000000000e916000000000000ffffffffd10f0b44e84f3347,8022a50fad208c3c2c3d0b3807cc50545e39724b020c40000b000000a539200000000000ffffffff
966,6736,52958,1.244519343,1.547337178,2.946085525,-0.178466489,1.197981617,-0.856028658,4.074679158,19be31365c5166c72a6900a71e8c00010d744002ff00000000000000ffffffff8814072a0138e234,bd2d7a1dba1d80132d3d3d373bc9bb54b9209658020cb000044400008875020000000000ffffffff
967,6737,52959,1.226191027,1.616081871,2.949537285,-0.421047145,2.078797154,1.548985465,2.211118366,3dbc0e3b6851404f5d6c01da1e8cd00024000000fb03000000000000ffffffffc11aaf1e96427188,2115ca5b633e3d486c3edd36003c00009b1a00241d40f0011e340000886c0b0000000000ffffffff
968,6738,52960,1.227731222,1.624750880,2.916745561,-0.382811813,2.071011611,1.662605915,2.089464945,65bcab3bf650ab4e0a85baaa1e8cd00000000000e21d000000000000ffffffffc81d7122b63d7021,02193d5bee3f83546b3e3a37a44de1d36c9690281d40f0010d781002b1321c0000000000ffffffff
969,6739,52961,1.228809358,1.619008352,2.895172058,-0.390512786,2.159744721,1.578900723,2.155729634,81bc433bab50234f41009fd01e8cd00000000000dd22000000000000ffffffff121c212bca33e81c,3a188461cb3e13585d3e0b37003c000063f6202c1d40f0010d7800008a690c0000000000ffffffff
970,6740,52962,1.227153649,1.613044957,2.895172058,-0.337491586,2.181886586,1.665194735,2.069912974,56bcd73aab50b24f59d437db1e34400223400000fb03010000000000ffffffff7818cc1ed241b772,9b1d1563f73f6b56553e5637f34cd1d365f6e02c1d40f0010d000000ad381a0000000000ffffffff
971,6741,52963,1.227808231,1.623812198,2.931415543,-0.422664349,1.438229135,-0.162224799,3.511283437,67bc9a3b2951cf4e90ede3a81e8cd00000000000ea15000000000000ffffffff2117395042546340,f714792e26275549da3ca838914a684dd14970180434300002440001e01d010000000000ffffffff
972,6742,52964,1.240283808,1.543913747,2.905527339,-0.315851851,2.301264920,1.504400226,2.226723192,abbdf335cf5039cc3db510ac1e40d0001d5c3002eb0c050201000000ffffffff41157a4f43471439,cd1f876bc83d3b5c413e0137003c00003b3212341074f0010d0000008676030000000000ffffffff
973,6743,52965,1.241939517,1.529115693,2.917608501,-0.162525474,2.429974863,1.466430860,2.211331206,d6bde734f95096c01c99d0ab1e40d000245cd001f606020000000000ffffffff8811c249ed3ef42d,5b2fa274443d573bdb3fa73b0f49bed2eb2973791074f0010d0000008b72010100000000ffffffff
974,6744,52966,1.244249809,1.525084880,2.942058471,-0.341958150,2.265981499,1.512166687,2.260436685,12be9e344e517b462871e0e81e34400210000000f506030200000000ffffffffa5184942ac2eb010,271d0869e33dff5d493efa36003c00004106b2321074f0010d7800008378030000000000ffffffff
975,6745,52967,1.247445713,1.508961626,2.896610291,-0.342112170,1.870961793,4.603505855,2.360345493,65be7a33b050ba4d362173e11e90d000101000007e5b240100000000ffffffffd3108744313ede31,231d164dde67b742223088390dcdbadb9d44424f1b68200219000000d624050000000000ffffffff
976,6746,52968,1.245674489,1.527845711,2.948386698,-0.381887696,2.210047062,1.510728453,2.276229027,37bed034645179482c3570e41e34400210000000f804030000000000ffffffffd40ee63fbe436435,1a191365de3d6f58543ee636003c00006a3e112f1074f0010d7800008476050000000000ffffffff
977,6747,52969,1.246521596,1.536017771,2.960467860,-0.246158043,1.846445613,4.513472435,2.176299879,4dbe64358e5129465529e0e41e34400223400000fe00000000000000ffffffff95189729f933ac23,df265a4ba5660d3cf130773956cb84dbbac0a1511b68200219840000d618120000000000ffffffff
978,6748,52970,1.226884115,1.614977538,2.922498495,-0.241460450,2.379838172,1.452623818,2.213951018,4fbcfa3a0a51045055b484db1e34300224000000fd01010000000000ffffffff3d1b271ef93e1424,59271671143d783cf13fa53b003c0000cd3173391074f0010d000000906d010100000000ffffffff
979,6749,52971,1.228462814,1.621990049,2.913869094,-0.594704091,1.695538588,-0.446707393,3.823979769,78bc793bec50844f9fc8ebc81e8cd00000000000f10e000000000000ffffffffe91a7021394150e8,8303ad404923aacb383e9d29003c0000834e50180e1010010348d0007669180800000000ffffffff
980,6750,52972,1.229348426,1.620499201,2.915307327,-0.597206908,1.850476427,-0.394643339,3.787475059,8fbc5e3bf150914e3d3916881e8cd00000000000df20000000000000fffffffffc18a720684d74c0,4203a34bfe23dcdd573e0629633d4939b40a311f043810010334f0009d4f100201000000ffffffff
981,6751,52973,1.235778739,1.496040937,2.924512022,-0.421701728,1.417964635,-0.838769855,4.112861278,36bd90321151c44b596a33c62378d00000000000f30c000000000000ffffffffbb17224daf34c817,10150a2df61d9425d23c543786cfad546039e545032c10010e0840006051361404000000ffffffff
982,6752,52974,1.243980275,1.505317329,2.899199111,-0.477841823,1.331771490,-0.648060088,3.946876907,0bbe3833b950384b49d171ec1e344002101000009439270b00000000ffffffffaf111d442f38d82a,5e0ff1268d203836e93ce5371fcf34548491a056032c40000244e000813d281602010000ffffffff
983,6753,52975,1.246213557,1.522379265,2.944647291,-0.102573398,0.964801827,-2.437510257,5.576534652,45be6d345751234b2c75a0e41e90d00010000000e60d0c0000000000ffffffff7613163e0733a01d,7035fb0c4008e43f3f3d3330f9c53a59813d814f05187000080000009668000000000000fffffdff
984,6754,52976,1.248138801,1.520501900,2.939757297,-0.065454707,0.906161776,-2.478356089,5.608822903,77be4b344651784d3785f1df1e90d00010100000d1220c0000000000ffffffffc40f993f063efa31,3439d508b207ff3a4f3d1b309fc34e590de594460518700000000000916d010000000000fffffdff
985,6755,52977,1.246983655,1.530385675,2.957591393,-0.020481023,0.953427203,-1.740829931,4.900460256,59befe348451b8494c3510e41e90d000108c0000fb02020000000000ffffffff430d6a3b3943dc37,c43d2d0cb611a1435e3d0e34c4bc1258a3e2d0120714a000031800009134280a08000000fffff7ff
986,6756,52978,1.247753752,1.537729486,2.972261375,-0.332948011,1.468156543,-0.925639161,4.206790588,6dbe8335b7515f486a1160e11e34300224000000fe00000000000000ffffffff541d5c286e34101d,111e9730c81cd804dd3cf93655ce08555d09184e032c10010e08f000ad251e0b04000000ffffffff
987,6757,52979,1.252797889,1.532097390,2.889419123,-0.052902120,2.486847983,0.545961396,2.847489303,f0be1d359750f44f58584ad51e34300224400000fb02020000000000ffffffffee1ff726f136701a,7a3aa878c430eb39ca3f2c3aa63f1cc06a3a487f10344000000000009d62010000000000ffffffff
988,6758,52980,1.253259948,1.532539123,2.871297381,-0.253242939,1.001244797,-2.207105244,5.323720299,fcbe25355850aa4f76a0bbcd1e8cd00024400000f607020000000000fffffffffa157d4e4d3a6024,27268f0f610bc038213d94315fcbd058ee095444051870000800000097580e0200000000fffffbff
989,6759,52981,1.243210178,1.515698054,2.904089105,-0.170881030,0.918972032,-2.225226986,5.354028340,f7bdf433ca508a483301c1ec1e340001245c0000d0180b0b00000000ffffffff2e0fe83ac93df631,822ebd09220b6b53373d7131f9c8e058bd76930a0518700008000000a34d0e0000000000fffff9ff
990,6760,52982,1.248177305,1.532483907,2.964207267,-0.259596241,1.019466282,-2.231842861,5.434657771,78be24359b51ef4a663570e01e90d00023400000fc01010000000000ffffffff0e11c8493845c435,8225d9100b0bbc251e3d6f318ecbda58659d51550518700008000000935d0c0400000000fffffcff
991,6761,52983,1.243749246,1.531379574,2.944934938,-0.462670905,1.282683914,-0.636841866,3.975279153,05be10355851e33a2a7de0ea1e340001245c0000fd01010000000000ffffffff97181e52344e633c,e8107823b420c036f43cf537bace305481f5e0520310b0000244e000842e2b2100000000ffffffff
992,6762,52984,1.240360818,1.534968655,2.896897938,-0.293133980,1.645788413,-1.019987281,4.207835207,adbd5135b15075c93205e1ae1e40d00017744002eb0e050100000000ffffffffdc169852d747b139,1b22283d801b6827d33c7f364ece4755a216a24a033810010b3c9000cc15130703010000ffffffff
993,6763,52985,1.240976896,1.527348761,2.910704980,-0.085977800,0.919745064,-0.818346939,4.004474901,bdbdc734e150fbc41bc950ad1e40d0001790d001eb0e050100000000ffffffffa81ee524e338981c,1f37cb093d1e1023543daf37ccc4da54cc547a46020c400000000000eb13010000000000fffffdff
994,6764,52986,1.228347299,1.616910120,2.885104423,-0.053094645,1.057179234,-0.845673376,3.984230805,75bc1d3b8850aa4f66d48ccd1e8cd00024000000ef10000000000000fffffffff530f9660323a196,753a8413de1df8e0573d4637fcc1d9544d60f960020c40000b000000d12e000000000000fffffeff
995,6765,52987,1.259767270,1.540545533,2.463701996,-0.090367355,0.954200236,-0.822661640,3.600951299,a5bfb635cf4a124cecca03bb0d10000100000000b633160000000000ffffffff0733ea67de23c199,ad363b0c2e1ed829533d9a370bc5d9542168495b020c400000000000e717010000000000fffffdff
996,6766,52988,1.260190824,1.542643765,2.395817373,-0.111352507,0.930843605,-0.838482209,3.565967516,b0bfdc35e3499a4b403fe4b80d10000100000000bb2d160000000000ffffffffbc351467f2212f68,8c34940af71d1025523dac3739c6eb5470980457020c400000000000e916010000000000fffffdff
997,6767,52989,1.260036804,1.546508929,2.303195133,-0.114971964,0.950832022,-0.818634586,3.462845778,acbf2236a148324c76d80df10d10000100000000be320f0000000000ffffffff15341c650226e763,2e34fe0b3c1e30274f3da7376cc6d7547e486358020c400000000000e915010000000000fffffdff
998,6768,52990,1.260922416,1.552196240,2.359286241,-0.362404234,1.113389754,-0.626486585,3.426744799,c3bf89366449f44a24adebbb0d40400000000000b924220000000000ffffffff662f8665ce1fd987,141b7e17d8203635163d083838cd3f547295614f030840000b0000006f5d2f0400000000ffffffff
999,6769,52991,1.258843153,1.541152916,2.514327817,-0.319548318,1.287598193,-0.821223406,3.698852740,8dbfc1357f4be34ce29126fc0d10000103000000ab480c0000000000ffffffff6531c366ca20418a,6d1fd123331e5015053d623709cdb754aed8745d032c20001110e000aa2c270101000000ffffffff
1000,6770,52992,1.259420726,1.542533332,2.448744367,-0.340764499,1.383509464,-0.861206298,3.679898743,9cbfda359b4a914c49ce14fa0d10000100000000b2400e0000000000ffffffff502f3266ad22618d,461d9a2aa81d5011f13c273787cdd9540629674c032c200011384000ae31100e01000000ffffffff
1001,6771,52993,1.259382221,1.538889035,2.517491930,-0.502292413,1.442977764,-0.696384735,3.666292365,9bbf98358a4b374c55b255fe0d10000100000000b534160000000000ffffffff5333ad672a22b185,e30ccf2ee51f6639c73cbd371dd03c54d0fd30510b0ce000111020005f5b1e140e040000ffffffff
1002,6772,52994,1.259921290,1.543692881,2.385462091,-0.323398805,1.057234450,-0.627924819,3.438610911,a9bfef35bf492f4c2f1a36fd0d10000100000000b935100000000000ffffffff94333b66121f0986,091f8513d3206a36213d0b3896cc445470adb14e020c40000b0000008553270100000000ffffffff
1003,6773,52995,1.259343717,1.545515029,2.373668576,-0.112815692,0.963697495,-2.383720322,4.985386868,9abf10369649e74c3265c9f40d10000100000000af47090000000000ffffffff5d3459670b21a985,6634e70cfb08be353c3d783092c6245977a1e14e0518700008000000a25c010000000000fffffdff
1004,6774,52996,1.259844280,1.545183730,2.348643313,-0.121556297,0.993624903,-2.457645526,5.031192413,a7bf0a363f49654c3ee189f90d10000100000000ba380d0000000000ffffffffaf35ba6540208763,8333050ffa076f51393d103014c73f596c9e120b05187000080000008d72000000000000fffffeff
1005,6775,52997,1.259613251,1.547778911,2.303770426,-0.077237196,0.928524507,-2.489861958,5.014933356,a1bf3936a348a44c640c3eec0d10000100000000b83d0a0000000000ffffffffc1350264081fa986,02386a0a8a07d02d4b3d06307fc45259da34525305187000000000008e70010000000000fffffdff
1006,6776,52998,1.259151192,1.549877142,2.301469253,-0.109465769,0.982802445,-2.476630209,5.002491436,95bf5f369b48004d2cdd6afc0d10000103000000ae49080000000000ffffffffef379163db1bc986,bd34410eb807b93c3e3df32f60c648595c8de44405187000080000008c73000000000000fffffeff
1007,6777,52999,1.243864760,1.624640447,2.144126504,-0.125445288,1.067394309,-1.671507074,4.092015746,08bea93b7846e44d1b65ebfb0d100001030000009665040000000000ffffffff5038f4638d21f980,1e333d14a7126f3a3d3d4c344fc7d05705069150072850000318800075511f1307000000fffffbff
1008,6778,53000,1.244904392,1.624530014,2.149016498,-0.231526194,1.032939137,-2.288796909,4.714235343,23bea73b89466e4ca94d49ff0d10000103000000b73a0e0000000000ffffffff0d2dad633c1bc0e3,5b28cd11450aa82b1f3d0c31bdcaf2586b75515305187000080000009465040300000000fffffdff
1009,6779,53001,1.224073259,1.478095535,2.571857158,-0.416542076,1.986088448,1.498647292,2.025204902,06bc4b31474c0e4edf5434fa0d10000103000000926a020000000000ffffffffed2dcd645a1becdf,96153b55b43dcb497a3e9436003c0000a61ad0201d40f0011e5cd0008371090300000000ffffffff
1010,6780,53002,1.224342793,1.474451238,2.557762469,-0.408494559,2.143731901,1.495483178,2.059740692,0dbc0931164cf44dec5471b00d100001030000009468020000000000ffffffffc22e9264101df8f9,67166260a93de54f5f3ec436003c0000a35e90271074f0011e3400008674050000000000ffffffff
1011,6781,53003,1.224034754,1.470917374,2.536764260,-0.305879091,1.170373307,-0.108147218,3.070263805,05bcc930cd4b8f4d8e6126ff0d100001000000009c5f040000000000ffffffffbf2ff3658a19ccce,d020861be2276352163dc738874c2a510b5e41100434200003000000d324080100000000ffffffff
1012,6782,53004,1.224997376,1.473512556,2.496781367,-0.146699974,1.022227113,-2.468576101,5.171072129,1ebcf830424b384ea34866f70d10000103000000926c020000000000ffffffff2a211f25903a4029,f6300b11d407842c323dff2f45c840597d5d324d0614800007000000827d000000000000fffffeff
1013,6783,53005,1.224612327,1.623370465,2.865544447,-0.121055733,1.021288430,-2.517188395,5.580962117,14bc923b44504c4f8d5cfbc91e8cd00024000000dd21010000000000ffffffff8b295f402264ff7e,9033fa102b076a31393d832f0dc753596c61724c0614800007000000926d000000000000fffffeff
1014,6784,53006,1.241708488,1.579252385,2.642042955,-0.152360189,1.001907396,-2.423990862,5.285967588,d0bd73383b4d3acfceade6981d7800011f8c70016963320101000000ffffffff0e23ac21293f0c2c,63309b0f6f089238323d3e306fc83059ed05474005188000070000008f70000000000000fffffeff
1015,6785,53007,1.225112891,1.625855213,2.857777986,-0.093139705,0.901302713,-0.692645328,3.855939825,21bcbf3b2950f04e7e6629821e8cd00000000000aa54000000000000ffffffffc71ae720fe46f42d,65367d08f21fc641553d0a38bfc471549611d542020c400000000000f406050000000000fffffeff
1016,6786,53008,1.253722006,1.542809415,2.915307327,-0.035921474,0.875903067,-0.677975346,3.875516062,08bfdf35f150604dd615d5c22378d00000000000ab54000000000000ffffffff57220d244f404423,333cb10625207f43603d133857bf6a545fb124440200000000000000ff00000000000000fffffeff
1017,6787,53009,1.224496813,1.625855213,2.860366806,-0.294828194,1.327133294,-0.831866334,4.003769327,11bcbf3b3250624e3bf5fc461e8cd00000000000a05e000000000000ffffffffb4188a227640f751,ef219d260e1e0815043d3c37afccc3549b98465a0308b0001110e000af28270100000000ffffffff
1018,6788,53010,1.253336958,1.539330768,2.928826722,-0.229908990,0.969992189,-0.672222412,3.935952213,febea0352051904ef142d2901e8cd00000000000dd22000000000000ffffffff893481669a24299f,8528590d39205541393d063850ca65542519f348020c40000b000000c822150000000000ffffffff
1019,6789,53011,1.260691387,1.540987266,2.344903906,-0.432714120,1.229675958,-0.629650699,3.436933522,bdbfbe353249644b86abbaa70d10000100000000bc291a0000000000ffffffff893481669a24363c,f213b81fcd20f234ff3c00383ace31547b655150031020000b44e00083322e1b00000000ffffffff
1020,6790,53012,1.260729892,1.548772810,2.344903906,-0.184319228,0.935481801,-2.251402837,4.856987594,bebf4b363249644b15a8baa70d10000100000000bc291a0000000000ffffffff363684641f24d773,252de80ac70ae42d333d4b315dc9eb588911b1540518700008000000a4500b0000000000fffffaff
1021,6791,53013,1.245327945,1.623370465,2.286799271,-0.102303863,0.894345419,-2.298289250,4.834317507,2ebe923b6848b74bd7900cba0d10000100000000bb2c180000000000fffffffff3305f668325099c,7735ff07240a7837443d0131f4c50359a19980550518700000000000a5500a0000000000fffffaff
1022,6792,53014,1.260113814,1.537619053,2.463989643,-0.206806070,1.024435778,-2.340285670,5.049383358,aebf8135d04a204bdf9149bf0d10000100000000b625240000000000ffffffff363684641f243768,dd2a331192093c35243dbb3005ca0a5973ed734605188000070000009468010100000000fffffdff
1023,6793,53015,1.260306338,1.552251457,2.286799271,-0.161909396,1.019466282,-2.449879065,4.974201373,b3bf8a366848b74bf7900cba0d10000100000000bb2c180000000000ffffffff6636056764231f46,6b2fd9101508d81f303d2030b7c838594291334e0518800007000000817d000000000000fffffeff
1024,6794,53016,1.260306338,1.547226745,2.281621630,-0.090405860,0.965685293,-2.497916065,5.000659405,b3bf2f365648c14b21a8afa50d10000100000000c02c130000000000ffffffffc13637651022e74b,ac360b0d6e078438443dcd2f43c552592661615105187000080000008777000000000000fffffeff
1025,6795,53017,1.259959794,1.549766709,2.268677528,-0.087710519,0.935481801,-2.471164922,4.965850146,aabf5d362948424c30d8dfe50d10000100000000bd330f0000000000ffffffff89356e68d324f184,f236e80acb07be39483d15301bc54a59372dc05b0518700008000000936b000000000000fffffdff
1026,6796,53018,1.260614377,1.544907647,2.312687474,-0.083205450,0.870933571,-2.282756328,4.835100467,bbbf0536c248114b47e99ab60d10000100000000c1231b0000000000fffffffffc361464af21d773,673757065a0a2353493d1931d8c4fd58767694050518700000000000a34f0d0000000000fffff9ff
1027,6797,53019,1.259767270,1.551699291,2.261198714,-0.179929674,0.987330208,-2.325040394,4.839920341,a5bf80360f48654ce1ac4cf90d10000100000000ba370e0000000000ffffffff133697655223473b,972d930ec709582d2d3dd6303dc9065961f5324b05187000080000009e5e020000000000fffffcff
1028,6798,53020,1.260267833,1.549766709,2.291689265,-0.173537866,1.031227422,-2.435496730,4.966987941,b2bf5d367948f24b1cd05ea30d10000100000000be2e130000000000ffffffff15341c65022681ad,3d2eae1147082c2e2c3d31300dc931595e71a05d0518800007000000817d010000000000fffffeff
1029,6799,53021,1.260883911,1.537784702,2.359286241,-0.077814769,0.918916815,-2.455631999,5.035727284,c2bf84356449f44a0daeebbb0d40400000000000b924220000000000ffffffff15341c6502262f78,f337bc090108b7624a3d2b3088c444590a02021205187000000000009569010000000000fffffdff
1030,6800,53022,1.245597479,1.622155699,2.359286241,-0.004385989,0.954586752,-1.720119368,4.318524874,35be7c3b6449f44a0dadebbb0d40400000000000b924220000000000ffffffff8b32c7664a24e19f,663f420cfe11bf57613d1f3476b507589953490e0714a0000318200090312a0e06000000fffff8ff
1031,6801,53023,1.260229329,1.540324667,2.411062648,-0.116704683,1.002735646,-2.495614892,5.124493508,b1bfb235184a8e4b64f3b6b40d10000100000000b92c190000000000ffffffff1e2e24666f227180,0134aa0f7607702d3b3dbd2fcbc64e5928a9424e0518700008000000807f000000000000fffffeff
1032,6802,53024,1.244827382,1.618897919,2.554310709,-0.203879700,1.769915377,5.788322644,3.546884785,21be413b0a4c4b4cdc55c8fe0d10000100000000b434170000000000ffffffff713a4d6611329f7a,292bf045f577f0e82932a63b74c9f5dcf1dd21a21968b00100000000e317050000000000ffffffff
1033,6803,53025,1.247830762,1.625744780,1.918611485,-0.253936026,1.873722624,5.781419123,4.151876605,6fbebd3b6843fd423c317bfc0d404000000000008d6e040000000000fffffffff3305f6683254981,1526484ddd77c1476f319f3b59cbf8dc03bf71f21968b00100000000f10d010000000000ffffffff
1034,6804,53026,1.245481965,1.620223117,2.463989643,-0.108888196,1.857047205,6.019015303,3.811641592,32be593bd04a204b9c9149bf0d10000100000000b625240000000000ffffffffb23d3a698341a771,cc341a4c177bf742262c523856c62edd6b4540271968b00100000000fa05000000000000ffffffff
1035,6805,53027,1.250603112,1.627843011,1.681590598,-0.030415278,1.909392561,6.308387891,4.809109217,b7bee33b3040cac9d304fdf71034400000000000c13e000000000000ffffffffbe3baf678d391f73,c23cce4f057f4c292427a43873be70ddbb00f4371968000000000000ff00000000000000ffffffff
1036,6806,53028,1.249178432,1.626573029,1.818222784,-0.248429830,1.859421519,5.834058470,4.292316995,92becc3b0b42d8c3deccecf710344000000000009c62010000000000ffffffff7235d662ab16f985,a426454c9478b9474e31aa3b14cb01ddc8fa328a1968b00100000000f607010000000000ffffffff
1037,6807,53029,1.242748119,1.623922631,2.293415145,-0.242038023,1.872066126,5.854769033,3.866446249,ebbd9c3b7f48264f2bb97afa043400010338f0008678010000000000ffffffffa33462633c17c982,4a272a4ddc787b4b5831b73b08cb08dd0ca8d7a31968b00100000000f707010000000000ffffffff
1038,6808,53030,1.242863634,1.623315248,2.337712738,-0.248429830,1.859421519,5.834058470,3.808429578,eebd913b1949db4e836569fd043400010338f000807d010000000000ffffffff1d31ea6103135184,a426454c9478c8f18b31b83b14cb01dd1bfb328a1968b00100000000f607010000000000ffffffff
1039,6809,53031,1.241785498,1.622376566,2.405597361,-0.230024504,1.860857151,5.836934937,3.741279893,d2bd803b054a1150519959f8043430001038f0009b62010000000000ffffffff502f3266ad223183,82285f4c9e7898148a31b23bacca02ddb5a8cd911968b00100000000f608010000000000ffffffff
1040,6810,53032,1.244904392,1.619505301,2.517491930,-0.233990506,1.766547163,5.725615661,3.535648356,23be4c3b8a4b374c89b255fe0d10000100000000b534160000000000ffffffff6b301933e556999e,1b28b3451b77b8361a31763bd1caeadcf0ce40921968b00100000000d822050000000000ffffffff
1041,6811,53033,1.248639364,1.584277097,2.616442398,-0.216278267,1.841752201,5.800979099,3.514761883,84bece38e24c21c425d31e941e40d00023740000ab420c0700000000ffffffff88316934925445a6,e729054b21781818bd31ad3b50cafcdcee006e991968b00100000000f00d020000000000ffffffff
1042,6812,53034,1.248485344,1.586154462,2.590554194,-0.146353430,1.828224129,5.724177428,3.438570561,80bef038884c0cc244432f941e40d000237400009b50120200000000ffffffff6b301933e5564421,ff30104a1677b42f2132873b43c8eadcb31d88bf1968b00100000000d726030000000000ffffffff
1043,6813,53035,1.261538494,1.517575419,2.616442398,-0.244771868,1.843574349,5.790048524,3.528033738,d3bf1634e24c21c454d01e941e40d00023740000ab420c0700000000ffffffff702c8d3d7062ff7e,0327264bfb77d8e5be31b93b20cbf9dc2393e1901968b00100000000f00d020000000000ffffffff
1044,6814,53036,1.242940644,1.581240183,2.600334182,-0.233990506,1.766547163,5.725615661,3.461654030,f0bd9738aa4c1fcea909a7921e7400011f343002675e390000000000ffffffff2621de238b3d2d4e,1b28b3451b77b8d25f32c03bd1caeadce7ce40921968b00100000000d822050000000000ffffffff
1045,6815,53037,1.224650832,1.624695664,2.868996207,-0.244771868,1.843574349,5.790048524,3.277141680,15bcaa3b5050f24e59b5e6c11e8cd00000000000b748000000000000ffffffff8f209641572ce8f9,0327264bfb77f64744319d3b20cbf9dceb92e1901968b00100000000f00d020000000000ffffffff
1046,6816,53038,1.248254315,1.491568391,2.811179219,-0.234606583,1.883275100,5.826004362,3.382525866,7abe3f32874f334e3881c9df2434e0011010000069622d0403000000ffffffffac12b500926ed02a,0b28f54d787877507931ab3bc3caffdc61b1dbbb1968b00100000000f608010000000000ffffffff
1047,6817,53039,1.199738184,1.480801150,2.967371381,-0.252819385,1.879575586,5.829456123,3.234265544,8eb97c31a65115c74a5b1488279890022ba80003b52c1d0100000000ffffffff58154e00dd6a5c22,3226b24d8478ff556331ab3b31cb00dd54aa81b21968b00100000000f707010000000000ffffffff
1048,6818,53040,1.199892203,1.468929576,2.947811405,-0.054750354,1.920546319,6.075394058,3.399979247,92b9a530625192c1cefd37c027a460022aacc002b62f140403000000ffffffff611873004c713828,4a3a9850db7b702b2d2a5f38eac13addda5183791968b00100000000fd02000000000000ffffffff
1049,6819,53041,1.202356515,1.481187666,2.914732034,-0.085053683,1.897410555,6.103295789,3.463755957,d2b98331ef50c7c8280f5786279890022aa0b002ef0e020000000000ffffffff8a21a300bf6a1827,3737f54e3c7cf83dcd2a6c38e0c441dd4cb5902c1968b00100000000fd02000000000000ffffffff
1050,6820,53042,1.204512787,1.454021088,2.799098057,-0.036152503,1.935510023,6.209725071,3.661073419,0aba972f5d4fa7c1b7a958c027a060022ab4f002d8130d0601000000ffffffffd41de000f1703826,2d3ca751ae7dd4279828863857bf59dd4b01543b1968000000000000fe01000000000000ffffffff
1051,6821,53043,1.204281758,1.475169054,2.866119740,-0.225865979,1.815248223,5.671538080,3.167230408,04ba1631465060c8da7a2884279880022aa4d002f20c000000000000ffffffff9028d201bb594f43,ee2825495f768b569e31703b94cadedc12eeb2b71968b00100000000ce2e030000000000ffffffff
1052,6822,53044,1.206168497,1.273131438,2.730638141,-0.593317916,2.002543001,5.057700006,3.030744051,35bacb226f4e214c1f9094d52fb48002269c0000f807000000000000ffffffff67299d02bf591e46,a7036556096e50e97a2f993b51d04edc889223861a6c900122000000e816010100000000ffffffff
1053,6823,53045,1.206476535,1.230669857,2.727474027,-0.488084117,2.005524698,4.883386101,2.849542543,3dbaca1f644e4c4c041075dc2fb4800226000000f906000000000000ffffffff082cd0063058380f,540e9b56ab6b31866130e43b1ccf24dca29674f71a6c2002190000009865010100000000ffffffff
1054,6824,53046,1.221031375,1.574724622,2.681738200,-0.540296715,2.043127217,4.956160718,2.914562647,b7bb2138c54da14c14a2b7ff2fb4800227000000fd02000000000000ffffffffab2b7800fb5bc739,08094459a86cb182d12fc73bdfcf35dc53ce65f81a6c200219000000c737010100000000ffffffff
1055,6825,53047,1.207246633,1.330888024,2.697846416,-0.557046332,2.026783097,5.088765851,3.051801986,51bae126fd4d2f4a6f5da9c12fb48002269c0000eb13010000000000ffffffff0e2c9f01e761d632,55071c58756e4017512f833b0fd055dc7598ec901a6c900122000000ed11010000000000ffffffff
1056,6826,53048,1.207708691,1.394000621,2.675122326,-0.249700491,1.864004499,5.601927577,3.303200591,5dba582bae4d6946ac7e3d8c2fb480022798a0028c5d0f0601000000ffffffffbe2e5201e85c6b39,8326984c6d758f677f28c13a46cbcedc34bd25361968b00122000000af4e010000000000ffffffff
1057,6827,53049,1.208363274,1.336078386,2.638878841,-0.141463312,1.902159184,5.104874066,2.867684037,6eba3f27304daa498e99fecd2fb4800227980000eb14010000000000ffffffff6a2a7f00f35ef638,7e314b4fad6ea42e173004361fc859dc171a6b3d1a6c900122000000db21030100000000ffffffff
1058,6828,53050,1.206900089,1.364735812,2.714242278,-0.291940329,1.900447469,5.551301757,3.253062566,48ba4629364e8c484ff667802fb480022798a002b740050201000000ffffffff95273601195b983f,3a222c4fbd74cf792528a73a41ccc3dc3e31a7281968b001220000008d71010000000000ffffffff
1059,6829,53051,1.205783448,1.311506990,2.752786937,-0.327672845,1.945890748,5.355126702,3.086438596,2bba8225bc4e124bbc2853cc2fb48002269c0000ec11010000000000ffffffffb21abd00a85ea020,9a1e63521372a028c830f436c6cc95dcb9a9693e1a64b00122000000dd1d050000000000ffffffff
1060,6830,53052,1.199314630,1.406369145,2.912430860,-0.611877261,2.049697995,5.142555785,2.944103473,83b9382ce7506349247e27802cb8a00227989002b135100900000000fffffffff21ec9013263942c,c501bb59306f70ed842e923b6cd060dc46e3f2921a6c200219000000f00e000000000000ffffffff
1061,6831,53053,1.202086981,1.419731567,2.870146794,-0.588273779,2.051796227,5.143706372,2.962088881,cbb92a2d5450024650050e8b2a9cc00228b8d0025b59370d04030000ffffffff68250101d067b82f,2a04e159346f100a802e8b3b4ad061dce51d6c941a6c900122000000f00e000000000000ffffffff
1062,6832,53054,1.205629428,1.432983556,2.771771620,-0.577838960,2.042133318,5.126447569,3.016010900,27ba1a2efe4e773eadd187c027a0d00226bca00286580d0c05040000ffffffff3a262f01af66da31,39053259f86e280eb32e863b36d05edcf8ec5c8f1a6c900122000000f00e010000000000ffffffff
1063,6833,53055,1.205821953,1.426081478,2.759402811,-0.575875212,2.073551575,5.111202294,3.020699111,2cba9d2dd34ebc4112b6178027a0d0022f98a0026969180a08030000ffffffff25284f00de620a37,6c056b5bc36ec19a642ea13b32d05adca3f92bbb1a6c900122000000ee10000000000000ffffffff
1064,6834,53056,1.206207001,1.404657429,2.735815781,-0.529515353,2.013475892,5.060576473,2.964439961,36ba192c814e1846f5a128c02dbc80022798a00260552f1702010000ffffffff59268c01a55f1037,200a2b57136ec81dee2f833bb7cf4edc5088eb981a6c900122000000e915010100000000ffffffff
1065,6835,53057,1.205359894,1.375116537,2.776949261,-0.583152631,2.062949984,5.024620635,2.953628025,20ba022a104fe048a451a2ca2fb4800227a860027f59180a02020000fffffffff7280101f5608d39,af04ab5a966d49892e2fb03b3fd045dc926234fa1a6c900122000000e01e010000000000ffffffff
1066,6836,53058,1.206476535,1.386380728,2.724885207,-0.499481557,1.986530181,5.052522365,2.947603624,3dbace2a5b4e9847ca6538c02fb480022798a002845c140902010000ffffffff0b27ba005a652e35,2c0d4355f76d38ec4130813b46cf4ddc1ab1b2a21a6c900122000000e419010100000000ffffffff
1067,6837,53059,1.206014477,1.417412469,2.747609296,-0.559857187,1.973996008,5.018004760,2.929638806,31ba002daa4e7b4492626781289cd0022f98a0025e4a371805030000ffffffff271b5c00bc61b821,0c0760547f6df4dc1b309e3b14d045dc2a4e23871a6c900122000000df1e010100000000ffffffff
1068,6838,53060,1.200200242,1.420228516,2.905527339,-0.600864870,2.032359976,5.029222982,2.851074121,9ab9332dcf508a4726f627802ca870022e9890029039250d01010000ffffffff5a1e6401665ed828,e3028158a66db5af662fa63b60d047dc507fc0df1a6c900122000000e21c010100000000ffffffff
1069,6839,53061,1.200739310,1.390190675,2.877913255,-0.515499582,1.937387388,4.909561952,2.715234171,a8b9132b6f50ad496dc91d8a2cb8a00227a06002a53c110b01000000ffffffffb6288c010f695832,8c0bc951066c23b6b130c83b82cf2cdcce36c1d21a6c200219000000a557010100000000ffffffff
1070,6840,53062,1.207092613,1.435247437,2.707914051,-0.337568595,1.988352329,4.887988449,2.728484497,4dba432e204e0138ce9d6d8927a060022dbca0027a5f110f06010000ffffffffa924660193628233,991d6455bb6b3c369e318f35ebcc25dc680e7a7e1a6c200219000000906e010100000000ffffffff
1071,6841,53063,1.204820826,1.406534794,2.793632770,-0.570985094,2.005579915,4.968529527,2.870978514,12ba3b2c4a4f39472a6a51ce28b470022fa8c0024f4d2f2509060000ffffffff2924ae019f632230,eb059c56d36cf5a70a30b63b28d039dc163701dc1a6c900122000000cd30010100000000ffffffff
1072,6842,53064,1.204666807,1.412498190,2.801111584,-0.269954050,1.948982878,4.624216418,2.405417579,0ebaa72c644ffb4515ea01cc289cd0022fa8c0025e4e2c140d060000fffffffffb2a680101640c31,75249b5226686a30ab31b034f0cbc1db455ea87f1b68200219000000db1f040000000000ffffffff
1073,6843,53065,1.207439157,1.408688243,2.685765254,-0.505103268,1.924687565,4.990678323,2.917478554,56ba622cd34db0448aa25d8c2dbc80022798a00266582a1502000000ffffffffe129b966c823a185,9a0ce350206d2cd2a630a13b5bcf3fdc274e128a1a6c900122000000ca30030200000000ffffffff
1074,6844,53066,1.244865887,1.616578820,2.625359446,-0.346193685,1.960688802,4.747904502,2.674898084,22be173b014d114cabde34fc0d10000100000000b627220000000000ffffffffcc17e146ef06b1af,b91c6f53d4697c3bc53127350fcd03dc422a697f1b68200219000000b746020000000000ffffffff
1075,6845,53067,1.224804852,1.519452784,2.926525549,-0.339262809,1.925129298,4.594013513,2.321938241,19bc383418517552a8a6d0eb0438100103340000b22d1b0501000000ffffffff611b364511051434,6d1deb50bd679c292332a134ffccb1dbddeef3741b68200219000000dc1e050000000000ffffffff
1076,6846,53068,1.223996250,1.518017152,2.902075579,0.106045967,2.220317354,2.052942497,1.569734180,04bc1e34c350dd52af33d0dc043810010334000095431b0c00000000ffffffffa0196245b1069772,9a4acd653b45e33b4c31733228467cd50f580c251d7c100210000000b14e000000000000ffffffff
1077,6847,53069,1.224573823,1.520060167,2.914156740,0.202462152,2.255821641,1.933281467,1.596299945,13bc4334ed50a252380366ec0438100103340000b5251a0a00000000ffffffffdb1ae0455b0635ad,625450689b43374f2f303432e2490bd50ff4ae271d7c000121000000d825020000000000ffffffff
1078,6848,53070,1.224265784,1.521606232,2.901500285,0.000003566,2.262778935,2.100691851,1.639953994,0bbc5f34c150b152d053f1e20438100103340000a03e180800000000ffffffffca196a46220860cc,d83fce68e14580e5323286320000afd59e00480f1d7c100210000000be41000000000000ffffffff
1079,6849,53071,1.225574949,1.518679752,2.906677926,0.120446787,2.332848827,2.130319462,1.576994611,2dbc2a34d3505b52922bf09a0438100103340000c71a170601000000ffffffff201a8f47b6072cbf,104cc36d484684daed319431f746d6d55d60cd0d1d7c100210000000e916000000000000ffffffff
1080,6850,53072,1.225035881,1.523207514,2.899486758,0.079131066,2.130093395,2.193314091,1.476512158,1fbc7c34ba506652fb13d0df0438100103340000c21f180501000000fffffffff41833471c078189,df476b5f23476acc8e385e3b9744eed58492aa3d1f74100210000000ae4e030000000000ffffffff
1081,6851,53073,1.224920366,1.520943633,2.910704980,0.175932299,2.337928756,2.009507844,1.606236886,1cbc5334e1507152ebe253fa0438100103340000a83a180501000000ffffffffca196a46220822cc,b1511f6ea44460cffb30ae31194962d513004f171d7c000121000000ed11000000000000ffffffff
1082,6852,53074,1.235085651,1.599903401,2.906677926,0.000003566,2.188457363,2.107883019,1.584265391,24bde939d3505b52532bf09a0438100103340000c71a170601000000ffffffff3c1be6413c05d8fe,d83f8c63fa45dcd37138913b0000a8d53f0318381d7c1002100000008a74010000000000ffffffff
1083,6853,53075,1.224920366,1.499850884,2.924224375,0.157295944,2.094754758,2.189862330,1.425840152,1cbcd5321051da5244cab680043810010334b0009b38191300000000ffffffffa228a2644020318f,cd4feb5c1747d8ccb438553b8f48e8d59236ab3c1f74100210000000b843030000000000ffffffff
1084,6854,53076,1.244057285,1.615916221,2.644919422,0.167461228,2.170180662,2.036258988,1.355262212,0dbe0b3b454dfe4c16df52f60d10000100000000af420e0000000000ffffffff8a1be443b504e13b,d55041620145a4cecd38903bdc4863d5794b7c341d7c0001210000009d61000000000000ffffffff
1085,6855,53077,1.224458308,1.510397258,2.908691453,0.000003566,2.214906125,2.092925390,1.631286740,10bc9433da50e952fd7bb0de043810010334b0008a4b1a1000000000ffffffff2024fc3daf2e28f4,d83f6b65c645f8250732c43200009fd536fc77261d7c1002100000009c63000000000000ffffffff
1086,6856,53078,1.249910024,1.487537577,2.751348704,-0.505103268,1.924687565,4.990678323,2.878501157,a5bef631b74ee74d0a999bda2434e001044000006f64280301000000ffffffff4a1df04be75d5768,9a0ce350206d4f5f162cde395bcf3fdc5a4d120a1a6c900122000000ca30030200000000ffffffff
1087,6857,53079,1.239821750,1.560644383,2.850586818,0.108741308,2.278515672,2.063297779,1.553868136,9fbd2237105097cebed4d4a71e74000117343002bf1d160b01000000ffffffff3622964895601f6c,e04aeb695f45bcd87d311c324e468fd532d00c131d7c100210000000d32c000000000000ffffffff
1088,6858,53080,1.239821750,1.570252076,2.757101638,0.163341208,2.450957179,1.336414548,1.988165899,9fbdd037cb4e2fcf1ff902a11e740001178cf0019e3d1b0801000000ffffffff8d2016480f5fc76e,6a501e76803b2830813f643b6a394d3f1fd63c391074d0001f000000bd40010000000000ffffffff
1089,6859,53081,1.240437827,1.567767328,2.793345123,0.112399270,2.498940423,1.198919422,2.163734650,afbda337494f91cee29874a21e740001178cf001b52c140802000000ffffffff8e2b0635ed39680b,3f4b8379a2390c32923f333b003c0000e4d98b3b1074d0001f000000ea12030000000000ffffffff
1090,6860,53082,1.255339211,1.493721839,2.610114170,0.421439325,1.935565240,1.408901519,1.527588440,32bf6632cc4c6b4c0e25fac50d780001241030029755110100000000fffffffffb322736d9532800,996aa8517c3c4357f33da83b003c0000d372cf59107470011f78d0007c6b140201000000ffffffff
1091,6861,53083,1.261538494,1.501341733,2.549996008,0.433529853,1.990837077,1.421845621,1.482540825,d3bff032fb4b5ec316c2d7801e40d000235cd0018b5d160000000000ffffffff01271a3b5730100c,d36b9155a93cd93bfa3dc13b003c0000e5f6df1e107470011f78d000866a0b0301000000ffffffff
1092,6862,53084,1.251296200,1.484997613,2.701010530,0.342080796,2.266091933,1.511879040,1.688435573,c9bec831084ec94db5b1b4ce0d90e00104400000884c280201000000ffffffff741a555355563c45,8c620a69e23dfc21bd3ffa36003c000041fabd321074f0010d5c00008378030000000000ffffffff
1093,6863,53085,1.238936138,1.544465914,2.883666189,0.422440452,1.828831511,1.409476812,1.709024083,88bdfd3583502dcd36c581b11e40d0001d5cf001bb300d0403000000ffffffffde1dba554b570847,b36a1b4a7e3ccf3be33d863b003c0000cdea2f1d1d4070011f7800027860230301000000ffffffff
1094,6864,53086,1.237780992,1.544686780,2.859791512,0.419013519,1.860746718,1.356549818,1.740692291,6abd01363050ddcd696d41b01e40d0001d5c000082670d0503000000ffffffff0632dd33f94a4805,5a6a5d4cc63b1420f23d6e3b003c0000b0ee0e271d4070011e7cd00066573e0201000000ffffffff
1095,6865,53087,1.259420726,1.502722148,2.552872475,0.435609116,1.929270545,1.448021471,1.442672813,9cbf0933054ce84459e17a821e340001235c4000764b3e0000000000ffffffffe32df633623ff005,096c3651043dd147ed3dbe3b003c0000e4ee1f5d107470011f78d00078750c0501000000ffffffff
1096,6866,53088,1.256802395,1.497421353,2.577897739,0.382010342,2.210157496,1.510728453,1.553095049,58bfa9325c4c014bf4ad57c00d780001048c400292610b0000000000ffffffff3425273a203198f4,99661565de3dc028af3fe336003c000055c21e2f1074f0010d5c00008476050000000000ffffffff
1097,6867,53089,1.251296200,1.492451857,2.738404602,0.409387302,1.973057325,1.643621232,1.462307367,c9be4f328a4ecc4de608fbd40d90e001044000007153380201000000ffffffff09303c3319451806,60694f54ac3f1c34813f2037003c000077da5f201d40f00117341002b52e1c0000000000ffffffff
1098,6868,53090,1.258111561,1.501617816,2.562077170,0.288250993,2.332462311,1.492894357,1.665558159,7abff532254cfe488eb9d9c00d780001235c4000776c1c0000000000ffffffff8831693492547825,165dbc6da03dc025d13f0a37003c000075aa0d361074f0010d0000008875020000000000ffffffff
1099,6869,53091,1.261345970,1.510397258,2.590554194,0.231186782,2.387513282,1.519070208,1.725873229,cebf9433884c0cc246402f941e40d000237400009b50120200000000ffffffffee2f8c31954e5818,4c57a171fb3d4e3c703fab3b574ad1d220669d771d40f0010d000000827a030000000000ffffffff
1100,6870,53092,1.259574746,1.516968036,2.619031218,-0.549268349,1.615253622,-0.504236734,3.610592209,a0bf0b34eb4ce443871c6e8b1e40d00023000000a92f200700000000ffffffff561fd057fb4fa63d,1f08ff3a8122a80e163ef429ae508753f670fb1f0e1010010348b0007b4e1d1800000000ffffffff
1101,6871,53093,1.238012021,1.533201723,2.866407387,-0.550346485,1.609235010,-0.494169099,3.807555847,70bd31354750a7cc7975f1b11e40d0001774000080720c0100000000fffffffff71b32553f4f213d,0308923aa422c7491c3ed12aad50c953e3bd2d760e1010010348b0007e4f1b1700000000ffffffff
1102,6872,53094,1.239167167,1.533864322,2.873023261,-0.543531124,1.600731650,-0.517180836,3.830922638,8ebd3d355e5074ca57bd11b31e40d00017744002c0320c0100000000ffffffff041dda42500660f6,b408f839542250fe113ebc29c15073539f4529010e101001032c2001734f201d00000000ffffffff
1103,6873,53095,1.225536444,1.494881388,2.898336171,-0.553311360,1.620388767,-0.503661441,3.841046650,2cbc7b32b650ae5206cf3386043810010334b000b129150f01000000ffffffff4f1b0f42670458ef,b6075c3b8322d00c1f3e242ab1508a53e8b89a1d0e1010010348b0007f4c1c1700000000ffffffff
1104,6874,53096,1.224689337,1.501010433,2.923073788,-0.537370346,1.607191995,-0.475759710,3.829908354,16bcea320c51fb5237bf34c8043810010334b00088471a1500000000ffffffff3d1d58422103e8f2,54096d3ae4223835143e7a2bec508f53c5de1f230e1010010348b000705e1b1600000000ffffffff
1105,6875,53097,1.224304288,1.496813970,2.907540866,-0.618538603,1.849703394,-0.461089728,3.855939957,0cbc9e32d6501f530d4375c6043810010334b000794d1f1a00000000ffffffff4518b84bf90815af,1801954b1723e98b5d3e542ee4509b534d511ca50e1010010348f000c62e090101000000ffffffff
1106,6876,53098,1.236086778,1.605038547,2.889706770,-0.027758443,2.518431890,0.689209456,2.696994729,3ebd463a98501b5279b760df043810010d0cf000bf2c110201000000ffffffff4921a155600c377f,073de47ab632f038c33f5f3a3c3db4c57846187f1034400000000000c23d000000000000ffffffff
1107,6877,53099,1.237896506,1.613983639,2.453059068,-0.019441392,2.560838255,0.839648684,2.254002067,6dbde83aaa4a4b4d21fe68e70434e000033c1001e40f090201000000ffffffff8a1be443b5046db5,df3de47dc1348e3abf3f9d3a4c3ff7cc502a577f1034d00100000000d728000000000000ffffffff
1108,6878,53100,1.234007515,1.600179484,2.908691453,-0.618115050,1.699458968,-0.472020303,3.856089520,08bdee39da50e9529f7bb0de043810010334b0008a4b1a1000000000ffffffff263226611e126184,2301f440f122480d363e1d2d0551f6539f712c250e1010010348f000d7190b0201000000ffffffff
1109,6879,53101,1.241592973,1.623149598,2.150742378,-0.040426544,2.552279679,0.960460301,1.980815027,cdbd8e3b8f46394c4ea1c9f7043430001038f000a35a010000000000ffffffff671da1423a02acdb,be3b497d65363c3bc23fd33ac441c9cedaed963f1034d00100000000eb14000000000000ffffffff
1110,6880,53102,1.233121903,1.599461668,1.296431656,-0.594049508,1.945117715,-0.396081572,2.514484937,f1bce139f53a9fb1a75b32ce043810010348b000675c211b00000000ffffffff9d2b1f5f9c0e9180,94035552f92398d66a3e612a19503d52b9de9024043810010334f000ab45090302010000ffffffff
1111,6881,53103,1.240399323,1.620720067,2.263212241,-0.061950764,2.458135340,0.401850395,2.421166662,aebd623b1648984cc409b8f0043430000e3c0001c23a020100000000ffffffff1410b149291c576e,8f39a076cf2ef639cd3ffa391d40dd3d59d2777f0d404000000000008c6e050000000000ffffffff
1112,6882,53104,1.255454725,1.551920157,2.976288429,-0.048435556,2.538972473,1.089326027,2.497004054,35bf8436c55119509f7cd2c8043400011138e001906e000000000000ffffffffa60ed64b49204994,ee3a587c2538463ac23f0e3b39435ad0b6a9463f1034d00100000000f607030000000000ffffffff
1113,6883,53105,1.254800142,1.547337178,2.980603130,-0.424320059,1.863231466,1.479374962,2.274405387,24bf3136d4512a4f1799a98b0d1000011e0000008974020000000000ffffffff6b335d647067e774,cc148a4c713db03f903e5a360c4e31d2782ad0191d40e0011f5cd0008c5f0b0800000000ffffffff
1114,6884,53106,1.233622466,1.627456495,2.436375559,-0.359439359,1.755835138,1.569983675,1.817955432,febcdc3b704a37d26051983b1074d0001f000000a856010000000000ffffffff3f1e4059b33e40ed,611bf144ac3ecd47a53ea736124d2bd34e1611111d40f0011e5c1002c02a130300000000ffffffff
1115,6885,53107,1.246521596,1.588418344,1.373233327,-0.388202494,1.222829097,-0.734066454,2.691967815,4dbe1939003c0000539f328f1078d000245c0000824b320100000000ffffffff912623376d3368f2,76183c1f621f702d053dbb37d1cd7f5447e1f150032c20000444e000a02d280a00000000ffffffff
1116,6886,53108,1.252605365,1.496648320,2.713091692,-0.449194202,1.353526838,-0.754489370,3.865323265,ebbe9b32324e9a4dc5b0ebce0d784002101030028155210601000000ffffffffa22d0f313e470816,46127b281b1f1c29e53c973726cf815442d52153032c10010210e0007f5d0e0d05040000ffffffff
1117,6887,53109,1.257919037,1.515974137,2.629098853,0.331645978,1.674224973,-1.042136078,3.789589822,75bff9330e4d2d499a704dc91e34000123100000a442150400000000ffffffffd9307732074dc81e,7d612b3f331b600ad03fbb321f4f5e55ec4a9455034c400109706001c7220b0504010000ffffffff
1118,6888,53110,1.259497736,1.511225508,2.591129487,0.542652644,2.002763867,-0.847974550,3.547240255,9ebfa3338a4c704466a85ece1e40d000230000009337310400000000ffffffffba283532943bc81c,e5766956d61d0eca6e3f7f31994f01552f3e1d78034c4000145890006865181406000000ffffffff
1119,6889,53111,1.255031172,1.510783775,2.682601141,0.375194981,1.777645704,-1.069462515,3.863069853,2abf9b33c84db34c5b888dce1e340001248c40009b59090100000000ffffffffe221ad49e52db8f9,e8657c46d41a600eb93fc432c54e7355cb329464034c40011624c001c4250b0604010000ffffffff
1120,6890,53112,1.240052779,1.580135851,1.709492328,0.524362832,1.994150074,-0.927077395,2.763172050,a5bd83389140123d958e948b0d90e001101000006a53390603000000ffffffffe92b1d65ac1e4181,0a75cd55c31c00ec713f3132d74e415515deab78034c4001161090006b63171109000000ffffffff
1121,6891,53113,1.243980275,1.617959236,2.590554194,0.361987812,1.791339426,-1.053641946,3.753416697,0bbe303b884c3b4d438a86fc0d10000100000000a551090000000000ffffffffe90ffe4da820e1b3,916474470b1bc011b93ff432694e6655953a2366034c40011624c001d01d080504010000ffffffff
1122,6892,53114,1.256070803,1.542312465,2.965645501,0.504109273,2.030096095,-0.911832119,3.979725079,45bfd635a051f84e0a1cc41b0d1000011e0000008d70020000000000ffffffff110c304c0221019f,fc725858f81cd0df6b3f3b32884e4655d795bd71034c40010458900098420f0e09000000ffffffff
1123,6893,53115,1.255223696,1.544797213,3.001601339,0.525864522,2.043789817,-0.842796909,3.944661749,2fbf03361d520e4f6c3cf1ce0d1000011e0000008d70020000000000ffffffff760c7f4cbe216996,31755059e81dcccf693f8331564f0255343e1f6c034c4000145890009243190d04000000ffffffff
1124,6894,53116,1.254992667,1.544686780,2.996711345,0.484895345,2.009665945,-0.964759113,4.062327375,29bf01360c52d64ee9a4788b0d1000011e0000008e6f020000000000ffffffffaa0c824d3522b766,0971e656401cb0f1743fa9322e4e6555050a6c73034c400116109000a53c0d0a07000000ffffffff
1125,6895,53117,1.254838647,1.543251148,2.992396645,-0.207884206,1.200742448,0.733507049,2.712831097,25bfe735fd51a84edc08f7b30d1000011e0000008f6e020000000000fffffffff52a493102405424,c12aac1d5033923a323da3399f4ab8499f6ab3060d78000117100000884e280000000000ffffffff
1126,6896,53118,1.256224822,1.513378956,2.650672356,0.428293191,1.455511937,-0.856028658,3.603577580,49bfca33594dfc4b3a784ed11e340001231040029e58080100000000ffffffff28228a3d6c0390ea,4b6bb22fba1d0540023e40371450be54ddc45946034c40011c0840007a2d2c2505020000ffffffff
1127,6897,53119,1.231928252,1.587921394,2.565528930,-0.043160389,1.155464819,1.156060063,1.949223492,d2bc1039314cd14f309374c6040ce000112c2000ba290e0903020000ffffffffc81e4842f4003f3c,773b781a0d39963a5a3d1b3a3e44ddc6f3a2f4051034e0011774f001ca260b0400000000ffffffff
1128,6898,53120,1.232698349,1.598522985,2.611264757,-0.439298452,1.557828336,0.207401221,2.928444853,e6bcd039d04c544feb8b02e504381001032c20016257252100000000ffffffff0b1b444665048da6,4713ef362b2c594bc63c11398a4e024fec89a0150d9040001e400000b426150e02000000ffffffff
1129,6899,53121,1.234161534,1.604320731,1.373233327,-0.373185597,1.402724848,0.243644706,1.974886364,0cbd393a003c0000832b62dd0e1010010348d0007669180800000000ffffffff2c2c8f326d3f001c,fc19f62ba92c633fea3c1e39a54d044f056240560d9040001e400000ca190f0c00000000ffffffff
1130,6900,53122,1.256455852,1.505869496,2.617305338,-0.401987236,1.475113838,0.215742975,2.918712245,4fbf4233e54ca24b66acedcc1e340001231040028174090100000000ffffffffa11efe58c349f43e,10171531482c8843d93c16390a4e0f4fee9dc0130d9040001e400000c21f120c01000000ffffffff
1131,6901,53123,1.238474079,1.524256630,2.887117950,-0.403026868,1.220233915,-0.323019308,3.618278097,7cbd8f348f50dfcb382532b41078d0001790d0018074090100000000ffffffffb82ed6311846e816,f5160d1ff724ff52003d7438e64d755215aaa017040830000d44b000c027150200000000ffffffff
1132,6902,53124,1.257919037,1.509458576,2.597745362,-0.257902027,1.191521273,0.584793701,2.539837006,75bf8333a14c3d4993689dc91e340001231040028b5a180100000000ffffffff2f2851389732b007,ae25051d4b31ba3d2b3d7539a14b7b4c6bc242080d78000104907001b540090000000000ffffffff
1133,6903,53125,1.252605365,1.488641910,2.677423500,-0.067687989,1.102843379,0.771188768,2.350690516,ebbe0a32b64d904d770587ca0d784002101000009937280502000000ffffffffbb1ff447e92a90ea,fa38bf16d333a835573da039df44154a5d4ec4030d40e00117100000965a0d0200000000ffffffff
1134,6904,53126,1.239128662,1.581681916,2.796509237,-0.084437606,0.955580651,-0.111598978,3.255905995,8dbd9f38544ff84d050bc2910d90e001044000008d3a290806000000ffffffff2721a05a205479c4,4737540cd6279148563dcf3888444251414275020408d00003000000bf231d0000000000ffffffff
1135,6905,53127,1.251719753,1.580632800,2.825561554,-0.398021235,1.126696960,-0.379685710,3.633361130,d4be8c38b94fc4cd80cb70d51078d0001d5c0000bd3d040100000000ffffffff871f8a49532c40ec,77176f18322403510e3d5f389b4de552110e7112040830000d2c10019b43200100000000ffffffff
1136,6906,53128,1.239744740,1.582013216,2.795646297,-0.323283290,1.018582816,-0.390328638,3.593180586,9dbda538514f824d003bd28f0d90e00110100000764e310505000000ffffffffea25e73e49628f7d,0c1fc9100d24eb54253d61385d4c0153422e8308040830000d2c0000806d110100000000ffffffff
1137,6907,53129,1.243094663,1.576878070,2.714817572,-0.375803927,1.855611572,1.675262370,1.944016468,f4bd4838384e21ce9f45969d1e740001237c7001a7391e0100000000ffffffff7e29e23d8162a77f,b819004c1a40f944923e1937594df0d35c6230171d7c00011e840000c921150000000000ffffffff
1138,6908,53130,1.243094663,1.579197168,2.667355865,-0.100571144,1.436627853,1.576311903,1.736703987,f4bd7238934d3bcecaad27951e7400012334f001824e2e0000000000fffffffffc361464af21af73,a4355c2ec23e963ee93e83360f462ad348ba33051d7c00011e840000ce1f110000000000ffffffff
1139,6909,53131,1.244904392,1.623812198,2.261198714,-0.092100074,1.421885015,1.510153160,1.546746570,23be9a3b0f48654cd3ac4cf90d10000100000000ba370e0000000000ffffffff29284d63e21c798f,8036512ddc3d1842ec3e2c368f456ed275f643051d40f0011e5c0000ca24110000000000ffffffff
1140,6910,53132,1.243364197,1.615805788,2.652110590,-0.167261573,2.449024598,1.577750136,1.959175600,fbbd093b5e4dcd4d14cb52f40d100001000000009f5b050000000000ffffffff1231e065081a21c3,e02efb75c73e2f6d3e3c392b0f49a1d36a5b82761d40f0010d000000a159050000000000ffffffff
1141,6911,53133,1.225189900,1.472463440,2.457373768,-0.269260963,1.609511093,1.560778980,1.748155501,23bce530b94a184ef3302df40d10000100000000936b020000000000ffffffffaa31c26434197dc6,8724973a8c3e2442c03e9836a64b2fd336aab10c1d40f0011e847001cd1d140200000000ffffffff
1142,6912,53134,1.225382425,1.475997304,2.436950852,-0.252819385,1.589633109,1.647360639,1.679716164,28bc2531724a574e97543def0d100001030000008e70010000000000ffffffffd5190945eb056342,32262f39b93f893fc43ef0364b4b00d44caaa10c1d7c00011e840000cb280b0000000000ffffffff
1143,6913,53135,1.224458308,1.518955835,2.915307327,-0.231025631,2.387402849,1.519070208,2.195930738,10bc2f34f150bc52bac3c2ec04381001033400009a41190b00000000ffffffff122f78622a17fcd7,68289f71fb3dff6e2a3c5a28574ad1d2589b82771d40f0010d000000827a030000000000ffffffff
1144,6914,53136,1.224920366,1.486157162,2.515478403,-0.288320872,1.617241420,1.491168477,1.832018819,1cbcdd31834bfe4eee04a5fa0434000103380000807e010000000000ffffffffd92d6364b519a2cd,9822233b9a3d1748bf3e4036e64b64d2808ec10e1d40f0011e5c3002be33090500000000ffffffff
1145,6915,53137,1.224535318,1.478095535,2.556899529,-0.230371048,2.387347632,1.612267741,1.958525242,12bc4b31134c5d4e5c7031ee0d100001033800008d70020000000000ffffffffcf312065251b75a4,79289e713f3fb767423ca528d34ad2d38ebba1331d40f0010d000000ab4d070000000000ffffffff
1146,6916,53138,1.225574949,1.471414324,2.432923798,-0.162525474,2.429974863,1.466430860,1.944162980,2dbcd230644ade4d649d4eb00d100001030000009667020000000000fffffffff5313064021d2986,5b2fa274443db7721e3cbe2a0f49bed2342b73791074f0010d0000008b72010100000000ffffffff
1147,6917,53139,1.258535114,1.545735896,2.427458511,-0.444612123,1.368877059,-0.358399853,3.270014738,85bf1436514a7e4d58e569fd0d100001030000009f5c040000000000ffffffffae3098642b1de18d,bd1291297c24c352e43c6738af4e8b522d72401c040c20001134b000d7160e0201000000ffffffff
1148,6918,53140,1.225921493,1.466444828,2.472906691,-0.498865479,1.364791029,-0.501360267,3.439692941,36bc7830ef4a814d8e854abe0d100001030000009e5d040000000000ffffffff51302a651b1c4002,3c0d47298b226947dd3c2838ba4f7e53ef25301b040c20000b3810018c4f170803010000ffffffff
1149,6919,53141,1.224381298,1.467604377,2.482399032,-0.043044875,0.855859434,-0.451597387,3.254064530,0ebc8d30104baa4d7ecae9b20d100001030000009963030000000000ffffffffae3098642b1d6003,7a3b46053823a841603d5938004071530b46f501021030000d000000bb40040000000000ffffffff
1150,6920,53142,1.224150269,1.466279178,2.472906691,-0.082666382,0.936475700,-0.219754140,3.039553229,08bc7530ef4a814d9e864abe0d100001030000009e5d040000000000ffffffff0d2dad633c1b9187,7537fa0a5e26ee45563daa383e44e051740265030408d00003000000a64d0a0200000000ffffffff
1151,6921,53143,1.243287187,1.618732269,2.571857158,-0.365099575,1.150550540,-0.304609919,3.328688173,f9bd3e3b474c0e4ebe5634fa0d10000103000000926a020000000000ffffffffae3098642b1d9f7c,ce1a1f1a37251b540e3d7e382b4d5f521c525111040830000d44b000bf2f0e0300000000ffffffff
1152,6922,53144,1.243864760,1.620609634,2.472906691,-0.446267832,1.270260174,-0.410176261,3.360276809,08be603bef4a814d5d854abe0d100001030000009e5d040000000000ffffffff0a2ffe641b1ca8f9,92129722c8233757f53c52389b4efa5215d20018040c20000b44d000a3312a0000000000ffffffff
1153,6923,53145,1.224342793,1.471083024,2.527559565,-0.454392359,1.447947260,-0.387164524,3.363674106,0dbccc30ad4bc14da6c134b50d100001000000009864030000000000ffffffff593246639a1883b4,bf11292f18247b55d33c5e38264b9b4e407af021040c10010e08d000dc17040404010000ffffffff
1154,6924,53146,1.225651959,1.481132449,2.413363822,0.130227023,2.479780256,1.259037584,1.878755518,2fbc8231204a8f4ef8f868fb0d100001030000008776010000000000ffffffff0e2dbe6213190987,0e4d2878733a06348c3f493b003c0000316e9c3a1074d0001f000000dc20020000000000ffffffff
1155,6925,53147,1.242786624,1.618897919,2.569555984,0.162609615,2.430030080,1.466430860,1.744019149,ecbd413b3f4ca04e956694f50d100001033800008678010000000000ffffffff2c23d437ce2f08f1,5750a374443d2d3a813f963b0f49bed22bd67c791074f0010d0000008b72010100000000ffffffff
1156,6926,53148,1.251334704,1.504489080,2.785578662,0.241583096,2.379948605,1.452623818,1.887537101,cabe29332e4f644ec1ac8bd40d784002044000006553430301000000ffffffffe02446352334f8e9,5a581871143d52396b3f8c3b003c00000bce7c391074f0010d000000906d010100000000ffffffff
1157,6927,53149,1.252643870,1.506476878,2.753649877,-0.553234350,1.635462905,-0.490142046,3.714837760,ecbe4d33bf4ecb4d83e05cd21e344002101030027768170701000000ffffffff4e28cc3956600981,b8076d3cb22268f3223e7529db4c554fcad1840b0e1010010348b000705c1d1600000000ffffffff
1158,6928,53150,1.245212431,1.579086735,2.683751727,-0.606640600,1.668482444,-0.473458537,3.661328705,2bbe7038cc4d75cc023ea98f1e40d0012334f001be27170201000000ffffffffff261f3c5e62f980,4d02c33eec22b826283ed72c0551d953c4358e2f0e1010010348d000cc220d0401000000ffffffff
1159,6929,53151,1.244134295,1.577871969,2.700722883,-0.539334094,1.611774974,-0.502798501,3.666668537,0fbe5a38074e87cdb359d8961e7400012334f001af2e210100000000ffffffff8921af3c932d90f6,2109c03a8622d8f8183e3f29d24c514fc179d50e04381001032cd000615d231e00000000ffffffff
1160,6930,53152,1.249833015,1.497642219,2.805713931,-0.589621449,1.963118333,-0.513153782,3.822975757,a3bead32744f544e07959ad92434e001044000006d59350301000000ffffffffbc2aa93b0561b980,07049b53622262bd6f3e9b2e7550b6534841f0660e101001033cd000a04d080703000000ffffffff
1161,6931,53153,1.244095790,1.580467150,2.639741781,-0.606024522,1.767872362,-0.447570333,3.604103490,0ebe8938334d3ccdbd1528921e7400010d8cf0018f3c320100000000fffffffffd16864ae90c0dac,5d02cb45462324dc433e0e2a8e4cd84e130ab1170e10100103342001796d160200000000ffffffff
1162,6932,53154,1.236625846,1.601118167,2.911855567,-0.076274574,1.081805847,0.602915444,2.706399322,4cbdff39e550a25184a7d0e20444e0000d0c0000e20c0a0700000000ffffffff941f73569b0de9a2,1b3842158a31423a583d6e39a344dc4c61c6b5010d40e001045c0000e713040101000000ffffffff
1163,6933,53155,1.238474079,1.612271924,2.785866309,-0.052363052,1.094008720,0.961610888,2.294071727,7cbdc93a2f4f4a511f6ff1f10434e000033c1001e312070100000000ffffffff6a3d3e6a1649cf6b,883a1f1669364836583dd639d844db437556e4031034e0011700000098530f0400000000ffffffff
1164,6934,53156,1.239744740,1.626793895,1.699424694,-0.617036914,1.886367230,-0.459363848,2.859262910,9dbdd03b6e40f4cc8dd0cd751034d00100000000d42b000000000000ffffffffc723193c9a0790f3,3f012d4e1d2385ae5f3eac2b6450af521d5a70630e101001033cd0007c70100201000000ffffffff
1165,6935,53157,1.232236291,1.584497964,2.488727260,-0.626162567,1.825021564,-0.451597387,3.486689969,dabcd238264b9b4e5d2ae8c1040c10010e08d000dc17040404010000ffffffffbd195e6ce850b196,5200d649382308b9523ef72a6a50c652501a405d0e1010010348f0007f6b130200000000ffffffff
1166,6936,53158,1.256455852,1.602995532,2.892870884,-0.541259337,2.002708651,-0.332799296,3.714363820,4fbf213aa350c6cf7d9b92ee1034e00100000000f40b000000000000ffffffff26127d7d707de02f,ef086856d5245cd1753eb4289f4bc14daa36712b0438d0000344f000da18080202010000ffffffff
1167,6937,53159,1.262385601,1.482402432,2.992396645,-0.513189290,2.079294104,-0.354085153,3.835086216,e9bf9931fd5176d5af32128a1000000000000000ff00000000000000ffffffff5e140852702450ee,c80bd35b8b2464d2853ec029e34ec85197d6c12f0438d000033c1001db140a0501010000ffffffff
1168,6938,53160,1.240553342,1.593884789,2.921635555,-0.543531124,1.600731650,-0.517180836,3.874075687,b2bd7c390751f14d56bf83930d1000011e900000b744040100000000ffffffff27137f487f19d0e4,b408f8395422af7d8d3c0c38c1507353644629010e101001032c2001734f201d00000000ffffffff
1169,6939,53161,1.238050526,1.593774356,2.954139633,-0.358900291,1.310623524,0.466283258,2.969824178,71bd7a3978516f501f87b2c80434000111383000ae51000000000000ffffffff591014519022c017,6f1b7225af2f681d043d6639444d124de964d9450d780001241030029a48120b01000000ffffffff
1170,6940,53162,1.239860254,1.595044338,2.955865513,-0.529823392,1.584718830,-0.517756129,3.898452788,a0bd91397e515c4e8b3b879a0d1000011e900000a359030000000000ffffffffd0170a4a582010ef,180ad6385222eb56973c0f38b04c664fbd01d20b04381001032c20016550252301000000ffffffff
1171,6941,53163,1.238628099,1.589633109,2.899774405,-0.526935527,1.511888107,-0.672510058,3.985533275,80bd2f39bb509f4fea9a928e0d1000011e900000916d000000000000ffffffff2a18f14cfa2308e6,630aaf333820dd43b13cc23774502854657190550e0cb0001110200052413f1a13010000ffffffff
1172,6942,53164,1.239590720,1.589688326,2.892007944,-0.448732144,1.720662151,0.331952245,3.069441874,99bd3039a050aa4e32b781960d10e00124400000b744020101000000fffffffff818cc4f632640e5,52127442dc2d3013a83c3d39164e514d900123570d90e001101000007051320903000000ffffffff
1173,6943,53165,1.240514837,1.590130059,2.882515602,0.431797134,1.799566702,1.371507447,1.726567021,b1bd38397f50df4d54bb01960d10e00110900000cb28060303000000ffffffff631bf845241de0eb,a66b0948fa3b3824e63d623b003c0000f3be6e1d1d4070011f7800026e4c400202000000ffffffff
1174,6944,53166,1.237241923,1.587258795,2.872160321,0.465142348,1.775216172,1.338428075,1.727368036,5cbd04395b505e50314be28a043400011e9010018b74000000000000ffffffff87206940b21538e7,086f5046873ba637eb3d413b003c00000b73bf18177400011e7c0002665e360301000000ffffffff
1175,6945,53167,1.235162661,1.583945798,2.816069213,0.416818741,1.894870590,1.431337962,1.638243460,26bdc838984f285157d3218c0434100103402000d12d010100000000ffffffff8320873fd106e8d6,216ac74eca3cef50eb3da93b003c0000e0b61f5c1d4070011f78d0007672120401000000ffffffff
1176,6946,53168,1.233044893,1.588639210,2.847997997,0.032193634,2.551948379,0.835621630,2.533706168,efbc1d3907509f5288b7d092040ce00011342000ca160f0e01010000ffffffffc922c73f471ad0d6,1c43437db334ae39b13f983a003c00008e26ac7a1034d00100000000d629000000000000ffffffff
1177,6947,53169,1.235547709,1.581737133,2.782702195,-0.130219891,2.479725039,1.259037584,2.234559747,30bda038244fc550a29730940434300011404002a05f000000000000ffffffff9f1ddc42181698e4,a2322778733a2740d73f573b003c0000f18d933a1074d0001f000000dc20020000000000ffffffff
1178,6948,53170,1.235778739,1.586375329,2.859791512,-0.468908694,1.637561136,0.212291215,3.149259763,36bdf438305007516797318d0434100103400000cf2f010000000000ffffffff8d1f8c40a91090e4,4610933c3c2c6b54b43c0e39074bd64a04da70150d9040001e400000b226131004000000ffffffff
1179,6949,53171,1.234585088,1.585988812,2.842820357,-0.598901122,1.715527005,-0.466267369,3.785302286,17bded38f54fa3515fb7518c0434e000110c2000e30f070303000000ffffffffe2214f41891dd0d8,16031742052348e23c3eae2b9d506f53216241180e1010010348d0009b4a140500000000ffffffff
1180,6950,53172,1.236202292,1.582013216,2.787879836,-0.494398915,2.069465545,-0.298856985,3.572189036,41bda538364f6f5096c380920d1040021e401001837b010000000000ffffffff2023f43d3913c0dd,b00d215b4b2598cd833e0128aa4a4b4d7b5ad12e0434e000033c1001e40f090201000000ffffffff
1181,6951,53173,1.234315554,1.582344515,2.778962788,-0.329405564,1.275781836,0.543660222,2.745137878,10bdab38174f6c51871711900434300011080001e21b020100000000ffffffffd6201a43c4202cda,6d1efb22bc306817113d7739cc4c6b4ce528fa450d780001241030029755110100000000ffffffff
1182,6952,53174,1.236895380,1.582454949,2.804563345,0.241583096,2.379948605,1.452623818,1.858597094,53bdad38704f1c5089cf30920d1040021e401001a158040100000000ffffffff141f2542711978e8,5a581871143d8426e13f0537003c00007fce7c391074f0010d000000906d010100000000ffffffff
1183,6953,53175,1.235971263,1.584497964,2.838505656,-0.488661690,1.302451464,-0.481512644,3.751856949,3bbdd238e64fc45050e7318c0434100103404002b24c000000000000ffffffff6f1c284d612a98e3,450ede24d0226f4eeb3c3138444f7153e561f018040c20000b44e0008553230300000000ffffffff
1184,6954,53176,1.240360818,1.586154462,2.849723878,0.110859075,0.927088875,-0.774912286,3.853326998,adbdf0380d508a4d3e7361960d78400204400000a924230b04000000ffffffff3a1cb24a6628d0eb,174b500ad41e5f467c3dcd371746b3549afd3a430200000000000000ff00000000000000fffffeff
1185,6955,53177,1.239513711,1.585712729,2.853463285,-0.228599824,1.004447361,-0.327334009,3.551154489,97bde8381a50364e123b12930d1040021e400000b918181403000000ffffffff4a1c38587c39d3b4,a728c90fe8242752363d8038d64988524b7a5307040830000d0000008c6d040200000000ffffffff
1186,6956,53178,1.245135421,1.589798759,2.852025051,-0.203109603,1.485273696,1.481963783,1.996348421,29be32391550ac44b827e0e50d40e001245c0000615e3e0300000000ffffffffca1eb849742900e4,3d2bcd317a3d2346383d5a3bb349cdd1a796920a1d40f0011e000000c1300b0300000000ffffffff
1187,6957,53179,1.239436701,1.583614498,2.811179219,-0.468754674,1.228792492,-0.527536118,3.767072674,95bdc238874f1c4e2b6771930d90e00104400000a528200e04000000ffffffff741a895e5940f8f5,4a10a81f3022733ffa3c2538e84ecd53b4a98053031020000b44e0006b632d0500000000ffffffff
1188,6958,53180,1.248254315,1.593277406,2.873886201,-0.099030950,1.417136386,1.481963783,1.945160987,7abe71396150d0c2ddcad3861034e00124000000ba32130000000000ffffffffcb15946e765b0183,cc35fb2c7a3da6404f3d513b0546d2d1582674041d40f0011e5c0000c3300c0100000000ffffffff
1189,6959,53181,1.260614377,1.601835983,2.923936728,-0.485234757,1.286604294,-0.536740812,3.888913634,bbbf0c3a0f51c5d195be65be1034d00100000000fc03000000000000ffffffff312964619d6aef60,9e0ebf231022603cee3c1f38564fcd53b3593057031020000b3810016c65240900000000ffffffff
1190,6960,53182,1.231543203,1.626020863,2.663328811,-0.196525271,1.468432627,1.448596764,1.881432317,c8bcc23b854dc4d2d46826341074f0010d780000a25b010100000000ffffffff3911586e585b8980,e82b9c30063d8644393d353b8e4939d1c3e2e2091d40f0011e000000b53e080400000000ffffffff
1191,6961,53183,1.260537367,1.598412552,2.966796088,-0.592432304,1.669641993,-0.480074411,3.914011557,b9bfce39a451c8d1331a47ff1034000000000000fc03000000000000ffffffff84135e6eb7589984,be03d83ed522b8ee2f3efa2abc508853f45123100e1010010348b0009e42140a00000000ffffffff
1192,6962,53184,1.259690260,1.600289917,2.944647291,-0.598323549,1.985425848,-0.456775027,3.894896506,a3bff03957515bd1be36c5fb1034000000000000fb04000000000000ffffffff3d1e634cf22ba8d9,25032f55262374bb713e8b2c4450ab52403ea06704383000113cd0008669070603010000ffffffff
1193,6963,53185,1.240399323,1.584387530,2.816932153,-0.491896099,1.521551016,-0.511427902,3.752702561,aebdd0389b4f4e4d64b3f0940d90e0010440000088402c0605000000ffffffff0b165a4e6a22d0f1,f10d5e3468221359b43c2338224cc94fa5a5e01c040ce000112c20008a32241707010000ffffffff
1194,6964,53186,1.239706235,1.591510475,2.911280273,-0.629319966,1.764614581,-0.459076201,3.857787803,9cbd5139e350b74e0c63d3930d1000011e900000a558020100000000ffffffffad113252512338e1,000090451e23f8034a3e9f2d0151be53448ada1e0e1010010348f000d222090101000000ffffffff
1195,6965,53187,1.240206798,1.595209988,2.943496704,-0.614726622,1.798959319,-0.461952668,3.883217379,a9bd94395351234e6f5f329e0d1000011e900000ac50030000000000ffffffffc216cf463015e0e7,7b01fe47142328db553e7c2ca0501c53f7c180200e1010010348f0009d4e110100000000ffffffff
1196,6966,53188,1.237010894,1.592890890,2.925087315,-0.608257804,1.904036549,-0.469431483,3.876156093,56bd6a391351f45036673289043410010e0c0001d429010000000000ffffffffd017c35e074030ef,23026d4ffa22f5a5673e3a2d83501d53c8d110640e101001033cd000905e0e0201000000ffffffff
1197,6967,53189,1.248369830,1.595099555,2.894884411,-0.418505824,1.879741236,1.558765453,2.155158741,7dbe9239aa503fc211efc2871034e00124000000bd390a0000000000ffffffffa01f90468a26bcdb,6315b54d853edd488f3eb036b54d12d37d42801a1d40f0011e5cd000a743120300000000ffffffff
1198,6968,53190,1.238320060,1.582841465,2.806289225,0.080247707,2.545267168,1.028920218,2.329471055,78bdb438764fff4e55cff0940d1040021e400000c120120a03000000ffffffff2f1a6644c30e40e9,fc47ca7c53374838a03fec3aca3bada8c439b83f1034d00100000000f30b010000000000ffffffff
1199,6969,53191,1.235470700,1.592007424,2.903226165,0.091337108,2.532512129,1.089901320,2.341311122,2ebd5a39c750a55118978288043410010e0c0000ea0b060302000000ffffffffe3137049431621c5,1c49e37b2738a8359c3f073b003c0000bf7d093f1034d00100000000f607020000000000ffffffff
1200,6970,53192,1.237780992,1.595596505,2.945510231,0.409887865,1.888189379,1.393656243,1.783050313,6abd9b395a51b150bdd330d70434e000110c0001cb33010000000000ffffffff742d3c750f53c768,6d694e4e473c7e43ef3d8e3b003c0000e9ee7f621d4070011f78d0006f6b210201000000ffffffff
1201,6971,53193,1.257071930,1.620940934,2.622770625,0.424327190,1.863231466,1.479374962,1.435103531,5fbf663bf84c99d00b2d3df81034000000000000f906000000000000ffffffffa22826779b520f7b,e46a8a4c713d9e42df3dbd3b0c4e31d2cfd6df191d4070011f78d0008c5f0b0800000000ffffffff
1202,6972,53194,1.257649503,1.618069669,2.708201698,-0.361788156,1.367275777,0.381139832,2.846171610,6ebf323b214eacd04e82f8fa1034000000000000fe01000000000000ffffffffad2c8f7518542f6a,241b7429872ea02cf73c48395a4dc24decb5414e0d90e00110100000a62e250403000000ffffffff
1203,6973,53195,1.257418473,1.620940934,2.636577667,-0.422240796,1.594492172,0.286791712,2.888502871,68bf663b284dc8d0081d6df81034000000000000fb04000000000000ffffffffa224e97482511774,021587393f2d0f4cc13c2d39154e194e0f5640190d90e001101000008c4b180a06000000ffffffff
1204,6974,53196,1.257379968,1.614756672,2.772634560,-0.358784777,1.326746777,0.280751131,2.984027682,67bff63a014f6dd021f314f61034000000000000fe01000000000000ffffffff3524ac75ae52ef73,721b96262a2d7444fc3c27396b4de24ee889a0140d90e00104400000d012100d01000000ffffffff
1205,6975,53197,1.257803522,1.615087972,2.780401021,-0.441531734,1.646506229,0.283052305,3.020840616,72bffc3a1c4fa6d01f1745f61034000000000000fe01000000000000ffffffffaf2a93774859e76b,0d13353d322dab52b63c2a39334e024e0db2d0160d90e001101000008c461c0c06000000ffffffff
1206,6976,53198,1.259035678,1.621272233,2.673684093,-0.115511033,1.154470920,0.916162708,2.279509496,92bf6c3ba94dabd1fa243df81034000000000000fe01000000000000ffffffffef2c4473f2485f7d,2034661acb354634453dd339af487c44a64ae2091034e001170000007b51310200000000ffffffff
1207,6977,53199,1.254530608,1.617848803,2.625934739,-0.150819995,1.158225650,0.747889384,2.390254822,1dbf2e3b034de0cdf97939f91034000000000000e51a000000000000ffffffffd02b8071ff46977f,8b30aa1a8233ba37423da139fe48ea49961e23070d40e0011710000090432c0100000000ffffffff
1208,6978,53200,1.253760511,1.616854904,2.641755308,-0.308112373,1.287432543,0.522662012,2.653021371,09bf1c3b3a4d22cd2dba47fa1034000000000000df20000000000000ffffffff4530f76e9f44477a,9620ce2373302421143d6d39694c824c2f9a33460d78000124100000aa42100201000000ffffffff
1209,6979,53201,1.252451346,1.619505301,2.553735415,-0.201338379,1.240884932,0.855756900,2.267154381,e7be4c3b084c25cc56351bfb1034000000000000ce31000000000000ffffffff77302c70d0472775,6b2b8320f934583b2c3dcf39314b2745abae43061e340001171000006750470000000000ffffffff
1210,6980,53202,1.253375462,1.620002251,2.557187176,-0.044046001,0.860055897,-0.552273734,3.453920681,ffbe553b144c26cd3255ccf71034000000000000d629000000000000ffffffff9811034d1b20b801,603b9205da217644603d3b3825400754c53d1542021030000d000000d721070000000000ffffffff
1211,6981,53203,1.239167167,1.593387840,2.952989046,-0.107425011,0.898044932,-0.605776022,3.868025473,8ebd733974512a4f6fc257920d1000011e9000008974020000000000ffffffff6e270f6edf43718a,f234420820218148543d2738f5442e54a9492542021030000d000000e314080000000000ffffffff
1212,6982,53204,1.252605365,1.613044957,2.709927578,-0.142965002,1.214822687,1.100544248,2.167097674,ebbed73a274ef2cb14dba3f71034000000000000d827000000000000ffffffff571cd163ee3cb19d,5731ab1e4c38e6343f3d173ac44989c5cd36820a1078d00017743002964a1e0100000000ffffffff
1213,6983,53205,1.248677869,1.602719449,2.857202692,-0.175501614,1.257891651,1.063725470,2.315977970,85be1c3a275010c18343d1ef1034e00104000000ab54000000000000ffffffffd72b5b62a969ef63,0a2eb721cc377634323d143ae94aadc4aab2710c1078d000178cd001786d190000000000ffffffff
1214,6984,53206,1.232120776,1.625965646,2.621620038,-0.354087183,1.052264955,-0.533289052,3.577518629,d7bcc13bf44c9dd28e1da5391074f0010d780000a45a010100000000fffffffff725b46281682f5e,ec1b2b131c22ea3c1e3d2c38e94cee539ec9814c021030000b3400007645430000000000ffffffff
1215,6985,53207,1.231235164,1.624364364,2.719132272,-0.317661580,1.004447361,-0.470869716,3.599929291,c0bca43b474ea6d2a710b6301074d0001f780000c13c010100000000ffffffffc03058715a4aaf6b,9e1fc90ff522ad46283d4538314c8853cd79e208021030000d2c0000875b1d0000000000ffffffff
1216,6986,53208,1.254145560,1.620443984,2.556611883,-0.366100701,1.727674662,1.424722088,1.979361228,13bf5d3b124c03ce0db50df31034000000000000dd22000000000000ffffffffdf1ee765543b2194,b41af342b33cae45003d753bae4c8cd1b23241111d40e0011f5c3002944f160500000000ffffffff
1217,6987,53209,1.248793383,1.605811579,2.826136848,-0.377690666,1.699017236,1.383013315,2.176406025,88be543abb4f78c04c3392f4103440001e000000a35c000000000000ffffffffff22f776f8556f73,8719ec40223c7548ff3c4d3bd64ceed0d24621121d40e0011f5c3002864d280301000000ffffffff
1218,6988,53210,1.258843153,1.615474488,2.803125111,0.111590668,0.930788388,-0.838769855,3.879224441,8dbf033b6b4f35d1285fa4f71034000000000000ff00000000000000ffffffff712c916db03b5180,2a4b930af61dff597a3da9373946eb546b54db56020c400000000000e915010000000000fffffdff
1219,6989,53211,1.250295073,1.616689254,2.604361236,-0.163719125,0.975624285,-0.207097685,3.211650932,afbe193bb84cfbc6245647ff1034400000000000ab54000000000000ffffffff402c886a0c368980,3c2fbf0d8a266d49453dac382a48ce5131e213050408d00003000000b33e0b0200000000ffffffff
1220,6990,53212,1.248831888,1.616689254,2.596594775,-0.300334390,1.005386043,-0.548821974,3.559108638,89be193b9d4c43bc2f2e97ff10344000000000008a75000000000000ffffffff9d20b67aa55e734d,6021da0fe621403f2b3d2a38064c05548c59024a021030000b3400009f362a0000000000ffffffff
1221,6991,53213,1.257880532,1.280806549,2.850874465,-0.362057690,1.057786617,-0.445556806,3.679727823,74bf562311509cd2ea9656fc1034000000000000ff00000000000000ffffffff8a24715d2718919c,1d1b8f134d23ce441b3d4a38f94c5c53d75d210e040830000d2c00006e6c250000000000ffffffff
1222,6992,53214,1.241554468,1.612879307,2.707051111,0.035967111,0.875903067,-0.677975346,3.668102911,ccbdd43a1d4e4f4f4a6711f0043400010e0c0000906e010000000000ffffffff232a6e674428b984,7e43b1062520403b6c3d1338573f6a545b451b440200000000000000ff00000000000000fffffeff
1223,6993,53215,1.245674489,1.616247521,2.622195332,0.323790985,1.334035371,-0.866383939,3.619350525,37be113bf64c154aa05205fe0d40400000000000af420e0000000000ffffffffd9279f5fbd14418a,b1601a27961d1f6ecf3d5737754db354d04c9b5e0308c00104503001d025050202010000ffffffff
1224,6994,53216,1.241400449,1.616523604,2.647220595,-0.599324675,1.664617281,-0.486690285,3.634828661,c8bd163b4d4ded4f980e84f804340001033800009c62000000000000ffffffffd22597627b22e999,0b037d3ebe22180d293e2e2cba50fb531fddda260e1010010348b000b531110800000000ffffffff
1225,6995,53217,1.243980275,1.613155390,2.691230542,-0.610914640,1.704097165,-0.476047357,3.671587509,0bbed93ae64dc84c669f51f20d10000100000000b933130000000000ffffffff662828610e1a018c,de014841e322c800313e8d2cc1500a54bde1981a0e1010010348f000c02b0f0400000000ffffffff
1226,6996,53218,1.242555595,1.615695355,2.644631775,-0.522237933,1.470475641,-0.615843657,3.710294463,e6bd073b444d944ecad233fa0d1000010e0c00008677020000000000ffffffff9b24f35e271b699e,dd0ac130fd206d48bc3cf33755500154aa3df018032c40000e442000513936320b020000ffffffff
1227,6997,53219,1.242247556,1.612768874,2.707338757,0.341772757,1.052320171,-0.648347735,3.519316616,debdd23a1e4e8e4e5553b1f00d1000010e0000008b72020000000000ffffffff8c1626624446299c,84622c138c20454cab3d0938964c44549aed7d4c020c400000000000ad480a0000000000ffffffff
1228,6998,53220,1.250526102,1.596148671,2.911855567,0.471765185,1.314267821,-0.700124142,3.705714883,b5bea539e5506fc948c3d1f31034e00100000000e31b010000000000ffffffff591502696e52199b,b46fb425d81f0750e23de1371f4f345442258f570308400013704001994e150200000000ffffffff
1229,6999,53221,1.256224822,1.598026036,2.927388489,-0.042005243,0.867841441,-0.616131304,3.843839664,49bfc7391b51accf849f62e71034e00100000000f50a000000000000ffffffff5a255c61d11ea99c,953b1f06fc208147603d2738d03f3954b20d75420210300000000000f10a040000000000ffffffff
1230,7000,53222,1.243248683,1.613210607,2.699284650,-0.188785793,0.910523889,-0.596283681,3.661319705,f8bdda3a024e9b4d655711ef0d10000100000000a94e070000000000ffffffff372cde6a46345980,b12c24094121814a453d2438a1482954a1954443021030000d000000d21e0f0000000000ffffffff
1231,7001,53223,1.248446840,1.616799687,2.595731835,-0.206228497,0.925432376,-0.534439639,3.520233308,7fbe1b3b9a4c0b361f6677ff1034400000000000817e000000000000ffffffff8a2b71695d308181,ec2a320a1822174e413d38382849ec53e2618403021030000d000000af3d130000000000ffffffff
1232,7002,53224,1.247599732,1.616523604,2.603210649,-0.132722708,0.902296612,-0.541055513,3.507395035,69be163bb44c2b445a5ad6fd0d404000000000009469020000000000ffffffff42259d5e6c15319b,61328f080122e349503d3b381f46f153e8350502021030000d000000bf340c0000000000ffffffff
1233,7003,53225,1.241284934,1.614922322,2.689792308,-0.297485030,1.215430069,0.407603329,2.781329466,c5bdf93ae14ddb4f33b3c1f2043400010e0c00009f5f000000000000ffffffffb42ca46fe3432f7f,aa21b61ee32e73421e3d4b39564cde4d2f4ac10e0d78400010900000d61c050503000000ffffffff
1234,7004,53226,1.252566860,1.616910120,2.618168278,-0.323745348,1.275892269,0.333390479,2.796652096,eabe1d3be84c0eccd1e548ff1034000000000000d22d000000000000ffffffff012c1069052dd180,001ffd22e12d51450c3d3939c94c684ef3c580120d78400204400000d7120a0a02000000ffffffff
1235,7005,53227,1.246945150,1.617020553,2.593430661,-0.509800861,1.472297790,-0.560615489,3.613185346,58be1f3b924c474745c2a6fd0d40400000000000a05b040000000000ffffffff4334a76e6852db50,200ce230bd213b4fbf3c11383350a953c13d401f040ce0000b4420005f482b1e0b030000ffffffff
1236,7006,53228,1.255108181,1.626186513,2.450470247,-0.337722615,1.321004249,0.434929766,2.587015576,2cbfc53ba14a07d07d248fad1034d00100000000ea14000000000000fffffffffc111f6521536992,951d2e26422fd42a063d5839e74c4c4d2376c2490d78000124100000ab34100e02000000ffffffff
1237,7007,53229,1.255454725,1.593222190,2.955865513,-0.282699161,1.226528610,0.610681905,2.828474450,35bf70397e5120cf519302f21034e00100000000f807000000000000ffffffffa232cc702f4f4f5f,2a237f1fa5318435223d81392b4c044cafdeb10b0d78000104907001a0550a0000000000ffffffff
1238,7008,53230,1.254954162,1.623260032,2.501671361,-0.412730094,1.493666622,0.285641125,2.776464521,28bf903b534b5fcfb998def11034000000000000e51a000000000000ffffffff36275c6970629760,f91565323b2dff40d63c2a39244e5b4e094e60170d90e00104400000964a170601000000ffffffff
1239,7009,53231,1.232852369,1.619450085,2.704749937,-0.168262699,1.208362342,0.875892169,2.340264365,eabc4b3b154e38d24c886a2a1074d0001f000000f706020000000000ffffffff4f25fc7a995f594e,c62e361e3f354837353dd039434a0545c20e320b1078d0001710000059564f0100000000ffffffff
1240,7010,53232,1.256994920,1.328182409,2.776661614,-0.329213039,1.095499569,-0.302596392,3.471602924,5dbfb0260f4fbdd24b42eafd1034000000000000fe01000000000000ffffffff402972794561f548,721e3a163e2527571b3d8238844c61523d5a720c040830000d440000ba380a0200000000ffffffff
1241,7011,53233,1.255993793,1.362251064,2.698997003,-0.339185800,1.734190223,1.661455328,1.938924805,43bf1929014eeed2f83dfdf71034000000000000fd02000000000000ffffffff7918a77673656435,6f1d6943ea3f8a43a93e0237d24c01d436ea90111d7c00011e840000cf1e110000000000ffffffff
1242,7012,53234,1.260922416,1.287322110,2.912430860,-0.069805756,2.517658857,1.227396446,2.474652896,c3bfcc23e75078d38f1f60db1034000000000000ff00000000000000ffffffff1919e477f661a43f,c338d67a053a1a3ec63f493bde4446d1daad043d1074d0001f000000e716030000000000ffffffff
1243,7013,53235,1.259959794,1.241381881,2.908691453,-0.230371048,2.387347632,1.612267741,2.283645761,aabf8c20da5005d37bab50e81034000000000000ff00000000000000ffffffffac15767e4f7f642f,79289e713f3f87522f3e7137d34ad2d37bbaa1331d40f0010d000000ab4d070000000000ffffffff
1244,7014,53236,1.261422979,1.487979310,2.966220794,0.446159449,1.808125278,1.346482183,1.841385683,d0bffe31a25194d5517c8ca81000000000000000ff00000000000000ffffffffef14927d4f7ff0e9,1b6da448a33b7013ed3d543b003c0000a9ba0d281d5c00011e7c00026456410301000000ffffffff
1245,7015,53237,1.261384475,1.490740141,2.970823142,-0.279734286,2.327824115,1.539780771,2.263545644,cfbf3032b25192d5a0d8898d1000000000000000ff00000000000000ffffffff6b12197e967fb8cd,7723686d433ee3553a3e25374b4ce6d265dad1331d40f0010d0000008378040000000000ffffffff
1246,7016,53238,1.261846533,1.491899690,2.992684291,0.043321540,2.554874860,0.885384511,2.656206267,dbbf4532fe519cd56f8473931000000000000000ff00000000000000ffffffff89370269e6561f7c,3d44787d60350e33ae3fad3a003c00000982693f1034d00100000000de21000000000000ffffffff
1247,7017,53239,1.236702855,1.625137397,2.322467462,0.059801623,2.552776628,0.963049122,2.023271924,4ebdb23be44851d07899093e1034d00100000000f508020000000000ffffffffe5266974296c01a9,e945527d6e36e436a73fcf3a003c0000cfb5d73f1034d00100000000eb13000000000000ffffffff
1248,7018,53240,1.233892000,1.607633728,2.730638141,-0.623274702,1.784492565,-0.460226788,3.696209707,05bd753a6f4e18d464a88c191034d00100000000ff00000000000000ffffffffcc29ee7542694e38,9d00f8461a2338ff4e3e2c2dde507f5324eea6220e1010010348f000b53a0e0101000000ffffffff
1249,7019,53241,1.262193077,1.628671260,2.678286440,-0.612031281,1.863121033,-0.470869716,3.672174851,e4bff23bb94de1d334b83ea41034d00100000000ff00000000000000ffffffffd435f8678b5bff7b,c101884cf52248fd5f3ee72db25085534d46e6250e1010010348f000ae420c0100000000ffffffff
1250,7020,53242,1.235663224,1.625192613,2.382873271,-0.296098855,2.289779863,1.623485963,1.834295604,33bdb33bb649e9d0a865a83d1074d0001f000000ef0c050000000000fffffffff91d5b563513c197,ce21b76a663f6756423e5737544cced36b6e21311d40f0010d0000009f540b0000000000ffffffff
1251,7021,53243,1.239398196,1.608738060,2.815206273,-0.388780067,1.759976385,1.489154950,2.105290858,94bd893a954f8950f832a2f40434e000110c0001cc31020000000000ffffffff931bfa5b92263992,67183c45933de843a33e4e36374d5ad24efe30111d40e0011f5c3002a1470b0b00000000ffffffff
1252,7022,53244,1.242940644,1.603934214,2.855189165,0.426984026,1.440603450,-0.102969577,3.072973362,f0bd323a2050db4c2d6bf2f30d1000011e000000d31a120000000000ffffffff0629f85e43132192,296ba42ef427e835f73db338003c0000c859ef130434300013088001dc22000000000000ffffffff
1253,7023,53245,1.241092410,1.617241420,2.628235913,-0.160985279,1.490408842,1.563943094,1.764830744,c0bd233b0b4d2650f7c6d2f60434300010380000a757000000000000ffffffff0b30d2624014d984,832f2a32973ed540da3e8836de482dd38552520a1d7c00011e840000ce1b160000000000ffffffff
1254,7024,53246,1.242055032,1.621603533,2.474920218,-0.231025631,2.387402849,1.519070208,1.915741233,d9bd723bf64aff4f0cc6f6fd043430001038f000916d010000000000ffffffff3d1c3a5e582a5991,68289f71fb3dd7502d3e2c37574ad1d27f9a82771d40f0010d000000827a030000000000ffffffff
1255,7025,53247,1.243903265,1.604652030,2.848860938,-0.142618458,1.472849956,1.658866508,1.831911848,09be3f3a0a50074c298be2f40d4040001e000000cb2b090000000000ffffffff6637b76655608f75,6031ec30e13fb63bde3ed9366748e6d35bfa52071d7c00011e840000c632070000000000ffffffff
1256,7026,53248,1.235047146,1.627235628,2.298880432,0.463525144,1.750479126,0.304338161,2.142109715,23bdd83b924857d1ff003b3a1074d0001f000000dd1f020000000000ffffffff3e23df5cf813319e,de6e90447c2d813f313e2939dc456a441e3e8f120d60700110100000784c310703000000ffffffff
1257,7027,53249,1.240591847,1.613652340,2.721145799,-0.480421649,1.483009814,-0.464541489,3.623197264,b3bde23a4e4e235014e752b80434e000100c1001b34b000000000000ffffffffd22613612c19c98f,1b0fa4310b236d4fc63c3e38314cd14f3b46e01d040ce000112c2000ba290e0903020000ffffffff
1258,7028,53250,1.242286061,1.615364055,2.667355865,-0.170341962,0.957402800,-0.329347536,3.377671123,dfbd013b934dd24ee26aa3f90d1000010e0c0000807d020000000000ffffffffdf25665c57128196,902e750ce1244f4b453d823833488b525b4e6307040830000d0000008773030200000000ffffffff
1259,7029,53251,1.240553342,1.614922322,2.679149380,-0.410997375,1.398804468,-0.820072819,3.875420325,b2bdf93abc4d5050fb3652f40434e0000340f000bd40010100000000ffffffff1825415c05158da5,2616af2b371ee81ddc3c5d3709cfa95467edb34b032c10010e0840007455260907010000ffffffff
1260,7030,53252,1.240899886,1.613431473,2.694969949,0.558285619,1.967646096,-0.639718334,3.422218020,bbbdde3af34d06507a0fd1af043400010e0c1001ac52000000000000ffffffff3f2a3b616b17b986,7b78ed53aa20599d723ff02f40502c5462352c3b13103000145850019444190e00000000ffffffff
1261,7031,53253,1.242170546,1.617462286,2.610977110,-0.036961106,0.863148028,-0.368755135,3.329259983,dcbd273bcf4c2b4f7bee04fb04340001033800008678010000000000ffffffff5c2b3c635517098d,183cca055824ce3d613d7038813fea5270aa1502021030000d000000a357040100000000ffffffff
1262,7032,53254,1.242247556,1.618842702,2.591417134,-0.484426155,1.457665385,-0.486690285,3.533005168,debd403b8b4c0b4fe5a284bc0434000103380000817d010000000000ffffffff7c2bbb608915198b,b30ed92fbe226753c93c3138eb4f3b53106ef023040ce000112c2000ac340d0706050000ffffffff
1263,7033,53255,1.241824003,1.618345752,2.590554194,-0.081780770,0.969605673,0.025896148,2.958084545,d3bd373b884ca14fcc96c3f604340001033800008f6f010000000000ffffffff471e0c709f51b1a3,8c37520db4294940573df73889449c503236350204342000030000009462090000000000ffffffff
1264,7034,53256,1.257187444,1.607909811,2.858065632,-0.360864039,1.068332991,-0.377959830,3.658017843,62bf7a3a2a503dd0bc4321ea1034000000000000fc03000000000000ffffffff0d1e7b681f49c5a7,3c1b4e1438245f541a3d6238004de8522ce2e10d040830000d2c00009157170100000000ffffffff
1265,7035,53257,1.253028919,1.603216398,2.857202692,-0.101533766,0.893793252,-0.321581075,3.527433558,f6be253a2750b0cca4bbf0e71034e00100000000e01f000000000000ffffffffed19616ad7621753,8b35f507fc242243563d8238a4449552964a2405021030000d0000007f7a030300000000ffffffff
1266,7036,53258,1.230503572,1.615695355,2.882227956,0.465026834,1.717570020,0.274710550,2.719463201,adbc073b7e5098d21fd867251034d0011e000000fd01000000000000ffffffff4f15157f5e7ec53d,056f3c42152d882c2a3e1d39964ae849254ecf170d607001101030018b3f260906000000ffffffff
1267,7037,53259,1.261499989,1.485604996,2.969960202,-0.084938169,2.513131095,1.360001578,2.336808158,d2bfd331af5184d52b396bba1000000000000000ff00000000000000ffffffffcd13dc7edc7f0a32,3a37847ad23b5843c63f803ba8452cd2def9733b1074d0001f000000b944010000000000ffffffff
1268,7038,53260,1.261731018,1.488586693,2.982904303,-0.421932757,1.615032755,0.338280473,3.137634064,d8bf0932dc51a1d55b0c49b01000000000000000ff00000000000000ffffffffde1b656a2b4d69a0,0a15fb3af22d500ebf3c3e39fe4d774da565b3590d90e001101000006c60240b03000000ffffffff
1269,7039,53261,1.254723133,1.602885098,2.876475022,0.115864708,0.950666372,-0.819209879,3.921794827,22bf1f3a6a5038cea0c351e81034e00100000000eb14000000000000ffffffff38257e5f591ca19a,994bfb0b3a1e2f577d3da4376c46d75474788c57020c400000000000ea15010000000000fffffdff
1270,7040,53262,1.242555595,1.612824090,2.699284650,0.218903730,1.118469683,-0.880478628,3.755922596,e6bdd33a024e404e4da351f20d1000010e0000009468030000000000ffffffffd4252150b068a8fc,0d56da17651d7f6c9c3d7337224ad254d790b952020c400009000000956a000000000000ffffffff
1271,7041,53263,1.253799016,1.553521439,1.373233327,0.482585053,1.362085415,-0.703000609,2.223098308,0abfa136003c0000c2f555971074e0011f5cd0007c6b140201000000ffffffff6427495f7c162995,cd701629ce1f2b4fed3dd337824f365428518f590308400013704001a137170b02020000ffffffff
1272,7042,53264,1.241631478,1.615474488,2.657863524,0.495830727,1.449051593,-0.704438843,3.448041842,cebd033b724d8b4f0e9b32f7043400010e0c0000946a010000000000ffffffff2f1f8070c44f8da3,25723d2fc91f794c023eb7371d503c541b6d9f59034c4000027040018d2a1614100e0000ffffffff
1273,7043,53265,1.256648376,1.608958927,2.851162111,-0.368757537,1.181361414,-0.218603553,3.499749313,54bf8d3a1250efcfbf4f71ea1034000000000000fb04000000000000ffffffff2920c56eaa49c192,6f1a4d1c622673510a3d9c38694dd7510806a1120408d00003440000db15090600000000ffffffff
1274,7044,53266,1.254607618,1.609014143,2.839368596,0.316013002,2.301430570,1.504400226,1.772721329,1fbf8e3ae94fd0cd5793c2f11034000000000000e619000000000000ffffffffce10d3639754d8d9,e75f8a6bc83d3c22c73f0337003c00004dce1d341074f0010d0000008676030000000000ffffffff
1275,7045,53267,1.255608745,1.590792658,2.965933148,0.337614232,2.181941802,1.665194735,1.698261362,39bf4439a15161cf6e4301cf1034e0011d000000f906000000000000ffffffff722a9460d86bdf67,18621663f73f6829ae3f6737f34cd1d3690aef2c1d40f0010d000000ad381a0000000000ffffffff
1276,7046,53268,1.231658718,1.626849112,2.632838260,0.602450701,1.879299503,-0.472595596,3.178577255,cbbcd13b1b4ddcd21c45c5321074f0010d0000009766020000000000ffffffff57194976b06aebb0,f67cad4def22d18d943ff628633d49397aa63c211310400103345001a2480c0900000000ffffffff
1277,7047,53269,1.231774233,1.604928113,2.905814986,0.197032966,2.419594139,1.394806830,2.004374184,cebc443ad05017d44640d1121034000000000000ff00000000000000ffffffff4f1c5976886e09ab,d553e6734b3c0433783f783b003c0000f0615c3a1074d0001f000000a45a010000000000ffffffff
1278,7048,53270,1.232467320,1.604265514,2.882803249,-0.272148828,0.963973578,-0.507400848,3.763951027,e0bc383a805057d478e4a30b1034000000000000ff00000000000000ffffffff7918a776736569b5,3c24ec0c7622ed48333d3b38094bc853b22d8346021030000d2c0000a146180000000000ffffffff
1279,7049,53271,1.230850116,1.605701146,2.912430860,-0.268182827,0.975292985,-0.419380955,3.707490281,b6bc523ae75078d32d1c605b1034000000000000ff00000000000000fffffffff4291173ed6975ad,a324b90da8233b53323d5a38034b3153410a9405021030000d00000093610b0000000000ffffffff
1280,7050,53272,1.234161534,1.609566310,2.674547033,-0.196409756,0.935537018,-0.421106836,3.476193691,0cbd983aac4dc7d36e708d181034d00100000000ff00000000000000ffffffff0f394667585d8775,eb2be90aa223794e423d6038e4482b5344529404021030000d0000009760070000000000ffffffff
1281,7051,53273,1.235663224,1.627401278,1.373233327,-0.512996765,1.525416179,-0.557739022,2.607080154,33bddb3b003c0000f47c1b3a1074d0001f000000ea12030000000000ffffffff333c996541325776,cd0ba434c721cb56af3c0e38555095538599d01804383000112c20005e43361b0c010000ffffffff
1282,7052,53274,1.247869267,1.626793895,1.676125310,-0.238187536,1.219184800,0.733507049,1.806388436,70bed03b1d40dd3dfe349cfa0d404000000000008c6e050000000000ffffffff553c7c699950276e,ae27fa1e50332a372a3da6398e4b82498ff203050d78000117104002825e1f0000000000ffffffff
1283,7053,53275,1.238243050,1.626904329,1.373233327,-0.382272745,1.427848410,0.332527539,1.936172316,76bdd23b003c00009d38fd351034d00100000000eb13000000000000ffffffff681e82410901c4da,1019bd2dde2d7630e63c3a39b64d174ef43991500d90e001044000009d421b0401000000ffffffff
1284,7054,53276,1.232775359,1.597363436,1.691370586,-0.044585069,1.193564288,1.208124117,1.424159600,e8bcbb395240b83fbc6722d004381001032c20016652252201000000ffffffff5f1ee3528b0aef7d,523b2a1dc239fe3a5a3d363a0d4452c9fdfad4051034e0011774f001dc16090301000000ffffffff
1285,7055,53277,1.237164914,1.612051058,2.523532511,-0.074888399,1.031448288,0.408466269,2.555795117,5abdc53a9f4bc14df9f1b9e90438d0000344f000da18080202010000ffffffffe41a0945d9039db6,3f38b211e62e0141593d44399944784e6fa646010d1000011e5c0000f40a010000000000ffffffff
1286,7056,53278,1.233892000,1.602995532,1.373233327,-0.084745645,0.985011110,0.213154155,1.861852215,05bd213a003c0000e38b10e10e1010010334b0006e6a1a0d00000000ffffffff7f3c51639124876f,3f37690e3f2cdb3b593d20399e44e24f695265020d10000100000000c03f000000000000ffffffff
1287,7057,53279,1.245481965,1.626849112,1.592132472,-0.281197471,1.051712788,-0.306335799,2.503140761,32bed13bf93ecf47b1580df70d10000103000000b42f1c0000000000ffffffff611b364511055abe,5123211331253b54283d84388e4b6552493a6308040830000d000000a155060200000000ffffffff
1288,7058,53280,1.234277049,1.601891199,2.902075579,-0.125868842,0.896001917,-0.430599177,3.668105444,0fbd0d3ac350dd52aa33d0dc043810010334000095431b0c00000000ffffffffc61b48457403b355,13331d088123a243513d5f38cf453f531b2e0404021030000d0000009d5c050000000000ffffffff
1289,7059,53281,1.233737981,1.603437265,2.614716518,-0.507490569,1.421885015,-0.524372004,3.594261374,01bd293adc4c2e4fe09f03e80e1010010348d0007861190c00000000ffffffffe121a15b1c5026cb,5c0c512d3b22b14acf3c1f38fe4f8d53101e2021040cb00002381001854b120d0b040000ffffffff
1290,7060,53282,1.250834141,1.582951898,2.812329806,-0.427169419,1.306095761,-0.345743398,3.586888851,bdbeb6388b4f8acc917ff0d51078d00017740000bf3b050000000000ffffffff1424b45a886a68e2,82142025a8246b52f13c6b385a4e8952198e2019040830000d44b000ca1a180201000000ffffffff
1291,7061,53283,1.257533988,1.559540051,2.743294596,-0.513112280,1.440548233,-0.599447794,3.784610145,6bbf0e379b4e90d2e6d671a21074f0011e3400009962030100000000ffffffff8323594e0a650ccf,ca0ba32e3621f740c83c04383150ec53db35e0580310b0000e4420005b43371e06050000ffffffff
1292,7062,53284,1.252643870,1.560147434,2.722008739,-0.504602705,1.399743150,-0.576436058,3.740773067,ecbe1937514ec1d0d7d2e1cb1d40e001177cd00059574b0301000000ffffffff553169365f591980,a70cc02b8621743cd53c0d380950df53e93520590310b000023810016158290e0c030000ffffffff
1293,7063,53285,1.246983655,1.585657513,2.553735415,-0.107887069,2.525830917,1.522234322,1.945146579,59bee738084c8fc8f901d8801e40d0001d8c70019261090101000000ffffffff952dea3a55611f7f,e6346a7b063e2777393cf62cc04664d3030fc47a1d40f0010d0000008974020000000000ffffffff
1294,7064,53286,1.244018780,1.582731032,2.579048326,-0.084938169,2.513131095,1.360001578,2.029247600,0cbeb238604c4bcdab5177911e7400010d7c300279453f0100000000ffffffffa51bfe53003536c9,3a37847ad23b3f770c3c072da8452cd2fefa733b1074d0001f000000b944010000000000ffffffff
1295,7065,53287,1.243479712,1.587369228,2.852312698,-0.132222144,2.462663103,1.393943890,2.187586466,febd063916507148c417209c0d780001241000007153261500000000ffffffff6a2046599457c8c6,6e32f276483c3772103ce52b994887d2370bb3381074d0001f000000a757010000000000ffffffff
1296,7066,53288,1.252297326,1.578203269,2.833615662,0.337537222,2.233182826,1.584078364,1.681406473,e3be6038d54fa5ce50ff91ce1078d0001d5c0000b444040201000000ffffffff1425864d066608da,1662b666dd3e3025b83f2f37003c0000596ede301d40f0010d0000008c69090000000000ffffffff
1297,7067,53289,1.252566860,1.557607469,2.667931158,0.421092782,2.078797154,1.548985465,1.488296777,eabeeb36954df3d04fce42881d40e001177cd000645c3d0201000000ffffffffec1be956de3928cb,906aca5b633e2138943fe136003c00007fe60f241d40f00117340000886c0b0000000000ffffffff
1298,7068,53290,1.244904392,1.588528777,2.850011524,0.433529853,1.990837077,1.421845621,1.691105691,23be1b390e501344c137309d0d40e001245c000057544f0400000000ffffffff881cc059206150c3,d36b9155a93cfd3a823f5236003c000084f6df1e107470011f78d000866a0b0301000000ffffffff
1299,7069,53291,1.254646123,1.573233773,2.858353279,0.437303330,2.070901178,1.456938519,1.696963587,20bf06382b50e3d0d12250da1078d0011734f001c41e1b0101000000ffffffff561de4589063a0d2,356c3b5b233df824913f8a36003c0000942aef1f1074f0011778d0008c6d040200000000ffffffff
1300,7070,53292,1.254992667,1.569589476,2.849148584,0.435609116,1.929270545,1.448021471,1.662503252,29bfc4370b504ad1a05e709e1074e0011734f001bb2a190100000000ffffffff8823035f016928eb,096c3651043d0c47783f5c36003c000079ee1f5d107470011f78d00078750c0501000000ffffffff
1301,7071,53293,1.258650629,1.564067814,2.755375758,0.408578700,2.143787117,1.495483178,1.626661018,88bf6037c54e93d2f0aa93a61074f0010d780000b449010101000000ffffffffa839cc688c57e776,4b696360a93d1a31a03fc036003c000079a28f271074f0011734e0018674050000000000ffffffff
1302,7072,53294,1.236702855,1.626517812,2.174041761,0.622396222,1.714698756,-0.459651495,2.705824955,4ebdcb3be0465ad0076d5b3b1034d00100000000f607020000000000ffffffff3f2d99611415b98a,fc7e08421c237cd2b43f9129003c00006472af5a131040010354d000de18050400000000ffffffff
1303,7073,53295,1.242016527,1.619670951,2.559775996,-0.392129991,1.977585088,5.315431456,3.223689561,d8bd4f3b1d4c924fba0e84fa04340001033800008e71000000000000ffffffffd4217863da669f50,1018a154897188284731e536b6cd8cdc468c872c1a64b00122000000eb0e060000000000ffffffff
1304,7074,53296,1.230734601,1.622983949,2.785866309,-0.392129991,1.977585088,5.315431456,3.026240454,b3bc8b3b2f4f92d27db8032d1074d0001e7c0000ea14010000000000ffffffff2d224454a367b8e0,1018a15489711f75e827473ab6cd8cdc038d872c1a64b00122000000eb0e060000000000ffffffff
1305,7075,53297,1.254800142,1.559153535,2.761416338,-0.125637812,1.880182969,5.214467462,2.833042297,24bf0737da4ed3d16b4241961074e0011f5cd0009059130201000000ffffffff0f1f015ac666c8e2,1933bd4d2a70702e8f2f563652c773dc13ceda3d1a6c900122000000e511090000000000ffffffff
1306,7076,53298,1.256186318,1.565227363,2.821822147,-0.363212836,1.935675673,5.371522564,3.043132890,48bf7537ac4f02d2c082a19f1074e0011f347001b63c0b0101000000ffffffffb11e19571d6610e3,ff1aaa514c727c2ff1300d374acd99dc9c3c23351a64b00122000000db20040000000000ffffffff
1307,7077,53299,1.255146686,1.564343897,2.824698614,0.000003566,2.303418368,2.151892965,1.604457157,2dbf6537b64fafd1725251991074e001177cd000a73f180101000000ffffffff23208954936528d7,d83fae6b934670e88d3227320000e5d50dfdb7061d7c100210000000d827000000000000ffffffff
1308,7078,53300,1.254299579,1.563570864,2.803700404,0.110628046,2.373929993,2.200505258,1.525945896,17bf57376d4f5dd14f12a1921074e001177cd0009044270201000000ffffffff78239451b0661cd4,114bab703c4778d16532313162461ad62678ed131d7c100210000000f50a000000000000ffffffff
1309,7079,53301,1.253799016,1.558822235,2.728049320,0.000003566,2.358800639,2.218051708,1.572280523,0abf0137664e6dd151a680961074e001177cd0007f5b220201000000ffffffff7b1f6e6005676351,d83f996f794768e4ff32a331000025d6c0fc270b1d7c100210000000f20d000000000000ffffffff
1310,7080,53302,1.229887494,1.624143498,2.819808620,0.328065025,1.825463297,2.438676732,0.999537365,9dbca03ba54f74d2772c52271074d0001e7c0000d824010100000000ffffffff62373a68785cdf7b,2061de49784a6b3acc3ad538c34ce9d661f61f1f1f84d00122400000b834130000000000ffffffff
1311,7081,53303,1.235663224,1.626241729,2.319590995,0.335265435,1.840150919,2.312687474,0.925484186,33bdc63bda4807d1a4ad683e1074d0001f000000ed0e040000000000ffffffffdc1e7d58ca5e36bd,db61e84ac248723bd93aa438d94c6cd660fa1f201f74100210000000bd2e140000000000ffffffff
1312,7082,53304,1.253760511,1.574117239,2.841669770,-0.457357234,1.940589952,5.252436827,2.978930008,09bf1638f14f61d0157bc0d71078d0011734f001ae38150302000000ffffffffc125035e186b88e2,72110352ae7074defb37f928a9ce7ddc76ff00921a6c900122000000ee0a070000000000ffffffff
1313,7083,53305,1.258920163,1.560478734,2.717118745,-0.434485343,2.017175405,5.354551408,3.167371957,8fbf1f37404ec2d2df6ac2a71074f0010d7800009c60020100000000ffffffff4d1d515c566172cf,c4136e571172600e9937932855ce96dc17b54c971a64b00122000000ec0f040000000000ffffffff
1314,7084,53306,1.255531735,1.574117239,2.853175638,0.216400913,1.746890046,3.799820953,1.416255860,37bf1638195028d1cd5630a11074e0010d5cf001da150e0100000000ffffffffa1384c696057277d,cc554f44f45c6437673af23af44913da578e2f2a226c100200000000be28180000000000ffffffff
1315,7085,53307,1.236664350,1.625855213,2.242214031,0.335303940,2.110325845,1.861657437,1.091780978,4dbdbf3bcd475fd0c28d583f1034d00100000000f507020000000000ffffffffeb29fd5f5f11019b,dc61055ea2427c2d433b0138d44cb9d45c26df2c1d7c000121340000cc2e050000000000ffffffff
1316,7086,53308,1.240938391,1.618897919,2.608388290,0.308196514,1.805309231,2.700722883,0.955658026,bcbd413bc64c7950277702b7043430000e40f000b24b010000000000ffffffff35204a5f58263193,1c5f7148074e5c3fb53a3d39804ce9d757fa8f1e1f84d001220000008c71010000000000ffffffff
1317,7087,53309,1.243672236,1.607965028,2.785578662,0.357213209,1.962952684,1.873738598,1.320332589,03be7b3a2e4f8d4c3c4f42f40d4040001e000000c71d1b0000000000ffffffffed207f5a5e196994,15649853cc4292360c3bea37244dc2d467e67f221d7c000121000000ba41040000000000ffffffff
1318,7088,53310,1.241169420,1.609290227,2.769758093,0.366569891,1.810444377,1.876902712,1.265929721,c2bd933af74e494f183742f3043400010e0c10018876010000000000ffffffff341a67590e237992,0865ce48d7424a41ce3ad637414dced44ad27f191d7c000121000000b24b020000000000ffffffff
1319,7089,53311,1.242016527,1.602940315,2.866407387,0.314588322,1.814751273,2.570706571,0.996205767,d8bd203a4750a94d1e6bf2f30d1000011e000000c336060000000000ffffffff8e1e8d5d5857dac3,c25f1c49434c193cc03a0939924c6ad75efa3f1f1f84d00122000000ad4e040000000000ffffffff
1320,7090,53312,1.253336958,1.581019317,2.853463285,0.337614232,2.181941802,1.665194735,1.616056339,febe93381a5035cf5723d1d21078d0001d5c0000df1c030100000000ffffffffc83820654e29ff7f,18621663f73f38295d3b6737f34cd1d36d0aef2c1d40f0010d000000ad381a0000000000ffffffff
1321,7091,53313,1.246252062,1.624585231,2.106444785,0.378775934,2.013144592,1.762994616,1.010668704,46bea83bf5455b49fb1538ff0d40400000000000af3a160000000000ffffffff6d188a4ded085eb8,456625574b41f630183b93376e4d5ed467baaf241d7c0001215cd000c926100000000000ffffffff
1322,7092,53314,1.236317807,1.606750262,2.879639135,-0.329636593,1.955001490,5.579778781,3.140739754,44bd653a75501152661f40e5043810010d0cf000c02d0f0201000000ffffffffb6175f473f0bb5ba,671e08532075918f9436b83bcdcccadcfa9eec991968b00122000000926c010000000000ffffffff
1323,7093,53315,1.235894253,1.598799069,2.921347908,-0.269376477,1.950528944,5.484280074,2.993021076,39bdd5390651e951959bb0da0444e0000d0c0000dd100c0402000000ffffffffd31982526111f19a,8424b752d4736c2d36304537d9cbb4dc237eab3c1a64b00122000000a15d020000000000ffffffff
1324,7094,53316,1.238435574,1.605866796,2.868133267,-0.331176788,1.942577750,5.451775996,3.041753932,7bbd553a4d50e250209be1f00434e000110c0001d920040100000000ffffffff1b14484f371755a2,3f1e2752637394299a303d37d3ccacdcbd3553791a64b00122000000b14c020000000000ffffffff
1325,7095,53317,1.238705108,1.599737751,2.927100842,-0.383543405,1.934019174,5.559355864,3.110016208,82bde6391a51635051f3d0e80434e00011403000b549010000000000ffffffff1410b149291c18e4,ef188c51d974375f8636a23b94cdc5dcd73821901968b001220000008777010000000000ffffffff
1326,7096,53318,1.238628099,1.594271306,2.976288429,0.333263182,2.024077483,2.083720695,1.342049232,80bd8339c5511950127fd2c8043400011138e001906e000000000000ffffffff63143649101d68f9,a761eb57a6453230233b5438cf4c89d55a122f2e1f741002100000009766010000000000ffffffff
1327,7097,53319,1.238320060,1.592062641,2.936593183,0.307118378,1.693661223,1.867410371,1.421481879,78bd5b393b51175057fe2487043400011e443000916e000000000000ffffffff7313544ff72100f9,005f8b40b642e4449d3ac2376a4ccdd4209e0e4e1d7c000121000000b14c010000000000ffffffff
1328,7098,53320,1.239744740,1.593111757,2.933141423,0.203270754,1.666273779,3.798958013,1.352504851,9dbd6e392f51a44ee49ef5910d1000011e9000009e5e020000000000ffffffff41184847851a18f4,77549b3ef15c213c483aeb3ab74911da681e4f12226c100200000000bf261a0000000000ffffffff
1329,7099,53321,1.237434448,1.590185276,2.902650872,0.325908753,1.936559139,2.438389086,1.079996737,61bd3939c5508150cbbe538604341001100ce000a758000000000000ffffffffed1cc142650758e7,e860ba51774aa42ff43add38ba4cead64ef6de2e1f84d00122400000bf2f120000000000ffffffff
1330,7100,53322,1.234161534,1.595486071,2.897473231,0.330375317,1.958038404,2.312975121,1.135742824,0cbd9939b3508c521dab32c8043810010334b000ae32120c01000000ffffffff4d1eb041d703b8ea,5c613f53c3489230033bad38c74c6cd64f0e3f2e1f74100210000000c12b130000000000ffffffff
1331,7101,53323,1.233237417,1.595651721,2.891432650,0.177973057,1.791449859,3.397115562,1.186437941,f4bc9c399e50fc5227af228804381001032cd00091371c1a00000000ffffffffb41d6042d10840e4,e65176477c57a4319f3a563a0f494cd92942ed372188f0011b000000946a010000000000ffffffff
1332,7102,53324,1.234046020,1.591565691,2.874749141,0.258486732,1.981726335,2.435224972,1.138912967,09bd523964505b52371f628a0438100103342000b72d0f0a01000000fffffffffb1f5c409e0410d9,115aec546c4ad42b123be438694be4d60e62bd361f84d00122000000c728100000000000ffffffff
1333,7103,53325,1.233006388,1.591952208,2.868996207,0.103543151,1.873722624,3.268537484,1.230737586,eebc59395050e05276eb409104383000112cd000ad211b1501000000fffffffff722f63d570e9cde,594a484dbd55142dd43a2e3adc450bd9fd6d8b3c2188f0011b000000ab4f040000000000ffffffff
1334,7104,53326,1.233737981,1.583724931,2.783277488,0.225680586,1.732478508,3.535185982,1.266362397,01bdc438264fd9517d175190043430001108e000ed07070301000000ffffffffa91e45418e0c10de,bd564a435c594037763a873a424a91d952462f2d2284b0011f0000009f5e020000000000ffffffff
1335,7105,53327,1.234238544,1.588252694,2.856915045,0.097420877,1.859531953,3.399129089,1.288387719,0ebd163926500352714f81ce0438100103342000dc10080705000000ffffffffe434426b5240ef74,ba49474c83574a31c53a613a9d454cd929eadb3b2188f0011b0000009569010000000000ffffffff
1336,7106,53328,1.250834141,1.622652649,2.364463882,0.166922160,1.799566702,3.669229348,1.705454979,bdbe853b76496dc9007d1cf81034400000000000be41000000000000fffffffffb1daf44e71f68eb,c75009482e5b98378c3ac33a9f48d2d93b92ed362284b0011f000000b73c0c0000000000ffffffff
1337,7107,53329,1.237241923,1.584608397,2.851449758,0.312778593,1.848654278,2.834478602,0.961582392,5cbdd43813502b503133d28b0d1040021e4010019567020100000000ffffffff3d14ca6c28634184,935f824bd84f4e32bd3a7439884c36d848466f2c217c20021d000000926a030000000000ffffffff
1338,7108,53330,1.262924669,1.599185585,2.936593183,0.229069014,1.950694594,2.691230542,1.119204595,f7bfdc393b51dbd2aacd8ab31034d0011e000000fe01000000000000ffffffff8823035f0169275b,1557ba52e64dcc2bf93a4839a34ae0d7f60dad371f84d001220000009767010000000000ffffffff
1339,7109,53331,1.230272543,1.625634346,2.755375758,0.203501783,1.756387305,3.935590199,1.569796374,a7bcbb3bc54e93d276a893261074f0010d780000b449010101000000ffffffffba0e786e8c5de980,7d54fb44cc5e5238613a283bb04953da52a22f29226c10021a000000af4a050000000000ffffffff
1340,7110,53332,1.261114940,1.596424754,2.991533705,0.263338345,2.011156794,2.314125708,1.275320506,c8bfaa39fa5124d2244eb7ff1034000000000000fc03000000000000ffffffff2a3a2e6a3b502f79,8f5a0157c748282c233bb638a14b6ad6083a4d371f74100210000000c826110000000000ffffffff
1341,7111,53333,1.238243050,1.625523913,2.171452941,0.222561692,1.736509321,3.668654055,1.812605185,76bdb93bd746ccce1d45db3b1034d00100000000ea15000000000000ffffffff722bdf77d8647752,6c5693432c5be9396d3abd3a1b4ad2d95782df2a2284b0011f000000b73d0b0000000000ffffffff
1342,7112,53334,1.261499989,1.625799996,2.650384709,0.382818945,2.071011611,1.662605915,1.394991293,d2bfbe3b584d61d36fe8aeae1034000000000000fd02000000000000ffffffff0325ec75cc6d6dac,ae663d5bee3fb42b963f4737a44de1d3636a9f281d40f0010d5c1002b1321c0000000000ffffffff
1343,7113,53335,1.233737981,1.606032446,2.768895153,0.416549207,1.986088448,1.498647292,1.557488262,01bd583af44e3fd476ac0c161034000000000000ff00000000000000ffffffff131dde73cf6cfbb0,1a6a3b55b43d1c36823f9c36003c000081e6df201d40f0011778d0008371090300000000ffffffff
1344,7114,53336,1.232428815,1.606253312,2.870146794,0.390596928,2.159799937,1.578900723,1.637806829,dfbc5c3a54502cd449e0b30f1034d00100000000ff00000000000000ffffffff4219b274186a1cb9,78678561cb3e6028a53f1137003c0000580a2f2c1d40f0010d5c00008a690c0000000000ffffffff
1345,7115,53337,1.231774233,1.606087662,2.903226165,-0.195447135,1.497807869,1.515330801,1.993724878,cebc593ac75005d42a1821171034000000000000ff00000000000000ffffffffea29c878485e1f6a,042cb032ee3da14bd73e3636954973d2c07a820c1d40f0011e000000c725120100000000ffffffff
1346,7116,53338,1.260344843,1.622266132,2.688354075,0.168308336,1.794265907,3.535761276,1.392920177,b4bf7e3bdc4d75d2fd585df71034000000000000fd02000000000000fffffffff325c17a695cdf79,eb50a9475e59c236953a8e3a9b4891d942a2ad362284b0011f0000009b61020000000000ffffffff
1347,7117,53339,1.260498863,1.619284435,2.764292806,0.303845464,1.917233321,2.570418925,1.020561779,b8bf483be44e47d2d2e559fd1034000000000000ff00000000000000ffffffff661c7d79af5e1e47,ab5e5c50424c3030e73a1139664c6bd744d2fe2f1f84d00122000000b447040000000000ffffffff
1348,7118,53340,1.258727639,1.192901688,2.883666189,0.144473823,1.801941017,3.933576672,1.647665771,8abf1e1d835098d2544f83f41034000000000000ff00000000000000ffffffff98132e7d897e90e8,804e3448c55e17397c3a2c3b344854da303e2d78226c10021a000000ae4c060000000000ffffffff
1349,7119,53341,1.261422979,1.494439655,2.980890776,0.239927386,1.963504850,2.564378344,1.198731834,d0bf7332d55185d5a0e585841000000000000000ff00000000000000ffffffff722bdf77d8645139,2f58a2532d4c642d053b1739e14a64d718427d371f84d00122000000bd3f030000000000ffffffff
1350,7120,53342,1.255377715,1.404878296,2.650384709,-0.383543405,1.934019174,5.559355864,3.380557009,33bf1d2c584d61d38eedaeae1034000000000000fd02000000000000ffffffff1d18ce6cb061794f,ef188c51d97474bef036c83b94cdc5dc333921901968b001220000008777010000000000ffffffff
1351,7121,53343,1.230426562,1.613652340,2.900637345,-0.392129991,1.977585088,5.315431456,2.931956243,abbce23abe5098d27cdcd7331034d0011e000000fe01000000000000ffffffff411493602247d8f3,1018a1548971f002c237fc26b6cd8cdc6a8d87ac1a64b00122000000eb0e060000000000ffffffff
1352,7122,53344,1.249987034,1.595099555,2.929977309,0.218287652,1.915963339,2.815781566,1.086461160,a7be9239245172c9a85233931034e00100000000e519010000000000fffffffff210ae641d54fda5,fd554550974f3428e93a7839534a2cd8c7c98b3a217c20021d0000009865020000000000ffffffff
1353,7123,53345,1.255724259,1.591952208,2.965645501,0.333686735,2.150854845,1.753789921,1.622072532,3cbf5939a05161cf8ec3c0e81034e00100000000f906000000000000ffffffff1516a05f1a43c8ee,b261e3602b41142e523bae37cd4c55d46e42ef2b1d7c00010d840000c921160000000000ffffffff
1354,7124,53346,1.249332451,1.595154772,2.911567920,-0.291940329,1.900447469,5.551301757,3.071957054,96be9339e45071c6eca243851034e00124000000d626020000000000ffffffff0825ee6c37440989,3a222c4fbd74a4221230833741ccc3dc4430a7281968b001220000008d71010000000000ffffffff
1355,7125,53347,1.252528355,1.611001942,2.750773410,-0.205265875,1.864391015,5.578628194,3.191572139,e9beb23ab54eefcbf54a94f21034000000000000d827000000000000ffffffff9613347ef47f70d8,052b9f4c1c75d824f82e8037fbc9c9dc80bde93c1968b001220000009f5e020000000000ffffffff
1356,7126,53348,1.261692513,1.490408842,2.983479597,-0.170919535,1.888465462,5.462706571,2.890915554,d7bf2a32de51a1d53bb837971000000000000000ff00000000000000ffffffff3e163d21df3b9039,812e534e89735c2d2d2f1e37f8c8aedc01aa1b3c1a64b00122000000ac51020000000000ffffffff
1357,7127,53349,1.227538697,1.620830500,2.944647291,-0.111159983,1.843629566,5.569423499,2.954861032,60bc643b5751b84f23e930d41e8cd00000000000f50a000000000000ffffffffdf157b212e3e2b50,9134274bfc74602be62d603781c6c6dc03329a3e1968b001000000008777020000000000ffffffff
1358,7128,53350,1.227346173,1.621658750,2.946948465,-0.331176788,1.942577750,5.451775996,2.967514748,5bbc733b5f51314f6045909c1e8cd00000000000ee11000000000000fffffffff916ac1f9b3d353c,3f1e2752637317c2b836ee3bd3ccacdca93553f91a64b00122000000b14c020000000000ffffffff
1359,7129,53351,1.227769726,1.621769183,2.940620237,-0.322667212,1.993156175,5.544398236,3.053103808,66bc753b4951954f6a3171d01e8cd00000000000f50a000000000000ffffffff8d150024c2397139,1c1fbb55a5748fbda836c93bb3ccc2dc08ba3bbc1a64b001220000008579010000000000ffffffff
1360,7130,53352,1.227153649,1.619339652,2.947811405,-0.269376477,1.950528944,5.484280074,2.963606261,56bc493b6251c44fcbb880d71e8cd00024000000f609000000000000ffffffff921b7a1dcd413027,8424b752d47391ba8236e33bd9cbb4dc117eabbc1a64b00122000000a15d020000000000ffffffff
1361,7131,53353,1.228770853,1.622928732,2.911567920,-0.362904797,1.978468554,5.525701200,3.081157696,80bc8a3be450034f72544f971e8cd00000000000ec13000000000000ffffffff0d1b261dfb408426,071bb1546474efb1c636cf3b49cdbedc17ed52f31a64b001220000008b73010000000000ffffffff
1362,7132,53354,1.228578329,1.622928732,2.915019680,-0.577838960,2.042133318,5.126447569,2.886050799,7bbc8a3bf0503c4f9df00cca1e8cd00000000000f00f000000000000ffffffff66186c1cf8429355,39053259f86e9998042e9e3b36d05edcb4ed5c8f1a6c900122000000f00e010000000000ffffffff
1363,7133,53355,1.228347299,1.624309147,2.931703189,-0.588273779,2.051796227,5.143706372,2.894100106,75bca33b2a51e34e7de680981e8cd00000000000ec13000000000000ffffffff1d19e61c34406c22,2a04e159346f598b282e973b4ad061dcea216c941a6c900122000000f00e000000000000ffffffff
1364,7134,53356,1.228347299,1.623094382,2.927388489,-0.615689243,2.038765104,5.120694635,2.895486966,75bc8d3b1b516f4f4b0576c51e8cd00000000000f30c000000000000ffffffff0618d120e939f424,6201f558e46e58e7bc2e933b7ad05ddc35c7c18d1a6c900122000000ef0f010000000000ffffffff
1365,7135,53357,1.227769726,1.620223117,2.933429070,-0.557046332,2.026783097,5.088765851,2.827779344,66bc593b30511750e598c5ca1e8cd00000000000f807000000000000ffffffff0a189123cb365828,55071c58756e599d012eb23b0fd055dc3799ec901a6c900122000000ed11010000000000ffffffff
1366,7136,53358,1.227500192,1.618511402,2.931703189,-0.609605474,2.068802946,5.137665791,2.905854557,5fbc3a3b2a5132509f2485cf1e8cd00000000000fb04000000000000ffffffff3c184a1ffe3b3c25,0002155b1f6fb9ae702e953b68d060dc3bdbf2b51a6c200219000000f00f000000000000ffffffff
1367,7137,53359,1.227962251,1.621217017,2.932853776,-0.529515353,2.013475892,5.060576473,2.787435816,6bbc6b3b2e51fa4f12b115c81e8cd00000000000f708000000000000ffffffff9919ed1b24423024,200a2b57136ed193232ec53bb7cf4edcef8ceb981a6c900122000000e915010100000000ffffffff
1368,7138,53360,1.228501319,1.623922631,2.924224375,-0.547535630,2.065821248,5.064315880,2.815949801,79bc9c3b1051264f3d0917c41e8cd00000000000f20d000000000000ffffffffff193c1b19447426,4c08df5a206e698d992eb33bfacf4fdc47498cb91a6c900122000000e816010000000000ffffffff
1369,7139,53361,1.228655338,1.624861314,2.921347908,-0.611068659,2.068582079,5.117818168,2.899302349,7dbcad3b0651cf4e1edbc8871e8cd00000000000ea15000000000000ffffffff601aa31d2143e01a,da01115bda6e299c932e993b73d05cdcfb5242f61a6c900122000000ee10000000000000ffffffff
1370,7140,53362,1.229001882,1.623370465,2.919046734,-0.599902248,2.062342601,5.148884012,2.917149489,86bc923bfe50b24e88f039a81e8cd00000000000e31c000000000000ffffffff541d5c286e341421,fc02a05a466feabe4d2e913b5ed063dcee9b37a81a6c200219000000f00e000000000000ffffffff
1371,7141,53363,1.227692717,1.614591022,2.889419123,-0.478881454,2.034568641,5.001321251,2.747527470,64bcf33a9750f44f47584ad51e34300224400000fb02020000000000ffffffff1c1a8f1c9f437017,430fa958456d41830d2fdb3bface40dc801dcabe1a6c900122000000d22b010100000000ffffffff
1372,7142,53364,1.228847863,1.624088281,2.920772615,-0.499481557,1.986530181,5.052522365,2.768184191,82bc9f3b0451bc4ea51c5aa81e8cd00000000000e817000000000000ffffffff601aa31d21430185,2c0d4355f76d9768062ed83b46cf4ddc13b1b2a21a6c900122000000e419010100000000ffffffff
1373,7143,53365,1.228039260,1.624861314,2.919046734,-0.461631274,2.002377351,5.202961594,2.865967892,6dbcad3bfe50b24e47f139a81e8cd00000000000e31c000000000000ffffffff691cfd257f357822,0311625602708e3600329036b9ce71dcb54521711a6c900122000000f00c030000000000ffffffff
1374,7144,53366,1.227769726,1.616413171,2.899199111,-0.510609464,2.053673592,5.018580054,2.775776371,66bc143bb95012504b4c8bd11e8cd00024000000fb04010000000000ffffffff5718d126b0346825,0b0c035a816df189ef2ec93b70cf44dc1911fcba1a6c900122000000db22010100000000ffffffff
1375,7145,53367,1.227230658,1.616634037,2.927100842,-0.480652678,1.992714442,5.126447569,2.809880422,58bc183b1a5128506aac44d71e8cd00024000000fd02000000000000ffffffffea1a501c8b427c28,150fb355f86e894035325b3600cf5edc34d5f02c1a6c900122000000ed0f020100000000ffffffff
1376,7146,53368,1.228693843,1.623756981,2.915594974,-0.431790003,2.021095785,5.116955228,2.785870007,7ebc993bf250034fad143f911e8cd00000000000ed12000000000000ffffffff6c15272743387e36,0a14b557d76e2a30e7314a364ace5cdced11c73f1a6c900122000000e814020100000000ffffffff
1377,7147,53369,1.226691590,1.617572720,2.946373171,-0.377190103,2.035672973,5.238342139,2.828491834,4abc293b5d519d4f76f030da1e8cd00024000000f906000000000000ffffffff1c1a8f1c9f439182,9419bd587d7072307831a0367ecd79dc043aaa3e1a6c900122000000ef0a050000000000ffffffff
1378,7148,53370,1.228308795,1.624971747,2.920772615,-0.283931317,1.068112125,-0.205084158,3.516808689,74bcaf3b0451bc4ead1d5aa81e8cd00000000000e817000000000000ffffffff2a18641d1a41e83a,0a234a1491261f51263da838d44bc9512292d2090408d00003000000c82a0a0400000000ffffffff
1379,7149,53371,1.228154775,1.623480898,2.933429070,-0.227021125,1.018527599,-0.238451176,3.541797522,70bc943b30512a4fd0e1e0d11e8cd00000000000f10e000000000000ffffffff3118a81d0a422f62,d028c8101d26df4b353da0380b4af9511c1253070408d00003000000ab4a070300000000ffffffff
1380,7150,53372,1.228077765,1.623922631,2.933141423,-0.328404437,1.123383962,-0.211124739,3.543950550,6ebc9c3b2f51eb4e024271a21e8cd00000000000ed12000000000000ffffffff1919e477f661d750,871e33187c268353183da238b44ccf511ccef10d0408d00003000000cf22090500000000ffffffff
1381,7151,53373,1.262385601,1.613100173,2.908691453,-0.287050211,1.577540669,1.419256800,2.149518876,e9bfd83ada5005d3edab50e81034000000000000ff00000000000000ffffffff1812407f2b7e4f48,b9225438a03cb0441e3d413bc94b23d1d896910f1d40e0011f8c7001a7450f0400000000ffffffff
1382,7152,53374,1.261962048,1.485052829,2.996711345,-0.296291379,1.600179484,1.450610291,2.198143843,debfc9310c5285d5b925b3b81000000000000000ff00000000000000ffffffff9d20b67aa55eff78,c921ee390d3de7441d3d643bee4ba9d1c47eb10f1d40e0011f5c3002b13e0a0600000000ffffffff
1383,7153,53375,1.261384475,1.617241420,2.850874465,-0.091445491,1.411780373,1.454062052,1.955363924,cfbf233b11509cd2a89656fc1034000000000000ff00000000000000fffffffffe18fc75f35e7b54,91369a2c193d0446503d2f3b8e4542d1be5a24061d40f0011e5c0000b83d080100000000ffffffff
1384,7154,53376,1.261692513,1.611388458,2.908691453,-0.495438546,1.348612559,-0.553424321,3.891375896,d7bfb93ada5085d2e4a7f0e91034000000000000ff00000000000000ffffffff001c09235c38a821,950d2228d6213a3ce23c1638bb4fd553bf357059031020000b3810016966191502010000ffffffff
1385,7155,53377,1.228039260,1.618400969,2.905527339,-0.402141256,1.121561814,-0.520344950,3.826347946,6dbc383bcf5009506b88fbcc1e8cd00000000000f50a000000000000ffffffff071d511fde3e1428,0c17121849226140103d2d38c64dd153b17d914d020c40000b3400005b52510100000000ffffffff
1386,7156,53378,1.228616833,1.621161800,2.902075579,-0.462709410,1.240001466,-0.465692075,3.787839309,7cbc6a3bc3505d4f520c8fd11e8cd00000000000ec13000000000000ffffffff551b541f1a3dc024,e71073200723a354f83c3b38b84e635300069113040c20000b44d000814e2e0100000000ffffffff
1387,7157,53379,1.228308795,1.621051367,2.913006153,-0.395325895,1.123770479,-0.449583860,3.767026610,74bc683be950ba4f8b681bca1e8cd00000000000f20d000000000000ffffffffb11afc204541402a,bd173a183f2336450f3d4738aa4d5753dd056110040830000b3410017a4e370000000000ffffffff
1388,7158,53380,1.229309921,1.620885717,2.917033207,0.484779830,1.778860469,0.318720497,2.707491463,8ebc653bf7509f4e2dd888a61e8cd00000000000e21d000000000000ffffffff6d1bb420463be423,06719246ae2d0776383e2f399140123df98ce9600d607001101000006b53390703000000ffffffff
1389,7159,53381,1.228193280,1.620057468,2.911567920,-0.249700491,1.864004499,5.601927577,3.079239393,71bc563be450e24f7d5c2bcb1e8cd00000000000f20d000000000000ffffffffa91d7220763d7c2a,8326984c6d75f4215d2f9d3746cbcedc98bc25361968b00122000000af4e010000000000ffffffff
1390,7160,53382,1.228578329,1.620223117,2.897185584,-0.214969102,1.893214091,5.339881426,2.850458951,7bbc593bb2507a4f3c20efd21e8cd00000000000e916000000000000ffffffff54157d24d53cc94b,092aa94ede71242e1430cb3643ca91dc1c3aba3e1a64b00122000000db1d060000000000ffffffff
1391,7161,53383,1.226730095,1.620333551,2.948961992,-0.114278877,1.899232703,5.332402612,2.748977808,4bbc5b3b6651064f094150981e8cd00000000000e817000000000000ffffffff6e17f521f03f0f6c,4034164fc471682f0c2faf36a8c690dc1e529a3e1a64b00122000000e01a050000000000ffffffff
1392,7162,53384,1.227076639,1.622486999,2.937168477,-0.099454503,1.836672272,5.463281864,2.861260045,54bc823b3d51c14e49e192a31e8cd00000000000e41a000000000000ffffffffaf16f51fb63f4f56,c135a94a8b73802d1f2e0f37d3c5aedc036aab3c1a64b00122000000ad50020000000000ffffffff
1393,7163,53385,1.227615707,1.622597432,2.942633764,-0.291940329,1.900447469,5.551301757,3.031732159,62bc843b5051174fab85d09b1e8cd00000000000ee11000000000000ffffffffb41ad91fd541c187,3a222c4fbd743f7d6336c43b41ccc3dc9432a7a81968b001220000008d71010000000000ffffffff
1394,7164,53386,1.227423183,1.624364364,2.917033207,-0.495900605,1.396540586,-0.457925614,3.796326593,5dbca43bf750ab4e0ca529ab1e8cd00000000000e21d000000000000ffffffff7f1c6d1fbf40c42f,890d862b2223b353d93c3a38b84f28532166e020040c20000b44e000af38110303020000ffffffff
1395,7165,53387,1.228924872,1.621493100,2.905527339,-0.473914326,1.330943240,-0.435489171,3.761179586,84bc703bcf50f74e43b0bea01e8cd00000000000e717000000000000ffffffff8c17322287473431,c40fe22670237758e83c4538324f155310c2201a040c20000b44d000a5381f0101000000ffffffff
1396,7166,53388,1.253375462,1.543637664,2.936017890,-0.081511236,2.499437373,1.452336172,2.212868505,ffbeee353951074dfc2de3c62378d00000000000ae51000000000000ffffffffe41c7c202440fc33,93378c79133da777213c1b2d3645c5d2f922e47b1074f0010d0000008f6e010100000000ffffffff
1397,7167,53389,1.228963377,1.620664850,2.902650872,-0.249661986,0.965630076,-0.584777812,3.844159511,85bc613bc550f04e26c48ea01e8cd00000000000e31c000000000000ffffffffe91a70213941f743,84260a0d69213146363d2138a34a24547eeda247021030000b340000b9281e0000000000ffffffff
1398,7168,53390,1.253529482,1.539717284,2.915307327,-0.465828304,1.974161658,4.738699807,2.543559169,03bfa735f150914e423b16881e8cd00000000000df20000000000000ffffffff731e96224a3b1830,96106354b4694c4746321a35cdce00dc843ae2751b68200219000000b648010000000000ffffffff
1399,7169,53391,1.228501319,1.618621835,2.889706770,-0.074041292,1.904312632,6.157085723,3.529022769,79bc3c3b9850934f1a80efd61e8cd00000000000e41b000000000000ffffffffb41ad91fd541a42c,5538724ff77ce33f3f24923b46c44edd9585f02a1968b00100000000fe01000000000000ffffffff
1400,7170,53392,1.229232911,1.621713966,2.917033207,-0.466944945,1.947105513,4.747616855,2.516731109,8cbc743bf750ab4e45a429ab1e8cd00000000000e21d000000000000ffffffff5615e0246e3e194f,79107952d36915425d321a35d2ce03dc944e00181b68200219000000b449010000000000ffffffff
1401,7171,53393,1.226499066,1.620830500,2.948674345,-0.230756097,1.896858388,4.468024255,2.123254142,45bc643b6551a04e24ad30931e8cd00000000000d827000000000000ffffffffb11afc2045419f78,6f28eb4e07660c260532f933e0ca66dbc6ce62701b88a00119840000d915100000000000ffffffff
1402,7172,53394,1.227153649,1.623977848,2.917033207,-0.131452047,1.894097557,4.399564339,2.028958514,56bc9d3bf7509f4e11d988a61e8cd00000000000e21d000000000000ffffffff2618042024415771,8232b94e1965ba3098312533f6c73cdb54d2d57d1b88a00121640000db1d070000000000ffffffff
1403,7173,53395,1.227500192,1.623370465,2.933429070,-0.069574727,1.922037167,4.400139632,1.980617333,5fbc923b3051c74e70ed83a81e8cd00000000000e718000000000000ffffffff4814ed26623ce843,c938b3501b654c33233110331dc43adb22ca757e1b88a00121640000dc1d060000000000ffffffff
1404,7174,53396,1.226229532,1.619174002,2.953564339,-0.194060959,1.726459896,5.792062051,3.175815581,3ebc463b7651c24ec1b4c0d41e8cd00024000000e619000000000000ffffffffb721ff73566e7dab,282cdd420278af5c532a0f3b9ec9f9dce8ad220a1968b00100000000db1d070000000000ffffffff
1405,7175,53397,1.233121903,1.606418962,2.817795093,-0.114201867,1.770909276,5.952568914,3.416013072,f1bc5f3a9e4f40d46c08990f1034d00100000000ff00000000000000ffffffff2f27a36e4b450983,42340246307a1f616d294a3b9ac61edd3a5ed20f1968b00100000000ee0f010000000000ffffffff
1406,7176,53398,1.253067423,1.612989740,2.717694039,-0.346732753,1.877643004,5.490033008,3.211738675,f7bed63a424e70cc9bfab5f81034000000000000dd22000000000000ffffffffba2b37711346277f,ab1c8f4de873175500298f3a0dcdb5dc61b9a0141a64b001220000009964020000000000ffffffff
1407,7177,53399,1.253490977,1.616689254,2.641755308,-0.161562852,1.746558746,5.871740189,3.528745635,02bf193b3a4dd7cc447227fb1034000000000000dc23000000000000ffffffff1e1faf68c546bda9,742f49441779df5fde292a3b76c80bdd1016d20f1968b00100000000e813040000000000ffffffff
1408,7178,53400,1.252335831,1.604486380,2.847135057,-0.230871611,1.846335180,4.471188369,2.212678087,e4be3c3a045008cc819f70e51034e00100000000dc23000000000000ffffffff2a25a96e7b468f7b,6c28584b1266ac225732dc33c7ca6bdba6f260571b88a00121640000d417130000000000ffffffff
1409,7179,53401,1.253490977,1.611774974,2.753937524,-0.180045188,1.880514269,4.394961992,2.195497221,02bfc03ac04ececcba2635fd1034000000000000df20000000000000ffffffff80239b6dc745d991,942dc34d09650832f5312f3377c93adb866ac3771b88a00121640000d423090000000000ffffffff
1410,7180,53402,1.253182938,1.610339342,2.779825728,-0.198412009,1.844899548,4.396975518,2.185708084,fabea63a1a4f7ecc615743f21034000000000000dc23000000000000fffffffff626316f6f462987,b72b3e4b10650a3044322133ffc93edb9a4ab05f1b88a00121640000cc280a0000000000ffffffff
1411,7181,53403,1.253452472,1.613044957,2.724022266,-0.442224821,1.958038404,4.773792706,2.682517626,01bfd73a584ed3cce8ae74f71034000000000000e01f000000000000ffffffff7918a77673656236,fb123f532e6a7b4d5332363575ce0adc2d1613391b68200219000000ad51010000000000ffffffff
1412,7182,53404,1.263155698,1.612161491,2.912430860,-0.347271822,1.899011837,4.595164100,2.346774611,fdbfc73ae75078d3f81f60db1034000000000000ff00000000000000ffffffffa8189174e460ab3a,9d1c124fc167981749329c3420cdb3db7cd6d15c1b68200219000000da20050000000000ffffffff
1413,7183,53405,1.262154572,1.610063259,2.909842040,-0.342112170,1.870961793,4.603505855,2.347389388,e3bfa13ade50c0d2fc0b60dd1034000000000000ff00000000000000ffffffffa721e279e35bef76,231d164dde67e8156f3297340dcdbadb9146424f1b68200219000000d624050000000000ffffffff
1414,7184,53406,1.260652882,1.617020553,2.834766249,-0.268028807,1.907901713,4.513760082,2.289213805,bcbf1f3bd94f30d2e1d655fa1034000000000000ff00000000000000ffffffff4029727945617f6a,a724b34fa66658200e323b34f6cb81dbd64a636f1b68200219840000db160e0000000000ffffffff
1415,7185,53407,1.261114940,1.622818299,2.698997003,-0.461631274,2.002377351,5.202961594,3.062965600,c8bf883b014eeed2f43cfdf71034000000000000fd02000000000000ffffffffb31c1078565ce768,0311625602708c2d9c28163ab9ce71dc3f4521711a6c900122000000f00c030000000000ffffffff
1416,7186,53408,1.260960921,1.614038856,2.879351489,-0.246158043,1.846445613,4.513472435,2.235122310,c4bfe93a745035d2853383f21034000000000000ff00000000000000ffffffff661c7d79af5e5f6b,df265a4ba566a81a64321e3456cb84db8cc2a1511b68200219840000d618120000000000ffffffff
1417,7187,53409,1.261576999,1.614977538,2.883666189,-0.480652678,1.992714442,5.126447569,2.864981280,d4bffa3a835098d2714f93f41034000000000000ff00000000000000ffffffff5923776de365e1ad,150fb355f86eea3f8d29ff3900cf5edc2bd5f02c1a6c900122000000ed0f020100000000ffffffff
1418,7188,53410,1.232698349,1.613652340,2.766593979,0.298493288,2.245440916,1.740845819,1.524485221,e6bce23aec4e02d39caca80a1034d00100000000fd01010000000000ffffffff0e1fd070c36aa1aa,205e9467fe40a825773bc2374f4c50d4525a7e311d40f0010d840000cc1a190000000000ffffffff
1419,7189,53411,1.232505825,1.608903710,2.846272117,0.230532199,2.387513282,1.612267741,1.770014354,e1bc8c3a0150ead38cd0150a1034d00100000000ff00000000000000ffffffff711ab574665afda7,3b57a1713f3f142ab53b9337d34ad2d3a142ae331d40f0010d000000ab4d070000000000ffffffff
1420,7190,53412,1.260421853,1.610394559,2.896897938,0.249746127,2.096079957,2.063585426,1.397056001,b6bfa73ab150ced1d94741ea1034000000000000ff00000000000000ffffffff231fe873aa52e194,2e59035d6045c4224e3b5a383a4b76d5e0599c381f741002100000008876010000000000ffffffff
1421,7191,53413,1.257996046,1.611554108,2.854901518,0.157295944,2.094754758,2.189862330,1.373790634,77bfbc3a1f5098d079fbe2f11034000000000000fe01000000000000ffffffff36193c441906d8d8,cd4feb5c17479c28613b93388f48e8d5f035ab3c1f74100210000000b843030000000000ffffffff
1422,7192,53414,1.224689337,1.517741069,2.925087315,0.264185452,2.057870055,2.194464678,1.322163558,16bc19341351b652798b11ce04381001033400009646170b00000000ffffffff122f78622a171986,a55a4f5a2747e82a383b8838b34bf1d5f03d3c3a1f74100210000000c03b040000000000ffffffff
1423,7193,53415,1.242555595,1.620278334,2.515478403,0.167461228,2.170180662,2.036258988,1.299181171,e6bd5a3b834bfe4e7406a5fa0434000103380000807e010000000000fffffffff61339619d46aac3,d550416201459817763b6038dc4863d5be497c341d7c0001210000009d61000000000000ffffffff
1424,7194,53416,1.250025539,1.595375638,2.932278483,0.083520620,2.175150158,2.088035396,1.552294627,a8be97392c5158c9df16a1ad1034e00100000000e51a000000000000ffffffff7415756087424fb0,51489b62b545d8cc9e388c3bd94493d566bb8a361d7c100210000000906f010000000000ffffffff
1425,7195,53417,1.249409461,1.595983021,2.916457914,0.000003566,2.151407011,2.193601737,1.546619524,98bea239f55048c6c397f0e21034e00100000000d628010000000000ffffffff042baa061e5b10d3,d83fed602447a8d06738683b0000f2d574fe173f1f74100210000000a755030000000000ffffffff
1426,7196,53418,1.147063527,1.566497345,2.694107009,-0.142541449,0.897382333,-2.180354100,5.086370710,36b48c37f04da14b9ae9c8fe2fb4800227980000f509010000000000ffffffffde1e9601bd612818,62313608be0b9b393e3db33126c8ce58e4d9c247051870000a2000009e471a0000000000fffff8ff
1427,7197,53419,1.111369516,1.569479043,2.873023261,-0.101572271,0.858344182,-2.169135878,5.234530481,97b0c2375e50a547723c0e8c2ca870022ea0d0026f47330a09030000ffffffff67299d02bf59a184,8a357305e50b673a483dbb31e9c5cd58dc95c248051870000a0000009a42230000000000fffff7ff
1428,7198,53420,1.220530812,1.577595886,2.727474027,-0.348657997,1.121561814,-2.058391896,5.057156634,aabb5538644e4c4c111275dc2fb4800226000000f906000000000000ffffffff461b4e08f25d998d,791c1218660df83f063d6f3213cd8c583702c060051c60000828c000753f341600000000fffffcff
1429,7199,53421,1.099972076,1.553576656,2.906390279,-0.219705200,0.982968095,-2.035092513,5.146396256,6fafa236d2504e4991b157fd2ca8e002279880026f561c1b02000000ffffffff372c3103a2582185,8e29440eb70d73512c3d873266ca895896a2020c051c60000a2030008c3b370100000000fffff7ff
1430,7200,53422,1.220646326,1.579307601,2.679724673,-0.162255940,0.950721589,-1.996260207,4.916540822,adbb7438be4da34c809649c12fb4800226000000fd02000000000000ffffffffc32d1f039c5a875b,622ffc0b3e0eb7533a3db832b9c87c58d66a7115051c60000a0c80008349310100000000fffff6ff
1431,7201,53423,1.218605568,1.572681607,2.648658829,-0.341072538,1.105217694,-2.074787758,4.996205157,78bbfc37524d1f4c65ebaedb2fb48002269c0000f906000000000000ffffffff3a2e840447599836,3e1dea162d0d2230093d5532f7cc94588ea1d24a051c600008280000793d371300000000fffffcff
1432,7202,53424,1.219760714,1.573399423,2.642618248,-0.156326191,0.921346346,-2.022436058,4.907292539,96bb09383d4d774cb0e3bfa22fb4800227980000fc03000000000000ffffffffbb1f5b041361f13a,fc2fe809e30d5c463d3d96328dc889586dc2f208051c60000a0c80008a41340100000000fffff6ff
1433,7203,53425,1.110984468,1.564012597,2.864969153,-0.267143195,1.035368669,-2.043434267,5.125536498,8db05f374250084802f47fdd2ca8700228b8d002654337120a030000ffffffff042baa061e5bb012,be24f9119a0d5d4a1e3d8032c7cb8a585cca510d051c6000082830008243380200000000fffff9ff
1434,7204,53426,1.220530812,1.576491554,2.694107009,-0.128140629,0.916100767,-2.005177255,4.933386589,aabb4138f04da14b7feac8fe2fb4800227980000f509010000000000ffffffffbc2db4051c59281f,d83289091f0e1748433dae3276c78258b4aad503051c60000a0c00008646320100000000fffff6ff
1435,7205,53427,1.220261278,1.574227672,2.650672356,-0.208731313,0.944537327,-2.095498321,4.996465336,a3bb1838594d764c318bdeb12fb4800227000000fc03000000000000ffffffffe12cd405fc5b0c24,ab2a8c0be50c0149303d2f3214caa6583d12b502051870000a2000009a40250000000000fffff7ff
1436,7206,53428,1.219491180,1.575884171,2.660164697,-0.072000534,0.864804526,-2.020997824,4.907837371,8fbb36387a4d4f4b51038ef42fb4800227980000f30b010000000000fffffffff62d3c046c5b873b,8a38e805e80dad4a513d8b3231c48c58c60aa407051c60000a0c00008942330100000000fffff6ff
1437,7207,53429,1.218836597,1.574227672,2.643193542,-0.073040165,0.830846305,-2.097511848,4.969491827,7ebb18383f4dc44b93bf5fe62fb4800227980000f608000000000000ffffffff082e5c031959df62,6f388103de0c1f3c503d193240c4b0588fe66305051870000a000000933a310000000000fffff6ff
1438,7208,53430,1.219375666,1.571742924,2.646932949,-0.376073461,1.295328520,-0.785267568,3.794978686,8cbbeb374c4d8a4c572bae8b2fb4800226000000fd02000000000000ffffffff462e09744f50976b,b1195d24b01e301efb3c8537e3cda054de4c9356032c20001110e000a13f1a0303000000ffffffff
1439,7209,53431,1.256186318,1.620609634,2.607237703,-0.195601154,1.019300632,-0.820360466,3.770635038,48bf603bc24c19d01e316df71034000000000000f10e000000000000fffffffffd2f326554643f72,002cd610361ee02a3c3d9d3780c9d354b69cc254020c40000b000000bf3e020000000000fffffeff
1440,7210,53432,1.233545456,1.625192613,2.561789523,-0.593895489,1.926675364,-0.522933770,3.598048090,fcbcb33b244cfad13ed9983b1074d0001f000000c439010000000000ffffffffa82342671a640f5b,980307514022bcdf6a3ef72ea050ea5396b902370e101001033c2001c230080402000000ffffffff
1441,7211,53433,1.231697223,1.620333551,2.760553398,-0.326787233,1.123273529,-0.728025873,3.853067323,ccbc5b3bd74e63d2599c672c1074d0001e7c0000f707010000000000ffffffff0e2a7166f663076b,b11e3118771f382d1a3dc837d1cc8a545451724e030840000b4400008d5f0a0900000000ffffffff
1442,7212,53434,1.232775359,1.622597432,2.661602931,-0.251163676,1.029847006,-0.726299993,3.745839605,e8bc843b7f4d2ad2c28c79351074d0001f780000e11c020000000000ffffffff662c275fd96d676d,5d2695117d1f3a362f3dd33736cb93540179f24d020c40000b000000a74b0c0000000000ffffffff
1443,7213,53435,1.231697223,1.628174311,1.373233327,-0.499635577,1.508519893,-0.526385531,2.573010347,ccbce93b003c0000f148e62e1074f0010d0000008676030000000000ffffffffec1bca709954c99c,280d723334221f58b73c1d3835506653aa9d5020040ce000112c20007e362b130c010000ffffffff
1444,7214,53436,1.258265580,1.607247212,2.877050315,-0.297639049,1.152372688,-0.791883442,4.011087753,7ebf6e3a6c50c3d0a7db61ee1034000000000000fd02000000000000ffffffff202e6e603b6df766,a621401a991e44241b3d983777ccb3540bf9a2510308b0000444000092600b0200000000ffffffff
1445,7215,53437,1.232120776,1.628229527,1.373233327,-0.309537053,1.091247889,-2.050913082,3.793393833,d7bcea3b003c00008869e4351074f0010d0000008875020000000000ffffffff2e0cc86d8a5c118c,7120ed15800dc74d103d7b3282cc8a5878b2520a051c6000082830007d44360800000000fffffbff
1446,7216,53438,1.260691387,1.594713039,3.018572495,-0.065762746,0.920738963,-1.913130309,5.151253650,bdbf8b395852f0d11c67a3f61034000000000000fc03000000000000ffffffffb317496e7c55f18d,2c39dd095f0fa73e513d2a33a8c35a587b0e1503051c60000a0c00006d67260500000000fffff6ff
1447,7217,53439,1.258458105,1.603161182,2.907253219,-0.460745662,1.385718128,-0.761680538,4.057587705,83bf243ad550ced03e6b43f61034e00100000000f906000000000000ffffffff122a2e043b580c24,1a11c22a021f5c28da3c8d3791cf805473813154032c10010e0840006b66190808040000ffffffff
1448,7218,53440,1.222610074,1.575166355,2.717694039,-0.295983340,1.055522735,-2.136056507,5.112245085,e0bb2938424eac4c41da10e12fb4800226000000fd02000000000000ffffffff67299d02bf597004,d1216613580c773e143df9314fccaf58e465014e0518700008280000824b270b00000000fffffbff
1449,7219,53441,1.223726715,1.576049821,2.727474027,-0.073001660,0.901744446,-1.949661440,4.900182486,fdbb3938644e4c4c121675dc2fb4800226000000f906000000000000ffffffff802a0a031a58b00d,70388508e00e0026503df23240c46b5841279407051c60000a0c0000775b2a0300000000fffff6ff
1450,7220,53442,1.223380172,1.574724622,2.711078165,0.413276294,1.892882792,-1.056518413,3.866817410,f4bb21382b4ec04c510294c82fb4800226000000fd02000000000000ffffffffc328b503585aa80c,c569a34e011ba0079e3fd332584e7755a026b66b034c400116244000b42c120a01010000ffffffff
1451,7221,53443,1.222956618,1.576767637,2.737254015,0.545848548,1.987965813,-0.791020502,3.616113984,e9bb4638864e164c387a93e52fb48002269c0000f707000000000000ffffffffde2b9302065aa993,38775d559c1eb0c2713fff30f84fb95452360d38130c400014585001804d1e1103000000ffffffff
1452,7222,53444,1.220068753,1.578755435,2.683751727,0.444311216,1.970075628,-1.012508467,3.797008121,9ebb6a38cc4d444c6e339ad42fb4800226000000fa05000000000000ffffffff802a0a031a582989,eb6c19549a1bd8fc883fe432084e71558f126a6f034c400116109000bc2a0c0903000000ffffffff
1453,7223,53445,1.221069880,1.578534569,2.711078165,0.546426121,1.991775760,-0.642307154,3.445447080,b8bb66382b4ec04c520194c82fb4800226000000fd02000000000000ffffffff7e29e705ad5a5012,4777a255a120acc26c3fcc2f0c5020548ca59f68131030001458d0006b4f360f00000000ffffffff
1454,7224,53446,1.221416424,1.576822853,2.722296386,0.471341632,1.441928648,-0.802814017,3.606551260,c1bb4738524edd4b4d9e93ef2fb4800227980000f608010000000000ffffffff922ab5053b589427,a96fbc2e731e3f3d053e6937395091541de90c49034cc00114084000762d292609040000ffffffff
1455,7225,53447,1.221685958,1.575166355,2.708201698,0.464333746,1.434474405,-0.793321675,3.585253482,c8bb2938214ea14c076211ee2fb4800226000000fd02000000000000ffffffff7e29e705ad5a78c8,f36e352e941e6a3e003e7437185087541d4d5d4a034cc001140840008e251e1c0c060000ffffffff
1456,7226,53448,1.146139410,1.568374710,2.722296386,0.497062882,1.469923475,-0.718533531,3.502899300,1eb4ae37524edd4b4b9c93ef2fb4800227980000f608010000000000ffffffff001b1808ab5c218f,4572b730981ff73f083ea53737504b541d252f53034cc001141020007f321b14110f0000ffffffff
1457,7227,53449,1.094273356,1.554791422,2.911855567,0.335265435,1.453965872,-0.890546263,3.878726400,dbaeb836e550ea49ab8d47fe2cb8a002279880028a372f0e01000000ffffffffd91c3e0262564cd4,db61962f421d9f64eb3d2837a84ed954eac87b530370400113084000c711100d08010000ffffffff
1458,7228,53450,1.197581911,1.252093906,2.906390279,0.332878133,1.417743768,-0.881053921,3.888429770,56b94e21d250eb4c1b68acdb2eb0a00227000000f906000000000000ffffffffc81ea306865d21a1,9d61062d631d9f68e23d35373c4eca54fe2c1c5703704001024c4000c6180d0c07010000ffffffff
1459,7229,53451,1.102782931,1.559429618,2.875612081,0.000003566,1.044313761,-0.832729274,3.902981205,b8af0c376750c749546c5ef12ca8e00227a060028d2f2d1203010000ffffffff4a1f9206f95e0da4,d83f9b120b1e8042663d4f370000cd5422e89754020c400000000000d42b000000000000fffffeff
1460,7230,53452,1.107442020,1.559374401,2.871009734,0.253173060,1.316310836,-0.883355095,3.857993082,31b00b37575003493ce8deee2ca870022ea0d0026c4f221508040000fffffffff12f9a72574ce76b,8759d9255b1d6772bd3d3337224cb954ee18ea5a030840001c509000cc32010000000000ffffffff
1461,7231,53453,1.254915657,1.620278334,2.574733625,0.053525330,1.057124017,-0.847686903,3.670618991,27bf5a3b514cc5ce04550df71034000000000000e41b000000000000ffffffff701f766820634b57,46458313d71df5a6753d4837fc41d9542a3c665f020c400000000000d02f000000000000fffffeff
1462,7232,53454,1.231158155,1.618345752,2.828438021,0.294065228,1.247400493,-0.884505682,3.847297036,bebc373bc34f6bd224a436201074d0001e7c0000fc02010000000000ffffffff7d2c9c6a115f41a9,ad5df920571d2f72bb3d6437974cbe54ef6c4a5c0308400009704001b44a010000000000ffffffff
1463,7233,53455,1.234238544,1.620112684,2.627660619,-0.125406783,1.058725299,-1.583199535,4.460396221,0ebd573b094dbcd12e940c211074d0001f000000f606030000000000ffffffff892d9268415f7769,1f33a013da13ae313f3d8c345bc7855798cdb249031ca0000518200057534a0902000000fffffaff
1464,7234,53456,1.234161534,1.622045266,2.610977110,-0.240266799,1.159992582,-1.709764086,4.588707452,0cbd7a3bcf4c9ad182a85b311074d0001f000000ee0f030000000000ffffffffc81b760230541ccf,7827ca1a2212753d1c3d3e3405cbe45733e6a30407285000031880006b59201009030000fffffcff
1465,7235,53457,1.214870596,1.567104728,2.915594974,-0.224402794,1.092849171,-1.498631403,4.667099820,17bb9737f2507b4dfb79dcc52eb0000000000000fd02000000000000ffffffff591c83025f55981f,14290a1600159a47293dd634aeca3a57731ac20b03287000050860008249330100000000fffffbff
1466,7236,53458,1.197119853,1.215650936,2.911280273,-0.200876321,1.124156995,-1.674671188,4.795176248,4ab9ba1ee3502b4d95d0acc92eb0000000000000fc03000000000000ffffffffef179602d6565020,772b41189c127e30273d5234dfc9cb57ef35c15007285000031880006e5f1a1107000000fffffcff
1467,7237,53459,1.195964707,1.330335858,2.943496704,-0.163988659,0.991802755,-1.457497924,4.618747832,2cb9d7265351b14c1341b2d72eb0a00227000000f708000000000000ffffffffcb17bf02a255742c,352fe40e8f159423403dfc34e1c826574dc1934b031ca000021460009536320200000000fffffaff
1468,7238,53460,1.195618163,1.305654028,2.945797878,-0.104306116,0.995888785,-1.519629612,4.661094326,23b918255b51014dbccec1cb2eb0a00227000000fb04000000000000ffffffffcb17bf02a2559017,43352e0fb714201a493dc23425c657578e93414d0328700005086000823f3d0100000000fffffaff
1469,7239,53461,1.223303162,1.555509238,2.945797878,-0.098222348,0.987937591,-1.540340175,4.711051038,f2bbc5365b51014d8ccfc1cb2eb0a00227000000fb04000000000000ffffffff591c83025f558ace,e1359e0e6f14bc2b4c3db734c4c56b572401834d03287000050860007b43400100000000fffffaff
1470,7240,53462,1.214909101,1.565669096,2.911280273,-0.107540525,1.053866237,-1.658562972,4.784797014,18bb7d37e3502b4d9fd2acc92eb0000000000000fc03000000000000ffffffff6a2696703849d985,ef344813d412b354433d543444c6c7579cca04060728500003188000744f1d1906000000fffffaff
1471,7241,53463,1.254453599,1.613265823,2.737829308,-0.102765922,0.995999218,-1.519629612,4.510988733,1bbfdb3a884ecdcdd54e75f71034000000000000e916000000000000ffffffff32287f783b540f7b,6b35300fb714bf5a4a3dbf340ec657573937a50d0328700005086000823f3d0100000000fffffaff
1472,7242,53464,1.258227076,1.618345752,2.717981686,-0.313233520,1.180643598,-1.826261003,4.828168720,7dbf373b434efcd00cc278fe1034000000000000fe01000000000000ffffffffc81b76023054bf60,1120401c8d1040340a3ddd3390cc2258c6f502480728500006203000812d2c190b010000fffffeff
1473,7243,53465,1.219760714,1.562963482,2.915594974,-0.325940126,1.198423350,-1.800660446,4.976459161,96bb4c37f2507b4d707adcc52eb0000000000000fd02000000000000ffffffffa4199e02595406cf,c71e821de6108540063d0134c1cc16581f5aa01607285000062030007c3825150e030000fffffeff
1474,7244,53466,1.215563684,1.567436028,2.931415543,0.352708139,1.490022325,-0.912695059,3.940520130,29bb9d372951654ddc2d57802eb0000000000000fd02000000000000ffffffff0f1a07025e56d01b,a0632332f51cef44fa3d11378e4ff354783c094c035030011c0890009826201d03010000ffffffff
1475,7245,53467,1.196734804,1.305874894,2.928251429,0.315550944,1.572405524,-0.973100868,4.008500133,40b91c251e51e04ca560e6d12eb0a00227000000f807000000000000ffffffffcf19870297553c24,db5ff737231c2f50fa3dd4361e4f26554dbc7750034c40011c242000c8180f0b03020000ffffffff
1476,7246,53468,1.196388261,1.285776044,2.929977309,0.336497591,1.191852572,-0.838769855,3.866741364,37b9b0232451124d9d9de6c12eb0000000000000fb04000000000000ffffffffd517b7027654c0eb,fb610b1df61d6766ba3d9037014dac543fa94c53030840001c500000a15c020000000000ffffffff
1477,7247,53469,1.222687084,1.555454021,2.946660818,0.144743357,1.158446517,-0.872136873,3.987830669,e2bbc4365e51524d722f228a2eb0000000000000fd02000000000000ffffffff591c83025f55bf66,874eae1a821ddf6c933d3b371548c154c0e8d853020c400000000000a05f000000000000ffffffff
1478,7248,53470,1.219799219,1.564840847,2.911280273,0.331645978,1.674224973,-1.042136078,4.053428414,97bb6e37e3502b4d2dd2acc92eb0000000000000fc03000000000000ffffffffd517b7027654bccd,7d612b3f331b0e39013e84361f4f5e5532489455034c400109706001c7220b0504010000ffffffff
1479,7249,53471,1.216218267,1.567767328,2.946660818,-0.168955787,1.034319553,-1.908815608,5.077295049,3abba3375e51524d622e128a2eb0000000000000fd02000000000000ffffffffcb17bf02a255dccb,b42ee6116e0ffb4e313d5133ecc85058d466301d071460000a0c8000715e270800000000fffff8ff
1480,7250,53472,1.216333781,1.566442129,2.945797878,-0.262599621,1.035589535,-2.209981711,5.389908316,3dbb8b375b51014d78cec1cb2eb0a00227000000fb04000000000000ffffffffc62ab45d446ef766,3425fd11570bec2f1a3d8831a5cbcf588a41f0610518700008280000915a100500000000fffffcff
1481,7251,53473,1.231235164,1.628339961,1.373233327,-0.108965205,0.853319469,-2.115345944,3.816671210,c0bcec3b003c0000b410f5281074f0010d7800008378030000000000ffffffff6729da767d51077a,ca341805a00cee35493d053258c6b658b6953346051870000a000000963c2d0000000000fffff6ff
1482,7252,53474,1.257302959,1.618124886,2.694682302,-0.262715136,1.017312833,-2.191284675,5.152096994,65bf333bf24d7bd021d678fd1034000000000000fd02000000000000ffffffff66236d7677544774,3125b210980b6b591d3daa31a6cbc8587286111405187000080000009458100300000000fffffbff
1483,7253,53475,1.258419600,1.615253622,2.795071003,-0.534597995,1.598467769,-0.510277315,3.760388460,82bfff3a4f4ff5d01d9f04f81034000000000000ff00000000000000ffffffff4a28685b316ed357,9c09cf396c2278f1113e3629d04c544fa526f30b04381001032c20016257252100000000ffffffff
1484,7254,53476,1.230503572,1.628671260,1.373233327,-0.545148329,1.590295709,-0.550547854,2.618271641,adbcf23b003c0000e424222a1074f0010d7800008476050000000000ffffffffa226ae585e6dd8e3,8a083b39e021f750913c03388c50a253c1c186400e101001032c20017a42212101000000ffffffff
1485,7255,53477,1.257649503,1.553521439,1.373233327,-0.266103564,1.207313226,-0.836756328,2.706610022,6ebfa136003c0000f7fa51a11074f0011e3400008674050000000000ffffffff4a28685b316e68dc,d924231efd1df0161a3d6c3716ccc054b57cb45b0308b000044400009a560f0000000000ffffffff
1486,7256,53478,1.258958668,1.553907956,1.373233327,-0.582998612,1.671464142,-0.463966195,2.604213540,90bfa836003c0000e52622aa1074f0010d7800008476050000000000ffffffffa621d678235a6f70,b304f93e0d23d0ea303eaa29dc4c2e4f3e3e530a0e1010010348d0007861190c00000000ffffffff
1487,7257,53479,1.260190824,1.616357954,2.831026842,-0.229754970,1.062203946,-0.796773436,3.960802947,b0bf133bcc4fe6d137a354f71034000000000000ff00000000000000ffffffffd724b0554b6b50d9,8928df13881e3429313d9e37a9cac15407790252020c40000b000000a953030000000000ffffffff
1488,7258,53480,1.256186318,1.553907956,1.373233327,0.409194778,1.438781301,-0.842509262,2.374902953,48bfa836003c0000e1b6109d1074f0011e5cd0008c6c040200000000ffffffffad2749785555477b,5b69832ee91d5b4cf73d5137864fad54a0889b4d034c40011c084000ab1918160a030000ffffffff
1489,7259,53481,1.258496610,1.618345752,2.726898734,0.301150124,1.510286825,-0.940309143,3.791649066,84bf373b624e24d1160eb8ff1034000000000000ff00000000000000ffffffff1a26fc79095b6779,655e9233951cf76deb3df636554e0855dd107951034c40011c089000dc0c090704020000ffffffff
1490,7260,53482,1.260113814,1.619008352,2.759115165,-0.080779643,0.988048024,-0.835030448,3.887671396,aebf433bd24e0dd2c95559ff1034000000000000ff00000000000000ffffffff112b3e67562ad983,a637a00e031e1829543d7f3783c4d85435982856020c400000000000e519010000000000fffffeff
1491,7261,53483,1.246175052,1.616413171,2.607237703,-0.241652974,1.157010884,-0.846536316,3.788566704,44be143bc24c2449869a15fe0d40400000000000a94c090000000000ffffffff5b26547ad159ef79,5427941adb1d4819253d76373ecbcb54bd08545a020cb000044400007e7d030000000000ffffffff
1492,7262,53484,1.259844280,1.618787485,2.755375758,-0.289591532,1.077278084,-0.722848232,3.846040287,a7bf3f3bc54ee4d1eb1509ff1034000000000000ff00000000000000ffffffff5022f77710586770,7722f014891f582e243dcf3739cc8d543f5d824e020c40000b000000866c0b0200000000ffffffff
1493,7263,53485,1.259536241,1.615971438,2.817219800,-0.153938889,0.992410137,-0.844810436,3.974569925,9fbf0c3b9c4f8fd1444744f61034000000000000ff00000000000000ffffffff1c2a4878045cf76a,3a30ef0ee11d6020453d953753c8e9548a34b652020c40000b000000e01e010000000000fffffeff
1494,7264,53486,1.259767270,1.621769183,2.685189961,-0.207152614,0.988931490,-0.744421735,3.783460569,a5bf753bd14d1ad2f4680df71034000000000000fd02000000000000ffffffffe826de78c4570f7a,d42ab00e3e1fda3e3a3dd437f1c9a0540961424c020c40000b000000ce28090000000000fffffeff
1495,7265,53487,1.259151192,1.618566619,2.741856362,-0.125175754,1.052982771,-0.849700430,3.890440383,95bf3b3b964e87d1d33559ff1034000000000000ff00000000000000ffffffff1a263259cc6c90e8,25333813d01da818473d6d3710c7dd547460975b020c40000b000000cf30000000000000fffffeff
1496,7266,53488,1.257649503,1.554680988,2.704749937,-0.168147184,1.097156067,-0.848262197,3.855660834,6ebfb636154eccd2f386a2a01074f0011e3400008a70040000000000ffffffff13256652626960f7,c92e5816d51d38133a3d6a37cac8cf54acc8e658020c40000b000000b946000000000000ffffffff
1497,7267,53489,1.254684628,1.553963172,1.373233327,-0.164643242,0.952046788,-0.766858178,2.637572101,21bfa936003c00004102f4961074e0011f5cd000866a0b0301000000ffffffffeb2b2062146c476b,242f140cf01ed03c453dd43797c8ac544079e347020c40000b000000e317050000000000fffffeff
1498,7268,53490,1.232082271,1.627014762,2.615867104,-0.212851334,1.119463582,-0.857179245,3.795720257,d6bcd43be04cedd267cdd4331074f0010d0000009766010000000000ffffffff3a1831050f54075d,402aec17b61d7813303d763722cad254dc8cf555020cb000040000009569010000000000ffffffff
1499,7269,53491,1.222571570,1.560092217,2.942921411,-0.093293725,0.843270044,-2.095210675,5.256244897,dfbb183751515c4db70351ef2eb0000000000000fe01000000000000ffffffff72185f05b755af62,61366204e60c3f3b4c3d23326ec5ae581dce4501051870000a000000953b300000000000fffff6ff
1500,7270,53492,1.223226152,1.561030900,2.939469651,-0.267181700,1.008146874,-2.123400052,5.306566304,f0bb29374551e94ca04f71b12eb0000000000000fb04000000000000ffffffffc31cb4036055334e,bd240c10840c4a401f3d0d32c7cbad581152610e05187000082800009149220200000000fffffaff
1501,7271,53493,1.220684831,1.565337796,2.906390279,-0.062297308,0.921511996,-0.800800490,3.975401643,aebb7737d250254d2dba5fe32eb0000000000000fc03000000000000ffffffffcf1987029755e8cc,8639eb097a1e8e34593db437f0c2cb54c2b0f946020c400000000000f708010000000000fffffeff
1502,7272,53494,1.215679198,1.566055612,2.929977309,-0.102804427,0.861105013,-2.065583064,5.214496894,2cbb84372451124da49ee6c12eb0000000000000fb04000000000000ffffffff3d1c8e03e7539b56,6a35a5054d0d87654b3d4f32fcc59f58455f9610051870000a0000009339320000000000fffff6ff
1503,7273,53495,1.220569316,1.563184348,2.911567920,-0.264563369,1.107426359,-0.787281095,4.011834801,abbb5037e450894d5976ffdf2eb0000000000000fd02000000000000ffffffff591c83025f558014,01251217a91ee028263d9d37d2cbb7541999b250020cb000040000007e7b030300000000ffffffff
1504,7274,53496,1.070284824,1.568374710,2.911280273,-0.126061366,0.964249661,-0.820648113,3.965286971,6cacae37e3502b4d98d0acc92eb0000000000000fc03000000000000ffffffffcb17bf02a25520d0,0e33f10c351e6c214c3da3370bc7d754cfb4254d020c400000000000ea14010000000000fffffdff
1505,7275,53497,1.034667823,1.558214852,2.945797878,-0.109927827,0.927364958,-0.774049346,3.942757178,cfa8f6365b51014da1cec1cb2eb0a00227000000fb04000000000000ffffffffa7193f066e534778,b134550ad71ed939503dcf3717c6b3549cc984430200000000000000ff00000000000000fffffeff
1506,7276,53498,1.222109511,1.561693499,2.930552603,-0.239612216,0.973746920,-2.092046561,5.263916217,d3bb35372651864d59b277fe2eb0000000000000fe01000000000000ffffffff663bde6ad34b077c,89279d0df10c7340293d3032facaa258473e601805187000082800009840260000000000fffff8ff
1507,7277,53499,1.239167167,1.625634346,2.071064240,0.249322574,1.156182635,-0.879040394,3.146950044,8ebdbb3b7a45a1cd5295ca3d1034d00100000000dc23000000000000ffffffffb9170104cd5584ba,2359851a6a1d976aa63d71373e4bcb54d3047b57020c400009000000827d000000000000ffffffff
1508,7278,53500,1.047297419,1.558711802,2.946085525,0.271000813,1.207810176,-0.879615688,3.919407881,17aaff365c51eb4cbd12e0e32eb0000000000000fb04000000000000ffffffffe0196f0638553777,565b2c1e681d8770b13d6737164cc054ed6c5a590308400009704001a559010000000000ffffffff
1509,7279,53501,1.222687084,1.563349998,2.927100842,0.238964765,1.060657881,-0.814895179,3.901659030,e2bb53371a51094d18cee7ff2eb0a00227980000fb04000000000000ffffffff5225df5bfb6cd8e5,1658c313491e5b5a9b3d9b37a94ac15413b95c4f020c400000000000ba45010000000000ffffffff
1510,7280,53502,1.258458105,1.557331386,2.722008739,0.107932705,0.924438477,-0.800512843,3.759311164,83bfe636514ef0d2efdad2a61074f0010d7800008f6c030000000000ffffffffcd1b430551558b55,cb4a200a7b1ee82f7b3db837f945ca54a7695c45020c400000000000ed10020000000000fffffdff
1511,7281,53503,1.221724462,1.565006497,2.910704980,0.216554933,0.984348511,-0.753051136,3.843258820,c9bb7137e150194db6518ef22eb0a00227000000fb04000000000000ffffffff930a5d02115c7f79,d0555d0e201fde44913dd137f149a05428195d4a020c400000000000e21a030000000000fffffeff
1512,7282,53504,1.052765110,1.515642837,3.056254214,0.306348281,1.072805538,-0.748736436,3.902716592,a5aaf333db52e149415588d130ac900226000000fd02000000000000ffffffffac17e5035e545046,ec5e9f142f1fdb55a73dca37394c8d546105fd4b020c400000000000b04d030000000000ffffffff
1513,7283,53505,1.222725589,1.557828336,2.947811405,0.342850894,1.117365351,-0.762831124,3.838887222,e3bbef3662514e4dfd0f20e32eb0000000000000fd02000000000000ffffffffb9170104cd557547,a062c617fe1e6f58b13dc337d14c8a547d512d4d020c4000000000008972040000000000ffffffff
1514,7284,53506,1.223418677,1.558159636,2.946085525,0.430950027,1.343532630,-0.798499316,3.833534524,f5bbf5365c51eb4cf813e0e32eb0000000000000fb04000000000000ffffffff6d1bfa04a153c358,906bc627821e0b59e53d9237264f8154d3047e58030840001c4c4001bf2a070505040000ffffffff
1515,7285,53507,1.221416424,1.562853048,2.916170267,-0.416734600,1.269928874,-0.738093508,4.015343956,c1bb4a37f4508e4df9813eef2eb0000000000000fe01000000000000ffffffffd91c3e0262569c36,91159122541f302bfa3cb23750ce7e5423edd152032c20000444e0009a3d1d0901000000ffffffff
1516,7286,53508,1.074173816,1.568650794,2.906390279,-0.354164193,1.245467911,-0.791020502,3.976863478,d1acb337d250eb4c0668acdb2eb0a00227000000f906000000000000ffffffff212e3964e7661771,ea1bd6209c1e701f063d8e3776cda554e5d89257032c20000444e000a630260200000000ffffffff
1517,7287,53509,1.232890874,1.625468696,2.588828314,-0.397636186,1.382515564,-0.814607532,3.781668980,ebbcb83b824c4cd266b9973b1074d0001f000000b549010000000000ffffffff492ba361bf17e993,8117882a4a1e481fe53c5e378ccea65420adc34f032c10010238400084511b0a05010000ffffffff
1518,7288,53510,1.242324566,1.618014453,2.595156541,-0.135302534,0.958617565,-1.958578488,4.803036894,e0bd313b984c0c4f1d7302f60434000103380000827c010000000000ffffffffc1350264081f7985,1e328b0cc10e014d3f3df232e1c76a58c2e6520b051c60000a0c80007a552d0300000000fffff6ff
1519,7289,53511,1.244403829,1.623260032,2.301469253,-0.164527727,1.011846388,-1.925211470,4.497081799,16be903b9b48004d35dd6afc0d10000103000000ae49080000000000ffffffff15202c4bc02ec8f6,272f4f10350f2c47353d3433cbc85958a00eb20c071460000a0c80006c64280600000000fffff7ff
1520,7290,53512,1.240514837,1.581571483,1.754365215,-0.322590202,1.094340020,-2.060117776,4.151020640,b1bd9d382d41903cbedef38c0d90e0011010000063543f0602000000ffffffff34238348192db8fa,1e1f2516600dc8460d3d6a32b2cc8e584012b502051c6000082800007d41360b00000000fffffcff
1521,7291,53513,1.239629225,1.579197168,2.099253617,-0.249392452,1.047516325,-1.977850818,4.372945306,9abd7238dc456a448fd2c48c0d90e00110100000784c310703000000ffffffff0e2dbe621319c0d5,8b26d5127e0e4b50203de43243cb6d589736b406051c60000a203000715c2f0201000000fffff9ff
1522,7292,53514,1.224342793,1.484058930,2.569555984,-0.200953330,1.018251516,-1.970947297,4.781695895,0dbcb7313f4ca04e8864a4f50d100001033800008678010000000000ffffffff40362f64511c8181,752bc310960e6f542c3df032dac96c58d94e730c051c60000a203000725d2d0300000000fffff8ff
1523,7293,53515,1.243903265,1.623701765,2.257746953,-0.248160296,1.074020303,-1.951962614,4.500006447,09be983b0348a44d9b7529ff0d100001030000009c5f040000000000ffffffffac2bb05f576d1f6c,ab26b514d80edf651e3d0e333acb5f5861130712051c60000a2030006a652c0301000000fffffaff
1524,7294,53516,1.231697223,1.627732578,2.602347709,0.239041775,0.968556557,-0.679125933,3.491124049,ccbce13bb14cf4d217a515311074f0010d0000008b71020000000000ffffffffe0339a66ba637f78,18583f0d21201840933d0438504a655443755c47020c400000000000dc1c070000000000ffffffff
1525,7295,53517,1.234238544,1.626462596,2.434074385,0.212588932,1.234645453,-0.891409203,3.500875561,0ebdca3b684af1d1a77d073c1074d0001f000000c935020000000000ffffffff0b28c75ba66d4f60,695512203f1dd774a93d3737424ab854e170f85e03084000090000009f5f000000000000ffffffff
1526,7296,53518,1.230503572,1.628395177,2.665917631,0.309467175,1.293892888,-0.875876281,3.674847472,adbced3b8e4df9d2b78c93281074f0010d7800008773040000000000ffffffff2719035d602d5194,3d5f4324751dbf71c53d5d37094db754ec248b60030840001c509000c834020100000000ffffffff
1527,7297,53519,1.244057285,1.601559900,2.875036788,0.000003566,0.888823757,-0.721122352,3.871436817,0dbe073a6550154b3b3772f40d4040001e000000cd2f030000000000ffffffff1d232647852b80fb,d83f9b078f1ff23a663d043800008f54e6fc57450200000000000000ff00000000000000fffffeff
1528,7298,53520,1.239051652,1.579197168,2.447306134,0.418705480,1.305819678,-0.794759909,3.355397938,8bbd7238964ae8498b16058d0d90e001101000008b3f260906000000ffffffff931ca253543628e3,526a1b258f1e4759db3da137be4e7e54fe242e57030840001c4c4001ba3b070201010000ffffffff
1529,7299,53521,1.243633731,1.586430545,1.373233327,0.304153503,1.450155925,-0.913270353,2.475740889,02bef538003c0000866f71920d78000124100000645e281500000000ffffffff581ca956583a50df,b35e512ff31cb772e03d1037dc4ded5421353a540308c001144c4000e20a070605010000ffffffff
1530,7300,53522,1.244942897,1.588031827,1.373233327,0.170233579,0.932113587,-0.698973555,2.424720648,24be1239003c00009e4f51951e40d000245c00005553520400000000ffffffff72138a57922bd8e6,1d51ab0adc1fc03c853d03387a4874546b652b44020c400000000000f009060000000000fffffeff
1531,7301,53523,1.242671110,1.596148671,2.924512022,0.335111416,1.374950887,-0.864658059,3.902614887,e9bda53911512f4c5cc3818c0d4040001e900000e611070201000000ffffffff3c12ea55a7242db0,d761ff299c1d6f69d93d4c37d54db354c5908b5a03702000144c4000c718160702020000ffffffff
1532,7302,53524,1.241015400,1.597253003,2.934579656,0.305308649,1.411835590,-0.896874490,3.948413304,bebdb93934519b4d65c3b1b10d1000011e000000c139050000000000ffffffff88131a58f12861a6,d15e9b2c2c1daf6dd93d2237874dd954dfec89540308c001144c4000df10080503010000ffffffff
1533,7303,53525,1.242440080,1.597529086,2.923073788,0.062304439,0.921511996,-0.800800490,3.964461991,e3bdbe390c51a34c8dd700e70d1000011e900000e20f0d0100000000ffffffff3b141a5a1f2b3987,2a46eb097a1e8349733db237f042cb54c3480647020c400000000000f707010000000000fffffeff
1534,7304,53526,1.243056158,1.598191686,2.917320854,0.000003566,0.984182861,-0.809717538,3.976556520,f3bdca39f8501e4cbf5244f80d4040001e900000e713050100000000ffffffff5b12bf536e214193,d83f5a0e5b1e7b3f663d87370000b7543cfce750020c400000000000eb13010000000000fffffeff
1535,7305,53527,1.240399323,1.597197787,2.936017890,0.172620881,1.096272601,-0.864082766,3.978924708,aebdb8393951664eb3a6f2f30d1000011e000000aa52030000000000ffffffffd3104e540a2498bc,5b5148169e1d4f6c923d6737ca48cf54a95c6855020c400000000000ba45000000000000ffffffff
1536,7306,53528,1.240399323,1.596259104,2.947236112,0.127454673,0.964028794,-0.821798700,3.980450272,aebda7396051d84d4ef763b50d1000011e900000b645040000000000ffffffff40153d554f21818e,c64ced0c311ee35e803d9f370b47d754cff0594c020c400000000000ec12010000000000fffffdff
1537,7307,53529,1.240784371,1.599130368,2.910704980,0.156102293,0.992023621,-0.848262197,3.959160018,b8bddb39e150554ecd1ea3f50d1000011e000000af4d030000000000ffffffffd6138258402ea8f5,ae4fe80ed51da760873d92375348e954935c2951020c400000000000e619000000000000fffffeff
1538,7308,53530,1.243171673,1.596093454,2.919909674,0.393600307,1.409626925,-0.841646322,3.860808826,f6bda4390151514b1327d48a0d40e00104900000e317020201000000ffffffff0d11ad5a432e3805,c667732cec1d2760ec3d5937094fa954b244fc5603702000144c4000be130f0f0c030000ffffffff
1539,7309,53531,1.256879405,1.543692881,2.943209058,0.364721658,1.292457256,-0.840495736,3.895572711,5abfef355251ee4a40d5d4fb0d4040001e900000eb13010000000000ffffffffa6210d5a4754c2c9,d8642924f01d2768cf3d8037e34da054efac0c5b030840001c503001c237030201000000ffffffff
1540,7310,53532,1.251565734,1.580191067,1.373233327,0.263338345,1.027859208,-0.742120562,2.399246950,d0be8438003c00005a0f22ce1078d0001d5c0000b644040100000000ffffffff2122295b7d5048cd,8f5a7111461fc74c9c3dcf37364b935423f58c4b020c400000000000bf3d030000000000ffffffff
1541,7311,53533,1.250795636,1.582454949,1.373233327,0.309582689,1.148673175,-0.829852807,2.434673891,bcbead38003c0000751b91d11078d0001d5c0000ba40050000000000ffffffff7a22ad5b3b4aa0e4,405ffd19151e3f62b03d9337774cb3543769bc4f020c4000000000007f7e020000000000ffffffff
1542,7312,53534,1.249293947,1.585215780,1.373233327,0.081325843,0.987992808,-0.835605742,2.569006578,95bedf38003c000033f7318b1078d00017744002b443080000000000ffffffff04213356185e20c8,18489f0e011e6755783d7d378344d854342c5755020c400000000000e619000000000000fffffeff
1543,7313,53535,1.252759385,1.573344206,1.373233327,0.093762915,0.901247496,-0.692932974,2.462525125,efbe0838003c00003003a6c61078d0011734f0018e52170702000000ffffffffaf23f8515f62aec5,5b497c08f11fb83c773d0938be44715492cdaa420200000000000000ff00000000000000fffffeff
1544,7314,53536,1.252605365,1.565889962,1.373233327,0.461484386,1.940313869,-1.026890802,2.554733156,ebbe8137003c0000ac43e5ce1078d001177cd00065563e0500000000ffffffffb6224254ab6080ca,a96efe51681b60048b3fc2325f4e7055b2068972034c4001161090009f39140f03010000ffffffff
1545,7315,53537,1.252682375,1.569313393,1.373233327,0.503955253,1.972836459,-0.975114395,2.497630915,edbebf37003c000091a336cc1078d0011734f0017c56260601000000ffffffff9321e658cf5764cc,f8724b541c1c20fb793f8d327c4e5d555deeca75034c4001161090007c54161405000000ffffffff
1546,7316,53538,1.252104802,1.577761536,1.373233327,0.303537425,1.000140464,-0.651224202,2.309080868,debe5838003c0000089325c51078d0001d5c0000af48040301000000ffffffffdb1d27765359476d,a35e7b0f82207e44a03d0938074c5054764d6d49020c400000000000cb2c080000000000ffffffff
1547,7317,53539,1.259998299,1.612879307,2.868420914,0.457903434,1.419565917,-0.784404628,3.744844546,abbfd43a4e50b1d1649793f41034000000000000ff00000000000000ffffffffd618a3745b5db8ba,4c6e272db31e2752fa3d8037ea4f7d54f77cde55034cc00114084000a31c151311070000ffffffff
1548,7318,53540,1.261268960,1.610063259,2.909842040,0.000003566,0.934984852,-0.760242304,3.939040536,ccbfa13ade503dd2fd5370e21034000000000000ff00000000000000ffffffff7b247d4e6d64c4c6,d83fdf0a071f153e663dbc370000a5548600684a0200000000000000ff00000000000000fffffeff
1549,7319,53541,1.252451346,1.560533950,1.373233327,0.277354116,1.342373081,-0.885943915,2.470281479,e7be2037003c00008ab384cc1d40e001177cd0005752510301000000ffffffff7f0f4f4d7f1ec6ba,fb5bb127521d9773c63d3737af4cc354ef1cea5d0308c00104503001d824010100000000ffffffff
1550,7320,53542,1.256070803,1.546067196,2.971398435,0.295990472,1.364956679,-0.880766275,3.974132385,45bf1a36b4517a4f8b5c81ea0d1000011e44e0008678020000000000fffffffffa250e4ddb6550dd,df5d4a29641d876dce3d39371e4dc254bf441a5b0308c00114103001da1d050201010000ffffffff
1551,7321,53543,1.252374336,1.557276170,1.373233327,0.489939482,1.405209596,-0.703575903,2.217558957,e5bee536003c00000c86e3861d40e001177cd00066573e0201000000ffffffffad2c4175c66405a8,8c71232ccc1f7d4ff73dc637da4f38541d6d4f5b03083001047040019b231b1807060000ffffffff
1552,7322,53544,1.235201166,1.610339342,2.627372973,0.182054573,1.198533783,-0.886519209,3.691360159,27bda63a084d33d3764cbf261034d00100000000fd02000000000000ffffffff8f2c2577f060535b,5052841d501d4f6e9f3d38373b49bb54a660185b0308400009000000817d000000000000ffffffff
1553,7323,53545,1.260460358,1.625082180,2.633988847,0.460829803,1.264793729,-0.686892394,3.434744387,b7bfb13b1f4dc2d298bc2eb11034d00100000000fc03000000000000ffffffff1f25b971db6ad5ae,986e34220620cf4fd73df037ba4e305471f5ae5403084000137040018665130100000000ffffffff
1554,7324,53546,1.233391437,1.609290227,2.751636350,0.440499234,1.215761369,-0.675098879,3.539217051,f8bc933ab84ee2d3a1649a0c1034d00100000000ff00000000000000ffffffff4c24a06fd9441185,886cbc1e2f20614fcc3dfb373a4e31548cb1ee51030840001350c0017f6e120000000000ffffffff
1555,7325,53547,1.253144433,1.611719758,2.766593979,0.303999484,1.689133460,-1.020274928,3.904772098,f9bebf3aec4e6eccc602e5fb1034000000000000dd22000000000000ffffffff7f1c0f6bd847119e,af5e39407f1b2f62f63d7e364e4e475548a2b601034c400109706001dd14060502010000ffffffff
1556,7326,53548,1.253028919,1.605038547,2.869859147,0.306194261,1.558325285,-0.966484994,3.951735614,f6be463a5350accc6c8391f21034000000000000e01f000000000000ffffffffe91e796acf486da2,e85ef8363a1cbb59f53ddb36d14e215563f8d750034c40011c242000d2130c0903020000ffffffff
1557,7327,53549,1.253413967,1.605093763,2.851162111,0.345315205,1.479365517,-0.905791538,3.867189118,00bf473a1250f1cca03791b01034000000000000e01f000000000000ffffffff8c1e4a6c024b95b5,e06262310d1d2b4ff53d1937384feb548bece94c035030011c084000b01b181605010000ffffffff
1558,7328,53550,1.254492104,1.605866796,2.855476812,0.319016381,1.682673116,-1.034081970,4.001210011,1cbf553a2150e3cdc76bc0e01034000000000000e718000000000000ffffffff701ff36af946d195,3560c43f4f1b933ffc3d8236b84e555508bcc25b034c400109706001d519080503010000ffffffff
1559,7329,53551,1.252990414,1.606308529,2.845409177,-0.072539602,1.015214602,-1.636701822,4.711235599,f5be5d3afe4f76cc562342ef1034000000000000dd22000000000000ffffffff951f546ca24861a4,7c388c102013ab394e3d65343ac4bc57c63d914f07283000051820006050440a02000000fffffaff
1560,7330,53552,1.253799016,1.606971128,2.846272117,-0.104729670,1.046246343,-1.681287062,4.760126532,0abf693a01502dcda95331e71034000000000000e21d000000000000ffffffff5d1ead71625275a4,3835be1285121e37453d47341ac6dd57f4d1e3440728500003188000754e1e1707000000fffffaff
1561,7331,53553,1.257610998,1.609345443,2.858353279,-0.058138782,0.980152048,-1.787141051,4.869055286,6dbf943a2b5072d0bccfa0ec1034000000000000fe01000000000000ffffffff381c906edd4a01a6,f239110e1511eb43523de233c6c2225899e202090714a000060c800084392b1007000000fffff7ff
1562,7332,53554,1.254646123,1.607468078,2.873886201,-0.167608116,1.103119462,-1.682725296,4.799987810,20bf723a615029ceabf7e0ae1034000000000000ea15000000000000ffffffffcc29ee7542696da5,d72ec4168012e432313d4834e3c8d457b4a5e4430728500003188000715a1d1007000000fffffbff
1563,7333,53555,1.234623593,1.608075461,2.678286440,-0.113354760,1.060878747,-1.700559392,4.614191229,18bd7d3ab94de1d371b83e241034d00100000000ff00000000000000ffffffff8e2d4462db17b987,5834c713421231393f3d3c349ac6eb570fa2d14c0728500003188000784e211008000000fffffaff
1564,7334,53556,1.242517090,1.619339652,2.559775996,-0.126099871,0.868945773,-2.084855393,4.899877968,e5bd493b1d4cf14e0c76c6fd0d100001033800007f7f010000000000ffffffff751c20722c511da1,0d3333060a0de845463d303257c7a7580ffef010051870000a000000953b2f0000000000fffff6ff
1565,7335,53557,1.257225949,1.609400660,2.874461495,-0.129526804,0.940561730,-1.981302578,5.094003675,63bf953a63504ad0b30771ef1034000000000000fd02000000000000ffffffffaa1f2f729a50019b,b432440b720e3f63413dd3328bc7765865b3b611051c60000a0c8000814d300200000000fffff6ff
1566,7336,53558,1.257110434,1.610560209,2.847997997,-0.329482573,1.115377552,-2.036818393,5.159836664,60bfaa3a075030d092fb21ed1034000000000000fd02000000000000ffffffff5422c46d9846798e,6b1ea217b10da76a0a3d9132cccc8258266bd514051c60000828c0007947320c00000000fffffcff
1567,7337,53559,1.253490977,1.609731959,2.800248644,-0.272148828,1.063805228,-1.989931980,5.056821454,02bf9b3a614fc1cc3a8ba3f11034000000000000de21000000000000ffffffff58124b63b05320e4,3c24fc13540e3f461a3dd032edcb71585d8e010e051c600008283000725a300201000000fffffaff
1568,7338,53560,1.254992667,1.590185276,2.950975519,-0.071615485,0.935647451,-1.876311530,5.048862169,29bf39396d51f5ceb45ea4c31034e0011d000000f807000000000000ffffffff9f104764985259a0,9438eb0adf0fc760503d57332cc449586167c31a071460000a0c00007062230901000000fffff6ff
1569,7339,53561,1.255146686,1.592117857,2.968234321,-0.148163159,1.001631313,-1.903637967,5.104223004,2dbf5c39a951cfce811711ec1034e00100000000f807000000000000ffffffff8711735a3c305002,d030960f800f994b3a3d4a3351c85058d54aa407071460000a0c80007060260900000000fffff7ff
1570,7340,53562,1.256455852,1.543803314,2.939182004,-0.128795211,0.985618493,-1.900473853,5.064855340,4fbff13544513a4a2522aaa90d40e00104900000e816010000000000ffffffff3a148759e62ea8f3,c732740e8b0f494c3f3d4a3381c75058d65ec20d071460000a0c80006d61250c00000000fffff6ff
1571,7341,53563,1.256455852,1.539441201,2.916457914,-0.435139926,1.334256238,-1.949949087,5.156114258,4fbfa235f550f04a263d74a10d40e00104900000e11a020100000000ffffffff5e149c5a762dd8fc,b3131e27df0e16b8073e783637ce5758e7815055081470000c18a000be1c110b08010000ffffffff
1572,7342,53564,1.257033425,1.539993367,2.915307327,-0.083205450,0.933052270,-1.898747973,5.033859967,5ebfac35f150564b618565fe0d4040001e000000e518020100000000ffffffff5e149c5a762d1988,6737bc0a910fd4424d3d3a33d9c453586966a10e071460000a0c00006a68260700000000fffff6ff
1573,7343,53565,1.243441207,1.597970819,2.915307327,-0.052671091,0.918419865,-1.887529752,5.020850585,fdbdc639f150564b8c8665fe0d4040001e000000e518020100000000ffffffff88131a58f1284829,803ab309b80faf3e563d473322c25058a8964602071460000a0c00006d67230700000000fffff6ff
1574,7344,53566,1.258111561,1.543968964,2.923073788,-0.272264342,1.083904078,-1.972097884,5.149409267,7abff4350c51a34c3fd400e70d1000011e900000e20f0d0100000000ffffffff9210f9597f2d8829,39246815920e2b51183dec32eecb6858bda6401a051c6000082830006d602e0202000000fffffbff
1575,7345,53567,1.257033425,1.544465914,2.946660818,-0.302760196,1.123880912,-1.987630806,5.192020966,5ebffd355e51504b4318f1e40d4040001e900000eb12010100000000ffffffff4710af512b226dc3,21213c185c0e07500d3de43268cc6c589af6e10e051c6000082830006f582e0802000000fffffcff
1576,7346,53568,1.239937264,1.595651721,2.955577866,0.534836156,2.024243133,-0.784979921,3.830487009,a2bd9c397d516b4e6a86a3b90d1000011e000000a458030000000000ffffffff6012c3534323ecbe,1a76ee57b11edfc66b3ffe30b44fbd543abe9f67034c40001458d0007e49271002000000ffffffff
1577,7347,53569,1.240591847,1.596314321,2.936017890,0.549853054,1.977861171,-0.733491160,3.753397761,b3bda8393951084e5813b4b40d1000011e900000b249040000000000ffffffffec0bdb4c122268c8,a077a654641f25c66e3f84300e507a543e267d38130c400014585001813e2e1101000000ffffffff
1578,7348,53570,1.255108181,1.543582448,3.000738399,0.396103123,1.915466390,-1.040122551,4.147860240,2cbfed351a52c64e1c44329c0d1000011e0000008f6e020000000000ffffffff7311b7520c21f1a0,07683c503a1b38069c3ffd32f44d7155a18ed66a034c400116109000c7220c0702010000ffffffff
1579,7349,53571,1.240129788,1.596811270,2.944647291,0.319016381,1.682673116,-1.034081970,4.084863363,a7bdb13957518f4ef72a01ee0d1000011e000000a557030000000000ffffffffe90ffe4da820ef6e,3560c43f4f1b7812d03fec32b84e5555ddbec25b034c400109706001d519080503010000ffffffff
1580,7350,53572,1.254184065,1.545735896,2.965645501,-0.435139926,1.334256238,-1.949949087,5.202077407,14bf1436a051f84ecd1cc49b0d1000011e0000008d70020000000000ffffffffc50fc14fe32108f7,b3131e27df0e643adc3c0e3337ce5758e3815055081470000c18a000be1c110b08010000ffffffff
1581,7351,53573,1.239629225,1.594768255,2.963056681,0.500143272,1.478205968,-0.738668801,3.776664902,9abd8c399751984ed72e34910d1000011e9000009b61030000000000ffffffff5d1013519920d198,95724d31521fba320c3e903752505e5459899e4d034cc001141020006a392b1e0a0a0000ffffffff
1582,7352,53574,1.239783245,1.596259104,2.956153160,0.543884800,2.023028367,-0.731189987,3.776626289,9ebda7397f51cb4e92e691ee0d1000011e0000009d5f030000000000ffffffffe90ffe4da820c0f4,0577d8576c1fd7c4663f9b30914f85540ddeff64034c40001458d00064493f1101000000ffffffff
1583,7353,53575,1.239321186,1.594436955,2.965645501,0.359253967,1.499353934,-0.919310933,3.984525767,92bd8639a051f84ecb1ec49b0d1000011e0000008d70020000000000ffffffffc417054c2e0c5fbd,4a64cc32de1cd445003e0a37e44ffc5477c8f84b035030011c089000882b292002010000ffffffff
1584,7354,53576,1.236664350,1.603216398,2.894596764,-0.113239245,1.036859517,-1.808714554,4.925864106,4dbd253aa950b251650b90a20444e0000d0c0000e10d0c0500000000ffffffff8c1a2a433b0521af,5b341412ca10ad453f3dde3399c6255892f2b10c0714a000060c80007e382e1704000000fffff8ff
1585,7355,53577,1.224766347,1.506587312,2.920197321,-0.305725071,1.189643907,-1.775635182,4.949111031,18bc4f330251d852eda7a0e70438100103340000993b1a1100000000ffffffffac0d1b4bc21ee198,d420e31c3d11af600b3d133476cc0b580ae3931107285000062030007f3d231408040000fffffeff
1586,7356,53578,1.255300706,1.547392394,2.991533705,-0.107425011,0.924493694,-0.800225196,4.077065088,31bf3236fa518e4f6cb8f1cc0d1000011e4400008578020000000000ffffffffac1a2b433007a4da,f234210a7c1e3643513dba37f9c5ca54f17d9305020c400000000000ec11020000000000fffffdff
1587,7357,53579,1.225305415,1.504433863,2.918183794,-0.221206890,1.052761904,-2.345750957,5.477719824,26bc2833fb509152c503339c0444e00003340000c817120d01000000ffffffff7711f74aad1e7989,672934137f093c241f3dae3070ca0a594d05c15d05188000070000008e6d030100000000fffffdff
1588,7358,53580,1.254646123,1.551588858,2.959604920,-0.211850208,1.033215220,-2.321876280,5.505757567,20bf7e368b519e4f32958789043400011e4440027f7f010000000000ffffffffed1879424d0638d5,5a2ad211d209a74a223dd4302bca01592c2a230705187000080000009467020200000000fffffdff
1589,7359,53581,1.224920366,1.504378647,2.939182004,-0.213005354,0.990422339,-2.276428100,5.434553360,1cbc27334451b552ce8f6097043810010334b0009744150e00000000ffffffff041dda425006e0f2,3c2acb0e700a502b283d253133caf058771df24e05187000080000009b5d060100000000fffffcff
1590,7360,53582,1.234007515,1.596535187,2.898336171,-0.206382517,1.043485512,-2.358695059,5.478774018,08bdac39b650ae52b3ce3386043810010334b000b129150f01000000ffffffff7e1b7543d607d017,e82a8c1252090026223d993002ca10594115225305188000070000008f6d020100000000fffffdff
1591,7361,53583,1.225651959,1.504212997,2.907828513,0.127377663,1.052596254,-0.856316304,3.947017902,2fbc2433d75080528deb218c0444e00003340000cd15100b01000000ffffffffa41d03423f0488f9,c44c3113b91daf63863d6a371047dd546100e858020c400000000000d02f000000000000fffffeff
1592,7362,53584,1.224920366,1.491789257,2.902075579,0.090759535,0.954145019,-0.822949286,3.930800473,1cbc4332c350f452b6fa6482043810010334b000913b1b1700000000ffffffffa918a446360718c9,0d493a0c2d1eff53793d97370b45d9541c80065b020c400000000000e816010000000000fffffdff
1593,7363,53585,1.225074386,1.519287134,2.915882620,0.086023437,0.919745064,-0.818346939,3.949855461,20bc3534f3506f52fabb339e0438100103340000bd221a0601000000ffffffff121a724415074003,9248cb093d1e275c783dad37cc44da54cba08546020c400000000000eb12010000000000fffffdff
1594,7364,53586,1.224997376,1.517078470,2.915594974,0.378583409,1.331937140,-0.844810436,3.858930261,1ebc0d34f25094529dce268c0438100103340000bf1c190b01000000ffffffffa41d03423f04e8f5,4066f426e11d0766d93d73374d4ea354bd587c5b0308c00104503001c828070303010000ffffffff
1595,7365,53587,1.233468447,1.596811270,2.902075579,0.000003566,0.858951565,-0.699836495,3.878097877,fabcb139c350f452a7fa6482043810010334b000913b1b1700000000ffffffff4a1b3e447a06bcde,d83f7e05d91f2541663d0c380000a054cdfc67460200000000000000ff00000000000000fffffeff
1596,7366,53588,1.234469573,1.599516885,2.906965573,0.231494821,1.283567380,-0.887957442,3.937921169,14bde239d450a952b03211930438100103340000bd1c190d01000000ffffffffdb1ae0455b06c5a1,545788234b1db775b43d32374b4bb754fd68295d0308400009704001b648010000000000ffffffff
1597,7367,53589,1.234662097,1.602443366,2.901500285,0.382164362,1.105272911,-0.656114196,3.691957698,19bd173ac150b1523f53f1e20438100103340000a03e180800000000ffffffff06194f49f10909b7,9d66eb167120f74db63d0638384d3f54a1456e4e020c4000000000009c570b0000000000ffffffff
1598,7368,53590,1.235894253,1.602553799,2.897473231,0.103312122,1.119297932,-0.865233352,3.959070516,39bd193ab35012527d77e0dc043810010d0cf000c129110201000000ffffffff7e1b7543d60738e2,534ae9179a1d276e863d3d37cd45d054c7e87854020c400000000000ba45000000000000ffffffff
1599,7369,53591,1.234546583,1.597473870,2.907828513,0.413545828,1.162974280,-0.665031244,3.691633646,16bdbd39d7508052dcea218c0444e00003340000cd15100b01000000ffffffff201a8f47b60727ba,cc69001b5220774ec13d0238bf4d375499916e50020c400013000000816e0f0000000000ffffffff
1600,7370,53592,1.235162661,1.601725549,2.899486758,0.371652533,1.165293378,-0.774912286,3.799648815,26bd0a3aba5066526413d0df0438100103340000c21f180501000000ffffffff0f194249c006d6cb,8c652a1bd41ea358bc3dbd37584d845484f98d5003084000137000008477040000000000ffffffff
1601,7371,53593,1.235316680,1.604375947,2.898623818,0.418589965,1.447174227,-0.849412783,3.839209980,2abd3a3ab7507b523c432098043810010334f0009c49180201000000ffffffff4a1b3e447a06a4df,4f6a1b2fd11d233ffc3d4837d84fb654cc205a47034c40011c0840009722201c08030000ffffffff
1602,7372,53594,1.225074386,1.512164190,2.906965573,0.326101277,1.581902783,-0.980004389,3.990181901,20bcb433d450a952a83311930438100103340000bd1c190d01000000ffffffffa71e8a56605e59c5,ed60a3380b1c534bff3dcf36774f29555590b74e034c40011c242000b621150e03010000ffffffff
1603,7373,53595,1.253144433,1.573565073,2.847422704,-0.290823688,1.174183254,-1.804112206,4.917328586,f9be0c38055022d03e1331d21078d0011734f001964a170602000000ffffffff0a1fe35bf24344d3,5722cb1bda10223d0f3dfa333dcc195829a28501072850000620300082332b1607020000fffffdff
1604,7374,53596,1.248177305,1.588639210,2.814630979,-0.076852147,0.983133745,-1.539764882,4.591634049,78be1d39934fd7c68a9bf09c1078d00017900000ae3c160000000000ffffffffc01ffd53746114c3,0c38470e71148c2f513db33481c46b573341664403287000050860007944410100000000fffffaff
1605,7375,53597,1.253182938,1.569092526,2.825273908,-0.189016822,1.120788781,-1.651084158,4.724266919,fabebb37b84f71d0197701d01078d0011734f001814e290601000000ffffffffd61ee34a6b2d30e5,ab2c0418ee12654a2b3d5f3488c9b6574f83140c07285000031880006c60171506000000fffffbff
1606,7376,53598,1.240283808,1.582620599,2.808302752,-0.173345341,1.121837897,-1.711489966,4.758066234,abbdb0387d4f124d2f8321910d90e001101000006c51380603000000ffffffff761d9159463ec0e0,422e17181c12ee372c3d39340dc9eb57e549634607285000031880007257210c09000000fffffcff
1607,7377,53599,1.246483091,1.589080943,2.837355069,-0.297985593,1.187048726,-1.709476440,4.818785136,4cbe2539e24f7fb78d57f1941078d000245c00008346350100000000fffffffff01fab556a625bc7,9d21b41c2312063d0e3d42345dcce0572506030707285000031880006d521f100c060000fffffdff
1608,7378,53600,1.253799016,1.568761227,2.818658033,-0.186013442,1.131942539,-1.589240116,4.657621343,0abfb537a14fc8d0b16eb0d51078d0011734f001933c2a0401000000ffffffff041e0a5775632dc6,f92cce18c513302f2b3d8b347ac98057c81d03480a1c3000051880005853490902000000fffffbff
1609,7379,53601,1.254453599,1.568595577,2.842532710,-0.080933663,0.860994580,-2.310658059,5.370226569,1bbfb237f44f1bd1a6ca50d21074e0011734f001a82d270201000000ffffffff3821b752736478d5,a237a305f909aa314b3df930b6c40b594a8184460518700000000000a44f0c0000000000fffffaff
1610,7380,53602,1.253529482,1.564123031,2.788455129,-0.129642318,0.899038831,-2.243061082,5.260385595,03bf6137384ff6d05cde00941074e001177cd0007c443b0301000000ffffffff543e1368c9410356,b1325408e40a00373f3d54318cc7ea58b28d33460518700008000000a34d0f0000000000fffff9ff
1611,7381,53603,1.250487597,1.628726477,1.464129687,-0.166645495,0.927199308,-2.267511053,4.052844578,b4bef33b3c3db4c54d800fea1034400000000000c23d000000000000fffffffff4377c6697602f77,f02e520a8f0ad026373d3731dac8f25814f5534c0518700008000000a5500a0000000000fffffaff
1612,7382,53604,1.235047146,1.627566928,1.373233327,-0.080356090,0.906493075,-2.378542682,4.040551496,23bdde3b003c00001d8d3a3b1074d0001f000000dc20020000000000ffffffff073161620d6b8f70,b137db080d095a3b483d9430aec42559487d714f0518700000000000a259040000000000fffffcff
1613,7383,53605,1.232852369,1.627953444,1.373233327,-0.091599511,0.857681582,-2.229829334,3.915297187,eabce53b003c0000358df7371074f0010d000000906d010100000000ffffffff5512f67e887f883f,8d366705120b0a38493d693155c5e758b175d2490518700000000000a04a150000000000fffff8ff
1614,7384,53606,1.262000552,1.488697126,2.994697818,-0.139807603,0.948844224,-2.311520999,5.514749804,dfbf0b3205529dd57560b3b01000000000000000ff00000000000000ffffffffa711bb7e587e014e,a931da0bf609202a383de83012c805594419734c0518700008000000a754040000000000fffffbff
1615,7385,53607,1.262077562,1.485439346,2.999300166,-0.046202274,0.828030257,-2.273263987,5.472085122,e1bfd031155288d5efa550aa1000000000000000ff00000000000000ffffffff8c3c46646e29c76e,283b4e037b0a7841543d2d3161c1fd589049024a0518700000000000a14a140000000000fffff9ff
1616,7386,53608,1.246329072,1.626849112,1.637580651,-0.318316162,1.985591498,5.008224772,3.733370140,48bed13b973f6c45ac70edf60d40400000000000ac39190000000000ffffffff5c1f1c54895d5f5b,8d1f32555d6dae315a31e335a3cc41dc2ddada7d1a6c900122000000c538010100000000ffffffff
1617,7387,53609,1.237203419,1.554184039,2.845409177,-0.288859940,1.970627794,5.114078761,2.765710841,5bbdad36fe4f82cf4945a1a51078d0011734f0017064181102000000ffffffff8422424f35605754,8a222354cd6e243207312d3635cc5bdc3766eb7c1a6c900122000000dc20030100000000ffffffff
1618,7388,53610,1.237858001,1.563073915,2.783565135,-0.488199632,2.036777306,5.312267342,3.098064672,6cbd4e37274fbdcf2b6d109c1e40d0011734f0017a3f380e01000000ffffffffbf2653334a373017,510ed1587e71382a583747271bcf8cdc4cf241f11a64b00122000000f009050000000000ffffffff
1619,7389,53611,1.253837521,1.508961626,2.717694039,-0.461631274,2.002377351,5.202961594,3.059876972,0bbf7a33424e5e4d77a48cce1e340001241030028f59110501000000ffffffffc621af46a22d20fa,031162560270303c5337541eb9ce71dcfc4521f11a6c900122000000f00c030000000000ffffffff
1620,7390,53612,1.246752625,1.478702918,2.761128692,-0.490163380,1.996855689,5.325211444,3.140044564,53be5631d94e834d5b05eae20d90e001101000006c54330904000000ffffffff9d29a537b25dc181,1e0efe55ab71f5423937ac2721cf8fdc75e6318c1a64b00122000000ef0b050000000000ffffffff
1621,7391,53613,1.246406082,1.580191067,2.670519979,-0.465135217,2.040145520,5.392520774,3.248110226,4abe84389e4db0ca59ced98d1e40d00123340000c62a070602000000ffffffff5c3d9269644c6daa,a8100e599572100e7c377329bbce9cdc0979fc971a64b00122000000e913030000000000ffffffff
1622,7392,53614,1.239128662,1.627290845,1.373233327,-0.377382627,1.990892294,5.619186380,4.557788069,8dbdd93b003c00001f683f2a1034d00100000000de21000000000000ffffffffa01dcd430b02ef44,8f199255a975b5b9c636ab3b7dcdd3dccbffc4ad1968b001220000009d61000000000000ffffffff
1623,7393,53615,1.233083398,1.601504683,2.614428871,-0.457357234,1.940589952,5.252436827,3.151452733,f0bc063adb4c554fee9324e80e1010010348b000705c1d1600000000ffffffff023040373e5ddf7f,72110352ae7036471b37a822a9ce7ddc70fe00921a6c900122000000ee0a070000000000ffffffff
1624,7394,53616,1.246021033,1.584774047,2.558050116,-0.353625125,1.976425539,5.614008739,3.471475454,40bed738174cddcaf39527861e40d0010d8c0000915f090501000000ffffffffaa24ae49f8616b50,f81b8c549775c18fb136af3b25cdcfdc23fb9b9a1968b001220000009e60010000000000ffffffff
1625,7395,53617,1.239013147,1.572847257,2.709639931,-0.353971668,2.000831286,5.592147589,3.321087375,8abdff37264ed7cf3d45009d1e740001177c30027c53280701010000ffffffff742d37356f5a9986,ef1b46564b753db7bb36b83b18cdcbdc669e3abd1968b00122000000916d010000000000ffffffff
1626,7396,53618,1.247561228,1.582620599,2.638878841,-0.389742689,1.964719615,5.601352284,3.406319520,68beb038304d80c8b2624b901e4030020d740000ba37080501000000ffffffff9b266944d9636f74,4e18b8536b7550dde236b33b89cdccdcd39961931968b001220000009866010000000000ffffffff
1627,7397,53619,1.240322313,1.576988503,2.671382919,-0.429556720,2.051464927,5.314568516,3.162286193,acbd4a38a14dd9cfa06d83991e740001237c70016a632e0201010000ffffffff5a1bfc57c8428a35,4414db5986714d388537d32643ce8cdcf1294bbd1a64b00122000000ef0a050000000000ffffffff
1628,7398,53620,1.239667730,1.517464986,2.868420914,-0.146353430,1.828224129,5.724177428,3.189509550,9bbd14344e5070c1442551b01e40d000179000008462180100000000ffffffff1a2f9738b05f2180,ff30104a1677c429a12dd63743c8eadcb61d883f1968b00100000000d726030000000000ffffffff
1629,7399,53621,1.245096916,1.584111447,2.562077170,-0.377190103,2.035672973,5.238342139,3.161979944,28becb38254c5ccc0366088b1e40d0010d8cf0018554230301000000ffffffff981d645a00448231,9419bd587d7086389e372b217ecd79dcf039aabe1a6c900122000000ef0a050000000000ffffffff
1630,7400,53622,1.238743613,1.517023253,2.848860938,-0.502215403,2.026396581,5.381302552,3.115069825,83bd0c340a50cfc6672dd2b51078d000179000009654150000000000ffffffffb11ae04f3f5be35a,e50c15586e7278ed86374b2a21cf98dc0d63d28d1a64b00122000000eb11040000000000ffffffff
1631,7401,53623,1.239321186,1.552858840,2.877913255,-0.346732753,1.877643004,5.490033008,3.073145206,92bd95366f5028ced4c8c2aa1e40d00117343002bd22100808000000ffffffffe1398169c453bf7b,ab1c8f4de8731b5a4036a93b0dcdb5dca1b8a0941a64b001220000009964020000000000ffffffff
1632,7402,53624,1.237472953,1.625910429,2.173466468,-0.363212836,1.935675673,5.371522564,3.589667435,62bdc03bde46cacf6601fa3d1034d00100000000f30c000000000000ffffffffe11f95443c237cde,ff1aaa514c727f566828613a4acd99dc683d23351a64b00122000000db20040000000000ffffffff
1633,7403,53625,1.237511458,1.582786248,2.818370387,-0.069074164,1.837721387,5.811622027,3.275929379,63bdb338a04fb24f630f11910d1040021e400000b83d060301000000ffffffffbf1cb647b924c0ec,d638bc4a4678e02b722c023840c4fedc1c0eb67e1968b00100000000e419020000000000ffffffff
1634,7404,53626,1.238435574,1.585215780,2.854038578,-0.203879700,1.769915377,5.788322644,3.274814540,7bbddf381c502d4f184be28d0d1040021e400000b737090601000000fffffffff5226f3eca16c0da,292bf045f577b76877290c3b74c9f5dceddd21221968b00100000000e317050000000000ffffffff
1635,7405,53627,1.234854622,1.581737133,2.777236907,-0.489932351,2.054115325,5.406040169,3.179408411,1ebda038114f245198d7f0910434300011080001c737000000000000ffffffff9321523ee809d4dc,240e0b5ac47286336837df2921cfa2dc22e005ab1a64b00122000000e814030000000000ffffffff
1636,7406,53628,1.233237417,1.585988812,2.816644506,-0.500059130,2.054336191,5.371234918,3.122434684,f4bced389a4f3c527afb0091040ce00011342000de0f080702010000ffffffff3f1aa0486e22b8e9,1d0d0f5a4b7208345c3716291ecf97dccced91f41a64b00122000000ec10040000000000ffffffff
1637,7407,53629,1.238435574,1.587424445,2.877625608,-0.464018576,2.061790435,5.375837265,3.060136387,7bbd07396e50774f26f7c18e0d10e00124400000a855010100000000ffffffff431aa74b132698e2,c510965a5b72e6307437fc28b2ce97dcb3452bbc1a64b00122000000eb11040000000000ffffffff
1638,7408,53630,1.239475206,1.587700528,2.872447968,-0.133030747,1.817236021,5.935022465,3.363899773,96bd0c395c50824e3b5751960d10e00124400000bf2d090801000000ffffffffc61a7f4e5e282cdf,59324949f3791e45db2c3738cdc71bdd40d1e02b1968b00100000000f30b010000000000ffffffff
1639,7409,53631,1.240437827,1.588142261,2.865832093,0.285632663,2.196022041,1.848713335,1.521742849,afbd14394550b94d572fc1980d10e00124400000cb170f0a03000000ffffffff561c9943d91160e9,d25c156475422c23693b08381f4cb0d42b1aae311d7c000121340000d623060000000000ffffffff
1640,7410,53632,1.235470700,1.588749644,2.878200902,-0.502215403,2.026396581,5.381302552,3.078409607,2ebd1f39705056513943e2890434e000110c0001dc140b0201000000ffffffffb6160951262580ef,e50c15586e72b35e4a37642921cf98dc2262d28d1a64b00122000000eb11040000000000ffffffff
1641,7411,53633,1.240553342,1.592062641,2.901787932,0.225218528,2.266809749,1.844398634,1.613772156,b2bd5b39c250ee4d350f63910d1000011e900000c039030201000000ffffffff7711f74aad1eb8fe,b15617696642c02a8a3b1338884aadd4440e8f2c1d7c000121340000e019060000000000ffffffff
1642,7412,53634,1.238820623,1.593277406,2.959604920,0.264763025,2.151738311,1.948526742,1.510942046,85bd71398b519e4fcc958789043400011e4440027f7f010000000000ffffffff2115c64bed1fd0f9,b45af360d043101f5d3b3038ab4b0fd5fe699d331d7c000121000000b845010000000000ffffffff
1643,7413,53635,1.238974642,1.591455258,2.922786141,-0.163064542,1.791670725,5.859946674,3.260783970,89bd50390b51694fa1a6948f0d1000011e9010018b73010000000000ffffffff6519af44b00bc4d9,4d2f7a47ee782241882d1f38adc808dd2b35212f1968b00100000000ec10030000000000ffffffff
1644,7414,53636,1.235355185,1.595265205,2.918183794,-0.222631570,1.873446541,5.775090895,3.219476420,2bbd9539fb50d9513aa3d1cc043810010d0c0000bb320a0404000000ffffffff0638326a8c413f79,4229434dc777b7549b319f3b7fcaf6dce3d1dbfb1968b00100000000ee0f020000000000ffffffff
1645,7415,53637,1.250834141,1.624750880,2.252856959,-0.129911852,1.817953837,5.828017889,3.837390071,bdbeab3bf247ddc935892bfb1034400000000000c23d000000000000ffffffff2416cb4e1c1385a2,aa3256497f784430262d0f3836c6ffdcb43d343c1968b00100000000e913030000000000ffffffff
1646,7416,53638,1.238127535,1.601615116,2.907828513,-0.225865979,1.815248223,5.671538080,3.134805686,73bd083ad750d15066f3a0e90434e000110c0001d328030100000000ffffffffbc15494b191185ae,ee2825495f761b48fd28df3a94cadedca9e9b2371968b00100000000ce2e030000000000ffffffff
1647,7417,53639,1.237357438,1.599572101,2.922786141,-0.225865979,1.815248223,5.671538080,3.121406122,5fbde3390b5123519c6f20e40434e000110c0001e216030300000000ffffffffc5357666aa309f7d,ee2825495f763828b62ed13794cadedceee8b2371968b00100000000ce2e030000000000ffffffff
1648,7418,53640,1.247599732,1.623094382,2.305208660,-0.080433100,1.854452023,5.914887195,3.853177479,69be8d3ba84845447b25cafd0d404000000000009367040000000000ffffffff7921255da54f98d4,af37eb4bad79b42c2c2c2a38c9c314dd151a347b1968b00100000000f30b010000000000ffffffff
1649,7419,53641,1.251103675,1.584277097,2.818945680,-0.158058910,0.897824066,-2.108730070,5.170971403,c4bece38a24fbdcc72fff0d01078d00017740000cd2d050000000000ffffffffcb203b5c4654d0c6,cf2f3e08b70c9e3d3d3d18329ac8b0581e9a7208051870000a200000983e290000000000fffff7ff
1650,7420,53642,1.252143307,1.581626699,2.830451548,-0.093871298,0.886007709,-2.323314514,5.371866130,dfbe9e38ca4f0dce76b330d51078d0001d5c0000cc2f040000000000ffffffff2e1c52568117d193,52366807cd09c02e473de53077c50f5939e5e1500518700000000000a551090000000000fffffaff
1651,7421,53643,1.240014274,1.606087662,2.848860938,-0.224980367,0.964746610,-2.072198938,5.174394452,a4bd593a0a500f50f476c2f40434e00010443000a15c010000000000ffffffff043033676b29df7c,0529fa0c360dcf662c3d4c328dca9b583d5b2514051870000a203000983d2a0000000000fffff8ff
1652,7422,53644,1.246213557,1.619450085,2.496493721,-0.208461779,1.081529764,-1.527971367,4.312975521,45be4b3b414b5c4962699afd0d40400000000000ac440e0000000000ffffffff5418665b442a698d,b22a3d159a1410212e3dc0342eca5557481d05480328700005182000784a3c0100000000fffffbff
1653,7423,53645,1.243287187,1.601062950,2.882515602,0.234344181,2.303584018,1.744872873,1.675032185,f9bdfe397f503c4c0423d3f60d4040001e000000dd19090000000000ffffffffa83bfc695750b77a,9e57b16b0c414029973bdf37cd4a53d45cd2ce2e1d40f0010d840000d716120000000000ffffffff
1654,7424,53646,1.238281555,1.626352162,1.993111982,0.202462152,2.255821641,1.933281467,1.213562257,77bdc83b6b44b0ce3ea5ba3c1034d00100000000eb14000000000000ffffffff80389e67f25c6f74,625450689b43ec22883b3a38e2490bd51ef6ae271d7c000121000000d825020000000000ffffffff
1655,7425,53647,1.235663224,1.627014762,2.262636947,0.296260006,2.289945513,1.623485963,1.315473135,33bdd43b14480cd1e5c4ab391074d0001f000000eb11030000000000ffffffff5f1e7a5cb6638ecf,e65dba6a663f88288a3b6c37544cced37a922e311d40f0010d0000009f540b0000000000ffffffff
1656,7426,53648,1.256224822,1.571632491,2.839656243,-0.079200944,1.831316259,5.721013314,3.186379797,49bfe937ea4f9ed1ac46709f1074e0010d5cf001d2210b0100000000ffffffffb6220d57016960e4,cf37484a0b77e82be62cc437a1c4e9dcfeddf77f1968b00100000000cd30020000000000ffffffff
1657,7427,53649,1.255993793,1.558877452,2.760841045,-0.490163380,1.996855689,5.325211444,3.133190922,43bf0237d84e34d2ca8ec19c1074e0011f5cd000985e060200000000ffffffff1a238c50e565a4dc,1e0efe55ab7198e8b737dd2921cf8fdc55e7318c1a64b00122000000ef0b050000000000ffffffff
1658,7428,53650,1.253298453,1.559981784,2.741281069,-0.389742689,1.964719615,5.601352284,3.323161786,fdbe1637944e24d149ea90991074e001177cd0007257330201000000ffffffff7924ba4ed76710ec,4e18b8536b754f66af36a23b89cdccdc0a9961931968b001220000009866010000000000ffffffff
1659,7429,53651,1.253259948,1.555840537,2.688929368,-0.379230860,1.992659226,5.582942894,3.351290960,fcbecb36de4d70d1ffdd32911074e0011f5cd0006f69240201000000ffffffff382438504f6840ec,5f19b2552b75b9b6cc36b93b63cdc9dcc56d22f61968b00122000000906f010000000000ffffffff
1660,7430,53652,1.253760511,1.555509238,2.704462290,-0.089404733,1.918282437,4.475215423,2.251946697,09bfc536144eb0d1046ab2971074e0011f5cd0007d67180201000000ffffffffb321a9518c635ac3,c6366f502066f6301631bd336bc563db556a477f1b88a00121640000e70d0b0000000000ffffffff
1661,7431,53653,1.253028919,1.564840847,2.782702195,-0.178543498,1.909226911,4.472051309,2.240960012,f6be6e37244faed011abd1ce1078d001177cd0006d4a430401000000ffffffffc2212c5ceb49e8db,bb2dcb4f1566842ea931e73350c967db93b2967d1b88a00119840000e0110e0000000000ffffffff
1662,7432,53654,1.249370956,1.585823163,2.802549818,-0.116704683,1.947823329,4.538785345,2.238687245,97beea38694f5bca67e360921078d0001790d001bb3c080000000000ffffffff061ca550063156cd,01348652fd66ac300d313234e7c68cdb1242f87f1b68200219840000e412090000000000ffffffff
1663,7433,53655,1.242209051,1.585823163,2.852887991,-0.157712366,1.911601226,4.877920814,2.483277925,ddbdea381850c24aa93350990d78400210100000744e2e0f01000000ffffffff391d9d4df32ed8d4,d82ff64f986bbc2f8b305f3597c824dc48666a7e1a6c2002190000008479010100000000ffffffff
1664,7434,53656,1.241169420,1.584221881,2.839656243,-0.139923118,1.919662853,4.635722286,2.290369069,c2bdcd38ea4f3c4c797fc0950d784002101000006f44420802000000ffffffff6f24944411620f6c,a63188504e68382df030963419c8c9dbbe5df93e1b68200219000000dc1f040000000000ffffffff
1665,7435,53657,1.240822876,1.574890272,2.718269332,-0.587157137,2.072447243,5.136515204,3.071967930,b9bd2438444e26cf8445529d1e740001235cf00191491e0501000000ffffffff6a2fc9351e5a8988,4704575b1b6f599f592e993b48d05fdc60ae7bb81a6c900122000000f00e000000000000ffffffff
1666,7436,53658,1.247214684,1.584111447,2.595731835,-0.222747085,1.920767185,4.531594178,2.453912732,5fbecb389a4c9ec8d6fa8b8a1e40d00023740000a94a070401000000ffffffff1d2c3e39735f777f,3f299c50e4669c2fb631433494ca8cdb6422e77e1b68200219840000df140c0000000000ffffffff
1667,7437,53659,1.245212431,1.581847566,2.621620038,-0.157442832,1.894318424,4.748479795,2.566829221,2bbea238f44c58ccc035378c1e40d0010d8c0000a13a210201000000ffffffff6b2d82371b5def7f,df2fbd4ed669f82dc030fb3494c804dc0aca293f1b68200219000000bf3e020000000000ffffffff
1668,7438,53660,1.246213557,1.582896682,2.610401817,-0.381656667,1.885042031,5.370659624,3.218738331,45beb538cd4cc6ca02cef7871e40d0010d8c0000ae43080402000000ffffffffb71ec551465cc75f,2019154e49727f5a9629643a8fcd99dc5ebd00191a64b00122000000d724050000000000ffffffff
1669,7439,53661,1.238204545,1.553576656,2.852600345,-0.101880310,1.701281117,5.789760877,3.231803834,75bda2361750b0ce040172a51e40d0011734f0018a47181204000000ffffffffc021424d815ed766,82351541fa77af60012c1d3bf3c5f8dc056e65021968b00100000000c930060000000000ffffffff
1670,7440,53662,1.238859128,1.562466532,2.794783357,-0.094910929,1.720109985,5.870877249,3.356508254,86bd43374e4ff0cee1f4f2a21e7400011734f0019a2d270f01000000ffffffff7d1ed44259011b3c,37366a421479af61272b353b4fc50add1afed4031968b00100000000df1d030000000000ffffffff
1671,7441,53663,1.232852369,1.599682534,2.611840050,-0.086940422,1.824745481,6.027644705,3.668818308,eabce539d24c514ffa0ff3e104381001032cd000615d231e00000000ffffffff931a2c46e50427c4,0637d149357bb35d5e28683b77c531dd2912c20f1968b00100000000f807000000000000ffffffff
1672,7442,53664,1.234354059,1.603989431,1.373233327,-0.056329053,1.889845877,6.301484370,5.102473434,11bd333a003c0000769b60d6043810010334f0007866190900000000ffffffff1e39ea62b11a6986,213a6c4eed7e8f5af021c53b73c26fdd8fbd001f1968000000000000ff00000000000000ffffffff
1673,7443,53665,1.243672236,1.625413480,1.199207069,-0.065223677,1.872121342,6.228134460,5.202324863,03beb73ba33975b42239dbfb0d100001030000008d6f030000000000ffffffff823b3663ac20977a,3a392b4dee7d9f55ab24ae3b75c35edd7759e10e1968b00100000000fe01000000000000ffffffff
1674,7444,53666,1.244788877,1.626241729,1.630964777,-0.066686862,1.868477045,6.167728651,4.728728477,20bec63b803ffa483229bbfc0d10000103000000ae430e0000000000ffffffff0d3e7369b549735c,1439e94c1c7d5753ba25993b07c450dd8a3d910f1968b00100000000fe01000000000000ffffffff
1675,7445,53667,1.239667730,1.627511711,1.373233327,-0.163064542,1.791670725,5.859946674,4.703743474,9bbddd3b003c000037244f2e1034d00100000000d629000000000000ffffffff103b2d692754677d,4d2f7a47ee78bf51f628273badc808dd0c36212f1968b00100000000ec10030000000000ffffffff
1676,7446,53668,1.237472953,1.626683462,1.357700405,-0.133030747,1.817236021,5.935022465,4.781889575,62bdce3bca3bada8aa09393f1034d00100000000f30b010000000000ffffffff5f3aa7687457df79,59324949f3791f517328433bcdc71bdd1cd2f02b1968b00100000000f30b010000000000ffffffff
1677,7447,53669,1.236779865,1.626904329,1.373233327,-0.075427467,1.857544154,6.110486956,4.921042040,50bdd23b003c00003c91da3c1034d00100000000f607020000000000ffffffffcc330264ed675f75,3138234c557c2359c326853b54c443ddd569c1101968b00100000000fc03000000000000ffffffff
1678,7448,53670,1.233622466,1.627787795,1.373233327,-0.085053683,1.897410555,6.103295789,4.917834291,febce23b003c00001c6de9381074d0001f000000a45a010000000000ffffffffe5354c65c7642f79,3737f54e3c7ca344fc24803be0c441ddc0b5902c1968b00100000000fd02000000000000ffffffff
1679,7449,53671,1.234277049,1.627732578,1.182811207,-0.069805756,1.910938627,6.221806232,5.212706447,0fbde13b6a394d3f9b01c83c1074d0001f000000bd40010000000000ffffffff3d14ca6c2863bf62,c338ea4fd87dee404022a73b57c35bdd73e5002e1968000000000000fe01000000000000ffffffff
1680,7450,53672,1.229733475,1.612989740,2.936593183,-0.515499582,1.937387388,4.909561952,2.653992844,99bcd63a3b51dbd280cc8a331034d0011e000000fe01000000000000ffffffffcc29ee754269cc22,8c0bc951066ce81fd132a13582cf2cdcdc36c1521a6c200219000000a557010100000000ffffffff
1681,7451,53673,1.255223696,1.433093989,2.678286440,-0.488084117,2.005524698,4.883386101,2.868669302,2fbf1c2eb94de1d350b93ea41034d00100000000ff00000000000000ffffffff31147d7f867dcd41,540e9b56ab6bee347032a1351ccf24dc039774771a6c2002190000009865010100000000ffffffff
1682,7452,53674,1.261654009,1.483948497,2.979740190,-0.438258820,1.912705559,4.759985664,2.498561624,d6bfb531d15179d5b77198bf1000000000000000ff00000000000000ffffffffa612587ffb7c653f,62130a50fe69dc298f321d3569ce07dc5da2914d1b68200219000000b04d010000000000ffffffff
1683,7453,53675,1.261846533,1.482954598,2.991821351,-0.108888196,1.857047205,6.019015303,3.344063725,dbbfa331fb5171d54e26a4fb1000000000000000ff00000000000000ffffffffe513357f167faf3b,cc341a4c177b21462027623b56c62eddce4540271968b00100000000fa05000000000000ffffffff
1684,7454,53676,1.261731018,1.486930195,2.982329010,-0.020211489,0.878387815,-1.954839081,5.137054524,d8bfeb31da5194d52c7179bc1000000000000000ff00000000000000fffffffffe12477fdb7e593f,cb3dde06ce0e701e5c3dd732b4bc7058879b930b051c60000a0c00007a5a290200000000fffff6ff
1685,7455,53677,1.261846533,1.486543678,2.989807824,-0.011663409,0.794458551,-2.068747177,5.262108712,dbbfe431f45191d55f6dc6bd1000000000000000ff00000000000000ffffffff4f25fc7a995f9f78,a93eee00420dc8345f3d21326fb9a6587bea7207051870000a0000009038370000000000fffff5ff
1686,7456,53678,1.261230455,1.619781384,2.776661614,0.353516742,1.242044481,-0.844235143,3.752002489,cbbf513b0f4fbdd2a841eafd1034000000000000fe01000000000000ffffffff761b8e71376801aa,b5639820e31dd767c53d8937764da5541d11bd59030840001c509000b349030000000000ffffffff
1687,7457,53679,1.231851242,1.608738060,2.879063842,-0.022175237,0.789765139,-2.276140454,5.368373160,d0bc893a7350a4d36924120e1034d00100000000ff00000000000000ffffffffe7184073a3645db0,983d9900710a93525c3d3d3129bd02595df550110518700000000000a445150000000000fffff9ff
1688,7458,53680,1.231004135,1.608241111,2.905239692,0.407192525,1.260321182,-0.791883442,3.803739386,babc803ace503bd3406c30161034d00100000000ff00000000000000fffffffffe1fff75e16f1dac,2769e321991e135cd03dad37504e7e543e4d3e57030840001c4c4001ad4b060000000000ffffffff
1689,7459,53681,1.233044893,1.604596814,2.851162111,0.447430110,1.379589083,-0.791595795,3.733296697,efbc3e3a125068d47bb4870c1034000000000000ff00000000000000ffffffffad2c4175c6648840,3c6d532a9a1eeb59ef3d8937914f8054dd505e5a030830011c504000ba1d0d0b09080000ffffffff
1690,7460,53682,1.260883911,1.627732578,2.627372973,0.391829083,1.212669238,-0.784404628,3.545103703,c2bfe13b084d33d3444cbfa61034d00100000000fd02000000000000ffffffffb638ce6bb54a7f76,9867841eb31e7759c63db637d14d7f547051ee53030840001c4c40019c5e050000000000ffffffff
1691,7461,53683,1.239321186,1.624088281,2.259185187,0.373808806,1.393282805,-0.845961023,3.231766674,92bd9f3b08486bcdf3303c7b1034d00100000000d728000000000000ffffffffc136876c6f48976e,c4654b2bdd1d8764e43d59378c4ea654b3fc4b5903702000144c4000ba1b120e07030000ffffffff
1692,7462,53684,1.239706235,1.622983949,2.324480989,0.276892058,1.105272911,-0.816045765,3.325348727,9cbd8b3beb48e3cca170fd761034000000000000d12e000000000000fffffffff30ba26a825a05a1,ef5beb16451ef35ba63d9937d24bb7542f951c4e020c4000000000008f6f010000000000ffffffff
1693,7463,53685,1.259574746,1.593111757,3.022887196,0.168616374,0.950390289,-0.769734645,3.998407368,a0bf6e39675259d16defd1e11034e00100000000fc03000000000000ffffffffdf15396e085e0983,f350f60be61e7d4a863dd1379748ac545ff9ab46020c400000000000ec10030000000000fffffeff
1694,7464,53686,1.261461484,1.601559900,2.922786141,-0.149934383,1.034761286,-1.890406219,5.047783638,d1bf073a0b5125d275b606be1034d00100000000fd02000000000000ffffffff940db06def59e18a,a230ee11ae0f9f66353d68335ec848584e67d419071460000a0c80007659250b00000000fffff8ff
1695,7465,53687,1.260075309,1.595762154,3.005628393,-0.478881454,2.034568641,5.001321251,2.683153320,adbf9e392b5285d111d3a3f41034000000000000fc03000000000000ffffffff1d18ce6cb061f982,430fa958456dc4304a32fa35face40dc011eca3e1a6c900122000000d22b010100000000ffffffff
1696,7466,53688,1.262693640,1.602001633,2.900637345,-0.149241295,1.906963030,4.992116557,2.541819625,f1bf0f3abe5098d27eded7b31034d0011e000000fe01000000000000ffffffff4d1f5262db635f57,b430a24f256dd82e5030b03559c83edc26e6ca3d1a6c900122000000bb42010100000000ffffffff
1697,7467,53689,1.229887494,1.622321349,2.828438021,-0.252742375,1.943406000,5.224535097,2.835942150,9dbc7f3bc34f19d27b7842251074d0001e7c0000f20b010100000000ffffffffed1ae16f60612c39,342636524d70d42d9c307b365dcb76dcf8012c3b1a6c900122000000e70f080000000000ffffffff
1698,7468,53690,1.262385601,1.605480280,2.883090896,-0.331176788,1.942577750,5.451775996,3.041581650,e9bf4e3a8150a3d2edabf0991034d00100000000fe01000000000000ffffffff631e165e71662cde,3f1e27526373543289277d3ad3ccacdcf63553791a64b00122000000b14c020000000000ffffffff
1699,7469,53691,1.257418473,1.568816443,2.835629189,-0.346732753,1.877643004,5.490033008,3.116814822,68bfb637dc4f37d2b426f1a01074e0010d7c0000d02b030100000000ffffffff7b1f6e60056700e1,ab1c8f4de873fabff536ed3b0dcdb5dcf7b8a0941a64b001220000009964020000000000ffffffff
1700,7470,53692,1.258419600,1.569368610,2.819808620,-0.252780880,1.171477639,-1.592404230,4.680776255,82bfc037a54f74d2df2e52a71074d0001e7c0000d824010100000000fffffffff633f1662c5f3f79,33269a1bba1312331a3d913477cb7f57c27114440a0c7000051880005f4f4a0601010000fffffcff
1701,7471,53693,1.234854622,1.625137397,2.445580253,-0.232103767,1.110187190,-1.529409601,4.268218009,1ebdb23b904a5bd1c889d73d1074d0001f000000e01c030000000000ffffffff652a5e751f4eef7b,4c28441795144025263dc234e3ca5257443982520328700005182000754f3a0100000000fffffbff
1702,7472,53694,1.256224822,1.617738370,2.675122326,-0.211426654,1.105880293,-1.541778409,4.494246473,49bf2c3bae4dc0cf446a88fb1034000000000000f807000000000000ffffffff3828246bbb6169af,652af6166a14a8182a3db63443ca5c574fb5d35003287000051820006d4f400201000000fffffbff
1703,7473,53695,1.233352932,1.618180102,2.690367602,0.200767938,1.018361949,-0.829277514,3.716707592,f7bc343be34d37d244d47b171074d0001f000000f904020000000000ffffffffb31fa26a626389ad,3654c510171e7f57903d9a378049d354c4a02c52020c400000000000c836010000000000fffffeff
1704,7474,53696,1.231581708,1.616413171,2.824698614,-0.058600840,2.247980881,2.831026842,1.436484886,c9bc143bb64f93d21c40071a1034d0011f780000fd01010000000000ffffffffd02bd573d24a377c,e639c267cc4f10d50738483acf4233d81a12c3371f84d00122000000eb12020000000000ffffffff
1705,7475,53697,1.255108181,1.617627936,2.648083536,-0.064992648,2.187739547,3.014257795,1.483838616,2cbf2a3b504d88ce4ef6b7fc1034000000000000ec13000000000000ffffffffdd31ee652b62cf76,40397f63495228d2d737f93989438bd88756101e1f84d00122000000e715020100000000ffffffff
1706,7476,53698,1.234123029,1.625137397,2.514327817,-0.178967052,2.034071691,2.557474823,1.471703944,0bbdb23b7f4bb5d1b835c73c1074d0001f000000d02d020000000000ffffffff4d1f5262db63e8e8,b02da058154c5cd18b37de3a33495dd74a7d80291f84d00122000000c833030000000000ffffffff
1707,7477,53699,1.258496610,1.573785939,2.828438021,-0.028798074,2.222857318,3.006203687,1.452591439,84bf1038c34f19d2a07a42a51074d0001e7c0000f20b010100000000ffffffff9620ef642564f755,ec3cfb652d5220c8ff37fc39b23e86d83102443b1f84d00122000000ec11020000000000ffffffff
1708,7478,53700,1.230657591,1.621327450,2.809453339,-0.101495261,2.203531501,2.612990637,1.467034551,b1bc6d3b814f50d260fc83281074d0001e7c0000f707010000000000ffffffff6a1a0b6ed8603f66,8c359d64d64c64d00938a63ae4459ad78111a47b1f84d00122000000ea14010000000000ffffffff
1709,7479,53701,1.262424106,1.603768564,2.883953836,-0.044315535,2.223630351,2.869283854,1.446379042,eabf2f3a845080d296fbf2ab1034d00100000000fe01000000000000fffffffffa09ca6abd5c119d,593b0966515080d50238363a274145d8535693371f84d00122000000ea13020000000000ffffffff
1710,7480,53702,1.260152319,1.591952208,3.042447172,-0.160754250,2.458245773,1.676125310,2.153201210,afbf5939ab52b7d16e4f02e41034000000000000fd02000000000000ffffffff2812386e14607982,892fa2761d40576c882dc22bca4832d4704b22761d40f0010d000000c92e080000000000ffffffff
1711,7481,53703,1.261885038,1.598357336,2.958166687,-0.080625624,2.100497286,2.822685087,1.439734236,dcbfcd3986517dd2d329d9be1034d00100000000fd02000000000000ffffffffc125035e186bbb59,aa37535daf4fb0e17837523ab14430d88941230d1f84d00122000000c934010100000000ffffffff
1712,7482,53704,1.230465067,1.626683462,2.717118745,-0.131644571,2.439748205,2.136935336,1.689091393,acbcce3b404ec2d2b768c2271074f0010d7800009c60020100000000ffffffff3527cd5f596bf756,7d3253755f466f5a2f32672c9847e8d5ca17712a1d7c100210000000fc03000000000000ffffffff
1713,7483,53705,1.231004135,1.626352162,2.690367602,0.000003566,2.028218730,2.763717512,1.297011700,babcc83be34dc3d2dc70b32f1074f0010d7800009f5e020100000000ffffffffe7184073a364f42c,d83f3658e24ec8e502375f3a000013d867fc371b1f8420021d000000916c010000000000ffffffff
1714,7484,53706,1.263040184,1.609124577,2.905239692,0.000003566,2.028218730,2.763717512,1.338256304,fabf903ace503bd3e56f30961034d00100000000ff00000000000000ffffffff4515b663124c319f,d83f3658e24e199e95386a39000013d852fc371b1f8420021d000000916c010000000000ffffffff
1715,7485,53707,1.252682375,1.594878688,2.926525549,0.000003566,1.896527089,3.807299768,1.560755965,edbe8e3918518bcc8a3b41ec1034e00100000000ee10000000000000ffffffff22130b634d500cd1,d83fe54e0e5d4b490939033b000015da15fef77f226c100200000000bb2d170000000000ffffffff
1716,7486,53708,1.253991540,1.592117857,2.944359645,-0.075504477,1.872949591,3.934151966,1.681105280,0fbf5c395651c9cd5c27b2cc1034e00100000000f509000000000000ffffffffa1135764734f999c,2f383a4dc75ea3472f39313b554453da2c7a537a226c10021a000000b04a060000000000ffffffff
1717,7487,53709,1.254030045,1.593829573,2.940907884,-0.167261573,2.449024598,1.577750136,2.147004294,10bf7b394a51bbcd9ad381ec1034e00100000000f40b000000000000ffffffffde22b17c0365f54d,e02efb75c73ee76cb52b392b0f49a1d36a5b82761d40f0010d000000a159050000000000ffffffff
1718,7488,53710,1.257919037,1.395988420,2.826999788,-0.154863006,1.869084428,4.312407386,2.103855667,75bf7c2bbe4f8ed35c2ecafd1034000000000000ff00000000000000ffffffff820f46654d561db0,2230f44cea63ce375e39cd3bac480edb61ca237a1b88a00121000000c13b030000000000ffffffff
1719,7489,53711,1.256725386,1.591013525,2.980890776,-0.142618458,1.472849956,1.658866508,1.928697485,56bf4839d5511bd0ad0f11df1034e0011d000000fa05000000000000fffffffff91e877cbf63874c,6031ec30e13f3e3ebb39d9366748e6d34bfa52071d7c00011e840000c632070000000000ffffffff
1720,7490,53712,1.258573619,1.375171754,2.869283854,-0.137766845,1.510894208,2.295141025,1.515858590,86bf032a515061d3d61607fd1034000000000000ff00000000000000ffffffffc10c60645f5b00e2,de319d338548bc40b2398338334867d6f50103471f74100210880000b42b200000000000ffffffff
1721,7491,53713,1.258188571,1.588142261,3.006491333,-0.071885019,2.130038179,2.879926782,1.441792470,7cbf14392e52d4d0cc6ed4c31034e0011d000000fc03000000000000ffffffffc82f7d732256a35c,8d386a5f765050dd9437353a2e444bd8bcb5720c1f84d00122000000da22010100000000ffffffff
1722,7492,53714,1.257225949,1.623812198,2.579911266,0.000003566,2.132799010,2.926525549,1.399934697,63bf9a3b634cf1d0ae847eb21034d00100000000f708000000000000ffffffff603147717f5931a7,d83f9c5f1851e0e47437103a000061d83901e8031f84d00122000000de1f010100000000ffffffff
1723,7493,53715,1.236433321,1.617075770,2.552584829,-0.111429517,2.184205684,2.551434242,1.462317302,47bd203b044c49d1525c7f2b1034d00100000000f708000000000000ffffffffa02dd77050643db7,8a343f63004cc4cb0b38c33a77465dd750d9837a1f84d00122000000e418030000000000ffffffff
1724,7494,53716,1.234662097,1.613376256,2.613278284,0.000003566,1.996745256,2.787592189,1.304507116,19bddd3ad74cd1d26e7cbe171034d00100000000fc02000000000000ffffffff603147717f599d4d,d83ffc55354fdb5b9c38773900001ed8fdfc673a1f8420021d000000817c010000000000ffffffff
1725,7495,53717,1.257418473,1.626793895,2.552584829,-0.190749541,2.073496359,2.312687474,1.534367762,68bfd03b044c49d16c5c7fab1034d00100000000f708000000000000ffffffff8e1b5b64c96248fd,7e2c6a5bc248db48a938a438864967d62072333a1f74100210000000cc240f0000000000ffffffff
1726,7496,53718,1.258920163,1.575994604,2.866119740,-0.301451031,1.775933988,2.836204482,1.573413151,8fbf3838465026d2dfdda59a1074d0001e7c0000fb03010000000000ffffffff0b149f64566010f7,43215d46de4f6c403e396639624c37d82b16a01b217c20021d0000009964030000000000ffffffff
1727,7497,53719,1.258650629,1.580853667,2.928826722,0.000003566,1.910938627,4.054675936,1.720664105,88bf90382051cfd1ec7945881034d0011e000000fd02000000000000ffffffff6a17ba62e85f80f0,d83fea4f6a606b481639653b00008eda0702f87f226c10021a000000a45a010000000000ffffffff
1728,7498,53720,1.257688007,1.579086735,2.899199111,-0.133877854,1.484279797,1.755515802,1.803733743,6fbf7038b9508ad113aa138d1034d0011e7c0000fb02010100000000ffffffff1017fe65366318fc,4332bb313141ac43ba394d37404875d4482ee3061d7c000121000000b845020000000000ffffffff
1729,7499,53721,1.259651756,1.578092836,2.901500285,-0.252819385,1.589633109,1.647360639,1.964832914,a2bf5e38c15067d27851e7911034d0011e7c0000fd01010000000000ffffffff9c03dd6c836208e9,32262f39b93fd7408839f0364b4b00d43eaaa10c1d7c00011e840000cb280b0000000000ffffffff
1730,7500,53722,1.226653085,1.470144342,3.094798873,-0.217933976,2.393311027,1.706903508,2.205747504,49bcbb306153cfd2532d68fc1034000000000000ff00000000000000ffffffff6d03656c2f63b1b8,bc290a7288407f5bb42d4d29654a44d4cbcb902d1d40f0010d000000d0240b0000000000ffffffff
1731,7501,53723,1.226383551,1.472021707,3.096237106,-0.196756300,2.389335430,1.990810808,2.022067952,42bcdd306653e1d21efc44951034000000000000ff00000000000000ffffffffff00246f636bc423,e22bc2716344414a17316d2ab64957d5f33740241d7c000121000000f509010000000000ffffffff
1732,7502,53724,1.228270290,1.440216933,3.138808819,-0.174115439,2.400654838,2.078255408,2.003472046,73bc9d2efa53f3d3f87582f41000000000000000ff00000000000000ffffffff6e1cb65f4d60a4db,2e2e8f729345dd4ab7313f2b0949add5ef9bf0221d7c000121000000f708000000000000ffffffff
1733,7503,53725,1.256494357,1.576325904,2.861229746,-0.158520968,2.471552979,1.854466269,1.953784170,50bf3e3835504cd18f3e51911074e0010d7c0000f207050100000000ffffffff0c128664845e60f2,c32f9377894257662a30372caa48d8d4949b11331d40f0010d000000f406060000000000ffffffff
1734,7504,53726,1.258304085,1.583007115,2.949249639,-0.124328647,2.481215888,2.030793701,1.887329749,7fbfb738675175d1122a15851034e0011d000000fd02000000000000ffffffff4510106455570cdf,3b334278ee44af658331d92c354789d59c9771321d7c000121000000fd02000000000000ffffffff
1735,7505,53727,1.256532861,1.589301810,2.970823142,-0.147701101,2.472988611,1.947951449,1.949113102,51bf2939b25127d0faf262c71034e0011d000000fa05000000000000ffffffff431c2f7f3971754a,dc30ad77ce430f67dd307d2c504831d592af31331d7c000121000000fb03010000000000ffffffff
1736,7506,53728,1.259921290,1.457278869,2.902938519,-0.091214462,2.513131095,2.097815384,1.894364010,a9bfd22fc650a4d40eae39ff1000000000000000ff00000000000000ffffffffcf1e8c778971e8ff,9736847ad74561970d328f2d4345d5d58b07a2331d7c000100000000fe01000000000000ffffffff
1737,7507,53729,1.257071930,1.478316402,2.864969153,-0.079316458,2.549353198,2.063873072,1.890716444,5fbf4f3142508dd4099e27871034000000000000ff00000000000000ffffffff711f597ec06bdb4b,cc37147d61457f6fdd31242e9544bbd556bf42371d7c000100000000ff00000000000000ffffffff
1738,7508,53730,1.258997173,1.432597040,2.871009734,-0.132992242,1.516415870,2.558337763,1.429133964,91bf132e575043d430f2b9fe1034000000000000ff00000000000000fffffffffe1fff75e16ff8ff,5a320134184c6941b539ec38c4475dd719f632071f84d001220000009b5e060000000000ffffffff
1739,7509,53731,1.256340337,1.475555571,2.851162111,-0.124290142,1.526520512,2.696120536,1.390243085,4cbf1d31125068d40ab6878c1034000000000000ff00000000000000fffffffff2215d7806725007,3c33b834f74d3c42b73925393b47e4d72726b306217cd00122000000837a010000000000ffffffff
1740,7510,53732,1.257302959,1.470806941,2.833615662,-0.085207703,1.543637664,3.660024653,1.578160642,65bfc730d54f97d44fad1b8e1034000000000000ff00000000000000ffffffff6317497ab0725427,3337ee350e5b9a3fc639ac3ac944cbd932dad3042284b0011f000000b0450a0000000000ffffffff
1741,7511,53733,1.262385601,1.435302654,2.934867303,-0.087094441,1.632370774,4.139244068,1.819465752,e9bf442e3551b1d42a4f428a1000000000000000ff00000000000000ffffffff3d17497b1d784822,0237353c9061ab3fc039703b2145b7da5adae2071b88a00121000000906e010100000000ffffffff
1742,7512,53734,1.262963174,1.461972282,2.942058471,-0.188708783,1.831702776,4.319598554,2.035109036,f8bf27304e5111d5cda2b4831000000000000000ff00000000000000ffffffff4a170e61404738f8,b32c4f4a0364d0357339cf3bb04913db502a10631b88a00121640000bd3d050000000000ffffffff
1743,7513,53735,1.250487597,1.594271306,2.906102632,-0.225673454,1.732478508,3.535185982,1.610558457,b4be8339d150adc9ed52d4871034e00100000000e318040000000000ffffffff831a0a66c94ac990,f3284a435c590f485d39833a424a91d945ba202d2284b0011f0000009f5e020000000000ffffffff
1744,7514,53736,1.252874899,1.599516885,2.885392069,-0.159868638,1.597308220,3.666065234,1.614094102,f2bee2398950a7cc3d9fb2f41034e00100000000e718000000000000ffffffff3d17497b1d78e8f7,a02fba39235b1c40a439b13a7748cfd93dea82072284b0011f000000b2420b0000000000ffffffff
1745,7515,53737,1.259459231,1.494053139,2.942058471,-0.166915029,1.799566702,3.669229348,1.629926241,9dbf6c324e5111d5aba2b4831000000000000000ff00000000000000ffffffff712c436d063d9180,e92e09482e5ba4474639c03a9f48d2d9356ef2362284b0011f000000b73c0c0000000000ffffffff
1746,7516,53738,1.250564607,1.616578820,2.606087116,-0.203263622,1.666273779,3.798958013,1.881230206,b6be173bbe4c17c841f696ff1034400000000000b14e000000000000ffffffff57314972d7528f5d,392b9b3ef15c34448a39ea3ab74911da63e24012226c100200000000bf261a0000000000ffffffff
1747,7517,53739,1.256147813,1.623536115,2.552009535,-0.218280520,1.915963339,2.815781566,1.526115420,47bf953b024c5ad0ba847ef21034d00100000000ef10000000000000fffffffff41b815d934130ef,b3294550974f5b54f5386839534a2cd8b535843a217c20021d0000009865020000000000ffffffff
1748,7518,53740,1.248215810,1.591620908,2.862667980,-0.303183750,1.886256797,2.699284650,1.587559453,79be53393a50c9c3239f928a1034e00124000000bb271d0000000000ffffffff3e21785d8949a0e3,16212b4e024eb9490f393339564ce8d72bee902e1f84d00122000000916d010000000000ffffffff
1749,7519,53741,1.249678995,1.586982712,2.803125111,-0.203494652,1.756387305,3.935590199,1.850105062,9fbeff386b4feeca4d93718d1078d0001790d001c82d0a0000000000ffffffffb21c2f5be03d60e0,332bfb44cc5e95477139283bb04953da4f5e2029226c10021a000000af4a050000000000ffffffff
1750,7520,53742,1.246829635,1.590737442,2.852025051,-0.337145042,1.986419747,2.202518785,1.757099500,55be433915508934842751931034e001245c0000923c310000000000ffffffff831ec65da84508f6,a41d41554347c54be3386f38de4cfed525ca102d1f74100210000000b841060000000000ffffffff
1751,7521,53743,1.249024413,1.589522676,2.843395650,-0.308189383,1.805309231,2.700435236,1.578580476,8ebe2d39f74f82c8c502e4851078d00017900000c527130000000000ffffffff39309a6e01431f79,94207148064ed8402e393039804ce9d73506801e1f84d001220000008c71010000000000ffffffff
1752,7522,53744,1.252027792,1.619394868,2.550858948,-0.307111246,1.693661223,1.867410371,1.703975349,dcbe4a3bfe4b5ccb2a997bfa1034400000000000c936000000000000ffffffff7930886c2d3d5f78,b0208b40b6428d3c5c39b3376a4ccdd40f62114e1d7c000121000000b14c010000000000ffffffff
1753,7523,53745,1.250487597,1.619284435,2.516341343,-0.229061883,1.950694594,2.691230542,1.526265242,b4be483b864b15c812b91bfa1034400000000000b14e000000000000ffffffffba1d2362f1316194,9b28ba52e64dbf50e8383639a34ae0d7dcf1a2371f84d001220000009767010000000000ffffffff
1754,7524,53746,1.246098043,1.605369846,2.831602135,-0.146969508,1.608848494,3.794930959,1.693709457,42be4c3ace4ff4473b2fd2f30d4040001e000000a05e010000000000ffffffff5c1e16645836d194,ef308b3ae35c3741a839e53a1a480eda50c62208226c100200000000bc261d0000000000ffffffff
1755,7525,53747,1.247407208,1.605645930,2.826424494,-0.198412009,1.844899548,4.396975518,2.148084268,64be513abc4ff0414a1f22f40d4040001e0000008679000000000000ffffffff1121a561f52a5192,b72b3e4b1065802f7139f63bff493edb474ab05f1b88a00121640000cc280a0000000000ffffffff
1756,7526,53748,1.244865887,1.608572410,2.771483973,-0.303838333,1.917233321,2.570418925,1.591911892,22be863afd4edd4a346b62f40d4040001e000000b83e090000000000ffffffff2b1d1760072e0193,05215c50424c354dff380039664c6bd71e2ef12f1f84d00122000000b447040000000000ffffffff
1757,7527,53749,1.244904392,1.605093763,2.837355069,-0.144466692,1.801941017,3.933576672,1.780674774,23be473ae24f304a315752f40d4040001e000000b646030000000000ffffffffeb2569735a4e8f75,30313448c55ea44654392b3b344854da2ec22278226c10021a000000ae4c060000000000ffffffff
1758,7528,53750,1.256263327,1.614425372,2.749910470,-0.194484513,1.774940089,4.063592984,1.963719944,4abff03ab24eb3cf16a774f61034000000000000fa05000000000000ffffffffcd265d714a4ac777,1d2c4b468960024674395c3bbd4994da574a5028226c10021a0000009768010000000000ffffffff
1759,7529,53751,1.254838647,1.613817989,2.732651668,-0.330368185,1.958093621,2.312975121,1.675569998,25bfe53a764e34cefae294f71034000000000000ed12000000000000ffffffff9f1ded5c044218f1,541e4053c348954cec389a38c74c6cd61ef2302e1f74100210000000c12b130000000000ffffffff
1760,7530,53752,1.248100296,1.590350926,2.848860938,-0.103536019,1.873722624,3.268537484,1.443380979,76be3c390a5037c41be3128b1078d00017900000b42c200000000000ffffffffa83b56694241d181,5735484dbd5563500039243adc450bd9f291843c2188f0011b000000ab4f040000000000ffffffff
1761,7531,53753,1.241169420,1.626131296,1.986496108,-0.407608947,1.267112827,-1.372066851,3.758631335,c2bdc43b54449cc987cd297e1034400000000000c03f000000000000ffffffffb01be45b3f3da0e7,7e165e22b8163f56f33c3e352ccebc565892201e0328700009088000c336040200000000fffffeff
1762,7532,53754,1.246868140,1.591841774,2.860079159,-0.357321592,1.220454782,-1.463826151,4.626825059,56be573931502d3b5fbfb18f1034e001245c00009444260000000000ffffffffdd19775a0e3878eb,981b111f7915182f013df8345bcd0e57972d115303287000082450008b680b0000000000fffffdff
1763,7533,53755,1.245366450,1.593166973,2.871585027,-0.351622871,1.203282413,-1.437650301,4.612146353,2fbe6f39595055465a4b428f0d40e001241000007d651c0100000000ffffffff2219a7578f3330f0,2c1cda1dd4152b58053d093549cdfb56b2c2520e03287000022480009166070000000000fffffdff
1764,7534,53756,1.243941770,1.592393941,2.876187375,-0.299217749,1.187435243,-1.592979523,4.745396254,0abe613969508e4941eb328c0d40e00124100000a6351f0500000000fffffffff023f67b486f8f38,7d21bb1cb813e82f103d97346ccc7f57a1d953460a0c7000052060006353430301010000fffffdff
1765,7535,53757,1.257957541,1.453855439,2.807727458,-0.271532750,1.372797439,-0.850851017,3.966246010,76bf942f7b4f78d4553d9eb11034000000000000ff00000000000000ffffffff30240d7a60711c22,4c24d829cc1d9549003d0a3755ccdb544702e1110308b00011384000ba241e0200000000ffffffff
1766,7536,53758,1.257610998,1.463573564,2.798810410,-0.293133980,1.645788413,-1.019987281,4.125679101,6dbf44305c4f93d4fda0fea01034000000000000ff00000000000000ffffffff39281a7a2869e037,1b22283d801b89b4143eaf324ece4755d815a24a033810010b3c9000cc15130703010000ffffffff
1767,7537,53759,1.256571366,1.426578428,2.716543452,-0.313695578,1.749595660,-1.049902539,4.093433011,52bfa62d3e4e09d476a9ceaf1034000000000000ff00000000000000ffffffffb227eb772e6c3c22,05208044181ba9c42c3eb4321bce6155d8490018033810010f2c9000c617130c01010000ffffffff
1768,7538,53760,1.256224822,1.445683379,2.723159326,-0.238957633,1.319789483,-0.845385730,3.871166964,49bf002f554e30d42dd1dea01034000000000000ff00000000000000ffffffffa321d8637a2f918f,9a271826df1df777103d15377acbc954d8a2261a0308b0001110e000ac3d160000000000ffffffff
1769,7539,53761,1.246175052,1.608848494,2.765443392,-0.393169622,1.963063117,-0.999852012,4.121937462,44be8b3ae84e52481ecb02f60d40400000000000a459020000000000ffffffffa91b0d623c38919c,f5179a53c61bb9ac613ec532bfcd7755c992805d0344f0000e109000a328211301000000ffffffff
1770,7540,53762,1.247291694,1.602498582,2.858928572,-0.307919848,1.433370072,-0.887669796,4.060084571,61be183a2d501141776331f11034e00104900000807e010000000000ffffffffaa16e85b6d30d99b,9b20212e4c1d580fef3cf7362fcdf254c0188a4e032c10010238f000c1220d0c03000000ffffffff
1771,7541,53763,1.244249809,1.598633419,2.896322644,-0.355165319,1.898846187,-1.040122551,4.259560685,12bed239af50034a5d9f01f30d40e00104900000cd2f020100000000ffffffff1d17766139424991,d01b0f4f3a1b0ecc4c3ecc32aacd775591aa60130344f0000e244000a6291b1400000000ffffffff
1772,7542,53764,1.249486471,1.597253003,2.903513812,-0.375842432,1.185833961,-1.237448192,4.467496614,9abeb939c8507fc6458f92f41034e00100000000d32b010000000000ffffffff2322b9651a34518d,b7199e1c8c18a73c053d9c35c4cd5656300651100308a0000724b000ec0a070201000000fffffdff
1773,7543,53765,1.247484218,1.608958927,2.762279279,-0.018363255,0.969826539,-3.041855990,5.974851148,66be8d3add4ef642122373f70d404000000000008d72000000000000ffffffff7525736334270195,fb3d560d0b000d3f573d022733bc2d5a2eb337060614500200000000ff00000000000000ffffffff
1774,7544,53766,1.244827382,1.612327141,2.698134063,-0.344807510,1.232105489,-1.588952469,4.588095305,21beca3afe4d934b4c1b32f40d40400000000000bb2e150000000000ffffffff21268d65d02ce98d,dd1ce41fc6134030023d9c341bcd7657c845424b0a0c70000814600069533f0302000000fffffdff
1775,7545,53767,1.246213557,1.612548007,2.690079955,-0.149087276,1.144421495,-0.856891598,3.840184116,45bece3ae24da9481c0fc3f70d40400000000000a654040000000000ffffffff8b177c5e1a35119e,b830b019b71d2773383d103750c8d35430f73621020cb000040000008678000000000000ffffffff
1776,7546,53768,1.245712994,1.599130368,2.890857357,-0.277269975,1.378926484,-0.837331622,4.033281534,38bedb399c502947705721f10d40e00104900000a05c020000000000ffffffffc616a95c9b367fc4,b723472afb1d601a003d12376ccccc5411bde44e0308b00011384000b922210200000000ffffffff
1777,7547,53769,1.245558975,1.596756054,2.897185584,-0.304685440,1.533974756,-0.959006179,4.156610897,34beb039b250a846c31b20a00d40e001241000009961050000000000ffffffff851ab5613f3e0199,ef203f35541c8808dd3cc436e1cd22558cd9b54e032c10010e08f000c717150a02010000ffffffff
1778,7548,53770,1.248562354,1.599848184,2.872447968,-0.092215589,1.135145103,-0.867534526,4.000137935,82bee8395c50adc16eab61f11034e00104000000b34b010000000000ffffffffeb17505b923770ea,7d360819921d614d463d2a37fdc4e654cfc2420c020cb00004000000ae51000000000000ffffffff
1779,7549,53771,1.245443460,1.594878688,2.887980890,-0.093293725,2.535935559,1.731353478,2.003894272,31be8e3992507746662b128f0d40e001241000008b64100100000000ffffffff0e183b5dde3b90eb,6136217cdd406f78db2e612d9e4574d4ef4e347c1d40f0010d000000dc1e050000000000ffffffff
1780,7550,53772,1.246906645,1.595209988,2.889419123,-0.107887069,2.525830917,1.522234322,2.137923199,57be943997507e3e4e27428d1034e00124100000935f0d0000000000ffffffff421bda56d93330ed,e6346a7b063eef76162bf62cc04664d3050fc47a1d40f0010d0000008974020000000000ffffffff
1781,7551,53773,1.243864760,1.590682225,2.857777986,-0.165567358,2.479283306,1.756378742,1.997295940,08be423929507d49556fd28c0d40e0012410000099332b0700000000ffffffff7026fa663931c98c,0c2f1f783441f769fb2e0e2ce74884d480fb01751d40f0010d000000e117070000000000ffffffff
1782,7552,53774,1.247330198,1.612437574,2.688354075,0.000003566,1.924632349,4.318447967,2.076173260,62becc3adc4dae440e3b03f80d404000000000009569010000000000ffffffff9e1c2a522c30dbbc,d83fe250ff63d03b1c39ce3b00000edb4bfe977f1b88a00121000000c835020000000000ffffffff
1783,7553,53775,1.242401576,1.587424445,2.849148584,-0.202378010,2.255766424,1.933281467,1.836540670,e2bd07390b50934bc013b0df0d784002101000008c3f231101000000fffffffffe03c16cbb62e4d2,502b4f689b4304d11638e93be2490bd5010ba1271d7c000121000000d825020000000000ffffffff
1784,7554,53776,1.226691590,1.469095226,3.091347112,-0.106038835,2.220317354,2.052942497,1.848996814,4abca8305553d6d2da220db81034000000000000ff00000000000000ffffffffcf1c4350d82c10da,1635cd653b4508e24338b63b28467cd563a703251d7c100210000000b14e000000000000ffffffff
1785,7555,53777,1.241515964,1.587037928,2.846272117,0.000003566,1.929215328,4.403016099,2.020368836,cbbd00390150bd4c7dbf80970d78400210100000a22f220a03000000ffffffff81179d5ed03a55b1,d83f355125652c3b1839f43b00003bdb13fef77f1b88a00121640000da1f050000000000ffffffff
1786,7556,53778,1.247022159,1.597087353,2.893733824,0.000003566,1.916294639,4.232729248,1.857379178,5abeb639a650bd3fbb4710e81034e001241000008f6d030000000000ffffffff6515265a193274ce,d83f4b50d5623f401d39ab3b0000e3da2b02d87f1b88a00121000000ac52010000000000ffffffff
1787,7557,53779,1.244134295,1.596148671,2.907253219,-0.150511956,1.723643848,4.230428075,1.926677161,0fbea539d550a249d173409c0d40e00124100000cc2e040100000000ffffffff2505fc6e6d66a027,9330aa42cd62e34398399e3b9448e6da710e01111b88a00121000000a458020100000000ffffffff
1788,7558,53780,1.227654212,1.409516492,3.082142418,-0.180045188,1.880514269,4.394961992,1.981653789,63bc712c355373d381aa25fc1034000000000000ff00000000000000ffffffffb408846e2d631828,942dc34d09651a326139f63b77493adb866ac3771b88a00121640000d423090000000000ffffffff
1789,7559,53781,1.227307668,1.370864857,3.048200106,-0.409418676,1.973057325,1.643621232,2.239274593,5abcb529bf52fdd29672d6fc1034000000000000fe01000000000000ffffffff3807656d5f628020,4f164f54ac3fe94bfb381437003c0000732650201d40f0011e341002b52e1c0000000000ffffffff
1790,7560,53782,1.227885241,1.363024097,3.063445382,0.000003566,1.911490793,4.128888787,1.715715237,69bc2729f452cad2cd0ab3ee1034000000000000ff00000000000000ffffffff3a04e96dbf654020,d83ff44f6c61e3441a39823b0000b2da19fee77f226c10021a000000916e000000000000ffffffff
1791,7561,53783,1.228116270,1.406369145,3.090771819,-0.070383329,1.877201271,4.126875260,1.726642535,6fbc382c535347d3a57622ed1034000000000000ff00000000000000ffffffff3a5eb149c32d677c,b438874d6561734138397f3b2f44b1da3c62547c226c10021a0000008d72000000000000ffffffff
1792,7562,53784,1.188533268,1.473346906,1.709492328,-0.337915139,2.073882875,1.963772018,1.659923598,6bb8f5309140123d728de9600d607001101000006b53390703000000ffffffffe060d24a762e5f7e,901d715b05445752c9381738df4c1cd53d02f12d1d7c000121000000a756010000000000ffffffff
1793,7563,53785,1.187416627,1.481463749,2.799098057,-0.143658090,1.523097081,2.001741383,1.552182625,4eb888315d4fea4ca071996a0d607001101000006254410602000000fffffffffc5b4d47632ee76d,45317a348944e141ad390d38984856d502ee42071f74100210000000837a020000000000ffffffff
1794,7564,53786,1.190728045,1.470089125,2.692956422,-0.220744832,1.047185025,-0.921612107,3.903358709,a4b8ba30ec4dfb4ca2f12c570d607001101000007051320903000000ffffffff07602f4b9a2e877f,7329cf12d61c2764343d983690ca3755c7562312030840000b2800008976000000000000fffffeff
1795,7565,53787,1.187147093,1.478371618,1.754365215,-0.130566435,1.177993200,-0.872136873,2.953829608,47b850312d41903ccabde86b0d6070011010000064533f0602000000ffffffff660ad167766338f3,9932101c821dfb58383d293782c7d754c2be520f020cb00004000000916d000000000000ffffffff
1796,7566,53788,1.260845406,1.585878379,3.032667184,-0.188400744,1.219184800,-0.869548053,4.178763255,c1bfeb3889529ad2749a638b1034d00100000000fe01000000000000ffffffff20086668b16100f3,bb2cfa1e8b1dd777273d163798c9cf54ecaa661f0308b000044400009864030000000000ffffffff
1797,7567,53789,1.260614377,1.587810961,3.057404801,-0.254552104,1.007594708,-1.007043179,4.376313260,bbbf0e39df5251d2cd82e3981034000000000000fe01000000000000ffffffff8009ff68146410e1,05260210ad1ba74e313d3f36aacb975554de910d0308a000072c4000a55a000000000000fffffdff
1798,7568,53790,1.261345970,1.586320112,3.041871878,0.000003566,1.940148219,2.966508441,1.312196112,cebff338a952cdd2d846f2891034000000000000fe01000000000000ffffffffec0d1f6b5b6659ae,d83ffb51a3517b55b638ba39c31774d89601283f217c20021d000000b43e0d0000000000ffffffff
1799,7569,53791,1.228347299,1.612879307,2.996711345,-0.069574727,1.922037167,4.400139632,1.936437741,75bcd43a0c5252d319d07b201034000000000000fe01000000000000ffffffffe4100e6d76640763,c938b3501b65493b3339f53b1d443adb36ca757e1b88a00121640000dc1d060000000000ffffffff
1800,7570,53792,1.229117397,1.612161491,2.969672555,-0.346732753,1.740540134,2.188424097,1.763557180,89bcc73aae511ad38e547a341034d00100000000fe01000000000000ffffffffdb0edc6873652db2,ab1cdc431247b33e3d395e38094df8d52f7290151f74100210000000ae47090000000000ffffffff
1801,7571,53793,1.228308795,1.614811889,2.985493124,-0.131452047,1.894097557,4.399564339,1.981551774,74bcf73ae5510ad32a6869161034d0011e000000fe01000000000000ffffffff93083467cf61c0f2,8232b94e19650a374e39f63bf6473cdb64d2d57d1b88a00121640000db1d070000000000ffffffff
1802,7572,53794,1.260344843,1.587314011,3.051939513,0.000003566,1.898404454,3.665489941,1.435855677,b4bf0539cc5239d28d32e38f1034000000000000fe01000000000000ffffffff4f0c2665335fe0f3,d83f074f215b3f4cfe38cc3a0000d0d9f5fdf73f2284b0011f000000b83a0d0000000000ffffffff
1803,7573,53795,1.259151192,1.586320112,3.010806034,0.000003566,1.900171386,3.532597162,1.398649830,95bff3383d5294d1cdb9d6821034e0011d000000fd02000000000000ffffffff5e0a3465375eb8e7,d83f274f53598d4cf338973afd168ed905fef77f2284b0011f0000009964020000000000ffffffff
1804,7574,53796,1.259151192,1.587810961,3.032091890,-0.145968382,1.831868425,4.126299967,1.797558449,95bf0e3987525ed193f293841034e0011d000000fd02000000000000ffffffff52086f67145e89af,0931524a63614a3f5c397b3b6148b2da6ba62277226c10021a0000008679000000000000ffffffff
1805,7575,53797,1.259728765,1.589246593,3.057117154,-0.295675301,1.664893364,2.016411365,1.872984992,a4bf2839de528ed1817f91da1034000000000000fd02000000000000ffffffff64012b6fba6e281a,d921823ebc448b3d61391538594c58d515ae614c1f741002100000008d70020000000000ffffffff
1806,7576,53798,1.227962251,1.456064103,3.144274106,-0.070883893,1.882557284,4.224387494,1.742280881,6bbcbc2f0d5434d4748dbcb01000000000000000ff00000000000000ffffffff5800256e056e80e9,a738e84db8622f403b39a63b5444e0da2ffe847d1b88a00121000000a856010000000000ffffffff
1807,7577,53799,1.227731222,1.464457030,3.146575280,-0.088249587,1.534085189,3.534898335,1.373844374,65bc543015541dd43923e28a1000000000000000ff00000000000000ffffffff5800256e056e503d,e43641355b593440c439793a08458ed92ebe13052284b0011f0000009964020000000000ffffffff
1808,7578,53800,1.228732348,1.456505836,3.146575280,-0.185820918,1.783995615,4.130039374,1.753685297,7fbcc42f15541dd48f22f28a1000000000000000ff00000000000000ffffffffe8001e6ea26e40fe,fe2cef46706117457539783b8b49b4da612e5026226c10021a000000827d000000000000ffffffff
1809,7579,53801,1.227769726,1.461917065,3.144274106,-0.078122808,1.891723243,4.315283854,1.805921507,66bc26300d542cd4e82137871000000000000000ff00000000000000ffffffffb2007b6f076eb420,eb378e4ef4639a3a3d39cc3ba5440ddb563e657d1b88a00121000000c438030000000000ffffffff
1810,7580,53802,1.228231785,1.454352388,3.148588807,-0.355357843,1.771737525,2.029067821,1.965150548,72bc9d2f1c5424d47acd44bd1000000000000000ff00000000000000ffffffff1d01726f716e6819,cb1b1146e844624035391e381d4d5fd5323e70181f74100210000000906d020000000000ffffffff
1811,7581,53803,1.228077765,1.455014988,3.146575280,-0.382811813,2.071011611,1.662605915,2.275210353,6ebca92f15542ed4a07d29bd1000000000000000ff00000000000000ffffffffdd08fb6a3b6091ba,02193d5bee3fef53d5383a37a44de1d3579690281d40f0010d781002b1321c0000000000ffffffff
1812,7582,53804,1.261076436,1.590682225,3.051076573,-0.344229937,1.905196098,2.036258988,1.925040846,c7bf4239c9524ed2a70b20e31034000000000000fe01000000000000ffffffff0000aa6ea56f0777,ec1c824f0145d74400392638f74c5bd5470a40221f74100210000000906e010000000000ffffffff
1813,7583,53805,1.228462814,1.463904864,3.156355268,-0.343921898,1.863286683,2.197628791,1.884424575,78bc4a30375436d4c9e903991000000000000000ff00000000000000ffffffff4900306fa46d0430,f41c8b4c324729430e396638f84cfad53c0610211f74100210000000b443080000000000ffffffff
1814,7584,53806,1.228385804,1.453745005,3.149451747,-0.166684000,1.591841774,3.536911862,1.454446911,76bc922f1f5419d49a4d11f11000000000000000ff00000000000000ffffffff02098c69a26286cc,ef2e573962599a3fa0397c3ab54890d932e282072284b0011f0000009a63020000000000ffffffff
1815,7585,53807,1.261230455,1.587645311,3.047912459,-0.304685440,1.533974756,-0.959006179,4.302367963,cbbf0b39be5297d23a8f80d41034000000000000fe01000000000000ffffffffc708b169dd6160ed,ef203f35541cf986ff3d5632e1cd225559dab54e032c10010e08f000c717150a02010000ffffffff
1816,7586,53808,1.261076436,1.588252694,3.050788926,-0.463248478,1.746613963,-1.254994641,4.640920904,c7bf1639c85279d2e106b4a71034000000000000fe01000000000000ffffffffe908cd6a4d60e5a8,d9104a444f1852c73f3e1b342bcf1456c00d80200324a0001138f000d11b060605020000ffffffff
1817,7587,53809,1.261076436,1.590461359,3.050501280,-0.418582834,1.664175548,-1.743131104,5.079921306,c7bf3e39c7524ed241af11b31034000000000000fe01000000000000ffffffff7e0bfc6dc260a184,6115753eae11edb6473ea73523ceb657b8c1106c081cc0000a0c9000962e2b0c03000000ffffffff
1818,7588,53810,1.261731018,1.593774356,3.023174842,-0.463402498,1.675274089,-1.242338186,4.601883229,d8bf7a3968529cd2907615fe1034000000000000fd02000000000000ffffffff6c0a916dfc5d3192,d5103e3f7b187cc8313e193485cf0b569e19b01e0324a0001138f000d41a060504020000ffffffff
1819,7589,53811,1.260960921,1.593498273,3.035831298,-0.442802394,1.595872588,-1.766718134,5.095811625,c4bf7539945225d24a6fa2f41034000000000000fd02000000000000ffffffff710c636e2f5fa983,ec12a0395c1173b6373ebe357cced457cde5906d083070000a0c50009436270707000000ffffffff
1820,7590,53812,1.261422979,1.594713039,3.014257795,-0.343536850,1.206761060,-1.475907313,4.784138949,d0bf8b39495264d288cab5fe1034000000000000fd02000000000000ffffffff9409b96cc45f999a,fe1c191e4f15682b063def3424cd1a57a1c5b24a032870000814900087690e0000000000fffffdff
1821,7591,53813,1.261268960,1.592283507,3.043310112,-0.468100091,1.622376566,-1.504096690,4.865237048,ccbf5f39ae525dd27987e1f01034000000000000fd02000000000000ffffffff270e036d2b651f62,5b10803bed14b5c4323ef634fdcefe56a159402903289000081cc000696516100a010000ffffffff
1822,7592,53814,1.228655338,1.611664541,2.995560759,-0.315505307,1.196490768,-1.574857780,4.842058135,7dbcbe3a08523ad37f887b341034000000000000fe01000000000000ffffffff4e10bc6a8e65f9a9,d61f5f1df7132f380c3da534adcc6f57e459b0570a0c70000520600065593e0201000000fffffdff
1823,7593,53815,1.228732348,1.613597123,2.972261375,-0.476532657,1.586209679,-1.408597983,4.701128325,7fbce13ab7512ad320c4ea211034d00100000000fe01000000000000ffffffffe711c965f961b8fb,800ff138391628c8253eb3344ecfb056a045a02703289000081c1001943e290202000000ffffffff
1824,7594,53816,1.259574746,1.581571483,2.950975519,-0.442494355,1.658156936,-1.687615290,4.941601891,a0bf9d386d5136d2aba587851034d0011e000000fd02000000000000ffffffff03075469245ffda3,f412083e6f12c9af423e7a3583ce8b578845916d081cc0000a0c90006c4322210d000000ffffffff
1825,7595,53817,1.260383348,1.589688326,3.070924196,-0.479767066,1.600069051,-1.600170691,4.984712495,b5bf30390e53f1d168f391de1034000000000000fe01000000000000ffffffff9f0e9066266498fb,2c0fec399f13fabe313e3f351bcf4e578c3910670a0c800007309000513d392e07030000ffffffff
1826,7596,53818,1.260498863,1.583062332,2.986356064,-0.455932554,1.486543678,-1.185384138,4.512080337,b8bfb838e851a6d2ac2597881034d0011e000000fe01000000000000ffffffff820733676560c8d9,9711e43141196cdb0a3e1a34f6cffb558ad9b0270324a0001138b000db1b050301000000ffffffff
1827,7597,53819,1.260113814,1.588252694,3.063445382,-0.504795229,1.398638818,-1.820795715,5.196794054,aebf1639f452f1d1e13e918f1034000000000000fe01000000000000ffffffffe6130f67f763a0fa,a20cac2ba010bdb10f3efc3560cf1358c0714057081cc0000314a000a332130b06050000ffffffff
1828,7598,53820,1.260267833,1.579638901,2.931703189,-0.087440985,1.648162728,4.240208063,1.879680712,b2bf7a382a51a4d2340539921034d0011e000000fd01000000000000ffffffff11111468bb641805,f936533def628b40c0399b3b0d45eada5dae92081b88a00121000000a950030200000000ffffffff
1829,7599,53821,1.260883911,1.581019317,2.961618447,-0.226713086,1.617517503,2.984342537,1.488218172,c2bf93389251ddd23b7579971034d0011e000000fe01000000000000ffffffff0113336aad640da9,d828283be151443e85399e399e4a80d8076e1249217c20021d000000bd330f0000000000ffffffff
1830,7600,53822,1.229194406,1.614535805,2.944071998,-0.232219282,1.314323037,-0.847686903,4.074713884,8bbcf23a5551f9d224f00a221034d0011e000000fe01000000000000ffffffffe6130f67f7635db1,4928b525d71dc357123d1d3742cbc354f07973060308b0001110e000a842150000000000ffffffff
1831,7601,53823,1.229117397,1.617075770,2.931703189,-0.108580157,1.058614866,-0.855741011,4.055372597,89bc203b2a51a4d2460439121034d0011e000000fd01000000000000ffffffffff0ba566496240f9,d4349e13bb1dff6c493dfa3628c6e7543843051b020c40000b0000009866010000000000fffffeff
1832,7602,53824,1.260229329,1.585215780,3.014833088,-0.300680934,1.538171219,-0.968786167,4.278770432,b1bfdf384b5250d21a9a35861034d0011e000000fe01000000000000ffffffff490f466e91614982,57218b35321c35b6ff3d6b32d2cd2b55961d305d032c10010e08f000cb15140901010000ffffffff
1833,7603,53825,1.262154572,1.596093454,2.985493124,-0.467946072,1.686262196,-1.590965996,4.893399301,e3bfa439e551bcd20092b8be1034000000000000fd02000000000000ffffffffe4079d6a835fc98f,5f100540bf1389af453e2b35eece3c578145505e0a0c8000073090005641362b04030000ffffffff
1834,7604,53826,1.260768397,1.590461359,3.061431855,-0.471488520,1.659040402,-1.603334804,4.976491243,bfbf3e39ed5225d28892e3f71034000000000000fe01000000000000fffffffff3061c685e6014d2,0310183e941366ba3f3e3835face4957983d70660a20300007309000513c3a2f06030000ffffffff
1835,7605,53827,1.260306338,1.588639210,3.070061256,-0.037769708,1.014828086,-2.737525773,5.978488749,b3bf1d390b5307d2e7e280911034000000000000fe01000000000000ffffffff0000aa6ea56f50f6,033c85102d045f3d543d632d66c0ac598ee563450614000000000000d52a000000000000ffffffff
1836,7606,53828,1.228308795,1.464677896,3.156355268,-0.071962029,1.016042851,-2.651519407,5.968532974,74bc5830375436d491ee03991000000000000000ff00000000000000ffffffffdb0edc6873654004,8b389b105805ce3d493d412e31c488598f7d92490614700000000000c03f000000000000ffffffff
1837,7607,53829,1.261384475,1.582123649,2.985493124,-0.095719531,2.538641173,1.826276892,2.024954155,cfbfa738e5510ad34b6969961034d0011e000000fe01000000000000ffffffff270e036d2b657187,2236527c274227771430842db445c1d400ffa37b1d40f0010d000000f408030000000000ffffffff
1838,7608,53830,1.263117194,1.594271306,2.995560759,-0.094256346,2.532677778,1.919762072,1.969876252,fcbf833908523ad39c897bb41034000000000000fe01000000000000fffffffff50952660b61c8f6,4836e67b6c43a774b830a72d8b4513d51d7f633a1d40f00100000000fc02010000000000ffffffff
1839,7609,53831,1.259959794,1.586817062,3.036981884,-0.088326597,2.537923357,1.995700803,1.951088330,aabffc38985203d2047295861034d0011e000000fe01000000000000ffffffff36095266015d61b6,e236457c7444ff715531e22d254568d53e07f3381d7c000100000000fe01000000000000ffffffff
1840,7610,53832,1.259228202,1.589080943,3.046761872,-0.086670888,2.507830299,2.122265354,1.873563063,97bf2539ba5241d1a78b41d91034e00100000000fd02000000000000ffffffffa40d136e3f623183,0d37247a2c463f653632882dfe44ead59f8751321d7c000100000000fe01000000000000ffffffff
1841,7611,53833,1.262231582,1.594823472,3.001026046,-0.054442315,2.555040510,2.177205875,1.826013851,e5bf8d391b52d7d2f5b518bf1034000000000000fe01000000000000ffffffff2908016b3d5ec9a0,523a7b7deb467f6ea6326a2e40422ed65c8b52771d7c000100000000ff00000000000000ffffffff
1842,7612,53834,1.260575872,1.591123958,3.059705974,-0.383427891,1.262916363,-1.487988475,4.846853969,babf4a39e752f7d16f1761ea1034000000000000fd02000000000000ffffffff94072d68c95ee1ae,f218122225154834f73ce734bccd1d57ef35015003287000082450008564140101000000fffffeff
1843,7613,53835,1.260036804,1.589301810,3.064883615,-0.056906626,1.067283875,-0.841933969,4.155726935,acbf2939f952c2d1604b61da1034000000000000fd02000000000000ffffffff0200926e826dbc3a,123a3b14eb1d3da4553d253766c2ea54dd72fc31020c40000b000000b847000000000000fffffeff
1844,7614,53836,1.228578329,1.454186738,3.148876454,-0.081588245,1.003619111,-0.860631005,4.242133626,7bbc9a2f1d5414d4ee0950de1000000000000000ff00000000000000ffffffff4300016f9f6f9235,9137ba0faa1d1b5d533deb3697c4f454750f4514020c40000b000000a757010000000000fffffeff
1845,7615,53837,1.228347299,1.463076614,3.155779975,-0.467522518,1.802437967,-1.313099276,4.791870441,75bc3b30355438d434fcf5ad1000000000000000ff00000000000000ffffffffba0cb967f664a0fb,6a103d488517acdd4d3e453407cf4a56cf11d11a0324a000113ce000cb260c0201000000ffffffff
1846,7616,53838,1.261076436,1.583945798,3.007354274,-0.470217859,1.706305829,-1.557886625,4.884032798,c7bfc8383152e2d2b2a5f68b1034d0011e000000fe01000000000000fffffffffc0c7569f2659804,24107041321474d0483e1135face2057ab65d01b0a0c80000724c0006050282006020000ffffffff
1847,7617,53839,1.261731018,1.583172765,3.005340747,-0.462401371,1.684605697,-1.492303175,4.817854500,d8bfba382a5228d346d929931034000000000000fe01000000000000ffffffffc4157f69bc6339a9,ef10e73f16156ec13f3ee434e8ceef56a415606403289000081cc0006d66170c08000000ffffffff
1848,7618,53840,1.229694970,1.615584921,2.915882620,-0.059794491,0.814723051,-2.154753543,5.292968346,98bc053bf350c1d22254ca221034d0011e000000fe01000000000000ffffffff11111468bb6415b0,c7395d02170c703c533dcb31f6c2ca581b5a0306051870000a000000973f290000000000fffff7ff
1849,7619,53841,1.228693843,1.615805788,2.961618447,-0.440453598,1.785486464,-1.492015529,4.759170127,7ebc093b9251ddd22a7479171034d0011e000000fe01000000000000ffffffffe4100e6d7664b183,29130a4717153bc1563ed63491cee556a56d106a03289000081cc000785e160d06000000ffffffff
1850,7620,53842,1.263078689,1.596479970,2.969672555,-0.410650831,1.679084035,-1.774484595,5.031423358,fbbfab39ae511ad3dc597ab41034d00100000000fe01000000000000ffffffffbc5fbc58f853a242,2f16833f411183bc4c3ecd35e4cddd57d39df06b083070000a0c9000b12a1d0602000000ffffffff
1851,7621,53843,1.158460967,1.538778602,2.567830104,-0.348234443,1.149114908,-1.013371407,3.904737266,5eb59635394cf6c89cd95e30105cd0001d7800009e5a060100000000ffffffffd514f27e26752a44,841c051a971b3753133d3e3666cd9555854ac1130308b0000a247000cf30000000000000fffffeff
1852,7622,53844,1.261384475,1.465616579,2.968234321,-0.100032076,1.034982152,-2.589387718,5.738123715,cfbf6930a951e9d4cfba72f61000000000000000ff00000000000000ffffffff6d5cf8516162481c,b235f2113006c2393e3dd42ed3c56d59967de2490614800007000000b649000000000000ffffffff
1853,7623,53845,1.155881141,1.564896063,1.373233327,-0.022598791,1.004116061,-2.986340175,4.550732939,1bb56f37003c000039e95d25105cd0011e7cd00065563e0500000000ffffffff6d19127f5470d548,8d3dc30fcc00503f573dd82843bd165acd6e46030614500200000000fd02000000000000ffffffff
1854,7624,53846,1.260383348,1.451205041,2.927100842,-0.381040589,1.207037143,-1.129005383,4.382452306,b5bf642f1a5195d4906a46fe1000000000000000ff00000000000000ffffffffcd16327ef06f3344,30191e1e051ad240033dee35e8cdf65550d230120308a000091cb000e913010100000000fffffeff
1855,7625,53847,1.260883911,1.446180328,2.946948465,-0.243116159,1.009195990,-1.221915270,4.453357875,c2bf092f5f518dd4011763f61000000000000000ff00000000000000ffffffff4618157f9d7bd33f,2e271f10c2181a472f3d9f356ecb59562656d2090308a00007240000d520090200000000fffffbff
1856,7626,53848,1.260960921,1.480690716,2.943209058,-0.437527228,1.603823781,-1.810728081,5.049746732,c4bf7a31525155d52cb9bbb91000000000000000ff00000000000000ffffffff4f17ad776267e02c,7513303ac310f6c03b3eee3544ce0458105e70290830700003285000b32e180303000000ffffffff
1857,7627,53849,1.261037931,1.348115609,2.923936728,-0.116781693,0.908977823,-1.016535521,4.197445706,c6bf19280f51c8d37c6b70d61034000000000000ff00000000000000ffffffff9f1d2166f862c359,ff3308098c1bec42503d4236afc694554f02c5020308a000071000008b74000000000000fffffbff
1858,7628,53850,1.230426562,1.619726168,2.851162111,-0.115318508,0.900750547,-1.113184814,4.247823241,abbc503b125049d22fb086211074d0001e7c0000fb02010000000000ffffffffa3169b79696ce031,253473083c1a7a3f4f3df735b5c6f455046a64030308a00007000000ae4f020000000000fffffaff
1859,7629,53851,1.261499989,1.406976527,2.935730243,-0.233258913,1.083683212,-1.444266175,4.639309363,d2bf432c385144d47a5ba0961000000000000000ff00000000000000ffffffff4f1c5976886ef0f6,2e286415bd15c830293dff34fdca0d57927d324b03287000021460009345250100000000fffffbff
1860,7630,53852,1.256263327,1.484721530,2.882803249,-0.279079704,1.135145103,-1.432472660,4.593592066,4abfc331805057d4bee6a38b1034000000000000ff00000000000000ffffffff1017fe6536638daa,88230819e615075a193d053531ccfd56e696121203287000021490009a570d0100000000fffffcff
1861,7631,53853,1.229502445,1.618511402,2.901500285,-0.194176474,1.026865309,-1.439376181,4.606529633,93bc3a3bc15067d24950e7111034d0011e7c0000fd01010000000000ffffffff57194976b06aec35,252c5f11ce157e30373d0535cec911578f1d024d032870000214600098362f0200000000fffffaff
1862,7632,53854,1.262000552,1.349606458,2.905814986,-0.277346985,1.116205802,-1.439951474,4.616248784,dfbf3428d05017d49c43d1921034000000000000ff00000000000000ffffffff015d8b49e364a829,b523b117cc15ce311d3d023529cc07578acdb34603287000021480009855100100000000fffffbff
1863,7633,53855,1.163389590,1.575221571,1.373233327,-0.294828194,1.171753722,-1.569392493,3.308811286,deb52a38003c00005871bf18177400011e7c0002665e360301000000ffffffffbe56db28e94759b3,ef219f1b0a14bc2f123da7345ecc6d579af545420a0c700005206000625c3e0201000000fffffcff
1864,7634,53856,1.125500802,1.508133377,2.748184590,-0.297908583,1.143151513,-1.445129115,4.443330493,06b26b33ac4e134c1c5a60591780d000000000008d70020000000000ffffffff7015417cd77bf8f8,9f219919ba158830163d013578cc0857b9e550540328700002148000975a0d0100000000fffffcff
1865,7635,53857,1.260537367,1.494881388,2.961906094,-0.112738682,0.919745064,-1.313674570,4.527389856,b9bf7b32935154d53df645821000000000000000ff00000000000000ffffffff665d4254ad600022,6834cb098317a8194f3d6035d0c6b05690d132520328200007000000c51e160600000000fffff9ff
1866,7636,53858,1.155111044,1.560037001,1.373233327,-0.287165726,1.132826004,-1.459511451,3.207353191,07b51737003c000065dd0e22105cd0011e34f0017c56260601000000ffffffffd71b61796f7538ff,b622de188815b82d1a3df9344dcc15579091824b03287000021480009359120100000000fffffcff
1867,7637,53859,1.258342590,1.484721530,2.896322644,-0.175771148,1.001355230,-1.437075007,4.590061045,80bfc331af50dbd4191237841000000000000000ff00000000000000ffffffffe41b367edb6a7f4c,032e910fd6153e343d3d06353fc91357cce11053031ca000021460009834300200000000fffffaff
1868,7638,53860,1.259651756,1.425032362,2.901500285,-0.156826754,0.983851561,-1.414350917,4.563729119,a2bf8a2dc15034d4b14ea6fd1000000000000000ff00000000000000ffffffff681997791c748024,ef2f540e2516af4c413d1335afc801579e82e503031ca000021460009e302d0300000000fffff9ff
1869,7639,53861,1.262963174,1.434087888,2.917033207,-0.345308073,1.138182017,-1.254994641,4.481061600,f8bf2e2ef750c6d40e37b4851000000000000000ff00000000000000fffffffffe633d1fcf4c17c0,d01c3f194f18f02b0f3d8c3548cd6a56b62d74450308a00007240000e60d090200000000fffffcff
1870,7640,53862,1.150644480,1.496593103,2.902650872,-0.366485750,1.168495942,-1.252405821,4.435518910,93b49a32c550484c7b2a2a42205cd00000000000f30c000000000000ffffffff4d5dd34c9463282d,aa1a641b5818c42e083d90359ccd6456064ea05e0308a00007248000eb0b070200000000fffffdff
1871,7641,53863,1.160925279,1.571466841,1.373233327,-0.288975454,1.061872647,-1.292101067,3.076671222,9eb5e637003c000036993f1f177400011e7cd0006653400501000000ffffffff2b19be7f6d761747,8722d913ce173635233d703567cc9256b641f05a0328200007240000c5290e0300000000fffffbff
1872,7642,53864,1.260691387,1.469592176,2.934292010,-0.304608430,1.125868710,-1.346753941,4.571177504,bdbfb1303351fed4e95589bf1000000000000000ff00000000000000ffffffffca13bb7d79755e35,f120601810178233163d45359fccb756c675114f0328700002245000b73a0a0500000000fffffcff
1873,7643,53865,1.261769523,1.464512246,2.974274902,-0.269800031,1.036196918,-1.298141648,4.558804941,d9bf5530be51edd42b3f50e11000000000000000ff00000000000000ffffffff1514567f5a796542,79240812b9171032293d6d351acc9a56a259d4440328200007240000c4290f0400000000fffffbff
1874,7644,53866,1.261615504,1.475279488,2.978014309,-0.236531827,0.999036132,-1.228531144,4.490687899,d5bf1831cb5132d5777ac3f91000000000000000ff00000000000000fffffffff1169b7f8575fb44,d927670fab189f66323d9c3539cb60562a33b5120308a00007000000d71f080200000000fffffaff
1875,7645,53867,1.261037931,1.467162644,2.952413752,-0.241344935,0.999753948,-1.265062276,4.501414135,c6bf85307251efd45f42b6fe1000000000000000ff00000000000000ffffffff5d14a87c62766c24,5c27740f2c182c2e323d85355bcb815682f1324a0308a00007000000d31a0f0300000000fffffaff
1876,7646,53868,1.262154572,1.463794430,2.967946675,-0.250547598,1.005496477,-1.245789947,4.500431222,e3bf4830a851f9d4eb9621cd1000000000000000ff00000000000000ffffffff601b7a77307038fa,6d26dc0f6f184a3f2f3d8f35a7cb7056d77190550308a00007240000d41c0d0200000000fffffaff
1877,7647,53869,1.256917910,1.486709328,2.893733824,-0.058947384,1.005662126,-1.651084158,4.755867783,5bbfe731a65079d4aab654861000000000000000ff00000000000000ffffffffc415d67b11770420,dd39df0fee120234533d5b34dec2cb57af51334707283000051820006350400a02000000fffffaff
1878,7648,53870,1.262539621,1.462248365,2.955002573,-0.057022141,1.006214293,-1.674383541,4.835331024,edbf2c307b5101d5e116d3861000000000000000ff00000000000000ffffffff29318b6e205d89b5,0f3ae90f9d12793e533d4834a5c2df573136730607283000051820006b4c341103000000fffff9ff
1879,7649,53871,1.235509205,1.617959236,2.557187176,-0.050091265,0.997876583,-1.638427703,4.431755327,2fbd303b144ca0d146144f1d1034d00100000000f806020000000000ffffffffd0320270e855a54d,c33a520f1a13c237563d6334d6c1c157c3bdb54107283000051820005f50460802000000fffffaff
1880,7650,53872,1.256263327,1.626462596,2.505698415,-0.077930283,0.979323798,-1.503521397,4.274658433,4abfca3b614ba8d07154cfab1034d00100000000f20d000000000000ffffffff23164a7b95710c2b,f037020eef141641503dca3496c44b5703ba76000328700002146000853e3a0100000000fffff9ff
1881,7651,53873,1.261923543,1.438008268,2.946660818,-0.081549741,0.964636177,-1.464401445,4.635350244,ddbf752e5e51a2d4400761901000000000000000ff00000000000000ffffffffab1dd96ee94f0197,9237f80c77156a34503dea34d5c42c576385844503287000021460009338320200000000fffff9ff
1882,7652,53874,1.256455852,1.606805479,2.862667980,-0.143003507,0.981366813,-1.447430289,4.574560865,4fbf663a3a50c9cf832f92f11034000000000000f906000000000000ffffffffd71ed26d1b4cf9a1,5631270eb2153806443dfd3441c81e57064eb643031ca000021460009635310200000000fffff9ff
1883,7653,53875,1.255069676,1.607136778,2.853463285,-0.274459120,1.053093204,-1.332371606,4.490839159,2bbf6c3a1a5071ce9e1701b01034000000000000eb14000000000000ffffffff381b877b6463ee47,00243a134217a031263d583529ccb556923d224c0328200007245000be2f0b0700000000fffffbff
1884,7654,53876,1.259266707,1.358938067,2.898623818,-0.127486046,0.926039759,-1.295552827,4.438648654,98bfdd28b75051d335b793f61034000000000000ff00000000000000fffffffff518117d986ac147,e9323d0ac2173c2e4c3d6c35b8c7a056c46d81500328200007000000c61c180500000000fffff9ff
1885,7655,53877,1.260229329,1.418130285,2.923361435,-0.281235976,1.049614557,-1.310222809,4.520525930,b1bf0d2d0d512dd4181733f61000000000000000ff00000000000000ffffffff2f16bd7f1e7a7245,5023fb128f17a02d263d673546cca3567601f24e0328200007240000c22c0d0400000000fffffbff
1886,7656,53878,1.261307465,1.477046419,2.961906094,-0.279195218,1.052817121,-1.271678150,4.525080614,cdbf383193513dd5d915e8bf1000000000000000ff00000000000000ffffffff9913c47c2f7ab022,8523351315186759243d7d3543cc8156956a620f0328200007240000c726100200000000fffffbff
1887,7657,53879,1.262462611,1.473181256,2.977151369,-0.114432896,0.910855188,-1.276568144,4.506238070,ebbff230c8513ad5c0a252c81000000000000000ff00000000000000ffffffff7015417cd77bb42b,3c342a0904184f52503d7c35cdc68c56fd0277050308a00007000000c81a1a0300000000fffff9ff
1888,7658,53880,1.262963174,1.474727321,2.961906094,-0.158212929,0.964691394,-1.328056905,4.547929275,f8bf0e31935154d5adf645821000000000000000ff00000000000000ffffffff5815be7c56705538,cb2ff90c5117aa37433d5435c7c8b856a73943470328200007140000bc21140e00000000fffff9ff
1889,7659,53881,1.261384475,1.441818215,2.955865513,-0.225557940,0.986998909,-1.257295815,4.490944970,cfbfba2e7e5192d45c47c0e21000000000000000ff00000000000000ffffffffbc04006cbf62e9a5,f6288d0e47189a31343d8735e0ca7b56a4e5b4430308a00007000000d31d0c0300000000fffffaff
1890,7660,53882,1.226922619,1.467273077,3.085306531,-0.221976987,1.013613320,-1.322303971,4.661775154,50bc87304053cbd284334ca81034000000000000ff00000000000000ffffffffeb044a6c30623ac9,53296f106517982f333d5a35b9cab056b26173470328200007245000bf26110a00000000fffffaff
1891,7661,53883,1.226961124,1.469536959,3.084155944,-0.055289422,1.008312524,-1.590390703,4.869114991,51bcb0303c53bad2a5d6ccb81034000000000000ff00000000000000ffffffff1507ea6a1c622da2,3c3a0f10c1136a35533d863472c2945798459347031ca000051820005c514e0401000000fffffaff
1892,7662,53884,1.227654212,1.467770027,3.066609495,-0.198912573,0.944537327,-1.010207293,4.350781582,63bc9030ff529bd26baffba91034000000000000fe01000000000000ffffffff730ac168c06540fa,aa2b8c0ba21bf349403d3f36d5c997554e5ed3060308a000071000009768000000000000fffffcff
1893,7663,53885,1.261576999,1.585050130,3.031516597,-0.059332433,1.009803373,-1.615128319,4.864876107,d4bfdc38855211d3de85c6851034000000000000fe01000000000000ffffffffc708b169dd614770,d3392a106b130b54523d7334e9c2aa57cc7a4408072830000518200058514f0601000000fffffaff
1894,7664,53886,1.228308795,1.467273077,3.050788926,-0.134493932,1.513323739,2.424006750,1.500735763,74bc8730c85279d23007b4a71034000000000000fe01000000000000ffffffff164dea67de23c0e4,3332c933454a0c41b339b638fa47ddd609fa22071f84d00122000000b337150000000000ffffffff
1895,7665,53887,1.217681452,1.542643765,2.395817373,-0.178312469,1.803266216,4.228126901,2.318206482,60bbdc35e3499a4b40bfeb380d10000100000000bb2e160000000000ffffffffbf617b5cb76375b0,c12d4c48c5621b407639a33b6f49e4da5c0640621b88a00121000000a658010000000000ffffffff
1896,7666,53888,1.209749449,1.571632491,2.839656243,-0.441031171,1.794707640,-1.444553822,4.596661294,92bae937ea4f9ed1aaba7f1f107470010d7c0000d3210a0100000000ffffffff924dc7664a2428e0,1a13b147bc15ffb7553eb1349ecebe569a99706a03289000081c100193481e0401000000ffffffff
1897,7667,53889,1.217758461,1.540324667,2.411062648,-0.302798701,1.437621752,-0.888532736,3.634552472,62bbb235184a8e4b640fb9340d10000100000000b92d190000000000ffffffffcf5f9349f32d7f7e,20216e2e491df814f03cf23617cdf35407f6d24e032c10010238f000c3210c0c02000000ffffffff
1898,7668,53890,1.188456258,1.478923784,1.477073789,-0.071846514,1.003508678,-2.996407810,4.671875449,69b85a31693dc2349285e8660d6070011010000065563c0602000000ffffffffd305556a06601ac1,8e38b80fa900e02a4d3dd9281ac4185aca56b7020614500200000000fe00000000000000ffffffff
1899,7669,53891,1.227423183,1.481298099,3.080991831,-0.033803707,1.035037369,-2.821806258,6.052509164,5dbc8531315332d20048c3e01034000000000000fe01000000000000ffffffff1d09a068eb6204dc,6a3cf3110803003d553d6c2ce0bfcf59d7fd84420614500200000000e718000000000000ffffffff
1900,7670,53892,1.260999426,1.586982712,3.046474226,-0.300680934,1.538171219,-0.968786167,4.308543156,c5bfff38b95290d204ebb0931034000000000000fe01000000000000ffffffff8a084966ef5f70e4,57218b35321c0237de3cbc36d2cd2b550e1e305d032c10010e08f000cb15140901010000ffffffff
1901,7671,53893,1.259805775,1.587921394,3.052227160,-0.052863615,0.884019911,-2.455631999,5.705706858,a6bf1039cd52c5d1af8e62891034e00100000000fe01000000000000ffffffffe60e6d65766048f8,7b3a440701082f43523d413028c246593199024a0518700000000000926a020000000000fffffcff
1902,7672,53894,1.259343717,1.584111447,2.982616657,-0.418505824,1.236578035,-1.295552827,4.608545615,9abfcb38db51e4d1e0d1f6821034d0011e000000fd02000000000000ffffffffdd08fb6a3b60e241,63153520c217ec28f83c783562ce82569e92705903289000021c8000e514020202000000fffffeff
1903,7673,53895,1.228501319,1.292622905,3.051076573,-0.424281554,1.244750095,-1.273116384,4.629538612,79bc2c24c9524ed2b50a20e31034000000000000fe01000000000000ffffffff66019b6ef86e400c,cd14c92010184446f63c87357dce6e569ede406e03289000021c8000ea0f030201000000fffffeff
1904,7674,53896,1.227846736,1.459156234,3.143123520,-0.405953238,1.228074676,-1.259596989,4.701770828,68bcf42f095437d416ed5b9a1000000000000000ff00000000000000fffffffffc0c7569f265a7b4,a9169b1f3f18bf6afa3c913537ce6456e552e41303282000091c8000ed0c030201000000fffffeff
1905,7675,53897,1.228039260,1.614094073,3.005340747,-0.241961013,0.987937591,-2.205379364,5.450190530,6dbcea3a2a5228d33ed829131034000000000000fe01000000000000ffffffffbc04006cbf62b1a1,4c279e0e670b2236243d95310bcbd158d911424b051870000800000099560f0100000000fffffaff
1906,7676,53898,1.226191027,1.475003404,3.085306531,-0.404027994,1.263358096,-1.393352708,4.770827640,3dbc13314053cbd23d304ca81034000000000000ff00000000000000fffffffff65ede238b3d876f,db161a226e169c29f43c2e351bcecf56021a91530328700009088000b93d060200000000fffffeff
1907,7677,53899,1.204782321,1.536017771,2.868996207,-0.406761840,1.213773571,-1.283471665,4.465859978,11ba64355050f24ed749e9411780d00000000000b748000000000000ffffffffb85e342d9e34f002,9416981eec17b42efc3c7f3536ce7a56e14133470328200007248000e810030201000000fffffeff
1908,7678,53900,1.044948622,1.613652340,2.846847411,-0.401640693,1.256676885,-1.384148013,4.485685499,daa9e23a03500e4f8b71665f1734800120400000f10b020000000000ffffffff9b042e6a8f61af64,1917a1218e166c34f63c343512cec856fcc522480328700009088000bd3b050100000000fffffeff
1909,7679,53901,1.226922619,1.481242883,3.089908879,-0.354895785,1.189643907,-1.356533929,4.728428182,50bc8431505371d25e74d18d1034000000000000fe01000000000000ffffffffb748b8665560500a,d71be31cee16c832063d433562cdb956e2f1114c0328700002248000be37070201000000fffffdff
1910,7680,53902,1.150336441,1.627235628,2.298880432,-0.198257990,0.946856425,-2.188983501,4.735245029,8bb4d83b924857d100fd34ba1074d0001f000000dd1f020000000000ffffffff7444fc6957504805,bb2bb60ba00bc03a303da831c5c9ce58edb1324805187000082800009e4c140000000000fffff9ff
1911,7681,53903,1.163351085,1.626352162,1.993111982,-0.222939609,0.952267654,-2.117934764,4.390546340,ddb5c83b6b44b0ce3e59b5bc1034d00100000000eb14000000000000ffffffffbb483a68785c2804,3a29180c970c80342d3d0f327dcaaf58c2bde24805187000082800009b42220000000000fffff8ff
1912,7682,53904,1.152839257,1.626241729,2.319590995,-0.348426968,1.233099388,-1.560187798,4.178641486,ccb4c63bda4807d1a34d67be1074d0001f000000ed0e040000000000ffffffff2a4a8667ba5f2806,7f1cf61f2a14d74f013db1342ccd5d57a2b291100a0c7000081460006a5a380101000000fffffdff
1913,7683,53905,1.150143916,1.626296946,2.370216816,-0.341419082,1.194889486,-1.458360864,4.131450063,86b4c73b8a496fd1b3d567be1074d0001f000000e01c030000000000ffffffff71187a792664f33b,351d421d8c159429083dfb341fcd0d5788f9c44403287000022090008c680a0000000000fffffdff
1914,7684,53906,1.260075309,1.339557033,2.917320854,-0.330445195,1.225810794,-1.576296014,4.768153336,adbf7e27f85061d37d03e1e81034000000000000ff00000000000000ffffffffb95d1e50ba61c42d,521e721ff213eb47053da434e6cc6c57287ef3050a0c70000520600069563d0202000000fffffdff
1915,7685,53907,1.159231065,1.564619980,1.373233327,-0.356435980,1.157452617,-1.272541091,3.076224003,72b56a37003c0000518def211740d0011e34f00167503f0800000000ffffffffa25b7d4e6e64b81b,af1b9c1a1218ec270b3d813572cd7756cca9b1500328200007248000e60b0b0300000000fffffdff
1916,7686,53908,1.157498346,1.572019007,1.373233327,-0.307804334,1.193398638,-1.557311331,3.298265805,45b5f037003c0000148dad251d4070011e7cd0005752510301000000ffffffff636091574758d037,9e20271d3414994f0d3db03491cc60577e1e91130a0c700005206000645e3a0101000000fffffdff
1917,7687,53909,1.157652365,1.545625463,2.574445978,-0.329752108,1.195883386,-1.473318493,4.326556228,49b51236504cddc968159e32105cd0001d780000965c060402000000ffffffff5754f62d6d565aba,641e541d5815a42d093dee34f0cc1957b2cdc249032870000814200088670f0000000000fffffcff
1918,7688,53910,1.188956821,1.469095226,2.712228751,-0.167993165,0.989428440,-0.932255035,3.918374097,76b8a8302f4eaab4e033a024178000010d000000a456040000000000fffffffff26d3e28e551e1b1,cd2eb90eb11c475c433d9a36ccc83a55f1c6630e020c40000a2c0000857a000000000000fffffdff
1919,7689,53911,1.164275202,1.489635809,2.964494914,-0.334719235,1.388423743,-0.956992652,4.199439598,f5b51c329c512f465fa24f18205c000000000000e31c000000000000ffffffff54627122b63d5b59,e31df32a5b1c0f62f13cae3687cd3c55813e1124032c200011389000ce160c0b03000000ffffffff
1920,7690,53912,1.204320263,1.537619053,2.895172058,-0.104999204,0.937911333,-0.925063868,4.082666940,05ba8135ab50234f810091501780d00000000000dd22000000000000ffffffff601b7a773070dc26,3135140bca1c2d4c513d9836edc53855099bf408020c40000a000000956a000000000000fffffdff
1921,7691,53913,1.262924669,1.401620515,2.893733824,-0.394825331,1.537895136,-1.091323665,4.318262269,f7bfe22ba65079d429b754861000000000000000ff00000000000000ffffffff4f1c5976886e2430,ca178635881ae8e60d3e9d33adcfa5557ca53126033810010b24f000ce150f0704010000ffffffff
1922,7692,53914,1.262963174,1.371803540,2.882803249,-0.413846735,1.896085356,-1.071763689,4.327258088,f8bfc629805057d481e7a38b1034000000000000ff00000000000000fffffffffe16697b136be23e,dc15dd4ecc1a90e64c3e1f3353ce9055f5cdf1180344e0000f24b000a5251c1801000000ffffffff
1923,7693,53915,1.260845406,1.411946023,2.936305537,-0.260212319,1.126420876,-0.920461520,4.155694087,c1bf9d2c3a5132d463bb30e91000000000000000ff00000000000000ffffffffc66ae0246c3e033c,72256a18da1c2768243d9e36f3cb3455cbd622190308b0000444a0009e60010000000000fffffeff
1924,7694,53916,1.203203622,1.538226435,2.948674345,-0.430596352,1.950197644,-1.130443617,4.413414322,e8b98c356551a04ef8513f131780d00000000000d827000000000000ffffffffa7639b47932d477a,2914b152001a93bf643e7b332bcece550162b0690344e0000f24a000c815110f02000000ffffffff
1925,7695,53917,1.189534394,1.492948806,2.837067423,-0.407454927,1.614314939,-1.112034228,4.261514810,85b85832e14f4c4c4f798a66183470011010000056554c0701000000ffffffff696bd825963f1b4e,8216ee3a401a20e41f3e8f33bbcfa255489d512003381001092cf000c01f140505030000ffffffff
1926,7696,53918,1.202857078,1.538833818,2.951838459,-0.428209050,1.970572577,-1.052491359,4.345277018,dfb9973570513b4eac39fe4d1780d00000000000cc33000000000000ffffffff0a64212bc233bf63,671422540f1b2ccf643e1b3324ce9f553f6240250344f0000e244000ac211b1600000000ffffffff
1927,7697,53919,1.202202495,1.530054375,2.895172058,-0.452197582,1.830322360,-1.145688892,4.376729109,ceb9f834ab50b24f5d24385b1734800120400000fb03010000000000ffffffff191b5759c23858ec,f811364acb1900d1483e8633f6ceba55f149a020033810010f24a000ae271a0d03000000ffffffff
1928,7698,53920,1.245250936,1.591620908,2.861229746,-0.332023895,1.854783323,-1.762691080,4.892616290,2cbe53393550b4455467f28e0d40e001241070016e622c0200000000ffffffff9534676b4956e19e,291ef14b6a115dbd7a3ea835daccaa57e4558171083070000a0c9000b22c170604000000ffffffff
1929,7699,53921,1.236702855,1.622542216,2.445004960,-0.276807917,1.893821474,-1.759526967,4.476873464,4ebd833b8e4a67d05080fe2d1034d00100000000f30b010000000000ffffffffec1d186ed464a1ab,c323b44e75113bb78c3ea4350acca157c36d32760830700003289000b429150606000000ffffffff
1930,7700,53922,1.231735728,1.612603224,2.852887991,-0.205073351,1.990450561,-1.796921039,4.881384328,cdbccf3a1850fdd24748b30f1034d00100000000fe01000000000000ffffffff6135976d364e7199,0a2b8a55f31016ccac3edc35d7c9c1577812243a0830700003289000c0240f0805000000ffffffff
1931,7701,53923,1.238512584,1.621934833,2.397830900,-0.358707767,1.820493802,-1.741692871,4.441418193,7dbd783bea49a6ce68604e331034d00100000000df20000000000000ffffffff4334a76e6852a9a3,741b8449b3113fb46f3e973540cd9f5796cdc379083070000a0c9000a928210904000000ffffffff
1932,7702,53924,1.237626972,1.620664850,2.450470247,-0.352431474,1.795867189,-1.777648709,4.520616289,66bd613ba14a07d03c248f2d1034d00100000000ea14000000000000ffffffff1d2f466b4f5d6bb1,171cc64736119bbb6a3eba3526cdbf57c5d1d173083070000a0c9000b72b170502000000ffffffff
1933,7703,53925,1.234893127,1.620388767,2.588828314,-0.340340946,1.826567630,-1.807563967,4.674626958,1fbd5c3b824c7bd12cac5d1d1074d0001f000000f604040000000000ffffffff3237a86ba2503995,511df249ce10f6cb723ee335decce35723aa002b083070000a0c9000c32c0c0201000000ffffffff
1934,7704,53926,1.238050526,1.623536115,2.337137445,-0.464134090,1.729938543,-1.325755731,4.040487639,71bd953b17491ccf84d48d341034d00100000000e817000000000000ffffffff3731ce693d5ba99b,c2101c43591737c03e3e58342ccf5756ab01001f0324a000113ce000c02a130200000000ffffffff
1935,7705,53927,1.235355185,1.622376566,2.554598356,-0.315543812,1.492617506,-0.995249664,3.876021940,2bbd803b0b4c11d15b245d2d1074d0001f000000f406050000000000ffffffffd46bed265c3cd54a,d51f5232d61b48e0f73db532ebcd4f55dc3db127032c10010e08f000cc14130a02000000ffffffff
1936,7706,53928,1.202587544,1.536790803,2.953564339,-0.518965020,1.466223962,-1.706887619,4.968755917,d8b972357651c24eb949cf541780d00018000000e619000000000000ffffffff9c5d6527a9385758,320b74302c129cc0183ea235a2cfb9578c293066081c30000a305000615528160a000000ffffffff
1937,7707,53929,1.005827678,1.621713966,2.849148584,-0.045547691,0.858896348,-2.384007969,5.391957752,e2a5743b0b503f4f8d14564a1780d00018400000f00d020000000000ffffffffaf6e8a2c7d3cad4b,393b7d05fa084940533da0304ec12a59626d224a05187000000000009e59080000000000fffffbff
1938,7708,53930,1.200469776,1.536404287,2.964207267,-0.209886459,2.377519074,1.806716916,2.009070111,a1b96b359b51e64d2c992f5b1780d00018000000f509000000000000ffffffff7270ee2ff43ddecf,8d2aec70e341fb54352f5929204a9ed4de77202a1d7c00010d840000e60f0b0000000000ffffffff
1939,7709,53931,1.089113704,1.625744780,2.969960202,-0.230371048,2.387347632,1.612267741,2.040688054,55aebd3baf510a4db77c0f611780d00018000000f708000000000000ffffffff2508246a0c622993,79289e713f3fb767212ca528d34ad2d38ebba1331d40f0010d000000ab4d070000000000ffffffff
1940,7710,53932,1.226152522,1.487592794,3.056829507,-0.209809450,2.374592593,1.887257994,2.053449038,3cbcf731dd5289d29e7c1ba71034000000000000fe01000000000000ffffffffe908cd6a4d6088e3,8f2ab770fb428350403085291d4aecd4ea4fe0271d7c000121000000ef0d030000000000ffffffff
1941,7711,53933,1.228116270,1.474285588,3.050501280,-0.234221535,2.303528802,1.744872873,2.128553898,6fbc0631c7524ed2c7ac11b31034000000000000fe01000000000000ffffffff8614dd62475a28e3,1528b06b0c41e75fd02d1b26cd4a53d4b72fc12e1d40f0010d840000d716120000000000ffffffff
1942,7712,53934,1.256340337,1.584608397,2.927388489,0.000003566,2.162174252,3.142548226,1.399377759,4cbfd4381b5181d0767654831034e0011d000000fb03010000000000ffffffff1a5f945a1d4a0941,d83fb061075468feee37c1390000c5d8edfd77001f84d00122000000f20b020000000000ffffffff
1943,7713,53935,1.161156308,1.523649247,2.556036589,0.000003566,2.162395118,3.109756501,1.436272161,a4b58434104cf1c452dd9d34105cd0001e748001a353080000000000ffffffffc136876c6f48a76c,d83fb4619553f0f1d337c9390000b9d8e9fd17001f84d00122000000ed10020000000000ffffffff
1944,7714,53936,1.252489850,1.624640447,2.324480989,-0.018671294,2.175757541,3.143986460,1.609711130,e8bea93beb48e3ccd770fdf61034000000000000d12e000000000000ffffffff6a1a0b6ed8604632,f33da6620c5480daf437c939fe3bc5d89833811a1f84d00122000000f20b020000000000ffffffff
1945,7715,53937,1.230734601,1.612768874,2.883953836,-0.225095881,2.266754532,1.844398634,1.904682297,b3bcd23a845080d226f8f22b1034d00100000000fe01000000000000ffffffff3c17ca7c6f7da0f4,0229166966424b5b4f2f3d25884aadd4ccf3802c1d7c000121340000e019060000000000ffffffff
1946,7716,53938,1.260768397,1.489691026,2.948674345,-0.091060443,2.519867522,1.639018885,2.145670583,bfbf1d32655170d5e79c7a8a1000000000000000ff00000000000000fffffffffb18307b2f79a8fd,9b36fe7a9c3f77784d2d412d8b451cd4f046247c1d40f0010d000000bf3a050000000000ffffffff
1947,7717,53939,1.259574746,1.489525376,2.927388489,-0.177503867,1.244474012,-0.877026867,4.074165106,a0bf1a321b5122d509f606831000000000000000ff00000000000000ffffffffa25dad5b394aad41,d62dc420711d583b263d21374dc9cc54d11a76030308b000044400008774030000000000ffffffff
1948,7718,53940,1.159231065,1.523097081,1.373233327,-0.185012316,2.091883493,2.560926583,1.881787321,72b57a34003c00006919ee33105cd0001e748001b543080000000000ffffffffd65f2355ce5d9825,132db75c214cf2c7b737d33a594963d7485950291f84d00122000000d02c030000000000ffffffff
1949,7719,53941,1.157151802,1.554349689,2.560351290,-0.073078670,2.229648963,2.766306332,1.418419403,3cb5b0361f4c82cb47455e2a105cd0011e34f0018359170a02000000ffffffffdb5db6522460f422,6e387666eb4e50cd0338623a3e4416d879e582781f84d00122000000e915010000000000ffffffff
1950,7720,53942,1.157690870,1.559926567,1.373233327,-0.099261979,2.190169079,2.838218009,2.030595038,4ab51537003c00005dedbe21105cd0011e34f0016d61290801000000fffffffffb5d295b7d50a444,c635ab63e54fd4d6d0374a3ac54537d8ece5402a1f84d00122000000e518010000000000ffffffff
1951,7721,53943,1.156959278,1.532373474,1.373233327,-0.101341242,2.127277347,2.304345720,1.674574903,37b52235003c000098fd6e2f105cd0001d780000ba40050000000000ffffffff101a8672f15b90bb,9035385fa54858cc2b383c3bdb455fd6a939d57d1f74100210000000c82c0b0000000000ffffffff
1952,7722,53944,1.260768397,1.607854594,2.896322644,-0.190749541,2.073496359,2.312687474,1.632285694,bfbf793aaf50f4d1fd3bc0e11034000000000000fe01000000000000ffffffff2a34df6dce459771,7e2c6a5bc24838d0fc37463b864967d6b571333a1f74100210000000cc240f0000000000ffffffff
1953,7723,53945,1.252297326,1.622266132,2.412788529,-0.116088606,2.144173633,2.419979696,1.464554270,e3be7e3b1e4a53ccf7ecbcf71034400000000000cc33000000000000ffffffff9718f37d247d502b,11346a60374a14cd1738033bbb46d8d66f65047c1f84d00122000000d419120000000000ffffffff
1954,7724,53946,1.260806902,1.485163263,2.938606710,-0.102534893,1.968198263,2.803988051,1.452634105,c0bfcb3142516dd56a74dda51000000000000000ff00000000000000ffffffffff1b2a7ed3784139,7135f7536e4f7759c4387039d74524d85605763b217c20021d0000008b72020000000000ffffffff
1955,7725,53947,1.260075309,1.476218170,2.906677926,-0.208307760,2.061238269,2.413651469,1.655739243,adbf2931d35023d509753db31000000000000000ff00000000000000ffffffff4722707d586d2145,b62a8c5a214a014ab538cc380a4acfd61feea1341f84d00122400000ca22130000000000ffffffff
1956,7726,53948,1.258419600,1.442370381,2.842820357,-0.116512159,2.026672664,2.724309913,1.498629782,82bfc42ef54f5cd4af9dfcb91034000000000000ff00000000000000ffffffff8a1e757e92721944,06341a58594e9f62b8384c39c746ffd7f3c022271f8420021d000000a35b000000000000ffffffff
1957,7727,53949,1.259459231,1.462469231,2.881652662,-0.178967052,2.034071691,2.557474823,1.581420506,9dbf30307c50b9d491498cba1000000000000000ff00000000000000ffffffff25200f5dce4590e2,b02da058154cdd4bbd38063933495dd7127e80291f84d00122000000c833030000000000ffffffff
1958,7728,53950,1.248831888,1.588418344,2.820671560,-0.300295885,1.800450168,2.981178423,1.571787774,89be1939a84f97c8604f61931078d00017900000bf2f110000000000ffffffff8d1e915e9a4958f3,61211948d651574b3539a1394f4c7cd826a2902b217c20021d000000ab44100000000000ffffffff
1959,7729,53951,1.250102549,1.588583994,2.845409177,0.000003566,1.908398662,3.937891373,1.690723584,aabe1c39fe4f29cb987ad4831078d00017900000d3200c0000000000fffffffffe1cb75a2a3e18d8,d83fbc4fd45edd481039373b000055da1102f87f226c10021a000000b446050000000000ffffffff
1960,7730,53952,1.246752625,1.590185276,2.848860938,-0.226828600,1.627843011,2.840231536,1.474087582,53be39390a50dcaa9bb340981078d000245c00008e39380000000000ffffffffbf261b6baa3d418b,d528e33bec4ff93e80396339a84a39d80f5a5209217c20021d000000a854030000000000ffffffff
1961,7731,53953,1.250487597,1.612271924,2.704174644,-0.070113795,1.870796143,4.061579457,1.911379250,b4bec93a134ec5c71583d3f71034400000000000b54a000000000000ffffffff084c1c65022680d2,bb38134d826093443639643b244491da38bef37a226c10021a0000009f5f010000000000ffffffff
1962,7732,53954,1.219106132,1.537784702,2.359286241,-0.151243548,1.854452023,4.221223380,2.333440881,85bb84356449f44a0d52e43b0d40400000000000b924220000000000ffffffff294f5f668325f8e3,8030eb4bad62c63d5e39a43b8a48e0da52b682771b88a00121000000a856010000000000ffffffff
1963,7733,53955,1.217488927,1.537619053,2.463989643,-0.159060036,1.522047965,1.859643910,1.503450455,5bbb8135d04a204bdf6d463f0d10000100000000b625240000000000ffffffff944b81669a24ca43,b52f67349b426c43aa39a5370e49d4d424ae52081d7c000121000000a757010000000000ffffffff
1964,7734,53956,1.218759588,1.548772810,2.344903906,-0.136380670,1.518238019,2.158796486,1.368200812,7cbb4b363249644b1554b5270d10000100000000bc291a0000000000ffffffff0a5cb55a886a899d,02322234ab464340b0394d384348ead5f30103471f74100210000000a4500b0000000000ffffffff
1965,7735,53957,1.212406285,1.559540051,2.743294596,-0.231449184,1.591400041,1.756954035,1.748885753,d7ba0e379b4e90d2e52a7e221074f001173400009862030100000000fffffffff95f89549665d5a8,5d284f393641dd4589395337104b70d43bbea10c1d7c000121780000bd3e030000000000ffffffff
1966,7736,53958,1.205898962,1.563570864,2.803700404,-0.084360596,2.210157496,2.686340548,1.447970074,2eba57376d4f5dd14feeae12107470011e7cd0009044270201000000ffffffff665d0d570169919b,49371565d54d58d00638853ae644e1d77e85637a1f84d00122000000e716010000000000ffffffff
1967,7737,53959,1.209287391,1.558877452,2.760841045,-0.208307760,2.061238269,2.413651469,1.543529398,86ba0237d84e34d2ca72ce1c107470011f340000995e060200000000ffffffff975c065f0169c994,b62a8c5a214a10d4cc371b3b0a4acfd67deda1341f84d00122400000ca22130000000000ffffffff
1968,7738,53960,1.214639567,1.564067814,2.755375758,-0.179275091,2.111982343,2.638015901,1.502325444,11bb6037c54e93d2ef569c261074f0010d5c0000b449010101000000ffffffff0325ec75cc6da00c,a82d235e2d4d70caaf37af3a3549afd7586170291f84d00122000000cf2f010000000000ffffffff
1969,7739,53961,1.255878279,1.462690098,2.768895153,-0.168609243,2.028770896,2.658438817,1.536819043,40bf3430f44e3fd44bad0c961034000000000000ff00000000000000ffffffff5926af7b1767c547,bd2e4058744df8db6737b13ae748c0d75ae5b0291f84d00122000000b14d010000000000ffffffff
1970,7740,53962,1.257148939,1.413657739,2.758827518,-0.114047848,1.914859007,2.971110788,1.475278796,61bfbc2cd14ed4d3daf11cf91034000000000000ff00000000000000fffffffff01f347d3074c839,46343150b351c753e138af399b4677d8c191a53d217c20021d000000b9380e0000000000ffffffff
1971,7741,53963,1.259074183,1.467162644,2.866695033,-0.168609243,2.028770896,2.658438817,1.548242372,93bf85304850d2d43acd4db31000000000000000ff00000000000000ffffffff581dda5fd162fcdf,bd2e4058744def54c2382d39e748c0d7c7e5b0291f84d00122000000b14d010000000000ffffffff
1972,7742,53964,1.257225949,1.574227672,2.852025051,-0.117166742,1.531876524,2.837930363,1.375117285,63bf18381550c0d18c16819c1074e0010d7c0000ee0d030100000000ffffffff711534656561d8fa,f5331935e44f5d40ba396039d14639d811424306217c20021d000000ae4e030000000000ffffffff
1973,7743,53965,1.259035678,1.579528468,2.915882620,-0.223209143,1.657825636,3.668366408,1.664155042,92bf7838f3500bd2d709268b1034d0011e7c0000fd02000000000000ffffffff2503bb6c9362b0d7,3329023e2b5be0428339b53afe49d1d954aac0132284b0011f000000b73e0a0000000000ffffffff
1974,7744,53966,1.226576076,1.471138241,3.099113573,-0.109311749,1.526575728,3.123563543,1.337261155,47bccd307053ced22b58d1ec1034000000000000ff00000000000000ffffffff12037c6cea6224cc,c134b934c553cc3fbd39d5395e46c6d8fe6dc3452188f0011b000000b338140000000000ffffffff
1975,7745,53967,1.226499066,1.472076923,3.099688867,-0.113547284,1.530882625,2.982904303,1.346410400,45bcde307253d7d209f830a51034000000000000ff00000000000000ffffffff1403156d776318f9,53340735dc51ca3fbb399c399d4681d802829305217c20021d000000bb32120000000000ffffffff
1976,7746,53968,1.226383551,1.468874359,3.099401220,-0.081280207,1.556116621,3.786876851,1.479938667,42bca4307153f6d23781e4b31034000000000000ff00000000000000fffffffff303836c20630dad,9937d036c75c7d40c739df3a89440ada46969305226c100200000000b826210000000000ffffffff
1977,7747,53969,1.226268037,1.471966490,3.091347112,-0.089943801,1.616413171,4.049210649,1.634252429,3fbcdc305553e2d217682ca41034000000000000ff00000000000000ffffffff8619b260484948ee,b836143b5760d741be394b3b40458bda6c02b307226c10021a0000008975010000000000ffffffff
1978,7748,53970,1.250834141,1.592117857,2.889994417,-0.078507856,1.576933287,3.920632571,1.682140220,bdbe5c399950b8caea5a33861034e00100000000e413090000000000ffffffff131611625e5100e7,e1374938985e5941c739153b6f444bda5f860306226c10021a000000a94f070000000000ffffffff
1979,7749,53971,1.253683501,1.589853976,2.920484968,-0.168301204,1.794265907,3.535761276,1.562814664,07bf33390351f4cd89bec4821034e0011d000000f509010000000000ffffffff4a188361704d68eb,c52ea9475e592d483d398a3a9b4891d93a5ea2362284b0011f0000009b61020000000000ffffffff
1980,7750,53972,1.252220316,1.591013525,2.902650872,-0.312771462,1.848654278,2.834478602,1.587521805,e1be4839c550aaccaa2af4831034e0011d000000ee0c050000000000ffffffff011a1661af5298e6,1d20824bd84fd74b22396739884c36d822ba602c217c20021d000000926a030000000000ffffffff
1981,7751,53973,1.253375462,1.586982712,2.889706770,-0.263331214,2.011156794,2.314125708,1.676787509,ffbeff3898503ece895e84831034e0011d5c0000f207060000000000ffffffff8963a4533a36576f,21250157c748694fcc389f38a14b6ad6e6c542371f74100210000000c826110000000000ffffffff
1982,7752,53974,1.176789284,1.495378338,1.373233327,-0.216393782,1.746890046,3.799820953,2.809367313,3ab78432003c00008f251d700d5c000118100000645e281500000000ffffffff4c5f8f595350f843,e4294f44f45c19486b39f03af44913da4a72202a226c100200000000be28180000000000ffffffff
1983,7753,53975,1.159423589,1.532870423,2.560926583,-0.143388556,1.817401671,4.062442397,2.008190045,77b52b35214c0fc890f98e2f105cd0001e740000a058070000000000ffffffffc563a956483af773,4c314c4985607a425a39603b434893da5df68278226c10021a0000009866010000000000ffffffff
1984,7754,53976,1.172399729,1.500458267,1.373233327,-0.158597978,1.702992832,4.129464080,3.067471778,c8b6e032003c0000f8857b751740d000187840005553520400000000ffffffff3d62905025331f7e,c12f34416e6142429739723bb748b3da6b42610f226c10021a000000817e000000000000ffffffff
1985,7755,53977,1.181178838,1.489028426,10.558655644,-0.325901621,1.936559139,2.438389086,8.271052184,acb71132bdb8a7ba2c1259720d5c800110100000655b2d1200000000ffffffffcc619e4d6230477e,c81eba51774add4df638cb38ba4cead6250ad12e1f84d00122400000bf2f120000000000ffffffff
1986,7756,53978,1.185144840,1.484555880,1.518494914,-0.222593065,1.736509321,3.668654055,2.582322767,13b8c031f93d89360296496f0d5c800110100000654d440901000000ffffffffbb62944cdb2f4f7d,432993432c5bc6456539bb3a1b4ad2d9507ed02a2284b0011f000000b73d0b0000000000ffffffff
1987,7757,53979,1.186030452,1.487151061,2.818658033,-0.097452250,1.859531953,3.399129089,1.457031922,2ab8ef31a14f304cc2499a6d0d5c800110100000604e470801000000ffffffff7a054d692361c765,f535474c8357e14c0d39593a9d454cd92016d43b2188f0011b0000009569010000000000ffffffff
1988,7758,53980,1.227115144,1.485384129,3.083293004,-0.258479600,1.981726335,2.435224972,1.695092771,55bccf31395348d2658c518d1034000000000000fe01000000000000ffffffff03075469245fb4b9,9f25ec546c4a6350d838cf38694be4d6ef9db2361f84d00122000000c728100000000000ffffffff
1989,7759,53981,1.227846736,1.486930195,3.070924196,-0.177965925,1.791449859,3.397115562,1.474938057,68bceb310e53f1d103f091de1034000000000000fe01000000000000fffffffff3061c685e602b5d,ca2d76477c57d74c3439503a0f494cd91ebee2372188f0011b000000946a010000000000ffffffff
1990,7760,53982,1.227500192,1.492396640,3.070061256,-0.385892202,1.224154296,-2.040270153,5.365675734,5fbc4e320b5307d23be080911034000000000000fe01000000000000ffffffff20086668b1617762,b218541fa50d3f58f13c7a3283cd8858173e720c081470000628c000a637111100000000fffffdff
1991,7761,53983,1.226807105,1.493445756,3.057404801,-0.353471105,1.183680512,-1.991082566,5.299099775,4dbc6132df5251d25780e3981034000000000000fe01000000000000ffffffff0007156b1160e0d6,fc1b771c500ebb4bfe3ce33226cd6b583ffa310c051c80000628c0005947372602000000fffffdff
1992,7762,53984,1.227654212,1.476715120,3.069485962,-0.415579454,1.256235152,-1.982740812,5.317313577,63bc3231095347d29a2008f51034000000000000fe01000000000000ffffffffe4079d6a835f20d6,af1599216d0e2a3aeb3cd932f0cd6c589cd1e052081470000630a000ae2d160b02010000ffffffff
1993,7763,53985,1.227962251,1.479034218,3.061431855,-0.353586620,1.149390991,-2.052063668,5.362629761,6bbc5c31ed5225d2ca90e3f71034000000000000fe01000000000000ffffffff4806676a78640019,f91b0a1a7c0dd947013d7e3226cd875811a23014051c60000828c0006838312e00000000fffffdff
1994,7764,53986,1.229155902,1.372576573,3.072074783,-0.471103471,1.606695045,-1.317126330,4.712831400,8abcd4291253ebd26772b2cc1034000000000000ff00000000000000ffffffffc2067b6916621995,0d10643a771752c9253e663496cf5c56942d70250324a000113c8000b930150100000000ffffffff
1995,7765,53987,1.226614580,1.486709328,3.070348903,-0.457049195,1.627014762,-1.230544671,4.620832702,48bce7310c537ad28da056941034000000000000fe01000000000000ffffffffbb03a16cc365c81d,7a11d43ba418aecd273e1934b0cf06566e35a01f0324a0001138f000d020060503010000ffffffff
1996,7766,53988,1.228578329,1.404988729,3.094511226,-0.403681450,1.403773963,-1.055080179,4.459078637,7bbc1f2c605334d3914a41dd1034000000000000ff00000000000000ffffffff36088069216770fb,e416092c061ba8e4ee3d8233e4ce9b55e37951240344b0000e089000e308070605020000ffffffff
1997,7767,53989,1.225112891,1.438946951,3.052802453,-0.140808730,2.015353257,-1.774772242,5.050095399,21bc862ecf5251d3eed1d6831034000000000000ff00000000000000ffffffffec069569e3652820,8f314d57401187c5c03eb23515c89a57237a843c0830700003289000aa27161107000000ffffffff
1998,7768,53990,1.229617960,1.379533867,3.065746555,-0.079393468,2.046826731,-1.792318691,5.075390490,96bc522afc521ad383dab3c41034000000000000ff00000000000000ffffffffc003846bce66c421,ca3787590311cbc5d53ec53599c4a4573eb2453e0830300007289000a62b1a1004000000ffffffff
1999,7769,53991,1.229040387,1.407197394,3.093648286,-0.400139003,1.744570948,-1.666329433,5.042363958,87bc472c5d534ad3837e31d01034000000000000ff00000000000000ffffffff9e023d6c096abc30,40172544b912f9ab583e6535e4cd6e5784f95069081ca0000c0c90006c46261511010000ffffffff
2000,7770,53992,1.229194406,1.427682760,3.109468855,-0.517001271,1.551754507,-1.509561978,4.939639559,8bbcba2d9453c0d3a53ed2891034000000000000ff00000000000000ffffffffb400b76da96b5431,650b8136da148ec3213e0635b7cf0c579b7de06a032880000724c0006c6213110c010000ffffffff
2001,7771,53993,1.228770853,1.441873432,3.137370585,-0.475107977,1.642033683,-1.418377971,4.868070676,80bcbb2ef553eed360f270d11000000000000000ff00000000000000ffffffff6135976d364ea75f,a50fe43c171605c1313eb13441cfb4569d09d06203289000081c10018c4a260201000000ffffffff
2002,7772,53994,1.253953035,1.625358263,2.397830900,-0.508068142,1.427572327,-1.502946103,4.284845287,0ebfb63bea49a6cea9604eb31034d00100000000df20000000000000ffffffffbb1e165f744f40e3,4d0cb82df114ffb7073e183597cf16578715e10f032880000724c00077610e0d0c000000ffffffff
2003,7773,53995,1.251681248,1.586154462,2.853175638,-0.511610590,1.412332540,-1.612539499,4.804375491,d3bef0381950facceecac2871078d00017740000de1b070000000000ffffffffae195a717b5e2b40,f10ba42c7413a1c2093e6a3593cf7357617180160a0c7000083090005143382e03020000ffffffff
2004,7774,53996,1.261538494,1.606584612,2.897185584,-0.395287390,1.750203043,-1.720407014,4.907938434,d3bf623ab2504ad2fe13c09f1034d00100000000fe01000000000000ffffffff5b18586fa05a3190,be178b44fd11afbc5b3e8d35cdcd9857af05805f081cc0000a0c90009832211005000000ffffffff
2005,7775,53997,1.260306338,1.603989431,2.903226165,-0.491318526,1.540766400,-1.601896571,4.834078783,b3bf333ac750a8d153b3b2f71034d00100000000fc03000000000000ffffffffed1ae16f606109ba,000eba359913aebb243e4a3547cf5757894540670a0c8000073090005044362d05030000ffffffff
2006,7776,53998,1.230850116,1.611443675,2.883090896,-0.475107977,1.591344825,-1.688765877,4.879812632,b6bcba3a8150a3d216a8f0191034d00100000000fe01000000000000ffffffff8c158662b15d58e4,a50f4e396b1275b8323e8235fece965790cd506c081cc0000a0c90006045242115000000ffffffff
2007,7777,53999,1.257110434,1.581461050,2.915594974,-0.460437623,1.668648094,-1.327481612,4.578348154,60bf9b38f2501ad143c6f3851034e0011d5c0000fb02010100000000ffffffff6c6119571f66119d,2211c63e531733c4323e643448cf5e56980580210324a000113ce000b92e160200000000ffffffff
2008,7778,54000,1.207593177,1.564343897,2.824698614,0.000003566,2.078244988,2.831602135,1.312407962,5aba6537b64fafd15faa5e19107470011e7cd000a73f180101000000ffffffff094a97655223b844,d83fc05bce4fa0e433373c3a000033d824fdb7041f84d00122000000c03d010100000000ffffffff
2009,7779,54001,1.217835471,1.549766709,2.291689265,-0.116512159,2.026672664,2.724309913,1.481581423,64bb5d367948f24b1c2c51230d10000100000000be2e130000000000ffffffff0c1aa7637542d195,06341a58594ef8ee4a378c3ac746ffd72dc122271f8420021d000000a35b000000000000ffffffff
2010,7780,54002,1.249948529,1.600013834,2.880789722,-0.131490552,2.166867665,2.789318069,1.496016131,a6beeb397950c2c754ff61f31034e00100000000d12e000000000000ffffffffbb12d97d4c798e31,813205623b4f08d8bd37653aa44721d8c8b520271f84d00122000000de20010000000000ffffffff
2011,7781,54003,1.262077562,1.473622989,2.985780770,-0.094910929,1.861630184,3.668366408,1.567766086,e1bffa30e6512fd5f33e10df1000000000000000ff00000000000000ffffffffee228e699a3e498e,37366d4c2b5be3492339c63a5145d2d91ee6633b2284b0011f000000b63b0d0000000000ffffffff
2012,7782,54004,1.250372083,1.609179793,2.768895153,-0.085823781,1.520336250,3.394239095,1.477960624,b1be913af44e98c71bfb62f61034400000000000b946000000000000fffffffff832f96cb3590db3,2337483472577440c639403aff4449d925ced3042188f0011b0000009569010000000000ffffffff
2013,7783,54005,1.236048273,1.620333551,2.503972535,-0.097567765,1.858538053,3.535185982,1.702549352,3dbd5b3b5b4b04d1314c3f211034d00100000000f508020000000000ffffffff0739a8693a53ef78,f235354c5c59cf491939903a844590d932c6237b2284b0011f0000009a62020000000000ffffffff
2014,7784,54006,1.237549962,1.625358263,2.263212241,0.000003566,2.378071240,2.229845223,1.448865510,64bdb63b1648a0cf1d21cb3b1034d00100000000f10d000000000000ffffffff10183b683d6311a9,d83ff670a247e01e5f33052b000034d63f03280a1d7c100210000000f807000000000000ffffffff
2015,7785,54007,1.229925999,1.617020553,2.895172058,-0.233220408,1.655837838,3.536336569,1.597934955,9ebc1f3bab508ed22314c91f1034d0011e000000fd01000000000000ffffffff8e1b5b64c96229a1,2f28de3d605933437c397f3a744a91d94a8ed0142284b0011f0000009d61020000000000ffffffff
2016,7786,54008,1.229810484,1.620499201,2.866119740,-0.108387632,1.892441059,3.129316478,1.390682960,9bbc5e3b465026d23fdca51a1074d0001e7c0000fb03010000000000ffffffff831842784a6e482a,d9349b4ed9538751f238ed393a46c5d8e8f5243d2188f0011b000000bc31120000000000ffffffff
2017,7787,54009,1.262193077,1.403884397,2.918471441,-0.104421631,1.521274933,3.253579855,1.411989358,e4bf0b2cfc505ed44f57328b1000000000000000ff00000000000000ffffffff195f33561a5e7c2c,403559348955f83fbf39093a144605d91062e3052188f0011b000000a654050000000000ffffffff
2018,7788,54010,1.155342073,1.554570555,1.373233327,0.000003566,1.920325452,3.141109993,2.143355224,0db5b436003c00007f096f29105cd0011e34f0018e52170702000000ffffffff895ee658cf57a837,d83f945002544752ca38fd39b117cad8bcfda73f2188f0011b000000bc34100000000000ffffffff
2019,7789,54011,1.155573102,1.544300264,1.373233327,0.000003566,2.470448647,2.528710152,1.878355258,13b5fa35003c00005e5d6d35105cd0001d780000af48040301000000ffffffffd25be54a51650c20,d83f7f77b14bcb3b5234172f00005fd783fe17011d00000000000000ff00000000000000ffffffff
2020,7790,54012,1.160771259,1.575221571,1.373233327,-0.011201350,2.489995330,2.547407188,1.894469605,9ab52a38003c000010b90d281d5c00011e7c00026456410301000000ffffffffb218676fab5da19a,b53ee178f24b2f5e49345c2fd6386cd72bd3511d1d00000000000000ff00000000000000ffffffff
2021,7791,54013,1.261345970,1.604099864,2.900924992,-0.241460450,1.735239339,3.395964976,1.587667875,cebf353abf501dd29fdfc1b11034d00100000000fd02000000000000ffffffff8617de614f5628e4,59277c437857d54d5439493ad44a4cd92b0e112f2188f0011b000000946a010000000000ffffffff
2022,7792,54014,1.254723133,1.585933596,2.907253219,-0.153784869,1.801112768,3.802409774,1.682706785,22bfec38d55080cf71e684821034e0011d5c0000f705030000000000ffffffff4f1e635c3a4218e0,3e302548fd5cad484c39f63a6a4814da24da7238226c100200000000bd2a180000000000ffffffff
2023,7793,54015,1.248023286,1.589743543,2.837642716,-0.300064856,1.609290227,-1.019987281,4.156713625,74be3139e34f72c47d2bd1941078d00017900000af331d0000000000ffffffff431cf1557a34becb,6721933a801bc8e10c3ebc325ece4c55ac390125033810010b3c9000ca14140a02010000ffffffff
2024,7794,54016,1.243787751,1.589467460,2.848860938,-0.502677461,1.517354553,-1.402557402,4.596726978,06be2c390a502849c127309b0d780001241000008a3a300a00000000ffffffff4b1ac25c343c38f3,d90c12344e1644cd163eba34accfb456a75d002803289000081c10019c36280302000000ffffffff
2025,7795,54017,1.246868140,1.593443056,2.871009734,-0.485966349,1.535907337,-1.303319288,4.520071738,56be74395750de3d103ba38a1034e001241000009453170000000000ffffffff7417e45ff53ec5aa,8b0e6235a717b2ce163e6834e9cf5a56a05910270324a00011207000bd2f120100000000ffffffff
2026,7796,54018,1.248369830,1.596700837,2.897473231,-0.528976285,1.486101945,-1.508411391,4.752158523,7dbeaf39b35048c1c18ff0e71034e00124000000ba42020000000000ffffffffeb1b8d5ff45df4d0,2e0adc31de14a6bb143e0f35e5cf14578805805e03288000091cc000745e110f0d000000ffffffff
2027,7797,54019,1.255762764,1.578148052,2.867270327,-0.020981586,2.483038036,2.528710152,1.601101187,3dbf5f384a50dcd0e622b1cf1078d0010d5cf001f108040200000000ffffffff9b1ceb5f8b5a8ecf,b73d6378b14bdd3d42342a2fd63c5fd78e0f51151d00000000000000ff00000000000000ffffffff
2028,7798,54020,1.254877152,1.580632800,2.865544447,-0.254821638,1.655727405,3.396540269,1.602119284,26bf8c3844504ed0167ff1cd1078d0001d5c0000ef0c020100000000ffffffff5a1b4860ac4ee0ec,fe25dc3d7a57c0447439443a0b4b4cd9408ef0142188f0011b0000009569010000000000ffffffff
2029,7799,54021,1.252027792,1.588418344,2.878776195,-0.180776781,1.590130059,3.397978503,1.523976020,dcbe19397250e4cc9e1a54841078d00017740000e90d090000000000ffffffffd5019f6d94685425,812d38397f5737409939433a2e494cd923e662072188f0011b000000926c010000000000ffffffff
2030,7800,54022,1.228578329,1.424204113,3.118961196,-0.036191008,2.538309874,2.415664996,1.826334763,7bbc7b2db55391d363c2a0df1034000000000000ff00000000000000ffffffff8900556e646b002c,2c3c4c7c284ac7660134e82e274008d76ba711321d00000000000000ff00000000000000ffffffff
2031,7801,54023,1.228578329,1.441210832,3.140822346,-0.054596334,2.481988920,2.421130283,1.802141201,7bbcaf2e0154e7d30f6a80e11000000000000000ff00000000000000ffffffff50029b6eb468b422,4e3a50783b4a083009345f2e4742ffd6b523d1121d7c000000000000ff00000000000000ffffffff
2032,7802,54024,1.228231785,1.424866713,3.116660022,0.000003566,2.444441618,2.334836271,1.777449275,72bc872dad53a4d3556a42f11034000000000000ff00000000000000ffffffff1b02be6c39691c2b,d83fa8750f49101af933fb2c0000a9d6a502b8021d7c000000000000ff00000000000000ffffffff
2033,7803,54025,1.228924872,1.425363662,3.114646496,0.000003566,2.478620706,2.547119541,1.715134054,84bc902da653a2d3801af1d01034000000000000ff00000000000000ffffffff3d1cd87c097a1421,d83f1378f14bdb5b52345a2f00006bd71803a8061d00000000000000ff00000000000000ffffffff
2034,7804,54026,1.259882785,1.480414633,2.902363225,0.000003566,2.405458684,2.269540468,1.686258220,a8bf7531c45035d59fd0cda01000000000000000ff00000000000000ffffffffd51a9c7b1b7a3006,d83fe6722c48381a99331c2c000061d6dbfee7041d7c000000000000fe01000000000000ffffffff
2035,7805,54027,1.259728765,1.484942396,2.912430860,0.000003566,2.467190866,2.418541463,1.672018652,a4bfc731e75032d525b19a8a1000000000000000ff00000000000000ffffffff2508246a0c62399a,d83f4477324a64212b34ec2d0000fbd650fe87001d7c000000000000ff00000000000000ffffffff
2036,7806,54028,1.228039260,1.467107428,3.056829507,-0.099531513,2.436600858,2.253144606,1.829828159,6dbc8430dd5289d2527f1ba71034000000000000fe01000000000000ffffffffa5055f6a6b62919b,bf351a75f3473c341333052dba4559d6e0ffc0161d7c000000000000fe01000000000000ffffffff
2037,7807,54029,1.226537571,1.481684616,3.079841244,-0.063067405,2.522904436,2.303770426,1.830165463,46bc8c312d539cd26e0c37941034000000000000fe01000000000000ffffffff3f5e842ee034500f,7239357ba348b75d6633462e3c439dd6aeeb102e1d7c000000000000ff00000000000000ffffffff
2038,7808,54030,1.056346063,1.613707556,2.834766249,-0.081280207,2.461448337,2.332247451,1.505118966,02abe33ad94fcc4e3771b3601734800110800000ec0e040100000000fffffffff15017326b578f6e,9937dc760649442f9633b82dac44abd6d033e1131d7c000000000000ff00000000000000ffffffff
2039,7809,54031,1.220184268,1.520998850,2.644919422,-0.042274777,2.559016107,2.280183396,1.674608920,a1bb5434454d15c4b5bc020e174000020d740000ba2d100700000000ffffffffc265b756983be760,8e3bc37d5148df6d4533b72ed74092d65a73b2361d7c000000000000ff00000000000000ffffffff
2040,7810,54032,1.172553748,1.505869496,2.869283854,-0.055866995,2.544659785,2.091487156,1.786916476,ccb64233515013458b259e711740d000187840006751440300000000ffffffffc65fa2446660800b,2d3abf7cc145018c1332442e7242d8d52893a3391d7c000100000000ff00000000000000ffffffff
2041,7811,54033,1.176404235,1.571411625,2.793920416,-0.110428390,2.451674995,2.163398833,1.681772658,30b7e5374b4f79cee9704827177400012078d000c226100602000000fffffffff908a468506238e1,a4342b76bb46a7596a32be2c5d4604d6c9d7d02a1d7c100210000000fd02000000000000ffffffff
2042,7812,54034,1.260883911,1.587369228,3.048487753,-0.083474984,2.517106691,2.197628791,1.842735348,c2bf0639c05276d2ee5a319d1034000000000000fe01000000000000ffffffff1507ea6a1c626195,6037cc7a32478f5ebe32cf2dcc4437d6b7fb102f1d7c000100000000ff00000000000000ffffffff
2043,7813,54035,1.226114017,1.482899381,3.066609495,-0.097336736,2.400599621,2.217476414,1.820637969,3bbca231ff529bd285acfba91034000000000000fe01000000000000ffffffff49046b6bdf62eda5,f8358e727747d42eca325c2c9c452ed6df63c2141d7c100210000000fa05000000000000ffffffff
2044,7814,54036,1.226422056,1.476328603,3.089621232,-0.513112280,1.446290762,-1.394503295,4.809808182,43bc2b314f53c4d242a426941034000000000000ff00000000000000ffffffffb96b652fb5366f61,ca0b0b2f6a1607c0063ec134c9cfb7567439c01803289000081c1001a332250202000000ffffffff
2045,7815,54037,1.050031264,1.619505301,2.944647291,-0.443842026,1.707741462,-1.637852409,4.820658309,5eaa4c3b5751b24e76ec6c611760d00020400000fc02010100000000ffffffff631952638861e0f8,d1128a411c13b19e4c3e4d358dce5d574de93167081ca000033090004d3f3f290a010000ffffffff
2046,7816,54038,1.258304085,1.577375020,2.883090896,-0.502831481,1.531710874,-1.697970571,4.908136903,7fbf51388150e0d12366b4951074d0001e7c0000fb02020100000000fffffffff71ce85f6957acd6,d50c16354b12d8bd243e913566cfa7579185c06a081c30000c2890005b4f251818000000ffffffff
2047,7817,54039,1.254030045,1.582565382,2.865256800,-0.468600655,1.695041639,-1.431609720,4.630676983,10bfaf38435093cf0bff21cb1078d0001d5c0000ed0e030000000000ffffffffe50f64649a5ce8ee,4e10a440e91579bd3d3eb4341acfbb56a319906403289000081c10018b4d230301000000ffffffff
2048,7818,54040,1.257957541,1.585547080,2.972549022,-0.496824722,1.463849647,-1.284334606,4.605988414,76bfe538b85111d10f1ea6811034e0011d000000fc02000000000000fffffffffb1a267f8d77d142,710d4930e917accf073e673403d054569449e0240324a00011207000c42b0f0100000000ffffffff
2049,7819,54041,1.260344843,1.472573873,2.917320854,-0.326825738,1.104002928,-2.256580478,5.424408722,b4bfe730f85010d570e9ebba1000000000000000ff00000000000000ffffffff261c915e7d4578f2,b01ed416b50a7545053d2b31abcce4584f8e77000518800007000000645f360700000000fffffdff
2050,7820,54042,1.249293947,1.590958308,2.864969153,-0.299025224,1.107923308,-2.318424520,5.431223162,95be4739425066c8f066c3861078d00024000000d018170000000000ffffffff3f138e62ec5408e5,82211b17de093343093dc53045ccfc58e9a5174006148000079400007664210400000000fffffeff
2051,7821,54043,1.255069676,1.588804860,2.942058471,-0.270185080,1.088873574,-2.240472262,5.425399355,2bbf20394e5137cfa65694c31034e0011d000000f806010000000000ffffffff6b208c7bfa75e021,6f24c215ed0a673a113d4931decbda588379224a0518700008000000835b111000000000fffffdff
2052,7822,54044,1.258766144,1.472739523,2.860079159,-0.245426451,1.085339710,-2.298576897,5.387430397,8bbfea303150ead4c94c2ea11000000000000000ff00000000000000fffffffffe040e6d486cc810,f2268215230afe3b153ded3025cbf3587879124a05188000070000008569090800000000fffffdff
2053,7823,54045,1.226961124,1.441707782,3.087320058,-0.404567062,1.479862467,-1.072914275,4.468880141,51bcb82e47531bd4e1789c991034000000000000ff00000000000000ffffffffa507446c576a6812,cd166b31c81a48e7003e9e3386cfa355dec921270344e0000b242000dc0c0c0704010000ffffffff
2054,7824,54046,1.226422056,1.430277941,3.056254214,-0.405375665,1.307034444,-1.035520203,4.406877652,43bce92ddb52f6d3d9889c9b1034000000000000ff00000000000000fffffffff702206ef26de812,b81631254a1b7f59f23c45366dce9655a6f2401c0308b0001124e000e911030201000000ffffffff
2055,7825,54047,1.227461687,1.450155925,3.117810609,-0.403681450,1.403773963,-1.055080179,4.480602276,5ebc512fb15331d4f3e09c9c1000000000000000ff00000000000000ffffffff731eff793b767005,e416092c061bf764df3c4e36e4ce9b55757a51240344b0000e089000e308070605020000ffffffff
2056,7826,54048,1.258535114,1.478702918,2.875036788,-0.494783964,1.397368835,-1.909966195,5.096763342,85bf56316550e9d4450d2b8b1000000000000000ff00000000000000ffffffff991d885f0954f4da,a60d952b6a0f9dae133e4a3612cf415819960058081cc00005183000b41d161403020000ffffffff
2057,7827,54049,1.253067423,1.584277097,2.862092686,-0.453814786,1.557276170,-1.207820581,4.413430631,f7bece38385072ce043bf2c91078d0001d5c0000e812040000000000ffffffff8e1b3a5ffb4978f1,ce11e536f31814d7193e1834ebcfff55688960230324a0001138f000d320050402010000ffffffff
2058,7828,54050,1.250526102,1.590130059,2.872735614,-0.434408334,1.341323965,-1.919170889,5.085594996,b5be38395d50f9cac7d233851078d00000000000de120f0000000000ffffffffdf19475e0130d993,c6139e274a0fbbba053e553654ce4258f2f11051081470000c18a000b01f170c0a020000ffffffff
2059,7829,54051,1.244788877,1.601835983,2.869571501,-0.046471808,1.010355539,-2.988066055,6.027364350,20be0c3a5250c849314372f40d4040001e900000ba43010100000000ffffffff98190860b3391999,213b3410c600cf38523ddc286ac1175acc32b7020614500200000000fe01000000000000ffffffff
2060,7830,54052,1.247137674,1.599516885,2.876187375,-0.222593065,1.868532262,2.977151369,1.497555157,5dbee239695075405ecbc1f31034e001049000008775020000000000ffffffff50330b6f0e4bd766,4329ea4cc8511b530d39a7398c4a7bd8cefd933a217c20021d000000b43b100000000000ffffffff
2061,7831,54053,1.253683501,1.622818299,2.464564936,-0.291285746,1.700011135,2.839368596,1.591655268,07bf883bd24aeccdc11cfef31034000000000000d827000000000000ffffffff1806ca6bea62b018,4b22fe40e94f913e5a3964394a4c38d822b6d012217c20021d0000009c60030000000000ffffffff
2062,7832,54054,1.228539824,1.365011896,3.074375956,-0.292440892,1.695869888,2.982041363,1.559286705,7abc4b291a53c3d294b671da1034000000000000ff00000000000000ffffffff1a1aae5fde4458f7,2d22b340d951803d5e399f39524c7ed818a29053217c20021d000000b23f0e0000000000ffffffff
2063,7833,54055,1.249486471,1.592614807,2.881077369,0.000003566,1.895754056,3.402580850,1.387467771,9abe65397a502fc8bf3e34851034e00124000000d71b0d0000000000ffffffff225a0e4ddc65b82a,d83fd74e8f578b4de738643a7e1c4ed90402f87f2188f0011b000000946a010000000000ffffffff
2064,7834,54056,1.156920773,1.575000705,1.373233327,0.000003566,1.894870590,3.274865712,2.248772975,36b52638003c00002aed0e271d4070011e7cd00066573e0201000000ffffffff391548627f4cccda,d83fc74ed355fb50db38313a8c170dd9c2fdb73f2188f0011b000000ab50040000000000ffffffff
2065,7835,54057,1.252451346,1.593332623,2.926525549,-0.037269145,0.983299395,-2.638287659,5.744794645,e7be7239185174cc60a311cd1034e00100000000ef0e010000000000ffffffffaf60495b2d445f4d,103c4a0e8605bd3d533d772e57c0855955e112490614700000000000b44b000000000000ffffffff
2066,7836,54058,1.163312581,1.516415870,1.373233327,-0.361403107,1.152538338,-1.228243498,3.037243233,dcb50134003c00007de52c39105cd0001e600000a744140000000000ffffffffd0320270e85589a6,2e1b431aac1877580b3da0358bcd5256a9b231140308a0000724b000eb0d050200000000fffffdff
2067,7837,54059,1.237010894,1.618897919,2.505698415,-0.336528964,1.124101778,-1.234859372,4.088107565,56bd413b614ba8d04354cf2b1034d00100000000f20d000000000000ffffffff3e610c486f2da181,b41d401895187f38123d993528cd5a56fca9b14c0308a00007240000e510080200000000fffffcff
2068,7838,54060,1.189495890,1.485384129,1.787732233,-0.343844889,1.136912034,-1.122101862,3.307521913,84b8cf31a14104ba8e1978660d6070011010000064543d0704000000ffffffff8863514a992eaf7c,f61c28191d1a6340123ded3551cdf7552ef6f0100308a0000724b000df1e010000000000fffffdff
2069,7839,54061,1.187724666,1.490077542,9.669252024,-0.292209863,1.065296077,-1.226229971,11.003734521,56b82432a9acedae996d2a6b0d607001101000005b4f4c0702000000ffffffff8b030c6cb56100cb,33221714b318d33b213d9d3579cc5856fac9f14b0308a00007240000d218130100000000fffffbff
2070,7840,54062,1.226807105,1.473788639,3.096812400,-0.104075087,0.908756957,-1.303894582,4.632140989,4dbcfd3068539ed2080422e51034000000000000ff00000000000000ffffffffdd614059a83e2f64,49350409a5175d38503d68352cc6a55637bd36430328200007000000c61c180500000000fffff9ff
2071,7841,54063,1.167548116,1.506200795,1.373233327,-0.377498142,1.231884622,-1.022576102,2.863969294,4ab64833003c0000ea159c79105cd00018780000814b320100000000ffffffffe74984641f24c817,8c19e01f771bab57033d4236e8cd9455963af1160308b0000944a000e01e010000000000ffffffff
2072,7842,54064,1.217912481,1.552251457,2.286799271,-0.100070581,0.921456780,-1.330933372,3.901662563,66bb8a366848b74bf76c033a0d10000103000000bb2c180000000000ffffffff944b81669a24d8e0,b135ea094717902f513d55350ac6bf56824dd4450328200007000000c21f150900000000fffff9ff
2073,7843,54065,1.218644073,1.540987266,2.344903906,-0.068650610,0.991581888,-2.569827742,5.110142957,79bbbe353249644b8657b5270d10000100000000bc291a0000000000ffffffff084c1c650226181c,e138e00e7406db38483d0f2fffc36a594519124d06147000080000009c63000000000000fffffeff
2074,7844,54066,1.219144636,1.552196240,2.359286241,-0.035074367,0.933162703,-2.551706000,5.106281682,86bb89366449f44a2451e43b0d40400000000000b924220000000000ffffffff6802626d976dd8fd,493cbe0ab306cb39543d6b2f16c0685906cdd24b06147000000000008c73000000000000fffffeff
2075,7845,54067,1.227307668,1.456008887,3.121550016,-0.310923228,1.065130427,-1.117211868,4.526150967,5abcbb2fbe5323d483eda8891000000000000000ff00000000000000ffffffffbc012d6df36cc0f7,4d2014142e1a9740203dec35c7ccfa551d7a910d0308a0000724b000d02e010000000000fffffcff
2076,7846,54068,1.227192153,1.460757516,3.127302951,-0.258826144,1.011073355,-1.105418353,4.508480438,57bc1130d25312d48c8e94851000000000000000ff00000000000000ffffffffab06136be06988fb,96254110571a413e2e3df435e5cbf255fb39e2490308a0000724b000c13d010000000000fffffcff
2077,7847,54069,1.226114017,1.439223034,3.065458908,-0.299410273,1.083351912,-1.010207293,4.366339840,3bbc8b2efb52d3d34a65098b1034000000000000ff00000000000000ffffffff5404d96af56758e9,78215e15a21be74f223d413698cc9555649ab10f0308b0000a1c9000b945000000000000fffffdff
2078,7848,54070,1.225651959,1.456726703,3.088182998,-0.508106647,1.458493635,-1.802098679,5.188523578,2fbcc82f4a5372d31db702881034000000000000ff00000000000000ffffffff5404d96af567242a,4c0ce82fe1107db61a3ee6356fcf0658af693068081cc00003285000a730130f05020000ffffffff
2079,7849,54071,1.229425436,1.410399958,3.088182998,-0.455932554,1.350269058,-1.158057701,4.568873751,91bc812c4a5372d3a3b602881034000000000000ff00000000000000ffffffff7e0bfc6dc260482e,97114028a01956cde93d1e343bcff95577b96016032420000a44b000ee09040301000000ffffffff
2080,7850,54072,1.227038134,1.316918219,3.023174842,-0.473413763,1.414706854,-1.167550042,4.523635079,53bce42568529cd20f7615fe1034000000000000fd02000000000000ffffffff9409b96cc45f8e35,d10fcf2c7f19a0d8fb3d1f34f5cffa55a3a140210324a0001108e000e414040101000000ffffffff
2081,7851,54073,1.227808231,1.298255001,3.043310112,-0.451542999,1.533753889,-1.847259213,5.176229187,67bc9224ae525dd26982e1f01034000000000000fd02000000000000ffffffff4b03046ce96ae0f6,09123b354410aebb2e3e113675ce1a58ec81c06a083070000314a000be27130302010000ffffffff
2082,7852,54074,1.226537571,1.456119320,3.102852980,-0.469139723,1.390963707,-1.381846839,4.795007739,46bcbd2f7d53e6d3898664851034000000000000ff00000000000000ffffffff9e023d6c096a98e7,4010212b9616bdaff73dc7341acfb456c301224b0328900007202000ae331a0302000000ffffffff
2083,7853,54075,1.226422056,1.461199249,3.109468855,-0.410843356,1.326305044,-1.502658457,4.895973122,43bc19309453c0d33343d2891034000000000000ff00000000000000ffffffff3a01566d486c0e34,2a168e26f214763ee93cdc3424ce2057f181614d03287000082450007c66150502000000ffffffff
2084,7854,54076,1.229001882,1.443861230,3.131905298,-0.407262403,1.275395320,-1.389900947,4.811701705,86bcdf2ee25303d4a36e52891000000000000000ff00000000000000fffffffffc0c7569f2656006,8716f4227a16b834f23c323527ceca56ed31305c0328700009202000bb3c060200000000fffffeff
2085,7855,54077,1.224689337,1.412277323,3.005340747,-0.417042639,1.331661056,-1.376093905,4.679610291,16bca32c2a5228d322d929931034000000000000fe01000000000000ffffffff8009ff681464bc2a,8915ef26aa166e36e63c3a3551ceb656e1e150520328900007202000ba39070401000000ffffffff
2086,7856,54078,1.229733475,1.340053983,3.041871878,-0.492704701,1.453855439,-1.882927404,5.218562256,99bc8727a952cdd2f046f2891034000000000000fe01000000000000ffffffff8009ff68146410eb,dc0d942fc80fc3b21d3e30360bcf3058d37d506808307000050ca000b924160803010000ffffffff
2087,7857,54079,1.224150269,1.439278251,3.041871878,-0.475030967,1.528397877,-1.784552230,5.117570601,08bc8c2ea952cdd24847f2891034000000000000fe01000000000000ffffffff9704256bb860df3c,a70fda341e11bbb3283ed235f4ceef57a705616d081cc000032850009b2b280c05010000ffffffff
2088,7858,54080,1.227115144,1.477488152,3.090196525,-0.423511457,1.253143021,-1.922622650,5.282353168,55bc4031515363d200e0d2e01034000000000000fe01000000000000ffffffff8403776b4f62d9a1,e11461213e0fb93eed3c55332bce4958fd51714e081c50000628c0007f33321404030000ffffffff
2089,7859,54081,1.226653085,1.475831654,3.096812400,-0.430711866,1.259327283,-1.836328638,5.208609528,49bc22316853acd23c0811911034000000000000ff00000000000000ffffffff02098c69a2620231,2614d1216a10ea41ec3cd43348ce22584712e20a081c50000628c000664c291010040000ffffffff
2090,7860,54082,1.229271416,1.321887715,3.047912459,-0.453044689,1.335526220,-1.850135680,5.178923542,8dbc3e26be5297d2fb8e80d41034000000000000fe01000000000000ffffffff270e036d2b65d81d,e21135273a105c34dd3ccf339cce2358181e5150081c50000630a000973a130a0a080000ffffffff
2091,7861,54083,1.225844483,1.372466139,2.995560759,-0.434408334,1.341323965,-1.919170889,5.187677363,34bcd22908523ad340897bb41034000000000000fe01000000000000ffffffffa40d136e3f62e425,c6139e274a0f523bdc3c5c3354ce425804f21051081470000c18a000b01f170c0a020000ffffffff
2092,7862,54084,1.226345046,1.332323656,3.001026046,-0.417042639,1.331661056,-1.376093905,4.675457474,41bcfb261b52d7d2afb518bf1034000000000000fe01000000000000ffffffffec0d1f6b5b662810,8915ef26aa16f7b0e63dd33451ceb656bfe150520328900007202000ba39070401000000ffffffff
2093,7863,54085,1.225266910,1.397976218,2.996711345,-0.469332247,1.358496334,-1.611964206,4.910510696,25bca02b0c5252d3f7d47ba01034000000000000fe01000000000000ffffffff37043a6cc56b88fd,3b10d528761340bcfb3d7735f3ce7a5764bdb2080a0c7000083090005b453a2003010000ffffffff
2094,7864,54086,1.226730095,1.448885943,3.094223579,-0.457280224,1.379147350,-1.496042582,4.889917961,4bbc3a2f5f530ad4945518881034000000000000ff00000000000000ffffffff0f034d6fa1692024,74114b2a0915f7b8f83d1f35d7ce15578b31320a032870000824c0007c630e0a06000000ffffffff
2095,7865,54087,1.227885241,1.428069277,3.111194735,-0.397135623,1.321501198,-1.612251852,4.996298353,69bcc12d9a53d5d34526f6fd1034000000000000ff00000000000000ffffffff65058d6a016948f9,8e1737267513bbb7eb3d8335e0cd7d579ec1f2070a0c70000814c0006849391002020000ffffffff
2096,7866,54088,1.225844483,1.448112910,3.077540070,-0.417928251,1.281855664,-1.141086545,4.530611525,34bc2c2f2553a2d33b8a75841034000000000000ff00000000000000ffffffff0e0aa56e4d65bc29,72156923db198542f23cf03583cef75576de4012030890000a2c1001ef0b030200000000ffffffff
2097,7867,54089,1.226807105,1.388368526,3.034393064,-0.418698348,1.261756814,-1.250392294,4.591634163,4dbcf22a8f5252d3fe654abe1034000000000000ff00000000000000ffffffffd102fb6e9e6dd420,5e15fd215f185a40f33c9a356cce575664b6201303289000021c1001ea0d040301000000fffffeff
2098,7868,54090,1.227615707,1.446511628,3.121550016,-0.455932554,1.350269058,-1.158057701,4.599852127,62bc0f2fbe532dd4824dadb01000000000000000ff00000000000000ffffffffe3092b6aef67e006,97114028a019574be03cf2353bcff955afba6016032420000a44b000ee09040301000000ffffffff
2099,7869,54091,1.225420930,1.427351461,3.036118944,-0.453160203,1.321666848,-1.256432875,4.610293372,29bcb42d955282d31989ca8d1034000000000000ff00000000000000ffffffff240b836d7f67b022,df113a264a18a439e53c9d35f7ce53563026914f0324a000021c1001db120f0201000000ffffffff
2100,7870,54092,1.226306542,1.405982628,3.023750136,-0.500790723,1.391129357,-1.280019905,4.637404678,40bc312c6a529bd339b93cb11034000000000000ff00000000000000ffffffffb001836f2a6c081e,0a0d242bf817b5bcf83d7134c9cf5c567d6dd0150324a000021c1001ca24100000000000ffffffff
2101,7871,54093,1.228039260,1.442094298,3.133918825,-0.453160203,1.321666848,-1.256432875,4.702778164,6dbcbf2ee9530ed4008636ff1000000000000000ff00000000000000ffffffff1304576fbc6a2029,df113a264a1875b5e53d7134f7ce53569625914f0324a000021c1001db120f0201000000ffffffff
2102,7872,54094,1.227538697,1.431161407,3.100839454,-0.344383957,1.251100007,-1.726735242,5.080240189,60bcf92d765305d4f4cd8abd1000000000000000ff00000000000000ffffffff6402796ff16c0821,e81c3c21e711a443fe3c38340bcde7573f82220907288000050c60005d541e1b0f060000fffffeff
2103,7873,54095,1.227808231,1.443861230,3.127015304,-0.423511457,1.300353232,-1.720694661,5.123255133,67bcdf2ed15320d4f3bd3abd1000000000000000ff00000000000000ffffffffe9045b6ec86b3424,e114b824fc118a45eb3c403437cede5761f243050720a0000314c000534840110a090000ffffffff
2104,7874,54096,1.227230658,1.435578737,3.090196525,-0.352354464,1.240884932,-1.578309541,4.932336538,58bc492e515318d4487dbdae1034000000000000ff00000000000000ffffffffa007ee6dc9691c23,191c8320eb13d632ff3ca63439cd6c57e37100580a0c70000814600069553c0202000000fffffeff
2105,7875,54097,1.226807105,1.422161098,3.056829507,-0.410843356,1.326305044,-1.502658457,4.845618424,4dbc562ddd52f3d330e13cb01034000000000000ff00000000000000ffffffffd162535c586195b0,2a168e26f21493b5ea3d313524ce2057aa81614d03287000082450007c66150502000000ffffffff
2106,7876,54098,1.208363274,1.574117239,2.853175638,-0.423511457,1.300353232,-1.720694661,4.863974854,6eba1638195028d1ccaa3f21107470010d78f001da150e0100000000ffffffff6156465fbd1128f2,e114b824fc119bb7f23dd43537cede575ff143050720a0000314c000534840110a090000ffffffff
2107,7877,54099,1.174633011,1.617241420,2.628235913,-0.453044689,1.335526220,-1.850135680,4.773312295,02b7233b0b4d265006cf9c780434300013404001ad4f030000000000ffffffff9c479e67f25c800b,e21135273a10dbb2023e21369cce2358d01d5150081c50000630a000973a130a0a080000ffffffff
2108,7878,54100,1.152877762,1.627014762,2.262636947,-0.397135623,1.321501198,-1.612251852,4.184572050,cdb4d43b14480cd1e638a4b91074d0001f000000eb11030000000000ffffffff84529f61d014c0f7,8e1737267513f241ed3c8e34e0cd7d571ac2f2070a0c70000814c0006849391002020000ffffffff
2109,7879,54101,1.178213964,1.619670951,2.559775996,-0.485773825,1.325200712,-1.727022889,4.607842528,5fb74f3b1d4c924fc4b61b7b04343000104c40018c72010000000000ffffffff884c3a66131ff8f9,900e7a26e61195b3fe3dcb3522cfe25794b90208081ca0000c0c50005855201d11050000ffffffff
2110,7880,54102,1.216025742,1.545515029,2.373668576,-0.189825424,0.952543737,-1.107144234,3.800538156,35bb10369649e74c3299c6740d10000103000000af48090000000000ffffffffcc503266ad22a0f2,962c1d0c511a66403e3df335bdc9f555cf4943460308a00007000000b449010000000000fffffbff
2111,7881,54103,1.216102752,1.538889035,2.517491930,-0.105345748,0.907763058,-1.223928797,4.017807262,37bb98358a4b374c554e5a7e0d10000103000000b534160000000000ffffffffb94fc5623914f0fc,2835f208bb18303d503da43547c65b56f62df4430308a00007000000c72a0d0200000000fffff9ff
2112,7882,54104,1.178406488,1.621603533,2.474920218,-0.266681137,1.643634965,2.177493522,1.475542703,64b7723bf64aff4f140e497e04343000104c4001916c010000000000ffffffff8a641a5c542650ee,ca24013dec46e93d67395538104ceed50d0ab24a1f74100210000000ad48090000000000ffffffff
2113,7883,54105,1.182025945,1.603934214,2.855189165,-0.078700381,1.858814137,3.803848007,1.598232850,c2b7323a2050db4c3a83dd740d100001170c0000da13120000000000ffffffffdf633a5e4a2ad8ee,dc373a4c025d35482939fd3a9a4414da2de2637b226c100200000000b92e180000000000ffffffff
2114,7884,54106,1.185106335,1.604652030,2.848860938,-0.179891169,0.955691085,-1.219614096,4.340144882,12b83f3a0a50074c2a6f3d750d40400017000000ce2a070000000000ffffffffff62425a1d1d90ed,982d560cca18c73f3f3da2357dc95a56d05133460308a00007000000cd270a0200000000fffffaff
2115,7885,54107,1.176365730,1.605535496,2.841669770,-0.093948308,1.032828704,-2.901484396,5.909780927,2fb74f3af14f724e3d9b2d750d100001034c4001b843030000000000ffffffff665536600e10e0e9,5036cb11f301f235493d292b5ec5ee59573a97000614500200000000fb03000000000000ffffffff
2116,7886,54108,1.173901419,1.618897919,2.608388290,-0.082281333,1.019300632,-2.951247277,5.731235438,efb6413bc64c79503157cd370434300013500001b842040000000000ffffffffe75f4d5f472650ed,7f37d610460156314b3dfd29b3c4045a92f666010614500200000000fd01000000000000ffffffff
2117,7887,54109,1.184682781,1.607965028,2.785578662,-0.276961936,1.250492624,-0.932830329,4.011328610,07b87b3a2e4f8d4c40a3bd740d404000035c0000cc1c170000000000ffffffffdb656957a51970ed,bf233121af1ccf69103db83658cc2e559ddea2170308b00011109000b93f070000000000ffffffff
2118,7888,54110,1.172207205,1.603602915,2.870146794,-0.054057266,0.814557401,-2.213145825,5.288306082,c3b62c3a5450494f28830d760d103001100c40018b72010100000000ffffffffe744fc695050f801,5c3a5a024c0b8a3b533d84314bc2e358bf0d434705187000000000009c451e0000000000fffff8ff
2119,7889,54111,1.163274076,1.626131296,2.069050713,-0.043583943,0.843711777,-2.333669795,4.631698873,dbb5c43b7345d2ceaa09b7be1034d00100000000eb14000000000000ffffffff9b1c456cf0624247,6c3b6a04a909a040543ddc3013c116594dc142490518700000000000a34f0d0000000000fffffaff
2120,7890,54112,1.231158155,1.614425372,2.862380333,-0.185897928,1.089757040,-2.587086545,5.655087448,bebcf03a3950aad2038c641f1034d00100000000fe01000000000000ffffffffe74984641f24280c,fc2cd2153806854d283db52e4fc964590b9e950106148000251c0000e21c010000000000ffffffff
2121,7891,54113,1.187955695,1.623370465,2.286799271,-0.102457883,1.054087103,-2.656984695,5.141035951,5cb8923b6848b74bd76c033a0d10000103000000bb2c180000000000ffffffff084c1c650226d007,73354c134505fb45403d212ef7c58759b599634506145002081c0000cf30000000000000ffffffff
2122,7892,54114,1.188533268,1.622155699,2.359286241,-0.146584459,1.065516944,-2.551993646,5.119868766,6bb87c3b6449f44a0d51e43b0d40400000000000b924220000000000ffffffffab454d6611326005,f9301b14b2065e3f303d2a2f45c85959a1f992470614800007940000be41000000000000ffffffff
2123,7893,54115,1.192999832,1.625744780,1.918611485,-0.143042012,1.064081311,-2.698981114,4.839693696,dfb8bd3b6843fd423ccd747c0d404000000000008d6e040000000000ffffffff444556652829b002,55310114b3043f4d393d9a2d16c89659145ed6000614500208000000e619000000000000ffffffff
2124,7894,54116,1.189842433,1.625634346,1.902503269,-0.339031780,1.113224104,-2.099237728,4.314388906,8db8bb3b30438c4973b5e57d0d40400000000000ae39180000000000ffffffff8560d557be0638fa,731d7b17d80ce43d073d3132efcc9e58e30d41500518700008280000703c341f00000000fffffcff
2125,7895,54117,1.163197066,1.613100173,2.751636350,-0.366485750,1.193122555,-2.088307154,5.093266520,d9b5d83ab84e695185524b72044c300014340000d6120e0505000000ffffffff2d60ab556d62a6b8,aa1a221dfe0c575ef63c2c323ccd9d5853d26308081460000728c0008840241200000000fffffcff
2126,7896,54118,1.204936341,1.568761227,2.818658033,-0.349158560,1.131003856,-2.181792334,5.254649974,15bab537a14fc8d0b192bf55105cd0011e34f001933c2a0401000000ffffffff89631b54de0460f8,6c1cbd18b90bc94c003d9f31fcccc5585256660108146000072800005b51460d00000000fffffdff
2127,7897,54119,1.159231065,1.610781075,2.658726464,-0.315890356,1.090750939,-2.161081771,5.067244415,72b5ae3a754d70504fba2b6e044c300014340000a93c0e0902000000fffffffff55ea05a2154e0bb,cc1fe415010c2f380c3dcf3199ccb958a1e1914c0518700008280000764a211e00000000fffffcff
2128,7898,54120,1.200700806,1.580632800,2.825561554,-0.165451844,1.075676802,-2.636849425,5.653254579,a7b98c38b94fc4cd7d377f55105cd0001d780000bd3d040100000000ffffffff77640454e43401b7,0f2fd3148b05194d313d3a2ebac87a5915ee45010614800025000000e41a000000000000ffffffff
2129,7899,54121,1.184143713,1.587369228,2.852312698,-0.129565309,1.060271365,-2.605783581,5.638659286,f9b7063916507148c3eb3f1c0d5c0001181000007153261500000000ffffffffb35f46599557d4b8,b332bc13f705c244373da52e8bc77059b4fd734406148000251c0000cb34000000000000ffffffff
2130,7900,54122,1.201855952,1.578203269,2.833615662,-0.193136843,1.077554167,-2.438660844,5.476637104,c5b96038d54fa5ce53039e4e105cd0001d780000b344040201000000ffffffff3064e956ce39cdb4,402cf5143c08723a223d20309fc92d597aa992490614800007000000916a030000000000fffffeff
2131,7901,54123,1.187070083,1.588528777,2.850011524,-0.267759273,1.108861991,-2.390336197,5.459656850,45b81b390e501344c2cb2f1d0d407001187840005754500400000000ffffffff845f624022215998,ae242c17e4083443103d5a30a6cb1859d4d5764006148000079400009453160100000000fffffeff
2132,7902,54124,1.156574229,1.580688017,2.806864518,-0.220167259,1.079210666,-2.364735640,5.375159984,2db58d38784f19503a3b3e0e0d108001174030018a6e050200000000ffffffff7a5eba3e3a1e4196,822913153d0916381b3d893069ca0f597459324b05188000070000008177050100000000fffffeff
2133,7903,54125,1.154071413,1.580246284,2.789030422,-0.235569205,1.105162477,-2.472603155,5.462745974,ecb485383a4f63502ef76d0c04348001135c0001946a010000000000ffffffff8c60a33e480101ad,f227e916c6078343183dda2fbaca3659def915410614800007940000bd370b0000000000fffffeff
2134,7904,54126,1.133971873,1.591841774,2.871009734,-0.213120868,1.099088649,-2.528406616,5.586695036,e2b2573957503753cbf73d52044c30001408c0018034301603020000ffffffff765c683a3a0d698c,392a7b160407f7431f3d492f16ca4b59f6d5354106148000251c0000d523070000000000fffffeff
2135,7905,54127,1.140556205,1.582234082,2.766593979,-0.163988659,1.075345502,-2.491875485,5.441532361,8db3a938ec4ef1510377ac05040c20000d4c4001e70b080302000000ffffffffad5b2d5c790990f7,352fcd148307f43a293db22fc6c842598491b2490614800007940000a658020000000000ffffffff
2136,7906,54128,1.168164194,1.616634037,2.682888787,-0.431520469,1.680188368,-1.143100072,4.147435463,5ab6183bc94d0851526a2b770434300013500001df110b0301000000ffffffff8e63135cb85d0dc0,1114973fd419a4dd2f3e983388cfb2558611911d033810010f24b000b825140606020000ffffffff
2137,7907,54129,1.206399526,1.576491554,2.862380333,-0.351276328,1.759921168,-1.066873695,4.230725434,3bba4138395081d003b7bf58105cd0010d78f001dd17090201000000ffffffff4e6a1a575a2290f3,351c3b45dd1a98f32b3efb32afce6b557acdf31c033810010f2c9000be1c150e01010000ffffffff
2138,7908,54130,1.175364604,1.599075152,2.906102632,-0.448231581,1.846611263,-1.251830528,4.470542121,15b7da39d150e14dee9e2c780d100001174c3000d624040000000000ffffffffa35e255da54f1dab,5f125d4b5a18d2c2533e1034a5ce1656e0394027032410010e28f000d714070604040000ffffffff
2139,7909,54131,1.199507155,1.584277097,2.818945680,-0.321627581,1.306261411,-0.938007969,4.062738526,88b9ce38a24fbdcc7503ff50105cd0001e740000cd2d050000000000ffffffffc365cc59582258ee,371f23259d1cff65023daa3616cd36559b46e2180308b00011389000cc240d0200000000ffffffff
2140,7910,54132,1.178252469,1.602940315,2.866407387,-0.074772884,2.057262672,-1.813029254,4.865553269,60b7203a4750a94d38834d750d100001174c3000d722060000000000ffffffff2260385b8c5793c1,4238445abb10b8c8d63ef23540c4c557ab76363d0830300007289000b02b160b03000000ffffffff
2141,7911,54133,1.202818573,1.579362818,2.839656243,-0.140962749,2.027059180,-1.804975147,4.855798700,deb97538ea4ff1ce644f3f57105cd0001d780000c832030200000000ffffffff8f639957581470ed,8b312158d71058cbc13ee63503c8c25784e6c43b0830300007289000b9280d0d04000000ffffffff
2142,7912,54134,1.170204952,1.606087662,2.848860938,-0.323013756,1.880072536,-1.719256428,4.813778774,8fb6593a0a500f501d6bad760434300103500001a94e050200000000ffffffffd160f657d70868e0,131fbb4d011215a9803e7e35bacc84575ccd4064081cc0000a0c9000a023220e0c000000ffffffff
2143,7913,54135,1.164082678,1.612271924,2.785866309,-0.308728451,1.901993534,-1.796058099,4.821529063,f0b5c93a2f4f4a51254b9e73044c30000d500000d8100b0804000000ffffffffae62e65c3d5a86c2,8620484ff610a0d8873eda3569ccce57c5ae52300830700003289000c5260d0403000000ffffffff
2144,7914,54136,1.205167370,1.579031518,2.859503866,-0.203533156,1.986971914,-1.756938146,4.843799066,1bba6f382f5003d04433ff55105cd0010d780000de1b030300000000ffffffff0361ca57e10af0e4,322b4b557e1179c6ac3ea135ebc990571a66e3390830700003289000ad201c0c09000000ffffffff
2145,7915,54137,1.165738387,1.610449776,2.797084530,-0.390628301,1.707078862,-1.811591021,4.865337068,1bb6a83a564fe75029e39d75044cd00003500001d70f0d0a03000000ffffffff895b345b1f0e40e4,37187e41c01038c3533eeb3597cdf857c0b5106d083070000a0c5000d31a0e0301000000ffffffff
2146,7916,54138,1.170551495,1.613376256,2.713954632,-0.466367372,1.778418736,-1.338699833,4.373871353,98b6dd3a354e77504c236e740434300013500001d322070201000000ffffffff455bd05be00b40da,88108a462c1775bf493e5c3412cf6156a97d10150324a000113c8000c329120100000000ffffffff
2147,7917,54139,1.169588874,1.615032755,2.713091692,-0.031993978,2.168082430,3.011381327,1.355965339,7fb6fb3a324ed750693f2e330434300013500001db18080301000000ffffffff4060b7436a26f996,993c1b623f5228e1ba37f339713f8ad8100af5021f84d00122000000e716020100000000ffffffff
2148,7918,54140,1.160963784,1.581129750,2.819233327,-0.055096898,2.150689195,2.912718507,1.346083586,9fb59538a34f454f20238e100d10800117403001b4241a0c02000000ffffffff455c8f3bb6164988,413ae060e85078e0a037213a69425bd8a60954081f84d00122000000e11c010100000000ffffffff
2149,7919,54141,1.148218673,1.580025417,2.755088111,-0.088249587,2.176530573,2.904664399,1.380958083,54b48138c44e1f519e4edb030434300103084001df1e010100000000ffffffffd75db73a9d07118a,e436b462cc50f4d1c4372a3a224557d8285a60211f84d00122000000e419010100000000ffffffff
2150,7920,54142,1.135627582,1.584718830,2.794495710,0.000003566,2.162119035,3.012531914,1.292506359,0db3d6384d4f6f52ce16cb42040c20001350d000cd1c100302010000ffffffff61600148b12a6996,d83faf614352d0e1a237ec3900008ad8b80178001f84d00122000000e616020100000000ffffffff
2151,7921,54143,1.166778019,1.581681916,2.796509237,0.000003566,2.106957631,2.897760878,1.283561099,36b69f38544ff84d0d135e120d607001044030019039270807000000ffffffffa66291593a3e499f,d83fc85db45058e75b371e3a000053d824fd27051f84d00122000000d527010100000000ffffffff
2152,7922,54144,1.190265987,1.589080943,2.837355069,-0.034689319,2.186359132,3.109756501,1.389769504,98b82539e24f7fb78eabfe14105cd000187800008346350100000000ffffffff75618a56615e5fbc,533c6663955370d2eb37d539fe3fb9d81f77401f1f84d00122000000ee0f020000000000ffffffff
2153,7923,54145,1.203550166,1.573565073,2.847422704,-0.165490349,2.126946048,2.705037584,1.483501249,f1b90c38055022d02cef3e52105cd0011e34f001964b170602000000ffffffffe45b38505168b993,0e2f325f164e78d5ab37903acf48f0d78c8d10271f84d00122000000d42a010000000000ffffffff
2154,7924,54146,1.204859331,1.555509238,2.704462290,-0.505526821,1.478316402,-1.606786565,4.638776371,13bac536144eb0d10496bd17107470011f78d0007d67180201000000ffffffff19620a57786335ba,8f0c4f31881302c1163e58357dcf63577c11d0630a0c8000073090004f47323103030000ffffffff
2155,7925,54147,1.206207001,1.568595577,2.842532710,-0.525202808,1.397258402,-1.717242901,4.880439527,36bab237f44f1bd1a0365f52107470011e34f001a92d260200000000ffffffff9563c0592261b4bc,900a932b0812f2bc0c3eb535b8cfce577f398018081c30000a305000655820170a010000ffffffff
2156,7926,54148,1.206630555,1.573233773,2.858353279,-0.239958760,1.963504850,2.564378344,1.526877016,41ba06382b50e3d0d1de4f5a105cd0011e34f001c41e1b0101000000ffffffff41617d58cb5ecac2,8027a2532d4c9f4ee0380339e14a64d7f9bd72371f84d00122000000bd3f030000000000ffffffff
2157,7927,54149,1.204782321,1.574117239,2.841669770,-0.315543812,1.492617506,-0.995249664,4.127951611,11ba1638f14f61d01587bf57105cd0011e34f001ad38150302000000ffffffff095b864d076649a5,d51f5232d61b835fde3cad36ebcd4f55033eb127032c10010e08f000cc14130a02000000ffffffff
2158,7928,54150,1.202395020,1.557607469,2.667931158,-0.251009656,1.926399281,-1.742268164,4.658138106,d3b9eb36954df3d054324d081d4070011e7cd000645b3d0201000000ffffffff6a423a698341580e,61260251b11131aa973e943552cb8e577a25d4780830700003289000ad221c0a0a000000ffffffff
2159,7929,54151,1.198467523,1.627843011,1.681590598,-0.063529463,0.983188962,-3.036965996,4.926762787,6db9e33b3040cac9d3f8f2771034400000000000c13e000000000000ffffffffab4ad062ad1630fa,6639480e1c0030334e3d7c2742c32b5a1aa356050694500000000000fe00000000000000ffffffff
2160,7930,54152,1.181217343,1.623922631,2.293415145,-0.040850097,0.974188653,-3.038691876,5.508808252,adb79c3b7f48264f2c35657a04340001030000008777010100000000ffffffff294f5f668325b8fe,b33ba50d16001c41533d3b27abc02b5a287b76060614500200000000ff00000000000000ffffffff
2161,7931,54153,1.188263734,1.620223117,2.463989643,-0.260327834,1.937056088,-1.795195158,4.509928584,64b8593bd04a204b9c6d463f0d10000100000000b625240000000000ffffffff5a613941df0049a9,6f25c351f910fcd7973ed8356ecbc857be4263330830700003289000c4240e0504000000ffffffff
2162,7932,54154,1.136166650,1.595706938,2.888843830,-0.387316882,1.752632574,-1.761252847,4.895817279,1bb39d3995506f53bf7b9d501310300014702000784f1d1a01000000ffffffffaa4ee061ef12b8fb,8d18b7446f11d1ab5d3ead35abcdb8576eb9d065083070000a0c9000b5251c0702000000ffffffff
2163,7933,54155,1.177328352,1.622376566,2.405597361,-0.462709410,1.772897074,-1.374943318,4.123695929,48b7803b054a11504bf5157904343000104c40019c61010000000000ffffffff895f6e3cb703b99a,e7102646ae16e3b04a3e7b3404cf8256a03da05d0324a0001120f000b8281d0100000000ffffffff
2164,7934,54156,1.133201775,1.587700528,2.822397440,-0.337491586,2.181886586,1.665194735,1.963444457,ceb20c39ae4fed526b43bd49040c30011408c001aa2d130c09010000ffffffff794b5d633d1738fd,9b1d1563f73f2b56aa385637f34cd1d360f6e02c1d40f0010d000000ad381a0000000000ffffffff
2165,7935,54157,1.181640897,1.623315248,2.337712738,-0.333256050,2.024077483,2.083433048,1.587507887,b8b7913b1949db4e8399767d0434000103000000817c010000000000ffffffffd2546360530e08fc,091eeb57a545814dd6384138cf4c89d532ee202e1f741002100000009766010000000000ffffffff
2166,7936,54158,1.172784778,1.619891818,2.554023062,0.198226616,0.946856425,-2.188983501,4.888645161,d2b6533b094c965018ba697b0434300013500001c237050000000000ffffffffc761cd579e0e00ec,f453b60ba00b82428f3d9531c549ce58da4d3d4805187000082800009e4c150000000000fffff9ff
2167,7937,54159,1.167779145,1.608738060,2.815206273,0.348434099,1.233154605,-1.560187798,4.467265664,50b6893a954f89501b73ed760434300103500001cf1d0b0602000000ffffffffe15b385b1711c0e0,3163f71f2a14ec2ec43da5342c4d5d579456ce100a0c7000081490006a5a380101000000ffffffff
2168,7938,54160,1.172168700,1.612106274,2.722584033,0.415047518,1.240664065,-1.294977534,4.105119090,c2b6c63a534e2f507bc3ce700434300013500001c237050200000000ffffffff2768fe59ff2620f3,f3697f20c4172b53cf3d6e35624e8256a59e7f5c03289000021c8000dc130b0202000000ffffffff
2169,7939,54161,1.180485751,1.600842084,2.885967363,0.356327597,1.157452617,-1.272541091,4.262513746,9ab7fa398b50e04c10cf8c760d100001170c3001e30f0c0000000000ffffffffb85079641918b9b4,fe639c1a1218c758bc3d7835724d7756d5652e510308a00007248000e40b0b0303000000ffffffff
2170,7940,54162,1.019073352,1.478702918,2.510588409,0.269268094,1.262032897,-0.972237928,3.569206231,3aa75631724ba64e3eec296f0d100001030000008876010000000000fffffffff95ce45df71b48ec,295b0222261cb012ba3db236584c2e55864edd1d0308400009703001ce30010100000000ffffffff
2171,7941,54163,1.178984061,1.610725859,2.736391075,0.297222627,1.324262029,-0.981730269,3.831969608,73b7ad3a834e5c4e49c36d740d100001034c4001b04c020100000000ffffffffee50716226170da8,ff5d6926051cc815c83da436164d365540eead1e0308900004704001e01c020000000000ffffffff
2172,7942,54164,1.015877448,1.486157162,2.515478403,0.093955439,1.032828704,-2.901484396,5.513522726,e7a6dd31834bfe4eeddcba7a04340001034c0000807e010000000000ffffffff4e61045d572140ed,6049cb11f30192436f3df92a5e45ee5953c698000614500200000000fb03000000000000ffffffff
2173,7943,54165,1.180601265,1.607081562,2.809740985,0.385360266,1.603050748,-1.105418353,3.995109153,9db76b3a824f914d45a7cd740d100001034c7001cd29090000000000ffffffffc55e435b621788ee,f066223a571a71a0d43f0434ad4fa55512112e1a034c900014706001c7190f0a04010000ffffffff
2174,7944,54166,1.174825536,1.609290227,2.769758093,0.418898004,2.069796845,-1.028616682,3.900146627,07b7933af74e494f3377ed750d10300013404001807c010101000000ffffffffdc492d64511c88fe,576a275b621b84be6a3f3433ae4da3559885af6a034c400014589000e115050302000000ffffffff
2175,7945,54167,1.185067830,1.623701765,2.257746953,0.132421800,1.178048417,-0.892847436,3.351554203,11b8983b0348a44d9c89167f0d100001030000009b60040000000000ffffffff604a1467f221d817,474d111c3a1d7c2c943d24378247d754cdfa4d11020c4000090000008777000000000000ffffffff
2176,7946,54168,1.217411917,1.546508929,2.303195133,0.000003566,0.902296612,-0.910681532,3.496583450,59bb2236a148324c752802710d10000100000000be330f0000000000ffffffff0146a4633c2118fd,d83f8f08fc1cf03f653d973600002f5506039804020c40000a000000a45a010000000000fffffdff
2177,7947,54169,1.187031578,1.625468696,1.991386102,0.152598350,1.143869329,-0.876451574,3.086500120,44b8b83b6544b14c67b1057e0d10000103000000b23f0e0000000000ffffffffa45c9451b266e5ab,534fa619731df80b943d0b375048d35425cba9240308400009000000817e000000000000ffffffff
2178,7948,54170,1.204859331,1.558822235,2.728049320,0.450780033,2.034292558,-0.957280299,3.791617335,13ba0137664e6dd1505a8f16107470011e7cd0007f5b220201000000fffffffffe5124666e2290ff,936da4585a1ca0e66f3fc432e84d6b55b54d6d6e034c400014589000c228080705000000ffffffff
2179,7949,54171,1.186916063,1.618897919,2.554310709,0.244856009,1.399577500,-0.902052131,3.589153476,41b8413b0a4c4b4cdca9c77e0d10000103000000b434160000000000ffffffff5e5a065e186b719d,af58bd2b1a1d2439ca3d0437554cdb54fcb99f18030840001c4c4001e517010101010000ffffffff
2180,7950,54172,1.215140130,1.560478734,2.717118745,0.420707733,1.993487475,-1.007043179,3.832492850,1ebb1f37404ec2d2df96cd271074f0010d5c00009c60020100000000ffffffffb649056764235b39,866ac155ad1bd0dc853f0533bf4d7755a01abf67034c400116109000cc20080604000000ffffffff
2181,7951,54173,1.217950986,1.547226745,2.281621630,0.267227337,1.475113838,-0.922187401,3.342673785,67bb2f365648c14b1d54a0250d10000100000000c02c130000000000ffffffff5b49376510220e34,f45a1531d41c9f6dda3df2362f4df254d958e9520308300114709000ed08040302010000ffffffff
2182,7952,54174,1.217219393,1.549766709,2.268677528,0.366069328,1.168661591,-1.252693468,3.642766975,54bb5d362948424c2d24d0650d10000103000000bd330f0000000000ffffffffb74ec366ca20d0f5,fb64671b57186f51bf3d87359c4d645617b2cf5f0308a000091c8000e80b070302000000ffffffff
2183,7953,54175,1.216179762,1.542533332,2.448744367,0.241352067,0.999753948,-1.265062276,3.877790386,39bbda359b4a914c49321b7a0d10000103000000b1400e0000000000ffffffff20491464af21280c,5458740f2c18cb50973d7f355b4b81567a0d3d4a0308a00007240000d4180f0300000000fffffdff
2184,7954,54176,1.216834344,1.551699291,2.261198714,0.404728213,1.216203102,-1.283184019,3.651674002,4abb80360f48654ce15043790d10000103000000ba380e0000000000ffffffff934a6e68d32410fb,e768c41eed17c54fcb3d7535364e7a56e6112d4803289000021c8000e210080302000000ffffffff
2185,7955,54177,1.218528559,1.544907647,2.312687474,0.222908236,0.952267654,-2.117934764,4.579617387,76bb0536c248114b471595360d10000100000000c1231b0000000000ffffffffb7508565ce1f30f8,7556180c970ced48933dfb317d4aaf58af41dd4805187000082800009b42220000000000fffff8ff
2186,7956,54178,1.214986111,1.541152916,2.514327817,0.156833885,0.983851561,-1.414350917,4.106675971,1abbc1357f4be34ce16d297c0d10000103000000ab490b0000000000ffffffffca4cad672a2298fa,c14f540e2516f031863d0d35af4801579a7eea03031ca0000214600097362f0300000000fffffbff
2187,7957,54179,1.217142383,1.543692881,2.385462091,0.000003566,0.972532154,-1.670356487,4.272858039,52bbef35bf492f4c31e6397d0d10000100000000ba35100000000000ffffffff6d4ab9654020701c,d83f870dab12363e623d47340000e2573422380007283000051820006c46371303000000fffff9ff
2188,7958,54180,1.216564810,1.547778911,2.303770426,0.143010639,0.981366813,-1.447430289,3.942695529,43bb3936a348a44c64f4316c0d10000103000000b83d0a0000000000ffffffffbf4b58670c2150fa,5a4e270eb2156427833df83441481e5711b1b943031ca000021460009338320200000000fffffaff
2189,7959,54181,1.216988364,1.545183730,2.348643313,0.076859279,0.983133745,-1.539764882,4.090906111,4ebb0a363f49654c3d1d86790d10000103000000b9390d0000000000ffffffff5c4a0164081f58f9,a447470e7114774d753daf3481446b572edd794403287000050860007944410100000000fffffaff
2190,7960,54182,1.215640694,1.549877142,2.301469253,0.305732203,1.189643907,-1.775635182,4.192908539,2bbb5f369b48004d2c21657c0d10000103000000ae49080000000000ffffffff284e2d64021dd8f9,dc5ee31c3d11601eb83d0734764c0b58021f9c1107285000062030007f3d231408040000ffffffff
2191,7961,54183,1.214331528,1.545735896,2.427458511,0.072546734,1.015214602,-1.636701822,4.254706168,09bb1436514a7e4d5819567d0d100001030000009f5d040000000000ffffffffcc47f4638d2108ff,34478c1020135d44773d62343a44bc57adc19e4f07283000051820006050430a02000000fffffaff
2192,7962,54184,1.187108588,1.624530014,2.149016498,0.290792315,1.174183254,-1.804112206,4.078409202,46b8a73b89466e4ca9b1467f0d10000103000000b73a0e0000000000ffffffff2e488f63dc1b40f9,585dcb1bda10f240b43de2333d4c1958255e8a01072850000620300082332b1607020000ffffffff
2193,7963,54185,1.184990820,1.624640447,2.144126504,0.340194058,1.826898930,-1.807563967,4.046040983,0fb8a93b7846e44d1c9de47b0d100001030000009566040000000000ffffffffb21a2660de334995,5b62f849ce1085b36b3ffc35de4ce35711560f2b083070000a0c9000c12c0d0302000000ffffffff
2194,7964,54186,1.245944023,1.602112066,2.864393860,0.250362205,1.930485310,-1.742555811,4.724721940,3ebe113a40506c473d2382f40d40e00104900000a05e010000000000ffffffff5317da58ab3260ea,3e594c51b011dcd4473fa635524b8e5763d94b78083070000a0c9000aa221d0b0b000000ffffffff
2195,7965,54187,1.244018780,1.594216089,2.891145004,0.203540288,1.989677528,-1.757225793,4.779784127,0cbe82399d50ab496d3f328f0d40e00124100000c0320b0200000000ffffffff861cbb58243954d5,7e547c557d1195ba323faf35eb499057eea10c3a0830700003289000a9201e0d0b000000ffffffff
2196,7966,54188,1.245212431,1.590406142,2.850586818,0.351976547,1.797523687,-1.777936356,4.718473778,2bbe3d3910501745a77f10980d40e001245c00006560370200000000ffffffffaa20b9716c4ee991,8d63e447351105c4733fd435264dbf57af29ce73083070000a0c9000b42b190602000000ffffffff
2197,7967,54189,1.256378842,1.610781075,2.833615662,0.260219451,1.937773904,-1.795195158,4.746066524,4dbfae3ad54fa2cf60f752f31034000000000000fa05000000000000ffffffff681997791c74c0f7,3e5ad051f910eda6463fea356e4bc857acca8c330830700003289000c3240f0504000000ffffffff
2198,7968,54190,1.258227076,1.490961008,2.917033207,0.308581563,1.902821783,-1.796058099,4.825420765,7dbf3432f750c6d4c436b4851000000000000000ff00000000000000fffffffff303836c20639da9,265f574ff61059a6563fef35694cce57b25e8d300830700003289000c3260e0404000000ffffffff
2199,7969,54191,1.226653085,1.467604377,3.091347112,0.000003566,2.065766032,-1.826836296,5.104017481,49bc8d305553e2d2b86b2ca41034000000000000ff00000000000000ffffffffc708b169dd615f66,d83fde5a8b1012bfee3e07360000cf57cafe573d0830300007280000ad30170a02000000ffffffff
2200,7970,54192,1.226191027,1.490574492,3.050788926,0.476193245,1.672734124,-1.603622451,4.717968215,3dbc2d32c85279d2cd04b4a71034000000000000fe01000000000000ffffffffec069569e36518f0,2770103f9313c1c79f3f5a35fa4e49577dbdbf650a0c700008309000603f381d07030000ffffffff
2201,7971,54193,1.224843357,1.448554643,3.065746555,0.205118988,1.990947510,-1.796921039,4.997955976,1abc342ffc521ad3f6dab3c41034000000000000ff00000000000000ffffffff69060c6f26684c29,a7549355f31003b3313fea35d749c15766f64b3a0830700003289000be24100805000000ffffffff
2202,7972,54194,1.227230658,1.415590320,3.069485962,0.383242498,1.263468530,-1.487988475,4.637459466,58bcdf2c0953bcd3f6554abe1034000000000000ff00000000000000ffffffffe90ab46b2f680813,b9661c2225156d4ace3ddb34bc4d1d57e9dd7e5003287000092050008264140301000000ffffffff
2203,7973,54195,1.225882988,1.416142486,3.026051310,0.331414948,1.857654587,-1.762978727,4.891810984,35bce92c7252a1d3e390bc9d1034000000000000ff00000000000000ffffffff9b069f6b976197c0,7761254c691189c2643fc035da4caa57c6a57e71083070000a0c9000ae2b190805000000ffffffff
2204,7974,54196,1.227423183,1.470586075,3.070924196,0.469300874,1.723422982,-1.491152588,4.631546235,5dbcc3300e5393d294669cb91034000000000000fe01000000000000ffffffff1208216bed60b0c2,746fa6421a15b2c1a03f0835e84eef5682f13f630a0c90000720c0006d69170a08000000ffffffff
2205,7975,54197,1.227846736,1.472353007,3.058267741,0.093300856,0.843490911,-2.094347734,5.313389514,68bce330e2526ed2699eacb91034000000000000fe01000000000000ffffffffce05bf6bb36044da,4f496604e90c1240743d1e326e45ae58143a5a01051870000a0000009339320000000000fffff6ff
2206,7976,54198,1.227307668,1.474175155,3.078978304,0.239619348,0.973746920,-2.092046561,5.288237399,5abc04312a536fd2d690d8f71034000000000000fe01000000000000ffffffff765e0d5a4854ba40,27589d0df10cbb3e973d1b32fa4aa2582cc26f1805187000082800009840260000000000fffff8ff
2207,7977,54199,1.156266190,1.538612952,1.373233327,0.208738445,0.944537327,-2.095498321,3.644562240,25b59335003c0000899d7e31105cd0001d780000b644040100000000ffffffff73045c6ca261b8e1,05558c0be50c0a34903d1c32144aa65833eeba02051870000a2000009a3f250000000000fffff7ff
2208,7978,54200,1.226922619,1.471800840,3.088758292,0.142510075,0.897437549,-2.180354100,5.410119144,50bcd9304c53a2d2066d88f91034000000000000ff00000000000000ffffffff635f9b4212616808,4d4e3708be0bad43813da6312648ce58d225cd47051870000a2000009e471a0000000000fffff8ff
2209,7979,54201,1.179215090,1.573178556,2.793632770,0.102811558,0.861601962,-2.064432477,5.026508107,79b705384a4f5ace13d99825177400012078d000c326100501000000ffffffff3a01566d486c80ea,464aae05510da817763d4932fc459f58369fe910051870000a0000009137370000000000fffff6ff
2210,7980,54202,1.227115144,1.463242264,3.131905298,0.101540898,0.858399398,-2.168848232,5.452590234,55bc3e30e25303d42b6f52891000000000000000ff00000000000000ffffffff730ac168c06508fc,254a7405e60b4142773db431e945cd58c569cd48051870000a0000009a42240000000000fffff7ff
2211,7981,54203,1.224535318,1.429725775,3.031516597,0.131613198,1.894704940,4.399276692,1.811477867,12bcdf2d855211d3f785c6851034000000000000fe01000000000000ffffffff5e44af678d39e80c,324dc44e1865bd49843af33bf6473cdb6332da7d1b88a00121640000db1d070000000000ffffffff
2212,7982,54204,1.195695173,1.626573029,1.818222784,0.000003566,1.924632349,4.318447967,2.787408069,25b9cc3b0b42d8c3de30e37710344000000000009c62010000000000ffffffffcc503266ad22d8fc,d83fe250ff631145b43acb3b00000edb4bfe977f1b88a00121000000c835020000000000ffffffff
2213,7983,54205,1.187108588,1.619505301,2.517491930,0.000003566,1.929215328,4.403016099,2.249519955,46b84c3b8a4b374c894e5a7e0d10000103000000b534160000000000ffffffff28525e64b619fbb1,d83f35512565b045b93af03b00003bdb13fef77f1b88a00121640000da1f050000000000ffffffff
2214,7984,54206,0.993313597,1.478095535,2.556899529,0.069581859,1.922147601,4.400139632,2.109027415,9da44b31134c5d4e56686e6e0d100001030000008d70020000000000ffffffff284ff9660323d0e9,e746b5501b658d459e3af13b1d443adb352e7a7e1b88a00121640000dc1d060000000000ffffffff
2215,7985,54207,1.216834344,1.540545533,2.463701996,0.000003566,1.601228600,4.336282063,2.234035740,4abbb635cf4a124cee360c3b0d10000100000000b633150000000000ffffffff7c1cf652cc2f84d6,d83f013a3d64733fea39c43b86a622db3efe47001b88a00121640000b9320f0500000000ffffffff
2216,7986,54208,1.242517090,1.588197477,2.847997997,0.000003566,2.493032245,2.554886002,1.564762108,e5bd15390750c54ba387e0960d784002101000009a371a1301000000ffffffff3d19e954912d58f0,d83f18790c4ce77f4c34822f000078d7e2fd37221d00000000000000ff00000000000000ffffffff
2217,7987,54209,1.242555595,1.591455258,2.875612081,0.000003566,1.422437181,1.972113772,1.545578160,e6bd50396750124c3adfd28b0d78000124100000cc14130704000000ffffffffa6160256102dc0f1,d83f5b2d22446943fb390738000055d50efe07001d7c100210000000827b010000000000ffffffff
2218,7988,54210,1.242632605,1.593553490,2.897185584,0.143626716,1.523097081,2.002029030,1.419184028,e8bd7639b2500d4c2b07d38a0d40e00104900000d9140a0503000000ffffffff02178d536028d0ec,6a4e7a348a449e404a3a1138984856d512125d071f74100210000000837a020000000000ffffffff
2219,7989,54211,1.241515964,1.592835673,2.896034998,0.070390461,1.877201271,4.126875260,1.722604565,cbbd6939ae50164d4c77428f0d1000011e900000d51c070502000000ffffffff111c65559f34efb1,fc46874d6561073f983a7d3b2f44b1da3a9e5b7c226c10021a0000008d72000000000000ffffffff
2220,7990,54212,1.243710741,1.588860077,2.853463285,0.145975513,1.831868425,4.126299967,1.698289995,04be21391a500549c33b70e50d7800012410000083422d0d00000000ffffffff371973527c29a8e8,a74e524a63610a41753a7a3b6148b2da695a2d77226c10021a0000008679000000000000ffffffff
2221,7991,54213,1.241477459,1.590792658,2.877050315,0.057491331,1.067118226,-0.845098083,3.940868782,cabd44396c500a4d5ef761910d10e00110900000d5120c0705000000ffffffff571d2b4fdc2d4ac7,ad453814e01d00e0773d23376642ea54c0c69332020c400000000000b748000000000000fffffeff
2222,7992,54214,1.241361944,1.585823163,2.837355069,0.093262351,1.134869019,-0.879040394,3.915748658,c7bdea38e24f8e4c9c1770db0d784002101000008837350902000000ffffffff172724693b38f18a,4e4903196a1d3c39863d2737fd44e654ea9aed0c020c400000000000aa55000000000000ffffffff
2223,7993,54215,1.249024413,1.612548007,2.686628194,0.223639828,1.339833116,-0.904928598,3.745005628,8ebece3ad64d3cc0018b53f81034400000000000926d000000000000fffffffff91a4651212b28e3,88568327101d4441bb3d11377a4bc954c6b17f57030840001c243001d627010000000000ffffffff
2224,7994,54216,1.241477459,1.588915293,2.862092686,0.481083363,1.747497429,-1.144825952,4.081512520,cabd22393850ef4c6b6f61940d78400210100000c11e0f0908000000ffffffff291bea53c52ed8e6,a6705a44ce1905a7b43ff233884fb25559d50e19034c40010958c001b72c0c0a05010000ffffffff
2225,7995,54217,1.242555595,1.589688326,2.859503866,0.264146947,1.125923927,-0.943760904,3.954387918,e6bd30392f50ff4b74c3d1900d78000124100000b525141002000000ffffffff840c94650b5acbb5,a45a6118891c2818a73d9836f34b3455e6629d1c0308400009280000a658000000000000ffffffff
2226,7996,54218,1.258188571,1.589688326,3.011956621,0.387632053,1.776817454,-1.067161341,4.175175363,7cbf30394152bbd0cebfe1db1034e0011d000000fc03000000000000ffffffff0638326a8c41df78,2b676d46dc1a6993b93f5c33af4e6b550a5d0c1c034c40011624c001cb21090504010000ffffffff
2227,7997,54219,1.241092410,1.624309147,2.252856959,0.448469741,2.020377969,-1.120375982,3.487667083,c0bda33bf247ddc915892b7b1034400000000000c23d000000000000ffffffffb1229867b339818c,576da857231acfb7803fb8332b4ece551d5aaf2b034c400109584000e310040303020000ffffffff
2228,7998,54220,1.248908898,1.609069360,2.761703985,0.479543168,1.949038095,-1.226805264,4.076237039,8bbe8f3adb4e47c00c47c3f710344000000000009a65000000000000ffffffff48270a6df141018b,7e709c52b11847be8f3f3234a54e16561282df2a0324300114286001e312060201010000ffffffff
2229,7999,54221,1.251912277,1.612658440,2.707338757,0.074780016,2.057373105,-1.813029254,4.692242370,d9bed03a1e4ea8ca078fc3f61034000000000000d02f000000000000ffffffffdf2ce66c9c5fa7b9,6e47465abb1051b5073ff8354044c557a686493d0830300007289000b02b150c03000000ffffffff
2230,8000,54222,1.234469573,1.618069669,2.623921212,0.283129846,1.549269760,-1.017398461,3.764171843,14bd323bfc4cf1d15f045d131034d0011f000000f903030000000000ffffffff2a29e16e646514b8,915c5436891bf81dea3da736eb4d4f55f7c5de1f034c400109702000e50a050503020000ffffffff
2231,8001,54223,1.233737981,1.613817989,2.680587614,0.140969881,2.027335264,-1.804975147,4.635235909,01bde53ac14dead2a3a08b0c1034d00100000000fd01010000000000ffffffff1f2fab738c5fa149,254e2658d71059b31d3ff0350348c257761afb3b0830700003289000b9280d0d04000000ffffffff
2232,8002,54224,1.259305212,1.627125195,2.589978901,0.276083456,1.896913605,-1.759814613,4.467685578,99bfd63b864c52d26278afa91034d00100000000fb04000000000000ffffffff2f2c0870c842bf7f,da5bec4e7411d8c7523fb8350a4ca157af8d1d76083070000a0c9000b229160707000000ffffffff
2233,8003,54225,1.252297326,1.616578820,2.625934739,0.348934662,1.795480672,-1.044149605,3.783859018,e3be173b034d96cb2962c7ff1034000000000000cf30000000000000ffffffff1f2fab738c5f71a9,3e63bf472c1b6cd1b93f18331b4e6155a602f3b4034c40011624c001d51a070404010000ffffffff
2234,8004,54226,1.235740234,1.613431473,2.589978901,0.287172857,1.132826004,-1.459511451,4.186780838,35bdde3a864c52d26778af291034d00100000000fb04000000000000ffffffff6d2da375175ca35e,fa5cde1888150b51ad3df0344d4c1557856d8d4b0328700002149000925a120000000000fffffeff
2235,8005,54227,1.259074183,1.624309147,2.621332392,0.294835326,1.171753722,-1.569392493,4.323972484,93bfa33bf34cf5d1b1902ef21034d00100000000fb04000000000000ffffffff2621fc6ff649298d,c15d9f1b0a14574eb33d9d345e4c6d5795094a420a0c700005206000625b3e0201000000ffffffff
2236,8006,54228,1.254838647,1.610228909,2.824410967,0.175739775,1.001355230,-1.437075007,4.437954962,25bfa43ab54f0ace2c63e3f41034000000000000e817000000000000ffffffff5c233d6bb042e18d,ac51910fd615d14a8a3d00353f491357bc1d1f53031ca000021460009436320200000000fffffbff
2237,8007,54229,1.251835268,1.609400660,2.773497500,0.279702913,1.587645311,-0.975402041,3.872952670,d7be953a044f9bca2013e3f41034000000000000d02f000000000000ffffffff771fa1671d40e995,385c0b391b1c80f0e43fdb32e14d2255a1321b51034c400109702000e70a050403020000ffffffff
2238,8008,54230,1.250256568,1.605977229,2.826712141,0.000003566,0.968446124,-3.045020103,6.037120011,aebe573abd4fa7c75403f2f31034e00104000000c23d000000000000ffffffff061ebd669a458199,d83f3d0d0000fd3d5b3dd32600002e5a3803b8060614500200000000ff00000000000000ffffffff
2239,8009,54231,1.251527229,1.602995532,2.853463285,0.303999484,1.689133460,-1.020274928,3.988869052,cfbe213a1a50a0ca65afc1f21034e00100000000da25000000000000ffffffff871ae464c846e190,af5e39407f1ba992d03f22334e4e475561a1b601034c400109706001dd14060502010000ffffffff
2240,8010,54232,1.251334704,1.599848184,2.881652662,0.000003566,1.000582197,-2.984614295,6.028103960,cabee8397c5089ca2aab92f61034e00100000000df1f000000000000ffffffffcc10936c5057d18b,d83f830fd200903d5b3dd6280000155accfeb7020614500200000000fd02000000000000ffffffff
2241,8011,54233,1.259074183,1.597418653,2.972549022,0.000003566,0.961157530,-0.850851017,4.075349665,93bfbc39b85108d1215b24f01034e00100000000fa05000000000000ffffffff9a1c9b657c412197,d83fb90ccc1d4c41663de1360000f054c003a810020c400000000000aa53020000000000fffffdff
2242,8012,54234,1.250102549,1.602885098,2.860079159,0.222908236,1.046743292,-0.931104448,3.967051173,aabe1f3a3150c2c75aef31f41034e00100000000cb34000000000000ffffffffb212f46a30558996,7556c712b51cf81d973d9336904a3755eee65c1403084000092800008b74000000000000fffffeff
2243,8013,54235,1.257880532,1.597694736,2.952989046,0.110127483,1.058283566,-0.861493945,4.019773869,74bfc139745188d06e07b3e91034e00100000000f906000000000000ffffffffb9118b67c955999e,044b9813a71d3014833df6362846e75447277b1d020c4000000000009569000000000000fffffeff
2244,8014,54236,1.257071930,1.594326522,2.960467860,-0.000034939,1.057179234,-0.839057502,4.037974476,5fbf84398e5142d0880382e61034e00100000000f906000000000000ffffffffdb0e85690158e1a1,d73f8413f51ddf3f663d25370000ec5420e21700020c400000000000c03e000000000000fffffeff
2245,8015,54237,1.258535114,1.594105656,2.992108998,0.183479253,1.246793110,-0.890258616,4.043408142,85bf8039fc51d9d07a5ba2df1034e00100000000fb04000000000000ffffffffc91f3e69f643799d,7552ee20431db752a53d1b374d49cc549795ee5103084000090000009b64000000000000ffffffff
2246,8016,54238,1.251681248,1.606142879,2.832465075,0.229107519,1.334311454,-0.900613897,3.880132468,d3be5a3ad14f91ca7747f1ee1034000000000000d42b000000000000ffffffff50195867fd4e5198,16571f271f1d8771b93d1737424bc3542fb93b5b030840001c244001cd31010000000000ffffffff
2247,8017,54239,1.254453599,1.599019935,2.896034998,0.241929640,0.987937591,-2.205379364,5.236702673,1bbfd939ae502cce7c5f62ec1034e00100000000ef10000000000000ffffffffdf3be46af448f779,63589e0e670b91479b3d7d310b4bd158c4ed3d4b051870000828000099560f0100000000fffffaff
2248,8018,54240,1.239744740,1.625855213,1.994837862,0.341426214,1.194889486,-1.458360864,3.594063031,9dbdbf3b7144d9cc275dab7c1034d00100000000d32c000000000000ffffffff9d5ea61fe64fb2bb,7b62421d8c153354be3df0341f4d0d577f05cb4403287000090880008b680a0100000000ffffffff
2249,8019,54241,1.146948012,1.488641910,2.862667980,0.307811465,1.193398638,-1.557311331,4.508606863,33b40a323a50224b49d23345205cd00000000000fa05000000000000ffffffff055af6211654dcbb,125f271d34149c2fb83da634914c605772e6ae130a0c700005206000645e3a0101000000ffffffff
2250,8020,54242,1.138977505,1.478205968,2.806001578,0.158220061,0.964691394,-1.328056905,4.279722179,64b34d31754fab485a8e4249205cd00000000000fd02000000000000ffffffff25710a53962215a8,e54ff90c51171747853d4f35c748b856a0c54c470328200007140000bb22140f00000000fffffbff
2251,8021,54243,1.169319340,1.595486071,2.968521968,0.281243108,1.049614557,-1.310222809,4.403897362,78b69939aa513a4e2c1f6c300d100001135c3000ca32030000000000ffffffffb96ca254dd23ada6,605cfb128f17cf51a23d5f35464ca35670fdfd4e0328200007240000c22c0d0400000000fffffeff
2252,8022,54244,1.173362351,1.595596505,2.928251429,0.225526567,0.986998909,-1.257295815,4.334465300,e1b69b391e51c94dc14b7e1a0d10000117603001d723040000000000ffffffff8e6b24569a258bbf,b9568d0e4718e34c943d8135e04a7b569e19bb430308a00007240000d51b0c0300000000fffffcff
2253,8023,54245,1.176134701,1.596479970,2.916457914,0.279202350,1.052817121,-1.271678150,4.317469239,29b7ab39f5505b4dd9cb8f220d10000117603001e018060000000000ffffffffb16db2561d2418d6,2b5c35131518fc25a43d7635434c81568f967d0f0328200007240000c726100200000000fffffeff
2254,8024,54246,1.174247963,1.597253003,2.934579656,0.194183606,1.026865309,-1.439376181,4.518557063,f8b6b93934519b4d84ff6d320d100001174c3000dc1e050000000000ffffffff8d6a742c0a6031ab,8b535f11ce15954e903dfe34ce49115786e10d4d03287000021460009537310200000000fffffcff
2255,8025,54247,1.173708894,1.461254466,2.927388489,0.050098397,0.997876583,-1.638427703,4.724817151,eab61a301b51f4c8291bbe29205c000000000000ee11000000000000ffffffff576ce42d1f5d55ae,ed44520f1a134e446f3d6134d641c157c02d8a4107283000051820005f50460802000000fffffaff
2256,8026,54248,1.173747399,1.469481742,2.935442597,0.077898910,0.979323798,-1.503521397,4.598427998,ebb6af303751eac7073fee2b205c000000000000d52a000000000000ffffffff8e6c7358c128db57,bf47020eef149a3b763dc63496444b57fd6d89000328700002146000853e3b0100000000fffffaff
2257,8027,54249,1.213561431,1.543968964,2.923073788,0.435108553,1.334256238,-1.949949087,4.939263129,f5baf4350c51a34c3d1c0f680d40400017600000e90d090100000000ffffffffbc6ccf576b2b9199,fc6b1e27df0ecac7d63f9c36374e5758ea7d5f55081470000c18a000be1c110b08010000ffffffff
2258,8028,54250,1.180870800,1.596148671,2.924512022,0.279086835,1.135145103,-1.432472660,4.473148122,a4b7a53911512f4c6d4b9e0c0d40400017600000e911040200000000ffffffffc56ba65a562d98f8,285c0819e615b825ad3dfd34314cfd56e36a1d12032870000224500099580d0100000000fffffeff
2259,8029,54251,1.183989694,1.597970819,2.915307327,0.297915715,1.143151513,-1.445129115,4.472738944,f5b7c639f150564b802aca3e0d40400017000000e617010100000000ffffffff466ca358152e998b,115e9919ba15974eb13df934784c0857a91d5f540328700002245000965b0d0100000000fffffeff
2260,8030,54252,1.182873053,1.596093454,2.919909674,0.168962918,1.034319553,-1.908815608,4.965902892,d8b7a4390151514b230fac0a0d40700104600000e417020101000000fffffffff16b3b5a052b10fa,fc50e6116e0f6830913d4033ec485058c09a3f1d071460000a0c80006f61270800000000fffff8ff
2261,8031,54253,1.182410994,1.598191686,2.917320854,0.435108553,1.334256238,-1.949949087,4.931372987,ccb7ca39f8501e4cb55a9b790d40400017600000e913030100000000ffffffff906dc05485226cc8,fc6b1e27df0e0045e43de532374e5758d67d5f55081470000c18a000be1c110b08010000ffffffff
2262,8032,54254,1.172515244,1.596314321,2.936017890,0.148170291,1.001631313,-1.903637967,4.982489265,cbb6a8393951084e5fc3ab350d100001174c8001d328040000000000ffffffff8e6c7358c128d8d9,e04e960f800f5231883d3c3351485058c6b6ab07071460000a0c80006f61260900000000fffff7ff
2263,8033,54255,1.179946683,1.597529086,2.923073788,0.058145914,0.979931181,-1.787428697,4.881464719,8cb7be390c51a34ca41f0f680d40400017600000e90d090100000000ffffffff9b6a1956382008f3,be450d0e14110a39723ddc33c64222588ffebc080714a000060c800084392b1107000000fffff7ff
2264,8034,54256,1.173285341,1.599130368,2.910704980,0.057029272,1.006214293,-1.674383541,4.756113311,dfb6db39e150554eebb2bc770d100001135c3000cb30030000000000ffffffffbc6ccf576b2b301d,a145e90f9d12ce3f723d4634a542df5721ba4c0607283000051820006a4c341103000000fffff9ff
2265,8035,54257,1.213022363,1.547723694,2.924512022,0.113323387,1.060878747,-1.700559392,4.778874493,e7ba383611512f4ccc489e0c0d40400017600000e911040200000000ffffffff876f3b5a4f2d2359,574bc71342124a45863d36349a46eb57ff5dde4c0728500003188000784e211008000000fffffbff
2266,8036,54258,1.211366653,1.544465914,2.946660818,0.058916011,1.005662126,-1.651084158,4.770504257,bcbafd355e51504b41b0be660d40400017600000ec12010000000000ffffffff765e0d5a485439b6,d245df0fee12cf48723d5834de42cb579bad3c4707283000051820006350400a02000000fffffaff
2267,8037,54259,1.200469776,1.580191067,1.373233327,0.125413915,1.058725299,-1.583199535,3.188756328,a1b98438003c00005af32d4e105cd0001d780000b644040100000000ffffffff895ee658cf5797b3,914ca013da13c14c873d86345b4785578c31bd49031ca0000518200056534b0902000000fffffbff
2268,8038,54260,1.201509408,1.577761536,1.373233327,0.423518588,1.300353232,-1.720694661,3.202282854,bcb95838003c0000086f2a45105cd0001d780000af48040301000000ffffffffc563a956483ac1a0,cf6ab824fc11ac37d73d2f34374ede57540e4c050720a0000314c000534840110a090000ffffffff
2269,8039,54261,1.187185598,1.588031827,1.373233327,0.240273930,1.159992582,-1.709764086,3.253418564,48b81239003c00009fb74e151740d000187840005553520400000000ffffffff495a2150b2685183,3858ca1a2212b340a83d3434054be4572a1aac0407285000031880006b59201009030000ffffffff
2270,8040,54262,1.204897836,1.553521439,1.373233327,0.165420471,1.075676802,-2.636849425,4.170085415,14baa136003c0000c2055a17107470011f78d0007c6b140201000000ffffffff195f33561a5edbb7,a050d3148b05e42e8a3d102eba487a590c124a010614800025000000e41a000000000000ffffffff
2271,8041,54263,1.202780068,1.573344206,1.373233327,0.102734549,0.995999218,-1.519629612,3.148346132,ddb90838003c000030ffa946105cd0011e34f0018e52170702000000ffffffff095b665263699988,444a300fb71411857d3dba340e465757b6caaa8d0328700005086000813f3d0100000000fffffaff
2272,8042,54264,1.206669060,1.553963172,1.373233327,0.325947257,1.198423350,-1.800660446,3.312956556,42baa936003c000041fefb16107470011f78d000866a0b0301000000ffffffffd557695b316e2428,e960821de610c93ebc3de833c14c16580da6af1607285000062030007c3825150e030000ffffffff
2273,8043,54265,1.119532548,1.628671260,1.373233327,0.297992725,1.187048726,-1.709476440,3.220723156,6bb1f23b003c0000e4d82daa1074f0010d5c00008476050000000000ffffffff5955b55d446e0819,135eb41c23123a41b63d37345d4ce0571afa0c0707285000031880006d521f100c060000ffffffff
2274,8044,54266,1.125346783,1.628339961,1.373233327,0.329489705,1.115377552,-2.036818393,3.539063669,02b2ec3b003c0000b4ecfaa81074f0010d5c00008378030000000000ffffffffa25dad5b394a599b,4561a217b10df013b63d7332cc4c8258199bda14051c60000828c0007947320c00000000fffffcff
2275,8045,54267,1.195887697,1.585215780,1.373233327,0.345238195,1.138126800,-1.254994641,2.798405865,2ab9df38003c0000330b3e0b105cd0001e748001b543080000000000ffffffff225a0e4ddc65a9a2,de623e194f182753b93d8335484d6a56b2d98b450308a00007240000e50d090202000000ffffffff
2276,8046,54268,1.202009971,1.557276170,1.373233327,0.000003566,0.948954657,-1.776210476,3.425473796,c9b9e536003c00000d7aec061d4070011e7cd00066573e0201000000fffffffffb5d295b7d50b3b2,d83fdc0b3b11643e623de43300002158856a38010714a000060c00008b41210c06000000fffff6ff
2277,8047,54269,1.198929582,1.582454949,1.373233327,0.386014848,1.928331862,-1.035232557,2.565378942,79b9ad38003c000075e79e51105cd0001d780000ba40050000000000ffffffffcc619e4d6230a996,016725514b1bc0ca993f1a33aa4d7755a1b23f5b034c400116109000cd1f0a0602010000ffffffff
2278,8048,54270,1.175826662,1.583172765,1.518494914,0.315473934,1.196490768,-1.574857780,3.233969802,21b7ba38f93d89362e179e110d5c800110100000654d440901000000ffffffff3a5eb149c32de186,d95f5f1df7135547b93d9a34ad4c6f57d6a5bf570a0c70000520600066583e0201000000ffffffff
2279,8049,54271,1.170320466,1.580135851,1.709492328,0.250708749,1.404988729,-0.889395676,2.762350644,92b683389140123d9e9a7b0b0d607001101000006b53390703000000ffffffffaf60495b2d4489a4,47591f2c461d576aca3d0d376c4ccc541911ec550308c00104503001e516010101010000ffffffff
2280,8050,54272,1.193461891,1.588087044,1.373233327,0.276391495,1.593553490,-0.985469676,2.530716865,ebb81339003c00007b277f17105cd0001e600000a744140000000000ffffffffc464a1420a030da4,e25b7639f81b9e45eb3db636d24d2b55d051af53034c400109702000e80a040403020000ffffffff
2281,8051,54273,1.141903875,1.598522985,2.907540866,0.290060722,1.427351461,-0.990934964,3.994126969,b0b3d039d6501f53978f0b4d131040010334c001ad350e0e00000000ffffffff925a645b4509d001,455db42de51bc81dd83da836874d3c5532beae23030830011424c001e90a040303020000ffffffff
2282,8052,54274,1.167124562,1.617186203,2.381722684,0.000003566,1.016042851,-2.933125534,5.474591888,3fb6223bb249014d135e766b0434300013500000df100b0401000000ffffffff3c6412430d0259ab,d83f9b108501bf3d5c3d2b2a0000fe59440258000614000000000000f906000000000000ffffffff
2283,8053,54275,1.140363680,1.599461668,1.296431656,0.000003566,1.018361949,-2.819505085,4.310340280,88b3e139f53a9fb1bed75c50131040010334c001ae31100f00000000ffffffff64573532923b3f63,d83fc5101003dd3c5c3d712c0000ce59b60158400614500200000000e31c000000000000ffffffff
2284,8054,54276,1.207362147,1.510783775,2.682601141,0.082288465,1.019300632,-2.951247277,5.766072707,54ba9b33c84db34c5b74824e17340001188040009b59090100000000ffffffffa35ebe3c80027994,3148d6104601bd486c3dd329b344045a8e0a69010614500200000000fd01000000000000ffffffff
2285,8055,54277,1.130852978,1.587921394,2.565528930,0.071815141,1.003508678,-2.996407810,5.691945157,91b21039314cd14f50633b49040c30011408c001a234110d0a010000fffffffff2538f326d3f0764,2147b80fa900cf4f693db4281a44185accaab8020614500200000000fe00000000000000ffffffff
2286,8056,54278,1.210173003,1.505869496,2.617305338,0.219712332,0.982968095,-2.035092513,4.785315452,9dba4233e54ca24b6650e24c17340001201080018174090100000000ffffffff9461ab428b002349,2256440eb70d002d953d7332664a8958885e0d0c051c60000a2030008b3b370100000000fffff7ff
2287,8057,54279,1.136898242,1.598522985,2.611264757,0.156333322,0.921456780,-2.022148411,4.784186848,2eb3d039d04c544ff3b36c6113104001037050019739181700000000ffffffff2e5fea3e4e0099a2,b44fea09e40dce36843d88328d4889585b3afd08051c60000a0c80008942330100000000fffff6ff
2288,8058,54280,1.131122513,1.591786558,2.561214230,0.272155959,1.063750012,-1.990219626,4.661780377,98b25639224cc94fbe03fc52040c3001147020007936331505030000ffffffff2955493102406b5b,745bfb13530e4c38a63db832ed4b71584b761e0e051c600008283000725a300201000000fffffaff
2289,8059,54281,1.209710944,1.513378956,2.650672356,0.135309665,0.958948865,-1.958003195,4.764621828,91baca33594dfc4b3a80415117340001201080019e58080100000000ffffffffc5676f217c4a93c0,924d910cc30e6c30833de532e1476a58af1e5d0b051c60000a0c800078572c0300000000fffff6ff
2290,8060,54282,1.153686364,1.503771264,2.930264956,0.033810838,1.035037369,-2.821806258,5.878788643,e2b41c332551744c649a6c46205cd00000000000df20000000000000ffffffff6b6bd323bd4753c1,4643f31108035d3e643d642ce03fcf59c8018b420614500200000000e718000000000000ffffffff
2291,8061,54283,1.156766753,1.511888107,2.953564339,0.000003566,0.822508595,-2.397527364,5.517927836,32b5af337651b34c45e2ad4a205cd00000000000a45b000000000000ffffffffd95c8e21014ac3b7,d83fea02cb08b23d5f3da630000032595901c84105187000000000009a5a0b0000000000fffffbff
2292,8062,54284,1.145292303,1.504378647,2.859791512,0.045554822,0.858896348,-2.384007969,5.396619583,08b427333050b24c5ede9248205cd00000000000df1f000000000000ffffffff196e6a2a7f5827b0,77447d05fa089b3c6a3d9e304e412a594b912d4a05187000000000009e59080000000000fffffbff
2293,8063,54285,1.168433728,1.476218170,2.957016100,0.040857229,0.974188653,-3.038691876,6.121435822,61b62931825131be94ba3f1b205c000000000000e817000000000000ffffffff565b44304c5c31af,fd43a50d16001338623d1527ab402b5a1d8779060694500000000000ff00000000000000ffffffff
2294,8064,54286,1.184798296,1.470641291,2.805713931,0.000003566,0.996496167,-2.750757521,5.701133848,0ab8c430744fbac7b32aa63d205c000100000000807e010000000000ffffffff6760b8305f5b66b8,d83f390fff03133d5d3d492d0000b2596a0168410614000000000000d42b000000000000ffffffff
2295,8065,54287,1.182179965,1.475666004,2.859216219,0.098229479,0.987937591,-1.540340175,4.557293509,c6b71f312e50afc77ee2f73e205c00011d000000827c010000000000ffffffff3e5bd630d4599cba,cf499e0e6f1473527a3db334c4456b5717fd8c4d03287000050860007a43400100000000fffffaff
2296,8066,54288,1.185260354,1.477709019,2.808302752,0.189023953,1.120788781,-1.651084158,4.583231462,16b844317d4fc8c5bf7f672f178000010d7400009a62030000000000ffffffffb056b92f705927be,05530418ee12ba339a3d56348849b657477f1b0c07285000031880006c60171506000000fffffdff
2297,8067,54289,1.187070083,1.472021707,2.745308123,0.173352473,1.121837897,-1.711489966,4.584026756,45b8dd30a24e30c4cd17d229178000010d000000a159050000000000ffffffff556a804e0a4d3d43,6e5117181c122146983d31340d49eb57dab56c4607285000031880007257210b09000000fffffdff
2298,8068,54290,1.177135827,1.536680370,2.915594974,0.081556872,0.964636177,-1.464401445,4.551032458,43b77035f250fcc61611ef2d1740d0001e748001fa03020000000000ffffffffc76ab14cf652b840,1e48f80c77151149773de634d5442c575d95ab4503287000021460009238330200000000fffff9ff
2299,8069,54291,1.176750779,1.545018080,2.916170267,0.004354616,0.913174286,-1.470729672,4.584607990,39b70736f45087ca27359f2c1740d0001d780002fa02020100000000ffffffffb26efb49284b2643,494054096115443e643dec3413343857e9bc484503287000021460009c362b0300000000fffff9ff
2300,8070,54292,1.183720160,1.538281652,2.940907884,0.233266045,1.083738428,-1.444266175,4.509958325,eeb78d354a51bfc4204d3f2c173400011878d001fe01000000000000ffffffff2d6f3f3f36383754,82576515bd15014e9e3df734fd4a0d5788813d4b03287000021490008f47270100000000fffffdff
2301,8071,54293,1.192345250,1.525250529,2.953276692,0.252788012,1.171477639,-1.592404230,4.655226966,ceb8a13475512d4c4d95df621760d00010100002ef0a060000000000ffffffffac6c353ed632bf62,7d599a1bba13394bab3d8734774b7f57bb8d1b440a0c7000051880005f4f4a0601010000ffffffff
2302,8072,54294,1.193615910,1.520501900,2.939757297,0.277315611,1.116205802,-1.439951474,4.492762012,efb84b344651784d4179ce5f1760d00010100000d1220c0000000000ffffffff366ec748fb505e3d,fa5bb117cc15214da93dfa34294c07578431bc4603287000022450009756110100000000fffffeff
2303,8073,54295,1.182757538,1.545680679,2.934292010,0.114440028,0.910855188,-1.276568144,4.390404189,d5b7133633511ec91f55df2a173400011d780002fe00000000000000ffffffff776749426b2ee76f,744b2a0904184c2c793d7935cd468c56fafe78050328200007000000c81a1a0300000000fffffaff
2304,8074,54296,1.192152725,1.508961626,2.896610291,0.330413822,1.225810794,-1.576296014,4.563952141,c9b87a33b050ba4d36bd5c611760d000101000007e5b250100000000ffffffffc760d057fa4f6f42,5d61721ff2138436c03d9934e64c6c572086fc050a0c70000520600069563d0202000000ffffffff
2305,8075,54297,1.162195939,1.533201723,2.866407387,0.304615562,1.125868710,-1.346753941,4.318806856,bfb531354750a7cc7889fe311740d0001e74000081710c0000000000ffffffffa3653a5604495646,bf5e60181017d34bb13d3d359f4cb756be891e4f0328700002245000b63a0a0501000000fffffeff
2306,8076,54298,1.169011301,1.525471396,2.870146794,0.127454673,0.926039759,-1.295552827,4.335575144,70b6a5345450c2c426351e331740d0001e60d001bb330c0500000000ffffffffb7546b29a94df7b0,c64c3d0ac2178f517c3d6835b847a056c1918e500328200007000000c61c180500000000fffffaff
2307,8077,54299,1.120302645,1.496703536,2.714529925,0.295990472,1.055522735,-2.136056507,4.939870423,7fb19c32374e5e497c3ef05f205c00010d000000a05e010100000000ffffffffd1598a23014d80b9,df5d6613580c2240ab3ddc314f4caf58d4990e4e0518700008280000824b270b00000000fffffbff
2308,8078,54300,1.138168903,1.497034836,2.819520973,0.344776137,1.232105489,-1.588952469,4.487125776,4fb3a232a44f824b440a524b205cd00000000000ea15000000000000ffffffff14569c33a33abf67,d262e41fc613714ec23d90341b4d7657bdc15d4b0a0c70000814600069523f0302000000ffffffff
2309,8079,54301,1.207631681,1.502666931,2.647220595,0.404805223,1.270646690,-1.371491558,4.104681606,5bba08334d4d914c77e8624c17340001181000027874110100000000ffffffff505af642b62e4f71,e9689e22ba164427d33d34352c4ebc56465e9f200328900007088000bd36070400000000ffffffff
2310,8080,54302,1.194270493,1.471911274,2.698134063,0.351591498,1.203392846,-1.437650301,4.229293361,00b9db30fe4d774d9b99bc590d607001101000006d60240b03000000ffffffff576fe744e73d374e,8363dc1dd4152c26c13dff34494dfb56aa52fd0e03287000090880009066070100000000ffffffff
2311,8081,54303,1.188610278,1.527845711,2.948386698,0.000003566,0.947463808,-2.631959431,5.734970967,6db8d0346451794835c57f641734800110100000f705030000000000ffffffff5c707844d74f7e38,d83fc10b9c054d3e5e3da92e00008559190178430614700000000000ad52000000000000fffffeff
2312,8082,54304,1.186299986,1.547337178,2.946085525,0.374501894,1.187103943,-1.238598779,4.277892805,31b831365c5166c728950f271734000210748001ff00000000000000ffffffff24712d45044a6e42,d665b51c8818da40c33d9335c44d56563b3a6f120308a000091c8000e70a070502000000ffffffff
2313,8083,54305,1.186877559,1.540324667,2.955290219,0.343543981,1.206761060,-1.475907313,4.523050715,40b8b2357c51f1bf3fcddf261734800110804000fe00000000000000ffffffff796e6844d2377f55,b262191e4f157b53c03de434244d1a57983dcd4a032870000920500086690e0100000000ffffffff
2314,8084,54306,1.189726919,1.522379265,2.944647291,0.299224880,1.187435243,-1.592979523,4.636295772,8ab86d345751234b38859f641760d00010100000e40e0d0000000000ffffffff035d313af1606001,335ebb1cb813534eb53d8c346c4c7f5797255c460a0c7000052060006353440301010000ffffffff
2315,8085,54307,1.188032705,1.576049821,2.771196327,0.357290218,1.220565215,-1.463826151,4.330348458,5eb83938fc4eabccb4891913177400012034e001e2100a0300000000ffffffff4a5849261d478bb2,1764131f79154b50c43ded345b4d0e5790d93e5303287000092050008a680b0100000000ffffffff
2316,8086,54308,1.132046629,1.510728558,2.785866309,0.018370387,0.969826539,-3.041855990,5.957784567,b0b29a332f4faa4c04def052205cd000000000007f7c040000000000ffffffffc35954248d46c3b4,b541560d0b00993b5e3df626333c2d5a2c4f38060614500200000000ff00000000000000ffffffff
2317,8087,54309,1.137514320,1.512716356,2.820959207,0.399838095,1.258830333,-1.383572720,4.276296651,3eb3be33a94f154d1ecea14c205cd000000000009667020000000000ffffffff4a5d4f22e14665b6,6868c82190161d48d03d2935124ec856ff75cd480328900007088000b83b060600000000ffffffff
2318,8088,54310,1.144868750,1.512164190,2.861517393,0.401801844,1.232381572,-1.260459929,4.197752229,fdb3b4333650464d703ec347205cd00000000000b14d010000000000ffffffff2718ff07da63d9ad,9b68e91f3c18a00ecd3d8735374e6456c5a2eb1803289000021c8000e50c0a0301000000ffffffff
2319,8089,54311,1.102012834,1.542754198,2.930552603,0.279702913,1.587645311,-0.975402041,3.991827965,a4afde352651e7435d7e00e827a8900226b0b0027856150e0b040000ffffffffd9174706345b71a3,385c0b391b1cef66eb3dc136e14d2255fc301b51034c400109702000e70a050403020000ffffffff
2320,8090,54312,1.077600749,1.554018389,2.939182004,0.189909565,1.221724764,-0.903202718,3.957566808,2aadaa364451bd4a88cad1f22eb0a00227989002a44b0c0300000000ffffffffbb2af006085cc8d8,1c53281f161dd80ea53d10379849cf54bd3afc1c0308400009000000a956000000000000ffffffff
2321,8091,54313,1.146485954,1.565337796,2.697271123,0.254443721,1.007594708,-1.009632000,3.853303447,27b47737fb4d194b6ae939fc2fb4800227980000ef0d020000000000ffffffff5a1e6401665eb0eb,a8590210a41b72329a3d3936aa4b975568321e0e0308a000091c4000a55a000000000000fffffeff
2322,8092,54314,1.105247242,1.570031209,2.877913255,0.081941921,1.003508678,-0.861206298,3.917794864,f8afcc376f50ad498bc81d8a2cb8a00227a06002a53c110b01000000ffffffffb51f7c04d7621636,2848b80fa81d3426783de9369744f4548b131b15020c400000000000a757010000000000fffffeff
2323,8093,54315,1.114719440,1.564012597,2.862667980,-0.031031356,1.030067873,-2.880773833,5.880898376,eeb05f373a501a460cb82fda27a8c00228b4e0025a562d1807030000ffffffff6e209607a362734e,b23c99113b02af3e563d7b2b3bbfe859406ef5010614500200000000f20d000000000000ffffffff
2324,8094,54316,1.116875712,1.557828336,2.854326225,-0.027103860,1.017036750,-2.935426708,5.926414078,26b1ef361d501c461104cfe427a880022c98d0026f521d1109070000ffffffff861a2f07955a0990,183dad107d01783e563d232a51beff59664266010614500200000000fa05000000000000ffffffff
2325,8095,54317,1.084454615,1.556944870,2.919909674,-0.062066278,1.036914734,-2.888252648,5.943037192,dcaddf360151304b96f556fc2eb0a00227989002a3490f0400000000ffffffffa71f3d044f5f52c4,8c3915122102da3a4f3d582b3bc3ea595c32a7000614500200000000f708000000000000ffffffff
2326,8096,54318,1.107519030,1.564233464,2.866982680,-0.053826237,1.025705760,-2.940029055,5.946437607,33b063374950044901f4efdd2ca8e00227a06002922b1f1b07010000ffffffffef274f06335ca0d0,623a4a116d01f634513d182a45c2015a872a37010614500200000000fc03000000000000ffffffff
2327,8097,54319,1.143829118,1.566939078,2.746458710,0.167345714,1.015766768,-2.407594999,5.274616611,e2b39437a64eee4a82a812f32fb4800227980000e316050100000000fffffffff42c45060e5d06c4,d2509610a808542c903d4430df4827595396dd0b05188000070000008c72000000000000fffffeff
2328,8098,54320,1.148141663,1.563515648,2.656425290,0.090374487,0.965685293,-2.497916065,5.295612084,52b456376d4db24a0752ddf72fb4800227980000eb12030000000000fffffffff226f503b35b33ba,03490b0d6e07c744783db62f43455259089d6e5105187000080000008777000000000000fffffeff
2329,8099,54321,1.142173409,1.571190758,2.766306332,0.091606642,0.857681582,-2.229541687,5.154734068,b7b3e137eb4e564b2160d1e32fb4800227980000e813030100000000ffffffff13277606c05d9cd0,23496705130bf244763d63315545e7589989dd490518700000000000a04a150000000000fffff8ff
2330,8100,54322,1.141133778,1.565558663,2.758539871,0.173544997,1.031227422,-2.435496730,5.310344070,9cb37b37d04e094a7080f2f12fb4800227a86002bb320f0300000000ffffffffc0253a04de5da9bd,7351ae1147081f51913d1b300d493159408d9f5d0518800007000000817d010000000000fffffeff
2331,8101,54323,1.138207408,1.569423826,2.782989842,0.253211565,1.001244797,-2.207105244,5.099715091,50b3c137254f134a2a9cd0e32fb4800227a86002b7330f0501000000ffffffffcd286106315b62cf,88598f0f610b23449e3d7b315f4bd058e0f56b44051870000800000097580e0200000000fffffbff
2332,8102,54324,1.145484828,1.567436028,2.733226961,0.259564868,1.019466282,-2.231842861,5.073168966,0db49d37784e834b8338c4f42fb4800227980000f10c020000000000ffffffff9870bd28dd492e42,2d5ad9100b0bc358a13d55318e4bda584d615e550518700008000000935d0c0400000000fffffcff
2333,8103,54325,1.201586417,1.547005878,2.980603130,0.262606753,1.035589535,-2.209981711,5.299566065,beb92b36d451bc4a3b6a1f14205cd000000000008778000000000000ffffffff4a5d4f22e1465b5b,7c5afd11570b1350a43d6d31a54bcf5872bdff610518700008000000915a100500000000fffffcff
2334,8104,54326,1.206091487,1.540214234,2.861517393,0.231533326,1.032939137,-2.288796909,5.266196829,33bab0353650464dd83cc347205cd00000000000b14d010000000000ffffffffb76f85272b441433,5557cd11450acb529f3df230bd4af25855895e5305187000080000009465040300000000fffffdff
2335,8105,54327,1.202086981,1.542257249,2.976863723,0.206351143,1.043485512,-2.358695059,5.450545900,cbb9d535c751ea4c7ace8c081780d00000000000b549000000000000ffffffff106b8c24df42c74b,c7548c125209df579b3d7f30024a105928e92d5305188000070000008f6d020100000000fffffdff
2336,8106,54328,1.203203622,1.540987266,2.950687872,0.262722267,1.017312833,-2.191284675,5.253439042,e8b9be356c51b74df0a1dd491780d00000000000ab54000000000000ffffffff66222b05016433b4,7f5ab210980b7425a13d9031a64bc8585f761e1405187000080000009458100300000000fffffbff
2337,8107,54329,1.125616317,1.563957381,2.831889782,0.170888162,0.918972032,-2.225226986,5.186708201,09b25e37cf4f0d450e68c1dd27a0a0022db0f0027e3e230e0b060000ffffffff32231e02c364f768,2e51bd09220b302a883d6231f948e058ac8a9c0a0518700008000000a34d0e0000000000fffff9ff
2338,8108,54330,1.123691073,1.569920776,2.817795093,0.184326360,0.935481801,-2.251402837,5.194389909,d7b1ca379e4fa0447a68b2cb27a0a0022dbcc0027650151509070000ffffffff832422030862c9ae,8b52e80ac70a77508b3d3a315d49eb586cedbe540518700008000000a4500b0000000000fffffaff
2339,8109,54331,1.129620823,1.569313393,2.798235117,0.139814735,0.948844224,-2.311520999,5.241593808,71b2bf375a4f9b471fd8d0da28b470022fa8c002564b2a230c050000ffffffff3d2132053765c755,074eda0bf609c352863dd930124805592ce57c4c0518700008000000a754040000000000fffffbff
2340,8110,54332,1.121765830,1.563460431,2.846847411,0.135694714,0.999864381,-2.394075604,5.362578745,a5b1553703504043294469db27a880022cb460029c2a250906050000ffffffff3325ac02c660e1ae,9c4d760fd708e344893d5430e6472459988d9c4605187000080000009866000000000000fffffdff
2341,8111,54333,1.131854105,1.570804242,2.787879836,0.116673310,1.002735646,-2.495614892,5.410047182,abb2da37364f7e4820f460db2dbc800227a860025d4c391606010000ffffffff631eda085761c99d,ae4baa0f7607c74e813d9d2fcb464e590a554d4e0518700008000000807f000000000000fffffeff
2342,8112,54334,1.113294759,1.554128822,2.874461495,0.125452420,1.067394309,-1.671507074,4.677453709,c9b0ac366350e94651542def2a9cc00226a0e0026968170d07030000ffffffff9e652a31905728b9,924c3d14a7125244883d46344f47d057f3f99e50072850000318800075511f1307000000fffffcff
2343,8113,54335,1.179099576,1.486930195,2.892870884,-0.293480524,1.155299169,-1.917157363,5.041313620,76b7eb31a35033c4b94f3b2d178000011d3400008b74000000000000ffffffff5d6ef3530d20a8e1,1222751a510fa9490d3d543346cc4b58785e020b07146000082830006d59240a0a000000fffffdff
2344,8114,54336,1.170667010,1.596811270,2.944647291,0.087717651,0.935481801,-2.471164922,5.562477677,9bb6b13957518f4e20ab8e6f0d100001135c3000c537030000000000ffffffff2b72924c211e80e4,be48e80acb076045753d0c301b454a5915d1cf5b0518700008000000936b000000000000fffffdff
2345,8115,54337,1.207939720,1.547392394,2.991533705,0.156102293,0.910689538,-2.246800490,5.380696761,63ba3236fa518e4f62902e4e0d103001100c4001936b010000000000ffffffff34730e4fc821a993,ae4f2709d70a4d48853d44318b48ea58589108420518700008000000a44e0d0000000000fffffaff
2346,8116,54338,1.207862711,1.542312465,2.992396645,0.112822823,0.963697495,-2.383720322,5.516932235,61bad635fd51a84e0fa7a8330d100001135c0000b34c000000000000ffffffff976ff75259210bba,4a4be70cfb08c546823d6a3092462459525dee4e0518700008000000a25c010000000000fffffcff
2347,8117,54339,1.169858408,1.595651721,2.955577866,0.132729839,1.005386043,-2.477780796,5.562862176,86b69c397d516b4e4bf63b3b0d100001135c3000c735030000000000ffffffff5b603c31cb5818bc,4f4dda0fb407c14c853dc82fbb4746594e59ef570518800007000000847b000000000000fffffeff
2348,8118,54340,1.182719033,1.483506764,2.860079159,0.077821900,0.918916815,-2.455631999,5.458602807,d4b7ad3131507ac5d75bc92b178000010d740000926c010000000000ffffffff9d6d00544023e1af,bd47bc090108e01b733d233088444459eefd0d1205187000000000009569010000000000fffffdff
2349,8119,54341,1.172168700,1.595430855,2.936593183,-0.009353117,0.863313678,-1.215011749,4.378106084,c2b698393b51f44dee6f3b1d0d10000117603001cf2c040000000000ffffffff0f70534fe11fe98a,e53ecd05da18233f623d9e3570b8595638fbd6060308a00007000000c435060100000000fffff9ff
2350,8120,54342,1.167471106,1.594436955,2.965645501,0.014211861,0.953592853,-1.575720720,4.729132606,48b68639a051f84ed5762b1e0d100001135c3000aa54010000000000ffffffff5157be2ba061e1c5,4941300cf413ef4d663d99349d3a90570af1ac4c0328700005182000674c490200000000fffff9ff
2351,8121,54343,1.185876432,1.441928648,2.718269332,0.000003566,0.824275527,-2.017546064,4.920948821,26b8bc2e444ed5c88bdf112b205c000000000000ef10000000000000ffffffffc756ac256b5fd8d0,d83f0a03f40d6e3c603d6f3200008e58241fd805051c60000a0c00008a43320000000000fffff5ff
2352,8122,54344,1.118800955,1.438505218,2.713666985,0.010707919,0.782752628,-2.254566951,5.132370805,58b17e2e344e86c3b15a4019205c400300000000fd02000000000000ffffffffc1568624c35d54d1,ee401a00bc0a473c613d5431fd38f9585b039d0e0518700000000000a543170000000000fffff8ff
2353,8123,54345,1.123152005,1.445186429,2.719132272,-0.107617535,1.040503814,-2.847119169,5.715043026,c9b1f72e474eedbd8e72a017205c400300000000fe01000000000000ffffffffa7561927b562ccd1,ed345612b002c33b473d2a2c26c6d6595e0a98000614500200000000f807000000000000ffffffff
2354,8124,54346,1.187147093,1.418682451,2.701585823,-0.080741138,1.043430295,-2.735224599,5.595289297,47b8172d0a4ed0c7796b701c205c400300000000fd01000000000000ffffffffa86fcd59612e701c,a7378b123504b144493d5d2db4c4a859bb59b4430614500200000000de21000000000000ffffffff
2355,8125,54347,1.211174129,1.545680679,2.947811405,0.017600290,0.796667216,-2.072486585,5.214310269,b7ba13366251f44aa164fe0c0d40400017600000eb12010100000000ffffffffc56ba65a562d6982,a1411601350da747633d1e321a3ca7582db62c06051870000a0000009038360000000000fffff5ff
2356,8126,54348,1.211366653,1.539993367,2.915307327,-0.003423367,0.782034812,-2.296851017,5.405257678,bcbaac35f150564b7529ca3e0d40400017000000e617010100000000ffffffff826eee5a492f0f7e,7f3f0d00290a9b415f3d2f3159b20c59db5046460518700000000000a545140000000000fffff9ff
2357,8127,54349,1.210596556,1.543416798,2.938319064,-0.001536629,0.792194670,-2.084280100,5.221120943,a8baea354151754a27d6263e0d40400017000000e915000000000000ffffffffe26b9659bf2e11a5,b03fc5000c0d863c603d1c32acadad58c19d5740051870000a0000009139350000000000fffff6ff
2358,8128,54350,1.184105208,1.596590404,2.916457914,-0.226520562,1.120843998,-1.825973356,4.970598964,f8b7ad39f550f04abbfbdb200d40700104600000e21a020100000000ffffffff386b7d309f5551b3,dd2805188e10b8451f3dd23399ca2658710a44050714a000062030007b3c2a1902020000fffffcff
2359,8129,54351,1.174941050,1.489635809,2.929689662,-0.070691368,1.048675874,-2.830435660,5.909745300,0ab71c32235112c027f7ed2d1780000100000000827d000000000000ffffffff2c58d92822656acd,ac38ea12ea02e3424d3d572c1ec4d15924a296000614500200000000f00f000000000000ffffffff
2360,8130,54352,1.185606898,1.417633335,2.728049320,0.018062348,0.783746527,-2.282468681,5.183653481,1fb8042d664ea5c97aa3f127205c400300000000fe01000000000000ffffffffb14fb0628d6ad011,ad412c005b0ac13b613d3c31343c06591df95d4c0518700000000000a544160000000000fffff9ff
2361,8131,54353,1.137860864,1.627566928,2.515190757,-0.008351990,0.864086710,-1.961167309,4.683426895,47b3de3b824b9ed210d9e7b71074f0010d0000009569010100000000ffffffffff5c2c47622b0985,ff3edb05b80ef0285f3dcf32c7b77358a36ec701051c60000a0c00007c572a0100000000fffff5ff
2362,8132,54354,1.166469980,1.579197168,2.447306134,-0.233489942,1.095830868,-1.908815608,4.601013735,2eb67238964ae84993125b0d0d607001101030018b3f260906000000ffffffffe35c113bc4065988,282840166e0f1f4f1f3d5633cdca4b58ad666309071460000a2030006f5e270901000000fffffbff
2363,8133,54355,1.133317290,1.584497964,2.488727260,-0.176772275,1.057620967,-1.904213261,4.614310398,d1b2d238264b9b4e331ac742040c20001350d000c81e100603000000ffffffff565eaf46882df985,e92d8c137e0f27532d3d603326c94c58d6ee520d071460000a0c8000725c260a00000000fffff9ff
2364,8134,54356,1.190805055,1.478702918,2.761128692,-0.290438639,1.167336393,-1.842656865,4.846222596,a6b85631d94e834d5cedd5620d607001101000006c54330904000000ffffffff7b61fe58bf49a341,61224f1b5410a2400f3dc1333bcc2a5840dac2070714a000062030008037241a09010000fffffdff
2365,8135,54357,1.164159688,1.524256630,2.887117950,-0.343344325,1.196435552,-1.923197943,5.051650621,f2b58f348f50dfcb34d53d34105cd0001e60d0018075090100000000fffffffffb636244a301453f,031d5e1d3c0fdd48003d4d3300cd4b58723ab307071460000828c0005f55222107000000fffffeff
2366,8136,54358,1.139978632,1.601504683,2.614428871,-0.119592548,1.056185335,-2.780672779,5.566957388,7eb3063adb4c554ffd076c621310400103345001c1260d0b00000000ffffffff3066ac45f902e1b9,b633721397037247423dd42cd5c6b959230667000614500200000000f10e000000000000ffffffff
2367,8137,54359,1.145099779,1.603437265,2.614716518,-0.199798184,1.604983330,3.261921610,1.492523820,03b4293adc4c2e4fce63ce55131040010354d000df16050400000000ffffffff94658243550331ae,932b453aa65524408f390d3ac74909d90dc2e2072188f0011b000000a852050000000000ffffffff
2368,8138,54360,1.143636594,1.599627318,2.908116159,-0.234452564,1.622707865,2.699859943,1.393927219,ddb3e439d85018538fb73d4e131040010334c001c4270a0900000000ffffffff3d6290502533b194,0f28863b044e56407c3928390a4be5d71e22520a217cd00122000000817c010000000000ffffffff
2369,8139,54361,1.180408741,1.584332314,10.558655644,-0.255938279,1.628008661,2.308372774,8.374495079,98b7cf38bdb8a7ba46d3ed0f0d5c800110100000655b2d1200000000ffffffffa15acb3bf7167183,e125e63bb3481e3e6c398938f54b68d6111e520a1f74100210880000b92a1c0000000000ffffffff
2370,8140,54362,1.147910634,1.579031518,1.373233327,-0.339185800,1.734190223,1.661455328,1.522695619,4cb46f38003c000085c976020434300013088001dc22000000000000ffffffffbd662f2e6433e768,6f1d6943ea3ff24351390237d24c01d430ea90111d7c00011e840000cf1e110000000000ffffffff
2371,8141,54363,1.201085854,1.528563527,2.911280273,0.409387302,1.973057325,1.643621232,1.559269309,b1b9dd34e350674f81c86a621760d00020400000f803030000000000ffffffff2a53e32f555668ec,60694f54ac3f1234033b2037003c00006eda5f201d40f00117341002b52e1c0000000000ffffffff
2372,8142,54364,1.196965834,1.581792349,2.690655248,-0.372107460,1.842580450,1.770473430,1.837589729,46b9a138e44dc9bda6b2a20b178000010d000000c32b0e0200000000ffffffffc055f4310a5a00fc,181a144b6541794226396d37524d68d44e3270191d7c000121780000ca2d080000000000ffffffff
2373,8143,54365,1.195117600,1.579362818,2.722008739,0.000003566,1.608903710,4.419411962,2.076137741,16b97538514e39c665424513178000010d740000bd340c0100000000ffffffff02549c269c54b8c0,d83f8c3a5e653a3fea39ee3b5d2553db18ee17001b68200221640000c1221a0200000000ffffffff
2374,8144,54366,1.120533674,1.479531167,2.684327021,0.337922271,2.073882875,1.963772018,1.218578710,85b16531ce4de245886e1056205cd00000000000ef10000000000000ffffffff6b549527755aa8d1,2062715b0544ec2b343b2938df4c1cd55dfefe2d1d7c000121000000a756010000000000ffffffff
2375,8145,54367,1.114873459,1.466500045,2.662178224,0.000003566,1.911490793,4.128888787,1.895307764,f2b07930814dc7b29156101b205c000000000000f00f000000000000ffffffff5e24d30487616fb2,d83ff44f6c61b73bb63a813b0000b2da1902e87f226c10021a000000916e000000000000ffffffff
2376,8146,54368,1.131623076,1.566055612,2.803125111,-0.297870078,1.703379349,2.568980691,1.455036802,a5b284376b4ffc471e2c61de28b470022fa8c00256422924100b0000ffffffff1a2587042f6027b7,a0213b413d4cad415039f538774c65d73ba2d0131f84d00122000000a05b050000000000ffffffff
2377,8147,54369,1.134202902,1.567491244,2.789893363,-0.210849081,1.836948355,3.124138837,1.411910765,e8b29e373d4fbf48218480df2dbc800227a8c0025c4f32150a040000ffffffff915a0933a85af800,742aae4ac75373521c39e139314ac4d8ddc9433a2188f0011b000000b236170000000000ffffffff
2378,8148,54370,1.194193483,1.576546770,2.787304542,-0.270339099,1.746613963,3.261921610,1.548883435,feb84238344fd5c72ac61811178000010d740000b741060100000000ffffffff8d711d315c4d4437,6b244a44a655ef514d39103ac04b09d9130ee12d2188f0011b000000a159060000000000ffffffff
2379,8149,54371,1.197466397,1.551091908,2.970823142,-0.375803927,1.855611572,1.675262370,2.060676940,53b97536b2513145f0a9cf271780d00000000000ca35000000000000ffffffff026c3035ff52e01c,b819004c1a40fb4424391937594df0d35c6230171d7c00011e840000c921150000000000ffffffff
2380,8150,54372,1.194463017,1.558490935,2.927388489,0.150519087,1.723643848,4.230428075,1.677798133,05b9fb361b5180c0bd957e22178000010d000000cc33000000000000ffffffff6d54c825cb578ecb,1d4faa42cd62ca3b3a3a9d3b9448e6da6df20e111b88a00121000000a458020100000000ffffffff
2381,8151,54373,1.121265267,1.471138241,2.678574087,0.106045967,2.220317354,2.052942497,1.408316177,98b1cd30ba4dfd42908ea014205c000000000000f609000000000000ffffffff6b6bd323bd47a74b,9a4acd653b45d2bdaa389e3b28467cd5f35b0c251d7c100210000000b14e000000000000ffffffff
2382,8152,54374,1.203434651,1.544245047,2.953564339,0.000003566,1.940148219,2.966508441,1.266946427,eeb9f9357651b34c16e2ad4a205cd00000000000a45b000000000000ffffffffd170ff29f2465a3e,d83ffb51a351fc26213bcb39c31774d89801283f217c20021d000000b43e0d0000000000ffffffff
2383,8153,54375,1.201085854,1.544465914,2.980315483,-0.237648468,1.619781384,2.563227757,1.499863674,b1b9fd35d351c24b18a29f161780d00000000000ab54000000000000ffffffffa7561927b5623cd4,bc27513b294c42407739ef384c4b5ed71efef10a1f84d00122000000a05a050000000000ffffffff
2384,8154,54376,1.112293633,1.424645846,2.701585823,-0.187553637,1.809284828,3.261346316,1.466588518,afb0832d0a4ed0c7a86a701c205c400300000000fd01000000000000fffffffffe62a92ae366c9b6,d12cb948a4558b512739193add490ad9f24913392188f0011b000000a852050000000000ffffffff
2385,8155,54377,1.177559381,1.422768481,2.872160321,-0.319740842,1.715858305,1.763569909,1.885943346,4eb7612d5b506acb58e30936205c400300000000fe01000000000000ffffffff1e5fd32aa766c2b9,681f1d424d41274158395e37924c6bd4231611101d7c000121780000c930050000000000ffffffff
2386,8156,54378,1.180254722,1.422547615,2.846847411,-0.298332137,1.685599597,3.125864717,1.527503224,94b75d2d035034cb664fc736205c400300000000fe01000000000000ffffffff0c70e44a061b58e7,9421f93fcd53ea406239d739564cc6d81ea690132188f0011b000000b534160000000000ffffffff
2387,8157,54379,1.208170750,1.551920157,2.976288429,0.000003566,1.916294639,4.232729248,1.780752717,69ba8436c55119506e403e0c04343001100c4001936a020000000000ffffffff00685a431005f034,d83f4b50d5629d40b43aa83b0000e3da2b02d87f1b88a00121000000ac52010000000000ffffffff
2388,8158,54380,1.005981698,1.506587312,2.920197321,0.202462152,2.255821641,1.933281467,1.476820451,e6a54f330251d852f37f9f661310400103340000cd26060600000000ffffffffad6e054c961d08f6,625450689b4399c2eb38b73be2490bd5cff7ae271d7c000121000000d825020000000000ffffffff
2389,8159,54381,1.206630555,1.551588858,2.959604920,0.346701380,1.740540134,2.188424097,1.170427543,41ba7e368b519e4f23b1c8090d103001100c70018678010000000000ffffffff5c71284dbc1f00e9,0463dc431247ab42b63a6a38094df8d54f8e9f151f74100210000000ae47090000000000ffffffff
2390,8160,54382,1.206938594,1.547337178,2.980603130,-0.334064653,1.721379967,2.309235714,1.689886418,49ba3136d4512a4f0b7de60a0d103001105c30009f5f000000000000ffffffffa868614c9905c4ce,f41d8142b648094143398d38eb4c6bd63986c0141f74100210000000b82e190000000000ffffffff
2391,8161,54383,1.154456461,1.605038547,2.889706770,-0.244964392,1.620278334,2.434649678,1.471627648,f6b4463a98501b52359f6f5f1310400103340000a14c0b0701000000ffffffff6f730a4e4a2160f1,fe265a3b6a4aca3e7139bb38a94be0d62126320a1f84d00122000000b43a110000000000ffffffff
2392,8162,54384,1.207285138,1.544686780,2.996711345,-0.272841915,1.669918076,3.263359843,1.509158836,52ba01360c52d64efb80080b0d100001135c0000af50000000000000ffffffff7b557a29695e9cd1,2a24dd3eab55a4456a390e3acf4b0ad935b2b0132188f0011b000000a456050000000000ffffffff
2393,8163,54385,1.108289127,1.455235854,2.677135853,0.000003566,1.898404454,3.665489941,1.549690000,47b0ad2fb54d24c59b5a1020205c400300000000f10e000000000000ffffffff6271c62f8148fa41,d83f074f215bb832d13acf3a0000d0d9f5fdf73f2284b0011f000000b83a0d0000000000ffffffff
2394,8164,54386,1.198313504,1.545791112,2.973699609,0.166652626,1.591841774,3.536911862,1.176287751,69b91536bc515249eef15f631780d00000000000d42b000000000000ffffffffec70f1370f4e5429,c050573962599241353a7e3ab54890d93a1e8d072284b0011f0000009a63020000000000ffffffff
2395,8165,54387,1.193500396,1.550926258,2.956153160,0.233189035,1.655837838,3.536336569,1.126861632,ecb872367f51c039b8693f1a1780d00000000000f30c000000000000ffffffff89628446b75f780f,8057de3d60596a3d583a823a744a91d95772df142284b0011f0000009d61020000000000ffffffff
2396,8166,54388,1.175364604,1.567325595,2.835916836,0.000003566,1.900171386,3.532597162,1.406279974,15b79b37dd4f83cee8b8b929177400012078d000cb1f0d0403000000ffffffff206401447260a80f,d83f274f5359dc31dd3a9d3afd168ed905fef77f2284b0011f0000009964020000000000ffffffff
2397,8167,54389,1.179330605,1.568595577,2.855476812,0.070891024,1.882557284,4.224387494,1.789169280,7cb7b23721506acefaec0a26177400012078d000d9170a0401000000ffffffff2a53e32f5556976f,0947e84db8627840963aa43b5444e0da2d028b7d1b88a00121000000a856010000000000ffffffff
2398,8168,54390,1.218759588,1.527514411,2.690655248,0.382818945,2.071011611,1.662605915,1.432156205,7cbbca34e44dc9bdc3b0a20b178000010d000000c32b0e0200000000ffffffffff66e61c3240a35d,ae663d5bee3f042c2c3b4737a44de1d3586a9f281d40f0010d5c1002b1321c0000000000ffffffff
2399,8169,54391,1.098547396,1.623094382,2.927388489,0.000003566,1.484776746,3.523392467,1.257438291,4aaf8d3b1b516f4f4bf979451780d00000000000f30c000000000000ffffffff01668f1c9e4378fd,d83fc43133591c41eb39733a000087d931fe27002284b0011f000000926b010000000000ffffffff
2400,8170,54392,1.098123842,1.624971747,2.920772615,0.078129939,1.891723243,4.315283854,1.748200652,3fafaf3b0451bc4eade155281780d00000000000eb14000000000000ffffffff1065261dfa408b59,c5478e4ef4639445943ac93ba5440ddb56be6a7d1b88a00121000000c438030000000000ffffffff
2401,8171,54393,1.102667416,1.622928732,2.915019680,0.355364975,1.771737525,2.029067821,1.168552820,b5af8a3bf0503c4f9d08034a1780d00000000000f00e000000000000ffffffff3365501c8a428b57,e5631146e8447940c23a29381d4d5fd54ec27f181f74100210000000906d020000000000ffffffff
2402,8172,54394,1.104092096,1.623756981,2.915594974,0.094918061,1.861630184,3.668366408,1.281280893,daaf993bf250034fade830111780d00000000000ef10000000000000ffffffffeb67a81d0942d81d,79496d4c2b5b5035ae3ac93a5145d2d9221a6c3b2284b0011f000000b73b0d0000000000ffffffff
2403,8173,54395,1.094542890,1.623922631,2.933141423,0.000003566,2.570445947,1.974990240,1.735504656,e2ae9c3b2f51eb4e01be7e221780d00000000000ed12000000000000ffffffff8f6a0024bc397d46,d83f927e2c44df7f3231092f000050d503fec77f1d40f00100000000fe00000000000000ffffffff
2404,8174,54396,1.079410477,1.619339652,2.947811405,0.097574896,1.858538053,3.535185982,1.168856654,59ad493b6251c44fcb447f571780d00000000000f609000000000000ffffffff01668f1c9e439768,be49354c5c590835b83a963a844590d9373a2c7b2284b0011f0000009a62020000000000ffffffff
2405,8175,54397,1.106325379,1.624088281,2.920772615,0.000003566,2.378071240,2.229845223,1.506591822,14b09f3b0451bc4ea5e055281780d00000000000eb14000000000000ffffffff4c548071ff467000,d83ff670a24750e918338431000034d6e200280a1d7c100210000000f807000000000000ffffffff
2406,8176,54398,1.204820826,1.616854904,2.641755308,0.000003566,1.920325452,3.141109993,1.339042235,12ba1c3b3a4d22cd2f46387a1034000000000000df20000000000000ffffffff726f7752951f28e5,d83f94500254c42a0a3b0a3ab117cad8bdfda73f2188f0011b000000bc34100000000000ffffffff
2407,8177,54399,1.169319340,1.596259104,2.956153160,0.343929030,1.863286683,2.197916438,1.152170047,78b6a7397f51cb4eba4e2e6f0d100001130c7001bd40020000000000ffffffff0f70534fe11f5ac8,bc628b4c3347b63ce53a7638f84cfad560fa1f211f74100210000000b443080000000000ffffffff
2408,8178,54400,1.209441410,1.542312465,2.965645501,0.000003566,1.457996685,3.244375161,1.244001316,8abad635a051f84e04742b9e0d100001135c3000aa54010000000000ffffffff34730e4fc821101a,d83fdf2f69558341ed39053a000001d915fe07002188f0011b000000a456050000000000ffffffff
2409,8179,54401,1.206938594,1.543251148,2.992396645,0.000003566,2.544438919,1.630964777,2.076671819,49bae735fd51a84ecba4a8330d100001135c0000b34c000000000000ffffffff0869aa4d350864c0,d83fbb7c803fef7f432dcb2e00001ad404fe677f1d40f0010d000000be3d040000000000ffffffff
2410,8180,54402,1.156843763,1.603216398,2.894596764,0.000003566,2.522131404,1.536329010,2.006881990,34b5253aa950b251cd12bf2d131040010334000084690a0702000000ffffffff5c70d74e6c1d1cdf,d83f277b373eef7ff12ab92e00006cd302fed77f1d40f0010d0000009369020000000000ffffffff
2411,8181,54403,1.166778019,1.595375638,2.971398435,0.000003566,1.422934131,2.275293402,1.369547704,36b69739b4517a4f5bf3be690d103001100c40019a64010000000000ffffffff726a034dc808f18f,d83f642d4048d442f8397e38701462d6f80108401f74100210000000ae331e0000000000ffffffff
2412,8182,54404,1.155842637,1.604210297,2.910129686,0.000003566,1.426467995,2.135784749,1.402557081,1ab5373adf50d4517c3a8d1b13104001033400008767090602000000ffffffffe568cf4bb0060ab8,d83fa42d5b46c542f93949380000e8d5fdfd07401f741002100000009d58090000000000ffffffff
2413,8183,54405,1.154379452,1.603216398,2.895747351,0.000003566,1.424977146,2.407323241,1.266061226,f4b4253aad50045245ab5f5713104001033400009a540a0601000000ffffffffb673c54d782094dd,d83f892d0b4a9142f639b1382b8ad5d605fe07001f84d00122000000ad351c0000000000ffffffff
2414,8184,54406,1.207747196,1.544797213,3.001601339,0.000003566,2.223022968,2.607237703,1.440193573,5eba03361d520e4f55107f510d10000113000000ab54000000000000ffffffff7b557a29695ed6cb,d83ffe65c24c40cf33389a3a000095d77801c87e1f84d00122000000eb12020000000000ffffffff
2415,8185,54407,1.187686161,1.442259948,2.677135853,0.254790265,1.655727405,3.396540269,1.197249273,55b8c22eb54d24c5865b1020205c400300000000f10e000000000000ffffffffc65b8f2a566600bf,b159dc3d7a57233c623a493a0b4b4cd95372ff142188f0011b0000009569010000000000ffffffff
2416,8186,54408,1.182873053,1.421332849,2.796221590,0.085830912,1.520336250,3.394239095,1.253366693,d8b7472d534fd9ca82d75433205c400300000000fe01000000000000ffffffff936fa55af12fd14b,8d48483472575641103a413aff4449d92e32dc042188f0011b0000009569010000000000ffffffff
2417,8187,54409,1.210442537,1.545128513,2.947236112,0.108356259,1.892441059,3.129316478,1.169774947,a4ba09366051364a22f85c2b0d40700104600000eb14000000000000ffffffffd4744467455c60e1,d64a9b4ed9539c2be43af9393a46c5d8f3092b3d2188f0011b000000bc31120000000000ffffffff
2418,8188,54410,1.215602189,1.590350926,3.027201896,0.000003566,2.202703252,2.544243074,1.444266114,2abb3c39765245d1905f3d641034700100000000fd02000000000000ffffffffa867d35fb2448981,d83f8e64e74b20cf3a38b83a000057d76e01987e1f84d00122000000e615040000000000ffffffff
2419,8189,54411,1.196388261,1.593553490,2.894309117,0.112707309,0.919745064,-1.313674570,4.397216041,37b97639a85016c80dde98021034700118000000da1e070000000000ffffffffbd715367305964da,474bcb098317ef65793d5c35d046b0568a2d3d520328200007000000c51e160600000000fffffaff
2420,8190,54412,1.213715450,1.591952208,2.995560759,0.329720734,1.195883386,-1.473318493,4.572657753,f9ba59390852c9d0a71bde62103470011d000000fb04000000000000ffffffff277010513121b18a,4b61541d5815fb50bc3de434f04c1957a731cd49032870000920500087680f0100000000ffffffff
2421,8191,54413,1.168741767,1.594768255,2.963056681,0.354748897,1.189864774,-1.356246282,4.413944869,69b68c399751984ee8320c110d100001135c3000bc41020000000000ffffffff2c534573f248a002,d563e71cef16414cc13d3935624db956de2dae4c0328700009088000bb37070302000000ffffffff
2422,8192,54414,1.206361021,1.617848803,2.625934739,0.236500453,0.999036132,-1.228531144,4.022494983,3aba2e3b034de0cdf88526791034000000000000e51a000000000000ffffffffae580f6ee04390f5,d657670fab18c018973d9535394b605625cfba120308a00007240000d81d080200000000fffffdff
2423,8193,54415,1.202472029,1.613044957,2.709927578,0.128802343,0.985673710,-1.900473853,4.775161006,d5b9d73a274ef2cb1427ac771034000000000000d827000000000000fffffffff56640292566e5ad,e94c750e8b0f6c31833d3d3381475058c3a2cd0d071460000a0c80006c61250c00000000fffff6ff
2424,8194,54416,1.173939924,1.422602831,2.900349698,0.052639718,0.918419865,-1.887529752,4.943207890,f0b65e2dbd50c6ca34bf3d2c205c400300000000fe01000000000000ffffffff4d65c32d57624fb5,2f45b309b80f043e6d3d4233224250589d4a0902071460000a0c00006d67230700000000fffff6ff
2425,8195,54417,1.177828915,1.455125421,2.888268537,0.083212581,0.933052270,-1.898747973,4.938245879,55b7ab2f935066ca4887da35205c400300000000ef10000000000000ffffffff966e865a0830c8fc,4948bc0a910f013b753d3333d9445358509aae0e071460000a0c00006a68250700000000fffff6ff
2426,8196,54418,1.210327022,1.546619362,2.939182004,0.129533935,0.940837813,-1.980727285,5.073518738,a1ba243644513a4a86dda5280d40700104600000e816010000000000ffffffff7b6f4a64975248df,fc4c490b740eb819813dc6328b477658543fa911051c60000a0c80007f4f2f0200000000fffff6ff
2427,8197,54419,1.207554672,1.592117857,2.968234321,0.063536595,0.983188962,-3.036965996,6.143452011,59ba5c39a951cfce93eb2e6c1034700100000000f807000000000000ffffffffe26b9659bf2e818e,4a46480e1c007e46673d3b2742432b5a175f59050694500000000000fe00000000000000ffffffff
2428,8198,54420,1.210211507,1.539441201,2.916457914,0.000003566,0.845257843,-2.458220820,5.552806974,9ebaa235f550f04a11f9db200d40700104600000e21a020100000000ffffffff3e64676a2a4da8df,d83f8604f807ce3c5f3d5930000048593401a84205187000000000008e6c060000000000fffffcff
2429,8199,54421,1.206746070,1.602885098,2.876475022,0.309544184,1.091247889,-2.050913082,5.034470913,44ba1f3a6a5038cea03f5e681034700100000000eb14000000000000ffffffff086aa05f12433991,3f5fed15800d7630b03d5f32824c8a586a4e5d0a051c6000082800007d44360800000000fffffbff
2430,8200,54422,1.196003212,1.595154772,2.911567920,0.213012485,0.990422339,-2.276428100,5.314816534,2db99339e45071c6ed624c051034700118000000d626020000000000ffffffffa96a75607f4280d0,7455cb0e700a6752963d0f31334af0585fe1fd4e05187000080000009b5d060100000000fffffcff
2431,8201,54423,1.196118726,1.595983021,2.916457914,0.166652626,0.927199308,-2.267511053,5.327345150,30b9a239f55048c6b96bff621034700100000000d528010000000000ffffffffb37023349e4de42c,c050520a8f0ae755883d2731da48f258ff085c4c0518700008000000a5500a0000000000fffffaff
2432,8202,54424,1.195695173,1.551257558,2.960180213,-0.180738276,1.677427537,3.932138439,1.689730953,25b978368d518942c799df211780d00000000000e01f000000000000ffffffffc464a1420a031992,822d653fc05e36459039203b2d4952da6cf6e011226c10021a000000b148060000000000ffffffff
2433,8203,54425,0.967476832,1.496813970,2.907540866,-0.295174738,1.704262815,2.701298177,1.296094154,fea19e32d6501f535e8f0b4d131040010334c001ad350e0e00000000ffffffff1365c642bf053991,e6214b41094eff3e55392c39644ce7d72f9600141f84d00122000000817c010000000000ffffffff
2434,8204,54426,1.146254925,1.596535187,2.898336171,0.000003566,2.214906125,2.092925390,1.531326654,21b4ac39b650ae52ad664c061310300014342000a6430b0a00000000ffffffff4d695642dc07a999,d83f6b65c6457cd573389c3b00009fd5d7ff77261d7c1002100000009c63000000000000ffffffff
2435,8205,54427,1.016609041,1.504378647,2.939182004,0.185828050,1.783995615,4.130039374,1.478689954,faa627334451b55292272c181310300014342000b73d060501000000ffffffff4f67ce4134058182,b252ef467061fe3a5c3a783b8b49b4da5dd25f26226c10021a000000827d000000000000ffffffff
2436,8206,54428,1.015684924,1.499850884,2.924224375,0.418743985,1.249940457,-1.273404031,4.247220025,e2a6d5321051da5267bad9001310300014342000bc32080800000000ffffffff3d67224280041193,536a27210f18e235d13d7e357d4e6e5688f2de2f03289000021c8000e00e0d0201000000ffffffff
2437,8207,54429,1.000822046,1.501010433,2.923073788,0.272271474,1.083793645,-1.972385530,4.966928399,60a5ea320c51fb5261837b4c131030001434c001c42b080800000000ffffffff946582435503819a,775b6615910ea82da83dd432ee4b6858a4563f1a051c6000082830006e5f2e0202000000fffffbff
2438,8208,54430,0.943603815,1.503550397,2.908116159,0.248167428,1.073744220,-1.952250261,4.928643511,929f1833d85018539cb73d4e131040010334c001c4270a0900000000ffffffff286fb1641d5420da,0559b014d70e7018a33df8323a4b5f5856fb1812051c60000a2030006c622d0301000000fffffaff
2439,8209,54431,1.208709818,1.591952208,2.965645501,0.288982586,1.061872647,-1.292101067,4.388084816,77ba5939a05161cf8d3bdf681034700100000000f906000000000000ffffffff4c6fd66397540da7,295dd913ce178b4aa53d6935674c9256abbdff5a0328200007240000c5290e0300000000fffffeff
2440,8210,54432,1.208517293,1.590792658,2.965933148,0.221945614,1.013613320,-1.322303971,4.437954174,72ba4439a15161cf66c31e4f103470011d000000f906000000000000ffffffff5e640e42ed037195,5c566f106517074f943d5435b94ab056a99d7c470328200007245000bf26100a00000000fffffcff
2441,8211,54433,1.143136031,1.596811270,2.902075579,0.250554730,1.005496477,-1.245789947,4.283823407,d0b3b139c350f452f79a4b441310300014342000a53e0e0d00000000ffffffffd1671643af065198,4359dc0f6f184540993d8835a74b7056cd8d9f550308a00007240000d61a0d0200000000fffffdff
2442,8212,54434,1.033512677,1.504433863,2.918183794,0.149941514,1.034650852,-1.890693865,4.911893568,b1a82833fb50915289c7f7261310300014342000ae42070701000000ffffffffe5669343f40615a0,0e4fec11ad0fa0178d3d59335e4848583e9feb19071460000a0c8000725c250b00000000fffff8ff
2443,8213,54435,1.044717593,1.504212997,2.907828513,0.436071174,2.004917315,-1.062846641,4.048137405,d4a92433d750805265ebfe111310300014342000b13f070701000000ffffffff145bee6c3744f8f6,156c9056eb1a61b2803f5833244e9f55349a7f26034c400116109000d21b080603010000ffffffff
2444,8214,54436,1.202356515,1.611001942,2.750773410,0.455208093,1.914141191,-1.082406617,3.917064371,d2b9b23ab54eefcbf5b69b721034000000000000d827000000000000fffffffff25aaa6e7b466804,066e2450a71a399d993f6c33534e9055cba50e1e034c400116244000c0270d0802010000ffffffff
2445,8215,54437,1.204243253,1.611774974,2.753937524,0.479427654,1.872673508,-1.153167707,3.982323064,03bac03ac04ececcbada3a7d1034000000000000df20000000000000ffffffffdb6b93601b47418c,7b70354db119fdaf9c3fd433f64eba5506b22f23034c400116244000bb2b0c0705010000ffffffff
2446,8216,54438,1.197273872,1.595099555,2.929977309,0.104313248,0.995888785,-1.519629612,4.620889333,4eb99239245172c9afae3c131034700100000000e519010000000000ffffffff466ca358152e1009,6d4a2e0fb714901c7d3dbd3425465757676c4e4d0328700005086000823f3d0100000000fffffaff
2447,8217,54439,1.211905722,1.549435409,2.919909674,0.200883452,1.124156995,-1.674671188,4.723685114,caba57360151514b510dac0a0d40700104600000e417020101000000fffffffffc6ef859ce2f2004,395441189c12554e9d3d4934df49cb57ddc9ce5007285000031880006e5f1a1107000000fffffeff
2448,8218,54440,1.210750576,1.546453712,2.942346118,0.274466251,1.053093204,-1.332371606,4.403776168,acba21364f51634a546daa0c0d40700104600000e915010000000000fffffffff16b3b5a052b8187,b05b3a1342177d4da23d5035294cb5568ac12d4c0328200007245000bd2f0b0700000000fffffdff
2449,8219,54441,1.212329275,1.540600750,2.917320854,0.269768658,1.036196918,-1.298141648,4.348904212,d5bab735f8501e4c10599b790d40400017600000e913030100000000ffffffff966e865a0830977d,365b0812b9179d4c9f3d66351a4c9a569ca5db440328200007240000c4290f0400000000fffffdff
2450,8220,54442,1.210173003,1.543803314,2.939182004,0.302728823,1.123880912,-1.987630806,5.027253149,9dbaf13544513a4a0edea5280d40700104600000e816010000000000ffffffff0c708b5ad82ec350,8e5e3c185c0e582eb33dc832684c6c58890aee0e051c6000082830006f582e0802000000fffffcff
2451,8221,54443,1.210866090,1.544852430,2.951263166,0.071622617,0.935647451,-1.876311530,4.997447732,afba04366e51a74a3090df290d40400017600000ec12000000000000ffffffff9f6f8463af52b5ab,1c47eb0adf0f381d723d51332c4449584f97cc1a071460000a0c00007062230901000000fffff6ff
2452,8222,54444,1.207323643,1.591510475,2.968521968,0.224409925,1.092849171,-1.498631403,4.601113095,53ba5139aa51b3ce6eaf6e4f1034700100000000f807000000000000ffffffffc36d4d63af530999,9c560a16001554379d3dce34ae4a3a576ae6cd0b0328700005086000784e380100000000fffffdff
2453,8223,54445,1.207285138,1.590185276,2.950975519,0.211395281,1.105825077,-1.541778409,4.627228033,52ba39396d51f5cebda6ab43103470011d000000f807000000000000ffffffff2659326f6f46d8f8,4a55f5166a145f669b3dae34434a5c574449dc5003287000051820006951410201000000fffffdff
2454,8224,54446,1.204243253,1.613044957,2.724022266,0.232110899,1.110187190,-1.529409601,4.391991564,03bad73a584ed3cce8527b771034000000000000e01f000000000000ffffffff7f709d50071fd8cb,645744179514ab59a03dba34e34a525737c58d5203287000051820006f523c0100000000fffffdff
2455,8225,54447,1.168048679,1.595651721,2.968521968,0.186020574,1.131942539,-1.589240116,4.685360244,57b69c39aa51104f61db7f630d100001130c4001ad50010000000000ffffffff5c70d74e6c1d4ac0,b752ce18c5132b509b3d83347a498057c4e10c480a1c3000051880005953480902000000fffffdff
2456,8226,54448,1.209441410,1.546067196,2.971398435,0.402148387,1.265677194,-1.393065061,4.447345521,8aba1a36b4517a4f6df0be690d103001100c40019a64010000000000ffffffff9473d14e022148b8,a46844226f16eb54d13d22351b4ecf56081e2f550328900007202000b43d070600000000ffffffff
2457,8227,54449,1.207978225,1.543913747,2.997861932,0.168308336,0.989373223,-0.933693269,4.104333682,64baf3351052de4eeab41d740d100001135c0000b14e000000000000ffffffff7a6e2f4e091f48ef,eb50b80eac1c4024883d9536cc483a55fd5a5c0f020c40000a000000857a000000000000fffffdff
2458,8228,54450,1.205629428,1.549104110,2.952989046,0.105006336,0.937911333,-0.925063868,4.077281227,27ba513674512a4fd29cf7110d100001135c8001a05f000000000000ffffffff0f70534fe11f4010,7f4a140bca1c7c347a3d9536ed4538550d6b0b09020c40000a0000009569000000000000fffffdff
2459,8229,54451,1.205667933,1.545735896,2.965645501,0.259102810,1.477377719,-0.926502101,4.006179143,28ba1436a051f84ed5742b1e0d100001135c3000aa54010000000000ffffffffec737c4e9921dbb2,215a3e31c51c4756d93dee36174df354d529af570308300114709000ee08030202010000ffffffff
2460,8230,54452,1.207516167,1.543582448,3.000738399,0.000003566,1.017423267,-2.878472660,6.024952518,58baed351a52c64e2a341e1e0d10000113000000b24d000000000000ffffffff126f5155662320c9,d83fb41043028d3d5c3d792b0000e759290228000614500200000000f00f000000000000ffffffff
2461,8231,54453,1.171783651,1.596259104,2.947236112,0.000003566,0.797219382,-2.326190981,5.460821032,b8b6a7396051d84d6edbdb340d100001174c8001d625040000000000ffffffff796dd9547920d0ee,d83f2001c30928425f3d05310000175914d597430518700000000000a34a120000000000fffffaff
2462,8232,54454,1.171783651,1.597197787,2.936017890,0.195261742,1.989677528,-1.706599972,4.760413428,b8b6b8393951664edb2ebd750d100001135c3000ca31030000000000ffffffffe26b9659bf2e500b,a7537c552d123abd313f7d35b2496857bf292c7b081ca00003309000773b1c1918000000ffffffff
2463,8233,54455,1.211135624,1.550263659,2.916457914,0.126107002,0.869277073,-2.083704806,5.161652552,b6ba6636f550f04a66f9db200d40700104600000e21a020100000000ffffffff5e66636ce85068e9,a34c39060e0ddc387a3d27325747a758fc01ff10051870000a0000009339330000000000fffff6ff
2464,8234,54456,1.210173003,1.602995532,2.892870884,0.224987498,0.964746610,-2.071911291,5.101667787,9dba213aa350c6cf7c679d6e1034700100000000f40b000000000000ffffffff00689a43a605a81f,ab56fa0c370d7817943d38328d4a9b5830a72a14051870000a203000983c2a0000000000fffff8ff
2465,8235,54457,1.018341760,1.507746861,2.918759088,0.073047297,0.831011954,-2.097224202,5.148945534,27a76433fd50b852b8e72e301310300014342000c42f060600000000ffffffff4c5dcf43d427e983,41478403df0c8a3f703d16324044b058791a5c05051870000a0000009339330000000000fffff6ff
2466,8236,54458,1.161618366,1.579141951,2.479810212,0.313240652,1.180643598,-1.826261003,4.406903106,b0b57138074bd64a82be5a0b0d60400017403001ae26161204000000ffffffff3f62ba554b57a938,9f5f401c8d10914ab83dc433904c2258be091d480728500006203000812d2c190b010000ffffffff
2467,8237,54459,1.161271823,1.544686780,2.859791512,0.167576743,1.103119462,-1.682725296,4.670853301,a7b501363050ddcd6c8d5e301740d0001d78000083670d0503000000ffffffffa96564535056bd3b,d850c4168012e34a943d4034e348d457ab59eb430728500003188000715a1d1007000000fffffdff
2468,8238,54460,1.165853902,1.544465914,2.883666189,0.107547657,1.053866237,-1.658562972,4.689621083,1eb6fd3583502dcd2e1dfe311740d0001d780002bb300d0403000000ffffffff8e5f96413b2c2186,c14a4813d4121829823d4e344446c75791360b06072850000318800074501c1906000000fffffbff
2469,8239,54461,1.193846939,1.491568391,2.811179219,0.220174390,1.079210666,-2.364735640,5.282818542,f5b83f32874f334e3875b65f183470010440000065642c0604000000ffffffff176fd75a152e4f7c,2e5613153d093245a23d6c30694a0f595ea53d4b05188000070000008177050100000000fffffeff
2470,8240,54462,1.211020110,1.543692881,2.943209058,0.235537832,1.105162477,-2.472603155,5.520407278,b3baef355251ee4a59a9fa7c0d40400017600000eb13010000000000fffffffffe60af68c54648d6,bd57e916c6075b38a43d9e2fba4a3659d5051a410614800007940000bd370b0000000000fffffeff
2471,8241,54463,1.201971466,1.604486380,2.847135057,0.208468911,1.081529764,-1.527971367,4.516866964,c8b93c3a045008cc81637f651034700100000000dc23000000000000ffffffff266c3961964683bc,fe543d159a144f5d983db9342e4a55573fe10a480328700005182000714e3f0100000000fffffcff
2472,8242,54464,1.197350882,1.595375638,2.932278483,0.163995791,0.991802755,-1.457497924,4.549973612,50b997392c5158c9e0eaae2d1034700100000000e51a000000000000ffffffff9d5c9b6dc74528ee,7b50e40e8f15eb5a873df734e148265742419c4b031ca000021460009239330200000000fffffbff
2473,8243,54465,1.203665680,1.610339342,2.779825728,0.104736802,1.046246343,-1.681287062,4.628971043,f4b9a63a1a4f7ecc61ab4c721034000000000000dc23000000000000ffffffffc85dc46d984690f1,784abe128512ef45803d41341a46dd57e531ec440728500003188000754f1e1707000000fffffbff
2474,8244,54466,1.204281758,1.609731959,2.800248644,0.113246377,1.036804301,-1.808714554,4.770864289,04ba9b3a614fc1cc3a77ac711034000000000000de21000000000000ffffffffed58a36e4b4500fd,554b1312ca109538853dd13399462558810ebe0c0714a000060c80007d392e1704000000fffff9ff
2475,8245,54467,1.203396146,1.612989740,2.717694039,0.153792001,1.801112768,3.802409774,1.521074410,edb9d63a424e70cc9a06ba781034000000000000dd22000000000000ffffffff9d630f6bd847f0e1,724f2548fd5cde36853af83a6a4814da27266d38226c100200000000bd2a180000000000ffffffff
2476,8246,54468,1.203396146,1.605038547,2.869859147,0.431566105,1.680685317,-1.117787162,4.062359798,edb9463a5350accc6c7f9e721034000000000000e01f000000000000ffffffff625438711346d000,a06ba03f2c1a31a5c33ff233bb4fa255f8e8fd16034c40010958c001be250c0b03030000ffffffff
2477,8247,54469,1.204281758,1.616689254,2.641755308,0.326832869,1.104002928,-2.256580478,5.002645029,04ba193b3a4dd7cc448e287b1034000000000000dc23000000000000ffffffffac60f46af94650ea,0061d416b50a1f38b93d0831ab4ce4584d7278000518800007000000645f360700000000fffffdff
2478,8248,54470,1.203280632,1.606308529,2.845409177,0.464179727,1.509348143,-1.273116384,4.185441943,eab95d3afe4f76cc52df4d6f1034000000000000dd22000000000000ffffffffd05ba16fd944f8fa,ef6e81331018bdabd83f9834035054567489ef1f0324a000081c3001b23e0e0000000000ffffffff
2479,8249,54471,1.203588671,1.611719758,2.766593979,0.270192211,1.088873574,-2.240472262,5.120088810,f2b9bf3aec4e6eccc6feea7b1034000000000000dd22000000000000ffffffff3361796acf4894dd,415bc215ed0a6843ad3d2931de4bda5873852d4a0518700008000000835b111000000000fffffdff
2480,8250,54472,1.204127739,1.605093763,2.851162111,0.500335796,1.468819143,-1.388750360,4.300087399,00ba473a1250f1cca0cb9e301034000000000000e01f000000000000ffffffff8760556ca24800dc,9a72a3307e169bb6d83fee34c94fb75660a18f1903289000081cc000903d2d0302000000ffffffff
2481,8251,54473,1.204897836,1.606971128,2.846272117,0.000003566,0.781316996,-2.203653483,5.256921487,14ba693a01502dcda5af3e671034000000000000e21d000000000000fffffffff35fc76eaa4950ed,d83f00006d0bc93e5f3d8e313180e258fcc907400518700000000000a0411e0000000000fffff7ff
2482,8252,54474,1.206476535,1.609014143,2.839368596,0.437534359,1.603823781,-1.810728081,4.713247088,3dba8e3ae94fd0cd576bdd711034000000000000e619000000000000ffffffffe463936edc4a0cda,3b6c303ac310cdbea23f1036444e045804a25f290830700003285000b22e180303000000ffffffff
2483,8253,54475,1.206630555,1.607468078,2.873886201,0.055296554,1.008257308,-1.590390703,4.649128069,41ba723a615029ceaa0bff2e1034000000000000ea15000000000000ffffffffa36326722c5104df,74450e10c1139148733d83347242945780b1bc47031ca000051820005c514e0401000000fffffaff
2484,8254,54476,1.211751702,1.609400660,2.874461495,0.059763118,0.814778268,-2.154753543,5.220297534,c6ba953a63504ad0b2fb8e6f1034000000000000fd02000000000000ffffffff59543a63471768f6,e8455e02170c35416c3dc931f642ca5810a6fc05051870000a000000973e290000000000fffff7ff
2485,8255,54477,1.179215090,1.618842702,2.591417134,0.506689099,1.481242883,-1.607074212,4.254239591,79b7403b8b4c0b4fdc16cb3c04340001034c4001807e010000000000ffffffff68524062cf1740fb,3f738431871353bfc73f7f357d4f63576df12f630a0c7000083090005246313003020000ffffffff
2486,8256,54478,1.180293227,1.619339652,2.559775996,0.529214446,1.499795667,-1.507548451,4.120840024,95b7493b1d4cf14e1c62297e0d100001034c0000807e010000000000ffffffff3954d360081540f8,8875d432e11494c1ca3f3935e54f145779f91f5e0a0c80000724c0006b6b120d0a000000ffffffff
2487,8257,54479,1.177443866,1.618345752,2.590554194,0.283129846,1.549269760,-1.017398461,3.717780443,4bb7373b884ca14fcbca2b7904343000104c40018974010000000000ffffffff90614c6c024b7aca,915c5436891b719eeb3f3633eb4d4f55aec5de1f034c400109702000e50a050503020000ffffffff
2488,8258,54480,1.206284011,1.605866796,2.855476812,0.071969161,1.016042851,-2.651519407,5.653456449,38ba553a2150e3cdc797cf601034000000000000e718000000000000ffffffffbc61b3716352a4db,25479b105805523e713d2d2e3144885973819d490614700000000000c03f000000000000ffffffff
2489,8259,54481,1.212483295,1.609345443,2.858353279,0.506188536,1.839488319,-1.246940534,4.171960608,d9ba943a2b5072d0bb33bf6c1034000000000000fe01000000000000ffffffffd36111709f5170dc,3273dc4a6b188bbca33f42342b4f1456dff9bf21032430010a506001d41c080202010000ffffffff
2490,8260,54482,1.211636188,1.607909811,2.858065632,0.501953000,1.757325987,-1.240612306,4.162347446,c3ba7a3a2a503dd0bbbf3e6a1034000000000000fc03000000000000ffffffffec608570c44f90dc,c4720c45811885c1b13f4334854f0b56a1dd7f1a032430010a506001cf21080302010000ffffffff
2491,8261,54483,1.210596556,1.608958927,2.851162111,0.303075367,1.652911357,-1.022288455,3.978585906,a8ba8d3a1250efcfbeb38e6a1034000000000000fb04000000000000ffffffff6f6034729a5020e5,975ea93d781bc19cd73f32335e4e4c555f4dbe1c034c400109706001dd13060503010000ffffffff
2492,8262,54484,1.211559178,1.610560209,2.847997997,0.403188019,1.752577358,-1.667192374,4.589180416,c1baaa3a075030d091033e6d1034000000000000fd02000000000000ffffffff86573d61d61928f6,bf68b644b61284d5863f8335e44d6e5761e5de68081ca00003309000594b2e1714010000ffffffff
2493,8263,54485,1.180447246,1.615695355,2.644631775,0.424596724,1.555619671,-1.185096491,3.904066815,99b7073b444d944ed90aac7a0d100001034c00008c71020000000000ffffffff8767d9460f0590e7,eb6ac736421949a6d63f4d34f64ffb553b150f1e032430010a50c001cd2a040201000000ffffffff
2494,8264,54486,1.148873256,1.602443366,2.901500285,0.473112856,1.651586158,-1.502083163,4.455402823,65b4173ac150b1528cf2ed5c1310400103340000d81f050300000000ffffffffdc66a444a80561a8,d76f913df414a6bdac3f1b35fd4efe567fc57f670a0c90000720c000745f140c0a010000ffffffff
2495,8265,54487,1.148064654,1.599516885,2.906965573,0.507343682,1.436517420,-1.502370810,4.458625295,50b4e239d450a9521afe8e141310400103340000c82b060600000000ffffffffbd6748498105adc7,50735a2ef314a8c3d63f4335974f16576a01ef1003288000091cc0006c67100f0d000000ffffffff
2496,8266,54488,1.150837004,1.601725549,2.899486758,0.245433582,1.085339710,-2.298576897,5.301535198,98b40a3aba506652cbe6af5e1310400103340000b53b090500000000ffffffffbd6748498105b4c7,be588215230a3842a93dce30254bf3586b851d4a05188000070000008569090800000000fffffdff
2497,8267,54489,1.024810577,1.523207514,2.899486758,0.352361596,1.240995365,-1.578021894,4.536509127,cfa77c34ba506652c8e6af5e1310400103340000b53b090500000000ffffffff3962347655598012,97638520ec13734cc53d9934394d6c57d6911f580a0c70000814900069553c0202000000ffffffff
2498,8268,54490,1.217296403,1.612879307,2.868420914,0.469262369,1.358827634,-1.611964206,4.549499751,56bbd43a4e50b1d163679c741034000000000000ff00000000000000ffffffff3b56b966c82370fa,736fdb28761344c4e13fa035f34e7a575641ed080a0c7000083090005c443a2003020000ffffffff
2499,8269,54491,1.187070083,1.616578820,2.625359446,0.434415465,1.341323965,-1.919170889,4.614651685,45b8173b014d114cac223b7c0d10000103000000b628210000000000ffffffff9069fb46fd06b185,ea6b9e274a0f9643e53d3333544e4258f30d1f51081470000c18a000b01f170c0a020000ffffffff
2500,8270,54492,1.009485640,1.519452784,2.926525549,0.027110992,1.017036750,-2.935426708,5.964894473,41a638341851755227320b131310400103340000c82e050401000000ffffffff6d66de456d043f55,9842ad107d01a53c613d162a513eff595dbe69010614500200000000fa05000000000000ffffffff
2501,8271,54493,0.901171452,1.518017152,2.902075579,0.062073410,1.036914734,-2.888252648,5.870557557,449b1e34c350dd52b273df581310400103340000d71e050400000000fffffffff26831469c05dcdf,244615122102a13f683d3a2b3b43ea5958cea8000614500200000000f708000000000000ffffffff
2502,8272,54494,0.994969306,1.520060167,2.914156740,0.070698500,1.048675874,-2.830435660,5.837535569,c8a44334ed50a25281a30d621310400103340000d522040300000000ffffffff3c67b7745e5dbbc5,0447ea12ea028e396c3d452c1e44d1591f5e99000614500200000000f00f000000000000ffffffff
2503,8273,54495,1.219837724,1.610063259,2.909842040,0.267766405,1.108861991,-2.390336197,5.408283632,98bba13ade503dd2fdaf8f621034000000000000ff00000000000000ffffffff49697644b80531a1,025b2c17e408e738ad3d3930a64b1859cf29794006148000079400009453170100000000fffffeff
2504,8274,54496,1.001399619,1.517741069,2.925087315,0.115325640,0.900750547,-1.113184814,4.180125141,6fa519341351b6521a37ee0b1310400103340000d421050400000000ffffffffb168234bb8068ecc,8b4b73083c1a52407a3df435b546f455ff895b430308a00007000000ae4f020000000000fffffbff
2505,8275,54497,1.153763374,1.602553799,2.897473231,0.258794771,1.011073355,-1.105706000,4.144425397,e4b4193ab35012523eabbf5e13104001033400009e500a0601000000ffffffffc7686148ae05e0d5,195a4110561afb419c3dee35e54bf255fec9fd490308a00007244000c13d010000000000fffffdff
2506,8276,54498,1.017610167,1.520943633,2.910704980,0.299686939,1.083186262,-1.021425515,4.021031647,14a75334e150715251baae6f1310400103340000c132070400000000ffffffff53684c4aa804dbb7,3f5e5b157b1bf031a83d3b36984c95558b86ce10030890000a107000bd42000000000000ffffffff
2507,8277,54499,1.151414577,1.604375947,2.898623818,0.000003566,0.872921370,-1.006755533,4.136757303,a7b43a3ab7507b5276de1f1b1310400103340000b8370a0600000000ffffffffdc66a444a805f1a0,d83f7b06ae1bab3e653d403600008e555efe97000308a000041c0000827d000000000000fffffbff
2508,8278,54500,1.027082364,1.512164190,2.906965573,0.198881199,0.944537327,-1.010207293,4.043805223,0aa8b433d450a9525bff8e141310400103340000c82b060600000000ffffffff1365c642bf05a18a,05548c0ba21b80358b3d3a36d54997554ea6fc060308a000071090009768000000000000fffffdff
2509,8279,54501,1.041752718,1.494881388,2.898336171,0.000003566,0.895560184,-1.358547456,4.423288982,87a97b32b650ae5214674c061310300014342000a6430b0a00000000ffffffff5e640e42ed03f98a,d83f1508e7168741643d3a350000d75691d1c7400328200007140000b723141100000000fffff9ff
2510,8280,54502,1.016262497,1.491789257,2.902075579,0.059339564,1.009803373,-1.615128319,4.642536262,f1a64332c350f452fc9a4b441310300014342000a53e0e0d00000000ffffffff8768e547390653b2,dd452a106b13b829733d7034e942aa57c35efb07072830000518200058514f0601000000fffffaff
2511,8281,54503,1.150567470,1.599903401,2.906677926,0.100077713,0.921456780,-1.330933372,4.418276594,91b4e939d3505b52e58e2f241310400103340000c133060401000000ffffffff0269b9472806c774,ff49ea0947178b4e773d51350a46bf567cbdeb450328200007000000c11f150900000000fffff9ff
2512,8282,54504,1.026889840,1.519287134,2.915882620,0.068657742,0.991581888,-2.569827742,5.593719672,05a83534f3506f52050f45251310400103340000c82d060400000000ffffffff5e67714219062779,cf46e00e74067844743dfb2eff436a592fe51d4d06147000080000009c63000000000000fffffeff
2513,8283,54505,1.029816210,1.501507382,2.919046734,0.037276276,0.983299395,-2.638287659,5.669007020,51a8f332fe50ae52c7ea680a1310400103342000a547090900000000ffffffff1b5a085fb913a8e9,a0434a0e8605113e683d6c2e574085593a1d1d490614700000000000b44b000000000000ffffffff
2514,8284,54506,1.175287594,1.614922322,2.689792308,0.292216995,1.065296077,-1.226229971,4.051806163,13b7f93ae14ddb4f4d031e7404343000134040019d5f030000000000ffffffffe5669343f406eda5,7d5d1714b3187f43a83d9635794c5856f335fe4b0308a00007240000d217130200000000fffffeff
2515,8285,54507,1.148449702,1.597473870,2.907828513,0.478234003,1.594823472,-1.296128121,4.257046803,5ab4bd39d7508052aaeafe111310300014342000b13f070701000000ffffffffeb67ad429004b351,5c708d39c01751b4c93f9634e94f5a566dcd2f1e0324a000084c7000ae3f120000000000ffffffff
2516,8286,54508,0.997318103,1.504047347,2.924224375,0.072007665,0.864859743,-2.020710177,5.071206752,05a521331051fa52e72f8e5b131030001434c001c729080700000000ffffffffec5b845d761160e8,2647e905e90df031703d873231448c58bed69b07051c60000a0000008943320100000000fffff6ff
2517,8287,54509,1.172553748,1.613652340,2.721145799,0.158066041,0.897879282,-2.108442423,4.986625991,ccb6e23a4e4e23503cc7ac380434300013500001b842040100000000ffffffff425ada5cb41228e1,e14f3f08b80cb93f833d0b329a48b0580c666d08051870000a200000973e2a0000000000fffff7ff
2518,8288,54510,1.173824409,1.613431473,2.694969949,0.108972337,0.853485119,-2.115058297,4.984756777,edb6de3af34d06508dc3fe700434300013500001b04b040100000000ffffffffea583661ca1850f4,e64a1b05a10cf746773dfe315846b658a9691c46051870000a000000953b2f0000000000fffff6ff
2519,8289,54511,1.179292100,1.615364055,2.667355865,0.072970287,0.901799662,-1.949661440,4.801038523,7bb7013b934dd24eec42ac7a0d100001034c40018875010000000000ffffffff3358905f6615f0ef,3f478608e00e0e34723dec3240446b58beda5b07051c60000a0c0000765b2a0300000000fffff6ff
2520,8290,54512,1.176789284,1.615474488,2.657863524,-0.079162439,2.130093395,2.193026444,1.434684934,3ab7033b724d8b4f1f0f7d7804343000104c40018e6f020000000000ffffffff5959fb5cad0f90f0,d0376b5f2247dccf4038723b9744eed5386ea53d1f74100210000000ae4e030000000000ffffffff
2521,8291,54513,1.172476739,1.614922322,2.679149380,-0.106038835,2.220317354,2.052942497,1.547010109,cab6f93abc4d50500b03ed770434300013500001c534050100000000ffffffff425b375f8e1a50e5,1635cd653b45d0bca331512428467cd5f8a703251d7c100210000000b14e000000000000ffffffff
2522,8292,54514,1.179176585,1.612768874,2.707338757,-0.175848158,2.337928756,2.009507844,1.687873483,78b7d23a1e4e8e4e6f731e720d100001034c4001a557020100000000ffffffff9157e55f7c13d8f9,012e1f6ea4442e3438313829194962d5e6fb50171d7c000121000000ed11000000000000ffffffff
2523,8293,54515,1.175788157,1.616523604,2.647220595,-0.157288812,2.094754758,2.189862330,1.488279485,20b7163b4d4ded4f8d1a4b7b04343000104c40019c60020000000000ffffffff1a5be75db516f0e8,e32feb5c17479ccf1a387b3b8f48e8d52fcaa43c1f74100210000000b843030000000000ffffffff
2524,8294,54516,1.176365730,1.612879307,2.707051111,-0.157288812,2.094754758,2.189862330,1.509411350,2fb7d43a1d4e4f4f61232e7304343000104c4001807d020100000000ffffffff88554e611417e8fb,e32feb5c17470751943876388f48e8d5d6c9a43c1f74100210000000b843030000000000ffffffff
2525,8295,54517,1.178868546,1.617462286,2.610977110,-0.249738996,2.096079957,2.063585426,1.603007187,70b7273bcf4c2b4f809a4a7c04340001034c4001827b010100000000ffffffff8963a4533a36399d,8226035d6045cb58ac3843383a4b76d5c1a593381f741002100000008876010000000000ffffffff
2526,8296,54518,1.184605772,1.586430545,1.373233327,-0.167492602,2.170180662,2.036258988,1.615096665,05b8f538003c00008a9b8e120d5c000118100000645e281500000000ffffffff8c608645fb2c8184,da2e41620145c8d22038b93bdc4863d5f0b673341d7c0001210000009d61000000000000ffffffff
2527,8297,54519,1.191267113,1.487427144,2.811466866,-0.202378010,2.255766424,1.933281467,1.817636260,b2b8f431884f7f4d4c69f7630d60700110100000645a360804000000ffffffffe15b703ff6203982,502b4f689b433f5274307a25e2490bd5e90ba1271d7c000121000000d825020000000000ffffffff
2528,8298,54520,1.155380578,1.578534569,2.466578463,-0.120401151,2.332848827,2.130319462,1.519762855,0eb56638d94a244c53fe69060d108001174030018b6c050200000000ffffffffb259f83e502f0f73,a133c36d484640292f321a2af746d6d59c9fc20d1d7c100210000000e916000000000000ffffffff
2529,8299,54521,1.197196863,1.478095535,2.701298177,-0.328057893,1.825463297,2.438676732,1.586201896,4cb94b31094e9b4db56d9c590d607001044000006d6b230302000000fffffffff05c4942702d718b,901ede49784ac7451f39c638c34ce9d63c0a101f1f84d00122400000b834130000000000ffffffff
2530,8300,54522,1.194039464,1.482402432,2.755663404,0.519010656,1.466444828,-1.706887619,4.513344677,fab89931c64ed44d3c6de4600d607001101000006a64260704000000ffffffff256432553b4f1044,7f7478302c129bbfc53fc835a24fb95780d5ff65081c30000a305000605528170a000000ffffffff
2531,8301,54523,1.166778019,1.533864322,2.873023261,0.350320838,1.458051902,-1.075503096,4.032767070,36b63d355e5074ca4f317e331740d0001e748001c0310c0100000000ffffffffc55aac5ffc1ba0e8,6263e02fbf1a2018e83d4636e44e9b553242ee21032430011408c001de14050302020000ffffffff
2532,8302,54524,1.180370236,1.612824090,2.699284650,0.493789969,1.821101184,-1.319715151,4.082539798,97b7d33a024e404e5b237e730d100001034c0000a656030000000000ffffffffee57513890325778,f0718f496e175acaa33f7e342c4f5756c4e11f5f0324a00013506001cb270b0100000000ffffffff
2533,8303,54525,1.202510534,1.488641910,2.677423500,0.310622321,1.065130427,-1.119800689,3.923485453,d6b90a32b64d904d77f9884a0d5c8001101000009937280502000000ffffffff8b5923376533498e,5b5f1414251a2f40a93de535c74cfa552a8ece0d0308a000091c4000d02d010100000000fffffeff
2534,8304,54526,1.202549039,1.496648320,2.713091692,0.116788825,0.908977823,-1.016535521,3.928657659,d7b99b32324e9a4dbe4cf44e0d5c8001101000028155210601000000ffffffff1c6691438b02adac,b14b08098c1b873b7a3d4036af4694554afeca020308a000071000008b74000000000000fffffcff
2535,8305,54527,1.141942380,1.600676434,1.764432850,0.374270864,1.212117072,-1.140511252,3.029686149,b1b3f7395041e340b2074e50131040010334c001ca220a0900000000ffffffff2c5bc83c591ab181,d0657a1edd19603bc53de635e84df655619a0f17030890000a1c4000e0120c0100000000ffffffff
2536,8306,54528,1.150490460,1.578700219,2.451620834,0.179859795,0.955691085,-1.219614096,3.848146331,8fb46938a54ac14cad61270304343001185c3000c23c000000000000ffffffffb24c5e647067180b,1752560cca181a3f893d9d357d495a56c9ad2c460308a00007240000cd260a0200000000fffffbff
2537,8307,54529,1.144445196,1.627456495,2.436375559,0.000003566,0.865908859,-1.110595994,3.804038465,f2b3dc3b704a37d260ad97bb1074d0001f000000a856010000000000ffffffffed4d95644f66500c,d83ffc05451ad43d653dee350000f355171218000308a00007000000a856010000000000fffffaff
2538,8308,54530,1.144291177,1.626683462,2.488727260,-0.002306726,0.960715797,-1.590103056,4.288945841,eeb3ce3b264b20d2a1d178bc1074d0001f000000b24c010000000000ffffffff1252b560be6c5012,9c3fb10cc213aa3d623d8a3450b09c57e23ca7450328700005182000624d4d0301000000fffff9ff
2539,8309,54531,1.132739717,1.628008661,2.572720098,0.411081516,1.679470552,-1.774484595,4.406997564,c2b2e63b4a4cced22bb569b41074f0010d0000008a73020000000000ffffffffb744de6ad34bf803,8c698a3f4111a2c3913fed35e44ddd57c25dff6b083070000a0c9000ae291e0802000000ffffffff
2540,8310,54532,1.166932038,1.625634346,2.071064240,0.035081499,0.933162703,-2.551706000,4.809429000,3ab6bb3b7a45a1cd5269c5bd1034d00100000000dc23000000000000fffffffffe513b64e666f00e,6743be0ab3067942683d632f16406859ef30dd4b06147000000000008c73000000000000fffffeff
2541,8311,54533,1.138553952,1.625468696,2.588828314,0.456825297,1.633751190,-1.208683521,3.858227403,59b3b83b824c4cd2654598bb1074d0001f000000b549010000000000ffffffffb3423e6a16493014,306e4e3cf01883b1c73f4834ea4fff553039ef17032430010a506001cc28060302010000ffffffff
2542,8312,54534,1.169203825,1.626793895,1.699424694,0.000003566,2.058422221,-1.813892194,3.727831516,75b6d03b6e40f4cc8d2cc2f51034d00100000000d42b000000000000ffffffff35542362146cb814,d83f595ab8100cbfef3ee1350000b55767fe573f0830300007289000a5311b0c02000000ffffffff
2543,8313,54535,1.132046629,1.627014762,2.615867104,0.397104250,1.321501198,-1.612251852,4.302379429,b0b2d43be04cedd26731dbb31074f0010d0000009766010000000000ffffffffcd5ae15bfb6c219a,216837267513263cd73d7f34e04d7d5712420d080a0c70000814c0006948391002020000ffffffff
2544,8314,54536,1.214216014,1.557331386,2.722008739,0.453051820,1.335526220,-1.850135680,4.640374236,06bbe636514ef0d2ef26dd261074f0010d5c00008f6c030000000000fffffffff659067a0a5be006,ce6d35273a10514ae43da7339c4e235805e25e50081c50000630a000973a130a0a080000ffffffff
2545,8315,54537,1.217488927,1.619008352,2.759115165,0.404651204,1.278763534,-1.389325654,4.240994332,5bbb433bd24e0dd2c8a1467f1034000000000000ff00000000000000ffffffff1458c95ba66da998,e56831237c161549d43d2635274eca56f3e50f5e0328900007202000b43c090600000000ffffffff
2546,8316,54538,1.215217140,1.554846638,2.665917631,0.146514581,2.021979251,-1.719831721,4.538186358,20bbb9368e4df9d201738c281074f0010d5c00008773040000000000ffffffff695ee278255a880f,b54ec557ff11f9be203f84353f486d579b3dac7a081c30000c2890008032201914000000ffffffff
2547,8317,54539,1.217681452,1.616357954,2.831026842,0.443002050,1.596203887,-1.766718134,4.662595117,60bb133bcc4fe6d137575b771034000000000000ff00000000000000ffffffffb05b3a569c6a4995,c96ca6395c11dec9a63fe1357c4ed457bc157f6d083070000a0c50009336270807000000ffffffff
2548,8318,54540,1.209672439,1.555177938,2.722296386,0.503608710,1.532759990,-1.698258218,4.476642890,90babf36524e6ed2b8ea2d191074f0011778d0009168030300000000ffffffffb5595e7ad3590006,ef7229354a12e5c2b93fb635664fa75781813f6a081c30000a309000594f261918000000ffffffff
2549,8319,54541,1.216949859,1.618787485,2.755375758,0.000003566,2.064716916,-1.786853404,4.723521683,4dbb3f3bc54ee4d1e9e5067f1034000000000000ff00000000000000ffffffff5468e0443606bf7d,d83fcb5a1611e5bcef3ec03500009d575711287e0830300007289000972d290f03000000ffffffff
2550,8320,54542,1.022846829,1.517078470,2.915594974,0.434415465,1.341323965,-1.919170889,4.873612835,9ca70d34f25094527f02f8151310400103340000c92c050500000000ffffffff8768e5473906e5ac,ea6b9e274a0f33c5d83f7a36544e4258f30d1f51081470000c18a000b01f170c0a020000ffffffff
2551,8321,54543,1.042291786,1.518679752,2.906677926,0.368726164,1.542091599,-1.091323665,4.054411854,95a92a34d3505b52108e2f241310400103340000c133060401000000ffffffffbe5a6561c01e20e4,4065d235881ac197e03f0734864fa3557f05ee1e0324300114702000d0130f0804010000ffffffff
2552,8322,54544,1.183104082,1.613210607,2.699284650,0.494791095,1.397368835,-1.909966195,4.665356984,deb7da3a024e9b4d6e9bae6f0d100001034c0000b048070000000000ffffffff4a5a9762792258e6,0a72952b6a0f6cd1c93f6e36124f4158186a0f58081cc00005183000b41d161403020000ffffffff
2553,8323,54545,1.185260354,1.613155390,2.691230542,0.365799794,1.331274540,-1.062846641,3.852800010,16b8d93ae64dc84c665b7e720d10000103000000bb31130000000000ffffffffa96656445e04f447,f464e826eb1ae01fd63d3e366d4e965543ea5e2203242000144cc001e30f0d0000000000ffffffff
2554,8324,54546,0.987845906,1.510397258,2.908691453,0.485010859,1.751086509,-1.325180438,4.270415154,0fa49433da50e952eef70e601310400103340000cf23060600000000ffffffff6d687e455b05714f,0c719b445b1746c6af3f8c34484f5e5690f16f5d0324a00013204001bc31110000000000ffffffff
2555,8325,54547,0.988269459,1.518955835,2.915307327,0.479235129,1.754068207,-1.429596193,4.380933733,1aa42f34f150bc52e9bb0b611310400103340000da1d040300000000ffffffff9d43516391247810,7670d144f0157ccaa33fd9341a4fbb5692d11f6303289000081cc0008653220202000000ffffffff
2556,8326,54548,1.188225229,1.626849112,1.592132472,0.353593751,1.149390991,-2.052063668,3.768917811,63b8d13bf93ecf47b1a402770d10000103000000b42f1c0000000000ffffffff5943c7660a3a281b,b7630a1a7c0d4637be3d5d32264d8758ff5d3f14051c60000828c0006838312e00000000fffffdff
2557,8327,54549,1.195656668,1.627511711,1.641895352,0.451550131,1.533753889,-1.847259213,3.568849204,24b9dd3ba63f1cc07a78517010344000000000009d62010000000000ffffffffc8411368c941cc2a,a76d3b354410f0c3ae3f3436754e1a58e47dcf6a083070000314a000be27130302020000ffffffff
2558,8328,54550,1.174748526,1.627953444,1.464129687,0.508075274,1.458493635,-1.802098679,3.337876210,05b7e53b3c3db4c5217c00ea1034400000000000c23d000000000000ffffffff9a443663ac206005,6373e82fe110e0c8c33f0b366f4f06589d953f68081cc00003285000a62f130f05020000ffffffff
2559,8329,54551,1.186877559,1.626241729,1.630964777,0.410041885,1.328071976,-1.502658457,3.242217364,40b8c63b803ffa4832d9b47c0d10000103000000ae430e0000000000ffffffff2b59e678c557e805,7169ae26f2146ec9f33f5e35244e205791a12e4e03287000092050007867150605000000ffffffff
2560,8330,54552,1.215640694,1.618566619,2.741856362,0.463563649,1.420725466,-1.269952270,4.086486205,2bbb3b3b964e87d1d2c1467f1034000000000000ff00000000000000ffffffff0059097905574805,df6e3c2d1b1825b4e73fa434c94f5c56718d3f190324a000081c2000b53c0e0000000000ffffffff
2561,8331,54553,1.215294150,1.618456186,2.738979895,0.394601434,1.296543286,-1.154605940,3.992139165,22bb393b8c4e6dd1046a477f1034000000000000ff00000000000000ffffffff035a3259cc6c6197,e0677324ac191831d63de735834ef75557a6af1b032420000a1c3001da1a090200000000ffffffff
2562,8332,54554,1.212637314,1.554680988,2.704749937,0.460290735,1.408577809,-1.379545666,4.155579633,ddbab636154eccd2f376ad201074f001173400008a70040000000000ffffffffe35785783c54e804,8a6e602c9e16a9c6e73ff7341a4fb45683991e0e032890000720200096362f0202000000ffffffff
2563,8333,54555,1.213715450,1.618345752,2.717981686,0.430718998,1.259327283,-1.836328638,4.635053422,f9ba373b434efcd00b3a777e1034000000000000fe01000000000000fffffffff6554f78055c2815,8a6bd1216a10043cd53db233484e225835eeed0a081c50000628c000664c291010040000ffffffff
2564,8334,54556,1.216834344,1.621769183,2.685189961,0.185905059,1.089757040,-2.587086545,5.398402696,4abb753bd14d1ad2f390f2761034000000000000fd02000000000000ffffffff16548f762a560016,b452d2153806802e933d852e4f49645900629a0106148000251c0000e21c010000000000ffffffff
2565,8335,54557,1.213484421,1.621051367,2.648946476,0.163995791,1.075345502,-2.491875485,5.275156083,f3ba683b534d26d1fc8cd2761034000000000000fd02000000000000ffffffff0f427369b5498c23,7b50cd148307e541933d832fc64842596d6dbd490614800007940000a658020000000000fffffeff
2566,8336,54558,1.168818776,1.627511711,1.373233327,0.409425807,1.269045408,-1.252693468,2.756930776,6bb6dd3b003c000037d840ae1034d00100000000d629000000000000ffffffff29487c669760d008,616981225718e837d43d90356c4e57565fae0f190324a000021c8000d51b0b0301000000ffffffff
2567,8337,54559,1.150413450,1.627566928,1.373233327,0.405190272,1.389031126,-1.161509461,2.652767973,8db4de3b003c00001d7135bb1074d0001f000000dc20020000000000ffffffff394a4d65c764d006,f368fe2a94198425e73de9353b4ff955442eef1c032420000a4c4001cf2b020201000000ffffffff
2568,8338,54560,1.147294556,1.627732578,1.182811207,0.385899334,1.224154296,-2.040270153,3.336293088,3cb4e13b6a394d3f9af9c7bc1074d0001f000000bd40010000000000ffffffff8767d9460f0558d4,fe66541fa50d9c26ce3d5432834d88580bc27d0c081470000628c000a637111100000000fffffdff
2569,8339,54561,0.961778111,1.521606232,2.901500285,0.410041885,1.328071976,-1.502658457,4.442801210,6aa15f34c150b152a2f3ed5c1310400103340000d81f050300000000ffffffff5968d2353958100e,7169ae26f2140d3fdb3dcf34244e2057f3a12e4e03287000092050007867150605000000ffffffff
2570,8340,54562,1.193269366,1.566166046,2.901212638,0.397104250,1.321501198,-1.612251852,4.589673353,e6b88637c050d0c7c6fddc1c178000011d000000ca35000000000000fffffffffb64464d6f315f74,21683726751302c9f13fad35e04d7d5794410d080a0c70000814c0006948391002020000ffffffff
2571,8341,54563,1.185491383,1.494494872,2.868420914,0.411120021,1.342593947,-1.374655672,4.315834080,1cb874324e505b4c92918c6c173480011010000061573c0a01000000ffffffffee6d1c388853f018,8d69b527af162e43df3d2f35514eb656e4651f540328900007202000a038220401000000ffffffff
2572,8342,54564,1.192653289,1.557883552,2.934579656,0.129572440,1.060271365,-2.605783581,5.663336789,d6b8f036345191c4c0496e19178000010d740000e718000000000000ffffffffe85a4c35545d8001,fd4cbc13f7058938843d812e8b477059a7017c4406148000251c0000cb34000000000000ffffffff
2573,8343,54565,1.191998706,1.576933287,2.757101638,0.344391088,1.251100007,-1.726735242,4.574866027,c5b84938cb4ebac9475a880c178000010d740000d3200a0101000000ffffffff9d5a2234ec5b4002,c8623c21e711dc3ac53d2b340b4de757337e2d0907288000050c60005d541e1b0f060000ffffffff
2574,8344,54566,1.193115347,1.576767637,2.769758093,0.176779406,1.057565750,-1.904213261,4.811290633,e2b84638f74ecfc83ec6180b178000010d740000c52f090100000000ffffffff7e613636b65bb806,c7518b137e0f442b953d4e3326494c58c9125d0d071460000a0c8000715e260a00000000fffff9ff
2575,8345,54567,1.191690667,1.573123340,2.856052105,0.119599680,1.056185335,-2.780672779,5.761013054,bdb804382350bcc9d349bb0e178000011d340000d626020100000000ffffffffd260d434bd5a5004,fa4b721397037433773db72cd546b9591dfa68000614500200000000f10e000000000000ffffffff
2576,8346,54568,1.192768803,1.573233773,2.853750932,0.146591591,1.065516944,-2.551993646,5.529406621,d9b806381b50ecc8f499aa10178000011d340000c33a020000000000ffffffff626d3d25e04e4bb7,b74e1b14b206d53c8b3d002f4548595989059d470614800007940000be41000000000000ffffffff
2577,8347,54569,1.160193686,1.495102254,2.964782561,0.348665128,1.121561814,-2.058391896,5.101998891,8bb57f329d51804938367f12205cd00000000000e916000000000000ffffffffda6beb2361526bb5,37631218660d1740b93d5032134d8c5822fecf60051c60000828c000753f341600000000fffffcff
2578,8348,54570,1.159385084,1.485660212,2.954427279,0.164534859,1.011846388,-1.925211470,5.002509454,76b5d431795133482cf6ae10205c000000000000f906000000000000ffffffffdb630d4ff831e779,89504f10350ffc368d3d2433cb4859588ff2bd0c071460000a0c80006b65280600000000fffff7ff
2579,8349,54571,1.183912684,1.491899690,2.697271123,0.341079670,1.105217694,-2.074787758,4.861320440,f3b74532fb4d084ddb290b700d5c800110100000605c360d00000000ffffffff7264b0521636d76d,7262ea162d0d554eb63d3632f74c9458815ddd4a051c600008280000793d371300000000fffffcff
2580,8350,54572,1.178252469,1.497366136,2.807152165,0.162263072,0.950942455,-1.995972560,4.939718658,60b7a832794f72408d55bd6f1734000118100000695c211900000000ffffffff4968c737fa573011,4e50000c3f0ef82a873da932b9487c58bf9e7e15051c60000a0c8000824b300100000000fffff6ff
2581,8351,54573,1.191998706,1.565448229,2.898336171,0.267111822,1.035368669,-2.043434267,5.055442133,c5b87937b6505bc8a9718d1a178000011d340000e01e000000000000ffffffff465bb0554c6bada6,f15af9119a0d1034a33d6832c74b8a584b365e0d051c6000082800008243380200000000fffff9ff
2582,8352,54574,1.209633934,1.553907956,1.373233327,0.037776839,1.014828086,-2.737525773,4.308386767,8fbaa836003c0000e04a1f1d1074f0011778d0008c6d040200000000ffffffff665d4254ad607fb5,ad4385102d04373e663d592d6640ac5979196c450614500200000000d52a000000000000ffffffff
2583,8353,54575,1.202626049,1.569313393,1.373233327,0.336459086,1.123991345,-1.235147019,2.784278176,d9b9bf37003c0000915f394c105cd0011e34f0017c56260601000000ffffffffa25b7d4e6e643ab9,fa613e1894185347b63d9035284d5a56fc59de4c0308a00007240000e410080201000000ffffffff
2584,8354,54576,1.202202495,1.560533950,1.373233327,0.342889398,1.136967251,-1.129293030,2.679639139,ceb92037003c00008a4f8b4c1d4070011e7cd0005752510301000000ffffffff6d5cf851616252ba,a1622919041a7b40b73de535514df75545364f12030890000a1c4000de1d030100000000ffffffff
2585,8355,54577,1.202549039,1.565889962,1.373233327,0.364336609,1.239283650,-1.049327245,2.584196488,d7b98137003c0000acbfea4e105cd0011e7cd00065563e0500000000ffffffff30616a5405050001,ce6466201a1b6822c63d3b36e84d945574fa3e1e030890000a107000e019050000000000ffffffff
2586,8356,54578,1.158807511,1.612051058,2.523532511,0.000003566,0.785237376,-2.153027663,4.888421270,67b5c53a9f4bc14d4caef769044c300014340000b4320f0802000000ffffffffcd5e0357cf06f002,d83f47001d0c243f603dc9310000cb582d062800051870000a000000983e290000000000fffff6ff
2587,8357,54579,1.161695376,1.613983639,2.453059068,0.054025893,0.814557401,-2.213145825,4.862045053,b2b5e83aaa4a4b4d30063669044c300014340000d5130e0505000000ffffffffa96656445e047cd6,53455a024c0b75416c3d83314b42e358bf2ded4705187000000000009c451e0000000000fffff8ff
2588,8358,54580,1.146177915,1.600179484,2.908691453,0.052870747,0.884019911,-2.455631999,5.521247250,1fb4ee39da50e95265f70e601310400103340000cf23060600000000ffffffffd053535f4a0d7801,354544070108e7396b3d3d30284246591f650d4a0518700000000000926a020000000000fffffcff
2589,8359,54581,1.171860661,1.620720067,2.263212241,0.043591074,0.843711777,-2.333669795,4.796671616,bab6623b1648984c95ad76740434300013500001c830060000000000ffffffff8d65d14dfd0280f5,44446a04a909283f6a3ddd301341165949416d490518700000000000a34f0d0000000000fffffaff
2590,8360,54582,1.151799626,1.609290227,1.475347908,0.000003566,0.890645905,-2.533296610,4.232294260,b1b4933a633d4939e2a68b671310400103345001a2480c0900000000ffffffffa866214ab60278d5,d83fbc07f306b23c5e3dd32f00006259f000f84406147000000000008578010000000000fffffdff
2591,8361,54583,1.148488207,1.606142879,2.592280074,0.226489188,1.120733564,-1.825973356,4.539456770,5bb45a3a8e4cd84edbb3bb60131040010354d000c928090500000000ffffffff9e66a345960394c4,d25603188e100238a33dbe33994a265867f64b050714a000062030007a3d2a1902020000fffffdff
2592,8362,54584,1.145754362,1.602995532,1.373233327,0.031038488,1.030067873,-2.880773833,4.434795881,14b4213a003c0000b39fef5c1310400103340000dd19050400000000ffffffff686058410000c1a6,fe4299113b02c13c623d6b2b3b3fe8593492fa010614500200000000f20d000000000000ffffffff
2593,8363,54585,1.133894863,1.595596505,2.590266547,0.053833369,1.025705760,-2.940029055,5.663521673,e0b29b39874cde4ed4133d5513103000147020006e4f221e01000000ffffffffa74d1f61001298fb,4e454a116d016943663dfe294542015a82d638010614500200000000fc03000000000000ffffffff
2594,8364,54586,1.176596759,1.623149598,2.150742378,0.143010639,1.064081311,-2.698981114,4.990057672,35b78e3b8f46394c48e9b57804343000104c4001a459020000000000ffffffff7c59af585d6d219c,5a4e0114b304582e813d762d164896590ca2d9000614500208000000e619000000000000ffffffff
2595,8365,54587,1.212598809,1.553521439,1.373233327,0.213089495,1.099088649,-2.528406616,4.053186682,dcbaa136003c0000f7064e211074f0011734e0018674050000000000fffffffffe516f603b6d0819,76557b16040716389c3d112f164a4b59ed293a4106148000251c0000d523070000000000fffffeff
2596,8366,54588,1.132431678,1.628229527,1.373233327,0.102465014,1.054087103,-2.656984695,4.199181843,bab2ea3b003c00008795ebb51074f0010d0000008875020000000000ffffffff174f62620d6b700f,3d4a4c13450586377b3d042ef7458759a8656c4506145002081c0000cf30000000000000ffffffff
2597,8367,54589,1.138091893,1.627953444,1.373233327,0.423518588,1.253143021,-1.922622650,3.393193847,4db3e53b003c00003471f8b71074f0010d000000906d010100000000ffffffffb953295fd96d9012,cf6a61213e0f5e40d43d31332b4e4958f2ad7e4e081c50000628c0007f33321404030000ffffffff
2598,8368,54590,1.128966240,1.628174311,1.373233327,0.423518588,1.300353232,-1.720694661,3.190221535,60b2e93b003c0000f0b4e9ae1074f0010d0000008676030000000000ffffffffbd45a76874572006,cf6ab824fc1124c9ea3ffb35374ede575b0d4c050720a0000314c000534840110a090000ffffffff
2599,8369,54591,1.157344326,1.626904329,1.373233327,0.453051820,1.335526220,-1.850135680,3.312255559,41b5d23b003c00003c6dd5bc1034d00100000000f607020000000000ffffffffc8411368c941fc29,ce6d35273a1058cdda3f46369c4e2358cde15e50081c50000630a000973a130a0a080000ffffffff
2600,8370,54592,1.198236494,1.628726477,1.464129687,0.415586586,1.256235152,-1.982740812,3.554181608,67b9f33b3c3db4c54d7c006a1034400000000000c23d000000000000ffffffff0d452d6927549802,016a99216d0e0d45d43db332f04d6c588f2def52081470000630a000ae2d160b02010000ffffffff
2601,8371,54593,1.160078172,1.626683462,1.357700405,0.422363442,1.468819143,-1.163810635,2.631950245,88b5ce3bca3bada8aaf536bf1034d00100000000f30b010000000000ffffffff0d474667585d800a,b16aa3308c196da1e53f5534f54ffa558ce98e1e0324a0001350c001ce2c020201000000ffffffff
2602,8372,54594,1.152800752,1.627401278,1.373233327,0.431951154,1.338728784,-1.257008168,2.742467188,cbb4db3b003c0000f48014ba1074d0001f000000ea12030000000000fffffffffe46e862b21aa8f9,aa6b6f2748181e39e13d9335f74e53562e929f160324a000021c8000bd340c0101000000ffffffff
2603,8373,54595,1.184605772,1.625413480,1.199207069,0.322597334,1.094340020,-2.060117776,3.412960007,05b8b73ba33975b423c9d47b0d100001030000008c6f030000000000ffffffffa54f2c70d047e80a,92602516600d3037b33d4d32b24c8e583aeeba02051c6000082800007d41360b00000000fffffcff
2604,8374,54596,1.204050729,1.620002251,2.557187176,0.486011986,1.706471479,-1.229681731,3.855312268,feb9553b144c26cd34a9c3771034000000000000d629000000000000fffffffff9556e67432848fb,26717341a71867bdba3f4634b04f06566791af16032430010a506001cc25080302010000ffffffff
2605,8375,54597,1.188687287,1.616247521,2.622195332,0.493712959,1.547392394,-1.601896571,4.281434660,6fb8113bf64c154aa0ae0a7e0d40400000000000af410e0000000000ffffffffa5523f750f535017,ee713236991364c5ba3f7035474f575776bd6f660a0c8000073090005544302f06020000ffffffff
2606,8376,54598,1.211405158,1.620940934,2.622770625,0.085599883,2.050636678,-1.748308745,4.534138376,bdba663bf84c99d00bd122781034000000000000f906000000000000ffffffff935471695d3080fe,8748cc599c11b2bf0b3f9a35f1447f5773957b7b08303000072890008829291b0a000000ffffffff
2607,8377,54599,1.192499269,1.616523604,2.603210649,0.476732313,1.593719139,-1.688765877,4.351310708,d2b8163bb44c2b445aa6d97d0d404000000000009469020000000000ffffffffd74ff76e9f44b805,357079396b12b2c8ac3fa535fe4e96577a35cf6b081ca0000c0c90005b46242416000000ffffffff
2608,8378,54600,1.202202495,1.619505301,2.553735415,0.444773274,1.661856450,-1.688190583,4.309226012,ceb94c3b084c25cc56c9147b1034000000000000ce31000000000000ffffffffb156de767d51f005,f76c4b3e6d12a4d19b3f9c35834e8b576aa5fe6c081ca0000c0c90006244262111010000ffffffff
2609,8379,54601,1.211905722,1.618124886,2.694682302,0.482739072,1.696753354,-1.415789151,4.175385252,caba333bf24d7bd02026777d1034000000000000fd02000000000000ffffffff75572b779b52e004,d170c340201622c5af3fd834414fb45681f57f5f03289000081cc0008154270201000000ffffffff
2610,8380,54602,1.212598809,1.618069669,2.708201698,0.519087666,1.570914675,-1.507548451,4.272672537,dcba323b214eacd04d7ae77a1034000000000000fe01000000000000ffffffff6b5392751854d815,8174dc37e11416bdbd3f2d35b74f0c5786adcf680a0c70000824c0006e6213100b010000ffffffff
2611,8381,54603,1.212136751,1.620940934,2.636577667,0.483432160,1.610670642,-1.600458337,4.299254582,d0ba663b284dc8d008dd52781034000000000000fb04000000000000ffffffffe25bb275af52e80b,e370ac3a9e1383c3ad3f63351b4f4e5774cd1f660a0c7000083090005c3f392107030000ffffffff
2612,8382,54604,1.212945353,1.615087972,2.780401021,0.079400600,2.046992381,-1.792318691,4.730880541,e5bafc3a1c4fa6d01eeb5a761034000000000000fe01000000000000ffffffff5c4f58715a4a3814,e6478a590311bfb7093fcb359944a45732465a3e0830300007289000a62b191104000000ffffffff
2613,8383,54605,1.205590924,1.620443984,2.556611883,0.140892871,2.016954539,-1.774772242,4.477911455,26ba5d3b124c03ce0b4902731034000000000000dd22000000000000ffffffff765bee748051280c,234e6a574011afb81e3fbc3515489a570876bb3c0830700003289000a827171107000000ffffffff
2614,8384,54606,1.212098246,1.614756672,2.772634560,0.419244548,1.665832046,-1.743418751,4.585407636,cfbaf63a014f6dd0230f1b761034000000000000fe01000000000000ffffffff6853a46fe443d000,606a933ead1122ca973fc735234eb6579f35ef6b081cc0000a0c9000922f2a0e05000000ffffffff
2615,8385,54607,1.202433525,1.616910120,2.618168278,0.484702820,1.678476653,-1.312811630,3.996439770,d4b91d3be84c0eccd119477f1034000000000000d22d000000000000ffffffffac53916db03bb0ff,0471783f861755bfbb3f9134964f5c5678f58f1d0324a00013207000b338130000000000ffffffff
2616,8386,54608,1.197851445,1.616689254,2.604361236,0.350320838,1.458051902,-1.075503096,3.779533760,5db9193bb84cfbc625aa487f1034400000000000ab54000000000000ffffffffb1599770384928fa,6263e02fbf1a4998f23ffc33e44e9b55aa3dee21032430011408c001de14050302020000ffffffff
2617,8387,54609,1.206207001,1.613265823,2.737829308,0.276391495,1.593553490,-0.985469676,3.837694722,36badb3a884ecdcdd5b27a771034000000000000e916000000000000ffffffffb05c74767854980b,e25b7639f81b9dc7e43fed32d24d2b550952af53034c400109702000e80a040403020000ffffffff
2618,8388,54610,1.214100499,1.615253622,2.795071003,0.493135386,1.550484525,-1.396229175,4.253349611,03bbff3a4f4ff5d01c630b781034000000000000ff00000000000000ffffffff6655997749593014,df716a366416cdb0c93fe534ac4fb4568dbdef2303289000081cc00086492b0302000000ffffffff
2619,8389,54611,1.215371160,1.621272233,2.673684093,0.146707106,1.022227113,-2.468576101,5.286183672,24bb6c3ba94dabd1f9d012781034000000000000fe01000000000000ffffffffc96a7d24d23c3a34,ba4e0b11d407cf508a3dd82f4548405965a13d4d0614800007000000827d000000000000fffffeff
2620,8390,54612,1.073057174,1.620333551,2.948961992,0.109472900,0.982802445,-2.476630209,5.547250787,b4ac5b3b6651064f09bd5f181780d00000000000e817000000000000ffffffffc15d01781158600f,f34a410eb807f73e7f3dd72f604648594d71eb4405187000080000008c73000000000000fffffeff
2621,8391,54613,1.216372286,1.615971438,2.817219800,0.121524923,0.993624903,-2.457645526,5.423118122,3ebb0c3b9c4f8fd142b74b761034000000000000ff00000000000000ffffffff68584f785655c804,2c4c050ffa07c42b833d003014473f5954621d0b05187000080000008d72000000000000fffffeff
2622,8392,54614,1.214293023,1.618345752,2.726898734,0.161916528,1.019466282,-2.449879065,5.316500850,08bb373b624e24d115eea77f1034000000000000ff00000000000000ffffffff215d6e57416bc197,4550d9101508835d8d3d0b30b74838592b6d3c4e0518800007000000817d000000000000fffffeff
2623,8393,54615,1.210635061,1.556779220,2.755088111,0.179936805,0.987330208,-2.325040394,5.214817034,a9badc36c44e92d2ec1e9e181074f001173400009367030200000000ffffffff3c468169c4534004,1952930ec709f94f913dc2303d4906594d093d4b05187000080000009e5e020000000000fffffcff
2624,8394,54616,1.160116677,1.625910429,2.173466468,0.121062865,1.021288430,-2.517188395,4.842256047,89b5c03bde46cacf66fdf5bd1034d00100000000f30c000000000000fffffffff84423647f24d805,204cfa102b07014b833d612f0d4753594e9d7d4c0614800007000000926d000000000000fffffeff
2625,8395,54617,1.188225229,1.625910429,1.938459108,0.102272490,0.894345419,-2.298289250,4.434469231,63b8c03bad43544b2da9347c0d10000103000000b62e1b0000000000ffffffff6865d91fd54140f8,384aff07240ad8467a3df830f44503597e658f550518700000000000a5500a0000000000fffffaff
2626,8396,54618,1.084069566,1.624364364,2.917033207,0.093878429,0.886007709,-2.323314514,5.383947741,d2ada43bf750ab4e0c59262b1780d00000000000e21d000000000000ffffffffbc4a716564647808,5e496807cd09254e773dde3077450f591919de500518700000000000a551090000000000fffffaff
2627,8397,54619,1.147256051,1.627456495,2.399844427,0.211857339,1.033215220,-2.321876280,4.850024730,3bb4dc3bf14921d2388976ba1074d0001f000000c03e010000000000fffffffff66704202441080f,5655d211d209dc329c3dbb302b4a01591cd62c0705187000080000009467020200000000fffffdff
2628,8398,54620,1.085455741,1.623370465,2.933429070,0.221175517,1.052761904,-2.345750957,5.379806334,f6ad923b3051c74e6a158c281780d00000000000e817000000000000fffffffff6465764b12468ff,485634137f09df5a9e3d9330704a0a5932f9ce5d05188000070000008e6d030100000000fffffdff
2629,8399,54621,1.188263734,1.624861314,2.034533108,0.129649450,0.899038831,-2.243061082,4.466015510,64b8ad3bfb44a34bbaf5067f0d10000100000000b82c1b0000000000ffffffffc66ae0246c3ee230,ff4c5408e40a5e45803d49318c47ea589e713c460518700008000000a34d0f0000000000fffff9ff
2630,8400,54622,1.069206688,1.620830500,2.948674345,0.267150327,1.008146874,-2.123400052,5.171519537,50ac643b6551a04e23513f131780d00000000000d827000000000000ffffffff6d69f51fb43fc429,f25a0c10840c113ea03df431c74bad58fdad6e0e05187000082800009149220200000000fffffaff
2631,8401,54623,1.086918926,1.622597432,2.942633764,0.080940794,0.860994580,-2.310658059,5.402694317,1cae843b5051174fad79df1b1780d00000000000ee11000000000000ffffffff1668d120e639b759,0e48a305f909d548733df530b6440b5933798b460518700000000000a44f0b0000000000fffffaff
2632,8402,54624,1.089806791,1.620223117,2.933429070,0.046209405,0.828085474,-2.272976340,5.368727488,67ae593b30511750e064ca4a1780d00000000000f807000000000000ffffffff3d4c9b66b9638007,88444f037c0a9c3d6b3d2f316141fd586df14d4b0518700000000000a24a140000000000fffff9ff
2633,8403,54625,1.147179042,1.626462596,2.434074385,0.080363221,0.906493075,-2.378542682,4.981740171,39b4ca3b684af1d1a78108bc1074d0001f000000c935020000000000ffffffffbe55095e016e3818,ff47db080d092142763d8c30ae4425592e817e4f0518700000000000a259040000000000fffffcff
2634,8404,54626,1.125346783,1.628119094,2.634276494,0.206774697,1.024435778,-2.340285670,5.094553655,02b2e83b204df7d2af5ccaa91074f0010d5c00008576030000000000ffffffff99453e69fc53e804,d254331192096947993da330054a0a5963117c4605188000070000009468010100000000fffffdff
2635,8405,54627,1.160078172,1.626352162,2.064160719,0.152367321,1.001907396,-2.423990862,4.642081110,88b5c83b62459ecf53a1a5bd1034d00100000000f30b010000000000ffffffff07586b5f046d4c21,4d4f9b0f6f0867438b3d2b306f483059e9f9484005188000070000008f70000000000000fffffeff
2636,8406,54628,1.124461171,1.627069978,2.662178224,0.065461838,0.906161776,-2.478356089,5.297761910,ebb1d53b814dddd2d574bbaf1074f0010d5c00009469020000000000ffffffff9e636d1fbf403b50,7c46d508b207d9406e3d15309f434e5900199b460518700000000000916d010000000000fffffdff
2637,8407,54629,1.106633418,1.621493100,2.905527339,0.077244327,0.928524507,-2.489861958,5.536250810,1cb0703bcf50f74e434cb1201780d00000000000e718000000000000ffffffff6a423a698341700e,ae476a0a8a07394f713dfb2f7f445259c0c85d5305187000000000008e70010000000000fffffdff
2638,8408,54630,1.174748526,1.627069978,1.681590598,0.102580529,0.964801827,-2.437510257,4.307567198,05b7d53b3040cac9bef8f2f71034400000000000c13e000000000000ffffffff6865d91fd5415f53,404afb0c4008ed3d7e3d2630f9453a5967c18e4f05187000080000009668000000000000fffffdff
2639,8409,54631,1.109136234,1.621713966,2.917033207,0.083212581,0.870933571,-2.282756328,5.352943280,5db0743bf750ab4e4558262b1780d00000000000e21d000000000000ffffffff725bae49f861942f,494857065a0ac828753d1431d844fd58628a9b050518700000000000a34f0d0000000000fffff9ff
2640,8410,54632,1.166161941,1.572847257,2.709639931,-0.006657776,0.861988479,-1.258734049,4.198668638,26b6ff37264ed7cf43b90f1d177400011e7c00027c53280701010000ffffffff8056a537b25d50fe,2b3fb5054218a140633d8c3554b68356367d16430308a00007000000c52d0b0200000000fffff9ff
2641,8411,54633,1.190073463,1.580191067,2.670519979,0.009745297,0.861601962,-1.242338186,4.149699254,93b884389e4db0ca4d32d60d1740d00120340000c729070602000000ffffffff82596944d763900b,d540ae057b18ee34643d9335a03873569cf96b440308a00007000000c530090100000000fffff9ff
2642,8412,54634,1.171475612,1.576988503,2.671382919,-0.010392748,0.906879592,-1.419528558,4.310616602,b0b64a38a14dd9cfa0918c19177400012078f0016b632e0201010000ffffffff945eaf3c7a2d418a,ca3ee2081316dd4c613d0d35e5b80c57f742c30b0328700002146000a631230500000000fffff9ff
2643,8413,54635,1.196927329,1.497642219,2.805713931,0.021065728,0.906934808,-1.434486187,4.439693998,45b9ad32744f544efb5c855918347001044000006c5a350401000000ffffffffae5b94441062e813,fb41e308df15c142673d0435f43c195795192d480328700002146000a432250500000000fffff9ff
2644,8414,54636,1.173516370,1.574890272,2.718269332,0.001659275,0.945476010,-1.553859571,4.474426972,e5b62438444e26cf84b95d1d177400012078f00190491e0501000000ffffffffce57cc395560f8fe,03409d0b4014933d633da834302e7d5724a7890603287000050860006d4b460100000000fffff9ff
2645,8415,54637,1.187763171,1.579086735,2.683751727,-0.004385989,0.954586752,-1.720119368,4.604921331,57b87038cc4d75cc02c2a60f1740d0012034e001bf27160201000000ffffffffc764541f193d8b5a,663f420cfe118c26633d1934451c0a587053490e0714a0000318200090312a0e06000000fffff8ff
2646,8416,54638,1.098354871,1.621051367,2.913006153,-0.007196844,0.949451606,-1.758376380,4.847175013,45af683be950ba4f8b90144a1780d00000000000f20d000000000000ffffffffc0601c548a5da424,1d3fe50b79114a40613d0034b8b61958a549a7400714a000060c0000923b220906000000fffff7ff
2647,8417,54639,1.158961531,1.554184039,2.845409177,0.007512015,0.957016283,-1.750034625,4.774992048,6bb5ad36fe4f82cf49b9ae25105cd0011e34f0017065181002000000ffffffff615b553a190db184,9b406e0c9611953e653d07340337155814829c050714a000060c00008e37270a09000000fffff7ff
2648,8418,54640,1.139247039,1.581571483,2.466578463,-0.001613639,0.803679727,-2.050050141,4.722987680,6bb39d38d94afa4d1c9a2800040c20000d4c4001e60b080301000000ffffffff3851a86379692812,ae3f9501830dd03b603d3b32f0ad9d58c59f4611051c60000a0000008f38370000000000fffff5ff
2649,8419,54641,1.137129272,1.626738679,2.563227757,0.003584518,0.873528753,-1.945346740,4.709510897,34b3cf3b294c8ad263ad48bb1074f0010d000000a15c010100000000ffffffff1458c95ba66da81f,35408606ef0e8342623de132a9326c58c1e24c08051c60000a0c0000795b290200000000fffff5ff
2650,8420,54642,1.119532548,1.628395177,2.665917631,-0.007774417,0.880430830,-1.932977931,4.793757613,6bb1ed3b8e4df9d2b7708ca81074f0010d5c00008773040000000000fffffffff05cd437c42f698e,0e3f03071a0f87425f3df33242b76658b7c3f60f051c60000a0c0000785e280200000000fffff6ff
2651,8421,54643,1.199969213,1.504489080,2.785578662,-0.339724868,1.220620432,-1.853299793,4.895960845,94b929332e4f644ec94874540d5c8001044000006653430301000000ffffffff3c5b46351a349996,611d141f2f10a043003db833f3cc2b583f065307071480000a1830006a3c261a18010000fffffeff
2652,8422,54644,1.202626049,1.506476878,2.753649877,-0.163757630,1.093787853,-1.828849823,4.799647914,d9b94d33bf4ecb4d7e18535217348001101000027867170701000000fffffffff566035d4f2df0eb,3b2f1b16841029472e3dd033c5c829587e2af3070714a000060c80007c3d281b02000000fffffbff
2653,8423,54645,1.185414374,1.601559900,2.875036788,-0.225095881,2.266754532,1.844398634,1.869288122,1ab8073a6550154b3ac3bd740d40400017000000ce2e020000000000ffffffff946b072af9371b4b,02291669664213537d38f637884aadd416f2802c1d7c000121340000e019060000000000ffffffff
2654,8424,54646,1.061890763,1.616081871,2.949537285,-0.230371048,2.387347632,1.612267741,2.013226589,92ab0e3b6851404f5d900e5a1780d00018000000fb03000000000000ffffffff2c646d1e74410f53,79289e713f3f73535e387137d34ad2d385baa1331d40f0010d000000ab4d070000000000ffffffff
2655,8425,54647,1.106286874,1.622321349,2.909266746,-0.264755894,2.151738311,1.948239096,1.756022418,13b07f3bdc50f54e564c41201780d00000000000e916000000000000ffffffff5b7148409a43974a,fc24f360cf43b35da2381a38ab4b0fd5d99592331d7c000121000000b845010000000000ffffffff
2656,8426,54648,1.190342997,1.536017771,2.960467860,-0.298370642,2.245330483,1.740845819,2.051065758,9ab864358e51294659d5cf641734800120404000fe01000000000000ffffffff4f67fb1d423e5b5b,93219267fe407b589138a2374f4c50d438a671311d40f0010d840000cc1a190000000000ffffffff
2657,8427,54649,1.095852055,1.622210916,2.929402016,-0.285548521,2.195966824,1.848713335,1.845359428,04af7d3b2251b14f2b098a461780d00000000000f50a000000000000ffffffffe064271ef83ef35b,e02214647542735a9b38e9371f4cb0d40ae6a1311d7c000121340000d623060000000000ffffffff
2658,8428,54650,1.100395629,1.621990049,2.913869094,-0.202378010,2.255766424,1.933281467,1.749412400,7aaf793bec50844f9e30f4481780d00000000000f10e000000000000ffffffffc7633c1e6f407759,502b4f689b43935b7b381e38e2490bd5e809a1271d7c000121000000d825020000000000ffffffff
2659,8429,54651,1.104400135,1.622100483,2.906677926,-0.296098855,2.289779863,1.623485963,2.013398815,e2af7b3bd350334f68dc80511780d00000000000ec12000000000000ffffffff8a647a1dcd41d358,ce21b76a663fb35584385737544cced3616e21311d40f0010d0000009f540b0000000000ffffffff
2660,8430,54652,1.105439767,1.622928732,2.911567920,-0.167492602,2.170180662,2.036258988,1.638904273,fdaf8a3be450034f72a840171780d00000000000ec13000000000000ffffffffb6676c1cf642842a,da2e41620145176486384438dc4863d593b573341d7c0001210000009d61000000000000ffffffff
2661,8431,54653,1.098701415,1.624309147,2.931703189,-0.108734176,2.278515672,2.063297779,1.624812248,4eafa33b2a51e34e7d1e8f181780d00000000000ef10000000000000ffffffff87679729f2335b5c,d034eb695f45982dcc315a274e468fd5d32f03131d7c100210000000d32c000000000000ffffffff
2662,8432,54654,1.075675505,1.614977538,2.922498495,-0.163141552,1.693606007,4.059278284,1.683186985,f8acfa3a0a51045055488b5b1734000218000000fd01010000000000ffffffff8366ed1b2242e35b,4b2f8a407a6006439539553bc94891da6c52310f226c10021a0000009767010000000000ffffffff
2663,8433,54655,1.101281241,1.623922631,2.924224375,-0.087517995,1.666494646,4.334268536,1.844798237,91af9c3b1051264f3df518441780d00000000000f20d000000000000ffffffffbd65a31d20433765,f7369f3e3664e33fc039c73b35451edb5652d2091b88a00121640000bc340b0300000000ffffffff
2664,8434,54656,1.107403515,1.623370465,2.919046734,-0.088172578,1.676875371,4.413371381,1.914489780,30b0923bfe50b24e881036281780d00000000000e31c000000000000ffffffffc9625c286934ef5e,e6365b3f4965b03bbf39ef3b5e454fdb2e5e42091b88a00121640000bf29160100000000ffffffff
2665,8435,54657,1.088151082,1.614591022,2.889419123,-0.145005760,1.750423910,4.323337961,1.896114344,3caef33a9750f44f47a045551734000218400000fb02020000000000ffffffff1d663c1b1844a359,22318f441064ed3d9739c93b624817db5722c10f1b88a00121640000b741060100000000ffffffff
2666,8436,54658,1.103553028,1.624861314,2.921347908,-0.234221535,2.303528802,1.744872873,1.906390266,ccafad3b0651cf4e1e2bc7071780d00000000000ea15000000000000ffffffffbd65a31d204308fb,1528b06b0c41a3547438b637cd4a53d4382ec12e1d40f0010d840000d716120000000000ffffffff
2667,8437,54659,1.093541763,1.624861314,2.919046734,-0.264178321,2.057870055,2.194464678,1.598724352,c8aead3bfe50b24e471136281780d00000000000e31c000000000000ffffffff8e68b61e0941e825,0b254f5a2747b74fbc387138b34bf1d5d2c1333a1f74100210000000c03b040000000000ffffffff
2668,8438,54660,1.090884927,1.623370465,2.937168477,-0.083513489,2.175150158,2.088035396,1.550709341,83ae923b3d51fd4edc49af1d1780d00000000000ee11000000000000fffffffff65ede238b3da231,5f379b62b545d0d64638a13bd94493d5074785361d7c100210000000906f010000000000ffffffff
2669,8439,54661,0.999358861,1.624695664,2.868996207,-0.141848361,1.625082180,3.925522565,1.555185525,3aa5aa3b5050f24e5949e9411780d00000000000b748000000000000ffffffffa9619622493beb4f,7431b13ba95e5442a9391a3bf3474eda678a5209226c10021a000000b147060000000000ffffffff
2670,8440,54662,1.101165727,1.618621835,2.889706770,-0.155787122,1.759148136,4.401577866,1.971149998,8eaf3c3b9850934f1a7cd0561780d00000000000e41b000000000000fffffffff35e1f258e3abb56,0a302d452065ca349639f03ba64845db2672f14d1b88a00121640000c62b0e0000000000ffffffff
2671,8441,54663,0.996393986,1.623370465,2.865544447,-0.217510423,1.611664541,3.126440011,1.241679281,eda4923b44504c4f8da0f4491780d00018000000dd21010000000000ffffffff3365702139410c3c,c729be3acf53c43f8939d739544ac6d80ac6d2072188f0011b000000b932140000000000ffffffff
2672,8442,54664,1.204358768,1.539717284,2.915307327,-0.318893735,1.709508394,2.437526146,1.605428935,06baa735f150914e42c719081780d00000000000df20000000000000ffffffff0e5dac21293feb53,7e1faa41744aac424939c038c14ce6d6439a40141f84d00122400000b23b120000000000ffffffff
2673,8443,54665,1.027390403,1.625855213,2.857777986,-0.298909710,1.771516659,3.124138837,1.360601834,12a8bf3b2950f04e7e9a26021780d00000000000aa54000000000000ffffffff916832228747cf4e,85210d46c753d94c4339d9393c4cc4d81dda502d2188f0011b000000af37190000000000ffffffff
2674,8444,54666,1.204089234,1.543637664,2.936017890,0.180052320,1.880569485,4.394961992,1.814026611,ffb9ee353951074dfcd1ec46205cd00000000000ae51000000000000ffffffff68678a2276401c2e,1c52c44d09659f4e713af33b77493adb819ebc771b88a00121640000d423090000000000ffffffff
2675,8445,54667,1.203973719,1.539330768,2.928826722,0.295643928,1.664893364,2.016699012,1.293369992,fcb9a0352051904ef1bedd101780d00000000000dd22000000000000ffffffffc65d0d244f40b75c,d65d823ebd444944963a1d38594c58d528526e4c1f741002100000008d70020000000000ffffffff
2676,8446,54668,0.989155071,1.625855213,2.860366806,0.000003566,2.262778935,2.100691851,1.400427994,31a4bf3b3250624e3b09f3c61780d00000000000a05e000000000000ffffffffd262f24be65d2018,d83fce68e1452c229832a8240000afd581ff470f1d7c100210000000be41000000000000ffffffff
2677,8447,54669,1.169473359,1.560644383,2.850586818,0.344237069,1.905196098,2.036258988,1.209487756,7cb62237105097ceb91ceb27177400011e340002bf1d160b01000000ffffffff6661c551475c4c20,c462824f0145f03af83a3538f74c5bd564f64f221f74100210000000906e010000000000ffffffff
2678,8448,54670,1.163043047,1.553576656,2.852600345,0.088256719,1.534085189,3.534898335,1.273214874,d5b5a2361750b0ce00f98d251740d0011e34f0018b47181204000000ffffffff02519738b05fe0ff,cc4841355b593a41103a7a3a08458ed936420c052284b0011f0000009964020000000000ffffffff
2679,8449,54671,1.187493636,1.584111447,2.562077170,0.000003566,2.358800639,2.218051708,1.458982361,50b8cb38254c5ccc039a170b1740d0010d80f0018554230301000000ffffffffe65d964895604814,d83f996f794720234a33742a000025d65aff270b1d7c100210000000f20d000000000000ffffffff
2680,8450,54672,1.169511864,1.570252076,2.757101638,0.000003566,2.214906125,2.092925390,1.491461897,7db6d037cb4e2fcf17050d21177400011e80f0019e3d1b0801000000ffffffffb250c9351e5a78f7,d83f6b65c645ecd07332d02000009fd5e3ff77261d7c1002100000009c63000000000000ffffffff
2681,8451,54673,1.191767677,1.584111447,2.595731835,0.000003566,2.303418368,2.151892965,1.461060261,bfb8cb389a4c9ec8d606840a1740d00020740000a94a070401000000ffffffff5e59533342376f69,d83fae6b9346901ee83213280000e5d50a03b8061d7c100210000000d827000000000000ffffffff
2682,8452,54674,1.205013351,1.508961626,2.717694039,-0.110620915,2.373929993,2.200505258,1.657271260,17ba7a33424e5e4d7b58834e17340001181000028f59110501000000ffffffffa85237356f5a48f9,9f34ab703c4762329c32f12b62461ad6d783e2131d7c100210000000f50a000000000000ffffffff
2683,8453,54675,1.192383754,1.582620599,2.638878841,-0.335296808,1.840150919,2.312687474,1.583202632,cfb8b038304d80c8b69e4410174000020d740000ba37080501000000ffffffff8462645af9439d4e,d41de84ac248964417399438d94c6cd63a0610201f74100210000000bd2e140000000000ffffffff
2684,8454,54676,1.165122309,1.517023253,2.848860938,-0.378768802,2.013144592,1.762994616,1.951625429,0bb60c340a50cfc665d1dd35105cd0001e6000009654150000000000ffffffff6a65fb4f3c5b9825,6b1925574b41ef4ee73880376e4d5ed45f46a0241d7c00012178d000c926100000000000ffffffff
2685,8455,54677,1.167432601,1.552858840,2.877913255,0.000003566,1.475776437,3.393951449,1.278721106,47b695366f5028cece24fd2a1740d0011e340002bc22100808000000ffffffffc264fc57bd42db4a,d83f213171575341eb393f3ae60549d927fe27002188f0011b0000009768010000000000ffffffff
2686,8456,54678,1.168857281,1.517464986,2.868420914,-0.357206077,1.962952684,1.873738598,1.875292396,6cb614344e5070c141d58e301740d0001e6040008561180100000000ffffffffac538d3d6f620001,9b1b9853cc425749f138d137244dc2d4591a70221d7c000121000000ba41040000000000ffffffff
2687,8457,54679,1.181987441,1.581240183,2.600334182,-0.366562760,1.810444377,1.876902712,1.724498587,c1b79738aa4c1fcea9f1a812177400011f340002665e3a0000000000ffffffff645dea447460500c,a81ace48d7423d3f2c39c337414dced4362e70191d7c000121000000b24b020000000000ffffffff
2688,8458,54680,1.174825536,1.573068123,2.755951051,-0.333641099,2.150799628,1.753789921,1.900939823,07b70338c74e96ce34859b22177400012078f001ab36160602000000ffffffff9e5bef4181619009,ff1de2602b41ff50b2389437cd4c55d459bef02b1d7c00010d840000c921160000000000ffffffff
2689,8459,54681,1.178367983,1.575166355,2.734665195,-0.335258303,2.110325845,1.861657437,1.827458005,63b729387d4e6dce70a12b21177400012078f001a53b190500000000ffffffff91565f4020640001,d51d055ea2423351be38e137d44cb9d441dad02c1d7c000121340000cc2e050000000000ffffffff
2690,8460,54682,1.177058818,1.579252385,2.642042955,0.000003566,1.455346287,2.826999788,1.197923544,41b773383b4d3acfce51e9181d5c0001207ce0016863320101000000ffffffff1c591a3b4e301774,d83faf2fbe4f2d42f1395b39000035d823fe1700217c20021d000000ad4f030000000000ffffffff
2691,8461,54683,1.199892203,1.484997613,2.701010530,0.180783912,1.590130059,3.397978503,1.239112140,92b9c831084ec94db6459b4e0d60700104400000884c280201000000ffffffffe85a273a1731e18a,2f5238397f575f413d3a463a2e494cd92e1a6d072188f0011b000000926c010000000000ffffffff
2692,8462,54684,1.199930708,1.492451857,2.738404602,0.104390258,1.521274933,3.253579855,1.210968699,93b94f328a4ecc4dedece4540d607001044000007153380201000000fffffffffc5bfc3d982e918c,6f4a59348955fd411a3a0b3a144605d91b9efc052188f0011b000000a654050000000000ffffffff
2693,8463,54685,1.197081348,1.487537577,2.751348704,0.241467581,1.735239339,3.395964976,1.179018224,49b9f631b74ee74dff5c745a18347001044000006e64280301000000ffffffff8f540635e7399f74,57587c4378573231803a4e3ad44a4cd93af21e2f2188f0011b000000946a010000000000ffffffff
2694,8464,54686,1.207978225,1.493721839,2.610114170,0.000003566,2.478620706,2.547119541,1.559870790,64ba6632cc4c6b4c0ed5f5450d5c0001181000029755110100000000ffffffff3a52f6335f3f177a,d83f1378f14ba1ad5034ae2f00006bd7d5fca7061d00000000000000ff00000000000000ffffffff
2695,8465,54687,1.210904595,1.497421353,2.577897739,0.485780957,1.325200712,-1.727022889,4.368959356,b0baa9325c4c014bf55158400d5c00010480800192610b0000000000ffffffff75626143e900d3b3,20717a26e611faccde3ff235224fe25790450d08081ca0000c0c50005855201d11050000ffffffff
2696,8466,54688,1.138091893,1.599682534,2.611840050,0.474999594,1.528397877,-1.784552230,4.446688429,4db3e539d24c514ff5436c5b1310400103705001a731141200000000ffffffff15503c331945e779,0870da341e1100ccb53ff635f44eef579bf95e6d081cc000032850009a2b280c06010000ffffffff
2697,8467,54689,1.213484421,1.501617816,2.562077170,0.511887256,1.413492089,-1.612827146,4.234363089,f3baf532254cfe488e41d6400d5c000120784000776c1c0000000000ffffffff2f508c31954e9f67,c673b92c731369bdd43f9335934f735752855f160a0c7000083090005242382e03020000ffffffff
2698,8468,54690,1.216410791,1.516968036,2.619031218,0.299032356,1.107978525,-2.318424520,5.038583608,3fbb0b34eb4ce44386e0710b1740d00020000000a92f200700000000ffffffff214d2736d953cf7f,2e5e1c17de099939b43da230454cfc58e859184006148000079400007664210400000000fffffeff
2699,8469,54691,1.220415297,1.501341733,2.549996008,0.504802360,1.398638818,-1.820795715,4.430177204,a7bbf032fb4b5ec3163ed8001740d0002078d0018b5d160000000000ffffffff73627220763d8355,0e73ac2ba010d8cecd3f2236604f1358ad8d4f57081cc0000314a000a332130b06060000ffffffff
2700,8470,54692,1.102474892,1.620223117,2.897185584,0.249399584,1.047461109,-1.978138465,4.982426957,b0af593bb2507a4f3cdce0521780d00000000000e916000000000000ffffffffb064b420453bbf5b,2559d4127d0ea82da13dcd32434b6d588cc6ab06051c60000a203000725c2f0201000000fffff9ff
2701,8471,54693,1.096314114,1.620057468,2.911567920,0.200960462,1.018251516,-1.970947297,5.000278333,10af563be450e24f7da0244b1780d00000000000f20d000000000000ffffffff19181707565fb1ac,3b54c310960e9c29953ddd32da496c58cbb27c0c051c60000a203000725d2d0300000000fffff8ff
2702,8472,54694,1.090307354,1.549269760,2.930840249,-0.314581190,1.814751273,2.570706571,1.474411246,74ae5436275174488cbeb1f32ca870022ea460026f55201504020000ffffffffea187f05cb57099b,ee1f1c49434c0e442639fb38924c6ad73a06301f1f84d00122000000ad4e040000000000ffffffff
2703,8473,54695,1.068321076,1.558159636,2.934579656,0.525171435,1.397258402,-1.717242901,4.686187559,39acf53634515a4c8bfa41f12eb0a00227980000f30b010000000000ffffffff3a18bb06bc5d11a8,1f75932b08125ac3d13fdc35b84fce5776c57f18081c30000a30500065581f170a010000ffffffff
2704,8474,54696,1.085994809,1.551312775,2.933141423,0.431951154,1.338728784,-1.257008168,4.246212271,04ae79362f515a499cc2a1f32cb8a00227a460029135290e01010000ffffffff9028d201bb59bf5a,aa6b6f274818bdbcf93fa734f74e53567a919f160324a000021c8000bd340c0101000000ffffffff
2705,8475,54697,1.145061274,1.574503755,2.730638141,0.456132210,1.384724229,-1.495754936,4.286378187,02b41d386f4e214c349094d52fb48002269c0000f807000000000000ffffffff5318ef057459d99e,1e6eb02a0a152bc4e53f4b35d74e15576bf54d0b032870000824c00075660e0b0b000000ffffffff
2706,8476,54698,1.072941660,1.556061404,2.939182004,0.492711832,1.453855439,-1.882927404,4.857967873,b1accf364451bf4b8b0a72f32eb0a00227980000d920050100000000ffffffff82163004045c5ab8,d471942fc80f08cdbf3f54360b4f3058cd815f6808307000050ca000b924160803010000ffffffff
2707,8477,54699,1.068205561,1.551367991,2.952413752,0.353478237,1.183680512,-1.991082566,5.008411433,36ac7a367251674ad432d0e62eb0a00227a460029b57090400000000ffffffffef179602d656a19c,b463771c500e2e32c23dc232264d6b582a063e0c051c80000628c0005947372602000000fffffdff
2708,8478,54700,1.036323532,1.556724003,2.943496704,0.189832556,0.952543737,-1.107144234,4.182017788,faa8db365351b14cb342b2d72eb0a00227000000f708000000000000ffffffff4e149001af666f6c,1a531d0c511a7c3e8b3dee35bd49f555c9b54c460308a00007240000b449010000000000fffffcff
2709,8479,54701,1.069360707,1.533588239,2.960180213,0.100039208,1.034982152,-2.589387718,5.655607521,54ac38358d51313e11220cc927a4b0022a98c0026e65140f06030000ffffffff9c0f84001c600f54,fe49f211300689427d3db62ed3456d597a81ed490614800007000000b649000000000000ffffffff
2710,8480,54702,1.048760604,1.524090980,3.010230741,0.046478939,1.010355539,-2.988066055,6.103118636,3daa8c343b521b48c9193dc930ac900227980000a1500b0201000000ffffffff2f17f90358584da8,8f443410c600d244643dc4286a41175acbceb8020614500200000000fe01000000000000ffffffff
2711,8481,54703,1.055729985,1.555674888,2.949537285,0.343312952,1.196435552,-1.923197943,4.937624888,f2aac8366851384cbeb610ea2eb0a00227980000ef0f010000000000ffffffff5665e720fe460b52,ac625e1d3c0f5235c13d2f33004d4b5866c6bc07071460000828c0005f55222107000000fffffeff
2712,8482,54704,1.204705312,1.542809415,2.915307327,0.080748270,1.043430295,-2.735224599,5.782834079,0fbadf35f150604dd6e9da42205cd00000000000ab53000000000000ffffffff39637c202440014c,09488b123504ce36713d482db444a859a9a5bb430614500200000000de21000000000000ffffffff
2713,8483,54705,1.107095476,1.620664850,2.902650872,0.411120021,1.342593947,-1.374655672,4.342471247,28b0613bc550f04e263881201780d00000000000e31c000000000000ffffffffc35954248d46eb59,8d69b527af16fac9f73f0435514eb65690651f540328900007202000a038220401000000ffffffff
2714,8484,54706,1.206861584,1.538116002,2.820959207,0.405190272,1.389031126,-1.161509461,4.065090391,47ba8a35a94f154d9ecca14c205cd000000000009667020000000000ffffffff3f5832283f42ff4c,f368fe2a94195da6f63f57343b4ff955922def1c032420000a4c4001cf2b020201000000ffffffff
2715,8485,54707,1.207092613,1.532318257,2.769470446,0.000003566,0.905830476,-1.857326847,4.822530882,4dba2135f64e564d2fd0a0551780d00010600000bf3e020000000000ffffffff4a5849261d470f50,d83fcf082110473e613d663300004458d20ed802071460000a0c000073641d0a01000000fffff6ff
2716,8486,54708,1.207824206,1.536735587,2.785866309,0.315858982,1.090750939,-2.161081771,5.046464065,60ba71352f4faa4c62dcf052205cd000000000007f7c040000000000ffffffffbe56db28e9479d46,e35fe415010c3f46b33db031994cb95891219e4c0518700008280000764a211e00000000fffffdff
2717,8487,54709,1.209287391,1.533974756,2.748184590,0.366492881,1.193122555,-2.088307154,4.921192456,86ba3f35ac4e134c335860591780d000000000008d70020000000000ffffffff72185f05b75541ac,0665221dfe0c901fc93d06323c4d9d58432e6c08081460000728c0008840241200000000fffffdff
2718,8488,54710,1.058579345,1.559926567,2.939469651,0.349127187,1.131003856,-2.181792334,5.187930355,3cab15374551e94c114f71b12eb0000000000000fb04000000000000ffffffff2428bb03815abbba,4363bd18b90b7c30be3d7b31fc4cc5584daa690108146000072800005b51460d00000000fffffdff
2719,8489,54711,1.144868750,1.572295090,2.747609296,0.339038912,1.113224104,-2.099237728,4.934778007,fdb3f537aa4e074c127023e52fb4800227980000f509010000000000ffffffffc65d0d244f40b765,3d627b17d80c7b40b83d1132ef4c9e58ccf14e500518700008280000703c341f00000000fffffcff
2720,8490,54712,1.205321389,1.536735587,2.860366806,0.477271381,1.634137706,-1.403707989,4.326878534,1fba71353250624e0509f3461780d00000000000a05e000000000000ffffffff6c5adc252d410b57,4370553c4a163fbcba3fdc344e4fb0567ff5bf2203289000081cc00080512a0202000000ffffffff
2721,8491,54713,1.206091487,1.534747788,2.812905099,0.022605922,1.004116061,-2.986340175,5.942512420,33ba4d358d4fed4d6380614f1780d00000000000a758010000000000ffffffff11102d039e5fff65,2342c30fcc00553b603dce28433d165ac59249030614500200000000fd02000000000000ffffffff
2722,8492,54714,1.071247446,1.523207514,3.004477806,0.361063695,1.152538338,-1.229106438,4.308711194,85ac7c34275237489c51fede30ac90022798a00299520d0402010000ffffffffd90ca200685dbf68,7964431aa9182025bd3d97358b4d5256ae4ece150308a000091c0000e90d040202000000ffffffff
2723,8493,54715,1.041175145,1.519784084,3.035256004,0.347933536,1.150164023,-1.032931383,4.143350279,78a93e349252624988290bc930ac900227980000f00d010000000000ffffffffcd6d0a2e4150e01e,2463181a531b182cb63d3736664d95559efa0e17030890000a107000d32a010000000000ffffffff
2724,8494,54716,1.199237621,1.555454021,2.952989046,0.104082219,0.908756957,-1.303894582,4.442819000,81b9c43674517d444fce9e1f205cd00000000000807f000000000000ffffffffe459dc2c453b0b4e,674a0409a517bc44783d65352c46a556334939430328200007000000c61c180500000000fffff9ff
2725,8495,54717,1.205937467,1.525084880,2.759690458,0.243084786,1.009195990,-1.221915270,4.128729927,2fba9e34d44ecb4d0db8b0581734000210600000e01a040100000000ffffffff42593f2f9c3db34f,81581f10c2180338993d98356e4b59561faadd090308a00007240000d71e080200000000fffffdff
2726,8496,54718,1.206977099,1.520667550,2.740418129,0.065731372,0.920794180,-1.912842662,4.828573894,4aba4e34914ef64c10e050581734000210600000d624030200000000ffffffff7172542fc54e4424,8346de09600f3f3d713d2433a8435a5871e20a03051c60000a0c00006c67260500000000fffff6ff
2727,8497,54719,1.198467523,1.552472324,2.979164896,0.128147760,0.916266417,-2.004601962,5.136951863,6db98e36cf51ce441932ff1e1780d00000000000af50000000000000ffffffff5b603c31cb58f000,d84c8c09210e2c337e3da33276478258a75aea03051c60000a0c00008547310100000000fffff6ff
2728,8498,54720,1.195849192,1.573233773,2.860079159,0.163764761,1.093732637,-1.828849823,4.825056955,29b9063831507ac5115ac92b178000010d740000926c010000000000ffffffff75607132c5599001,75501a168410e637953dc033c548295879d6fc070714a000060c80007941281b02000000fffffbff
2729,8499,54721,1.194732551,1.573344206,2.858928572,0.233497074,1.095499569,-1.909103255,4.887375231,0cb908382d503ec70d8a5914178000011d340000a15d010000000000ffffffffb15282371b5d0800,88573a166d0f6c2ea33d4133cd4a4b589e9a6c09071460000a2030006d60280901000000fffffbff
2730,8500,54722,1.189688414,1.582896682,2.610401817,0.339731999,1.220620432,-1.853299793,4.558322285,89b8b538cd4cc6cafd3108081740d0010d800000ae43080402000000ffffffff5c5e424d815e3819,4f62141f2f109e3ac23d9b33f34c2b5834fa5c07071480000a1830006a3c261a18010000ffffffff
2731,8501,54723,1.165545863,1.562466532,2.794783357,0.193143974,1.077554167,-2.438660844,5.345057870,16b643374e4ff0cee004fd22177400011e34f0019a2d270f01000000ffffffff1b5040373e5d2000,7053f5143c08db429b3d06309f492d5967559d490614800007940000916a030000000000fffffeff
2732,8502,54724,1.189303365,1.584774047,2.558050116,0.107624667,1.040503814,-2.847119169,5.539143787,7fb8d738174cddcaf36928061740d0010d80e001915f090501000000ffffffff1563511fde3eeb57,c34a5612b0025c3e723d102c2646d6595ef697000614500200000000f807000000000000ffffffff
2733,8503,54725,1.103360504,1.621161800,2.902075579,0.293449150,1.155243953,-1.917157363,4.908975655,c7af6a3bc3505d4f52f080511780d00000000000ec13000000000000ffffffffff533e39725f8800,9d5d741a510fba34b43d3a33464c4b586aa20d0b07146000082830006d59240a0a000000fffffdff
2734,8504,54726,1.187686161,1.581847566,2.621620038,0.290445771,1.167336393,-1.842656865,4.572376636,55b8a238f44c58ccc0c9380c1740d0010d800000a13a210201000000ffffffff6c65fc204541bf55,4f5d4f1b5410bc3db43da8333b4c2a583526cd070714a000062030008037241a09010000fffffeff
2735,8505,54727,1.109983341,1.620885717,2.917033207,0.105352879,0.907763058,-1.223928797,4.320346353,73b0653bf7509f4e2d2487261780d00000000000e21d000000000000ffffffff38678e2b85333f60,884af208bb18ba3f793da13547465b56eead9b430308a00007000000c72a0d0200000000fffffaff
