# Bind-pose body_legs using bbox entry 119
# bbox_min = (-7.9752, 1.1535, -2.7553)
# bbox_dim = (15.9505, 0.8571, 6.37)
v 13.533417 1.547823 1.274867
v 13.627853 1.547509 1.259314
v 13.964222 1.518631 1.263202
v 13.972010 1.516068 1.270979
v 14.580005 1.524098 1.086101
v 13.824514 1.516303 1.281865
v 14.530353 1.524177 1.079686
v 14.527433 1.523575 1.081436
v 15.354968 1.504506 1.101265
v 15.305803 1.505265 1.119344
v 15.349127 1.505605 1.116428
v 15.393911 1.506154 1.114095
v 14.115612 1.524098 1.232098
v 14.101495 1.526714 1.237347
v 13.842039 1.522372 1.249594
v 14.013387 1.517847 1.258731
v 13.845933 1.524935 1.243762
v 13.997323 1.526949 1.246289
v 13.751010 1.520436 1.273311
v 13.763179 1.522581 1.253094
v 15.150031 1.501995 1.231709
v 15.310670 1.504297 1.110013
v 13.747116 1.553055 1.273895
v 13.760259 1.552610 1.283809
v 15.143216 1.507724 1.287503
v 14.973815 1.519913 1.282837
v 14.930491 1.523026 1.260286
v 14.929031 1.519311 1.277783
v 14.972355 1.523549 1.266507
v 15.003996 1.520515 1.285948
v 15.040991 1.508351 1.301500
v 15.059976 1.511830 1.311414
v 13.991482 1.552034 1.273895
v 15.082368 1.531684 1.136257
v 15.099892 1.533018 1.104958
v 15.399752 1.505186 1.104958
v 14.156989 1.526636 1.218490
v 14.252886 1.524595 1.205854
v 14.021663 1.521875 1.239874
v 13.925279 1.524648 1.242013
v 14.565402 1.525275 1.082408
v 13.706226 1.551197 1.292752
v 13.643917 1.549209 1.280893
v 13.835710 1.552453 1.285170
v 13.797741 1.552061 1.287308
v 13.793847 1.551380 1.284781
v 13.538285 1.549654 1.293918
v 13.703792 1.550099 1.284004
v 15.133967 1.508979 1.302083
v 15.111088 1.508142 1.299945
v 15.126179 1.506494 1.285753
v 15.123258 1.510679 1.308110
v 15.049753 1.514629 1.307915
v 15.010811 1.517140 1.299945
v 15.040505 1.517690 1.303833
v 15.107194 1.515388 1.306943
v 15.089183 1.512432 1.310442
v 15.079447 1.515100 1.307915
v 15.099406 1.510130 1.306749
v 14.631118 1.482717 1.292168
v 15.167069 1.509215 1.289641
v 15.172910 1.509816 1.296057
v 14.576111 1.469455 1.258731
v 15.018599 1.513923 1.304027
v 14.635986 1.465898 1.269812
v 15.186540 1.507933 1.246289
v 14.571730 1.484810 1.274867
v 15.164148 1.509555 1.295862
v 15.032716 1.521012 1.282643
v 15.218181 1.513766 1.256593
v 15.000588 1.524098 1.266119
v 15.206985 1.512511 1.265146
v 15.208446 1.510183 1.239291
v 13.961788 1.550334 1.259314
v 15.186053 1.504192 1.214213
v 15.105734 1.526295 1.257759
v 15.106707 1.522895 1.285753
v 15.165608 1.504480 1.239680
v 15.172423 1.505553 1.242790
v 15.189948 1.505239 1.218490
v 14.016308 1.551040 1.272923
v 14.573190 1.488550 1.279921
v 14.589254 1.491951 1.291002
v 14.915887 1.494148 1.246873
v 14.993286 1.493232 1.245706
v 14.971381 1.505840 1.291002
v 14.937793 1.501394 1.265341
v 14.959698 1.508822 1.292946
v 14.984037 1.503042 1.282837
v 15.021520 1.495534 1.255426
v 14.903231 1.504297 1.270979
v 14.789323 1.514760 1.266313
v 14.793218 1.510523 1.260481
v 14.999615 1.499510 1.273311
v 14.890088 1.499667 1.251538
v 14.859907 1.503643 1.263397
v 14.842870 1.498098 1.243568
v 14.872564 1.507750 1.274478
v 14.561508 1.492082 1.279143
v 14.965540 1.496476 1.262036
v 15.188487 1.509162 1.255426
v 15.199197 1.509372 1.243179
v 15.201144 1.510444 1.252510
v 14.824372 1.506913 1.269812
v 13.989535 1.550910 1.265146
v 13.875627 1.549340 1.252510
v 13.569439 1.552139 1.282060
v 13.601080 1.552662 1.272923
v 13.379106 1.548215 1.289641
v 14.536195 1.499746 1.272923
v 14.531327 1.495953 1.268646
v 14.690019 1.484757 1.301111
v 14.759143 1.486615 1.305388
v 14.648642 1.499301 1.308887
v 14.144819 1.496214 1.153754
v 14.237795 1.490826 1.154142
v 15.007890 1.477355 1.124204
v 14.038700 1.488943 1.126732
v 14.982577 1.477983 1.148894
v 13.858103 1.486432 1.135674
v 14.503093 1.499981 1.256593
v 14.499686 1.496057 1.252121
v 14.570757 1.499510 1.286920
v 15.265886 1.504088 1.132953
v 14.799059 1.518788 1.258537
v 14.873537 1.522764 1.251927
v 14.863315 1.518893 1.269812
v 15.261018 1.505317 1.139757
v 14.818530 1.522581 1.244345
v 14.685638 1.463308 1.277783
v 14.766444 1.489937 1.301889
v 14.774233 1.493154 1.298389
v 14.748433 1.478506 1.296640
v 14.753301 1.460274 1.276422
v 14.721173 1.495691 1.316663
v 15.105734 1.497575 1.236569
v 15.066791 1.494148 1.236764
v 14.683691 1.480468 1.296057
v 14.028478 1.493285 1.151032
v 13.896072 1.483607 1.124204
v 14.141899 1.488236 1.120511
v 14.348782 1.496057 1.202743
v 14.596069 1.495744 1.294890
v 14.224165 1.494410 1.157058
v 15.317972 1.498438 1.058302
v 15.084802 1.507122 1.304805
v 15.071659 1.509345 1.305971
v 14.995720 1.509973 1.299945
v 15.355455 1.495247 1.027975
v 15.404133 1.498883 1.053442
v 15.316999 1.501524 1.079492
v 15.356915 1.499275 1.053831
v 14.488977 1.543219 0.230729
v 14.479241 1.543376 0.230729
v 14.486056 1.542225 1.263980
v 14.360465 1.540080 0.445738
v 15.088210 1.501524 1.264369
v 15.036610 1.502178 1.279143
v 15.100866 1.505160 1.289447
v 15.121311 1.503434 1.263591
v 15.216234 1.493729 1.114095
v 14.334666 1.540028 1.061218
v 14.511855 1.543926 0.230729
v 14.578545 1.545076 0.702156
v 14.796625 1.526060 1.190496
v 14.968947 1.530847 1.127898
v 14.967973 1.532076 1.086685
v 15.118390 1.523575 1.282643
v 15.208932 1.504062 1.177860
v 15.089183 1.526034 1.260481
v 14.931465 1.531475 1.105347
v 14.930004 1.530376 1.137424
v 15.082855 1.533881 1.070938
v 14.966026 1.533149 1.045666
v 15.040991 1.534535 1.028558
v 13.372777 1.519495 1.298389
v 13.288077 1.520776 1.294696
v 13.183418 1.502178 1.362931
v 13.031541 1.520070 1.298973
v 13.475489 1.508613 1.312775
v 15.299961 1.507358 1.137035
v 15.380281 1.509032 1.135674
v 15.292659 1.509162 1.153754
v 15.338417 1.507436 1.139757
v 15.334036 1.508508 1.151032
v 15.252256 1.507619 1.151226
v 13.534390 1.517611 1.295473
v 13.656087 1.509162 1.304221
v 15.100379 1.529958 1.200605
v 15.088210 1.530114 1.192829
v 13.291484 1.515989 1.293335
v 13.385921 1.515231 1.289836
v 13.437033 1.502100 1.359237
v 15.379307 1.507802 1.132369
v 13.440927 1.523209 1.280893
v 13.543152 1.522267 1.278366
v 13.599619 1.525223 1.262814
v 13.500802 1.524203 1.269812
v 14.415959 1.529330 1.163085
v 14.359492 1.529094 1.173194
v 13.515892 1.525301 1.266896
v 13.622012 1.515806 1.290419
v 13.589397 1.523784 1.266119
v 13.584042 1.516879 1.292752
v 14.667140 1.523837 1.183886
v 15.206498 1.505239 1.188552
v 15.158793 1.517402 1.316663
v 15.148571 1.516617 1.320163
v 15.409488 1.502283 1.070938
v 13.807964 1.550046 1.266313
v 15.079447 1.534770 1.053442
v 15.065331 1.535503 1.026031
v 14.873050 1.530611 1.122455
v 15.106707 1.532835 1.114095
v 15.183133 1.515362 1.308887
v 15.073606 1.531998 1.131008
v 14.801006 1.532599 0.488312
v 14.756222 1.531475 0.721402
v 15.029308 1.535843 0.230729
v 15.193842 1.519521 0.230729
v 14.447113 1.554493 0.230729
v 14.463177 1.531736 0.955657
v 14.252399 1.554467 1.061412
v 14.247531 1.554048 1.082019
v 15.248849 1.521012 1.168917
v 15.223049 1.521247 1.163668
v 15.340851 1.548660 1.197105
v 15.062897 1.554022 0.435435
v 15.023954 1.554048 0.409385
v 14.729935 1.554258 0.230729
v 14.686125 1.554075 0.230729
v 15.020060 1.549105 1.064717
v 15.078474 1.549288 1.056941
v 15.087723 1.549236 1.057524
v 15.237166 1.519939 1.138396
v 13.615197 1.551982 1.287697
v 13.430705 1.550413 1.298778
v 13.626879 1.552688 1.274089
v 14.797112 1.502701 1.250761
v 13.666309 1.551590 1.294307
v 15.026875 1.524595 1.264563
v 15.146137 1.505291 1.263202
v 15.157820 1.506390 1.264369
v 15.343772 1.519495 0.230729
v 15.217208 1.489675 1.089989
v 13.754904 1.551642 1.290030
v 13.756851 1.549105 1.262036
v 15.115469 1.512772 1.313164
v 14.908586 1.552950 0.563352
v 15.040018 1.549392 1.055386
v 14.967000 1.548869 1.090184
v 14.608726 1.553892 0.771946
v 14.071801 1.552767 1.208381
v 15.328195 1.486719 1.260092
v 15.430420 1.463308 1.286142
v 15.434314 1.476073 1.299750
v 15.296554 1.483685 1.238902
v 14.155529 1.552217 1.185441
v 15.274162 1.524857 1.209742
v 14.676389 1.538380 1.299167
v 14.705109 1.538616 1.314136
v 14.623816 1.537962 1.279532
v 14.539115 1.539086 1.274867
v 15.418737 1.464590 1.294113
v 15.405107 1.466395 1.300333
v 15.444536 1.462733 1.274089
v 15.379794 1.470842 1.280893
v 15.424578 1.476806 1.308498
v 15.414843 1.477146 1.312775
v 15.020060 1.545521 1.171639
v 15.053161 1.545573 1.169500
v 15.048780 1.542513 1.234820
v 15.044399 1.541101 1.246484
v 15.080421 1.541258 1.243957
v 15.038071 1.538223 1.242985
v 15.000588 1.538092 1.243373
v 15.076527 1.539767 1.260870
v 14.895442 1.535372 1.228210
v 14.850658 1.537936 1.259898
v 15.397318 1.533724 1.335132
v 15.049753 1.547221 1.119539
v 15.018112 1.543873 1.216351
v 15.021520 1.547274 1.120705
v 13.807477 1.548006 1.333771
v 13.867838 1.548346 1.320357
v 15.413382 1.533358 1.333771
v 13.991482 1.549419 1.284004
v 15.353508 1.533803 1.318413
v 15.382715 1.533306 1.320940
v 13.938909 1.548817 1.304221
v 14.048923 1.548712 1.273311
v 15.294120 1.412563 1.179220
v 11.642255 1.480180 1.017088
v 12.884532 1.478663 0.984234
v 13.183418 1.478297 0.980346
v 12.264854 1.480258 1.010867
v 12.243922 1.486405 1.039250
v 11.673896 1.483580 1.040806
v 12.294548 1.481854 1.031280
v 13.303167 1.478061 0.973931
v 15.386609 1.549392 1.218490
v 15.394398 1.547980 1.248622
v 15.449404 1.547091 1.270979
v 15.412409 1.546724 1.268451
v 15.419224 1.486876 1.327939
v 15.409975 1.548425 1.251538
v 15.416790 1.487582 1.323273
v 15.268807 1.428702 1.126732
v 15.393424 1.393207 1.270979
v 13.164920 1.480415 0.946909
v 13.342597 1.481802 0.920665
v 15.430906 1.485621 1.325023
v 15.438208 1.486562 1.317246
v 15.422631 1.487059 1.329688
v 15.417277 1.490120 1.325217
v 15.430420 1.547535 1.268451
v 15.413382 1.487766 1.318218
v 15.318946 1.546803 1.232098
v 13.086061 1.482586 0.949631
v 14.975275 1.552348 0.858067
v 13.014017 1.480912 0.963433
v 15.351074 1.528911 1.096599
v 14.197392 1.503826 1.319385
v 15.365677 1.528728 1.097182
v 15.382228 1.529225 1.122455
v 14.518670 1.506390 1.195161
v 14.474373 1.504663 1.238319
v 14.118046 1.505945 1.326578
v 15.363243 1.527420 1.118761
v 15.362270 1.529068 1.106319
v 14.020689 1.499641 1.361959
v 15.375413 1.528231 1.123621
v 15.353994 1.528336 1.090767
v 15.372979 1.527185 1.129259
v 15.370545 1.528467 1.114873
v 14.795651 1.533933 1.206437
v 14.648642 1.533175 1.207409
v 14.689532 1.533201 1.199244
v 14.793704 1.534770 1.228599
v 14.337586 1.516591 1.149282
v 14.592175 1.502937 1.145200
v 14.520618 1.504716 1.193801
v 14.526459 1.503198 1.190301
v 14.377016 1.515833 1.135674
v 15.383202 1.527813 1.106319
v 14.730909 1.553892 0.547022
v 15.316999 1.444684 1.213241
v 15.356428 1.476178 1.250177
v 15.378820 1.480965 1.274283
v 15.334036 1.434823 1.241818
v 14.606779 1.553578 0.818020
v 14.615541 1.539113 1.280116
v 15.432367 1.481252 1.314719
v 15.193842 1.524674 1.183303
v 15.199683 1.520410 1.119928
v 15.201144 1.522372 1.155309
v 15.197249 1.526688 1.212074
v 15.396832 1.422006 1.278755
v 14.704136 1.536418 1.262425
v 14.689532 1.537569 1.287308
v 14.123887 1.550674 1.229571
v 15.238139 1.521979 1.168917
v 15.243494 1.526923 1.228210
v 14.903718 1.537282 1.246095
v 14.843843 1.534614 1.220239
v 14.850658 1.535189 1.226266
v 15.376387 1.534326 1.340186
v 14.001704 1.548215 1.292363
v 15.379307 1.535320 1.365264
v 15.351074 1.536157 1.361765
v 13.936475 1.546855 1.327161
v 14.849198 1.536078 1.236958
v 14.903718 1.536445 1.235208
v 14.939740 1.541833 1.250761
v 15.021520 1.550543 0.989872
v 14.822425 1.541911 1.255038
v 15.071172 1.535948 1.204882
v 14.762063 1.532809 1.192051
v 12.870902 1.543821 1.114484
v 14.349269 1.514682 1.137813
v 15.201631 1.532338 1.231126
v 15.021520 1.551877 0.889949
v 15.056568 1.552270 0.860594
v 14.468045 1.532050 1.168334
v 14.749894 1.534561 1.231126
v 15.083828 1.542618 1.233653
v 15.101840 1.534614 1.196717
v 15.138348 1.533253 1.203326
v 14.886194 1.534614 1.230737
v 15.092591 1.552531 0.850291
v 14.650103 1.545809 1.231515
v 14.604832 1.543769 1.253482
v 15.132507 1.554022 0.645196
v 14.618462 1.540237 1.282254
v 14.655457 1.539819 1.289447
v 14.787863 1.533096 1.200605
v 15.171450 1.532626 1.215574
v 15.061436 1.553107 0.743175
v 15.091617 1.550491 0.997842
v 15.054621 1.550726 0.978985
v 14.951423 1.546672 1.144033
v 15.280977 1.544553 1.237347
v 15.239600 1.547875 1.149477
v 15.239600 1.546175 1.211491
v 14.548364 1.549837 1.030891
v 15.346693 1.540107 1.311609
v 15.295580 1.538642 1.303444
v 15.129099 1.538616 1.266702
v 15.123258 1.544161 1.213047
v 14.850658 1.538903 1.270395
v 15.325274 1.489675 1.274089
v 14.704623 1.539426 1.305388
v 15.360809 1.458443 1.263591
v 14.732369 1.540237 1.292557
v 14.751841 1.542121 1.262814
v 14.725068 1.543141 1.252510
v 14.695374 1.544109 1.241041
v 14.531814 1.531893 1.175138
v 14.834594 1.533855 1.221795
v 14.784942 1.539060 1.291974
v 14.169159 1.546751 1.251149
v 14.767905 1.538982 1.300333
v 14.732369 1.538197 1.298389
v 15.291686 1.487661 1.258342
v 15.316999 1.540237 1.298389
v 15.179238 1.538171 1.280504
v 15.206498 1.524334 1.187191
v 15.184106 1.522450 1.142284
v 15.390990 1.452244 1.287114
v 15.444536 1.433227 1.250955
v 15.444050 1.447352 1.258342
v 15.351560 1.427133 1.261647
v 14.675415 1.552479 0.882173
v 14.063039 1.551040 1.239680
v 15.022980 1.552976 0.726262
v 15.298501 1.453055 1.167167
v 15.372492 1.482691 1.267091
v 15.338904 1.481043 1.235597
v 14.680283 1.542095 1.267868
v 15.330629 1.466657 1.223933
v 15.333063 1.483868 1.245706
v 14.157962 1.547378 1.251733
v 14.762063 1.538066 1.284976
v 14.566375 1.540761 1.277005
v 14.641340 1.541127 1.277977
v 14.602884 1.541859 1.270590
v 14.255806 1.547300 1.230737
v 14.654970 1.551119 0.958768
v 14.516723 1.550988 1.052275
v 15.410948 1.482246 1.315302
v 15.395858 1.478401 1.298001
v 15.391964 1.468461 1.294307
v 14.545444 1.537543 1.264758
v 14.714358 1.538145 1.302861
v 14.722634 1.537282 1.277977
v 14.802466 1.537569 1.263786
v 14.801980 1.538433 1.277199
v 15.095511 1.553368 0.662886
v 14.669087 1.544972 1.235403
v 14.674929 1.540368 1.284781
v 14.646208 1.542958 1.259120
v 14.773746 1.541074 1.276227
v 14.709490 1.541205 1.280893
v 15.137862 1.553055 0.825213
v 14.662759 1.539243 1.293335
v 15.371519 1.417951 1.274283
v 15.276109 1.486719 1.250955
v 14.588768 1.544527 1.248817
v 15.360809 1.530951 1.263591
v 15.426525 1.538877 1.330855
v 15.219642 1.533070 1.239096
v 15.406080 1.538825 1.339797
v 15.405107 1.477669 1.308693
v 15.375413 1.455173 1.278366
v 15.425552 1.448425 1.275061
v 14.074722 1.549392 1.259314
v 14.539115 1.551930 1.029141
v 14.650589 1.553342 0.832211
v 14.575624 1.550962 0.994926
v 14.200313 1.548163 1.237152
v 15.420684 1.422712 1.266507
v 14.031398 1.550099 1.263591
v 15.402673 1.483083 1.304416
v 15.422631 1.481462 1.320551
v 15.383688 1.491532 1.304416
v 15.444536 1.475942 1.291002
v 15.277569 1.482377 1.229571
v 14.607265 1.552008 0.955074
v 14.698294 1.551720 0.923192
v 14.622843 1.550282 0.996093
v 15.407541 1.449890 1.286725
v 15.387096 1.479552 1.285753
v 15.393911 1.484810 1.291780
v 15.445023 1.481985 1.304416
v 15.356915 1.491140 1.291002
v 15.274648 1.468226 1.143061
v 13.622012 1.487033 1.386454
v 13.773889 1.487766 1.378095
v 13.687728 1.485098 1.384899
v 13.580635 1.485071 1.390925
v 13.560190 1.481540 1.395591
v 13.584529 1.480598 1.390148
v 13.556782 1.490852 1.368958
v 13.529036 1.482508 1.395591
v 13.696977 1.490355 1.377511
v 13.658521 1.481723 1.383538
v 13.683833 1.480023 1.378095
v 13.769508 1.480860 1.369541
v 13.732025 1.482926 1.377123
v 13.794334 1.484025 1.371679
v 13.525141 1.487661 1.377706
v 13.401985 1.488079 1.368569
v 13.501776 1.485281 1.384121
v 13.418049 1.489492 1.364486
v 13.482304 1.482743 1.390731
v 13.863457 1.478454 1.364486
v 13.378619 1.485856 1.375179
v 13.828409 1.481776 1.364292
v 15.367138 1.484679 1.264174
v 15.390503 1.486929 1.288669
v 15.359349 1.488995 1.281088
v 15.367624 1.473719 1.264563
v 15.318459 1.472097 1.200216
v 15.309210 1.476701 1.194189
v 15.283897 1.459176 1.138590
v 15.346693 1.478401 1.240069
v 15.265886 1.476282 1.173972
v 15.345232 1.462027 1.242985
v 15.089670 1.545626 1.169111
v 15.312131 1.531422 1.262036
v 15.336470 1.532259 1.282060
v 15.327221 1.533280 1.295862
v 15.369572 1.535084 1.355155
v 15.392450 1.532338 1.304221
v 15.301908 1.480128 1.217712
v 15.449404 1.538616 1.327161
v 15.282924 1.536261 1.310442
v 13.870759 1.547431 1.327939
v 15.092591 1.547274 1.118372
v 14.907612 1.538276 1.260675
v 15.287792 1.537072 1.317246
v 14.850171 1.536968 1.247067
v 13.499828 1.480729 1.397535
v 15.299961 1.529120 1.230154
v 15.346206 1.531632 1.273311
v 13.513458 1.480285 1.397146
v 13.846907 1.458365 1.409005
v 13.995863 1.433594 1.378872
v 13.917004 1.466107 1.425334
v 13.917977 1.448948 1.394036
v 15.131047 1.536654 1.244151
v 15.103787 1.537831 1.249789
v 13.728131 1.478689 1.375179
v 13.810884 1.478375 1.368569
v 15.389043 1.489073 1.295473
v 15.362757 1.486824 1.270979
v 13.588910 1.479526 1.387037
v 13.418049 1.482116 1.387815
v 14.962619 1.536915 1.234042
v 15.035150 1.536680 1.228016
v 15.092591 1.536366 1.224322
v 14.995720 1.536785 1.229182
v 15.202604 1.535163 1.255621
v 15.210393 1.552139 0.968293
v 15.409488 1.544449 1.260675
v 15.160254 1.534770 1.230932
v 15.244954 1.536026 1.291002
v 15.209906 1.536523 1.276422
v 15.004969 1.539793 1.260675
v 14.964079 1.537726 1.246484
v 15.041965 1.539950 1.258342
v 13.585503 1.478454 1.387815
v 14.800033 1.536654 1.250761
v 14.759629 1.537308 1.270201
v 14.545930 1.536000 1.247845
v 14.472426 1.537334 1.245512
v 14.409631 1.539270 1.256787
v 14.478754 1.539191 1.260870
v 14.635012 1.535294 1.243762
v 14.644261 1.536680 1.264369
v 14.748920 1.535503 1.243957
v 14.753301 1.536445 1.257176
v 14.797599 1.535712 1.239485
v 14.695860 1.535372 1.247456
v 14.966026 1.538589 1.256593
v 15.051701 1.544004 1.212852
v 15.408028 1.487138 1.309859
v 14.987445 1.545390 1.175721
v 15.362757 1.536235 1.368763
v 15.405107 1.489570 1.310442
v 15.406080 1.488263 1.307332
v 15.405594 1.491323 1.317246
v 15.411922 1.486353 1.316469
v 15.359836 1.532599 1.297029
v 15.423605 1.485751 1.329299
v 15.348640 1.535555 1.351850
v 15.427012 1.487138 1.328911
v 15.002535 1.538903 1.254454
v 14.960672 1.536340 1.228016
v 14.997181 1.537360 1.236375
v 15.039531 1.539060 1.255426
v 15.072146 1.537360 1.237347
v 15.036610 1.536942 1.230154
v 15.067278 1.536471 1.220434
v 15.038071 1.537465 1.235597
v 15.108655 1.535163 1.197105
v 15.390017 1.545050 1.260092
v 15.241060 1.532155 1.239291
v 15.263452 1.530978 1.240457
v 15.404620 1.543272 1.263202
v 15.175344 1.551877 0.933301
v 15.236192 1.534666 1.267479
v 15.377847 1.543219 1.264758
v 15.137862 1.537595 1.255815
v 15.217694 1.537595 1.292557
v 15.333063 1.538537 1.324828
v 15.173884 1.537072 1.264369
v 15.194329 1.533881 1.236958
v 15.168529 1.535843 1.248233
v 15.218668 1.538406 1.290224
v 15.185080 1.538903 1.280504
v 15.151005 1.541258 1.250177
v 15.119851 1.542696 1.235597
v 14.023123 1.451511 1.389759
v 13.912623 1.430010 1.380427
v 13.972010 1.458600 1.407644
v 14.001218 1.459699 1.404145
v 14.043568 1.436889 1.374595
v 15.245928 1.544710 1.231126
v 12.983349 1.465035 1.365847
v 13.958380 1.466421 1.423002
v 13.278341 1.469377 1.382566
v 12.782793 1.469586 1.374595
v 15.163174 1.545783 1.177082
v 13.778270 1.429068 1.373040
v 13.478410 1.480703 1.395202
v 13.526602 1.479814 1.394230
v 13.984180 1.449994 1.393452
v 13.918951 1.458051 1.410560
v 13.859563 1.465636 1.423974
v 13.807477 1.466526 1.420669
v 13.776809 1.459882 1.405311
v 13.283696 1.454232 1.347768
v 13.981259 1.467363 1.419308
v 13.624932 1.476544 1.419308
v 13.383000 1.465166 1.374401
v 13.558243 1.457083 1.368569
v 13.107966 1.459542 1.354572
v 13.588910 1.466343 1.389176
v 13.544613 1.469743 1.393841
v 15.342798 1.529958 1.239680
v 15.281463 1.530114 1.236375
v 13.533417 1.479317 1.391897
v 13.479383 1.475576 1.404145
v 13.605461 1.407227 1.345824
v 15.318459 1.534483 1.311609
v 15.304342 1.554022 1.027781
v 15.352534 1.554179 1.053053
v 15.278543 1.546437 1.217712
v 14.503580 1.547666 1.068800
v 15.299961 1.552610 1.046249
v 14.558587 1.547692 1.053053
v 15.132020 1.549183 1.063939
v 15.276109 1.548163 1.161141
v 15.273188 1.552479 1.027392
v 15.165122 1.547326 1.132369
v 15.169016 1.550517 1.026614
v 15.174857 1.549183 1.077353
v 15.130073 1.550465 1.003286
v 15.087723 1.535843 1.208964
v 15.119851 1.535921 1.225683
v 13.817699 1.472647 1.429223
v 13.893638 1.476858 1.435832
v 15.371519 1.536261 1.374012
v 13.865891 1.477224 1.435832
v 13.845446 1.472333 1.430583
v 15.378334 1.535948 1.377511
v 15.372979 1.535764 1.373040
v 13.876114 1.472045 1.431167
v 13.557269 1.441075 1.353405
v 13.641483 1.475367 1.416198
v 13.508104 1.473170 1.399673
v 13.462346 1.449419 1.346212
v 12.533072 1.460667 1.351461
v 11.964020 1.465192 1.358460
v 13.953513 1.473353 1.429223
v 14.053304 1.418187 1.358460
v 13.764153 1.398386 1.359432
v 15.394884 1.538249 1.354377
v 15.396832 1.536811 1.364292
v 13.748089 1.477120 1.429223
v 15.379794 1.536445 1.378095
v 15.401699 1.535477 1.362542
v 15.447944 1.539662 1.309665
v 15.324300 1.536445 1.338242
v 15.424578 1.539479 1.320357
v 15.349127 1.534849 1.337464
v 15.386122 1.535555 1.368958
v 15.376873 1.531684 1.284004
v 14.054277 1.547483 1.287308
v 14.123887 1.547797 1.263008
v 15.316512 1.390120 1.229376
v 13.868812 1.476466 1.435443
v 15.397318 1.536915 1.364681
v 14.267002 1.500400 1.308110
v 14.206154 1.502361 1.319579
v 13.993916 1.498569 1.368958
v 14.262621 1.502911 1.306554
v 14.213943 1.499641 1.319968
v 14.531814 1.501551 1.186802
v 14.500659 1.515937 1.124982
v 14.534248 1.513871 1.145200
v 14.359005 1.520567 1.155503
v 14.420340 1.518108 1.128092
v 15.397805 1.535764 1.364486
v 15.401699 1.537674 1.359432
v 14.634525 1.534038 1.229765
v 14.561021 1.534875 1.235403
v 14.581953 1.532809 1.186802
v 14.386265 1.537517 1.241624
v 14.124374 1.498359 1.341158
v 13.899479 1.497104 1.379844
v 14.618462 1.533018 1.198077
v 14.571243 1.533986 1.221017
v 14.302051 1.522346 1.190301
v 14.386265 1.521509 1.149671
v 15.431880 1.543115 1.251733
v 15.430420 1.543926 1.251149
v 15.330629 1.526819 1.208381
v 15.406567 1.542068 1.277977
v 14.068881 1.551904 1.214213
v 14.147740 1.551433 1.201382
v 13.725697 1.468618 1.412309
v 13.642943 1.453970 1.377123
v 13.760745 1.467363 1.416003
v 13.689675 1.470345 1.409782
v 13.709633 1.461347 1.398312
v 13.485712 1.460928 1.368180
v 15.275622 1.553865 0.996093
v 15.130073 1.547143 1.130231
v 14.089812 1.502074 1.344463
v 15.390017 1.526845 1.096599
v 15.381741 1.526792 1.114484
v 14.133136 1.502885 1.333771
v 14.052817 1.495508 1.361182
v 14.047462 1.500661 1.354961
v 15.086749 1.544083 1.212658
v 14.208101 1.552871 1.140340
v 14.695374 1.534326 1.231515
v 14.107824 1.553473 1.164835
v 13.093849 1.545338 1.118761
v 13.035435 1.545835 1.129259
v 12.543782 1.543978 1.129259
v 14.596069 1.504637 1.139368
v 14.489463 1.511333 1.149866
v 14.457336 1.513688 1.129259
v 14.434943 1.509398 1.156086
v 13.063182 1.544658 1.090767
v 14.297670 1.553630 1.074437
v 14.129242 1.553970 1.138979
v 14.761090 1.553578 0.650833
v 14.829240 1.552845 0.825213
v 14.111231 1.518919 1.238902
v 14.260187 1.519625 1.190496
v 14.292802 1.517140 1.162891
v 14.311787 1.518317 1.159780
v 14.273817 1.515989 1.166195
v 14.252886 1.518213 1.191273
v 14.594122 1.549419 1.027781
v 14.495792 1.549889 1.075992
v 14.457822 1.547875 1.114290
v 15.137862 1.552061 0.900641
v 14.994260 1.536497 1.230154
v 14.183275 1.553813 1.120900
v 11.998095 1.543324 1.156086
v 13.027160 1.544135 1.096599
v 14.402816 1.511804 1.127120
v 14.472913 1.506625 1.236569
v 14.082024 1.497261 1.350684
v 15.189461 1.541101 1.252705
v 15.160254 1.544239 1.216935
v 15.155873 1.542748 1.231126
v 15.115469 1.541336 1.249594
v 15.347179 1.552845 1.074243
v 15.126666 1.545678 1.173972
v 14.833621 1.553708 0.645196
v 14.147740 1.517664 1.237541
v 14.053304 1.517036 1.254260
v 14.107824 1.516042 1.252316
v 13.987101 1.512066 1.284587
v 14.076182 1.514158 1.264952
v 14.064013 1.512223 1.277588
v 13.594265 1.506704 1.320163
v 13.473055 1.502701 1.352239
v 13.819160 1.507305 1.316663
v 12.577370 1.537543 1.250177
v 13.942316 1.510183 1.297029
v 13.505183 1.510444 1.296445
v 13.492527 1.511020 1.289447
v 13.493500 1.503748 1.343491
v 13.161026 1.537543 1.245901
v 13.727157 1.511595 1.288086
v 13.696977 1.510287 1.296057
v 12.866521 1.540002 1.166195
v 14.685638 1.553421 0.770197
v 12.498024 1.538930 1.217907
v 14.421800 1.549942 1.120900
v 14.130702 1.548765 1.250566
v 14.372148 1.550543 1.130620
v 14.242176 1.549105 1.211686
v 15.193842 1.542853 1.233653
v 15.274648 1.549733 1.110596
v 14.483622 1.550857 1.078520
v 15.246415 1.549680 1.092322
v 15.241060 1.550936 1.042750
v 14.478754 1.551773 1.067244
v 14.441272 1.553264 1.034001
v 14.253859 1.550962 1.168334
v 14.740645 1.552741 0.829490
v 14.555179 1.553264 0.913083
v 15.130073 1.539505 1.270590
v 15.246902 1.553735 0.958768
v 15.243007 1.552348 0.993371
v 14.259701 1.544213 1.264758
v 14.184736 1.545233 1.266119
v 14.424234 1.545730 1.162307
v 15.398779 1.552139 1.126732
v 15.424091 1.546097 1.269229
v 15.378334 1.551877 1.119539
v 14.353163 1.547797 1.172416
v 14.397948 1.544370 1.207020
v 14.389672 1.543507 1.229571
v 14.169159 1.544030 1.270979
v 14.335152 1.545547 1.226266
v 14.328337 1.544292 1.242401
v 14.464637 1.544946 1.148116
v 14.607265 1.553238 0.872258
v 14.530840 1.546227 1.078325
v 15.426039 1.554912 1.112735
v 14.332232 1.543350 1.250955
v 14.259701 1.543664 1.266507
v 14.501633 1.545155 1.112735
v 15.381254 1.553211 1.082797
v 14.479728 1.545861 1.110207
v 15.392450 1.554467 1.078325
v 15.408028 1.553551 1.093878
v 14.759629 1.552217 0.873619
v 13.191693 1.485019 0.933690
v 14.965540 1.549837 1.053442
v 14.892035 1.549863 1.056552
v 14.940714 1.550203 1.040806
v 12.898162 1.481409 0.990066
v 12.693225 1.481436 1.014367
v 14.943147 1.549628 1.065106
v 11.931406 1.477983 0.973931
v 14.915401 1.550282 1.039250
v 12.354909 1.478611 0.980346
v 14.944121 1.548817 1.095044
v 14.963106 1.551459 0.943215
v 14.954830 1.551747 0.920665
v 15.381254 1.546254 1.260481
v 15.437721 1.542278 1.263008
v 15.326734 1.544763 1.247067
v 15.387583 1.538825 1.342713
v 14.238769 1.553656 1.102626
v 15.446484 1.545652 1.266119
v 15.359836 1.538066 1.345629
v 15.397805 1.539636 1.324439
v 15.372005 1.539322 1.333965
v 15.383202 1.540577 1.307721
v 15.373953 1.537517 1.358849
v 15.443563 1.540944 1.287308
v 15.417763 1.540551 1.301889
v 15.385635 1.542199 1.278755
v 15.330629 1.542827 1.267479
v 15.362270 1.541467 1.292752
v 14.959698 1.550596 1.017088
v 14.988418 1.552610 0.830850
v 14.974302 1.550700 1.001925
v 14.927570 1.551694 0.933690
v 14.962132 1.551093 0.973931
v 14.903231 1.550936 1.002703
v 15.416790 1.485882 1.324634
v 15.413869 1.488550 1.318607
v 15.420197 1.488603 1.326578
v 15.412895 1.489414 1.318996
v 15.337930 1.348477 1.251538
v 15.369085 1.371444 1.268451
v 15.248849 1.462262 1.112735
v 15.253230 1.448896 1.093878
v 15.391477 1.534640 1.352239
v 15.365190 1.535608 1.365458
v 15.404133 1.534849 1.358460
v 15.392450 1.535346 1.362931
v 15.401213 1.550700 1.179220
v 15.382715 1.550465 1.170861
v 15.404620 1.549497 1.229376
v 14.267002 1.545469 1.248428
v 15.395371 1.535163 1.361570
v 15.409975 1.534247 1.351461
v 15.404620 1.532861 1.320357
v 13.993916 1.547091 1.309665
v 15.413869 1.538380 1.345824
v 15.384175 1.537125 1.370513
v 15.389530 1.536811 1.371679
v 14.513316 1.553238 0.955463
v 14.198366 1.550020 1.214213
v 14.477294 1.553238 1.001925
v 13.265198 1.433541 1.327161
v 13.468674 1.414525 1.330855
v 14.008033 1.409581 1.362542
v 13.039329 1.445626 1.327939
v 12.662071 1.452401 1.333771
v 14.468532 1.515283 1.136452
v 14.455875 1.520070 1.117983
v 14.247531 1.521613 1.205659
v 14.555179 1.517768 1.125371
v 14.332718 1.519416 1.157642
v 14.529380 1.533724 1.205854
v 14.482648 1.535764 1.233459
v 14.456849 1.533620 1.183692
v 14.389186 1.535948 1.227432
v 14.515263 1.532678 1.179609
v 14.548851 1.532678 1.183303
v 14.498712 1.518527 1.110596
v 14.293289 1.520541 1.181748
v 14.408170 1.534692 1.206242
v 14.487029 1.532966 1.180776
v 14.406223 1.516983 1.133341
v 14.435917 1.519233 1.122649
v 14.332232 1.523235 1.184858
v 14.500173 1.534692 1.223933
v 14.377503 1.518814 1.142867
v 14.504554 1.513531 1.139368
v 14.530840 1.515780 1.133341
v 14.396001 1.503120 1.270784
v 13.925279 1.492134 1.381788
v 14.018255 1.493991 1.371679
v 14.477294 1.501838 1.239680
v 14.469992 1.517062 1.126537
v 14.476320 1.503303 1.239096
v 14.395027 1.501629 1.272534
v 13.661441 1.473117 1.412309
v 15.331602 1.528911 1.214213
v 15.304829 1.526557 1.219073
v 14.360952 1.552034 1.101459
v 13.904347 1.395718 1.364681
v 13.915543 1.472254 1.430778
v 13.793360 1.473144 1.427667
v 13.771455 1.474608 1.426890
v 13.757825 1.475916 1.427667
v 15.076040 1.539008 1.259120
v 14.745999 1.533567 1.202549
v 15.073119 1.538145 1.244929
v 14.985985 1.547169 1.126148
v 14.988418 1.543742 1.220239
v 14.901771 1.535738 1.227432
v 15.014218 1.542330 1.238513
v 14.985011 1.542199 1.242013
v 14.958238 1.536052 1.231126
v 15.324300 1.535712 1.334548
v 15.326734 1.530611 1.251149
v 13.442875 1.480677 1.391897
v 13.529036 1.478611 1.391897
v 15.098919 1.537046 1.238902
v 15.104273 1.540028 1.264952
v 14.972355 1.540682 1.260092
v 14.968460 1.539505 1.267479
v 15.008377 1.540917 1.256398
v 15.297040 1.532547 1.273117
v 15.180212 1.553002 0.873619
v 15.217208 1.553342 0.923192
v 13.475002 1.479212 1.397340
v 13.195101 1.473457 1.389759
v 13.822080 1.449602 1.391508
v 13.642943 1.463439 1.391120
v 14.458309 1.544187 1.173972
v 15.229864 1.540865 1.259898
v 15.255177 1.538119 1.300333
v 15.274648 1.540394 1.281088
v 15.273675 1.551093 1.064717
v 15.428473 1.488498 1.325217
v 13.952052 1.547771 1.311414
v 13.658521 1.432783 1.362737
v 13.727644 1.451093 1.385676
v 13.627853 1.507881 1.312192
v 15.069712 1.536758 1.228016
v 15.277082 1.534038 1.281088
v 13.621038 1.483293 1.391120
v 0.024146 1.453342 -0.937050
v 0.018791 1.448346 -0.757421
v 0.046538 1.510889 0.135082
v 0.021225 1.446568 -0.835377
v 0.034855 1.497522 0.170853
v 0.027553 1.515833 0.118753
v 0.004674 1.507462 0.147719
v 0.015384 1.511517 0.132555
v 0.060655 1.506887 0.146163
v 0.026093 1.522555 0.097368
v 0.022199 1.519939 0.104950
v 0.055300 1.506154 0.148885
v 0.022686 1.506887 0.148691
v 0.018791 1.509529 0.139748
v 0.013437 1.513504 0.125362
v 0.032421 1.516983 0.115448
v 0.053353 1.482560 0.190098
v 0.036316 1.516094 0.118558
v 0.054813 1.521509 0.102617
v 0.136107 1.511281 0.133527
v 0.137567 1.509999 0.137026
v 0.036802 1.522032 0.100284
v 0.117609 1.422058 0.222369
v 0.118582 1.443115 0.215565
v 0.119069 1.456141 0.208761
v 0.036802 1.517664 0.113698
v 0.084994 1.502858 0.157633
v 0.090349 1.503015 0.157050
v 0.027553 1.510523 0.136249
v 0.083534 1.504506 0.152773
v 0.040697 1.515126 0.121863
v 0.038749 1.515597 0.120308
v 0.051893 1.478035 0.196514
v 0.159472 1.529330 -0.477481
v 0.164827 1.529016 -0.472232
v 0.032908 1.481488 -0.299991
v 0.243686 1.543219 -0.512085
v 0.091809 1.528702 0.081427
v 0.094243 1.524988 0.092897
v 0.089862 1.530978 0.068597
v 0.176997 1.521012 0.106311
v 0.093269 1.527028 0.086870
v 0.185272 1.521535 0.105144
v 0.090349 1.530088 0.073651
v 0.087915 1.525798 0.090370
v 0.086454 1.524334 0.094647
v 0.092296 1.529853 0.075012
v 0.243199 1.545103 -0.524527
v 0.247580 1.545495 -0.507808
v 0.169208 1.530219 -0.508002
v 0.247094 1.544867 -0.508002
v 0.233950 1.538459 -0.582848
v 0.165314 1.529591 -0.489729
v 0.245146 1.544109 -0.509169
v 0.087915 1.531239 0.067041
v 0.046538 1.530716 0.068597
v 0.052866 1.530062 0.072679
v 0.049459 1.531108 0.066458
v 0.044104 1.530899 0.067430
v 0.043617 1.535111 0.159188
v 0.056761 1.531396 0.139554
v 0.049459 1.534352 0.151023
v 0.173102 1.553290 -0.005082
v 0.008569 1.534744 0.188543
v 0.014897 1.533672 0.185044
v 0.008569 1.534483 0.187766
v 0.171155 1.530141 -0.507808
v 0.178944 1.522032 -0.368810
v 0.174076 1.523287 -0.385334
v 0.007595 1.478715 0.212066
v 0.004674 1.479526 0.213816
v 0.006135 1.476126 0.212260
v 0.009542 1.482351 0.211677
v 0.179917 1.494880 -0.121141
v 0.172129 1.503905 -0.132027
v 0.179430 1.500583 -0.120752
v 0.175049 1.502885 -0.127750
v 0.182838 1.497156 -0.114920
v 0.173589 1.502152 -0.131055
v 0.182838 1.527420 -0.441128
v 0.182838 1.524517 -0.401664
v 0.182838 1.523392 -0.386889
v 0.177970 1.527028 -0.437045
v 0.179430 1.525746 -0.418771
v 0.232977 1.539871 -0.580126
v 0.043617 1.532181 0.060237
v 0.076719 1.530298 0.072096
v 0.047998 1.531187 0.066069
v 0.072824 1.529408 0.076956
v 0.006135 1.531370 0.177657
v 0.008082 1.532207 0.180378
v 0.013923 1.533280 0.183683
v 0.002241 1.534849 0.188932
v 0.013437 1.533463 0.184266
v 0.023659 1.477643 0.201179
v 0.134159 1.531108 -0.495172
v 0.135620 1.532076 -0.520250
v 0.021225 1.482063 0.203901
v 0.028527 1.477433 0.197680
v 0.027067 1.479997 0.199430
v 0.016844 1.488890 0.208178
v 0.016844 1.491375 0.208956
v 0.011003 1.485464 0.211288
v 0.012950 1.489126 0.210900
v 0.016357 1.491088 0.209150
v 0.013923 1.491218 0.210705
v 0.186245 1.520384 0.108255
v 0.187219 1.519442 0.110976
v 0.028527 1.494619 0.176685
v 0.170668 1.517559 0.116031
v 0.165800 1.516486 0.118947
v 0.190627 1.520802 0.107088
v 0.171642 1.516565 0.118753
v 0.185272 1.520855 0.106894
v 0.058221 1.528702 0.082594
v 0.060655 1.528597 0.081427
v 0.082560 1.531684 0.064320
v 0.069904 1.527891 0.084149
v 0.069904 1.529277 0.077734
v 0.090349 1.530507 0.071124
v 0.046538 1.531736 0.062959
v 0.013923 1.533855 0.185627
v 0.003701 1.531658 0.178629
v 0.015871 1.534012 0.186016
v 0.012463 1.533620 0.184850
v 0.165314 1.446463 0.213427
v 0.150710 1.505082 0.150829
v 0.143895 1.510993 0.134305
v 0.143895 1.504323 0.152967
v 0.049946 1.522346 0.100090
v 0.029987 1.509738 0.138776
v 0.047025 1.480808 0.193209
v 0.031934 1.509058 0.141109
v 0.022686 1.433070 -0.848985
v 0.025119 1.435189 -0.942104
v 0.240765 1.542461 -0.526276
v 0.237845 1.543010 -0.542995
v 0.194034 1.536654 0.149468
v 0.192087 1.536105 0.150829
v 0.172615 1.528048 -0.451820
v 0.232977 1.541493 -0.576821
v 0.065036 1.528283 0.082788
v 0.061142 1.528937 0.079483
v 0.067470 1.529147 0.078511
v 0.064549 1.529382 0.076956
v 0.011003 1.534483 0.187766
v 0.014897 1.534561 0.187766
v 0.015384 1.534352 0.187182
v 0.011489 1.431370 0.194375
v 0.013923 1.443847 0.192626
v 0.015871 1.534378 0.187182
v 0.009542 1.429408 0.195542
v 0.010516 1.533253 0.183683
v 0.003701 1.532102 0.180184
v 0.005161 1.532286 0.180767
v 0.009056 1.532887 0.182517
v 0.015871 1.534326 0.187182
v 0.006622 1.532547 0.181545
v 0.010516 1.433515 0.194958
v 0.015871 1.534457 0.187571
v 0.108847 1.554833 0.092119
v 0.181378 1.457292 0.207011
v 0.140001 1.554807 0.053239
v 0.013437 1.528493 -0.430630
v 0.167261 1.515597 0.121669
v 0.102032 1.504166 0.153551
v 0.015871 1.528676 -0.427131
v 0.011976 1.489701 0.211677
v 0.108847 1.505291 0.150246
v 0.017331 1.491611 0.208761
v 0.014410 1.490931 0.210316
v 0.056274 1.530193 0.138970
v 0.056274 1.530428 0.138970
v 0.046538 1.534823 0.155300
v 0.056761 1.530611 0.138776
v 0.169208 1.551511 0.003666
v 0.047025 1.535241 0.155106
v 0.009542 1.486484 0.212260
v 0.013923 1.488786 0.210316
v 0.011003 1.530036 -0.492839
v 0.202309 1.551904 -0.075650
v 0.184785 1.551459 -0.033854
v 0.178457 1.551459 -0.018496
v 0.092296 1.439087 0.218481
v 0.190140 1.521456 0.105339
v 0.183325 1.532442 -0.050961
v 0.183812 1.531841 -0.053877
v 0.170182 1.536026 -0.015580
v 0.015871 1.530062 -0.473010
v 0.172615 1.494226 -0.134749
v 0.174076 1.496267 -0.131444
v 0.016357 1.529591 -0.455125
v 0.015384 1.528493 -0.422660
v 0.016844 1.529304 -0.442294
v 0.013437 1.529644 -0.470483
v 0.018304 1.528990 -0.426548
v 0.106899 1.506599 0.146552
v 0.177483 1.543847 -0.023356
v 0.165314 1.539296 0.002111
v 0.178944 1.534797 -0.037742
v 0.170668 1.539086 -0.011692
v 0.018304 1.529670 -0.449682
v 0.018304 1.529251 -0.435490
v 0.015384 1.530298 -0.482341
v 0.008082 1.528623 -0.459207
v 0.018304 1.530062 -0.461929
v 0.014897 1.529382 -0.453958
v 0.178457 1.550020 -0.019662
v 0.053353 1.533776 0.146163
v 0.026580 1.476021 0.198652
v 0.019765 1.485595 0.205456
v 0.055787 1.533280 0.142859
v 0.029987 1.534326 0.174546
v 0.051893 1.534247 0.148496
v 0.045564 1.534823 0.156661
v 0.044104 1.535398 0.158605
v 0.050919 1.535084 0.150051
v 0.011003 1.534718 0.188349
v 0.014410 1.533750 0.185238
v 0.029501 1.534823 0.175907
v 0.027553 1.534012 0.177073
v 0.194521 1.549942 -0.058932
v 0.024633 1.533776 0.180767
v 0.035829 1.534770 0.167936
v 0.027067 1.534849 0.178629
v 0.066496 1.530114 0.126723
v 0.056761 1.532181 0.140526
v 0.060655 1.529827 0.133527
v 0.066983 1.530350 0.126529
v 0.240279 1.540473 -0.534636
v 0.176510 1.528179 -0.453375
v 0.197928 1.482508 -0.088675
v 0.177970 1.484391 -0.125223
v 0.190627 1.482403 -0.099368
v 0.176023 1.485725 -0.128722
v 0.176023 1.484496 -0.128917
v 0.194521 1.484810 -0.093535
v 0.159959 1.477250 0.192820
v 0.182351 1.439270 0.214982
v 0.201823 1.432260 0.216732
v 0.174076 1.442723 0.214204
v 0.088402 1.553761 0.119141
v 0.167261 1.475707 0.194764
v 0.112254 1.554886 0.088037
v 0.190140 1.521116 0.106311
v 0.209124 1.422215 0.218676
v 0.029501 1.529434 0.074234
v 0.166774 1.458025 0.206623
v 0.173589 1.460117 0.205262
v 0.018791 1.530245 -0.466595
v 0.014410 1.530585 -0.498282
v 0.180404 1.545181 -0.028799
v 0.184785 1.547405 -0.037742
v 0.176023 1.546175 -0.017524
v 0.175049 1.545390 -0.015580
v 0.212045 1.552296 -0.097812
v 0.173102 1.543926 -0.011692
v 0.177970 1.548765 -0.021023
v 0.186245 1.550099 -0.038131
v 0.016357 1.538145 0.195736
v 0.216913 1.552034 -0.108893
v 0.221294 1.552714 -0.118808
v 0.212045 1.551668 -0.098784
v 0.015871 1.537543 0.195347
v 0.193547 1.551668 -0.054849
v 0.176997 1.547274 -0.018690
v 0.175049 1.542461 -0.017718
v 0.167748 1.542121 -0.001388
v 0.012463 1.435895 0.193792
v 0.011489 1.532364 0.180767
v 0.002727 1.534457 0.187766
v 0.010029 1.532599 0.181545
v 0.012950 1.534430 0.187571
v 0.006622 1.421561 0.197680
v 0.011976 1.437570 0.193986
v 0.003701 1.410157 0.199819
v 0.012950 1.534614 0.188154
v 0.006135 1.534797 0.188738
v 0.012950 1.439113 0.193209
v 0.015384 1.533986 0.186016
v 0.014897 1.534064 0.186210
v 0.061628 1.452558 0.150635
v 0.015871 1.534221 0.186599
v 0.064062 1.454363 0.150635
v 0.066496 1.451067 0.148885
v 0.062602 1.405657 0.142275
v 0.067470 1.432390 0.144608
v 0.066983 1.445914 0.147135
v 0.068443 1.445888 0.146747
v 0.067470 1.402911 0.140720
v 0.067470 1.420646 0.142470
v 0.008569 1.425092 0.196514
v 0.012950 1.439924 0.193403
v 0.012950 1.532809 0.182322
v 0.128318 1.532102 -0.510530
v 0.134646 1.531579 -0.507225
v 0.190627 1.538249 0.151607
v 0.192087 1.537543 0.150635
v 0.011489 1.533044 0.182906
v 0.189653 1.538773 0.152384
v 0.003701 1.476832 0.214010
v 0.009542 1.474975 0.209539
v 0.007595 1.483319 0.213038
v 0.195008 1.538328 0.148691
v 0.025119 1.475079 0.199430
v 0.010029 1.477930 0.209928
v 0.013437 1.438145 0.192820
v 0.014897 1.488629 0.209539
v 0.133186 1.532939 -0.534441
v 0.012950 1.428859 0.193403
v 0.013437 1.433594 0.193014
v 0.024633 1.478532 0.200402
v 0.015871 1.488629 0.208761
v 0.021712 1.482560 0.203318
v 0.018304 1.489361 0.207400
v 0.024146 1.483842 0.202151
v 0.021712 1.486929 0.204484
v 0.019278 1.489911 0.207011
v 0.011489 1.481880 0.210122
v 0.018304 1.485202 0.206428
v 0.011976 1.416957 0.194181
v 0.129778 1.533070 -0.528998
v 0.130265 1.531919 -0.509169
v 0.005648 1.534483 0.187766
v 0.005648 1.531841 0.179212
v 0.182838 1.536366 0.157050
v 0.184785 1.536340 0.155884
v 0.009056 1.531789 0.179017
v 0.014897 1.484653 0.208372
v 0.013923 1.484653 0.209150
v 0.106899 1.530036 -0.452209
v 0.025606 1.539610 0.186405
v 0.021712 1.540133 0.191654
v 0.014410 1.534404 0.187377
v 0.069904 1.416565 0.141303
v 0.066009 1.446751 0.147524
v 0.011003 1.426322 0.194958
v 0.058221 1.449523 0.150440
v 0.051406 1.438930 0.149857
v 0.054327 1.444606 0.150051
v 0.065523 1.434954 0.145580
v 0.066983 1.451119 0.148691
v 0.127831 1.531265 -0.492256
v 0.069904 1.391428 0.139165
v 0.130752 1.532992 -0.530164
v 0.130265 1.531292 -0.494977
v 0.123450 1.531318 -0.490506
v 0.069417 1.433097 0.144219
v 0.064549 1.421692 0.143247
v 0.064062 1.402859 0.141498
v 0.067470 1.451511 0.148691
v 0.122963 1.531893 -0.503337
v 0.133186 1.532390 -0.523360
v 0.192574 1.538851 0.150051
v 0.012950 1.481592 0.208956
v 0.108847 1.531239 -0.483313
v 0.191600 1.446934 0.212844
v 0.196468 1.441624 0.214204
v 0.159959 1.468801 0.199819
v 0.015384 1.492840 0.210316
v 0.013437 1.491663 0.211288
v 0.012463 1.484914 0.210122
v 0.094730 1.501394 0.161132
v 0.015384 1.490852 0.209928
v 0.092783 1.453944 0.211677
v 0.015871 1.490852 0.209539
v 0.205230 1.416801 0.219648
v 0.012463 1.530376 -0.497699
v 0.012463 1.528964 -0.450654
v 0.017818 1.529042 -0.431602
v 0.180891 1.533384 -0.044546
v 0.162880 1.508299 0.142081
v 0.153631 1.502283 0.158411
v 0.158985 1.499876 0.162299
v 0.161419 1.495011 0.169103
v 0.166774 1.479291 0.190098
v 0.181378 1.535974 0.158216
v 0.011976 1.477721 0.208567
v 0.112254 1.531344 -0.487785
v 0.184298 1.535921 0.156078
v 0.192574 1.538302 0.150246
v 0.117122 1.531265 -0.487396
v 0.165314 1.502545 -0.142136
v 0.177970 1.488132 -0.125223
v 0.180404 1.484810 -0.120169
v 0.194521 1.479081 -0.091786
v 0.176997 1.486458 -0.127167
v 0.170668 1.502937 -0.134749
v 0.176023 1.492317 -0.128334
v 0.094730 1.503120 0.156467
v 0.098137 1.502021 0.159577
v 0.024633 1.499876 0.168909
v 0.098137 1.503643 0.155106
v 0.029014 1.496241 0.173963
v 0.165800 1.403905 0.223925
v 0.201336 1.419364 0.219648
v 0.086941 1.441389 0.217704
v 0.011489 1.528545 -0.440156
v 0.087915 1.449210 0.214982
v 0.205230 1.421980 0.219064
v 0.209124 1.425773 0.218092
v 0.092783 1.447352 0.215760
v 0.174076 1.416016 0.221397
v 0.022686 1.499249 0.170464
v 0.165800 1.433018 0.217509
v 0.174076 1.430481 0.217898
v 0.024633 1.498621 0.171241
v 0.165800 1.416801 0.221786
v 0.027553 1.493389 0.179017
v 0.205230 1.425276 0.218287
v 0.082073 1.531475 0.065486
v 0.084020 1.531867 0.063348
v 0.079153 1.531056 0.067625
v 0.058221 1.528964 0.079094
v 0.060168 1.529147 0.078122
v 0.233950 1.543089 -0.564768
v 0.175536 1.525877 -0.421104
v 0.015871 1.529513 -0.455125
v 0.009056 1.529094 -0.469705
v 0.017818 1.528676 -0.418383
v 0.016844 1.528885 -0.429464
v 0.010516 1.528414 -0.441905
v 0.014410 1.529905 -0.473982
v 0.150710 1.508038 0.142664
v 0.150223 1.490643 0.175129
v 0.143408 1.484496 0.183489
v 0.015871 1.497627 0.174935
v 0.005161 1.500478 0.170658
v 0.003214 1.499196 0.173185
v 0.013437 1.504271 0.158411
v 0.014897 1.499536 0.171436
v 0.039723 1.529565 0.074817
v 0.013923 1.505082 0.155689
v 0.169695 1.540420 -0.007026
v 0.186732 1.547378 -0.042407
v 0.172615 1.541101 -0.013830
v 0.185759 1.546463 -0.039880
v 0.015384 1.501472 0.167742
v 0.006135 1.504873 0.157050
v 0.017331 1.517350 0.112532
v 0.017818 1.511464 0.132944
v 0.049946 1.507410 0.145386
v 0.008082 1.541258 0.210122
v 0.021712 1.533358 0.183878
v 0.019765 1.532992 0.185822
v 0.018304 1.533776 0.188543
v 0.003701 1.500766 0.170464
v 0.138054 1.496162 0.168131
v 0.017818 1.496921 0.175713
v 0.143408 1.501760 0.160160
v 0.150710 1.484287 0.183683
v 0.079639 1.532704 0.114476
v 0.055787 1.530167 0.139165
v 0.061142 1.529644 0.132750
v 0.031448 1.534378 0.172602
v 0.240765 1.521796 -0.011497
v 0.006135 1.541990 0.213621
v 0.224215 1.553081 -0.125417
v 0.232003 1.526008 -0.030160
v 0.035342 1.554493 0.201374
v 0.004674 1.497444 0.176101
v 0.008569 1.499746 0.171630
v 0.046051 1.523026 0.097757
v 0.137080 1.462811 0.204095
v 0.136107 1.418736 0.222758
v 0.042157 1.522346 0.099701
v 0.143408 1.496633 0.167548
v 0.148763 1.502126 0.158994
v 0.143895 1.507070 0.145191
v 0.150223 1.512040 0.131389
v 0.127831 1.514237 0.124779
v 0.191600 1.535791 0.151023
v 0.242713 1.542042 -0.513835
v 0.235898 1.544736 -0.559325
v 0.195494 1.536758 0.148302
v 0.240765 1.542932 -0.527637
v 0.195008 1.536732 0.148885
v 0.003214 1.498124 0.174935
v 0.047512 1.552479 0.177657
v 0.010516 1.499301 0.172213
v 0.020252 1.497418 0.173963
v 0.006622 1.498856 0.173574
v 0.036316 1.554284 0.199235
v 0.031448 1.534273 0.172602
v 0.029987 1.534117 0.174352
v 0.003214 1.497208 0.176490
v 0.035829 1.554650 0.200985
v 0.011003 1.498176 0.174157
v 0.016844 1.531710 -0.523555
v 0.022686 1.494436 0.178434
v 0.018791 1.550622 0.214982
v 0.026580 1.492474 0.180573
v 0.018304 1.498202 0.173185
v 0.045078 1.521744 0.101645
v 0.043131 1.523627 0.095813
v 0.037776 1.524308 0.093286
v 0.037289 1.523130 0.096785
v 0.040697 1.523889 0.094841
v 0.026093 1.524674 0.090564
v 0.022199 1.524020 0.092119
v 0.136107 1.403277 0.225285
v 0.136593 1.433227 0.218481
v 0.160933 1.515440 0.121863
v 0.163853 1.504951 -0.141942
v 0.156552 1.513348 0.127695
v 0.040210 1.553787 0.192820
v 0.039723 1.554127 0.194570
v 0.007108 1.496659 0.177268
v 0.037289 1.554493 0.198847
v 0.159472 1.411020 0.223341
v 0.191600 1.418605 0.220036
v 0.103979 1.517480 0.114670
v 0.035829 1.531762 0.062181
v 0.093756 1.525851 0.090370
v 0.164340 1.518527 0.113309
v 0.152170 1.516957 0.117586
v 0.174563 1.554781 -0.007026
v 0.100571 1.505710 0.149079
v 0.085481 1.530638 0.070346
v 0.078179 1.525432 0.091342
v 0.084020 1.530742 0.069763
v 0.039236 1.528807 0.079094
v 0.044104 1.524909 0.091925
v 0.013437 1.520436 0.101451
v 0.016844 1.522921 0.094258
v 0.012950 1.522110 0.096007
v 0.039723 1.522633 0.098535
v 0.182351 1.428336 0.218092
v 0.159472 1.398412 0.225480
v 0.005161 1.499118 0.173185
v 0.009056 1.498569 0.173769
v 0.005161 1.498098 0.174935
v 0.037776 1.554101 0.197097
v 0.158012 1.517820 0.115253
v 0.159472 1.516643 0.118558
v 0.181864 1.405841 0.222369
v 0.159959 1.431056 0.218481
v 0.034855 1.530742 0.067625
v 0.191600 1.407384 0.221592
v 0.179430 1.518553 0.113309
v 0.075745 1.525772 0.090370
v 0.019278 1.525798 0.085898
v 0.029501 1.527865 0.081622
v 0.016357 1.526479 0.083177
v 0.179917 1.517559 0.116225
v 0.172129 1.515283 0.122446
v 0.167261 1.503695 -0.138831
v 0.078666 1.450988 0.214399
v 0.080126 1.454729 0.211872
v 0.171642 1.506050 -0.131833
v 0.136593 1.528388 -0.430824
v 0.118095 1.528074 -0.413717
v 0.133186 1.530376 -0.476315
v 0.113714 1.528964 -0.428686
v 0.015871 1.457345 -0.837321
v 0.015871 1.460065 -0.845291
v 0.060168 1.529382 0.133527
v 0.056274 1.530559 0.139554
v 0.013923 1.528807 -0.439378
v 0.170182 1.502152 -0.136304
v 0.184298 1.484130 -0.112587
v 0.173589 1.492108 -0.132999
v 0.176997 1.498516 -0.126001
v 0.085481 1.457501 0.209928
v 0.201823 1.408639 0.220814
v 0.173589 1.404376 0.223147
v 0.024146 1.497156 0.173574
v 0.023659 1.495587 0.176296
v 0.087428 1.533149 0.105922
v 0.090349 1.533332 0.102812
v 0.058708 1.511569 0.132944
v 0.052866 1.513008 0.128667
v 0.006622 1.541676 0.212649
v 0.018791 1.530795 -0.485452
v 0.136593 1.451851 0.211094
v 0.132212 1.479657 0.189904
v 0.137567 1.479448 0.190098
v 0.137080 1.473745 0.196903
v 0.011489 1.461268 -1.003730
v 0.055787 1.530376 0.139359
v 0.063089 1.530324 0.130806
v 0.067957 1.530559 0.125557
v 0.010029 1.463779 -0.298242
v 0.033395 1.479657 -0.291632
v 0.008569 1.462131 -0.304074
v 0.031934 1.479997 -0.298630
v 0.029014 1.513034 0.128084
v 0.021225 1.501995 0.165604
v 0.025119 1.502361 0.163660
v 0.027553 1.513374 0.126917
v 0.085968 1.510575 0.134888
v 0.072338 1.510549 0.135860
v 0.067957 1.513269 0.127695
v 0.041183 1.543638 0.172602
v 0.009542 1.497836 0.175518
v 0.017818 1.531344 -0.508002
v 0.087428 1.530324 0.072096
v 0.099111 1.442435 0.216926
v 0.161906 1.504009 -0.145052
v 0.023172 1.526714 0.083760
v 0.017818 1.521142 0.100090
v 0.041183 1.525145 0.090953
v 0.143408 1.490538 0.175518
v 0.040697 1.553944 0.192626
v 0.013923 1.529225 -0.454153
v 0.098137 1.523497 0.096979
v 0.099111 1.522503 0.099895
v 0.096677 1.519573 0.108644
v 0.117122 1.519573 0.108838
v 0.144382 1.514472 0.124390
v 0.144382 1.515833 0.120502
v 0.131725 1.517820 0.114670
v 0.127344 1.518082 0.113698
v 0.145842 1.554833 0.045851
v 0.149250 1.379919 0.228201
v 0.173589 1.554022 -0.005665
v 0.076719 1.521613 0.102617
v 0.145842 1.406913 0.224897
v 0.150710 1.510967 0.134305
v 0.132699 1.484601 0.183489
v 0.030474 1.425720 -0.812243
v 0.037289 1.415702 -1.000231
v 0.158012 1.509189 0.139359
v 0.046051 1.513557 0.126917
v 0.138540 1.508875 0.140137
v 0.161906 1.535581 0.005027
v 0.055300 1.512066 0.131389
v 0.227622 1.553368 -0.132416
v 0.033395 1.386824 -0.798829
v 0.038749 1.430141 -1.247705
v 0.036802 1.428414 -1.069438
v 0.031934 1.377904 -0.755477
v 0.124910 1.539374 0.065292
v 0.037776 1.434117 -1.197938
v 0.173589 1.534692 -0.024328
v 0.032908 1.436419 -0.936466
v 0.181864 1.533463 -0.046101
v 0.032908 1.438668 -0.953574
v 0.167748 1.507750 0.143636
v 0.206690 1.551145 -0.087120
v 0.189166 1.548765 -0.046296
v 0.121503 1.510784 0.134499
v 0.131725 1.508979 0.139942
v 0.126858 1.506913 0.145775
v 0.102518 1.513688 0.125945
v 0.090349 1.517794 0.114087
v 0.094243 1.514891 0.121669
v 0.127831 1.511804 0.131778
v 0.096190 1.534012 0.096396
v 0.132699 1.533698 0.052461
v 0.103005 1.534143 0.088620
v 0.059681 1.501054 0.162882
v 0.180404 1.534247 -0.042213
v 0.179430 1.543795 -0.027438
v 0.173589 1.537700 -0.021412
v 0.176510 1.542435 -0.021606
v 0.045564 1.515466 0.120891
v 0.100084 1.494567 0.170658
v 0.064549 1.511072 0.134694
v 0.079153 1.511621 0.131389
v 0.082560 1.508247 0.141886
v 0.096677 1.481279 0.189321
v 0.078179 1.509293 0.138970
v 0.093756 1.493991 0.171825
v 0.093756 1.496790 0.167742
v 0.015384 1.434980 -0.687047
v 0.023659 1.434143 -0.884950
v 0.024633 1.434535 -0.914888
v 0.016844 1.428519 -0.711153
v 0.119069 1.547038 0.076567
v 0.105439 1.503120 0.156467
v 0.097650 1.543586 0.101840
v 0.093756 1.548032 0.109616
v 0.052866 1.520201 0.106505
v 0.048485 1.521064 0.103784
v 0.105926 1.499144 0.164048
v 0.118095 1.430245 0.219842
v 0.118095 1.545312 0.076956
v 0.093269 1.546803 0.109032
v 0.209124 1.417219 0.219259
v 0.097650 1.545443 0.103006
v 0.034368 1.400243 -0.851124
v 0.115175 1.509764 0.137415
v 0.031934 1.430219 -0.888060
v 0.028527 1.425799 -0.765586
v 0.194521 1.549471 -0.059321
v 0.031448 1.426086 -0.846458
v 0.194034 1.549628 -0.057376
v 0.015871 1.438145 -0.700267
v 0.094730 1.471653 0.200013
v 0.099598 1.491585 0.174935
v 0.091809 1.488472 0.179795
v 0.179430 1.534875 -0.038714
v 0.180891 1.534300 -0.043185
v 0.008082 1.497208 0.176101
v 0.220320 1.554362 -0.116864
v 0.034855 1.398490 -0.867842
v 0.028040 1.443220 -0.833238
v 0.036316 1.406207 -0.924025
v 0.050919 1.518971 0.110199
v 0.112254 1.457711 0.207983
v 0.037776 1.518971 0.109616
v 0.111280 1.433986 0.218870
v 0.086941 1.496450 0.168325
v 0.077205 1.491742 0.175518
v 0.079153 1.496685 0.168325
v 0.120529 1.549706 0.076373
v 0.134159 1.515283 0.121863
v 0.131239 1.516826 0.117392
v 0.100084 1.521587 0.102617
v 0.121016 1.516434 0.118169
v 0.143408 1.516643 0.118169
v 0.164827 1.517925 0.115059
v 0.202309 1.554310 -0.073901
v 0.170668 1.554781 0.002500
v 0.211558 1.554284 -0.096063
v 0.053840 1.552427 0.166770
v 0.186732 1.554572 -0.036187
v 0.031448 1.529434 0.074429
v 0.033882 1.527917 0.082010
v 0.027553 1.528728 0.077928
v 0.158499 1.502571 -0.149718
v 0.161906 1.501184 -0.146802
v 0.013437 1.525798 0.084732
v 0.099111 1.451459 0.212844
v 0.100084 1.460823 0.206623
v 0.170182 1.507017 -0.133582
v 0.141461 1.527525 -0.424215
v 0.109333 1.529539 -0.441128
v 0.126371 1.529199 -0.441517
v 0.128805 1.526139 -0.396221
v 0.123450 1.526976 -0.403025
v 0.121016 1.529487 -0.445405
v 0.157038 1.554545 0.032632
v 0.098624 1.521639 0.102423
v 0.107873 1.518762 0.110976
v 0.102518 1.520933 0.104561
v 0.088402 1.521430 0.103200
v 0.107873 1.519495 0.108838
v 0.093756 1.523994 0.095619
v 0.142435 1.521613 -0.358118
v 0.112741 1.530324 -0.462512
v 0.146329 1.526609 -0.416633
v 0.118095 1.530481 -0.468344
v 0.050432 1.529199 0.077539
v 0.055787 1.528964 0.079289
v 0.073311 1.523915 0.095813
v 0.035829 1.531448 0.063931
v 0.006135 1.497287 0.176296
v 0.034855 1.531265 0.064709
v 0.071364 1.522424 0.100284
v 0.042644 1.519338 0.108838
v 0.038749 1.520332 0.105533
v 0.073798 1.521953 0.101645
v 0.039236 1.521483 0.102034
v 0.017331 1.434849 -0.723790
v 0.017331 1.443795 -0.729427
v 0.173102 1.462681 0.203707
v 0.093756 1.549131 0.110393
v 0.099598 1.516225 0.118558
v 0.130265 1.510339 0.136054
v 0.126371 1.508064 0.142470
v 0.127831 1.504925 0.151412
v 0.126858 1.489623 0.177073
v 0.017818 1.442356 -0.738759
v 0.036316 1.424229 -0.983318
v 0.028040 1.425720 -0.757421
v 0.029501 1.398490 -0.738759
v 0.030961 1.399223 -0.758199
v 0.097650 1.484810 0.184461
v 0.090349 1.485385 0.184072
v 0.086941 1.474216 0.198847
v 0.137567 1.549288 0.054794
v 0.138540 1.506390 0.147135
v 0.132699 1.507907 0.142859
v 0.067957 1.543821 0.139359
v 0.164827 1.510392 0.136054
v 0.028527 1.553185 0.207983
v 0.169208 1.512641 0.129834
v 0.014410 1.498045 0.174157
v 0.016357 1.528519 -0.418188
v 0.159959 1.548686 0.023690
v 0.012463 1.499406 0.172019
v 0.158012 1.505945 0.148496
v 0.170668 1.519233 0.111365
v 0.177483 1.514237 0.125557
v 0.078179 1.553290 0.132166
v 0.100084 1.554389 0.103200
v 0.093756 1.554022 0.111560
v 0.116635 1.554859 0.082399
v 0.122477 1.554833 0.074817
v 0.157525 1.554938 0.032243
v 0.151684 1.554493 0.038853
v 0.174076 1.554545 -0.006054
v 0.040210 1.553473 0.191848
v 0.062602 1.552662 0.153551
v 0.224702 1.552924 -0.126584
v 0.083047 1.553525 0.125945
v 0.104465 1.554650 0.097757
v 0.058221 1.552558 0.160160
v 0.073798 1.553055 0.138387
v 0.068443 1.552871 0.145580
v 0.041183 1.521142 0.103200
v 0.007108 1.500164 0.171047
v 0.039723 1.553421 0.192626
v 0.144382 1.509869 0.137415
v 0.038749 1.554310 0.196514
v 0.153631 1.405501 0.224897
v 0.003701 1.501995 0.167742
v 0.010516 1.500949 0.169297
v 0.165800 1.532102 -0.009165
v 0.141948 1.430926 0.219259
v 0.133186 1.495639 0.168909
v 0.063089 1.509189 0.139942
v 0.241252 1.524255 -0.012469
v 0.231516 1.525642 -0.031132
v 0.226649 1.526662 -0.041047
v 0.241739 1.523314 -0.011303
v 0.044591 1.543638 0.168520
v 0.154604 1.548817 0.034382
v 0.167748 1.548529 0.005610
v 0.148276 1.547692 0.041380
v 0.153631 1.547535 0.034576
v 0.165314 1.517088 0.117392
v 0.040697 1.553159 0.190098
v 0.155091 1.497287 0.166187
v 0.006622 1.497889 0.175324
v 0.038749 1.553918 0.194958
v 0.040210 1.519939 0.106894
v 0.044104 1.520541 0.105144
v 0.130265 1.423366 0.221592
v 0.066983 1.507750 0.144025
v 0.153144 1.389728 0.227229
v 0.138054 1.490329 0.175907
v 0.153631 1.429408 0.219453
v 0.149737 1.401577 0.225869
v 0.141461 1.397104 0.226646
v 0.110794 1.540211 0.082594
v 0.136593 1.513269 0.127695
v 0.155091 1.533698 0.019413
v 0.238331 1.524517 -0.017913
v 0.227622 1.553185 -0.133194
v 0.239792 1.524517 -0.015191
v 0.138540 1.551642 0.054405
v 0.021225 1.495299 0.177657
v 0.124424 1.426636 0.220814
v 0.124910 1.454703 0.209539
v 0.130752 1.435660 0.217704
v 0.141461 1.412197 0.224119
v 0.123937 1.415780 0.223341
v 0.125884 1.474948 0.196319
v 0.131239 1.463884 0.203318
v 0.131725 1.474399 0.196514
v 0.125397 1.465061 0.202735
v 0.149737 1.428441 0.220231
v 0.162880 1.554598 0.021162
v 0.145842 1.429644 0.219648
v 0.166774 1.554912 0.011248
v 0.132699 1.490094 0.176101
v 0.019765 1.496057 0.176685
v 0.031934 1.553761 0.204484
v 0.106413 1.508953 0.139942
v 0.140001 1.535869 0.045268
v 0.144869 1.538223 0.040603
v 0.149250 1.513374 0.127501
v 0.142435 1.512223 0.130806
v 0.120043 1.475289 0.195931
v 0.138054 1.550439 0.054600
v 0.160933 1.550099 0.022718
v 0.094243 1.542670 0.105144
v 0.162393 1.554075 0.021746
v 0.162393 1.553473 0.021746
v 0.103492 1.484574 0.184655
v 0.180891 1.554676 -0.021606
v 0.145355 1.389989 0.227424
v 0.150223 1.448660 0.213232
v 0.020738 1.498856 0.171630
v 0.011976 1.498255 0.173963
v 0.119556 1.508770 0.140331
v 0.119556 1.539139 0.071513
v 0.145842 1.536078 0.037687
v 0.167261 1.534614 -0.008776
v 0.164340 1.536994 0.000944
v 0.133186 1.503172 0.156272
v 0.138054 1.484548 0.183489
v 0.208638 1.429068 0.217509
v 0.205230 1.428519 0.217704
v 0.124910 1.439217 0.216732
v 0.121016 1.484391 0.184072
v 0.126371 1.479735 0.190098
v 0.121016 1.489152 0.177851
v 0.127344 1.494776 0.170269
v 0.103005 1.480860 0.189515
v 0.120043 1.548791 0.076373
v 0.126858 1.484496 0.183878
v 0.121503 1.498124 0.165604
v 0.127344 1.502623 0.158022
v 0.121990 1.502048 0.159577
v 0.127344 1.499144 0.164048
v 0.152170 1.554886 0.038659
v 0.194521 1.554415 -0.055044
v 0.223728 1.554179 -0.124251
v 0.134159 1.554781 0.060820
v 0.241252 1.519861 -0.008387
v 0.235411 1.524909 -0.023162
v 0.064062 1.543219 0.143247
v 0.157038 1.554048 0.032826
v 0.182351 1.545129 -0.033271
v 0.212532 1.551537 -0.099756
v 0.202309 1.550360 -0.077789
v 0.195494 1.549785 -0.061070
v 0.222268 1.552505 -0.120946
v 0.217400 1.551930 -0.110060
v 0.037776 1.424962 -1.094322
v 0.095703 1.477721 0.193986
v 0.176023 1.512667 0.130028
v 0.185759 1.451067 0.210705
v 0.020738 1.450047 -0.817492
v 0.019765 1.444344 -0.776278
v 0.025119 1.449340 -0.960961
v 0.021225 1.430873 -0.808355
v 0.105439 1.501786 0.160355
v 0.101545 1.502518 0.158216
v 0.104465 1.491872 0.174546
v 0.104465 1.488184 0.179601
v 0.085481 1.501132 0.161716
v 0.085968 1.516513 0.117975
v 0.068930 1.518841 0.110976
v 0.071851 1.520358 0.106505
v 0.082560 1.518919 0.110782
v 0.078666 1.517533 0.114864
v 0.108847 1.514708 0.123029
v 0.162880 1.554938 0.020385
v 0.039236 1.508378 0.142859
v 0.050432 1.509450 0.139165
v 0.053840 1.501158 0.163076
v 0.034855 1.509869 0.138387
v 0.048972 1.517768 0.113892
v 0.070391 1.472856 0.200985
v 0.063089 1.473981 0.200596
v 0.189653 1.528650 -0.071957
v 0.053840 1.526217 0.088620
v 0.067957 1.463675 0.207206
v 0.047512 1.524281 0.093869
v 0.051406 1.523627 0.096202
v 0.045564 1.518631 0.111171
v 0.049459 1.526714 0.086870
v 0.073311 1.512929 0.128667
v 0.029014 1.511438 0.133333
v 0.044591 1.526034 0.088620
v 0.042644 1.516251 0.118364
v 0.101058 1.498438 0.165215
v 0.045564 1.527133 0.085510
v 0.038263 1.532599 0.057710
v 0.091809 1.509319 0.138582
v 0.092783 1.491140 0.175907
v 0.078666 1.502780 0.157828
v 0.075258 1.504297 0.153551
v 0.096677 1.505265 0.150440
v 0.087428 1.506913 0.145775
v 0.065036 1.505343 0.151412
v 0.025606 1.417611 -0.922081
v 0.187219 1.541179 -0.546689
v 0.021712 1.459176 -0.704738
v 0.227135 1.554205 -0.131833
v 0.016357 1.455069 -0.836349
v 0.183812 1.541833 -0.578182
v 0.087915 1.531684 0.064709
v 0.189166 1.541205 -0.548049
v 0.011489 1.454964 -1.020837
v 0.084507 1.450727 0.214399
v 0.083534 1.444789 0.217315
v 0.187219 1.541467 -0.557770
v 0.110307 1.543010 0.085121
v 0.116148 1.501106 0.161327
v 0.111767 1.543795 0.083954
v 0.102032 1.477015 0.194764
v 0.114688 1.480154 0.190098
v 0.110307 1.499850 0.163076
v 0.115662 1.493154 0.172602
v 0.109820 1.488341 0.179406
v 0.115662 1.497313 0.166770
v 0.109820 1.502257 0.158800
v 0.091322 1.511595 0.131972
v 0.106899 1.511020 0.133916
v 0.116148 1.503225 0.156078
v 0.096190 1.512615 0.129056
v 0.216426 1.525642 -0.060487
v 0.158985 1.447431 0.213427
v 0.192087 1.529277 -0.076817
v 0.170182 1.530925 -0.021606
v 0.176023 1.529827 -0.038131
v 0.189166 1.530245 -0.068069
v 0.051893 1.503460 0.157244
v 0.053353 1.502440 0.160160
v 0.059681 1.502466 0.159772
v 0.068930 1.467703 0.204484
v 0.057734 1.503695 0.156272
v 0.062115 1.469900 0.203512
v 0.005648 1.502780 0.164826
v 0.005161 1.501838 0.168131
v 0.004674 1.505788 0.153939
v 0.004674 1.512432 0.128473
v 0.014410 1.508325 0.144219
v 0.004674 1.506939 0.149857
v 0.007595 1.502518 0.165409
v 0.019278 1.504192 0.158022
v 0.005648 1.503643 0.161521
v 0.019765 1.505134 0.154911
v 0.003701 1.503879 0.160938
v 0.041183 1.507514 0.145386
v 0.063576 1.514525 0.124196
v 0.012463 1.509921 0.138387
v 0.048972 1.514655 0.123613
v 0.093756 1.462602 0.206039
v 0.072338 1.500923 0.162299
v 0.011003 1.509869 0.138582
v 0.079153 1.500923 0.161910
v 0.097164 1.508064 0.142275
v 0.043617 1.512458 0.130222
v 0.070877 1.505631 0.149663
v 0.184298 1.541728 -0.571183
v 0.188193 1.541258 -0.549993
v 0.063089 1.490512 0.178045
v 0.188679 1.540996 -0.539690
v 0.186245 1.541336 -0.552715
v 0.184298 1.541755 -0.573127
v 0.183325 1.541676 -0.565740
v 0.185272 1.541571 -0.561852
v 0.186245 1.541598 -0.562630
v 0.185272 1.541702 -0.567879
v 0.185759 1.541467 -0.557770
v 0.183812 1.540656 -0.525499
v 0.114688 1.506233 0.147719
v 0.115175 1.504846 0.151607
v 0.088888 1.513583 0.124973
v 0.121016 1.550857 0.075984
v 0.084020 1.512615 0.128084
v 0.066009 1.517376 0.115448
v 0.063576 1.516068 0.119336
v 0.082073 1.515205 0.121863
v 0.075258 1.516120 0.119141
v 0.055300 1.517925 0.113504
v 0.071364 1.514708 0.123418
v 0.183812 1.532495 -0.052711
v 0.171155 1.539191 -0.013247
v 0.184298 1.531893 -0.055044
v 0.175536 1.537072 -0.026855
v 0.219347 1.526531 -0.055044
v 0.005161 1.543062 0.216343
v 0.222268 1.526923 -0.049406
v 0.229083 1.526322 -0.035603
v 0.064062 1.476989 0.197097
v 0.159472 1.532312 0.006971
v 0.043131 1.509241 0.139942
v 0.007595 1.501551 0.168714
v 0.004674 1.506390 0.151801
v 0.027067 1.511804 0.131972
v 0.016844 1.465244 -0.789887
v 0.085968 1.466290 0.204290
v 0.006622 1.510627 0.135666
v 0.011003 1.512144 0.130222
v 0.010516 1.510575 0.135860
v 0.009056 1.511987 0.130611
v 0.009542 1.510313 0.136832
v 0.005161 1.508979 0.141886
v 0.010516 1.511229 0.133527
v 0.006622 1.509869 0.138387
v 0.031934 1.520776 0.103589
v 0.024633 1.507593 0.146163
v 0.024633 1.508744 0.142275
v 0.029501 1.503905 0.157828
v 0.035829 1.502309 0.162299
v 0.021712 1.508195 0.144608
v 0.034855 1.503722 0.157828
v 0.020252 1.508482 0.143442
v 0.033882 1.518187 0.111948
v 0.030474 1.518239 0.111365
v 0.041670 1.502204 0.161910
v 0.031934 1.507410 0.146358
v 0.066496 1.524595 0.093675
v 0.077205 1.464669 0.206039
v 0.081100 1.480755 0.190876
v 0.075258 1.460117 0.209150
v 0.074285 1.456272 0.211677
v 0.078666 1.471496 0.200985
v 0.039236 1.518658 0.110782
v 0.158499 1.532626 0.009693
v 0.183812 1.528885 -0.058348
v 0.164827 1.531658 -0.007415
v 0.182351 1.528990 -0.054266
v 0.196955 1.526557 -0.105977
v 0.115175 1.533646 0.073262
v 0.198902 1.526295 -0.101117
v 0.201336 1.525877 -0.094702
v 0.165314 1.506808 0.146163
v 0.167748 1.481880 0.186599
v 0.174076 1.511752 0.132555
v 0.017331 1.550282 0.215954
v 0.162393 1.498202 0.164632
v 0.164827 1.484444 0.183489
v 0.015384 1.549942 0.217509
v 0.005161 1.542670 0.215176
v 0.159472 1.484365 0.183489
v 0.017331 1.528937 -0.428492
v 0.011489 1.529304 -0.466011
v 0.012463 1.529251 -0.461346
v 0.015384 1.529016 -0.440156
v 0.159959 1.481331 0.187377
v 0.158499 1.490041 0.175907
v 0.157038 1.502388 0.158216
v 0.191600 1.436471 0.215760
v 0.167261 1.466343 0.201374
v 0.029014 1.528859 0.077539
v 0.038263 1.525458 0.089787
v 0.029987 1.525380 0.089009
v 0.033395 1.525511 0.089203
v 0.159472 1.459019 0.206234
v 0.234437 1.543873 -0.563602
v 0.172129 1.521169 -0.361617
v 0.179917 1.524151 -0.397193
v 0.182838 1.525642 -0.416439
v 0.177970 1.528545 -0.459013
v 0.150223 1.531187 -0.514612
v 0.016844 1.528964 -0.431408
v 0.060168 1.520567 0.105533
v 0.066496 1.519364 0.109421
v 0.070877 1.518605 0.111754
v 0.068930 1.520986 0.104561
v 0.113228 1.467023 0.201957
v 0.108847 1.480468 0.189904
v 0.108360 1.476309 0.195347
v 0.180891 1.515754 0.121280
v 0.161419 1.504219 0.153162
v 0.030474 1.553473 0.206234
v 0.156065 1.504663 0.151995
v 0.010029 1.529513 -0.480008
v 0.016357 1.529173 -0.441905
v 0.181864 1.516800 0.118364
v 0.026093 1.551956 0.208956
v 0.023659 1.551773 0.212066
v 0.020252 1.550883 0.214204
v 0.014897 1.538354 0.198069
v 0.017818 1.535006 0.190487
v 0.066496 1.530088 0.126723
v 0.066983 1.530298 0.126334
v 0.017818 1.534744 0.190098
v 0.014410 1.538694 0.199041
v 0.014410 1.538485 0.198458
v 0.016357 1.537072 0.194764
v 0.085481 1.532835 0.107672
v 0.035829 1.534614 0.167742
v 0.018304 1.534483 0.189515
v 0.017331 1.500740 0.168714
v 0.017818 1.506180 0.151995
v 0.012463 1.500740 0.169492
v 0.008569 1.505893 0.153162
v 0.032908 1.515388 0.120697
v 0.008569 1.507384 0.147719
v 0.006622 1.508168 0.144997
v 0.010029 1.506180 0.151995
v 0.071851 1.476858 0.196708
v 0.050432 1.504480 0.154134
v 0.055300 1.504768 0.153162
v 0.038263 1.513975 0.125362
v 0.010516 1.504192 0.158994
v 0.012950 1.512327 0.129639
v 0.047998 1.482926 0.190098
v 0.054327 1.510235 0.136832
v 0.090349 1.501341 0.161327
v 0.025606 1.510863 0.135082
v 0.047998 1.485359 0.186794
v 0.044591 1.504088 0.155884
v 0.042157 1.504846 0.153745
v 0.024633 1.533620 0.180573
v 0.053353 1.533620 0.146163
v 0.051406 1.533933 0.148496
v 0.056274 1.531187 0.139942
v 0.011489 1.458417 -1.011117
v 0.093756 1.533881 0.099312
v 0.037776 1.508875 0.141498
v 0.040697 1.498281 0.168909
v 0.012950 1.507436 0.147330
v 0.031448 1.512537 0.129639
v 0.003701 1.502937 0.164243
v 0.014410 1.505867 0.152773
v 0.011489 1.509424 0.140137
v 0.009056 1.513112 0.126529
v 0.006135 1.512589 0.128084
v 0.012950 1.508796 0.142470
v 0.007108 1.512746 0.127695
v 0.011003 1.505213 0.155300
v 0.008082 1.512877 0.127112
v 0.038749 1.533123 0.055183
v 0.011976 1.506808 0.149663
v 0.039236 1.533149 0.054988
v 0.040697 1.532652 0.057710
v 0.086454 1.531265 0.066847
v 0.086941 1.531710 0.064514
v 0.084994 1.531448 0.065681
v 0.016844 1.502989 0.162688
v 0.086454 1.531762 0.064125
v 0.017818 1.505213 0.154911
v 0.018791 1.502545 0.164048
v 0.021712 1.507096 0.148302
v 0.065523 1.479866 0.192820
v 0.009542 1.511124 0.133916
v 0.006622 1.509058 0.141498
v 0.034368 1.496057 0.173185
v 0.072338 1.497104 0.168131
v 0.056761 1.508273 0.142470
v 0.012950 1.502204 0.165992
v 0.010516 1.508901 0.142081
v 0.008082 1.504611 0.157828
v 0.009056 1.508535 0.143442
v 0.017331 1.504323 0.158411
v 0.012950 1.502832 0.163465
v 0.020252 1.507358 0.147913
v 0.014897 1.506782 0.149468
v 0.017331 1.506704 0.149663
v 0.024146 1.506494 0.150440
v 0.019765 1.505945 0.152773
v 0.130752 1.533436 0.054211
v 0.077692 1.532547 0.116420
v 0.136107 1.533907 0.048573
v 0.121016 1.533803 0.066653
v 0.075258 1.532233 0.118558
v 0.143895 1.533489 0.038659
v 0.007108 1.511673 0.131583
v 0.005161 1.511412 0.132555
v 0.007595 1.509136 0.141303
v 0.034855 1.511700 0.132361
v 0.045564 1.495168 0.172991
v 0.046051 1.497365 0.169492
v 0.037776 1.510784 0.135277
v 0.043617 1.506442 0.148691
v 0.031934 1.510653 0.135860
v 0.041670 1.509764 0.138582
v 0.025606 1.512249 0.130417
v 0.016844 1.498883 0.172213
v 0.019765 1.506547 0.150440
v 0.041183 1.530951 0.067041
v 0.042644 1.531030 0.066653
v 0.205230 1.525118 -0.085565
v 0.207177 1.524752 -0.079927
v 0.018304 1.535477 0.190682
v 0.045564 1.534744 0.156661
v 0.050432 1.493808 0.174352
v 0.038749 1.505814 0.151023
v 0.034368 1.506180 0.150051
v 0.035829 1.505396 0.152384
v 0.037776 1.504480 0.155300
v 0.024146 1.509973 0.138193
v 0.041670 1.483894 0.189710
v 0.046051 1.503198 0.158411
v 0.022686 1.510235 0.137221
v 0.047025 1.502309 0.161132
v 0.026093 1.509633 0.139359
v 0.047025 1.501341 0.163465
v 0.034368 1.507985 0.144414
v 0.049946 1.490748 0.178823
v 0.020738 1.511412 0.133333
v 0.048972 1.487713 0.183294
v 0.037289 1.489126 0.182906
v 0.038263 1.490695 0.180573
v 0.042644 1.485882 0.186794
v 0.030474 1.506520 0.149274
v 0.013437 1.518710 0.107283
v 0.028040 1.520672 0.103395
v 0.026580 1.506756 0.148885
v 0.025119 1.503852 0.158800
v 0.033882 1.504166 0.156661
v 0.029501 1.507070 0.147524
v 0.035342 1.500321 0.166381
v 0.029987 1.503068 0.160549
v 0.030474 1.502231 0.163271
v 0.032421 1.504873 0.154328
v 0.032908 1.523052 0.096591
v 0.021712 1.512537 0.129445
v 0.030474 1.501367 0.165409
v 0.033395 1.493520 0.177268
v 0.017331 1.508822 0.142275
v 0.028040 1.505056 0.154328
v 0.018791 1.512641 0.128862
v 0.026580 1.518317 0.110782
v 0.013437 1.516905 0.113504
v 0.058221 1.495247 0.171630
v 0.021712 1.517847 0.111560
v 0.017331 1.519259 0.106311
v 0.016357 1.509633 0.139359
v 0.152657 1.526008 -0.413911
v 0.151197 1.523470 -0.379502
v 0.159959 1.525537 -0.412162
v 0.155578 1.520802 -0.356757
v 0.138540 1.529905 -0.469705
v 0.142922 1.529251 -0.457458
v 0.158499 1.523183 -0.379696
v 0.143408 1.530925 -0.500226
v 0.140001 1.530585 -0.488562
v 0.143408 1.523889 -0.379113
v 0.147789 1.528833 -0.451820
v 0.154118 1.528493 -0.448515
v 0.116635 1.529696 -0.448321
v 0.134646 1.525301 -0.390389
v 0.175536 1.489047 -0.130278
v 0.139027 1.525066 -0.391166
v 0.150223 1.521299 -0.358507
v 0.159959 1.527865 -0.444821
v 0.166774 1.527368 -0.441128
v 0.028527 1.482508 -0.324292
v 0.029987 1.481906 -0.315932
v 0.027553 1.485438 -0.338483
v 0.153631 1.531004 -0.515390
v 0.028040 1.484836 -0.334984
v 0.011003 1.469534 -0.295909
v 0.152170 1.530951 -0.511113
v 0.150223 1.530585 -0.499837
v 0.010516 1.468749 -0.299408
v 0.006622 1.469272 -0.320209
v 0.144869 1.531213 -0.508780
v 0.144382 1.530193 -0.483119
v 0.163853 1.520619 -0.357146
v 0.166774 1.523078 -0.381446
v 0.149250 1.530088 -0.485257
v 0.167748 1.525197 -0.410801
v 0.029501 1.485385 -0.331290
v 0.028527 1.481880 -0.322348
v 0.154604 1.530585 -0.506058
v 0.146816 1.530925 -0.504114
v 0.007108 1.469063 -0.315738
v 0.010029 1.466761 -0.298825
v 0.200362 1.543141 -0.988372
v 0.013437 1.433594 0.193014
v 0.206690 1.547509 -0.863177
v 0.135620 1.532076 -0.520250
v 0.003701 1.532102 0.180184
v 0.015871 1.534012 0.186016
v 0.014897 1.534064 0.186210
v 0.005161 1.532286 0.180767
v 0.065523 1.434954 0.145580
v 0.066983 1.445914 0.147135
v 0.066009 1.446751 0.147524
v 0.067470 1.420646 0.142470
v 0.067470 1.432390 0.144608
v 0.061628 1.452558 0.150635
v 0.050919 1.447719 0.133138
v 0.039723 1.436262 0.138776
v 0.055300 1.459359 0.127501
v 0.048972 1.450439 0.132750
v 0.231516 1.528702 -0.573516
v 0.227622 1.532835 -0.633781
v 0.227135 1.531292 -0.627171
v 0.232490 1.532861 -0.593345
v 0.240765 1.531292 -0.541245
v 0.239305 1.530559 -0.543773
v 0.200362 1.534823 -1.060495
v 0.240765 1.545887 -0.539690
v 0.058221 1.465558 0.124390
v 0.181864 1.538328 0.157828
v 0.057247 1.465479 0.124779
v 0.058221 1.463387 0.125168
v 0.053353 1.452479 0.130611
v 0.038263 1.444580 0.137804
v 0.057734 1.467520 0.123807
v 0.226162 1.536863 -0.654777
v 0.028527 1.465113 -0.347620
v 0.027067 1.463492 -0.340816
v 0.237358 1.532992 -0.560880
v 0.242713 1.532573 -0.540273
v 0.227622 1.547640 -0.643696
v 0.016844 1.481488 0.206428
v 0.019765 1.481566 0.204679
v 0.210098 1.539557 -0.841209
v 0.197928 1.545469 -0.996537
v 0.204743 1.539531 -0.949297
v 0.205230 1.545286 -0.880090
v 0.011489 1.523392 0.091536
v 0.188193 1.490120 -0.103839
v 0.191600 1.487059 -0.098784
v 0.010516 1.524020 0.089203
v 0.137567 1.523680 -0.371920
v 0.051406 1.424255 0.147135
v 0.059194 1.445129 0.149079
v 0.021712 1.502623 0.163271
v 0.011489 1.524543 0.087842
v 0.182838 1.491506 -0.115309
v 0.179917 1.489178 -0.120946
v 0.172129 1.501472 -0.133582
v 0.016357 1.484731 0.207400
v 0.064549 1.452898 0.150051
v 0.011976 1.475655 0.208178
v 0.066496 1.454729 0.150246
v 0.018304 1.501917 0.166187
v 0.019278 1.503068 0.162104
v 0.113228 1.525328 -0.376392
v 0.210585 1.551067 -0.870564
v 0.119556 1.523732 -0.362589
v 0.111280 1.523418 -0.358701
v 0.118095 1.521483 -0.347037
v 0.122477 1.520802 -0.343926
v 0.062115 1.450727 0.149857
v 0.126371 1.520986 -0.347037
v 0.131239 1.521430 -0.352286
v 0.064549 1.452270 0.149663
v 0.125397 1.523000 -0.359867
v 0.055300 1.436105 0.148302
v 0.065036 1.451695 0.149468
v 0.065523 1.451328 0.149079
v 0.012950 1.523863 0.090564
v 0.137080 1.521692 -0.356368
v 0.132212 1.523209 -0.363950
v 0.021712 1.503277 0.161132
v 0.147303 1.531501 -0.517528
v 0.004188 1.531239 0.177268
v 0.243199 1.542278 -0.511307
v 0.150710 1.531684 -0.525304
v 0.024146 1.460980 -0.327402
v 0.237358 1.535215 -0.563990
v 0.026580 1.462864 -0.337705
v 0.056274 1.408221 0.144025
v 0.028527 1.457501 -0.353258
v 0.055300 1.461844 0.126723
v 0.030961 1.539113 0.178823
v 0.029501 1.539139 0.180961
v 0.150223 1.543298 0.036909
v 0.133186 1.500138 0.162688
v 0.229569 1.545600 -0.616479
v 0.231030 1.546227 -0.603260
v 0.242226 1.528964 -0.531136
v 0.211072 1.545103 -0.786387
v 0.148763 1.542042 0.037881
v 0.147789 1.546437 0.041575
v 0.013923 1.443847 0.192626
v 0.015871 1.534378 0.187182
v 0.011489 1.431370 0.194375
v 0.235411 1.534483 -0.574877
v 0.028527 1.459202 -0.350925
v 0.028527 1.457501 -0.353258
v 0.227135 1.531292 -0.627171
v 0.051406 1.460510 0.128278
v 0.047512 1.454781 0.131778
v 0.028040 1.463596 -0.345870
v 0.026093 1.459620 -0.339261
v 0.227135 1.534117 -0.641557
v 0.227135 1.535477 -0.647195
v 0.240765 1.533855 -0.550965
v 0.028527 1.465113 -0.347620
v 0.011976 1.444318 0.193792
v 0.012463 1.441493 0.193598
v 0.011489 1.439845 0.194181
v 0.013437 1.427525 0.193014
v 0.057247 1.466238 0.124390
v 0.061142 1.404402 0.142470
v 0.058221 1.465558 0.124390
v 0.240279 1.535084 -0.552521
v 0.109333 1.529539 -0.441128
v 0.230543 1.536942 -0.617062
v 0.136593 1.528388 -0.430824
v 0.243686 1.534901 -0.540468
v 0.241739 1.534666 -0.547077
v 0.045564 1.444815 0.135082
v 0.050432 1.470894 0.124973
v 0.042157 1.426636 0.139554
v 0.054813 1.469325 0.124196
v 0.058221 1.463387 0.125168
v 0.140001 1.530585 -0.488562
v 0.236871 1.533986 -0.564962
v 0.232003 1.529774 -0.575849
v 0.153631 1.531004 -0.515390
v 0.152170 1.530951 -0.511113
v 0.060168 1.426217 0.145191
v 0.247580 1.534038 -0.530164
v 0.151197 1.523470 -0.379502
v 0.248067 1.533698 -0.528998
v 0.159959 1.525537 -0.412162
v 0.133186 1.530376 -0.476315
v 0.138540 1.529905 -0.469705
v 0.141461 1.527525 -0.424215
v 0.112741 1.530324 -0.462512
v 0.029501 1.485385 -0.331290
v 0.166774 1.523078 -0.381446
v 0.163853 1.520619 -0.357146
v 0.028527 1.481880 -0.322348
v 0.007595 1.466944 -0.311850
v 0.030474 1.480939 -0.310100
v 0.007108 1.466160 -0.315544
v 0.030961 1.480755 -0.306212
v 0.144382 1.530193 -0.483119
v 0.144869 1.531213 -0.508780
v 0.007108 1.463178 -0.311655
v 0.006622 1.469272 -0.320209
v 0.162880 1.530298 -0.512085
v 0.157038 1.530324 -0.502559
v 0.031934 1.483423 -0.311655
v 0.241739 1.544423 -0.527832
v 0.146329 1.526609 -0.416633
v 0.142922 1.529251 -0.457458
v 0.155578 1.520802 -0.356757
v 0.152657 1.526008 -0.413911
v 0.027553 1.485438 -0.338483
v 0.150223 1.530585 -0.499837
v 0.010516 1.468749 -0.299408
v 0.143408 1.530925 -0.500226
v 0.011003 1.469534 -0.295909
v 0.166774 1.527368 -0.441128
v 0.167748 1.525197 -0.410801
v 0.028527 1.482508 -0.324292
v 0.030961 1.485228 -0.323125
v 0.142435 1.521613 -0.358118
v 0.122963 1.530690 -0.476120
v 0.131239 1.528833 -0.436851
v 0.143408 1.523889 -0.379113
v 0.150223 1.521299 -0.358507
v 0.154118 1.528493 -0.448515
v 0.149250 1.530088 -0.485257
v 0.026093 1.459620 -0.339261
v 0.025119 1.457868 -0.334401
v 0.008082 1.436000 0.196708
v 0.013923 1.434431 0.192626
v 0.004674 1.421797 0.199235
v 0.047512 1.438485 0.135666
v 0.246120 1.532913 -0.531720
v 0.220807 1.527943 -0.652833
v 0.221294 1.529199 -0.659248
v 0.208638 1.526923 -0.743230
v 0.237358 1.532992 -0.560880
v 0.231516 1.528702 -0.573516
v 0.232490 1.532861 -0.593345
v 0.031448 1.481200 -0.306212
v 0.030474 1.480939 -0.310100
v 0.033882 1.479238 -0.287355
v 0.030961 1.480755 -0.306212
v 0.150223 1.472254 0.197680
v 0.063576 1.536105 0.136249
v 0.066496 1.536000 0.132555
v 0.168721 1.550046 0.004638
v 0.224702 1.546567 -0.663136
v 0.221781 1.545076 -0.681799
v 0.046051 1.467755 0.127501
v 0.050432 1.467912 0.125945
v 0.244660 1.533306 -0.537357
v 0.159959 1.527865 -0.444821
v 0.147789 1.528833 -0.451820
v 0.026580 1.456926 -0.342566
v 0.025119 1.457868 -0.334401
v 0.038263 1.444580 0.137804
v 0.182351 1.486510 -0.115114
v 0.033395 1.479657 -0.291632
v 0.031448 1.481200 -0.306212
v 0.028040 1.483633 -0.330318
v 0.008082 1.465323 -0.308739
v 0.031934 1.481540 -0.305629
v 0.030474 1.482325 -0.313600
v 0.029014 1.484627 -0.328957
v 0.240279 1.543769 -0.534052
v 0.054327 1.407358 0.144608
v 0.101058 1.529539 -0.436657
v 0.187219 1.538589 0.153939
v 0.213992 1.529120 -0.719318
v 0.188679 1.538119 0.153162
v 0.195494 1.539034 0.148302
v 0.195008 1.538328 0.148691
v 0.008569 1.533776 0.185433
v 0.011003 1.534012 0.186210
v 0.006135 1.425694 0.198263
v 0.013437 1.534012 0.186016
v 0.009542 1.435974 0.195542
v 0.005648 1.437308 0.198263
v 0.181378 1.535974 0.158216
v 0.192574 1.538851 0.150051
v 0.006135 1.476126 0.212260
v 0.193547 1.537648 0.149857
v 0.004674 1.532626 0.181739
v 0.002727 1.532442 0.181350
v 0.014897 1.534169 0.186599
v 0.017818 1.471025 0.203512
v 0.017331 1.477303 0.205262
v 0.209124 1.548555 -0.831683
v 0.014410 1.477250 0.207011
v 0.022199 1.472725 0.201179
v 0.212532 1.549549 -0.766753
v 0.215453 1.545103 -0.736620
v 0.211072 1.545103 -0.786387
v 0.235898 1.541650 -0.553687
v 0.230543 1.548660 -0.620951
v 0.228596 1.543062 -0.615313
v 0.223728 1.541493 -0.667218
v 0.230543 1.536942 -0.617062
v 0.240279 1.535084 -0.552521
v 0.236871 1.538668 -0.560491
v 0.026580 1.456926 -0.342566
v 0.244173 1.532207 -0.534247
v 0.005648 1.460693 -0.306601
v 0.004188 1.458234 -0.298630
v 0.005161 1.456115 -0.291826
v 0.229083 1.544161 -0.615896
v 0.240765 1.545887 -0.539690
v 0.227622 1.547640 -0.643696
v 0.238331 1.545364 -0.548244
v 0.233464 1.546908 -0.587124
v 0.017331 1.491611 0.208761
v 0.019278 1.489911 0.207011
v 0.016357 1.491088 0.209150
v 0.015871 1.488629 0.208761
v 0.205230 1.534823 -0.919359
v 0.203770 1.530036 -0.892337
v 0.201823 1.531579 -0.970098
v 0.211558 1.534640 -0.799412
v 0.005648 1.460693 -0.306601
v 0.111767 1.532652 -0.522194
v 0.004188 1.458234 -0.298630
v 0.111767 1.531893 -0.501976
v 0.235411 1.529748 -0.556798
v 0.242226 1.528964 -0.531136
v 0.231030 1.546227 -0.603260
v 0.242713 1.530271 -0.528415
v 0.005161 1.454415 -0.286383
v 0.003214 1.453107 -0.282106
v 0.006622 1.452689 -0.281134
v 0.003214 1.451851 -0.278024
v 0.191113 1.538799 0.151218
v 0.195008 1.537752 0.148691
v 0.220807 1.547509 -0.700461
v 0.011976 1.489701 0.211677
v 0.007595 1.478715 0.212066
v 0.199875 1.547875 -0.964849
v 0.212045 1.536758 -0.808938
v 0.205717 1.535738 -0.922858
v 0.019765 1.485595 0.205456
v 0.016844 1.491375 0.208956
v 0.014410 1.490931 0.210316
v 0.235411 1.529748 -0.556798
v 0.241739 1.529879 -0.528415
v 0.009056 1.465453 -0.304851
v 0.033882 1.480415 -0.292215
v 0.187219 1.536235 0.153939
v 0.009542 1.486484 0.212260
v 0.009542 1.482351 0.211677
v 0.233464 1.546908 -0.587124
v 0.240765 1.527551 -0.535608
v 0.219834 1.539845 -0.707849
v 0.211072 1.550125 -0.820797
v 0.221294 1.535581 -0.697934
v 0.209611 1.530559 -0.790859
v 0.031934 1.479997 -0.298630
v 0.033882 1.479238 -0.287355
v 0.029501 1.483162 -0.322931
v 0.034368 1.483345 -0.300963
v 0.159472 1.530454 -0.511307
v 0.158985 1.530585 -0.513835
v 0.161906 1.529696 -0.491867
v 0.033882 1.480860 -0.294937
v 0.159472 1.529879 -0.494394
v 0.034855 1.481802 -0.293187
v 0.028040 1.484836 -0.334984
v 0.158499 1.523183 -0.379696
v 0.166287 1.530193 -0.509169
v 0.009542 1.465506 -0.301352
v 0.009056 1.469037 -0.307767
v 0.008569 1.462131 -0.304074
v 0.010029 1.463779 -0.298242
v 0.146816 1.530925 -0.504114
v 0.010029 1.466761 -0.298825
v 0.011003 1.466317 -0.293382
v 0.034855 1.480442 -0.287355
v 0.007108 1.469063 -0.315738
v 0.227135 1.535477 -0.647195
v 0.240765 1.533855 -0.550965
v 0.241739 1.533306 -0.546689
v 0.220807 1.527943 -0.652833
v 0.236871 1.533986 -0.564962
v 0.214966 1.547823 -0.746924
v 0.205717 1.549340 -0.899335
v 0.206204 1.536680 -0.924025
v 0.016844 1.481488 0.206428
v 0.218373 1.541519 -0.716597
v 0.215939 1.536785 -0.746924
v 0.213505 1.541519 -0.764031
v 0.215453 1.538145 -0.750812
v 0.239792 1.541964 -0.532108
v 0.203283 1.533384 -0.949297
v 0.013923 1.471705 0.206428
v 0.184785 1.537177 0.155689
v 0.003701 1.476832 0.214010
v 0.015384 1.492840 0.210316
v 0.009542 1.474975 0.209539
v 0.011489 1.481880 0.210122
v 0.052379 1.454206 0.130222
v 0.012950 1.534143 0.186599
v 0.011489 1.533776 0.185433
v 0.003701 1.532939 0.182906
v 0.216426 1.535686 -0.742064
v 0.215939 1.536785 -0.746924
v 0.213992 1.530925 -0.738759
v 0.062602 1.423235 0.144025
v 0.063576 1.437099 0.146358
v 0.064062 1.448373 0.148496
v 0.058221 1.408639 0.143636
v 0.011003 1.534273 0.186988
v 0.138054 1.531448 -0.508974
v 0.140488 1.531108 -0.502559
v 0.006135 1.534169 0.186794
v 0.137080 1.531945 -0.520444
v 0.008569 1.534247 0.186988
v 0.005161 1.533855 0.185822
v 0.006622 1.533907 0.185822
v 0.193060 1.536497 0.150246
v 0.062602 1.438433 0.146941
v 0.244173 1.533855 -0.540079
v 0.245633 1.534692 -0.534441
v 0.003214 1.534247 0.186988
v 0.003701 1.424700 0.199624
v 0.014410 1.534326 0.187182
v 0.192574 1.536418 0.150440
v 0.013923 1.410313 0.193014
v 0.013437 1.421640 0.193014
v 0.004674 1.534064 0.186405
v 0.221294 1.529199 -0.659248
v 0.065036 1.448268 0.148107
v 0.154604 1.530585 -0.506058
v 0.227135 1.534117 -0.641557
v 0.029987 1.481906 -0.315932
v 0.041670 1.456141 0.133138
v 0.042157 1.468200 0.128667
v 0.037776 1.475890 0.127112
v 0.036802 1.470789 0.129445
v 0.034368 1.462079 0.133333
v 0.046538 1.462890 0.129056
v 0.054327 1.465035 0.125751
v 0.221294 1.534169 -0.691713
v 0.104465 1.530742 -0.467761
v 0.215453 1.532861 -0.742258
v 0.216426 1.534247 -0.737009
v 0.054813 1.463073 0.126334
v 0.050919 1.447719 0.133138
v 0.055300 1.459359 0.127501
v 0.056274 1.458365 0.127501
v 0.048972 1.450439 0.132750
v 0.046538 1.472725 0.125751
v 0.054813 1.470999 0.123418
v 0.012950 1.534326 0.187182
v 0.057734 1.463492 0.125168
v 0.057247 1.464119 0.125168
v 0.207177 1.528257 -0.771418
v 0.213019 1.527420 -0.709793
v 0.232003 1.529774 -0.575849
v 0.051893 1.458391 0.128862
v 0.036802 1.449733 0.136832
v 0.046538 1.457868 0.130806
v 0.188193 1.536785 0.153356
v 0.187706 1.536523 0.153939
v 0.035829 1.454990 0.135471
v 0.050919 1.474975 0.123224
v 0.037289 1.478898 0.124973
v 0.042644 1.474478 0.126334
v 0.009056 1.441781 0.195931
v 0.209611 1.531632 -0.809910
v 0.013923 1.438302 0.192626
v 0.057247 1.467049 0.124001
v 0.057247 1.464878 0.124973
v 0.208638 1.526923 -0.743230
v 0.098624 1.530010 -0.446377
v 0.094243 1.528728 -0.415855
v 0.057734 1.429618 0.146552
v 0.203770 1.526400 -0.795330
v 0.202796 1.527289 -0.844319
v 0.096190 1.527891 -0.403414
v 0.107386 1.531736 -0.496144
v 0.220320 1.531161 -0.683159
v 0.186732 1.537883 0.154328
v 0.185272 1.538406 0.155495
v 0.184298 1.536758 0.156078
v 0.188679 1.536994 0.152967
v 0.041183 1.462157 0.131194
v 0.042644 1.451485 0.134499
v 0.050919 1.464119 0.127306
v 0.035342 1.467284 0.131194
v 0.054327 1.467572 0.124779
v 0.043617 1.477564 0.124001
v 0.047512 1.476309 0.123613
v 0.039723 1.436262 0.138776
v 0.053353 1.452479 0.130611
v 0.057734 1.467520 0.123807
v 0.057247 1.465479 0.124779
v 0.109820 1.532966 -0.531136
v 0.181864 1.538328 0.157828
v 0.181378 1.537700 0.158022
v 0.185759 1.537569 0.155106
v 0.014897 1.481540 0.207595
v 0.180891 1.536889 0.158411
v 0.189653 1.537229 0.152579
v 0.190627 1.537439 0.151607
v 0.007595 1.533123 0.183294
v 0.006135 1.532887 0.182517
v 0.015871 1.534300 0.186988
v 0.006622 1.533593 0.184850
v 0.007595 1.428964 0.197097
v 0.009542 1.438694 0.195736
v 0.004674 1.430010 0.199041
v 0.006622 1.433018 0.197875
v 0.137080 1.530873 -0.492839
v 0.008569 1.534038 0.186210
v 0.105926 1.532312 -0.510335
v 0.237845 1.531605 -0.555048
v 0.107386 1.533070 -0.535608
v 0.213992 1.530925 -0.738759
v 0.220807 1.536811 -0.703572
v 0.019765 1.481566 0.204679
v 0.221294 1.532783 -0.687436
v 0.102518 1.531187 -0.477092
v 0.104465 1.530742 -0.467761
v 0.215453 1.532861 -0.742258
v 0.220320 1.538302 -0.705516
v 0.214479 1.539714 -0.759949
v 0.170182 1.528885 -0.469899
v 0.155091 1.529774 -0.484480
v 0.029987 1.483816 -0.322153
v 0.192087 1.536261 0.150635
v 0.011003 1.443690 0.194570
v 0.007595 1.439270 0.197097
v 0.008569 1.432495 0.196319
v 0.004674 1.533384 0.184266
v 0.014410 1.534273 0.186988
v 0.009542 1.533436 0.184266
v 0.192574 1.538302 0.150246
v 0.184298 1.535921 0.156078
v 0.004674 1.479526 0.213816
v 0.007595 1.483319 0.213038
v 0.015384 1.490852 0.209928
v 0.012950 1.489126 0.210900
v 0.015871 1.490852 0.209539
v 0.013923 1.491218 0.210705
v 0.213992 1.547143 -0.753922
v 0.218860 1.546934 -0.713097
v 0.208638 1.541519 -0.849568
v 0.209611 1.531632 -0.809910
v 0.003214 1.458966 -0.300769
v 0.004188 1.451564 -0.277246
v 0.115662 1.531998 -0.505475
v 0.119069 1.532102 -0.507614
v 0.116635 1.532939 -0.528415
v 0.217400 1.543298 -0.722818
v 0.212045 1.543376 -0.774140
v 0.221781 1.545076 -0.681799
v 0.222754 1.543219 -0.671690
v 0.229569 1.545600 -0.616479
v 0.011489 1.442147 0.194375
v 0.115175 1.532887 -0.528415
v 0.116635 1.532939 -0.528415
v 0.229083 1.539897 -0.618229
v 0.056761 1.475289 0.199819
v 0.083534 1.551276 0.124585
v 0.240765 1.540080 -0.537552
v 0.215453 1.545103 -0.736620
v 0.026580 1.461373 -0.338289
v 0.230543 1.548660 -0.620951
v 0.025119 1.463779 -0.329541
v 0.235898 1.541650 -0.553687
v 0.223728 1.541493 -0.667218
v 0.240765 1.541258 -0.528804
v 0.218373 1.541519 -0.716597
v 0.228596 1.543062 -0.615313
v 0.213505 1.541519 -0.764031
v 0.217400 1.543298 -0.722818
v 0.239792 1.541964 -0.532108
v 0.222754 1.543219 -0.671690
v 0.212045 1.543376 -0.774140
v 0.021225 1.482063 0.203901
v 0.016844 1.488890 0.208178
v 0.018304 1.489361 0.207400
v 0.023659 1.477643 0.201179
v 0.134646 1.531579 -0.507225
v 0.013923 1.533280 0.183683
v 0.005648 1.531841 0.179212
v 0.006135 1.531370 0.177657
v 0.182838 1.536366 0.157050
v 0.184785 1.536340 0.155884
v 0.064549 1.452898 0.150051
v 0.018304 1.485202 0.206428
v 0.066496 1.454729 0.150246
v 0.014897 1.484653 0.208372
v 0.132212 1.523209 -0.363950
v 0.062115 1.450727 0.149857
v 0.064549 1.452270 0.149663
v 0.059194 1.445129 0.149079
v 0.122477 1.520802 -0.343926
v 0.137567 1.523680 -0.371920
v 0.126371 1.520986 -0.347037
v 0.131239 1.521430 -0.352286
v 0.199875 1.539479 -1.145838
v 0.005161 1.456115 -0.291826
v 0.007108 1.456272 -0.292410
v 0.210585 1.551067 -0.870564
v 0.107386 1.527211 -0.398165
v 0.103979 1.525328 -0.373864
v 0.197442 1.541258 -1.160224
v 0.008082 1.409084 0.197097
v 0.010516 1.415911 0.195153
v 0.243686 1.539139 -0.529581
v 0.245146 1.537125 -0.530748
v 0.244173 1.537517 -0.532692
v 0.012463 1.443010 0.193598
v 0.004188 1.453578 -0.283661
v 0.240765 1.527551 -0.535608
v 0.240765 1.531292 -0.541245
v 0.241252 1.530716 -0.537357
v 0.242713 1.532573 -0.540273
v 0.235898 1.537151 -0.571378
v 0.240765 1.537072 -0.546883
v 0.057734 1.477355 0.196903
v 0.058708 1.479788 0.193598
v 0.128805 1.554781 0.067430
v 0.084020 1.552034 0.124196
v 0.142435 1.541388 0.045268
v 0.146329 1.545076 0.042352
v 0.247580 1.508142 0.034187
v 0.026580 1.476021 0.198652
v 0.247094 1.507698 0.035159
v 0.144869 1.543690 0.043324
v 0.024633 1.478532 0.200402
v 0.134159 1.531108 -0.495172
v 0.013437 1.438145 0.192820
v 0.025119 1.475079 0.199430
v 0.130265 1.531919 -0.509169
v 0.133186 1.532390 -0.523360
v 0.122963 1.531893 -0.503337
v 0.006135 1.534797 0.188738
v 0.012950 1.532809 0.182322
v 0.002727 1.534457 0.187766
v 0.002241 1.534849 0.188932
v 0.192087 1.537543 0.150635
v 0.011489 1.533044 0.182906
v 0.009056 1.531789 0.179017
v 0.011976 1.477721 0.208567
v 0.011976 1.475655 0.208178
v 0.065036 1.451695 0.149468
v 0.016357 1.484731 0.207400
v 0.065523 1.451328 0.149079
v 0.117122 1.531265 -0.487396
v 0.125397 1.523000 -0.359867
v 0.051406 1.424255 0.147135
v 0.137080 1.521692 -0.356368
v 0.055300 1.436105 0.148302
v 0.190627 1.545495 -1.200077
v 0.119556 1.523732 -0.362589
v 0.118095 1.521483 -0.347037
v 0.111280 1.523418 -0.358701
v 0.200362 1.537046 -1.114151
v 0.200849 1.535817 -1.082269
v 0.195981 1.548791 -1.096071
v 0.104465 1.528493 -0.412939
v 0.010029 1.421378 0.195736
v 0.243199 1.536706 -0.539690
v 0.103979 1.529277 -0.431602
v 0.062602 1.449262 0.149079
v 0.246607 1.538092 -0.523360
v 0.057734 1.429618 0.146552
v 0.054327 1.407358 0.144608
v 0.056274 1.408221 0.144025
v 0.007108 1.456272 -0.292410
v 0.115662 1.531998 -0.505475
v 0.006622 1.459019 -0.301352
v 0.111767 1.532652 -0.522194
v 0.004188 1.451564 -0.277246
v 0.006622 1.452689 -0.281134
v 0.203770 1.530036 -0.892337
v 0.209611 1.530559 -0.790859
v 0.237358 1.535215 -0.563990
v 0.027067 1.459202 -0.344704
v 0.105439 1.429932 0.220620
v 0.143895 1.542539 0.044296
v 0.116148 1.543821 0.078706
v 0.129778 1.533070 -0.528998
v 0.069904 1.391428 0.139165
v 0.012950 1.534430 0.187571
v 0.011003 1.534718 0.188349
v 0.003701 1.410157 0.199819
v 0.006622 1.421561 0.197680
v 0.012463 1.435895 0.193792
v 0.011003 1.534483 0.187766
v 0.014897 1.533672 0.185044
v 0.013437 1.533463 0.184266
v 0.008569 1.534744 0.188543
v 0.008082 1.532207 0.180378
v 0.054813 1.469325 0.124196
v 0.042157 1.468200 0.128667
v 0.050432 1.470894 0.124973
v 0.036802 1.470789 0.129445
v 0.050919 1.464119 0.127306
v 0.034368 1.462079 0.133333
v 0.041670 1.456141 0.133138
v 0.051893 1.458391 0.128862
v 0.046538 1.457868 0.130806
v 0.194521 1.542775 -1.188996
v 0.042644 1.451485 0.134499
v 0.187706 1.536523 0.153939
v 0.190627 1.537439 0.151607
v 0.060655 1.441964 0.148107
v 0.248067 1.533698 -0.528998
v 0.244660 1.533306 -0.537357
v 0.003214 1.456010 -0.291438
v 0.111767 1.531893 -0.501976
v 0.005161 1.457580 -0.296492
v 0.119069 1.532102 -0.507614
v 0.003214 1.453107 -0.282106
v 0.003214 1.458966 -0.300769
v 0.003214 1.451851 -0.278024
v 0.002727 1.460091 -0.304463
v 0.005161 1.454415 -0.286383
v 0.201823 1.531579 -0.970098
v 0.195494 1.535895 0.148302
v 0.193060 1.536575 0.149857
v 0.220320 1.531161 -0.683159
v 0.107386 1.531736 -0.496144
v 0.220320 1.538302 -0.705516
v 0.191600 1.535948 0.151023
v 0.221294 1.532783 -0.687436
v 0.107386 1.533070 -0.535608
v 0.220807 1.536811 -0.703572
v 0.243199 1.539767 -0.529192
v 0.185759 1.487269 -0.109865
v 0.187706 1.483633 -0.105394
v 0.175536 1.490643 -0.129306
v 0.018791 1.499850 0.170075
v 0.020738 1.500740 0.168325
v 0.148763 1.531972 -0.529192
v 0.186245 1.493808 -0.109282
v 0.244173 1.532207 -0.534247
v 0.241252 1.530716 -0.537357
v 0.224702 1.546567 -0.663136
v 0.229083 1.544161 -0.615896
v 0.199875 1.533436 -1.072548
v 0.200362 1.529644 -0.960572
v 0.172615 1.529617 -0.491867
v 0.242713 1.540290 -0.525304
v 0.174563 1.528885 -0.469899
v 0.082560 1.527133 0.086482
v 0.083534 1.529670 0.075790
v 0.221294 1.535581 -0.697934
v 0.175049 1.529068 -0.474954
v 0.171155 1.529487 -0.487396
v 0.215453 1.538145 -0.750812
v 0.219834 1.539845 -0.707849
v 0.232003 1.531396 -0.586541
v 0.101058 1.529539 -0.436657
v 0.094243 1.528728 -0.415855
v 0.241739 1.533306 -0.546689
v 0.109820 1.532966 -0.531136
v 0.214479 1.539714 -0.759949
v 0.228596 1.541441 -0.620951
v 0.028040 1.463596 -0.345870
v 0.026580 1.462864 -0.337705
v 0.232003 1.534090 -0.601121
v 0.150223 1.478924 0.190682
v 0.162880 1.489701 0.176296
v 0.151684 1.544763 0.035937
v 0.139027 1.539060 0.047990
v 0.076232 1.523549 0.096979
v 0.105926 1.449236 0.213816
v 0.010516 1.433515 0.194958
v 0.015871 1.534326 0.187182
v 0.009056 1.532887 0.182517
v 0.064062 1.454363 0.150635
v 0.062602 1.405657 0.142275
v 0.015384 1.533986 0.186016
v 0.006622 1.532547 0.181545
v 0.015871 1.534457 0.187571
v 0.057734 1.463492 0.125168
v 0.057247 1.467049 0.124001
v 0.052379 1.454206 0.130222
v 0.057247 1.466238 0.124390
v 0.057247 1.464878 0.124973
v 0.057247 1.464119 0.125168
v 0.013923 1.471705 0.206428
v 0.054813 1.470999 0.123418
v 0.184785 1.537177 0.155689
v 0.213992 1.529120 -0.719318
v 0.213019 1.527420 -0.709793
v 0.207177 1.528257 -0.771418
v 0.202796 1.527289 -0.844319
v 0.203770 1.526400 -0.795330
v 0.231516 1.535581 -0.607537
v 0.024146 1.460980 -0.327402
v 0.105926 1.437674 0.217898
v 0.249041 1.506991 0.036131
v 0.021712 1.482560 0.203318
v 0.106413 1.459202 0.207400
v 0.062602 1.506180 0.150051
v 0.060168 1.505082 0.151995
v 0.142435 1.461791 0.204679
v 0.066983 1.545783 0.142470
v 0.063576 1.503905 0.155300
v 0.071851 1.545809 0.135471
v 0.014897 1.488629 0.209539
v 0.060655 1.441964 0.148107
v 0.127831 1.553996 0.068208
v 0.128805 1.554467 0.067430
v 0.130752 1.532992 -0.530164
v 0.028527 1.477433 0.197680
v 0.027067 1.479997 0.199430
v 0.067470 1.402911 0.140720
v 0.128318 1.532102 -0.510530
v 0.127831 1.531265 -0.492256
v 0.024146 1.483842 0.202151
v 0.021712 1.486929 0.204484
v 0.069904 1.416565 0.141303
v 0.010516 1.533253 0.183683
v 0.130265 1.531292 -0.494977
v 0.012463 1.533620 0.184850
v 0.067470 1.451511 0.148691
v 0.066983 1.451119 0.148691
v 0.003701 1.531658 0.178629
v 0.069417 1.433097 0.144219
v 0.064062 1.402859 0.141498
v 0.066496 1.451067 0.148885
v 0.068443 1.445888 0.146747
v 0.153144 1.546227 0.034965
v 0.072824 1.545155 0.136832
v 0.142435 1.450439 0.212066
v 0.070391 1.544998 0.137026
v 0.033395 1.539008 0.175907
v 0.161906 1.551485 0.021940
v 0.138054 1.500975 0.161521
v 0.093269 1.504794 0.151801
v 0.138540 1.503748 0.154717
v 0.117122 1.544423 0.077734
v 0.119556 1.466264 0.202151
v 0.028040 1.461399 -0.348203
v 0.026093 1.465427 -0.335178
v 0.226162 1.536863 -0.654777
v 0.241739 1.534666 -0.547077
v 0.227622 1.532835 -0.633781
v 0.027067 1.463492 -0.340816
v 0.243686 1.534901 -0.540468
v 0.079153 1.546332 0.126917
v 0.075745 1.545992 0.130806
v 0.060168 1.482691 0.189321
v 0.066009 1.502492 0.159383
v 0.225675 1.538406 -0.657498
v 0.061628 1.486536 0.183878
v 0.224702 1.539897 -0.659053
v 0.240279 1.538982 -0.543773
v 0.236871 1.540080 -0.554076
v 0.229569 1.538459 -0.620367
v 0.236871 1.535817 -0.564768
v 0.242226 1.535869 -0.544550
v 0.147303 1.540787 0.038659
v 0.146329 1.539453 0.039242
v 0.142922 1.473117 0.197291
v 0.142922 1.479264 0.190293
v 0.098624 1.530010 -0.446377
v 0.096190 1.527891 -0.403414
v 0.237845 1.531605 -0.555048
v 0.105926 1.532312 -0.510335
v 0.102518 1.531187 -0.477092
v 0.017331 1.477303 0.205262
v 0.022199 1.472725 0.201179
v 0.220807 1.547509 -0.700461
v 0.014410 1.477250 0.207011
v 0.215939 1.548346 -0.740897
v 0.212532 1.549549 -0.766753
v 0.209124 1.548555 -0.831683
v 0.223241 1.548163 -0.685687
v 0.205717 1.549340 -0.899335
v 0.021225 1.477224 0.202540
v 0.047512 1.476309 0.123613
v 0.050919 1.474975 0.123224
v 0.017818 1.471025 0.203512
v 0.184298 1.536758 0.156078
v 0.188679 1.538119 0.153162
v 0.189653 1.537229 0.152579
v 0.180891 1.536889 0.158411
v 0.051406 1.460510 0.128278
v 0.035829 1.454990 0.135471
v 0.046538 1.462890 0.129056
v 0.041183 1.462157 0.131194
v 0.035342 1.467284 0.131194
v 0.037776 1.475890 0.127112
v 0.046538 1.472725 0.125751
v 0.042644 1.474478 0.126334
v 0.055300 1.461844 0.126723
v 0.037289 1.478898 0.124973
v 0.014410 1.534404 0.187377
v 0.014897 1.534561 0.187766
v 0.008569 1.534483 0.187766
v 0.012950 1.534614 0.188154
v 0.005648 1.534483 0.187766
v 0.012950 1.439113 0.193209
v 0.012950 1.439924 0.193403
v 0.009542 1.429408 0.195542
v 0.064549 1.421692 0.143247
v 0.013923 1.533855 0.185627
v 0.054327 1.444606 0.150051
v 0.058221 1.449523 0.150440
v 0.153144 1.515754 0.120891
v 0.134646 1.516199 0.119336
v 0.045078 1.528623 0.080650
v 0.041670 1.528702 0.079678
v 0.080613 1.525118 0.092314
v 0.157038 1.512223 0.130806
v 0.178457 1.519364 0.111171
v 0.155091 1.514420 0.124779
v 0.191600 1.427525 0.218092
v 0.181864 1.416251 0.221008
v 0.037776 1.532521 0.058293
v 0.078666 1.523130 0.098146
v 0.097650 1.524517 0.094063
v 0.121503 1.518422 0.112532
v 0.025119 1.463779 -0.329541
v 0.026580 1.461373 -0.338289
v 0.027067 1.459202 -0.344704
v 0.232003 1.531396 -0.586541
v 0.235411 1.534483 -0.574877
v 0.118095 1.528074 -0.413717
v 0.126371 1.529199 -0.441517
v 0.121016 1.529487 -0.445405
v 0.113714 1.528964 -0.428686
v 0.131239 1.528833 -0.436851
v 0.122963 1.530690 -0.476120
v 0.129292 1.530611 -0.478259
v 0.134646 1.525301 -0.390389
v 0.229083 1.539897 -0.618229
v 0.229569 1.538459 -0.620367
v 0.225675 1.538406 -0.657498
v 0.116635 1.529696 -0.448321
v 0.128805 1.526139 -0.396221
v 0.240765 1.537072 -0.546883
v 0.236871 1.538668 -0.560491
v 0.242226 1.535869 -0.544550
v 0.240279 1.538982 -0.543773
v 0.028040 1.528650 0.078511
v 0.022199 1.527525 0.081038
v 0.020252 1.527159 0.082010
v 0.026580 1.528597 0.078511
v 0.012463 1.525040 0.086676
v 0.017818 1.526636 0.082982
v 0.166287 1.505919 -0.138637
v 0.236871 1.540080 -0.554076
v 0.099111 1.434509 0.219453
v 0.008569 1.523366 0.090759
v 0.015384 1.525275 0.086676
v 0.123450 1.526976 -0.403025
v 0.139027 1.525066 -0.391166
v 0.231516 1.535581 -0.607537
v 0.232003 1.534090 -0.601121
v 0.235898 1.537151 -0.571378
v 0.236871 1.535817 -0.564768
v 0.240765 1.540080 -0.537552
v 0.010029 1.522817 0.092897
v 0.015384 1.524438 0.089203
v 0.011003 1.466317 -0.293382
v 0.115175 1.515545 0.120697
v 0.042644 1.514368 0.124196
v 0.080613 1.506259 0.147913
v 0.051406 1.511098 0.134305
v 0.049459 1.511935 0.131778
v 0.085968 1.493729 0.172408
v 0.074772 1.507122 0.145580
v 0.083047 1.486484 0.182711
v 0.080126 1.477224 0.195542
v 0.084020 1.488943 0.179212
v 0.057734 1.519154 0.109810
v 0.066009 1.515806 0.120113
v 0.067957 1.517114 0.116225
v 0.061142 1.516539 0.117975
v 0.099111 1.510183 0.136249
v 0.077692 1.514080 0.125168
v 0.109333 1.503748 0.154717
v 0.111767 1.446751 0.214593
v 0.115175 1.484391 0.184461
v 0.047025 1.519835 0.107477
v 0.111280 1.426086 0.221397
v 0.074285 1.520096 0.107283
v 0.114201 1.512144 0.130611
v 0.121503 1.513191 0.127501
v 0.124910 1.509555 0.138193
v 0.121990 1.504192 0.153356
v 0.121503 1.493886 0.171436
v 0.120529 1.479840 0.190098
v 0.131239 1.453316 0.210316
v 0.130265 1.409398 0.224119
v 0.036316 1.520881 0.103589
v 0.054327 1.485176 0.186405
v 0.012463 1.510679 0.135471
v 0.047512 1.438485 0.135666
v 0.045564 1.444815 0.135082
v 0.012950 1.511438 0.132944
v 0.034855 1.516513 0.117197
v 0.187219 1.548948 -0.041630
v 0.201823 1.550543 -0.076234
v 0.026093 1.552401 0.210122
v 0.024633 1.551956 0.211094
v 0.183812 1.546411 -0.035020
v 0.175049 1.541650 -0.018301
v 0.183325 1.545757 -0.035603
v 0.164340 1.540682 0.005027
v 0.172129 1.541310 -0.012275
v 0.168234 1.540420 -0.004110
v 0.173102 1.537752 -0.019468
v 0.166287 1.538589 -0.001777
v 0.169695 1.537151 -0.007804
v 0.174563 1.537046 -0.024911
v 0.170668 1.531082 -0.023356
v 0.012950 1.529827 -0.478453
v 0.013923 1.530088 -0.482341
v 0.015871 1.530716 -0.495172
v 0.011489 1.528937 -0.455514
v 0.016844 1.529199 -0.440545
v 0.026580 1.552714 0.209928
v 0.025119 1.552191 0.211094
v 0.039236 1.530925 0.067041
v 0.021712 1.505291 0.154523
v 0.022686 1.551485 0.212649
v 0.021225 1.551197 0.213427
v 0.014897 1.538014 0.197486
v 0.009542 1.540185 0.206817
v 0.011489 1.540002 0.204290
v 0.013923 1.539243 0.200013
v 0.015384 1.537412 0.196319
v 0.018304 1.536445 0.191459
v 0.046538 1.534614 0.155106
v 0.043617 1.534927 0.159188
v 0.041183 1.535163 0.161521
v 0.027553 1.533881 0.177073
v 0.049459 1.534273 0.151218
v 0.054327 1.533096 0.144025
v 0.055787 1.532024 0.141498
v 0.057734 1.529801 0.137026
v 0.059681 1.529487 0.134110
v 0.069904 1.530795 0.123613
v 0.081587 1.532913 0.112337
v 0.153631 1.532835 0.022134
v 0.071851 1.531605 0.121863
v 0.164340 1.531893 -0.006832
v 0.145842 1.533463 0.036326
v 0.126858 1.533567 0.059265
v 0.153631 1.533149 0.023106
v 0.047998 1.510235 0.137026
v 0.034855 1.514812 0.122446
v 0.051893 1.505788 0.150246
v 0.047998 1.505396 0.151607
v 0.040210 1.496267 0.172019
v 0.011003 1.513269 0.126140
v 0.006135 1.511569 0.131972
v 0.008569 1.510104 0.137610
v 0.008569 1.509267 0.140720
v 0.007595 1.509973 0.138193
v 0.030961 1.515780 0.119141
v 0.044591 1.529434 0.075790
v 0.041670 1.529487 0.075401
v 0.025119 1.503068 0.161132
v 0.009056 1.469037 -0.307767
v 0.008082 1.465323 -0.308739
v 0.009542 1.465506 -0.301352
v 0.007108 1.463178 -0.311655
v 0.021225 1.506154 0.151607
v 0.022199 1.497993 0.172602
v 0.022199 1.496502 0.175129
v 0.024633 1.505631 0.152773
v 0.016357 1.507985 0.145191
v 0.018791 1.507776 0.145775
v 0.016844 1.503434 0.161132
v 0.016357 1.502518 0.164243
v 0.006622 1.506180 0.152384
v 0.006622 1.507331 0.148107
v 0.010029 1.507698 0.146552
v 0.011003 1.502021 0.166770
v 0.010516 1.502780 0.164048
v 0.013437 1.503565 0.160938
v 0.011976 1.505631 0.153745
v 0.017818 1.466866 -0.759171
v 0.013923 1.470528 -0.880090
v 0.039723 1.532547 0.058099
v 0.038263 1.533149 0.054988
v 0.013437 1.468226 -0.908861
v 0.025119 1.504611 0.156272
v 0.021712 1.504349 0.157439
v 0.169208 1.504794 -0.135526
v 0.004188 1.505108 0.156272
v 0.008082 1.503355 0.162299
v 0.073798 1.482717 0.188349
v 0.039236 1.494200 0.175129
v 0.010029 1.509529 0.139748
v 0.066496 1.500949 0.162688
v 0.029501 1.497862 0.171241
v 0.059681 1.498386 0.166964
v 0.066009 1.497679 0.167353
v 0.008082 1.508273 0.144414
v 0.074772 1.487373 0.181933
v 0.067470 1.484679 0.186016
v 0.040210 1.513269 0.127501
v 0.036802 1.514315 0.124196
v 0.023172 1.522032 0.098340
v 0.017331 1.510523 0.136249
v 0.019765 1.510418 0.136638
v 0.017331 1.515466 0.118947
v 0.020738 1.515806 0.118169
v 0.014897 1.510627 0.135860
v 0.016357 1.513871 0.124585
v 0.024633 1.515911 0.118364
v 0.014410 1.509790 0.138776
v 0.023172 1.513897 0.124779
v 0.029987 1.499772 0.168131
v 0.031448 1.505605 0.152190
v 0.029014 1.523000 0.096396
v 0.023172 1.507881 0.145386
v 0.027553 1.506023 0.151023
v 0.038749 1.492448 0.177851
v 0.027553 1.507933 0.144803
v 0.021225 1.509398 0.140137
v 0.043617 1.487896 0.183683
v 0.039236 1.503931 0.156661
v 0.046538 1.499563 0.166187
v 0.037289 1.506651 0.148302
v 0.053353 1.498961 0.166381
v 0.056761 1.492134 0.176101
v 0.055787 1.488603 0.181350
v 0.005648 1.407148 0.198652
v 0.200362 1.534823 -1.060495
v 0.200362 1.529644 -0.960572
v 0.200849 1.535817 -1.082269
v 0.008082 1.409084 0.197097
v 0.010516 1.415911 0.195153
v 0.204257 1.550203 -0.941715
v 0.197442 1.541258 -1.160224
v 0.195981 1.548791 -1.096071
v 0.194521 1.542775 -1.188996
v 0.062602 1.449262 0.149079
v 0.246607 1.538092 -0.523360
v 0.243686 1.539139 -0.529581
v 0.244173 1.537517 -0.532692
v 0.200362 1.537046 -1.114151
v 0.200362 1.538276 -1.129314
v 0.199875 1.539479 -1.145838
v 0.190627 1.545495 -1.200077
v 0.104465 1.528493 -0.412939
v 0.103979 1.529277 -0.431602
v 0.010029 1.421378 0.195736
v 0.007595 1.413374 0.197097
v 0.199389 1.531501 -1.077020
v 0.199875 1.533436 -1.072548
v 0.245146 1.537125 -0.530748
v 0.243199 1.536706 -0.539690
v 0.103979 1.525328 -0.373864
v 0.107386 1.527211 -0.398165
v 0.011003 1.426322 0.194958
v 0.019765 1.514054 0.124196
v 0.051406 1.438930 0.149857
v 0.028040 1.509032 0.141109
v 0.051893 1.496267 0.170658
v 0.214966 1.547823 -0.746924
v 0.029987 1.508430 0.143053
v 0.035342 1.507567 0.145580
v 0.023659 1.511176 0.134110
v 0.211072 1.550125 -0.820797
v 0.213992 1.547143 -0.753922
v 0.197928 1.545469 -0.996537
v 0.218860 1.546934 -0.713097
v 0.206690 1.547509 -0.863177
v 0.205230 1.545286 -0.880090
v 0.200362 1.543141 -0.988372
v 0.210585 1.533227 -0.811465
v 0.203283 1.533384 -0.949297
v 0.211558 1.534640 -0.799412
v 0.205230 1.534823 -0.919359
v 0.206204 1.536680 -0.924025
v 0.206690 1.543429 -0.866870
v 0.199875 1.547875 -0.964849
v 0.202796 1.541493 -0.960961
v 0.210098 1.539557 -0.841209
v 0.204743 1.539531 -0.949297
v 0.205230 1.538171 -0.942299
v 0.211558 1.535738 -0.808549
v 0.205717 1.535738 -0.922858
v 0.211072 1.538014 -0.827795
v 0.208638 1.541519 -0.849568
v 0.212045 1.536758 -0.808938
v 0.052866 1.480128 0.193598
v 0.060655 1.509686 0.138582
v 0.042157 1.426636 0.139554
v 0.056274 1.458365 0.127501
v 0.068930 1.506442 0.149857
v 0.009056 1.465453 -0.304851
v 0.007108 1.466160 -0.315544
v 0.150223 1.460510 0.205456
v 0.007595 1.466944 -0.311850
v 0.025119 1.501080 0.166964
v 0.084994 1.529565 0.076567
v 0.080613 1.527394 0.085704
v 0.058221 1.513374 0.127501
v 0.059194 1.515309 0.121669
v 0.041670 1.527499 0.084149
v 0.167748 1.514420 0.124973
v 0.038749 1.526557 0.086676
v 0.162393 1.514603 0.124390
v 0.077692 1.527656 0.084926
v 0.041183 1.526348 0.087648
v 0.163367 1.513504 0.127306
v 0.055787 1.514028 0.125557
v 0.081587 1.529879 0.074623
v 0.039236 1.527629 0.083371
v 0.061142 1.514786 0.123418
v 0.238331 1.545364 -0.548244
v 0.235898 1.530324 -0.556214
v 0.113714 1.475812 0.195542
v 0.107386 1.467729 0.201763
v 0.241739 1.529879 -0.528415
v 0.006622 1.459019 -0.301352
v 0.069417 1.504114 0.154328
v 0.021225 1.426610 -0.789109
v 0.052866 1.516696 0.117392
v 0.201823 1.426008 0.218287
v 0.226649 1.553996 -0.131055
v 0.118582 1.546149 0.076956
v 0.058221 1.529487 0.136054
v 0.207664 1.550988 -0.088675
v 0.022199 1.451590 -0.879701
v 0.023172 1.447980 -0.898363
v 0.105439 1.495351 0.169492
v 0.205230 1.538171 -0.942299
v 0.206690 1.543429 -0.866870
v 0.211072 1.538014 -0.827795
v 0.106899 1.530036 -0.452209
v 0.013923 1.484653 0.209150
v 0.004188 1.453578 -0.283661
v 0.108847 1.531239 -0.483313
v 0.012463 1.484914 0.210122
v 0.202796 1.541493 -0.960961
v 0.211558 1.535738 -0.808549
v 0.210585 1.533227 -0.811465
v 0.002727 1.460091 -0.304463
v 0.119556 1.547901 0.076373
v 0.114688 1.543219 0.079678
v 0.088888 1.504663 0.152190
v 0.003214 1.456010 -0.291438
v 0.115175 1.532887 -0.528415
v 0.087915 1.478872 0.193209
v 0.062602 1.521953 0.101451
v 0.056761 1.522843 0.098729
v 0.059681 1.525432 0.090953
v 0.084994 1.491349 0.175713
v 0.082073 1.483633 0.186794
v 0.065036 1.448268 0.148107
v 0.064062 1.448373 0.148496
v 0.247580 1.534038 -0.530164
v 0.062602 1.423235 0.144025
v 0.062602 1.438433 0.146941
v 0.058221 1.408639 0.143636
v 0.061142 1.404402 0.142470
v 0.060168 1.426217 0.145191
v 0.063576 1.437099 0.146358
v 0.038263 1.517402 0.114670
v 0.185759 1.537569 0.155106
v 0.245633 1.534692 -0.534441
v 0.246120 1.532913 -0.531720
v 0.244173 1.533855 -0.540079
v 0.040697 1.516853 0.116614
v 0.063576 1.517768 0.114281
v 0.181378 1.537700 0.158022
v 0.185272 1.545757 -0.040075
v 0.235898 1.530324 -0.556214
v 0.242713 1.530271 -0.528415
v 0.239305 1.530559 -0.543773
v 0.176510 1.541519 -0.022578
v 0.032421 1.402728 -0.810493
v 0.187219 1.535869 0.154328
v 0.014410 1.509084 0.141303
v 0.005161 1.508247 0.144803
v 0.012950 1.481592 0.208956
v 0.190627 1.538249 0.151607
v 0.011489 1.532364 0.180767
v 0.010029 1.532599 0.181545
v 0.014410 1.533750 0.185238
v 0.015384 1.534352 0.187182
v 0.013437 1.514969 0.120308
v 0.015871 1.512537 0.129056
v 0.005161 1.510523 0.135860
v 0.007595 1.510732 0.135277
v 0.011976 1.437570 0.193986
v 0.008569 1.425092 0.196514
v 0.071364 1.502623 0.158605
v 0.098624 1.488420 0.179406
v 0.060655 1.512929 0.128862
v 0.005161 1.509790 0.138776
v 0.123450 1.531318 -0.490506
v 0.089375 1.482142 0.188543
v 0.011976 1.416957 0.194181
v 0.012950 1.428859 0.193403
v 0.133186 1.532939 -0.534441
v 0.033882 1.494828 0.175129
v 0.015871 1.534221 0.186599
v 0.026580 1.527603 0.081622
v 0.224702 1.539897 -0.659053
v 0.033882 1.529801 0.072873
v 0.129292 1.530611 -0.478259
v 0.118095 1.530481 -0.468344
v 0.150223 1.497104 0.166770
v 0.028040 1.461399 -0.348203
v 0.026093 1.465427 -0.335178
v 0.028527 1.459202 -0.350925
v 0.011003 1.485464 0.211288
v 0.013437 1.491663 0.211288
v 0.133673 1.505657 0.149274
v 0.051893 1.542905 0.158022
v 0.113228 1.525328 -0.376392
v 0.054327 1.467572 0.124779
v 0.054327 1.465035 0.125751
v 0.050432 1.467912 0.125945
v 0.046051 1.467755 0.127501
v 0.101058 1.469665 0.200791
v 0.040697 1.503042 0.159383
v 0.121016 1.551904 0.075984
v 0.044591 1.492631 0.176685
v 0.035829 1.487399 0.185822
v 0.204257 1.550203 -0.941715
v 0.054813 1.463073 0.126334
v 0.113228 1.507671 0.143442
v 0.110794 1.496554 0.167742
v 0.041670 1.501472 0.163854
v 0.041183 1.500112 0.165992
v 0.035342 1.499039 0.168520
v 0.200362 1.538276 -1.129314
v 0.014897 1.481540 0.207595
v 0.185272 1.538406 0.155495
v 0.188679 1.536994 0.152967
v 0.047512 1.454781 0.131778
v 0.112254 1.531344 -0.487785
v 0.043617 1.477564 0.124001
v 0.189653 1.538773 0.152384
v 0.219834 1.553264 -0.115892
v 0.045564 1.508378 0.142664
v 0.011489 1.508090 0.144997
v 0.141461 1.540107 0.045657
v 0.009056 1.540525 0.208178
v 0.091809 1.533750 0.101062
v 0.104952 1.534117 0.086287
v 0.013923 1.488786 0.210316
v 0.008082 1.510863 0.134694
v 0.008082 1.511804 0.131194
v 0.026093 1.508325 0.143636
v 0.032421 1.492003 0.179795
v 0.035829 1.501446 0.164632
v 0.035342 1.519521 0.107866
v 0.032908 1.506965 0.147719
v 0.188193 1.536785 0.153356
v 0.036802 1.449733 0.136832
v 0.187219 1.538589 0.153939
v 0.186732 1.537883 0.154328
v 0.029987 1.382430 -0.733315
v 0.028527 1.376754 -0.710570
v 0.021225 1.477224 0.202540
v 0.010029 1.477930 0.209928
v 0.028527 1.395665 -0.717374
v 0.035342 1.414708 -0.923441
v 0.005161 1.457580 -0.296492
v 0.021225 1.423392 -0.782499
v 0.075258 1.532442 0.118947
v 0.067957 1.530742 0.125751
v 0.069417 1.530873 0.124001
v 0.109820 1.492474 0.173574
v 0.115175 1.488707 0.178629
v 0.068930 1.489178 0.179601
v 0.064549 1.494148 0.172602
v 0.031448 1.490251 0.182517
v 0.070391 1.493180 0.173769
v 0.023172 1.509162 0.141303
v 0.034855 1.503094 0.159772
v 0.044104 1.490041 0.180573
v 0.199389 1.531501 -1.077020
v 0.005648 1.407148 0.198652
v 0.007595 1.413374 0.197097
v 0.109333 1.484444 0.184850
v 0.121016 1.507174 0.144997
v 0.032421 1.433907 -0.916637
v 0.029014 1.425668 -0.783083
v 0.121016 1.505919 0.148496
v 0.240765 1.541258 -0.528804
v 0.228596 1.541441 -0.620951
v 0.216426 1.535686 -0.742064
v 0.223241 1.548163 -0.685687
v 0.215939 1.548346 -0.740897
v 0.221294 1.534169 -0.691713
v 0.216426 1.534247 -0.737009
v 0.225188 1.444266 -0.043574
v 0.150223 1.448660 0.213232
v 0.220320 1.432626 -0.049017
v 0.149737 1.401577 0.225869
v 0.176023 1.512667 0.130028
v 0.032908 1.436419 -0.936466
v 0.181864 1.533463 -0.046101
v 0.032908 1.438668 -0.953574
v 0.015384 1.434980 -0.687047
v 0.021225 1.426610 -0.789109
v 0.016844 1.428519 -0.711153
v 0.020738 1.450047 -0.817492
v 0.017331 1.443795 -0.729427
v 0.021225 1.446568 -0.835377
v 0.015871 1.460065 -0.845291
v 0.056274 1.530559 0.139554
v 0.011489 1.458417 -1.011117
v 0.055787 1.530376 0.139359
v 0.173589 1.460117 0.205262
v 0.165314 1.446463 0.213427
v 0.174076 1.442723 0.214204
v 0.159472 1.459019 0.206234
v 0.039723 1.554127 0.194570
v 0.014410 1.498045 0.174157
v 0.038749 1.553918 0.194958
v 0.012463 1.499406 0.172019
v 0.019765 1.532992 0.185822
v 0.016357 1.537072 0.194764
v 0.021712 1.533358 0.183878
v 0.018304 1.536445 0.191459
v 0.051406 1.533933 0.148496
v 0.053353 1.533620 0.146163
v 0.056274 1.531187 0.139942
v 0.027067 1.551694 0.206623
v 0.009542 1.530324 -0.509558
v 0.006622 1.530167 -0.517334
v 0.030961 1.553264 0.204873
v 0.041183 1.525145 0.090953
v 0.026093 1.524674 0.090564
v 0.016844 1.522921 0.094258
v 0.013437 1.520436 0.101451
v 0.040697 1.523889 0.094841
v 0.012950 1.522110 0.096007
v 0.023172 1.526714 0.083760
v 0.171642 1.506050 -0.131833
v 0.167261 1.503695 -0.138831
v 0.136107 1.418736 0.222758
v 0.194521 1.520829 -0.101506
v 0.008082 1.530664 -0.527832
v 0.175536 1.508770 -0.124251
v 0.008082 1.529879 -0.501198
v 0.028527 1.551511 0.204095
v 0.172129 1.507959 -0.130472
v 0.018304 1.533149 0.187960
v 0.043131 1.523627 0.095813
v 0.017818 1.521142 0.100090
v 0.136593 1.451851 0.211094
v 0.136593 1.433227 0.218481
v 0.143408 1.490538 0.175518
v 0.015384 1.529016 -0.440156
v 0.012463 1.528964 -0.450654
v 0.011489 1.528545 -0.440156
v 0.016844 1.529199 -0.440545
v 0.081587 1.529879 0.074623
v 0.041670 1.527499 0.084149
v 0.077692 1.527656 0.084926
v 0.186732 1.513400 -0.107921
v 0.187219 1.514315 -0.107532
v 0.187706 1.515754 -0.107727
v 0.010029 1.507698 0.146552
v 0.009056 1.513112 0.126529
v 0.011003 1.502021 0.166770
v 0.006135 1.512589 0.128084
v 0.038263 1.532599 0.057710
v 0.003701 1.503879 0.160938
v 0.019278 1.504192 0.158022
v 0.045564 1.527133 0.085510
v 0.007595 1.509136 0.141303
v 0.016844 1.465244 -0.789887
v 0.019278 1.533070 0.186210
v 0.021225 1.533541 0.184461
v 0.059681 1.529931 0.134694
v 0.039723 1.549994 0.184461
v 0.042644 1.551616 0.183683
v 0.185759 1.512511 -0.108893
v 0.045078 1.521744 0.101645
v 0.037776 1.524308 0.093286
v 0.137080 1.462811 0.204095
v 0.150710 1.484287 0.183683
v 0.025119 1.503068 0.161132
v 0.167748 1.514420 0.124973
v 0.041183 1.530951 0.067041
v 0.025119 1.502361 0.163660
v 0.038749 1.526557 0.086676
v 0.185272 1.520855 0.106894
v 0.190140 1.521116 0.106311
v 0.165800 1.516486 0.118947
v 0.209124 1.425773 0.218092
v 0.170668 1.517559 0.116031
v 0.209124 1.422215 0.218676
v 0.167261 1.515597 0.121669
v 0.187219 1.519442 0.110976
v 0.205230 1.421980 0.219064
v 0.033882 1.494828 0.175129
v 0.029501 1.497862 0.171241
v 0.205230 1.425276 0.218287
v 0.063089 1.473981 0.200596
v 0.068930 1.467703 0.204484
v 0.051406 1.523627 0.096202
v 0.057734 1.503695 0.156272
v 0.064062 1.476989 0.197097
v 0.062115 1.469900 0.203512
v 0.059681 1.501054 0.162882
v 0.049459 1.526714 0.086870
v 0.150710 1.510967 0.134305
v 0.143895 1.504323 0.152967
v 0.143408 1.501760 0.160160
v 0.143895 1.510993 0.134305
v 0.150223 1.497104 0.166770
v 0.161906 1.504009 -0.145052
v 0.137080 1.473745 0.196903
v 0.197928 1.482508 -0.088675
v 0.170182 1.502152 -0.136304
v 0.176023 1.485725 -0.128722
v 0.170668 1.502937 -0.134749
v 0.071364 1.522424 0.100284
v 0.082560 1.531684 0.064320
v 0.167261 1.466343 0.201374
v 0.033395 1.525511 0.089203
v 0.181378 1.457292 0.207011
v 0.018304 1.535477 0.190682
v 0.027553 1.533881 0.177073
v 0.024633 1.533620 0.180573
v 0.232490 1.455644 -0.035020
v 0.235411 1.447928 -0.031326
v 0.015871 1.461948 -0.840431
v 0.058708 1.529539 0.135471
v 0.064549 1.542408 0.141886
v 0.031934 1.552505 0.201374
v 0.039236 1.545861 0.178823
v 0.037289 1.546646 0.182322
v 0.042157 1.522346 0.099701
v 0.039723 1.522633 0.098535
v 0.137567 1.479448 0.190098
v 0.143408 1.484496 0.183489
v 0.084994 1.529565 0.076567
v 0.019278 1.503068 0.162104
v 0.080613 1.527394 0.085704
v 0.018791 1.499850 0.170075
v 0.082560 1.527133 0.086482
v 0.083534 1.529670 0.075790
v 0.018304 1.501917 0.166187
v 0.177970 1.488132 -0.125223
v 0.187706 1.483633 -0.105394
v 0.179917 1.489178 -0.120946
v 0.182838 1.491506 -0.115309
v 0.175536 1.490564 -0.129306
v 0.020738 1.500740 0.168325
v 0.172129 1.501472 -0.133582
v 0.011489 1.524543 0.087842
v 0.148763 1.502126 0.158994
v 0.150223 1.512040 0.131389
v 0.072824 1.545155 0.136832
v 0.042644 1.516251 0.118364
v 0.045564 1.515466 0.120891
v 0.053840 1.526217 0.088620
v 0.045564 1.518631 0.111171
v 0.010029 1.509529 0.139748
v 0.008082 1.508273 0.144414
v 0.102032 1.504166 0.153551
v 0.186245 1.520384 0.108255
v 0.108847 1.505291 0.150246
v 0.015384 1.528493 -0.422660
v 0.018304 1.529670 -0.449682
v 0.018304 1.529251 -0.435490
v 0.017818 1.528676 -0.418383
v 0.017818 1.529042 -0.431602
v 0.190140 1.521456 0.105339
v 0.106899 1.506599 0.146552
v 0.100571 1.505710 0.149079
v 0.013923 1.528807 -0.439378
v 0.013437 1.528493 -0.430630
v 0.016357 1.529591 -0.455125
v 0.053353 1.502440 0.160160
v 0.067957 1.463675 0.207206
v 0.012463 1.509921 0.138387
v 0.065036 1.505343 0.151412
v 0.092783 1.491140 0.175907
v 0.070877 1.505631 0.149663
v 0.012950 1.507436 0.147330
v 0.014410 1.505867 0.152773
v 0.064549 1.511072 0.134694
v 0.082560 1.508247 0.141886
v 0.079153 1.511621 0.131389
v 0.006622 1.508168 0.144997
v 0.005161 1.508247 0.144803
v 0.047512 1.524281 0.093869
v 0.043617 1.512458 0.130222
v 0.011003 1.509869 0.138582
v 0.093756 1.462602 0.206039
v 0.048972 1.514655 0.123613
v 0.067957 1.513269 0.127695
v 0.072338 1.510549 0.135860
v 0.071364 1.502623 0.158605
v 0.098624 1.488420 0.179406
v 0.086941 1.474216 0.198847
v 0.095703 1.477721 0.193986
v 0.015871 1.528676 -0.427131
v 0.016844 1.528885 -0.429464
v 0.171642 1.516565 0.118753
v 0.190627 1.520802 0.107088
v 0.016357 1.529173 -0.441905
v 0.015871 1.529513 -0.455125
v 0.011489 1.528937 -0.455514
v 0.018791 1.530245 -0.466595
v 0.015871 1.530716 -0.495172
v 0.010029 1.529513 -0.480008
v 0.021712 1.502623 0.163271
v 0.058221 1.513374 0.127501
v 0.010516 1.528414 -0.441905
v 0.014410 1.529905 -0.473982
v 0.018304 1.528990 -0.426548
v 0.009056 1.529094 -0.469705
v 0.015384 1.530298 -0.482341
v 0.015871 1.530062 -0.473010
v 0.013923 1.530088 -0.482341
v 0.013437 1.529644 -0.470483
v 0.014410 1.530585 -0.498282
v 0.012950 1.529827 -0.478453
v 0.029987 1.551956 0.202929
v 0.038263 1.550203 0.186988
v 0.040697 1.532652 0.057710
v 0.039236 1.533149 0.054988
v 0.017818 1.505213 0.154911
v 0.019765 1.505134 0.154911
v 0.031448 1.512537 0.129639
v 0.005648 1.503643 0.161521
v 0.123937 1.415780 0.223341
v 0.041183 1.521142 0.103200
v 0.038749 1.520332 0.105533
v 0.130265 1.423366 0.221592
v 0.144382 1.509869 0.137415
v 0.076719 1.521613 0.102617
v 0.161906 1.551485 0.021940
v 0.070391 1.472856 0.200985
v 0.053840 1.501158 0.163076
v 0.137567 1.509999 0.137026
v 0.049946 1.522346 0.100090
v 0.073798 1.521953 0.101645
v 0.046538 1.510889 0.135082
v 0.041183 1.507514 0.145386
v 0.006622 1.509869 0.138387
v 0.009542 1.510313 0.136832
v 0.011003 1.512144 0.130222
v 0.005161 1.508979 0.141886
v 0.010029 1.506180 0.151995
v 0.008082 1.510863 0.134694
v 0.013923 1.529225 -0.454153
v 0.017331 1.528937 -0.428492
v 0.008082 1.511804 0.131194
v 0.011489 1.529304 -0.466011
v 0.070391 1.493180 0.173769
v 0.005161 1.510523 0.135860
v 0.016844 1.528964 -0.431408
v 0.016844 1.529304 -0.442294
v 0.009542 1.511124 0.133916
v 0.063089 1.490512 0.178045
v 0.191600 1.487059 -0.098784
v 0.059194 1.515309 0.121669
v 0.021712 1.503277 0.161132
v 0.055787 1.514028 0.125557
v 0.011489 1.523392 0.091536
v 0.188193 1.490120 -0.103839
v 0.184298 1.484130 -0.112587
v 0.185759 1.487269 -0.109865
v 0.186245 1.493808 -0.109282
v 0.012950 1.523863 0.090564
v 0.177970 1.484391 -0.125223
v 0.176997 1.486458 -0.127167
v 0.173589 1.492108 -0.132999
v 0.172615 1.494226 -0.134749
v 0.190627 1.482403 -0.099368
v 0.176997 1.498516 -0.126001
v 0.098137 1.503643 0.155106
v 0.174076 1.496267 -0.131444
v 0.174076 1.430481 0.217898
v 0.085481 1.457501 0.209928
v 0.201823 1.408639 0.220814
v 0.205230 1.416801 0.219648
v 0.182838 1.497156 -0.114920
v 0.182351 1.486510 -0.115114
v 0.176023 1.484496 -0.128917
v 0.041183 1.526348 0.087648
v 0.011489 1.508090 0.144997
v 0.176023 1.492317 -0.128334
v 0.039236 1.527629 0.083371
v 0.042644 1.531030 0.066653
v 0.017818 1.506180 0.151995
v 0.163367 1.513504 0.127306
v 0.039723 1.529565 0.074817
v 0.006622 1.507331 0.148107
v 0.022199 1.497993 0.172602
v 0.009056 1.508535 0.143442
v 0.011489 1.509424 0.140137
v 0.008569 1.507384 0.147719
v 0.029014 1.496241 0.173963
v 0.092783 1.453944 0.211677
v 0.094730 1.501394 0.161132
v 0.173589 1.404376 0.223147
v 0.022686 1.499249 0.170464
v 0.165800 1.416801 0.221786
v 0.165800 1.403905 0.223925
v 0.027553 1.493389 0.179017
v 0.024146 1.497156 0.173574
v 0.092783 1.447352 0.215760
v 0.174076 1.416016 0.221397
v 0.007108 1.512746 0.127695
v 0.008082 1.512877 0.127112
v 0.041670 1.529487 0.075401
v 0.023659 1.495587 0.176296
v 0.028527 1.494619 0.176685
v 0.086941 1.441389 0.217704
v 0.061142 1.514786 0.123418
v 0.044591 1.529434 0.075790
v 0.025119 1.501080 0.166964
v 0.162393 1.514603 0.124390
v 0.019765 1.506547 0.150440
v 0.021225 1.501995 0.165604
v 0.027553 1.513374 0.126917
v 0.032908 1.515388 0.120697
v 0.018304 1.530062 -0.461929
v 0.008082 1.528623 -0.459207
v 0.010516 1.524020 0.089203
v 0.172129 1.503905 -0.132027
v 0.165314 1.502545 -0.142136
v 0.175536 1.489047 -0.130278
v 0.010516 1.508901 0.142081
v 0.180404 1.484810 -0.120169
v 0.194521 1.484810 -0.093535
v 0.175049 1.502885 -0.127750
v 0.179917 1.494880 -0.121141
v 0.094730 1.503120 0.156467
v 0.092296 1.439087 0.218481
v 0.201336 1.419364 0.219648
v 0.087915 1.449210 0.214982
v 0.024633 1.498621 0.171241
v 0.165800 1.433018 0.217509
v 0.194521 1.479081 -0.091786
v 0.173589 1.502152 -0.131055
v 0.179430 1.500583 -0.120752
v 0.098137 1.502021 0.159577
v 0.024633 1.499876 0.168909
v 0.022199 1.496502 0.175129
v 0.015384 1.501472 0.167742
v 0.016844 1.498883 0.172213
v 0.040210 1.519939 0.106894
v 0.042644 1.519338 0.108838
v 0.054813 1.521509 0.102617
v 0.010516 1.502780 0.164048
v 0.014410 1.508325 0.144219
v 0.011003 1.505213 0.155300
v 0.004674 1.506390 0.151801
v 0.013437 1.503565 0.160938
v 0.034855 1.509869 0.138387
v 0.045564 1.508378 0.142664
v 0.047998 1.510235 0.137026
v 0.004674 1.507462 0.147719
v 0.085968 1.510575 0.134888
v 0.091809 1.509319 0.138582
v 0.079153 1.500923 0.161910
v 0.124910 1.454703 0.209539
v 0.130752 1.435660 0.217704
v 0.131239 1.453316 0.210316
v 0.130265 1.409398 0.224119
v 0.039236 1.521483 0.102034
v 0.017331 1.506704 0.149663
v 0.020252 1.507358 0.147913
v 0.021712 1.505291 0.154523
v 0.011976 1.505631 0.153745
v 0.016844 1.503434 0.161132
v 0.013437 1.504271 0.158411
v 0.011976 1.506808 0.149663
v 0.004674 1.505788 0.153939
v 0.005648 1.502780 0.164826
v 0.004674 1.506939 0.149857
v 0.003701 1.502937 0.164243
v 0.004674 1.512432 0.128473
v 0.007595 1.502518 0.165409
v 0.005161 1.501838 0.168131
v 0.044591 1.526034 0.088620
v 0.040697 1.498281 0.168909
v 0.007595 1.501551 0.168714
v 0.045564 1.495168 0.172991
v 0.051893 1.505788 0.150246
v 0.043617 1.506442 0.148691
v 0.034855 1.514812 0.122446
v 0.078179 1.509293 0.138970
v 0.025606 1.512249 0.130417
v 0.037776 1.508875 0.141498
v 0.041670 1.509764 0.138582
v 0.037776 1.510784 0.135277
v 0.047998 1.505396 0.151607
v 0.011003 1.513269 0.126140
v 0.007108 1.511673 0.131583
v 0.005161 1.511412 0.132555
v 0.040210 1.496267 0.172019
v 0.031934 1.510653 0.135860
v 0.043131 1.509241 0.139942
v 0.039236 1.508378 0.142859
v 0.150223 1.490643 0.175129
v 0.150710 1.508038 0.142664
v 0.132212 1.479657 0.189904
v 0.046051 1.523026 0.097757
v 0.037289 1.523130 0.096785
v 0.019278 1.533149 0.186794
v 0.020738 1.533750 0.185433
v 0.096677 1.481279 0.189321
v 0.090349 1.485385 0.184072
v 0.101058 1.498438 0.165215
v 0.100084 1.494567 0.170658
v 0.089375 1.482142 0.188543
v 0.091809 1.488472 0.179795
v 0.058221 1.528964 0.079094
v 0.076719 1.530298 0.072096
v 0.060168 1.529147 0.078122
v 0.115662 1.553970 0.083566
v 0.111767 1.553892 0.088231
v 0.049946 1.552087 0.172991
v 0.013437 1.516905 0.113504
v 0.018791 1.512641 0.128862
v 0.026580 1.518317 0.110782
v 0.015871 1.512537 0.129056
v 0.109820 1.492474 0.173574
v 0.149250 1.513374 0.127501
v 0.138540 1.508875 0.140137
v 0.155091 1.533698 0.019413
v 0.016357 1.513871 0.124585
v 0.024633 1.515911 0.118364
v 0.167748 1.507750 0.143636
v 0.206690 1.551145 -0.087120
v 0.029014 1.425668 -0.783083
v 0.042157 1.504846 0.153745
v 0.051893 1.496267 0.170658
v 0.050432 1.493808 0.174352
v 0.038749 1.505814 0.151023
v 0.194034 1.554127 -0.054266
v 0.186245 1.554284 -0.035020
v 0.185759 1.553813 -0.034437
v 0.038263 1.525458 0.089787
v 0.029014 1.528859 0.077539
v 0.035829 1.501446 0.164632
v 0.037289 1.489126 0.182906
v 0.035829 1.487399 0.185822
v 0.038263 1.490695 0.180573
v 0.138054 1.484548 0.183489
v 0.148276 1.547692 0.041380
v 0.154604 1.548817 0.034382
v 0.138540 1.551642 0.054405
v 0.104465 1.542670 0.092314
v 0.104465 1.543978 0.093480
v 0.162880 1.533463 0.000361
v 0.087915 1.531239 0.067041
v 0.046538 1.531736 0.062959
v 0.043617 1.532181 0.060237
v 0.044104 1.530899 0.067430
v 0.058221 1.528702 0.082594
v 0.084020 1.531867 0.063348
v 0.061142 1.528937 0.079483
v 0.029501 1.529434 0.074234
v 0.182351 1.439270 0.214982
v 0.032908 1.538433 0.175907
v 0.032421 1.537831 0.175907
v 0.044591 1.551877 0.181156
v 0.178944 1.509712 -0.118613
v 0.045078 1.552217 0.180961
v 0.012463 1.466081 -0.945409
v 0.186732 1.529670 -0.063209
v 0.223241 1.553761 -0.123085
v 0.227135 1.553813 -0.131250
v 0.226649 1.553551 -0.131055
v 0.063576 1.503905 0.155300
v 0.066009 1.502492 0.159383
v 0.041670 1.483894 0.189710
v 0.042644 1.485882 0.186794
v 0.079153 1.546332 0.126917
v 0.058708 1.479788 0.193598
v 0.075745 1.545992 0.130806
v 0.101545 1.543193 0.096396
v 0.188193 1.529984 -0.066708
v 0.190140 1.529016 -0.073123
v 0.054327 1.551720 0.165798
v 0.165314 1.534064 -0.005665
v 0.064549 1.529382 0.076956
v 0.046538 1.530716 0.068597
v 0.067470 1.529147 0.078511
v 0.052866 1.530062 0.072679
v 0.144382 1.515833 0.120502
v 0.117122 1.519573 0.108838
v 0.131725 1.517820 0.114670
v 0.049459 1.531108 0.066458
v 0.072824 1.529408 0.076956
v 0.172129 1.515283 0.122446
v 0.191600 1.427525 0.218092
v 0.159959 1.431056 0.218481
v 0.105926 1.449236 0.213816
v 0.147789 1.546437 0.041575
v 0.128805 1.554781 0.067430
v 0.143895 1.542539 0.044296
v 0.156552 1.513348 0.127695
v 0.179917 1.517559 0.116225
v 0.087428 1.530324 0.072096
v 0.160933 1.515440 0.121863
v 0.078666 1.450988 0.214399
v 0.099111 1.451459 0.212844
v 0.170182 1.507017 -0.133582
v 0.060168 1.505082 0.151995
v 0.048972 1.517768 0.113892
v 0.088402 1.521430 0.103200
v 0.035829 1.531762 0.062181
v 0.078666 1.523130 0.098146
v 0.037776 1.532521 0.058293
v 0.089862 1.530978 0.068597
v 0.090349 1.530507 0.071124
v 0.121503 1.518422 0.112532
v 0.096677 1.519573 0.108644
v 0.035829 1.531448 0.063931
v 0.047998 1.531187 0.066069
v 0.107386 1.543507 0.089203
v 0.157038 1.512223 0.130806
v 0.057734 1.477355 0.196903
v 0.084020 1.552034 0.124196
v 0.105926 1.437674 0.217898
v 0.015384 1.524438 0.089203
v 0.010029 1.522817 0.092897
v 0.178457 1.519364 0.111171
v 0.078179 1.525432 0.091342
v 0.179430 1.518553 0.113309
v 0.084020 1.530742 0.069763
v 0.159472 1.398412 0.225480
v 0.182351 1.428336 0.218092
v 0.102518 1.520933 0.104561
v 0.098624 1.521639 0.102423
v 0.097650 1.524517 0.094063
v 0.191600 1.418605 0.220036
v 0.181864 1.405841 0.222369
v 0.098137 1.523497 0.096979
v 0.100084 1.521587 0.102617
v 0.121016 1.516434 0.118169
v 0.093756 1.523994 0.095619
v 0.159472 1.529330 -0.477481
v 0.164827 1.529016 -0.472232
v 0.032908 1.481488 -0.299991
v 0.245146 1.544109 -0.509169
v 0.035829 1.505396 0.152384
v 0.034368 1.506180 0.150051
v 0.039236 1.503931 0.156661
v 0.024146 1.509973 0.138193
v 0.073311 1.512929 0.128667
v 0.169208 1.504794 -0.135526
v 0.021712 1.507096 0.148302
v 0.008569 1.510104 0.137610
v 0.006135 1.511569 0.131972
v 0.046051 1.497365 0.169492
v 0.034855 1.511700 0.132361
v 0.050432 1.509450 0.139165
v 0.059681 1.502466 0.159772
v 0.051893 1.503460 0.157244
v 0.046538 1.499563 0.166187
v 0.119069 1.456141 0.208761
v 0.153631 1.547535 0.034576
v 0.138054 1.550439 0.054600
v 0.133186 1.495639 0.168909
v 0.191113 1.529173 -0.074873
v 0.065036 1.528283 0.082788
v 0.069904 1.527891 0.084149
v 0.069904 1.529277 0.077734
v 0.060655 1.528597 0.081427
v 0.040697 1.503042 0.159383
v 0.043617 1.487896 0.183683
v 0.044104 1.490041 0.180573
v 0.041670 1.502204 0.161910
v 0.242713 1.542042 -0.513835
v 0.237845 1.543010 -0.542995
v 0.192087 1.536105 0.150829
v 0.243199 1.542278 -0.511307
v 0.022686 1.506887 0.148691
v 0.060655 1.506887 0.146163
v 0.038263 1.513975 0.125362
v 0.056761 1.508273 0.142470
v 0.109820 1.502257 0.158800
v 0.115175 1.488707 0.178629
v 0.116148 1.503225 0.156078
v 0.049459 1.551747 0.172991
v 0.053840 1.552087 0.166381
v 0.169695 1.533384 -0.016746
v 0.055787 1.528964 0.079289
v 0.050432 1.529199 0.077539
v 0.073311 1.523915 0.095813
v 0.034855 1.530742 0.067625
v 0.223728 1.553395 -0.123668
v 0.111767 1.554441 0.088231
v 0.079153 1.531056 0.067625
v 0.166774 1.532704 -0.011497
v 0.093756 1.493991 0.171825
v 0.020252 1.527159 0.082010
v 0.026580 1.528597 0.078511
v 0.022199 1.527525 0.081038
v 0.028040 1.528650 0.078511
v 0.100084 1.460823 0.206623
v 0.166287 1.505919 -0.138637
v 0.008569 1.523366 0.090759
v 0.163853 1.504951 -0.141942
v 0.142922 1.473117 0.197291
v 0.016357 1.548660 0.213232
v 0.162393 1.498202 0.164632
v 0.005648 1.517794 0.108644
v 0.164827 1.484444 0.183489
v 0.029987 1.525380 0.089009
v 0.019278 1.547849 0.207595
v 0.145842 1.536078 0.037687
v 0.140001 1.535869 0.045268
v 0.137567 1.549288 0.054794
v 0.066983 1.507750 0.144025
v 0.138054 1.496162 0.168131
v 0.031934 1.553761 0.204484
v 0.138054 1.490329 0.175907
v 0.150223 1.460510 0.205456
v 0.124910 1.539374 0.065292
v 0.119556 1.539139 0.071513
v 0.167261 1.534614 -0.008776
v 0.119556 1.508770 0.140331
v 0.232003 1.512432 -0.018496
v 0.003701 1.501995 0.167742
v 0.234924 1.512877 -0.010331
v 0.208151 1.462942 -0.066708
v 0.011976 1.547221 0.215760
v 0.205717 1.450517 -0.068263
v 0.234437 1.515100 -0.015580
v 0.011003 1.547509 0.217704
v 0.208638 1.445155 -0.063792
v 0.022686 1.494436 0.178434
v 0.022686 1.551485 0.212649
v 0.026580 1.492474 0.180573
v 0.021225 1.551197 0.213427
v 0.010516 1.499301 0.172213
v 0.005161 1.500478 0.170658
v 0.018791 1.530795 -0.485452
v 0.031448 1.490251 0.182517
v 0.038749 1.492448 0.177851
v 0.027553 1.506023 0.151023
v 0.115175 1.484391 0.184461
v 0.165800 1.532102 -0.009165
v 0.020252 1.497418 0.173963
v 0.165314 1.517088 0.117392
v 0.047512 1.552479 0.177657
v 0.091322 1.511595 0.131972
v 0.064062 1.543219 0.143247
v 0.106899 1.511020 0.133916
v 0.115662 1.497313 0.166770
v 0.113228 1.507671 0.143442
v 0.153631 1.405501 0.224897
v 0.153144 1.389728 0.227229
v 0.141461 1.412197 0.224119
v 0.149737 1.428441 0.220231
v 0.224702 1.454833 -0.044351
v 0.204743 1.515859 -0.079150
v 0.008569 1.547012 0.219648
v 0.221781 1.460771 -0.049600
v 0.201823 1.464642 -0.075845
v 0.005648 1.547405 0.223730
v 0.207177 1.478009 -0.070596
v 0.204257 1.462733 -0.071179
v 0.008082 1.497208 0.176101
v 0.037289 1.554493 0.198847
v 0.040210 1.553787 0.192820
v 0.229569 1.509581 -0.026272
v 0.203770 1.456429 -0.070596
v 0.007108 1.547248 0.221786
v 0.004188 1.547561 0.225674
v 0.231516 1.509372 -0.022190
v 0.106413 1.508953 0.139942
v 0.215453 1.515100 -0.057765
v 0.185759 1.508796 -0.107921
v 0.157038 1.554048 0.032826
v 0.067957 1.543821 0.139359
v 0.183325 1.509869 -0.111809
v 0.201823 1.501106 -0.080316
v 0.188679 1.507331 -0.102867
v 0.180891 1.554676 -0.021606
v 0.145355 1.389989 0.227424
v 0.173589 1.554022 -0.005665
v 0.111767 1.446751 0.214593
v 0.108847 1.480468 0.189904
v 0.247094 1.507698 0.035159
v 0.141461 1.540107 0.045657
v 0.115175 1.509764 0.137415
v 0.162880 1.554938 0.020385
v 0.051893 1.542905 0.158022
v 0.036316 1.554284 0.199235
v 0.006622 1.497889 0.175324
v 0.040697 1.553944 0.192626
v 0.035829 1.554650 0.200985
v 0.015871 1.497627 0.174935
v 0.003214 1.518945 0.103784
v 0.023659 1.551773 0.212066
v 0.198902 1.502780 -0.085565
v 0.099111 1.442435 0.216926
v 0.099111 1.434509 0.219453
v 0.015384 1.525275 0.086676
v 0.012463 1.525040 0.086676
v 0.013437 1.525798 0.084732
v 0.161906 1.501184 -0.146802
v 0.128805 1.554467 0.067430
v 0.106413 1.459202 0.207400
v 0.139027 1.539060 0.047990
v 0.116148 1.543821 0.078706
v 0.146329 1.545076 0.042352
v 0.144382 1.514472 0.124390
v 0.143408 1.516643 0.118169
v 0.134159 1.515283 0.121863
v 0.159472 1.516643 0.118558
v 0.131239 1.516826 0.117392
v 0.153144 1.515754 0.120891
v 0.134646 1.516199 0.119336
v 0.158012 1.517820 0.115253
v 0.127344 1.518082 0.113698
v 0.157038 1.530324 -0.502559
v 0.031934 1.483423 -0.311655
v 0.161906 1.529696 -0.491867
v 0.240279 1.543769 -0.534052
v 0.166287 1.530193 -0.509169
v 0.170182 1.528885 -0.469899
v 0.062602 1.506180 0.150051
v 0.029501 1.527865 0.081622
v 0.019278 1.525798 0.085898
v 0.031448 1.529434 0.074429
v 0.016357 1.526479 0.083177
v 0.017818 1.526636 0.082982
v 0.033882 1.529801 0.072873
v 0.031934 1.481540 -0.305629
v 0.034368 1.483345 -0.300963
v 0.030474 1.482325 -0.313600
v 0.159472 1.530454 -0.511307
v 0.045078 1.528623 0.080650
v 0.041670 1.528702 0.079678
v 0.039236 1.528807 0.079094
v 0.075745 1.525772 0.090370
v 0.144869 1.543690 0.043324
v 0.085481 1.530638 0.070346
v 0.159959 1.468801 0.199819
v 0.191600 1.436471 0.215760
v 0.196468 1.441624 0.214204
v 0.159472 1.484365 0.183489
v 0.201823 1.432260 0.216732
v 0.005161 1.519128 0.103589
v 0.007595 1.518056 0.108255
v 0.236871 1.513740 -0.007804
v 0.231516 1.514498 -0.022190
v 0.003214 1.499196 0.173185
v 0.018791 1.550622 0.214982
v 0.005161 1.499118 0.173185
v 0.018304 1.498202 0.173185
v 0.026093 1.552401 0.210122
v 0.201823 1.504166 -0.080122
v 0.144869 1.538223 0.040603
v 0.233464 1.513583 -0.015774
v 0.173589 1.534692 -0.024328
v 0.161906 1.535581 0.005027
v 0.055300 1.512066 0.131389
v 0.141461 1.397104 0.226646
v 0.141948 1.430926 0.219259
v 0.189653 1.528754 -0.072151
v 0.019765 1.496057 0.176685
v 0.011976 1.498255 0.173963
v 0.132699 1.484601 0.183489
v 0.131725 1.508979 0.139942
v 0.102518 1.513688 0.125945
v 0.108847 1.514708 0.123029
v 0.056761 1.475289 0.199819
v 0.142435 1.461791 0.204679
v 0.127831 1.553996 0.068208
v 0.070391 1.544998 0.137026
v 0.126858 1.506913 0.145775
v 0.121016 1.507174 0.144997
v 0.029501 1.539139 0.180961
v 0.138054 1.500975 0.161521
v 0.030961 1.539113 0.178823
v 0.138540 1.503748 0.154717
v 0.033395 1.539008 0.175907
v 0.093269 1.504794 0.151801
v 0.151684 1.544763 0.035937
v 0.153144 1.546227 0.034965
v 0.142435 1.450439 0.212066
v 0.071851 1.545809 0.135471
v 0.121016 1.505919 0.148496
v 0.121503 1.513191 0.127501
v 0.143895 1.507070 0.145191
v 0.148763 1.542042 0.037881
v 0.119556 1.466264 0.202151
v 0.121503 1.510784 0.134499
v 0.117122 1.544423 0.077734
v 0.167261 1.475707 0.194764
v 0.249041 1.506991 0.036131
v 0.142435 1.541388 0.045268
v 0.166774 1.458025 0.206623
v 0.105439 1.429932 0.220620
v 0.220320 1.553787 -0.115892
v 0.003701 1.513923 0.122835
v 0.219834 1.514054 -0.048823
v 0.194034 1.553708 -0.054072
v 0.223241 1.554022 -0.123668
v 0.005161 1.514211 0.121863
v 0.220320 1.554048 -0.116475
v 0.070877 1.518605 0.111754
v 0.055787 1.488603 0.181350
v 0.094243 1.514891 0.121669
v 0.071851 1.520358 0.106505
v 0.116148 1.554519 0.082982
v 0.228596 1.515519 -0.030354
v 0.076232 1.523549 0.096979
v 0.184298 1.529277 -0.058543
v 0.162880 1.489701 0.176296
v 0.232490 1.512223 -0.016746
v 0.224702 1.516643 -0.039686
v 0.115175 1.515545 0.120697
v 0.060168 1.482691 0.189321
v 0.083534 1.551276 0.124585
v 0.159959 1.481331 0.187377
v 0.166774 1.479291 0.190098
v 0.158499 1.490041 0.175907
v 0.004188 1.516068 0.114864
v 0.010516 1.548503 0.220036
v 0.002727 1.515806 0.115448
v 0.014410 1.549131 0.217120
v 0.012950 1.549392 0.219648
v 0.009056 1.548739 0.222369
v 0.133186 1.500138 0.162688
v 0.225675 1.514420 -0.035798
v 0.230543 1.511281 -0.023162
v 0.085968 1.516513 0.117975
v 0.074285 1.520096 0.107283
v 0.090349 1.517794 0.114087
v 0.229083 1.517245 -0.034048
v 0.061628 1.486536 0.183878
v 0.153631 1.502283 0.158411
v 0.157038 1.502388 0.158216
v 0.155091 1.497287 0.166187
v 0.013437 1.548006 0.215954
v 0.161419 1.495011 0.169103
v 0.158985 1.499876 0.162299
v 0.161419 1.504219 0.153162
v 0.158012 1.505945 0.148496
v 0.162880 1.508299 0.142081
v 0.017331 1.548425 0.211483
v 0.014410 1.547745 0.214010
v 0.003701 1.517533 0.109227
v 0.006135 1.516356 0.114087
v 0.011976 1.548268 0.217898
v 0.015384 1.548922 0.215176
v 0.206204 1.517297 -0.077011
v 0.200849 1.518344 -0.087898
v 0.231516 1.511098 -0.020634
v 0.221781 1.515414 -0.044546
v 0.159959 1.548686 0.023690
v 0.168721 1.550046 0.004638
v 0.150223 1.478924 0.190682
v 0.066496 1.536000 0.132555
v 0.147303 1.540787 0.038659
v 0.169208 1.512641 0.129834
v 0.006622 1.548163 0.224313
v 0.008082 1.514551 0.120891
v 0.006622 1.514420 0.121280
v 0.007595 1.516486 0.113892
v 0.002241 1.517297 0.109810
v 0.008082 1.547954 0.221980
v 0.195008 1.519259 -0.098784
v 0.197442 1.518736 -0.093730
v 0.226162 1.512301 -0.033465
v 0.223241 1.513112 -0.040658
v 0.230543 1.512981 -0.022967
v 0.120043 1.475289 0.195931
v 0.167748 1.548529 0.005610
v 0.160933 1.550099 0.022718
v 0.150223 1.472254 0.197680
v 0.063576 1.536105 0.136249
v 0.146329 1.539453 0.039242
v 0.174076 1.511752 0.132555
v 0.156065 1.504663 0.151995
v 0.180891 1.515754 0.121280
v 0.177483 1.514237 0.125557
v 0.170668 1.519233 0.111365
v 0.009542 1.547771 0.219842
v 0.017331 1.550282 0.215954
v 0.015384 1.549942 0.217509
v 0.181864 1.516800 0.118364
v 0.025119 1.552191 0.211094
v 0.026580 1.552714 0.209928
v 0.030474 1.553473 0.206234
v 0.142922 1.479264 0.190293
v 0.066983 1.545783 0.142470
v 0.247580 1.508142 0.034187
v 0.150223 1.543298 0.036909
v 0.127831 1.511804 0.131778
v 0.130265 1.510339 0.136054
v 0.132699 1.490094 0.176101
v 0.114201 1.512144 0.130611
v 0.044591 1.543638 0.168520
v 0.040697 1.553159 0.190098
v 0.110794 1.540211 0.082594
v 0.142435 1.512223 0.130806
v 0.158012 1.509189 0.139359
v 0.132699 1.507907 0.142859
v 0.164340 1.536994 0.000944
v 0.153631 1.429408 0.219453
v 0.158985 1.447431 0.213427
v 0.007108 1.519416 0.103200
v 0.240279 1.455984 -0.025494
v 0.225675 1.432573 -0.042796
v 0.005648 1.521299 0.096202
v 0.004188 1.521012 0.096591
v 0.006135 1.520619 0.098729
v 0.180404 1.508927 -0.116864
v 0.001754 1.518736 0.104172
v 0.205230 1.472961 -0.073512
v 0.230543 1.507750 -0.026078
v 0.009056 1.498569 0.173769
v 0.009542 1.497836 0.175518
v 0.011003 1.498176 0.174157
v 0.004674 1.497444 0.176101
v 0.008569 1.499746 0.171630
v 0.017818 1.531344 -0.508002
v 0.082560 1.518919 0.110782
v 0.028040 1.520672 0.103395
v 0.032908 1.523052 0.096591
v 0.032421 1.504873 0.154328
v 0.026580 1.506756 0.148885
v 0.116148 1.501106 0.161327
v 0.110794 1.496554 0.167742
v 0.109333 1.484444 0.184850
v 0.115175 1.504846 0.151607
v 0.109333 1.503748 0.154717
v 0.099111 1.510183 0.136249
v 0.096190 1.512615 0.129056
v 0.075258 1.516120 0.119141
v 0.084020 1.512615 0.128084
v 0.063576 1.516068 0.119336
v 0.077692 1.514080 0.125168
v 0.066009 1.517376 0.115448
v 0.082073 1.515205 0.121863
v 0.066009 1.515806 0.120113
v 0.162880 1.554598 0.021162
v 0.162393 1.553473 0.021746
