Index	Launch Debugger	Vertex_ID	Primitive_ID	Instance_ID	SV_POSITION_C0	SV_POSITION_C1	SV_POSITION_C2	SV_POSITION_C3	TEXCOORD2_C0	TEXCOORD2_C1	TEXCOORD2_C2	TEXCOORD3_C0	TEXCOORD3_C1
[0]	358	0	0	-2.9504	-10.5888	0.2	25.9015	-0.323975	0.337646	-0.883789	201	255
[1]	357	0	0	-2.92258	-10.7234	0.2	25.8867	-0.715332	0.224731	-0.661621	201	255
[2]	351	0	0	-2.94848	-10.6663	0.2	25.8634	-0.898438	0.217407	-0.381348	201	255
[3]	358	1	0	-2.9504	-10.5888	0.2	25.9015	-0.323975	0.337646	-0.883789	201	255
[4]	355	1	0	-2.93121	-10.6951	0.2	25.9279	0.824707	0.263428	-0.5	201	255
[5]	357	1	0	-2.92258	-10.7234	0.2	25.8867	-0.715332	0.224731	-0.661621	201	255
[6]	355	2	0	-2.93121	-10.6951	0.2	25.9279	0.824707	0.263428	-0.5	201	255
[7]	348	2	0	-2.89815	-10.7823	0.2	25.9264	-0.714844	0.423828	-0.556641	201	255
[8]	357	2	0	-2.92258	-10.7234	0.2	25.8867	-0.715332	0.224731	-0.661621	201	255
[9]	348	3	0	-2.89815	-10.7823	0.2	25.9264	-0.714844	0.423828	-0.556641	201	255
[10]	355	3	0	-2.93121	-10.6951	0.2	25.9279	0.824707	0.263428	-0.5	201	255
[11]	347	3	0	-2.88647	-10.7797	0.2	25.9509	0.691406	0.628906	-0.355225	201	255
[12]	347	4	0	-2.88647	-10.7797	0.2	25.9509	0.691406	0.628906	-0.355225	201	255
[13]	338	4	0	-2.84592	-10.8285	0.2	25.9547	-0.635742	0.631836	-0.442871	201	255
[14]	348	4	0	-2.89815	-10.7823	0.2	25.9264	-0.714844	0.423828	-0.556641	201	255
[15]	338	5	0	-2.84592	-10.8285	0.2	25.9547	-0.635742	0.631836	-0.442871	201	255
[16]	347	5	0	-2.88647	-10.7797	0.2	25.9509	0.691406	0.628906	-0.355225	201	255
[17]	341	5	0	-2.83969	-10.8307	0.2	25.9751	0.786621	0.45166	-0.421143	201	255
[18]	341	6	0	-2.83969	-10.8307	0.2	25.9751	0.786621	0.45166	-0.421143	201	255
[19]	339	6	0	-2.81462	-10.8535	0.2	25.9739	-0.0515747	-0.248779	-0.967285	201	255
[20]	338	6	0	-2.84592	-10.8285	0.2	25.9547	-0.635742	0.631836	-0.442871	201	255
[21]	355	7	0	-2.93121	-10.6951	0.2	25.9279	0.824707	0.263428	-0.5	201	255
[22]	358	7	0	-2.9504	-10.5888	0.2	25.9015	-0.323975	0.337646	-0.883789	201	255
[23]	356	7	0	-2.9502	-10.5888	0.2	25.9048	0.660645	0.258057	-0.705566	201	255
[24]	356	8	0	-2.9502	-10.5888	0.2	25.9048	0.660645	0.258057	-0.705566	201	255
[25]	361	8	0	-2.95239	-10.7278	0.2	25.9113	0.689941	-0.387451	0.611328	201	255
[26]	355	8	0	-2.93121	-10.6951	0.2	25.9279	0.824707	0.263428	-0.5	201	255
[27]	342	9	0	-2.8978	-10.811	0.2	25.9432	0.715332	-0.576172	0.395996	201	255
[28]	355	9	0	-2.93121	-10.6951	0.2	25.9279	0.824707	0.263428	-0.5	201	255
[29]	361	9	0	-2.95239	-10.7278	0.2	25.9113	0.689941	-0.387451	0.611328	201	255
[30]	355	10	0	-2.93121	-10.6951	0.2	25.9279	0.824707	0.263428	-0.5	201	255
[31]	342	10	0	-2.8978	-10.811	0.2	25.9432	0.715332	-0.576172	0.395996	201	255
[32]	347	10	0	-2.88647	-10.7797	0.2	25.9509	0.691406	0.628906	-0.355225	201	255
[33]	344	11	0	-2.84934	-10.8548	0.2	25.9708	0.577148	-0.800293	0.162109	201	255
[34]	347	11	0	-2.88647	-10.7797	0.2	25.9509	0.691406	0.628906	-0.355225	201	255
[35]	342	11	0	-2.8978	-10.811	0.2	25.9432	0.715332	-0.576172	0.395996	201	255
[36]	347	12	0	-2.88647	-10.7797	0.2	25.9509	0.691406	0.628906	-0.355225	201	255
[37]	344	12	0	-2.84934	-10.8548	0.2	25.9708	0.577148	-0.800293	0.162109	201	255
[38]	341	12	0	-2.83969	-10.8307	0.2	25.9751	0.786621	0.45166	-0.421143	201	255
[39]	344	13	0	-2.84934	-10.8548	0.2	25.9708	0.577148	-0.800293	0.162109	201	255
[40]	339	13	0	-2.81462	-10.8535	0.2	25.9739	-0.0515747	-0.248779	-0.967285	201	255
[41]	341	13	0	-2.83969	-10.8307	0.2	25.9751	0.786621	0.45166	-0.421143	201	255
[42]	332	14	0	-2.85156	-10.8552	0.2	25.9487	-0.778809	-0.618164	0.102905	201	255
[43]	339	14	0	-2.81462	-10.8535	0.2	25.9739	-0.0515747	-0.248779	-0.967285	201	255
[44]	344	14	0	-2.84934	-10.8548	0.2	25.9708	0.577148	-0.800293	0.162109	201	255
[45]	334	15	0	-2.84592	-10.8285	0.2	25.9547	-0.635742	0.631836	-0.442871	201	255
[46]	339	15	0	-2.81462	-10.8535	0.2	25.9739	-0.0515747	-0.248779	-0.967285	201	255
[47]	332	15	0	-2.85156	-10.8552	0.2	25.9487	-0.778809	-0.618164	0.102905	201	255
[48]	332	16	0	-2.85156	-10.8552	0.2	25.9487	-0.778809	-0.618164	0.102905	201	255
[49]	343	16	0	-2.89815	-10.7823	0.2	25.9264	-0.714844	0.423828	-0.556641	201	255
[50]	334	16	0	-2.84592	-10.8285	0.2	25.9547	-0.635742	0.631836	-0.442871	201	255
[51]	361	17	0	-2.95239	-10.7278	0.2	25.9113	0.689941	-0.387451	0.611328	201	255
[52]	356	17	0	-2.9502	-10.5888	0.2	25.9048	0.660645	0.258057	-0.705566	201	255
[53]	354	17	0	-2.98698	-10.609	0.2	25.8781	0.775879	-0.313232	0.547363	201	255
[54]	354	18	0	-2.98698	-10.609	0.2	25.8781	0.775879	-0.313232	0.547363	201	255
[55]	350	18	0	-2.95274	-10.7519	0.2	25.8693	-0.631836	-0.55957	0.536133	201	255
[56]	361	18	0	-2.95239	-10.7278	0.2	25.9113	0.689941	-0.387451	0.611328	201	255
[57]	349	19	0	-2.91152	-10.8171	0.2	25.9135	-0.525391	-0.80127	0.2854	201	255
[58]	361	19	0	-2.95239	-10.7278	0.2	25.9113	0.689941	-0.387451	0.611328	201	255
[59]	350	19	0	-2.95274	-10.7519	0.2	25.8693	-0.631836	-0.55957	0.536133	201	255
[60]	361	20	0	-2.95239	-10.7278	0.2	25.9113	0.689941	-0.387451	0.611328	201	255
[61]	349	20	0	-2.91152	-10.8171	0.2	25.9135	-0.525391	-0.80127	0.2854	201	255
[62]	342	20	0	-2.8978	-10.811	0.2	25.9432	0.715332	-0.576172	0.395996	201	255
[63]	332	21	0	-2.85156	-10.8552	0.2	25.9487	-0.778809	-0.618164	0.102905	201	255
[64]	342	21	0	-2.8978	-10.811	0.2	25.9432	0.715332	-0.576172	0.395996	201	255
[65]	349	21	0	-2.91152	-10.8171	0.2	25.9135	-0.525391	-0.80127	0.2854	201	255
[66]	342	22	0	-2.8978	-10.811	0.2	25.9432	0.715332	-0.576172	0.395996	201	255
[67]	332	22	0	-2.85156	-10.8552	0.2	25.9487	-0.778809	-0.618164	0.102905	201	255
[68]	344	22	0	-2.84934	-10.8548	0.2	25.9708	0.577148	-0.800293	0.162109	201	255
[69]	350	23	0	-2.95274	-10.7519	0.2	25.8693	-0.631836	-0.55957	0.536133	201	255
[70]	354	23	0	-2.98698	-10.609	0.2	25.8781	0.775879	-0.313232	0.547363	201	255
[71]	345	23	0	-3.00685	-10.6311	0.2	25.8393	0.319092	-0.583008	0.74707	201	255
[72]	352	24	0	-2.94848	-10.6663	0.2	25.8634	-0.898438	0.217407	-0.381348	201	255
[73]	350	24	0	-2.95274	-10.7519	0.2	25.8693	-0.631836	-0.55957	0.536133	201	255
[74]	345	24	0	-3.00685	-10.6311	0.2	25.8393	0.319092	-0.583008	0.74707	201	255
[75]	350	25	0	-2.95274	-10.7519	0.2	25.8693	-0.631836	-0.55957	0.536133	201	255
[76]	352	25	0	-2.94848	-10.6663	0.2	25.8634	-0.898438	0.217407	-0.381348	201	255
[77]	346	25	0	-2.92258	-10.7234	0.2	25.8867	-0.716797	0.225464	-0.65918	201	255
[78]	346	26	0	-2.92258	-10.7234	0.2	25.8867	-0.716797	0.225464	-0.65918	201	255
[79]	349	26	0	-2.91152	-10.8171	0.2	25.9135	-0.525391	-0.80127	0.2854	201	255
[80]	350	26	0	-2.95274	-10.7519	0.2	25.8693	-0.631836	-0.55957	0.536133	201	255
[81]	349	27	0	-2.91152	-10.8171	0.2	25.9135	-0.525391	-0.80127	0.2854	201	255
[82]	346	27	0	-2.92258	-10.7234	0.2	25.8867	-0.716797	0.225464	-0.65918	201	255
[83]	343	27	0	-2.89815	-10.7823	0.2	25.9264	-0.714844	0.423828	-0.556641	201	255
[84]	343	28	0	-2.89815	-10.7823	0.2	25.9264	-0.714844	0.423828	-0.556641	201	255
[85]	332	28	0	-2.85156	-10.8552	0.2	25.9487	-0.778809	-0.618164	0.102905	201	255
[86]	349	28	0	-2.91152	-10.8171	0.2	25.9135	-0.525391	-0.80127	0.2854	201	255
[87]	644	29	0	-2.87583	-10.4171	0.2	25.0047	0.165039	0.304199	-0.937988	201	255
[88]	640	29	0	-2.87319	-10.5082	0.2	25.0335	0.718262	-0.19458	-0.66748	201	255
[89]	645	29	0	-2.8405	-10.5563	0.2	25.0089	0.499268	-0.0552063	-0.864746	201	255
[90]	650	30	0	-2.84427	-10.5118	0.2	24.9691	-0.668945	0.717285	-0.194214	201	255
[91]	644	30	0	-2.87583	-10.4171	0.2	25.0047	0.165039	0.304199	-0.937988	201	255
[92]	645	30	0	-2.8405	-10.5563	0.2	25.0089	0.499268	-0.0552063	-0.864746	201	255
[93]	644	31	0	-2.87583	-10.4171	0.2	25.0047	0.165039	0.304199	-0.937988	201	255
[94]	650	31	0	-2.84427	-10.5118	0.2	24.9691	-0.668945	0.717285	-0.194214	201	255
[95]	652	31	0	-2.87516	-10.4158	0.2	25.0014	-0.621094	0.690918	-0.369629	201	255
[96]	643	32	0	-2.86479	-10.5492	0.2	24.9767	-0.568848	-0.0908203	0.817383	201	255
[97]	652	32	0	-2.87516	-10.4158	0.2	25.0014	-0.621094	0.690918	-0.369629	201	255
[98]	650	32	0	-2.84427	-10.5118	0.2	24.9691	-0.668945	0.717285	-0.194214	201	255
[99]	652	33	0	-2.87516	-10.4158	0.2	25.0014	-0.621094	0.690918	-0.369629	201	255
[100]	643	33	0	-2.86479	-10.5492	0.2	24.9767	-0.568848	-0.0908203	0.817383	201	255
[101]	647	33	0	-2.91251	-10.4442	0.2	25.0172	-0.602539	0.00354576	0.797852	201	255
[102]	642	34	0	-2.87026	-10.5894	0.2	25.0156	0.375	-0.875488	0.304688	201	255
[103]	647	34	0	-2.91251	-10.4442	0.2	25.0172	-0.602539	0.00354576	0.797852	201	255
[104]	643	34	0	-2.86479	-10.5492	0.2	24.9767	-0.568848	-0.0908203	0.817383	201	255
[105]	647	35	0	-2.91251	-10.4442	0.2	25.0172	-0.602539	0.00354576	0.797852	201	255
[106]	642	35	0	-2.87026	-10.5894	0.2	25.0156	0.375	-0.875488	0.304688	201	255
[107]	637	35	0	-2.93523	-10.4802	0.2	25.0486	-0.327881	-0.450195	0.830566	201	255
[108]	642	36	0	-2.87026	-10.5894	0.2	25.0156	0.375	-0.875488	0.304688	201	255
[109]	641	36	0	-2.87319	-10.5082	0.2	25.0335	0.718262	-0.19458	-0.66748	201	255
[110]	637	36	0	-2.93523	-10.4802	0.2	25.0486	-0.327881	-0.450195	0.830566	201	255
[111]	629	37	0	-2.80601	-10.5996	0.2	24.9678	0.622559	0.0986328	-0.776367	201	255
[112]	650	37	0	-2.84427	-10.5118	0.2	24.9691	-0.668945	0.717285	-0.194214	201	255
[113]	645	37	0	-2.8405	-10.5563	0.2	25.0089	0.499268	-0.0552063	-0.864746	201	255
[114]	650	38	0	-2.84427	-10.5118	0.2	24.9691	-0.668945	0.717285	-0.194214	201	255
[115]	629	38	0	-2.80601	-10.5996	0.2	24.9678	0.622559	0.0986328	-0.776367	201	255
[116]	631	38	0	-2.78177	-10.5961	0.2	24.9425	-0.367676	0.924316	-0.103333	201	255
[117]	636	39	0	-2.79911	-10.6226	0.2	24.9469	-0.747559	-0.206299	0.631836	201	255
[118]	650	39	0	-2.84427	-10.5118	0.2	24.9691	-0.668945	0.717285	-0.194214	201	255
[119]	631	39	0	-2.78177	-10.5961	0.2	24.9425	-0.367676	0.924316	-0.103333	201	255
[120]	650	40	0	-2.84427	-10.5118	0.2	24.9691	-0.668945	0.717285	-0.194214	201	255
[121]	636	40	0	-2.79911	-10.6226	0.2	24.9469	-0.747559	-0.206299	0.631836	201	255
[122]	643	40	0	-2.86479	-10.5492	0.2	24.9767	-0.568848	-0.0908203	0.817383	201	255
[123]	628	41	0	-2.81888	-10.6378	0.2	24.9732	0.110168	-0.987305	0.11554	201	255
[124]	643	41	0	-2.86479	-10.5492	0.2	24.9767	-0.568848	-0.0908203	0.817383	201	255
[125]	636	41	0	-2.79911	-10.6226	0.2	24.9469	-0.747559	-0.206299	0.631836	201	255
[126]	643	42	0	-2.86479	-10.5492	0.2	24.9767	-0.568848	-0.0908203	0.817383	201	255
[127]	628	42	0	-2.81888	-10.6378	0.2	24.9732	0.110168	-0.987305	0.11554	201	255
[128]	642	42	0	-2.87026	-10.5894	0.2	25.0156	0.375	-0.875488	0.304688	201	255
[129]	628	43	0	-2.81888	-10.6378	0.2	24.9732	0.110168	-0.987305	0.11554	201	255
[130]	635	43	0	-2.8405	-10.5563	0.2	25.0089	0.499268	-0.0552063	-0.864746	201	255
[131]	642	43	0	-2.87026	-10.5894	0.2	25.0156	0.375	-0.875488	0.304688	201	255
[132]	641	44	0	-2.87319	-10.5082	0.2	25.0335	0.718262	-0.19458	-0.66748	201	255
[133]	642	44	0	-2.87026	-10.5894	0.2	25.0156	0.375	-0.875488	0.304688	201	255
[134]	635	44	0	-2.8405	-10.5563	0.2	25.0089	0.499268	-0.0552063	-0.864746	201	255
[135]	632	45	0	-2.74751	-10.6366	0.2	24.947	0.707031	0.29126	-0.644531	201	255
[136]	631	45	0	-2.78177	-10.5961	0.2	24.9425	-0.367676	0.924316	-0.103333	201	255
[137]	629	45	0	-2.80601	-10.5996	0.2	24.9678	0.622559	0.0986328	-0.776367	201	255
[138]	631	46	0	-2.78177	-10.5961	0.2	24.9425	-0.367676	0.924316	-0.103333	201	255
[139]	632	46	0	-2.74751	-10.6366	0.2	24.947	0.707031	0.29126	-0.644531	201	255
[140]	633	46	0	-2.73767	-10.6309	0.2	24.9278	-0.523926	0.82959	-0.192871	201	255
[141]	638	47	0	-2.74638	-10.6556	0.2	24.9269	-0.832031	-0.400391	0.383789	201	255
[142]	631	47	0	-2.78177	-10.5961	0.2	24.9425	-0.367676	0.924316	-0.103333	201	255
[143]	633	47	0	-2.73767	-10.6309	0.2	24.9278	-0.523926	0.82959	-0.192871	201	255
[144]	631	48	0	-2.78177	-10.5961	0.2	24.9425	-0.367676	0.924316	-0.103333	201	255
[145]	638	48	0	-2.74638	-10.6556	0.2	24.9269	-0.832031	-0.400391	0.383789	201	255
[146]	636	48	0	-2.79911	-10.6226	0.2	24.9469	-0.747559	-0.206299	0.631836	201	255
[147]	623	49	0	-2.75237	-10.6646	0.2	24.9483	0.340088	-0.933594	-0.113708	201	255
[148]	636	49	0	-2.79911	-10.6226	0.2	24.9469	-0.747559	-0.206299	0.631836	201	255
[149]	638	49	0	-2.74638	-10.6556	0.2	24.9269	-0.832031	-0.400391	0.383789	201	255
[150]	636	50	0	-2.79911	-10.6226	0.2	24.9469	-0.747559	-0.206299	0.631836	201	255
[151]	623	50	0	-2.75237	-10.6646	0.2	24.9483	0.340088	-0.933594	-0.113708	201	255
[152]	628	50	0	-2.81888	-10.6378	0.2	24.9732	0.110168	-0.987305	0.11554	201	255
[153]	623	51	0	-2.75237	-10.6646	0.2	24.9483	0.340088	-0.933594	-0.113708	201	255
[154]	630	51	0	-2.80601	-10.5996	0.2	24.9678	0.622559	0.0986328	-0.776367	201	255
[155]	628	51	0	-2.81888	-10.6378	0.2	24.9732	0.110168	-0.987305	0.11554	201	255
[156]	635	52	0	-2.8405	-10.5563	0.2	25.0089	0.499268	-0.0552063	-0.864746	201	255
[157]	628	52	0	-2.81888	-10.6378	0.2	24.9732	0.110168	-0.987305	0.11554	201	255
[158]	630	52	0	-2.80601	-10.5996	0.2	24.9678	0.622559	0.0986328	-0.776367	201	255
[159]	633	53	0	-2.73767	-10.6309	0.2	24.9278	-0.523926	0.82959	-0.192871	201	255
[160]	632	53	0	-2.74751	-10.6366	0.2	24.947	0.707031	0.29126	-0.644531	201	255
[161]	622	53	0	-2.71211	-10.6552	0.2	24.9329	-0.366943	-0.147827	-0.918457	201	255
[162]	638	54	0	-2.74638	-10.6556	0.2	24.9269	-0.832031	-0.400391	0.383789	201	255
[163]	633	54	0	-2.73767	-10.6309	0.2	24.9278	-0.523926	0.82959	-0.192871	201	255
[164]	622	54	0	-2.71211	-10.6552	0.2	24.9329	-0.366943	-0.147827	-0.918457	201	255
[165]	623	55	0	-2.75237	-10.6646	0.2	24.9483	0.340088	-0.933594	-0.113708	201	255
[166]	638	55	0	-2.74638	-10.6556	0.2	24.9269	-0.832031	-0.400391	0.383789	201	255
[167]	622	55	0	-2.71211	-10.6552	0.2	24.9329	-0.366943	-0.147827	-0.918457	201	255
[168]	625	56	0	-2.74751	-10.6366	0.2	24.947	0.707031	0.29126	-0.644531	201	255
[169]	623	56	0	-2.75237	-10.6646	0.2	24.9483	0.340088	-0.933594	-0.113708	201	255
[170]	622	56	0	-2.71211	-10.6552	0.2	24.9329	-0.366943	-0.147827	-0.918457	201	255
[171]	630	57	0	-2.80601	-10.5996	0.2	24.9678	0.622559	0.0986328	-0.776367	201	255
[172]	623	57	0	-2.75237	-10.6646	0.2	24.9483	0.340088	-0.933594	-0.113708	201	255
[173]	625	57	0	-2.74751	-10.6366	0.2	24.947	0.707031	0.29126	-0.644531	201	255
[174]	959	58	0	-4.03433	-10.0917	0.2	26.1318	-0.760742	0.355957	-0.542969	201	255
[175]	966	58	0	-4.07745	-10.1239	0.2	26.0893	0.520508	-0.821289	0.233154	201	255
[176]	955	58	0	-4.06518	-10.0634	0.2	26.0905	0.535645	-0.483154	-0.692383	201	255
[177]	966	59	0	-4.07745	-10.1239	0.2	26.0893	0.520508	-0.821289	0.233154	201	255
[178]	959	59	0	-4.03433	-10.0917	0.2	26.1318	-0.760742	0.355957	-0.542969	201	255
[179]	958	59	0	-4.03781	-10.1243	0.2	26.1389	-0.468994	-0.875	-0.118835	201	255
[180]	957	60	0	-4.05745	-10.1026	0.2	26.165	0.822754	-0.487305	0.292969	201	255
[181]	966	60	0	-4.07745	-10.1239	0.2	26.0893	0.520508	-0.821289	0.233154	201	255
[182]	958	60	0	-4.03781	-10.1243	0.2	26.1389	-0.468994	-0.875	-0.118835	201	255
[183]	966	61	0	-4.07745	-10.1239	0.2	26.0893	0.520508	-0.821289	0.233154	201	255
[184]	957	61	0	-4.05745	-10.1026	0.2	26.165	0.822754	-0.487305	0.292969	201	255
[185]	960	61	0	-4.11139	-10.0716	0.2	26.1012	0.688965	-0.682129	0.245361	201	255
[186]	957	62	0	-4.05745	-10.1026	0.2	26.165	0.822754	-0.487305	0.292969	201	255
[187]	965	62	0	-4.08952	-10.0337	0.2	26.1236	0.898438	-0.42041	0.126343	201	255
[188]	960	62	0	-4.11139	-10.0716	0.2	26.1012	0.688965	-0.682129	0.245361	201	255
[189]	965	63	0	-4.08952	-10.0337	0.2	26.1236	0.898438	-0.42041	0.126343	201	255
[190]	957	63	0	-4.05745	-10.1026	0.2	26.165	0.822754	-0.487305	0.292969	201	255
[191]	954	63	0	-4.04453	-10.0652	0.2	26.1574	0.487549	0.84082	-0.234985	201	255
[192]	954	64	0	-4.04453	-10.0652	0.2	26.1574	0.487549	0.84082	-0.234985	201	255
[193]	962	64	0	-4.06518	-10.0634	0.2	26.0905	0.536133	-0.485107	-0.690918	201	255
[194]	965	64	0	-4.08952	-10.0337	0.2	26.1236	0.898438	-0.42041	0.126343	201	255
[195]	962	65	0	-4.06518	-10.0634	0.2	26.0905	0.536133	-0.485107	-0.690918	201	255
[196]	954	65	0	-4.04453	-10.0652	0.2	26.1574	0.487549	0.84082	-0.234985	201	255
[197]	971	65	0	-4.03433	-10.0917	0.2	26.1318	-0.760742	0.355957	-0.542969	201	255
[198]	930	66	0	-3.9884	-10.1015	0.2	26.1773	-0.722656	0.668457	-0.177612	201	255
[199]	958	66	0	-4.03781	-10.1243	0.2	26.1389	-0.468994	-0.875	-0.118835	201	255
[200]	959	66	0	-4.03433	-10.0917	0.2	26.1318	-0.760742	0.355957	-0.542969	201	255
[201]	958	67	0	-4.03781	-10.1243	0.2	26.1389	-0.468994	-0.875	-0.118835	201	255
[202]	930	67	0	-3.9884	-10.1015	0.2	26.1773	-0.722656	0.668457	-0.177612	201	255
[203]	931	67	0	-3.98485	-10.1192	0.2	26.174	-0.766602	-0.606445	-0.210693	201	255
[204]	956	68	0	-3.99626	-10.1038	0.2	26.2008	0.947266	-0.293213	-0.129395	201	255
[205]	958	68	0	-4.03781	-10.1243	0.2	26.1389	-0.468994	-0.875	-0.118835	201	255
[206]	931	68	0	-3.98485	-10.1192	0.2	26.174	-0.766602	-0.606445	-0.210693	201	255
[207]	958	69	0	-4.03781	-10.1243	0.2	26.1389	-0.468994	-0.875	-0.118835	201	255
[208]	956	69	0	-3.99626	-10.1038	0.2	26.2008	0.947266	-0.293213	-0.129395	201	255
[209]	957	69	0	-4.05745	-10.1026	0.2	26.165	0.822754	-0.487305	0.292969	201	255
[210]	956	70	0	-3.99626	-10.1038	0.2	26.2008	0.947266	-0.293213	-0.129395	201	255
[211]	954	70	0	-4.04453	-10.0652	0.2	26.1574	0.487549	0.84082	-0.234985	201	255
[212]	957	70	0	-4.05745	-10.1026	0.2	26.165	0.822754	-0.487305	0.292969	201	255
[213]	954	71	0	-4.04453	-10.0652	0.2	26.1574	0.487549	0.84082	-0.234985	201	255
[214]	956	71	0	-3.99626	-10.1038	0.2	26.2008	0.947266	-0.293213	-0.129395	201	255
[215]	963	71	0	-3.99104	-10.0901	0.2	26.1841	0.0415344	0.983398	-0.177002	201	255
[216]	961	72	0	-3.9884	-10.1015	0.2	26.1773	-0.722656	0.668457	-0.177612	201	255
[217]	954	72	0	-4.04453	-10.0652	0.2	26.1574	0.487549	0.84082	-0.234985	201	255
[218]	963	72	0	-3.99104	-10.0901	0.2	26.1841	0.0415344	0.983398	-0.177002	201	255
[219]	954	73	0	-4.04453	-10.0652	0.2	26.1574	0.487549	0.84082	-0.234985	201	255
[220]	961	73	0	-3.9884	-10.1015	0.2	26.1773	-0.722656	0.668457	-0.177612	201	255
[221]	971	73	0	-4.03433	-10.0917	0.2	26.1318	-0.760742	0.355957	-0.542969	201	255
[222]	930	74	0	-3.9884	-10.1015	0.2	26.1773	-0.722656	0.668457	-0.177612	201	255
[223]	929	74	0	-3.93855	-10.0875	0.2	26.1998	-0.00693893	0.0993042	-0.995117	201	255
[224]	931	74	0	-3.98485	-10.1192	0.2	26.174	-0.766602	-0.606445	-0.210693	201	255
[225]	931	75	0	-3.98485	-10.1192	0.2	26.174	-0.766602	-0.606445	-0.210693	201	255
[226]	929	75	0	-3.93855	-10.0875	0.2	26.1998	-0.00693893	0.0993042	-0.995117	201	255
[227]	956	75	0	-3.99626	-10.1038	0.2	26.2008	0.947266	-0.293213	-0.129395	201	255
[228]	956	76	0	-3.99626	-10.1038	0.2	26.2008	0.947266	-0.293213	-0.129395	201	255
[229]	929	76	0	-3.93855	-10.0875	0.2	26.1998	-0.00693893	0.0993042	-0.995117	201	255
[230]	963	76	0	-3.99104	-10.0901	0.2	26.1841	0.0415344	0.983398	-0.177002	201	255
[231]	963	77	0	-3.99104	-10.0901	0.2	26.1841	0.0415344	0.983398	-0.177002	201	255
[232]	929	77	0	-3.93855	-10.0875	0.2	26.1998	-0.00693893	0.0993042	-0.995117	201	255
[233]	961	77	0	-3.9884	-10.1015	0.2	26.1773	-0.722656	0.668457	-0.177612	201	255
[234]	1170	78	0	-4.16858	-10.5683	0.2	25.7482	0.180054	-0.589844	-0.786621	201	255
[235]	1169	78	0	-4.12823	-10.6667	0.2	25.7371	-0.697754	0.249878	-0.670898	201	255
[236]	1165	78	0	-4.13912	-10.6256	0.2	25.7056	0.0796509	-0.994629	-0.0631104	201	255
[237]	1170	79	0	-4.16858	-10.5683	0.2	25.7482	0.180054	-0.589844	-0.786621	201	255
[238]	1175	79	0	-4.14296	-10.6437	0.2	25.7741	0.813477	0.421143	-0.400391	201	255
[239]	1169	79	0	-4.12823	-10.6667	0.2	25.7371	-0.697754	0.249878	-0.670898	201	255
[240]	1175	80	0	-4.14296	-10.6437	0.2	25.7741	0.813477	0.421143	-0.400391	201	255
[241]	1168	80	0	-4.09896	-10.7029	0.2	25.7712	-0.62793	0.609375	-0.483887	201	255
[242]	1169	80	0	-4.12823	-10.6667	0.2	25.7371	-0.697754	0.249878	-0.670898	201	255
[243]	1168	81	0	-4.09896	-10.7029	0.2	25.7712	-0.62793	0.609375	-0.483887	201	255
[244]	1175	81	0	-4.14296	-10.6437	0.2	25.7741	0.813477	0.421143	-0.400391	201	255
[245]	1159	81	0	-4.10134	-10.6967	0.2	25.7945	0.763672	0.54834	-0.34082	201	255
[246]	1159	82	0	-4.10134	-10.6967	0.2	25.7945	0.763672	0.54834	-0.34082	201	255
[247]	1157	82	0	-4.05568	-10.7318	0.2	25.7899	-0.65918	0.714844	-0.234253	201	255
[248]	1168	82	0	-4.09896	-10.7029	0.2	25.7712	-0.62793	0.609375	-0.483887	201	255
[249]	1157	83	0	-4.05568	-10.7318	0.2	25.7899	-0.65918	0.714844	-0.234253	201	255
[250]	1159	83	0	-4.10134	-10.6967	0.2	25.7945	0.763672	0.54834	-0.34082	201	255
[251]	1161	83	0	-4.05066	-10.7305	0.2	25.8077	0.713867	0.543457	-0.441895	201	255
[252]	1161	84	0	-4.05066	-10.7305	0.2	25.8077	0.713867	0.543457	-0.441895	201	255
[253]	1154	84	0	-4.02601	-10.7431	0.2	25.8001	-0.243042	-0.0679321	-0.967773	201	255
[254]	1157	84	0	-4.05568	-10.7318	0.2	25.7899	-0.65918	0.714844	-0.234253	201	255
[255]	1175	85	0	-4.14296	-10.6437	0.2	25.7741	0.813477	0.421143	-0.400391	201	255
[256]	1170	85	0	-4.16858	-10.5683	0.2	25.7482	0.180054	-0.589844	-0.786621	201	255
[257]	1172	85	0	-4.16874	-10.5681	0.2	25.7513	0.766113	-0.64209	-0.0348511	201	255
[258]	1172	86	0	-4.16874	-10.5681	0.2	25.7513	0.766113	-0.64209	-0.0348511	201	255
[259]	1174	86	0	-4.15971	-10.6741	0.2	25.7668	0.714355	-0.517578	0.47168	201	255
[260]	1175	86	0	-4.14296	-10.6437	0.2	25.7741	0.813477	0.421143	-0.400391	201	255
[261]	1162	87	0	-4.11208	-10.7271	0.2	25.7915	0.697754	-0.662598	0.272705	201	255
[262]	1175	87	0	-4.14296	-10.6437	0.2	25.7741	0.813477	0.421143	-0.400391	201	255
[263]	1174	87	0	-4.15971	-10.6741	0.2	25.7668	0.714355	-0.517578	0.47168	201	255
[264]	1175	88	0	-4.14296	-10.6437	0.2	25.7741	0.813477	0.421143	-0.400391	201	255
[265]	1162	88	0	-4.11208	-10.7271	0.2	25.7915	0.697754	-0.662598	0.272705	201	255
[266]	1159	88	0	-4.10134	-10.6967	0.2	25.7945	0.763672	0.54834	-0.34082	201	255
[267]	1160	89	0	-4.05825	-10.752	0.2	25.8068	0.629883	-0.771484	-0.0898438	201	255
[268]	1159	89	0	-4.10134	-10.6967	0.2	25.7945	0.763672	0.54834	-0.34082	201	255
[269]	1162	89	0	-4.11208	-10.7271	0.2	25.7915	0.697754	-0.662598	0.272705	201	255
[270]	1159	90	0	-4.10134	-10.6967	0.2	25.7945	0.763672	0.54834	-0.34082	201	255
[271]	1160	90	0	-4.05825	-10.752	0.2	25.8068	0.629883	-0.771484	-0.0898438	201	255
[272]	1161	90	0	-4.05066	-10.7305	0.2	25.8077	0.713867	0.543457	-0.441895	201	255
[273]	1160	91	0	-4.05825	-10.752	0.2	25.8068	0.629883	-0.771484	-0.0898438	201	255
[274]	1154	91	0	-4.02601	-10.7431	0.2	25.8001	-0.243042	-0.0679321	-0.967773	201	255
[275]	1161	91	0	-4.05066	-10.7305	0.2	25.8077	0.713867	0.543457	-0.441895	201	255
[276]	1158	92	0	-4.05859	-10.7546	0.2	25.7881	-0.749512	-0.658691	0.0632324	201	255
[277]	1154	92	0	-4.02601	-10.7431	0.2	25.8001	-0.243042	-0.0679321	-0.967773	201	255
[278]	1160	92	0	-4.05825	-10.752	0.2	25.8068	0.629883	-0.771484	-0.0898438	201	255
[279]	1156	93	0	-4.05568	-10.7318	0.2	25.7899	-0.65918	0.714844	-0.234253	201	255
[280]	1154	93	0	-4.02601	-10.7431	0.2	25.8001	-0.243042	-0.0679321	-0.967773	201	255
[281]	1158	93	0	-4.05859	-10.7546	0.2	25.7881	-0.749512	-0.658691	0.0632324	201	255
[282]	1158	94	0	-4.05859	-10.7546	0.2	25.7881	-0.749512	-0.658691	0.0632324	201	255
[283]	1163	94	0	-4.09896	-10.7029	0.2	25.7712	-0.62793	0.609375	-0.483887	201	255
[284]	1156	94	0	-4.05568	-10.7318	0.2	25.7899	-0.65918	0.714844	-0.234253	201	255
[285]	1174	95	0	-4.15971	-10.6741	0.2	25.7668	0.714355	-0.517578	0.47168	201	255
[286]	1172	95	0	-4.16874	-10.5681	0.2	25.7513	0.766113	-0.64209	-0.0348511	201	255
[287]	1173	95	0	-4.19956	-10.5999	0.2	25.7362	0.65918	-0.628418	0.412842	201	255
[288]	1173	96	0	-4.19956	-10.5999	0.2	25.7362	0.65918	-0.628418	0.412842	201	255
[289]	1167	96	0	-4.15478	-10.6965	0.2	25.7302	-0.481445	-0.777832	0.404541	201	255
[290]	1174	96	0	-4.15971	-10.6741	0.2	25.7668	0.714355	-0.517578	0.47168	201	255
[291]	1166	97	0	-4.10888	-10.739	0.2	25.7658	-0.624512	-0.76416	0.161987	201	255
[292]	1174	97	0	-4.15971	-10.6741	0.2	25.7668	0.714355	-0.517578	0.47168	201	255
[293]	1167	97	0	-4.15478	-10.6965	0.2	25.7302	-0.481445	-0.777832	0.404541	201	255
[294]	1174	98	0	-4.15971	-10.6741	0.2	25.7668	0.714355	-0.517578	0.47168	201	255
[295]	1166	98	0	-4.10888	-10.739	0.2	25.7658	-0.624512	-0.76416	0.161987	201	255
[296]	1162	98	0	-4.11208	-10.7271	0.2	25.7915	0.697754	-0.662598	0.272705	201	255
[297]	1158	99	0	-4.05859	-10.7546	0.2	25.7881	-0.749512	-0.658691	0.0632324	201	255
[298]	1162	99	0	-4.11208	-10.7271	0.2	25.7915	0.697754	-0.662598	0.272705	201	255
[299]	1166	99	0	-4.10888	-10.739	0.2	25.7658	-0.624512	-0.76416	0.161987	201	255
[300]	1162	100	0	-4.11208	-10.7271	0.2	25.7915	0.697754	-0.662598	0.272705	201	255
[301]	1158	100	0	-4.05859	-10.7546	0.2	25.7881	-0.749512	-0.658691	0.0632324	201	255
[302]	1160	100	0	-4.05825	-10.752	0.2	25.8068	0.629883	-0.771484	-0.0898438	201	255
[303]	1167	101	0	-4.15478	-10.6965	0.2	25.7302	-0.481445	-0.777832	0.404541	201	255
[304]	1173	101	0	-4.19956	-10.5999	0.2	25.7362	0.65918	-0.628418	0.412842	201	255
[305]	1164	101	0	-4.19328	-10.6224	0.2	25.6949	0.22644	-0.883301	0.4104	201	255
[306]	1176	102	0	-4.13912	-10.6256	0.2	25.7056	0.0796509	-0.994629	-0.0631104	201	255
[307]	1167	102	0	-4.15478	-10.6965	0.2	25.7302	-0.481445	-0.777832	0.404541	201	255
[308]	1164	102	0	-4.19328	-10.6224	0.2	25.6949	0.22644	-0.883301	0.4104	201	255
[309]	1167	103	0	-4.15478	-10.6965	0.2	25.7302	-0.481445	-0.777832	0.404541	201	255
[310]	1176	103	0	-4.13912	-10.6256	0.2	25.7056	0.0796509	-0.994629	-0.0631104	201	255
[311]	1171	103	0	-4.12823	-10.6667	0.2	25.7371	-0.697754	0.249878	-0.670898	201	255
[312]	1171	104	0	-4.12823	-10.6667	0.2	25.7371	-0.697754	0.249878	-0.670898	201	255
[313]	1166	104	0	-4.10888	-10.739	0.2	25.7658	-0.624512	-0.76416	0.161987	201	255
[314]	1167	104	0	-4.15478	-10.6965	0.2	25.7302	-0.481445	-0.777832	0.404541	201	255
[315]	1166	105	0	-4.10888	-10.739	0.2	25.7658	-0.624512	-0.76416	0.161987	201	255
[316]	1171	105	0	-4.12823	-10.6667	0.2	25.7371	-0.697754	0.249878	-0.670898	201	255
[317]	1163	105	0	-4.09896	-10.7029	0.2	25.7712	-0.62793	0.609375	-0.483887	201	255
[318]	1163	106	0	-4.09896	-10.7029	0.2	25.7712	-0.62793	0.609375	-0.483887	201	255
[319]	1158	106	0	-4.05859	-10.7546	0.2	25.7881	-0.749512	-0.658691	0.0632324	201	255
[320]	1166	106	0	-4.10888	-10.739	0.2	25.7658	-0.624512	-0.76416	0.161987	201	255
[321]	1613	107	0	-3.97778	-10.3047	0.2	24.9918	-0.513184	-0.751953	0.413818	201	255
[322]	1615	107	0	-3.92928	-10.2869	0.2	24.9586	0.568359	0.267334	-0.77832	201	255
[323]	1620	107	0	-3.96568	-10.2461	0.2	24.9862	-0.796875	-0.394775	-0.457275	201	255
[324]	1615	108	0	-3.92928	-10.2869	0.2	24.9586	0.568359	0.267334	-0.77832	201	255
[325]	1613	108	0	-3.97778	-10.3047	0.2	24.9918	-0.513184	-0.751953	0.413818	201	255
[326]	1621	108	0	-3.9324	-10.3208	0.2	24.9552	0.283691	-0.925293	-0.251953	201	255
[327]	1621	109	0	-3.9324	-10.3208	0.2	24.9552	0.283691	-0.925293	-0.251953	201	255
[328]	1618	109	0	-3.87806	-10.3078	0.2	24.9258	0.698242	0.572266	-0.43042	201	255
[329]	1615	109	0	-3.92928	-10.2869	0.2	24.9586	0.568359	0.267334	-0.77832	201	255
[330]	1618	110	0	-3.87806	-10.3078	0.2	24.9258	0.698242	0.572266	-0.43042	201	255
[331]	1621	110	0	-3.9324	-10.3208	0.2	24.9552	0.283691	-0.925293	-0.251953	201	255
[332]	1611	110	0	-3.87475	-10.324	0.2	24.9321	0.562012	-0.696289	-0.447021	201	255
[333]	1618	111	0	-3.87806	-10.3078	0.2	24.9258	0.698242	0.572266	-0.43042	201	255
[334]	1611	111	0	-3.87475	-10.324	0.2	24.9321	0.562012	-0.696289	-0.447021	201	255
[335]	1610	111	0	-3.82591	-10.2955	0.2	24.9108	-0.323975	0.122131	-0.938477	201	255
[336]	1611	112	0	-3.87475	-10.324	0.2	24.9321	0.562012	-0.696289	-0.447021	201	255
[337]	1616	112	0	-3.88167	-10.3181	0.2	24.9018	-0.963867	-0.16333	0.210205	201	255
[338]	1610	112	0	-3.82591	-10.2955	0.2	24.9108	-0.323975	0.122131	-0.938477	201	255
[339]	1616	113	0	-3.88167	-10.3181	0.2	24.9018	-0.963867	-0.16333	0.210205	201	255
[340]	1614	113	0	-3.87933	-10.299	0.2	24.9171	0.0280609	0.984375	-0.174561	201	255
[341]	1610	113	0	-3.82591	-10.2955	0.2	24.9108	-0.323975	0.122131	-0.938477	201	255
[342]	1614	114	0	-3.87933	-10.299	0.2	24.9171	0.0280609	0.984375	-0.174561	201	255
[343]	1617	114	0	-3.87806	-10.3078	0.2	24.9258	0.701172	0.572266	-0.425781	201	255
[344]	1610	114	0	-3.82591	-10.2955	0.2	24.9108	-0.323975	0.122131	-0.938477	201	255
[345]	1613	115	0	-3.97778	-10.3047	0.2	24.9918	-0.513184	-0.751953	0.413818	201	255
[346]	1630	115	0	-3.9468	-10.3088	0.2	24.9228	-0.729004	-0.383057	0.567383	201	255
[347]	1621	115	0	-3.9324	-10.3208	0.2	24.9552	0.283691	-0.925293	-0.251953	201	255
[348]	1616	116	0	-3.88167	-10.3181	0.2	24.9018	-0.963867	-0.16333	0.210205	201	255
[349]	1621	116	0	-3.9324	-10.3208	0.2	24.9552	0.283691	-0.925293	-0.251953	201	255
[350]	1630	116	0	-3.9468	-10.3088	0.2	24.9228	-0.729004	-0.383057	0.567383	201	255
[351]	1621	117	0	-3.9324	-10.3208	0.2	24.9552	0.283691	-0.925293	-0.251953	201	255
[352]	1616	117	0	-3.88167	-10.3181	0.2	24.9018	-0.963867	-0.16333	0.210205	201	255
[353]	1611	117	0	-3.87475	-10.324	0.2	24.9321	0.562012	-0.696289	-0.447021	201	255
[354]	1630	118	0	-3.9468	-10.3088	0.2	24.9228	-0.729004	-0.383057	0.567383	201	255
[355]	1613	118	0	-3.97778	-10.3047	0.2	24.9918	-0.513184	-0.751953	0.413818	201	255
[356]	1624	118	0	-4.00779	-10.2598	0.2	24.9657	-0.647949	-0.592285	0.478516	201	255
[357]	1629	119	0	-3.98304	-10.2287	0.2	24.9448	-0.852051	-0.302246	0.427246	201	255
[358]	1630	119	0	-3.9468	-10.3088	0.2	24.9228	-0.729004	-0.383057	0.567383	201	255
[359]	1624	119	0	-4.00779	-10.2598	0.2	24.9657	-0.647949	-0.592285	0.478516	201	255
[360]	1630	120	0	-3.9468	-10.3088	0.2	24.9228	-0.729004	-0.383057	0.567383	201	255
[361]	1629	120	0	-3.98304	-10.2287	0.2	24.9448	-0.852051	-0.302246	0.427246	201	255
[362]	1625	120	0	-3.93525	-10.2694	0.2	24.9283	-0.426514	0.901367	-0.0734253	201	255
[363]	1625	121	0	-3.93525	-10.2694	0.2	24.9283	-0.426514	0.901367	-0.0734253	201	255
[364]	1616	121	0	-3.88167	-10.3181	0.2	24.9018	-0.963867	-0.16333	0.210205	201	255
[365]	1630	121	0	-3.9468	-10.3088	0.2	24.9228	-0.729004	-0.383057	0.567383	201	255
[366]	1616	122	0	-3.88167	-10.3181	0.2	24.9018	-0.963867	-0.16333	0.210205	201	255
[367]	1625	122	0	-3.93525	-10.2694	0.2	24.9283	-0.426514	0.901367	-0.0734253	201	255
[368]	1614	122	0	-3.87933	-10.299	0.2	24.9171	0.0280609	0.984375	-0.174561	201	255
[369]	1625	123	0	-3.93525	-10.2694	0.2	24.9283	-0.426514	0.901367	-0.0734253	201	255
[370]	1617	123	0	-3.87806	-10.3078	0.2	24.9258	0.701172	0.572266	-0.425781	201	255
[371]	1614	123	0	-3.87933	-10.299	0.2	24.9171	0.0280609	0.984375	-0.174561	201	255
[372]	1617	124	0	-3.87806	-10.3078	0.2	24.9258	0.701172	0.572266	-0.425781	201	255
[373]	1625	124	0	-3.93525	-10.2694	0.2	24.9283	-0.426514	0.901367	-0.0734253	201	255
[374]	1619	124	0	-3.92928	-10.2869	0.2	24.9586	0.568359	0.267334	-0.77832	201	255
[375]	1625	125	0	-3.93525	-10.2694	0.2	24.9283	-0.426514	0.901367	-0.0734253	201	255
[376]	1622	125	0	-3.96568	-10.2461	0.2	24.9862	-0.797363	-0.392822	-0.45874	201	255
[377]	1619	125	0	-3.92928	-10.2869	0.2	24.9586	0.568359	0.267334	-0.77832	201	255
[378]	1622	126	0	-3.96568	-10.2461	0.2	24.9862	-0.797363	-0.392822	-0.45874	201	255
[379]	1625	126	0	-3.93525	-10.2694	0.2	24.9283	-0.426514	0.901367	-0.0734253	201	255
[380]	1629	126	0	-3.98304	-10.2287	0.2	24.9448	-0.852051	-0.302246	0.427246	201	255
[381]	1816	127	0	-4.12952	-10.6317	0.2	25.3416	-0.507812	-0.539551	-0.671387	201	255
[382]	1819	127	0	-4.10948	-10.6737	0.2	25.3972	-0.246582	-0.96875	0.0348511	201	255
[383]	1817	127	0	-4.09313	-10.7234	0.2	25.3747	0.467041	0.164307	-0.868652	201	255
[384]	1818	128	0	-4.10027	-10.7127	0.2	25.3322	-0.831055	0.54248	-0.121277	201	255
[385]	1816	128	0	-4.12952	-10.6317	0.2	25.3416	-0.507812	-0.539551	-0.671387	201	255
[386]	1817	128	0	-4.09313	-10.7234	0.2	25.3747	0.467041	0.164307	-0.868652	201	255
[387]	1816	129	0	-4.12952	-10.6317	0.2	25.3416	-0.507812	-0.539551	-0.671387	201	255
[388]	1818	129	0	-4.10027	-10.7127	0.2	25.3322	-0.831055	0.54248	-0.121277	201	255
[389]	1821	129	0	-4.12941	-10.6323	0.2	25.3386	-0.817871	-0.525879	0.233398	201	255
[390]	1823	130	0	-4.11869	-10.7404	0.2	25.3397	-0.583984	-0.422119	0.693848	201	255
[391]	1821	130	0	-4.12941	-10.6323	0.2	25.3386	-0.817871	-0.525879	0.233398	201	255
[392]	1818	130	0	-4.10027	-10.7127	0.2	25.3322	-0.831055	0.54248	-0.121277	201	255
[393]	1821	131	0	-4.12941	-10.6323	0.2	25.3386	-0.817871	-0.525879	0.233398	201	255
[394]	1823	131	0	-4.11869	-10.7404	0.2	25.3397	-0.583984	-0.422119	0.693848	201	255
[395]	1813	131	0	-4.16185	-10.6604	0.2	25.3476	-0.571289	-0.537598	0.620117	201	255
[396]	1814	132	0	-4.12086	-10.7514	0.2	25.3778	0.471924	-0.847656	0.242676	201	255
[397]	1813	132	0	-4.16185	-10.6604	0.2	25.3476	-0.571289	-0.537598	0.620117	201	255
[398]	1823	132	0	-4.11869	-10.7404	0.2	25.3397	-0.583984	-0.422119	0.693848	201	255
[399]	1813	133	0	-4.16185	-10.6604	0.2	25.3476	-0.571289	-0.537598	0.620117	201	255
[400]	1814	133	0	-4.12086	-10.7514	0.2	25.3778	0.471924	-0.847656	0.242676	201	255
[401]	1803	133	0	-4.1641	-10.6695	0.2	25.3908	-0.219482	-0.848633	0.481201	201	255
[402]	1814	134	0	-4.12086	-10.7514	0.2	25.3778	0.471924	-0.847656	0.242676	201	255
[403]	1806	134	0	-4.10948	-10.6737	0.2	25.3972	-0.246582	-0.96875	0.0348511	201	255
[404]	1803	134	0	-4.1641	-10.6695	0.2	25.3908	-0.219482	-0.848633	0.481201	201	255
[405]	1815	135	0	-4.05878	-10.7682	0.2	25.3539	0.513672	0.525879	-0.677734	201	255
[406]	1818	135	0	-4.10027	-10.7127	0.2	25.3322	-0.831055	0.54248	-0.121277	201	255
[407]	1817	135	0	-4.09313	-10.7234	0.2	25.3747	0.467041	0.164307	-0.868652	201	255
[408]	1818	136	0	-4.10027	-10.7127	0.2	25.3322	-0.831055	0.54248	-0.121277	201	255
[409]	1815	136	0	-4.05878	-10.7682	0.2	25.3539	0.513672	0.525879	-0.677734	201	255
[410]	1820	136	0	-4.05657	-10.7693	0.2	25.33	-0.747559	0.65918	-0.0837402	201	255
[411]	1811	137	0	-4.06763	-10.7987	0.2	25.3341	-0.65625	-0.563477	0.501953	201	255
[412]	1818	137	0	-4.10027	-10.7127	0.2	25.3322	-0.831055	0.54248	-0.121277	201	255
[413]	1820	137	0	-4.05657	-10.7693	0.2	25.33	-0.747559	0.65918	-0.0837402	201	255
[414]	1818	138	0	-4.10027	-10.7127	0.2	25.3322	-0.831055	0.54248	-0.121277	201	255
[415]	1811	138	0	-4.06763	-10.7987	0.2	25.3341	-0.65625	-0.563477	0.501953	201	255
[416]	1823	138	0	-4.11869	-10.7404	0.2	25.3397	-0.583984	-0.422119	0.693848	201	255
[417]	1808	139	0	-4.06989	-10.8023	0.2	25.3612	0.528809	-0.848145	-0.0344238	201	255
[418]	1823	139	0	-4.11869	-10.7404	0.2	25.3397	-0.583984	-0.422119	0.693848	201	255
[419]	1811	139	0	-4.06763	-10.7987	0.2	25.3341	-0.65625	-0.563477	0.501953	201	255
[420]	1823	140	0	-4.11869	-10.7404	0.2	25.3397	-0.583984	-0.422119	0.693848	201	255
[421]	1808	140	0	-4.06989	-10.8023	0.2	25.3612	0.528809	-0.848145	-0.0344238	201	255
[422]	1814	140	0	-4.12086	-10.7514	0.2	25.3778	0.471924	-0.847656	0.242676	201	255
[423]	1808	141	0	-4.06989	-10.8023	0.2	25.3612	0.528809	-0.848145	-0.0344238	201	255
[424]	1809	141	0	-4.09313	-10.7234	0.2	25.3747	0.467041	0.164307	-0.868652	201	255
[425]	1814	141	0	-4.12086	-10.7514	0.2	25.3778	0.471924	-0.847656	0.242676	201	255
[426]	1806	142	0	-4.10948	-10.6737	0.2	25.3972	-0.246582	-0.96875	0.0348511	201	255
[427]	1814	142	0	-4.12086	-10.7514	0.2	25.3778	0.471924	-0.847656	0.242676	201	255
[428]	1809	142	0	-4.09313	-10.7234	0.2	25.3747	0.467041	0.164307	-0.868652	201	255
[429]	1812	143	0	-4.01324	-10.8003	0.2	25.3483	0.640625	0.618652	-0.455322	201	255
[430]	1820	143	0	-4.05657	-10.7693	0.2	25.33	-0.747559	0.65918	-0.0837402	201	255
[431]	1815	143	0	-4.05878	-10.7682	0.2	25.3539	0.513672	0.525879	-0.677734	201	255
[432]	1820	144	0	-4.05657	-10.7693	0.2	25.33	-0.747559	0.65918	-0.0837402	201	255
[433]	1812	144	0	-4.01324	-10.8003	0.2	25.3483	0.640625	0.618652	-0.455322	201	255
[434]	1805	144	0	-4.00629	-10.8035	0.2	25.3336	-0.734375	0.649902	-0.19519	201	255
[435]	1804	145	0	-4.01253	-10.8254	0.2	25.3341	-0.727539	-0.671387	0.140503	201	255
[436]	1820	145	0	-4.05657	-10.7693	0.2	25.33	-0.747559	0.65918	-0.0837402	201	255
[437]	1805	145	0	-4.00629	-10.8035	0.2	25.3336	-0.734375	0.649902	-0.19519	201	255
[438]	1820	146	0	-4.05657	-10.7693	0.2	25.33	-0.747559	0.65918	-0.0837402	201	255
[439]	1804	146	0	-4.01253	-10.8254	0.2	25.3341	-0.727539	-0.671387	0.140503	201	255
[440]	1811	146	0	-4.06763	-10.7987	0.2	25.3341	-0.65625	-0.563477	0.501953	201	255
[441]	1810	147	0	-4.01673	-10.8222	0.2	25.3525	0.621582	-0.760254	-0.190186	201	255
[442]	1811	147	0	-4.06763	-10.7987	0.2	25.3341	-0.65625	-0.563477	0.501953	201	255
[443]	1804	147	0	-4.01253	-10.8254	0.2	25.3341	-0.727539	-0.671387	0.140503	201	255
[444]	1811	148	0	-4.06763	-10.7987	0.2	25.3341	-0.65625	-0.563477	0.501953	201	255
[445]	1810	148	0	-4.01673	-10.8222	0.2	25.3525	0.621582	-0.760254	-0.190186	201	255
[446]	1808	148	0	-4.06989	-10.8023	0.2	25.3612	0.528809	-0.848145	-0.0344238	201	255
[447]	1810	149	0	-4.01673	-10.8222	0.2	25.3525	0.621582	-0.760254	-0.190186	201	255
[448]	1807	149	0	-4.05878	-10.7682	0.2	25.3539	0.513672	0.525879	-0.677734	201	255
[449]	1808	149	0	-4.06989	-10.8023	0.2	25.3612	0.528809	-0.848145	-0.0344238	201	255
[450]	1809	150	0	-4.09313	-10.7234	0.2	25.3747	0.467041	0.164307	-0.868652	201	255
[451]	1808	150	0	-4.06989	-10.8023	0.2	25.3612	0.528809	-0.848145	-0.0344238	201	255
[452]	1807	150	0	-4.05878	-10.7682	0.2	25.3539	0.513672	0.525879	-0.677734	201	255
[453]	1805	151	0	-4.00629	-10.8035	0.2	25.3336	-0.734375	0.649902	-0.19519	201	255
[454]	1812	151	0	-4.01324	-10.8003	0.2	25.3483	0.640625	0.618652	-0.455322	201	255
[455]	1802	151	0	-3.98191	-10.8137	0.2	25.3487	-0.101929	-0.0768433	-0.991699	201	255
[456]	1804	152	0	-4.01253	-10.8254	0.2	25.3341	-0.727539	-0.671387	0.140503	201	255
[457]	1805	152	0	-4.00629	-10.8035	0.2	25.3336	-0.734375	0.649902	-0.19519	201	255
[458]	1802	152	0	-3.98191	-10.8137	0.2	25.3487	-0.101929	-0.0768433	-0.991699	201	255
[459]	1810	153	0	-4.01673	-10.8222	0.2	25.3525	0.621582	-0.760254	-0.190186	201	255
[460]	1804	153	0	-4.01253	-10.8254	0.2	25.3341	-0.727539	-0.671387	0.140503	201	255
[461]	1802	153	0	-3.98191	-10.8137	0.2	25.3487	-0.101929	-0.0768433	-0.991699	201	255
[462]	1801	154	0	-4.01324	-10.8003	0.2	25.3483	0.640625	0.618652	-0.455322	201	255
[463]	1810	154	0	-4.01673	-10.8222	0.2	25.3525	0.621582	-0.760254	-0.190186	201	255
[464]	1802	154	0	-3.98191	-10.8137	0.2	25.3487	-0.101929	-0.0768433	-0.991699	201	255
[465]	1807	155	0	-4.05878	-10.7682	0.2	25.3539	0.513672	0.525879	-0.677734	201	255
[466]	1810	155	0	-4.01673	-10.8222	0.2	25.3525	0.621582	-0.760254	-0.190186	201	255
[467]	1801	155	0	-4.01324	-10.8003	0.2	25.3483	0.640625	0.618652	-0.455322	201	255
[468]	0	156	0	-3.07252	-10.9162	0.2	25.8491	0.00852203	0.949219	-0.314209	201	255
[469]	2	156	0	-3.00588	-10.9352	0.2	25.8474	-0.349609	0.029541	-0.936035	201	255
[470]	4	156	0	-3.0775	-10.9222	0.2	25.8343	-0.923828	0.380859	0.0461731	201	255
[471]	4	157	0	-3.0775	-10.9222	0.2	25.8343	-0.923828	0.380859	0.0461731	201	255
[472]	2	157	0	-3.00588	-10.9352	0.2	25.8474	-0.349609	0.029541	-0.936035	201	255
[473]	9	157	0	-3.06855	-10.964	0.2	25.8471	-0.322021	-0.937988	0.127441	201	255
[474]	14	158	0	-3.14353	-10.9283	0.2	25.8509	0.102783	-0.926758	0.360596	201	255
[475]	4	158	0	-3.0775	-10.9222	0.2	25.8343	-0.923828	0.380859	0.0461731	201	255
[476]	9	158	0	-3.06855	-10.964	0.2	25.8471	-0.322021	-0.937988	0.127441	201	255
[477]	4	159	0	-3.0775	-10.9222	0.2	25.8343	-0.923828	0.380859	0.0461731	201	255
[478]	14	159	0	-3.14353	-10.9283	0.2	25.8509	0.102783	-0.926758	0.360596	201	255
[479]	10	159	0	-3.1458	-10.8805	0.2	25.813	-0.994141	0.000546932	0.107178	201	255
[480]	6	160	0	-3.13729	-10.8644	0.2	25.8338	-0.318848	0.786133	-0.529297	201	255
[481]	4	160	0	-3.0775	-10.9222	0.2	25.8343	-0.923828	0.380859	0.0461731	201	255
[482]	10	160	0	-3.1458	-10.8805	0.2	25.813	-0.994141	0.000546932	0.107178	201	255
[483]	4	161	0	-3.0775	-10.9222	0.2	25.8343	-0.923828	0.380859	0.0461731	201	255
[484]	6	161	0	-3.13729	-10.8644	0.2	25.8338	-0.318848	0.786133	-0.529297	201	255
[485]	0	161	0	-3.07252	-10.9162	0.2	25.8491	0.00852203	0.949219	-0.314209	201	255
[486]	9	162	0	-3.06855	-10.964	0.2	25.8471	-0.322021	-0.937988	0.127441	201	255
[487]	2	162	0	-3.00588	-10.9352	0.2	25.8474	-0.349609	0.029541	-0.936035	201	255
[488]	1	162	0	-3.05507	-10.9324	0.2	25.8721	0.864258	-0.0829468	-0.496094	201	255
[489]	8	163	0	-3.12527	-10.8847	0.2	25.8752	0.888672	0.0671997	-0.454102	201	255
[490]	9	163	0	-3.06855	-10.964	0.2	25.8471	-0.322021	-0.937988	0.127441	201	255
[491]	1	163	0	-3.05507	-10.9324	0.2	25.8721	0.864258	-0.0829468	-0.496094	201	255
[492]	9	164	0	-3.06855	-10.964	0.2	25.8471	-0.322021	-0.937988	0.127441	201	255
[493]	8	164	0	-3.12527	-10.8847	0.2	25.8752	0.888672	0.0671997	-0.454102	201	255
[494]	14	164	0	-3.14353	-10.9283	0.2	25.8509	0.102783	-0.926758	0.360596	201	255
[495]	13	165	0	-3.18254	-10.7775	0.2	25.8789	0.734375	0.0233459	-0.678711	201	255
[496]	14	165	0	-3.14353	-10.9283	0.2	25.8509	0.102783	-0.926758	0.360596	201	255
[497]	8	165	0	-3.12527	-10.8847	0.2	25.8752	0.888672	0.0671997	-0.454102	201	255
[498]	14	166	0	-3.14353	-10.9283	0.2	25.8509	0.102783	-0.926758	0.360596	201	255
[499]	13	166	0	-3.18254	-10.7775	0.2	25.8789	0.734375	0.0233459	-0.678711	201	255
[500]	18	166	0	-3.21683	-10.8336	0.2	25.8481	0.343018	-0.76709	0.541992	201	255
[501]	17	167	0	-3.21148	-10.8006	0.2	25.7952	-0.933594	-0.210938	0.290771	201	255
[502]	14	167	0	-3.14353	-10.9283	0.2	25.8509	0.102783	-0.926758	0.360596	201	255
[503]	18	167	0	-3.21683	-10.8336	0.2	25.8481	0.343018	-0.76709	0.541992	201	255
[504]	14	168	0	-3.14353	-10.9283	0.2	25.8509	0.102783	-0.926758	0.360596	201	255
[505]	17	168	0	-3.21148	-10.8006	0.2	25.7952	-0.933594	-0.210938	0.290771	201	255
[506]	10	168	0	-3.1458	-10.8805	0.2	25.813	-0.994141	0.000546932	0.107178	201	255
[507]	11	169	0	-3.1824	-10.7787	0.2	25.8322	-0.483154	0.542969	-0.687012	201	255
[508]	10	169	0	-3.1458	-10.8805	0.2	25.813	-0.994141	0.000546932	0.107178	201	255
[509]	17	169	0	-3.21148	-10.8006	0.2	25.7952	-0.933594	-0.210938	0.290771	201	255
[510]	10	170	0	-3.1458	-10.8805	0.2	25.813	-0.994141	0.000546932	0.107178	201	255
[511]	11	170	0	-3.1824	-10.7787	0.2	25.8322	-0.483154	0.542969	-0.687012	201	255
[512]	6	170	0	-3.13729	-10.8644	0.2	25.8338	-0.318848	0.786133	-0.529297	201	255
[513]	1	171	0	-3.05507	-10.9324	0.2	25.8721	0.864258	-0.0829468	-0.496094	201	255
[514]	2	171	0	-3.00588	-10.9352	0.2	25.8474	-0.349609	0.029541	-0.936035	201	255
[515]	3	171	0	-3.07252	-10.9162	0.2	25.8491	0.00852203	0.949219	-0.314209	201	255
[516]	3	172	0	-3.07252	-10.9162	0.2	25.8491	0.00852203	0.949219	-0.314209	201	255
[517]	8	172	0	-3.12527	-10.8847	0.2	25.8752	0.888672	0.0671997	-0.454102	201	255
[518]	1	172	0	-3.05507	-10.9324	0.2	25.8721	0.864258	-0.0829468	-0.496094	201	255
[519]	8	173	0	-3.12527	-10.8847	0.2	25.8752	0.888672	0.0671997	-0.454102	201	255
[520]	3	173	0	-3.07252	-10.9162	0.2	25.8491	0.00852203	0.949219	-0.314209	201	255
[521]	7	173	0	-3.13729	-10.8644	0.2	25.8338	-0.318848	0.786133	-0.529297	201	255
[522]	16	174	0	-3.1824	-10.7787	0.2	25.8322	-0.483154	0.542969	-0.687012	201	255
[523]	8	174	0	-3.12527	-10.8847	0.2	25.8752	0.888672	0.0671997	-0.454102	201	255
[524]	7	174	0	-3.13729	-10.8644	0.2	25.8338	-0.318848	0.786133	-0.529297	201	255
[525]	8	175	0	-3.12527	-10.8847	0.2	25.8752	0.888672	0.0671997	-0.454102	201	255
[526]	16	175	0	-3.1824	-10.7787	0.2	25.8322	-0.483154	0.542969	-0.687012	201	255
[527]	13	175	0	-3.18254	-10.7775	0.2	25.8789	0.734375	0.0233459	-0.678711	201	255
[528]	15	176	0	-3.20376	-10.6876	0.2	25.8221	-0.509277	0.489502	-0.708008	201	255
[529]	13	176	0	-3.18254	-10.7775	0.2	25.8789	0.734375	0.0233459	-0.678711	201	255
[530]	16	176	0	-3.1824	-10.7787	0.2	25.8322	-0.483154	0.542969	-0.687012	201	255
[531]	13	177	0	-3.18254	-10.7775	0.2	25.8789	0.734375	0.0233459	-0.678711	201	255
[532]	15	177	0	-3.20376	-10.6876	0.2	25.8221	-0.509277	0.489502	-0.708008	201	255
[533]	19	177	0	-3.24176	-10.6624	0.2	25.8926	0.943359	-0.313477	-0.110779	201	255
[534]	19	178	0	-3.24176	-10.6624	0.2	25.8926	0.943359	-0.313477	-0.110779	201	255
[535]	18	178	0	-3.21683	-10.8336	0.2	25.8481	0.343018	-0.76709	0.541992	201	255
[536]	13	178	0	-3.18254	-10.7775	0.2	25.8789	0.734375	0.0233459	-0.678711	201	255
[537]	18	179	0	-3.21683	-10.8336	0.2	25.8481	0.343018	-0.76709	0.541992	201	255
[538]	19	179	0	-3.24176	-10.6624	0.2	25.8926	0.943359	-0.313477	-0.110779	201	255
[539]	20	179	0	-3.29552	-10.6746	0.2	25.8366	0.273926	-0.65332	0.705566	201	255
[540]	5	180	0	-3.28716	-10.6608	0.2	25.7658	-0.587402	-0.468994	0.659668	201	255
[541]	18	180	0	-3.21683	-10.8336	0.2	25.8481	0.343018	-0.76709	0.541992	201	255
[542]	20	180	0	-3.29552	-10.6746	0.2	25.8366	0.273926	-0.65332	0.705566	201	255
[543]	18	181	0	-3.21683	-10.8336	0.2	25.8481	0.343018	-0.76709	0.541992	201	255
[544]	5	181	0	-3.28716	-10.6608	0.2	25.7658	-0.587402	-0.468994	0.659668	201	255
[545]	17	181	0	-3.21148	-10.8006	0.2	25.7952	-0.933594	-0.210938	0.290771	201	255
[546]	12	182	0	-3.20376	-10.6876	0.2	25.8221	-0.509277	0.489502	-0.708008	201	255
[547]	17	182	0	-3.21148	-10.8006	0.2	25.7952	-0.933594	-0.210938	0.290771	201	255
[548]	5	182	0	-3.28716	-10.6608	0.2	25.7658	-0.587402	-0.468994	0.659668	201	255
[549]	17	183	0	-3.21148	-10.8006	0.2	25.7952	-0.933594	-0.210938	0.290771	201	255
[550]	12	183	0	-3.20376	-10.6876	0.2	25.8221	-0.509277	0.489502	-0.708008	201	255
[551]	11	183	0	-3.1824	-10.7787	0.2	25.8322	-0.483154	0.542969	-0.687012	201	255
[552]	22	184	0	-3.01051	-10.8856	0.2	25.2115	0.255371	0.897949	-0.358643	201	255
[553]	25	184	0	-3.01814	-10.8929	0.2	25.2249	0.963867	-0.002285	-0.266357	201	255
[554]	24	184	0	-2.94622	-10.9056	0.2	25.228	0.0195618	-0.0470581	-0.999023	201	255
[555]	28	185	0	-3.07667	-10.8344	0.2	25.2132	0.407959	0.639648	-0.651367	201	255
[556]	25	185	0	-3.01814	-10.8929	0.2	25.2249	0.963867	-0.002285	-0.266357	201	255
[557]	22	185	0	-3.01051	-10.8856	0.2	25.2115	0.255371	0.897949	-0.358643	201	255
[558]	25	186	0	-3.01814	-10.8929	0.2	25.2249	0.963867	-0.002285	-0.266357	201	255
[559]	28	186	0	-3.07667	-10.8344	0.2	25.2132	0.407959	0.639648	-0.651367	201	255
[560]	31	186	0	-3.08887	-10.8524	0.2	25.2312	0.896973	-0.387939	-0.21228	201	255
[561]	26	187	0	-3.07909	-10.8966	0.2	25.1928	-0.326172	-0.839844	0.433838	201	255
[562]	25	187	0	-3.01814	-10.8929	0.2	25.2249	0.963867	-0.002285	-0.266357	201	255
[563]	31	187	0	-3.08887	-10.8524	0.2	25.2312	0.896973	-0.387939	-0.21228	201	255
[564]	25	188	0	-3.01814	-10.8929	0.2	25.2249	0.963867	-0.002285	-0.266357	201	255
[565]	26	188	0	-3.07909	-10.8966	0.2	25.1928	-0.326172	-0.839844	0.433838	201	255
[566]	29	188	0	-3.00675	-10.9335	0.2	25.213	-0.0307007	-0.996582	0.0797729	201	255
[567]	25	189	0	-3.01814	-10.8929	0.2	25.2249	0.963867	-0.002285	-0.266357	201	255
[568]	29	189	0	-3.00675	-10.9335	0.2	25.213	-0.0307007	-0.996582	0.0797729	201	255
[569]	24	189	0	-2.94622	-10.9056	0.2	25.228	0.0195618	-0.0470581	-0.999023	201	255
[570]	29	190	0	-3.00675	-10.9335	0.2	25.213	-0.0307007	-0.996582	0.0797729	201	255
[571]	21	190	0	-2.98932	-10.8999	0.2	25.1922	-0.939453	0.283203	-0.192627	201	255
[572]	24	190	0	-2.94622	-10.9056	0.2	25.228	0.0195618	-0.0470581	-0.999023	201	255
[573]	21	191	0	-2.98932	-10.8999	0.2	25.1922	-0.939453	0.283203	-0.192627	201	255
[574]	23	191	0	-3.01051	-10.8856	0.2	25.2115	0.255371	0.897949	-0.358643	201	255
[575]	24	191	0	-2.94622	-10.9056	0.2	25.228	0.0195618	-0.0470581	-0.999023	201	255
[576]	30	192	0	-3.05705	-10.851	0.2	25.1745	-0.890625	0.425781	-0.15918	201	255
[577]	23	192	0	-3.01051	-10.8856	0.2	25.2115	0.255371	0.897949	-0.358643	201	255
[578]	21	192	0	-2.98932	-10.8999	0.2	25.1922	-0.939453	0.283203	-0.192627	201	255
[579]	23	193	0	-3.01051	-10.8856	0.2	25.2115	0.255371	0.897949	-0.358643	201	255
[580]	30	193	0	-3.05705	-10.851	0.2	25.1745	-0.890625	0.425781	-0.15918	201	255
[581]	27	193	0	-3.07667	-10.8344	0.2	25.2132	0.407959	0.639648	-0.651367	201	255
[582]	32	194	0	-3.12148	-10.7485	0.2	25.2071	0.406738	0.373047	-0.833496	201	255
[583]	31	194	0	-3.08887	-10.8524	0.2	25.2312	0.896973	-0.387939	-0.21228	201	255
[584]	28	194	0	-3.07667	-10.8344	0.2	25.2132	0.407959	0.639648	-0.651367	201	255
[585]	31	195	0	-3.08887	-10.8524	0.2	25.2312	0.896973	-0.387939	-0.21228	201	255
[586]	32	195	0	-3.12148	-10.7485	0.2	25.2071	0.406738	0.373047	-0.833496	201	255
[587]	37	195	0	-3.15661	-10.7736	0.2	25.2357	0.821777	-0.569336	-0.00815582	201	255
[588]	37	196	0	-3.15661	-10.7736	0.2	25.2357	0.821777	-0.569336	-0.00815582	201	255
[589]	26	196	0	-3.07909	-10.8966	0.2	25.1928	-0.326172	-0.839844	0.433838	201	255
[590]	31	196	0	-3.08887	-10.8524	0.2	25.2312	0.896973	-0.387939	-0.21228	201	255
[591]	26	197	0	-3.07909	-10.8966	0.2	25.1928	-0.326172	-0.839844	0.433838	201	255
[592]	37	197	0	-3.15661	-10.7736	0.2	25.2357	0.821777	-0.569336	-0.00815582	201	255
[593]	40	197	0	-3.15142	-10.8014	0.2	25.1815	-0.419922	-0.613281	0.668945	201	255
[594]	41	198	0	-3.11344	-10.7429	0.2	25.1609	-0.845215	0.347656	-0.406006	201	255
[595]	26	198	0	-3.07909	-10.8966	0.2	25.1928	-0.326172	-0.839844	0.433838	201	255
[596]	40	198	0	-3.15142	-10.8014	0.2	25.1815	-0.419922	-0.613281	0.668945	201	255
[597]	26	199	0	-3.07909	-10.8966	0.2	25.1928	-0.326172	-0.839844	0.433838	201	255
[598]	41	199	0	-3.11344	-10.7429	0.2	25.1609	-0.845215	0.347656	-0.406006	201	255
[599]	30	199	0	-3.05705	-10.851	0.2	25.1745	-0.890625	0.425781	-0.15918	201	255
[600]	30	200	0	-3.05705	-10.851	0.2	25.1745	-0.890625	0.425781	-0.15918	201	255
[601]	29	200	0	-3.00675	-10.9335	0.2	25.213	-0.0307007	-0.996582	0.0797729	201	255
[602]	26	200	0	-3.07909	-10.8966	0.2	25.1928	-0.326172	-0.839844	0.433838	201	255
[603]	29	201	0	-3.00675	-10.9335	0.2	25.213	-0.0307007	-0.996582	0.0797729	201	255
[604]	30	201	0	-3.05705	-10.851	0.2	25.1745	-0.890625	0.425781	-0.15918	201	255
[605]	21	201	0	-2.98932	-10.8999	0.2	25.1922	-0.939453	0.283203	-0.192627	201	255
[606]	38	202	0	-3.1457	-10.6583	0.2	25.2151	0.407715	0.318359	-0.855957	201	255
[607]	37	202	0	-3.15661	-10.7736	0.2	25.2357	0.821777	-0.569336	-0.00815582	201	255
[608]	32	202	0	-3.12148	-10.7485	0.2	25.2071	0.406738	0.373047	-0.833496	201	255
[609]	37	203	0	-3.15661	-10.7736	0.2	25.2357	0.821777	-0.569336	-0.00815582	201	255
[610]	38	203	0	-3.1457	-10.6583	0.2	25.2151	0.407715	0.318359	-0.855957	201	255
[611]	33	203	0	-3.23682	-10.6359	0.2	25.2511	0.533203	-0.700684	0.474121	201	255
[612]	33	204	0	-3.23682	-10.6359	0.2	25.2511	0.533203	-0.700684	0.474121	201	255
[613]	40	204	0	-3.15142	-10.8014	0.2	25.1815	-0.419922	-0.613281	0.668945	201	255
[614]	37	204	0	-3.15661	-10.7736	0.2	25.2357	0.821777	-0.569336	-0.00815582	201	255
[615]	40	205	0	-3.15142	-10.8014	0.2	25.1815	-0.419922	-0.613281	0.668945	201	255
[616]	33	205	0	-3.23682	-10.6359	0.2	25.2511	0.533203	-0.700684	0.474121	201	255
[617]	35	205	0	-3.23175	-10.6427	0.2	25.1797	-0.264404	-0.547852	0.793457	201	255
[618]	39	206	0	-3.17105	-10.6258	0.2	25.1375	-0.963867	0.0673828	0.25708	201	255
[619]	40	206	0	-3.15142	-10.8014	0.2	25.1815	-0.419922	-0.613281	0.668945	201	255
[620]	35	206	0	-3.23175	-10.6427	0.2	25.1797	-0.264404	-0.547852	0.793457	201	255
[621]	40	207	0	-3.15142	-10.8014	0.2	25.1815	-0.419922	-0.613281	0.668945	201	255
[622]	39	207	0	-3.17105	-10.6258	0.2	25.1375	-0.963867	0.0673828	0.25708	201	255
[623]	41	207	0	-3.11344	-10.7429	0.2	25.1609	-0.845215	0.347656	-0.406006	201	255
[624]	34	208	0	-3.1457	-10.6583	0.2	25.2151	0.407715	0.318359	-0.855957	201	255
[625]	41	208	0	-3.11344	-10.7429	0.2	25.1609	-0.845215	0.347656	-0.406006	201	255
[626]	39	208	0	-3.17105	-10.6258	0.2	25.1375	-0.963867	0.0673828	0.25708	201	255
[627]	41	209	0	-3.11344	-10.7429	0.2	25.1609	-0.845215	0.347656	-0.406006	201	255
[628]	34	209	0	-3.1457	-10.6583	0.2	25.2151	0.407715	0.318359	-0.855957	201	255
[629]	36	209	0	-3.12148	-10.7485	0.2	25.2071	0.406738	0.373047	-0.833496	201	255
[630]	36	210	0	-3.12148	-10.7485	0.2	25.2071	0.406738	0.373047	-0.833496	201	255
[631]	30	210	0	-3.05705	-10.851	0.2	25.1745	-0.890625	0.425781	-0.15918	201	255
[632]	41	210	0	-3.11344	-10.7429	0.2	25.1609	-0.845215	0.347656	-0.406006	201	255
[633]	30	211	0	-3.05705	-10.851	0.2	25.1745	-0.890625	0.425781	-0.15918	201	255
[634]	36	211	0	-3.12148	-10.7485	0.2	25.2071	0.406738	0.373047	-0.833496	201	255
[635]	27	211	0	-3.07667	-10.8344	0.2	25.2132	0.407959	0.639648	-0.651367	201	255
[636]	50	212	0	-3.2936	-11.1004	0.2	25.7587	-0.0386047	0.935547	-0.35083	201	255
[637]	45	212	0	-3.23055	-11.1244	0.2	25.756	-0.378662	-0.0107422	-0.925293	201	255
[638]	49	212	0	-3.29816	-11.1071	0.2	25.7444	-0.936523	0.342773	0.0778198	201	255
[639]	49	213	0	-3.29816	-11.1071	0.2	25.7444	-0.936523	0.342773	0.0778198	201	255
[640]	45	213	0	-3.23055	-11.1244	0.2	25.756	-0.378662	-0.0107422	-0.925293	201	255
[641]	46	213	0	-3.28981	-11.1487	0.2	25.7581	-0.273682	-0.950195	0.148193	201	255
[642]	55	214	0	-3.36096	-11.1086	0.2	25.7628	0.150391	-0.914551	0.375244	201	255
[643]	49	214	0	-3.29816	-11.1071	0.2	25.7444	-0.936523	0.342773	0.0778198	201	255
[644]	46	214	0	-3.28981	-11.1487	0.2	25.7581	-0.273682	-0.950195	0.148193	201	255
[645]	49	215	0	-3.29816	-11.1071	0.2	25.7444	-0.936523	0.342773	0.0778198	201	255
[646]	55	215	0	-3.36096	-11.1086	0.2	25.7628	0.150391	-0.914551	0.375244	201	255
[647]	42	215	0	-3.36271	-11.0631	0.2	25.7242	-0.992676	-0.0302887	0.117004	201	255
[648]	44	216	0	-3.35496	-11.0462	0.2	25.7438	-0.348145	0.759766	-0.549316	201	255
[649]	49	216	0	-3.29816	-11.1071	0.2	25.7444	-0.936523	0.342773	0.0778198	201	255
[650]	42	216	0	-3.36271	-11.0631	0.2	25.7242	-0.992676	-0.0302887	0.117004	201	255
[651]	49	217	0	-3.29816	-11.1071	0.2	25.7444	-0.936523	0.342773	0.0778198	201	255
[652]	44	217	0	-3.35496	-11.0462	0.2	25.7438	-0.348145	0.759766	-0.549316	201	255
[653]	50	217	0	-3.2936	-11.1004	0.2	25.7587	-0.0386047	0.935547	-0.35083	201	255
[654]	46	218	0	-3.28981	-11.1487	0.2	25.7581	-0.273682	-0.950195	0.148193	201	255
[655]	45	218	0	-3.23055	-11.1244	0.2	25.756	-0.378662	-0.0107422	-0.925293	201	255
[656]	43	218	0	-3.27747	-11.1165	0.2	25.7813	0.854004	-0.0507507	-0.517578	201	255
[657]	48	219	0	-3.34396	-11.0645	0.2	25.7848	0.873535	0.0930786	-0.478516	201	255
[658]	46	219	0	-3.28981	-11.1487	0.2	25.7581	-0.273682	-0.950195	0.148193	201	255
[659]	43	219	0	-3.27747	-11.1165	0.2	25.7813	0.854004	-0.0507507	-0.517578	201	255
[660]	46	220	0	-3.28981	-11.1487	0.2	25.7581	-0.273682	-0.950195	0.148193	201	255
[661]	48	220	0	-3.34396	-11.0645	0.2	25.7848	0.873535	0.0930786	-0.478516	201	255
[662]	55	220	0	-3.36096	-11.1086	0.2	25.7628	0.150391	-0.914551	0.375244	201	255
[663]	56	221	0	-3.39852	-10.9553	0.2	25.7869	0.722168	0.0375977	-0.69043	201	255
[664]	55	221	0	-3.36096	-11.1086	0.2	25.7628	0.150391	-0.914551	0.375244	201	255
[665]	48	221	0	-3.34396	-11.0645	0.2	25.7848	0.873535	0.0930786	-0.478516	201	255
[666]	55	222	0	-3.36096	-11.1086	0.2	25.7628	0.150391	-0.914551	0.375244	201	255
[667]	56	222	0	-3.39852	-10.9553	0.2	25.7869	0.722168	0.0375977	-0.69043	201	255
[668]	60	222	0	-3.43054	-11.0119	0.2	25.7595	0.381836	-0.746582	0.544922	201	255
[669]	59	223	0	-3.42479	-10.9825	0.2	25.7064	-0.926758	-0.232422	0.295654	201	255
[670]	55	223	0	-3.36096	-11.1086	0.2	25.7628	0.150391	-0.914551	0.375244	201	255
[671]	60	223	0	-3.43054	-11.0119	0.2	25.7595	0.381836	-0.746582	0.544922	201	255
[672]	55	224	0	-3.36096	-11.1086	0.2	25.7628	0.150391	-0.914551	0.375244	201	255
[673]	59	224	0	-3.42479	-10.9825	0.2	25.7064	-0.926758	-0.232422	0.295654	201	255
[674]	42	224	0	-3.36271	-11.0631	0.2	25.7242	-0.992676	-0.0302887	0.117004	201	255
[675]	52	225	0	-3.39767	-10.9594	0.2	25.7412	-0.496582	0.51709	-0.697266	201	255
[676]	42	225	0	-3.36271	-11.0631	0.2	25.7242	-0.992676	-0.0302887	0.117004	201	255
[677]	59	225	0	-3.42479	-10.9825	0.2	25.7064	-0.926758	-0.232422	0.295654	201	255
[678]	42	226	0	-3.36271	-11.0631	0.2	25.7242	-0.992676	-0.0302887	0.117004	201	255
[679]	52	226	0	-3.39767	-10.9594	0.2	25.7412	-0.496582	0.51709	-0.697266	201	255
[680]	44	226	0	-3.35496	-11.0462	0.2	25.7438	-0.348145	0.759766	-0.549316	201	255
[681]	43	227	0	-3.27747	-11.1165	0.2	25.7813	0.854004	-0.0507507	-0.517578	201	255
[682]	45	227	0	-3.23055	-11.1244	0.2	25.756	-0.378662	-0.0107422	-0.925293	201	255
[683]	51	227	0	-3.2936	-11.1004	0.2	25.7587	-0.0386047	0.935547	-0.35083	201	255
[684]	51	228	0	-3.2936	-11.1004	0.2	25.7587	-0.0386047	0.935547	-0.35083	201	255
[685]	48	228	0	-3.34396	-11.0645	0.2	25.7848	0.873535	0.0930786	-0.478516	201	255
[686]	43	228	0	-3.27747	-11.1165	0.2	25.7813	0.854004	-0.0507507	-0.517578	201	255
[687]	48	229	0	-3.34396	-11.0645	0.2	25.7848	0.873535	0.0930786	-0.478516	201	255
[688]	51	229	0	-3.2936	-11.1004	0.2	25.7587	-0.0386047	0.935547	-0.35083	201	255
[689]	53	229	0	-3.35496	-11.0462	0.2	25.7438	-0.348145	0.759766	-0.549316	201	255
[690]	57	230	0	-3.39767	-10.9594	0.2	25.7412	-0.496582	0.51709	-0.697266	201	255
[691]	48	230	0	-3.34396	-11.0645	0.2	25.7848	0.873535	0.0930786	-0.478516	201	255
[692]	53	230	0	-3.35496	-11.0462	0.2	25.7438	-0.348145	0.759766	-0.549316	201	255
[693]	48	231	0	-3.34396	-11.0645	0.2	25.7848	0.873535	0.0930786	-0.478516	201	255
[694]	57	231	0	-3.39767	-10.9594	0.2	25.7412	-0.496582	0.51709	-0.697266	201	255
[695]	56	231	0	-3.39852	-10.9553	0.2	25.7869	0.722168	0.0375977	-0.69043	201	255
[696]	58	232	0	-3.41792	-10.8692	0.2	25.7295	-0.527832	0.468994	-0.708496	201	255
[697]	56	232	0	-3.39852	-10.9553	0.2	25.7869	0.722168	0.0375977	-0.69043	201	255
[698]	57	232	0	-3.39767	-10.9594	0.2	25.7412	-0.496582	0.51709	-0.697266	201	255
[699]	56	233	0	-3.39852	-10.9553	0.2	25.7869	0.722168	0.0375977	-0.69043	201	255
[700]	58	233	0	-3.41792	-10.8692	0.2	25.7295	-0.527832	0.468994	-0.708496	201	255
[701]	61	233	0	-3.45543	-10.8391	0.2	25.7994	0.954102	-0.283447	-0.0967407	201	255
[702]	61	234	0	-3.45543	-10.8391	0.2	25.7994	0.954102	-0.283447	-0.0967407	201	255
[703]	60	234	0	-3.43054	-11.0119	0.2	25.7595	0.381836	-0.746582	0.544922	201	255
[704]	56	234	0	-3.39852	-10.9553	0.2	25.7869	0.722168	0.0375977	-0.69043	201	255
[705]	60	235	0	-3.43054	-11.0119	0.2	25.7595	0.381836	-0.746582	0.544922	201	255
[706]	61	235	0	-3.45543	-10.8391	0.2	25.7994	0.954102	-0.283447	-0.0967407	201	255
[707]	62	235	0	-3.50637	-10.8543	0.2	25.7464	0.306885	-0.641113	0.703613	201	255
[708]	47	236	0	-3.49735	-10.8453	0.2	25.6763	-0.567383	-0.478516	0.669922	201	255
[709]	60	236	0	-3.43054	-11.0119	0.2	25.7595	0.381836	-0.746582	0.544922	201	255
[710]	62	236	0	-3.50637	-10.8543	0.2	25.7464	0.306885	-0.641113	0.703613	201	255
[711]	60	237	0	-3.43054	-11.0119	0.2	25.7595	0.381836	-0.746582	0.544922	201	255
[712]	47	237	0	-3.49735	-10.8453	0.2	25.6763	-0.567383	-0.478516	0.669922	201	255
[713]	59	237	0	-3.42479	-10.9825	0.2	25.7064	-0.926758	-0.232422	0.295654	201	255
[714]	54	238	0	-3.41792	-10.8692	0.2	25.7295	-0.527832	0.468994	-0.708496	201	255
[715]	59	238	0	-3.42479	-10.9825	0.2	25.7064	-0.926758	-0.232422	0.295654	201	255
[716]	47	238	0	-3.49735	-10.8453	0.2	25.6763	-0.567383	-0.478516	0.669922	201	255
[717]	59	239	0	-3.42479	-10.9825	0.2	25.7064	-0.926758	-0.232422	0.295654	201	255
[718]	54	239	0	-3.41792	-10.8692	0.2	25.7295	-0.527832	0.468994	-0.708496	201	255
[719]	52	239	0	-3.39767	-10.9594	0.2	25.7412	-0.496582	0.51709	-0.697266	201	255
[720]	64	240	0	-3.25883	-11.113	0.2	25.3774	0.191895	0.900391	-0.390625	201	255
[721]	67	240	0	-3.26589	-11.1188	0.2	25.3905	0.966797	0.0508423	-0.250488	201	255
[722]	66	240	0	-3.19764	-11.1363	0.2	25.395	0.0316772	-0.0737305	-0.99707	201	255
[723]	70	241	0	-3.32145	-11.0583	0.2	25.3765	0.353027	0.652344	-0.670898	201	255
[724]	67	241	0	-3.26589	-11.1188	0.2	25.3905	0.966797	0.0508423	-0.250488	201	255
[725]	64	241	0	-3.25883	-11.113	0.2	25.3774	0.191895	0.900391	-0.390625	201	255
[726]	67	242	0	-3.26589	-11.1188	0.2	25.3905	0.966797	0.0508423	-0.250488	201	255
[727]	70	242	0	-3.32145	-11.0583	0.2	25.3765	0.353027	0.652344	-0.670898	201	255
[728]	73	242	0	-3.33264	-11.074	0.2	25.3944	0.921875	-0.323975	-0.213379	201	255
[729]	68	243	0	-3.32407	-11.122	0.2	25.3582	-0.278076	-0.849121	0.449219	201	255
[730]	67	243	0	-3.26589	-11.1188	0.2	25.3905	0.966797	0.0508423	-0.250488	201	255
[731]	73	243	0	-3.33264	-11.074	0.2	25.3944	0.921875	-0.323975	-0.213379	201	255
[732]	67	244	0	-3.26589	-11.1188	0.2	25.3905	0.966797	0.0508423	-0.250488	201	255
[733]	68	244	0	-3.32407	-11.122	0.2	25.3582	-0.278076	-0.849121	0.449219	201	255
[734]	71	244	0	-3.25533	-11.1612	0.2	25.3801	0.0176392	-0.995117	0.0978394	201	255
[735]	67	245	0	-3.26589	-11.1188	0.2	25.3905	0.966797	0.0508423	-0.250488	201	255
[736]	71	245	0	-3.25533	-11.1612	0.2	25.3801	0.0176392	-0.995117	0.0978394	201	255
[737]	66	245	0	-3.19764	-11.1363	0.2	25.395	0.0316772	-0.0737305	-0.99707	201	255
[738]	71	246	0	-3.25533	-11.1612	0.2	25.3801	0.0176392	-0.995117	0.0978394	201	255
[739]	63	246	0	-3.23899	-11.1304	0.2	25.3593	-0.952148	0.226196	-0.205811	201	255
[740]	66	246	0	-3.19764	-11.1363	0.2	25.395	0.0316772	-0.0737305	-0.99707	201	255
[741]	63	247	0	-3.23899	-11.1304	0.2	25.3593	-0.952148	0.226196	-0.205811	201	255
[742]	65	247	0	-3.25883	-11.113	0.2	25.3774	0.191895	0.900391	-0.390625	201	255
[743]	66	247	0	-3.19764	-11.1363	0.2	25.395	0.0316772	-0.0737305	-0.99707	201	255
[744]	72	248	0	-3.30336	-11.0792	0.2	25.3395	-0.914551	0.367188	-0.169678	201	255
[745]	65	248	0	-3.25883	-11.113	0.2	25.3774	0.191895	0.900391	-0.390625	201	255
[746]	63	248	0	-3.23899	-11.1304	0.2	25.3593	-0.952148	0.226196	-0.205811	201	255
[747]	65	249	0	-3.25883	-11.113	0.2	25.3774	0.191895	0.900391	-0.390625	201	255
[748]	72	249	0	-3.30336	-11.0792	0.2	25.3395	-0.914551	0.367188	-0.169678	201	255
[749]	69	249	0	-3.32145	-11.0583	0.2	25.3765	0.353027	0.652344	-0.670898	201	255
[750]	74	250	0	-3.36355	-10.9717	0.2	25.3671	0.367188	0.38501	-0.84668	201	255
[751]	73	250	0	-3.33264	-11.074	0.2	25.3944	0.921875	-0.323975	-0.213379	201	255
[752]	70	250	0	-3.32145	-11.0583	0.2	25.3765	0.353027	0.652344	-0.670898	201	255
[753]	73	251	0	-3.33264	-11.074	0.2	25.3944	0.921875	-0.323975	-0.213379	201	255
[754]	74	251	0	-3.36355	-10.9717	0.2	25.3671	0.367188	0.38501	-0.84668	201	255
[755]	79	251	0	-3.39643	-10.9928	0.2	25.3955	0.861816	-0.506836	-0.0131607	201	255
[756]	79	252	0	-3.39643	-10.9928	0.2	25.3955	0.861816	-0.506836	-0.0131607	201	255
[757]	68	252	0	-3.32407	-11.122	0.2	25.3582	-0.278076	-0.849121	0.449219	201	255
[758]	73	252	0	-3.33264	-11.074	0.2	25.3944	0.921875	-0.323975	-0.213379	201	255
[759]	68	253	0	-3.32407	-11.122	0.2	25.3582	-0.278076	-0.849121	0.449219	201	255
[760]	79	253	0	-3.39643	-10.9928	0.2	25.3955	0.861816	-0.506836	-0.0131607	201	255
[761]	82	253	0	-3.39256	-11.0256	0.2	25.3431	-0.381104	-0.629883	0.676758	201	255
[762]	83	254	0	-3.35612	-10.9707	0.2	25.322	-0.864746	0.281006	-0.416016	201	255
[763]	68	254	0	-3.32407	-11.122	0.2	25.3582	-0.278076	-0.849121	0.449219	201	255
[764]	82	254	0	-3.39256	-11.0256	0.2	25.3431	-0.381104	-0.629883	0.676758	201	255
[765]	68	255	0	-3.32407	-11.122	0.2	25.3582	-0.278076	-0.849121	0.449219	201	255
[766]	83	255	0	-3.35612	-10.9707	0.2	25.322	-0.864746	0.281006	-0.416016	201	255
[767]	72	255	0	-3.30336	-11.0792	0.2	25.3395	-0.914551	0.367188	-0.169678	201	255
[768]	72	256	0	-3.30336	-11.0792	0.2	25.3395	-0.914551	0.367188	-0.169678	201	255
[769]	71	256	0	-3.25533	-11.1612	0.2	25.3801	0.0176392	-0.995117	0.0978394	201	255
[770]	68	256	0	-3.32407	-11.122	0.2	25.3582	-0.278076	-0.849121	0.449219	201	255
[771]	71	257	0	-3.25533	-11.1612	0.2	25.3801	0.0176392	-0.995117	0.0978394	201	255
[772]	72	257	0	-3.30336	-11.0792	0.2	25.3395	-0.914551	0.367188	-0.169678	201	255
[773]	63	257	0	-3.23899	-11.1304	0.2	25.3593	-0.952148	0.226196	-0.205811	201	255
[774]	80	258	0	-3.38528	-10.881	0.2	25.3716	0.377686	0.330322	-0.865234	201	255
[775]	79	258	0	-3.39643	-10.9928	0.2	25.3955	0.861816	-0.506836	-0.0131607	201	255
[776]	74	258	0	-3.36355	-10.9717	0.2	25.3671	0.367188	0.38501	-0.84668	201	255
[777]	79	259	0	-3.39643	-10.9928	0.2	25.3955	0.861816	-0.506836	-0.0131607	201	255
[778]	80	259	0	-3.38528	-10.881	0.2	25.3716	0.377686	0.330322	-0.865234	201	255
[779]	75	259	0	-3.47258	-10.8542	0.2	25.4048	0.59082	-0.655762	0.469727	201	255
[780]	75	260	0	-3.47258	-10.8542	0.2	25.4048	0.59082	-0.655762	0.469727	201	255
[781]	82	260	0	-3.39256	-11.0256	0.2	25.3431	-0.381104	-0.629883	0.676758	201	255
[782]	79	260	0	-3.39643	-10.9928	0.2	25.3955	0.861816	-0.506836	-0.0131607	201	255
[783]	82	261	0	-3.39256	-11.0256	0.2	25.3431	-0.381104	-0.629883	0.676758	201	255
[784]	75	261	0	-3.47258	-10.8542	0.2	25.4048	0.59082	-0.655762	0.469727	201	255
[785]	77	261	0	-3.4688	-10.8679	0.2	25.3344	-0.230713	-0.558594	0.796387	201	255
[786]	81	262	0	-3.40933	-10.8557	0.2	25.2938	-0.97168	0.0119095	0.235596	201	255
[787]	82	262	0	-3.39256	-11.0256	0.2	25.3431	-0.381104	-0.629883	0.676758	201	255
[788]	77	262	0	-3.4688	-10.8679	0.2	25.3344	-0.230713	-0.558594	0.796387	201	255
[789]	82	263	0	-3.39256	-11.0256	0.2	25.3431	-0.381104	-0.629883	0.676758	201	255
[790]	81	263	0	-3.40933	-10.8557	0.2	25.2938	-0.97168	0.0119095	0.235596	201	255
[791]	83	263	0	-3.35612	-10.9707	0.2	25.322	-0.864746	0.281006	-0.416016	201	255
[792]	76	264	0	-3.38528	-10.881	0.2	25.3716	0.377686	0.330322	-0.865234	201	255
[793]	83	264	0	-3.35612	-10.9707	0.2	25.322	-0.864746	0.281006	-0.416016	201	255
[794]	81	264	0	-3.40933	-10.8557	0.2	25.2938	-0.97168	0.0119095	0.235596	201	255
[795]	83	265	0	-3.35612	-10.9707	0.2	25.322	-0.864746	0.281006	-0.416016	201	255
[796]	76	265	0	-3.38528	-10.881	0.2	25.3716	0.377686	0.330322	-0.865234	201	255
[797]	78	265	0	-3.36355	-10.9717	0.2	25.3671	0.367188	0.38501	-0.84668	201	255
[798]	78	266	0	-3.36355	-10.9717	0.2	25.3671	0.367188	0.38501	-0.84668	201	255
[799]	72	266	0	-3.30336	-11.0792	0.2	25.3395	-0.914551	0.367188	-0.169678	201	255
[800]	83	266	0	-3.35612	-10.9707	0.2	25.322	-0.864746	0.281006	-0.416016	201	255
[801]	72	267	0	-3.30336	-11.0792	0.2	25.3395	-0.914551	0.367188	-0.169678	201	255
[802]	78	267	0	-3.36355	-10.9717	0.2	25.3671	0.367188	0.38501	-0.84668	201	255
[803]	69	267	0	-3.32145	-11.0583	0.2	25.3765	0.353027	0.652344	-0.670898	201	255
[804]	84	268	0	-3.336	-9.84019	0.2	26.3214	-0.57373	0.812012	0.102844	201	255
[805]	86	268	0	-3.2978	-9.82892	0.2	26.3231	-0.349365	0.321045	-0.879883	201	255
[806]	88	268	0	-3.33654	-9.85412	0.2	26.317	-0.965332	-0.260742	-0.00581741	201	255
[807]	88	269	0	-3.33654	-9.85412	0.2	26.317	-0.965332	-0.260742	-0.00581741	201	255
[808]	86	269	0	-3.2978	-9.82892	0.2	26.3231	-0.349365	0.321045	-0.879883	201	255
[809]	92	269	0	-3.32699	-9.86613	0.2	26.3372	0.307617	-0.864746	-0.396973	201	255
[810]	89	270	0	-3.38504	-9.86445	0.2	26.3307	0.630859	-0.775879	0.00980377	201	255
[811]	88	270	0	-3.33654	-9.85412	0.2	26.317	-0.965332	-0.260742	-0.00581741	201	255
[812]	92	270	0	-3.32699	-9.86613	0.2	26.3372	0.307617	-0.864746	-0.396973	201	255
[813]	88	271	0	-3.33654	-9.85412	0.2	26.317	-0.965332	-0.260742	-0.00581741	201	255
[814]	89	271	0	-3.38504	-9.86445	0.2	26.3307	0.630859	-0.775879	0.00980377	201	255
[815]	94	271	0	-3.38681	-9.86209	0.2	26.2984	-0.832031	-0.548828	-0.0855713	201	255
[816]	91	272	0	-3.38571	-9.83834	0.2	26.3024	-0.72998	0.635742	-0.250244	201	255
[817]	88	272	0	-3.33654	-9.85412	0.2	26.317	-0.965332	-0.260742	-0.00581741	201	255
[818]	94	272	0	-3.38681	-9.86209	0.2	26.2984	-0.832031	-0.548828	-0.0855713	201	255
[819]	88	273	0	-3.33654	-9.85412	0.2	26.317	-0.965332	-0.260742	-0.00581741	201	255
[820]	91	273	0	-3.38571	-9.83834	0.2	26.3024	-0.72998	0.635742	-0.250244	201	255
[821]	84	273	0	-3.336	-9.84019	0.2	26.3214	-0.57373	0.812012	0.102844	201	255
[822]	92	274	0	-3.32699	-9.86613	0.2	26.3372	0.307617	-0.864746	-0.396973	201	255
[823]	86	274	0	-3.2978	-9.82892	0.2	26.3231	-0.349365	0.321045	-0.879883	201	255
[824]	85	274	0	-3.33089	-9.82786	0.2	26.3364	0.705078	0.686523	-0.177734	201	255
[825]	93	275	0	-3.38091	-9.82014	0.2	26.3277	0.639648	0.749512	-0.169556	201	255
[826]	92	275	0	-3.32699	-9.86613	0.2	26.3372	0.307617	-0.864746	-0.396973	201	255
[827]	85	275	0	-3.33089	-9.82786	0.2	26.3364	0.705078	0.686523	-0.177734	201	255
[828]	92	276	0	-3.32699	-9.86613	0.2	26.3372	0.307617	-0.864746	-0.396973	201	255
[829]	93	276	0	-3.38091	-9.82014	0.2	26.3277	0.639648	0.749512	-0.169556	201	255
[830]	89	276	0	-3.38504	-9.86445	0.2	26.3307	0.630859	-0.775879	0.00980377	201	255
[831]	98	277	0	-3.43904	-9.77522	0.2	26.302	0.592285	0.696289	-0.405762	201	255
[832]	89	277	0	-3.38504	-9.86445	0.2	26.3307	0.630859	-0.775879	0.00980377	201	255
[833]	93	277	0	-3.38091	-9.82014	0.2	26.3277	0.639648	0.749512	-0.169556	201	255
[834]	89	278	0	-3.38504	-9.86445	0.2	26.3307	0.630859	-0.775879	0.00980377	201	255
[835]	98	278	0	-3.43904	-9.77522	0.2	26.302	0.592285	0.696289	-0.405762	201	255
[836]	103	278	0	-3.44927	-9.83488	0.2	26.3064	0.730957	-0.64209	0.230957	201	255
[837]	100	279	0	-3.44094	-9.8492	0.2	26.2712	-0.674316	-0.738281	-0.00898743	201	255
[838]	89	279	0	-3.38504	-9.86445	0.2	26.3307	0.630859	-0.775879	0.00980377	201	255
[839]	103	279	0	-3.44927	-9.83488	0.2	26.3064	0.730957	-0.64209	0.230957	201	255
[840]	89	280	0	-3.38504	-9.86445	0.2	26.3307	0.630859	-0.775879	0.00980377	201	255
[841]	100	280	0	-3.44094	-9.8492	0.2	26.2712	-0.674316	-0.738281	-0.00898743	201	255
[842]	94	280	0	-3.38681	-9.86209	0.2	26.2984	-0.832031	-0.548828	-0.0855713	201	255
[843]	96	281	0	-3.42763	-9.80674	0.2	26.2795	-0.722656	0.511719	-0.465088	201	255
[844]	94	281	0	-3.38681	-9.86209	0.2	26.2984	-0.832031	-0.548828	-0.0855713	201	255
[845]	100	281	0	-3.44094	-9.8492	0.2	26.2712	-0.674316	-0.738281	-0.00898743	201	255
[846]	94	282	0	-3.38681	-9.86209	0.2	26.2984	-0.832031	-0.548828	-0.0855713	201	255
[847]	96	282	0	-3.42763	-9.80674	0.2	26.2795	-0.722656	0.511719	-0.465088	201	255
[848]	91	282	0	-3.38571	-9.83834	0.2	26.3024	-0.72998	0.635742	-0.250244	201	255
[849]	85	283	0	-3.33089	-9.82786	0.2	26.3364	0.705078	0.686523	-0.177734	201	255
[850]	86	283	0	-3.2978	-9.82892	0.2	26.3231	-0.349365	0.321045	-0.879883	201	255
[851]	87	283	0	-3.336	-9.84019	0.2	26.3214	-0.57373	0.812012	0.102844	201	255
[852]	87	284	0	-3.336	-9.84019	0.2	26.3214	-0.57373	0.812012	0.102844	201	255
[853]	93	284	0	-3.38091	-9.82014	0.2	26.3277	0.639648	0.749512	-0.169556	201	255
[854]	85	284	0	-3.33089	-9.82786	0.2	26.3364	0.705078	0.686523	-0.177734	201	255
[855]	93	285	0	-3.38091	-9.82014	0.2	26.3277	0.639648	0.749512	-0.169556	201	255
[856]	87	285	0	-3.336	-9.84019	0.2	26.3214	-0.57373	0.812012	0.102844	201	255
[857]	90	285	0	-3.38571	-9.83834	0.2	26.3024	-0.729492	0.637695	-0.246948	201	255
[858]	99	286	0	-3.42763	-9.80674	0.2	26.2795	-0.722656	0.511719	-0.465088	201	255
[859]	93	286	0	-3.38091	-9.82014	0.2	26.3277	0.639648	0.749512	-0.169556	201	255
[860]	90	286	0	-3.38571	-9.83834	0.2	26.3024	-0.729492	0.637695	-0.246948	201	255
[861]	93	287	0	-3.38091	-9.82014	0.2	26.3277	0.639648	0.749512	-0.169556	201	255
[862]	99	287	0	-3.42763	-9.80674	0.2	26.2795	-0.722656	0.511719	-0.465088	201	255
[863]	98	287	0	-3.43904	-9.77522	0.2	26.302	0.592285	0.696289	-0.405762	201	255
[864]	97	288	0	-3.45315	-9.77188	0.2	26.2512	-0.71582	0.472656	-0.513672	201	255
[865]	98	288	0	-3.43904	-9.77522	0.2	26.302	0.592285	0.696289	-0.405762	201	255
[866]	99	288	0	-3.42763	-9.80674	0.2	26.2795	-0.722656	0.511719	-0.465088	201	255
[867]	98	289	0	-3.43904	-9.77522	0.2	26.302	0.592285	0.696289	-0.405762	201	255
[868]	97	289	0	-3.45315	-9.77188	0.2	26.2512	-0.71582	0.472656	-0.513672	201	255
[869]	102	289	0	-3.49385	-9.72676	0.2	26.2831	0.970703	0.240356	-0.00233841	201	255
[870]	102	290	0	-3.49385	-9.72676	0.2	26.2831	0.970703	0.240356	-0.00233841	201	255
[871]	103	290	0	-3.44927	-9.83488	0.2	26.3064	0.730957	-0.64209	0.230957	201	255
[872]	98	290	0	-3.43904	-9.77522	0.2	26.302	0.592285	0.696289	-0.405762	201	255
[873]	103	291	0	-3.44927	-9.83488	0.2	26.3064	0.730957	-0.64209	0.230957	201	255
[874]	102	291	0	-3.49385	-9.72676	0.2	26.2831	0.970703	0.240356	-0.00233841	201	255
[875]	104	291	0	-3.52197	-9.78605	0.2	26.2628	0.625	-0.677246	0.388428	201	255
[876]	95	292	0	-3.5061	-9.82139	0.2	26.2244	-0.197876	-0.94043	0.276611	201	255
[877]	103	292	0	-3.44927	-9.83488	0.2	26.3064	0.730957	-0.64209	0.230957	201	255
[878]	104	292	0	-3.52197	-9.78605	0.2	26.2628	0.625	-0.677246	0.388428	201	255
[879]	103	293	0	-3.44927	-9.83488	0.2	26.3064	0.730957	-0.64209	0.230957	201	255
[880]	95	293	0	-3.5061	-9.82139	0.2	26.2244	-0.197876	-0.94043	0.276611	201	255
[881]	100	293	0	-3.44094	-9.8492	0.2	26.2712	-0.674316	-0.738281	-0.00898743	201	255
[882]	101	294	0	-3.45315	-9.77188	0.2	26.2512	-0.71582	0.472656	-0.513672	201	255
[883]	100	294	0	-3.44094	-9.8492	0.2	26.2712	-0.674316	-0.738281	-0.00898743	201	255
[884]	95	294	0	-3.5061	-9.82139	0.2	26.2244	-0.197876	-0.94043	0.276611	201	255
[885]	100	295	0	-3.44094	-9.8492	0.2	26.2712	-0.674316	-0.738281	-0.00898743	201	255
[886]	101	295	0	-3.45315	-9.77188	0.2	26.2512	-0.71582	0.472656	-0.513672	201	255
[887]	96	295	0	-3.42763	-9.80674	0.2	26.2795	-0.722656	0.511719	-0.465088	201	255
[888]	109	296	0	-3.1877	-10.2196	0.2	26.1932	-0.572266	0.71582	0.400635	201	255
[889]	110	296	0	-3.16064	-10.1762	0.2	26.1923	-0.267334	0.778809	-0.567871	201	255
[890]	105	296	0	-3.18469	-10.2354	0.2	26.1894	-0.973633	-0.130493	-0.186768	201	255
[891]	105	297	0	-3.18469	-10.2354	0.2	26.1894	-0.973633	-0.130493	-0.186768	201	255
[892]	110	297	0	-3.16064	-10.1762	0.2	26.1923	-0.267334	0.778809	-0.567871	201	255
[893]	112	297	0	-3.17281	-10.2428	0.2	26.2097	0.220703	-0.624512	-0.749023	201	255
[894]	117	298	0	-3.21759	-10.2824	0.2	26.2043	0.516113	-0.805176	-0.29126	201	255
[895]	105	298	0	-3.18469	-10.2354	0.2	26.1894	-0.973633	-0.130493	-0.186768	201	255
[896]	112	298	0	-3.17281	-10.2428	0.2	26.2097	0.220703	-0.624512	-0.749023	201	255
[897]	105	299	0	-3.18469	-10.2354	0.2	26.1894	-0.973633	-0.130493	-0.186768	201	255
[898]	117	299	0	-3.21759	-10.2824	0.2	26.2043	0.516113	-0.805176	-0.29126	201	255
[899]	106	299	0	-3.22178	-10.2805	0.2	26.1707	-0.850586	-0.427979	-0.30542	201	255
[900]	108	300	0	-3.22641	-10.2527	0.2	26.1739	-0.71875	0.686523	-0.110535	201	255
[901]	105	300	0	-3.18469	-10.2354	0.2	26.1894	-0.973633	-0.130493	-0.186768	201	255
[902]	106	300	0	-3.22178	-10.2805	0.2	26.1707	-0.850586	-0.427979	-0.30542	201	255
[903]	105	301	0	-3.18469	-10.2354	0.2	26.1894	-0.973633	-0.130493	-0.186768	201	255
[904]	108	301	0	-3.22641	-10.2527	0.2	26.1739	-0.71875	0.686523	-0.110535	201	255
[905]	109	301	0	-3.1877	-10.2196	0.2	26.1932	-0.572266	0.71582	0.400635	201	255
[906]	112	302	0	-3.17281	-10.2428	0.2	26.2097	0.220703	-0.624512	-0.749023	201	255
[907]	110	302	0	-3.16064	-10.1762	0.2	26.1923	-0.267334	0.778809	-0.567871	201	255
[908]	113	302	0	-3.18594	-10.2024	0.2	26.2076	0.77002	0.626953	0.119263	201	255
[909]	114	303	0	-3.22519	-10.2303	0.2	26.1987	0.705566	0.701172	0.102905	201	255
[910]	112	303	0	-3.17281	-10.2428	0.2	26.2097	0.220703	-0.624512	-0.749023	201	255
[911]	113	303	0	-3.18594	-10.2024	0.2	26.2076	0.77002	0.626953	0.119263	201	255
[912]	112	304	0	-3.17281	-10.2428	0.2	26.2097	0.220703	-0.624512	-0.749023	201	255
[913]	114	304	0	-3.22519	-10.2303	0.2	26.1987	0.705566	0.701172	0.102905	201	255
[914]	117	304	0	-3.21759	-10.2824	0.2	26.2043	0.516113	-0.805176	-0.29126	201	255
[915]	119	305	0	-3.2837	-10.2166	0.2	26.1707	0.650879	0.720215	-0.238525	201	255
[916]	117	305	0	-3.21759	-10.2824	0.2	26.2043	0.516113	-0.805176	-0.29126	201	255
[917]	114	305	0	-3.22519	-10.2303	0.2	26.1987	0.705566	0.701172	0.102905	201	255
[918]	117	306	0	-3.21759	-10.2824	0.2	26.2043	0.516113	-0.805176	-0.29126	201	255
[919]	119	306	0	-3.2837	-10.2166	0.2	26.1707	0.650879	0.720215	-0.238525	201	255
[920]	124	306	0	-3.27948	-10.2898	0.2	26.1771	0.654785	-0.748047	0.107056	201	255
[921]	120	307	0	-3.27189	-10.2989	0.2	26.1416	-0.731445	-0.651367	-0.202026	201	255
[922]	117	307	0	-3.21759	-10.2824	0.2	26.2043	0.516113	-0.805176	-0.29126	201	255
[923]	124	307	0	-3.27948	-10.2898	0.2	26.1771	0.654785	-0.748047	0.107056	201	255
[924]	117	308	0	-3.21759	-10.2824	0.2	26.2043	0.516113	-0.805176	-0.29126	201	255
[925]	120	308	0	-3.27189	-10.2989	0.2	26.1416	-0.731445	-0.651367	-0.202026	201	255
[926]	106	308	0	-3.22178	-10.2805	0.2	26.1707	-0.850586	-0.427979	-0.30542	201	255
[927]	122	309	0	-3.26882	-10.243	0.2	26.1492	-0.674316	0.633301	-0.380127	201	255
[928]	106	309	0	-3.22178	-10.2805	0.2	26.1707	-0.850586	-0.427979	-0.30542	201	255
[929]	120	309	0	-3.27189	-10.2989	0.2	26.1416	-0.731445	-0.651367	-0.202026	201	255
[930]	106	310	0	-3.22178	-10.2805	0.2	26.1707	-0.850586	-0.427979	-0.30542	201	255
[931]	122	310	0	-3.26882	-10.243	0.2	26.1492	-0.674316	0.633301	-0.380127	201	255
[932]	108	310	0	-3.22641	-10.2527	0.2	26.1739	-0.71875	0.686523	-0.110535	201	255
[933]	113	311	0	-3.18594	-10.2024	0.2	26.2076	0.77002	0.626953	0.119263	201	255
[934]	110	311	0	-3.16064	-10.1762	0.2	26.1923	-0.267334	0.778809	-0.567871	201	255
[935]	107	311	0	-3.1877	-10.2196	0.2	26.1932	-0.572266	0.71582	0.400635	201	255
[936]	107	312	0	-3.1877	-10.2196	0.2	26.1932	-0.572266	0.71582	0.400635	201	255
[937]	114	312	0	-3.22519	-10.2303	0.2	26.1987	0.705566	0.701172	0.102905	201	255
[938]	113	312	0	-3.18594	-10.2024	0.2	26.2076	0.77002	0.626953	0.119263	201	255
[939]	114	313	0	-3.22519	-10.2303	0.2	26.1987	0.705566	0.701172	0.102905	201	255
[940]	107	313	0	-3.1877	-10.2196	0.2	26.1932	-0.572266	0.71582	0.400635	201	255
[941]	111	313	0	-3.22641	-10.2527	0.2	26.1739	-0.71875	0.686523	-0.110535	201	255
[942]	115	314	0	-3.26882	-10.243	0.2	26.1492	-0.674316	0.633301	-0.380127	201	255
[943]	114	314	0	-3.22519	-10.2303	0.2	26.1987	0.705566	0.701172	0.102905	201	255
[944]	111	314	0	-3.22641	-10.2527	0.2	26.1739	-0.71875	0.686523	-0.110535	201	255
[945]	114	315	0	-3.22519	-10.2303	0.2	26.1987	0.705566	0.701172	0.102905	201	255
[946]	115	315	0	-3.26882	-10.243	0.2	26.1492	-0.674316	0.633301	-0.380127	201	255
[947]	119	315	0	-3.2837	-10.2166	0.2	26.1707	0.650879	0.720215	-0.238525	201	255
[948]	118	316	0	-3.30038	-10.218	0.2	26.1188	-0.619141	0.661621	-0.422363	201	255
[949]	119	316	0	-3.2837	-10.2166	0.2	26.1707	0.650879	0.720215	-0.238525	201	255
[950]	115	316	0	-3.26882	-10.243	0.2	26.1492	-0.674316	0.633301	-0.380127	201	255
[951]	119	317	0	-3.2837	-10.2166	0.2	26.1707	0.650879	0.720215	-0.238525	201	255
[952]	118	317	0	-3.30038	-10.218	0.2	26.1188	-0.619141	0.661621	-0.422363	201	255
[953]	123	317	0	-3.34315	-10.1951	0.2	26.1497	0.973145	0.217041	0.0751953	201	255
[954]	123	318	0	-3.34315	-10.1951	0.2	26.1497	0.973145	0.217041	0.0751953	201	255
[955]	124	318	0	-3.27948	-10.2898	0.2	26.1771	0.654785	-0.748047	0.107056	201	255
[956]	119	318	0	-3.2837	-10.2166	0.2	26.1707	0.650879	0.720215	-0.238525	201	255
[957]	124	319	0	-3.27948	-10.2898	0.2	26.1771	0.654785	-0.748047	0.107056	201	255
[958]	123	319	0	-3.34315	-10.1951	0.2	26.1497	0.973145	0.217041	0.0751953	201	255
[959]	125	319	0	-3.35584	-10.2725	0.2	26.1308	0.582031	-0.766602	0.270752	201	255
[960]	116	320	0	-3.33768	-10.2997	0.2	26.0924	-0.382568	-0.923828	0.0184784	201	255
[961]	124	320	0	-3.27948	-10.2898	0.2	26.1771	0.654785	-0.748047	0.107056	201	255
[962]	125	320	0	-3.35584	-10.2725	0.2	26.1308	0.582031	-0.766602	0.270752	201	255
[963]	124	321	0	-3.27948	-10.2898	0.2	26.1771	0.654785	-0.748047	0.107056	201	255
[964]	116	321	0	-3.33768	-10.2997	0.2	26.0924	-0.382568	-0.923828	0.0184784	201	255
[965]	120	321	0	-3.27189	-10.2989	0.2	26.1416	-0.731445	-0.651367	-0.202026	201	255
[966]	121	322	0	-3.30038	-10.218	0.2	26.1188	-0.619141	0.661621	-0.422363	201	255
[967]	120	322	0	-3.27189	-10.2989	0.2	26.1416	-0.731445	-0.651367	-0.202026	201	255
[968]	116	322	0	-3.33768	-10.2997	0.2	26.0924	-0.382568	-0.923828	0.0184784	201	255
[969]	120	323	0	-3.27189	-10.2989	0.2	26.1416	-0.731445	-0.651367	-0.202026	201	255
[970]	121	323	0	-3.30038	-10.218	0.2	26.1188	-0.619141	0.661621	-0.422363	201	255
[971]	122	323	0	-3.26882	-10.243	0.2	26.1492	-0.674316	0.633301	-0.380127	201	255
[972]	128	324	0	-3.47099	-10.1356	0.2	26.2848	-0.526855	0.785645	-0.324219	201	255
[973]	130	324	0	-3.43409	-10.1308	0.2	26.3103	0.240723	0.137939	-0.960449	201	255
[974]	127	324	0	-3.4675	-10.1436	0.2	26.2827	-0.865723	0.128418	-0.484131	201	255
[975]	127	325	0	-3.4675	-10.1436	0.2	26.2827	-0.865723	0.128418	-0.484131	201	255
[976]	130	325	0	-3.43409	-10.1308	0.2	26.3103	0.240723	0.137939	-0.960449	201	255
[977]	134	325	0	-3.46958	-10.1668	0.2	26.2962	0.381104	-0.904297	-0.192261	201	255
[978]	134	326	0	-3.46958	-10.1668	0.2	26.2962	0.381104	-0.904297	-0.192261	201	255
[979]	126	326	0	-3.50506	-10.1519	0.2	26.2352	-0.763184	-0.228027	-0.604492	201	255
[980]	127	326	0	-3.4675	-10.1436	0.2	26.2827	-0.865723	0.128418	-0.484131	201	255
[981]	136	327	0	-3.50789	-10.1268	0.2	26.2444	-0.430908	0.707031	-0.561035	201	255
[982]	127	327	0	-3.4675	-10.1436	0.2	26.2827	-0.865723	0.128418	-0.484131	201	255
[983]	126	327	0	-3.50506	-10.1519	0.2	26.2352	-0.763184	-0.228027	-0.604492	201	255
[984]	127	328	0	-3.4675	-10.1436	0.2	26.2827	-0.865723	0.128418	-0.484131	201	255
[985]	136	328	0	-3.50789	-10.1268	0.2	26.2444	-0.430908	0.707031	-0.561035	201	255
[986]	128	328	0	-3.47099	-10.1356	0.2	26.2848	-0.526855	0.785645	-0.324219	201	255
[987]	134	329	0	-3.46958	-10.1668	0.2	26.2962	0.381104	-0.904297	-0.192261	201	255
[988]	130	329	0	-3.43409	-10.1308	0.2	26.3103	0.240723	0.137939	-0.960449	201	255
[989]	133	329	0	-3.4736	-10.1289	0.2	26.2889	0.570801	0.820801	0.0166779	201	255
[990]	133	330	0	-3.4736	-10.1289	0.2	26.2889	0.570801	0.820801	0.0166779	201	255
[991]	131	330	0	-3.51596	-10.1749	0.2	26.2571	0.356689	-0.915527	0.185181	201	255
[992]	134	330	0	-3.46958	-10.1668	0.2	26.2962	0.381104	-0.904297	-0.192261	201	255
[993]	126	331	0	-3.50506	-10.1519	0.2	26.2352	-0.763184	-0.228027	-0.604492	201	255
[994]	134	331	0	-3.46958	-10.1668	0.2	26.2962	0.381104	-0.904297	-0.192261	201	255
[995]	131	331	0	-3.51596	-10.1749	0.2	26.2571	0.356689	-0.915527	0.185181	201	255
[996]	131	332	0	-3.51596	-10.1749	0.2	26.2571	0.356689	-0.915527	0.185181	201	255
[997]	142	332	0	-3.54303	-10.1546	0.2	26.1738	-0.692871	-0.617188	-0.372314	201	255
[998]	126	332	0	-3.50506	-10.1519	0.2	26.2352	-0.763184	-0.228027	-0.604492	201	255
[999]	137	333	0	-3.53313	-10.1019	0.2	26.1948	-0.308594	0.626465	-0.71582	201	255
[1000]	126	333	0	-3.50506	-10.1519	0.2	26.2352	-0.763184	-0.228027	-0.604492	201	255
[1001]	142	333	0	-3.54303	-10.1546	0.2	26.1738	-0.692871	-0.617188	-0.372314	201	255
[1002]	126	334	0	-3.50506	-10.1519	0.2	26.2352	-0.763184	-0.228027	-0.604492	201	255
[1003]	137	334	0	-3.53313	-10.1019	0.2	26.1948	-0.308594	0.626465	-0.71582	201	255
[1004]	136	334	0	-3.50789	-10.1268	0.2	26.2444	-0.430908	0.707031	-0.561035	201	255
[1005]	133	335	0	-3.4736	-10.1289	0.2	26.2889	0.570801	0.820801	0.0166779	201	255
[1006]	130	335	0	-3.43409	-10.1308	0.2	26.3103	0.240723	0.137939	-0.960449	201	255
[1007]	129	335	0	-3.47099	-10.1356	0.2	26.2848	-0.526855	0.785645	-0.324219	201	255
[1008]	132	336	0	-3.50789	-10.1268	0.2	26.2444	-0.430908	0.707031	-0.561035	201	255
[1009]	133	336	0	-3.4736	-10.1289	0.2	26.2889	0.570801	0.820801	0.0166779	201	255
[1010]	129	336	0	-3.47099	-10.1356	0.2	26.2848	-0.526855	0.785645	-0.324219	201	255
[1011]	133	337	0	-3.4736	-10.1289	0.2	26.2889	0.570801	0.820801	0.0166779	201	255
[1012]	132	337	0	-3.50789	-10.1268	0.2	26.2444	-0.430908	0.707031	-0.561035	201	255
[1013]	135	337	0	-3.51777	-10.1096	0.2	26.2576	0.725586	0.687988	-0.0241089	201	255
[1014]	131	338	0	-3.51596	-10.1749	0.2	26.2571	0.356689	-0.915527	0.185181	201	255
[1015]	133	338	0	-3.4736	-10.1289	0.2	26.2889	0.570801	0.820801	0.0166779	201	255
[1016]	135	338	0	-3.51777	-10.1096	0.2	26.2576	0.725586	0.687988	-0.0241089	201	255
[1017]	140	339	0	-3.56693	-10.0862	0.2	26.2115	0.878418	0.456543	0.140747	201	255
[1018]	131	339	0	-3.51596	-10.1749	0.2	26.2571	0.356689	-0.915527	0.185181	201	255
[1019]	135	339	0	-3.51777	-10.1096	0.2	26.2576	0.725586	0.687988	-0.0241089	201	255
[1020]	131	340	0	-3.51596	-10.1749	0.2	26.2571	0.356689	-0.915527	0.185181	201	255
[1021]	140	340	0	-3.56693	-10.0862	0.2	26.2115	0.878418	0.456543	0.140747	201	255
[1022]	145	340	0	-3.56658	-10.1579	0.2	26.1964	0.310303	-0.844727	0.436035	201	255
[1023]	142	341	0	-3.54303	-10.1546	0.2	26.1738	-0.692871	-0.617188	-0.372314	201	255
[1024]	131	341	0	-3.51596	-10.1749	0.2	26.2571	0.356689	-0.915527	0.185181	201	255
[1025]	145	341	0	-3.56658	-10.1579	0.2	26.1964	0.310303	-0.844727	0.436035	201	255
[1026]	145	342	0	-3.56658	-10.1579	0.2	26.1964	0.310303	-0.844727	0.436035	201	255
[1027]	138	342	0	-3.58747	-10.1397	0.2	26.1223	-0.321289	-0.902832	0.286377	201	255
[1028]	142	342	0	-3.54303	-10.1546	0.2	26.1738	-0.692871	-0.617188	-0.372314	201	255
[1029]	143	343	0	-3.54511	-10.0684	0.2	26.1542	-0.335693	0.574707	-0.746094	201	255
[1030]	142	343	0	-3.54303	-10.1546	0.2	26.1738	-0.692871	-0.617188	-0.372314	201	255
[1031]	138	343	0	-3.58747	-10.1397	0.2	26.1223	-0.321289	-0.902832	0.286377	201	255
[1032]	142	344	0	-3.54303	-10.1546	0.2	26.1738	-0.692871	-0.617188	-0.372314	201	255
[1033]	143	344	0	-3.54511	-10.0684	0.2	26.1542	-0.335693	0.574707	-0.746094	201	255
[1034]	137	344	0	-3.53313	-10.1019	0.2	26.1948	-0.308594	0.626465	-0.71582	201	255
[1035]	141	345	0	-3.53313	-10.1019	0.2	26.1948	-0.308594	0.626465	-0.71582	201	255
[1036]	135	345	0	-3.51777	-10.1096	0.2	26.2576	0.725586	0.687988	-0.0241089	201	255
[1037]	132	345	0	-3.50789	-10.1268	0.2	26.2444	-0.430908	0.707031	-0.561035	201	255
[1038]	135	346	0	-3.51777	-10.1096	0.2	26.2576	0.725586	0.687988	-0.0241089	201	255
[1039]	141	346	0	-3.53313	-10.1019	0.2	26.1948	-0.308594	0.626465	-0.71582	201	255
[1040]	140	346	0	-3.56693	-10.0862	0.2	26.2115	0.878418	0.456543	0.140747	201	255
[1041]	139	347	0	-3.54511	-10.0684	0.2	26.1542	-0.335693	0.574707	-0.746094	201	255
[1042]	140	347	0	-3.56693	-10.0862	0.2	26.2115	0.878418	0.456543	0.140747	201	255
[1043]	141	347	0	-3.53313	-10.1019	0.2	26.1948	-0.308594	0.626465	-0.71582	201	255
[1044]	140	348	0	-3.56693	-10.0862	0.2	26.2115	0.878418	0.456543	0.140747	201	255
[1045]	139	348	0	-3.54511	-10.0684	0.2	26.1542	-0.335693	0.574707	-0.746094	201	255
[1046]	144	348	0	-3.61837	-10.0437	0.2	26.1661	0.888672	-0.0911255	0.449707	201	255
[1047]	144	349	0	-3.61837	-10.0437	0.2	26.1661	0.888672	-0.0911255	0.449707	201	255
[1048]	145	349	0	-3.56658	-10.1579	0.2	26.1964	0.310303	-0.844727	0.436035	201	255
[1049]	140	349	0	-3.56693	-10.0862	0.2	26.2115	0.878418	0.456543	0.140747	201	255
[1050]	145	350	0	-3.56658	-10.1579	0.2	26.1964	0.310303	-0.844727	0.436035	201	255
[1051]	144	350	0	-3.61837	-10.0437	0.2	26.1661	0.888672	-0.0911255	0.449707	201	255
[1052]	146	350	0	-3.63687	-10.0834	0.2	26.1268	0.467041	-0.651855	0.597168	201	255
[1053]	138	351	0	-3.58747	-10.1397	0.2	26.1223	-0.321289	-0.902832	0.286377	201	255
[1054]	145	351	0	-3.56658	-10.1579	0.2	26.1964	0.310303	-0.844727	0.436035	201	255
[1055]	146	351	0	-3.63687	-10.0834	0.2	26.1268	0.467041	-0.651855	0.597168	201	255
[1056]	148	352	0	-3.37627	-10.6045	0.2	26.1586	-0.554688	0.796875	-0.239746	201	255
[1057]	150	352	0	-3.3362	-10.6086	0.2	26.1695	-0.139771	0.106384	-0.984375	201	255
[1058]	151	352	0	-3.37556	-10.6182	0.2	26.1538	-0.961914	-0.240845	-0.130493	201	255
[1059]	151	353	0	-3.37556	-10.6182	0.2	26.1538	-0.961914	-0.240845	-0.130493	201	255
[1060]	150	353	0	-3.3362	-10.6086	0.2	26.1695	-0.139771	0.106384	-0.984375	201	255
[1061]	155	353	0	-3.36885	-10.6348	0.2	26.1758	0.340332	-0.925781	-0.164062	201	255
[1062]	161	354	0	-3.42438	-10.6109	0.2	26.1603	0.578125	-0.770508	0.269531	201	255
[1063]	151	354	0	-3.37556	-10.6182	0.2	26.1538	-0.961914	-0.240845	-0.130493	201	255
[1064]	155	354	0	-3.36885	-10.6348	0.2	26.1758	0.340332	-0.925781	-0.164062	201	255
[1065]	151	355	0	-3.37556	-10.6182	0.2	26.1538	-0.961914	-0.240845	-0.130493	201	255
[1066]	161	355	0	-3.42438	-10.6109	0.2	26.1603	0.578125	-0.770508	0.269531	201	255
[1067]	157	355	0	-3.42084	-10.6061	0.2	26.1275	-0.837891	-0.521484	-0.161255	201	255
[1068]	154	356	0	-3.4211	-10.5816	0.2	26.1333	-0.613281	0.609375	-0.502441	201	255
[1069]	151	356	0	-3.37556	-10.6182	0.2	26.1538	-0.961914	-0.240845	-0.130493	201	255
[1070]	157	356	0	-3.42084	-10.6061	0.2	26.1275	-0.837891	-0.521484	-0.161255	201	255
[1071]	151	357	0	-3.37556	-10.6182	0.2	26.1538	-0.961914	-0.240845	-0.130493	201	255
[1072]	154	357	0	-3.4211	-10.5816	0.2	26.1333	-0.613281	0.609375	-0.502441	201	255
[1073]	148	357	0	-3.37627	-10.6045	0.2	26.1586	-0.554688	0.796875	-0.239746	201	255
[1074]	155	358	0	-3.36885	-10.6348	0.2	26.1758	0.340332	-0.925781	-0.164062	201	255
[1075]	150	358	0	-3.3362	-10.6086	0.2	26.1695	-0.139771	0.106384	-0.984375	201	255
[1076]	147	358	0	-3.37383	-10.5945	0.2	26.1749	0.746582	0.650879	-0.139038	201	255
[1077]	156	359	0	-3.42095	-10.5672	0.2	26.1588	0.693848	0.698242	-0.175903	201	255
[1078]	155	359	0	-3.36885	-10.6348	0.2	26.1758	0.340332	-0.925781	-0.164062	201	255
[1079]	147	359	0	-3.37383	-10.5945	0.2	26.1749	0.746582	0.650879	-0.139038	201	255
[1080]	155	360	0	-3.36885	-10.6348	0.2	26.1758	0.340332	-0.925781	-0.164062	201	255
[1081]	156	360	0	-3.42095	-10.5672	0.2	26.1588	0.693848	0.698242	-0.175903	201	255
[1082]	161	360	0	-3.42438	-10.6109	0.2	26.1603	0.578125	-0.770508	0.269531	201	255
[1083]	160	361	0	-3.47376	-10.5021	0.2	26.1266	0.702148	0.621582	-0.348145	201	255
[1084]	161	361	0	-3.42438	-10.6109	0.2	26.1603	0.578125	-0.770508	0.269531	201	255
[1085]	156	361	0	-3.42095	-10.5672	0.2	26.1588	0.693848	0.698242	-0.175903	201	255
[1086]	161	362	0	-3.42438	-10.6109	0.2	26.1603	0.578125	-0.770508	0.269531	201	255
[1087]	160	362	0	-3.47376	-10.5021	0.2	26.1266	0.702148	0.621582	-0.348145	201	255
[1088]	165	362	0	-3.48299	-10.5631	0.2	26.126	0.626953	-0.621582	0.469482	201	255
[1089]	164	363	0	-3.46905	-10.5756	0.2	26.0923	-0.717773	-0.693848	-0.0553589	201	255
[1090]	161	363	0	-3.42438	-10.6109	0.2	26.1603	0.578125	-0.770508	0.269531	201	255
[1091]	165	363	0	-3.48299	-10.5631	0.2	26.126	0.626953	-0.621582	0.469482	201	255
[1092]	161	364	0	-3.42438	-10.6109	0.2	26.1603	0.578125	-0.770508	0.269531	201	255
[1093]	164	364	0	-3.46905	-10.5756	0.2	26.0923	-0.717773	-0.693848	-0.0553589	201	255
[1094]	157	364	0	-3.42084	-10.6061	0.2	26.1275	-0.837891	-0.521484	-0.161255	201	255
[1095]	159	365	0	-3.45839	-10.5345	0.2	26.1056	-0.574707	0.481201	-0.661621	201	255
[1096]	157	365	0	-3.42084	-10.6061	0.2	26.1275	-0.837891	-0.521484	-0.161255	201	255
[1097]	164	365	0	-3.46905	-10.5756	0.2	26.0923	-0.717773	-0.693848	-0.0553589	201	255
[1098]	157	366	0	-3.42084	-10.6061	0.2	26.1275	-0.837891	-0.521484	-0.161255	201	255
[1099]	159	366	0	-3.45839	-10.5345	0.2	26.1056	-0.574707	0.481201	-0.661621	201	255
[1100]	154	366	0	-3.4211	-10.5816	0.2	26.1333	-0.613281	0.609375	-0.502441	201	255
[1101]	147	367	0	-3.37383	-10.5945	0.2	26.1749	0.746582	0.650879	-0.139038	201	255
[1102]	150	367	0	-3.3362	-10.6086	0.2	26.1695	-0.139771	0.106384	-0.984375	201	255
[1103]	149	367	0	-3.37627	-10.6045	0.2	26.1586	-0.554688	0.796875	-0.239746	201	255
[1104]	149	368	0	-3.37627	-10.6045	0.2	26.1586	-0.554688	0.796875	-0.239746	201	255
[1105]	156	368	0	-3.42095	-10.5672	0.2	26.1588	0.693848	0.698242	-0.175903	201	255
[1106]	147	368	0	-3.37383	-10.5945	0.2	26.1749	0.746582	0.650879	-0.139038	201	255
[1107]	156	369	0	-3.42095	-10.5672	0.2	26.1588	0.693848	0.698242	-0.175903	201	255
[1108]	149	369	0	-3.37627	-10.6045	0.2	26.1586	-0.554688	0.796875	-0.239746	201	255
[1109]	153	369	0	-3.4211	-10.5816	0.2	26.1333	-0.613281	0.609375	-0.502441	201	255
[1110]	163	370	0	-3.45839	-10.5345	0.2	26.1056	-0.574707	0.481201	-0.661621	201	255
[1111]	156	370	0	-3.42095	-10.5672	0.2	26.1588	0.693848	0.698242	-0.175903	201	255
[1112]	153	370	0	-3.4211	-10.5816	0.2	26.1333	-0.613281	0.609375	-0.502441	201	255
[1113]	156	371	0	-3.42095	-10.5672	0.2	26.1588	0.693848	0.698242	-0.175903	201	255
[1114]	163	371	0	-3.45839	-10.5345	0.2	26.1056	-0.574707	0.481201	-0.661621	201	255
[1115]	160	371	0	-3.47376	-10.5021	0.2	26.1266	0.702148	0.621582	-0.348145	201	255
[1116]	162	372	0	-3.47929	-10.4894	0.2	26.0741	-0.560059	0.453125	-0.693359	201	255
[1117]	160	372	0	-3.47376	-10.5021	0.2	26.1266	0.702148	0.621582	-0.348145	201	255
[1118]	163	372	0	-3.45839	-10.5345	0.2	26.1056	-0.574707	0.481201	-0.661621	201	255
[1119]	160	373	0	-3.47376	-10.5021	0.2	26.1266	0.702148	0.621582	-0.348145	201	255
[1120]	162	373	0	-3.47929	-10.4894	0.2	26.0741	-0.560059	0.453125	-0.693359	201	255
[1121]	166	373	0	-3.52452	-10.4388	0.2	26.0994	0.962402	0.191406	0.192261	201	255
[1122]	166	374	0	-3.52452	-10.4388	0.2	26.0994	0.962402	0.191406	0.192261	201	255
[1123]	165	374	0	-3.48299	-10.5631	0.2	26.126	0.626953	-0.621582	0.469482	201	255
[1124]	160	374	0	-3.47376	-10.5021	0.2	26.1266	0.702148	0.621582	-0.348145	201	255
[1125]	165	375	0	-3.48299	-10.5631	0.2	26.126	0.626953	-0.621582	0.469482	201	255
[1126]	166	375	0	-3.52452	-10.4388	0.2	26.0994	0.962402	0.191406	0.192261	201	255
[1127]	167	375	0	-3.54699	-10.4921	0.2	26.073	0.497314	-0.638184	0.587891	201	255
[1128]	152	376	0	-3.52474	-10.5261	0.2	26.0367	-0.30957	-0.88916	0.337402	201	255
[1129]	165	376	0	-3.48299	-10.5631	0.2	26.126	0.626953	-0.621582	0.469482	201	255
[1130]	167	376	0	-3.54699	-10.4921	0.2	26.073	0.497314	-0.638184	0.587891	201	255
[1131]	165	377	0	-3.48299	-10.5631	0.2	26.126	0.626953	-0.621582	0.469482	201	255
[1132]	152	377	0	-3.52474	-10.5261	0.2	26.0367	-0.30957	-0.88916	0.337402	201	255
[1133]	164	377	0	-3.46905	-10.5756	0.2	26.0923	-0.717773	-0.693848	-0.0553589	201	255
[1134]	158	378	0	-3.47929	-10.4894	0.2	26.0741	-0.560059	0.453125	-0.693359	201	255
[1135]	164	378	0	-3.46905	-10.5756	0.2	26.0923	-0.717773	-0.693848	-0.0553589	201	255
[1136]	152	378	0	-3.52474	-10.5261	0.2	26.0367	-0.30957	-0.88916	0.337402	201	255
[1137]	164	379	0	-3.46905	-10.5756	0.2	26.0923	-0.717773	-0.693848	-0.0553589	201	255
[1138]	158	379	0	-3.47929	-10.4894	0.2	26.0741	-0.560059	0.453125	-0.693359	201	255
[1139]	159	379	0	-3.45839	-10.5345	0.2	26.1056	-0.574707	0.481201	-0.661621	201	255
[1140]	169	380	0	-2.76129	-11.1571	0.2	25.6059	-0.0169067	0.649902	-0.759766	201	255
[1141]	171	380	0	-2.72488	-11.2083	0.2	25.5977	-0.48291	-0.42627	-0.765137	201	255
[1142]	172	380	0	-2.76549	-11.1545	0.2	25.5953	-0.897461	0.438232	-0.0517883	201	255
[1143]	172	381	0	-2.76549	-11.1545	0.2	25.5953	-0.897461	0.438232	-0.0517883	201	255
[1144]	171	381	0	-2.72488	-11.2083	0.2	25.5977	-0.48291	-0.42627	-0.765137	201	255
[1145]	176	381	0	-2.77084	-11.1849	0.2	25.6003	-0.310303	-0.692383	0.651367	201	255
[1146]	173	382	0	-2.80964	-11.1191	0.2	25.612	0.136108	-0.617188	0.774902	201	255
[1147]	172	382	0	-2.76549	-11.1545	0.2	25.5953	-0.897461	0.438232	-0.0517883	201	255
[1148]	176	382	0	-2.77084	-11.1849	0.2	25.6003	-0.310303	-0.692383	0.651367	201	255
[1149]	172	383	0	-2.76549	-11.1545	0.2	25.5953	-0.897461	0.438232	-0.0517883	201	255
[1150]	173	383	0	-2.80964	-11.1191	0.2	25.612	0.136108	-0.617188	0.774902	201	255
[1151]	178	383	0	-2.79819	-11.0852	0.2	25.5891	-0.970215	0.133179	0.203247	201	255
[1152]	175	384	0	-2.78927	-11.0858	0.2	25.6046	-0.375732	0.425537	-0.823242	201	255
[1153]	172	384	0	-2.76549	-11.1545	0.2	25.5953	-0.897461	0.438232	-0.0517883	201	255
[1154]	178	384	0	-2.79819	-11.0852	0.2	25.5891	-0.970215	0.133179	0.203247	201	255
[1155]	172	385	0	-2.76549	-11.1545	0.2	25.5953	-0.897461	0.438232	-0.0517883	201	255
[1156]	175	385	0	-2.78927	-11.0858	0.2	25.6046	-0.375732	0.425537	-0.823242	201	255
[1157]	169	385	0	-2.76129	-11.1571	0.2	25.6059	-0.0169067	0.649902	-0.759766	201	255
[1158]	176	386	0	-2.77084	-11.1849	0.2	25.6003	-0.310303	-0.692383	0.651367	201	255
[1159]	171	386	0	-2.72488	-11.2083	0.2	25.5977	-0.48291	-0.42627	-0.765137	201	255
[1160]	168	386	0	-2.7552	-11.1808	0.2	25.6194	0.773926	-0.406982	-0.485107	201	255
[1161]	177	387	0	-2.7878	-11.1118	0.2	25.6314	0.797852	-0.293945	-0.526367	201	255
[1162]	176	387	0	-2.77084	-11.1849	0.2	25.6003	-0.310303	-0.692383	0.651367	201	255
[1163]	168	387	0	-2.7552	-11.1808	0.2	25.6194	0.773926	-0.406982	-0.485107	201	255
[1164]	176	388	0	-2.77084	-11.1849	0.2	25.6003	-0.310303	-0.692383	0.651367	201	255
[1165]	177	388	0	-2.7878	-11.1118	0.2	25.6314	0.797852	-0.293945	-0.526367	201	255
[1166]	173	388	0	-2.80964	-11.1191	0.2	25.612	0.136108	-0.617188	0.774902	201	255
[1167]	182	389	0	-2.79879	-11.0184	0.2	25.648	0.616211	-0.440674	-0.652344	201	255
[1168]	173	389	0	-2.80964	-11.1191	0.2	25.612	0.136108	-0.617188	0.774902	201	255
[1169]	177	389	0	-2.7878	-11.1118	0.2	25.6314	0.797852	-0.293945	-0.526367	201	255
[1170]	173	390	0	-2.80964	-11.1191	0.2	25.612	0.136108	-0.617188	0.774902	201	255
[1171]	182	390	0	-2.79879	-11.0184	0.2	25.648	0.616211	-0.440674	-0.652344	201	255
[1172]	187	390	0	-2.83421	-11.0209	0.2	25.624	0.393066	-0.406006	0.825195	201	255
[1173]	184	391	0	-2.8211	-10.9972	0.2	25.5882	-0.887695	0.0480652	0.457764	201	255
[1174]	173	391	0	-2.80964	-11.1191	0.2	25.612	0.136108	-0.617188	0.774902	201	255
[1175]	187	391	0	-2.83421	-11.0209	0.2	25.624	0.393066	-0.406006	0.825195	201	255
[1176]	173	392	0	-2.80964	-11.1191	0.2	25.612	0.136108	-0.617188	0.774902	201	255
[1177]	184	392	0	-2.8211	-10.9972	0.2	25.5882	-0.887695	0.0480652	0.457764	201	255
[1178]	178	392	0	-2.79819	-11.0852	0.2	25.5891	-0.970215	0.133179	0.203247	201	255
[1179]	180	393	0	-2.79751	-11.011	0.2	25.6143	-0.577148	0.110413	-0.809082	201	255
[1180]	178	393	0	-2.79819	-11.0852	0.2	25.5891	-0.970215	0.133179	0.203247	201	255
[1181]	184	393	0	-2.8211	-10.9972	0.2	25.5882	-0.887695	0.0480652	0.457764	201	255
[1182]	178	394	0	-2.79819	-11.0852	0.2	25.5891	-0.970215	0.133179	0.203247	201	255
[1183]	180	394	0	-2.79751	-11.011	0.2	25.6143	-0.577148	0.110413	-0.809082	201	255
[1184]	175	394	0	-2.78927	-11.0858	0.2	25.6046	-0.375732	0.425537	-0.823242	201	255
[1185]	168	395	0	-2.7552	-11.1808	0.2	25.6194	0.773926	-0.406982	-0.485107	201	255
[1186]	171	395	0	-2.72488	-11.2083	0.2	25.5977	-0.48291	-0.42627	-0.765137	201	255
[1187]	170	395	0	-2.76129	-11.1571	0.2	25.6059	-0.0169067	0.649902	-0.759766	201	255
[1188]	170	396	0	-2.76129	-11.1571	0.2	25.6059	-0.0169067	0.649902	-0.759766	201	255
[1189]	177	396	0	-2.7878	-11.1118	0.2	25.6314	0.797852	-0.293945	-0.526367	201	255
[1190]	168	396	0	-2.7552	-11.1808	0.2	25.6194	0.773926	-0.406982	-0.485107	201	255
[1191]	177	397	0	-2.7878	-11.1118	0.2	25.6314	0.797852	-0.293945	-0.526367	201	255
[1192]	170	397	0	-2.76129	-11.1571	0.2	25.6059	-0.0169067	0.649902	-0.759766	201	255
[1193]	174	397	0	-2.78927	-11.0858	0.2	25.6046	-0.375732	0.425537	-0.823242	201	255
[1194]	183	398	0	-2.79751	-11.011	0.2	25.6143	-0.57666	0.112366	-0.809082	201	255
[1195]	177	398	0	-2.7878	-11.1118	0.2	25.6314	0.797852	-0.293945	-0.526367	201	255
[1196]	174	398	0	-2.78927	-11.0858	0.2	25.6046	-0.375732	0.425537	-0.823242	201	255
[1197]	177	399	0	-2.7878	-11.1118	0.2	25.6314	0.797852	-0.293945	-0.526367	201	255
[1198]	183	399	0	-2.79751	-11.011	0.2	25.6143	-0.57666	0.112366	-0.809082	201	255
[1199]	182	399	0	-2.79879	-11.0184	0.2	25.648	0.616211	-0.440674	-0.652344	201	255
[1200]	181	400	0	-2.7892	-10.9463	0.2	25.6165	-0.597168	0.0413818	-0.80127	201	255
[1201]	182	400	0	-2.79879	-11.0184	0.2	25.648	0.616211	-0.440674	-0.652344	201	255
[1202]	183	400	0	-2.79751	-11.011	0.2	25.6143	-0.57666	0.112366	-0.809082	201	255
[1203]	182	401	0	-2.79879	-11.0184	0.2	25.648	0.616211	-0.440674	-0.652344	201	255
[1204]	181	401	0	-2.7892	-10.9463	0.2	25.6165	-0.597168	0.0413818	-0.80127	201	255
[1205]	186	401	0	-2.8105	-10.9202	0.2	25.6731	0.90332	-0.42749	-0.0348206	201	255
[1206]	186	402	0	-2.8105	-10.9202	0.2	25.6731	0.90332	-0.42749	-0.0348206	201	255
[1207]	187	402	0	-2.83421	-11.0209	0.2	25.624	0.393066	-0.406006	0.825195	201	255
[1208]	182	402	0	-2.79879	-11.0184	0.2	25.648	0.616211	-0.440674	-0.652344	201	255
[1209]	187	403	0	-2.83421	-11.0209	0.2	25.624	0.393066	-0.406006	0.825195	201	255
[1210]	186	403	0	-2.8105	-10.9202	0.2	25.6731	0.90332	-0.42749	-0.0348206	201	255
[1211]	188	403	0	-2.84796	-10.8807	0.2	25.6359	0.371338	-0.212036	0.904297	201	255
[1212]	179	404	0	-2.83723	-10.8662	0.2	25.5847	-0.518066	0.0100784	0.855469	201	255
[1213]	187	404	0	-2.83421	-11.0209	0.2	25.624	0.393066	-0.406006	0.825195	201	255
[1214]	188	404	0	-2.84796	-10.8807	0.2	25.6359	0.371338	-0.212036	0.904297	201	255
[1215]	187	405	0	-2.83421	-11.0209	0.2	25.624	0.393066	-0.406006	0.825195	201	255
[1216]	179	405	0	-2.83723	-10.8662	0.2	25.5847	-0.518066	0.0100784	0.855469	201	255
[1217]	184	405	0	-2.8211	-10.9972	0.2	25.5882	-0.887695	0.0480652	0.457764	201	255
[1218]	185	406	0	-2.7892	-10.9463	0.2	25.6165	-0.59668	0.0431824	-0.80127	201	255
[1219]	184	406	0	-2.8211	-10.9972	0.2	25.5882	-0.887695	0.0480652	0.457764	201	255
[1220]	179	406	0	-2.83723	-10.8662	0.2	25.5847	-0.518066	0.0100784	0.855469	201	255
[1221]	184	407	0	-2.8211	-10.9972	0.2	25.5882	-0.887695	0.0480652	0.457764	201	255
[1222]	185	407	0	-2.7892	-10.9463	0.2	25.6165	-0.59668	0.0431824	-0.80127	201	255
[1223]	180	407	0	-2.79751	-11.011	0.2	25.6143	-0.577148	0.110413	-0.809082	201	255
[1224]	190	408	0	-2.49561	-11.1633	0.2	25.6991	-0.159302	0.951172	-0.264404	201	255
[1225]	192	408	0	-2.45711	-11.1779	0.2	25.6777	-0.731934	0.0637817	-0.678711	201	255
[1226]	193	408	0	-2.50209	-11.1665	0.2	25.6905	-0.824219	0.3396	0.453613	201	255
[1227]	193	409	0	-2.50209	-11.1665	0.2	25.6905	-0.824219	0.3396	0.453613	201	255
[1228]	192	409	0	-2.45711	-11.1779	0.2	25.6777	-0.731934	0.0637817	-0.678711	201	255
[1229]	197	409	0	-2.4977	-11.195	0.2	25.7	-0.155762	-0.95166	0.264893	201	255
[1230]	194	410	0	-2.53727	-11.1579	0.2	25.7242	0.337646	-0.888184	0.311035	201	255
[1231]	193	410	0	-2.50209	-11.1665	0.2	25.6905	-0.824219	0.3396	0.453613	201	255
[1232]	197	410	0	-2.4977	-11.195	0.2	25.7	-0.155762	-0.95166	0.264893	201	255
[1233]	193	411	0	-2.50209	-11.1665	0.2	25.6905	-0.824219	0.3396	0.453613	201	255
[1234]	194	411	0	-2.53727	-11.1579	0.2	25.7242	0.337646	-0.888184	0.311035	201	255
[1235]	199	411	0	-2.54861	-11.1255	0.2	25.6969	-0.847656	-0.0742798	0.524902	201	255
[1236]	196	412	0	-2.53716	-11.1179	0.2	25.7083	-0.577148	0.723633	-0.378418	201	255
[1237]	193	412	0	-2.50209	-11.1665	0.2	25.6905	-0.824219	0.3396	0.453613	201	255
[1238]	199	412	0	-2.54861	-11.1255	0.2	25.6969	-0.847656	-0.0742798	0.524902	201	255
[1239]	193	413	0	-2.50209	-11.1665	0.2	25.6905	-0.824219	0.3396	0.453613	201	255
[1240]	196	413	0	-2.53716	-11.1179	0.2	25.7083	-0.577148	0.723633	-0.378418	201	255
[1241]	190	413	0	-2.49561	-11.1633	0.2	25.6991	-0.159302	0.951172	-0.264404	201	255
[1242]	197	414	0	-2.4977	-11.195	0.2	25.7	-0.155762	-0.95166	0.264893	201	255
[1243]	192	414	0	-2.45711	-11.1779	0.2	25.6777	-0.731934	0.0637817	-0.678711	201	255
[1244]	189	414	0	-2.47827	-11.1729	0.2	25.7111	0.521484	-0.044281	-0.852051	201	255
[1245]	198	415	0	-2.51559	-11.1346	0.2	25.7323	0.588379	0.0669556	-0.805664	201	255
[1246]	197	415	0	-2.4977	-11.195	0.2	25.7	-0.155762	-0.95166	0.264893	201	255
[1247]	189	415	0	-2.47827	-11.1729	0.2	25.7111	0.521484	-0.044281	-0.852051	201	255
[1248]	197	416	0	-2.4977	-11.195	0.2	25.7	-0.155762	-0.95166	0.264893	201	255
[1249]	198	416	0	-2.51559	-11.1346	0.2	25.7323	0.588379	0.0669556	-0.805664	201	255
[1250]	194	416	0	-2.53727	-11.1579	0.2	25.7242	0.337646	-0.888184	0.311035	201	255
[1251]	203	417	0	-2.54431	-11.0459	0.2	25.7503	0.365234	-0.0317688	-0.930664	201	255
[1252]	194	417	0	-2.53727	-11.1579	0.2	25.7242	0.337646	-0.888184	0.311035	201	255
[1253]	198	417	0	-2.51559	-11.1346	0.2	25.7323	0.588379	0.0669556	-0.805664	201	255
[1254]	194	418	0	-2.53727	-11.1579	0.2	25.7242	0.337646	-0.888184	0.311035	201	255
[1255]	203	418	0	-2.54431	-11.0459	0.2	25.7503	0.365234	-0.0317688	-0.930664	201	255
[1256]	208	418	0	-2.58686	-11.0744	0.2	25.744	0.588379	-0.683594	0.431885	201	255
[1257]	205	419	0	-2.58957	-11.0543	0.2	25.7007	-0.733398	-0.251953	0.631348	201	255
[1258]	194	419	0	-2.53727	-11.1579	0.2	25.7242	0.337646	-0.888184	0.311035	201	255
[1259]	208	419	0	-2.58686	-11.0744	0.2	25.744	0.588379	-0.683594	0.431885	201	255
[1260]	194	420	0	-2.53727	-11.1579	0.2	25.7242	0.337646	-0.888184	0.311035	201	255
[1261]	205	420	0	-2.58957	-11.0543	0.2	25.7007	-0.733398	-0.251953	0.631348	201	255
[1262]	199	420	0	-2.54861	-11.1255	0.2	25.6969	-0.847656	-0.0742798	0.524902	201	255
[1263]	201	421	0	-2.55921	-11.0501	0.2	25.7171	-0.794434	0.406982	-0.450439	201	255
[1264]	199	421	0	-2.54861	-11.1255	0.2	25.6969	-0.847656	-0.0742798	0.524902	201	255
[1265]	205	421	0	-2.58957	-11.0543	0.2	25.7007	-0.733398	-0.251953	0.631348	201	255
[1266]	199	422	0	-2.54861	-11.1255	0.2	25.6969	-0.847656	-0.0742798	0.524902	201	255
[1267]	201	422	0	-2.55921	-11.0501	0.2	25.7171	-0.794434	0.406982	-0.450439	201	255
[1268]	196	422	0	-2.53716	-11.1179	0.2	25.7083	-0.577148	0.723633	-0.378418	201	255
[1269]	189	423	0	-2.47827	-11.1729	0.2	25.7111	0.521484	-0.044281	-0.852051	201	255
[1270]	192	423	0	-2.45711	-11.1779	0.2	25.6777	-0.731934	0.0637817	-0.678711	201	255
[1271]	191	423	0	-2.49561	-11.1633	0.2	25.6991	-0.159302	0.951172	-0.264404	201	255
[1272]	191	424	0	-2.49561	-11.1633	0.2	25.6991	-0.159302	0.951172	-0.264404	201	255
[1273]	198	424	0	-2.51559	-11.1346	0.2	25.7323	0.588379	0.0669556	-0.805664	201	255
[1274]	189	424	0	-2.47827	-11.1729	0.2	25.7111	0.521484	-0.044281	-0.852051	201	255
[1275]	198	425	0	-2.51559	-11.1346	0.2	25.7323	0.588379	0.0669556	-0.805664	201	255
[1276]	191	425	0	-2.49561	-11.1633	0.2	25.6991	-0.159302	0.951172	-0.264404	201	255
[1277]	195	425	0	-2.53716	-11.1179	0.2	25.7083	-0.577148	0.723633	-0.378418	201	255
[1278]	204	426	0	-2.55921	-11.0501	0.2	25.7171	-0.794434	0.406982	-0.450439	201	255
[1279]	198	426	0	-2.51559	-11.1346	0.2	25.7323	0.588379	0.0669556	-0.805664	201	255
[1280]	195	426	0	-2.53716	-11.1179	0.2	25.7083	-0.577148	0.723633	-0.378418	201	255
[1281]	198	427	0	-2.51559	-11.1346	0.2	25.7323	0.588379	0.0669556	-0.805664	201	255
[1282]	204	427	0	-2.55921	-11.0501	0.2	25.7171	-0.794434	0.406982	-0.450439	201	255
[1283]	203	427	0	-2.54431	-11.0459	0.2	25.7503	0.365234	-0.0317688	-0.930664	201	255
[1284]	202	428	0	-2.56674	-10.9792	0.2	25.7107	-0.836426	0.29541	-0.461914	201	255
[1285]	203	428	0	-2.54431	-11.0459	0.2	25.7503	0.365234	-0.0317688	-0.930664	201	255
[1286]	204	428	0	-2.55921	-11.0501	0.2	25.7171	-0.794434	0.406982	-0.450439	201	255
[1287]	203	429	0	-2.54431	-11.0459	0.2	25.7503	0.365234	-0.0317688	-0.930664	201	255
[1288]	202	429	0	-2.56674	-10.9792	0.2	25.7107	-0.836426	0.29541	-0.461914	201	255
[1289]	207	429	0	-2.56704	-10.9491	0.2	25.7696	0.837891	-0.192017	-0.510742	201	255
[1290]	207	430	0	-2.56704	-10.9491	0.2	25.7696	0.837891	-0.192017	-0.510742	201	255
[1291]	208	430	0	-2.58686	-11.0744	0.2	25.744	0.588379	-0.683594	0.431885	201	255
[1292]	203	430	0	-2.54431	-11.0459	0.2	25.7503	0.365234	-0.0317688	-0.930664	201	255
[1293]	208	431	0	-2.58686	-11.0744	0.2	25.744	0.588379	-0.683594	0.431885	201	255
[1294]	207	431	0	-2.56704	-10.9491	0.2	25.7696	0.837891	-0.192017	-0.510742	201	255
[1295]	209	431	0	-2.62537	-10.9382	0.2	25.7479	0.597168	-0.487549	0.636719	201	255
[1296]	200	432	0	-2.63166	-10.933	0.2	25.6916	-0.277832	-0.375244	0.884277	201	255
[1297]	208	432	0	-2.58686	-11.0744	0.2	25.744	0.588379	-0.683594	0.431885	201	255
[1298]	209	432	0	-2.62537	-10.9382	0.2	25.7479	0.597168	-0.487549	0.636719	201	255
[1299]	208	433	0	-2.58686	-11.0744	0.2	25.744	0.588379	-0.683594	0.431885	201	255
[1300]	200	433	0	-2.63166	-10.933	0.2	25.6916	-0.277832	-0.375244	0.884277	201	255
[1301]	205	433	0	-2.58957	-11.0543	0.2	25.7007	-0.733398	-0.251953	0.631348	201	255
[1302]	206	434	0	-2.56674	-10.9792	0.2	25.7107	-0.836426	0.29541	-0.461914	201	255
[1303]	205	434	0	-2.58957	-11.0543	0.2	25.7007	-0.733398	-0.251953	0.631348	201	255
[1304]	200	434	0	-2.63166	-10.933	0.2	25.6916	-0.277832	-0.375244	0.884277	201	255
[1305]	205	435	0	-2.58957	-11.0543	0.2	25.7007	-0.733398	-0.251953	0.631348	201	255
[1306]	206	435	0	-2.56674	-10.9792	0.2	25.7107	-0.836426	0.29541	-0.461914	201	255
[1307]	201	435	0	-2.55921	-11.0501	0.2	25.7171	-0.794434	0.406982	-0.450439	201	255
[1308]	212	436	0	-2.64995	-11.0717	0.2	25.9571	-0.151855	0.926758	-0.343262	201	255
[1309]	210	436	0	-2.6084	-11.082	0.2	25.9782	0.0586243	-0.0388184	-0.997559	201	255
[1310]	211	436	0	-2.65051	-11.0792	0.2	25.9478	-0.946289	0.190674	-0.259766	201	255
[1311]	211	437	0	-2.65051	-11.0792	0.2	25.9478	-0.946289	0.190674	-0.259766	201	255
[1312]	210	437	0	-2.6084	-11.082	0.2	25.9782	0.0586243	-0.0388184	-0.997559	201	255
[1313]	214	437	0	-2.64959	-11.1039	0.2	25.9606	-0.121704	-0.989258	0.0823975	201	255
[1314]	220	438	0	-2.70406	-11.07	0.2	25.9314	0.0927124	-0.896484	0.433105	201	255
[1315]	211	438	0	-2.65051	-11.0792	0.2	25.9478	-0.946289	0.190674	-0.259766	201	255
[1316]	214	438	0	-2.64959	-11.1039	0.2	25.9606	-0.121704	-0.989258	0.0823975	201	255
[1317]	211	439	0	-2.65051	-11.0792	0.2	25.9478	-0.946289	0.190674	-0.259766	201	255
[1318]	220	439	0	-2.70406	-11.07	0.2	25.9314	0.0927124	-0.896484	0.433105	201	255
[1319]	215	439	0	-2.70377	-11.0451	0.2	25.9092	-0.963867	-0.164062	-0.209717	201	255
[1320]	213	440	0	-2.70129	-11.0311	0.2	25.9231	-0.415527	0.644531	-0.64209	201	255
[1321]	211	440	0	-2.65051	-11.0792	0.2	25.9478	-0.946289	0.190674	-0.259766	201	255
[1322]	215	440	0	-2.70377	-11.0451	0.2	25.9092	-0.963867	-0.164062	-0.209717	201	255
[1323]	211	441	0	-2.65051	-11.0792	0.2	25.9478	-0.946289	0.190674	-0.259766	201	255
[1324]	213	441	0	-2.70129	-11.0311	0.2	25.9231	-0.415527	0.644531	-0.64209	201	255
[1325]	212	441	0	-2.64995	-11.0717	0.2	25.9571	-0.151855	0.926758	-0.343262	201	255
[1326]	214	442	0	-2.64959	-11.1039	0.2	25.9606	-0.121704	-0.989258	0.0823975	201	255
[1327]	210	442	0	-2.6084	-11.082	0.2	25.9782	0.0586243	-0.0388184	-0.997559	201	255
[1328]	217	442	0	-2.64856	-11.0733	0.2	25.975	0.972168	0.213135	-0.0986328	201	255
[1329]	221	443	0	-2.69317	-11.038	0.2	25.9493	0.913574	0.349121	-0.20752	201	255
[1330]	214	443	0	-2.64959	-11.1039	0.2	25.9606	-0.121704	-0.989258	0.0823975	201	255
[1331]	217	443	0	-2.64856	-11.0733	0.2	25.975	0.972168	0.213135	-0.0986328	201	255
[1332]	214	444	0	-2.64959	-11.1039	0.2	25.9606	-0.121704	-0.989258	0.0823975	201	255
[1333]	221	444	0	-2.69317	-11.038	0.2	25.9493	0.913574	0.349121	-0.20752	201	255
[1334]	220	444	0	-2.70406	-11.07	0.2	25.9314	0.0927124	-0.896484	0.433105	201	255
[1335]	230	445	0	-2.74452	-10.9533	0.2	25.923	0.948242	0.112976	-0.296387	201	255
[1336]	220	445	0	-2.70406	-11.07	0.2	25.9314	0.0927124	-0.896484	0.433105	201	255
[1337]	221	445	0	-2.69317	-11.038	0.2	25.9493	0.913574	0.349121	-0.20752	201	255
[1338]	220	446	0	-2.70406	-11.07	0.2	25.9314	0.0927124	-0.896484	0.433105	201	255
[1339]	230	446	0	-2.74452	-10.9533	0.2	25.923	0.948242	0.112976	-0.296387	201	255
[1340]	235	446	0	-2.76335	-10.9966	0.2	25.8959	0.228882	-0.699707	0.676758	201	255
[1341]	223	447	0	-2.74424	-10.9858	0.2	25.867	-0.936035	-0.351318	-0.0241699	201	255
[1342]	220	447	0	-2.70406	-11.07	0.2	25.9314	0.0927124	-0.896484	0.433105	201	255
[1343]	235	447	0	-2.76335	-10.9966	0.2	25.8959	0.228882	-0.699707	0.676758	201	255
[1344]	220	448	0	-2.70406	-11.07	0.2	25.9314	0.0927124	-0.896484	0.433105	201	255
[1345]	223	448	0	-2.74424	-10.9858	0.2	25.867	-0.936035	-0.351318	-0.0241699	201	255
[1346]	215	448	0	-2.70377	-11.0451	0.2	25.9092	-0.963867	-0.164062	-0.209717	201	255
[1347]	219	449	0	-2.72916	-10.9683	0.2	25.8989	-0.300049	0.463379	-0.833496	201	255
[1348]	215	449	0	-2.70377	-11.0451	0.2	25.9092	-0.963867	-0.164062	-0.209717	201	255
[1349]	223	449	0	-2.74424	-10.9858	0.2	25.867	-0.936035	-0.351318	-0.0241699	201	255
[1350]	215	450	0	-2.70377	-11.0451	0.2	25.9092	-0.963867	-0.164062	-0.209717	201	255
[1351]	219	450	0	-2.72916	-10.9683	0.2	25.8989	-0.300049	0.463379	-0.833496	201	255
[1352]	213	450	0	-2.70129	-11.0311	0.2	25.9231	-0.415527	0.644531	-0.64209	201	255
[1353]	217	451	0	-2.64856	-11.0733	0.2	25.975	0.972168	0.213135	-0.0986328	201	255
[1354]	210	451	0	-2.6084	-11.082	0.2	25.9782	0.0586243	-0.0388184	-0.997559	201	255
[1355]	218	451	0	-2.64995	-11.0717	0.2	25.9571	-0.151855	0.926758	-0.343262	201	255
[1356]	218	452	0	-2.64995	-11.0717	0.2	25.9571	-0.151855	0.926758	-0.343262	201	255
[1357]	221	452	0	-2.69317	-11.038	0.2	25.9493	0.913574	0.349121	-0.20752	201	255
[1358]	217	452	0	-2.64856	-11.0733	0.2	25.975	0.972168	0.213135	-0.0986328	201	255
[1359]	221	453	0	-2.69317	-11.038	0.2	25.9493	0.913574	0.349121	-0.20752	201	255
[1360]	218	453	0	-2.64995	-11.0717	0.2	25.9571	-0.151855	0.926758	-0.343262	201	255
[1361]	222	453	0	-2.70129	-11.0311	0.2	25.9231	-0.415527	0.644531	-0.64209	201	255
[1362]	224	454	0	-2.72916	-10.9683	0.2	25.8989	-0.300049	0.463379	-0.833496	201	255
[1363]	221	454	0	-2.69317	-11.038	0.2	25.9493	0.913574	0.349121	-0.20752	201	255
[1364]	222	454	0	-2.70129	-11.0311	0.2	25.9231	-0.415527	0.644531	-0.64209	201	255
[1365]	221	455	0	-2.69317	-11.038	0.2	25.9493	0.913574	0.349121	-0.20752	201	255
[1366]	224	455	0	-2.72916	-10.9683	0.2	25.8989	-0.300049	0.463379	-0.833496	201	255
[1367]	230	455	0	-2.74452	-10.9533	0.2	25.923	0.948242	0.112976	-0.296387	201	255
[1368]	231	456	0	-2.73892	-10.903	0.2	25.8786	-0.319824	0.387939	-0.864258	201	255
[1369]	230	456	0	-2.74452	-10.9533	0.2	25.923	0.948242	0.112976	-0.296387	201	255
[1370]	224	456	0	-2.72916	-10.9683	0.2	25.8989	-0.300049	0.463379	-0.833496	201	255
[1371]	230	457	0	-2.74452	-10.9533	0.2	25.923	0.948242	0.112976	-0.296387	201	255
[1372]	231	457	0	-2.73892	-10.903	0.2	25.8786	-0.319824	0.387939	-0.864258	201	255
[1373]	228	457	0	-2.78427	-10.8546	0.2	25.9032	0.927734	-0.158813	0.336914	201	255
[1374]	228	458	0	-2.78427	-10.8546	0.2	25.9032	0.927734	-0.158813	0.336914	201	255
[1375]	235	458	0	-2.76335	-10.9966	0.2	25.8959	0.228882	-0.699707	0.676758	201	255
[1376]	230	458	0	-2.74452	-10.9533	0.2	25.923	0.948242	0.112976	-0.296387	201	255
[1377]	235	459	0	-2.76335	-10.9966	0.2	25.8959	0.228882	-0.699707	0.676758	201	255
[1378]	228	459	0	-2.78427	-10.8546	0.2	25.9032	0.927734	-0.158813	0.336914	201	255
[1379]	226	459	0	-2.81072	-10.8698	0.2	25.8494	0.17749	-0.529297	0.82959	201	255
[1380]	216	460	0	-2.79985	-10.8729	0.2	25.8169	-0.569336	-0.535645	0.624023	201	255
[1381]	235	460	0	-2.76335	-10.9966	0.2	25.8959	0.228882	-0.699707	0.676758	201	255
[1382]	226	460	0	-2.81072	-10.8698	0.2	25.8494	0.17749	-0.529297	0.82959	201	255
[1383]	235	461	0	-2.76335	-10.9966	0.2	25.8959	0.228882	-0.699707	0.676758	201	255
[1384]	216	461	0	-2.79985	-10.8729	0.2	25.8169	-0.569336	-0.535645	0.624023	201	255
[1385]	223	461	0	-2.74424	-10.9858	0.2	25.867	-0.936035	-0.351318	-0.0241699	201	255
[1386]	225	462	0	-2.73892	-10.903	0.2	25.8786	-0.319824	0.387939	-0.864258	201	255
[1387]	223	462	0	-2.74424	-10.9858	0.2	25.867	-0.936035	-0.351318	-0.0241699	201	255
[1388]	216	462	0	-2.79985	-10.8729	0.2	25.8169	-0.569336	-0.535645	0.624023	201	255
[1389]	223	463	0	-2.74424	-10.9858	0.2	25.867	-0.936035	-0.351318	-0.0241699	201	255
[1390]	225	463	0	-2.73892	-10.903	0.2	25.8786	-0.319824	0.387939	-0.864258	201	255
[1391]	219	463	0	-2.72916	-10.9683	0.2	25.8989	-0.300049	0.463379	-0.833496	201	255
[1392]	229	464	0	-2.49895	-10.5475	0.2	26.4586	-0.862793	0.500977	-0.065979	201	255
[1393]	232	464	0	-2.45856	-10.5701	0.2	26.4633	-0.290771	-0.223145	-0.930664	201	255
[1394]	227	464	0	-2.50256	-10.5638	0.2	26.4546	-0.787109	-0.53418	0.307373	201	255
[1395]	227	465	0	-2.50256	-10.5638	0.2	26.4546	-0.787109	-0.53418	0.307373	201	255
[1396]	232	465	0	-2.45856	-10.5701	0.2	26.4633	-0.290771	-0.223145	-0.930664	201	255
[1397]	238	465	0	-2.49975	-10.5642	0.2	26.4692	0.686523	-0.726562	-0.0349426	201	255
[1398]	236	466	0	-2.55407	-10.5172	0.2	26.4562	0.850586	-0.489258	0.191284	201	255
[1399]	227	466	0	-2.50256	-10.5638	0.2	26.4546	-0.787109	-0.53418	0.307373	201	255
[1400]	238	466	0	-2.49975	-10.5642	0.2	26.4692	0.686523	-0.726562	-0.0349426	201	255
[1401]	227	467	0	-2.50256	-10.5638	0.2	26.4546	-0.787109	-0.53418	0.307373	201	255
[1402]	236	467	0	-2.55407	-10.5172	0.2	26.4562	0.850586	-0.489258	0.191284	201	255
[1403]	243	467	0	-2.54953	-10.5371	0.2	26.4368	-0.665527	-0.708008	0.236816	201	255
[1404]	237	468	0	-2.54088	-10.5098	0.2	26.4464	-0.856934	0.424805	-0.29248	201	255
[1405]	227	468	0	-2.50256	-10.5638	0.2	26.4546	-0.787109	-0.53418	0.307373	201	255
[1406]	243	468	0	-2.54953	-10.5371	0.2	26.4368	-0.665527	-0.708008	0.236816	201	255
[1407]	227	469	0	-2.50256	-10.5638	0.2	26.4546	-0.787109	-0.53418	0.307373	201	255
[1408]	237	469	0	-2.54088	-10.5098	0.2	26.4464	-0.856934	0.424805	-0.29248	201	255
[1409]	229	469	0	-2.49895	-10.5475	0.2	26.4586	-0.862793	0.500977	-0.065979	201	255
[1410]	238	470	0	-2.49975	-10.5642	0.2	26.4692	0.686523	-0.726562	-0.0349426	201	255
[1411]	232	470	0	-2.45856	-10.5701	0.2	26.4633	-0.290771	-0.223145	-0.930664	201	255
[1412]	234	470	0	-2.49269	-10.5382	0.2	26.4651	0.291016	0.807617	-0.513184	201	255
[1413]	241	471	0	-2.53803	-10.495	0.2	26.4542	0.306396	0.669922	-0.67627	201	255
[1414]	238	471	0	-2.49975	-10.5642	0.2	26.4692	0.686523	-0.726562	-0.0349426	201	255
[1415]	234	471	0	-2.49269	-10.5382	0.2	26.4651	0.291016	0.807617	-0.513184	201	255
[1416]	238	472	0	-2.49975	-10.5642	0.2	26.4692	0.686523	-0.726562	-0.0349426	201	255
[1417]	241	472	0	-2.53803	-10.495	0.2	26.4542	0.306396	0.669922	-0.67627	201	255
[1418]	236	472	0	-2.55407	-10.5172	0.2	26.4562	0.850586	-0.489258	0.191284	201	255
[1419]	254	473	0	-2.58466	-10.402	0.2	26.4342	0.578125	0.436035	-0.689941	201	255
[1420]	236	473	0	-2.55407	-10.5172	0.2	26.4562	0.850586	-0.489258	0.191284	201	255
[1421]	241	473	0	-2.53803	-10.495	0.2	26.4542	0.306396	0.669922	-0.67627	201	255
[1422]	236	474	0	-2.55407	-10.5172	0.2	26.4562	0.850586	-0.489258	0.191284	201	255
[1423]	254	474	0	-2.58466	-10.402	0.2	26.4342	0.578125	0.436035	-0.689941	201	255
[1424]	248	474	0	-2.61509	-10.4281	0.2	26.4249	0.844727	-0.317383	0.431396	201	255
[1425]	244	475	0	-2.60802	-10.473	0.2	26.3988	-0.529785	-0.744141	0.406494	201	255
[1426]	236	475	0	-2.55407	-10.5172	0.2	26.4562	0.850586	-0.489258	0.191284	201	255
[1427]	248	475	0	-2.61509	-10.4281	0.2	26.4249	0.844727	-0.317383	0.431396	201	255
[1428]	236	476	0	-2.55407	-10.5172	0.2	26.4562	0.850586	-0.489258	0.191284	201	255
[1429]	244	476	0	-2.60802	-10.473	0.2	26.3988	-0.529785	-0.744141	0.406494	201	255
[1430]	243	476	0	-2.54953	-10.5371	0.2	26.4368	-0.665527	-0.708008	0.236816	201	255
[1431]	240	477	0	-2.58256	-10.4428	0.2	26.4173	-0.824219	0.247437	-0.509766	201	255
[1432]	243	477	0	-2.54953	-10.5371	0.2	26.4368	-0.665527	-0.708008	0.236816	201	255
[1433]	244	477	0	-2.60802	-10.473	0.2	26.3988	-0.529785	-0.744141	0.406494	201	255
[1434]	243	478	0	-2.54953	-10.5371	0.2	26.4368	-0.665527	-0.708008	0.236816	201	255
[1435]	240	478	0	-2.58256	-10.4428	0.2	26.4173	-0.824219	0.247437	-0.509766	201	255
[1436]	237	478	0	-2.54088	-10.5098	0.2	26.4464	-0.856934	0.424805	-0.29248	201	255
[1437]	234	479	0	-2.49269	-10.5382	0.2	26.4651	0.291016	0.807617	-0.513184	201	255
[1438]	232	479	0	-2.45856	-10.5701	0.2	26.4633	-0.290771	-0.223145	-0.930664	201	255
[1439]	233	479	0	-2.49895	-10.5475	0.2	26.4586	-0.862793	0.500977	-0.065979	201	255
[1440]	233	480	0	-2.49895	-10.5475	0.2	26.4586	-0.862793	0.500977	-0.065979	201	255
[1441]	241	480	0	-2.53803	-10.495	0.2	26.4542	0.306396	0.669922	-0.67627	201	255
[1442]	234	480	0	-2.49269	-10.5382	0.2	26.4651	0.291016	0.807617	-0.513184	201	255
[1443]	241	481	0	-2.53803	-10.495	0.2	26.4542	0.306396	0.669922	-0.67627	201	255
[1444]	233	481	0	-2.49895	-10.5475	0.2	26.4586	-0.862793	0.500977	-0.065979	201	255
[1445]	242	481	0	-2.54088	-10.5098	0.2	26.4464	-0.856934	0.424805	-0.29248	201	255
[1446]	245	482	0	-2.58256	-10.4428	0.2	26.4173	-0.824219	0.247437	-0.509766	201	255
[1447]	241	482	0	-2.53803	-10.495	0.2	26.4542	0.306396	0.669922	-0.67627	201	255
[1448]	242	482	0	-2.54088	-10.5098	0.2	26.4464	-0.856934	0.424805	-0.29248	201	255
[1449]	241	483	0	-2.53803	-10.495	0.2	26.4542	0.306396	0.669922	-0.67627	201	255
[1450]	245	483	0	-2.58256	-10.4428	0.2	26.4173	-0.824219	0.247437	-0.509766	201	255
[1451]	254	483	0	-2.58466	-10.402	0.2	26.4342	0.578125	0.436035	-0.689941	201	255
[1452]	250	484	0	-2.59435	-10.3863	0.2	26.3953	-0.644043	0.307129	-0.700684	201	255
[1453]	254	484	0	-2.58466	-10.402	0.2	26.4342	0.578125	0.436035	-0.689941	201	255
[1454]	245	484	0	-2.58256	-10.4428	0.2	26.4173	-0.824219	0.247437	-0.509766	201	255
[1455]	254	485	0	-2.58466	-10.402	0.2	26.4342	0.578125	0.436035	-0.689941	201	255
[1456]	250	485	0	-2.59435	-10.3863	0.2	26.3953	-0.644043	0.307129	-0.700684	201	255
[1457]	251	485	0	-2.62612	-10.3192	0.2	26.4027	0.975586	0.16748	0.141357	201	255
[1458]	251	486	0	-2.62612	-10.3192	0.2	26.4027	0.975586	0.16748	0.141357	201	255
[1459]	248	486	0	-2.61509	-10.4281	0.2	26.4249	0.844727	-0.317383	0.431396	201	255
[1460]	254	486	0	-2.58466	-10.402	0.2	26.4342	0.578125	0.436035	-0.689941	201	255
[1461]	248	487	0	-2.61509	-10.4281	0.2	26.4249	0.844727	-0.317383	0.431396	201	255
[1462]	251	487	0	-2.62612	-10.3192	0.2	26.4027	0.975586	0.16748	0.141357	201	255
[1463]	255	487	0	-2.66257	-10.3243	0.2	26.3696	0.749512	-0.255127	0.611328	201	255
[1464]	239	488	0	-2.6541	-10.3957	0.2	26.3489	0.231079	-0.592773	0.771484	201	255
[1465]	248	488	0	-2.61509	-10.4281	0.2	26.4249	0.844727	-0.317383	0.431396	201	255
[1466]	255	488	0	-2.66257	-10.3243	0.2	26.3696	0.749512	-0.255127	0.611328	201	255
[1467]	248	489	0	-2.61509	-10.4281	0.2	26.4249	0.844727	-0.317383	0.431396	201	255
[1468]	239	489	0	-2.6541	-10.3957	0.2	26.3489	0.231079	-0.592773	0.771484	201	255
[1469]	244	489	0	-2.60802	-10.473	0.2	26.3988	-0.529785	-0.744141	0.406494	201	255
[1470]	246	490	0	-2.59435	-10.3863	0.2	26.3953	-0.644043	0.307129	-0.700684	201	255
[1471]	244	490	0	-2.60802	-10.473	0.2	26.3988	-0.529785	-0.744141	0.406494	201	255
[1472]	239	490	0	-2.6541	-10.3957	0.2	26.3489	0.231079	-0.592773	0.771484	201	255
[1473]	244	491	0	-2.60802	-10.473	0.2	26.3988	-0.529785	-0.744141	0.406494	201	255
[1474]	246	491	0	-2.59435	-10.3863	0.2	26.3953	-0.644043	0.307129	-0.700684	201	255
[1475]	240	491	0	-2.58256	-10.4428	0.2	26.4173	-0.824219	0.247437	-0.509766	201	255
[1476]	249	492	0	-2.52468	-10.2474	0.2	26.5421	-0.888184	0.441162	-0.130127	201	255
[1477]	252	492	0	-2.48986	-10.272	0.2	26.5512	-0.250488	-0.257568	-0.933594	201	255
[1478]	258	492	0	-2.51902	-10.2759	0.2	26.5425	-0.603516	-0.786133	0.133667	201	255
[1479]	258	493	0	-2.51902	-10.2759	0.2	26.5425	-0.603516	-0.786133	0.133667	201	255
[1480]	252	493	0	-2.48986	-10.272	0.2	26.5512	-0.250488	-0.257568	-0.933594	201	255
[1481]	253	493	0	-2.51782	-10.2607	0.2	26.559	0.894531	-0.374756	-0.24231	201	255
[1482]	253	494	0	-2.51782	-10.2607	0.2	26.559	0.894531	-0.374756	-0.24231	201	255
[1483]	264	494	0	-2.58491	-10.2519	0.2	26.5157	-0.510742	-0.835449	0.203613	201	255
[1484]	258	494	0	-2.51902	-10.2759	0.2	26.5425	-0.603516	-0.786133	0.133667	201	255
[1485]	264	495	0	-2.58491	-10.2519	0.2	26.5157	-0.510742	-0.835449	0.203613	201	255
[1486]	249	495	0	-2.52468	-10.2474	0.2	26.5421	-0.888184	0.441162	-0.130127	201	255
[1487]	258	495	0	-2.51902	-10.2759	0.2	26.5425	-0.603516	-0.786133	0.133667	201	255
[1488]	249	496	0	-2.52468	-10.2474	0.2	26.5421	-0.888184	0.441162	-0.130127	201	255
[1489]	264	496	0	-2.58491	-10.2519	0.2	26.5157	-0.510742	-0.835449	0.203613	201	255
[1490]	259	496	0	-2.57804	-10.2178	0.2	26.519	-0.897461	0.322998	-0.300537	201	255
[1491]	264	497	0	-2.58491	-10.2519	0.2	26.5157	-0.510742	-0.835449	0.203613	201	255
[1492]	261	497	0	-2.61659	-10.1737	0.2	26.4823	-0.908203	0.133789	-0.395996	201	255
[1493]	259	497	0	-2.57804	-10.2178	0.2	26.519	-0.897461	0.322998	-0.300537	201	255
[1494]	261	498	0	-2.61659	-10.1737	0.2	26.4823	-0.908203	0.133789	-0.395996	201	255
[1495]	264	498	0	-2.58491	-10.2519	0.2	26.5157	-0.510742	-0.835449	0.203613	201	255
[1496]	265	498	0	-2.64254	-10.2039	0.2	26.4784	-0.333008	-0.834961	0.437744	201	255
[1497]	265	499	0	-2.64254	-10.2039	0.2	26.4784	-0.333008	-0.834961	0.437744	201	255
[1498]	267	499	0	-2.63024	-10.1124	0.2	26.4592	-0.604492	0.264893	-0.751465	201	255
[1499]	261	499	0	-2.61659	-10.1737	0.2	26.4823	-0.908203	0.133789	-0.395996	201	255
[1500]	267	500	0	-2.63024	-10.1124	0.2	26.4592	-0.604492	0.264893	-0.751465	201	255
[1501]	265	500	0	-2.64254	-10.2039	0.2	26.4784	-0.333008	-0.834961	0.437744	201	255
[1502]	260	500	0	-2.68538	-10.1562	0.2	26.4251	0.226318	-0.708008	0.668945	201	255
[1503]	253	501	0	-2.51782	-10.2607	0.2	26.559	0.894531	-0.374756	-0.24231	201	255
[1504]	252	501	0	-2.48986	-10.272	0.2	26.5512	-0.250488	-0.257568	-0.933594	201	255
[1505]	256	501	0	-2.52094	-10.2354	0.2	26.5493	0.151978	0.866211	-0.475586	201	255
[1506]	256	502	0	-2.52094	-10.2354	0.2	26.5493	0.151978	0.866211	-0.475586	201	255
[1507]	262	502	0	-2.58933	-10.2196	0.2	26.5415	0.959961	-0.250732	0.124817	201	255
[1508]	253	502	0	-2.51782	-10.2607	0.2	26.559	0.894531	-0.374756	-0.24231	201	255
[1509]	264	503	0	-2.58491	-10.2519	0.2	26.5157	-0.510742	-0.835449	0.203613	201	255
[1510]	253	503	0	-2.51782	-10.2607	0.2	26.559	0.894531	-0.374756	-0.24231	201	255
[1511]	262	503	0	-2.58933	-10.2196	0.2	26.5415	0.959961	-0.250732	0.124817	201	255
[1512]	262	504	0	-2.58933	-10.2196	0.2	26.5415	0.959961	-0.250732	0.124817	201	255
[1513]	265	504	0	-2.64254	-10.2039	0.2	26.4784	-0.333008	-0.834961	0.437744	201	255
[1514]	264	504	0	-2.58491	-10.2519	0.2	26.5157	-0.510742	-0.835449	0.203613	201	255
[1515]	265	505	0	-2.64254	-10.2039	0.2	26.4784	-0.333008	-0.834961	0.437744	201	255
[1516]	262	505	0	-2.58933	-10.2196	0.2	26.5415	0.959961	-0.250732	0.124817	201	255
[1517]	268	505	0	-2.64986	-10.1549	0.2	26.4982	0.885254	-0.220947	0.408936	201	255
[1518]	268	506	0	-2.64986	-10.1549	0.2	26.4982	0.885254	-0.220947	0.408936	201	255
[1519]	260	506	0	-2.68538	-10.1562	0.2	26.4251	0.226318	-0.708008	0.668945	201	255
[1520]	265	506	0	-2.64254	-10.2039	0.2	26.4784	-0.333008	-0.834961	0.437744	201	255
[1521]	260	507	0	-2.68538	-10.1562	0.2	26.4251	0.226318	-0.708008	0.668945	201	255
[1522]	268	507	0	-2.64986	-10.1549	0.2	26.4982	0.885254	-0.220947	0.408936	201	255
[1523]	272	507	0	-2.69587	-10.0892	0.2	26.4374	0.802246	-0.165161	0.57373	201	255
[1524]	268	508	0	-2.64986	-10.1549	0.2	26.4982	0.885254	-0.220947	0.408936	201	255
[1525]	270	508	0	-2.65824	-10.0545	0.2	26.4635	0.90332	0.423584	0.0632324	201	255
[1526]	272	508	0	-2.69587	-10.0892	0.2	26.4374	0.802246	-0.165161	0.57373	201	255
[1527]	270	509	0	-2.65824	-10.0545	0.2	26.4635	0.90332	0.423584	0.0632324	201	255
[1528]	268	509	0	-2.64986	-10.1549	0.2	26.4982	0.885254	-0.220947	0.408936	201	255
[1529]	269	509	0	-2.63176	-10.1052	0.2	26.4975	0.652344	0.552734	-0.518066	201	255
[1530]	269	510	0	-2.63176	-10.1052	0.2	26.4975	0.652344	0.552734	-0.518066	201	255
[1531]	271	510	0	-2.63024	-10.1124	0.2	26.4592	-0.604492	0.264893	-0.751465	201	255
[1532]	270	510	0	-2.65824	-10.0545	0.2	26.4635	0.90332	0.423584	0.0632324	201	255
[1533]	256	511	0	-2.52094	-10.2354	0.2	26.5493	0.151978	0.866211	-0.475586	201	255
[1534]	252	511	0	-2.48986	-10.272	0.2	26.5512	-0.250488	-0.257568	-0.933594	201	255
[1535]	247	511	0	-2.52468	-10.2474	0.2	26.5421	-0.888184	0.441162	-0.130127	201	255
[1536]	263	512	0	-2.57804	-10.2178	0.2	26.519	-0.897949	0.320801	-0.301514	201	255
[1537]	256	512	0	-2.52094	-10.2354	0.2	26.5493	0.151978	0.866211	-0.475586	201	255
[1538]	247	512	0	-2.52468	-10.2474	0.2	26.5421	-0.888184	0.441162	-0.130127	201	255
[1539]	256	513	0	-2.52094	-10.2354	0.2	26.5493	0.151978	0.866211	-0.475586	201	255
[1540]	263	513	0	-2.57804	-10.2178	0.2	26.519	-0.897949	0.320801	-0.301514	201	255
[1541]	257	513	0	-2.5795	-10.1914	0.2	26.5278	0.180664	0.82666	-0.532715	201	255
[1542]	262	514	0	-2.58933	-10.2196	0.2	26.5415	0.959961	-0.250732	0.124817	201	255
[1543]	256	514	0	-2.52094	-10.2354	0.2	26.5493	0.151978	0.866211	-0.475586	201	255
[1544]	257	514	0	-2.5795	-10.1914	0.2	26.5278	0.180664	0.82666	-0.532715	201	255
[1545]	257	515	0	-2.5795	-10.1914	0.2	26.5278	0.180664	0.82666	-0.532715	201	255
[1546]	268	515	0	-2.64986	-10.1549	0.2	26.4982	0.885254	-0.220947	0.408936	201	255
[1547]	262	515	0	-2.58933	-10.2196	0.2	26.5415	0.959961	-0.250732	0.124817	201	255
[1548]	268	516	0	-2.64986	-10.1549	0.2	26.4982	0.885254	-0.220947	0.408936	201	255
[1549]	257	516	0	-2.5795	-10.1914	0.2	26.5278	0.180664	0.82666	-0.532715	201	255
[1550]	269	516	0	-2.63176	-10.1052	0.2	26.4975	0.652344	0.552734	-0.518066	201	255
[1551]	257	517	0	-2.5795	-10.1914	0.2	26.5278	0.180664	0.82666	-0.532715	201	255
[1552]	266	517	0	-2.61659	-10.1737	0.2	26.4823	-0.908203	0.133789	-0.395996	201	255
[1553]	269	517	0	-2.63176	-10.1052	0.2	26.4975	0.652344	0.552734	-0.518066	201	255
[1554]	271	518	0	-2.63024	-10.1124	0.2	26.4592	-0.604492	0.264893	-0.751465	201	255
[1555]	269	518	0	-2.63176	-10.1052	0.2	26.4975	0.652344	0.552734	-0.518066	201	255
[1556]	266	518	0	-2.61659	-10.1737	0.2	26.4823	-0.908203	0.133789	-0.395996	201	255
[1557]	266	519	0	-2.61659	-10.1737	0.2	26.4823	-0.908203	0.133789	-0.395996	201	255
[1558]	257	519	0	-2.5795	-10.1914	0.2	26.5278	0.180664	0.82666	-0.532715	201	255
[1559]	263	519	0	-2.57804	-10.2178	0.2	26.519	-0.897949	0.320801	-0.301514	201	255
[1560]	274	520	0	-2.48505	-9.84646	0.2	26.649	-0.974609	0.177856	0.135254	201	255
[1561]	277	520	0	-2.44151	-9.84697	0.2	26.6543	-0.251221	-0.0350952	-0.967285	201	255
[1562]	278	520	0	-2.49064	-9.86386	0.2	26.6503	-0.371338	-0.927734	-0.0365906	201	255
[1563]	278	521	0	-2.49064	-9.86386	0.2	26.6503	-0.371338	-0.927734	-0.0365906	201	255
[1564]	277	521	0	-2.44151	-9.84697	0.2	26.6543	-0.251221	-0.0350952	-0.967285	201	255
[1565]	273	521	0	-2.48691	-9.84662	0.2	26.6586	0.930176	-0.254639	-0.265869	201	255
[1566]	273	522	0	-2.48691	-9.84662	0.2	26.6586	0.930176	-0.254639	-0.265869	201	255
[1567]	280	522	0	-2.54614	-9.8736	0.2	26.6396	-0.204834	-0.978516	-0.0242462	201	255
[1568]	278	522	0	-2.49064	-9.86386	0.2	26.6503	-0.371338	-0.927734	-0.0365906	201	255
[1569]	279	523	0	-2.53749	-9.84182	0.2	26.6388	-0.990234	0.132568	-0.0480652	201	255
[1570]	278	523	0	-2.49064	-9.86386	0.2	26.6503	-0.371338	-0.927734	-0.0365906	201	255
[1571]	280	523	0	-2.54614	-9.8736	0.2	26.6396	-0.204834	-0.978516	-0.0242462	201	255
[1572]	278	524	0	-2.49064	-9.86386	0.2	26.6503	-0.371338	-0.927734	-0.0365906	201	255
[1573]	279	524	0	-2.53749	-9.84182	0.2	26.6388	-0.990234	0.132568	-0.0480652	201	255
[1574]	274	524	0	-2.48505	-9.84646	0.2	26.649	-0.974609	0.177856	0.135254	201	255
[1575]	273	525	0	-2.48691	-9.84662	0.2	26.6586	0.930176	-0.254639	-0.265869	201	255
[1576]	277	525	0	-2.44151	-9.84697	0.2	26.6543	-0.251221	-0.0350952	-0.967285	201	255
[1577]	276	525	0	-2.47704	-9.82882	0.2	26.6526	0.0232544	0.972656	-0.232056	201	255
[1578]	284	526	0	-2.52768	-9.81436	0.2	26.6459	0.130737	0.958984	-0.251465	201	255
[1579]	273	526	0	-2.48691	-9.84662	0.2	26.6586	0.930176	-0.254639	-0.265869	201	255
[1580]	276	526	0	-2.47704	-9.82882	0.2	26.6526	0.0232544	0.972656	-0.232056	201	255
[1581]	273	527	0	-2.48691	-9.84662	0.2	26.6586	0.930176	-0.254639	-0.265869	201	255
[1582]	284	527	0	-2.52768	-9.81436	0.2	26.6459	0.130737	0.958984	-0.251465	201	255
[1583]	283	527	0	-2.54693	-9.83943	0.2	26.6502	0.991211	-0.131592	-0.0303802	201	255
[1584]	280	528	0	-2.54614	-9.8736	0.2	26.6396	-0.204834	-0.978516	-0.0242462	201	255
[1585]	273	528	0	-2.48691	-9.84662	0.2	26.6586	0.930176	-0.254639	-0.265869	201	255
[1586]	283	528	0	-2.54693	-9.83943	0.2	26.6502	0.991211	-0.131592	-0.0303802	201	255
[1587]	283	529	0	-2.54693	-9.83943	0.2	26.6502	0.991211	-0.131592	-0.0303802	201	255
[1588]	286	529	0	-2.59512	-9.86894	0.2	26.6169	0.115417	-0.989258	0.0914307	201	255
[1589]	280	529	0	-2.54614	-9.8736	0.2	26.6396	-0.204834	-0.978516	-0.0242462	201	255
[1590]	282	530	0	-2.57114	-9.83141	0.2	26.6185	-0.900391	-0.102722	-0.422852	201	255
[1591]	280	530	0	-2.54614	-9.8736	0.2	26.6396	-0.204834	-0.978516	-0.0242462	201	255
[1592]	286	530	0	-2.59512	-9.86894	0.2	26.6169	0.115417	-0.989258	0.0914307	201	255
[1593]	280	531	0	-2.54614	-9.8736	0.2	26.6396	-0.204834	-0.978516	-0.0242462	201	255
[1594]	282	531	0	-2.57114	-9.83141	0.2	26.6185	-0.900391	-0.102722	-0.422852	201	255
[1595]	279	531	0	-2.53749	-9.84182	0.2	26.6388	-0.990234	0.132568	-0.0480652	201	255
[1596]	276	532	0	-2.47704	-9.82882	0.2	26.6526	0.0232544	0.972656	-0.232056	201	255
[1597]	277	532	0	-2.44151	-9.84697	0.2	26.6543	-0.251221	-0.0350952	-0.967285	201	255
[1598]	275	532	0	-2.48505	-9.84646	0.2	26.649	-0.974609	0.177856	0.135254	201	255
[1599]	275	533	0	-2.48505	-9.84646	0.2	26.649	-0.974609	0.177856	0.135254	201	255
[1600]	284	533	0	-2.52768	-9.81436	0.2	26.6459	0.130737	0.958984	-0.251465	201	255
[1601]	276	533	0	-2.47704	-9.82882	0.2	26.6526	0.0232544	0.972656	-0.232056	201	255
[1602]	284	534	0	-2.52768	-9.81436	0.2	26.6459	0.130737	0.958984	-0.251465	201	255
[1603]	275	534	0	-2.48505	-9.84646	0.2	26.649	-0.974609	0.177856	0.135254	201	255
[1604]	285	534	0	-2.53749	-9.84182	0.2	26.6388	-0.990234	0.130493	-0.0484314	201	255
[1605]	287	535	0	-2.57114	-9.83141	0.2	26.6185	-0.900391	-0.102722	-0.422852	201	255
[1606]	284	535	0	-2.52768	-9.81436	0.2	26.6459	0.130737	0.958984	-0.251465	201	255
[1607]	285	535	0	-2.53749	-9.84182	0.2	26.6388	-0.990234	0.130493	-0.0484314	201	255
[1608]	284	536	0	-2.52768	-9.81436	0.2	26.6459	0.130737	0.958984	-0.251465	201	255
[1609]	287	536	0	-2.57114	-9.83141	0.2	26.6185	-0.900391	-0.102722	-0.422852	201	255
[1610]	290	536	0	-2.57621	-9.78963	0.2	26.6181	0.221924	0.793457	-0.566895	201	255
[1611]	290	537	0	-2.57621	-9.78963	0.2	26.6181	0.221924	0.793457	-0.566895	201	255
[1612]	283	537	0	-2.54693	-9.83943	0.2	26.6502	0.991211	-0.131592	-0.0303802	201	255
[1613]	284	537	0	-2.52768	-9.81436	0.2	26.6459	0.130737	0.958984	-0.251465	201	255
[1614]	283	538	0	-2.54693	-9.83943	0.2	26.6502	0.991211	-0.131592	-0.0303802	201	255
[1615]	290	538	0	-2.57621	-9.78963	0.2	26.6181	0.221924	0.793457	-0.566895	201	255
[1616]	289	538	0	-2.60171	-9.81069	0.2	26.6237	0.97998	0.0730591	0.183838	201	255
[1617]	286	539	0	-2.59512	-9.86894	0.2	26.6169	0.115417	-0.989258	0.0914307	201	255
[1618]	283	539	0	-2.54693	-9.83943	0.2	26.6502	0.991211	-0.131592	-0.0303802	201	255
[1619]	289	539	0	-2.60171	-9.81069	0.2	26.6237	0.97998	0.0730591	0.183838	201	255
[1620]	289	540	0	-2.60171	-9.81069	0.2	26.6237	0.97998	0.0730591	0.183838	201	255
[1621]	281	540	0	-2.63211	-9.86319	0.2	26.5816	0.684082	-0.571289	0.453369	201	255
[1622]	286	540	0	-2.59512	-9.86894	0.2	26.6169	0.115417	-0.989258	0.0914307	201	255
[1623]	288	541	0	-2.5739	-9.82376	0.2	26.6001	-0.675781	-0.106018	-0.729492	201	255
[1624]	286	541	0	-2.59512	-9.86894	0.2	26.6169	0.115417	-0.989258	0.0914307	201	255
[1625]	281	541	0	-2.63211	-9.86319	0.2	26.5816	0.684082	-0.571289	0.453369	201	255
[1626]	286	542	0	-2.59512	-9.86894	0.2	26.6169	0.115417	-0.989258	0.0914307	201	255
[1627]	288	542	0	-2.5739	-9.82376	0.2	26.6001	-0.675781	-0.106018	-0.729492	201	255
[1628]	282	542	0	-2.57114	-9.83141	0.2	26.6185	-0.900391	-0.102722	-0.422852	201	255
[1629]	292	543	0	-2.5739	-9.82376	0.2	26.6001	-0.675781	-0.106018	-0.729492	201	255
[1630]	290	543	0	-2.57621	-9.78963	0.2	26.6181	0.221924	0.793457	-0.566895	201	255
[1631]	287	543	0	-2.57114	-9.83141	0.2	26.6185	-0.900391	-0.102722	-0.422852	201	255
[1632]	290	544	0	-2.57621	-9.78963	0.2	26.6181	0.221924	0.793457	-0.566895	201	255
[1633]	292	544	0	-2.5739	-9.82376	0.2	26.6001	-0.675781	-0.106018	-0.729492	201	255
[1634]	291	544	0	-2.60514	-9.75396	0.2	26.5872	0.742676	0.662109	-0.10376	201	255
[1635]	291	545	0	-2.60514	-9.75396	0.2	26.5872	0.742676	0.662109	-0.10376	201	255
[1636]	289	545	0	-2.60171	-9.81069	0.2	26.6237	0.97998	0.0730591	0.183838	201	255
[1637]	290	545	0	-2.57621	-9.78963	0.2	26.6181	0.221924	0.793457	-0.566895	201	255
[1638]	289	546	0	-2.60171	-9.81069	0.2	26.6237	0.97998	0.0730591	0.183838	201	255
[1639]	291	546	0	-2.60514	-9.75396	0.2	26.5872	0.742676	0.662109	-0.10376	201	255
[1640]	293	546	0	-2.64614	-9.77557	0.2	26.5784	0.937012	0.0884399	0.337891	201	255
[1641]	281	547	0	-2.63211	-9.86319	0.2	26.5816	0.684082	-0.571289	0.453369	201	255
[1642]	289	547	0	-2.60171	-9.81069	0.2	26.6237	0.97998	0.0730591	0.183838	201	255
[1643]	293	547	0	-2.64614	-9.77557	0.2	26.5784	0.937012	0.0884399	0.337891	201	255
[1644]	295	548	0	-2.66949	-10.7721	0.2	26.2317	-0.663574	0.62207	-0.415039	201	255
[1645]	298	548	0	-2.62889	-10.7959	0.2	26.2494	-0.0979614	-0.240234	-0.96582	201	255
[1646]	299	548	0	-2.67303	-10.7859	0.2	26.225	-0.934082	-0.355713	-0.0403137	201	255
[1647]	299	549	0	-2.67303	-10.7859	0.2	26.225	-0.934082	-0.355713	-0.0403137	201	255
[1648]	298	549	0	-2.62889	-10.7959	0.2	26.2494	-0.0979614	-0.240234	-0.96582	201	255
[1649]	294	549	0	-2.67233	-10.8008	0.2	26.2438	0.361572	-0.90918	0.206421	201	255
[1650]	304	550	0	-2.72375	-10.7537	0.2	26.217	0.676758	-0.551758	0.487549	201	255
[1651]	299	550	0	-2.67303	-10.7859	0.2	26.225	-0.934082	-0.355713	-0.0403137	201	255
[1652]	294	550	0	-2.67233	-10.8008	0.2	26.2438	0.361572	-0.90918	0.206421	201	255
[1653]	299	551	0	-2.67303	-10.7859	0.2	26.225	-0.934082	-0.355713	-0.0403137	201	255
[1654]	304	551	0	-2.72375	-10.7537	0.2	26.217	0.676758	-0.551758	0.487549	201	255
[1655]	301	551	0	-2.72249	-10.7625	0.2	26.1854	-0.654297	-0.694824	0.298584	201	255
[1656]	300	552	0	-2.70997	-10.7333	0.2	26.195	-0.762695	0.279785	-0.583008	201	255
[1657]	299	552	0	-2.67303	-10.7859	0.2	26.225	-0.934082	-0.355713	-0.0403137	201	255
[1658]	301	552	0	-2.72249	-10.7625	0.2	26.1854	-0.654297	-0.694824	0.298584	201	255
[1659]	299	553	0	-2.67303	-10.7859	0.2	26.225	-0.934082	-0.355713	-0.0403137	201	255
[1660]	300	553	0	-2.70997	-10.7333	0.2	26.195	-0.762695	0.279785	-0.583008	201	255
[1661]	295	553	0	-2.66949	-10.7721	0.2	26.2317	-0.663574	0.62207	-0.415039	201	255
[1662]	294	554	0	-2.67233	-10.8008	0.2	26.2438	0.361572	-0.90918	0.206421	201	255
[1663]	298	554	0	-2.62889	-10.7959	0.2	26.2494	-0.0979614	-0.240234	-0.96582	201	255
[1664]	297	554	0	-2.66428	-10.7612	0.2	26.2491	0.689941	0.598633	-0.406494	201	255
[1665]	305	555	0	-2.70544	-10.7151	0.2	26.2232	0.645508	0.600098	-0.472168	201	255
[1666]	294	555	0	-2.67233	-10.8008	0.2	26.2438	0.361572	-0.90918	0.206421	201	255
[1667]	297	555	0	-2.66428	-10.7612	0.2	26.2491	0.689941	0.598633	-0.406494	201	255
[1668]	294	556	0	-2.67233	-10.8008	0.2	26.2438	0.361572	-0.90918	0.206421	201	255
[1669]	305	556	0	-2.70544	-10.7151	0.2	26.2232	0.645508	0.600098	-0.472168	201	255
[1670]	304	556	0	-2.72375	-10.7537	0.2	26.217	0.676758	-0.551758	0.487549	201	255
[1671]	336	557	0	-2.73751	-10.6242	0.2	26.1846	0.645508	0.360352	-0.67334	201	255
[1672]	304	557	0	-2.72375	-10.7537	0.2	26.217	0.676758	-0.551758	0.487549	201	255
[1673]	305	557	0	-2.70544	-10.7151	0.2	26.2232	0.645508	0.600098	-0.472168	201	255
[1674]	304	558	0	-2.72375	-10.7537	0.2	26.217	0.676758	-0.551758	0.487549	201	255
[1675]	336	558	0	-2.73751	-10.6242	0.2	26.1846	0.645508	0.360352	-0.67334	201	255
[1676]	340	558	0	-2.76685	-10.6616	0.2	26.1758	0.711914	-0.317383	0.626465	201	255
[1677]	307	559	0	-2.75666	-10.6866	0.2	26.1428	-0.638184	-0.689453	0.342285	201	255
[1678]	304	559	0	-2.72375	-10.7537	0.2	26.217	0.676758	-0.551758	0.487549	201	255
[1679]	340	559	0	-2.76685	-10.6616	0.2	26.1758	0.711914	-0.317383	0.626465	201	255
[1680]	304	560	0	-2.72375	-10.7537	0.2	26.217	0.676758	-0.551758	0.487549	201	255
[1681]	307	560	0	-2.75666	-10.6866	0.2	26.1428	-0.638184	-0.689453	0.342285	201	255
[1682]	301	560	0	-2.72249	-10.7625	0.2	26.1854	-0.654297	-0.694824	0.298584	201	255
[1683]	303	561	0	-2.73275	-10.6691	0.2	26.1628	-0.70459	0.0877686	-0.704102	201	255
[1684]	301	561	0	-2.72249	-10.7625	0.2	26.1854	-0.654297	-0.694824	0.298584	201	255
[1685]	307	561	0	-2.75666	-10.6866	0.2	26.1428	-0.638184	-0.689453	0.342285	201	255
[1686]	301	562	0	-2.72249	-10.7625	0.2	26.1854	-0.654297	-0.694824	0.298584	201	255
[1687]	303	562	0	-2.73275	-10.6691	0.2	26.1628	-0.70459	0.0877686	-0.704102	201	255
[1688]	300	562	0	-2.70997	-10.7333	0.2	26.195	-0.762695	0.279785	-0.583008	201	255
[1689]	297	563	0	-2.66428	-10.7612	0.2	26.2491	0.689941	0.598633	-0.406494	201	255
[1690]	298	563	0	-2.62889	-10.7959	0.2	26.2494	-0.0979614	-0.240234	-0.96582	201	255
[1691]	296	563	0	-2.66949	-10.7721	0.2	26.2317	-0.663574	0.62207	-0.415039	201	255
[1692]	296	564	0	-2.66949	-10.7721	0.2	26.2317	-0.663574	0.62207	-0.415039	201	255
[1693]	305	564	0	-2.70544	-10.7151	0.2	26.2232	0.645508	0.600098	-0.472168	201	255
[1694]	297	564	0	-2.66428	-10.7612	0.2	26.2491	0.689941	0.598633	-0.406494	201	255
[1695]	305	565	0	-2.70544	-10.7151	0.2	26.2232	0.645508	0.600098	-0.472168	201	255
[1696]	296	565	0	-2.66949	-10.7721	0.2	26.2317	-0.663574	0.62207	-0.415039	201	255
[1697]	306	565	0	-2.70997	-10.7333	0.2	26.195	-0.762695	0.279785	-0.583008	201	255
[1698]	308	566	0	-2.73275	-10.6691	0.2	26.1628	-0.70459	0.0877686	-0.704102	201	255
[1699]	305	566	0	-2.70544	-10.7151	0.2	26.2232	0.645508	0.600098	-0.472168	201	255
[1700]	306	566	0	-2.70997	-10.7333	0.2	26.195	-0.762695	0.279785	-0.583008	201	255
[1701]	305	567	0	-2.70544	-10.7151	0.2	26.2232	0.645508	0.600098	-0.472168	201	255
[1702]	308	567	0	-2.73275	-10.6691	0.2	26.1628	-0.70459	0.0877686	-0.704102	201	255
[1703]	336	567	0	-2.73751	-10.6242	0.2	26.1846	0.645508	0.360352	-0.67334	201	255
[1704]	337	568	0	-2.73837	-10.6036	0.2	26.1324	-0.59375	0.0609131	-0.802246	201	255
[1705]	336	568	0	-2.73751	-10.6242	0.2	26.1846	0.645508	0.360352	-0.67334	201	255
[1706]	308	568	0	-2.73275	-10.6691	0.2	26.1628	-0.70459	0.0877686	-0.704102	201	255
[1707]	336	569	0	-2.73751	-10.6242	0.2	26.1846	0.645508	0.360352	-0.67334	201	255
[1708]	337	569	0	-2.73837	-10.6036	0.2	26.1324	-0.59375	0.0609131	-0.802246	201	255
[1709]	335	569	0	-2.76613	-10.5163	0.2	26.1552	0.971191	0.237427	0.0256805	201	255
[1710]	335	570	0	-2.76613	-10.5163	0.2	26.1552	0.971191	0.237427	0.0256805	201	255
[1711]	340	570	0	-2.76685	-10.6616	0.2	26.1758	0.711914	-0.317383	0.626465	201	255
[1712]	336	570	0	-2.73751	-10.6242	0.2	26.1846	0.645508	0.360352	-0.67334	201	255
[1713]	340	571	0	-2.76685	-10.6616	0.2	26.1758	0.711914	-0.317383	0.626465	201	255
[1714]	335	571	0	-2.76613	-10.5163	0.2	26.1552	0.971191	0.237427	0.0256805	201	255
[1715]	333	571	0	-2.80506	-10.554	0.2	26.1169	0.599121	-0.265381	0.755371	201	255
[1716]	302	572	0	-2.79506	-10.6046	0.2	26.0784	-0.158569	-0.662109	0.732422	201	255
[1717]	340	572	0	-2.76685	-10.6616	0.2	26.1758	0.711914	-0.317383	0.626465	201	255
[1718]	333	572	0	-2.80506	-10.554	0.2	26.1169	0.599121	-0.265381	0.755371	201	255
[1719]	340	573	0	-2.76685	-10.6616	0.2	26.1758	0.711914	-0.317383	0.626465	201	255
[1720]	302	573	0	-2.79506	-10.6046	0.2	26.0784	-0.158569	-0.662109	0.732422	201	255
[1721]	307	573	0	-2.75666	-10.6866	0.2	26.1428	-0.638184	-0.689453	0.342285	201	255
[1722]	309	574	0	-2.73837	-10.6036	0.2	26.1324	-0.59375	0.0609131	-0.802246	201	255
[1723]	307	574	0	-2.75666	-10.6866	0.2	26.1428	-0.638184	-0.689453	0.342285	201	255
[1724]	302	574	0	-2.79506	-10.6046	0.2	26.0784	-0.158569	-0.662109	0.732422	201	255
[1725]	307	575	0	-2.75666	-10.6866	0.2	26.1428	-0.638184	-0.689453	0.342285	201	255
[1726]	309	575	0	-2.73837	-10.6036	0.2	26.1324	-0.59375	0.0609131	-0.802246	201	255
[1727]	303	575	0	-2.73275	-10.6691	0.2	26.1628	-0.70459	0.0877686	-0.704102	201	255
[1728]	363	576	0	-2.56136	-10.9663	0.2	26.0832	-0.43042	0.812012	-0.394531	201	255
[1729]	360	576	0	-2.51983	-10.9943	0.2	26.0877	-0.322266	-0.266846	-0.908203	201	255
[1730]	353	576	0	-2.56519	-10.9757	0.2	26.0724	-0.962402	-0.270508	0.00878906	201	255
[1731]	353	577	0	-2.56519	-10.9757	0.2	26.0724	-0.962402	-0.270508	0.00878906	201	255
[1732]	360	577	0	-2.51983	-10.9943	0.2	26.0877	-0.322266	-0.266846	-0.908203	201	255
[1733]	365	577	0	-2.56767	-10.9817	0.2	26.1001	0.62793	-0.776855	-0.0484314	201	255
[1734]	365	578	0	-2.56767	-10.9817	0.2	26.1001	0.62793	-0.776855	-0.0484314	201	255
[1735]	368	578	0	-2.60907	-10.9421	0.2	26.0483	-0.890625	-0.421143	0.172852	201	255
[1736]	353	578	0	-2.56519	-10.9757	0.2	26.0724	-0.962402	-0.270508	0.00878906	201	255
[1737]	370	579	0	-2.5951	-10.9206	0.2	26.0707	-0.461182	0.649414	-0.60498	201	255
[1738]	353	579	0	-2.56519	-10.9757	0.2	26.0724	-0.962402	-0.270508	0.00878906	201	255
[1739]	368	579	0	-2.60907	-10.9421	0.2	26.0483	-0.890625	-0.421143	0.172852	201	255
[1740]	353	580	0	-2.56519	-10.9757	0.2	26.0724	-0.962402	-0.270508	0.00878906	201	255
[1741]	370	580	0	-2.5951	-10.9206	0.2	26.0707	-0.461182	0.649414	-0.60498	201	255
[1742]	363	580	0	-2.56136	-10.9663	0.2	26.0832	-0.43042	0.812012	-0.394531	201	255
[1743]	365	581	0	-2.56767	-10.9817	0.2	26.1001	0.62793	-0.776855	-0.0484314	201	255
[1744]	360	581	0	-2.51983	-10.9943	0.2	26.0877	-0.322266	-0.266846	-0.908203	201	255
[1745]	362	581	0	-2.5597	-10.9611	0.2	26.0953	0.489502	0.59082	-0.641602	201	255
[1746]	364	582	0	-2.59587	-10.9177	0.2	26.094	0.69873	0.402588	-0.591309	201	255
[1747]	365	582	0	-2.56767	-10.9817	0.2	26.1001	0.62793	-0.776855	-0.0484314	201	255
[1748]	362	582	0	-2.5597	-10.9611	0.2	26.0953	0.489502	0.59082	-0.641602	201	255
[1749]	365	583	0	-2.56767	-10.9817	0.2	26.1001	0.62793	-0.776855	-0.0484314	201	255
[1750]	364	583	0	-2.59587	-10.9177	0.2	26.094	0.69873	0.402588	-0.591309	201	255
[1751]	366	583	0	-2.61754	-10.9419	0.2	26.0914	0.639648	-0.674805	0.367676	201	255
[1752]	368	584	0	-2.60907	-10.9421	0.2	26.0483	-0.890625	-0.421143	0.172852	201	255
[1753]	365	584	0	-2.56767	-10.9817	0.2	26.1001	0.62793	-0.776855	-0.0484314	201	255
[1754]	366	584	0	-2.61754	-10.9419	0.2	26.0914	0.639648	-0.674805	0.367676	201	255
[1755]	366	585	0	-2.61754	-10.9419	0.2	26.0914	0.639648	-0.674805	0.367676	201	255
[1756]	371	585	0	-2.64291	-10.8907	0.2	26.0254	-0.78125	-0.53125	0.329102	201	255
[1757]	368	585	0	-2.60907	-10.9421	0.2	26.0483	-0.890625	-0.421143	0.172852	201	255
[1758]	367	586	0	-2.61798	-10.8691	0.2	26.056	-0.468262	0.262451	-0.84375	201	255
[1759]	368	586	0	-2.60907	-10.9421	0.2	26.0483	-0.890625	-0.421143	0.172852	201	255
[1760]	371	586	0	-2.64291	-10.8907	0.2	26.0254	-0.78125	-0.53125	0.329102	201	255
[1761]	368	587	0	-2.60907	-10.9421	0.2	26.0483	-0.890625	-0.421143	0.172852	201	255
[1762]	367	587	0	-2.61798	-10.8691	0.2	26.056	-0.468262	0.262451	-0.84375	201	255
[1763]	370	587	0	-2.5951	-10.9206	0.2	26.0707	-0.461182	0.649414	-0.60498	201	255
[1764]	362	588	0	-2.5597	-10.9611	0.2	26.0953	0.489502	0.59082	-0.641602	201	255
[1765]	360	588	0	-2.51983	-10.9943	0.2	26.0877	-0.322266	-0.266846	-0.908203	201	255
[1766]	359	588	0	-2.56136	-10.9663	0.2	26.0832	-0.43042	0.812012	-0.394531	201	255
[1767]	369	589	0	-2.5951	-10.9206	0.2	26.0707	-0.461914	0.646973	-0.606445	201	255
[1768]	362	589	0	-2.5597	-10.9611	0.2	26.0953	0.489502	0.59082	-0.641602	201	255
[1769]	359	589	0	-2.56136	-10.9663	0.2	26.0832	-0.43042	0.812012	-0.394531	201	255
[1770]	362	590	0	-2.5597	-10.9611	0.2	26.0953	0.489502	0.59082	-0.641602	201	255
[1771]	369	590	0	-2.5951	-10.9206	0.2	26.0707	-0.461914	0.646973	-0.606445	201	255
[1772]	364	590	0	-2.59587	-10.9177	0.2	26.094	0.69873	0.402588	-0.591309	201	255
[1773]	377	591	0	-2.61798	-10.8691	0.2	26.056	-0.468262	0.262451	-0.84375	201	255
[1774]	364	591	0	-2.59587	-10.9177	0.2	26.094	0.69873	0.402588	-0.591309	201	255
[1775]	369	591	0	-2.5951	-10.9206	0.2	26.0707	-0.461914	0.646973	-0.606445	201	255
[1776]	364	592	0	-2.59587	-10.9177	0.2	26.094	0.69873	0.402588	-0.591309	201	255
[1777]	377	592	0	-2.61798	-10.8691	0.2	26.056	-0.468262	0.262451	-0.84375	201	255
[1778]	378	592	0	-2.62793	-10.8471	0.2	26.0852	0.818359	0.255127	-0.514648	201	255
[1779]	378	593	0	-2.62793	-10.8471	0.2	26.0852	0.818359	0.255127	-0.514648	201	255
[1780]	366	593	0	-2.61754	-10.9419	0.2	26.0914	0.639648	-0.674805	0.367676	201	255
[1781]	364	593	0	-2.59587	-10.9177	0.2	26.094	0.69873	0.402588	-0.591309	201	255
[1782]	366	594	0	-2.61754	-10.9419	0.2	26.0914	0.639648	-0.674805	0.367676	201	255
[1783]	378	594	0	-2.62793	-10.8471	0.2	26.0852	0.818359	0.255127	-0.514648	201	255
[1784]	382	594	0	-2.66211	-10.8617	0.2	26.0637	0.597656	-0.469482	0.649902	201	255
[1785]	371	595	0	-2.64291	-10.8907	0.2	26.0254	-0.78125	-0.53125	0.329102	201	255
[1786]	366	595	0	-2.61754	-10.9419	0.2	26.0914	0.639648	-0.674805	0.367676	201	255
[1787]	382	595	0	-2.66211	-10.8617	0.2	26.0637	0.597656	-0.469482	0.649902	201	255
[1788]	382	596	0	-2.66211	-10.8617	0.2	26.0637	0.597656	-0.469482	0.649902	201	255
[1789]	373	596	0	-2.67252	-10.8251	0.2	25.9996	-0.290039	-0.601562	0.744629	201	255
[1790]	371	596	0	-2.64291	-10.8907	0.2	26.0254	-0.78125	-0.53125	0.329102	201	255
[1791]	372	597	0	-2.61693	-10.8361	0.2	26.0394	-0.494629	0.114929	-0.861816	201	255
[1792]	371	597	0	-2.64291	-10.8907	0.2	26.0254	-0.78125	-0.53125	0.329102	201	255
[1793]	373	597	0	-2.67252	-10.8251	0.2	25.9996	-0.290039	-0.601562	0.744629	201	255
[1794]	371	598	0	-2.64291	-10.8907	0.2	26.0254	-0.78125	-0.53125	0.329102	201	255
[1795]	372	598	0	-2.61693	-10.8361	0.2	26.0394	-0.494629	0.114929	-0.861816	201	255
[1796]	367	598	0	-2.61798	-10.8691	0.2	26.056	-0.468262	0.262451	-0.84375	201	255
[1797]	375	599	0	-2.61693	-10.8361	0.2	26.0394	-0.494629	0.114929	-0.861816	201	255
[1798]	378	599	0	-2.62793	-10.8471	0.2	26.0852	0.818359	0.255127	-0.514648	201	255
[1799]	377	599	0	-2.61798	-10.8691	0.2	26.056	-0.468262	0.262451	-0.84375	201	255
[1800]	378	600	0	-2.62793	-10.8471	0.2	26.0852	0.818359	0.255127	-0.514648	201	255
[1801]	375	600	0	-2.61693	-10.8361	0.2	26.0394	-0.494629	0.114929	-0.861816	201	255
[1802]	374	600	0	-2.65892	-10.7656	0.2	26.0659	0.983887	0.0699463	0.164917	201	255
[1803]	374	601	0	-2.65892	-10.7656	0.2	26.0659	0.983887	0.0699463	0.164917	201	255
[1804]	382	601	0	-2.66211	-10.8617	0.2	26.0637	0.597656	-0.469482	0.649902	201	255
[1805]	378	601	0	-2.62793	-10.8471	0.2	26.0852	0.818359	0.255127	-0.514648	201	255
[1806]	382	602	0	-2.66211	-10.8617	0.2	26.0637	0.597656	-0.469482	0.649902	201	255
[1807]	374	602	0	-2.65892	-10.7656	0.2	26.0659	0.983887	0.0699463	0.164917	201	255
[1808]	376	602	0	-2.6961	-10.7754	0.2	26.0182	0.454834	-0.411865	0.789551	201	255
[1809]	373	603	0	-2.67252	-10.8251	0.2	25.9996	-0.290039	-0.601562	0.744629	201	255
[1810]	382	603	0	-2.66211	-10.8617	0.2	26.0637	0.597656	-0.469482	0.649902	201	255
[1811]	376	603	0	-2.6961	-10.7754	0.2	26.0182	0.454834	-0.411865	0.789551	201	255
[1812]	384	604	0	-3.26785	-9.9977	0.2	24.8679	0.785156	0.590332	-0.186768	201	255
[1813]	380	604	0	-3.26838	-10.0114	0.2	24.8713	0.790039	-0.511719	-0.337646	201	255
[1814]	381	604	0	-3.2356	-9.9855	0.2	24.8726	0.150513	0.329346	-0.932129	201	255
[1815]	386	605	0	-3.31366	-9.99807	0.2	24.8811	0.701172	0.387451	-0.598633	201	255
[1816]	380	605	0	-3.26838	-10.0114	0.2	24.8713	0.790039	-0.511719	-0.337646	201	255
[1817]	384	605	0	-3.26785	-9.9977	0.2	24.8679	0.785156	0.590332	-0.186768	201	255
[1818]	380	606	0	-3.26838	-10.0114	0.2	24.8713	0.790039	-0.511719	-0.337646	201	255
[1819]	386	606	0	-3.31366	-9.99807	0.2	24.8811	0.701172	0.387451	-0.598633	201	255
[1820]	391	606	0	-3.31407	-10.0228	0.2	24.8845	0.598145	-0.724609	-0.342041	201	255
[1821]	387	607	0	-3.30688	-10.035	0.2	24.8539	-0.738281	-0.62207	0.260742	201	255
[1822]	380	607	0	-3.26838	-10.0114	0.2	24.8713	0.790039	-0.511719	-0.337646	201	255
[1823]	391	607	0	-3.31407	-10.0228	0.2	24.8845	0.598145	-0.724609	-0.342041	201	255
[1824]	380	608	0	-3.26838	-10.0114	0.2	24.8713	0.790039	-0.511719	-0.337646	201	255
[1825]	387	608	0	-3.30688	-10.035	0.2	24.8539	-0.738281	-0.62207	0.260742	201	255
[1826]	385	608	0	-3.2562	-10.0311	0.2	24.854	-0.644043	-0.712402	-0.278564	201	255
[1827]	380	609	0	-3.26838	-10.0114	0.2	24.8713	0.790039	-0.511719	-0.337646	201	255
[1828]	385	609	0	-3.2562	-10.0311	0.2	24.854	-0.644043	-0.712402	-0.278564	201	255
[1829]	381	609	0	-3.2356	-9.9855	0.2	24.8726	0.150513	0.329346	-0.932129	201	255
[1830]	385	610	0	-3.2562	-10.0311	0.2	24.854	-0.644043	-0.712402	-0.278564	201	255
[1831]	379	610	0	-3.26142	-9.98979	0.2	24.8554	-0.510254	0.859863	-0.00782776	201	255
[1832]	381	610	0	-3.2356	-9.9855	0.2	24.8726	0.150513	0.329346	-0.932129	201	255
[1833]	379	611	0	-3.26142	-9.98979	0.2	24.8554	-0.510254	0.859863	-0.00782776	201	255
[1834]	383	611	0	-3.26785	-9.9977	0.2	24.8679	0.785156	0.590332	-0.186768	201	255
[1835]	381	611	0	-3.2356	-9.9855	0.2	24.8726	0.150513	0.329346	-0.932129	201	255
[1836]	389	612	0	-3.30602	-9.98684	0.2	24.8588	-0.450928	0.892578	0.0104599	201	255
[1837]	383	612	0	-3.26785	-9.9977	0.2	24.8679	0.785156	0.590332	-0.186768	201	255
[1838]	379	612	0	-3.26142	-9.98979	0.2	24.8554	-0.510254	0.859863	-0.00782776	201	255
[1839]	383	613	0	-3.26785	-9.9977	0.2	24.8679	0.785156	0.590332	-0.186768	201	255
[1840]	389	613	0	-3.30602	-9.98684	0.2	24.8588	-0.450928	0.892578	0.0104599	201	255
[1841]	390	613	0	-3.31366	-9.99807	0.2	24.8811	0.701172	0.387451	-0.598633	201	255
[1842]	388	614	0	-3.35389	-9.9641	0.2	24.8992	0.550293	0.284668	-0.785156	201	255
[1843]	391	614	0	-3.31407	-10.0228	0.2	24.8845	0.598145	-0.724609	-0.342041	201	255
[1844]	386	614	0	-3.31366	-9.99807	0.2	24.8811	0.701172	0.387451	-0.598633	201	255
[1845]	391	615	0	-3.31407	-10.0228	0.2	24.8845	0.598145	-0.724609	-0.342041	201	255
[1846]	388	615	0	-3.35389	-9.9641	0.2	24.8992	0.550293	0.284668	-0.785156	201	255
[1847]	393	615	0	-3.3646	-10.0102	0.2	24.9054	0.470947	-0.86084	-0.192749	201	255
[1848]	393	616	0	-3.3646	-10.0102	0.2	24.9054	0.470947	-0.86084	-0.192749	201	255
[1849]	387	616	0	-3.30688	-10.035	0.2	24.8539	-0.738281	-0.62207	0.260742	201	255
[1850]	391	616	0	-3.31407	-10.0228	0.2	24.8845	0.598145	-0.724609	-0.342041	201	255
[1851]	387	617	0	-3.30688	-10.035	0.2	24.8539	-0.738281	-0.62207	0.260742	201	255
[1852]	393	617	0	-3.3646	-10.0102	0.2	24.9054	0.470947	-0.86084	-0.192749	201	255
[1853]	399	617	0	-3.36664	-10.0064	0.2	24.8705	-0.698242	-0.441162	0.563477	201	255
[1854]	395	618	0	-3.36104	-9.94012	0.2	24.8779	-0.535156	0.802246	-0.265381	201	255
[1855]	387	618	0	-3.30688	-10.035	0.2	24.8539	-0.738281	-0.62207	0.260742	201	255
[1856]	399	618	0	-3.36664	-10.0064	0.2	24.8705	-0.698242	-0.441162	0.563477	201	255
[1857]	387	619	0	-3.30688	-10.035	0.2	24.8539	-0.738281	-0.62207	0.260742	201	255
[1858]	395	619	0	-3.36104	-9.94012	0.2	24.8779	-0.535156	0.802246	-0.265381	201	255
[1859]	389	619	0	-3.30602	-9.98684	0.2	24.8588	-0.450928	0.892578	0.0104599	201	255
[1860]	389	620	0	-3.30602	-9.98684	0.2	24.8588	-0.450928	0.892578	0.0104599	201	255
[1861]	385	620	0	-3.2562	-10.0311	0.2	24.854	-0.644043	-0.712402	-0.278564	201	255
[1862]	387	620	0	-3.30688	-10.035	0.2	24.8539	-0.738281	-0.62207	0.260742	201	255
[1863]	385	621	0	-3.2562	-10.0311	0.2	24.854	-0.644043	-0.712402	-0.278564	201	255
[1864]	389	621	0	-3.30602	-9.98684	0.2	24.8588	-0.450928	0.892578	0.0104599	201	255
[1865]	379	621	0	-3.26142	-9.98979	0.2	24.8554	-0.510254	0.859863	-0.00782776	201	255
[1866]	392	622	0	-3.38089	-9.92196	0.2	24.9238	0.488037	0.324951	-0.810059	201	255
[1867]	393	622	0	-3.3646	-10.0102	0.2	24.9054	0.470947	-0.86084	-0.192749	201	255
[1868]	388	622	0	-3.35389	-9.9641	0.2	24.8992	0.550293	0.284668	-0.785156	201	255
[1869]	393	623	0	-3.3646	-10.0102	0.2	24.9054	0.470947	-0.86084	-0.192749	201	255
[1870]	392	623	0	-3.38089	-9.92196	0.2	24.9238	0.488037	0.324951	-0.810059	201	255
[1871]	394	623	0	-3.42714	-9.97687	0.2	24.9406	0.211548	-0.95752	0.197021	201	255
[1872]	394	624	0	-3.42714	-9.97687	0.2	24.9406	0.211548	-0.95752	0.197021	201	255
[1873]	399	624	0	-3.36664	-10.0064	0.2	24.8705	-0.698242	-0.441162	0.563477	201	255
[1874]	393	624	0	-3.3646	-10.0102	0.2	24.9054	0.470947	-0.86084	-0.192749	201	255
[1875]	399	625	0	-3.36664	-10.0064	0.2	24.8705	-0.698242	-0.441162	0.563477	201	255
[1876]	394	625	0	-3.42714	-9.97687	0.2	24.9406	0.211548	-0.95752	0.197021	201	255
[1877]	398	625	0	-3.43627	-9.95074	0.2	24.9005	-0.594727	-0.431641	0.678223	201	255
[1878]	396	626	0	-3.41153	-9.88979	0.2	24.8886	-0.795898	0.561035	0.226196	201	255
[1879]	399	626	0	-3.36664	-10.0064	0.2	24.8705	-0.698242	-0.441162	0.563477	201	255
[1880]	398	626	0	-3.43627	-9.95074	0.2	24.9005	-0.594727	-0.431641	0.678223	201	255
[1881]	399	627	0	-3.36664	-10.0064	0.2	24.8705	-0.698242	-0.441162	0.563477	201	255
[1882]	396	627	0	-3.41153	-9.88979	0.2	24.8886	-0.795898	0.561035	0.226196	201	255
[1883]	395	627	0	-3.36104	-9.94012	0.2	24.8779	-0.535156	0.802246	-0.265381	201	255
[1884]	401	628	0	-3.38089	-9.92196	0.2	24.9238	0.488037	0.324951	-0.810059	201	255
[1885]	395	628	0	-3.36104	-9.94012	0.2	24.8779	-0.535156	0.802246	-0.265381	201	255
[1886]	396	628	0	-3.41153	-9.88979	0.2	24.8886	-0.795898	0.561035	0.226196	201	255
[1887]	395	629	0	-3.36104	-9.94012	0.2	24.8779	-0.535156	0.802246	-0.265381	201	255
[1888]	401	629	0	-3.38089	-9.92196	0.2	24.9238	0.488037	0.324951	-0.810059	201	255
[1889]	404	629	0	-3.35389	-9.9641	0.2	24.8992	0.550293	0.284668	-0.785156	201	255
[1890]	404	630	0	-3.35389	-9.9641	0.2	24.8992	0.550293	0.284668	-0.785156	201	255
[1891]	389	630	0	-3.30602	-9.98684	0.2	24.8588	-0.450928	0.892578	0.0104599	201	255
[1892]	395	630	0	-3.36104	-9.94012	0.2	24.8779	-0.535156	0.802246	-0.265381	201	255
[1893]	389	631	0	-3.30602	-9.98684	0.2	24.8588	-0.450928	0.892578	0.0104599	201	255
[1894]	404	631	0	-3.35389	-9.9641	0.2	24.8992	0.550293	0.284668	-0.785156	201	255
[1895]	390	631	0	-3.31366	-9.99807	0.2	24.8811	0.701172	0.387451	-0.598633	201	255
[1896]	405	632	0	-3.12081	-10.2659	0.2	24.9426	0.870117	0.469971	0.146851	201	255
[1897]	402	632	0	-3.11721	-10.2812	0.2	24.9473	0.724609	-0.336426	-0.601074	201	255
[1898]	397	632	0	-3.102	-10.22	0.2	24.9461	0.300049	0.775391	-0.555664	201	255
[1899]	406	633	0	-3.1558	-10.3021	0.2	24.961	0.755371	0.486816	-0.438477	201	255
[1900]	402	633	0	-3.11721	-10.2812	0.2	24.9473	0.724609	-0.336426	-0.601074	201	255
[1901]	405	633	0	-3.12081	-10.2659	0.2	24.9426	0.870117	0.469971	0.146851	201	255
[1902]	402	634	0	-3.11721	-10.2812	0.2	24.9473	0.724609	-0.336426	-0.601074	201	255
[1903]	406	634	0	-3.1558	-10.3021	0.2	24.961	0.755371	0.486816	-0.438477	201	255
[1904]	407	634	0	-3.14979	-10.3287	0.2	24.9653	0.49292	-0.592285	-0.636719	201	255
[1905]	411	635	0	-3.1408	-10.3335	0.2	24.9323	-0.78125	-0.621094	-0.0639648	201	255
[1906]	402	635	0	-3.11721	-10.2812	0.2	24.9473	0.724609	-0.336426	-0.601074	201	255
[1907]	407	635	0	-3.14979	-10.3287	0.2	24.9653	0.49292	-0.592285	-0.636719	201	255
[1908]	402	636	0	-3.11721	-10.2812	0.2	24.9473	0.724609	-0.336426	-0.601074	201	255
[1909]	411	636	0	-3.1408	-10.3335	0.2	24.9323	-0.78125	-0.621094	-0.0639648	201	255
[1910]	400	636	0	-3.10285	-10.2897	0.2	24.9284	-0.654297	-0.415527	-0.631836	201	255
[1911]	402	637	0	-3.11721	-10.2812	0.2	24.9473	0.724609	-0.336426	-0.601074	201	255
[1912]	400	637	0	-3.10285	-10.2897	0.2	24.9284	-0.654297	-0.415527	-0.631836	201	255
[1913]	397	637	0	-3.102	-10.22	0.2	24.9461	0.300049	0.775391	-0.555664	201	255
[1914]	400	638	0	-3.10285	-10.2897	0.2	24.9284	-0.654297	-0.415527	-0.631836	201	255
[1915]	409	638	0	-3.11865	-10.2504	0.2	24.9284	-0.461426	0.789551	0.404541	201	255
[1916]	397	638	0	-3.102	-10.22	0.2	24.9461	0.300049	0.775391	-0.555664	201	255
[1917]	409	639	0	-3.11865	-10.2504	0.2	24.9284	-0.461426	0.789551	0.404541	201	255
[1918]	403	639	0	-3.12081	-10.2659	0.2	24.9426	0.870117	0.469971	0.146851	201	255
[1919]	397	639	0	-3.102	-10.22	0.2	24.9461	0.300049	0.775391	-0.555664	201	255
[1920]	410	640	0	-3.15285	-10.2816	0.2	24.9353	-0.397217	0.835938	0.37915	201	255
[1921]	403	640	0	-3.12081	-10.2659	0.2	24.9426	0.870117	0.469971	0.146851	201	255
[1922]	409	640	0	-3.11865	-10.2504	0.2	24.9284	-0.461426	0.789551	0.404541	201	255
[1923]	403	641	0	-3.12081	-10.2659	0.2	24.9426	0.870117	0.469971	0.146851	201	255
[1924]	410	641	0	-3.15285	-10.2816	0.2	24.9353	-0.397217	0.835938	0.37915	201	255
[1925]	412	641	0	-3.1558	-10.3021	0.2	24.961	0.755371	0.486816	-0.438477	201	255
[1926]	408	642	0	-3.1985	-10.2976	0.2	24.9848	0.575684	0.479492	-0.662598	201	255
[1927]	407	642	0	-3.14979	-10.3287	0.2	24.9653	0.49292	-0.592285	-0.636719	201	255
[1928]	406	642	0	-3.1558	-10.3021	0.2	24.961	0.755371	0.486816	-0.438477	201	255
[1929]	407	643	0	-3.14979	-10.3287	0.2	24.9653	0.49292	-0.592285	-0.636719	201	255
[1930]	408	643	0	-3.1985	-10.2976	0.2	24.9848	0.575684	0.479492	-0.662598	201	255
[1931]	413	643	0	-3.19794	-10.351	0.2	24.9931	0.391113	-0.79248	-0.467773	201	255
[1932]	413	644	0	-3.19794	-10.351	0.2	24.9931	0.391113	-0.79248	-0.467773	201	255
[1933]	411	644	0	-3.1408	-10.3335	0.2	24.9323	-0.78125	-0.621094	-0.0639648	201	255
[1934]	407	644	0	-3.14979	-10.3287	0.2	24.9653	0.49292	-0.592285	-0.636719	201	255
[1935]	411	645	0	-3.1408	-10.3335	0.2	24.9323	-0.78125	-0.621094	-0.0639648	201	255
[1936]	413	645	0	-3.19794	-10.351	0.2	24.9931	0.391113	-0.79248	-0.467773	201	255
[1937]	440	645	0	-3.2003	-10.3464	0.2	24.9566	-0.713379	-0.566895	0.412109	201	255
[1938]	445	646	0	-3.21076	-10.2753	0.2	24.9613	-0.484131	0.874512	0.0293884	201	255
[1939]	411	646	0	-3.1408	-10.3335	0.2	24.9323	-0.78125	-0.621094	-0.0639648	201	255
[1940]	440	646	0	-3.2003	-10.3464	0.2	24.9566	-0.713379	-0.566895	0.412109	201	255
[1941]	411	647	0	-3.1408	-10.3335	0.2	24.9323	-0.78125	-0.621094	-0.0639648	201	255
[1942]	445	647	0	-3.21076	-10.2753	0.2	24.9613	-0.484131	0.874512	0.0293884	201	255
[1943]	410	647	0	-3.15285	-10.2816	0.2	24.9353	-0.397217	0.835938	0.37915	201	255
[1944]	410	648	0	-3.15285	-10.2816	0.2	24.9353	-0.397217	0.835938	0.37915	201	255
[1945]	400	648	0	-3.10285	-10.2897	0.2	24.9284	-0.654297	-0.415527	-0.631836	201	255
[1946]	411	648	0	-3.1408	-10.3335	0.2	24.9323	-0.78125	-0.621094	-0.0639648	201	255
[1947]	400	649	0	-3.10285	-10.2897	0.2	24.9284	-0.654297	-0.415527	-0.631836	201	255
[1948]	410	649	0	-3.15285	-10.2816	0.2	24.9353	-0.397217	0.835938	0.37915	201	255
[1949]	409	649	0	-3.11865	-10.2504	0.2	24.9284	-0.461426	0.789551	0.404541	201	255
[1950]	414	650	0	-3.23308	-10.2746	0.2	25.0134	0.521973	0.523926	-0.672852	201	255
[1951]	413	650	0	-3.19794	-10.351	0.2	24.9931	0.391113	-0.79248	-0.467773	201	255
[1952]	408	650	0	-3.1985	-10.2976	0.2	24.9848	0.575684	0.479492	-0.662598	201	255
[1953]	413	651	0	-3.19794	-10.351	0.2	24.9931	0.391113	-0.79248	-0.467773	201	255
[1954]	414	651	0	-3.23308	-10.2746	0.2	25.0134	0.521973	0.523926	-0.672852	201	255
[1955]	415	651	0	-3.26448	-10.3544	0.2	25.0375	0.168701	-0.975586	-0.142212	201	255
[1956]	415	652	0	-3.26448	-10.3544	0.2	25.0375	0.168701	-0.975586	-0.142212	201	255
[1957]	440	652	0	-3.2003	-10.3464	0.2	24.9566	-0.713379	-0.566895	0.412109	201	255
[1958]	413	652	0	-3.19794	-10.351	0.2	24.9931	0.391113	-0.79248	-0.467773	201	255
[1959]	440	653	0	-3.2003	-10.3464	0.2	24.9566	-0.713379	-0.566895	0.412109	201	255
[1960]	415	653	0	-3.26448	-10.3544	0.2	25.0375	0.168701	-0.975586	-0.142212	201	255
[1961]	436	653	0	-3.27733	-10.3345	0.2	24.9973	-0.598633	-0.601562	0.529297	201	255
[1962]	442	654	0	-3.26829	-10.2583	0.2	24.9766	-0.753418	0.503418	0.422607	201	255
[1963]	440	654	0	-3.2003	-10.3464	0.2	24.9566	-0.713379	-0.566895	0.412109	201	255
[1964]	436	654	0	-3.27733	-10.3345	0.2	24.9973	-0.598633	-0.601562	0.529297	201	255
[1965]	440	655	0	-3.2003	-10.3464	0.2	24.9566	-0.713379	-0.566895	0.412109	201	255
[1966]	442	655	0	-3.26829	-10.2583	0.2	24.9766	-0.753418	0.503418	0.422607	201	255
[1967]	445	655	0	-3.21076	-10.2753	0.2	24.9613	-0.484131	0.874512	0.0293884	201	255
[1968]	439	656	0	-3.23308	-10.2746	0.2	25.0134	0.521973	0.523926	-0.672852	201	255
[1969]	445	656	0	-3.21076	-10.2753	0.2	24.9613	-0.484131	0.874512	0.0293884	201	255
[1970]	442	656	0	-3.26829	-10.2583	0.2	24.9766	-0.753418	0.503418	0.422607	201	255
[1971]	445	657	0	-3.21076	-10.2753	0.2	24.9613	-0.484131	0.874512	0.0293884	201	255
[1972]	439	657	0	-3.23308	-10.2746	0.2	25.0134	0.521973	0.523926	-0.672852	201	255
[1973]	437	657	0	-3.1985	-10.2976	0.2	24.9848	0.575684	0.479492	-0.662598	201	255
[1974]	437	658	0	-3.1985	-10.2976	0.2	24.9848	0.575684	0.479492	-0.662598	201	255
[1975]	410	658	0	-3.15285	-10.2816	0.2	24.9353	-0.397217	0.835938	0.37915	201	255
[1976]	445	658	0	-3.21076	-10.2753	0.2	24.9613	-0.484131	0.874512	0.0293884	201	255
[1977]	410	659	0	-3.15285	-10.2816	0.2	24.9353	-0.397217	0.835938	0.37915	201	255
[1978]	437	659	0	-3.1985	-10.2976	0.2	24.9848	0.575684	0.479492	-0.662598	201	255
[1979]	412	659	0	-3.1558	-10.3021	0.2	24.961	0.755371	0.486816	-0.438477	201	255
[1980]	441	660	0	-3.37209	-10.2945	0.2	24.8819	0.500488	0.67627	-0.540527	201	255
[1981]	448	660	0	-3.36907	-10.302	0.2	24.8854	0.600586	0.0187073	-0.798828	201	255
[1982]	438	660	0	-3.33531	-10.2933	0.2	24.8624	-0.573242	0.255127	-0.77832	201	255
[1983]	444	661	0	-3.41292	-10.281	0.2	24.9165	0.302246	0.633301	-0.712402	201	255
[1984]	448	661	0	-3.36907	-10.302	0.2	24.8854	0.600586	0.0187073	-0.798828	201	255
[1985]	441	661	0	-3.37209	-10.2945	0.2	24.8819	0.500488	0.67627	-0.540527	201	255
[1986]	448	662	0	-3.36907	-10.302	0.2	24.8854	0.600586	0.0187073	-0.798828	201	255
[1987]	444	662	0	-3.41292	-10.281	0.2	24.9165	0.302246	0.633301	-0.712402	201	255
[1988]	451	662	0	-3.41092	-10.3039	0.2	24.9284	0.413818	-0.310059	-0.855957	201	255
[1989]	451	663	0	-3.41092	-10.3039	0.2	24.9284	0.413818	-0.310059	-0.855957	201	255
[1990]	446	663	0	-3.36744	-10.3285	0.2	24.8741	-0.583984	-0.810059	-0.0531311	201	255
[1991]	448	663	0	-3.36907	-10.302	0.2	24.8854	0.600586	0.0187073	-0.798828	201	255
[1992]	448	664	0	-3.36907	-10.302	0.2	24.8854	0.600586	0.0187073	-0.798828	201	255
[1993]	446	664	0	-3.36744	-10.3285	0.2	24.8741	-0.583984	-0.810059	-0.0531311	201	255
[1994]	438	664	0	-3.33531	-10.2933	0.2	24.8624	-0.573242	0.255127	-0.77832	201	255
[1995]	446	665	0	-3.36744	-10.3285	0.2	24.8741	-0.583984	-0.810059	-0.0531311	201	255
[1996]	443	665	0	-3.37405	-10.2888	0.2	24.8767	-0.357422	0.907227	0.221191	201	255
[1997]	438	665	0	-3.33531	-10.2933	0.2	24.8624	-0.573242	0.255127	-0.77832	201	255
[1998]	443	666	0	-3.37405	-10.2888	0.2	24.8767	-0.357422	0.907227	0.221191	201	255
[1999]	447	666	0	-3.37209	-10.2945	0.2	24.8819	0.500488	0.67627	-0.540527	201	255
[2000]	438	666	0	-3.33531	-10.2933	0.2	24.8624	-0.573242	0.255127	-0.77832	201	255
[2001]	443	667	0	-3.37405	-10.2888	0.2	24.8767	-0.357422	0.907227	0.221191	201	255
[2002]	449	667	0	-3.41292	-10.281	0.2	24.9165	0.302246	0.633301	-0.712402	201	255
[2003]	447	667	0	-3.37209	-10.2945	0.2	24.8819	0.500488	0.67627	-0.540527	201	255
[2004]	449	668	0	-3.41292	-10.281	0.2	24.9165	0.302246	0.633301	-0.712402	201	255
[2005]	443	668	0	-3.37405	-10.2888	0.2	24.8767	-0.357422	0.907227	0.221191	201	255
[2006]	450	668	0	-3.42042	-10.2682	0.2	24.9009	-0.544922	0.806641	0.228149	201	255
[2007]	450	669	0	-3.42042	-10.2682	0.2	24.9009	-0.544922	0.806641	0.228149	201	255
[2008]	456	669	0	-3.44474	-10.2492	0.2	24.9607	0.115295	0.59082	-0.79834	201	255
[2009]	449	669	0	-3.41292	-10.281	0.2	24.9165	0.302246	0.633301	-0.712402	201	255
[2010]	453	670	0	-3.44474	-10.2492	0.2	24.9607	0.115845	0.592773	-0.796875	201	255
[2011]	451	670	0	-3.41092	-10.3039	0.2	24.9284	0.413818	-0.310059	-0.855957	201	255
[2012]	444	670	0	-3.41292	-10.281	0.2	24.9165	0.302246	0.633301	-0.712402	201	255
[2013]	451	671	0	-3.41092	-10.3039	0.2	24.9284	0.413818	-0.310059	-0.855957	201	255
[2014]	453	671	0	-3.44474	-10.2492	0.2	24.9607	0.115845	0.592773	-0.796875	201	255
[2015]	458	671	0	-3.45509	-10.2972	0.2	24.9838	0.376709	-0.702148	-0.604492	201	255
[2016]	458	672	0	-3.45509	-10.2972	0.2	24.9838	0.376709	-0.702148	-0.604492	201	255
[2017]	455	672	0	-3.41619	-10.3313	0.2	24.9059	-0.409424	-0.856445	0.314941	201	255
[2018]	451	672	0	-3.41092	-10.3039	0.2	24.9284	0.413818	-0.310059	-0.855957	201	255
[2019]	446	673	0	-3.36744	-10.3285	0.2	24.8741	-0.583984	-0.810059	-0.0531311	201	255
[2020]	451	673	0	-3.41092	-10.3039	0.2	24.9284	0.413818	-0.310059	-0.855957	201	255
[2021]	455	673	0	-3.41619	-10.3313	0.2	24.9059	-0.409424	-0.856445	0.314941	201	255
[2022]	455	674	0	-3.41619	-10.3313	0.2	24.9059	-0.409424	-0.856445	0.314941	201	255
[2023]	443	674	0	-3.37405	-10.2888	0.2	24.8767	-0.357422	0.907227	0.221191	201	255
[2024]	446	674	0	-3.36744	-10.3285	0.2	24.8741	-0.583984	-0.810059	-0.0531311	201	255
[2025]	443	675	0	-3.37405	-10.2888	0.2	24.8767	-0.357422	0.907227	0.221191	201	255
[2026]	455	675	0	-3.41619	-10.3313	0.2	24.9059	-0.409424	-0.856445	0.314941	201	255
[2027]	450	675	0	-3.42042	-10.2682	0.2	24.9009	-0.544922	0.806641	0.228149	201	255
[2028]	455	676	0	-3.41619	-10.3313	0.2	24.9059	-0.409424	-0.856445	0.314941	201	255
[2029]	464	676	0	-3.47323	-10.2406	0.2	24.9376	-0.666504	0.598145	0.444336	201	255
[2030]	450	676	0	-3.42042	-10.2682	0.2	24.9009	-0.544922	0.806641	0.228149	201	255
[2031]	456	677	0	-3.44474	-10.2492	0.2	24.9607	0.115295	0.59082	-0.79834	201	255
[2032]	450	677	0	-3.42042	-10.2682	0.2	24.9009	-0.544922	0.806641	0.228149	201	255
[2033]	464	677	0	-3.47323	-10.2406	0.2	24.9376	-0.666504	0.598145	0.444336	201	255
[2034]	464	678	0	-3.47323	-10.2406	0.2	24.9376	-0.666504	0.598145	0.444336	201	255
[2035]	454	678	0	-3.46283	-10.208	0.2	24.9963	0.124329	0.544434	-0.82959	201	255
[2036]	456	678	0	-3.44474	-10.2492	0.2	24.9607	0.115295	0.59082	-0.79834	201	255
[2037]	454	679	0	-3.46283	-10.208	0.2	24.9963	0.124329	0.544434	-0.82959	201	255
[2038]	464	679	0	-3.47323	-10.2406	0.2	24.9376	-0.666504	0.598145	0.444336	201	255
[2039]	462	679	0	-3.52858	-10.1942	0.2	24.9719	-0.658691	0.0651855	0.749512	201	255
[2040]	463	680	0	-3.47279	-10.3067	0.2	24.9573	-0.262207	-0.79248	0.550293	201	255
[2041]	462	680	0	-3.52858	-10.1942	0.2	24.9719	-0.658691	0.0651855	0.749512	201	255
[2042]	464	680	0	-3.47323	-10.2406	0.2	24.9376	-0.666504	0.598145	0.444336	201	255
[2043]	462	681	0	-3.52858	-10.1942	0.2	24.9719	-0.658691	0.0651855	0.749512	201	255
[2044]	463	681	0	-3.47279	-10.3067	0.2	24.9573	-0.262207	-0.79248	0.550293	201	255
[2045]	457	681	0	-3.55042	-10.2247	0.2	25.01	-0.312744	-0.57666	0.754883	201	255
[2046]	461	682	0	-3.46283	-10.208	0.2	24.9963	0.124329	0.544434	-0.82959	201	255
[2047]	458	682	0	-3.45509	-10.2972	0.2	24.9838	0.376709	-0.702148	-0.604492	201	255
[2048]	453	682	0	-3.44474	-10.2492	0.2	24.9607	0.115845	0.592773	-0.796875	201	255
[2049]	458	683	0	-3.45509	-10.2972	0.2	24.9838	0.376709	-0.702148	-0.604492	201	255
[2050]	461	683	0	-3.46283	-10.208	0.2	24.9963	0.124329	0.544434	-0.82959	201	255
[2051]	452	683	0	-3.50422	-10.2748	0.2	25.0267	0.256104	-0.952637	0.163574	201	255
[2052]	452	684	0	-3.50422	-10.2748	0.2	25.0267	0.256104	-0.952637	0.163574	201	255
[2053]	463	684	0	-3.47279	-10.3067	0.2	24.9573	-0.262207	-0.79248	0.550293	201	255
[2054]	458	684	0	-3.45509	-10.2972	0.2	24.9838	0.376709	-0.702148	-0.604492	201	255
[2055]	455	685	0	-3.41619	-10.3313	0.2	24.9059	-0.409424	-0.856445	0.314941	201	255
[2056]	458	685	0	-3.45509	-10.2972	0.2	24.9838	0.376709	-0.702148	-0.604492	201	255
[2057]	463	685	0	-3.47279	-10.3067	0.2	24.9573	-0.262207	-0.79248	0.550293	201	255
[2058]	464	686	0	-3.47323	-10.2406	0.2	24.9376	-0.666504	0.598145	0.444336	201	255
[2059]	455	686	0	-3.41619	-10.3313	0.2	24.9059	-0.409424	-0.856445	0.314941	201	255
[2060]	463	686	0	-3.47279	-10.3067	0.2	24.9573	-0.262207	-0.79248	0.550293	201	255
[2061]	463	687	0	-3.47279	-10.3067	0.2	24.9573	-0.262207	-0.79248	0.550293	201	255
[2062]	452	687	0	-3.50422	-10.2748	0.2	25.0267	0.256104	-0.952637	0.163574	201	255
[2063]	457	687	0	-3.55042	-10.2247	0.2	25.01	-0.312744	-0.57666	0.754883	201	255
[2064]	460	688	0	-3.27193	-10.6504	0.2	24.9613	0.626465	0.628418	-0.461426	201	255
[2065]	467	688	0	-3.27147	-10.6628	0.2	24.9655	0.74707	-0.488281	-0.450684	201	255
[2066]	459	688	0	-3.2313	-10.6486	0.2	24.951	-0.189087	0.124084	-0.974121	201	255
[2067]	468	689	0	-3.32196	-10.6406	0.2	24.9942	0.530762	0.459229	-0.712402	201	255
[2068]	467	689	0	-3.27147	-10.6628	0.2	24.9655	0.74707	-0.488281	-0.450684	201	255
[2069]	460	689	0	-3.27193	-10.6504	0.2	24.9613	0.626465	0.628418	-0.461426	201	255
[2070]	467	690	0	-3.27147	-10.6628	0.2	24.9655	0.74707	-0.488281	-0.450684	201	255
[2071]	468	690	0	-3.32196	-10.6406	0.2	24.9942	0.530762	0.459229	-0.712402	201	255
[2072]	469	690	0	-3.32181	-10.6629	0.2	24.9988	0.562988	-0.713867	-0.41626	201	255
[2073]	472	691	0	-3.31935	-10.6699	0.2	24.9651	-0.632324	-0.605957	0.48291	201	255
[2074]	467	691	0	-3.27147	-10.6628	0.2	24.9655	0.74707	-0.488281	-0.450684	201	255
[2075]	469	691	0	-3.32181	-10.6629	0.2	24.9988	0.562988	-0.713867	-0.41626	201	255
[2076]	467	692	0	-3.27147	-10.6628	0.2	24.9655	0.74707	-0.488281	-0.450684	201	255
[2077]	472	692	0	-3.31935	-10.6699	0.2	24.9651	-0.632324	-0.605957	0.48291	201	255
[2078]	470	692	0	-3.26085	-10.681	0.2	24.9459	-0.622559	-0.782715	-0.0146255	201	255
[2079]	467	693	0	-3.27147	-10.6628	0.2	24.9655	0.74707	-0.488281	-0.450684	201	255
[2080]	470	693	0	-3.26085	-10.681	0.2	24.9459	-0.622559	-0.782715	-0.0146255	201	255
[2081]	459	693	0	-3.2313	-10.6486	0.2	24.951	-0.189087	0.124084	-0.974121	201	255
[2082]	470	694	0	-3.26085	-10.681	0.2	24.9459	-0.622559	-0.782715	-0.0146255	201	255
[2083]	466	694	0	-3.2671	-10.6406	0.2	24.9442	-0.538086	0.837402	0.0984497	201	255
[2084]	459	694	0	-3.2313	-10.6486	0.2	24.951	-0.189087	0.124084	-0.974121	201	255
[2085]	466	695	0	-3.2671	-10.6406	0.2	24.9442	-0.538086	0.837402	0.0984497	201	255
[2086]	465	695	0	-3.27193	-10.6504	0.2	24.9613	0.626465	0.628418	-0.461426	201	255
[2087]	459	695	0	-3.2313	-10.6486	0.2	24.951	-0.189087	0.124084	-0.974121	201	255
[2088]	475	696	0	-3.3177	-10.627	0.2	24.9666	-0.499756	0.86377	0.0650024	201	255
[2089]	465	696	0	-3.27193	-10.6504	0.2	24.9613	0.626465	0.628418	-0.461426	201	255
[2090]	466	696	0	-3.2671	-10.6406	0.2	24.9442	-0.538086	0.837402	0.0984497	201	255
[2091]	465	697	0	-3.27193	-10.6504	0.2	24.9613	0.626465	0.628418	-0.461426	201	255
[2092]	475	697	0	-3.3177	-10.627	0.2	24.9666	-0.499756	0.86377	0.0650024	201	255
[2093]	476	697	0	-3.32196	-10.6406	0.2	24.9942	0.530762	0.459229	-0.712402	201	255
[2094]	471	698	0	-3.36537	-10.6025	0.2	25.0261	0.407227	0.365967	-0.836914	201	255
[2095]	469	698	0	-3.32181	-10.6629	0.2	24.9988	0.562988	-0.713867	-0.41626	201	255
[2096]	468	698	0	-3.32196	-10.6406	0.2	24.9942	0.530762	0.459229	-0.712402	201	255
[2097]	469	699	0	-3.32181	-10.6629	0.2	24.9988	0.562988	-0.713867	-0.41626	201	255
[2098]	471	699	0	-3.36537	-10.6025	0.2	25.0261	0.407227	0.365967	-0.836914	201	255
[2099]	478	699	0	-3.37698	-10.6422	0.2	25.0388	0.459961	-0.844727	-0.273682	201	255
[2100]	478	700	0	-3.37698	-10.6422	0.2	25.0388	0.459961	-0.844727	-0.273682	201	255
[2101]	472	700	0	-3.31935	-10.6699	0.2	24.9651	-0.632324	-0.605957	0.48291	201	255
[2102]	469	700	0	-3.32181	-10.6629	0.2	24.9988	0.562988	-0.713867	-0.41626	201	255
[2103]	472	701	0	-3.31935	-10.6699	0.2	24.9651	-0.632324	-0.605957	0.48291	201	255
[2104]	478	701	0	-3.37698	-10.6422	0.2	25.0388	0.459961	-0.844727	-0.273682	201	255
[2105]	482	701	0	-3.38532	-10.6357	0.2	25.0043	-0.560059	-0.467773	0.684082	201	255
[2106]	483	702	0	-3.37785	-10.5763	0.2	25.0048	-0.60791	0.786133	-0.111023	201	255
[2107]	472	702	0	-3.31935	-10.6699	0.2	24.9651	-0.632324	-0.605957	0.48291	201	255
[2108]	482	702	0	-3.38532	-10.6357	0.2	25.0043	-0.560059	-0.467773	0.684082	201	255
[2109]	472	703	0	-3.31935	-10.6699	0.2	24.9651	-0.632324	-0.605957	0.48291	201	255
[2110]	483	703	0	-3.37785	-10.5763	0.2	25.0048	-0.60791	0.786133	-0.111023	201	255
[2111]	475	703	0	-3.3177	-10.627	0.2	24.9666	-0.499756	0.86377	0.0650024	201	255
[2112]	475	704	0	-3.3177	-10.627	0.2	24.9666	-0.499756	0.86377	0.0650024	201	255
[2113]	470	704	0	-3.26085	-10.681	0.2	24.9459	-0.622559	-0.782715	-0.0146255	201	255
[2114]	472	704	0	-3.31935	-10.6699	0.2	24.9651	-0.632324	-0.605957	0.48291	201	255
[2115]	470	705	0	-3.26085	-10.681	0.2	24.9459	-0.622559	-0.782715	-0.0146255	201	255
[2116]	475	705	0	-3.3177	-10.627	0.2	24.9666	-0.499756	0.86377	0.0650024	201	255
[2117]	466	705	0	-3.2671	-10.6406	0.2	24.9442	-0.538086	0.837402	0.0984497	201	255
[2118]	480	706	0	-3.3926	-10.5598	0.2	25.0583	0.375977	0.34375	-0.860352	201	255
[2119]	478	706	0	-3.37698	-10.6422	0.2	25.0388	0.459961	-0.844727	-0.273682	201	255
[2120]	471	706	0	-3.36537	-10.6025	0.2	25.0261	0.407227	0.365967	-0.836914	201	255
[2121]	478	707	0	-3.37698	-10.6422	0.2	25.0388	0.459961	-0.844727	-0.273682	201	255
[2122]	480	707	0	-3.3926	-10.5598	0.2	25.0583	0.375977	0.34375	-0.860352	201	255
[2123]	473	707	0	-3.44331	-10.5989	0.2	25.0977	0.195801	-0.950195	0.241699	201	255
[2124]	473	708	0	-3.44331	-10.5989	0.2	25.0977	0.195801	-0.950195	0.241699	201	255
[2125]	482	708	0	-3.38532	-10.6357	0.2	25.0043	-0.560059	-0.467773	0.684082	201	255
[2126]	478	708	0	-3.37698	-10.6422	0.2	25.0388	0.459961	-0.844727	-0.273682	201	255
[2127]	482	709	0	-3.38532	-10.6357	0.2	25.0043	-0.560059	-0.467773	0.684082	201	255
[2128]	473	709	0	-3.44331	-10.5989	0.2	25.0977	0.195801	-0.950195	0.241699	201	255
[2129]	477	709	0	-3.4596	-10.5739	0.2	25.0595	-0.397705	-0.530762	0.748535	201	255
[2130]	481	710	0	-3.4341	-10.5213	0.2	25.0311	-0.764648	0.397217	0.507324	201	255
[2131]	482	710	0	-3.38532	-10.6357	0.2	25.0043	-0.560059	-0.467773	0.684082	201	255
[2132]	477	710	0	-3.4596	-10.5739	0.2	25.0595	-0.397705	-0.530762	0.748535	201	255
[2133]	482	711	0	-3.38532	-10.6357	0.2	25.0043	-0.560059	-0.467773	0.684082	201	255
[2134]	481	711	0	-3.4341	-10.5213	0.2	25.0311	-0.764648	0.397217	0.507324	201	255
[2135]	483	711	0	-3.37785	-10.5763	0.2	25.0048	-0.60791	0.786133	-0.111023	201	255
[2136]	474	712	0	-3.3926	-10.5598	0.2	25.0583	0.376221	0.345703	-0.859375	201	255
[2137]	483	712	0	-3.37785	-10.5763	0.2	25.0048	-0.60791	0.786133	-0.111023	201	255
[2138]	481	712	0	-3.4341	-10.5213	0.2	25.0311	-0.764648	0.397217	0.507324	201	255
[2139]	483	713	0	-3.37785	-10.5763	0.2	25.0048	-0.60791	0.786133	-0.111023	201	255
[2140]	474	713	0	-3.3926	-10.5598	0.2	25.0583	0.376221	0.345703	-0.859375	201	255
[2141]	479	713	0	-3.36537	-10.6025	0.2	25.0261	0.407227	0.365967	-0.836914	201	255
[2142]	479	714	0	-3.36537	-10.6025	0.2	25.0261	0.407227	0.365967	-0.836914	201	255
[2143]	475	714	0	-3.3177	-10.627	0.2	24.9666	-0.499756	0.86377	0.0650024	201	255
[2144]	483	714	0	-3.37785	-10.5763	0.2	25.0048	-0.60791	0.786133	-0.111023	201	255
[2145]	475	715	0	-3.3177	-10.627	0.2	24.9666	-0.499756	0.86377	0.0650024	201	255
[2146]	479	715	0	-3.36537	-10.6025	0.2	25.0261	0.407227	0.365967	-0.836914	201	255
[2147]	476	715	0	-3.32196	-10.6406	0.2	24.9942	0.530762	0.459229	-0.712402	201	255
[2148]	500	716	0	-2.71547	-11.0613	0.2	25.2066	0.206299	0.577148	-0.790039	201	255
[2149]	502	716	0	-2.72196	-11.0634	0.2	25.2158	0.934082	-0.168579	-0.314453	201	255
[2150]	503	716	0	-2.68085	-11.1165	0.2	25.2151	-0.0706787	-0.5625	-0.82373	201	255
[2151]	501	717	0	-2.74447	-10.9919	0.2	25.2129	0.328369	0.203735	-0.922363	201	255
[2152]	502	717	0	-2.72196	-11.0634	0.2	25.2158	0.934082	-0.168579	-0.314453	201	255
[2153]	500	717	0	-2.71547	-11.0613	0.2	25.2066	0.206299	0.577148	-0.790039	201	255
[2154]	502	718	0	-2.72196	-11.0634	0.2	25.2158	0.934082	-0.168579	-0.314453	201	255
[2155]	501	718	0	-2.74447	-10.9919	0.2	25.2129	0.328369	0.203735	-0.922363	201	255
[2156]	505	718	0	-2.75644	-10.998	0.2	25.225	0.878906	-0.474121	-0.0534668	201	255
[2157]	511	719	0	-2.76183	-11.0189	0.2	25.1942	-0.268555	-0.487793	0.830566	201	255
[2158]	502	719	0	-2.72196	-11.0634	0.2	25.2158	0.934082	-0.168579	-0.314453	201	255
[2159]	505	719	0	-2.75644	-10.998	0.2	25.225	0.878906	-0.474121	-0.0534668	201	255
[2160]	502	720	0	-2.72196	-11.0634	0.2	25.2158	0.934082	-0.168579	-0.314453	201	255
[2161]	511	720	0	-2.76183	-11.0189	0.2	25.1942	-0.268555	-0.487793	0.830566	201	255
[2162]	504	720	0	-2.72524	-11.0898	0.2	25.2041	-0.00548553	-0.794922	0.606934	201	255
[2163]	502	721	0	-2.72196	-11.0634	0.2	25.2158	0.934082	-0.168579	-0.314453	201	255
[2164]	504	721	0	-2.72524	-11.0898	0.2	25.2041	-0.00548553	-0.794922	0.606934	201	255
[2165]	503	721	0	-2.68085	-11.1165	0.2	25.2151	-0.0706787	-0.5625	-0.82373	201	255
[2166]	504	722	0	-2.72524	-11.0898	0.2	25.2041	-0.00548553	-0.794922	0.606934	201	255
[2167]	506	722	0	-2.70609	-11.0781	0.2	25.1915	-0.955078	0.168579	-0.244873	201	255
[2168]	503	722	0	-2.68085	-11.1165	0.2	25.2151	-0.0706787	-0.5625	-0.82373	201	255
[2169]	506	723	0	-2.70609	-11.0781	0.2	25.1915	-0.955078	0.168579	-0.244873	201	255
[2170]	509	723	0	-2.71547	-11.0613	0.2	25.2066	0.206299	0.577148	-0.790039	201	255
[2171]	503	723	0	-2.68085	-11.1165	0.2	25.2151	-0.0706787	-0.5625	-0.82373	201	255
[2172]	510	724	0	-2.73666	-11.0044	0.2	25.1835	-0.92041	0.268066	-0.283936	201	255
[2173]	509	724	0	-2.71547	-11.0613	0.2	25.2066	0.206299	0.577148	-0.790039	201	255
[2174]	506	724	0	-2.70609	-11.0781	0.2	25.1915	-0.955078	0.168579	-0.244873	201	255
[2175]	509	725	0	-2.71547	-11.0613	0.2	25.2066	0.206299	0.577148	-0.790039	201	255
[2176]	510	725	0	-2.73666	-11.0044	0.2	25.1835	-0.92041	0.268066	-0.283936	201	255
[2177]	512	725	0	-2.74447	-10.9919	0.2	25.2129	0.328369	0.203735	-0.922363	201	255
[2178]	507	726	0	-2.75236	-10.9154	0.2	25.2147	0.297119	-0.161377	-0.940918	201	255
[2179]	505	726	0	-2.75644	-10.998	0.2	25.225	0.878906	-0.474121	-0.0534668	201	255
[2180]	501	726	0	-2.74447	-10.9919	0.2	25.2129	0.328369	0.203735	-0.922363	201	255
[2181]	505	727	0	-2.75644	-10.998	0.2	25.225	0.878906	-0.474121	-0.0534668	201	255
[2182]	507	727	0	-2.75236	-10.9154	0.2	25.2147	0.297119	-0.161377	-0.940918	201	255
[2183]	513	727	0	-2.78103	-10.9127	0.2	25.2352	0.831543	-0.518555	0.201172	201	255
[2184]	513	728	0	-2.78103	-10.9127	0.2	25.2352	0.831543	-0.518555	0.201172	201	255
[2185]	511	728	0	-2.76183	-11.0189	0.2	25.1942	-0.268555	-0.487793	0.830566	201	255
[2186]	505	728	0	-2.75644	-10.998	0.2	25.225	0.878906	-0.474121	-0.0534668	201	255
[2187]	511	729	0	-2.76183	-11.0189	0.2	25.1942	-0.268555	-0.487793	0.830566	201	255
[2188]	513	729	0	-2.78103	-10.9127	0.2	25.2352	0.831543	-0.518555	0.201172	201	255
[2189]	524	729	0	-2.78537	-10.9179	0.2	25.1935	-0.325684	-0.185303	0.927246	201	255
[2190]	516	730	0	-2.74629	-10.9069	0.2	25.181	-0.900879	0.0531006	-0.430176	201	255
[2191]	511	730	0	-2.76183	-11.0189	0.2	25.1942	-0.268555	-0.487793	0.830566	201	255
[2192]	524	730	0	-2.78537	-10.9179	0.2	25.1935	-0.325684	-0.185303	0.927246	201	255
[2193]	511	731	0	-2.76183	-11.0189	0.2	25.1942	-0.268555	-0.487793	0.830566	201	255
[2194]	516	731	0	-2.74629	-10.9069	0.2	25.181	-0.900879	0.0531006	-0.430176	201	255
[2195]	510	731	0	-2.73666	-11.0044	0.2	25.1835	-0.92041	0.268066	-0.283936	201	255
[2196]	510	732	0	-2.73666	-11.0044	0.2	25.1835	-0.92041	0.268066	-0.283936	201	255
[2197]	504	732	0	-2.72524	-11.0898	0.2	25.2041	-0.00548553	-0.794922	0.606934	201	255
[2198]	511	732	0	-2.76183	-11.0189	0.2	25.1942	-0.268555	-0.487793	0.830566	201	255
[2199]	504	733	0	-2.72524	-11.0898	0.2	25.2041	-0.00548553	-0.794922	0.606934	201	255
[2200]	510	733	0	-2.73666	-11.0044	0.2	25.1835	-0.92041	0.268066	-0.283936	201	255
[2201]	506	733	0	-2.70609	-11.0781	0.2	25.1915	-0.955078	0.168579	-0.244873	201	255
[2202]	515	734	0	-2.74565	-10.8531	0.2	25.2261	0.2771	-0.230469	-0.933105	201	255
[2203]	513	734	0	-2.78103	-10.9127	0.2	25.2352	0.831543	-0.518555	0.201172	201	255
[2204]	507	734	0	-2.75236	-10.9154	0.2	25.2147	0.297119	-0.161377	-0.940918	201	255
[2205]	513	735	0	-2.78103	-10.9127	0.2	25.2352	0.831543	-0.518555	0.201172	201	255
[2206]	515	735	0	-2.74565	-10.8531	0.2	25.2261	0.2771	-0.230469	-0.933105	201	255
[2207]	508	735	0	-2.80078	-10.788	0.2	25.2571	0.620605	-0.372559	0.69043	201	255
[2208]	508	736	0	-2.80078	-10.788	0.2	25.2571	0.620605	-0.372559	0.69043	201	255
[2209]	524	736	0	-2.78537	-10.9179	0.2	25.1935	-0.325684	-0.185303	0.927246	201	255
[2210]	513	736	0	-2.78103	-10.9127	0.2	25.2352	0.831543	-0.518555	0.201172	201	255
[2211]	524	737	0	-2.78537	-10.9179	0.2	25.1935	-0.325684	-0.185303	0.927246	201	255
[2212]	508	737	0	-2.80078	-10.788	0.2	25.2571	0.620605	-0.372559	0.69043	201	255
[2213]	520	737	0	-2.80017	-10.7775	0.2	25.2026	-0.174927	-0.0511169	0.983398	201	255
[2214]	518	738	0	-2.75538	-10.8005	0.2	25.1702	-0.949219	0.161011	0.270508	201	255
[2215]	524	738	0	-2.78537	-10.9179	0.2	25.1935	-0.325684	-0.185303	0.927246	201	255
[2216]	520	738	0	-2.80017	-10.7775	0.2	25.2026	-0.174927	-0.0511169	0.983398	201	255
[2217]	524	739	0	-2.78537	-10.9179	0.2	25.1935	-0.325684	-0.185303	0.927246	201	255
[2218]	518	739	0	-2.75538	-10.8005	0.2	25.1702	-0.949219	0.161011	0.270508	201	255
[2219]	516	739	0	-2.74629	-10.9069	0.2	25.181	-0.900879	0.0531006	-0.430176	201	255
[2220]	521	740	0	-2.74565	-10.8531	0.2	25.2261	0.2771	-0.230469	-0.933105	201	255
[2221]	516	740	0	-2.74629	-10.9069	0.2	25.181	-0.900879	0.0531006	-0.430176	201	255
[2222]	518	740	0	-2.75538	-10.8005	0.2	25.1702	-0.949219	0.161011	0.270508	201	255
[2223]	516	741	0	-2.74629	-10.9069	0.2	25.181	-0.900879	0.0531006	-0.430176	201	255
[2224]	521	741	0	-2.74565	-10.8531	0.2	25.2261	0.2771	-0.230469	-0.933105	201	255
[2225]	514	741	0	-2.75236	-10.9154	0.2	25.2147	0.297119	-0.161377	-0.940918	201	255
[2226]	514	742	0	-2.75236	-10.9154	0.2	25.2147	0.297119	-0.161377	-0.940918	201	255
[2227]	510	742	0	-2.73666	-11.0044	0.2	25.1835	-0.92041	0.268066	-0.283936	201	255
[2228]	516	742	0	-2.74629	-10.9069	0.2	25.181	-0.900879	0.0531006	-0.430176	201	255
[2229]	510	743	0	-2.73666	-11.0044	0.2	25.1835	-0.92041	0.268066	-0.283936	201	255
[2230]	514	743	0	-2.75236	-10.9154	0.2	25.2147	0.297119	-0.161377	-0.940918	201	255
[2231]	512	743	0	-2.74447	-10.9919	0.2	25.2129	0.328369	0.203735	-0.922363	201	255
[2232]	519	744	0	-2.44853	-11.0804	0.2	25.2709	0.57666	0.728027	-0.371338	201	255
[2233]	517	744	0	-2.45659	-11.0864	0.2	25.2766	0.961426	-0.198975	0.19104	201	255
[2234]	523	744	0	-2.41547	-11.1048	0.2	25.3002	0.446777	-0.293213	-0.845215	201	255
[2235]	527	745	0	-2.48777	-11.0306	0.2	25.2565	0.749512	0.331299	-0.572754	201	255
[2236]	517	745	0	-2.45659	-11.0864	0.2	25.2766	0.961426	-0.198975	0.19104	201	255
[2237]	519	745	0	-2.44853	-11.0804	0.2	25.2709	0.57666	0.728027	-0.371338	201	255
[2238]	517	746	0	-2.45659	-11.0864	0.2	25.2766	0.961426	-0.198975	0.19104	201	255
[2239]	527	746	0	-2.48777	-11.0306	0.2	25.2565	0.749512	0.331299	-0.572754	201	255
[2240]	533	746	0	-2.50115	-11.0415	0.2	25.2628	0.778809	-0.559082	0.28418	201	255
[2241]	526	747	0	-2.48369	-11.0634	0.2	25.2356	-0.670898	-0.588379	0.450928	201	255
[2242]	517	747	0	-2.45659	-11.0864	0.2	25.2766	0.961426	-0.198975	0.19104	201	255
[2243]	533	747	0	-2.50115	-11.0415	0.2	25.2628	0.778809	-0.559082	0.28418	201	255
[2244]	517	748	0	-2.45659	-11.0864	0.2	25.2766	0.961426	-0.198975	0.19104	201	255
[2245]	526	748	0	-2.48369	-11.0634	0.2	25.2356	-0.670898	-0.588379	0.450928	201	255
[2246]	528	748	0	-2.44983	-11.1107	0.2	25.2646	-0.324707	-0.899414	0.29248	201	255
[2247]	517	749	0	-2.45659	-11.0864	0.2	25.2766	0.961426	-0.198975	0.19104	201	255
[2248]	528	749	0	-2.44983	-11.1107	0.2	25.2646	-0.324707	-0.899414	0.29248	201	255
[2249]	523	749	0	-2.41547	-11.1048	0.2	25.3002	0.446777	-0.293213	-0.845215	201	255
[2250]	528	750	0	-2.44983	-11.1107	0.2	25.2646	-0.324707	-0.899414	0.29248	201	255
[2251]	525	750	0	-2.42903	-11.0862	0.2	25.2633	-0.654297	0.316162	-0.687012	201	255
[2252]	523	750	0	-2.41547	-11.1048	0.2	25.3002	0.446777	-0.293213	-0.845215	201	255
[2253]	525	751	0	-2.42903	-11.0862	0.2	25.2633	-0.654297	0.316162	-0.687012	201	255
[2254]	522	751	0	-2.44853	-11.0804	0.2	25.2709	0.57666	0.728027	-0.371338	201	255
[2255]	523	751	0	-2.41547	-11.1048	0.2	25.3002	0.446777	-0.293213	-0.845215	201	255
[2256]	532	752	0	-2.46162	-11.0389	0.2	25.2376	-0.637695	0.437256	-0.634766	201	255
[2257]	522	752	0	-2.44853	-11.0804	0.2	25.2709	0.57666	0.728027	-0.371338	201	255
[2258]	525	752	0	-2.42903	-11.0862	0.2	25.2633	-0.654297	0.316162	-0.687012	201	255
[2259]	522	753	0	-2.44853	-11.0804	0.2	25.2709	0.57666	0.728027	-0.371338	201	255
[2260]	532	753	0	-2.46162	-11.0389	0.2	25.2376	-0.637695	0.437256	-0.634766	201	255
[2261]	531	753	0	-2.48777	-11.0306	0.2	25.2565	0.750488	0.333496	-0.570312	201	255
[2262]	529	754	0	-2.50892	-10.9601	0.2	25.251	0.736328	-0.0323486	-0.675781	201	255
[2263]	533	754	0	-2.50115	-11.0415	0.2	25.2628	0.778809	-0.559082	0.28418	201	255
[2264]	527	754	0	-2.48777	-11.0306	0.2	25.2565	0.749512	0.331299	-0.572754	201	255
[2265]	533	755	0	-2.50115	-11.0415	0.2	25.2628	0.778809	-0.559082	0.28418	201	255
[2266]	529	755	0	-2.50892	-10.9601	0.2	25.251	0.736328	-0.0323486	-0.675781	201	255
[2267]	534	755	0	-2.5416	-10.9686	0.2	25.257	0.620117	-0.658203	0.427246	201	255
[2268]	534	756	0	-2.5416	-10.9686	0.2	25.257	0.620117	-0.658203	0.427246	201	255
[2269]	526	756	0	-2.48369	-11.0634	0.2	25.2356	-0.670898	-0.588379	0.450928	201	255
[2270]	533	756	0	-2.50115	-11.0415	0.2	25.2628	0.778809	-0.559082	0.28418	201	255
[2271]	526	757	0	-2.48369	-11.0634	0.2	25.2356	-0.670898	-0.588379	0.450928	201	255
[2272]	534	757	0	-2.5416	-10.9686	0.2	25.257	0.620117	-0.658203	0.427246	201	255
[2273]	537	757	0	-2.52962	-10.972	0.2	25.2134	-0.725586	-0.306152	0.616211	201	255
[2274]	541	758	0	-2.48769	-10.9444	0.2	25.2241	-0.546875	0.242554	-0.80127	201	255
[2275]	526	758	0	-2.48369	-11.0634	0.2	25.2356	-0.670898	-0.588379	0.450928	201	255
[2276]	537	758	0	-2.52962	-10.972	0.2	25.2134	-0.725586	-0.306152	0.616211	201	255
[2277]	526	759	0	-2.48369	-11.0634	0.2	25.2356	-0.670898	-0.588379	0.450928	201	255
[2278]	541	759	0	-2.48769	-10.9444	0.2	25.2241	-0.546875	0.242554	-0.80127	201	255
[2279]	532	759	0	-2.46162	-11.0389	0.2	25.2376	-0.637695	0.437256	-0.634766	201	255
[2280]	532	760	0	-2.46162	-11.0389	0.2	25.2376	-0.637695	0.437256	-0.634766	201	255
[2281]	528	760	0	-2.44983	-11.1107	0.2	25.2646	-0.324707	-0.899414	0.29248	201	255
[2282]	526	760	0	-2.48369	-11.0634	0.2	25.2356	-0.670898	-0.588379	0.450928	201	255
[2283]	528	761	0	-2.44983	-11.1107	0.2	25.2646	-0.324707	-0.899414	0.29248	201	255
[2284]	532	761	0	-2.46162	-11.0389	0.2	25.2376	-0.637695	0.437256	-0.634766	201	255
[2285]	525	761	0	-2.42903	-11.0862	0.2	25.2633	-0.654297	0.316162	-0.687012	201	255
[2286]	536	762	0	-2.51906	-10.8932	0.2	25.2645	0.711426	-0.147461	-0.686523	201	255
[2287]	534	762	0	-2.5416	-10.9686	0.2	25.257	0.620117	-0.658203	0.427246	201	255
[2288]	529	762	0	-2.50892	-10.9601	0.2	25.251	0.736328	-0.0323486	-0.675781	201	255
[2289]	534	763	0	-2.5416	-10.9686	0.2	25.257	0.620117	-0.658203	0.427246	201	255
[2290]	536	763	0	-2.51906	-10.8932	0.2	25.2645	0.711426	-0.147461	-0.686523	201	255
[2291]	530	763	0	-2.58717	-10.8518	0.2	25.2696	0.243896	-0.54541	0.801758	201	255
[2292]	530	764	0	-2.58717	-10.8518	0.2	25.2696	0.243896	-0.54541	0.801758	201	255
[2293]	537	764	0	-2.52962	-10.972	0.2	25.2134	-0.725586	-0.306152	0.616211	201	255
[2294]	534	764	0	-2.5416	-10.9686	0.2	25.257	0.620117	-0.658203	0.427246	201	255
[2295]	537	765	0	-2.52962	-10.972	0.2	25.2134	-0.725586	-0.306152	0.616211	201	255
[2296]	530	765	0	-2.58717	-10.8518	0.2	25.2696	0.243896	-0.54541	0.801758	201	255
[2297]	538	765	0	-2.56988	-10.836	0.2	25.2158	-0.574219	-0.165771	0.801758	201	255
[2298]	539	766	0	-2.50806	-10.8409	0.2	25.2111	-0.920898	0.306885	-0.239868	201	255
[2299]	537	766	0	-2.52962	-10.972	0.2	25.2134	-0.725586	-0.306152	0.616211	201	255
[2300]	538	766	0	-2.56988	-10.836	0.2	25.2158	-0.574219	-0.165771	0.801758	201	255
[2301]	537	767	0	-2.52962	-10.972	0.2	25.2134	-0.725586	-0.306152	0.616211	201	255
[2302]	539	767	0	-2.50806	-10.8409	0.2	25.2111	-0.920898	0.306885	-0.239868	201	255
[2303]	541	767	0	-2.48769	-10.9444	0.2	25.2241	-0.546875	0.242554	-0.80127	201	255
[2304]	540	768	0	-2.51906	-10.8932	0.2	25.2645	0.711426	-0.147461	-0.686523	201	255
[2305]	541	768	0	-2.48769	-10.9444	0.2	25.2241	-0.546875	0.242554	-0.80127	201	255
[2306]	539	768	0	-2.50806	-10.8409	0.2	25.2111	-0.920898	0.306885	-0.239868	201	255
[2307]	541	769	0	-2.48769	-10.9444	0.2	25.2241	-0.546875	0.242554	-0.80127	201	255
[2308]	540	769	0	-2.51906	-10.8932	0.2	25.2645	0.711426	-0.147461	-0.686523	201	255
[2309]	535	769	0	-2.50892	-10.9601	0.2	25.251	0.736328	-0.0323486	-0.675781	201	255
[2310]	535	770	0	-2.50892	-10.9601	0.2	25.251	0.736328	-0.0323486	-0.675781	201	255
[2311]	532	770	0	-2.46162	-11.0389	0.2	25.2376	-0.637695	0.437256	-0.634766	201	255
[2312]	541	770	0	-2.48769	-10.9444	0.2	25.2241	-0.546875	0.242554	-0.80127	201	255
[2313]	532	771	0	-2.46162	-11.0389	0.2	25.2376	-0.637695	0.437256	-0.634766	201	255
[2314]	535	771	0	-2.50892	-10.9601	0.2	25.251	0.736328	-0.0323486	-0.675781	201	255
[2315]	531	771	0	-2.48777	-11.0306	0.2	25.2565	0.750488	0.333496	-0.570312	201	255
[2316]	544	772	0	-2.55389	-10.9127	0.2	25.0192	0.497803	0.753906	-0.429199	201	255
[2317]	547	772	0	-2.55594	-10.9231	0.2	25.0274	0.806641	-0.280762	-0.52002	201	255
[2318]	545	772	0	-2.50882	-10.9178	0.2	25.0101	-0.324463	0.0739136	-0.943359	201	255
[2319]	549	773	0	-2.61157	-10.8819	0.2	25.0414	0.484131	0.43042	-0.762207	201	255
[2320]	547	773	0	-2.55594	-10.9231	0.2	25.0274	0.806641	-0.280762	-0.52002	201	255
[2321]	544	773	0	-2.55389	-10.9127	0.2	25.0192	0.497803	0.753906	-0.429199	201	255
[2322]	547	774	0	-2.55594	-10.9231	0.2	25.0274	0.806641	-0.280762	-0.52002	201	255
[2323]	549	774	0	-2.61157	-10.8819	0.2	25.0414	0.484131	0.43042	-0.762207	201	255
[2324]	548	774	0	-2.61626	-10.9	0.2	25.053	0.654785	-0.598633	-0.461182	201	255
[2325]	552	775	0	-2.61152	-10.9169	0.2	25.0286	-0.407715	-0.766602	0.49585	201	255
[2326]	547	775	0	-2.55594	-10.9231	0.2	25.0274	0.806641	-0.280762	-0.52002	201	255
[2327]	548	775	0	-2.61626	-10.9	0.2	25.053	0.654785	-0.598633	-0.461182	201	255
[2328]	547	776	0	-2.55594	-10.9231	0.2	25.0274	0.806641	-0.280762	-0.52002	201	255
[2329]	552	776	0	-2.61152	-10.9169	0.2	25.0286	-0.407715	-0.766602	0.49585	201	255
[2330]	542	776	0	-2.55177	-10.943	0.2	25.0128	-0.361572	-0.927246	0.0994263	201	255
[2331]	547	777	0	-2.55594	-10.9231	0.2	25.0274	0.806641	-0.280762	-0.52002	201	255
[2332]	542	777	0	-2.55177	-10.943	0.2	25.0128	-0.361572	-0.927246	0.0994263	201	255
[2333]	545	777	0	-2.50882	-10.9178	0.2	25.0101	-0.324463	0.0739136	-0.943359	201	255
[2334]	542	778	0	-2.55177	-10.943	0.2	25.0128	-0.361572	-0.927246	0.0994263	201	255
[2335]	546	778	0	-2.54897	-10.9084	0.2	25.0019	-0.727539	0.668457	0.153809	201	255
[2336]	545	778	0	-2.50882	-10.9178	0.2	25.0101	-0.324463	0.0739136	-0.943359	201	255
[2337]	546	779	0	-2.54897	-10.9084	0.2	25.0019	-0.727539	0.668457	0.153809	201	255
[2338]	543	779	0	-2.55389	-10.9127	0.2	25.0192	0.497803	0.753906	-0.429199	201	255
[2339]	545	779	0	-2.50882	-10.9178	0.2	25.0101	-0.324463	0.0739136	-0.943359	201	255
[2340]	553	780	0	-2.59843	-10.8803	0.2	25.0172	-0.643066	0.762207	0.0750122	201	255
[2341]	543	780	0	-2.55389	-10.9127	0.2	25.0192	0.497803	0.753906	-0.429199	201	255
[2342]	546	780	0	-2.54897	-10.9084	0.2	25.0019	-0.727539	0.668457	0.153809	201	255
[2343]	543	781	0	-2.55389	-10.9127	0.2	25.0192	0.497803	0.753906	-0.429199	201	255
[2344]	553	781	0	-2.59843	-10.8803	0.2	25.0172	-0.643066	0.762207	0.0750122	201	255
[2345]	554	781	0	-2.61157	-10.8819	0.2	25.0414	0.484131	0.43042	-0.762207	201	255
[2346]	550	782	0	-2.64525	-10.8272	0.2	25.0633	0.25415	0.343994	-0.904297	201	255
[2347]	548	782	0	-2.61626	-10.9	0.2	25.053	0.654785	-0.598633	-0.461182	201	255
[2348]	549	782	0	-2.61157	-10.8819	0.2	25.0414	0.484131	0.43042	-0.762207	201	255
[2349]	548	783	0	-2.61626	-10.9	0.2	25.053	0.654785	-0.598633	-0.461182	201	255
[2350]	550	783	0	-2.64525	-10.8272	0.2	25.0633	0.25415	0.343994	-0.904297	201	255
[2351]	555	783	0	-2.66518	-10.8542	0.2	25.089	0.581543	-0.76416	-0.279541	201	255
[2352]	555	784	0	-2.66518	-10.8542	0.2	25.089	0.581543	-0.76416	-0.279541	201	255
[2353]	552	784	0	-2.61152	-10.9169	0.2	25.0286	-0.407715	-0.766602	0.49585	201	255
[2354]	548	784	0	-2.61626	-10.9	0.2	25.053	0.654785	-0.598633	-0.461182	201	255
[2355]	552	785	0	-2.61152	-10.9169	0.2	25.0286	-0.407715	-0.766602	0.49585	201	255
[2356]	555	785	0	-2.66518	-10.8542	0.2	25.089	0.581543	-0.76416	-0.279541	201	255
[2357]	562	785	0	-2.67791	-10.8542	0.2	25.0537	-0.355469	-0.555176	0.752441	201	255
[2358]	565	786	0	-2.65592	-10.8037	0.2	25.0363	-0.816895	0.576172	-0.0206604	201	255
[2359]	552	786	0	-2.61152	-10.9169	0.2	25.0286	-0.407715	-0.766602	0.49585	201	255
[2360]	562	786	0	-2.67791	-10.8542	0.2	25.0537	-0.355469	-0.555176	0.752441	201	255
[2361]	552	787	0	-2.61152	-10.9169	0.2	25.0286	-0.407715	-0.766602	0.49585	201	255
[2362]	565	787	0	-2.65592	-10.8037	0.2	25.0363	-0.816895	0.576172	-0.0206604	201	255
[2363]	553	787	0	-2.59843	-10.8803	0.2	25.0172	-0.643066	0.762207	0.0750122	201	255
[2364]	553	788	0	-2.59843	-10.8803	0.2	25.0172	-0.643066	0.762207	0.0750122	201	255
[2365]	542	788	0	-2.55177	-10.943	0.2	25.0128	-0.361572	-0.927246	0.0994263	201	255
[2366]	552	788	0	-2.61152	-10.9169	0.2	25.0286	-0.407715	-0.766602	0.49585	201	255
[2367]	542	789	0	-2.55177	-10.943	0.2	25.0128	-0.361572	-0.927246	0.0994263	201	255
[2368]	553	789	0	-2.59843	-10.8803	0.2	25.0172	-0.643066	0.762207	0.0750122	201	255
[2369]	546	789	0	-2.54897	-10.9084	0.2	25.0019	-0.727539	0.668457	0.153809	201	255
[2370]	557	790	0	-2.66045	-10.7696	0.2	25.0871	0.226929	0.266357	-0.937012	201	255
[2371]	555	790	0	-2.66518	-10.8542	0.2	25.089	0.581543	-0.76416	-0.279541	201	255
[2372]	550	790	0	-2.64525	-10.8272	0.2	25.0633	0.25415	0.343994	-0.904297	201	255
[2373]	555	791	0	-2.66518	-10.8542	0.2	25.089	0.581543	-0.76416	-0.279541	201	255
[2374]	557	791	0	-2.66045	-10.7696	0.2	25.0871	0.226929	0.266357	-0.937012	201	255
[2375]	551	791	0	-2.73178	-10.7578	0.2	25.1344	0.354248	-0.805176	0.47583	201	255
[2376]	551	792	0	-2.73178	-10.7578	0.2	25.1344	0.354248	-0.805176	0.47583	201	255
[2377]	562	792	0	-2.67791	-10.8542	0.2	25.0537	-0.355469	-0.555176	0.752441	201	255
[2378]	555	792	0	-2.66518	-10.8542	0.2	25.089	0.581543	-0.76416	-0.279541	201	255
[2379]	562	793	0	-2.67791	-10.8542	0.2	25.0537	-0.355469	-0.555176	0.752441	201	255
[2380]	551	793	0	-2.73178	-10.7578	0.2	25.1344	0.354248	-0.805176	0.47583	201	255
[2381]	566	793	0	-2.73631	-10.7434	0.2	25.0992	-0.189697	-0.452637	0.871582	201	255
[2382]	559	794	0	-2.70153	-10.7119	0.2	25.0542	-0.741211	0.249878	0.623047	201	255
[2383]	562	794	0	-2.67791	-10.8542	0.2	25.0537	-0.355469	-0.555176	0.752441	201	255
[2384]	566	794	0	-2.73631	-10.7434	0.2	25.0992	-0.189697	-0.452637	0.871582	201	255
[2385]	562	795	0	-2.67791	-10.8542	0.2	25.0537	-0.355469	-0.555176	0.752441	201	255
[2386]	559	795	0	-2.70153	-10.7119	0.2	25.0542	-0.741211	0.249878	0.623047	201	255
[2387]	565	795	0	-2.65592	-10.8037	0.2	25.0363	-0.816895	0.576172	-0.0206604	201	255
[2388]	561	796	0	-2.66045	-10.7696	0.2	25.0871	0.226929	0.266357	-0.937012	201	255
[2389]	565	796	0	-2.65592	-10.8037	0.2	25.0363	-0.816895	0.576172	-0.0206604	201	255
[2390]	559	796	0	-2.70153	-10.7119	0.2	25.0542	-0.741211	0.249878	0.623047	201	255
[2391]	565	797	0	-2.65592	-10.8037	0.2	25.0363	-0.816895	0.576172	-0.0206604	201	255
[2392]	561	797	0	-2.66045	-10.7696	0.2	25.0871	0.226929	0.266357	-0.937012	201	255
[2393]	556	797	0	-2.64525	-10.8272	0.2	25.0633	0.25415	0.343994	-0.904297	201	255
[2394]	556	798	0	-2.64525	-10.8272	0.2	25.0633	0.25415	0.343994	-0.904297	201	255
[2395]	553	798	0	-2.59843	-10.8803	0.2	25.0172	-0.643066	0.762207	0.0750122	201	255
[2396]	565	798	0	-2.65592	-10.8037	0.2	25.0363	-0.816895	0.576172	-0.0206604	201	255
[2397]	553	799	0	-2.59843	-10.8803	0.2	25.0172	-0.643066	0.762207	0.0750122	201	255
[2398]	556	799	0	-2.64525	-10.8272	0.2	25.0633	0.25415	0.343994	-0.904297	201	255
[2399]	554	799	0	-2.61157	-10.8819	0.2	25.0414	0.484131	0.43042	-0.762207	201	255
[2400]	558	800	0	-2.2571	-10.5537	0.2	24.8472	0.933105	0.251709	-0.257324	201	255
[2401]	569	800	0	-2.26014	-10.57	0.2	24.8503	0.635254	-0.772461	0.0193787	201	255
[2402]	560	800	0	-2.21355	-10.5688	0.2	24.8572	-0.0188293	-0.158569	-0.987305	201	255
[2403]	563	801	0	-2.30429	-10.5241	0.2	24.8425	0.850098	0.226562	-0.47583	201	255
[2404]	569	801	0	-2.26014	-10.57	0.2	24.8503	0.635254	-0.772461	0.0193787	201	255
[2405]	558	801	0	-2.2571	-10.5537	0.2	24.8472	0.933105	0.251709	-0.257324	201	255
[2406]	569	802	0	-2.26014	-10.57	0.2	24.8503	0.635254	-0.772461	0.0193787	201	255
[2407]	563	802	0	-2.30429	-10.5241	0.2	24.8425	0.850098	0.226562	-0.47583	201	255
[2408]	568	802	0	-2.31273	-10.5519	0.2	24.8497	0.472412	-0.881348	0.0216064	201	255
[2409]	573	803	0	-2.31531	-10.5337	0.2	24.8287	-0.883789	-0.267822	0.383789	201	255
[2410]	569	803	0	-2.26014	-10.57	0.2	24.8503	0.635254	-0.772461	0.0193787	201	255
[2411]	568	803	0	-2.31273	-10.5519	0.2	24.8497	0.472412	-0.881348	0.0216064	201	255
[2412]	569	804	0	-2.26014	-10.57	0.2	24.8503	0.635254	-0.772461	0.0193787	201	255
[2413]	573	804	0	-2.31531	-10.5337	0.2	24.8287	-0.883789	-0.267822	0.383789	201	255
[2414]	572	804	0	-2.25464	-10.5701	0.2	24.8376	-0.864258	-0.487793	0.125244	201	255
[2415]	569	805	0	-2.26014	-10.57	0.2	24.8503	0.635254	-0.772461	0.0193787	201	255
[2416]	572	805	0	-2.25464	-10.5701	0.2	24.8376	-0.864258	-0.487793	0.125244	201	255
[2417]	560	805	0	-2.21355	-10.5688	0.2	24.8572	-0.0188293	-0.158569	-0.987305	201	255
[2418]	572	806	0	-2.25464	-10.5701	0.2	24.8376	-0.864258	-0.487793	0.125244	201	255
[2419]	567	806	0	-2.25028	-10.5437	0.2	24.8429	-0.118774	0.930664	-0.345215	201	255
[2420]	560	806	0	-2.21355	-10.5688	0.2	24.8572	-0.0188293	-0.158569	-0.987305	201	255
[2421]	567	807	0	-2.25028	-10.5437	0.2	24.8429	-0.118774	0.930664	-0.345215	201	255
[2422]	564	807	0	-2.2571	-10.5537	0.2	24.8472	0.933105	0.251709	-0.257324	201	255
[2423]	560	807	0	-2.21355	-10.5688	0.2	24.8572	-0.0188293	-0.158569	-0.987305	201	255
[2424]	575	808	0	-2.30125	-10.5093	0.2	24.8355	-0.212769	0.834473	-0.508301	201	255
[2425]	564	808	0	-2.2571	-10.5537	0.2	24.8472	0.933105	0.251709	-0.257324	201	255
[2426]	567	808	0	-2.25028	-10.5437	0.2	24.8429	-0.118774	0.930664	-0.345215	201	255
[2427]	564	809	0	-2.2571	-10.5537	0.2	24.8472	0.933105	0.251709	-0.257324	201	255
[2428]	575	809	0	-2.30125	-10.5093	0.2	24.8355	-0.212769	0.834473	-0.508301	201	255
[2429]	570	809	0	-2.30429	-10.5241	0.2	24.8425	0.850098	0.226562	-0.47583	201	255
[2430]	574	810	0	-2.35682	-10.4649	0.2	24.8521	0.71582	0.126221	-0.687012	201	255
[2431]	568	810	0	-2.31273	-10.5519	0.2	24.8497	0.472412	-0.881348	0.0216064	201	255
[2432]	563	810	0	-2.30429	-10.5241	0.2	24.8425	0.850098	0.226562	-0.47583	201	255
[2433]	568	811	0	-2.31273	-10.5519	0.2	24.8497	0.472412	-0.881348	0.0216064	201	255
[2434]	574	811	0	-2.35682	-10.4649	0.2	24.8521	0.71582	0.126221	-0.687012	201	255
[2435]	577	811	0	-2.38329	-10.4978	0.2	24.863	0.369141	-0.917969	0.144165	201	255
[2436]	577	812	0	-2.38329	-10.4978	0.2	24.863	0.369141	-0.917969	0.144165	201	255
[2437]	573	812	0	-2.31531	-10.5337	0.2	24.8287	-0.883789	-0.267822	0.383789	201	255
[2438]	568	812	0	-2.31273	-10.5519	0.2	24.8497	0.472412	-0.881348	0.0216064	201	255
[2439]	573	813	0	-2.31531	-10.5337	0.2	24.8287	-0.883789	-0.267822	0.383789	201	255
[2440]	577	813	0	-2.38329	-10.4978	0.2	24.863	0.369141	-0.917969	0.144165	201	255
[2441]	581	813	0	-2.38992	-10.4552	0.2	24.8336	-0.769043	-0.16394	0.617676	201	255
[2442]	583	814	0	-2.35957	-10.4255	0.2	24.8339	-0.564941	0.687988	-0.455566	201	255
[2443]	573	814	0	-2.31531	-10.5337	0.2	24.8287	-0.883789	-0.267822	0.383789	201	255
[2444]	581	814	0	-2.38992	-10.4552	0.2	24.8336	-0.769043	-0.16394	0.617676	201	255
[2445]	573	815	0	-2.31531	-10.5337	0.2	24.8287	-0.883789	-0.267822	0.383789	201	255
[2446]	583	815	0	-2.35957	-10.4255	0.2	24.8339	-0.564941	0.687988	-0.455566	201	255
[2447]	575	815	0	-2.30125	-10.5093	0.2	24.8355	-0.212769	0.834473	-0.508301	201	255
[2448]	575	816	0	-2.30125	-10.5093	0.2	24.8355	-0.212769	0.834473	-0.508301	201	255
[2449]	572	816	0	-2.25464	-10.5701	0.2	24.8376	-0.864258	-0.487793	0.125244	201	255
[2450]	573	816	0	-2.31531	-10.5337	0.2	24.8287	-0.883789	-0.267822	0.383789	201	255
[2451]	572	817	0	-2.25464	-10.5701	0.2	24.8376	-0.864258	-0.487793	0.125244	201	255
[2452]	575	817	0	-2.30125	-10.5093	0.2	24.8355	-0.212769	0.834473	-0.508301	201	255
[2453]	567	817	0	-2.25028	-10.5437	0.2	24.8429	-0.118774	0.930664	-0.345215	201	255
[2454]	578	818	0	-2.3779	-10.4106	0.2	24.8667	0.52002	0.253418	-0.815918	201	255
[2455]	577	818	0	-2.38329	-10.4978	0.2	24.863	0.369141	-0.917969	0.144165	201	255
[2456]	574	818	0	-2.35682	-10.4649	0.2	24.8521	0.71582	0.126221	-0.687012	201	255
[2457]	577	819	0	-2.38329	-10.4978	0.2	24.863	0.369141	-0.917969	0.144165	201	255
[2458]	578	819	0	-2.3779	-10.4106	0.2	24.8667	0.52002	0.253418	-0.815918	201	255
[2459]	571	819	0	-2.44715	-10.4281	0.2	24.8924	-0.211426	-0.657715	0.722656	201	255
[2460]	571	820	0	-2.44715	-10.4281	0.2	24.8924	-0.211426	-0.657715	0.722656	201	255
[2461]	581	820	0	-2.38992	-10.4552	0.2	24.8336	-0.769043	-0.16394	0.617676	201	255
[2462]	577	820	0	-2.38329	-10.4978	0.2	24.863	0.369141	-0.917969	0.144165	201	255
[2463]	581	821	0	-2.38992	-10.4552	0.2	24.8336	-0.769043	-0.16394	0.617676	201	255
[2464]	571	821	0	-2.44715	-10.4281	0.2	24.8924	-0.211426	-0.657715	0.722656	201	255
[2465]	579	821	0	-2.46026	-10.3593	0.2	24.866	-0.620605	-0.187744	0.761719	201	255
[2466]	587	822	0	-2.4158	-10.3485	0.2	24.8459	-0.821777	0.367188	0.435791	201	255
[2467]	581	822	0	-2.38992	-10.4552	0.2	24.8336	-0.769043	-0.16394	0.617676	201	255
[2468]	579	822	0	-2.46026	-10.3593	0.2	24.866	-0.620605	-0.187744	0.761719	201	255
[2469]	581	823	0	-2.38992	-10.4552	0.2	24.8336	-0.769043	-0.16394	0.617676	201	255
[2470]	587	823	0	-2.4158	-10.3485	0.2	24.8459	-0.821777	0.367188	0.435791	201	255
[2471]	583	823	0	-2.35957	-10.4255	0.2	24.8339	-0.564941	0.687988	-0.455566	201	255
[2472]	584	824	0	-2.3779	-10.4106	0.2	24.8667	0.52002	0.253418	-0.815918	201	255
[2473]	583	824	0	-2.35957	-10.4255	0.2	24.8339	-0.564941	0.687988	-0.455566	201	255
[2474]	587	824	0	-2.4158	-10.3485	0.2	24.8459	-0.821777	0.367188	0.435791	201	255
[2475]	583	825	0	-2.35957	-10.4255	0.2	24.8339	-0.564941	0.687988	-0.455566	201	255
[2476]	584	825	0	-2.3779	-10.4106	0.2	24.8667	0.52002	0.253418	-0.815918	201	255
[2477]	576	825	0	-2.35682	-10.4649	0.2	24.8521	0.713379	0.126343	-0.689453	201	255
[2478]	576	826	0	-2.35682	-10.4649	0.2	24.8521	0.713379	0.126343	-0.689453	201	255
[2479]	575	826	0	-2.30125	-10.5093	0.2	24.8355	-0.212769	0.834473	-0.508301	201	255
[2480]	583	826	0	-2.35957	-10.4255	0.2	24.8339	-0.564941	0.687988	-0.455566	201	255
[2481]	575	827	0	-2.30125	-10.5093	0.2	24.8355	-0.212769	0.834473	-0.508301	201	255
[2482]	576	827	0	-2.35682	-10.4649	0.2	24.8521	0.713379	0.126343	-0.689453	201	255
[2483]	570	827	0	-2.30429	-10.5241	0.2	24.8425	0.850098	0.226562	-0.47583	201	255
[2484]	580	828	0	-2.31571	-10.3395	0.2	24.7885	0.923828	0.203491	-0.32373	201	255
[2485]	582	828	0	-2.30724	-10.3663	0.2	24.7917	0.366699	-0.929199	-0.0409241	201	255
[2486]	586	828	0	-2.27632	-10.3589	0.2	24.7945	-0.039978	-0.185913	-0.981445	201	255
[2487]	580	829	0	-2.31571	-10.3395	0.2	24.7885	0.923828	0.203491	-0.32373	201	255
[2488]	596	829	0	-2.38126	-10.3479	0.2	24.7913	0.307617	-0.95166	0.00517273	201	255
[2489]	582	829	0	-2.30724	-10.3663	0.2	24.7917	0.366699	-0.929199	-0.0409241	201	255
[2490]	596	830	0	-2.38126	-10.3479	0.2	24.7913	0.307617	-0.95166	0.00517273	201	255
[2491]	588	830	0	-2.30464	-10.3534	0.2	24.777	-0.993652	-0.113586	0.0121155	201	255
[2492]	582	830	0	-2.30724	-10.3663	0.2	24.7917	0.366699	-0.929199	-0.0409241	201	255
[2493]	582	831	0	-2.30724	-10.3663	0.2	24.7917	0.366699	-0.929199	-0.0409241	201	255
[2494]	588	831	0	-2.30464	-10.3534	0.2	24.777	-0.993652	-0.113586	0.0121155	201	255
[2495]	586	831	0	-2.27632	-10.3589	0.2	24.7945	-0.039978	-0.185913	-0.981445	201	255
[2496]	588	832	0	-2.30464	-10.3534	0.2	24.777	-0.993652	-0.113586	0.0121155	201	255
[2497]	591	832	0	-2.31177	-10.3281	0.2	24.7831	-0.00338745	0.935059	-0.354004	201	255
[2498]	586	832	0	-2.27632	-10.3589	0.2	24.7945	-0.039978	-0.185913	-0.981445	201	255
[2499]	591	833	0	-2.31177	-10.3281	0.2	24.7831	-0.00338745	0.935059	-0.354004	201	255
[2500]	585	833	0	-2.31571	-10.3395	0.2	24.7885	0.923828	0.203491	-0.32373	201	255
[2501]	586	833	0	-2.27632	-10.3589	0.2	24.7945	-0.039978	-0.185913	-0.981445	201	255
[2502]	591	834	0	-2.31177	-10.3281	0.2	24.7831	-0.00338745	0.935059	-0.354004	201	255
[2503]	595	834	0	-2.37683	-10.3142	0.2	24.789	0.864258	0.127686	-0.48584	201	255
[2504]	585	834	0	-2.31571	-10.3395	0.2	24.7885	0.923828	0.203491	-0.32373	201	255
[2505]	595	835	0	-2.37683	-10.3142	0.2	24.789	0.864258	0.127686	-0.48584	201	255
[2506]	591	835	0	-2.31177	-10.3281	0.2	24.7831	-0.00338745	0.935059	-0.354004	201	255
[2507]	589	835	0	-2.37964	-10.2897	0.2	24.7797	-0.0740967	0.908691	-0.411133	201	255
[2508]	589	836	0	-2.37964	-10.2897	0.2	24.7797	-0.0740967	0.908691	-0.411133	201	255
[2509]	598	836	0	-2.42876	-10.2718	0.2	24.8067	0.806152	0.00624847	-0.591797	201	255
[2510]	595	836	0	-2.37683	-10.3142	0.2	24.789	0.864258	0.127686	-0.48584	201	255
[2511]	596	837	0	-2.38126	-10.3479	0.2	24.7913	0.307617	-0.95166	0.00517273	201	255
[2512]	580	837	0	-2.31571	-10.3395	0.2	24.7885	0.923828	0.203491	-0.32373	201	255
[2513]	590	837	0	-2.37683	-10.3142	0.2	24.789	0.865234	0.129883	-0.484375	201	255
[2514]	592	838	0	-2.42876	-10.2718	0.2	24.8067	0.806152	0.00624847	-0.591797	201	255
[2515]	596	838	0	-2.38126	-10.3479	0.2	24.7913	0.307617	-0.95166	0.00517273	201	255
[2516]	590	838	0	-2.37683	-10.3142	0.2	24.789	0.865234	0.129883	-0.484375	201	255
[2517]	596	839	0	-2.38126	-10.3479	0.2	24.7913	0.307617	-0.95166	0.00517273	201	255
[2518]	592	839	0	-2.42876	-10.2718	0.2	24.8067	0.806152	0.00624847	-0.591797	201	255
[2519]	597	839	0	-2.45449	-10.3053	0.2	24.8037	0.19751	-0.948242	0.248779	201	255
[2520]	597	840	0	-2.45449	-10.3053	0.2	24.8037	0.19751	-0.948242	0.248779	201	255
[2521]	594	840	0	-2.38454	-10.3203	0.2	24.766	-0.931641	-0.0330505	0.361816	201	255
[2522]	596	840	0	-2.38126	-10.3479	0.2	24.7913	0.307617	-0.95166	0.00517273	201	255
[2523]	588	841	0	-2.30464	-10.3534	0.2	24.777	-0.993652	-0.113586	0.0121155	201	255
[2524]	596	841	0	-2.38126	-10.3479	0.2	24.7913	0.307617	-0.95166	0.00517273	201	255
[2525]	594	841	0	-2.38454	-10.3203	0.2	24.766	-0.931641	-0.0330505	0.361816	201	255
[2526]	594	842	0	-2.38454	-10.3203	0.2	24.766	-0.931641	-0.0330505	0.361816	201	255
[2527]	591	842	0	-2.31177	-10.3281	0.2	24.7831	-0.00338745	0.935059	-0.354004	201	255
[2528]	588	842	0	-2.30464	-10.3534	0.2	24.777	-0.993652	-0.113586	0.0121155	201	255
[2529]	591	843	0	-2.31177	-10.3281	0.2	24.7831	-0.00338745	0.935059	-0.354004	201	255
[2530]	594	843	0	-2.38454	-10.3203	0.2	24.766	-0.931641	-0.0330505	0.361816	201	255
[2531]	589	843	0	-2.37964	-10.2897	0.2	24.7797	-0.0740967	0.908691	-0.411133	201	255
[2532]	600	844	0	-2.46438	-10.2609	0.2	24.7818	-0.796387	-0.0877686	0.598633	201	255
[2533]	589	844	0	-2.37964	-10.2897	0.2	24.7797	-0.0740967	0.908691	-0.411133	201	255
[2534]	594	844	0	-2.38454	-10.3203	0.2	24.766	-0.931641	-0.0330505	0.361816	201	255
[2535]	589	845	0	-2.37964	-10.2897	0.2	24.7797	-0.0740967	0.908691	-0.411133	201	255
[2536]	600	845	0	-2.46438	-10.2609	0.2	24.7818	-0.796387	-0.0877686	0.598633	201	255
[2537]	604	845	0	-2.45019	-10.2091	0.2	24.7855	-0.591309	0.766113	-0.252686	201	255
[2538]	598	846	0	-2.42876	-10.2718	0.2	24.8067	0.806152	0.00624847	-0.591797	201	255
[2539]	589	846	0	-2.37964	-10.2897	0.2	24.7797	-0.0740967	0.908691	-0.411133	201	255
[2540]	604	846	0	-2.45019	-10.2091	0.2	24.7855	-0.591309	0.766113	-0.252686	201	255
[2541]	604	847	0	-2.45019	-10.2091	0.2	24.7855	-0.591309	0.766113	-0.252686	201	255
[2542]	603	847	0	-2.45465	-10.2109	0.2	24.8194	0.465576	0.290771	-0.835938	201	255
[2543]	598	847	0	-2.42876	-10.2718	0.2	24.8067	0.806152	0.00624847	-0.591797	201	255
[2544]	603	848	0	-2.45465	-10.2109	0.2	24.8194	0.465576	0.290771	-0.835938	201	255
[2545]	604	848	0	-2.45019	-10.2091	0.2	24.7855	-0.591309	0.766113	-0.252686	201	255
[2546]	602	848	0	-2.49192	-10.1597	0.2	24.8042	-0.750488	0.540039	0.381348	201	255
[2547]	599	849	0	-2.45465	-10.2109	0.2	24.8194	0.465576	0.290771	-0.835938	201	255
[2548]	597	849	0	-2.45449	-10.3053	0.2	24.8037	0.19751	-0.948242	0.248779	201	255
[2549]	592	849	0	-2.42876	-10.2718	0.2	24.8067	0.806152	0.00624847	-0.591797	201	255
[2550]	597	850	0	-2.45449	-10.3053	0.2	24.8037	0.19751	-0.948242	0.248779	201	255
[2551]	599	850	0	-2.45465	-10.2109	0.2	24.8194	0.465576	0.290771	-0.835938	201	255
[2552]	593	850	0	-2.51551	-10.2585	0.2	24.8356	-0.269043	-0.725586	0.633301	201	255
[2553]	593	851	0	-2.51551	-10.2585	0.2	24.8356	-0.269043	-0.725586	0.633301	201	255
[2554]	600	851	0	-2.46438	-10.2609	0.2	24.7818	-0.796387	-0.0877686	0.598633	201	255
[2555]	597	851	0	-2.45449	-10.3053	0.2	24.8037	0.19751	-0.948242	0.248779	201	255
[2556]	594	852	0	-2.38454	-10.3203	0.2	24.766	-0.931641	-0.0330505	0.361816	201	255
[2557]	597	852	0	-2.45449	-10.3053	0.2	24.8037	0.19751	-0.948242	0.248779	201	255
[2558]	600	852	0	-2.46438	-10.2609	0.2	24.7818	-0.796387	-0.0877686	0.598633	201	255
[2559]	600	853	0	-2.46438	-10.2609	0.2	24.7818	-0.796387	-0.0877686	0.598633	201	255
[2560]	593	853	0	-2.51551	-10.2585	0.2	24.8356	-0.269043	-0.725586	0.633301	201	255
[2561]	601	853	0	-2.53294	-10.1958	0.2	24.8177	-0.686035	-0.078125	0.723145	201	255
[2562]	602	854	0	-2.49192	-10.1597	0.2	24.8042	-0.750488	0.540039	0.381348	201	255
[2563]	600	854	0	-2.46438	-10.2609	0.2	24.7818	-0.796387	-0.0877686	0.598633	201	255
[2564]	601	854	0	-2.53294	-10.1958	0.2	24.8177	-0.686035	-0.078125	0.723145	201	255
[2565]	600	855	0	-2.46438	-10.2609	0.2	24.7818	-0.796387	-0.0877686	0.598633	201	255
[2566]	602	855	0	-2.49192	-10.1597	0.2	24.8042	-0.750488	0.540039	0.381348	201	255
[2567]	604	855	0	-2.45019	-10.2091	0.2	24.7855	-0.591309	0.766113	-0.252686	201	255
[2568]	607	856	0	-2.28641	-9.9781	0.2	24.7062	0.990723	-0.0720825	-0.114868	201	255
[2569]	609	856	0	-2.29067	-9.99596	0.2	24.7045	0.0921631	-0.97998	-0.17627	201	255
[2570]	608	856	0	-2.2405	-9.97167	0.2	24.7171	0.00549316	0.0209351	-0.999512	201	255
[2571]	605	857	0	-2.34456	-9.98104	0.2	24.6981	0.94873	-0.09552	-0.300537	201	255
[2572]	609	857	0	-2.29067	-9.99596	0.2	24.7045	0.0921631	-0.97998	-0.17627	201	255
[2573]	607	857	0	-2.28641	-9.9781	0.2	24.7062	0.990723	-0.0720825	-0.114868	201	255
[2574]	609	858	0	-2.29067	-9.99596	0.2	24.7045	0.0921631	-0.97998	-0.17627	201	255
[2575]	605	858	0	-2.34456	-9.98104	0.2	24.6981	0.94873	-0.09552	-0.300537	201	255
[2576]	611	858	0	-2.35069	-10.0128	0.2	24.6966	-0.0487061	-0.992188	-0.115112	201	255
[2577]	611	859	0	-2.35069	-10.0128	0.2	24.6966	-0.0487061	-0.992188	-0.115112	201	255
[2578]	613	859	0	-2.28678	-9.98103	0.2	24.6976	-1	-0.0144653	0.0038662	201	255
[2579]	609	859	0	-2.29067	-9.99596	0.2	24.7045	0.0921631	-0.97998	-0.17627	201	255
[2580]	609	860	0	-2.29067	-9.99596	0.2	24.7045	0.0921631	-0.97998	-0.17627	201	255
[2581]	613	860	0	-2.28678	-9.98103	0.2	24.6976	-1	-0.0144653	0.0038662	201	255
[2582]	608	860	0	-2.2405	-9.97167	0.2	24.7171	0.00549316	0.0209351	-0.999512	201	255
[2583]	613	861	0	-2.28678	-9.98103	0.2	24.6976	-1	-0.0144653	0.0038662	201	255
[2584]	606	861	0	-2.27878	-9.96075	0.2	24.7046	0.13916	0.975098	-0.17395	201	255
[2585]	608	861	0	-2.2405	-9.97167	0.2	24.7171	0.00549316	0.0209351	-0.999512	201	255
[2586]	606	862	0	-2.27878	-9.96075	0.2	24.7046	0.13916	0.975098	-0.17395	201	255
[2587]	610	862	0	-2.28641	-9.9781	0.2	24.7062	0.990723	-0.0720825	-0.114868	201	255
[2588]	608	862	0	-2.2405	-9.97167	0.2	24.7171	0.00549316	0.0209351	-0.999512	201	255
[2589]	617	863	0	-2.3352	-9.95517	0.2	24.6933	0.059906	0.990234	-0.125	201	255
[2590]	610	863	0	-2.28641	-9.9781	0.2	24.7062	0.990723	-0.0720825	-0.114868	201	255
[2591]	606	863	0	-2.27878	-9.96075	0.2	24.7046	0.13916	0.975098	-0.17395	201	255
[2592]	610	864	0	-2.28641	-9.9781	0.2	24.7062	0.990723	-0.0720825	-0.114868	201	255
[2593]	617	864	0	-2.3352	-9.95517	0.2	24.6933	0.059906	0.990234	-0.125	201	255
[2594]	612	864	0	-2.34456	-9.98104	0.2	24.6981	0.94873	-0.09552	-0.300537	201	255
[2595]	617	865	0	-2.3352	-9.95517	0.2	24.6933	0.059906	0.990234	-0.125	201	255
[2596]	618	865	0	-2.38564	-9.97191	0.2	24.7043	0.759277	-0.235962	-0.606445	201	255
[2597]	612	865	0	-2.34456	-9.98104	0.2	24.6981	0.94873	-0.09552	-0.300537	201	255
[2598]	615	866	0	-2.38564	-9.97191	0.2	24.7043	0.759277	-0.235962	-0.606445	201	255
[2599]	611	866	0	-2.35069	-10.0128	0.2	24.6966	-0.0487061	-0.992188	-0.115112	201	255
[2600]	605	866	0	-2.34456	-9.98104	0.2	24.6981	0.94873	-0.09552	-0.300537	201	255
[2601]	611	867	0	-2.35069	-10.0128	0.2	24.6966	-0.0487061	-0.992188	-0.115112	201	255
[2602]	615	867	0	-2.38564	-9.97191	0.2	24.7043	0.759277	-0.235962	-0.606445	201	255
[2603]	619	867	0	-2.40817	-10.0113	0.2	24.7008	-0.279541	-0.958984	0.0501099	201	255
[2604]	619	868	0	-2.40817	-10.0113	0.2	24.7008	-0.279541	-0.958984	0.0501099	201	255
[2605]	616	868	0	-2.35262	-9.9835	0.2	24.6857	-0.96582	0.0897827	0.244141	201	255
[2606]	611	868	0	-2.35069	-10.0128	0.2	24.6966	-0.0487061	-0.992188	-0.115112	201	255
[2607]	613	869	0	-2.28678	-9.98103	0.2	24.6976	-1	-0.0144653	0.0038662	201	255
[2608]	611	869	0	-2.35069	-10.0128	0.2	24.6966	-0.0487061	-0.992188	-0.115112	201	255
[2609]	616	869	0	-2.35262	-9.9835	0.2	24.6857	-0.96582	0.0897827	0.244141	201	255
[2610]	617	870	0	-2.3352	-9.95517	0.2	24.6933	0.059906	0.990234	-0.125	201	255
[2611]	613	870	0	-2.28678	-9.98103	0.2	24.6976	-1	-0.0144653	0.0038662	201	255
[2612]	616	870	0	-2.35262	-9.9835	0.2	24.6857	-0.96582	0.0897827	0.244141	201	255
[2613]	613	871	0	-2.28678	-9.98103	0.2	24.6976	-1	-0.0144653	0.0038662	201	255
[2614]	617	871	0	-2.3352	-9.95517	0.2	24.6933	0.059906	0.990234	-0.125	201	255
[2615]	606	871	0	-2.27878	-9.96075	0.2	24.7046	0.13916	0.975098	-0.17395	201	255
[2616]	620	872	0	-2.39307	-9.96036	0.2	24.7183	0.48291	-0.0861816	-0.871582	201	255
[2617]	619	872	0	-2.40817	-10.0113	0.2	24.7008	-0.279541	-0.958984	0.0501099	201	255
[2618]	615	872	0	-2.38564	-9.97191	0.2	24.7043	0.759277	-0.235962	-0.606445	201	255
[2619]	619	873	0	-2.40817	-10.0113	0.2	24.7008	-0.279541	-0.958984	0.0501099	201	255
[2620]	620	873	0	-2.39307	-9.96036	0.2	24.7183	0.48291	-0.0861816	-0.871582	201	255
[2621]	614	873	0	-2.45603	-10.005	0.2	24.7171	-0.730469	-0.426025	0.53418	201	255
[2622]	614	874	0	-2.45603	-10.005	0.2	24.7171	-0.730469	-0.426025	0.53418	201	255
[2623]	417	874	0	-2.41987	-9.95979	0.2	24.6896	-0.884277	0.222168	0.410889	201	255
[2624]	619	874	0	-2.40817	-10.0113	0.2	24.7008	-0.279541	-0.958984	0.0501099	201	255
[2625]	616	875	0	-2.35262	-9.9835	0.2	24.6857	-0.96582	0.0897827	0.244141	201	255
[2626]	619	875	0	-2.40817	-10.0113	0.2	24.7008	-0.279541	-0.958984	0.0501099	201	255
[2627]	417	875	0	-2.41987	-9.95979	0.2	24.6896	-0.884277	0.222168	0.410889	201	255
[2628]	419	876	0	-2.39523	-9.93327	0.2	24.7007	-0.168945	0.895996	-0.410645	201	255
[2629]	616	876	0	-2.35262	-9.9835	0.2	24.6857	-0.96582	0.0897827	0.244141	201	255
[2630]	417	876	0	-2.41987	-9.95979	0.2	24.6896	-0.884277	0.222168	0.410889	201	255
[2631]	616	877	0	-2.35262	-9.9835	0.2	24.6857	-0.96582	0.0897827	0.244141	201	255
[2632]	419	877	0	-2.39523	-9.93327	0.2	24.7007	-0.168945	0.895996	-0.410645	201	255
[2633]	617	877	0	-2.3352	-9.95517	0.2	24.6933	0.059906	0.990234	-0.125	201	255
[2634]	618	878	0	-2.38564	-9.97191	0.2	24.7043	0.759277	-0.235962	-0.606445	201	255
[2635]	617	878	0	-2.3352	-9.95517	0.2	24.6933	0.059906	0.990234	-0.125	201	255
[2636]	419	878	0	-2.39523	-9.93327	0.2	24.7007	-0.168945	0.895996	-0.410645	201	255
[2637]	419	879	0	-2.39523	-9.93327	0.2	24.7007	-0.168945	0.895996	-0.410645	201	255
[2638]	424	879	0	-2.39307	-9.96036	0.2	24.7183	0.48291	-0.0861816	-0.871582	201	255
[2639]	618	879	0	-2.38564	-9.97191	0.2	24.7043	0.759277	-0.235962	-0.606445	201	255
[2640]	424	880	0	-2.39307	-9.96036	0.2	24.7183	0.48291	-0.0861816	-0.871582	201	255
[2641]	419	880	0	-2.39523	-9.93327	0.2	24.7007	-0.168945	0.895996	-0.410645	201	255
[2642]	416	880	0	-2.4371	-9.8982	0.2	24.7131	-0.657715	0.732422	0.174683	201	255
[2643]	417	881	0	-2.41987	-9.95979	0.2	24.6896	-0.884277	0.222168	0.410889	201	255
[2644]	416	881	0	-2.4371	-9.8982	0.2	24.7131	-0.657715	0.732422	0.174683	201	255
[2645]	419	881	0	-2.39523	-9.93327	0.2	24.7007	-0.168945	0.895996	-0.410645	201	255
[2646]	416	882	0	-2.4371	-9.8982	0.2	24.7131	-0.657715	0.732422	0.174683	201	255
[2647]	417	882	0	-2.41987	-9.95979	0.2	24.6896	-0.884277	0.222168	0.410889	201	255
[2648]	423	882	0	-2.48313	-9.92502	0.2	24.709	-0.838379	0.200806	0.506836	201	255
[2649]	417	883	0	-2.41987	-9.95979	0.2	24.6896	-0.884277	0.222168	0.410889	201	255
[2650]	614	883	0	-2.45603	-10.005	0.2	24.7171	-0.730469	-0.426025	0.53418	201	255
[2651]	423	883	0	-2.48313	-9.92502	0.2	24.709	-0.838379	0.200806	0.506836	201	255
[2652]	418	884	0	-2.50616	-10.5945	0.2	24.8003	0.729004	0.352295	-0.587402	201	255
[2653]	426	884	0	-2.5101	-10.6099	0.2	24.8052	0.628906	-0.72168	-0.289307	201	255
[2654]	420	884	0	-2.46072	-10.6132	0.2	24.7936	-0.267578	-0.161987	-0.950195	201	255
[2655]	427	885	0	-2.55635	-10.5661	0.2	24.8273	0.593262	0.116455	-0.796387	201	255
[2656]	426	885	0	-2.5101	-10.6099	0.2	24.8052	0.628906	-0.72168	-0.289307	201	255
[2657]	418	885	0	-2.50616	-10.5945	0.2	24.8003	0.729004	0.352295	-0.587402	201	255
[2658]	426	886	0	-2.5101	-10.6099	0.2	24.8052	0.628906	-0.72168	-0.289307	201	255
[2659]	427	886	0	-2.55635	-10.5661	0.2	24.8273	0.593262	0.116455	-0.796387	201	255
[2660]	428	886	0	-2.56378	-10.5908	0.2	24.8325	0.413818	-0.905273	-0.0953979	201	255
[2661]	432	887	0	-2.56408	-10.5795	0.2	24.8004	-0.688965	-0.331299	0.64502	201	255
[2662]	426	887	0	-2.5101	-10.6099	0.2	24.8052	0.628906	-0.72168	-0.289307	201	255
[2663]	428	887	0	-2.56378	-10.5908	0.2	24.8325	0.413818	-0.905273	-0.0953979	201	255
[2664]	426	888	0	-2.5101	-10.6099	0.2	24.8052	0.628906	-0.72168	-0.289307	201	255
[2665]	432	888	0	-2.56408	-10.5795	0.2	24.8004	-0.688965	-0.331299	0.64502	201	255
[2666]	421	888	0	-2.50467	-10.6194	0.2	24.7861	-0.666992	-0.668945	0.327881	201	255
[2667]	426	889	0	-2.5101	-10.6099	0.2	24.8052	0.628906	-0.72168	-0.289307	201	255
[2668]	421	889	0	-2.50467	-10.6194	0.2	24.7861	-0.666992	-0.668945	0.327881	201	255
[2669]	420	889	0	-2.46072	-10.6132	0.2	24.7936	-0.267578	-0.161987	-0.950195	201	255
[2670]	421	890	0	-2.50467	-10.6194	0.2	24.7861	-0.666992	-0.668945	0.327881	201	255
[2671]	425	890	0	-2.49819	-10.579	0.2	24.7854	-0.439453	0.877441	-0.192139	201	255
[2672]	420	890	0	-2.46072	-10.6132	0.2	24.7936	-0.267578	-0.161987	-0.950195	201	255
[2673]	425	891	0	-2.49819	-10.579	0.2	24.7854	-0.439453	0.877441	-0.192139	201	255
[2674]	422	891	0	-2.50616	-10.5945	0.2	24.8003	0.729004	0.352295	-0.587402	201	255
[2675]	420	891	0	-2.46072	-10.6132	0.2	24.7936	-0.267578	-0.161987	-0.950195	201	255
[2676]	431	892	0	-2.54783	-10.5405	0.2	24.8017	-0.416504	0.875977	-0.243774	201	255
[2677]	422	892	0	-2.50616	-10.5945	0.2	24.8003	0.729004	0.352295	-0.587402	201	255
[2678]	425	892	0	-2.49819	-10.579	0.2	24.7854	-0.439453	0.877441	-0.192139	201	255
[2679]	422	893	0	-2.50616	-10.5945	0.2	24.8003	0.729004	0.352295	-0.587402	201	255
[2680]	431	893	0	-2.54783	-10.5405	0.2	24.8017	-0.416504	0.875977	-0.243774	201	255
[2681]	433	893	0	-2.55635	-10.5661	0.2	24.8273	0.593262	0.116455	-0.796387	201	255
[2682]	429	894	0	-2.59047	-10.5112	0.2	24.8569	0.462891	-0.0546265	-0.884766	201	255
[2683]	428	894	0	-2.56378	-10.5908	0.2	24.8325	0.413818	-0.905273	-0.0953979	201	255
[2684]	427	894	0	-2.55635	-10.5661	0.2	24.8273	0.593262	0.116455	-0.796387	201	255
[2685]	428	895	0	-2.56378	-10.5908	0.2	24.8325	0.413818	-0.905273	-0.0953979	201	255
[2686]	429	895	0	-2.59047	-10.5112	0.2	24.8569	0.462891	-0.0546265	-0.884766	201	255
[2687]	434	895	0	-2.6165	-10.5339	0.2	24.8693	0.405273	-0.898438	-0.168823	201	255
[2688]	434	896	0	-2.6165	-10.5339	0.2	24.8693	0.405273	-0.898438	-0.168823	201	255
[2689]	432	896	0	-2.56408	-10.5795	0.2	24.8004	-0.688965	-0.331299	0.64502	201	255
[2690]	428	896	0	-2.56378	-10.5908	0.2	24.8325	0.413818	-0.905273	-0.0953979	201	255
[2691]	432	897	0	-2.56408	-10.5795	0.2	24.8004	-0.688965	-0.331299	0.64502	201	255
[2692]	434	897	0	-2.6165	-10.5339	0.2	24.8693	0.405273	-0.898438	-0.168823	201	255
[2693]	639	897	0	-2.64293	-10.5274	0.2	24.8298	-0.514648	-0.359375	0.777832	201	255
[2694]	627	898	0	-2.5953	-10.4613	0.2	24.8365	-0.533203	0.728027	-0.431396	201	255
[2695]	432	898	0	-2.56408	-10.5795	0.2	24.8004	-0.688965	-0.331299	0.64502	201	255
[2696]	639	898	0	-2.64293	-10.5274	0.2	24.8298	-0.514648	-0.359375	0.777832	201	255
[2697]	432	899	0	-2.56408	-10.5795	0.2	24.8004	-0.688965	-0.331299	0.64502	201	255
[2698]	627	899	0	-2.5953	-10.4613	0.2	24.8365	-0.533203	0.728027	-0.431396	201	255
[2699]	431	899	0	-2.54783	-10.5405	0.2	24.8017	-0.416504	0.875977	-0.243774	201	255
[2700]	431	900	0	-2.54783	-10.5405	0.2	24.8017	-0.416504	0.875977	-0.243774	201	255
[2701]	421	900	0	-2.50467	-10.6194	0.2	24.7861	-0.666992	-0.668945	0.327881	201	255
[2702]	432	900	0	-2.56408	-10.5795	0.2	24.8004	-0.688965	-0.331299	0.64502	201	255
[2703]	421	901	0	-2.50467	-10.6194	0.2	24.7861	-0.666992	-0.668945	0.327881	201	255
[2704]	431	901	0	-2.54783	-10.5405	0.2	24.8017	-0.416504	0.875977	-0.243774	201	255
[2705]	425	901	0	-2.49819	-10.579	0.2	24.7854	-0.439453	0.877441	-0.192139	201	255
[2706]	621	902	0	-2.60756	-10.4549	0.2	24.8901	0.335938	-0.0581665	-0.939941	201	255
[2707]	434	902	0	-2.6165	-10.5339	0.2	24.8693	0.405273	-0.898438	-0.168823	201	255
[2708]	429	902	0	-2.59047	-10.5112	0.2	24.8569	0.462891	-0.0546265	-0.884766	201	255
[2709]	434	903	0	-2.6165	-10.5339	0.2	24.8693	0.405273	-0.898438	-0.168823	201	255
[2710]	621	903	0	-2.60756	-10.4549	0.2	24.8901	0.335938	-0.0581665	-0.939941	201	255
[2711]	430	903	0	-2.6733	-10.4701	0.2	24.9296	0.269287	-0.759766	0.591797	201	255
[2712]	430	904	0	-2.6733	-10.4701	0.2	24.9296	0.269287	-0.759766	0.591797	201	255
[2713]	639	904	0	-2.64293	-10.5274	0.2	24.8298	-0.514648	-0.359375	0.777832	201	255
[2714]	434	904	0	-2.6165	-10.5339	0.2	24.8693	0.405273	-0.898438	-0.168823	201	255
[2715]	639	905	0	-2.64293	-10.5274	0.2	24.8298	-0.514648	-0.359375	0.777832	201	255
[2716]	430	905	0	-2.6733	-10.4701	0.2	24.9296	0.269287	-0.759766	0.591797	201	255
[2717]	624	905	0	-2.68208	-10.4093	0.2	24.8913	-0.273682	0.0162964	0.961426	201	255
[2718]	634	906	0	-2.64023	-10.3633	0.2	24.8656	-0.651855	0.679199	0.337158	201	255
[2719]	639	906	0	-2.64293	-10.5274	0.2	24.8298	-0.514648	-0.359375	0.777832	201	255
[2720]	624	906	0	-2.68208	-10.4093	0.2	24.8913	-0.273682	0.0162964	0.961426	201	255
[2721]	639	907	0	-2.64293	-10.5274	0.2	24.8298	-0.514648	-0.359375	0.777832	201	255
[2722]	634	907	0	-2.64023	-10.3633	0.2	24.8656	-0.651855	0.679199	0.337158	201	255
[2723]	627	907	0	-2.5953	-10.4613	0.2	24.8365	-0.533203	0.728027	-0.431396	201	255
[2724]	626	908	0	-2.60756	-10.4549	0.2	24.8901	0.335938	-0.0581665	-0.939941	201	255
[2725]	627	908	0	-2.5953	-10.4613	0.2	24.8365	-0.533203	0.728027	-0.431396	201	255
[2726]	634	908	0	-2.64023	-10.3633	0.2	24.8656	-0.651855	0.679199	0.337158	201	255
[2727]	627	909	0	-2.5953	-10.4613	0.2	24.8365	-0.533203	0.728027	-0.431396	201	255
[2728]	626	909	0	-2.60756	-10.4549	0.2	24.8901	0.335938	-0.0581665	-0.939941	201	255
[2729]	435	909	0	-2.59047	-10.5112	0.2	24.8569	0.462891	-0.0546265	-0.884766	201	255
[2730]	435	910	0	-2.59047	-10.5112	0.2	24.8569	0.462891	-0.0546265	-0.884766	201	255
[2731]	431	910	0	-2.54783	-10.5405	0.2	24.8017	-0.416504	0.875977	-0.243774	201	255
[2732]	627	910	0	-2.5953	-10.4613	0.2	24.8365	-0.533203	0.728027	-0.431396	201	255
[2733]	431	911	0	-2.54783	-10.5405	0.2	24.8017	-0.416504	0.875977	-0.243774	201	255
[2734]	435	911	0	-2.59047	-10.5112	0.2	24.8569	0.462891	-0.0546265	-0.884766	201	255
[2735]	433	911	0	-2.55635	-10.5661	0.2	24.8273	0.593262	0.116455	-0.796387	201	255
[2736]	648	912	0	-2.43422	-10.8381	0.2	25.0019	0.62207	0.584473	-0.520508	201	255
[2737]	655	912	0	-2.4396	-10.8501	0.2	25.0109	0.706543	-0.662109	-0.249268	201	255
[2738]	646	912	0	-2.3914	-10.8651	0.2	25.0093	-0.0545044	-0.308838	-0.949219	201	255
[2739]	653	913	0	-2.47152	-10.7956	0.2	25.0061	0.53418	0.443604	-0.719727	201	255
[2740]	655	913	0	-2.4396	-10.8501	0.2	25.0109	0.706543	-0.662109	-0.249268	201	255
[2741]	648	913	0	-2.43422	-10.8381	0.2	25.0019	0.62207	0.584473	-0.520508	201	255
[2742]	655	914	0	-2.4396	-10.8501	0.2	25.0109	0.706543	-0.662109	-0.249268	201	255
[2743]	653	914	0	-2.47152	-10.7956	0.2	25.0061	0.53418	0.443604	-0.719727	201	255
[2744]	654	914	0	-2.48867	-10.8224	0.2	25.0226	0.625	-0.774902	-0.0974121	201	255
[2745]	654	915	0	-2.48867	-10.8224	0.2	25.0226	0.625	-0.774902	-0.0974121	201	255
[2746]	649	915	0	-2.43666	-10.8491	0.2	24.9824	-0.900391	-0.414551	0.130249	201	255
[2747]	655	915	0	-2.4396	-10.8501	0.2	25.0109	0.706543	-0.662109	-0.249268	201	255
[2748]	655	916	0	-2.4396	-10.8501	0.2	25.0109	0.706543	-0.662109	-0.249268	201	255
[2749]	649	916	0	-2.43666	-10.8491	0.2	24.9824	-0.900391	-0.414551	0.130249	201	255
[2750]	646	916	0	-2.3914	-10.8651	0.2	25.0093	-0.0545044	-0.308838	-0.949219	201	255
[2751]	649	917	0	-2.43666	-10.8491	0.2	24.9824	-0.900391	-0.414551	0.130249	201	255
[2752]	651	917	0	-2.43049	-10.8299	0.2	24.9908	-0.313477	0.797852	-0.514648	201	255
[2753]	646	917	0	-2.3914	-10.8651	0.2	25.0093	-0.0545044	-0.308838	-0.949219	201	255
[2754]	651	918	0	-2.43049	-10.8299	0.2	24.9908	-0.313477	0.797852	-0.514648	201	255
[2755]	660	918	0	-2.43422	-10.8381	0.2	25.0019	0.619629	0.584473	-0.523438	201	255
[2756]	646	918	0	-2.3914	-10.8651	0.2	25.0093	-0.0545044	-0.308838	-0.949219	201	255
[2757]	651	919	0	-2.43049	-10.8299	0.2	24.9908	-0.313477	0.797852	-0.514648	201	255
[2758]	659	919	0	-2.47152	-10.7956	0.2	25.0061	0.53418	0.443604	-0.719727	201	255
[2759]	660	919	0	-2.43422	-10.8381	0.2	25.0019	0.619629	0.584473	-0.523438	201	255
[2760]	659	920	0	-2.47152	-10.7956	0.2	25.0061	0.53418	0.443604	-0.719727	201	255
[2761]	651	920	0	-2.43049	-10.8299	0.2	24.9908	-0.313477	0.797852	-0.514648	201	255
[2762]	657	920	0	-2.46744	-10.7857	0.2	24.9826	-0.569336	0.71875	-0.399414	201	255
[2763]	657	921	0	-2.46744	-10.7857	0.2	24.9826	-0.569336	0.71875	-0.399414	201	255
[2764]	669	921	0	-2.49883	-10.748	0.2	25.0162	0.294678	0.145996	-0.944336	201	255
[2765]	659	921	0	-2.47152	-10.7956	0.2	25.0061	0.53418	0.443604	-0.719727	201	255
[2766]	661	922	0	-2.49883	-10.748	0.2	25.0162	0.294678	0.145996	-0.944336	201	255
[2767]	654	922	0	-2.48867	-10.8224	0.2	25.0226	0.625	-0.774902	-0.0974121	201	255
[2768]	653	922	0	-2.47152	-10.7956	0.2	25.0061	0.53418	0.443604	-0.719727	201	255
[2769]	654	923	0	-2.48867	-10.8224	0.2	25.0226	0.625	-0.774902	-0.0974121	201	255
[2770]	661	923	0	-2.49883	-10.748	0.2	25.0162	0.294678	0.145996	-0.944336	201	255
[2771]	663	923	0	-2.52806	-10.7768	0.2	25.0378	0.518555	-0.849609	0.0941162	201	255
[2772]	663	924	0	-2.52806	-10.7768	0.2	25.0378	0.518555	-0.849609	0.0941162	201	255
[2773]	656	924	0	-2.48887	-10.8113	0.2	24.9772	-0.751465	-0.365479	0.549316	201	255
[2774]	654	924	0	-2.48867	-10.8224	0.2	25.0226	0.625	-0.774902	-0.0974121	201	255
[2775]	649	925	0	-2.43666	-10.8491	0.2	24.9824	-0.900391	-0.414551	0.130249	201	255
[2776]	654	925	0	-2.48867	-10.8224	0.2	25.0226	0.625	-0.774902	-0.0974121	201	255
[2777]	656	925	0	-2.48887	-10.8113	0.2	24.9772	-0.751465	-0.365479	0.549316	201	255
[2778]	657	926	0	-2.46744	-10.7857	0.2	24.9826	-0.569336	0.71875	-0.399414	201	255
[2779]	649	926	0	-2.43666	-10.8491	0.2	24.9824	-0.900391	-0.414551	0.130249	201	255
[2780]	656	926	0	-2.48887	-10.8113	0.2	24.9772	-0.751465	-0.365479	0.549316	201	255
[2781]	649	927	0	-2.43666	-10.8491	0.2	24.9824	-0.900391	-0.414551	0.130249	201	255
[2782]	657	927	0	-2.46744	-10.7857	0.2	24.9826	-0.569336	0.71875	-0.399414	201	255
[2783]	651	927	0	-2.43049	-10.8299	0.2	24.9908	-0.313477	0.797852	-0.514648	201	255
[2784]	662	928	0	-2.50211	-10.7194	0.2	25.0349	0.251953	-0.0292969	-0.967285	201	255
[2785]	663	928	0	-2.52806	-10.7768	0.2	25.0378	0.518555	-0.849609	0.0941162	201	255
[2786]	661	928	0	-2.49883	-10.748	0.2	25.0162	0.294678	0.145996	-0.944336	201	255
[2787]	663	929	0	-2.52806	-10.7768	0.2	25.0378	0.518555	-0.849609	0.0941162	201	255
[2788]	662	929	0	-2.50211	-10.7194	0.2	25.0349	0.251953	-0.0292969	-0.967285	201	255
[2789]	658	929	0	-2.56429	-10.718	0.2	25.0581	0.166016	-0.74707	0.643555	201	255
[2790]	658	930	0	-2.56429	-10.718	0.2	25.0581	0.166016	-0.74707	0.643555	201	255
[2791]	667	930	0	-2.5411	-10.7382	0.2	24.9949	-0.549316	-0.244507	0.798828	201	255
[2792]	663	930	0	-2.52806	-10.7768	0.2	25.0378	0.518555	-0.849609	0.0941162	201	255
[2793]	656	931	0	-2.48887	-10.8113	0.2	24.9772	-0.751465	-0.365479	0.549316	201	255
[2794]	663	931	0	-2.52806	-10.7768	0.2	25.0378	0.518555	-0.849609	0.0941162	201	255
[2795]	667	931	0	-2.5411	-10.7382	0.2	24.9949	-0.549316	-0.244507	0.798828	201	255
[2796]	681	932	0	-2.50414	-10.7188	0.2	24.9849	-0.731934	0.634766	-0.247925	201	255
[2797]	656	932	0	-2.48887	-10.8113	0.2	24.9772	-0.751465	-0.365479	0.549316	201	255
[2798]	667	932	0	-2.5411	-10.7382	0.2	24.9949	-0.549316	-0.244507	0.798828	201	255
[2799]	656	933	0	-2.48887	-10.8113	0.2	24.9772	-0.751465	-0.365479	0.549316	201	255
[2800]	681	933	0	-2.50414	-10.7188	0.2	24.9849	-0.731934	0.634766	-0.247925	201	255
[2801]	657	933	0	-2.46744	-10.7857	0.2	24.9826	-0.569336	0.71875	-0.399414	201	255
[2802]	669	934	0	-2.49883	-10.748	0.2	25.0162	0.294678	0.145996	-0.944336	201	255
[2803]	657	934	0	-2.46744	-10.7857	0.2	24.9826	-0.569336	0.71875	-0.399414	201	255
[2804]	681	934	0	-2.50414	-10.7188	0.2	24.9849	-0.731934	0.634766	-0.247925	201	255
[2805]	681	935	0	-2.50414	-10.7188	0.2	24.9849	-0.731934	0.634766	-0.247925	201	255
[2806]	674	935	0	-2.50211	-10.7194	0.2	25.0349	0.251953	-0.0292969	-0.967285	201	255
[2807]	669	935	0	-2.49883	-10.748	0.2	25.0162	0.294678	0.145996	-0.944336	201	255
[2808]	674	936	0	-2.50211	-10.7194	0.2	25.0349	0.251953	-0.0292969	-0.967285	201	255
[2809]	681	936	0	-2.50414	-10.7188	0.2	24.9849	-0.731934	0.634766	-0.247925	201	255
[2810]	668	936	0	-2.54147	-10.6424	0.2	24.9985	-0.767578	0.438965	0.467041	201	255
[2811]	667	937	0	-2.5411	-10.7382	0.2	24.9949	-0.549316	-0.244507	0.798828	201	255
[2812]	668	937	0	-2.54147	-10.6424	0.2	24.9985	-0.767578	0.438965	0.467041	201	255
[2813]	681	937	0	-2.50414	-10.7188	0.2	24.9849	-0.731934	0.634766	-0.247925	201	255
[2814]	668	938	0	-2.54147	-10.6424	0.2	24.9985	-0.767578	0.438965	0.467041	201	255
[2815]	667	938	0	-2.5411	-10.7382	0.2	24.9949	-0.549316	-0.244507	0.798828	201	255
[2816]	676	938	0	-2.58607	-10.6637	0.2	25.0347	-0.356445	-0.278076	0.89209	201	255
[2817]	667	939	0	-2.5411	-10.7382	0.2	24.9949	-0.549316	-0.244507	0.798828	201	255
[2818]	658	939	0	-2.56429	-10.718	0.2	25.0581	0.166016	-0.74707	0.643555	201	255
[2819]	676	939	0	-2.58607	-10.6637	0.2	25.0347	-0.356445	-0.278076	0.89209	201	255
[2820]	664	940	0	-3.63036	-11.0934	0.2	25.5607	-0.350098	0.935547	-0.0449219	201	255
[2821]	675	940	0	-3.63062	-11.0913	0.2	25.5689	0.71582	0.376465	-0.587891	201	255
[2822]	665	940	0	-3.60658	-11.0978	0.2	25.5517	-0.392822	0.0965576	-0.914551	201	255
[2823]	672	941	0	-3.66048	-11.0766	0.2	25.5689	-0.267822	0.89502	-0.356445	201	255
[2824]	675	941	0	-3.63062	-11.0913	0.2	25.5689	0.71582	0.376465	-0.587891	201	255
[2825]	664	941	0	-3.63036	-11.0934	0.2	25.5607	-0.350098	0.935547	-0.0449219	201	255
[2826]	675	942	0	-3.63062	-11.0913	0.2	25.5689	0.71582	0.376465	-0.587891	201	255
[2827]	672	942	0	-3.66048	-11.0766	0.2	25.5689	-0.267822	0.89502	-0.356445	201	255
[2828]	670	942	0	-3.66265	-11.0769	0.2	25.5809	0.819336	0.101929	-0.564453	201	255
[2829]	670	943	0	-3.66265	-11.0769	0.2	25.5809	0.819336	0.101929	-0.564453	201	255
[2830]	666	943	0	-3.63154	-11.1134	0.2	25.5633	0.128296	-0.979492	-0.156616	201	255
[2831]	675	943	0	-3.63062	-11.0913	0.2	25.5689	0.71582	0.376465	-0.587891	201	255
[2832]	675	944	0	-3.63062	-11.0913	0.2	25.5689	0.71582	0.376465	-0.587891	201	255
[2833]	666	944	0	-3.63154	-11.1134	0.2	25.5633	0.128296	-0.979492	-0.156616	201	255
[2834]	665	944	0	-3.60658	-11.0978	0.2	25.5517	-0.392822	0.0965576	-0.914551	201	255
[2835]	666	945	0	-3.63154	-11.1134	0.2	25.5633	0.128296	-0.979492	-0.156616	201	255
[2836]	673	945	0	-3.63073	-11.1059	0.2	25.5536	-0.982422	-0.106628	0.153198	201	255
[2837]	665	945	0	-3.60658	-11.0978	0.2	25.5517	-0.392822	0.0965576	-0.914551	201	255
[2838]	673	946	0	-3.63073	-11.1059	0.2	25.5536	-0.982422	-0.106628	0.153198	201	255
[2839]	679	946	0	-3.63036	-11.0934	0.2	25.5607	-0.350098	0.935547	-0.0449219	201	255
[2840]	665	946	0	-3.60658	-11.0978	0.2	25.5517	-0.392822	0.0965576	-0.914551	201	255
[2841]	673	947	0	-3.63073	-11.1059	0.2	25.5536	-0.982422	-0.106628	0.153198	201	255
[2842]	677	947	0	-3.66048	-11.0766	0.2	25.5689	-0.267822	0.89502	-0.356445	201	255
[2843]	679	947	0	-3.63036	-11.0934	0.2	25.5607	-0.350098	0.935547	-0.0449219	201	255
[2844]	677	948	0	-3.66048	-11.0766	0.2	25.5689	-0.267822	0.89502	-0.356445	201	255
[2845]	673	948	0	-3.63073	-11.1059	0.2	25.5536	-0.982422	-0.106628	0.153198	201	255
[2846]	678	948	0	-3.66238	-11.0931	0.2	25.5554	-0.979492	-0.0641479	0.190674	201	255
[2847]	678	949	0	-3.66238	-11.0931	0.2	25.5554	-0.979492	-0.0641479	0.190674	201	255
[2848]	692	949	0	-3.68437	-11.0422	0.2	25.5788	-0.013649	0.736328	-0.676758	201	255
[2849]	677	949	0	-3.66048	-11.0766	0.2	25.5689	-0.267822	0.89502	-0.356445	201	255
[2850]	682	950	0	-3.68437	-11.0422	0.2	25.5788	-0.013649	0.736328	-0.676758	201	255
[2851]	670	950	0	-3.66265	-11.0769	0.2	25.5809	0.819336	0.101929	-0.564453	201	255
[2852]	672	950	0	-3.66048	-11.0766	0.2	25.5689	-0.267822	0.89502	-0.356445	201	255
[2853]	670	951	0	-3.66265	-11.0769	0.2	25.5809	0.819336	0.101929	-0.564453	201	255
[2854]	682	951	0	-3.68437	-11.0422	0.2	25.5788	-0.013649	0.736328	-0.676758	201	255
[2855]	687	951	0	-3.69868	-11.0437	0.2	25.5937	0.89209	-0.207764	-0.401123	201	255
[2856]	687	952	0	-3.69868	-11.0437	0.2	25.5937	0.89209	-0.207764	-0.401123	201	255
[2857]	671	952	0	-3.66723	-11.1012	0.2	25.5733	0.228149	-0.95459	0.190552	201	255
[2858]	670	952	0	-3.66265	-11.0769	0.2	25.5809	0.819336	0.101929	-0.564453	201	255
[2859]	666	953	0	-3.63154	-11.1134	0.2	25.5633	0.128296	-0.979492	-0.156616	201	255
[2860]	670	953	0	-3.66265	-11.0769	0.2	25.5809	0.819336	0.101929	-0.564453	201	255
[2861]	671	953	0	-3.66723	-11.1012	0.2	25.5733	0.228149	-0.95459	0.190552	201	255
[2862]	678	954	0	-3.66238	-11.0931	0.2	25.5554	-0.979492	-0.0641479	0.190674	201	255
[2863]	666	954	0	-3.63154	-11.1134	0.2	25.5633	0.128296	-0.979492	-0.156616	201	255
[2864]	671	954	0	-3.66723	-11.1012	0.2	25.5733	0.228149	-0.95459	0.190552	201	255
[2865]	666	955	0	-3.63154	-11.1134	0.2	25.5633	0.128296	-0.979492	-0.156616	201	255
[2866]	678	955	0	-3.66238	-11.0931	0.2	25.5554	-0.979492	-0.0641479	0.190674	201	255
[2867]	673	955	0	-3.63073	-11.1059	0.2	25.5536	-0.982422	-0.106628	0.153198	201	255
[2868]	686	956	0	-3.69985	-10.9931	0.2	25.5811	-0.067749	-0.831055	-0.551758	201	255
[2869]	687	956	0	-3.69868	-11.0437	0.2	25.5937	0.89209	-0.207764	-0.401123	201	255
[2870]	682	956	0	-3.68437	-11.0422	0.2	25.5788	-0.013649	0.736328	-0.676758	201	255
[2871]	687	957	0	-3.69868	-11.0437	0.2	25.5937	0.89209	-0.207764	-0.401123	201	255
[2872]	686	957	0	-3.69985	-10.9931	0.2	25.5811	-0.067749	-0.831055	-0.551758	201	255
[2873]	684	957	0	-3.74044	-10.9806	0.2	25.6064	0.561035	-0.825195	0.0663452	201	255
[2874]	684	958	0	-3.74044	-10.9806	0.2	25.6064	0.561035	-0.825195	0.0663452	201	255
[2875]	683	958	0	-3.71734	-11.0675	0.2	25.5835	0.306152	-0.869629	0.386719	201	255
[2876]	687	958	0	-3.69868	-11.0437	0.2	25.5937	0.89209	-0.207764	-0.401123	201	255
[2877]	671	959	0	-3.66723	-11.1012	0.2	25.5733	0.228149	-0.95459	0.190552	201	255
[2878]	687	959	0	-3.69868	-11.0437	0.2	25.5937	0.89209	-0.207764	-0.401123	201	255
[2879]	683	959	0	-3.71734	-11.0675	0.2	25.5835	0.306152	-0.869629	0.386719	201	255
[2880]	685	960	0	-3.7054	-11.0592	0.2	25.5552	-0.949219	-0.213989	0.231323	201	255
[2881]	671	960	0	-3.66723	-11.1012	0.2	25.5733	0.228149	-0.95459	0.190552	201	255
[2882]	683	960	0	-3.71734	-11.0675	0.2	25.5835	0.306152	-0.869629	0.386719	201	255
[2883]	671	961	0	-3.66723	-11.1012	0.2	25.5733	0.228149	-0.95459	0.190552	201	255
[2884]	685	961	0	-3.7054	-11.0592	0.2	25.5552	-0.949219	-0.213989	0.231323	201	255
[2885]	678	961	0	-3.66238	-11.0931	0.2	25.5554	-0.979492	-0.0641479	0.190674	201	255
[2886]	692	962	0	-3.68437	-11.0422	0.2	25.5788	-0.013649	0.736328	-0.676758	201	255
[2887]	678	962	0	-3.66238	-11.0931	0.2	25.5554	-0.979492	-0.0641479	0.190674	201	255
[2888]	685	962	0	-3.7054	-11.0592	0.2	25.5552	-0.949219	-0.213989	0.231323	201	255
[2889]	685	963	0	-3.7054	-11.0592	0.2	25.5552	-0.949219	-0.213989	0.231323	201	255
[2890]	694	963	0	-3.69985	-10.9931	0.2	25.5811	-0.067749	-0.831055	-0.551758	201	255
[2891]	692	963	0	-3.68437	-11.0422	0.2	25.5788	-0.013649	0.736328	-0.676758	201	255
[2892]	694	964	0	-3.69985	-10.9931	0.2	25.5811	-0.067749	-0.831055	-0.551758	201	255
[2893]	685	964	0	-3.7054	-11.0592	0.2	25.5552	-0.949219	-0.213989	0.231323	201	255
[2894]	689	964	0	-3.74257	-10.9985	0.2	25.545	-0.557129	-0.794922	0.239868	201	255
[2895]	683	965	0	-3.71734	-11.0675	0.2	25.5835	0.306152	-0.869629	0.386719	201	255
[2896]	689	965	0	-3.74257	-10.9985	0.2	25.545	-0.557129	-0.794922	0.239868	201	255
[2897]	685	965	0	-3.7054	-11.0592	0.2	25.5552	-0.949219	-0.213989	0.231323	201	255
[2898]	689	966	0	-3.74257	-10.9985	0.2	25.545	-0.557129	-0.794922	0.239868	201	255
[2899]	683	966	0	-3.71734	-11.0675	0.2	25.5835	0.306152	-0.869629	0.386719	201	255
[2900]	680	966	0	-3.77232	-10.9924	0.2	25.5784	0.166748	-0.89502	0.414062	201	255
[2901]	683	967	0	-3.71734	-11.0675	0.2	25.5835	0.306152	-0.869629	0.386719	201	255
[2902]	684	967	0	-3.74044	-10.9806	0.2	25.6064	0.561035	-0.825195	0.0663452	201	255
[2903]	680	967	0	-3.77232	-10.9924	0.2	25.5784	0.166748	-0.89502	0.414062	201	255
[2904]	697	968	0	-3.90772	-11.0275	0.2	25.634	0.0417175	0.952637	-0.30127	201	255
[2905]	702	968	0	-3.91052	-11.0354	0.2	25.6441	0.964844	0.0949097	-0.244629	201	255
[2906]	688	968	0	-3.86795	-11.044	0.2	25.6357	-0.0568848	-0.0536499	-0.996582	201	255
[2907]	696	969	0	-3.95456	-10.9977	0.2	25.6218	-0.140015	0.831543	-0.537109	201	255
[2908]	702	969	0	-3.91052	-11.0354	0.2	25.6441	0.964844	0.0949097	-0.244629	201	255
[2909]	697	969	0	-3.90772	-11.0275	0.2	25.634	0.0417175	0.952637	-0.30127	201	255
[2910]	702	970	0	-3.91052	-11.0354	0.2	25.6441	0.964844	0.0949097	-0.244629	201	255
[2911]	696	970	0	-3.95456	-10.9977	0.2	25.6218	-0.140015	0.831543	-0.537109	201	255
[2912]	701	970	0	-3.96368	-11.0064	0.2	25.6387	0.987793	-0.0155563	-0.155151	201	255
[2913]	701	971	0	-3.96368	-11.0064	0.2	25.6387	0.987793	-0.0155563	-0.155151	201	255
[2914]	690	971	0	-3.91097	-11.0739	0.2	25.6304	-0.205933	-0.978516	-0.0031147	201	255
[2915]	702	971	0	-3.91052	-11.0354	0.2	25.6441	0.964844	0.0949097	-0.244629	201	255
[2916]	702	972	0	-3.91052	-11.0354	0.2	25.6441	0.964844	0.0949097	-0.244629	201	255
[2917]	690	972	0	-3.91097	-11.0739	0.2	25.6304	-0.205933	-0.978516	-0.0031147	201	255
[2918]	688	972	0	-3.86795	-11.044	0.2	25.6357	-0.0568848	-0.0536499	-0.996582	201	255
[2919]	690	973	0	-3.91097	-11.0739	0.2	25.6304	-0.205933	-0.978516	-0.0031147	201	255
[2920]	691	973	0	-3.90681	-11.0402	0.2	25.6236	-0.935059	0.341309	-0.0957031	201	255
[2921]	688	973	0	-3.86795	-11.044	0.2	25.6357	-0.0568848	-0.0536499	-0.996582	201	255
[2922]	691	974	0	-3.90681	-11.0402	0.2	25.6236	-0.935059	0.341309	-0.0957031	201	255
[2923]	693	974	0	-3.90772	-11.0275	0.2	25.634	0.0417175	0.952637	-0.30127	201	255
[2924]	688	974	0	-3.86795	-11.044	0.2	25.6357	-0.0568848	-0.0536499	-0.996582	201	255
[2925]	691	975	0	-3.90681	-11.0402	0.2	25.6236	-0.935059	0.341309	-0.0957031	201	255
[2926]	699	975	0	-3.95456	-10.9977	0.2	25.6218	-0.140015	0.831543	-0.537109	201	255
[2927]	693	975	0	-3.90772	-11.0275	0.2	25.634	0.0417175	0.952637	-0.30127	201	255
[2928]	699	976	0	-3.95456	-10.9977	0.2	25.6218	-0.140015	0.831543	-0.537109	201	255
[2929]	691	976	0	-3.90681	-11.0402	0.2	25.6236	-0.935059	0.341309	-0.0957031	201	255
[2930]	698	976	0	-3.95884	-11.0144	0.2	25.6104	-0.958496	0.218384	-0.184204	201	255
[2931]	698	977	0	-3.95884	-11.0144	0.2	25.6104	-0.958496	0.218384	-0.184204	201	255
[2932]	713	977	0	-3.98627	-10.9312	0.2	25.6056	0.00492096	0.524902	-0.851074	201	255
[2933]	699	977	0	-3.95456	-10.9977	0.2	25.6218	-0.140015	0.831543	-0.537109	201	255
[2934]	704	978	0	-3.98627	-10.9312	0.2	25.6056	0.00492096	0.524902	-0.851074	201	255
[2935]	701	978	0	-3.96368	-11.0064	0.2	25.6387	0.987793	-0.0155563	-0.155151	201	255
[2936]	696	978	0	-3.95456	-10.9977	0.2	25.6218	-0.140015	0.831543	-0.537109	201	255
[2937]	701	979	0	-3.96368	-11.0064	0.2	25.6387	0.987793	-0.0155563	-0.155151	201	255
[2938]	704	979	0	-3.98627	-10.9312	0.2	25.6056	0.00492096	0.524902	-0.851074	201	255
[2939]	709	979	0	-4.0122	-10.9317	0.2	25.6303	0.963379	-0.23999	-0.116028	201	255
[2940]	703	980	0	-4.02666	-10.9788	0.2	25.5869	-0.124939	-0.761719	0.635742	201	255
[2941]	701	980	0	-3.96368	-11.0064	0.2	25.6387	0.987793	-0.0155563	-0.155151	201	255
[2942]	709	980	0	-4.0122	-10.9317	0.2	25.6303	0.963379	-0.23999	-0.116028	201	255
[2943]	701	981	0	-3.96368	-11.0064	0.2	25.6387	0.987793	-0.0155563	-0.155151	201	255
[2944]	703	981	0	-4.02666	-10.9788	0.2	25.5869	-0.124939	-0.761719	0.635742	201	255
[2945]	695	981	0	-3.97289	-11.0609	0.2	25.6123	-0.271484	-0.869141	0.41333	201	255
[2946]	690	982	0	-3.91097	-11.0739	0.2	25.6304	-0.205933	-0.978516	-0.0031147	201	255
[2947]	701	982	0	-3.96368	-11.0064	0.2	25.6387	0.987793	-0.0155563	-0.155151	201	255
[2948]	695	982	0	-3.97289	-11.0609	0.2	25.6123	-0.271484	-0.869141	0.41333	201	255
[2949]	698	983	0	-3.95884	-11.0144	0.2	25.6104	-0.958496	0.218384	-0.184204	201	255
[2950]	690	983	0	-3.91097	-11.0739	0.2	25.6304	-0.205933	-0.978516	-0.0031147	201	255
[2951]	695	983	0	-3.97289	-11.0609	0.2	25.6123	-0.271484	-0.869141	0.41333	201	255
[2952]	690	984	0	-3.91097	-11.0739	0.2	25.6304	-0.205933	-0.978516	-0.0031147	201	255
[2953]	698	984	0	-3.95884	-11.0144	0.2	25.6104	-0.958496	0.218384	-0.184204	201	255
[2954]	691	984	0	-3.90681	-11.0402	0.2	25.6236	-0.935059	0.341309	-0.0957031	201	255
[2955]	706	985	0	-4.00347	-10.856	0.2	25.6007	0.453613	-0.681152	-0.575195	201	255
[2956]	709	985	0	-4.0122	-10.9317	0.2	25.6303	0.963379	-0.23999	-0.116028	201	255
[2957]	704	985	0	-3.98627	-10.9312	0.2	25.6056	0.00492096	0.524902	-0.851074	201	255
[2958]	709	986	0	-4.0122	-10.9317	0.2	25.6303	0.963379	-0.23999	-0.116028	201	255
[2959]	706	986	0	-4.00347	-10.856	0.2	25.6007	0.453613	-0.681152	-0.575195	201	255
[2960]	705	986	0	-4.06027	-10.811	0.2	25.6281	0.587891	-0.731445	0.345947	201	255
[2961]	705	987	0	-4.06027	-10.811	0.2	25.6281	0.587891	-0.731445	0.345947	201	255
[2962]	703	987	0	-4.02666	-10.9788	0.2	25.5869	-0.124939	-0.761719	0.635742	201	255
[2963]	709	987	0	-4.0122	-10.9317	0.2	25.6303	0.963379	-0.23999	-0.116028	201	255
[2964]	703	988	0	-4.02666	-10.9788	0.2	25.5869	-0.124939	-0.761719	0.635742	201	255
[2965]	705	988	0	-4.06027	-10.811	0.2	25.6281	0.587891	-0.731445	0.345947	201	255
[2966]	700	988	0	-4.08151	-10.8459	0.2	25.5619	-0.0567322	-0.822754	0.56543	201	255
[2967]	710	989	0	-4.02204	-10.8661	0.2	25.5352	-0.646973	-0.693848	0.316406	201	255
[2968]	703	989	0	-4.02666	-10.9788	0.2	25.5869	-0.124939	-0.761719	0.635742	201	255
[2969]	700	989	0	-4.08151	-10.8459	0.2	25.5619	-0.0567322	-0.822754	0.56543	201	255
[2970]	703	990	0	-4.02666	-10.9788	0.2	25.5869	-0.124939	-0.761719	0.635742	201	255
[2971]	710	990	0	-4.02204	-10.8661	0.2	25.5352	-0.646973	-0.693848	0.316406	201	255
[2972]	707	990	0	-3.99507	-10.957	0.2	25.5661	-0.959961	-0.142212	-0.241821	201	255
[2973]	698	991	0	-3.95884	-11.0144	0.2	25.6104	-0.958496	0.218384	-0.184204	201	255
[2974]	703	991	0	-4.02666	-10.9788	0.2	25.5869	-0.124939	-0.761719	0.635742	201	255
[2975]	707	991	0	-3.99507	-10.957	0.2	25.5661	-0.959961	-0.142212	-0.241821	201	255
[2976]	703	992	0	-4.02666	-10.9788	0.2	25.5869	-0.124939	-0.761719	0.635742	201	255
[2977]	698	992	0	-3.95884	-11.0144	0.2	25.6104	-0.958496	0.218384	-0.184204	201	255
[2978]	695	992	0	-3.97289	-11.0609	0.2	25.6123	-0.271484	-0.869141	0.41333	201	255
[2979]	715	993	0	-4.00347	-10.856	0.2	25.6007	0.453613	-0.681152	-0.575195	201	255
[2980]	707	993	0	-3.99507	-10.957	0.2	25.5661	-0.959961	-0.142212	-0.241821	201	255
[2981]	710	993	0	-4.02204	-10.8661	0.2	25.5352	-0.646973	-0.693848	0.316406	201	255
[2982]	707	994	0	-3.99507	-10.957	0.2	25.5661	-0.959961	-0.142212	-0.241821	201	255
[2983]	715	994	0	-4.00347	-10.856	0.2	25.6007	0.453613	-0.681152	-0.575195	201	255
[2984]	713	994	0	-3.98627	-10.9312	0.2	25.6056	0.00492096	0.524902	-0.851074	201	255
[2985]	713	995	0	-3.98627	-10.9312	0.2	25.6056	0.00492096	0.524902	-0.851074	201	255
[2986]	698	995	0	-3.95884	-11.0144	0.2	25.6104	-0.958496	0.218384	-0.184204	201	255
[2987]	707	995	0	-3.99507	-10.957	0.2	25.5661	-0.959961	-0.142212	-0.241821	201	255
[2988]	718	996	0	-4.16742	-10.8534	0.2	25.5528	-0.256836	0.617676	-0.743164	201	255
[2989]	723	996	0	-4.16468	-10.8652	0.2	25.5619	0.759277	-0.00678635	-0.650879	201	255
[2990]	708	996	0	-4.1504	-10.8854	0.2	25.5525	-0.247314	-0.411133	-0.877441	201	255
[2991]	720	997	0	-4.18254	-10.8079	0.2	25.5465	-0.240967	0.589355	-0.770996	201	255
[2992]	723	997	0	-4.16468	-10.8652	0.2	25.5619	0.759277	-0.00678635	-0.650879	201	255
[2993]	718	997	0	-4.16742	-10.8534	0.2	25.5528	-0.256836	0.617676	-0.743164	201	255
[2994]	723	998	0	-4.16468	-10.8652	0.2	25.5619	0.759277	-0.00678635	-0.650879	201	255
[2995]	720	998	0	-4.18254	-10.8079	0.2	25.5465	-0.240967	0.589355	-0.770996	201	255
[2996]	719	998	0	-4.20409	-10.7992	0.2	25.5723	0.872559	-0.251221	-0.418457	201	255
[2997]	719	999	0	-4.20409	-10.7992	0.2	25.5723	0.872559	-0.251221	-0.418457	201	255
[2998]	711	999	0	-4.17044	-10.8844	0.2	25.5543	0.218384	-0.946289	0.238159	201	255
[2999]	723	999	0	-4.16468	-10.8652	0.2	25.5619	0.759277	-0.00678635	-0.650879	201	255
[3000]	723	1000	0	-4.16468	-10.8652	0.2	25.5619	0.759277	-0.00678635	-0.650879	201	255
[3001]	711	1000	0	-4.17044	-10.8844	0.2	25.5543	0.218384	-0.946289	0.238159	201	255
[3002]	708	1000	0	-4.1504	-10.8854	0.2	25.5525	-0.247314	-0.411133	-0.877441	201	255
[3003]	711	1001	0	-4.17044	-10.8844	0.2	25.5543	0.218384	-0.946289	0.238159	201	255
[3004]	712	1001	0	-4.16928	-10.8732	0.2	25.5366	-0.983887	-0.174194	0.0499573	201	255
[3005]	708	1001	0	-4.1504	-10.8854	0.2	25.5525	-0.247314	-0.411133	-0.877441	201	255
[3006]	712	1002	0	-4.16928	-10.8732	0.2	25.5366	-0.983887	-0.174194	0.0499573	201	255
[3007]	714	1002	0	-4.16742	-10.8534	0.2	25.5528	-0.256836	0.617676	-0.743164	201	255
[3008]	708	1002	0	-4.1504	-10.8854	0.2	25.5525	-0.247314	-0.411133	-0.877441	201	255
[3009]	712	1003	0	-4.16928	-10.8732	0.2	25.5366	-0.983887	-0.174194	0.0499573	201	255
[3010]	726	1003	0	-4.18254	-10.8079	0.2	25.5465	-0.242798	0.589355	-0.770508	201	255
[3011]	714	1003	0	-4.16742	-10.8534	0.2	25.5528	-0.256836	0.617676	-0.743164	201	255
[3012]	726	1004	0	-4.18254	-10.8079	0.2	25.5465	-0.242798	0.589355	-0.770508	201	255
[3013]	712	1004	0	-4.16928	-10.8732	0.2	25.5366	-0.983887	-0.174194	0.0499573	201	255
[3014]	734	1004	0	-4.20664	-10.8087	0.2	25.5222	-0.958008	-0.141479	0.249756	201	255
[3015]	734	1005	0	-4.20664	-10.8087	0.2	25.5222	-0.958008	-0.141479	0.249756	201	255
[3016]	725	1005	0	-4.19319	-10.7709	0.2	25.5438	-0.354736	-0.769043	-0.532227	201	255
[3017]	726	1005	0	-4.18254	-10.8079	0.2	25.5465	-0.242798	0.589355	-0.770508	201	255
[3018]	721	1006	0	-4.19319	-10.7709	0.2	25.5438	-0.354736	-0.76709	-0.534668	201	255
[3019]	719	1006	0	-4.20409	-10.7992	0.2	25.5723	0.872559	-0.251221	-0.418457	201	255
[3020]	720	1006	0	-4.18254	-10.8079	0.2	25.5465	-0.240967	0.589355	-0.770996	201	255
[3021]	719	1007	0	-4.20409	-10.7992	0.2	25.5723	0.872559	-0.251221	-0.418457	201	255
[3022]	721	1007	0	-4.19319	-10.7709	0.2	25.5438	-0.354736	-0.76709	-0.534668	201	255
[3023]	722	1007	0	-4.22323	-10.7189	0.2	25.5805	0.649414	-0.718262	0.25	201	255
[3024]	722	1008	0	-4.22323	-10.7189	0.2	25.5805	0.649414	-0.718262	0.25	201	255
[3025]	717	1008	0	-4.22468	-10.8219	0.2	25.5509	0.217896	-0.711914	0.66748	201	255
[3026]	719	1008	0	-4.20409	-10.7992	0.2	25.5723	0.872559	-0.251221	-0.418457	201	255
[3027]	711	1009	0	-4.17044	-10.8844	0.2	25.5543	0.218384	-0.946289	0.238159	201	255
[3028]	719	1009	0	-4.20409	-10.7992	0.2	25.5723	0.872559	-0.251221	-0.418457	201	255
[3029]	717	1009	0	-4.22468	-10.8219	0.2	25.5509	0.217896	-0.711914	0.66748	201	255
[3030]	734	1010	0	-4.20664	-10.8087	0.2	25.5222	-0.958008	-0.141479	0.249756	201	255
[3031]	711	1010	0	-4.17044	-10.8844	0.2	25.5543	0.218384	-0.946289	0.238159	201	255
[3032]	717	1010	0	-4.22468	-10.8219	0.2	25.5509	0.217896	-0.711914	0.66748	201	255
[3033]	711	1011	0	-4.17044	-10.8844	0.2	25.5543	0.218384	-0.946289	0.238159	201	255
[3034]	734	1011	0	-4.20664	-10.8087	0.2	25.5222	-0.958008	-0.141479	0.249756	201	255
[3035]	712	1011	0	-4.16928	-10.8732	0.2	25.5366	-0.983887	-0.174194	0.0499573	201	255
[3036]	717	1012	0	-4.22468	-10.8219	0.2	25.5509	0.217896	-0.711914	0.66748	201	255
[3037]	722	1012	0	-4.22323	-10.7189	0.2	25.5805	0.649414	-0.718262	0.25	201	255
[3038]	716	1012	0	-4.24895	-10.731	0.2	25.5384	0.118042	-0.845215	0.521484	201	255
[3039]	724	1013	0	-4.22474	-10.7542	0.2	25.5115	-0.575684	-0.569336	0.586914	201	255
[3040]	717	1013	0	-4.22468	-10.8219	0.2	25.5509	0.217896	-0.711914	0.66748	201	255
[3041]	716	1013	0	-4.24895	-10.731	0.2	25.5384	0.118042	-0.845215	0.521484	201	255
[3042]	717	1014	0	-4.22468	-10.8219	0.2	25.5509	0.217896	-0.711914	0.66748	201	255
[3043]	724	1014	0	-4.22474	-10.7542	0.2	25.5115	-0.575684	-0.569336	0.586914	201	255
[3044]	734	1014	0	-4.20664	-10.8087	0.2	25.5222	-0.958008	-0.141479	0.249756	201	255
[3045]	725	1015	0	-4.19319	-10.7709	0.2	25.5438	-0.354736	-0.769043	-0.532227	201	255
[3046]	734	1015	0	-4.20664	-10.8087	0.2	25.5222	-0.958008	-0.141479	0.249756	201	255
[3047]	724	1015	0	-4.22474	-10.7542	0.2	25.5115	-0.575684	-0.569336	0.586914	201	255
[3048]	727	1016	0	-4.34322	-10.8288	0.2	25.4901	-0.174805	0.925781	-0.335449	201	255
[3049]	731	1016	0	-4.34939	-10.8404	0.2	25.5034	0.984863	0.0596008	-0.160889	201	255
[3050]	736	1016	0	-4.3298	-10.8379	0.2	25.5087	0.111267	0.0595093	-0.992188	201	255
[3051]	728	1017	0	-4.36584	-10.818	0.2	25.4696	-0.277832	0.807129	-0.520996	201	255
[3052]	731	1017	0	-4.34939	-10.8404	0.2	25.5034	0.984863	0.0596008	-0.160889	201	255
[3053]	727	1017	0	-4.34322	-10.8288	0.2	25.4901	-0.174805	0.925781	-0.335449	201	255
[3054]	731	1018	0	-4.34939	-10.8404	0.2	25.5034	0.984863	0.0596008	-0.160889	201	255
[3055]	728	1018	0	-4.36584	-10.818	0.2	25.4696	-0.277832	0.807129	-0.520996	201	255
[3056]	729	1018	0	-4.37882	-10.8348	0.2	25.4909	0.977051	-0.032959	-0.212402	201	255
[3057]	729	1019	0	-4.37882	-10.8348	0.2	25.4909	0.977051	-0.032959	-0.212402	201	255
[3058]	730	1019	0	-4.34617	-10.8635	0.2	25.4931	0.148926	-0.983887	-0.0997314	201	255
[3059]	731	1019	0	-4.34939	-10.8404	0.2	25.5034	0.984863	0.0596008	-0.160889	201	255
[3060]	731	1020	0	-4.34939	-10.8404	0.2	25.5034	0.984863	0.0596008	-0.160889	201	255
[3061]	730	1020	0	-4.34617	-10.8635	0.2	25.4931	0.148926	-0.983887	-0.0997314	201	255
[3062]	736	1020	0	-4.3298	-10.8379	0.2	25.5087	0.111267	0.0595093	-0.992188	201	255
[3063]	730	1021	0	-4.34617	-10.8635	0.2	25.4931	0.148926	-0.983887	-0.0997314	201	255
[3064]	739	1021	0	-4.33996	-10.8546	0.2	25.4842	-0.856445	-0.376221	-0.353516	201	255
[3065]	736	1021	0	-4.3298	-10.8379	0.2	25.5087	0.111267	0.0595093	-0.992188	201	255
[3066]	739	1022	0	-4.33996	-10.8546	0.2	25.4842	-0.856445	-0.376221	-0.353516	201	255
[3067]	732	1022	0	-4.34322	-10.8288	0.2	25.4901	-0.174805	0.925781	-0.335449	201	255
[3068]	736	1022	0	-4.3298	-10.8379	0.2	25.5087	0.111267	0.0595093	-0.992188	201	255
[3069]	739	1023	0	-4.33996	-10.8546	0.2	25.4842	-0.856445	-0.376221	-0.353516	201	255
[3070]	741	1023	0	-4.36584	-10.818	0.2	25.4696	-0.277832	0.807129	-0.520996	201	255
[3071]	732	1023	0	-4.34322	-10.8288	0.2	25.4901	-0.174805	0.925781	-0.335449	201	255
[3072]	741	1024	0	-4.36584	-10.818	0.2	25.4696	-0.277832	0.807129	-0.520996	201	255
[3073]	739	1024	0	-4.33996	-10.8546	0.2	25.4842	-0.856445	-0.376221	-0.353516	201	255
[3074]	737	1024	0	-4.37287	-10.8454	0.2	25.4542	-0.964844	-0.250244	-0.0792847	201	255
[3075]	737	1025	0	-4.37287	-10.8454	0.2	25.4542	-0.964844	-0.250244	-0.0792847	201	255
[3076]	740	1025	0	-4.37624	-10.8032	0.2	25.4662	-0.340576	-0.434814	-0.833496	201	255
[3077]	741	1025	0	-4.36584	-10.818	0.2	25.4696	-0.277832	0.807129	-0.520996	201	255
[3078]	738	1026	0	-4.37624	-10.8032	0.2	25.4662	-0.340576	-0.434814	-0.833496	201	255
[3079]	729	1026	0	-4.37882	-10.8348	0.2	25.4909	0.977051	-0.032959	-0.212402	201	255
[3080]	728	1026	0	-4.36584	-10.818	0.2	25.4696	-0.277832	0.807129	-0.520996	201	255
[3081]	729	1027	0	-4.37882	-10.8348	0.2	25.4909	0.977051	-0.032959	-0.212402	201	255
[3082]	738	1027	0	-4.37624	-10.8032	0.2	25.4662	-0.340576	-0.434814	-0.833496	201	255
[3083]	733	1027	0	-4.40971	-10.8141	0.2	25.49	0.794922	-0.486572	-0.362793	201	255
[3084]	733	1028	0	-4.40971	-10.8141	0.2	25.49	0.794922	-0.486572	-0.362793	201	255
[3085]	735	1028	0	-4.38173	-10.8679	0.2	25.4717	-0.000936985	-0.984863	0.171997	201	255
[3086]	729	1028	0	-4.37882	-10.8348	0.2	25.4909	0.977051	-0.032959	-0.212402	201	255
[3087]	730	1029	0	-4.34617	-10.8635	0.2	25.4931	0.148926	-0.983887	-0.0997314	201	255
[3088]	729	1029	0	-4.37882	-10.8348	0.2	25.4909	0.977051	-0.032959	-0.212402	201	255
[3089]	735	1029	0	-4.38173	-10.8679	0.2	25.4717	-0.000936985	-0.984863	0.171997	201	255
[3090]	737	1030	0	-4.37287	-10.8454	0.2	25.4542	-0.964844	-0.250244	-0.0792847	201	255
[3091]	730	1030	0	-4.34617	-10.8635	0.2	25.4931	0.148926	-0.983887	-0.0997314	201	255
[3092]	735	1030	0	-4.38173	-10.8679	0.2	25.4717	-0.000936985	-0.984863	0.171997	201	255
[3093]	730	1031	0	-4.34617	-10.8635	0.2	25.4931	0.148926	-0.983887	-0.0997314	201	255
[3094]	737	1031	0	-4.37287	-10.8454	0.2	25.4542	-0.964844	-0.250244	-0.0792847	201	255
[3095]	739	1031	0	-4.33996	-10.8546	0.2	25.4842	-0.856445	-0.376221	-0.353516	201	255
[3096]	735	1032	0	-4.38173	-10.8679	0.2	25.4717	-0.000936985	-0.984863	0.171997	201	255
[3097]	733	1032	0	-4.40971	-10.8141	0.2	25.49	0.794922	-0.486572	-0.362793	201	255
[3098]	744	1032	0	-4.41766	-10.8243	0.2	25.457	-0.0253601	-0.998535	0.042511	201	255
[3099]	743	1033	0	-4.40524	-10.7998	0.2	25.4326	-0.666016	-0.745605	-0.0157013	201	255
[3100]	735	1033	0	-4.38173	-10.8679	0.2	25.4717	-0.000936985	-0.984863	0.171997	201	255
[3101]	744	1033	0	-4.41766	-10.8243	0.2	25.457	-0.0253601	-0.998535	0.042511	201	255
[3102]	735	1034	0	-4.38173	-10.8679	0.2	25.4717	-0.000936985	-0.984863	0.171997	201	255
[3103]	743	1034	0	-4.40524	-10.7998	0.2	25.4326	-0.666016	-0.745605	-0.0157013	201	255
[3104]	737	1034	0	-4.37287	-10.8454	0.2	25.4542	-0.964844	-0.250244	-0.0792847	201	255
[3105]	740	1035	0	-4.37624	-10.8032	0.2	25.4662	-0.340576	-0.434814	-0.833496	201	255
[3106]	737	1035	0	-4.37287	-10.8454	0.2	25.4542	-0.964844	-0.250244	-0.0792847	201	255
[3107]	743	1035	0	-4.40524	-10.7998	0.2	25.4326	-0.666016	-0.745605	-0.0157013	201	255
[3108]	747	1036	0	-4.56413	-11.0857	0.2	25.4021	-0.0983276	0.993164	0.0632324	201	255
[3109]	746	1036	0	-4.56317	-11.0909	0.2	25.4166	0.894043	0.203491	-0.398682	201	255
[3110]	742	1036	0	-4.53997	-11.0823	0.2	25.4068	-0.109741	0.413574	-0.903809	201	255
[3111]	750	1037	0	-4.58494	-11.0821	0.2	25.4027	0.0435486	0.995117	-0.0884399	201	255
[3112]	746	1037	0	-4.56317	-11.0909	0.2	25.4166	0.894043	0.203491	-0.398682	201	255
[3113]	747	1037	0	-4.56413	-11.0857	0.2	25.4021	-0.0983276	0.993164	0.0632324	201	255
[3114]	746	1038	0	-4.56317	-11.0909	0.2	25.4166	0.894043	0.203491	-0.398682	201	255
[3115]	750	1038	0	-4.58494	-11.0821	0.2	25.4027	0.0435486	0.995117	-0.0884399	201	255
[3116]	749	1038	0	-4.58839	-11.0979	0.2	25.4181	0.95459	-0.0185394	-0.298096	201	255
[3117]	749	1039	0	-4.58839	-11.0979	0.2	25.4181	0.95459	-0.0185394	-0.298096	201	255
[3118]	745	1039	0	-4.56142	-11.1182	0.2	25.4067	0.0460205	-0.893066	-0.447998	201	255
[3119]	746	1039	0	-4.56317	-11.0909	0.2	25.4166	0.894043	0.203491	-0.398682	201	255
[3120]	746	1040	0	-4.56317	-11.0909	0.2	25.4166	0.894043	0.203491	-0.398682	201	255
[3121]	745	1040	0	-4.56142	-11.1182	0.2	25.4067	0.0460205	-0.893066	-0.447998	201	255
[3122]	742	1040	0	-4.53997	-11.0823	0.2	25.4068	-0.109741	0.413574	-0.903809	201	255
[3123]	745	1041	0	-4.56142	-11.1182	0.2	25.4067	0.0460205	-0.893066	-0.447998	201	255
[3124]	752	1041	0	-4.55776	-11.1053	0.2	25.3895	-0.988281	-0.0280609	-0.149536	201	255
[3125]	742	1041	0	-4.53997	-11.0823	0.2	25.4068	-0.109741	0.413574	-0.903809	201	255
[3126]	752	1042	0	-4.55776	-11.1053	0.2	25.3895	-0.988281	-0.0280609	-0.149536	201	255
[3127]	755	1042	0	-4.56413	-11.0857	0.2	25.4021	-0.0983276	0.993164	0.0632324	201	255
[3128]	742	1042	0	-4.53997	-11.0823	0.2	25.4068	-0.109741	0.413574	-0.903809	201	255
[3129]	751	1043	0	-4.58095	-11.1076	0.2	25.3844	-0.991699	0.109253	0.06604	201	255
[3130]	755	1043	0	-4.56413	-11.0857	0.2	25.4021	-0.0983276	0.993164	0.0632324	201	255
[3131]	752	1043	0	-4.55776	-11.1053	0.2	25.3895	-0.988281	-0.0280609	-0.149536	201	255
[3132]	755	1044	0	-4.56413	-11.0857	0.2	25.4021	-0.0983276	0.993164	0.0632324	201	255
[3133]	751	1044	0	-4.58095	-11.1076	0.2	25.3844	-0.991699	0.109253	0.06604	201	255
[3134]	753	1044	0	-4.58494	-11.0821	0.2	25.4027	0.0435486	0.995117	-0.0884399	201	255
[3135]	754	1045	0	-4.60565	-11.0716	0.2	25.4015	0.0707397	0.920898	-0.383301	201	255
[3136]	749	1045	0	-4.58839	-11.0979	0.2	25.4181	0.95459	-0.0185394	-0.298096	201	255
[3137]	750	1045	0	-4.58494	-11.0821	0.2	25.4027	0.0435486	0.995117	-0.0884399	201	255
[3138]	749	1046	0	-4.58839	-11.0979	0.2	25.4181	0.95459	-0.0185394	-0.298096	201	255
[3139]	754	1046	0	-4.60565	-11.0716	0.2	25.4015	0.0707397	0.920898	-0.383301	201	255
[3140]	748	1046	0	-4.61827	-11.0938	0.2	25.4193	0.959473	-0.124512	-0.251709	201	255
[3141]	760	1047	0	-4.61463	-11.1326	0.2	25.3986	-0.0560608	-0.994141	0.0898438	201	255
[3142]	749	1047	0	-4.58839	-11.0979	0.2	25.4181	0.95459	-0.0185394	-0.298096	201	255
[3143]	748	1047	0	-4.61827	-11.0938	0.2	25.4193	0.959473	-0.124512	-0.251709	201	255
[3144]	749	1048	0	-4.58839	-11.0979	0.2	25.4181	0.95459	-0.0185394	-0.298096	201	255
[3145]	760	1048	0	-4.61463	-11.1326	0.2	25.3986	-0.0560608	-0.994141	0.0898438	201	255
[3146]	757	1048	0	-4.58431	-11.1325	0.2	25.4049	-0.00677109	-0.987305	-0.157959	201	255
[3147]	745	1049	0	-4.56142	-11.1182	0.2	25.4067	0.0460205	-0.893066	-0.447998	201	255
[3148]	749	1049	0	-4.58839	-11.0979	0.2	25.4181	0.95459	-0.0185394	-0.298096	201	255
[3149]	757	1049	0	-4.58431	-11.1325	0.2	25.4049	-0.00677109	-0.987305	-0.157959	201	255
[3150]	751	1050	0	-4.58095	-11.1076	0.2	25.3844	-0.991699	0.109253	0.06604	201	255
[3151]	745	1050	0	-4.56142	-11.1182	0.2	25.4067	0.0460205	-0.893066	-0.447998	201	255
[3152]	757	1050	0	-4.58431	-11.1325	0.2	25.4049	-0.00677109	-0.987305	-0.157959	201	255
[3153]	745	1051	0	-4.56142	-11.1182	0.2	25.4067	0.0460205	-0.893066	-0.447998	201	255
[3154]	751	1051	0	-4.58095	-11.1076	0.2	25.3844	-0.991699	0.109253	0.06604	201	255
[3155]	752	1051	0	-4.55776	-11.1053	0.2	25.3895	-0.988281	-0.0280609	-0.149536	201	255
[3156]	758	1052	0	-4.61905	-11.0586	0.2	25.3969	-0.0292053	-0.332275	-0.942871	201	255
[3157]	748	1052	0	-4.61827	-11.0938	0.2	25.4193	0.959473	-0.124512	-0.251709	201	255
[3158]	754	1052	0	-4.60565	-11.0716	0.2	25.4015	0.0707397	0.920898	-0.383301	201	255
[3159]	748	1053	0	-4.61827	-11.0938	0.2	25.4193	0.959473	-0.124512	-0.251709	201	255
[3160]	758	1053	0	-4.61905	-11.0586	0.2	25.3969	-0.0292053	-0.332275	-0.942871	201	255
[3161]	756	1053	0	-4.65401	-11.0762	0.2	25.4153	0.369873	-0.583008	-0.723633	201	255
[3162]	765	1054	0	-4.6533	-11.1221	0.2	25.3911	-0.127686	-0.856445	-0.499756	201	255
[3163]	748	1054	0	-4.61827	-11.0938	0.2	25.4193	0.959473	-0.124512	-0.251709	201	255
[3164]	756	1054	0	-4.65401	-11.0762	0.2	25.4153	0.369873	-0.583008	-0.723633	201	255
[3165]	748	1055	0	-4.61827	-11.0938	0.2	25.4193	0.959473	-0.124512	-0.251709	201	255
[3166]	765	1055	0	-4.6533	-11.1221	0.2	25.3911	-0.127686	-0.856445	-0.499756	201	255
[3167]	760	1055	0	-4.61463	-11.1326	0.2	25.3986	-0.0560608	-0.994141	0.0898438	201	255
[3168]	759	1056	0	-4.63213	-11.0864	0.2	25.3724	-0.756348	-0.572266	-0.317139	201	255
[3169]	760	1056	0	-4.61463	-11.1326	0.2	25.3986	-0.0560608	-0.994141	0.0898438	201	255
[3170]	765	1056	0	-4.6533	-11.1221	0.2	25.3911	-0.127686	-0.856445	-0.499756	201	255
[3171]	760	1057	0	-4.61463	-11.1326	0.2	25.3986	-0.0560608	-0.994141	0.0898438	201	255
[3172]	759	1057	0	-4.63213	-11.0864	0.2	25.3724	-0.756348	-0.572266	-0.317139	201	255
[3173]	761	1057	0	-4.60595	-11.1082	0.2	25.3802	-0.996094	-0.0321655	0.0834351	201	255
[3174]	761	1058	0	-4.60595	-11.1082	0.2	25.3802	-0.996094	-0.0321655	0.0834351	201	255
[3175]	757	1058	0	-4.58431	-11.1325	0.2	25.4049	-0.00677109	-0.987305	-0.157959	201	255
[3176]	760	1058	0	-4.61463	-11.1326	0.2	25.3986	-0.0560608	-0.994141	0.0898438	201	255
[3177]	757	1059	0	-4.58431	-11.1325	0.2	25.4049	-0.00677109	-0.987305	-0.157959	201	255
[3178]	761	1059	0	-4.60595	-11.1082	0.2	25.3802	-0.996094	-0.0321655	0.0834351	201	255
[3179]	751	1059	0	-4.58095	-11.1076	0.2	25.3844	-0.991699	0.109253	0.06604	201	255
[3180]	761	1060	0	-4.60595	-11.1082	0.2	25.3802	-0.996094	-0.0321655	0.0834351	201	255
[3181]	753	1060	0	-4.58494	-11.0821	0.2	25.4027	0.0435486	0.995117	-0.0884399	201	255
[3182]	751	1060	0	-4.58095	-11.1076	0.2	25.3844	-0.991699	0.109253	0.06604	201	255
[3183]	753	1061	0	-4.58494	-11.0821	0.2	25.4027	0.0435486	0.995117	-0.0884399	201	255
[3184]	761	1061	0	-4.60595	-11.1082	0.2	25.3802	-0.996094	-0.0321655	0.0834351	201	255
[3185]	764	1061	0	-4.60565	-11.0716	0.2	25.4015	0.0707397	0.920898	-0.383301	201	255
[3186]	761	1062	0	-4.60595	-11.1082	0.2	25.3802	-0.996094	-0.0321655	0.0834351	201	255
[3187]	762	1062	0	-4.61905	-11.0586	0.2	25.3969	-0.0292053	-0.332275	-0.942871	201	255
[3188]	764	1062	0	-4.60565	-11.0716	0.2	25.4015	0.0707397	0.920898	-0.383301	201	255
[3189]	762	1063	0	-4.61905	-11.0586	0.2	25.3969	-0.0292053	-0.332275	-0.942871	201	255
[3190]	761	1063	0	-4.60595	-11.1082	0.2	25.3802	-0.996094	-0.0321655	0.0834351	201	255
[3191]	759	1063	0	-4.63213	-11.0864	0.2	25.3724	-0.756348	-0.572266	-0.317139	201	255
[3192]	768	1064	0	-4.68334	-11.3424	0.2	25.3483	-0.412354	0.838379	0.356934	201	255
[3193]	767	1064	0	-4.68506	-11.3458	0.2	25.3642	0.924316	0.224731	-0.309082	201	255
[3194]	763	1064	0	-4.67203	-11.3237	0.2	25.357	0.0871582	0.759766	-0.644043	201	255
[3195]	781	1065	0	-4.70757	-11.3518	0.2	25.3505	-0.00374985	0.990234	0.139282	201	255
[3196]	767	1065	0	-4.68506	-11.3458	0.2	25.3642	0.924316	0.224731	-0.309082	201	255
[3197]	768	1065	0	-4.68334	-11.3424	0.2	25.3483	-0.412354	0.838379	0.356934	201	255
[3198]	767	1066	0	-4.68506	-11.3458	0.2	25.3642	0.924316	0.224731	-0.309082	201	255
[3199]	781	1066	0	-4.70757	-11.3518	0.2	25.3505	-0.00374985	0.990234	0.139282	201	255
[3200]	786	1066	0	-4.70784	-11.3663	0.2	25.3662	0.93457	0.0117493	-0.355713	201	255
[3201]	786	1067	0	-4.70784	-11.3663	0.2	25.3662	0.93457	0.0117493	-0.355713	201	255
[3202]	766	1067	0	-4.67912	-11.3617	0.2	25.3563	-0.156372	-0.671875	-0.723633	201	255
[3203]	767	1067	0	-4.68506	-11.3458	0.2	25.3642	0.924316	0.224731	-0.309082	201	255
[3204]	767	1068	0	-4.68506	-11.3458	0.2	25.3642	0.924316	0.224731	-0.309082	201	255
[3205]	766	1068	0	-4.67912	-11.3617	0.2	25.3563	-0.156372	-0.671875	-0.723633	201	255
[3206]	763	1068	0	-4.67203	-11.3237	0.2	25.357	0.0871582	0.759766	-0.644043	201	255
[3207]	766	1069	0	-4.67912	-11.3617	0.2	25.3563	-0.156372	-0.671875	-0.723633	201	255
[3208]	772	1069	0	-4.6806	-11.3516	0.2	25.3458	-0.984375	0.0327454	-0.174561	201	255
[3209]	763	1069	0	-4.67203	-11.3237	0.2	25.357	0.0871582	0.759766	-0.644043	201	255
[3210]	772	1070	0	-4.6806	-11.3516	0.2	25.3458	-0.984375	0.0327454	-0.174561	201	255
[3211]	773	1070	0	-4.68334	-11.3424	0.2	25.3483	-0.412354	0.838379	0.356934	201	255
[3212]	763	1070	0	-4.67203	-11.3237	0.2	25.357	0.0871582	0.759766	-0.644043	201	255
[3213]	772	1071	0	-4.6806	-11.3516	0.2	25.3458	-0.984375	0.0327454	-0.174561	201	255
[3214]	770	1071	0	-4.70757	-11.3518	0.2	25.3505	-0.00374985	0.990234	0.139282	201	255
[3215]	773	1071	0	-4.68334	-11.3424	0.2	25.3483	-0.412354	0.838379	0.356934	201	255
[3216]	770	1072	0	-4.70757	-11.3518	0.2	25.3505	-0.00374985	0.990234	0.139282	201	255
[3217]	772	1072	0	-4.6806	-11.3516	0.2	25.3458	-0.984375	0.0327454	-0.174561	201	255
[3218]	771	1072	0	-4.70656	-11.3709	0.2	25.3396	-0.994629	0.0981445	0.0348206	201	255
[3219]	771	1073	0	-4.70656	-11.3709	0.2	25.3396	-0.994629	0.0981445	0.0348206	201	255
[3220]	777	1073	0	-4.7296	-11.3494	0.2	25.3514	0.0803833	0.996094	-0.0404358	201	255
[3221]	770	1073	0	-4.70757	-11.3518	0.2	25.3505	-0.00374985	0.990234	0.139282	201	255
[3222]	785	1074	0	-4.7296	-11.3494	0.2	25.3514	0.0803833	0.996094	-0.0404358	201	255
[3223]	786	1074	0	-4.70784	-11.3663	0.2	25.3662	0.93457	0.0117493	-0.355713	201	255
[3224]	781	1074	0	-4.70757	-11.3518	0.2	25.3505	-0.00374985	0.990234	0.139282	201	255
[3225]	786	1075	0	-4.70784	-11.3663	0.2	25.3662	0.93457	0.0117493	-0.355713	201	255
[3226]	785	1075	0	-4.7296	-11.3494	0.2	25.3514	0.0803833	0.996094	-0.0404358	201	255
[3227]	778	1075	0	-4.7373	-11.3822	0.2	25.3706	0.862793	-0.238403	-0.445557	201	255
[3228]	778	1076	0	-4.7373	-11.3822	0.2	25.3706	0.862793	-0.238403	-0.445557	201	255
[3229]	774	1076	0	-4.70473	-11.3909	0.2	25.3551	-0.13562	-0.89502	-0.425293	201	255
[3230]	786	1076	0	-4.70784	-11.3663	0.2	25.3662	0.93457	0.0117493	-0.355713	201	255
[3231]	766	1077	0	-4.67912	-11.3617	0.2	25.3563	-0.156372	-0.671875	-0.723633	201	255
[3232]	786	1077	0	-4.70784	-11.3663	0.2	25.3662	0.93457	0.0117493	-0.355713	201	255
[3233]	774	1077	0	-4.70473	-11.3909	0.2	25.3551	-0.13562	-0.89502	-0.425293	201	255
[3234]	771	1078	0	-4.70656	-11.3709	0.2	25.3396	-0.994629	0.0981445	0.0348206	201	255
[3235]	766	1078	0	-4.67912	-11.3617	0.2	25.3563	-0.156372	-0.671875	-0.723633	201	255
[3236]	774	1078	0	-4.70473	-11.3909	0.2	25.3551	-0.13562	-0.89502	-0.425293	201	255
[3237]	766	1079	0	-4.67912	-11.3617	0.2	25.3563	-0.156372	-0.671875	-0.723633	201	255
[3238]	771	1079	0	-4.70656	-11.3709	0.2	25.3396	-0.994629	0.0981445	0.0348206	201	255
[3239]	772	1079	0	-4.6806	-11.3516	0.2	25.3458	-0.984375	0.0327454	-0.174561	201	255
[3240]	776	1080	0	-4.74419	-11.3444	0.2	25.3596	-0.0096283	-0.262695	-0.964844	201	255
[3241]	778	1080	0	-4.7373	-11.3822	0.2	25.3706	0.862793	-0.238403	-0.445557	201	255
[3242]	785	1080	0	-4.7296	-11.3494	0.2	25.3514	0.0803833	0.996094	-0.0404358	201	255
[3243]	778	1081	0	-4.7373	-11.3822	0.2	25.3706	0.862793	-0.238403	-0.445557	201	255
[3244]	776	1081	0	-4.74419	-11.3444	0.2	25.3596	-0.0096283	-0.262695	-0.964844	201	255
[3245]	780	1081	0	-4.77218	-11.3846	0.2	25.376	0.477783	-0.812012	-0.335205	201	255
[3246]	780	1082	0	-4.77218	-11.3846	0.2	25.376	0.477783	-0.812012	-0.335205	201	255
[3247]	779	1082	0	-4.73985	-11.4166	0.2	25.355	-0.116699	-0.970215	-0.21228	201	255
[3248]	778	1082	0	-4.7373	-11.3822	0.2	25.3706	0.862793	-0.238403	-0.445557	201	255
[3249]	774	1083	0	-4.70473	-11.3909	0.2	25.3551	-0.13562	-0.89502	-0.425293	201	255
[3250]	778	1083	0	-4.7373	-11.3822	0.2	25.3706	0.862793	-0.238403	-0.445557	201	255
[3251]	779	1083	0	-4.73985	-11.4166	0.2	25.355	-0.116699	-0.970215	-0.21228	201	255
[3252]	782	1084	0	-4.73621	-11.3817	0.2	25.3321	-0.990723	0.134155	0.024353	201	255
[3253]	774	1084	0	-4.70473	-11.3909	0.2	25.3551	-0.13562	-0.89502	-0.425293	201	255
[3254]	779	1084	0	-4.73985	-11.4166	0.2	25.355	-0.116699	-0.970215	-0.21228	201	255
[3255]	774	1085	0	-4.70473	-11.3909	0.2	25.3551	-0.13562	-0.89502	-0.425293	201	255
[3256]	782	1085	0	-4.73621	-11.3817	0.2	25.3321	-0.990723	0.134155	0.024353	201	255
[3257]	771	1085	0	-4.70656	-11.3709	0.2	25.3396	-0.994629	0.0981445	0.0348206	201	255
[3258]	777	1086	0	-4.7296	-11.3494	0.2	25.3514	0.0803833	0.996094	-0.0404358	201	255
[3259]	771	1086	0	-4.70656	-11.3709	0.2	25.3396	-0.994629	0.0981445	0.0348206	201	255
[3260]	782	1086	0	-4.73621	-11.3817	0.2	25.3321	-0.990723	0.134155	0.024353	201	255
[3261]	782	1087	0	-4.73621	-11.3817	0.2	25.3321	-0.990723	0.134155	0.024353	201	255
[3262]	783	1087	0	-4.74419	-11.3444	0.2	25.3596	-0.0096283	-0.262695	-0.964844	201	255
[3263]	777	1087	0	-4.7296	-11.3494	0.2	25.3514	0.0803833	0.996094	-0.0404358	201	255
[3264]	783	1088	0	-4.74419	-11.3444	0.2	25.3596	-0.0096283	-0.262695	-0.964844	201	255
[3265]	782	1088	0	-4.73621	-11.3817	0.2	25.3321	-0.990723	0.134155	0.024353	201	255
[3266]	775	1088	0	-4.77232	-11.3826	0.2	25.3182	-0.721191	-0.6875	-0.0855103	201	255
[3267]	779	1089	0	-4.73985	-11.4166	0.2	25.355	-0.116699	-0.970215	-0.21228	201	255
[3268]	775	1089	0	-4.77232	-11.3826	0.2	25.3182	-0.721191	-0.6875	-0.0855103	201	255
[3269]	782	1089	0	-4.73621	-11.3817	0.2	25.3321	-0.990723	0.134155	0.024353	201	255
[3270]	775	1090	0	-4.77232	-11.3826	0.2	25.3182	-0.721191	-0.6875	-0.0855103	201	255
[3271]	779	1090	0	-4.73985	-11.4166	0.2	25.355	-0.116699	-0.970215	-0.21228	201	255
[3272]	769	1090	0	-4.79265	-11.4027	0.2	25.3532	-0.115601	-0.98877	-0.0933228	201	255
[3273]	779	1091	0	-4.73985	-11.4166	0.2	25.355	-0.116699	-0.970215	-0.21228	201	255
[3274]	780	1091	0	-4.77218	-11.3846	0.2	25.376	0.477783	-0.812012	-0.335205	201	255
[3275]	769	1091	0	-4.79265	-11.4027	0.2	25.3532	-0.115601	-0.98877	-0.0933228	201	255
[3276]	787	1092	0	-4.90277	-11.6433	0.2	25.3327	0.0545654	0.994141	0.0949707	201	255
[3277]	789	1092	0	-4.89565	-11.6391	0.2	25.3488	0.885742	0.37915	-0.268555	201	255
[3278]	784	1092	0	-4.86392	-11.6297	0.2	25.3415	-0.109558	0.30249	-0.946777	201	255
[3279]	787	1093	0	-4.90277	-11.6433	0.2	25.3327	0.0545654	0.994141	0.0949707	201	255
[3280]	799	1093	0	-4.95475	-11.6522	0.2	25.3474	0.945312	0.147583	-0.291748	201	255
[3281]	789	1093	0	-4.89565	-11.6391	0.2	25.3488	0.885742	0.37915	-0.268555	201	255
[3282]	799	1094	0	-4.95475	-11.6522	0.2	25.3474	0.945312	0.147583	-0.291748	201	255
[3283]	788	1094	0	-4.89881	-11.6733	0.2	25.3385	-0.0686035	-0.941406	-0.32959	201	255
[3284]	789	1094	0	-4.89565	-11.6391	0.2	25.3488	0.885742	0.37915	-0.268555	201	255
[3285]	789	1095	0	-4.89565	-11.6391	0.2	25.3488	0.885742	0.37915	-0.268555	201	255
[3286]	788	1095	0	-4.89881	-11.6733	0.2	25.3385	-0.0686035	-0.941406	-0.32959	201	255
[3287]	784	1095	0	-4.86392	-11.6297	0.2	25.3415	-0.109558	0.30249	-0.946777	201	255
[3288]	788	1096	0	-4.89881	-11.6733	0.2	25.3385	-0.0686035	-0.941406	-0.32959	201	255
[3289]	791	1096	0	-4.90139	-11.6478	0.2	25.3199	-0.921875	0.387207	-0.022522	201	255
[3290]	784	1096	0	-4.86392	-11.6297	0.2	25.3415	-0.109558	0.30249	-0.946777	201	255
[3291]	791	1097	0	-4.90139	-11.6478	0.2	25.3199	-0.921875	0.387207	-0.022522	201	255
[3292]	792	1097	0	-4.90277	-11.6433	0.2	25.3327	0.0545654	0.994141	0.0949707	201	255
[3293]	784	1097	0	-4.86392	-11.6297	0.2	25.3415	-0.109558	0.30249	-0.946777	201	255
[3294]	791	1098	0	-4.90139	-11.6478	0.2	25.3199	-0.921875	0.387207	-0.022522	201	255
[3295]	790	1098	0	-4.95328	-11.6468	0.2	25.3233	0.0640869	0.983398	-0.170654	201	255
[3296]	792	1098	0	-4.90277	-11.6433	0.2	25.3327	0.0545654	0.994141	0.0949707	201	255
[3297]	790	1099	0	-4.95328	-11.6468	0.2	25.3233	0.0640869	0.983398	-0.170654	201	255
[3298]	791	1099	0	-4.90139	-11.6478	0.2	25.3199	-0.921875	0.387207	-0.022522	201	255
[3299]	793	1099	0	-4.95296	-11.6565	0.2	25.3027	-0.972656	0.198486	-0.120117	201	255
[3300]	793	1100	0	-4.95296	-11.6565	0.2	25.3027	-0.972656	0.198486	-0.120117	201	255
[3301]	806	1100	0	-5.00255	-11.617	0.2	25.3098	-0.16687	0.845703	-0.506836	201	255
[3302]	790	1100	0	-4.95328	-11.6468	0.2	25.3233	0.0640869	0.983398	-0.170654	201	255
[3303]	799	1101	0	-4.95475	-11.6522	0.2	25.3474	0.945312	0.147583	-0.291748	201	255
[3304]	787	1101	0	-4.90277	-11.6433	0.2	25.3327	0.0545654	0.994141	0.0949707	201	255
[3305]	797	1101	0	-4.95328	-11.6468	0.2	25.3233	0.0640869	0.983398	-0.170654	201	255
[3306]	798	1102	0	-5.00255	-11.617	0.2	25.3098	-0.16687	0.845703	-0.506836	201	255
[3307]	799	1102	0	-4.95475	-11.6522	0.2	25.3474	0.945312	0.147583	-0.291748	201	255
[3308]	797	1102	0	-4.95328	-11.6468	0.2	25.3233	0.0640869	0.983398	-0.170654	201	255
[3309]	799	1103	0	-4.95475	-11.6522	0.2	25.3474	0.945312	0.147583	-0.291748	201	255
[3310]	798	1103	0	-5.00255	-11.617	0.2	25.3098	-0.16687	0.845703	-0.506836	201	255
[3311]	796	1103	0	-5.01389	-11.6171	0.2	25.3492	0.905762	0.116699	-0.407227	201	255
[3312]	796	1104	0	-5.01389	-11.6171	0.2	25.3492	0.905762	0.116699	-0.407227	201	255
[3313]	794	1104	0	-4.95871	-11.6882	0.2	25.3307	0.020401	-0.999512	-0.0158386	201	255
[3314]	799	1104	0	-4.95475	-11.6522	0.2	25.3474	0.945312	0.147583	-0.291748	201	255
[3315]	788	1105	0	-4.89881	-11.6733	0.2	25.3385	-0.0686035	-0.941406	-0.32959	201	255
[3316]	799	1105	0	-4.95475	-11.6522	0.2	25.3474	0.945312	0.147583	-0.291748	201	255
[3317]	794	1105	0	-4.95871	-11.6882	0.2	25.3307	0.020401	-0.999512	-0.0158386	201	255
[3318]	794	1106	0	-4.95871	-11.6882	0.2	25.3307	0.020401	-0.999512	-0.0158386	201	255
[3319]	791	1106	0	-4.90139	-11.6478	0.2	25.3199	-0.921875	0.387207	-0.022522	201	255
[3320]	788	1106	0	-4.89881	-11.6733	0.2	25.3385	-0.0686035	-0.941406	-0.32959	201	255
[3321]	791	1107	0	-4.90139	-11.6478	0.2	25.3199	-0.921875	0.387207	-0.022522	201	255
[3322]	794	1107	0	-4.95871	-11.6882	0.2	25.3307	0.020401	-0.999512	-0.0158386	201	255
[3323]	793	1107	0	-4.95296	-11.6565	0.2	25.3027	-0.972656	0.198486	-0.120117	201	255
[3324]	794	1108	0	-4.95871	-11.6882	0.2	25.3307	0.020401	-0.999512	-0.0158386	201	255
[3325]	803	1108	0	-5.01146	-11.6417	0.2	25.2805	-0.98877	-0.150635	0.0121231	201	255
[3326]	793	1108	0	-4.95296	-11.6565	0.2	25.3027	-0.972656	0.198486	-0.120117	201	255
[3327]	806	1109	0	-5.00255	-11.617	0.2	25.3098	-0.16687	0.845703	-0.506836	201	255
[3328]	793	1109	0	-4.95296	-11.6565	0.2	25.3027	-0.972656	0.198486	-0.120117	201	255
[3329]	803	1109	0	-5.01146	-11.6417	0.2	25.2805	-0.98877	-0.150635	0.0121231	201	255
[3330]	803	1110	0	-5.01146	-11.6417	0.2	25.2805	-0.98877	-0.150635	0.0121231	201	255
[3331]	804	1110	0	-5.03324	-11.5612	0.2	25.287	-0.772949	-0.276367	-0.571289	201	255
[3332]	806	1110	0	-5.00255	-11.617	0.2	25.3098	-0.16687	0.845703	-0.506836	201	255
[3333]	804	1111	0	-5.03324	-11.5612	0.2	25.287	-0.772949	-0.276367	-0.571289	201	255
[3334]	803	1111	0	-5.01146	-11.6417	0.2	25.2805	-0.98877	-0.150635	0.0121231	201	255
[3335]	801	1111	0	-5.07652	-11.5814	0.2	25.2678	-0.819336	-0.535645	0.202881	201	255
[3336]	802	1112	0	-5.02711	-11.6727	0.2	25.3204	0.118896	-0.94873	0.29248	201	255
[3337]	801	1112	0	-5.07652	-11.5814	0.2	25.2678	-0.819336	-0.535645	0.202881	201	255
[3338]	803	1112	0	-5.01146	-11.6417	0.2	25.2805	-0.98877	-0.150635	0.0121231	201	255
[3339]	801	1113	0	-5.07652	-11.5814	0.2	25.2678	-0.819336	-0.535645	0.202881	201	255
[3340]	802	1113	0	-5.02711	-11.6727	0.2	25.3204	0.118896	-0.94873	0.29248	201	255
[3341]	795	1113	0	-5.10141	-11.5967	0.2	25.3068	0.114868	-0.942871	0.312012	201	255
[3342]	800	1114	0	-5.03324	-11.5612	0.2	25.287	-0.772949	-0.276367	-0.571289	201	255
[3343]	796	1114	0	-5.01389	-11.6171	0.2	25.3492	0.905762	0.116699	-0.407227	201	255
[3344]	798	1114	0	-5.00255	-11.617	0.2	25.3098	-0.16687	0.845703	-0.506836	201	255
[3345]	796	1115	0	-5.01389	-11.6171	0.2	25.3492	0.905762	0.116699	-0.407227	201	255
[3346]	800	1115	0	-5.03324	-11.5612	0.2	25.287	-0.772949	-0.276367	-0.571289	201	255
[3347]	807	1115	0	-5.07647	-11.5554	0.2	25.3471	0.762207	-0.541016	-0.356201	201	255
[3348]	807	1116	0	-5.07647	-11.5554	0.2	25.3471	0.762207	-0.541016	-0.356201	201	255
[3349]	802	1116	0	-5.02711	-11.6727	0.2	25.3204	0.118896	-0.94873	0.29248	201	255
[3350]	796	1116	0	-5.01389	-11.6171	0.2	25.3492	0.905762	0.116699	-0.407227	201	255
[3351]	794	1117	0	-4.95871	-11.6882	0.2	25.3307	0.020401	-0.999512	-0.0158386	201	255
[3352]	796	1117	0	-5.01389	-11.6171	0.2	25.3492	0.905762	0.116699	-0.407227	201	255
[3353]	802	1117	0	-5.02711	-11.6727	0.2	25.3204	0.118896	-0.94873	0.29248	201	255
[3354]	803	1118	0	-5.01146	-11.6417	0.2	25.2805	-0.98877	-0.150635	0.0121231	201	255
[3355]	794	1118	0	-4.95871	-11.6882	0.2	25.3307	0.020401	-0.999512	-0.0158386	201	255
[3356]	802	1118	0	-5.02711	-11.6727	0.2	25.3204	0.118896	-0.94873	0.29248	201	255
[3357]	802	1119	0	-5.02711	-11.6727	0.2	25.3204	0.118896	-0.94873	0.29248	201	255
[3358]	807	1119	0	-5.07647	-11.5554	0.2	25.3471	0.762207	-0.541016	-0.356201	201	255
[3359]	795	1119	0	-5.10141	-11.5967	0.2	25.3068	0.114868	-0.942871	0.312012	201	255
[3360]	1016	1120	0	-4.10877	-10.3165	0.2	26.0809	-0.544922	0.73877	-0.396973	201	255
[3361]	805	1120	0	-4.07482	-10.3272	0.2	26.1009	0.107239	-0.13562	-0.984863	201	255
[3362]	1015	1120	0	-4.10695	-10.3243	0.2	26.0779	-0.945801	-0.0477295	-0.321533	201	255
[3363]	1015	1121	0	-4.10695	-10.3243	0.2	26.0779	-0.945801	-0.0477295	-0.321533	201	255
[3364]	805	1121	0	-4.07482	-10.3272	0.2	26.1009	0.107239	-0.13562	-0.984863	201	255
[3365]	1028	1121	0	-4.11425	-10.3384	0.2	26.0861	0.408447	-0.908691	0.0858154	201	255
[3366]	1028	1122	0	-4.11425	-10.3384	0.2	26.0861	0.408447	-0.908691	0.0858154	201	255
[3367]	1021	1122	0	-4.14353	-10.314	0.2	26.0379	-0.831543	-0.432861	-0.3479	201	255
[3368]	1015	1122	0	-4.10695	-10.3243	0.2	26.0779	-0.945801	-0.0477295	-0.321533	201	255
[3369]	1034	1123	0	-4.14164	-10.2935	0.2	26.0484	-0.505859	0.591309	-0.62793	201	255
[3370]	1015	1123	0	-4.10695	-10.3243	0.2	26.0779	-0.945801	-0.0477295	-0.321533	201	255
[3371]	1021	1123	0	-4.14353	-10.314	0.2	26.0379	-0.831543	-0.432861	-0.3479	201	255
[3372]	1015	1124	0	-4.10695	-10.3243	0.2	26.0779	-0.945801	-0.0477295	-0.321533	201	255
[3373]	1034	1124	0	-4.14164	-10.2935	0.2	26.0484	-0.505859	0.591309	-0.62793	201	255
[3374]	1016	1124	0	-4.10877	-10.3165	0.2	26.0809	-0.544922	0.73877	-0.396973	201	255
[3375]	1028	1125	0	-4.11425	-10.3384	0.2	26.0861	0.408447	-0.908691	0.0858154	201	255
[3376]	805	1125	0	-4.07482	-10.3272	0.2	26.1009	0.107239	-0.13562	-0.984863	201	255
[3377]	1029	1125	0	-4.11062	-10.3094	0.2	26.0854	0.569824	0.773926	-0.276367	201	255
[3378]	1029	1126	0	-4.11062	-10.3094	0.2	26.0854	0.569824	0.773926	-0.276367	201	255
[3379]	1019	1126	0	-4.15872	-10.322	0.2	26.0553	0.461914	-0.802734	0.376953	201	255
[3380]	1028	1126	0	-4.11425	-10.3384	0.2	26.0861	0.408447	-0.908691	0.0858154	201	255
[3381]	1021	1127	0	-4.14353	-10.314	0.2	26.0379	-0.831543	-0.432861	-0.3479	201	255
[3382]	1028	1127	0	-4.11425	-10.3384	0.2	26.0861	0.408447	-0.908691	0.0858154	201	255
[3383]	1019	1127	0	-4.15872	-10.322	0.2	26.0553	0.461914	-0.802734	0.376953	201	255
[3384]	1019	1128	0	-4.15872	-10.322	0.2	26.0553	0.461914	-0.802734	0.376953	201	255
[3385]	1025	1128	0	-4.17599	-10.299	0.2	25.9865	-0.62793	-0.775391	-0.0693359	201	255
[3386]	1021	1128	0	-4.14353	-10.314	0.2	26.0379	-0.831543	-0.432861	-0.3479	201	255
[3387]	1027	1129	0	-4.15919	-10.2606	0.2	26.0093	-0.389404	0.399414	-0.82959	201	255
[3388]	1021	1129	0	-4.14353	-10.314	0.2	26.0379	-0.831543	-0.432861	-0.3479	201	255
[3389]	1025	1129	0	-4.17599	-10.299	0.2	25.9865	-0.62793	-0.775391	-0.0693359	201	255
[3390]	1021	1130	0	-4.14353	-10.314	0.2	26.0379	-0.831543	-0.432861	-0.3479	201	255
[3391]	1027	1130	0	-4.15919	-10.2606	0.2	26.0093	-0.389404	0.399414	-0.82959	201	255
[3392]	1034	1130	0	-4.14164	-10.2935	0.2	26.0484	-0.505859	0.591309	-0.62793	201	255
[3393]	1029	1131	0	-4.11062	-10.3094	0.2	26.0854	0.569824	0.773926	-0.276367	201	255
[3394]	805	1131	0	-4.07482	-10.3272	0.2	26.1009	0.107239	-0.13562	-0.984863	201	255
[3395]	1022	1131	0	-4.10877	-10.3165	0.2	26.0809	-0.544922	0.73877	-0.396973	201	255
[3396]	1020	1132	0	-4.14164	-10.2935	0.2	26.0484	-0.505859	0.591309	-0.62793	201	255
[3397]	1029	1132	0	-4.11062	-10.3094	0.2	26.0854	0.569824	0.773926	-0.276367	201	255
[3398]	1022	1132	0	-4.10877	-10.3165	0.2	26.0809	-0.544922	0.73877	-0.396973	201	255
[3399]	1029	1133	0	-4.11062	-10.3094	0.2	26.0854	0.569824	0.773926	-0.276367	201	255
[3400]	1020	1133	0	-4.14164	-10.2935	0.2	26.0484	-0.505859	0.591309	-0.62793	201	255
[3401]	1018	1133	0	-4.14809	-10.2747	0.2	26.0617	0.734863	0.599609	-0.317627	201	255
[3402]	1019	1134	0	-4.15872	-10.322	0.2	26.0553	0.461914	-0.802734	0.376953	201	255
[3403]	1029	1134	0	-4.11062	-10.3094	0.2	26.0854	0.569824	0.773926	-0.276367	201	255
[3404]	1018	1134	0	-4.14809	-10.2747	0.2	26.0617	0.734863	0.599609	-0.317627	201	255
[3405]	1026	1135	0	-4.18529	-10.2321	0.2	26.0238	0.885742	0.461914	-0.0474548	201	255
[3406]	1019	1135	0	-4.15872	-10.322	0.2	26.0553	0.461914	-0.802734	0.376953	201	255
[3407]	1018	1135	0	-4.14809	-10.2747	0.2	26.0617	0.734863	0.599609	-0.317627	201	255
[3408]	1019	1136	0	-4.15872	-10.322	0.2	26.0553	0.461914	-0.802734	0.376953	201	255
[3409]	1026	1136	0	-4.18529	-10.2321	0.2	26.0238	0.885742	0.461914	-0.0474548	201	255
[3410]	1033	1136	0	-4.19894	-10.2849	0.2	26.0055	0.450195	-0.592773	0.667969	201	255
[3411]	1025	1137	0	-4.17599	-10.299	0.2	25.9865	-0.62793	-0.775391	-0.0693359	201	255
[3412]	1019	1137	0	-4.15872	-10.322	0.2	26.0553	0.461914	-0.802734	0.376953	201	255
[3413]	1033	1137	0	-4.19894	-10.2849	0.2	26.0055	0.450195	-0.592773	0.667969	201	255
[3414]	1033	1138	0	-4.19894	-10.2849	0.2	26.0055	0.450195	-0.592773	0.667969	201	255
[3415]	1017	1138	0	-4.20133	-10.2745	0.2	25.9383	0.392334	-0.781738	0.484863	201	255
[3416]	1025	1138	0	-4.17599	-10.299	0.2	25.9865	-0.62793	-0.775391	-0.0693359	201	255
[3417]	1032	1139	0	-4.15832	-10.2267	0.2	25.9746	0.64209	-0.680176	-0.353516	201	255
[3418]	1025	1139	0	-4.17599	-10.299	0.2	25.9865	-0.62793	-0.775391	-0.0693359	201	255
[3419]	1017	1139	0	-4.20133	-10.2745	0.2	25.9383	0.392334	-0.781738	0.484863	201	255
[3420]	1025	1140	0	-4.17599	-10.299	0.2	25.9865	-0.62793	-0.775391	-0.0693359	201	255
[3421]	1032	1140	0	-4.15832	-10.2267	0.2	25.9746	0.64209	-0.680176	-0.353516	201	255
[3422]	1027	1140	0	-4.15919	-10.2606	0.2	26.0093	-0.389404	0.399414	-0.82959	201	255
[3423]	1023	1141	0	-4.15919	-10.2606	0.2	26.0093	-0.38916	0.401367	-0.829102	201	255
[3424]	1018	1141	0	-4.14809	-10.2747	0.2	26.0617	0.734863	0.599609	-0.317627	201	255
[3425]	1020	1141	0	-4.14164	-10.2935	0.2	26.0484	-0.505859	0.591309	-0.62793	201	255
[3426]	1018	1142	0	-4.14809	-10.2747	0.2	26.0617	0.734863	0.599609	-0.317627	201	255
[3427]	1023	1142	0	-4.15919	-10.2606	0.2	26.0093	-0.38916	0.401367	-0.829102	201	255
[3428]	1026	1142	0	-4.18529	-10.2321	0.2	26.0238	0.885742	0.461914	-0.0474548	201	255
[3429]	1024	1143	0	-4.15832	-10.2267	0.2	25.9746	0.64209	-0.680176	-0.353516	201	255
[3430]	1026	1143	0	-4.18529	-10.2321	0.2	26.0238	0.885742	0.461914	-0.0474548	201	255
[3431]	1023	1143	0	-4.15919	-10.2606	0.2	26.0093	-0.38916	0.401367	-0.829102	201	255
[3432]	1026	1144	0	-4.18529	-10.2321	0.2	26.0238	0.885742	0.461914	-0.0474548	201	255
[3433]	1024	1144	0	-4.15832	-10.2267	0.2	25.9746	0.64209	-0.680176	-0.353516	201	255
[3434]	1030	1144	0	-4.20858	-10.1794	0.2	25.979	0.770508	-0.480957	0.418213	201	255
[3435]	1030	1145	0	-4.20858	-10.1794	0.2	25.979	0.770508	-0.480957	0.418213	201	255
[3436]	1033	1145	0	-4.19894	-10.2849	0.2	26.0055	0.450195	-0.592773	0.667969	201	255
[3437]	1026	1145	0	-4.18529	-10.2321	0.2	26.0238	0.885742	0.461914	-0.0474548	201	255
[3438]	1033	1146	0	-4.19894	-10.2849	0.2	26.0055	0.450195	-0.592773	0.667969	201	255
[3439]	1030	1146	0	-4.20858	-10.1794	0.2	25.979	0.770508	-0.480957	0.418213	201	255
[3440]	1031	1146	0	-4.22147	-10.204	0.2	25.9351	0.606445	-0.526855	0.595215	201	255
[3441]	1017	1147	0	-4.20133	-10.2745	0.2	25.9383	0.392334	-0.781738	0.484863	201	255
[3442]	1033	1147	0	-4.19894	-10.2849	0.2	26.0055	0.450195	-0.592773	0.667969	201	255
[3443]	1031	1147	0	-4.22147	-10.204	0.2	25.9351	0.606445	-0.526855	0.595215	201	255
[3444]	809	1148	0	-5.39192	-11.1674	0.2	25.5769	-0.606445	0.767578	-0.207275	201	255
[3445]	808	1148	0	-5.35991	-11.1867	0.2	25.5799	-0.222656	-0.00902557	-0.974609	201	255
[3446]	810	1148	0	-5.39316	-11.1952	0.2	25.5775	-0.704102	-0.707031	-0.0652466	201	255
[3447]	810	1149	0	-5.39316	-11.1952	0.2	25.5775	-0.704102	-0.707031	-0.0652466	201	255
[3448]	808	1149	0	-5.35991	-11.1867	0.2	25.5799	-0.222656	-0.00902557	-0.974609	201	255
[3449]	815	1149	0	-5.39698	-11.1924	0.2	25.5919	0.650879	-0.743164	-0.157349	201	255
[3450]	815	1150	0	-5.39698	-11.1924	0.2	25.5919	0.650879	-0.743164	-0.157349	201	255
[3451]	818	1150	0	-5.42341	-11.1918	0.2	25.5639	-0.743652	-0.666992	0.0418091	201	255
[3452]	810	1150	0	-5.39316	-11.1952	0.2	25.5775	-0.704102	-0.707031	-0.0652466	201	255
[3453]	818	1151	0	-5.42341	-11.1918	0.2	25.5639	-0.743652	-0.666992	0.0418091	201	255
[3454]	809	1151	0	-5.39192	-11.1674	0.2	25.5769	-0.606445	0.767578	-0.207275	201	255
[3455]	810	1151	0	-5.39316	-11.1952	0.2	25.5775	-0.704102	-0.707031	-0.0652466	201	255
[3456]	809	1152	0	-5.39192	-11.1674	0.2	25.5769	-0.606445	0.767578	-0.207275	201	255
[3457]	818	1152	0	-5.42341	-11.1918	0.2	25.5639	-0.743652	-0.666992	0.0418091	201	255
[3458]	820	1152	0	-5.42434	-11.1526	0.2	25.5672	-0.619141	0.672363	-0.405029	201	255
[3459]	817	1153	0	-5.4676	-11.164	0.2	25.5364	-0.675781	-0.732422	0.0819702	201	255
[3460]	820	1153	0	-5.42434	-11.1526	0.2	25.5672	-0.619141	0.672363	-0.405029	201	255
[3461]	818	1153	0	-5.42341	-11.1918	0.2	25.5639	-0.743652	-0.666992	0.0418091	201	255
[3462]	820	1154	0	-5.42434	-11.1526	0.2	25.5672	-0.619141	0.672363	-0.405029	201	255
[3463]	817	1154	0	-5.4676	-11.164	0.2	25.5364	-0.675781	-0.732422	0.0819702	201	255
[3464]	828	1154	0	-5.45335	-11.1144	0.2	25.5452	-0.462402	0.474121	-0.749023	201	255
[3465]	817	1155	0	-5.4676	-11.164	0.2	25.5364	-0.675781	-0.732422	0.0819702	201	255
[3466]	819	1155	0	-5.46265	-11.078	0.2	25.5234	0.521484	-0.605469	-0.601562	201	255
[3467]	828	1155	0	-5.45335	-11.1144	0.2	25.5452	-0.462402	0.474121	-0.749023	201	255
[3468]	819	1156	0	-5.46265	-11.078	0.2	25.5234	0.521484	-0.605469	-0.601562	201	255
[3469]	817	1156	0	-5.4676	-11.164	0.2	25.5364	-0.675781	-0.732422	0.0819702	201	255
[3470]	823	1156	0	-5.48493	-11.1265	0.2	25.5002	0.325928	-0.945312	0.00708389	201	255
[3471]	815	1157	0	-5.39698	-11.1924	0.2	25.5919	0.650879	-0.743164	-0.157349	201	255
[3472]	808	1157	0	-5.35991	-11.1867	0.2	25.5799	-0.222656	-0.00902557	-0.974609	201	255
[3473]	812	1157	0	-5.39508	-11.1652	0.2	25.5912	0.760742	0.561035	-0.325684	201	255
[3474]	814	1158	0	-5.43156	-11.1419	0.2	25.5838	0.758789	0.572266	-0.311279	201	255
[3475]	815	1158	0	-5.39698	-11.1924	0.2	25.5919	0.650879	-0.743164	-0.157349	201	255
[3476]	812	1158	0	-5.39508	-11.1652	0.2	25.5912	0.760742	0.561035	-0.325684	201	255
[3477]	815	1159	0	-5.39698	-11.1924	0.2	25.5919	0.650879	-0.743164	-0.157349	201	255
[3478]	814	1159	0	-5.43156	-11.1419	0.2	25.5838	0.758789	0.572266	-0.311279	201	255
[3479]	816	1159	0	-5.43853	-11.1793	0.2	25.5833	0.663574	-0.713867	0.223877	201	255
[3480]	818	1160	0	-5.42341	-11.1918	0.2	25.5639	-0.743652	-0.666992	0.0418091	201	255
[3481]	815	1160	0	-5.39698	-11.1924	0.2	25.5919	0.650879	-0.743164	-0.157349	201	255
[3482]	816	1160	0	-5.43853	-11.1793	0.2	25.5833	0.663574	-0.713867	0.223877	201	255
[3483]	816	1161	0	-5.43853	-11.1793	0.2	25.5833	0.663574	-0.713867	0.223877	201	255
[3484]	817	1161	0	-5.4676	-11.164	0.2	25.5364	-0.675781	-0.732422	0.0819702	201	255
[3485]	818	1161	0	-5.42341	-11.1918	0.2	25.5639	-0.743652	-0.666992	0.0418091	201	255
[3486]	817	1162	0	-5.4676	-11.164	0.2	25.5364	-0.675781	-0.732422	0.0819702	201	255
[3487]	816	1162	0	-5.43853	-11.1793	0.2	25.5833	0.663574	-0.713867	0.223877	201	255
[3488]	826	1162	0	-5.48586	-11.1457	0.2	25.5613	0.534668	-0.640625	0.550781	201	255
[3489]	826	1163	0	-5.48586	-11.1457	0.2	25.5613	0.534668	-0.640625	0.550781	201	255
[3490]	823	1163	0	-5.48493	-11.1265	0.2	25.5002	0.325928	-0.945312	0.00708389	201	255
[3491]	817	1163	0	-5.4676	-11.164	0.2	25.5364	-0.675781	-0.732422	0.0819702	201	255
[3492]	823	1164	0	-5.48493	-11.1265	0.2	25.5002	0.325928	-0.945312	0.00708389	201	255
[3493]	826	1164	0	-5.48586	-11.1457	0.2	25.5613	0.534668	-0.640625	0.550781	201	255
[3494]	825	1164	0	-5.52395	-11.0716	0.2	25.5218	0.632812	-0.740234	0.228027	201	255
[3495]	826	1165	0	-5.48586	-11.1457	0.2	25.5613	0.534668	-0.640625	0.550781	201	255
[3496]	824	1165	0	-5.50107	-11.0499	0.2	25.5496	0.900879	-0.426758	0.0775757	201	255
[3497]	825	1165	0	-5.52395	-11.0716	0.2	25.5218	0.632812	-0.740234	0.228027	201	255
[3498]	812	1166	0	-5.39508	-11.1652	0.2	25.5912	0.760742	0.561035	-0.325684	201	255
[3499]	808	1166	0	-5.35991	-11.1867	0.2	25.5799	-0.222656	-0.00902557	-0.974609	201	255
[3500]	813	1166	0	-5.39192	-11.1674	0.2	25.5769	-0.606445	0.767578	-0.207275	201	255
[3501]	811	1167	0	-5.42434	-11.1526	0.2	25.5672	-0.619141	0.672363	-0.405029	201	255
[3502]	812	1167	0	-5.39508	-11.1652	0.2	25.5912	0.760742	0.561035	-0.325684	201	255
[3503]	813	1167	0	-5.39192	-11.1674	0.2	25.5769	-0.606445	0.767578	-0.207275	201	255
[3504]	812	1168	0	-5.39508	-11.1652	0.2	25.5912	0.760742	0.561035	-0.325684	201	255
[3505]	811	1168	0	-5.42434	-11.1526	0.2	25.5672	-0.619141	0.672363	-0.405029	201	255
[3506]	814	1168	0	-5.43156	-11.1419	0.2	25.5838	0.758789	0.572266	-0.311279	201	255
[3507]	821	1169	0	-5.45335	-11.1144	0.2	25.5452	-0.462402	0.474121	-0.749023	201	255
[3508]	814	1169	0	-5.43156	-11.1419	0.2	25.5838	0.758789	0.572266	-0.311279	201	255
[3509]	811	1169	0	-5.42434	-11.1526	0.2	25.5672	-0.619141	0.672363	-0.405029	201	255
[3510]	814	1170	0	-5.43156	-11.1419	0.2	25.5838	0.758789	0.572266	-0.311279	201	255
[3511]	821	1170	0	-5.45335	-11.1144	0.2	25.5452	-0.462402	0.474121	-0.749023	201	255
[3512]	827	1170	0	-5.46901	-11.1022	0.2	25.5712	0.883789	0.428467	-0.187988	201	255
[3513]	827	1171	0	-5.46901	-11.1022	0.2	25.5712	0.883789	0.428467	-0.187988	201	255
[3514]	816	1171	0	-5.43853	-11.1793	0.2	25.5833	0.663574	-0.713867	0.223877	201	255
[3515]	814	1171	0	-5.43156	-11.1419	0.2	25.5838	0.758789	0.572266	-0.311279	201	255
[3516]	816	1172	0	-5.43853	-11.1793	0.2	25.5833	0.663574	-0.713867	0.223877	201	255
[3517]	827	1172	0	-5.46901	-11.1022	0.2	25.5712	0.883789	0.428467	-0.187988	201	255
[3518]	826	1172	0	-5.48586	-11.1457	0.2	25.5613	0.534668	-0.640625	0.550781	201	255
[3519]	824	1173	0	-5.50107	-11.0499	0.2	25.5496	0.900879	-0.426758	0.0775757	201	255
[3520]	826	1173	0	-5.48586	-11.1457	0.2	25.5613	0.534668	-0.640625	0.550781	201	255
[3521]	827	1173	0	-5.46901	-11.1022	0.2	25.5712	0.883789	0.428467	-0.187988	201	255
[3522]	827	1174	0	-5.46901	-11.1022	0.2	25.5712	0.883789	0.428467	-0.187988	201	255
[3523]	822	1174	0	-5.46265	-11.078	0.2	25.5234	0.519043	-0.604492	-0.604492	201	255
[3524]	824	1174	0	-5.50107	-11.0499	0.2	25.5496	0.900879	-0.426758	0.0775757	201	255
[3525]	822	1175	0	-5.46265	-11.078	0.2	25.5234	0.519043	-0.604492	-0.604492	201	255
[3526]	827	1175	0	-5.46901	-11.1022	0.2	25.5712	0.883789	0.428467	-0.187988	201	255
[3527]	821	1175	0	-5.45335	-11.1144	0.2	25.5452	-0.462402	0.474121	-0.749023	201	255
[3528]	831	1176	0	-3.64017	-10.6438	0.2	26.0829	-0.682617	0.728516	-0.0570679	201	255
[3529]	829	1176	0	-3.60269	-10.6636	0.2	26.0766	-0.368896	-0.0653076	-0.927246	201	255
[3530]	830	1176	0	-3.64083	-10.6568	0.2	26.079	-0.937012	-0.290283	0.194092	201	255
[3531]	830	1177	0	-3.64083	-10.6568	0.2	26.079	-0.937012	-0.290283	0.194092	201	255
[3532]	829	1177	0	-3.60269	-10.6636	0.2	26.0766	-0.368896	-0.0653076	-0.927246	201	255
[3533]	836	1177	0	-3.63549	-10.6691	0.2	26.0966	0.528809	-0.820801	-0.216919	201	255
[3534]	833	1178	0	-3.68772	-10.6425	0.2	26.0947	0.685547	-0.726562	0.043335	201	255
[3535]	830	1178	0	-3.64083	-10.6568	0.2	26.079	-0.937012	-0.290283	0.194092	201	255
[3536]	836	1178	0	-3.63549	-10.6691	0.2	26.0966	0.528809	-0.820801	-0.216919	201	255
[3537]	830	1179	0	-3.64083	-10.6568	0.2	26.079	-0.937012	-0.290283	0.194092	201	255
[3538]	833	1179	0	-3.68772	-10.6425	0.2	26.0947	0.685547	-0.726562	0.043335	201	255
[3539]	844	1179	0	-3.68628	-10.6405	0.2	26.0695	-0.891113	-0.435059	0.126831	201	255
[3540]	837	1180	0	-3.68179	-10.6181	0.2	26.0789	-0.685059	0.681641	-0.256836	201	255
[3541]	830	1180	0	-3.64083	-10.6568	0.2	26.079	-0.937012	-0.290283	0.194092	201	255
[3542]	844	1180	0	-3.68628	-10.6405	0.2	26.0695	-0.891113	-0.435059	0.126831	201	255
[3543]	830	1181	0	-3.64083	-10.6568	0.2	26.079	-0.937012	-0.290283	0.194092	201	255
[3544]	837	1181	0	-3.68179	-10.6181	0.2	26.0789	-0.685059	0.681641	-0.256836	201	255
[3545]	831	1181	0	-3.64017	-10.6438	0.2	26.0829	-0.682617	0.728516	-0.0570679	201	255
[3546]	836	1182	0	-3.63549	-10.6691	0.2	26.0966	0.528809	-0.820801	-0.216919	201	255
[3547]	829	1182	0	-3.60269	-10.6636	0.2	26.0766	-0.368896	-0.0653076	-0.927246	201	255
[3548]	832	1182	0	-3.63498	-10.6386	0.2	26.0901	0.397217	0.821289	-0.40918	201	255
[3549]	841	1183	0	-3.68033	-10.6092	0.2	26.088	0.399658	0.758789	-0.51416	201	255
[3550]	836	1183	0	-3.63549	-10.6691	0.2	26.0966	0.528809	-0.820801	-0.216919	201	255
[3551]	832	1183	0	-3.63498	-10.6386	0.2	26.0901	0.397217	0.821289	-0.40918	201	255
[3552]	836	1184	0	-3.63549	-10.6691	0.2	26.0966	0.528809	-0.820801	-0.216919	201	255
[3553]	841	1184	0	-3.68033	-10.6092	0.2	26.088	0.399658	0.758789	-0.51416	201	255
[3554]	833	1184	0	-3.68772	-10.6425	0.2	26.0947	0.685547	-0.726562	0.043335	201	255
[3555]	846	1185	0	-3.73413	-10.5446	0.2	26.0821	0.625488	0.547852	-0.555664	201	255
[3556]	833	1185	0	-3.68772	-10.6425	0.2	26.0947	0.685547	-0.726562	0.043335	201	255
[3557]	841	1185	0	-3.68033	-10.6092	0.2	26.088	0.399658	0.758789	-0.51416	201	255
[3558]	833	1186	0	-3.68772	-10.6425	0.2	26.0947	0.685547	-0.726562	0.043335	201	255
[3559]	846	1186	0	-3.73413	-10.5446	0.2	26.0821	0.625488	0.547852	-0.555664	201	255
[3560]	854	1186	0	-3.75412	-10.5838	0.2	26.083	0.76709	-0.577148	0.280273	201	255
[3561]	838	1187	0	-3.7457	-10.6039	0.2	26.0465	-0.708496	-0.662598	0.242065	201	255
[3562]	833	1187	0	-3.68772	-10.6425	0.2	26.0947	0.685547	-0.726562	0.043335	201	255
[3563]	854	1187	0	-3.75412	-10.5838	0.2	26.083	0.76709	-0.577148	0.280273	201	255
[3564]	833	1188	0	-3.68772	-10.6425	0.2	26.0947	0.685547	-0.726562	0.043335	201	255
[3565]	838	1188	0	-3.7457	-10.6039	0.2	26.0465	-0.708496	-0.662598	0.242065	201	255
[3566]	844	1188	0	-3.68628	-10.6405	0.2	26.0695	-0.891113	-0.435059	0.126831	201	255
[3567]	843	1189	0	-3.72941	-10.5678	0.2	26.0592	-0.716797	0.507324	-0.47876	201	255
[3568]	844	1189	0	-3.68628	-10.6405	0.2	26.0695	-0.891113	-0.435059	0.126831	201	255
[3569]	838	1189	0	-3.7457	-10.6039	0.2	26.0465	-0.708496	-0.662598	0.242065	201	255
[3570]	844	1190	0	-3.68628	-10.6405	0.2	26.0695	-0.891113	-0.435059	0.126831	201	255
[3571]	843	1190	0	-3.72941	-10.5678	0.2	26.0592	-0.716797	0.507324	-0.47876	201	255
[3572]	837	1190	0	-3.68179	-10.6181	0.2	26.0789	-0.685059	0.681641	-0.256836	201	255
[3573]	832	1191	0	-3.63498	-10.6386	0.2	26.0901	0.397217	0.821289	-0.40918	201	255
[3574]	829	1191	0	-3.60269	-10.6636	0.2	26.0766	-0.368896	-0.0653076	-0.927246	201	255
[3575]	835	1191	0	-3.64017	-10.6438	0.2	26.0829	-0.682617	0.728516	-0.0570679	201	255
[3576]	835	1192	0	-3.64017	-10.6438	0.2	26.0829	-0.682617	0.728516	-0.0570679	201	255
[3577]	841	1192	0	-3.68033	-10.6092	0.2	26.088	0.399658	0.758789	-0.51416	201	255
[3578]	832	1192	0	-3.63498	-10.6386	0.2	26.0901	0.397217	0.821289	-0.40918	201	255
[3579]	841	1193	0	-3.68033	-10.6092	0.2	26.088	0.399658	0.758789	-0.51416	201	255
[3580]	835	1193	0	-3.64017	-10.6438	0.2	26.0829	-0.682617	0.728516	-0.0570679	201	255
[3581]	839	1193	0	-3.68179	-10.6181	0.2	26.0789	-0.685059	0.681641	-0.256836	201	255
[3582]	842	1194	0	-3.72941	-10.5678	0.2	26.0592	-0.716797	0.507324	-0.47876	201	255
[3583]	841	1194	0	-3.68033	-10.6092	0.2	26.088	0.399658	0.758789	-0.51416	201	255
[3584]	839	1194	0	-3.68179	-10.6181	0.2	26.0789	-0.685059	0.681641	-0.256836	201	255
[3585]	841	1195	0	-3.68033	-10.6092	0.2	26.088	0.399658	0.758789	-0.51416	201	255
[3586]	842	1195	0	-3.72941	-10.5678	0.2	26.0592	-0.716797	0.507324	-0.47876	201	255
[3587]	846	1195	0	-3.73413	-10.5446	0.2	26.0821	0.625488	0.547852	-0.555664	201	255
[3588]	845	1196	0	-3.74856	-10.518	0.2	26.0394	0.153564	-0.494873	-0.855469	201	255
[3589]	846	1196	0	-3.73413	-10.5446	0.2	26.0821	0.625488	0.547852	-0.555664	201	255
[3590]	842	1196	0	-3.72941	-10.5678	0.2	26.0592	-0.716797	0.507324	-0.47876	201	255
[3591]	846	1197	0	-3.73413	-10.5446	0.2	26.0821	0.625488	0.547852	-0.555664	201	255
[3592]	845	1197	0	-3.74856	-10.518	0.2	26.0394	0.153564	-0.494873	-0.855469	201	255
[3593]	856	1197	0	-3.77804	-10.4903	0.2	26.0663	0.904297	-0.409668	-0.121887	201	255
[3594]	856	1198	0	-3.77804	-10.4903	0.2	26.0663	0.904297	-0.409668	-0.121887	201	255
[3595]	854	1198	0	-3.75412	-10.5838	0.2	26.083	0.76709	-0.577148	0.280273	201	255
[3596]	846	1198	0	-3.73413	-10.5446	0.2	26.0821	0.625488	0.547852	-0.555664	201	255
[3597]	854	1199	0	-3.75412	-10.5838	0.2	26.083	0.76709	-0.577148	0.280273	201	255
[3598]	856	1199	0	-3.77804	-10.4903	0.2	26.0663	0.904297	-0.409668	-0.121887	201	255
[3599]	847	1199	0	-3.809	-10.5069	0.2	26.0475	0.633301	-0.714355	0.297607	201	255
[3600]	834	1200	0	-3.79525	-10.5533	0.2	26.0161	0.355225	-0.900879	0.248901	201	255
[3601]	854	1200	0	-3.75412	-10.5838	0.2	26.083	0.76709	-0.577148	0.280273	201	255
[3602]	847	1200	0	-3.809	-10.5069	0.2	26.0475	0.633301	-0.714355	0.297607	201	255
[3603]	854	1201	0	-3.75412	-10.5838	0.2	26.083	0.76709	-0.577148	0.280273	201	255
[3604]	834	1201	0	-3.79525	-10.5533	0.2	26.0161	0.355225	-0.900879	0.248901	201	255
[3605]	838	1201	0	-3.7457	-10.6039	0.2	26.0465	-0.708496	-0.662598	0.242065	201	255
[3606]	840	1202	0	-3.74856	-10.518	0.2	26.0394	0.153564	-0.494873	-0.855469	201	255
[3607]	838	1202	0	-3.7457	-10.6039	0.2	26.0465	-0.708496	-0.662598	0.242065	201	255
[3608]	834	1202	0	-3.79525	-10.5533	0.2	26.0161	0.355225	-0.900879	0.248901	201	255
[3609]	838	1203	0	-3.7457	-10.6039	0.2	26.0465	-0.708496	-0.662598	0.242065	201	255
[3610]	840	1203	0	-3.74856	-10.518	0.2	26.0394	0.153564	-0.494873	-0.855469	201	255
[3611]	843	1203	0	-3.72941	-10.5678	0.2	26.0592	-0.716797	0.507324	-0.47876	201	255
[3612]	852	1204	0	-3.70675	-10.4299	0.2	26.2022	-0.708008	0.682617	-0.181519	201	255
[3613]	851	1204	0	-3.67365	-10.4502	0.2	26.2093	-0.264893	-0.125244	-0.956055	201	255
[3614]	848	1204	0	-3.69792	-10.4521	0.2	26.2024	-0.814941	-0.578613	0.0160675	201	255
[3615]	848	1205	0	-3.69792	-10.4521	0.2	26.2024	-0.814941	-0.578613	0.0160675	201	255
[3616]	851	1205	0	-3.67365	-10.4502	0.2	26.2093	-0.264893	-0.125244	-0.956055	201	255
[3617]	860	1205	0	-3.69998	-10.4483	0.2	26.2232	0.797852	-0.514648	-0.314941	201	255
[3618]	860	1206	0	-3.69998	-10.4483	0.2	26.2232	0.797852	-0.514648	-0.314941	201	255
[3619]	855	1206	0	-3.75855	-10.4406	0.2	26.1785	-0.708496	-0.704102	0.0411377	201	255
[3620]	848	1206	0	-3.69792	-10.4521	0.2	26.2024	-0.814941	-0.578613	0.0160675	201	255
[3621]	855	1207	0	-3.75855	-10.4406	0.2	26.1785	-0.708496	-0.704102	0.0411377	201	255
[3622]	852	1207	0	-3.70675	-10.4299	0.2	26.2022	-0.708008	0.682617	-0.181519	201	255
[3623]	848	1207	0	-3.69792	-10.4521	0.2	26.2024	-0.814941	-0.578613	0.0160675	201	255
[3624]	852	1208	0	-3.70675	-10.4299	0.2	26.2022	-0.708008	0.682617	-0.181519	201	255
[3625]	855	1208	0	-3.75855	-10.4406	0.2	26.1785	-0.708496	-0.704102	0.0411377	201	255
[3626]	857	1208	0	-3.75562	-10.4121	0.2	26.1815	-0.758301	0.537598	-0.368896	201	255
[3627]	855	1209	0	-3.75855	-10.4406	0.2	26.1785	-0.708496	-0.704102	0.0411377	201	255
[3628]	862	1209	0	-3.79375	-10.3761	0.2	26.146	-0.839355	0.299072	-0.453857	201	255
[3629]	857	1209	0	-3.75562	-10.4121	0.2	26.1815	-0.758301	0.537598	-0.368896	201	255
[3630]	862	1210	0	-3.79375	-10.3761	0.2	26.146	-0.839355	0.299072	-0.453857	201	255
[3631]	855	1210	0	-3.75855	-10.4406	0.2	26.1785	-0.708496	-0.704102	0.0411377	201	255
[3632]	858	1210	0	-3.81353	-10.4093	0.2	26.149	-0.484375	-0.837402	0.253174	201	255
[3633]	858	1211	0	-3.81353	-10.4093	0.2	26.149	-0.484375	-0.837402	0.253174	201	255
[3634]	861	1211	0	-3.8123	-10.3245	0.2	26.1239	0.559082	-0.593262	-0.579102	201	255
[3635]	862	1211	0	-3.79375	-10.3761	0.2	26.146	-0.839355	0.299072	-0.453857	201	255
[3636]	861	1212	0	-3.8123	-10.3245	0.2	26.1239	0.559082	-0.593262	-0.579102	201	255
[3637]	858	1212	0	-3.81353	-10.4093	0.2	26.149	-0.484375	-0.837402	0.253174	201	255
[3638]	864	1212	0	-3.8555	-10.3765	0.2	26.1041	0.435547	-0.871582	0.223999	201	255
[3639]	860	1213	0	-3.69998	-10.4483	0.2	26.2232	0.797852	-0.514648	-0.314941	201	255
[3640]	851	1213	0	-3.67365	-10.4502	0.2	26.2093	-0.264893	-0.125244	-0.956055	201	255
[3641]	865	1213	0	-3.70538	-10.4229	0.2	26.2109	0.310303	0.884277	-0.348633	201	255
[3642]	865	1214	0	-3.70538	-10.4229	0.2	26.2109	0.310303	0.884277	-0.348633	201	255
[3643]	850	1214	0	-3.76745	-10.4255	0.2	26.2116	0.900879	-0.416016	0.126587	201	255
[3644]	860	1214	0	-3.69998	-10.4483	0.2	26.2232	0.797852	-0.514648	-0.314941	201	255
[3645]	855	1215	0	-3.75855	-10.4406	0.2	26.1785	-0.708496	-0.704102	0.0411377	201	255
[3646]	860	1215	0	-3.69998	-10.4483	0.2	26.2232	0.797852	-0.514648	-0.314941	201	255
[3647]	850	1215	0	-3.76745	-10.4255	0.2	26.2116	0.900879	-0.416016	0.126587	201	255
[3648]	850	1216	0	-3.76745	-10.4255	0.2	26.2116	0.900879	-0.416016	0.126587	201	255
[3649]	858	1216	0	-3.81353	-10.4093	0.2	26.149	-0.484375	-0.837402	0.253174	201	255
[3650]	855	1216	0	-3.75855	-10.4406	0.2	26.1785	-0.708496	-0.704102	0.0411377	201	255
[3651]	858	1217	0	-3.81353	-10.4093	0.2	26.149	-0.484375	-0.837402	0.253174	201	255
[3652]	850	1217	0	-3.76745	-10.4255	0.2	26.2116	0.900879	-0.416016	0.126587	201	255
[3653]	878	1217	0	-3.82836	-10.3785	0.2	26.1753	0.825195	-0.425781	0.371582	201	255
[3654]	878	1218	0	-3.82836	-10.3785	0.2	26.1753	0.825195	-0.425781	0.371582	201	255
[3655]	864	1218	0	-3.8555	-10.3765	0.2	26.1041	0.435547	-0.871582	0.223999	201	255
[3656]	858	1218	0	-3.81353	-10.4093	0.2	26.149	-0.484375	-0.837402	0.253174	201	255
[3657]	864	1219	0	-3.8555	-10.3765	0.2	26.1041	0.435547	-0.871582	0.223999	201	255
[3658]	878	1219	0	-3.82836	-10.3785	0.2	26.1753	0.825195	-0.425781	0.371582	201	255
[3659]	867	1219	0	-3.87655	-10.3294	0.2	26.1242	0.769531	-0.57373	0.280029	201	255
[3660]	878	1220	0	-3.82836	-10.3785	0.2	26.1753	0.825195	-0.425781	0.371582	201	255
[3661]	876	1220	0	-3.84732	-10.2906	0.2	26.1398	0.974121	-0.22522	0.0253448	201	255
[3662]	867	1220	0	-3.87655	-10.3294	0.2	26.1242	0.769531	-0.57373	0.280029	201	255
[3663]	876	1221	0	-3.84732	-10.2906	0.2	26.1398	0.974121	-0.22522	0.0253448	201	255
[3664]	878	1221	0	-3.82836	-10.3785	0.2	26.1753	0.825195	-0.425781	0.371582	201	255
[3665]	868	1221	0	-3.81745	-10.3308	0.2	26.1698	0.719727	0.604004	-0.341797	201	255
[3666]	868	1222	0	-3.81745	-10.3308	0.2	26.1698	0.719727	0.604004	-0.341797	201	255
[3667]	866	1222	0	-3.8123	-10.3245	0.2	26.1239	0.559082	-0.593262	-0.579102	201	255
[3668]	876	1222	0	-3.84732	-10.2906	0.2	26.1398	0.974121	-0.22522	0.0253448	201	255
[3669]	865	1223	0	-3.70538	-10.4229	0.2	26.2109	0.310303	0.884277	-0.348633	201	255
[3670]	851	1223	0	-3.67365	-10.4502	0.2	26.2093	-0.264893	-0.125244	-0.956055	201	255
[3671]	853	1223	0	-3.70675	-10.4299	0.2	26.2022	-0.708984	0.680664	-0.185547	201	255
[3672]	849	1224	0	-3.75562	-10.4121	0.2	26.1815	-0.758301	0.537598	-0.368896	201	255
[3673]	865	1224	0	-3.70538	-10.4229	0.2	26.2109	0.310303	0.884277	-0.348633	201	255
[3674]	853	1224	0	-3.70675	-10.4299	0.2	26.2022	-0.708984	0.680664	-0.185547	201	255
[3675]	865	1225	0	-3.70538	-10.4229	0.2	26.2109	0.310303	0.884277	-0.348633	201	255
[3676]	849	1225	0	-3.75562	-10.4121	0.2	26.1815	-0.758301	0.537598	-0.368896	201	255
[3677]	859	1225	0	-3.76078	-10.3941	0.2	26.1931	0.305908	0.869629	-0.387695	201	255
[3678]	850	1226	0	-3.76745	-10.4255	0.2	26.2116	0.900879	-0.416016	0.126587	201	255
[3679]	865	1226	0	-3.70538	-10.4229	0.2	26.2109	0.310303	0.884277	-0.348633	201	255
[3680]	859	1226	0	-3.76078	-10.3941	0.2	26.1931	0.305908	0.869629	-0.387695	201	255
[3681]	859	1227	0	-3.76078	-10.3941	0.2	26.1931	0.305908	0.869629	-0.387695	201	255
[3682]	878	1227	0	-3.82836	-10.3785	0.2	26.1753	0.825195	-0.425781	0.371582	201	255
[3683]	850	1227	0	-3.76745	-10.4255	0.2	26.2116	0.900879	-0.416016	0.126587	201	255
[3684]	878	1228	0	-3.82836	-10.3785	0.2	26.1753	0.825195	-0.425781	0.371582	201	255
[3685]	859	1228	0	-3.76078	-10.3941	0.2	26.1931	0.305908	0.869629	-0.387695	201	255
[3686]	868	1228	0	-3.81745	-10.3308	0.2	26.1698	0.719727	0.604004	-0.341797	201	255
[3687]	859	1229	0	-3.76078	-10.3941	0.2	26.1931	0.305908	0.869629	-0.387695	201	255
[3688]	863	1229	0	-3.79375	-10.3761	0.2	26.146	-0.839355	0.299072	-0.453857	201	255
[3689]	868	1229	0	-3.81745	-10.3308	0.2	26.1698	0.719727	0.604004	-0.341797	201	255
[3690]	866	1230	0	-3.8123	-10.3245	0.2	26.1239	0.559082	-0.593262	-0.579102	201	255
[3691]	868	1230	0	-3.81745	-10.3308	0.2	26.1698	0.719727	0.604004	-0.341797	201	255
[3692]	863	1230	0	-3.79375	-10.3761	0.2	26.146	-0.839355	0.299072	-0.453857	201	255
[3693]	863	1231	0	-3.79375	-10.3761	0.2	26.146	-0.839355	0.299072	-0.453857	201	255
[3694]	859	1231	0	-3.76078	-10.3941	0.2	26.1931	0.305908	0.869629	-0.387695	201	255
[3695]	849	1231	0	-3.75562	-10.4121	0.2	26.1815	-0.758301	0.537598	-0.368896	201	255
[3696]	870	1232	0	-3.6843	-10.0824	0.2	26.3446	-0.677246	0.717773	-0.162231	201	255
[3697]	871	1232	0	-3.64834	-10.0976	0.2	26.3522	-0.170654	-0.102722	-0.97998	201	255
[3698]	873	1232	0	-3.68631	-10.0993	0.2	26.3396	-0.874023	-0.484375	-0.0328369	201	255
[3699]	873	1233	0	-3.68631	-10.0993	0.2	26.3396	-0.874023	-0.484375	-0.0328369	201	255
[3700]	871	1233	0	-3.64834	-10.0976	0.2	26.3522	-0.170654	-0.102722	-0.97998	201	255
[3701]	886	1233	0	-3.68831	-10.0988	0.2	26.3566	0.622559	-0.777832	-0.0866699	201	255
[3702]	886	1234	0	-3.68831	-10.0988	0.2	26.3566	0.622559	-0.777832	-0.0866699	201	255
[3703]	875	1234	0	-3.73094	-10.0919	0.2	26.3176	-0.799316	-0.598145	-0.0570068	201	255
[3704]	873	1234	0	-3.68631	-10.0993	0.2	26.3396	-0.874023	-0.484375	-0.0328369	201	255
[3705]	877	1235	0	-3.72901	-10.0617	0.2	26.3274	-0.625	0.645996	-0.438232	201	255
[3706]	873	1235	0	-3.68631	-10.0993	0.2	26.3396	-0.874023	-0.484375	-0.0328369	201	255
[3707]	875	1235	0	-3.73094	-10.0919	0.2	26.3176	-0.799316	-0.598145	-0.0570068	201	255
[3708]	873	1236	0	-3.68631	-10.0993	0.2	26.3396	-0.874023	-0.484375	-0.0328369	201	255
[3709]	877	1236	0	-3.72901	-10.0617	0.2	26.3274	-0.625	0.645996	-0.438232	201	255
[3710]	870	1236	0	-3.6843	-10.0824	0.2	26.3446	-0.677246	0.717773	-0.162231	201	255
[3711]	886	1237	0	-3.68831	-10.0988	0.2	26.3566	0.622559	-0.777832	-0.0866699	201	255
[3712]	871	1237	0	-3.64834	-10.0976	0.2	26.3522	-0.170654	-0.102722	-0.97998	201	255
[3713]	881	1237	0	-3.68163	-10.0748	0.2	26.3552	0.55957	0.739258	-0.374268	201	255
[3714]	872	1238	0	-3.72773	-10.0504	0.2	26.3457	0.688477	0.665039	-0.289307	201	255
[3715]	886	1238	0	-3.68831	-10.0988	0.2	26.3566	0.622559	-0.777832	-0.0866699	201	255
[3716]	881	1238	0	-3.68163	-10.0748	0.2	26.3552	0.55957	0.739258	-0.374268	201	255
[3717]	886	1239	0	-3.68831	-10.0988	0.2	26.3566	0.622559	-0.777832	-0.0866699	201	255
[3718]	872	1239	0	-3.72773	-10.0504	0.2	26.3457	0.688477	0.665039	-0.289307	201	255
[3719]	880	1239	0	-3.7419	-10.0821	0.2	26.3425	0.700195	-0.664062	0.26123	201	255
[3720]	875	1240	0	-3.73094	-10.0919	0.2	26.3176	-0.799316	-0.598145	-0.0570068	201	255
[3721]	886	1240	0	-3.68831	-10.0988	0.2	26.3566	0.622559	-0.777832	-0.0866699	201	255
[3722]	880	1240	0	-3.7419	-10.0821	0.2	26.3425	0.700195	-0.664062	0.26123	201	255
[3723]	880	1241	0	-3.7419	-10.0821	0.2	26.3425	0.700195	-0.664062	0.26123	201	255
[3724]	879	1241	0	-3.77148	-10.0697	0.2	26.2865	-0.59375	-0.803711	0.0395508	201	255
[3725]	875	1241	0	-3.73094	-10.0919	0.2	26.3176	-0.799316	-0.598145	-0.0570068	201	255
[3726]	883	1242	0	-3.75686	-10.0296	0.2	26.3012	-0.538574	0.316895	-0.780762	201	255
[3727]	875	1242	0	-3.73094	-10.0919	0.2	26.3176	-0.799316	-0.598145	-0.0570068	201	255
[3728]	879	1242	0	-3.77148	-10.0697	0.2	26.2865	-0.59375	-0.803711	0.0395508	201	255
[3729]	875	1243	0	-3.73094	-10.0919	0.2	26.3176	-0.799316	-0.598145	-0.0570068	201	255
[3730]	883	1243	0	-3.75686	-10.0296	0.2	26.3012	-0.538574	0.316895	-0.780762	201	255
[3731]	877	1243	0	-3.72901	-10.0617	0.2	26.3274	-0.625	0.645996	-0.438232	201	255
[3732]	881	1244	0	-3.68163	-10.0748	0.2	26.3552	0.55957	0.739258	-0.374268	201	255
[3733]	871	1244	0	-3.64834	-10.0976	0.2	26.3522	-0.170654	-0.102722	-0.97998	201	255
[3734]	874	1244	0	-3.6843	-10.0824	0.2	26.3446	-0.677246	0.717773	-0.162231	201	255
[3735]	874	1245	0	-3.6843	-10.0824	0.2	26.3446	-0.677246	0.717773	-0.162231	201	255
[3736]	872	1245	0	-3.72773	-10.0504	0.2	26.3457	0.688477	0.665039	-0.289307	201	255
[3737]	881	1245	0	-3.68163	-10.0748	0.2	26.3552	0.55957	0.739258	-0.374268	201	255
[3738]	872	1246	0	-3.72773	-10.0504	0.2	26.3457	0.688477	0.665039	-0.289307	201	255
[3739]	874	1246	0	-3.6843	-10.0824	0.2	26.3446	-0.677246	0.717773	-0.162231	201	255
[3740]	869	1246	0	-3.72901	-10.0617	0.2	26.3274	-0.625	0.645996	-0.438232	201	255
[3741]	884	1247	0	-3.75686	-10.0296	0.2	26.3012	-0.538574	0.316895	-0.780762	201	255
[3742]	872	1247	0	-3.72773	-10.0504	0.2	26.3457	0.688477	0.665039	-0.289307	201	255
[3743]	869	1247	0	-3.72901	-10.0617	0.2	26.3274	-0.625	0.645996	-0.438232	201	255
[3744]	872	1248	0	-3.72773	-10.0504	0.2	26.3457	0.688477	0.665039	-0.289307	201	255
[3745]	884	1248	0	-3.75686	-10.0296	0.2	26.3012	-0.538574	0.316895	-0.780762	201	255
[3746]	889	1248	0	-3.77083	-9.99842	0.2	26.3137	0.76123	0.504883	-0.406982	201	255
[3747]	889	1249	0	-3.77083	-9.99842	0.2	26.3137	0.76123	0.504883	-0.406982	201	255
[3748]	880	1249	0	-3.7419	-10.0821	0.2	26.3425	0.700195	-0.664062	0.26123	201	255
[3749]	872	1249	0	-3.72773	-10.0504	0.2	26.3457	0.688477	0.665039	-0.289307	201	255
[3750]	880	1250	0	-3.7419	-10.0821	0.2	26.3425	0.700195	-0.664062	0.26123	201	255
[3751]	889	1250	0	-3.77083	-9.99842	0.2	26.3137	0.76123	0.504883	-0.406982	201	255
[3752]	891	1250	0	-3.79359	-10.0412	0.2	26.3137	0.740234	-0.455322	0.494385	201	255
[3753]	879	1251	0	-3.77148	-10.0697	0.2	26.2865	-0.59375	-0.803711	0.0395508	201	255
[3754]	880	1251	0	-3.7419	-10.0821	0.2	26.3425	0.700195	-0.664062	0.26123	201	255
[3755]	891	1251	0	-3.79359	-10.0412	0.2	26.3137	0.740234	-0.455322	0.494385	201	255
[3756]	891	1252	0	-3.79359	-10.0412	0.2	26.3137	0.740234	-0.455322	0.494385	201	255
[3757]	885	1252	0	-3.7994	-10.0391	0.2	26.2454	0.467285	-0.84668	0.25415	201	255
[3758]	879	1252	0	-3.77148	-10.0697	0.2	26.2865	-0.59375	-0.803711	0.0395508	201	255
[3759]	882	1253	0	-3.7554	-9.99333	0.2	26.2798	0.657227	-0.457031	-0.599121	201	255
[3760]	879	1253	0	-3.77148	-10.0697	0.2	26.2865	-0.59375	-0.803711	0.0395508	201	255
[3761]	885	1253	0	-3.7994	-10.0391	0.2	26.2454	0.467285	-0.84668	0.25415	201	255
[3762]	879	1254	0	-3.77148	-10.0697	0.2	26.2865	-0.59375	-0.803711	0.0395508	201	255
[3763]	882	1254	0	-3.7554	-9.99333	0.2	26.2798	0.657227	-0.457031	-0.599121	201	255
[3764]	883	1254	0	-3.75686	-10.0296	0.2	26.3012	-0.538574	0.316895	-0.780762	201	255
[3765]	887	1255	0	-3.7554	-9.99333	0.2	26.2798	0.657227	-0.457031	-0.599121	201	255
[3766]	889	1255	0	-3.77083	-9.99842	0.2	26.3137	0.76123	0.504883	-0.406982	201	255
[3767]	884	1255	0	-3.75686	-10.0296	0.2	26.3012	-0.538574	0.316895	-0.780762	201	255
[3768]	889	1256	0	-3.77083	-9.99842	0.2	26.3137	0.76123	0.504883	-0.406982	201	255
[3769]	887	1256	0	-3.7554	-9.99333	0.2	26.2798	0.657227	-0.457031	-0.599121	201	255
[3770]	892	1256	0	-3.79624	-9.93697	0.2	26.2841	0.991211	-0.0995483	0.0905762	201	255
[3771]	892	1257	0	-3.79624	-9.93697	0.2	26.2841	0.991211	-0.0995483	0.0905762	201	255
[3772]	891	1257	0	-3.79359	-10.0412	0.2	26.3137	0.740234	-0.455322	0.494385	201	255
[3773]	889	1257	0	-3.77083	-9.99842	0.2	26.3137	0.76123	0.504883	-0.406982	201	255
[3774]	891	1258	0	-3.79359	-10.0412	0.2	26.3137	0.740234	-0.455322	0.494385	201	255
[3775]	892	1258	0	-3.79624	-9.93697	0.2	26.2841	0.991211	-0.0995483	0.0905762	201	255
[3776]	888	1258	0	-3.82953	-9.97177	0.2	26.2623	0.816895	-0.515137	0.260498	201	255
[3777]	885	1259	0	-3.7994	-10.0391	0.2	26.2454	0.467285	-0.84668	0.25415	201	255
[3778]	891	1259	0	-3.79359	-10.0412	0.2	26.3137	0.740234	-0.455322	0.494385	201	255
[3779]	888	1259	0	-3.82953	-9.97177	0.2	26.2623	0.816895	-0.515137	0.260498	201	255
[3780]	896	1260	0	-3.72535	-9.81377	0.2	26.4056	-0.852539	0.52002	0.0473633	201	255
[3781]	894	1260	0	-3.69112	-9.83552	0.2	26.4039	-0.450195	-0.202515	-0.869629	201	255
[3782]	898	1260	0	-3.72684	-9.82451	0.2	26.4043	-0.795898	-0.527832	0.295654	201	255
[3783]	898	1261	0	-3.72684	-9.82451	0.2	26.4043	-0.795898	-0.527832	0.295654	201	255
[3784]	894	1261	0	-3.69112	-9.83552	0.2	26.4039	-0.450195	-0.202515	-0.869629	201	255
[3785]	893	1261	0	-3.72206	-9.82868	0.2	26.4204	0.717285	-0.626953	-0.303711	201	255
[3786]	900	1262	0	-3.76868	-9.80237	0.2	26.421	0.852539	-0.52002	-0.0474548	201	255
[3787]	898	1262	0	-3.72684	-9.82451	0.2	26.4043	-0.795898	-0.527832	0.295654	201	255
[3788]	893	1262	0	-3.72206	-9.82868	0.2	26.4204	0.717285	-0.626953	-0.303711	201	255
[3789]	898	1263	0	-3.72684	-9.82451	0.2	26.4043	-0.795898	-0.527832	0.295654	201	255
[3790]	900	1263	0	-3.76868	-9.80237	0.2	26.421	0.852539	-0.52002	-0.0474548	201	255
[3791]	907	1263	0	-3.76905	-9.81119	0.2	26.3959	-0.664551	-0.721191	0.194946	201	255
[3792]	902	1264	0	-3.76213	-9.78887	0.2	26.4	-0.876465	0.436523	-0.204468	201	255
[3793]	898	1264	0	-3.72684	-9.82451	0.2	26.4043	-0.795898	-0.527832	0.295654	201	255
[3794]	907	1264	0	-3.76905	-9.81119	0.2	26.3959	-0.664551	-0.721191	0.194946	201	255
[3795]	898	1265	0	-3.72684	-9.82451	0.2	26.4043	-0.795898	-0.527832	0.295654	201	255
[3796]	902	1265	0	-3.76213	-9.78887	0.2	26.4	-0.876465	0.436523	-0.204468	201	255
[3797]	896	1265	0	-3.72535	-9.81377	0.2	26.4056	-0.852539	0.52002	0.0473633	201	255
[3798]	893	1266	0	-3.72206	-9.82868	0.2	26.4204	0.717285	-0.626953	-0.303711	201	255
[3799]	894	1266	0	-3.69112	-9.83552	0.2	26.4039	-0.450195	-0.202515	-0.869629	201	255
[3800]	895	1266	0	-3.72166	-9.80517	0.2	26.4106	0.0772705	0.899414	-0.430664	201	255
[3801]	895	1267	0	-3.72166	-9.80517	0.2	26.4106	0.0772705	0.899414	-0.430664	201	255
[3802]	900	1267	0	-3.76868	-9.80237	0.2	26.421	0.852539	-0.52002	-0.0474548	201	255
[3803]	893	1267	0	-3.72206	-9.82868	0.2	26.4204	0.717285	-0.626953	-0.303711	201	255
[3804]	900	1268	0	-3.76868	-9.80237	0.2	26.421	0.852539	-0.52002	-0.0474548	201	255
[3805]	895	1268	0	-3.72166	-9.80517	0.2	26.4106	0.0772705	0.899414	-0.430664	201	255
[3806]	897	1268	0	-3.76012	-9.77372	0.2	26.409	0.171753	0.797852	-0.577637	201	255
[3807]	909	1269	0	-3.79481	-9.72929	0.2	26.3988	0.361084	0.677246	-0.641113	201	255
[3808]	900	1269	0	-3.76868	-9.80237	0.2	26.421	0.852539	-0.52002	-0.0474548	201	255
[3809]	897	1269	0	-3.76012	-9.77372	0.2	26.409	0.171753	0.797852	-0.577637	201	255
[3810]	900	1270	0	-3.76868	-9.80237	0.2	26.421	0.852539	-0.52002	-0.0474548	201	255
[3811]	909	1270	0	-3.79481	-9.72929	0.2	26.3988	0.361084	0.677246	-0.641113	201	255
[3812]	913	1270	0	-3.81348	-9.76259	0.2	26.4088	0.922363	-0.374023	0.0977173	201	255
[3813]	913	1271	0	-3.81348	-9.76259	0.2	26.4088	0.922363	-0.374023	0.0977173	201	255
[3814]	907	1271	0	-3.76905	-9.81119	0.2	26.3959	-0.664551	-0.721191	0.194946	201	255
[3815]	900	1271	0	-3.76868	-9.80237	0.2	26.421	0.852539	-0.52002	-0.0474548	201	255
[3816]	907	1272	0	-3.76905	-9.81119	0.2	26.3959	-0.664551	-0.721191	0.194946	201	255
[3817]	913	1272	0	-3.81348	-9.76259	0.2	26.4088	0.922363	-0.374023	0.0977173	201	255
[3818]	903	1272	0	-3.81168	-9.79207	0.2	26.3841	-0.276123	-0.931152	0.238525	201	255
[3819]	906	1273	0	-3.79206	-9.75672	0.2	26.3792	-0.894531	0.200928	-0.39917	201	255
[3820]	907	1273	0	-3.76905	-9.81119	0.2	26.3959	-0.664551	-0.721191	0.194946	201	255
[3821]	903	1273	0	-3.81168	-9.79207	0.2	26.3841	-0.276123	-0.931152	0.238525	201	255
[3822]	907	1274	0	-3.76905	-9.81119	0.2	26.3959	-0.664551	-0.721191	0.194946	201	255
[3823]	906	1274	0	-3.79206	-9.75672	0.2	26.3792	-0.894531	0.200928	-0.39917	201	255
[3824]	902	1274	0	-3.76213	-9.78887	0.2	26.4	-0.876465	0.436523	-0.204468	201	255
[3825]	895	1275	0	-3.72166	-9.80517	0.2	26.4106	0.0772705	0.899414	-0.430664	201	255
[3826]	894	1275	0	-3.69112	-9.83552	0.2	26.4039	-0.450195	-0.202515	-0.869629	201	255
[3827]	890	1275	0	-3.72535	-9.81377	0.2	26.4056	-0.852539	0.52002	0.0473633	201	255
[3828]	890	1276	0	-3.72535	-9.81377	0.2	26.4056	-0.852539	0.52002	0.0473633	201	255
[3829]	897	1276	0	-3.76012	-9.77372	0.2	26.409	0.171753	0.797852	-0.577637	201	255
[3830]	895	1276	0	-3.72166	-9.80517	0.2	26.4106	0.0772705	0.899414	-0.430664	201	255
[3831]	897	1277	0	-3.76012	-9.77372	0.2	26.409	0.171753	0.797852	-0.577637	201	255
[3832]	890	1277	0	-3.72535	-9.81377	0.2	26.4056	-0.852539	0.52002	0.0473633	201	255
[3833]	899	1277	0	-3.76213	-9.78887	0.2	26.4	-0.876465	0.436523	-0.204468	201	255
[3834]	905	1278	0	-3.79206	-9.75672	0.2	26.3792	-0.894531	0.200928	-0.39917	201	255
[3835]	897	1278	0	-3.76012	-9.77372	0.2	26.409	0.171753	0.797852	-0.577637	201	255
[3836]	899	1278	0	-3.76213	-9.78887	0.2	26.4	-0.876465	0.436523	-0.204468	201	255
[3837]	897	1279	0	-3.76012	-9.77372	0.2	26.409	0.171753	0.797852	-0.577637	201	255
[3838]	905	1279	0	-3.79206	-9.75672	0.2	26.3792	-0.894531	0.200928	-0.39917	201	255
[3839]	909	1279	0	-3.79481	-9.72929	0.2	26.3988	0.361084	0.677246	-0.641113	201	255
[3840]	908	1280	0	-3.80873	-9.72911	0.2	26.3558	0.28125	-0.453857	-0.845703	201	255
[3841]	909	1280	0	-3.79481	-9.72929	0.2	26.3988	0.361084	0.677246	-0.641113	201	255
[3842]	905	1280	0	-3.79206	-9.75672	0.2	26.3792	-0.894531	0.200928	-0.39917	201	255
[3843]	909	1281	0	-3.79481	-9.72929	0.2	26.3988	0.361084	0.677246	-0.641113	201	255
[3844]	908	1281	0	-3.80873	-9.72911	0.2	26.3558	0.28125	-0.453857	-0.845703	201	255
[3845]	912	1281	0	-3.83302	-9.66835	0.2	26.3869	0.912109	0.38916	-0.129639	201	255
[3846]	912	1282	0	-3.83302	-9.66835	0.2	26.3869	0.912109	0.38916	-0.129639	201	255
[3847]	913	1282	0	-3.81348	-9.76259	0.2	26.4088	0.922363	-0.374023	0.0977173	201	255
[3848]	909	1282	0	-3.79481	-9.72929	0.2	26.3988	0.361084	0.677246	-0.641113	201	255
[3849]	913	1283	0	-3.81348	-9.76259	0.2	26.4088	0.922363	-0.374023	0.0977173	201	255
[3850]	912	1283	0	-3.83302	-9.66835	0.2	26.3869	0.912109	0.38916	-0.129639	201	255
[3851]	910	1283	0	-3.8709	-9.69336	0.2	26.3727	0.95752	-0.251709	0.143555	201	255
[3852]	901	1284	0	-3.85031	-9.77112	0.2	26.3554	0.578125	-0.80127	0.154175	201	255
[3853]	913	1284	0	-3.81348	-9.76259	0.2	26.4088	0.922363	-0.374023	0.0977173	201	255
[3854]	910	1284	0	-3.8709	-9.69336	0.2	26.3727	0.95752	-0.251709	0.143555	201	255
[3855]	913	1285	0	-3.81348	-9.76259	0.2	26.4088	0.922363	-0.374023	0.0977173	201	255
[3856]	901	1285	0	-3.85031	-9.77112	0.2	26.3554	0.578125	-0.80127	0.154175	201	255
[3857]	903	1285	0	-3.81168	-9.79207	0.2	26.3841	-0.276123	-0.931152	0.238525	201	255
[3858]	904	1286	0	-3.80873	-9.72911	0.2	26.3558	0.28125	-0.453857	-0.845703	201	255
[3859]	903	1286	0	-3.81168	-9.79207	0.2	26.3841	-0.276123	-0.931152	0.238525	201	255
[3860]	901	1286	0	-3.85031	-9.77112	0.2	26.3554	0.578125	-0.80127	0.154175	201	255
[3861]	903	1287	0	-3.81168	-9.79207	0.2	26.3841	-0.276123	-0.931152	0.238525	201	255
[3862]	904	1287	0	-3.80873	-9.72911	0.2	26.3558	0.28125	-0.453857	-0.845703	201	255
[3863]	906	1287	0	-3.79206	-9.75672	0.2	26.3792	-0.894531	0.200928	-0.39917	201	255
[3864]	917	1288	0	-3.97156	-9.61285	0.2	26.354	-0.842773	0.520508	-0.137451	201	255
[3865]	915	1288	0	-3.95065	-9.6122	0.2	26.3619	-0.10553	0.042572	-0.993652	201	255
[3866]	919	1288	0	-3.9709	-9.62444	0.2	26.3528	-0.736328	-0.640625	-0.218018	201	255
[3867]	919	1289	0	-3.9709	-9.62444	0.2	26.3528	-0.736328	-0.640625	-0.218018	201	255
[3868]	915	1289	0	-3.95065	-9.6122	0.2	26.3619	-0.10553	0.042572	-0.993652	201	255
[3869]	914	1289	0	-3.97575	-9.61968	0.2	26.3648	0.880859	-0.463135	-0.100037	201	255
[3870]	914	1290	0	-3.97575	-9.61968	0.2	26.3648	0.880859	-0.463135	-0.100037	201	255
[3871]	920	1290	0	-3.99192	-9.63022	0.2	26.3391	-0.498779	-0.837891	-0.222168	201	255
[3872]	919	1290	0	-3.9709	-9.62444	0.2	26.3528	-0.736328	-0.640625	-0.218018	201	255
[3873]	923	1291	0	-3.98909	-9.61074	0.2	26.3429	-0.702637	0.47168	-0.532715	201	255
[3874]	919	1291	0	-3.9709	-9.62444	0.2	26.3528	-0.736328	-0.640625	-0.218018	201	255
[3875]	920	1291	0	-3.99192	-9.63022	0.2	26.3391	-0.498779	-0.837891	-0.222168	201	255
[3876]	919	1292	0	-3.9709	-9.62444	0.2	26.3528	-0.736328	-0.640625	-0.218018	201	255
[3877]	923	1292	0	-3.98909	-9.61074	0.2	26.3429	-0.702637	0.47168	-0.532715	201	255
[3878]	917	1292	0	-3.97156	-9.61285	0.2	26.354	-0.842773	0.520508	-0.137451	201	255
[3879]	914	1293	0	-3.97575	-9.61968	0.2	26.3648	0.880859	-0.463135	-0.100037	201	255
[3880]	915	1293	0	-3.95065	-9.6122	0.2	26.3619	-0.10553	0.042572	-0.993652	201	255
[3881]	916	1293	0	-3.97377	-9.60367	0.2	26.3573	0.218872	0.955566	-0.196655	201	255
[3882]	916	1294	0	-3.97377	-9.60367	0.2	26.3573	0.218872	0.955566	-0.196655	201	255
[3883]	927	1294	0	-4.00253	-9.61869	0.2	26.3488	0.84375	-0.442871	0.303467	201	255
[3884]	914	1294	0	-3.97575	-9.61968	0.2	26.3648	0.880859	-0.463135	-0.100037	201	255
[3885]	920	1295	0	-3.99192	-9.63022	0.2	26.3391	-0.498779	-0.837891	-0.222168	201	255
[3886]	914	1295	0	-3.97575	-9.61968	0.2	26.3648	0.880859	-0.463135	-0.100037	201	255
[3887]	927	1295	0	-4.00253	-9.61869	0.2	26.3488	0.84375	-0.442871	0.303467	201	255
[3888]	927	1296	0	-4.00253	-9.61869	0.2	26.3488	0.84375	-0.442871	0.303467	201	255
[3889]	928	1296	0	-4.0107	-9.63415	0.2	26.3187	0.62207	-0.782227	0.0367737	201	255
[3890]	920	1296	0	-3.99192	-9.63022	0.2	26.3391	-0.498779	-0.837891	-0.222168	201	255
[3891]	918	1297	0	-3.9918	-9.59877	0.2	26.3308	0.844238	-0.130249	-0.52002	201	255
[3892]	920	1297	0	-3.99192	-9.63022	0.2	26.3391	-0.498779	-0.837891	-0.222168	201	255
[3893]	928	1297	0	-4.0107	-9.63415	0.2	26.3187	0.62207	-0.782227	0.0367737	201	255
[3894]	920	1298	0	-3.99192	-9.63022	0.2	26.3391	-0.498779	-0.837891	-0.222168	201	255
[3895]	918	1298	0	-3.9918	-9.59877	0.2	26.3308	0.844238	-0.130249	-0.52002	201	255
[3896]	923	1298	0	-3.98909	-9.61074	0.2	26.3429	-0.702637	0.47168	-0.532715	201	255
[3897]	916	1299	0	-3.97377	-9.60367	0.2	26.3573	0.218872	0.955566	-0.196655	201	255
[3898]	915	1299	0	-3.95065	-9.6122	0.2	26.3619	-0.10553	0.042572	-0.993652	201	255
[3899]	911	1299	0	-3.97156	-9.61285	0.2	26.354	-0.842773	0.520508	-0.137451	201	255
[3900]	921	1300	0	-3.98909	-9.61074	0.2	26.3429	-0.702148	0.473877	-0.53125	201	255
[3901]	916	1300	0	-3.97377	-9.60367	0.2	26.3573	0.218872	0.955566	-0.196655	201	255
[3902]	911	1300	0	-3.97156	-9.61285	0.2	26.354	-0.842773	0.520508	-0.137451	201	255
[3903]	916	1301	0	-3.97377	-9.60367	0.2	26.3573	0.218872	0.955566	-0.196655	201	255
[3904]	921	1301	0	-3.98909	-9.61074	0.2	26.3429	-0.702148	0.473877	-0.53125	201	255
[3905]	924	1301	0	-3.99802	-9.59629	0.2	26.3452	0.708984	0.673828	-0.20813	201	255
[3906]	927	1302	0	-4.00253	-9.61869	0.2	26.3488	0.84375	-0.442871	0.303467	201	255
[3907]	916	1302	0	-3.97377	-9.60367	0.2	26.3573	0.218872	0.955566	-0.196655	201	255
[3908]	924	1302	0	-3.99802	-9.59629	0.2	26.3452	0.708984	0.673828	-0.20813	201	255
[3909]	924	1303	0	-3.99802	-9.59629	0.2	26.3452	0.708984	0.673828	-0.20813	201	255
[3910]	926	1303	0	-4.02639	-9.61299	0.2	26.3201	0.883789	-0.43457	0.172974	201	255
[3911]	927	1303	0	-4.00253	-9.61869	0.2	26.3488	0.84375	-0.442871	0.303467	201	255
[3912]	928	1304	0	-4.0107	-9.63415	0.2	26.3187	0.62207	-0.782227	0.0367737	201	255
[3913]	927	1304	0	-4.00253	-9.61869	0.2	26.3488	0.84375	-0.442871	0.303467	201	255
[3914]	926	1304	0	-4.02639	-9.61299	0.2	26.3201	0.883789	-0.43457	0.172974	201	255
[3915]	922	1305	0	-3.9918	-9.59877	0.2	26.3308	0.844238	-0.130249	-0.52002	201	255
[3916]	924	1305	0	-3.99802	-9.59629	0.2	26.3452	0.708984	0.673828	-0.20813	201	255
[3917]	921	1305	0	-3.98909	-9.61074	0.2	26.3429	-0.702148	0.473877	-0.53125	201	255
[3918]	924	1306	0	-3.99802	-9.59629	0.2	26.3452	0.708984	0.673828	-0.20813	201	255
[3919]	922	1306	0	-3.9918	-9.59877	0.2	26.3308	0.844238	-0.130249	-0.52002	201	255
[3920]	925	1306	0	-4.0211	-9.57432	0.2	26.3247	0.984375	-0.176392	0.00829315	201	255
[3921]	926	1307	0	-4.02639	-9.61299	0.2	26.3201	0.883789	-0.43457	0.172974	201	255
[3922]	924	1307	0	-3.99802	-9.59629	0.2	26.3452	0.708984	0.673828	-0.20813	201	255
[3923]	925	1307	0	-4.0211	-9.57432	0.2	26.3247	0.984375	-0.176392	0.00829315	201	255
[3924]	968	1308	0	-4.0341	-9.87059	0.2	26.287	-0.44458	0.837402	-0.317871	201	255
[3925]	970	1308	0	-3.97888	-9.87752	0.2	26.3114	-0.0476685	-0.0969849	-0.994141	201	255
[3926]	967	1308	0	-4.03285	-9.88096	0.2	26.2826	-0.926758	-0.25293	-0.277588	201	255
[3927]	967	1309	0	-4.03285	-9.88096	0.2	26.2826	-0.926758	-0.25293	-0.277588	201	255
[3928]	970	1309	0	-3.97888	-9.87752	0.2	26.3114	-0.0476685	-0.0969849	-0.994141	201	255
[3929]	969	1309	0	-4.04487	-9.89206	0.2	26.297	0.428467	-0.899902	0.0820923	201	255
[3930]	969	1310	0	-4.04487	-9.89206	0.2	26.297	0.428467	-0.899902	0.0820923	201	255
[3931]	982	1310	0	-4.07835	-9.87736	0.2	26.2389	-0.699707	-0.697266	-0.156982	201	255
[3932]	967	1310	0	-4.03285	-9.88096	0.2	26.2826	-0.926758	-0.25293	-0.277588	201	255
[3933]	973	1311	0	-4.07243	-9.84357	0.2	26.2447	-0.527344	0.55957	-0.639648	201	255
[3934]	967	1311	0	-4.03285	-9.88096	0.2	26.2826	-0.926758	-0.25293	-0.277588	201	255
[3935]	982	1311	0	-4.07835	-9.87736	0.2	26.2389	-0.699707	-0.697266	-0.156982	201	255
[3936]	967	1312	0	-4.03285	-9.88096	0.2	26.2826	-0.926758	-0.25293	-0.277588	201	255
[3937]	973	1312	0	-4.07243	-9.84357	0.2	26.2447	-0.527344	0.55957	-0.639648	201	255
[3938]	968	1312	0	-4.0341	-9.87059	0.2	26.287	-0.44458	0.837402	-0.317871	201	255
[3939]	969	1313	0	-4.04487	-9.89206	0.2	26.297	0.428467	-0.899902	0.0820923	201	255
[3940]	970	1313	0	-3.97888	-9.87752	0.2	26.3114	-0.0476685	-0.0969849	-0.994141	201	255
[3941]	972	1313	0	-4.0472	-9.8552	0.2	26.3006	0.839844	0.520508	-0.152222	201	255
[3942]	972	1314	0	-4.0472	-9.8552	0.2	26.3006	0.839844	0.520508	-0.152222	201	255
[3943]	980	1314	0	-4.10121	-9.86968	0.2	26.2556	0.529785	-0.705566	0.470459	201	255
[3944]	969	1314	0	-4.04487	-9.89206	0.2	26.297	0.428467	-0.899902	0.0820923	201	255
[3945]	982	1315	0	-4.07835	-9.87736	0.2	26.2389	-0.699707	-0.697266	-0.156982	201	255
[3946]	969	1315	0	-4.04487	-9.89206	0.2	26.297	0.428467	-0.899902	0.0820923	201	255
[3947]	980	1315	0	-4.10121	-9.86968	0.2	26.2556	0.529785	-0.705566	0.470459	201	255
[3948]	980	1316	0	-4.10121	-9.86968	0.2	26.2556	0.529785	-0.705566	0.470459	201	255
[3949]	974	1316	0	-4.11696	-9.86138	0.2	26.1969	0.381348	-0.874023	0.301758	201	255
[3950]	982	1316	0	-4.07835	-9.87736	0.2	26.2389	-0.699707	-0.697266	-0.156982	201	255
[3951]	979	1317	0	-4.08405	-9.82892	0.2	26.2197	0.524414	-0.594727	-0.609863	201	255
[3952]	982	1317	0	-4.07835	-9.87736	0.2	26.2389	-0.699707	-0.697266	-0.156982	201	255
[3953]	974	1317	0	-4.11696	-9.86138	0.2	26.1969	0.381348	-0.874023	0.301758	201	255
[3954]	982	1318	0	-4.07835	-9.87736	0.2	26.2389	-0.699707	-0.697266	-0.156982	201	255
[3955]	979	1318	0	-4.08405	-9.82892	0.2	26.2197	0.524414	-0.594727	-0.609863	201	255
[3956]	973	1318	0	-4.07243	-9.84357	0.2	26.2447	-0.527344	0.55957	-0.639648	201	255
[3957]	972	1319	0	-4.0472	-9.8552	0.2	26.3006	0.839844	0.520508	-0.152222	201	255
[3958]	970	1319	0	-3.97888	-9.87752	0.2	26.3114	-0.0476685	-0.0969849	-0.994141	201	255
[3959]	964	1319	0	-4.0341	-9.87059	0.2	26.287	-0.44458	0.837402	-0.317871	201	255
[3960]	984	1320	0	-4.07243	-9.84357	0.2	26.2447	-0.527344	0.55957	-0.639648	201	255
[3961]	972	1320	0	-4.0472	-9.8552	0.2	26.3006	0.839844	0.520508	-0.152222	201	255
[3962]	964	1320	0	-4.0341	-9.87059	0.2	26.287	-0.44458	0.837402	-0.317871	201	255
[3963]	972	1321	0	-4.0472	-9.8552	0.2	26.3006	0.839844	0.520508	-0.152222	201	255
[3964]	984	1321	0	-4.07243	-9.84357	0.2	26.2447	-0.527344	0.55957	-0.639648	201	255
[3965]	978	1321	0	-4.09225	-9.81864	0.2	26.2642	0.787598	0.609375	-0.0895386	201	255
[3966]	980	1322	0	-4.10121	-9.86968	0.2	26.2556	0.529785	-0.705566	0.470459	201	255
[3967]	972	1322	0	-4.0472	-9.8552	0.2	26.3006	0.839844	0.520508	-0.152222	201	255
[3968]	978	1322	0	-4.09225	-9.81864	0.2	26.2642	0.787598	0.609375	-0.0895386	201	255
[3969]	987	1323	0	-4.1294	-9.77729	0.2	26.2217	0.870117	-0.458008	0.181885	201	255
[3970]	980	1323	0	-4.10121	-9.86968	0.2	26.2556	0.529785	-0.705566	0.470459	201	255
[3971]	978	1323	0	-4.09225	-9.81864	0.2	26.2642	0.787598	0.609375	-0.0895386	201	255
[3972]	980	1324	0	-4.10121	-9.86968	0.2	26.2556	0.529785	-0.705566	0.470459	201	255
[3973]	987	1324	0	-4.1294	-9.77729	0.2	26.2217	0.870117	-0.458008	0.181885	201	255
[3974]	976	1324	0	-4.14657	-9.82693	0.2	26.1947	0.662109	-0.70752	0.24707	201	255
[3975]	974	1325	0	-4.11696	-9.86138	0.2	26.1969	0.381348	-0.874023	0.301758	201	255
[3976]	980	1325	0	-4.10121	-9.86968	0.2	26.2556	0.529785	-0.705566	0.470459	201	255
[3977]	976	1325	0	-4.14657	-9.82693	0.2	26.1947	0.662109	-0.70752	0.24707	201	255
[3978]	977	1326	0	-4.08405	-9.82892	0.2	26.2197	0.521484	-0.592773	-0.61377	201	255
[3979]	978	1326	0	-4.09225	-9.81864	0.2	26.2642	0.787598	0.609375	-0.0895386	201	255
[3980]	984	1326	0	-4.07243	-9.84357	0.2	26.2447	-0.527344	0.55957	-0.639648	201	255
[3981]	978	1327	0	-4.09225	-9.81864	0.2	26.2642	0.787598	0.609375	-0.0895386	201	255
[3982]	977	1327	0	-4.08405	-9.82892	0.2	26.2197	0.521484	-0.592773	-0.61377	201	255
[3983]	987	1327	0	-4.1294	-9.77729	0.2	26.2217	0.870117	-0.458008	0.181885	201	255
[3984]	983	1328	0	-4.2555	-9.81518	0.2	26.2351	-0.150513	0.88623	-0.438232	201	255
[3985]	992	1328	0	-4.21411	-9.82159	0.2	26.2637	0.185425	-0.0802612	-0.979492	201	255
[3986]	981	1328	0	-4.2509	-9.84141	0.2	26.2272	-0.762695	-0.526855	-0.375	201	255
[3987]	981	1329	0	-4.2509	-9.84141	0.2	26.2272	-0.762695	-0.526855	-0.375	201	255
[3988]	992	1329	0	-4.21411	-9.82159	0.2	26.2637	0.185425	-0.0802612	-0.979492	201	255
[3989]	985	1329	0	-4.26402	-9.84069	0.2	26.241	0.68457	-0.686035	0.245972	201	255
[3990]	985	1330	0	-4.26402	-9.84069	0.2	26.241	0.68457	-0.686035	0.245972	201	255
[3991]	986	1330	0	-4.28393	-9.83556	0.2	26.1869	-0.643555	-0.758789	-0.0980835	201	255
[3992]	981	1330	0	-4.2509	-9.84141	0.2	26.2272	-0.762695	-0.526855	-0.375	201	255
[3993]	989	1331	0	-4.27421	-9.79585	0.2	26.201	-0.253906	0.682129	-0.685547	201	255
[3994]	981	1331	0	-4.2509	-9.84141	0.2	26.2272	-0.762695	-0.526855	-0.375	201	255
[3995]	986	1331	0	-4.28393	-9.83556	0.2	26.1869	-0.643555	-0.758789	-0.0980835	201	255
[3996]	981	1332	0	-4.2509	-9.84141	0.2	26.2272	-0.762695	-0.526855	-0.375	201	255
[3997]	989	1332	0	-4.27421	-9.79585	0.2	26.201	-0.253906	0.682129	-0.685547	201	255
[3998]	983	1332	0	-4.2555	-9.81518	0.2	26.2351	-0.150513	0.88623	-0.438232	201	255
[3999]	985	1333	0	-4.26402	-9.84069	0.2	26.241	0.68457	-0.686035	0.245972	201	255
[4000]	992	1333	0	-4.21411	-9.82159	0.2	26.2637	0.185425	-0.0802612	-0.979492	201	255
[4001]	990	1333	0	-4.25922	-9.8151	0.2	26.2377	0.802246	0.59375	-0.0574951	201	255
[4002]	990	1334	0	-4.25922	-9.8151	0.2	26.2377	0.802246	0.59375	-0.0574951	201	255
[4003]	1000	1334	0	-4.30543	-9.81783	0.2	26.2001	0.499756	-0.625	0.600098	201	255
[4004]	985	1334	0	-4.26402	-9.84069	0.2	26.241	0.68457	-0.686035	0.245972	201	255
[4005]	986	1335	0	-4.28393	-9.83556	0.2	26.1869	-0.643555	-0.758789	-0.0980835	201	255
[4006]	985	1335	0	-4.26402	-9.84069	0.2	26.241	0.68457	-0.686035	0.245972	201	255
[4007]	1000	1335	0	-4.30543	-9.81783	0.2	26.2001	0.499756	-0.625	0.600098	201	255
[4008]	1000	1336	0	-4.30543	-9.81783	0.2	26.2001	0.499756	-0.625	0.600098	201	255
[4009]	988	1336	0	-4.30442	-9.81081	0.2	26.1383	0.47168	-0.847168	-0.244629	201	255
[4010]	986	1336	0	-4.28393	-9.83556	0.2	26.1869	-0.643555	-0.758789	-0.0980835	201	255
[4011]	991	1337	0	-4.28232	-9.77565	0.2	26.1769	0.680176	-0.523438	-0.513184	201	255
[4012]	986	1337	0	-4.28393	-9.83556	0.2	26.1869	-0.643555	-0.758789	-0.0980835	201	255
[4013]	988	1337	0	-4.30442	-9.81081	0.2	26.1383	0.47168	-0.847168	-0.244629	201	255
[4014]	986	1338	0	-4.28393	-9.83556	0.2	26.1869	-0.643555	-0.758789	-0.0980835	201	255
[4015]	991	1338	0	-4.28232	-9.77565	0.2	26.1769	0.680176	-0.523438	-0.513184	201	255
[4016]	989	1338	0	-4.27421	-9.79585	0.2	26.201	-0.253906	0.682129	-0.685547	201	255
[4017]	990	1339	0	-4.25922	-9.8151	0.2	26.2377	0.802246	0.59375	-0.0574951	201	255
[4018]	992	1339	0	-4.21411	-9.82159	0.2	26.2637	0.185425	-0.0802612	-0.979492	201	255
[4019]	975	1339	0	-4.2555	-9.81518	0.2	26.2351	-0.150513	0.88623	-0.438232	201	255
[4020]	993	1340	0	-4.27421	-9.79585	0.2	26.201	-0.253906	0.682129	-0.685547	201	255
[4021]	990	1340	0	-4.25922	-9.8151	0.2	26.2377	0.802246	0.59375	-0.0574951	201	255
[4022]	975	1340	0	-4.2555	-9.81518	0.2	26.2351	-0.150513	0.88623	-0.438232	201	255
[4023]	990	1341	0	-4.25922	-9.8151	0.2	26.2377	0.802246	0.59375	-0.0574951	201	255
[4024]	993	1341	0	-4.27421	-9.79585	0.2	26.201	-0.253906	0.682129	-0.685547	201	255
[4025]	994	1341	0	-4.30087	-9.78843	0.2	26.2075	0.92627	0.347656	0.145508	201	255
[4026]	1000	1342	0	-4.30543	-9.81783	0.2	26.2001	0.499756	-0.625	0.600098	201	255
[4027]	990	1342	0	-4.25922	-9.8151	0.2	26.2377	0.802246	0.59375	-0.0574951	201	255
[4028]	994	1342	0	-4.30087	-9.78843	0.2	26.2075	0.92627	0.347656	0.145508	201	255
[4029]	997	1343	0	-4.31396	-9.75426	0.2	26.1784	0.945312	-0.322021	0.048584	201	255
[4030]	1000	1343	0	-4.30543	-9.81783	0.2	26.2001	0.499756	-0.625	0.600098	201	255
[4031]	994	1343	0	-4.30087	-9.78843	0.2	26.2075	0.92627	0.347656	0.145508	201	255
[4032]	1000	1344	0	-4.30543	-9.81783	0.2	26.2001	0.499756	-0.625	0.600098	201	255
[4033]	997	1344	0	-4.31396	-9.75426	0.2	26.1784	0.945312	-0.322021	0.048584	201	255
[4034]	998	1344	0	-4.32964	-9.78564	0.2	26.1625	0.69873	-0.705078	0.122131	201	255
[4035]	988	1345	0	-4.30442	-9.81081	0.2	26.1383	0.47168	-0.847168	-0.244629	201	255
[4036]	1000	1345	0	-4.30543	-9.81783	0.2	26.2001	0.499756	-0.625	0.600098	201	255
[4037]	998	1345	0	-4.32964	-9.78564	0.2	26.1625	0.69873	-0.705078	0.122131	201	255
[4038]	995	1346	0	-4.28232	-9.77565	0.2	26.1769	0.680176	-0.523438	-0.513184	201	255
[4039]	994	1346	0	-4.30087	-9.78843	0.2	26.2075	0.92627	0.347656	0.145508	201	255
[4040]	993	1346	0	-4.27421	-9.79585	0.2	26.201	-0.253906	0.682129	-0.685547	201	255
[4041]	994	1347	0	-4.30087	-9.78843	0.2	26.2075	0.92627	0.347656	0.145508	201	255
[4042]	995	1347	0	-4.28232	-9.77565	0.2	26.1769	0.680176	-0.523438	-0.513184	201	255
[4043]	997	1347	0	-4.31396	-9.75426	0.2	26.1784	0.945312	-0.322021	0.048584	201	255
[4044]	1005	1348	0	-4.23519	-9.97389	0.2	26.161	-0.517578	0.773438	-0.366699	201	255
[4045]	1003	1348	0	-4.19521	-9.98195	0.2	26.1852	0.0405273	-0.171997	-0.984375	201	255
[4046]	996	1348	0	-4.2371	-9.99187	0.2	26.1521	-0.820312	-0.523926	-0.228638	201	255
[4047]	996	1349	0	-4.2371	-9.99187	0.2	26.1521	-0.820312	-0.523926	-0.228638	201	255
[4048]	1003	1349	0	-4.19521	-9.98195	0.2	26.1852	0.0405273	-0.171997	-0.984375	201	255
[4049]	1008	1349	0	-4.24568	-9.98926	0.2	26.1662	0.625	-0.752441	0.20813	201	255
[4050]	1008	1350	0	-4.24568	-9.98926	0.2	26.1662	0.625	-0.752441	0.20813	201	255
[4051]	1002	1350	0	-4.2688	-9.98702	0.2	26.1201	-0.562988	-0.786133	-0.254639	201	255
[4052]	996	1350	0	-4.2371	-9.99187	0.2	26.1521	-0.820312	-0.523926	-0.228638	201	255
[4053]	1013	1351	0	-4.26403	-9.95436	0.2	26.1327	-0.419922	0.506348	-0.75293	201	255
[4054]	996	1351	0	-4.2371	-9.99187	0.2	26.1521	-0.820312	-0.523926	-0.228638	201	255
[4055]	1002	1351	0	-4.2688	-9.98702	0.2	26.1201	-0.562988	-0.786133	-0.254639	201	255
[4056]	996	1352	0	-4.2371	-9.99187	0.2	26.1521	-0.820312	-0.523926	-0.228638	201	255
[4057]	1013	1352	0	-4.26403	-9.95436	0.2	26.1327	-0.419922	0.506348	-0.75293	201	255
[4058]	1005	1352	0	-4.23519	-9.97389	0.2	26.161	-0.517578	0.773438	-0.366699	201	255
[4059]	1008	1353	0	-4.24568	-9.98926	0.2	26.1662	0.625	-0.752441	0.20813	201	255
[4060]	1003	1353	0	-4.19521	-9.98195	0.2	26.1852	0.0405273	-0.171997	-0.984375	201	255
[4061]	1001	1353	0	-4.23894	-9.9664	0.2	26.1697	0.751953	0.60498	-0.261719	201	255
[4062]	1010	1354	0	-4.2757	-9.93712	0.2	26.1419	0.885742	0.420898	-0.195679	201	255
[4063]	1008	1354	0	-4.24568	-9.98926	0.2	26.1662	0.625	-0.752441	0.20813	201	255
[4064]	1001	1354	0	-4.23894	-9.9664	0.2	26.1697	0.751953	0.60498	-0.261719	201	255
[4065]	1008	1355	0	-4.24568	-9.98926	0.2	26.1662	0.625	-0.752441	0.20813	201	255
[4066]	1010	1355	0	-4.2757	-9.93712	0.2	26.1419	0.885742	0.420898	-0.195679	201	255
[4067]	1014	1355	0	-4.28849	-9.9739	0.2	26.1314	0.601562	-0.631348	0.489502	201	255
[4068]	1002	1356	0	-4.2688	-9.98702	0.2	26.1201	-0.562988	-0.786133	-0.254639	201	255
[4069]	1008	1356	0	-4.24568	-9.98926	0.2	26.1662	0.625	-0.752441	0.20813	201	255
[4070]	1014	1356	0	-4.28849	-9.9739	0.2	26.1314	0.601562	-0.631348	0.489502	201	255
[4071]	1014	1357	0	-4.28849	-9.9739	0.2	26.1314	0.601562	-0.631348	0.489502	201	255
[4072]	1004	1357	0	-4.2836	-9.9857	0.2	26.0807	0.223633	-0.953125	0.203125	201	255
[4073]	1002	1357	0	-4.2688	-9.98702	0.2	26.1201	-0.562988	-0.786133	-0.254639	201	255
[4074]	1006	1358	0	-4.26753	-9.91124	0.2	26.1054	0.766113	-0.438721	-0.469971	201	255
[4075]	1002	1358	0	-4.2688	-9.98702	0.2	26.1201	-0.562988	-0.786133	-0.254639	201	255
[4076]	1004	1358	0	-4.2836	-9.9857	0.2	26.0807	0.223633	-0.953125	0.203125	201	255
[4077]	1002	1359	0	-4.2688	-9.98702	0.2	26.1201	-0.562988	-0.786133	-0.254639	201	255
[4078]	1006	1359	0	-4.26753	-9.91124	0.2	26.1054	0.766113	-0.438721	-0.469971	201	255
[4079]	1013	1359	0	-4.26403	-9.95436	0.2	26.1327	-0.419922	0.506348	-0.75293	201	255
[4080]	1001	1360	0	-4.23894	-9.9664	0.2	26.1697	0.751953	0.60498	-0.261719	201	255
[4081]	1003	1360	0	-4.19521	-9.98195	0.2	26.1852	0.0405273	-0.171997	-0.984375	201	255
[4082]	999	1360	0	-4.23519	-9.97389	0.2	26.161	-0.517578	0.773438	-0.366699	201	255
[4083]	1007	1361	0	-4.26403	-9.95436	0.2	26.1327	-0.419922	0.506348	-0.75293	201	255
[4084]	1001	1361	0	-4.23894	-9.9664	0.2	26.1697	0.751953	0.60498	-0.261719	201	255
[4085]	999	1361	0	-4.23519	-9.97389	0.2	26.161	-0.517578	0.773438	-0.366699	201	255
[4086]	1001	1362	0	-4.23894	-9.9664	0.2	26.1697	0.751953	0.60498	-0.261719	201	255
[4087]	1007	1362	0	-4.26403	-9.95436	0.2	26.1327	-0.419922	0.506348	-0.75293	201	255
[4088]	1010	1362	0	-4.2757	-9.93712	0.2	26.1419	0.885742	0.420898	-0.195679	201	255
[4089]	1012	1363	0	-4.26753	-9.91124	0.2	26.1054	0.769043	-0.438965	-0.465332	201	255
[4090]	1010	1363	0	-4.2757	-9.93712	0.2	26.1419	0.885742	0.420898	-0.195679	201	255
[4091]	1007	1363	0	-4.26403	-9.95436	0.2	26.1327	-0.419922	0.506348	-0.75293	201	255
[4092]	1010	1364	0	-4.2757	-9.93712	0.2	26.1419	0.885742	0.420898	-0.195679	201	255
[4093]	1012	1364	0	-4.26753	-9.91124	0.2	26.1054	0.769043	-0.438965	-0.465332	201	255
[4094]	1011	1364	0	-4.29765	-9.90495	0.2	26.1152	0.942871	-0.331543	-0.0320435	201	255
[4095]	1011	1365	0	-4.29765	-9.90495	0.2	26.1152	0.942871	-0.331543	-0.0320435	201	255
[4096]	1014	1365	0	-4.28849	-9.9739	0.2	26.1314	0.601562	-0.631348	0.489502	201	255
[4097]	1010	1365	0	-4.2757	-9.93712	0.2	26.1419	0.885742	0.420898	-0.195679	201	255
[4098]	1014	1366	0	-4.28849	-9.9739	0.2	26.1314	0.601562	-0.631348	0.489502	201	255
[4099]	1011	1366	0	-4.29765	-9.90495	0.2	26.1152	0.942871	-0.331543	-0.0320435	201	255
[4100]	1009	1366	0	-4.32316	-9.94444	0.2	26.0799	0.495361	-0.848633	0.186523	201	255
[4101]	1004	1367	0	-4.2836	-9.9857	0.2	26.0807	0.223633	-0.953125	0.203125	201	255
[4102]	1014	1367	0	-4.28849	-9.9739	0.2	26.1314	0.601562	-0.631348	0.489502	201	255
[4103]	1009	1367	0	-4.32316	-9.94444	0.2	26.0799	0.495361	-0.848633	0.186523	201	255
[4104]	1035	1368	0	-4.27918	-10.2884	0.2	25.9143	-0.689453	0.697266	-0.196411	201	255
[4105]	1036	1368	0	-4.25686	-10.2739	0.2	25.9394	0.00318527	0.112061	-0.993652	201	255
[4106]	1037	1368	0	-4.27509	-10.3058	0.2	25.9173	-0.72168	-0.641602	-0.259033	201	255
[4107]	1037	1369	0	-4.27509	-10.3058	0.2	25.9173	-0.72168	-0.641602	-0.259033	201	255
[4108]	1036	1369	0	-4.25686	-10.2739	0.2	25.9394	0.00318527	0.112061	-0.993652	201	255
[4109]	1059	1369	0	-4.28257	-10.3016	0.2	25.938	0.820312	-0.53418	-0.204224	201	255
[4110]	1059	1370	0	-4.28257	-10.3016	0.2	25.938	0.820312	-0.53418	-0.204224	201	255
[4111]	1070	1370	0	-4.3137	-10.3206	0.2	25.886	-0.80127	-0.571289	-0.176147	201	255
[4112]	1037	1370	0	-4.27509	-10.3058	0.2	25.9173	-0.72168	-0.641602	-0.259033	201	255
[4113]	1070	1371	0	-4.3137	-10.3206	0.2	25.886	-0.80127	-0.571289	-0.176147	201	255
[4114]	1035	1371	0	-4.27918	-10.2884	0.2	25.9143	-0.689453	0.697266	-0.196411	201	255
[4115]	1037	1371	0	-4.27509	-10.3058	0.2	25.9173	-0.72168	-0.641602	-0.259033	201	255
[4116]	1035	1372	0	-4.27918	-10.2884	0.2	25.9143	-0.689453	0.697266	-0.196411	201	255
[4117]	1070	1372	0	-4.3137	-10.3206	0.2	25.886	-0.80127	-0.571289	-0.176147	201	255
[4118]	1063	1372	0	-4.31505	-10.2868	0.2	25.8927	-0.544434	0.77832	-0.312988	201	255
[4119]	1070	1373	0	-4.3137	-10.3206	0.2	25.886	-0.80127	-0.571289	-0.176147	201	255
[4120]	1061	1373	0	-4.3446	-10.2658	0.2	25.8658	-0.383057	0.69043	-0.613281	201	255
[4121]	1063	1373	0	-4.31505	-10.2868	0.2	25.8927	-0.544434	0.77832	-0.312988	201	255
[4122]	1061	1374	0	-4.3446	-10.2658	0.2	25.8658	-0.383057	0.69043	-0.613281	201	255
[4123]	1070	1374	0	-4.3137	-10.3206	0.2	25.886	-0.80127	-0.571289	-0.176147	201	255
[4124]	1067	1374	0	-4.35452	-10.3207	0.2	25.8439	-0.720703	-0.672363	-0.168701	201	255
[4125]	1067	1375	0	-4.35452	-10.3207	0.2	25.8439	-0.720703	-0.672363	-0.168701	201	255
[4126]	1065	1375	0	-4.35619	-10.2318	0.2	25.8446	0.276367	-0.600586	-0.75	201	255
[4127]	1061	1375	0	-4.3446	-10.2658	0.2	25.8658	-0.383057	0.69043	-0.613281	201	255
[4128]	1065	1376	0	-4.35619	-10.2318	0.2	25.8446	0.276367	-0.600586	-0.75	201	255
[4129]	1067	1376	0	-4.35452	-10.3207	0.2	25.8439	-0.720703	-0.672363	-0.168701	201	255
[4130]	1069	1376	0	-4.3966	-10.3041	0.2	25.7936	0.348145	-0.933105	0.0908203	201	255
[4131]	1059	1377	0	-4.28257	-10.3016	0.2	25.938	0.820312	-0.53418	-0.204224	201	255
[4132]	1036	1377	0	-4.25686	-10.2739	0.2	25.9394	0.00318527	0.112061	-0.993652	201	255
[4133]	1062	1377	0	-4.28309	-10.2816	0.2	25.9265	0.492432	0.86377	-0.104553	201	255
[4134]	1062	1378	0	-4.28309	-10.2816	0.2	25.9265	0.492432	0.86377	-0.104553	201	255
[4135]	1058	1378	0	-4.32696	-10.3138	0.2	25.9152	0.750977	-0.655273	0.0820312	201	255
[4136]	1059	1378	0	-4.28257	-10.3016	0.2	25.938	0.820312	-0.53418	-0.204224	201	255
[4137]	1070	1379	0	-4.3137	-10.3206	0.2	25.886	-0.80127	-0.571289	-0.176147	201	255
[4138]	1059	1379	0	-4.28257	-10.3016	0.2	25.938	0.820312	-0.53418	-0.204224	201	255
[4139]	1058	1379	0	-4.32696	-10.3138	0.2	25.9152	0.750977	-0.655273	0.0820312	201	255
[4140]	1058	1380	0	-4.32696	-10.3138	0.2	25.9152	0.750977	-0.655273	0.0820312	201	255
[4141]	1067	1380	0	-4.35452	-10.3207	0.2	25.8439	-0.720703	-0.672363	-0.168701	201	255
[4142]	1070	1380	0	-4.3137	-10.3206	0.2	25.886	-0.80127	-0.571289	-0.176147	201	255
[4143]	1067	1381	0	-4.35452	-10.3207	0.2	25.8439	-0.720703	-0.672363	-0.168701	201	255
[4144]	1058	1381	0	-4.32696	-10.3138	0.2	25.9152	0.750977	-0.655273	0.0820312	201	255
[4145]	1076	1381	0	-4.37983	-10.3053	0.2	25.8738	0.633301	-0.691406	0.347656	201	255
[4146]	1076	1382	0	-4.37983	-10.3053	0.2	25.8738	0.633301	-0.691406	0.347656	201	255
[4147]	1069	1382	0	-4.3966	-10.3041	0.2	25.7936	0.348145	-0.933105	0.0908203	201	255
[4148]	1067	1382	0	-4.35452	-10.3207	0.2	25.8439	-0.720703	-0.672363	-0.168701	201	255
[4149]	1069	1383	0	-4.3966	-10.3041	0.2	25.7936	0.348145	-0.933105	0.0908203	201	255
[4150]	1076	1383	0	-4.37983	-10.3053	0.2	25.8738	0.633301	-0.691406	0.347656	201	255
[4151]	1072	1383	0	-4.44689	-10.2573	0.2	25.7921	0.505859	-0.861816	-0.0369873	201	255
[4152]	1076	1384	0	-4.37983	-10.3053	0.2	25.8738	0.633301	-0.691406	0.347656	201	255
[4153]	1078	1384	0	-4.3965	-10.2285	0.2	25.8599	0.817871	-0.571777	0.0632935	201	255
[4154]	1072	1384	0	-4.44689	-10.2573	0.2	25.7921	0.505859	-0.861816	-0.0369873	201	255
[4155]	1078	1385	0	-4.3965	-10.2285	0.2	25.8599	0.817871	-0.571777	0.0632935	201	255
[4156]	1076	1385	0	-4.37983	-10.3053	0.2	25.8738	0.633301	-0.691406	0.347656	201	255
[4157]	1073	1385	0	-4.36184	-10.2596	0.2	25.885	0.866211	0.483643	-0.125244	201	255
[4158]	1073	1386	0	-4.36184	-10.2596	0.2	25.885	0.866211	0.483643	-0.125244	201	255
[4159]	1071	1386	0	-4.35619	-10.2318	0.2	25.8446	0.27417	-0.600586	-0.751465	201	255
[4160]	1078	1386	0	-4.3965	-10.2285	0.2	25.8599	0.817871	-0.571777	0.0632935	201	255
[4161]	1062	1387	0	-4.28309	-10.2816	0.2	25.9265	0.492432	0.86377	-0.104553	201	255
[4162]	1036	1387	0	-4.25686	-10.2739	0.2	25.9394	0.00318527	0.112061	-0.993652	201	255
[4163]	1060	1387	0	-4.27918	-10.2884	0.2	25.9143	-0.689453	0.697266	-0.196411	201	255
[4164]	1064	1388	0	-4.31505	-10.2868	0.2	25.8927	-0.544434	0.77832	-0.312988	201	255
[4165]	1062	1388	0	-4.28309	-10.2816	0.2	25.9265	0.492432	0.86377	-0.104553	201	255
[4166]	1060	1388	0	-4.27918	-10.2884	0.2	25.9143	-0.689453	0.697266	-0.196411	201	255
[4167]	1062	1389	0	-4.28309	-10.2816	0.2	25.9265	0.492432	0.86377	-0.104553	201	255
[4168]	1064	1389	0	-4.31505	-10.2868	0.2	25.8927	-0.544434	0.77832	-0.312988	201	255
[4169]	1066	1389	0	-4.32173	-10.2781	0.2	25.9081	0.630859	0.749512	-0.200195	201	255
[4170]	1058	1390	0	-4.32696	-10.3138	0.2	25.9152	0.750977	-0.655273	0.0820312	201	255
[4171]	1062	1390	0	-4.28309	-10.2816	0.2	25.9265	0.492432	0.86377	-0.104553	201	255
[4172]	1066	1390	0	-4.32173	-10.2781	0.2	25.9081	0.630859	0.749512	-0.200195	201	255
[4173]	1073	1391	0	-4.36184	-10.2596	0.2	25.885	0.866211	0.483643	-0.125244	201	255
[4174]	1058	1391	0	-4.32696	-10.3138	0.2	25.9152	0.750977	-0.655273	0.0820312	201	255
[4175]	1066	1391	0	-4.32173	-10.2781	0.2	25.9081	0.630859	0.749512	-0.200195	201	255
[4176]	1058	1392	0	-4.32696	-10.3138	0.2	25.9152	0.750977	-0.655273	0.0820312	201	255
[4177]	1073	1392	0	-4.36184	-10.2596	0.2	25.885	0.866211	0.483643	-0.125244	201	255
[4178]	1076	1392	0	-4.37983	-10.3053	0.2	25.8738	0.633301	-0.691406	0.347656	201	255
[4179]	1068	1393	0	-4.3446	-10.2658	0.2	25.8658	-0.383057	0.69043	-0.613281	201	255
[4180]	1066	1393	0	-4.32173	-10.2781	0.2	25.9081	0.630859	0.749512	-0.200195	201	255
[4181]	1064	1393	0	-4.31505	-10.2868	0.2	25.8927	-0.544434	0.77832	-0.312988	201	255
[4182]	1066	1394	0	-4.32173	-10.2781	0.2	25.9081	0.630859	0.749512	-0.200195	201	255
[4183]	1068	1394	0	-4.3446	-10.2658	0.2	25.8658	-0.383057	0.69043	-0.613281	201	255
[4184]	1073	1394	0	-4.36184	-10.2596	0.2	25.885	0.866211	0.483643	-0.125244	201	255
[4185]	1071	1395	0	-4.35619	-10.2318	0.2	25.8446	0.27417	-0.600586	-0.751465	201	255
[4186]	1073	1395	0	-4.36184	-10.2596	0.2	25.885	0.866211	0.483643	-0.125244	201	255
[4187]	1068	1395	0	-4.3446	-10.2658	0.2	25.8658	-0.383057	0.69043	-0.613281	201	255
[4188]	1077	1396	0	-4.26816	-10.4808	0.2	25.7407	-0.900391	0.414062	-0.132935	201	255
[4189]	1075	1396	0	-4.25394	-10.4737	0.2	25.7587	-0.110413	0.0825806	-0.990723	201	255
[4190]	1079	1396	0	-4.27041	-10.5005	0.2	25.7471	-0.422363	-0.887695	-0.182861	201	255
[4191]	1079	1397	0	-4.27041	-10.5005	0.2	25.7471	-0.422363	-0.887695	-0.182861	201	255
[4192]	1075	1397	0	-4.25394	-10.4737	0.2	25.7587	-0.110413	0.0825806	-0.990723	201	255
[4193]	1082	1397	0	-4.27336	-10.4906	0.2	25.7603	0.826172	-0.482178	-0.291748	201	255
[4194]	1082	1398	0	-4.27336	-10.4906	0.2	25.7603	0.826172	-0.482178	-0.291748	201	255
[4195]	1084	1398	0	-4.29898	-10.5101	0.2	25.7348	-0.322754	-0.946289	0.0105362	201	255
[4196]	1079	1398	0	-4.27041	-10.5005	0.2	25.7471	-0.422363	-0.887695	-0.182861	201	255
[4197]	1074	1399	0	-4.2937	-10.4848	0.2	25.7264	-0.89209	0.410645	-0.187256	201	255
[4198]	1079	1399	0	-4.27041	-10.5005	0.2	25.7471	-0.422363	-0.887695	-0.182861	201	255
[4199]	1084	1399	0	-4.29898	-10.5101	0.2	25.7348	-0.322754	-0.946289	0.0105362	201	255
[4200]	1079	1400	0	-4.27041	-10.5005	0.2	25.7471	-0.422363	-0.887695	-0.182861	201	255
[4201]	1074	1400	0	-4.2937	-10.4848	0.2	25.7264	-0.89209	0.410645	-0.187256	201	255
[4202]	1077	1400	0	-4.26816	-10.4808	0.2	25.7407	-0.900391	0.414062	-0.132935	201	255
[4203]	1082	1401	0	-4.27336	-10.4906	0.2	25.7603	0.826172	-0.482178	-0.291748	201	255
[4204]	1075	1401	0	-4.25394	-10.4737	0.2	25.7587	-0.110413	0.0825806	-0.990723	201	255
[4205]	1080	1401	0	-4.26857	-10.4713	0.2	25.7538	0.435059	0.866699	-0.243408	201	255
[4206]	1081	1402	0	-4.30002	-10.4693	0.2	25.7483	0.65332	0.720215	-0.232788	201	255
[4207]	1082	1402	0	-4.27336	-10.4906	0.2	25.7603	0.826172	-0.482178	-0.291748	201	255
[4208]	1080	1402	0	-4.26857	-10.4713	0.2	25.7538	0.435059	0.866699	-0.243408	201	255
[4209]	1082	1403	0	-4.27336	-10.4906	0.2	25.7603	0.826172	-0.482178	-0.291748	201	255
[4210]	1081	1403	0	-4.30002	-10.4693	0.2	25.7483	0.65332	0.720215	-0.232788	201	255
[4211]	1085	1403	0	-4.30603	-10.4937	0.2	25.7489	0.792969	-0.609375	0.0172272	201	255
[4212]	1084	1404	0	-4.29898	-10.5101	0.2	25.7348	-0.322754	-0.946289	0.0105362	201	255
[4213]	1082	1404	0	-4.27336	-10.4906	0.2	25.7603	0.826172	-0.482178	-0.291748	201	255
[4214]	1085	1404	0	-4.30603	-10.4937	0.2	25.7489	0.792969	-0.609375	0.0172272	201	255
[4215]	1085	1405	0	-4.30603	-10.4937	0.2	25.7489	0.792969	-0.609375	0.0172272	201	255
[4216]	1094	1405	0	-4.33502	-10.5057	0.2	25.7099	-0.393066	-0.908691	0.140869	201	255
[4217]	1084	1405	0	-4.29898	-10.5101	0.2	25.7348	-0.322754	-0.946289	0.0105362	201	255
[4218]	1089	1406	0	-4.31782	-10.4788	0.2	25.7058	-0.886719	0.329834	-0.32373	201	255
[4219]	1084	1406	0	-4.29898	-10.5101	0.2	25.7348	-0.322754	-0.946289	0.0105362	201	255
[4220]	1094	1406	0	-4.33502	-10.5057	0.2	25.7099	-0.393066	-0.908691	0.140869	201	255
[4221]	1084	1407	0	-4.29898	-10.5101	0.2	25.7348	-0.322754	-0.946289	0.0105362	201	255
[4222]	1089	1407	0	-4.31782	-10.4788	0.2	25.7058	-0.886719	0.329834	-0.32373	201	255
[4223]	1074	1407	0	-4.2937	-10.4848	0.2	25.7264	-0.89209	0.410645	-0.187256	201	255
[4224]	1080	1408	0	-4.26857	-10.4713	0.2	25.7538	0.435059	0.866699	-0.243408	201	255
[4225]	1075	1408	0	-4.25394	-10.4737	0.2	25.7587	-0.110413	0.0825806	-0.990723	201	255
[4226]	1086	1408	0	-4.26816	-10.4808	0.2	25.7407	-0.900391	0.414062	-0.132935	201	255
[4227]	1083	1409	0	-4.2937	-10.4848	0.2	25.7264	-0.89209	0.410645	-0.187256	201	255
[4228]	1080	1409	0	-4.26857	-10.4713	0.2	25.7538	0.435059	0.866699	-0.243408	201	255
[4229]	1086	1409	0	-4.26816	-10.4808	0.2	25.7407	-0.900391	0.414062	-0.132935	201	255
[4230]	1080	1410	0	-4.26857	-10.4713	0.2	25.7538	0.435059	0.866699	-0.243408	201	255
[4231]	1083	1410	0	-4.2937	-10.4848	0.2	25.7264	-0.89209	0.410645	-0.187256	201	255
[4232]	1081	1410	0	-4.30002	-10.4693	0.2	25.7483	0.65332	0.720215	-0.232788	201	255
[4233]	1093	1411	0	-4.31782	-10.4788	0.2	25.7058	-0.886719	0.329834	-0.32373	201	255
[4234]	1081	1411	0	-4.30002	-10.4693	0.2	25.7483	0.65332	0.720215	-0.232788	201	255
[4235]	1083	1411	0	-4.2937	-10.4848	0.2	25.7264	-0.89209	0.410645	-0.187256	201	255
[4236]	1081	1412	0	-4.30002	-10.4693	0.2	25.7483	0.65332	0.720215	-0.232788	201	255
[4237]	1093	1412	0	-4.31782	-10.4788	0.2	25.7058	-0.886719	0.329834	-0.32373	201	255
[4238]	1092	1412	0	-4.34317	-10.451	0.2	25.7361	0.87207	0.444092	-0.2052	201	255
[4239]	1092	1413	0	-4.34317	-10.451	0.2	25.7361	0.87207	0.444092	-0.2052	201	255
[4240]	1085	1413	0	-4.30603	-10.4937	0.2	25.7489	0.792969	-0.609375	0.0172272	201	255
[4241]	1081	1413	0	-4.30002	-10.4693	0.2	25.7483	0.65332	0.720215	-0.232788	201	255
[4242]	1085	1414	0	-4.30603	-10.4937	0.2	25.7489	0.792969	-0.609375	0.0172272	201	255
[4243]	1092	1414	0	-4.34317	-10.451	0.2	25.7361	0.87207	0.444092	-0.2052	201	255
[4244]	1097	1414	0	-4.34984	-10.4819	0.2	25.731	0.723633	-0.625488	0.291504	201	255
[4245]	1094	1415	0	-4.33502	-10.5057	0.2	25.7099	-0.393066	-0.908691	0.140869	201	255
[4246]	1085	1415	0	-4.30603	-10.4937	0.2	25.7489	0.792969	-0.609375	0.0172272	201	255
[4247]	1097	1415	0	-4.34984	-10.4819	0.2	25.731	0.723633	-0.625488	0.291504	201	255
[4248]	1097	1416	0	-4.34984	-10.4819	0.2	25.731	0.723633	-0.625488	0.291504	201	255
[4249]	1087	1416	0	-4.37278	-10.4887	0.2	25.6782	0.434082	-0.898438	-0.0674438	201	255
[4250]	1094	1416	0	-4.33502	-10.5057	0.2	25.7099	-0.393066	-0.908691	0.140869	201	255
[4251]	1088	1417	0	-4.33715	-10.4557	0.2	25.6888	0.247925	-0.805176	-0.539062	201	255
[4252]	1094	1417	0	-4.33502	-10.5057	0.2	25.7099	-0.393066	-0.908691	0.140869	201	255
[4253]	1087	1417	0	-4.37278	-10.4887	0.2	25.6782	0.434082	-0.898438	-0.0674438	201	255
[4254]	1094	1418	0	-4.33502	-10.5057	0.2	25.7099	-0.393066	-0.908691	0.140869	201	255
[4255]	1088	1418	0	-4.33715	-10.4557	0.2	25.6888	0.247925	-0.805176	-0.539062	201	255
[4256]	1089	1418	0	-4.31782	-10.4788	0.2	25.7058	-0.886719	0.329834	-0.32373	201	255
[4257]	1090	1419	0	-4.33715	-10.4557	0.2	25.6888	0.247925	-0.805176	-0.539062	201	255
[4258]	1092	1419	0	-4.34317	-10.451	0.2	25.7361	0.87207	0.444092	-0.2052	201	255
[4259]	1093	1419	0	-4.31782	-10.4788	0.2	25.7058	-0.886719	0.329834	-0.32373	201	255
[4260]	1092	1420	0	-4.34317	-10.451	0.2	25.7361	0.87207	0.444092	-0.2052	201	255
[4261]	1090	1420	0	-4.33715	-10.4557	0.2	25.6888	0.247925	-0.805176	-0.539062	201	255
[4262]	1102	1420	0	-4.36122	-10.4173	0.2	25.7172	0.81543	-0.570801	-0.0950928	201	255
[4263]	1102	1421	0	-4.36122	-10.4173	0.2	25.7172	0.81543	-0.570801	-0.0950928	201	255
[4264]	1097	1421	0	-4.34984	-10.4819	0.2	25.731	0.723633	-0.625488	0.291504	201	255
[4265]	1092	1421	0	-4.34317	-10.451	0.2	25.7361	0.87207	0.444092	-0.2052	201	255
[4266]	1097	1422	0	-4.34984	-10.4819	0.2	25.731	0.723633	-0.625488	0.291504	201	255
[4267]	1102	1422	0	-4.36122	-10.4173	0.2	25.7172	0.81543	-0.570801	-0.0950928	201	255
[4268]	1095	1422	0	-4.40454	-10.4524	0.2	25.6855	0.726562	-0.680664	-0.0914917	201	255
[4269]	1087	1423	0	-4.37278	-10.4887	0.2	25.6782	0.434082	-0.898438	-0.0674438	201	255
[4270]	1097	1423	0	-4.34984	-10.4819	0.2	25.731	0.723633	-0.625488	0.291504	201	255
[4271]	1095	1423	0	-4.40454	-10.4524	0.2	25.6855	0.726562	-0.680664	-0.0914917	201	255
[4272]	1091	1424	0	-4.23244	-10.6337	0.2	25.687	-0.638672	0.750488	-0.17041	201	255
[4273]	1099	1424	0	-4.2147	-10.6346	0.2	25.6953	-0.244263	0.0645142	-0.967773	201	255
[4274]	1100	1424	0	-4.2334	-10.6531	0.2	25.6858	-0.76709	-0.631836	-0.111267	201	255
[4275]	1100	1425	0	-4.2334	-10.6531	0.2	25.6858	-0.76709	-0.631836	-0.111267	201	255
[4276]	1099	1425	0	-4.2147	-10.6346	0.2	25.6953	-0.244263	0.0645142	-0.967773	201	255
[4277]	1096	1425	0	-4.23642	-10.6493	0.2	25.7037	0.656738	-0.718262	-0.229126	201	255
[4278]	1124	1426	0	-4.26605	-10.6479	0.2	25.6939	0.717285	-0.693359	0.0715942	201	255
[4279]	1100	1426	0	-4.2334	-10.6531	0.2	25.6858	-0.76709	-0.631836	-0.111267	201	255
[4280]	1096	1426	0	-4.23642	-10.6493	0.2	25.7037	0.656738	-0.718262	-0.229126	201	255
[4281]	1100	1427	0	-4.2334	-10.6531	0.2	25.6858	-0.76709	-0.631836	-0.111267	201	255
[4282]	1124	1427	0	-4.26605	-10.6479	0.2	25.6939	0.717285	-0.693359	0.0715942	201	255
[4283]	1105	1427	0	-4.26232	-10.6562	0.2	25.6702	-0.724121	-0.688477	-0.0370789	201	255
[4284]	1103	1428	0	-4.25872	-10.6254	0.2	25.6736	-0.634277	0.709961	-0.304932	201	255
[4285]	1100	1428	0	-4.2334	-10.6531	0.2	25.6858	-0.76709	-0.631836	-0.111267	201	255
[4286]	1105	1428	0	-4.26232	-10.6562	0.2	25.6702	-0.724121	-0.688477	-0.0370789	201	255
[4287]	1100	1429	0	-4.2334	-10.6531	0.2	25.6858	-0.76709	-0.631836	-0.111267	201	255
[4288]	1103	1429	0	-4.25872	-10.6254	0.2	25.6736	-0.634277	0.709961	-0.304932	201	255
[4289]	1091	1429	0	-4.23244	-10.6337	0.2	25.687	-0.638672	0.750488	-0.17041	201	255
[4290]	1096	1430	0	-4.23642	-10.6493	0.2	25.7037	0.656738	-0.718262	-0.229126	201	255
[4291]	1099	1430	0	-4.2147	-10.6346	0.2	25.6953	-0.244263	0.0645142	-0.967773	201	255
[4292]	1101	1430	0	-4.23353	-10.6287	0.2	25.7014	0.685059	0.624023	-0.376465	201	255
[4293]	1101	1431	0	-4.23353	-10.6287	0.2	25.7014	0.685059	0.624023	-0.376465	201	255
[4294]	1124	1431	0	-4.26605	-10.6479	0.2	25.6939	0.717285	-0.693359	0.0715942	201	255
[4295]	1096	1431	0	-4.23642	-10.6493	0.2	25.7037	0.656738	-0.718262	-0.229126	201	255
[4296]	1124	1432	0	-4.26605	-10.6479	0.2	25.6939	0.717285	-0.693359	0.0715942	201	255
[4297]	1101	1432	0	-4.23353	-10.6287	0.2	25.7014	0.685059	0.624023	-0.376465	201	255
[4298]	1126	1432	0	-4.26694	-10.6157	0.2	25.6907	0.728027	0.639648	-0.246094	201	255
[4299]	1126	1433	0	-4.26694	-10.6157	0.2	25.6907	0.728027	0.639648	-0.246094	201	255
[4300]	1129	1433	0	-4.31177	-10.6373	0.2	25.6665	0.617676	-0.69873	0.360596	201	255
[4301]	1124	1433	0	-4.26605	-10.6479	0.2	25.6939	0.717285	-0.693359	0.0715942	201	255
[4302]	1134	1434	0	-4.29603	-10.65	0.2	25.6434	-0.664551	-0.743652	0.0734253	201	255
[4303]	1124	1434	0	-4.26605	-10.6479	0.2	25.6939	0.717285	-0.693359	0.0715942	201	255
[4304]	1129	1434	0	-4.31177	-10.6373	0.2	25.6665	0.617676	-0.69873	0.360596	201	255
[4305]	1124	1435	0	-4.26605	-10.6479	0.2	25.6939	0.717285	-0.693359	0.0715942	201	255
[4306]	1134	1435	0	-4.29603	-10.65	0.2	25.6434	-0.664551	-0.743652	0.0734253	201	255
[4307]	1105	1435	0	-4.26232	-10.6562	0.2	25.6702	-0.724121	-0.688477	-0.0370789	201	255
[4308]	1123	1436	0	-4.2849	-10.6079	0.2	25.6518	-0.584473	0.573242	-0.574707	201	255
[4309]	1105	1436	0	-4.26232	-10.6562	0.2	25.6702	-0.724121	-0.688477	-0.0370789	201	255
[4310]	1134	1436	0	-4.29603	-10.65	0.2	25.6434	-0.664551	-0.743652	0.0734253	201	255
[4311]	1105	1437	0	-4.26232	-10.6562	0.2	25.6702	-0.724121	-0.688477	-0.0370789	201	255
[4312]	1123	1437	0	-4.2849	-10.6079	0.2	25.6518	-0.584473	0.573242	-0.574707	201	255
[4313]	1103	1437	0	-4.25872	-10.6254	0.2	25.6736	-0.634277	0.709961	-0.304932	201	255
[4314]	1101	1438	0	-4.23353	-10.6287	0.2	25.7014	0.685059	0.624023	-0.376465	201	255
[4315]	1099	1438	0	-4.2147	-10.6346	0.2	25.6953	-0.244263	0.0645142	-0.967773	201	255
[4316]	1098	1438	0	-4.23244	-10.6337	0.2	25.687	-0.638672	0.750488	-0.17041	201	255
[4317]	1104	1439	0	-4.25872	-10.6254	0.2	25.6736	-0.634277	0.709961	-0.304932	201	255
[4318]	1101	1439	0	-4.23353	-10.6287	0.2	25.7014	0.685059	0.624023	-0.376465	201	255
[4319]	1098	1439	0	-4.23244	-10.6337	0.2	25.687	-0.638672	0.750488	-0.17041	201	255
[4320]	1101	1440	0	-4.23353	-10.6287	0.2	25.7014	0.685059	0.624023	-0.376465	201	255
[4321]	1104	1440	0	-4.25872	-10.6254	0.2	25.6736	-0.634277	0.709961	-0.304932	201	255
[4322]	1126	1440	0	-4.26694	-10.6157	0.2	25.6907	0.728027	0.639648	-0.246094	201	255
[4323]	1128	1441	0	-4.2849	-10.6079	0.2	25.6518	-0.583984	0.574707	-0.573242	201	255
[4324]	1126	1441	0	-4.26694	-10.6157	0.2	25.6907	0.728027	0.639648	-0.246094	201	255
[4325]	1104	1441	0	-4.25872	-10.6254	0.2	25.6736	-0.634277	0.709961	-0.304932	201	255
[4326]	1126	1442	0	-4.26694	-10.6157	0.2	25.6907	0.728027	0.639648	-0.246094	201	255
[4327]	1128	1442	0	-4.2849	-10.6079	0.2	25.6518	-0.583984	0.574707	-0.573242	201	255
[4328]	1125	1442	0	-4.30471	-10.5913	0.2	25.6705	0.883789	0.414307	-0.217407	201	255
[4329]	1129	1443	0	-4.31177	-10.6373	0.2	25.6665	0.617676	-0.69873	0.360596	201	255
[4330]	1126	1443	0	-4.26694	-10.6157	0.2	25.6907	0.728027	0.639648	-0.246094	201	255
[4331]	1125	1443	0	-4.30471	-10.5913	0.2	25.6705	0.883789	0.414307	-0.217407	201	255
[4332]	1131	1444	0	-4.32489	-10.5622	0.2	25.6484	0.809082	-0.586914	-0.00793457	201	255
[4333]	1129	1444	0	-4.31177	-10.6373	0.2	25.6665	0.617676	-0.69873	0.360596	201	255
[4334]	1125	1444	0	-4.30471	-10.5913	0.2	25.6705	0.883789	0.414307	-0.217407	201	255
[4335]	1129	1445	0	-4.31177	-10.6373	0.2	25.6665	0.617676	-0.69873	0.360596	201	255
[4336]	1131	1445	0	-4.32489	-10.5622	0.2	25.6484	0.809082	-0.586914	-0.00793457	201	255
[4337]	1132	1445	0	-4.34391	-10.6015	0.2	25.6197	0.543457	-0.832031	0.110168	201	255
[4338]	1122	1446	0	-4.32413	-10.6227	0.2	25.6086	0.219604	-0.973145	0.0705566	201	255
[4339]	1129	1446	0	-4.31177	-10.6373	0.2	25.6665	0.617676	-0.69873	0.360596	201	255
[4340]	1132	1446	0	-4.34391	-10.6015	0.2	25.6197	0.543457	-0.832031	0.110168	201	255
[4341]	1129	1447	0	-4.31177	-10.6373	0.2	25.6665	0.617676	-0.69873	0.360596	201	255
[4342]	1122	1447	0	-4.32413	-10.6227	0.2	25.6086	0.219604	-0.973145	0.0705566	201	255
[4343]	1134	1447	0	-4.29603	-10.65	0.2	25.6434	-0.664551	-0.743652	0.0734253	201	255
[4344]	1127	1448	0	-4.29388	-10.5742	0.2	25.6321	0.294678	-0.751465	-0.590332	201	255
[4345]	1134	1448	0	-4.29603	-10.65	0.2	25.6434	-0.664551	-0.743652	0.0734253	201	255
[4346]	1122	1448	0	-4.32413	-10.6227	0.2	25.6086	0.219604	-0.973145	0.0705566	201	255
[4347]	1134	1449	0	-4.29603	-10.65	0.2	25.6434	-0.664551	-0.743652	0.0734253	201	255
[4348]	1127	1449	0	-4.29388	-10.5742	0.2	25.6321	0.294678	-0.751465	-0.590332	201	255
[4349]	1123	1449	0	-4.2849	-10.6079	0.2	25.6518	-0.584473	0.573242	-0.574707	201	255
[4350]	1130	1450	0	-4.29388	-10.5742	0.2	25.6321	0.294678	-0.751465	-0.590332	201	255
[4351]	1125	1450	0	-4.30471	-10.5913	0.2	25.6705	0.883789	0.414307	-0.217407	201	255
[4352]	1128	1450	0	-4.2849	-10.6079	0.2	25.6518	-0.583984	0.574707	-0.573242	201	255
[4353]	1125	1451	0	-4.30471	-10.5913	0.2	25.6705	0.883789	0.414307	-0.217407	201	255
[4354]	1130	1451	0	-4.29388	-10.5742	0.2	25.6321	0.294678	-0.751465	-0.590332	201	255
[4355]	1131	1451	0	-4.32489	-10.5622	0.2	25.6484	0.809082	-0.586914	-0.00793457	201	255
[4356]	1135	1452	0	-3.93373	-10.6969	0.2	25.9523	-0.559082	0.790527	-0.25	201	255
[4357]	1133	1452	0	-3.90279	-10.7109	0.2	25.9576	-0.242798	-0.122314	-0.962402	201	255
[4358]	1137	1452	0	-3.93566	-10.7081	0.2	25.9471	-0.958008	-0.285889	0.0284576	201	255
[4359]	1137	1453	0	-3.93566	-10.7081	0.2	25.9471	-0.958008	-0.285889	0.0284576	201	255
[4360]	1133	1453	0	-3.90279	-10.7109	0.2	25.9576	-0.242798	-0.122314	-0.962402	201	255
[4361]	1147	1453	0	-3.93555	-10.7197	0.2	25.9642	0.400635	-0.915527	0.0371399	201	255
[4362]	1150	1454	0	-3.98637	-10.6886	0.2	25.9537	0.657227	-0.688477	0.306396	201	255
[4363]	1137	1454	0	-3.93566	-10.7081	0.2	25.9471	-0.958008	-0.285889	0.0284576	201	255
[4364]	1147	1454	0	-3.93555	-10.7197	0.2	25.9642	0.400635	-0.915527	0.0371399	201	255
[4365]	1137	1455	0	-3.93566	-10.7081	0.2	25.9471	-0.958008	-0.285889	0.0284576	201	255
[4366]	1150	1455	0	-3.98637	-10.6886	0.2	25.9537	0.657227	-0.688477	0.306396	201	255
[4367]	1138	1455	0	-3.97819	-10.6915	0.2	25.9238	-0.806152	-0.587402	0.0678711	201	255
[4368]	1141	1456	0	-3.97383	-10.6725	0.2	25.9295	-0.683105	0.543945	-0.486816	201	255
[4369]	1137	1456	0	-3.93566	-10.7081	0.2	25.9471	-0.958008	-0.285889	0.0284576	201	255
[4370]	1138	1456	0	-3.97819	-10.6915	0.2	25.9238	-0.806152	-0.587402	0.0678711	201	255
[4371]	1137	1457	0	-3.93566	-10.7081	0.2	25.9471	-0.958008	-0.285889	0.0284576	201	255
[4372]	1141	1457	0	-3.97383	-10.6725	0.2	25.9295	-0.683105	0.543945	-0.486816	201	255
[4373]	1135	1457	0	-3.93373	-10.6969	0.2	25.9523	-0.559082	0.790527	-0.25	201	255
[4374]	1147	1458	0	-3.93555	-10.7197	0.2	25.9642	0.400635	-0.915527	0.0371399	201	255
[4375]	1133	1458	0	-3.90279	-10.7109	0.2	25.9576	-0.242798	-0.122314	-0.962402	201	255
[4376]	1145	1458	0	-3.93218	-10.6878	0.2	25.9667	0.703613	0.595703	-0.387695	201	255
[4377]	1143	1459	0	-3.97392	-10.6576	0.2	25.9538	0.674805	0.602539	-0.425781	201	255
[4378]	1147	1459	0	-3.93555	-10.7197	0.2	25.9642	0.400635	-0.915527	0.0371399	201	255
[4379]	1145	1459	0	-3.93218	-10.6878	0.2	25.9667	0.703613	0.595703	-0.387695	201	255
[4380]	1147	1460	0	-3.93555	-10.7197	0.2	25.9642	0.400635	-0.915527	0.0371399	201	255
[4381]	1143	1460	0	-3.97392	-10.6576	0.2	25.9538	0.674805	0.602539	-0.425781	201	255
[4382]	1150	1460	0	-3.98637	-10.6886	0.2	25.9537	0.657227	-0.688477	0.306396	201	255
[4383]	1153	1461	0	-4.01265	-10.5821	0.2	25.9275	0.638672	0.500488	-0.584473	201	255
[4384]	1150	1461	0	-3.98637	-10.6886	0.2	25.9537	0.657227	-0.688477	0.306396	201	255
[4385]	1143	1461	0	-3.97392	-10.6576	0.2	25.9538	0.674805	0.602539	-0.425781	201	255
[4386]	1150	1462	0	-3.98637	-10.6886	0.2	25.9537	0.657227	-0.688477	0.306396	201	255
[4387]	1153	1462	0	-4.01265	-10.5821	0.2	25.9275	0.638672	0.500488	-0.584473	201	255
[4388]	1148	1462	0	-4.03426	-10.6234	0.2	25.9254	0.746094	-0.485596	0.456055	201	255
[4389]	1139	1463	0	-4.01915	-10.6512	0.2	25.8938	-0.634766	-0.73291	0.245239	201	255
[4390]	1150	1463	0	-3.98637	-10.6886	0.2	25.9537	0.657227	-0.688477	0.306396	201	255
[4391]	1148	1463	0	-4.03426	-10.6234	0.2	25.9254	0.746094	-0.485596	0.456055	201	255
[4392]	1150	1464	0	-3.98637	-10.6886	0.2	25.9537	0.657227	-0.688477	0.306396	201	255
[4393]	1139	1464	0	-4.01915	-10.6512	0.2	25.8938	-0.634766	-0.73291	0.245239	201	255
[4394]	1138	1464	0	-3.97819	-10.6915	0.2	25.9238	-0.806152	-0.587402	0.0678711	201	255
[4395]	1146	1465	0	-4.00065	-10.623	0.2	25.9066	-0.674316	0.291016	-0.679199	201	255
[4396]	1138	1465	0	-3.97819	-10.6915	0.2	25.9238	-0.806152	-0.587402	0.0678711	201	255
[4397]	1139	1465	0	-4.01915	-10.6512	0.2	25.8938	-0.634766	-0.73291	0.245239	201	255
[4398]	1138	1466	0	-3.97819	-10.6915	0.2	25.9238	-0.806152	-0.587402	0.0678711	201	255
[4399]	1146	1466	0	-4.00065	-10.623	0.2	25.9066	-0.674316	0.291016	-0.679199	201	255
[4400]	1141	1466	0	-3.97383	-10.6725	0.2	25.9295	-0.683105	0.543945	-0.486816	201	255
[4401]	1145	1467	0	-3.93218	-10.6878	0.2	25.9667	0.703613	0.595703	-0.387695	201	255
[4402]	1133	1467	0	-3.90279	-10.7109	0.2	25.9576	-0.242798	-0.122314	-0.962402	201	255
[4403]	1136	1467	0	-3.93373	-10.6969	0.2	25.9523	-0.559082	0.790527	-0.25	201	255
[4404]	1136	1468	0	-3.93373	-10.6969	0.2	25.9523	-0.559082	0.790527	-0.25	201	255
[4405]	1143	1468	0	-3.97392	-10.6576	0.2	25.9538	0.674805	0.602539	-0.425781	201	255
[4406]	1145	1468	0	-3.93218	-10.6878	0.2	25.9667	0.703613	0.595703	-0.387695	201	255
[4407]	1143	1469	0	-3.97392	-10.6576	0.2	25.9538	0.674805	0.602539	-0.425781	201	255
[4408]	1136	1469	0	-3.93373	-10.6969	0.2	25.9523	-0.559082	0.790527	-0.25	201	255
[4409]	1142	1469	0	-3.97383	-10.6725	0.2	25.9295	-0.683594	0.541992	-0.48877	201	255
[4410]	1140	1470	0	-4.00065	-10.623	0.2	25.9066	-0.674316	0.291016	-0.679199	201	255
[4411]	1143	1470	0	-3.97392	-10.6576	0.2	25.9538	0.674805	0.602539	-0.425781	201	255
[4412]	1142	1470	0	-3.97383	-10.6725	0.2	25.9295	-0.683594	0.541992	-0.48877	201	255
[4413]	1143	1471	0	-3.97392	-10.6576	0.2	25.9538	0.674805	0.602539	-0.425781	201	255
[4414]	1140	1471	0	-4.00065	-10.623	0.2	25.9066	-0.674316	0.291016	-0.679199	201	255
[4415]	1153	1471	0	-4.01265	-10.5821	0.2	25.9275	0.638672	0.500488	-0.584473	201	255
[4416]	1149	1472	0	-4.01334	-10.5738	0.2	25.8775	0.18396	-0.901855	-0.390625	201	255
[4417]	1153	1472	0	-4.01265	-10.5821	0.2	25.9275	0.638672	0.500488	-0.584473	201	255
[4418]	1140	1472	0	-4.00065	-10.623	0.2	25.9066	-0.674316	0.291016	-0.679199	201	255
[4419]	1153	1473	0	-4.01265	-10.5821	0.2	25.9275	0.638672	0.500488	-0.584473	201	255
[4420]	1149	1473	0	-4.01334	-10.5738	0.2	25.8775	0.18396	-0.901855	-0.390625	201	255
[4421]	1151	1473	0	-4.05251	-10.5159	0.2	25.9078	0.882812	-0.46582	0.0621033	201	255
[4422]	1151	1474	0	-4.05251	-10.5159	0.2	25.9078	0.882812	-0.46582	0.0621033	201	255
[4423]	1148	1474	0	-4.03426	-10.6234	0.2	25.9254	0.746094	-0.485596	0.456055	201	255
[4424]	1153	1474	0	-4.01265	-10.5821	0.2	25.9275	0.638672	0.500488	-0.584473	201	255
[4425]	1148	1475	0	-4.03426	-10.6234	0.2	25.9254	0.746094	-0.485596	0.456055	201	255
[4426]	1151	1475	0	-4.05251	-10.5159	0.2	25.9078	0.882812	-0.46582	0.0621033	201	255
[4427]	1152	1475	0	-4.08395	-10.5513	0.2	25.882	0.571777	-0.67334	0.468506	201	255
[4428]	1155	1476	0	-4.06347	-10.5893	0.2	25.8447	0.217285	-0.895996	0.386963	201	255
[4429]	1148	1476	0	-4.03426	-10.6234	0.2	25.9254	0.746094	-0.485596	0.456055	201	255
[4430]	1152	1476	0	-4.08395	-10.5513	0.2	25.882	0.571777	-0.67334	0.468506	201	255
[4431]	1148	1477	0	-4.03426	-10.6234	0.2	25.9254	0.746094	-0.485596	0.456055	201	255
[4432]	1155	1477	0	-4.06347	-10.5893	0.2	25.8447	0.217285	-0.895996	0.386963	201	255
[4433]	1139	1477	0	-4.01915	-10.6512	0.2	25.8938	-0.634766	-0.73291	0.245239	201	255
[4434]	1144	1478	0	-4.01334	-10.5738	0.2	25.8775	0.18396	-0.901855	-0.390625	201	255
[4435]	1139	1478	0	-4.01915	-10.6512	0.2	25.8938	-0.634766	-0.73291	0.245239	201	255
[4436]	1155	1478	0	-4.06347	-10.5893	0.2	25.8447	0.217285	-0.895996	0.386963	201	255
[4437]	1139	1479	0	-4.01915	-10.6512	0.2	25.8938	-0.634766	-0.73291	0.245239	201	255
[4438]	1144	1479	0	-4.01334	-10.5738	0.2	25.8775	0.18396	-0.901855	-0.390625	201	255
[4439]	1146	1479	0	-4.00065	-10.623	0.2	25.9066	-0.674316	0.291016	-0.679199	201	255
[4440]	1179	1480	0	-3.74325	-10.9386	0.2	25.8517	-0.677246	0.578125	-0.455566	201	255
[4441]	1177	1480	0	-3.71985	-10.9681	0.2	25.8593	-0.0921021	-0.407715	-0.908691	201	255
[4442]	1178	1480	0	-3.74899	-10.9488	0.2	25.8464	-0.890625	-0.449219	0.0722656	201	255
[4443]	1178	1481	0	-3.74899	-10.9488	0.2	25.8464	-0.890625	-0.449219	0.0722656	201	255
[4444]	1177	1481	0	-3.71985	-10.9681	0.2	25.8593	-0.0921021	-0.407715	-0.908691	201	255
[4445]	1192	1481	0	-3.74957	-10.9553	0.2	25.8682	0.750488	-0.658691	-0.0570374	201	255
[4446]	1192	1482	0	-3.74957	-10.9553	0.2	25.8682	0.750488	-0.658691	-0.0570374	201	255
[4447]	1184	1482	0	-3.79397	-10.9161	0.2	25.829	-0.73291	-0.588867	0.340088	201	255
[4448]	1178	1482	0	-3.74899	-10.9488	0.2	25.8464	-0.890625	-0.449219	0.0722656	201	255
[4449]	1197	1483	0	-3.77606	-10.8936	0.2	25.8368	-0.610352	0.60791	-0.507812	201	255
[4450]	1178	1483	0	-3.74899	-10.9488	0.2	25.8464	-0.890625	-0.449219	0.0722656	201	255
[4451]	1184	1483	0	-3.79397	-10.9161	0.2	25.829	-0.73291	-0.588867	0.340088	201	255
[4452]	1178	1484	0	-3.74899	-10.9488	0.2	25.8464	-0.890625	-0.449219	0.0722656	201	255
[4453]	1197	1484	0	-3.77606	-10.8936	0.2	25.8368	-0.610352	0.60791	-0.507812	201	255
[4454]	1179	1484	0	-3.74325	-10.9386	0.2	25.8517	-0.677246	0.578125	-0.455566	201	255
[4455]	1192	1485	0	-3.74957	-10.9553	0.2	25.8682	0.750488	-0.658691	-0.0570374	201	255
[4456]	1177	1485	0	-3.71985	-10.9681	0.2	25.8593	-0.0921021	-0.407715	-0.908691	201	255
[4457]	1190	1485	0	-3.74406	-10.9328	0.2	25.8591	0.327881	0.728027	-0.602051	201	255
[4458]	1181	1486	0	-3.78082	-10.8911	0.2	25.8507	0.566895	0.553223	-0.61084	201	255
[4459]	1192	1486	0	-3.74957	-10.9553	0.2	25.8682	0.750488	-0.658691	-0.0570374	201	255
[4460]	1190	1486	0	-3.74406	-10.9328	0.2	25.8591	0.327881	0.728027	-0.602051	201	255
[4461]	1192	1487	0	-3.74957	-10.9553	0.2	25.8682	0.750488	-0.658691	-0.0570374	201	255
[4462]	1181	1487	0	-3.78082	-10.8911	0.2	25.8507	0.566895	0.553223	-0.61084	201	255
[4463]	1182	1487	0	-3.79494	-10.916	0.2	25.8618	0.785156	-0.58252	0.209717	201	255
[4464]	1184	1488	0	-3.79397	-10.9161	0.2	25.829	-0.73291	-0.588867	0.340088	201	255
[4465]	1192	1488	0	-3.74957	-10.9553	0.2	25.8682	0.750488	-0.658691	-0.0570374	201	255
[4466]	1182	1488	0	-3.79494	-10.916	0.2	25.8618	0.785156	-0.58252	0.209717	201	255
[4467]	1182	1489	0	-3.79494	-10.916	0.2	25.8618	0.785156	-0.58252	0.209717	201	255
[4468]	1195	1489	0	-3.82437	-10.8732	0.2	25.809	-0.688477	-0.625977	0.365967	201	255
[4469]	1184	1489	0	-3.79397	-10.9161	0.2	25.829	-0.73291	-0.588867	0.340088	201	255
[4470]	1180	1490	0	-3.80107	-10.8451	0.2	25.8233	-0.625488	0.335205	-0.70459	201	255
[4471]	1184	1490	0	-3.79397	-10.9161	0.2	25.829	-0.73291	-0.588867	0.340088	201	255
[4472]	1195	1490	0	-3.82437	-10.8732	0.2	25.809	-0.688477	-0.625977	0.365967	201	255
[4473]	1184	1491	0	-3.79397	-10.9161	0.2	25.829	-0.73291	-0.588867	0.340088	201	255
[4474]	1180	1491	0	-3.80107	-10.8451	0.2	25.8233	-0.625488	0.335205	-0.70459	201	255
[4475]	1197	1491	0	-3.77606	-10.8936	0.2	25.8368	-0.610352	0.60791	-0.507812	201	255
[4476]	1190	1492	0	-3.74406	-10.9328	0.2	25.8591	0.327881	0.728027	-0.602051	201	255
[4477]	1177	1492	0	-3.71985	-10.9681	0.2	25.8593	-0.0921021	-0.407715	-0.908691	201	255
[4478]	1185	1492	0	-3.74325	-10.9386	0.2	25.8517	-0.677246	0.578125	-0.455566	201	255
[4479]	1183	1493	0	-3.77606	-10.8936	0.2	25.8368	-0.610352	0.60791	-0.507812	201	255
[4480]	1190	1493	0	-3.74406	-10.9328	0.2	25.8591	0.327881	0.728027	-0.602051	201	255
[4481]	1185	1493	0	-3.74325	-10.9386	0.2	25.8517	-0.677246	0.578125	-0.455566	201	255
[4482]	1190	1494	0	-3.74406	-10.9328	0.2	25.8591	0.327881	0.728027	-0.602051	201	255
[4483]	1183	1494	0	-3.77606	-10.8936	0.2	25.8368	-0.610352	0.60791	-0.507812	201	255
[4484]	1181	1494	0	-3.78082	-10.8911	0.2	25.8507	0.566895	0.553223	-0.61084	201	255
[4485]	1187	1495	0	-3.80107	-10.8451	0.2	25.8233	-0.625488	0.335205	-0.70459	201	255
[4486]	1181	1495	0	-3.78082	-10.8911	0.2	25.8507	0.566895	0.553223	-0.61084	201	255
[4487]	1183	1495	0	-3.77606	-10.8936	0.2	25.8368	-0.610352	0.60791	-0.507812	201	255
[4488]	1181	1496	0	-3.78082	-10.8911	0.2	25.8507	0.566895	0.553223	-0.61084	201	255
[4489]	1187	1496	0	-3.80107	-10.8451	0.2	25.8233	-0.625488	0.335205	-0.70459	201	255
[4490]	1188	1496	0	-3.80945	-10.8241	0.2	25.8484	0.719238	0.418457	-0.554688	201	255
[4491]	1188	1497	0	-3.80945	-10.8241	0.2	25.8484	0.719238	0.418457	-0.554688	201	255
[4492]	1182	1497	0	-3.79494	-10.916	0.2	25.8618	0.785156	-0.58252	0.209717	201	255
[4493]	1181	1497	0	-3.78082	-10.8911	0.2	25.8507	0.566895	0.553223	-0.61084	201	255
[4494]	1182	1498	0	-3.79494	-10.916	0.2	25.8618	0.785156	-0.58252	0.209717	201	255
[4495]	1188	1498	0	-3.80945	-10.8241	0.2	25.8484	0.719238	0.418457	-0.554688	201	255
[4496]	1196	1498	0	-3.83641	-10.8486	0.2	25.8393	0.703613	-0.458008	0.543457	201	255
[4497]	1195	1499	0	-3.82437	-10.8732	0.2	25.809	-0.688477	-0.625977	0.365967	201	255
[4498]	1182	1499	0	-3.79494	-10.916	0.2	25.8618	0.785156	-0.58252	0.209717	201	255
[4499]	1196	1499	0	-3.83641	-10.8486	0.2	25.8393	0.703613	-0.458008	0.543457	201	255
[4500]	1196	1500	0	-3.83641	-10.8486	0.2	25.8393	0.703613	-0.458008	0.543457	201	255
[4501]	1191	1500	0	-3.85163	-10.8208	0.2	25.7851	0.15686	-0.890625	0.42627	201	255
[4502]	1195	1500	0	-3.82437	-10.8732	0.2	25.809	-0.688477	-0.625977	0.365967	201	255
[4503]	1189	1501	0	-3.80806	-10.8144	0.2	25.8081	-0.04422	-0.862305	-0.504395	201	255
[4504]	1195	1501	0	-3.82437	-10.8732	0.2	25.809	-0.688477	-0.625977	0.365967	201	255
[4505]	1191	1501	0	-3.85163	-10.8208	0.2	25.7851	0.15686	-0.890625	0.42627	201	255
[4506]	1195	1502	0	-3.82437	-10.8732	0.2	25.809	-0.688477	-0.625977	0.365967	201	255
[4507]	1189	1502	0	-3.80806	-10.8144	0.2	25.8081	-0.04422	-0.862305	-0.504395	201	255
[4508]	1180	1502	0	-3.80107	-10.8451	0.2	25.8233	-0.625488	0.335205	-0.70459	201	255
[4509]	1186	1503	0	-3.80806	-10.8144	0.2	25.8081	-0.04422	-0.862305	-0.504395	201	255
[4510]	1188	1503	0	-3.80945	-10.8241	0.2	25.8484	0.719238	0.418457	-0.554688	201	255
[4511]	1187	1503	0	-3.80107	-10.8451	0.2	25.8233	-0.625488	0.335205	-0.70459	201	255
[4512]	1188	1504	0	-3.80945	-10.8241	0.2	25.8484	0.719238	0.418457	-0.554688	201	255
[4513]	1186	1504	0	-3.80806	-10.8144	0.2	25.8081	-0.04422	-0.862305	-0.504395	201	255
[4514]	1193	1504	0	-3.84019	-10.7617	0.2	25.8303	0.822266	-0.540039	0.17981	201	255
[4515]	1193	1505	0	-3.84019	-10.7617	0.2	25.8303	0.822266	-0.540039	0.17981	201	255
[4516]	1196	1505	0	-3.83641	-10.8486	0.2	25.8393	0.703613	-0.458008	0.543457	201	255
[4517]	1188	1505	0	-3.80945	-10.8241	0.2	25.8484	0.719238	0.418457	-0.554688	201	255
[4518]	1196	1506	0	-3.83641	-10.8486	0.2	25.8393	0.703613	-0.458008	0.543457	201	255
[4519]	1193	1506	0	-3.84019	-10.7617	0.2	25.8303	0.822266	-0.540039	0.17981	201	255
[4520]	1194	1506	0	-3.86785	-10.7833	0.2	25.8012	0.715332	-0.457031	0.528809	201	255
[4521]	1191	1507	0	-3.85163	-10.8208	0.2	25.7851	0.15686	-0.890625	0.42627	201	255
[4522]	1196	1507	0	-3.83641	-10.8486	0.2	25.8393	0.703613	-0.458008	0.543457	201	255
[4523]	1194	1507	0	-3.86785	-10.7833	0.2	25.8012	0.715332	-0.457031	0.528809	201	255
[4524]	1200	1508	0	-4.56622	-10.468	0.2	25.734	-0.904297	0.243408	0.35083	201	255
[4525]	1199	1508	0	-4.54601	-10.4289	0.2	25.7373	-0.336914	0.696289	-0.633789	201	255
[4526]	1198	1508	0	-4.56401	-10.488	0.2	25.7409	-0.604492	-0.559082	-0.567871	201	255
[4527]	1198	1509	0	-4.56401	-10.488	0.2	25.7409	-0.604492	-0.559082	-0.567871	201	255
[4528]	1199	1509	0	-4.54601	-10.4289	0.2	25.7373	-0.336914	0.696289	-0.633789	201	255
[4529]	1204	1509	0	-4.56668	-10.4754	0.2	25.76	0.703613	-0.180298	-0.687012	201	255
[4530]	1204	1510	0	-4.56668	-10.4754	0.2	25.76	0.703613	-0.180298	-0.687012	201	255
[4531]	1205	1510	0	-4.59107	-10.5518	0.2	25.7387	-0.564453	-0.607422	-0.559082	201	255
[4532]	1198	1510	0	-4.56401	-10.488	0.2	25.7409	-0.604492	-0.559082	-0.567871	201	255
[4533]	1201	1511	0	-4.5999	-10.5239	0.2	25.7329	-0.881348	0.413818	0.226929	201	255
[4534]	1198	1511	0	-4.56401	-10.488	0.2	25.7409	-0.604492	-0.559082	-0.567871	201	255
[4535]	1205	1511	0	-4.59107	-10.5518	0.2	25.7387	-0.564453	-0.607422	-0.559082	201	255
[4536]	1198	1512	0	-4.56401	-10.488	0.2	25.7409	-0.604492	-0.559082	-0.567871	201	255
[4537]	1201	1512	0	-4.5999	-10.5239	0.2	25.7329	-0.881348	0.413818	0.226929	201	255
[4538]	1200	1512	0	-4.56622	-10.468	0.2	25.734	-0.904297	0.243408	0.35083	201	255
[4539]	1204	1513	0	-4.56668	-10.4754	0.2	25.76	0.703613	-0.180298	-0.687012	201	255
[4540]	1199	1513	0	-4.54601	-10.4289	0.2	25.7373	-0.336914	0.696289	-0.633789	201	255
[4541]	1210	1513	0	-4.57429	-10.4512	0.2	25.7498	0.44458	0.831543	0.33252	201	255
[4542]	1213	1514	0	-4.61053	-10.4967	0.2	25.7508	0.447266	0.819824	0.357422	201	255
[4543]	1204	1514	0	-4.56668	-10.4754	0.2	25.76	0.703613	-0.180298	-0.687012	201	255
[4544]	1210	1514	0	-4.57429	-10.4512	0.2	25.7498	0.44458	0.831543	0.33252	201	255
[4545]	1204	1515	0	-4.56668	-10.4754	0.2	25.76	0.703613	-0.180298	-0.687012	201	255
[4546]	1213	1515	0	-4.61053	-10.4967	0.2	25.7508	0.447266	0.819824	0.357422	201	255
[4547]	1218	1515	0	-4.60016	-10.5343	0.2	25.7655	0.823242	-0.371826	-0.428711	201	255
[4548]	1205	1516	0	-4.59107	-10.5518	0.2	25.7387	-0.564453	-0.607422	-0.559082	201	255
[4549]	1204	1516	0	-4.56668	-10.4754	0.2	25.76	0.703613	-0.180298	-0.687012	201	255
[4550]	1218	1516	0	-4.60016	-10.5343	0.2	25.7655	0.823242	-0.371826	-0.428711	201	255
[4551]	1218	1517	0	-4.60016	-10.5343	0.2	25.7655	0.823242	-0.371826	-0.428711	201	255
[4552]	1202	1517	0	-4.62653	-10.6141	0.2	25.7168	-0.477539	-0.713379	-0.513184	201	255
[4553]	1205	1517	0	-4.59107	-10.5518	0.2	25.7387	-0.564453	-0.607422	-0.559082	201	255
[4554]	1209	1518	0	-4.63241	-10.5642	0.2	25.7069	-0.874023	0.481201	-0.0631104	201	255
[4555]	1205	1518	0	-4.59107	-10.5518	0.2	25.7387	-0.564453	-0.607422	-0.559082	201	255
[4556]	1202	1518	0	-4.62653	-10.6141	0.2	25.7168	-0.477539	-0.713379	-0.513184	201	255
[4557]	1205	1519	0	-4.59107	-10.5518	0.2	25.7387	-0.564453	-0.607422	-0.559082	201	255
[4558]	1209	1519	0	-4.63241	-10.5642	0.2	25.7069	-0.874023	0.481201	-0.0631104	201	255
[4559]	1201	1519	0	-4.5999	-10.5239	0.2	25.7329	-0.881348	0.413818	0.226929	201	255
[4560]	1210	1520	0	-4.57429	-10.4512	0.2	25.7498	0.44458	0.831543	0.33252	201	255
[4561]	1199	1520	0	-4.54601	-10.4289	0.2	25.7373	-0.336914	0.696289	-0.633789	201	255
[4562]	1208	1520	0	-4.56622	-10.468	0.2	25.734	-0.904297	0.243408	0.35083	201	255
[4563]	1206	1521	0	-4.5999	-10.5239	0.2	25.7329	-0.881348	0.413818	0.226929	201	255
[4564]	1210	1521	0	-4.57429	-10.4512	0.2	25.7498	0.44458	0.831543	0.33252	201	255
[4565]	1208	1521	0	-4.56622	-10.468	0.2	25.734	-0.904297	0.243408	0.35083	201	255
[4566]	1210	1522	0	-4.57429	-10.4512	0.2	25.7498	0.44458	0.831543	0.33252	201	255
[4567]	1206	1522	0	-4.5999	-10.5239	0.2	25.7329	-0.881348	0.413818	0.226929	201	255
[4568]	1213	1522	0	-4.61053	-10.4967	0.2	25.7508	0.447266	0.819824	0.357422	201	255
[4569]	1212	1523	0	-4.63241	-10.5642	0.2	25.7069	-0.874023	0.481201	-0.0631104	201	255
[4570]	1213	1523	0	-4.61053	-10.4967	0.2	25.7508	0.447266	0.819824	0.357422	201	255
[4571]	1206	1523	0	-4.5999	-10.5239	0.2	25.7329	-0.881348	0.413818	0.226929	201	255
[4572]	1213	1524	0	-4.61053	-10.4967	0.2	25.7508	0.447266	0.819824	0.357422	201	255
[4573]	1212	1524	0	-4.63241	-10.5642	0.2	25.7069	-0.874023	0.481201	-0.0631104	201	255
[4574]	1215	1524	0	-4.64993	-10.5375	0.2	25.7359	0.610352	0.756836	0.233276	201	255
[4575]	1215	1525	0	-4.64993	-10.5375	0.2	25.7359	0.610352	0.756836	0.233276	201	255
[4576]	1218	1525	0	-4.60016	-10.5343	0.2	25.7655	0.823242	-0.371826	-0.428711	201	255
[4577]	1213	1525	0	-4.61053	-10.4967	0.2	25.7508	0.447266	0.819824	0.357422	201	255
[4578]	1218	1526	0	-4.60016	-10.5343	0.2	25.7655	0.823242	-0.371826	-0.428711	201	255
[4579]	1215	1526	0	-4.64993	-10.5375	0.2	25.7359	0.610352	0.756836	0.233276	201	255
[4580]	1216	1526	0	-4.64647	-10.5943	0.2	25.7455	0.832031	-0.529297	-0.163574	201	255
[4581]	1202	1527	0	-4.62653	-10.6141	0.2	25.7168	-0.477539	-0.713379	-0.513184	201	255
[4582]	1218	1527	0	-4.60016	-10.5343	0.2	25.7655	0.823242	-0.371826	-0.428711	201	255
[4583]	1216	1527	0	-4.64647	-10.5943	0.2	25.7455	0.832031	-0.529297	-0.163574	201	255
[4584]	1216	1528	0	-4.64647	-10.5943	0.2	25.7455	0.832031	-0.529297	-0.163574	201	255
[4585]	1207	1528	0	-4.66652	-10.6693	0.2	25.6775	0.286133	-0.71582	-0.637207	201	255
[4586]	1202	1528	0	-4.62653	-10.6141	0.2	25.7168	-0.477539	-0.713379	-0.513184	201	255
[4587]	1203	1529	0	-4.66228	-10.5636	0.2	25.6836	0.309814	-0.0865479	-0.946777	201	255
[4588]	1202	1529	0	-4.62653	-10.6141	0.2	25.7168	-0.477539	-0.713379	-0.513184	201	255
[4589]	1207	1529	0	-4.66652	-10.6693	0.2	25.6775	0.286133	-0.71582	-0.637207	201	255
[4590]	1202	1530	0	-4.62653	-10.6141	0.2	25.7168	-0.477539	-0.713379	-0.513184	201	255
[4591]	1203	1530	0	-4.66228	-10.5636	0.2	25.6836	0.309814	-0.0865479	-0.946777	201	255
[4592]	1209	1530	0	-4.63241	-10.5642	0.2	25.7069	-0.874023	0.481201	-0.0631104	201	255
[4593]	1217	1531	0	-4.66228	-10.5636	0.2	25.6836	0.312012	-0.0869751	-0.945801	201	255
[4594]	1215	1531	0	-4.64993	-10.5375	0.2	25.7359	0.610352	0.756836	0.233276	201	255
[4595]	1212	1531	0	-4.63241	-10.5642	0.2	25.7069	-0.874023	0.481201	-0.0631104	201	255
[4596]	1215	1532	0	-4.64993	-10.5375	0.2	25.7359	0.610352	0.756836	0.233276	201	255
[4597]	1217	1532	0	-4.66228	-10.5636	0.2	25.6836	0.312012	-0.0869751	-0.945801	201	255
[4598]	1211	1532	0	-4.69176	-10.5706	0.2	25.7137	0.884766	-0.151001	-0.441406	201	255
[4599]	1211	1533	0	-4.69176	-10.5706	0.2	25.7137	0.884766	-0.151001	-0.441406	201	255
[4600]	1216	1533	0	-4.64647	-10.5943	0.2	25.7455	0.832031	-0.529297	-0.163574	201	255
[4601]	1215	1533	0	-4.64993	-10.5375	0.2	25.7359	0.610352	0.756836	0.233276	201	255
[4602]	1216	1534	0	-4.64647	-10.5943	0.2	25.7455	0.832031	-0.529297	-0.163574	201	255
[4603]	1211	1534	0	-4.69176	-10.5706	0.2	25.7137	0.884766	-0.151001	-0.441406	201	255
[4604]	1214	1534	0	-4.70506	-10.6475	0.2	25.7009	0.602539	-0.627441	-0.49292	201	255
[4605]	1207	1535	0	-4.66652	-10.6693	0.2	25.6775	0.286133	-0.71582	-0.637207	201	255
[4606]	1216	1535	0	-4.64647	-10.5943	0.2	25.7455	0.832031	-0.529297	-0.163574	201	255
[4607]	1214	1535	0	-4.70506	-10.6475	0.2	25.7009	0.602539	-0.627441	-0.49292	201	255
[4608]	1221	1536	0	-4.50204	-10.8434	0.2	25.6076	-0.427246	0.834961	0.346436	201	255
[4609]	1219	1536	0	-4.48604	-10.8217	0.2	25.6236	0.079895	0.702148	-0.70752	201	255
[4610]	1220	1536	0	-4.49394	-10.8637	0.2	25.6073	-0.790039	-0.257324	-0.556641	201	255
[4611]	1220	1537	0	-4.49394	-10.8637	0.2	25.6073	-0.790039	-0.257324	-0.556641	201	255
[4612]	1219	1537	0	-4.48604	-10.8217	0.2	25.6236	0.079895	0.702148	-0.70752	201	255
[4613]	1227	1537	0	-4.49629	-10.8634	0.2	25.623	0.384521	-0.629395	-0.674805	201	255
[4614]	1222	1538	0	-4.52267	-10.9101	0.2	25.605	0.224365	-0.92627	-0.303223	201	255
[4615]	1220	1538	0	-4.49394	-10.8637	0.2	25.6073	-0.790039	-0.257324	-0.556641	201	255
[4616]	1227	1538	0	-4.49629	-10.8634	0.2	25.623	0.384521	-0.629395	-0.674805	201	255
[4617]	1220	1539	0	-4.49394	-10.8637	0.2	25.6073	-0.790039	-0.257324	-0.556641	201	255
[4618]	1222	1539	0	-4.52267	-10.9101	0.2	25.605	0.224365	-0.92627	-0.303223	201	255
[4619]	1239	1539	0	-4.51532	-10.8984	0.2	25.5781	-0.891113	-0.108887	-0.440674	201	255
[4620]	1234	1540	0	-4.52414	-10.8725	0.2	25.5915	-0.12384	0.977051	0.173706	201	255
[4621]	1220	1540	0	-4.49394	-10.8637	0.2	25.6073	-0.790039	-0.257324	-0.556641	201	255
[4622]	1239	1540	0	-4.51532	-10.8984	0.2	25.5781	-0.891113	-0.108887	-0.440674	201	255
[4623]	1220	1541	0	-4.49394	-10.8637	0.2	25.6073	-0.790039	-0.257324	-0.556641	201	255
[4624]	1234	1541	0	-4.52414	-10.8725	0.2	25.5915	-0.12384	0.977051	0.173706	201	255
[4625]	1221	1541	0	-4.50204	-10.8434	0.2	25.6076	-0.427246	0.834961	0.346436	201	255
[4626]	1227	1542	0	-4.49629	-10.8634	0.2	25.623	0.384521	-0.629395	-0.674805	201	255
[4627]	1219	1542	0	-4.48604	-10.8217	0.2	25.6236	0.079895	0.702148	-0.70752	201	255
[4628]	1225	1542	0	-4.50254	-10.8476	0.2	25.6261	0.95459	0.294922	0.0328064	201	255
[4629]	1224	1543	0	-4.52895	-10.8859	0.2	25.6166	0.996094	-0.00583267	0.0905762	201	255
[4630]	1227	1543	0	-4.49629	-10.8634	0.2	25.623	0.384521	-0.629395	-0.674805	201	255
[4631]	1225	1543	0	-4.50254	-10.8476	0.2	25.6261	0.95459	0.294922	0.0328064	201	255
[4632]	1227	1544	0	-4.49629	-10.8634	0.2	25.623	0.384521	-0.629395	-0.674805	201	255
[4633]	1224	1544	0	-4.52895	-10.8859	0.2	25.6166	0.996094	-0.00583267	0.0905762	201	255
[4634]	1222	1544	0	-4.52267	-10.9101	0.2	25.605	0.224365	-0.92627	-0.303223	201	255
[4635]	1228	1545	0	-4.56837	-10.8957	0.2	25.5848	0.992676	0.052063	0.107117	201	255
[4636]	1222	1545	0	-4.52267	-10.9101	0.2	25.605	0.224365	-0.92627	-0.303223	201	255
[4637]	1224	1545	0	-4.52895	-10.8859	0.2	25.6166	0.996094	-0.00583267	0.0905762	201	255
[4638]	1222	1546	0	-4.52267	-10.9101	0.2	25.605	0.224365	-0.92627	-0.303223	201	255
[4639]	1228	1546	0	-4.56837	-10.8957	0.2	25.5848	0.992676	0.052063	0.107117	201	255
[4640]	1237	1546	0	-4.56612	-10.9321	0.2	25.5674	0.234131	-0.970703	0.0565796	201	255
[4641]	1231	1547	0	-4.54813	-10.9229	0.2	25.5421	-0.866699	-0.30542	-0.394775	201	255
[4642]	1222	1547	0	-4.52267	-10.9101	0.2	25.605	0.224365	-0.92627	-0.303223	201	255
[4643]	1237	1547	0	-4.56612	-10.9321	0.2	25.5674	0.234131	-0.970703	0.0565796	201	255
[4644]	1222	1548	0	-4.52267	-10.9101	0.2	25.605	0.224365	-0.92627	-0.303223	201	255
[4645]	1231	1548	0	-4.54813	-10.9229	0.2	25.5421	-0.866699	-0.30542	-0.394775	201	255
[4646]	1239	1548	0	-4.51532	-10.8984	0.2	25.5781	-0.891113	-0.108887	-0.440674	201	255
[4647]	1233	1549	0	-4.55049	-10.88	0.2	25.5668	-0.0838623	0.983398	-0.162109	201	255
[4648]	1239	1549	0	-4.51532	-10.8984	0.2	25.5781	-0.891113	-0.108887	-0.440674	201	255
[4649]	1231	1549	0	-4.54813	-10.9229	0.2	25.5421	-0.866699	-0.30542	-0.394775	201	255
[4650]	1239	1550	0	-4.51532	-10.8984	0.2	25.5781	-0.891113	-0.108887	-0.440674	201	255
[4651]	1233	1550	0	-4.55049	-10.88	0.2	25.5668	-0.0838623	0.983398	-0.162109	201	255
[4652]	1234	1550	0	-4.52414	-10.8725	0.2	25.5915	-0.12384	0.977051	0.173706	201	255
[4653]	1225	1551	0	-4.50254	-10.8476	0.2	25.6261	0.95459	0.294922	0.0328064	201	255
[4654]	1219	1551	0	-4.48604	-10.8217	0.2	25.6236	0.079895	0.702148	-0.70752	201	255
[4655]	1226	1551	0	-4.50204	-10.8434	0.2	25.6076	-0.427246	0.834961	0.346436	201	255
[4656]	1223	1552	0	-4.52414	-10.8725	0.2	25.5915	-0.12384	0.977051	0.173706	201	255
[4657]	1225	1552	0	-4.50254	-10.8476	0.2	25.6261	0.95459	0.294922	0.0328064	201	255
[4658]	1226	1552	0	-4.50204	-10.8434	0.2	25.6076	-0.427246	0.834961	0.346436	201	255
[4659]	1225	1553	0	-4.50254	-10.8476	0.2	25.6261	0.95459	0.294922	0.0328064	201	255
[4660]	1223	1553	0	-4.52414	-10.8725	0.2	25.5915	-0.12384	0.977051	0.173706	201	255
[4661]	1224	1553	0	-4.52895	-10.8859	0.2	25.6166	0.996094	-0.00583267	0.0905762	201	255
[4662]	1229	1554	0	-4.55049	-10.88	0.2	25.5668	-0.0838623	0.983398	-0.162109	201	255
[4663]	1224	1554	0	-4.52895	-10.8859	0.2	25.6166	0.996094	-0.00583267	0.0905762	201	255
[4664]	1223	1554	0	-4.52414	-10.8725	0.2	25.5915	-0.12384	0.977051	0.173706	201	255
[4665]	1224	1555	0	-4.52895	-10.8859	0.2	25.6166	0.996094	-0.00583267	0.0905762	201	255
[4666]	1229	1555	0	-4.55049	-10.88	0.2	25.5668	-0.0838623	0.983398	-0.162109	201	255
[4667]	1228	1555	0	-4.56837	-10.8957	0.2	25.5848	0.992676	0.052063	0.107117	201	255
[4668]	1230	1556	0	-4.58043	-10.8628	0.2	25.5406	0.44458	-0.0856934	-0.891602	201	255
[4669]	1228	1556	0	-4.56837	-10.8957	0.2	25.5848	0.992676	0.052063	0.107117	201	255
[4670]	1229	1556	0	-4.55049	-10.88	0.2	25.5668	-0.0838623	0.983398	-0.162109	201	255
[4671]	1228	1557	0	-4.56837	-10.8957	0.2	25.5848	0.992676	0.052063	0.107117	201	255
[4672]	1230	1557	0	-4.58043	-10.8628	0.2	25.5406	0.44458	-0.0856934	-0.891602	201	255
[4673]	1236	1557	0	-4.61316	-10.8779	0.2	25.5557	0.707031	-0.606934	-0.363281	201	255
[4674]	1236	1558	0	-4.61316	-10.8779	0.2	25.5557	0.707031	-0.606934	-0.363281	201	255
[4675]	1237	1558	0	-4.56612	-10.9321	0.2	25.5674	0.234131	-0.970703	0.0565796	201	255
[4676]	1228	1558	0	-4.56837	-10.8957	0.2	25.5848	0.992676	0.052063	0.107117	201	255
[4677]	1237	1559	0	-4.56612	-10.9321	0.2	25.5674	0.234131	-0.970703	0.0565796	201	255
[4678]	1236	1559	0	-4.61316	-10.8779	0.2	25.5557	0.707031	-0.606934	-0.363281	201	255
[4679]	1235	1559	0	-4.62423	-10.9248	0.2	25.5163	0.192871	-0.88623	-0.420898	201	255
[4680]	1232	1560	0	-4.58453	-10.9225	0.2	25.4995	-0.0118942	-0.865723	-0.5	201	255
[4681]	1237	1560	0	-4.56612	-10.9321	0.2	25.5674	0.234131	-0.970703	0.0565796	201	255
[4682]	1235	1560	0	-4.62423	-10.9248	0.2	25.5163	0.192871	-0.88623	-0.420898	201	255
[4683]	1237	1561	0	-4.56612	-10.9321	0.2	25.5674	0.234131	-0.970703	0.0565796	201	255
[4684]	1232	1561	0	-4.58453	-10.9225	0.2	25.4995	-0.0118942	-0.865723	-0.5	201	255
[4685]	1231	1561	0	-4.54813	-10.9229	0.2	25.5421	-0.866699	-0.30542	-0.394775	201	255
[4686]	1238	1562	0	-4.58043	-10.8628	0.2	25.5406	0.44458	-0.0856934	-0.891602	201	255
[4687]	1231	1562	0	-4.54813	-10.9229	0.2	25.5421	-0.866699	-0.30542	-0.394775	201	255
[4688]	1232	1562	0	-4.58453	-10.9225	0.2	25.4995	-0.0118942	-0.865723	-0.5	201	255
[4689]	1231	1563	0	-4.54813	-10.9229	0.2	25.5421	-0.866699	-0.30542	-0.394775	201	255
[4690]	1238	1563	0	-4.58043	-10.8628	0.2	25.5406	0.44458	-0.0856934	-0.891602	201	255
[4691]	1233	1563	0	-4.55049	-10.88	0.2	25.5668	-0.0838623	0.983398	-0.162109	201	255
[4692]	1242	1564	0	-4.46563	-10.0664	0.2	26.0856	-0.658691	0.72998	0.182129	201	255
[4693]	1241	1564	0	-4.43082	-10.0552	0.2	26.0994	-0.266846	0.375	-0.887695	201	255
[4694]	1240	1564	0	-4.46259	-10.0851	0.2	26.0821	-0.873047	-0.468262	-0.134033	201	255
[4695]	1240	1565	0	-4.46259	-10.0851	0.2	26.0821	-0.873047	-0.468262	-0.134033	201	255
[4696]	1241	1565	0	-4.43082	-10.0552	0.2	26.0994	-0.266846	0.375	-0.887695	201	255
[4697]	1042	1565	0	-4.46043	-10.0797	0.2	26.1086	0.63623	-0.617676	-0.462402	201	255
[4698]	1041	1566	0	-4.52212	-10.0974	0.2	26.1018	0.751953	-0.647461	-0.124878	201	255
[4699]	1240	1566	0	-4.46259	-10.0851	0.2	26.0821	-0.873047	-0.468262	-0.134033	201	255
[4700]	1042	1566	0	-4.46043	-10.0797	0.2	26.1086	0.63623	-0.617676	-0.462402	201	255
[4701]	1240	1567	0	-4.46259	-10.0851	0.2	26.0821	-0.873047	-0.468262	-0.134033	201	255
[4702]	1041	1567	0	-4.52212	-10.0974	0.2	26.1018	0.751953	-0.647461	-0.124878	201	255
[4703]	1045	1567	0	-4.51341	-10.1109	0.2	26.0669	-0.74707	-0.650879	-0.134277	201	255
[4704]	1043	1568	0	-4.51391	-10.0744	0.2	26.0721	-0.700195	0.703613	-0.118042	201	255
[4705]	1240	1568	0	-4.46259	-10.0851	0.2	26.0821	-0.873047	-0.468262	-0.134033	201	255
[4706]	1045	1568	0	-4.51341	-10.1109	0.2	26.0669	-0.74707	-0.650879	-0.134277	201	255
[4707]	1240	1569	0	-4.46259	-10.0851	0.2	26.0821	-0.873047	-0.468262	-0.134033	201	255
[4708]	1043	1569	0	-4.51391	-10.0744	0.2	26.0721	-0.700195	0.703613	-0.118042	201	255
[4709]	1242	1569	0	-4.46563	-10.0664	0.2	26.0856	-0.658691	0.72998	0.182129	201	255
[4710]	1042	1570	0	-4.46043	-10.0797	0.2	26.1086	0.63623	-0.617676	-0.462402	201	255
[4711]	1241	1570	0	-4.43082	-10.0552	0.2	26.0994	-0.266846	0.375	-0.887695	201	255
[4712]	1039	1570	0	-4.46649	-10.0511	0.2	26.101	0.526855	0.850098	-0.010788	201	255
[4713]	1038	1571	0	-4.51776	-10.0567	0.2	26.0924	0.53418	0.824707	-0.185791	201	255
[4714]	1042	1571	0	-4.46043	-10.0797	0.2	26.1086	0.63623	-0.617676	-0.462402	201	255
[4715]	1039	1571	0	-4.46649	-10.0511	0.2	26.101	0.526855	0.850098	-0.010788	201	255
[4716]	1042	1572	0	-4.46043	-10.0797	0.2	26.1086	0.63623	-0.617676	-0.462402	201	255
[4717]	1038	1572	0	-4.51776	-10.0567	0.2	26.0924	0.53418	0.824707	-0.185791	201	255
[4718]	1041	1572	0	-4.52212	-10.0974	0.2	26.1018	0.751953	-0.647461	-0.124878	201	255
[4719]	1052	1573	0	-4.57603	-10.0371	0.2	26.0747	0.728516	0.636719	-0.253418	201	255
[4720]	1041	1573	0	-4.52212	-10.0974	0.2	26.1018	0.751953	-0.647461	-0.124878	201	255
[4721]	1038	1573	0	-4.51776	-10.0567	0.2	26.0924	0.53418	0.824707	-0.185791	201	255
[4722]	1041	1574	0	-4.52212	-10.0974	0.2	26.1018	0.751953	-0.647461	-0.124878	201	255
[4723]	1052	1574	0	-4.57603	-10.0371	0.2	26.0747	0.728516	0.636719	-0.253418	201	255
[4724]	1051	1574	0	-4.5916	-10.0971	0.2	26.0736	0.654297	-0.741211	0.151123	201	255
[4725]	1055	1575	0	-4.56987	-10.1084	0.2	26.0359	-0.720215	-0.691895	-0.0482483	201	255
[4726]	1041	1575	0	-4.52212	-10.0974	0.2	26.1018	0.751953	-0.647461	-0.124878	201	255
[4727]	1051	1575	0	-4.5916	-10.0971	0.2	26.0736	0.654297	-0.741211	0.151123	201	255
[4728]	1041	1576	0	-4.52212	-10.0974	0.2	26.1018	0.751953	-0.647461	-0.124878	201	255
[4729]	1055	1576	0	-4.56987	-10.1084	0.2	26.0359	-0.720215	-0.691895	-0.0482483	201	255
[4730]	1045	1576	0	-4.51341	-10.1109	0.2	26.0669	-0.74707	-0.650879	-0.134277	201	255
[4731]	1049	1577	0	-4.56099	-10.0571	0.2	26.041	-0.696777	0.614258	-0.370361	201	255
[4732]	1045	1577	0	-4.51341	-10.1109	0.2	26.0669	-0.74707	-0.650879	-0.134277	201	255
[4733]	1055	1577	0	-4.56987	-10.1084	0.2	26.0359	-0.720215	-0.691895	-0.0482483	201	255
[4734]	1045	1578	0	-4.51341	-10.1109	0.2	26.0669	-0.74707	-0.650879	-0.134277	201	255
[4735]	1049	1578	0	-4.56099	-10.0571	0.2	26.041	-0.696777	0.614258	-0.370361	201	255
[4736]	1043	1578	0	-4.51391	-10.0744	0.2	26.0721	-0.700195	0.703613	-0.118042	201	255
[4737]	1039	1579	0	-4.46649	-10.0511	0.2	26.101	0.526855	0.850098	-0.010788	201	255
[4738]	1241	1579	0	-4.43082	-10.0552	0.2	26.0994	-0.266846	0.375	-0.887695	201	255
[4739]	1040	1579	0	-4.46563	-10.0664	0.2	26.0856	-0.652344	0.725586	0.21936	201	255
[4740]	1040	1580	0	-4.46563	-10.0664	0.2	26.0856	-0.652344	0.725586	0.21936	201	255
[4741]	1038	1580	0	-4.51776	-10.0567	0.2	26.0924	0.53418	0.824707	-0.185791	201	255
[4742]	1039	1580	0	-4.46649	-10.0511	0.2	26.101	0.526855	0.850098	-0.010788	201	255
[4743]	1038	1581	0	-4.51776	-10.0567	0.2	26.0924	0.53418	0.824707	-0.185791	201	255
[4744]	1040	1581	0	-4.46563	-10.0664	0.2	26.0856	-0.652344	0.725586	0.21936	201	255
[4745]	1047	1581	0	-4.51391	-10.0744	0.2	26.0721	-0.700195	0.703613	-0.118042	201	255
[4746]	1044	1582	0	-4.56099	-10.0571	0.2	26.041	-0.696777	0.614258	-0.370361	201	255
[4747]	1038	1582	0	-4.51776	-10.0567	0.2	26.0924	0.53418	0.824707	-0.185791	201	255
[4748]	1047	1582	0	-4.51391	-10.0744	0.2	26.0721	-0.700195	0.703613	-0.118042	201	255
[4749]	1038	1583	0	-4.51776	-10.0567	0.2	26.0924	0.53418	0.824707	-0.185791	201	255
[4750]	1044	1583	0	-4.56099	-10.0571	0.2	26.041	-0.696777	0.614258	-0.370361	201	255
[4751]	1052	1583	0	-4.57603	-10.0371	0.2	26.0747	0.728516	0.636719	-0.253418	201	255
[4752]	1048	1584	0	-4.58882	-10.0258	0.2	26.0205	0.360596	-0.400635	-0.842773	201	255
[4753]	1052	1584	0	-4.57603	-10.0371	0.2	26.0747	0.728516	0.636719	-0.253418	201	255
[4754]	1044	1584	0	-4.56099	-10.0571	0.2	26.041	-0.696777	0.614258	-0.370361	201	255
[4755]	1052	1585	0	-4.57603	-10.0371	0.2	26.0747	0.728516	0.636719	-0.253418	201	255
[4756]	1048	1585	0	-4.58882	-10.0258	0.2	26.0205	0.360596	-0.400635	-0.842773	201	255
[4757]	1054	1585	0	-4.6365	-10.0047	0.2	26.051	0.908203	-0.38208	-0.173096	201	255
[4758]	1054	1586	0	-4.6365	-10.0047	0.2	26.051	0.908203	-0.38208	-0.173096	201	255
[4759]	1051	1586	0	-4.5916	-10.0971	0.2	26.0736	0.654297	-0.741211	0.151123	201	255
[4760]	1052	1586	0	-4.57603	-10.0371	0.2	26.0747	0.728516	0.636719	-0.253418	201	255
[4761]	1051	1587	0	-4.5916	-10.0971	0.2	26.0736	0.654297	-0.741211	0.151123	201	255
[4762]	1054	1587	0	-4.6365	-10.0047	0.2	26.051	0.908203	-0.38208	-0.173096	201	255
[4763]	1053	1587	0	-4.668	-10.0709	0.2	26.0188	0.557129	-0.830566	0.012207	201	255
[4764]	1050	1588	0	-4.62526	-10.0885	0.2	25.9827	0.169312	-0.960938	-0.219971	201	255
[4765]	1051	1588	0	-4.5916	-10.0971	0.2	26.0736	0.654297	-0.741211	0.151123	201	255
[4766]	1053	1588	0	-4.668	-10.0709	0.2	26.0188	0.557129	-0.830566	0.012207	201	255
[4767]	1051	1589	0	-4.5916	-10.0971	0.2	26.0736	0.654297	-0.741211	0.151123	201	255
[4768]	1050	1589	0	-4.62526	-10.0885	0.2	25.9827	0.169312	-0.960938	-0.219971	201	255
[4769]	1055	1589	0	-4.56987	-10.1084	0.2	26.0359	-0.720215	-0.691895	-0.0482483	201	255
[4770]	1046	1590	0	-4.58882	-10.0258	0.2	26.0205	0.360596	-0.400635	-0.842773	201	255
[4771]	1055	1590	0	-4.56987	-10.1084	0.2	26.0359	-0.720215	-0.691895	-0.0482483	201	255
[4772]	1050	1590	0	-4.62526	-10.0885	0.2	25.9827	0.169312	-0.960938	-0.219971	201	255
[4773]	1055	1591	0	-4.56987	-10.1084	0.2	26.0359	-0.720215	-0.691895	-0.0482483	201	255
[4774]	1046	1591	0	-4.58882	-10.0258	0.2	26.0205	0.360596	-0.400635	-0.842773	201	255
[4775]	1049	1591	0	-4.56099	-10.0571	0.2	26.041	-0.696777	0.614258	-0.370361	201	255
[4776]	1243	1592	0	-4.64242	-10.8794	0.2	25.6356	-0.634766	0.621582	-0.459229	201	255
[4777]	1056	1592	0	-4.63755	-10.8988	0.2	25.6512	-0.217773	-0.076416	-0.972656	201	255
[4778]	1057	1592	0	-4.64539	-10.9229	0.2	25.6349	-0.805176	-0.450928	-0.385498	201	255
[4779]	1057	1593	0	-4.64539	-10.9229	0.2	25.6349	-0.805176	-0.450928	-0.385498	201	255
[4780]	1056	1593	0	-4.63755	-10.8988	0.2	25.6512	-0.217773	-0.076416	-0.972656	201	255
[4781]	1253	1593	0	-4.6423	-10.9178	0.2	25.6741	0.357422	-0.491943	-0.793945	201	255
[4782]	1253	1594	0	-4.6423	-10.9178	0.2	25.6741	0.357422	-0.491943	-0.793945	201	255
[4783]	1244	1594	0	-4.70063	-10.9633	0.2	25.6288	-0.740234	-0.65625	-0.144409	201	255
[4784]	1057	1594	0	-4.64539	-10.9229	0.2	25.6349	-0.805176	-0.450928	-0.385498	201	255
[4785]	1247	1595	0	-4.69583	-10.8997	0.2	25.6273	-0.726562	0.682129	0.0776978	201	255
[4786]	1057	1595	0	-4.64539	-10.9229	0.2	25.6349	-0.805176	-0.450928	-0.385498	201	255
[4787]	1244	1595	0	-4.70063	-10.9633	0.2	25.6288	-0.740234	-0.65625	-0.144409	201	255
[4788]	1057	1596	0	-4.64539	-10.9229	0.2	25.6349	-0.805176	-0.450928	-0.385498	201	255
[4789]	1247	1596	0	-4.69583	-10.8997	0.2	25.6273	-0.726562	0.682129	0.0776978	201	255
[4790]	1243	1596	0	-4.64242	-10.8794	0.2	25.6356	-0.634766	0.621582	-0.459229	201	255
[4791]	1253	1597	0	-4.6423	-10.9178	0.2	25.6741	0.357422	-0.491943	-0.793945	201	255
[4792]	1056	1597	0	-4.63755	-10.8988	0.2	25.6512	-0.217773	-0.076416	-0.972656	201	255
[4793]	1248	1597	0	-4.64813	-10.8685	0.2	25.669	0.444336	0.694336	-0.565918	201	255
[4794]	1257	1598	0	-4.71874	-10.876	0.2	25.6796	0.743164	0.623535	-0.242065	201	255
[4795]	1253	1598	0	-4.6423	-10.9178	0.2	25.6741	0.357422	-0.491943	-0.793945	201	255
[4796]	1248	1598	0	-4.64813	-10.8685	0.2	25.669	0.444336	0.694336	-0.565918	201	255
[4797]	1253	1599	0	-4.6423	-10.9178	0.2	25.6741	0.357422	-0.491943	-0.793945	201	255
[4798]	1257	1599	0	-4.71874	-10.876	0.2	25.6796	0.743164	0.623535	-0.242065	201	255
[4799]	1246	1599	0	-4.71553	-10.9623	0.2	25.6802	0.586426	-0.779297	-0.220093	201	255
[4800]	1244	1600	0	-4.70063	-10.9633	0.2	25.6288	-0.740234	-0.65625	-0.144409	201	255
[4801]	1253	1600	0	-4.6423	-10.9178	0.2	25.6741	0.357422	-0.491943	-0.793945	201	255
[4802]	1246	1600	0	-4.71553	-10.9623	0.2	25.6802	0.586426	-0.779297	-0.220093	201	255
[4803]	1246	1601	0	-4.71553	-10.9623	0.2	25.6802	0.586426	-0.779297	-0.220093	201	255
[4804]	1252	1601	0	-4.75814	-10.9776	0.2	25.6062	0.0911865	-0.807129	-0.583496	201	255
[4805]	1244	1601	0	-4.70063	-10.9633	0.2	25.6288	-0.740234	-0.65625	-0.144409	201	255
[4806]	1245	1602	0	-4.73574	-10.8906	0.2	25.6142	-0.0161438	-0.261963	-0.964844	201	255
[4807]	1244	1602	0	-4.70063	-10.9633	0.2	25.6288	-0.740234	-0.65625	-0.144409	201	255
[4808]	1252	1602	0	-4.75814	-10.9776	0.2	25.6062	0.0911865	-0.807129	-0.583496	201	255
[4809]	1244	1603	0	-4.70063	-10.9633	0.2	25.6288	-0.740234	-0.65625	-0.144409	201	255
[4810]	1245	1603	0	-4.73574	-10.8906	0.2	25.6142	-0.0161438	-0.261963	-0.964844	201	255
[4811]	1247	1603	0	-4.69583	-10.8997	0.2	25.6273	-0.726562	0.682129	0.0776978	201	255
[4812]	1248	1604	0	-4.64813	-10.8685	0.2	25.669	0.444336	0.694336	-0.565918	201	255
[4813]	1056	1604	0	-4.63755	-10.8988	0.2	25.6512	-0.217773	-0.076416	-0.972656	201	255
[4814]	1251	1604	0	-4.64242	-10.8794	0.2	25.6356	-0.634766	0.621582	-0.459229	201	255
[4815]	1258	1605	0	-4.69583	-10.8997	0.2	25.6273	-0.726562	0.682129	0.0776978	201	255
[4816]	1248	1605	0	-4.64813	-10.8685	0.2	25.669	0.444336	0.694336	-0.565918	201	255
[4817]	1251	1605	0	-4.64242	-10.8794	0.2	25.6356	-0.634766	0.621582	-0.459229	201	255
[4818]	1248	1606	0	-4.64813	-10.8685	0.2	25.669	0.444336	0.694336	-0.565918	201	255
[4819]	1258	1606	0	-4.69583	-10.8997	0.2	25.6273	-0.726562	0.682129	0.0776978	201	255
[4820]	1257	1606	0	-4.71874	-10.876	0.2	25.6796	0.743164	0.623535	-0.242065	201	255
[4821]	1249	1607	0	-4.73574	-10.8906	0.2	25.6142	-0.0161438	-0.261963	-0.964844	201	255
[4822]	1257	1607	0	-4.71874	-10.876	0.2	25.6796	0.743164	0.623535	-0.242065	201	255
[4823]	1258	1607	0	-4.69583	-10.8997	0.2	25.6273	-0.726562	0.682129	0.0776978	201	255
[4824]	1257	1608	0	-4.71874	-10.876	0.2	25.6796	0.743164	0.623535	-0.242065	201	255
[4825]	1249	1608	0	-4.73574	-10.8906	0.2	25.6142	-0.0161438	-0.261963	-0.964844	201	255
[4826]	1254	1608	0	-4.76813	-10.8672	0.2	25.6717	0.697754	-0.333984	-0.634277	201	255
[4827]	1254	1609	0	-4.76813	-10.8672	0.2	25.6717	0.697754	-0.333984	-0.634277	201	255
[4828]	1246	1609	0	-4.71553	-10.9623	0.2	25.6802	0.586426	-0.779297	-0.220093	201	255
[4829]	1257	1609	0	-4.71874	-10.876	0.2	25.6796	0.743164	0.623535	-0.242065	201	255
[4830]	1246	1610	0	-4.71553	-10.9623	0.2	25.6802	0.586426	-0.779297	-0.220093	201	255
[4831]	1254	1610	0	-4.76813	-10.8672	0.2	25.6717	0.697754	-0.333984	-0.634277	201	255
[4832]	1250	1610	0	-4.7906	-10.9709	0.2	25.655	0.490967	-0.737305	-0.464111	201	255
[4833]	1252	1611	0	-4.75814	-10.9776	0.2	25.6062	0.0911865	-0.807129	-0.583496	201	255
[4834]	1246	1611	0	-4.71553	-10.9623	0.2	25.6802	0.586426	-0.779297	-0.220093	201	255
[4835]	1250	1611	0	-4.7906	-10.9709	0.2	25.655	0.490967	-0.737305	-0.464111	201	255
[4836]	1260	1612	0	-4.66084	-10.3975	0.2	25.8772	-0.877441	0.196411	0.438232	201	255
[4837]	1255	1612	0	-4.63864	-10.358	0.2	25.8762	-0.425293	0.670898	-0.606934	201	255
[4838]	1259	1612	0	-4.655	-10.4091	0.2	25.8841	-0.59375	-0.630859	-0.499023	201	255
[4839]	1259	1613	0	-4.655	-10.4091	0.2	25.8841	-0.59375	-0.630859	-0.499023	201	255
[4840]	1255	1613	0	-4.63864	-10.358	0.2	25.8762	-0.425293	0.670898	-0.606934	201	255
[4841]	1264	1613	0	-4.65942	-10.4082	0.2	25.9016	0.602051	-0.306396	-0.737305	201	255
[4842]	1264	1614	0	-4.65942	-10.4082	0.2	25.9016	0.602051	-0.306396	-0.737305	201	255
[4843]	1261	1614	0	-4.70307	-10.4807	0.2	25.8928	-0.444092	-0.806641	-0.390381	201	255
[4844]	1259	1614	0	-4.655	-10.4091	0.2	25.8841	-0.59375	-0.630859	-0.499023	201	255
[4845]	1262	1615	0	-4.70888	-10.4479	0.2	25.8836	-0.870117	0.398682	0.289551	201	255
[4846]	1259	1615	0	-4.655	-10.4091	0.2	25.8841	-0.59375	-0.630859	-0.499023	201	255
[4847]	1261	1615	0	-4.70307	-10.4807	0.2	25.8928	-0.444092	-0.806641	-0.390381	201	255
[4848]	1259	1616	0	-4.655	-10.4091	0.2	25.8841	-0.59375	-0.630859	-0.499023	201	255
[4849]	1262	1616	0	-4.70888	-10.4479	0.2	25.8836	-0.870117	0.398682	0.289551	201	255
[4850]	1260	1616	0	-4.66084	-10.3975	0.2	25.8772	-0.877441	0.196411	0.438232	201	255
[4851]	1264	1617	0	-4.65942	-10.4082	0.2	25.9016	0.602051	-0.306396	-0.737305	201	255
[4852]	1255	1617	0	-4.63864	-10.358	0.2	25.8762	-0.425293	0.670898	-0.606934	201	255
[4853]	1256	1617	0	-4.66911	-10.3849	0.2	25.8956	0.553223	0.818359	0.155762	201	255
[4854]	1268	1618	0	-4.71809	-10.4288	0.2	25.9013	0.373779	0.91748	0.137207	201	255
[4855]	1264	1618	0	-4.65942	-10.4082	0.2	25.9016	0.602051	-0.306396	-0.737305	201	255
[4856]	1256	1618	0	-4.66911	-10.3849	0.2	25.8956	0.553223	0.818359	0.155762	201	255
[4857]	1264	1619	0	-4.65942	-10.4082	0.2	25.9016	0.602051	-0.306396	-0.737305	201	255
[4858]	1268	1619	0	-4.71809	-10.4288	0.2	25.9013	0.373779	0.91748	0.137207	201	255
[4859]	1266	1619	0	-4.71125	-10.4565	0.2	25.9169	0.868164	-0.278076	-0.411377	201	255
[4860]	1261	1620	0	-4.70307	-10.4807	0.2	25.8928	-0.444092	-0.806641	-0.390381	201	255
[4861]	1264	1620	0	-4.65942	-10.4082	0.2	25.9016	0.602051	-0.306396	-0.737305	201	255
[4862]	1266	1620	0	-4.71125	-10.4565	0.2	25.9169	0.868164	-0.278076	-0.411377	201	255
[4863]	1266	1621	0	-4.71125	-10.4565	0.2	25.9169	0.868164	-0.278076	-0.411377	201	255
[4864]	1269	1621	0	-4.75917	-10.5264	0.2	25.8744	-0.4375	-0.848145	-0.299316	201	255
[4865]	1261	1621	0	-4.70307	-10.4807	0.2	25.8928	-0.444092	-0.806641	-0.390381	201	255
[4866]	1273	1622	0	-4.75614	-10.479	0.2	25.8654	-0.933105	0.347656	-0.0923462	201	255
[4867]	1261	1622	0	-4.70307	-10.4807	0.2	25.8928	-0.444092	-0.806641	-0.390381	201	255
[4868]	1269	1622	0	-4.75917	-10.5264	0.2	25.8744	-0.4375	-0.848145	-0.299316	201	255
[4869]	1261	1623	0	-4.70307	-10.4807	0.2	25.8928	-0.444092	-0.806641	-0.390381	201	255
[4870]	1273	1623	0	-4.75614	-10.479	0.2	25.8654	-0.933105	0.347656	-0.0923462	201	255
[4871]	1262	1623	0	-4.70888	-10.4479	0.2	25.8836	-0.870117	0.398682	0.289551	201	255
[4872]	1256	1624	0	-4.66911	-10.3849	0.2	25.8956	0.553223	0.818359	0.155762	201	255
[4873]	1255	1624	0	-4.63864	-10.358	0.2	25.8762	-0.425293	0.670898	-0.606934	201	255
[4874]	1263	1624	0	-4.66084	-10.3975	0.2	25.8772	-0.877441	0.196411	0.438232	201	255
[4875]	1274	1625	0	-4.70888	-10.4479	0.2	25.8836	-0.870117	0.398682	0.289551	201	255
[4876]	1256	1625	0	-4.66911	-10.3849	0.2	25.8956	0.553223	0.818359	0.155762	201	255
[4877]	1263	1625	0	-4.66084	-10.3975	0.2	25.8772	-0.877441	0.196411	0.438232	201	255
[4878]	1256	1626	0	-4.66911	-10.3849	0.2	25.8956	0.553223	0.818359	0.155762	201	255
[4879]	1274	1626	0	-4.70888	-10.4479	0.2	25.8836	-0.870117	0.398682	0.289551	201	255
[4880]	1268	1626	0	-4.71809	-10.4288	0.2	25.9013	0.373779	0.91748	0.137207	201	255
[4881]	1279	1627	0	-4.75614	-10.479	0.2	25.8654	-0.933105	0.347656	-0.0923462	201	255
[4882]	1268	1627	0	-4.71809	-10.4288	0.2	25.9013	0.373779	0.91748	0.137207	201	255
[4883]	1274	1627	0	-4.70888	-10.4479	0.2	25.8836	-0.870117	0.398682	0.289551	201	255
[4884]	1268	1628	0	-4.71809	-10.4288	0.2	25.9013	0.373779	0.91748	0.137207	201	255
[4885]	1279	1628	0	-4.75614	-10.479	0.2	25.8654	-0.933105	0.347656	-0.0923462	201	255
[4886]	1271	1628	0	-4.7699	-10.4423	0.2	25.8944	0.460938	0.884766	-0.0706787	201	255
[4887]	1271	1629	0	-4.7699	-10.4423	0.2	25.8944	0.460938	0.884766	-0.0706787	201	255
[4888]	1266	1629	0	-4.71125	-10.4565	0.2	25.9169	0.868164	-0.278076	-0.411377	201	255
[4889]	1268	1629	0	-4.71809	-10.4288	0.2	25.9013	0.373779	0.91748	0.137207	201	255
[4890]	1266	1630	0	-4.71125	-10.4565	0.2	25.9169	0.868164	-0.278076	-0.411377	201	255
[4891]	1271	1630	0	-4.7699	-10.4423	0.2	25.8944	0.460938	0.884766	-0.0706787	201	255
[4892]	1276	1630	0	-4.775	-10.4949	0.2	25.9085	0.85498	-0.462402	-0.234863	201	255
[4893]	1269	1631	0	-4.75917	-10.5264	0.2	25.8744	-0.4375	-0.848145	-0.299316	201	255
[4894]	1266	1631	0	-4.71125	-10.4565	0.2	25.9169	0.868164	-0.278076	-0.411377	201	255
[4895]	1276	1631	0	-4.775	-10.4949	0.2	25.9085	0.85498	-0.462402	-0.234863	201	255
[4896]	1276	1632	0	-4.775	-10.4949	0.2	25.9085	0.85498	-0.462402	-0.234863	201	255
[4897]	1265	1632	0	-4.81072	-10.5591	0.2	25.8434	0.29248	-0.749023	-0.594727	201	255
[4898]	1269	1632	0	-4.75917	-10.5264	0.2	25.8744	-0.4375	-0.848145	-0.299316	201	255
[4899]	1272	1633	0	-4.78401	-10.4652	0.2	25.8467	-0.0586548	-0.260498	-0.963379	201	255
[4900]	1269	1633	0	-4.75917	-10.5264	0.2	25.8744	-0.4375	-0.848145	-0.299316	201	255
[4901]	1265	1633	0	-4.81072	-10.5591	0.2	25.8434	0.29248	-0.749023	-0.594727	201	255
[4902]	1269	1634	0	-4.75917	-10.5264	0.2	25.8744	-0.4375	-0.848145	-0.299316	201	255
[4903]	1272	1634	0	-4.78401	-10.4652	0.2	25.8467	-0.0586548	-0.260498	-0.963379	201	255
[4904]	1273	1634	0	-4.75614	-10.479	0.2	25.8654	-0.933105	0.347656	-0.0923462	201	255
[4905]	1270	1635	0	-4.78401	-10.4652	0.2	25.8467	-0.0586548	-0.260498	-0.963379	201	255
[4906]	1271	1635	0	-4.7699	-10.4423	0.2	25.8944	0.460938	0.884766	-0.0706787	201	255
[4907]	1279	1635	0	-4.75614	-10.479	0.2	25.8654	-0.933105	0.347656	-0.0923462	201	255
[4908]	1271	1636	0	-4.7699	-10.4423	0.2	25.8944	0.460938	0.884766	-0.0706787	201	255
[4909]	1270	1636	0	-4.78401	-10.4652	0.2	25.8467	-0.0586548	-0.260498	-0.963379	201	255
[4910]	1275	1636	0	-4.82178	-10.4425	0.2	25.8863	0.833008	-0.223755	-0.506348	201	255
[4911]	1275	1637	0	-4.82178	-10.4425	0.2	25.8863	0.833008	-0.223755	-0.506348	201	255
[4912]	1276	1637	0	-4.775	-10.4949	0.2	25.9085	0.85498	-0.462402	-0.234863	201	255
[4913]	1271	1637	0	-4.7699	-10.4423	0.2	25.8944	0.460938	0.884766	-0.0706787	201	255
[4914]	1276	1638	0	-4.775	-10.4949	0.2	25.9085	0.85498	-0.462402	-0.234863	201	255
[4915]	1275	1638	0	-4.82178	-10.4425	0.2	25.8863	0.833008	-0.223755	-0.506348	201	255
[4916]	1267	1638	0	-4.83935	-10.5134	0.2	25.8826	0.679199	-0.612793	-0.40332	201	255
[4917]	1265	1639	0	-4.81072	-10.5591	0.2	25.8434	0.29248	-0.749023	-0.594727	201	255
[4918]	1276	1639	0	-4.775	-10.4949	0.2	25.9085	0.85498	-0.462402	-0.234863	201	255
[4919]	1267	1639	0	-4.83935	-10.5134	0.2	25.8826	0.679199	-0.612793	-0.40332	201	255
[4920]	1280	1640	0	-4.67753	-11.2034	0.2	25.601	-0.693848	0.705078	0.148804	201	255
[4921]	1281	1640	0	-4.65452	-11.1941	0.2	25.6067	-0.315186	0.338623	-0.88623	201	255
[4922]	1284	1640	0	-4.68362	-11.2237	0.2	25.5994	-0.866699	-0.487793	-0.103027	201	255
[4923]	1284	1641	0	-4.68362	-11.2237	0.2	25.5994	-0.866699	-0.487793	-0.103027	201	255
[4924]	1281	1641	0	-4.65452	-11.1941	0.2	25.6067	-0.315186	0.338623	-0.88623	201	255
[4925]	1285	1641	0	-4.68455	-11.2262	0.2	25.6213	0.379883	-0.793457	-0.47583	201	255
[4926]	1285	1642	0	-4.68455	-11.2262	0.2	25.6213	0.379883	-0.793457	-0.47583	201	255
[4927]	1283	1642	0	-4.73003	-11.2484	0.2	25.5879	-0.899414	-0.410889	-0.149292	201	255
[4928]	1284	1642	0	-4.68362	-11.2237	0.2	25.5994	-0.866699	-0.487793	-0.103027	201	255
[4929]	1282	1643	0	-4.73051	-11.2195	0.2	25.5984	-0.504395	0.86377	-0.00403595	201	255
[4930]	1284	1643	0	-4.68362	-11.2237	0.2	25.5994	-0.866699	-0.487793	-0.103027	201	255
[4931]	1283	1643	0	-4.73003	-11.2484	0.2	25.5879	-0.899414	-0.410889	-0.149292	201	255
[4932]	1284	1644	0	-4.68362	-11.2237	0.2	25.5994	-0.866699	-0.487793	-0.103027	201	255
[4933]	1282	1644	0	-4.73051	-11.2195	0.2	25.5984	-0.504395	0.86377	-0.00403595	201	255
[4934]	1280	1644	0	-4.67753	-11.2034	0.2	25.601	-0.693848	0.705078	0.148804	201	255
[4935]	1285	1645	0	-4.68455	-11.2262	0.2	25.6213	0.379883	-0.793457	-0.47583	201	255
[4936]	1281	1645	0	-4.65452	-11.1941	0.2	25.6067	-0.315186	0.338623	-0.88623	201	255
[4937]	1278	1645	0	-4.68582	-11.1989	0.2	25.6241	0.775391	0.546387	-0.316406	201	255
[4938]	1288	1646	0	-4.73605	-11.2044	0.2	25.6242	0.823242	0.544922	-0.157471	201	255
[4939]	1285	1646	0	-4.68455	-11.2262	0.2	25.6213	0.379883	-0.793457	-0.47583	201	255
[4940]	1278	1646	0	-4.68582	-11.1989	0.2	25.6241	0.775391	0.546387	-0.316406	201	255
[4941]	1285	1647	0	-4.68455	-11.2262	0.2	25.6213	0.379883	-0.793457	-0.47583	201	255
[4942]	1288	1647	0	-4.73605	-11.2044	0.2	25.6242	0.823242	0.544922	-0.157471	201	255
[4943]	1286	1647	0	-4.73721	-11.2479	0.2	25.6155	0.482666	-0.865723	-0.134521	201	255
[4944]	1283	1648	0	-4.73003	-11.2484	0.2	25.5879	-0.899414	-0.410889	-0.149292	201	255
[4945]	1285	1648	0	-4.68455	-11.2262	0.2	25.6213	0.379883	-0.793457	-0.47583	201	255
[4946]	1286	1648	0	-4.73721	-11.2479	0.2	25.6155	0.482666	-0.865723	-0.134521	201	255
[4947]	1286	1649	0	-4.73721	-11.2479	0.2	25.6155	0.482666	-0.865723	-0.134521	201	255
[4948]	1290	1649	0	-4.7836	-11.2579	0.2	25.5606	-0.808105	-0.550781	-0.20874	201	255
[4949]	1283	1649	0	-4.73003	-11.2484	0.2	25.5879	-0.899414	-0.410889	-0.149292	201	255
[4950]	1294	1650	0	-4.77857	-11.2121	0.2	25.5761	-0.509277	0.778809	-0.366455	201	255
[4951]	1283	1650	0	-4.73003	-11.2484	0.2	25.5879	-0.899414	-0.410889	-0.149292	201	255
[4952]	1290	1650	0	-4.7836	-11.2579	0.2	25.5606	-0.808105	-0.550781	-0.20874	201	255
[4953]	1283	1651	0	-4.73003	-11.2484	0.2	25.5879	-0.899414	-0.410889	-0.149292	201	255
[4954]	1294	1651	0	-4.77857	-11.2121	0.2	25.5761	-0.509277	0.778809	-0.366455	201	255
[4955]	1282	1651	0	-4.73051	-11.2195	0.2	25.5984	-0.504395	0.86377	-0.00403595	201	255
[4956]	1278	1652	0	-4.68582	-11.1989	0.2	25.6241	0.775391	0.546387	-0.316406	201	255
[4957]	1281	1652	0	-4.65452	-11.1941	0.2	25.6067	-0.315186	0.338623	-0.88623	201	255
[4958]	1277	1652	0	-4.67753	-11.2034	0.2	25.601	-0.693848	0.705078	0.148804	201	255
[4959]	1287	1653	0	-4.73051	-11.2195	0.2	25.5984	-0.504395	0.86377	-0.00403595	201	255
[4960]	1278	1653	0	-4.68582	-11.1989	0.2	25.6241	0.775391	0.546387	-0.316406	201	255
[4961]	1277	1653	0	-4.67753	-11.2034	0.2	25.601	-0.693848	0.705078	0.148804	201	255
[4962]	1278	1654	0	-4.68582	-11.1989	0.2	25.6241	0.775391	0.546387	-0.316406	201	255
[4963]	1287	1654	0	-4.73051	-11.2195	0.2	25.5984	-0.504395	0.86377	-0.00403595	201	255
[4964]	1288	1654	0	-4.73605	-11.2044	0.2	25.6242	0.823242	0.544922	-0.157471	201	255
[4965]	1300	1655	0	-4.77857	-11.2121	0.2	25.5761	-0.509277	0.778809	-0.366455	201	255
[4966]	1288	1655	0	-4.73605	-11.2044	0.2	25.6242	0.823242	0.544922	-0.157471	201	255
[4967]	1287	1655	0	-4.73051	-11.2195	0.2	25.5984	-0.504395	0.86377	-0.00403595	201	255
[4968]	1288	1656	0	-4.73605	-11.2044	0.2	25.6242	0.823242	0.544922	-0.157471	201	255
[4969]	1300	1656	0	-4.77857	-11.2121	0.2	25.5761	-0.509277	0.778809	-0.366455	201	255
[4970]	1291	1656	0	-4.79088	-11.1953	0.2	25.6087	0.860352	0.470947	-0.193726	201	255
[4971]	1291	1657	0	-4.79088	-11.1953	0.2	25.6087	0.860352	0.470947	-0.193726	201	255
[4972]	1286	1657	0	-4.73721	-11.2479	0.2	25.6155	0.482666	-0.865723	-0.134521	201	255
[4973]	1288	1657	0	-4.73605	-11.2044	0.2	25.6242	0.823242	0.544922	-0.157471	201	255
[4974]	1286	1658	0	-4.73721	-11.2479	0.2	25.6155	0.482666	-0.865723	-0.134521	201	255
[4975]	1291	1658	0	-4.79088	-11.1953	0.2	25.6087	0.860352	0.470947	-0.193726	201	255
[4976]	1297	1658	0	-4.80238	-11.2572	0.2	25.594	0.504395	-0.858398	0.0947876	201	255
[4977]	1290	1659	0	-4.7836	-11.2579	0.2	25.5606	-0.808105	-0.550781	-0.20874	201	255
[4978]	1286	1659	0	-4.73721	-11.2479	0.2	25.6155	0.482666	-0.865723	-0.134521	201	255
[4979]	1297	1659	0	-4.80238	-11.2572	0.2	25.594	0.504395	-0.858398	0.0947876	201	255
[4980]	1297	1660	0	-4.80238	-11.2572	0.2	25.594	0.504395	-0.858398	0.0947876	201	255
[4981]	1289	1660	0	-4.84693	-11.2531	0.2	25.5215	0.0918579	-0.954102	-0.2854	201	255
[4982]	1290	1660	0	-4.7836	-11.2579	0.2	25.5606	-0.808105	-0.550781	-0.20874	201	255
[4983]	1293	1661	0	-4.81059	-11.1787	0.2	25.5441	0.0185852	-0.288086	-0.95752	201	255
[4984]	1290	1661	0	-4.7836	-11.2579	0.2	25.5606	-0.808105	-0.550781	-0.20874	201	255
[4985]	1289	1661	0	-4.84693	-11.2531	0.2	25.5215	0.0918579	-0.954102	-0.2854	201	255
[4986]	1290	1662	0	-4.7836	-11.2579	0.2	25.5606	-0.808105	-0.550781	-0.20874	201	255
[4987]	1293	1662	0	-4.81059	-11.1787	0.2	25.5441	0.0185852	-0.288086	-0.95752	201	255
[4988]	1294	1662	0	-4.77857	-11.2121	0.2	25.5761	-0.509277	0.778809	-0.366455	201	255
[4989]	1295	1663	0	-4.81059	-11.1787	0.2	25.5441	0.0185852	-0.288086	-0.95752	201	255
[4990]	1291	1663	0	-4.79088	-11.1953	0.2	25.6087	0.860352	0.470947	-0.193726	201	255
[4991]	1300	1663	0	-4.77857	-11.2121	0.2	25.5761	-0.509277	0.778809	-0.366455	201	255
[4992]	1291	1664	0	-4.79088	-11.1953	0.2	25.6087	0.860352	0.470947	-0.193726	201	255
[4993]	1295	1664	0	-4.81059	-11.1787	0.2	25.5441	0.0185852	-0.288086	-0.95752	201	255
[4994]	1296	1664	0	-4.84747	-11.1674	0.2	25.5842	0.761719	-0.557129	-0.330811	201	255
[4995]	1296	1665	0	-4.84747	-11.1674	0.2	25.5842	0.761719	-0.557129	-0.330811	201	255
[4996]	1297	1665	0	-4.80238	-11.2572	0.2	25.594	0.504395	-0.858398	0.0947876	201	255
[4997]	1291	1665	0	-4.79088	-11.1953	0.2	25.6087	0.860352	0.470947	-0.193726	201	255
[4998]	1297	1666	0	-4.80238	-11.2572	0.2	25.594	0.504395	-0.858398	0.0947876	201	255
[4999]	1296	1666	0	-4.84747	-11.1674	0.2	25.5842	0.761719	-0.557129	-0.330811	201	255
[5000]	1292	1666	0	-4.88556	-11.2377	0.2	25.546	0.417236	-0.906738	-0.0638428	201	255
[5001]	1289	1667	0	-4.84693	-11.2531	0.2	25.5215	0.0918579	-0.954102	-0.2854	201	255
[5002]	1297	1667	0	-4.80238	-11.2572	0.2	25.594	0.504395	-0.858398	0.0947876	201	255
[5003]	1292	1667	0	-4.88556	-11.2377	0.2	25.546	0.417236	-0.906738	-0.0638428	201	255
[5004]	1305	1668	0	-4.77242	-10.8734	0.2	25.8633	-0.570801	0.786621	0.234131	201	255
[5005]	1301	1668	0	-4.73678	-10.8364	0.2	25.8709	-0.161499	0.558105	-0.813965	201	255
[5006]	1302	1668	0	-4.76266	-10.8875	0.2	25.8614	-0.856934	-0.350342	-0.377686	201	255
[5007]	1302	1669	0	-4.76266	-10.8875	0.2	25.8614	-0.856934	-0.350342	-0.377686	201	255
[5008]	1301	1669	0	-4.73678	-10.8364	0.2	25.8709	-0.161499	0.558105	-0.813965	201	255
[5009]	1306	1669	0	-4.76776	-10.8927	0.2	25.879	0.468506	-0.723633	-0.507324	201	255
[5010]	1306	1670	0	-4.76776	-10.8927	0.2	25.879	0.468506	-0.723633	-0.507324	201	255
[5011]	1304	1670	0	-4.80976	-10.9272	0.2	25.833	-0.873535	-0.25708	-0.412842	201	255
[5012]	1302	1670	0	-4.76266	-10.8875	0.2	25.8614	-0.856934	-0.350342	-0.377686	201	255
[5013]	1304	1671	0	-4.80976	-10.9272	0.2	25.833	-0.873535	-0.25708	-0.412842	201	255
[5014]	1305	1671	0	-4.77242	-10.8734	0.2	25.8633	-0.570801	0.786621	0.234131	201	255
[5015]	1302	1671	0	-4.76266	-10.8875	0.2	25.8614	-0.856934	-0.350342	-0.377686	201	255
[5016]	1305	1672	0	-4.77242	-10.8734	0.2	25.8633	-0.570801	0.786621	0.234131	201	255
[5017]	1304	1672	0	-4.80976	-10.9272	0.2	25.833	-0.873535	-0.25708	-0.412842	201	255
[5018]	1303	1672	0	-4.81749	-10.9054	0.2	25.8435	-0.362061	0.929688	-0.0640259	201	255
[5019]	1304	1673	0	-4.80976	-10.9272	0.2	25.833	-0.873535	-0.25708	-0.412842	201	255
[5020]	1311	1673	0	-4.85959	-10.898	0.2	25.807	-0.330322	0.815918	-0.474609	201	255
[5021]	1303	1673	0	-4.81749	-10.9054	0.2	25.8435	-0.362061	0.929688	-0.0640259	201	255
[5022]	1311	1674	0	-4.85959	-10.898	0.2	25.807	-0.330322	0.815918	-0.474609	201	255
[5023]	1304	1674	0	-4.80976	-10.9272	0.2	25.833	-0.873535	-0.25708	-0.412842	201	255
[5024]	1307	1674	0	-4.85977	-10.9475	0.2	25.7869	-0.749023	-0.508789	-0.424561	201	255
[5025]	1307	1675	0	-4.85977	-10.9475	0.2	25.7869	-0.749023	-0.508789	-0.424561	201	255
[5026]	1308	1675	0	-4.88571	-10.8685	0.2	25.7671	0.160522	-0.19104	-0.968262	201	255
[5027]	1311	1675	0	-4.85959	-10.898	0.2	25.807	-0.330322	0.815918	-0.474609	201	255
[5028]	1308	1676	0	-4.88571	-10.8685	0.2	25.7671	0.160522	-0.19104	-0.968262	201	255
[5029]	1307	1676	0	-4.85977	-10.9475	0.2	25.7869	-0.749023	-0.508789	-0.424561	201	255
[5030]	1314	1676	0	-4.90738	-10.9444	0.2	25.7329	0.17395	-0.890137	-0.420898	201	255
[5031]	1306	1677	0	-4.76776	-10.8927	0.2	25.879	0.468506	-0.723633	-0.507324	201	255
[5032]	1301	1677	0	-4.73678	-10.8364	0.2	25.8709	-0.161499	0.558105	-0.813965	201	255
[5033]	1299	1677	0	-4.77334	-10.8587	0.2	25.8807	0.771484	0.634277	0.0516052	201	255
[5034]	1316	1678	0	-4.8258	-10.8939	0.2	25.8691	0.867676	0.485352	0.108521	201	255
[5035]	1306	1678	0	-4.76776	-10.8927	0.2	25.879	0.468506	-0.723633	-0.507324	201	255
[5036]	1299	1678	0	-4.77334	-10.8587	0.2	25.8807	0.771484	0.634277	0.0516052	201	255
[5037]	1306	1679	0	-4.76776	-10.8927	0.2	25.879	0.468506	-0.723633	-0.507324	201	255
[5038]	1316	1679	0	-4.8258	-10.8939	0.2	25.8691	0.867676	0.485352	0.108521	201	255
[5039]	1315	1679	0	-4.82246	-10.9369	0.2	25.8633	0.476074	-0.872559	-0.109558	201	255
[5040]	1304	1680	0	-4.80976	-10.9272	0.2	25.833	-0.873535	-0.25708	-0.412842	201	255
[5041]	1306	1680	0	-4.76776	-10.8927	0.2	25.879	0.468506	-0.723633	-0.507324	201	255
[5042]	1315	1680	0	-4.82246	-10.9369	0.2	25.8633	0.476074	-0.872559	-0.109558	201	255
[5043]	1315	1681	0	-4.82246	-10.9369	0.2	25.8633	0.476074	-0.872559	-0.109558	201	255
[5044]	1307	1681	0	-4.85977	-10.9475	0.2	25.7869	-0.749023	-0.508789	-0.424561	201	255
[5045]	1304	1681	0	-4.80976	-10.9272	0.2	25.833	-0.873535	-0.25708	-0.412842	201	255
[5046]	1307	1682	0	-4.85977	-10.9475	0.2	25.7869	-0.749023	-0.508789	-0.424561	201	255
[5047]	1315	1682	0	-4.82246	-10.9369	0.2	25.8633	0.476074	-0.872559	-0.109558	201	255
[5048]	1313	1682	0	-4.88865	-10.9532	0.2	25.8248	0.517578	-0.812012	0.270508	201	255
[5049]	1313	1683	0	-4.88865	-10.9532	0.2	25.8248	0.517578	-0.812012	0.270508	201	255
[5050]	1314	1683	0	-4.90738	-10.9444	0.2	25.7329	0.17395	-0.890137	-0.420898	201	255
[5051]	1307	1683	0	-4.85977	-10.9475	0.2	25.7869	-0.749023	-0.508789	-0.424561	201	255
[5052]	1314	1684	0	-4.90738	-10.9444	0.2	25.7329	0.17395	-0.890137	-0.420898	201	255
[5053]	1313	1684	0	-4.88865	-10.9532	0.2	25.8248	0.517578	-0.812012	0.270508	201	255
[5054]	1321	1684	0	-4.94842	-10.9375	0.2	25.7548	0.536133	-0.842285	-0.0581665	201	255
[5055]	1313	1685	0	-4.88865	-10.9532	0.2	25.8248	0.517578	-0.812012	0.270508	201	255
[5056]	1312	1685	0	-4.92258	-10.8536	0.2	25.7911	0.901855	-0.362549	-0.234131	201	255
[5057]	1321	1685	0	-4.94842	-10.9375	0.2	25.7548	0.536133	-0.842285	-0.0581665	201	255
[5058]	1299	1686	0	-4.77334	-10.8587	0.2	25.8807	0.771484	0.634277	0.0516052	201	255
[5059]	1301	1686	0	-4.73678	-10.8364	0.2	25.8709	-0.161499	0.558105	-0.813965	201	255
[5060]	1298	1686	0	-4.77242	-10.8734	0.2	25.8633	-0.570801	0.786621	0.234131	201	255
[5061]	1298	1687	0	-4.77242	-10.8734	0.2	25.8633	-0.570801	0.786621	0.234131	201	255
[5062]	1316	1687	0	-4.8258	-10.8939	0.2	25.8691	0.867676	0.485352	0.108521	201	255
[5063]	1299	1687	0	-4.77334	-10.8587	0.2	25.8807	0.771484	0.634277	0.0516052	201	255
[5064]	1316	1688	0	-4.8258	-10.8939	0.2	25.8691	0.867676	0.485352	0.108521	201	255
[5065]	1298	1688	0	-4.77242	-10.8734	0.2	25.8633	-0.570801	0.786621	0.234131	201	255
[5066]	1310	1688	0	-4.81749	-10.9054	0.2	25.8435	-0.362061	0.929688	-0.0640259	201	255
[5067]	1309	1689	0	-4.85959	-10.898	0.2	25.807	-0.330322	0.815918	-0.474609	201	255
[5068]	1316	1689	0	-4.8258	-10.8939	0.2	25.8691	0.867676	0.485352	0.108521	201	255
[5069]	1310	1689	0	-4.81749	-10.9054	0.2	25.8435	-0.362061	0.929688	-0.0640259	201	255
[5070]	1316	1690	0	-4.8258	-10.8939	0.2	25.8691	0.867676	0.485352	0.108521	201	255
[5071]	1309	1690	0	-4.85959	-10.898	0.2	25.807	-0.330322	0.815918	-0.474609	201	255
[5072]	1317	1690	0	-4.88172	-10.8895	0.2	25.8341	0.86377	0.500488	0.0561829	201	255
[5073]	1317	1691	0	-4.88172	-10.8895	0.2	25.8341	0.86377	0.500488	0.0561829	201	255
[5074]	1315	1691	0	-4.82246	-10.9369	0.2	25.8633	0.476074	-0.872559	-0.109558	201	255
[5075]	1316	1691	0	-4.8258	-10.8939	0.2	25.8691	0.867676	0.485352	0.108521	201	255
[5076]	1315	1692	0	-4.82246	-10.9369	0.2	25.8633	0.476074	-0.872559	-0.109558	201	255
[5077]	1317	1692	0	-4.88172	-10.8895	0.2	25.8341	0.86377	0.500488	0.0561829	201	255
[5078]	1313	1692	0	-4.88865	-10.9532	0.2	25.8248	0.517578	-0.812012	0.270508	201	255
[5079]	1312	1693	0	-4.92258	-10.8536	0.2	25.7911	0.901855	-0.362549	-0.234131	201	255
[5080]	1313	1693	0	-4.88865	-10.9532	0.2	25.8248	0.517578	-0.812012	0.270508	201	255
[5081]	1317	1693	0	-4.88172	-10.8895	0.2	25.8341	0.86377	0.500488	0.0561829	201	255
[5082]	1317	1694	0	-4.88172	-10.8895	0.2	25.8341	0.86377	0.500488	0.0561829	201	255
[5083]	1318	1694	0	-4.88571	-10.8685	0.2	25.7671	0.160522	-0.19104	-0.968262	201	255
[5084]	1312	1694	0	-4.92258	-10.8536	0.2	25.7911	0.901855	-0.362549	-0.234131	201	255
[5085]	1318	1695	0	-4.88571	-10.8685	0.2	25.7671	0.160522	-0.19104	-0.968262	201	255
[5086]	1317	1695	0	-4.88172	-10.8895	0.2	25.8341	0.86377	0.500488	0.0561829	201	255
[5087]	1309	1695	0	-4.85959	-10.898	0.2	25.807	-0.330322	0.815918	-0.474609	201	255
[5088]	1319	1696	0	-4.83216	-10.3089	0.2	26.0238	-0.506348	0.835938	0.211304	201	255
[5089]	1322	1696	0	-4.80978	-10.3029	0.2	26.0322	-0.204468	0.506348	-0.837891	201	255
[5090]	1320	1696	0	-4.83028	-10.3522	0.2	26.0273	-0.678711	-0.545898	-0.491211	201	255
[5091]	1320	1697	0	-4.83028	-10.3522	0.2	26.0273	-0.678711	-0.545898	-0.491211	201	255
[5092]	1322	1697	0	-4.80978	-10.3029	0.2	26.0322	-0.204468	0.506348	-0.837891	201	255
[5093]	1331	1697	0	-4.8335	-10.342	0.2	26.0484	0.690918	-0.390625	-0.608398	201	255
[5094]	1331	1698	0	-4.8335	-10.342	0.2	26.0484	0.690918	-0.390625	-0.608398	201	255
[5095]	1327	1698	0	-4.87242	-10.4084	0.2	26.016	-0.652832	-0.682617	-0.328369	201	255
[5096]	1320	1698	0	-4.83028	-10.3522	0.2	26.0273	-0.678711	-0.545898	-0.491211	201	255
[5097]	1330	1699	0	-4.88252	-10.3718	0.2	26.0075	-0.748535	0.601074	0.279541	201	255
[5098]	1320	1699	0	-4.83028	-10.3522	0.2	26.0273	-0.678711	-0.545898	-0.491211	201	255
[5099]	1327	1699	0	-4.87242	-10.4084	0.2	26.016	-0.652832	-0.682617	-0.328369	201	255
[5100]	1320	1700	0	-4.83028	-10.3522	0.2	26.0273	-0.678711	-0.545898	-0.491211	201	255
[5101]	1330	1700	0	-4.88252	-10.3718	0.2	26.0075	-0.748535	0.601074	0.279541	201	255
[5102]	1319	1700	0	-4.83216	-10.3089	0.2	26.0238	-0.506348	0.835938	0.211304	201	255
[5103]	1331	1701	0	-4.8335	-10.342	0.2	26.0484	0.690918	-0.390625	-0.608398	201	255
[5104]	1322	1701	0	-4.80978	-10.3029	0.2	26.0322	-0.204468	0.506348	-0.837891	201	255
[5105]	1332	1701	0	-4.82987	-10.3129	0.2	26.0411	0.782715	0.61084	-0.119873	201	255
[5106]	1323	1702	0	-4.88527	-10.3582	0.2	26.0441	0.776367	0.608887	0.16272	201	255
[5107]	1331	1702	0	-4.8335	-10.342	0.2	26.0484	0.690918	-0.390625	-0.608398	201	255
[5108]	1332	1702	0	-4.82987	-10.3129	0.2	26.0411	0.782715	0.61084	-0.119873	201	255
[5109]	1331	1703	0	-4.8335	-10.342	0.2	26.0484	0.690918	-0.390625	-0.608398	201	255
[5110]	1323	1703	0	-4.88527	-10.3582	0.2	26.0441	0.776367	0.608887	0.16272	201	255
[5111]	1325	1703	0	-4.87839	-10.3937	0.2	26.0495	0.717773	-0.598633	-0.355713	201	255
[5112]	1327	1704	0	-4.87242	-10.4084	0.2	26.016	-0.652832	-0.682617	-0.328369	201	255
[5113]	1331	1704	0	-4.8335	-10.342	0.2	26.0484	0.690918	-0.390625	-0.608398	201	255
[5114]	1325	1704	0	-4.87839	-10.3937	0.2	26.0495	0.717773	-0.598633	-0.355713	201	255
[5115]	1339	1705	0	-4.93816	-10.4291	0.2	26.0304	0.713867	-0.69873	-0.0473938	201	255
[5116]	1327	1705	0	-4.87242	-10.4084	0.2	26.016	-0.652832	-0.682617	-0.328369	201	255
[5117]	1325	1705	0	-4.87839	-10.3937	0.2	26.0495	0.717773	-0.598633	-0.355713	201	255
[5118]	1327	1706	0	-4.87242	-10.4084	0.2	26.016	-0.652832	-0.682617	-0.328369	201	255
[5119]	1339	1706	0	-4.93816	-10.4291	0.2	26.0304	0.713867	-0.69873	-0.0473938	201	255
[5120]	1328	1706	0	-4.92627	-10.4513	0.2	25.9898	-0.595215	-0.739258	-0.314209	201	255
[5121]	1333	1707	0	-4.91374	-10.3843	0.2	25.9997	-0.655762	0.751953	-0.065918	201	255
[5122]	1327	1707	0	-4.87242	-10.4084	0.2	26.016	-0.652832	-0.682617	-0.328369	201	255
[5123]	1328	1707	0	-4.92627	-10.4513	0.2	25.9898	-0.595215	-0.739258	-0.314209	201	255
[5124]	1327	1708	0	-4.87242	-10.4084	0.2	26.016	-0.652832	-0.682617	-0.328369	201	255
[5125]	1333	1708	0	-4.91374	-10.3843	0.2	25.9997	-0.655762	0.751953	-0.065918	201	255
[5126]	1330	1708	0	-4.88252	-10.3718	0.2	26.0075	-0.748535	0.601074	0.279541	201	255
[5127]	1332	1709	0	-4.82987	-10.3129	0.2	26.0411	0.782715	0.61084	-0.119873	201	255
[5128]	1322	1709	0	-4.80978	-10.3029	0.2	26.0322	-0.204468	0.506348	-0.837891	201	255
[5129]	1326	1709	0	-4.83216	-10.3089	0.2	26.0238	-0.506348	0.835938	0.211304	201	255
[5130]	1326	1710	0	-4.83216	-10.3089	0.2	26.0238	-0.506348	0.835938	0.211304	201	255
[5131]	1323	1710	0	-4.88527	-10.3582	0.2	26.0441	0.776367	0.608887	0.16272	201	255
[5132]	1332	1710	0	-4.82987	-10.3129	0.2	26.0411	0.782715	0.61084	-0.119873	201	255
[5133]	1323	1711	0	-4.88527	-10.3582	0.2	26.0441	0.776367	0.608887	0.16272	201	255
[5134]	1326	1711	0	-4.83216	-10.3089	0.2	26.0238	-0.506348	0.835938	0.211304	201	255
[5135]	1324	1711	0	-4.88252	-10.3718	0.2	26.0075	-0.748535	0.601074	0.279541	201	255
[5136]	1329	1712	0	-4.91374	-10.3843	0.2	25.9997	-0.656738	0.750977	-0.0701294	201	255
[5137]	1323	1712	0	-4.88527	-10.3582	0.2	26.0441	0.776367	0.608887	0.16272	201	255
[5138]	1324	1712	0	-4.88252	-10.3718	0.2	26.0075	-0.748535	0.601074	0.279541	201	255
[5139]	1323	1713	0	-4.88527	-10.3582	0.2	26.0441	0.776367	0.608887	0.16272	201	255
[5140]	1329	1713	0	-4.91374	-10.3843	0.2	25.9997	-0.656738	0.750977	-0.0701294	201	255
[5141]	1335	1713	0	-4.93921	-10.3637	0.2	26.0247	0.72998	0.681152	0.0552368	201	255
[5142]	1335	1714	0	-4.93921	-10.3637	0.2	26.0247	0.72998	0.681152	0.0552368	201	255
[5143]	1325	1714	0	-4.87839	-10.3937	0.2	26.0495	0.717773	-0.598633	-0.355713	201	255
[5144]	1323	1714	0	-4.88527	-10.3582	0.2	26.0441	0.776367	0.608887	0.16272	201	255
[5145]	1325	1715	0	-4.87839	-10.3937	0.2	26.0495	0.717773	-0.598633	-0.355713	201	255
[5146]	1335	1715	0	-4.93921	-10.3637	0.2	26.0247	0.72998	0.681152	0.0552368	201	255
[5147]	1339	1715	0	-4.93816	-10.4291	0.2	26.0304	0.713867	-0.69873	-0.0473938	201	255
[5148]	1340	1716	0	-4.97597	-10.3546	0.2	26.0102	0.984375	-0.102173	-0.140747	201	255
[5149]	1339	1716	0	-4.93816	-10.4291	0.2	26.0304	0.713867	-0.69873	-0.0473938	201	255
[5150]	1335	1716	0	-4.93921	-10.3637	0.2	26.0247	0.72998	0.681152	0.0552368	201	255
[5151]	1339	1717	0	-4.93816	-10.4291	0.2	26.0304	0.713867	-0.69873	-0.0473938	201	255
[5152]	1340	1717	0	-4.97597	-10.3546	0.2	26.0102	0.984375	-0.102173	-0.140747	201	255
[5153]	1336	1717	0	-4.99283	-10.4187	0.2	25.993	0.59375	-0.800293	0.0818481	201	255
[5154]	1334	1718	0	-4.96229	-10.4546	0.2	25.9585	0.191406	-0.893555	-0.405518	201	255
[5155]	1339	1718	0	-4.93816	-10.4291	0.2	26.0304	0.713867	-0.69873	-0.0473938	201	255
[5156]	1336	1718	0	-4.99283	-10.4187	0.2	25.993	0.59375	-0.800293	0.0818481	201	255
[5157]	1339	1719	0	-4.93816	-10.4291	0.2	26.0304	0.713867	-0.69873	-0.0473938	201	255
[5158]	1334	1719	0	-4.96229	-10.4546	0.2	25.9585	0.191406	-0.893555	-0.405518	201	255
[5159]	1328	1719	0	-4.92627	-10.4513	0.2	25.9898	-0.595215	-0.739258	-0.314209	201	255
[5160]	1337	1720	0	-4.93802	-10.3759	0.2	25.9754	0.159912	-0.180664	-0.970703	201	255
[5161]	1328	1720	0	-4.92627	-10.4513	0.2	25.9898	-0.595215	-0.739258	-0.314209	201	255
[5162]	1334	1720	0	-4.96229	-10.4546	0.2	25.9585	0.191406	-0.893555	-0.405518	201	255
[5163]	1328	1721	0	-4.92627	-10.4513	0.2	25.9898	-0.595215	-0.739258	-0.314209	201	255
[5164]	1337	1721	0	-4.93802	-10.3759	0.2	25.9754	0.159912	-0.180664	-0.970703	201	255
[5165]	1333	1721	0	-4.91374	-10.3843	0.2	25.9997	-0.655762	0.751953	-0.065918	201	255
[5166]	1338	1722	0	-4.93802	-10.3759	0.2	25.9754	0.159912	-0.180664	-0.970703	201	255
[5167]	1335	1722	0	-4.93921	-10.3637	0.2	26.0247	0.72998	0.681152	0.0552368	201	255
[5168]	1329	1722	0	-4.91374	-10.3843	0.2	25.9997	-0.656738	0.750977	-0.0701294	201	255
[5169]	1335	1723	0	-4.93921	-10.3637	0.2	26.0247	0.72998	0.681152	0.0552368	201	255
[5170]	1338	1723	0	-4.93802	-10.3759	0.2	25.9754	0.159912	-0.180664	-0.970703	201	255
[5171]	1340	1723	0	-4.97597	-10.3546	0.2	26.0102	0.984375	-0.102173	-0.140747	201	255
[5172]	1348	1724	0	-5.02732	-10.7852	0.2	25.9464	-0.757324	0.640137	-0.12915	201	255
[5173]	1342	1724	0	-4.99244	-10.7731	0.2	25.9606	-0.0911865	0.231812	-0.96875	201	255
[5174]	1346	1724	0	-5.02464	-10.8003	0.2	25.9446	-0.842285	-0.420898	-0.337158	201	255
[5175]	1346	1725	0	-5.02464	-10.8003	0.2	25.9446	-0.842285	-0.420898	-0.337158	201	255
[5176]	1342	1725	0	-4.99244	-10.7731	0.2	25.9606	-0.0911865	0.231812	-0.96875	201	255
[5177]	1347	1725	0	-5.02962	-10.8038	0.2	25.9655	0.631348	-0.752441	-0.188232	201	255
[5178]	1350	1726	0	-5.07767	-10.8193	0.2	25.9369	0.675293	-0.69043	0.259766	201	255
[5179]	1346	1726	0	-5.02464	-10.8003	0.2	25.9446	-0.842285	-0.420898	-0.337158	201	255
[5180]	1347	1726	0	-5.02962	-10.8038	0.2	25.9655	0.631348	-0.752441	-0.188232	201	255
[5181]	1346	1727	0	-5.02464	-10.8003	0.2	25.9446	-0.842285	-0.420898	-0.337158	201	255
[5182]	1350	1727	0	-5.07767	-10.8193	0.2	25.9369	0.675293	-0.69043	0.259766	201	255
[5183]	1345	1727	0	-5.05801	-10.8243	0.2	25.9106	-0.634277	-0.543457	-0.549805	201	255
[5184]	1344	1728	0	-5.0627	-10.7951	0.2	25.9159	-0.568359	0.6875	-0.452393	201	255
[5185]	1346	1728	0	-5.02464	-10.8003	0.2	25.9446	-0.842285	-0.420898	-0.337158	201	255
[5186]	1345	1728	0	-5.05801	-10.8243	0.2	25.9106	-0.634277	-0.543457	-0.549805	201	255
[5187]	1346	1729	0	-5.02464	-10.8003	0.2	25.9446	-0.842285	-0.420898	-0.337158	201	255
[5188]	1344	1729	0	-5.0627	-10.7951	0.2	25.9159	-0.568359	0.6875	-0.452393	201	255
[5189]	1348	1729	0	-5.02732	-10.7852	0.2	25.9464	-0.757324	0.640137	-0.12915	201	255
[5190]	1347	1730	0	-5.02962	-10.8038	0.2	25.9655	0.631348	-0.752441	-0.188232	201	255
[5191]	1342	1730	0	-4.99244	-10.7731	0.2	25.9606	-0.0911865	0.231812	-0.96875	201	255
[5192]	1353	1730	0	-5.02985	-10.7635	0.2	25.9596	0.503418	0.864258	-0.0177765	201	255
[5193]	1349	1731	0	-5.07213	-10.768	0.2	25.9328	0.527832	0.843262	0.100037	201	255
[5194]	1347	1731	0	-5.02962	-10.8038	0.2	25.9655	0.631348	-0.752441	-0.188232	201	255
[5195]	1353	1731	0	-5.02985	-10.7635	0.2	25.9596	0.503418	0.864258	-0.0177765	201	255
[5196]	1347	1732	0	-5.02962	-10.8038	0.2	25.9655	0.631348	-0.752441	-0.188232	201	255
[5197]	1349	1732	0	-5.07213	-10.768	0.2	25.9328	0.527832	0.843262	0.100037	201	255
[5198]	1350	1732	0	-5.07767	-10.8193	0.2	25.9369	0.675293	-0.69043	0.259766	201	255
[5199]	1357	1733	0	-5.10712	-10.7628	0.2	25.883	0.608398	0.789062	0.0875244	201	255
[5200]	1350	1733	0	-5.07767	-10.8193	0.2	25.9369	0.675293	-0.69043	0.259766	201	255
[5201]	1349	1733	0	-5.07213	-10.768	0.2	25.9328	0.527832	0.843262	0.100037	201	255
[5202]	1350	1734	0	-5.07767	-10.8193	0.2	25.9369	0.675293	-0.69043	0.259766	201	255
[5203]	1357	1734	0	-5.10712	-10.7628	0.2	25.883	0.608398	0.789062	0.0875244	201	255
[5204]	1369	1734	0	-5.12131	-10.8208	0.2	25.8856	0.573242	-0.545898	0.611328	201	255
[5205]	1351	1735	0	-5.08596	-10.8375	0.2	25.862	-0.491211	-0.754883	-0.434326	201	255
[5206]	1350	1735	0	-5.07767	-10.8193	0.2	25.9369	0.675293	-0.69043	0.259766	201	255
[5207]	1369	1735	0	-5.12131	-10.8208	0.2	25.8856	0.573242	-0.545898	0.611328	201	255
[5208]	1350	1736	0	-5.07767	-10.8193	0.2	25.9369	0.675293	-0.69043	0.259766	201	255
[5209]	1351	1736	0	-5.08596	-10.8375	0.2	25.862	-0.491211	-0.754883	-0.434326	201	255
[5210]	1345	1736	0	-5.05801	-10.8243	0.2	25.9106	-0.634277	-0.543457	-0.549805	201	255
[5211]	1354	1737	0	-5.08608	-10.7922	0.2	25.8666	-0.308594	0.516602	-0.79834	201	255
[5212]	1345	1737	0	-5.05801	-10.8243	0.2	25.9106	-0.634277	-0.543457	-0.549805	201	255
[5213]	1351	1737	0	-5.08596	-10.8375	0.2	25.862	-0.491211	-0.754883	-0.434326	201	255
[5214]	1345	1738	0	-5.05801	-10.8243	0.2	25.9106	-0.634277	-0.543457	-0.549805	201	255
[5215]	1354	1738	0	-5.08608	-10.7922	0.2	25.8666	-0.308594	0.516602	-0.79834	201	255
[5216]	1344	1738	0	-5.0627	-10.7951	0.2	25.9159	-0.568359	0.6875	-0.452393	201	255
[5217]	1353	1739	0	-5.02985	-10.7635	0.2	25.9596	0.503418	0.864258	-0.0177765	201	255
[5218]	1342	1739	0	-4.99244	-10.7731	0.2	25.9606	-0.0911865	0.231812	-0.96875	201	255
[5219]	1343	1739	0	-5.02732	-10.7852	0.2	25.9464	-0.757324	0.640137	-0.12915	201	255
[5220]	1343	1740	0	-5.02732	-10.7852	0.2	25.9464	-0.757324	0.640137	-0.12915	201	255
[5221]	1349	1740	0	-5.07213	-10.768	0.2	25.9328	0.527832	0.843262	0.100037	201	255
[5222]	1353	1740	0	-5.02985	-10.7635	0.2	25.9596	0.503418	0.864258	-0.0177765	201	255
[5223]	1349	1741	0	-5.07213	-10.768	0.2	25.9328	0.527832	0.843262	0.100037	201	255
[5224]	1343	1741	0	-5.02732	-10.7852	0.2	25.9464	-0.757324	0.640137	-0.12915	201	255
[5225]	1341	1741	0	-5.0627	-10.7951	0.2	25.9159	-0.568359	0.6875	-0.452393	201	255
[5226]	1341	1742	0	-5.0627	-10.7951	0.2	25.9159	-0.568359	0.6875	-0.452393	201	255
[5227]	1357	1742	0	-5.10712	-10.7628	0.2	25.883	0.608398	0.789062	0.0875244	201	255
[5228]	1349	1742	0	-5.07213	-10.768	0.2	25.9328	0.527832	0.843262	0.100037	201	255
[5229]	1357	1743	0	-5.10712	-10.7628	0.2	25.883	0.608398	0.789062	0.0875244	201	255
[5230]	1341	1743	0	-5.0627	-10.7951	0.2	25.9159	-0.568359	0.6875	-0.452393	201	255
[5231]	1352	1743	0	-5.08608	-10.7922	0.2	25.8666	-0.308594	0.516602	-0.79834	201	255
[5232]	1359	1744	0	-5.09175	-10.7758	0.2	25.8225	0.679688	-0.342041	-0.648438	201	255
[5233]	1357	1744	0	-5.10712	-10.7628	0.2	25.883	0.608398	0.789062	0.0875244	201	255
[5234]	1352	1744	0	-5.08608	-10.7922	0.2	25.8666	-0.308594	0.516602	-0.79834	201	255
[5235]	1357	1745	0	-5.10712	-10.7628	0.2	25.883	0.608398	0.789062	0.0875244	201	255
[5236]	1359	1745	0	-5.09175	-10.7758	0.2	25.8225	0.679688	-0.342041	-0.648438	201	255
[5237]	1363	1745	0	-5.13062	-10.7338	0.2	25.8194	0.98584	-0.132935	0.103088	201	255
[5238]	1363	1746	0	-5.13062	-10.7338	0.2	25.8194	0.98584	-0.132935	0.103088	201	255
[5239]	1369	1746	0	-5.12131	-10.8208	0.2	25.8856	0.573242	-0.545898	0.611328	201	255
[5240]	1357	1746	0	-5.10712	-10.7628	0.2	25.883	0.608398	0.789062	0.0875244	201	255
[5241]	1369	1747	0	-5.12131	-10.8208	0.2	25.8856	0.573242	-0.545898	0.611328	201	255
[5242]	1363	1747	0	-5.13062	-10.7338	0.2	25.8194	0.98584	-0.132935	0.103088	201	255
[5243]	1356	1747	0	-5.15411	-10.799	0.2	25.8113	0.783203	-0.557129	0.275635	201	255
[5244]	1355	1748	0	-5.10614	-10.8401	0.2	25.8013	0.348389	-0.916504	-0.196411	201	255
[5245]	1369	1748	0	-5.12131	-10.8208	0.2	25.8856	0.573242	-0.545898	0.611328	201	255
[5246]	1356	1748	0	-5.15411	-10.799	0.2	25.8113	0.783203	-0.557129	0.275635	201	255
[5247]	1369	1749	0	-5.12131	-10.8208	0.2	25.8856	0.573242	-0.545898	0.611328	201	255
[5248]	1355	1749	0	-5.10614	-10.8401	0.2	25.8013	0.348389	-0.916504	-0.196411	201	255
[5249]	1351	1749	0	-5.08596	-10.8375	0.2	25.862	-0.491211	-0.754883	-0.434326	201	255
[5250]	1358	1750	0	-5.09175	-10.7758	0.2	25.8225	0.679688	-0.342041	-0.648438	201	255
[5251]	1351	1750	0	-5.08596	-10.8375	0.2	25.862	-0.491211	-0.754883	-0.434326	201	255
[5252]	1355	1750	0	-5.10614	-10.8401	0.2	25.8013	0.348389	-0.916504	-0.196411	201	255
[5253]	1351	1751	0	-5.08596	-10.8375	0.2	25.862	-0.491211	-0.754883	-0.434326	201	255
[5254]	1358	1751	0	-5.09175	-10.7758	0.2	25.8225	0.679688	-0.342041	-0.648438	201	255
[5255]	1354	1751	0	-5.08608	-10.7922	0.2	25.8666	-0.308594	0.516602	-0.79834	201	255
[5256]	1360	1752	0	-4.99091	-11.2298	0.2	25.7287	-0.442871	0.890625	-0.1026	201	255
[5257]	1361	1752	0	-4.94878	-11.2338	0.2	25.7324	-0.270752	0.059082	-0.960938	201	255
[5258]	1368	1752	0	-4.9909	-11.2372	0.2	25.7232	-0.982422	0.180542	-0.0463867	201	255
[5259]	1368	1753	0	-4.9909	-11.2372	0.2	25.7232	-0.982422	0.180542	-0.0463867	201	255
[5260]	1361	1753	0	-4.94878	-11.2338	0.2	25.7324	-0.270752	0.059082	-0.960938	201	255
[5261]	1374	1753	0	-4.99234	-11.255	0.2	25.7345	0.085083	-0.992188	-0.0919189	201	255
[5262]	1374	1754	0	-4.99234	-11.255	0.2	25.7345	0.085083	-0.992188	-0.0919189	201	255
[5263]	1366	1754	0	-5.03452	-11.226	0.2	25.7024	-0.939453	-0.15979	-0.30249	201	255
[5264]	1368	1754	0	-4.9909	-11.2372	0.2	25.7232	-0.982422	0.180542	-0.0463867	201	255
[5265]	1365	1755	0	-5.03425	-11.2134	0.2	25.7106	-0.444092	0.774414	-0.451172	201	255
[5266]	1368	1755	0	-4.9909	-11.2372	0.2	25.7232	-0.982422	0.180542	-0.0463867	201	255
[5267]	1366	1755	0	-5.03452	-11.226	0.2	25.7024	-0.939453	-0.15979	-0.30249	201	255
[5268]	1368	1756	0	-4.9909	-11.2372	0.2	25.7232	-0.982422	0.180542	-0.0463867	201	255
[5269]	1365	1756	0	-5.03425	-11.2134	0.2	25.7106	-0.444092	0.774414	-0.451172	201	255
[5270]	1360	1756	0	-4.99091	-11.2298	0.2	25.7287	-0.442871	0.890625	-0.1026	201	255
[5271]	1374	1757	0	-4.99234	-11.255	0.2	25.7345	0.085083	-0.992188	-0.0919189	201	255
[5272]	1361	1757	0	-4.94878	-11.2338	0.2	25.7324	-0.270752	0.059082	-0.960938	201	255
[5273]	1364	1757	0	-4.98974	-11.2196	0.2	25.7419	0.76416	0.541504	-0.351074	201	255
[5274]	1370	1758	0	-5.04107	-11.1954	0.2	25.7303	0.826172	0.505371	-0.248291	201	255
[5275]	1374	1758	0	-4.99234	-11.255	0.2	25.7345	0.085083	-0.992188	-0.0919189	201	255
[5276]	1364	1758	0	-4.98974	-11.2196	0.2	25.7419	0.76416	0.541504	-0.351074	201	255
[5277]	1374	1759	0	-4.99234	-11.255	0.2	25.7345	0.085083	-0.992188	-0.0919189	201	255
[5278]	1370	1759	0	-5.04107	-11.1954	0.2	25.7303	0.826172	0.505371	-0.248291	201	255
[5279]	1371	1759	0	-5.04419	-11.2443	0.2	25.7208	0.319824	-0.916992	0.239014	201	255
[5280]	1366	1760	0	-5.03452	-11.226	0.2	25.7024	-0.939453	-0.15979	-0.30249	201	255
[5281]	1374	1760	0	-4.99234	-11.255	0.2	25.7345	0.085083	-0.992188	-0.0919189	201	255
[5282]	1371	1760	0	-5.04419	-11.2443	0.2	25.7208	0.319824	-0.916992	0.239014	201	255
[5283]	1371	1761	0	-5.04419	-11.2443	0.2	25.7208	0.319824	-0.916992	0.239014	201	255
[5284]	1372	1761	0	-5.07087	-11.2069	0.2	25.6588	-0.794434	-0.546387	-0.265625	201	255
[5285]	1366	1761	0	-5.03452	-11.226	0.2	25.7024	-0.939453	-0.15979	-0.30249	201	255
[5286]	1375	1762	0	-5.06585	-11.1714	0.2	25.6758	-0.190308	0.620117	-0.76123	201	255
[5287]	1366	1762	0	-5.03452	-11.226	0.2	25.7024	-0.939453	-0.15979	-0.30249	201	255
[5288]	1372	1762	0	-5.07087	-11.2069	0.2	25.6588	-0.794434	-0.546387	-0.265625	201	255
[5289]	1366	1763	0	-5.03452	-11.226	0.2	25.7024	-0.939453	-0.15979	-0.30249	201	255
[5290]	1375	1763	0	-5.06585	-11.1714	0.2	25.6758	-0.190308	0.620117	-0.76123	201	255
[5291]	1365	1763	0	-5.03425	-11.2134	0.2	25.7106	-0.444092	0.774414	-0.451172	201	255
[5292]	1364	1764	0	-4.98974	-11.2196	0.2	25.7419	0.76416	0.541504	-0.351074	201	255
[5293]	1361	1764	0	-4.94878	-11.2338	0.2	25.7324	-0.270752	0.059082	-0.960938	201	255
[5294]	1367	1764	0	-4.99091	-11.2298	0.2	25.7287	-0.442871	0.890625	-0.1026	201	255
[5295]	1362	1765	0	-5.03425	-11.2134	0.2	25.7106	-0.444092	0.774414	-0.451172	201	255
[5296]	1364	1765	0	-4.98974	-11.2196	0.2	25.7419	0.76416	0.541504	-0.351074	201	255
[5297]	1367	1765	0	-4.99091	-11.2298	0.2	25.7287	-0.442871	0.890625	-0.1026	201	255
[5298]	1364	1766	0	-4.98974	-11.2196	0.2	25.7419	0.76416	0.541504	-0.351074	201	255
[5299]	1362	1766	0	-5.03425	-11.2134	0.2	25.7106	-0.444092	0.774414	-0.451172	201	255
[5300]	1370	1766	0	-5.04107	-11.1954	0.2	25.7303	0.826172	0.505371	-0.248291	201	255
[5301]	1373	1767	0	-5.06585	-11.1714	0.2	25.6758	-0.190308	0.620117	-0.76123	201	255
[5302]	1370	1767	0	-5.04107	-11.1954	0.2	25.7303	0.826172	0.505371	-0.248291	201	255
[5303]	1362	1767	0	-5.03425	-11.2134	0.2	25.7106	-0.444092	0.774414	-0.451172	201	255
[5304]	1370	1768	0	-5.04107	-11.1954	0.2	25.7303	0.826172	0.505371	-0.248291	201	255
[5305]	1373	1768	0	-5.06585	-11.1714	0.2	25.6758	-0.190308	0.620117	-0.76123	201	255
[5306]	1378	1768	0	-5.09104	-11.1617	0.2	25.6967	0.943848	0.330811	-0.0018816	201	255
[5307]	1378	1769	0	-5.09104	-11.1617	0.2	25.6967	0.943848	0.330811	-0.0018816	201	255
[5308]	1371	1769	0	-5.04419	-11.2443	0.2	25.7208	0.319824	-0.916992	0.239014	201	255
[5309]	1370	1769	0	-5.04107	-11.1954	0.2	25.7303	0.826172	0.505371	-0.248291	201	255
[5310]	1371	1770	0	-5.04419	-11.2443	0.2	25.7208	0.319824	-0.916992	0.239014	201	255
[5311]	1378	1770	0	-5.09104	-11.1617	0.2	25.6967	0.943848	0.330811	-0.0018816	201	255
[5312]	1384	1770	0	-5.0977	-11.2074	0.2	25.6823	0.32373	-0.759766	0.563477	201	255
[5313]	1372	1771	0	-5.07087	-11.2069	0.2	25.6588	-0.794434	-0.546387	-0.265625	201	255
[5314]	1371	1771	0	-5.04419	-11.2443	0.2	25.7208	0.319824	-0.916992	0.239014	201	255
[5315]	1384	1771	0	-5.0977	-11.2074	0.2	25.6823	0.32373	-0.759766	0.563477	201	255
[5316]	1384	1772	0	-5.0977	-11.2074	0.2	25.6823	0.32373	-0.759766	0.563477	201	255
[5317]	1376	1772	0	-5.10539	-11.1631	0.2	25.6047	-0.0652466	-0.994141	0.0869141	201	255
[5318]	1372	1772	0	-5.07087	-11.2069	0.2	25.6588	-0.794434	-0.546387	-0.265625	201	255
[5319]	1379	1773	0	-5.07854	-11.1201	0.2	25.6364	0.379395	-0.593262	-0.709961	201	255
[5320]	1372	1773	0	-5.07087	-11.2069	0.2	25.6588	-0.794434	-0.546387	-0.265625	201	255
[5321]	1376	1773	0	-5.10539	-11.1631	0.2	25.6047	-0.0652466	-0.994141	0.0869141	201	255
[5322]	1372	1774	0	-5.07087	-11.2069	0.2	25.6588	-0.794434	-0.546387	-0.265625	201	255
[5323]	1379	1774	0	-5.07854	-11.1201	0.2	25.6364	0.379395	-0.593262	-0.709961	201	255
[5324]	1375	1774	0	-5.06585	-11.1714	0.2	25.6758	-0.190308	0.620117	-0.76123	201	255
[5325]	1380	1775	0	-5.07854	-11.1201	0.2	25.6364	0.379395	-0.593262	-0.709961	201	255
[5326]	1378	1775	0	-5.09104	-11.1617	0.2	25.6967	0.943848	0.330811	-0.0018816	201	255
[5327]	1373	1775	0	-5.06585	-11.1714	0.2	25.6758	-0.190308	0.620117	-0.76123	201	255
[5328]	1378	1776	0	-5.09104	-11.1617	0.2	25.6967	0.943848	0.330811	-0.0018816	201	255
[5329]	1380	1776	0	-5.07854	-11.1201	0.2	25.6364	0.379395	-0.593262	-0.709961	201	255
[5330]	1382	1776	0	-5.1291	-11.0921	0.2	25.6562	0.820801	-0.558105	0.121033	201	255
[5331]	1382	1777	0	-5.1291	-11.0921	0.2	25.6562	0.820801	-0.558105	0.121033	201	255
[5332]	1384	1777	0	-5.0977	-11.2074	0.2	25.6823	0.32373	-0.759766	0.563477	201	255
[5333]	1378	1777	0	-5.09104	-11.1617	0.2	25.6967	0.943848	0.330811	-0.0018816	201	255
[5334]	1384	1778	0	-5.0977	-11.2074	0.2	25.6823	0.32373	-0.759766	0.563477	201	255
[5335]	1382	1778	0	-5.1291	-11.0921	0.2	25.6562	0.820801	-0.558105	0.121033	201	255
[5336]	1377	1778	0	-5.14642	-11.132	0.2	25.6194	0.444824	-0.822266	0.355469	201	255
[5337]	1376	1779	0	-5.10539	-11.1631	0.2	25.6047	-0.0652466	-0.994141	0.0869141	201	255
[5338]	1384	1779	0	-5.0977	-11.2074	0.2	25.6823	0.32373	-0.759766	0.563477	201	255
[5339]	1377	1779	0	-5.14642	-11.132	0.2	25.6194	0.444824	-0.822266	0.355469	201	255
[5340]	1383	1780	0	-5.21406	-10.8455	0.2	25.7984	-0.79834	0.587402	-0.131836	201	255
[5341]	1385	1780	0	-5.19034	-10.8408	0.2	25.8132	0.0244293	0.187866	-0.981934	201	255
[5342]	1381	1780	0	-5.21207	-10.864	0.2	25.8022	-0.579102	-0.737305	-0.347168	201	255
[5343]	1381	1781	0	-5.21207	-10.864	0.2	25.8022	-0.579102	-0.737305	-0.347168	201	255
[5344]	1385	1781	0	-5.19034	-10.8408	0.2	25.8132	0.0244293	0.187866	-0.981934	201	255
[5345]	1391	1781	0	-5.2215	-10.8591	0.2	25.8149	0.84668	-0.516113	-0.13147	201	255
[5346]	1391	1782	0	-5.2215	-10.8591	0.2	25.8149	0.84668	-0.516113	-0.13147	201	255
[5347]	1389	1782	0	-5.2473	-10.8794	0.2	25.778	-0.670898	-0.643555	-0.368408	201	255
[5348]	1381	1782	0	-5.21207	-10.864	0.2	25.8022	-0.579102	-0.737305	-0.347168	201	255
[5349]	1388	1783	0	-5.24884	-10.8565	0.2	25.7808	-0.712891	0.606934	-0.350586	201	255
[5350]	1381	1783	0	-5.21207	-10.864	0.2	25.8022	-0.579102	-0.737305	-0.347168	201	255
[5351]	1389	1783	0	-5.2473	-10.8794	0.2	25.778	-0.670898	-0.643555	-0.368408	201	255
[5352]	1381	1784	0	-5.21207	-10.864	0.2	25.8022	-0.579102	-0.737305	-0.347168	201	255
[5353]	1388	1784	0	-5.24884	-10.8565	0.2	25.7808	-0.712891	0.606934	-0.350586	201	255
[5354]	1383	1784	0	-5.21406	-10.8455	0.2	25.7984	-0.79834	0.587402	-0.131836	201	255
[5355]	1391	1785	0	-5.2215	-10.8591	0.2	25.8149	0.84668	-0.516113	-0.13147	201	255
[5356]	1385	1785	0	-5.19034	-10.8408	0.2	25.8132	0.0244293	0.187866	-0.981934	201	255
[5357]	1387	1785	0	-5.22071	-10.8371	0.2	25.8068	0.4646	0.885254	0.0263214	201	255
[5358]	1392	1786	0	-5.25646	-10.8402	0.2	25.7892	0.40625	0.911133	-0.0681763	201	255
[5359]	1391	1786	0	-5.2215	-10.8591	0.2	25.8149	0.84668	-0.516113	-0.13147	201	255
[5360]	1387	1786	0	-5.22071	-10.8371	0.2	25.8068	0.4646	0.885254	0.0263214	201	255
[5361]	1391	1787	0	-5.2215	-10.8591	0.2	25.8149	0.84668	-0.516113	-0.13147	201	255
[5362]	1392	1787	0	-5.25646	-10.8402	0.2	25.7892	0.40625	0.911133	-0.0681763	201	255
[5363]	1393	1787	0	-5.262	-10.8718	0.2	25.7987	0.808594	-0.569824	0.148438	201	255
[5364]	1389	1788	0	-5.2473	-10.8794	0.2	25.778	-0.670898	-0.643555	-0.368408	201	255
[5365]	1391	1788	0	-5.2215	-10.8591	0.2	25.8149	0.84668	-0.516113	-0.13147	201	255
[5366]	1393	1788	0	-5.262	-10.8718	0.2	25.7987	0.808594	-0.569824	0.148438	201	255
[5367]	1393	1789	0	-5.262	-10.8718	0.2	25.7987	0.808594	-0.569824	0.148438	201	255
[5368]	1394	1789	0	-5.28314	-10.8861	0.2	25.7409	-0.472412	-0.831055	-0.293945	201	255
[5369]	1389	1789	0	-5.2473	-10.8794	0.2	25.778	-0.670898	-0.643555	-0.368408	201	255
[5370]	1397	1790	0	-5.27646	-10.8502	0.2	25.7446	-0.554688	0.507324	-0.659668	201	255
[5371]	1389	1790	0	-5.2473	-10.8794	0.2	25.778	-0.670898	-0.643555	-0.368408	201	255
[5372]	1394	1790	0	-5.28314	-10.8861	0.2	25.7409	-0.472412	-0.831055	-0.293945	201	255
[5373]	1389	1791	0	-5.2473	-10.8794	0.2	25.778	-0.670898	-0.643555	-0.368408	201	255
[5374]	1397	1791	0	-5.27646	-10.8502	0.2	25.7446	-0.554688	0.507324	-0.659668	201	255
[5375]	1388	1791	0	-5.24884	-10.8565	0.2	25.7808	-0.712891	0.606934	-0.350586	201	255
[5376]	1387	1792	0	-5.22071	-10.8371	0.2	25.8068	0.4646	0.885254	0.0263214	201	255
[5377]	1385	1792	0	-5.19034	-10.8408	0.2	25.8132	0.0244293	0.187866	-0.981934	201	255
[5378]	1390	1792	0	-5.21406	-10.8455	0.2	25.7984	-0.79834	0.587402	-0.131836	201	255
[5379]	1386	1793	0	-5.24884	-10.8565	0.2	25.7808	-0.712891	0.606934	-0.350586	201	255
[5380]	1387	1793	0	-5.22071	-10.8371	0.2	25.8068	0.4646	0.885254	0.0263214	201	255
[5381]	1390	1793	0	-5.21406	-10.8455	0.2	25.7984	-0.79834	0.587402	-0.131836	201	255
[5382]	1387	1794	0	-5.22071	-10.8371	0.2	25.8068	0.4646	0.885254	0.0263214	201	255
[5383]	1386	1794	0	-5.24884	-10.8565	0.2	25.7808	-0.712891	0.606934	-0.350586	201	255
[5384]	1392	1794	0	-5.25646	-10.8402	0.2	25.7892	0.40625	0.911133	-0.0681763	201	255
[5385]	1395	1795	0	-5.27646	-10.8502	0.2	25.7446	-0.554688	0.507324	-0.659668	201	255
[5386]	1392	1795	0	-5.25646	-10.8402	0.2	25.7892	0.40625	0.911133	-0.0681763	201	255
[5387]	1386	1795	0	-5.24884	-10.8565	0.2	25.7808	-0.712891	0.606934	-0.350586	201	255
[5388]	1392	1796	0	-5.25646	-10.8402	0.2	25.7892	0.40625	0.911133	-0.0681763	201	255
[5389]	1395	1796	0	-5.27646	-10.8502	0.2	25.7446	-0.554688	0.507324	-0.659668	201	255
[5390]	1399	1796	0	-5.29617	-10.8236	0.2	25.7581	0.592773	0.803711	-0.050354	201	255
[5391]	1399	1797	0	-5.29617	-10.8236	0.2	25.7581	0.592773	0.803711	-0.050354	201	255
[5392]	1393	1797	0	-5.262	-10.8718	0.2	25.7987	0.808594	-0.569824	0.148438	201	255
[5393]	1392	1797	0	-5.25646	-10.8402	0.2	25.7892	0.40625	0.911133	-0.0681763	201	255
[5394]	1393	1798	0	-5.262	-10.8718	0.2	25.7987	0.808594	-0.569824	0.148438	201	255
[5395]	1399	1798	0	-5.29617	-10.8236	0.2	25.7581	0.592773	0.803711	-0.050354	201	255
[5396]	1428	1798	0	-5.31049	-10.8704	0.2	25.7603	0.66748	-0.588867	0.456055	201	255
[5397]	1394	1799	0	-5.28314	-10.8861	0.2	25.7409	-0.472412	-0.831055	-0.293945	201	255
[5398]	1393	1799	0	-5.262	-10.8718	0.2	25.7987	0.808594	-0.569824	0.148438	201	255
[5399]	1428	1799	0	-5.31049	-10.8704	0.2	25.7603	0.66748	-0.588867	0.456055	201	255
[5400]	1428	1800	0	-5.31049	-10.8704	0.2	25.7603	0.66748	-0.588867	0.456055	201	255
[5401]	1398	1800	0	-5.31034	-10.8835	0.2	25.6923	0.40332	-0.915039	0.022171	201	255
[5402]	1394	1800	0	-5.28314	-10.8861	0.2	25.7409	-0.472412	-0.831055	-0.293945	201	255
[5403]	1396	1801	0	-5.28696	-10.841	0.2	25.7043	0.445801	-0.768066	-0.460205	201	255
[5404]	1394	1801	0	-5.28314	-10.8861	0.2	25.7409	-0.472412	-0.831055	-0.293945	201	255
[5405]	1398	1801	0	-5.31034	-10.8835	0.2	25.6923	0.40332	-0.915039	0.022171	201	255
[5406]	1394	1802	0	-5.28314	-10.8861	0.2	25.7409	-0.472412	-0.831055	-0.293945	201	255
[5407]	1396	1802	0	-5.28696	-10.841	0.2	25.7043	0.445801	-0.768066	-0.460205	201	255
[5408]	1397	1802	0	-5.27646	-10.8502	0.2	25.7446	-0.554688	0.507324	-0.659668	201	255
[5409]	1401	1803	0	-5.28696	-10.841	0.2	25.7043	0.445801	-0.768066	-0.460205	201	255
[5410]	1399	1803	0	-5.29617	-10.8236	0.2	25.7581	0.592773	0.803711	-0.050354	201	255
[5411]	1395	1803	0	-5.27646	-10.8502	0.2	25.7446	-0.554688	0.507324	-0.659668	201	255
[5412]	1399	1804	0	-5.29617	-10.8236	0.2	25.7581	0.592773	0.803711	-0.050354	201	255
[5413]	1401	1804	0	-5.28696	-10.841	0.2	25.7043	0.445801	-0.768066	-0.460205	201	255
[5414]	1429	1804	0	-5.33528	-10.7963	0.2	25.7209	0.897949	-0.308105	0.315186	201	255
[5415]	1429	1805	0	-5.33528	-10.7963	0.2	25.7209	0.897949	-0.308105	0.315186	201	255
[5416]	1428	1805	0	-5.31049	-10.8704	0.2	25.7603	0.66748	-0.588867	0.456055	201	255
[5417]	1399	1805	0	-5.29617	-10.8236	0.2	25.7581	0.592773	0.803711	-0.050354	201	255
[5418]	1428	1806	0	-5.31049	-10.8704	0.2	25.7603	0.66748	-0.588867	0.456055	201	255
[5419]	1429	1806	0	-5.33528	-10.7963	0.2	25.7209	0.897949	-0.308105	0.315186	201	255
[5420]	1400	1806	0	-5.34865	-10.8379	0.2	25.6909	0.720703	-0.624023	0.301514	201	255
[5421]	1398	1807	0	-5.31034	-10.8835	0.2	25.6923	0.40332	-0.915039	0.022171	201	255
[5422]	1428	1807	0	-5.31049	-10.8704	0.2	25.7603	0.66748	-0.588867	0.456055	201	255
[5423]	1400	1807	0	-5.34865	-10.8379	0.2	25.6909	0.720703	-0.624023	0.301514	201	255
[5424]	1432	1808	0	-5.01885	-11.4113	0.2	25.5385	-0.862793	0.49292	0.111755	201	255
[5425]	1425	1808	0	-4.97789	-11.4184	0.2	25.5387	-0.456055	0.00978851	-0.889648	201	255
[5426]	1427	1808	0	-5.01856	-11.4282	0.2	25.5401	-0.644043	-0.759766	0.0878296	201	255
[5427]	1427	1809	0	-5.01856	-11.4282	0.2	25.5401	-0.644043	-0.759766	0.0878296	201	255
[5428]	1425	1809	0	-4.97789	-11.4184	0.2	25.5387	-0.456055	0.00978851	-0.889648	201	255
[5429]	1426	1809	0	-5.0163	-11.417	0.2	25.5662	0.812988	-0.2854	-0.507812	201	255
[5430]	1426	1810	0	-5.0163	-11.417	0.2	25.5662	0.812988	-0.2854	-0.507812	201	255
[5431]	1430	1810	0	-5.0645	-11.4279	0.2	25.5334	-0.576172	-0.796387	0.184692	201	255
[5432]	1427	1810	0	-5.01856	-11.4282	0.2	25.5401	-0.644043	-0.759766	0.0878296	201	255
[5433]	1430	1811	0	-5.0645	-11.4279	0.2	25.5334	-0.576172	-0.796387	0.184692	201	255
[5434]	1432	1811	0	-5.01885	-11.4113	0.2	25.5385	-0.862793	0.49292	0.111755	201	255
[5435]	1427	1811	0	-5.01856	-11.4282	0.2	25.5401	-0.644043	-0.759766	0.0878296	201	255
[5436]	1432	1812	0	-5.01885	-11.4113	0.2	25.5385	-0.862793	0.49292	0.111755	201	255
[5437]	1430	1812	0	-5.0645	-11.4279	0.2	25.5334	-0.576172	-0.796387	0.184692	201	255
[5438]	1433	1812	0	-5.06489	-11.3943	0.2	25.5325	-0.868164	0.46582	-0.171631	201	255
[5439]	1437	1813	0	-5.11845	-11.3982	0.2	25.502	-0.522949	-0.845215	0.110657	201	255
[5440]	1433	1813	0	-5.06489	-11.3943	0.2	25.5325	-0.868164	0.46582	-0.171631	201	255
[5441]	1430	1813	0	-5.0645	-11.4279	0.2	25.5334	-0.576172	-0.796387	0.184692	201	255
[5442]	1433	1814	0	-5.06489	-11.3943	0.2	25.5325	-0.868164	0.46582	-0.171631	201	255
[5443]	1437	1814	0	-5.11845	-11.3982	0.2	25.502	-0.522949	-0.845215	0.110657	201	255
[5444]	1439	1814	0	-5.10573	-11.3561	0.2	25.5043	-0.76123	0.320557	-0.563477	201	255
[5445]	1437	1815	0	-5.11845	-11.3982	0.2	25.502	-0.522949	-0.845215	0.110657	201	255
[5446]	1434	1815	0	-5.12978	-11.3129	0.2	25.4635	0.243774	-0.757324	-0.605957	201	255
[5447]	1439	1815	0	-5.10573	-11.3561	0.2	25.5043	-0.76123	0.320557	-0.563477	201	255
[5448]	1434	1816	0	-5.12978	-11.3129	0.2	25.4635	0.243774	-0.757324	-0.605957	201	255
[5449]	1437	1816	0	-5.11845	-11.3982	0.2	25.502	-0.522949	-0.845215	0.110657	201	255
[5450]	1440	1816	0	-5.16873	-11.3669	0.2	25.4538	0.32666	-0.93457	0.139648	201	255
[5451]	1426	1817	0	-5.0163	-11.417	0.2	25.5662	0.812988	-0.2854	-0.507812	201	255
[5452]	1425	1817	0	-4.97789	-11.4184	0.2	25.5387	-0.456055	0.00978851	-0.889648	201	255
[5453]	1424	1817	0	-5.01793	-11.4007	0.2	25.5464	0.0315247	0.975098	-0.220581	201	255
[5454]	1424	1818	0	-5.01793	-11.4007	0.2	25.5464	0.0315247	0.975098	-0.220581	201	255
[5455]	1435	1818	0	-5.07373	-11.4013	0.2	25.5673	0.959473	-0.275391	-0.0648193	201	255
[5456]	1426	1818	0	-5.0163	-11.417	0.2	25.5662	0.812988	-0.2854	-0.507812	201	255
[5457]	1430	1819	0	-5.0645	-11.4279	0.2	25.5334	-0.576172	-0.796387	0.184692	201	255
[5458]	1426	1819	0	-5.0163	-11.417	0.2	25.5662	0.812988	-0.2854	-0.507812	201	255
[5459]	1435	1819	0	-5.07373	-11.4013	0.2	25.5673	0.959473	-0.275391	-0.0648193	201	255
[5460]	1435	1820	0	-5.07373	-11.4013	0.2	25.5673	0.959473	-0.275391	-0.0648193	201	255
[5461]	1437	1820	0	-5.11845	-11.3982	0.2	25.502	-0.522949	-0.845215	0.110657	201	255
[5462]	1430	1820	0	-5.0645	-11.4279	0.2	25.5334	-0.576172	-0.796387	0.184692	201	255
[5463]	1437	1821	0	-5.11845	-11.3982	0.2	25.502	-0.522949	-0.845215	0.110657	201	255
[5464]	1435	1821	0	-5.07373	-11.4013	0.2	25.5673	0.959473	-0.275391	-0.0648193	201	255
[5465]	1446	1821	0	-5.13738	-11.3616	0.2	25.5395	0.895508	-0.375977	0.237427	201	255
[5466]	1446	1822	0	-5.13738	-11.3616	0.2	25.5395	0.895508	-0.375977	0.237427	201	255
[5467]	1440	1822	0	-5.16873	-11.3669	0.2	25.4538	0.32666	-0.93457	0.139648	201	255
[5468]	1437	1822	0	-5.11845	-11.3982	0.2	25.502	-0.522949	-0.845215	0.110657	201	255
[5469]	1440	1823	0	-5.16873	-11.3669	0.2	25.4538	0.32666	-0.93457	0.139648	201	255
[5470]	1446	1823	0	-5.13738	-11.3616	0.2	25.5395	0.895508	-0.375977	0.237427	201	255
[5471]	1443	1823	0	-5.20078	-11.304	0.2	25.474	0.707031	-0.680664	0.19165	201	255
[5472]	1446	1824	0	-5.13738	-11.3616	0.2	25.5395	0.895508	-0.375977	0.237427	201	255
[5473]	1448	1824	0	-5.16691	-11.2579	0.2	25.4937	0.865234	-0.5	-0.0380249	201	255
[5474]	1443	1824	0	-5.20078	-11.304	0.2	25.474	0.707031	-0.680664	0.19165	201	255
[5475]	1448	1825	0	-5.16691	-11.2579	0.2	25.4937	0.865234	-0.5	-0.0380249	201	255
[5476]	1446	1825	0	-5.13738	-11.3616	0.2	25.5395	0.895508	-0.375977	0.237427	201	255
[5477]	1442	1825	0	-5.11538	-11.321	0.2	25.5247	0.439941	0.705566	-0.555664	201	255
[5478]	1442	1826	0	-5.11538	-11.321	0.2	25.5247	0.439941	0.705566	-0.555664	201	255
[5479]	1444	1826	0	-5.12978	-11.3129	0.2	25.4635	0.243774	-0.757324	-0.605957	201	255
[5480]	1448	1826	0	-5.16691	-11.2579	0.2	25.4937	0.865234	-0.5	-0.0380249	201	255
[5481]	1424	1827	0	-5.01793	-11.4007	0.2	25.5464	0.0315247	0.975098	-0.220581	201	255
[5482]	1425	1827	0	-4.97789	-11.4184	0.2	25.5387	-0.456055	0.00978851	-0.889648	201	255
[5483]	1431	1827	0	-5.01885	-11.4113	0.2	25.5385	-0.862793	0.49292	0.111755	201	255
[5484]	1436	1828	0	-5.06489	-11.3943	0.2	25.5325	-0.868164	0.46582	-0.171631	201	255
[5485]	1424	1828	0	-5.01793	-11.4007	0.2	25.5464	0.0315247	0.975098	-0.220581	201	255
[5486]	1431	1828	0	-5.01885	-11.4113	0.2	25.5385	-0.862793	0.49292	0.111755	201	255
[5487]	1424	1829	0	-5.01793	-11.4007	0.2	25.5464	0.0315247	0.975098	-0.220581	201	255
[5488]	1436	1829	0	-5.06489	-11.3943	0.2	25.5325	-0.868164	0.46582	-0.171631	201	255
[5489]	1441	1829	0	-5.06751	-11.3759	0.2	25.5432	0.131592	0.900879	-0.414062	201	255
[5490]	1435	1830	0	-5.07373	-11.4013	0.2	25.5673	0.959473	-0.275391	-0.0648193	201	255
[5491]	1424	1830	0	-5.01793	-11.4007	0.2	25.5464	0.0315247	0.975098	-0.220581	201	255
[5492]	1441	1830	0	-5.06751	-11.3759	0.2	25.5432	0.131592	0.900879	-0.414062	201	255
[5493]	1441	1831	0	-5.06751	-11.3759	0.2	25.5432	0.131592	0.900879	-0.414062	201	255
[5494]	1446	1831	0	-5.13738	-11.3616	0.2	25.5395	0.895508	-0.375977	0.237427	201	255
[5495]	1435	1831	0	-5.07373	-11.4013	0.2	25.5673	0.959473	-0.275391	-0.0648193	201	255
[5496]	1446	1832	0	-5.13738	-11.3616	0.2	25.5395	0.895508	-0.375977	0.237427	201	255
[5497]	1441	1832	0	-5.06751	-11.3759	0.2	25.5432	0.131592	0.900879	-0.414062	201	255
[5498]	1442	1832	0	-5.11538	-11.321	0.2	25.5247	0.439941	0.705566	-0.555664	201	255
[5499]	1441	1833	0	-5.06751	-11.3759	0.2	25.5432	0.131592	0.900879	-0.414062	201	255
[5500]	1438	1833	0	-5.10573	-11.3561	0.2	25.5043	-0.76123	0.320557	-0.563477	201	255
[5501]	1442	1833	0	-5.11538	-11.321	0.2	25.5247	0.439941	0.705566	-0.555664	201	255
[5502]	1444	1834	0	-5.12978	-11.3129	0.2	25.4635	0.243774	-0.757324	-0.605957	201	255
[5503]	1442	1834	0	-5.11538	-11.321	0.2	25.5247	0.439941	0.705566	-0.555664	201	255
[5504]	1438	1834	0	-5.10573	-11.3561	0.2	25.5043	-0.76123	0.320557	-0.563477	201	255
[5505]	1438	1835	0	-5.10573	-11.3561	0.2	25.5043	-0.76123	0.320557	-0.563477	201	255
[5506]	1441	1835	0	-5.06751	-11.3759	0.2	25.5432	0.131592	0.900879	-0.414062	201	255
[5507]	1436	1835	0	-5.06489	-11.3943	0.2	25.5325	-0.868164	0.46582	-0.171631	201	255
[5508]	1447	1836	0	-5.34115	-11.4145	0.2	25.498	-0.55127	0.8125	-0.188965	201	255
[5509]	1449	1836	0	-5.30526	-11.4365	0.2	25.4953	-0.356689	-0.117615	-0.926758	201	255
[5510]	1445	1836	0	-5.34272	-11.4282	0.2	25.4934	-0.954102	-0.270264	0.129395	201	255
[5511]	1445	1837	0	-5.34272	-11.4282	0.2	25.4934	-0.954102	-0.270264	0.129395	201	255
[5512]	1449	1837	0	-5.30526	-11.4365	0.2	25.4953	-0.356689	-0.117615	-0.926758	201	255
[5513]	1455	1837	0	-5.34579	-11.4373	0.2	25.5083	0.350586	-0.936523	-0.00141811	201	255
[5514]	1455	1838	0	-5.34579	-11.4373	0.2	25.5083	0.350586	-0.936523	-0.00141811	201	255
[5515]	1454	1838	0	-5.38077	-11.4088	0.2	25.4822	-0.916504	-0.399414	0.0271912	201	255
[5516]	1445	1838	0	-5.34272	-11.4282	0.2	25.4934	-0.954102	-0.270264	0.129395	201	255
[5517]	1451	1839	0	-5.37701	-11.3873	0.2	25.4902	-0.539062	0.693359	-0.478027	201	255
[5518]	1445	1839	0	-5.34272	-11.4282	0.2	25.4934	-0.954102	-0.270264	0.129395	201	255
[5519]	1454	1839	0	-5.38077	-11.4088	0.2	25.4822	-0.916504	-0.399414	0.0271912	201	255
[5520]	1445	1840	0	-5.34272	-11.4282	0.2	25.4934	-0.954102	-0.270264	0.129395	201	255
[5521]	1451	1840	0	-5.37701	-11.3873	0.2	25.4902	-0.539062	0.693359	-0.478027	201	255
[5522]	1447	1840	0	-5.34115	-11.4145	0.2	25.498	-0.55127	0.8125	-0.188965	201	255
[5523]	1455	1841	0	-5.34579	-11.4373	0.2	25.5083	0.350586	-0.936523	-0.00141811	201	255
[5524]	1449	1841	0	-5.30526	-11.4365	0.2	25.4953	-0.356689	-0.117615	-0.926758	201	255
[5525]	1452	1841	0	-5.34045	-11.4096	0.2	25.5115	0.725586	0.465576	-0.506836	201	255
[5526]	1457	1842	0	-5.38095	-11.3782	0.2	25.508	0.810547	0.433838	-0.393799	201	255
[5527]	1455	1842	0	-5.34579	-11.4373	0.2	25.5083	0.350586	-0.936523	-0.00141811	201	255
[5528]	1452	1842	0	-5.34045	-11.4096	0.2	25.5115	0.725586	0.465576	-0.506836	201	255
[5529]	1455	1843	0	-5.34579	-11.4373	0.2	25.5083	0.350586	-0.936523	-0.00141811	201	255
[5530]	1457	1843	0	-5.38095	-11.3782	0.2	25.508	0.810547	0.433838	-0.393799	201	255
[5531]	1456	1843	0	-5.39068	-11.4125	0.2	25.502	0.470459	-0.82373	0.315918	201	255
[5532]	1454	1844	0	-5.38077	-11.4088	0.2	25.4822	-0.916504	-0.399414	0.0271912	201	255
[5533]	1455	1844	0	-5.34579	-11.4373	0.2	25.5083	0.350586	-0.936523	-0.00141811	201	255
[5534]	1456	1844	0	-5.39068	-11.4125	0.2	25.502	0.470459	-0.82373	0.315918	201	255
[5535]	1456	1845	0	-5.39068	-11.4125	0.2	25.502	0.470459	-0.82373	0.315918	201	255
[5536]	1458	1845	0	-5.41495	-11.38	0.2	25.4585	-0.767578	-0.63916	-0.0405273	201	255
[5537]	1454	1845	0	-5.38077	-11.4088	0.2	25.4822	-0.916504	-0.399414	0.0271912	201	255
[5538]	1461	1846	0	-5.40316	-11.3444	0.2	25.4693	-0.432129	0.502441	-0.748535	201	255
[5539]	1454	1846	0	-5.38077	-11.4088	0.2	25.4822	-0.916504	-0.399414	0.0271912	201	255
[5540]	1458	1846	0	-5.41495	-11.38	0.2	25.4585	-0.767578	-0.63916	-0.0405273	201	255
[5541]	1454	1847	0	-5.38077	-11.4088	0.2	25.4822	-0.916504	-0.399414	0.0271912	201	255
[5542]	1461	1847	0	-5.40316	-11.3444	0.2	25.4693	-0.432129	0.502441	-0.748535	201	255
[5543]	1451	1847	0	-5.37701	-11.3873	0.2	25.4902	-0.539062	0.693359	-0.478027	201	255
[5544]	1452	1848	0	-5.34045	-11.4096	0.2	25.5115	0.725586	0.465576	-0.506836	201	255
[5545]	1449	1848	0	-5.30526	-11.4365	0.2	25.4953	-0.356689	-0.117615	-0.926758	201	255
[5546]	1453	1848	0	-5.34115	-11.4145	0.2	25.498	-0.55127	0.8125	-0.188965	201	255
[5547]	1450	1849	0	-5.37701	-11.3873	0.2	25.4902	-0.539062	0.693359	-0.478027	201	255
[5548]	1452	1849	0	-5.34045	-11.4096	0.2	25.5115	0.725586	0.465576	-0.506836	201	255
[5549]	1453	1849	0	-5.34115	-11.4145	0.2	25.498	-0.55127	0.8125	-0.188965	201	255
[5550]	1452	1850	0	-5.34045	-11.4096	0.2	25.5115	0.725586	0.465576	-0.506836	201	255
[5551]	1450	1850	0	-5.37701	-11.3873	0.2	25.4902	-0.539062	0.693359	-0.478027	201	255
[5552]	1457	1850	0	-5.38095	-11.3782	0.2	25.508	0.810547	0.433838	-0.393799	201	255
[5553]	1459	1851	0	-5.40316	-11.3444	0.2	25.4693	-0.432129	0.502441	-0.748535	201	255
[5554]	1457	1851	0	-5.38095	-11.3782	0.2	25.508	0.810547	0.433838	-0.393799	201	255
[5555]	1450	1851	0	-5.37701	-11.3873	0.2	25.4902	-0.539062	0.693359	-0.478027	201	255
[5556]	1457	1852	0	-5.38095	-11.3782	0.2	25.508	0.810547	0.433838	-0.393799	201	255
[5557]	1459	1852	0	-5.40316	-11.3444	0.2	25.4693	-0.432129	0.502441	-0.748535	201	255
[5558]	1463	1852	0	-5.41731	-11.333	0.2	25.4913	0.882324	0.398926	-0.250732	201	255
[5559]	1463	1853	0	-5.41731	-11.333	0.2	25.4913	0.882324	0.398926	-0.250732	201	255
[5560]	1456	1853	0	-5.39068	-11.4125	0.2	25.502	0.470459	-0.82373	0.315918	201	255
[5561]	1457	1853	0	-5.38095	-11.3782	0.2	25.508	0.810547	0.433838	-0.393799	201	255
[5562]	1456	1854	0	-5.39068	-11.4125	0.2	25.502	0.470459	-0.82373	0.315918	201	255
[5563]	1463	1854	0	-5.41731	-11.333	0.2	25.4913	0.882324	0.398926	-0.250732	201	255
[5564]	1474	1854	0	-5.4352	-11.3711	0.2	25.4814	0.548828	-0.643555	0.533203	201	255
[5565]	1458	1855	0	-5.41495	-11.38	0.2	25.4585	-0.767578	-0.63916	-0.0405273	201	255
[5566]	1456	1855	0	-5.39068	-11.4125	0.2	25.502	0.470459	-0.82373	0.315918	201	255
[5567]	1474	1855	0	-5.4352	-11.3711	0.2	25.4814	0.548828	-0.643555	0.533203	201	255
[5568]	1474	1856	0	-5.4352	-11.3711	0.2	25.4814	0.548828	-0.643555	0.533203	201	255
[5569]	1462	1856	0	-5.44227	-11.3576	0.2	25.4215	0.304199	-0.936035	0.176758	201	255
[5570]	1458	1856	0	-5.41495	-11.38	0.2	25.4585	-0.767578	-0.63916	-0.0405273	201	255
[5571]	1460	1857	0	-5.41576	-11.3043	0.2	25.4416	0.606445	-0.371338	-0.703125	201	255
[5572]	1458	1857	0	-5.41495	-11.38	0.2	25.4585	-0.767578	-0.63916	-0.0405273	201	255
[5573]	1462	1857	0	-5.44227	-11.3576	0.2	25.4215	0.304199	-0.936035	0.176758	201	255
[5574]	1458	1858	0	-5.41495	-11.38	0.2	25.4585	-0.767578	-0.63916	-0.0405273	201	255
[5575]	1460	1858	0	-5.41576	-11.3043	0.2	25.4416	0.606445	-0.371338	-0.703125	201	255
[5576]	1461	1858	0	-5.40316	-11.3444	0.2	25.4693	-0.432129	0.502441	-0.748535	201	255
[5577]	1465	1859	0	-5.41576	-11.3043	0.2	25.4416	0.606445	-0.371338	-0.703125	201	255
[5578]	1463	1859	0	-5.41731	-11.333	0.2	25.4913	0.882324	0.398926	-0.250732	201	255
[5579]	1459	1859	0	-5.40316	-11.3444	0.2	25.4693	-0.432129	0.502441	-0.748535	201	255
[5580]	1463	1860	0	-5.41731	-11.333	0.2	25.4913	0.882324	0.398926	-0.250732	201	255
[5581]	1465	1860	0	-5.41576	-11.3043	0.2	25.4416	0.606445	-0.371338	-0.703125	201	255
[5582]	1469	1860	0	-5.44977	-11.2681	0.2	25.4575	0.955078	-0.294434	-0.0278778	201	255
[5583]	1469	1861	0	-5.44977	-11.2681	0.2	25.4575	0.955078	-0.294434	-0.0278778	201	255
[5584]	1474	1861	0	-5.4352	-11.3711	0.2	25.4814	0.548828	-0.643555	0.533203	201	255
[5585]	1463	1861	0	-5.41731	-11.333	0.2	25.4913	0.882324	0.398926	-0.250732	201	255
[5586]	1474	1862	0	-5.4352	-11.3711	0.2	25.4814	0.548828	-0.643555	0.533203	201	255
[5587]	1469	1862	0	-5.44977	-11.2681	0.2	25.4575	0.955078	-0.294434	-0.0278778	201	255
[5588]	1464	1862	0	-5.47362	-11.2994	0.2	25.4424	0.709961	-0.623047	0.329102	201	255
[5589]	1462	1863	0	-5.44227	-11.3576	0.2	25.4215	0.304199	-0.936035	0.176758	201	255
[5590]	1474	1863	0	-5.4352	-11.3711	0.2	25.4814	0.548828	-0.643555	0.533203	201	255
[5591]	1464	1863	0	-5.47362	-11.2994	0.2	25.4424	0.709961	-0.623047	0.329102	201	255
[5592]	1470	1864	0	-5.33328	-11.0354	0.2	25.7233	-0.529785	0.842773	-0.0963745	201	255
[5593]	1473	1864	0	-5.29032	-11.037	0.2	25.7311	-0.0637817	0.174438	-0.982422	201	255
[5594]	1467	1864	0	-5.32932	-11.0565	0.2	25.7181	-0.865723	-0.423096	-0.267334	201	255
[5595]	1467	1865	0	-5.32932	-11.0565	0.2	25.7181	-0.865723	-0.423096	-0.267334	201	255
[5596]	1473	1865	0	-5.29032	-11.037	0.2	25.7311	-0.0637817	0.174438	-0.982422	201	255
[5597]	1477	1865	0	-5.33688	-11.057	0.2	25.7357	0.525391	-0.844727	-0.102112	201	255
[5598]	1477	1866	0	-5.33688	-11.057	0.2	25.7357	0.525391	-0.844727	-0.102112	201	255
[5599]	1475	1866	0	-5.36821	-11.0627	0.2	25.693	-0.786621	-0.55957	-0.260498	201	255
[5600]	1467	1866	0	-5.32932	-11.0565	0.2	25.7181	-0.865723	-0.423096	-0.267334	201	255
[5601]	1475	1867	0	-5.36821	-11.0627	0.2	25.693	-0.786621	-0.55957	-0.260498	201	255
[5602]	1470	1867	0	-5.33328	-11.0354	0.2	25.7233	-0.529785	0.842773	-0.0963745	201	255
[5603]	1467	1867	0	-5.32932	-11.0565	0.2	25.7181	-0.865723	-0.423096	-0.267334	201	255
[5604]	1470	1868	0	-5.33328	-11.0354	0.2	25.7233	-0.529785	0.842773	-0.0963745	201	255
[5605]	1475	1868	0	-5.36821	-11.0627	0.2	25.693	-0.786621	-0.55957	-0.260498	201	255
[5606]	1472	1868	0	-5.37232	-11.0321	0.2	25.7	-0.530273	0.712402	-0.459961	201	255
[5607]	1475	1869	0	-5.36821	-11.0627	0.2	25.693	-0.786621	-0.55957	-0.260498	201	255
[5608]	1478	1869	0	-5.4005	-11.0023	0.2	25.6669	-0.203003	0.5625	-0.80127	201	255
[5609]	1472	1869	0	-5.37232	-11.0321	0.2	25.7	-0.530273	0.712402	-0.459961	201	255
[5610]	1478	1870	0	-5.4005	-11.0023	0.2	25.6669	-0.203003	0.5625	-0.80127	201	255
[5611]	1475	1870	0	-5.36821	-11.0627	0.2	25.693	-0.786621	-0.55957	-0.260498	201	255
[5612]	1481	1870	0	-5.40043	-11.0503	0.2	25.6491	-0.653809	-0.688477	-0.313477	201	255
[5613]	1481	1871	0	-5.40043	-11.0503	0.2	25.6491	-0.653809	-0.688477	-0.313477	201	255
[5614]	1482	1871	0	-5.40324	-10.9625	0.2	25.6159	0.54834	-0.586914	-0.595703	201	255
[5615]	1478	1871	0	-5.4005	-11.0023	0.2	25.6669	-0.203003	0.5625	-0.80127	201	255
[5616]	1482	1872	0	-5.40324	-10.9625	0.2	25.6159	0.54834	-0.586914	-0.595703	201	255
[5617]	1481	1872	0	-5.40043	-11.0503	0.2	25.6491	-0.653809	-0.688477	-0.313477	201	255
[5618]	1483	1872	0	-5.41965	-11.0219	0.2	25.584	-0.0351868	-0.96582	-0.257568	201	255
[5619]	1477	1873	0	-5.33688	-11.057	0.2	25.7357	0.525391	-0.844727	-0.102112	201	255
[5620]	1473	1873	0	-5.29032	-11.037	0.2	25.7311	-0.0637817	0.174438	-0.982422	201	255
[5621]	1466	1873	0	-5.3379	-11.0258	0.2	25.7393	0.817383	0.569824	-0.0834961	201	255
[5622]	1471	1874	0	-5.38283	-11.0108	0.2	25.7171	0.775879	0.621094	-0.111389	201	255
[5623]	1477	1874	0	-5.33688	-11.057	0.2	25.7357	0.525391	-0.844727	-0.102112	201	255
[5624]	1466	1874	0	-5.3379	-11.0258	0.2	25.7393	0.817383	0.569824	-0.0834961	201	255
[5625]	1477	1875	0	-5.33688	-11.057	0.2	25.7357	0.525391	-0.844727	-0.102112	201	255
[5626]	1471	1875	0	-5.38283	-11.0108	0.2	25.7171	0.775879	0.621094	-0.111389	201	255
[5627]	1476	1875	0	-5.38569	-11.0553	0.2	25.7134	0.543945	-0.781738	0.304932	201	255
[5628]	1475	1876	0	-5.36821	-11.0627	0.2	25.693	-0.786621	-0.55957	-0.260498	201	255
[5629]	1477	1876	0	-5.33688	-11.057	0.2	25.7357	0.525391	-0.844727	-0.102112	201	255
[5630]	1476	1876	0	-5.38569	-11.0553	0.2	25.7134	0.543945	-0.781738	0.304932	201	255
[5631]	1476	1877	0	-5.38569	-11.0553	0.2	25.7134	0.543945	-0.781738	0.304932	201	255
[5632]	1481	1877	0	-5.40043	-11.0503	0.2	25.6491	-0.653809	-0.688477	-0.313477	201	255
[5633]	1475	1877	0	-5.36821	-11.0627	0.2	25.693	-0.786621	-0.55957	-0.260498	201	255
[5634]	1481	1878	0	-5.40043	-11.0503	0.2	25.6491	-0.653809	-0.688477	-0.313477	201	255
[5635]	1476	1878	0	-5.38569	-11.0553	0.2	25.7134	0.543945	-0.781738	0.304932	201	255
[5636]	1492	1878	0	-5.43131	-11.0329	0.2	25.6701	0.392578	-0.687012	0.611816	201	255
[5637]	1492	1879	0	-5.43131	-11.0329	0.2	25.6701	0.392578	-0.687012	0.611816	201	255
[5638]	1483	1879	0	-5.41965	-11.0219	0.2	25.584	-0.0351868	-0.96582	-0.257568	201	255
[5639]	1481	1879	0	-5.40043	-11.0503	0.2	25.6491	-0.653809	-0.688477	-0.313477	201	255
[5640]	1483	1880	0	-5.41965	-11.0219	0.2	25.584	-0.0351868	-0.96582	-0.257568	201	255
[5641]	1492	1880	0	-5.43131	-11.0329	0.2	25.6701	0.392578	-0.687012	0.611816	201	255
[5642]	1485	1880	0	-5.46936	-10.9765	0.2	25.6097	0.533691	-0.764648	0.36084	201	255
[5643]	1492	1881	0	-5.43131	-11.0329	0.2	25.6701	0.392578	-0.687012	0.611816	201	255
[5644]	1491	1881	0	-5.45471	-10.9274	0.2	25.6325	0.953613	-0.262695	0.145996	201	255
[5645]	1485	1881	0	-5.46936	-10.9765	0.2	25.6097	0.533691	-0.764648	0.36084	201	255
[5646]	1466	1882	0	-5.3379	-11.0258	0.2	25.7393	0.817383	0.569824	-0.0834961	201	255
[5647]	1473	1882	0	-5.29032	-11.037	0.2	25.7311	-0.0637817	0.174438	-0.982422	201	255
[5648]	1468	1882	0	-5.33328	-11.0354	0.2	25.7233	-0.529785	0.842773	-0.0963745	201	255
[5649]	1480	1883	0	-5.37232	-11.0321	0.2	25.7	-0.530273	0.712402	-0.459961	201	255
[5650]	1466	1883	0	-5.3379	-11.0258	0.2	25.7393	0.817383	0.569824	-0.0834961	201	255
[5651]	1468	1883	0	-5.33328	-11.0354	0.2	25.7233	-0.529785	0.842773	-0.0963745	201	255
[5652]	1466	1884	0	-5.3379	-11.0258	0.2	25.7393	0.817383	0.569824	-0.0834961	201	255
[5653]	1480	1884	0	-5.37232	-11.0321	0.2	25.7	-0.530273	0.712402	-0.459961	201	255
[5654]	1471	1884	0	-5.38283	-11.0108	0.2	25.7171	0.775879	0.621094	-0.111389	201	255
[5655]	1479	1885	0	-5.4005	-11.0023	0.2	25.6669	-0.203003	0.5625	-0.80127	201	255
[5656]	1471	1885	0	-5.38283	-11.0108	0.2	25.7171	0.775879	0.621094	-0.111389	201	255
[5657]	1480	1885	0	-5.37232	-11.0321	0.2	25.7	-0.530273	0.712402	-0.459961	201	255
[5658]	1471	1886	0	-5.38283	-11.0108	0.2	25.7171	0.775879	0.621094	-0.111389	201	255
[5659]	1479	1886	0	-5.4005	-11.0023	0.2	25.6669	-0.203003	0.5625	-0.80127	201	255
[5660]	1484	1886	0	-5.42266	-10.9723	0.2	25.6843	0.862793	0.504395	0.0332336	201	255
[5661]	1484	1887	0	-5.42266	-10.9723	0.2	25.6843	0.862793	0.504395	0.0332336	201	255
[5662]	1476	1887	0	-5.38569	-11.0553	0.2	25.7134	0.543945	-0.781738	0.304932	201	255
[5663]	1471	1887	0	-5.38283	-11.0108	0.2	25.7171	0.775879	0.621094	-0.111389	201	255
[5664]	1476	1888	0	-5.38569	-11.0553	0.2	25.7134	0.543945	-0.781738	0.304932	201	255
[5665]	1484	1888	0	-5.42266	-10.9723	0.2	25.6843	0.862793	0.504395	0.0332336	201	255
[5666]	1492	1888	0	-5.43131	-11.0329	0.2	25.6701	0.392578	-0.687012	0.611816	201	255
[5667]	1491	1889	0	-5.45471	-10.9274	0.2	25.6325	0.953613	-0.262695	0.145996	201	255
[5668]	1492	1889	0	-5.43131	-11.0329	0.2	25.6701	0.392578	-0.687012	0.611816	201	255
[5669]	1484	1889	0	-5.42266	-10.9723	0.2	25.6843	0.862793	0.504395	0.0332336	201	255
[5670]	1484	1890	0	-5.42266	-10.9723	0.2	25.6843	0.862793	0.504395	0.0332336	201	255
[5671]	1486	1890	0	-5.40324	-10.9625	0.2	25.6159	0.54834	-0.586914	-0.595703	201	255
[5672]	1491	1890	0	-5.45471	-10.9274	0.2	25.6325	0.953613	-0.262695	0.145996	201	255
[5673]	1486	1891	0	-5.40324	-10.9625	0.2	25.6159	0.54834	-0.586914	-0.595703	201	255
[5674]	1484	1891	0	-5.42266	-10.9723	0.2	25.6843	0.862793	0.504395	0.0332336	201	255
[5675]	1479	1891	0	-5.4005	-11.0023	0.2	25.6669	-0.203003	0.5625	-0.80127	201	255
[5676]	1674	1892	0	-3.9951	-10.4948	0.2	25.0139	0.479492	0.67334	-0.5625	201	255
[5677]	1705	1892	0	-3.99364	-10.5016	0.2	25.0183	0.77002	-0.162231	-0.617188	201	255
[5678]	1487	1892	0	-3.96221	-10.5077	0.2	25.0039	-0.445801	-0.085144	-0.891113	201	255
[5679]	1702	1893	0	-4.03474	-10.4624	0.2	25.0323	0.350586	0.539062	-0.765625	201	255
[5680]	1705	1893	0	-3.99364	-10.5016	0.2	25.0183	0.77002	-0.162231	-0.617188	201	255
[5681]	1674	1893	0	-3.9951	-10.4948	0.2	25.0139	0.479492	0.67334	-0.5625	201	255
[5682]	1705	1894	0	-3.99364	-10.5016	0.2	25.0183	0.77002	-0.162231	-0.617188	201	255
[5683]	1702	1894	0	-4.03474	-10.4624	0.2	25.0323	0.350586	0.539062	-0.765625	201	255
[5684]	1703	1894	0	-4.03887	-10.479	0.2	25.0443	0.604492	-0.527344	-0.59668	201	255
[5685]	1703	1895	0	-4.03887	-10.479	0.2	25.0443	0.604492	-0.527344	-0.59668	201	255
[5686]	1700	1895	0	-3.99939	-10.5169	0.2	25.0085	-0.47998	-0.847656	0.22522	201	255
[5687]	1705	1895	0	-3.99364	-10.5016	0.2	25.0183	0.77002	-0.162231	-0.617188	201	255
[5688]	1705	1896	0	-3.99364	-10.5016	0.2	25.0183	0.77002	-0.162231	-0.617188	201	255
[5689]	1700	1896	0	-3.99939	-10.5169	0.2	25.0085	-0.47998	-0.847656	0.22522	201	255
[5690]	1487	1896	0	-3.96221	-10.5077	0.2	25.0039	-0.445801	-0.085144	-0.891113	201	255
[5691]	1700	1897	0	-3.99939	-10.5169	0.2	25.0085	-0.47998	-0.847656	0.22522	201	255
[5692]	1699	1897	0	-3.99646	-10.4895	0.2	25.0086	-0.51709	0.852539	-0.0778198	201	255
[5693]	1487	1897	0	-3.96221	-10.5077	0.2	25.0039	-0.445801	-0.085144	-0.891113	201	255
[5694]	1699	1898	0	-3.99646	-10.4895	0.2	25.0086	-0.51709	0.852539	-0.0778198	201	255
[5695]	1707	1898	0	-3.9951	-10.4948	0.2	25.0139	0.479492	0.67334	-0.5625	201	255
[5696]	1487	1898	0	-3.96221	-10.5077	0.2	25.0039	-0.445801	-0.085144	-0.891113	201	255
[5697]	1699	1899	0	-3.99646	-10.4895	0.2	25.0086	-0.51709	0.852539	-0.0778198	201	255
[5698]	1710	1899	0	-4.03474	-10.4624	0.2	25.0323	0.350586	0.539062	-0.765625	201	255
[5699]	1707	1899	0	-3.9951	-10.4948	0.2	25.0139	0.479492	0.67334	-0.5625	201	255
[5700]	1710	1900	0	-4.03474	-10.4624	0.2	25.0323	0.350586	0.539062	-0.765625	201	255
[5701]	1699	1900	0	-3.99646	-10.4895	0.2	25.0086	-0.51709	0.852539	-0.0778198	201	255
[5702]	1715	1900	0	-4.0395	-10.4482	0.2	25.0159	-0.70752	0.703613	-0.0638428	201	255
[5703]	1715	1901	0	-4.0395	-10.4482	0.2	25.0159	-0.70752	0.703613	-0.0638428	201	255
[5704]	1714	1901	0	-4.06067	-10.4171	0.2	25.0595	0.148315	0.37085	-0.916992	201	255
[5705]	1710	1901	0	-4.03474	-10.4624	0.2	25.0323	0.350586	0.539062	-0.765625	201	255
[5706]	1704	1902	0	-4.06067	-10.4171	0.2	25.0595	0.147949	0.368896	-0.917969	201	255
[5707]	1703	1902	0	-4.03887	-10.479	0.2	25.0443	0.604492	-0.527344	-0.59668	201	255
[5708]	1702	1902	0	-4.03474	-10.4624	0.2	25.0323	0.350586	0.539062	-0.765625	201	255
[5709]	1703	1903	0	-4.03887	-10.479	0.2	25.0443	0.604492	-0.527344	-0.59668	201	255
[5710]	1704	1903	0	-4.06067	-10.4171	0.2	25.0595	0.147949	0.368896	-0.917969	201	255
[5711]	1709	1903	0	-4.08239	-10.4465	0.2	25.0795	0.455322	-0.852051	-0.258545	201	255
[5712]	1709	1904	0	-4.08239	-10.4465	0.2	25.0795	0.455322	-0.852051	-0.258545	201	255
[5713]	1706	1904	0	-4.05044	-10.4932	0.2	25.0251	-0.418945	-0.745605	0.518066	201	255
[5714]	1703	1904	0	-4.03887	-10.479	0.2	25.0443	0.604492	-0.527344	-0.59668	201	255
[5715]	1700	1905	0	-3.99939	-10.5169	0.2	25.0085	-0.47998	-0.847656	0.22522	201	255
[5716]	1703	1905	0	-4.03887	-10.479	0.2	25.0443	0.604492	-0.527344	-0.59668	201	255
[5717]	1706	1905	0	-4.05044	-10.4932	0.2	25.0251	-0.418945	-0.745605	0.518066	201	255
[5718]	1706	1906	0	-4.05044	-10.4932	0.2	25.0251	-0.418945	-0.745605	0.518066	201	255
[5719]	1699	1906	0	-3.99646	-10.4895	0.2	25.0086	-0.51709	0.852539	-0.0778198	201	255
[5720]	1700	1906	0	-3.99939	-10.5169	0.2	25.0085	-0.47998	-0.847656	0.22522	201	255
[5721]	1699	1907	0	-3.99646	-10.4895	0.2	25.0086	-0.51709	0.852539	-0.0778198	201	255
[5722]	1706	1907	0	-4.05044	-10.4932	0.2	25.0251	-0.418945	-0.745605	0.518066	201	255
[5723]	1715	1907	0	-4.0395	-10.4482	0.2	25.0159	-0.70752	0.703613	-0.0638428	201	255
[5724]	1706	1908	0	-4.05044	-10.4932	0.2	25.0251	-0.418945	-0.745605	0.518066	201	255
[5725]	1708	1908	0	-4.08384	-10.3935	0.2	25.0336	-0.77832	0.581543	0.238281	201	255
[5726]	1715	1908	0	-4.0395	-10.4482	0.2	25.0159	-0.70752	0.703613	-0.0638428	201	255
[5727]	1714	1909	0	-4.06067	-10.4171	0.2	25.0595	0.148315	0.37085	-0.916992	201	255
[5728]	1715	1909	0	-4.0395	-10.4482	0.2	25.0159	-0.70752	0.703613	-0.0638428	201	255
[5729]	1708	1909	0	-4.08384	-10.3935	0.2	25.0336	-0.77832	0.581543	0.238281	201	255
[5730]	1708	1910	0	-4.08384	-10.3935	0.2	25.0336	-0.77832	0.581543	0.238281	201	255
[5731]	1712	1910	0	-4.0686	-10.3702	0.2	25.0863	-0.812988	-0.569824	-0.121399	201	255
[5732]	1714	1910	0	-4.06067	-10.4171	0.2	25.0595	0.148315	0.37085	-0.916992	201	255
[5733]	1712	1911	0	-4.0686	-10.3702	0.2	25.0863	-0.812988	-0.569824	-0.121399	201	255
[5734]	1708	1911	0	-4.08384	-10.3935	0.2	25.0336	-0.77832	0.581543	0.238281	201	255
[5735]	1713	1911	0	-4.11711	-10.3253	0.2	25.0606	-0.652832	-0.378174	0.65625	201	255
[5736]	1716	1912	0	-4.10076	-10.4396	0.2	25.0533	-0.287109	-0.544922	0.788086	201	255
[5737]	1713	1912	0	-4.11711	-10.3253	0.2	25.0606	-0.652832	-0.378174	0.65625	201	255
[5738]	1708	1912	0	-4.08384	-10.3935	0.2	25.0336	-0.77832	0.581543	0.238281	201	255
[5739]	1713	1913	0	-4.11711	-10.3253	0.2	25.0606	-0.652832	-0.378174	0.65625	201	255
[5740]	1716	1913	0	-4.10076	-10.4396	0.2	25.0533	-0.287109	-0.544922	0.788086	201	255
[5741]	1711	1913	0	-4.13804	-10.3346	0.2	25.0987	-0.452148	-0.449463	0.770508	201	255
[5742]	1701	1914	0	-4.0686	-10.3702	0.2	25.0863	-0.811523	-0.57373	-0.111206	201	255
[5743]	1709	1914	0	-4.08239	-10.4465	0.2	25.0795	0.455322	-0.852051	-0.258545	201	255
[5744]	1704	1914	0	-4.06067	-10.4171	0.2	25.0595	0.147949	0.368896	-0.917969	201	255
[5745]	1709	1915	0	-4.08239	-10.4465	0.2	25.0795	0.455322	-0.852051	-0.258545	201	255
[5746]	1701	1915	0	-4.0686	-10.3702	0.2	25.0863	-0.811523	-0.57373	-0.111206	201	255
[5747]	1698	1915	0	-4.11798	-10.406	0.2	25.1133	-0.320312	-0.731934	0.601074	201	255
[5748]	1698	1916	0	-4.11798	-10.406	0.2	25.1133	-0.320312	-0.731934	0.601074	201	255
[5749]	1716	1916	0	-4.10076	-10.4396	0.2	25.0533	-0.287109	-0.544922	0.788086	201	255
[5750]	1709	1916	0	-4.08239	-10.4465	0.2	25.0795	0.455322	-0.852051	-0.258545	201	255
[5751]	1706	1917	0	-4.05044	-10.4932	0.2	25.0251	-0.418945	-0.745605	0.518066	201	255
[5752]	1709	1917	0	-4.08239	-10.4465	0.2	25.0795	0.455322	-0.852051	-0.258545	201	255
[5753]	1716	1917	0	-4.10076	-10.4396	0.2	25.0533	-0.287109	-0.544922	0.788086	201	255
[5754]	1708	1918	0	-4.08384	-10.3935	0.2	25.0336	-0.77832	0.581543	0.238281	201	255
[5755]	1706	1918	0	-4.05044	-10.4932	0.2	25.0251	-0.418945	-0.745605	0.518066	201	255
[5756]	1716	1918	0	-4.10076	-10.4396	0.2	25.0533	-0.287109	-0.544922	0.788086	201	255
[5757]	1716	1919	0	-4.10076	-10.4396	0.2	25.0533	-0.287109	-0.544922	0.788086	201	255
[5758]	1698	1919	0	-4.11798	-10.406	0.2	25.1133	-0.320312	-0.731934	0.601074	201	255
[5759]	1711	1919	0	-4.13804	-10.3346	0.2	25.0987	-0.452148	-0.449463	0.770508	201	255
[5760]	1494	1920	0	-5.33158	-11.2072	0.2	25.0289	0.686523	0.604492	-0.40332	201	255
[5761]	1495	1920	0	-5.33283	-11.235	0.2	25.0296	0.459717	-0.854492	-0.241333	201	255
[5762]	1489	1920	0	-5.29886	-11.223	0.2	25.0227	-0.0876465	-0.0267944	-0.995605	201	255
[5763]	1494	1921	0	-5.33158	-11.2072	0.2	25.0289	0.686523	0.604492	-0.40332	201	255
[5764]	1496	1921	0	-5.36538	-11.2309	0.2	25.0375	0.540039	-0.828125	-0.1521	201	255
[5765]	1495	1921	0	-5.33283	-11.235	0.2	25.0296	0.459717	-0.854492	-0.241333	201	255
[5766]	1496	1922	0	-5.36538	-11.2309	0.2	25.0375	0.540039	-0.828125	-0.1521	201	255
[5767]	1493	1922	0	-5.33344	-11.2341	0.2	25.0153	-0.825684	-0.559082	0.0762329	201	255
[5768]	1495	1922	0	-5.33283	-11.235	0.2	25.0296	0.459717	-0.854492	-0.241333	201	255
[5769]	1495	1923	0	-5.33283	-11.235	0.2	25.0296	0.459717	-0.854492	-0.241333	201	255
[5770]	1493	1923	0	-5.33344	-11.2341	0.2	25.0153	-0.825684	-0.559082	0.0762329	201	255
[5771]	1489	1923	0	-5.29886	-11.223	0.2	25.0227	-0.0876465	-0.0267944	-0.995605	201	255
[5772]	1493	1924	0	-5.33344	-11.2341	0.2	25.0153	-0.825684	-0.559082	0.0762329	201	255
[5773]	1488	1924	0	-5.33165	-11.2074	0.2	25.0155	-0.663574	0.740234	-0.110046	201	255
[5774]	1489	1924	0	-5.29886	-11.223	0.2	25.0227	-0.0876465	-0.0267944	-0.995605	201	255
[5775]	1488	1925	0	-5.33165	-11.2074	0.2	25.0155	-0.663574	0.740234	-0.110046	201	255
[5776]	1490	1925	0	-5.33158	-11.2072	0.2	25.0289	0.686523	0.604492	-0.40332	201	255
[5777]	1489	1925	0	-5.29886	-11.223	0.2	25.0227	-0.0876465	-0.0267944	-0.995605	201	255
[5778]	1488	1926	0	-5.33165	-11.2074	0.2	25.0155	-0.663574	0.740234	-0.110046	201	255
[5779]	1498	1926	0	-5.36556	-11.193	0.2	25.0344	0.615723	0.521484	-0.59082	201	255
[5780]	1490	1926	0	-5.33158	-11.2072	0.2	25.0289	0.686523	0.604492	-0.40332	201	255
[5781]	1498	1927	0	-5.36556	-11.193	0.2	25.0344	0.615723	0.521484	-0.59082	201	255
[5782]	1488	1927	0	-5.33165	-11.2074	0.2	25.0155	-0.663574	0.740234	-0.110046	201	255
[5783]	1504	1927	0	-5.36924	-11.1858	0.2	25.0186	-0.658203	0.746094	-0.0973511	201	255
[5784]	1504	1928	0	-5.36924	-11.1858	0.2	25.0186	-0.658203	0.746094	-0.0973511	201	255
[5785]	1507	1928	0	-5.39869	-11.1535	0.2	25.051	0.315918	0.380127	-0.869629	201	255
[5786]	1498	1928	0	-5.36556	-11.193	0.2	25.0344	0.615723	0.521484	-0.59082	201	255
[5787]	1496	1929	0	-5.36538	-11.2309	0.2	25.0375	0.540039	-0.828125	-0.1521	201	255
[5788]	1494	1929	0	-5.33158	-11.2072	0.2	25.0289	0.686523	0.604492	-0.40332	201	255
[5789]	1499	1929	0	-5.36556	-11.193	0.2	25.0344	0.615723	0.521484	-0.59082	201	255
[5790]	1499	1930	0	-5.36556	-11.193	0.2	25.0344	0.615723	0.521484	-0.59082	201	255
[5791]	1501	1930	0	-5.41479	-11.2018	0.2	25.0588	0.477783	-0.873535	-0.0919189	201	255
[5792]	1496	1930	0	-5.36538	-11.2309	0.2	25.0375	0.540039	-0.828125	-0.1521	201	255
[5793]	1501	1931	0	-5.41479	-11.2018	0.2	25.0588	0.477783	-0.873535	-0.0919189	201	255
[5794]	1503	1931	0	-5.37624	-11.223	0.2	25.0195	-0.716309	-0.54541	0.435303	201	255
[5795]	1496	1931	0	-5.36538	-11.2309	0.2	25.0375	0.540039	-0.828125	-0.1521	201	255
[5796]	1493	1932	0	-5.33344	-11.2341	0.2	25.0153	-0.825684	-0.559082	0.0762329	201	255
[5797]	1496	1932	0	-5.36538	-11.2309	0.2	25.0375	0.540039	-0.828125	-0.1521	201	255
[5798]	1503	1932	0	-5.37624	-11.223	0.2	25.0195	-0.716309	-0.54541	0.435303	201	255
[5799]	1504	1933	0	-5.36924	-11.1858	0.2	25.0186	-0.658203	0.746094	-0.0973511	201	255
[5800]	1493	1933	0	-5.33344	-11.2341	0.2	25.0153	-0.825684	-0.559082	0.0762329	201	255
[5801]	1503	1933	0	-5.37624	-11.223	0.2	25.0195	-0.716309	-0.54541	0.435303	201	255
[5802]	1493	1934	0	-5.33344	-11.2341	0.2	25.0153	-0.825684	-0.559082	0.0762329	201	255
[5803]	1504	1934	0	-5.36924	-11.1858	0.2	25.0186	-0.658203	0.746094	-0.0973511	201	255
[5804]	1488	1934	0	-5.33165	-11.2074	0.2	25.0155	-0.663574	0.740234	-0.110046	201	255
[5805]	1501	1935	0	-5.41479	-11.2018	0.2	25.0588	0.477783	-0.873535	-0.0919189	201	255
[5806]	1499	1935	0	-5.36556	-11.193	0.2	25.0344	0.615723	0.521484	-0.59082	201	255
[5807]	1502	1935	0	-5.39869	-11.1535	0.2	25.051	0.315918	0.380127	-0.869629	201	255
[5808]	1500	1936	0	-5.41218	-11.1141	0.2	25.0671	-0.799316	-0.440674	-0.408691	201	255
[5809]	1501	1936	0	-5.41479	-11.2018	0.2	25.0588	0.477783	-0.873535	-0.0919189	201	255
[5810]	1502	1936	0	-5.39869	-11.1535	0.2	25.051	0.315918	0.380127	-0.869629	201	255
[5811]	1501	1937	0	-5.41479	-11.2018	0.2	25.0588	0.477783	-0.873535	-0.0919189	201	255
[5812]	1500	1937	0	-5.41218	-11.1141	0.2	25.0671	-0.799316	-0.440674	-0.408691	201	255
[5813]	1497	1937	0	-5.43945	-11.1597	0.2	25.0894	-0.520996	-0.842773	0.134644	201	255
[5814]	1497	1938	0	-5.43945	-11.1597	0.2	25.0894	-0.520996	-0.842773	0.134644	201	255
[5815]	1509	1938	0	-5.4278	-11.1901	0.2	25.0382	-0.480469	-0.521484	0.705078	201	255
[5816]	1501	1938	0	-5.41479	-11.2018	0.2	25.0588	0.477783	-0.873535	-0.0919189	201	255
[5817]	1503	1939	0	-5.37624	-11.223	0.2	25.0195	-0.716309	-0.54541	0.435303	201	255
[5818]	1501	1939	0	-5.41479	-11.2018	0.2	25.0588	0.477783	-0.873535	-0.0919189	201	255
[5819]	1509	1939	0	-5.4278	-11.1901	0.2	25.0382	-0.480469	-0.521484	0.705078	201	255
[5820]	1513	1940	0	-5.40886	-11.1477	0.2	25.029	-0.777344	0.626465	0.0617981	201	255
[5821]	1503	1940	0	-5.37624	-11.223	0.2	25.0195	-0.716309	-0.54541	0.435303	201	255
[5822]	1509	1940	0	-5.4278	-11.1901	0.2	25.0382	-0.480469	-0.521484	0.705078	201	255
[5823]	1503	1941	0	-5.37624	-11.223	0.2	25.0195	-0.716309	-0.54541	0.435303	201	255
[5824]	1513	1941	0	-5.40886	-11.1477	0.2	25.029	-0.777344	0.626465	0.0617981	201	255
[5825]	1504	1941	0	-5.36924	-11.1858	0.2	25.0186	-0.658203	0.746094	-0.0973511	201	255
[5826]	1507	1942	0	-5.39869	-11.1535	0.2	25.051	0.315918	0.380127	-0.869629	201	255
[5827]	1504	1942	0	-5.36924	-11.1858	0.2	25.0186	-0.658203	0.746094	-0.0973511	201	255
[5828]	1513	1942	0	-5.40886	-11.1477	0.2	25.029	-0.777344	0.626465	0.0617981	201	255
[5829]	1513	1943	0	-5.40886	-11.1477	0.2	25.029	-0.777344	0.626465	0.0617981	201	255
[5830]	1505	1943	0	-5.41218	-11.1141	0.2	25.0671	-0.800781	-0.441406	-0.404785	201	255
[5831]	1507	1943	0	-5.39869	-11.1535	0.2	25.051	0.315918	0.380127	-0.869629	201	255
[5832]	1505	1944	0	-5.41218	-11.1141	0.2	25.0671	-0.800781	-0.441406	-0.404785	201	255
[5833]	1513	1944	0	-5.40886	-11.1477	0.2	25.029	-0.777344	0.626465	0.0617981	201	255
[5834]	1512	1944	0	-5.44568	-11.0965	0.2	25.0536	-0.907227	-0.224731	0.354492	201	255
[5835]	1509	1945	0	-5.4278	-11.1901	0.2	25.0382	-0.480469	-0.521484	0.705078	201	255
[5836]	1512	1945	0	-5.44568	-11.0965	0.2	25.0536	-0.907227	-0.224731	0.354492	201	255
[5837]	1513	1945	0	-5.40886	-11.1477	0.2	25.029	-0.777344	0.626465	0.0617981	201	255
[5838]	1512	1946	0	-5.44568	-11.0965	0.2	25.0536	-0.907227	-0.224731	0.354492	201	255
[5839]	1509	1946	0	-5.4278	-11.1901	0.2	25.0382	-0.480469	-0.521484	0.705078	201	255
[5840]	1506	1946	0	-5.47515	-11.1154	0.2	25.0865	-0.679199	-0.599121	0.424561	201	255
[5841]	1509	1947	0	-5.4278	-11.1901	0.2	25.0382	-0.480469	-0.521484	0.705078	201	255
[5842]	1497	1947	0	-5.43945	-11.1597	0.2	25.0894	-0.520996	-0.842773	0.134644	201	255
[5843]	1506	1947	0	-5.47515	-11.1154	0.2	25.0865	-0.679199	-0.599121	0.424561	201	255
[5844]	1516	1948	0	-3.55615	-10.7569	0.2	25.0889	0.74707	0.583984	-0.316406	201	255
[5845]	1515	1948	0	-3.55737	-10.7691	0.2	25.094	0.879395	-0.469238	-0.0820923	201	255
[5846]	1511	1948	0	-3.51836	-10.7652	0.2	25.0882	0.00263596	-0.105469	-0.994629	201	255
[5847]	1517	1949	0	-3.59812	-10.7352	0.2	25.0876	0.667969	0.548828	-0.502441	201	255
[5848]	1515	1949	0	-3.55737	-10.7691	0.2	25.094	0.879395	-0.469238	-0.0820923	201	255
[5849]	1516	1949	0	-3.55615	-10.7569	0.2	25.0889	0.74707	0.583984	-0.316406	201	255
[5850]	1515	1950	0	-3.55737	-10.7691	0.2	25.094	0.879395	-0.469238	-0.0820923	201	255
[5851]	1517	1950	0	-3.59812	-10.7352	0.2	25.0876	0.667969	0.548828	-0.502441	201	255
[5852]	1520	1950	0	-3.60413	-10.7543	0.2	25.0965	0.779785	-0.600098	-0.176392	201	255
[5853]	1524	1951	0	-3.6014	-10.7623	0.2	25.0721	-0.751953	-0.584473	0.304199	201	255
[5854]	1515	1951	0	-3.55737	-10.7691	0.2	25.094	0.879395	-0.469238	-0.0820923	201	255
[5855]	1520	1951	0	-3.60413	-10.7543	0.2	25.0965	0.779785	-0.600098	-0.176392	201	255
[5856]	1515	1952	0	-3.55737	-10.7691	0.2	25.094	0.879395	-0.469238	-0.0820923	201	255
[5857]	1524	1952	0	-3.6014	-10.7623	0.2	25.0721	-0.751953	-0.584473	0.304199	201	255
[5858]	1514	1952	0	-3.54908	-10.7837	0.2	25.0767	-0.720215	-0.693359	0.0092392	201	255
[5859]	1515	1953	0	-3.55737	-10.7691	0.2	25.094	0.879395	-0.469238	-0.0820923	201	255
[5860]	1514	1953	0	-3.54908	-10.7837	0.2	25.0767	-0.720215	-0.693359	0.0092392	201	255
[5861]	1511	1953	0	-3.51836	-10.7652	0.2	25.0882	0.00263596	-0.105469	-0.994629	201	255
[5862]	1514	1954	0	-3.54908	-10.7837	0.2	25.0767	-0.720215	-0.693359	0.0092392	201	255
[5863]	1508	1954	0	-3.5498	-10.7532	0.2	25.0823	-0.3479	0.896484	-0.274414	201	255
[5864]	1511	1954	0	-3.51836	-10.7652	0.2	25.0882	0.00263596	-0.105469	-0.994629	201	255
[5865]	1508	1955	0	-3.5498	-10.7532	0.2	25.0823	-0.3479	0.896484	-0.274414	201	255
[5866]	1510	1955	0	-3.55615	-10.7569	0.2	25.0889	0.74707	0.583984	-0.316406	201	255
[5867]	1511	1955	0	-3.51836	-10.7652	0.2	25.0882	0.00263596	-0.105469	-0.994629	201	255
[5868]	1525	1956	0	-3.5951	-10.7285	0.2	25.0783	-0.40332	0.837891	-0.368164	201	255
[5869]	1510	1956	0	-3.55615	-10.7569	0.2	25.0889	0.74707	0.583984	-0.316406	201	255
[5870]	1508	1956	0	-3.5498	-10.7532	0.2	25.0823	-0.3479	0.896484	-0.274414	201	255
[5871]	1510	1957	0	-3.55615	-10.7569	0.2	25.0889	0.74707	0.583984	-0.316406	201	255
[5872]	1525	1957	0	-3.5951	-10.7285	0.2	25.0783	-0.40332	0.837891	-0.368164	201	255
[5873]	1519	1957	0	-3.59812	-10.7352	0.2	25.0876	0.667969	0.548828	-0.502441	201	255
[5874]	1523	1958	0	-3.64803	-10.6843	0.2	25.0954	0.585449	0.381592	-0.715332	201	255
[5875]	1520	1958	0	-3.60413	-10.7543	0.2	25.0965	0.779785	-0.600098	-0.176392	201	255
[5876]	1517	1958	0	-3.59812	-10.7352	0.2	25.0876	0.667969	0.548828	-0.502441	201	255
[5877]	1520	1959	0	-3.60413	-10.7543	0.2	25.0965	0.779785	-0.600098	-0.176392	201	255
[5878]	1523	1959	0	-3.64803	-10.6843	0.2	25.0954	0.585449	0.381592	-0.715332	201	255
[5879]	1522	1959	0	-3.66632	-10.7174	0.2	25.1076	0.612305	-0.790527	0.0023098	201	255
[5880]	1522	1960	0	-3.66632	-10.7174	0.2	25.1076	0.612305	-0.790527	0.0023098	201	255
[5881]	1524	1960	0	-3.6014	-10.7623	0.2	25.0721	-0.751953	-0.584473	0.304199	201	255
[5882]	1520	1960	0	-3.60413	-10.7543	0.2	25.0965	0.779785	-0.600098	-0.176392	201	255
[5883]	1524	1961	0	-3.6014	-10.7623	0.2	25.0721	-0.751953	-0.584473	0.304199	201	255
[5884]	1522	1961	0	-3.66632	-10.7174	0.2	25.1076	0.612305	-0.790527	0.0023098	201	255
[5885]	1533	1961	0	-3.66882	-10.7081	0.2	25.0719	-0.712402	-0.436279	0.549316	201	255
[5886]	1527	1962	0	-3.64878	-10.6673	0.2	25.0709	-0.66748	0.671875	-0.320801	201	255
[5887]	1524	1962	0	-3.6014	-10.7623	0.2	25.0721	-0.751953	-0.584473	0.304199	201	255
[5888]	1533	1962	0	-3.66882	-10.7081	0.2	25.0719	-0.712402	-0.436279	0.549316	201	255
[5889]	1524	1963	0	-3.6014	-10.7623	0.2	25.0721	-0.751953	-0.584473	0.304199	201	255
[5890]	1527	1963	0	-3.64878	-10.6673	0.2	25.0709	-0.66748	0.671875	-0.320801	201	255
[5891]	1525	1963	0	-3.5951	-10.7285	0.2	25.0783	-0.40332	0.837891	-0.368164	201	255
[5892]	1525	1964	0	-3.5951	-10.7285	0.2	25.0783	-0.40332	0.837891	-0.368164	201	255
[5893]	1514	1964	0	-3.54908	-10.7837	0.2	25.0767	-0.720215	-0.693359	0.0092392	201	255
[5894]	1524	1964	0	-3.6014	-10.7623	0.2	25.0721	-0.751953	-0.584473	0.304199	201	255
[5895]	1514	1965	0	-3.54908	-10.7837	0.2	25.0767	-0.720215	-0.693359	0.0092392	201	255
[5896]	1525	1965	0	-3.5951	-10.7285	0.2	25.0783	-0.40332	0.837891	-0.368164	201	255
[5897]	1508	1965	0	-3.5498	-10.7532	0.2	25.0823	-0.3479	0.896484	-0.274414	201	255
[5898]	1521	1966	0	-3.66945	-10.6309	0.2	25.1057	-0.53125	-0.428467	-0.730957	201	255
[5899]	1522	1966	0	-3.66632	-10.7174	0.2	25.1076	0.612305	-0.790527	0.0023098	201	255
[5900]	1523	1966	0	-3.64803	-10.6843	0.2	25.0954	0.585449	0.381592	-0.715332	201	255
[5901]	1522	1967	0	-3.66632	-10.7174	0.2	25.1076	0.612305	-0.790527	0.0023098	201	255
[5902]	1521	1967	0	-3.66945	-10.6309	0.2	25.1057	-0.53125	-0.428467	-0.730957	201	255
[5903]	1518	1967	0	-3.71961	-10.6637	0.2	25.126	-0.403809	-0.829102	0.386475	201	255
[5904]	1518	1968	0	-3.71961	-10.6637	0.2	25.126	-0.403809	-0.829102	0.386475	201	255
[5905]	1533	1968	0	-3.66882	-10.7081	0.2	25.0719	-0.712402	-0.436279	0.549316	201	255
[5906]	1522	1968	0	-3.66632	-10.7174	0.2	25.1076	0.612305	-0.790527	0.0023098	201	255
[5907]	1533	1969	0	-3.66882	-10.7081	0.2	25.0719	-0.712402	-0.436279	0.549316	201	255
[5908]	1518	1969	0	-3.71961	-10.6637	0.2	25.126	-0.403809	-0.829102	0.386475	201	255
[5909]	1534	1969	0	-3.72799	-10.6295	0.2	25.0946	-0.605469	-0.601074	0.521973	201	255
[5910]	1530	1970	0	-3.69422	-10.6147	0.2	25.0771	-0.947754	-0.236328	0.213623	201	255
[5911]	1533	1970	0	-3.66882	-10.7081	0.2	25.0719	-0.712402	-0.436279	0.549316	201	255
[5912]	1534	1970	0	-3.72799	-10.6295	0.2	25.0946	-0.605469	-0.601074	0.521973	201	255
[5913]	1533	1971	0	-3.66882	-10.7081	0.2	25.0719	-0.712402	-0.436279	0.549316	201	255
[5914]	1530	1971	0	-3.69422	-10.6147	0.2	25.0771	-0.947754	-0.236328	0.213623	201	255
[5915]	1527	1971	0	-3.64878	-10.6673	0.2	25.0709	-0.66748	0.671875	-0.320801	201	255
[5916]	1526	1972	0	-3.66945	-10.6309	0.2	25.1057	-0.53125	-0.428467	-0.730957	201	255
[5917]	1527	1972	0	-3.64878	-10.6673	0.2	25.0709	-0.66748	0.671875	-0.320801	201	255
[5918]	1530	1972	0	-3.69422	-10.6147	0.2	25.0771	-0.947754	-0.236328	0.213623	201	255
[5919]	1527	1973	0	-3.64878	-10.6673	0.2	25.0709	-0.66748	0.671875	-0.320801	201	255
[5920]	1526	1973	0	-3.66945	-10.6309	0.2	25.1057	-0.53125	-0.428467	-0.730957	201	255
[5921]	1528	1973	0	-3.64803	-10.6843	0.2	25.0954	0.585449	0.381592	-0.715332	201	255
[5922]	1528	1974	0	-3.64803	-10.6843	0.2	25.0954	0.585449	0.381592	-0.715332	201	255
[5923]	1525	1974	0	-3.5951	-10.7285	0.2	25.0783	-0.40332	0.837891	-0.368164	201	255
[5924]	1527	1974	0	-3.64878	-10.6673	0.2	25.0709	-0.66748	0.671875	-0.320801	201	255
[5925]	1525	1975	0	-3.5951	-10.7285	0.2	25.0783	-0.40332	0.837891	-0.368164	201	255
[5926]	1528	1975	0	-3.64803	-10.6843	0.2	25.0954	0.585449	0.381592	-0.715332	201	255
[5927]	1519	1975	0	-3.59812	-10.7352	0.2	25.0876	0.667969	0.548828	-0.502441	201	255
[5928]	1536	1976	0	-3.60159	-10.6002	0.2	24.9717	0.701172	0.561035	-0.44043	201	255
[5929]	1537	1976	0	-3.59297	-10.6218	0.2	24.9759	0.66748	-0.704102	-0.241577	201	255
[5930]	1532	1976	0	-3.56718	-10.6175	0.2	24.9696	-0.109741	-0.138306	-0.984375	201	255
[5931]	1536	1977	0	-3.60159	-10.6002	0.2	24.9717	0.701172	0.561035	-0.44043	201	255
[5932]	1541	1977	0	-3.65702	-10.6072	0.2	24.9868	0.555176	-0.810547	-0.187134	201	255
[5933]	1537	1977	0	-3.59297	-10.6218	0.2	24.9759	0.66748	-0.704102	-0.241577	201	255
[5934]	1541	1978	0	-3.65702	-10.6072	0.2	24.9868	0.555176	-0.810547	-0.187134	201	255
[5935]	1529	1978	0	-3.59116	-10.6237	0.2	24.9549	-0.930176	-0.367432	-0.00324059	201	255
[5936]	1537	1978	0	-3.59297	-10.6218	0.2	24.9759	0.66748	-0.704102	-0.241577	201	255
[5937]	1537	1979	0	-3.59297	-10.6218	0.2	24.9759	0.66748	-0.704102	-0.241577	201	255
[5938]	1529	1979	0	-3.59116	-10.6237	0.2	24.9549	-0.930176	-0.367432	-0.00324059	201	255
[5939]	1532	1979	0	-3.56718	-10.6175	0.2	24.9696	-0.109741	-0.138306	-0.984375	201	255
[5940]	1529	1980	0	-3.59116	-10.6237	0.2	24.9549	-0.930176	-0.367432	-0.00324059	201	255
[5941]	1535	1980	0	-3.59875	-10.5966	0.2	24.9638	-0.264404	0.932617	-0.244507	201	255
[5942]	1532	1980	0	-3.56718	-10.6175	0.2	24.9696	-0.109741	-0.138306	-0.984375	201	255
[5943]	1535	1981	0	-3.59875	-10.5966	0.2	24.9638	-0.264404	0.932617	-0.244507	201	255
[5944]	1531	1981	0	-3.60159	-10.6002	0.2	24.9717	0.702148	0.562988	-0.436035	201	255
[5945]	1532	1981	0	-3.56718	-10.6175	0.2	24.9696	-0.109741	-0.138306	-0.984375	201	255
[5946]	1535	1982	0	-3.59875	-10.5966	0.2	24.9638	-0.264404	0.932617	-0.244507	201	255
[5947]	1540	1982	0	-3.65316	-10.5811	0.2	24.9825	0.658203	0.419678	-0.624512	201	255
[5948]	1531	1982	0	-3.60159	-10.6002	0.2	24.9717	0.702148	0.562988	-0.436035	201	255
[5949]	1540	1983	0	-3.65316	-10.5811	0.2	24.9825	0.658203	0.419678	-0.624512	201	255
[5950]	1535	1983	0	-3.59875	-10.5966	0.2	24.9638	-0.264404	0.932617	-0.244507	201	255
[5951]	1545	1983	0	-3.65638	-10.5672	0.2	24.9692	-0.277832	0.91748	-0.28418	201	255
[5952]	1545	1984	0	-3.65638	-10.5672	0.2	24.9692	-0.277832	0.91748	-0.28418	201	255
[5953]	1549	1984	0	-3.69634	-10.5383	0.2	25.0066	0.665527	0.174927	-0.725586	201	255
[5954]	1540	1984	0	-3.65316	-10.5811	0.2	24.9825	0.658203	0.419678	-0.624512	201	255
[5955]	1541	1985	0	-3.65702	-10.6072	0.2	24.9868	0.555176	-0.810547	-0.187134	201	255
[5956]	1536	1985	0	-3.60159	-10.6002	0.2	24.9717	0.701172	0.561035	-0.44043	201	255
[5957]	1538	1985	0	-3.65316	-10.5811	0.2	24.9825	0.660645	0.419678	-0.62207	201	255
[5958]	1544	1986	0	-3.69634	-10.5383	0.2	25.0066	0.665527	0.174927	-0.725586	201	255
[5959]	1541	1986	0	-3.65702	-10.6072	0.2	24.9868	0.555176	-0.810547	-0.187134	201	255
[5960]	1538	1986	0	-3.65316	-10.5811	0.2	24.9825	0.660645	0.419678	-0.62207	201	255
[5961]	1541	1987	0	-3.65702	-10.6072	0.2	24.9868	0.555176	-0.810547	-0.187134	201	255
[5962]	1544	1987	0	-3.69634	-10.5383	0.2	25.0066	0.665527	0.174927	-0.725586	201	255
[5963]	1543	1987	0	-3.71576	-10.5728	0.2	25.0043	0.404297	-0.910156	0.0928955	201	255
[5964]	1543	1988	0	-3.71576	-10.5728	0.2	25.0043	0.404297	-0.910156	0.0928955	201	255
[5965]	1546	1988	0	-3.66013	-10.6035	0.2	24.9535	-0.854492	-0.270264	0.443848	201	255
[5966]	1541	1988	0	-3.65702	-10.6072	0.2	24.9868	0.555176	-0.810547	-0.187134	201	255
[5967]	1529	1989	0	-3.59116	-10.6237	0.2	24.9549	-0.930176	-0.367432	-0.00324059	201	255
[5968]	1541	1989	0	-3.65702	-10.6072	0.2	24.9868	0.555176	-0.810547	-0.187134	201	255
[5969]	1546	1989	0	-3.66013	-10.6035	0.2	24.9535	-0.854492	-0.270264	0.443848	201	255
[5970]	1546	1990	0	-3.66013	-10.6035	0.2	24.9535	-0.854492	-0.270264	0.443848	201	255
[5971]	1535	1990	0	-3.59875	-10.5966	0.2	24.9638	-0.264404	0.932617	-0.244507	201	255
[5972]	1529	1990	0	-3.59116	-10.6237	0.2	24.9549	-0.930176	-0.367432	-0.00324059	201	255
[5973]	1535	1991	0	-3.59875	-10.5966	0.2	24.9638	-0.264404	0.932617	-0.244507	201	255
[5974]	1546	1991	0	-3.66013	-10.6035	0.2	24.9535	-0.854492	-0.270264	0.443848	201	255
[5975]	1545	1991	0	-3.65638	-10.5672	0.2	24.9692	-0.277832	0.91748	-0.28418	201	255
[5976]	1551	1992	0	-3.72524	-10.5521	0.2	24.9743	-0.700195	-0.30249	0.646973	201	255
[5977]	1545	1992	0	-3.65638	-10.5672	0.2	24.9692	-0.277832	0.91748	-0.28418	201	255
[5978]	1546	1992	0	-3.66013	-10.6035	0.2	24.9535	-0.854492	-0.270264	0.443848	201	255
[5979]	1545	1993	0	-3.65638	-10.5672	0.2	24.9692	-0.277832	0.91748	-0.28418	201	255
[5980]	1551	1993	0	-3.72524	-10.5521	0.2	24.9743	-0.700195	-0.30249	0.646973	201	255
[5981]	1555	1993	0	-3.7155	-10.5033	0.2	24.9765	-0.690918	0.718262	-0.0869751	201	255
[5982]	1549	1994	0	-3.69634	-10.5383	0.2	25.0066	0.665527	0.174927	-0.725586	201	255
[5983]	1545	1994	0	-3.65638	-10.5672	0.2	24.9692	-0.277832	0.91748	-0.28418	201	255
[5984]	1555	1994	0	-3.7155	-10.5033	0.2	24.9765	-0.690918	0.718262	-0.0869751	201	255
[5985]	1555	1995	0	-3.7155	-10.5033	0.2	24.9765	-0.690918	0.718262	-0.0869751	201	255
[5986]	1547	1995	0	-3.71793	-10.4824	0.2	25.019	-0.812012	-0.476807	-0.335938	201	255
[5987]	1549	1995	0	-3.69634	-10.5383	0.2	25.0066	0.665527	0.174927	-0.725586	201	255
[5988]	1547	1996	0	-3.71793	-10.4824	0.2	25.019	-0.812012	-0.476807	-0.335938	201	255
[5989]	1555	1996	0	-3.7155	-10.5033	0.2	24.9765	-0.690918	0.718262	-0.0869751	201	255
[5990]	1554	1996	0	-3.74944	-10.4574	0.2	24.9961	-0.927246	-0.0726929	0.368408	201	255
[5991]	1542	1997	0	-3.71793	-10.4824	0.2	25.019	-0.8125	-0.47876	-0.333496	201	255
[5992]	1543	1997	0	-3.71576	-10.5728	0.2	25.0043	0.404297	-0.910156	0.0928955	201	255
[5993]	1544	1997	0	-3.69634	-10.5383	0.2	25.0066	0.665527	0.174927	-0.725586	201	255
[5994]	1543	1998	0	-3.71576	-10.5728	0.2	25.0043	0.404297	-0.910156	0.0928955	201	255
[5995]	1542	1998	0	-3.71793	-10.4824	0.2	25.019	-0.8125	-0.47876	-0.333496	201	255
[5996]	1539	1998	0	-3.76385	-10.5304	0.2	25.0365	-0.460693	-0.799316	0.385498	201	255
[5997]	1539	1999	0	-3.76385	-10.5304	0.2	25.0365	-0.460693	-0.799316	0.385498	201	255
[5998]	1551	1999	0	-3.72524	-10.5521	0.2	24.9743	-0.700195	-0.30249	0.646973	201	255
[5999]	1543	1999	0	-3.71576	-10.5728	0.2	25.0043	0.404297	-0.910156	0.0928955	201	255
[6000]	1546	2000	0	-3.66013	-10.6035	0.2	24.9535	-0.854492	-0.270264	0.443848	201	255
[6001]	1543	2000	0	-3.71576	-10.5728	0.2	25.0043	0.404297	-0.910156	0.0928955	201	255
[6002]	1551	2000	0	-3.72524	-10.5521	0.2	24.9743	-0.700195	-0.30249	0.646973	201	255
[6003]	1551	2001	0	-3.72524	-10.5521	0.2	24.9743	-0.700195	-0.30249	0.646973	201	255
[6004]	1539	2001	0	-3.76385	-10.5304	0.2	25.0365	-0.460693	-0.799316	0.385498	201	255
[6005]	1548	2001	0	-3.78096	-10.4934	0.2	25.0112	-0.702148	-0.45752	0.54541	201	255
[6006]	1554	2002	0	-3.74944	-10.4574	0.2	24.9961	-0.927246	-0.0726929	0.368408	201	255
[6007]	1551	2002	0	-3.72524	-10.5521	0.2	24.9743	-0.700195	-0.30249	0.646973	201	255
[6008]	1548	2002	0	-3.78096	-10.4934	0.2	25.0112	-0.702148	-0.45752	0.54541	201	255
[6009]	1551	2003	0	-3.72524	-10.5521	0.2	24.9743	-0.700195	-0.30249	0.646973	201	255
[6010]	1554	2003	0	-3.74944	-10.4574	0.2	24.9961	-0.927246	-0.0726929	0.368408	201	255
[6011]	1555	2003	0	-3.7155	-10.5033	0.2	24.9765	-0.690918	0.718262	-0.0869751	201	255
[6012]	1558	2004	0	-3.56324	-10.3058	0.2	24.8097	0.673828	0.605957	-0.423096	201	255
[6013]	1557	2004	0	-3.56492	-10.319	0.2	24.8143	0.714844	-0.614746	-0.333252	201	255
[6014]	1553	2004	0	-3.52723	-10.3155	0.2	24.8064	-0.203003	-0.10199	-0.973633	201	255
[6015]	1559	2005	0	-3.60809	-10.284	0.2	24.8165	0.509277	0.552734	-0.659668	201	255
[6016]	1557	2005	0	-3.56492	-10.319	0.2	24.8143	0.714844	-0.614746	-0.333252	201	255
[6017]	1558	2005	0	-3.56324	-10.3058	0.2	24.8097	0.673828	0.605957	-0.423096	201	255
[6018]	1557	2006	0	-3.56492	-10.319	0.2	24.8143	0.714844	-0.614746	-0.333252	201	255
[6019]	1559	2006	0	-3.60809	-10.284	0.2	24.8165	0.509277	0.552734	-0.659668	201	255
[6020]	1562	2006	0	-3.61046	-10.309	0.2	24.8273	0.624023	-0.712891	-0.319824	201	255
[6021]	1562	2007	0	-3.61046	-10.309	0.2	24.8273	0.624023	-0.712891	-0.319824	201	255
[6022]	1556	2007	0	-3.56435	-10.3255	0.2	24.7991	-0.72998	-0.665527	0.155762	201	255
[6023]	1557	2007	0	-3.56492	-10.319	0.2	24.8143	0.714844	-0.614746	-0.333252	201	255
[6024]	1557	2008	0	-3.56492	-10.319	0.2	24.8143	0.714844	-0.614746	-0.333252	201	255
[6025]	1556	2008	0	-3.56435	-10.3255	0.2	24.7991	-0.72998	-0.665527	0.155762	201	255
[6026]	1553	2008	0	-3.52723	-10.3155	0.2	24.8064	-0.203003	-0.10199	-0.973633	201	255
[6027]	1556	2009	0	-3.56435	-10.3255	0.2	24.7991	-0.72998	-0.665527	0.155762	201	255
[6028]	1550	2009	0	-3.55912	-10.3019	0.2	24.7996	-0.532715	0.826172	-0.182861	201	255
[6029]	1553	2009	0	-3.52723	-10.3155	0.2	24.8064	-0.203003	-0.10199	-0.973633	201	255
[6030]	1550	2010	0	-3.55912	-10.3019	0.2	24.7996	-0.532715	0.826172	-0.182861	201	255
[6031]	1552	2010	0	-3.56324	-10.3058	0.2	24.8097	0.673828	0.605957	-0.423096	201	255
[6032]	1553	2010	0	-3.52723	-10.3155	0.2	24.8064	-0.203003	-0.10199	-0.973633	201	255
[6033]	1567	2011	0	-3.60391	-10.2782	0.2	24.7978	-0.638184	0.767578	-0.0561829	201	255
[6034]	1552	2011	0	-3.56324	-10.3058	0.2	24.8097	0.673828	0.605957	-0.423096	201	255
[6035]	1550	2011	0	-3.55912	-10.3019	0.2	24.7996	-0.532715	0.826172	-0.182861	201	255
[6036]	1552	2012	0	-3.56324	-10.3058	0.2	24.8097	0.673828	0.605957	-0.423096	201	255
[6037]	1567	2012	0	-3.60391	-10.2782	0.2	24.7978	-0.638184	0.767578	-0.0561829	201	255
[6038]	1561	2012	0	-3.60809	-10.284	0.2	24.8165	0.509277	0.552734	-0.659668	201	255
[6039]	1567	2013	0	-3.60391	-10.2782	0.2	24.7978	-0.638184	0.767578	-0.0561829	201	255
[6040]	1570	2013	0	-3.63794	-10.2458	0.2	24.8325	0.259766	0.255127	-0.931641	201	255
[6041]	1561	2013	0	-3.60809	-10.284	0.2	24.8165	0.509277	0.552734	-0.659668	201	255
[6042]	1565	2014	0	-3.63794	-10.2458	0.2	24.8325	0.259766	0.255127	-0.931641	201	255
[6043]	1562	2014	0	-3.61046	-10.309	0.2	24.8273	0.624023	-0.712891	-0.319824	201	255
[6044]	1559	2014	0	-3.60809	-10.284	0.2	24.8165	0.509277	0.552734	-0.659668	201	255
[6045]	1562	2015	0	-3.61046	-10.309	0.2	24.8273	0.624023	-0.712891	-0.319824	201	255
[6046]	1565	2015	0	-3.63794	-10.2458	0.2	24.8325	0.259766	0.255127	-0.931641	201	255
[6047]	1564	2015	0	-3.65412	-10.2802	0.2	24.8474	0.442871	-0.884277	-0.148071	201	255
[6048]	1564	2016	0	-3.65412	-10.2802	0.2	24.8474	0.442871	-0.884277	-0.148071	201	255
[6049]	1566	2016	0	-3.61721	-10.3089	0.2	24.8016	-0.654785	-0.556641	0.511719	201	255
[6050]	1562	2016	0	-3.61046	-10.309	0.2	24.8273	0.624023	-0.712891	-0.319824	201	255
[6051]	1556	2017	0	-3.56435	-10.3255	0.2	24.7991	-0.72998	-0.665527	0.155762	201	255
[6052]	1562	2017	0	-3.61046	-10.309	0.2	24.8273	0.624023	-0.712891	-0.319824	201	255
[6053]	1566	2017	0	-3.61721	-10.3089	0.2	24.8016	-0.654785	-0.556641	0.511719	201	255
[6054]	1567	2018	0	-3.60391	-10.2782	0.2	24.7978	-0.638184	0.767578	-0.0561829	201	255
[6055]	1556	2018	0	-3.56435	-10.3255	0.2	24.7991	-0.72998	-0.665527	0.155762	201	255
[6056]	1566	2018	0	-3.61721	-10.3089	0.2	24.8016	-0.654785	-0.556641	0.511719	201	255
[6057]	1556	2019	0	-3.56435	-10.3255	0.2	24.7991	-0.72998	-0.665527	0.155762	201	255
[6058]	1567	2019	0	-3.60391	-10.2782	0.2	24.7978	-0.638184	0.767578	-0.0561829	201	255
[6059]	1550	2019	0	-3.55912	-10.3019	0.2	24.7996	-0.532715	0.826172	-0.182861	201	255
[6060]	1563	2020	0	-3.64117	-10.2047	0.2	24.8496	-0.891602	-0.290039	-0.3479	201	255
[6061]	1564	2020	0	-3.65412	-10.2802	0.2	24.8474	0.442871	-0.884277	-0.148071	201	255
[6062]	1565	2020	0	-3.63794	-10.2458	0.2	24.8325	0.259766	0.255127	-0.931641	201	255
[6063]	1564	2021	0	-3.65412	-10.2802	0.2	24.8474	0.442871	-0.884277	-0.148071	201	255
[6064]	1563	2021	0	-3.64117	-10.2047	0.2	24.8496	-0.891602	-0.290039	-0.3479	201	255
[6065]	1560	2021	0	-3.68695	-10.2404	0.2	24.8784	-0.473877	-0.77002	0.426758	201	255
[6066]	1560	2022	0	-3.68695	-10.2404	0.2	24.8784	-0.473877	-0.77002	0.426758	201	255
[6067]	1572	2022	0	-3.6716	-10.2641	0.2	24.8157	-0.575195	-0.347656	0.740723	201	255
[6068]	1564	2022	0	-3.65412	-10.2802	0.2	24.8474	0.442871	-0.884277	-0.148071	201	255
[6069]	1566	2023	0	-3.61721	-10.3089	0.2	24.8016	-0.654785	-0.556641	0.511719	201	255
[6070]	1564	2023	0	-3.65412	-10.2802	0.2	24.8474	0.442871	-0.884277	-0.148071	201	255
[6071]	1572	2023	0	-3.6716	-10.2641	0.2	24.8157	-0.575195	-0.347656	0.740723	201	255
[6072]	1576	2024	0	-3.64954	-10.221	0.2	24.8155	-0.768555	0.626953	-0.125977	201	255
[6073]	1566	2024	0	-3.61721	-10.3089	0.2	24.8016	-0.654785	-0.556641	0.511719	201	255
[6074]	1572	2024	0	-3.6716	-10.2641	0.2	24.8157	-0.575195	-0.347656	0.740723	201	255
[6075]	1566	2025	0	-3.61721	-10.3089	0.2	24.8016	-0.654785	-0.556641	0.511719	201	255
[6076]	1576	2025	0	-3.64954	-10.221	0.2	24.8155	-0.768555	0.626953	-0.125977	201	255
[6077]	1567	2025	0	-3.60391	-10.2782	0.2	24.7978	-0.638184	0.767578	-0.0561829	201	255
[6078]	1570	2026	0	-3.63794	-10.2458	0.2	24.8325	0.259766	0.255127	-0.931641	201	255
[6079]	1567	2026	0	-3.60391	-10.2782	0.2	24.7978	-0.638184	0.767578	-0.0561829	201	255
[6080]	1576	2026	0	-3.64954	-10.221	0.2	24.8155	-0.768555	0.626953	-0.125977	201	255
[6081]	1576	2027	0	-3.64954	-10.221	0.2	24.8155	-0.768555	0.626953	-0.125977	201	255
[6082]	1568	2027	0	-3.64117	-10.2047	0.2	24.8496	-0.891602	-0.28833	-0.348877	201	255
[6083]	1570	2027	0	-3.63794	-10.2458	0.2	24.8325	0.259766	0.255127	-0.931641	201	255
[6084]	1568	2028	0	-3.64117	-10.2047	0.2	24.8496	-0.891602	-0.28833	-0.348877	201	255
[6085]	1576	2028	0	-3.64954	-10.221	0.2	24.8155	-0.768555	0.626953	-0.125977	201	255
[6086]	1575	2028	0	-3.67865	-10.1555	0.2	24.834	-0.894531	0.0814819	0.440186	201	255
[6087]	1572	2029	0	-3.6716	-10.2641	0.2	24.8157	-0.575195	-0.347656	0.740723	201	255
[6088]	1575	2029	0	-3.67865	-10.1555	0.2	24.834	-0.894531	0.0814819	0.440186	201	255
[6089]	1576	2029	0	-3.64954	-10.221	0.2	24.8155	-0.768555	0.626953	-0.125977	201	255
[6090]	1575	2030	0	-3.67865	-10.1555	0.2	24.834	-0.894531	0.0814819	0.440186	201	255
[6091]	1572	2030	0	-3.6716	-10.2641	0.2	24.8157	-0.575195	-0.347656	0.740723	201	255
[6092]	1569	2030	0	-3.71305	-10.1836	0.2	24.8513	-0.745117	-0.380371	0.547852	201	255
[6093]	1572	2031	0	-3.6716	-10.2641	0.2	24.8157	-0.575195	-0.347656	0.740723	201	255
[6094]	1560	2031	0	-3.68695	-10.2404	0.2	24.8784	-0.473877	-0.77002	0.426758	201	255
[6095]	1569	2031	0	-3.71305	-10.1836	0.2	24.8513	-0.745117	-0.380371	0.547852	201	255
[6096]	1579	2032	0	-3.5946	-10.0761	0.2	24.7328	0.916016	0.310791	-0.252197	201	255
[6097]	1578	2032	0	-3.59608	-10.0871	0.2	24.7345	0.743164	-0.66748	0.0471191	201	255
[6098]	1574	2032	0	-3.56311	-10.0913	0.2	24.7415	0.109802	-0.24646	-0.962891	201	255
[6099]	1580	2033	0	-3.62951	-10.0536	0.2	24.7291	0.823242	0.24231	-0.513672	201	255
[6100]	1578	2033	0	-3.59608	-10.0871	0.2	24.7345	0.743164	-0.66748	0.0471191	201	255
[6101]	1579	2033	0	-3.5946	-10.0761	0.2	24.7328	0.916016	0.310791	-0.252197	201	255
[6102]	1578	2034	0	-3.59608	-10.0871	0.2	24.7345	0.743164	-0.66748	0.0471191	201	255
[6103]	1580	2034	0	-3.62951	-10.0536	0.2	24.7291	0.823242	0.24231	-0.513672	201	255
[6104]	1583	2034	0	-3.6361	-10.0738	0.2	24.7317	0.563477	-0.825684	0.0300751	201	255
[6105]	1587	2035	0	-3.63125	-10.0731	0.2	24.7069	-0.886719	-0.378174	0.265625	201	255
[6106]	1578	2035	0	-3.59608	-10.0871	0.2	24.7345	0.743164	-0.66748	0.0471191	201	255
[6107]	1583	2035	0	-3.6361	-10.0738	0.2	24.7317	0.563477	-0.825684	0.0300751	201	255
[6108]	1578	2036	0	-3.59608	-10.0871	0.2	24.7345	0.743164	-0.66748	0.0471191	201	255
[6109]	1587	2036	0	-3.63125	-10.0731	0.2	24.7069	-0.886719	-0.378174	0.265625	201	255
[6110]	1571	2036	0	-3.58914	-10.096	0.2	24.7199	-0.857422	-0.512695	-0.0424805	201	255
[6111]	1578	2037	0	-3.59608	-10.0871	0.2	24.7345	0.743164	-0.66748	0.0471191	201	255
[6112]	1571	2037	0	-3.58914	-10.096	0.2	24.7199	-0.857422	-0.512695	-0.0424805	201	255
[6113]	1574	2037	0	-3.56311	-10.0913	0.2	24.7415	0.109802	-0.24646	-0.962891	201	255
[6114]	1571	2038	0	-3.58914	-10.096	0.2	24.7199	-0.857422	-0.512695	-0.0424805	201	255
[6115]	1577	2038	0	-3.59045	-10.0689	0.2	24.7284	-0.0382996	0.902344	-0.429199	201	255
[6116]	1574	2038	0	-3.56311	-10.0913	0.2	24.7415	0.109802	-0.24646	-0.962891	201	255
[6117]	1577	2039	0	-3.59045	-10.0689	0.2	24.7284	-0.0382996	0.902344	-0.429199	201	255
[6118]	1573	2039	0	-3.5946	-10.0761	0.2	24.7328	0.916016	0.310791	-0.252197	201	255
[6119]	1574	2039	0	-3.56311	-10.0913	0.2	24.7415	0.109802	-0.24646	-0.962891	201	255
[6120]	1588	2040	0	-3.62618	-10.0409	0.2	24.72	-0.218872	0.808594	-0.546387	201	255
[6121]	1573	2040	0	-3.5946	-10.0761	0.2	24.7328	0.916016	0.310791	-0.252197	201	255
[6122]	1577	2040	0	-3.59045	-10.0689	0.2	24.7284	-0.0382996	0.902344	-0.429199	201	255
[6123]	1573	2041	0	-3.5946	-10.0761	0.2	24.7328	0.916016	0.310791	-0.252197	201	255
[6124]	1588	2041	0	-3.62618	-10.0409	0.2	24.72	-0.218872	0.808594	-0.546387	201	255
[6125]	1582	2041	0	-3.62951	-10.0536	0.2	24.7291	0.823242	0.24231	-0.513672	201	255
[6126]	1586	2042	0	-3.65998	-10.0155	0.2	24.7396	0.705566	0.0325928	-0.708008	201	255
[6127]	1583	2042	0	-3.6361	-10.0738	0.2	24.7317	0.563477	-0.825684	0.0300751	201	255
[6128]	1580	2042	0	-3.62951	-10.0536	0.2	24.7291	0.823242	0.24231	-0.513672	201	255
[6129]	1583	2043	0	-3.6361	-10.0738	0.2	24.7317	0.563477	-0.825684	0.0300751	201	255
[6130]	1586	2043	0	-3.65998	-10.0155	0.2	24.7396	0.705566	0.0325928	-0.708008	201	255
[6131]	1585	2043	0	-3.67775	-10.0557	0.2	24.7326	0.183472	-0.966797	0.17749	201	255
[6132]	1599	2044	0	-3.67441	-10.0338	0.2	24.7063	-0.884277	-0.194702	0.424561	201	255
[6133]	1583	2044	0	-3.6361	-10.0738	0.2	24.7317	0.563477	-0.825684	0.0300751	201	255
[6134]	1585	2044	0	-3.67775	-10.0557	0.2	24.7326	0.183472	-0.966797	0.17749	201	255
[6135]	1583	2045	0	-3.6361	-10.0738	0.2	24.7317	0.563477	-0.825684	0.0300751	201	255
[6136]	1599	2045	0	-3.67441	-10.0338	0.2	24.7063	-0.884277	-0.194702	0.424561	201	255
[6137]	1587	2045	0	-3.63125	-10.0731	0.2	24.7069	-0.886719	-0.378174	0.265625	201	255
[6138]	1590	2046	0	-3.65892	-9.99386	0.2	24.7184	-0.446045	0.718262	-0.533691	201	255
[6139]	1587	2046	0	-3.63125	-10.0731	0.2	24.7069	-0.886719	-0.378174	0.265625	201	255
[6140]	1599	2046	0	-3.67441	-10.0338	0.2	24.7063	-0.884277	-0.194702	0.424561	201	255
[6141]	1587	2047	0	-3.63125	-10.0731	0.2	24.7069	-0.886719	-0.378174	0.265625	201	255
[6142]	1590	2047	0	-3.65892	-9.99386	0.2	24.7184	-0.446045	0.718262	-0.533691	201	255
[6143]	1588	2047	0	-3.62618	-10.0409	0.2	24.72	-0.218872	0.808594	-0.546387	201	255
[6144]	1577	2048	0	-3.59045	-10.0689	0.2	24.7284	-0.0382996	0.902344	-0.429199	201	255
[6145]	1587	2048	0	-3.63125	-10.0731	0.2	24.7069	-0.886719	-0.378174	0.265625	201	255
[6146]	1588	2048	0	-3.62618	-10.0409	0.2	24.72	-0.218872	0.808594	-0.546387	201	255
[6147]	1587	2049	0	-3.63125	-10.0731	0.2	24.7069	-0.886719	-0.378174	0.265625	201	255
[6148]	1577	2049	0	-3.59045	-10.0689	0.2	24.7284	-0.0382996	0.902344	-0.429199	201	255
[6149]	1571	2049	0	-3.58914	-10.096	0.2	24.7199	-0.857422	-0.512695	-0.0424805	201	255
[6150]	1584	2050	0	-3.67808	-9.98014	0.2	24.7562	-0.616211	-0.239014	-0.750488	201	255
[6151]	1585	2050	0	-3.67775	-10.0557	0.2	24.7326	0.183472	-0.966797	0.17749	201	255
[6152]	1586	2050	0	-3.65998	-10.0155	0.2	24.7396	0.705566	0.0325928	-0.708008	201	255
[6153]	1585	2051	0	-3.67775	-10.0557	0.2	24.7326	0.183472	-0.966797	0.17749	201	255
[6154]	1584	2051	0	-3.67808	-9.98014	0.2	24.7562	-0.616211	-0.239014	-0.750488	201	255
[6155]	1581	2051	0	-3.71764	-10.0285	0.2	24.7492	-0.626953	-0.69043	0.361084	201	255
[6156]	1581	2052	0	-3.71764	-10.0285	0.2	24.7492	-0.626953	-0.69043	0.361084	201	255
[6157]	1599	2052	0	-3.67441	-10.0338	0.2	24.7063	-0.884277	-0.194702	0.424561	201	255
[6158]	1585	2052	0	-3.67775	-10.0557	0.2	24.7326	0.183472	-0.966797	0.17749	201	255
[6159]	1599	2053	0	-3.67441	-10.0338	0.2	24.7063	-0.884277	-0.194702	0.424561	201	255
[6160]	1581	2053	0	-3.71764	-10.0285	0.2	24.7492	-0.626953	-0.69043	0.361084	201	255
[6161]	1600	2053	0	-3.7329	-9.95709	0.2	24.7226	-0.890137	-0.0343018	0.455078	201	255
[6162]	1595	2054	0	-3.69549	-9.932	0.2	24.7176	-0.825684	0.549805	0.126099	201	255
[6163]	1599	2054	0	-3.67441	-10.0338	0.2	24.7063	-0.884277	-0.194702	0.424561	201	255
[6164]	1600	2054	0	-3.7329	-9.95709	0.2	24.7226	-0.890137	-0.0343018	0.455078	201	255
[6165]	1599	2055	0	-3.67441	-10.0338	0.2	24.7063	-0.884277	-0.194702	0.424561	201	255
[6166]	1595	2055	0	-3.69549	-9.932	0.2	24.7176	-0.825684	0.549805	0.126099	201	255
[6167]	1590	2055	0	-3.65892	-9.99386	0.2	24.7184	-0.446045	0.718262	-0.533691	201	255
[6168]	1589	2056	0	-3.67808	-9.98014	0.2	24.7562	-0.617676	-0.236816	-0.749512	201	255
[6169]	1590	2056	0	-3.65892	-9.99386	0.2	24.7184	-0.446045	0.718262	-0.533691	201	255
[6170]	1595	2056	0	-3.69549	-9.932	0.2	24.7176	-0.825684	0.549805	0.126099	201	255
[6171]	1590	2057	0	-3.65892	-9.99386	0.2	24.7184	-0.446045	0.718262	-0.533691	201	255
[6172]	1589	2057	0	-3.67808	-9.98014	0.2	24.7562	-0.617676	-0.236816	-0.749512	201	255
[6173]	1591	2057	0	-3.65998	-10.0155	0.2	24.7396	0.705566	0.0325928	-0.708008	201	255
[6174]	1591	2058	0	-3.65998	-10.0155	0.2	24.7396	0.705566	0.0325928	-0.708008	201	255
[6175]	1588	2058	0	-3.62618	-10.0409	0.2	24.72	-0.218872	0.808594	-0.546387	201	255
[6176]	1590	2058	0	-3.65892	-9.99386	0.2	24.7184	-0.446045	0.718262	-0.533691	201	255
[6177]	1588	2059	0	-3.62618	-10.0409	0.2	24.72	-0.218872	0.808594	-0.546387	201	255
[6178]	1591	2059	0	-3.65998	-10.0155	0.2	24.7396	0.705566	0.0325928	-0.708008	201	255
[6179]	1582	2059	0	-3.62951	-10.0536	0.2	24.7291	0.823242	0.24231	-0.513672	201	255
[6180]	1593	2060	0	-3.83019	-9.88029	0.2	24.7076	0.848145	0.342041	-0.405029	201	255
[6181]	1596	2060	0	-3.8299	-9.89223	0.2	24.7101	0.495117	-0.744141	-0.447754	201	255
[6182]	1592	2060	0	-3.80775	-9.88026	0.2	24.7057	-0.199097	0.103333	-0.974609	201	255
[6183]	1597	2061	0	-3.84843	-9.87646	0.2	24.713	0.566406	0.337158	-0.752441	201	255
[6184]	1596	2061	0	-3.8299	-9.89223	0.2	24.7101	0.495117	-0.744141	-0.447754	201	255
[6185]	1593	2061	0	-3.83019	-9.88029	0.2	24.7076	0.848145	0.342041	-0.405029	201	255
[6186]	1596	2062	0	-3.8299	-9.89223	0.2	24.7101	0.495117	-0.744141	-0.447754	201	255
[6187]	1597	2062	0	-3.84843	-9.87646	0.2	24.713	0.566406	0.337158	-0.752441	201	255
[6188]	1603	2062	0	-3.85198	-9.89643	0.2	24.7178	0.251953	-0.901855	-0.351318	201	255
[6189]	1603	2063	0	-3.85198	-9.89643	0.2	24.7178	0.251953	-0.901855	-0.351318	201	255
[6190]	1602	2063	0	-3.83244	-9.89211	0.2	24.6969	-0.928711	-0.336914	0.153931	201	255
[6191]	1596	2063	0	-3.8299	-9.89223	0.2	24.7101	0.495117	-0.744141	-0.447754	201	255
[6192]	1596	2064	0	-3.8299	-9.89223	0.2	24.7101	0.495117	-0.744141	-0.447754	201	255
[6193]	1602	2064	0	-3.83244	-9.89211	0.2	24.6969	-0.928711	-0.336914	0.153931	201	255
[6194]	1592	2064	0	-3.80775	-9.88026	0.2	24.7057	-0.199097	0.103333	-0.974609	201	255
[6195]	1602	2065	0	-3.83244	-9.89211	0.2	24.6969	-0.928711	-0.336914	0.153931	201	255
[6196]	1598	2065	0	-3.83143	-9.87216	0.2	24.7031	-0.103027	0.987305	-0.12085	201	255
[6197]	1592	2065	0	-3.80775	-9.88026	0.2	24.7057	-0.199097	0.103333	-0.974609	201	255
[6198]	1598	2066	0	-3.83143	-9.87216	0.2	24.7031	-0.103027	0.987305	-0.12085	201	255
[6199]	1594	2066	0	-3.83019	-9.88029	0.2	24.7076	0.848145	0.342041	-0.405029	201	255
[6200]	1592	2066	0	-3.80775	-9.88026	0.2	24.7057	-0.199097	0.103333	-0.974609	201	255
[6201]	1598	2067	0	-3.83143	-9.87216	0.2	24.7031	-0.103027	0.987305	-0.12085	201	255
[6202]	1609	2067	0	-3.84843	-9.87646	0.2	24.713	0.566406	0.337158	-0.752441	201	255
[6203]	1594	2067	0	-3.83019	-9.88029	0.2	24.7076	0.848145	0.342041	-0.405029	201	255
[6204]	1609	2068	0	-3.84843	-9.87646	0.2	24.713	0.566406	0.337158	-0.752441	201	255
[6205]	1598	2068	0	-3.83143	-9.87216	0.2	24.7031	-0.103027	0.987305	-0.12085	201	255
[6206]	1606	2068	0	-3.85598	-9.86352	0.2	24.7069	-0.637207	0.769531	0.0418091	201	255
[6207]	1606	2069	0	-3.85598	-9.86352	0.2	24.7069	-0.637207	0.769531	0.0418091	201	255
[6208]	1607	2069	0	-3.85223	-9.86069	0.2	24.7226	-0.974121	0.0661011	-0.217651	201	255
[6209]	1609	2069	0	-3.84843	-9.87646	0.2	24.713	0.566406	0.337158	-0.752441	201	255
[6210]	1604	2070	0	-3.85223	-9.86069	0.2	24.7226	-0.974121	0.0661011	-0.217651	201	255
[6211]	1603	2070	0	-3.85198	-9.89643	0.2	24.7178	0.251953	-0.901855	-0.351318	201	255
[6212]	1597	2070	0	-3.84843	-9.87646	0.2	24.713	0.566406	0.337158	-0.752441	201	255
[6213]	1603	2071	0	-3.85198	-9.89643	0.2	24.7178	0.251953	-0.901855	-0.351318	201	255
[6214]	1604	2071	0	-3.85223	-9.86069	0.2	24.7226	-0.974121	0.0661011	-0.217651	201	255
[6215]	1601	2071	0	-3.87242	-9.896	0.2	24.7324	-0.700684	-0.678711	0.220581	201	255
[6216]	1601	2072	0	-3.87242	-9.896	0.2	24.7324	-0.700684	-0.678711	0.220581	201	255
[6217]	1605	2072	0	-3.8604	-9.8887	0.2	24.7046	-0.762695	-0.320068	0.562012	201	255
[6218]	1603	2072	0	-3.85198	-9.89643	0.2	24.7178	0.251953	-0.901855	-0.351318	201	255
[6219]	1602	2073	0	-3.83244	-9.89211	0.2	24.6969	-0.928711	-0.336914	0.153931	201	255
[6220]	1603	2073	0	-3.85198	-9.89643	0.2	24.7178	0.251953	-0.901855	-0.351318	201	255
[6221]	1605	2073	0	-3.8604	-9.8887	0.2	24.7046	-0.762695	-0.320068	0.562012	201	255
[6222]	1605	2074	0	-3.8604	-9.8887	0.2	24.7046	-0.762695	-0.320068	0.562012	201	255
[6223]	1598	2074	0	-3.83143	-9.87216	0.2	24.7031	-0.103027	0.987305	-0.12085	201	255
[6224]	1602	2074	0	-3.83244	-9.89211	0.2	24.6969	-0.928711	-0.336914	0.153931	201	255
[6225]	1598	2075	0	-3.83143	-9.87216	0.2	24.7031	-0.103027	0.987305	-0.12085	201	255
[6226]	1605	2075	0	-3.8604	-9.8887	0.2	24.7046	-0.762695	-0.320068	0.562012	201	255
[6227]	1606	2075	0	-3.85598	-9.86352	0.2	24.7069	-0.637207	0.769531	0.0418091	201	255
[6228]	1612	2076	0	-3.88699	-9.87624	0.2	24.7246	-0.84082	-0.273682	0.466553	201	255
[6229]	1606	2076	0	-3.85598	-9.86352	0.2	24.7069	-0.637207	0.769531	0.0418091	201	255
[6230]	1605	2076	0	-3.8604	-9.8887	0.2	24.7046	-0.762695	-0.320068	0.562012	201	255
[6231]	1606	2077	0	-3.85598	-9.86352	0.2	24.7069	-0.637207	0.769531	0.0418091	201	255
[6232]	1612	2077	0	-3.88699	-9.87624	0.2	24.7246	-0.84082	-0.273682	0.466553	201	255
[6233]	1608	2077	0	-3.88006	-9.83681	0.2	24.7177	-0.949707	0.00490189	0.313232	201	255
[6234]	1607	2078	0	-3.85223	-9.86069	0.2	24.7226	-0.974121	0.0661011	-0.217651	201	255
[6235]	1606	2078	0	-3.85598	-9.86352	0.2	24.7069	-0.637207	0.769531	0.0418091	201	255
[6236]	1608	2078	0	-3.88006	-9.83681	0.2	24.7177	-0.949707	0.00490189	0.313232	201	255
[6237]	1605	2079	0	-3.8604	-9.8887	0.2	24.7046	-0.762695	-0.320068	0.562012	201	255
[6238]	1601	2079	0	-3.87242	-9.896	0.2	24.7324	-0.700684	-0.678711	0.220581	201	255
[6239]	1612	2079	0	-3.88699	-9.87624	0.2	24.7246	-0.84082	-0.273682	0.466553	201	255
[6240]	1623	2080	0	-3.89918	-10.1241	0.2	24.7815	0.413574	0.781738	-0.466309	201	255
[6241]	1626	2080	0	-3.89884	-10.1328	0.2	24.7874	0.736328	-0.362061	-0.571289	201	255
[6242]	1628	2080	0	-3.84354	-10.136	0.2	24.7735	-0.310547	-0.076355	-0.947266	201	255
[6243]	1632	2081	0	-3.9431	-10.0854	0.2	24.8094	0.346436	0.500488	-0.793457	201	255
[6244]	1626	2081	0	-3.89884	-10.1328	0.2	24.7874	0.736328	-0.362061	-0.571289	201	255
[6245]	1623	2081	0	-3.89918	-10.1241	0.2	24.7815	0.413574	0.781738	-0.466309	201	255
[6246]	1626	2082	0	-3.89884	-10.1328	0.2	24.7874	0.736328	-0.362061	-0.571289	201	255
[6247]	1632	2082	0	-3.9431	-10.0854	0.2	24.8094	0.346436	0.500488	-0.793457	201	255
[6248]	1635	2082	0	-3.9504	-10.1169	0.2	24.818	0.51123	-0.775879	-0.369629	201	255
[6249]	1635	2083	0	-3.9504	-10.1169	0.2	24.818	0.51123	-0.775879	-0.369629	201	255
[6250]	1633	2083	0	-3.90799	-10.1487	0.2	24.772	-0.486084	-0.838379	0.248047	201	255
[6251]	1626	2083	0	-3.89884	-10.1328	0.2	24.7874	0.736328	-0.362061	-0.571289	201	255
[6252]	1626	2084	0	-3.89884	-10.1328	0.2	24.7874	0.736328	-0.362061	-0.571289	201	255
[6253]	1633	2084	0	-3.90799	-10.1487	0.2	24.772	-0.486084	-0.838379	0.248047	201	255
[6254]	1628	2084	0	-3.84354	-10.136	0.2	24.7735	-0.310547	-0.076355	-0.947266	201	255
[6255]	1633	2085	0	-3.90799	-10.1487	0.2	24.772	-0.486084	-0.838379	0.248047	201	255
[6256]	1631	2085	0	-3.90948	-10.1146	0.2	24.7642	-0.767578	0.62793	0.126953	201	255
[6257]	1628	2085	0	-3.84354	-10.136	0.2	24.7735	-0.310547	-0.076355	-0.947266	201	255
[6258]	1631	2086	0	-3.90948	-10.1146	0.2	24.7642	-0.767578	0.62793	0.126953	201	255
[6259]	1627	2086	0	-3.89918	-10.1241	0.2	24.7815	0.413574	0.781738	-0.466309	201	255
[6260]	1628	2086	0	-3.84354	-10.136	0.2	24.7735	-0.310547	-0.076355	-0.947266	201	255
[6261]	1631	2087	0	-3.90948	-10.1146	0.2	24.7642	-0.767578	0.62793	0.126953	201	255
[6262]	1637	2087	0	-3.9431	-10.0854	0.2	24.8094	0.346436	0.500488	-0.793457	201	255
[6263]	1627	2087	0	-3.89918	-10.1241	0.2	24.7815	0.413574	0.781738	-0.466309	201	255
[6264]	1637	2088	0	-3.9431	-10.0854	0.2	24.8094	0.346436	0.500488	-0.793457	201	255
[6265]	1631	2088	0	-3.90948	-10.1146	0.2	24.7642	-0.767578	0.62793	0.126953	201	255
[6266]	1641	2088	0	-3.95851	-10.068	0.2	24.7827	-0.695801	0.70752	0.120483	201	255
[6267]	1641	2089	0	-3.95851	-10.068	0.2	24.7827	-0.695801	0.70752	0.120483	201	255
[6268]	1642	2089	0	-3.95868	-10.0629	0.2	24.8285	-0.778809	-0.489746	-0.392334	201	255
[6269]	1637	2089	0	-3.9431	-10.0854	0.2	24.8094	0.346436	0.500488	-0.793457	201	255
[6270]	1638	2090	0	-3.95868	-10.0629	0.2	24.8285	-0.778809	-0.489746	-0.392334	201	255
[6271]	1635	2090	0	-3.9504	-10.1169	0.2	24.818	0.51123	-0.775879	-0.369629	201	255
[6272]	1632	2090	0	-3.9431	-10.0854	0.2	24.8094	0.346436	0.500488	-0.793457	201	255
[6273]	1635	2091	0	-3.9504	-10.1169	0.2	24.818	0.51123	-0.775879	-0.369629	201	255
[6274]	1638	2091	0	-3.95868	-10.0629	0.2	24.8285	-0.778809	-0.489746	-0.392334	201	255
[6275]	1639	2091	0	-3.99432	-10.0882	0.2	24.8462	-0.36377	-0.825195	0.431885	201	255
[6276]	1639	2092	0	-3.99432	-10.0882	0.2	24.8462	-0.36377	-0.825195	0.431885	201	255
[6277]	1634	2092	0	-3.96911	-10.1158	0.2	24.7955	-0.425537	-0.643555	0.635742	201	255
[6278]	1635	2092	0	-3.9504	-10.1169	0.2	24.818	0.51123	-0.775879	-0.369629	201	255
[6279]	1633	2093	0	-3.90799	-10.1487	0.2	24.772	-0.486084	-0.838379	0.248047	201	255
[6280]	1635	2093	0	-3.9504	-10.1169	0.2	24.818	0.51123	-0.775879	-0.369629	201	255
[6281]	1634	2093	0	-3.96911	-10.1158	0.2	24.7955	-0.425537	-0.643555	0.635742	201	255
[6282]	1634	2094	0	-3.96911	-10.1158	0.2	24.7955	-0.425537	-0.643555	0.635742	201	255
[6283]	1631	2094	0	-3.90948	-10.1146	0.2	24.7642	-0.767578	0.62793	0.126953	201	255
[6284]	1633	2094	0	-3.90799	-10.1487	0.2	24.772	-0.486084	-0.838379	0.248047	201	255
[6285]	1631	2095	0	-3.90948	-10.1146	0.2	24.7642	-0.767578	0.62793	0.126953	201	255
[6286]	1634	2095	0	-3.96911	-10.1158	0.2	24.7955	-0.425537	-0.643555	0.635742	201	255
[6287]	1641	2095	0	-3.95851	-10.068	0.2	24.7827	-0.695801	0.70752	0.120483	201	255
[6288]	1634	2096	0	-3.96911	-10.1158	0.2	24.7955	-0.425537	-0.643555	0.635742	201	255
[6289]	1640	2096	0	-4.00085	-10.0139	0.2	24.8081	-0.813477	-0.342773	0.470215	201	255
[6290]	1641	2096	0	-3.95851	-10.068	0.2	24.7827	-0.695801	0.70752	0.120483	201	255
[6291]	1642	2097	0	-3.95868	-10.0629	0.2	24.8285	-0.778809	-0.489746	-0.392334	201	255
[6292]	1641	2097	0	-3.95851	-10.068	0.2	24.7827	-0.695801	0.70752	0.120483	201	255
[6293]	1640	2097	0	-4.00085	-10.0139	0.2	24.8081	-0.813477	-0.342773	0.470215	201	255
[6294]	1634	2098	0	-3.96911	-10.1158	0.2	24.7955	-0.425537	-0.643555	0.635742	201	255
[6295]	1639	2098	0	-3.99432	-10.0882	0.2	24.8462	-0.36377	-0.825195	0.431885	201	255
[6296]	1636	2098	0	-4.02215	-10.054	0.2	24.8356	-0.626953	-0.620117	0.471436	201	255
[6297]	1640	2099	0	-4.00085	-10.0139	0.2	24.8081	-0.813477	-0.342773	0.470215	201	255
[6298]	1634	2099	0	-3.96911	-10.1158	0.2	24.7955	-0.425537	-0.643555	0.635742	201	255
[6299]	1636	2099	0	-4.02215	-10.054	0.2	24.8356	-0.626953	-0.620117	0.471436	201	255
[6300]	1646	2100	0	-4.11236	-10.0529	0.2	24.7593	0.117493	0.867676	-0.483398	201	255
[6301]	1645	2100	0	-4.10957	-10.0761	0.2	24.7716	0.521973	-0.616211	-0.589355	201	255
[6302]	1643	2100	0	-4.07032	-10.0705	0.2	24.7477	-0.506348	-0.0324097	-0.861816	201	255
[6303]	1647	2101	0	-4.13459	-10.0221	0.2	24.7822	0.108154	0.655273	-0.747559	201	255
[6304]	1645	2101	0	-4.10957	-10.0761	0.2	24.7716	0.521973	-0.616211	-0.589355	201	255
[6305]	1646	2101	0	-4.11236	-10.0529	0.2	24.7593	0.117493	0.867676	-0.483398	201	255
[6306]	1645	2102	0	-4.10957	-10.0761	0.2	24.7716	0.521973	-0.616211	-0.589355	201	255
[6307]	1647	2102	0	-4.13459	-10.0221	0.2	24.7822	0.108154	0.655273	-0.747559	201	255
[6308]	1648	2102	0	-4.14679	-10.0559	0.2	24.7976	0.467773	-0.837402	-0.281738	201	255
[6309]	1648	2103	0	-4.14679	-10.0559	0.2	24.7976	0.467773	-0.837402	-0.281738	201	255
[6310]	1650	2103	0	-4.11963	-10.0798	0.2	24.7546	-0.652344	-0.594727	0.469971	201	255
[6311]	1645	2103	0	-4.10957	-10.0761	0.2	24.7716	0.521973	-0.616211	-0.589355	201	255
[6312]	1645	2104	0	-4.10957	-10.0761	0.2	24.7716	0.521973	-0.616211	-0.589355	201	255
[6313]	1650	2104	0	-4.11963	-10.0798	0.2	24.7546	-0.652344	-0.594727	0.469971	201	255
[6314]	1643	2104	0	-4.07032	-10.0705	0.2	24.7477	-0.506348	-0.0324097	-0.861816	201	255
[6315]	1650	2105	0	-4.11963	-10.0798	0.2	24.7546	-0.652344	-0.594727	0.469971	201	255
[6316]	1649	2105	0	-4.11537	-10.0538	0.2	24.7558	-0.692871	0.695801	0.188721	201	255
[6317]	1643	2105	0	-4.07032	-10.0705	0.2	24.7477	-0.506348	-0.0324097	-0.861816	201	255
[6318]	1649	2106	0	-4.11537	-10.0538	0.2	24.7558	-0.692871	0.695801	0.188721	201	255
[6319]	1651	2106	0	-4.11236	-10.0529	0.2	24.7593	0.117493	0.867676	-0.483398	201	255
[6320]	1643	2106	0	-4.07032	-10.0705	0.2	24.7477	-0.506348	-0.0324097	-0.861816	201	255
[6321]	1649	2107	0	-4.11537	-10.0538	0.2	24.7558	-0.692871	0.695801	0.188721	201	255
[6322]	1652	2107	0	-4.13459	-10.0221	0.2	24.7822	0.108154	0.655273	-0.747559	201	255
[6323]	1651	2107	0	-4.11236	-10.0529	0.2	24.7593	0.117493	0.867676	-0.483398	201	255
[6324]	1652	2108	0	-4.13459	-10.0221	0.2	24.7822	0.108154	0.655273	-0.747559	201	255
[6325]	1649	2108	0	-4.11537	-10.0538	0.2	24.7558	-0.692871	0.695801	0.188721	201	255
[6326]	1656	2108	0	-4.15813	-10.0175	0.2	24.7673	-0.773926	0.46875	0.425781	201	255
[6327]	1656	2109	0	-4.15813	-10.0175	0.2	24.7673	-0.773926	0.46875	0.425781	201	255
[6328]	1653	2109	0	-4.14641	-9.99396	0.2	24.7996	-0.877441	-0.406494	-0.254883	201	255
[6329]	1652	2109	0	-4.13459	-10.0221	0.2	24.7822	0.108154	0.655273	-0.747559	201	255
[6330]	1654	2110	0	-4.14641	-9.99396	0.2	24.7996	-0.877441	-0.406494	-0.254883	201	255
[6331]	1648	2110	0	-4.14679	-10.0559	0.2	24.7976	0.467773	-0.837402	-0.281738	201	255
[6332]	1647	2110	0	-4.13459	-10.0221	0.2	24.7822	0.108154	0.655273	-0.747559	201	255
[6333]	1648	2111	0	-4.14679	-10.0559	0.2	24.7976	0.467773	-0.837402	-0.281738	201	255
[6334]	1654	2111	0	-4.14641	-9.99396	0.2	24.7996	-0.877441	-0.406494	-0.254883	201	255
[6335]	1644	2111	0	-4.17463	-10.0135	0.2	24.8316	-0.640625	-0.766113	-0.0532227	201	255
[6336]	1644	2112	0	-4.17463	-10.0135	0.2	24.8316	-0.640625	-0.766113	-0.0532227	201	255
[6337]	1661	2112	0	-4.16422	-10.0437	0.2	24.7768	-0.364014	-0.562012	0.742676	201	255
[6338]	1648	2112	0	-4.14679	-10.0559	0.2	24.7976	0.467773	-0.837402	-0.281738	201	255
[6339]	1650	2113	0	-4.11963	-10.0798	0.2	24.7546	-0.652344	-0.594727	0.469971	201	255
[6340]	1648	2113	0	-4.14679	-10.0559	0.2	24.7976	0.467773	-0.837402	-0.281738	201	255
[6341]	1661	2113	0	-4.16422	-10.0437	0.2	24.7768	-0.364014	-0.562012	0.742676	201	255
[6342]	1661	2114	0	-4.16422	-10.0437	0.2	24.7768	-0.364014	-0.562012	0.742676	201	255
[6343]	1649	2114	0	-4.11537	-10.0538	0.2	24.7558	-0.692871	0.695801	0.188721	201	255
[6344]	1650	2114	0	-4.11963	-10.0798	0.2	24.7546	-0.652344	-0.594727	0.469971	201	255
[6345]	1649	2115	0	-4.11537	-10.0538	0.2	24.7558	-0.692871	0.695801	0.188721	201	255
[6346]	1661	2115	0	-4.16422	-10.0437	0.2	24.7768	-0.364014	-0.562012	0.742676	201	255
[6347]	1656	2115	0	-4.15813	-10.0175	0.2	24.7673	-0.773926	0.46875	0.425781	201	255
[6348]	1661	2116	0	-4.16422	-10.0437	0.2	24.7768	-0.364014	-0.562012	0.742676	201	255
[6349]	1659	2116	0	-4.17528	-9.9743	0.2	24.7863	-0.915527	-0.186401	0.357178	201	255
[6350]	1656	2116	0	-4.15813	-10.0175	0.2	24.7673	-0.773926	0.46875	0.425781	201	255
[6351]	1653	2117	0	-4.14641	-9.99396	0.2	24.7996	-0.877441	-0.406494	-0.254883	201	255
[6352]	1656	2117	0	-4.15813	-10.0175	0.2	24.7673	-0.773926	0.46875	0.425781	201	255
[6353]	1659	2117	0	-4.17528	-9.9743	0.2	24.7863	-0.915527	-0.186401	0.357178	201	255
[6354]	1661	2118	0	-4.16422	-10.0437	0.2	24.7768	-0.364014	-0.562012	0.742676	201	255
[6355]	1644	2118	0	-4.17463	-10.0135	0.2	24.8316	-0.640625	-0.766113	-0.0532227	201	255
[6356]	1657	2118	0	-4.19297	-10.0017	0.2	24.801	-0.718262	-0.602051	0.348145	201	255
[6357]	1659	2119	0	-4.17528	-9.9743	0.2	24.7863	-0.915527	-0.186401	0.357178	201	255
[6358]	1661	2119	0	-4.16422	-10.0437	0.2	24.7768	-0.364014	-0.562012	0.742676	201	255
[6359]	1657	2119	0	-4.19297	-10.0017	0.2	24.801	-0.718262	-0.602051	0.348145	201	255
[6360]	1655	2120	0	-4.10844	-10.1816	0.2	24.8544	0.468994	0.703125	-0.53418	201	255
[6361]	1658	2120	0	-4.11228	-10.1959	0.2	24.8643	0.624023	-0.625	-0.469238	201	255
[6362]	1663	2120	0	-4.06963	-10.2009	0.2	24.8491	-0.385498	-0.144531	-0.911133	201	255
[6363]	1662	2121	0	-4.14004	-10.1534	0.2	24.8691	0.223999	0.459961	-0.859375	201	255
[6364]	1658	2121	0	-4.11228	-10.1959	0.2	24.8643	0.624023	-0.625	-0.469238	201	255
[6365]	1655	2121	0	-4.10844	-10.1816	0.2	24.8544	0.468994	0.703125	-0.53418	201	255
[6366]	1658	2122	0	-4.11228	-10.1959	0.2	24.8643	0.624023	-0.625	-0.469238	201	255
[6367]	1662	2122	0	-4.14004	-10.1534	0.2	24.8691	0.223999	0.459961	-0.859375	201	255
[6368]	1665	2122	0	-4.14748	-10.181	0.2	24.8837	0.334473	-0.850586	-0.40625	201	255
[6369]	1665	2123	0	-4.14748	-10.181	0.2	24.8837	0.334473	-0.850586	-0.40625	201	255
[6370]	1672	2123	0	-4.11785	-10.1978	0.2	24.848	-0.620605	-0.661621	0.421143	201	255
[6371]	1658	2123	0	-4.11228	-10.1959	0.2	24.8643	0.624023	-0.625	-0.469238	201	255
[6372]	1658	2124	0	-4.11228	-10.1959	0.2	24.8643	0.624023	-0.625	-0.469238	201	255
[6373]	1672	2124	0	-4.11785	-10.1978	0.2	24.848	-0.620605	-0.661621	0.421143	201	255
[6374]	1663	2124	0	-4.06963	-10.2009	0.2	24.8491	-0.385498	-0.144531	-0.911133	201	255
[6375]	1672	2125	0	-4.11785	-10.1978	0.2	24.848	-0.620605	-0.661621	0.421143	201	255
[6376]	1667	2125	0	-4.11055	-10.1767	0.2	24.844	-0.703613	0.710449	-0.0186157	201	255
[6377]	1663	2125	0	-4.06963	-10.2009	0.2	24.8491	-0.385498	-0.144531	-0.911133	201	255
[6378]	1667	2126	0	-4.11055	-10.1767	0.2	24.844	-0.703613	0.710449	-0.0186157	201	255
[6379]	1660	2126	0	-4.10844	-10.1816	0.2	24.8544	0.468994	0.703125	-0.53418	201	255
[6380]	1663	2126	0	-4.06963	-10.2009	0.2	24.8491	-0.385498	-0.144531	-0.911133	201	255
[6381]	1667	2127	0	-4.11055	-10.1767	0.2	24.844	-0.703613	0.710449	-0.0186157	201	255
[6382]	1671	2127	0	-4.14004	-10.1534	0.2	24.8691	0.223999	0.459961	-0.859375	201	255
[6383]	1660	2127	0	-4.10844	-10.1816	0.2	24.8544	0.468994	0.703125	-0.53418	201	255
[6384]	1671	2128	0	-4.14004	-10.1534	0.2	24.8691	0.223999	0.459961	-0.859375	201	255
[6385]	1667	2128	0	-4.11055	-10.1767	0.2	24.844	-0.703613	0.710449	-0.0186157	201	255
[6386]	1670	2128	0	-4.14912	-10.1392	0.2	24.8543	-0.833008	0.543457	0.103271	201	255
[6387]	1670	2129	0	-4.14912	-10.1392	0.2	24.8543	-0.833008	0.543457	0.103271	201	255
[6388]	1669	2129	0	-4.14778	-10.1019	0.2	24.8879	-0.931152	-0.313232	-0.186035	201	255
[6389]	1671	2129	0	-4.14004	-10.1534	0.2	24.8691	0.223999	0.459961	-0.859375	201	255
[6390]	1666	2130	0	-4.14778	-10.1019	0.2	24.8879	-0.931152	-0.313232	-0.186035	201	255
[6391]	1665	2130	0	-4.14748	-10.181	0.2	24.8837	0.334473	-0.850586	-0.40625	201	255
[6392]	1662	2130	0	-4.14004	-10.1534	0.2	24.8691	0.223999	0.459961	-0.859375	201	255
[6393]	1665	2131	0	-4.14748	-10.181	0.2	24.8837	0.334473	-0.850586	-0.40625	201	255
[6394]	1666	2131	0	-4.14778	-10.1019	0.2	24.8879	-0.931152	-0.313232	-0.186035	201	255
[6395]	1664	2131	0	-4.16801	-10.1665	0.2	24.9145	-0.279785	-0.916504	0.285889	201	255
[6396]	1664	2132	0	-4.16801	-10.1665	0.2	24.9145	-0.279785	-0.916504	0.285889	201	255
[6397]	1675	2132	0	-4.1634	-10.1723	0.2	24.8653	-0.495117	-0.55127	0.670898	201	255
[6398]	1665	2132	0	-4.14748	-10.181	0.2	24.8837	0.334473	-0.850586	-0.40625	201	255
[6399]	1672	2133	0	-4.11785	-10.1978	0.2	24.848	-0.620605	-0.661621	0.421143	201	255
[6400]	1665	2133	0	-4.14748	-10.181	0.2	24.8837	0.334473	-0.850586	-0.40625	201	255
[6401]	1675	2133	0	-4.1634	-10.1723	0.2	24.8653	-0.495117	-0.55127	0.670898	201	255
[6402]	1670	2134	0	-4.14912	-10.1392	0.2	24.8543	-0.833008	0.543457	0.103271	201	255
[6403]	1672	2134	0	-4.11785	-10.1978	0.2	24.848	-0.620605	-0.661621	0.421143	201	255
[6404]	1675	2134	0	-4.1634	-10.1723	0.2	24.8653	-0.495117	-0.55127	0.670898	201	255
[6405]	1672	2135	0	-4.11785	-10.1978	0.2	24.848	-0.620605	-0.661621	0.421143	201	255
[6406]	1670	2135	0	-4.14912	-10.1392	0.2	24.8543	-0.833008	0.543457	0.103271	201	255
[6407]	1667	2135	0	-4.11055	-10.1767	0.2	24.844	-0.703613	0.710449	-0.0186157	201	255
[6408]	1675	2136	0	-4.1634	-10.1723	0.2	24.8653	-0.495117	-0.55127	0.670898	201	255
[6409]	1664	2136	0	-4.16801	-10.1665	0.2	24.9145	-0.279785	-0.916504	0.285889	201	255
[6410]	1668	2136	0	-4.20461	-10.1252	0.2	24.8964	-0.52832	-0.771484	0.354248	201	255
[6411]	1673	2137	0	-4.17355	-10.0987	0.2	24.8675	-0.940918	-0.192139	0.27832	201	255
[6412]	1675	2137	0	-4.1634	-10.1723	0.2	24.8653	-0.495117	-0.55127	0.670898	201	255
[6413]	1668	2137	0	-4.20461	-10.1252	0.2	24.8964	-0.52832	-0.771484	0.354248	201	255
[6414]	1675	2138	0	-4.1634	-10.1723	0.2	24.8653	-0.495117	-0.55127	0.670898	201	255
[6415]	1673	2138	0	-4.17355	-10.0987	0.2	24.8675	-0.940918	-0.192139	0.27832	201	255
[6416]	1670	2138	0	-4.14912	-10.1392	0.2	24.8543	-0.833008	0.543457	0.103271	201	255
[6417]	1669	2139	0	-4.14778	-10.1019	0.2	24.8879	-0.931152	-0.313232	-0.186035	201	255
[6418]	1670	2139	0	-4.14912	-10.1392	0.2	24.8543	-0.833008	0.543457	0.103271	201	255
[6419]	1673	2139	0	-4.17355	-10.0987	0.2	24.8675	-0.940918	-0.192139	0.27832	201	255
[6420]	1721	2140	0	-4.18886	-10.3998	0.2	25.0732	0.706055	0.577148	-0.410156	201	255
[6421]	1717	2140	0	-4.18478	-10.4177	0.2	25.074	0.490723	-0.747559	-0.448242	201	255
[6422]	1718	2140	0	-4.16559	-10.3958	0.2	25.0667	-0.289551	0.137451	-0.947266	201	255
[6423]	1721	2141	0	-4.18886	-10.3998	0.2	25.0732	0.706055	0.577148	-0.410156	201	255
[6424]	1719	2141	0	-4.22697	-10.4232	0.2	25.0869	0.598633	-0.698242	-0.39209	201	255
[6425]	1717	2141	0	-4.18478	-10.4177	0.2	25.074	0.490723	-0.747559	-0.448242	201	255
[6426]	1719	2142	0	-4.22697	-10.4232	0.2	25.0869	0.598633	-0.698242	-0.39209	201	255
[6427]	1723	2142	0	-4.18788	-10.4194	0.2	25.0522	-0.916992	-0.383057	0.109741	201	255
[6428]	1717	2142	0	-4.18478	-10.4177	0.2	25.074	0.490723	-0.747559	-0.448242	201	255
[6429]	1717	2143	0	-4.18478	-10.4177	0.2	25.074	0.490723	-0.747559	-0.448242	201	255
[6430]	1723	2143	0	-4.18788	-10.4194	0.2	25.0522	-0.916992	-0.383057	0.109741	201	255
[6431]	1718	2143	0	-4.16559	-10.3958	0.2	25.0667	-0.289551	0.137451	-0.947266	201	255
[6432]	1723	2144	0	-4.18788	-10.4194	0.2	25.0522	-0.916992	-0.383057	0.109741	201	255
[6433]	1726	2144	0	-4.18956	-10.3971	0.2	25.0597	-0.346436	0.9375	0.0367432	201	255
[6434]	1718	2144	0	-4.16559	-10.3958	0.2	25.0667	-0.289551	0.137451	-0.947266	201	255
[6435]	1726	2145	0	-4.18956	-10.3971	0.2	25.0597	-0.346436	0.9375	0.0367432	201	255
[6436]	1720	2145	0	-4.18886	-10.3998	0.2	25.0732	0.706055	0.577148	-0.410156	201	255
[6437]	1718	2145	0	-4.16559	-10.3958	0.2	25.0667	-0.289551	0.137451	-0.947266	201	255
[6438]	1726	2146	0	-4.18956	-10.3971	0.2	25.0597	-0.346436	0.9375	0.0367432	201	255
[6439]	1722	2146	0	-4.22619	-10.3915	0.2	25.0759	0.556641	0.678711	-0.479004	201	255
[6440]	1720	2146	0	-4.18886	-10.3998	0.2	25.0732	0.706055	0.577148	-0.410156	201	255
[6441]	1722	2147	0	-4.22619	-10.3915	0.2	25.0759	0.556641	0.678711	-0.479004	201	255
[6442]	1726	2147	0	-4.18956	-10.3971	0.2	25.0597	-0.346436	0.9375	0.0367432	201	255
[6443]	1724	2147	0	-4.22989	-10.3865	0.2	25.0586	-0.519043	0.854492	-0.0227966	201	255
[6444]	1724	2148	0	-4.22989	-10.3865	0.2	25.0586	-0.519043	0.854492	-0.0227966	201	255
[6445]	1730	2148	0	-4.25977	-10.3626	0.2	25.0855	0.304688	0.625488	-0.718262	201	255
[6446]	1722	2148	0	-4.22619	-10.3915	0.2	25.0759	0.556641	0.678711	-0.479004	201	255
[6447]	1719	2149	0	-4.22697	-10.4232	0.2	25.0869	0.598633	-0.698242	-0.39209	201	255
[6448]	1721	2149	0	-4.18886	-10.3998	0.2	25.0732	0.706055	0.577148	-0.410156	201	255
[6449]	1728	2149	0	-4.22619	-10.3915	0.2	25.0759	0.556152	0.677246	-0.481689	201	255
[6450]	1727	2150	0	-4.25977	-10.3626	0.2	25.0855	0.304688	0.625488	-0.718262	201	255
[6451]	1719	2150	0	-4.22697	-10.4232	0.2	25.0869	0.598633	-0.698242	-0.39209	201	255
[6452]	1728	2150	0	-4.22619	-10.3915	0.2	25.0759	0.556152	0.677246	-0.481689	201	255
[6453]	1719	2151	0	-4.22697	-10.4232	0.2	25.0869	0.598633	-0.698242	-0.39209	201	255
[6454]	1727	2151	0	-4.25977	-10.3626	0.2	25.0855	0.304688	0.625488	-0.718262	201	255
[6455]	1725	2151	0	-4.27412	-10.4104	0.2	25.1058	0.502441	-0.788086	-0.355713	201	255
[6456]	1725	2152	0	-4.27412	-10.4104	0.2	25.1058	0.502441	-0.788086	-0.355713	201	255
[6457]	1731	2152	0	-4.23328	-10.4236	0.2	25.053	-0.796387	-0.513184	0.320312	201	255
[6458]	1719	2152	0	-4.22697	-10.4232	0.2	25.0869	0.598633	-0.698242	-0.39209	201	255
[6459]	1723	2153	0	-4.18788	-10.4194	0.2	25.0522	-0.916992	-0.383057	0.109741	201	255
[6460]	1719	2153	0	-4.22697	-10.4232	0.2	25.0869	0.598633	-0.698242	-0.39209	201	255
[6461]	1731	2153	0	-4.23328	-10.4236	0.2	25.053	-0.796387	-0.513184	0.320312	201	255
[6462]	1731	2154	0	-4.23328	-10.4236	0.2	25.053	-0.796387	-0.513184	0.320312	201	255
[6463]	1726	2154	0	-4.18956	-10.3971	0.2	25.0597	-0.346436	0.9375	0.0367432	201	255
[6464]	1723	2154	0	-4.18788	-10.4194	0.2	25.0522	-0.916992	-0.383057	0.109741	201	255
[6465]	1726	2155	0	-4.18956	-10.3971	0.2	25.0597	-0.346436	0.9375	0.0367432	201	255
[6466]	1731	2155	0	-4.23328	-10.4236	0.2	25.053	-0.796387	-0.513184	0.320312	201	255
[6467]	1724	2155	0	-4.22989	-10.3865	0.2	25.0586	-0.519043	0.854492	-0.0227966	201	255
[6468]	1731	2156	0	-4.23328	-10.4236	0.2	25.053	-0.796387	-0.513184	0.320312	201	255
[6469]	1732	2156	0	-4.27148	-10.3614	0.2	25.0601	-0.760742	0.636719	0.124451	201	255
[6470]	1724	2156	0	-4.22989	-10.3865	0.2	25.0586	-0.519043	0.854492	-0.0227966	201	255
[6471]	1730	2157	0	-4.25977	-10.3626	0.2	25.0855	0.304688	0.625488	-0.718262	201	255
[6472]	1724	2157	0	-4.22989	-10.3865	0.2	25.0586	-0.519043	0.854492	-0.0227966	201	255
[6473]	1732	2157	0	-4.27148	-10.3614	0.2	25.0601	-0.760742	0.636719	0.124451	201	255
[6474]	1732	2158	0	-4.27148	-10.3614	0.2	25.0601	-0.760742	0.636719	0.124451	201	255
[6475]	1735	2158	0	-4.2751	-10.3232	0.2	25.0973	-0.587402	-0.52002	-0.620117	201	255
[6476]	1730	2158	0	-4.25977	-10.3626	0.2	25.0855	0.304688	0.625488	-0.718262	201	255
[6477]	1735	2159	0	-4.2751	-10.3232	0.2	25.0973	-0.587402	-0.52002	-0.620117	201	255
[6478]	1732	2159	0	-4.27148	-10.3614	0.2	25.0601	-0.760742	0.636719	0.124451	201	255
[6479]	1734	2159	0	-4.30994	-10.3228	0.2	25.0657	-0.855469	-0.410645	0.315186	201	255
[6480]	1737	2160	0	-4.29163	-10.4024	0.2	25.0662	-0.618652	-0.572266	0.538086	201	255
[6481]	1734	2160	0	-4.30994	-10.3228	0.2	25.0657	-0.855469	-0.410645	0.315186	201	255
[6482]	1732	2160	0	-4.27148	-10.3614	0.2	25.0601	-0.760742	0.636719	0.124451	201	255
[6483]	1734	2161	0	-4.30994	-10.3228	0.2	25.0657	-0.855469	-0.410645	0.315186	201	255
[6484]	1737	2161	0	-4.29163	-10.4024	0.2	25.0662	-0.618652	-0.572266	0.538086	201	255
[6485]	1733	2161	0	-4.37109	-10.3331	0.2	25.1065	-0.657715	-0.743164	0.12561	201	255
[6486]	1729	2162	0	-4.2751	-10.3232	0.2	25.0973	-0.587402	-0.52002	-0.620117	201	255
[6487]	1725	2162	0	-4.27412	-10.4104	0.2	25.1058	0.502441	-0.788086	-0.355713	201	255
[6488]	1727	2162	0	-4.25977	-10.3626	0.2	25.0855	0.304688	0.625488	-0.718262	201	255
[6489]	1725	2163	0	-4.27412	-10.4104	0.2	25.1058	0.502441	-0.788086	-0.355713	201	255
[6490]	1729	2163	0	-4.2751	-10.3232	0.2	25.0973	-0.587402	-0.52002	-0.620117	201	255
[6491]	1736	2163	0	-4.32434	-10.3802	0.2	25.131	-0.47876	-0.850586	0.217041	201	255
[6492]	1736	2164	0	-4.32434	-10.3802	0.2	25.131	-0.47876	-0.850586	0.217041	201	255
[6493]	1737	2164	0	-4.29163	-10.4024	0.2	25.0662	-0.618652	-0.572266	0.538086	201	255
[6494]	1725	2164	0	-4.27412	-10.4104	0.2	25.1058	0.502441	-0.788086	-0.355713	201	255
[6495]	1731	2165	0	-4.23328	-10.4236	0.2	25.053	-0.796387	-0.513184	0.320312	201	255
[6496]	1725	2165	0	-4.27412	-10.4104	0.2	25.1058	0.502441	-0.788086	-0.355713	201	255
[6497]	1737	2165	0	-4.29163	-10.4024	0.2	25.0662	-0.618652	-0.572266	0.538086	201	255
[6498]	1732	2166	0	-4.27148	-10.3614	0.2	25.0601	-0.760742	0.636719	0.124451	201	255
[6499]	1731	2166	0	-4.23328	-10.4236	0.2	25.053	-0.796387	-0.513184	0.320312	201	255
[6500]	1737	2166	0	-4.29163	-10.4024	0.2	25.0662	-0.618652	-0.572266	0.538086	201	255
[6501]	1737	2167	0	-4.29163	-10.4024	0.2	25.0662	-0.618652	-0.572266	0.538086	201	255
[6502]	1736	2167	0	-4.32434	-10.3802	0.2	25.131	-0.47876	-0.850586	0.217041	201	255
[6503]	1733	2167	0	-4.37109	-10.3331	0.2	25.1065	-0.657715	-0.743164	0.12561	201	255
[6504]	1738	2168	0	-4.2147	-10.5406	0.2	25.2462	0.879395	0.242554	-0.40918	201	255
[6505]	1745	2168	0	-4.21617	-10.5614	0.2	25.241	0.177368	-0.944824	-0.275879	201	255
[6506]	1739	2168	0	-4.19956	-10.5388	0.2	25.2431	-0.177612	0.0908203	-0.97998	201	255
[6507]	1744	2169	0	-4.24158	-10.5414	0.2	25.2476	0.856934	0.238647	-0.456787	201	255
[6508]	1745	2169	0	-4.21617	-10.5614	0.2	25.241	0.177368	-0.944824	-0.275879	201	255
[6509]	1738	2169	0	-4.2147	-10.5406	0.2	25.2462	0.879395	0.242554	-0.40918	201	255
[6510]	1745	2170	0	-4.21617	-10.5614	0.2	25.241	0.177368	-0.944824	-0.275879	201	255
[6511]	1744	2170	0	-4.24158	-10.5414	0.2	25.2476	0.856934	0.238647	-0.456787	201	255
[6512]	1743	2170	0	-4.24571	-10.5681	0.2	25.2401	0.126709	-0.990234	-0.0588074	201	255
[6513]	1743	2171	0	-4.24571	-10.5681	0.2	25.2401	0.126709	-0.990234	-0.0588074	201	255
[6514]	1757	2171	0	-4.21557	-10.555	0.2	25.2264	-0.950195	-0.311523	-0.016449	201	255
[6515]	1745	2171	0	-4.21617	-10.5614	0.2	25.241	0.177368	-0.944824	-0.275879	201	255
[6516]	1745	2172	0	-4.21617	-10.5614	0.2	25.241	0.177368	-0.944824	-0.275879	201	255
[6517]	1757	2172	0	-4.21557	-10.555	0.2	25.2264	-0.950195	-0.311523	-0.016449	201	255
[6518]	1739	2172	0	-4.19956	-10.5388	0.2	25.2431	-0.177612	0.0908203	-0.97998	201	255
[6519]	1757	2173	0	-4.21557	-10.555	0.2	25.2264	-0.950195	-0.311523	-0.016449	201	255
[6520]	1752	2173	0	-4.21288	-10.5338	0.2	25.2323	-0.318848	0.939453	-0.126221	201	255
[6521]	1739	2173	0	-4.19956	-10.5388	0.2	25.2431	-0.177612	0.0908203	-0.97998	201	255
[6522]	1752	2174	0	-4.21288	-10.5338	0.2	25.2323	-0.318848	0.939453	-0.126221	201	255
[6523]	1750	2174	0	-4.2147	-10.5406	0.2	25.2462	0.879395	0.242554	-0.40918	201	255
[6524]	1739	2174	0	-4.19956	-10.5388	0.2	25.2431	-0.177612	0.0908203	-0.97998	201	255
[6525]	1752	2175	0	-4.21288	-10.5338	0.2	25.2323	-0.318848	0.939453	-0.126221	201	255
[6526]	1741	2175	0	-4.24158	-10.5414	0.2	25.2476	0.856934	0.238647	-0.456787	201	255
[6527]	1750	2175	0	-4.2147	-10.5406	0.2	25.2462	0.879395	0.242554	-0.40918	201	255
[6528]	1741	2176	0	-4.24158	-10.5414	0.2	25.2476	0.856934	0.238647	-0.456787	201	255
[6529]	1752	2176	0	-4.21288	-10.5338	0.2	25.2323	-0.318848	0.939453	-0.126221	201	255
[6530]	1742	2176	0	-4.24252	-10.5311	0.2	25.2213	-0.54248	0.838379	-0.0480347	201	255
[6531]	1742	2177	0	-4.24252	-10.5311	0.2	25.2213	-0.54248	0.838379	-0.0480347	201	255
[6532]	1746	2177	0	-4.26918	-10.5306	0.2	25.2569	0.797363	0.162231	-0.582031	201	255
[6533]	1741	2177	0	-4.24158	-10.5414	0.2	25.2476	0.856934	0.238647	-0.456787	201	255
[6534]	1751	2178	0	-4.26918	-10.5306	0.2	25.2569	0.797363	0.162231	-0.582031	201	255
[6535]	1743	2178	0	-4.24571	-10.5681	0.2	25.2401	0.126709	-0.990234	-0.0588074	201	255
[6536]	1744	2178	0	-4.24158	-10.5414	0.2	25.2476	0.856934	0.238647	-0.456787	201	255
[6537]	1743	2179	0	-4.24571	-10.5681	0.2	25.2401	0.126709	-0.990234	-0.0588074	201	255
[6538]	1751	2179	0	-4.26918	-10.5306	0.2	25.2569	0.797363	0.162231	-0.582031	201	255
[6539]	1747	2179	0	-4.28478	-10.5584	0.2	25.2479	0.233643	-0.971191	0.0446777	201	255
[6540]	1747	2180	0	-4.28478	-10.5584	0.2	25.2479	0.233643	-0.971191	0.0446777	201	255
[6541]	1740	2180	0	-4.24825	-10.5553	0.2	25.2207	-0.853516	-0.446045	0.270264	201	255
[6542]	1743	2180	0	-4.24571	-10.5681	0.2	25.2401	0.126709	-0.990234	-0.0588074	201	255
[6543]	1757	2181	0	-4.21557	-10.555	0.2	25.2264	-0.950195	-0.311523	-0.016449	201	255
[6544]	1743	2181	0	-4.24571	-10.5681	0.2	25.2401	0.126709	-0.990234	-0.0588074	201	255
[6545]	1740	2181	0	-4.24825	-10.5553	0.2	25.2207	-0.853516	-0.446045	0.270264	201	255
[6546]	1742	2182	0	-4.24252	-10.5311	0.2	25.2213	-0.54248	0.838379	-0.0480347	201	255
[6547]	1757	2182	0	-4.21557	-10.555	0.2	25.2264	-0.950195	-0.311523	-0.016449	201	255
[6548]	1740	2182	0	-4.24825	-10.5553	0.2	25.2207	-0.853516	-0.446045	0.270264	201	255
[6549]	1757	2183	0	-4.21557	-10.555	0.2	25.2264	-0.950195	-0.311523	-0.016449	201	255
[6550]	1742	2183	0	-4.24252	-10.5311	0.2	25.2213	-0.54248	0.838379	-0.0480347	201	255
[6551]	1752	2183	0	-4.21288	-10.5338	0.2	25.2323	-0.318848	0.939453	-0.126221	201	255
[6552]	1749	2184	0	-4.2917	-10.5054	0.2	25.2642	-0.54541	-0.728027	-0.415527	201	255
[6553]	1747	2184	0	-4.28478	-10.5584	0.2	25.2479	0.233643	-0.971191	0.0446777	201	255
[6554]	1751	2184	0	-4.26918	-10.5306	0.2	25.2569	0.797363	0.162231	-0.582031	201	255
[6555]	1747	2185	0	-4.28478	-10.5584	0.2	25.2479	0.233643	-0.971191	0.0446777	201	255
[6556]	1749	2185	0	-4.2917	-10.5054	0.2	25.2642	-0.54541	-0.728027	-0.415527	201	255
[6557]	1755	2185	0	-4.32765	-10.5355	0.2	25.2642	-0.600586	-0.794434	0.0911865	201	255
[6558]	1755	2186	0	-4.32765	-10.5355	0.2	25.2642	-0.600586	-0.794434	0.0911865	201	255
[6559]	1759	2186	0	-4.29372	-10.5393	0.2	25.217	-0.714355	-0.478516	0.510742	201	255
[6560]	1747	2186	0	-4.28478	-10.5584	0.2	25.2479	0.233643	-0.971191	0.0446777	201	255
[6561]	1740	2187	0	-4.24825	-10.5553	0.2	25.2207	-0.853516	-0.446045	0.270264	201	255
[6562]	1747	2187	0	-4.28478	-10.5584	0.2	25.2479	0.233643	-0.971191	0.0446777	201	255
[6563]	1759	2187	0	-4.29372	-10.5393	0.2	25.217	-0.714355	-0.478516	0.510742	201	255
[6564]	1753	2188	0	-4.28587	-10.5096	0.2	25.2113	-0.788574	0.612793	0.0486145	201	255
[6565]	1740	2188	0	-4.24825	-10.5553	0.2	25.2207	-0.853516	-0.446045	0.270264	201	255
[6566]	1759	2188	0	-4.29372	-10.5393	0.2	25.217	-0.714355	-0.478516	0.510742	201	255
[6567]	1740	2189	0	-4.24825	-10.5553	0.2	25.2207	-0.853516	-0.446045	0.270264	201	255
[6568]	1753	2189	0	-4.28587	-10.5096	0.2	25.2113	-0.788574	0.612793	0.0486145	201	255
[6569]	1742	2189	0	-4.24252	-10.5311	0.2	25.2213	-0.54248	0.838379	-0.0480347	201	255
[6570]	1746	2190	0	-4.26918	-10.5306	0.2	25.2569	0.797363	0.162231	-0.582031	201	255
[6571]	1742	2190	0	-4.24252	-10.5311	0.2	25.2213	-0.54248	0.838379	-0.0480347	201	255
[6572]	1753	2190	0	-4.28587	-10.5096	0.2	25.2113	-0.788574	0.612793	0.0486145	201	255
[6573]	1753	2191	0	-4.28587	-10.5096	0.2	25.2113	-0.788574	0.612793	0.0486145	201	255
[6574]	1748	2191	0	-4.2917	-10.5054	0.2	25.2642	-0.543457	-0.728027	-0.41748	201	255
[6575]	1746	2191	0	-4.26918	-10.5306	0.2	25.2569	0.797363	0.162231	-0.582031	201	255
[6576]	1748	2192	0	-4.2917	-10.5054	0.2	25.2642	-0.543457	-0.728027	-0.41748	201	255
[6577]	1753	2192	0	-4.28587	-10.5096	0.2	25.2113	-0.788574	0.612793	0.0486145	201	255
[6578]	1756	2192	0	-4.30703	-10.4727	0.2	25.2211	-0.902832	-0.39624	0.167358	201	255
[6579]	1759	2193	0	-4.29372	-10.5393	0.2	25.217	-0.714355	-0.478516	0.510742	201	255
[6580]	1756	2193	0	-4.30703	-10.4727	0.2	25.2211	-0.902832	-0.39624	0.167358	201	255
[6581]	1753	2193	0	-4.28587	-10.5096	0.2	25.2113	-0.788574	0.612793	0.0486145	201	255
[6582]	1756	2194	0	-4.30703	-10.4727	0.2	25.2211	-0.902832	-0.39624	0.167358	201	255
[6583]	1759	2194	0	-4.29372	-10.5393	0.2	25.217	-0.714355	-0.478516	0.510742	201	255
[6584]	1754	2194	0	-4.35536	-10.501	0.2	25.2373	-0.847168	-0.516113	0.124695	201	255
[6585]	1759	2195	0	-4.29372	-10.5393	0.2	25.217	-0.714355	-0.478516	0.510742	201	255
[6586]	1755	2195	0	-4.32765	-10.5355	0.2	25.2642	-0.600586	-0.794434	0.0911865	201	255
[6587]	1754	2195	0	-4.35536	-10.501	0.2	25.2373	-0.847168	-0.516113	0.124695	201	255
[6588]	1758	2196	0	-4.20116	-10.6806	0.2	25.3789	0.654785	0.652344	-0.381836	201	255
[6589]	1768	2196	0	-4.20303	-10.699	0.2	25.3825	0.591797	-0.736816	-0.32666	201	255
[6590]	1760	2196	0	-4.18286	-10.683	0.2	25.3782	-0.0687866	0.0514832	-0.996582	201	255
[6591]	1765	2197	0	-4.22838	-10.6699	0.2	25.3809	0.602539	0.614746	-0.508789	201	255
[6592]	1768	2197	0	-4.20303	-10.699	0.2	25.3825	0.591797	-0.736816	-0.32666	201	255
[6593]	1758	2197	0	-4.20116	-10.6806	0.2	25.3789	0.654785	0.652344	-0.381836	201	255
[6594]	1768	2198	0	-4.20303	-10.699	0.2	25.3825	0.591797	-0.736816	-0.32666	201	255
[6595]	1765	2198	0	-4.22838	-10.6699	0.2	25.3809	0.602539	0.614746	-0.508789	201	255
[6596]	1766	2198	0	-4.23249	-10.6997	0.2	25.3871	0.566406	-0.789551	-0.23584	201	255
[6597]	1778	2199	0	-4.23193	-10.698	0.2	25.3622	-0.75293	-0.580078	0.310791	201	255
[6598]	1768	2199	0	-4.20303	-10.699	0.2	25.3825	0.591797	-0.736816	-0.32666	201	255
[6599]	1766	2199	0	-4.23249	-10.6997	0.2	25.3871	0.566406	-0.789551	-0.23584	201	255
[6600]	1768	2200	0	-4.20303	-10.699	0.2	25.3825	0.591797	-0.736816	-0.32666	201	255
[6601]	1778	2200	0	-4.23193	-10.698	0.2	25.3622	-0.75293	-0.580078	0.310791	201	255
[6602]	1764	2200	0	-4.20168	-10.7013	0.2	25.3647	-0.793945	-0.608398	0.00798798	201	255
[6603]	1768	2201	0	-4.20303	-10.699	0.2	25.3825	0.591797	-0.736816	-0.32666	201	255
[6604]	1764	2201	0	-4.20168	-10.7013	0.2	25.3647	-0.793945	-0.608398	0.00798798	201	255
[6605]	1760	2201	0	-4.18286	-10.683	0.2	25.3782	-0.0687866	0.0514832	-0.996582	201	255
[6606]	1764	2202	0	-4.20168	-10.7013	0.2	25.3647	-0.793945	-0.608398	0.00798798	201	255
[6607]	1761	2202	0	-4.19951	-10.6799	0.2	25.3653	-0.668945	0.727051	-0.153809	201	255
[6608]	1760	2202	0	-4.18286	-10.683	0.2	25.3782	-0.0687866	0.0514832	-0.996582	201	255
[6609]	1761	2203	0	-4.19951	-10.6799	0.2	25.3653	-0.668945	0.727051	-0.153809	201	255
[6610]	1770	2203	0	-4.20116	-10.6806	0.2	25.3789	0.654785	0.652344	-0.381836	201	255
[6611]	1760	2203	0	-4.18286	-10.683	0.2	25.3782	-0.0687866	0.0514832	-0.996582	201	255
[6612]	1761	2204	0	-4.19951	-10.6799	0.2	25.3653	-0.668945	0.727051	-0.153809	201	255
[6613]	1773	2204	0	-4.22838	-10.6699	0.2	25.3809	0.602539	0.614746	-0.508789	201	255
[6614]	1770	2204	0	-4.20116	-10.6806	0.2	25.3789	0.654785	0.652344	-0.381836	201	255
[6615]	1767	2205	0	-4.2582	-10.6467	0.2	25.389	0.454834	0.49292	-0.741211	201	255
[6616]	1766	2205	0	-4.23249	-10.6997	0.2	25.3871	0.566406	-0.789551	-0.23584	201	255
[6617]	1765	2205	0	-4.22838	-10.6699	0.2	25.3809	0.602539	0.614746	-0.508789	201	255
[6618]	1766	2206	0	-4.23249	-10.6997	0.2	25.3871	0.566406	-0.789551	-0.23584	201	255
[6619]	1767	2206	0	-4.2582	-10.6467	0.2	25.389	0.454834	0.49292	-0.741211	201	255
[6620]	1772	2206	0	-4.27088	-10.6861	0.2	25.3966	0.523926	-0.833984	-0.174072	201	255
[6621]	1772	2207	0	-4.27088	-10.6861	0.2	25.3966	0.523926	-0.833984	-0.174072	201	255
[6622]	1778	2207	0	-4.23193	-10.698	0.2	25.3622	-0.75293	-0.580078	0.310791	201	255
[6623]	1766	2207	0	-4.23249	-10.6997	0.2	25.3871	0.566406	-0.789551	-0.23584	201	255
[6624]	1778	2208	0	-4.23193	-10.698	0.2	25.3622	-0.75293	-0.580078	0.310791	201	255
[6625]	1772	2208	0	-4.27088	-10.6861	0.2	25.3966	0.523926	-0.833984	-0.174072	201	255
[6626]	1779	2208	0	-4.28093	-10.6808	0.2	25.3655	-0.575195	-0.602539	0.552734	201	255
[6627]	1779	2209	0	-4.28093	-10.6808	0.2	25.3655	-0.575195	-0.602539	0.552734	201	255
[6628]	1769	2209	0	-4.23321	-10.6653	0.2	25.3608	-0.664551	0.74707	-0.0190582	201	255
[6629]	1778	2209	0	-4.23193	-10.698	0.2	25.3622	-0.75293	-0.580078	0.310791	201	255
[6630]	1761	2210	0	-4.19951	-10.6799	0.2	25.3653	-0.668945	0.727051	-0.153809	201	255
[6631]	1778	2210	0	-4.23193	-10.698	0.2	25.3622	-0.75293	-0.580078	0.310791	201	255
[6632]	1769	2210	0	-4.23321	-10.6653	0.2	25.3608	-0.664551	0.74707	-0.0190582	201	255
[6633]	1778	2211	0	-4.23193	-10.698	0.2	25.3622	-0.75293	-0.580078	0.310791	201	255
[6634]	1761	2211	0	-4.19951	-10.6799	0.2	25.3653	-0.668945	0.727051	-0.153809	201	255
[6635]	1764	2211	0	-4.20168	-10.7013	0.2	25.3647	-0.793945	-0.608398	0.00798798	201	255
[6636]	1763	2212	0	-4.26998	-10.6083	0.2	25.3975	-0.570801	-0.690918	-0.443359	201	255
[6637]	1772	2212	0	-4.27088	-10.6861	0.2	25.3966	0.523926	-0.833984	-0.174072	201	255
[6638]	1767	2212	0	-4.2582	-10.6467	0.2	25.389	0.454834	0.49292	-0.741211	201	255
[6639]	1772	2213	0	-4.27088	-10.6861	0.2	25.3966	0.523926	-0.833984	-0.174072	201	255
[6640]	1763	2213	0	-4.26998	-10.6083	0.2	25.3975	-0.570801	-0.690918	-0.443359	201	255
[6641]	1762	2213	0	-4.30368	-10.6507	0.2	25.4105	-0.331787	-0.933105	0.138062	201	255
[6642]	1762	2214	0	-4.30368	-10.6507	0.2	25.4105	-0.331787	-0.933105	0.138062	201	255
[6643]	1779	2214	0	-4.28093	-10.6808	0.2	25.3655	-0.575195	-0.602539	0.552734	201	255
[6644]	1772	2214	0	-4.27088	-10.6861	0.2	25.3966	0.523926	-0.833984	-0.174072	201	255
[6645]	1779	2215	0	-4.28093	-10.6808	0.2	25.3655	-0.575195	-0.602539	0.552734	201	255
[6646]	1762	2215	0	-4.30368	-10.6507	0.2	25.4105	-0.331787	-0.933105	0.138062	201	255
[6647]	1774	2215	0	-4.31967	-10.6338	0.2	25.3866	-0.61084	-0.734863	0.293945	201	255
[6648]	1776	2216	0	-4.29474	-10.6026	0.2	25.3615	-0.856445	-0.44751	0.257812	201	255
[6649]	1779	2216	0	-4.28093	-10.6808	0.2	25.3655	-0.575195	-0.602539	0.552734	201	255
[6650]	1774	2216	0	-4.31967	-10.6338	0.2	25.3866	-0.61084	-0.734863	0.293945	201	255
[6651]	1779	2217	0	-4.28093	-10.6808	0.2	25.3655	-0.575195	-0.602539	0.552734	201	255
[6652]	1776	2217	0	-4.29474	-10.6026	0.2	25.3615	-0.856445	-0.44751	0.257812	201	255
[6653]	1771	2217	0	-4.27236	-10.6368	0.2	25.3587	-0.831543	0.552246	0.0591431	201	255
[6654]	1769	2218	0	-4.23321	-10.6653	0.2	25.3608	-0.664551	0.74707	-0.0190582	201	255
[6655]	1779	2218	0	-4.28093	-10.6808	0.2	25.3655	-0.575195	-0.602539	0.552734	201	255
[6656]	1771	2218	0	-4.27236	-10.6368	0.2	25.3587	-0.831543	0.552246	0.0591431	201	255
[6657]	1777	2219	0	-4.2582	-10.6467	0.2	25.389	0.454834	0.49292	-0.741211	201	255
[6658]	1769	2219	0	-4.23321	-10.6653	0.2	25.3608	-0.664551	0.74707	-0.0190582	201	255
[6659]	1771	2219	0	-4.27236	-10.6368	0.2	25.3587	-0.831543	0.552246	0.0591431	201	255
[6660]	1769	2220	0	-4.23321	-10.6653	0.2	25.3608	-0.664551	0.74707	-0.0190582	201	255
[6661]	1777	2220	0	-4.2582	-10.6467	0.2	25.389	0.454834	0.49292	-0.741211	201	255
[6662]	1773	2220	0	-4.22838	-10.6699	0.2	25.3809	0.602539	0.614746	-0.508789	201	255
[6663]	1773	2221	0	-4.22838	-10.6699	0.2	25.3809	0.602539	0.614746	-0.508789	201	255
[6664]	1761	2221	0	-4.19951	-10.6799	0.2	25.3653	-0.668945	0.727051	-0.153809	201	255
[6665]	1769	2221	0	-4.23321	-10.6653	0.2	25.3608	-0.664551	0.74707	-0.0190582	201	255
[6666]	1775	2222	0	-4.26998	-10.6083	0.2	25.3975	-0.558594	-0.693848	-0.454346	201	255
[6667]	1771	2222	0	-4.27236	-10.6368	0.2	25.3587	-0.831543	0.552246	0.0591431	201	255
[6668]	1776	2222	0	-4.29474	-10.6026	0.2	25.3615	-0.856445	-0.44751	0.257812	201	255
[6669]	1771	2223	0	-4.27236	-10.6368	0.2	25.3587	-0.831543	0.552246	0.0591431	201	255
[6670]	1775	2223	0	-4.26998	-10.6083	0.2	25.3975	-0.558594	-0.693848	-0.454346	201	255
[6671]	1777	2223	0	-4.2582	-10.6467	0.2	25.389	0.454834	0.49292	-0.741211	201	255
[6672]	1780	2224	0	-3.86519	-10.8075	0.2	25.2113	0.554688	0.70459	-0.442627	201	255
[6673]	1789	2224	0	-3.86773	-10.8172	0.2	25.2174	0.85791	-0.427002	-0.285645	201	255
[6674]	1781	2224	0	-3.83446	-10.8196	0.2	25.2088	-0.117676	-0.131958	-0.984375	201	255
[6675]	1786	2225	0	-3.9067	-10.7798	0.2	25.2247	0.553711	0.44873	-0.70166	201	255
[6676]	1789	2225	0	-3.86773	-10.8172	0.2	25.2174	0.85791	-0.427002	-0.285645	201	255
[6677]	1780	2225	0	-3.86519	-10.8075	0.2	25.2113	0.554688	0.70459	-0.442627	201	255
[6678]	1789	2226	0	-3.86773	-10.8172	0.2	25.2174	0.85791	-0.427002	-0.285645	201	255
[6679]	1786	2226	0	-3.9067	-10.7798	0.2	25.2247	0.553711	0.44873	-0.70166	201	255
[6680]	1787	2226	0	-3.91287	-10.796	0.2	25.2303	0.687012	-0.701172	-0.189819	201	255
[6681]	1790	2227	0	-3.91511	-10.8032	0.2	25.2005	-0.61084	-0.592773	0.524414	201	255
[6682]	1789	2227	0	-3.86773	-10.8172	0.2	25.2174	0.85791	-0.427002	-0.285645	201	255
[6683]	1787	2227	0	-3.91287	-10.796	0.2	25.2303	0.687012	-0.701172	-0.189819	201	255
[6684]	1789	2228	0	-3.86773	-10.8172	0.2	25.2174	0.85791	-0.427002	-0.285645	201	255
[6685]	1790	2228	0	-3.91511	-10.8032	0.2	25.2005	-0.61084	-0.592773	0.524414	201	255
[6686]	1783	2228	0	-3.86457	-10.8328	0.2	25.2002	-0.498047	-0.845703	0.192139	201	255
[6687]	1789	2229	0	-3.86773	-10.8172	0.2	25.2174	0.85791	-0.427002	-0.285645	201	255
[6688]	1783	2229	0	-3.86457	-10.8328	0.2	25.2002	-0.498047	-0.845703	0.192139	201	255
[6689]	1781	2229	0	-3.83446	-10.8196	0.2	25.2088	-0.117676	-0.131958	-0.984375	201	255
[6690]	1783	2230	0	-3.86457	-10.8328	0.2	25.2002	-0.498047	-0.845703	0.192139	201	255
[6691]	1784	2230	0	-3.86068	-10.8021	0.2	25.1948	-0.695312	0.703125	-0.150146	201	255
[6692]	1781	2230	0	-3.83446	-10.8196	0.2	25.2088	-0.117676	-0.131958	-0.984375	201	255
[6693]	1784	2231	0	-3.86068	-10.8021	0.2	25.1948	-0.695312	0.703125	-0.150146	201	255
[6694]	1791	2231	0	-3.86519	-10.8075	0.2	25.2113	0.554688	0.70459	-0.442627	201	255
[6695]	1781	2231	0	-3.83446	-10.8196	0.2	25.2088	-0.117676	-0.131958	-0.984375	201	255
[6696]	1799	2232	0	-3.90297	-10.7715	0.2	25.1975	-0.681152	0.707031	-0.19104	201	255
[6697]	1791	2232	0	-3.86519	-10.8075	0.2	25.2113	0.554688	0.70459	-0.442627	201	255
[6698]	1784	2232	0	-3.86068	-10.8021	0.2	25.1948	-0.695312	0.703125	-0.150146	201	255
[6699]	1791	2233	0	-3.86519	-10.8075	0.2	25.2113	0.554688	0.70459	-0.442627	201	255
[6700]	1799	2233	0	-3.90297	-10.7715	0.2	25.1975	-0.681152	0.707031	-0.19104	201	255
[6701]	1794	2233	0	-3.9067	-10.7798	0.2	25.2247	0.553711	0.44873	-0.70166	201	255
[6702]	1788	2234	0	-3.93618	-10.7262	0.2	25.2366	0.44458	0.208252	-0.871094	201	255
[6703]	1787	2234	0	-3.91287	-10.796	0.2	25.2303	0.687012	-0.701172	-0.189819	201	255
[6704]	1786	2234	0	-3.9067	-10.7798	0.2	25.2247	0.553711	0.44873	-0.70166	201	255
[6705]	1787	2235	0	-3.91287	-10.796	0.2	25.2303	0.687012	-0.701172	-0.189819	201	255
[6706]	1788	2235	0	-3.93618	-10.7262	0.2	25.2366	0.44458	0.208252	-0.871094	201	255
[6707]	1793	2235	0	-3.95639	-10.7509	0.2	25.2476	0.567383	-0.822754	0.036438	201	255
[6708]	1793	2236	0	-3.95639	-10.7509	0.2	25.2476	0.567383	-0.822754	0.036438	201	255
[6709]	1790	2236	0	-3.91511	-10.8032	0.2	25.2005	-0.61084	-0.592773	0.524414	201	255
[6710]	1787	2236	0	-3.91287	-10.796	0.2	25.2303	0.687012	-0.701172	-0.189819	201	255
[6711]	1790	2237	0	-3.91511	-10.8032	0.2	25.2005	-0.61084	-0.592773	0.524414	201	255
[6712]	1793	2237	0	-3.95639	-10.7509	0.2	25.2476	0.567383	-0.822754	0.036438	201	255
[6713]	1800	2237	0	-3.9652	-10.7335	0.2	25.2099	-0.614746	-0.384277	0.688965	201	255
[6714]	1792	2238	0	-3.94361	-10.6929	0.2	25.2085	-0.716797	0.603027	-0.349854	201	255
[6715]	1790	2238	0	-3.91511	-10.8032	0.2	25.2005	-0.61084	-0.592773	0.524414	201	255
[6716]	1800	2238	0	-3.9652	-10.7335	0.2	25.2099	-0.614746	-0.384277	0.688965	201	255
[6717]	1790	2239	0	-3.91511	-10.8032	0.2	25.2005	-0.61084	-0.592773	0.524414	201	255
[6718]	1792	2239	0	-3.94361	-10.6929	0.2	25.2085	-0.716797	0.603027	-0.349854	201	255
[6719]	1799	2239	0	-3.90297	-10.7715	0.2	25.1975	-0.681152	0.707031	-0.19104	201	255
[6720]	1799	2240	0	-3.90297	-10.7715	0.2	25.1975	-0.681152	0.707031	-0.19104	201	255
[6721]	1783	2240	0	-3.86457	-10.8328	0.2	25.2002	-0.498047	-0.845703	0.192139	201	255
[6722]	1790	2240	0	-3.91511	-10.8032	0.2	25.2005	-0.61084	-0.592773	0.524414	201	255
[6723]	1783	2241	0	-3.86457	-10.8328	0.2	25.2002	-0.498047	-0.845703	0.192139	201	255
[6724]	1799	2241	0	-3.90297	-10.7715	0.2	25.1975	-0.681152	0.707031	-0.19104	201	255
[6725]	1784	2241	0	-3.86068	-10.8021	0.2	25.1948	-0.695312	0.703125	-0.150146	201	255
[6726]	1785	2242	0	-3.95099	-10.6708	0.2	25.2565	-0.430908	-0.85498	-0.289062	201	255
[6727]	1793	2242	0	-3.95639	-10.7509	0.2	25.2476	0.567383	-0.822754	0.036438	201	255
[6728]	1788	2242	0	-3.93618	-10.7262	0.2	25.2366	0.44458	0.208252	-0.871094	201	255
[6729]	1793	2243	0	-3.95639	-10.7509	0.2	25.2476	0.567383	-0.822754	0.036438	201	255
[6730]	1785	2243	0	-3.95099	-10.6708	0.2	25.2565	-0.430908	-0.85498	-0.289062	201	255
[6731]	1782	2243	0	-4.00836	-10.6778	0.2	25.2786	-0.20166	-0.866211	0.457031	201	255
[6732]	1782	2244	0	-4.00836	-10.6778	0.2	25.2786	-0.20166	-0.866211	0.457031	201	255
[6733]	1800	2244	0	-3.9652	-10.7335	0.2	25.2099	-0.614746	-0.384277	0.688965	201	255
[6734]	1793	2244	0	-3.95639	-10.7509	0.2	25.2476	0.567383	-0.822754	0.036438	201	255
[6735]	1800	2245	0	-3.9652	-10.7335	0.2	25.2099	-0.614746	-0.384277	0.688965	201	255
[6736]	1782	2245	0	-4.00836	-10.6778	0.2	25.2786	-0.20166	-0.866211	0.457031	201	255
[6737]	1795	2245	0	-4.02102	-10.6526	0.2	25.2328	-0.474609	-0.59668	0.646973	201	255
[6738]	1797	2246	0	-3.9854	-10.6247	0.2	25.2121	-0.869141	-0.336426	0.362549	201	255
[6739]	1800	2246	0	-3.9652	-10.7335	0.2	25.2099	-0.614746	-0.384277	0.688965	201	255
[6740]	1795	2246	0	-4.02102	-10.6526	0.2	25.2328	-0.474609	-0.59668	0.646973	201	255
[6741]	1800	2247	0	-3.9652	-10.7335	0.2	25.2099	-0.614746	-0.384277	0.688965	201	255
[6742]	1797	2247	0	-3.9854	-10.6247	0.2	25.2121	-0.869141	-0.336426	0.362549	201	255
[6743]	1792	2247	0	-3.94361	-10.6929	0.2	25.2085	-0.716797	0.603027	-0.349854	201	255
[6744]	1796	2248	0	-3.95099	-10.6708	0.2	25.2565	-0.430908	-0.85498	-0.289062	201	255
[6745]	1792	2248	0	-3.94361	-10.6929	0.2	25.2085	-0.716797	0.603027	-0.349854	201	255
[6746]	1797	2248	0	-3.9854	-10.6247	0.2	25.2121	-0.869141	-0.336426	0.362549	201	255
[6747]	1792	2249	0	-3.94361	-10.6929	0.2	25.2085	-0.716797	0.603027	-0.349854	201	255
[6748]	1796	2249	0	-3.95099	-10.6708	0.2	25.2565	-0.430908	-0.85498	-0.289062	201	255
[6749]	1798	2249	0	-3.93618	-10.7262	0.2	25.2366	0.44458	0.208252	-0.871094	201	255
[6750]	1798	2250	0	-3.93618	-10.7262	0.2	25.2366	0.44458	0.208252	-0.871094	201	255
[6751]	1799	2250	0	-3.90297	-10.7715	0.2	25.1975	-0.681152	0.707031	-0.19104	201	255
[6752]	1792	2250	0	-3.94361	-10.6929	0.2	25.2085	-0.716797	0.603027	-0.349854	201	255
[6753]	1799	2251	0	-3.90297	-10.7715	0.2	25.1975	-0.681152	0.707031	-0.19104	201	255
[6754]	1798	2251	0	-3.93618	-10.7262	0.2	25.2366	0.44458	0.208252	-0.871094	201	255
[6755]	1794	2251	0	-3.9067	-10.7798	0.2	25.2247	0.553711	0.44873	-0.70166	201	255
[6756]	1831	2252	0	-3.69892	-11.0027	0.2	25.3345	0.569824	0.460693	-0.680664	201	255
[6757]	1833	2252	0	-3.70491	-11.0116	0.2	25.3393	0.761719	-0.604004	-0.234375	201	255
[6758]	1822	2252	0	-3.67291	-11.0309	0.2	25.3227	-0.307617	-0.387451	-0.868652	201	255
[6759]	1829	2253	0	-3.7329	-10.9559	0.2	25.3401	0.495117	0.505371	-0.707031	201	255
[6760]	1833	2253	0	-3.70491	-11.0116	0.2	25.3393	0.761719	-0.604004	-0.234375	201	255
[6761]	1831	2253	0	-3.69892	-11.0027	0.2	25.3345	0.569824	0.460693	-0.680664	201	255
[6762]	1833	2254	0	-3.70491	-11.0116	0.2	25.3393	0.761719	-0.604004	-0.234375	201	255
[6763]	1829	2254	0	-3.7329	-10.9559	0.2	25.3401	0.495117	0.505371	-0.707031	201	255
[6764]	1836	2254	0	-3.75253	-10.9771	0.2	25.3474	0.687988	-0.720703	0.0841675	201	255
[6765]	1836	2255	0	-3.75253	-10.9771	0.2	25.3474	0.687988	-0.720703	0.0841675	201	255
[6766]	1828	2255	0	-3.70222	-11.0234	0.2	25.3173	-0.830566	-0.508789	0.227417	201	255
[6767]	1833	2255	0	-3.70491	-11.0116	0.2	25.3393	0.761719	-0.604004	-0.234375	201	255
[6768]	1833	2256	0	-3.70491	-11.0116	0.2	25.3393	0.761719	-0.604004	-0.234375	201	255
[6769]	1828	2256	0	-3.70222	-11.0234	0.2	25.3173	-0.830566	-0.508789	0.227417	201	255
[6770]	1822	2256	0	-3.67291	-11.0309	0.2	25.3227	-0.307617	-0.387451	-0.868652	201	255
[6771]	1828	2257	0	-3.70222	-11.0234	0.2	25.3173	-0.830566	-0.508789	0.227417	201	255
[6772]	1825	2257	0	-3.69842	-10.9987	0.2	25.3266	-0.37915	0.794434	-0.474854	201	255
[6773]	1822	2257	0	-3.67291	-11.0309	0.2	25.3227	-0.307617	-0.387451	-0.868652	201	255
[6774]	1825	2258	0	-3.69842	-10.9987	0.2	25.3266	-0.37915	0.794434	-0.474854	201	255
[6775]	1826	2258	0	-3.69892	-11.0027	0.2	25.3345	0.569824	0.460693	-0.680664	201	255
[6776]	1822	2258	0	-3.67291	-11.0309	0.2	25.3227	-0.307617	-0.387451	-0.868652	201	255
[6777]	1825	2259	0	-3.69842	-10.9987	0.2	25.3266	-0.37915	0.794434	-0.474854	201	255
[6778]	1841	2259	0	-3.7329	-10.9559	0.2	25.3401	0.495117	0.505371	-0.707031	201	255
[6779]	1826	2259	0	-3.69892	-11.0027	0.2	25.3345	0.569824	0.460693	-0.680664	201	255
[6780]	1841	2260	0	-3.7329	-10.9559	0.2	25.3401	0.495117	0.505371	-0.707031	201	255
[6781]	1825	2260	0	-3.69842	-10.9987	0.2	25.3266	-0.37915	0.794434	-0.474854	201	255
[6782]	1832	2260	0	-3.73583	-10.9575	0.2	25.3266	-0.635254	0.664551	-0.393799	201	255
[6783]	1832	2261	0	-3.73583	-10.9575	0.2	25.3266	-0.635254	0.664551	-0.393799	201	255
[6784]	1838	2261	0	-3.75951	-10.9063	0.2	25.3467	0.391113	0.242432	-0.887695	201	255
[6785]	1841	2261	0	-3.7329	-10.9559	0.2	25.3401	0.495117	0.505371	-0.707031	201	255
[6786]	1827	2262	0	-3.75951	-10.9063	0.2	25.3467	0.391113	0.242432	-0.887695	201	255
[6787]	1836	2262	0	-3.75253	-10.9771	0.2	25.3474	0.687988	-0.720703	0.0841675	201	255
[6788]	1829	2262	0	-3.7329	-10.9559	0.2	25.3401	0.495117	0.505371	-0.707031	201	255
[6789]	1836	2263	0	-3.75253	-10.9771	0.2	25.3474	0.687988	-0.720703	0.0841675	201	255
[6790]	1827	2263	0	-3.75951	-10.9063	0.2	25.3467	0.391113	0.242432	-0.887695	201	255
[6791]	1835	2263	0	-3.7858	-10.9309	0.2	25.3595	0.651367	-0.748047	0.124878	201	255
[6792]	1835	2264	0	-3.7858	-10.9309	0.2	25.3595	0.651367	-0.748047	0.124878	201	255
[6793]	1830	2264	0	-3.74822	-10.9851	0.2	25.3167	-0.754395	-0.440674	0.487305	201	255
[6794]	1836	2264	0	-3.75253	-10.9771	0.2	25.3474	0.687988	-0.720703	0.0841675	201	255
[6795]	1828	2265	0	-3.70222	-11.0234	0.2	25.3173	-0.830566	-0.508789	0.227417	201	255
[6796]	1836	2265	0	-3.75253	-10.9771	0.2	25.3474	0.687988	-0.720703	0.0841675	201	255
[6797]	1830	2265	0	-3.74822	-10.9851	0.2	25.3167	-0.754395	-0.440674	0.487305	201	255
[6798]	1832	2266	0	-3.73583	-10.9575	0.2	25.3266	-0.635254	0.664551	-0.393799	201	255
[6799]	1828	2266	0	-3.70222	-11.0234	0.2	25.3173	-0.830566	-0.508789	0.227417	201	255
[6800]	1830	2266	0	-3.74822	-10.9851	0.2	25.3167	-0.754395	-0.440674	0.487305	201	255
[6801]	1828	2267	0	-3.70222	-11.0234	0.2	25.3173	-0.830566	-0.508789	0.227417	201	255
[6802]	1832	2267	0	-3.73583	-10.9575	0.2	25.3266	-0.635254	0.664551	-0.393799	201	255
[6803]	1825	2267	0	-3.69842	-10.9987	0.2	25.3266	-0.37915	0.794434	-0.474854	201	255
[6804]	1840	2268	0	-3.76918	-10.8717	0.2	25.3553	-0.285645	-0.839844	-0.46167	201	255
[6805]	1835	2268	0	-3.7858	-10.9309	0.2	25.3595	0.651367	-0.748047	0.124878	201	255
[6806]	1827	2268	0	-3.75951	-10.9063	0.2	25.3467	0.391113	0.242432	-0.887695	201	255
[6807]	1835	2269	0	-3.7858	-10.9309	0.2	25.3595	0.651367	-0.748047	0.124878	201	255
[6808]	1840	2269	0	-3.76918	-10.8717	0.2	25.3553	-0.285645	-0.839844	-0.46167	201	255
[6809]	1824	2269	0	-3.81617	-10.874	0.2	25.3734	-0.155884	-0.862793	0.481201	201	255
[6810]	1824	2270	0	-3.81617	-10.874	0.2	25.3734	-0.155884	-0.862793	0.481201	201	255
[6811]	1844	2270	0	-3.79252	-10.9151	0.2	25.3276	-0.539551	-0.345947	0.767578	201	255
[6812]	1835	2270	0	-3.7858	-10.9309	0.2	25.3595	0.651367	-0.748047	0.124878	201	255
[6813]	1830	2271	0	-3.74822	-10.9851	0.2	25.3167	-0.754395	-0.440674	0.487305	201	255
[6814]	1835	2271	0	-3.7858	-10.9309	0.2	25.3595	0.651367	-0.748047	0.124878	201	255
[6815]	1844	2271	0	-3.79252	-10.9151	0.2	25.3276	-0.539551	-0.345947	0.767578	201	255
[6816]	1839	2272	0	-3.76417	-10.892	0.2	25.3197	-0.781738	0.555664	-0.28418	201	255
[6817]	1830	2272	0	-3.74822	-10.9851	0.2	25.3167	-0.754395	-0.440674	0.487305	201	255
[6818]	1844	2272	0	-3.79252	-10.9151	0.2	25.3276	-0.539551	-0.345947	0.767578	201	255
[6819]	1830	2273	0	-3.74822	-10.9851	0.2	25.3167	-0.754395	-0.440674	0.487305	201	255
[6820]	1839	2273	0	-3.76417	-10.892	0.2	25.3197	-0.781738	0.555664	-0.28418	201	255
[6821]	1832	2273	0	-3.73583	-10.9575	0.2	25.3266	-0.635254	0.664551	-0.393799	201	255
[6822]	1838	2274	0	-3.75951	-10.9063	0.2	25.3467	0.391113	0.242432	-0.887695	201	255
[6823]	1832	2274	0	-3.73583	-10.9575	0.2	25.3266	-0.635254	0.664551	-0.393799	201	255
[6824]	1839	2274	0	-3.76417	-10.892	0.2	25.3197	-0.781738	0.555664	-0.28418	201	255
[6825]	1839	2275	0	-3.76417	-10.892	0.2	25.3197	-0.781738	0.555664	-0.28418	201	255
[6826]	1837	2275	0	-3.76918	-10.8717	0.2	25.3553	-0.287598	-0.839844	-0.460693	201	255
[6827]	1838	2275	0	-3.75951	-10.9063	0.2	25.3467	0.391113	0.242432	-0.887695	201	255
[6828]	1837	2276	0	-3.76918	-10.8717	0.2	25.3553	-0.287598	-0.839844	-0.460693	201	255
[6829]	1839	2276	0	-3.76417	-10.892	0.2	25.3197	-0.781738	0.555664	-0.28418	201	255
[6830]	1842	2276	0	-3.79677	-10.827	0.2	25.326	-0.790039	-0.394043	0.469482	201	255
[6831]	1844	2277	0	-3.79252	-10.9151	0.2	25.3276	-0.539551	-0.345947	0.767578	201	255
[6832]	1842	2277	0	-3.79677	-10.827	0.2	25.326	-0.790039	-0.394043	0.469482	201	255
[6833]	1839	2277	0	-3.76417	-10.892	0.2	25.3197	-0.781738	0.555664	-0.28418	201	255
[6834]	1842	2278	0	-3.79677	-10.827	0.2	25.326	-0.790039	-0.394043	0.469482	201	255
[6835]	1844	2278	0	-3.79252	-10.9151	0.2	25.3276	-0.539551	-0.345947	0.767578	201	255
[6836]	1834	2278	0	-3.82928	-10.8424	0.2	25.3552	-0.554688	-0.344482	0.756836	201	255
[6837]	1844	2279	0	-3.79252	-10.9151	0.2	25.3276	-0.539551	-0.345947	0.767578	201	255
[6838]	1824	2279	0	-3.81617	-10.874	0.2	25.3734	-0.155884	-0.862793	0.481201	201	255
[6839]	1834	2279	0	-3.82928	-10.8424	0.2	25.3552	-0.554688	-0.344482	0.756836	201	255
[6840]	1852	2280	0	-4.48074	-10.5088	0.2	25.0929	0.997559	0.00494766	0.067627	201	255
[6841]	1854	2280	0	-4.4772	-10.5292	0.2	25.0888	0.267822	-0.655273	-0.706055	201	255
[6842]	1843	2280	0	-4.46398	-10.4743	0.2	25.1011	0.294678	0.629883	-0.71875	201	255
[6843]	1850	2281	0	-4.51485	-10.5643	0.2	25.0787	0.982422	0.180542	-0.0437317	201	255
[6844]	1854	2281	0	-4.4772	-10.5292	0.2	25.0888	0.267822	-0.655273	-0.706055	201	255
[6845]	1852	2281	0	-4.48074	-10.5088	0.2	25.0929	0.997559	0.00494766	0.067627	201	255
[6846]	1854	2282	0	-4.4772	-10.5292	0.2	25.0888	0.267822	-0.655273	-0.706055	201	255
[6847]	1850	2282	0	-4.51485	-10.5643	0.2	25.0787	0.982422	0.180542	-0.0437317	201	255
[6848]	1857	2282	0	-4.50637	-10.5947	0.2	25.0777	0.218384	-0.696777	-0.683105	201	255
[6849]	1857	2283	0	-4.50637	-10.5947	0.2	25.0777	0.218384	-0.696777	-0.683105	201	255
[6850]	1849	2283	0	-4.47541	-10.5197	0.2	25.0689	-0.890137	0.0210114	-0.454834	201	255
[6851]	1854	2283	0	-4.4772	-10.5292	0.2	25.0888	0.267822	-0.655273	-0.706055	201	255
[6852]	1854	2284	0	-4.4772	-10.5292	0.2	25.0888	0.267822	-0.655273	-0.706055	201	255
[6853]	1849	2284	0	-4.47541	-10.5197	0.2	25.0689	-0.890137	0.0210114	-0.454834	201	255
[6854]	1843	2284	0	-4.46398	-10.4743	0.2	25.1011	0.294678	0.629883	-0.71875	201	255
[6855]	1849	2285	0	-4.47541	-10.5197	0.2	25.0689	-0.890137	0.0210114	-0.454834	201	255
[6856]	1846	2285	0	-4.48569	-10.4952	0.2	25.0754	-0.122864	0.893555	0.431396	201	255
[6857]	1843	2285	0	-4.46398	-10.4743	0.2	25.1011	0.294678	0.629883	-0.71875	201	255
[6858]	1846	2286	0	-4.48569	-10.4952	0.2	25.0754	-0.122864	0.893555	0.431396	201	255
[6859]	1847	2286	0	-4.48074	-10.5088	0.2	25.0929	0.997559	0.00494766	0.067627	201	255
[6860]	1843	2286	0	-4.46398	-10.4743	0.2	25.1011	0.294678	0.629883	-0.71875	201	255
[6861]	1846	2287	0	-4.48569	-10.4952	0.2	25.0754	-0.122864	0.893555	0.431396	201	255
[6862]	1862	2287	0	-4.51485	-10.5643	0.2	25.0787	0.982422	0.180542	-0.0437317	201	255
[6863]	1847	2287	0	-4.48074	-10.5088	0.2	25.0929	0.997559	0.00494766	0.067627	201	255
[6864]	1862	2288	0	-4.51485	-10.5643	0.2	25.0787	0.982422	0.180542	-0.0437317	201	255
[6865]	1846	2288	0	-4.48569	-10.4952	0.2	25.0754	-0.122864	0.893555	0.431396	201	255
[6866]	1853	2288	0	-4.52211	-10.542	0.2	25.0571	-0.117065	0.888672	0.443604	201	255
[6867]	1853	2289	0	-4.52211	-10.542	0.2	25.0571	-0.117065	0.888672	0.443604	201	255
[6868]	1859	2289	0	-4.55642	-10.6034	0.2	25.0882	0.911133	0.252441	-0.326416	201	255
[6869]	1862	2289	0	-4.51485	-10.5643	0.2	25.0787	0.982422	0.180542	-0.0437317	201	255
[6870]	1848	2290	0	-4.55642	-10.6034	0.2	25.0882	0.911133	0.252441	-0.326416	201	255
[6871]	1857	2290	0	-4.50637	-10.5947	0.2	25.0777	0.218384	-0.696777	-0.683105	201	255
[6872]	1850	2290	0	-4.51485	-10.5643	0.2	25.0787	0.982422	0.180542	-0.0437317	201	255
[6873]	1857	2291	0	-4.50637	-10.5947	0.2	25.0777	0.218384	-0.696777	-0.683105	201	255
[6874]	1848	2291	0	-4.55642	-10.6034	0.2	25.0882	0.911133	0.252441	-0.326416	201	255
[6875]	1856	2291	0	-4.5489	-10.6541	0.2	25.0819	0.119019	-0.788086	-0.604004	201	255
[6876]	1856	2292	0	-4.5489	-10.6541	0.2	25.0819	0.119019	-0.788086	-0.604004	201	255
[6877]	1851	2292	0	-4.50861	-10.5802	0.2	25.0489	-0.975098	-0.145264	-0.16748	201	255
[6878]	1857	2292	0	-4.50637	-10.5947	0.2	25.0777	0.218384	-0.696777	-0.683105	201	255
[6879]	1849	2293	0	-4.47541	-10.5197	0.2	25.0689	-0.890137	0.0210114	-0.454834	201	255
[6880]	1857	2293	0	-4.50637	-10.5947	0.2	25.0777	0.218384	-0.696777	-0.683105	201	255
[6881]	1851	2293	0	-4.50861	-10.5802	0.2	25.0489	-0.975098	-0.145264	-0.16748	201	255
[6882]	1853	2294	0	-4.52211	-10.542	0.2	25.0571	-0.117065	0.888672	0.443604	201	255
[6883]	1849	2294	0	-4.47541	-10.5197	0.2	25.0689	-0.890137	0.0210114	-0.454834	201	255
[6884]	1851	2294	0	-4.50861	-10.5802	0.2	25.0489	-0.975098	-0.145264	-0.16748	201	255
[6885]	1849	2295	0	-4.47541	-10.5197	0.2	25.0689	-0.890137	0.0210114	-0.454834	201	255
[6886]	1853	2295	0	-4.52211	-10.542	0.2	25.0571	-0.117065	0.888672	0.443604	201	255
[6887]	1846	2295	0	-4.48569	-10.4952	0.2	25.0754	-0.122864	0.893555	0.431396	201	255
[6888]	1861	2296	0	-4.59414	-10.6027	0.2	25.0985	-0.575195	0.0298004	-0.817383	201	255
[6889]	1856	2296	0	-4.5489	-10.6541	0.2	25.0819	0.119019	-0.788086	-0.604004	201	255
[6890]	1848	2296	0	-4.55642	-10.6034	0.2	25.0882	0.911133	0.252441	-0.326416	201	255
[6891]	1856	2297	0	-4.5489	-10.6541	0.2	25.0819	0.119019	-0.788086	-0.604004	201	255
[6892]	1861	2297	0	-4.59414	-10.6027	0.2	25.0985	-0.575195	0.0298004	-0.817383	201	255
[6893]	1845	2297	0	-4.60085	-10.7059	0.2	25.1007	-0.627441	-0.595215	-0.502441	201	255
[6894]	1845	2298	0	-4.60085	-10.7059	0.2	25.1007	-0.627441	-0.595215	-0.502441	201	255
[6895]	1865	2298	0	-4.5621	-10.6388	0.2	25.0443	-0.946777	-0.300049	0.11499	201	255
[6896]	1856	2298	0	-4.5489	-10.6541	0.2	25.0819	0.119019	-0.788086	-0.604004	201	255
[6897]	1851	2299	0	-4.50861	-10.5802	0.2	25.0489	-0.975098	-0.145264	-0.16748	201	255
[6898]	1856	2299	0	-4.5489	-10.6541	0.2	25.0819	0.119019	-0.788086	-0.604004	201	255
[6899]	1865	2299	0	-4.5621	-10.6388	0.2	25.0443	-0.946777	-0.300049	0.11499	201	255
[6900]	1860	2300	0	-4.56731	-10.5819	0.2	25.0518	-0.311279	0.873535	0.374268	201	255
[6901]	1851	2300	0	-4.50861	-10.5802	0.2	25.0489	-0.975098	-0.145264	-0.16748	201	255
[6902]	1865	2300	0	-4.5621	-10.6388	0.2	25.0443	-0.946777	-0.300049	0.11499	201	255
[6903]	1851	2301	0	-4.50861	-10.5802	0.2	25.0489	-0.975098	-0.145264	-0.16748	201	255
[6904]	1860	2301	0	-4.56731	-10.5819	0.2	25.0518	-0.311279	0.873535	0.374268	201	255
[6905]	1853	2301	0	-4.52211	-10.542	0.2	25.0571	-0.117065	0.888672	0.443604	201	255
[6906]	1859	2302	0	-4.55642	-10.6034	0.2	25.0882	0.911133	0.252441	-0.326416	201	255
[6907]	1853	2302	0	-4.52211	-10.542	0.2	25.0571	-0.117065	0.888672	0.443604	201	255
[6908]	1860	2302	0	-4.56731	-10.5819	0.2	25.0518	-0.311279	0.873535	0.374268	201	255
[6909]	1860	2303	0	-4.56731	-10.5819	0.2	25.0518	-0.311279	0.873535	0.374268	201	255
[6910]	1858	2303	0	-4.59414	-10.6027	0.2	25.0985	-0.57666	0.0318604	-0.815918	201	255
[6911]	1859	2303	0	-4.55642	-10.6034	0.2	25.0882	0.911133	0.252441	-0.326416	201	255
[6912]	1858	2304	0	-4.59414	-10.6027	0.2	25.0985	-0.57666	0.0318604	-0.815918	201	255
[6913]	1860	2304	0	-4.56731	-10.5819	0.2	25.0518	-0.311279	0.873535	0.374268	201	255
[6914]	1863	2304	0	-4.61598	-10.613	0.2	25.0553	-0.981445	0.0946045	-0.165649	201	255
[6915]	1865	2305	0	-4.5621	-10.6388	0.2	25.0443	-0.946777	-0.300049	0.11499	201	255
[6916]	1863	2305	0	-4.61598	-10.613	0.2	25.0553	-0.981445	0.0946045	-0.165649	201	255
[6917]	1860	2305	0	-4.56731	-10.5819	0.2	25.0518	-0.311279	0.873535	0.374268	201	255
[6918]	1863	2306	0	-4.61598	-10.613	0.2	25.0553	-0.981445	0.0946045	-0.165649	201	255
[6919]	1865	2306	0	-4.5621	-10.6388	0.2	25.0443	-0.946777	-0.300049	0.11499	201	255
[6920]	1855	2306	0	-4.63239	-10.6864	0.2	25.061	-0.858887	-0.431396	-0.276855	201	255
[6921]	1865	2307	0	-4.5621	-10.6388	0.2	25.0443	-0.946777	-0.300049	0.11499	201	255
[6922]	1845	2307	0	-4.60085	-10.7059	0.2	25.1007	-0.627441	-0.595215	-0.502441	201	255
[6923]	1855	2307	0	-4.63239	-10.6864	0.2	25.061	-0.858887	-0.431396	-0.276855	201	255
[6924]	1868	2308	0	-4.46046	-10.8711	0.2	25.2447	0.695801	0.695312	0.181763	201	255
[6925]	1867	2308	0	-4.45284	-10.8911	0.2	25.2486	0.514648	-0.418945	-0.748047	201	255
[6926]	1864	2308	0	-4.44258	-10.8529	0.2	25.2398	-0.106812	0.725098	-0.680176	201	255
[6927]	1875	2309	0	-4.48489	-10.8969	0.2	25.2451	0.410889	0.903809	0.120178	201	255
[6928]	1867	2309	0	-4.45284	-10.8911	0.2	25.2486	0.514648	-0.418945	-0.748047	201	255
[6929]	1868	2309	0	-4.46046	-10.8711	0.2	25.2447	0.695801	0.695312	0.181763	201	255
[6930]	1867	2310	0	-4.45284	-10.8911	0.2	25.2486	0.514648	-0.418945	-0.748047	201	255
[6931]	1875	2310	0	-4.48489	-10.8969	0.2	25.2451	0.410889	0.903809	0.120178	201	255
[6932]	1866	2310	0	-4.47937	-10.9205	0.2	25.2594	0.67334	-0.312988	-0.669434	201	255
[6933]	1878	2311	0	-4.48035	-10.9357	0.2	25.231	-0.524902	-0.829102	-0.192627	201	255
[6934]	1867	2311	0	-4.45284	-10.8911	0.2	25.2486	0.514648	-0.418945	-0.748047	201	255
[6935]	1866	2311	0	-4.47937	-10.9205	0.2	25.2594	0.67334	-0.312988	-0.669434	201	255
[6936]	1867	2312	0	-4.45284	-10.8911	0.2	25.2486	0.514648	-0.418945	-0.748047	201	255
[6937]	1878	2312	0	-4.48035	-10.9357	0.2	25.231	-0.524902	-0.829102	-0.192627	201	255
[6938]	1873	2312	0	-4.45102	-10.8916	0.2	25.2334	-0.69873	-0.494629	-0.51709	201	255
[6939]	1867	2313	0	-4.45284	-10.8911	0.2	25.2486	0.514648	-0.418945	-0.748047	201	255
[6940]	1873	2313	0	-4.45102	-10.8916	0.2	25.2334	-0.69873	-0.494629	-0.51709	201	255
[6941]	1864	2313	0	-4.44258	-10.8529	0.2	25.2398	-0.106812	0.725098	-0.680176	201	255
[6942]	1873	2314	0	-4.45102	-10.8916	0.2	25.2334	-0.69873	-0.494629	-0.51709	201	255
[6943]	1871	2314	0	-4.45647	-10.8775	0.2	25.2268	-0.806641	0.513672	0.292236	201	255
[6944]	1864	2314	0	-4.44258	-10.8529	0.2	25.2398	-0.106812	0.725098	-0.680176	201	255
[6945]	1871	2315	0	-4.45647	-10.8775	0.2	25.2268	-0.806641	0.513672	0.292236	201	255
[6946]	1870	2315	0	-4.46046	-10.8711	0.2	25.2447	0.695801	0.695312	0.181763	201	255
[6947]	1864	2315	0	-4.44258	-10.8529	0.2	25.2398	-0.106812	0.725098	-0.680176	201	255
[6948]	1871	2316	0	-4.45647	-10.8775	0.2	25.2268	-0.806641	0.513672	0.292236	201	255
[6949]	1869	2316	0	-4.48489	-10.8969	0.2	25.2451	0.410889	0.903809	0.120178	201	255
[6950]	1870	2316	0	-4.46046	-10.8711	0.2	25.2447	0.695801	0.695312	0.181763	201	255
[6951]	1883	2317	0	-4.51484	-10.9002	0.2	25.2507	0.282715	0.933105	-0.221802	201	255
[6952]	1866	2317	0	-4.47937	-10.9205	0.2	25.2594	0.67334	-0.312988	-0.669434	201	255
[6953]	1875	2317	0	-4.48489	-10.8969	0.2	25.2451	0.410889	0.903809	0.120178	201	255
[6954]	1866	2318	0	-4.47937	-10.9205	0.2	25.2594	0.67334	-0.312988	-0.669434	201	255
[6955]	1883	2318	0	-4.51484	-10.9002	0.2	25.2507	0.282715	0.933105	-0.221802	201	255
[6956]	1876	2318	0	-4.51796	-10.9394	0.2	25.2728	0.606445	-0.502441	-0.616211	201	255
[6957]	1876	2319	0	-4.51796	-10.9394	0.2	25.2728	0.606445	-0.502441	-0.616211	201	255
[6958]	1878	2319	0	-4.48035	-10.9357	0.2	25.231	-0.524902	-0.829102	-0.192627	201	255
[6959]	1866	2319	0	-4.47937	-10.9205	0.2	25.2594	0.67334	-0.312988	-0.669434	201	255
[6960]	1878	2320	0	-4.48035	-10.9357	0.2	25.231	-0.524902	-0.829102	-0.192627	201	255
[6961]	1876	2320	0	-4.51796	-10.9394	0.2	25.2728	0.606445	-0.502441	-0.616211	201	255
[6962]	1886	2320	0	-4.52947	-10.9518	0.2	25.2418	-0.452637	-0.877441	0.158325	201	255
[6963]	1882	2321	0	-4.52786	-10.9178	0.2	25.225	-0.873047	0.303955	0.381836	201	255
[6964]	1878	2321	0	-4.48035	-10.9357	0.2	25.231	-0.524902	-0.829102	-0.192627	201	255
[6965]	1886	2321	0	-4.52947	-10.9518	0.2	25.2418	-0.452637	-0.877441	0.158325	201	255
[6966]	1878	2322	0	-4.48035	-10.9357	0.2	25.231	-0.524902	-0.829102	-0.192627	201	255
[6967]	1882	2322	0	-4.52786	-10.9178	0.2	25.225	-0.873047	0.303955	0.381836	201	255
[6968]	1877	2322	0	-4.4839	-10.9135	0.2	25.2187	-0.897949	0.237915	0.370117	201	255
[6969]	1877	2323	0	-4.4839	-10.9135	0.2	25.2187	-0.897949	0.237915	0.370117	201	255
[6970]	1873	2323	0	-4.45102	-10.8916	0.2	25.2334	-0.69873	-0.494629	-0.51709	201	255
[6971]	1878	2323	0	-4.48035	-10.9357	0.2	25.231	-0.524902	-0.829102	-0.192627	201	255
[6972]	1873	2324	0	-4.45102	-10.8916	0.2	25.2334	-0.69873	-0.494629	-0.51709	201	255
[6973]	1877	2324	0	-4.4839	-10.9135	0.2	25.2187	-0.897949	0.237915	0.370117	201	255
[6974]	1871	2324	0	-4.45647	-10.8775	0.2	25.2268	-0.806641	0.513672	0.292236	201	255
[6975]	1869	2325	0	-4.48489	-10.8969	0.2	25.2451	0.410889	0.903809	0.120178	201	255
[6976]	1871	2325	0	-4.45647	-10.8775	0.2	25.2268	-0.806641	0.513672	0.292236	201	255
[6977]	1877	2325	0	-4.4839	-10.9135	0.2	25.2187	-0.897949	0.237915	0.370117	201	255
[6978]	1877	2326	0	-4.4839	-10.9135	0.2	25.2187	-0.897949	0.237915	0.370117	201	255
[6979]	1881	2326	0	-4.51484	-10.9002	0.2	25.2507	0.282715	0.933105	-0.221802	201	255
[6980]	1869	2326	0	-4.48489	-10.8969	0.2	25.2451	0.410889	0.903809	0.120178	201	255
[6981]	1881	2327	0	-4.51484	-10.9002	0.2	25.2507	0.282715	0.933105	-0.221802	201	255
[6982]	1877	2327	0	-4.4839	-10.9135	0.2	25.2187	-0.897949	0.237915	0.370117	201	255
[6983]	1882	2327	0	-4.52786	-10.9178	0.2	25.225	-0.873047	0.303955	0.381836	201	255
[6984]	1882	2328	0	-4.52786	-10.9178	0.2	25.225	-0.873047	0.303955	0.381836	201	255
[6985]	1880	2328	0	-4.54919	-10.8797	0.2	25.2616	-0.683105	0.0661621	-0.727051	201	255
[6986]	1881	2328	0	-4.51484	-10.9002	0.2	25.2507	0.282715	0.933105	-0.221802	201	255
[6987]	1880	2329	0	-4.54919	-10.8797	0.2	25.2616	-0.683105	0.0661621	-0.727051	201	255
[6988]	1882	2329	0	-4.52786	-10.9178	0.2	25.225	-0.873047	0.303955	0.381836	201	255
[6989]	1884	2329	0	-4.57697	-10.8972	0.2	25.2312	-0.914551	-0.38501	-0.121887	201	255
[6990]	1872	2330	0	-4.54919	-10.8797	0.2	25.2616	-0.683105	0.0661621	-0.727051	201	255
[6991]	1876	2330	0	-4.51796	-10.9394	0.2	25.2728	0.606445	-0.502441	-0.616211	201	255
[6992]	1883	2330	0	-4.51484	-10.9002	0.2	25.2507	0.282715	0.933105	-0.221802	201	255
[6993]	1876	2331	0	-4.51796	-10.9394	0.2	25.2728	0.606445	-0.502441	-0.616211	201	255
[6994]	1872	2331	0	-4.54919	-10.8797	0.2	25.2616	-0.683105	0.0661621	-0.727051	201	255
[6995]	1874	2331	0	-4.56155	-10.9338	0.2	25.2944	-0.343994	-0.830566	-0.4375	201	255
[6996]	1874	2332	0	-4.56155	-10.9338	0.2	25.2944	-0.343994	-0.830566	-0.4375	201	255
[6997]	1886	2332	0	-4.52947	-10.9518	0.2	25.2418	-0.452637	-0.877441	0.158325	201	255
[6998]	1876	2332	0	-4.51796	-10.9394	0.2	25.2728	0.606445	-0.502441	-0.616211	201	255
[6999]	1886	2333	0	-4.52947	-10.9518	0.2	25.2418	-0.452637	-0.877441	0.158325	201	255
[7000]	1874	2333	0	-4.56155	-10.9338	0.2	25.2944	-0.343994	-0.830566	-0.4375	201	255
[7001]	1879	2333	0	-4.59591	-10.9382	0.2	25.2609	-0.526855	-0.786621	-0.322266	201	255
[7002]	1884	2334	0	-4.57697	-10.8972	0.2	25.2312	-0.914551	-0.38501	-0.121887	201	255
[7003]	1886	2334	0	-4.52947	-10.9518	0.2	25.2418	-0.452637	-0.877441	0.158325	201	255
[7004]	1879	2334	0	-4.59591	-10.9382	0.2	25.2609	-0.526855	-0.786621	-0.322266	201	255
[7005]	1886	2335	0	-4.52947	-10.9518	0.2	25.2418	-0.452637	-0.877441	0.158325	201	255
[7006]	1884	2335	0	-4.57697	-10.8972	0.2	25.2312	-0.914551	-0.38501	-0.121887	201	255
[7007]	1882	2335	0	-4.52786	-10.9178	0.2	25.225	-0.873047	0.303955	0.381836	201	255
[7008]	1894	2336	0	-4.31984	-10.2247	0.2	24.8105	0.807617	0.589355	0.00455856	201	255
[7009]	1896	2336	0	-4.31799	-10.2415	0.2	24.8162	0.698242	-0.615723	-0.365479	201	255
[7010]	1885	2336	0	-4.29021	-10.2073	0.2	24.8113	0.0626221	0.342529	-0.9375	201	255
[7011]	1892	2337	0	-4.36912	-10.228	0.2	24.8069	0.755371	0.564941	-0.332031	201	255
[7012]	1896	2337	0	-4.31799	-10.2415	0.2	24.8162	0.698242	-0.615723	-0.365479	201	255
[7013]	1894	2337	0	-4.31984	-10.2247	0.2	24.8105	0.807617	0.589355	0.00455856	201	255
[7014]	1896	2338	0	-4.31799	-10.2415	0.2	24.8162	0.698242	-0.615723	-0.365479	201	255
[7015]	1892	2338	0	-4.36912	-10.228	0.2	24.8069	0.755371	0.564941	-0.332031	201	255
[7016]	1899	2338	0	-4.37024	-10.262	0.2	24.8149	0.543457	-0.774414	-0.323975	201	255
[7017]	1893	2339	0	-4.37061	-10.2578	0.2	24.7781	-0.862305	-0.493896	0.112244	201	255
[7018]	1896	2339	0	-4.31799	-10.2415	0.2	24.8162	0.698242	-0.615723	-0.365479	201	255
[7019]	1899	2339	0	-4.37024	-10.262	0.2	24.8149	0.543457	-0.774414	-0.323975	201	255
[7020]	1896	2340	0	-4.31799	-10.2415	0.2	24.8162	0.698242	-0.615723	-0.365479	201	255
[7021]	1893	2340	0	-4.37061	-10.2578	0.2	24.7781	-0.862305	-0.493896	0.112244	201	255
[7022]	1891	2340	0	-4.30995	-10.2425	0.2	24.791	-0.842773	-0.479492	-0.244629	201	255
[7023]	1896	2341	0	-4.31799	-10.2415	0.2	24.8162	0.698242	-0.615723	-0.365479	201	255
[7024]	1891	2341	0	-4.30995	-10.2425	0.2	24.791	-0.842773	-0.479492	-0.244629	201	255
[7025]	1885	2341	0	-4.29021	-10.2073	0.2	24.8113	0.0626221	0.342529	-0.9375	201	255
[7026]	1891	2342	0	-4.30995	-10.2425	0.2	24.791	-0.842773	-0.479492	-0.244629	201	255
[7027]	1888	2342	0	-4.31719	-10.2128	0.2	24.7936	-0.343994	0.931641	0.117493	201	255
[7028]	1885	2342	0	-4.29021	-10.2073	0.2	24.8113	0.0626221	0.342529	-0.9375	201	255
[7029]	1888	2343	0	-4.31719	-10.2128	0.2	24.7936	-0.343994	0.931641	0.117493	201	255
[7030]	1889	2343	0	-4.31984	-10.2247	0.2	24.8105	0.807617	0.589355	0.00455856	201	255
[7031]	1885	2343	0	-4.29021	-10.2073	0.2	24.8113	0.0626221	0.342529	-0.9375	201	255
[7032]	1895	2344	0	-4.36818	-10.2146	0.2	24.7841	-0.4021	0.914551	-0.0481262	201	255
[7033]	1889	2344	0	-4.31984	-10.2247	0.2	24.8105	0.807617	0.589355	0.00455856	201	255
[7034]	1888	2344	0	-4.31719	-10.2128	0.2	24.7936	-0.343994	0.931641	0.117493	201	255
[7035]	1889	2345	0	-4.31984	-10.2247	0.2	24.8105	0.807617	0.589355	0.00455856	201	255
[7036]	1895	2345	0	-4.36818	-10.2146	0.2	24.7841	-0.4021	0.914551	-0.0481262	201	255
[7037]	1904	2345	0	-4.36912	-10.228	0.2	24.8069	0.755371	0.564941	-0.332031	201	255
[7038]	1890	2346	0	-4.42113	-10.201	0.2	24.8172	0.668457	0.480225	-0.568359	201	255
[7039]	1899	2346	0	-4.37024	-10.262	0.2	24.8149	0.543457	-0.774414	-0.323975	201	255
[7040]	1892	2346	0	-4.36912	-10.228	0.2	24.8069	0.755371	0.564941	-0.332031	201	255
[7041]	1899	2347	0	-4.37024	-10.262	0.2	24.8149	0.543457	-0.774414	-0.323975	201	255
[7042]	1890	2347	0	-4.42113	-10.201	0.2	24.8172	0.668457	0.480225	-0.568359	201	255
[7043]	1898	2347	0	-4.43125	-10.2505	0.2	24.8236	0.53125	-0.814453	-0.232178	201	255
[7044]	1898	2348	0	-4.43125	-10.2505	0.2	24.8236	0.53125	-0.814453	-0.232178	201	255
[7045]	1893	2348	0	-4.37061	-10.2578	0.2	24.7781	-0.862305	-0.493896	0.112244	201	255
[7046]	1899	2348	0	-4.37024	-10.262	0.2	24.8149	0.543457	-0.774414	-0.323975	201	255
[7047]	1893	2349	0	-4.37061	-10.2578	0.2	24.7781	-0.862305	-0.493896	0.112244	201	255
[7048]	1898	2349	0	-4.43125	-10.2505	0.2	24.8236	0.53125	-0.814453	-0.232178	201	255
[7049]	1905	2349	0	-4.44351	-10.2481	0.2	24.7796	-0.712891	-0.606445	0.351807	201	255
[7050]	1897	2350	0	-4.42787	-10.1891	0.2	24.7784	-0.635254	0.770508	-0.0530701	201	255
[7051]	1893	2350	0	-4.37061	-10.2578	0.2	24.7781	-0.862305	-0.493896	0.112244	201	255
[7052]	1905	2350	0	-4.44351	-10.2481	0.2	24.7796	-0.712891	-0.606445	0.351807	201	255
[7053]	1893	2351	0	-4.37061	-10.2578	0.2	24.7781	-0.862305	-0.493896	0.112244	201	255
[7054]	1897	2351	0	-4.42787	-10.1891	0.2	24.7784	-0.635254	0.770508	-0.0530701	201	255
[7055]	1895	2351	0	-4.36818	-10.2146	0.2	24.7841	-0.4021	0.914551	-0.0481262	201	255
[7056]	1895	2352	0	-4.36818	-10.2146	0.2	24.7841	-0.4021	0.914551	-0.0481262	201	255
[7057]	1891	2352	0	-4.30995	-10.2425	0.2	24.791	-0.842773	-0.479492	-0.244629	201	255
[7058]	1893	2352	0	-4.37061	-10.2578	0.2	24.7781	-0.862305	-0.493896	0.112244	201	255
[7059]	1891	2353	0	-4.30995	-10.2425	0.2	24.791	-0.842773	-0.479492	-0.244629	201	255
[7060]	1895	2353	0	-4.36818	-10.2146	0.2	24.7841	-0.4021	0.914551	-0.0481262	201	255
[7061]	1888	2353	0	-4.31719	-10.2128	0.2	24.7936	-0.343994	0.931641	0.117493	201	255
[7062]	1903	2354	0	-4.45251	-10.1631	0.2	24.8232	-0.655273	-0.299805	-0.693359	201	255
[7063]	1898	2354	0	-4.43125	-10.2505	0.2	24.8236	0.53125	-0.814453	-0.232178	201	255
[7064]	1890	2354	0	-4.42113	-10.201	0.2	24.8172	0.668457	0.480225	-0.568359	201	255
[7065]	1898	2355	0	-4.43125	-10.2505	0.2	24.8236	0.53125	-0.814453	-0.232178	201	255
[7066]	1903	2355	0	-4.45251	-10.1631	0.2	24.8232	-0.655273	-0.299805	-0.693359	201	255
[7067]	1887	2355	0	-4.49555	-10.2102	0.2	24.8447	-0.415527	-0.899902	-0.133789	201	255
[7068]	1887	2356	0	-4.49555	-10.2102	0.2	24.8447	-0.415527	-0.899902	-0.133789	201	255
[7069]	1905	2356	0	-4.44351	-10.2481	0.2	24.7796	-0.712891	-0.606445	0.351807	201	255
[7070]	1898	2356	0	-4.43125	-10.2505	0.2	24.8236	0.53125	-0.814453	-0.232178	201	255
[7071]	1905	2357	0	-4.44351	-10.2481	0.2	24.7796	-0.712891	-0.606445	0.351807	201	255
[7072]	1887	2357	0	-4.49555	-10.2102	0.2	24.8447	-0.415527	-0.899902	-0.133789	201	255
[7073]	1902	2357	0	-4.5281	-10.2015	0.2	24.795	-0.687012	-0.700195	0.194824	201	255
[7074]	1907	2358	0	-4.49121	-10.1481	0.2	24.7754	-0.975586	-0.192017	0.104675	201	255
[7075]	1905	2358	0	-4.44351	-10.2481	0.2	24.7796	-0.712891	-0.606445	0.351807	201	255
[7076]	1902	2358	0	-4.5281	-10.2015	0.2	24.795	-0.687012	-0.700195	0.194824	201	255
[7077]	1905	2359	0	-4.44351	-10.2481	0.2	24.7796	-0.712891	-0.606445	0.351807	201	255
[7078]	1907	2359	0	-4.49121	-10.1481	0.2	24.7754	-0.975586	-0.192017	0.104675	201	255
[7079]	1897	2359	0	-4.42787	-10.1891	0.2	24.7784	-0.635254	0.770508	-0.0530701	201	255
[7080]	1900	2360	0	-4.45251	-10.1631	0.2	24.8232	-0.655273	-0.301758	-0.692383	201	255
[7081]	1897	2360	0	-4.42787	-10.1891	0.2	24.7784	-0.635254	0.770508	-0.0530701	201	255
[7082]	1907	2360	0	-4.49121	-10.1481	0.2	24.7754	-0.975586	-0.192017	0.104675	201	255
[7083]	1897	2361	0	-4.42787	-10.1891	0.2	24.7784	-0.635254	0.770508	-0.0530701	201	255
[7084]	1900	2361	0	-4.45251	-10.1631	0.2	24.8232	-0.655273	-0.301758	-0.692383	201	255
[7085]	1901	2361	0	-4.42113	-10.201	0.2	24.8172	0.666016	0.480713	-0.570312	201	255
[7086]	1901	2362	0	-4.42113	-10.201	0.2	24.8172	0.666016	0.480713	-0.570312	201	255
[7087]	1895	2362	0	-4.36818	-10.2146	0.2	24.7841	-0.4021	0.914551	-0.0481262	201	255
[7088]	1897	2362	0	-4.42787	-10.1891	0.2	24.7784	-0.635254	0.770508	-0.0530701	201	255
[7089]	1895	2363	0	-4.36818	-10.2146	0.2	24.7841	-0.4021	0.914551	-0.0481262	201	255
[7090]	1901	2363	0	-4.42113	-10.201	0.2	24.8172	0.666016	0.480713	-0.570312	201	255
[7091]	1904	2363	0	-4.36912	-10.228	0.2	24.8069	0.755371	0.564941	-0.332031	201	255
[7092]	1915	2364	0	-4.5877	-10.9035	0.2	25.122	0.630859	0.44043	-0.638672	201	255
[7093]	1917	2364	0	-4.59051	-10.9458	0.2	25.1187	0.5	-0.644043	-0.579102	201	255
[7094]	1906	2364	0	-4.57952	-10.9223	0.2	25.1036	-0.0977783	-0.0870361	-0.991699	201	255
[7095]	1913	2365	0	-4.64084	-10.9219	0.2	25.1099	0.881836	0.446289	-0.151489	201	255
[7096]	1917	2365	0	-4.59051	-10.9458	0.2	25.1187	0.5	-0.644043	-0.579102	201	255
[7097]	1915	2365	0	-4.5877	-10.9035	0.2	25.122	0.630859	0.44043	-0.638672	201	255
[7098]	1917	2366	0	-4.59051	-10.9458	0.2	25.1187	0.5	-0.644043	-0.579102	201	255
[7099]	1913	2366	0	-4.64084	-10.9219	0.2	25.1099	0.881836	0.446289	-0.151489	201	255
[7100]	1916	2366	0	-4.64525	-10.9854	0.2	25.1066	0.454346	-0.837402	-0.304932	201	255
[7101]	1916	2367	0	-4.64525	-10.9854	0.2	25.1066	0.454346	-0.837402	-0.304932	201	255
[7102]	1912	2367	0	-4.57941	-10.9443	0.2	25.0816	-0.696777	-0.338135	-0.632812	201	255
[7103]	1917	2367	0	-4.59051	-10.9458	0.2	25.1187	0.5	-0.644043	-0.579102	201	255
[7104]	1917	2368	0	-4.59051	-10.9458	0.2	25.1187	0.5	-0.644043	-0.579102	201	255
[7105]	1912	2368	0	-4.57941	-10.9443	0.2	25.0816	-0.696777	-0.338135	-0.632812	201	255
[7106]	1906	2368	0	-4.57952	-10.9223	0.2	25.1036	-0.0977783	-0.0870361	-0.991699	201	255
[7107]	1912	2369	0	-4.57941	-10.9443	0.2	25.0816	-0.696777	-0.338135	-0.632812	201	255
[7108]	1909	2369	0	-4.587	-10.8956	0.2	25.0856	-0.375488	0.817383	-0.436768	201	255
[7109]	1906	2369	0	-4.57952	-10.9223	0.2	25.1036	-0.0977783	-0.0870361	-0.991699	201	255
[7110]	1909	2370	0	-4.587	-10.8956	0.2	25.0856	-0.375488	0.817383	-0.436768	201	255
[7111]	1910	2370	0	-4.5877	-10.9035	0.2	25.122	0.630859	0.44043	-0.638672	201	255
[7112]	1906	2370	0	-4.57952	-10.9223	0.2	25.1036	-0.0977783	-0.0870361	-0.991699	201	255
[7113]	1909	2371	0	-4.587	-10.8956	0.2	25.0856	-0.375488	0.817383	-0.436768	201	255
[7114]	1914	2371	0	-4.64084	-10.9219	0.2	25.1099	0.881836	0.446289	-0.151489	201	255
[7115]	1910	2371	0	-4.5877	-10.9035	0.2	25.122	0.630859	0.44043	-0.638672	201	255
[7116]	1914	2372	0	-4.64084	-10.9219	0.2	25.1099	0.881836	0.446289	-0.151489	201	255
[7117]	1909	2372	0	-4.587	-10.8956	0.2	25.0856	-0.375488	0.817383	-0.436768	201	255
[7118]	1911	2372	0	-4.65125	-10.9027	0.2	25.0519	-0.569336	0.821289	-0.0307312	201	255
[7119]	1911	2373	0	-4.65125	-10.9027	0.2	25.0519	-0.569336	0.821289	-0.0307312	201	255
[7120]	1908	2373	0	-4.6814	-10.9121	0.2	25.1129	-0.328125	-0.220215	-0.918457	201	255
[7121]	1914	2373	0	-4.64084	-10.9219	0.2	25.1099	0.881836	0.446289	-0.151489	201	255
[7122]	1925	2374	0	-4.6814	-10.9121	0.2	25.1129	-0.326416	-0.220337	-0.919434	201	255
[7123]	1916	2374	0	-4.64525	-10.9854	0.2	25.1066	0.454346	-0.837402	-0.304932	201	255
[7124]	1913	2374	0	-4.64084	-10.9219	0.2	25.1099	0.881836	0.446289	-0.151489	201	255
[7125]	1916	2375	0	-4.64525	-10.9854	0.2	25.1066	0.454346	-0.837402	-0.304932	201	255
[7126]	1925	2375	0	-4.6814	-10.9121	0.2	25.1129	-0.326416	-0.220337	-0.919434	201	255
[7127]	1920	2375	0	-4.7042	-10.9972	0.2	25.11	-0.483643	-0.719727	-0.498535	201	255
[7128]	1920	2376	0	-4.7042	-10.9972	0.2	25.11	-0.483643	-0.719727	-0.498535	201	255
[7129]	1924	2376	0	-4.64777	-10.9875	0.2	25.0499	-0.827637	-0.558105	-0.0586548	201	255
[7130]	1916	2376	0	-4.64525	-10.9854	0.2	25.1066	0.454346	-0.837402	-0.304932	201	255
[7131]	1912	2377	0	-4.57941	-10.9443	0.2	25.0816	-0.696777	-0.338135	-0.632812	201	255
[7132]	1916	2377	0	-4.64525	-10.9854	0.2	25.1066	0.454346	-0.837402	-0.304932	201	255
[7133]	1924	2377	0	-4.64777	-10.9875	0.2	25.0499	-0.827637	-0.558105	-0.0586548	201	255
[7134]	1911	2378	0	-4.65125	-10.9027	0.2	25.0519	-0.569336	0.821289	-0.0307312	201	255
[7135]	1912	2378	0	-4.57941	-10.9443	0.2	25.0816	-0.696777	-0.338135	-0.632812	201	255
[7136]	1924	2378	0	-4.64777	-10.9875	0.2	25.0499	-0.827637	-0.558105	-0.0586548	201	255
[7137]	1912	2379	0	-4.57941	-10.9443	0.2	25.0816	-0.696777	-0.338135	-0.632812	201	255
[7138]	1911	2379	0	-4.65125	-10.9027	0.2	25.0519	-0.569336	0.821289	-0.0307312	201	255
[7139]	1909	2379	0	-4.587	-10.8956	0.2	25.0856	-0.375488	0.817383	-0.436768	201	255
[7140]	1924	2380	0	-4.64777	-10.9875	0.2	25.0499	-0.827637	-0.558105	-0.0586548	201	255
[7141]	1920	2380	0	-4.7042	-10.9972	0.2	25.11	-0.483643	-0.719727	-0.498535	201	255
[7142]	1919	2380	0	-4.72486	-10.9938	0.2	25.0502	-0.79248	-0.543945	-0.274658	201	255
[7143]	1922	2381	0	-4.69989	-10.8932	0.2	25.0435	-0.918457	-0.0977783	-0.383545	201	255
[7144]	1924	2381	0	-4.64777	-10.9875	0.2	25.0499	-0.827637	-0.558105	-0.0586548	201	255
[7145]	1919	2381	0	-4.72486	-10.9938	0.2	25.0502	-0.79248	-0.543945	-0.274658	201	255
[7146]	1924	2382	0	-4.64777	-10.9875	0.2	25.0499	-0.827637	-0.558105	-0.0586548	201	255
[7147]	1922	2382	0	-4.69989	-10.8932	0.2	25.0435	-0.918457	-0.0977783	-0.383545	201	255
[7148]	1911	2382	0	-4.65125	-10.9027	0.2	25.0519	-0.569336	0.821289	-0.0307312	201	255
[7149]	1908	2383	0	-4.6814	-10.9121	0.2	25.1129	-0.328125	-0.220215	-0.918457	201	255
[7150]	1911	2383	0	-4.65125	-10.9027	0.2	25.0519	-0.569336	0.821289	-0.0307312	201	255
[7151]	1922	2383	0	-4.69989	-10.8932	0.2	25.0435	-0.918457	-0.0977783	-0.383545	201	255
[7152]	1918	2384	0	-4.54656	-10.4589	0.2	24.8985	0.984863	-0.0511169	0.163208	201	255
[7153]	1923	2384	0	-4.53952	-10.4712	0.2	24.8941	0.249878	-0.739258	-0.625488	201	255
[7154]	1921	2384	0	-4.52642	-10.423	0.2	24.9111	0.384521	0.574219	-0.722656	201	255
[7155]	1934	2385	0	-4.59196	-10.5074	0.2	24.8733	0.98877	0.147705	0.015625	201	255
[7156]	1923	2385	0	-4.53952	-10.4712	0.2	24.8941	0.249878	-0.739258	-0.625488	201	255
[7157]	1918	2385	0	-4.54656	-10.4589	0.2	24.8985	0.984863	-0.0511169	0.163208	201	255
[7158]	1923	2386	0	-4.53952	-10.4712	0.2	24.8941	0.249878	-0.739258	-0.625488	201	255
[7159]	1934	2386	0	-4.59196	-10.5074	0.2	24.8733	0.98877	0.147705	0.015625	201	255
[7160]	1933	2386	0	-4.58446	-10.5418	0.2	24.8688	0.0913086	-0.881348	-0.463135	201	255
[7161]	1933	2387	0	-4.58446	-10.5418	0.2	24.8688	0.0913086	-0.881348	-0.463135	201	255
[7162]	1927	2387	0	-4.54019	-10.4723	0.2	24.8753	-0.842285	-0.118774	-0.525879	201	255
[7163]	1923	2387	0	-4.53952	-10.4712	0.2	24.8941	0.249878	-0.739258	-0.625488	201	255
[7164]	1923	2388	0	-4.53952	-10.4712	0.2	24.8941	0.249878	-0.739258	-0.625488	201	255
[7165]	1927	2388	0	-4.54019	-10.4723	0.2	24.8753	-0.842285	-0.118774	-0.525879	201	255
[7166]	1921	2388	0	-4.52642	-10.423	0.2	24.9111	0.384521	0.574219	-0.722656	201	255
[7167]	1927	2389	0	-4.54019	-10.4723	0.2	24.8753	-0.842285	-0.118774	-0.525879	201	255
[7168]	1928	2389	0	-4.55032	-10.4487	0.2	24.8773	-0.258057	0.92334	0.28418	201	255
[7169]	1921	2389	0	-4.52642	-10.423	0.2	24.9111	0.384521	0.574219	-0.722656	201	255
[7170]	1928	2390	0	-4.55032	-10.4487	0.2	24.8773	-0.258057	0.92334	0.28418	201	255
[7171]	1926	2390	0	-4.54656	-10.4589	0.2	24.8985	0.984863	-0.0511169	0.163208	201	255
[7172]	1921	2390	0	-4.52642	-10.423	0.2	24.9111	0.384521	0.574219	-0.722656	201	255
[7173]	1928	2391	0	-4.55032	-10.4487	0.2	24.8773	-0.258057	0.92334	0.28418	201	255
[7174]	1930	2391	0	-4.59196	-10.5074	0.2	24.8733	0.98877	0.147705	0.015625	201	255
[7175]	1926	2391	0	-4.54656	-10.4589	0.2	24.8985	0.984863	-0.0511169	0.163208	201	255
[7176]	1930	2392	0	-4.59196	-10.5074	0.2	24.8733	0.98877	0.147705	0.015625	201	255
[7177]	1928	2392	0	-4.55032	-10.4487	0.2	24.8773	-0.258057	0.92334	0.28418	201	255
[7178]	1932	2392	0	-4.59703	-10.4918	0.2	24.853	-0.0675049	0.975586	0.208984	201	255
[7179]	1932	2393	0	-4.59703	-10.4918	0.2	24.853	-0.0675049	0.975586	0.208984	201	255
[7180]	1938	2393	0	-4.64263	-10.5365	0.2	24.8747	0.920898	0.0926514	-0.378418	201	255
[7181]	1930	2393	0	-4.59196	-10.5074	0.2	24.8733	0.98877	0.147705	0.015625	201	255
[7182]	1936	2394	0	-4.64263	-10.5365	0.2	24.8747	0.920898	0.0926514	-0.378418	201	255
[7183]	1933	2394	0	-4.58446	-10.5418	0.2	24.8688	0.0913086	-0.881348	-0.463135	201	255
[7184]	1934	2394	0	-4.59196	-10.5074	0.2	24.8733	0.98877	0.147705	0.015625	201	255
[7185]	1933	2395	0	-4.58446	-10.5418	0.2	24.8688	0.0913086	-0.881348	-0.463135	201	255
[7186]	1936	2395	0	-4.64263	-10.5365	0.2	24.8747	0.920898	0.0926514	-0.378418	201	255
[7187]	1935	2395	0	-4.64436	-10.5834	0.2	24.8659	0.0977783	-0.924805	-0.368164	201	255
[7188]	1935	2396	0	-4.64436	-10.5834	0.2	24.8659	0.0977783	-0.924805	-0.368164	201	255
[7189]	1937	2396	0	-4.58732	-10.5211	0.2	24.8418	-0.990234	-0.0318298	-0.134277	201	255
[7190]	1933	2396	0	-4.58446	-10.5418	0.2	24.8688	0.0913086	-0.881348	-0.463135	201	255
[7191]	1927	2397	0	-4.54019	-10.4723	0.2	24.8753	-0.842285	-0.118774	-0.525879	201	255
[7192]	1933	2397	0	-4.58446	-10.5418	0.2	24.8688	0.0913086	-0.881348	-0.463135	201	255
[7193]	1937	2397	0	-4.58732	-10.5211	0.2	24.8418	-0.990234	-0.0318298	-0.134277	201	255
[7194]	1932	2398	0	-4.59703	-10.4918	0.2	24.853	-0.0675049	0.975586	0.208984	201	255
[7195]	1927	2398	0	-4.54019	-10.4723	0.2	24.8753	-0.842285	-0.118774	-0.525879	201	255
[7196]	1937	2398	0	-4.58732	-10.5211	0.2	24.8418	-0.990234	-0.0318298	-0.134277	201	255
[7197]	1927	2399	0	-4.54019	-10.4723	0.2	24.8753	-0.842285	-0.118774	-0.525879	201	255
[7198]	1932	2399	0	-4.59703	-10.4918	0.2	24.853	-0.0675049	0.975586	0.208984	201	255
[7199]	1928	2399	0	-4.55032	-10.4487	0.2	24.8773	-0.258057	0.92334	0.28418	201	255
[7200]	1929	2400	0	-4.6747	-10.5207	0.2	24.8837	-0.29248	-0.224731	-0.929688	201	255
[7201]	1935	2400	0	-4.64436	-10.5834	0.2	24.8659	0.0977783	-0.924805	-0.368164	201	255
[7202]	1936	2400	0	-4.64263	-10.5365	0.2	24.8747	0.920898	0.0926514	-0.378418	201	255
[7203]	1935	2401	0	-4.64436	-10.5834	0.2	24.8659	0.0977783	-0.924805	-0.368164	201	255
[7204]	1929	2401	0	-4.6747	-10.5207	0.2	24.8837	-0.29248	-0.224731	-0.929688	201	255
[7205]	1931	2401	0	-4.7027	-10.6121	0.2	24.8769	-0.636719	-0.622559	-0.454834	201	255
[7206]	1931	2402	0	-4.7027	-10.6121	0.2	24.8769	-0.636719	-0.622559	-0.454834	201	255
[7207]	1944	2402	0	-4.65217	-10.5568	0.2	24.8263	-0.977051	-0.21167	0.0365295	201	255
[7208]	1935	2402	0	-4.64436	-10.5834	0.2	24.8659	0.0977783	-0.924805	-0.368164	201	255
[7209]	1937	2403	0	-4.58732	-10.5211	0.2	24.8418	-0.990234	-0.0318298	-0.134277	201	255
[7210]	1935	2403	0	-4.64436	-10.5834	0.2	24.8659	0.0977783	-0.924805	-0.368164	201	255
[7211]	1944	2403	0	-4.65217	-10.5568	0.2	24.8263	-0.977051	-0.21167	0.0365295	201	255
[7212]	1946	2404	0	-4.64966	-10.5036	0.2	24.8408	-0.218018	0.975586	0.0214539	201	255
[7213]	1937	2404	0	-4.58732	-10.5211	0.2	24.8418	-0.990234	-0.0318298	-0.134277	201	255
[7214]	1944	2404	0	-4.65217	-10.5568	0.2	24.8263	-0.977051	-0.21167	0.0365295	201	255
[7215]	1937	2405	0	-4.58732	-10.5211	0.2	24.8418	-0.990234	-0.0318298	-0.134277	201	255
[7216]	1946	2405	0	-4.64966	-10.5036	0.2	24.8408	-0.218018	0.975586	0.0214539	201	255
[7217]	1932	2405	0	-4.59703	-10.4918	0.2	24.853	-0.0675049	0.975586	0.208984	201	255
[7218]	1938	2406	0	-4.64263	-10.5365	0.2	24.8747	0.920898	0.0926514	-0.378418	201	255
[7219]	1932	2406	0	-4.59703	-10.4918	0.2	24.853	-0.0675049	0.975586	0.208984	201	255
[7220]	1946	2406	0	-4.64966	-10.5036	0.2	24.8408	-0.218018	0.975586	0.0214539	201	255
[7221]	1946	2407	0	-4.64966	-10.5036	0.2	24.8408	-0.218018	0.975586	0.0214539	201	255
[7222]	1941	2407	0	-4.6747	-10.5207	0.2	24.8837	-0.29248	-0.224731	-0.929688	201	255
[7223]	1938	2407	0	-4.64263	-10.5365	0.2	24.8747	0.920898	0.0926514	-0.378418	201	255
[7224]	1941	2408	0	-4.6747	-10.5207	0.2	24.8837	-0.29248	-0.224731	-0.929688	201	255
[7225]	1946	2408	0	-4.64966	-10.5036	0.2	24.8408	-0.218018	0.975586	0.0214539	201	255
[7226]	1945	2408	0	-4.70303	-10.5036	0.2	24.8317	-0.969727	0.0210419	-0.243408	201	255
[7227]	1944	2409	0	-4.65217	-10.5568	0.2	24.8263	-0.977051	-0.21167	0.0365295	201	255
[7228]	1945	2409	0	-4.70303	-10.5036	0.2	24.8317	-0.969727	0.0210419	-0.243408	201	255
[7229]	1946	2409	0	-4.64966	-10.5036	0.2	24.8408	-0.218018	0.975586	0.0214539	201	255
[7230]	1945	2410	0	-4.70303	-10.5036	0.2	24.8317	-0.969727	0.0210419	-0.243408	201	255
[7231]	1944	2410	0	-4.65217	-10.5568	0.2	24.8263	-0.977051	-0.21167	0.0365295	201	255
[7232]	1940	2410	0	-4.7218	-10.5721	0.2	24.8298	-0.903809	-0.391602	-0.172852	201	255
[7233]	1944	2411	0	-4.65217	-10.5568	0.2	24.8263	-0.977051	-0.21167	0.0365295	201	255
[7234]	1931	2411	0	-4.7027	-10.6121	0.2	24.8769	-0.636719	-0.622559	-0.454834	201	255
[7235]	1940	2411	0	-4.7218	-10.5721	0.2	24.8298	-0.903809	-0.391602	-0.172852	201	255
[7236]	1942	2412	0	-4.63122	-11.2209	0.2	25.131	0.884277	0.460449	-0.0792236	201	255
[7237]	1943	2412	0	-4.63878	-11.2414	0.2	25.1295	0.621582	-0.709961	-0.330322	201	255
[7238]	1939	2412	0	-4.60737	-11.2121	0.2	25.1296	0.129272	0.274414	-0.953125	201	255
[7239]	1957	2413	0	-4.68304	-11.2366	0.2	25.119	0.717773	0.675781	-0.16748	201	255
[7240]	1943	2413	0	-4.63878	-11.2414	0.2	25.1295	0.621582	-0.709961	-0.330322	201	255
[7241]	1942	2413	0	-4.63122	-11.2209	0.2	25.131	0.884277	0.460449	-0.0792236	201	255
[7242]	1943	2414	0	-4.63878	-11.2414	0.2	25.1295	0.621582	-0.709961	-0.330322	201	255
[7243]	1957	2414	0	-4.68304	-11.2366	0.2	25.119	0.717773	0.675781	-0.16748	201	255
[7244]	1959	2414	0	-4.68441	-11.2648	0.2	25.1305	0.651855	-0.651855	-0.387207	201	255
[7245]	1959	2415	0	-4.68441	-11.2648	0.2	25.1305	0.651855	-0.651855	-0.387207	201	255
[7246]	1948	2415	0	-4.63436	-11.2459	0.2	25.1085	-0.715332	-0.62207	-0.318359	201	255
[7247]	1943	2415	0	-4.63878	-11.2414	0.2	25.1295	0.621582	-0.709961	-0.330322	201	255
[7248]	1943	2416	0	-4.63878	-11.2414	0.2	25.1295	0.621582	-0.709961	-0.330322	201	255
[7249]	1948	2416	0	-4.63436	-11.2459	0.2	25.1085	-0.715332	-0.62207	-0.318359	201	255
[7250]	1939	2416	0	-4.60737	-11.2121	0.2	25.1296	0.129272	0.274414	-0.953125	201	255
[7251]	1948	2417	0	-4.63436	-11.2459	0.2	25.1085	-0.715332	-0.62207	-0.318359	201	255
[7252]	1947	2417	0	-4.63416	-11.2176	0.2	25.1054	-0.63623	0.766113	-0.0891724	201	255
[7253]	1939	2417	0	-4.60737	-11.2121	0.2	25.1296	0.129272	0.274414	-0.953125	201	255
[7254]	1947	2418	0	-4.63416	-11.2176	0.2	25.1054	-0.63623	0.766113	-0.0891724	201	255
[7255]	1949	2418	0	-4.63122	-11.2209	0.2	25.131	0.884277	0.460449	-0.0792236	201	255
[7256]	1939	2418	0	-4.60737	-11.2121	0.2	25.1296	0.129272	0.274414	-0.953125	201	255
[7257]	1947	2419	0	-4.63416	-11.2176	0.2	25.1054	-0.63623	0.766113	-0.0891724	201	255
[7258]	1952	2419	0	-4.68304	-11.2366	0.2	25.119	0.717773	0.675781	-0.16748	201	255
[7259]	1949	2419	0	-4.63122	-11.2209	0.2	25.131	0.884277	0.460449	-0.0792236	201	255
[7260]	1952	2420	0	-4.68304	-11.2366	0.2	25.119	0.717773	0.675781	-0.16748	201	255
[7261]	1947	2420	0	-4.63416	-11.2176	0.2	25.1054	-0.63623	0.766113	-0.0891724	201	255
[7262]	1951	2420	0	-4.68233	-11.2236	0.2	25.0914	-0.635742	0.768555	0.0736084	201	255
[7263]	1951	2421	0	-4.68233	-11.2236	0.2	25.0914	-0.635742	0.768555	0.0736084	201	255
[7264]	1956	2421	0	-4.73245	-11.2264	0.2	25.1267	0.599121	0.61377	-0.514648	201	255
[7265]	1952	2421	0	-4.68304	-11.2366	0.2	25.119	0.717773	0.675781	-0.16748	201	255
[7266]	1955	2422	0	-4.73245	-11.2264	0.2	25.1267	0.599121	0.61377	-0.514648	201	255
[7267]	1959	2422	0	-4.68441	-11.2648	0.2	25.1305	0.651855	-0.651855	-0.387207	201	255
[7268]	1957	2422	0	-4.68304	-11.2366	0.2	25.119	0.717773	0.675781	-0.16748	201	255
[7269]	1959	2423	0	-4.68441	-11.2648	0.2	25.1305	0.651855	-0.651855	-0.387207	201	255
[7270]	1955	2423	0	-4.73245	-11.2264	0.2	25.1267	0.599121	0.61377	-0.514648	201	255
[7271]	1958	2423	0	-4.74124	-11.2729	0.2	25.1411	0.509766	-0.754395	-0.413818	201	255
[7272]	1958	2424	0	-4.74124	-11.2729	0.2	25.1411	0.509766	-0.754395	-0.413818	201	255
[7273]	1954	2424	0	-4.68608	-11.2658	0.2	25.1008	-0.733887	-0.677246	0.0467529	201	255
[7274]	1959	2424	0	-4.68441	-11.2648	0.2	25.1305	0.651855	-0.651855	-0.387207	201	255
[7275]	1948	2425	0	-4.63436	-11.2459	0.2	25.1085	-0.715332	-0.62207	-0.318359	201	255
[7276]	1959	2425	0	-4.68441	-11.2648	0.2	25.1305	0.651855	-0.651855	-0.387207	201	255
[7277]	1954	2425	0	-4.68608	-11.2658	0.2	25.1008	-0.733887	-0.677246	0.0467529	201	255
[7278]	1951	2426	0	-4.68233	-11.2236	0.2	25.0914	-0.635742	0.768555	0.0736084	201	255
[7279]	1948	2426	0	-4.63436	-11.2459	0.2	25.1085	-0.715332	-0.62207	-0.318359	201	255
[7280]	1954	2426	0	-4.68608	-11.2658	0.2	25.1008	-0.733887	-0.677246	0.0467529	201	255
[7281]	1948	2427	0	-4.63436	-11.2459	0.2	25.1085	-0.715332	-0.62207	-0.318359	201	255
[7282]	1951	2427	0	-4.68233	-11.2236	0.2	25.0914	-0.635742	0.768555	0.0736084	201	255
[7283]	1947	2427	0	-4.63416	-11.2176	0.2	25.1054	-0.63623	0.766113	-0.0891724	201	255
[7284]	1967	2428	0	-4.77001	-11.1923	0.2	25.1477	-0.376953	-0.220337	-0.899414	201	255
[7285]	1958	2428	0	-4.74124	-11.2729	0.2	25.1411	0.509766	-0.754395	-0.413818	201	255
[7286]	1955	2428	0	-4.73245	-11.2264	0.2	25.1267	0.599121	0.61377	-0.514648	201	255
[7287]	1958	2429	0	-4.74124	-11.2729	0.2	25.1411	0.509766	-0.754395	-0.413818	201	255
[7288]	1967	2429	0	-4.77001	-11.1923	0.2	25.1477	-0.376953	-0.220337	-0.899414	201	255
[7289]	1962	2429	0	-4.80913	-11.2655	0.2	25.1613	-0.451904	-0.865234	-0.218018	201	255
[7290]	1962	2430	0	-4.80913	-11.2655	0.2	25.1613	-0.451904	-0.865234	-0.218018	201	255
[7291]	1964	2430	0	-4.75213	-11.2731	0.2	25.1035	-0.688965	-0.674805	0.263916	201	255
[7292]	1958	2430	0	-4.74124	-11.2729	0.2	25.1411	0.509766	-0.754395	-0.413818	201	255
[7293]	1954	2431	0	-4.68608	-11.2658	0.2	25.1008	-0.733887	-0.677246	0.0467529	201	255
[7294]	1958	2431	0	-4.74124	-11.2729	0.2	25.1411	0.509766	-0.754395	-0.413818	201	255
[7295]	1964	2431	0	-4.75213	-11.2731	0.2	25.1035	-0.688965	-0.674805	0.263916	201	255
[7296]	1961	2432	0	-4.73841	-11.2134	0.2	25.0916	-0.699707	0.712402	0.0502625	201	255
[7297]	1954	2432	0	-4.68608	-11.2658	0.2	25.1008	-0.733887	-0.677246	0.0467529	201	255
[7298]	1964	2432	0	-4.75213	-11.2731	0.2	25.1035	-0.688965	-0.674805	0.263916	201	255
[7299]	1954	2433	0	-4.68608	-11.2658	0.2	25.1008	-0.733887	-0.677246	0.0467529	201	255
[7300]	1961	2433	0	-4.73841	-11.2134	0.2	25.0916	-0.699707	0.712402	0.0502625	201	255
[7301]	1951	2433	0	-4.68233	-11.2236	0.2	25.0914	-0.635742	0.768555	0.0736084	201	255
[7302]	1956	2434	0	-4.73245	-11.2264	0.2	25.1267	0.599121	0.61377	-0.514648	201	255
[7303]	1951	2434	0	-4.68233	-11.2236	0.2	25.0914	-0.635742	0.768555	0.0736084	201	255
[7304]	1961	2434	0	-4.73841	-11.2134	0.2	25.0916	-0.699707	0.712402	0.0502625	201	255
[7305]	1961	2435	0	-4.73841	-11.2134	0.2	25.0916	-0.699707	0.712402	0.0502625	201	255
[7306]	1950	2435	0	-4.77001	-11.1923	0.2	25.1477	-0.376953	-0.220337	-0.899414	201	255
[7307]	1956	2435	0	-4.73245	-11.2264	0.2	25.1267	0.599121	0.61377	-0.514648	201	255
[7308]	1950	2436	0	-4.77001	-11.1923	0.2	25.1477	-0.376953	-0.220337	-0.899414	201	255
[7309]	1961	2436	0	-4.73841	-11.2134	0.2	25.0916	-0.699707	0.712402	0.0502625	201	255
[7310]	1966	2436	0	-4.79676	-11.1838	0.2	25.098	-0.953125	-0.294922	-0.0685425	201	255
[7311]	1964	2437	0	-4.75213	-11.2731	0.2	25.1035	-0.688965	-0.674805	0.263916	201	255
[7312]	1966	2437	0	-4.79676	-11.1838	0.2	25.098	-0.953125	-0.294922	-0.0685425	201	255
[7313]	1961	2437	0	-4.73841	-11.2134	0.2	25.0916	-0.699707	0.712402	0.0502625	201	255
[7314]	1966	2438	0	-4.79676	-11.1838	0.2	25.098	-0.953125	-0.294922	-0.0685425	201	255
[7315]	1964	2438	0	-4.75213	-11.2731	0.2	25.1035	-0.688965	-0.674805	0.263916	201	255
[7316]	1953	2438	0	-4.84115	-11.2515	0.2	25.1261	-0.664062	-0.740723	0.102112	201	255
[7317]	1964	2439	0	-4.75213	-11.2731	0.2	25.1035	-0.688965	-0.674805	0.263916	201	255
[7318]	1962	2439	0	-4.80913	-11.2655	0.2	25.1613	-0.451904	-0.865234	-0.218018	201	255
[7319]	1953	2439	0	-4.84115	-11.2515	0.2	25.1261	-0.664062	-0.740723	0.102112	201	255
[7320]	1965	2440	0	-4.66127	-10.9051	0.2	24.838	0.819824	0.572266	0.0218658	201	255
[7321]	1960	2440	0	-4.65224	-10.9187	0.2	24.8423	0.565918	-0.569824	-0.595703	201	255
[7322]	1963	2440	0	-4.62495	-10.8691	0.2	24.8412	0.0731201	0.522461	-0.849609	201	255
[7323]	1965	2441	0	-4.66127	-10.9051	0.2	24.838	0.819824	0.572266	0.0218658	201	255
[7324]	1975	2441	0	-4.70422	-10.9573	0.2	24.858	0.598633	-0.486816	-0.63623	201	255
[7325]	1960	2441	0	-4.65224	-10.9187	0.2	24.8423	0.565918	-0.569824	-0.595703	201	255
[7326]	1975	2442	0	-4.70422	-10.9573	0.2	24.858	0.598633	-0.486816	-0.63623	201	255
[7327]	1969	2442	0	-4.65343	-10.9251	0.2	24.8239	-0.787598	-0.529297	-0.314941	201	255
[7328]	1960	2442	0	-4.65224	-10.9187	0.2	24.8423	0.565918	-0.569824	-0.595703	201	255
[7329]	1960	2443	0	-4.65224	-10.9187	0.2	24.8423	0.565918	-0.569824	-0.595703	201	255
[7330]	1969	2443	0	-4.65343	-10.9251	0.2	24.8239	-0.787598	-0.529297	-0.314941	201	255
[7331]	1963	2443	0	-4.62495	-10.8691	0.2	24.8412	0.0731201	0.522461	-0.849609	201	255
[7332]	1969	2444	0	-4.65343	-10.9251	0.2	24.8239	-0.787598	-0.529297	-0.314941	201	255
[7333]	1970	2444	0	-4.65845	-10.8921	0.2	24.8214	-0.500977	0.830078	0.24585	201	255
[7334]	1963	2444	0	-4.62495	-10.8691	0.2	24.8412	0.0731201	0.522461	-0.849609	201	255
[7335]	1970	2445	0	-4.65845	-10.8921	0.2	24.8214	-0.500977	0.830078	0.24585	201	255
[7336]	1968	2445	0	-4.66127	-10.9051	0.2	24.838	0.819824	0.572266	0.0218658	201	255
[7337]	1963	2445	0	-4.62495	-10.8691	0.2	24.8412	0.0731201	0.522461	-0.849609	201	255
[7338]	1974	2446	0	-4.71189	-10.9261	0.2	24.8178	-0.614746	0.714355	0.334961	201	255
[7339]	1968	2446	0	-4.66127	-10.9051	0.2	24.838	0.819824	0.572266	0.0218658	201	255
[7340]	1970	2446	0	-4.65845	-10.8921	0.2	24.8214	-0.500977	0.830078	0.24585	201	255
[7341]	1968	2447	0	-4.66127	-10.9051	0.2	24.838	0.819824	0.572266	0.0218658	201	255
[7342]	1974	2447	0	-4.71189	-10.9261	0.2	24.8178	-0.614746	0.714355	0.334961	201	255
[7343]	1972	2447	0	-4.70932	-10.9359	0.2	24.8451	0.586426	0.782227	-0.211182	201	255
[7344]	1974	2448	0	-4.71189	-10.9261	0.2	24.8178	-0.614746	0.714355	0.334961	201	255
[7345]	1980	2448	0	-4.75811	-10.9278	0.2	24.8695	0.4021	0.703125	-0.586426	201	255
[7346]	1972	2448	0	-4.70932	-10.9359	0.2	24.8451	0.586426	0.782227	-0.211182	201	255
[7347]	1975	2449	0	-4.70422	-10.9573	0.2	24.858	0.598633	-0.486816	-0.63623	201	255
[7348]	1965	2449	0	-4.66127	-10.9051	0.2	24.838	0.819824	0.572266	0.0218658	201	255
[7349]	1976	2449	0	-4.70932	-10.9359	0.2	24.8451	0.586426	0.782227	-0.211182	201	255
[7350]	1978	2450	0	-4.75811	-10.9278	0.2	24.8695	0.4021	0.703125	-0.586426	201	255
[7351]	1975	2450	0	-4.70422	-10.9573	0.2	24.858	0.598633	-0.486816	-0.63623	201	255
[7352]	1976	2450	0	-4.70932	-10.9359	0.2	24.8451	0.586426	0.782227	-0.211182	201	255
[7353]	1975	2451	0	-4.70422	-10.9573	0.2	24.858	0.598633	-0.486816	-0.63623	201	255
[7354]	1978	2451	0	-4.75811	-10.9278	0.2	24.8695	0.4021	0.703125	-0.586426	201	255
[7355]	1977	2451	0	-4.76255	-10.975	0.2	24.8896	0.406982	-0.6875	-0.601562	201	255
[7356]	1977	2452	0	-4.76255	-10.975	0.2	24.8896	0.406982	-0.6875	-0.601562	201	255
[7357]	1979	2452	0	-4.70932	-10.9674	0.2	24.8236	-0.723145	-0.686523	0.0731201	201	255
[7358]	1975	2452	0	-4.70422	-10.9573	0.2	24.858	0.598633	-0.486816	-0.63623	201	255
[7359]	1969	2453	0	-4.65343	-10.9251	0.2	24.8239	-0.787598	-0.529297	-0.314941	201	255
[7360]	1975	2453	0	-4.70422	-10.9573	0.2	24.858	0.598633	-0.486816	-0.63623	201	255
[7361]	1979	2453	0	-4.70932	-10.9674	0.2	24.8236	-0.723145	-0.686523	0.0731201	201	255
[7362]	1974	2454	0	-4.71189	-10.9261	0.2	24.8178	-0.614746	0.714355	0.334961	201	255
[7363]	1969	2454	0	-4.65343	-10.9251	0.2	24.8239	-0.787598	-0.529297	-0.314941	201	255
[7364]	1979	2454	0	-4.70932	-10.9674	0.2	24.8236	-0.723145	-0.686523	0.0731201	201	255
[7365]	1969	2455	0	-4.65343	-10.9251	0.2	24.8239	-0.787598	-0.529297	-0.314941	201	255
[7366]	1974	2455	0	-4.71189	-10.9261	0.2	24.8178	-0.614746	0.714355	0.334961	201	255
[7367]	1970	2455	0	-4.65845	-10.8921	0.2	24.8214	-0.500977	0.830078	0.24585	201	255
[7368]	1971	2456	0	-4.7918	-10.8956	0.2	24.8997	-0.485352	-0.0916138	-0.869629	201	255
[7369]	1977	2456	0	-4.76255	-10.975	0.2	24.8896	0.406982	-0.6875	-0.601562	201	255
[7370]	1978	2456	0	-4.75811	-10.9278	0.2	24.8695	0.4021	0.703125	-0.586426	201	255
[7371]	1977	2457	0	-4.76255	-10.975	0.2	24.8896	0.406982	-0.6875	-0.601562	201	255
[7372]	1971	2457	0	-4.7918	-10.8956	0.2	24.8997	-0.485352	-0.0916138	-0.869629	201	255
[7373]	1973	2457	0	-4.82037	-10.9698	0.2	24.9292	-0.543945	-0.779297	-0.310791	201	255
[7374]	1973	2458	0	-4.82037	-10.9698	0.2	24.9292	-0.543945	-0.779297	-0.310791	201	255
[7375]	1986	2458	0	-4.78254	-10.9831	0.2	24.8448	-0.628906	-0.635742	0.44751	201	255
[7376]	1977	2458	0	-4.76255	-10.975	0.2	24.8896	0.406982	-0.6875	-0.601562	201	255
[7377]	1979	2459	0	-4.70932	-10.9674	0.2	24.8236	-0.723145	-0.686523	0.0731201	201	255
[7378]	1977	2459	0	-4.76255	-10.975	0.2	24.8896	0.406982	-0.6875	-0.601562	201	255
[7379]	1986	2459	0	-4.78254	-10.9831	0.2	24.8448	-0.628906	-0.635742	0.44751	201	255
[7380]	1988	2460	0	-4.77362	-10.9201	0.2	24.8365	-0.622559	0.72998	0.283203	201	255
[7381]	1979	2460	0	-4.70932	-10.9674	0.2	24.8236	-0.723145	-0.686523	0.0731201	201	255
[7382]	1986	2460	0	-4.78254	-10.9831	0.2	24.8448	-0.628906	-0.635742	0.44751	201	255
[7383]	1979	2461	0	-4.70932	-10.9674	0.2	24.8236	-0.723145	-0.686523	0.0731201	201	255
[7384]	1988	2461	0	-4.77362	-10.9201	0.2	24.8365	-0.622559	0.72998	0.283203	201	255
[7385]	1974	2461	0	-4.71189	-10.9261	0.2	24.8178	-0.614746	0.714355	0.334961	201	255
[7386]	1980	2462	0	-4.75811	-10.9278	0.2	24.8695	0.4021	0.703125	-0.586426	201	255
[7387]	1974	2462	0	-4.71189	-10.9261	0.2	24.8178	-0.614746	0.714355	0.334961	201	255
[7388]	1988	2462	0	-4.77362	-10.9201	0.2	24.8365	-0.622559	0.72998	0.283203	201	255
[7389]	1988	2463	0	-4.77362	-10.9201	0.2	24.8365	-0.622559	0.72998	0.283203	201	255
[7390]	1983	2463	0	-4.7918	-10.8956	0.2	24.8997	-0.485352	-0.0916138	-0.869629	201	255
[7391]	1980	2463	0	-4.75811	-10.9278	0.2	24.8695	0.4021	0.703125	-0.586426	201	255
[7392]	1983	2464	0	-4.7918	-10.8956	0.2	24.8997	-0.485352	-0.0916138	-0.869629	201	255
[7393]	1988	2464	0	-4.77362	-10.9201	0.2	24.8365	-0.622559	0.72998	0.283203	201	255
[7394]	1987	2464	0	-4.82259	-10.8837	0.2	24.8696	-0.996094	-0.0726929	0.0552673	201	255
[7395]	1986	2465	0	-4.78254	-10.9831	0.2	24.8448	-0.628906	-0.635742	0.44751	201	255
[7396]	1987	2465	0	-4.82259	-10.8837	0.2	24.8696	-0.996094	-0.0726929	0.0552673	201	255
[7397]	1988	2465	0	-4.77362	-10.9201	0.2	24.8365	-0.622559	0.72998	0.283203	201	255
[7398]	1987	2466	0	-4.82259	-10.8837	0.2	24.8696	-0.996094	-0.0726929	0.0552673	201	255
[7399]	1986	2466	0	-4.78254	-10.9831	0.2	24.8448	-0.628906	-0.635742	0.44751	201	255
[7400]	1982	2466	0	-4.85565	-10.9648	0.2	24.8983	-0.75293	-0.64502	0.131592	201	255
[7401]	1986	2467	0	-4.78254	-10.9831	0.2	24.8448	-0.628906	-0.635742	0.44751	201	255
[7402]	1973	2467	0	-4.82037	-10.9698	0.2	24.9292	-0.543945	-0.779297	-0.310791	201	255
[7403]	1982	2467	0	-4.85565	-10.9648	0.2	24.8983	-0.75293	-0.64502	0.131592	201	255
[7404]	1984	2468	0	-4.68246	-10.3842	0.2	24.6882	0.747559	0.663574	0.024826	201	255
[7405]	1985	2468	0	-4.68005	-10.4262	0.2	24.6857	0.340332	-0.686523	-0.643066	201	255
[7406]	1981	2468	0	-4.65883	-10.3782	0.2	24.6858	0.085083	0.466309	-0.880371	201	255
[7407]	1999	2469	0	-4.73537	-10.4433	0.2	24.6885	0.929199	0.368164	0.0289307	201	255
[7408]	1985	2469	0	-4.68005	-10.4262	0.2	24.6857	0.340332	-0.686523	-0.643066	201	255
[7409]	1984	2469	0	-4.68246	-10.3842	0.2	24.6882	0.747559	0.663574	0.024826	201	255
[7410]	1985	2470	0	-4.68005	-10.4262	0.2	24.6857	0.340332	-0.686523	-0.643066	201	255
[7411]	1999	2470	0	-4.73537	-10.4433	0.2	24.6885	0.929199	0.368164	0.0289307	201	255
[7412]	2001	2470	0	-4.72384	-10.4797	0.2	24.6839	0.324219	-0.818359	-0.474365	201	255
[7413]	2001	2471	0	-4.72384	-10.4797	0.2	24.6839	0.324219	-0.818359	-0.474365	201	255
[7414]	1990	2471	0	-4.67849	-10.4191	0.2	24.6647	-0.913574	-0.169922	-0.370117	201	255
[7415]	1985	2471	0	-4.68005	-10.4262	0.2	24.6857	0.340332	-0.686523	-0.643066	201	255
[7416]	1985	2472	0	-4.68005	-10.4262	0.2	24.6857	0.340332	-0.686523	-0.643066	201	255
[7417]	1990	2472	0	-4.67849	-10.4191	0.2	24.6647	-0.913574	-0.169922	-0.370117	201	255
[7418]	1981	2472	0	-4.65883	-10.3782	0.2	24.6858	0.085083	0.466309	-0.880371	201	255
[7419]	1990	2473	0	-4.67849	-10.4191	0.2	24.6647	-0.913574	-0.169922	-0.370117	201	255
[7420]	1989	2473	0	-4.67644	-10.3904	0.2	24.6727	-0.59375	0.799805	0.0847778	201	255
[7421]	1981	2473	0	-4.65883	-10.3782	0.2	24.6858	0.085083	0.466309	-0.880371	201	255
[7422]	1989	2474	0	-4.67644	-10.3904	0.2	24.6727	-0.59375	0.799805	0.0847778	201	255
[7423]	1991	2474	0	-4.68246	-10.3842	0.2	24.6882	0.747559	0.663574	0.024826	201	255
[7424]	1981	2474	0	-4.65883	-10.3782	0.2	24.6858	0.085083	0.466309	-0.880371	201	255
[7425]	1993	2475	0	-4.73006	-10.437	0.2	24.6549	-0.508301	0.785156	0.354248	201	255
[7426]	1991	2475	0	-4.68246	-10.3842	0.2	24.6882	0.747559	0.663574	0.024826	201	255
[7427]	1989	2475	0	-4.67644	-10.3904	0.2	24.6727	-0.59375	0.799805	0.0847778	201	255
[7428]	1991	2476	0	-4.68246	-10.3842	0.2	24.6882	0.747559	0.663574	0.024826	201	255
[7429]	1993	2476	0	-4.73006	-10.437	0.2	24.6549	-0.508301	0.785156	0.354248	201	255
[7430]	1994	2476	0	-4.73537	-10.4433	0.2	24.6885	0.929199	0.368164	0.0289307	201	255
[7431]	1993	2477	0	-4.73006	-10.437	0.2	24.6549	-0.508301	0.785156	0.354248	201	255
[7432]	1998	2477	0	-4.76764	-10.4558	0.2	24.6875	0.78418	0.55127	-0.2854	201	255
[7433]	1994	2477	0	-4.73537	-10.4433	0.2	24.6885	0.929199	0.368164	0.0289307	201	255
[7434]	1997	2478	0	-4.76764	-10.4558	0.2	24.6875	0.782715	0.553223	-0.2854	201	255
[7435]	2001	2478	0	-4.72384	-10.4797	0.2	24.6839	0.324219	-0.818359	-0.474365	201	255
[7436]	1999	2478	0	-4.73537	-10.4433	0.2	24.6885	0.929199	0.368164	0.0289307	201	255
[7437]	2001	2479	0	-4.72384	-10.4797	0.2	24.6839	0.324219	-0.818359	-0.474365	201	255
[7438]	1997	2479	0	-4.76764	-10.4558	0.2	24.6875	0.782715	0.553223	-0.2854	201	255
[7439]	2000	2479	0	-4.78234	-10.5207	0.2	24.6948	0.259033	-0.858398	-0.442383	201	255
[7440]	2006	2480	0	-4.78514	-10.509	0.2	24.657	-0.854004	-0.485352	0.187012	201	255
[7441]	2001	2480	0	-4.72384	-10.4797	0.2	24.6839	0.324219	-0.818359	-0.474365	201	255
[7442]	2000	2480	0	-4.78234	-10.5207	0.2	24.6948	0.259033	-0.858398	-0.442383	201	255
[7443]	2001	2481	0	-4.72384	-10.4797	0.2	24.6839	0.324219	-0.818359	-0.474365	201	255
[7444]	2006	2481	0	-4.78514	-10.509	0.2	24.657	-0.854004	-0.485352	0.187012	201	255
[7445]	1996	2481	0	-4.72227	-10.4696	0.2	24.6501	-0.921875	-0.371094	-0.110962	201	255
[7446]	1990	2482	0	-4.67849	-10.4191	0.2	24.6647	-0.913574	-0.169922	-0.370117	201	255
[7447]	2001	2482	0	-4.72384	-10.4797	0.2	24.6839	0.324219	-0.818359	-0.474365	201	255
[7448]	1996	2482	0	-4.72227	-10.4696	0.2	24.6501	-0.921875	-0.371094	-0.110962	201	255
[7449]	1993	2483	0	-4.73006	-10.437	0.2	24.6549	-0.508301	0.785156	0.354248	201	255
[7450]	1990	2483	0	-4.67849	-10.4191	0.2	24.6647	-0.913574	-0.169922	-0.370117	201	255
[7451]	1996	2483	0	-4.72227	-10.4696	0.2	24.6501	-0.921875	-0.371094	-0.110962	201	255
[7452]	1990	2484	0	-4.67849	-10.4191	0.2	24.6647	-0.913574	-0.169922	-0.370117	201	255
[7453]	1993	2484	0	-4.73006	-10.437	0.2	24.6549	-0.508301	0.785156	0.354248	201	255
[7454]	1989	2484	0	-4.67644	-10.3904	0.2	24.6727	-0.59375	0.799805	0.0847778	201	255
[7455]	2009	2485	0	-4.79676	-10.4496	0.2	24.7078	-0.473633	-0.0944214	-0.875977	201	255
[7456]	2000	2485	0	-4.78234	-10.5207	0.2	24.6948	0.259033	-0.858398	-0.442383	201	255
[7457]	1997	2485	0	-4.76764	-10.4558	0.2	24.6875	0.782715	0.553223	-0.2854	201	255
[7458]	2000	2486	0	-4.78234	-10.5207	0.2	24.6948	0.259033	-0.858398	-0.442383	201	255
[7459]	2009	2486	0	-4.79676	-10.4496	0.2	24.7078	-0.473633	-0.0944214	-0.875977	201	255
[7460]	2004	2486	0	-4.82451	-10.5254	0.2	24.7191	-0.528809	-0.794922	-0.297607	201	255
[7461]	2004	2487	0	-4.82451	-10.5254	0.2	24.7191	-0.528809	-0.794922	-0.297607	201	255
[7462]	2006	2487	0	-4.78514	-10.509	0.2	24.657	-0.854004	-0.485352	0.187012	201	255
[7463]	2000	2487	0	-4.78234	-10.5207	0.2	24.6948	0.259033	-0.858398	-0.442383	201	255
[7464]	2006	2488	0	-4.78514	-10.509	0.2	24.657	-0.854004	-0.485352	0.187012	201	255
[7465]	2004	2488	0	-4.82451	-10.5254	0.2	24.7191	-0.528809	-0.794922	-0.297607	201	255
[7466]	1995	2488	0	-4.84697	-10.5064	0.2	24.688	-0.726074	-0.628418	0.278809	201	255
[7467]	2008	2489	0	-4.82651	-10.4485	0.2	24.6767	-0.977051	0.14917	0.151245	201	255
[7468]	2006	2489	0	-4.78514	-10.509	0.2	24.657	-0.854004	-0.485352	0.187012	201	255
[7469]	1995	2489	0	-4.84697	-10.5064	0.2	24.688	-0.726074	-0.628418	0.278809	201	255
[7470]	2006	2490	0	-4.78514	-10.509	0.2	24.657	-0.854004	-0.485352	0.187012	201	255
[7471]	2008	2490	0	-4.82651	-10.4485	0.2	24.6767	-0.977051	0.14917	0.151245	201	255
[7472]	2003	2490	0	-4.78722	-10.4481	0.2	24.664	-0.482422	0.84375	0.236206	201	255
[7473]	2003	2491	0	-4.78722	-10.4481	0.2	24.664	-0.482422	0.84375	0.236206	201	255
[7474]	1996	2491	0	-4.72227	-10.4696	0.2	24.6501	-0.921875	-0.371094	-0.110962	201	255
[7475]	2006	2491	0	-4.78514	-10.509	0.2	24.657	-0.854004	-0.485352	0.187012	201	255
[7476]	1996	2492	0	-4.72227	-10.4696	0.2	24.6501	-0.921875	-0.371094	-0.110962	201	255
[7477]	2003	2492	0	-4.78722	-10.4481	0.2	24.664	-0.482422	0.84375	0.236206	201	255
[7478]	1993	2492	0	-4.73006	-10.437	0.2	24.6549	-0.508301	0.785156	0.354248	201	255
[7479]	1998	2493	0	-4.76764	-10.4558	0.2	24.6875	0.78418	0.55127	-0.2854	201	255
[7480]	1993	2493	0	-4.73006	-10.437	0.2	24.6549	-0.508301	0.785156	0.354248	201	255
[7481]	2003	2493	0	-4.78722	-10.4481	0.2	24.664	-0.482422	0.84375	0.236206	201	255
[7482]	2003	2494	0	-4.78722	-10.4481	0.2	24.664	-0.482422	0.84375	0.236206	201	255
[7483]	1992	2494	0	-4.79676	-10.4496	0.2	24.7078	-0.473633	-0.0944214	-0.875977	201	255
[7484]	1998	2494	0	-4.76764	-10.4558	0.2	24.6875	0.78418	0.55127	-0.2854	201	255
[7485]	1992	2495	0	-4.79676	-10.4496	0.2	24.7078	-0.473633	-0.0944214	-0.875977	201	255
[7486]	2003	2495	0	-4.78722	-10.4481	0.2	24.664	-0.482422	0.84375	0.236206	201	255
[7487]	2008	2495	0	-4.82651	-10.4485	0.2	24.6767	-0.977051	0.14917	0.151245	201	255
[7488]	2002	2496	0	-4.89407	-10.8616	0.2	24.7336	0.82373	0.430664	-0.368896	201	255
[7489]	2007	2496	0	-4.89187	-10.8753	0.2	24.7353	0.568848	-0.610352	-0.55127	201	255
[7490]	2005	2496	0	-4.85682	-10.8492	0.2	24.7269	-0.142578	0.23877	-0.960449	201	255
[7491]	330	2497	0	-4.93505	-10.8683	0.2	24.754	0.565918	0.537598	-0.625	201	255
[7492]	2007	2497	0	-4.89187	-10.8753	0.2	24.7353	0.568848	-0.610352	-0.55127	201	255
[7493]	2002	2497	0	-4.89407	-10.8616	0.2	24.7336	0.82373	0.430664	-0.368896	201	255
[7494]	2007	2498	0	-4.89187	-10.8753	0.2	24.7353	0.568848	-0.610352	-0.55127	201	255
[7495]	330	2498	0	-4.93505	-10.8683	0.2	24.754	0.565918	0.537598	-0.625	201	255
[7496]	331	2498	0	-4.93167	-10.8949	0.2	24.7594	0.281738	-0.666992	-0.689453	201	255
[7497]	326	2499	0	-4.94543	-10.8979	0.2	24.7347	-0.720703	-0.507812	0.471436	201	255
[7498]	2007	2499	0	-4.89187	-10.8753	0.2	24.7353	0.568848	-0.610352	-0.55127	201	255
[7499]	331	2499	0	-4.93167	-10.8949	0.2	24.7594	0.281738	-0.666992	-0.689453	201	255
[7500]	2007	2500	0	-4.89187	-10.8753	0.2	24.7353	0.568848	-0.610352	-0.55127	201	255
[7501]	326	2500	0	-4.94543	-10.8979	0.2	24.7347	-0.720703	-0.507812	0.471436	201	255
[7502]	2011	2500	0	-4.89243	-10.8845	0.2	24.7181	-0.827637	-0.55957	0.0323792	201	255
[7503]	2007	2501	0	-4.89187	-10.8753	0.2	24.7353	0.568848	-0.610352	-0.55127	201	255
[7504]	2011	2501	0	-4.89243	-10.8845	0.2	24.7181	-0.827637	-0.55957	0.0323792	201	255
[7505]	2005	2501	0	-4.85682	-10.8492	0.2	24.7269	-0.142578	0.23877	-0.960449	201	255
[7506]	2011	2502	0	-4.89243	-10.8845	0.2	24.7181	-0.827637	-0.55957	0.0323792	201	255
[7507]	2012	2502	0	-4.89373	-10.8446	0.2	24.7231	-0.251221	0.962891	0.0962524	201	255
[7508]	2005	2502	0	-4.85682	-10.8492	0.2	24.7269	-0.142578	0.23877	-0.960449	201	255
[7509]	2012	2503	0	-4.89373	-10.8446	0.2	24.7231	-0.251221	0.962891	0.0962524	201	255
[7510]	2010	2503	0	-4.89407	-10.8616	0.2	24.7336	0.82373	0.430664	-0.368896	201	255
[7511]	2005	2503	0	-4.85682	-10.8492	0.2	24.7269	-0.142578	0.23877	-0.960449	201	255
[7512]	329	2504	0	-4.94067	-10.8471	0.2	24.7388	-0.245483	0.944824	0.217041	201	255
[7513]	2010	2504	0	-4.89407	-10.8616	0.2	24.7336	0.82373	0.430664	-0.368896	201	255
[7514]	2012	2504	0	-4.89373	-10.8446	0.2	24.7231	-0.251221	0.962891	0.0962524	201	255
[7515]	2010	2505	0	-4.89407	-10.8616	0.2	24.7336	0.82373	0.430664	-0.368896	201	255
[7516]	329	2505	0	-4.94067	-10.8471	0.2	24.7388	-0.245483	0.944824	0.217041	201	255
[7517]	325	2505	0	-4.93505	-10.8683	0.2	24.754	0.565918	0.537598	-0.625	201	255
[7518]	327	2506	0	-4.96812	-10.8571	0.2	24.7907	0.181152	0.450928	-0.874023	201	255
[7519]	331	2506	0	-4.93167	-10.8949	0.2	24.7594	0.281738	-0.666992	-0.689453	201	255
[7520]	330	2506	0	-4.93505	-10.8683	0.2	24.754	0.565918	0.537598	-0.625	201	255
[7521]	331	2507	0	-4.93167	-10.8949	0.2	24.7594	0.281738	-0.666992	-0.689453	201	255
[7522]	327	2507	0	-4.96812	-10.8571	0.2	24.7907	0.181152	0.450928	-0.874023	201	255
[7523]	324	2507	0	-4.96914	-10.9006	0.2	24.796	0.126953	-0.839355	-0.528809	201	255
[7524]	324	2508	0	-4.96914	-10.9006	0.2	24.796	0.126953	-0.839355	-0.528809	201	255
[7525]	326	2508	0	-4.94543	-10.8979	0.2	24.7347	-0.720703	-0.507812	0.471436	201	255
[7526]	331	2508	0	-4.93167	-10.8949	0.2	24.7594	0.281738	-0.666992	-0.689453	201	255
[7527]	326	2509	0	-4.94543	-10.8979	0.2	24.7347	-0.720703	-0.507812	0.471436	201	255
[7528]	324	2509	0	-4.96914	-10.9006	0.2	24.796	0.126953	-0.839355	-0.528809	201	255
[7529]	319	2509	0	-4.99872	-10.8919	0.2	24.7699	-0.487061	-0.406738	0.772949	201	255
[7530]	323	2510	0	-4.98516	-10.8336	0.2	24.7734	-0.33374	0.914062	0.22998	201	255
[7531]	326	2510	0	-4.94543	-10.8979	0.2	24.7347	-0.720703	-0.507812	0.471436	201	255
[7532]	319	2510	0	-4.99872	-10.8919	0.2	24.7699	-0.487061	-0.406738	0.772949	201	255
[7533]	326	2511	0	-4.94543	-10.8979	0.2	24.7347	-0.720703	-0.507812	0.471436	201	255
[7534]	323	2511	0	-4.98516	-10.8336	0.2	24.7734	-0.33374	0.914062	0.22998	201	255
[7535]	329	2511	0	-4.94067	-10.8471	0.2	24.7388	-0.245483	0.944824	0.217041	201	255
[7536]	329	2512	0	-4.94067	-10.8471	0.2	24.7388	-0.245483	0.944824	0.217041	201	255
[7537]	2011	2512	0	-4.89243	-10.8845	0.2	24.7181	-0.827637	-0.55957	0.0323792	201	255
[7538]	326	2512	0	-4.94543	-10.8979	0.2	24.7347	-0.720703	-0.507812	0.471436	201	255
[7539]	2011	2513	0	-4.89243	-10.8845	0.2	24.7181	-0.827637	-0.55957	0.0323792	201	255
[7540]	329	2513	0	-4.94067	-10.8471	0.2	24.7388	-0.245483	0.944824	0.217041	201	255
[7541]	2012	2513	0	-4.89373	-10.8446	0.2	24.7231	-0.251221	0.962891	0.0962524	201	255
[7542]	320	2514	0	-4.98257	-10.8317	0.2	24.8251	-0.905273	-0.123535	-0.406494	201	255
[7543]	324	2514	0	-4.96914	-10.9006	0.2	24.796	0.126953	-0.839355	-0.528809	201	255
[7544]	327	2514	0	-4.96812	-10.8571	0.2	24.7907	0.181152	0.450928	-0.874023	201	255
[7545]	324	2515	0	-4.96914	-10.9006	0.2	24.796	0.126953	-0.839355	-0.528809	201	255
[7546]	320	2515	0	-4.98257	-10.8317	0.2	24.8251	-0.905273	-0.123535	-0.406494	201	255
[7547]	328	2515	0	-5.00116	-10.8907	0.2	24.8394	-0.623535	-0.780762	-0.048584	201	255
[7548]	328	2516	0	-5.00116	-10.8907	0.2	24.8394	-0.623535	-0.780762	-0.048584	201	255
[7549]	319	2516	0	-4.99872	-10.8919	0.2	24.7699	-0.487061	-0.406738	0.772949	201	255
[7550]	324	2516	0	-4.96914	-10.9006	0.2	24.796	0.126953	-0.839355	-0.528809	201	255
[7551]	319	2517	0	-4.99872	-10.8919	0.2	24.7699	-0.487061	-0.406738	0.772949	201	255
[7552]	328	2517	0	-5.00116	-10.8907	0.2	24.8394	-0.623535	-0.780762	-0.048584	201	255
[7553]	318	2517	0	-5.04628	-10.8594	0.2	24.8285	-0.782227	-0.348877	0.516113	201	255
[7554]	317	2518	0	-5.02129	-10.7953	0.2	24.8242	-0.912598	0.120972	0.390625	201	255
[7555]	319	2518	0	-4.99872	-10.8919	0.2	24.7699	-0.487061	-0.406738	0.772949	201	255
[7556]	318	2518	0	-5.04628	-10.8594	0.2	24.8285	-0.782227	-0.348877	0.516113	201	255
[7557]	319	2519	0	-4.99872	-10.8919	0.2	24.7699	-0.487061	-0.406738	0.772949	201	255
[7558]	317	2519	0	-5.02129	-10.7953	0.2	24.8242	-0.912598	0.120972	0.390625	201	255
[7559]	323	2519	0	-4.98516	-10.8336	0.2	24.7734	-0.33374	0.914062	0.22998	201	255
[7560]	322	2520	0	-4.98257	-10.8317	0.2	24.8251	-0.905273	-0.123535	-0.406494	201	255
[7561]	323	2520	0	-4.98516	-10.8336	0.2	24.7734	-0.33374	0.914062	0.22998	201	255
[7562]	317	2520	0	-5.02129	-10.7953	0.2	24.8242	-0.912598	0.120972	0.390625	201	255
[7563]	323	2521	0	-4.98516	-10.8336	0.2	24.7734	-0.33374	0.914062	0.22998	201	255
[7564]	322	2521	0	-4.98257	-10.8317	0.2	24.8251	-0.905273	-0.123535	-0.406494	201	255
[7565]	321	2521	0	-4.96812	-10.8571	0.2	24.7907	0.181152	0.450928	-0.874023	201	255
[7566]	325	2522	0	-4.93505	-10.8683	0.2	24.754	0.565918	0.537598	-0.625	201	255
[7567]	323	2522	0	-4.98516	-10.8336	0.2	24.7734	-0.33374	0.914062	0.22998	201	255
[7568]	321	2522	0	-4.96812	-10.8571	0.2	24.7907	0.181152	0.450928	-0.874023	201	255
[7569]	323	2523	0	-4.98516	-10.8336	0.2	24.7734	-0.33374	0.914062	0.22998	201	255
[7570]	325	2523	0	-4.93505	-10.8683	0.2	24.754	0.565918	0.537598	-0.625	201	255
[7571]	329	2523	0	-4.94067	-10.8471	0.2	24.7388	-0.245483	0.944824	0.217041	201	255
[7572]	310	2524	0	-4.90379	-11.2558	0.2	24.9188	0.633301	0.726074	-0.268066	201	255
[7573]	311	2524	0	-4.90482	-11.262	0.2	24.9223	0.933105	-0.114319	-0.34082	201	255
[7574]	313	2524	0	-4.86192	-11.259	0.2	24.9253	-0.0220184	0.0208588	-0.999512	201	255
[7575]	314	2525	0	-4.94969	-11.2386	0.2	24.9244	0.496582	0.630859	-0.596191	201	255
[7576]	311	2525	0	-4.90482	-11.262	0.2	24.9223	0.933105	-0.114319	-0.34082	201	255
[7577]	310	2525	0	-4.90379	-11.2558	0.2	24.9188	0.633301	0.726074	-0.268066	201	255
[7578]	311	2526	0	-4.90482	-11.262	0.2	24.9223	0.933105	-0.114319	-0.34082	201	255
[7579]	314	2526	0	-4.94969	-11.2386	0.2	24.9244	0.496582	0.630859	-0.596191	201	255
[7580]	488	2526	0	-4.95173	-11.2507	0.2	24.9326	0.71875	-0.414551	-0.557617	201	255
[7581]	488	2527	0	-4.95173	-11.2507	0.2	24.9326	0.71875	-0.414551	-0.557617	201	255
[7582]	316	2527	0	-4.90397	-11.2816	0.2	24.9123	-0.395508	-0.918457	-0.017868	201	255
[7583]	311	2527	0	-4.90482	-11.262	0.2	24.9223	0.933105	-0.114319	-0.34082	201	255
[7584]	311	2528	0	-4.90482	-11.262	0.2	24.9223	0.933105	-0.114319	-0.34082	201	255
[7585]	316	2528	0	-4.90397	-11.2816	0.2	24.9123	-0.395508	-0.918457	-0.017868	201	255
[7586]	313	2528	0	-4.86192	-11.259	0.2	24.9253	-0.0220184	0.0208588	-0.999512	201	255
[7587]	316	2529	0	-4.90397	-11.2816	0.2	24.9123	-0.395508	-0.918457	-0.017868	201	255
[7588]	315	2529	0	-4.89977	-11.2459	0.2	24.905	-0.640137	0.756348	-0.13501	201	255
[7589]	313	2529	0	-4.86192	-11.259	0.2	24.9253	-0.0220184	0.0208588	-0.999512	201	255
[7590]	315	2530	0	-4.89977	-11.2459	0.2	24.905	-0.640137	0.756348	-0.13501	201	255
[7591]	312	2530	0	-4.90379	-11.2558	0.2	24.9188	0.633301	0.726074	-0.268066	201	255
[7592]	313	2530	0	-4.86192	-11.259	0.2	24.9253	-0.0220184	0.0208588	-0.999512	201	255
[7593]	315	2531	0	-4.89977	-11.2459	0.2	24.905	-0.640137	0.756348	-0.13501	201	255
[7594]	489	2531	0	-4.94969	-11.2386	0.2	24.9244	0.496582	0.630859	-0.596191	201	255
[7595]	312	2531	0	-4.90379	-11.2558	0.2	24.9188	0.633301	0.726074	-0.268066	201	255
[7596]	489	2532	0	-4.94969	-11.2386	0.2	24.9244	0.496582	0.630859	-0.596191	201	255
[7597]	315	2532	0	-4.89977	-11.2459	0.2	24.905	-0.640137	0.756348	-0.13501	201	255
[7598]	487	2532	0	-4.95205	-11.2222	0.2	24.904	-0.677734	0.734863	-0.0172272	201	255
[7599]	487	2533	0	-4.95205	-11.2222	0.2	24.904	-0.677734	0.734863	-0.0172272	201	255
[7600]	494	2533	0	-4.98771	-11.1951	0.2	24.9496	0.127441	0.571777	-0.810059	201	255
[7601]	489	2533	0	-4.94969	-11.2386	0.2	24.9244	0.496582	0.630859	-0.596191	201	255
[7602]	486	2534	0	-4.98771	-11.1951	0.2	24.9496	0.127441	0.571777	-0.810059	201	255
[7603]	488	2534	0	-4.95173	-11.2507	0.2	24.9326	0.71875	-0.414551	-0.557617	201	255
[7604]	314	2534	0	-4.94969	-11.2386	0.2	24.9244	0.496582	0.630859	-0.596191	201	255
[7605]	488	2535	0	-4.95173	-11.2507	0.2	24.9326	0.71875	-0.414551	-0.557617	201	255
[7606]	486	2535	0	-4.98771	-11.1951	0.2	24.9496	0.127441	0.571777	-0.810059	201	255
[7607]	495	2535	0	-4.99619	-11.229	0.2	24.9645	0.483887	-0.743164	-0.462402	201	255
[7608]	495	2536	0	-4.99619	-11.229	0.2	24.9645	0.483887	-0.743164	-0.462402	201	255
[7609]	484	2536	0	-4.95725	-11.2699	0.2	24.912	-0.488525	-0.793457	0.363281	201	255
[7610]	488	2536	0	-4.95173	-11.2507	0.2	24.9326	0.71875	-0.414551	-0.557617	201	255
[7611]	316	2537	0	-4.90397	-11.2816	0.2	24.9123	-0.395508	-0.918457	-0.017868	201	255
[7612]	488	2537	0	-4.95173	-11.2507	0.2	24.9326	0.71875	-0.414551	-0.557617	201	255
[7613]	484	2537	0	-4.95725	-11.2699	0.2	24.912	-0.488525	-0.793457	0.363281	201	255
[7614]	487	2538	0	-4.95205	-11.2222	0.2	24.904	-0.677734	0.734863	-0.0172272	201	255
[7615]	316	2538	0	-4.90397	-11.2816	0.2	24.9123	-0.395508	-0.918457	-0.017868	201	255
[7616]	484	2538	0	-4.95725	-11.2699	0.2	24.912	-0.488525	-0.793457	0.363281	201	255
[7617]	316	2539	0	-4.90397	-11.2816	0.2	24.9123	-0.395508	-0.918457	-0.017868	201	255
[7618]	487	2539	0	-4.95205	-11.2222	0.2	24.904	-0.677734	0.734863	-0.0172272	201	255
[7619]	315	2539	0	-4.89977	-11.2459	0.2	24.905	-0.640137	0.756348	-0.13501	201	255
[7620]	496	2540	0	-5.00808	-11.1413	0.2	24.9833	-0.728516	-0.422852	-0.539062	201	255
[7621]	495	2540	0	-4.99619	-11.229	0.2	24.9645	0.483887	-0.743164	-0.462402	201	255
[7622]	486	2540	0	-4.98771	-11.1951	0.2	24.9496	0.127441	0.571777	-0.810059	201	255
[7623]	495	2541	0	-4.99619	-11.229	0.2	24.9645	0.483887	-0.743164	-0.462402	201	255
[7624]	496	2541	0	-5.00808	-11.1413	0.2	24.9833	-0.728516	-0.422852	-0.539062	201	255
[7625]	485	2541	0	-5.04116	-11.1826	0.2	25.0082	-0.204834	-0.972656	0.108337	201	255
[7626]	485	2542	0	-5.04116	-11.1826	0.2	25.0082	-0.204834	-0.972656	0.108337	201	255
[7627]	493	2542	0	-5.01735	-11.2315	0.2	24.9351	-0.348877	-0.657715	0.66748	201	255
[7628]	495	2542	0	-4.99619	-11.229	0.2	24.9645	0.483887	-0.743164	-0.462402	201	255
[7629]	484	2543	0	-4.95725	-11.2699	0.2	24.912	-0.488525	-0.793457	0.363281	201	255
[7630]	495	2543	0	-4.99619	-11.229	0.2	24.9645	0.483887	-0.743164	-0.462402	201	255
[7631]	493	2543	0	-5.01735	-11.2315	0.2	24.9351	-0.348877	-0.657715	0.66748	201	255
[7632]	498	2544	0	-5.00774	-11.1869	0.2	24.9225	-0.762695	0.591797	0.260254	201	255
[7633]	484	2544	0	-4.95725	-11.2699	0.2	24.912	-0.488525	-0.793457	0.363281	201	255
[7634]	493	2544	0	-5.01735	-11.2315	0.2	24.9351	-0.348877	-0.657715	0.66748	201	255
[7635]	484	2545	0	-4.95725	-11.2699	0.2	24.912	-0.488525	-0.793457	0.363281	201	255
[7636]	498	2545	0	-5.00774	-11.1869	0.2	24.9225	-0.762695	0.591797	0.260254	201	255
[7637]	487	2545	0	-4.95205	-11.2222	0.2	24.904	-0.677734	0.734863	-0.0172272	201	255
[7638]	494	2546	0	-4.98771	-11.1951	0.2	24.9496	0.127441	0.571777	-0.810059	201	255
[7639]	487	2546	0	-4.95205	-11.2222	0.2	24.904	-0.677734	0.734863	-0.0172272	201	255
[7640]	498	2546	0	-5.00774	-11.1869	0.2	24.9225	-0.762695	0.591797	0.260254	201	255
[7641]	498	2547	0	-5.00774	-11.1869	0.2	24.9225	-0.762695	0.591797	0.260254	201	255
[7642]	499	2547	0	-5.00808	-11.1413	0.2	24.9833	-0.728516	-0.422852	-0.539062	201	255
[7643]	494	2547	0	-4.98771	-11.1951	0.2	24.9496	0.127441	0.571777	-0.810059	201	255
[7644]	499	2548	0	-5.00808	-11.1413	0.2	24.9833	-0.728516	-0.422852	-0.539062	201	255
[7645]	498	2548	0	-5.00774	-11.1869	0.2	24.9225	-0.762695	0.591797	0.260254	201	255
[7646]	492	2548	0	-5.05332	-11.1161	0.2	24.9526	-0.873535	-0.301514	0.381348	201	255
[7647]	493	2549	0	-5.01735	-11.2315	0.2	24.9351	-0.348877	-0.657715	0.66748	201	255
[7648]	492	2549	0	-5.05332	-11.1161	0.2	24.9526	-0.873535	-0.301514	0.381348	201	255
[7649]	498	2549	0	-5.00774	-11.1869	0.2	24.9225	-0.762695	0.591797	0.260254	201	255
[7650]	492	2550	0	-5.05332	-11.1161	0.2	24.9526	-0.873535	-0.301514	0.381348	201	255
[7651]	493	2550	0	-5.01735	-11.2315	0.2	24.9351	-0.348877	-0.657715	0.66748	201	255
[7652]	497	2550	0	-5.07796	-11.1531	0.2	24.9832	-0.540527	-0.672363	0.505859	201	255
[7653]	493	2551	0	-5.01735	-11.2315	0.2	24.9351	-0.348877	-0.657715	0.66748	201	255
[7654]	485	2551	0	-5.04116	-11.1826	0.2	25.0082	-0.204834	-0.972656	0.108337	201	255
[7655]	497	2551	0	-5.07796	-11.1531	0.2	24.9832	-0.540527	-0.672363	0.505859	201	255
[7656]	490	2552	0	-5.10791	-10.9067	0.2	24.8295	0.847168	0.369629	-0.381836	201	255
[7657]	941	2552	0	-5.10525	-10.9256	0.2	24.8273	0.242432	-0.847656	-0.472168	201	255
[7658]	491	2552	0	-5.08162	-10.9034	0.2	24.8212	-0.266357	0.22644	-0.937012	201	255
[7659]	939	2553	0	-5.1456	-10.9172	0.2	24.84	0.710449	0.419678	-0.564941	201	255
[7660]	941	2553	0	-5.10525	-10.9256	0.2	24.8273	0.242432	-0.847656	-0.472168	201	255
[7661]	490	2553	0	-5.10791	-10.9067	0.2	24.8295	0.847168	0.369629	-0.381836	201	255
[7662]	941	2554	0	-5.10525	-10.9256	0.2	24.8273	0.242432	-0.847656	-0.472168	201	255
[7663]	939	2554	0	-5.1456	-10.9172	0.2	24.84	0.710449	0.419678	-0.564941	201	255
[7664]	934	2554	0	-5.14486	-10.9389	0.2	24.8428	0.345215	-0.779297	-0.522949	201	255
[7665]	934	2555	0	-5.14486	-10.9389	0.2	24.8428	0.345215	-0.779297	-0.522949	201	255
[7666]	946	2555	0	-5.11179	-10.9239	0.2	24.8147	-0.949707	-0.279541	0.140747	201	255
[7667]	941	2555	0	-5.10525	-10.9256	0.2	24.8273	0.242432	-0.847656	-0.472168	201	255
[7668]	941	2556	0	-5.10525	-10.9256	0.2	24.8273	0.242432	-0.847656	-0.472168	201	255
[7669]	946	2556	0	-5.11179	-10.9239	0.2	24.8147	-0.949707	-0.279541	0.140747	201	255
[7670]	491	2556	0	-5.08162	-10.9034	0.2	24.8212	-0.266357	0.22644	-0.937012	201	255
[7671]	946	2557	0	-5.11179	-10.9239	0.2	24.8147	-0.949707	-0.279541	0.140747	201	255
[7672]	942	2557	0	-5.11266	-10.9009	0.2	24.8217	-0.196655	0.972168	0.126587	201	255
[7673]	491	2557	0	-5.08162	-10.9034	0.2	24.8212	-0.266357	0.22644	-0.937012	201	255
[7674]	942	2558	0	-5.11266	-10.9009	0.2	24.8217	-0.196655	0.972168	0.126587	201	255
[7675]	940	2558	0	-5.10791	-10.9067	0.2	24.8295	0.847168	0.369629	-0.381836	201	255
[7676]	491	2558	0	-5.08162	-10.9034	0.2	24.8212	-0.266357	0.22644	-0.937012	201	255
[7677]	942	2559	0	-5.11266	-10.9009	0.2	24.8217	-0.196655	0.972168	0.126587	201	255
[7678]	947	2559	0	-5.1456	-10.9172	0.2	24.84	0.710449	0.419678	-0.564941	201	255
[7679]	940	2559	0	-5.10791	-10.9067	0.2	24.8295	0.847168	0.369629	-0.381836	201	255
[7680]	947	2560	0	-5.1456	-10.9172	0.2	24.84	0.710449	0.419678	-0.564941	201	255
[7681]	942	2560	0	-5.11266	-10.9009	0.2	24.8217	-0.196655	0.972168	0.126587	201	255
[7682]	952	2560	0	-5.15144	-10.9044	0.2	24.8328	-0.167114	0.98584	0.0186615	201	255
[7683]	952	2561	0	-5.15144	-10.9044	0.2	24.8328	-0.167114	0.98584	0.0186615	201	255
[7684]	953	2561	0	-5.18047	-10.9081	0.2	24.8697	0.443115	0.377686	-0.812988	201	255
[7685]	947	2561	0	-5.1456	-10.9172	0.2	24.84	0.710449	0.419678	-0.564941	201	255
[7686]	948	2562	0	-5.18047	-10.9081	0.2	24.8697	0.443115	0.377686	-0.812988	201	255
[7687]	934	2562	0	-5.14486	-10.9389	0.2	24.8428	0.345215	-0.779297	-0.522949	201	255
[7688]	939	2562	0	-5.1456	-10.9172	0.2	24.84	0.710449	0.419678	-0.564941	201	255
[7689]	934	2563	0	-5.14486	-10.9389	0.2	24.8428	0.345215	-0.779297	-0.522949	201	255
[7690]	948	2563	0	-5.18047	-10.9081	0.2	24.8697	0.443115	0.377686	-0.812988	201	255
[7691]	933	2563	0	-5.18789	-10.943	0.2	24.8724	0.138794	-0.911621	-0.386719	201	255
[7692]	933	2564	0	-5.18789	-10.943	0.2	24.8724	0.138794	-0.911621	-0.386719	201	255
[7693]	951	2564	0	-5.15494	-10.9371	0.2	24.8234	-0.844727	-0.353516	0.401855	201	255
[7694]	934	2564	0	-5.14486	-10.9389	0.2	24.8428	0.345215	-0.779297	-0.522949	201	255
[7695]	946	2565	0	-5.11179	-10.9239	0.2	24.8147	-0.949707	-0.279541	0.140747	201	255
[7696]	934	2565	0	-5.14486	-10.9389	0.2	24.8428	0.345215	-0.779297	-0.522949	201	255
[7697]	951	2565	0	-5.15494	-10.9371	0.2	24.8234	-0.844727	-0.353516	0.401855	201	255
[7698]	952	2566	0	-5.15144	-10.9044	0.2	24.8328	-0.167114	0.98584	0.0186615	201	255
[7699]	946	2566	0	-5.11179	-10.9239	0.2	24.8147	-0.949707	-0.279541	0.140747	201	255
[7700]	951	2566	0	-5.15494	-10.9371	0.2	24.8234	-0.844727	-0.353516	0.401855	201	255
[7701]	946	2567	0	-5.11179	-10.9239	0.2	24.8147	-0.949707	-0.279541	0.140747	201	255
[7702]	952	2567	0	-5.15144	-10.9044	0.2	24.8328	-0.167114	0.98584	0.0186615	201	255
[7703]	942	2567	0	-5.11266	-10.9009	0.2	24.8217	-0.196655	0.972168	0.126587	201	255
[7704]	932	2568	0	-5.1993	-10.894	0.2	24.9054	-0.739746	-0.611816	-0.280029	201	255
[7705]	933	2568	0	-5.18789	-10.943	0.2	24.8724	0.138794	-0.911621	-0.386719	201	255
[7706]	948	2568	0	-5.18047	-10.9081	0.2	24.8697	0.443115	0.377686	-0.812988	201	255
[7707]	933	2569	0	-5.18789	-10.943	0.2	24.8724	0.138794	-0.911621	-0.386719	201	255
[7708]	932	2569	0	-5.1993	-10.894	0.2	24.9054	-0.739746	-0.611816	-0.280029	201	255
[7709]	943	2569	0	-5.22483	-10.935	0.2	24.9126	-0.595215	-0.784668	0.173584	201	255
[7710]	943	2570	0	-5.22483	-10.935	0.2	24.9126	-0.595215	-0.784668	0.173584	201	255
[7711]	935	2570	0	-5.21066	-10.9343	0.2	24.8529	-0.626953	-0.424072	0.65332	201	255
[7712]	933	2570	0	-5.18789	-10.943	0.2	24.8724	0.138794	-0.911621	-0.386719	201	255
[7713]	951	2571	0	-5.15494	-10.9371	0.2	24.8234	-0.844727	-0.353516	0.401855	201	255
[7714]	933	2571	0	-5.18789	-10.943	0.2	24.8724	0.138794	-0.911621	-0.386719	201	255
[7715]	935	2571	0	-5.21066	-10.9343	0.2	24.8529	-0.626953	-0.424072	0.65332	201	255
[7716]	944	2572	0	-5.19695	-10.8871	0.2	24.8563	-0.364502	0.92627	0.0944824	201	255
[7717]	951	2572	0	-5.15494	-10.9371	0.2	24.8234	-0.844727	-0.353516	0.401855	201	255
[7718]	935	2572	0	-5.21066	-10.9343	0.2	24.8529	-0.626953	-0.424072	0.65332	201	255
[7719]	951	2573	0	-5.15494	-10.9371	0.2	24.8234	-0.844727	-0.353516	0.401855	201	255
[7720]	944	2573	0	-5.19695	-10.8871	0.2	24.8563	-0.364502	0.92627	0.0944824	201	255
[7721]	952	2573	0	-5.15144	-10.9044	0.2	24.8328	-0.167114	0.98584	0.0186615	201	255
[7722]	953	2574	0	-5.18047	-10.9081	0.2	24.8697	0.443115	0.377686	-0.812988	201	255
[7723]	952	2574	0	-5.15144	-10.9044	0.2	24.8328	-0.167114	0.98584	0.0186615	201	255
[7724]	944	2574	0	-5.19695	-10.8871	0.2	24.8563	-0.364502	0.92627	0.0944824	201	255
[7725]	944	2575	0	-5.19695	-10.8871	0.2	24.8563	-0.364502	0.92627	0.0944824	201	255
[7726]	949	2575	0	-5.1993	-10.894	0.2	24.9054	-0.739746	-0.611816	-0.280029	201	255
[7727]	953	2575	0	-5.18047	-10.9081	0.2	24.8697	0.443115	0.377686	-0.812988	201	255
[7728]	949	2576	0	-5.1993	-10.894	0.2	24.9054	-0.739746	-0.611816	-0.280029	201	255
[7729]	944	2576	0	-5.19695	-10.8871	0.2	24.8563	-0.364502	0.92627	0.0944824	201	255
[7730]	945	2576	0	-5.24347	-10.8601	0.2	24.8896	-0.812988	-0.0966797	0.574707	201	255
[7731]	935	2577	0	-5.21066	-10.9343	0.2	24.8529	-0.626953	-0.424072	0.65332	201	255
[7732]	945	2577	0	-5.24347	-10.8601	0.2	24.8896	-0.812988	-0.0966797	0.574707	201	255
[7733]	944	2577	0	-5.19695	-10.8871	0.2	24.8563	-0.364502	0.92627	0.0944824	201	255
[7734]	945	2578	0	-5.24347	-10.8601	0.2	24.8896	-0.812988	-0.0966797	0.574707	201	255
[7735]	935	2578	0	-5.21066	-10.9343	0.2	24.8529	-0.626953	-0.424072	0.65332	201	255
[7736]	950	2578	0	-5.26304	-10.8963	0.2	24.915	-0.729004	-0.444092	0.521484	201	255
[7737]	935	2579	0	-5.21066	-10.9343	0.2	24.8529	-0.626953	-0.424072	0.65332	201	255
[7738]	943	2579	0	-5.22483	-10.935	0.2	24.9126	-0.595215	-0.784668	0.173584	201	255
[7739]	950	2579	0	-5.26304	-10.8963	0.2	24.915	-0.729004	-0.444092	0.521484	201	255
[7740]	936	2580	0	-4.97172	-11.4255	0.2	25.102	0.962402	0.219727	-0.158813	201	255
[7741]	937	2580	0	-4.97115	-11.4425	0.2	25.101	0.390381	-0.917969	-0.0709229	201	255
[7742]	938	2580	0	-4.93193	-11.4323	0.2	25.1136	0.154297	-0.0812378	-0.984863	201	255
[7743]	936	2581	0	-4.97172	-11.4255	0.2	25.102	0.962402	0.219727	-0.158813	201	255
[7744]	1116	2581	0	-5.01746	-11.4425	0.2	25.0966	0.347412	-0.936523	0.0429993	201	255
[7745]	937	2581	0	-4.97115	-11.4425	0.2	25.101	0.390381	-0.917969	-0.0709229	201	255
[7746]	1116	2582	0	-5.01746	-11.4425	0.2	25.0966	0.347412	-0.936523	0.0429993	201	255
[7747]	1118	2582	0	-4.96353	-11.433	0.2	25.076	-0.973145	-0.00913239	-0.229492	201	255
[7748]	937	2582	0	-4.97115	-11.4425	0.2	25.101	0.390381	-0.917969	-0.0709229	201	255
[7749]	937	2583	0	-4.97115	-11.4425	0.2	25.101	0.390381	-0.917969	-0.0709229	201	255
[7750]	1118	2583	0	-4.96353	-11.433	0.2	25.076	-0.973145	-0.00913239	-0.229492	201	255
[7751]	938	2583	0	-4.93193	-11.4323	0.2	25.1136	0.154297	-0.0812378	-0.984863	201	255
[7752]	1118	2584	0	-4.96353	-11.433	0.2	25.076	-0.973145	-0.00913239	-0.229492	201	255
[7753]	1117	2584	0	-4.96952	-11.4151	0.2	25.0953	0.187622	0.951172	-0.244751	201	255
[7754]	938	2584	0	-4.93193	-11.4323	0.2	25.1136	0.154297	-0.0812378	-0.984863	201	255
[7755]	1117	2585	0	-4.96952	-11.4151	0.2	25.0953	0.187622	0.951172	-0.244751	201	255
[7756]	1121	2585	0	-4.97172	-11.4255	0.2	25.102	0.962402	0.219727	-0.158813	201	255
[7757]	938	2585	0	-4.93193	-11.4323	0.2	25.1136	0.154297	-0.0812378	-0.984863	201	255
[7758]	1117	2586	0	-4.96952	-11.4151	0.2	25.0953	0.187622	0.951172	-0.244751	201	255
[7759]	1119	2586	0	-5.01793	-11.4088	0.2	25.0965	0.875488	0.199097	-0.441162	201	255
[7760]	1121	2586	0	-4.97172	-11.4255	0.2	25.102	0.962402	0.219727	-0.158813	201	255
[7761]	1119	2587	0	-5.01793	-11.4088	0.2	25.0965	0.875488	0.199097	-0.441162	201	255
[7762]	1117	2587	0	-4.96952	-11.4151	0.2	25.0953	0.187622	0.951172	-0.244751	201	255
[7763]	1110	2587	0	-5.01817	-11.3912	0.2	25.085	0.0183105	0.916504	-0.399658	201	255
[7764]	1110	2588	0	-5.01817	-11.3912	0.2	25.085	0.0183105	0.916504	-0.399658	201	255
[7765]	1114	2588	0	-5.06348	-11.3692	0.2	25.112	0.619629	0.110779	-0.776855	201	255
[7766]	1119	2588	0	-5.01793	-11.4088	0.2	25.0965	0.875488	0.199097	-0.441162	201	255
[7767]	1116	2589	0	-5.01746	-11.4425	0.2	25.0966	0.347412	-0.936523	0.0429993	201	255
[7768]	936	2589	0	-4.97172	-11.4255	0.2	25.102	0.962402	0.219727	-0.158813	201	255
[7769]	1120	2589	0	-5.01793	-11.4088	0.2	25.0965	0.875488	0.199097	-0.441162	201	255
[7770]	1120	2590	0	-5.01793	-11.4088	0.2	25.0965	0.875488	0.199097	-0.441162	201	255
[7771]	1107	2590	0	-5.07639	-11.4111	0.2	25.1112	0.263916	-0.964355	-0.0036602	201	255
[7772]	1116	2590	0	-5.01746	-11.4425	0.2	25.0966	0.347412	-0.936523	0.0429993	201	255
[7773]	1107	2591	0	-5.07639	-11.4111	0.2	25.1112	0.263916	-0.964355	-0.0036602	201	255
[7774]	1111	2591	0	-5.0191	-11.4183	0.2	25.0594	-0.972656	0.0196381	0.231812	201	255
[7775]	1116	2591	0	-5.01746	-11.4425	0.2	25.0966	0.347412	-0.936523	0.0429993	201	255
[7776]	1118	2592	0	-4.96353	-11.433	0.2	25.076	-0.973145	-0.00913239	-0.229492	201	255
[7777]	1116	2592	0	-5.01746	-11.4425	0.2	25.0966	0.347412	-0.936523	0.0429993	201	255
[7778]	1111	2592	0	-5.0191	-11.4183	0.2	25.0594	-0.972656	0.0196381	0.231812	201	255
[7779]	1111	2593	0	-5.0191	-11.4183	0.2	25.0594	-0.972656	0.0196381	0.231812	201	255
[7780]	1117	2593	0	-4.96952	-11.4151	0.2	25.0953	0.187622	0.951172	-0.244751	201	255
[7781]	1118	2593	0	-4.96353	-11.433	0.2	25.076	-0.973145	-0.00913239	-0.229492	201	255
[7782]	1117	2594	0	-4.96952	-11.4151	0.2	25.0953	0.187622	0.951172	-0.244751	201	255
[7783]	1111	2594	0	-5.0191	-11.4183	0.2	25.0594	-0.972656	0.0196381	0.231812	201	255
[7784]	1110	2594	0	-5.01817	-11.3912	0.2	25.085	0.0183105	0.916504	-0.399658	201	255
[7785]	1423	2595	0	-5.08676	-11.3772	0.2	25.0692	-0.855469	-0.111328	0.505859	201	255
[7786]	1110	2595	0	-5.01817	-11.3912	0.2	25.085	0.0183105	0.916504	-0.399658	201	255
[7787]	1111	2595	0	-5.0191	-11.4183	0.2	25.0594	-0.972656	0.0196381	0.231812	201	255
[7788]	1110	2596	0	-5.01817	-11.3912	0.2	25.085	0.0183105	0.916504	-0.399658	201	255
[7789]	1423	2596	0	-5.08676	-11.3772	0.2	25.0692	-0.855469	-0.111328	0.505859	201	255
[7790]	1113	2596	0	-5.06827	-11.3354	0.2	25.0881	-0.359863	0.82666	-0.432373	201	255
[7791]	1114	2597	0	-5.06348	-11.3692	0.2	25.112	0.619629	0.110779	-0.776855	201	255
[7792]	1110	2597	0	-5.01817	-11.3912	0.2	25.085	0.0183105	0.916504	-0.399658	201	255
[7793]	1113	2597	0	-5.06827	-11.3354	0.2	25.0881	-0.359863	0.82666	-0.432373	201	255
[7794]	1113	2598	0	-5.06827	-11.3354	0.2	25.0881	-0.359863	0.82666	-0.432373	201	255
[7795]	1115	2598	0	-5.0954	-11.3237	0.2	25.1457	-0.621094	-0.62207	-0.476318	201	255
[7796]	1114	2598	0	-5.06348	-11.3692	0.2	25.112	0.619629	0.110779	-0.776855	201	255
[7797]	1115	2599	0	-5.0954	-11.3237	0.2	25.1457	-0.621094	-0.62207	-0.476318	201	255
[7798]	1113	2599	0	-5.06827	-11.3354	0.2	25.0881	-0.359863	0.82666	-0.432373	201	255
[7799]	1422	2599	0	-5.12489	-11.2709	0.2	25.1032	-0.944336	-0.224365	0.239868	201	255
[7800]	1107	2600	0	-5.07639	-11.4111	0.2	25.1112	0.263916	-0.964355	-0.0036602	201	255
[7801]	1120	2600	0	-5.01793	-11.4088	0.2	25.0965	0.875488	0.199097	-0.441162	201	255
[7802]	1108	2600	0	-5.06348	-11.3692	0.2	25.112	0.619629	0.110779	-0.776855	201	255
[7803]	1109	2601	0	-5.0954	-11.3237	0.2	25.1457	-0.620605	-0.625488	-0.4729	201	255
[7804]	1107	2601	0	-5.07639	-11.4111	0.2	25.1112	0.263916	-0.964355	-0.0036602	201	255
[7805]	1108	2601	0	-5.06348	-11.3692	0.2	25.112	0.619629	0.110779	-0.776855	201	255
[7806]	1107	2602	0	-5.07639	-11.4111	0.2	25.1112	0.263916	-0.964355	-0.0036602	201	255
[7807]	1109	2602	0	-5.0954	-11.3237	0.2	25.1457	-0.620605	-0.625488	-0.4729	201	255
[7808]	1106	2602	0	-5.13431	-11.3771	0.2	25.1445	-0.525879	-0.805664	0.272217	201	255
[7809]	1106	2603	0	-5.13431	-11.3771	0.2	25.1445	-0.525879	-0.805664	0.272217	201	255
[7810]	1423	2603	0	-5.08676	-11.3772	0.2	25.0692	-0.855469	-0.111328	0.505859	201	255
[7811]	1107	2603	0	-5.07639	-11.4111	0.2	25.1112	0.263916	-0.964355	-0.0036602	201	255
[7812]	1111	2604	0	-5.0191	-11.4183	0.2	25.0594	-0.972656	0.0196381	0.231812	201	255
[7813]	1107	2604	0	-5.07639	-11.4111	0.2	25.1112	0.263916	-0.964355	-0.0036602	201	255
[7814]	1423	2604	0	-5.08676	-11.3772	0.2	25.0692	-0.855469	-0.111328	0.505859	201	255
[7815]	1423	2605	0	-5.08676	-11.3772	0.2	25.0692	-0.855469	-0.111328	0.505859	201	255
[7816]	1106	2605	0	-5.13431	-11.3771	0.2	25.1445	-0.525879	-0.805664	0.272217	201	255
[7817]	1112	2605	0	-5.16223	-11.3162	0.2	25.1158	-0.785156	-0.456055	0.418457	201	255
[7818]	1422	2606	0	-5.12489	-11.2709	0.2	25.1032	-0.944336	-0.224365	0.239868	201	255
[7819]	1423	2606	0	-5.08676	-11.3772	0.2	25.0692	-0.855469	-0.111328	0.505859	201	255
[7820]	1112	2606	0	-5.16223	-11.3162	0.2	25.1158	-0.785156	-0.456055	0.418457	201	255
[7821]	1423	2607	0	-5.08676	-11.3772	0.2	25.0692	-0.855469	-0.111328	0.505859	201	255
[7822]	1422	2607	0	-5.12489	-11.2709	0.2	25.1032	-0.944336	-0.224365	0.239868	201	255
[7823]	1113	2607	0	-5.06827	-11.3354	0.2	25.0881	-0.359863	0.82666	-0.432373	201	255
[7824]	1421	2608	0	-5.29976	-11.4394	0.2	25.1193	0.661133	0.651855	-0.371338	201	255
[7825]	1418	2608	0	-5.30248	-11.4524	0.2	25.124	0.849609	-0.507324	-0.144043	201	255
[7826]	1417	2608	0	-5.26448	-11.4589	0.2	25.1222	0.0216217	-0.168823	-0.985352	201	255
[7827]	1416	2609	0	-5.33626	-11.4122	0.2	25.1188	0.529297	0.555176	-0.641602	201	255
[7828]	1418	2609	0	-5.30248	-11.4524	0.2	25.124	0.849609	-0.507324	-0.144043	201	255
[7829]	1421	2609	0	-5.29976	-11.4394	0.2	25.1193	0.661133	0.651855	-0.371338	201	255
[7830]	1418	2610	0	-5.30248	-11.4524	0.2	25.124	0.849609	-0.507324	-0.144043	201	255
[7831]	1416	2610	0	-5.33626	-11.4122	0.2	25.1188	0.529297	0.555176	-0.641602	201	255
[7832]	1413	2610	0	-5.34176	-11.4326	0.2	25.1268	0.756348	-0.621094	-0.205811	201	255
[7833]	1413	2611	0	-5.34176	-11.4326	0.2	25.1268	0.756348	-0.621094	-0.205811	201	255
[7834]	1412	2611	0	-5.30218	-11.4635	0.2	25.1093	-0.559082	-0.816895	0.142456	201	255
[7835]	1418	2611	0	-5.30248	-11.4524	0.2	25.124	0.849609	-0.507324	-0.144043	201	255
[7836]	1418	2612	0	-5.30248	-11.4524	0.2	25.124	0.849609	-0.507324	-0.144043	201	255
[7837]	1412	2612	0	-5.30218	-11.4635	0.2	25.1093	-0.559082	-0.816895	0.142456	201	255
[7838]	1417	2612	0	-5.26448	-11.4589	0.2	25.1222	0.0216217	-0.168823	-0.985352	201	255
[7839]	1412	2613	0	-5.30218	-11.4635	0.2	25.1093	-0.559082	-0.816895	0.142456	201	255
[7840]	1420	2613	0	-5.29584	-11.4358	0.2	25.1042	-0.698242	0.654785	-0.290527	201	255
[7841]	1417	2613	0	-5.26448	-11.4589	0.2	25.1222	0.0216217	-0.168823	-0.985352	201	255
[7842]	1420	2614	0	-5.29584	-11.4358	0.2	25.1042	-0.698242	0.654785	-0.290527	201	255
[7843]	1419	2614	0	-5.29976	-11.4394	0.2	25.1193	0.661133	0.651855	-0.371338	201	255
[7844]	1417	2614	0	-5.26448	-11.4589	0.2	25.1222	0.0216217	-0.168823	-0.985352	201	255
[7845]	1420	2615	0	-5.29584	-11.4358	0.2	25.1042	-0.698242	0.654785	-0.290527	201	255
[7846]	1414	2615	0	-5.33626	-11.4122	0.2	25.1188	0.529297	0.555176	-0.641602	201	255
[7847]	1419	2615	0	-5.29976	-11.4394	0.2	25.1193	0.661133	0.651855	-0.371338	201	255
[7848]	1414	2616	0	-5.33626	-11.4122	0.2	25.1188	0.529297	0.555176	-0.641602	201	255
[7849]	1420	2616	0	-5.29584	-11.4358	0.2	25.1042	-0.698242	0.654785	-0.290527	201	255
[7850]	1415	2616	0	-5.33618	-11.4055	0.2	25.1001	-0.754883	0.637207	-0.156128	201	255
[7851]	1415	2617	0	-5.33618	-11.4055	0.2	25.1001	-0.754883	0.637207	-0.156128	201	255
[7852]	1403	2617	0	-5.36589	-11.3671	0.2	25.1297	0.301758	0.407959	-0.861816	201	255
[7853]	1414	2617	0	-5.33626	-11.4122	0.2	25.1188	0.529297	0.555176	-0.641602	201	255
[7854]	1411	2618	0	-5.36589	-11.3671	0.2	25.1297	0.301758	0.407959	-0.861816	201	255
[7855]	1413	2618	0	-5.34176	-11.4326	0.2	25.1268	0.756348	-0.621094	-0.205811	201	255
[7856]	1416	2618	0	-5.33626	-11.4122	0.2	25.1188	0.529297	0.555176	-0.641602	201	255
[7857]	1413	2619	0	-5.34176	-11.4326	0.2	25.1268	0.756348	-0.621094	-0.205811	201	255
[7858]	1411	2619	0	-5.36589	-11.3671	0.2	25.1297	0.301758	0.407959	-0.861816	201	255
[7859]	1402	2619	0	-5.38016	-11.4017	0.2	25.1419	0.538086	-0.808594	-0.238281	201	255
[7860]	1402	2620	0	-5.38016	-11.4017	0.2	25.1419	0.538086	-0.808594	-0.238281	201	255
[7861]	1410	2620	0	-5.3473	-11.4393	0.2	25.107	-0.545898	-0.693359	0.470459	201	255
[7862]	1413	2620	0	-5.34176	-11.4326	0.2	25.1268	0.756348	-0.621094	-0.205811	201	255
[7863]	1412	2621	0	-5.30218	-11.4635	0.2	25.1093	-0.559082	-0.816895	0.142456	201	255
[7864]	1413	2621	0	-5.34176	-11.4326	0.2	25.1268	0.756348	-0.621094	-0.205811	201	255
[7865]	1410	2621	0	-5.3473	-11.4393	0.2	25.107	-0.545898	-0.693359	0.470459	201	255
[7866]	1415	2622	0	-5.33618	-11.4055	0.2	25.1001	-0.754883	0.637207	-0.156128	201	255
[7867]	1412	2622	0	-5.30218	-11.4635	0.2	25.1093	-0.559082	-0.816895	0.142456	201	255
[7868]	1410	2622	0	-5.3473	-11.4393	0.2	25.107	-0.545898	-0.693359	0.470459	201	255
[7869]	1412	2623	0	-5.30218	-11.4635	0.2	25.1093	-0.559082	-0.816895	0.142456	201	255
[7870]	1415	2623	0	-5.33618	-11.4055	0.2	25.1001	-0.754883	0.637207	-0.156128	201	255
[7871]	1420	2623	0	-5.29584	-11.4358	0.2	25.1042	-0.698242	0.654785	-0.290527	201	255
[7872]	1405	2624	0	-5.38358	-11.3235	0.2	25.1481	-0.859375	-0.177979	-0.479248	201	255
[7873]	1402	2624	0	-5.38016	-11.4017	0.2	25.1419	0.538086	-0.808594	-0.238281	201	255
[7874]	1411	2624	0	-5.36589	-11.3671	0.2	25.1297	0.301758	0.407959	-0.861816	201	255
[7875]	1402	2625	0	-5.38016	-11.4017	0.2	25.1419	0.538086	-0.808594	-0.238281	201	255
[7876]	1405	2625	0	-5.38358	-11.3235	0.2	25.1481	-0.859375	-0.177979	-0.479248	201	255
[7877]	1409	2625	0	-5.41516	-11.3753	0.2	25.1752	-0.456543	-0.838867	0.295898	201	255
[7878]	1409	2626	0	-5.41516	-11.3753	0.2	25.1752	-0.456543	-0.838867	0.295898	201	255
[7879]	1685	2626	0	-5.39512	-11.3967	0.2	25.1169	-0.507812	-0.509277	0.694824	201	255
[7880]	1402	2626	0	-5.38016	-11.4017	0.2	25.1419	0.538086	-0.808594	-0.238281	201	255
[7881]	1410	2627	0	-5.3473	-11.4393	0.2	25.107	-0.545898	-0.693359	0.470459	201	255
[7882]	1402	2627	0	-5.38016	-11.4017	0.2	25.1419	0.538086	-0.808594	-0.238281	201	255
[7883]	1685	2627	0	-5.39512	-11.3967	0.2	25.1169	-0.507812	-0.509277	0.694824	201	255
[7884]	1408	2628	0	-5.37468	-11.3588	0.2	25.104	-0.787598	0.616211	0.00225258	201	255
[7885]	1410	2628	0	-5.3473	-11.4393	0.2	25.107	-0.545898	-0.693359	0.470459	201	255
[7886]	1685	2628	0	-5.39512	-11.3967	0.2	25.1169	-0.507812	-0.509277	0.694824	201	255
[7887]	1410	2629	0	-5.3473	-11.4393	0.2	25.107	-0.545898	-0.693359	0.470459	201	255
[7888]	1408	2629	0	-5.37468	-11.3588	0.2	25.104	-0.787598	0.616211	0.00225258	201	255
[7889]	1415	2629	0	-5.33618	-11.4055	0.2	25.1001	-0.754883	0.637207	-0.156128	201	255
[7890]	1403	2630	0	-5.36589	-11.3671	0.2	25.1297	0.301758	0.407959	-0.861816	201	255
[7891]	1415	2630	0	-5.33618	-11.4055	0.2	25.1001	-0.754883	0.637207	-0.156128	201	255
[7892]	1408	2630	0	-5.37468	-11.3588	0.2	25.104	-0.787598	0.616211	0.00225258	201	255
[7893]	1408	2631	0	-5.37468	-11.3588	0.2	25.104	-0.787598	0.616211	0.00225258	201	255
[7894]	1404	2631	0	-5.38358	-11.3235	0.2	25.1481	-0.859375	-0.177979	-0.479248	201	255
[7895]	1403	2631	0	-5.36589	-11.3671	0.2	25.1297	0.301758	0.407959	-0.861816	201	255
[7896]	1404	2632	0	-5.38358	-11.3235	0.2	25.1481	-0.859375	-0.177979	-0.479248	201	255
[7897]	1408	2632	0	-5.37468	-11.3588	0.2	25.104	-0.787598	0.616211	0.00225258	201	255
[7898]	1406	2632	0	-5.41349	-11.2908	0.2	25.1271	-0.963867	-0.0461426	0.262939	201	255
[7899]	1685	2633	0	-5.39512	-11.3967	0.2	25.1169	-0.507812	-0.509277	0.694824	201	255
[7900]	1406	2633	0	-5.41349	-11.2908	0.2	25.1271	-0.963867	-0.0461426	0.262939	201	255
[7901]	1408	2633	0	-5.37468	-11.3588	0.2	25.104	-0.787598	0.616211	0.00225258	201	255
[7902]	1406	2634	0	-5.41349	-11.2908	0.2	25.1271	-0.963867	-0.0461426	0.262939	201	255
[7903]	1685	2634	0	-5.39512	-11.3967	0.2	25.1169	-0.507812	-0.509277	0.694824	201	255
[7904]	1407	2634	0	-5.44157	-11.3217	0.2	25.1522	-0.708984	-0.448242	0.543945	201	255
[7905]	1685	2635	0	-5.39512	-11.3967	0.2	25.1169	-0.507812	-0.509277	0.694824	201	255
[7906]	1409	2635	0	-5.41516	-11.3753	0.2	25.1752	-0.456543	-0.838867	0.295898	201	255
[7907]	1407	2635	0	-5.44157	-11.3217	0.2	25.1522	-0.708984	-0.448242	0.543945	201	255
[7908]	1690	2636	0	-5.24457	-11.1047	0.2	24.9185	0.654785	0.704102	-0.275146	201	255
[7909]	1686	2636	0	-5.24111	-11.1239	0.2	24.9236	0.626465	-0.605957	-0.489746	201	255
[7910]	1684	2636	0	-5.19915	-11.0997	0.2	24.9051	-0.193237	0.19043	-0.962891	201	255
[7911]	1690	2637	0	-5.24457	-11.1047	0.2	24.9185	0.654785	0.704102	-0.275146	201	255
[7912]	1695	2637	0	-5.28457	-11.1277	0.2	24.9402	0.527344	-0.715332	-0.458496	201	255
[7913]	1686	2637	0	-5.24111	-11.1239	0.2	24.9236	0.626465	-0.605957	-0.489746	201	255
[7914]	1695	2638	0	-5.28457	-11.1277	0.2	24.9402	0.527344	-0.715332	-0.458496	201	255
[7915]	1691	2638	0	-5.2448	-11.1288	0.2	24.9073	-0.709961	-0.699707	0.083374	201	255
[7916]	1686	2638	0	-5.24111	-11.1239	0.2	24.9236	0.626465	-0.605957	-0.489746	201	255
[7917]	1686	2639	0	-5.24111	-11.1239	0.2	24.9236	0.626465	-0.605957	-0.489746	201	255
[7918]	1691	2639	0	-5.2448	-11.1288	0.2	24.9073	-0.709961	-0.699707	0.083374	201	255
[7919]	1684	2639	0	-5.19915	-11.0997	0.2	24.9051	-0.193237	0.19043	-0.962891	201	255
[7920]	1691	2640	0	-5.2448	-11.1288	0.2	24.9073	-0.709961	-0.699707	0.083374	201	255
[7921]	1678	2640	0	-5.24488	-11.0989	0.2	24.9029	-0.657715	0.740234	0.138794	201	255
[7922]	1684	2640	0	-5.19915	-11.0997	0.2	24.9051	-0.193237	0.19043	-0.962891	201	255
[7923]	1678	2641	0	-5.24488	-11.0989	0.2	24.9029	-0.657715	0.740234	0.138794	201	255
[7924]	1683	2641	0	-5.24457	-11.1047	0.2	24.9185	0.654785	0.704102	-0.275146	201	255
[7925]	1684	2641	0	-5.19915	-11.0997	0.2	24.9051	-0.193237	0.19043	-0.962891	201	255
[7926]	1678	2642	0	-5.24488	-11.0989	0.2	24.9029	-0.657715	0.740234	0.138794	201	255
[7927]	1692	2642	0	-5.28701	-11.0996	0.2	24.933	0.517578	0.591797	-0.618164	201	255
[7928]	1683	2642	0	-5.24457	-11.1047	0.2	24.9185	0.654785	0.704102	-0.275146	201	255
[7929]	1692	2643	0	-5.28701	-11.0996	0.2	24.933	0.517578	0.591797	-0.618164	201	255
[7930]	1678	2643	0	-5.24488	-11.0989	0.2	24.9029	-0.657715	0.740234	0.138794	201	255
[7931]	1687	2643	0	-5.2936	-11.0834	0.2	24.9163	-0.616699	0.780762	0.0974731	201	255
[7932]	1687	2644	0	-5.2936	-11.0834	0.2	24.9163	-0.616699	0.780762	0.0974731	201	255
[7933]	1688	2644	0	-5.32132	-11.065	0.2	24.9551	0.0775146	0.530273	-0.844238	201	255
[7934]	1692	2644	0	-5.28701	-11.0996	0.2	24.933	0.517578	0.591797	-0.618164	201	255
[7935]	1695	2645	0	-5.28457	-11.1277	0.2	24.9402	0.527344	-0.715332	-0.458496	201	255
[7936]	1690	2645	0	-5.24457	-11.1047	0.2	24.9185	0.654785	0.704102	-0.275146	201	255
[7937]	1696	2645	0	-5.28701	-11.0996	0.2	24.933	0.517578	0.591797	-0.618164	201	255
[7938]	1697	2646	0	-5.32132	-11.065	0.2	24.9551	0.0775146	0.530273	-0.844238	201	255
[7939]	1695	2646	0	-5.28457	-11.1277	0.2	24.9402	0.527344	-0.715332	-0.458496	201	255
[7940]	1696	2646	0	-5.28701	-11.0996	0.2	24.933	0.517578	0.591797	-0.618164	201	255
[7941]	1695	2647	0	-5.28457	-11.1277	0.2	24.9402	0.527344	-0.715332	-0.458496	201	255
[7942]	1697	2647	0	-5.32132	-11.065	0.2	24.9551	0.0775146	0.530273	-0.844238	201	255
[7943]	1693	2647	0	-5.32508	-11.1079	0.2	24.9702	0.356934	-0.80957	-0.466064	201	255
[7944]	1693	2648	0	-5.32508	-11.1079	0.2	24.9702	0.356934	-0.80957	-0.466064	201	255
[7945]	1676	2648	0	-5.29755	-11.127	0.2	24.9223	-0.589844	-0.652832	0.47583	201	255
[7946]	1695	2648	0	-5.28457	-11.1277	0.2	24.9402	0.527344	-0.715332	-0.458496	201	255
[7947]	1691	2649	0	-5.2448	-11.1288	0.2	24.9073	-0.709961	-0.699707	0.083374	201	255
[7948]	1695	2649	0	-5.28457	-11.1277	0.2	24.9402	0.527344	-0.715332	-0.458496	201	255
[7949]	1676	2649	0	-5.29755	-11.127	0.2	24.9223	-0.589844	-0.652832	0.47583	201	255
[7950]	1687	2650	0	-5.2936	-11.0834	0.2	24.9163	-0.616699	0.780762	0.0974731	201	255
[7951]	1691	2650	0	-5.2448	-11.1288	0.2	24.9073	-0.709961	-0.699707	0.083374	201	255
[7952]	1676	2650	0	-5.29755	-11.127	0.2	24.9223	-0.589844	-0.652832	0.47583	201	255
[7953]	1691	2651	0	-5.2448	-11.1288	0.2	24.9073	-0.709961	-0.699707	0.083374	201	255
[7954]	1687	2651	0	-5.2936	-11.0834	0.2	24.9163	-0.616699	0.780762	0.0974731	201	255
[7955]	1678	2651	0	-5.24488	-11.0989	0.2	24.9029	-0.657715	0.740234	0.138794	201	255
[7956]	1694	2652	0	-5.33374	-11.0127	0.2	24.9877	-0.821289	-0.418457	-0.388428	201	255
[7957]	1693	2652	0	-5.32508	-11.1079	0.2	24.9702	0.356934	-0.80957	-0.466064	201	255
[7958]	1697	2652	0	-5.32132	-11.065	0.2	24.9551	0.0775146	0.530273	-0.844238	201	255
[7959]	1693	2653	0	-5.32508	-11.1079	0.2	24.9702	0.356934	-0.80957	-0.466064	201	255
[7960]	1694	2653	0	-5.33374	-11.0127	0.2	24.9877	-0.821289	-0.418457	-0.388428	201	255
[7961]	1677	2653	0	-5.35646	-11.0654	0.2	25.0114	-0.275146	-0.935547	-0.221558	201	255
[7962]	1677	2654	0	-5.35646	-11.0654	0.2	25.0114	-0.275146	-0.935547	-0.221558	201	255
[7963]	1681	2654	0	-5.35118	-11.0986	0.2	24.9512	-0.335938	-0.604492	0.722168	201	255
[7964]	1693	2654	0	-5.32508	-11.1079	0.2	24.9702	0.356934	-0.80957	-0.466064	201	255
[7965]	1676	2655	0	-5.29755	-11.127	0.2	24.9223	-0.589844	-0.652832	0.47583	201	255
[7966]	1693	2655	0	-5.32508	-11.1079	0.2	24.9702	0.356934	-0.80957	-0.466064	201	255
[7967]	1681	2655	0	-5.35118	-11.0986	0.2	24.9512	-0.335938	-0.604492	0.722168	201	255
[7968]	1679	2656	0	-5.33951	-11.0423	0.2	24.9395	-0.684082	0.679199	0.264893	201	255
[7969]	1676	2656	0	-5.29755	-11.127	0.2	24.9223	-0.589844	-0.652832	0.47583	201	255
[7970]	1681	2656	0	-5.35118	-11.0986	0.2	24.9512	-0.335938	-0.604492	0.722168	201	255
[7971]	1676	2657	0	-5.29755	-11.127	0.2	24.9223	-0.589844	-0.652832	0.47583	201	255
[7972]	1679	2657	0	-5.33951	-11.0423	0.2	24.9395	-0.684082	0.679199	0.264893	201	255
[7973]	1687	2657	0	-5.2936	-11.0834	0.2	24.9163	-0.616699	0.780762	0.0974731	201	255
[7974]	1688	2658	0	-5.32132	-11.065	0.2	24.9551	0.0775146	0.530273	-0.844238	201	255
[7975]	1687	2658	0	-5.2936	-11.0834	0.2	24.9163	-0.616699	0.780762	0.0974731	201	255
[7976]	1679	2658	0	-5.33951	-11.0423	0.2	24.9395	-0.684082	0.679199	0.264893	201	255
[7977]	1679	2659	0	-5.33951	-11.0423	0.2	24.9395	-0.684082	0.679199	0.264893	201	255
[7978]	1689	2659	0	-5.33374	-11.0127	0.2	24.9877	-0.821289	-0.418457	-0.388428	201	255
[7979]	1688	2659	0	-5.32132	-11.065	0.2	24.9551	0.0775146	0.530273	-0.844238	201	255
[7980]	1689	2660	0	-5.33374	-11.0127	0.2	24.9877	-0.821289	-0.418457	-0.388428	201	255
[7981]	1679	2660	0	-5.33951	-11.0423	0.2	24.9395	-0.684082	0.679199	0.264893	201	255
[7982]	1680	2660	0	-5.38217	-10.9915	0.2	24.9849	-0.903809	-0.0609436	0.42334	201	255
[7983]	1681	2661	0	-5.35118	-11.0986	0.2	24.9512	-0.335938	-0.604492	0.722168	201	255
[7984]	1680	2661	0	-5.38217	-10.9915	0.2	24.9849	-0.903809	-0.0609436	0.42334	201	255
[7985]	1679	2661	0	-5.33951	-11.0423	0.2	24.9395	-0.684082	0.679199	0.264893	201	255
[7986]	1680	2662	0	-5.38217	-10.9915	0.2	24.9849	-0.903809	-0.0609436	0.42334	201	255
[7987]	1681	2662	0	-5.35118	-11.0986	0.2	24.9512	-0.335938	-0.604492	0.722168	201	255
[7988]	1682	2662	0	-5.4017	-11.0357	0.2	25.0053	-0.554199	-0.646484	0.524414	201	255
[7989]	1681	2663	0	-5.35118	-11.0986	0.2	24.9512	-0.335938	-0.604492	0.722168	201	255
[7990]	1677	2663	0	-5.35646	-11.0654	0.2	25.0114	-0.275146	-0.935547	-0.221558	201	255
[7991]	1682	2663	0	-5.4017	-11.0357	0.2	25.0053	-0.554199	-0.646484	0.524414	201	255
