# Leg_target_world
o Leg_target_world
v -6.047348116 -16.575160572 30.588216467
v -4.988965277 -16.094182774 29.852015057
v -6.000623347 -17.219207504 30.581240206
v -5.555147104 -15.793430740 29.896528629
v -6.000623347 -17.219207504 30.581240206
v -4.988965277 -16.094182774 29.852015057
v -6.047348116 -16.575160572 30.588216467
v -5.555147104 -15.793430740 29.896528629
v -5.555147104 -15.793430740 29.896528629
v -5.555147104 -15.793430740 29.896528629
v -6.047348116 -16.575160572 30.588216467
v -6.000623347 -17.219207504 30.581240206
v -6.047348116 -16.575160572 30.588216467
v -6.047348116 -16.575160572 30.588216467
v -6.047348116 -16.575160572 30.588216467
v -4.988965277 -16.094182774 29.852015057
v -5.555147104 -15.793430740 29.896528629
v -6.000623347 -17.219207504 30.581240206
v -4.988965277 -16.094182774 29.852015057
v -6.047348116 -16.575160572 30.588216467
v -6.000623347 -17.219207504 30.581240206
v -5.555147104 -15.793430740 29.896528629
v -6.181876988 -16.113555196 30.402932926
v -6.047348116 -16.575160572 30.588216467
v -6.047348116 -16.575160572 30.588216467
v -6.047348116 -16.575160572 30.588216467
v -6.181876988 -16.113555196 30.402932926
v -6.181876988 -16.113555196 30.402932926
v -6.047348116 -16.575160572 30.588216467
v -6.047348116 -16.575160572 30.588216467
v -6.000623347 -17.219207504 30.581240206
v -5.874928387 -18.841305619 30.350359893
v -5.646829754 -19.000833278 30.385862246
v -6.047348116 -16.575160572 30.588216467
v -5.646829754 -19.000833278 30.385862246
v -5.874928387 -18.841305619 30.350359893
v -5.874928387 -18.841305619 30.350359893
v -5.874928387 -18.841305619 30.350359893
v -5.923719412 -18.410297834 30.417805279
v -5.874928387 -18.841305619 30.350359893
v -5.874928387 -18.841305619 30.350359893
v -5.611881338 -18.961851528 30.510847413
v -5.611881338 -18.961851528 30.510847413
v -6.190135093 -18.639265418 30.244044103
v -5.611881338 -18.961851528 30.510847413
v -5.611881338 -18.961851528 30.510847413
v -5.611881338 -18.961851528 30.510847413
v -5.611881338 -18.961851528 30.510847413
v -5.874928387 -18.841305619 30.350359893
v -5.646829754 -19.000833278 30.385862246
v -6.047348116 -16.575160572 30.588216467
v -5.874928387 -18.841305619 30.350359893
v -6.000623347 -17.219207504 30.581240206
v -6.000623347 -17.219207504 30.581240206
v -6.047348116 -16.575160572 30.588216467
v -6.000623347 -17.219207504 30.581240206
v -6.047348116 -16.575160572 30.588216467
v -5.915697663 -17.484997286 30.631182244
v -5.874928387 -18.841305619 30.350359893
v -5.611881338 -18.961851528 30.510847413
v -5.510382234 -17.336467704 30.787064202
v -5.923719412 -18.410297834 30.417805279
v -6.030655516 -18.219921684 30.353359560
v -6.047348116 -16.575160572 30.588216467
v -6.047348116 -16.575160572 30.588216467
v -6.030655516 -18.219921684 30.353359560
v -5.611881338 -18.961851528 30.510847413
v -5.611881338 -18.961851528 30.510847413
v -5.874928387 -18.841305619 30.350359893
v -6.030655516 -18.219921684 30.353359560
v -5.611881338 -18.961851528 30.510847413
v -5.874928387 -18.841305619 30.350359893
v -5.611881338 -18.961851528 30.510847413
v -5.874928387 -18.841305619 30.350359893
v -5.611881338 -18.961851528 30.510847413
v -5.611881338 -18.961851528 30.510847413
v -5.611881338 -18.961851528 30.510847413
v -5.611881338 -18.961851528 30.510847413
v -5.874928387 -18.841305619 30.350359893
v -5.874928387 -18.841305619 30.350359893
v -5.923719412 -18.410297834 30.417805279
v -5.923719412 -18.410297834 30.417805279
v -5.913412240 -18.082429121 30.525075852
v -5.923719412 -18.410297834 30.417805279
v -5.923719412 -18.410297834 30.417805279
v -5.923719412 -18.410297834 30.417805279
v -5.874928387 -18.841305619 30.350359893
v -5.923719412 -18.410297834 30.417805279
v -6.047348116 -16.575160572 30.588216467
v -3.740832635 -18.909801265 28.677703531
v -3.645140000 -16.640116502 28.124461592
v -3.740832635 -18.909801265 28.677703531
v -3.740832635 -18.909801265 28.677703531
v -3.498857309 -18.597690698 28.320789131
v -3.498857309 -18.597690698 28.320789131
v -3.740832635 -18.909801265 28.677703531
v -3.498857309 -18.597690698 28.320789131
v -3.768788992 -18.565477925 28.767516241
v -3.867035628 -18.196530429 28.182262287
v -3.867035628 -18.196530429 28.182262287
v -3.529521218 -18.294144098 28.311527195
v -3.498857309 -18.597690698 28.320789131
v -3.979586873 -16.395941411 28.101512324
v -4.414502094 -16.569097199 28.086739497
v -4.061955711 -17.013892576 28.129230426
v -4.061955711 -17.013892576 28.129230426
v -4.061955711 -17.013892576 28.129230426
v -4.498554562 -16.628742317 28.086110971
v -4.195293697 -17.371532102 28.144482863
v -4.061955711 -17.013892576 28.129230426
v -4.490631413 -15.342164755 28.159994680
v -4.057069798 -17.518749199 28.153034043
v -3.716779060 -17.886560761 28.172244311
v -3.684848278 -15.208662976 28.214662226
v -4.490631413 -15.342164755 28.159994680
v -4.436579933 -15.197120774 28.169630227
v -4.285850032 -18.813671084 28.639352533
v -3.684848278 -15.208662976 28.214662226
v -4.061955711 -17.013892576 28.129230426
v -4.061955711 -17.013892576 28.129230426
v -4.398586905 -17.839214558 28.154159658
v -4.195293697 -17.371532102 28.144482863
v -4.061955711 -17.013892576 28.129230426
v -4.337564192 -17.484441697 28.140530625
v -3.527663513 -16.896673610 28.718838056
v -4.410371345 -18.147935840 28.166882607
v -4.337564192 -17.484441697 28.140530625
v -4.337564192 -17.484441697 28.140530625
v -4.154737691 -18.110992856 28.172658202
v -4.410371345 -18.147935840 28.166882607
v -3.984300178 -17.989575740 28.173554499
v -4.154737691 -18.110992856 28.172658202
v -3.740832635 -18.909801265 28.677703531
v -3.740832635 -18.909801265 28.677703531
v -3.740832635 -18.909801265 28.677703531
v -3.550878263 -16.739578717 28.761548334
v -3.467353051 -16.349904928 28.711850100
v -3.467353051 -16.349904928 28.711850100
v -3.557430564 -17.284613351 28.273952448
v -3.740832635 -18.909801265 28.677703531
v -4.057069798 -17.518749199 28.153034043
v -5.874928387 -18.841305619 30.350359893
v -3.740832635 -18.909801265 28.677703531
v -5.874928387 -18.841305619 30.350359893
v -3.740832635 -18.909801265 28.677703531
v -5.874928387 -18.841305619 30.350359893
v -5.646829754 -19.000833278 30.385862246
v -5.646829754 -19.000833278 30.385862246
v -5.646829754 -19.000833278 30.385862246
v -3.740832635 -18.909801265 28.677703531
v -3.740832635 -18.909801265 28.677703531
v -3.979586873 -16.395941411 28.101512324
v -3.740832635 -18.909801265 28.677703531
v -3.586452216 -14.770907233 28.280251334
v -3.586452216 -14.770907233 28.280251334
v -3.586452216 -14.770907233 28.280251334
v -3.586452216 -14.770907233 28.280251334
v -3.549530284 -15.482739770 28.241408082
v -4.490631413 -15.342164755 28.159994680
v -5.963934722 -16.037336745 30.686403031
v -6.181876988 -16.113555196 30.402932926
v -5.741428370 -14.687486198 30.578419725
v -6.154637054 -16.203763790 30.482914353
v -3.527663513 -16.896673610 28.718838056
v -3.527663513 -16.896673610 28.718838056
v -4.490631413 -15.342164755 28.159994680
v -4.390158140 -15.758154776 28.058373992
v -4.436579933 -15.197120774 28.169630227
v -5.646829754 -19.000833278 30.385862246
v -5.646829754 -19.000833278 30.385862246
v -4.294401419 -18.659701590 28.665506444
v -4.400199147 -14.954471487 28.151589620
v -3.586452216 -14.770907233 28.280251334
v -3.740832635 -18.909801265 28.677703531
v -3.700690249 -18.776297154 28.811002196
v -3.740832635 -18.909801265 28.677703531
v -4.057069798 -17.518749199 28.153034043
v -4.154737691 -18.110992856 28.172658202
v -4.337564192 -17.484441697 28.140530625
v -4.398586905 -17.839214558 28.154159658
v -4.195293697 -17.371532102 28.144482863
v -4.154737691 -18.110992856 28.172658202
v -4.057069798 -17.518749199 28.153034043
v -4.057069798 -17.518749199 28.153034043
v -4.154737691 -18.110992856 28.172658202
v -4.337564192 -17.484441697 28.140530625
v -3.984300178 -17.989575740 28.173554499
v -4.223414789 -18.516487186 28.184801563
v -4.294401419 -18.659701590 28.665506444
v -3.979555358 -18.373194709 28.709332239
v -6.179176317 -15.692439365 30.320087246
v -5.333572114 -15.171482247 30.505206452
v -5.333572114 -15.171482247 30.505206452
v -6.124433209 -15.533171360 30.476353651
v -5.333572114 -15.171482247 30.505206452
v -5.361283483 -14.947745223 30.381140769
v -5.593890762 -14.470562239 30.227236886
v -5.874928387 -18.841305619 30.350359893
v -5.874928387 -18.841305619 30.350359893
v -5.923719412 -18.410297834 30.417805279
v -5.874928387 -18.841305619 30.350359893
v -5.874928387 -18.841305619 30.350359893
v -6.190135093 -18.639265418 30.244044103
v -5.913412240 -18.082429121 30.525075852
v -5.923719412 -18.410297834 30.417805279
v -5.874928387 -18.841305619 30.350359893
v -5.923719412 -18.410297834 30.417805279
v -5.923719412 -18.410297834 30.417805279
v -5.874928387 -18.841305619 30.350359893
v -5.923719412 -18.410297834 30.417805279
v -5.923719412 -18.410297834 30.417805279
v -3.648530016 -17.322151492 28.150986961
v -3.584690167 -17.031195803 28.262281092
v -5.874928387 -18.841305619 30.350359893
v -3.716779060 -17.886560761 28.172244311
v -3.648530016 -17.322151492 28.150986961
v -5.923719412 -18.410297834 30.417805279
v -3.979555358 -18.373194709 28.709332239
v -4.223414789 -18.516487186 28.184801563
v -3.984300178 -17.989575740 28.173554499
v -4.223414789 -18.516487186 28.184801563
v -3.979555358 -18.373194709 28.709332239
v -4.057069798 -17.518749199 28.153034043
v -3.979555358 -18.373194709 28.709332239
v -6.076740308 -15.174891636 30.461640709
v -5.404566180 -14.866197324 30.354816542
v -4.285850032 -18.813671084 28.639352533
v -5.646829754 -19.000833278 30.385862246
v -5.923719412 -18.410297834 30.417805279
v -5.874928387 -18.841305619 30.350359893
v -3.550878263 -16.739578717 28.761548334
v -4.498554562 -16.628742317 28.086110971
v -3.527663513 -16.896673610 28.718838056
v -4.365642617 -16.281875902 28.078165944
v -4.365642617 -16.281875902 28.078165944
v -3.648530016 -17.322151492 28.150986961
v -4.195293697 -17.371532102 28.144482863
v -4.057069798 -17.518749199 28.153034043
v -3.984300178 -17.989575740 28.173554499
v -3.984300178 -17.989575740 28.173554499
v -4.195293697 -17.371532102 28.144482863
v -4.195293697 -17.371532102 28.144482863
v -4.061955711 -17.013892576 28.129230426
v -4.061955711 -17.013892576 28.129230426
v -3.527663513 -16.896673610 28.718838056
v -6.047348116 -16.575160572 30.588216467
v -6.000623347 -17.219207504 30.581240206
v -6.047348116 -16.575160572 30.588216467
v -5.555147104 -15.793430740 29.896528629
v -5.555147104 -15.793430740 29.896528629
v -5.555147104 -15.793430740 29.896528629
v -6.181876988 -16.113555196 30.402932926
v -6.047348116 -16.575160572 30.588216467
v -5.547356386 -15.446333633 29.842928621
v -5.547356386 -15.446333633 29.842928621
v -6.179176317 -15.692439365 30.320087246
v -5.296603798 -15.290264495 30.562595966
v -5.334062163 -16.003129475 30.725772808
v -5.963934722 -16.037336745 30.686403031
v -5.334062163 -16.003129475 30.725772808
v -5.334062163 -16.003129475 30.725772808
v -6.047348116 -16.575160572 30.588216467
v -6.047348116 -16.575160572 30.588216467
v -6.047348116 -16.575160572 30.588216467
v -4.988965277 -16.094182774 29.852015057
v -6.047348116 -16.575160572 30.588216467
v -6.030655516 -18.219921684 30.353359560
v -5.298537092 -15.646137120 30.664358091
v -5.555147104 -15.793430740 29.896528629
v -5.333572114 -15.171482247 30.505206452
v -5.915697663 -17.484997286 30.631182244
v -6.047348116 -16.575160572 30.588216467
v -5.913412240 -18.082429121 30.525075852
v -6.076740308 -15.174891636 30.461640709
v -5.448044261 -14.754390746 29.796647609
v -5.448044261 -14.754390746 29.796647609
v -5.555147104 -15.793430740 29.896528629
v -5.404566180 -14.866197324 30.354816542
v -5.338413140 -15.655700226 30.670616742
v -5.555147104 -15.793430740 29.896528629
v -5.555147104 -15.793430740 29.896528629
v -5.555147104 -15.793430740 29.896528629
v -5.555147104 -15.793430740 29.896528629
v -5.338413140 -15.655700226 30.670616742
v -5.555147104 -15.793430740 29.896528629
v -5.298537092 -15.646137120 30.664358091
v -5.555147104 -15.793430740 29.896528629
v -5.404566180 -14.866197324 30.354816542
v -5.667047824 -14.842858778 29.800529996
v -5.334062163 -16.003129475 30.725772808
v -5.361283483 -14.947745223 30.381140769
v -5.555147104 -15.793430740 29.896528629
v -5.296603798 -15.290264495 30.562595966
v -5.547356386 -15.446333633 29.842928621
v -6.047348116 -16.575160572 30.588216467
v -5.547356386 -15.446333633 29.842928621
v -5.555147104 -15.793430740 29.896528629
v -5.915697663 -17.484997286 30.631182244
v -6.154637054 -16.203763790 30.482914353
v -5.555147104 -15.793430740 29.896528629
v -5.334062163 -16.003129475 30.725772808
v -5.338413140 -15.655700226 30.670616742
v -5.404566180 -14.866197324 30.354816542
v -6.179176317 -15.692439365 30.320087246
v -5.923719412 -18.410297834 30.417805279
v -6.154637054 -16.203763790 30.482914353
v -6.000623347 -17.219207504 30.581240206
v -6.047348116 -16.575160572 30.588216467
v -5.404566180 -14.866197324 30.354816542
v -5.404566180 -14.866197324 30.354816542
v -5.404566180 -14.866197324 30.354816542
v -5.334062163 -16.003129475 30.725772808
v -5.555147104 -15.793430740 29.896528629
v -5.913412240 -18.082429121 30.525075852
v -5.547356386 -15.446333633 29.842928621
v -5.667047824 -14.842858778 29.800529996
v -5.547356386 -15.446333633 29.842928621
v -5.547356386 -15.446333633 29.842928621
v -5.296603798 -15.290264495 30.562595966
v -5.555147104 -15.793430740 29.896528629
v -3.467353051 -16.349904928 28.711850100
v -4.436487523 -16.191159838 28.110843046
v -4.436487523 -16.191159838 28.110843046
v -4.061955711 -17.013892576 28.129230426
v -3.550878263 -16.739578717 28.761548334
v -4.436487523 -16.191159838 28.110843046
v -4.061955711 -17.013892576 28.129230426
v -4.365642617 -16.281875902 28.078165944
v -3.467353051 -16.349904928 28.711850100
v -3.550878263 -16.739578717 28.761548334
v -4.061955711 -17.013892576 28.129230426
v -3.681881139 -15.577415320 28.220111250
v -3.467353051 -16.349904928 28.711850100
v -3.550878263 -16.739578717 28.761548334
v -3.550878263 -16.739578717 28.761548334
v -3.979586873 -16.395941411 28.101512324
v -3.979586873 -16.395941411 28.101512324
v -3.979586873 -16.395941411 28.101512324
v -4.195293697 -17.371532102 28.144482863
v -3.550878263 -16.739578717 28.761548334
v -4.337564192 -17.484441697 28.140530625
v -4.195293697 -17.371532102 28.144482863
v -4.057069798 -17.518749199 28.153034043
v -3.984300178 -17.989575740 28.173554499
v -3.867035628 -18.196530429 28.182262287
v -4.365642617 -16.281875902 28.078165944
v -4.414502094 -16.569097199 28.086739497
v -3.498857309 -18.597690698 28.320789131
v -4.414502094 -16.569097199 28.086739497
v -4.414502094 -16.569097199 28.086739497
v -4.436487523 -16.191159838 28.110843046
v -4.414502094 -16.569097199 28.086739497
v -4.061955711 -17.013892576 28.129230426
v -4.414502094 -16.569097199 28.086739497
v -3.550878263 -16.739578717 28.761548334
v -3.979586873 -16.395941411 28.101512324
v -4.436487523 -16.191159838 28.110843046
v -3.467353051 -16.349904928 28.711850100
v -4.414502094 -16.569097199 28.086739497
v -4.061955711 -17.013892576 28.129230426
v -4.436487523 -16.191159838 28.110843046
v -4.057069798 -17.518749199 28.153034043
v -4.436487523 -16.191159838 28.110843046
v -3.648530016 -17.322151492 28.150986961
v -3.984300178 -17.989575740 28.173554499
v -4.414502094 -16.569097199 28.086739497
v -4.061955711 -17.013892576 28.129230426
v -3.645140000 -16.640116502 28.124461592
v -3.550878263 -16.739578717 28.761548334
v -4.061955711 -17.013892576 28.129230426
v -4.061955711 -17.013892576 28.129230426
v -4.061955711 -17.013892576 28.129230426
v -5.874928387 -18.841305619 30.350359893
v -5.646829754 -19.000833278 30.385862246
v -5.874928387 -18.841305619 30.350359893
v -5.611881338 -18.961851528 30.510847413
v -5.611881338 -18.961851528 30.510847413
v -5.611881338 -18.961851528 30.510847413
v -5.874928387 -18.841305619 30.350359893
v -6.030655516 -18.219921684 30.353359560
v -6.030655516 -18.219921684 30.353359560
v -5.510382234 -17.336467704 30.787064202
v -6.030655516 -18.219921684 30.353359560
v -5.611881338 -18.961851528 30.510847413
v -6.319966643 -18.519363116 30.198937961
v -6.000623347 -17.219207504 30.581240206
v -6.000623347 -17.219207504 30.581240206
v -6.047348116 -16.575160572 30.588216467
v -5.874928387 -18.841305619 30.350359893
v -5.913412240 -18.082429121 30.525075852
v -5.915697663 -17.484997286 30.631182244
v -6.030655516 -18.219921684 30.353359560
v -5.913412240 -18.082429121 30.525075852
v -5.915697663 -17.484997286 30.631182244
v -6.030655516 -18.219921684 30.353359560
v -5.915697663 -17.484997286 30.631182244
v -6.000623347 -17.219207504 30.581240206
v -5.913412240 -18.082429121 30.525075852
v -5.915697663 -17.484997286 30.631182244
v -3.586452216 -14.770907233 28.280251334
v -3.681881139 -15.577415320 28.220111250
v -4.436579933 -15.197120774 28.169630227
v -3.626540322 -15.770640029 28.222692270
v -3.681881139 -15.577415320 28.220111250
v -3.684848278 -15.208662976 28.214662226
v -3.681881139 -15.577415320 28.220111250
v -4.436579933 -15.197120774 28.169630227
v -4.155524144 -15.851090192 28.048440612
v -4.490631413 -15.342164755 28.159994680
v -4.436579933 -15.197120774 28.169630227
v -4.240201694 -15.272578784 28.026763079
v -4.414502094 -16.569097199 28.086739497
v -3.984300178 -17.989575740 28.173554499
v -3.984300178 -17.989575740 28.173554499
v -3.867035628 -18.196530429 28.182262287
v -4.061955711 -17.013892576 28.129230426
v -4.061955711 -17.013892576 28.129230426
v -3.648530016 -17.322151492 28.150986961
v -3.867035628 -18.196530429 28.182262287
v -3.493685472 -17.392580695 28.278594881
v -3.984300178 -17.989575740 28.173554499
v -4.223414789 -18.516487186 28.184801563
v -3.984300178 -17.989575740 28.173554499
v -3.984300178 -17.989575740 28.173554499
v -3.867035628 -18.196530429 28.182262287
v -3.467353051 -16.349904928 28.711850100
v -3.867035628 -18.196530429 28.182262287
v -5.844895442 -14.786980831 30.580572556
v -3.381194824 -15.968913537 28.573523151
v -4.390158140 -15.758154776 28.058373992
v -4.155524144 -15.851090192 28.048440612
v -3.904372701 -14.743170565 28.117026938
v -3.867035628 -18.196530429 28.182262287
v -3.529521218 -18.294144098 28.311527195
v -3.740832635 -18.909801265 28.677703531
v -3.740832635 -18.909801265 28.677703531
v -3.740832635 -18.909801265 28.677703531
v -4.294401419 -18.659701590 28.665506444
v -3.979555358 -18.373194709 28.709332239
v -5.874928387 -18.841305619 30.350359893
v -3.740832635 -18.909801265 28.677703531
v -3.740832635 -18.909801265 28.677703531
v -3.740832635 -18.909801265 28.677703531
v -3.740832635 -18.909801265 28.677703531
v -3.740832635 -18.909801265 28.677703531
v -3.527663513 -16.896673610 28.718838056
v -3.557430564 -17.284613351 28.273952448
v -3.586452216 -14.770907233 28.280251334
v -3.904372701 -14.743170565 28.117026938
v -4.390158140 -15.758154776 28.058373992
v -4.490631413 -15.342164755 28.159994680
v -3.740832635 -18.909801265 28.677703531
v -3.984300178 -17.989575740 28.173554499
v -3.979555358 -18.373194709 28.709332239
v -3.867035628 -18.196530429 28.182262287
v -3.740832635 -18.909801265 28.677703531
v -3.740832635 -18.909801265 28.677703531
v -3.700690249 -18.776297154 28.811002196
v -3.768788992 -18.565477925 28.767516241
v -4.061955711 -17.013892576 28.129230426
v -4.195293697 -17.371532102 28.144482863
v -4.061955711 -17.013892576 28.129230426
v -3.768788992 -18.565477925 28.767516241
v -3.768788992 -18.565477925 28.767516241
v -3.488247933 -15.213220163 28.311885927
v -3.984300178 -17.989575740 28.173554499
v -4.057069798 -17.518749199 28.153034043
v -3.446765411 -16.296145899 28.581096091
v -3.488247933 -15.213220163 28.311885927
v -4.061955711 -17.013892576 28.129230426
v -3.645140000 -16.640116502 28.124461592
v -3.645140000 -16.640116502 28.124461592
v -3.979586873 -16.395941411 28.101512324
v -3.979586873 -16.395941411 28.101512324
v -3.467353051 -16.349904928 28.711850100
v -3.834564072 -16.036776079 28.093191860
v -3.381194824 -15.968913537 28.573523151
v -4.490631413 -15.342164755 28.159994680
v -3.681881139 -15.577415320 28.220111250
v -3.979586873 -16.395941411 28.101512324
v -3.834564072 -16.036776079 28.093191860
v -3.740832635 -18.909801265 28.677703531
v -3.740832635 -18.909801265 28.677703531
v -3.740832635 -18.909801265 28.677703531
v -4.223414789 -18.516487186 28.184801563
v -3.740832635 -18.909801265 28.677703531
v -3.740832635 -18.909801265 28.677703531
v -4.057069798 -17.518749199 28.153034043
v -4.057069798 -17.518749199 28.153034043
v -5.404566180 -14.866197324 30.354816542
v -5.923719412 -18.410297834 30.417805279
v -5.923719412 -18.410297834 30.417805279
v -3.586452216 -14.770907233 28.280251334
v -3.768788992 -18.565477925 28.767516241
v -4.285850032 -18.813671084 28.639352533
v -4.285850032 -18.813671084 28.639352533
v -3.979555358 -18.373194709 28.709332239
v -3.813669243 -19.023398531 28.661154463
v -3.813669243 -19.023398531 28.661154463
v -3.867035628 -18.196530429 28.182262287
v -3.867035628 -18.196530429 28.182262287
v -3.867035628 -18.196530429 28.182262287
v -3.867035628 -18.196530429 28.182262287
v -3.498857309 -18.597690698 28.320789131
v -3.716779060 -17.886560761 28.172244311
v -3.716779060 -17.886560761 28.172244311
v -3.768788992 -18.565477925 28.767516241
v -3.498857309 -18.597690698 28.320789131
v -3.716779060 -17.886560761 28.172244311
v -3.498857309 -18.597690698 28.320789131
v -3.867035628 -18.196530429 28.182262287
v -3.813669243 -19.023398531 28.661154463
v -3.768788992 -18.565477925 28.767516241
v -3.768788992 -18.565477925 28.767516241
v -3.498857309 -18.597690698 28.320789131
v -3.740832635 -18.909801265 28.677703531
v -3.768788992 -18.565477925 28.767516241
v -3.740832635 -18.909801265 28.677703531
v -3.984300178 -17.989575740 28.173554499
v -3.813669243 -19.023398531 28.661154463
v -3.979555358 -18.373194709 28.709332239
v -4.285850032 -18.813671084 28.639352533
v -3.498857309 -18.597690698 28.320789131
v -4.223414789 -18.516487186 28.184801563
v -3.768788992 -18.565477925 28.767516241
v -4.223414789 -18.516487186 28.184801563
v -6.190135093 -18.639265418 30.244044103
v -5.593890762 -14.470562239 30.227236886
v -6.368316488 -18.187616779 30.282413268
v -6.181876988 -16.113555196 30.402932926
v -6.000623347 -17.219207504 30.581240206
v -5.555147104 -15.793430740 29.896528629
v -6.076740308 -15.174891636 30.461640709
v -5.915697663 -17.484997286 30.631182244
v -5.448044261 -14.754390746 29.796647609
v -5.593890762 -14.470562239 30.227236886
v -3.740832635 -18.909801265 28.677703531
v -6.033515082 -15.650202448 30.582075904
v -3.768788992 -18.565477925 28.767516241
v -3.740832635 -18.909801265 28.677703531
v -3.768788992 -18.565477925 28.767516241
v -6.047348116 -16.575160572 30.588216467
v -3.768788992 -18.565477925 28.767516241
v -5.646829754 -19.000833278 30.385862246
v -5.908291315 -15.462168384 30.712176819
v -5.965551658 -15.171421721 30.588968141
v -4.400199147 -14.954471487 28.151589620
v -5.963934722 -16.037336745 30.686403031
v -6.000623347 -17.219207504 30.581240206
v -5.963934722 -16.037336745 30.686403031
v -6.047348116 -16.575160572 30.588216467
v -6.047348116 -16.575160572 30.588216467
v -5.444031824 -15.236779699 30.690768872
v -3.740832635 -18.909801265 28.677703531
v -3.768788992 -18.565477925 28.767516241
v -5.549762624 -15.560956641 30.805326056
v -5.568960728 -15.076436273 30.715797799
v -5.965551658 -15.171421721 30.588968141
v -5.404566180 -14.866197324 30.354816542
v -5.404566180 -14.866197324 30.354816542
v -5.965551658 -15.171421721 30.588968141
v -3.768788992 -18.565477925 28.767516241
v -3.813669243 -19.023398531 28.661154463
v -4.285850032 -18.813671084 28.639352533
v -3.768788992 -18.565477925 28.767516241
v -3.740832635 -18.909801265 28.677703531
v -4.400199147 -14.954471487 28.151589620
v -4.245478475 -14.652963103 28.001424151
v -3.813669243 -19.023398531 28.661154463
v -4.400199147 -14.954471487 28.151589620
v -4.400199147 -14.954471487 28.151589620
v -3.740832635 -18.909801265 28.677703531
v -4.285850032 -18.813671084 28.639352533
v -4.285850032 -18.813671084 28.639352533
v -3.813669243 -19.023398531 28.661154463
v -3.768788992 -18.565477925 28.767516241
v -4.195293697 -17.371532102 28.144482863
v -3.550878263 -16.739578717 28.761548334
v -3.584690167 -17.031195803 28.262281092
v -3.550878263 -16.739578717 28.761548334
v -3.557430564 -17.284613351 28.273952448
v -4.061955711 -17.013892576 28.129230426
v -6.190135093 -18.639265418 30.244044103
v -6.368316488 -18.187616779 30.282413268
v -6.190135093 -18.639265418 30.244044103
v -6.000623347 -17.219207504 30.581240206
v -6.368316488 -18.187616779 30.282413268
v -6.368316488 -18.187616779 30.282413268
v -6.368316488 -18.187616779 30.282413268
v -6.368316488 -18.187616779 30.282413268
v -3.740832635 -18.909801265 28.677703531
v -3.813669243 -19.023398531 28.661154463
v -3.904372701 -14.743170565 28.117026938
v -4.436579933 -15.197120774 28.169630227
v -3.648530016 -17.322151492 28.150986961
v -3.493685472 -17.392580695 28.278594881
v -5.874928387 -18.841305619 30.350359893
v -6.190135093 -18.639265418 30.244044103
v -3.557430564 -17.284613351 28.273952448
v -3.716779060 -17.886560761 28.172244311
v -3.716779060 -17.886560761 28.172244311
v -5.874928387 -18.841305619 30.350359893
v -3.813669243 -19.023398531 28.661154463
v -3.979555358 -18.373194709 28.709332239
v -4.223414789 -18.516487186 28.184801563
v -4.294401419 -18.659701590 28.665506444
v -3.700690249 -18.776297154 28.811002196
v -3.740832635 -18.909801265 28.677703531
v -3.740832635 -18.909801265 28.677703531
v -3.498857309 -18.597690698 28.320789131
v -3.867035628 -18.196530429 28.182262287
v -3.867035628 -18.196530429 28.182262287
v -3.867035628 -18.196530429 28.182262287
v -3.979555358 -18.373194709 28.709332239
v -3.979555358 -18.373194709 28.709332239
v -4.414502094 -16.569097199 28.086739497
v -4.498554562 -16.628742317 28.086110971
v -4.061955711 -17.013892576 28.129230426
v -3.740832635 -18.909801265 28.677703531
v -3.768788992 -18.565477925 28.767516241
v -4.061955711 -17.013892576 28.129230426
v -4.061955711 -17.013892576 28.129230426
v -4.061955711 -17.013892576 28.129230426
v -4.061955711 -17.013892576 28.129230426
v -4.414502094 -16.569097199 28.086739497
v -4.061955711 -17.013892576 28.129230426
v -4.061955711 -17.013892576 28.129230426
v -4.061955711 -17.013892576 28.129230426
v -3.550878263 -16.739578717 28.761548334
v -4.061955711 -17.013892576 28.129230426
v -4.061955711 -17.013892576 28.129230426
v -4.061955711 -17.013892576 28.129230426
v -3.648530016 -17.322151492 28.150986961
v -3.716779060 -17.886560761 28.172244311
v -3.648530016 -17.322151492 28.150986961
v -4.498554562 -16.628742317 28.086110971
v -4.061955711 -17.013892576 28.129230426
v -3.529521218 -18.294144098 28.311527195
v -3.498857309 -18.597690698 28.320789131
v -3.867035628 -18.196530429 28.182262287
v -4.061955711 -17.013892576 28.129230426
v -4.061955711 -17.013892576 28.129230426
v -3.557430564 -17.284613351 28.273952448
v -3.527663513 -16.896673610 28.718838056
v -4.195293697 -17.371532102 28.144482863
v -4.337564192 -17.484441697 28.140530625
v -4.398586905 -17.839214558 28.154159658
v -4.057069798 -17.518749199 28.153034043
v -4.337564192 -17.484441697 28.140530625
v -4.223414789 -18.516487186 28.184801563
v -4.154737691 -18.110992856 28.172658202
v -4.057069798 -17.518749199 28.153034043
v -4.294401419 -18.659701590 28.665506444
v -4.223414789 -18.516487186 28.184801563
v -3.740832635 -18.909801265 28.677703531
v -4.154737691 -18.110992856 28.172658202
v -3.498857309 -18.597690698 28.320789131
v -3.498857309 -18.597690698 28.320789131
v -3.867035628 -18.196530429 28.182262287
v -3.740832635 -18.909801265 28.677703531
v -3.867035628 -18.196530429 28.182262287
v -3.740832635 -18.909801265 28.677703531
v -3.813669243 -19.023398531 28.661154463
v -3.740832635 -18.909801265 28.677703531
v -3.813669243 -19.023398531 28.661154463
v -3.740832635 -18.909801265 28.677703531
v -4.285850032 -18.813671084 28.639352533
v -3.768788992 -18.565477925 28.767516241
v -3.768788992 -18.565477925 28.767516241
v -3.740832635 -18.909801265 28.677703531
v -4.318731788 -18.634945165 28.186370433
v -3.979555358 -18.373194709 28.709332239
v -4.223414789 -18.516487186 28.184801563
v -4.057069798 -17.518749199 28.153034043
v -4.436579933 -15.197120774 28.169630227
v -3.867035628 -18.196530429 28.182262287
v -3.498857309 -18.597690698 28.320789131
v -3.716779060 -17.886560761 28.172244311
v -3.557430564 -17.284613351 28.273952448
v -4.057069798 -17.518749199 28.153034043
v -3.716779060 -17.886560761 28.172244311
v -3.813669243 -19.023398531 28.661154463
v -5.547356386 -15.446333633 29.842928621
v -5.547356386 -15.446333633 29.842928621
v -6.179176317 -15.692439365 30.320087246
v -5.931027918 -18.919952337 30.216913391
v -5.448044261 -14.754390746 29.796647609
v -5.361283483 -14.947745223 30.381140769
v -5.361283483 -14.947745223 30.381140769
v -5.333572114 -15.171482247 30.505206452
v -6.190135093 -18.639265418 30.244044103
v -5.555147104 -15.793430740 29.896528629
v -6.126101988 -18.890449324 30.147928870
v -5.931027918 -18.919952337 30.216913391
v -5.667047824 -14.842858778 29.800529996
v -5.555147104 -15.793430740 29.896528629
v -5.547356386 -15.446333633 29.842928621
v -5.555147104 -15.793430740 29.896528629
v -5.555147104 -15.793430740 29.896528629
v -5.555147104 -15.793430740 29.896528629
v -6.179176317 -15.692439365 30.320087246
v -6.030655516 -18.219921684 30.353359560
v -6.179176317 -15.692439365 30.320087246
v -5.931027918 -18.919952337 30.216913391
v -5.923719412 -18.410297834 30.417805279
v -6.030655516 -18.219921684 30.353359560
v -3.979555358 -18.373194709 28.709332239
v -3.984300178 -17.989575740 28.173554499
v -3.984300178 -17.989575740 28.173554499
v -3.979555358 -18.373194709 28.709332239
v -5.547356386 -15.446333633 29.842928621
v -5.547356386 -15.446333633 29.842928621
v -5.547356386 -15.446333633 29.842928621
v -5.448044261 -14.754390746 29.796647609
v -5.547356386 -15.446333633 29.842928621
v -5.667047824 -14.842858778 29.800529996
v -5.361283483 -14.947745223 30.381140769
v -5.404566180 -14.866197324 30.354816542
v -5.547356386 -15.446333633 29.842928621
v -5.404566180 -14.866197324 30.354816542
v -5.667047824 -14.842858778 29.800529996
v -5.646829754 -19.000833278 30.385862246
v -5.667047824 -14.842858778 29.800529996
v -5.646829754 -19.000833278 30.385862246
v -5.667047824 -14.842858778 29.800529996
v -5.646829754 -19.000833278 30.385862246
v -5.646829754 -19.000833278 30.385862246
v -5.547356386 -15.446333633 29.842928621
v -5.547356386 -15.446333633 29.842928621
v -5.404566180 -14.866197324 30.354816542
v -4.057069798 -17.518749199 28.153034043
v -3.984300178 -17.989575740 28.173554499
v -3.984300178 -17.989575740 28.173554499
v -3.979555358 -18.373194709 28.709332239
v -3.867035628 -18.196530429 28.182262287
v -3.867035628 -18.196530429 28.182262287
v -4.057069798 -17.518749199 28.153034043
v -4.057069798 -17.518749199 28.153034043
v -4.057069798 -17.518749199 28.153034043
v -3.984300178 -17.989575740 28.173554499
v -3.979555358 -18.373194709 28.709332239
v -4.057069798 -17.518749199 28.153034043
v -4.195293697 -17.371532102 28.144482863
v -3.979555358 -18.373194709 28.709332239
v -3.979555358 -18.373194709 28.709332239
v -3.904372701 -14.743170565 28.117026938
v -3.904372701 -14.743170565 28.117026938
v -3.904372701 -14.743170565 28.117026938
v -4.490631413 -15.342164755 28.159994680
v -3.716779060 -17.886560761 28.172244311
v -4.057069798 -17.518749199 28.153034043
v -5.913412240 -18.082429121 30.525075852
v -5.874928387 -18.841305619 30.350359893
v -5.611881338 -18.961851528 30.510847413
v -6.030655516 -18.219921684 30.353359560
v -6.030655516 -18.219921684 30.353359560
v -6.030655516 -18.219921684 30.353359560
v -5.913412240 -18.082429121 30.525075852
v -5.874928387 -18.841305619 30.350359893
v -6.190135093 -18.639265418 30.244044103
v -6.030655516 -18.219921684 30.353359560
v -6.190135093 -18.639265418 30.244044103
v -6.368316488 -18.187616779 30.282413268
v -5.913412240 -18.082429121 30.525075852
v -3.768788992 -18.565477925 28.767516241
v -3.740832635 -18.909801265 28.677703531
v -3.813669243 -19.023398531 28.661154463
v -3.740832635 -18.909801265 28.677703531
v -3.768788992 -18.565477925 28.767516241
v -3.498857309 -18.597690698 28.320789131
v -6.181876988 -16.113555196 30.402932926
v -3.498857309 -18.597690698 28.320789131
v -3.740832635 -18.909801265 28.677703531
v -5.611881338 -18.961851528 30.510847413
v -5.874928387 -18.841305619 30.350359893
v -5.874928387 -18.841305619 30.350359893
v -5.874928387 -18.841305619 30.350359893
v -6.190135093 -18.639265418 30.244044103
v -5.874928387 -18.841305619 30.350359893
v -5.611881338 -18.961851528 30.510847413
v -5.874928387 -18.841305619 30.350359893
v -5.874928387 -18.841305619 30.350359893
v -5.611881338 -18.961851528 30.510847413
v -5.611881338 -18.961851528 30.510847413
v -5.611881338 -18.961851528 30.510847413
v -5.611881338 -18.961851528 30.510847413
v -4.285850032 -18.813671084 28.639352533
v -3.768788992 -18.565477925 28.767516241
v -3.740832635 -18.909801265 28.677703531
v -3.768788992 -18.565477925 28.767516241
v -5.874928387 -18.841305619 30.350359893
v -5.874928387 -18.841305619 30.350359893
v -5.874928387 -18.841305619 30.350359893
v -5.874928387 -18.841305619 30.350359893
v -5.874928387 -18.841305619 30.350359893
v -5.874928387 -18.841305619 30.350359893
v -6.047348116 -16.575160572 30.588216467
v -5.922350604 -16.508329795 30.727126275
v -5.874928387 -18.841305619 30.350359893
v -5.874928387 -18.841305619 30.350359893
v -5.611881338 -18.961851528 30.510847413
v -5.611881338 -18.961851528 30.510847413
v -5.874928387 -18.841305619 30.350359893
v -5.874928387 -18.841305619 30.350359893
v -5.874928387 -18.841305619 30.350359893
v -5.874928387 -18.841305619 30.350359893
v -5.871182366 -17.188692320 30.738197002
v -5.915697663 -17.484997286 30.631182244
v -5.547356386 -15.446333633 29.842928621
v -5.667047824 -14.842858778 29.800529996
v -5.871182366 -17.188692320 30.738197002
v -6.179176317 -15.692439365 30.320087246
v -5.646829754 -19.000833278 30.385862246
v -6.000623347 -17.219207504 30.581240206
v -5.555147104 -15.793430740 29.896528629
v -5.646829754 -19.000833278 30.385862246
v -6.000623347 -17.219207504 30.581240206
v -6.190135093 -18.639265418 30.244044103
v -5.646829754 -19.000833278 30.385862246
v -5.874928387 -18.841305619 30.350359893
v -5.646829754 -19.000833278 30.385862246
v -6.076740308 -15.174891636 30.461640709
v -5.874928387 -18.841305619 30.350359893
v -5.874928387 -18.841305619 30.350359893
v -5.874928387 -18.841305619 30.350359893
v -5.874928387 -18.841305619 30.350359893
v -5.874928387 -18.841305619 30.350359893
v -5.874928387 -18.841305619 30.350359893
v -5.611881338 -18.961851528 30.510847413
v -5.915697663 -17.484997286 30.631182244
v -5.874928387 -18.841305619 30.350359893
v -5.874928387 -18.841305619 30.350359893
v -5.923719412 -18.410297834 30.417805279
v -5.874928387 -18.841305619 30.350359893
v -5.874928387 -18.841305619 30.350359893
v -5.404566180 -14.866197324 30.354816542
v -5.874928387 -18.841305619 30.350359893
v -5.510382234 -17.336467704 30.787064202
v -5.874928387 -18.841305619 30.350359893
v -5.874928387 -18.841305619 30.350359893
v -5.874928387 -18.841305619 30.350359893
v -5.874928387 -18.841305619 30.350359893
v -6.047348116 -16.575160572 30.588216467
v -3.979586873 -16.395941411 28.101512324
v -3.740832635 -18.909801265 28.677703531
v -3.740832635 -18.909801265 28.677703531
v -3.740832635 -18.909801265 28.677703531
v -3.979586873 -16.395941411 28.101512324
v -3.645140000 -16.640116502 28.124461592
v -6.047348116 -16.575160572 30.588216467
v -5.593890762 -14.470562239 30.227236886
v -6.047348116 -16.575160572 30.588216467
v -6.190135093 -18.639265418 30.244044103
v -3.740832635 -18.909801265 28.677703531
v -3.527663513 -16.896673610 28.718838056
v -3.527663513 -16.896673610 28.718838056
v -5.646829754 -19.000833278 30.385862246
v -3.498857309 -18.597690698 28.320789131
v -3.768788992 -18.565477925 28.767516241
v -5.646829754 -19.000833278 30.385862246
v -4.390158140 -15.758154776 28.058373992
v -5.611881338 -18.961851528 30.510847413
v -4.294401419 -18.659701590 28.665506444
v -5.646829754 -19.000833278 30.385862246
v -5.853280377 -19.121400000 30.114800000
v -5.874928387 -18.841305619 30.350359893
v -5.931027918 -18.919952337 30.216913391
v -5.646829754 -19.000833278 30.385862246
v -5.611881338 -18.961851528 30.510847413
v -3.498857309 -18.597690698 28.320789131
v -5.646829754 -19.000833278 30.385862246
v -5.611881338 -18.961851528 30.510847413
v -3.768788992 -18.565477925 28.767516241
v -3.740832635 -18.909801265 28.677703531
v -3.498857309 -18.597690698 28.320789131
v -3.498857309 -18.597690698 28.320789131
v -3.740832635 -18.909801265 28.677703531
v -3.979555358 -18.373194709 28.709332239
v -3.979555358 -18.373194709 28.709332239
v -3.979555358 -18.373194709 28.709332239
v -3.716779060 -17.886560761 28.172244311
v -3.984300178 -17.989575740 28.173554499
v -3.984300178 -17.989575740 28.173554499
v -3.867035628 -18.196530429 28.182262287
v -4.057069798 -17.518749199 28.153034043
v -4.057069798 -17.518749199 28.153034043
v -4.057069798 -17.518749199 28.153034043
v -3.984300178 -17.989575740 28.173554499
v -3.740832635 -18.909801265 28.677703531
v -5.923719412 -18.410297834 30.417805279
v -5.923719412 -18.410297834 30.417805279
v -3.979555358 -18.373194709 28.709332239
v -3.867035628 -18.196530429 28.182262287
v -3.984300178 -17.989575740 28.173554499
v -3.716779060 -17.886560761 28.172244311
v -4.057069798 -17.518749199 28.153034043
v -3.557430564 -17.284613351 28.273952448
v -5.646829754 -19.000833278 30.385862246
v -4.436579933 -15.197120774 28.169630227
v -3.904372701 -14.743170565 28.117026938
v -4.436579933 -15.197120774 28.169630227
v -4.294401419 -18.659701590 28.665506444
v -5.611881338 -18.961851528 30.510847413
v -4.490631413 -15.342164755 28.159994680
v -4.490631413 -15.342164755 28.159994680
v -3.979555358 -18.373194709 28.709332239
v -4.490631413 -15.342164755 28.159994680
v -4.571064577 -18.425967104 28.697513582
v -4.390158140 -15.758154776 28.058373992
v -4.400199147 -14.954471487 28.151589620
v -3.979555358 -18.373194709 28.709332239
v -3.979555358 -18.373194709 28.709332239
v -4.400199147 -14.954471487 28.151589620
v -3.904372701 -14.743170565 28.117026938
v -4.400199147 -14.954471487 28.151589620
v -3.586452216 -14.770907233 28.280251334
v -3.381194824 -15.968913537 28.573523151
v -4.155524144 -15.851090192 28.048440612
v -3.586452216 -14.770907233 28.280251334
v -3.681881139 -15.577415320 28.220111250
v -3.681881139 -15.577415320 28.220111250
v -3.549530284 -15.482739770 28.241408082
v -3.488247933 -15.213220163 28.311885927
v -3.684848278 -15.208662976 28.214662226
v -3.626540322 -15.770640029 28.222692270
v -4.436487523 -16.191159838 28.110843046
v -4.390158140 -15.758154776 28.058373992
v -3.684848278 -15.208662976 28.214662226
v -4.061955711 -17.013892576 28.129230426
v -4.061955711 -17.013892576 28.129230426
v -4.061955711 -17.013892576 28.129230426
v -3.550878263 -16.739578717 28.761548334
v -4.061955711 -17.013892576 28.129230426
v -4.061955711 -17.013892576 28.129230426
v -4.061955711 -17.013892576 28.129230426
v -4.061955711 -17.013892576 28.129230426
v -3.740832635 -18.909801265 28.677703531
v -3.740832635 -18.909801265 28.677703531
v -3.740832635 -18.909801265 28.677703531
v -3.904372701 -14.743170565 28.117026938
v -4.436579933 -15.197120774 28.169630227
v -3.867035628 -18.196530429 28.182262287
v -3.740832635 -18.909801265 28.677703531
v -3.700690249 -18.776297154 28.811002196
v -3.740832635 -18.909801265 28.677703531
v -3.740832635 -18.909801265 28.677703531
v -3.813669243 -19.023398531 28.661154463
v -3.498857309 -18.597690698 28.320789131
v -3.813669243 -19.023398531 28.661154463
v -3.740832635 -18.909801265 28.677703531
v -3.700690249 -18.776297154 28.811002196
v -3.813669243 -19.023398531 28.661154463
v -3.740832635 -18.909801265 28.677703531
v -3.740832635 -18.909801265 28.677703531
v -3.740832635 -18.909801265 28.677703531
v -3.740832635 -18.909801265 28.677703531
v -3.740832635 -18.909801265 28.677703531
v -5.874928387 -18.841305619 30.350359893
v -3.740832635 -18.909801265 28.677703531
v -3.740832635 -18.909801265 28.677703531
v -3.740832635 -18.909801265 28.677703531
v -3.813669243 -19.023398531 28.661154463
v -3.979555358 -18.373194709 28.709332239
v -3.498857309 -18.597690698 28.320789131
v -3.867035628 -18.196530429 28.182262287
v -3.740832635 -18.909801265 28.677703531
v -3.740832635 -18.909801265 28.677703531
v -4.223414789 -18.516487186 28.184801563
v -3.740832635 -18.909801265 28.677703531
v -3.768788992 -18.565477925 28.767516241
v -4.154737691 -18.110992856 28.172658202
v -4.223414789 -18.516487186 28.184801563
v -4.337564192 -17.484441697 28.140530625
v -4.154737691 -18.110992856 28.172658202
v -4.057069798 -17.518749199 28.153034043
v -4.398586905 -17.839214558 28.154159658
v -4.061955711 -17.013892576 28.129230426
v -3.527663513 -16.896673610 28.718838056
v -3.648530016 -17.322151492 28.150986961
v -3.716779060 -17.886560761 28.172244311
v -3.529521218 -18.294144098 28.311527195
v -3.716779060 -17.886560761 28.172244311
v -3.529521218 -18.294144098 28.311527195
v -3.529521218 -18.294144098 28.311527195
v -3.716779060 -17.886560761 28.172244311
v -3.648530016 -17.322151492 28.150986961
v -4.061955711 -17.013892576 28.129230426
v -4.061955711 -17.013892576 28.129230426
v -3.550878263 -16.739578717 28.761548334
v -3.550878263 -16.739578717 28.761548334
v -3.813669243 -19.023398531 28.661154463
v -3.498857309 -18.597690698 28.320789131
v -3.700690249 -18.776297154 28.811002196
v -3.740832635 -18.909801265 28.677703531
v -3.740832635 -18.909801265 28.677703531
v -3.740832635 -18.909801265 28.677703531
v -4.285850032 -18.813671084 28.639352533
v -3.979555358 -18.373194709 28.709332239
v -3.979555358 -18.373194709 28.709332239
v -3.867035628 -18.196530429 28.182262287
v -3.867035628 -18.196530429 28.182262287
v -3.740832635 -18.909801265 28.677703531
v -3.768788992 -18.565477925 28.767516241
v -3.740832635 -18.909801265 28.677703531
v -3.740832635 -18.909801265 28.677703531
v -4.223414789 -18.516487186 28.184801563
v -3.498857309 -18.597690698 28.320789131
v -4.061955711 -17.013892576 28.129230426
v -4.436579933 -15.197120774 28.169630227
v -3.904372701 -14.743170565 28.117026938
v -3.979555358 -18.373194709 28.709332239
v -3.979555358 -18.373194709 28.709332239
v -3.979555358 -18.373194709 28.709332239
v -4.376547293 -18.471082918 28.179668478
v -3.740832635 -18.909801265 28.677703531
v -3.768788992 -18.565477925 28.767516241
v -3.768788992 -18.565477925 28.767516241
v -3.740832635 -18.909801265 28.677703531
v -3.740832635 -18.909801265 28.677703531
v -4.223414789 -18.516487186 28.184801563
v -4.154737691 -18.110992856 28.172658202
v -4.154737691 -18.110992856 28.172658202
v -3.984300178 -17.989575740 28.173554499
v -4.223414789 -18.516487186 28.184801563
v -3.984300178 -17.989575740 28.173554499
v -4.285850032 -18.813671084 28.639352533
v -3.740832635 -18.909801265 28.677703531
v -3.768788992 -18.565477925 28.767516241
v -3.813669243 -19.023398531 28.661154463
v -3.813669243 -19.023398531 28.661154463
v -3.740832635 -18.909801265 28.677703531
v -3.740832635 -18.909801265 28.677703531
v -4.285850032 -18.813671084 28.639352533
v -3.740832635 -18.909801265 28.677703531
v -4.285850032 -18.813671084 28.639352533
v -3.498857309 -18.597690698 28.320789131
v -3.498857309 -18.597690698 28.320789131
v -3.740832635 -18.909801265 28.677703531
v -3.740832635 -18.909801265 28.677703531
v -3.768788992 -18.565477925 28.767516241
v -6.958733848 -13.732817188 29.926719285
v -6.829684827 -13.533561573 29.256930775
v -5.925278757 -13.074095131 30.390021499
v -6.820556727 -13.349690538 29.354292983
v -6.573872562 -13.315320577 29.134865938
v -6.986705548 -13.061130770 29.499594419
v -5.905879994 -12.805018892 30.365443936
v -6.427703954 -14.951013648 29.727056612
v -6.158071667 -14.744712144 29.755235960
v -7.012028430 -13.820706131 29.250396766
v -6.493169818 -14.222965368 29.635366204
v -6.352642315 -13.200317602 29.132036612
v -6.986705548 -13.061130770 29.499594419
v -6.754580000 -12.839549171 30.233183630
v -6.176542795 -13.299714005 29.062056855
v -5.784494363 -13.251540991 29.146196794
v -5.418421867 -13.086199548 29.677652316
v -7.004731796 -13.065058824 29.280676520
v -6.657056191 -12.429440245 29.207891828
v -6.548386483 -12.672433483 29.138554361
v -6.754580000 -12.839549171 30.233183630
v -7.004731796 -13.065058824 29.280676520
v -7.029205533 -13.067932777 29.482588109
v -7.007408270 -13.206445637 29.192978243
v -7.007408270 -13.206445637 29.192978243
v -7.083157931 -13.032143144 29.226572428
v -5.659328228 -13.792814635 29.780666589
v -5.607041400 -12.672123711 29.627259621
v -5.418421867 -13.086199548 29.677652316
v -6.931537005 -13.595882589 29.990103735
v -6.106570534 -13.713604396 29.714550656
v -6.493169818 -14.222965368 29.635366204
v -6.158071667 -14.744712144 29.755235960
v -5.659328228 -13.792814635 29.780666589
v -5.633318709 -14.126745635 29.948170256
v -5.470377775 -13.839380085 29.914395225
v -5.898680051 -14.223092953 29.920298467
v -5.954392772 -13.540759182 30.367825672
v -6.121166550 -13.354688251 30.409171378
v -6.493169818 -14.222965368 29.635366204
v -6.493169818 -14.222965368 29.635366204
v -6.106570534 -13.713604396 29.714550656
v -6.739746426 -13.797725406 30.105761809
v -6.820556727 -13.349690538 29.354292983
v -7.007408270 -13.206445637 29.192978243
v -5.659328228 -13.792814635 29.780666589
v -6.290842942 -13.363428022 30.305366216
v -5.898680051 -14.223092953 29.920298467
v -5.808934639 -14.272736738 29.927590752
v -5.709989943 -14.470185547 30.026182470
v -6.106570534 -13.713604396 29.714550656
v -7.195044354 -13.016067284 29.259605627
v -6.657056191 -12.429440245 29.207891828
v -5.607041400 -12.672123711 29.627259621
v -6.493169818 -14.222965368 29.635366204
v -6.106570534 -13.713604396 29.714550656
v -5.659328228 -13.792814635 29.780666589
v -5.659328228 -13.792814635 29.780666589
v -6.903422101 -14.314646807 29.914360366
v -6.555539129 -14.272781660 30.116972666
v -6.493169818 -14.222965368 29.635366204
v -5.659328228 -13.792814635 29.780666589
v -6.018709348 -13.731487121 30.323417734
v -6.106570534 -13.713604396 29.714550656
v -5.421721479 -14.223636474 30.072474799
v -5.633318709 -14.126745635 29.948170256
v -5.421721479 -14.223636474 30.072474799
v -6.493169818 -14.222965368 29.635366204
v -6.493169818 -14.222965368 29.635366204
v -6.548386483 -12.672433483 29.138554361
v -6.493169818 -14.222965368 29.635366204
v -5.659328228 -13.792814635 29.780666589
v -5.935027722 -13.985735941 30.217411333
v -3.645140000 -16.640116502 28.124461592
v -3.626540322 -15.770640029 28.222692270
v -3.645140000 -16.640116502 28.124461592
v -3.855916510 -15.463720581 28.069442076
v -6.739746426 -13.797725406 30.105761809
v -6.176542795 -13.299714005 29.062056855
v -5.418421867 -13.086199548 29.677652316
v -6.765961422 -13.576924831 30.111591544
v -4.390158140 -15.758154776 28.058373992
v -3.813669243 -19.023398531 28.661154463
v -4.155524144 -15.851090192 28.048440612
v -3.740832635 -18.909801265 28.677703531
v -3.586452216 -14.770907233 28.280251334
v -3.813669243 -19.023398531 28.661154463
v -3.740832635 -18.909801265 28.677703531
v -4.240201694 -15.272578784 28.026763079
v -3.855916510 -15.463720581 28.069442076
v -3.904372701 -14.743170565 28.117026938
v -3.498857309 -18.597690698 28.320789131
v -3.768788992 -18.565477925 28.767516241
v -3.498857309 -18.597690698 28.320789131
v -3.498857309 -18.597690698 28.320789131
v -3.740832635 -18.909801265 28.677703531
v -3.740832635 -18.909801265 28.677703531
v -3.498857309 -18.597690698 28.320789131
v -3.498857309 -18.597690698 28.320789131
v -3.498857309 -18.597690698 28.320789131
v -3.498857309 -18.597690698 28.320789131
v -3.498857309 -18.597690698 28.320789131
v -3.813669243 -19.023398531 28.661154463
v -3.498857309 -18.597690698 28.320789131
v -3.498857309 -18.597690698 28.320789131
v -3.813669243 -19.023398531 28.661154463
v -3.498857309 -18.597690698 28.320789131
v -3.586452216 -14.770907233 28.280251334
v -3.586452216 -14.770907233 28.280251334
v -3.813669243 -19.023398531 28.661154463
v -3.740832635 -18.909801265 28.677703531
v -3.740832635 -18.909801265 28.677703531
v -3.813669243 -19.023398531 28.661154463
v -3.813669243 -19.023398531 28.661154463
v -4.155524144 -15.851090192 28.048440612
v -4.155524144 -15.851090192 28.048440612
v -3.813669243 -19.023398531 28.661154463
v -3.740832635 -18.909801265 28.677703531
v -3.740832635 -18.909801265 28.677703531
v -3.813669243 -19.023398531 28.661154463
v -3.813669243 -19.023398531 28.661154463
v -3.813669243 -19.023398531 28.661154463
v -3.904372701 -14.743170565 28.117026938
v -3.904372701 -14.743170565 28.117026938
v -3.740832635 -18.909801265 28.677703531
v -3.740832635 -18.909801265 28.677703531
v -3.740832635 -18.909801265 28.677703531
v -3.813669243 -19.023398531 28.661154463
v -3.813669243 -19.023398531 28.661154463
v -3.813669243 -19.023398531 28.661154463
v -3.813669243 -19.023398531 28.661154463
v -3.498857309 -18.597690698 28.320789131
v -3.979586873 -16.395941411 28.101512324
v -4.240201694 -15.272578784 28.026763079
v -4.240201694 -15.272578784 28.026763079
v -3.498857309 -18.597690698 28.320789131
v -6.156128236 -9.446729631 29.695902097
v -6.615902641 -9.972027204 29.295573845
v -6.628509435 -9.993292522 29.298091512
v -6.515250100 -9.834917153 29.410148663
v -6.810065809 -10.107259362 28.903580946
v -6.670748462 -10.010236021 29.245155466
v -6.692941345 -9.997974494 29.223385371
v -4.155524144 -15.851090192 28.048440612
v -4.023995498 -16.103217967 28.057648285
v -3.904372701 -14.743170565 28.117026938
v -6.158071667 -14.744712144 29.755235960
v -6.158071667 -14.744712144 29.755235960
v -6.662856628 -10.005084761 29.217412349
v -5.921702085 -11.655527701 30.544713619
v -6.662856628 -10.005084761 29.217412349
v -6.076110740 -12.992656119 30.337893274
v -6.106570534 -13.713604396 29.714550656
v -6.423039220 -13.619783651 30.194793520
v -6.098175459 -14.576449330 30.357644800
v -5.921702085 -11.655527701 30.544713619
v -6.651323964 -13.153349522 29.384743745
v -3.904372701 -14.743170565 28.117026938
v -6.986705548 -13.061130770 29.499594419
v -7.012028430 -13.820706131 29.250396766
v -4.752403378 -10.369383602 29.971543002
v -6.891210703 -13.713970754 30.000096051
v -6.976554803 -13.402703368 30.091335619
v -6.976554803 -13.402703368 30.091335619
v -6.427703954 -14.951013648 29.727056612
v -6.158071667 -14.744712144 29.755235960
v -6.976554803 -13.402703368 30.091335619
v -7.037944778 -13.451790535 30.073371273
v -7.029205533 -13.067932777 29.482588109
v -7.037944778 -13.451790535 30.073371273
v -7.012028430 -13.820706131 29.250396766
v -6.806732332 -13.697024205 29.390088710
v -6.806732332 -13.697024205 29.390088710
v -7.012028430 -13.820706131 29.250396766
v -6.986705548 -13.061130770 29.499594419
v -6.806732332 -13.697024205 29.390088710
v -6.806732332 -13.697024205 29.390088710
v -6.493169818 -14.222965368 29.635366204
v -3.684848278 -15.208662976 28.214662226
v -6.806732332 -13.697024205 29.390088710
v -4.731948995 -14.024889489 27.235933770
v -4.711055604 -13.814840016 27.230391568
v -4.731948995 -14.024889489 27.235933770
v -6.891210703 -13.713970754 30.000096051
v -6.714018005 -13.637818851 30.112200813
v -3.629209756 -14.282073023 28.205744598
v -3.629209756 -14.282073023 28.205744598
v -3.904372701 -14.743170565 28.117026938
v -3.498857309 -18.597690698 28.320789131
v -3.529521218 -18.294144098 28.311527195
v -3.979586873 -16.395941411 28.101512324
v -3.684848278 -15.208662976 28.214662226
v -6.290178771 -14.157871401 30.342276217
v -5.852702464 -14.332810742 30.385049764
v -5.935027722 -13.985735941 30.217411333
v -4.692783799 -13.509766143 27.145376706
v -4.692783799 -13.509766143 27.145376706
v -4.695620946 -14.326552013 27.256593878
v -4.723076251 -13.610499096 27.185666185
v -6.662856628 -10.005084761 29.217412349
v -6.156128236 -9.446729631 29.695902097
v -4.752403378 -10.369383602 29.971543002
v -6.106570534 -13.713604396 29.714550656
v -4.648125138 -10.980563365 30.106749976
v -5.909467719 -13.313294484 30.343602927
v -5.909467719 -13.313294484 30.343602927
v -6.662856628 -10.005084761 29.217412349
v -6.387964596 -9.847118129 29.567580453
v -6.387964596 -9.847118129 29.567580453
v -6.361022428 -13.438085314 30.159712869
v -6.290842942 -13.363428022 30.305366216
v -6.733535736 -13.481054464 30.251641769
v -6.322001290 -13.164634269 30.239538821
v -6.106570534 -13.713604396 29.714550656
v -3.838537961 -15.702855891 28.046266287
v -4.023995498 -16.103217967 28.057648285
v -6.106570534 -13.713604396 29.714550656
v -3.904372701 -14.743170565 28.117026938
v -6.493169818 -14.222965368 29.635366204
v -6.916596780 -10.136257951 29.370442589
v -6.290178771 -14.157871401 30.342276217
v -6.573872562 -13.315320577 29.134865938
v -6.722141718 -12.824968627 29.277513854
v -6.361022428 -13.438085314 30.159712869
v -5.709533598 -11.077966010 30.772936635
v -3.761893799 -15.008753168 28.024085373
v -6.481561098 -14.145046164 30.190538636
v -4.945716574 -11.634761853 29.584666625
v -6.754580000 -12.839549171 30.233183630
v -6.976554803 -13.402703368 30.091335619
v -4.632465317 -11.036185883 30.097410881
v -6.272407886 -12.872053901 30.243780375
v -6.509699065 -14.229230313 30.149664527
v -4.648125138 -10.980563365 30.106749976
v -4.945716574 -11.634761853 29.584666625
v -4.632465317 -11.036185883 30.097410881
v -4.752403378 -10.369383602 29.971543002
v -6.986936311 -13.601468415 29.979299817
v -6.826122386 -14.437286144 30.042019678
v -5.909467719 -13.313294484 30.343602927
v -6.075211699 -12.791349400 30.375965056
v -5.908695119 -12.699264601 30.318787104
v -5.418421867 -13.086199548 29.677652316
v -6.106570534 -13.713604396 29.714550656
v -5.709989943 -14.470185547 30.026182470
v -5.659328228 -13.792814635 29.780666589
v -5.808934639 -14.272736738 29.927590752
v -5.536349134 -14.326552013 27.256593890
v -5.532267420 -14.336758367 27.257265146
v -4.731948995 -14.024889489 27.235933770
v -5.536349134 -14.326552013 27.256593890
v -5.536349134 -14.326552013 27.256593890
v -4.677973078 -14.940230637 28.001540907
v -4.723076251 -13.610499096 27.185666185
v -6.976554803 -13.402703368 30.091335619
v -6.423039220 -13.619783651 30.194793520
v -6.733535736 -13.481054464 30.251641769
v -6.613856743 -12.954279751 30.290445086
v -5.908695119 -12.699264601 30.318787104
v -6.031048985 -12.393007680 30.315627169
v -6.245378788 -13.352873084 29.621765033
v -6.106570534 -13.713604396 29.714550656
v -7.083157931 -13.032143144 29.226572428
v -5.784494363 -13.251540991 29.146196794
v -7.089720392 -13.162308142 29.447367390
v -6.493169818 -14.222965368 29.635366204
v -7.003645180 -14.039276198 29.556338748
v -6.280244739 -9.956791950 29.813508789
v -6.045463752 -10.155750783 30.389456705
v -6.280244739 -9.956791950 29.813508789
v -5.659328228 -13.792814635 29.780666589
v -5.784494363 -13.251540991 29.146196794
v -6.176542795 -13.299714005 29.062056855
v -6.832162054 -14.037444448 30.093185403
v -6.898914711 -13.869797626 29.926195647
v -6.829684827 -13.533561573 29.256930775
v -6.493169818 -14.222965368 29.635366204
v -5.659328228 -13.792814635 29.780666589
v -6.106570534 -13.713604396 29.714550656
v -5.659328228 -13.792814635 29.780666589
v -6.106570534 -13.713604396 29.714550656
v -5.418421867 -13.086199548 29.677652316
v -6.515250100 -9.834917153 29.410148663
v -6.628509435 -9.993292522 29.298091512
v -6.387964596 -9.847118129 29.567580453
v -6.320194081 -12.633321030 30.358689541
v -6.406658167 -12.843012108 30.149801628
v -6.958733848 -13.732817188 29.926719285
v -6.806732332 -13.697024205 29.390088710
v -5.418421867 -13.086199548 29.677652316
v -6.832162054 -14.037444448 30.093185403
v -5.607041400 -12.672123711 29.627259621
v -6.903422101 -14.314646807 29.914360366
v -4.706391380 -13.147555842 27.111954704
v -4.731948995 -14.024889489 27.235933770
v -7.037944778 -13.451790535 30.073371273
v -7.037944778 -13.451790535 30.073371273
v -6.976554803 -13.402703368 30.091335619
v -5.878951070 -11.889359762 30.533749625
v -6.903422101 -14.314646807 29.914360366
v -6.307811949 -9.878507491 29.761072358
v -7.003645180 -14.039276198 29.556338748
v -4.752403378 -10.369383602 29.971543002
v -4.648125138 -10.980563365 30.106749976
v -4.648125138 -10.980563365 30.106749976
v -6.898766105 -13.137989536 29.062715405
v -6.829684827 -13.533561573 29.256930775
v -7.018936561 -13.754590778 29.950267840
v -5.709989943 -14.470185547 30.026182470
v -5.691757205 -14.256179504 30.343705773
v -5.909467719 -13.313294484 30.343602927
v -5.659328228 -13.792814635 29.780666589
v -6.493169818 -14.222965368 29.635366204
v -6.423039220 -13.619783651 30.194793520
v -6.106570534 -13.713604396 29.714550656
v -5.878951070 -11.889359762 30.533749625
v -6.540599588 -12.986398870 30.302298587
v -6.076110740 -12.992656119 30.337893274
v -5.418421867 -13.086199548 29.677652316
v -6.106570534 -13.713604396 29.714550656
v -5.925278757 -13.074095131 30.390021499
v -3.684848278 -15.208662976 28.214662226
v -3.761893799 -15.008753168 28.024085373
v -5.878951070 -11.889359762 30.533749625
v -6.733535736 -13.481054464 30.251641769
v -5.909467719 -13.313294484 30.343602927
v -6.189825565 -13.169630807 30.364050376
v -4.061955711 -17.013892576 28.129230426
v -3.681881139 -15.577415320 28.220111250
v -3.855916510 -15.463720581 28.069442076
v -6.980280461 -12.970404418 29.083653504
v -6.352642315 -13.200317602 29.132036612
v -7.029205533 -13.067932777 29.482588109
v -5.908695119 -12.699264601 30.318787104
v -5.659328228 -13.792814635 29.780666589
v -6.493169818 -14.222965368 29.635366204
v -6.903422101 -14.314646807 29.914360366
v -5.878951070 -11.889359762 30.533749625
v -3.867035628 -18.196530429 28.182262287
v -4.057069798 -17.518749199 28.153034043
v -3.716779060 -17.886560761 28.172244311
v -5.659328228 -13.792814635 29.780666589
v -6.469436051 -13.978250554 30.266424846
v -4.945716574 -11.634761853 29.584666625
v -5.659328228 -13.792814635 29.780666589
v -5.659328228 -13.792814635 29.780666589
v -6.156733806 -13.843574062 30.177967260
v -6.245378788 -13.352873084 29.621765033
v -4.945716574 -11.634761853 29.584666625
v -6.978795666 -12.987675327 29.129928167
v -4.945716574 -11.634761853 29.584666625
v -6.986705548 -13.061130770 29.499594419
v -7.083157931 -13.032143144 29.226572428
v -5.784494363 -13.251540991 29.146196794
v -5.784494363 -13.251540991 29.146196794
v -6.598934341 -12.009836270 29.250570211
v -4.754700490 -10.221231511 30.016323525
v -4.707936385 -13.369109141 27.106452584
v -4.723076251 -13.610499096 27.185666185
v -4.707936385 -13.369109141 27.106452584
v -3.498857309 -18.597690698 28.320789131
v -3.498857309 -18.597690698 28.320789131
v -3.498857309 -18.597690698 28.320789131
v -6.245378788 -13.352873084 29.621765033
v -6.106570534 -13.713604396 29.714550656
v -3.498857309 -18.597690698 28.320789131
v -3.498857309 -18.597690698 28.320789131
v -3.740832635 -18.909801265 28.677703531
v -3.740832635 -18.909801265 28.677703531
v -3.740832635 -18.909801265 28.677703531
v -3.768788992 -18.565477925 28.767516241
v -3.867035628 -18.196530429 28.182262287
v -3.529521218 -18.294144098 28.311527195
v -5.784494363 -13.251540991 29.146196794
v -6.888933567 -10.488673292 29.417177996
v -3.979555358 -18.373194709 28.709332239
v -3.740832635 -18.909801265 28.677703531
v -3.768788992 -18.565477925 28.767516241
v -3.740832635 -18.909801265 28.677703531
v -3.498857309 -18.597690698 28.320789131
v -3.645140000 -16.640116502 28.124461592
v -3.834564072 -16.036776079 28.093191860
v -4.057069798 -17.518749199 28.153034043
v -3.984300178 -17.989575740 28.173554499
v -3.550878263 -16.739578717 28.761548334
v -3.645140000 -16.640116502 28.124461592
v -3.645140000 -16.640116502 28.124461592
v -4.061955711 -17.013892576 28.129230426
v -3.584690167 -17.031195803 28.262281092
v -4.061955711 -17.013892576 28.129230426
v -3.867035628 -18.196530429 28.182262287
v -4.350835163 -13.459367194 27.934765353
v -5.536349134 -14.326552013 27.256593890
v -4.731948995 -14.024889489 27.235933770
v -4.707936385 -13.369109141 27.106452584
v -4.609858139 -13.369991990 28.140911656
v -4.409273322 -13.050821253 27.920874841
v -5.536349134 -14.326552013 27.256593890
v -4.706391380 -13.147555842 27.111954704
v -4.713076925 -13.139451130 27.224477369
v -4.728263985 -13.450207162 27.233239930
v -4.728263985 -13.450207162 27.233239930
v -4.409273322 -13.050821253 27.920874841
v -4.177677326 -12.729939765 27.983921182
v -4.731948995 -14.024889489 27.235933770
v -6.978795666 -12.987675327 29.129928167
v -5.532267420 -14.336758367 27.257265146
v -5.536349134 -14.326552013 27.256593890
v -4.677973078 -14.940230637 28.001540907
v -5.536349134 -14.326552013 27.256593890
v -4.625383779 -14.615465281 27.989166130
v -4.677973078 -14.940230637 28.001540907
v -4.467751650 -14.908466144 28.130612625
v -4.467751650 -14.908466144 28.130612625
v -4.256288590 -13.639504698 27.940636730
v -4.509309384 -14.963580083 28.007699631
v -4.256288590 -13.639504698 27.940636730
v -4.543038252 -13.848216375 28.073525053
v -4.256288590 -13.639504698 27.940636730
v -4.148618541 -13.896903436 27.972100824
v -4.631776689 -13.830646495 28.096997278
v -4.573497125 -14.077919434 28.089616458
v -4.706391380 -13.147555842 27.111954704
v -4.609858139 -13.369991990 28.140911656
v -4.609858139 -13.369991990 28.140911656
v -4.706391380 -13.147555842 27.111954704
v -4.728263985 -13.450207162 27.233239930
v -4.614273610 -13.715147654 28.067587957
v -4.706391380 -13.147555842 27.111954704
v -4.177677326 -12.729939765 27.983921182
v -3.710402826 -12.236921635 28.290364981
v -4.614273610 -13.715147654 28.067587957
v -4.614273610 -13.715147654 28.067587957
v -4.631776689 -13.830646495 28.096997278
v -4.631776689 -13.830646495 28.096997278
v -4.573497125 -14.077919434 28.089616458
v -4.573497125 -14.077919434 28.089616458
v -4.543038252 -13.848216375 28.073525053
v -4.592638463 -13.479295136 28.135593997
v -4.600723051 -13.365229628 28.142566520
v -4.625383779 -14.615465281 27.989166130
v -4.625383779 -14.615465281 27.989166130
v -4.728263985 -13.450207162 27.233239930
v -5.536349134 -14.326552013 27.256593890
v -4.625383779 -14.615465281 27.989166130
v -4.677973078 -14.940230637 28.001540907
v -4.509309384 -14.963580083 28.007699631
v -4.350835163 -13.459367194 27.934765353
v -4.256288590 -13.639504698 27.940636730
v -4.256288590 -13.639504698 27.940636730
v -4.543038252 -13.848216375 28.073525053
v -4.631776689 -13.830646495 28.096997278
v -4.728263985 -13.450207162 27.233239930
v -4.614273610 -13.715147654 28.067587957
v -4.177677326 -12.729939765 27.983921182
v -4.713076925 -13.139451130 27.224477369
v -4.728263985 -13.450207162 27.233239930
v -4.607334635 -12.459400730 28.843606709
v -4.713076925 -13.139451130 27.224477369
v -4.713076925 -13.139451130 27.224477369
v -6.621734777 -12.608719756 26.921437126
v -5.812533251 -14.283102312 27.259129793
v -4.609858139 -13.369991990 28.140911656
v -5.536349134 -14.326552013 27.256593890
v -5.536349134 -14.326552013 27.256593890
v -4.694952752 -13.423370555 27.088703090
v -4.723076251 -13.610499096 27.185666185
v -5.536349134 -14.326552013 27.256593890
v -5.536349134 -14.326552013 27.256593890
v -4.694952752 -13.423370555 27.088703090
v -4.711055604 -13.814840016 27.230391568
v -4.746558334 -13.933070022 27.237905602
v -4.746558334 -13.933070022 27.237905602
v -4.746558334 -13.933070022 27.237905602
v -4.631776689 -13.830646495 28.096997278
v -4.692783799 -13.509766143 27.145376706
v -4.592638463 -13.479295136 28.135593997
v -4.614273610 -13.715147654 28.067587957
v -5.536349134 -14.326552013 27.256593890
v -6.106570534 -13.713604396 29.714550656
v -5.691757205 -14.256179504 30.343705773
v -5.922610646 -13.853237017 30.144415663
v -6.829684827 -13.533561573 29.256930775
v -6.986936311 -13.601468415 29.979299817
v -6.829684827 -13.533561573 29.256930775
v -3.904372701 -14.743170565 28.117026938
v -3.684848278 -15.208662976 28.214662226
v -3.867035628 -18.196530429 28.182262287
v -4.061955711 -17.013892576 28.129230426
v -7.003645180 -14.039276198 29.556338748
v -6.493169818 -14.222965368 29.635366204
v -6.352642315 -13.200317602 29.132036612
v -6.352642315 -13.200317602 29.132036612
v -7.460571191 -10.579126628 28.980105245
v -6.978795666 -12.987675327 29.129928167
v -3.498857309 -18.597690698 28.320789131
v -3.529521218 -18.294144098 28.311527195
v -4.573497125 -14.077919434 28.089616458
v -4.694952752 -13.423370555 27.088703090
v -4.600723051 -13.365229628 28.142566520
v -4.711055604 -13.814840016 27.230391568
v -5.659328228 -13.792814635 29.780666589
v -5.808934639 -14.272736738 29.927590752
v -5.667047824 -14.842858778 29.800529996
v -5.898680051 -14.223092953 29.920298467
v -5.898680051 -14.223092953 29.920298467
v -5.898680051 -14.223092953 29.920298467
v -5.709989943 -14.470185547 30.026182470
v -5.659328228 -13.792814635 29.780666589
v -5.659328228 -13.792814635 29.780666589
v -5.659328228 -13.792814635 29.780666589
v -5.922610646 -13.853237017 30.144415663
v -5.659328228 -13.792814635 29.780666589
v -5.909467719 -13.313294484 30.343602927
v -6.158071667 -14.744712144 29.755235960
v -6.158071667 -14.744712144 29.755235960
v -6.158071667 -14.744712144 29.755235960
v -5.954392772 -13.540759182 30.367825672
v -6.493169818 -14.222965368 29.635366204
v -6.493169818 -14.222965368 29.635366204
v -6.829684827 -13.533561573 29.256930775
v -6.829684827 -13.533561573 29.256930775
v -7.012028430 -13.820706131 29.250396766
v -7.003645180 -14.039276198 29.556338748
v -6.976554803 -13.402703368 30.091335619
v -6.976554803 -13.402703368 30.091335619
v -6.891210703 -13.713970754 30.000096051
v -6.976554803 -13.402703368 30.091335619
v -6.782720438 -13.919284249 30.079115378
v -6.714018005 -13.637818851 30.112200813
v -6.891210703 -13.713970754 30.000096051
v -6.931537005 -13.595882589 29.990103735
v -7.037944778 -13.451790535 30.073371273
v -5.954392772 -13.540759182 30.367825672
v -6.554346967 -12.752764039 30.239226536
v -6.197131244 -12.240800570 30.357806782
v -6.436573558 -12.555490047 30.230262623
v -6.197131244 -12.240800570 30.357806782
v -5.921702085 -11.655527701 30.544713619
v -6.074264709 -12.252158310 30.398805384
v -6.266277049 -11.910019298 30.498921685
v -5.878951070 -11.889359762 30.533749625
v -5.878951070 -11.889359762 30.533749625
v -5.908695119 -12.699264601 30.318787104
v -6.657056191 -12.429440245 29.207891828
v -7.000679078 -13.051200435 29.436182315
v -6.714973060 -12.681615051 30.182505866
v -6.685439388 -12.478829091 30.243114865
v -7.029205533 -13.067932777 29.482588109
v -6.576456193 -14.352013355 30.184749939
v -6.164270170 -14.781684351 30.346321483
v -6.191639470 -14.781407946 30.330092423
v -7.088673452 -13.405008899 29.512898023
v -6.031048985 -12.393007680 30.315627169
v -6.073062919 -12.431897049 30.312296680
v -6.986705548 -13.061130770 29.499594419
v -6.657056191 -12.429440245 29.207891828
v -7.174084087 -13.200383515 29.395088089
v -7.029205533 -13.067932777 29.482588109
v -7.029205533 -13.067932777 29.482588109
v -7.195044354 -13.016067284 29.259605627
v -6.980280461 -12.970404418 29.083653504
v -5.913412240 -18.082429121 30.525075852
v -6.030655516 -18.219921684 30.353359560
v -5.913412240 -18.082429121 30.525075852
v -5.915697663 -17.484997286 30.631182244
v -5.923719412 -18.410297834 30.417805279
v -5.915697663 -17.484997286 30.631182244
v -5.915697663 -17.484997286 30.631182244
v -5.913412240 -18.082429121 30.525075852
v -5.915697663 -17.484997286 30.631182244
v -5.913412240 -18.082429121 30.525075852
v -5.913412240 -18.082429121 30.525075852
v -6.030655516 -18.219921684 30.353359560
v -5.915697663 -17.484997286 30.631182244
v -5.913412240 -18.082429121 30.525075852
v -5.915697663 -17.484997286 30.631182244
v -5.915697663 -17.484997286 30.631182244
v -5.871182366 -17.188692320 30.738197002
v -5.913412240 -18.082429121 30.525075852
v -5.915697663 -17.484997286 30.631182244
v -5.510382234 -17.336467704 30.787064202
v -5.915697663 -17.484997286 30.631182244
v -5.915697663 -17.484997286 30.631182244
v -5.915697663 -17.484997286 30.631182244
v -5.913412240 -18.082429121 30.525075852
v -5.915697663 -17.484997286 30.631182244
v -5.913412240 -18.082429121 30.525075852
v -5.923719412 -18.410297834 30.417805279
v -5.913412240 -18.082429121 30.525075852
v -5.915697663 -17.484997286 30.631182244
v -5.787933767 -17.819877480 30.689263253
v -6.190135093 -18.639265418 30.244044103
v -5.646829754 -19.000833278 30.385862246
v -5.646829754 -19.000833278 30.385862246
v -5.646829754 -19.000833278 30.385862246
v -6.190135093 -18.639265418 30.244044103
v -5.923719412 -18.410297834 30.417805279
v -5.923719412 -18.410297834 30.417805279
v -5.853280377 -19.121400000 30.114800000
v -5.853280377 -19.121400000 30.114800000
v -5.712777675 -18.879024656 30.260627580
v -5.712777675 -18.879024656 30.260627580
v -5.712777675 -18.879024656 30.260627580
v -5.874928387 -18.841305619 30.350359893
v -5.712777675 -18.879024656 30.260627580
v -5.923719412 -18.410297834 30.417805279
v -5.923719412 -18.410297834 30.417805279
v -6.190135093 -18.639265418 30.244044103
v -5.913412240 -18.082429121 30.525075852
v -5.923719412 -18.410297834 30.417805279
v -5.923719412 -18.410297834 30.417805279
v -5.931027918 -18.919952337 30.216913391
v -5.874928387 -18.841305619 30.350359893
v -5.874928387 -18.841305619 30.350359893
v -5.874928387 -18.841305619 30.350359893
v -5.712777675 -18.879024656 30.260627580
v -5.874928387 -18.841305619 30.350359893
v -5.712777675 -18.879024656 30.260627580
v -5.712777675 -18.879024656 30.260627580
v -5.874928387 -18.841305619 30.350359893
v -5.874928387 -18.841305619 30.350359893
v -5.915697663 -17.484997286 30.631182244
v -5.607041400 -12.672123711 29.627259621
v -4.945716574 -11.634761853 29.584666625
v -5.607041400 -12.672123711 29.627259621
v -5.797774632 -13.118383098 29.210070734
v -7.453265131 -9.278998667 28.348947759
v -7.385953738 -8.991066136 28.358571826
v -7.453265131 -9.278998667 28.348947759
v -7.453265131 -9.278998667 28.348947759
v -7.350815543 -8.781434942 28.225092074
v -7.350815543 -8.781434942 28.225092074
v -6.868115620 -7.719603324 28.694612818
v -7.385953738 -8.991066136 28.358571826
v -7.453265131 -9.278998667 28.348947759
v -6.514174801 -12.119518807 28.830649473
v -6.852958879 -10.126552739 28.897065261
v -7.008248970 -11.849955530 28.377956555
v -6.317200806 -10.908345140 28.998250666
v -7.371331991 -10.029002733 28.314213246
v -4.578782540 -9.938259969 29.991621603
v -6.871673553 -10.053408798 28.901675390
v -7.371331991 -10.029002733 28.314213246
v -5.866691490 -7.438364821 28.981062141
v -5.977081368 -7.385795950 28.724083828
v -6.390316314 -7.226137670 28.753412651
v -6.364002154 -7.258257696 28.835628907
v -6.993947751 -9.284333968 29.109393870
v -4.013835845 -9.782462427 31.049983917
v -4.013835845 -9.782462427 31.049983917
v -6.798650458 -9.200203659 29.421931980
v -4.835745225 -9.166505709 29.915033290
v -6.214438123 -7.733782822 29.050213793
v -6.436134946 -7.702847976 29.039530647
v -6.868115620 -7.719603324 28.694612818
v -6.778879234 -7.751787532 28.775128857
v -6.529070566 -8.075010155 29.218623756
v -5.586269325 -8.399440884 29.382612148
v -5.616191745 -8.170661435 29.353513237
v -6.634000743 -8.041630643 29.088390729
v -4.750405401 -10.326825237 30.029879006
v -6.786927852 -8.379905824 29.338149245
v -6.817376529 -8.682198580 29.341769916
v -4.519470273 -10.435953355 30.275275461
v -4.409376820 -10.760357763 30.448663290
v -7.371331991 -10.029002733 28.314213246
v -7.371331991 -10.029002733 28.314213246
v -7.371331991 -10.029002733 28.314213246
v -5.977081368 -7.385795950 28.724083828
v -6.357426664 -7.134292649 28.823382823
v -5.917328298 -7.140516633 28.981446548
v -5.977081368 -7.385795950 28.724083828
v -6.515250100 -9.834917153 29.410148663
v -6.615902641 -9.972027204 29.295573845
v -6.871673553 -10.053408798 28.901675390
v -6.871673553 -10.053408798 28.901675390
v -6.156128236 -9.446729631 29.695902097
v -7.371331991 -10.029002733 28.314213246
v -6.417827631 -8.889859348 29.766549856
v -6.518734154 -8.612602471 29.677250690
v -6.515806070 -8.877305219 29.776737204
v -6.515806070 -8.877305219 29.776737204
v -5.977081368 -7.385795950 28.724083828
v -6.812062013 -8.802270962 29.273101839
v -6.817376529 -8.682198580 29.341769916
v -5.977081368 -7.385795950 28.724083828
v -6.798650458 -9.200203659 29.421931980
v -7.190850289 -8.864492045 28.974709828
v -7.453265131 -9.278998667 28.348947759
v -7.453265131 -9.278998667 28.348947759
v -7.453265131 -9.278998667 28.348947759
v -7.453265131 -9.278998667 28.348947759
v -6.852958879 -10.126552739 28.897065261
v -7.453265131 -9.278998667 28.348947759
v -7.453265131 -9.278998667 28.348947759
v -6.852958879 -10.126552739 28.897065261
v -6.514174801 -12.119518807 28.830649473
v -6.280244739 -9.956791950 29.813508789
v -7.339095498 -8.945014455 28.365389266
v -7.246852880 -8.963522320 28.938344999
v -6.817376529 -8.682198580 29.341769916
v -6.817376529 -8.682198580 29.341769916
v -6.817376529 -8.682198580 29.341769916
v -6.595131346 -8.825019729 29.770416576
v -4.013835845 -9.782462427 31.049983917
v -4.013835845 -9.782462427 31.049983917
v -4.834360884 -8.897482361 29.939386626
v -6.420021368 -7.126967183 28.688288303
v -5.586269325 -8.399440884 29.382612148
v -6.518734154 -8.612602471 29.677250690
v -4.750405401 -10.326825237 30.029879006
v -6.786927852 -8.379905824 29.338149245
v -4.750405401 -10.326825237 30.029879006
v -6.884483551 -7.876927465 28.707207021
v -5.586269325 -8.399440884 29.382612148
v -5.760885288 -7.799166719 29.133104384
v -4.834360884 -8.897482361 29.939386626
v -6.868115620 -7.719603324 28.694612818
v -5.586269325 -8.399440884 29.382612148
v -7.072888869 -8.329957714 28.800804448
v -7.190850289 -8.864492045 28.974709828
v -7.072888869 -8.329957714 28.800804448
v -7.246852880 -8.963522320 28.938344999
v -7.072888869 -8.329957714 28.800804448
v -5.616191745 -8.170661435 29.353513237
v -6.868115620 -7.719603324 28.694612818
v -4.609844723 -11.056184844 30.110945143
v -4.609844723 -11.056184844 30.110945143
v -4.609844723 -11.056184844 30.110945143
v -4.427852376 -10.903259232 30.445255667
v -4.532999853 -11.655537789 30.544710213
v -4.834360884 -8.897482361 29.939386626
v -4.439516318 -10.783969464 30.459124417
v -4.744683496 -9.532157957 29.910693385
v -4.500296607 -10.489674244 30.277224386
v -4.412058504 -10.914784490 30.435187068
v -4.609844723 -11.056184844 30.110945143
v -5.890953508 -7.555614743 28.661333238
v -5.552401907 -7.574892895 28.556099627
v -4.570934581 -10.252454511 30.095806624
v -4.503678148 -10.525626788 30.283181603
v -4.945716574 -11.634761853 29.584666625
v -5.839550768 -9.782462427 31.049983917
v -5.959693805 -9.358447525 30.326227137
v -5.837548117 -9.775937924 30.774146427
v -6.417827631 -8.889859348 29.766549856
v -6.417827631 -8.889859348 29.766549856
v -5.837548117 -9.775937924 30.774146427
v -6.515806070 -8.877305219 29.776737204
v -6.417827631 -8.889859348 29.766549856
v -6.786927852 -8.379905824 29.338149245
v -6.616410415 -8.838239728 29.398600577
v -7.236468594 -9.007536854 28.909340175
v -6.957447229 -8.215226689 28.905126808
v -7.072888869 -8.329957714 28.800804448
v -7.190850289 -8.864492045 28.974709828
v -7.190850289 -8.864492045 28.974709828
v -4.575068612 -8.709422203 30.279729330
v -7.246852880 -8.963522320 28.938344999
v -4.480616878 -8.477520000 30.494085764
v -7.028006188 -8.204643005 28.880802131
v -6.515806070 -8.877305219 29.776737204
v -6.417827631 -8.889859348 29.766549856
v -5.890953508 -7.555614743 28.661333238
v -6.884483551 -7.876927465 28.707207021
v -5.719161456 -7.717095794 29.104510301
v -6.357426664 -7.134292649 28.823382823
v -7.211137086 -8.014384494 28.314440319
v -7.453265131 -9.278998667 28.348947759
v -7.371331991 -10.029002733 28.314213246
v -7.453265131 -9.278998667 28.348947759
v -7.371331991 -10.029002733 28.314213246
v -7.453265131 -9.278998667 28.348947759
v -6.832412032 -10.006141480 28.904959317
v -6.871673553 -10.053408798 28.901675390
v -7.371331991 -10.029002733 28.314213246
v -6.478765769 -7.126793736 28.682958061
v -4.835745225 -9.166505709 29.915033290
v -6.074264709 -12.252158310 30.398805384
v -6.651850022 -12.262424285 29.908200000
v -6.714973060 -12.681615051 30.182505866
v -6.714973060 -12.681615051 30.182505866
v -6.560767163 -14.713860024 30.203782187
v -6.266277049 -11.910019298 30.498921685
v -6.883080417 -11.927502578 29.853299692
v -6.651850022 -12.262424285 29.908200000
v -6.335146142 -10.065514911 29.822447108
v -7.012028430 -13.820706131 29.250396766
v -7.012028430 -13.820706131 29.250396766
v -6.307811949 -9.878507491 29.761072358
v -6.493169818 -14.222965368 29.635366204
v -7.003645180 -14.039276198 29.556338748
v -6.555258762 -14.273424345 30.116523280
v -6.483128888 -9.850092768 29.526232120
v -6.576456193 -14.352013355 30.184749939
v -6.811399065 -10.132822244 29.429849962
v -7.003645180 -14.039276198 29.556338748
v -7.003645180 -14.039276198 29.556338748
v -6.879663823 -14.001847084 29.916215454
v -6.903422101 -14.314646807 29.914360366
v -6.903422101 -14.314646807 29.914360366
v -6.903422101 -14.314646807 29.914360366
v -6.903422101 -14.314646807 29.914360366
v -6.280244739 -9.956791950 29.813508789
v -6.377836589 -10.134457416 29.709732565
v -6.398486926 -10.309188561 29.572276355
v -6.688796052 -10.826554600 29.793531446
v -6.882677783 -10.480066671 29.416174635
v -6.849977611 -10.620961458 29.601608240
v -6.883080417 -11.927502578 29.853299692
v -6.598934341 -12.009836270 29.250570211
v -6.883080417 -11.927502578 29.853299692
v -6.853264450 -11.814774920 29.893900968
v -6.236974270 -11.665958346 30.486200000
v -6.173225481 -10.875049154 30.416341441
v -6.044624919 -11.492389993 30.525531171
v -6.164760782 -10.914558340 30.425034478
v -6.958863180 -10.952060818 29.755599133
v -6.164760782 -10.914558340 30.425034478
v -6.958863180 -10.952060818 29.755599133
v -7.075060514 -13.079057925 29.427017029
v -6.505319374 -11.379139647 29.869820486
v -6.903422101 -14.314646807 29.914360366
v -6.903422101 -14.314646807 29.914360366
v -6.236974270 -11.665958346 30.486200000
v -7.088673452 -13.405008899 29.512898023
v -6.903422101 -14.314646807 29.914360366
v -7.003645180 -14.039276198 29.556338748
v -7.089720392 -13.162308142 29.447367390
v -6.903422101 -14.314646807 29.914360366
v -6.134396501 -10.824550768 30.466100787
v -6.400328080 -10.793745542 29.718333348
v -6.400328080 -10.793745542 29.718333348
v -6.888933567 -10.488673292 29.417177996
v -6.487618416 -11.305855798 29.830411271
v -6.853264450 -11.814774920 29.893900968
v -7.150552572 -13.314684000 29.467158716
v -7.049573368 -14.148083517 29.443304578
v -7.003645180 -14.039276198 29.556338748
v -6.826122386 -14.437286144 30.042019678
v -6.569402766 -10.295430858 29.493986634
v -6.807974044 -10.999072172 29.793467357
v -6.615769619 -11.481873096 29.627649854
v -6.853264450 -11.814774920 29.893900968
v -6.651850022 -12.262424285 29.908200000
v -7.222181811 -13.365867614 29.458174935
v -7.088673452 -13.405008899 29.512898023
v -6.398486926 -10.309188561 29.572276355
v -6.829085202 -11.901279178 29.880252798
v -6.173225481 -10.875049154 30.416341441
v -6.152815956 -10.780342694 30.444492894
v -6.045463752 -10.155750783 30.389456705
v -7.012028430 -13.820706131 29.250396766
v -5.866691490 -7.438364821 28.981062141
v -5.866691490 -7.438364821 28.981062141
v -5.866691490 -7.438364821 28.981062141
v -5.719161456 -7.717095794 29.104510301
v -5.866691490 -7.438364821 28.981062141
v -5.866691490 -7.438364821 28.981062141
v -5.866691490 -7.438364821 28.981062141
v -5.866691490 -7.438364821 28.981062141
v -5.977081368 -7.385795950 28.724083828
v -5.866691490 -7.438364821 28.981062141
v -5.918086160 -7.542716067 28.745097120
v -5.918086160 -7.542716067 28.745097120
v -5.977081368 -7.385795950 28.724083828
v -5.890953508 -7.555614743 28.661333238
v -6.364002154 -7.258257696 28.835628907
v -6.364002154 -7.258257696 28.835628907
v -5.977081368 -7.385795950 28.724083828
v -6.357426664 -7.134292649 28.823382823
v -7.012028430 -13.820706131 29.250396766
v -5.607041400 -12.672123711 29.627259621
v -7.049573368 -14.148083517 29.443304578
v -6.903422101 -14.314646807 29.914360366
v -7.003645180 -14.039276198 29.556338748
v -6.879663823 -14.001847084 29.916215454
v -5.719161456 -7.717095794 29.104510301
v -5.719161456 -7.717095794 29.104510301
v -5.918086160 -7.542716067 28.745097120
v -5.719161456 -7.717095794 29.104510301
v -5.918086160 -7.542716067 28.745097120
v -5.639041065 -7.483602921 29.050460411
v -5.918086160 -7.542716067 28.745097120
v -5.639041065 -7.483602921 29.050460411
v -5.918086160 -7.542716067 28.745097120
v -5.918086160 -7.542716067 28.745097120
v -5.719161456 -7.717095794 29.104510301
v -5.719161456 -7.717095794 29.104510301
v -5.841652954 -7.566454175 29.144792971
v -5.944099206 -7.569046175 29.174682474
v -5.586269325 -8.399440884 29.382612148
v -5.719161456 -7.717095794 29.104510301
v -4.834360884 -8.897482361 29.939386626
v -5.586269325 -8.399440884 29.382612148
v -6.420021368 -7.126967183 28.688288303
v -6.420021368 -7.126967183 28.688288303
v -6.441008447 -7.127538536 28.683010426
v -5.866691490 -7.438364821 28.981062141
v -5.784494363 -13.251540991 29.146196794
v -5.797774632 -13.118383098 29.210070734
v -5.784494363 -13.251540991 29.146196794
v -5.607041400 -12.672123711 29.627259621
v -7.003645180 -14.039276198 29.556338748
v -6.852958879 -10.126552739 28.897065261
v -5.871182366 -17.188692320 30.738197002
v -5.915697663 -17.484997286 30.631182244
v -5.871182366 -17.188692320 30.738197002
v -5.915697663 -17.484997286 30.631182244
v -5.510382234 -17.336467704 30.787064202
v -5.874928387 -18.841305619 30.350359893
v -5.874928387 -18.841305619 30.350359893
v -5.853280377 -19.121400000 30.114800000
v -5.923719412 -18.410297834 30.417805279
v -5.923719412 -18.410297834 30.417805279
v -5.712777675 -18.879024656 30.260627580
v -5.923719412 -18.410297834 30.417805279
v -5.923719412 -18.410297834 30.417805279
v -6.030655516 -18.219921684 30.353359560
v -5.913412240 -18.082429121 30.525075852
v -5.915697663 -17.484997286 30.631182244
v -5.913412240 -18.082429121 30.525075852
v -6.030655516 -18.219921684 30.353359560
v -5.923719412 -18.410297834 30.417805279
v -5.923719412 -18.410297834 30.417805279
v -5.913412240 -18.082429121 30.525075852
v -5.913412240 -18.082429121 30.525075852
v -6.030655516 -18.219921684 30.353359560
v -5.915697663 -17.484997286 30.631182244
v -6.030655516 -18.219921684 30.353359560
v -5.913412240 -18.082429121 30.525075852
v -6.030655516 -18.219921684 30.353359560
v -5.944099206 -7.569046175 29.174682474
v -7.385953738 -8.991066136 28.358571826
v -7.397473003 -9.119686136 28.362038181
v -7.397473003 -9.119686136 28.362038181
v -7.397473003 -9.119686136 28.362038181
v -7.385953738 -8.991066136 28.358571826
v -7.385953738 -8.991066136 28.358571826
v -7.385953738 -8.991066136 28.358571826
v -7.385953738 -8.991066136 28.358571826
v -7.453265131 -9.278998667 28.348947759
v -6.034358608 -7.621088091 29.256933485
v -7.453265131 -9.278998667 28.348947759
v -6.317200806 -10.908345140 28.998250666
v -4.945716574 -11.634761853 29.584666625
v -4.945716574 -11.634761853 29.584666625
v -4.945716574 -11.634761853 29.584666625
v -6.514174801 -12.119518807 28.830649473
v -5.797774632 -13.118383098 29.210070734
v -7.218371338 -10.795673415 28.274539733
v -5.409114233 -11.030483868 29.462451197
v -5.409114233 -11.030483868 29.462451197
v -6.028347268 -12.587142890 28.792920002
v -6.514174801 -12.119518807 28.830649473
v -7.291175184 -11.261359897 28.360669736
v -6.617175765 -12.511037459 28.798832993
v -5.797774632 -13.118383098 29.210070734
v -6.176542795 -13.299714005 29.062056855
v -6.045463752 -10.155750783 30.389456705
v -6.045463752 -10.155750783 30.389456705
v -7.453265131 -9.278998667 28.348947759
v -7.453265131 -9.278998667 28.348947759
v -7.453265131 -9.278998667 28.348947759
v -7.339095498 -8.945014455 28.365389266
v -7.153067987 -7.852642349 28.326062858
v -7.453265131 -9.278998667 28.348947759
v -6.441008447 -7.127538536 28.683010426
v -7.453265131 -9.278998667 28.348947759
v -6.478765769 -7.126793736 28.682958061
v -7.210201665 -9.021742295 28.924315544
v -6.993947751 -9.284333968 29.109393870
v -4.519470273 -10.435953355 30.275275461
v -6.156128236 -9.446729631 29.695902097
v -7.008248970 -11.849955530 28.377956555
v -6.352642315 -13.200317602 29.132036612
v -6.176542795 -13.299714005 29.062056855
v -6.617175765 -12.511037459 28.798832993
v -6.662856628 -10.005084761 29.217412349
v -5.866691490 -7.438364821 28.981062141
v -6.812062013 -8.802270962 29.273101839
v -6.798650458 -9.200203659 29.421931980
v -6.798650458 -9.200203659 29.421931980
v -6.798650458 -9.200203659 29.421931980
v -6.548386483 -12.672433483 29.138554361
v -7.453265131 -9.278998667 28.348947759
v -7.453265131 -9.278998667 28.348947759
v -7.397473003 -9.119686136 28.362038181
v -6.617175765 -12.511037459 28.798832993
v -6.280244739 -9.956791950 29.813508789
v -6.548386483 -12.672433483 29.138554361
v -6.654229484 -11.387613970 28.203751603
v -6.784812774 -10.027172912 28.919808381
v -4.754700490 -10.221231511 30.016323525
v -6.680159040 -9.989232631 29.211474557
v -5.607041400 -12.672123711 29.627259621
v -5.607041400 -12.672123711 29.627259621
v -5.918086160 -7.542716067 28.745097120
v -6.415504800 -7.287464782 28.872982210
v -6.357426664 -7.134292649 28.823382823
v -6.357426664 -7.134292649 28.823382823
v -7.397473003 -9.119686136 28.362038181
v -6.390316314 -7.226137670 28.753412651
v -6.357426664 -7.134292649 28.823382823
v -5.977081368 -7.385795950 28.724083828
v -5.977081368 -7.385795950 28.724083828
v -5.977081368 -7.385795950 28.724083828
v -5.977081368 -7.385795950 28.724083828
v -5.977081368 -7.385795950 28.724083828
v -6.364002154 -7.258257696 28.835628907
v -5.977081368 -7.385795950 28.724083828
v -5.977081368 -7.385795950 28.724083828
v -6.390316314 -7.226137670 28.753412651
v -6.364002154 -7.258257696 28.835628907
v -7.291175184 -11.261359897 28.360669736
v -6.598934341 -12.009836270 29.250570211
v -5.418421867 -13.086199548 29.677652316
v -5.607041400 -12.672123711 29.627259621
v -7.460571191 -10.579126628 28.980105245
v -5.607041400 -12.672123711 29.627259621
v -7.246852880 -8.963522320 28.938344999
v -6.884483551 -7.876927465 28.707207021
v -4.690317354 -8.898425338 29.919708143
v -7.159173328 -9.672288957 28.233157991
v -4.737163809 -8.865579489 30.243394779
v -4.013835845 -9.782462427 31.049983917
v -6.812062013 -8.802270962 29.273101839
v -7.227822414 -9.022839502 28.917724350
v -6.812062013 -8.802270962 29.273101839
v -6.993947751 -9.284333968 29.109393870
v -6.920833825 -9.299918712 29.148768663
v -6.735354691 -9.173114617 29.412463217
v -7.063479464 -9.348855684 28.999242557
v -7.159173328 -9.672288957 28.233157991
v -7.453265131 -9.278998667 28.348947759
v -7.159173328 -9.672288957 28.233157991
v -7.405471370 -9.611651629 28.873153820
v -7.269818848 -9.393768907 28.238370326
v -7.405471370 -9.611651629 28.873153820
v -7.371331991 -10.029002733 28.314213246
v -6.832412032 -10.006141480 28.904959317
v -7.405471370 -9.611651629 28.873153820
v -6.587180374 -9.611629979 29.041931780
v -6.614673041 -9.595826961 29.010161480
v -6.156128236 -9.446729631 29.695902097
v -6.614673041 -9.595826961 29.010161480
v -6.102293447 -9.340194875 29.687080563
v -4.599085301 -9.263313893 30.379351253
v -4.409376820 -10.760357763 30.448663290
v -5.791030783 -9.122051318 30.948101465
v -4.599085301 -9.263313893 30.379351253
v -6.587180374 -9.611629979 29.041931780
v -6.812062013 -8.802270962 29.273101839
v -6.817376529 -8.682198580 29.341769916
v -7.227822414 -9.022839502 28.917724350
v -6.135965926 -9.406233799 29.733079581
v -6.832412032 -10.006141480 28.904959317
v -7.453265131 -9.278998667 28.348947759
v -7.246852880 -8.963522320 28.938344999
v -4.631857671 -8.553121257 30.203750768
v -4.624628134 -8.392277464 30.312918040
v -4.631857671 -8.553121257 30.203750768
v -4.701165036 -8.511346745 30.172658415
v -4.620775348 -8.454510505 30.336330018
v -4.546310579 -8.753147453 30.308374816
v -4.734815671 -8.485388519 29.922498353
v -4.734815671 -8.485388519 29.922498353
v -4.734815671 -8.485388519 29.922498353
v -4.734815671 -8.485388519 29.922498353
v -6.993947751 -9.284333968 29.109393870
v -4.734815671 -8.485388519 29.922498353
v -5.905037850 -8.867212707 29.565810415
v -4.503678148 -10.525626788 30.283181603
v -4.538965182 -10.528870456 30.293339435
v -4.734815671 -8.485388519 29.922498353
v -5.825010369 -8.641452517 29.485837778
v -4.593319595 -8.512262433 30.362833368
v -5.586269325 -8.399440884 29.382612148
v -5.616191745 -8.170661435 29.353513237
v -4.496509953 -8.759823288 30.587689614
v -6.719238141 -7.581710633 28.931913059
v -5.704001621 -7.751801319 29.341027353
v -6.481537181 -7.212815821 28.869683181
v -6.214438123 -7.733782822 29.050213793
v -6.415504800 -7.287464782 28.872982210
v -6.436134946 -7.702847976 29.039530647
v -5.959693805 -9.358447525 30.326227137
v -5.804676899 -9.132884666 30.776456029
v -6.391453374 -7.671312878 29.021454395
v -5.616191745 -8.170661435 29.353513237
v -5.616191745 -8.170661435 29.353513237
v -6.719238141 -7.581710633 28.931913059
v -4.734815671 -8.485388519 29.922498353
v -5.732965668 -8.027150000 29.351667692
v -4.699641706 -9.032878076 29.979653708
v -5.837548117 -9.775937924 30.774146427
v -4.756595977 -8.762342037 29.964409855
v -4.565027376 -9.989212484 30.395670302
v -4.345896429 -8.632345473 30.541628576
v -4.343291351 -8.763313620 30.580812138
v -4.330460419 -9.332086401 30.740224933
v -4.466640277 -8.878484484 30.624998533
v -4.013835845 -9.782462427 31.049983917
v -4.013835845 -9.782462427 31.049983917
v -4.013835845 -9.782462427 31.049983917
v -4.713026450 -9.546217475 29.931244093
v -4.295723264 -9.507329307 30.578903431
v -4.330460419 -9.332086401 30.740224933
v -4.623047245 -9.923421185 29.963783157
v -6.884483551 -7.876927465 28.707207021
v -6.300798112 -8.460885381 29.292633406
v -6.481537181 -7.212815821 28.869683181
v -6.420021368 -7.126967183 28.688288303
v -6.197588930 -8.422444755 29.587846596
v -4.578782540 -9.938259969 29.991621603
v -6.719238141 -7.581710633 28.931913059
v -6.415504800 -7.287464782 28.872982210
v -6.719238141 -7.581710633 28.931913059
v -6.719238141 -7.581710633 28.931913059
v -6.415504800 -7.287464782 28.872982210
v -6.357426664 -7.134292649 28.823382823
v -6.390316314 -7.226137670 28.753412651
v -4.737163809 -8.865579489 30.243394779
v -4.887113350 -9.050336238 29.967578964
v -4.565027376 -9.989212484 30.395670302
v -4.013835845 -9.782462427 31.049983917
v -4.013835845 -9.782462427 31.049983917
v -4.887113350 -9.050336238 29.967578964
v -6.391453374 -7.671312878 29.021454395
v -4.532999853 -11.655537789 30.544710213
v -6.415504800 -7.287464782 28.872982210
v -4.748605310 -8.808350297 30.218132064
v -4.740244964 -8.731477633 30.185321192
v -5.837548117 -9.775937924 30.774146427
v -4.409376820 -10.760357763 30.448663290
v -4.330460419 -9.332086401 30.740224933
v -3.983546751 -9.639168303 31.004346778
v -4.330460419 -9.332086401 30.740224933
v -4.295723264 -9.507329307 30.578903431
v -4.578782540 -9.938259969 29.991621603
v -5.586269325 -8.399440884 29.382612148
v -4.744683496 -9.532157957 29.910693385
v -7.453265131 -9.278998667 28.348947759
v -7.211137086 -8.014384494 28.314440319
v -7.397473003 -9.119686136 28.362038181
v -5.552401907 -7.574892895 28.556099627
v -7.397473003 -9.119686136 28.362038181
v -7.397473003 -9.119686136 28.362038181
v -4.754700490 -10.221231511 30.016323525
v -4.427852376 -10.903259232 30.445255667
v -4.945716574 -11.634761853 29.584666625
v -5.797774632 -13.118383098 29.210070734
v -5.607041400 -12.672123711 29.627259621
v -6.435304670 -9.763649772 29.402905880
v -4.752403378 -10.369383602 29.971543002
v -4.945716574 -11.634761853 29.584666625
v -6.156128236 -9.446729631 29.695902097
v -4.648125138 -10.980563365 30.106749976
v -4.648125138 -10.980563365 30.106749976
v -4.439516318 -10.783969464 30.459124417
v -4.713026450 -9.546217475 29.931244093
v -6.390316314 -7.226137670 28.753412651
v -4.552978441 -10.456209268 30.286125461
v -4.609844723 -11.056184844 30.110945143
v -4.648125138 -10.980563365 30.106749976
v -4.648125138 -10.980563365 30.106749976
v -4.632465317 -11.036185883 30.097410881
v -4.632465317 -11.036185883 30.097410881
v -4.538965182 -10.528870456 30.293339435
v -4.578782540 -9.938259969 29.991621603
v -4.648125138 -10.980563365 30.106749976
v -4.439516318 -10.783969464 30.459124417
v -4.539395712 -10.532446808 30.291243888
v -4.713026450 -9.546217475 29.931244093
v -6.478765769 -7.126793736 28.682958061
v -6.157907954 -8.239281388 29.509822599
v -6.765676300 -7.799520920 28.975587098
v -6.627188877 -8.399337644 29.331393009
v -4.754700490 -10.221231511 30.016323525
v -5.760885288 -7.799166719 29.133104384
v -7.350815543 -8.781434942 28.225092074
v -7.385953738 -8.991066136 28.358571826
v -7.028006188 -8.204643005 28.880802131
v -7.190850289 -8.864492045 28.974709828
v -7.210201665 -9.021742295 28.924315544
v -6.993947751 -9.284333968 29.109393870
v -6.812062013 -8.802270962 29.273101839
v -7.063479464 -9.348855684 28.999242557
v -7.453265131 -9.278998667 28.348947759
v -7.453265131 -9.278998667 28.348947759
v -7.453265131 -9.278998667 28.348947759
v -7.453265131 -9.278998667 28.348947759
v -7.159173328 -9.672288957 28.233157991
v -7.453265131 -9.278998667 28.348947759
v -5.586269325 -8.399440884 29.382612148
v -7.063479464 -9.348855684 28.999242557
v -4.384426643 -9.728531611 30.660844980
v -4.439516318 -10.783969464 30.459124417
v -5.791030783 -9.122051318 30.948101465
v -4.835745225 -9.166505709 29.915033290
v -4.048709713 -9.132884666 30.776456029
v -3.983546751 -9.639168303 31.004346778
v -4.384426643 -9.728531611 30.660844980
v -4.330460419 -9.332086401 30.740224933
v -4.343291351 -8.763313620 30.580812138
v -4.345896429 -8.632345473 30.541628576
v -4.496509953 -8.759823288 30.587689614
v -4.013835845 -9.782462427 31.049983917
v -4.048709713 -9.132884666 30.776456029
v -4.508338743 -9.691750273 30.484098793
v -5.959693805 -9.358447525 30.326227137
v -5.837548117 -9.775937924 30.774146427
v -5.959693805 -9.358447525 30.326227137
v -4.734815671 -8.485388519 29.922498353
v -4.013835845 -9.782462427 31.049983917
v -7.041974509 -13.977742246 29.952930740
v -7.041974509 -13.977742246 29.952930740
v -7.003645180 -14.039276198 29.556338748
v -7.018936561 -13.754590778 29.950267840
v -6.969554599 -14.513300530 29.931688162
v -6.969554599 -14.513300530 29.931688162
v -6.969554599 -14.513300530 29.931688162
v -6.969554599 -14.513300530 29.931688162
v -7.003645180 -14.039276198 29.556338748
v -7.003645180 -14.039276198 29.556338748
v -7.003645180 -14.039276198 29.556338748
v -6.969554599 -14.513300530 29.931688162
v -6.986940950 -14.681831391 29.989899129
v -6.969554599 -14.513300530 29.931688162
v -7.222181811 -13.365867614 29.458174935
v -6.969554599 -14.513300530 29.931688162
v -6.969554599 -14.513300530 29.931688162
v -7.222181811 -13.365867614 29.458174935
v -7.222181811 -13.365867614 29.458174935
v -6.969554599 -14.513300530 29.931688162
v -7.088673452 -13.405008899 29.512898023
v -6.969554599 -14.513300530 29.931688162
v -6.969554599 -14.513300530 29.931688162
v -6.969554599 -14.513300530 29.931688162
v -4.466640277 -8.878484484 30.624998533
v -4.013835845 -9.782462427 31.049983917
v -4.496509953 -8.759823288 30.587689614
v -4.466640277 -8.878484484 30.624998533
v -7.138395129 -13.991800000 29.335135633
v -7.049573368 -14.148083517 29.443304578
v -7.049573368 -14.148083517 29.443304578
v -7.003645180 -14.039276198 29.556338748
v -7.003645180 -14.039276198 29.556338748
v -7.049573368 -14.148083517 29.443304578
v -7.018936561 -13.754590778 29.950267840
v -6.879663823 -14.001847084 29.916215454
v -6.903422101 -14.314646807 29.914360366
v -6.903422101 -14.314646807 29.914360366
v -7.049573368 -14.148083517 29.443304578
v -6.903422101 -14.314646807 29.914360366
v -7.003645180 -14.039276198 29.556338748
v -7.003645180 -14.039276198 29.556338748
v -7.003645180 -14.039276198 29.556338748
v -6.903422101 -14.314646807 29.914360366
v -7.018936561 -13.754590778 29.950267840
v -7.003645180 -14.039276198 29.556338748
v -6.903422101 -14.314646807 29.914360366
v -6.986936311 -13.601468415 29.979299817
v -3.983546751 -9.639168303 31.004346778
v -4.734815671 -8.485388519 29.922498353
v -4.734815671 -8.485388519 29.922498353
v -4.887113350 -9.050336238 29.967578964
v -4.734815671 -8.485388519 29.922498353
v -4.756595977 -8.762342037 29.964409855
v -4.734815671 -8.485388519 29.922498353
v -4.330460419 -9.332086401 30.740224933
v -4.409275678 -8.936337239 30.640600878
v -4.502547819 -8.602092568 30.535857037
v -4.343291351 -8.763313620 30.580812138
v -4.496509953 -8.759823288 30.587689614
v -4.496509953 -8.759823288 30.587689614
v -4.508338743 -9.691750273 30.484098793
v -4.384426643 -9.728531611 30.660844980
v -4.496509953 -8.759823288 30.587689614
v -4.740244964 -8.731477633 30.185321192
v -7.453265131 -9.278998667 28.348947759
v -6.390316314 -7.226137670 28.753412651
v -5.959693805 -9.358447525 30.326227137
v -5.959693805 -9.358447525 30.326227137
v -5.931027918 -18.919952337 30.216913391
v -6.030655516 -18.219921684 30.353359560
v -5.874928387 -18.841305619 30.350359893
v -6.368316488 -18.187616779 30.282413268
v -5.874928387 -18.841305619 30.350359893
v -5.712777675 -18.879024656 30.260627580
v -5.712777675 -18.879024656 30.260627580
v -6.030655516 -18.219921684 30.353359560
v -5.931027918 -18.919952337 30.216913391
v -5.931027918 -18.919952337 30.216913391
v -5.931027918 -18.919952337 30.216913391
v -5.712777675 -18.879024656 30.260627580
v -5.712777675 -18.879024656 30.260627580
v -4.675750732 -8.581384267 30.122949877
v -4.570934581 -10.252454511 30.095806624
v -4.533422849 -10.155549761 30.389672681
v -4.554417445 -10.135028772 30.348644940
v -4.396272495 -10.865810521 30.429207445
v -4.737163809 -8.865579489 30.243394779
v -4.409376820 -10.760357763 30.448663290
v -5.791030783 -9.122051318 30.948101465
v -4.695572837 -8.911232794 30.264908170
v -5.874928387 -18.841305619 30.350359893
v -5.874928387 -18.841305619 30.350359893
v -5.874928387 -18.841305619 30.350359893
v -5.874928387 -18.841305619 30.350359893
v -5.874928387 -18.841305619 30.350359893
v -5.874928387 -18.841305619 30.350359893
v -5.931027918 -18.919952337 30.216913391
v -5.931027918 -18.919952337 30.216913391
v -5.931027918 -18.919952337 30.216913391
v -6.319966643 -18.519363116 30.198937961
v -5.874928387 -18.841305619 30.350359893
v -6.030655516 -18.219921684 30.353359560
v -6.030655516 -18.219921684 30.353359560
v -4.734815671 -8.485388519 29.922498353
v -4.565027376 -9.989212484 30.395670302
v -4.519804621 -9.727873477 30.230886241
v -4.536171968 -9.852909697 30.180477918
v -5.874928387 -18.841305619 30.350359893
v -5.874928387 -18.841305619 30.350359893
v -5.874928387 -18.841305619 30.350359893
v -5.874928387 -18.841305619 30.350359893
v -5.874928387 -18.841305619 30.350359893
v -5.874928387 -18.841305619 30.350359893
v -4.734815671 -8.485388519 29.922498353
v -4.624628134 -8.392277464 30.312918040
v -5.874928387 -18.841305619 30.350359893
v -5.874928387 -18.841305619 30.350359893
v -5.874928387 -18.841305619 30.350359893
v -5.874928387 -18.841305619 30.350359893
v -5.874928387 -18.841305619 30.350359893
v -5.874928387 -18.841305619 30.350359893
v -5.874928387 -18.841305619 30.350359893
v -5.874928387 -18.841305619 30.350359893
v -4.412058504 -10.914784490 30.435187068
v -4.624628134 -8.392277464 30.312918040
v -4.593319595 -8.512262433 30.362833368
v -4.412058504 -10.914784490 30.435187068
v -4.410072319 -11.492379905 30.525537984
v -4.412058504 -10.914784490 30.435187068
v -4.502547819 -8.602092568 30.535857037
v -4.410072319 -11.492379905 30.525537984
v -4.536492343 -8.451369538 30.353898644
v -4.502547819 -8.602092568 30.535857037
v -5.732965668 -8.027150000 29.351667692
v -4.480616878 -8.477520000 30.494085764
v -4.502547819 -8.602092568 30.535857037
v -4.345896429 -8.632345473 30.541628576
v -4.480616878 -8.477520000 30.494085764
v -4.427852376 -10.903259232 30.445255667
v -4.532999853 -11.655537789 30.544710213
v -4.409376820 -10.760357763 30.448663290
v -5.874928387 -18.841305619 30.350359893
v -5.874928387 -18.841305619 30.350359893
v -5.874928387 -18.841305619 30.350359893
v -5.874928387 -18.841305619 30.350359893
v -5.874928387 -18.841305619 30.350359893
v -5.874928387 -18.841305619 30.350359893
v -5.874928387 -18.841305619 30.350359893
v -5.874928387 -18.841305619 30.350359893
v -4.690317354 -8.898425338 29.919708143
v -5.874928387 -18.841305619 30.350359893
v -5.874928387 -18.841305619 30.350359893
v -4.427852376 -10.903259232 30.445255667
v -5.874928387 -18.841305619 30.350359893
v -5.874928387 -18.841305619 30.350359893
v -5.874928387 -18.841305619 30.350359893
v -5.874928387 -18.841305619 30.350359893
v -5.874928387 -18.841305619 30.350359893
v -5.874928387 -18.841305619 30.350359893
v -4.519470273 -10.435953355 30.275275461
v -6.364002154 -7.258257696 28.835628907
v -5.918086160 -7.542716067 28.745097120
v -6.662856628 -10.005084761 29.217412349
v -6.784812774 -10.027172912 28.919808381
v -6.364002154 -7.258257696 28.835628907
v -5.977081368 -7.385795950 28.724083828
v -4.396272495 -10.865810521 30.429207445
v -4.552092614 -10.013769924 30.200182340
v -4.427852376 -10.903259232 30.445255667
v -6.344770707 -8.676130569 29.665760193
v -6.784812774 -10.027172912 28.919808381
v -6.387964596 -9.847118129 29.567580453
v -6.387964596 -9.847118129 29.567580453
v -6.595131346 -8.825019729 29.770416576
v -6.817376529 -8.682198580 29.341769916
v -6.601933424 -8.664845881 29.718719308
v -6.518734154 -8.612602471 29.677250690
v -6.817376529 -8.682198580 29.341769916
v -6.817376529 -8.682198580 29.341769916
v -6.817376529 -8.682198580 29.341769916
v -6.515806070 -8.877305219 29.776737204
v -6.515806070 -8.877305219 29.776737204
v -4.752403378 -10.369383602 29.971543002
v -4.754700490 -10.221231511 30.016323525
v -6.280244739 -9.956791950 29.813508789
v -4.648125138 -10.980563365 30.106749976
v -4.632465317 -11.036185883 30.097410881
v -4.648125138 -10.980563365 30.106749976
v -4.752403378 -10.369383602 29.971543002
v -4.496509953 -8.759823288 30.587689614
v -4.466640277 -8.878484484 30.624998533
v -4.945716574 -11.634761853 29.584666625
v -7.190850289 -8.864492045 28.974709828
v -4.945716574 -11.634761853 29.584666625
v -4.334069732 -9.487456608 30.558540106
v -4.451967076 -8.925028968 30.545984198
v -4.384426643 -9.728531611 30.660844980
v -4.734815671 -8.485388519 29.922498353
v -4.876676755 -8.958926451 29.948859094
v -4.876676755 -8.958926451 29.948859094
v -4.876676755 -8.958926451 29.948859094
v -4.876676755 -8.958926451 29.948859094
v -4.876676755 -8.958926451 29.948859094
v -4.748605310 -8.808350297 30.218132064
v -4.748605310 -8.808350297 30.218132064
v -4.330460419 -9.332086401 30.740224933
v -6.390316314 -7.226137670 28.753412651
v -4.748605310 -8.808350297 30.218132064
v -4.740244964 -8.731477633 30.185321192
v -4.834360884 -8.897482361 29.939386626
v -5.837548117 -9.775937924 30.774146427
v -5.837548117 -9.775937924 30.774146427
v -6.417827631 -8.889859348 29.766549856
v -6.417827631 -8.889859348 29.766549856
v -6.403155181 -8.873349617 29.640454893
v -6.403155181 -8.873349617 29.640454893
v -6.601933424 -8.664845881 29.718719308
v -6.515806070 -8.877305219 29.776737204
v -6.817376529 -8.682198580 29.341769916
v -6.817376529 -8.682198580 29.341769916
v -6.798650458 -9.200203659 29.421931980
v -6.817376529 -8.682198580 29.341769916
v -6.812062013 -8.802270962 29.273101839
v -6.812062013 -8.802270962 29.273101839
v -6.817376529 -8.682198580 29.341769916
v -6.812062013 -8.802270962 29.273101839
v -7.190850289 -8.864492045 28.974709828
v -7.453265131 -9.278998667 28.348947759
v -6.993947751 -9.284333968 29.109393870
v -7.453265131 -9.278998667 28.348947759
v -6.993947751 -9.284333968 29.109393870
v -7.453265131 -9.278998667 28.348947759
v -7.453265131 -9.278998667 28.348947759
v -7.453265131 -9.278998667 28.348947759
v -7.453265131 -9.278998667 28.348947759
v -7.385953738 -8.991066136 28.358571826
v -7.397473003 -9.119686136 28.362038181
v -7.453265131 -9.278998667 28.348947759
v -7.397473003 -9.119686136 28.362038181
v -7.397473003 -9.119686136 28.362038181
v -7.385953738 -8.991066136 28.358571826
v -7.453265131 -9.278998667 28.348947759
v -7.385953738 -8.991066136 28.358571826
v -7.385953738 -8.991066136 28.358571826
v -7.397473003 -9.119686136 28.362038181
v -4.648125138 -10.980563365 30.106749976
v -6.156128236 -9.446729631 29.695902097
v -4.648125138 -10.980563365 30.106749976
v -6.680159040 -9.989232631 29.211474557
v -6.156128236 -9.446729631 29.695902097
v -4.648125138 -10.980563365 30.106749976
v -4.648125138 -10.980563365 30.106749976
v -4.632465317 -11.036185883 30.097410881
v -4.834360884 -8.897482361 29.939386626
v -4.578782540 -9.938259969 29.991621603
v -4.503678148 -10.525626788 30.283181603
v -4.013835845 -9.782462427 31.049983917
v -4.013835845 -9.782462427 31.049983917
v -5.760885288 -7.799166719 29.133104384
v -4.648125138 -10.980563365 30.106749976
v -4.632465317 -11.036185883 30.097410881
v -6.514174801 -12.119518807 28.830649473
v -6.810065809 -10.107259362 28.903580946
v -5.418421867 -13.086199548 29.677652316
v -4.835745225 -9.166505709 29.915033290
v -7.453265131 -9.278998667 28.348947759
v -5.797774632 -13.118383098 29.210070734
v -4.945716574 -11.634761853 29.584666625
v -5.797774632 -13.118383098 29.210070734
v -4.945716574 -11.634761853 29.584666625
v -6.280244739 -9.956791950 29.813508789
v -5.418421867 -13.086199548 29.677652316
v -6.156128236 -9.446729631 29.695902097
v -5.709533598 -11.077966010 30.772936635
v -4.744683496 -9.532157957 29.910693385
v -6.832412032 -10.006141480 28.904959317
v -6.983908793 -9.360385994 29.018148094
v -7.159173328 -9.672288957 28.233157991
v -7.269818848 -9.393768907 28.238370326
v -6.983908793 -9.360385994 29.018148094
v -6.920833825 -9.299918712 29.148768663
v -6.731089915 -9.322059726 29.366450927
v -7.453265131 -9.278998667 28.348947759
v -6.812062013 -8.802270962 29.273101839
v -6.993947751 -9.284333968 29.109393870
v -6.993947751 -9.284333968 29.109393870
v -7.453265131 -9.278998667 28.348947759
v -4.834360884 -8.897482361 29.939386626
v -7.072888869 -8.329957714 28.800804448
v -7.190850289 -8.864492045 28.974709828
v -5.616191745 -8.170661435 29.353513237
v -6.031837168 -9.925371267 30.369983719
v -4.754700490 -10.221231511 30.016323525
v -6.957447229 -8.215226689 28.905126808
v -5.760885288 -7.799166719 29.133104384
v -6.428880083 -8.619279304 29.657474160
v -4.835745225 -9.166505709 29.915033290
v -4.578782540 -9.938259969 29.991621603
v -4.539395712 -10.532446808 30.291243888
v -4.609844723 -11.056184844 30.110945143
v -4.632465317 -11.036185883 30.097410881
v -4.532999853 -11.655537789 30.544710213
v -4.532999853 -11.655537789 30.544710213
v -4.632465317 -11.036185883 30.097410881
v -6.280244739 -9.956791950 29.813508789
v -6.507604473 -9.769782485 29.438263090
v -6.615902641 -9.972027204 29.295573845
v -4.945716574 -11.634761853 29.584666625
v -5.797774632 -13.118383098 29.210070734
v -5.418421867 -13.086199548 29.677652316
v -5.418421867 -13.086199548 29.677652316
v -5.409114233 -11.030483868 29.462451197
v -4.945716574 -11.634761853 29.584666625
v -7.453265131 -9.278998667 28.348947759
v -7.397473003 -9.119686136 28.362038181
v -5.857350385 -7.265822520 28.553501497
v -5.890953508 -7.555614743 28.661333238
v -4.835745225 -9.166505709 29.915033290
v -4.744683496 -9.532157957 29.910693385
v -4.713026450 -9.546217475 29.931244093
v -4.500296607 -10.489674244 30.277224386
v -4.570934581 -10.252454511 30.095806624
v -4.384426643 -9.728531611 30.660844980
v -4.330460419 -9.332086401 30.740224933
v -3.983546751 -9.639168303 31.004346778
v -3.983546751 -9.639168303 31.004346778
v -4.013835845 -9.782462427 31.049983917
v -4.013835845 -9.782462427 31.049983917
v -4.345896429 -8.632345473 30.541628576
v -4.384426643 -9.728531611 30.660844980
v -4.330460419 -9.332086401 30.740224933
v -3.983546751 -9.639168303 31.004346778
v -4.334069732 -9.487456608 30.558540106
v -4.690317354 -8.898425338 29.919708143
v -4.834360884 -8.897482361 29.939386626
v -5.869839184 -9.639190571 31.004346778
v -4.568651781 -9.386691107 30.411453697
v -5.791030783 -9.122051318 30.948101465
v -4.508338743 -9.691750273 30.484098793
v -4.552978441 -10.456209268 30.286125461
v -4.568651781 -9.386691107 30.411453697
v -4.439516318 -10.783969464 30.459124417
v -4.538965182 -10.528870456 30.293339435
v -4.578782540 -9.938259969 29.991621603
v -4.705918597 -8.452083645 30.145587684
v -4.508402707 -9.894346882 30.359921119
v -4.565027376 -9.989212484 30.395670302
v -4.734815671 -8.485388519 29.922498353
v -4.552092614 -10.013769924 30.200182340
v -4.552978441 -10.456209268 30.286125461
v -4.533422849 -10.155549761 30.389672681
v -4.584484636 -9.474026763 30.398447995
v -5.869839184 -9.639190571 31.004346778
v -4.584484636 -9.474026763 30.398447995
v -4.439516318 -10.783969464 30.459124417
v -4.439516318 -10.783969464 30.459124417
v -4.330460419 -9.332086401 30.740224933
v -5.959693805 -9.358447525 30.326227137
v -5.976243447 -9.537256538 30.325133544
v -5.976243447 -9.537256538 30.325133544
v -4.097805299 -8.777354909 30.818058863
v -5.837548117 -9.775937924 30.774146427
v -4.097805299 -8.777354909 30.818058863
v -5.838504871 -9.935008876 30.858434409
v -4.580621853 -8.835566784 30.012915710
v -4.523038104 -9.071042042 30.153207248
v -4.334069732 -9.487456608 30.558540106
v -4.523038104 -9.071042042 30.153207248
v -4.533422849 -10.155549761 30.389672681
v -5.838504871 -9.935008876 30.858434409
v -4.554417445 -10.135028772 30.348644940
v -4.565027376 -9.989212484 30.395670302
v -5.839550768 -9.782462427 31.049983917
v -5.839550768 -9.782462427 31.049983917
v -5.835956139 -9.985167386 31.086842569
v -4.750405401 -10.326825237 30.029879006
v -5.838504871 -9.935008876 30.858434409
v -5.837548117 -9.775937924 30.774146427
v -4.062355248 -9.122051318 30.948106464
v -3.983546751 -9.639168303 31.004346778
v -4.091792651 -8.968346937 30.893023452
v -3.983546751 -9.639168303 31.004346778
v -3.983546751 -9.639168303 31.004346778
v -3.983546751 -9.639168303 31.004346778
v -4.013835845 -9.782462427 31.049983917
v -5.959693805 -9.358447525 30.326227137
v -5.959693805 -9.358447525 30.326227137
v -4.013835845 -9.782462427 31.049983917
v -5.586269325 -8.399440884 29.382612148
v -4.560865763 -8.760934121 30.001942046
v -6.135965926 -9.406233799 29.733079581
v -6.135965926 -9.406233799 29.733079581
v -6.135965926 -9.406233799 29.733079581
v -6.135965926 -9.406233799 29.733079581
v -4.734815671 -8.485388519 29.922498353
v -5.586269325 -8.399440884 29.382612148
v -6.111383906 -8.458740303 29.589034366
v -5.906994297 -8.647481117 29.492601387
v -6.085372882 -8.192059002 29.472397682
v -6.111383906 -8.458740303 29.589034366
v -4.701165036 -8.511346745 30.172658415
v -4.705918597 -8.452083645 30.145587684
v -6.135965926 -9.406233799 29.733079581
v -4.834360884 -8.897482361 29.939386626
v -6.135965926 -9.406233799 29.733079581
v -6.102293447 -9.340194875 29.687080563
v -6.418707525 -9.241220650 29.646882337
v -4.005914770 -9.198385779 30.967733084
v -4.005914770 -9.198385779 30.967733084
v -4.048709713 -9.132884666 30.776456029
v -4.048709713 -9.132884666 30.776456029
v -5.947824131 -8.390219505 29.524729257
v -5.905037850 -8.867212707 29.565810415
v -6.327205978 -8.834319603 29.728255794
v -5.963740017 -9.169905700 30.329929584
v -5.869266229 -8.342615373 29.491789696
v -6.001532113 -8.188429943 29.450204680
v -5.913300700 -8.223198510 29.449278277
v -6.130571174 -8.928699998 29.615749185
v -6.211225312 -9.207296449 29.601500000
v -6.041553778 -8.923166363 29.610995184
v -6.129340497 -9.263257003 29.635618289
v -6.102293447 -9.340194875 29.687080563
v -6.248698885 -9.421928256 29.412919158
v -5.863286535 -8.282185591 29.465780729
v -6.610308936 -9.645348398 29.516262403
v -5.839550768 -9.782462427 31.049983917
v -6.713012855 -9.634282743 29.445306944
v -6.102293447 -9.340194875 29.687080563
v -6.417827631 -8.889859348 29.766549856
v -5.839550768 -9.782462427 31.049983917
v -5.839550768 -9.782462427 31.049983917
v -5.839550768 -9.782462427 31.049983917
v -5.839550768 -9.782462427 31.049983917
v -5.324002091 -10.152207224 27.747608390
v -5.324002091 -10.152207224 27.747608390
v -5.324002091 -10.152207224 27.747608390
v -5.324002091 -10.152207224 27.747608390
v -5.835956139 -9.985167386 31.086842569
v -5.835956139 -9.985167386 31.086842569
v -5.835956139 -9.985167386 31.086842569
v -4.384426643 -9.728531611 30.660844980
v -4.384426643 -9.728531611 30.660844980
v -5.835956139 -9.985167386 31.086842569
v -5.835956139 -9.985167386 31.086842569
v -5.838504871 -9.935008876 30.858434409
v -5.835956139 -9.985167386 31.086842569
v -5.839550768 -9.782462427 31.049983917
v -5.835956139 -9.985167386 31.086842569
v -5.835956139 -9.985167386 31.086842569
v -5.835956139 -9.985167386 31.086842569
v -5.835956139 -9.985167386 31.086842569
v -5.835956139 -9.985167386 31.086842569
v -5.835956139 -9.985167386 31.086842569
v -5.839550768 -9.782462427 31.049983917
v -5.835956139 -9.985167386 31.086842569
v -5.835956139 -9.985167386 31.086842569
v -5.835956139 -9.985167386 31.086842569
v -5.839550768 -9.782462427 31.049983917
v -5.839550768 -9.782462427 31.049983917
v -5.869839184 -9.639190571 31.004346778
v -5.791030783 -9.122051318 30.948101465
v -5.791030783 -9.122051318 30.948101465
v -5.839550768 -9.782462427 31.049983917
v -4.384426643 -9.728531611 30.660844980
v -4.384426643 -9.728531611 30.660844980
v -5.838504871 -9.935008876 30.858434409
v -5.839550768 -9.782462427 31.049983917
v -5.835956139 -9.985167386 31.086842569
v -5.835956139 -9.985167386 31.086842569
v -4.565027376 -9.989212484 30.395670302
v -4.565027376 -9.989212484 30.395670302
v -4.384426643 -9.728531611 30.660844980
v -4.565027376 -9.989212484 30.395670302
v -5.835956139 -9.985167386 31.086842569
v -4.384426643 -9.728531611 30.660844980
v -5.839550768 -9.782462427 31.049983917
v -5.835956139 -9.985167386 31.086842569
v -5.835956139 -9.985167386 31.086842569
v -5.835956139 -9.985167386 31.086842569
v -4.384426643 -9.728531611 30.660844980
v -5.835956139 -9.985167386 31.086842569
v -5.839550768 -9.782462427 31.049983917
v -4.384426643 -9.728531611 30.660844980
v -5.839550768 -9.782462427 31.049983917
v -5.839550768 -9.782462427 31.049983917
v -5.835956139 -9.985167386 31.086842569
v -5.835956139 -9.985167386 31.086842569
v -5.835956139 -9.985167386 31.086842569
v -5.835956139 -9.985167386 31.086842569
v -4.565027376 -9.989212484 30.395670302
v -4.565027376 -9.989212484 30.395670302
v -4.384426643 -9.728531611 30.660844980
v -4.337794522 -10.441647875 28.100152497
v -4.005914770 -9.198385779 30.967733084
v -4.118661521 -11.319223622 29.031430209
v -4.062355248 -9.122051318 30.948106464
v -4.062355248 -9.122051318 30.948106464
v -3.983546751 -9.639168303 31.004346778
v -4.330460419 -9.332086401 30.740224933
v -4.533422849 -10.155549761 30.389672681
v -4.062355248 -9.122051318 30.948106464
v -3.983546751 -9.639168303 31.004346778
v -4.565027376 -9.989212484 30.395670302
v -4.330460419 -9.332086401 30.740224933
v -4.527440353 -12.082538236 28.689975663
v -4.631776689 -13.830646495 28.096997278
v -4.013835845 -9.782462427 31.049983917
v -4.118661521 -11.319223622 29.031430209
v -3.983546751 -9.639168303 31.004346778
v -4.091792651 -8.968346937 30.893023452
v -3.983546751 -9.639168303 31.004346778
v -4.759861354 -14.831098115 27.244889362
v -4.085843833 -11.624741372 29.103144419
v -4.005914770 -9.198385779 30.967733084
v -4.005914770 -9.198385779 30.967733084
v -4.005914770 -9.198385779 30.967733084
v -4.005914770 -9.198385779 30.967733084
v -3.983546751 -9.639168303 31.004346778
v -3.983546751 -9.639168303 31.004346778
v -3.983546751 -9.639168303 31.004346778
v -4.588045521 -9.524459955 30.219814404
v -4.608221190 -9.102082076 30.070800824
v -4.005914770 -9.198385779 30.967733084
v -4.737163809 -8.865579489 30.243394779
v -4.748605310 -8.808350297 30.218132064
v -4.097805299 -8.777354909 30.818058863
v -4.091792651 -8.968346937 30.893023452
v -4.005914770 -9.198385779 30.967733084
v -4.013835845 -9.782462427 31.049983917
v -4.013835845 -9.782462427 31.049983917
v -4.062355248 -9.122051318 30.948106464
v -5.839550768 -9.782462427 31.049983917
v -5.839550768 -9.782462427 31.049983917
v -5.839550768 -9.782462427 31.049983917
v -5.835956139 -9.985167386 31.086842569
v -5.839550768 -9.782462427 31.049983917
v -5.268456831 -7.619865589 28.556332191
v -4.130626100 -10.892329304 29.144676438
v -5.268456831 -7.619865589 28.556332191
v -5.324002091 -10.152207224 27.747608390
v -5.839550768 -9.782462427 31.049983917
v -5.835956139 -9.985167386 31.086842569
v -5.835956139 -9.985167386 31.086842569
v -5.838504871 -9.935008876 30.858434409
v -5.839550768 -9.782462427 31.049983917
v -5.835956139 -9.985167386 31.086842569
v -5.835956139 -9.985167386 31.086842569
v -5.839550768 -9.782462427 31.049983917
v -5.532267420 -14.336758367 27.257265146
v -4.728263985 -13.450207162 27.233239930
v -5.839550768 -9.782462427 31.049983917
v -3.897192556 -10.087325137 28.912293239
v -4.039820361 -8.961415293 28.909622989
v -3.901102111 -9.998849418 28.916580741
v -3.901102111 -9.998849418 28.916580741
v -4.409275678 -8.936337239 30.640600878
v -4.118661521 -11.319223622 29.031430209
v -4.085843833 -11.624741372 29.103144419
v -4.185766215 -10.943129232 28.101108221
v -4.631776689 -13.830646495 28.096997278
v -4.419437068 -14.283102511 27.259129808
v -5.524446493 -14.379271363 27.256236243
v -3.983546751 -9.639168303 31.004346778
v -3.983546751 -9.639168303 31.004346778
v -4.062355248 -9.122051318 30.948106464
v -4.779961848 -14.312347538 27.206487798
v -5.190976324 -10.481064157 27.089727722
v -4.731948995 -14.024889489 27.235933770
v -4.728263985 -13.450207162 27.233239930
v -6.156128236 -9.446729631 29.695902097
v -4.713026450 -9.546217475 29.931244093
v -4.384426643 -9.728531611 30.660844980
v -4.690317354 -8.898425338 29.919708143
v -4.699641706 -9.032878076 29.979653708
v -4.613524687 -9.627977575 30.173847574
v -4.835745225 -9.166505709 29.915033290
v -4.647838470 -9.661516001 30.114600000
v -4.746558334 -13.933070022 27.237905602
v -5.536349134 -14.326552013 27.256593890
v -4.694952752 -13.423370555 27.088703090
v -4.706391380 -13.147555842 27.111954704
v -5.839550768 -9.782462427 31.049983917
v -5.839550768 -9.782462427 31.049983917
v -5.838504871 -9.935008876 30.858434409
v -4.337794522 -10.441647875 28.100152497
v -4.834360884 -8.897482361 29.939386626
v -4.584484636 -9.474026763 30.398447995
v -4.013835845 -9.782462427 31.049983917
v -4.013835845 -9.782462427 31.049983917
v -4.219749487 -9.707920449 28.156598958
v -4.006862126 -11.280655869 28.179654495
v -4.118661521 -11.319223622 29.031430209
v -4.337794522 -10.441647875 28.100152497
v -4.466640277 -8.878484484 30.624998533
v -4.734815671 -8.485388519 29.922498353
v -4.013835845 -9.782462427 31.049983917
v -3.983546751 -9.639168303 31.004346778
v -4.062355248 -9.122051318 30.948106464
v -4.005914770 -9.198385779 30.967733084
v -6.135965926 -9.406233799 29.733079581
v -5.976243447 -9.537256538 30.325133544
v -6.156128236 -9.446729631 29.695902097
v -5.586269325 -8.399440884 29.382612148
v -5.268456831 -7.619865589 28.556332191
v -5.268456831 -7.619865589 28.556332191
v -5.268456831 -7.619865589 28.556332191
v -3.991443595 -11.453996741 29.121133949
v -4.118661521 -11.319223622 29.031430209
v -3.991443595 -11.453996741 29.121133949
v -3.225572897 -10.576980762 28.984087968
v -3.983546751 -9.639168303 31.004346778
v -4.091792651 -8.968346937 30.893023452
v -4.005914770 -9.198385779 30.967733084
v -4.552978441 -10.456209268 30.286125461
v -4.565027376 -9.989212484 30.395670302
v -5.839550768 -9.782462427 31.049983917
v -5.839550768 -9.782462427 31.049983917
v -5.839550768 -9.782462427 31.049983917
v -5.839550768 -9.782462427 31.049983917
v -5.976243447 -9.537256538 30.325133544
v -5.976243447 -9.537256538 30.325133544
v -5.976243447 -9.537256538 30.325133544
v -6.014656135 -9.978089270 30.401546223
v -5.098122887 -10.232751252 27.824094298
v -4.337794522 -10.441647875 28.100152497
v -4.689745724 -9.606754931 27.988594234
v -5.324002091 -10.152207224 27.747608390
v -5.172282851 -9.944654396 27.229189200
v -5.172282851 -9.944654396 27.229189200
v -5.839550768 -9.782462427 31.049983917
v -5.839550768 -9.782462427 31.049983917
v -5.835956139 -9.985167386 31.086842569
v -5.835956139 -9.985167386 31.086842569
v -5.839550768 -9.782462427 31.049983917
v -5.839550768 -9.782462427 31.049983917
v -5.835956139 -9.985167386 31.086842569
v -5.835956139 -9.985167386 31.086842569
v -5.839550768 -9.782462427 31.049983917
v -5.835956139 -9.985167386 31.086842569
v -5.835956139 -9.985167386 31.086842569
v -5.835956139 -9.985167386 31.086842569
v -5.835956139 -9.985167386 31.086842569
v -5.835956139 -9.985167386 31.086842569
v -4.690317354 -8.898425338 29.919708143
v -6.031837168 -9.925371267 30.369983719
v -4.599085301 -9.263313893 30.379351253
v -4.599085301 -9.263313893 30.379351253
v -4.568651781 -9.386691107 30.411453697
v -5.838504871 -9.935008876 30.858434409
v -4.118661521 -11.319223622 29.031430209
v -5.388990278 -7.527979036 28.559421825
v -5.963740017 -9.169905700 30.329929584
v -3.983546751 -9.639168303 31.004346778
v -5.762471571 -8.593466639 29.450679497
v -4.723612285 -9.442843672 30.081262218
v -4.744683496 -9.532157957 29.910693385
v -4.565027376 -9.989212484 30.395670302
v -4.533422849 -10.155549761 30.389672681
v -4.005914770 -9.198385779 30.967733084
v -4.185766215 -10.943129232 28.101108221
v -4.337794522 -10.441647875 28.100152497
v -4.085843833 -11.624741372 29.103144419
v -4.568651781 -9.386691107 30.411453697
v -5.837548117 -9.775937924 30.774146427
v -6.135965926 -9.406233799 29.733079581
v -6.248698885 -9.421928256 29.412919158
v -6.102293447 -9.340194875 29.687080563
v -6.102293447 -9.340194875 29.687080563
v -4.750405401 -10.326825237 30.029879006
v -4.754700490 -10.221231511 30.016323525
v -5.976243447 -9.537256538 30.325133544
v -5.835956139 -9.985167386 31.086842569
v -5.835956139 -9.985167386 31.086842569
v -5.839550768 -9.782462427 31.049983917
v -5.835956139 -9.985167386 31.086842569
v -3.983546751 -9.639168303 31.004346778
v -4.013835845 -9.782462427 31.049983917
v -5.839550768 -9.782462427 31.049983917
v -5.839550768 -9.782462427 31.049983917
v -4.713076925 -13.139451130 27.224477369
v -4.609858139 -13.369991990 28.140911656
v -4.531337272 -9.772281693 27.942665634
v -4.527440353 -12.082538236 28.689975663
v -5.835956139 -9.985167386 31.086842569
v -5.839550768 -9.782462427 31.049983917
v -5.839550768 -9.782462427 31.049983917
v -4.706391380 -13.147555842 27.111954704
v -4.533422849 -10.155549761 30.389672681
v -4.754700490 -10.221231511 30.016323525
v -5.838504871 -9.935008876 30.858434409
v -4.005914770 -9.198385779 30.967733084
v -6.135965926 -9.406233799 29.733079581
v -5.837548117 -9.775937924 30.774146427
v -3.983546751 -9.639168303 31.004346778
v -5.835956139 -9.985167386 31.086842569
v -5.835956139 -9.985167386 31.086842569
v -5.835956139 -9.985167386 31.086842569
v -3.983546751 -9.639168303 31.004346778
v -4.846733700 -9.603326491 30.099911613
v -5.976243447 -9.537256538 30.325133544
v -6.307038772 -8.760088934 29.694148899
v -6.041553778 -8.923166363 29.610995184
v -4.732976358 -8.671312059 29.946069642
v -5.839550768 -9.782462427 31.049983917
v -5.959693805 -9.358447525 30.326227137
v -4.085843833 -11.624741372 29.103144419
v -5.976243447 -9.537256538 30.325133544
v -4.531337272 -9.772281693 27.942665634
v -4.608221190 -9.102082076 30.070800824
v -5.181080420 -10.118260001 27.150139611
v -5.181080420 -10.118260001 27.150139611
v -5.839550768 -9.782462427 31.049983917
v -4.531337272 -9.772281693 27.942665634
v -5.268456831 -7.619865589 28.556332191
v -5.268456831 -7.619865589 28.556332191
v -5.268456831 -7.619865589 28.556332191
v -5.835956139 -9.985167386 31.086842569
v -5.835956139 -9.985167386 31.086842569
v -5.835956139 -9.985167386 31.086842569
v -5.835956139 -9.985167386 31.086842569
v -5.835956139 -9.985167386 31.086842569
v -5.869839184 -9.639190571 31.004346778
v -5.839550768 -9.782462427 31.049983917
v -5.835956139 -9.985167386 31.086842569
v -5.835956139 -9.985167386 31.086842569
v -5.835956139 -9.985167386 31.086842569
v -5.835956139 -9.985167386 31.086842569
v -5.835956139 -9.985167386 31.086842569
v -5.835956139 -9.985167386 31.086842569
v -5.839550768 -9.782462427 31.049983917
v -5.839550768 -9.782462427 31.049983917
v -5.835956139 -9.985167386 31.086842569
v -4.384426643 -9.728531611 30.660844980
v -4.384426643 -9.728531611 30.660844980
v -4.384426643 -9.728531611 30.660844980
v -5.835956139 -9.985167386 31.086842569
v -5.839550768 -9.782462427 31.049983917
v -5.835956139 -9.985167386 31.086842569
v -5.839550768 -9.782462427 31.049983917
v -5.835956139 -9.985167386 31.086842569
v -5.835956139 -9.985167386 31.086842569
v -4.384426643 -9.728531611 30.660844980
v -5.835956139 -9.985167386 31.086842569
v -5.835956139 -9.985167386 31.086842569
v -5.835956139 -9.985167386 31.086842569
v -5.835956139 -9.985167386 31.086842569
v -5.835956139 -9.985167386 31.086842569
v -4.130626100 -10.892329304 29.144676438
v -6.150238901 -7.125795438 28.013286458
v -3.901102111 -9.998849418 28.916580741
v -6.110251019 -7.062960000 28.044416362
v -5.161300991 -7.233480307 28.045814642
v -5.135125634 -7.339315714 28.031416554
v -6.110251019 -7.062960000 28.044416362
v -4.908063520 -8.370381511 27.242152573
v -5.105687360 -8.469660056 27.933948058
v -5.175021894 -7.996833285 26.998039097
v -6.150238901 -7.125795438 28.013286458
v -5.056421024 -8.160198990 27.876094928
v -5.190220928 -8.027898520 26.981559639
v -4.039820361 -8.961415293 28.909622989
v -4.508338743 -9.691750273 30.484098793
v -5.268456831 -7.619865589 28.556332191
v -5.268456831 -7.619865589 28.556332191
v -5.268456831 -7.619865589 28.556332191
v -5.268456831 -7.619865589 28.556332191
v -6.109973047 -7.689116284 26.825313074
v -4.118661521 -11.319223622 29.031430209
v -6.113500425 -7.873232187 26.731442310
v -4.337794522 -10.441647875 28.100152497
v -4.932819642 -9.887254032 27.178625410
v -4.137720733 -10.421673696 28.085669813
v -4.689745724 -9.606754931 27.988594234
v -6.098460690 -9.930737442 27.176017058
v -6.098460690 -9.930737442 27.176017058
v -6.366819288 -9.472635523 27.213856597
v -6.371559783 -9.987868214 27.170299031
v -6.417424034 -7.359615160 27.006696504
v -4.185766215 -10.943129232 28.101108221
v -4.905756847 -8.443190065 27.149922613
v -4.337794522 -10.441647875 28.100152497
v -4.908063520 -8.370381511 27.242152573
v -4.137720733 -10.421673696 28.085669813
v -5.181980027 -7.818314705 27.006192724
v -6.109973047 -7.689116284 26.825313074
v -4.137720733 -10.421673696 28.085669813
v -6.106978521 -7.709335646 26.826339344
v -6.108460060 -7.818316590 27.006193133
v -6.417424034 -7.359615160 27.006696504
v -6.092069971 -9.925138234 27.214990752
v -6.109359668 -10.118261886 27.150139884
v -6.357620709 -9.887252147 27.178625273
v -5.198370117 -9.925134464 27.214990343
v -4.531337272 -9.772281693 27.942665634
v -4.006862126 -11.280655869 28.179654495
v -4.085843833 -11.624741372 29.103144419
v -3.904216283 -11.321192976 28.209121854
v -3.904216283 -11.321192976 28.209121854
v -4.185766215 -10.943129232 28.101108221
v -4.085843833 -11.624741372 29.103144419
v -4.184920190 -8.381545894 28.912261663
v -6.110251019 -7.062960000 28.044416362
v -5.268456831 -7.619865589 28.556332191
v -6.366819288 -9.472635523 27.213856597
v -6.110251019 -7.062960000 28.044416362
v -6.379768315 -9.601577549 27.203517691
v -6.110251019 -7.062960000 28.044416362
v -6.150238901 -7.125795438 28.013286458
v -6.108460060 -7.818316590 27.006193133
v -6.108460060 -7.818316590 27.006193133
v -4.883961523 -8.661911711 27.164011674
v -5.187832649 -7.123252429 28.045775490
v -5.164485791 -7.959532469 27.866661433
v -5.176956608 -7.193855604 27.996733621
v -5.242140960 -8.210319384 27.858461920
v -5.181980027 -7.818314705 27.006192724
v -5.567223104 -7.226120728 28.549709357
v -5.388990278 -7.527979036 28.559421825
v -5.552401907 -7.574892895 28.556099627
v -4.085843833 -11.624741372 29.103144419
v -5.135125634 -7.339315714 28.031416554
v -4.010723346 -11.153083595 29.369397119
v -5.388990278 -7.527979036 28.559421825
v -5.388990278 -7.527979036 28.559421825
v -5.135125634 -7.339315714 28.031416554
v -5.552401907 -7.574892895 28.556099627
v -5.268456831 -7.619865589 28.556332191
v -5.135125634 -7.339315714 28.031416554
v -5.388990278 -7.527979036 28.559421825
v -5.460293061 -7.406195702 28.564071691
v -5.327511978 -7.293508924 28.554959258
v -5.552401907 -7.574892895 28.556099627
v -5.161300991 -7.233480307 28.045814642
v -5.552401907 -7.574892895 28.556099627
v -5.567223104 -7.226120728 28.549709357
v -6.041553778 -8.923166363 29.610995184
v -6.314625496 -9.196762203 29.606665597
v -6.156128236 -9.446729631 29.695902097
v -4.740244964 -8.731477633 30.185321192
v -3.983546751 -9.639168303 31.004346778
v -5.839550768 -9.782462427 31.049983917
v -5.839550768 -9.782462427 31.049983917
v -5.835956139 -9.985167386 31.086842569
v -5.839550768 -9.782462427 31.049983917
v -5.835956139 -9.985167386 31.086842569
v -5.839550768 -9.782462427 31.049983917
v -5.839550768 -9.782462427 31.049983917
v -5.839550768 -9.782462427 31.049983917
v -4.337794522 -10.441647875 28.100152497
v -5.839550768 -9.782462427 31.049983917
v -4.527440353 -12.082538236 28.689975663
v -5.835956139 -9.985167386 31.086842569
v -5.835956139 -9.985167386 31.086842569
v -5.586269325 -8.399440884 29.382612148
v -5.135125634 -7.339315714 28.031416554
v -5.176956608 -7.193855604 27.996733621
v -5.135125634 -7.339315714 28.031416554
v -6.610308936 -9.645348398 29.516262403
v -6.550585745 -9.258124828 29.421384560
v -6.567232958 -9.209365545 29.407501591
v -6.542016596 -8.948807042 29.382384178
v -6.248698885 -9.421928256 29.412919158
v -6.735354691 -9.173114617 29.412463217
v -6.699153490 -9.748791453 29.421023002
v -5.586269325 -8.399440884 29.382612148
v -6.731089915 -9.322059726 29.366450927
v -6.550585745 -9.258124828 29.421384560
v -5.837548117 -9.775937924 30.774146427
v -4.834360884 -8.897482361 29.939386626
v -5.762471571 -8.593466639 29.450679497
v -4.734815671 -8.485388519 29.922498353
v -4.519804621 -9.727873477 30.230886241
v -4.508338743 -9.691750273 30.484098793
v -4.509041385 -9.234534253 30.339736784
v -4.734815671 -8.485388519 29.922498353
v -4.509041385 -9.234534253 30.339736784
v -4.546310579 -8.753147453 30.308374816
v -4.740244964 -8.731477633 30.185321192
v -4.876676755 -8.958926451 29.948859094
v -5.905037850 -8.867212707 29.565810415
v -5.971559084 -8.968967522 30.313817083
v -5.963740017 -9.169905700 30.329929584
v -5.804676899 -9.132884666 30.776456029
v -5.971559084 -8.968967522 30.313817083
v -5.804676899 -9.132884666 30.776456029
v -5.837548117 -9.775937924 30.774146427
v -5.837548117 -9.775937924 30.774146427
v -4.876676755 -8.958926451 29.948859094
v -5.959693805 -9.358447525 30.326227137
v -4.690317354 -8.898425338 29.919708143
v -4.677973078 -14.940230637 28.001540907
v -4.625383779 -14.615465281 27.989166130
v -5.186661269 -8.784462722 27.054292509
v -5.196242655 -8.828945317 27.195128357
v -5.196242655 -8.828945317 27.195128357
v -4.902226662 -8.675283826 27.125541896
v -4.148618541 -13.896903436 27.972100824
v -4.148618541 -13.896903436 27.972100824
v -4.883961523 -8.661911711 27.164011674
v -4.920174782 -8.999664597 27.248193161
v -4.920174782 -8.999664597 27.248193161
v -4.920174782 -8.999664597 27.248193161
v -4.920174782 -8.999664597 27.248193161
v -5.186274338 -8.676686456 27.022832643
v -4.883961523 -8.661911711 27.164011674
v -5.186274338 -8.676686456 27.022832643
v -4.920174782 -8.999664597 27.248193161
v -4.920174782 -8.999664597 27.248193161
v -4.337794522 -10.441647875 28.100152497
v -4.337794522 -10.441647875 28.100152497
v -4.689745724 -9.606754931 27.988594234
v -4.085843833 -11.624741372 29.103144419
v -4.185766215 -10.943129232 28.101108221
v -4.085843833 -11.624741372 29.103144419
v -3.721716097 -11.495286010 29.403639161
v -3.721716097 -11.495286010 29.403639161
v -4.219749487 -9.707920449 28.156598958
v -4.085843833 -11.624741372 29.103144419
v -4.337794522 -10.441647875 28.100152497
v -5.172282851 -9.944654396 27.229189200
v -5.324002091 -10.152207224 27.747608390
v -4.531337272 -9.772281693 27.942665634
v -6.379768315 -9.601577549 27.203517691
v -6.417424034 -7.359615160 27.006696504
v -6.379768315 -9.601577549 27.203517691
v -4.762042612 -12.028115543 27.841435765
v -6.379768315 -9.601577549 27.203517691
v -5.581921719 -12.415514738 28.694592138
v -6.391012820 -9.189504135 27.205360881
v -6.366819288 -9.472635523 27.213856597
v -5.651595309 -12.749354848 28.747128982
v -4.709626385 -14.578307213 27.265652836
v -4.705594136 -14.384870079 27.261695360
v -4.625383779 -14.615465281 27.989166130
v -4.148618541 -13.896903436 27.972100824
v -4.592638463 -13.479295136 28.135593997
v -4.592638463 -13.479295136 28.135593997
v -4.592638463 -13.479295136 28.135593997
v -4.614273610 -13.715147654 28.067587957
v -4.483164206 -10.900360446 27.804198873
v -4.280180626 -11.235898912 28.089213754
v -4.484034882 -11.452517035 27.823821634
v -4.821370803 -11.628678198 27.825634504
v -5.186232188 -10.852634750 27.162416755
v -4.124425133 -11.352599903 28.043043252
v -5.186232188 -10.852634750 27.162416755
v -4.337794522 -10.441647875 28.100152497
v -4.337794522 -10.441647875 28.100152497
v -4.631776689 -13.830646495 28.096997278
v -4.625383779 -14.615465281 27.989166130
v -6.540581629 -12.028069306 27.841435765
v -5.982077424 -10.567411225 27.764011611
v -4.821370803 -11.628678198 27.825634504
v -4.229092982 -11.777929702 27.880807830
v -4.484034882 -11.452517035 27.823821634
v -4.929190596 -10.833071458 27.184053103
v -4.177677326 -12.729939765 27.983921182
v -5.532267420 -14.336758367 27.257265146
v -5.529527606 -14.392889926 27.265300774
v -5.519818908 -14.543832387 27.265613471
v -6.000623347 -17.219207504 30.581240206
v -6.190135093 -18.639265418 30.244044103
v -5.931027918 -18.919952337 30.216913391
v -6.030655516 -18.219921684 30.353359560
v -5.913412240 -18.082429121 30.525075852
v -5.915697663 -17.484997286 30.631182244
v -6.190135093 -18.639265418 30.244044103
v -6.030655516 -18.219921684 30.353359560
v -5.931027918 -18.919952337 30.216913391
v -5.931027918 -18.919952337 30.216913391
v -5.874928387 -18.841305619 30.350359893
v -6.190135093 -18.639265418 30.244044103
v -6.190135093 -18.639265418 30.244044103
v -5.931027918 -18.919952337 30.216913391
v -4.731948995 -14.024889489 27.235933770
v -5.519818908 -14.543832387 27.265613471
v -4.731948995 -14.024889489 27.235933770
v -4.779961848 -14.312347538 27.206487798
v -5.915697663 -17.484997286 30.631182244
v -5.913412240 -18.082429121 30.525075852
v -6.030655516 -18.219921684 30.353359560
v -5.915697663 -17.484997286 30.631182244
v -6.030655516 -18.219921684 30.353359560
v -5.915697663 -17.484997286 30.631182244
v -4.350835163 -13.459367194 27.934765353
v -5.186274338 -8.676686456 27.022832643
v -5.187381314 -9.021663639 27.103201293
v -5.187381314 -9.021663639 27.103201293
v -5.186274338 -8.676686456 27.022832643
v -4.574270049 -13.454974724 28.125263506
v -5.186661269 -8.784462722 27.054292509
v -5.186661269 -8.784462722 27.054292509
v -4.573931422 -14.068672129 28.088525101
v -4.537444282 -14.533256739 27.991055206
v -4.625383779 -14.615465281 27.989166130
v -4.573497125 -14.077919434 28.089616458
v -4.920174782 -8.999664597 27.248193161
v -4.920174782 -8.999664597 27.248193161
v -4.920174782 -8.999664597 27.248193161
v -4.920174782 -8.999664597 27.248193161
v -4.350835163 -13.459367194 27.934765353
v -4.573497125 -14.077919434 28.089616458
v -4.010723346 -11.153083595 29.369397119
v -5.324002091 -10.152207224 27.747608390
v -6.357620709 -9.887252147 27.178625273
v -5.324002091 -10.152207224 27.747608390
v -4.337794522 -10.441647875 28.100152497
v -6.366819288 -9.472635523 27.213856597
v -6.379768315 -9.601577549 27.203517691
v -6.379768315 -9.601577549 27.203517691
v -5.324002091 -10.152207224 27.747608390
v -6.109359668 -10.118261886 27.150139884
v -4.706391380 -13.147555842 27.111954704
v -4.592638463 -13.479295136 28.135593997
v -4.592638463 -13.479295136 28.135593997
v -4.573497125 -14.077919434 28.089616458
v -4.573497125 -14.077919434 28.089616458
v -6.030655516 -18.219921684 30.353359560
v -6.030655516 -18.219921684 30.353359560
v -4.600723051 -13.365229628 28.142566520
v -4.728263985 -13.450207162 27.233239930
v -4.409273322 -13.050821253 27.920874841
v -4.625383779 -14.615465281 27.989166130
v -4.705594136 -14.384870079 27.261695360
v -4.711055604 -13.814840016 27.230391568
v -4.573497125 -14.077919434 28.089616458
v -4.148618541 -13.896903436 27.972100824
v -4.148618541 -13.896903436 27.972100824
v -5.187381314 -9.021663639 27.103201293
v -6.379768315 -9.601577549 27.203517691
v -5.187381314 -9.021663639 27.103201293
v -5.187381314 -9.021663639 27.103201293
v -6.103058773 -9.021665525 27.103201840
v -5.187381314 -9.021663639 27.103201293
v -4.573497125 -14.077919434 28.089616458
v -4.728263985 -13.450207162 27.233239930
v -4.412924055 -12.611111894 27.904501683
v -4.121008477 -11.714030824 28.161804054
v -3.710402826 -12.236921635 28.290364981
v -4.592638463 -13.479295136 28.135593997
v -4.765570229 -14.790295538 27.200517949
v -4.759861354 -14.831098115 27.244889362
v -4.759861354 -14.831098115 27.244889362
v -4.759861354 -14.831098115 27.244889362
v -4.765570229 -14.790295538 27.200517949
v -5.536349134 -14.326552013 27.256593890
v -4.759861354 -14.831098115 27.244889362
v -4.152879912 -8.412461905 28.948027917
v -5.186274338 -8.676686456 27.022832643
v -5.186661269 -8.784462722 27.054292509
v -5.187381314 -9.021663639 27.103201293
v -6.103058773 -9.021665525 27.103201840
v -5.186661269 -8.784462722 27.054292509
v -6.103058773 -9.021665525 27.103201840
v -6.103058773 -9.021665525 27.103201840
v -5.187381314 -9.021663639 27.103201293
v -4.573497125 -14.077919434 28.089616458
v -4.573497125 -14.077919434 28.089616458
v -4.920174782 -8.999664597 27.248193161
v -3.459067312 -10.136134594 28.206723529
v -4.219749487 -9.707920449 28.156598958
v -3.459067312 -10.136134594 28.206723529
v -5.186661269 -8.784462722 27.054292509
v -4.152879912 -8.412461905 28.948027917
v -4.129998929 -8.544932739 28.718732344
v -3.757832079 -14.219726858 27.997637609
v -4.148618541 -13.896903436 27.972100824
v -4.920174782 -8.999664597 27.248193161
v -3.459067312 -10.136134594 28.206723529
v -4.920174782 -8.999664597 27.248193161
v -3.961752244 -9.182361846 28.768085986
v -4.219749487 -9.707920449 28.156598958
v -4.219749487 -9.707920449 28.156598958
v -4.713076925 -13.139451130 27.224477369
v -6.379768315 -9.601577549 27.203517691
v -6.379768315 -9.601577549 27.203517691
v -6.357620709 -9.887252147 27.178625273
v -6.379768315 -9.601577549 27.203517691
v -6.379768315 -9.601577549 27.203517691
v -6.379768315 -9.601577549 27.203517691
v -3.459067312 -10.136134594 28.206723529
v -3.459067312 -10.136134594 28.206723529
v -6.379768315 -9.601577549 27.203517691
v -6.379768315 -9.601577549 27.203517691
v -6.379768315 -9.601577549 27.203517691
v -4.101062523 -8.585859556 28.707496699
v -4.101062523 -8.585859556 28.707496699
v -4.219749487 -9.707920449 28.156598958
v -4.920174782 -8.999664597 27.248193161
v -4.920174782 -8.999664597 27.248193161
v -4.920174782 -8.999664597 27.248193161
v -4.920174782 -8.999664597 27.248193161
v -4.920174782 -8.999664597 27.248193161
v -3.459067312 -10.136134594 28.206723529
v -3.459067312 -10.136134594 28.206723529
v -4.101062523 -8.585859556 28.707496699
v -5.186661269 -8.784462722 27.054292509
v -5.186661269 -8.784462722 27.054292509
v -5.178091639 -8.862001381 27.088723165
v -5.178091639 -8.862001381 27.088723165
v -5.186661269 -8.784462722 27.054292509
v -5.187381314 -9.021663639 27.103201293
v -4.902226662 -8.675283826 27.125541896
v -5.186274338 -8.676686456 27.022832643
v -4.920174782 -8.999664597 27.248193161
v -3.951640456 -9.179565423 28.773478656
v -6.379768315 -9.601577549 27.203517691
v -6.092069971 -9.925138234 27.214990752
v -4.185766215 -10.943129232 28.101108221
v -4.185766215 -10.943129232 28.101108221
v -6.087758818 -10.647445465 27.174282162
v -4.920174782 -8.999664597 27.248193161
v -3.990743360 -9.165563888 28.774344943
v -4.219749487 -9.707920449 28.156598958
v -4.101062523 -8.585859556 28.707496699
v -4.101062523 -8.585859556 28.707496699
v -4.129998929 -8.544932739 28.718732344
v -3.975871856 -9.072844985 28.803831647
v -4.184920190 -8.381545894 28.912261663
v -3.975871856 -9.072844985 28.803831647
v -4.110948783 -8.515832461 28.702860485
v -3.990743360 -9.165563888 28.774344943
v -3.975871856 -9.072844985 28.803831647
v -4.074928365 -8.576606114 28.699215490
v -4.074928365 -8.576606114 28.699215490
v -3.510203744 -9.004866658 28.920763905
v -5.176956608 -7.193855604 27.996733621
v -5.176956608 -7.193855604 27.996733621
v -6.132315399 -7.302234020 28.043668283
v -3.975871856 -9.072844985 28.803831647
v -3.510203744 -9.004866658 28.920763905
v -3.975871856 -9.072844985 28.803831647
v -3.975871856 -9.072844985 28.803831647
v -3.520352268 -8.988962002 28.941663248
v -5.176956608 -7.193855604 27.996733621
v -6.379768315 -9.601577549 27.203517691
v -6.379768315 -9.601577549 27.203517691
v -6.102004034 -9.393935547 27.155312615
v -6.102004034 -9.393935547 27.155312615
v -3.448806047 -8.997797922 28.915888810
v -5.135125634 -7.339315714 28.031416554
v -6.379768315 -9.601577549 27.203517691
v -6.379768315 -9.601577549 27.203517691
v -6.379768315 -9.601577549 27.203517691
v -3.448806047 -8.997797922 28.915888810
v -6.357620709 -9.887252147 27.178625273
v -6.103058773 -9.021665525 27.103201840
v -6.102004034 -9.393935547 27.155312615
v -6.102004034 -9.393935547 27.155312615
v -6.379768315 -9.601577549 27.203517691
v -6.379768315 -9.601577549 27.203517691
v -6.379768315 -9.601577549 27.203517691
v -6.102004034 -9.393935547 27.155312615
v -6.379768315 -9.601577549 27.203517691
v -6.379768315 -9.601577549 27.203517691
v -5.139372297 -7.020352458 27.747400000
v -6.379768315 -9.601577549 27.203517691
v -6.379768315 -9.601577549 27.203517691
v -6.108460060 -7.818316590 27.006193133
v -6.108460060 -7.818316590 27.006193133
v -5.176956608 -7.193855604 27.996733621
v -5.139372297 -7.020352458 27.747400000
v -6.108460060 -7.818316590 27.006193133
v -5.164485791 -7.959532469 27.866661433
v -5.139372297 -7.020352458 27.747400000
v -5.164485791 -7.959532469 27.866661433
v -5.176956608 -7.193855604 27.996733621
v -5.098122887 -10.232751252 27.824094298
v -5.190976324 -10.481064157 27.089727722
v -6.092069971 -9.925138234 27.214990752
v -6.094200415 -10.821660008 27.185101360
v -6.087758818 -10.647445465 27.174282162
v -4.337794522 -10.441647875 28.100152497
v -5.164485791 -7.959532469 27.866661433
v -6.130107421 -11.127844152 27.783951781
v -6.130107421 -11.127844152 27.783951781
v -6.379768315 -9.601577549 27.203517691
v -6.109359668 -10.118261886 27.150139884
v -4.130626100 -10.892329304 29.144676438
v -3.852962451 -10.116833227 28.911410478
v -4.010723346 -11.153083595 29.369397119
v -4.039820361 -8.961415293 28.909622989
v -3.852962451 -10.116833227 28.911410478
v -4.039820361 -8.961415293 28.909622989
v -4.010723346 -11.153083595 29.369397119
v -3.721716097 -11.495286010 29.403639161
v -3.571918463 -8.637456585 29.344726934
v -3.721716097 -11.495286010 29.403639161
v -3.535417789 -8.906556697 29.063441707
v -3.991443595 -11.453996741 29.121133949
v -3.571918463 -8.637456585 29.344726934
v -6.379768315 -9.601577549 27.203517691
v -6.102004034 -9.393935547 27.155312615
v -5.164485791 -7.959532469 27.866661433
v -5.164485791 -7.959532469 27.866661433
v -6.379768315 -9.601577549 27.203517691
v -6.379768315 -9.601577549 27.203517691
v -5.552401907 -7.574892895 28.556099627
v -5.586269325 -8.399440884 29.382612148
v -4.690317354 -8.898425338 29.919708143
v -5.552401907 -7.574892895 28.556099627
v -3.571918463 -8.637456585 29.344726934
v -3.641728607 -8.486216048 29.133781905
v -3.721716097 -11.495286010 29.403639161
v -3.641728607 -8.486216048 29.133781905
v -3.627703507 -8.834793749 29.337783384
v -3.627703507 -8.834793749 29.337783384
v -4.690317354 -8.898425338 29.919708143
v -3.897192556 -10.087325137 28.912293239
v -3.852962451 -10.116833227 28.911410478
v -6.379768315 -9.601577549 27.203517691
v -4.409273322 -13.050821253 27.920874841
v -5.181080420 -10.118260001 27.150139611
v -4.077400319 -12.873689124 27.919845008
v -4.600723051 -13.365229628 28.142566520
v -4.600723051 -13.365229628 28.142566520
v -4.409273322 -13.050821253 27.920874841
v -4.600723051 -13.365229628 28.142566520
v -4.439532042 -14.351698035 27.269658997
v -4.452800098 -14.463088982 27.277203869
v -5.172282851 -9.944654396 27.229189200
v -5.098122887 -10.232751252 27.824094298
v -4.409273322 -13.050821253 27.920874841
v -3.991443595 -11.453996741 29.121133949
v -4.118661521 -11.319223622 29.031430209
v -4.085843833 -11.624741372 29.103144419
v -4.118661521 -11.319223622 29.031430209
v -6.113500425 -7.873232187 26.731442310
v -6.109973047 -7.689116284 26.825313074
v -6.379768315 -9.601577549 27.203517691
v -6.150238901 -7.125795438 28.013286458
v -6.103778819 -8.784466492 27.054293328
v -6.102004034 -9.393935547 27.155312615
v -6.379768315 -9.601577549 27.203517691
v -6.391012820 -9.189504135 27.205360881
v -6.150238901 -7.125795438 28.013286458
v -3.721716097 -11.495286010 29.403639161
v -4.010723346 -11.153083595 29.369397119
v -4.010723346 -11.153083595 29.369397119
v -4.010723346 -11.153083595 29.369397119
v -4.713026450 -9.546217475 29.931244093
v -4.690317354 -8.898425338 29.919708143
v -4.744683496 -9.532157957 29.910693385
v -3.901102111 -9.998849418 28.916580741
v -5.857350385 -7.265822520 28.553501497
v -4.152879912 -8.412461905 28.948027917
v -4.688486123 -7.782446576 28.110884295
v -3.641728607 -8.486216048 29.133781905
v -4.674303960 -8.024078659 28.106589478
v -4.184920190 -8.381545894 28.912261663
v -3.694524796 -8.466636894 29.016541015
v -3.641728607 -8.486216048 29.133781905
v -3.641728607 -8.486216048 29.133781905
v -3.694524796 -8.466636894 29.016541015
v -4.152879912 -8.412461905 28.948027917
v -3.694524796 -8.466636894 29.016541015
v -4.184920190 -8.381545894 28.912261663
v -4.353962587 -7.977608406 28.755830291
v -4.074928365 -8.576606114 28.699215490
v -3.694524796 -8.466636894 29.016541015
v -3.627703507 -8.834793749 29.337783384
v -4.779961848 -14.312347538 27.206487798
v -3.535417789 -8.906556697 29.063441707
v -3.641728607 -8.486216048 29.133781905
v -3.991443595 -11.453996741 29.121133949
v -4.744683496 -9.532157957 29.910693385
v -5.552401907 -7.574892895 28.556099627
v -4.777777105 -14.546618769 27.175539907
v -3.852962451 -10.116833227 28.911410478
v -4.777777105 -14.546618769 27.175539907
v -5.552401907 -7.574892895 28.556099627
v -4.779961848 -14.312347538 27.206487798
v -4.777777105 -14.546618769 27.175539907
v -5.524446493 -14.379271363 27.256236243
v -3.852962451 -10.116833227 28.911410478
v -3.721716097 -11.495286010 29.403639161
v -4.744683496 -9.532157957 29.910693385
v -4.010723346 -11.153083595 29.369397119
v -5.518123767 -14.582047657 27.259483641
v -4.184920190 -8.381545894 28.912261663
v -4.777777105 -14.546618769 27.175539907
v -4.527440353 -12.082538236 28.689975663
v -4.644826630 -13.172527456 28.877488000
v -4.527440353 -12.082538236 28.689975663
v -6.094200415 -10.821660008 27.185101360
v -4.527440353 -12.082538236 28.689975663
v -4.644826630 -13.172527456 28.877488000
v -5.518123767 -14.582047657 27.259483641
v -4.006862126 -11.280655869 28.179654495
v -6.371559783 -9.987868214 27.170299031
v -3.225572897 -10.576980762 28.984087968
v -3.721716097 -11.495286010 29.403639161
v -6.104207899 -10.852638521 27.162417165
v -6.540581629 -12.028069306 27.841435765
v -4.660916090 -8.787998535 27.929465872
v -4.723076251 -13.610499096 27.185666185
v -5.518123767 -14.582047657 27.259483641
v -4.542857110 -11.947987644 27.840590505
v -5.518123767 -14.582047657 27.259483641
v -5.518123767 -14.582047657 27.259483641
v -5.518123767 -14.582047657 27.259483641
v -4.759861354 -14.831098115 27.244889362
v -4.759861354 -14.831098115 27.244889362
v -4.723076251 -13.610499096 27.185666185
v -4.759861354 -14.831098115 27.244889362
v -4.759861354 -14.831098115 27.244889362
v -5.536349134 -14.326552013 27.256593890
v -4.759861354 -14.831098115 27.244889362
v -4.759861354 -14.831098115 27.244889362
v -4.765570229 -14.790295538 27.200517949
v -5.532267420 -14.336758367 27.257265146
v -5.532267420 -14.336758367 27.257265146
v -5.536349134 -14.326552013 27.256593890
v -4.777777105 -14.546618769 27.175539907
v -5.523005503 -14.454301129 27.266710789
v -4.712151172 -14.543832187 27.265613463
v -4.779961848 -14.312347538 27.206487798
v -5.532267420 -14.336758367 27.257265146
v -3.885049666 -11.479241747 28.182383238
v -4.006862126 -11.280655869 28.179654495
v -4.644826630 -13.172527456 28.877488000
v -4.121008477 -11.714030824 28.161804054
v -4.644826630 -13.172527456 28.877488000
v -6.540581629 -12.028069306 27.841435765
v -4.609858139 -13.369991990 28.140911656
v -4.531337272 -9.772281693 27.942665634
v -4.006862126 -11.280655869 28.179654495
v -4.531337272 -9.772281693 27.942665634
v -4.607334635 -12.459400730 28.843606709
v -4.527440353 -12.082538236 28.689975663
v -4.527440353 -12.082538236 28.689975663
v -4.607334635 -12.459400730 28.843606709
v -6.104207899 -10.852638521 27.162417165
v -6.104207899 -10.852638521 27.162417165
v -6.094200415 -10.821660008 27.185101360
v -6.540581629 -12.028069306 27.841435765
v -6.540581629 -12.028069306 27.841435765
v -6.366819288 -9.472635523 27.213856597
v -5.581921719 -12.415514738 28.694592138
v -4.609858139 -13.369991990 28.140911656
v -5.183021324 -12.583725039 28.792753883
v -5.519756987 -14.498151166 27.256735481
v -5.519317672 -14.468406070 27.262264366
v -6.368316488 -18.187616779 30.282413268
v -5.874928387 -18.841305619 30.350359893
v -6.319966643 -18.519363116 30.198937961
v -5.874928387 -18.841305619 30.350359893
v -6.190135093 -18.639265418 30.244044103
v -5.923719412 -18.410297834 30.417805279
v -5.874928387 -18.841305619 30.350359893
v -5.915697663 -17.484997286 30.631182244
v -5.923719412 -18.410297834 30.417805279
v -5.874928387 -18.841305619 30.350359893
v -4.709626385 -14.578307213 27.265652836
v -5.516625367 -14.552910234 27.260281823
v -5.529527606 -14.392889926 27.265300774
v -5.536349134 -14.326552013 27.256593890
v -5.532267420 -14.336758367 27.257265146
v -4.631776689 -13.830646495 28.096997278
v -5.874928387 -18.841305619 30.350359893
v -5.874928387 -18.841305619 30.350359893
v -5.532267420 -14.336758367 27.257265146
v -5.536349134 -14.326552013 27.256593890
v -5.923719412 -18.410297834 30.417805279
v -5.923719412 -18.410297834 30.417805279
v -4.692761430 -13.573604652 27.250385132
v -4.728263985 -13.450207162 27.233239930
v -4.713076925 -13.139451130 27.224477369
v -4.692761430 -13.573604652 27.250385132
v -4.574270049 -13.454974724 28.125263506
v -4.574270049 -13.454974724 28.125263506
v -4.644826630 -13.172527456 28.877488000
v -4.006862126 -11.280655869 28.179654495
v -4.644826630 -13.172527456 28.877488000
v -5.518123767 -14.582047657 27.259483641
v -4.644826630 -13.172527456 28.877488000
v -4.777777105 -14.546618769 27.175539907
v -4.707936385 -13.369109141 27.106452584
v -4.728263985 -13.450207162 27.233239930
v -6.427650974 -18.158333034 30.210671499
v -5.915697663 -17.484997286 30.631182244
v -5.712777675 -18.879024656 30.260627580
v -6.368316488 -18.187616779 30.282413268
v -5.712777675 -18.879024656 30.260627580
v -5.712777675 -18.879024656 30.260627580
v -4.609858139 -13.369991990 28.140911656
v -4.609858139 -13.369991990 28.140911656
v -4.592638463 -13.479295136 28.135593997
v -4.592638463 -13.479295136 28.135593997
v -5.915697663 -17.484997286 30.631182244
v -5.915697663 -17.484997286 30.631182244
v -6.190135093 -18.639265418 30.244044103
v -6.427650974 -18.158333034 30.210671499
v -5.923719412 -18.410297834 30.417805279
v -6.030655516 -18.219921684 30.353359560
v -6.190135093 -18.639265418 30.244044103
v -6.190135093 -18.639265418 30.244044103
v -6.540581629 -12.028069306 27.841435765
v -4.609858139 -13.369991990 28.140911656
v -4.765570229 -14.790295538 27.200517949
v -4.765570229 -14.790295538 27.200517949
v -4.706391380 -13.147555842 27.111954704
v -4.135168647 -11.871096302 27.888326381
v -4.135168647 -11.871096302 27.888326381
v -4.135168647 -11.871096302 27.888326381
v -4.076658822 -12.309233619 27.902681122
v -4.076658822 -12.309233619 27.902681122
v -4.762042612 -12.028115543 27.841435765
v -4.659873356 -12.588883102 26.920119567
v -4.765570229 -14.790295538 27.200517949
v -4.592638463 -13.479295136 28.135593997
v -4.592638463 -13.479295136 28.135593997
v -4.592638463 -13.479295136 28.135593997
v -5.915697663 -17.484997286 30.631182244
v -6.030655516 -18.219921684 30.353359560
v -6.030655516 -18.219921684 30.353359560
v -5.923719412 -18.410297834 30.417805279
v -5.712777675 -18.879024656 30.260627580
v -5.524446493 -14.379271363 27.256236243
v -5.536349134 -14.326552013 27.256593890
v -4.765570229 -14.790295538 27.200517949
v -4.777777105 -14.546618769 27.175539907
v -5.516625367 -14.552910234 27.260281823
v -4.746558334 -13.933070022 27.237905602
v -5.536349134 -14.326552013 27.256593890
v -4.706391380 -13.147555842 27.111954704
v -4.668705311 -12.608717871 26.921436307
v -4.668705311 -12.608717871 26.921436307
v -4.706391380 -13.147555842 27.111954704
v -4.666096923 -12.205016490 27.848097870
v -4.346265538 -12.076201529 27.885610223
v -4.412924055 -12.611111894 27.904501683
v -4.713076925 -13.139451130 27.224477369
v -4.656762909 -12.634807917 26.925186325
v -4.713076925 -13.139451130 27.224477369
v -4.656762909 -12.634807917 26.925186325
v -4.537444282 -14.533256739 27.991055206
v -4.707936385 -13.369109141 27.106452584
v -4.723076251 -13.610499096 27.185666185
v -4.509309384 -14.963580083 28.007699631
v -4.542857110 -11.947987644 27.840590505
v -4.245478475 -14.652963103 28.001424151
v -4.728263985 -13.450207162 27.233239930
v -4.625383779 -14.615465281 27.989166130
v -4.707936385 -13.369109141 27.106452584
v -4.412924055 -12.611111894 27.904501683
v -4.709626385 -14.578307213 27.265652836
v -4.177677326 -12.729939765 27.983921182
v -5.519317672 -14.468406070 27.262264366
v -5.536349134 -14.326552013 27.256593890
v -5.524446493 -14.379271363 27.256236243
v -4.713076925 -13.139451130 27.224477369
v -4.350835163 -13.459367194 27.934765353
v -4.350835163 -13.459367194 27.934765353
v -4.668705311 -12.608717871 26.921436307
v -4.713076925 -13.139451130 27.224477369
v -4.713076925 -13.139451130 27.224477369
v -4.777777105 -14.546618769 27.175539907
v -4.625383779 -14.615465281 27.989166130
v -4.699410502 -14.584194927 27.267563331
v -5.098122887 -10.232751252 27.824094298
v -5.190976324 -10.481064157 27.089727722
v -4.929190596 -10.833071458 27.184053103
v -4.954877247 -10.410059793 27.205972546
v -4.585963606 -11.233032248 27.888395596
v -4.929190596 -10.833071458 27.184053103
v -5.202681269 -10.647443580 27.174281889
v -4.757057075 -10.680135874 27.785913567
v -4.185766215 -10.943129232 28.101108221
v -4.328097484 -10.652347722 28.021762830
v -5.169467975 -10.668249256 27.186056072
v -5.001824348 -10.399156508 27.762735680
v -4.638004553 -10.384037164 27.779880689
v -4.638004553 -10.384037164 27.779880689
v -4.483164206 -10.900360446 27.804198873
v -4.699159864 -14.600374439 27.263041186
v -4.954877247 -10.410059793 27.205972546
v -5.536349134 -14.326552013 27.256593890
v -5.536349134 -14.326552013 27.256593890
v -5.536349134 -14.326552013 27.256593890
v -4.544784806 -10.460882269 27.787341910
v -5.519317672 -14.468406070 27.262264366
v -5.536349134 -14.326552013 27.256593890
v -4.779961848 -14.312347538 27.206487798
v -4.777777105 -14.546618769 27.175539907
v -4.707936385 -13.369109141 27.106452584
v -4.709626385 -14.578307213 27.265652836
v -4.759861354 -14.831098115 27.244889362
v -4.419437068 -14.283102511 27.259129808
v -4.256288590 -13.639504698 27.940636730
v -4.745933157 -14.270468480 27.229549521
v -4.631776689 -13.830646495 28.096997278
v -4.573497125 -14.077919434 28.089616458
v -4.631776689 -13.830646495 28.096997278
v -4.631776689 -13.830646495 28.096997278
v -4.631776689 -13.830646495 28.096997278
v -4.631776689 -13.830646495 28.096997278
v -4.709626385 -14.578307213 27.265652836
v -4.759861354 -14.831098115 27.244889362
v -4.712151172 -14.543832187 27.265613463
v -4.728263985 -13.450207162 27.233239930
v -4.006862126 -11.280655869 28.179654495
v -4.121008477 -11.714030824 28.161804054
v -4.124425133 -11.352599903 28.043043252
v -4.728263985 -13.450207162 27.233239930
v -4.121008477 -11.714030824 28.161804054
v -4.245478475 -14.652963103 28.001424151
v -4.256288590 -13.639504698 27.940636730
v -4.692761430 -13.573604652 27.250385132
v -4.148618541 -13.896903436 27.972100824
v -4.245478475 -14.652963103 28.001424151
v -4.711055604 -13.814840016 27.230391568
v -6.104207899 -10.852638521 27.162417165
v -5.202681269 -10.647443580 27.174281889
v -4.537444282 -14.533256739 27.991055206
v -4.631776689 -13.830646495 28.096997278
v -4.631776689 -13.830646495 28.096997278
v -4.573497125 -14.077919434 28.089616458
v -4.625383779 -14.615465281 27.989166130
v -4.698780712 -14.486386692 27.271729987
v -4.573497125 -14.077919434 28.089616458
v -5.651595309 -12.749354848 28.747128982
v -4.659873356 -12.588883102 26.920119567
v -4.659873356 -12.588883102 26.920119567
v -4.484034882 -11.452517035 27.823821634
v -5.651595309 -12.749354848 28.747128982
v -4.609858139 -13.369991990 28.140911656
v -4.609858139 -13.369991990 28.140911656
v -5.651595309 -12.749354848 28.747128982
v -6.379768315 -9.601577549 27.203517691
v -6.379768315 -9.601577549 27.203517691
v -6.379768315 -9.601577549 27.203517691
v -6.366819288 -9.472635523 27.213856597
v -5.186232188 -10.852634750 27.162416755
v -5.186232188 -10.852634750 27.162416755
v -4.659873356 -12.588883102 26.920119567
v -4.659873356 -12.588883102 26.920119567
v -6.540581629 -12.028069306 27.841435765
v -6.391012820 -9.189504135 27.205360881
v -6.102004034 -9.393935547 27.155312615
v -6.103058773 -9.021665525 27.103201840
v -4.121008477 -11.714030824 28.161804054
v -4.607334635 -12.459400730 28.843606709
v -4.607334635 -12.459400730 28.843606709
v -4.350835163 -13.459367194 27.934765353
v -4.713076925 -13.139451130 27.224477369
v -4.350835163 -13.459367194 27.934765353
v -4.607334635 -12.459400730 28.843606709
v -4.607334635 -12.459400730 28.843606709
v -4.609858139 -13.369991990 28.140911656
v -4.644826630 -13.172527456 28.877488000
v -4.644826630 -13.172527456 28.877488000
v -6.190135093 -18.639265418 30.244044103
v -5.874928387 -18.841305619 30.350359893
v -5.923719412 -18.410297834 30.417805279
v -5.923719412 -18.410297834 30.417805279
v -5.913412240 -18.082429121 30.525075852
v -4.614273610 -13.715147654 28.067587957
v -4.631776689 -13.830646495 28.096997278
v -4.631776689 -13.830646495 28.096997278
v -4.614273610 -13.715147654 28.067587957
v -4.631776689 -13.830646495 28.096997278
v -4.614273610 -13.715147654 28.067587957
v -5.923719412 -18.410297834 30.417805279
v -5.915697663 -17.484997286 30.631182244
v -4.592638463 -13.479295136 28.135593997
v -4.592638463 -13.479295136 28.135593997
v -6.030655516 -18.219921684 30.353359560
v -6.030655516 -18.219921684 30.353359560
v -5.923719412 -18.410297834 30.417805279
v -4.614273610 -13.715147654 28.067587957
v -5.874928387 -18.841305619 30.350359893
v -5.874928387 -18.841305619 30.350359893
v -5.874928387 -18.841305619 30.350359893
v -5.874928387 -18.841305619 30.350359893
v -5.923719412 -18.410297834 30.417805279
v -5.923719412 -18.410297834 30.417805279
v -5.874928387 -18.841305619 30.350359893
v -6.030655516 -18.219921684 30.353359560
v -5.874928387 -18.841305619 30.350359893
v -6.030655516 -18.219921684 30.353359560
v -4.118661521 -11.319223622 29.031430209
v -4.713076925 -13.139451130 27.224477369
v -4.711055604 -13.814840016 27.230391568
v -4.692761430 -13.573604652 27.250385132
v -4.609858139 -13.369991990 28.140911656
v -5.536349134 -14.326552013 27.256593890
v -4.609858139 -13.369991990 28.140911656
v -5.183021324 -12.583725039 28.792753883
v -4.607334635 -12.459400730 28.843606709
v -4.592638463 -13.479295136 28.135593997
v -4.745933157 -14.270468480 27.229549521
v -4.609858139 -13.369991990 28.140911656
v -5.324002091 -10.152207224 27.747608390
v -5.324002091 -10.152207224 27.747608390
v -4.531337272 -9.772281693 27.942665634
v -4.085843833 -11.624741372 29.103144419
v -4.130626100 -10.892329304 29.144676438
v -6.109359668 -10.118261886 27.150139884
v -4.010723346 -11.153083595 29.369397119
v -4.010723346 -11.153083595 29.369397119
v -3.991443595 -11.453996741 29.121133949
v -4.085843833 -11.624741372 29.103144419
v -3.535417789 -8.906556697 29.063441707
v -5.586269325 -8.399440884 29.382612148
v -5.268456831 -7.619865589 28.556332191
v -4.835745225 -9.166505709 29.915033290
v -4.744683496 -9.532157957 29.910693385
v -4.674303960 -8.024078659 28.106589478
v -4.674303960 -8.024078659 28.106589478
v -4.580664763 -8.282078472 28.052351601
v -4.085843833 -11.624741372 29.103144419
v -4.779961848 -14.312347538 27.206487798
v -4.746558334 -13.933070022 27.237905602
v -4.777777105 -14.546618769 27.175539907
v -4.638004553 -10.384037164 27.779880689
v -4.767509533 -14.368795847 27.176211660
v -4.177677326 -12.729939765 27.983921182
v -4.668705311 -12.608717871 26.921436307
v -4.713076925 -13.139451130 27.224477369
v -3.721716097 -11.495286010 29.403639161
v -6.481256699 -11.628678198 27.825633105
v -5.516625367 -14.552910234 27.260281823
v -5.536349134 -14.326552013 27.256593890
v -4.713076925 -13.139451130 27.224477369
v -6.110251019 -7.062960000 28.044416362
v -4.674303960 -8.024078659 28.106589478
v -5.135125634 -7.339315714 28.031416554
v -4.713026450 -9.546217475 29.931244093
v -3.225572897 -10.576980762 28.984087968
v -2.621996580 -9.767720069 29.484053219
v -2.697765137 -9.681212623 29.376995652
v -2.517566177 -9.720487767 29.467902161
v -2.880228475 -9.749341761 29.470325618
v -3.228477217 -10.564027885 28.963912132
v -4.118661521 -11.319223622 29.031430209
v -5.187381314 -9.021663639 27.103201293
v -5.187381314 -9.021663639 27.103201293
v -6.103058773 -9.021665525 27.103201840
v -6.102004034 -9.393935547 27.155312615
v -2.663799739 -9.322248120 29.368650769
v -2.562079758 -9.273082303 29.355013196
v -2.697765137 -9.681212623 29.376995652
v -2.599755302 -9.198800621 29.444095941
v -2.517566177 -9.720487767 29.467902161
v -2.562079758 -9.273082303 29.355013196
v -4.580664763 -8.282078472 28.052351601
v -4.580664763 -8.282078472 28.052351601
v -4.546530737 -8.818052277 27.961775226
v -4.593480347 -9.296415371 27.999579120
v -4.593480347 -9.296415371 27.999579120
v -4.593480347 -9.296415371 27.999579120
v -4.593480347 -9.296415371 27.999579120
v -4.593480347 -9.296415371 27.999579120
v -5.180481822 -9.772602240 27.174205687
v -5.171398682 -8.941868330 27.225473664
v -3.250493046 -10.228075832 28.305415072
v -4.580664763 -8.282078472 28.052351601
v -4.660916090 -8.787998535 27.929465872
v -4.674303960 -8.024078659 28.106589478
v -3.250493046 -10.228075832 28.305415072
v -3.250493046 -10.228075832 28.305415072
v -3.250493046 -10.228075832 28.305415072
v -3.250493046 -10.228075832 28.305415072
v -3.250493046 -10.228075832 28.305415072
v -3.250493046 -10.228075832 28.305415072
v -3.250493046 -10.228075832 28.305415072
v -3.250493046 -10.228075832 28.305415072
v -3.324989273 -8.744449375 29.482050853
v -5.161300991 -7.233480307 28.045814642
v -5.187832649 -7.123252429 28.045775490
v -5.176956608 -7.193855604 27.996733621
v -5.176956608 -7.193855604 27.996733621
v -5.176956608 -7.193855604 27.996733621
v -5.176956608 -7.193855604 27.996733621
v -5.176956608 -7.193855604 27.996733621
v -5.161300991 -7.233480307 28.045814642
v -3.416240496 -8.907004158 29.247781536
v -3.448806047 -8.997797922 28.915888810
v -2.949115109 -9.338389459 29.013839062
v -3.448806047 -8.997797922 28.915888810
v -2.517566177 -9.720487767 29.467902161
v -3.110184506 -8.802270962 29.273123520
v -2.517566177 -9.720487767 29.467902161
v -3.429655625 -8.917776604 29.454306697
v -2.949115109 -9.338389459 29.013839062
v -5.187832649 -7.123252429 28.045775490
v -5.176956608 -7.193855604 27.996733621
v -2.517566177 -9.720487767 29.467902161
v -2.517566177 -9.720487767 29.467902161
v -2.517566177 -9.720487767 29.467902161
v -2.517566177 -9.720487767 29.467902161
v -2.949115109 -9.338389459 29.013839062
v -2.517566177 -9.720487767 29.467902161
v -3.520352268 -8.988962002 28.941663248
v -5.187832649 -7.123252429 28.045775490
v -5.552401907 -7.574892895 28.556099627
v -5.187832649 -7.123252429 28.045775490
v -6.000623347 -17.219207504 30.581240206
v -6.000623347 -17.219207504 30.581240206
v -6.000623347 -17.219207504 30.581240206
v -6.000623347 -17.219207504 30.581240206
v -5.871182366 -17.188692320 30.738197002
v -5.871182366 -17.188692320 30.738197002
v -6.000623347 -17.219207504 30.581240206
v -6.000623347 -17.219207504 30.581240206
v -6.000623347 -17.219207504 30.581240206
v -5.913412240 -18.082429121 30.525075852
v -6.000623347 -17.219207504 30.581240206
v -6.000623347 -17.219207504 30.581240206
v -6.000623347 -17.219207504 30.581240206
v -6.000623347 -17.219207504 30.581240206
v -5.198370117 -9.925134464 27.214990343
v -6.109958266 -9.772604125 27.174206097
v -5.198370117 -9.925134464 27.214990343
v -5.180481822 -9.772602240 27.174205687
v -6.047348116 -16.575160572 30.588216467
v -6.000623347 -17.219207504 30.581240206
v -5.871182366 -17.188692320 30.738197002
v -5.400596138 -17.201936010 30.824867691
v -6.047348116 -16.575160572 30.588216467
v -6.000623347 -17.219207504 30.581240206
v -4.039820361 -8.961415293 28.909622989
v -3.005709796 -8.878258532 29.416799013
v -2.599755302 -9.198800621 29.444095941
v -2.547374160 -9.637068988 29.544821155
v -3.110184506 -8.802270962 29.273123520
v -3.901102111 -9.998849418 28.916580741
v -6.103058773 -9.021665525 27.103201840
v -2.517566177 -9.720487767 29.467902161
v -4.118661521 -11.319223622 29.031430209
v -4.085843833 -11.624741372 29.103144419
v -4.085843833 -11.624741372 29.103144419
v -3.904216283 -11.321192976 28.209121854
v -2.949115109 -9.338389459 29.013839062
v -5.187381314 -9.021663639 27.103201293
v -5.187381314 -9.021663639 27.103201293
v -3.828942673 -10.094374454 28.884757397
v -3.991443595 -11.453996741 29.121133949
v -3.904216283 -11.321192976 28.209121854
v -4.899427619 -9.189506020 27.205361222
v -5.180481822 -9.772602240 27.174205687
v -5.180481822 -9.772602240 27.174205687
v -3.250493046 -10.228075832 28.305415072
v -3.108133708 -10.033787779 28.336812606
v -3.250493046 -10.228075832 28.305415072
v -3.250493046 -10.228075832 28.305415072
v -3.108133708 -10.033787779 28.336812606
v -5.196310330 -9.382114997 27.204803636
v -5.196310330 -9.382114997 27.204803636
v -4.883961523 -8.661911711 27.164011674
v -5.268456831 -7.619865589 28.556332191
v -5.189784128 -8.271680863 26.924412422
v -4.531337272 -9.772281693 27.942665634
v -5.198370117 -9.925134464 27.214990343
v -6.000623347 -17.219207504 30.581240206
v -6.047348116 -16.575160572 30.588216467
v -4.137720733 -10.421673696 28.085669813
v -5.268456831 -7.619865589 28.556332191
v -4.674303960 -8.024078659 28.106589478
v -6.109359668 -10.118261886 27.150139884
v -5.180481822 -9.772602240 27.174205687
v -4.546530737 -8.818052277 27.961775226
v -4.219749487 -9.707920449 28.156598958
v -4.337794522 -10.441647875 28.100152497
v -5.172282851 -9.944654396 27.229189200
v -4.184920190 -8.381545894 28.912261663
v -6.113500425 -7.873232187 26.731442310
v -6.103778819 -8.784466492 27.054293328
v -4.184920190 -8.381545894 28.912261663
v -6.103058773 -9.021665525 27.103201840
v -6.103778819 -8.784466492 27.054293328
v -5.198370117 -9.925134464 27.214990343
v -4.137720733 -10.421673696 28.085669813
v -5.268456831 -7.619865589 28.556332191
v -4.353962587 -7.977608406 28.755830291
v -4.674303960 -8.024078659 28.106589478
v -5.164485791 -7.959532469 27.866661433
v -3.975871856 -9.072844985 28.803831647
v -4.074928365 -8.576606114 28.699215490
v -4.074928365 -8.576606114 28.699215490
v -3.369184789 -9.390540511 29.285882589
v -3.503628819 -9.441543412 28.216540945
v -3.346680380 -9.672288957 28.233157991
v -4.219749487 -9.707920449 28.156598958
v -4.546530737 -8.818052277 27.961775226
v -5.171398682 -8.941868330 27.225473664
v -2.697765137 -9.681212623 29.376995652
v -5.186274338 -8.676686456 27.022832643
v -2.853502800 -8.950467882 29.377727481
v -5.186274338 -8.676686456 27.022832643
v -5.189784128 -8.271680863 26.924412422
v -6.100219204 -8.027892864 26.981551035
v -6.115151088 -8.235900605 26.904826430
v -6.109359668 -10.118261886 27.150139884
v -5.172282851 -9.944654396 27.229189200
v -5.186661269 -8.784462722 27.054292509
v -3.306460251 -9.613001291 28.889274170
v -5.186661269 -8.784462722 27.054292509
v -5.178091639 -8.862001381 27.088723165
v -2.697765137 -9.681212623 29.376995652
v -3.503628819 -9.441543412 28.216540945
v -4.219749487 -9.707920449 28.156598958
v -4.118661521 -11.319223622 29.031430209
v -4.085843833 -11.624741372 29.103144419
v -2.825667184 -9.209370503 29.407489975
v -2.900471863 -9.774276655 29.318685431
v -2.697765137 -9.681212623 29.376995652
v -3.110184506 -8.802270962 29.273123520
v -4.039820361 -8.961415293 28.909622989
v -3.228477217 -10.564027885 28.963912132
v -5.268456831 -7.619865589 28.556332191
v -3.185673487 -8.863697676 29.579161936
v -2.547374160 -9.637068988 29.544821155
v -2.604693771 -9.612994246 29.509472657
v -6.105637421 -8.271654469 26.888711458
v -2.825667184 -9.209370503 29.407489975
v -2.801753713 -9.693790386 29.535697978
v -3.306460251 -9.613001291 28.889274170
v -5.178091639 -8.862001381 27.088723165
v -6.102004034 -9.393935547 27.155312615
v -6.103778819 -8.784466492 27.054293328
v -6.103058773 -9.021665525 27.103201840
v -3.337313707 -9.613081500 29.031473571
v -4.039820361 -8.961415293 28.909622989
v -3.901102111 -9.998849418 28.916580741
v -2.547374160 -9.637068988 29.544821155
v -2.562079758 -9.273082303 29.355013196
v -2.562079758 -9.273082303 29.355013196
v -6.102004034 -9.393935547 27.155312615
v -5.187381314 -9.021663639 27.103201293
v -5.187381314 -9.021663639 27.103201293
v -5.171398682 -8.941868330 27.225473664
v -5.173862373 -8.890016272 27.135409387
v -4.184920190 -8.381545894 28.912261663
v -6.113500425 -7.873232187 26.731442310
v -6.104165750 -8.676690226 27.022833190
v -6.104165750 -8.676690226 27.022833190
v -5.189784128 -8.271680863 26.924412422
v -5.184802667 -8.271650699 26.888710912
v -4.184920190 -8.381545894 28.912261663
v -6.103058773 -9.021665525 27.103201840
v -2.892704680 -9.315858152 29.018692821
v -2.900471863 -9.774276655 29.318685431
v -6.103058773 -9.021665525 27.103201840
v -3.228477217 -10.564027885 28.963912132
v -3.108133708 -10.033787779 28.336812606
v -3.867729129 -10.127125617 28.887256037
v -3.346680380 -9.672288957 28.233157991
v -2.562079758 -9.273082303 29.355013196
v -2.853502800 -8.950467882 29.377727481
v -2.697765137 -9.681212623 29.376995652
v -3.228477217 -10.564027885 28.963912132
v -3.901102111 -9.998849418 28.916580741
v -4.000723688 -9.143396409 28.798255011
v -3.896035918 -8.987427853 28.979735940
v -3.256456799 -9.640081930 28.886279920
v -2.937904842 -9.360664293 29.017031540
v -3.228477217 -10.564027885 28.963912132
v -2.547374160 -9.637068988 29.544821155
v -2.517566177 -9.720487767 29.467902161
v -2.517566177 -9.720487767 29.467902161
v -2.517566177 -9.720487767 29.467902161
v -2.880228475 -9.749341761 29.470325618
v -3.970718678 -9.188508151 28.786505909
v -4.039820361 -8.961415293 28.909622989
v -3.896035918 -8.987427853 28.979735940
v -2.663799739 -9.322248120 29.368650769
v -2.562079758 -9.273082303 29.355013196
v -2.547374160 -9.637068988 29.544821155
v -2.517566177 -9.720487767 29.467902161
v -2.517566177 -9.720487767 29.467902161
v -3.112913896 -9.402414628 29.441408212
v -3.108133708 -10.033787779 28.336812606
v -3.134697938 -10.029002733 28.314157032
v -3.134697938 -10.029002733 28.314157032
v -3.108133708 -10.033787779 28.336812606
v -3.108133708 -10.033787779 28.336812606
v -3.108133708 -10.033787779 28.336812606
v -3.108133708 -10.033787779 28.336812606
v -3.108133708 -10.033787779 28.336812606
v -3.134697938 -10.029002733 28.314157032
v -3.108133708 -10.033787779 28.336812606
v -3.108133708 -10.033787779 28.336812606
v -3.108133708 -10.033787779 28.336812606
v -3.108133708 -10.033787779 28.336812606
v -3.134697938 -10.029002733 28.314157032
v -3.108133708 -10.033787779 28.336812606
v -3.108133708 -10.033787779 28.336812606
v -3.108133708 -10.033787779 28.336812606
v -3.108133708 -10.033787779 28.336812606
v -3.108133708 -10.033787779 28.336812606
v -3.108133708 -10.033787779 28.336812606
v -3.108133708 -10.033787779 28.336812606
v -3.108133708 -10.033787779 28.336812606
v -2.547374160 -9.637068988 29.544821155
v -2.517566177 -9.720487767 29.467902161
v -2.517566177 -9.720487767 29.467902161
v -2.599755302 -9.198800621 29.444095941
v -3.004077989 -9.329842979 29.699021109
v -2.897440758 -9.476852526 29.641869130
v -3.153351120 -9.196565826 29.606244032
v -2.685338647 -9.367905133 29.816603590
v -3.105486257 -9.767377986 29.462201446
v -2.853502800 -8.950467882 29.377727481
v -4.546530737 -8.818052277 27.961775226
v -3.250493046 -10.228075832 28.305415072
v -3.250493046 -10.228075832 28.305415072
v -3.250493046 -10.228075832 28.305415072
v -3.250493046 -10.228075832 28.305415072
v -3.250493046 -10.228075832 28.305415072
v -2.954430159 -9.691807294 29.504948096
v -3.108133708 -10.033787779 28.336812606
v -3.459067312 -10.136134594 28.206723529
v -3.108133708 -10.033787779 28.336812606
v -4.580664763 -8.282078472 28.052351601
v -4.920174782 -8.999664597 27.248193161
v -3.459067312 -10.136134594 28.206723529
v -5.174739613 -9.345650392 27.188031045
v -3.108133708 -10.033787779 28.336812606
v -3.228477217 -10.564027885 28.963912132
v -3.250493046 -10.228075832 28.305415072
v -3.108133708 -10.033787779 28.336812606
v -3.108133708 -10.033787779 28.336812606
v -3.108133708 -10.033787779 28.336812606
v -2.894773795 -10.521208619 28.395386884
v -3.108133708 -10.033787779 28.336812606
v -4.219749487 -9.707920449 28.156598958
v -4.219749487 -9.707920449 28.156598958
v -3.108133708 -10.033787779 28.336812606
v -3.108133708 -10.033787779 28.336812606
v -2.517566177 -9.720487767 29.467902161
v -2.517566177 -9.720487767 29.467902161
v -3.108133708 -10.033787779 28.336812606
v -3.108133708 -10.033787779 28.336812606
v -4.923621063 -9.472635523 27.213857007
v -4.689745724 -9.606754931 27.988594234
v -4.219749487 -9.707920449 28.156598958
v -4.689745724 -9.606754931 27.988594234
v -4.219749487 -9.707920449 28.156598958
v -4.039820361 -8.961415293 28.909622989
v -3.293801525 -9.541333240 28.899202834
v -4.219749487 -9.707920449 28.156598958
v -3.459067312 -10.136134594 28.206723529
v -4.219749487 -9.707920449 28.156598958
v -4.738594795 -9.084420901 27.918344653
v -4.923621063 -9.472635523 27.213857007
v -4.593480347 -9.296415371 27.999579120
v -3.108133708 -10.033787779 28.336812606
v -5.187381314 -9.021663639 27.103201293
v -5.187381314 -9.021663639 27.103201293
v -6.102004034 -9.393935547 27.155312615
v -6.379768315 -9.601577549 27.203517691
v -6.366819288 -9.472635523 27.213856597
v -6.379768315 -9.601577549 27.203517691
v -6.102004034 -9.393935547 27.155312615
v -6.102004034 -9.393935547 27.155312615
v -5.196310330 -9.382114997 27.204803636
v -5.187381314 -9.021663639 27.103201293
v -5.196310330 -9.382114997 27.204803636
v -5.188436054 -9.393933662 27.155312205
v -4.738594795 -9.084420901 27.918344653
v -4.546530737 -8.818052277 27.961775226
v -2.517566177 -9.720487767 29.467902161
v -5.056421024 -8.160198990 27.876094928
v -3.134697938 -10.029002733 28.314157032
v -2.517566177 -9.720487767 29.467902161
v -2.517566177 -9.720487767 29.467902161
v -2.517566177 -9.720487767 29.467902161
v -2.517566177 -9.720487767 29.467902161
v -3.250493046 -10.228075832 28.305415072
v -2.517566177 -9.720487767 29.467902161
v -3.250493046 -10.228075832 28.305415072
v -2.517566177 -9.720487767 29.467902161
v -4.593480347 -9.296415371 27.999579120
v -4.689745724 -9.606754931 27.988594234
v -4.689745724 -9.606754931 27.988594234
v -4.593480347 -9.296415371 27.999579120
v -4.531337272 -9.772281693 27.942665634
v -4.689745724 -9.606754931 27.988594234
v -4.531337272 -9.772281693 27.942665634
v -4.689745724 -9.606754931 27.988594234
v -4.219749487 -9.707920449 28.156598958
v -3.481742798 -9.022635597 28.905722638
v -3.867729129 -10.127125617 28.887256037
v -3.867729129 -10.127125617 28.887256037
v -3.293801525 -9.541333240 28.899202834
v -4.152879912 -8.412461905 28.948027917
v -3.459067312 -10.136134594 28.206723529
v -3.293801525 -9.541333240 28.899202834
v -4.219749487 -9.707920449 28.156598958
v -4.219749487 -9.707920449 28.156598958
v -3.346680380 -9.672288957 28.233157991
v -4.219749487 -9.707920449 28.156598958
v -4.137720733 -10.421673696 28.085669813
v -4.219749487 -9.707920449 28.156598958
v -4.219749487 -9.707920449 28.156598958
v -4.219749487 -9.707920449 28.156598958
v -4.219749487 -9.707920449 28.156598958
v -4.593480347 -9.296415371 27.999579120
v -2.894773795 -10.521208619 28.395386884
v -3.108133708 -10.033787779 28.336812606
v -2.894773795 -10.521208619 28.395386884
v -2.894773795 -10.521208619 28.395386884
v -3.108133708 -10.033787779 28.336812606
v -3.975871856 -9.072844985 28.803831647
v -2.931169359 -10.512472458 28.394285865
v -2.894773795 -10.521208619 28.395386884
v -2.894773795 -10.521208619 28.395386884
v -3.108133708 -10.033787779 28.336812606
v -4.101062523 -8.585859556 28.707496699
v -3.108133708 -10.033787779 28.336812606
v -3.108133708 -10.033787779 28.336812606
v -3.108133708 -10.033787779 28.336812606
v -3.108133708 -10.033787779 28.336812606
v -3.108133708 -10.033787779 28.336812606
v -2.894773795 -10.521208619 28.395386884
v -2.894773795 -10.521208619 28.395386884
v -3.108133708 -10.033787779 28.336812606
v -3.108133708 -10.033787779 28.336812606
v -2.894773795 -10.521208619 28.395386884
v -2.894773795 -10.521208619 28.395386884
v -2.894773795 -10.521208619 28.395386884
v -3.108133708 -10.033787779 28.336812606
v -2.931169359 -10.512472458 28.394285865
v -2.894773795 -10.521208619 28.395386884
v -2.894773795 -10.521208619 28.395386884
v -3.228477217 -10.564027885 28.963912132
v -3.867729129 -10.127125617 28.887256037
v -3.108133708 -10.033787779 28.336812606
v -2.894773795 -10.521208619 28.395386884
v -3.108133708 -10.033787779 28.336812606
v -3.459067312 -10.136134594 28.206723529
v -3.589575915 -8.955466385 29.279522025
v -3.589575915 -8.955466385 29.279522025
v -3.915432907 -8.477523794 28.696411245
v -3.369184789 -9.390540511 29.285882589
v -3.627703507 -8.834793749 29.337783384
v -3.589575915 -8.955466385 29.279522025
v -4.184920190 -8.381545894 28.912261663
v -3.915432907 -8.477523794 28.696411245
v -3.896035918 -8.987427853 28.979735940
v -4.129998929 -8.544932739 28.718732344
v -4.184920190 -8.381545894 28.912261663
v -4.184920190 -8.381545894 28.912261663
v -4.184920190 -8.381545894 28.912261663
v -4.531337272 -9.772281693 27.942665634
v -4.219749487 -9.707920449 28.156598958
v -2.894773795 -10.521208619 28.395386884
v -2.894773795 -10.521208619 28.395386884
v -3.134697938 -10.029002733 28.314157032
v -2.894773795 -10.521208619 28.395386884
v -2.894773795 -10.521208619 28.395386884
v -3.134697938 -10.029002733 28.314157032
v -3.250493046 -10.228075832 28.305415072
v -2.894773795 -10.521208619 28.395386884
v -3.108133708 -10.033787779 28.336812606
v -2.894773795 -10.521208619 28.395386884
v -2.894773795 -10.521208619 28.395386884
v -3.108133708 -10.033787779 28.336812606
v -3.250493046 -10.228075832 28.305415072
v -3.108133708 -10.033787779 28.336812606
v -2.894773795 -10.521208619 28.395386884
v -3.108133708 -10.033787779 28.336812606
v -3.108133708 -10.033787779 28.336812606
v -3.346680380 -9.672288957 28.233157991
v -3.108133708 -10.033787779 28.336812606
v -2.894773795 -10.521208619 28.395386884
v -3.134697938 -10.029002733 28.314157032
v -3.108133708 -10.033787779 28.336812606
v -3.108133708 -10.033787779 28.336812606
v -3.459067312 -10.136134594 28.206723529
v -3.250221242 -9.631925696 28.860530194
v -3.250493046 -10.228075832 28.305415072
v -3.108133708 -10.033787779 28.336812606
v -3.250493046 -10.228075832 28.305415072
v -3.250221242 -9.631925696 28.860530194
v -3.256456799 -9.640081930 28.886279920
v -3.110184506 -8.802270962 29.273123520
v -2.894773795 -10.521208619 28.395386884
v -3.108133708 -10.033787779 28.336812606
v -5.871182366 -17.188692320 30.738197002
v -6.000623347 -17.219207504 30.581240206
v -6.030655516 -18.219921684 30.353359560
v -5.871182366 -17.188692320 30.738197002
v -5.915697663 -17.484997286 30.631182244
v -5.510382234 -17.336467704 30.787064202
v -6.000623347 -17.219207504 30.581240206
v -6.000623347 -17.219207504 30.581240206
v -6.030655516 -18.219921684 30.353359560
v -6.000623347 -17.219207504 30.581240206
v -3.108133708 -10.033787779 28.336812606
v -3.108133708 -10.033787779 28.336812606
v -6.109958266 -9.772604125 27.174206097
v -6.109958266 -9.772604125 27.174206097
v -6.109958266 -9.772604125 27.174206097
v -6.366819288 -9.472635523 27.213856597
v -5.913412240 -18.082429121 30.525075852
v -5.923719412 -18.410297834 30.417805279
v -6.109958266 -9.772604125 27.174206097
v -6.109958266 -9.772604125 27.174206097
v -6.030655516 -18.219921684 30.353359560
v -6.030655516 -18.219921684 30.353359560
v -3.306460251 -9.613001291 28.889274170
v -3.306460251 -9.613001291 28.889274170
v -3.225572897 -10.576980762 28.984087968
v -3.268056630 -9.624827830 28.859349517
v -3.228477217 -10.564027885 28.963912132
v -3.852962451 -10.116833227 28.911410478
v -2.894773795 -10.521208619 28.395386884
v -3.108133708 -10.033787779 28.336812606
v -2.894773795 -10.521208619 28.395386884
v -2.894773795 -10.521208619 28.395386884
v -3.108133708 -10.033787779 28.336812606
v -2.894773795 -10.521208619 28.395386884
v -3.896035918 -8.987427853 28.979735940
v -4.129998929 -8.544932739 28.718732344
v -5.913412240 -18.082429121 30.525075852
v -6.000623347 -17.219207504 30.581240206
v -6.000623347 -17.219207504 30.581240206
v -5.915697663 -17.484997286 30.631182244
v -5.913412240 -18.082429121 30.525075852
v -5.913412240 -18.082429121 30.525075852
v -4.546530737 -8.818052277 27.961775226
v -3.225572897 -10.576980762 28.984087968
v -5.196310330 -9.382114997 27.204803636
v -3.225572897 -10.576980762 28.984087968
v -6.000623347 -17.219207504 30.581240206
v -6.000623347 -17.219207504 30.581240206
v -6.000623347 -17.219207504 30.581240206
v -6.000623347 -17.219207504 30.581240206
v -6.000623347 -17.219207504 30.581240206
v -6.000623347 -17.219207504 30.581240206
v -6.000623347 -17.219207504 30.581240206
v -6.000623347 -17.219207504 30.581240206
v -3.225572897 -10.576980762 28.984087968
v -4.010723346 -11.153083595 29.369397119
v -4.039820361 -8.961415293 28.909622989
v -4.184920190 -8.381545894 28.912261663
v -6.000623347 -17.219207504 30.581240206
v -6.000623347 -17.219207504 30.581240206
v -6.047348116 -16.575160572 30.588216467
v -6.000623347 -17.219207504 30.581240206
v -6.047348116 -16.575160572 30.588216467
v -6.047348116 -16.575160572 30.588216467
v -3.589575915 -8.955466385 29.279522025
v -3.377120949 -9.592296383 29.054433392
v -3.299950291 -9.992888716 29.309129679
v -4.184920190 -8.381545894 28.912261663
v -4.689745724 -9.606754931 27.988594234
v -4.010723346 -11.153083595 29.369397119
v -6.000623347 -17.219207504 30.581240206
v -6.000623347 -17.219207504 30.581240206
v -6.000623347 -17.219207504 30.581240206
v -5.922350604 -16.508329795 30.727126275
v -5.913412240 -18.082429121 30.525075852
v -4.219749487 -9.707920449 28.156598958
v -4.101062523 -8.585859556 28.707496699
v -3.990743360 -9.165563888 28.774344943
v -4.593480347 -9.296415371 27.999579120
v -3.589575915 -8.955466385 29.279522025
v -4.101062523 -8.585859556 28.707496699
v -4.184920190 -8.381545894 28.912261663
v -6.047348116 -16.575160572 30.588216467
v -6.000623347 -17.219207504 30.581240206
v -6.047348116 -16.575160572 30.588216467
v -6.000623347 -17.219207504 30.581240206
v -6.047348116 -16.575160572 30.588216467
v -6.047348116 -16.575160572 30.588216467
v -6.030655516 -18.219921684 30.353359560
v -5.923719412 -18.410297834 30.417805279
v -6.368316488 -18.187616779 30.282413268
v -6.047348116 -16.575160572 30.588216467
v -6.000623347 -17.219207504 30.581240206
v -5.915697663 -17.484997286 30.631182244
v -5.915697663 -17.484997286 30.631182244
v -5.923719412 -18.410297834 30.417805279
v -6.181876988 -16.113555196 30.402932926
v -5.915697663 -17.484997286 30.631182244
v -5.915697663 -17.484997286 30.631182244
v -6.047348116 -16.575160572 30.588216467
v -4.039820361 -8.961415293 28.909622989
v -6.047348116 -16.575160572 30.588216467
v -3.901102111 -9.998849418 28.916580741
v -3.253224980 -10.001412305 29.213333674
v -3.852962451 -10.116833227 28.911410478
v -3.271832448 -9.998667513 29.221333838
v -3.990743360 -9.165563888 28.774344943
v -3.694524796 -8.466636894 29.016541015
v -3.901102111 -9.998849418 28.916580741
v -4.152879912 -8.412461905 28.948027917
v -4.152879912 -8.412461905 28.948027917
v -3.901102111 -9.998849418 28.916580741
v -3.852962451 -10.116833227 28.911410478
v -3.852962451 -10.116833227 28.911410478
v -4.039820361 -8.961415293 28.909622989
v -3.901102111 -9.998849418 28.916580741
v -4.219749487 -9.707920449 28.156598958
v -4.039820361 -8.961415293 28.909622989
v -4.039820361 -8.961415293 28.909622989
v -2.900471863 -9.774276655 29.318685431
v -3.224366798 -9.612360444 28.867091184
v -3.244595489 -9.934080314 29.329468850
v -3.429655625 -8.917776604 29.454306697
v -2.949115109 -9.338389459 29.013839062
v -3.456878508 -8.848492315 29.457006042
v -3.284663179 -9.998722082 29.247244940
v -3.064205480 -9.879184732 29.430356724
v -2.880228475 -9.749341761 29.470325618
v -2.949115109 -9.338389459 29.013839062
v -3.222137546 -9.988124892 29.258131342
v -2.900471863 -9.774276655 29.318685431
v -3.130982655 -9.774006472 29.560498847
v -3.901102111 -9.998849418 28.916580741
v -3.337710349 -9.262773073 29.635260813
v -3.281458964 -9.481754948 29.640557436
v -2.900471863 -9.774276655 29.318685431
v -2.937904842 -9.360664293 29.017031540
v -3.281458964 -9.481754948 29.640557436
v -3.429655625 -8.917776604 29.454306697
v -3.130982655 -9.774006472 29.560498847
v -3.337710349 -9.262773073 29.635260813
v -3.337710349 -9.262773073 29.635260813
v -4.039820361 -8.961415293 28.909622989
v -6.132315399 -7.302234020 28.043668283
v -5.135125634 -7.339315714 28.031416554
v -5.176956608 -7.193855604 27.996733621
v -5.176956608 -7.193855604 27.996733621
v -5.187997834 -7.095048149 28.046364865
v -5.187832649 -7.123252429 28.045775490
v -5.176956608 -7.193855604 27.996733621
v -5.161300991 -7.233480307 28.045814642
v -5.176956608 -7.193855604 27.996733621
v -5.176956608 -7.193855604 27.996733621
v -5.135125634 -7.339315714 28.031416554
v -5.161300991 -7.233480307 28.045814642
v -5.176956608 -7.193855604 27.996733621
v -3.448806047 -8.997797922 28.915888810
v -3.256456799 -9.640081930 28.886279920
v -3.481742798 -9.022635597 28.905722638
v -3.346680380 -9.672288957 28.233157991
v -3.225572897 -10.576980762 28.984087968
v -3.224366798 -9.612360444 28.867091184
v -3.346680380 -9.672288957 28.233157991
v -3.346680380 -9.672288957 28.233157991
v -3.236034860 -9.393844860 28.238366628
v -3.236034860 -9.393844860 28.238366628
v -3.346680380 -9.672288957 28.233157991
v -3.250221242 -9.631925696 28.860530194
v -3.250221242 -9.631925696 28.860530194
v -3.293801525 -9.541333240 28.899202834
v -3.503628819 -9.441543412 28.216540945
v -3.236034860 -9.393844860 28.238366628
v -5.161300991 -7.233480307 28.045814642
v -5.552401907 -7.574892895 28.556099627
v -5.135125634 -7.339315714 28.031416554
v -6.132315399 -7.302234020 28.043668283
v -5.161300991 -7.233480307 28.045814642
v -5.176956608 -7.193855604 27.996733621
v -2.517566177 -9.720487767 29.467902161
v -2.517566177 -9.720487767 29.467902161
v -2.517566177 -9.720487767 29.467902161
v -2.517566177 -9.720487767 29.467902161
v -3.110184506 -8.802270962 29.273123520
v -2.949115109 -9.338389459 29.013839062
v -3.281458964 -9.481754948 29.640557436
v -3.337710349 -9.262773073 29.635260813
v -3.250493046 -10.228075832 28.305415072
v -3.250493046 -10.228075832 28.305415072
v -3.108133708 -10.033787779 28.336812606
v -3.108133708 -10.033787779 28.336812606
v -3.324989273 -8.744449375 29.482050853
v -3.571918463 -8.637456585 29.344726934
v -3.110184506 -8.802270962 29.273123520
v -3.309778636 -9.593595112 29.003939130
v -3.108133708 -10.033787779 28.336812606
v -3.250493046 -10.228075832 28.305415072
v -3.250493046 -10.228075832 28.305415072
v -3.108133708 -10.033787779 28.336812606
v -3.108133708 -10.033787779 28.336812606
v -3.134697938 -10.029002733 28.314157032
v -3.134697938 -10.029002733 28.314157032
v -3.901102111 -9.998849418 28.916580741
v -3.828942673 -10.094374454 28.884757397
v -3.852962451 -10.116833227 28.911410478
v -3.108133708 -10.033787779 28.336812606
v -3.108133708 -10.033787779 28.336812606
v -3.108133708 -10.033787779 28.336812606
v -3.108133708 -10.033787779 28.336812606
v -3.250493046 -10.228075832 28.305415072
v -6.000623347 -17.219207504 30.581240206
v -6.030655516 -18.219921684 30.353359560
v -5.915697663 -17.484997286 30.631182244
v -5.913412240 -18.082429121 30.525075852
v -6.000623347 -17.219207504 30.581240206
v -6.109958266 -9.772604125 27.174206097
v -6.379768315 -9.601577549 27.203517691
v -6.357620709 -9.887252147 27.178625273
v -6.379768315 -9.601577549 27.203517691
v -6.098460690 -9.930737442 27.176017058
v -6.098460690 -9.930737442 27.176017058
v -6.030655516 -18.219921684 30.353359560
v -6.000623347 -17.219207504 30.581240206
v -6.379768315 -9.601577549 27.203517691
v -6.098460690 -9.930737442 27.176017058
v -6.000623347 -17.219207504 30.581240206
v -6.030655516 -18.219921684 30.353359560
v -6.030655516 -18.219921684 30.353359560
v -6.109958266 -9.772604125 27.174206097
v -6.000623347 -17.219207504 30.581240206
v -6.000623347 -17.219207504 30.581240206
v -5.915697663 -17.484997286 30.631182244
v -5.871182366 -17.188692320 30.738197002
v -5.923719412 -18.410297834 30.417805279
v -5.913412240 -18.082429121 30.525075852
v -5.510382234 -17.336467704 30.787064202
v -6.000623347 -17.219207504 30.581240206
v -5.871182366 -17.188692320 30.738197002
v -5.871182366 -17.188692320 30.738197002
v -2.894773795 -10.521208619 28.395386884
v -3.228477217 -10.564027885 28.963912132
v -3.225572897 -10.576980762 28.984087968
v -3.852962451 -10.116833227 28.911410478
v -3.108133708 -10.033787779 28.336812606
v -2.894773795 -10.521208619 28.395386884
v -2.894773795 -10.521208619 28.395386884
v -2.894773795 -10.521208619 28.395386884
v -2.894773795 -10.521208619 28.395386884
v -4.593480347 -9.296415371 27.999579120
v -5.198370117 -9.925134464 27.214990343
v -4.593480347 -9.296415371 27.999579120
v -5.056421024 -8.160198990 27.876094928
v -4.660916090 -8.787998535 27.929465872
v -4.910672036 -9.601579434 27.203518100
v -4.660916090 -8.787998535 27.929465872
v -4.660916090 -8.787998535 27.929465872
v -4.910672036 -9.601579434 27.203518100
v -3.459067312 -10.136134594 28.206723529
v -3.228477217 -10.564027885 28.963912132
v -3.108133708 -10.033787779 28.336812606
v -3.108133708 -10.033787779 28.336812606
v -4.219749487 -9.707920449 28.156598958
v -4.593480347 -9.296415371 27.999579120
v -4.738594795 -9.084420901 27.918344653
v -4.738594795 -9.084420901 27.918344653
v -4.738594795 -9.084420901 27.918344653
v -3.459067312 -10.136134594 28.206723529
v -4.039820361 -8.961415293 28.909622989
v -4.039820361 -8.961415293 28.909622989
v -3.108133708 -10.033787779 28.336812606
v -2.894773795 -10.521208619 28.395386884
v -3.108133708 -10.033787779 28.336812606
v -2.894773795 -10.521208619 28.395386884
v -3.105486257 -9.767377986 29.462201446
v -3.503628819 -9.441543412 28.216540945
v -3.346680380 -9.672288957 28.233157991
v -3.503628819 -9.441543412 28.216540945
v -3.694524796 -8.466636894 29.016541015
v -2.517566177 -9.720487767 29.467902161
v -3.108133708 -10.033787779 28.336812606
v -3.108133708 -10.033787779 28.336812606
v -3.108133708 -10.033787779 28.336812606
v -5.913412240 -18.082429121 30.525075852
v -4.531337272 -9.772281693 27.942665634
v -3.459067312 -10.136134594 28.206723529
v -3.108133708 -10.033787779 28.336812606
f 1507389 1507351 3539005
f 7864375 10027032 7864344
f 10027032 1 1507351
f 23 1703958 22
f 1703958 6094869 3932215
f 6094903 5701720 3539060
f 3539065 7536756 7864502
f 7864534 7864502 10027222
f 10027057 10027222 12189745
f 187 154 1704123
f 5701660 5701726 14352412
f 9699548 7536728 9699416
f 11534485 11862132 11534452
f 2818225 4980918 2818230
f 4980918 7143638 4980950
f 7143638 3997745 1769692
f 3997916 12255420 14352467
f 14352533 5374035 9699537
f 9699505 13631697 11534375
f 11534380 2490407 2818153
f 2818186 2818153 4980874
f 12255261 12255294 10092573
f 3211419 5374140 3211452
f 9371698 13631571 9371731
f 4653200 2490577 4653265
f 6488136 6815783 6488103
f 10092607 10092573 7929919
f 14024826 3211419 14024859
f 7209175 9371698 7209010
f 13303919 4653200 13303952
f 8650956 6488136 8650824
f 7929886 7929919 5767198
f 11927641 14024826 11927674
f 5046455 7209175 5046487
f 11206734 13303919 11206767
f 4260012 8650956 4260044
f 5767199 5767198 3604511
f 9764920 11927641 9764953
f 2883734 5046455 2883767
f 9044013 11206734 9044046
f 2228363 4260012 2228396
f 3604512 3604511 14417952
f 7602397 9764920 7602232
f 13697141 2883734 13697174
f 6881490 9044013 6881325
f 12976234 2228363 12976267
f 14417953 14417952 12320801
f 5439677 7602397 5439709
f 11599956 13697141 11599989
f 4718770 6881490 4718802
f 10879049 12976234 10879082
f 12320770 12320801 10158082
f 3276956 5439677 3276989
f 9437235 11599956 9437268
f 2556049 4718770 2556082
f 8716328 10879049 8716361
f 10158083 10158082 7995395
f 14090363 3276956 14090396
f 7274712 9437235 7274547
f 13369456 2556049 13369489
f 6553805 8716328 6553640
f 7995396 7995395 5832708
f 11993178 14090363 11993211
f 5111992 7274712 5112024
f 11272271 13369456 11272304
f 4391085 6553805 4391117
f 5832709 5832708 3670021
f 9830457 11993178 9830490
f 2949271 5111992 2949304
f 9109550 11272271 9109583
f 2162828 4391085 2162861
f 3670022 3670021 14483462
f 7667934 9830457 7667769
f 13762678 2949271 13762711
f 6947027 9109550 6946862
f 13041771 2162828 13041804
f 14483463 14483462 12386311
f 5505214 7667934 5505246
f 11665493 13762678 11665526
f 4784307 6947027 4784339
f 10944586 13041771 10944619
f 12386312 12386311 10223624
f 3342493 5505214 3342526
f 9502772 11665493 9502805
f 2621586 4784307 2621619
f 8781865 10944586 8781898
f 10223625 10223624 8060937
f 14155900 3342493 14155933
f 7340249 9502772 7340084
f 13434993 2621586 13435026
f 6619342 8781865 6619177
f 8060938 8060937 5898250
f 12058715 14155900 12058748
f 5177529 7340249 5177561
f 11337808 13434993 11337841
f 4456622 6619342 4456654
f 5898251 5898250 3735563
f 9895994 12058715 9896027
f 3014808 5177529 3014841
f 9175087 11337808 9175120
f 2293901 4456622 2293934
f 3735564 3735563 10289164
f 7733406 9895994 7733306
f 13828215 3014808 13828248
f 7012564 9175087 7012399
f 13107308 2293901 13107341
f 10289165 10289164 8126477
f 5570685 7733406 5570718
f 11731030 13828215 11731063
f 4849844 7012564 4849876
f 11010123 13107308 11010156
f 8126478 8126477 5963790
f 3407964 5570685 3407997
f 9568309 11731030 9568342
f 2687123 4849844 2687156
f 8847402 11010123 8847435
f 5963791 5963790 3801103
f 14221371 3407964 14221404
f 7405786 9568309 7405621
f 13500530 2687123 13500563
f 6684879 8847402 6684714
f 3801104 3801103 1638416
f 12124186 14221371 12124219
f 5243066 7405786 5243098
f 11403345 13500530 11403378
f 4522159 6684879 4522191
f 1638417 1638416 1572881
f 9961497 12124186 9961498
f 3080345 5243066 3080378
f 9240624 11403345 9240657
f 2359438 4522159 2359471
f 1572882 1572881 8192018
f 7798910 9961497 7798809
f 13893752 3080345 13893785
f 7078101 9240624 7077936
f 13172845 2359438 13172878
f 8192019 8192018 6029331
f 5636189 7798910 5636222
f 11796567 13893752 11796600
f 4915381 7078101 4915413
f 11075660 13172845 11075693
f 6029332 6029331 3866644
f 3473468 5636189 3473501
f 9633846 11796567 9633879
f 2752660 4915381 2752693
f 8912939 11075660 8912972
f 3866645 3866644 1703957
f 14286875 3473468 14286908
f 7471323 9633846 7471158
f 13566067 2752660 13566100
f 6750416 8912939 6750251
f 10748008 12845193 10748041
f 12845193 14287018 12189723
f 5308603 7471323 5308635
f 11468882 13566067 11468915
f 4587696 6750416 4587728
f 8585287 10748008 8585320
f 10748099 12714116 10748101
f 6160579 6160581 12845226
f 6160554 5308618 3145915
f 9306161 11468882 9306194
f 2424975 4587696 2425008
f 6357030 8585287 6357063
f 8585411 9306210 7143473
f 13238382 2424975 13238415
f 4325579 6357030 4325414
f 6357187 13238339 11141230
f 4194475 4325579 4194507
f 4325571 4980801 7143595
f 4980907 8978570 11141184
f 11141185 12714048 4128833
f 8978496 12714182 12910656
f 12910697 12910730 10813545
f 12910787 6488230 6815910
f 6488230 12714177 12583078
f 12583045 12583012 14680197
f 12583107 4260065 8650977
f 4260065 12714147 10617057
f 10616867 10616898 10485795
f 10617027 12976289 2228385
f 12976289 12714144 10420385
f 10420391 10420423 12517543
f 10420419 8716480 10879168
f 8716480 12714208 14614720
f 14614629 14614662 12451941
f 14614723 4391103 6553791
f 4391103 12714207 14549183
f 14549026 14549060 12648482
f 14549187 13041858 2162882
f 13041858 12714146 10551490
f 10551464 10551496 8519848
f 10551491 8781955 10944643
f 8781955 12714113 8388739
f 8388710 8388743 8323174
f 8388803 4456576 6619264
f 4456576 12714111 8257664
f 8257572 8257605 10354724
f 8257731 13107359 2293919
f 13107359 12714180 12779679
f 12779689 12779721 10682537
f 12779715 12714148 8454308
f 8454339 12714083 6291555
f 6291651 12714080 6160480
f 13172832 8847455 11010212
f 8847524 6684802 8847490
f 6684802 4522083 6684771
f 4522083 2359393 4522081
f 2359393 13172832 2359392
f 6291491 6291463 10879011
f 131239 131169 13041831
f 4194504 4194307 8782024
f 2097287 393281 2228291
f 2228296 2228291 2555976
f 10879016 10879011 2883624
f 13041709 13041831 4980781
f 8781901 4325576 458759
f 327688 6750275 327747
f 6750275 11272264 6750280
f 11272264 9175181 4653096
f 9175080 7077997 2555949
f 7077933 7405682 2883661
f 458758 524297 327681
f 327816 327681 6750344
f 6750414 6750344 11272398
f 11272275 11272398 3276883
f 9175091 9175213 13762611
f 7078099 141 589833
f 65546 10944513 65537
f 10944513 2949256 10944648
f 2949256 7471310 2949326
f 7471310 11993171 7471187
f 11993171 9896088 5374003
f 589826 655371 65570
f 65737 65570 10944713
f 10944590 10944713 2949198
f 2949267 2949198 7471251
f 7471321 7471251 11993305
f 655394 720908 2162754
f 2162729 2162754 13107241
f 13107310 13107241 5046382
f 5046451 5046382 9568435
f 9568313 9568435 14155833
f 720962 786445 4259938
f 4259913 4259938 2621513
f 2621582 2621513 7143566
f 7143636 7143566 11665620
f 11665497 11665620 3670105
f 786530 851982 6356997
f 6357097 6356997 4718697
f 4718766 4718697 9240750
f 9240628 9240750 13828148
f 13828217 13828148 5767289
f 851973 917519 262148
f 262281 262148 6815881
f 6815951 6815881 11337935
f 11337812 11337935 3342420
f 3342489 3342420 7864473
f 917508 983056 196644
f 196777 196644 8913065
f 8912943 8913065 13500463
f 13500532 13500463 5439604
f 5439673 5439604 9961657
f 983076 1048593 2293828
f 2293962 2293828 11010250
f 11010127 11010250 3014735
f 3014804 3014735 7536788
f 7536858 7536788 12058842
f 1048644 1114130 4391012
f 4390954 4391012 13172778
f 13172847 13172778 5111919
f 5111988 5111919 9633972
f 9633850 9633972 14221370
f 1114212 1179667 6488196
f 6488138 6488196 2687050
f 2687119 2687050 7209103
f 7209173 7209103 11731157
f 11731034 11731157 3735642
f 1179780 1245204 8585253
f 8585322 8585253 4784234
f 4784303 4784234 9306287
f 9306165 9306287 13893685
f 13893754 13893685 5832826
f 1245221 1310741 2359365
f 2359434 2359365 6881418
f 6881488 6881418 11403472
f 11403349 11403472 3407957
f 3408026 3407957 7930010
f 1310789 1376278 4456549
f 4456618 4456549 8978602
f 8978480 8978602 13566000
f 13566069 13566000 5505141
f 5505210 5505141 10027194
f 1376357 1441815 6553733
f 6553803 6553733 11075787
f 11075664 11075787 3080272
f 3080341 3080272 7602325
f 7602395 7602325 12124379
f 1441925 1507352 8650917
f 8650795 8650917 13238315
f 13238384 13238315 5177456
f 5177525 5177456 9699509
f 9699387 9699509 14286907
f 1507493 1572889 10748102
f 10747979 10748102 2752587
f 2752656 2752587 7274640
f 7274710 7274640 11796694
f 11796571 11796694 3801179
f 1573062 1638426 12910630
f 12910699 12910630 4849771
f 4849840 4849771 9371824
f 9371702 9371824 13959222
f 13959291 13959222 5898363
f 1638438 1703963 2424902
f 2424971 2424902 6946955
f 6947025 6946955 11469009
f 11468886 11469009 3473494
f 3473563 3473494 7995547
f 1704006 1769500 4522086
f 4522155 4522086 9044139
f 9044017 9044139 13631537
f 13631606 13631537 5570678
f 5570747 5570678 10092731
f 1769574 1835037 6619270
f 6619340 6619270 11141324
f 11141201 11141324 3145809
f 3145878 3145809 7667862
f 7667932 7667862 12189916
f 1835142 1900574 8716454
f 8716332 8716454 13303852
f 13303921 13303852 5242993
f 5243062 5242993 9765046
f 9764924 9765046 14352444
f 1900710 1966111 10813639
f 10813516 10813639 2818124
f 2818193 2818124 7340177
f 7340247 7340177 11862231
f 11862108 11862231 3866716
f 1966279 4063295 12976167
f 12976236 12976167 4915308
f 4915377 4915308 9437361
f 9437239 9437361 14024759
f 14024828 14024759 5963900
f 4063271 2031648 2490439
f 2490508 2490439 7012492
f 7012562 7012492 11534546
f 11534423 11534546 3539031
f 3539100 3539031 8061084
f 2031687 4128832 4587623
f 4587692 4587623 9109676
f 9109554 9109676 13697074
f 13697143 13697074 5636215
f 5636284 5636215 10158268
f 4128871 2097185 6684807
f 6684877 6684807 11206861
f 11206738 11206861 3211346
f 3211415 3211346 7733399
f 7733469 7733399 12255453
f 12255395 12255453 12648611
f 10158274 8782012 13369421
f 13369490 13369421 5308562
f 5308632 5308562 9830616
f 9830461 9830616 14417981
f 14418115 14417981 10617027
f 10617025 12583107 10617026
f 10551489 10158274 10551490
f 8061090 4980892 9502834
f 9502903 9502834 14090423
f 14090302 14090423 3932222
f 3932385 3932222 12714209
f 12714177 7405793 11927730
f 11927608 11927730 3997752
f 3997789 3997752 14680157
f 14680257 11599965 7078002
f 13762669 5701810 13762738
f 5701810 8126520 5701688
f 8126520 12583005 8126557
f 7798995 10223704 7798872
f 10223704 12583037 10223741
f 13762680 3276851 7798936
f 7798973 7798936 10223805
f 10223809 9896125 12320990
f 12320961 14483678 11993240
f 6226104 12583134 6226142
f 11993184 14155993 6226015
f 6226113 6160479 3670233
f 6094905 12583007 6094943
f 3670110 5767257 6094974
f 6095041 8192126 7864409
f 10289273 12583038 10289278
f 7864478 9961625 10289342
f 10289345 12386494 12058777
f 14549177 12583102 14549182
f 12058847 14221530 14549091
f 14549185 6422627 3735770
f 8388666 12583011 8388707
f 3735681 5832794 8388736
f 8388801 8323200 7929946
f 8257658 12583040 8257664
f 7929983 10027162 8257695
f 8257729 10354847 12124314
f 12452026 12583071 12451999
f 12124351 14287067 12452064
f 12452033 14614752 3801307
f 8454203 12583136 8454368
f 3801218 5898331 8454275
f 8454337 8519811 7995483
f 10485883 12583043 10485891
f 10485953 12583072 12517536
f 12517569 12583109 10682565
f 10682561 12583108 10551492
f 7995553 10092699 10485920
f 10092704 12189883 10420416
f 12189888 14352604 12517573
f 14352581 3866684 12845220
f 3866788 5963868 10682564
f 5963972 8061052 12779682
f 23396711 23462240 23396708
f 22806884 22806886 22741348
f 22151516 22151517 22348124
f 22217046 23265619 23331175
f 23658853 22413668 23658852
f 22413668 22544732 22413660
f 22544732 22544726 22348116
f 22217037 21889369 21758292
f 22479181 23658831 23200101
f 22937955 22872426 22937962
f 22872426 21758295 22872407
f 21758295 22937945 22610275
f 22937953 22937946 22675809
f 22872411 22872415 22479195
f 21758296 42205534 42271361
f 42205835 42205830 42730123
f 42730116 42730123 42402436
f 42402435 42402436 41747075
f 42009219 41222782 42271371
f 41222795 41681528 41353867
f 41681547 41157252 41681540
f 41157252 41157251 42074748
f 42074754 41419388 41222776
f 41419384 41812602 41484920
f 41812600 40829565 41812605
f 40829565 40829557 41157239
f 41157244 41484919 40764025
f 41484927 40829551 40764031
f 40829554 41288303 40960624
f 63308736 63308732 62784448
f 63308734 63308735 62915518
f 63243198 63243201 62522302
f 63046587 63046598 63636411
f 62784419 62784448 61014947
f 62784445 62784420 62718909
f 62522301 62522302 63112125
f 62522306 62522308 63636418
f 60883875 61014948 62653346
f 60883901 63112132 62981026
f 76612755 76678286 76612760
f 76547224 76547218 75957400
f 75826312 75826321 76088456
f 75629706 77005958 76809363
f 76940437 76154008 76940440
f 76154008 76022920 76153992
f 76022920 76022922 76088451
f 75629703 75760777 75891843
f 76219527 76940421 76874901
f 76481686 76416151 76481687
f 76416151 75891851 76416139
f 75891851 76481673 76285078
f 76481689 76481677 76743833
f 76416148 76416144 76219540
f 75891852 105710735 106169936
f 105711184 106235478 105842259
f 106235475 106038860 105514572
f 105907788 105907787 105514575
f 105973327 105711179 106235487
f 106235473 106235487 105580113
f 105711199 106759769 106432095
f 106759775 106497626 106825297
f 106497617 106497615 105776722
f 106497618 106497620 106104407
f 106497623 119015006 119080732
f 119015195 119015194 119342875
f 119342880 119342875 118818592
f 118818583 118818592 118163223
f 118359831 118949644 119080731
f 118949659 118687517 119277339
f 118687515 118490912 118687520
f 118490912 118490903 118884114
f 118884111 118753042 118949661
f 118753053 118228750 118294301
f 118228765 118621972 118228756
f 118621972 118621969 118490896
f 118490898 118294288 118097685
f 118294285 118621963 118097677
f 118621962 118425355 118032147
f 131073 262149 589827
f 262159 262154 655375
f 262151 262155 7
f 131082 524290 65546
f 524298 851983 524303
f 851983 1114131 1179663
f 1114127 720907 1114123
f 720907 65543 196611
f 524292 524290 458756
f 524305 524296 851985
f 851984 851985 1245200
f 1179668 1179662 1310740
f 1179654 1179669 1114118
f 1114125 1114118 720909
f 1638423 1835033 1441818
f 1835034 1703968 2031642
f 1703962 1638430 1572894
f 1376286 1376281 1572888
f 1507359 1507350 1769503
f 2031649 2031645 2424865
f 1703974 1703968 2621478
f 1703978 1703977 1966122
f 1900575 1900571 1376287
f 2424871 2424865 2162727
f 2621474 2621478 2293794
f 2621480 2621476 2687016
f 2687011 2687016 2359331
f 1966117 1966122 1769509
f 2949171 3211314 3014702
f 3211320 3211311 2752568
f 3211309 3211307 3276845
f 2949167 3145772 2818095
f 3145775 3670072 3145784
f 3670072 3866685 3932216
f 3866680 3407915 3866667
f 3407915 2818093 3342382
f 3145780 3145772 3473460
f 3145786 3145782 3670074
f 3670075 3670074 3997755
f 3932222 3932217 4063294
f 3932208 3932223 3866672
f 3866679 3866672 3407927
f 4390977 4587587 4194372
f 4587588 4456522 4784196
f 4456516 4390984 4325448
f 4128840 4128835 4325442
f 4259913 4259904 4522057
f 4784203 4784199 5177419
f 4456528 4456522 5374032
f 4456532 4456531 4718676
f 4653129 4653125 4128841
f 5177425 5177419 4915281
f 5374028 5374032 5046348
f 5374034 5374030 5439570
f 5439565 5439570 5111885
f 4718671 4718676 4522063
f 5636181 5767257 6029399
f 5767258 5767261 6160474
f 5767260 5767263 5505116
f 5636189 6094934 5570653
f 6094941 6422618 6094938
f 6422618 6553704 6750298
f 6553690 6291551 6553695
f 6291551 5570652 5701719
f 6094936 6094934 5898328
f 6094948 6094939 6422628
f 6422626 6422628 6684770
f 6750311 6750307 6815847
f 6750304 6750313 6553696
f 6553702 6553696 6291558
f 7209070 6881386 7340143
f 6881398 6881393 6946934
f 6881389 6881387 7143533
f 7209073 7471218 7405681
f 7471217 7798902 7471222
f 7798902 7864445 8126582
f 7864438 7995499 7864427
f 7995499 7405677 7012463
f 7471212 7471218 7274604
f 7471220 7471216 7798900
f 7798903 7798900 8061047
f 8126588 8126584 8192124
f 8126581 8126590 7864437
f 7864442 7864437 7995514
f 8519809 8323200 8781955
f 8257671 8913024 8257664
f 8913024 8781953 8716419
f 8585350 8257671 8585351
f 9306244 8978559 9306239
f 8978559 8716425 8454275
f 8716421 8716418 8847493
f 8716420 9175176 8847492
f 9175172 9306258 9502852
f 9044114 9371791 9044111
f 9371791 9240714 8650888
f 9240712 9109645 9240717
f 9109645 9437329 9175186
f 9437330 9044115 9568402
f 9830549 9896088 10158231
f 9896098 9896092 10289314
f 9896091 9896094 9699483
f 9830556 10223764 9633948
f 10223772 10485922 10223778
f 10485922 10748070 10813602
f 10748066 10420382 10748062
f 10420382 9633947 9765015
f 10223766 10223764 10027158
f 10223780 10223770 10485924
f 10485923 10485924 10879139
f 10813607 10813601 10944679
f 10813593 10813608 10748057
f 10748063 10748057 10420383
f 11206826 11272365 11534508
f 11272366 11272369 11665582
f 11272368 11272371 11075760
f 11206833 11600041 11010225
f 11600049 11927726 11600046
f 11927726 12058812 12255406
f 12058798 11796659 12058803
f 11796659 11010224 11141292
f 11600043 11600041 11403435
f 11600056 11600047 11927736
f 11927734 11927736 12189878
f 12255419 12255415 12320955
f 12255412 12255421 12058804
f 12058810 12058804 11796666
f 12583103 12648642 12910785
f 12648643 12648646 13041859
f 12648645 12648648 12452037
f 12583110 12976318 12386502
f 12976326 13304003 12976323
f 13304003 13435089 13631683
f 13435075 13172936 13435080
f 13172936 12386501 12517569
f 12976320 12976318 12779712
f 12976333 12976324 13304013
f 13304011 13304013 13566155
f 13631696 13631692 13697232
f 13631689 13631698 13435081
f 13435087 13435081 13172943
f 13762773 13828308 14024915
f 13828317 13828311 14090461
f 13828310 13828312 13893846
f 13762775 14483674 14221527
f 14483671 15073501 14483677
f 15073501 14614764 15401181
f 14614749 14352600 14614744
f 14352600 14221526 14287059
f 14483675 14483674 14549211
f 14483681 14483679 15073505
f 15073512 15073505 14942440
f 15401189 15401191 14811365
f 15401177 15401187 14614745
f 14614754 14614745 14352610
f 15204582 14876900 15597801
f 14876909 14876911 15925485
f 14876910 14876916 15007982
f 15204591 15794411 15335663
f 15794415 16646381 15794413
f 16646381 15991033 16253165
f 15991021 15728884 15991028
f 15728884 15335662 15270121
f 15794410 15794411 15859946
f 15794422 15794419 16646390
f 16646395 16646390 16449787
f 16253180 16253183 16711932
f 16253168 16253184 15991024
f 15991031 15991024 15728887
f 16515322 16908547 16580861
f 17301758 17301763 16908538
f 17301754 17301764 16974086
f 17301766 17367306 17105164
f 17367308 16580869 16777469
f 17170689 17301758 17170686
f 17367303 17367305 17563911
f 17039629 17039626 17826061
f 17694989 17694993 17629453
f 17760526 16777487 16187645
f 16777480 16777464 16843016
f 16777479 16843010 17170701
f 16843021 16843022 17629451
f 17629456 17432843 17236226
f 18153747 18219287 17891606
f 18350354 18284823 18350359
f 18284823 17891603 18088214
f 17891613 17891605 18546973
f 17891609 18546972 18350367
f 18350363 18350367 18284827
f 18153749 18022676 18088221
f 18022685 18809118 18678045
f 18809117 19005731 18612508
f 19005724 18743586 18940188
f 18415906 18874655 18415903
f 18874655 19136795 18809123
f 19136803 19071268 19005730
f 19071266 18415910 19202338
f 19530024 19595564 19267883
f 19595569 19595559 19726641
f 19595565 19595566 19333421
f 19530023 19988778 19464487
f 19988775 22020401 19988785
f 22020401 20119893 22282545
f 20119857 19857710 20119854
f 19857710 19464493 19398955
f 19988777 19988778 20054313
f 19988789 19988787 22020405
f 22020434 22020405 21954898
f 22282576 22282577 21823824
f 22282543 22282574 20119855
f 20119862 20119855 19857718
f 23593324 23134562 23921001
f 24117614 24248674 24117602
f 24248674 23921004 23724393
f 23921005 23921003 23986541
f 23921009 23986543 24117620
f 24117616 24117620 24248688
f 23593323 24183144 23527787
f 24183147 24707437 24183149
f 24707437 24772987 23855471
f 24772975 24314239 25035119
f 24445311 24379764 24445300
f 24379764 24576368 24707451
f 24576379 24510839 24772991
f 24510847 24445305 24641919
f 24904065 25297278 25166205
f 25297277 25362824 25624957
f 25362813 24904066 24969602
f 24838530 24838526 24969600
f 25100678 25100668 25559430
f 25624965 25624963 25756037
f 25362826 25362824 26149258
f 25362828 25362832 25493900
f 25231750 25231748 24838534
f 25756041 25756037 25821577
f 26149259 26149258 26083723
f 26149261 26149263 25887117
f 25887122 25887117 26476946
f 25493909 25493900 25559445
f 26345878 26608014 26542483
f 26608019 26935704 26673555
f 26935699 26345873 26018193
f 26804625 26804622 26018196
f 26411419 26411418 27001243
f 26673561 26673559 27066777
f 26935710 26935704 28836254
f 26935742 26935737 26870206
f 26214811 26214812 26804635
f 27066783 27066777 27197855
f 28836256 28836254 28574112
f 28836283 28836277 29163963
f 29163960 29163963 28639672
f 26870198 26870206 27001270
f 29360570 29098423 28901825
f 29098433 29557188 29360575
f 29229505 29229495 28705212
f 29295036 29032887 29295042
f 29032898 29491651 29426121
f 29557190 29557181 30015942
f 29819339 29229508 29819332
f 29032904 29032895 29491656
f 30409160 29884867 30409155
f 29753809 29753801 30278097
f 30278096 30278097 29950416
f 30015950 30015942 29622734
f 30343621 29819339 30343627
f 29819345 30343632 29950405
f 30605773 30671308 30147028
f 30671316 30933462 30736852
f 30933460 30605783 30081495
f 30540247 30540236 30081490
f 30474716 30474707 31195612
f 30736856 30736853 31326680
f 30933471 30933462 31588831
f 30933476 30933475 31130084
f 30802396 30802393 30540252
f 31326689 31326680 30999009
f 31588826 31588831 31261146
f 31588834 31588830 31654370
f 31654363 31654370 31392219
f 31130080 31130084 31195616
f 32899573 32834040 32768503
f 32834039 33489402 33096183
f 33489399 32899577 32965113
f 33161721 33161720 32965118
f 33358335 33358331 33554943
f 33096188 33096182 33620476
f 33489410 33489402 34341378
f 33489413 33489421 33423877
f 33030655 33030656 33161727
f 33620484 33620476 33292804
f 34341373 34341378 34079229
f 34341383 34341385 33817095
f 33817098 33817095 33686026
f 33423875 33423877 33554947
f 33882632 34537996 34013702
f 34537990 34472470 34931206
f 34472454 33882641 34275857
f 34406929 34406924 34275851
f 34210325 34210318 34800149
f 34931218 34931216 34996754
f 34472471 34472470 35193367
f 34472478 34472474 34865694
f 34603541 34603535 34406933
f 34996761 34996754 34734617
f 35193363 35193367 35258899
f 35193372 35193371 35455516
f 35455517 35455516 35062301
f 34865688 34865694 34800152
f 35848737 35979810 35652132
f 35979812 36176421 35914276
f 36176420 35848735 35717663
f 35783199 35783202 35717664
f 35586602 35586595 36307498
f 35914279 35914278 36373031
f 36176428 36176421 36831788
f 36176438 36176435 36241974
f 35521066 35521065 35783210
f 36373038 36373031 36110894
f 36831784 36831788 37093928
f 36831792 36831799 37028400
f 37028402 37028400 36438578
f 36241965 36241974 36307501
f 37290543 36897329 36569658
f 36897338 37552697 37225018
f 37552698 37290557 36700733
f 37159485 37159473 36700725
f 36962880 36962872 37356096
f 37225023 37225012 37814847
f 37552706 37552697 38076994
f 37552712 37552710 37683784
f 37487168 37487166 37159488
f 37814851 37814847 37421635
f 38076988 38076994 37945916
f 38077004 38076996 38208076
f 38208073 38208076 37749321
f 37683777 37683784 37356097
f 38142533 38011467 38142549
f 38535765 38142535 38404685
f 38732365 38732363 38404682
f 38994512 38994506 38601296
f 39191118 39060052 38666821
f 39060049 39060047 39125585
f 38928982 38535765 38928981
f 38732371 38732365 38601299
f 38601305 38601299 39584345
f 38601303 39584349 39191132
f 39584348 39256667 38797910
f 39256662 38863442 39125593
f 39125587 39322201 39387730
f 39322203 39322202 39584347
f 39912032 39649889 39780962
f 39649890 40043108 39912038
f 40174178 40174177 39846495
f 39977567 40436321 39715427
f 40436323 40436325 40108651
f 40043112 40043102 40567400
f 40370796 40174180 40370788
f 40174186 40174185 39715434
f 40567405 40567400 40239725
f 27329127 40370796 27329132
f 40370596 40370594 40436132
f 40436331 27460004 40501673
f 27460009 27328929 27460001
f 27328929 27328936 27722343
f 27918755 27984293 27394475
f 27984299 28311981 28049835
f 28311979 27918758 27525542
f 27853222 27853221 27525543
f 27656624 27656618 28377520
f 28049838 28049836 28443054
f 28311987 28311981 41877939
f 28312180 28312192 28246644
f 27591088 27591089 27853232
f 28443246 28443054 28181102
f 41877935 41877939 40894895
f 41878139 41878129 41091707
f 41091699 41091707 28508787
f 28246452 28246644 28377524
f 42926729 42795655 42467984
f 42795664 42861199 42926730
f 42533520 42533511 42336908
f 43254412 42664583 43254420
f 42664596 43057810 43188894
f 42861206 42861198 43451030
f 42992280 42533519 42992271
f 42533522 42533521 42664594
f 43451031 43451030 43123351
f 43713171 42992280 43713176
f 42992298 42992284 43057834
f 43057822 44630698 43844259
f 44630691 43713181 44630685
f 43713181 43713189 44302995
f 44237465 44040858 43516580
f 44040868 43909791 44237467
f 43647652 43647642 43582114
f 44499618 44106394 44499622
f 44106406 44434087 44368565
f 43909803 43909793 45023915
f 43975344 43647647 43975327
f 43647655 43647648 44106407
f 45023919 45023915 44827311
f 44761773 43975344 44761776
f 43975342 43975340 44434094
f 44434101 44892846 45351607
f 44892855 44761778 44892850
f 44761778 44761769 44565165
f 46006970 45613745 45679295
f 45613759 45941438 46006963
f 45220543 45220529 45089460
f 45417140 45286065 45417148
f 45286076 45744827 45810378
f 45941441 45941433 46465729
f 45941440 45941446 45548224
f 45941427 45744824 45548211
f 45744819 46269108 46138054
f 46269126 46203586 46465728
f 46203584 46531261 45875904
f 46531264 45744836 46334656
f 45744832 46858936 46531268
f 46858948 46727882 46334651
f 47383247 47186629 47055572
f 47186644 47121104 47383240
f 46596820 46596805 46400201
f 46793417 46662341 46793431
f 46662359 48104159 47579862
f 47121106 47121105 47317714
f 46990035 46596816 46990032
f 46596831 46596814 46662367
f 47317710 47448781 46924494
f 47448782 47514335 47448799
f 47907544 47710945 47645404
f 47710940 47776474 47907547
f 47842012 47842017 48235236
f 47973092 48431841 47973094
f 48431846 48300770 48562917
f 47776483 47776473 48038627
f 48169694 47842010 48169690
f 47842018 47842016 48431842
f 48038624 48693993 48759520
f 48693984 48497378 48693986
f 48890604 49152743 48956139
f 49152747 49087214 48890602
f 48825067 48825063 48628465
f 49480433 49218279 49283828
f 49218292 49414898 49152750
f 49414894 49808109 49021678
f 49808110 48825078 49611502
f 48825072 48825078 49283824
f 49021687 49021683 49545975
f 49021694 49021685 49808126
f 49808120 49808126 49873656
f 49611514 49611513 49218298
f 49349370 49349360 50070266
f 49939194 49939197 49742586
f 50266881 51184380 50332416
f 51184384 51512083 50266879
f 50201344 50201340 50004741
f 50660101 50594556 50660099
f 50594563 50529028 50463498
f 51512082 51512078 50987794
f 50725643 50201363 50725651
f 50201348 50201351 50594564
f 50987785 50987794 51118857
f 51053325 50725643 51053323
f 50725647 50725644 50529039
f 50529034 51249935 50922256
f 51249936 51053320 51249928
f 51053320 51053314 50397965
f 51708692 51577617 51708704
f 51643168 51708694 51381013
f 51839765 51839761 51381017
f 51774232 51774233 51970840
f 52822810 52364055 52232980
f 52364063 52364062 52167455
f 52036381 51643168 52036384
f 51839771 51839765 51970843
f 52626203 52822810 52626202
f 52691748 52691751 52495140
f 52495139 52495140 52101923
f 52167457 52167455 52888353
f 52560680 52036381 52560669
f 52036388 52560675 52101928
f 52757497 66520056 67371814
f 66913285 67765240 66913272
f 67765240 67372025 67437350
f 66782214 66913285 66782213
f 67175420 67306494 67175422
f 67306494 67437579 66978598
f 67437565 67437567 66716669
f 67437564 67240955 66716668
f 67240956 67175434 67699708
f 66651146 67634178 66651138
f 67634178 67044356 66847739
f 67044347 67109891 67044355
f 67109891 67503111 67240970
f 67503114 66651144 67568650
f 52953898 53084971 53412649
f 53609264 53609259 53084970
f 53609258 53543733 53609269
f 53543733 53543741 54264628
f 53543732 53412664 53216041
f 53412655 53412653 53478191
f 53412659 53478193 53609266
f 53478194 54133563 53543736
f 54133560 54133562 54068025
f 52953901 53150510 53281581
f 53150509 53805871 53150511
f 53805871 54199100 53347121
f 54199089 54002491 54199099
f 53871420 53871417 53805884
f 54330176 54395711 54788926
f 54395714 54395717 55313218
f 54395718 54395725 54461254
f 54330181 55116609 54526789
f 55116613 55444290 55116610
f 55444290 54920023 55968578
f 54920002 55247693 54920013
f 55247693 54526790 54723390
f 55116612 55116609 54985540
f 55116619 55116616 55444299
f 55444302 55444299 56099662
f 55968601 55968591 55509849
f 55968579 55968592 54920003
f 54920009 54920003 55247689
f 55771989 55575377 56361812
f 56034141 56034129 55575381
f 56034133 56034138 56165215
f 56034143 56230747 56492894
f 56230750 56361825 56689492
f 55706466 56034141 55706461
f 56230739 56230744 57541459
f 56623983 56623963 56820591
f 57410415 57410404 56886127
f 56755045 56689517 55903060
f 56689490 56689494 56296274
f 56689491 56296284 55706479
f 56296303 56296293 56886112
f 56886115 56558432 55640924
f 57082727 57213802 58065768
f 57344887 57475946 57344874
f 57475946 58065767 57738088
f 58065769 58065778 57672553
f 58065772 57672561 57344880
f 57344884 57344880 57475956
f 57082738 57279339 57738089
f 57279337 57934694 56951657
f 57934697 58262394 57148273
f 58262385 57607036 58393457
f 58000252 57803632 58000240
f 57803632 58131316 57934714
f 58131322 58459005 58262396
f 58459004 58000249 58196860
f 58590081 58852227 58524543
f 58852229 58852222 59442053
f 58852231 58852236 58721159
f 58590078 58655616 58524549
f 58655621 59573122 58786693
f 59573125 59835282 58983308
f 59835276 59376520 59179916
f 59376524 58655623 58327935
f 58786683 58786688 58917755
f 58786698 58786692 59573130
f 59573133 59573130 59769741
f 59835281 59835278 59638673
f 59835270 59835279 59179910
f 59179913 59179910 59376521
f 59966358 60228504 59900820
f 60294035 60490648 60294040
f 60490648 59900822 60031892
f 60752789 60294035 60752787
f 60818336 60162969 60818329
f 60162969 60031900 59704212
f 60031898 60031888 60556186
f 60031904 60556189 60752799
f 60752801 60425119 60359581
f 60425117 60687262 60621725
f 63570889 63374280 63505355
f 64357322 63767496 64357320
f 63767496 63505353 63701963
f 64226253 64357322 64226250
f 63833045 64160727 63833047
f 64160727 63701966 63177675
f 63701977 63701957 64095193
f 63701973 64685011 64095189
f 64685013 63833041 63964117
f 64095186 64095193 64685010
f 65012696 64291798 64553953
f 64619482 64816086 64619478
f 64816086 64553944 64881633
f 65536991 64619482 65536986
f 64750569 64947163 64750555
f 64947163 64881630 63898593
f 64881634 64881616 65143778
f 64881641 65340387 65143785
f 65340393 64750567 65405929
f 65143780 65143778 65340388
f 65733614 65274853 66061292
f 65668081 66388965 65668069
f 66388965 66061294 65602540
f 66061299 66061290 66454515
f 66061291 66454519 65668077
f 65668079 65668077 66388975
f 65733610 65995752 65471466
f 65995754 66323443 65995763
f 66323443 66257908 66192375
f 66257911 65799154 66126839
f 67896332 67961870 69403661
f 70124580 70124558 67961868
f 70124556 70124584 69665830
f 70124582 69927980 69534762
f 69927978 69403694 69600269
f 69338151 70124580 69338148
f 69927971 69927983 70517795
f 70059061 70059052 70255669
f 70648885 70648881 70321205
f 70190130 69600311 69469197
f 69600297 69600293 69862441
f 69600291 70321195 69862435
f 70321187 69993525 69731371
f 69993515 70190130 69993522
f 70452278 70714424 70911028
f 71042107 70386744 71042104
f 70386744 70911030 70779956
f 70911034 70911033 71107642
f 70911037 71107646 71042119
f 71042114 71042119 70386754
f 70452281 70976575 71173177
f 70976569 71631930 70976570
f 71631930 71566405 70845502
f 71566398 71697482 71894078
f 71238730 71304263 71238727
f 71304263 71435330 71631941
f 71435333 72221775 71566410
f 72221770 71238728 71763018
f 72025156 72090701 71828556
f 72090725 72090697 72418405
f 72090704 72090706 71500880
f 72025161 72156238 71828581
f 72156261 73794663 73663594
f 73663599 73663594 72418415
f 72418404 72418415 72287332
f 72025166 72352843 71959630
f 72352846 73925735 72352871
f 73925735 73991270 73729127
f 73991276 73991270 74187884
f 73991267 73991277 74318947
f 74318952 74318947 73598056
f 73729131 73729129 74122347
f 74253424 74515570 75170926
f 74515583 74515580 74581119
f 74515574 74515571 74384502
f 74253436 74908794 75039868
f 74908796 75564159 74908799
f 75564159 74646653 75236479
f 74646655 75105395 74646643
f 75105395 75039862 74450030
f 74908785 74908794 74843249
f 74908789 74908791 75564149
f 75564158 75564149 75433086
f 75236480 75236482 75498624
f 75236484 75236481 74646660
f 74646649 74646660 75105401
f 77137052 77202587 78120090
f 77595817 78447771 77595803
f 78447771 78120092 77989018
f 78120094 78120103 77464734
f 78120097 77464735 77595820
f 77595805 77595820 78447773
f 77137063 77530274 77661351
f 77530279 77792414 77530270
f 77792414 77857957 77399199
f 77857951 78316717 78382239
f 78054573 77923500 78054572
f 77923500 77726877 77792421
f 77726885 78185642 77857965
f 78185645 78054571 78251181
f 78578865 78513327 78906544
f 78972085 78709935 78972079
f 78709935 78906545 79299760
f 78906558 78906555 79824062
f 78906550 79824067 78972083
f 78972090 78972083 78709946
f 78578875 79037625 79168699
f 79037627 79430846 79037630
f 79430846 79627456 79496387
f 79627459 78775489 79692995
f 79103169 78841011 79103155
f 78841011 79758522 79430848
f 79758528 79365308 79627457
f 79365313 79103167 79561921
f 79889606 79955141 80413892
f 79955143 79955148 81200327
f 79955155 79955160 80020691
f 79889612 80217290 80282828
f 80217292 80479431 80217287
f 80479431 80676054 81069255
f 80676039 80807128 80676056
f 80807128 80282835 80348356
f 80282824 80282827 80217288
f 80217294 80217288 80479438
f 80479439 80479438 81003727
f 81069269 81069261 80938197
f 81069265 81069268 80676049
f 80676055 80676049 80807127
f 81331419 81265881 68289754
f 81265682 81265683 68486162
f 81265684 81265686 81396756
f 81331219 68027408 68092947
f 68027411 68944914 68027410
f 68944914 69141532 68879378
f 69141522 68748310 69141526
f 68748310 68092948 68158682
f 68027409 68027408 68617233
f 68027413 68027416 68944917
f 68944921 68944917 69075993
f 68879391 68879389 69010463
f 68879387 68879390 69141531
f 69141527 69141531 68748311
f 69207260 69272610 82117665
f 81528038 81724450 81527842
f 81724450 82117852 81789985
f 82117866 82117857 81659114
f 82117853 81659103 81528037
f 81528030 81528037 81724638
f 69207265 82445540 81986785
f 82445537 81855722 82445546
f 81855722 82183399 82379999
f 82183391 82052323 81921247
f 82248941 82511084 82838760
f 82642161 82707692 82642156
f 82707692 82838765 82314472
f 82838773 82838761 82969845
f 82838766 82969843 82642166
f 82642170 82642166 82707706
f 82248937 83494128 82773225
f 83494121 83821813 83494133
f 83821813 83297528 83100915
f 83297523 83166461 83625203
f 82904317 83363062 82904310
f 83363062 83231994 83821816
f 83231992 83559676 83297533
f 83559677 82904308 83035389
f 83952897 84149509 84215042
f 84083974 84018437 84083973
f 84018437 84215041 83756290
f 84215049 84215039 84280585
f 84215044 84280583 84083979
f 84083983 84083979 84018447
f 83952895 84346110 83690751
f 84346111 85198089 84346121
f 85198089 84608268 84411655
f 84608263 84542738 85001479
f 84477202 84739339 84477195
f 84739339 84870415 85198092
f 84870412 84935953 84608274
f 84935954 84477197 84673810
f 85263642 85329175 85591318
f 85460251 85460247 85329178
f 85460250 85460248 85394720
f 85460256 85656860 85919005
f 85656861 85591331 85132566
f 85591333 85591316 86181157
f 85591321 86181156 85460252
f 86181148 86050082 85656867
f 86050083 86050090 86574369
f 85263636 85067027 85132581
f 85067045 85787935 85853477
f 85787941 86312230 86246692
f 86312228 85984546 86312226
f 86377766 86377761 85787942
f 86639912 86508841 87229739
f 86967604 87164201 86967593
f 87164201 87229736 87295275
f 87229740 87229749 86836524
f 87229744 87754030 86836528
f 87754032 87360817 87033136
f 87360816 87295283 86902059
f 86705455 86705461 86770991
f 86705458 86705453 87491890
f 86836536 86836524 87754040
f 87754045 87754040 87557437
f 87754039 87754041 87033143
f 87033146 87033143 87360826
f 87491899 87491890 87819579
f 87950661 88212803 88278335
f 88212807 88212804 88147271
f 88212801 88212802 88343873
f 87950660 88409418 88671556
f 88409412 88933703 88409415
f 88933703 88540506 89720135
f 88540487 88737090 88540482
f 88737090 88671553 88016191
f 88409408 88409418 87885120
f 88933694 88933702 88606014
f 88933712 88933705 89326928
f 89720148 89720142 88868180
f 89720140 89720141 88540492
f 88540495 88540492 88737103
f 89195857 89654617 90047826
f 89523551 89458009 89523545
f 89458009 90047825 89392466
f 90047835 90047829 89851227
f 90047831 89851228 89523549
f 89523552 89523549 89458016
f 89195861 89261400 89589077
f 89261397 89982299 89261403
f 89982299 90309987 89785692
f 90309980 89916777 90703196
f 90178921 90375517 90178909
f 90375517 90441056 89982307
f 90441059 90572135 90309993
f 90572137 90178914 90244457
f 90768744 90506598 91161962
f 91030896 90965350 91030886
f 90965350 91161960 90899818
f 91161969 91161964 91293041
f 91161966 91293042 91030899
f 91030902 91030899 90965366
f 90768748 90834287 91096428
f 90834284 91424113 90834289
f 91424113 91686264 91227506
f 91686258 91358613 93586802
f 91620757 91489651 91620723
f 91489651 91817334 91424120
f 91817336 93652374 91686293
f 93652373 91620729 91751829
f 93390233 93521300 93455762
f 93717907 93717908 93521305
f 93717913 94176666 93717914
f 94176666 94176672 94307739
f 94176667 93455777 93324690
f 94045585 93717907 94045587
f 94176668 94176663 94766492
f 94373287 94373278 94569895
f 94897575 94897572 94504359
f 94635427 93324713 93783442
f 93324701 93324696 94438813
f 93324700 94438818 94045607
f 94438823 94438819 94504351
f 94504357 94242207 94111138
f 94963112 94700966 95356330
f 95290800 95094182 95290790
f 95094182 95356328 95159722
f 95356338 95356333 95421874
f 95356335 95421873 95290803
f 95290806 95290803 95094198
f 94963117 95028654 95225261
f 95028653 95618482 95028658
f 95618482 95880632 95487409
f 95880625 95552963 96601521
f 95815107 95684019 95815091
f 95684019 96011702 95618488
f 96011704 96273854 95880643
f 96273859 95815097 95946179
f 96535999 96142780 96798146
f 96667078 96667068 96142783
f 96667071 96667073 96470471
f 96667079 97060298 96863691
f 97060299 96798156 96077250
f 96798144 96798139 96732608
f 96798148 96732613 96667082
f 96732618 97781205 97060300
f 97781196 97781198 97322452
f 96535995 96994749 96208315
f 96994747 96929216 96994752
f 96929216 97256909 96404933
f 97256901 97715669 97256917
f 97387981 97387988 96929229
f 111740555 111543760 109708970
f 111543978 111609512 111740581
f 111412906 111412688 97453732
f 111871652 111347152 111871663
f 111347375 112395956 112068275
f 111609513 111609511 112002729
f 111806126 111412904 111806120
f 111347371 111347365 112395947
f 111937195 112330420 111937204
f 112199341 112199347 112264877
f 112264885 112264877 112133813
f 112002726 112002729 111281830
f 112461475 111806126 112461486
f 111806125 112461493 112133795
f 97977815 97912274 97977817
f 97846745 97977816 97584598
f 97519062 97519058 97584595
f 98174417 98174419 98567633
f 98764257 98043355 98239959
f 98371036 98371033 98043360
f 98043350 98567648 98502102
f 98567638 98371025 98436572
f 98371037 98371039 98108893
f 98895322 98502110 98895326
f 98502122 98502118 98567658
f 98567652 99157482 98764258
f 99157474 98895337 99157481
f 98895337 98895331 98698714
f 99288557 99419624 99354092
f 99419628 99878385 99616236
f 99878380 99288555 99026411
f 98829803 98829800 99026407
f 98960886 98960869 99550710
f 99616244 99616238 99747316
f 99878387 99878385 100468211
f 99878392 99878398 99943928
f 99223030 99223029 98829814
f 99747314 99747316 99485170
f 100468207 100468211 100533743
f 100468219 100468223 100075003
f 100074999 100075003 100140535
f 99943929 99943928 99550713
f 100730369 100664829 100730374
f 100206086 100730370 100402682
f 100599290 100599293 100402684
f 100926976 100926972 101254656
f 101516810 100992517 100795905
f 100992521 100992515 101123593
f 101320200 100206086 101320198
f 100599307 100599290 101254667
f 101254672 101254667 101910032
f 101254670 101910036 101516812
f 101910028 101058067 101189128
f 101058056 100861444 101123600
f 101123595 101647888 101451268
f 101647891 101647885 101910035
f 102041111 102172178 102106646
f 102172182 102368795 102041109
f 101975574 101975570 101778959
f 101713423 102696466 101582353
f 102696465 102696474 102303267
f 102368798 102368792 102499870
f 102630941 101975579 102630939
f 101975584 101975583 101582368
f 102499868 102499870 102237724
f 103024153 102630941 103024157
f 102630953 102630949 102696489
f 102696483 103286313 102893089
f 103286305 103024168 103286312
f 103024168 103024162 102827545
f 103417388 103548455 103482923
f 103548459 104007216 103745067
f 104007211 103417380 103155236
f 103351844 103351847 103155238
f 103089717 103089706 103679541
f 103745075 103745069 103876147
f 103745088 103745074 104007232
f 104007223 104007232 104072759
f 104007210 104007221 102958634
f 103876145 103876147 103614001
f 104793646 104793650 104859182
f 104793660 104793665 104203836
f 104203830 104203836 104269366
f 104072760 104072759 103679544
f 104597050 104662585 104400445
f 104662589 105055812 104597059
f 104990269 104990265 104334911
f 104465983 104728121 104465994
f 104728138 105252423 105449032
f 105055813 105055806 104924741
f 105186882 104990276 105186884
f 104728134 104728131 105252422
f 105252429 105252422 105383501
f 105252424 105186889 105645634
f 106563160 106956381 106366555
f 106956379 107152996 106563170
f 107021915 107021917 106694240
f 106628704 106890845 106628710
f 106890854 107546218 107284075
f 107152999 107152993 107415143
f 107087464 107021924 107087460
f 106890851 106890850 107546211
f 107480675 107611754 107480682
f 107415139 107480677 107218531
f 107808367 107939436 107873902
f 107939438 108004977 107808371
f 108136046 108136044 107677298
f 108201586 108070508 108201589
f 108070517 108529273 108267126
f 108004983 108004976 107742839
f 108856941 108136049 108856945
f 108070526 108070515 108529278
f 108725886 108332665 108725881
f 107742846 108725882 108594814
f 108660344 108922496 108463739
f 108922491 109119106 108660361
f 109577851 109577856 108988036
f 108791428 109250176 108791432
f 109250184 109446791 109512326
f 109119107 109119103 109053571
f 109774465 109577858 109774466
f 109577863 109577868 109250183
f 109053580 109643397 109315724
f 109643404 109381255 109643399
f 112527034 112789175 112527032
f 112920248 112527030 112592572
f 113116860 113116855 112592569
f 112854719 112854713 112985791
f 113379005 112658107 113247930
f 112658112 112658113 113051328
f 113444542 112920248 113444536
f 113116868 113116860 112985796
f 113510084 113379005 113510077
f 113706693 113706691 113641157
f 113641162 113641157 113575626
f 113051330 113051328 113772226
f 113837769 113444542 113837758
f 113444549 113837770 113575625
f 114362059 114296524 113903314
f 114296530 114230992 114362078
f 115148498 115148492 113968857
f 114689753 114820812 114689742
f 114820814 114165455 114099923
f 114231000 114230993 114493144
f 114034388 115148496 114034384
f 115148495 115148493 114820815
f 114493142 114493144 115017430
f 115279580 114034388 115279572
f 114034394 114034400 114165466
f 114165459 114886362 114427605
f 114886357 115279581 114886365
f 115279581 115279579 114951900
f 115869407 115672801 115214057
f 115672809 116524775 115738345
f 116524777 115869413 115345125
f 115410661 115410657 115345131
f 116197090 115803883 115672807
f 115803879 116131565 115738355
f 116131571 116590324 116524778
f 116524770 116524778 115607266
f 116131556 116131560 115476196
f 116590307 116590317 116262627
f 116590321 116590319 116066033
f 116590314 116459244 116066026
f 116459242 116197102 115934946
f 116066032 116066033 116459248
f 117245685 117049078 116655870
f 117049086 117311228 117114622
f 117311230 117245688 116721400
f 116918008 116918006 116721408
f 117376776 117376761 117573384
f 117114621 117114619 117507837
f 117311234 117311228 117966594
f 117311233 117311241 117901057
f 116852488 116852479 116918024
f 117507834 117507837 116786938
f 117966583 117966594 117638903
f 117966598 117966596 117442310
f 117442309 117442310 117835525
f 117901063 117901057 117573383
f 120129320 119867167 119998250
f 119867178 120325933 120129317
f 119801642 119801631 119408418
f 119670562 119605023 119670578
f 119605042 120063785 120653615
f 120325924 120325926 120260388
f 119932716 119801645 119932717
f 119801641 119801639 119605033
f 120260401 120260388 119539505
f 120850209 119932716 120850220
f 119932720 119932725 120063792
f 120063791 120522544 120457006
f 120522542 120850227 120522547
f 120850227 120850219 120194849
f 121505597 121243444 121374527
f 121243455 121702210 121505594
f 121177919 121177908 120784695
f 121046839 120981300 121046855
f 120981319 121440062 122029892
f 121702201 121702203 121636665
f 121308993 121177922 121308994
f 121177918 121177916 120981310
f 121636678 121636665 120915782
f 122226486 121308993 122226497
f 121308997 121309002 121440069
f 121440068 121898821 121833283
f 121898819 122226504 121898824
f 122226504 122226496 121571126
f 122357581 122881865 122423116
f 122881868 123078475 122292044
f 123078476 122357586 122160978
f 122619730 122619721 122160975
f 122488656 123406159 122881867
f 123406155 122947413 122292055
f 122947415 123340639 123602775
f 123340631 123012950 123078482
f 123012946 122488656 123012944
f 123275094 123275086 123340630
f 123209563 123209562 123471707
f 122947409 122947420 122816337
f 123602771 123602773 123144019
f 123602781 123602776 123340637
f 124258151 123995998 124127081
f 123996009 124061548 124454761
f 124061545 124258148 123537252
f 123733860 123733854 123537250
f 123799400 123799393 124782440
f 124454755 124454757 124389219
f 124061547 124061548 124847979
f 124061546 124061554 124192618
f 123930472 123930470 123733864
f 124389232 124389219 123668336
f 124847968 124847979 124651360
f 124847988 124847983 124323700
f 124323693 124323700 124585837
f 124192622 124192618 124782446
f 125634428 125372275 125503358
f 125372286 125568893 125634425
f 125306750 125306739 124913526
f 125175670 125110131 125175675
f 125110139 125241208 125437813
f 125568902 125568890 125831046
f 126093185 125306749 126093181
f 125306744 125306757 125110136
f 125831045 125962112 125765509
f 125962117 125044600 125962104
f 126027647 126748546 125699972
f 126748548 126683022 126027656
f 126289796 126289794 125896585
f 126224265 126355330 126224267
f 126355339 126617485 126486419
f 126683025 126683023 126814097
f 126945168 126289806 126945166
f 126289805 126289810 126355341
f 126814090 126814097 126551946
f 127403916 126945168 127403920
f 126945179 126945177 126617499
f 126617491 127535003 127010710
f 127534998 127403930 127535002
f 127403930 127403925 127141772
f 127338391 128255892 127272856
f 128255896 128386984 127338397
f 127666072 127666068 127076252
f 127731612 127600532 127731617
f 127600545 127862688 127928229
f 128386980 128386982 128321444
f 128059303 127666088 128059304
f 127666080 127666083 127600544
f 128321456 128321444 128583600
f 128714667 128059303 128714663
f 128059306 128059309 127862698
f 127862693 128518058 128190367
f 128518047 128714671 128518063
f 128714671 128714658 127993771
f 128452526 128780204 128452536
f 129042360 128452521 128649138
f 129107890 129107884 128649137
f 128976823 128976819 129238967
f 129763255 129435573 129501102
f 129435579 129435577 129566651
f 129697722 129042360 129697720
f 129042359 129042364 129107895
f 129566644 129566651 129304500
f 130156470 129697722 130156474
f 129697733 129697731 129370053
f 129370045 130287557 129763264
f 130287552 130156484 130287556
f 130156484 130156479 129894326
f 130090945 131008446 130025410
f 131008450 131139538 130090951
f 130418626 130418622 129828806
f 130484166 130615230 130353096
f 130615240 130615243 130680783
f 131139534 131139536 131073998
f 131139543 131139537 130811863
f 131139527 130615245 130811847
f 130615239 131663814 130877393
f 131663825 131336149 131074007
f 131336151 131598284 130746327
f 131598295 131270612 131467213
f 131270605 130942922 131270602
f 130549716 130549711 131598292
f 131532755 21628886 131205080
f 21628888 21365068 21694424
f 21366744 131532764 131401692
f 131860444 131860438 131401691
f 131727690 131729373 21299530
f 21692744 21692747 21233992
f 21365061 21365068 20906309
f 21365060 21365056 21561668
f 131793226 131793223 131858762
f 21233985 21233992 21496129
f 20906313 20906309 20840777
f 20906302 20906303 21168446
f 21168451 21168446 21037379
f 21168454 21168450 21561670
f 20382007 20578618 20316472
f 20578616 31982057 20382013
f 20709688 20709690 20513084
f 20447548 20644154 20447722
f 20644330 31916520 32047599
f 31982055 31981883 32440807
f 31719920 20709865 31719913
f 20709864 20709861 20644328
f 32440817 32440807 31785457
f 32309734 31719920 32309744
f 31719923 31719918 31916531
f 31916527 32637427 32375284
f 32637428 32309741 32637421
f 32309741 32309746 32571878
f 61669867 61538796 32113582
f 61539246 61211559 61670323
f 61997998 61997548 32179119
f 61604783 61735404 61604788
f 61735860 62391225 62063546
f 61211573 61211564 61146037
f 62325670 61997991 62325671
f 61998009 61998008 61735865
f 61146021 61146037 61801381
f 61277104 62325670 61277094
f 62325681 62325672 62391217
f 62391226 61866929 62456758
f 61866934 61277106 61866930
f 61277106 61277111 62260144
f 61408169 61342635 61408349
f 73270365 61408170 61473887
f 73204831 73204651 61473890
f 73335902 73335906 72746078
f 73008215 73139296 73401257
f 72549473 72549469 73139288
f 73139295 72811608 73270366
f 72811614 93258839 72811607
f 93258839 73008218 72942679
f 73073754 73073755 93193306
f 73401428 72680533 72614996
f 72680532 72483923 72549776
f 72549464 93259152 72877139
f 93259151 93258841 72942991
f 92931470 92800394 93128075
f 92800395 92603782 92931461
f 92538251 92538250 92865933
f 92997005 93062538 92996999
f 93062535 92734856 92669308
f 92603780 92603785 91882884
f 92407163 92538246 92407174
f 92538248 92538243 93062536
f 91882878 91882884 92341630
f 110429570 92407163 110429563
f 92407169 92407446 92734849
f 92734844 92276097 91948413
f 92276093 110429567 92276095
f 110429567 110429568 92210562
f 110495387 110757525 110495392
f 110823072 110495383 110364316
f 109971100 109971093 110364308
f 110888591 110888596 110560911
f 110626456 111085213 111150747
f 111085218 111085217 110954146
f 109840030 110823072 109840032
f 110823064 110823053 109971096
f 110954143 110954146 109905567
f 110167694 109840030 110167710
f 109840016 109840018 110560912
f 110560921 110036624 110626458
f 110036634 110167697 110036625
f 110167697 110167699 110233230
f 23069035 23069133 30015851
f 23069128 23069131 30081480
f 23593416 23593420 22675912
f 23789915 7733609 23724491
f 7733707 22348118 30015944
f 22348232 22479192 29819227
f 22479195 29950410 22675820
f 29950316 29950217 17301850
f 29950298 29950297 22544738
f 29884535 23134550 29884758
f 23134550 23134552 22479306
f 53543747 53543729 54330179
f 51643198 42206002 54330133
f 42205973 42402444 42205836
f 42402444 42402448 42926896
f 54330172 54330179 54264636
f 54330182 54330173 42206022
f 42206011 42206022 42402619
f 55116603 54592136 55116424
f 54592136 54199088 54264736
f 54264737 54264736 54854561
f 54854463 54854561 54133567
f 54133650 54133567 54920082
f 54133578 54920007 55116617
f 54592329 54592330 40698697
f 54199200 54723396 60752889
f 66585504 66585505 60818239
f 66585407 54526785 54395794
f 54526866 59835298 42271650
f 54919814 54920082 45482630
f 54920009 66585271 42337092
f 42467975 54461433 42468345
f 54461433 54788929 54461249
f 54788929 40240034 54789026
f 40240034 42271339 40502178
f 40501894 55182155 42271415
f 42336905 51577614 51184265
f 51577481 42599050 42533513
f 42599049 50135872 42599232
f 50135872 50135877 54788711
f 51577482 42599224 53936778
f 42599166 41812792 53936894
f 50135655 39453311 41812583
f 39453287 40370797 40632935
f 40370791 39453291 53936767
f 39453313 51315512 41943643
f 51315291 51249773 51315309
f 51249773 51249769 40370853
f 44761765 44761705 40370795
f 55181996 42140267 53936769
f 41943826 41943684 51315474
f 51315473 51315474 51249937
f 39125777 44303119 39125775
f 44303195 44302934 44696411
f 44761771 39322277 53936772
f 42140250 42140249 51446362
f 51446525 51446362 51380989
f 51380824 51380989 40436312
f 40305258 39125777 40305425
f 39125860 39125608 56230756
f 56230759 56230756 56361831
f 56230569 56230749 44696233
f 40436575 40436312 56427359
f 40305502 40305258 56820574
f 56820390 56820574 57016998
f 57017092 57016998 50594564
f 56361733 56492903 56427174
f 56492710 56558432 44368712
f 54985382 54985476 45351776
f 50594653 56361737 51118857
f 56361603 56361741 44565123
f 56951427 56951465 44565163
f 56951467 44761957 56885931
f 55182181 55181996 56755045
f 55182007 56951651 41878147
f 41878374 39584386 42009446
f 39584614 56296284 56951653
f 56296293 56296291 56754871
f 56296119 39584585 56296265
f 39584585 55051027 40698643
f 13566067 13565975 13697139
f 1638610 1638608 7930066
f 7536762 7536666 23003258
f 7340384 7471220 13697393
f 13697041 13697393 7929873
f 7929871 7929873 23003151
f 23003351 23003151 7405783
f 23003249 7405682 7340355
f 7471473 24052080 24117255
f 24117261 24117255 1048589
f 1048888 1048589 917816
f 917520 917816 14024720
f 14024714 14024720 13959178
f 7405782 393431 328048
f 393236 393222 7602196
f 393228 393333 786444
f 20381708 20381709 851980
f 852280 983056 655374
f 655376 589834 458763
f 13959176 1245194 7602197
f 7602491 7602197 721211
f 852283 851980 20316475
f 655671 655374 14221623
f 7667930 655371 458870
f 1245205 6357201 13631509
f 6357013 19857712 1311035
f 19857723 20316254 6095163
f 14221406 14221623 5898334
f 14221523 7667803 13762778
f 23331027 23330934 7667721
f 7667720 44433417 6357296
f 44433712 19792175 19857502
f 19791966 20775230 6094939
f 20775003 5832794 5898562
f 13762882 13762651 22085954
f 13762917 19267922 44433711
f 19267887 20513062 19202351
f 20513071 6029630 20513086
f 6029630 20971610 6029402
f 20971610 21037414 23396442
f 19202067 19202343 1507347
f 19202341 19202072 20513061
f 20513067 20513061 6029611
f 6029631 6029611 20971839
f 105709887 105447745 105709889
f 105447745 105447782 23396674
f 1507350 1507347 1114134
f 19136530 19136536 6291474
f 19136608 19136609 19529824
f 19531476 19529824 20842196
f 77858516 105709887 77857087
f 44498966 1114130 6292136
f 44499041 6226016 114492072
f 44500692 77858377 105383636
f 105317961 77923493 105317541
f 77923493 105776718 77923918
f 105776718 105383498 1573544
f 105383496 1572889 105316712
f 105317958 105316712 77923910
f 77922331 77923910 105775131
f 44498969 23529167 114163737
f 23529082 23529167 108660346
f 105186939 105185640 6424187
f 1704035 1705542 6488163
f 78119012 78118939 1705551
f 44500687 78120570 19595364
f 114622764 77989033 114623657
f 77989033 105776717 105645225
f 105776709 105776717 105449029
f 105447746 114624069 108724524
f 108791420 108791510 114623655
f 108790951 104597063 105252007
f 104596647 78054568 77989453
f 105645643 105645224 105121355
f 105120103 23463499 105120066
f 23462210 108790098 114820732
f 78186201 78186109 108791367
f 78186055 78251596 105580103
f 78251591 78251581 104596643
f 77792419 77792829 104596648
f 77792424 22152779 77792843
f 22152779 78184807 114362073
f 78185644 78186194 108397740
f 105580151 105579690 108463735
f 78251640 78251596 114427512
f 77727443 77726891 114099923
f 113772238 77726883 77792969
f 108332745 77792420 22152822
f 108397794 108397740 81921250
f 108463331 108463735 82248931
f 114427112 114427512 82117864
f 114099430 114099923 85132518
f 114033940 113772238 114034382
f 108332749 81856201 81921253
f 81921252 81921253 82248932
f 82248935 82248932 82117863
f 82117867 82117863 85132523
f 85132785 85132523 92014065
f 85133005 82052477 108922082
f 92015462 92014065 191236966
f 92014284 92015463 114034380
f 114034294 113968844 108332752
f 114230902 23331155 114229587
f 23462245 99680595 191171431
f 99683175 78382462 92080999
f 78383975 114230988 78382796
f 114230993 114230445 108267217
f 114229605 23332469 525941
f 92081000 92079602 99814248
f 92079825 92079604 78382801
f 20908904 20907508 99813073
f 20907729 524501 13895377
f 526033 20907637 22809448
f 22872413 22872384 20906197
f 22872277 13828308 13893641
f 13828105 13959176 13828104
f 22413524 7405782 22413526
f 7405891 22872407 22937949
f 22413663 22413662 22872276
f 22937943 23462211 22085989
f 85001514 85001513 84608298
f 84542732 84542738 82380044
f 83166442 83166475 86443242
f 83166455 83166504 86312183
f 47973674 48104716 47973644
f 48104716 47777002 48104682
f 47777002 47908136 47777064
f 47908136 47908087 83232039
f 86312231 86312183 82314535
f 56624423 47973609 47842602
f 47842013 48104150 47514333
f 48104154 47907542 47514330
f 47907521 86377174 46138076
f 56689345 56624423 56689959
f 84869986 84869985 84738914
f 191104270 191104272 84935950
f 47711502 45810961 47514305
f 46138210 45875900 45810530
f 45876066 47711502 45876494
f 45875929 45875926 47514300
f 81528057 81528044 82576633
f 83035373 83035357 104793325
f 104793332 81790527 83363053
f 81790189 83428602 82576960
f 83428928 104793665 104728129
f 83429711 83428577 124651855
f 83428591 83429231 104858863
f 82708033 155387455 156108655
f 155387759 82643266 155256687
f 82642799 82707695 104727790
f 155257157 155257156 123668805
f 82642784 82643266 82773856
f 82773230 123733567 155453280
f 123733856 74777718 123667696
f 74777840 82773233 104727793
f 82904305 82904639 104727758
f 86115534 86115903 104727795
f 81134883 83625203 123733110
f 83625078 74908792 74777841
f 74908913 75105522 74908914
f 75105522 75171022 75105486
f 75171022 81134883 75171107
f 75236476 75236567 81462396
f 81462395 81462396 75039867
f 74908794 74908925 75105402
f 210503745 210504846 210765889
f 183831697 183831693 183897233
f 210373367 210373366 211815159
f 211750049 138415243 210766882
f 210765917 210766882 183896157
f 183895952 183896157 211814288
f 211815582 211814288 210439326
f 211815584 210439308 211750031
f 138415138 142411902 203492507
f 203492095 203492507 140249855
f 140249854 140249855 126814974
f 126814970 126814974 211618554
f 211618560 211618554 138545920
f 210438211 211422366 184551550
f 40897281 42863771 40897691
f 42863771 42732287 42863359
f 42732287 42797822 42732286
f 42797822 50268922 42797818
f 50268922 40897280 51841793
f 41288472 40895089 42861175
f 42861176 42861175 42730104
f 42730102 42730104 42795638
f 41222798 41222912 50266905
f 184484633 184484608 211026713
f 138546325 41290496 43582232
f 43647642 41550455 43647607
f 41550455 41681528 41550456
f 41681528 41681526 41222773
f 41222937 41615989 41157401
f 41616153 51708694 51907733
f 43582107 67830796 43647686
f 43647684 43647686 41550532
f 41550621 41550532 41681693
f 67896093 41157245 67895933
f 41157273 41157645 41616025
f 67830470 46465735 6881991
f 46465732 52166762 6881988
f 52167365 67895402 46400285
f 67895965 67896005 43516573
f 43516572 43516573 41484956
f 41615994 43778713 6881989
f 43778716 68419690 6881948
f 43713182 43713557 41484958
f 41484921 41484958 51970681
f 41484924 51970842 41616179
f 41616150 48038707 6882325
f 68420330 68420318 43844330
f 43844222 43844330 41419390
f 41419543 41419390 41091863
f 41419409 42992244 41419546
f 42992410 53609215 50201370
f 203621119 140444467 203621171
f 140444467 211026710 140444438
f 184615703 184681076 184615540
f 184681076 211550865 184681105
f 211550865 203621119 211550975
f 203622466 203623581 142346306
f 140445821 140446756 184879229
f 211028742 184617056 211485463
f 184618019 184618140 184814627
f 184683269 184683266 211684101
f 211553439 211553027 138480799
f 138480778 138480799 203361418
f 142347296 142346306 138021920
f 184879163 138348669 203557637
f 138349317 183634675 184814751
f 183635103 183766154 183635082
f 183766154 210242697 210308128
f 210242592 203426849 203360315
f 183634676 183633984 183765748
f 203425851 215616731 138021725
f 138087261 184879163 138086459
f 184879167 184879164 142280767
f 184880277 138545276 142281877
f 190580796 138151997 138086463
f 138151999 138217534 138284176
f 138283075 138284176 142280771
f 138218640 210635919 210701452
f 138546316 118033552 123143947
f 118032139 118294286 118098632
f 118294289 118294282 180881169
f 180816585 117835534 180882120
f 180816572 117966599 180030152
f 180815628 118425353 118164168
f 180815705 180684560 118491849
f 180685513 180684551 117836476
f 180685500 117901062 117770940
f 117902012 125568777 117901065
f 125568777 118228748 125568780
f 118228748 118359824 118228752
f 118359824 204998489 204671654
f 204999334 204606515 178588690
f 204606482 204147756 202443823
f 204147759 98962449 204147729
f 98962449 178456040 204999731
f 178457651 178326178 204604903
f 204606508 85067239 178457250
f 85068450 204409904 178324982
f 178324967 99943926 98960872
f 99943912 99878171 99943707
f 99878171 177997077 99878165
f 177997077 85068444 204408092
f 204408303 204408092 177997295
f 204408309 99945117 99879984
f 85067036 85722397 85658673
f 85657068 85658673 99485164
f 99485163 99485164 204277227
f 177998894 177997295 177933358
f 85724209 99747315 204475408
f 204475434 204475408 215813162
f 204473836 204082398 215811564
f 204080620 202311147 178128371
f 178195103 99355664 178195472
f 99355664 99159082 99355690
f 99159082 215747805 204016862
f 215747806 178195499 205064863
f 178523194 204212896 178522784
f 204212896 99354089 99093152
f 99355294 99354089 99158686
f 205064869 99093153 178062822
f 99091942 21236781 194576711
f 194576936 194576711 33096232
f 33096231 33096232 194511399
f 194513812 194511399 35982228
f 36113280 36110663 196610944
f 36110891 36113337 36045355
f 36045301 36045355 194183669
f 35521013 35523476 194183718
f 35521062 35389949 35521021
f 35389949 196610968 38341504
f 196608555 32768586 38339115
f 32768326 35521098 21299701
f 35389766 35389983 21168454
f 194117956 194118173 35392408
f 194120600 193006467 194120579
f 193006467 21168635 38338886
f 21171073 194118218 192938308
f 193006465 193006483 32967553
f 33227256 33229698 193004027
f 33227259 32965108 38341505
f 32965113 33227338 33030648
f 34999152 34996753 191892336
f 34737009 34734615 191761265
f 35261295 35258899 27921263
f 194052523 194970139 191826801
f 194972529 32834038 191892335
f 32836463 30999002 191758763
f 30998955 192809855 27918669
f 27921298 21758285 194052634
f 21758490 21954896 35193327
f 36834208 30736886 36831734
f 30736886 30867930 30736858
f 30867930 28314495 30870399
f 28314495 21758380 27986815
f 21954988 36831565 28511136
f 27984303 27984305 32899503
f 27984208 29032951 32899408
f 29032784 32375214 28115280
f 32377715 32375214 32312179
f 32899519 32899503 29032895
f 29032894 29032895 31916478
f 29035379 29032936 28117875
f 31918974 31916478 30346110
f 192020944 192020968 28246480
f 32309680 32312179 32244144
f 32244141 32244144 32440749
f 32440746 32440749 32506282
f 30343633 30673790 30409168
f 30671312 30278095 30343600
f 30278064 36766125 30278061
f 36766125 31130026 36766122
f 31130026 27787689 27853297
f 27787761 191957916 27790236
f 191957916 195035690 30671311
f 195035599 36897330 195035698
f 36897330 30933468 36897244
f 30933468 31064539 31130025
f 31064489 27200370 27656610
f 27197858 24314228 27328882
f 24314226 195562409 24183158
f 195559798 33751415 24510838
f 33751414 24316843 37421472
f 24316841 24511036 37424041
f 24510980 33620540 37421572
f 33751614 33751554 195691070
f 33620390 27722300 27591170
f 27722242 24379966 37421478
f 27591027 27591029 27722099
f 24379965 195625532 37486965
f 195625333 137888115 137955217
f 137889681 138741830 126880901
f 138742917 127142639 183372933
f 127143045 127141782 127208174
f 137955385 18090846 190646329
f 138739989 215681081 137956190
f 215681886 142935955 127011678
f 2033798 2034526 190644259
f 19726371 190647134 6816046
f 6818654 14090537 19401566
f 14093150 209191189 215680915
f 209192851 140773335 131467155
f 140773267 211094567 203818899
f 211093395 131532934 209192919
f 131532759 140905166 181209047
f 140904407 140118117 140904549
f 140118117 212143270 140774439
f 181208922 181209048 115017562
f 127272668 126749390 127273678
f 126749390 185141351 126748775
f 185141351 215943259 185141339
f 140119205 140119264 212143269
f 115279706 115279580 115018945
f 213911260 127273788 188417756
f 109120316 185141143 109119383
f 185141143 115279759 207816538
f 115281025 115280996 183241857
f 183240416 83889305 211289824
f 83952897 213911264 83953376
f 183502082 188419265 183504065
f 183110785 211225325 183110381
f 211225325 213978265 211225753
f 213978265 213976321 83887838
f 83953374 83952897 127469278
f 83954417 183109530 183176321
f 183109252 183110380 114886276
f 183109730 183109338 211224674
f 211225397 211224674 213977909
f 115346229 115346626 213977917
f 213976798 209652541 183174788
f 209651332 209849475 109251738
f 187763866 187762308 109250266
f 187762394 213322542 187500250
f 213321434 114887478 140577590
f 187960118 209651810 209849476
f 209848455 209849476 183961735
f 209849490 209849080 210898066
f 209849498 211356819 142609555
f 211356466 209913985 183307392
f 127142638 127143044 209913991
f 127142023 211160215 143000775
f 143001424 143000775 183961424
f 122620664 183960758 140706998
f 140708600 127143058 211160212
f 145886356 80088215 145886359
f 80086177 80087219 78447777
f 145491118 122619079 145491143
f 107546797 107546448 122619062
f 127143060 183372527 210963196
f 97192700 145886356 97193108
f 145884777 145884620 106563177
f 77596251 184223923 184290031
f 14158589 14158588 184221903
f 14287055 184224508 59310299
f 184222392 108135306 45550332
f 184223180 184288883 138742511
f 184287262 1968198 1903357
f 18219039 184290045 14156055
f 90767639 87032025 90767577
f 87032025 87163087 87032015
f 87163087 138739931 1900572
f 1835036 1835038 1900575
f 86900765 90701855 86900767
f 90701855 18219313 19922975
f 88932657 90767639 88932631
f 2099270 2097180 1770829
f 1770818 1770829 1836354
f 1836335 2098498 2164806
f 86638626 88866849 86638625
f 18090054 18087970 2164013
f 2164011 86770989 87359765
f 87359704 87359765 88408280
f 88408361 88408280 88473897
f 88473705 88473897 86704233
f 86704430 86704233 87294254
f 87293987 87294254 86966307
f 86966304 86966307 86835232
f 86835496 86835232 88211752
f 88211656 88211752 87228616
f 87228714 87228616 87097642
f 19335302 142934048 19333320
f 142934216 211094678 13041962
f 211091754 203754534 19464493
f 87097645 87097642 87425325
f 87425125 87425325 87490661
f 87492490 87490661 132646794
f 203754535 203754646 212274215
f 212274214 19662992 143592486
f 6555792 6553901 190384272
f 6555530 203098970 190384010
f 203097994 203164701 126420877
f 132646797 132646794 132777869
f 203820200 101647888 212272689
f 212274338 143590961 211881128
f 190385314 190384272 203099298
f 203098202 203099298 207751258
f 203164771 203820060 101649574
f 101584038 103810576 101582352
f 103745039 211945009 103745073
f 103812258 211881123 140053667
f 140053674 140053667 216206506
f 140053199 207752420 181274714
f 212141583 212077733 101583630
f 101582384 185404174 103746790
f 211946726 211945008 212405478
f 190975206 190975146 212405476
f 185469795 182586596 185470180
f 182586596 182586063 181275761
f 181275747 185404529 99552421
f 216139248 216337166 216140558
f 191040739 190975206 191040742
f 190909605 99550704 6687586
f 185204839 216139248 185206256
f 216140556 216140555 216402700
f 216140644 215944423 212077410
f 190909281 6687968 190843746
f 6686225 6687585 18155025
f 6687499 215941398 190843657
f 124324617 124324705 190842385
f 215943945 109120266 185142025
f 109120265 124128058 188287753
f 124128009 124323677 123472649
f 187434626 213781306 187435834
f 213781306 187239210 188286823
f 187238247 187238245 123995998
f 187238238 104334905 123537243
f 109120301 126682752 108989229
f 126683949 140314718 187436223
f 140315839 140183644 213779710
f 213779722 213779710 187237642
f 104334602 108858154 109119104
f 108856960 126553278 213714560
f 126551680 140511118 126551950
f 140511118 142542976 126683230
f 142542942 140184315 184158302
f 188417666 188417662 108857053
f 188352221 188352126 108858558
f 188353726 138611888 212798654
f 138611902 126551948 140511300
f 142477380 142477409 140511360
f 183503676 210175709 183502557
f 210175709 209456253 115084465
f 115084091 212864177 188353329
f 74844977 188353339 212796535
f 212797567 212796535 138610815
f 183044849 209783944 183045256
f 209783944 209455858 183569544
f 209456155 212863730 203033725
f 212995099 114953393 212995249
f 114953393 183044913 127470321
f 127338394 183044842 209782680
f 210110360 210111618 209783942
f 209783536 209783942 202967792
f 183569434 183569538 203033626
f 203033779 127339546 115148698
f 210110174 210110360 188483294
f 209587005 210046087 209587335
f 182848639 182848646 210045680
f 183436931 183438055 131270275
f 202966996 202967792 212994004
f 188484735 213388473 209586919
f 213388007 213190275 213386883
f 213190275 136383676 213583491
f 136382083 136382420 131269856
f 131271859 81331424 81726643
f 81333427 115345115 188484793
f 213190369 213191865 213255905
f 209325239 203230390 209325238
f 203230390 182717157 213191868
f 182717628 126945170 213583906
f 213257013 213255905 213650229
f 187305149 209325239 187305143
f 209324844 209324843 207883052
f 209325087 209325157 203230239
f 213322549 209259709 213322941
f 209259709 131598297 213650607
f 213650219 212733103 187304748
f 187370297 187370671 109382457
f 207881862 213322540 188025653
f 19924302 74843497 187566897
f 187565175 140381364 213058679
f 140379255 142542975 140380287
f 184748127 184748160 142543611
f 213060786 213060399 187632818
f 213060356 213060400 140380932
f 212929328 187630858 83690762
f 187632677 187630846 184749093
f 184748795 203688997 184158300
f 140182782 212929573 84478690
f 84478689 84478690 83757793
f 84477497 83756287 104335202
f 104335195 123799394 123340653
f 212929250 114689931 126487266
f 114690786 115541732 182520545
f 115542753 182455320 83758104
f 202835199 84084578 202835810
f 84084578 124520297 124258146
f 124454761 114689901 115542825
f 202836777 202835684 114559785
f 84084437 84085784 109053653
f 156042881 155976964 156042500
f 155976964 198182761 114690857
f 198183721 69403684 187172565
f 69404373 201788424 114558593
f 201787009 36504615 69600897
f 36505217 138676293 109053806
f 109054286 198182766 69403760
f 69403726 69403760 201786446
f 69600334 69602312 69469262
f 36504613 36504615 69731365
f 69534757 69534761 71828517
f 71500873 74384422 198118353
f 72944592 197002352 72942704
f 197002352 64619598 197002318
f 64619598 197133349 64619557
f 197133349 197133385 71830467
f 197264457 71500884 72549449
f 193399760 193463386 193397850
f 193463386 193399743 194251728
f 193397820 193399701 200213564
f 193465328 193465224 10882032
f 10881999 10882032 200281039
f 72879055 199035889 70978544
f 200213592 200215518 198050904
f 198052873 198050904 214043657
f 198050905 69340355 214041689
f 69338201 70976477 199033911
f 21627959 21433310 21629918
f 21433310 191366232 21431384
f 191366232 70650889 72221756
f 70648208 26149967 70648164
f 70648139 23265636 21627217
f 21629851 21627217 21433243
f 194642248 191368041 191433627
f 201853802 71043945 72221072
f 71041424 199363555 26149957
f 21562437 23265680 21561744
f 22020426 22020452 36176202
f 21889577 191430993 21889361
f 191430993 70781851 71044067
f 199363552 199361593 198314976
f 199363538 199363539 71568338
f 21695442 21562437 21693509
f 36176204 21823818 21692969
f 36176207 70713678 71042105
f 70714425 198970333 70779359
f 70778953 70779359 199163977
f 198967682 198968376 194838914
f 194841565 9175181 198967544
f 198967775 16187640 31326646
f 28639711 4718665 4653494
f 199163976 25231433 194841530
f 194838760 194841530 9175272
f 68878568 68878477 9175111
f 9175288 4587591 16187841
f 16187830 29360577 28639304
f 25234362 196676544 71371712
f 192414786 192482234 192416698
f 192482234 13304040 192479464
f 13304040 68879435 71958760
f 71369260 71371712 59048492
f 201720710 201720898 71368782
f 71371641 5046350 192416632
f 192351097 192482170 13306744
f 13303884 13306744 15073356
f 71958759 83820748 36373382
f 83821446 109315717 59049018
f 59051015 64554042 70847495
f 64556039 64422872 201719883
f 201719886 4849739 5046348
f 5049208 84410444 83822213
f 109316840 109315337 182782696
f 109447910 70846085 109446789
f 64554631 64554042 84018823
f 64357635 64357338 64553944
f 84411610 84411648 81724634
f 136381664 127599881 136381705
f 127599881 182913768 182978460
f 182782697 182782696 209521385
f 128257150 109447910 128256742
f 84019110 84018823 209389478
f 187894908 64357635 187892995
f 126945314 127600540 182978450
f 209520530 209521385 182716306
f 127404773 128257150 127405182
f 209389465 209389478 127535001
f 136578971 187894908 136580220
f 187828261 187829044 187894604
f 187894296 187894604 64358936
f 182716313 203230238 127403931
f 203229083 203295775 127535005
f 127535141 136513437 127666213
f 136579891 136513572 187828945
f 153684689 189467443 153684787
f 189466923 189466922 215288107
f 169282774 127667020 131206175
f 136513491 181405597 131205156
f 207882195 207882961 181405318
f 153880198 153684689 153881297
f 153749805 207882538 203294675
f 198246732 199819598 198246734
f 199819598 188612943 199819599
f 188612943 201853802 188615530
f 201853760 201853759 214043456
f 199822291 199822290 214109139
f 188615876 188615658 188681412
f 53742788 66194240 53742400
f 66194240 214041635 69339968
f 214107195 214109139 28902459
f 197525946 53742788 197528772
f 53740561 53742535 70386705
f 53742534 53740595 66194374
f 70912992 199166931 70911039
f 70912991 199099455 70910394
f 199098810 34406926 28901921
f 28904391 194314785 35654599
f 194317255 68157982 35457991
f 192154592 192152639 71173200
f 71173182 71173200 199099454
f 193528894 193530847 199098894
f 4656096 31263605 4655989
f 31263605 72286465 16780149
f 72289249 72286465 199298017
f 71109602 4654160 31261121
f 29360606 16711936 31260929
f 16711937 16649185 16714721
f 16649185 199953387 199887841
f 199953377 199953378 199295513
f 35130338 16712766 16646593
f 16649076 16646593 192220020
f 199887734 199885055 71895926
f 199887803 196740170 199887852
f 199951470 74255291 199950869
f 199950873 29360661 192086087
f 192088951 192217159 192285556
f 71895927 71895926 68881271
f 199623708 199623754 71895995
f 199625659 199691240 196740206
f 68878407 199625591 71959580
f 15074379 4983783 15076327
f 4983783 193203077 199625704
f 193203176 72090701 199691241
f 199689326 15076329 4980985
f 4981218 4980985 13369826
f 193200333 193200205 34209997
f 193201223 193200651 72090695
f 72090700 199754823 72025165
f 15073529 4915276 16253003
f 16253002 16253003 31522890
f 31523338 31522890 31588874
f 13369827 13369826 193266147
f 34212742 34209997 13241222
f 34210886 34209995 71697478
f 64421963 199426122 64421962
f 199426122 199492106 199426570
f 199492106 31654372 34144739
f 31591302 31654372 193265867
f 31654091 185732069 199491787
f 185729227 186321692 13239366
f 64357336 169282532 64359396
f 169282532 169675294 199429093
f 169675749 169675539 185731856
f 186321680 186321683 186387216
f 175967005 71633692 175967004
f 71764606 71763014 71631943
f 169413144 185535006 169413150
f 157026842 149293840 157027088
f 149293840 149359389 149293853
f 149359389 149424361 186387217
f 186387070 169413393 169740824
f 169609759 169609754 169412838
f 169412957 149227750 157026553
f 150473053 150604007 150472935
f 150604007 169281768 169741526
f 169741525 169741526 171773141
f 169740829 171575870 171772445
f 171575837 171838015 169609452
f 169609446 149620972 149227769
f 149620985 79104251 215289045
f 79105237 79037623 215223117
f 215222843 215223117 171772475
f 112266454 79103160 76613298
f 79037586 79037624 112526482
f 79234742 189531319 79234231
f 214762682 214371149 214764365
f 171576520 112266061 153750742
f 76679467 112264882 76612755
f 112526483 112526482 76743827
f 112460948 79234742 112461494
f 79234193 214763189 76547258
f 153748627 143263883 76678292
f 143262868 112658104 76744379
f 76744373 112854715 112460945
f 76547764 76547771 214763188
f 153880875 145098891 153880715
f 145098891 143198346 143263416
f 143197880 121833779 154273464
f 121833144 112854708 112395960
f 109381933 188221607 109381799
f 188221607 119801637 145098890
f 119801994 153945988 126027914
f 153946250 143067443 153946419
f 143067443 147195716 143066948
f 147195716 126224263 121833140
f 119803067 119802681 43977915
f 119802037 119800480 126027957
f 146016132 145950900 126028078
f 145951022 120063785 153946248
f 213519076 213519161 208997092
f 188091510 122096827 188091579
f 122096827 122094240 43976885
f 122095797 146016073 145950537
f 120063817 188221620 182650842
f 182651600 182650842 136448720
f 182652022 208930851 136449142
f 208997175 131665013 212732729
f 131599535 207947738 131598298
f 207947738 209128144 207948496
f 209128144 209063031 181340195
f 209061923 213126261 209063029
f 213126261 131599159 207948922
f 209128570 213322854 209259640
f 213322872 187501358 209128567
f 187501687 187763893 187501749
f 187763893 213454010 213125943
f 213453623 152636216 188156727
f 152636215 122095802 146344759
f 122095897 122095802 122161433
f 213452929 213453618 184027265
f 188156665 188157114 142674681
f 188156003 140642434 188156186
f 140642586 107415144 152634827
f 147064267 147065114 152635578
f 147065018 210897177 142609145
f 210897657 210832530 184027266
f 210831490 140707940 142674019
f 140641462 140642404 107414710
f 79168694 97125992 79169128
f 79168971 214568139 97126597
f 214567109 152570047 146671813
f 146933951 146999577 146934041
f 146999577 79169353 107545782
f 78644842 214500537 78644409
f 214500537 214502603 214567754
f 214567102 214567754 146671806
f 146671811 146606270 146933897
f 146933574 146933897 146999110
f 107545777 78644425 106628297
f 78646474 153814620 106630346
f 189335852 189336778 190056748
f 189335744 189336405 146606272
f 146606217 80152768 107545801
f 80219177 80217288 153816105
f 153814217 107546204 80152158
f 203949662 203949256 107218526
f 203950254 203949669 107153582
f 190121572 203951145 154340182
f 154340393 106760492 145491562
f 78448813 117704286 78448222
f 117704286 122488421 117704293
f 122488421 20121774 122489006
f 20121774 122552629 20187310
f 122554542 122553956 107152983
f 107154262 77596247 78448389
f 77596421 145425583 78513925
f 145426181 57542478 145426254
f 57542478 57540916 20119640
f 20185176 20185396 20250712
f 20187314 20185398 122554546
f 106038433 106103983 106038447
f 106103983 57149612 106105004
f 57149612 57803631 57148271
f 57803631 5702307 44172143
f 262819 262232 5701942
f 77596243 106563163 106038879
f 106104415 106104403 121177695
f 107022138 107021908 106103657
f 107021161 57607319 76940137
f 57607017 57607027 57803624
f 44172136 107479923 106563167
f 107480671 77399237 79955551
f 77399647 77399866 121177702
f 107021926 107022138 106235494
f 76940886 76940898 77006422
f 76940044 76940440 57606924
f 107480261 107611728 105841861
f 77399659 77399237 108004971
f 108201585 107283614 108201118
f 105907817 105842256 50660945
f 50660944 120522544 105842283
f 120522347 107611047 39191463
f 107611761 97190487 107480657
f 97191505 45418099 108136017
f 45418065 50922251 50988625
f 50923089 50922246 50661524
f 50659934 50661524 120521310
f 61211230 61212464 45285982
f 39191220 45417383 45549171
f 45548214 60162954 59310774
f 45417059 120587159 39977654
f 120586934 144376587 120587019
f 144376587 143852298 144376586
f 69272458 60162967 39978018
f 154666018 186843747 154665571
f 186843747 144050327 39978801
f 59574423 59574065 120586850
f 144376418 39913265 144378004
f 134546314 154666018 134546466
f 59312134 12978161 59312113
f 12978161 14353729 12977473
f 14353729 14288196 14353732
f 14288196 59311411 12976348
f 59310300 136839387 186845335
f 136841367 154796942 136840078
f 154796942 154600034 154796642
f 154600034 137693332 154601620
f 137693332 39518812 143852126
f 45613660 45613662 39650189
f 39650198 39650189 45286294
f 39520302 39520310 45615150
f 45615152 45615150 59508784
f 59508781 59508784 60098605
f 60098612 60098605 45221940
f 60097428 60097203 45286292
f 45285975 59966356 39191125
f 108003925 137429591 137560755
f 137429683 45220615 59966215
f 60031751 64488340 60031892
f 64488340 39060371 59900820
f 38929299 108003925 38928981
f 108004550 108200531 80021105
f 50726955 50726962 60033067
f 60033045 60033067 64489493
f 64489472 64489493 64686080
f 64488112 64488412 59900592
f 59900499 45023920 38928978
f 80020050 38863443 80020048
f 78578256 78578886 80021108
f 78579316 106890848 108201574
f 64686084 64686080 45090820
f 64684720 45023921 40108721
f 45023826 40108645 38863440
f 40108624 45156643 153223760
f 45154896 38732696 78578584
f 45090867 45090820 58066995
f 58065585 58065509 40110371
f 58067235 153224057 50791289
f 153223858 137036552 137495415
f 137036663 137233273 137036665
f 137233273 137364232 137233160
f 137364232 58000246 50791090
f 58000050 39715424 39781042
f 59638367 59638450 45155224
f 58001448 58001457 39782440
f 39782438 39782440 39716902
f 39716891 39716902 59639835
f 59639847 59639835 60229671
f 60229751 60229671 78579831
f 78579819 78579831 106891371
f 106891386 106891371 77465722
f 106890854 107283615 77071519
f 106235033 106235494 106366105
f 106366550 76874902 106235032
f 77465721 77465722 77072505
f 77072507 77072505 106367099
f 106367082 106367099 76875882
f 76875880 76875882 107087976
f 76874904 143984227 107087000
f 143983768 60293900 143983372
f 60293900 59442060 51053424
f 107088191 107087976 143984959
f 143984654 143984959 60295182
f 60295180 60295182 59705356
f 59442064 59704217 59441156
f 59442331 57606148 77202316
f 57607016 77202587 57083482
f 57082738 44172890 57738088
f 59705658 59705356 61081914
f 59703300 57476005 61079556
f 57475076 77137050 197787
f 77137051 6162010 77137498
f 6162010 106496313 20644153
f 106496882 141492540 154731429
f 141493157 141362030 141493102
f 141362030 57410413 57476250
f 57410714 5767257 77135967
f 5963865 20447327 5963871
f 5964089 5964092 20644513
f 20054689 20054332 20643845
f 57737221 141623612 141362029
f 141624173 105973330 57409625
f 105971801 5965409 106954841
f 5964449 106169953 106955425
f 106168993 20709693 44041372
f 20055196 141296289 141624914
f 141297234 106694233 106432082
f 106956381 106956370 106169949
f 77334109 77334101 106168637
f 77332797 77333660 77267311
f 77266946 77267311 131074
f 77267251 141230083 141297241
f 141231705 44237476 106430551
f 106430465 106430551 76808193
f 106693781 77334105 76809821
f 5440661 77333661 23986260
f 44238959 44238956 44107887
f 118751906 156172964 118751908
f 156172964 156172375 5636097
f 156172289 156240209 306
f 76808498 5439489 19989653
f 44107891 44107887 154470515
f 155322678 118751906 155320994
f 155322133 118556434 118753616
f 118557008 155126080 156174673
f 154470513 154470515 57870449
f 154471251 154469236 214240083
f 155323590 155322678 188943558
f 188942659 188942098 118556992
f 188942656 72418386 155126081
f 155126097 141822273 141558644
f 141820788 57672561 57871187
f 57674579 146802870 146082643
f 146803539 189074648 215419731
f 189074259 58461382 189074630
f 58461382 58460996 188941394
f 57673844 57673845 38602868
f 146080334 146080625 121635406
f 146802497 146802870 146278209
f 146802835 146802873 143919251
f 215419029 154929345 141754958
f 154927694 120653618 38602561
f 121636659 121636658 146278195
f 146212659 146278585 121571512
f 121571513 121571475 143787912
f 143918984 154994835 154928946
f 154994482 186779443 154994483
f 186779443 146211430 40175411
f 146211428 146211430 57344612
f 57346232 125044544 57345856
f 125044544 186713992 186778214
f 186712678 137626212 186712676
f 137626212 39846497 40043372
f 39846764 125044897 144704364
f 125044513 125044897 143525665
f 125175951 125241205 125175669
f 125241205 137824136 137626209
f 137822817 119539999 152961633
f 119538273 137758881 137824543
f 137759007 153028896 152962849
f 153028385 61146022 119539855
f 125633446 125175951 125634703
f 125110142 155649911 125110135
f 155649911 136906616 137759008
f 136907040 133825446 136905638
f 133825446 67306500 61146919
f 61147006 140838695 119932798
f 125634422 125306982 140838774
f 125306742 124979342 143460214
f 124979062 133695816 133825540
f 133694468 66651130 67307304
f 67307303 119473960 119998247
f 140838688 143722279 119474278
f 143722598 121440062 140838777
f 66652154 66652153 66455546
f 38994935 119997434 38994938
f 119998240 151257684 38995744
f 119474438 119474437 143722758
f 143722828 143722758 123013452
f 121440086 135596178 133759991
f 135594999 60687263 66454097
f 66454100 38797905 38996229
f 60688412 60688406 64948252
f 144442336 38798239 144442271
f 38799621 151390365 144443653
f 151258947 151259399 119408451
f 151258941 151258911 151324477
f 64948239 64948252 64882703
f 144114655 144442336 144114656
f 144443655 151390360 144312472
f 151389378 151390363 121767106
f 64882704 64882703 67242000
f 144311299 144114655 144311263
f 67241981 67242000 67569661
f 113837064 144311299 113837059
f 79759050 79825051 113837250
f 79824066 108070514 79758951
f 79759171 133891687 133956616
f 133891080 67372037 67568835
f 67569354 132449475 133891077
f 132449285 66520056 67373210
f 67372227 113903770 144245955
f 113902787 79890034 113903218
f 79890034 107349154 77661810
f 66521117 66521062 59115549
f 120783751 144245752 120783864
f 144246952 144246580 113903784
f 145163979 145163460 79888469
f 79890607 79888469 77662383
f 107350191 135267490 136053639
f 135267207 60359578 59115673
f 59115316 43911321 144181044
f 43910964 38471848 43911336
f 38471848 145164450 5507234
f 60360722 60360721 64817170
f 79627230 144180122 79627162
f 43910336 43911321 107807936
f 43909709 38536814 43909708
f 111018573 111018572 38471842
f 111020194 111412901 144769109
f 64817151 64817170 65013759
f 107873249 79627230 107873246
f 107808367 107807936 107939439
f 107807307 107808368 38535755
f 109838923 111018573 109838925
f 65013758 65013759 67635198
f 104530953 107873249 104530913
f 107873473 107873852 107939009
f 38405313 38405744 144639169
f 150014112 109838923 150012491
f 67635230 67635198 67438622
f 107742214 104530953 107742217
f 104531135 104531565 79692991
f 144639167 79561921 144639120
f 150340752 150014112 150341792
f 67438611 67438622 58591251
f 79496063 107742214 79496198
f 107742350 107742398 79561870
f 79561872 135464078 135398271
f 135463807 58721153 58590841
f 58590398 108529273 79496334
f 108528782 76481676 76219534
f 76481787 76481676 84215035
f 139855110 150340752 139854992
f 58722315 58722324 59770891
f 79365009 108528513 79364993
f 76219580 76220025 83494076
f 76416188 76416251 83494150
f 84215077 84214927 84280613
f 139986183 139855110 139986182
f 59770906 59770891 66324506
f 59770594 59769845 115476194
f 59770044 115476195 79365263
f 115475599 115410213 115475749
f 115410213 84280612 86181157
f 66324493 66324506 66390029
f 66388981 66389730 115409878
f 104661974 104662754 115410212
f 104662308 79299771 86181127
f 79299847 79430845 84281429
f 84281433 134219861 135005174
f 134218742 142017494 134218710
f 142017494 141035070 142018110
f 141035070 104662751 79300319
f 83560159 83559611 79299773
f 79431276 107676924 79431763
f 79431765 148572243 139593813
f 148572245 148703454 139724889
f 115214652 115214441 83560764
f 83560566 83560764 107677814
f 107675936 107677814 139788576
f 107677779 139659350 139790419
f 139659347 139659484 148572376
f 148441304 148441308 148572382
f 139788577 139788576 139657505
f 139657394 139657505 148308146
f 148308105 148308146 148635785
f 148441309 150145240 148637914
f 149096692 148703450 149096666
f 149096670 148244695 148703459
f 148703321 7145699 8915165
f 7145693 2361588 7145716
f 2361588 189664079 150145243
f 150145252 148244699 148506852
f 149752027 149752023 148244697
f 148244707 13109465 2362191
f 13110095 100402685 189663451
f 148506110 100599293 100468955
f 100600027 100600046 149752034
f 149752025 148965602 148375781
f 149162201 4196579 13108733
f 4195837 13174270 4195838
f 13174270 14419456 13174272
f 14419456 148966225 189793792
f 148835153 148900066 148834530
f 148900066 150276325 148900069
f 150276325 139856099 150276323
f 139856099 2426969 14420817
f 2427729 148835152 189729617
f 139004752 148834528 148768842
f 148900063 150276320 148768993
f 150276184 150276319 152045656
f 150276343 150276369 139856119
f 189726942 189726758 189399262
f 189728842 189401931 139003975
f 148768839 148768842 139921479
f 138807384 139135052 139921488
f 139397208 139397393 152045816
f 152045810 152045816 150341874
f 189399101 189399262 189136957
f 189401159 189139783 138807372
f 189139020 153618729 139135048
f 139397192 139397196 138938440
f 139397368 17696841 3935047
f 17697607 29624617 17697065
f 29624617 138873042 147917097
f 139528402 139266120 139528264
f 139266120 139266121 138938616
f 139266296 109840654 151849208
f 109840632 29755634 29624530
f 29755602 139528403 147982546
f 110692563 139528274 150210202
f 139266293 151849042 150210638
f 150210830 111020275 150079758
f 111020302 3999373 29755603
f 3999955 110693202 189860051
f 111086418 111085210 110692597
f 111085813 151980304 150210803
f 151980275 151914767 150079135
f 151914143 17434277 4000594
f 17435474 111085780 148048722
f 111151316 111150752 111085840
f 111151376 129501113 151979983
f 130943248 151980651 151915115
f 111413867 111413519 151652971
f 111411285 17500427 17434836
f 17500372 111151307 147458260
f 139069643 139069089 111151033
f 139069369 139331663 129501135
f 139331535 151717840 131008463
f 151717839 174852715 151718507
f 174852715 174852363 151650389
f 174850133 16451759 17500363
f 16451787 139069645 147589323
f 139462861 139200587 139462731
f 139200587 130811983 139200591
f 130811983 130811856 131008780
f 130812172 111216590 130877708
f 111216908 111217261 174852271
f 147587524 147587324 147521988
f 147589201 147523788 139462301
f 110889041 139200589 162793117
f 163187125 163186765 139200461
f 130811854 163187131 130877847
f 130877091 130877847 111216291
f 147521990 147521988 147718598
f 147523229 147720399 110888600
f 110889397 162793112 110757528
f 110758325 162859446 162793915
f 162859451 163252632 160893371
f 163252667 14551447 29690063
f 14551247 110561486 147654863
f 110758094 110757528 147785934
f 116525264 162858651 116524699
f 147652671 147652831 147783743
f 147783744 147783743 148111424
f 147785459 148113621 116524788
f 116590323 162859446 162334452
f 164628910 166136246 164628918
f 166136246 16320920 4131029
f 16320725 116590801 147851477
f 162400465 162334452 162399988
f 162400686 162335109 164301189
f 164563404 164628910 164563374
f 159320528 164628945 166136192
f 147849467 147849466 148177147
f 147851695 148179158 162400645
f 148179333 117376768 159648264
f 159648204 168233480 164301312
f 167840256 167840204 164301192
f 164301264 5245320 16386262
f 5245142 5375744 5244672
f 5375744 161679037 112985856
f 161679104 168233457 166725376
f 161352177 167709192 161352200
f 112984110 112984147 111345710
f 111347389 109578660 111348132
f 109578660 168429997 162269604
f 168429988 161352177 168430065
f 165939723 165808543 165939615
f 165808543 3148288 2950820
f 3147428 3278473 3147401
f 3278473 116328074 109643401
f 116328073 168429997 116328877
f 168430008 168429296 167512504
f 168430053 167512573 165939710
f 165939647 165939710 165808575
f 109641810 109641779 109707346
f 109644192 109643403 116328864
f 162990496 163055344 161417656
f 161614265 162990520 167512483
f 167512454 167512483 168298886
f 167512574 5179913 5310091
f 5179019 109774476 109709728
f 109775264 109775289 163056033
f 162662817 162662841 163056035
f 162662819 170920326 162662790
f 170920326 159779207 159713801
f 109772850 109772880 109903922
f 109775265 109905550 161482479
f 162596591 162662817 162597281
f 162662935 162662834 170920471
f 169347607 169347633 170920496
f 159779376 11340337 3212942
f 11339406 11863791 11339503
f 11863791 162596605 117180143
f 169215741 169216434 117114621
f 169216380 169215740 171247996
f 169216537 2492982 11863805
f 2492157 23922428 2492156
f 23922428 11274620 23923068
f 11274620 159057645 159123181
f 171247997 171247996 170068349
f 171248174 171248164 169347630
f 116129963 116129965 116064427
f 116132498 116131564 159124114
f 177408658 159123837 170068628
f 170068629 170068628 170789525
f 170723887 11209252 11142892
f 11208428 116066223 128518063
f 116066682 116066218 177277306
f 177408378 177408658 177473914
f 177473913 177473914 158730617
f 170789239 2886293 11208623
f 2885551 128911301 130287535
f 128845759 130090928 129894319
f 130090927 130090922 128518522
f 130091386 11405689 2885573
f 11405253 116786929 116393925
f 116787141 130353094 130287536
f 130353072 130156461 128714672
f 130156464 2688959 11405041
f 2688753 128648946 116459249
f 128648945 116786935 116852652
f 116786937 116786936 130352889
f 130352886 116721401 130353069
f 116721581 116655861 128714691
f 116457655 116457514 117244087
f 116459438 116459262 128649134
f 128649131 128649134 130025387
f 116852673 116852652 115869633
f 116917993 115869432 116918197
f 129238777 16516854 11929342
f 16516862 100533759 117245870
f 100534190 128583169 100665262
f 116983297 116983723 128583425
f 117442475 117049281 117442497
f 129238779 130025409 115869621
f 100532264 100532477 100728872
f 100730367 100730369 100664983
f 100665082 110495383 116983744
f 116983528 116983744 117507816
f 116983553 115934978 117507841
f 115934977 11470587 2557442
f 11470338 110495385 110626306
f 131139225 129959575 131139223
f 129959867 129959890 130484155
f 115804104 19072960 11470489
f 19072665 131139527 130418329
f 131139537 131139527 129632209
f 131073979 129435580 129697723
f 129435579 129370039 129632200
f 130416923 130416932 131072283
f 131072284 131072283 129696028
f 129696109 129696028 129433965
f 129433738 129433965 129564810
f 129435575 175769530 129566647
f 175769527 174918249 174589879
f 174917559 130484878 177014711
f 129565529 129564810 175768409
f 175768406 175768409 175309654
f 174590580 174590587 175049332
f 174590570 174590576 174918250
f 174917885 174918250 175180029
f 174918263 174918258 177015415
f 175309058 175309654 100139266
f 175310531 113378809 175311472
f 175048363 111806147 175048388
f 113445488 174656106 111740612
f 113510058 174656106 150734533
f 100139076 100139266 100008004
f 110036471 110036473 100140739
f 110036675 111543974 111478467
f 111544003 113247915 111543979
f 113247915 111609540 113247940
f 111609540 14747306 4392439
f 14747127 110167698 100009616
f 110298770 110036624 109512340
f 109971080 110036624 111478415
f 109971110 113116864 113182374
f 113116838 14812839 14747282
f 14812818 9045652 14812820
f 9045652 9111176 9045640
f 9111176 14878351 9111183
f 14878351 5113536 14878400
f 5113536 30213823 5113535
f 30213823 111675049 113116839
f 111544001 113247913 143394473
f 113249102 113248397 111610702
f 111673380 111673806 143392804
f 143392809 143392804 189595689
f 189595715 189595689 100991043
f 189597333 189597190 111609493
f 111740565 111740584 113510037
f 113509891 113510037 113575427
f 113510653 2754246 4326918
f 2754054 100926981 100992661
f 110364164 110429701 100861589
f 110429845 110429699 100796049
f 113575569 113575427 111871633
f 150734508 150734534 152176300
f 152176893 14617202 2754053
f 14616069 4457988 14616068
f 4457988 14681750 4458134
f 14681750 110102024 101123734
f 110102023 110233096 101058193
f 113051283 113313425 113051281
f 113313425 152176300 113313452
f 101122114 101122273 101056578
f 101056582 101056578 110231622
f 110231736 110231622 113049784
f 113049647 113049784 113639471
f 112002759 111937214 112002750
f 111937214 152307394 111937218
f 113314067 152373525 152307987
f 152177266 2820374 3016391
f 2819783 100075000 113641135
f 112068295 113706670 112068270
f 113706670 111937197 152307400
f 152307194 152307400 152438266
f 152307988 152307991 152373524
f 100073520 100073516 110821424
f 112068252 110822904 112068254
f 112068090 112068254 113706490
f 110821553 110821424 110952625
f 110954364 110952625 143329148
f 110953979 110954636 100206075
f 101189115 100206074 100337161
f 100337146 152439063 196412924
f 152243126 18614551 125503628
f 18614412 101189129 143328763
f 101188986 101187869 17827194
f 7864593 196412937 7865865
f 100338614 89130505 91816209
f 89129233 7864592 17760529
f 89325840 91160697 89325689
f 91160697 22741340 7867318
f 17761620 263505 57737891
f 22742332 22742384 17237308
f 196411656 38207836 17238966
f 196411833 196411976 35324345
f 196413716 88539676 87752968
f 88539400 38207546 3735816
f 18022458 18022984 38207751
f 28967175 38208072 28836283
f 28770747 28770745 28836326
f 35324390 88670649 88539194
f 88670266 18022606 13434938
f 90964174 91029780 90964244
f 91029780 29426114 18022663
f 17170702 28967362 17629447
f 13436269 88802634 91029954
f 88801730 88342798 88801550
f 88342798 28966972 3866894
f 3801148 3670459 3801531
f 3670459 30540243 28969853
f 28967352 88607613 88342588
f 88604732 89456699 88604731
f 89456699 87883833 89456697
f 87883833 30540042 17367097
f 17368427 17368382 17892715
f 17891594 87949779 90833170
f 87949586 30539829 3408146
f 3409211 3409215 3540283
f 3408339 88735799 87687223
f 88735799 3604536 3539411
f 30540037 194379832 17039827
f 31853463 29098451 31850963
f 29098451 192676308 30605779
f 3605845 3605835 17040725
f 17040722 17040725 17565010
f 17042327 17105165 17566615
f 17107863 35914277 194380263
f 17565019 17565010 17106267
f 17106259 17106267 17958227
f 35914003 35913990 35717395
f 35586594 31851045 35586597
f 17958205 17958227 3474749
f 35717174 35717395 35848246
f 197591588 35586594 197591586
f 66259912 35586592 32637940
f 31850995 88015392 87818294
f 88014902 3342388 3473956
f 3342884 35783203 35848854
f 197591702 43319844 197591865
f 66257721 66259912 53347129
f 53281583 32637940 53281780
f 3344394 3343680 32573450
f 35783154 32571444 35782885
f 35783318 14942437 43319960
f 43320122 43319960 54002490
f 53347130 53347129 53871418
f 53805879 53281583 53805871
f 32573449 32573450 21497865
f 34537801 14942706 34537970
f 193593872 43450597 193593573
f 65866635 65995416 65864344
f 65995416 67961870 43451194
f 21497847 21497865 9504759
f 21496336 9502866 34540428
f 34540427 34016140 193661835
f 34016139 65864190 33360779
f 9504793 9504759 9439257
f 9699473 193659026 9699474
f 193659071 193659029 34013375
f 34013377 34013375 195428545
f 33360807 133431816 135790737
f 133431441 9699478 9765009
f 9699476 9699478 15466644
f 15466645 89522367 133431446
f 89522326 28377522 9765012
f 22282674 9633940 15466837
f 89588053 90046701 89587949
f 90046701 44630698 15466687
f 28378484 28378455 6751604
f 28377429 6750312 22283610
f 22283608 89720154 91422824
f 44631388 44631391 22218076
f 12452180 22217386 12452035
f 12452352 12452035 12583424
f 22218077 22218076 23201117
f 22216899 12714339 30802275
f 30802115 36962869 12714476
f 32178371 37356091 12714496
f 37356032 91098024 89915747
f 91095395 91619799 91095511
f 91619799 91554357 91619893
f 91554357 9896088 36962796
f 9896428 28443059 32179560
f 32179573 32179560 10093941
f 16122011 37356012 16122348
f 9897337 9897334 28444025
f 28444008 89982329 91488411
f 89981083 16122013 10223771
f 133496989 134611191 133497079
f 134611191 33557410 195100919
f 33554679 33555003 37358504
f 10225654 195495262 27460097
f 33554852 53674405 27525540
f 53674404 53674401 27263395
f 53674403 68027407 27394618
f 27528098 27525633 9833378
f 9830821 48300276 15925669
f 48300453 195821979 26870181
f 195821989 19006260 195100823
f 19005591 18940194 9831737
f 9831788 9831737 18744684
f 9830507 9830687 15925355
f 91360162 91291939 91357475
f 91291939 87556386 91291938
f 195102067 91228167 90898719
f 91226399 89063531 91226219
f 89063531 132841716 89063668
f 132841716 132317922 132842210
f 132317922 26870337 37749474
f 26872750 26870337 24578990
f 195821944 132514203 132317761
f 132514369 48235235 48366145
f 48235073 195955631 37751726
f 195955630 47645085 195953053
f 27001247 27001560 37880223
f 48367592 48367591 48236520
f 48236522 48236520 195954666
f 195954661 195954666 47646693
f 47646728 47646693 27133960
f 27133976 27133960 37816344
f 37814687 37880387 27066946
f 37618078 37618243 198443422
f 37620682 37620693 195759050
f 195756409 133237706 135725634
f 133235266 103350686 133235102
f 103350686 70255317 47448478
f 70255006 70257621 198444080
f 198443669 198444080 197722773
f 47449640 47449642 47580712
f 47579861 102499377 103219927
f 102499031 47252178 47579838
f 70255294 102564567 102499026
f 102564562 45941213 31195858
f 31196711 31196702 45942311
f 45942313 45942311 46007849
f 45940867 45941439 8323203
f 45942113 45940864 70255969
f 46007851 46007849 8521259
f 8521243 8521259 8324635
f 8324441 8324635 90178905
f 90178912 90178905 90244448
f 90178609 70255970 102237538
f 102237233 50004732 70255355
f 70255664 102433531 90113378
f 102434146 102303257 102434329
f 102303257 102695676 102302460
f 102695676 8650885 50004680
f 50004731 102761160 102695045
f 102760581 198511574 8651464
f 198509256 198511575 198574878
f 198509342 49873658 52232963
f 198510114 198510113 8390178
f 198508676 198508673 49873028
f 134283396 133300986 134284026
f 133300986 50463519 52298490
f 52298499 36700721 50463107
f 8390175 8390178 8586783
f 8587266 102893087 133301023
f 102892319 47317179 12190495
f 47317791 47317553 36700549
f 36703232 36700549 73862144
f 36700547 33817704 73859459
f 25297936 102957573 102891707
f 102957243 103088851 102957779
f 103088851 98632069 103088517
f 98632069 9961606 8716677
f 9961861 52694016 9964544
f 52694016 33883084 63638528
f 33885184 73925737 201262184
f 8717861 8717794 9963045
f 9962979 9963045 52692451
f 52692453 52692451 49350117
f 52691748 52691698 63636260
f 49350116 49350117 52626916
f 52626902 52626916 10028502
f 63635610 12059428 10027980
f 63636267 63635641 61801259
f 63636427 63636400 33883083
f 10028513 10028502 12060129
f 12060120 12060129 53085656
f 53086196 53085656 61802484
f 61802499 61802484 36571139
f 61801008 61801007 197984816
f 61801419 65670094 197985227
f 65668043 65668096 67044330
f 36571141 36571139 36636677
f 36636695 36636677 197986327
f 197985751 197986327 49415639
f 52757235 197987278 65536806
f 197985309 197985257 65668125
f 65668126 65668125 67503134
f 65668074 67503111 65602562
f 49415648 49415639 12256736
f 49414950 12255420 52757977
f 52757982 52757977 52823518
f 52756666 52757287 65536186
f 12256729 98436576 98370343
f 98435879 97583290 98435258
f 97583290 64029650 12125161
f 65536241 15729618 65536896
f 65536891 65536896 68944763
f 69010299 95945757 97584082
f 95945682 15728886 16057298
f 97779958 96796913 97779953
f 96796913 49479925 15991025
f 15729536 97780468 95944950
f 15992284 15992262 49481180
f 49481181 49481180 34080221
f 34079476 97649536 98304521
f 97649161 15663343 15598089
f 15663625 97715072 97648879
f 97714415 95748336 97714416
f 95748336 15532656 40829168
f 15532272 12321664 15532928
f 58851517 58524544 58852224
f 58524544 58786690 58655611
f 40830405 40830390 15533509
f 15533511 15533509 40764871
f 15532221 40764015 12322266
f 12322267 12322266 49612251
f 49610941 49611651 58851948
f 40567683 36438573 58852222
f 40764890 58525127 114754093
f 114756536 114754093 212601784
f 185338808 185339053 212536248
f 185338663 185339052 187108135
f 212667175 202771240 36441016
f 202771384 186977061 186911672
f 186977208 186977452 212536103
f 186977063 84151467 212470567
f 84151079 212667584 213846823
f 55312941 55315479 202769231
f 55446551 202769124 48562916
f 202769129 55247590 48761879
f 104203084 104205335 202771237
f 36438861 55968488 48694093
f 55968589 48628455 55313848
f 55313847 55313848 41026999
f 55444083 48694093 44892717
f 94962350 94896872 94962408
f 94896872 93520727 94896983
f 93520727 95879911 93520615
f 36438702 46269123 44893583
f 44893610 36439439 46269265
f 55575235 44958383 46269888
f 46269839 36439488 55575386
f 55575234 55575386 56033986
f 94700376 93389649 94700369
f 93389649 96404143 93389487
f 40567341 56165210 48497260
f 96273125 96207706 96273242
f 96207706 94831298 96207554
f 94831298 94700376 94831448
f 95289964 96273125 95290085
f 40568239 49612226 40568258
f 49612226 96011739 95814259
f 96010867 95355727 96011087
f 95355727 96338660 95355620
f 96338660 93258470 96338662
f 93258470 94569193 93258473
f 94569193 94765900 94569292
f 94765900 40960851 55706444
f 40960844 104203090 55640908
f 55707080 55707047 40961480
f 40961467 40961480 55641531
f 55642078 55641531 104204254
f 104204256 104204254 204736480
f 204540981 204539447 104204005
f 104205093 115607269 186911526
f 204735932 204736480 55379388
f 216597326 204737589 216468714
f 216468533 95030322 96142158
f 95028046 48890603 55378768
f 55381226 216597328 49218384
f 216597231 216597232 48956143
f 216662764 216665322 216599784
f 216665320 95095863 95027947
f 95093483 55509745 49283819
f 93455089 93324112 93455184
f 93324112 93586160 93324016
f 93586160 93651695 93586159
f 93651695 93455084 95093489
f 48956837 48956822 61015461
f 48958699 61014948 216664758
f 216665164 216664758 216534092
f 204868841 204868843 178392297
f 61015497 61015461 60949961
f 61016758 60949411 179636207
f 179636187 179636207 206243803
f 60950511 94045641 131730508
f 94047308 49021677 206244942
f 206244939 206244942 216534091
f 101518411 101518569 216533667
f 101517987 94178530 94044909
f 94175981 206373563 45744877
f 45747278 7080603 45746843
f 99418221 103549595 99420827
f 103549595 93718039 94175931
f 93717179 7275200 46072507
f 7275195 7274605 7079323
f 7079907 7079323 99420131
f 99420152 99420131 103548920
f 46073262 46073239 7275950
f 7275931 93783470 133629485
f 93783597 49086588 8062509
f 103482094 103482925 103548439
f 103482903 92603663 93782140
f 92602492 8192126 8061678
f 8193433 8193414 11732377
f 8192750 94240948 93847732
f 94240948 95159022 94241518
f 95159022 45678717 8127214
f 45679342 49086587 101253243
f 101253870 84805164 101254700
f 8127898 8127917 45680026
f 45680029 45680026 7996829
f 7996832 7996829 7210400
f 7209083 7210506 101254413
f 101254667 101254413 84805131
f 7210401 7210400 8455585
f 7210253 8454274 84675665
f 103681105 101385485 103679245
f 101385485 88999435 94371970
f 88998018 6619238 8457300
f 180227156 8454274 206572223
f 6620474 6620495 18416954
f 206766362 206766182 207159578
f 206768831 180554842 207162047
f 180554431 74648259 180554435
f 74648259 132123323 87621914
f 132120858 132189274 132123738
f 132189274 92801732 132188868
f 92801732 10487175 92670660
f 10488516 10486900 74645683
f 11666548 74514559 8258676
f 74648251 74515570 179962995
f 92669323 92669321 93128075
f 92669324 92669326 10487180
f 10485896 10487180 8781960
f 10485939 8781959 11666824
f 11666808 11666824 8258936
f 93128098 93128075 92997026
f 92997027 92997026 8848803
f 8848778 8848803 8783242
f 8783240 90506634 91684991
f 90505343 10813606 8260706
f 208866402 207093887 208863359
f 207093887 74581106 207094898
f 10814823 10814822 11011431
f 207683753 11010214 207685596
f 207685599 207685596 207620063
f 207686346 207686753 208865994
f 202509002 202509428 208866393
f 74583059 74583129 207227923
f 11012060 90375527 131992673
f 90377313 10158236 207620810
f 182059164 123407050 182061770
f 123407050 182323935 180947720
f 180947987 185010952 202509479
f 207228071 207227923 180620455
f 10160109 10159460 181143533
f 182061773 181141660 182061771
f 10619595 182061787 182124707
f 182061786 182061788 123407066
f 181143517 181143533 181012445
f 181011889 181012445 10618289
f 10618235 10618289 10290555
f 10616996 182124702 10682531
f 10290533 10290555 10683749
f 10683747 10683749 10945891
f 10685148 182124712 10354856
f 182125024 11075743 31394524
f 182124706 10551466 182127710
f 181996638 96602844 90308776
f 96600232 95551647 96600223
f 95551647 96666080 95551968
f 96666080 95682730 96665770
f 95682730 93061282 95682722
f 93061282 11796661 10551456
f 207421600 10420386 207424608
f 207424204 207424608 180751052
f 207358663 181996638 207359070
f 11797938 11797901 10421682
f 10421684 10421682 31458740
f 10420713 10420705 207553001
f 31984736 207554517 131401685
f 181077974 181079136 203163606
f 207752221 207751884 181078727
f 31458753 31458740 31983041
f 31983600 31983041 131336176
f 131336174 131336176 131401710
f 131401707 131401710 126617579
f 203163533 180750294 208669795
f 181931121 207358663 181930695
f 208669401 208604272 182389873
f 182389872 182386974 18680541
f 182389469 185011220 202574557
f 185010909 185010910 182258399
f 182586481 182389472 202574563
f 184945379 184945684 202575015
f 185011367 184945684 212011747
f 184944174 184945828 212207150
f 103679534 206638247 103681191
f 206638247 212011717 18352867
f 212011871 190710041 212010542
f 190711342 101518176 190776878
f 103613999 101516814 103679500
f 101516812 101516813 101452875
f 185469667 190972185 185467161
f 190972185 215875864 18284825
f 215875865 190712671 190778591
f 202640607 202640224 190778593
f 190778594 190778593 101518562
f 215878677 101910068 104008725
f 101911573 101844499 202638898
f 202640609 102172210 101910035
f 102172179 104465979 101844502
f 101844530 102172182 104465656
f 103941368 102041147 103941691
f 102171896 202705942 83297525
f 212468981 186975480 212468984
f 186975480 104269368 83297846
f 83297843 83101238 101977110
f 101975285 83100936 212469000
f 84348075 84346117 84149778
f 84150115 213845522 123864325
f 212666211 212667584 123602787
f 84346421 84346389 216270389
f 84346386 185208037 216270354
f 101714699 101713426 101779300
f 101779308 101779300 124192620
f 101779299 104073064 216271627
f 104073995 103680780 206638161
f 124258156 124258152 124192634
f 123864954 123864936 123602810
f 124258170 123930957 124061201
f 124323345 104138598 202901048
f 202901221 202901048 104400613
f 204539621 186975802 104269541
f 58786683 67765315 71435131
f 67765115 69010463 69075835
f 69010513 69010463 69207121
f 69010452 69010465 67503124
f 67503106 67765268 69076049
f 67765329 69141536 72352808
f 72352748 72352808 69207020
f 69207059 69207020 68355091
f 69665860 69665824 72549444
f 69665772 72549460 65733613
f 68289517 68289516 66847725
f 68289511 68289533 66782183
f 68355068 65799187 65078356
f 197460962 66126829 197460973
f 66126829 66126845 66847719
f 66126823 65211333 66128837
f 65211333 65209315 65143784
f 197264468 197264354 65078259
f 65080262 66192371 69340099
f 64752579 64750627 197200835
f 197135299 70388674 197460978
f 70386674 70321202 66126820
f 70321124 53871415 65209329
f 65209320 65995761 66061288
f 65471471 68158448 70386738
f 68158514 53805878 70320951
f 53805598 53806097 53281310
f 32637470 32637742 194314782
f 9571222 31850995 9568755
f 31850640 31850643 29098128
f 194314387 15008270 34406547
f 15007891 35651728 194314766
f 193528334 65929446 65864688
f 65932228 65930222 67701700
f 46926788 46924810 198708164
f 198705869 197790680 198640333
f 197788365 65864678 197329556
f 43057812 197331908 198705810
f 198705815 198705810 198640279
f 52101783 52104152 198640692
f 197788724 33360856 65864340
f 43188794 37290494 43189263
f 43191241 43189263 43060169
f 43057837 43060169 43385517
f 195428862 53674554 68029385
f 50398004 44829641 50400201
f 50397869 50397847 43385601
f 55837441 52101783 55837335
f 52102196 55837525 70454271
f 53674754 195824557 50397699
f 24707587 24707842 50397953
f 24707841 55837524 55771905
f 7013204 201196373 7013205
f 7015423 33817093 201196039
f 33686080 33688493 24642112
f 24707449 24642051 24710090
f 24707924 43125706 197722964
f 55771653 55771795 7012869
f 24578989 43123264 33817616
f 43254419 43254800 197722771
f 33817095 73860200 33948777
f 70454219 65274853 197788673
f 197788670 197788673 65340414
f 65274881 66716667 67109906
f 67111884 67109906 66915276
f 66716690 66978815 68224020
f 197854228 197854226 197919764
f 66782228 68357069 67175423
f 67961841 54068208 66061326
f 53871601 31785786 30474680
f 31787899 31785426 29297531
f 31787957 31785408 38276021
f 31785500 176882249 38273564
f 176882204 176883988 152242454
f 29295031 29297531 28574135
f 196346293 196346304 193986997
f 196348555 196348817 176163467
f 38275713 38276021 176884353
f 175245953 175442572 175245964
f 176883990 28707446 28574597
f 28574230 28574597 34800150
f 28574226 28574228 193987090
f 193989517 193724946 193989259
f 28705669 16583548 192611205
f 16581509 68748314 58983489
f 58982934 71304257 34933646
f 193790486 193921556 193790484
f 193921556 193856018 193921554
f 193856018 16976781 192610558
f 16974078 16908547 16581141
f 16581144 16581141 68747800
f 35062810 71238683 68813850
f 71238682 71304217 68682778
f 71106820 71106819 16908825
f 16908821 71107097 34472196
f 71109514 34865679 35062894
f 35062811 74253422 68813888
f 74253376 199756777 71237829
f 71238156 71237829 68682252
f 68684679 68682252 201591687
f 71306245 71304217 201657349
f 193793030 12846145 34343913
f 12911117 12845253 34275526
f 34275524 34275526 193331396
f 193331433 193331396 10748137
f 201588901 201591687 199557285
f 201657318 72027141 199754253
f 72024589 31719909 34341062
f 31719622 9306308 31719620
f 9306308 9240809 9306345
f 15204517 9240718 10750950
f 31720520 31720524 9307208
f 9307012 9307208 9241476
f 9243622 58917764 199559780
f 199559779 199559780 74320483
f 199560198 71697519 72025160
f 201657230 74320784 201657232
f 74320784 196479887 74320783
f 193858445 196479927 193726718
f 150801293 149817995 150801035
f 176818826 176818415 176163466
f 196479587 196478063 150538851
f 196479230 149883130 150538494
f 149883134 176949487 149883119
f 176949487 176622217 176687343
f 149817984 149817992 176753280
f 150538514 150538851 149883154
f 166463762 164825328 166463728
f 164825328 164825741 176949893
f 176425613 176687753 166333061
f 176687609 176687595 176622073
f 176097785 152111752 172296803
f 152111597 172296774 166463911
f 166463913 166463911 166398377
f 166463956 166398444 164825579
f 176425451 174262740 174197318
f 174262854 174328421 172296615
f 161876583 161876581 162007655
f 162007654 162007655 161942118
f 166398376 166398377 166267304
f 166398443 174328298 172362340
f 174328393 174328391 174459465
f 174459671 174459465 174394135
f 172690199 172690022 174393766
f 161941926 166267494 161810856
f 164759974 164760042 166267371
f 162466404 162466375 172362161
f 172362133 172362161 172493205
f 172493203 172493205 185993619
f 160566039 186518303 185994006
f 185993804 162466582 175114852
f 162466421 162466417 186255989
f 162532123 185665968 186255793
f 185665969 186648981 185665941
f 186648981 186517907 186648979
f 58919524 58919537 175114869
f 58919541 71763016 175377022
f 175377169 175377022 186256145
f 185666321 185666331 186190609
f 186649370 186649362 186452762
f 185797406 185797409 186649375
f 185797407 185928473 186125087
f 149424913 149424922 186190622
f 149424926 149555435 186452768
f 186452756 185862944 186583828
f 185862932 160172824 186059540
f 160172820 160172825 186125078
f 149489897 149948651 149489899
f 149948651 169806368 149555772
f 149556000 171903548 171641632
f 171903776 149490453 149358825
f 150669544 149489898 149948668
f 150669553 149686509 149948960
f 149358844 150604027 150669549
f 150604013 149620972 149686847
f 149686816 171706943 171837984
f 158009917 156830240 158009888
f 156830240 169806400 171641408
f 171706939 171706943 171510331
f 169085498 169085501 171706722
f 171706732 157354338 158009696
f 157223276 157288794 157223258
f 157288794 158075245 156830272
f 214370875 214895162 214370874
f 214895162 169085460 169019962
f 169085462 169085460 171444758
f 156895801 157354517 156895765
f 157223259 157223266 157288795
f 214894263 214895816 112330423
f 214959795 169151696 214961360
f 169151696 214370836 112592013
f 76285623 112199345 112592563
f 112199347 112723641 112329908
f 112331985 78841012 214961356
f 215026892 215026897 214960662
f 214369421 214764750 76285067
f 76153997 76154545 112199353
f 76154553 80676048 112723642
f 112723124 97060538 112788660
f 78843084 76154314 215157966
f 80678100 80675979 80612564
f 78709967 112788688 78709968
f 97060018 112133818 78710218
f 112133578 80350412 112135372
f 80350412 215026893 214699212
f 214830286 126225620 214830292
f 126225620 154208562 215155919
f 154207439 147130186 122225871
f 147129551 78710448 112133327
f 112397518 112397519 214828935
f 154208455 154208135 127928519
f 154208075 154208161 122226507
f 122226876 122226507 147130556
f 147130168 147130556 152504120
f 112134424 112134342 80349464
f 120129735 127928225 120194858
f 122292011 122292129 144508715
f 146475166 146474827 136317086
f 146474818 121702433 146474808
f 147195690 121898823 122029866
f 121898794 120128412 120193948
f 144507804 144508715 57934748
f 136315765 136317086 60621685
f 121701278 147195937 122029957
f 121898885 121898823 121964421
f 119080774 153159493 119080773
f 153159493 60425116 153158556
f 60425116 153289589 60425077
f 153289589 126092190 143067335
f 143067013 121964703 144574341
f 146999455 146999110 120064159
f 122160937 143067332 144574249
f 121964314 146147465 143132442
f 146147098 121505981 146540314
f 121505562 153159970 75302719
f 60425342 146147618 146737289
f 146148181 215484608 190056631
f 215484599 215484605 146540351
f 215484223 121507034 75304154
f 75828442 60425342 75826302
f 153289862 153813915 190057689
f 153816281 190122292 154340569
f 190123225 190123226 215549055
f 215549062 75367551 75826385
f 75827492 75760849 80742692
f 58131589 58132772 153289630
f 58131358 59245449 60622658
f 190121087 75498625 75367561
f 75367633 76022921 80741509
f 75760778 75760777 75891850
f 75760504 75957383 75891576
f 75957112 59376523 58131337
f 190121089 117638969 121111681
f 75498633 117638916 76022922
f 117638282 145361067 76089514
f 75565226 75957386 75564170
f 75957386 190121095 121112151
f 117638743 106301241 117638991
f 145360719 145360644 145819471
f 145295538 145295531 119867570
f 145293315 145295142 65539
f 75563010 75565226 75628546
f 75565394 75564163 154536274
f 75564168 20252983 145819430
f 20252454 5570646 119865347
f 5570563 262451 5570867
f 262454 59375702 154535048
f 153487671 153486219 59376541
f 59376521 120259485 60556169
f 120259465 121702431 136184713
f 121702200 153487391 156305719
f 58394962 58394919 153486202
f 153486237 119735162 58262429
f 119735197 120260640 136250269
f 120260397 121047072 120325932
f 121046828 58394655 75696466
f 58394387 118621316 58395454
f 59181886 58262396 59179900
f 58263717 58262408 119736485
f 75695235 75696466 122750083
f 118622034 122750084 118622035
f 118623038 118687571 122817342
f 118688574 188812098 188549414
f 188547976 153422118 59181243
f 146408328 75630757 122749295
f 122750801 122814831 122685266
f 118687569 118687571 156239697
f 156239636 188811585 155191060
f 75628911 155189250 188810322
f 188810323 188810322 188744787
f 188811558 144902977 188746022
f 144902438 146409666 146868518
f 146409269 147261634 120850619
f 147261627 72419493 72483709
f 72484643 72483709 145229603
f 188745897 188744787 145033385
f 188745892 120391846 145033380
f 144902346 147392302 144902338
f 146868021 58460362 119670562
f 152766242 152766243 119670953
f 152766633 153553192 145229990
f 153553062 153552686 120391471
f 120391478 120391471 147392310
f 120850230 189073610 58459938
f 189073186 188877635 119605541
f 119605532 153094437 153356572
f 153094428 152832285 152766760
f 152832296 120457502 152897832
f 214174534 214174531 188877652
f 188877093 189991764 153356577
f 189991201 57281349 189008161
f 57280801 151126890 57215265
f 151128353 214173981 215419718
f 215420101 154142883 144837829
f 214174919 189991217 214305989
f 189009095 189008724 215354567
f 189006415 189009111 57279055
f 143920344 125896867 143919267
f 125896867 125897009 154142851
f 154143959 154142851 214306007
f 126290069 126289794 125896575
f 125896835 155518847 125700227
f 155519107 190253912 142740695
f 190254295 190251599 38668191
f 57280415 57279055 125831071
f 57214849 125698923 125241224
f 155518840 155518847 155649912
f 155518743 155519304 126158615
f 190252934 190253382 125437830
f 127797115 127798104 124913531
f 142870387 154077087 142870431
f 154077087 155649921 118885209
f 190318359 118949656 118884230
f 118949766 155584839 126158715
f 155584379 124913430 118818683
f 124913521 142870294 124782451
f 155650905 124979060 190318496
f 127863641 127862552 118950215
f 127863111 124716912 155584278
f 124716822 142804849 124716913
f 142804849 167118981 142805125
f 167118981 165480926 142870832
f 124979104 142805301 154404768
f 142804896 124979056 154404766
f 154404587 154404766 166790891
f 142805490 142805301 167119346
f 166922738 165612023 166922743
f 165612023 127732190 143460212
f 127731577 127731854 124847993
f 127732239 127731570 116001295
f 168364559 165414635 168363755
f 165414635 166922738 165415410
f 124847931 124847993 150931259
f 151587072 168626034 151586674
f 168626034 168626703 168692227
f 168692234 125307395 121243454
f 121440059 150931601 143656763
f 150866065 151587072 150866176
f 151455999 161024266 151456010
f 161024266 161024526 168626631
f 168626691 121440711 143656790
f 143657215 123012950 150865724
f 150866184 121308988 151455519
f 119408904 112920841 151521544
f 112920840 112920986 161024442
f 161024455 121309626 155912022
f 121308989 119408972 121374524
f 121374982 121768268 119408905
f 121768201 119342878 151520956
f 119342780 160827043 111281852
f 160827068 163121596 163251900
f 77530947 77530910 119342755
f 77530787 145622690 77530786
f 145622631 77530272 107349827
f 163252666 160893336 163121615
f 163121614 163121615 163973582
f 163973607 163973582 167905767
f 160893391 166136296 164497792
f 164497790 164497792 164432254
f 164432255 164432254 166070655
f 159255015 164366797 166070787
f 164366851 167840258 167905802
f 164563328 159844734 164563326
f 159844734 164366719 159844735
f 167840136 147261901 144967460
f 147261220 122357580 119736352
f 122357792 122423085 122357549
f 122423085 120981303 120325944
f 120981304 152701208 147261260
f 152700748 152700749 122422400
f 120980608 120981325 80413824
f 152503500 152504119 80348364
f 80348362 80348364 214697162
f 215024842 147262669 152701129
f 115673289 75434267 115673371
f 75433139 75433702 80479411
f 80413901 80413824 105055437
f 80283204 147326156 120850632
f 120915765 145688777 120916169
f 145688777 115673265 145754313
f 125765809 104990438 125765350
f 104990438 78775475 81069635
f 80479446 80479411 80807126
f 105055442 120915149 145688905
f 126355785 126355632 145688753
f 126355633 189204352 126355328
f 189204352 80940233 214435712
f 80938880 104990275 81069268
f 80807124 155714774 120457014
f 155846447 122882377 155846985
f 122882377 119015193 155715465
f 119015305 155781450 126356296
f 120457547 152832286 152897867
f 152832331 119146755 151128395
f 119146827 119146324 122881821
f 122881820 122881821 119015196
f 119015754 151062300 119212362
f 155781960 151128322 119146753
f 150996763 119277828 151193371
f 123078916 123078429 119277340
f 123078428 154011906 123078914
f 154011906 154012488 189204949
f 189204952 189204949 214436312
f 151128321 203885608 150996821
f 122947841 123078916 122947844
f 123078531 123078485 154011523
f 167053187 164890927 167053615
f 164891123 164891126 164956659
f 165087702 57215445 151129128
f 125829994 154078248 125832232
f 154078248 122947459 125963304
f 125962744 125962544 166201848
f 125962742 166988265 166201846
f 166988278 166988275 166857158
f 166857153 166857158 164956609
f 165480752 165480952 167184880
f 167184885 167184880 166201845
f 165480944 167971296 165612016
f 167971312 167447035 167381488
f 167447024 167447029 166988190
f 166988230 165611934 167971297
f 167971335 167971297 164104711
f 117311945 117574148 117312004
f 117574148 116197883 117574139
f 116197883 165677564 165874144
f 164039140 165677537 168167880
f 168167942 168167880 163318278
f 164104637 166922759 165612004
f 166922724 164235723 165874120
f 164235720 167643654 164235782
f 167643654 168036869 168102333
f 168036797 165743074 163318207
f 163318217 166922687 164235775
f 166922751 167774685 165415423
f 167774719 164170186 167643653
f 168036834 164170186 165743075
f 165743039 168364515 165415425
f 168364545 167709090 161548801
f 167709185 165808611 167774666
f 167840266 167840162 161548800
f 23988049 5439572 122685777
f 5441873 152371506 175180407
f 152373879 175442550 175507390
f 175507389 175507390 177014717
f 129763982 115804104 129763272
f 129829491 129829494 175901299
f 129763965 129763262 190188157
f 115805015 115804093 115739479
f 117507815 117507816 115934951
f 151784051 151784061 175901527
f 151784279 176228994 190187239
f 176228071 129173416 128386791
f 129173223 129304298 129173226
f 129304298 129304315 117049269
f 175245581 176097924 176359693
f 176097549 176032383 151784066
f 176032386 177080975 176228264
f 177080232 130615242 128386996
f 130615220 130680779 129173430
f 176163443 176753284 176163460
f 176753284 176097920 176032249
f 177080825 177080959 175835641
f 177080943 177080956 130615919
f 130615939 130615919 130681475
f 130681464 130681475 129108600
f 130680758 164693939 167250556
f 164694652 175639161 175835759
f 175639151 174787089 168823407
f 174787183 175704707 174787203
f 175704707 175704696 175572905
f 129107881 167250552 164694510
f 164694483 164694510 166595027
f 164694372 164694511 177670500
f 176491160 164694482 175639174
f 166332921 166332910 166529491
f 176491129 168823313 177670790
f 177343128 168823313 177801875
f 174787226 174787089 175704730
f 177801850 177605271 175703975
f 175703977 177342375 157485720
f 157550948 177343123 168757605
f 177801744 177801875 177539600
f 177801604 177801878 177604996
f 157485413 157616486 157551198
f 157551120 174525022 173869584
f 174524944 174525078 177539460
f 174524804 173673051 159582595
f 159517060 166595223 157485414
f 166594918 157419875 157616682
f 157616734 173607466 170461790
f 173607518 173804125 173869672
f 173804136 173738588 174525019
f 157419948 169871855 162204003
f 157420074 170330657 169871914
f 170330666 170330714 173607333
f 173607316 173607333 173803924
f 160631389 160958873 173804124
f 162204115 162204143 162073043
f 162204236 162204074 169871948
f 169872150 169871948 170330902
f 160172822 160172584 170330511
f 170330533 164759951 162072998
f 172689830 186059178 160172431
f 160303714 160303896 161745506
f 161745482 161745506 160631370
f 160631193 185862730 186059362
f 185862754 172624459 174131786
f 172624458 172427848 172558917
f 160959045 160959050 162138693
f 160959068 185862571 172624238
f 172427630 172427851 158271854
f 173017456 172231240 173017672
f 172231236 172231249 174066244
f 172231057 172231265 162138513
f 173738385 158140843 171903765
f 158075456 158206318 158075246
f 158206318 157092208 158206320
f 157092208 165284315 158271857
f 158272081 158534001 158337617
f 158534225 158075460 158206303
f 157157743 157092190 156961119
f 165284188 165284190 171444572
f 165284408 165284409 165218872
f 165284209 158403034 165218673
f 158402929 157157748 157288813
f 156961121 156961119 156895585
f 171444571 171379036 165218674
f 171379058 168954387 158402900
f 158402920 158402900 158533992
f 158533991 158533992 158468455
f 172165491 171379060 168954423
f 165349943 165349907 168954197
f 168954196 156502357 156436843
f 157944148 156698984 157944168
f 156698984 171313511 173935160
f 171314386 171313759 215092434
f 171313993 171314387 165153609
f 171313628 171379161 173935126
f 215026198 169151071 171444792
f 80284882 81005779 80284883
f 81005779 104924738 215092041
f 104926025 80872659 189271241
f 189270488 189271241 165153240
f 165349848 80284121 81004100
f 105055445 104924341 78906581
f 80872629 80873026 80807093
f 80938194 214435027 80938195
f 80807492 165348533 165022168
f 164956632 164956631 165022202
f 156633594 157813207 156633559
f 157813207 156502492 157813212
f 157944169 157944149 156698985
f 164956666 166005222 167316112
f 156371600 156371450 167315798
f 167315799 156567894 156633433
f 156633432 156633433 157813080
f 168888790 163776998 168888806
f 163776998 163711427 166005383
f 166005392 176556679 177146435
f 156371523 168888976 163580374
f 161155521 168888850 163776924
f 163645852 163645892 163776963
f 163645891 163514816 163711571
f 163711570 163711571 176556626
f 176556611 163908178 163580316
f 163907996 163645853 161221020
f 163383709 163383746 163645888
f 163383744 173541829 163842496
f 173541824 173148737 171968960
f 168561094 163383709 168561053
f 168561086 161089947 163383749
f 161089989 116197884 167446981
f 163842646 163841774 173541974
f 163908109 161089950 161286669
f 167446942 117574043 116197974
f 117574230 169544230 170199638
f 169544278 173476436 173214294
f 173476438 172755545 173476441
f 172755545 117312065 117574182
f 117312038 170134043 169478694
f 170134054 170854940 170134044
f 170854940 170265127 169544276
f 170265172 173476233 159910484
f 169478601 169477887 168495561
f 169478623 169478668 170133983
f 165546533 165546544 170854791
f 159779337 168495583 165546505
f 168495625 168495614 167578047
f 168495551 170854857 170265113
f 159910425 159910439 170723865
f 159975982 159910281 173476234
f 173476246 173476234 172755350
f 159975989 159975982 160762421
f 160762402 160762421 160107042
f 172755340 172755350 173410700
f 172755539 172755543 171969107
f 170789422 170592821 170789429
f 170592821 170592802 169937453
f 160041517 160041506 169937292
f 160107095 173279627 160041559
f 173410898 173410901 173148754
f 158730799 170592812 177211767
f 170003089 170658348 170002988
f 171117091 162925101 171117101
f 162925101 160041396 162728493
f 160041557 172034484 162728533
f 173083202 173083221 172100162
f 158730897 158665081 158861969
f 158665361 170002805 158599825
f 170002811 170002805 170396027
f 170002996 170396201 171117099
f 160238123 171117108 162924942
f 129042809 158665078 130222002
f 130222454 158796152 158665077
f 158796149 158796155 158992770
f 159451515 159386153 159451689
f 159386153 170527282 170986025
f 158861234 129894321 128976818
f 129894322 130156483 129042372
f 130549699 130549700 130221991
f 130222745 130221991 158796441
f 159451801 159451512 159386265
f 130091385 128976817 129894338
f 177604519 177605273 177736065
f 177604993 159517059 159386162
f 159517234 171051611 173673010
f 171051570 171051563 170527120
f 170527118 160369040 160238158
f 160238007 173673038 171051612
f 160434780 160434739 171051410
f 171051408 160500114 160369231
f 160369230 172886607 172821088
f 172821059 172821088 172034627
f 172034638 172034487 162924980
f 160500321 172886417 174066066
f 172952161 174000719 172952143
f 174000499 174000720 156371315
f 172099923 172952160 172165729
f 158468676 128322128 128452553
f 130746313 129107881 130746281
f 129304524 129304499 129238988
f 129238774 130746316 116721609
f 116721397 130156489 130549493
f 157682009 157682008 157878617
f 158468458 158468455 156371306
f 156371286 157878634 156567897
f 212339467 185206289 212336918
f 18156713 181536273 181800043
f 208276572 208079571 207293547
f 207490140 207490152 208800860
f 208735324 181800051 181537903
f 208735343 181537491 207293554
f 181800047 181865582 208473199
f 181865583 208342124 208538738
f 208734930 208014444 181472370
f 208734934 208145511 181734514
f 208210646 208211049 208407254
f 208341716 208341720 181471956
f 181471957 181471956 208014037
f 208014445 208014037 181734509
f 128190371 128057464 128190372
f 128125787 128124835 127077211
f 190516059 190515092 127994715
f 124389282 7801692 128060251
f 7801691 23658947 29494107
f 23661403 124389282 23660450
f 180292687 180096085 206441152
f 180290673 179833533 74451648
f 180292696 180357817 207030976
f 180292280 206310081 179768000
f 206441146 206441557 206506682
f 180096080 180096079 74714192
f 180095678 180094069 74451646
f 179833534 179831921 180423358
f 207030978 207030969 206899906
f 180358230 180358232 206965846
f 179768407 179768001 206703703
f 179767991 179768403 206310071
f 92211893 92212298 179440309
f 92342963 92341632 205916851
f 205655111 205653378 205392967
f 205524031 206113859 179569887
f 81660597 179505844 179571379
f 179505843 206048329 179440711
f 206048327 202247183 205917247
f 202247231 178981548 205392557
f 205392961 179047085 205522200
f 81660596 81200344 179506249
f 81202249 202181646 206048271
f 202181647 97322446 202246828
f 97323692 92276097 178981551
f 178981549 81201839 74974431
f 202179705 202179800 97256569
f 97322445 97324046 81397197
f 92275931 92276174 92538075
f 92407173 179176833 92407169
f 81659001 205784281 81265785
f 205784185 179111373 205784525
f 179111373 205456603 179111131
f 205456603 178849157 205456773
f 178849157 92408898 205587845
f 81659097 179242206 81593561
f 179242201 205851717 179244101
f 205851717 97454766 205851310
f 97454766 178916416 97455168
f 178916416 81595050 202114271
f 81595464 81595405 179244104
f 179244100 179244104 205851716
f 205849983 205851716 97453439
f 97453444 97453439 178914692
f 81660941 202050572 202116168
f 202050632 179374770 205982788
f 179375172 179309233 205718911
f 179307903 91948412 92145028
f 91948420 85984534 85263748
f 85984644 178653863 92474027
f 178653867 85855286 204802731
f 85854891 97520298 85854890
f 97520298 205327426 85985959
f 205327015 85919008 178654267
f 204803131 204802727 85789755
f 85853470 85855286 204932382
f 85462072 97387807 85460255
f 97387807 205194705 97387985
f 205194705 201985035 97520706
f 201985090 201983363 92408495
f 201984687 178784937 179178157
f 178784941 85394722 86051501
f 201919548 178719755 201919499
f 178719755 205261481 178719401
f 205261481 205260066 86050071
f 86050074 86050071 85394714
f 15338403 195166444 15335990
f 195166774 12517618 195166450
f 12517618 33423554 12517570
f 33423554 12517566 15403939
f 12517887 37224684 15401471
f 33426342 33423929 12389286
f 37224938 37159148 32047673
f 37159481 195234726 15401450
f 32050085 32050084 37161893
f 195232235 37093612 32115620
f 37096356 15862693 15401451
f 32112874 32112883 37093610
f 24904090 26807216 24904092
f 26804636 25493913 26804633
f 25493913 25493887 25035136
f 26804614 196152240 196018566
f 25493888 37948338 196149632
f 196149828 37948337 24841137
f 24838551 24841137 25166231
f 196152241 26610608 196021169
f 26608024 26676144 26608001
f 26673537 194773573 26673733
f 194773573 194775987 196217759
f 194775967 38076998 196021149
f 26676125 191695792 25365355
f 191695723 25559431 191499188
f 196283243 25362829 25955179
f 25562068 25561966 196938708
f 26348478 196280711 26345863
f 38142355 196283316 25952839
f 196938733 196938708 62852077
f 26215360 26348478 26217406
f 25756049 38142355 25756051
f 26018186 38142535 25952654
f 62849986 62852077 62522306
f 72680379 26215360 72680384
f 25822294 25756049 25821585
f 191627659 26018186 191627658
f 26020797 26020717 191564733
f 191562126 63177101 62981051
f 63177659 201458046 24970171
f 201458619 72680557 74187707
f 62784621 25822294 62784598
f 193135551 191627659 193134987
f 191630268 191630212 196873148
f 24972290 24970181 74058754
f 24970162 61932651 24972291
f 61934595 74122348 201458616
f 74187704 74189827 62718904
f 74187711 62718910 62784445
f 62786436 72745917 62655364
f 72747908 62065596 72747964
f 62065596 201526276 196807613
f 74122168 200147891 61998008
f 26545135 26411960 26543032
f 26411960 62653374 26411966
f 62653370 62652820 72745914
f 72745911 72745914 62063543
f 62063545 62063543 26477497
f 201523605 26543028 62131183
f 63243189 62456214 63242646
f 62456214 63242644 62194613
f 63242619 63439798 24773574
f 63439814 62260143 61735878
f 62260166 201327546 63439791
f 201327535 73991274 61735863
f 73991095 61866937 73991097
f 61866937 200082517 72614841
f 200082361 63308181 201327722
f 73991108 73991111 61866948
f 26476940 26479598 62587276
f 26479620 62587836 201524161
f 201526205 62915521 196873068
f 62917484 191562127 25952655
f 62587282 62587276 63046034
f 62587841 63046595 62914959
f 63046031 26083720 25952648
f 25690504 63046029 25624969
f 63046025 200868242 61541371
f 73534458 73534459 200934445
f 69995515 73532332 73599994
f 73532519 73532516 61604967
f 64226221 69993571 64226403
f 73466837 69993517 61539426
f 61604779 61604967 201130923
f 63507454 64226221 63505325
f 64226216 64226250 200803240
f 64226402 200805369 73466977
f 73401442 49677228 61475838
f 49679358 69796906 201130952
f 201130954 63374280 63505320
f 63374248 61408169 61342632
f 61408168 70124591 61279225
f 70126585 73403384 200739833
f 69796601 69796599 49545977
f 52888309 63374378 52888618
f 61342504 61342664 53150504
f 61342505 61342508 61408041
f 61410292 61408041 201001972
f 70126588 47383466 49808117
f 47383285 47186641 49548275
f 200674291 52888309 200671989
f 53152759 53150504 200543223
f 53150509 53152757 52953901
f 52953848 52953901 200475384
f 47186639 47186644 47121103
f 200409808 200409809 73073360
f 52495452 200674291 52497395
f 200540962 200543223 52560674
f 68616995 198839285 68619253
f 198839285 198771501 198837037
f 198771501 52495096 52364380
f 52560672 52560674 53019424
f 68617002 68616995 46859050
f 68617270 68616908 198837302
f 198837301 198837302 198771765
f 198771401 198771765 52036297
f 52038618 46727928 52036344
f 46727928 73139293 49744884
f 73141236 68551703 200477692
f 52036299 52036297 46727883
f 46727886 46727883 48169678
f 73138912 73138890 73204448
f 68551774 68551773 68486238
f 64095254 200999959 64095255
f 64160723 70126588 64162812
f 200737748 198902831 46990048
f 198902496 48172018 73206770
f 73204513 73206770 200606497
f 68488182 68486238 73272310
f 201065567 64095254 201065494
f 73665533 64160723 73663443
f 200344667 200346588 52429915
f 73272317 70059054 201065574
f 201065573 73729126 73663531
f 73663438 73663531 64160718
f 64162808 73335758 63769592
f 73337848 73729121 61670446
f 63833006 69862502 63833190
f 69927887 73335851 69927979
f 73335851 63833038 63898542
f 63701968 69927887 63701967
f 63702060 73335724 61539372
f 73335905 63701932 63964112
f 63964109 116786092 116983560
f 116786952 118556434 117901066
f 118032055 118032146 117180087
f 117180111 117180087 115017423
f 174982863 117049052 116786962
f 117049106 128583439 118359826
f 128583442 124192439 128583351
f 124192439 124192463 114166378
f 114166383 174656106 174983785
f 118359807 118359803 117376767
f 128583424 128583439 118228736
f 124192525 124192683 118490893
f 117114641 174655336 117114728
f 174524156 174590570 174525034
f 174590120 174590568 155519144
f 128517887 128517888 117376781
f 128517901 129959872 118228753
f 129959697 115214047 118491073
f 118490876 130025409 117114661
f 117115496 61671205 119802472
f 61672040 128518312 113182463
f 128518056 128517824 112461736
f 128517854 128517813 129959646
f 115214046 115214272 114624222
f 174458582 130025183 174458591
f 114100839 119801793 114100161
f 119799998 119801550 61669566
f 112461492 112461736 138479284
f 112461799 112461890 115148775
f 114624487 114624222 129894375
f 159385535 174458582 159385302
f 174918017 174918247 174458810
f 174458574 118097850 112396354
f 118097986 131794908 138479591
f 131794919 114362066 132515775
f 114362303 130156483 129894099
f 129894785 114427603 159386222
f 114428526 114951899 174917563
f 174917562 118097851 131794910
f 114362334 114362332 129697758
f 130156476 130156242 114231228
f 129304272 114427843 129304515
f 114952118 114951891 114296758
f 129500881 129631963 129500891
f 118097886 135202572 118163422
f 135202782 130353092 130222046
f 130353118 130353084 129697488
f 130352848 132450278 114231264
f 114231222 132057056 129304273
f 132056785 118884119 114296525
f 114296761 135268045 135202756
f 135268292 115345121 130222022
f 115345350 156240209 130353126
f 156239846 156764491 155846630
f 156764134 132057069 132909030
f 132057070 132057069 118884334
f 115345379 115345425 132122595
f 156239841 156239585 155781089
f 155846986 155846993 175180106
f 155846995 155847282 156764499
f 156764784 156764499 155126384
f 132909376 132909401 132974912
f 132122375 132122595 129107719
f 155781043 155781089 135006131
f 155781031 155781133 175179687
f 175179791 175179687 156370959
f 175048719 117836115 129107875
f 129107668 135006115 114493363
f 135006141 128321236 129763341
f 128321215 128321469 135136959
f 117835683 112985789 128059301
f 114493349 128190371 114493146
f 129763034 129763028 114558682
f 114755285 129763261 113116888
f 113117570 113116888 135072130
f 135071423 128190479 112330429
f 128190170 129173428 114886765
f 114886365 114886765 114558685
f 114559631 114558685 114756239
f 159451791 159450840 155716239
f 155191625 155191682 159451150
f 155191310 128452521 135071759
f 129173613 128255910 141297605
f 141297602 141297605 115083202
f 115083746 115083202 177080802
f 155716066 155716239 175114722
f 156174961 155191625 156174665
f 128255941 128124836 130287550
f 130287328 130287550 130090720
f 130091644 130090720 165743228
f 175114876 175114722 156633724
f 156698967 156174961 156699249
f 128124862 113051326 129829484
f 129828567 129829484 115279575
f 115279638 115279575 175834902
f 156632854 156633724 117966614
f 155256585 156698967 155257175
f 124127554 124127576 156698960
f 113052268 165415389 174787038
f 174786678 174787038 114690166
f 114689814 118753398 141887254
f 117966613 117966614 118621973
f 138413843 155256585 138413833
f 112724033 124127554 112724290
f 165415390 174328421 165481056
f 165480193 165481056 141887233
f 141887253 176031489 117442325
f 118753920 118753919 118622848
f 118295168 138413843 118294291
f 128714510 112724033 128714817
f 174328416 173869667 174197344
f 173869664 176228962 174131808
f 176228960 176031489 176228097
f 175901314 155454079 175901311
f 155454079 155454080 176096985
f 176097038 114820825 118294274
f 118294445 174720770 173869666
f 174721634 176163425 174066274
f 176163426 175901314 176163458
f 118688385 117246589 118688381
f 175900997 174720766 174066276
f 174065781 174066276 176162933
f 176162580 174262389 173935211
f 155911934 155322693 155912517
f 155322693 114821458 156305733
f 128649554 117507801 128648921
f 128780611 128649554 128780626
f 128648897 6883246 113248172
f 6883244 12124346 128648962
f 12125954 158075050 145295106
f 158074626 128780205 113314115
f 113247938 113248174 112658114
f 113246312 113247928 6881384
f 7077992 12189802 7077994
f 12189802 145359034 12189882
f 145359034 145361066 145295725
f 145361261 7143534 158075244
f 128715116 128715117 112724332
f 6750317 61866103 7733357
f 61866093 7078832 12190640
f 12190208 12190640 86966784
f 145360176 145359035 175310128
f 7146100 7145643 15075956
f 60883175 158007406 60883054
f 61800978 61801393 33489426
f 35979794 35979776 33490224
f 35980592 86377767 86968948
f 86379124 157354338 175309031
f 157352167 156567894 15073907
f 15074210 35979891 31916562
f 35981636 35979752 86575428
f 35980582 35980586 86377766
f 86379126 86377766 157354614
f 156568182 156567906 157747830
f 31852904 41027926 31852886
f 157157700 157156650 86574410
f 86574372 86574410 86312228
f 86181158 86313287 175442247
f 155585142 175441199 157746479
f 157156682 86508841 88671627
f 88671848 88671627 86181480
f 86181483 86181480 155584107
f 155583885 155584107 86902157
f 86902159 86902157 60818831
f 86903144 92930977 108463401
f 108332664 108332427 92931688
f 108332648 107546218 107415147
f 107546219 93259383 108398187
f 93259371 93128077 93259149
f 93128077 108332431 92997240
f 93192267 93193614 87818315
f 60818749 60818831 87164221
f 157746483 157746081 85919027
f 157745639 2819360 4851005
f 2819389 87295285 87819571
f 87295283 87098674 87164192
f 87098656 34800927 85853472
f 34800928 41091559 34800103
f 41091559 3146355 2819381
f 3147061 88409414 87295282
f 88409394 88278340 87098655
f 88278303 33686824 86443295
f 33686815 33423892 33686036
f 33423892 33423988 41092004
f 41026468 41026164 60883876
f 88408150 88408113 87687254
f 88278331 88278342 61998395
f 86442931 86443332 86246323
f 86442533 86443301 33686053
f 33686020 33686053 33423876
f 12714500 61014527 12714495
f 87687244 87687254 88604748
f 87688506 87688521 61998394
f 87622579 87622949 86245492
f 35913844 35915045 5308532
f 33751122 33751589 3407954
f 61734965 12714500 61735428
f 2949196 88606025 3014702
f 88604752 87621679 5178697
f 87621680 7536720 3081530
f 4980784 7536756 5308493
f 3407949 4915282 2949235
f 2951503 2949235 3017039
f 158402895 41156655 158400559
f 41156655 41156688 5177392
f 41156656 34865685 3080269
f 4915315 158400596 157681999
f 87361895 41290098 87361906
f 41290098 32244341 41288309
f 32244341 32244245 34865788
f 34865229 87360124 5048679
f 87490638 87229750 87491894
f 87229750 176489079 87229047
f 176489079 176488941 32244243
f 32244348 34734611 41615843
f 4981219 4981372 12321251
f 4980789 87490749 7602254
f 157548661 157549880 87491892
f 157549876 87426371 88212788
f 87426356 156961414 87427718
f 156961414 34736496 158272134
f 31394160 31588883 31392275
f 7604581 156830045 157026661
f 156830053 87558499 157419877
f 87558501 87885123 87557443
f 87885123 5244215 87885111
f 5244215 156830044 157417526
f 157419948 157417526 87558572
f 87557411 87558572 87885091
f 87885105 87885091 5244209
f 5243820 5244209 61473708
f 156959659 3473489 3803482
f 6422587 6422582 3475884
f 6425004 87754053 88345004
f 87755180 33621283 87754019
f 33621283 35849521 33621297
f 35849521 6423468 7667771
f 6357110 6357091 6423877
f 6358341 61408160 60753221
f 61408581 33817916 61408572
f 33817916 33620482 35848709
f 33817124 15270122 35848384
f 61538496 6357540 6619254
f 6359368 6357094 145426760
f 6359213 6359212 60754093
f 60754308 60754093 61409668
f 61407464 61409668 33816808
f 33816770 33816808 15270082
f 157092168 5114028 157092012
f 5114028 3868845 5114029
f 3868845 155978116 3869060
f 155978116 12583144 155975912
f 12583144 157089986 156436808
f 157288788 157288798 157089871
f 157286479 6815849 5111868
f 6815804 33358757 61079612
f 33357884 31525197 33360205
f 31525197 157286593 144968020
f 145098917 157288801 144902311
f 6817956 6818145 175245476
f 61082227 61079657 15338099
f 61080182 61079787 33358454
f 33358305 33358454 31523297
f 144967847 145164454 155517409
f 145162721 61669858 145162722
f 61669858 12386497 61669569
f 12386497 15204546 12386498
f 15204546 61145322 15204586
f 61145322 61145280 12518313
f 12518316 61342633 61539243
f 15206094 15204542 129566414
f 61147066 61145321 129632186
f 61147065 61147067 61605817
f 61146025 61604781 61342632
f 61342635 61277096 61475163
f 61475164 176359771 156895580
f 176359772 31394160 176359792
f 61605581 61605817 61212365
f 61604776 61211559 61278839
f 61278555 175508087 156895876
f 175508100 176425329 158337668
f 176425604 12452320 176423392
f 12452320 118424035 114033575
f 118424487 175507808 157221799
f 158337376 158337655 175966560
f 176425598 176425329 157813374
f 12454249 114035333 118425367
f 118425582 118425367 131860462
f 157222877 157222672 175966173
f 175966178 175966173 157812706
f 157812663 157812706 7210935
f 157810879 15007855 7209151
f 15007935 12255420 12452323
f 132188142 132188125 155125742
f 129370432 129370082 175049024
f 129436272 15009719 129435575
f 15009719 129433711 119868016
f 129238822 129238968 129433830
f 129237222 5376643 176292070
f 5374182 5374140 12255421
f 12255715 175046845 119867407
f 128452623 129238822 128452390
f 113969065 113969077 129239683
f 113969795 61735843 60951171
f 61737603 61734995 5374005
f 5374141 113967157 155191209
f 113903937 113903308 113968035
f 113902499 12714930 61932451
f 12714915 113902511 156174657
f 124127568 124126923 113902514
f 124126130 61016430 158139314
f 61014962 112722115 124127598
f 112724334 60885356 158009710
f 60885358 165544868 116852473
f 165545721 174852717 116918659
f 174852483 93324347 70912387
f 93325699 71043406 93325646
f 71043406 165349717 165546605
f 165349997 165153241 174851131
f 165151803 70780306 93389883
f 70779963 70976913 70780305
f 70976913 165348413 165152672
f 165150793 165152672 93388873
f 70778953 70780306 5701705
f 70975576 70976569 4063320
f 4063293 4063320 6225981
f 165349280 127928225 127862690
f 127860776 127862690 4718632
f 5701672 5701705 3932200
f 3934579 3932200 4000115
f 3932224 3932222 6225984
f 4128864 4129094 21299241
f 127928226 127666096 128911266
f 127666082 158467772 112920482
f 158468002 128909352 127665835
f 127666098 127665835 128976818
f 112920497 112920477 111937457
f 158467757 158467772 158205613
f 158466191 158468463 3997839
f 141100978 141100977 128976557
f 141100717 128845743 111937903
f 128846191 9371857 13633903
f 9374063 2883727 9371791
f 2883727 4784202 9306174
f 4784190 141099072 131663794
f 141100720 141101018 131729072
f 128845787 128845930 127731675
f 13633438 13633455 6490014
f 13631585 13631588 9371745
f 9371687 9371745 2883623
f 112133810 112134106 131598002
f 112789465 127796912 112789168
f 127796912 127797211 131729310
f 127797150 111675049 127729764
f 111673444 7340133 6553700
f 7340132 6160481 7340129
f 6160481 112787495 140969945
f 140773480 140838586 140773050
f 140838586 112002975 140838815
f 112002975 6686377 112002729
f 6686377 6684773 6553713
f 6684785 35586592 7340127
f 140970085 112854715 140773476
f 140773034 140773476 140838570
f 140838572 140838570 112002732
f 6686380 6686382 32442028
f 6685169 6685168 35586545
f 48628209 6160928 48628256
f 112855140 127338599 140904548
f 140707945 140707736 111741033
f 111872105 111871658 33228905
f 111870448 32440828 32506364
f 32506330 32506364 32375258
f 32506599 32375279 48628257
f 48627824 48628257 6160496
f 127403928 34146409 127404137
f 34146409 34144764 33227226
f 34144730 33948167 30999074
f 30999026 30999074 32375282
f 32375329 127402482 127272856
f 127402504 34015127 127402506
f 33948168 34013706 33948222
f 33948194 35717694 32571965
f 32571899 32571965 35652091
f 35652059 35652091 7274971
f 7274707 7274971 7405779
f 6160498 6160496 2490482
f 2883698 2883623 5505138
f 2883625 2883669 4784169
f 7405655 7405779 5505111
f 4128809 67633226 68420628
f 67634196 68092946 68224020
f 68092948 68027407 67961872
f 68551696 67961870 68617239
f 68617230 67634189 68224621
f 68093549 68092946 68552301
f 68551690 68552301 68617226
f 67896330 67896344 68486154
f 68158474 68158486 68879370
f 68879981 68879370 68290157
f 67634797 88540179 85984890
f 88540794 106235170 86050426
f 106235514 106825311 107152982
f 107284054 107284068 107152997
f 107218532 88540777 86050396
f 106235484 106235170 107284060
f 107218524 107218534 106038876
f 107480659 107480677 106169939
f 106366547 106366549 106104403
f 106104412 106104403 106759772
f 88540764 91293278 106890542
f 91292974 86639915 86836859
f 86640251 106301017 106432123
f 106497625 106497623 106301052
f 108725847 91293275 86639952
f 86640218 86639952 106432090
f 91293008 88999249 89130320
f 88999248 108725586 89195856
f 108725584 111347290 88999250
f 111347026 88474951 89196156
f 88475260 92276315 92407170
f 92276098 108856698 91817346
f 108856706 108791163 108856699
f 108791163 52168060 108791164
f 52168060 92799580 92276090
f 92800378 92669319 91817598
f 92669566 108922499 109184638
f 108922494 10290813 108922493
f 10290813 10289949 52167438
f 52167455 52167438 39519007
f 92669318 92669321 92538246
f 92668980 92669317 109184052
f 70255668 109053571 70256259
f 109053571 28378751 109053567
f 28378751 28377246 10289512
f 10289934 110231912 92603781
f 110232965 91751801 92537908
f 91751476 70387063 91620404
f 70386740 109249585 70386737
f 109249585 52496001 109250177
f 52496001 52494770 28377245
f 28377448 92471453 110232953
f 92472697 92472695 91620403
f 70124932 108987443 70124595
f 108987443 108988036 109249314
f 108987170 10158360 18285346
f 10158882 10223771 10093346
f 92472977 92472979 110167697
f 92472367 111085202 110167087
f 111084591 105907793 70125184
f 105907840 111150753 108986648
f 111149336 38273169 9437464
f 38273304 90177692 111085137
f 90179153 105973330 105907873
f 105973409 9503778 69273249
f 9504417 9502865 9437769
f 90178142 90179232 90112606
f 90178910 90178912 90244446
f 105973090 105973089 111215970
f 69273250 69273170 85526178
f 9504026 9503778 53806362
f 9502880 9503542 38338720
f 9503305 69403210 90244770
f 69404322 91096431 111215898
f 91096346 53151088 91161882
f 53151002 53150518 53805216
f 69403928 69404002 85591320
f 69403949 69403931 86705453
f 91096364 91096100 88868140
f 91161933 91161967 91227469
f 53151089 53151088 52626801
f 53150524 53150500 52888380
f 53149856 88802088 86705485
f 88802637 91227470 88933709
f 52626766 52626801 10683726
f 52626204 52625572 54199068
f 52101948 52822823 54199080
f 52822824 10748069 52887712
f 88802635 88802604 91030859
f 88802928 88802670 106694256
f 88933981 88933708 108529245
f 10684025 10683726 23201401
f 10682711 10682723 52101463
f 52101461 52101463 54133077
f 52822843 107807516 106694265
f 107808377 107021922 108527971
f 107020643 21627296 27197795
f 21627235 393559 21627223
f 393559 393557 22282851
f 393827 34996553 106694254
f 34997870 107677292 107808369
f 107808354 108004977 107020704
f 108003744 22348314 35193248
f 22348192 393547 22348107
f 21496150 21495815 21561686
f 19595606 108003658 107349612
f 42927719 42927729 108003866
f 42926618 19661082 18416154
f 19661338 19595606 19661142
f 19595562 19595565 19857706
f 17105194 42926384 67765863
f 68682763 15860368 68682384
f 15860368 15859994 18415917
f 15860013 19005738 15860010
f 19005738 17105209 20447530
f 17105198 68682041 68748299
f 68682382 68682778 42861198
f 68682019 68682383 15860003
f 42861201 68813454 42992271
f 42861081 42861595 19005977
f 20447769 20447523 9568793
f 9568569 19136814 9568558
f 19136814 19136804 19071510
f 67830417 18154523 67830811
f 18154523 18154009 35127443
f 18153619 27132197 18153765
f 27132197 34930965 18088229
f 18088470 67830296 39715473
f 67830311 67830367 39584295
f 67830175 67830365 18153887
f 39584280 27132455 35062365
f 27132181 21430808 22283067
f 21431099 54068025 54002491
f 54068027 52822827 53084987
f 10748715 10748711 10617643
f 52691107 10420389 52691109
f 38339365 38338720 54788901
f 38273861 25297482 53084323
f 25297059 10485919 10354851
f 10485923 52691723 50987171
f 54788875 54788901 49480459
f 52429556 38273861 52429637
f 10158881 10158665 48890657
f 10158403 10158827 10092867
f 49480447 49480459 50332415
f 49480098 49480449 52560290
f 49480481 52560675 52429547
f 52560619 21889349 21234411
f 21889771 21889347 21102888
f 21102908 21102888 49021244
f 10093293 10092867 10224365
f 10224200 10224365 23528008
f 21889447 21889349 27591079
f 21889448 21889446 19333544
f 20644264 20644136 49152424
f 20644174 20644591 38207822
f 38207804 27591405 27722479
f 27591407 21954896 49152334
f 21954894 21692748 21824321
f 21824272 21824321 38208272
f 23528208 23528008 51184400
f 51184042 51184400 52298154
f 21693249 20513082 54526372
f 51315108 51315521 27853220
f 20513188 20579138 19398965
f 20578613 19988798 20775221
f 19988789 19988797 20709700
f 19988804 27066782 21168427
f 27066667 20578612 20775222
f 19988790 19988798 20316470
f 27066679 27066674 20054327
f 27066673 27066675 20119857
f 20578614 20250914 20381986
f 20250935 20382008 20316467
f 19923256 25231667 25100685
f 25231757 23724420 25362829
f 23724429 23724402 24183146
f 23724394 24117617 23658881
f 24117633 25231728 25362796
f 23724396 23724420 22217068
f 23724385 23724372 24117601
f 24117613 24117601 24052077
f 25231724 23789922 23003490
f 23789908 23069024 23003476
f 23855456 25690465 25428379
f 25690523 25493900 25887131
f 25493915 25493916 26935687
f 25493895 26804634 25559453
f 26804637 16712087 25690508
f 16712076 23921007 23986572
f 23921036 16777606 23921030
f 16777606 16777626 26804631
f 16777623 25035134 16777598
f 23986559 23920896 25035119
f 23920897 44958079 45352085
f 45220527 76809365 78971571
f 83100854 83100821 78841014
f 58590388 58590453 81134772
f 54920407 77202303 45221046
f 77202614 73925737 78972084
f 81134697 81134772 74056809
f 81134698 81134699 84083818
f 81134407 78775556 84083527
f 78775111 14025545 77202537
f 13893847 13894761 73925739
f 73990357 73991275 39321813
f 78905945 78906474 73991428
f 78906628 80872627 78906547
f 80872627 81003733 78775113
f 81003337 55706770 14024917
f 55705813 55509840 13894233
f 55509593 41681468 37421657
f 39322805 56230525 41682101
f 56231093 56362195 56231123
f 56362195 80807122 80872661
f 55509133 56296275 9175888
f 55509564 56296284 37421961
f 37421694 37421961 56427134
f 56427068 56951421 56427133
f 56951421 58196827 56951643
f 58196827 63636317 9175900
f 63636316 17367306 56295687
f 56295688 56295687 59244808
f 59245818 59244808 41747706
f 41747813 41747706 66258277
f 56427508 56427134 56951796
f 56951691 56951796 58196875
f 17171580 75170058 17171723
f 17237259 17236231 74122507
f 83428460 83427592 75433068
f 83428569 83428480 90440921
f 75170946 75170058 91358338
f 91358332 91424116 75171083
f 91424011 59311233 75498763
f 59311371 74384492 59311212
f 74384492 82838656 74384512
f 82838656 75564249 91358447
f 82707827 91358474 75236618
f 91423869 91424115 77530237
f 91424107 91423904 75498859
f 75498376 75498859 59310984
f 74384264 82707338 82379906
f 82707626 82707690 94569642
f 82707668 82707876 84477140
f 84477196 84477140 84673804
f 75236621 75236618 90703117
f 77530473 77530237 77923689
f 90834086 78185632 94569730
f 94569684 80348418 83952852
f 84608203 65602772 80348428
f 65602828 62587836 84608269
f 62588173 42402440 84673897
f 78185730 58000246 83952473
f 55444313 55575810 55444738
f 55575810 55575755 80348138
f 55575530 37159480 65602496
f 62587840 62587882 94831552
f 42403240 76678076 58000217
f 58459283 57279321 58458969
f 57279321 76743503 57279311
f 76743503 76743505 55575096
f 76743224 37093943 37159508
f 37159872 58458708 97256595
f 97256321 58655891 76678017
f 58655617 38995089 36766263
f 38863410 64291412 38863444
f 64291412 82510784 64291776
f 82510784 82511272 94831709
f 94831240 38863965 37290546
f 35324474 42467922 35324498
f 42467922 39125974 42468310
f 39125974 39257324 39126252
f 39257324 73139694 99419372
f 37290524 32113131 35324443
f 35324550 35324443 42467974
f 42468315 42467974 39125979
f 39125639 39125979 39256711
f 39257065 39256711 62915561
f 39257582 35259329 32178667
f 31982060 65012251 31982107
f 65012251 116458118 65012358
f 116458118 115999707 116458459
f 115999707 115999367 42337257
f 65537777 65537771 62260977
f 65536961 31982519 32047596
f 41878143 41878083 36897407
f 41878075 37356084 37028404
f 17629750 17629755 79692342
f 17564865 36831502 41812532
f 36831796 37749302 36831798
f 37749302 37814850 37029057
f 37815489 79758530 79693159
f 79692045 90572135 17563780
f 90570884 77726883 8585488
f 37749314 45417142 37814691
f 8520099 8520258 37815490
f 90505347 90571970 90506434
f 77727078 77727079 77989222
f 77857959 17761443 77857955
f 16843941 27394320 8520571
f 18744187 18743427 8519814
f 8521062 8716422 90506407
f 8717479 8650885 77989224
f 77989029 90637672 77856978
f 77857026 8126674 13697282
f 8126722 18743676 58262395
f 18744211 18744186 17826707
f 17957137 8716575 17957151
f 8651027 8650886 9699603
f 17694869 90636421 17694853
f 90636308 90636559 24379412
f 90636498 59834741 59900177
f 59834641 17432843 17826060
f 17826067 17498380 17957013
f 17498261 11927735 9699512
f 9699599 11993272 17694740
f 17433489 17433490 18678673
f 8454430 17498379 8454411
f 11927682 11927820 9240706
f 9830542 11993271 9830583
f 16973975 1245368 16974008
f 18678672 18678673 18613136
f 18546973 8454430 18546974
f 9240860 9240706 9044252
f 14090379 9830542 14090382
f 25624792 16973975 25624727
f 18613116 18613136 18350972
f 17891609 18546973 17891613
f 9044242 9044252 13828370
f 14221524 14090379 14221451
f 1048794 25624792 1048792
f 79496060 79429913 79495449
f 79429913 17891593 17301785
f 17891513 17891593 13828281
f 13959353 14221524 13959380
f 15990998 1048794 15991002
f 58393790 58524542 79496378
f 79496408 79496378 79430872
f 79430839 79430872 9110711
f 17301644 17302717 12058764
f 12059752 12058764 84149352
f 12058838 79234309 54854526
f 79233864 79233862 84017992
f 79234150 79234307 81200230
f 81200312 81200230 79037624
f 79037550 79037624 76219502
f 9110668 9110711 73860236
f 84018063 84017992 81068943
f 73729238 73729283 74187990
f 73728219 73729133 79102171
f 58065115 58066104 79103086
f 58066030 76153995 74253107
f 76219187 77399150 59638998
f 77399254 79168697 81069165
f 79168621 55379154 80807021
f 55379053 56033499 55378139
f 56033499 56034167 58066059
f 56034443 84215046 76153648
f 76153651 76612400 77399225
f 76612793 81003733 79168722
f 55378781 55379154 55903069
f 56034134 56034126 55771990
f 84214612 84214616 84280148
f 36570375 53413126 36570374
f 53412655 53412399 30278447
f 53608911 56361776 55903066
f 55903058 55903066 55771986
f 55772400 55771986 84280560
f 52954352 36570375 52954375
f 36569550 36569897 53346766
f 56361818 58196857 56164628
f 56164500 56164628 55640212
f 55641199 55640212 82773103
f 30147695 52954352 30147824
f 52953898 52953549 30212906
f 20841258 20840910 30212911
f 58196244 59376523 18023780
f 18023620 79889764 18022548
f 74319044 74317972 75367620
f 53281919 30147695 53281903
f 30147373 30147374 53019437
f 20906797 20841258 20906794
f 59376996 84346211 90309988
f 84346212 90375330 82445474
f 90375364 82445547 79889535
f 90309620 90309515 90440692
f 84346213 84346211 81266021
f 74450137 83821832 74450184
f 83821832 77661346 83887360
f 83887266 82445547 84411649
f 84411627 75367666 82904299
f 81265777 80020721 82838641
f 80020593 79627456 74450176
f 79627520 80676095 83756288
f 83887312 83887360 80741584
f 80741633 74384649 82838726
f 74384582 90899820 80020671
f 79627455 79627462 79955135
f 83756229 83756224 91555013
f 80676214 80676095 80610678
f 80741583 74384592 90899336
f 90899287 90899336 90768215
f 90899647 65406314 90768575
f 65406143 65668075 79561925
f 65668293 63243206 79955318
f 63243638 66716667 91555023
f 77792136 77792087 55968387
f 90768003 90768215 65405571
f 65405523 65405571 94437971
f 65668514 65668071 97781154
f 63243733 63243243 94504405
f 66717091 77792198 90833800
f 77923691 77923492 77792252
f 77791875 73073660 66781827
f 73073283 73073235 38928981
f 94437973 94437971 94634581
f 94438880 94438821 97781216
f 97781200 97781216 94504400
f 77923324 99288032 64947196
f 99288060 99288156 73074157
f 73073237 99354093 39060055
f 39060942 39060055 94635470
f 94635476 94635470 98502100
f 64947561 64947366 64357737
f 64947126 64947159 99287990
f 94241718 99354092 94242284
f 65471903 39192045 65471981
f 37225448 62128727 37225047
f 62128727 90703310 64357000
f 64357469 64357000 62194781
f 62784605 94241718 62784438
f 62653375 65471903 62653855
f 66651069 37225448 66651112
f 119931898 62128697 119931449
f 62130076 62129959 62064540
f 97321908 62784437 99419229
f 62784449 62653934 62915519
f 62653367 66651073 62260157
f 116392887 119931898 116392954
f 115869425 117704487 115869479
f 117704487 117704604 127600388
f 63309572 62064540 63309724
f 97715143 97321908 97715124
f 116393705 115672806 115869766
f 117704774 117704425 126027846
f 116328324 117638917 116328197
f 115672811 115672817 124323563
f 115672960 115672938 140183424
f 115673158 135727196 140183622
f 135727174 121308988 138741636
f 124323570 124323563 124520178
f 124323950 124323693 125765742
f 125765640 125765742 134613000
f 140183559 140183424 135727111
f 135727153 135727111 121505841
f 121308991 121309208 135530303
f 136120341 126027580 136120124
f 134613043 134613000 137365555
f 137365556 137365555 137431092
f 121505842 121505841 116131890
f 121505811 121505517 135530515
f 135464979 135464981 135530524
f 135530526 137562140 137430754
f 137430895 137430754 124716911
f 137430897 116131696 124782642
f 137561826 136644646 115410981
f 136644645 120719396 136513573
f 120719397 120719219 124913525
f 115541811 115541877 125044598
f 125110133 124978914 125109986
f 124978914 136513391 120719417
f 120719225 125306937 120719133
f 119277363 115541731 115476275
f 136513593 138151997 137889847
f 116262967 105318457 137758447
f 105318127 116262629 119408357
f 125437727 137758447 137824317
f 137758762 137758776 173738026
f 137758146 103877212 96536631
f 103876663 136971848 137824298
f 136841259 136841258 136907356
f 136841820 153553214 154995292
f 153553500 173738301 96471357
f 96536001 136841820 137037867
f 136840749 136841260 130549293
f 136841160 136841161 154994632
f 153552840 153553214 103221192
f 103155240 103156008 153553211
f 154929467 154929448 154536251
f 105056567 154929469 96470596
f 130484167 130484169 130615239
f 102631370 130484168 103220767
f 103220646 94701087 103220768
f 103155232 139265576 130418634
f 139265994 139200589 130614677
f 130614815 139330965 139266125
f 139331661 94898256 139397197
f 139199985 139199913 93783537
f 139199893 139330968 139397124
f 139396553 139397124 94897609
f 94897611 94897609 98305483
f 94897562 94897629 94700954
f 94897649 102630822 94701041
f 139331588 134285314 134416389
f 134415345 134416389 64881649
f 64882692 134481353 134350850
f 139724803 104007685 139724805
f 66061876 66062341 104072756
f 66061878 64882229 104137713
f 64882546 64882230 64751474
f 97126258 139723741 139659267
f 139593812 104204373 139593813
f 104204373 139593268 139790420
f 139593815 139593814 139921495
f 67373144 139593811 62325765
f 62326867 66979383 62326327
f 67306424 67306495 66979381
f 67307061 138937910 139855960
f 138938456 139069515 139920373
f 67044341 67373144 67045464
f 139528265 121374795 139528267
f 121374795 66323446 66390091
f 62456822 62456821 66323437
f 66323447 66323437 67044343
f 138938450 139462737 139528266
f 121374794 120326226 139003709
f 120325949 135858202 121373686
f 135857142 67109889 66389000
f 66388922 139002888 139135057
f 154273868 154273866 139003693
f 120325932 120326451 135333676
f 135858194 135857965 135923730
f 65865755 135858202 67109870
f 139135283 155060543 154274104
f 120260920 120260915 124455224
f 150341484 150341420 120260626
f 150341650 151456008 135333915
f 155060536 154208562 154601750
f 124455190 124455224 152242454
f 149621012 150341484 149620588
f 150341875 150341868 169216243
f 150342098 150342167 151456210
f 154208534 138676292 138610966
f 138676502 152439063 152373524
f 152439060 152307989 152242589
f 152242412 169871773 161220844
f 169871596 163907827 169871603
f 163907827 163973575 150080023
f 152438635 152438853 134940523
f 152307724 152307991 121440268
f 149555006 161220885 149555477
f 161221061 161220843 169871813
f 169871906 169871813 163908130
f 134940784 134940523 141559920
f 121440369 121440268 116197489
f 146802414 149555006 146802494
f 149555874 149555393 163842722
f 163842711 163842722 169937559
f 169937134 169937559 149686510
f 163907821 146803234 146671342
f 146802957 146802879 178325773
f 178325750 178325773 177604854
f 177604988 177604854 149752188
f 149686726 179046525 142346694
f 179046854 168757703 179046855
f 168757703 169216665 177736135
f 169216441 169216665 164694457
f 164694481 164694457 166463953
f 151456237 170002898 168757913
f 170003097 177736229 163056165
f 163056278 163056165 164629142
f 164629057 164629142 152570433
f 152570321 172821070 164628973
f 170133727 170134051 168560863
f 168561189 168823446 168561302
f 168823446 168823361 171969084
f 171968812 171969084 153422124
f 152570150 168036929 148769293
f 168036877 168036881 168823302
f 168823356 171641350 171837958
f 171641420 171641407 171772492
f 171641132 168102462 170068485
f 178981412 152701446 178981382
f 152701446 178981439 161876516
f 178981320 178981287 161810888
f 153029030 178981548 152504608
f 152505004 176818459 164039078
f 176818598 172231105 163580326
f 161810720 162335301 176818625
f 162335169 162466224 163580191
f 172230943 172231105 172165407
f 172165503 171903263 159255108
f 171903556 178129483 162335152
f 178129328 177998493 162466078
f 152897968 152963357 152832432
f 159254813 152832287 159254728
f 153225416 159320447 153225599
f 171903360 178129279 177998496
f 177998084 152898208 151194269
f 153094404 153094430 172361988
f 153094344 153094727 152766664
f 152832200 178194716 178064031
f 167512734 168888992 167512736
f 168888992 170592788 169020064
f 170592928 170592516 151193982
f 151194134 151193982 172362262
f 178063869 168299017 167512724
f 167512291 167512724 168888547
f 168299156 170199593 170396308
f 170199700 179112600 177670804
f 179112596 177408403 149031315
f 149031294 149031315 170592638
f 170199254 170199593 163776726
f 170199537 170199492 167971313
f 170199723 170199556 177670827
f 179112619 179112600 179178155
f 178850479 178850478 179112326
f 179112339 149948806 159713683
f 159189233 166726035 167971037
f 167971342 167971037 178915854
f 178915553 161614350 148900523
f 161614507 179178159 143657379
f 169805969 178850479 169806511
f 168626672 168626397 163645936
f 163645966 151259397 168626402
f 168626319 168626402 148899983
f 163645962 163645936 144312842
f 163645560 142018715 151586971
f 142018762 142018826 150997194
f 150997223 150997194 151259367
f 144312818 144312842 160958962
f 160958619 151390478 151849115
f 151390363 144312588 151587084
f 168364530 168495628 166791430
f 151325227 151325196 168167979
f 142084615 143132934 142084358
f 143132934 151849334 158664966
f 151849223 151390582 148048246
f 151390409 170526932 168167938
f 168167912 168167938 151521768
f 151914761 151915015 168167813
f 168167545 167840133 168233515
f 167315976 169413122 167315970
f 169413122 178457064 169413096
f 178457064 178391577 169347560
f 178391528 167315721 165874184
f 149490148 142281210 149490170
f 142281210 142215706 142281242
f 142215706 145820324 142215844
f 145820324 164235723 178457113
f 165873898 146147511 149490076
f 149489796 149490076 142280836
f 142215300 142215292 145688708
f 142215441 142215344 145819921
f 145819778 145819921 146933890
f 164235459 161155250 149424311
f 161155344 161155305 142936336
f 142805126 142805404 149358726
f 145688808 145688708 147196136
f 152045767 152045744 147130567
f 152045696 152045766 142674048
f 142935506 142936336 100206034
f 100206726 100402685 142936296
f 100403432 101582351 149358094
f 147195406 151980264 97584661
f 97584662 97584661 95487510
f 100206002 100206034 95552946
f 100402611 100402682 100337075
f 101582332 101582333 80152060
f 101516488 101975567 101910800
f 96667156 96601621 96667157
f 96601621 104924694 96601622
f 104924694 97519057 102041010
f 97519026 100795907 95487411
f 100795827 110823068 95553020
f 101909956 102106647 96667203
f 96667184 96667203 96601648
f 96601191 96601648 104924263
f 104924591 104924263 95356335
f 97519024 97519170 101385648
f 100795916 104990161 96863767
f 95356462 95356335 95421998
f 101385649 101385648 83363249
f 101385744 101385465 110691856
f 101385731 99223194 110691843
f 99223043 11798172 103613873
f 11797937 16253177 95421689
f 16254201 29622864 38733049
f 29623545 29558288 29623824
f 29558288 83297528 101648026
f 83297946 11797995 16253176
f 16253375 16253176 38732223
f 29229648 38732226 29622722
f 29622775 29622722 29557239
f 29557240 29557239 721400
f 83296268 16187844 8913077
f 3211401 3211512 16187839
f 29229298 57868338 15794623
f 57868735 29426587 60424639
f 29426450 29426587 32899858
f 32899834 49873682 32899576
f 8912946 8847496 3211442
f 15794354 11599922 60031112
f 11600000 8323989 11600001
f 8323201 57868396 60424978
f 57869074 51512062 50135826
f 51512082 50004730 51512058
f 49939196 49939194 49873400
f 49938936 15532270 32964620
f 26346259 50004732 26149267
f 26149628 33096186 50004731
f 33096443 11272980 51577595
f 11272955 11272430 15532206
f 15532044 26345646 26148866
f 1638402 1638800 26149370
f 1638906 22020123 1704442
f 22020602 788 22020884
f 788 173 11272428
f 11272366 65772 22479251
f 82051416 65538 19793125
f 65569 65839 2162721
f 65562 2162722 1638805
f 1704341 1703962 30015893
f 1704396 1704395 22020556
f 460 82051409 19792194
f 22544706 196911 22544687
f 196911 4325409 196641
f 4325409 2228229 262177
f 2228257 26476578 2228258
f 21037401 4194369 22544939
f 36307289 29032891 28967257
f 29032793 10813444 29032452
f 10813444 10813507 4325379
f 4325714 4325379 262482
f 60620865 60621355 36307500
f 36373035 53936686 36504107
f 53936683 53936571 28967356
f 53936572 38470220 29032614
f 38469798 15597807 10813886
f 10813443 36372926 82969502
f 36372587 3671283 6947372
f 3670572 16581166 3670574
f 16581166 16515896 16581432
f 16515896 16515660 38469871
f 16515311 15663344 15598017
f 15598014 82313665 82968683
f 90965225 29360235 8782064
f 8061063 38797761 8061377
f 38797761 328126 38797758
f 328126 2424835 327683
f 2424835 8061266 3539079
f 29294647 10879100 29294716
f 10879100 10879569 38797553
f 327921 328273 20971761
f 327717 328001 2424869
f 3539392 17039621 29294760
f 29295037 29294760 10879421
f 4260285 15728807 4260007
f 2752578 2752753 15728961
f 2752833 20906303 20840769
f 20906305 10944549 18481413
f 7995675 7995560 10944957
f 7995837 30474706 29098804
f 29098050 4260660 2687796
f 4259883 30277674 2687019
f 30277675 53347119 2752831
f 18481275 16384250 16318587
f 16384123 36110888 7995858
f 36110802 36176425 30475061
f 30475060 53740341 53674807
f 2687799 2687796 30278455
f 30278451 16450359 16384552
f 16450088 1507352 36110889
f 1507881 1376278 36176223
f 36176693 22937951 53740337
f 53740343 53478193 53871411
f 53478195 76219186 53543731
f 1573116 26083352 1572888
f 26083352 26083350 1376605
f 1376607 22806877 22938065
f 22938417 30343633 30409521
f 30343985 30343986 53544076
f 30344332 1573992 3735804
f 1310778 26673177 1310745
f 26673177 4391311 26673551
f 4391311 22806875 22675855
f 22806876 22806875 36438364
f 22806993 1311277 3604538
f 24772664 1441813 24772629
f 1441813 1180056 1442200
f 1180056 24903748 1179716
f 24903748 22610266 4391259
f 22610267 24772956 16056376
f 4653302 26018171 4653435
f 26018171 24510487 26017815
f 24510487 22872083 24510483
f 22872083 25624957 22872445
f 25624957 1048593 24904026
f 16056392 3342388 4653433
f 4653125 4653433 26017861
f 26018164 26017861 24510836
f 24510835 24510836 22872435
f 22872324 22872435 25624836
f 3342713 16122100 15925625
f 16122233 4522055 4587897
f 4522361 25821253 4522053
f 25821253 1114484 25821556
f 1114484 1245555 1114483
f 1245555 76939524 16121927
f 76874903 4587591 26281110
f 4587551 4587922 4522015
f 4522106 4522015 25821306
f 25821310 25821306 1114238
f 1245310 1245202 24379518
f 13697150 81527157 76940438
f 81527958 71697479 76874822
f 76874134 76874822 26280342
f 26280063 26280342 1966207
f 1966112 1966207 7929888
f 7929981 7929888 8192125
f 8192210 71630973 78644295
f 77006001 78709830 77005894
f 71631226 71632050 26542458
f 26542456 26542458 8257912
f 8257930 8257912 2032010
f 2031996 2032010 8126844
f 78644376 71435331 77005896
f 77006002 71763016 71500867
f 1048922 15991029 22610268
f 15991132 16908547 22741549
f 16908845 36241962 36438481
f 36241873 36241872 30344296
f 36242536 15992069 16908502
f 16909573 16908502 36242693
f 151521415 142150307 143001865
f 142149897 143133046 158664969
f 143132937 151062799 142150006
f 148048130 148048246 147982594
f 150866178 150866131 160434434
f 150866173 146409873 150735103
f 142149890 151062756 169281764
f 151062920 147524120 159844610
f 160434380 160499970 147523985
f 160500113 147720585 159910289
f 147720593 149096701 169282211
f 169347747 166005272 169347608
f 166005272 164760019 169281928
f 164759944 159975630 164759758
f 159975630 147654792 160499848
f 143067538 169347465 166005195
f 164170187 164170214 166005203
f 164170195 178588326 164759946
f 178588042 166201719 178588023
f 166201719 164169933 152111563
f 164170189 164170002 177473997
f 178588309 178588106 166202005
f 146934219 161024274 146934034
f 161024274 161089997 161024461
f 161089997 166070759 164366997
f 166070933 164104649 177474025
f 146999491 152177050 146999706
f 152177050 146868635 152177051
f 146868635 142608513 161090023
f 142608871 164301260 166070729
f 146933956 142674050 146999471
f 146999470 146999471 152176814
f 152176837 152176814 146868421
f 120850629 125831362 120850626
f 125831362 121702529 125831297
f 121702529 145623500 142542978
f 104728704 104728751 145623214
f 104728750 95749558 145557701
f 95750341 65144244 95619269
f 65145029 120850228 120785093
f 142542399 100599238 96798271
f 100599359 104269368 104727990
f 104269238 101058055 95749556
f 101057972 97650175 100533684
f 97650100 142541795 96798225
f 96797943 96798225 100599031
f 100599270 100599031 111609318
f 104269480 104269312 100730536
f 104269313 104269314 101058049
f 142542353 99944646 147129873
f 101713380 101713398 83232228
f 83232413 83232228 98895517
f 98895337 98895517 100926953
f 98895336 98895365 111609320
f 104597702 98829814 104596982
f 98829814 100992484 98829796
f 100992484 99157661 100992669
f 99157661 99157481 99091660
f 99091979 99091660 100926987
f 147129917 104597703 95684807
f 104596919 104596917 98829751
f 98829765 98829751 100992453
f 99157445 99157510 104859077
f 104662593 80414186 104662506
f 101517511 100009397 101516725
f 100009397 110495159 100009399
f 110495159 110757317 110495173
f 110757317 110757441 104859200
f 104859198 104793664 104661001
f 104661650 104661001 80413330
f 80152078 100861431 80152055
f 100861431 110626455 100861591
f 110626455 110626459 110757395
f 110757440 15402515 101844544
f 15402560 524339 3278400
f 7798835 7798793 524946
f 104465608 100140548 104465924
f 100140548 100140697 110626322
f 110626323 11339282 101778963
f 11339283 104464620 100336840
f 110822908 99223099 110822971
f 99223099 99223033 100140237
f 100140562 722125 80479762
f 722450 80478382 83297771
f 722168 15402189 3276801
f 3276920 1 7799244
f 15466956 43057272 15466616
f 43057743 43057389 7864911
f 80412793 80413330 101318777
f 30081261 29819337 29884653
f 29819117 38535759 29819471
f 38535759 7864333 787023
f 655373 655481 7865867
f 656907 99878389 101320197
f 29884875 29884876 29753803
f 29819335 29819337 51970503
f 38535962 38535624 11404058
f 38600879 918093 38601293
f 786447 918093 786443
f 917515 11075754 656885
f 29753749 29753803 26411413
f 51970452 51970503 26214804
f 51970078 51970449 11403294
f 52035614 11403439 38601499
f 44106523 38601294 590498
f 590414 589839 917674
f 26411043 26411413 2293795
f 26214436 26214804 21364772
f 1900871 1900945 16646471
f 1900953 26738943 1901339
f 52036373 52035993 29950741
f 29950747 262818 2228260
f 262180 22085970 2294087
f 22085959 2424870 21364991
f 2425087 2359333 16646518
f 16646553 53215606 24445337
f 53215641 53281557 53216021
f 53281557 51773945 33030933
f 51774229 51773898 29950744
f 44106520 24445386 20906021
f 53215552 53281142 33031295
f 51774591 51773945 82904191
f 51774702 51774706 51905774
f 51774232 1770265 51905304
f 1770264 44106518 51708696
f 44105742 44106518 589838
f 82642185 82642162 75302153
f 82640924 82642046 51904540
f 79299849 1836158 79299710
f 1836158 1835036 1770262
f 1835798 11141134 1835022
f 11141134 11010064 983054
f 11010062 11075594 11010058
f 84411579 79365329 80741563
f 79365307 11142350 80544955
f 11142331 80740381 79365327
f 79365054 79365327 66519998
f 80544760 80544956 66585592
f 80543916 80544761 11141292
f 983212 983211 80085164
f 984584 984263 11011592
f 66716879 97911742 66716606
f 97911742 98633178 98108350
f 98632638 98370552 98632696
f 98370552 98370553 66586104
f 100074489 104531516 66584748
f 94503931 97453527 94504407
f 97453527 94307744 97912282
f 94307802 98567638 97846746
f 98567642 98567650 98633267
f 98371123 97453538 94307801
f 94307800 94307801 97846744
f 98567640 98567638 97650136
f 98567140 98567635 65340388
f 98567731 98042854 98174416
f 42141147 42206681 42141145
f 42206681 65144280 42206680
f 65144280 98502099 97453531
f 98502107 97715668 98173895
f 98173572 63308743 42141444
f 42206980 42205828 116524804
f 42207028 42206963 65144628
f 116524784 116524804 119998192
f 120784680 120784627 120850216
f 120850303 120850216 125831039
f 125831013 125831039 121702245
f 119998211 119998192 125699843
f 125699846 125699843 123995910
f 123996189 123995910 138283037
f 121702463 121702245 121767999
f 164300611 116328258 117573508
f 117573662 117573508 117770270
f 136054814 136054534 135989278
f 136054806 136054812 121571350
f 138282816 138283037 138544960
f 121768003 121767999 138348611
f 153946176 166266691 153945923
f 121768396 164104682 166267340
f 135464988 122619926 135464982
f 122619926 123602783 135595861
f 121571157 121571350 122816341
f 138544979 122619712 122685460
f 122619742 123537233 123406161
f 122750812 122750814 123864924
f 123864914 123602772 122881874
f 123602773 122685268 122488852
f 122488657 122685308 125110140
f 122685257 122685302 121898825
f 122685255 122685253 123406151
f 135464782 115542035 125110089
f 122161018 125634276 125372233
f 122160971 119277438 125372286
f 119277438 125568893 125634379
f 122095485 122292043 111413064
f 122291878 96011941 111478603
f 96012107 122292036 122029892
f 125568889 125568797 125437817
f 119408507 121833341 122029916
f 123406150 123406148 123864902
f 122357574 122357603 123864929
f 123864930 123864929 122881890
f 108267332 121964358 95880821
f 121963964 121963960 122357180
f 121833077 95880634 96143195
f 96208312 123340635 96404925
f 123274688 123340635 135792474
f 123340641 123340825 122423137
f 122357601 96208717 96273848
f 96274276 96273848 105121636
f 105120395 105121636 173277835
f 123210325 102172229 95881060
f 102172516 166332262 124061540
f 166332260 102171275 96339384
f 102237631 123078168 102237720
f 123078168 123012950 123144023
f 96338928 102368696 95880176
f 102434331 102368240 102434375
f 103810631 103810588 102434329
f 103810585 102303258 102238039
f 102368841 102368696 105186889
f 96077385 96077382 111412809
f 111412667 95946169 96077383
f 105383541 105383352 111543925
f 105383590 105383591 111412902
f 166332248 166332262 143329112
f 166332624 166332556 164497616
f 164497899 162728372 166332719
f 154011790 154012084 173279374
f 123078488 143329420 67503959
f 67503642 67503959 64554522
f 64555237 64554522 173410533
f 173476069 173476439 148310245
f 173344984 173345368 148375768
f 173344908 102303961 149161510
f 177931814 158861541 177932517
f 148310393 148310245 160631161
f 162138516 162138328 148310442
f 162072792 103090393 102762010
f 102303265 102893105 103810593
f 102893089 103024165 99485219
f 103024042 103024111 94766506
f 94766741 110364074 94766630
f 102893215 102893105 102827679
f 102893040 102893090 99485168
f 99485171 93718000 99747311
f 93717999 102565406 99485098
f 103810719 111020637 154864221
f 111019464 99748156 154863048
f 96929264 103810547 173803079
f 154535495 154798685 154536541
f 154798685 154863932 99813691
f 99747316 99748156 99681780
f 93652466 93652467 99747223
f 105253175 105055673 95947063
f 105055816 105055673 103876168
f 105318053 105317817 115607205
f 111412965 154797896 99812903
f 93652375 93652377 93848988
f 93849202 102499740 108070297
f 94111261 93980057 94111129
f 93980074 93980061 102565290
f 93652380 93652596 108201443
f 93652451 98698650 98305434
f 98699128 124847581 98305912
f 125175666 108070776 125175672
f 94045810 93652856 93914610
f 99681690 102696480 93914534
f 124847563 94111197 98436637
f 94176735 94111133 110429598
f 154076822 154731933 154076573
f 94964026 94963101 110364986
f 98436510 98239964 94177081
f 154470201 154469790 94176918
f 93521372 93521721 121112647
f 121113010 121112647 169478578
f 121112886 162794011 169478454
f 162793782 154470818 154339746
f 98239892 97060298 93521299
f 105710995 138806676 105710996
f 105842254 138807367 154142288
f 138807730 162597169 169543985
f 162597301 162597404 169478581
f 97060243 93455986 125175410
f 64817015 64816531 93455291
f 93455947 105710523 105514387
f 67241547 105842254 67241550
f 102499786 105449074 67241552
f 105449040 110561352 138872400
f 110560848 105449777 138872435
f 126944883 150145096 126945352
f 150145096 161286558 138872472
f 161285784 161286453 154405177
f 108136338 105645645 126945134
f 126945661 126945134 150145405
f 150210941 169674996 150210804
f 169674996 154667422 169675166
f 169675065 172493385 154667313
f 65734259 64423501 65734221
f 64423501 124584966 67438157
f 67438446 135922649 64489326
f 124586527 124586011 159123999
f 108135404 105776719 65733561
f 64422841 64422892 65799097
f 65930221 65930200 64422913
f 67109848 67175426 64422918
f 66913907 66913871 105776716
f 67307084 62391887 67307087
f 62325764 62325689 62391287
f 65799159 105513913 66913868
f 105514572 67240891 66913867
f 67175406 67568641 65930241
f 135922670 67306457 104138316
f 66848332 66848310 104138610
f 66848626 125175671 64816125
f 151455771 151456287 169740781
f 169740829 169740781 159123997
f 159123701 169609757 150211146
f 150211139 150211146 169675331
f 172755437 169609757 153881165
f 169609802 172886317 153881162
f 172886602 153749803 172558915
f 153750083 172099876 172034340
f 172820973 153619021 153881167
f 153619023 171706649 152570447
f 172886590 153356861 171772495
f 153356879 153356587 153749796
f 153356580 171903552 153291136
f 153291330 172820864 153618713
f 153422105 172689981 171772197
f 153356568 152504908 153356864
f 152504896 172624459 153028888
f 169675336 172427843 169675337
f 172427849 152635984 172952137
f 152635977 169544220 172493105
f 172296784 144705818 172296474
f 144705818 144836771 152635932
f 144837148 144837045 162793630
f 161548446 172296629 172034640
f 172296576 172296770 153684352
f 153684550 153159841 153684129
f 144705655 144705826 164956279
f 144706007 144706006 144837079
f 144836766 141953495 153225506
f 147261731 147261559 141953162
f 141953494 164956298 144640138
f 144640470 161417456 149883350
f 164956631 147261856 143198791
f 172361866 144574623 169151047
f 144574703 144574998 161482991
f 144640239 144640417 149883119
f 169085167 169085168 177015023
f 169085170 169085582 158992626
f 149817997 149817878 177015437
f 177015175 177015437 168692103
f 168692366 168954069 148114062
f 168954510 169150706 176949489
f 149948798 148113942 160041487
f 168692107 160041641 162138793
f 160041336 160041387 148244856
f 168954232 168954071 150014328
f 178784938 178784783 169806506
f 150538784 150538921 178784683
f 150538667 162072794 148441515
f 159779343 159713962 159779498
f 148441508 161679610 148441383
f 148572580 153487655 161745116
f 161745040 161745116 162072720
f 148375696 148375978 148506768
f 147785947 147785945 148375692
f 160893348 160893148 148572584
f 148572367 147720616 148572585
f 162007260 160303245 143395036
f 160303324 150407416 148572596
f 143591860 160893148 150473124
f 160893328 160893177 150800784
f 160893335 160893182 160762263
f 160893352 160369046 150800606
f 150800610 150800606 151652578
f 146475275 146409726 146475262
f 150800791 146409659 160827797
f 160368862 150538490 148703776
f 143657504 143657182 148703458
f 143657186 143591567 164497844
f 150407604 160696462 150735035
f 161941757 161941909 147720445
f 146409674 147392700 146409845
f 158599355 158599380 148048073
f 147327242 158599541 151587018
f 151259362 151259403 151652583
f 148834445 150604175 143395040
f 150604000 150669521 150603985
f 173279484 173279441 147851406
f 164563085 173213947 164563195
f 173213947 143395068 164563147
f 164563203 164563147 158533891
f 178522484 178522576 164563406
f 173214158 173214160 173148622
f 42666446 147458643 143263885
f 147458237 147458187 159910077
f 147589513 166201547 147589323
f 166201547 150931715 166201603
f 159910095 162007229 146540751
f 159910093 150669448 173279065
f 123275516 123275097 123209152
f 123273868 123275516 135791244
f 164430476 135661593 164431897
f 135792458 123471895 122226713
f 123471897 123733857 138544989
f 123799619 138544993 123799379
f 42535374 138348567 42534935
f 135661408 138348608 123668547
f 138544992 42534749 173017550
f 173083086 173083217 178522574
f 173083312 179243685 173082926
f 179243310 166267337 164104494
f 179243264 179243685 166201600
f 164104681 153946800 42534976
f 158796180 158796203 158927252
f 150014330 158927224 150014424
f 150014331 165087704 158993064
f 165087912 178719189 149883349
f 161417685 161417456 144771541
f 158927320 173607591 178653656
f 165087546 165087834 164890938
f 154077498 154077653 164890932
f 154339797 161548706 164890786
f 161548450 173607070 158861991
f 173672825 173673050 177932665
f 173671974 173673116 110364198
f 154077492 154077785 173541014
f 80086588 80085164 100075068
f 100468216 100467911 80086536
f 100468232 77595809 101123579
f 11011579 11011592 11077115
f 11077109 100468219 101451256
f 100468223 100468237 101058047
f 100468281 100468231 104400441
f 100468199 100468282 77596135
f 98371064 98371085 101451263
f 98371071 98371027 97649636
f 98370532 65209314 65274850
f 65340389 65274852 65340979
f 103941090 98370533 65078835
f 104334849 104334855 83166721
f 104334531 104334582 104400067
f 79824442 79824359 98960630
f 98960897 98960630 77596161
f 110953985 100271265 110953633
f 100271592 100271774 99878376
f 99878405 110953960 99026600
f 110954152 110953986 100730369
f 116131700 116131697 125110132
f 116131708 116131702 122554236
f 135399247 57607917 62981351
f 57607399 81593566 82183388
f 81593564 63177955 81593571
f 63177955 63505355 63177675
f 63505355 81593289 63701872
f 81593285 63701965 63177679
f 63177681 63177679 63505361
f 63374289 37946314 63374282
f 37946314 63374281 66192337
f 66126835 66126792 63373892
f 66126404 78447790 37946482
f 81331374 81331314 73008302
f 81331318 81331291 74843254
f 66192370 41943682 42009586
f 41944050 39387738 66127022
f 39388334 81986650 72942766
f 81986734 81986651 73008246
f 81986678 74974329 74777830
f 74843366 74843254 82248934
f 82248819 74581222 82248179
f 74580467 48694000 49218035
f 48693747 82117344 88147065
f 74581314 74581222 74646850
f 49218676 49218675 29492340
f 49218038 49217987 48693750
f 48693718 48693750 28639702
f 28639976 28639968 48169397
f 28639669 30540243 28574435
f 30540515 31130071 30802659
f 31130339 28443093 30736822
f 28443062 43450835 28443091
f 43450835 43450839 30802396
f 43450844 85197460 43188700
f 85197276 88016192 31130698
f 71893468 85066197 85198144
f 85067072 85263636 85132608
f 85263680 71894290 85001536
f 71894337 71894290 87950657
f 83559745 83559743 84936001
f 28509457 71828732 85263634
f 71828754 71828801 88081681
f 71828753 83493957 71566609
f 83494161 28508632 30868753
f 30605784 30605748 48234968
f 48235595 48234968 77464651
f 83493336 63767627 57672659
f 63767507 63112131 63767491
f 63112131 83034984 63112040
f 83034984 81396890 83035290
f 81396890 81396585 57148078
f 81396398 45024345 72876718
f 72876720 45089878 72680112
f 43255028 8979675 43255003
f 8979675 11863129 8979545
f 11863129 11863126 72680532
f 72549462 45089458 45155414
f 83034773 47121046 43319957
f 47121045 44368550 43253898
f 44368010 11731124 8978614
f 11731126 57540784 11468982
f 57540790 72549230 57475254
f 44369027 44368592 71369859
f 44369072 44368962 11732144
f 11732143 78513328 11731120
f 11470048 81724591 11470047
f 81658032 47121263 75629633
f 47121473 59114375 71304446
f 59114750 75695236 83690629
f 75695237 81658956 57541785
f 77071215 57410413 57541486
f 57410414 72483717 58983278
f 72483694 72549460 44827731
f 72549042 55247533 57410437
f 55247749 64684874 55116677
f 64684933 14156883 55247690
f 14156618 72810675 11666250
f 72811338 76481500 77333647
f 76416087 76416144 64226391
f 64226446 64226391 76088462
f 76088476 64160910 77268106
f 72745848 78120080 58131543
f 78120023 72746125 76350605
f 76350636 76350605 77268140
f 77268193 77268140 80282849
f 77268169 77268170 78054601
f 64160936 64160924 97387688
f 76285101 76285097 78316717
f 78316770 78316717 81790178
f 78251234 72615137 78251233
f 72615137 75891914 72615114
f 75891914 72352969 75891913
f 72352969 72156238 80217256
f 81855659 76022866 81855570
f 76022866 76023201 94372503
f 76022423 36635184 43385318
f 36635110 31654547 43123174
f 31654374 31654521 41419420
f 31654556 31719909 43713179
f 31720091 44040864 43975323
f 44040859 43909786 44040858
f 43909786 43516573 43909789
f 43516573 36700830 43516574
f 36700830 44040669 43910890
f 43910892 43910890 43517676
f 43517672 43517676 36701928
f 36701927 36701928 36964071
f 31195701 31195697 44302901
f 125961962 125961964 116066024
f 125961960 140052570 115803879
f 140052199 132581352 115738392
f 132581144 126813993 132581161
f 115935107 126093191 126224259
f 126093187 139986824 126289795
f 139986819 139987034 140052358
f 132581254 132581466 125896582
f 134547330 134547432 132581264
f 134547344 126093261 126290011
f 126289689 119015515 126290009
f 119015513 119146267 139986892
f 126158796 126158937 134809548
f 125896714 125896582 119670794
f 134547235 134547330 136316707
f 130811937 130811910 136251425
f 120916059 120915737 119015311
f 119146383 119146265 131532687
f 130746328 130746139 130680792
f 134809547 134809548 132712395
f 119670762 119670794 134219754
f 136316929 136316707 137627649
f 136251445 136251425 137693237
f 120915855 141756515 140642191
f 141756303 134154240 126748632
f 134154200 131139538 131532747
f 131139531 119473952 130680810
f 119474154 132646889 132712449
f 132646913 133957629 134219829
f 133957685 136448035 137627702
f 136448054 141756461 134154089
f 121046889 121047040 134154194
f 121046994 119342878 131139360
f 119342880 131074001 119474153
f 131074025 132777963 132646909
f 132777981 131205075 133957667
f 131205155 137234479 136448045
f 137234477 121047098 121177961
f 72156239 72156241 72090703
f 72156240 78054477 72287310
f 78054534 78054480 97387654
f 97190991 72090701 75957708
f 72287368 72287309 75826312
f 74908789 74908794 75105397
f 91489397 91489403 75105552
f 91489552 91489551 84804349
f 91489021 32703223 49677053
f 32703229 91489016 84739189
f 91489017 91489550 49677049
f 32703225 32703223 29688569
f 32703217 32702918 28771057
f 32702965 32702904 49742325
f 28705521 28705208 48300785
f 14745777 14352609 14680241
f 11534558 14352604 14483677
f 14352605 14614752 14418143
f 14418820 14680287 14353661
f 14812413 14352604 14614755
f 58851555 14549216 58851552
f 59507587 59506911 14549892
f 59507588 95224716 59442052
f 83624163 14942436 14876899
f 14812035 14942437 58852238
f 58852237 60556174 59573133
f 60556173 60294041 59507596
f 60294028 82576205 55313292
f 82576268 85329326 14876901
f 57214231 60227813 57213157
f 60227813 59573100 57344229
f 59573151 59573100 60556191
f 85328746 59966323 57803626
f 59966314 59048855 60162922
f 59048810 58786712 59048856
f 58786712 60490652 60228460
f 60490604 60359583 59966359
f 60359575 60162891 59048779
f 59048854 59048779 58786710
f 60359499 60097397 57934667
f 95225386 95225069 103679530
f 103286314 103286319 95094314
f 103285855 103286188 73598047
f 73598049 73598047 73532513
f 73663585 142738531 73663587
f 142869605 142870659 142739583
f 142870655 142870924 160106893
f 145951117 73664908 101254241
f 95159818 142869605 95159397
f 149226925 160172165 149227653
f 160172218 160172262 145885370
f 160172209 160172211 160237745
f 160172212 146016654 160237748
f 101254573 101189129 95159851
f 95160550 103417387 149227706
f 103418042 73466978 146344128
f 145885376 145885370 163252416
f 162269628 145754291 162269363
f 101189163 95028651 103416930
f 95028322 73335904 73467436
f 73468096 103482924 73204832
f 163252414 163252416 171509950
f 163252664 162990650 163252728
f 163252350 162269688 142412220
f 166529150 170658221 166529453
f 170658221 167184561 171444664
f 170461753 163383800 170461688
f 163383800 166529150 163383422
f 164825534 171379182 164825582
f 171379182 167381549 171379245
f 167381549 163187131 170657969
f 171444778 177867419 170461697
f 170461615 170461697 163383727
f 163383764 162400687 164825659
f 164825761 164825659 171379361
f 171379250 171379361 167381554
f 177867265 177212049 167774723
f 167774641 167774723 162400689
f 162400827 162531761 171575735
f 171575859 171575735 178260531
f 178260415 178260531 170985919
f 177211907 177801882 167905938
f 167905728 167905938 162531776
f 162531767 163514816 162924982
f 162925102 162924982 171051566
f 171051572 171051566 163449396
f 177801874 167709184 177277379
f 177277578 177277379 163515018
f 163514806 176753290 162859491
f 162859509 162859491 170723829
f 170723888 170723829 171117104
f 144181808 144181812 171116991
f 167709123 170265099 168430019
f 170265027 177146504 176622019
f 177146307 165808778 177146506
f 167643792 176687587 167643619
f 176687587 176687605 166988336
f 176687664 166922740 170854961
f 170854553 170265137 176622120
f 176622220 176622120 177146508
f 177146367 176884364 167643795
f 167643646 167643795 176687614
f 176687539 176687614 166922675
f 166922732 166922675 171313644
f 166922801 171313719 170920381
f 167250472 177343116 167250572
f 170330617 167250423 147917303
f 144181695 144443549 163449394
f 144443954 167447036 170985979
f 167447035 165939685 167381435
f 165939643 163121594 163186865
f 163121329 163121550 160237749
f 102959113 138086411 134875145
f 138086409 119736100 134744103
f 119736359 136185887 136710178
f 136185890 136775720 136382273
f 119736382 119736380 141232190
f 136185964 136185636 126879852
f 136775569 136775711 134088593
f 136775639 136775679 119211991
f 136775489 119211804 121636667
f 138217531 138020924 138217518
f 141232174 141232190 131270702
f 126879700 126879852 141166548
f 134088811 134088593 131401835
f 131467222 137168895 137300027
f 137168954 137168944 137234490
f 131270703 131270702 131205167
f 141166547 141166548 132777939
f 131401707 131401835 131074027
f 119605201 131467222 119605206
f 131467051 131467042 119539499
f 119211809 119211991 119080737
f 119211835 119605018 119343057
f 120194846 120194850 121046814
f 120194871 120194872 120129335
f 120195070 120194858 119539710
f 131008510 131008289 119539482
f 131008282 141690837 131335962
f 141690650 140576571 141690683
f 126683251 126683234 126617715
f 126355341 126355342 126683232
f 126355552 126420874 140445810
f 126421106 140511343 141428850
f 140511346 126355339 126551949
f 140380041 130877322 140511115
f 130877323 130943070 130877534
f 130943070 166594653 130943069
f 166594653 166594712 144115894
f 166594742 171182645 146081976
f 171182264 171248182 146213018
f 167053263 167053807 166595125
f 167053877 170789423 171182646
f 170789430 166857203 171247764
f 171247770 143853716 144246934
f 143853718 146278547 143788182
f 146278550 144378007 146278551
f 144378007 143853714 161352179
f 143919260 133236882 132384937
f 145229797 13500624 13567973
f 13502437 132319212 132843493
f 132319205 12781554 145227984
f 13500612 13500624 13435076
f 13500617 13500622 13304009
f 13502447 13500620 132843503
f 12782215 13240489 176554180
f 13238468 13369550 13238478
f 13369550 13107400 13041870
f 12845256 13107401 13172933
f 13304010 13304009 6029514
f 13305848 13303901 133040120
f 13041756 13041869 5832796
f 13041861 5898330 5832901
f 5898437 34210315 12845258
f 34209994 40043108 13172829
f 40042589 120652390 40173661
f 120651869 5769208 5963866
f 5767258 5767259 5898439
f 5898764 5898439 34210316
f 40763916 40763915 34210404
f 40764004 40108645 40043110
f 40108646 133693534 6095462
f 133694054 12977970 157614169
f 12977438 12978534 85722398
f 34276637 34275527 34538781
f 34275953 34275856 40764017
f 40108657 40108655 40567409
f 6095468 6095461 12911212
f 6096586 6095046 133695178
f 85722396 85722398 70714652
f 34538552 34538781 41485368
f 34537998 34538106 40894990
f 40895083 40894990 40567403
f 12911211 12911212 157483627
f 12912432 12912996 113837872
f 70714423 70714652 71238711
f 41485376 41485368 70845504
f 41484809 34079802 41484814
f 34079246 34341389 34407019
f 34341483 40632941 40503652
f 71238718 71238711 70517822
f 70845493 70845504 70583349
f 70844934 70845494 34079238
f 34079355 34079238 34341499
f 40632955 40632845 40436347
f 40370794 157483629 40370797
f 157484847 157483625 120522543
f 33882659 33883190 31326755
f 41550303 41550342 34472415
f 41550448 41550351 40436336
f 40436328 40436336 40239720
f 40436329 120390247 40239721
f 120390249 33294127 35783135
f 33292767 31261150 31326735
f 31261199 34603537 34472560
f 34603632 157876850 40960624
f 157876848 157876840 40306420
f 40306478 40306420 40240942
f 31261145 30933501 31261201
f 30933521 41353848 34603634
f 41353842 157942382 40698482
f 157942386 157944170 157878171
f 157878004 112068507 127534836
f 112068340 113575670 116721396
f 113575668 113575726 120391471
f 157943707 112527093 116656027
f 112527259 127076015 112527023
f 127076015 113379011 112068342
f 113379062 127010707 116721350
f 127010502 113444757 127141574
f 113444550 120456904 113706694
f 120522440 127076143 113379222
f 127010710 127010499 127469462
f 127141786 127141779 165611418
f 127142363 127142368 113445339
f 165283524 113641157 113510084
f 113641156 120522440 113641160
f 120522441 120522439 113837769
f 133695177 165217994 165611995
f 165218779 174393958 165283525
f 174393029 165677537 113510065
f 113641137 113641157 113772209
f 113772538 113772209 120588282
f 113772537 120588081 133695282
f 174393977 174393818 175377017
f 165677685 165677670 175704693
f 175770234 112200161 175770081
f 133761659 133760689 133892731
f 133761013 133761020 133826549
f 133826554 120653617 133826353
f 133629947 133629746 133498875
f 133629935 175769590 175573626
f 133892728 133892731 131992184
f 133892083 133892063 133433331
f 133564403 133498869 133564405
f 133498869 133564411 133171187
f 133105649 133105655 133564406
f 133105654 133040111 132843504
f 132843508 132843504 132319220
f 133171184 33556468 32309964
f 48431617 48431820 46858982
f 48562892 48431598 109576705
f 47253129 54264548 47252196
f 54264548 48562900 47383268
f 109576914 109643402 47252190
f 54264542 54264530 48497374
f 9962213 9962301 54264532
f 109643408 110036617 109643403
f 109642462 109905547 109707998
f 109904606 46989915 39453406
f 46990046 46990053 48496794
f 48496793 109707418 91686544
f 109905272 109905547 109970808
f 109905556 109905551 109512340
f 39454344 39454350 46663304
f 39453384 39453385 46990024
f 46989607 46990024 19202343
f 46989466 109838630 110298760
f 109840008 92079486 109511369
f 92078793 9896650 46727881
f 9896649 47317704 9896648
f 47317704 109838631 92079488
f 92210558 46728839 109446526
f 109445834 46727966 48104222
f 48104138 9896088 47973087
f 47317725 47317144 47186653
f 109839744 109774476 92210557
f 92210822 92210557 109446790
f 52233862 52233863 52364934
f 52232924 52232992 48104156
f 47973084 47973087 38077148
f 47186502 47186653 22151750
f 46268998 92012883 107087500
f 92013412 92014179 56755044
f 109380451 109380989 56492899
f 52364127 52364934 46465887
f 52363994 52363974 47907546
f 47907522 47907546 38077122
f 38077123 46203586 46269121
f 459457 57017027 56820579
f 57017187 57738085 56886115
f 57738083 47645535 57738079
f 47645535 47645382 46465754
f 47645402 46924493 47776450
f 46924482 46138059 46793410
f 57017967 57017188 69207663
f 57017379 57017377 92144675
f 92144487 109314917 92144485
f 109314917 27984737 56623973
f 27984741 46400370 27984754
f 46400370 111280856 92145285
f 111281797 85460577 106956421
f 85460613 109314901 56623957
f 23593813 28115809 23593825
f 28115809 47514028 28115372
f 47514028 47514309 46400188
f 46400205 46400188 47645389
f 55837033 44696235 23593389
f 23593317 23593389 28115301
f 47513957 47514030 47579493
f 47514280 47514327 44434088
f 47514300 92734119 55837355
f 92734123 39781770 92865195
f 39781035 28050495 71172779
f 71172525 56558434 56689069
f 56557997 23462247 28049765
f 23462245 23396710 23331543
f 23462864 23462752 23266256
f 23396708 23396711 27263332
f 47448481 47579494 47448422
f 47579839 47579861 44499647
f 23266258 23266256 9765842
f 27263126 27263332 21758102
f 45547853 47448481 45547937
f 47448756 47448760 46006964
f 46006954 46006964 46072490
f 44499648 35455679 64028822
f 35455126 42730125 9765197
f 42729805 39846497 21758647
f 21758648 45941431 45482680
f 45941432 44761780 45941428
f 44761780 35521194 35455629
f 35521165 35389981 42730081
f 35390049 45744738 39912033
f 45744737 45482681 45613665
f 45482559 45482681 45941311
f 45941025 45941311 44761377
f 44761367 44761377 37683479
f 44630592 45744812 45613631
f 45744703 18809663 54395455
f 18809407 54329633 18809121
f 54329633 44630295 46334528
f 46072516 46072490 47710916
f 45875929 44499648 45875904
f 44499625 44499645 44434089
f 44434127 44434089 45810383
f 47710909 45875781 50463301
f 45876032 45875971 44565312
f 44565211 44565312 47055579
f 47055269 27525851 47055563
f 45810379 45810383 46924491
f 54461114 54461187 49611450
f 54461166 54461174 47842030
f 27525282 27525851 28311714
f 27525552 27525553 46530992
f 27525835 46138055 46531275
f 46138150 46138055 38404902
f 46137352 69665355 89261396
f 69666132 89785986 109118804
f 89523842 89785691 69469527
f 69534757 69469531 69534759
f 69666134 69666131 89654614
f 89720153 89523240 89719848
f 89523240 89589378 89458009
f 89589081 90047839 89654314
f 89654618 69993514 69797210
f 69993818 89392469 89720151
f 89392471 69600293 89392165
f 69141845 69141543 68945237
f 69731357 89916448 89589087
f 89916767 89851228 90047519
f 90047530 70190111 69076010
f 70190122 69927981 70190125
f 69927981 89392157 68944941
f 89850911 70059038 69010463
f 70059039 70321200 70059056
f 70321200 69862444 70321196
f 69862444 69731369 69927965
f 50856719 50856519 27788047
f 50856363 50856361 50790827
f 51053320 51381001 51053321
f 51381001 50725447 51249577
f 27787691 50725639 27919171
f 27919012 27919171 50791076
f 50790842 50791076 28836282
f 50791180 28836281 51053325
f 51053318 51053325 51380998
f 54657455 44172039 28181315
f 44172099 49349284 44171940
f 49349284 44237545 28902121
f 28902122 28902121 54723306
f 28836676 28836282 50266948
f 28836621 50266880 51118853
f 51118858 51118853 50660106
f 48759539 48759538 48825075
f 48825077 48825075 50529013
f 54723332 54723306 48956164
f 50266860 50266948 50397932
f 50266885 656130 4128784
f 655376 327681 16
f 327696 1179667 983050
f 1179658 524297 589832
f 720907 131073 720897
f 131073 262150 131078
f 262150 196610 65542
f 196614 1048595 196627
f 1048595 720905 1114123
f 287375378 287375372 720899
f 287375363 287838505 131077
f 287834117 289018171 262391
f 262164 262391 65556
f 196628 196610 16318484
f 196625 287375610 287440914
f 289014007 262999982 16121877
f 16122102 16121877 1245430
f 1245433 1245430 16318713
f 16318486 1376505 16318481
f 288952238 288948245 287510446
f 16056568 16056341 16515320
f 16515318 16515321 16253179
f 1376507 19398905 16384022
f 19398678 18612509 1376273
f 18612241 18481435 1048585
f 16519511 16515320 1773911
f 16384028 1769725 16384252
f 19398908 19398907 34799868
f 19399471 19399188 19596079
f 18612524 18612521 18350380
f 18481433 290849053 1769499
f 1769724 290652187 1704188
f 290652412 1441815 16450068
f 1442324 34669074 34800431
f 34669359 53150508 53347003
f 19595963 1704751 290984279
f 1708367 1708377 290656591
f 290652167 290656591 19988487
f 1442098 1446228 50463026
f 34669315 34668567 10486531
f 53149857 53150226 19857569
f 45875504 45744940 45876012
f 19988493 19988487 19529741
f 50463019 50463026 10617131
f 10485923 10486531 10420387
f 19857568 19857569 35192992
f 12452378 45875504 12452144
f 19529742 19529741 17760270
f 10617104 10617131 35848464
f 10420772 10420387 35979812
f 35193382 35192992 36373030
f 35652140 12452378 35652122
f 17170446 17170704 17760804
f 17170980 16908547 35848742
f 16908838 35979576 18547000
f 35979820 36372764 18219292
f 36176151 35652140 36176428
f 852231 1638415 917767
f 1638663 17105158 17170691
f 17105155 16843010 16908600
f 16843064 19661101 20381980
f 19661084 19726638 18546967
f 19726615 20840767 18219203
f 18219561 1573059 1638662
f 1573126 17236232 17105154
f 17236226 16974084 16843053
f 16974125 18940194 19661102
f 18940206 18678046 19726655
f 18678079 16777473 20840641
f 20840643 1573057 17236234
f 17236229 17236234 16974085
f 16974093 16974085 18940173
f 18940172 18940173 18678028
f 18678053 18678028 16777509
f 1573130 20054324 20119818
f 20054282 17367064 19267608
f 17367301 20447527 19267845
f 17039680 17039673 17563968
f 17563940 17563968 17498404
f 17498408 17498404 19136808
f 19136806 19136808 45154598
f 16777906 20447525 17301799
f 284819514 284819838 299434042
f 284823802 284824026 299372794
f 298062074 287707609 298062297
f 287707609 3739942 299434378
f 25887114 25891290 299438330
f 25891066 298062303 299766010
f 299045343 299045317 298062119
f 299045159 263065483 260706599
f 263065895 289083708 287707430
f 289083686 298258728 25756044
f 298254732 298783184 25891285
f 299106700 299110879 299766013
f 299766228 284954877 299041154
f 260702594 260706772 260440450
f 260706223 288427911 260444079
f 298778891 298783176 46203147
f 298123970 299110864 298127824
f 298127829 284889353 285741525
f 299307260 299307477 299110653
f 284950914 19927512 17433282
f 19923650 46138049 46203582
f 46207430 298123966 285737662
f 106955454 285741321 25167457
f 25170185 285675990 299176201
f 284889352 107876617 19923649
f 107872961 107677292 46138035
f 46138046 45941427 107217587
f 45942369 25167461 107218529
f 25167473 108004965 25169101
f 25169100 25169101 299175116
f 238683759 44893804 238683756
f 44893804 45220534 45418092
f 45417139 45418085 107217589
f 211616437 211617381 107218545
f 107941022 214697585 107939441
f 107875899 238489144 238685754
f 238685340 238685754 44895388
f 44895381 44895388 46075029
f 44892853 44892864 45417141
f 238489146 107613788 240848442
f 107613754 108267118 107810362
f 108269114 108268700 211487893
f 108268693 152373526 211029152
f 211029147 211029152 46075035
f 45354139 45351616 211618971
f 211684507 107941022 211684510
f 152374432 154339636 211750435
f 211750045 211750435 211422365
f 211422367 211553437 211685115
f 107941627 107941023 107286267
f 214697574 237110896 108595508
f 237110903 237110906 236193399
f 237113082 237112853 211554042
f 211554043 260509434 3936505
f 260509945 260640650 284692958
f 260641246 299504096 299831774
f 299504094 284561889 299504097
f 284561889 287576308 260509578
f 287575946 260575113 260641248
f 260575712 52825978 259592672
f 52826592 52826587 299503863
f 52826359 259326763 53088503
f 259330295 284430581 284561652
f 284430580 3608824 287575945
f 3608457 259526521 260575098
f 259526522 52236605 289148794
f 52236154 36045607 52232999
f 36045607 36045611 53084709
f 259326501 25297707 3608441
f 25300857 5767257 259526973
f 5771581 25362489 3674429
f 25366845 1835806 25363230
f 1835806 1835559 36045352
f 36045349 36110888 35913762
f 35914545 35913762 259654449
f 35917686 259657595 259330331
f 286920566 36114677 52166685
f 35455773 2163240 35455528
f 3277342 53280802 3276834
f 53280802 38339377 53281585
f 52888138 52888369 53481339
f 259658011 52167464 35455826
f 1901394 3277342 1901086
f 3277652 3276830 3408724
f 53280821 53280819 34734133
f 53281354 38339091 34931219
f 38339149 52888086 38535754
f 1901396 55182162 55640916
f 290063179 290063188 55771189
f 290062389 289935689 3408403
f 289931795 34738512 34935120
f 34935126 34935120 250483030
f 290262767 38535702 290259478
f 289997643 290001227 290066761
f 290001225 3473462 289934483
f 290720915 290722121 289935696
f 290722128 290525526 290722134
f 290525526 290459985 290787055
f 3539787 3543370 290001224
f 3477832 3477834 289804616
f 238424391 210894902 238420022
f 210898489 238554679 210895119
f 210899285 19464463 17699157
f 19468629 289870162 289734711
f 289804614 289804616 288166214
f 289803434 289804590 239209642
f 289803831 238423619 238358083
f 238423609 3542582 289734721
f 1966145 1970502 289739054
f 1970478 211222925 25956654
f 211226926 211225770 212405850
f 238358106 238357674 212405827
f 4194335 288231731 288489503
f 288227359 288227725 25956807
f 212275655 212271501 25955480
f 212274328 239013440 211226202
f 288424001 288428339 288493872
f 288493873 288493872 288231729
f 288231881 288231729 298848713
f 288231879 288428497 288296839
f 288362375 288362800 25235335
f 298320258 298324273 299303298
f 298324220 284889560 298324433
f 285675772 285675985 298848711
f 298192473 298193160 212078169
f 298192040 212077733 212274776
f 239013464 299175080 285675097
f 299175513 214633676 240648587
f 240651430 212140427 240651429
f 212078168 25824422 212208844
f 25693351 212140427 25690507
f 212208845 212208844 212339917
f 24906921 25693351 24906919
f 212338278 107285709 212336703
f 212337021 239009855 239079000
f 211160641 240717376 211160640
f 240716061 240716951 154601757
f 154603098 238356761 152571482
f 238358073 211159321 26021441
f 152830350 152833175 152437134
f 152833605 152832279 211357253
f 154602650 154601757 154537114
f 154536248 154536217 152570165
f 152571412 236128565 152571410
f 238554642 211093785 239340698
f 211094682 240782939 211355959
f 240781623 239406658 239143223
f 154406470 236128567 239405365
f 236126252 2821702 236130047
f 235998975 235998740 251399935
f 238554877 211095058 240782916
f 239144516 239144539 239472196
f 239406663 239472194 239406233
f 210963609 210964038 239403052
f 250416276 251527212 250413100
f 211095108 5701720 239272023
f 239468631 239472196 24772695
f 211288443 211291719 5177723
f 211291670 211288144 210963990
f 236326422 250416276 236326036
f 250678807 250679022 250416895
f 5701719 3997758 5636128
f 24772640 24772695 24379424
f 24772660 24772981 5177396
f 236257332 236257360 2424884
f 236260891 236257318 249695771
f 236260887 2035427 25428030
f 2034032 2032005 251070832
f 24383224 24379424 251465464
f 24383223 24383230 3346167
f 2428663 2424884 236064503
f 236588563 158269478 251072252
f 251465468 251465464 251137788
f 251006713 251006718 250941177
f 251006498 251006710 236064290
f 249761314 236588563 249761299
f 158273276 249760100 157748770
f 236390760 236392164 249761307
f 236391963 249892582 236588771
f 249892579 5505109 249695767
f 5508631 250675282 5312023
f 157748760 251529573 250744562
f 251399923 251399935 5377779
f 20512851 238554877 20516605
f 238551311 17826106 20513039
f 17826063 20513066 17825875
f 290459375 249957913 236457711
f 249958127 290263565 302780143
f 34607629 38539598 34607438
f 302776710 302780135 290128262
f 302776849 290132300 34603388
f 34603596 38470012 34603598
f 38535758 38535697 38208078
f 38208077 52888139 38404685
f 49545606 24842572 49549644
f 50922229 38470012 50921852
f 38470392 38470410 49808120
f 49807948 38470395 38208251
f 38470222 49545800 49480070
f 237306612 50922229 237306613
f 13241894 34472714 13239050
f 34472714 49873656 34472696
f 49873656 49873657 49811702
f 49811326 49811702 49942398
f 49483302 236523034 237310291
f 237306059 290591059 13239125
f 13238870 13239125 34472534
f 49873494 49873423 53543510
f 285475634 284492538 285475578
f 236523859 237375015 290591053
f 290587477 290197837 55837112
f 55837255 55837112 39125575
f 53543495 53543510 38273607
f 58327625 285475634 58327858
f 237375821 249827045 290197236
f 290193848 250810100 28771080
f 28771057 28771080 38142705
f 38142153 38142705 38273225
f 58261705 58327625 58262089
f 249827060 50858348 158011124
f 50859764 50791175 50728692
f 13108090 12976327 58261996
f 58327532 58327930 32113132
f 58331612 58327531 285479388
f 285479389 285479388 284496349
f 12976620 286982926 299634934
f 286986486 289214334 286986110
f 289214334 287052061 259851003
f 287048443 286720584 287048264
f 286720584 286720587 38404904
f 286720808 285413659 289214749
f 285413661 25563416 285413656
f 25563416 286920987 284426631
f 284623239 13177077 50987767
f 13173495 13041864 49677069
f 13042445 13566181 13041893
f 13566181 13500621 13566157
f 13500621 13172947 13041872
f 13172944 14155993 13566159
f 14155983 54526785 13500620
f 13762764 13762767 49217740
f 50004172 50004720 49610956
f 105841398 105841404 105579254
f 105645644 13305424 13697857
f 49610962 49610956 49414354
f 105579251 105579254 106627827
f 106759772 105645644 106759756
f 105645656 105645662 106432088
f 106432079 106432088 105973327
f 105973660 105973327 127535004
f 106628702 106497626 106759768
f 106497624 108922495 106366543
f 108922447 26084955 106563151
f 26084943 26085276 127600209
f 127534673 127535004 127665745
f 127796817 127797149 106038865
f 127797150 127796819 106235806
f 54855582 105907798 106299791
f 105907797 105907799 106038869
f 127731285 127731283 105383509
f 127731272 127731273 54330952
f 127730502 54330174 54855238
f 26084951 106890847 106825303
f 106890839 106890837 106169929
f 106890825 105317963 105514569
f 106890819 106890847 106104387
f 105514580 105514592 128452180
f 105711188 105711529 128910932
f 25036720 25036366 4523952
f 128974918 104989055 106104752
f 104990640 105121349 128909382
f 105119814 25624968 4523944
f 4523953 105252776 128386993
f 105252785 105252455 107348054
f 105250902 5242961 5570596
f 25626536 105055812 128386631
f 105055815 106694237 105250897
f 106692689 2490452 5439569
f 2490449 2293797 2359377
f 2296135 2293797 154470727
f 154995015 154994998 155650375
f 155650367 155650375 155126079
f 155582503 155582501 155058215
f 51774245 51774239 52364069
f 51839776 51839767 52036384
f 52626203 52626200 51970843
f 49349402 49349412 52429594
f 52757285 52560672 52757280
f 52560672 51905307 52560667
f 51905307 52495130 51905306
f 52495130 52757281 52101925
f 108661040 108660345 152635696
f 107088154 107087483 108857626
f 3212926 3212899 2229886
f 47579171 154075186 152635697
f 152635005 152635697 108856957
f 108855329 108856957 2228257
f 2229095 2228257 56558439
f 2228951 56558432 47579862
f 56558294 154141544 152504624
f 56886112 56886120 57017184
f 154929506 154929474 155519330
f 4786502 4786493 3803462
f 4849723 4849738 3080251
f 5046320 5046347 3014704
f 155847010 3148102 155846982
f 3148102 24707131 3145787
f 24707131 24641584 24707120
f 24641584 155844655 155912546
f 259788672 259788661 259395456
f 259395453 260116344 259395448
f 260116344 259460991 260771711
f 259395452 259395456 260116348
f 260116353 260116348 259919745
f 260771713 260771711 286855041
f 286789914 18157452 18022691
f 18153763 45023920 19005734
f 45023526 45089458 45023922
f 45089458 16777486 17629874
f 16777409 20185358 18154160
f 20185776 20251313 20185777
f 20251313 12779716 45089038
f 12779790 12779713 12583107
f 12779715 36438208 12517571
f 36438211 36700713 36438569
f 36700713 20251169 12779712
f 20250816 36569399 20316352
f 36569280 35717677 36569645
f 35717677 35717681 36700354
f 35651778 35652145 12452034
f 12452543 12452034 45875903
f 45875898 45875903 45744826
f 35717314 17891602 12649151
f 17892031 16580864 16712383
f 16581311 20775610 16581306
f 20775610 45286068 45679291
f 45286075 19595964 45810363
f 18350780 18350380 45548220
f 18743992 18481433 18743577
f 45613374 45548212 45613748
f 45548212 45613756 20709694
f 45613371 45613373 47055163
f 45613785 45613775 45548249
f 45547807 47710937 18743576
f 18743578 18743576 18481434
f 18481161 459034 18415625
f 459029 20644122 20579023
f 20644559 46531271 47055577
f 46531289 18285259 46793433
f 16646859 18284824 18088191
f 18088216 17957146 20644551
f 17957575 46924493 46531275
f 46924491 16646857 46662347
f 47186648 47186209 47317720
f 101384915 101384913 47187010
f 71304716 71304258 101058060
f 70518279 46597185 47645395
f 46596819 47448789 47318536
f 47318540 101123592 101385735
f 101123591 101320203 101057600
f 101057589 71238720 70517810
f 71238706 84083972 70321230
f 53019336 53019349 47449620
f 47449608 101910036 101123595
f 101910027 78972086 101320201
f 101319744 101189129 71238916
f 101188868 82445547 84083945
f 84083790 82314473 72156390
f 46596906 44761771 44696362
f 44761898 52953897 53020181
f 53020180 101975573 101909686
f 101975222 70255665 78971952
f 78972425 70190128 101188843
f 70190315 88606025 82445384
f 82445545 44827720 44761897
f 44827433 34865685 52954275
f 52954645 77726883 101975089
f 77726769 68682916 77792305
f 68682801 70190107 68813873
f 88605723 44827696 34865377
f 34866744 34865377 101844536
f 34866339 101844499 77726884
f 101844132 78906549 77792281
f 44826849 53805878 14680492
f 27984097 14681655 104269367
f 104269366 104269367 119473718
f 101844768 101844536 78907168
f 78907180 78907168 68618028
f 78906393 27984920 36504374
f 27984432 27984430 10551856
f 27985106 27984034 78251218
f 78250412 80741943 78251575
f 80741943 82576950 80741942
f 82576950 83363065 104138528
f 36634786 10551786 55706090
f 10552646 10552147 80807238
f 80807001 80807238 80872537
f 78251219 78251218 80741587
f 80741739 80741587 82576747
f 18809392 18809322 32047940
f 32047632 32047940 55706128
f 55707121 55706128 88409585
f 88409586 88409585 72877554
f 72877584 72877554 72222224
f 80872527 80872537 90833999
f 18809668 19792175 54722786
f 34537698 34538308 12845282
f 99614917 99615248 72351941
f 99615796 99615825 99681332
f 99681806 99681332 101647886
f 19792098 46990030 14746330
f 14746136 14746330 12845592
f 72352280 72351941 72483352
f 72352819 72352851 70452275
f 70452286 70452275 101516350
f 46990042 44958416 47121114
f 44958426 46727882 47776280
f 46727704 84148759 34996760
f 84148760 72418387 84149331
f 72418387 84214835 72418355
f 84214835 84214846 71108113
f 101516817 45483070 44958410
f 46858935 46858954 46727703
f 84148940 84148759 88343244
f 72418629 72418565 84280645
f 84215047 84214866 101254407
f 101451274 101713158 101451014
f 101712970 101713421 72811594
f 101581912 101516817 101582353
f 101647887 101647886 103089679
f 72222246 101451280 100992522
f 71894534 71894541 88540678
f 71828808 71828554 71894104
f 71828568 90703209 72811882
f 72812047 90768746 101582374
f 90768934 70583350 103089686
f 103089231 102041110 72222059
f 88540233 90768715 72287593
f 70583376 70583658 88474704
f 70649159 102040630 70648886
f 88671287 90834454 88671766
f 82576714 82576747 90572106
f 83363175 70649069 71173447
f 84870207 88671287 84870199
f 88671591 78185744 84870503
f 90572321 90571946 82970145
f 90572025 120128755 82969849
f 120260394 119473401 120259833
f 71173392 82773232 84870417
f 78185745 102827280 84935850
f 102827178 102827553 102761531
f 102761779 102761531 72025395
f 82969676 82970145 120128588
f 120128865 120128588 123209057
f 120260441 123209514 120259608
f 83756889 68617240 102106367
f 102106136 71959577 87163980
f 71959628 87295329 71959905
f 87295329 87754044 90179417
f 87754585 72549631 87753983
f 72549631 72549911 102106648
f 68683288 102172183 68682779
f 70780440 88605723 70779931
f 87753805 87754037 72549453
f 72549461 72549453 72746069
f 72549912 72746071 102171705
f 72746041 70714424 70780233
f 70714697 88605767 71763015
f 70714453 70714455 90113109
f 85525856 85525560 70714439
f 85525575 71697713 71763249
f 99550513 70845512 99550280
f 70845512 82117865 70845673
f 13632308 13631694 62718772
f 13631686 13632446 13959366
f 13959992 13959366 39387960
f 39387733 39387960 53871189
f 62718778 62718772 54919994
f 62718787 62718791 12911427
f 12911433 12911427 53936969
f 39060297 39060280 55116617
f 9503562 9372245 9503317
f 9372245 54068023 54920002
f 54920008 54920002 54657864
f 54657853 54657864 55051069
f 55116605 55116617 54199101
f 54788924 9503562 54788938
f 54068034 54002489 54592272
f 54985488 51446594 51315528
f 51446600 51446589 54264636
f 51446588 54199052 54461196
f 54199109 54461248 54788927
f 54788238 54788927 9502862
f 54002448 51249935 51315474
f 51249938 50660113 51381010
f 50660114 54133516 50660108
f 54133516 54395712 54133568
f 9502950 9502862 9371878
f 21561702 21561770 23200102
f 21561675 21561699 21168459
f 21168746 21168459 41026154
f 21234022 15073635 21234019
f 15073635 15073611 21627498
f 15073898 21365724 15074268
f 21365724 23069254 21365318
f 23069254 21234126 20971878
f 21233987 21233985 23265603
f 21233991 21234020 15073607
f 20971849 20971878 21758281
f 20971842 20971853 21102914
f 22937922 23462211 22937923
f 23462211 23462244 23265607
f 23462215 21692769 21496141
f 21692749 28180886 26542413
f 28180813 26673474 28180802
f 26673474 21299526 21037407
f 21430598 21430623 22937959
f 21430631 23134562 23462241
f 26542484 26607948 26411414
f 26542489 26542487 28180889
f 28180910 28180889 26673582
f 26674079 26673582 60621727
f 21300126 21299608 23331742
f 21430629 26607942 7405972
f 38862962 10944919 38863255
f 10944919 10813849 10944921
f 10813849 56361390 10813870
f 56361390 59507615 56361887
f 59507615 73466978 60687262
f 7406162 38797430 7668306
f 38797906 11206828 38863016
f 11206824 10355589 58982568
f 10354856 59375782 10354854
f 59375782 59376477 56361869
f 11207403 11207249 59900651
f 58983315 58982572 26280851
f 10355090 10355589 26804626
f 10355437 10355098 59376365
f 29491949 59507595 29492107
f 29426115 75629453 29426573
f 75629453 29492322 7209709
f 10879087 29426115 10879427
f 73990311 60096962 73990594
f 60096962 77530243 60097667
f 77530243 73598052 75629666
f 73598050 60621956 75695202
f 7209127 26870238 31260839
f 26869927 73991319 76939431
f 89719959 73139306 89719914
f 73139306 82183062 73139094
f 82183062 77595808 82183328
f 77595808 82248936 77530212
f 76940627 76939675 80676179
f 76940634 80676048 89720311
f 89720153 89720311 73139545
f 73139291 73139545 82183259
f 82183566 82183259 77596046
f 89195859 100009168 89195728
f 79824210 26478071 79824375
f 26478071 89654617 26214805
f 26215769 73008219 26345873
f 73007585 73007507 93127137
f 89261394 99943926 89195622
f 89195715 75236454 73729219
f 75236547 30671996 75171011
f 30672067 10289557 30671253
f 10289557 60555665 10289553
f 60555665 73728403 48956918
f 73728919 73728748 75236247
f 29295511 10224765 29295741
f 10224765 30409852 10224764
f 30409852 60359125 30409173
f 60359125 28049566 60358814
f 28049566 29295517 59966359
f 10158996 10027456 10158528
f 10027456 10027165 10224081
f 10027473 60425115 30409626
f 60425114 60294041 60359085
f 60293549 60031893 28049885
f 60555741 10158509 26149780
f 28246416 60489884 28246172
f 60489884 60489882 10027931
f 60490651 60752800 60425113
f 60752793 60228504 60294037
f 60228501 31326687 60031444
f 60031453 28246484 48824720
f 31326676 31064539 30605449
f 8913364 55247000 9896404
f 55247316 55247325 31195612
f 31196061 31130076 60555667
f 8978907 26345609 31457756
f 31457760 31457756 22020576
f 93126993 93127137 21954897
f 77594960 77596046 30998864
