# runtime shadow triangle mesh: Body
v 0.436340708 1.172195455 -0.479211471
v 0.405421301 1.359435017 -0.159635978
v 0.315781973 1.232105489 0.156775400
v 0.359831540 1.365011896 0.128010729
v 0.342735379 1.265511545 -0.008621457
v 0.276622524 1.159716499 0.177485963
v 0.129995994 1.818064270 5.828017889
v 0.225873110 1.815248223 5.671538080
v 0.418705480 1.112782371 -0.541343160
v 0.134231529 0.902020529 -0.541918453
v 0.259641878 0.964028794 -0.591393687
v 0.503801234 1.320396866 -0.595133094
v 0.281397127 0.962869245 -0.512866135
v 0.044014628 0.860055897 -0.552273734
v 0.211087242 0.924604127 -0.537603752
v 0.041973870 0.867841441 -0.616131304
v 0.000003566 1.267444126 1.359426285
v 0.086138951 1.383564680 1.428749142
v 0.126376536 1.312997839 1.331812201
v 0.000003566 1.340937449 1.443419124
v 0.218788215 1.367717510 1.217328811
v 0.144358309 1.239891032 1.170154751
v 0.192758926 1.354962470 1.305348704
v 0.189216478 1.285555178 1.136787733
v 0.200883452 1.309408758 1.196330602
v 0.389672811 1.260321182 -0.236150003
v 0.404882233 1.212337939 -0.332511650
v 0.000003566 0.845644359 -0.440091518
v 0.000003566 0.847024775 -0.531563171
v 0.224255906 1.018858899 -0.239314116
v 0.287057343 1.577540669 1.418969154
v 0.203078230 1.485273696 1.481963783
v 0.360909676 1.328182409 -0.015812625
v 0.381817818 1.289033825 -0.140651296
v 0.347317458 1.230172907 -0.124543080
v 0.300457036 1.170373307 -0.108722511
v 0.209046484 1.062590463 0.029347909
v 0.264300967 1.119574015 0.018417334
v 0.131497684 2.166867665 2.789605716
v 0.000003566 2.163775534 2.417966169
v 0.168616374 2.028770896 2.658438817
v 0.150018524 1.127469992 0.592272516
v 0.150904136 1.075787235 0.403000982
v 0.208314891 2.061238269 2.413651469
v 0.165497480 2.126946048 2.705037584
v 0.102542024 1.968198263 2.803988051
v 0.114054979 1.914859007 2.971110788
v 0.300303017 1.800450168 2.981178423
v 0.178974183 2.034071691 2.557474823
v 0.524131803 1.581792349 -0.550835501
v 0.450125451 1.157673484 -0.549109621
v 0.315204400 1.483341114 1.292979896
v 0.226835732 1.627843011 2.840231536
v 0.078707512 1.858814137 3.803848007
v 0.329489705 1.275781836 0.543372575
v 0.272386989 1.362582364 1.242354075
v 0.421901384 1.615032755 0.336266946
v 0.257870654 1.329949341 1.197193542
v 0.000003566 1.896527089 3.807299768
v 0.178319601 1.803266216 4.228126901
v 0.116057232 2.144173633 2.419979696
v 0.111436648 2.184205684 2.551434242
v 0.190756672 2.073496359 2.312687474
v 0.185019447 2.091883493 2.560926583
v 0.447083566 1.529281343 0.081987256
v 0.203732812 1.165624677 0.577314887
v 0.349935789 1.300298016 0.130311903
v 0.107817191 1.276886168 1.289815782
v 0.243854883 1.478702918 1.358275698
v 0.282744798 1.541373783 1.392218010
v 0.361410239 1.653021790 1.344468656
v 0.270808289 1.473236473 1.296144009
v 0.000003566 2.145277966 2.303770426
v 0.179282222 2.111982343 2.638015901
v 0.190756672 2.073496359 2.312687474
v 0.116519291 2.026672664 2.724309913
v 0.292409519 1.695869888 2.982041363
v 0.000003566 1.894870590 3.274865712
v 0.151250680 1.854452023 4.221223380
v 0.222600197 1.868532262 2.977151369
v 0.223177770 1.657825636 3.668366408
v 0.291254373 1.700011135 2.839368596
v 0.117173873 1.531876524 2.837930363
v 0.000003566 2.028218730 2.763717512
v 0.116519291 2.026672664 2.724309913
v 0.168616374 2.028770896 2.658438817
v 0.000003566 2.028218730 2.763717512
v 0.101309869 2.127277347 2.304345720
v 0.000003566 2.405458684 2.269540468
v 0.081287338 2.461448337 2.332247451
v 0.099538645 2.436600858 2.253144606
v 0.000003566 2.444441618 2.334836271
v 0.000003566 2.589826981 2.260623420
v 0.000003566 2.577071942 2.072790120
v 0.099269111 2.190169079 2.838218009
v 0.208314891 2.061238269 2.413651469
v 0.073085802 2.229648963 2.766306332
v 0.070120927 1.870796143 4.061579457
v 0.075511608 1.872949591 3.934151966
v 0.000003566 2.270122746 2.750773410
v 0.000003566 2.283153868 2.816356860
v 0.000003566 1.910938627 4.054675936
v 0.000003566 2.249029997 2.872447968
v 0.000003566 1.393393239 1.666057675
v 0.154831632 1.869084428 4.312407386
v 0.000003566 1.405430462 1.744297580
v 0.448739275 1.720662151 0.330226365
v 0.544269848 1.600731650 -0.517180836
v 0.133884985 1.484279797 1.755515802
v 0.136387802 1.518238019 2.158796486
v 0.000003566 1.462193148 3.121262370
v 0.071892151 2.130038179 2.879926782
v 0.058607972 2.247980881 2.831026842
v 0.080632755 2.100497286 2.822685087
v 0.000003566 1.996745256 2.787592189
v 0.301419658 1.775933988 2.836204482
v 0.000003566 1.895754056 3.402580850
v 0.000003566 1.908398662 3.937891373
v 0.142625590 1.472849956 1.658866508
v 0.408193651 1.115874502 -0.464253842
v 0.314434302 1.002790862 -0.558889609
v 0.196532402 1.468432627 1.448596764
v 0.201384016 1.240884932 0.855756900
v 0.308158009 1.287432543 0.522374366
v 0.099038081 1.417136386 1.481963783
v 0.091414118 1.411780373 1.454062052
v 0.296260006 1.600179484 1.450610291
v 0.547273228 1.599296018 -0.530124938
v 0.538648138 1.607909811 -0.517756129
v -0.192751794 1.354962470 1.305348704
v -0.361403107 1.653021790 1.344756303
v -0.195447135 1.497807869 1.515330801
v -0.186937559 1.439499117 1.419256800
v -0.282737666 1.541373783 1.392218010
v 0.358945928 1.310623524 0.465707964
v 0.527250697 1.598854285 -0.578161938
v 0.531255203 1.559816134 -0.604625435
v 0.000003566 2.548801032 1.091339553
v -0.107848564 1.276886168 1.289815782
v -0.094256346 1.181858364 1.129308919
v -0.419776484 1.456450620 -0.100093110
v -0.126407910 1.312997839 1.331812201
v 0.101502393 2.203531501 2.612990637
v 0.084367727 2.210157496 2.686340548
v 0.000003566 1.854617673 4.995855964
v 0.000003566 1.851525543 5.098258192
v 0.035697577 1.934847424 6.209437424
v -0.152783743 0.990919289 -0.097504290
v -0.159753124 1.401178782 1.381287435
v -0.187207093 1.757822937 4.527279477
v -0.058908879 1.309850491 1.376397441
v 0.114054979 1.771074926 5.952568914
v 0.069735878 1.910993843 6.221806232
v 0.074086928 1.904367849 6.157085723
v 0.156987905 1.895919706 4.748479795
v 0.157526973 1.912153392 4.877920814
v 0.139660715 1.921043268 4.635722286
v 0.000003566 1.916957238 4.541086519
v 0.363219968 1.935675673 5.371522564
v 0.125606439 1.880182969 5.214467462
v 0.392137122 1.977585088 5.315431456
v 0.392137122 1.977585088 5.315431456
v 0.327679976 1.945890748 5.355126702
v 0.000003566 1.810610026 5.555328810
v 0.214976233 1.893214091 5.340169073
v 0.358791908 1.326746777 0.280175838
v 0.257986169 1.191521273 0.584793701
v 0.238310182 1.219184800 0.733507049
v 0.108471774 0.897879282 -0.606351315
v 0.192874440 0.909861289 -0.599160148
v 0.000003566 0.855638567 -0.604337789
v 0.000003566 0.853319469 -0.678550639
v 0.467144601 1.224154296 -0.491004986
v 0.491826221 1.261922464 -0.574997824
v 0.230301170 1.004171278 -0.329059889
v 0.040433675 2.552279679 0.960460301
v 0.515006150 2.099945120 -0.444406219
v 0.532910913 1.590240492 -0.526385531
v 0.000003566 2.460564871 0.409616856
v 0.048442687 2.538972473 1.089326027
v 0.526596115 1.511556807 -0.671071825
v 0.000003566 2.564703419 0.958734421
v -0.139037506 1.365232762 1.350509237
v -0.077930283 1.345133912 1.409189165
v -0.094525881 1.213166188 1.192303548
v 0.000003566 1.418627234 1.850726862
v 0.159067168 1.522047965 1.859643910
v 0.113554416 1.530882625 2.982904303
v 0.226720217 1.617517503 2.984342537
v 0.000003566 1.569479043 4.139819362
v 0.109318881 1.526575728 3.123563543
v 0.078514988 1.576933287 3.920632571
v 0.087409612 1.648162728 4.240208063
v 0.087101573 1.632370774 4.139244068
v 0.132999373 1.516415870 2.558337763
v 0.011169977 2.489995330 2.547407188
v 0.063074536 2.522904436 2.303770426
v 0.000003566 2.583642719 2.039710749
v 0.097343867 2.400599621 2.217476414
v 0.054564961 2.481988920 2.421130283
v 0.036198140 2.538309874 2.415664996
v 0.042281909 2.559016107 2.280183396
v 0.000003566 2.470448647 2.528710152
v 0.000003566 2.569617698 2.405885008
v 0.000003566 2.467190866 2.418541463
v 0.020988718 2.483038036 2.528710152
v 0.000003566 2.536819025 2.508574882
v 0.000003566 2.516720175 2.540791314
v 0.000003566 2.251956478 2.677135853
v 0.000003566 1.371417024 1.479950256
v 0.000003566 2.078244988 2.831602135
v -0.099916562 1.235970652 1.250120536
v -0.407069879 1.455677587 0.098383118
v -0.047280410 1.214380954 1.264790518
v -0.442532860 1.538226435 0.085439017
v -0.052016508 1.278542667 1.347345123
v 0.061957895 2.458135340 0.401850395
v -0.047973497 1.247345276 1.302759884
v -0.203610166 1.165624677 0.577314887
v 0.601295555 1.946111614 -0.474321477
v 0.586278657 1.975100340 -0.502223207
v 0.570183623 2.028826112 -0.489566752
v 0.599755360 1.921153702 -0.505387321
v 0.606840256 1.894870590 -0.495032040
v 0.532371845 2.039869437 -0.434913878
v 0.494020998 2.103147684 -0.401834506
v 0.627594378 1.835788806 -0.488703812
v 0.620239949 1.789462061 -0.477773237
v 0.616543482 1.728171611 -0.491292632
v 0.000003566 1.463021398 2.984630184
v 0.266688268 1.643634965 2.177781168
v 0.158605109 1.702992832 4.129464080
v 0.000003566 1.551920157 4.042882421
v 0.089950933 1.616413171 4.049498296
v 0.198457646 1.844954765 4.396975518
v 0.475461652 1.210129274 -0.560615489
v 0.375040962 1.052651471 -0.455049147
v 0.491903230 1.279812649 -0.511427902
v 0.361833793 1.367275777 0.380564539
v 0.383589042 1.355956370 0.407603329
v 0.221483556 1.141660664 0.390056880
v 0.519780753 1.575718521 -0.527823764
v 0.000003566 1.949976778 6.053245262
v 0.361718278 1.551975374 1.324333387
v 0.000003566 1.234921537 1.307649878
v 0.296799074 1.419124184 1.272556979
v 0.408925244 1.650371392 1.319155746
v 0.517585976 1.546288062 -0.588229573
v 0.523246191 1.492672723 -0.650648908
v 0.225526567 1.247566143 0.859208660
v 0.210086115 1.303279713 1.023454930
v 0.236538958 1.309519191 1.125569512
v 0.402571941 1.423707164 0.365606910
v 0.412005633 1.517851502 0.347485167
v 0.209470037 1.041939446 -0.099230170
v 0.389788325 1.964664399 5.601352284
v 0.379237992 1.992659226 5.582942894
v 0.000003566 1.370423124 1.512741980
v 0.000003566 1.202840680 1.264502872
v 0.000003566 1.312059156 1.417530920
v 0.291985965 1.249940457 0.644624216
v 0.074086928 1.904367849 6.157085723
v -0.419814989 1.344802612 -0.247655871
v -0.391321388 1.265732411 -0.232122949
v -0.144351177 1.239891032 1.170154751
v -0.435871519 1.428345360 -0.278721715
v -0.238457070 1.415148587 1.257886997
v -0.214044985 1.411835590 1.329798674
v -0.288320872 1.617241420 1.491168477
v -0.388780067 1.759976385 1.489154950
v -0.086131820 1.383564680 1.428749142
v -0.092100074 1.421885015 1.510153160
v -0.270801158 1.473236473 1.296144009
v -0.152860753 1.263192447 1.230272913
v -0.243847751 1.478702918 1.358275698
v -0.216894345 1.041000764 -0.098367230
v 0.016060095 1.886091147 6.345781963
v 0.000003566 1.922037167 6.310976712
v 0.230917248 1.846445613 4.471188369
v 0.000003566 1.873115241 4.883386101
v -0.189247851 1.285555178 1.136787733
v 0.000003566 1.925184515 5.972416537
v 0.257485605 1.232215922 0.750478205
v -0.169533360 1.311451773 1.268817572
v -0.200876321 1.309408758 1.196330602
v -0.218819588 1.367717510 1.217616458
v -0.297022971 1.543416798 1.324908680
v 0.155755749 1.759148136 4.401577866
v 0.174854163 1.759479435 4.482406591
v 0.248552476 1.859311086 5.834058470
v 0.000003566 1.954835840 6.125156938
v 0.056490204 1.889901094 6.301772017
v 0.030345400 1.909226911 6.308100245
v 0.085060815 1.897410555 6.103295789
v 0.108818317 1.856991988 6.019015303
v 0.465950951 1.974327307 4.738699807
v 0.233959132 1.766547163 5.725615661
v 0.054757485 1.920601535 6.075394058
v 0.233959132 1.766547163 5.725615661
v 0.108818317 1.856991988 6.019015303
v 0.063190051 1.888078946 5.998017094
v 0.069735878 1.910993843 6.221806232
v 0.398259396 1.392730639 -0.031633193
v 0.085060815 1.897410555 6.103295789
v 0.248552476 1.859311086 5.834058470
v 0.222523187 1.873612191 5.775090895
v 0.253019041 1.879686019 5.829456123
v 0.244740495 1.843629566 5.790048524
v 0.203848327 1.769860160 5.788610290
v 0.230031636 1.860912368 5.836934937
v 0.234613715 1.883275100 5.826004362
v 0.242045154 1.872066126 5.855056680
v 0.044014628 1.931147910 6.140114567
v 0.230917248 1.846445613 4.471188369
v 0.244740495 1.843629566 5.790048524
v 0.338884892 1.924356266 4.594588807
v 0.146360562 1.828279345 5.724177428
v 0.216246894 1.841696984 5.800979099
v 0.152559845 1.039675565 0.199922406
v 0.139391181 1.021067564 0.031361436
v 0.220443924 1.090640506 0.189567125
v 0.435686126 1.464567463 -0.040550241
v 0.346277827 1.959915769 4.748192149
v 0.225873110 1.815248223 5.671538080
v 0.488091249 2.005524698 4.883386101
v 0.178974183 2.034071691 2.557474823
v 0.260835529 1.101683830 -0.099805463
v 0.225873110 1.815248223 5.671538080
v 0.163071674 1.791725942 5.859946674
v 0.133153393 1.817291238 5.935022465
v 0.069042791 1.837666171 5.811622027
v 0.246550223 1.846445613 4.513472435
v -0.100455630 1.672016308 4.535908878
v 0.268266968 1.908122579 4.513760082
v 0.442116438 1.957927971 4.773792706
v 0.342119301 1.870851360 4.603505855
v 0.427715618 1.189036525 -0.402697446
v 0.301881716 1.203227196 0.000870885
v 0.203848327 1.769860160 5.788610290
v 0.464025707 2.061790435 5.375837265
v 0.146360562 1.828279345 5.724177428
v 0.080401726 1.854396807 5.914887195
v 0.079208075 1.830819310 5.721013314
v 0.427215055 1.419952433 -0.166251853
v 0.408116642 1.452916756 0.097232532
v 0.047942124 1.247345276 1.302759884
v 0.099923693 1.235970652 1.250120536
v 0.047287541 1.214380954 1.264790518
v 0.094533012 1.213166188 1.192303548
v 0.058916011 1.309850491 1.376397441
v 0.094263478 1.181858364 1.129308919
v 0.489900977 2.054115325 5.406040169
v 0.500066262 2.054336191 5.371234918
v 0.502222534 2.026341364 5.381590199
v 0.000003566 1.832807108 5.732231536
v -0.229639456 1.766988896 4.640324633
v -0.172113186 1.674887572 4.968817173
v -0.151089529 1.661414717 4.805433843
v -0.299410273 1.762681999 4.793065035
v 0.116711815 1.947050297 4.538785345
v -0.322551698 1.771240576 5.126447569
v 0.461638406 2.002377351 5.202961594
v 0.429486842 2.051575360 5.314568516
v 0.465142348 2.040145520 5.392520774
v 0.502222534 2.026341364 5.381590199
v 0.353940295 2.000886502 5.592147589
v 0.353632256 1.976370322 5.614008739
v 0.490170511 1.996855689 5.325211444
v 0.488168258 2.036777306 5.312267342
v 0.377197234 2.035672973 5.238342139
v 0.077898910 1.345133912 1.409189165
v 0.159760255 1.401178782 1.380999788
v 0.000003566 1.356342886 1.463842040
v 0.145898503 0.992078838 -0.098654876
v 0.139044637 1.365232762 1.350509237
v 0.288289498 1.617241420 1.491168477
v 0.297030103 1.543416798 1.324621033
v 0.388787199 1.759976385 1.489154950
v 0.238425697 1.415148587 1.257599351
v 0.092068701 1.421885015 1.510440807
v 0.051985135 1.278542667 1.347345123
v 0.389788325 1.964664399 5.601352284
v 0.377351254 1.990892294 5.619186380
v 0.457364365 1.940589952 5.252436827
v 0.457364365 1.940589952 5.252436827
v 0.490170511 1.996855689 5.325211444
v 0.331183919 1.942577750 5.451775996
v 0.434415465 2.017175405 5.354551408
v 0.346701380 1.877643004 5.490033008
v 0.322674344 1.993100959 5.544398236
v 0.331183919 1.942577750 5.451775996
v 0.000003566 1.287156460 1.387615662
v 0.383473527 1.934074391 5.559355864
v 0.195454266 1.497807869 1.515618447
v 0.186944691 1.439499117 1.418969154
v 0.329605220 1.955001490 5.580066427
v 0.392137122 1.977585088 5.315431456
v 0.214052116 1.411835590 1.329798674
v 0.152867884 1.263192447 1.230272913
v 0.419167538 1.334256238 -0.254847039
v 0.279317865 1.068332991 -0.206234745
v 0.377697797 1.699017236 1.383013315
v 0.439036049 1.404933512 -0.285625236
v 0.324368558 1.122113980 -0.212850619
v 0.365260726 1.177606684 -0.221192374
v 0.366069328 1.727674662 1.424722088
v 0.383473527 1.934074391 5.559355864
v 0.169540491 1.311451773 1.268817572
v 0.160953906 0.976121234 -0.207385332
v 0.362911929 1.978468554 5.525701200
v 0.291947461 1.900447469 5.551589403
v 0.269345104 1.950528944 5.484280074
v 0.346701380 1.877643004 5.490033008
v 0.253943158 1.873722624 5.781419123
v 0.000003566 1.893821474 6.347795490
v 0.000003566 1.853955074 5.815649081
v -0.114240372 1.672678907 4.657008142
v 0.499450184 1.986530181 5.052522365
v -0.465173722 1.775216172 1.338428075
v 0.180052320 1.880569485 4.394961992
v 0.381663799 1.885042031 5.370659624
v 0.438034923 1.912815992 4.759985664
v 0.515506713 1.937387388 4.909561952
v 0.466913572 1.947105513 4.747616855
v 0.587125764 2.072668109 5.136515204
v 0.131613198 1.894704940 4.399276692
v 0.609689616 2.070072928 5.137953438
v -0.150704480 1.609842393 5.284365612
v -0.355319339 1.787474262 4.980035395
v -0.170418972 1.630438192 5.112065234
v 0.588280910 2.052348393 5.143706372
v 0.331183919 1.942577750 5.451775996
v 0.363219968 1.935675673 5.371522564
v 0.000003566 1.869194861 4.639174046
v 0.288289498 1.617241420 1.491168477
v 0.296260006 2.289945513 1.623485963
v 0.252826517 1.589633109 1.647648286
v 0.160992411 1.490408842 1.563943094
v 0.231186782 2.387513282 1.519070208
v 0.162609615 2.430030080 1.466430860
v 0.583236773 2.063281284 5.024620635
v 0.600872001 2.033906041 5.029222982
v 0.401994368 1.475113838 0.214592388
v 0.373192728 1.402724848 0.242781766
v 0.207968348 1.200742448 0.733507049
v 0.323790985 1.275892269 0.332815185
v 0.512926887 1.526189212 -0.563491956
v 0.282783302 1.226528610 0.610681905
v 0.337768251 1.321004249 0.434354473
v 0.516276811 1.463352697 -0.573271944
v 0.000003566 1.370423124 1.512741980
v 0.513350441 1.376828252 -0.609803076
v 0.519357200 1.427793194 -0.615843657
v 0.107971210 2.525886134 1.522234322
v 0.331530463 1.092793954 -0.306911093
v 0.330914385 1.016871101 -0.395793925
v 0.368687659 1.064246961 -0.385150997
v 0.101540898 0.893793252 -0.321581075
v 0.367339988 1.145525827 -0.310650500
v 0.404304660 1.119960532 -0.389465698
v -0.008082456 0.961544046 0.013814986
v 0.075896657 0.985121543 0.214592388
v 0.076474230 1.081805847 0.602915444
v 0.000003566 1.142764996 1.162100644
v 0.043129016 1.155464819 1.156060063
v 0.168308336 1.208362342 0.875892169
v 0.269229590 1.609511093 1.561066627
v 0.230532199 2.387513282 1.612267741
v 0.375811059 1.855611572 1.675262370
v 0.195454266 1.497807869 1.515618447
v 0.359407986 1.755835138 1.569983675
v 0.279895438 2.327934548 1.539780771
v 0.230532199 2.387513282 1.612267741
v 0.034696450 2.186359132 3.109756501
v 0.000003566 2.106957631 2.897760878
v 0.418512955 1.879741236 1.558765453
v -0.350929784 1.782063033 -1.062271347
v 0.218133632 2.393421460 1.706903508
v 0.210009106 2.377629507 1.806716916
v 0.199766811 1.604983330 3.261921610
v 0.089065321 1.675771038 4.413659028
v 0.087525126 1.666494646 4.334268536
v 0.217479050 1.611664541 3.126440011
v -0.524163177 2.022917934 -0.769159352
v -0.510339930 2.024408783 -0.825538107
v -0.540373725 1.980290703 -0.729464106
v 0.334071784 1.721379967 2.309235714
v 0.375811059 1.855611572 1.675262370
v -0.306764702 1.662132533 -1.033219030
v -0.310923228 1.673728023 -1.034657263
v -0.358707767 1.494936605 -0.919310933
v -0.316698958 1.577706319 -0.969936754
v 0.270307726 1.746613963 3.261921610
v 0.000003566 1.860912368 6.380299568
v 0.064961275 2.187739547 3.014257795
v 0.000003566 2.231305461 3.005340747
v 0.028805206 2.222857318 3.006203687
v 0.031962605 2.168082430 3.011381327
v 0.000003566 1.393393239 1.666057675
v 0.081556872 2.499437373 1.452336172
v 0.132306286 2.462718320 1.393943890
v 0.092068701 1.421885015 1.510440807
v 0.516238306 1.400516183 -0.549972561
v 0.505764982 1.339280950 -0.534151992
v -0.000150454 0.903953111 -0.230972362
v 0.428293191 1.294500271 -0.360413380
v 0.000003566 2.132799010 2.926525549
v 0.000003566 2.208500997 3.127015304
v 0.234344181 2.303584018 1.744872873
v 0.144974387 1.750423910 4.323337961
v 0.237655599 1.619781384 2.563227757
v 0.319747974 1.715858305 1.763857556
v -0.029760696 1.875103040 6.342042556
v 0.180706902 1.677427537 3.932138439
v 0.297877210 1.703379349 2.568980691
v 0.234459696 1.622707865 2.699859943
v 0.163148683 1.693606007 4.059278284
v 0.209970601 2.374703026 1.887257994
v 0.018639921 2.175757541 3.143986460
v 0.000003566 2.168524163 3.159231735
v 0.196840441 2.389390647 1.990810808
v 0.000003566 2.187629114 3.152040568
v 0.083520620 2.517106691 2.197628791
v 0.110435522 2.451674995 2.163398833
v 0.147785242 2.473043828 1.947951449
v 0.124412788 2.481271104 2.030793701
v 0.165690005 2.479448956 1.756666388
v 0.131690208 2.439748205 2.136935336
v 0.160876896 2.458356207 1.676125310
v 0.339192931 1.734190223 1.661455328
v 0.272810542 1.669918076 3.263359843
v 0.318900867 1.709508394 2.437526146
v 0.298878336 1.771516659 3.124138837
v 0.029652313 1.875158256 6.342042556
v -0.203879700 1.769915377 5.788322644
v 0.000003566 1.860912368 6.380299568
v 0.000003566 1.955995389 6.196780969
v 0.000003566 1.887416346 5.895614866
v -0.327518825 1.532097390 -0.964183820
v -0.359670389 1.474561671 -0.915283880
v -0.155787122 1.759148136 4.401577866
v -0.230871611 1.846335180 4.471188369
v -0.198412009 1.844899548 4.396975518
v 0.044322667 2.223630351 2.869283854
v 0.055104029 2.150689195 2.912718507
v 0.000003566 2.162395118 3.109756501
v 0.225218528 2.266809749 1.844398634
v 0.141816988 1.625082180 3.925522565
v 0.295181869 1.704262815 2.701298177
v 0.372076087 1.842580450 1.770473430
v -0.029760696 1.875103040 6.342042556
v 0.175508745 1.257891651 1.063725470
v 0.142972134 1.214822687 1.100544248
v 0.000003566 1.179484049 1.215027638
v 0.439767642 1.556668787 0.205387694
v 0.441500361 1.646506229 0.281038778
v 0.044592201 1.193564288 1.208124117
v 0.422247928 1.594492172 0.284778185
v 0.000080576 1.042767696 0.384879239
v -0.545533377 2.012978942 -0.632527166
v -0.331561836 1.769694510 -1.049614892
v -0.473221239 1.441873432 -0.807416364
v -0.409919239 1.888189379 1.393656243
v -0.416811610 1.894870590 1.431337962
v -0.306764702 1.662132533 -1.033219030
v -0.422433320 1.828831511 1.409476812
v -0.500944742 1.478813351 -0.742120562
v -0.505911870 1.453413706 -0.722272939
v -0.262715136 1.302727547 -0.829565161
v -0.430480837 1.454021088 -0.859768065
v -0.424320059 1.863231466 1.479374962
v -0.361903671 1.329452392 -0.015237331
v 0.000003566 2.162119035 3.012531914
v 0.000003566 2.162174252 3.142548226
v 0.095534139 1.677372320 4.493624812
v 0.246550223 1.846445613 4.513472435
v -0.419044892 1.860746718 1.356549818
v -0.431790003 1.799566702 1.371507447
v -0.433522722 1.990837077 1.421557974
v -0.409418676 1.973057325 1.643621232
v 0.515506713 1.937387388 4.909561952
v 0.193567528 1.726846412 5.792062051
v 0.577807587 2.042409401 5.126735216
v 0.221907109 1.916460289 4.533032411
v 0.149248427 1.906907813 4.992116557
v 0.141431939 1.902159184 5.104874066
v 0.249707622 1.864004499 5.601927577
v 0.382279876 1.427848410 0.331952245
v 0.274196717 0.974243869 -0.423408009
v 0.198804189 0.935150502 -0.422545069
v 0.329258676 1.002183479 -0.478636177
v 0.522283570 1.472408223 -0.629363052
v 0.297569171 1.215430069 0.407315683
v -0.427400448 1.426026262 -0.854015131
v -0.360170952 1.173244571 -0.731477633
v -0.473221239 1.421885015 -0.792746382
v -0.328943505 1.196435552 -0.792458735
v -0.365253594 1.421498499 -0.877314514
v -0.295136233 1.244142712 -0.834742801
v -0.364406487 1.393558889 -0.854302778
v -0.359824408 1.365011896 0.128873669
v -0.435601984 1.929270545 1.448021471
v 0.000003566 1.795756755 6.122568118
v 0.000003566 1.929215328 4.403016099
v -0.016052963 1.886091147 6.345781963
v -0.499481557 1.986530181 5.052522365
v -0.056329053 1.889845877 6.301484370
v -0.499481557 1.986530181 5.052522365
v -0.093601764 1.679746635 4.493337166
v -0.088172578 1.676875371 4.413371381
v 0.203848327 1.769860160 5.788610290
v 0.054449446 2.555040510 2.177205875
v 0.055912631 2.544659785 2.091487156
v 0.000003566 2.590600014 2.165987653
v 0.000003566 2.554046611 1.820811604
v 0.000003566 2.555923976 1.726463484
v 0.000003566 2.569231181 1.900202096
v 0.095803673 2.538696390 1.826276892
v 0.088372234 2.537923357 1.995700803
v 0.079362095 2.549353198 2.063873072
v 0.094340488 2.532732995 1.919762072
v 0.107971210 2.525886134 1.522234322
v 0.086716524 2.507885516 2.122265354
v 0.093377866 2.535990776 1.731353478
v 0.091260098 2.513186311 2.097815384
v 0.091144584 2.519922739 1.639018885
v 0.255945411 1.628008661 2.308372774
v 0.244933019 1.620278334 2.434649678
v 0.210856213 1.836948355 3.124138837
v 0.155755749 1.759148136 4.401577866
v 0.187522264 1.809284828 3.261346316
v 0.167384219 2.449079814 1.577750136
v -0.534752015 1.983879783 -0.785842861
v 0.174161075 2.400710054 2.078255408
v 0.158643614 2.471663412 1.854466269
v 0.298339268 1.685599597 3.125864717
v -0.349967162 1.300298016 0.131174843
v -0.351969415 1.232271139 -0.123967787
v -0.421432194 1.935565240 1.408901519
v -0.435601984 1.929270545 1.448021471
v -0.433522722 1.990837077 1.421557974
v -0.437296199 2.070901178 1.456938519
v -0.398714323 1.173355004 -0.626486585
v -0.141386303 1.158888250 -0.851138664
v -0.101572271 1.119739665 -0.854015131
v -0.325093019 1.515256321 -0.957280299
v -0.342073665 1.413657739 -0.887382149
v -0.486505417 1.376993902 -0.658990663
v -0.363135826 1.453965872 -0.903490365
v -0.021251120 0.865743209 -1.238023486
v -0.020750557 0.960936664 -1.569967786
v -0.028066482 0.920628530 -1.453758516
v -0.175386099 1.759092919 4.482406591
v -0.074041292 1.904312632 6.157085723
v -0.043930486 1.931092693 6.140114567
v -0.063259929 1.888134162 5.998017094
v -0.069805756 1.910938627 6.221806232
v 0.371382999 1.046688076 -0.547959034
v -0.540335220 2.033629958 -0.717958238
v 0.424327190 1.863231466 1.479374962
v 0.000003566 2.545156735 1.225670566
v 0.000003566 2.545156735 1.357700405
v -0.550115456 1.968750429 -0.643745387
v 0.388787199 1.759976385 1.489154950
v -0.368372488 1.895588406 -1.032643736
v -0.503563073 1.970793444 -0.972525574
v -0.522622982 1.992604009 -0.925639161
v -0.532672752 2.010604627 -0.845673376
v -0.459243972 1.938215637 -1.023726688
v -0.402911353 1.894815373 -1.051628419
v -0.414847862 1.955829739 -0.988058497
v -0.496401168 1.993597908 -0.902915071
v -0.463402498 1.981008519 -0.958143239
v 0.126068497 0.896001917 -0.430599177
v 0.577807587 2.042409401 5.126735216
v 0.615657870 2.041084202 5.120694635
v -0.310923228 1.673728023 -1.034657263
v 0.069812888 2.517658857 1.227396446
v 0.170387598 1.630438192 5.112065234
v 0.172120317 1.674832356 4.968817173
v 0.322520324 1.771240576 5.126447569
v 0.229762102 1.766823246 4.640324633
v -0.471026461 1.935178723 5.116379934
v 0.188253856 1.756829038 4.527279477
v -0.032186502 2.551948379 0.835621630
v -0.091329977 2.532512129 1.089901320
v -0.463556517 1.750092610 0.306351688
v -0.080240575 2.545267168 1.028920218
v -0.059794491 2.552776628 0.963049122
v -0.043352913 2.554874860 0.885384511
v -0.465058207 1.716962637 0.277299371
v 0.114170494 1.672789341 4.657008142
v -0.484811203 1.778529170 0.321309317
v -0.446152318 1.808125278 1.346482183
v 0.000003566 1.609566310 4.534470645
v 0.000003566 1.609455876 4.659596963
v 0.000003566 1.610781075 4.499090100
v 0.499450184 1.986530181 5.052522365
v 0.000003566 1.608903710 4.419411962
v 0.150673107 1.609842393 5.284365612
v 0.355326470 1.787474262 4.980035395
v 0.101425383 1.670635892 4.535908878
v 0.150981146 1.661580367 4.805433843
v 0.299455909 1.762626783 4.793065035
v 0.270962309 1.814475190 5.591859942
v 0.186482632 1.725962947 5.642773410
v 0.233959132 1.766547163 5.725615661
v 0.342119301 1.870851360 4.603505855
v 0.000003566 1.544189830 5.286091492
v 0.000003566 1.618456186 5.647088110
v 0.346701380 1.877643004 5.490033008
v 0.086909049 1.824800698 6.027644705
v 0.000003566 1.733196324 6.035986459
v 0.000003566 1.692501674 5.947391273
v 0.240081406 1.742748799 5.486868894
v 0.000003566 1.853844641 6.345781963
v 0.127454673 1.634469006 5.472774205
v 0.075396094 1.857544154 6.110486956
v 0.307002863 1.754344290 5.272284450
v 0.084945300 2.513131095 1.360001578
v 0.163071674 1.791725942 5.859946674
v 0.000003566 1.837942254 6.240790915
v 0.133153393 1.817291238 5.935022465
v 0.056490204 1.889901094 6.301772017
v 0.000003566 1.599792968 4.829596167
v 0.000003566 1.560644383 5.095381725
v 0.000003566 1.592670024 4.969967760
v 0.000003566 1.560699600 5.477951846
v 0.438034923 1.912815992 4.759985664
v 0.106315501 1.668592877 5.640184589
v 0.457364365 1.940589952 5.252436827
v 0.101887442 1.701225900 5.789760877
v 0.161531479 1.746613963 5.871740189
v 0.000003566 1.823254633 6.180385106
v 0.094879556 1.719944335 5.870877249
v 0.142625590 1.472849956 1.658866508
v 0.231186782 2.387513282 1.519070208
v 0.230532199 2.387513282 1.612267741
v 0.339192931 1.734190223 1.661455328
v 0.000003566 1.848930361 6.310689065
v 0.066693994 1.868477045 6.167728651
v 0.029652313 1.875158256 6.342042556
v 0.088256719 2.176530573 2.904664399
v 0.100578276 1.436627853 1.576311903
v 0.593325048 2.004254716 5.057700006
v 0.559864319 1.974272091 5.018004760
v 0.337614232 1.988241896 4.887988449
v 0.515506713 1.937387388 4.909561952
v 0.269961182 1.949148528 4.624216418
v 0.461638406 2.002377351 5.202961594
v 0.347394468 1.898956620 4.595164100
v 0.000003566 1.389583292 1.580051310
v 0.167384219 2.449079814 1.577750136
v 0.557014959 2.026783097 5.088765851
v 0.529522484 2.013475892 5.060576473
v 0.431797134 2.021095785 5.116955228
v 0.499450184 1.986530181 5.052522365
v 0.480736819 1.992714442 5.126447569
v 0.000003566 2.528757398 1.444282064
v 0.084945300 2.513131095 1.360001578
v 0.000003566 2.522131404 1.536329010
v 0.501028884 1.372687006 -0.483526171
v 0.477117362 1.311286123 -0.460802081
v 0.446390479 1.351042090 -0.374795716
v 0.000003566 2.545156735 1.357700405
v 0.491364162 1.463683997 -0.481800291
v 0.461638406 2.002377351 5.202961594
v 0.540303847 2.043127217 4.956160718
v 0.480736819 1.992714442 5.126447569
v 0.488091249 2.005524698 4.883386101
v 0.505110399 1.924687565 4.990678323
v 0.505110399 1.924687565 4.990678323
v 0.478888586 2.034568641 5.001321251
v 0.529522484 2.013475892 5.060576473
v 0.599870875 2.063170851 5.148884012
v 0.611037286 2.069796845 5.117818168
v 0.575882343 2.073551575 5.111202294
v 0.499450184 1.986530181 5.052522365
v 0.377197234 2.035672973 5.238342139
v 0.547542762 2.065766032 5.064603527
v 0.510616595 2.053673592 5.018580054
v 0.089450370 1.918668954 4.475215423
v 0.588280910 2.052348393 5.143706372
v 0.178512125 1.909171695 4.472051309
v 0.557014959 2.026783097 5.088765851
v 0.494136513 1.440272150 -0.507688495
v 0.463255610 1.422878914 -0.402697446
v 0.449778907 1.256290369 -0.431174470
v 0.081556872 0.936751784 -0.219754140
v 0.043052006 0.855859434 -0.451597387
v 0.000003566 0.880762130 -0.302596392
v 0.036968237 0.863148028 -0.368755135
v 0.000003566 0.854479018 -0.362426907
v 0.283206856 1.051160622 -0.308924620
v 0.170541618 0.957347583 -0.329635183
v 0.111167114 1.843574349 5.569135852
v 0.000003566 1.930927043 4.475790716
v 0.000003566 1.683446148 5.855056680
v 0.069581859 1.922147601 4.400139632
v 0.000003566 1.664120331 5.765598554
v 0.318284789 1.985591498 5.008224772
v 0.000003566 1.870464844 4.758259783
v 0.478888586 2.034568641 5.001321251
v 0.000003566 1.813536507 5.468747151
v 0.252749507 1.943406000 5.224535097
v 0.291947461 1.900447469 5.551589403
v 0.171273210 1.888741545 5.461843630
v 0.114286008 1.899232703 5.332402612
v -0.003923931 0.982195063 0.218619442
v 0.066886518 0.970544356 0.023882621
v 0.269345104 1.950528944 5.484280074
v 0.000003566 1.826733280 5.343333187
v 0.078399473 0.956353684 -0.112174272
v -0.002422241 0.929518406 -0.130296014
v 0.075011045 1.031448288 0.408466269
v 0.000119080 1.085063627 0.593135456
v 0.052408689 1.094008720 0.961610888
v 0.000042071 1.085615794 0.967363822
v 0.000080576 1.081253681 0.781544049
v 0.150942641 1.158225650 0.747889384
v 0.115556669 1.154470920 0.916162708
v 0.000003566 1.845175631 5.215905695
v 0.067810635 1.102843379 0.771188768
v 0.412737226 1.493666622 0.284202892
v 0.249707622 1.864004499 5.601927577
v 0.291947461 1.900447469 5.551589403
v 0.205273007 1.864391015 5.578628194
v 0.099461635 1.836672272 5.463281864
v 0.065192304 1.872121342 6.228134460
v 0.198457646 1.844954765 4.396975518
v 0.089065321 1.675771038 4.413659028
v 0.470995088 1.935178723 5.116379934
v 0.230878743 1.897024038 4.468024255
v 0.198457646 1.844954765 4.396975518
v 0.611884393 2.051464927 5.142843432
v 0.570992225 2.006021648 4.968529527
v 0.288867071 1.970627794 5.114078761
v -0.225480930 1.247566143 0.859208660
v -0.402564809 1.423707164 0.366469850
v -0.257401464 1.232215922 0.750478205
v -0.383581910 1.355956370 0.408178623
v 0.000003566 2.484970618 0.543947869
v 0.555513269 1.622266132 -0.516893189
v 0.052870747 2.486847983 0.545961396
v 0.594249164 1.927503613 -0.522646124
v -0.221360909 1.141660664 0.390056880
v -0.525857391 1.540379884 -0.584202519
v -0.396095992 1.397258402 -0.029907313
v -0.529553858 1.484997613 -0.648060088
v -0.149857373 1.019908015 0.031936729
v -0.427592972 1.478426835 -0.036810834
v -0.156018152 1.039454698 0.199922406
v -0.457357234 1.940589952 5.252436827
v -0.221707453 1.090364423 0.189854771
v -0.438605364 1.170097224 -0.522070830
v -0.150742985 1.075787235 0.403000982
v -0.527936653 1.575939387 -0.540192573
v -0.216547801 1.061486130 0.030210849
v -0.315967365 1.232105489 0.157350694
v -0.404451548 1.366889261 -0.155608924
v -0.277038946 1.159661282 0.177773610
v -0.344653491 1.265787628 -0.007758517
v -0.107348001 1.666605079 5.640472236
v -0.438258820 1.912705559 4.759985664
v -0.306995732 1.754344290 5.272284450
v -0.515499582 1.937387388 4.909561952
v -0.186398491 1.726073380 5.642773410
v -0.233990506 1.766547163 5.725615661
v -0.240112779 1.742748799 5.486868894
v -0.304993479 1.203116763 0.001733825
v -0.270955177 1.814475190 5.591859942
v -0.163295571 2.450901963 1.336414548
v -0.112392138 2.498940423 1.198919422
v 0.589436056 1.668537661 -0.503661441
v -0.531055548 1.559760918 -0.604337789
v 0.612808510 1.680740534 -0.495319686
v 0.027765574 2.518431890 0.689209456
v 0.000003566 2.553715311 0.833320457
v 0.019410018 2.560838255 0.839648684
v -0.288089842 2.332351878 1.492894357
v -0.231025631 2.387402849 1.519070208
v -0.127293522 1.634910739 5.472774205
v 0.612692995 1.681071834 -0.472883243
v 0.500066262 1.516581520 -0.522358477
v 0.538648138 1.607909811 -0.517756129
v -0.517039776 1.570914675 -0.518331423
v -0.149857373 1.127469992 0.592272516
v -0.577415406 2.033629958 -0.406149207
v -0.269723021 1.119077066 0.019280274
v -0.361711146 1.551975374 1.324621033
v -0.408956617 1.650371392 1.319155746
v -0.236531827 1.309519191 1.125569512
v -0.526781507 1.598964718 -0.578161938
v -0.210078984 1.303279713 1.023454930
v -0.411998502 1.517851502 0.348923401
v -0.534597995 1.598467769 -0.510277315
v -0.546573009 1.599296018 -0.530124938
v 0.538263089 1.607191995 -0.475759710
v 0.629904670 1.827616746 -0.478923824
v 0.570799701 1.982665017 -0.553711968
v 0.000003566 2.518431890 0.694099450
v 0.561211989 1.616468387 -0.515742603
v 0.132306286 2.462718320 1.393943890
v -0.426399321 1.182852263 -0.458788554
v -0.384621542 1.292125956 -0.139788356
v -0.423858000 1.198920300 -0.387739818
v -0.267874788 1.101186881 -0.098942523
v 0.582158636 1.950142428 -0.546520800
v 0.609420082 1.880348619 -0.498483800
v 0.628595505 1.786811663 -0.480649704
v -0.291901824 1.249940457 0.644624216
v -0.257863523 1.329949341 1.197193542
v -0.272379857 1.362582364 1.242354075
v -0.296830447 1.419124184 1.272844626
v -0.315197268 1.483341114 1.293267542
v 0.577268518 1.649653576 -0.497620860
v 0.545733033 1.590295709 -0.550547854
v 0.544269848 1.600731650 -0.517180836
v 0.567950341 1.635959854 -0.512578489
v 0.593941125 1.647997078 -0.501935561
v 0.617313579 1.860084119 -0.472307950
v 0.552779424 1.625247830 -0.511140255
v 0.506265545 1.502832581 -0.536453165
v 0.601064526 1.652580057 -0.477197944
v 0.632368982 1.766491946 -0.466842662
v 0.469839942 1.635683771 0.208839454
v 0.617891152 1.693495573 -0.472595596
v 0.143395687 1.817401671 4.062442397
v 0.337152173 1.986419747 2.202806432
v 0.137773977 1.510894208 2.295428672
v 0.000003566 1.439609550 2.680299967
v 0.134501063 1.513323739 2.424006750
v 0.188677410 1.831702776 4.319598554
v 0.000003566 1.527790494 3.924371978
v 0.000003566 1.500126967 3.652833486
v 0.085176330 1.543637664 3.660024653
v 0.081287338 1.556116621 3.786876851
v 0.194491644 1.774940089 4.063592984
v 0.159837265 1.597308220 3.666065234
v 0.146938135 1.608848494 3.794930959
v 0.000003566 1.510397258 3.790616259
v 0.000003566 1.587921394 4.243947470
v 0.124297274 1.526520512 2.696120536
v 0.231456316 1.591400041 1.756954035
v 0.252826517 1.589633109 1.647648286
v 0.000003566 1.424424980 2.549420715
v 0.303152377 1.886256797 2.699572296
v -0.210425527 1.234093287 -0.858617478
v -0.235761729 1.274843154 -0.841358676
v -0.436988160 1.316586919 -0.741545268
v -0.321820105 1.346348678 -0.833592215
v -0.167377087 1.015766768 -2.407594999
v -0.135687582 0.999864381 -2.394075604
v -0.132722708 1.005386043 -2.477780796
v -0.156095161 0.910689538 -2.246800490
v -0.493359284 1.412663839 -0.674811232
v -0.344191432 1.323930730 -0.816908706
v -0.166260446 0.932720970 -0.696384735
v -0.394940846 1.336464902 -0.794472262
v -0.467252984 1.414872504 -0.772898759
v -0.364059943 1.357612868 -0.827839280
v -0.241460450 2.379838172 1.452623818
v -0.196948824 2.419483705 1.394806830
v -0.132222144 2.462663103 1.393943890
v -0.337414576 2.233072393 1.584078364
v -0.289244988 1.002459562 -0.638855393
v -0.178466489 1.197981617 -0.856028658
v -0.421047145 2.078797154 1.548985465
v -0.382811813 2.071011611 1.662605915
v -0.390512786 2.159744721 1.578900723
v -0.337491586 2.181886586 1.665194735
v -0.422664349 1.438229135 -0.162224799
v -0.315851851 2.301264920 1.504400226
v -0.162525474 2.429974863 1.466430860
v -0.341958150 2.265981499 1.512166687
v -0.342112170 1.870961793 4.603505855
v -0.381887696 2.210047062 1.510728453
v -0.246158043 1.846445613 4.513472435
v -0.241460450 2.379838172 1.452623818
v -0.594704091 1.695538588 -0.446707393
v -0.597206908 1.850476427 -0.394643339
v -0.421701728 1.417964635 -0.838769855
v -0.477841823 1.331771490 -0.648060088
v -0.102573398 0.964801827 -2.437510257
v -0.065454707 0.906161776 -2.478356089
v -0.020481023 0.953427203 -1.740829931
v -0.332948011 1.468156543 -0.925639161
v -0.052902120 2.486847983 0.545961396
v -0.253242939 1.001244797 -2.207105244
v -0.170881030 0.918972032 -2.225226986
v -0.259596241 1.019466282 -2.231842861
v -0.462670905 1.282683914 -0.636841866
v -0.293133980 1.645788413 -1.019987281
v -0.085977800 0.919745064 -0.818346939
v -0.053094645 1.057179234 -0.845673376
v -0.090367355 0.954200236 -0.822661640
v -0.111352507 0.930843605 -0.838482209
v -0.114971964 0.950832022 -0.818634586
v -0.362404234 1.113389754 -0.626486585
v -0.319548318 1.287598193 -0.821223406
v -0.340764499 1.383509464 -0.861206298
v -0.502292413 1.442977764 -0.696384735
v -0.323398805 1.057234450 -0.627924819
v -0.112815692 0.963697495 -2.383720322
v -0.121556297 0.993624903 -2.457645526
v -0.077237196 0.928524507 -2.489861958
v -0.109465769 0.982802445 -2.476630209
v -0.125445288 1.067394309 -1.671507074
v -0.231526194 1.032939137 -2.288796909
v -0.416542076 1.986088448 1.498647292
v -0.408494559 2.143731901 1.495483178
v -0.305879091 1.170373307 -0.108147218
v -0.146699974 1.022227113 -2.468576101
v -0.121055733 1.021288430 -2.517188395
v -0.152360189 1.001907396 -2.423990862
v -0.093139705 0.901302713 -0.692645328
v -0.035921474 0.875903067 -0.677975346
v -0.294828194 1.327133294 -0.831866334
v -0.229908990 0.969992189 -0.672222412
v -0.432714120 1.229675958 -0.629650699
v -0.184319228 0.935481801 -2.251402837
v -0.102303863 0.894345419 -2.298289250
v -0.206806070 1.024435778 -2.340285670
v -0.161909396 1.019466282 -2.449879065
v -0.090405860 0.965685293 -2.497916065
v -0.087710519 0.935481801 -2.471164922
v -0.083205450 0.870933571 -2.282756328
v -0.179929674 0.987330208 -2.325040394
v -0.173537866 1.031227422 -2.435496730
v -0.077814769 0.918916815 -2.455631999
v -0.004385989 0.954586752 -1.720119368
v -0.116704683 1.002735646 -2.495614892
v -0.203879700 1.769915377 5.788322644
v -0.253936026 1.873722624 5.781419123
v -0.108888196 1.857047205 6.019015303
v -0.030415278 1.909392561 6.308387891
v -0.248429830 1.859421519 5.834058470
v -0.242038023 1.872066126 5.854769033
v -0.248429830 1.859421519 5.834058470
v -0.230024504 1.860857151 5.836934937
v -0.233990506 1.766547163 5.725615661
v -0.216278267 1.841752201 5.800979099
v -0.146353430 1.828224129 5.724177428
v -0.244771868 1.843574349 5.790048524
v -0.233990506 1.766547163 5.725615661
v -0.244771868 1.843574349 5.790048524
v -0.234606583 1.883275100 5.826004362
v -0.252819385 1.879575586 5.829456123
v -0.054750354 1.920546319 6.075394058
v -0.085053683 1.897410555 6.103295789
v -0.036152503 1.935510023 6.209725071
v -0.225865979 1.815248223 5.671538080
v -0.593317916 2.002543001 5.057700006
v -0.488084117 2.005524698 4.883386101
v -0.540296715 2.043127217 4.956160718
v -0.557046332 2.026783097 5.088765851
v -0.249700491 1.864004499 5.601927577
v -0.141463312 1.902159184 5.104874066
v -0.291940329 1.900447469 5.551301757
v -0.327672845 1.945890748 5.355126702
v -0.611877261 2.049697995 5.142555785
v -0.588273779 2.051796227 5.143706372
v -0.577838960 2.042133318 5.126447569
v -0.575875212 2.073551575 5.111202294
v -0.529515353 2.013475892 5.060576473
v -0.583152631 2.062949984 5.024620635
v -0.499481557 1.986530181 5.052522365
v -0.559857187 1.973996008 5.018004760
v -0.600864870 2.032359976 5.029222982
v -0.515499582 1.937387388 4.909561952
v -0.337568595 1.988352329 4.887988449
v -0.570985094 2.005579915 4.968529527
v -0.269954050 1.948982878 4.624216418
v -0.505103268 1.924687565 4.990678323
v -0.346193685 1.960688802 4.747904502
v -0.339262809 1.925129298 4.594013513
v 0.106045967 2.220317354 2.052942497
v 0.202462152 2.255821641 1.933281467
v 0.000003566 2.262778935 2.100691851
v 0.120446787 2.332848827 2.130319462
v 0.079131066 2.130093395 2.193314091
v 0.175932299 2.337928756 2.009507844
v 0.000003566 2.188457363 2.107883019
v 0.157295944 2.094754758 2.189862330
v 0.167461228 2.170180662 2.036258988
v 0.000003566 2.214906125 2.092925390
v -0.505103268 1.924687565 4.990678323
v 0.108741308 2.278515672 2.063297779
v 0.163341208 2.450957179 1.336414548
v 0.112399270 2.498940423 1.198919422
v 0.421439325 1.935565240 1.408901519
v 0.433529853 1.990837077 1.421845621
v 0.342080796 2.266091933 1.511879040
v 0.422440452 1.828831511 1.409476812
v 0.419013519 1.860746718 1.356549818
v 0.435609116 1.929270545 1.448021471
v 0.382010342 2.210157496 1.510728453
v 0.409387302 1.973057325 1.643621232
v 0.288250993 2.332462311 1.492894357
v 0.231186782 2.387513282 1.519070208
v -0.549268349 1.615253622 -0.504236734
v -0.550346485 1.609235010 -0.494169099
v -0.543531124 1.600731650 -0.517180836
v -0.553311360 1.620388767 -0.503661441
v -0.537370346 1.607191995 -0.475759710
v -0.618538603 1.849703394 -0.461089728
v -0.027758443 2.518431890 0.689209456
v -0.019441392 2.560838255 0.839648684
v -0.618115050 1.699458968 -0.472020303
v -0.040426544 2.552279679 0.960460301
v -0.594049508 1.945117715 -0.396081572
v -0.061950764 2.458135340 0.401850395
v -0.048435556 2.538972473 1.089326027
v -0.424320059 1.863231466 1.479374962
v -0.359439359 1.755835138 1.569983675
v -0.388202494 1.222829097 -0.734066454
v -0.449194202 1.353526838 -0.754489370
v 0.331645978 1.674224973 -1.042136078
v 0.542652644 2.002763867 -0.847974550
v 0.375194981 1.777645704 -1.069462515
v 0.524362832 1.994150074 -0.927077395
v 0.361987812 1.791339426 -1.053641946
v 0.504109273 2.030096095 -0.911832119
v 0.525864522 2.043789817 -0.842796909
v 0.484895345 2.009665945 -0.964759113
v -0.207884206 1.200742448 0.733507049
v 0.428293191 1.455511937 -0.856028658
v -0.043160389 1.155464819 1.156060063
v -0.439298452 1.557828336 0.207401221
v -0.373185597 1.402724848 0.243644706
v -0.401987236 1.475113838 0.215742975
v -0.403026868 1.220233915 -0.323019308
v -0.257902027 1.191521273 0.584793701
v -0.067687989 1.102843379 0.771188768
v -0.084437606 0.955580651 -0.111598978
v -0.398021235 1.126696960 -0.379685710
v -0.323283290 1.018582816 -0.390328638
v -0.375803927 1.855611572 1.675262370
v -0.100571144 1.436627853 1.576311903
v -0.092100074 1.421885015 1.510153160
v -0.167261573 2.449024598 1.577750136
v -0.269260963 1.609511093 1.560778980
v -0.252819385 1.589633109 1.647360639
v -0.231025631 2.387402849 1.519070208
v -0.288320872 1.617241420 1.491168477
v -0.230371048 2.387347632 1.612267741
v -0.162525474 2.429974863 1.466430860
v -0.444612123 1.368877059 -0.358399853
v -0.498865479 1.364791029 -0.501360267
v -0.043044875 0.855859434 -0.451597387
v -0.082666382 0.936475700 -0.219754140
v -0.365099575 1.150550540 -0.304609919
v -0.446267832 1.270260174 -0.410176261
v -0.454392359 1.447947260 -0.387164524
v 0.130227023 2.479780256 1.259037584
v 0.162609615 2.430030080 1.466430860
v 0.241583096 2.379948605 1.452623818
v -0.553234350 1.635462905 -0.490142046
v -0.606640600 1.668482444 -0.473458537
v -0.539334094 1.611774974 -0.502798501
v -0.589621449 1.963118333 -0.513153782
v -0.606024522 1.767872362 -0.447570333
v -0.076274574 1.081805847 0.602915444
v -0.052363052 1.094008720 0.961610888
v -0.617036914 1.886367230 -0.459363848
v -0.626162567 1.825021564 -0.451597387
v -0.541259337 2.002708651 -0.332799296
v -0.513189290 2.079294104 -0.354085153
v -0.543531124 1.600731650 -0.517180836
v -0.358900291 1.310623524 0.466283258
v -0.529823392 1.584718830 -0.517756129
v -0.526935527 1.511888107 -0.672510058
v -0.448732144 1.720662151 0.331952245
v 0.431797134 1.799566702 1.371507447
v 0.465142348 1.775216172 1.338428075
v 0.416818741 1.894870590 1.431337962
v 0.032193634 2.551948379 0.835621630
v -0.130219891 2.479725039 1.259037584
v -0.468908694 1.637561136 0.212291215
v -0.598901122 1.715527005 -0.466267369
v -0.494398915 2.069465545 -0.298856985
v -0.329405564 1.275781836 0.543660222
v 0.241583096 2.379948605 1.452623818
v -0.488661690 1.302451464 -0.481512644
v 0.110859075 0.927088875 -0.774912286
v -0.228599824 1.004447361 -0.327334009
v -0.203109603 1.485273696 1.481963783
v -0.468754674 1.228792492 -0.527536118
v -0.099030950 1.417136386 1.481963783
v -0.485234757 1.286604294 -0.536740812
v -0.196525271 1.468432627 1.448596764
v -0.592432304 1.669641993 -0.480074411
v -0.598323549 1.985425848 -0.456775027
v -0.491896099 1.521551016 -0.511427902
v -0.629319966 1.764614581 -0.459076201
v -0.614726622 1.798959319 -0.461952668
v -0.608257804 1.904036549 -0.469431483
v -0.418505824 1.879741236 1.558765453
v 0.080247707 2.545267168 1.028920218
v 0.091337108 2.532512129 1.089901320
v 0.409887865 1.888189379 1.393656243
v 0.424327190 1.863231466 1.479374962
v -0.361788156 1.367275777 0.381139832
v -0.422240796 1.594492172 0.286791712
v -0.358784777 1.326746777 0.280751131
v -0.441531734 1.646506229 0.283052305
v -0.115511033 1.154470920 0.916162708
v -0.150819995 1.158225650 0.747889384
v -0.308112373 1.287432543 0.522662012
v -0.201338379 1.240884932 0.855756900
v -0.044046001 0.860055897 -0.552273734
v -0.107425011 0.898044932 -0.605776022
v -0.142965002 1.214822687 1.100544248
v -0.175501614 1.257891651 1.063725470
v -0.354087183 1.052264955 -0.533289052
v -0.317661580 1.004447361 -0.470869716
v -0.366100701 1.727674662 1.424722088
v -0.377690666 1.699017236 1.383013315
v 0.111590668 0.930788388 -0.838769855
v -0.163719125 0.975624285 -0.207097685
v -0.300334390 1.005386043 -0.548821974
v -0.362057690 1.057786617 -0.445556806
v 0.035967111 0.875903067 -0.677975346
v 0.323790985 1.334035371 -0.866383939
v -0.599324675 1.664617281 -0.486690285
v -0.610914640 1.704097165 -0.476047357
v -0.522237933 1.470475641 -0.615843657
v 0.341772757 1.052320171 -0.648347735
v 0.471765185 1.314267821 -0.700124142
v -0.042005243 0.867841441 -0.616131304
v -0.188785793 0.910523889 -0.596283681
v -0.206228497 0.925432376 -0.534439639
v -0.132722708 0.902296612 -0.541055513
v -0.297485030 1.215430069 0.407603329
v -0.323745348 1.275892269 0.333390479
v -0.509800861 1.472297790 -0.560615489
v -0.337722615 1.321004249 0.434929766
v -0.282699161 1.226528610 0.610681905
v -0.412730094 1.493666622 0.285641125
v -0.168262699 1.208362342 0.875892169
v -0.329213039 1.095499569 -0.302596392
v -0.339185800 1.734190223 1.661455328
v -0.069805756 2.517658857 1.227396446
v -0.230371048 2.387347632 1.612267741
v 0.446159449 1.808125278 1.346482183
v -0.279734286 2.327824115 1.539780771
v 0.043321540 2.554874860 0.885384511
v 0.059801623 2.552776628 0.963049122
v -0.623274702 1.784492565 -0.460226788
v -0.612031281 1.863121033 -0.470869716
v -0.296098855 2.289779863 1.623485963
v -0.388780067 1.759976385 1.489154950
v 0.426984026 1.440603450 -0.102969577
v -0.160985279 1.490408842 1.563943094
v -0.231025631 2.387402849 1.519070208
v -0.142618458 1.472849956 1.658866508
v 0.463525144 1.750479126 0.304338161
v -0.480421649 1.483009814 -0.464541489
v -0.170341962 0.957402800 -0.329347536
v -0.410997375 1.398804468 -0.820072819
v 0.558285619 1.967646096 -0.639718334
v -0.036961106 0.863148028 -0.368755135
v -0.484426155 1.457665385 -0.486690285
v -0.081780770 0.969605673 0.025896148
v -0.360864039 1.068332991 -0.377959830
v -0.101533766 0.893793252 -0.321581075
v 0.465026834 1.717570020 0.274710550
v -0.084938169 2.513131095 1.360001578
v -0.421932757 1.615032755 0.338280473
v 0.115864708 0.950666372 -0.819209879
v 0.218903730 1.118469683 -0.880478628
v 0.482585053 1.362085415 -0.703000609
v 0.495830727 1.449051593 -0.704438843
v -0.368757537 1.181361414 -0.218603553
v 0.316013002 2.301430570 1.504400226
v 0.337614232 2.181941802 1.665194735
v 0.602450701 1.879299503 -0.472595596
v 0.197032966 2.419594139 1.394806830
v -0.272148828 0.963973578 -0.507400848
v -0.268182827 0.975292985 -0.419380955
v -0.196409756 0.935537018 -0.421106836
v -0.512996765 1.525416179 -0.557739022
v -0.238187536 1.219184800 0.733507049
v -0.382272745 1.427848410 0.332527539
v -0.044585069 1.193564288 1.208124117
v -0.074888399 1.031448288 0.408466269
v -0.084745645 0.985011110 0.213154155
v -0.281197471 1.051712788 -0.306335799
v -0.125868842 0.896001917 -0.430599177
v -0.507490569 1.421885015 -0.524372004
v -0.427169419 1.306095761 -0.345743398
v -0.513112280 1.440548233 -0.599447794
v -0.504602705 1.399743150 -0.576436058
v -0.107887069 2.525830917 1.522234322
v -0.084938169 2.513131095 1.360001578
v -0.132222144 2.462663103 1.393943890
v 0.337537222 2.233182826 1.584078364
v 0.421092782 2.078797154 1.548985465
v 0.433529853 1.990837077 1.421845621
v 0.437303330 2.070901178 1.456938519
v 0.435609116 1.929270545 1.448021471
v 0.408578700 2.143787117 1.495483178
v 0.622396222 1.714698756 -0.459651495
v -0.392129991 1.977585088 5.315431456
v -0.392129991 1.977585088 5.315431456
v -0.125637812 1.880182969 5.214467462
v -0.363212836 1.935675673 5.371522564
v 0.000003566 2.303418368 2.151892965
v 0.110628046 2.373929993 2.200505258
v 0.000003566 2.358800639 2.218051708
v 0.328065025 1.825463297 2.438676732
v 0.335265435 1.840150919 2.312687474
v -0.457357234 1.940589952 5.252436827
v -0.434485343 2.017175405 5.354551408
v 0.216400913 1.746890046 3.799820953
v 0.335303940 2.110325845 1.861657437
v 0.308196514 1.805309231 2.700722883
v 0.357213209 1.962952684 1.873738598
v 0.366569891 1.810444377 1.876902712
v 0.314588322 1.814751273 2.570706571
v 0.337614232 2.181941802 1.665194735
v 0.378775934 2.013144592 1.762994616
v -0.329636593 1.955001490 5.579778781
v -0.269376477 1.950528944 5.484280074
v -0.331176788 1.942577750 5.451775996
v -0.383543405 1.934019174 5.559355864
v 0.333263182 2.024077483 2.083720695
v 0.307118378 1.693661223 1.867410371
v 0.203270754 1.666273779 3.798958013
v 0.325908753 1.936559139 2.438389086
v 0.330375317 1.958038404 2.312975121
v 0.177973057 1.791449859 3.397115562
v 0.258486732 1.981726335 2.435224972
v 0.103543151 1.873722624 3.268537484
v 0.225680586 1.732478508 3.535185982
v 0.097420877 1.859531953 3.399129089
v 0.166922160 1.799566702 3.669229348
v 0.312778593 1.848654278 2.834478602
v 0.229069014 1.950694594 2.691230542
v 0.203501783 1.756387305 3.935590199
v 0.263338345 2.011156794 2.314125708
v 0.222561692 1.736509321 3.668654055
v 0.382818945 2.071011611 1.662605915
v 0.416549207 1.986088448 1.498647292
v 0.390596928 2.159799937 1.578900723
v -0.195447135 1.497807869 1.515330801
v 0.168308336 1.794265907 3.535761276
v 0.303845464 1.917233321 2.570418925
v 0.144473823 1.801941017 3.933576672
v 0.239927386 1.963504850 2.564378344
v -0.383543405 1.934019174 5.559355864
v -0.392129991 1.977585088 5.315431456
v 0.218287652 1.915963339 2.815781566
v 0.333686735 2.150854845 1.753789921
v -0.291940329 1.900447469 5.551301757
v -0.205265875 1.864391015 5.578628194
v -0.170919535 1.888465462 5.462706571
v -0.111159983 1.843629566 5.569423499
v -0.331176788 1.942577750 5.451775996
v -0.322667212 1.993156175 5.544398236
v -0.269376477 1.950528944 5.484280074
v -0.362904797 1.978468554 5.525701200
v -0.577838960 2.042133318 5.126447569
v -0.588273779 2.051796227 5.143706372
v -0.615689243 2.038765104 5.120694635
v -0.557046332 2.026783097 5.088765851
v -0.609605474 2.068802946 5.137665791
v -0.529515353 2.013475892 5.060576473
v -0.547535630 2.065821248 5.064315880
v -0.611068659 2.068582079 5.117818168
v -0.599902248 2.062342601 5.148884012
v -0.478881454 2.034568641 5.001321251
v -0.499481557 1.986530181 5.052522365
v -0.461631274 2.002377351 5.202961594
v -0.510609464 2.053673592 5.018580054
v -0.480652678 1.992714442 5.126447569
v -0.431790003 2.021095785 5.116955228
v -0.377190103 2.035672973 5.238342139
v -0.283931317 1.068112125 -0.205084158
v -0.227021125 1.018527599 -0.238451176
v -0.328404437 1.123383962 -0.211124739
v -0.287050211 1.577540669 1.419256800
v -0.296291379 1.600179484 1.450610291
v -0.091445491 1.411780373 1.454062052
v -0.495438546 1.348612559 -0.553424321
v -0.402141256 1.121561814 -0.520344950
v -0.462709410 1.240001466 -0.465692075
v -0.395325895 1.123770479 -0.449583860
v 0.484779830 1.778860469 0.318720497
v -0.249700491 1.864004499 5.601927577
v -0.214969102 1.893214091 5.339881426
v -0.114278877 1.899232703 5.332402612
v -0.099454503 1.836672272 5.463281864
v -0.291940329 1.900447469 5.551301757
v -0.495900605 1.396540586 -0.457925614
v -0.473914326 1.330943240 -0.435489171
v -0.081511236 2.499437373 1.452336172
v -0.249661986 0.965630076 -0.584777812
v -0.465828304 1.974161658 4.738699807
v -0.074041292 1.904312632 6.157085723
v -0.466944945 1.947105513 4.747616855
v -0.230756097 1.896858388 4.468024255
v -0.131452047 1.894097557 4.399564339
v -0.069574727 1.922037167 4.400139632
v -0.194060959 1.726459896 5.792062051
v -0.114201867 1.770909276 5.952568914
v -0.346732753 1.877643004 5.490033008
v -0.161562852 1.746558746 5.871740189
v -0.230871611 1.846335180 4.471188369
v -0.180045188 1.880514269 4.394961992
v -0.198412009 1.844899548 4.396975518
v -0.442224821 1.958038404 4.773792706
v -0.347271822 1.899011837 4.595164100
v -0.342112170 1.870961793 4.603505855
v -0.268028807 1.907901713 4.513760082
v -0.461631274 2.002377351 5.202961594
v -0.246158043 1.846445613 4.513472435
v -0.480652678 1.992714442 5.126447569
v 0.298493288 2.245440916 1.740845819
v 0.230532199 2.387513282 1.612267741
v 0.249746127 2.096079957 2.063585426
v 0.157295944 2.094754758 2.189862330
v 0.264185452 2.057870055 2.194464678
v 0.167461228 2.170180662 2.036258988
v 0.083520620 2.175150158 2.088035396
v 0.000003566 2.151407011 2.193601737
v -0.142541449 0.897382333 -2.180354100
v -0.101572271 0.858344182 -2.169135878
v -0.348657997 1.121561814 -2.058391896
v -0.219705200 0.982968095 -2.035092513
v -0.162255940 0.950721589 -1.996260207
v -0.341072538 1.105217694 -2.074787758
v -0.156326191 0.921346346 -2.022436058
v -0.267143195 1.035368669 -2.043434267
v -0.128140629 0.916100767 -2.005177255
v -0.208731313 0.944537327 -2.095498321
v -0.072000534 0.864804526 -2.020997824
v -0.073040165 0.830846305 -2.097511848
v -0.376073461 1.295328520 -0.785267568
v -0.195601154 1.019300632 -0.820360466
v -0.593895489 1.926675364 -0.522933770
v -0.326787233 1.123273529 -0.728025873
v -0.251163676 1.029847006 -0.726299993
v -0.499635577 1.508519893 -0.526385531
v -0.297639049 1.152372688 -0.791883442
v -0.309537053 1.091247889 -2.050913082
v -0.065762746 0.920738963 -1.913130309
v -0.460745662 1.385718128 -0.761680538
v -0.295983340 1.055522735 -2.136056507
v -0.073001660 0.901744446 -1.949661440
v 0.413276294 1.892882792 -1.056518413
v 0.545848548 1.987965813 -0.791020502
v 0.444311216 1.970075628 -1.012508467
v 0.546426121 1.991775760 -0.642307154
v 0.471341632 1.441928648 -0.802814017
v 0.464333746 1.434474405 -0.793321675
v 0.497062882 1.469923475 -0.718533531
v 0.335265435 1.453965872 -0.890546263
v 0.332878133 1.417743768 -0.881053921
v 0.000003566 1.044313761 -0.832729274
v 0.253173060 1.316310836 -0.883355095
v 0.053525330 1.057124017 -0.847686903
v 0.294065228 1.247400493 -0.884505682
v -0.125406783 1.058725299 -1.583199535
v -0.240266799 1.159992582 -1.709764086
v -0.224402794 1.092849171 -1.498631403
v -0.200876321 1.124156995 -1.674671188
v -0.163988659 0.991802755 -1.457497924
v -0.104306116 0.995888785 -1.519629612
v -0.098222348 0.987937591 -1.540340175
v -0.107540525 1.053866237 -1.658562972
v -0.102765922 0.995999218 -1.519629612
v -0.313233520 1.180643598 -1.826261003
v -0.325940126 1.198423350 -1.800660446
v 0.352708139 1.490022325 -0.912695059
v 0.315550944 1.572405524 -0.973100868
v 0.336497591 1.191852572 -0.838769855
v 0.144743357 1.158446517 -0.872136873
v 0.331645978 1.674224973 -1.042136078
v -0.168955787 1.034319553 -1.908815608
v -0.262599621 1.035589535 -2.209981711
v -0.108965205 0.853319469 -2.115345944
v -0.262715136 1.017312833 -2.191284675
v -0.534597995 1.598467769 -0.510277315
v -0.545148329 1.590295709 -0.550547854
v -0.266103564 1.207313226 -0.836756328
v -0.582998612 1.671464142 -0.463966195
v -0.229754970 1.062203946 -0.796773436
v 0.409194778 1.438781301 -0.842509262
v 0.301150124 1.510286825 -0.940309143
v -0.080779643 0.988048024 -0.835030448
v -0.241652974 1.157010884 -0.846536316
v -0.289591532 1.077278084 -0.722848232
v -0.153938889 0.992410137 -0.844810436
v -0.207152614 0.988931490 -0.744421735
v -0.125175754 1.052982771 -0.849700430
v -0.168147184 1.097156067 -0.848262197
v -0.164643242 0.952046788 -0.766858178
v -0.212851334 1.119463582 -0.857179245
v -0.093293725 0.843270044 -2.095210675
v -0.267181700 1.008146874 -2.123400052
v -0.062297308 0.921511996 -0.800800490
v -0.102804427 0.861105013 -2.065583064
v -0.264563369 1.107426359 -0.787281095
v -0.126061366 0.964249661 -0.820648113
v -0.109927827 0.927364958 -0.774049346
v -0.239612216 0.973746920 -2.092046561
v 0.249322574 1.156182635 -0.879040394
v 0.271000813 1.207810176 -0.879615688
v 0.238964765 1.060657881 -0.814895179
v 0.107932705 0.924438477 -0.800512843
v 0.216554933 0.984348511 -0.753051136
v 0.306348281 1.072805538 -0.748736436
v 0.342850894 1.117365351 -0.762831124
v 0.430950027 1.343532630 -0.798499316
v -0.416734600 1.269928874 -0.738093508
v -0.354164193 1.245467911 -0.791020502
v -0.397636186 1.382515564 -0.814607532
v -0.135302534 0.958617565 -1.958578488
v -0.164527727 1.011846388 -1.925211470
v -0.322590202 1.094340020 -2.060117776
v -0.249392452 1.047516325 -1.977850818
v -0.200953330 1.018251516 -1.970947297
v -0.248160296 1.074020303 -1.951962614
v 0.239041775 0.968556557 -0.679125933
v 0.212588932 1.234645453 -0.891409203
v 0.309467175 1.293892888 -0.875876281
v 0.000003566 0.888823757 -0.721122352
v 0.418705480 1.305819678 -0.794759909
v 0.304153503 1.450155925 -0.913270353
v 0.170233579 0.932113587 -0.698973555
v 0.335111416 1.374950887 -0.864658059
v 0.305308649 1.411835590 -0.896874490
v 0.062304439 0.921511996 -0.800800490
v 0.000003566 0.984182861 -0.809717538
v 0.172620881 1.096272601 -0.864082766
v 0.127454673 0.964028794 -0.821798700
v 0.156102293 0.992023621 -0.848262197
v 0.393600307 1.409626925 -0.841646322
v 0.364721658 1.292457256 -0.840495736
v 0.263338345 1.027859208 -0.742120562
v 0.309582689 1.148673175 -0.829852807
v 0.081325843 0.987992808 -0.835605742
v 0.093762915 0.901247496 -0.692932974
v 0.461484386 1.940313869 -1.026890802
v 0.503955253 1.972836459 -0.975114395
v 0.303537425 1.000140464 -0.651224202
v 0.457903434 1.419565917 -0.784404628
v 0.000003566 0.934984852 -0.760242304
v 0.277354116 1.342373081 -0.885943915
v 0.295990472 1.364956679 -0.880766275
v 0.489939482 1.405209596 -0.703575903
v 0.182054573 1.198533783 -0.886519209
v 0.460829803 1.264793729 -0.686892394
v 0.440499234 1.215761369 -0.675098879
v 0.303999484 1.689133460 -1.020274928
v 0.306194261 1.558325285 -0.966484994
v 0.345315205 1.479365517 -0.905791538
v 0.319016381 1.682673116 -1.034081970
v -0.072539602 1.015214602 -1.636701822
v -0.104729670 1.046246343 -1.681287062
v -0.058138782 0.980152048 -1.787141051
v -0.167608116 1.103119462 -1.682725296
v -0.113354760 1.060878747 -1.700559392
v -0.126099871 0.868945773 -2.084855393
v -0.129526804 0.940561730 -1.981302578
v -0.329482573 1.115377552 -2.036818393
v -0.272148828 1.063805228 -1.989931980
v -0.071615485 0.935647451 -1.876311530
v -0.148163159 1.001631313 -1.903637967
v -0.128795211 0.985618493 -1.900473853
v -0.435139926 1.334256238 -1.949949087
v -0.083205450 0.933052270 -1.898747973
v -0.052671091 0.918419865 -1.887529752
v -0.272264342 1.083904078 -1.972097884
v -0.302760196 1.123880912 -1.987630806
v 0.534836156 2.024243133 -0.784979921
v 0.549853054 1.977861171 -0.733491160
v 0.396103123 1.915466390 -1.040122551
v 0.319016381 1.682673116 -1.034081970
v -0.435139926 1.334256238 -1.949949087
v 0.500143272 1.478205968 -0.738668801
v 0.543884800 2.023028367 -0.731189987
v 0.359253967 1.499353934 -0.919310933
v -0.113239245 1.036859517 -1.808714554
v -0.305725071 1.189643907 -1.775635182
v -0.107425011 0.924493694 -0.800225196
v -0.221206890 1.052761904 -2.345750957
v -0.211850208 1.033215220 -2.321876280
v -0.213005354 0.990422339 -2.276428100
v -0.206382517 1.043485512 -2.358695059
v 0.127377663 1.052596254 -0.856316304
v 0.090759535 0.954145019 -0.822949286
v 0.086023437 0.919745064 -0.818346939
v 0.378583409 1.331937140 -0.844810436
v 0.000003566 0.858951565 -0.699836495
v 0.231494821 1.283567380 -0.887957442
v 0.382164362 1.105272911 -0.656114196
v 0.103312122 1.119297932 -0.865233352
v 0.413545828 1.162974280 -0.665031244
v 0.371652533 1.165293378 -0.774912286
v 0.418589965 1.447174227 -0.849412783
v 0.326101277 1.581902783 -0.980004389
v -0.290823688 1.174183254 -1.804112206
v -0.076852147 0.983133745 -1.539764882
v -0.189016822 1.120788781 -1.651084158
v -0.173345341 1.121837897 -1.711489966
v -0.297985593 1.187048726 -1.709476440
v -0.186013442 1.131942539 -1.589240116
v -0.080933663 0.860994580 -2.310658059
v -0.129642318 0.899038831 -2.243061082
v -0.166645495 0.927199308 -2.267511053
v -0.080356090 0.906493075 -2.378542682
v -0.091599511 0.857681582 -2.229829334
v -0.139807603 0.948844224 -2.311520999
v -0.046202274 0.828030257 -2.273263987
v -0.318316162 1.985591498 5.008224772
v -0.288859940 1.970627794 5.114078761
v -0.488199632 2.036777306 5.312267342
v -0.461631274 2.002377351 5.202961594
v -0.490163380 1.996855689 5.325211444
v -0.465135217 2.040145520 5.392520774
v -0.377382627 1.990892294 5.619186380
v -0.457357234 1.940589952 5.252436827
v -0.353625125 1.976425539 5.614008739
v -0.353971668 2.000831286 5.592147589
v -0.389742689 1.964719615 5.601352284
v -0.429556720 2.051464927 5.314568516
v -0.146353430 1.828224129 5.724177428
v -0.377190103 2.035672973 5.238342139
v -0.502215403 2.026396581 5.381302552
v -0.346732753 1.877643004 5.490033008
v -0.363212836 1.935675673 5.371522564
v -0.069074164 1.837721387 5.811622027
v -0.203879700 1.769915377 5.788322644
v -0.489932351 2.054115325 5.406040169
v -0.500059130 2.054336191 5.371234918
v -0.464018576 2.061790435 5.375837265
v -0.133030747 1.817236021 5.935022465
v 0.285632663 2.196022041 1.848713335
v -0.502215403 2.026396581 5.381302552
v 0.225218528 2.266809749 1.844398634
v 0.264763025 2.151738311 1.948526742
v -0.163064542 1.791670725 5.859946674
v -0.222631570 1.873446541 5.775090895
v -0.129911852 1.817953837 5.828017889
v -0.225865979 1.815248223 5.671538080
v -0.225865979 1.815248223 5.671538080
v -0.080433100 1.854452023 5.914887195
v -0.158058910 0.897824066 -2.108730070
v -0.093871298 0.886007709 -2.323314514
v -0.224980367 0.964746610 -2.072198938
v -0.208461779 1.081529764 -1.527971367
v 0.234344181 2.303584018 1.744872873
v 0.202462152 2.255821641 1.933281467
v 0.296260006 2.289945513 1.623485963
v -0.079200944 1.831316259 5.721013314
v -0.490163380 1.996855689 5.325211444
v -0.389742689 1.964719615 5.601352284
v -0.379230860 1.992659226 5.582942894
v -0.089404733 1.918282437 4.475215423
v -0.178543498 1.909226911 4.472051309
v -0.116704683 1.947823329 4.538785345
v -0.157712366 1.911601226 4.877920814
v -0.139923118 1.919662853 4.635722286
v -0.587157137 2.072447243 5.136515204
v -0.222747085 1.920767185 4.531594178
v -0.157442832 1.894318424 4.748479795
v -0.381656667 1.885042031 5.370659624
v -0.101880310 1.701281117 5.789760877
v -0.094910929 1.720109985 5.870877249
v -0.086940422 1.824745481 6.027644705
v -0.056329053 1.889845877 6.301484370
v -0.065223677 1.872121342 6.228134460
v -0.066686862 1.868477045 6.167728651
v -0.163064542 1.791670725 5.859946674
v -0.133030747 1.817236021 5.935022465
v -0.075427467 1.857544154 6.110486956
v -0.085053683 1.897410555 6.103295789
v -0.069805756 1.910938627 6.221806232
v -0.515499582 1.937387388 4.909561952
v -0.488084117 2.005524698 4.883386101
v -0.438258820 1.912705559 4.759985664
v -0.108888196 1.857047205 6.019015303
v -0.020211489 0.878387815 -1.954839081
v -0.011663409 0.794458551 -2.068747177
v 0.353516742 1.242044481 -0.844235143
v -0.022175237 0.789765139 -2.276140454
v 0.407192525 1.260321182 -0.791883442
v 0.447430110 1.379589083 -0.791595795
v 0.391829083 1.212669238 -0.784404628
v 0.373808806 1.393282805 -0.845961023
v 0.276892058 1.105272911 -0.816045765
v 0.168616374 0.950390289 -0.769734645
v -0.149934383 1.034761286 -1.890406219
v -0.478881454 2.034568641 5.001321251
v -0.149241295 1.906963030 4.992116557
v -0.252742375 1.943406000 5.224535097
v -0.331176788 1.942577750 5.451775996
v -0.346732753 1.877643004 5.490033008
v -0.252780880 1.171477639 -1.592404230
v -0.232103767 1.110187190 -1.529409601
v -0.211426654 1.105880293 -1.541778409
v 0.200767938 1.018361949 -0.829277514
v -0.058600840 2.247980881 2.831026842
v -0.064992648 2.187739547 3.014257795
v -0.178967052 2.034071691 2.557474823
v -0.028798074 2.222857318 3.006203687
v -0.101495261 2.203531501 2.612990637
v -0.044315535 2.223630351 2.869283854
v -0.160754250 2.458245773 1.676125310
v -0.080625624 2.100497286 2.822685087
v -0.131644571 2.439748205 2.136935336
v 0.000003566 2.028218730 2.763717512
v 0.000003566 2.028218730 2.763717512
v 0.000003566 1.896527089 3.807299768
v -0.075504477 1.872949591 3.934151966
v -0.167261573 2.449024598 1.577750136
v -0.154863006 1.869084428 4.312407386
v -0.142618458 1.472849956 1.658866508
v -0.137766845 1.510894208 2.295141025
v -0.071885019 2.130038179 2.879926782
v 0.000003566 2.132799010 2.926525549
v -0.111429517 2.184205684 2.551434242
v 0.000003566 1.996745256 2.787592189
v -0.190749541 2.073496359 2.312687474
v -0.301451031 1.775933988 2.836204482
v 0.000003566 1.910938627 4.054675936
v -0.133877854 1.484279797 1.755515802
v -0.252819385 1.589633109 1.647360639
v -0.217933976 2.393311027 1.706903508
v -0.196756300 2.389335430 1.990810808
v -0.174115439 2.400654838 2.078255408
v -0.158520968 2.471552979 1.854466269
v -0.124328647 2.481215888 2.030793701
v -0.147701101 2.472988611 1.947951449
v -0.091214462 2.513131095 2.097815384
v -0.079316458 2.549353198 2.063873072
v -0.132992242 1.516415870 2.558337763
v -0.124290142 1.526520512 2.696120536
v -0.085207703 1.543637664 3.660024653
v -0.087094441 1.632370774 4.139244068
v -0.188708783 1.831702776 4.319598554
v -0.225673454 1.732478508 3.535185982
v -0.159868638 1.597308220 3.666065234
v -0.166915029 1.799566702 3.669229348
v -0.203263622 1.666273779 3.798958013
v -0.218280520 1.915963339 2.815781566
v -0.303183750 1.886256797 2.699284650
v -0.203494652 1.756387305 3.935590199
v -0.337145042 1.986419747 2.202518785
v -0.308189383 1.805309231 2.700435236
v -0.307111246 1.693661223 1.867410371
v -0.229061883 1.950694594 2.691230542
v -0.146969508 1.608848494 3.794930959
v -0.198412009 1.844899548 4.396975518
v -0.303838333 1.917233321 2.570418925
v -0.144466692 1.801941017 3.933576672
v -0.194484513 1.774940089 4.063592984
v -0.330368185 1.958093621 2.312975121
v -0.103536019 1.873722624 3.268537484
v -0.407608947 1.267112827 -1.372066851
v -0.357321592 1.220454782 -1.463826151
v -0.351622871 1.203282413 -1.437650301
v -0.299217749 1.187435243 -1.592979523
v -0.271532750 1.372797439 -0.850851017
v -0.293133980 1.645788413 -1.019987281
v -0.313695578 1.749595660 -1.049902539
v -0.238957633 1.319789483 -0.845385730
v -0.393169622 1.963063117 -0.999852012
v -0.307919848 1.433370072 -0.887669796
v -0.355165319 1.898846187 -1.040122551
v -0.375842432 1.185833961 -1.237448192
v -0.018363255 0.969826539 -3.041855990
v -0.344807510 1.232105489 -1.588952469
v -0.149087276 1.144421495 -0.856891598
v -0.277269975 1.378926484 -0.837331622
v -0.304685440 1.533974756 -0.959006179
v -0.092215589 1.135145103 -0.867534526
v -0.093293725 2.535935559 1.731353478
v -0.107887069 2.525830917 1.522234322
v -0.165567358 2.479283306 1.756378742
v 0.000003566 1.924632349 4.318447967
v -0.202378010 2.255766424 1.933281467
v -0.106038835 2.220317354 2.052942497
v 0.000003566 1.929215328 4.403016099
v 0.000003566 1.916294639 4.232729248
v -0.150511956 1.723643848 4.230428075
v -0.180045188 1.880514269 4.394961992
v -0.409418676 1.973057325 1.643621232
v 0.000003566 1.911490793 4.128888787
v -0.070383329 1.877201271 4.126875260
v -0.337915139 2.073882875 1.963772018
v -0.143658090 1.523097081 2.001741383
v -0.220744832 1.047185025 -0.921612107
v -0.130566435 1.177993200 -0.872136873
v -0.188400744 1.219184800 -0.869548053
v -0.254552104 1.007594708 -1.007043179
v 0.000003566 1.940148219 2.966508441
v -0.069574727 1.922037167 4.400139632
v -0.346732753 1.740540134 2.188424097
v -0.131452047 1.894097557 4.399564339
v 0.000003566 1.898404454 3.665489941
v 0.000003566 1.900171386 3.532597162
v -0.145968382 1.831868425 4.126299967
v -0.295675301 1.664893364 2.016411365
v -0.070883893 1.882557284 4.224387494
v -0.088249587 1.534085189 3.534898335
v -0.185820918 1.783995615 4.130039374
v -0.078122808 1.891723243 4.315283854
v -0.355357843 1.771737525 2.029067821
v -0.382811813 2.071011611 1.662605915
v -0.344229937 1.905196098 2.036258988
v -0.343921898 1.863286683 2.197628791
v -0.166684000 1.591841774 3.536911862
v -0.304685440 1.533974756 -0.959006179
v -0.463248478 1.746613963 -1.254994641
v -0.418582834 1.664175548 -1.743131104
v -0.463402498 1.675274089 -1.242338186
v -0.442802394 1.595872588 -1.766718134
v -0.343536850 1.206761060 -1.475907313
v -0.468100091 1.622376566 -1.504096690
v -0.315505307 1.196490768 -1.574857780
v -0.476532657 1.586209679 -1.408597983
v -0.442494355 1.658156936 -1.687615290
v -0.479767066 1.600069051 -1.600170691
v -0.455932554 1.486543678 -1.185384138
v -0.504795229 1.398638818 -1.820795715
v -0.087440985 1.648162728 4.240208063
v -0.226713086 1.617517503 2.984342537
v -0.232219282 1.314323037 -0.847686903
v -0.108580157 1.058614866 -0.855741011
v -0.300680934 1.538171219 -0.968786167
v -0.467946072 1.686262196 -1.590965996
v -0.471488520 1.659040402 -1.603334804
v -0.037769708 1.014828086 -2.737525773
v -0.071962029 1.016042851 -2.651519407
v -0.095719531 2.538641173 1.826276892
v -0.094256346 2.532677778 1.919762072
v -0.088326597 2.537923357 1.995700803
v -0.086670888 2.507830299 2.122265354
v -0.054442315 2.555040510 2.177205875
v -0.383427891 1.262916363 -1.487988475
v -0.056906626 1.067283875 -0.841933969
v -0.081588245 1.003619111 -0.860631005
v -0.467522518 1.802437967 -1.313099276
v -0.470217859 1.706305829 -1.557886625
v -0.462401371 1.684605697 -1.492303175
v -0.059794491 0.814723051 -2.154753543
v -0.440453598 1.785486464 -1.492015529
v -0.410650831 1.679084035 -1.774484595
v -0.348234443 1.149114908 -1.013371407
v -0.100032076 1.034982152 -2.589387718
v -0.022598791 1.004116061 -2.986340175
v -0.381040589 1.207037143 -1.129005383
v -0.243116159 1.009195990 -1.221915270
v -0.437527228 1.603823781 -1.810728081
v -0.116781693 0.908977823 -1.016535521
v -0.115318508 0.900750547 -1.113184814
v -0.233258913 1.083683212 -1.444266175
v -0.279079704 1.135145103 -1.432472660
v -0.194176474 1.026865309 -1.439376181
v -0.277346985 1.116205802 -1.439951474
v -0.294828194 1.171753722 -1.569392493
v -0.297908583 1.143151513 -1.445129115
v -0.112738682 0.919745064 -1.313674570
v -0.287165726 1.132826004 -1.459511451
v -0.175771148 1.001355230 -1.437075007
v -0.156826754 0.983851561 -1.414350917
v -0.345308073 1.138182017 -1.254994641
v -0.366485750 1.168495942 -1.252405821
v -0.288975454 1.061872647 -1.292101067
v -0.304608430 1.125868710 -1.346753941
v -0.269800031 1.036196918 -1.298141648
v -0.236531827 0.999036132 -1.228531144
v -0.241344935 0.999753948 -1.265062276
v -0.250547598 1.005496477 -1.245789947
v -0.058947384 1.005662126 -1.651084158
v -0.057022141 1.006214293 -1.674383541
v -0.050091265 0.997876583 -1.638427703
v -0.077930283 0.979323798 -1.503521397
v -0.081549741 0.964636177 -1.464401445
v -0.143003507 0.981366813 -1.447430289
v -0.274459120 1.053093204 -1.332371606
v -0.127486046 0.926039759 -1.295552827
v -0.281235976 1.049614557 -1.310222809
v -0.279195218 1.052817121 -1.271678150
v -0.114432896 0.910855188 -1.276568144
v -0.158212929 0.964691394 -1.328056905
v -0.225557940 0.986998909 -1.257295815
v -0.221976987 1.013613320 -1.322303971
v -0.055289422 1.008312524 -1.590390703
v -0.198912573 0.944537327 -1.010207293
v -0.059332433 1.009803373 -1.615128319
v -0.134493932 1.513323739 2.424006750
v -0.178312469 1.803266216 4.228126901
v -0.441031171 1.794707640 -1.444553822
v -0.302798701 1.437621752 -0.888532736
v -0.071846514 1.003508678 -2.996407810
v -0.033803707 1.035037369 -2.821806258
v -0.300680934 1.538171219 -0.968786167
v -0.052863615 0.884019911 -2.455631999
v -0.418505824 1.236578035 -1.295552827
v -0.424281554 1.244750095 -1.273116384
v -0.405953238 1.228074676 -1.259596989
v -0.241961013 0.987937591 -2.205379364
v -0.404027994 1.263358096 -1.393352708
v -0.406761840 1.213773571 -1.283471665
v -0.401640693 1.256676885 -1.384148013
v -0.354895785 1.189643907 -1.356533929
v -0.198257990 0.946856425 -2.188983501
v -0.222939609 0.952267654 -2.117934764
v -0.348426968 1.233099388 -1.560187798
v -0.341419082 1.194889486 -1.458360864
v -0.330445195 1.225810794 -1.576296014
v -0.356435980 1.157452617 -1.272541091
v -0.307804334 1.193398638 -1.557311331
v -0.329752108 1.195883386 -1.473318493
v -0.167993165 0.989428440 -0.932255035
v -0.334719235 1.388423743 -0.956992652
v -0.104999204 0.937911333 -0.925063868
v -0.394825331 1.537895136 -1.091323665
v -0.413846735 1.896085356 -1.071763689
v -0.260212319 1.126420876 -0.920461520
v -0.430596352 1.950197644 -1.130443617
v -0.407454927 1.614314939 -1.112034228
v -0.428209050 1.970572577 -1.052491359
v -0.452197582 1.830322360 -1.145688892
v -0.332023895 1.854783323 -1.762691080
v -0.276807917 1.893821474 -1.759526967
v -0.205073351 1.990450561 -1.796921039
v -0.358707767 1.820493802 -1.741692871
v -0.352431474 1.795867189 -1.777648709
v -0.340340946 1.826567630 -1.807563967
v -0.464134090 1.729938543 -1.325755731
v -0.315543812 1.492617506 -0.995249664
v -0.518965020 1.466223962 -1.706887619
v -0.045547691 0.858896348 -2.384007969
v -0.209886459 2.377519074 1.806716916
v -0.230371048 2.387347632 1.612267741
v -0.209809450 2.374592593 1.887257994
v -0.234221535 2.303528802 1.744872873
v 0.000003566 2.162174252 3.142548226
v 0.000003566 2.162395118 3.109756501
v -0.018671294 2.175757541 3.143986460
v -0.225095881 2.266754532 1.844398634
v -0.091060443 2.519867522 1.639018885
v -0.177503867 1.244474012 -0.877026867
v -0.185012316 2.091883493 2.560926583
v -0.073078670 2.229648963 2.766306332
v -0.099261979 2.190169079 2.838218009
v -0.101341242 2.127277347 2.304345720
v -0.190749541 2.073496359 2.312687474
v -0.116088606 2.144173633 2.419979696
v -0.102534893 1.968198263 2.803988051
v -0.208307760 2.061238269 2.413651469
v -0.116512159 2.026672664 2.724309913
v -0.178967052 2.034071691 2.557474823
v -0.300295885 1.800450168 2.981178423
v 0.000003566 1.908398662 3.937891373
v -0.226828600 1.627843011 2.840231536
v -0.070113795 1.870796143 4.061579457
v -0.151243548 1.854452023 4.221223380
v -0.159060036 1.522047965 1.859643910
v -0.136380670 1.518238019 2.158796486
v -0.231449184 1.591400041 1.756954035
v -0.084360596 2.210157496 2.686340548
v -0.208307760 2.061238269 2.413651469
v -0.179275091 2.111982343 2.638015901
v -0.168609243 2.028770896 2.658438817
v -0.114047848 1.914859007 2.971110788
v -0.168609243 2.028770896 2.658438817
v -0.117166742 1.531876524 2.837930363
v -0.223209143 1.657825636 3.668366408
v -0.109311749 1.526575728 3.123563543
v -0.113547284 1.530882625 2.982904303
v -0.081280207 1.556116621 3.786876851
v -0.089943801 1.616413171 4.049210649
v -0.078507856 1.576933287 3.920632571
v -0.168301204 1.794265907 3.535761276
v -0.312771462 1.848654278 2.834478602
v -0.263331214 2.011156794 2.314125708
v -0.216393782 1.746890046 3.799820953
v -0.143388556 1.817401671 4.062442397
v -0.158597978 1.702992832 4.129464080
v -0.325901621 1.936559139 2.438389086
v -0.222593065 1.736509321 3.668654055
v -0.097452250 1.859531953 3.399129089
v -0.258479600 1.981726335 2.435224972
v -0.177965925 1.791449859 3.397115562
v -0.385892202 1.224154296 -2.040270153
v -0.353471105 1.183680512 -1.991082566
v -0.415579454 1.256235152 -1.982740812
v -0.353586620 1.149390991 -2.052063668
v -0.471103471 1.606695045 -1.317126330
v -0.457049195 1.627014762 -1.230544671
v -0.403681450 1.403773963 -1.055080179
v -0.140808730 2.015353257 -1.774772242
v -0.079393468 2.046826731 -1.792318691
v -0.400139003 1.744570948 -1.666329433
v -0.517001271 1.551754507 -1.509561978
v -0.475107977 1.642033683 -1.418377971
v -0.508068142 1.427572327 -1.502946103
v -0.511610590 1.412332540 -1.612539499
v -0.395287390 1.750203043 -1.720407014
v -0.491318526 1.540766400 -1.601896571
v -0.475107977 1.591344825 -1.688765877
v -0.460437623 1.668648094 -1.327481612
v 0.000003566 2.078244988 2.831602135
v -0.116512159 2.026672664 2.724309913
v -0.131490552 2.166867665 2.789318069
v -0.094910929 1.861630184 3.668366408
v -0.085823781 1.520336250 3.394239095
v -0.097567765 1.858538053 3.535185982
v 0.000003566 2.378071240 2.229845223
v -0.233220408 1.655837838 3.536336569
v -0.108387632 1.892441059 3.129316478
v -0.104421631 1.521274933 3.253579855
v 0.000003566 1.920325452 3.141109993
v 0.000003566 2.470448647 2.528710152
v -0.011201350 2.489995330 2.547407188
v -0.241460450 1.735239339 3.395964976
v -0.153784869 1.801112768 3.802409774
v -0.300064856 1.609290227 -1.019987281
v -0.502677461 1.517354553 -1.402557402
v -0.485966349 1.535907337 -1.303319288
v -0.528976285 1.486101945 -1.508411391
v -0.020981586 2.483038036 2.528710152
v -0.254821638 1.655727405 3.396540269
v -0.180776781 1.590130059 3.397978503
v -0.036191008 2.538309874 2.415664996
v -0.054596334 2.481988920 2.421130283
v 0.000003566 2.444441618 2.334836271
v 0.000003566 2.478620706 2.547119541
v 0.000003566 2.405458684 2.269540468
v 0.000003566 2.467190866 2.418541463
v -0.099531513 2.436600858 2.253144606
v -0.063067405 2.522904436 2.303770426
v -0.081280207 2.461448337 2.332247451
v -0.042274777 2.559016107 2.280183396
v -0.055866995 2.544659785 2.091487156
v -0.110428390 2.451674995 2.163398833
v -0.083474984 2.517106691 2.197628791
v -0.097336736 2.400599621 2.217476414
v -0.513112280 1.446290762 -1.394503295
v -0.443842026 1.707741462 -1.637852409
v -0.502831481 1.531710874 -1.697970571
v -0.468600655 1.695041639 -1.431609720
v -0.496824722 1.463849647 -1.284334606
v -0.326825738 1.104002928 -2.256580478
v -0.299025224 1.107923308 -2.318424520
v -0.270185080 1.088873574 -2.240472262
v -0.245426451 1.085339710 -2.298576897
v -0.404567062 1.479862467 -1.072914275
v -0.405375665 1.307034444 -1.035520203
v -0.403681450 1.403773963 -1.055080179
v -0.494783964 1.397368835 -1.909966195
v -0.453814786 1.557276170 -1.207820581
v -0.434408334 1.341323965 -1.919170889
v -0.046471808 1.010355539 -2.988066055
v -0.222593065 1.868532262 2.977151369
v -0.291285746 1.700011135 2.839368596
v -0.292440892 1.695869888 2.982041363
v 0.000003566 1.895754056 3.402580850
v 0.000003566 1.894870590 3.274865712
v -0.037269145 0.983299395 -2.638287659
v -0.361403107 1.152538338 -1.228243498
v -0.336528964 1.124101778 -1.234859372
v -0.343844889 1.136912034 -1.122101862
v -0.292209863 1.065296077 -1.226229971
v -0.104075087 0.908756957 -1.303894582
v -0.377498142 1.231884622 -1.022576102
v -0.100070581 0.921456780 -1.330933372
v -0.068650610 0.991581888 -2.569827742
v -0.035074367 0.933162703 -2.551706000
v -0.310923228 1.065130427 -1.117211868
v -0.258826144 1.011073355 -1.105418353
v -0.299410273 1.083351912 -1.010207293
v -0.508106647 1.458493635 -1.802098679
v -0.455932554 1.350269058 -1.158057701
v -0.473413763 1.414706854 -1.167550042
v -0.451542999 1.533753889 -1.847259213
v -0.469139723 1.390963707 -1.381846839
v -0.410843356 1.326305044 -1.502658457
v -0.407262403 1.275395320 -1.389900947
v -0.417042639 1.331661056 -1.376093905
v -0.492704701 1.453855439 -1.882927404
v -0.475030967 1.528397877 -1.784552230
v -0.423511457 1.253143021 -1.922622650
v -0.430711866 1.259327283 -1.836328638
v -0.453044689 1.335526220 -1.850135680
v -0.434408334 1.341323965 -1.919170889
v -0.417042639 1.331661056 -1.376093905
v -0.469332247 1.358496334 -1.611964206
v -0.457280224 1.379147350 -1.496042582
v -0.397135623 1.321501198 -1.612251852
v -0.417928251 1.281855664 -1.141086545
v -0.418698348 1.261756814 -1.250392294
v -0.455932554 1.350269058 -1.158057701
v -0.453160203 1.321666848 -1.256432875
v -0.500790723 1.391129357 -1.280019905
v -0.453160203 1.321666848 -1.256432875
v -0.344383957 1.251100007 -1.726735242
v -0.423511457 1.300353232 -1.720694661
v -0.352354464 1.240884932 -1.578309541
v -0.410843356 1.326305044 -1.502658457
v -0.423511457 1.300353232 -1.720694661
v -0.453044689 1.335526220 -1.850135680
v -0.397135623 1.321501198 -1.612251852
v -0.485773825 1.325200712 -1.727022889
v -0.189825424 0.952543737 -1.107144234
v -0.105345748 0.907763058 -1.223928797
v -0.266681137 1.643634965 2.177493522
v -0.078700381 1.858814137 3.803848007
v -0.179891169 0.955691085 -1.219614096
v -0.093948308 1.032828704 -2.901484396
v -0.082281333 1.019300632 -2.951247277
v -0.276961936 1.250492624 -0.932830329
v -0.054057266 0.814557401 -2.213145825
v -0.043583943 0.843711777 -2.333669795
v -0.185897928 1.089757040 -2.587086545
v -0.102457883 1.054087103 -2.656984695
v -0.146584459 1.065516944 -2.551993646
v -0.143042012 1.064081311 -2.698981114
v -0.339031780 1.113224104 -2.099237728
v -0.366485750 1.193122555 -2.088307154
v -0.349158560 1.131003856 -2.181792334
v -0.315890356 1.090750939 -2.161081771
v -0.165451844 1.075676802 -2.636849425
v -0.129565309 1.060271365 -2.605783581
v -0.193136843 1.077554167 -2.438660844
v -0.267759273 1.108861991 -2.390336197
v -0.220167259 1.079210666 -2.364735640
v -0.235569205 1.105162477 -2.472603155
v -0.213120868 1.099088649 -2.528406616
v -0.163988659 1.075345502 -2.491875485
v -0.431520469 1.680188368 -1.143100072
v -0.351276328 1.759921168 -1.066873695
v -0.448231581 1.846611263 -1.251830528
v -0.321627581 1.306261411 -0.938007969
v -0.074772884 2.057262672 -1.813029254
v -0.140962749 2.027059180 -1.804975147
v -0.323013756 1.880072536 -1.719256428
v -0.308728451 1.901993534 -1.796058099
v -0.203533156 1.986971914 -1.756938146
v -0.390628301 1.707078862 -1.811591021
v -0.466367372 1.778418736 -1.338699833
v -0.031993978 2.168082430 3.011381327
v -0.055096898 2.150689195 2.912718507
v -0.088249587 2.176530573 2.904664399
v 0.000003566 2.162119035 3.012531914
v 0.000003566 2.106957631 2.897760878
v -0.034689319 2.186359132 3.109756501
v -0.165490349 2.126946048 2.705037584
v -0.505526821 1.478316402 -1.606786565
v -0.525202808 1.397258402 -1.717242901
v -0.239958760 1.963504850 2.564378344
v -0.315543812 1.492617506 -0.995249664
v -0.251009656 1.926399281 -1.742268164
v -0.063529463 0.983188962 -3.036965996
v -0.040850097 0.974188653 -3.038691876
v -0.260327834 1.937056088 -1.795195158
v -0.387316882 1.752632574 -1.761252847
v -0.462709410 1.772897074 -1.374943318
v -0.337491586 2.181886586 1.665194735
v -0.333256050 2.024077483 2.083433048
v 0.198226616 0.946856425 -2.188983501
v 0.348434099 1.233154605 -1.560187798
v 0.415047518 1.240664065 -1.294977534
v 0.356327597 1.157452617 -1.272541091
v 0.269268094 1.262032897 -0.972237928
v 0.297222627 1.324262029 -0.981730269
v 0.093955439 1.032828704 -2.901484396
v 0.385360266 1.603050748 -1.105418353
v 0.418898004 2.069796845 -1.028616682
v 0.132421800 1.178048417 -0.892847436
v 0.000003566 0.902296612 -0.910681532
v 0.152598350 1.143869329 -0.876451574
v 0.450780033 2.034292558 -0.957280299
v 0.244856009 1.399577500 -0.902052131
v 0.420707733 1.993487475 -1.007043179
v 0.267227337 1.475113838 -0.922187401
v 0.366069328 1.168661591 -1.252693468
v 0.241352067 0.999753948 -1.265062276
v 0.404728213 1.216203102 -1.283184019
v 0.222908236 0.952267654 -2.117934764
v 0.156833885 0.983851561 -1.414350917
v 0.000003566 0.972532154 -1.670356487
v 0.143010639 0.981366813 -1.447430289
v 0.076859279 0.983133745 -1.539764882
v 0.305732203 1.189643907 -1.775635182
v 0.072546734 1.015214602 -1.636701822
v 0.290792315 1.174183254 -1.804112206
v 0.340194058 1.826898930 -1.807563967
v 0.250362205 1.930485310 -1.742555811
v 0.203540288 1.989677528 -1.757225793
v 0.351976547 1.797523687 -1.777936356
v 0.260219451 1.937773904 -1.795195158
v 0.308581563 1.902821783 -1.796058099
v 0.000003566 2.065766032 -1.826836296
v 0.476193245 1.672734124 -1.603622451
v 0.205118988 1.990947510 -1.796921039
v 0.383242498 1.263468530 -1.487988475
v 0.331414948 1.857654587 -1.762978727
v 0.469300874 1.723422982 -1.491152588
v 0.093300856 0.843490911 -2.094347734
v 0.239619348 0.973746920 -2.092046561
v 0.208738445 0.944537327 -2.095498321
v 0.142510075 0.897437549 -2.180354100
v 0.102811558 0.861601962 -2.064432477
v 0.101540898 0.858399398 -2.168848232
v 0.131613198 1.894704940 4.399276692
v 0.000003566 1.924632349 4.318447967
v 0.000003566 1.929215328 4.403016099
v 0.069581859 1.922147601 4.400139632
v 0.000003566 1.601228600 4.336282063
v 0.000003566 2.493032245 2.554886002
v 0.000003566 1.422437181 1.972113772
v 0.143626716 1.523097081 2.002029030
v 0.070390461 1.877201271 4.126875260
v 0.145975513 1.831868425 4.126299967
v 0.057491331 1.067118226 -0.845098083
v 0.093262351 1.134869019 -0.879040394
v 0.223639828 1.339833116 -0.904928598
v 0.481083363 1.747497429 -1.144825952
v 0.264146947 1.125923927 -0.943760904
v 0.387632053 1.776817454 -1.067161341
v 0.448469741 2.020377969 -1.120375982
v 0.479543168 1.949038095 -1.226805264
v 0.074780016 2.057373105 -1.813029254
v 0.283129846 1.549269760 -1.017398461
v 0.140969881 2.027335264 -1.804975147
v 0.276083456 1.896913605 -1.759814613
v 0.348934662 1.795480672 -1.044149605
v 0.287172857 1.132826004 -1.459511451
v 0.294835326 1.171753722 -1.569392493
v 0.175739775 1.001355230 -1.437075007
v 0.279702913 1.587645311 -0.975402041
v 0.000003566 0.968446124 -3.045020103
v 0.303999484 1.689133460 -1.020274928
v 0.000003566 1.000582197 -2.984614295
v 0.000003566 0.961157530 -0.850851017
v 0.222908236 1.046743292 -0.931104448
v 0.110127483 1.058283566 -0.861493945
v -0.000034939 1.057179234 -0.839057502
v 0.183479253 1.246793110 -0.890258616
v 0.229107519 1.334311454 -0.900613897
v 0.241929640 0.987937591 -2.205379364
v 0.341426214 1.194889486 -1.458360864
v 0.307811465 1.193398638 -1.557311331
v 0.158220061 0.964691394 -1.328056905
v 0.281243108 1.049614557 -1.310222809
v 0.225526567 0.986998909 -1.257295815
v 0.279202350 1.052817121 -1.271678150
v 0.194183606 1.026865309 -1.439376181
v 0.050098397 0.997876583 -1.638427703
v 0.077898910 0.979323798 -1.503521397
v 0.435108553 1.334256238 -1.949949087
v 0.279086835 1.135145103 -1.432472660
v 0.297915715 1.143151513 -1.445129115
v 0.168962918 1.034319553 -1.908815608
v 0.435108553 1.334256238 -1.949949087
v 0.148170291 1.001631313 -1.903637967
v 0.058145914 0.979931181 -1.787428697
v 0.057029272 1.006214293 -1.674383541
v 0.113323387 1.060878747 -1.700559392
v 0.058916011 1.005662126 -1.651084158
v 0.125413915 1.058725299 -1.583199535
v 0.423518588 1.300353232 -1.720694661
v 0.240273930 1.159992582 -1.709764086
v 0.165420471 1.075676802 -2.636849425
v 0.102734549 0.995999218 -1.519629612
v 0.325947257 1.198423350 -1.800660446
v 0.297992725 1.187048726 -1.709476440
v 0.329489705 1.115377552 -2.036818393
v 0.345238195 1.138126800 -1.254994641
v 0.000003566 0.948954657 -1.776210476
v 0.386014848 1.928331862 -1.035232557
v 0.315473934 1.196490768 -1.574857780
v 0.250708749 1.404988729 -0.889395676
v 0.276391495 1.593553490 -0.985469676
v 0.290060722 1.427351461 -0.990934964
v 0.000003566 1.016042851 -2.933125534
v 0.000003566 1.018361949 -2.819505085
v 0.082288465 1.019300632 -2.951247277
v 0.071815141 1.003508678 -2.996407810
v 0.219712332 0.982968095 -2.035092513
v 0.156333322 0.921456780 -2.022148411
v 0.272155959 1.063750012 -1.990219626
v 0.135309665 0.958948865 -1.958003195
v 0.033810838 1.035037369 -2.821806258
v 0.000003566 0.822508595 -2.397527364
v 0.045554822 0.858896348 -2.384007969
v 0.040857229 0.974188653 -3.038691876
v 0.000003566 0.996496167 -2.750757521
v 0.098229479 0.987937591 -1.540340175
v 0.189023953 1.120788781 -1.651084158
v 0.173352473 1.121837897 -1.711489966
v 0.081556872 0.964636177 -1.464401445
v 0.004354616 0.913174286 -1.470729672
v 0.233266045 1.083738428 -1.444266175
v 0.252788012 1.171477639 -1.592404230
v 0.277315611 1.116205802 -1.439951474
v 0.114440028 0.910855188 -1.276568144
v 0.330413822 1.225810794 -1.576296014
v 0.304615562 1.125868710 -1.346753941
v 0.127454673 0.926039759 -1.295552827
v 0.295990472 1.055522735 -2.136056507
v 0.344776137 1.232105489 -1.588952469
v 0.404805223 1.270646690 -1.371491558
v 0.351591498 1.203392846 -1.437650301
v 0.000003566 0.947463808 -2.631959431
v 0.374501894 1.187103943 -1.238598779
v 0.343543981 1.206761060 -1.475907313
v 0.299224880 1.187435243 -1.592979523
v 0.357290218 1.220565215 -1.463826151
v 0.018370387 0.969826539 -3.041855990
v 0.399838095 1.258830333 -1.383572720
v 0.401801844 1.232381572 -1.260459929
v 0.279702913 1.587645311 -0.975402041
v 0.189909565 1.221724764 -0.903202718
v 0.254443721 1.007594708 -1.009632000
v 0.081941921 1.003508678 -0.861206298
v -0.031031356 1.030067873 -2.880773833
v -0.027103860 1.017036750 -2.935426708
v -0.062066278 1.036914734 -2.888252648
v -0.053826237 1.025705760 -2.940029055
v 0.167345714 1.015766768 -2.407594999
v 0.090374487 0.965685293 -2.497916065
v 0.091606642 0.857681582 -2.229541687
v 0.173544997 1.031227422 -2.435496730
v 0.253211565 1.001244797 -2.207105244
v 0.259564868 1.019466282 -2.231842861
v 0.262606753 1.035589535 -2.209981711
v 0.231533326 1.032939137 -2.288796909
v 0.206351143 1.043485512 -2.358695059
v 0.262722267 1.017312833 -2.191284675
v 0.170888162 0.918972032 -2.225226986
v 0.184326360 0.935481801 -2.251402837
v 0.139814735 0.948844224 -2.311520999
v 0.135694714 0.999864381 -2.394075604
v 0.116673310 1.002735646 -2.495614892
v 0.125452420 1.067394309 -1.671507074
v -0.293480524 1.155299169 -1.917157363
v 0.087717651 0.935481801 -2.471164922
v 0.156102293 0.910689538 -2.246800490
v 0.112822823 0.963697495 -2.383720322
v 0.132729839 1.005386043 -2.477780796
v 0.077821900 0.918916815 -2.455631999
v -0.009353117 0.863313678 -1.215011749
v 0.014211861 0.953592853 -1.575720720
v 0.000003566 0.824275527 -2.017546064
v 0.010707919 0.782752628 -2.254566951
v -0.107617535 1.040503814 -2.847119169
v -0.080741138 1.043430295 -2.735224599
v 0.017600290 0.796667216 -2.072486585
v -0.003423367 0.782034812 -2.296851017
v -0.001536629 0.792194670 -2.084280100
v -0.226520562 1.120843998 -1.825973356
v -0.070691368 1.048675874 -2.830435660
v 0.018062348 0.783746527 -2.282468681
v -0.008351990 0.864086710 -1.961167309
v -0.233489942 1.095830868 -1.908815608
v -0.176772275 1.057620967 -1.904213261
v -0.290438639 1.167336393 -1.842656865
v -0.343344325 1.196435552 -1.923197943
v -0.119592548 1.056185335 -2.780672779
v -0.199798184 1.604983330 3.261921610
v -0.234452564 1.622707865 2.699859943
v -0.255938279 1.628008661 2.308372774
v -0.339185800 1.734190223 1.661455328
v 0.409387302 1.973057325 1.643621232
v -0.372107460 1.842580450 1.770473430
v 0.000003566 1.608903710 4.419411962
v 0.337922271 2.073882875 1.963772018
v 0.000003566 1.911490793 4.128888787
v -0.297870078 1.703379349 2.568980691
v -0.210849081 1.836948355 3.124138837
v -0.270339099 1.746613963 3.261921610
v -0.375803927 1.855611572 1.675262370
v 0.150519087 1.723643848 4.230428075
v 0.106045967 2.220317354 2.052942497
v 0.000003566 1.940148219 2.966508441
v -0.237648468 1.619781384 2.563227757
v -0.187553637 1.809284828 3.261346316
v -0.319740842 1.715858305 1.763569909
v -0.298332137 1.685599597 3.125864717
v 0.000003566 1.916294639 4.232729248
v 0.202462152 2.255821641 1.933281467
v 0.346701380 1.740540134 2.188424097
v -0.334064653 1.721379967 2.309235714
v -0.244964392 1.620278334 2.434649678
v -0.272841915 1.669918076 3.263359843
v 0.000003566 1.898404454 3.665489941
v 0.166652626 1.591841774 3.536911862
v 0.233189035 1.655837838 3.536336569
v 0.000003566 1.900171386 3.532597162
v 0.070891024 1.882557284 4.224387494
v 0.382818945 2.071011611 1.662605915
v 0.000003566 1.484776746 3.523392467
v 0.078129939 1.891723243 4.315283854
v 0.355364975 1.771737525 2.029067821
v 0.094918061 1.861630184 3.668366408
v 0.000003566 2.570445947 1.974990240
v 0.097574896 1.858538053 3.535185982
v 0.000003566 2.378071240 2.229845223
v 0.000003566 1.920325452 3.141109993
v 0.343929030 1.863286683 2.197916438
v 0.000003566 1.457996685 3.244375161
v 0.000003566 2.544438919 1.630964777
v 0.000003566 2.522131404 1.536329010
v 0.000003566 1.422934131 2.275293402
v 0.000003566 1.426467995 2.135784749
v 0.000003566 1.424977146 2.407323241
v 0.000003566 2.223022968 2.607237703
v 0.254790265 1.655727405 3.396540269
v 0.085830912 1.520336250 3.394239095
v 0.108356259 1.892441059 3.129316478
v 0.000003566 2.202703252 2.544243074
v 0.112707309 0.919745064 -1.313674570
v 0.329720734 1.195883386 -1.473318493
v 0.354748897 1.189864774 -1.356246282
v 0.236500453 0.999036132 -1.228531144
v 0.128802343 0.985673710 -1.900473853
v 0.052639718 0.918419865 -1.887529752
v 0.083212581 0.933052270 -1.898747973
v 0.129533935 0.940837813 -1.980727285
v 0.063536595 0.983188962 -3.036965996
v 0.000003566 0.845257843 -2.458220820
v 0.309544184 1.091247889 -2.050913082
v 0.213012485 0.990422339 -2.276428100
v 0.166652626 0.927199308 -2.267511053
v -0.180738276 1.677427537 3.932138439
v -0.295174738 1.704262815 2.701298177
v 0.000003566 2.214906125 2.092925390
v 0.185828050 1.783995615 4.130039374
v 0.418743985 1.249940457 -1.273404031
v 0.272271474 1.083793645 -1.972385530
v 0.248167428 1.073744220 -1.952250261
v 0.288982586 1.061872647 -1.292101067
v 0.221945614 1.013613320 -1.322303971
v 0.250554730 1.005496477 -1.245789947
v 0.149941514 1.034650852 -1.890693865
v 0.436071174 2.004917315 -1.062846641
v 0.455208093 1.914141191 -1.082406617
v 0.479427654 1.872673508 -1.153167707
v 0.104313248 0.995888785 -1.519629612
v 0.200883452 1.124156995 -1.674671188
v 0.274466251 1.053093204 -1.332371606
v 0.269768658 1.036196918 -1.298141648
v 0.302728823 1.123880912 -1.987630806
v 0.071622617 0.935647451 -1.876311530
v 0.224409925 1.092849171 -1.498631403
v 0.211395281 1.105825077 -1.541778409
v 0.232110899 1.110187190 -1.529409601
v 0.186020574 1.131942539 -1.589240116
v 0.402148387 1.265677194 -1.393065061
v 0.168308336 0.989373223 -0.933693269
v 0.105006336 0.937911333 -0.925063868
v 0.259102810 1.477377719 -0.926502101
v 0.000003566 1.017423267 -2.878472660
v 0.000003566 0.797219382 -2.326190981
v 0.195261742 1.989677528 -1.706599972
v 0.126107002 0.869277073 -2.083704806
v 0.224987498 0.964746610 -2.071911291
v 0.073047297 0.831011954 -2.097224202
v 0.313240652 1.180643598 -1.826261003
v 0.167576743 1.103119462 -1.682725296
v 0.107547657 1.053866237 -1.658562972
v 0.220174390 1.079210666 -2.364735640
v 0.235537832 1.105162477 -2.472603155
v 0.208468911 1.081529764 -1.527971367
v 0.163995791 0.991802755 -1.457497924
v 0.104736802 1.046246343 -1.681287062
v 0.113246377 1.036804301 -1.808714554
v 0.153792001 1.801112768 3.802409774
v 0.431566105 1.680685317 -1.117787162
v 0.326832869 1.104002928 -2.256580478
v 0.464179727 1.509348143 -1.273116384
v 0.270192211 1.088873574 -2.240472262
v 0.500335796 1.468819143 -1.388750360
v 0.000003566 0.781316996 -2.203653483
v 0.437534359 1.603823781 -1.810728081
v 0.055296554 1.008257308 -1.590390703
v 0.059763118 0.814778268 -2.154753543
v 0.506689099 1.481242883 -1.607074212
v 0.529214446 1.499795667 -1.507548451
v 0.283129846 1.549269760 -1.017398461
v 0.071969161 1.016042851 -2.651519407
v 0.506188536 1.839488319 -1.246940534
v 0.501953000 1.757325987 -1.240612306
v 0.303075367 1.652911357 -1.022288455
v 0.403188019 1.752577358 -1.667192374
v 0.424596724 1.555619671 -1.185096491
v 0.473112856 1.651586158 -1.502083163
v 0.507343682 1.436517420 -1.502370810
v 0.245433582 1.085339710 -2.298576897
v 0.352361596 1.240995365 -1.578021894
v 0.469262369 1.358827634 -1.611964206
v 0.434415465 1.341323965 -1.919170889
v 0.027110992 1.017036750 -2.935426708
v 0.062073410 1.036914734 -2.888252648
v 0.070698500 1.048675874 -2.830435660
v 0.267766405 1.108861991 -2.390336197
v 0.115325640 0.900750547 -1.113184814
v 0.258794771 1.011073355 -1.105706000
v 0.299686939 1.083186262 -1.021425515
v 0.000003566 0.872921370 -1.006755533
v 0.198881199 0.944537327 -1.010207293
v 0.000003566 0.895560184 -1.358547456
v 0.059339564 1.009803373 -1.615128319
v 0.100077713 0.921456780 -1.330933372
v 0.068657742 0.991581888 -2.569827742
v 0.037276276 0.983299395 -2.638287659
v 0.292216995 1.065296077 -1.226229971
v 0.478234003 1.594823472 -1.296128121
v 0.072007665 0.864859743 -2.020710177
v 0.158066041 0.897879282 -2.108442423
v 0.108972337 0.853485119 -2.115058297
v 0.072970287 0.901799662 -1.949661440
v -0.079162439 2.130093395 2.193026444
v -0.106038835 2.220317354 2.052942497
v -0.175848158 2.337928756 2.009507844
v -0.157288812 2.094754758 2.189862330
v -0.157288812 2.094754758 2.189862330
v -0.249738996 2.096079957 2.063585426
v -0.167492602 2.170180662 2.036258988
v -0.202378010 2.255766424 1.933281467
v -0.120401151 2.332848827 2.130319462
v -0.328057893 1.825463297 2.438676732
v 0.519010656 1.466444828 -1.706887619
v 0.350320838 1.458051902 -1.075503096
v 0.493789969 1.821101184 -1.319715151
v 0.310622321 1.065130427 -1.119800689
v 0.116788825 0.908977823 -1.016535521
v 0.374270864 1.212117072 -1.140511252
v 0.179859795 0.955691085 -1.219614096
v 0.000003566 0.865908859 -1.110595994
v -0.002306726 0.960715797 -1.590103056
v 0.411081516 1.679470552 -1.774484595
v 0.035081499 0.933162703 -2.551706000
v 0.456825297 1.633751190 -1.208683521
v 0.000003566 2.058422221 -1.813892194
v 0.397104250 1.321501198 -1.612251852
v 0.453051820 1.335526220 -1.850135680
v 0.404651204 1.278763534 -1.389325654
v 0.146514581 2.021979251 -1.719831721
v 0.443002050 1.596203887 -1.766718134
v 0.503608710 1.532759990 -1.698258218
v 0.000003566 2.064716916 -1.786853404
v 0.434415465 1.341323965 -1.919170889
v 0.368726164 1.542091599 -1.091323665
v 0.494791095 1.397368835 -1.909966195
v 0.365799794 1.331274540 -1.062846641
v 0.485010859 1.751086509 -1.325180438
v 0.479235129 1.754068207 -1.429596193
v 0.353593751 1.149390991 -2.052063668
v 0.451550131 1.533753889 -1.847259213
v 0.508075274 1.458493635 -1.802098679
v 0.410041885 1.328071976 -1.502658457
v 0.463563649 1.420725466 -1.269952270
v 0.394601434 1.296543286 -1.154605940
v 0.460290735 1.408577809 -1.379545666
v 0.430718998 1.259327283 -1.836328638
v 0.185905059 1.089757040 -2.587086545
v 0.163995791 1.075345502 -2.491875485
v 0.409425807 1.269045408 -1.252693468
v 0.405190272 1.389031126 -1.161509461
v 0.385899334 1.224154296 -2.040270153
v 0.410041885 1.328071976 -1.502658457
v 0.397104250 1.321501198 -1.612251852
v 0.411120021 1.342593947 -1.374655672
v 0.129572440 1.060271365 -2.605783581
v 0.344391088 1.251100007 -1.726735242
v 0.176779406 1.057565750 -1.904213261
v 0.119599680 1.056185335 -2.780672779
v 0.146591591 1.065516944 -2.551993646
v 0.348665128 1.121561814 -2.058391896
v 0.164534859 1.011846388 -1.925211470
v 0.341079670 1.105217694 -2.074787758
v 0.162263072 0.950942455 -1.995972560
v 0.267111822 1.035368669 -2.043434267
v 0.037776839 1.014828086 -2.737525773
v 0.336459086 1.123991345 -1.235147019
v 0.342889398 1.136967251 -1.129293030
v 0.364336609 1.239283650 -1.049327245
v 0.000003566 0.785237376 -2.153027663
v 0.054025893 0.814557401 -2.213145825
v 0.052870747 0.884019911 -2.455631999
v 0.043591074 0.843711777 -2.333669795
v 0.000003566 0.890645905 -2.533296610
v 0.226489188 1.120733564 -1.825973356
v 0.031038488 1.030067873 -2.880773833
v 0.053833369 1.025705760 -2.940029055
v 0.143010639 1.064081311 -2.698981114
v 0.213089495 1.099088649 -2.528406616
v 0.102465014 1.054087103 -2.656984695
v 0.423518588 1.253143021 -1.922622650
v 0.423518588 1.300353232 -1.720694661
v 0.453051820 1.335526220 -1.850135680
v 0.415586586 1.256235152 -1.982740812
v 0.422363442 1.468819143 -1.163810635
v 0.431951154 1.338728784 -1.257008168
v 0.322597334 1.094340020 -2.060117776
v 0.486011986 1.706471479 -1.229681731
v 0.493712959 1.547392394 -1.601896571
v 0.085599883 2.050636678 -1.748308745
v 0.476732313 1.593719139 -1.688765877
v 0.444773274 1.661856450 -1.688190583
v 0.482739072 1.696753354 -1.415789151
v 0.519087666 1.570914675 -1.507548451
v 0.483432160 1.610670642 -1.600458337
v 0.079400600 2.046992381 -1.792318691
v 0.140892871 2.016954539 -1.774772242
v 0.419244548 1.665832046 -1.743418751
v 0.484702820 1.678476653 -1.312811630
v 0.350320838 1.458051902 -1.075503096
v 0.276391495 1.593553490 -0.985469676
v 0.493135386 1.550484525 -1.396229175
v 0.146707106 1.022227113 -2.468576101
v 0.109472900 0.982802445 -2.476630209
v 0.121524923 0.993624903 -2.457645526
v 0.161916528 1.019466282 -2.449879065
v 0.179936805 0.987330208 -2.325040394
v 0.121062865 1.021288430 -2.517188395
v 0.102272490 0.894345419 -2.298289250
v 0.093878429 0.886007709 -2.323314514
v 0.211857339 1.033215220 -2.321876280
v 0.221175517 1.052761904 -2.345750957
v 0.129649450 0.899038831 -2.243061082
v 0.267150327 1.008146874 -2.123400052
v 0.080940794 0.860994580 -2.310658059
v 0.046209405 0.828085474 -2.272976340
v 0.080363221 0.906493075 -2.378542682
v 0.206774697 1.024435778 -2.340285670
v 0.152367321 1.001907396 -2.423990862
v 0.065461838 0.906161776 -2.478356089
v 0.077244327 0.928524507 -2.489861958
v 0.102580529 0.964801827 -2.437510257
v 0.083212581 0.870933571 -2.282756328
v -0.006657776 0.861988479 -1.258734049
v 0.009745297 0.861601962 -1.242338186
v -0.010392748 0.906879592 -1.419528558
v 0.021065728 0.906934808 -1.434486187
v 0.001659275 0.945476010 -1.553859571
v -0.004385989 0.954586752 -1.720119368
v -0.007196844 0.949451606 -1.758376380
v 0.007512015 0.957016283 -1.750034625
v -0.001613639 0.803679727 -2.050050141
v 0.003584518 0.873528753 -1.945346740
v -0.007774417 0.880430830 -1.932977931
v -0.339724868 1.220620432 -1.853299793
v -0.163757630 1.093787853 -1.828849823
v -0.225095881 2.266754532 1.844398634
v -0.230371048 2.387347632 1.612267741
v -0.264755894 2.151738311 1.948239096
v -0.298370642 2.245330483 1.740845819
v -0.285548521 2.195966824 1.848713335
v -0.202378010 2.255766424 1.933281467
v -0.296098855 2.289779863 1.623485963
v -0.167492602 2.170180662 2.036258988
v -0.108734176 2.278515672 2.063297779
v -0.163141552 1.693606007 4.059278284
v -0.087517995 1.666494646 4.334268536
v -0.088172578 1.676875371 4.413371381
v -0.145005760 1.750423910 4.323337961
v -0.234221535 2.303528802 1.744872873
v -0.264178321 2.057870055 2.194464678
v -0.083513489 2.175150158 2.088035396
v -0.141848361 1.625082180 3.925522565
v -0.155787122 1.759148136 4.401577866
v -0.217510423 1.611664541 3.126440011
v -0.318893735 1.709508394 2.437526146
v -0.298909710 1.771516659 3.124138837
v 0.180052320 1.880569485 4.394961992
v 0.295643928 1.664893364 2.016699012
v 0.000003566 2.262778935 2.100691851
v 0.344237069 1.905196098 2.036258988
v 0.088256719 1.534085189 3.534898335
v 0.000003566 2.358800639 2.218051708
v 0.000003566 2.214906125 2.092925390
v 0.000003566 2.303418368 2.151892965
v -0.110620915 2.373929993 2.200505258
v -0.335296808 1.840150919 2.312687474
v -0.378768802 2.013144592 1.762994616
v 0.000003566 1.475776437 3.393951449
v -0.357206077 1.962952684 1.873738598
v -0.366562760 1.810444377 1.876902712
v -0.333641099 2.150799628 1.753789921
v -0.335258303 2.110325845 1.861657437
v 0.000003566 1.455346287 2.826999788
v 0.180783912 1.590130059 3.397978503
v 0.104390258 1.521274933 3.253579855
v 0.241467581 1.735239339 3.395964976
v 0.000003566 2.478620706 2.547119541
v 0.485780957 1.325200712 -1.727022889
v 0.474999594 1.528397877 -1.784552230
v 0.511887256 1.413492089 -1.612827146
v 0.299032356 1.107978525 -2.318424520
v 0.504802360 1.398638818 -1.820795715
v 0.249399584 1.047461109 -1.978138465
v 0.200960462 1.018251516 -1.970947297
v -0.314581190 1.814751273 2.570706571
v 0.525171435 1.397258402 -1.717242901
v 0.431951154 1.338728784 -1.257008168
v 0.456132210 1.384724229 -1.495754936
v 0.492711832 1.453855439 -1.882927404
v 0.353478237 1.183680512 -1.991082566
v 0.189832556 0.952543737 -1.107144234
v 0.100039208 1.034982152 -2.589387718
v 0.046478939 1.010355539 -2.988066055
v 0.343312952 1.196435552 -1.923197943
v 0.080748270 1.043430295 -2.735224599
v 0.411120021 1.342593947 -1.374655672
v 0.405190272 1.389031126 -1.161509461
v 0.000003566 0.905830476 -1.857326847
v 0.315858982 1.090750939 -2.161081771
v 0.366492881 1.193122555 -2.088307154
v 0.349127187 1.131003856 -2.181792334
v 0.339038912 1.113224104 -2.099237728
v 0.477271381 1.634137706 -1.403707989
v 0.022605922 1.004116061 -2.986340175
v 0.361063695 1.152538338 -1.229106438
v 0.347933536 1.150164023 -1.032931383
v 0.104082219 0.908756957 -1.303894582
v 0.243084786 1.009195990 -1.221915270
v 0.065731372 0.920794180 -1.912842662
v 0.128147760 0.916266417 -2.004601962
v 0.163764761 1.093732637 -1.828849823
v 0.233497074 1.095499569 -1.909103255
v 0.339731999 1.220620432 -1.853299793
v 0.193143974 1.077554167 -2.438660844
v 0.107624667 1.040503814 -2.847119169
v 0.293449150 1.155243953 -1.917157363
v 0.290445771 1.167336393 -1.842656865
v 0.105352879 0.907763058 -1.223928797
f 1783 1800 1786
f 1800 1783 1810
f 1810 1802 1800
f 1719 1802 1810
f 1802 1719 1789
f 1743 1789 1719
f 1789 1743 1756
f 1743 2671 1756
f 1787 1810 1783
f 1810 1787 1807
f 1963 1810 1807
f 1810 1963 1719
f 1896 1719 1963
f 1719 1896 1743
f 1896 2666 1743
f 2671 1743 2666
f 2666 2665 2671
f 1791 1807 1787
f 1807 1791 1792
f 1792 1963 1807
f 1963 1792 1805
f 1805 1896 1963
f 1896 1805 1809
f 1809 1788 1896
f 2666 1896 1788
f 1788 2664 2666
f 2665 2666 2664
f 2216 2665 2664
f 2665 2216 2374
f 1791 1962 1792
f 1962 1805 1792
f 1805 1962 1984
f 1984 1809 1805
f 1809 1984 1759
f 1759 1985 1809
f 1788 1809 1985
f 1985 1829 1788
f 2664 1788 1829
f 942 2664 1829
f 2664 942 2216
f 1962 1791 1728
f 1960 1962 1728
f 1962 1960 1717
f 1758 1962 1717
f 1962 1758 1984
f 1758 1759 1984
f 1759 1758 1750
f 1750 2663 1759
f 1985 1759 2663
f 2663 1742 1985
f 1829 1985 1742
f 190 1829 1742
f 1829 190 942
f 1716 1717 1960
f 1717 1716 2114
f 2023 1717 2114
f 1717 2023 1758
f 2023 1750 1758
f 1750 2023 1983
f 1983 2433 1750
f 2663 1750 2433
f 2433 2670 2663
f 2670 1978 2663
f 1742 2663 1978
f 1803 2114 1716
f 2114 1803 2012
f 2012 2023 2114
f 2023 2012 1746
f 1746 1983 2023
f 1983 1746 1987
f 1987 1747 1983
f 2433 1983 1747
f 1747 2670 2433
f 2670 1747 1755
f 1755 1979 2670
f 1978 2670 1979
f 1803 2014 2012
f 2014 1746 2012
f 1746 2014 1980
f 1980 1987 1746
f 1987 1980 1744
f 1744 1974 1987
f 1747 1987 1974
f 1974 1755 1747
f 1755 1974 1745
f 1745 1977 1755
f 1979 1755 1977
f 2014 1803 1804
f 2064 2014 1804
f 2014 2064 1988
f 1990 2014 1988
f 2014 1990 1980
f 1990 1744 1980
f 1744 1990 2022
f 2022 2016 1744
f 1974 1744 2016
f 2016 1745 1974
f 1745 2016 1815
f 1815 1741 1745
f 1977 1745 1741
f 2065 1988 2064
f 1988 2065 1761
f 1761 1990 1988
f 1990 1761 2385
f 2385 2022 1990
f 2022 2385 2379
f 2393 2022 2379
f 2022 2393 2029
f 2016 2022 2029
f 2030 2016 2029
f 2016 2030 1815
f 2019 1761 2065
f 1761 2019 2017
f 2017 2385 1761
f 2385 2017 2378
f 2378 2379 2385
f 2379 2378 2674
f 2387 2379 2674
f 2379 2387 2393
f 2672 2393 2387
f 2393 2672 2368
f 2368 2029 2393
f 2029 2368 2030
f 1799 2017 2019
f 2017 1799 1971
f 1971 2378 2017
f 2378 1971 2061
f 1959 2378 2061
f 2378 1959 2674
f 2063 2674 1959
f 2674 2063 2387
f 2063 2672 2387
f 1799 1955 1971
f 1748 1971 1955
f 2061 1971 1748
f 1981 2061 1748
f 1959 2061 1981
f 1727 1959 1981
f 1959 1727 2063
f 1955 1799 1725
f 1725 1957 1955
f 1957 1748 1955
f 1957 1754 1748
f 1754 1981 1748
f 1981 1754 1749
f 1749 1752 1981
f 1981 1752 1727
f 2434 1727 1752
f 1727 2434 2062
f 1727 2062 2063
f 1957 1725 1715
f 1754 1957 1972
f 1972 2157 1754
f 1757 1754 2157
f 1754 1757 1749
f 2703 1749 1757
f 1749 2703 1752
f 2703 2434 1752
f 2434 2703 2377
f 2377 2369 2434
f 2369 2062 2434
f 2062 2369 1961
f 1961 2063 2062
f 2157 1972 1958
f 1958 1989 2157
f 1986 2157 1989
f 2157 1986 1757
f 2530 1757 1986
f 1757 2530 2703
f 2530 2377 2703
f 2377 2530 2673
f 2673 2384 2377
f 2369 2377 2384
f 1989 1958 1956
f 1956 1982 1989
f 1760 1989 1982
f 1989 1760 1986
f 2684 1986 1760
f 1986 2684 2530
f 2684 2673 2530
f 2673 2684 2391
f 2391 2392 2673
f 2384 2673 2392
f 1982 1956 1726
f 1726 2668 1982
f 1751 1982 2668
f 1982 1751 1760
f 1814 1760 1751
f 1760 1814 2684
f 1814 2391 2684
f 2391 1814 1801
f 1801 2370 2391
f 2392 2391 2370
f 2370 1895 2392
f 1895 2384 2392
f 2668 1726 2525
f 2525 2526 2668
f 2166 2668 2526
f 2668 2166 1751
f 1814 1751 2166
f 1813 1814 2166
f 1813 1801 1814
f 1801 1813 1811
f 1811 2113 1801
f 2370 1801 2113
f 2113 1721 2370
f 1895 2370 1721
f 2526 2525 2661
f 2661 2656 2526
f 1793 2526 2656
f 2526 1793 2166
f 1813 2166 1793
f 2687 1813 1793
f 2688 1813 2687
f 1813 2688 1811
f 2688 1806 1811
f 2113 1811 1806
f 1806 1965 2113
f 1721 2113 1965
f 2656 2661 2659
f 2654 2656 2659
f 2656 2654 2658
f 2690 2656 2658
f 2656 2690 1793
f 2687 1793 2690
f 2690 2685 2687
f 2373 2687 2685
f 2687 2373 2688
f 2373 1753 2688
f 1806 2688 1753
f 1753 1794 1806
f 1965 1806 1794
f 2667 2658 2654
f 2658 2667 2657
f 2689 2658 2657
f 2658 2689 2690
f 2685 2690 2689
f 2689 1812 2685
f 1790 2685 1812
f 2373 2685 1790
f 2667 2660 2657
f 2165 2657 2660
f 2657 2165 2689
f 1812 2689 2165
f 2660 2667 2655
f 1790 2380 2373
f 2371 2373 2380
f 2373 2371 2386
f 1753 2373 2386
f 2386 1964 1753
f 1794 1753 1964
f 2371 1966 2386
f 1964 2386 1966
f 1729 1964 1966
f 106 1964 1729
f 1964 106 186
f 186 1794 1964
f 1794 186 2218
f 2413 1794 2218
f 1794 2413 1965
f 1966 2371 1730
f 1730 1729 1966
f 1729 1730 1720
f 104 1729 1720
f 1729 104 106
f 104 109 106
f 187 106 109
f 106 187 186
f 2219 186 187
f 186 2219 2218
f 2219 2413 2218
f 2413 2219 110
f 110 2412 2413
f 2412 1965 2413
f 1965 2412 1721
f 109 104 119
f 945 109 119
f 109 945 944
f 109 944 187
f 512 187 944
f 187 512 1328
f 1328 2219 187
f 2219 1328 2676
f 2676 110 2219
f 110 2676 231
f 231 930 110
f 2412 110 930
f 530 944 945
f 944 530 512
f 530 550 512
f 550 1328 512
f 1328 550 1319
f 1319 2676 1328
f 2676 1319 2402
f 2402 231 2676
f 231 2402 2390
f 2390 627 231
f 930 231 627
f 550 530 488
f 2372 550 488
f 550 2372 1322
f 1318 550 1322
f 550 1318 1319
f 2678 1319 1318
f 1319 2678 2402
f 2678 2390 2402
f 2390 2678 2408
f 2408 487 2390
f 627 2390 487
f 2372 2399 1322
f 2399 1354 1322
f 1316 1322 1354
f 1322 1316 1318
f 1318 1316 2375
f 1318 2375 2678
f 2678 2375 1327
f 2678 1327 2408
f 1354 2399 1321
f 1321 1419 1354
f 1640 1354 1419
f 1354 1640 1316
f 1643 1316 1640
f 1316 1643 2375
f 1421 2375 1643
f 2375 1421 1327
f 1423 1327 1421
f 1327 1423 929
f 2408 1327 929
f 1419 1321 1656
f 1656 1654 1419
f 1654 1640 1419
f 1640 1654 1642
f 1642 1643 1640
f 1643 1642 1655
f 1424 1643 1655
f 1643 1424 1421
f 1422 1421 1424
f 1421 1422 1423
f 1654 1656 1420
f 75 1423 1422
f 1423 75 1341
f 1341 929 1423
f 929 1341 1331
f 1331 2408 929
f 2408 1331 1312
f 487 2408 1312
f 44 1341 75
f 1341 44 1333
f 1333 1331 1341
f 1331 1333 1330
f 1330 1312 1331
f 1312 1330 1311
f 532 1312 1311
f 1312 532 487
f 628 487 532
f 487 628 627
f 49 1333 44
f 1333 49 1350
f 1350 1330 1333
f 1330 1350 1348
f 1348 1311 1330
f 1311 1348 1320
f 515 1311 1320
f 1311 515 532
f 511 532 515
f 532 511 628
f 511 932 628
f 932 627 628
f 627 932 930
f 86 1350 49
f 1350 86 1339
f 1339 1348 1350
f 1348 1339 947
f 947 1320 1348
f 1320 947 1317
f 549 1320 1317
f 1320 549 515
f 516 515 549
f 515 516 511
f 516 195 511
f 932 511 195
f 76 1339 86
f 1339 76 1353
f 1338 1339 1353
f 1339 1338 947
f 947 1338 1317
f 1338 116 1317
f 116 549 1317
f 549 116 82
f 82 516 549
f 516 82 53
f 53 943 516
f 195 516 943
f 76 46 1353
f 1353 46 47
f 80 1353 47
f 1338 1353 80
f 48 1338 80
f 116 1338 48
f 48 77 116
f 116 77 82
f 77 53 82
f 76 115 46
f 2383 46 115
f 46 2383 47
f 2383 2418 47
f 629 47 2418
f 47 629 80
f 629 48 80
f 48 629 533
f 533 77 48
f 115 76 84
f 2418 2383 2407
f 2407 1334 2418
f 631 2418 1334
f 2418 631 629
f 493 629 631
f 629 493 533
f 493 636 533
f 77 533 636
f 1334 2407 78
f 78 1336 1334
f 1332 1334 1336
f 1334 1332 631
f 2694 631 1332
f 631 2694 493
f 2694 531 493
f 636 493 531
f 531 483 636
f 483 77 636
f 77 483 189
f 53 77 189
f 1336 78 117
f 117 2405 1336
f 2405 1332 1336
f 1332 2405 1347
f 1335 1332 1347
f 1332 1335 2694
f 2396 2694 1335
f 2694 2396 2416
f 531 2694 2416
f 2416 480 531
f 483 531 480
f 2405 117 2397
f 2394 2405 2397
f 2405 2394 2403
f 1337 2405 2403
f 2405 1337 1347
f 1342 1347 1337
f 1347 1342 1335
f 81 1335 1342
f 1335 81 2396
f 2394 54 2403
f 2476 2403 54
f 2403 2476 1337
f 1315 1337 2476
f 1337 1315 1342
f 1329 1342 1315
f 1342 1329 81
f 940 81 1329
f 81 940 939
f 939 2396 81
f 54 2394 59
f 59 99 54
f 99 2476 54
f 2476 99 1349
f 1340 2476 1349
f 2476 1340 1315
f 514 1315 1340
f 1315 514 1329
f 548 1329 514
f 1329 548 940
f 99 59 118
f 118 98 99
f 98 1349 99
f 1349 98 928
f 938 1349 928
f 1349 938 1340
f 517 1340 938
f 1340 517 514
f 514 517 548
f 548 517 234
f 234 192 548
f 192 940 548
f 98 118 102
f 2376 98 102
f 98 2376 2220
f 2221 98 2220
f 98 2221 928
f 2436 928 2221
f 928 2436 938
f 232 938 2436
f 938 232 517
f 194 517 232
f 517 194 234
f 2376 2398 2220
f 79 2220 2398
f 2220 79 2221
f 60 2221 79
f 2221 60 2436
f 2381 2436 60
f 2436 2381 232
f 193 232 2381
f 232 193 194
f 2398 2376 2388
f 2388 2401 2398
f 2401 79 2398
f 79 2401 105
f 105 60 79
f 60 105 933
f 510 60 933
f 60 510 2381
f 482 2381 510
f 2381 482 193
f 2401 2388 2213
f 2213 2215 2401
f 2401 2215 2212
f 2212 105 2401
f 105 2212 2675
f 2675 933 105
f 933 2675 235
f 630 933 235
f 933 630 510
f 481 510 630
f 510 481 482
f 2215 2213 2214
f 2216 481 2374
f 481 2216 482
f 942 482 2216
f 482 942 193
f 190 193 942
f 193 190 194
f 233 194 190
f 194 233 234
f 934 234 233
f 234 934 192
f 934 937 192
f 940 192 937
f 937 939 940
f 1742 233 190
f 233 1742 1978
f 1978 934 233
f 934 1978 1979
f 1977 934 1979
f 934 1977 941
f 937 934 941
f 941 936 937
f 939 937 936
f 936 2395 939
f 2396 939 2395
f 2692 2396 2395
f 2396 2692 2416
f 480 2416 2692
f 1741 941 1977
f 941 1741 935
f 936 941 935
f 935 2679 936
f 2395 936 2679
f 2679 2692 2395
f 2692 2679 2417
f 2693 2692 2417
f 2692 2693 480
f 191 480 2693
f 480 191 483
f 1808 935 1741
f 935 1808 2400
f 2679 935 2400
f 2400 2417 2679
f 2417 2400 2686
f 2686 2693 2417
f 2693 2686 2409
f 2409 191 2693
f 1741 1815 1808
f 2030 1808 1815
f 1808 2030 2013
f 2013 2400 1808
f 2400 2013 2686
f 2018 2686 2013
f 2686 2018 2409
f 1975 2409 2018
f 2409 1975 111
f 191 2409 111
f 230 191 111
f 191 230 188
f 188 483 191
f 2030 2018 2013
f 2018 2030 2368
f 2368 1975 2018
f 1975 2368 2672
f 2672 1976 1975
f 230 1975 1976
f 1975 230 111
f 1976 2672 1830
f 1830 1973 1976
f 1973 230 1976
f 230 1973 2691
f 83 230 2691
f 230 83 188
f 83 189 188
f 483 188 189
f 2672 2063 1830
f 2063 1961 1830
f 1973 1830 1961
f 1961 1740 1973
f 1740 2691 1973
f 2691 1740 931
f 943 2691 931
f 2691 943 83
f 943 53 83
f 189 83 53
f 1740 1961 2369
f 2369 1739 1740
f 1739 931 1740
f 931 1739 946
f 195 931 946
f 931 195 943
f 1739 2369 2384
f 2384 1895 1739
f 1895 946 1739
f 946 1895 2414
f 932 946 2414
f 946 932 195
f 1721 2414 1895
f 2414 1721 2412
f 930 2414 2412
f 2414 930 932
f 2527 1785 1784
f 1785 2527 2669
f 2669 2435 1785
f 2435 2669 1083
f 1425 2435 1083
f 2435 1425 2382
f 1085 2382 1425
f 2382 1085 2389
f 2524 2669 2527
f 2669 2524 2521
f 2521 1083 2669
f 1083 2521 1426
f 1081 1083 1426
f 1083 1081 1425
f 1084 1425 1081
f 1425 1084 1085
f 2524 1952 2521
f 73 2521 1952
f 2521 73 1426
f 73 1081 1426
f 1081 73 88
f 88 1084 1081
f 1084 88 63
f 61 63 88
f 63 61 96
f 1952 2524 1953
f 1953 1954 1952
f 40 1952 1954
f 1952 40 73
f 40 88 73
f 88 40 61
f 2419 61 40
f 61 2419 62
f 64 61 62
f 61 64 96
f 96 64 326
f 64 41 326
f 1954 1953 1968
f 1949 1954 1968
f 1954 1949 1724
f 2419 1954 1724
f 1954 2419 40
f 1968 1707 1949
f 1970 1949 1707
f 1949 1970 1969
f 1969 1724 1949
f 1724 1969 1709
f 1709 2419 1724
f 2419 1709 2415
f 143 2419 2415
f 2419 143 62
f 1970 2154 1969
f 2154 1709 1969
f 1709 2154 1967
f 1967 2415 1709
f 2415 1967 209
f 144 2415 209
f 2415 144 143
f 45 143 144
f 143 45 74
f 74 62 143
f 62 74 64
f 2154 1970 2010
f 1712 2154 2010
f 2154 1712 2011
f 2011 1967 2154
f 1967 2011 1950
f 1950 209 1967
f 209 1950 100
f 97 209 100
f 209 97 144
f 39 144 97
f 144 39 45
f 1714 1712 2010
f 1712 1714 2009
f 2009 1722 1712
f 1951 1712 1722
f 1712 1951 2011
f 1951 1950 2011
f 1950 1951 1705
f 1705 100 1950
f 100 1705 101
f 113 100 101
f 100 113 97
f 95 97 113
f 97 95 39
f 1722 2009 2152
f 2152 2149 1722
f 2150 1722 2149
f 1722 2150 1951
f 1710 1951 2150
f 1951 1710 1705
f 103 1705 1710
f 1705 103 101
f 103 113 101
f 113 103 544
f 544 95 113
f 2149 2152 1723
f 1723 2148 2149
f 1706 2149 2148
f 2149 1706 2150
f 1708 2150 1706
f 2150 1708 1710
f 1708 103 1710
f 103 1708 496
f 497 103 496
f 103 497 544
f 497 743 544
f 95 544 743
f 2148 1723 2151
f 1944 2148 2151
f 2153 2148 1944
f 2148 2153 1706
f 2153 1708 1706
f 1708 2153 508
f 496 1708 508
f 496 508 497
f 474 497 508
f 497 474 495
f 743 497 495
f 495 545 743
f 112 743 545
f 743 112 95
f 1944 1945 2153
f 522 2153 1945
f 2153 522 508
f 522 474 508
f 474 522 519
f 519 546 474
f 498 474 546
f 474 498 495
f 545 495 498
f 1945 1944 1943
f 520 1945 1943
f 520 522 1945
f 520 519 522
f 520 574 519
f 546 519 574
f 546 573 498
f 507 498 573
f 498 507 545
f 475 545 507
f 545 475 112
f 211 112 475
f 112 211 114
f 114 95 112
f 95 114 39
f 114 45 39
f 45 114 85
f 41 45 85
f 45 41 74
f 87 114 211
f 114 87 85
f 41 64 74
f 1033 1044 1045
f 1044 1033 1042
f 1040 1044 1042
f 1044 1040 1039
f 1039 1040 1038
f 1040 1047 1038
f 1038 1047 1048
f 1038 1048 1037
f 1033 1645 1042
f 1645 1040 1042
f 1040 1645 1047
f 1034 1047 1645
f 1047 1034 1048
f 1034 1037 1048
f 1037 1034 1046
f 1034 1041 1046
f 1041 1034 1052
f 1645 1052 1034
f 1052 1645 1043
f 1645 1033 1043
f 1352 1658 1313
f 1658 1352 1314
f 1622 1658 1314
f 1658 1622 1631
f 1631 1622 1636
f 1622 1638 1636
f 1638 1637 1636
f 1636 1637 1641
f 1352 1628 1314
f 1628 1622 1314
f 1622 1628 1638
f 1628 1637 1638
f 1637 1628 1619
f 1619 1641 1637
f 1641 1619 1621
f 1619 1624 1621
f 1624 1619 1620
f 1628 1620 1619
f 1620 1628 1630
f 1628 1352 1630
f 1394 1326 1632
f 1326 1394 1323
f 1323 1659 1326
f 1659 1323 1625
f 1623 1659 1625
f 1625 1626 1623
f 1626 1660 1623
f 1623 1660 1627
f 1394 1360 1323
f 1626 1323 1360
f 1323 1626 1625
f 1360 1394 1361
f 1359 1360 1361
f 1360 1359 1362
f 1660 1360 1362
f 1360 1660 1626
f 1700 1362 1359
f 1362 1700 1351
f 1351 1660 1362
f 1660 1351 1627
f 1409 1410 1411
f 1410 1409 1402
f 1662 1410 1402
f 1410 1662 1403
f 1661 1403 1662
f 1403 1661 1404
f 797 1404 1661
f 1404 797 604
f 1417 1402 1409
f 1402 1417 1415
f 1415 1662 1402
f 1662 1415 1667
f 1663 1662 1667
f 1662 1663 1661
f 158 1661 1663
f 1661 158 797
f 158 782 797
f 799 797 782
f 797 799 604
f 1414 1415 1417
f 1415 1414 1413
f 1076 1415 1413
f 1415 1076 1667
f 1076 1073 1667
f 1665 1667 1073
f 1667 1665 1663
f 434 1663 1665
f 1663 434 158
f 434 360 158
f 782 158 360
f 1683 1413 1414
f 1413 1683 1401
f 1401 1076 1413
f 1076 1401 1399
f 1075 1076 1399
f 1076 1075 1073
f 1668 1073 1075
f 1073 1668 1665
f 802 1665 1668
f 1665 802 434
f 802 157 434
f 360 434 157
f 1412 1401 1683
f 1401 1412 1399
f 1412 1075 1399
f 1412 1071 1075
f 1664 1075 1071
f 1075 1664 1668
f 1664 802 1668
f 802 1664 280
f 156 802 280
f 802 156 155
f 157 802 155
f 1681 1412 1683
f 1412 1681 1682
f 1071 1412 1682
f 1696 1071 1682
f 1071 1696 1617
f 1617 1664 1071
f 1664 1617 1697
f 1697 280 1664
f 280 1697 145
f 585 280 145
f 280 585 156
f 1377 1617 1696
f 1617 1377 1618
f 1618 1697 1617
f 1697 1618 1058
f 146 1697 1058
f 1697 146 145
f 146 585 145
f 606 1377 1696
f 1377 606 1376
f 1374 1377 1376
f 1377 1374 1378
f 1378 1618 1377
f 1618 1378 1698
f 1698 1058 1618
f 1058 1698 1306
f 1306 146 1058
f 146 1306 822
f 160 146 822
f 146 160 586
f 585 146 586
f 1060 1698 1378
f 1698 1060 1391
f 1391 1306 1698
f 1306 1391 1392
f 812 1306 1392
f 1306 812 822
f 812 160 822
f 1304 1060 1378
f 1060 1304 1307
f 1325 1060 1307
f 1060 1325 1324
f 1324 1391 1060
f 1391 1324 1357
f 1357 1392 1391
f 1392 1357 1393
f 1393 812 1392
f 812 1393 804
f 828 812 804
f 812 828 808
f 160 812 808
f 1356 1357 1324
f 1357 1356 1358
f 1393 1357 1358
f 1358 804 1393
f 804 1358 164
f 796 804 164
f 804 796 828
f 828 796 807
f 807 808 828
f 808 807 165
f 165 160 808
f 1355 1356 1324
f 1356 1355 1390
f 1648 1356 1390
f 1356 1648 1629
f 1629 1358 1356
f 1358 1629 1657
f 1657 164 1358
f 164 1657 355
f 343 164 355
f 164 343 796
f 341 796 343
f 796 341 827
f 827 807 796
f 1646 1657 1629
f 1657 1646 1634
f 1634 355 1657
f 355 1634 416
f 331 355 416
f 355 331 343
f 7 343 331
f 343 7 341
f 7 611 341
f 611 7 329
f 535 1646 1629
f 1646 535 1644
f 1644 1649 1646
f 1634 1646 1649
f 1649 416 1634
f 416 1649 538
f 342 416 538
f 416 342 331
f 7 331 342
f 342 329 7
f 329 342 330
f 342 300 330
f 1649 1644 1639
f 1639 656 1649
f 656 538 1649
f 538 656 282
f 301 538 282
f 538 301 342
f 300 342 301
f 298 300 301
f 300 298 304
f 298 262 304
f 656 1639 1035
f 1035 1049 656
f 243 656 1049
f 656 243 282
f 243 301 282
f 301 243 298
f 291 298 243
f 298 291 313
f 262 298 313
f 302 262 313
f 1049 1035 1050
f 654 1049 1050
f 1049 654 655
f 291 1049 655
f 1049 291 243
f 657 655 654
f 1051 655 657
f 537 655 1051
f 655 537 291
f 537 313 291
f 313 537 147
f 313 147 302
f 293 302 147
f 302 293 292
f 293 534 292
f 657 1036 1051
f 278 1051 1036
f 1051 278 537
f 278 147 537
f 147 278 293
f 415 293 278
f 293 415 277
f 534 293 277
f 534 277 536
f 1036 657 607
f 551 1036 607
f 1036 551 605
f 415 1036 605
f 1036 415 278
f 536 605 551
f 415 605 536
f 277 415 536
f 328 827 341
f 827 328 825
f 826 827 825
f 827 826 811
f 807 827 811
f 811 165 807
f 165 811 163
f 163 805 165
f 160 165 805
f 805 586 160
f 586 805 837
f 837 585 586
f 387 163 811
f 163 387 159
f 161 163 159
f 163 161 779
f 805 163 779
f 779 837 805
f 837 779 756
f 756 801 837
f 585 837 801
f 801 156 585
f 156 801 747
f 323 156 747
f 156 323 155
f 767 756 779
f 756 767 769
f 418 756 769
f 756 418 803
f 801 756 803
f 803 747 801
f 747 803 325
f 335 747 325
f 747 335 323
f 335 296 323
f 316 323 296
f 323 316 749
f 749 155 323
f 155 749 157
f 584 157 749
f 157 584 360
f 423 335 325
f 335 423 422
f 424 335 422
f 335 424 296
f 424 316 296
f 316 424 751
f 334 316 751
f 316 334 584
f 316 584 749
f 422 751 424
f 751 422 336
f 336 334 751
f 334 336 332
f 332 833 334
f 784 334 833
f 334 784 584
f 784 360 584
f 360 784 782
f 426 782 784
f 782 426 799
f 833 332 314
f 314 420 833
f 420 784 833
f 784 420 426
f 420 314 834
f 315 309 297
f 309 315 318
f 306 309 318
f 309 306 317
f 306 324 317
f 324 306 414
f 414 299 324
f 299 414 308
f 315 310 318
f 310 306 318
f 306 310 311
f 311 414 306
f 414 311 307
f 305 414 307
f 414 305 308
f 310 315 290
f 310 290 312
f 311 310 312
f 312 307 311
f 312 305 307
f 386 397 384
f 397 386 388
f 363 397 388
f 397 363 370
f 363 362 370
f 362 363 369
f 369 385 362
f 385 369 368
f 386 364 388
f 364 363 388
f 363 364 340
f 353 363 340
f 363 353 369
f 365 369 353
f 369 365 368
f 364 386 354
f 364 354 352
f 340 364 352
f 353 340 352
f 352 365 353
f 393 411 389
f 411 393 396
f 390 411 396
f 411 390 412
f 390 391 412
f 391 390 410
f 410 413 391
f 413 410 407
f 256 396 393
f 396 256 367
f 366 396 367
f 396 366 390
f 257 390 366
f 390 257 410
f 257 407 410
f 407 257 382
f 383 382 257
f 383 367 256
f 366 367 383
f 257 366 383
f 687 1173 693
f 687 691 1173
f 1173 691 1206
f 1206 1269 1173
f 1269 1206 1204
f 1204 895 1269
f 895 1204 1239
f 1239 839 895
f 1179 1206 691
f 1206 1179 1129
f 1129 1204 1206
f 1129 1239 1204
f 1239 1129 1131
f 1130 1239 1131
f 1239 1130 1284
f 839 1239 1284
f 1203 839 1284
f 839 1203 841
f 215 1129 1179
f 215 213 1129
f 213 1131 1129
f 213 1130 1131
f 1130 213 601
f 601 1205 1130
f 1205 1284 1130
f 1284 1205 1203
f 1235 1203 1205
f 1203 1235 1237
f 1237 841 1203
f 841 1237 1170
f 851 213 215
f 213 851 848
f 848 601 213
f 601 848 572
f 637 601 572
f 1205 601 637
f 859 1205 637
f 1205 859 1235
f 861 1235 859
f 1235 861 1234
f 1234 1237 1235
f 141 848 851
f 860 848 141
f 572 848 860
f 860 905 572
f 638 572 905
f 572 638 862
f 572 862 637
f 870 637 862
f 637 870 859
f 889 859 870
f 859 889 861
f 972 860 141
f 860 972 266
f 266 263 860
f 264 860 263
f 860 264 905
f 1274 905 264
f 905 1274 638
f 1381 638 1274
f 638 1381 1012
f 1012 862 638
f 862 1012 870
f 907 870 1012
f 870 907 889
f 1148 263 266
f 1148 1291 263
f 1291 264 263
f 264 1291 1132
f 1132 1274 264
f 1274 1132 1152
f 1241 1274 1152
f 1274 1241 1381
f 1154 1148 266
f 1148 1154 1395
f 1148 1395 1396
f 1396 1291 1148
f 1291 1396 1153
f 906 1291 1153
f 1291 906 1132
f 1136 1132 906
f 1132 1136 1152
f 1265 1152 1136
f 1152 1265 1241
f 1154 1263 1395
f 1395 1263 1290
f 1395 1290 1149
f 1149 1396 1395
f 1396 1149 1184
f 1387 1396 1184
f 1396 1387 1153
f 904 1153 1387
f 1153 904 906
f 904 1136 906
f 1263 1154 1258
f 1194 1263 1258
f 1263 1194 1444
f 1236 1263 1444
f 1263 1236 1290
f 1292 1290 1236
f 1290 1292 1293
f 1293 1149 1290
f 1149 1293 1385
f 1385 1184 1149
f 1184 1385 1190
f 1190 1387 1184
f 1194 1282 1444
f 1236 1444 1282
f 1227 1236 1282
f 1227 1292 1236
f 1002 1292 1227
f 1292 1002 956
f 956 1293 1292
f 1293 956 648
f 648 1385 1293
f 1282 1194 886
f 886 857 1282
f 857 847 1282
f 849 1282 847
f 1282 849 1227
f 849 1002 1227
f 1002 849 568
f 568 960 1002
f 960 956 1002
f 956 960 1448
f 1448 648 956
f 1171 857 886
f 1171 893 857
f 875 857 893
f 857 875 847
f 1172 847 875
f 847 1172 849
f 1172 568 849
f 568 1172 567
f 567 596 568
f 960 568 596
f 893 1171 1485
f 897 1485 1171
f 896 897 1171
f 897 896 1169
f 596 567 562
f 562 594 596
f 982 596 594
f 596 982 960
f 1260 960 982
f 960 1260 1448
f 1260 1117 1448
f 648 1448 1117
f 594 562 570
f 570 540 594
f 649 594 540
f 594 649 982
f 598 982 649
f 982 598 1260
f 600 1260 598
f 1260 600 1518
f 1117 1260 1518
f 540 570 491
f 491 539 540
f 646 540 539
f 540 646 649
f 987 649 646
f 649 987 598
f 647 598 987
f 598 647 600
f 1001 600 647
f 600 1001 961
f 1518 600 961
f 539 491 492
f 492 489 539
f 993 539 489
f 539 993 646
f 1778 646 993
f 646 1778 987
f 1771 987 1778
f 987 1771 647
f 1771 1001 647
f 1777 1001 1771
f 1001 1777 951
f 961 1001 951
f 489 492 490
f 639 640 579
f 640 639 564
f 571 640 564
f 571 564 566
f 566 270 571
f 270 566 1217
f 1217 269 270
f 563 564 639
f 564 563 566
f 577 566 563
f 566 577 578
f 578 1217 566
f 1217 578 1218
f 1218 1383 1217
f 269 1217 1383
f 1383 132 269
f 132 1383 1187
f 1187 272 132
f 578 577 694
f 694 419 578
f 419 131 578
f 131 1218 578
f 131 1382 1218
f 1383 1218 1382
f 1382 1187 1383
f 1187 1382 1191
f 1191 1189 1187
f 272 1187 1189
f 1189 258 272
f 419 891 131
f 891 287 131
f 287 134 131
f 1382 131 134
f 134 1191 1382
f 1191 134 133
f 133 1384 1191
f 1189 1191 1384
f 1384 210 1189
f 258 1189 210
f 125 258 210
f 258 125 380
f 287 891 890
f 915 287 890
f 287 915 273
f 273 275 287
f 134 287 275
f 275 133 134
f 133 275 149
f 149 271 133
f 1384 133 271
f 20 1384 271
f 1384 20 373
f 210 1384 373
f 914 273 915
f 273 914 267
f 267 268 273
f 275 273 268
f 268 149 275
f 149 268 183
f 183 184 149
f 271 149 184
f 184 20 271
f 913 267 914
f 267 913 286
f 286 130 267
f 268 267 130
f 130 183 268
f 183 130 142
f 142 151 183
f 184 183 151
f 151 260 184
f 20 184 260
f 912 286 913
f 286 912 285
f 285 284 286
f 130 286 284
f 284 142 130
f 142 284 139
f 139 216 142
f 151 142 216
f 216 392 151
f 260 151 392
f 892 285 912
f 285 892 281
f 281 274 285
f 284 285 274
f 274 139 284
f 139 274 212
f 212 218 139
f 216 139 218
f 218 17 216
f 392 216 17
f 892 1214 281
f 1213 281 1214
f 281 1213 265
f 274 281 265
f 185 274 265
f 274 185 212
f 185 214 212
f 218 212 214
f 214 245 218
f 17 218 245
f 1214 892 894
f 894 1210 1214
f 1240 1214 1210
f 1214 1240 1213
f 1207 1213 1240
f 1213 1207 140
f 140 265 1213
f 265 140 185
f 1128 185 140
f 185 1128 1285
f 214 185 1285
f 1210 894 838
f 840 1210 838
f 1210 840 1283
f 1126 1210 1283
f 1210 1126 1240
f 1208 1240 1126
f 1240 1208 1207
f 1134 1207 1208
f 1207 1134 1164
f 1164 140 1207
f 140 1164 1128
f 911 1283 840
f 1283 911 1238
f 1238 1126 1283
f 1126 1238 1133
f 219 1126 1133
f 1126 219 1208
f 219 887 1208
f 887 1134 1208
f 1134 887 1163
f 1163 819 1134
f 819 1164 1134
f 1182 1238 911
f 1238 1182 1209
f 1209 1133 1238
f 1133 1209 1234
f 846 1133 1234
f 1133 846 219
f 856 219 846
f 219 856 887
f 856 1163 887
f 1163 856 1286
f 1286 816 1163
f 819 1163 816
f 1170 1209 1182
f 1209 1170 1237
f 1237 1234 1209
f 861 846 1234
f 846 861 854
f 854 856 846
f 856 854 852
f 852 1286 856
f 1286 852 1287
f 1287 559 1286
f 816 1286 559
f 815 816 559
f 816 815 463
f 463 819 816
f 861 858 854
f 850 854 858
f 854 850 852
f 1264 852 850
f 852 1264 1287
f 1264 809 1287
f 559 1287 809
f 462 559 809
f 559 462 815
f 858 861 889
f 889 276 858
f 148 858 276
f 858 148 850
f 1135 850 148
f 850 1135 1264
f 1135 461 1264
f 809 1264 461
f 810 809 461
f 809 810 462
f 810 319 462
f 319 815 462
f 276 889 907
f 907 1380 276
f 1220 276 1380
f 1220 148 276
f 1220 1135 148
f 1135 1220 1151
f 1151 814 1135
f 461 1135 814
f 813 461 814
f 461 813 810
f 813 320 810
f 319 810 320
f 1380 907 1379
f 1288 1380 1379
f 1380 1288 1186
f 1380 1186 1259
f 1220 1380 1259
f 1259 1151 1220
f 1012 1379 907
f 1379 1012 1381
f 1381 1288 1379
f 1288 1381 1241
f 1241 1137 1288
f 1280 1288 1137
f 1288 1280 1186
f 1186 1280 1281
f 1186 1281 1259
f 1259 1281 1289
f 1259 1289 1266
f 1151 1259 1266
f 1137 1241 1265
f 1222 1137 1265
f 1137 1222 1216
f 1216 1280 1137
f 1280 1216 1279
f 1232 1280 1279
f 1232 1281 1280
f 1281 1232 1233
f 1281 1233 1289
f 1136 1222 1265
f 1222 1136 1388
f 1388 1215 1222
f 1215 1216 1222
f 1216 1215 1221
f 1221 1279 1216
f 1279 1221 1398
f 1398 1232 1279
f 1232 1398 1231
f 1231 1233 1232
f 1136 904 1388
f 855 1388 904
f 1388 855 1386
f 1215 1388 1386
f 999 1215 1386
f 1215 999 1003
f 1003 1221 1215
f 1221 1003 966
f 966 1398 1221
f 1398 966 1019
f 1019 1231 1398
f 904 1188 855
f 1188 643 855
f 643 1386 855
f 1386 643 999
f 595 999 643
f 999 595 1442
f 1442 1003 999
f 1003 1442 1493
f 1493 966 1003
f 966 1493 1443
f 1443 1019 966
f 1188 904 1387
f 1387 1190 1188
f 1190 1020 1188
f 643 1188 1020
f 1116 643 1020
f 643 1116 595
f 1116 597 595
f 597 1442 595
f 1442 597 1445
f 1504 1442 1445
f 1442 1504 1493
f 1488 1493 1504
f 1493 1488 1443
f 1020 1190 992
f 1516 1020 992
f 1020 1516 1116
f 1516 1517 1116
f 597 1116 1517
f 1517 599 597
f 1486 597 599
f 597 1486 1445
f 1492 1445 1486
f 1445 1492 1504
f 1385 992 1190
f 992 1385 983
f 950 992 983
f 992 950 1516
f 950 1439 1516
f 1517 1516 1439
f 1439 1000 1517
f 599 1517 1000
f 1000 569 599
f 949 599 569
f 599 949 1486
f 1385 648 983
f 1117 983 648
f 983 1117 950
f 1117 959 950
f 1439 950 959
f 959 957 1439
f 1000 1439 957
f 957 1018 1000
f 569 1000 1018
f 1018 1831 569
f 949 569 1831
f 1948 949 1831
f 949 1948 948
f 948 1486 949
f 959 1117 1518
f 961 959 1518
f 957 959 961
f 951 957 961
f 1018 957 951
f 951 1777 1018
f 1831 1018 1777
f 1777 1769 1831
f 1797 1831 1769
f 1831 1797 1948
f 1797 1796 1948
f 1796 967 1948
f 948 1948 967
f 967 1492 948
f 1486 948 1492
f 1769 1777 1766
f 1766 2118 1769
f 2118 1797 1769
f 1797 2118 1924
f 1924 1776 1797
f 1796 1797 1776
f 1771 1766 1777
f 1766 1771 1898
f 1920 1766 1898
f 1766 1920 2140
f 2118 1766 2140
f 2072 2118 2140
f 2118 2072 1852
f 1852 1924 2118
f 1778 1898 1771
f 1898 1778 1901
f 2158 1898 1901
f 1898 2158 1920
f 2056 1920 2158
f 1920 2056 2055
f 2055 2140 1920
f 2140 2055 2072
f 2097 2072 2055
f 2072 2097 1855
f 1855 1852 2072
f 1852 1855 2069
f 2069 2078 1852
f 1924 1852 2078
f 2099 2055 2056
f 2055 2099 2097
f 2100 2097 2099
f 2097 2100 2098
f 2098 1855 2097
f 1855 2098 1773
f 2067 1855 1773
f 1855 2067 2069
f 2067 2068 2069
f 2068 2076 2069
f 2078 2069 2076
f 2100 1762 2098
f 1903 2098 1762
f 2098 1903 1904
f 1905 2098 1904
f 1773 2098 1905
f 1762 2100 2086
f 2086 2085 1762
f 2085 2086 2084
f 1843 2085 2084
f 2085 1843 1907
f 1843 1909 1907
f 1843 1764 1909
f 1764 1910 1909
f 1909 1910 1762
f 1908 1762 1910
f 1762 1908 1903
f 2084 2105 1843
f 1913 1843 2105
f 1913 1821 1843
f 1843 1821 1763
f 1764 1843 1763
f 2105 2084 2109
f 2109 2103 2105
f 2103 1775 2105
f 1608 1775 2103
f 1775 1608 1765
f 1775 1765 1823
f 1823 1915 1775
f 2103 2109 2104
f 2090 2103 2104
f 2103 2090 2652
f 1474 2103 2652
f 1586 2103 1474
f 2103 1586 1608
f 2091 2090 2104
f 2091 2089 2090
f 2089 2652 2090
f 2652 2089 2366
f 2344 2652 2366
f 2652 2344 2365
f 2652 2365 1473
f 1473 1474 2652
f 2089 2091 2092
f 1581 2089 2092
f 2089 1581 1993
f 1992 2089 1993
f 2089 1992 2366
f 1992 2344 2366
f 2344 1992 1576
f 1576 1575 2344
f 1575 2363 2344
f 2363 2365 2344
f 2365 2363 2359
f 2359 1604 2365
f 2365 1604 1473
f 1991 1992 1993
f 1992 1991 1994
f 1994 1567 1992
f 1992 1567 1576
f 1446 1576 1567
f 1446 1568 1576
f 1568 1575 1576
f 2126 1994 1991
f 1994 2126 2125
f 2125 1429 1994
f 1567 1994 1429
f 2127 2125 2126
f 2125 2127 2128
f 1449 2125 2128
f 1521 2125 1449
f 2125 1521 1432
f 1429 2125 1432
f 2127 2052 2128
f 1481 2128 2052
f 2128 1481 1449
f 1483 1449 1481
f 1449 1483 1501
f 1434 1449 1501
f 1449 1434 1446
f 1521 1449 1446
f 1567 1521 1446
f 2052 2127 2050
f 2050 2053 2052
f 1009 2052 2053
f 2052 1009 991
f 2052 991 1481
f 2053 2050 2051
f 2051 2133 2053
f 1588 2053 2133
f 1588 1009 2053
f 1009 1588 1589
f 1590 1009 1589
f 991 1009 1590
f 1906 991 1590
f 991 1906 989
f 1906 1483 989
f 2133 2051 2132
f 2132 2131 2133
f 1591 2133 2131
f 2133 1591 1588
f 2131 2132 2134
f 2135 2131 2134
f 2131 2135 2136
f 2136 1029 2131
f 2131 1029 952
f 2131 952 1591
f 1023 1591 952
f 952 1028 1023
f 1028 1589 1023
f 1589 1028 1590
f 2121 2136 2135
f 2136 2121 2123
f 2123 1013 2136
f 1013 1024 2136
f 1029 2136 1024
f 2121 2130 2123
f 1853 2123 2130
f 2123 1853 1014
f 1013 2123 1014
f 1014 954 1013
f 954 1005 1013
f 1015 1013 1005
f 1013 1015 1024
f 2130 2121 2129
f 2129 2122 2130
f 2122 1853 2130
f 1837 1853 2122
f 1853 1837 2074
f 2074 1014 1853
f 1014 2074 1025
f 1025 1032 1014
f 954 1014 1032
f 2122 2129 2124
f 2124 2355 2122
f 2355 1837 2122
f 1836 1837 2355
f 1837 1836 2066
f 2066 2074 1837
f 2074 2066 2075
f 2075 1006 2074
f 2074 1006 1025
f 2355 2124 2367
f 2367 2360 2355
f 2360 1836 2355
f 1836 2360 1900
f 1900 2295 1836
f 2295 2066 1836
f 2066 2295 2312
f 2312 2075 2066
f 2360 2367 2354
f 2354 2326 2360
f 2326 1900 2360
f 1900 2326 2324
f 2324 2284 1900
f 2295 1900 2284
f 2291 2295 2284
f 2295 2291 2583
f 2514 2295 2583
f 2295 2514 2312
f 2326 2354 2116
f 2117 2326 2116
f 2326 2117 2327
f 2327 2324 2326
f 2324 2327 2325
f 2325 2461 2324
f 2284 2324 2461
f 2593 2284 2461
f 2284 2593 2291
f 2502 2291 2593
f 2291 2502 2503
f 2503 2583 2291
f 1899 2327 2117
f 2327 1899 2060
f 2060 2325 2327
f 2325 2060 1854
f 1854 2283 2325
f 2461 2325 2283
f 2501 2461 2283
f 2461 2501 2593
f 2594 2593 2501
f 2593 2594 2502
f 2160 2060 1899
f 2060 2160 2161
f 2161 1854 2060
f 1854 2161 1774
f 1774 2241 1854
f 2283 1854 2241
f 2722 2283 2241
f 2283 2722 2501
f 2711 2501 2722
f 2501 2711 2594
f 2286 2594 2711
f 2594 2286 2285
f 2285 2502 2594
f 2241 1774 2239
f 2317 2241 2239
f 2241 2317 2722
f 2294 2722 2317
f 2722 2294 2711
f 2428 2711 2294
f 2711 2428 2286
f 2502 2285 2173
f 2733 2502 2173
f 2502 2733 2503
f 2576 2503 2733
f 2503 2576 2713
f 2583 2503 2713
f 2489 2583 2713
f 2583 2489 2514
f 2513 2514 2489
f 2514 2513 2541
f 2541 2312 2514
f 2595 2713 2576
f 2713 2595 2597
f 2713 2597 2489
f 2710 2489 2597
f 2489 2710 2513
f 2625 2513 2710
f 2513 2625 2329
f 2513 2329 2638
f 2638 2541 2513
f 2271 2597 2595
f 2597 2271 2573
f 2597 2573 2710
f 2577 2710 2573
f 2710 2577 2625
f 2577 2620 2625
f 2348 2625 2620
f 2625 2348 2342
f 2342 2329 2625
f 2565 2573 2271
f 2573 2565 2577
f 2565 2566 2577
f 2620 2577 2566
f 2620 2566 2623
f 2636 2620 2623
f 2620 2636 2622
f 2348 2620 2622
f 2566 2565 2596
f 2596 2732 2566
f 2331 2566 2732
f 2566 2331 2623
f 2732 2596 2471
f 2504 2732 2471
f 2732 2504 2470
f 2470 2336 2732
f 2732 2336 2328
f 2732 2328 2331
f 2699 2470 2504
f 2470 2699 2497
f 2629 2470 2497
f 2336 2470 2629
f 2478 2497 2699
f 2497 2478 2480
f 2480 2335 2497
f 2335 2629 2497
f 2629 2335 2628
f 2431 2628 2335
f 2624 2628 2431
f 2628 2624 2635
f 2719 2480 2478
f 2480 2719 2717
f 2717 2334 2480
f 2480 2334 2333
f 2335 2480 2333
f 2333 2431 2335
f 2333 2248 2431
f 2248 2339 2431
f 2432 2431 2339
f 2432 2624 2431
f 2719 2720 2717
f 2308 2717 2720
f 2334 2717 2308
f 2308 2337 2334
f 2337 2308 2631
f 2248 2337 2631
f 2337 2248 2332
f 2248 2333 2332
f 2720 2719 2718
f 2718 2557 2720
f 2578 2720 2557
f 2720 2578 2580
f 2604 2720 2580
f 2720 2604 2308
f 2604 2430 2308
f 2582 2308 2430
f 2308 2582 2631
f 2557 2718 2569
f 2569 2708 2557
f 2275 2557 2708
f 2557 2275 2578
f 2708 2569 2601
f 2598 2708 2601
f 2708 2598 2712
f 2734 2708 2712
f 2708 2734 2451
f 2708 2451 2275
f 2430 2275 2451
f 2275 2430 2604
f 2262 2598 2601
f 2598 2262 2500
f 2545 2598 2500
f 2598 2545 2564
f 2731 2598 2564
f 2598 2731 2712
f 2731 2734 2712
f 2734 2731 2735
f 2735 2730 2734
f 2730 2438 2734
f 2451 2734 2438
f 2289 2451 2438
f 2289 2430 2451
f 2545 2269 2564
f 2574 2564 2269
f 2564 2574 2731
f 2273 2731 2574
f 2467 2731 2273
f 2731 2467 2735
f 2735 2467 2193
f 2193 2592 2735
f 2730 2735 2592
f 2544 2574 2269
f 2574 2544 2498
f 2574 2498 2309
f 2309 2274 2574
f 2191 2574 2274
f 2574 2191 2273
f 2570 2498 2544
f 2498 2570 2203
f 2168 2498 2203
f 2168 2203 2314
f 2250 2168 2314
f 2168 2250 2305
f 2279 2305 2250
f 2305 2279 2309
f 2546 2203 2570
f 2203 2546 2457
f 2203 2457 2318
f 2311 2203 2318
f 2203 2311 2316
f 2203 2316 2314
f 2546 2570 2572
f 2572 2310 2546
f 2603 2310 2572
f 2310 2603 2567
f 2567 2169 2310
f 2185 2310 2169
f 2310 2185 2422
f 2318 2310 2422
f 2311 2318 2422
f 2311 2422 2260
f 2249 2311 2260
f 2603 2562 2567
f 2536 2567 2562
f 2567 2536 2313
f 2313 2319 2567
f 2319 2437 2567
f 2169 2567 2437
f 2562 2603 2568
f 2568 2554 2562
f 2586 2562 2554
f 2562 2586 2536
f 2724 2536 2586
f 2536 2724 2585
f 2723 2536 2585
f 2536 2723 2313
f 2554 2568 2532
f 2532 2282 2554
f 2172 2554 2282
f 2554 2172 2586
f 2171 2586 2172
f 2586 2171 2724
f 2226 2724 2171
f 2724 2226 2507
f 2507 2585 2724
f 2282 2532 2231
f 2231 2460 2282
f 2180 2282 2460
f 2282 2180 2172
f 2180 2171 2172
f 2171 2180 2224
f 2321 2171 2224
f 2171 2321 2226
f 2178 2226 2321
f 2226 2178 2243
f 2243 2507 2226
f 2460 2231 2281
f 2320 2460 2281
f 2460 2320 2182
f 2182 2180 2460
f 2180 2182 2280
f 2280 2224 2180
f 2224 2280 2247
f 2247 2321 2224
f 2321 2247 2246
f 2176 2321 2246
f 2321 2176 2178
f 1490 2182 2320
f 2182 1490 1530
f 2182 1530 1533
f 1533 2280 2182
f 2280 1533 1551
f 1551 1550 2280
f 1550 2247 2280
f 2320 1557 1490
f 1558 1490 1557
f 1490 1558 1458
f 1458 1530 1490
f 1530 1458 1459
f 1459 1533 1530
f 1533 1459 1532
f 1532 1551 1533
f 1551 1532 1224
f 1224 1550 1551
f 1557 2320 1556
f 1556 1476 1557
f 1475 1557 1476
f 1557 1475 1558
f 1602 1558 1475
f 1558 1602 1489
f 1489 1458 1558
f 1458 1489 1539
f 1539 1459 1458
f 1459 1539 1692
f 1692 1532 1459
f 1476 1556 1559
f 1559 1603 1476
f 1584 1476 1603
f 1476 1584 1475
f 1127 1475 1584
f 1475 1127 1602
f 1455 1602 1127
f 1602 1455 1456
f 1456 1489 1602
f 1489 1456 1548
f 1548 1539 1489
f 1603 1559 1479
f 1582 1456 1455
f 1456 1582 1457
f 1457 1548 1456
f 1548 1457 1273
f 1552 1548 1273
f 1548 1552 1690
f 1539 1548 1690
f 1515 1539 1690
f 1539 1515 1692
f 181 1457 1582
f 1457 181 249
f 249 1273 1457
f 1273 249 592
f 453 1273 592
f 1273 453 1552
f 452 1552 453
f 1552 452 1272
f 1272 1690 1552
f 1690 1272 1515
f 181 248 249
f 447 249 248
f 249 447 592
f 592 447 450
f 592 450 453
f 503 453 450
f 453 503 452
f 504 452 503
f 452 504 12
f 12 1272 452
f 248 181 137
f 137 50 248
f 50 447 248
f 242 447 50
f 884 447 242
f 447 884 923
f 450 447 923
f 786 450 923
f 450 786 503
f 762 503 786
f 762 504 503
f 50 137 136
f 136 178 50
f 178 242 50
f 178 136 917
f 128 178 917
f 128 129 178
f 129 128 108
f 884 786 923
f 786 884 766
f 787 786 766
f 786 787 762
f 764 762 787
f 764 763 762
f 763 504 762
f 504 763 238
f 238 12 504
f 787 403 764
f 764 403 400
f 764 400 506
f 506 763 764
f 763 506 788
f 173 763 788
f 763 173 238
f 173 174 238
f 12 238 174
f 403 2 400
f 2 26 400
f 26 506 400
f 506 26 27
f 337 506 27
f 506 337 788
f 1 788 337
f 788 1 173
f 1 236 173
f 174 173 236
f 2 403 344
f 344 1253 2
f 2 1253 303
f 33 2 303
f 2 33 34
f 26 2 34
f 34 405 26
f 405 27 26
f 27 405 459
f 460 27 459
f 27 460 337
f 460 1 337
f 1253 322 303
f 322 345 303
f 4 303 345
f 303 4 33
f 67 33 4
f 33 67 5
f 35 33 5
f 33 35 34
f 405 34 35
f 345 322 65
f 65 555 345
f 345 555 443
f 444 345 443
f 345 444 4
f 166 4 444
f 4 166 67
f 166 3 67
f 338 67 3
f 67 338 5
f 65 926 555
f 926 556 555
f 555 556 558
f 824 555 558
f 555 824 443
f 824 444 443
f 444 824 588
f 588 166 444
f 166 588 239
f 239 446 166
f 3 166 446
f 556 926 1267
f 107 556 1267
f 57 556 107
f 556 57 558
f 254 558 57
f 558 254 824
f 253 824 254
f 824 253 588
f 253 239 588
f 239 253 240
f 240 449 239
f 446 239 449
f 1257 107 1267
f 1257 1389 107
f 449 240 135
f 135 124 449
f 593 449 124
f 449 593 446
f 6 446 593
f 446 6 3
f 38 3 6
f 3 38 338
f 124 135 55
f 55 448 124
f 167 124 448
f 124 167 593
f 167 241 593
f 241 6 593
f 6 241 321
f 37 6 321
f 6 37 38
f 448 55 261
f 261 168 448
f 445 448 168
f 448 445 167
f 445 66 167
f 241 167 66
f 66 43 241
f 43 321 241
f 321 43 319
f 320 321 319
f 321 320 37
f 168 261 283
f 283 123 168
f 123 445 168
f 445 123 466
f 466 820 445
f 66 445 820
f 66 820 42
f 43 66 42
f 463 43 42
f 43 463 815
f 815 319 43
f 123 283 250
f 251 123 250
f 123 251 552
f 552 466 123
f 466 552 553
f 553 821 466
f 820 466 821
f 821 823 820
f 823 42 820
f 42 823 463
f 819 463 823
f 252 552 251
f 552 252 24
f 24 553 552
f 553 24 22
f 22 351 553
f 821 553 351
f 351 817 821
f 823 821 817
f 817 819 823
f 819 817 818
f 1164 819 818
f 252 25 24
f 399 24 25
f 24 399 22
f 399 349 22
f 351 22 349
f 349 465 351
f 817 351 465
f 464 817 465
f 817 464 818
f 464 1164 818
f 1164 464 1128
f 25 252 58
f 58 21 25
f 408 25 21
f 25 408 399
f 68 399 408
f 399 68 347
f 349 399 347
f 348 349 347
f 349 348 557
f 465 349 557
f 21 58 56
f 56 379 21
f 23 21 379
f 21 23 408
f 19 408 23
f 408 19 68
f 381 68 19
f 68 381 346
f 346 347 68
f 347 346 348
f 379 56 246
f 246 72 379
f 398 379 72
f 379 398 23
f 375 23 398
f 23 375 19
f 350 19 375
f 19 350 381
f 392 381 350
f 381 392 17
f 17 346 381
f 72 246 52
f 52 377 72
f 69 72 377
f 72 69 398
f 372 398 69
f 398 372 375
f 371 375 372
f 375 371 350
f 260 350 371
f 350 260 392
f 377 52 244
f 247 377 244
f 377 247 71
f 70 377 71
f 377 70 69
f 395 69 70
f 69 395 372
f 18 372 395
f 372 18 371
f 20 371 18
f 371 20 260
f 1175 71 247
f 1175 1174 71
f 71 1174 402
f 31 71 402
f 71 31 70
f 122 70 31
f 70 122 395
f 126 395 122
f 395 126 18
f 126 20 18
f 20 126 373
f 126 210 373
f 1245 1174 1175
f 1174 1245 1095
f 1095 1094 1174
f 406 1174 1094
f 1174 406 402
f 127 402 406
f 402 127 31
f 32 31 127
f 31 32 122
f 125 122 32
f 122 125 126
f 210 126 125
f 1094 1095 1201
f 1201 1176 1094
f 1202 1094 1176
f 378 1094 1202
f 1094 378 406
f 376 406 378
f 406 376 127
f 394 127 376
f 127 394 32
f 380 32 394
f 32 380 125
f 1176 1201 1091
f 1091 1096 1176
f 1202 1176 1096
f 1096 1091 1092
f 346 17 245
f 245 348 346
f 348 245 259
f 259 557 348
f 557 259 554
f 554 465 557
f 465 554 464
f 554 1128 464
f 1128 554 1285
f 245 214 259
f 1285 259 214
f 259 1285 554
f 2183 2313 2723
f 2170 2313 2183
f 2313 2170 2422
f 2185 2313 2422
f 2313 2185 2319
f 2306 2422 2170
f 2306 2260 2422
f 2260 2306 2259
f 2306 2303 2259
f 2303 2306 2449
f 2301 2303 2449
f 2235 2303 2301
f 2306 2170 2276
f 2306 2276 2584
f 2440 2306 2584
f 2252 2306 2440
f 2252 2449 2306
f 2450 2449 2252
f 2449 2450 2441
f 2255 2449 2441
f 2449 2255 2301
f 2276 2723 2584
f 2723 2585 2584
f 2534 2584 2585
f 2584 2534 2515
f 2515 2440 2584
f 2440 2515 2254
f 2442 2254 2515
f 2254 2442 2184
f 2254 2184 2450
f 2450 2184 2441
f 2585 2507 2534
f 2507 2506 2534
f 2506 2515 2534
f 2515 2506 2726
f 2726 2442 2515
f 2442 2726 2423
f 2537 2423 2726
f 2423 2537 2253
f 2506 2507 2322
f 2509 2506 2322
f 2506 2509 2709
f 2709 2726 2506
f 2726 2709 2537
f 2507 2243 2322
f 2458 2322 2243
f 2322 2458 2509
f 2459 2509 2458
f 2509 2459 2535
f 2535 2709 2509
f 2709 2535 2505
f 2505 2537 2709
f 2243 2244 2458
f 2323 2458 2244
f 2458 2323 2459
f 2242 2459 2323
f 2459 2242 2177
f 2177 2535 2459
f 2535 2177 2508
f 2508 2505 2535
f 2244 2243 2178
f 2178 2223 2244
f 2222 2244 2223
f 2244 2222 2323
f 2245 2323 2222
f 2323 2245 2242
f 2245 1845 2242
f 1921 2242 1845
f 2242 1921 2177
f 1858 2177 1921
f 2177 1858 2508
f 2223 2178 2176
f 2176 1599 2223
f 1599 2222 2223
f 2222 1599 1462
f 1462 2245 2222
f 2245 1462 1460
f 995 2245 1460
f 2245 995 1844
f 1845 2245 1844
f 1599 2176 1478
f 1536 1599 1478
f 1599 1536 1592
f 1592 1462 1599
f 1462 1592 1543
f 1543 1460 1462
f 1460 1543 1535
f 1491 1460 1535
f 1460 1491 995
f 2176 1553 1478
f 1271 1478 1553
f 1478 1271 1536
f 1510 1536 1271
f 1536 1510 1704
f 1704 1592 1536
f 1592 1704 1538
f 1537 1592 1538
f 1592 1537 1543
f 1553 2176 2246
f 1526 1553 2246
f 1508 1553 1526
f 1553 1508 1271
f 1693 1271 1508
f 1271 1693 1510
f 1513 1510 1693
f 1510 1513 1541
f 1512 1510 1541
f 1510 1512 1704
f 2246 1597 1526
f 1509 1526 1597
f 1526 1509 1508
f 1542 1508 1509
f 1508 1542 1693
f 1514 1693 1542
f 1693 1514 1513
f 1514 1228 1513
f 1547 1513 1228
f 1513 1547 1541
f 1597 2246 2247
f 1597 2247 1461
f 1463 1597 1461
f 1597 1463 1509
f 1477 1509 1463
f 1509 1477 1542
f 1477 1514 1542
f 1514 1477 1601
f 1601 1598 1514
f 1228 1514 1598
f 2247 1550 1461
f 1527 1461 1550
f 1461 1527 1463
f 1687 1463 1527
f 1463 1687 1477
f 1691 1477 1687
f 1477 1691 1601
f 1691 1600 1601
f 1598 1601 1600
f 1600 9 1598
f 658 1598 9
f 1598 658 1228
f 1550 1224 1527
f 1540 1527 1224
f 1527 1540 1687
f 1689 1687 1540
f 1687 1689 1691
f 1689 1555 1691
f 1600 1691 1555
f 236 1600 1555
f 1600 236 51
f 9 1600 51
f 51 120 9
f 120 658 9
f 1224 1595 1540
f 1529 1540 1595
f 1540 1529 1689
f 1529 1554 1689
f 1555 1689 1554
f 174 1555 1554
f 1555 174 236
f 1595 1224 1532
f 1532 1692 1595
f 1515 1595 1692
f 1595 1515 1529
f 1515 1229 1529
f 1554 1529 1229
f 12 1554 1229
f 1554 12 174
f 1229 1515 1272
f 1272 12 1229
f 236 1 51
f 120 51 1
f 1 460 120
f 460 237 120
f 658 120 237
f 591 658 237
f 658 591 121
f 121 1228 658
f 1228 121 1547
f 237 460 457
f 456 237 457
f 237 456 591
f 589 591 456
f 591 589 13
f 121 591 13
f 13 11 121
f 11 1547 121
f 1547 11 1525
f 1525 1541 1547
f 459 457 460
f 457 459 455
f 455 456 457
f 456 455 794
f 794 589 456
f 589 794 175
f 175 590 589
f 15 589 590
f 15 13 589
f 15 11 13
f 11 15 170
f 170 1525 11
f 405 455 459
f 455 405 404
f 404 794 455
f 794 404 401
f 30 794 401
f 794 30 175
f 30 795 175
f 175 795 590
f 795 674 590
f 590 674 10
f 590 10 15
f 10 170 15
f 35 404 405
f 404 35 36
f 36 401 404
f 401 36 327
f 327 30 401
f 30 327 255
f 409 30 255
f 409 795 30
f 789 795 409
f 795 789 458
f 795 458 674
f 5 36 35
f 36 5 338
f 338 327 36
f 327 338 38
f 38 255 327
f 255 38 37
f 37 374 255
f 409 255 374
f 813 409 374
f 409 813 789
f 814 789 813
f 789 814 505
f 791 789 505
f 789 791 458
f 791 792 458
f 792 674 458
f 374 37 320
f 320 813 374
f 814 1151 505
f 1151 791 505
f 791 1151 1266
f 1262 791 1266
f 791 1262 793
f 792 791 793
f 28 792 793
f 792 28 790
f 674 792 790
f 14 674 790
f 674 14 10
f 1289 1262 1266
f 1262 1289 1150
f 28 1262 1150
f 1262 28 793
f 1289 1211 1150
f 29 1150 1211
f 1150 29 28
f 29 790 28
f 790 29 14
f 171 14 29
f 14 171 16
f 169 14 16
f 14 169 10
f 170 10 169
f 1211 1289 1233
f 1212 1211 1233
f 1211 1212 1230
f 171 1211 1230
f 1211 171 29
f 1233 1231 1212
f 958 1212 1231
f 1212 958 1016
f 1016 1230 1212
f 1230 1016 1017
f 172 1230 1017
f 1230 172 171
f 172 16 171
f 16 172 1223
f 1544 16 1223
f 16 1544 169
f 1231 1019 958
f 1495 958 1019
f 958 1495 1498
f 1506 958 1498
f 958 1506 1016
f 1502 1016 1506
f 1016 1502 1017
f 1502 1528 1017
f 1017 1528 1596
f 1596 172 1017
f 1019 1443 1495
f 1488 1495 1443
f 1495 1488 1440
f 1440 1498 1495
f 1498 1440 1494
f 1505 1498 1494
f 1498 1505 1506
f 1505 1587 1506
f 1587 1502 1506
f 1488 1497 1440
f 1496 1440 1497
f 1440 1496 1494
f 1496 1505 1494
f 1505 1496 1491
f 996 1505 1491
f 1505 996 998
f 1587 1505 998
f 1497 1488 1499
f 1499 644 1497
f 645 1497 644
f 1497 645 1496
f 995 1496 645
f 1496 995 1491
f 1504 1499 1488
f 1499 1504 1492
f 1492 967 1499
f 644 1499 967
f 967 1796 644
f 1796 645 644
f 645 1796 1779
f 1844 645 1779
f 645 1844 995
f 1776 1779 1796
f 1779 1776 1832
f 1832 1844 1779
f 1844 1832 1845
f 1919 1845 1832
f 1845 1919 1921
f 1893 1921 1919
f 1921 1893 1858
f 1795 1832 1776
f 1832 1795 1919
f 1798 1919 1795
f 1919 1798 1893
f 2077 1893 1798
f 1893 2077 2111
f 2111 1858 1893
f 1858 2111 1859
f 1859 2508 1858
f 1776 1924 1795
f 2078 1795 1924
f 1795 2078 1798
f 2078 2077 1798
f 2077 2078 2076
f 2070 2077 2076
f 2077 2070 1856
f 1856 2111 2077
f 2111 1856 2115
f 2115 1859 2111
f 1859 2115 2112
f 2112 2350 1859
f 2538 1859 2350
f 2508 1859 2538
f 2505 2508 2538
f 2076 2068 2070
f 1872 2070 2068
f 2070 1872 1887
f 1887 1877 2070
f 1877 1856 2070
f 1856 1877 1875
f 1875 2115 1856
f 1872 2068 1873
f 1886 1872 1873
f 1886 1873 1884
f 1884 1874 1886
f 1874 1884 1891
f 1874 1891 1876
f 1887 1874 1876
f 1877 1887 1876
f 1873 2068 1870
f 1873 1870 1916
f 1873 1916 1910
f 1865 1873 1910
f 1873 1865 1861
f 1863 1873 1861
f 1873 1863 1884
f 1870 2068 2067
f 1764 1865 1910
f 1914 1865 1764
f 1918 1865 1914
f 1867 1865 1918
f 1821 1918 1914
f 1918 1821 1917
f 1917 1867 1918
f 1917 1864 1867
f 1867 1864 1701
f 1702 1867 1701
f 1466 1867 1702
f 1867 1466 1860
f 1867 1860 1863
f 1913 1917 1821
f 1917 1913 1915
f 1915 1823 1917
f 1860 1884 1863
f 1862 1884 1860
f 1884 1862 1891
f 1862 1868 1891
f 1868 1889 1891
f 1890 1891 1889
f 1891 1890 1876
f 1860 1653 1862
f 1862 1653 1464
f 1468 1862 1464
f 1862 1468 1868
f 1653 1860 1466
f 1464 1883 1468
f 1464 1469 1883
f 1883 1469 1472
f 1472 1882 1883
f 1883 1882 2073
f 1889 1883 2073
f 1883 1889 1869
f 1889 1868 1869
f 1469 1464 1470
f 1892 1470 1464
f 1470 1892 1605
f 651 1605 1892
f 1605 651 2645
f 2645 1881 1605
f 1560 1892 1464
f 1892 1560 1894
f 2539 1892 1894
f 1892 2539 651
f 1560 1464 1471
f 1471 1561 1560
f 1879 1560 1561
f 1560 1879 1878
f 1878 1879 1880
f 1008 1471 1464
f 1563 1008 1464
f 1563 1564 1008
f 1563 1607 1564
f 1607 1585 1564
f 1585 1561 1564
f 1561 1585 1562
f 1562 1879 1561
f 1609 1563 1464
f 1563 1609 1606
f 1609 1467 1606
f 1467 1609 1701
f 1467 1701 1465
f 1465 1607 1467
f 1653 1609 1464
f 1609 1653 1703
f 1702 1609 1703
f 1609 1702 1701
f 1880 2539 1894
f 2539 1880 2188
f 2256 2539 2188
f 2539 2256 2511
f 2539 2511 2484
f 2484 2351 2539
f 2190 2351 2484
f 2351 2190 2645
f 1880 1879 2188
f 2188 1879 1031
f 1562 1031 1879
f 1031 1562 986
f 2277 986 1562
f 986 2277 2647
f 2277 2648 2647
f 2648 2277 2264
f 2264 2646 2648
f 2646 2264 2265
f 2188 2646 2265
f 1562 1574 2277
f 1574 2716 2277
f 2425 2277 2716
f 2425 2264 2277
f 2264 2425 2452
f 2452 2475 2264
f 2475 2474 2264
f 2264 2474 2265
f 1574 1562 1569
f 1569 1562 1585
f 1571 1569 1585
f 1569 1571 1573
f 1573 1571 1519
f 1450 1573 1519
f 1573 1450 1447
f 1685 1447 1450
f 1685 1574 1447
f 1695 1571 1585
f 1571 1695 1570
f 1520 1571 1570
f 1571 1520 1519
f 1523 1519 1520
f 1431 1519 1523
f 1519 1431 1566
f 1566 1450 1519
f 1695 1585 2653
f 1695 2653 2364
f 1480 1695 2364
f 1523 1480 2364
f 1520 1480 1523
f 1585 1607 2653
f 1607 2359 2653
f 2363 2653 2359
f 2653 2363 2364
f 2364 2363 1524
f 1524 1523 2364
f 1523 1524 1522
f 1522 1430 1523
f 1430 1431 1523
f 2359 1607 1465
f 1604 2359 1465
f 1608 1604 1465
f 1604 1608 1586
f 1701 1608 1465
f 1608 1701 1765
f 1765 1701 1864
f 2363 1575 1524
f 1431 1430 1433
f 1430 1436 1433
f 1650 1433 1436
f 1565 1433 1650
f 1565 1437 1433
f 1435 1433 1437
f 1450 1435 1437
f 1435 1450 1566
f 1436 1430 1652
f 1430 1507 1652
f 1507 1430 1434
f 1507 1434 1501
f 1912 1507 1501
f 1906 1912 1501
f 1906 1911 1912
f 1650 1912 1911
f 1650 1436 1912
f 1430 1522 1434
f 1434 1522 1568
f 1568 1446 1434
f 1483 1906 1501
f 1437 1565 1503
f 1503 1438 1437
f 1437 1438 1686
f 1686 2352 1437
f 2362 1437 2352
f 2362 1450 1437
f 1450 2362 1685
f 1438 1503 1500
f 1500 1849 1438
f 1849 2358 1438
f 2358 1686 1438
f 1500 1428 1849
f 1428 2119 1849
f 2482 1849 2119
f 1849 2482 2587
f 2358 1849 2587
f 2485 2358 2587
f 2358 2485 2466
f 2358 2466 2356
f 1428 1500 1482
f 1482 1427 1428
f 1427 1614 1428
f 2119 1428 1614
f 1614 1616 2119
f 2119 1616 2353
f 2482 2119 2353
f 2482 2353 2588
f 2485 2482 2588
f 2482 2485 2587
f 1427 1482 1650
f 1427 1650 1911
f 1911 990 1427
f 990 955 1427
f 1611 1427 955
f 1614 1427 1611
f 1611 1027 1614
f 1616 1614 1027
f 1482 1565 1650
f 1610 1616 1027
f 1616 1610 2120
f 1688 1616 2120
f 1616 1688 2353
f 1610 1651 2120
f 1651 1938 2120
f 2292 2120 1938
f 2120 2292 2462
f 2462 1688 2120
f 1688 2462 2357
f 2462 2361 2357
f 1938 1651 1613
f 1613 1902 1938
f 2429 1938 1902
f 1938 2429 2292
f 2429 2293 2292
f 2590 2292 2293
f 2292 2590 2462
f 2361 2462 2590
f 2361 2590 2633
f 2633 2353 2361
f 1651 1004 1613
f 984 1613 1004
f 1613 984 1030
f 1902 1613 1030
f 1902 1030 985
f 2075 1902 985
f 2591 1902 2075
f 1902 2591 2429
f 1004 1651 1615
f 1615 953 1004
f 953 984 1004
f 984 953 1005
f 1005 1007 984
f 1007 1025 984
f 984 1025 1026
f 1026 1030 984
f 1651 1022 1615
f 1022 1612 1615
f 1612 1028 1615
f 953 1615 1028
f 1028 952 953
f 952 1015 953
f 1015 1005 953
f 1611 1612 1022
f 1612 1611 955
f 1027 1611 1022
f 1006 1026 1025
f 1032 1025 1007
f 1006 2075 985
f 1028 1612 1590
f 1612 1021 1590
f 1021 1906 1590
f 1906 1021 1911
f 1911 1021 990
f 2075 2312 2591
f 2312 2541 2591
f 2589 2591 2541
f 2591 2589 2429
f 2293 2429 2589
f 2589 2634 2293
f 2627 2293 2634
f 2293 2627 2590
f 2541 2637 2589
f 2589 2637 2349
f 2634 2589 2349
f 2639 2634 2349
f 2634 2639 2347
f 2347 2627 2634
f 2627 2347 2340
f 2627 2340 2626
f 2541 2638 2637
f 2345 2639 2349
f 2639 2345 2329
f 2621 2639 2329
f 2622 2639 2621
f 2341 2639 2622
f 2639 2341 2347
f 2341 2340 2347
f 2340 2341 2624
f 2624 2432 2340
f 2626 2340 2432
f 2638 2329 2345
f 2329 2342 2621
f 2636 2341 2622
f 2328 2341 2636
f 2328 2624 2341
f 2624 2328 2635
f 2635 2328 2336
f 2632 2590 2627
f 2632 2633 2590
f 2633 2632 2640
f 2330 2633 2640
f 2633 2330 2588
f 2588 2353 2633
f 2640 2630 2330
f 2209 2330 2630
f 2330 2209 2211
f 2211 2588 2330
f 2588 2211 2485
f 2211 2206 2485
f 2206 2466 2485
f 2630 2640 2626
f 2432 2630 2626
f 2630 2432 2346
f 2630 2346 2209
f 2338 2209 2346
f 2167 2209 2338
f 2209 2167 2518
f 2519 2209 2518
f 2209 2519 2211
f 2206 2211 2519
f 2167 2338 2339
f 2339 2248 2167
f 2248 2186 2167
f 2518 2167 2186
f 2518 2186 2208
f 2518 2208 2288
f 2464 2518 2288
f 2519 2518 2464
f 2248 2631 2186
f 2186 2631 2207
f 2207 2631 2582
f 2287 2207 2582
f 2207 2287 2465
f 2287 2208 2465
f 2208 2287 2288
f 2287 2581 2288
f 2581 2287 2702
f 2290 2581 2702
f 2581 2290 2427
f 2701 2287 2582
f 2287 2701 2702
f 2439 2702 2701
f 2702 2439 2575
f 2702 2575 2261
f 2579 2702 2261
f 2702 2579 2290
f 2582 2289 2701
f 2430 2289 2582
f 2261 2575 2443
f 2443 2575 2729
f 2443 2729 2475
f 2424 2443 2475
f 2443 2424 2263
f 2424 2579 2263
f 2579 2424 2290
f 2730 2729 2575
f 2729 2730 2592
f 2592 2298 2729
f 2298 2475 2729
f 2475 2298 2266
f 2474 2475 2266
f 2575 2439 2730
f 2438 2730 2439
f 2468 2266 2298
f 2468 2343 2266
f 2468 2268 2343
f 2343 2268 2469
f 2192 2469 2268
f 2469 2192 2474
f 2192 2265 2474
f 2265 2192 2267
f 2267 2256 2265
f 2256 2188 2265
f 2468 2456 2268
f 2456 2472 2268
f 2255 2268 2472
f 2255 2473 2268
f 2268 2473 2189
f 2447 2268 2189
f 2268 2447 2296
f 2296 2484 2268
f 2484 2192 2268
f 2456 2468 2297
f 2448 2456 2297
f 2456 2448 2302
f 2455 2456 2302
f 2456 2455 2454
f 2472 2456 2454
f 2448 2270 2302
f 2274 2302 2270
f 2302 2274 2315
f 2315 2236 2302
f 2235 2302 2236
f 2455 2302 2235
f 2235 2453 2455
f 2270 2448 2298
f 2298 2592 2270
f 2592 2193 2270
f 2193 2274 2270
f 2274 2193 2191
f 2192 2484 2511
f 2484 2296 2190
f 2453 2235 2301
f 2301 2472 2453
f 2472 2301 2255
f 2250 2235 2236
f 2250 2421 2235
f 2235 2421 2260
f 2421 2249 2260
f 2314 2249 2421
f 2421 2250 2314
f 2274 2309 2315
f 2309 2279 2315
f 2189 2272 2447
f 2299 2272 2189
f 2272 2299 2257
f 2300 2257 2299
f 2300 2645 2257
f 2645 2190 2257
f 2189 2512 2299
f 2644 2299 2512
f 2299 2644 2300
f 2189 2251 2512
f 2307 2512 2251
f 2512 2307 2420
f 2420 2725 2512
f 2725 2510 2512
f 2510 2644 2512
f 2644 2510 2643
f 2510 652 2643
f 2251 2189 2187
f 2237 2251 2187
f 2251 2237 2441
f 2441 2253 2251
f 2537 2251 2253
f 2251 2537 2307
f 2304 2307 2537
f 2255 2441 2237
f 2473 2255 2237
f 2253 2441 2184
f 2300 1881 2645
f 2300 1882 1881
f 1882 1472 1881
f 652 1882 2300
f 1882 652 2073
f 652 2510 2073
f 2071 2073 2510
f 1866 2073 2071
f 1885 2073 1866
f 2073 1885 1889
f 1889 1885 2115
f 2115 1890 1889
f 2115 1875 1890
f 2510 650 2071
f 2112 2071 650
f 1888 2071 2112
f 2112 2115 1888
f 1888 2115 1885
f 650 2510 2641
f 2510 2642 2641
f 2642 2510 2725
f 2736 2642 2725
f 2736 2350 2642
f 2350 2736 2505
f 2538 2350 2505
f 2304 2736 2725
f 2736 2304 2537
f 2537 2505 2736
f 2350 2112 650
f 2452 2424 2475
f 2424 2452 2426
f 2426 2290 2424
f 2426 2520 2290
f 2427 2290 2520
f 2520 2728 2427
f 2728 2520 2517
f 2728 2517 2288
f 2517 2464 2288
f 2464 2517 2210
f 2520 2426 2727
f 2650 2520 2727
f 2362 2520 2650
f 2520 2362 2517
f 2362 2352 2517
f 2352 2356 2517
f 2517 2356 2466
f 2466 2210 2517
f 2210 2466 2206
f 2650 2727 2425
f 2425 2651 2650
f 2651 2425 2716
f 1574 2651 2716
f 2651 1574 1685
f 2356 2352 2649
f 2352 1686 2649
f 1596 1223 172
f 1223 1596 1528
f 1528 1534 1223
f 1534 1544 1223
f 1544 1534 1185
f 1185 1531 1544
f 1531 169 1544
f 169 1531 170
f 1525 170 1531
f 1534 1528 1549
f 1535 1534 1549
f 1534 1535 1543
f 1593 1534 1543
f 1534 1593 1594
f 1511 1534 1594
f 1534 1511 1185
f 1528 1502 1549
f 1502 1535 1549
f 1535 1502 1491
f 1502 996 1491
f 996 1502 994
f 996 994 997
f 997 998 996
f 997 1587 998
f 994 1587 997
f 1502 1587 994
f 1537 1593 1543
f 1593 1537 1270
f 1219 1593 1270
f 1593 1219 1594
f 1594 1219 1511
f 1219 1270 1511
f 1537 1511 1270
f 1511 1537 1185
f 1537 1694 1185
f 1531 1185 1694
f 1512 1531 1694
f 1531 1512 1525
f 1541 1525 1512
f 1694 1704 1512
f 1704 1694 1538
f 1694 1537 1538
f 1908 1773 1905
f 1773 1908 1910
f 1916 1773 1910
f 1773 1916 1871
f 1871 2067 1773
f 880 1255 962
f 1255 880 1246
f 1246 1244 1255
f 1244 1246 1251
f 965 1251 1246
f 1251 965 971
f 970 971 965
f 971 970 969
f 1246 880 973
f 965 1246 973
f 973 975 965
f 977 965 975
f 965 977 970
f 977 968 970
f 580 970 968
f 970 580 969
f 968 977 1011
f 1011 1010 968
f 1010 580 968
f 580 1010 1198
f 1198 1138 580
f 1198 1242 1138
f 1242 1198 1115
f 1142 1242 1115
f 1242 1142 1143
f 1010 1011 642
f 641 1010 642
f 1010 641 602
f 602 1198 1010
f 1198 602 1114
f 1252 1198 1114
f 1198 1252 1115
f 1252 1142 1115
f 1142 1252 1145
f 1145 1254 1142
f 1254 1143 1142
f 1143 1254 1256
f 1139 1256 1254
f 1139 499 1256
f 499 1139 752
f 744 499 752
f 499 744 736
f 1254 1145 1346
f 1346 1139 1254
f 1139 1346 1140
f 1140 752 1139
f 752 1140 451
f 502 752 451
f 752 502 744
f 470 744 502
f 744 470 438
f 744 438 736
f 438 437 736
f 437 438 467
f 467 739 437
f 739 467 471
f 476 739 471
f 739 476 469
f 435 438 470
f 438 435 467
f 664 467 435
f 467 664 471
f 664 476 471
f 476 664 660
f 1301 476 660
f 476 1301 1344
f 1344 1098 476
f 476 1098 469
f 1299 1344 1301
f 1344 1299 1300
f 1302 1344 1300
f 1344 1302 1298
f 1098 1344 1298
f 1345 1098 1298
f 1098 1345 1343
f 1345 1276 1343
f 1276 1345 1297
f 1297 436 1276
f 1097 1298 1302
f 1298 1097 1345
f 1097 1297 1345
f 1297 1097 1093
f 1275 1297 1093
f 1297 1275 472
f 436 1297 472
f 472 468 436
f 468 472 737
f 1099 737 472
f 737 1099 1183
f 472 1275 1099
f 974 979 881
f 979 974 963
f 964 963 974
f 963 964 872
f 1268 872 964
f 872 1268 1178
f 1243 1178 1268
f 1178 1243 873
f 1243 686 873
f 686 1243 1113
f 688 686 1113
f 688 1113 1110
f 689 688 1110
f 1268 661 1243
f 138 1243 661
f 1243 138 1113
f 182 1113 138
f 1113 182 1110
f 182 1108 1110
f 1110 1108 690
f 689 1110 690
f 661 1268 662
f 720 661 662
f 661 720 678
f 678 138 661
f 138 678 180
f 180 182 138
f 182 180 176
f 879 182 176
f 182 879 878
f 1108 182 878
f 1155 678 720
f 678 1155 1090
f 1200 678 1090
f 678 1200 180
f 1199 180 1200
f 1199 176 180
f 1248 176 1199
f 1248 1247 176
f 176 1247 879
f 720 1089 1155
f 1089 720 903
f 903 1278 1089
f 1278 903 1156
f 1156 1157 1278
f 1157 1156 1100
f 1247 1177 879
f 879 1177 877
f 877 878 879
f 878 877 901
f 1107 878 901
f 878 1107 1108
f 1108 1107 685
f 690 1108 685
f 844 901 877
f 901 844 842
f 988 901 842
f 901 988 1107
f 217 842 844
f 842 217 179
f 1112 842 179
f 842 1112 988
f 1168 1167 1181
f 1111 1167 1168
f 1167 1111 981
f 1166 981 1111
f 981 1166 1162
f 1180 1162 1166
f 980 1162 1180
f 888 1111 1168
f 1193 1111 888
f 1111 1193 1165
f 1111 1165 1166
f 1196 1166 1165
f 1166 1196 1180
f 1249 1180 1196
f 1180 1249 1226
f 1225 1180 1226
f 1180 1225 1192
f 1192 980 1180
f 980 1192 1487
f 1197 1165 1193
f 1165 1197 1196
f 1250 1196 1197
f 1196 1250 1249
f 1250 1195 1249
f 1109 1249 1195
f 1249 1109 1226
f 1159 1226 1109
f 1226 1159 1225
f 1105 1225 1159
f 1225 1105 1102
f 1102 1192 1225
f 1195 1250 1106
f 1161 1106 1250
f 1106 1161 1441
f 1161 663 1441
f 663 1161 560
f 560 486 663
f 486 560 659
f 484 486 659
f 486 484 633
f 484 668 633
f 668 484 485
f 485 667 668
f 667 485 672
f 673 667 672
f 667 673 666
f 671 666 673
f 666 671 669
f 665 669 671
f 669 665 670
f 561 670 665
f 670 561 477
f 673 1770 671
f 1772 671 1770
f 671 1772 665
f 1768 665 1772
f 665 1768 561
f 1767 561 1768
f 561 1767 565
f 565 477 561
f 477 565 677
f 1770 1923 1772
f 1923 1768 1772
f 1768 1923 2138
f 2138 1767 1768
f 1767 2138 2024
f 2024 1816 1767
f 1816 2024 1833
f 1936 1833 2024
f 1923 1770 1927
f 1925 1923 1927
f 1923 1925 1928
f 2137 1923 1928
f 1923 2137 2138
f 2137 1926 2138
f 1926 2024 2138
f 2024 1926 1922
f 1922 2054 2024
f 2054 1936 2024
f 1936 2054 1997
f 1925 2139 1928
f 1817 1928 2139
f 1817 2137 1928
f 2137 1817 1819
f 1819 1996 2137
f 1996 1926 2137
f 1926 1996 2058
f 2058 1922 1926
f 1922 2058 1827
f 1827 2054 1922
f 2054 1827 2081
f 2081 1997 2054
f 1997 2081 2080
f 2139 1846 1817
f 1846 1935 1817
f 1935 1819 1817
f 1819 1935 2008
f 2008 1996 1819
f 1996 2008 1995
f 1995 2058 1996
f 2058 1995 2026
f 2026 1827 2058
f 1827 2026 2049
f 2049 2081 1827
f 2081 2049 2101
f 2101 2080 2081
f 2080 2101 2102
f 1935 1846 2147
f 2164 1935 2147
f 1935 2164 2048
f 2048 2008 1935
f 2008 2048 2002
f 2002 1995 2008
f 1995 2002 1824
f 1824 2026 1995
f 2026 1824 2025
f 2025 2049 2026
f 2049 2025 2045
f 2045 2101 2049
f 2101 2045 2083
f 2083 2102 2101
f 2102 2083 2093
f 2164 1897 2048
f 1897 1848 2048
f 1848 2002 2048
f 2002 1848 1822
f 1822 1824 2002
f 1824 1822 2001
f 2001 2025 1824
f 2025 2001 2027
f 2027 2045 2025
f 2045 2027 2003
f 2003 2083 2045
f 2083 2003 2095
f 2095 2093 2083
f 2093 2095 2106
f 1848 1897 1850
f 1103 1102 1105
f 1102 1103 1101
f 1104 1102 1101
f 1192 1102 1104
f 1158 1192 1104
f 1192 1158 1487
f 1103 1484 1101
f 1101 1484 1160
f 1160 1104 1101
f 1104 1160 1158
f 1141 1144 1146
f 1144 1141 1147
f 1141 1397 1147
f 1397 1296 1147
f 1296 1397 1295
f 1397 765 1295
f 765 1397 759
f 500 765 759
f 765 500 760
f 1397 1141 1294
f 761 1397 1294
f 1397 761 759
f 761 500 759
f 500 761 454
f 753 500 454
f 500 753 440
f 501 500 440
f 500 501 760
f 753 439 440
f 439 753 738
f 177 226 225
f 220 177 225
f 222 177 220
f 220 221 222
f 221 220 224
f 224 223 221
f 900 221 223
f 225 1277 220
f 1277 227 220
f 220 227 224
f 227 899 224
f 223 224 899
f 899 909 223
f 909 900 223
f 900 909 908
f 1454 900 908
f 227 1277 228
f 229 227 228
f 899 227 229
f 229 910 899
f 909 899 910
f 925 909 910
f 909 925 921
f 921 908 909
f 908 921 845
f 1261 908 845
f 908 1261 1454
f 1303 229 228
f 1303 874 229
f 920 229 874
f 229 920 876
f 910 229 876
f 927 910 876
f 910 927 925
f 874 1303 883
f 916 874 883
f 874 916 919
f 902 874 919
f 874 902 920
f 898 920 902
f 920 898 924
f 924 876 920
f 876 924 927
f 922 919 916
f 919 922 843
f 919 843 902
f 918 902 843
f 902 918 898
f 843 922 885
f 918 843 885
f 1578 1454 1261
f 1454 1578 1583
f 1578 1577 1583
f 1577 1578 1452
f 1119 1577 1452
f 1577 1119 1124
f 1121 1124 1119
f 1124 1121 1123
f 1121 1125 1123
f 2179 1123 1125
f 1125 2181 2179
f 2181 2175 2179
f 2175 2181 2444
f 2181 2445 2444
f 2445 2228 2444
f 1125 1121 1546
f 1546 1453 1125
f 2181 1125 1453
f 1453 2278 2181
f 2445 2181 2278
f 2234 2445 2278
f 2445 2234 2227
f 2225 2445 2227
f 2445 2225 2446
f 2228 2445 2446
f 2229 2228 2446
f 1453 1546 1545
f 1545 1579 1453
f 2278 1453 1579
f 1579 2234 2278
f 2234 1579 1122
f 1122 2240 2234
f 2240 2227 2234
f 2227 2240 2492
f 2492 2477 2227
f 2225 2227 2477
f 1579 1545 1451
f 1451 1122 1579
f 1122 1451 1120
f 1120 1580 1122
f 2240 1122 1580
f 1580 1120 1118
f 2238 2492 2240
f 2492 2238 2618
f 2488 2492 2618
f 2488 2552 2492
f 2174 2492 2552
f 2477 2492 2174
f 2174 2542 2477
f 2605 2477 2542
f 2477 2605 2225
f 2552 2488 2617
f 2617 2602 2552
f 2494 2552 2602
f 2552 2494 2174
f 2542 2174 2494
f 2494 2516 2542
f 2616 2542 2516
f 2542 2616 2605
f 2555 2605 2616
f 2605 2555 2491
f 2491 2225 2605
f 2602 2617 2715
f 2715 2561 2602
f 2479 2602 2561
f 2602 2479 2494
f 2516 2494 2479
f 2479 2619 2516
f 2721 2516 2619
f 2516 2721 2616
f 2610 2616 2721
f 2616 2610 2555
f 2561 2715 2705
f 2705 2563 2561
f 2481 2561 2563
f 2561 2481 2479
f 2619 2479 2481
f 2481 2487 2619
f 2611 2619 2487
f 2619 2611 2721
f 2495 2721 2611
f 2721 2495 2610
f 2563 2705 2714
f 2714 2706 2563
f 2496 2563 2706
f 2563 2496 2481
f 2487 2481 2496
f 2496 2486 2487
f 2606 2487 2486
f 2487 2606 2611
f 2612 2611 2606
f 2611 2612 2495
f 2706 2714 2560
f 2560 2499 2706
f 2698 2706 2499
f 2706 2698 2496
f 2486 2496 2698
f 2698 2531 2486
f 2549 2486 2531
f 2486 2549 2606
f 2608 2606 2549
f 2606 2608 2612
f 2608 2201 2612
f 2201 2495 2612
f 2499 2560 2571
f 2599 2499 2571
f 2499 2599 2696
f 2704 2499 2696
f 2499 2704 2698
f 2531 2698 2704
f 2704 2559 2531
f 2697 2531 2559
f 2531 2697 2549
f 2697 2608 2549
f 2608 2697 2548
f 2548 2609 2608
f 2201 2608 2609
f 2599 2600 2696
f 2700 2696 2600
f 2696 2700 2704
f 2559 2704 2700
f 2700 2707 2559
f 2558 2559 2707
f 2559 2558 2697
f 2483 2697 2558
f 2697 2483 2548
f 2540 2548 2483
f 2548 2540 2615
f 2609 2548 2615
f 2615 2493 2609
f 2600 2553 2700
f 2707 2700 2553
f 2553 2600 2551
f 2553 2551 2258
f 2495 2201 2205
f 2205 2610 2495
f 2610 2205 2556
f 2556 2555 2610
f 2555 2556 2533
f 2533 2491 2555
f 2491 2533 2490
f 2490 2225 2491
f 2225 2490 2446
f 2490 2229 2446
f 2057 1572 2059
f 2108 2057 2059
f 2057 2108 1828
f 1828 2087 2057
f 2087 1828 2079
f 2079 2082 2087
f 2082 2079 2088
f 2088 1857 2082
f 2110 1828 2108
f 1828 2110 2156
f 2156 2079 1828
f 2079 2156 1937
f 1937 2088 2079
f 2088 1937 2047
f 2007 2088 2047
f 2088 2007 1820
f 1857 2088 1820
f 1820 1851 1857
f 2107 2110 2108
f 2107 2094 2110
f 2094 2156 2110
f 2156 2094 2004
f 2004 1937 2156
f 1937 2004 2155
f 2155 2047 1937
f 2047 2155 2006
f 2006 2007 2047
f 2094 2107 2096
f 2106 2094 2096
f 2094 2106 2095
f 2095 2004 2094
f 2004 2095 2003
f 2003 2155 2004
f 2155 2003 2027
f 2027 2006 2155
f 2006 2027 2001
f 2001 1826 2006
f 2007 2006 1826
f 1835 2007 1826
f 2007 1835 1825
f 1825 1820 2007
f 1820 1825 1818
f 1851 1820 1818
f 1826 2001 1822
f 1822 1835 1826
f 1835 1822 1848
f 1847 1835 1848
f 1835 1847 1834
f 2046 1835 1834
f 1835 2046 1825
f 2046 2000 1825
f 2000 1818 1825
f 1818 2000 2005
f 2163 1818 2005
f 1818 2163 1851
f 2146 1851 2163
f 2163 1934 2146
f 1934 2163 1933
f 1933 1929 1934
f 1929 2144 1934
f 2144 1929 1930
f 1930 2162 2144
f 2162 1930 2159
f 2145 2162 2159
f 2162 2145 1931
f 1929 1933 1932
f 1929 2143 1930
f 1998 1931 2145
f 1931 1998 2142
f 1999 2142 1998
f 2142 1999 2141
f 2543 2141 1999
f 2141 2543 2200
f 2543 2230 2200
f 2230 2543 2613
f 2613 2232 2230
f 2232 2613 2614
f 2614 2202 2232
f 1999 2550 2543
f 2550 2613 2543
f 2613 2550 2607
f 2607 2614 2613
f 2614 2607 2547
f 2547 2196 2614
f 2202 2614 2196
f 2196 2198 2202
f 2198 2196 2195
f 2233 2198 2195
f 2198 2233 2199
f 2204 2199 2233
f 2199 2204 2194
f 2196 2547 2463
f 2204 2197 2194
f 2034 2217 2021
f 2021 2217 208
f 207 2021 208
f 2021 207 2028
f 2020 2021 2028
f 2021 2020 2034
f 196 208 2217
f 196 207 208
f 207 196 206
f 201 207 206
f 207 201 204
f 2031 207 204
f 207 2031 2028
f 2695 196 2217
f 203 196 2695
f 196 203 206
f 205 206 203
f 206 205 200
f 201 206 200
f 200 197 201
f 201 197 202
f 202 204 201
f 204 202 93
f 2040 204 93
f 204 2040 2031
f 92 200 205
f 200 92 90
f 197 200 90
f 91 197 90
f 197 91 523
f 523 202 197
f 202 523 612
f 612 93 202
f 93 612 614
f 1842 93 614
f 93 1842 2040
f 89 90 92
f 90 89 91
f 89 199 91
f 524 91 199
f 91 524 523
f 524 623 523
f 623 612 523
f 612 623 613
f 613 614 612
f 614 613 94
f 2041 614 94
f 614 2041 1842
f 199 89 2406
f 1310 199 2406
f 199 1310 1309
f 1309 524 199
f 524 1309 528
f 625 524 528
f 524 625 623
f 625 613 623
f 613 625 620
f 620 94 613
f 94 620 198
f 1738 94 198
f 94 1738 2041
f 1308 1309 1310
f 1309 1308 1080
f 1080 528 1309
f 528 1080 634
f 526 528 634
f 528 526 625
f 619 625 526
f 625 619 620
f 619 198 620
f 198 619 2404
f 1840 198 2404
f 198 1840 1738
f 1079 1080 1308
f 1080 1079 1088
f 1088 634 1080
f 634 1088 1082
f 521 634 1082
f 521 526 634
f 526 521 525
f 525 619 526
f 619 525 621
f 621 2404 619
f 1086 1088 1079
f 1088 1086 1077
f 1077 1082 1088
f 1082 1077 1078
f 518 1082 1078
f 1082 518 521
f 635 521 518
f 521 635 525
f 635 621 525
f 621 635 618
f 618 617 621
f 2404 621 617
f 1839 2404 617
f 2404 1839 1840
f 547 518 1078
f 518 547 479
f 479 635 518
f 635 479 527
f 624 635 527
f 635 624 618
f 616 618 624
f 618 616 615
f 617 618 615
f 1838 617 615
f 617 1838 1839
f 509 479 547
f 479 509 478
f 478 527 479
f 527 478 529
f 529 624 527
f 624 529 626
f 2410 624 626
f 624 2410 616
f 2410 1780 616
f 1838 616 1780
f 616 1838 615
f 473 478 509
f 473 529 478
f 529 473 632
f 632 626 529
f 626 632 622
f 2411 626 622
f 626 2411 2410
f 2411 1947 2410
f 1780 2410 1947
f 1711 1780 1947
f 1780 1711 1782
f 1734 1780 1782
f 1780 1734 1838
f 1734 1839 1838
f 1947 2411 1781
f 1718 1947 1781
f 1947 1718 1711
f 1940 1711 1718
f 1711 1940 1731
f 1731 1782 1711
f 1782 1731 1939
f 1939 1734 1782
f 1734 1939 1941
f 1732 1734 1941
f 1734 1732 1736
f 1839 1734 1736
f 1736 1840 1839
f 1940 1942 1731
f 1942 1939 1731
f 1939 1942 1946
f 1946 1941 1939
f 1941 1946 2528
f 2523 1941 2528
f 1941 2523 1732
f 1732 2523 1733
f 1735 1732 1733
f 1732 1735 1736
f 1840 1736 1735
f 1737 1840 1735
f 1840 1737 1738
f 1737 2041 1738
f 2522 2523 2528
f 2523 2522 2662
f 2662 1733 2523
f 1733 2662 2529
f 2529 1713 1733
f 1713 1735 1733
f 1735 1713 1737
f 2042 1737 1713
f 1737 2042 1841
f 2041 1737 1841
f 1841 1842 2041
f 2681 2662 2522
f 2662 2681 2677
f 2677 2529 2662
f 2529 2677 2682
f 2682 2683 2529
f 1713 2529 2683
f 2683 2042 1713
f 2042 2683 2044
f 2037 2042 2044
f 2042 2037 2043
f 2042 2043 1841
f 1842 1841 2043
f 2043 2040 1842
f 2040 2043 2038
f 2031 2040 2038
f 2683 2682 2680
f 2680 2044 2683
f 2044 2680 2015
f 2035 2044 2015
f 2044 2035 2037
f 2035 2039 2037
f 2038 2037 2039
f 2037 2038 2043
f 2039 2035 2033
f 2033 2032 2039
f 2032 2038 2039
f 2038 2032 2031
f 2031 2032 2028
f 2036 2028 2032
f 2028 2036 2020
f 2032 2033 2036
f 513 716 494
f 513 740 716
f 740 742 716
f 716 742 494
f 740 513 1673
f 1673 722 740
f 829 740 722
f 740 829 724
f 742 740 724
f 722 1673 1674
f 1674 734 722
f 734 829 722
f 829 734 741
f 741 153 829
f 153 724 829
f 1680 1674 1673
f 1680 1675 1674
f 734 1674 1675
f 1678 734 1675
f 734 1678 603
f 718 734 603
f 734 718 741
f 718 154 741
f 153 741 154
f 1675 1680 1400
f 1400 1678 1675
f 1678 1400 1679
f 1684 1678 1679
f 1678 1684 1672
f 1672 603 1678
f 603 1672 713
f 712 603 713
f 603 712 718
f 295 718 712
f 718 295 294
f 154 718 294
f 1677 1672 1684
f 1672 1677 1406
f 1406 713 1672
f 713 1406 714
f 152 713 714
f 713 152 712
f 723 712 152
f 712 723 295
f 1677 1408 1406
f 1406 1408 1671
f 714 1406 1671
f 714 1671 798
f 714 798 735
f 714 735 152
f 152 735 733
f 733 723 152
f 723 733 721
f 1408 1677 1676
f 1676 1405 1408
f 1670 1408 1405
f 1408 1670 1671
f 1670 798 1671
f 798 1670 800
f 732 798 800
f 798 732 735
f 732 733 735
f 733 732 582
f 582 721 733
f 721 582 339
f 582 707 339
f 1405 1676 1635
f 868 1405 1635
f 1405 868 867
f 867 1670 1405
f 1670 867 863
f 863 800 1670
f 800 863 710
f 730 800 710
f 800 730 732
f 706 732 730
f 732 706 582
f 707 582 706
f 706 705 707
f 705 8 707
f 871 867 868
f 867 871 869
f 882 867 869
f 867 882 863
f 728 863 882
f 863 728 710
f 728 730 710
f 730 728 717
f 717 706 730
f 706 717 715
f 705 706 715
f 1647 871 868
f 871 1647 1057
f 1059 871 1057
f 871 1059 1407
f 871 1407 869
f 1669 869 1407
f 869 1669 865
f 428 869 865
f 869 428 882
f 709 882 428
f 882 709 728
f 1699 1669 1407
f 1669 1699 1633
f 1305 1669 1633
f 1669 1305 853
f 1669 853 865
f 853 361 865
f 430 865 361
f 865 430 428
f 726 428 430
f 428 726 709
f 726 700 709
f 717 709 700
f 709 717 728
f 361 853 683
f 683 429 361
f 357 361 429
f 361 357 430
f 357 726 430
f 726 357 727
f 680 726 727
f 726 680 679
f 700 726 679
f 1416 683 853
f 683 1416 1418
f 608 683 1418
f 683 608 1087
f 429 683 1087
f 429 1087 866
f 864 429 866
f 429 864 359
f 359 357 429
f 357 359 358
f 358 727 357
f 976 359 864
f 359 976 356
f 356 358 359
f 358 356 417
f 417 725 358
f 727 358 725
f 703 727 725
f 727 703 680
f 978 356 976
f 356 978 150
f 150 417 356
f 417 150 333
f 333 696 417
f 725 417 696
f 692 725 696
f 725 692 703
f 682 703 692
f 703 682 704
f 704 680 703
f 542 150 978
f 150 542 653
f 653 333 150
f 333 653 609
f 609 695 333
f 696 333 695
f 702 696 695
f 696 702 692
f 684 692 702
f 692 684 682
f 543 653 542
f 653 543 541
f 541 609 653
f 609 541 610
f 699 609 610
f 609 699 697
f 695 609 697
f 575 695 697
f 695 575 702
f 289 702 575
f 702 289 684
f 279 684 289
f 684 279 576
f 576 682 684
f 699 575 697
f 575 699 831
f 288 575 831
f 575 288 289
f 830 289 288
f 289 830 279
f 682 576 708
f 708 704 682
f 704 708 729
f 729 701 704
f 680 704 701
f 681 680 701
f 680 681 679
f 719 679 681
f 679 719 700
f 701 729 581
f 701 581 771
f 832 701 771
f 701 832 681
f 731 681 832
f 681 731 719
f 421 719 731
f 421 715 719
f 715 700 719
f 700 715 717
f 698 832 771
f 832 698 758
f 750 832 758
f 832 750 731
f 162 421 731
f 421 162 433
f 432 421 433
f 421 432 711
f 715 421 711
f 705 715 711
f 806 705 711
f 705 806 587
f 8 705 587
f 1064 1364 1363
f 1364 1064 1666
f 1371 1364 1666
f 1666 1367 1371
f 1371 1367 1061
f 1061 1062 1371
f 1061 1063 1062
f 1366 1064 1363
f 1064 1366 1369
f 1369 1370 1064
f 1367 1064 1370
f 1064 1367 1666
f 1368 1369 1366
f 1369 1368 1375
f 1375 1066 1369
f 1370 1369 1066
f 1069 1370 1066
f 1370 1069 1365
f 1365 1367 1370
f 1367 1365 1061
f 1063 1061 1365
f 1365 1056 1063
f 1056 1365 1053
f 1053 1065 1056
f 1373 1375 1368
f 1375 1373 1372
f 1372 1055 1375
f 1066 1375 1055
f 1072 1066 1055
f 1066 1072 1069
f 1068 1069 1072
f 1069 1068 1053
f 1365 1069 1053
f 1055 1372 1054
f 1070 1055 1054
f 1055 1070 1072
f 1074 1072 1070
f 1072 1074 1068
f 1067 1068 1074
f 1068 1067 1065
f 1065 1053 1068
f 783 777 583
f 777 783 425
f 427 777 425
f 777 427 776
f 776 780 777
f 785 777 780
f 777 785 583
f 775 425 783
f 427 425 775
f 775 835 427
f 676 427 835
f 427 676 776
f 442 776 676
f 776 442 441
f 780 776 441
f 441 781 780
f 774 780 781
f 780 774 785
f 431 835 775
f 675 835 431
f 835 675 676
f 754 676 675
f 676 754 745
f 676 745 442
f 746 442 745
f 442 746 836
f 836 441 442
f 441 836 768
f 781 441 768
f 768 773 781
f 778 781 773
f 781 778 774
f 755 745 754
f 745 755 746
f 757 746 755
f 746 757 772
f 772 836 746
f 836 772 748
f 748 768 836
f 768 748 770
f 773 768 770
