# runtime shadow triangle mesh: Leg
v -0.401391897 0.347705268 1.641390193
v -0.352372447 0.371857549 1.588780367
v -0.337810972 0.266785618 1.626720146
v -0.358021296 0.429956146 1.581264677
v -0.328647285 0.266975793 1.599981635
v -0.358021296 0.369480356 1.621950573
v -0.638015874 0.277720705 1.419460554
v -0.419782036 0.598451588 1.628237737
v -0.366933923 0.495756849 1.611977832
v -0.421790516 0.498609481 1.632356913
v -0.430514848 0.338481759 1.633224108
v -0.389089961 0.244820354 1.642546453
v -0.703542514 0.294361057 1.458267528
v -0.704797814 0.259178600 1.531834566
v -0.664628226 0.214487371 1.575555644
v -0.411559824 0.414647023 1.637126485
v -0.365176503 0.488340007 1.570497007
v -0.425870240 0.226278249 1.602583220
v -0.364799913 0.438894392 1.617831397
v -0.369318992 0.360827373 1.557778148
v -0.385449592 0.234360705 1.543541697
v -0.397437703 0.462571235 1.509142965
v -0.549140662 0.420447374 1.392649777
v -0.430514848 0.338481759 1.633224108
v -0.546441767 0.187197195 1.642907784
v -0.611215227 0.195089476 1.621011112
v -0.491145819 0.345803513 1.391638050
v -0.420221391 0.355122110 1.399876402
v -0.664628226 0.214487371 1.575555644
v -0.713020026 0.268307021 1.437599382
v -0.487003331 0.235596845 1.341774341
v -0.553785270 0.072236141 1.089926476
v -0.320550602 0.055405614 1.057840264
v -0.747791825 0.221904213 1.444392409
v -0.301658343 0.056736842 1.064416492
v -0.554852275 0.018131228 1.071570850
v -0.609081218 0.003392631 1.070775922
v -0.635128685 0.122632633 1.102645336
v -0.663812281 0.032774737 1.087830755
v -0.587301770 0.063583158 1.000027268
v -0.590753844 0.038480000 1.006675762
v -0.589749604 0.046752632 0.981527109
v -0.591318729 0.017941052 0.989042798
v -0.643727487 0.143932282 1.182644069
v -0.642283893 0.072426316 0.977335667
v -0.618182140 0.030777895 0.949224097
v -0.624270343 -0.014959299 0.960064034
v -0.614918361 0.018511579 0.989765461
v -0.644731727 0.047037895 1.012673860
v -0.281385254 0.062156843 1.071859915
v -0.725573022 0.247197547 1.413173391
v -0.607386564 0.141174738 1.101705874
v -0.690361868 0.221143512 1.394456434
v -0.621822509 0.227419301 1.322262455
v -0.567405271 0.299115443 1.342786068
v -0.406664156 0.143456844 1.574182585
v -0.546441767 0.187197195 1.642907784
v -0.386955952 0.020413333 1.448945182
v -0.619814030 0.042188421 1.010578139
v -0.639836059 0.029351579 0.987091610
v -0.403839731 0.012330877 1.487824422
v -0.549391722 0.006720701 1.113774337
v -0.429949963 0.003677894 1.274133135
v -0.433402037 0.417404567 1.630333458
v -0.487756511 0.272871232 1.360852630
v -0.429949963 0.003677894 1.274133135
v -0.631802141 0.004343508 0.972277029
v -0.646865736 0.055595790 0.985935350
v -0.644731727 0.047037895 1.012673860
v -0.596967577 -0.003168422 1.254187652
v -0.641028593 0.045706667 0.970903971
v -0.647493386 0.071095088 1.008916016
v -0.597406932 -0.002692983 0.971843432
v -0.590753844 0.038480000 1.006675762
v -0.591318729 0.017941052 0.989042798
v -0.596842047 0.066625965 0.970398107
v -0.624270343 -0.014959299 0.960064034
v -0.597406932 -0.002692983 0.971843432
v -0.640714768 0.102188773 1.003568314
v -0.605880204 0.151539300 1.112184480
v -0.604436610 -0.011441053 1.121434559
v -0.667452650 0.014422807 1.191749616
v -0.648748686 0.026974386 1.281070695
v -0.677746107 0.022885614 1.133430756
v -0.677746107 0.022885614 1.133430756
v -0.549391722 0.006720701 1.113774337
v -0.535960016 0.071475439 1.115291929
v -0.537529140 0.010048772 1.184522991
v -0.481605542 0.193853336 1.624335359
v 0.301638651 0.056736842 1.064416492
v 0.664608534 0.214487371 1.575555644
v 0.320530910 0.055405614 1.057840264
v 0.635108993 0.122632633 1.102645336
v 0.911839793 0.050936491 1.188064037
v 0.911839793 0.050936491 1.188064037
v 0.935251131 0.046657544 1.091010470
v 0.887298686 0.047323158 1.174983847
v 0.861000159 0.046942807 1.167612690
v 0.810348819 -0.003168422 1.312867843
v 0.818508267 0.155818247 1.269074498
v 0.881712602 0.004343508 1.321395260
v 0.677726415 0.022885614 1.133503022
v 0.713000334 0.268307021 1.437599382
v 0.567385579 0.299115443 1.342786068
v 0.486983639 0.235596845 1.341774341
v 0.725616095 0.247197547 1.413173391
v 0.654817197 0.198607722 1.371114436
v 0.451898015 0.258132635 1.339750886
v 0.407083819 0.249860003 1.333752788
v 0.575482262 0.270398951 1.320528065
v 0.486418754 0.621557904 1.336137574
v 0.654628902 0.098955790 1.324430442
v 0.646343925 0.024216842 1.312940109
v 0.416749626 0.730338256 1.616024741
v 0.441165203 0.640860711 1.358323311
v 0.385053310 0.754585625 1.422640269
v 0.348586857 0.167704213 1.189437096
v 0.405138104 0.795758608 1.601860557
v 0.393965938 0.061776492 1.501555009
v 0.384300131 0.159716844 1.453570222
v 0.396351007 0.198702810 1.303111900
v 0.368483356 0.108084212 1.442802552
v 0.378086398 0.210683862 1.394384167
v 0.367667411 0.193663160 1.367284325
v 0.458425573 -0.000886316 1.563920779
v 0.385492665 0.198512634 1.276301123
v 0.462254237 0.180636143 1.314674499
v 0.434825940 0.207165617 1.308748667
v 0.433131286 0.095247369 1.251513801
v 0.347708147 0.167989476 1.316914753
v 0.463070181 0.110556492 1.297547399
v 0.431499396 0.050080702 1.262426004
v 0.892508179 0.086023860 1.111245019
v 0.883846612 0.043804912 1.130034243
v 0.897152788 0.054740000 1.102789868
v 0.430557921 0.338481759 1.633224108
v 0.433382346 0.417404567 1.630333458
v 0.411540132 0.414647023 1.637126485
v 0.686325218 -0.007542457 1.449089715
v 0.905751590 0.068812983 1.099176556
v 0.441290733 0.006055087 1.412884326
v -0.919265752 0.051316842 1.165661501
v 0.897654907 0.033820702 1.114424734
v -0.910164830 0.076610176 1.197314117
v 0.933870301 0.060160000 1.130034243
v -0.920772112 0.075754387 1.168263086
v -0.315780464 0.073757544 1.036377189
v -0.319044243 0.110651580 1.050758172
v -0.291051061 0.093630878 1.025248187
v 0.928409748 0.069098246 1.146077349
v 0.925899149 0.049985614 1.148967999
v 0.479765666 0.342760706 1.642474187
v 0.933242651 0.042758947 1.130106509
v 0.452274605 0.849768433 1.670585756
v 0.556276178 0.908247382 1.557705881
v 0.451521425 0.882858960 1.617614599
v 0.514474701 0.869546679 1.691253902
v 0.568264289 0.687834045 1.674488134
v 0.400179671 0.653792641 1.415052313
v -0.643099838 0.529703165 1.488691617
v -0.593703798 0.502508077 1.439550571
v -0.632743616 0.866789135 1.400382266
v -0.662431452 0.447927726 1.493533456
v 0.403820040 0.012330877 1.487824422
v 0.403820040 0.012330877 1.487824422
v 0.397355247 0.619465974 1.444826006
v 0.538764748 0.599687728 1.357961980
v 0.355679299 0.692778606 1.496279573
v -0.320550602 0.055405614 1.057840264
v -0.326701570 0.082220352 1.052564828
v 0.360010083 0.168274739 1.219066257
v 0.391831928 0.773983520 1.503433931
v 0.455977739 0.900355101 1.550696056
v 0.937385140 0.018321403 1.115364195
v 0.932615002 -0.005640702 1.103801596
v 0.912655738 0.014898245 1.107053577
v 0.368044001 0.030302456 1.377546132
v 0.429741977 0.161333335 1.265822517
v 0.403004095 0.223520705 1.320961662
v 0.342875243 0.108179299 1.365188604
v 0.495143086 0.111507370 1.344592724
v 0.522132028 0.145834037 1.254838048
v 0.519746959 0.094201404 1.300654847
v 0.463760596 0.036578246 1.336209840
v 0.442546033 0.061301053 1.285695735
v 0.508135437 0.169701055 1.296897003
v 0.637180238 0.161523511 1.266400647
v 0.599521249 0.172363511 1.165806034
v 0.280737913 0.090588071 1.188858966
v 0.521316083 0.083171229 1.203239949
v -0.580460387 0.603396149 1.419821886
v -0.610587578 0.811733345 1.554381634
v -0.565145732 0.843968082 1.665527119
v -0.590440019 0.640575448 1.396118557
v -0.623768224 0.762572994 1.587045977
v -0.560061768 0.878580013 1.614218085
v -0.516565637 0.957027382 1.453136625
v -0.874639851 0.098670527 1.132563561
v -0.910164830 0.076610176 1.197314117
v -0.880979114 0.038860351 1.187774972
v -0.902758563 0.111792633 1.190232025
v -0.859325196 0.042568772 1.175345178
v -0.801769709 0.113599299 1.221812374
v -0.834470264 -0.009539299 1.284756273
v -0.913114784 0.019082105 1.218632659
v -0.860957085 0.046942807 1.167612690
v -0.870811187 -0.008683509 1.228677667
v -0.886314138 0.014612982 1.188425369
v -0.852923168 0.070334386 1.154966097
v -0.778421136 -0.002407720 1.250140742
v -0.903072387 0.009858596 1.257873230
v 0.686262453 0.023551228 1.382026639
v 0.558975072 -0.001551930 1.473804771
v -0.856626302 0.105516843 1.158796208
v 0.736035082 0.003392631 1.400454532
v 0.645904570 0.014042456 1.384555958
v -0.844512661 0.018131228 1.174550250
v 0.541526407 0.018891930 1.218488127
v 0.646030100 0.137846668 1.159374338
v 0.537760508 0.021554386 1.253031392
v 0.603036088 0.159907019 1.147884005
v 0.524077743 0.078226667 1.171226002
v 0.641134431 0.179685265 1.319371805
v 0.278227313 0.017180351 1.190882421
v -0.582531631 0.705615449 1.302027906
v -0.511167848 0.940577207 1.509937893
v 0.373692849 0.140318949 1.159229806
v -0.277117235 0.033915789 1.034787331
v -0.905457457 0.042758947 1.212562295
v -0.911859485 0.050936491 1.188064037
v 0.337854045 0.266785618 1.626720146
v 0.412544372 0.275533688 1.352036148
v 0.637494063 -0.004024211 1.568112221
v 0.491126128 0.345803513 1.391638050
v 0.420201700 0.355122110 1.399876402
v 0.686262453 0.023551228 1.382026639
v 0.687957107 0.174645616 1.359118240
v 0.660340516 0.101808422 1.361141695
v 0.735156373 0.142125616 1.314529966
v 0.740114806 0.070334386 1.285334403
v 0.579373691 0.247863161 1.279553104
v 0.530165946 0.222950178 1.304557225
v 0.615400789 0.256040705 1.355071330
v 0.647222635 0.237023161 1.395395895
v 0.635862173 0.035627368 1.587335042
v -0.387332541 0.350652987 1.524680207
v -0.347602309 0.248909126 1.567028227
v -0.386014477 0.270208775 1.443163883
v -0.392981390 0.406184216 1.518826642
v -0.374277425 0.417689830 1.550912854
v -0.425430885 0.416358602 1.422784802
v -0.489702225 0.411984567 1.408765150
v -0.394927104 0.334868426 1.448005721
v -0.486438446 0.621557904 1.336137574
v -0.416706552 0.730338256 1.616024741
v -0.535144071 0.621462816 1.326020299
v -0.512674208 0.786630187 1.718931874
v -0.574748774 0.502032639 1.637415550
v -0.613223707 0.479782112 1.592321413
v -0.527298448 0.515535095 1.669718561
v -0.473759920 0.499275095 1.659023157
v -0.587992185 0.347990531 1.630767055
v -0.633747856 0.347420005 1.588563568
v -0.535897251 0.351128426 1.654976247
v -0.411559824 0.414647023 1.637126485
v -0.479785358 0.342760706 1.642474187
v -0.338626916 0.019272280 1.322190188
v -0.462022868 0.699149484 1.689591779
v -0.468299367 0.610337553 1.676077991
v -0.514431627 0.869546679 1.691253902
v -0.654648594 0.098955790 1.324430442
v -0.678875877 0.358735444 1.549033932
v -0.646363617 0.024216842 1.312940109
v -0.584916701 0.668721413 1.365116338
v -0.419342682 0.853857205 1.496929969
v -0.419342682 0.853857205 1.496929969
v -0.418652267 0.662160360 1.622745502
v -0.455997430 0.900355101 1.550696056
v -0.614479006 0.701241414 1.614073553
v -0.365176503 0.690971940 1.572520462
v -0.397061113 0.579624219 1.462675769
v -0.369946642 0.599212289 1.593766738
v -0.362916964 0.578578254 1.547516341
v -0.611591817 0.636867027 1.608003188
v -0.403274847 0.530654043 1.482476720
v -0.516565637 0.705520361 1.709970860
v -0.356452171 0.644188781 1.522656753
v -0.595649512 0.861844574 1.508492568
v -0.400073833 0.799562117 1.453136625
v -0.521586835 0.613570535 1.693205091
v -0.408547105 0.833413345 1.557994946
v -0.418652267 0.662160360 1.622745502
v -0.455558075 0.777977204 1.698552793
v -0.405095031 0.795758608 1.601860557
v -0.433402037 0.417404567 1.630333458
v -0.416706552 0.730338256 1.616024741
v -0.427313834 0.485487375 1.415919508
v -0.649941221 0.026023509 1.349795894
v -0.684775785 0.365867023 1.485728701
v -0.430326553 0.535598604 1.404645974
v -0.570229695 0.604917553 1.659239956
v -0.568221216 0.687834045 1.674488134
v -0.556233104 0.908247382 1.557705881
v -0.580146562 0.558514745 1.431384485
v -0.321366547 0.024502105 1.283310949
v -0.618119375 0.353220356 1.443886545
v -0.425870240 0.226278249 1.602583220
v -0.481605542 0.193853336 1.624335359
v -0.508029599 0.920989136 1.564354376
v -0.556233104 0.908247382 1.557705881
v -0.595649512 0.861844574 1.508492568
v -0.610587578 0.580480008 1.601788291
v -0.421790516 0.498609481 1.632356913
v -0.654711359 0.096103159 1.289092248
v -0.385073002 0.754585625 1.422640269
v -0.400073833 0.799562117 1.453136625
v -0.399822773 0.689830887 1.381159444
v -0.441122130 0.640860711 1.358323311
v -0.567028681 0.767992994 1.686267532
v -0.419782036 0.598451588 1.628237737
v 0.364842987 0.438894392 1.617831397
v 0.365219577 0.488340007 1.570497007
v 0.358064369 0.429956146 1.581264677
v 0.425850548 0.226278249 1.602583220
v 0.358001604 0.369480356 1.621950573
v 0.397418012 0.462571235 1.509142965
v 0.328627593 0.266975793 1.599981635
v 0.392961698 0.406184216 1.518826642
v 0.421833589 0.498609481 1.632356913
v 0.430557921 0.338481759 1.633224108
v 0.389070269 0.244820354 1.642546453
v 0.419762345 0.598451588 1.628237737
v 0.366914231 0.495756849 1.611977832
v 0.546484841 0.187197195 1.642907784
v 0.481648616 0.193853336 1.624335359
v 0.678856185 0.358735444 1.549033932
v 0.633728164 0.347420005 1.588563568
v 0.638058947 0.277720705 1.419460554
v 0.488176174 0.192522108 1.339245022
v 0.546484841 0.187197195 1.642907784
v 0.354675060 0.105611931 1.406091299
v 0.386936260 0.020413333 1.448945182
v 0.375073679 0.022695438 1.415702710
v 0.455663914 0.068717895 1.305930283
v 0.796477759 0.062347018 1.213212691
v 0.556025118 0.356168075 1.377401600
v 0.487736819 0.272871232 1.360852630
v 0.818257207 0.064248772 1.190521090
v 0.385994785 0.270208775 1.443163883
v 0.419574050 0.302063162 1.371331235
v 0.374257734 0.417689830 1.550912854
v 0.394907412 0.334868426 1.448005721
v 0.347582617 0.248909126 1.567028227
v 0.387375615 0.350652987 1.524680207
v 0.401372205 0.347705268 1.641390193
v 0.352352756 0.371857549 1.588780367
v 0.425411193 0.416358602 1.422784802
v 0.411540132 0.414647023 1.637126485
v 0.369299300 0.360827373 1.557778148
v 0.385429900 0.234360705 1.543541697
v 0.549120970 0.420447374 1.392649777
v 0.684379503 0.089066667 1.353120141
v 0.489745298 0.411984567 1.408765150
v 0.666052129 0.019177193 1.385495419
v 0.723419321 0.073187018 1.313518239
v 0.567385579 0.299115443 1.342786068
v 0.425850548 0.226278249 1.602583220
v 0.611195536 0.195089476 1.621011112
v 0.481648616 0.193853336 1.624335359
v 0.690404941 0.221143512 1.394456434
v 0.406644464 0.143551931 1.574182585
v 0.621802817 0.227419301 1.322262455
v -0.573807299 0.117973335 1.093973386
v -0.618495965 0.118353685 0.981382576
v -0.596402692 0.090778246 0.991138519
v -0.594331448 0.034296140 0.966929327
v -0.631802141 0.004343508 0.972277029
v -0.639836059 0.029351579 0.987091610
v -0.564015962 0.125580352 1.112184480
v -0.766307495 0.126055791 1.266689712
v -0.440180655 0.019082105 1.295740743
v -0.403839731 0.012330877 1.487824422
v -0.537780200 0.021554386 1.253031392
v -0.618433200 0.078131580 0.955944858
v -0.422041576 0.155247721 1.240601598
v -0.378796504 0.237118249 1.359624103
v -0.425870240 0.226278249 1.602583220
v -0.611215227 0.195089476 1.621011112
v -0.554852275 0.018131228 1.071570850
v -0.747478000 0.017085263 1.307953738
v -0.785576344 0.020223158 1.439189239
v -0.654648594 0.027449824 1.249634878
v -0.448214573 0.025928421 1.315108096
v -0.375093370 0.022695438 1.415702710
v -0.455683605 0.068717895 1.305930283
v -0.354631987 0.105611931 1.406091299
v -0.488195865 0.192522108 1.339245022
v -0.532005822 0.028495789 1.307231076
v -0.666071821 0.019177193 1.385495419
v 0.455977739 0.900355101 1.550696056
v 0.611572126 0.636867027 1.608003188
v 0.385053310 0.754585625 1.422640269
v 0.610567886 0.580480008 1.601788291
v 0.418695340 0.662160360 1.622745502
v 0.614522080 0.701241414 1.614073553
v 0.369989715 0.599212289 1.593766738
v 0.365156812 0.690971940 1.572520462
v 0.403255155 0.530654043 1.482476720
v 0.356432479 0.644188781 1.522656753
v 0.399803081 0.689830887 1.381159444
v 0.584959774 0.668721413 1.365116338
v 0.487736819 0.272871232 1.360852630
v 0.448194881 0.025928421 1.315108096
v 0.532048895 0.028495789 1.307231076
v 0.597010650 -0.003168422 1.254187652
v 0.378839577 0.237118249 1.359624103
v 0.747772134 0.221904213 1.444392409
v 0.666052129 0.019177193 1.385495419
v 0.654691667 0.027449824 1.249634878
v 0.785556652 0.020223158 1.439189239
v 0.537760508 0.021554386 1.253031392
v 0.422021884 0.155247721 1.240601598
v 0.747458309 0.017085263 1.307953738
v 0.440223728 0.019082105 1.295740743
v 0.429930272 0.003677894 1.274133135
v 0.433382346 0.417404567 1.630333458
v 0.429930272 0.003677894 1.274133135
v -0.625902233 0.791194397 1.357961980
v 0.521567143 0.613570535 1.693205091
v 0.397041422 0.579624219 1.462675769
v 0.362960037 0.578578254 1.547516341
v 0.408590178 0.833413345 1.557994946
v 0.838969650 0.131570879 1.329489079
v 0.857736380 0.008432280 1.348928699
v 0.911274908 0.047418246 1.093395256
v 0.912655738 0.014898245 1.107053577
v 0.937385140 0.018321403 1.115364195
v 0.320342615 0.147355440 1.239589870
v 0.321723445 0.099526317 1.324069111
v -0.834658559 0.106087369 1.191894148
v 0.882026427 0.063868421 1.117026318
v 0.281365562 0.062156843 1.071859915
v 0.573850372 0.117973335 1.093973386
v 0.607429637 0.141174738 1.101705874
v 0.590734152 0.038480000 1.006675762
v 0.403820040 0.012330877 1.487824422
v 0.490372948 0.000539999 1.446921728
v 0.510646037 0.906725978 1.641101128
v 0.419385755 0.853857205 1.496929969
v 0.539957283 0.568689131 1.375305879
v 0.487611289 0.594172640 1.362876084
v 0.641008902 0.045706667 0.970903971
v 0.648728994 0.026974386 1.281070695
v 0.537509448 0.010048772 1.184522991
v 0.766287803 0.126055791 1.266689712
v 0.591299037 0.017941052 0.989042798
v 0.644712035 0.047037895 1.012673860
v 0.624313417 -0.014959299 0.960064034
v 0.554832583 0.018131228 1.071570850
v 0.531107420 0.252142109 1.333825054
v 0.448822531 0.224756845 1.328188287
v 0.366976996 0.202696494 1.579168956
v 0.553765578 0.072236141 1.089926476
v 0.554832583 0.018131228 1.071570850
v 0.512717281 0.786630187 1.718931874
v 0.654691667 0.096103159 1.289092248
v 0.649921529 0.026023509 1.349795894
v 0.473740228 0.499275095 1.659023157
v 0.567071754 0.767992994 1.686267532
v 0.425850548 0.226278249 1.602583220
v 0.611195536 0.195089476 1.621011112
v 0.664608534 0.214487371 1.575555644
v 0.618099684 0.353220356 1.443886545
v 0.684818858 0.365867023 1.485728701
v 0.421833589 0.498609481 1.632356913
v 0.574729082 0.502032639 1.637415550
v 0.527278757 0.515535095 1.669718561
v 0.535187144 0.621462816 1.326020299
v 0.419762345 0.598451588 1.628237737
v 0.587972493 0.347990531 1.630767055
v 0.613266780 0.479782112 1.592321413
v 0.591299037 0.017941052 0.989042798
v 0.618162449 0.030777895 0.949224097
v 0.642326966 0.072426316 0.977335667
v 0.643707796 0.143932282 1.182644069
v 0.590734152 0.038480000 1.006675762
v 0.589792677 0.046752632 0.981527109
v 0.509704562 0.103234738 1.322768318
v 0.523261798 0.034676491 1.335559444
v -0.598536701 0.896551592 1.473082108
v -0.913114784 0.019082105 1.218632659
v -0.905457457 0.042758947 1.212562295
v 0.508072673 0.920989136 1.564354376
v 0.384237366 0.075849474 1.146438680
v 0.342686948 0.153916493 1.174694782
v 0.306973674 0.137656493 1.193628538
v 0.412481607 0.012045614 1.198614909
v 0.582511940 0.113123861 1.050469107
v 0.609877471 0.138417195 1.093395256
v 0.661721345 0.098955790 1.224847556
v 0.640004662 0.148876844 1.206202865
v 0.658771391 0.022410175 1.220005718
v 0.654691667 0.027449824 1.249634878
v 0.653310838 0.081269474 1.091010470
v 0.722226786 0.016800000 1.338161029
v 0.702769642 0.076229825 1.338522360
v 0.844555734 0.018036140 1.174550250
v 0.859368269 0.042568772 1.175345178
v 0.702957937 0.023075789 1.371764833
v 0.836019696 0.060825614 1.181126478
v 0.666177659 0.093725966 1.199265305
v 0.617095444 0.137085966 1.015564510
v 0.573724842 0.046182105 1.051480834
v 0.565690925 0.039621053 1.070197792
v 0.646908810 0.051887369 1.056322672
v 0.614522080 0.046562456 1.055527744
v 0.573724842 0.046182105 1.051480834
v 0.582888529 0.044945965 1.029584162
v 0.661658580 0.098004913 1.257222834
v 0.613455075 0.141650177 1.048662450
v 0.393212758 0.014517894 1.157423149
v 0.387563910 0.138607370 1.177802231
v 0.644712035 0.047988772 1.078580676
v 0.638372772 0.129478949 1.126999060
v 0.377521513 0.029351579 1.132129964
v 0.401372205 0.142315791 1.206491930
v -0.834344734 0.149067019 1.248189553
v -0.563325547 0.952843523 1.458339794
v -0.752750259 0.130334738 1.289959443
v -0.543240753 0.479591937 1.388602868
v -0.716283805 0.200699652 1.374510950
v -0.486124621 0.476358954 1.403056117
v -0.537591905 0.661019308 1.261269744
v -0.718606109 0.153155791 1.340184483
v -0.426058535 0.912145978 1.416569905
v -0.469429136 0.948849838 1.443597480
v 0.636427058 0.115786317 1.057840264
v -0.620065090 0.600163166 1.487752156
v 0.573724842 0.046182105 1.051480834
v 0.582888529 0.044945965 1.029584162
v 0.610567886 0.034391228 1.069908727
v -0.727895326 0.248718951 1.471564517
v 0.573724842 0.046182105 1.051480834
v -0.280192719 0.088020703 1.039918235
v -0.616550251 0.652271237 1.474888764
v -0.617303431 0.741463519 1.415847242
v 0.397606307 0.814776152 1.338739159
v -0.652200760 0.463236849 1.548600335
v -0.755198093 0.185675792 1.474671966
v -0.638078639 0.562698605 1.544770224
v -0.694629887 0.156388774 1.560957862
v -0.728083621 0.219812284 1.504517925
v -0.642472188 0.701907028 1.522078623
v 0.331389252 0.059684562 1.076774020
v 0.377521513 0.029351579 1.132129964
v -0.634940390 0.644759308 1.545059289
v -0.645987027 0.750877204 1.493750254
v -0.617303431 0.741463519 1.415847242
v -0.630295782 0.805362468 1.460290983
v -0.630295782 0.805362468 1.460290983
v -0.624897993 0.697532993 1.449234247
v 0.363964277 0.048654386 1.132419029
v 0.321723445 0.150873686 1.103584797
v 0.338042340 0.147260353 1.157784481
v 0.293918559 0.061015790 1.148389869
v 0.281365562 0.062156843 1.071859915
v 0.410661423 0.854142469 1.372704294
v 0.426101608 0.912145978 1.416569905
v 0.277662429 0.054169474 1.050830438
v 0.410661423 0.854142469 1.372704294
v 0.411038012 0.760766327 1.303617763
v 0.277097544 0.033915789 1.034787331
v 0.308103444 0.126911580 1.173827587
v 0.290717545 0.088115790 1.163421248
v 0.288081415 0.118258598 1.089637412
v 0.325740404 0.025928421 1.130467840
v 0.368671650 0.149257195 1.405729968
v 0.550313504 0.038955439 1.589213964
v 0.735407432 0.053218597 1.536604138
v 0.476690182 0.083741755 1.590008893
v 0.763024024 0.005104210 1.482259921
v 0.344130543 0.212490529 1.593766738
v -0.858383721 0.132236493 1.214296684
v -0.830202245 0.138131931 1.349506829
v -0.880414229 0.111507370 1.227087810
v -0.764424545 0.211539652 1.363381948
v -0.816519479 0.148591581 1.381737574
v -0.804594133 0.166182809 1.291693833
v -0.777040306 0.182442809 1.344303659
v -0.793673026 0.170842107 1.315975291
v 0.331389252 0.059684562 1.076774020
v 0.310802338 0.143742107 1.074100169
v 0.408590178 0.833413345 1.557994946
v 0.374383264 0.742414397 1.544047561
v 0.711180150 -0.002978246 1.425025055
v 0.785556652 0.020223158 1.439189239
v -0.917508333 0.104851229 1.158796208
v -0.851981693 0.148021054 1.221884640
v 0.763024024 0.005104210 1.482259921
v 0.722226786 0.016800000 1.338161029
v 0.784929002 -0.005165264 1.343002867
v -0.883803538 0.139938598 1.167757223
v 0.281867682 0.093155439 1.094334717
v 0.297998282 0.011855438 1.244142644
v 0.428863267 0.091634036 1.229761661
v 0.291659019 0.088781404 1.242335988
v 0.932615002 -0.005640702 1.103801596
v 0.856606610 0.105516843 1.158796208
v 0.883783847 0.139938598 1.167757223
v 0.677726415 0.022885614 1.133503022
v 0.755178401 0.066340702 1.263004134
v 0.766789923 0.009953684 1.279625370
v 0.781351398 0.120445615 1.244937572
v 0.549372030 0.006720701 1.113774337
v 0.535940324 0.071475439 1.115291929
v 0.419574050 0.302063162 1.371331235
v 0.389258564 0.260890179 1.383833296
v 0.376956628 0.195945266 1.625852951
v 0.587282078 0.063583158 1.000027268
v 0.609061526 0.003392631 1.070775922
v 0.425850548 0.226278249 1.602583220
v 0.389007504 0.192807371 1.599403505
v 0.391706398 0.185580704 1.495990508
v 0.393965938 0.061776492 1.501555009
v 0.385994785 0.270208775 1.443163883
v 0.344130543 0.212490529 1.593766738
v 0.389007504 0.192807371 1.599403505
v 0.390011744 0.109700703 1.512467212
v 0.469221149 0.043044211 1.573532189
v 0.338356165 0.205454038 1.620505248
v 0.369675890 0.156959300 1.613278624
v 0.389007504 0.192807371 1.599403505
v 0.791895915 0.083741755 1.440995895
v 0.821395456 0.076705264 1.408548351
v 0.772376006 0.168655090 1.442224422
v 0.384425661 0.239590529 1.419677353
v 0.356244184 0.174265265 1.591020620
v 0.881712602 0.004343508 1.321395260
v 0.901169746 0.074708422 1.274928064
v 0.854221541 0.066245615 1.351385751
v 0.380157642 0.161238248 1.599258972
v 0.374759854 0.117307721 1.567172760
v 0.729193699 0.002251578 1.517670382
v 0.637494063 -0.004024211 1.568112221
v 0.368985475 0.063963509 1.448728384
v 0.375575798 0.215343161 1.339100490
v 0.438780134 0.167799300 1.290754372
v 0.483092210 0.044090176 1.356588921
v 0.580503460 0.224566670 1.256789237
v 0.543472122 0.144502809 1.174188918
v 0.520625669 0.088210878 1.235326162
v 0.620798578 0.209732985 1.281576559
v 0.281177267 0.091919299 1.210394307
v 0.403443450 0.081364562 1.168552151
v 0.563870740 0.075374036 1.084145177
v 0.642075906 0.157624914 1.235832025
v 0.662411760 0.078702106 1.131913165
v 0.663855354 0.032774737 1.087830755
v 0.778464209 -0.002407720 1.250140742
v 0.567134519 0.075183860 1.051553100
v 0.771057941 0.062347018 1.241035195
v 0.575482262 0.071570527 1.024308726
v 0.582511940 0.113123861 1.050469107
v 0.648101344 0.082505615 1.059430121
v 0.613455075 0.141650177 1.048662450
v 0.617220974 0.048749474 1.032547078
v 0.308103444 0.126911580 1.173827587
v 0.363964277 0.048654386 1.132419029
v 0.293918559 0.061015790 1.148389869
v 0.285508051 0.066625965 1.094479250
v 0.366976996 0.181967371 1.234314434
v 0.413046492 0.022695438 1.241541059
v 0.410222068 0.147735791 1.224703024
v 0.718586418 0.153155791 1.340184483
v 0.497528156 0.682223869 1.265822517
v 0.752730567 0.130334738 1.289959443
v 0.834638867 0.106087369 1.191894148
v 0.829868728 0.019367368 1.368585118
v 0.729193699 0.002251578 1.517670382
v 0.590671387 0.003297543 1.345748984
v 0.811290294 0.016229473 1.407030760
v 0.277662429 0.054169474 1.050830438
v -0.441122130 0.640860711 1.358323311
v -0.486438446 0.621557904 1.336137574
v -0.535144071 0.621462816 1.326020299
v -0.314587929 0.136230177 1.215308412
v -0.419342682 0.853857205 1.496929969
v -0.451478352 0.882858960 1.617614599
v -0.510665728 0.906725978 1.641101128
v -0.452231531 0.849768433 1.670585756
v -0.331220649 0.153916493 1.273121408
v -0.436791346 0.608435798 1.387518874
v -0.360029775 0.168274739 1.219066257
v -0.320362307 0.147355440 1.239589870
v -0.400073833 0.799562117 1.453136625
v -0.397374938 0.619465974 1.444826006
v -0.400199363 0.653792641 1.415052313
v -0.487630981 0.594172640 1.362876084
v -0.484053377 0.567548078 1.391421251
v -0.433653097 0.575820710 1.407175293
v -0.539976974 0.568689131 1.375305879
v -0.337622677 0.159336493 1.293861820
v -0.538784440 0.599687728 1.357961980
v -0.348606548 0.167704213 1.189437096
v -0.309378435 0.087925615 1.286779728
v -0.321743137 0.099526317 1.324069111
v 0.384174601 -0.007447369 1.301160711
v 0.401874325 0.002727017 1.347122043
v 0.448194881 0.025928421 1.315108096
v 0.321346855 0.024502105 1.283310949
v -0.391788855 0.773983520 1.503433931
v -0.399822773 0.689830887 1.381159444
v -0.405095031 0.795758608 1.601860557
v -0.422418166 0.883809837 1.457255801
v -0.374340190 0.742414397 1.544047561
v -0.410618349 0.854142469 1.372704294
v -0.408547105 0.833413345 1.557994946
v -0.508029599 0.920989136 1.564354376
v -0.365050973 0.727865975 1.462169905
v -0.455997430 0.900355101 1.550696056
v -0.410618349 0.854142469 1.372704294
v -0.281385254 0.062156843 1.071859915
v -0.397563233 0.814776152 1.338739159
v -0.277682120 0.054169474 1.050830438
v -0.410994939 0.760766327 1.303617763
v -0.277117235 0.033915789 1.034787331
v -0.277682120 0.054169474 1.050830438
v -0.385073002 0.754585625 1.422640269
v -0.355636226 0.692778606 1.496279573
v -0.462462223 0.925933698 1.498303028
v 0.463760596 0.036578246 1.336209840
v 0.592930926 -0.006211229 1.280203500
v 0.533304195 0.023646316 1.280275766
v 0.537509448 0.010048772 1.184522991
v 0.600274429 0.003012280 1.223257699
v 0.658771391 0.022410175 1.220005718
v 0.428235617 0.009478245 1.392649777
v 0.375073679 0.022695438 1.415702710
v 0.368044001 0.030302456 1.377546132
v 0.440223728 0.019082105 1.295740743
v 0.338607225 0.019272280 1.322190188
v 0.415054971 0.013852280 1.371764833
v 0.386936260 0.020413333 1.448945182
v 0.371056720 0.009478245 1.265822517
v 0.327623353 -0.003548773 1.173755321
v 0.419385755 0.853857205 1.496929969
v 0.419385755 0.853857205 1.496929969
v 0.595629821 0.861749486 1.508492568
v 0.441165203 0.640860711 1.358323311
v 0.760262365 -0.003073334 1.371981631
v 0.649921529 0.026023509 1.349795894
v -0.881732294 0.004343508 1.321395260
v -0.883803538 0.139938598 1.167757223
v -0.912675430 0.014898245 1.107053577
v -0.766809614 0.009953684 1.279625370
v -0.766809614 0.009953684 1.279625370
v -0.755198093 0.066340702 1.263004134
v -0.810305746 -0.003168422 1.312867843
v -0.887255612 0.047323158 1.174983847
v -0.818527959 0.155818247 1.269074498
v -0.851291278 0.126911580 1.308893199
v -0.874200496 0.124534387 1.268713167
v -0.838989342 0.131570879 1.329489079
v -0.857756071 0.008432280 1.348928699
v 0.363964277 0.048654386 1.132419029
v 0.346327317 0.059018948 1.101994939
v 0.345197548 0.123963861 1.104379726
v 0.346327317 0.059018948 1.101994939
v 0.324359574 0.047703509 1.137549932
v 0.646908810 0.051887369 1.056322672
v -0.601737715 0.432523515 1.454003820
v 0.644712035 0.047988772 1.078580676
v 0.614522080 0.046562456 1.055527744
v -0.937404832 0.018321403 1.115364195
v -0.852923168 0.070334386 1.154966097
v -0.856626302 0.105516843 1.158796208
v -0.860957085 0.046942807 1.167612690
v -0.781371090 0.120540703 1.244937572
v -0.860957085 0.046942807 1.167612690
v -0.937906952 0.052172632 1.115219662
v -0.911859485 0.050936491 1.188064037
v -0.911859485 0.050936491 1.188064037
v -0.912675430 0.014898245 1.107053577
v -0.911294600 0.047418246 1.093395256
v -0.932571928 -0.005640702 1.103801596
v -0.935208058 0.046657544 1.091010470
v 0.290717545 0.088115790 1.163421248
v 0.293918559 0.061015790 1.148389869
v 0.289587775 0.066816141 1.120422832
v 0.324359574 0.047703509 1.137549932
v -0.871313307 0.048274035 1.147811739
v -0.883803538 0.043804912 1.130034243
v -0.933262343 0.042758947 1.130106509
v -0.917822158 0.032014035 1.118832975
v -0.905708517 0.047418246 1.137044068
v -0.911859485 0.050936491 1.188064037
v -0.704797814 0.259178600 1.531834566
v -0.622575689 0.131665966 1.616313806
v -0.860957085 0.046942807 1.167612690
v -0.895666120 0.051126667 1.156122357
v -0.932571928 -0.005640702 1.103801596
v -0.937404832 0.018321403 1.115364195
v -0.925856075 0.050080702 1.148967999
v -0.897611834 0.033820702 1.114424734
v -0.887255612 0.047323158 1.174983847
v -0.919265752 0.051316842 1.165661501
v -0.634689330 0.073662457 1.608364519
v -0.795367681 0.154296844 1.412378462
v -0.497485083 0.682223869 1.265822517
v -0.456122960 0.717025975 1.281432026
v -0.724254958 0.106182457 1.538555326
v -0.541043979 0.526660358 1.380364516
v -0.274983226 0.067957193 1.035076396
v -0.740950442 0.222284564 1.391927115
v -0.484429967 0.526755446 1.395684960
v -0.275045991 0.074137895 1.047072593
v -0.762165006 0.201650529 1.416136307
v -0.883050359 0.118163510 1.239589870
v -0.283142674 0.105421755 1.063115700
v -0.871313307 0.048274035 1.147811739
v -0.277117235 0.084312281 1.068824733
v -0.584916701 0.668721413 1.365116338
v -0.902758563 0.111792633 1.190232025
v -0.893783170 0.128052633 1.135381945
v -0.897611834 0.033820702 1.114424734
v -0.883803538 0.043804912 1.130034243
v -0.933262343 0.042758947 1.130106509
v -0.934266583 0.072236141 1.119555637
v -0.926672020 0.082790878 1.097442166
v -0.441310425 0.006055087 1.412884326
v -0.925856075 0.050080702 1.148967999
v -0.933889993 0.060160000 1.130034243
v -0.822795977 0.000444912 1.200132500
v -0.897172479 0.054740000 1.102789868
v -0.892527871 0.086023860 1.111245019
v -0.558492644 0.932209487 1.508853900
v -0.928429440 0.069098246 1.146077349
v -0.403839731 0.012330877 1.487824422
v -0.882046119 0.063868421 1.117026318
v -0.905708517 0.068812983 1.099176556
v -0.917445568 0.109035089 1.110233291
v -0.928052850 0.090017545 1.134297951
v -0.638015874 0.277720705 1.419460554
v 0.535940324 0.351128426 1.654976247
v 0.928033158 0.090017545 1.134297951
v 0.934246891 0.072236141 1.119555637
v 0.917425876 0.109035089 1.110233291
v 0.703585587 0.294361057 1.458267528
v 0.704840887 0.259178600 1.531834566
v -0.703542514 0.294361057 1.458267528
v -0.603055780 0.928691242 1.436009525
v -0.680696061 0.252332284 1.417075768
v -0.818025839 0.110176141 1.202589553
v 0.926652328 0.082790878 1.097442166
v 0.549999680 0.006340350 1.561535992
v 0.458425573 -0.000886316 1.563920779
v -0.310445440 0.048559298 1.039773702
v 0.887298686 0.047323158 1.174983847
v 0.871293616 0.048274035 1.147811739
v -0.286594748 0.047513334 1.013396523
v 0.433633405 0.575820710 1.407175293
v -0.285025623 0.012521052 1.022357537
v 0.331263722 0.153916493 1.273121408
v -0.294314840 0.045136141 1.042519820
v -0.301344518 0.124629475 1.048590184
v -0.338313092 0.088971580 1.073232974
v -0.330279174 0.121301405 1.070631389
v -0.307181661 0.070714737 1.026621246
v -0.302223228 0.037053684 1.024091927
v 0.895646428 0.051126667 1.156122357
v -0.310445440 0.048559298 1.039773702
v -0.285025623 0.012521052 1.022357537
v 0.861000159 0.046942807 1.167612690
v 0.905751590 0.047418246 1.137044068
v 0.911839793 0.050936491 1.188064037
v 0.919246061 0.051316842 1.165661501
v 0.897654907 0.033820702 1.114424734
v 0.347708147 -0.002883158 1.228677667
v 0.393212758 0.014517894 1.157423149
v 0.278227313 0.017180351 1.190882421
v 0.646343925 0.024216842 1.312940109
v 0.590043737 0.004723859 1.312361979
v 0.648728994 0.026974386 1.281070695
v 0.604165858 -0.003738948 1.195001597
v 0.483092210 0.044090176 1.356588921
v 0.523261798 0.034676491 1.335559444
v 0.516232120 0.025928421 1.365911267
v 0.532048895 0.028495789 1.307231076
v 0.285508051 0.066625965 1.094479250
v -0.899745844 0.071380351 1.230484323
v -0.907026581 0.077085615 1.247250092
v 0.541526407 0.018891930 1.218488127
v 0.667432958 0.014422807 1.191749616
v 0.747458309 0.017085263 1.307953738
v 0.702957937 0.023075789 1.371764833
v 0.574540787 -0.006306316 1.382677036
v 0.640695077 -0.007162106 1.460869113
v -0.310006085 0.088115790 1.032402545
v 0.399803081 0.689830887 1.381159444
v 0.422398474 0.883809837 1.457255801
v 0.365031282 0.727865975 1.462169905
v 0.314568237 0.136230177 1.215308412
v -0.302223228 0.037053684 1.024091927
v 0.486418754 0.621557904 1.336137574
v 0.535187144 0.621462816 1.326020299
v 0.309421509 0.087925615 1.286779728
v 0.436771654 0.608435798 1.387518874
v 0.337602985 0.159336493 1.293861820
v 0.484096450 0.567548078 1.391421251
v 0.400054141 0.799562117 1.453136625
v 0.321346855 0.024502105 1.283310949
v 0.338607225 0.019272280 1.322190188
v 0.400054141 0.799562117 1.453136625
v 0.595629821 0.861749486 1.508492568
v 0.400054141 0.799562117 1.453136625
v 0.508072673 0.920989136 1.564354376
v 0.468279675 0.610337553 1.676077991
v 0.580189635 0.558514745 1.431384485
v 0.556276178 0.908247382 1.557705881
v 0.418695340 0.662160360 1.622745502
v 0.462003177 0.699149484 1.689664045
v 0.516545945 0.705520361 1.709970860
v 0.455538384 0.777977204 1.698552793
v 0.405138104 0.795758608 1.601860557
v 0.570210003 0.604917553 1.659239956
v 0.427356907 0.485487375 1.415919508
v 0.430306861 0.535598604 1.404645974
v 0.416749626 0.730338256 1.616024741
v 0.425850548 0.226278249 1.602583220
v 0.406644464 0.143551931 1.574182585
v 0.366976996 0.202696494 1.579168956
v 0.476878477 0.127957545 1.608219987
v 0.385429900 0.234360705 1.543541697
v 0.356244184 0.174265265 1.591020620
v 0.344130543 0.212490529 1.593766738
v 0.376956628 0.195945266 1.625852951
v 0.937887260 0.052172632 1.115219662
v 0.925899149 0.049985614 1.148967999
v 0.917802466 0.032014035 1.118905241
v 0.462442532 0.925933698 1.498303028
v 0.456103269 0.717025975 1.281432026
v 0.851334352 0.126911580 1.308893199
v 0.594311756 0.034296140 0.966929327
v 0.624313417 -0.014959299 0.960064034
v 0.614898670 0.018511579 0.989765461
v 0.640695077 0.102188773 1.003568314
v 0.618413508 0.078131580 0.955944858
v 0.874243570 0.124534387 1.268713167
v 0.605860512 0.151539300 1.112184480
v 0.631782449 0.004343508 0.972277029
v 0.597450005 -0.002692983 0.971843432
v 0.618476273 0.118353685 0.981382576
v 0.596822355 0.066721053 0.970398107
v 0.644712035 0.047037895 1.012673860
v 0.639879132 0.029351579 0.987091610
v 0.647473695 0.071095088 1.008916016
v 0.639879132 0.029351579 0.987091610
v -0.867108054 0.070334386 1.135671010
v 0.636427058 0.115786317 1.057840264
v 0.648101344 0.082505615 1.059430121
v 0.639941897 0.111412282 1.027199376
v 0.588537378 0.106182457 1.019250089
v 0.822776285 0.000444912 1.200132500
v 0.656700147 0.081744913 1.106475447
v 0.667558488 0.086974738 1.174405717
v 0.628895260 0.118829124 1.096285906
v 0.567134519 0.075183860 1.051553100
v 0.422649534 0.087925615 1.208659917
v 0.575733322 0.113884563 1.085951833
v 0.278917728 0.042378597 1.155977825
v 0.587282078 0.204122810 1.227160076
v 0.552321984 0.142315791 1.146149615
v 0.540961522 0.200509476 1.272904609
v 0.444868337 0.102474036 1.276373389
v 0.476501887 0.110841756 1.322190188
v 0.355302710 0.177973686 1.340256750
v 0.390011744 0.109700703 1.512467212
v 0.549999680 0.006340350 1.561535992
v 0.766350568 0.051602106 1.490209208
v 0.811290294 0.016229473 1.407030760
v 0.857736380 0.008432280 1.348928699
v 0.829868728 0.019367368 1.368585118
v 0.872172325 0.065865264 1.328477352
v 0.903052696 0.009858596 1.257873230
v 0.839785595 0.068242457 1.371620300
v 0.762208079 0.094962106 1.492593995
v 0.345260313 0.160192283 1.608219987
v 0.338356165 0.205454038 1.620505248
v 0.548932675 0.127862458 1.630188925
v 0.551254979 0.075183860 1.608436786
v 0.596383000 0.090778246 0.991138519
v 0.663855354 0.032774737 1.087830755
v 0.597450005 -0.002692983 0.971843432
v 0.631782449 0.004343508 0.972277029
v 0.619794338 0.042188421 1.010578139
v 0.646846045 0.055595790 0.985935350
v 0.564059035 0.125580352 1.112184480
v 0.549372030 0.006720701 1.113774337
v 0.604479683 -0.011441053 1.121434559
v 0.667432958 0.014422807 1.191749616
v 0.766789923 0.009953684 1.279625370
v 0.852903476 0.070334386 1.154966097
v 0.861000159 0.046942807 1.167612690
v 0.883846612 0.043804912 1.130034243
v 0.933242651 0.042758947 1.130106509
v 0.801750017 0.113599299 1.221812374
v 0.834325042 0.149067019 1.248189553
v 0.716264113 0.200699652 1.374510950
v 0.537572213 0.661019308 1.261269744
v 0.469409444 0.948849838 1.443597480
v 0.413046492 0.022695438 1.241541059
v 0.412481607 0.012045614 1.198614909
v 0.297998282 0.011855438 1.244142644
v 0.375513033 0.189003862 1.253320457
v 0.309295979 0.060920702 1.087035827
v 0.278917728 0.042378597 1.155977825
v 0.293918559 0.061015790 1.148389869
v 0.374257734 0.075278948 1.143475764
v 0.646281160 0.051126667 1.034642799
v 0.595441526 0.182062458 1.186474180
v 0.591047977 0.187197195 1.210105242
v 0.526462812 0.144978247 1.229111265
v 0.519370369 0.091063510 1.267990505
v 0.534685024 0.146594739 1.202300488
v 0.533304195 0.023646316 1.280275766
v 0.338042340 0.147260353 1.157784481
v 0.374257734 0.075278948 1.143475764
v 0.363964277 0.048654386 1.132419029
v 0.286449526 0.094962106 1.123747079
v 0.294420678 0.123868773 1.120639631
v 0.289587775 0.066816141 1.120422832
v 0.318773491 0.062727369 1.111823149
v 0.362583447 0.128718247 1.149618395
v 0.353231465 0.086784562 1.104379726
v 0.362583447 0.128718247 1.149618395
v 0.646908810 0.051887369 1.056322672
v 0.646908810 0.051887369 1.056322672
v 0.646281160 0.051126667 1.034642799
v 0.648854524 0.079843159 1.032908409
v 0.565690925 0.039621053 1.070197792
v -0.741766387 0.915283873 0.673528372
v -0.431079733 1.001528436 0.594974963
v -0.640840298 1.257219317 1.102789868
v -0.436477521 1.039943875 0.568959115
v -0.377352910 1.060387735 0.683428847
v -0.749674775 1.128470543 0.535066246
v -0.561756423 1.356871248 1.200855163
v -0.569288220 0.732905625 0.943081466
v -0.491020290 0.755441414 0.950235825
v -0.448779458 0.887518259 0.586447546
v -0.413442773 0.831036152 0.964761340
v -0.311700740 1.159183877 0.802379087
v -0.701659565 1.138740017 0.485274803
v -0.803276068 1.143589491 0.698893824
v -0.278309770 1.174017561 0.937733764
v -0.271342857 1.204350544 1.089348347
v -0.332287653 1.263400019 1.157350883
v -0.448904987 1.073985279 0.494308084
v -0.428443604 1.190657912 0.515626626
v -0.347476779 1.148343877 0.667024410
v -0.777542426 1.151767034 0.619328688
v -0.448904987 1.073985279 0.494308084
v -0.621571449 1.109262823 0.423631696
v -0.482295957 1.009135453 0.457235500
v -0.437042406 0.998770892 0.469593028
v -0.468864251 1.082733349 0.441481459
v -0.363670144 1.146727385 1.126709995
v -0.474324805 1.470881425 1.283310949
v -0.440933835 1.324636511 1.228388602
v -0.754382148 0.966536154 0.681766724
v -0.319609127 1.133320017 1.051480834
v -0.346409774 0.887708434 0.990488123
v -0.417145907 0.811733345 1.027705239
v -0.322308022 1.047931243 1.131913165
v -0.446206093 1.092432297 1.299932185
v -0.520206006 1.100134402 1.298992724
v -0.332350418 1.018549138 1.176067841
v -0.606382324 1.170974754 1.144776557
v -0.710007307 1.148248789 1.098309361
v -0.407354570 0.871353346 0.840969262
v -0.413944893 0.850148784 0.896686537
v -0.346723599 1.081021770 0.938600959
v -0.740636618 0.920038259 0.810183841
v -0.436477521 1.039943875 0.568959115
v -0.482295957 1.009135453 0.457235500
v -0.444134849 1.122860367 1.264593991
v -0.693562882 1.165364579 1.056105874
v -0.315403874 0.966726330 1.098887491
v -0.344275765 0.994682120 1.218704925
v -0.363042494 0.936773698 1.298197795
v -0.307056131 1.150721070 1.069330597
v -0.543491813 1.092622472 0.418211728
v -0.468173837 1.205111246 0.420162916
v -0.485245911 1.541531602 1.280564831
v -0.352749037 0.945902119 0.866551513
v -0.331911064 0.993255804 0.908827266
v -0.363670144 1.146727385 1.126709995
v -0.358021296 1.129706683 1.167901755
v -0.650882695 0.817438608 0.795369261
v -0.682014126 0.832652644 0.855639310
v -0.539098265 0.779593696 0.777880830
v -0.321994197 1.075982121 1.101561342
v -0.711513667 1.102131244 1.194857064
v -0.519013471 1.183526333 1.114786065
v -0.499116972 1.027487383 1.371186703
v -0.373775306 1.049832998 1.278180045
v -0.445327384 1.021021418 1.365333137
v -0.525729324 0.765805976 0.836271956
v -0.469680196 0.820196152 0.783373065
v -0.391663325 1.168882824 0.587459274
v -0.462650518 0.801844222 0.841186061
v -0.438360471 1.159944578 1.179608887
v -0.682830070 1.067138963 1.248839950
v 0.727875635 0.248718951 1.471564517
v 0.638058947 0.562698605 1.544770224
v 0.728063930 0.219907371 1.504517925
v 0.620045398 0.600163166 1.487752156
v -0.740636618 0.920038259 0.810183841
v -0.286594748 1.154524578 0.946333447
v -0.337810972 1.238962474 1.147233609
v -0.783442334 1.007328787 0.784962922
v 0.484410275 0.526755446 1.395684960
v 0.277160309 0.084312281 1.068824733
v 0.543221062 0.479591937 1.388602868
v 0.302266301 0.037053684 1.024091927
v 0.610567886 0.811733345 1.554381634
v 0.286575056 0.047513334 1.013396523
v 0.285068696 0.012521052 1.022357537
v 0.582511940 0.705615449 1.302027906
v 0.580503460 0.603396149 1.419821886
v 0.511148157 0.940577207 1.509937893
v 0.913157858 0.019082105 1.218632659
v 0.844555734 0.018036140 1.174550250
v 0.902738871 0.111792633 1.190232025
v 0.919246061 0.051316842 1.165661501
v 0.874620160 0.098670527 1.132563561
v 0.856606610 0.105516843 1.158796208
v 0.910207904 0.076610176 1.197314117
v 0.880959423 0.038860351 1.187774972
v 0.905500530 0.042663860 1.212562295
v 0.911839793 0.050936491 1.188064037
v 0.905500530 0.042663860 1.212562295
v 0.319024551 0.110651580 1.050758172
v 0.920752420 0.075754387 1.168263086
v 0.910207904 0.076610176 1.197314117
v 0.291094134 0.093630878 1.025248187
v 0.913157858 0.019082105 1.218632659
v 0.565126040 0.843968082 1.665527119
v 0.560042076 0.878580013 1.614218085
v 0.275089064 0.074137895 1.047072593
v 0.294295148 0.045136141 1.042519820
v 0.285068696 0.012521052 1.022357537
v 0.280173028 0.088020703 1.039918235
v 0.283185747 0.105421755 1.063115700
v 0.541087052 0.526660358 1.380364516
v 0.486104929 0.476358954 1.403056117
v 0.275026299 0.067957193 1.035076396
v 0.302266301 0.037053684 1.024091927
v 0.320530910 0.055405614 1.057840264
v 0.307161969 0.070714737 1.026621246
v 0.330259482 0.121301405 1.070631389
v 0.338293400 0.088971580 1.073232974
v 0.603098853 0.928691242 1.436009525
v 0.598517010 0.896551592 1.473082108
v 0.277097544 0.033915789 1.034787331
v 0.310425748 0.048559298 1.039773702
v 0.310425748 0.048559298 1.039773702
v 0.315823537 0.073757544 1.036377189
v 0.326681878 0.082220352 1.052564828
v 0.310049159 0.088115790 1.032402545
v 0.301324826 0.124629475 1.048590184
v 0.818006147 0.110176141 1.202589553
v 0.703585587 0.294361057 1.458267528
v 0.584959774 0.668721413 1.365116338
v 0.590420327 0.640575448 1.396118557
v 0.859368269 0.042568772 1.175345178
v -0.543240753 2.157604945 0.632047547
v -0.542173749 1.874433712 0.369937876
v -0.557174579 1.849045291 0.360109667
v -0.549266192 1.946034766 0.420957845
v -0.448716693 1.720676868 0.331998097
v -0.570041400 1.793989500 0.336984468
v -0.533261121 1.738743535 0.315160062
v 0.593684106 0.502508077 1.439622837
v 0.662411760 0.447927726 1.493533456
v 0.632723924 0.866789135 1.400382266
v -0.482986372 0.725488782 1.148606668
v -0.488384160 0.742984923 1.008554684
v -0.484806556 1.778490202 0.321158160
v -0.690110808 1.789330202 1.100116017
v -0.510226374 1.775732658 0.324699206
v -0.730594221 1.237726334 1.022285271
v -0.325885625 1.103842823 1.070992720
v -0.762478831 0.999341418 0.933542322
v -0.651259285 0.846820714 1.251007937
v -0.612784352 1.782864237 1.200855163
v -0.369632817 1.128660718 0.687764822
v 0.625882541 0.791194397 1.357961980
v -0.749674775 1.128470543 0.535066246
v -0.448779458 0.887518259 0.586447546
v -0.488572455 2.177097927 1.031246285
v -0.765805375 0.947043172 0.733437089
v -0.804531368 1.014080015 0.713419339
v -0.804531368 1.014080015 0.713419339
v -0.562321308 0.724347730 0.993595572
v -0.352309682 0.866313697 1.049818710
v -0.749172655 1.069230893 0.591795249
v -0.734046295 1.016742471 0.568742316
v -0.703668044 1.055823524 0.502763235
v -0.774027587 0.986029137 0.568091920
v -0.412250239 0.849197907 0.609139147
v -0.438486001 0.951417207 0.602057055
v -0.438486001 0.951417207 0.602057055
v -0.448779458 0.887518259 0.586447546
v -0.763106481 1.072273700 0.529935343
v -0.423673465 0.906630890 0.677864347
v -0.364486089 0.979563172 0.802451353
v -0.413066184 0.869356504 0.777302700
v 0.623748532 0.762572994 1.587045977
v -0.388650606 0.963493347 0.697665298
v 0.762521904 0.999341418 0.933397789
v 0.804511676 1.014080015 0.712913475
v 0.779907804 0.976710541 0.838584476
v -0.765805375 0.947043172 0.733437089
v -0.779927495 0.976710541 0.838873541
v 0.516545945 0.957027382 1.453136625
v 0.563368620 0.952843523 1.458339794
v 0.558535717 0.932209487 1.508853900
v 0.886294446 0.014612982 1.188425369
v 0.903052696 0.009858596 1.257873230
v 0.638058947 0.277720705 1.419460554
v 0.624878301 0.697532993 1.449234247
v -0.699400025 0.900545276 1.109727428
v -0.659293203 0.920418610 1.305207621
v -0.715467860 0.985743874 1.168046288
v 0.823529465 1.057535103 0.637467516
v 0.792962920 1.089769841 0.714358800
v 0.743629645 0.919657908 0.877752781
v 0.734026603 1.016742471 0.568164186
v -0.513741212 1.814908799 0.336984468
v -0.524285729 2.207145647 0.733798420
v -0.519452826 2.116622137 1.105246920
v -0.519013471 1.183526333 1.114786065
v -0.498740382 2.083341435 1.212851360
v -0.520645360 1.212908439 1.132852626
v -0.622952279 1.223653351 1.106114115
v -0.527361213 1.806065641 0.334382883
v -0.570104165 2.020868802 0.477180984
v -0.573807299 2.094561786 0.551470684
v -0.734987769 1.105744578 0.956812053
v -0.693562882 1.165364579 1.056105874
v -0.809427036 1.074365630 0.847690023
v -0.809615331 1.137123526 0.929639945
v -0.325885625 1.103842823 1.070992720
v 0.643142911 0.529703165 1.488691617
v 0.601780789 0.432523515 1.454003820
v -0.318416593 1.039563524 0.994245968
v 0.630338855 0.805362468 1.460290983
v -0.322308022 0.955220716 0.975384478
v -0.571987115 1.728093710 0.318122978
v -0.718606109 0.931163522 1.049890977
v -0.372582771 1.096521069 0.688559751
v -0.404906736 1.135126683 0.612029797
v -0.734987769 1.105744578 0.956812053
v -0.643727487 1.865020028 1.126276398
v 0.617346504 0.741463519 1.415847242
v -0.728334681 0.891511943 0.931302068
v -0.469931256 1.855130905 1.314240901
v -0.777542426 1.151767034 0.619328688
v -0.749172655 1.069230893 0.591795249
v -0.476709874 1.935289853 1.279914435
v -0.706178643 1.279755107 1.007542957
v -0.703668044 0.859372293 0.996124890
v -0.510665728 2.057572662 1.207359125
v -0.465161117 1.775257219 1.338594626
v -0.455871900 1.980361433 1.291982898
v -0.489764990 2.149047050 1.096574971
v -0.703354219 0.932589838 0.589193664
v -0.577447668 0.745457204 0.893073225
v -0.526482504 1.271007036 1.150846921
v -0.736996249 1.350024932 1.017515699
v -0.646426382 1.342798265 1.099682420
v -0.425995770 1.227361772 1.149257064
v -0.310131615 0.993541067 1.049963243
v -0.387458071 0.979372997 1.343075133
v -0.363732909 1.082257911 1.246093832
v -0.344275765 0.994682120 1.218704925
v 0.448822531 0.887518259 0.586375280
v 0.477506127 0.862605276 0.661821240
v 0.765785683 0.947043172 0.733220290
v 0.421394234 0.937629487 0.510423457
v 0.482339030 1.009135453 0.456946435
v 0.569268529 0.732905625 0.943081466
v 0.734026603 1.016742471 0.568164186
v -0.792982611 1.089769841 0.714936930
v -0.744025927 1.077978963 1.004796840
v -0.788840123 1.034523875 0.879342638
v -0.792606022 1.147963526 0.813941686
v -0.596779282 1.507965636 1.239734403
v -0.599289881 1.584416164 1.252670061
v -0.316533643 1.124952297 0.939757219
v -0.307056131 1.150721070 1.069330597
v -0.492714944 1.085395805 0.445889700
v -0.271342857 1.204350544 1.089348347
v -0.578200848 1.034904226 0.430207924
v -0.389403786 0.916995452 0.787709039
v -0.550709786 0.823429135 0.613764187
v -0.498865912 2.189934770 0.843498580
v -0.502004161 2.165116874 0.958112845
v -0.475266279 2.216654419 0.845377503
v -0.345531064 1.217282474 1.145282420
v -0.299524334 1.167551596 1.075184162
v -0.304796592 1.140261420 0.942503336
v -0.696763896 0.857090188 0.799271638
v -0.690989518 0.874681416 0.709300163
v -0.371955121 1.025965980 0.697303967
v -0.389403786 0.916995452 0.787709039
v -0.436854111 1.173827386 1.134008886
v -0.346723599 1.081021770 0.938600959
v -0.428129779 1.202829141 1.142319504
v -0.325885625 1.103842823 1.070992720
v -0.426748949 1.254081422 1.172671327
v -0.575250894 1.908284941 0.399494770
v -0.593327208 1.864259326 0.389738827
v -0.584728406 1.996716521 0.474868464
v -0.784823164 1.343939318 0.916776553
v -0.781622150 1.253986334 0.908393669
v -0.696638366 0.906250540 0.648668784
v -0.364486089 0.979563172 0.802451353
v -0.465223882 1.401562477 1.265605718
v -0.696763896 0.857090188 0.799271638
v -0.503447756 1.606381427 1.267990505
v -0.598976056 0.785964573 0.785468786
v 0.749655083 1.128470543 0.533837720
v 0.765785683 0.947043172 0.733220290
v -0.734046295 1.016742471 0.568742316
v -0.734046295 1.016742471 0.568742316
v -0.749172655 1.069230893 0.591795249
v -0.509598724 1.655731954 1.255632977
v -0.586360295 0.765901064 0.839451671
v -0.605817439 2.095702838 0.575968941
v -0.496606373 0.858136153 0.610656739
v -0.508971074 2.145053365 1.025537252
v -0.478843883 1.998428100 1.250574339
v -0.471500381 2.036082837 1.260474815
v -0.415074663 1.077028086 0.568814583
v -0.474826924 0.944000365 0.520468465
v -0.686407674 0.882668785 0.627061176
v -0.363042494 0.936773698 1.298197795
v -0.625086288 0.989167032 1.361792091
v -0.603495135 1.181814754 1.092022198
v -0.321994197 1.075982121 1.101561342
v -0.348920373 0.914142820 0.926315697
v -0.752750259 1.050403524 1.051914432
v -0.325885625 1.103842823 1.070992720
v -0.579518912 1.640422831 1.256355639
v -0.795304916 1.180578614 0.903624096
v -0.647430621 1.295159317 1.104235193
v -0.431456323 1.282417563 1.198687175
v -0.319609127 1.133320017 1.051480834
v -0.537215315 1.304668089 1.168768950
v 0.646030100 0.750877204 1.493750254
v 0.617346504 0.741463519 1.415847242
v -0.638392464 1.715732306 1.185028855
v -0.788840123 1.034523875 0.879342638
v -0.603495135 1.181814754 1.092022198
v -0.712706201 1.203399667 1.041652625
v 0.680739134 0.252332284 1.417075768
v 0.634983463 0.644759308 1.545059289
v 0.616530559 0.652271237 1.474888764
v -0.438611531 1.137218613 0.495681143
v -0.335990787 1.100134402 0.811556900
v -0.621571449 1.109262823 0.423631696
v -0.588557069 1.429233004 1.224703024
v -0.348606548 1.201022474 1.137838997
v -0.413066184 0.869356504 0.777302700
v -0.638141404 0.798896503 0.850074809
v -0.553973565 1.701564236 1.242841851
v 0.830182553 0.138131931 1.349506829
v 0.764467618 0.211539652 1.363381948
v 0.816499787 0.148591581 1.381737574
v -0.353816042 1.180768789 1.132202230
v -0.737372839 0.964634400 0.987163876
v -0.443067844 1.895638274 1.329994943
v -0.436854111 1.173827386 1.134008886
v -0.519766651 1.170974754 1.162481787
v -0.739820673 1.017503173 1.109293830
v -0.333668483 1.107361069 0.935276712
v -0.419028857 1.860741080 1.356444389
v -0.446896508 1.103272297 0.491489700
v -0.446143328 1.808157571 1.346471647
v -0.701659565 1.138740017 0.485274803
v -0.492714944 1.085395805 0.445889700
v -0.288665992 1.184382123 1.082266254
v -0.288665992 1.184382123 1.082266254
v -0.524976144 1.285555458 0.372250396
v -0.480852363 2.204102840 0.961148028
v 0.703648352 1.055918612 0.502185105
v 0.734026603 1.016742471 0.568164186
v 0.763086789 1.072273700 0.529068148
v 0.883093432 0.118163510 1.239589870
v 0.858426795 0.132236493 1.214296684
v 0.852024766 0.148021054 1.221884640
v -0.343836410 1.076647735 0.826516013
v -0.357707471 1.028818612 0.840029801
v 0.907006890 0.077085615 1.247250092
v 0.899726152 0.071380351 1.230484323
v 0.917488641 0.104851229 1.158796208
v 0.883783847 0.139938598 1.167757223
v 0.893763479 0.128052633 1.135381945
v 0.861000159 0.046942807 1.167612690
v 0.778464209 -0.002407720 1.250140742
v 0.834450572 -0.009539299 1.284756273
v -0.299524334 1.167551596 1.075184162
v -0.563388312 1.577284585 0.297888429
v 0.822776285 0.000444912 1.200132500
v 0.867151127 0.070334386 1.135743276
v 0.871293616 0.048274035 1.147811739
v 0.852903476 0.070334386 1.154966097
v 0.880394538 0.111507370 1.227087810
v 0.704840887 0.259178600 1.531834566
v 0.652181068 0.463236849 1.548600335
v 0.795347989 0.154296844 1.412378462
v 0.777020615 0.182442809 1.344303659
v 0.634732403 0.073662457 1.608364519
v 0.622555997 0.131665966 1.616313806
v 0.694672960 0.156388774 1.560957862
v 0.755241166 0.185675792 1.474671966
v 0.724235266 0.106182457 1.538555326
v 0.762145314 0.201650529 1.416136307
v 0.793716099 0.170842107 1.315975291
v 0.640820607 1.257219317 1.102789868
v 0.474869998 0.944000365 0.520323932
v 0.741809460 0.915283873 0.673311573
v 0.803319141 1.143589491 0.698026629
v 0.332267962 1.263400019 1.157350883
v 0.730574529 1.237726334 1.022285271
v 0.482339030 1.009135453 0.456946435
v 0.621551758 1.109262823 0.422836767
v 0.543472122 1.092622472 0.417778130
v 0.448948061 1.073985279 0.494019019
v 0.492695252 1.085395805 0.445528368
v 0.561799496 1.356871248 1.200855163
v 0.588600143 1.429233004 1.224703024
v 0.794343749 0.910054048 0.733509355
v -0.485120381 1.117345280 0.450587006
v 0.412293312 0.849197907 0.609066881
v 0.448822531 0.887518259 0.586375280
v 0.488364469 0.742984923 1.008554684
v 0.438529074 0.951417207 0.602057055
v 0.468405205 0.786725275 0.894952147
v 0.514474701 0.751352642 0.894590816
v 0.426038843 0.769609485 1.157206351
v 0.374885384 0.824284924 1.180331549
v 0.609438116 1.160324929 1.197530916
v 0.545480601 0.706281063 1.144776557
v 0.606990282 1.133985631 1.246238365
v 0.446249167 1.092432297 1.299932185
v 0.725929920 1.131132999 1.140440582
v 0.520186314 1.100134402 1.298992724
v 0.322288330 1.047931243 1.131768632
v 0.332330727 1.018549138 1.176067841
v 0.749655083 1.128470543 0.533837720
v 0.311743813 1.159183877 0.802379087
v 0.278352843 1.174017561 0.937733764
v 0.701639873 1.138740017 0.484190810
v 0.436520595 1.039943875 0.568959115
v 0.377395983 1.060387735 0.683428847
v 0.777522734 1.151767034 0.618244694
v 0.596759590 1.507965636 1.239734403
v 0.599270189 1.584416164 1.252670061
v 0.336033861 1.100134402 0.811556900
v 0.316513952 1.124952297 0.939757219
v 0.363713217 1.082257911 1.246093832
v 0.322288330 1.047931243 1.131768632
v 0.310174689 0.993541067 1.049963243
v 0.315384182 0.966726330 1.098887491
v 0.440412023 1.145396157 1.225570219
v 0.521316083 1.159088789 1.210466573
v 0.525144747 1.240578966 1.138128062
v 0.413485847 0.831036152 0.964761340
v 0.346390082 0.887708434 0.990488123
v 0.436520595 1.039943875 0.568959115
v 0.431122806 1.001528436 0.594974963
v 0.352289991 0.866313697 1.049818710
v 0.562364381 0.724347730 0.993595572
v 0.482966680 0.725488782 1.148606668
v 0.606425397 1.170974754 1.144776557
v 0.522947973 1.133890543 1.256861503
v 0.710050380 1.148248789 1.098309361
v 0.444177922 1.122860367 1.264593991
v 0.355616535 1.111164578 1.209310313
v 0.448948061 1.073985279 0.494019019
v 0.363650452 1.146727385 1.126709995
v 0.474367878 1.470881425 1.283310949
v 0.428486677 1.190657912 0.515120762
v 0.468844560 1.082733349 0.441192394
v 0.485226220 1.541531602 1.280492565
v 0.391769163 1.168882824 0.587242475
v 0.347582617 1.148343877 0.667024410
v 0.468216910 1.205111246 0.419367988
v 0.437085479 0.998770892 0.469376229
v 0.271323165 1.204350544 1.089348347
v 0.474869998 0.944000365 0.520323932
v 0.448822531 0.887518259 0.586375280
v 0.749215728 1.069230893 0.591144852
v 0.774007896 0.986029137 0.567224725
v 0.438529074 0.951417207 0.602057055
v 0.448822531 0.887518259 0.586375280
v 0.749215728 1.069230893 0.591144852
v 0.822336931 0.983081418 0.678442477
v 0.754362457 0.966536154 0.681477659
v 0.732080888 0.958168435 0.626844377
v 0.754362457 0.966536154 0.681477659
v 0.325928699 1.103842823 1.070992720
v 0.792962920 1.089769841 0.714358800
v 0.353859115 1.180768789 1.132202230
v 0.319589436 1.133320017 1.051480834
v 0.431122806 1.001528436 0.594974963
v -0.357707471 1.028818612 0.840029801
v -0.561379833 1.023493699 1.375522677
v -0.598473936 1.098993349 1.291404768
v -0.421351161 0.937629487 0.510567989
v -0.732100580 0.958168435 0.627277975
v -0.474826924 0.944000365 0.520468465
v 0.630338855 0.805362468 1.460290983
v 0.642515261 0.701907028 1.522078623
v 0.804574441 0.166182809 1.291693833
v 0.740930751 0.222284564 1.391927115
v -0.477463054 0.862605276 0.661821240
v -0.469680196 0.820196152 0.783373065
v -0.321429312 1.137884227 0.812279563
v -0.330530234 1.119342122 0.810617439
v -0.551337436 1.442545285 0.314076068
v -0.485120381 1.117345280 0.450587006
v 0.902738871 0.111792633 1.190232025
v 0.870791496 -0.008683509 1.228677667
v 0.332330727 1.018549138 1.176067841
v 0.749215728 1.069230893 0.591144852
v 0.440976908 1.324636511 1.228388602
v 0.804511676 1.014080015 0.712913475
v -0.322308022 1.047931243 1.131913165
v -0.327203690 0.948564575 1.145571485
v -0.364674383 0.874110890 1.206708729
v -0.320550602 0.924887733 1.037388916
v -0.332350418 1.018549138 1.176067841
v -0.327266455 0.904729136 1.096285906
v -0.365050973 0.902066680 1.237349617
v -0.355636226 1.111164578 1.209310313
v -0.522967665 1.133890543 1.256861503
v -0.521335775 1.159088789 1.210466573
v -0.607009974 1.133985631 1.246238365
v -0.440431715 1.145396157 1.225570219
v -0.525164439 1.240578966 1.138128062
v -0.545437528 0.706281063 1.144776557
v -0.374905075 0.824284924 1.180331549
v -0.426058535 0.769609485 1.157206351
v -0.725949612 1.131132999 1.140440582
v -0.514431627 0.751352642 0.894590816
v -0.468424896 0.786725275 0.894952147
v -0.431079733 1.001528436 0.594974963
v -0.474826924 0.944000365 0.520468465
v -0.448779458 0.887518259 0.586447546
v -0.477463054 0.862605276 0.661821240
v -0.749172655 1.069230893 0.591795249
v -0.792982611 1.089769841 0.714936930
v -0.765805375 0.947043172 0.733437089
v -0.823549157 1.057535103 0.638190178
v -0.743649337 0.919657908 0.877752781
v -0.779927495 0.976710541 0.838873541
v -0.794363441 0.910054048 0.735605076
v -0.754382148 0.966536154 0.681766724
v -0.822356622 0.983081418 0.679020606
v -0.609395043 1.160324929 1.197530916
v -0.785576344 1.234208088 0.809316647
v -0.813004640 1.437030197 0.822758168
v -0.803401598 1.334335458 0.815314745
v -0.808862152 1.438646688 0.928122354
v -0.724506018 1.701183885 1.075400961
v -0.694378827 1.563116514 1.153014909
v -0.798819755 1.538393707 0.938095095
v -0.745532286 1.608948796 1.054732815
v -0.671030254 1.644416516 1.168479885
v -0.670339839 1.406982477 1.116954052
v -0.610901403 1.222987737 0.411707766
v -0.609269513 1.163462824 0.433893503
v -0.775157357 1.214810193 0.615932174
v -0.803338833 1.324731599 0.711829482
v -0.680758826 1.049928086 0.484335342
v -0.681449241 0.832177205 1.060658647
v -0.618684260 0.800417906 1.214007619
v -0.581527392 0.745362116 1.173393990
v -0.699337260 1.008089488 0.508183203
v -0.686407674 1.481055811 1.134225685
v -0.732916525 1.431895460 1.022646602
v -0.689608688 1.186093702 0.484263076
v -0.537717435 1.189992298 0.412719493
v -0.538282320 1.023874050 0.428834866
v -0.680758826 1.049928086 0.484335342
v -0.703668044 1.055823524 0.502763235
v -0.541985454 1.144160017 0.426739145
v -0.484241672 1.156901771 0.442709985
v -0.646363617 0.024216842 1.312940109
v -0.658728318 0.022410175 1.220005718
v -0.648748686 0.026974386 1.281070695
v -0.386955952 0.020413333 1.448945182
v -0.604185550 -0.003738948 1.195001597
v -0.483049137 0.044090176 1.356588921
v -0.516189047 0.025928421 1.365911267
v -0.463717523 0.036578246 1.336209840
v -0.523281490 0.034676491 1.335559444
v -0.784948694 -0.005165264 1.343002867
v -0.811309986 0.016229473 1.407030760
v -0.533261121 0.023646316 1.280275766
v -0.711137077 -0.002883158 1.425025055
v -0.829888420 0.019367368 1.368585118
v -0.640652003 -0.007162106 1.460869113
v -0.763043716 0.005104210 1.482259921
v -0.558994764 -0.001551930 1.473804771
v -0.590063429 0.004723859 1.312361979
v -0.574560479 -0.006306316 1.382677036
v -0.458445265 -0.000886316 1.563920779
v -0.645861497 0.014042456 1.384555958
v -0.736054774 0.003392631 1.400454532
v -0.785576344 0.020223158 1.439189239
v -0.722183713 0.016800000 1.338161029
v -0.686282144 0.023551228 1.382026639
v -0.747478000 0.017085263 1.307953738
v -0.667452650 0.014422807 1.191749616
v -0.760282056 -0.003073334 1.371981631
v -0.649941221 0.026023509 1.349795894
v -0.590691079 0.003297543 1.345748984
v -0.375469960 0.189003862 1.253320457
v -0.281887374 0.093155439 1.094334717
v -0.285464978 0.066625965 1.094479250
v -0.285464978 0.066625965 1.094479250
v -0.366996688 0.181967371 1.234314434
v -0.413066184 0.022695438 1.241541059
v -0.537529140 0.010048772 1.184522991
v -0.288101107 0.118258598 1.089637412
v -0.310822030 0.143742107 1.074100169
v -0.278937420 0.042378597 1.155977825
v -0.293938250 0.061015790 1.148389869
v -0.291678711 0.088781404 1.242335988
v -0.331408944 0.059684562 1.076774020
v -0.290737236 0.088115790 1.163421248
v -0.297955209 0.011855438 1.244142644
v -0.428882959 0.091634036 1.229761661
v -0.410241759 0.147735791 1.224703024
v -0.368063692 0.030302456 1.377546132
v -0.412501299 0.012045614 1.198614909
v -0.297955209 0.011855438 1.244142644
v -0.308123136 0.126911580 1.173827587
v -0.324379266 0.047703509 1.137549932
v -0.363983969 0.048654386 1.132419029
v -0.325760095 0.025928421 1.130395574
v -0.293938250 0.061015790 1.148389869
v -0.374277425 0.075278948 1.143475764
v -0.289607467 0.066816141 1.120422832
v -0.293938250 0.061015790 1.148389869
v -0.331408944 0.059684562 1.076774020
v -0.309315671 0.060920702 1.087035827
v -0.702977629 0.023075789 1.371764833
v -0.408233280 1.564542830 1.310049459
v -0.471374851 1.662578270 1.256572438
v -0.442879549 1.590026339 1.276012058
v -0.210084236 1.303241774 1.023296998
v -0.571861585 1.617601778 -0.463436463
v -0.629479837 1.766604237 -0.441467525
v -0.581401862 1.618647743 -0.481503025
v -0.559434118 1.600010550 -0.470012692
v -0.638141404 1.880043888 -0.386039315
v -0.597218637 1.850471607 -0.394638998
v -0.430577613 2.192311963 -0.285011104
v -0.606068499 1.767840377 -0.447537889
v -0.491898999 1.521563180 -0.511565783
v -0.383127288 1.277187738 0.482745485
v -0.522026190 1.677411955 0.306488113
v -0.358900005 1.310658616 0.466413313
v -0.411999179 1.517854759 0.348980665
v -0.446017798 1.453860723 -0.105212686
v -0.162445616 2.504960388 1.243058650
v -0.479534298 1.527268444 0.035634226
v -0.471061026 1.442925635 -0.373898586
v -0.267639723 2.456370563 0.060493814
v -0.277933180 2.433169159 0.009762910
v -0.220252163 2.401600036 -0.072765142
v -0.340635396 2.418145299 -0.015241211
v -0.746536526 1.859695115 0.066058315
v -0.746787586 3.063030221 1.785344554
v -0.714400856 3.032221800 1.813022526
v -0.833528789 1.864449501 0.092146430
v -0.077838422 2.564960740 0.957896047
v -0.453173006 2.337891263 0.101541041
v -0.467546187 2.262676876 0.002464019
v -0.448904987 2.212185296 -0.282843117
v -0.458759089 2.184609857 -0.149584161
v -0.535269601 2.243564244 0.097783197
v -0.255902672 2.565246003 0.485347069
v -0.248057049 2.519223546 0.357652614
v -0.565710616 2.167303892 0.034044368
v -0.570355225 2.226353367 1.205769267
v -0.613914122 2.088761435 -0.015241211
v -0.681763066 2.089522136 0.121847856
v -0.222762762 2.433264247 1.364827273
v -0.289293642 2.338937228 1.483849779
v -0.419782036 1.456428092 -0.100081783
v -0.422669226 1.438266337 -0.162158487
v -0.427564894 1.478393355 -0.036704286
v -0.210398061 2.415863194 -0.024563556
v -0.277180000 2.459508458 -0.037426948
v -0.255212257 2.490602143 -0.016758802
v -0.252889953 2.447622493 -0.007942320
v -0.549266192 1.946034766 0.420957845
v -0.542173749 1.874433712 0.369937876
v -0.468864251 1.637570200 0.212325195
v -0.442502959 1.538203532 0.085353402
v -0.524285729 2.207145647 0.733798420
v -0.435849872 1.428377214 -0.278868473
v -0.747603530 2.186796875 0.364445641
v -0.704170164 2.178334068 0.269849126
v -0.753817263 2.171773015 0.360543264
v -0.763922425 2.165211962 0.333949286
v -0.210398061 2.415863194 -0.024563556
v -0.783191274 1.910757221 0.063528996
v -0.793673026 1.974561082 0.121703324
v -0.226528661 2.423850563 0.008751183
v -0.825745931 1.871771256 0.104937555
v -0.780241320 1.866921782 0.036284622
v -0.594080388 1.606001076 -0.409525844
v -0.600733476 1.603909147 -0.444864038
v -0.604373845 1.627585989 -0.415813008
v -0.571861585 1.617601778 -0.463436463
v -0.421916046 1.615034410 0.338285261
v -0.517067756 1.570913708 -0.518503342
v -0.529809048 1.584701427 -0.517636147
v -0.464094113 1.598584234 0.314726465
v -0.353816042 1.241339667 0.557251983
v -0.603808960 2.083436522 0.823408564
v -0.637199929 1.794369851 -0.342173704
v -0.674921683 1.836493712 -0.327431390
v -0.719170994 2.024672311 0.147213308
v -0.699776615 2.067651961 0.176264339
v -0.733669705 2.006130205 0.136879235
v -0.716785925 2.115956523 0.278159745
v -0.733293115 3.054567414 1.832462146
v -0.745218461 3.054187063 1.814973714
v -0.027751967 2.518462845 0.689137881
v -0.153972343 2.379824948 -0.121255792
v -0.052857960 2.486893721 0.545833917
v -0.644292372 2.170917225 0.198522342
v -0.556295869 2.246416876 1.141524576
v -0.648183801 2.088666347 0.062589535
v -0.515435867 2.205529156 1.091733133
v -0.535018541 2.084577575 -0.228282102
v -0.101124230 2.518177582 0.527767355
v -0.186986723 2.456750914 0.235667192
v -0.070683214 2.549176179 0.679381938
v -0.446080563 2.203056875 -0.235653259
v -0.153030869 2.517036529 0.512663710
v -0.640965828 1.865020028 -0.324468474
v -0.701785095 1.834401782 -0.129421878
v -0.599101586 1.993008100 -0.266655478
v -0.702287214 1.786572658 -0.148789232
v -0.584979466 1.998142837 -0.309870692
v -0.114367641 2.480427756 0.392629477
v -0.452921946 2.184514769 -0.194172434
v -0.467106832 2.113198979 1.456316339
v -0.443946554 2.084007049 1.444392409
v -0.478906648 2.038935469 1.418304295
v -0.385826182 2.219126700 1.500615548
v -0.444009319 1.997952661 1.418232028
v -0.037919894 2.546513722 0.684079244
v -0.384947472 2.307463192 1.488908416
v -0.089073353 2.546894073 1.025826317
v -0.275610876 2.410728457 1.423362932
v -0.348292724 2.273992315 1.507191776
v -0.469366371 1.984069854 1.391421251
v -0.110915567 2.427558984 0.150898887
v -0.078968192 2.422614422 0.147285575
v -0.171483773 2.454278633 1.329344547
v -0.251132533 2.387146702 1.443308415
v -0.409927935 1.888221432 1.393516972
v -0.848090264 2.498018985 1.179247556
v -0.636321220 2.317637579 0.743337565
v -0.798505930 2.499445301 1.122084956
v -0.762918186 2.188508454 0.363072583
v -0.704232929 2.164356173 0.339730585
v -0.764299015 2.407400387 1.001833924
v -0.770701043 2.184039331 0.342693501
v -0.745846111 2.196495822 0.350353723
v -0.703605279 2.015924241 0.013520755
v -0.688792744 2.045876873 0.200184466
v -0.668456890 1.735320377 -0.194606031
v -0.665946291 2.008602486 -0.061202543
v -0.652012465 1.887936168 -0.248950248
v -0.755511918 1.828411255 -0.044870371
v -0.736556894 1.917888801 -0.018854523
v -0.322119727 2.870667762 1.066150882
v -0.677306752 1.764797570 -0.226330913
v -0.401391897 2.930668114 1.081904923
v -0.642032833 2.003087398 -0.134769580
v -0.710509427 2.139538278 0.327734389
v -0.704232929 2.164356173 0.339730585
v -0.095600911 2.410538282 0.086943260
v -0.520080476 2.092184593 -0.296790502
v -0.083675565 2.451806352 0.233499205
v -0.270589677 2.431552668 -0.082376553
v -0.572614764 2.003372661 -0.341089710
v -0.526231444 1.570343181 -0.503905561
v -0.441624250 1.434748091 -0.162230753
v -0.493154299 1.480104934 -0.444069110
v -0.467985542 1.479914759 -0.035186694
v -0.508782779 1.518900724 -0.495233611
v -0.515247572 1.637284937 0.187971471
v -0.498301027 1.564257567 0.090484306
v -0.453863421 1.433987390 -0.277206350
v -0.345154474 2.327146351 -0.240567363
v -0.051163305 2.578843547 0.883389548
v -0.754884268 1.518520373 1.039701436
v -0.746285466 1.293542826 0.534704915
v -0.744528046 1.199596158 0.536367039
v -0.801581414 1.225555106 0.705614585
v -0.625086288 0.769134046 1.016720770
v -0.802711183 1.543338269 0.833742637
v -0.689796983 1.265301773 0.461716007
v -0.780115790 1.312275107 0.620195883
v -0.661803802 1.980266345 0.675913158
v -0.496355313 0.888659311 0.555517594
v -0.536650430 0.883144223 0.524515374
v -0.620567210 2.033230206 0.574306817
v -0.539098265 0.779593696 0.777880830
v -0.569037160 0.795663520 0.662110305
v -0.668959010 0.807834749 0.911139786
v -0.612093937 1.946795468 0.462077339
v -0.637388224 0.780164222 0.960425365
v -0.613851357 1.794274764 0.370588272
v -0.596842047 0.798991591 0.678731542
v -0.569037160 0.795663520 0.662110305
v -0.632304261 0.825806328 0.664639624
v -0.630735136 0.714838958 0.624025994
v -0.649188041 0.725964221 0.644405075
v -0.573995594 0.721019660 0.664133760
v -0.650757165 0.732525274 0.675335028
v -0.621194859 2.073071961 0.694846914
v -0.646677442 1.964576871 0.562166088
v -0.687098089 1.914845993 0.662977500
v -0.716032745 1.774686693 0.527984154
v -0.627471357 1.705462832 0.343922028
v -0.685717259 1.754528096 0.423270365
v -0.707496708 1.370563880 0.435122029
v -0.620881034 1.332814055 0.372539461
v -0.769634039 1.400421424 0.519312205
v -0.756390628 1.518425286 0.515915691
v -0.787522058 1.656112305 0.843715379
v -0.679315231 1.885654063 0.898493193
v -0.741201502 1.744258622 0.970976237
v -0.748921595 1.771358623 0.863733129
v -0.696261776 1.623592305 0.414092552
v -0.686407674 1.841723536 1.007615223
v -0.632429791 1.463940022 0.344066560
v -0.629291542 1.045268787 0.425799683
v -0.780492380 1.658014060 0.733148024
v -0.599352646 0.731954747 0.703952461
v -0.580272092 0.725678958 0.682995250
v -0.775094592 1.641373709 0.950380357
v -0.699337260 1.008089488 0.508183203
v -0.599352646 0.731954747 0.703952461
v -0.550709786 0.823429135 0.613764187
v -0.578200848 1.034904226 0.430207924
v -0.636070160 0.734712291 0.689788277
v -0.657598548 1.937857222 1.030884954
v -0.687725739 1.919695467 0.790455157
v -0.747540765 1.780487044 0.636238989
v -0.633245736 1.598584234 0.335539143
v -0.758901227 1.653164586 0.622652935
v -0.790974132 1.540485637 0.725343270
v -0.634249975 0.997439664 0.433604438
v -0.591569789 0.719022817 0.637106184
v -0.596842047 0.798991591 0.678731542
v -0.627785182 0.779878959 0.904129960
v -0.647932741 1.862642835 0.446756895
v -0.745092931 1.643085288 0.511507450
v -0.716534865 1.496364934 0.416116007
v -0.775910537 1.533163882 0.619545487
v -0.816142889 1.431324933 0.715731859
v -0.557990524 0.967487032 0.442059589
v -0.516189047 0.933540715 0.488526784
v -0.676114217 1.895638274 0.550675755
v -0.785325284 1.418963530 0.615137246
v -0.755198093 1.781057570 0.752659910
v -0.634124445 1.983974766 0.918872274
v -0.661929332 1.995575468 0.801150561
v -0.536650430 0.883144223 0.524515374
v -0.242596496 2.491648107 0.119824401
v -0.209331056 2.514564248 0.135650709
v -0.165834925 2.494215476 0.100095716
v -0.192384512 2.446291265 0.175252611
v -0.267639723 2.456370563 0.060493814
v -0.235566818 2.486513371 0.078704908
v -0.269020553 2.472725651 0.113609504
v -0.204560918 2.508763897 0.104142626
v -0.200481194 2.473581441 0.046907760
v -0.187865433 2.500776529 0.083402214
v -0.166650869 2.461315125 0.068732166
v -0.165521100 2.419476527 0.046185098
v -0.130498241 2.408731615 -0.012567360
v -0.124410038 2.418145299 0.092796826
v -0.305361477 2.411394071 -0.024057693
v -0.291302121 2.438779335 -0.021889705
v -0.277933180 2.433169159 0.009762910
v -0.262053640 2.466735125 -0.055421243
v -0.496355313 0.888659311 0.555517594
v -0.361724429 1.551991251 1.324574975
v -0.465977062 0.804696854 0.640574964
v -0.598976056 0.785964573 0.785468786
v -0.477463054 0.862605276 0.661821240
v -0.632304261 0.825806328 0.664639624
v -0.185103774 2.480237581 0.149236763
v -0.185103774 2.480237581 0.149236763
v -0.158177597 2.431837931 0.140348015
v -0.242722026 2.477004598 0.166074798
v -0.158177597 2.431837931 0.140348015
v -0.155164878 2.492789160 0.126834227
v -0.149453265 2.448858633 0.102263704
v -0.169035939 2.527115827 0.153355939
v -0.145750131 2.421188106 0.095253878
v -0.160374371 2.457987054 0.125533435
v -0.192384512 2.446291265 0.175252611
v -0.192384512 2.446291265 0.175252611
v -0.217113914 2.486893721 0.143455464
v -0.288226637 2.471394423 0.109128997
v -0.090203123 2.475293020 0.398338510
v -0.242722026 2.477004598 0.166074798
v -0.037919894 2.546513722 0.684079244
v -0.069302385 2.508954073 0.536800636
v -0.170479533 2.390950211 -0.108536933
v -0.183471884 2.404262492 -0.098058328
v -0.240085897 2.368509509 -0.176178139
v -0.269020553 2.472725651 0.113609504
v -0.251258063 1.228883176 1.079664670
v -0.233370044 1.260832650 1.036666254
v -0.251258063 1.228883176 1.079664670
v -0.315215579 1.483337917 1.293211424
v -0.496606373 0.858136153 0.610656739
v -0.506083885 1.581563532 0.292396195
v -0.729213391 0.002251578 1.517670382
v -0.686282144 -0.007542457 1.449089715
v -0.637513754 -0.004024211 1.568112221
v -0.490329875 0.000539999 1.446921728
v -0.549956606 0.006340350 1.561535992
v -0.377478440 0.029351579 1.132129964
v -0.363983969 0.048654386 1.132419029
v -0.321743137 0.150873686 1.103584797
v -0.327580280 -0.003548773 1.173755321
v -0.321366547 0.024502105 1.283310949
v -0.278184240 0.017180351 1.190882421
v -0.347727839 -0.002883158 1.228677667
v -0.393232450 0.014517894 1.157423149
v -0.600294121 0.003012280 1.223257699
v -0.532005822 0.028495789 1.307231076
v -0.428192544 0.009478245 1.392649777
v -0.415011898 0.013852280 1.371764833
v -0.384194292 -0.007447369 1.301160711
v -0.413066184 0.022695438 1.241541059
v -0.371013646 0.009478245 1.265822517
v -0.401894017 0.002727017 1.347122043
v -0.592950618 -0.006211229 1.280203500
v -0.541546099 0.018891930 1.218488127
v -0.375093370 0.022695438 1.415702710
v -0.440180655 0.019082105 1.295740743
v -0.448214573 0.025928421 1.315108096
v -0.338626916 0.019272280 1.322190188
v -0.356326641 2.485562493 0.134060852
v -0.646865736 1.710407394 -0.399625369
v -0.589310249 1.669804937 -0.434168634
v -0.617491726 1.673988797 -0.404105876
v -0.597720757 1.685969850 -0.410320773
v -0.614855596 1.699091955 -0.377439632
v -0.609457808 1.726952657 -0.385244386
v -0.628287302 1.718204587 -0.396373388
v -0.614855596 1.699091955 -0.377439632
v -0.591632553 1.589170550 -0.431061185
v -0.376348670 2.434690563 0.068732166
v -0.586736885 1.637665287 -0.440817129
v -0.448779458 1.493892654 0.335755942
v -0.558618174 1.833545992 1.209310313
v -0.479534298 1.751960728 1.258884958
v -0.506209415 1.739789500 1.230701122
v -0.329400464 1.275761422 0.543738196
v -0.210084236 1.303241774 1.023296998
v -0.402521667 1.423717916 0.366396830
v -0.604185550 2.013547048 1.069258330
v -0.549328957 2.071835820 1.087035827
v -0.225461656 1.247520369 0.859108089
v -0.291929771 1.249897562 0.644694140
v -0.431456323 1.400611600 0.380922345
v -0.257409032 1.232211246 0.750419657
v -0.233370044 1.260832650 1.036666254
v -0.259103686 1.191133351 0.925882100
v -0.525729324 2.122612663 0.951753416
v -0.579895502 2.058903890 0.938167362
v -0.563011722 1.612371954 -0.411115702
v -0.590440019 1.593069146 -0.446453896
v -0.559434118 1.600010550 -0.470012692
v -0.639271174 1.828221080 -0.361902389
v -0.494409598 2.069458627 -0.298958489
v -0.586736885 1.637665287 -0.440817129
v -0.223453177 2.349872316 -0.192727109
v -0.556797989 1.606951954 -0.486706194
v -0.328458990 2.300521789 -0.257622197
v -0.770889338 1.778870553 -0.006930593
v -0.793861321 1.831073711 0.069382562
v -0.203054558 2.428129510 1.385712218
v -0.543240753 2.157604945 0.632047547
v -0.409551345 1.327203879 0.423487164
v -0.296009495 1.179247386 0.790093825
v -0.244353916 1.213478965 0.897120134
v -0.374842310 1.207203176 0.574306817
v -0.484806556 1.778490202 0.321158160
v -0.323688851 2.446386352 0.039536603
v -0.773588232 1.883562133 0.076247856
v -0.835348973 1.839631606 0.082751818
v -0.829009710 1.847143536 0.096337872
v -0.825745931 1.871771256 0.104937555
v -0.339003506 1.184762474 0.656256739
v -0.480413008 1.483052654 -0.464592723
v -0.534641951 1.598489147 -0.510264990
v -0.594708038 1.695478622 -0.446598428
v -0.319483597 1.215761071 0.645489069
v -0.537089785 2.151329155 0.836705553
v -0.278560830 1.198169842 0.768847549
v -0.383566643 1.355920371 0.408022187
v -0.519390061 1.736556517 0.265946749
v -0.496543608 2.191075822 1.028427902
v -0.522653840 1.775162132 0.292107130
v -0.420033096 1.516238268 1.290393041
v -0.362540374 1.491420373 1.294439950
v -0.145750131 2.421188106 0.095253878
v -0.383943233 2.402265650 0.006438663
v -0.240776312 2.464928458 -0.046315696
v -0.231236035 2.437733370 -0.061636140
v -0.614165182 1.665525990 -0.418414593
v -0.272911982 2.382011965 -0.099359120
v -0.292557421 2.428700036 -0.052313795
v -0.228913730 2.446671616 -0.025719816
v -0.226528661 2.423850563 0.008751183
v -0.247052810 2.433739686 0.011714099
v -0.252889953 2.447622493 -0.007942320
v -0.247052810 2.433739686 0.011714099
v -0.305361477 2.411394071 -0.024057693
v -0.247052810 2.433739686 0.011714099
v -0.273414102 2.443438633 -0.007942320
v -0.220252163 2.401600036 -0.072765142
v -0.305298712 2.388668106 -0.064020926
v -0.464094113 1.344034406 0.356496354
v -0.436728581 1.281847036 0.436639620
v -0.381620928 1.391958617 1.254332184
v -0.402647197 1.448535811 1.291910632
v -0.490392640 1.462228443 0.315232328
v -0.342581110 1.437315460 1.266978777
v -0.659858087 1.799124237 -0.289058014
v -0.521837895 2.089427049 -0.276194622
v -0.042438973 2.571236530 0.824203493
v -0.454365541 1.447965285 -0.387267841
v -0.615671541 2.622964250 0.968880516
v -0.737623898 3.039733730 1.792715711
v -0.701973389 1.981882837 0.146201581
v -0.721493298 1.749773710 -0.056216172
v -0.766558555 1.958681433 0.111513783
v -0.646614677 1.787333360 0.070466556
v -0.640965828 1.857983536 0.137674164
v -0.628036242 1.927492660 0.182262437
v -0.589184719 1.688251955 0.011208235
v -0.506586005 1.552942128 -0.126531228
v -0.506837065 1.531452303 -0.401793356
v -0.470307846 1.537537918 -0.041762923
v -0.553283150 1.612562129 -0.119160071
v -0.522277250 1.556270199 -0.219682418
v -0.484806556 1.574812304 0.018507126
v -0.464847293 1.493131952 -0.172275762
v -0.501627571 1.618457568 0.078271310
v -0.529871813 1.595161076 -0.057227899
v -0.572363704 1.863213361 0.256118540
v -0.575690248 1.803308097 0.219479553
v -0.574686009 2.132501786 0.535572110
v -0.534516421 1.779536167 0.238991440
v -0.604185550 2.286258631 0.662543903
v -0.679064172 2.676783900 1.164143910
v -0.367373278 2.355767755 1.444464675
v -0.752499199 2.671078637 1.161975923
v -0.715656155 2.671649163 1.113340740
v -0.543366283 1.844481080 0.285097304
v -0.675047213 1.892310204 0.108767666
v -0.745218461 1.985876521 0.125461169
v -0.663561221 1.708695815 -0.135925840
v -0.646614677 2.291773718 0.656618070
v -0.521084715 1.702705288 0.185080821
v -0.608516333 1.650026691 -0.254803814
v -0.709693482 1.772689851 -0.116052623
v -0.298896684 2.838813376 1.008699217
v -0.376348670 2.885406359 1.000316332
v -0.311386915 2.846705657 1.027849772
v -0.440620010 2.830921095 0.980009518
v -0.447461393 2.849463201 1.001689391
v -0.343397055 2.895770921 1.123819345
v -0.307244426 2.790889165 0.821601908
v -0.325257976 2.747909515 0.785541052
v -0.253643133 2.686197584 0.741603175
v -0.250504884 2.715579690 0.800644697
v -0.746536526 1.859695115 0.066058315
v -0.395680284 2.664137233 0.727728056
v -0.573870064 2.414817229 0.599310938
v -0.324818621 2.379254422 1.426831711
v -0.419217152 2.387717229 1.405440903
v -0.245923040 2.744106006 0.847617756
v -0.533198357 2.465594072 0.569681778
v -0.466918537 2.880937236 1.062537570
v -0.315152814 2.652156180 0.576330272
v -0.318228298 2.578273021 0.471977814
v -0.505205175 2.972126360 1.223040900
v -0.442126370 2.259634069 -0.081075760
v -0.352184152 2.502773371 0.217022501
v -0.388964431 2.312693017 -0.144236458
v -0.421539456 2.384959685 0.109996192
v -0.380114569 2.350062491 -0.045882099
v -0.441059365 2.296337929 -0.025575284
v -0.666950530 2.374214772 0.772027264
v -0.686219379 2.541188810 0.997064351
v -0.429071254 2.355007053 0.042210454
v -0.318793183 2.586450565 0.439168939
v -0.329651524 2.551743547 0.366830427
v -0.430577613 2.288160385 -0.131589866
v -0.310947560 2.702647760 0.728017121
v -0.322182492 2.542520038 0.304970522
v -0.189497322 2.678590566 0.996630754
v -0.740260028 2.446576528 1.010000009
v -0.215670319 2.730793725 0.937011102
v -0.399195123 2.549746705 1.293211424
v -0.429761668 2.978782501 1.240673864
v -0.366431803 2.941317939 1.271603817
v -0.636007395 2.873330219 1.348928699
v -0.625964998 2.903473026 1.284394942
v -0.681009886 3.063410572 1.827331242
v -0.692872467 3.041730572 1.827331242
v -0.733293115 3.054567414 1.832462146
v -0.136900269 2.541188810 1.079736936
v -0.404279086 2.818749867 1.473082108
v -0.357644706 2.855738990 1.419388288
v -0.164328565 2.515895476 1.165661501
v -0.547634302 2.087144943 -0.172564827
v -0.586172000 2.223976174 0.185658951
v -0.370072172 2.296813368 -0.171553099
v -0.257283502 2.390569860 -0.153269739
v -0.575501953 2.278746701 0.255468144
v -0.139097043 2.485372318 1.254259918
v -0.462964343 2.245751262 -0.158472909
v -0.405471621 2.348065649 -0.062214270
v -0.420723511 2.234245647 -0.188607933
v -0.433213742 2.230727402 -0.139033289
v -0.350426733 2.351869158 -0.094661814
v -0.332538713 2.400649159 -0.096251672
v -0.330530234 2.339697930 -0.129494144
v -0.542738634 2.712536883 0.982105239
v -0.546379002 2.528351968 0.824853889
v -0.612658822 2.574564600 1.300654847
v -0.686847029 3.078529520 1.809915077
v -0.711074312 3.073109520 1.837520783
v -0.581464627 2.574944951 0.899721719
v -0.431205263 2.309555122 -0.003461813
v -0.421413926 1.935575117 1.408837416
v -0.396307934 2.304515473 -0.111933447
v -0.528177158 2.723567058 0.947778772
v -0.512485913 2.681443198 0.834898897
v -0.759215052 2.415007405 1.037027585
v -0.347225719 2.335989509 1.467228542
v -0.622073569 2.864391973 1.445837734
v -0.574372184 2.865913376 1.516947719
v -0.636007395 2.873330219 1.348928699
v -0.355134106 2.786039691 1.431745816
v -0.112421926 2.498969862 1.198976240
v -0.061958882 2.458177230 0.401807290
v -0.059824872 2.552789512 0.963171482
v -0.540667389 1.579661778 -0.508747399
v -0.541232274 2.002707047 -0.332851358
v -0.597155872 1.665525990 -0.456715703
v -0.057188743 2.402646001 0.148586367
v -0.589310249 1.669804937 -0.434168634
v -0.582970986 1.671516516 -0.464014593
v -0.484869321 2.215513366 0.954138202
v -0.449532637 2.192977577 1.442947084
v -0.458633559 1.892215116 1.341340743
v -0.236571058 1.309517563 1.125481469
v -0.296825439 1.419153705 1.272760077
v -0.585042231 2.029616872 0.452610460
v -0.508406189 2.158175471 1.092311263
v -0.433464802 1.872151607 1.359551837
v -0.580585917 2.100647400 0.542654202
v -0.570794580 2.169776173 1.268929966
v -0.557864994 2.148856874 1.314024103
v -0.458319735 2.297859333 1.414690982
v -0.102818884 2.536054073 1.091733133
v -0.302223228 2.360807404 -0.137949295
v -0.485685266 2.406354422 1.374872281
v -0.480099183 2.036273013 1.389397796
v -0.530185637 2.175956875 1.373426956
v -0.536085546 2.105211610 1.361213961
v -0.512862503 2.042834066 1.351241219
v -0.459323974 1.970852661 1.371837099
v -0.523407020 2.332376175 1.377979730
v -0.139348103 2.522171266 1.182788602
v -0.533386651 2.139062839 1.225714751
v -0.422606461 2.273516876 1.453353423
v -0.558429879 2.232248805 1.272832343
v -0.119326074 2.548225301 1.088553418
v -0.355698991 2.321631263 -0.206529962
v -0.511732733 2.304610561 0.181467509
v -0.500183977 2.187937927 -0.058600958
v -0.608202508 2.161313366 0.120619330
v -0.538282320 2.262296525 1.087975288
v -0.116878240 2.446671616 0.236245322
v -0.636760575 1.872531958 -0.362769584
v -0.648246566 1.722388447 -0.319843434
v -0.614290712 1.993483539 -0.206385429
v -0.706178643 1.914941081 -0.098419659
v -0.770889338 1.778870553 -0.006930593
v -0.701659565 1.767174763 0.009762910
v -0.716723160 1.916082134 0.100457048
v -0.639522234 1.720201429 -0.037282416
v -0.564455317 1.609994761 -0.391097952
v -0.542362044 1.584035813 -0.456860235
v -0.551965086 1.600771252 -0.364793039
v -0.515373102 1.551705988 -0.442479252
v -0.467420657 1.493322127 -0.262608568
v -0.536587665 1.573861427 -0.295634242
v -0.179392161 2.595959337 0.662038039
v -0.547508772 1.656968095 0.062300470
v -0.704044634 2.633233724 1.306508413
v -0.458319735 2.297859333 1.414690982
v -0.792606022 2.674121444 1.202734085
v -0.094659437 2.569715126 0.956378455
v -0.331157884 2.902997587 1.337727431
v -0.434531807 2.855548815 1.503361665
v -0.562070248 2.805532674 1.485078305
v -0.623391634 2.825691270 1.434853265
v -0.355761756 2.925153026 1.216320139
v -0.419468212 2.973172325 1.181704608
v -0.572928589 2.942363904 1.223763563
v -0.714400856 3.032221800 1.813022526
v -0.331157884 2.902997587 1.337727431
v -0.641781773 2.633614075 1.279336305
v -0.703793574 2.335894421 0.788070370
v -0.756955513 2.435831615 1.028211103
v -0.674419563 2.312788105 0.713491605
v -0.434217982 2.636656882 0.734087485
v -0.714526386 3.057134783 1.839255173
v -0.671846199 0.794142117 0.579726786
v -0.677808872 0.800037555 0.622436137
v -0.660109147 0.756011941 0.611812998
v -0.682955600 0.861369135 0.540630747
v -0.586234765 0.702572642 0.689426946
v -0.594582508 0.694585273 0.674251034
v -0.637199929 0.676898957 0.711034553
v -0.625713938 0.688499659 0.659870052
v -0.643225368 0.783872643 0.543449131
v -0.642974308 0.850814398 0.485780667
v -0.639836059 0.746693344 0.581967039
v -0.617931080 0.664822817 0.695714109
v -0.611529052 0.647992290 0.731919498
v -0.605440849 0.706471238 0.713997469
v -0.557990524 0.967487032 0.442059589
v -0.609708868 0.680227027 0.723103016
v -0.605440849 0.706471238 0.713997469
v -0.572740294 0.909768785 0.461788274
v -0.638141404 0.929927382 0.446829161
v -0.596779282 0.674236501 0.703157532
v -0.685026845 0.938104926 0.512952775
v -0.609708868 0.680227027 0.723103016
v -0.640965828 0.700480712 0.676491288
v -0.640526473 0.706946677 0.693835187
v -0.625964998 2.903473026 1.284394942
v -0.738502608 3.082618292 1.806229499
v -0.505205175 2.972126360 1.223040900
v -0.627659652 2.857070218 1.228677667
v -0.579330617 0.837882468 0.514759431
v -0.562823427 0.747358958 0.635154996
v -0.590063429 0.747644221 0.602490653
v -0.600356886 0.787961415 0.679598736
v -0.588557069 0.781115099 0.568670050
v -0.552655501 0.774839309 0.609139147
v -0.686533204 0.873255100 0.597504282
v -0.652765645 0.811638257 0.654955947
v -0.664753756 0.762953344 0.650764505
v -0.600168591 0.760290888 0.690005076
v -0.571359465 0.750021414 0.669915060
v -0.650882695 0.817438608 0.795369261
v -0.565020202 0.775790187 0.658713792
v -0.596842047 0.798991591 0.678731542
v -0.539976974 0.826947380 0.568959115
v -0.600168591 0.760290888 0.690005076
v -0.686407674 0.882668785 0.627061176
v -0.600356886 0.787961415 0.679598736
v -0.641216888 0.764379660 0.677213950
v -0.703354219 0.932589838 0.589193664
v -0.487505451 2.808670568 1.513334407
v -0.399634478 2.678210216 0.754032969
v -0.326638805 2.740968111 0.768486218
v -0.529244163 2.533296529 0.781349610
v -0.432083973 2.678780742 0.776001907
v -0.458821854 2.653107057 0.762993983
v -0.403212082 2.691712672 0.775134713
v -0.636007395 2.873330219 1.348928699
v -0.633057441 2.822553376 1.264593991
v -0.488509690 2.951967764 1.172020931
v -0.366431803 2.941317939 1.271603817
v -0.568095686 2.907656886 1.180331549
v -0.572928589 2.942363904 1.223763563
v -0.461269689 2.649683899 1.357022519
v -0.530248402 2.731174076 1.447210793
v -0.604373845 2.825976534 1.144487492
v -0.528930338 2.806483551 1.001400326
v -0.624144813 1.646033007 -0.415090345
v -0.272911982 2.382011965 -0.099359120
v -0.708500947 2.351678983 0.778458960
v -0.684524725 2.333041789 0.702868467
v -0.338062032 0.147260353 1.157784481
v -0.533261121 0.023646316 1.280275766
v -0.363983969 0.048654386 1.132419029
v -0.591004904 0.187197195 1.210105242
v -0.318793183 0.062727369 1.111823149
v -0.293938250 0.061015790 1.148389869
v -0.286469218 0.094962106 1.123747079
v -0.519390061 0.091063510 1.267990505
v -0.338062032 0.147260353 1.157784481
v -0.294377605 0.123868773 1.120639631
v -0.308123136 0.126911580 1.173827587
v -0.290737236 0.088115790 1.163421248
v -0.289607467 0.066816141 1.120422832
v -0.285716038 2.809621446 0.957823780
v -0.258162211 2.448383195 1.328188287
v -0.456311255 2.498589511 1.323996845
v -0.353502217 2.478716177 1.321395260
v -0.315843229 2.301282491 1.504301126
v -0.580585917 2.730603550 1.037172118
v -0.288101107 2.332376175 1.492883060
v -0.833528789 2.657386005 1.184089394
v -0.648434861 2.669652321 1.053576555
v -0.353251157 0.086784562 1.104379726
v -0.363983969 0.048654386 1.132419029
v -0.346347009 0.059018948 1.101994939
v -0.374277425 0.075278948 1.143475764
v -0.324379266 0.047703509 1.137549932
v -0.346347009 0.059018948 1.101994939
v -0.362540374 0.128718247 1.149618395
v -0.345217239 0.123963861 1.104379726
v -0.362540374 0.128718247 1.149618395
v -0.595398452 0.182062458 1.186474180
v -0.565710616 0.039621053 1.070197792
v -0.534641951 0.146594739 1.202300488
v -0.526482504 0.144978247 1.229111265
v -0.258915391 2.774724252 0.884401275
v -0.524097434 2.527876529 1.305930283
v -0.314399634 2.580174775 1.230845655
v -0.297578619 2.530538985 1.234314434
v -0.582845456 0.044945965 1.029584162
v -0.573744534 0.046182105 1.051480834
v -0.644668962 0.047988772 1.078580676
v -0.646928501 0.051887369 1.056322672
v -0.646928501 0.051887369 1.056322672
v -0.573744534 0.046182105 1.051480834
v -0.411999179 2.725658988 0.826660545
v -0.383378348 2.918211623 1.030379090
v -0.582845456 0.044945965 1.029584162
v -0.617240666 0.048749474 1.032547078
v -0.610524813 0.034391228 1.069908727
v -0.614541771 0.046562456 1.055527744
v -0.646300852 0.051126667 1.034642799
v -0.573744534 0.046182105 1.051480834
v -0.646300852 0.051126667 1.034642799
v -0.646928501 0.051887369 1.056322672
v -0.341953460 2.266004946 1.512033614
v -0.363983969 2.878179692 0.979648186
v -0.460453744 2.867815131 1.034715065
v -0.381871988 2.210093366 1.510660556
v -0.408484340 2.143722137 1.495412378
v -0.381871988 2.210093366 1.510660556
v -0.488572455 2.926484254 1.139645653
v -0.437293466 2.070884943 1.457039002
v -0.391726090 2.913076886 1.050758172
v -0.417020377 2.954440044 1.156266890
v -0.337246087 2.498209160 0.255323611
v -0.412940654 2.962807764 1.133719821
v -0.477902409 2.905279693 1.101272277
v -0.352623507 2.912981798 1.174405717
v -0.404090791 2.927244956 1.095780042
v -0.417020377 2.156273716 1.484861506
v -0.433527567 1.990821082 1.421700808
v -0.323563321 2.373644246 1.471564517
v -0.639961589 0.111412282 1.027199376
v -0.636446750 0.115786317 1.057840264
v -0.567091446 0.075183860 1.051553100
v -0.614541771 0.046562456 1.055527744
v -0.575501953 0.071570527 1.024308726
v -0.573744534 0.046182105 1.051480834
v -0.646928501 0.051887369 1.056322672
v -0.617052371 0.137085966 1.015564510
v -0.074825703 2.586450565 0.874862131
v -0.648058271 0.082505615 1.059430121
v -0.613474767 0.141650177 1.048662450
v -0.429573373 2.221408805 1.488258020
v -0.582531631 0.113123861 1.050469107
v -0.859325196 0.042568772 1.175345178
v -0.648874216 0.079843159 1.032908409
v -0.648058271 0.082505615 1.059430121
v -0.588557069 0.106182457 1.019250089
v -0.565710616 0.039621053 1.070197792
v -0.288038342 2.424706352 1.375811742
v -0.333731248 2.361758281 -0.088591450
v -0.165521100 2.419476527 0.046185098
v -0.513741212 1.814908799 0.336984468
v -0.463591993 1.750154061 0.306415846
v -0.305298712 2.388668106 -0.064020926
v -0.157549947 2.423755475 -0.004039943
v -0.327517515 2.314309508 1.494906514
v -0.195711056 2.482614774 1.317059285
v -0.385826182 2.219126700 1.500615548
v -0.625086288 2.249174420 0.311546750
v -0.465035588 1.716968447 0.277220283
v -0.570104165 2.020868802 0.477180984
v -0.573807299 2.094561786 0.551470684
v -0.716785925 2.115956523 0.278159745
v -0.736243069 2.076400031 0.150176224
v -0.715405095 2.129649155 0.229524562
v -0.704170164 2.178334068 0.269849126
v -0.734297355 2.023626346 0.090556572
v -0.758901227 2.037223890 0.138830424
v -0.687788504 2.059949855 0.088316319
v -0.710509427 2.139538278 0.327734389
v -0.755260858 2.192311963 0.327951187
v -0.488572455 2.177097927 1.031246285
v -0.480852363 2.204102840 0.961148028
v -0.475266279 2.216654419 0.845377503
v -0.498740382 2.083341435 1.212851360
v -0.455871900 1.980361433 1.291982898
v -0.471500381 2.036082837 1.260474815
v -0.489764990 2.149047050 1.096574971
v -0.549517251 2.861158990 1.124614274
v -0.630170252 2.824264955 1.199193039
v -0.443067844 1.895638274 1.329994943
v -0.780241320 1.866921782 0.036284622
v -0.419028857 1.860741080 1.356444389
v -0.311386915 2.839288815 1.336426639
v -0.313269864 2.885311271 1.265461186
v -0.432774387 2.753329515 1.448945182
v -0.446017798 2.702267409 0.745794617
v -0.571359465 2.591109863 0.801222827
v -0.532570707 2.576846705 0.819072590
v -0.538407850 2.621062495 0.859758486
v -0.524097434 2.588447407 0.785107454
v -0.521775130 2.622013373 0.815820609
v -0.541357804 2.752188462 0.996197157
v -0.575815778 2.676403549 0.857084635
v -0.357644706 2.855738990 1.419388288
v -0.297264794 2.377067404 -0.086567995
v -0.571987115 2.763123550 0.973794621
v -0.520457065 2.764549866 0.963243749
v -0.477651349 2.657005654 0.778097629
v -0.734485649 2.402075475 1.020334082
v -0.762165006 2.426037580 1.000099534
v -0.747603530 2.186796875 0.364445641
v -0.704232929 2.164356173 0.339730585
v -0.701973389 2.190695471 0.313136607
v -0.701973389 2.190695471 0.313136607
v -0.715405095 2.129649155 0.229524562
v -0.762980951 2.175196173 0.313787003
v -0.767688324 1.973420029 0.104214892
v -0.733983530 2.024006697 0.124449441
v -0.837671278 1.855891607 0.102408236
v -0.748858830 1.998523188 0.083474480
v -0.773588232 1.883562133 0.076247856
v -0.775847772 1.926446695 0.099011723
v -0.766307495 1.958586345 0.075163862
v -0.773588232 1.883562133 0.076247856
v -0.647367856 1.835542834 -0.302571802
v -0.602679190 1.619978971 -0.431133452
v -0.809552566 1.813292308 0.041126460
v -0.600670711 1.620074059 -0.394928063
v -0.748607770 1.809869150 0.039608869
v -0.628726657 1.603148445 -0.411332501
v -0.563011722 1.612371954 -0.411115702
v -0.587490065 1.627110550 -0.382931866
v -0.552969325 1.591928094 -0.449344545
v -0.632994676 1.704607043 -0.394494465
v -0.610336518 1.651167744 -0.396879252
v -0.552969325 1.591928094 -0.449344545
v -0.590753844 1.646223182 -0.408080520
v -0.597720757 1.685969850 -0.410320773
v -0.627157533 1.769551956 -0.343980360
v -0.587490065 1.627110550 -0.382931866
v -0.609457808 1.726952657 -0.385244386
v -0.626592648 1.768315816 -0.403021882
v -0.590753844 1.646223182 -0.408080520
v -0.536713195 2.091614066 1.218054529
v -0.530499462 2.221789156 0.729101114
v -0.519076236 2.029521785 1.275000330
v -0.533763241 1.807967395 0.312341679
v -0.555856515 2.165307050 0.624170526
v -0.516063517 2.070409505 1.292777827
v -0.546943887 2.103785295 1.312072914
v -0.495476603 1.998523188 1.330428540
v -0.027751967 2.518462845 0.689137881
v -0.130184416 2.479762142 1.259029490
v -0.241466726 2.379824948 1.452558495
v -0.734673944 3.075581801 1.831450418
v -0.745595051 3.069971625 1.809481480
v -0.056372798 2.425942492 0.238557842
v -0.525352734 2.032469504 1.202517286
v -0.474638630 1.914370555 1.251947398
v -0.406664156 1.234398264 0.494958480
v -0.486563976 1.705653008 0.316316322
v -0.360594660 1.339565283 1.205480203
v -0.043317683 2.554881442 0.885340736
v -0.553220385 1.635478270 -0.490102708
v -0.257848386 1.329961423 1.197097318
v -0.440117890 1.778585290 1.284539475
v -0.298896684 1.280420721 1.145137888
v -0.408923695 1.650311954 1.319299539
v -0.589749604 2.126796523 0.707565773
v -0.272409862 1.362576511 1.242335988
v -0.553722505 2.185370559 0.730112842
v -0.600356886 1.929394415 1.160169267
v -0.099241280 2.553264951 1.021779407
v -0.517004991 1.654495814 0.123943577
v -0.567342506 1.730661078 0.151477017
v -0.467546187 1.504827742 -0.106296680
v -0.489764990 1.502070198 -0.344630756
v -0.607512094 1.752911605 0.109056731
v -0.607261034 1.826604589 0.176481138
v -0.599038821 1.895828449 0.218901424
v -0.573932829 1.630533708 -0.197713480
v -0.664314401 1.957635468 0.159354038
v -0.748607770 1.809869150 0.039608869
v -0.689734218 1.829552308 0.062734068
v -0.621194859 1.656968095 -0.311677348
v -0.129054646 2.570095477 0.684729640
v -0.673478088 1.903055116 -0.174371483
v -0.680005646 1.817666343 -0.211588599
v -0.165270040 2.479191616 0.372394928
v -0.491396879 2.252407402 0.945538519
v -0.502317986 2.230156875 1.031174019
v -0.576443428 2.086289154 -0.093071957
v -0.257722856 2.497163195 0.238341043
v -0.638329699 2.209903191 0.254022819
v -0.070683214 2.564960740 0.958401910
v -0.121397318 2.507337581 1.191605083
v -0.541232274 2.236147402 1.316770220
v -0.471500381 2.104070558 1.414690982
v -0.465223882 1.945749503 1.357167051
v -0.443193374 1.901438625 1.393155641
v -0.447273098 1.937762134 1.401827591
v -0.487756511 1.972849503 1.313735038
v -0.486815036 2.228730560 0.839596203
v -0.578954027 1.948126696 0.379043423
v -0.559685178 1.874338624 0.340670047
v -0.443821024 1.654400726 1.286346131
v -0.267388663 1.294303528 1.139284322
v -0.320425072 1.378456161 1.237927747
v -0.299461569 1.336237213 1.194567999
v -0.535708956 1.975511959 1.179175289
v -0.486940566 1.865685642 1.220439315
v -0.539349325 1.611801427 -0.502966099
v -0.602239835 1.693196516 -0.437348349
v -0.111480452 2.392851966 -0.034102701
v -0.073068283 2.400078632 0.076536921
v -0.032208281 2.551933722 0.835693826
v -0.080223491 2.545277582 1.028933766
v -0.091332893 2.532535827 1.089998743
v -0.196966355 2.419476527 1.394745499
v -0.163261561 2.450855475 1.336498905
v -0.704044634 2.633233724 1.306508413
v -0.357644706 2.855738990 1.419388288
v -0.704797814 3.088418643 1.794305568
v -0.729589981 3.084900397 1.784260560
v -0.709567952 3.081572327 1.823212066
v -0.724066663 3.083283906 1.818948358
v -0.429761668 2.978782501 1.240673864
v -0.587992185 2.749240743 1.400093201
v -0.629103247 2.790508814 1.333897320
v -0.515184807 2.857355481 1.541879574
v -0.311386915 2.839288815 1.336426639
v -0.118008009 2.609271618 0.854193985
v -0.149453265 2.626862846 0.812135030
v -0.837231923 2.580745302 1.146510946
v -0.677808872 2.668130917 1.211695100
v -0.811058926 2.655103899 1.135887808
v -0.641781773 2.633614075 1.279336305
v -0.526294209 2.378398632 1.319444071
v -0.596590987 2.708448111 1.273555005
v -0.540981214 2.275323543 1.367284325
v -0.523407020 2.332376175 1.377979730
v -0.194330226 2.490887406 1.232796843
v -0.348041664 2.842046358 0.917354683
v -0.383001758 2.593106706 1.280131234
v -0.519892181 2.580745302 1.310699855
v -0.325257976 2.804676884 0.856289706
v -0.228035021 2.466259686 1.288225053
v -0.526294209 2.378398632 1.319444071
v -0.505644530 2.442012317 1.324791773
v -0.604813199 2.663756882 1.263726796
v -0.868928238 2.584548811 1.187774972
v -0.737498369 2.668035829 1.249562612
v -0.422606461 2.273516876 1.453353423
v -0.399257888 2.317067052 1.458050729
v -0.629103247 2.790508814 1.333897320
v -0.687474679 2.412249861 0.879414904
v -0.721807123 2.395989860 0.957679248
v -0.713835971 2.427558984 0.941925206
v -0.468989781 3.020335835 1.340834880
v -0.780053025 2.450284949 1.068680200
v -0.531566467 3.016342151 1.317420616
v -0.824302337 2.428414773 1.162481787
v -0.261488755 2.796309165 1.065572752
v -0.235880643 2.742489515 1.127793989
v -0.296135025 2.731839690 1.327899222
v -0.235880643 2.742489515 1.127793989
v -0.586485825 2.427939335 1.299643120
v -0.707182883 2.434405300 1.254332184
v -0.653016705 2.388287755 1.246382897
v -0.658665553 2.467781090 1.307520141
v -0.971235156 2.635040390 1.294584483
v -0.974185111 2.623629864 1.307014277
v -1.013224929 2.690476532 1.458773392
v -0.572426469 2.314880035 1.253681788
v -0.739255788 2.432028107 1.220656114
v -0.767813854 2.420807756 1.087758489
v -0.575125364 3.081001801 1.566739162
v -0.534202596 2.895105307 1.572520462
v -0.524034669 3.060653028 1.465494153
v -0.515184807 2.857355481 1.541879574
v -0.483802317 2.914978640 1.581553742
v -0.653456059 2.961761799 1.593839004
v -0.655841129 2.986104255 1.694216819
v -0.655025184 2.347590211 0.790238358
v -0.603244075 2.468922142 0.855639310
v -0.655841129 2.986104255 1.694216819
v -0.315152814 2.644739338 0.601045328
v -0.236445528 2.767022147 1.004652307
v -0.580083797 2.261155472 0.685235504
v -0.495100013 2.260299683 0.832514111
v -0.568158451 2.204673366 0.616799369
v -0.538972735 2.267716525 0.760753730
v -0.254396312 2.677354426 0.711684949
v -0.250379354 2.626957934 0.603863712
v -0.551588496 2.373929509 0.396025990
v -0.541420569 2.421378282 0.477470049
v -0.497924437 2.361948456 0.266813944
v -0.560563888 2.324103544 0.323615213
v -0.419970331 2.794407410 0.921618391
v -0.405785446 2.744581445 0.846461497
v -0.553283150 2.247082490 0.693401589
v -0.070683214 2.549176179 0.679381938
v -0.584351816 2.221884244 0.605164504
v -0.613663062 2.187177226 0.509122664
v -0.625400113 2.118714067 0.425944216
v -0.451792177 3.002554431 1.530822838
v -0.447775218 2.956056536 1.569557546
v -0.382938993 2.957292676 1.417509366
v -0.391412265 2.904138640 1.473443440
v -0.488760750 2.415482843 0.350425990
v -0.584791171 2.371837579 0.512446911
v -0.665067581 2.222264595 0.367986687
v -0.657849608 2.357479334 0.697231700
v -0.480726833 2.461220037 0.435989224
v -0.427376599 2.405878983 0.197366082
v -0.416581022 2.457036177 0.301140411
v -0.650945460 2.285022490 0.454489383
v -0.663310161 2.240616525 0.482311887
v -0.603118545 2.363469860 0.623664663
v -0.644920022 2.207811261 0.500161650
v -0.642723248 2.254499332 0.579654519
v -0.591255964 2.099221084 0.431291918
v -0.411622589 2.491743195 0.382729001
v -0.569413750 1.985115819 0.363289381
v -0.965084188 2.632377934 1.298631393
v -0.566338266 1.938808099 0.301718540
v -0.651573110 2.288160385 0.560142633
v -0.685466200 2.179475120 0.398916640
v -0.946568519 2.686673023 1.366995260
v -0.889389622 2.675262496 1.306869744
v -0.913240314 2.647972320 1.291982898
v -0.961318290 2.660523900 1.354420934
v 0.484786865 1.778870553 0.318701108
v 0.527341522 1.806350904 0.331636766
v 0.448759766 1.720676868 0.330263707
v 0.513721521 1.815194062 0.334238351
v -0.862149620 2.512187055 1.312145180
v -0.898678839 2.526355126 1.279408571
v -0.876585566 2.540903547 1.323563247
v -0.805535608 2.592631267 1.365694468
v -0.757834222 2.639699689 1.330645339
v -0.790534777 2.537575477 1.348928699
v -0.891460866 2.497258283 1.281576559
v -0.831457545 2.447242142 1.233302707
v -0.862651740 2.448573370 1.215091613
v -0.895540590 2.502868459 1.212562295
v -1.006885665 2.691142146 1.520561031
v -1.023706680 2.666229163 1.507480841
v -1.023706680 2.666229163 1.507480841
v -1.014668523 2.665563549 1.518826642
v -1.018057832 2.698749163 1.507625374
v -1.011341979 2.697893374 1.515285596
v -0.886816257 2.589208109 1.252380996
v -1.029229999 2.678875830 1.537543599
v -1.024648155 2.691617584 1.500471015
v -0.884493953 2.554310915 1.296824736
v -0.888197087 2.557829161 1.282588286
v -0.886063078 2.584834074 1.253681788
v -0.844575426 2.662330566 1.262136939
v -0.861773030 2.652156180 1.210827905
v -0.829323535 2.672124601 1.233013642
v -0.875330266 2.631617232 1.243781312
v -0.801832474 2.638653724 1.343725529
v -0.767248969 2.583217583 1.350879888
v -0.741578092 2.462741440 1.284611741
v -0.916566858 2.548986003 1.232218713
v -0.794300676 2.481663897 1.324864040
v -0.908595706 2.497163195 1.255416178
v -0.709505187 2.493740037 1.321467526
v -0.755009798 2.518557932 1.335631710
v -0.723878368 2.570190565 1.334619983
v -0.709505187 2.493740037 1.321467526
v -0.836478743 2.483660739 1.290393041
v -0.783630629 2.669367058 1.277096051
v -0.902444738 2.580269863 1.239084007
v -0.917571098 2.519318634 1.254910314
v -1.029229999 2.678875830 1.537543599
v -0.790534777 2.537575477 1.348928699
v -0.801832474 2.638653724 1.343725529
v -0.869242063 2.475768458 1.267412375
v -0.881230174 2.475768458 1.192689077
v -0.810054686 2.664517584 1.289670378
v -0.898113954 2.589778635 1.215525211
v -0.907465936 2.520935125 1.225642485
v -1.029104469 2.676593724 1.498013963
v -1.025024745 2.687148461 1.537110002
v -0.824741692 2.509904950 1.339895419
v -0.820599203 2.552123898 1.358106512
v -0.679503526 2.553074775 1.317203818
v -0.755009798 2.518557932 1.335631710
v -0.757834222 2.639699689 1.330645339
v 0.509014147 2.145053365 1.025537252
v -0.694504357 3.075201450 1.639366738
v 0.455852209 1.980361433 1.292127430
v -0.620692740 3.078244257 1.550190192
v -0.662870807 3.056944607 1.542963567
v -0.639208409 3.078529520 1.758967374
v -0.654711359 2.898243201 1.384700491
v -0.553283150 2.471109160 1.303039633
v -0.665506936 2.945216535 1.477707148
v -0.574372184 2.865913376 1.516947719
v -0.658665553 2.467781090 1.307520141
v -0.622073569 2.864391973 1.445837734
v 0.465141426 1.775257219 1.338522360
v 0.364529162 0.979563172 0.802451353
v -0.684775785 3.009686010 1.763158816
v 0.471480689 2.036082837 1.260619348
v -0.581903981 2.939701448 1.644642174
v -0.581088037 3.057324958 1.448945182
v -0.621006564 2.944836185 1.620143917
v 0.577427976 0.745457204 0.893073225
v 0.469911564 1.855130905 1.314313168
v -0.624835228 3.094599345 1.662997801
v -0.711262607 3.045629169 1.645364837
v -0.706555233 3.084710222 1.717125218
v -0.660611267 3.091271274 1.646232032
v -0.702036154 3.019480045 1.662202872
v -0.589373014 2.893393728 1.547588607
v -0.679503526 2.999511624 1.674849465
v -0.239332717 2.675928110 1.194929331
v -0.212783130 2.711586006 1.061381310
v -0.673540853 2.986199343 1.573387657
v -0.552529971 2.683344952 0.950452623
v -0.533700476 2.658336882 0.880065301
v -0.591883613 2.991999694 1.310844388
v -0.628224537 3.029464256 1.444103344
v -0.672787673 3.094504257 1.731289402
v -0.714338091 3.022142501 1.732517928
v -0.684775785 3.009686010 1.763158816
v -0.686282144 3.021571975 1.550334724
v -0.953158842 2.614026004 1.298920457
v -0.950208888 2.621062495 1.288586384
v -0.915437089 2.587591618 1.287141060
v -0.861333675 2.535008108 1.354493200
v -0.888197087 2.557829161 1.282588286
v 0.209374130 2.514564248 0.135650709
v 0.541338112 2.236242490 1.316842486
v 0.217156987 2.486893721 0.143455464
v 0.510206682 1.776017921 0.322169888
v -0.935647412 2.573423547 1.248550885
v -0.882799299 2.531870213 1.302100172
v -0.892025751 2.474912669 1.246888761
v -0.789844362 2.453993370 1.256644704
v -0.886816257 2.589208109 1.252380996
v -1.006760136 2.677449514 1.525041539
v -0.820599203 2.552123898 1.358106512
v -0.953158842 2.614026004 1.298920457
v 0.496586681 0.858136153 0.610656739
v 0.492695252 1.085395805 0.445528368
v -0.955230086 2.569715126 1.276951519
v 0.139140116 2.485467406 1.254259918
v 0.070663522 2.564960740 0.958401910
v 0.139391176 2.522171266 1.182788602
v 0.162425924 2.505055476 1.243058650
v -0.636509515 2.942078641 1.324864040
v 0.476690182 1.935289853 1.280058968
v 0.443110918 1.895638274 1.330067209
v 0.519495899 2.116622137 1.105246920
v 0.325928699 1.103842823 1.070992720
v 0.737353147 0.964634400 0.987163876
v 0.550690094 0.823429135 0.613764187
v -0.589373014 2.893393728 1.547588607
v -0.574372184 2.865913376 1.516947719
v -0.659795322 2.989147062 1.452992092
v 0.686387983 0.882668785 0.626916644
v 0.571967423 1.728093710 0.315232328
v 0.696618674 0.906250540 0.648451985
v 0.578181156 1.034904226 0.429629794
v -0.593829328 2.159791962 0.522130588
v -0.184350594 2.599477583 1.068391135
v -0.548450247 2.664993022 1.337438366
v -0.171546538 2.652726706 0.919016807
v -0.189497322 2.678590566 0.996630754
v -0.272221567 2.596339688 1.198325844
v -0.142360822 2.605658285 0.963821879
v -0.238454007 2.560586705 1.160024734
v 0.703334527 0.932589838 0.588760066
v 0.474869998 0.944000365 0.520323932
v 0.749215728 1.069230893 0.591144852
v 0.777522734 1.151767034 0.618244694
v -0.898365014 2.568764249 1.285984800
v -0.886063078 2.584834074 1.253681788
v -0.699462790 2.391615825 1.142247238
v 0.498846220 2.189934770 0.843209515
v -0.149453265 2.626862846 0.812135030
v -0.604813199 2.663756882 1.263726796
v -0.655903894 3.022713028 1.792643444
v -0.627847947 2.983727062 1.714017770
v 0.475246588 2.216654419 0.845232970
v 0.510646037 2.057477575 1.207503657
v 0.478824192 1.998428100 1.250718872
v 0.480832671 2.204102840 0.961148028
v -0.610462048 2.772822498 1.173032658
v -0.191066447 2.659573022 0.763499847
v -0.634124445 3.050954081 1.787223476
v -0.579393382 3.056183906 1.707369275
v -0.478467293 3.038497589 1.494978781
v -0.538533380 3.063315485 1.591671017
v -0.512736973 2.250315472 0.763499847
v -0.538345085 2.287019332 0.833742637
v -0.563388312 2.193262840 0.622147072
v -0.406664156 2.592250916 0.612896992
v 0.192427585 2.446291265 0.175252611
v 0.242702334 2.477004598 0.166074798
v 0.185146847 2.480237581 0.149236763
v 0.449638476 2.193072664 1.442947084
v 0.512842811 2.042834066 1.351458018
v 0.471480689 2.104070558 1.414690982
v 0.458488338 2.298144596 1.414690982
v -0.434531807 2.855548815 1.503361665
v -0.413066184 2.995803203 1.379280522
v -0.516063517 3.032792326 1.621589242
v -0.557739464 2.318303193 1.300221250
v -0.684713020 2.448573370 1.273916337
v -0.978704189 2.631807408 1.295740743
v -0.979896724 2.625816881 1.302027906
v -0.979771194 2.640365303 1.312217447
v -0.965774603 2.626482495 1.305930283
v -0.619123615 2.338842140 0.827816805
v -0.674545093 2.372217930 0.977407933
v -0.638957349 2.358715474 0.904708090
v -0.611403522 2.348350912 1.001761657
v 0.570084473 2.021058978 0.475302061
v 0.501984469 2.165116874 0.958112845
v 0.573850372 2.094561786 0.550314424
v 0.549246500 1.946129854 0.418283994
v 0.542154057 1.874433712 0.367191759
v 0.557154887 1.849140378 0.357435816
v -0.941233496 2.548320389 1.269146764
v -0.916566858 2.548986003 1.232218713
v -0.917571098 2.519318634 1.254910314
v -0.898678839 2.526355126 1.279408571
v -0.916755153 2.591680390 1.249345813
v -0.902444738 2.580269863 1.239084007
v -0.928303910 2.575135126 1.330789872
v -0.920646582 2.552694424 1.286707462
v -0.969289442 2.629335127 1.354709999
v -0.897298009 2.553169863 1.380003185
v -0.918010453 2.555166705 1.357022519
v -0.968975617 2.602235127 1.374005086
v -0.987177462 2.619826355 1.433769271
v -1.017932302 2.655769513 1.463832029
v -0.171546538 2.652726706 0.919016807
v -0.535457896 2.299665999 0.941997473
v -0.616613016 2.744296181 1.220005718
v -0.637890344 2.695421093 1.148678934
v -0.596590987 2.708448111 1.273555005
v -0.683018365 2.383343194 1.205407936
v 0.536128619 2.105211610 1.361358493
v 0.160354680 2.457987054 0.125533435
v -0.610713108 2.410823545 0.701567675
v -0.728271916 3.048481800 1.716113491
v -0.467985542 2.554501091 0.630240891
v -0.210272531 2.637702847 1.131551834
v -0.112924046 2.556973372 1.011806665
v -0.642597718 2.522266354 1.308026004
v -0.586485825 2.427939335 1.299643120
v -0.635379745 2.912411272 1.512467212
v 0.498783455 2.083341435 1.212995892
v 0.489745298 2.149047050 1.096574971
v 0.446123637 1.808157571 1.346471647
v -0.632429791 2.696847409 1.204974339
v -0.651259285 2.367368456 1.068824733
v -0.542236514 2.233960384 0.697303967
v -0.575125364 2.077065645 0.442926784
v -0.606758914 2.242993718 0.585869416
v -0.652389055 2.319254070 0.636817119
v -0.580648682 2.310981438 1.210249775
v -0.569602045 2.319919684 1.147161343
v -0.589749604 2.328762842 0.927544224
v -0.999793223 2.653487408 1.406813962
v -1.020631196 2.670793373 1.458845658
v -0.992073130 2.677449514 1.409126481
v -0.995399674 2.632092671 1.418737892
v -0.575501953 3.024044256 1.729771811
v -0.598097346 2.993996536 1.731072604
v -0.898365014 2.568764249 1.285984800
v -0.938534602 2.574374425 1.292850093
v 0.485100690 1.117345280 0.450297941
v 0.271323165 1.204350544 1.089348347
v 0.605797747 2.095893014 0.574595882
v 0.509641797 1.655731954 1.255488444
v -0.885058838 2.532250564 1.290898904
v -0.915437089 2.587591618 1.287141060
v -0.960376815 2.599857934 1.301232977
v 0.701639873 1.138740017 0.484190810
v -0.621320389 2.402741089 1.276445655
v -0.563827667 2.319634421 1.089203814
v -0.773839292 2.428795124 1.185245654
v -0.595712277 3.080146011 1.683810479
v -0.576945548 2.287019332 0.757646281
v -0.719986939 2.384103895 1.043170216
v -0.508343424 2.992475133 1.654687182
v -0.949016353 2.639699689 1.475322362
v -0.906398931 2.620491969 1.439406038
v -0.981591378 2.665753724 1.506107782
v -0.539976974 2.954725307 1.659384488
v -0.553659740 2.310505999 1.026765778
v -0.586485825 2.303089157 0.840752463
v -0.613537532 2.279982841 0.360181933
v -0.617993845 2.322677228 0.539546753
v -0.204749213 2.688099339 0.860625681
v -0.931316629 2.608891267 1.302027906
v -0.609834398 2.314119333 0.746155948
v 0.419009165 1.860741080 1.356516655
v -0.688227859 2.377447755 0.887291925
v 0.524266038 2.207145647 0.733364823
v -0.212783130 2.711586006 1.061381310
v 0.533241430 1.738838622 0.312630744
v 0.570021708 1.794084588 0.334166085
v -0.972302161 2.615167057 1.279697636
v 0.543221062 2.157604945 0.631252618
v 0.158220670 2.431837931 0.140348015
v 0.185146847 2.480237581 0.149236763
v 0.192427585 2.446291265 0.175252611
v -0.990566771 2.647687057 1.499531554
v -1.001362347 2.642647408 1.487679890
v -0.922090177 2.591490214 1.430806355
v -0.959686400 2.585975126 1.395323629
v -0.959686400 2.585975126 1.395323629
v -0.844575426 2.662330566 1.262136939
v -0.875330266 2.631617232 1.243781312
v -0.976319120 2.614406355 1.449956910
v -0.987177462 2.619826355 1.433769271
v -1.009521795 2.646546005 1.475322362
v -0.820599203 2.552123898 1.358106512
v -0.876585566 2.540903547 1.323563247
v -0.876585566 2.540903547 1.323563247
v -0.955481146 2.593201793 1.261414276
v -0.972741516 2.600998986 1.290826638
v -0.884493953 2.554310915 1.296824736
v -0.801832474 2.638653724 1.343725529
v -0.810054686 2.664517584 1.289670378
v -0.805535608 2.592631267 1.365694468
v -0.961506584 2.619541092 1.465855484
v -0.980085019 2.694375128 1.426253581
v -0.942551560 2.578748460 1.414690982
v -0.867672938 2.678400391 1.346182582
v -0.983976448 2.686577935 1.500037418
v -0.870371833 2.569429863 1.394890031
v -0.850224274 2.650824952 1.386796212
v -1.002115527 2.699509865 1.473154375
v -0.963766124 2.695326005 1.446704929
v -0.990817830 2.698558988 1.487535357
v -0.950334418 2.671363900 1.466072283
v -0.906712756 2.660999338 1.429144231
v 0.558535717 2.232438981 1.272976875
v 0.358692019 2.304230210 -0.199736935
v 0.121377627 2.507337581 1.191605083
v 0.296617453 2.361377930 -0.142863400
v 0.200461502 2.473486353 0.046980026
v 0.269000861 2.472725651 0.113609504
v 0.251740492 2.389333720 -0.153775603
v 0.586215073 2.227018981 0.181178444
v 0.575482262 2.278746701 0.254456416
v 0.561422906 2.182137576 0.010702371
v 0.342938008 2.327051263 -0.230883686
v 0.511713041 2.304895824 0.180238982
v 0.607366872 2.112818628 -0.053470054
v 0.077881495 2.564960740 0.957896047
v -0.569602045 2.620587057 1.302461504
v 0.158220670 2.431837931 0.140348015
v 0.192427585 2.446291265 0.175252611
v 0.090183431 2.475293020 0.398338510
v 0.083718638 2.451806352 0.233499205
v 0.521629908 2.123088102 -0.403166415
v 0.516106590 2.070409505 1.292994625
v 0.570084473 2.032374416 -0.437854213
v 0.496523916 2.191075822 1.028500168
v 0.585022539 2.030187399 0.450587006
v 0.508449262 2.158175471 1.092383529
v 0.580566225 2.100647400 0.541497942
v 0.505499308 1.552276514 0.085064337
v 0.488803823 1.511959321 0.031298251
v 0.522069263 1.509772303 -0.504194626
v 0.456417093 1.406792302 -0.283204448
v 0.443801332 2.228825647 -0.352652309
v 0.570398298 2.226353367 1.205913800
v 0.678856185 2.105306698 0.107611406
v 0.491377188 2.252407402 0.945538519
v 0.605860512 2.170917225 0.107466873
v 0.515416175 2.205529156 1.091733133
v 0.570461063 2.117382839 -0.151535349
v 0.526400047 2.126225997 -0.364359441
v 0.556338943 2.246416876 1.141524576
v 0.529538296 2.122042137 -0.326636461
v 0.441541793 2.205148805 -0.266655478
v 0.437273774 2.219982489 -0.308208569
v 0.517299125 1.633386340 0.182768301
v 0.453341609 1.434843179 -0.107742005
v 0.478573132 1.414304231 -0.387051042
v 0.519370369 1.737792657 0.261899839
v 0.555836823 2.165307050 0.623303331
v 0.536693504 2.091614066 1.218126795
v 0.447253406 1.937762134 1.401972123
v 0.546986961 2.103785295 1.312289713
v 0.570837653 2.169776173 1.269074498
v 0.533429725 2.139062839 1.225787017
v 0.433507875 1.872151607 1.359624103
v 0.037900202 2.546513722 0.684079244
v 0.170522607 2.390379685 -0.108392401
v 0.242702334 2.477004598 0.166074798
v 0.534998849 1.572720374 -0.511782581
v 0.234731182 2.367558632 -0.177623464
v 0.505813133 1.456047741 -0.459172755
v 0.183452193 2.403787054 -0.097986062
v 0.333648791 2.331330210 -0.262897633
v 0.541840232 2.122327400 -0.257477665
v 0.447065111 2.205529156 -0.211733131
v 0.644272681 2.175671611 0.193535971
v 0.267745562 2.430791966 -0.082087488
v 0.464639306 2.270569157 -0.010543905
v 0.271134871 2.381346351 -0.099648185
v 0.534245669 2.249269507 0.088894448
v 0.493511197 2.206575121 -0.095312210
v 0.157530256 2.423565299 -0.004039943
v 0.165815233 2.494215476 0.100095716
v 0.095581220 2.410538282 0.086943260
v 0.459304283 1.970852661 1.371981631
v 0.288206945 2.471394423 0.109056731
v 0.422775064 2.273802139 1.453353423
v 0.155145186 2.492789160 0.126834227
v 0.149433573 2.448858633 0.102263704
v 0.235547127 2.486513371 0.078704908
v 0.145730439 2.421188106 0.095253878
v 0.169016247 2.527115827 0.153355939
v 0.267682797 2.456275475 0.060493814
v 0.204603991 2.508763897 0.104142626
v 0.166631178 2.461220037 0.068732166
v 0.187845741 2.500681441 0.083474480
v 0.165564173 2.419381440 0.046185098
v 0.226571734 2.423565299 0.008751183
v 0.124390346 2.418145299 0.092796826
v 0.130541314 2.408541440 -0.012495093
v -0.600294121 2.325529859 0.431653249
v -0.654460299 2.147905997 0.409467512
v -0.570920110 2.144958278 0.529212680
v -0.504389230 2.753329515 0.922919184
v -0.621006564 2.944836185 1.620143917
v -0.965774603 2.626482495 1.305930283
v -0.888197087 2.557829161 1.282588286
v -0.918010453 2.555166705 1.357022519
v -0.926232665 2.688194426 1.398864675
v -0.853927408 2.606799337 1.399515071
v -0.923094416 2.604802495 1.277529649
v -0.899557549 2.592821442 1.265244387
v -0.935961237 2.607845302 1.261052945
v 0.488552764 2.177097927 1.031318552
v -0.957740686 2.622774074 1.278324578
v 0.503428064 1.606381427 1.267918238
v -1.009521795 2.646546005 1.475322362
v -0.861333675 2.535008108 1.354493200
v 0.069282693 2.508954073 0.536800636
v 0.269000861 2.472725651 0.113609504
v 0.290843074 2.428224598 -0.052241528
v 0.242639569 2.491648107 0.119824401
v -0.571547760 2.004513714 0.356351822
v -0.623705459 2.051962487 0.315087796
v -0.665318641 2.078682136 0.305765450
v -0.659544263 2.018871960 0.219045956
v -0.578263613 2.063753364 0.445600635
v -0.624082048 1.992057223 0.239569570
v -0.557802229 1.912183537 0.320507764
v -0.401140837 2.544421792 0.512374645
v -0.595837807 1.963435819 0.269993659
v -0.592825088 2.027715118 0.337345799
v -0.828131001 2.457701791 1.137911263
v -0.129054646 2.570095477 0.684729640
v -0.471814205 2.506767055 0.539546753
v -0.398065353 2.639319338 0.692028531
v -0.308248666 2.635896180 1.240890663
v -0.367812632 2.684105654 1.347844705
v -0.272096037 2.800683200 1.239734403
v -0.319295302 2.712156532 0.707565773
v -0.272096037 2.800683200 1.239734403
v -0.299336039 2.848607411 1.175778776
v -0.496606373 2.711015479 0.840391132
v -0.461081394 2.595483899 0.705831383
v -0.523658079 2.507622845 0.658207928
v -0.546818357 2.485942844 0.759742002
v -0.602993015 2.440966352 0.781566408
v -0.759340582 2.628003899 1.087397158
v -0.569664810 2.458367405 0.683573380
v -0.728836801 2.588542495 1.048084321
v -0.744465281 2.505530915 1.059141056
v -0.790534777 2.553645301 1.100188283
v -0.518511351 2.546894073 0.729390179
v -0.622512924 2.500681441 0.933397789
v -0.067231140 2.587021091 0.821746441
v 0.491000598 0.755441414 0.950235825
v 0.417188981 0.811733345 1.027705239
v 0.788757666 2.006415469 0.111947381
v 0.717707708 2.045211259 0.135578443
v 0.698940979 2.081915119 0.167736922
v 0.733273423 2.095417575 0.140203483
v 0.682810379 1.067138963 1.248839950
v 0.711556740 1.102131244 1.194857064
v 0.715008814 2.138111962 0.226055782
v 0.717896003 2.122517576 0.275341361
v 0.702393053 2.191646349 0.310824087
v 0.710489735 2.142676172 0.324626940
v 0.705154712 2.181471962 0.267970204
v 0.731202179 2.048063890 0.110718855
v 0.715008814 2.138111962 0.226055782
v 0.683689088 2.080869154 0.068154036
v 0.717896003 2.122517576 0.275341361
v 0.762772964 2.181471962 0.310318224
v 0.488552764 2.177097927 1.031318552
v 0.489745298 2.149047050 1.096574971
v 0.573850372 2.094561786 0.550314424
v 0.421456999 1.935575117 1.408981949
v 0.498783455 2.083341435 1.212995892
v 0.433507875 1.990821082 1.421773074
v 0.382040591 2.210188454 1.510660556
v 0.342122064 2.266100034 1.512033614
v 0.475246588 2.216654419 0.845232970
v 0.419009165 1.860741080 1.356516655
v 0.480832671 2.204102840 0.961148028
v 0.542154057 1.874433712 0.367191759
v 0.484786865 1.778870553 0.318701108
v 0.524266038 2.207145647 0.733364823
v 0.589855442 1.606951954 -0.471674815
v 0.426038843 2.209713015 -0.356410154
v 0.581319405 1.617696866 -0.489958175
v 0.374948149 1.207203176 0.574162285
v 0.491377188 1.463654759 -0.481647557
v 0.319589436 1.215761071 0.645489069
v 0.538639218 1.607902831 -0.517852946
v 0.500101520 1.516523531 -0.522261187
v 0.339109345 1.184762474 0.656256739
v 0.638121712 0.798896503 0.850074809
v 0.696744204 0.857090188 0.799271638
v 0.462630827 0.801844222 0.841186061
v 0.739800981 1.017503173 1.109293830
v 0.438340779 1.159944578 1.179608887
v 0.519746959 1.170974754 1.162481787
v 0.436834419 1.173827386 1.133936620
v 0.363650452 1.146727385 1.126709995
v 0.679295540 1.895923537 0.897336933
v 0.686450748 1.851897922 1.006892561
v 0.749404023 1.785907044 0.862504603
v 0.757124116 1.524605988 0.512013314
v 0.716891763 1.499312654 0.412574961
v 0.741621166 1.756620026 0.970253574
v 0.633226044 1.598584234 0.330841837
v 0.525772397 2.122612663 0.951681149
v 0.603852033 2.084007049 0.822902701
v 0.331954137 0.993255804 0.908827266
v 0.413925202 0.850148784 0.896686537
v 0.353859115 1.241339667 0.556890652
v 0.421896354 1.615034410 0.336261806
v 0.759760245 1.662293007 0.617305233
v 0.776141905 1.651738270 0.949151831
v 0.788694901 1.668949148 0.841402859
v 0.745826419 1.650216867 0.504786689
v 0.465266956 1.401562477 1.265533452
v 0.389384094 0.916995452 0.787709039
v 0.413046492 0.869356504 0.777302700
v 0.469723269 0.820196152 0.783373065
v -0.641154123 0.179685265 1.319371805
v -0.646049792 0.137846668 1.159374338
v -0.342643875 0.153916493 1.174694782
v -0.541546099 0.018891930 1.218488127
v -0.519766651 0.094201404 1.300654847
v -0.508155129 0.169701055 1.296897003
v -0.603055780 0.159907019 1.147884005
v -0.520645360 0.088210878 1.235326162
v -0.387583601 0.138607370 1.177802231
v -0.306930601 0.137656493 1.193628538
v -0.403463141 0.081364562 1.168552151
v -0.401391897 0.142315791 1.206491930
v -0.422669226 0.087925615 1.208659917
v -0.373649776 0.140318949 1.159157539
v 0.779907804 0.976710541 0.838584476
v 0.469723269 0.820196152 0.783373065
v 0.765785683 0.947043172 0.733220290
v 0.691032591 0.874681416 0.709227897
v -0.476521579 0.110841756 1.322190188
v -0.463717523 0.036578246 1.336209840
v -0.442565724 0.061301053 1.285695735
v -0.495162778 0.111507370 1.344592724
v -0.431519088 0.050080702 1.262426004
v -0.540981214 0.200509476 1.272904609
v 0.603538208 1.181814754 1.092022198
v 0.744069000 2.028570907 0.065046588
v 0.805202091 1.848950203 0.029491595
v 0.821834811 1.909425993 0.097060534
v 0.763777204 2.004608802 0.089038981
v 0.518993779 1.183526333 1.114786065
v 0.732018123 2.029807048 0.124232642
v 0.771309001 1.915987046 0.061866873
v 0.373755614 1.049832998 1.278180045
v 0.365094047 0.902066680 1.237349617
v 0.364717457 0.874110890 1.206708729
v 0.363085567 0.936773698 1.298197795
v 0.764844208 2.171012313 0.330119175
v 0.702393053 2.191646349 0.310824087
v 0.746391304 2.198492664 0.346884944
v 0.704213237 2.165782488 0.336912202
v 0.693543190 1.165364579 1.056105874
v 0.387501145 0.979372997 1.343075133
v 0.251238372 2.387336878 1.443308415
v 0.465015896 1.717538973 0.274690965
v 0.463258476 1.422862126 -0.402732817
v 0.486544284 1.705653008 0.314437400
v 0.537070094 2.151329155 0.836416488
v 0.577239681 1.649646340 -0.497618397
v 0.612701895 1.681025288 -0.472903341
v 0.602910558 1.628346691 -0.466254847
v 0.549246500 1.946129854 0.418283994
v 0.426980318 1.440548442 -0.103044699
v 0.621551758 1.109262823 0.422836767
v 0.307036439 1.150721070 1.069258330
v 0.348586857 1.201022474 1.137838997
v 0.320593675 0.924887733 1.037388916
v 0.327183998 0.948564575 1.145571485
v -0.444888029 0.102474036 1.276373389
v -0.433088212 0.095247369 1.251513801
v 0.425976078 1.227361772 1.149257064
v 0.795285224 1.180578614 0.903262765
v 0.706221716 1.279755107 1.007542957
v 0.327309528 0.904729136 1.096285906
v 0.696744204 0.857090188 0.799271638
v 0.783485408 1.007328787 0.784601591
v 0.363085567 0.936773698 1.298197795
v 0.561360141 1.023493699 1.375522677
v 0.499097280 1.027487383 1.371186703
v 0.771120706 1.808062483 -0.027960070
v 0.641824846 1.624543182 -0.434240900
v 0.749090198 1.835542834 0.019446587
v 0.792209740 1.863213361 0.059193022
v 0.652369363 1.844290905 -0.424340425
v 0.825537945 1.884703186 0.087954987
v 0.344256073 0.994682120 1.218704925
v 0.792586330 1.147963526 0.813435822
v 0.785180062 1.346791950 0.916198423
v 0.554016638 1.701564236 1.242841851
v 0.579561985 1.640422831 1.256355639
v 0.307036439 1.150721070 1.069258330
v 0.625694246 0.688499659 0.659725519
v 0.609751941 0.680227027 0.723030750
v 0.594625581 0.694585273 0.674178768
v 0.596822355 0.674236501 0.703085266
v 0.640506782 0.706946677 0.693762920
v 0.682935909 0.861369135 0.540197150
v 0.609751941 0.680227027 0.723030750
v 0.325238284 2.747909515 0.785541052
v 0.761454899 1.992437574 0.056374638
v 0.771309001 1.915987046 0.061866873
v 0.821834811 1.909425993 0.097060534
v 0.658394801 1.875574765 -0.376066573
v 0.776141905 1.904196169 0.016411405
v 0.681115724 1.859695115 -0.365443435
v 0.656198027 1.830408097 -0.404178142
v 0.829994258 1.878142133 0.072779076
v 0.344256073 0.994682120 1.218704925
v 0.445370457 1.021021418 1.365333137
v 0.763526144 2.191551261 0.359025673
v 0.847945043 2.498779687 1.179103023
v 0.636301528 2.317637579 0.742976233
v 0.798297943 2.500206002 1.122084956
v 0.772815361 1.958301082 0.086148331
v 0.307161969 2.790984252 0.821601908
v 0.395660592 2.664137233 0.727800322
v 0.625066596 0.989167032 1.361792091
v 0.598454245 1.098993349 1.291404768
v 0.747646604 2.188603541 0.360687797
v 0.762019784 2.426322843 1.000027268
v 0.704213237 2.165782488 0.336912202
v 0.581444935 2.575135126 0.899649453
v 0.674462636 2.312788105 0.712913475
v 0.684567798 2.333041789 0.702290337
v 0.781602458 1.254176510 0.908032337
v 0.589855442 1.606951954 -0.471674815
v 0.594813876 1.610470199 -0.421594307
v 0.662725585 1.599820375 -0.382498269
v 0.630715445 1.586888445 -0.431639315
v 0.629585675 1.594875813 -0.444647240
v 0.602910558 1.628346691 -0.466254847
v 0.756810291 2.436116879 1.028211103
v 0.759069830 2.415292668 1.037027585
v 0.583453414 1.592974059 -0.455270378
v 0.638874892 1.618077217 -0.404250409
v 0.624062357 1.629963182 -0.399264038
v 0.434198290 2.636656882 0.734087485
v 0.432064281 2.678875830 0.776001907
v 0.703773882 2.335894421 0.787564507
v 0.710489735 2.142676172 0.324626940
v 0.754048632 2.175101085 0.356496354
v 0.705154712 2.181471962 0.267970204
v 0.747646604 2.188603541 0.360687797
v 0.771120706 2.189078980 0.338718858
v 0.764279324 2.407495475 1.001761657
v 0.734403193 2.402265650 1.020261816
v 0.403192390 2.691807760 0.775134713
v 0.778338679 1.947365994 0.046112831
v 0.776141905 1.904196169 0.016411405
v 0.827860249 1.903625642 0.082751818
v 0.745889184 1.888221432 0.046257364
v 0.771309001 1.915987046 0.061866873
v 0.833383567 1.895543186 0.093664021
v 0.755429461 2.061851610 0.126978760
v 0.729758584 2.050441083 0.072851342
v 0.704213237 2.165782488 0.336912202
v 0.615589084 2.623439688 0.968880516
v 0.641824846 1.630628796 -0.423400963
v 0.469848799 1.635668445 0.208928682
v 0.549372030 2.071835820 1.087035827
v 0.604228623 2.014973363 1.068896999
v 0.506126958 1.581563532 0.290372740
v 0.755743286 2.196305647 0.324626940
v 0.529224471 2.533296529 0.781349610
v 0.708481256 2.351678983 0.777953096
v 0.458864928 2.653107057 0.762993983
v 0.477631657 2.657005654 0.778097629
v 0.399614786 2.678210216 0.754032969
v 0.571339773 2.591109863 0.801222827
v 0.326619113 2.741063199 0.768486218
v 0.524077743 2.588542495 0.785107454
v 0.445998107 2.702362497 0.745794617
v 0.532551015 2.576846705 0.819072590
v 0.521755438 2.622108460 0.815820609
v 0.512466221 2.681633374 0.834898897
v 0.575796087 2.676688812 0.857012368
v 0.571716363 2.763694077 0.973794621
v 0.326054229 2.400458983 -0.097263399
v 0.294860033 2.376687053 -0.087435190
v 0.324045749 2.341980035 -0.138816490
v 0.538388158 2.621252671 0.859758486
v 0.541149817 2.752758989 0.996269423
v 0.542593412 2.713012321 0.982105239
v 0.528094701 2.724042497 0.947778772
v 0.520249079 2.765025305 0.963243749
v 0.377082158 2.352059333 -0.049929008
v 0.634230284 1.709646692 -0.434313167
v 0.623497472 1.655922130 -0.423256431
v 0.637619593 1.768886342 -0.426074815
v 0.637619593 1.768886342 -0.426074815
v 0.548995440 2.862395131 1.124758807
v 0.356306949 2.485562493 0.134060852
v 0.666930839 1.712879675 -0.398613641
v 0.616530559 1.685779674 -0.446020298
v 0.657013972 1.693671955 -0.424123626
v 0.629522910 2.826166709 1.199409838
v 0.662474525 1.651548095 -0.422100171
v 0.652934248 1.814053009 -0.403600012
v 0.654315077 1.746921079 -0.422822834
v 0.647034340 1.793609150 -0.441756590
v 0.623497472 1.655922130 -0.423256431
v 0.594813876 1.610470199 -0.421594307
v 0.583453414 1.592974059 -0.455270378
v 0.650298119 1.735130201 -0.412777825
v 0.658018211 1.730946342 -0.414006352
v 0.631656919 1.602387743 -0.415090345
v 0.418569810 2.298334771 -0.163025682
v 0.624062357 1.629963182 -0.399264038
v 0.640506782 1.608093006 -0.443490980
v 0.447755526 2.261440736 -0.204867838
v 0.421017644 2.245275823 -0.181887172
v 0.399426491 2.351393719 -0.069296362
v 0.387940500 2.311266701 -0.132023463
v 0.406393404 2.248413718 -0.237893512
v 0.437085479 2.302803894 -0.036632019
v 0.377772573 2.319349157 -0.167433923
v 0.434574880 2.270854420 -0.107814271
v 0.345072018 2.353675825 -0.100948978
v 0.570084473 2.021058978 0.475302061
v 0.522069263 1.677411955 0.304247859
v 0.447065111 1.529265286 0.081884623
v 0.411979487 1.517854759 0.347390807
v 0.464074421 1.598584234 0.312703010
v 0.579875810 2.058903890 0.937878297
v 0.429239857 2.313929157 -0.010182574
v 0.383609716 1.355920371 0.407516323
v 0.409531653 1.327203879 0.422909034
v 0.611446596 1.629773007 -0.480852628
v 0.435704650 1.464605636 -0.040462130
v 0.203097632 2.428224598 1.385712218
v 0.222868600 2.433454422 1.364827273
v 0.289462245 2.339127403 1.483849779
v 0.074868776 2.586450565 0.874862131
v 0.288206945 2.424896528 1.375739476
v 0.042482046 2.571236530 0.824203493
v 0.323794689 2.373929509 1.471564517
v 0.429741977 2.221598981 1.488258020
v 0.416247506 2.955390922 1.156339156
v 0.385994785 2.219316875 1.500615548
v 0.487736819 2.927625307 1.139790186
v 0.443989627 2.084007049 1.444392409
v 0.412167782 2.963758641 1.133864354
v 0.647097105 1.661627393 -0.412994624
v 0.650298119 1.735130201 -0.412777825
v 0.428800502 2.355862842 0.040981928
v 0.421519764 2.384959685 0.109851660
v 0.620296458 1.648505288 -0.447104292
v 0.648666229 1.676651253 -0.428820932
v 0.057169052 2.402646001 0.148586367
v 0.052901033 2.486893721 0.545833917
v 0.027732276 2.518462845 0.689137881
v 0.073048592 2.400078632 0.076536921
v 0.403506215 2.928005658 1.095852309
v 0.400807321 2.931333728 1.081977190
v 0.417063451 2.156273716 1.484861506
v 0.382919301 2.918782149 1.030451357
v 0.351976166 2.913647412 1.174477983
v 0.321848975 2.871048113 1.066150882
v 0.032188589 2.551933722 0.835693826
v 0.130227489 2.479762142 1.259029490
v 0.163367399 2.450950563 1.336498905
v 0.634230284 1.709646692 -0.434313167
v 0.647410930 1.295159317 1.104235193
v 0.593307516 1.866065993 0.386631379
v 0.737102087 1.350880722 1.017443433
v 0.431436631 1.282417563 1.198687175
v 0.426729258 1.254081422 1.172671327
v 0.537258389 1.304668089 1.168768950
v 0.526462812 1.271007036 1.150774655
v 0.728314990 0.891511943 0.931302068
v 0.703711117 0.859372293 0.996124890
v 0.575231202 1.909330906 0.396531854
v 0.584708714 1.997857574 0.472700477
v 0.646406690 1.342798265 1.099682420
v 0.437336539 2.070884943 1.457111268
v 0.471480689 2.036082837 1.260619348
v 0.443110918 1.895638274 1.330067209
v 0.455852209 1.980361433 1.292127430
v 0.532362720 2.039886346 -0.435035829
v 0.494013317 2.103119681 -0.401937889
v 0.620296458 1.648505288 -0.447104292
v 0.317455426 2.305466350 -0.282048188
v 0.602471203 1.879283186 -0.472614276
v 0.620233693 1.789520378 -0.477745180
v 0.619606043 1.680169499 -0.461557541
v 0.519809724 1.575668094 -0.527897954
v 0.218475052 2.349206702 -0.194895096
v 0.408590178 2.143817225 1.495340112
v 0.288206945 2.332471263 1.492883060
v 0.241572565 2.379920036 1.452558495
v 0.316011832 2.301472666 1.504301126
v 0.091313201 2.532535827 1.089998743
v 0.027732276 2.518462845 0.689137881
v 0.080266564 2.545277582 1.028933766
v 0.112402234 2.498969862 1.198976240
v 0.111460760 2.392661790 -0.034030435
v 0.250485192 2.715579690 0.800644697
v 0.352164461 2.502773371 0.216950235
v 0.298688697 2.839098639 1.008699217
v 0.329694597 2.551743547 0.366830427
v 0.253623441 2.686197584 0.741603175
v 0.363713217 2.878560043 0.979648186
v 0.376015153 2.885881798 1.000316332
v 0.311116163 2.846990920 1.027849772
v 0.447127876 2.850033727 1.001761657
v 0.245903348 2.744106006 0.847617756
v 0.440349258 2.831396534 0.979864985
v 0.310927868 2.702647760 0.728089387
v 0.315195887 2.652156180 0.576330272
v 0.411916722 2.725754076 0.826660545
v 0.460057462 2.868480745 1.034787331
v 0.342938008 2.896341447 1.123891612
v 0.686576277 0.873255100 0.597287483
v 0.477192302 2.906230570 1.101344543
v 0.391267044 2.913647412 1.050830438
v 0.467149905 2.113294067 1.456316339
v 0.099284354 2.553264951 1.021779407
v 0.078948500 2.422614422 0.147285575
v 0.600148899 0.760290888 0.690005076
v 0.171589611 2.454373721 1.329344547
v 0.641197196 0.764379660 0.677213950
v 0.110958640 2.427558984 0.150898887
v 0.686387983 0.882668785 0.626916644
v 0.664734064 0.762953344 0.650619972
v 0.643205676 0.783872643 0.543232332
v 0.195754129 2.482709862 1.316987019
v 0.348461327 2.274087402 1.507191776
v 0.089053662 2.546894073 1.025826317
v 0.385178840 2.307748456 1.488908416
v 0.571402538 0.750021414 0.669915060
v 0.037900202 2.546513722 0.684079244
v 0.600148899 0.760290888 0.690005076
v 0.440098198 1.778585290 1.284539475
v 0.360637733 1.339565283 1.205480203
v 0.408966768 1.650311954 1.319155006
v 0.490435713 1.462228443 0.313425672
v 0.443864097 1.654400726 1.286273865
v 0.381601236 1.391958617 1.254259918
v 0.590043737 0.747644221 0.602418387
v 0.525333042 2.032469504 1.202589553
v 0.439031194 1.404985635 -0.285589234
v 0.275779479 2.410918633 1.423362932
v 0.385994785 2.219316875 1.500615548
v 0.464074421 1.344034406 0.355773692
v 0.436708890 1.281847036 0.435989224
v 0.625066596 2.249174420 0.310318224
v 0.699317569 1.008089488 0.507605073
v 0.580315165 0.725678958 0.682995250
v 0.792146975 1.549804234 0.722741685
v 0.630715445 0.714838958 0.623881461
v 0.591612862 0.719022817 0.637033918
v 0.573975902 0.721019660 0.664133760
v 0.586215073 0.702572642 0.689426946
v 0.637180238 0.676898957 0.710890021
v 0.634230284 0.997439664 0.433098574
v 0.617911389 0.664822817 0.695569577
v 0.605483922 0.706471238 0.713925203
v 0.558033597 0.967487032 0.441698257
v 0.611509361 0.647992290 0.731847232
v 0.605483922 0.706471238 0.713925203
v 0.650737474 0.732620361 0.675262762
v 0.496586681 0.858136153 0.610656739
v 0.539957283 0.826947380 0.568886849
v 0.496398386 0.888659311 0.555373061
v 0.596822355 0.798991591 0.678731542
v 0.465957370 0.804696854 0.640574964
v 0.650925768 0.817438608 0.795369261
v 0.632284569 0.825806328 0.664639624
v 0.477506127 0.862605276 0.661821240
v 0.558598482 1.833736168 1.209238047
v 0.535752029 1.975511959 1.179247556
v 0.272390170 1.362576511 1.242335988
v 0.479514606 1.751960728 1.258884958
v 0.267368972 1.294303528 1.139284322
v 0.406707229 1.234398264 0.494380350
v 0.298876992 1.280420721 1.145137888
v 0.553702813 2.185370559 0.729606978
v 0.600274429 1.931961783 1.159952468
v 0.589729912 2.126796523 0.706770845
v 0.315195887 1.483337917 1.293139158
v 0.471355159 1.662578270 1.256500172
v 0.442859858 1.590026339 1.275939792
v 0.361704738 1.551991251 1.324430442
v 0.402564740 1.423717916 0.365746434
v 0.431436631 1.400611600 0.380271949
v 0.448759766 1.493892654 0.334093818
v 0.329443538 1.275761422 0.543304598
v 0.291972844 1.249897562 0.644477341
v 0.552761339 1.625208796 -0.511059919
v 0.257514870 1.232211246 0.750419657
v 0.259146759 1.191133351 0.925882100
v 0.210064544 1.303241774 1.023296998
v 0.552635809 0.774839309 0.609139147
v 0.588600143 0.781115099 0.568597784
v -0.642032833 0.157624914 1.235832025
v -0.628914952 0.118829124 1.096285906
v -0.639961589 0.148876844 1.206202865
v -0.377478440 0.029351579 1.132129964
v -0.638392464 0.129478949 1.126999060
v -0.667578180 0.086974738 1.174405717
v -0.644668962 0.047988772 1.078580676
v -0.702977629 0.023075789 1.371764833
v -0.778421136 -0.002407720 1.250140742
v -0.656719838 0.081744913 1.106475447
v 0.599019129 0.785964573 0.785468786
v 0.565063275 0.775790187 0.658713792
v 0.413046492 0.869356504 0.777302700
v 0.388693679 0.963493347 0.697665298
v 0.389384094 0.916995452 0.787709039
v 0.364529162 0.979563172 0.802451353
v -0.636446750 0.115786317 1.057840264
v -0.384257057 0.075849474 1.146438680
v 0.477506127 0.862605276 0.661821240
v 0.423653774 0.906630890 0.677864347
v -0.771077633 0.062347018 1.241035195
v -0.822795977 0.000444912 1.200132500
v 0.735030843 1.105744578 0.956812053
v 0.415117736 1.077028086 0.568597784
v 0.404949809 1.135126683 0.611885265
v 0.809595640 1.137123526 0.929350880
v 0.518993779 1.183526333 1.114786065
v 0.520625669 1.212908439 1.132852626
v 0.299441877 1.336237213 1.194567999
v 0.486920874 1.865685642 1.220439315
v 0.257891460 1.329961423 1.197097318
v 0.562803736 0.747358958 0.635154996
v 0.320405380 1.378456161 1.237855480
v 0.600399959 0.787961415 0.679598736
v 0.629271850 1.045268787 0.425221553
v 0.578181156 1.034904226 0.429629794
v -0.587239005 0.204122810 1.227160076
v -0.620818269 0.209732985 1.281576559
v -0.278184240 0.017180351 1.190882421
v -0.637137164 0.161523511 1.266400647
v -0.280757604 0.090588071 1.188786700
v -0.281196959 0.091919299 1.210394307
v 0.286637821 1.154524578 0.946333447
v 0.330636072 1.119342122 0.810617439
v 0.304839665 1.140261420 0.942503336
v 0.299504642 1.167551596 1.075184162
v -0.509724254 0.103234738 1.322768318
v -0.523281490 0.034676491 1.335559444
v -0.543491813 0.144502809 1.174188918
v -0.580523152 0.224566670 1.256789237
v -0.524097434 0.078226667 1.171226002
v -0.537780200 0.021554386 1.253031392
v -0.599540941 0.172363511 1.165806034
v -0.552341676 0.142315791 1.146149615
v 0.525019217 1.285555458 0.371383201
v 0.321472385 1.137884227 0.812279563
v 0.599332954 0.731954747 0.703952461
v 0.636050468 0.734712291 0.689716011
v 0.689588997 1.186093702 0.483179082
v 0.746328539 1.614749147 1.054371484
v 0.671136092 1.645462481 1.168479885
v 0.724925681 1.709361429 1.075256429
v 0.694672960 1.565113357 1.152942642
v 0.755617756 1.524320724 1.039267839
v 0.776895085 1.541056163 0.616510304
v 0.817190202 1.439787741 0.713130274
v 0.599332954 0.731954747 0.703952461
v 0.345511373 1.217282474 1.145282420
v 0.288646300 1.184382123 1.082266254
v 0.288646300 1.184382123 1.082266254
v -0.483049137 0.044090176 1.356588921
v -0.463089873 0.110556492 1.297547399
v -0.522151720 0.145834037 1.254838048
v -0.521335775 0.083171229 1.203239949
v -0.278937420 0.042378597 1.155977825
v 0.671826507 0.794142117 0.579582253
v 0.638121712 0.929927382 0.446178765
v 0.640946137 0.700480712 0.676346755
v 0.649231114 0.725964221 0.644260543
v 0.639816367 0.746693344 0.581822507
v 0.685069918 0.938104926 0.512302379
v 0.642954616 0.850814398 0.485130271
v 0.744508355 1.199596158 0.535066246
v 0.746328539 1.293733002 0.532609194
v 0.689777291 1.265301773 0.459981617
v 0.775137665 1.214810193 0.614342317
v 0.814051953 1.445493004 0.821529642
v 0.800055362 1.548473005 0.936722037
v 0.809846699 1.446824232 0.927182892
v 0.785619417 1.234208088 0.808666250
v 0.803758496 1.327869493 0.709733761
v 0.803884026 1.337853704 0.814375284
v 0.780347159 1.313891598 0.618822824
v 0.681429549 0.832177205 1.060658647
v 0.680739134 1.049928086 0.483757212
v 0.699317569 1.008089488 0.507605073
v 0.581507700 0.745362116 1.173393990
v 0.804009556 1.553797918 0.832080514
v 0.618664568 0.800417906 1.214007619
v 0.538262628 1.023874050 0.428401268
v 0.625066596 0.769134046 1.016720770
v 0.703648352 1.055918612 0.502185105
v 0.733273423 1.434557916 1.022357537
v 0.539141338 0.779593696 0.777880830
v 0.686576277 1.482101776 1.134153419
v 0.569017469 0.795663520 0.662110305
v 0.496398386 0.888659311 0.555373061
v 0.550690094 0.823429135 0.613764187
v 0.484284745 1.156901771 0.442276387
v 0.603538208 1.181814754 1.092022198
v 0.712686509 1.203399667 1.041652625
v 0.537697743 1.189992298 0.411996831
v 0.541965762 1.144160017 0.426233281
v 0.485100690 1.117345280 0.450297941
v 0.596822355 0.798991591 0.678731542
v 0.637368533 0.780069134 0.960425365
v 0.669002083 0.807834749 0.911139786
v 0.612074245 1.950503889 0.459042156
v 0.613894430 1.795891255 0.367986687
v 0.747960429 1.795320728 0.632914742
v 0.676094526 1.905432309 0.547206975
v 0.755680521 1.797032307 0.750853254
v 0.716201348 1.784956167 0.524515374
v 0.627514431 1.705462832 0.339730585
v 0.687078397 1.925971257 0.660086850
v 0.657578856 1.945939678 1.029945493
v 0.634167519 1.989204591 0.917932813
v 0.685760333 1.760043184 0.419151189
v 0.646720515 1.971137924 0.559275438
v 0.661784110 1.988063538 0.673528372
v 0.620547518 2.035797574 0.572500161
v 0.687768812 1.931105994 0.788720767
v 0.627765491 0.779878959 0.904129960
v 0.647975814 1.868918624 0.442999050
v 0.558033597 0.967487032 0.441698257
v 0.516232120 0.933540715 0.488309985
v 0.536630739 0.883144223 0.524298576
v 0.661972405 2.003182486 0.799994301
v 0.569017469 0.795663520 0.662110305
v 0.536630739 0.883144223 0.524298576
v 0.632284569 0.825806328 0.664639624
v 0.596822355 0.798991591 0.678731542
v 0.680739134 1.049928086 0.483757212
v 0.599019129 0.785964573 0.785468786
v 0.586403368 0.765901064 0.839451671
v 0.718586418 0.931163522 1.049890977
v 0.752730567 1.050403524 1.051914432
v 0.740616926 0.920038259 0.810039309
v 0.357687779 1.028818612 0.840029801
v 0.348963447 0.914142820 0.926315697
v 0.321974505 1.075982121 1.101561342
v 0.318459666 1.039563524 0.994245968
v 0.358001604 1.129611596 1.167901755
v 0.325928699 1.103842823 1.070992720
v 0.539141338 0.779593696 0.777880830
v 0.525709632 0.765805976 0.836271956
v 0.650925768 0.817438608 0.795369261
v 0.369675890 1.128660718 0.687764822
v 0.643770561 1.871581081 1.125842800
v 0.638372772 1.717538973 1.185028855
v 0.690153881 1.797983185 1.099826952
v 0.372625844 1.096521069 0.688559751
v 0.612827425 1.785241430 1.200782897
v 0.651239593 0.846820714 1.251007937
v 0.744006235 1.077978963 1.004796840
v 0.735030843 1.105744578 0.956812053
v 0.715510934 0.985743874 1.168046288
v 0.659336276 0.920418610 1.305207621
v 0.788820431 1.034523875 0.879053573
v 0.551317744 1.442545285 0.311835815
v 0.563368620 1.577284585 0.295503643
v 0.699443099 0.900545276 1.109727428
v 0.346703907 1.081021770 0.938600959
v 0.321974505 1.075982121 1.101561342
v 0.322288330 0.955220716 0.975384478
v 0.407334879 0.871353346 0.840969262
v 0.681994434 0.832652644 0.855639310
v 0.352729345 0.945902119 0.866551513
v 0.278603903 1.198169842 0.768847549
v 0.770116467 1.404415109 0.514976230
v 0.786058772 1.424668793 0.611451667
v 0.781602458 1.670090200 0.729390179
v 0.225504730 1.247520369 0.859108089
v 0.233413117 1.260832650 1.036666254
v 0.296115333 1.179247386 0.790093825
v 0.244396989 1.213478965 0.897120134
v 0.631217565 1.706413710 -0.443852311
v 0.622430467 1.714686341 -0.459750885
v 0.616530559 1.685779674 -0.446020298
v 0.550187975 1.583370199 -0.512288445
v 0.632410099 1.463940022 0.340742313
v 0.696555909 1.626064586 0.407227258
v 0.707477016 1.370944231 0.431291918
v 0.620861343 1.332814055 0.370299207
v 0.383170361 1.277187738 0.482167355
v 0.532927605 1.590216515 -0.526380363
v 0.648226874 1.773640728 -0.463075132
v 0.653436368 1.863783887 -0.447537889
v 0.506189723 1.739789500 1.230628856
v 0.402627505 1.448535811 1.291838365
v 0.342561419 1.437315460 1.266906511
v 0.693543190 1.165364579 1.056105874
v 0.438654604 1.137218613 0.495247545
v 0.622932587 1.223653351 1.106114115
v 0.362520682 1.491420373 1.294367684
v 0.420013405 1.516238268 1.290320774
v 0.251238372 1.228883176 1.079664670
v 0.296805748 1.419153705 1.272687811
v 0.236551366 1.309517563 1.125481469
v -0.662431452 0.078702106 1.131913165
v -0.653330529 0.081269474 1.091010470
v -0.844512661 0.018131228 1.174550250
v -0.663812281 0.032774737 1.087830755
v -0.722183713 0.016800000 1.338161029
v 0.343879483 1.076647735 0.826805078
v 0.325928699 1.103842823 1.070992720
v 0.357687779 1.028818612 0.840029801
v 0.333711556 1.107361069 0.935276712
v 0.346703907 1.081021770 0.938600959
v 0.371998194 1.025965980 0.697303967
v -0.666134586 0.093725966 1.199265305
v -0.702726569 0.076229825 1.338522360
v 0.436834419 1.173827386 1.133936620
v 0.428172852 1.202829141 1.142319504
v -0.658728318 0.022410175 1.220005718
v -0.654648594 0.027449824 1.249634878
v -0.836039388 0.060825614 1.181126478
v 0.319589436 1.133320017 1.051480834
v -0.613474767 0.141650177 1.048662450
v -0.609897163 0.138417195 1.093395256
v -0.563890432 0.075374036 1.084145177
v -0.582531631 0.113123861 1.050469107
v -0.393232450 0.014517894 1.157423149
v -0.412501299 0.012045614 1.198614909
v -0.567091446 0.075183860 1.051553100
v -0.661615507 0.098004913 1.257222834
v -0.575690248 0.113884563 1.085951833
v -0.661741037 0.098955790 1.224847556
v 0.474618938 1.914370555 1.252019664
v 0.446939581 1.103272297 0.491128369
v 0.788820431 1.034523875 0.879053573
v 0.809470110 1.074365630 0.847400958
v 0.251238372 1.228883176 1.079664670
v 0.579310926 0.837882468 0.514614899
v 0.233413117 1.260832650 1.036666254
v 0.210064544 1.303241774 1.023296998
v 0.408213588 1.564542830 1.309977193
v 0.299504642 1.167551596 1.075184162
v 0.740616926 0.920038259 0.810039309
v 0.337791280 1.238962474 1.147233609
v 0.513721521 1.815194062 0.334238351
v 0.463509536 1.750439324 0.304175593
v 0.543221062 2.157604945 0.631252618
v 0.409908243 1.888221432 1.393589239
v 0.197009428 2.419571615 1.394745499
v 0.427231377 1.419914407 -0.166349929
v 0.327686118 2.314404596 1.494906514
v 0.347394322 2.336179684 1.467228542
v 0.478886957 2.038935469 1.418304295
v 0.469409444 1.984069854 1.391565784
v 0.466396725 2.881697938 1.062609836
v 0.061939190 2.458177230 0.401807290
v 0.056353107 2.425942492 0.238557842
v 0.043360756 2.554881442 0.885340736
v 0.059805181 2.552789512 0.963171482
v 0.337226395 2.498209160 0.255251345
v 0.318773491 2.586450565 0.439168939
v 0.318271371 2.578273021 0.471977814
v 0.443989627 1.997952661 1.418304295
v 0.652808718 0.811638257 0.654883681
v 0.703334527 0.932589838 0.588760066
v 0.600399959 0.787961415 0.679598736
v 0.621237933 2.074593364 0.693546122
v 0.677789180 0.800037555 0.622291604
v 0.670320147 1.407077565 1.116954052
v 0.610944476 1.222987737 0.410623772
v 0.609249821 1.163462824 0.433243107
v 0.382040591 2.210188454 1.510660556
v 0.358943078 1.310658616 0.465835183
v 0.660089456 0.756011941 0.611668466
v 0.572783368 0.909768785 0.461426942
v 0.801561722 1.225650194 0.704024727
v 0.153952652 2.379254422 -0.121183526
v 0.322225565 2.542520038 0.304970522
v 0.376328978 2.434690563 0.068732166
v 0.102799192 2.536054073 1.091733133
v 0.523638388 2.332851614 1.377979730
v 0.579436456 2.943885307 1.645148038
v 0.650549179 2.966611273 1.594417134
v 0.675906231 3.005216887 1.675572127
v 0.532362720 2.898243201 1.572881793
v 0.485916634 2.406924948 1.374944547
v 0.530291476 2.176147050 1.373499223
v 0.731202179 1.764322132 -0.085267202
v 0.771120706 1.808062483 -0.027960070
v 0.686011393 1.693481780 -0.163242481
v 0.657578856 1.654210551 -0.337693197
v 0.670508442 2.991143905 1.574038053
v 0.682998674 3.026516537 1.550985121
v 0.618350744 2.949305307 1.620649781
v 0.617346504 3.082713380 1.550696056
v 0.698250564 3.025470572 1.662997801
v 0.707288721 3.051524607 1.646087499
v 0.488741058 2.415482843 0.349992392
v 0.480769906 2.461220037 0.435772425
v 0.584834244 2.371837579 0.511796515
v 0.617974154 2.322677228 0.538751825
v 0.603098853 2.363469860 0.623303331
v 0.606739222 2.242993718 0.585002222
v 0.613706135 2.187177226 0.507749605
v 0.652432128 2.319254070 0.636238989
v 0.569394059 1.985686345 0.360615530
v 0.659085216 2.028285644 0.210157208
v 0.825035825 2.511901792 1.339967685
v 0.411602897 2.491743195 0.382656735
v 0.551568804 2.373929509 0.395303328
v 0.416561331 2.457036177 0.300995878
v 0.820956101 2.554501091 1.358106512
v 0.790828910 2.539667406 1.349073232
v 0.820956101 2.554501091 1.358106512
v 0.709673790 2.495261441 1.321684325
v 0.789761906 2.455039335 1.256861503
v 0.794469279 2.483280388 1.325008572
v 0.755241166 2.520364599 1.335920775
v 0.679609365 2.554691266 1.317420616
v 0.428674972 2.980113729 1.240818396
v 0.277913488 2.432883896 0.009835176
v 0.255255330 2.490126704 -0.016686536
v 0.252870261 2.447337230 -0.007870054
v 0.273394410 2.443153370 -0.007942320
v 0.304023720 2.388287755 -0.064165459
v 0.305341785 2.411108808 -0.023985426
v 0.291282429 2.438494072 -0.021817439
v 0.247033118 2.433549510 0.011786365
v 0.487485759 2.953298992 1.172165463
v 0.567260049 2.909273377 1.180476082
v 0.634795168 2.876087762 1.349217764
v 0.626949546 2.859162148 1.228822200
v 0.733650013 3.090035134 1.807096693
v 0.571653598 2.944360746 1.223980361
v 0.719276832 3.090605660 1.819743286
v 0.365533401 2.942363904 1.271748349
v 0.634795168 2.876087762 1.349217764
v 0.228894039 2.446291265 -0.025647550
v 0.210378369 2.415577931 -0.024491290
v 0.733085128 3.046865309 1.793582906
v 0.709924850 3.039448467 1.813889721
v 0.740805221 3.077483555 1.810348675
v 0.728628815 3.062079344 1.833257074
v 0.624752772 2.905945307 1.284684007
v 0.704903652 3.088798994 1.823934729
v 0.528659586 2.807149165 1.001472592
v 0.231216343 2.437257931 -0.061563874
v 0.165564173 2.419381440 0.046185098
v 0.240819385 2.464453019 -0.046243430
v -0.344150235 0.212490529 1.593766738
v -0.762227771 0.094962106 1.492593995
v -0.345280004 0.160192283 1.608219987
v -0.374779545 0.117307721 1.567172760
v -0.476835404 0.127957545 1.608219987
v -0.551211906 0.075183860 1.608436786
v -0.772332933 0.168655090 1.442224422
v -0.376976320 0.195945266 1.625852951
v -0.356263876 0.174265265 1.591020620
v -0.854178468 0.066245615 1.351385751
v -0.380177334 0.161238248 1.599258972
v -0.338313092 0.205454038 1.620505248
v -0.389027196 0.192807371 1.599403505
v -0.369695582 0.156864212 1.613350890
v 0.543095532 1.846668098 0.279171472
v 0.522194793 1.646888796 0.113464972
v 0.523073503 1.701659324 0.176264339
v 0.571841893 1.867111958 0.247012993
v -0.389278256 0.260890179 1.383833296
v -0.393985629 0.061776492 1.501555009
v -0.476709874 0.083741755 1.590008893
v -0.469240841 0.042949123 1.573532189
v -0.384382587 0.239590529 1.419677353
v -0.356263876 0.174265265 1.591020620
v 0.051206378 2.578843547 0.883389548
v 0.467338200 3.022332677 1.341051678
v 0.535626499 3.067118993 1.592032348
v 0.592052217 3.085185660 1.684316343
v 0.529789356 3.018624256 1.317709681
v 0.119306382 2.548225301 1.088553418
v 0.692476186 1.734844938 -0.229510628
v 0.710175910 3.028798642 1.733385123
v 0.487736819 1.972849503 1.313879570
v 0.443173683 1.901438625 1.393300174
v 0.465204191 1.945749503 1.357383850
v 0.519056544 2.029521785 1.275144863
v 0.652934248 2.901381096 1.385134088
v 0.649858764 1.796176518 0.043222182
v 0.707288721 1.779345991 -0.017915062
v 0.553451754 2.471964949 1.303256432
v 0.480079491 2.036273013 1.389542329
v 0.557908067 2.148856874 1.314168635
v 0.623623002 2.054434768 0.311835815
v 0.557657007 1.913229502 0.316099523
v 0.566130280 1.940709853 0.296226306
v 0.836584581 2.485087055 1.290465307
v 0.723921441 2.572187407 1.334836781
v 0.891880529 2.498399336 1.282660552
v 0.881084953 2.476434072 1.193267207
v 0.802001077 2.641411268 1.343797796
v 0.595441526 1.967904942 0.262405703
v 0.592805396 2.028856171 0.334455150
v 0.638623832 2.211044244 0.252143896
v 0.257765930 2.497163195 0.238341043
v 0.643519501 2.107208453 0.037874479
v 0.530542536 2.221789156 0.728739783
v 0.522571383 1.776208097 0.288421551
v -0.366933923 0.202696494 1.579168956
v -0.386014477 0.270208775 1.443163883
v 0.538325393 2.262391613 1.087975288
v 0.187029796 2.456750914 0.235594926
v 0.165313113 2.479191616 0.372394928
v 0.445495987 1.414399319 -0.166566728
v 0.575419497 1.807872308 0.209000948
v 0.573913137 2.414817229 0.599021873
v 0.486795344 2.228730560 0.839379405
v 0.484849630 2.215513366 0.954138202
v 0.578997101 1.949362836 0.376008241
v 0.153073942 2.517036529 0.512663710
v 0.582574705 2.035036872 -0.404467207
v 0.651992773 1.894687397 -0.405551201
v 0.070663522 2.549176179 0.679381938
v 0.702141993 1.783529851 -0.269257063
v 0.717205588 1.812151255 -0.191570849
v 0.533680785 1.808823185 0.308872899
v 0.502298294 2.230156875 1.031174019
v 0.114347949 2.480427756 0.392557211
v 0.255945745 2.565246003 0.485274803
v 0.248037358 2.519223546 0.357652614
v 0.453090549 2.338271614 0.100457048
v 0.552447514 2.683725303 0.950452623
v 0.405702989 2.744676532 0.846461497
v 0.496586681 2.711205655 0.840391132
v 0.239313025 2.676118286 1.194929331
v 0.759132595 2.629049864 1.087397158
v 0.744194530 2.506101441 1.059213322
v 0.655005492 2.347590211 0.789877027
v 0.523701153 2.507622845 0.658063395
v 0.689588997 2.058143189 0.192379712
v 0.618350744 2.949305307 1.620649781
v 0.754174162 1.863213361 -0.073271006
v 0.578494981 3.060843204 1.449378780
v 0.731453239 1.955638626 -0.049856742
v 0.660466046 2.043214416 -0.107958803
v 0.639314247 2.043119329 -0.197496681
v 0.611634891 2.039125644 -0.287251358
v 0.477506127 1.462323530 -0.038294143
v 0.559665487 1.874814063 0.337273533
v 0.743441350 2.012405995 0.111730582
v 0.596131940 2.710254777 1.273916337
v 0.763902734 1.988824240 0.098072262
v 0.745889184 1.888221432 0.046257364
v 0.587407608 2.897007061 1.548022205
v 0.728628815 2.589303197 1.048084321
v 0.688208167 2.377447755 0.887075126
v 0.495456911 1.998523188 1.330645339
v 0.458613868 1.892215116 1.341485276
v 0.657265032 2.993140747 1.453497956
v 0.572720603 2.869051271 1.517309050
v 0.587407608 2.897007061 1.548022205
v 0.590043737 2.994662150 1.311205719
v 0.142341130 2.605658285 0.963821879
v 0.586591663 2.428795124 1.299859919
v 0.116921313 2.446671616 0.236245322
v 0.411602897 2.997514782 1.379425055
v 0.575984382 3.061033379 1.707875139
v 0.505875898 2.995993378 1.655048514
v 0.675529641 1.949743187 -0.238038045
v 0.476250827 3.041160046 1.495195579
v 0.537572213 2.958528816 1.659818086
v 0.604479683 2.665468461 1.264015861
v 0.716326878 1.941280380 0.081161960
v 0.681680609 1.743022482 -0.357566414
v 0.695802730 1.855701431 -0.265643750
v 0.677600885 1.834496869 -0.343835828
v 0.548179495 2.666514426 1.337655165
v 0.189477631 2.678590566 0.996630754
v 0.272201875 2.596529863 1.198325844
v 0.702141993 3.091176187 1.717920147
v 0.656574617 3.096881450 1.646882428
v 0.659524571 3.061698993 1.543613964
v 0.636803648 1.612752305 -0.268895731
v 0.749090198 1.835542834 0.019446587
v 0.690091116 1.848474764 0.036212356
v 0.663290470 1.973229854 0.143238665
v 0.701953698 2.001946346 0.132760059
v 0.101167303 2.518177582 0.527767355
v 0.590420327 2.038364943 -0.362625051
v 0.709108906 1.869489151 -0.175744541
v 0.654252312 1.939949152 -0.324251675
v 0.697434619 2.046922838 -0.018131861
v 0.703585587 1.956018977 -0.144742322
v 0.129034954 2.570095477 0.684729640
v 0.722164022 1.792658272 -0.152980674
v 0.634795168 2.944836185 1.325225371
v 0.572720603 2.869051271 1.517309050
v 0.647661989 1.879473361 -0.437781946
v 0.658771391 2.469017230 1.307809206
v 0.810160524 2.666894777 1.289598112
v 0.563870740 2.319634421 1.089276080
v 0.829492138 2.674216531 1.232869109
v 0.690404941 3.081001801 1.640089401
v 0.625568716 3.033172677 1.444609208
v 0.633226044 2.916309868 1.512973076
v 0.642703556 2.523692669 1.308242803
v 0.238434316 2.560776880 1.160024734
v 0.112967119 2.556973372 1.011806665
v 0.210252839 2.637797934 1.131551834
v 0.569519589 2.622108460 1.302750568
v 0.620421988 2.867624955 1.446271331
v 0.658771391 2.469017230 1.307809206
v 0.668374433 3.100780047 1.732012065
v 0.723984206 3.055137941 1.716980686
v 0.680801899 3.016151975 1.763953745
v 0.652432128 2.991714431 1.694867215
v 0.513595991 2.860113025 1.542240905
v 0.184393667 2.599572671 1.068391135
v 0.171526846 2.652726706 0.919016807
v 0.212763439 2.711681093 1.061381310
v 0.663102175 2.949305307 1.478213012
v 0.620986873 3.099924257 1.663575931
v 0.635108993 3.084520046 1.759545504
v 0.680801899 3.016151975 1.763953745
v 0.652432128 2.991714431 1.694867215
v 0.390262804 2.905755131 1.473587972
v 0.942406339 2.549651617 1.271314752
v 0.916986521 2.550031968 1.233013642
v 0.936380900 2.574754775 1.249634878
v 0.956591224 2.571236530 1.279119506
v 0.973475004 2.617068811 1.281287494
v 0.958662469 2.624675829 1.279119506
v 0.899161267 2.527686354 1.280203500
v 0.974228184 2.602900741 1.292922359
v 0.918179056 2.520364599 1.256500172
v 0.936631960 2.609556881 1.261414276
v 0.923765139 2.606609162 1.277674181
v 0.899914447 2.594533021 1.265099855
v 0.917237581 2.593201793 1.249490346
v 0.902738871 2.581696179 1.239011740
v 0.921442835 2.554215828 1.287863722
v 0.898847442 2.570570916 1.286129332
v 0.939644679 2.575990916 1.294150885
v 0.888553985 2.559445652 1.282660552
v 0.961675188 2.601854776 1.302822835
v 0.888553985 2.559445652 1.282660552
v 0.916045047 2.589398284 1.287430125
v 0.886294446 2.586355477 1.253392723
v 0.572344013 3.028893730 1.730277675
v 0.630213325 3.056944607 1.787873872
v 0.624564477 2.988956887 1.714595900
v 0.571904658 3.085090573 1.567172760
v 0.449826770 3.005121799 1.531039637
v 0.445998107 2.958623904 1.569774344
v 0.381664001 2.958814079 1.417653898
v 0.513407696 3.036500747 1.621950573
v 0.433445111 2.857545657 1.503506198
v 0.521567143 3.063695835 1.465783218
v 0.471794514 2.506767055 0.539329955
v 0.652997013 2.388953369 1.246671962
v 0.707163191 2.435356177 1.254548983
v 0.739173331 2.432883896 1.220945179
v 0.869410666 2.476909511 1.267918238
v 0.755241166 2.520364599 1.335920775
v 0.482087971 2.917736184 1.581842807
v 0.802001077 2.641411268 1.343797796
v 0.767605867 2.421188106 1.087830755
v 0.805829741 2.595293723 1.365766734
v 0.401183910 2.544421792 0.512302379
v 0.665298949 2.082675821 0.302585735
v 0.779782274 2.450665300 1.068752467
v 0.623685767 1.998998626 0.230608555
v 0.980944037 2.627908811 1.303834562
v 0.557908067 2.318778631 1.300365782
v 0.684693328 2.449714423 1.274205402
v 0.979625972 2.633899338 1.297258334
v 0.992618323 2.681062847 1.411728066
v 0.929413988 2.577227056 1.331946132
v 1.021113624 2.675357584 1.466000016
v 0.970148460 2.632092671 1.356444389
v 0.586466133 2.303089157 0.840535664
v 0.609814706 2.314119333 0.745866883
v 0.916045047 2.589398284 1.287430125
v 0.898847442 2.570570916 1.286129332
v 0.651992773 3.028988817 1.793293841
v 0.594939406 2.999036185 1.731650734
v 0.951067906 2.623059338 1.289164514
v 0.954206155 2.616022846 1.299859919
v 0.591236272 2.099221084 0.429629794
v 0.563368620 2.193262840 0.621424409
v 0.538953043 2.267716525 0.760464665
v 0.570900418 2.144863190 0.528056420
v 0.611446596 2.348446000 1.001761657
v 0.204729521 2.688099339 0.860625681
v 0.616091204 2.746007760 1.220367049
v 0.535438204 2.299665999 0.941997473
v 0.719967247 2.384294071 1.043242482
v 0.674525401 2.372313018 0.977335667
v 0.663290470 2.240616525 0.480577497
v 0.625380421 2.118999330 0.423993027
v 0.651616183 2.288160385 0.558986373
v 0.954206155 2.616022846 1.299859919
v 0.626824016 1.939378625 0.165352136
v 0.673458397 1.912563888 0.085497935
v 0.599207424 1.581848795 -0.207180358
v 0.581695995 1.575192655 -0.373464988
v 0.569519589 1.583940725 -0.465026321
v 0.597387240 1.601912304 -0.402226954
v 0.604354153 1.672657569 -0.008014586
v 0.655821437 1.710122131 -0.065827582
v 0.606801987 1.835162483 0.159064973
v 0.639816367 1.872627045 0.114765764
v 0.598140420 1.903530555 0.205026304
v 0.611258301 1.754242833 0.088749916
v 0.654440607 2.148286348 0.407299525
v 0.541463642 2.421378282 0.477036451
v 0.682245494 3.085470924 1.810565473
v 0.497904746 2.361948456 0.266235814
v 0.895646428 2.503629160 1.213357223
v 0.688521992 3.048767063 1.828126171
v 0.676596646 3.070351976 1.828053905
v 0.709924850 3.039448467 1.813889721
v 0.700133513 3.095360046 1.795028231
v 0.741621166 2.463977581 1.284828540
v 0.742060520 3.070351976 1.786211749
v 0.862506518 2.449238984 1.215525211
v 0.740491396 3.061698993 1.815840909
v 0.644963095 2.207811261 0.498571792
v 0.575105672 2.077065645 0.441264660
v 0.593809636 2.159791962 0.520902062
v 0.642703556 2.254499332 0.578570526
v 0.580126870 2.261155472 0.684801906
v 0.568138759 2.204673366 0.616076707
v 0.542216822 2.233960384 0.696942635
v 0.584332124 2.221884244 0.604369575
v 0.495080322 2.260299683 0.832369579
v 0.609877471 2.774438989 1.173321723
v 0.569707884 2.320109859 1.147233609
v 0.580691755 2.311266701 1.210394307
v 0.631970744 2.698368812 1.205335670
v 0.191046755 2.659573022 0.763499847
v 0.651302358 2.367558632 1.068896999
v 0.637494063 2.696752321 1.148967999
v 0.619103923 2.338842140 0.827600007
v 0.721787432 2.396084948 0.957606982
v 0.790326790 2.554406003 1.100188283
v 0.638937657 2.358715474 0.904563558
v 0.553702813 2.310505999 1.026765778
v 0.589729912 2.328762842 0.927471957
v 0.713879044 2.427654071 0.941852940
v 0.687517752 2.412249861 0.879270372
v 0.602973323 2.440966352 0.781494142
v 0.569707884 2.458367405 0.683428847
v 0.961110303 2.589017934 1.398142012
v 0.932112882 2.610888109 1.302389237
v 0.996321457 2.635801092 1.423435198
v 0.988162010 2.623629864 1.438322044
v 0.919183296 2.557353723 1.358323311
v 0.533680785 2.658622145 0.880065301
v 0.898219792 2.555642144 1.380653581
v 1.018665790 2.660428812 1.471419985
v 0.943912698 2.581886354 1.416714437
v 0.919183296 2.557353723 1.358323311
v 0.461124467 2.595483899 0.705903650
v 0.913722742 2.650254426 1.290537573
v 0.975169659 2.625816881 1.308676401
v 0.972094174 2.637132320 1.295668476
v 0.970211225 2.605087758 1.376751204
v 1.000526711 2.657100742 1.411005404
v 1.013456297 2.694945654 1.464193360
v 1.002221365 2.704074076 1.477129018
v 0.980504682 2.698178637 1.427554374
v 0.854472601 2.609937232 1.399442805
v 1.010380813 2.651300391 1.482476720
v 1.010380813 2.651300391 1.482476720
v 0.923074725 2.594818284 1.431601284
v 0.907132419 2.664897935 1.428855166
v 0.870979791 2.572282495 1.394890031
v 0.949498781 2.643883548 1.476406356
v 0.962240072 2.623629864 1.468312536
v 0.586591663 2.428795124 1.299859919
v 0.572469543 2.315260385 1.253898587
v 0.965880441 2.634469864 1.299498587
v 0.988162010 2.623629864 1.438322044
v 0.844806794 2.664612672 1.261847874
v 0.773631306 2.429460738 1.185390186
v 0.235735421 2.742774778 1.127793989
v 0.271825285 2.801158638 1.239806669
v 0.504306774 2.753709866 0.922919184
v 0.295927038 2.732315129 1.327971488
v 0.261343534 2.796594428 1.065572752
v 0.271825285 2.801158638 1.239806669
v 0.315133122 2.644739338 0.601045328
v 0.419887875 2.794692673 0.921618391
v 0.236363071 2.767212322 1.004652307
v 0.398045661 2.639319338 0.692100797
v 0.254439386 2.677354426 0.711684949
v 0.319275611 2.712156532 0.707565773
v 0.250359662 2.626957934 0.603863712
v 0.512717281 2.250315472 0.763283048
v 0.538325393 2.287019332 0.833525839
v 1.010192518 2.703028111 1.522078623
v 1.026197588 2.684771268 1.549828861
v 0.907760069 2.521886003 1.226581946
v 1.026197588 2.684771268 1.549828861
v 1.016657311 2.703883900 1.515285596
v 0.918179056 2.520364599 1.256500172
v 0.909078134 2.498114072 1.257078302
v 1.022996574 2.696752321 1.509070698
v 0.868155367 2.681443198 1.345893517
v 1.002221365 2.647496882 1.494256118
v 0.977240903 2.618304952 1.453787021
v 0.850706702 2.654153022 1.386651679
v 0.861753338 2.537195126 1.354565466
v 0.877067994 2.542805301 1.323780046
v 1.022243394 2.671554075 1.516875453
v 0.877067994 2.542805301 1.323780046
v 0.875561634 2.633423899 1.243347715
v 0.861878868 2.653867759 1.210466573
v 0.886294446 2.586355477 1.253392723
v 1.022243394 2.671554075 1.516875453
v 0.916986521 2.550031968 1.233013642
v 0.884913616 2.556117582 1.296897003
v 0.757814531 2.642267057 1.330789872
v 0.827860249 2.458272317 1.137983530
v 0.783673703 2.671744251 1.277096051
v 0.831312323 2.448097931 1.233447239
v 0.899161267 2.527686354 1.280203500
v 0.709673790 2.495261441 1.321684325
v 0.703836647 2.635420741 1.306797478
v 0.641511021 2.635325654 1.279625370
v 0.503930184 2.973742852 1.223185433
v 1.022368924 2.693043900 1.548311270
v 0.887110391 2.590824600 1.252019664
v -0.729213391 0.002251578 1.517670382
v -0.766307495 0.051602106 1.490209208
v -0.872192017 0.065865264 1.328477352
v -0.735427124 0.053218597 1.536604138
v -0.763043716 0.005104210 1.482259921
v -0.458445265 -0.000886316 1.563920779
v -0.368503047 0.108084212 1.442802552
v -0.393985629 0.061776492 1.501555009
v -0.396370699 0.198702810 1.303111900
v -0.367624338 0.193663160 1.367284325
v 0.888553985 2.559445652 1.282660552
v 0.875561634 2.633423899 1.243347715
v 0.558284657 1.643275463 0.049437079
v 0.573913137 1.567965988 -0.130939469
v 0.497277096 1.554843883 0.010268774
v 0.540584932 1.539439672 -0.452018397
v -0.811309986 0.016229473 1.407030760
v -0.901189438 0.074708422 1.274928064
v 0.510332212 1.605050199 0.068443101
v 0.547865670 1.561024585 -0.068935031
v -0.438799826 0.167799300 1.290754372
v -0.385449592 0.198512634 1.276301123
v 0.604479683 2.665468461 1.264015861
v 0.596131940 2.710254777 1.273916337
v 0.523638388 2.332851614 1.377979730
v 0.677538120 2.669747408 1.211984165
v 0.526462812 2.378969158 1.319588604
v 0.505813133 2.442677931 1.324936306
v 0.984270581 2.691332321 1.502928068
v 0.926526799 2.691902847 1.398358811
v 0.990986434 2.703218286 1.490570540
v 0.982011041 2.670603198 1.509576562
v 0.964123022 2.699414777 1.447138526
v 0.907069655 2.624295478 1.439406038
v 0.212763439 2.711681093 1.061381310
v 0.406644464 2.592250916 0.612896992
v -0.821415148 0.076705264 1.408548351
v -0.344150235 0.212490529 1.593766738
v -0.366933923 0.202696494 1.579168956
v -0.791852842 0.083741755 1.440995895
v -0.857756071 0.008432280 1.348928699
v -0.839805287 0.068242457 1.371620300
v 0.533178665 2.465594072 0.569175914
v 0.419385755 2.388097580 1.405440903
v 0.570147238 1.730280727 0.137240566
v 0.458488338 2.298144596 1.414690982
v -0.376976320 0.195945266 1.625852951
v -0.389027196 0.192807371 1.599403505
v -0.389027196 0.192807371 1.599403505
v -0.390031436 0.109700703 1.512467212
v -0.406664156 0.143456844 1.574182585
v -0.391663325 0.185580704 1.495990508
v -0.425870240 0.226278249 1.602583220
v -0.338313092 0.205454038 1.620505248
v 0.324987224 2.379444597 1.426831711
v 0.422775064 2.273802139 1.453353423
v 0.067211448 2.587021091 0.821746441
v 0.129034954 2.570095477 0.684729640
v -0.530185637 0.222950178 1.304557225
v -0.448842223 0.224756845 1.328188287
v -0.412564064 0.275533688 1.352036148
v -0.407040745 0.249860003 1.333752788
v -0.419593742 0.302063162 1.371331235
v -0.451854942 0.258132635 1.339750886
v 0.235735421 2.742774778 1.127793989
v 0.308166209 2.636276531 1.240890663
v 0.367604646 2.684866356 1.347916972
v 0.179372469 2.595959337 0.662038039
v 0.574666317 2.132501786 0.534415850
v 0.399426491 2.317352315 1.457978463
v -0.425870240 0.226278249 1.602583220
v -0.344150235 0.212490529 1.593766738
v -0.385449592 0.234360705 1.543541697
v -0.548889602 0.127862458 1.630188925
v -0.829888420 0.019367368 1.368585118
v 0.603224383 2.468922142 0.855567043
v 0.518554424 2.546894073 0.729390179
v 0.546798666 2.485942844 0.759742002
v 0.610693416 2.410823545 0.701350876
v 0.298939757 2.849082850 1.175778776
v 0.468028615 2.554501091 0.630240891
v 0.070663522 2.549176179 0.679381938
v -0.531064347 0.252142109 1.333825054
v -0.579393382 0.247863161 1.279553104
v -0.575439188 0.270398951 1.320528065
v -0.654836889 0.198607722 1.371114436
v -0.615357716 0.256040705 1.355071330
v -0.647242326 0.237023161 1.395395895
v -0.740071733 0.070334386 1.285334403
v -0.818214134 0.064248772 1.190521090
v -0.735113299 0.142125616 1.314529966
v -0.567405271 0.299115443 1.342786068
v -0.687914034 0.174645616 1.359118240
v -0.686282144 0.023551228 1.382026639
v -0.666071821 0.019177193 1.385495419
v -0.796497450 0.062347018 1.213212691
v -0.556044809 0.356168075 1.377401600
v -0.660360207 0.101808422 1.361141695
v -0.684336430 0.089066667 1.353120141
v -0.419593742 0.302063162 1.371331235
v 0.094639745 2.569715126 0.956378455
v -0.487756511 0.272871232 1.360852630
v 0.382982066 2.593582144 1.280131234
v 0.612701895 2.575990916 1.300943912
v 0.399300961 2.550222143 1.293211424
v 0.519872489 2.581791267 1.310844388
v 0.546359311 2.528351968 0.824853889
v 0.347896442 2.842236534 0.917354683
v 0.314379942 2.580460039 1.230845655
v 0.325238284 2.804771972 0.856289706
v 0.258832934 2.774819340 0.884401275
v 0.297684457 2.530824248 1.234314434
v 0.258205285 2.448573370 1.328188287
v 0.456542623 2.499160037 1.323996845
v 0.117988318 2.609271618 0.854193985
v 0.164371638 2.515990564 1.165661501
v 0.666993604 2.374214772 0.771665933
v 0.189477631 2.678590566 0.996630754
v 0.215650628 2.730793725 0.937011102
v 0.622053877 2.828638990 1.435214596
v 0.628455905 2.792981095 1.334186385
v 0.432064281 2.754850918 1.449161981
v 0.365533401 2.942363904 1.271748349
v 0.632347334 2.824835481 1.264810790
v 0.355051650 2.925913728 1.216392406
v 0.460998937 2.650824952 1.357167051
v 0.486230459 2.810952674 1.513695738
v 0.513595991 2.860113025 1.542240905
v 0.634795168 2.876087762 1.349217764
v 0.529475531 2.733170918 1.447427591
v 0.560732491 2.808290218 1.485367370
v 0.403443450 2.820271270 1.473226641
v 0.136943342 2.541283898 1.079736936
v 0.310865103 2.840049516 1.336498905
v 0.356871834 2.856880043 1.419460554
v 0.572720603 2.869051271 1.517309050
v 0.620421988 2.867624955 1.446271331
v 0.356871834 2.856880043 1.419460554
v 0.312685288 2.885976885 1.265533452
v 0.354612295 2.787085656 1.431890349
v 0.310865103 2.840049516 1.336498905
v 0.330385012 2.903948465 1.337799697
v 0.149496338 2.626862846 0.812135030
v 0.220232471 2.401219685 -0.072692876
v 0.323669159 2.446386352 0.039536603
v 0.329569068 2.362614070 -0.092277028
v 0.305341785 2.411108808 -0.023985426
v 0.259962704 2.465974423 -0.055276711
v 0.275905009 2.459033019 -0.037354682
v 0.340113584 2.417860036 -0.015168945
v 0.247033118 2.433549510 0.011786365
v 0.304023720 2.388287755 -0.064165459
v 0.252870261 2.447337230 -0.007870054
v 0.383044831 2.402360738 0.006438663
v 0.226571734 2.423565299 0.008751183
v 0.210378369 2.415577931 -0.024491290
v 0.603789268 2.827402849 1.144704290
v 0.641511021 2.635325654 1.279625370
v 0.580252400 2.731364251 1.037316650
v 0.833571862 2.659002496 1.183800329
v 0.367541881 2.356053018 1.444464675
v 0.628455905 2.792981095 1.334186385
v 0.837086701 2.581696179 1.146294148
v 0.792586330 2.675928110 1.202661819
v 0.810976469 2.656435128 1.135743276
v 0.752291212 2.672600040 1.162048189
v 0.868971311 2.585689863 1.187341375
v 0.703836647 2.635420741 1.306797478
v 0.737290382 2.670127759 1.249779411
v 0.678730655 2.678210216 1.164432975
v 0.648164109 2.670603198 1.053793354
v 0.715385404 2.672980391 1.113485272
v 0.277913488 2.432883896 0.009835176
v 0.145730439 2.421188106 0.095253878
v 0.267682797 2.456275475 0.060493814
v 0.220232471 2.401219685 -0.072692876
v 0.247033118 2.433549510 0.011786365
v 0.271134871 2.381346351 -0.099648185
v 0.724862916 3.092127064 1.785055489
v 0.706535541 3.080336187 1.838243445
v 0.729946879 3.082998643 1.832245347
v 0.709987615 3.064456537 1.840050101
v 0.571653598 2.944360746 1.223980361
v 0.624752772 2.905945307 1.284684007
v 0.356871834 2.856880043 1.419460554
v 0.330385012 2.903948465 1.337799697
v 0.862443753 2.513898634 1.312361979
v 0.892257119 2.475768458 1.248117287
v 0.877067994 2.542805301 1.323780046
v 0.885478501 2.533867055 1.291260236
v 0.428674972 2.980113729 1.240818396
v 0.418569810 2.974218290 1.181849140
v 0.503930184 2.973742852 1.223185433
v 0.587282078 2.751522848 1.400309999
v 0.883218962 2.533486705 1.302389237
v 0.861753338 2.537195126 1.354565466
v 0.790828910 2.539667406 1.349073232
v 0.757814531 2.642267057 1.330789872
v 0.844806794 2.664612672 1.261847874
v 0.898282557 2.591014776 1.215236146
v 0.902738871 2.581696179 1.239011740
v 0.194373299 2.490982493 1.232796843
v 0.524203273 2.528732319 1.306074816
v 0.228078094 2.466354774 1.288225053
v 0.802001077 2.641411268 1.343797796
v 0.810160524 2.666894777 1.289598112
v 0.884913616 2.556117582 1.296897003
v 0.805829741 2.595293723 1.365766734
v 0.820956101 2.554501091 1.358106512
v -0.384319822 0.159716844 1.453570222
v -0.347727839 0.167989476 1.316914753
v -0.462273928 0.180636143 1.314674499
v -0.368063692 0.030302456 1.377546132
v -0.402961022 0.223520705 1.320961662
v 0.520562904 1.512529847 -0.132312528
v 0.556903827 1.527934058 -0.304812055
v 0.475183823 1.456237916 -0.268823465
v 0.528282996 1.502830899 -0.410682104
v 0.477882717 1.476301425 -0.110126791
v 0.482966680 1.513195461 -0.047833287
v -0.342894935 0.108179299 1.365188604
v -0.434782867 0.207165617 1.308748667
v 0.502549354 1.464510548 -0.353302706
v 0.472422163 1.460326688 -0.176105873
v -0.378106089 0.210683862 1.394456434
v -0.355322401 0.177973686 1.340256750
v -0.429761668 0.161333335 1.265822517
v 0.536630739 1.506254057 -0.228137569
v -0.375595490 0.215343161 1.339100490
v -0.390031436 0.109700703 1.512467212
v -0.368942402 0.063963509 1.448728384
v -0.635881865 0.035627368 1.587335042
v -0.903072387 0.009858596 1.257873230
v -0.881732294 0.004343508 1.321395260
v -0.549956606 0.006340350 1.561535992
v -0.368691342 0.149257195 1.405729968
v -0.550333196 0.038955439 1.589213964
v -0.637513754 -0.004024211 1.568112221
v 0.991363024 2.652536531 1.504662457
v 0.526462812 2.378969158 1.319588604
v 0.541212582 2.275703894 1.367284325
v 0.353670820 2.479096528 1.321395260
v 0.887110391 2.590824600 1.252019664
v 1.027390122 2.681728461 1.507553107
v 1.005924499 2.696276883 1.527064993
v 1.005736204 2.682774426 1.532123631
v 1.013519062 2.670888461 1.527281792
v 0.646594985 2.291773718 0.656039941
v 0.534371199 1.782769149 0.231909348
v 0.604165858 2.286258631 0.662110305
v 0.427419672 2.405878983 0.197077017
v 0.560544196 2.324103544 0.322675752
v 0.571590833 2.004894065 0.353822503
v 0.600274429 2.325529859 0.430641522
v 0.613580605 2.279982841 0.358953407
v 0.578306686 2.063753364 0.443938511
v 0.824031585 2.428985300 1.162626319
v 0.621426228 2.403501790 1.276734720
v 0.966633621 2.628669513 1.307086543
v 0.966633621 2.628669513 1.307086543
v 0.576925856 2.287019332 0.757284950
v 0.657829916 2.357479334 0.696798103
v 0.665047889 2.222264595 0.366107765
v 0.685446508 2.179760383 0.396531854
v 0.650925768 2.285022490 0.452899525
v 0.682873144 2.383913720 1.205697001
v 0.149496338 2.626862846 0.812135030
v 0.171526846 2.652726706 0.919016807
v 0.980567447 2.642742496 1.313735038
v 0.961110303 2.589017934 1.398142012
v 0.961926248 2.663471619 1.354999064
v 0.950691316 2.675642847 1.466505880
v 0.433445111 2.857545657 1.503506198
v 0.622555997 2.500776529 0.933253257
v 0.740052041 2.446861791 1.010000009
v 0.686074158 2.541664249 0.997136618
v 0.285570816 2.809716533 0.957896047
v 0.728628815 3.062079344 1.833257074
v 0.767354808 2.585594776 1.351096687
v 0.889809285 2.677924952 1.306436147
v 0.946925417 2.689906005 1.366633929
v -0.723376248 0.073187018 1.313518239
v 0.553263459 2.247082490 0.692967992
v 0.699317569 2.391996176 1.142464037
v 0.956591224 2.594723197 1.262859601
f 11 16 64
f 16 11 1
f 6 16 1
f 16 6 19
f 19 10 16
f 10 19 9
f 9 8 10
f 11 12 1
f 3 1 12
f 1 3 6
f 5 6 3
f 6 5 2
f 4 6 2
f 6 4 19
f 17 19 4
f 19 17 9
f 12 11 18
f 18 4386 12
f 4386 3 12
f 3 4386 4393
f 4393 5 3
f 5 4393 4411
f 4411 247 5
f 20 5 247
f 5 20 2
f 20 4 2
f 4 20 250
f 17 4 250
f 4386 18 4387
f 247 4411 4014
f 4014 21 247
f 246 247 21
f 247 246 20
f 249 20 246
f 20 249 250
f 22 250 249
f 22 17 250
f 4014 4410 21
f 4410 4014 4388
f 248 246 21
f 246 248 253
f 246 253 249
f 253 251 249
f 251 22 249
f 297 22 251
f 22 297 285
f 285 17 22
f 17 285 283
f 283 9 17
f 4439 253 248
f 253 4439 28
f 28 251 253
f 28 252 251
f 252 297 251
f 297 252 532
f 815 297 532
f 297 815 300
f 300 285 297
f 285 300 281
f 281 283 285
f 4439 27 28
f 252 28 27
f 4436 252 27
f 252 4436 23
f 23 532 252
f 532 23 530
f 530 815 532
f 815 530 812
f 812 699 815
f 699 300 815
f 27 4439 4441
f 4431 27 4441
f 27 4431 4436
f 7 4436 4431
f 4436 7 306
f 306 23 4436
f 23 306 771
f 771 530 23
f 530 771 161
f 161 812 530
f 812 161 304
f 304 701 812
f 699 812 701
f 13 306 7
f 306 13 299
f 299 771 306
f 771 299 163
f 163 161 771
f 161 163 160
f 160 304 161
f 304 160 538
f 538 191 304
f 701 304 191
f 14 299 13
f 299 14 272
f 272 163 299
f 163 272 548
f 548 160 163
f 160 548 550
f 550 538 160
f 538 550 556
f 556 545 538
f 191 538 545
f 14 263 272
f 263 548 272
f 548 263 259
f 259 550 548
f 550 259 312
f 550 312 284
f 556 550 284
f 556 284 279
f 279 553 556
f 545 556 553
f 263 14 15
f 26 263 15
f 263 26 262
f 262 259 263
f 259 262 258
f 258 312 259
f 312 258 301
f 301 284 312
f 284 301 302
f 302 279 284
f 279 302 319
f 319 195 279
f 553 279 195
f 25 262 26
f 262 25 264
f 264 258 262
f 258 264 260
f 260 301 258
f 301 260 290
f 290 302 301
f 302 290 286
f 286 319 302
f 319 286 257
f 257 193 319
f 195 319 193
f 25 266 264
f 261 264 266
f 264 261 260
f 269 260 261
f 260 269 290
f 268 290 269
f 290 268 286
f 293 286 268
f 286 293 257
f 266 25 308
f 307 266 308
f 266 307 24
f 266 24 295
f 261 266 295
f 313 261 295
f 320 261 313
f 261 320 269
f 292 269 320
f 269 292 268
f 296 268 292
f 268 296 293
f 294 293 296
f 293 294 690
f 690 257 293
f 313 295 265
f 58 4347 382
f 4347 58 4570
f 4346 4347 4570
f 4347 4346 4569
f 4346 4549 4569
f 4391 4569 4549
f 4569 4391 4390
f 58 394 4570
f 394 396 4570
f 396 4346 4570
f 4346 396 4575
f 4549 4346 4575
f 4575 4564 4549
f 4564 4391 4549
f 4391 4564 3979
f 4015 4391 3979
f 4391 4015 4412
f 4412 4390 4391
f 4390 4412 4392
f 4552 396 394
f 396 4552 4560
f 4560 4565 396
f 396 4565 4575
f 4565 4349 4575
f 4564 4575 4349
f 4349 386 4564
f 386 3979 4564
f 3979 386 3975
f 4015 3979 3975
f 4402 4015 3975
f 267 4560 4552
f 4560 267 706
f 706 4550 4560
f 4565 4560 4550
f 4565 4550 4361
f 4348 4565 4361
f 4348 4568 4565
f 4568 4349 4565
f 386 4349 4568
f 305 706 267
f 706 305 705
f 705 702 706
f 4550 706 702
f 4550 702 4361
f 702 1633 4361
f 4361 1633 385
f 4361 385 4566
f 4360 4361 4566
f 4360 4348 4361
f 1647 705 305
f 705 1647 1644
f 1644 691 705
f 702 705 691
f 702 691 1637
f 1633 702 1637
f 385 1633 1637
f 1649 385 1637
f 1649 3277 385
f 3276 385 3277
f 385 3276 4566
f 1647 3643 1644
f 686 1644 3643
f 1644 686 694
f 691 1644 694
f 691 694 1637
f 694 693 1637
f 693 3230 1637
f 3230 1649 1637
f 3230 1648 1649
f 3277 1649 1648
f 3643 1647 3640
f 3640 3642 3643
f 3228 3643 3642
f 3643 3228 686
f 3221 686 3228
f 686 3221 704
f 693 686 704
f 686 693 694
f 3642 3640 3676
f 1643 3642 3676
f 3642 1643 1646
f 1653 3642 1646
f 3642 1653 3228
f 1653 3221 3228
f 3221 1653 2326
f 2326 3232 3221
f 3227 3221 3232
f 3221 3227 704
f 3227 693 704
f 693 3227 3230
f 3227 3231 3230
f 1648 3230 3231
f 3232 2326 2356
f 2356 3619 3232
f 3229 3232 3619
f 3232 3229 3227
f 3231 3227 3229
f 3229 3835 3231
f 3835 1648 3231
f 1648 3835 1638
f 1638 3277 1648
f 3619 2356 1658
f 1655 3619 1658
f 3619 1655 3605
f 3834 3619 3605
f 3619 3834 3229
f 3835 3229 3834
f 3976 4345 61
f 4345 3976 3978
f 3978 4574 4345
f 4574 3978 4576
f 4571 4574 4576
f 4574 4571 4577
f 4343 4577 4571
f 4577 4343 4340
f 4389 3978 3976
f 3978 4389 3977
f 3977 4576 3978
f 4576 3977 3962
f 807 4576 3962
f 4576 807 4571
f 807 4343 4571
f 4343 807 811
f 3958 4343 811
f 4343 3958 4341
f 4341 4340 4343
f 4340 4341 4344
f 56 3977 4389
f 3977 56 3961
f 3961 3962 3977
f 3962 3961 4413
f 798 3962 4413
f 3962 798 807
f 551 807 798
f 807 551 811
f 551 549 811
f 549 3958 811
f 387 3961 56
f 3961 387 89
f 89 4413 3961
f 4413 89 57
f 388 4413 57
f 4413 388 798
f 29 798 388
f 798 29 551
f 29 552 551
f 549 551 552
f 552 34 549
f 817 549 34
f 549 817 3963
f 3958 549 3963
f 3963 4379 3958
f 3958 4379 4341
f 552 29 797
f 797 542 552
f 34 552 542
f 542 51 34
f 814 34 51
f 34 814 817
f 586 817 814
f 586 808 817
f 808 3963 817
f 4379 3963 808
f 797 850 542
f 850 30 542
f 51 542 30
f 852 51 30
f 51 852 53
f 53 814 51
f 814 53 531
f 586 814 531
f 586 531 534
f 589 586 534
f 808 586 589
f 852 30 850
f 843 852 850
f 843 4427 852
f 4427 53 852
f 53 4427 4425
f 4425 531 53
f 531 4425 4432
f 531 4432 534
f 4438 534 4432
f 534 4438 3823
f 3823 4430 534
f 589 534 4430
f 843 4426 4427
f 4426 4425 4427
f 4425 4426 54
f 54 3219 4425
f 3219 4437 4425
f 4437 4432 4425
f 4432 4437 4438
f 4434 4438 4437
f 4438 4434 4433
f 4433 3823 4438
f 843 55 4426
f 55 4424 4426
f 4424 54 4426
f 54 4424 4423
f 4423 3639 54
f 3219 54 3639
f 3641 3219 3639
f 3641 271 3219
f 4437 3219 271
f 298 4437 271
f 4437 298 4434
f 4424 55 4422
f 4422 4423 4424
f 4423 4422 4398
f 3242 4423 4398
f 4423 3242 3651
f 3639 4423 3651
f 3639 3651 3638
f 3641 3639 3638
f 55 65 4422
f 65 31 4422
f 31 4398 4422
f 4398 31 397
f 3224 4398 397
f 4398 3224 3242
f 3224 3674 3242
f 3674 3638 3242
f 3638 3651 3242
f 31 65 4403
f 4399 31 4403
f 31 4399 397
f 4399 4551 397
f 4551 3240 397
f 3240 3224 397
f 3224 3240 3648
f 3648 3674 3224
f 65 4402 4403
f 4402 4400 4403
f 4401 4403 4400
f 4403 4401 4399
f 4553 4399 4401
f 4399 4553 4561
f 4551 4399 4561
f 4402 3975 4400
f 3975 4401 4400
f 4401 3975 386
f 386 4553 4401
f 4553 386 4568
f 4348 4553 4568
f 4348 4561 4553
f 4348 4360 4561
f 4360 4551 4561
f 3673 4551 4360
f 4551 3673 3237
f 3240 4551 3237
f 3237 3672 3240
f 3672 3648 3240
f 4566 3673 4360
f 3673 4566 3276
f 3276 395 3673
f 3238 3673 395
f 3238 3237 3673
f 3672 3237 3238
f 395 3276 3239
f 3239 393 395
f 3238 395 393
f 3277 3239 3276
f 3239 3277 3241
f 3241 381 3239
f 393 3239 381
f 1638 3241 3277
f 1638 63 3241
f 381 3241 63
f 3648 3672 3649
f 3649 3223 3648
f 3674 3648 3223
f 2333 3674 3223
f 3674 2333 2360
f 3674 2360 2329
f 3638 3674 2329
f 3641 3638 2329
f 3223 3649 398
f 398 2333 3223
f 2333 398 2327
f 3653 2333 2327
f 2333 3653 3226
f 3226 2360 2333
f 2360 3226 2359
f 2360 2359 2329
f 2359 2357 2329
f 3604 2329 2357
f 3604 3602 2329
f 3602 3641 2329
f 3222 3226 3653
f 3226 3222 3675
f 3675 2359 3226
f 2359 3675 3650
f 3654 2359 3650
f 3654 2357 2359
f 3604 2357 3654
f 44 3604 3654
f 44 3839 3604
f 3839 3602 3604
f 3602 3839 3837
f 3837 3641 3602
f 3222 3652 3675
f 3652 3650 3675
f 3650 3652 3655
f 3655 3654 3650
f 3655 3225 3654
f 3225 3220 3654
f 3220 44 3654
f 3220 3822 44
f 3839 44 3822
f 3652 3222 88
f 88 87 3652
f 87 3655 3652
f 3655 87 379
f 379 3225 3655
f 3225 379 80
f 3606 3225 80
f 3225 3606 3220
f 3606 3607 3220
f 3822 3220 3607
f 3607 3826 3822
f 3826 3839 3822
f 87 88 62
f 62 32 87
f 32 379 87
f 379 32 373
f 52 379 373
f 379 52 80
f 52 3606 80
f 3606 52 38
f 3611 3606 38
f 3606 3611 3811
f 3607 3606 3811
f 32 62 389
f 2416 32 389
f 32 2416 3832
f 3832 373 32
f 373 3832 3838
f 3831 373 3838
f 373 3831 52
f 3831 38 52
f 38 3831 3603
f 3603 3611 38
f 2416 3836 3832
f 3836 3838 3832
f 3838 3836 3833
f 3833 3831 3838
f 3831 3833 3830
f 3618 3831 3830
f 3831 3618 3603
f 3618 3812 3603
f 3611 3603 3812
f 3836 2416 2404
f 3812 3618 2408
f 2408 3608 3812
f 3608 3611 3812
f 3611 3608 3814
f 3814 3811 3611
f 3811 3814 85
f 85 3607 3811
f 3607 85 82
f 3826 3607 82
f 3608 2408 2405
f 3839 3826 3827
f 3827 3837 3839
f 3837 3827 83
f 83 314 3837
f 3641 3837 314
f 271 3641 314
f 273 271 314
f 271 273 298
f 314 83 273
f 3823 4433 3609
f 3815 3823 3609
f 3823 3815 4621
f 4430 3823 4621
f 4621 529 4430
f 589 4430 529
f 390 4621 3815
f 4621 390 4428
f 529 4621 4428
f 4428 380 529
f 588 529 380
f 588 590 529
f 590 589 529
f 589 590 584
f 589 584 587
f 808 589 587
f 390 757 4428
f 380 4428 757
f 757 778 380
f 588 380 778
f 760 588 778
f 588 760 761
f 588 761 763
f 588 763 584
f 590 588 584
f 757 390 756
f 756 3622 757
f 778 757 3622
f 3622 203 778
f 527 778 203
f 778 527 760
f 762 760 527
f 760 762 761
f 762 4342 761
f 3966 761 4342
f 761 3966 763
f 3622 756 3610
f 3610 4435 3622
f 203 3622 4435
f 4435 853 203
f 598 203 853
f 203 598 527
f 598 762 527
f 762 598 818
f 818 4357 762
f 4342 762 4357
f 4435 3610 3623
f 3623 4429 4435
f 853 4435 4429
f 4429 440 853
f 583 853 440
f 853 583 598
f 583 818 598
f 818 583 585
f 585 891 818
f 4357 818 891
f 4429 3623 3813
f 3813 3828 4429
f 440 4429 3828
f 3828 776 440
f 753 440 776
f 440 753 583
f 201 583 753
f 583 201 585
f 201 890 585
f 891 585 890
f 3828 3813 2412
f 777 3828 2412
f 3828 777 775
f 776 3828 775
f 890 201 199
f 199 492 890
f 492 891 890
f 891 492 491
f 4572 891 491
f 891 4572 4357
f 4573 4357 4572
f 4357 4573 4342
f 492 199 782
f 4380 4342 4573
f 4342 4380 3966
f 4414 3966 4380
f 3966 4414 4381
f 4381 763 3966
f 763 4381 584
f 4376 584 4381
f 584 4376 587
f 4376 808 587
f 808 4376 4379
f 4356 4381 4414
f 4381 4356 4376
f 391 4376 4356
f 4376 391 4379
f 4379 391 4341
f 391 4344 4341
f 202 759 779
f 759 202 200
f 200 781 759
f 781 200 229
f 208 229 200
f 229 208 205
f 207 205 208
f 205 207 211
f 202 208 200
f 208 202 217
f 217 207 208
f 207 217 833
f 833 204 207
f 204 211 207
f 211 204 752
f 204 764 752
f 764 204 758
f 758 1616 764
f 1616 758 1612
f 1612 1613 1616
f 204 833 210
f 210 758 204
f 758 210 755
f 755 1612 758
f 1612 755 1628
f 1628 1630 1612
f 1613 1612 1630
f 1624 1613 1630
f 1613 1624 1625
f 1615 1625 1624
f 1625 1615 1618
f 1948 1618 1615
f 1618 1948 1947
f 1630 1628 1626
f 1626 1624 1630
f 1624 1626 1663
f 1663 1615 1624
f 1615 1663 1627
f 399 1615 1627
f 1615 399 1948
f 399 1617 1948
f 1617 1947 1948
f 1947 1617 1949
f 1617 1951 1949
f 1951 1617 1619
f 1950 1951 1619
f 1951 1950 1622
f 1950 838 1622
f 1617 399 1623
f 1621 1617 1623
f 1617 1621 1619
f 1621 1950 1619
f 1950 1621 1609
f 1608 1950 1609
f 1950 1608 830
f 838 1950 830
f 830 1606 838
f 1623 399 1631
f 1632 1623 1631
f 1623 1632 1621
f 1632 1609 1621
f 1609 1632 1611
f 1608 1609 1611
f 1603 1632 1631
f 1632 1603 1620
f 1620 1611 1632
f 1611 1620 1961
f 1620 1614 1961
f 1614 1620 1968
f 1968 383 1614
f 383 1968 70
f 70 1969 383
f 1603 1968 1620
f 1968 1603 1605
f 1605 70 1968
f 70 1605 392
f 392 1960 70
f 1969 70 1960
f 1607 1969 1960
f 1969 1607 1639
f 1607 86 1639
f 86 1607 81
f 81 36 86
f 1960 392 1604
f 1604 1607 1960
f 1607 1604 1629
f 1629 81 1607
f 81 1629 84
f 39 81 84
f 81 39 37
f 36 81 37
f 2375 36 37
f 36 2375 2358
f 2375 2366 2358
f 2366 2375 2376
f 2367 2376 2375
f 2376 2367 2368
f 39 2375 37
f 2375 39 2367
f 805 791 799
f 791 805 800
f 800 792 791
f 792 800 795
f 795 804 792
f 804 795 794
f 794 754 804
f 754 794 801
f 805 806 800
f 803 800 806
f 800 803 795
f 793 795 803
f 795 793 794
f 802 794 793
f 794 802 801
f 806 805 796
f 2352 1659 1657
f 1659 2352 2330
f 2330 1635 1659
f 1635 2330 1662
f 1662 50 1635
f 50 1662 35
f 35 727 50
f 2352 2353 2330
f 1661 2330 2353
f 2330 1661 1662
f 33 1662 1661
f 1662 33 35
f 871 35 33
f 35 871 864
f 727 35 864
f 864 726 727
f 726 864 872
f 2353 2352 2328
f 864 869 872
f 869 864 871
f 2402 2365 2370
f 2365 2402 2374
f 2374 74 2365
f 74 2374 59
f 59 75 74
f 75 59 48
f 48 78 75
f 78 48 47
f 2402 2379 2374
f 49 2374 2379
f 2374 49 59
f 378 59 49
f 59 378 48
f 377 48 378
f 48 377 47
f 2379 2402 2380
f 3968 3965 3957
f 3965 3968 3959
f 3965 3959 3960
f 3970 3960 3959
f 3960 3970 3967
f 3960 3967 3980
f 3964 3959 3968
f 3959 3964 3970
f 3969 3970 3964
f 3970 3969 3967
f 3969 3980 3967
f 3980 3969 4378
f 4378 4377 3980
f 278 291 276
f 291 278 688
f 688 294 291
f 294 688 690
f 689 690 688
f 690 689 270
f 257 690 270
f 193 257 270
f 309 688 278
f 688 309 689
f 310 689 309
f 689 310 196
f 196 270 689
f 270 196 193
f 196 195 193
f 195 196 192
f 557 195 192
f 195 557 553
f 561 553 557
f 553 561 545
f 310 192 196
f 192 310 311
f 559 192 311
f 192 559 557
f 546 557 559
f 557 546 561
f 546 194 561
f 194 545 561
f 545 194 191
f 703 191 194
f 191 703 701
f 698 701 703
f 701 698 699
f 194 546 274
f 274 703 194
f 703 274 256
f 254 703 256
f 703 254 698
f 318 698 254
f 698 318 692
f 692 699 698
f 699 692 700
f 300 699 700
f 700 281 300
f 281 700 696
f 696 287 281
f 283 281 287
f 318 697 692
f 696 692 697
f 692 696 700
f 697 318 317
f 315 697 317
f 697 315 719
f 729 697 719
f 697 729 696
f 287 696 729
f 729 280 287
f 282 287 280
f 287 282 283
f 9 283 282
f 8 9 282
f 277 8 282
f 316 719 315
f 719 316 711
f 711 729 719
f 729 711 715
f 280 729 715
f 715 255 280
f 280 255 277
f 280 277 282
f 275 711 316
f 711 275 717
f 717 715 711
f 715 717 713
f 255 715 713
f 728 721 289
f 721 728 723
f 723 1548 721
f 1548 1090 721
f 1548 1089 1090
f 1089 1548 1543
f 1543 1077 1089
f 712 723 728
f 723 712 725
f 725 1544 723
f 1548 723 1544
f 1544 1543 1548
f 1543 1544 1547
f 1547 1088 1543
f 1077 1543 1088
f 1088 1074 1077
f 1074 1088 1284
f 1284 1102 1074
f 712 810 725
f 810 1556 725
f 1544 725 1556
f 1556 1547 1544
f 1547 1556 1206
f 1206 1545 1547
f 1088 1547 1545
f 1545 1284 1088
f 1284 1545 1259
f 1259 1257 1284
f 1102 1284 1257
f 1257 1254 1102
f 810 712 683
f 684 810 683
f 810 684 809
f 809 1557 810
f 1556 810 1557
f 1557 1206 1556
f 1206 1557 1073
f 1073 1072 1206
f 1545 1206 1072
f 1072 1259 1545
f 1259 1072 1353
f 1353 1096 1259
f 1257 1259 1096
f 685 809 684
f 809 685 533
f 533 1187 809
f 1557 809 1187
f 1187 1073 1557
f 1073 1187 1188
f 1049 1073 1188
f 1073 1049 1051
f 1072 1073 1051
f 1051 1353 1072
f 685 225 533
f 1592 533 225
f 533 1592 1555
f 1187 533 1555
f 1555 1188 1187
f 1188 1555 1205
f 1205 1049 1188
f 225 685 822
f 822 428 225
f 225 428 1591
f 225 1591 1592
f 1590 1592 1591
f 1592 1590 1824
f 1824 1555 1592
f 1555 1824 1205
f 1836 1205 1824
f 1205 1836 1048
f 1049 1205 1048
f 428 822 558
f 560 428 558
f 428 560 162
f 1234 428 162
f 428 1234 1195
f 428 1195 1591
f 1233 1591 1195
f 1591 1233 1590
f 1261 1590 1233
f 1590 1261 1273
f 1273 1824 1590
f 162 560 490
f 162 490 851
f 1350 162 851
f 162 1350 1234
f 1113 1234 1350
f 1234 1113 1235
f 1235 1195 1234
f 1195 1235 1233
f 1387 1233 1235
f 1233 1387 1261
f 560 288 490
f 288 836 490
f 528 490 836
f 490 528 851
f 1521 851 528
f 851 1521 1350
f 1522 1350 1521
f 1350 1522 1113
f 1552 1113 1522
f 1113 1552 1103
f 1103 1235 1113
f 1235 1103 1387
f 836 288 303
f 303 226 836
f 226 528 836
f 528 226 197
f 197 1521 528
f 1521 197 1105
f 1076 1521 1105
f 1521 1076 1522
f 1550 1522 1076
f 1522 1550 1552
f 226 303 718
f 718 730 226
f 536 226 730
f 226 536 197
f 536 1105 197
f 1105 536 1107
f 1075 1105 1107
f 1105 1075 1076
f 1086 1076 1075
f 1076 1086 1550
f 730 718 720
f 687 730 720
f 730 687 714
f 714 536 730
f 536 714 535
f 1285 536 535
f 536 1285 1107
f 1106 1107 1285
f 1107 1106 1075
f 1286 1075 1106
f 1075 1286 1086
f 1286 1553 1086
f 1553 1550 1086
f 695 714 687
f 695 716 714
f 716 535 714
f 716 1285 535
f 1285 716 1349
f 1349 1106 1285
f 1106 1349 1287
f 1287 1286 1106
f 1286 1287 1546
f 1546 1549 1286
f 1553 1286 1549
f 1098 1553 1549
f 1553 1098 1112
f 1112 1551 1553
f 1550 1553 1551
f 1551 1552 1550
f 1552 1551 1574
f 1574 1103 1552
f 1549 1546 1542
f 1542 1098 1549
f 1098 1542 1352
f 1352 1097 1098
f 1097 1112 1098
f 1112 1097 1385
f 1385 1386 1112
f 1551 1112 1386
f 1386 1574 1551
f 1574 1386 1078
f 1078 1558 1574
f 1103 1574 1558
f 1558 1387 1103
f 1097 1352 1355
f 1386 1385 1104
f 1104 1078 1386
f 1078 1104 1351
f 1351 1079 1078
f 1558 1078 1079
f 1079 1354 1558
f 1387 1558 1354
f 1354 1261 1387
f 1261 1354 1383
f 1383 1273 1261
f 1079 1351 1087
f 1087 1296 1079
f 1354 1079 1296
f 1383 1354 1296
f 1194 1383 1296
f 1569 1383 1194
f 1383 1569 1267
f 1273 1383 1267
f 1834 1273 1267
f 1834 1836 1273
f 1824 1273 1836
f 1296 1087 1264
f 1264 1297 1296
f 1297 1194 1296
f 1570 1194 1297
f 1194 1570 1569
f 1570 1083 1569
f 1331 1569 1083
f 1569 1331 1100
f 1100 1267 1569
f 1267 1100 1834
f 1377 1834 1100
f 1834 1377 1881
f 1881 1836 1834
f 1881 1048 1836
f 1881 1279 1048
f 1048 1279 1559
f 1048 1559 1049
f 1099 1100 1331
f 1100 1099 1377
f 1333 1377 1099
f 1377 1333 1340
f 1340 1881 1377
f 1881 1340 1279
f 1108 1279 1340
f 1279 1108 1559
f 1108 1560 1559
f 1560 1049 1559
f 1560 1051 1049
f 1560 1081 1051
f 1353 1051 1081
f 1101 1340 1333
f 1340 1101 1108
f 1109 1108 1101
f 1108 1109 1111
f 1560 1108 1111
f 1111 1081 1560
f 1081 1111 1080
f 1080 1353 1081
f 1353 1080 1095
f 1353 1095 1096
f 1109 1080 1111
f 1080 1109 1376
f 1376 1306 1080
f 1306 1095 1080
f 1095 1306 1329
f 1095 1329 1096
f 1329 1520 1096
f 1082 1096 1520
f 1096 1082 1257
f 1254 1257 1082
f 820 209 206
f 209 820 958
f 198 209 958
f 209 198 214
f 824 214 198
f 214 824 602
f 597 602 824
f 602 597 823
f 826 958 820
f 958 826 839
f 835 958 839
f 958 835 198
f 841 198 835
f 198 841 824
f 841 597 824
f 597 841 842
f 842 146 597
f 144 597 146
f 597 144 823
f 826 834 839
f 840 839 834
f 839 840 835
f 829 835 840
f 835 829 841
f 829 842 841
f 842 829 828
f 828 837 842
f 146 842 837
f 834 826 825
f 825 784 834
f 784 840 834
f 786 840 784
f 840 786 829
f 786 828 829
f 828 786 780
f 828 780 832
f 837 828 832
f 832 831 837
f 142 837 831
f 837 142 146
f 784 825 783
f 783 786 784
f 786 783 785
f 774 786 785
f 786 774 780
f 827 780 774
f 780 827 832
f 831 832 827
f 230 146 142
f 146 230 144
f 358 330 426
f 330 358 355
f 331 330 355
f 330 331 324
f 618 324 331
f 324 618 627
f 358 325 355
f 231 355 325
f 355 231 331
f 231 618 331
f 618 231 988
f 327 988 231
f 988 327 582
f 353 582 327
f 582 353 462
f 325 358 321
f 323 325 321
f 325 323 356
f 327 325 356
f 325 327 231
f 329 321 358
f 321 329 333
f 322 321 333
f 321 322 323
f 322 351 323
f 359 323 351
f 323 359 356
f 359 327 356
f 327 359 353
f 332 333 329
f 333 332 406
f 431 333 406
f 333 431 322
f 408 322 431
f 322 408 326
f 326 351 322
f 326 328 351
f 328 359 351
f 359 328 354
f 354 353 359
f 404 406 332
f 407 406 404
f 409 406 407
f 406 409 431
f 430 431 409
f 431 430 408
f 927 408 430
f 408 927 926
f 926 326 408
f 326 926 357
f 357 328 326
f 407 404 114
f 114 594 407
f 168 407 594
f 407 168 409
f 166 409 168
f 409 166 430
f 861 430 166
f 430 861 927
f 909 927 861
f 927 909 1122
f 1122 926 927
f 594 114 118
f 593 594 118
f 594 593 172
f 172 168 594
f 168 172 901
f 159 168 901
f 168 159 166
f 907 166 159
f 166 907 861
f 907 909 861
f 747 172 593
f 172 747 915
f 915 901 172
f 901 915 402
f 402 159 901
f 159 402 410
f 749 159 410
f 159 749 907
f 749 451 907
f 909 907 451
f 451 450 909
f 1155 909 450
f 909 1155 1122
f 451 749 111
f 111 167 451
f 450 451 167
f 167 1130 450
f 918 450 1130
f 450 918 1155
f 1184 1155 918
f 1155 1184 1124
f 1124 1122 1155
f 1122 1124 1156
f 926 1122 1156
f 167 111 478
f 411 167 478
f 167 411 1175
f 1130 167 1175
f 1175 1370 1130
f 1117 1130 1370
f 1130 1117 918
f 1255 918 1117
f 918 1255 1184
f 1185 1184 1255
f 1184 1185 1256
f 1256 1124 1184
f 1363 1175 411
f 1175 1363 1232
f 1370 1175 1232
f 1232 1527 1370
f 1369 1370 1527
f 1370 1369 1117
f 1115 1117 1369
f 1117 1115 1255
f 1422 1255 1115
f 1255 1422 1185
f 1363 1362 1232
f 1527 1232 1362
f 1362 1219 1527
f 405 1527 1219
f 1527 405 1369
f 1369 405 401
f 1369 401 1115
f 1115 401 403
f 481 1115 403
f 1115 481 1422
f 1362 1363 1526
f 1526 1126 1362
f 1219 1362 1126
f 1149 1219 1126
f 1219 1149 1148
f 469 1219 1148
f 1219 469 405
f 158 405 469
f 405 158 401
f 925 401 158
f 401 925 403
f 1126 1526 748
f 919 1126 748
f 1126 919 1149
f 919 448 1149
f 157 1149 448
f 1149 157 1148
f 465 1148 157
f 1148 465 469
f 922 469 465
f 469 922 158
f 429 158 922
f 158 429 925
f 448 919 916
f 916 156 448
f 154 448 156
f 448 154 157
f 154 465 157
f 465 154 923
f 923 922 465
f 922 923 921
f 921 429 922
f 429 921 917
f 917 477 429
f 477 925 429
f 156 916 400
f 400 432 156
f 924 156 432
f 156 924 154
f 924 923 154
f 923 924 928
f 928 921 923
f 921 928 920
f 920 917 921
f 917 920 479
f 479 468 917
f 477 917 468
f 432 400 746
f 468 479 475
f 475 137 468
f 468 137 152
f 844 468 152
f 468 844 477
f 844 476 477
f 925 477 476
f 476 403 925
f 475 138 137
f 403 476 481
f 480 481 476
f 481 480 337
f 337 1422 481
f 1422 337 336
f 336 1185 1422
f 1185 336 474
f 474 1256 1185
f 476 844 480
f 334 480 844
f 480 334 471
f 471 337 480
f 337 471 472
f 849 337 472
f 337 849 336
f 849 474 336
f 474 849 848
f 848 473 474
f 1256 474 473
f 152 334 844
f 334 152 335
f 152 470 335
f 470 152 136
f 152 137 136
f 473 848 338
f 338 346 473
f 361 473 346
f 473 361 1256
f 1124 1256 361
f 361 1156 1124
f 1156 361 363
f 363 926 1156
f 346 338 366
f 366 234 346
f 363 346 234
f 346 363 361
f 234 366 347
f 350 234 347
f 234 350 235
f 235 363 234
f 363 235 357
f 926 363 357
f 350 352 235
f 235 352 357
f 352 328 357
f 354 328 352
f 349 354 352
f 354 349 360
f 353 354 360
f 462 353 360
f 352 350 349
f 621 462 360
f 462 621 622
f 119 342 164
f 342 119 645
f 342 645 343
f 343 645 341
f 341 177 343
f 177 341 180
f 180 912 177
f 119 122 645
f 341 645 122
f 122 577 341
f 341 577 976
f 976 180 341
f 180 976 130
f 130 439 180
f 912 180 439
f 439 911 912
f 122 119 977
f 120 122 977
f 122 120 577
f 123 577 120
f 577 123 124
f 976 577 124
f 646 976 124
f 121 976 646
f 121 126 976
f 976 126 130
f 977 623 120
f 623 123 120
f 123 623 636
f 636 416 123
f 416 124 123
f 124 416 646
f 416 179 646
f 121 646 179
f 121 179 128
f 121 128 647
f 647 126 121
f 623 977 930
f 930 933 623
f 625 623 933
f 623 625 636
f 625 617 636
f 416 636 617
f 617 109 416
f 179 416 109
f 461 179 109
f 179 461 128
f 461 127 128
f 647 128 127
f 933 930 929
f 616 617 625
f 616 232 617
f 109 617 232
f 108 109 232
f 109 108 461
f 105 461 108
f 461 105 339
f 127 461 339
f 616 108 232
f 412 108 616
f 105 108 412
f 412 460 105
f 242 105 460
f 105 242 339
f 242 186 339
f 186 181 339
f 181 127 339
f 127 181 975
f 131 127 975
f 127 131 647
f 104 460 412
f 110 460 104
f 241 460 110
f 460 241 242
f 241 973 242
f 186 242 973
f 186 973 182
f 182 488 186
f 181 186 488
f 488 648 181
f 648 975 181
f 104 243 110
f 372 110 243
f 110 372 241
f 652 241 372
f 241 652 649
f 973 241 649
f 971 973 649
f 182 973 971
f 1231 243 104
f 1231 244 243
f 107 243 244
f 243 107 372
f 223 372 107
f 372 223 652
f 187 652 223
f 187 971 652
f 652 971 649
f 1231 1368 244
f 370 244 1368
f 244 370 107
f 1008 107 370
f 107 1008 237
f 237 238 107
f 238 223 107
f 223 238 112
f 112 187 223
f 1231 1173 1368
f 1368 1173 103
f 106 1368 103
f 1368 106 370
f 1529 370 106
f 370 1529 1008
f 1380 1008 1529
f 1380 674 1008
f 1008 674 237
f 674 362 237
f 238 237 362
f 1173 1114 103
f 1114 106 103
f 106 1114 417
f 417 1529 106
f 1529 417 1430
f 1380 1529 1430
f 1380 1430 1423
f 1423 1424 1380
f 1424 674 1380
f 1421 1114 1173
f 1421 1116 1114
f 1116 417 1114
f 417 1116 1428
f 1428 1430 417
f 1430 1428 635
f 1423 1430 635
f 635 633 1423
f 634 1423 633
f 1423 634 1381
f 1423 1381 1424
f 91 1116 1421
f 1116 91 1427
f 1427 1428 1116
f 1428 1427 1429
f 986 1428 1429
f 1428 986 635
f 633 635 986
f 986 979 633
f 633 979 420
f 420 634 633
f 91 1426 1427
f 1425 1427 1426
f 1427 1425 1429
f 1425 579 1429
f 579 986 1429
f 986 579 979
f 643 979 579
f 979 643 581
f 420 979 581
f 1426 91 368
f 368 989 1426
f 990 1426 989
f 1426 990 1425
f 578 1425 990
f 1425 578 245
f 579 1425 245
f 644 579 245
f 579 644 643
f 989 368 340
f 369 989 340
f 989 369 932
f 932 990 989
f 990 932 580
f 580 578 990
f 578 580 629
f 629 978 578
f 978 245 578
f 245 978 644
f 367 932 369
f 932 367 371
f 371 580 932
f 580 371 628
f 628 629 580
f 629 628 624
f 624 125 629
f 978 629 125
f 125 624 165
f 634 420 980
f 980 985 634
f 1379 634 985
f 634 1379 1381
f 1424 1381 1379
f 985 980 982
f 982 640 985
f 433 985 640
f 985 433 1379
f 1528 1379 433
f 1431 1379 1528
f 1424 1379 1431
f 1431 676 1424
f 1424 676 239
f 1424 239 674
f 640 982 981
f 981 983 640
f 942 640 983
f 640 942 433
f 1528 433 942
f 1528 942 100
f 100 613 1528
f 1528 613 455
f 1528 455 676
f 1528 676 1431
f 983 981 638
f 638 639 983
f 948 983 639
f 983 948 942
f 948 100 942
f 100 948 1007
f 1007 613 100
f 613 1007 1006
f 1006 661 613
f 611 613 661
f 613 611 455
f 639 638 984
f 984 1406 639
f 1401 639 1406
f 639 1401 948
f 1403 948 1401
f 948 1403 1007
f 1403 1006 1007
f 1006 1403 1172
f 1172 345 1006
f 661 1006 345
f 1406 984 1147
f 1142 1406 1147
f 1406 1142 1407
f 1420 1406 1407
f 1406 1420 1401
f 1402 1401 1420
f 1401 1402 1403
f 1402 1172 1403
f 1172 1402 677
f 677 348 1172
f 345 1172 348
f 1142 1138 1407
f 1134 1407 1138
f 1407 1134 1420
f 1134 1402 1420
f 1402 1134 609
f 609 677 1402
f 677 609 608
f 608 510 677
f 348 677 510
f 1138 1142 94
f 510 608 1002
f 1003 510 1002
f 510 1003 508
f 507 510 508
f 510 507 348
f 963 348 507
f 348 963 345
f 659 345 963
f 345 659 661
f 612 661 659
f 661 612 611
f 423 611 612
f 611 423 240
f 240 455 611
f 455 240 676
f 365 676 240
f 676 365 239
f 506 239 365
f 239 506 674
f 423 365 240
f 365 423 505
f 505 506 365
f 506 505 509
f 236 506 509
f 506 236 362
f 362 674 506
f 364 362 236
f 362 364 238
f 467 238 364
f 238 467 112
f 113 112 467
f 112 113 466
f 187 112 466
f 519 187 466
f 187 519 656
f 656 1021 187
f 187 1021 971
f 971 1021 182
f 453 466 113
f 466 453 519
f 503 519 453
f 519 503 500
f 500 656 519
f 656 500 501
f 501 1021 656
f 501 1020 1021
f 1024 1021 1020
f 1022 1021 1024
f 182 1021 1022
f 502 500 503
f 500 502 511
f 485 500 511
f 500 485 501
f 485 188 501
f 501 188 1020
f 188 1024 1020
f 188 650 1024
f 190 1024 650
f 1024 190 651
f 651 1022 1024
f 502 965 511
f 219 511 965
f 511 219 485
f 219 188 485
f 221 188 219
f 972 188 221
f 972 650 188
f 222 650 972
f 650 222 190
f 222 218 190
f 218 651 190
f 965 502 1000
f 102 965 1000
f 965 102 657
f 524 965 657
f 965 524 219
f 524 221 219
f 221 524 949
f 997 221 949
f 221 997 972
f 615 972 997
f 972 615 222
f 615 454 222
f 218 222 454
f 658 657 102
f 657 658 964
f 964 524 657
f 524 964 93
f 444 524 93
f 524 444 949
f 444 997 949
f 997 444 443
f 463 997 443
f 997 463 615
f 463 998 615
f 454 615 998
f 523 964 658
f 964 523 504
f 966 964 504
f 964 966 93
f 499 93 966
f 93 499 444
f 499 443 444
f 443 499 969
f 655 443 969
f 443 655 463
f 523 664 504
f 537 504 664
f 504 537 966
f 537 499 966
f 499 537 520
f 498 499 520
f 499 498 969
f 967 969 498
f 969 967 655
f 967 514 655
f 514 463 655
f 664 523 515
f 514 967 513
f 463 514 459
f 998 463 459
f 651 218 220
f 220 1023 651
f 1022 651 1023
f 1023 182 1022
f 182 1023 183
f 488 182 183
f 183 489 488
f 648 488 489
f 1023 220 1025
f 414 1023 1025
f 1023 414 183
f 489 183 414
f 975 648 184
f 184 131 975
f 344 131 184
f 344 974 131
f 178 131 974
f 131 178 647
f 647 178 126
f 344 184 413
f 413 185 344
f 974 344 185
f 185 129 974
f 422 974 129
f 974 422 178
f 126 178 422
f 126 422 1014
f 908 126 1014
f 130 126 908
f 439 130 908
f 185 413 424
f 424 132 185
f 129 185 132
f 672 129 132
f 672 605 129
f 673 129 605
f 129 673 422
f 673 671 422
f 422 671 1014
f 1014 671 908
f 132 424 425
f 672 132 425
f 497 605 672
f 605 497 968
f 526 605 968
f 605 526 673
f 526 671 673
f 171 671 526
f 438 671 171
f 863 671 438
f 908 671 863
f 497 654 968
f 522 968 654
f 968 522 526
f 522 171 526
f 171 522 117
f 902 171 117
f 171 902 438
f 902 606 438
f 606 863 438
f 863 606 906
f 906 908 863
f 908 906 439
f 654 497 521
f 521 494 654
f 227 654 494
f 654 227 522
f 495 522 227
f 522 495 117
f 495 902 117
f 902 495 496
f 496 653 902
f 606 902 653
f 653 604 606
f 604 906 606
f 494 521 525
f 668 494 525
f 494 668 1018
f 1035 494 1018
f 494 1035 227
f 1026 227 1035
f 227 1026 495
f 573 495 1026
f 495 573 496
f 573 189 496
f 653 496 189
f 189 224 653
f 604 653 224
f 189 573 574
f 669 189 574
f 189 669 970
f 224 189 970
f 906 604 911
f 911 439 906
f 97 1176 98
f 1176 97 1139
f 1229 1176 1139
f 1176 1229 1133
f 1537 1133 1229
f 1133 1537 1416
f 1413 1416 1537
f 1416 1413 1412
f 95 1139 97
f 1139 95 1140
f 1140 1229 1139
f 1229 1140 1132
f 1132 1537 1229
f 1537 1132 1230
f 1230 1413 1537
f 1413 1230 101
f 434 1413 101
f 1413 434 99
f 99 1412 1413
f 1412 99 1001
f 601 1001 99
f 1001 601 894
f 750 894 601
f 894 750 600
f 678 99 434
f 99 678 601
f 681 601 678
f 601 681 750
f 681 215 750
f 215 600 750
f 600 215 895
f 595 895 215
f 895 595 212
f 595 418 212
f 215 681 596
f 596 595 215
f 595 596 599
f 599 139 595
f 418 595 139
f 897 418 139
f 418 897 216
f 216 751 418
f 216 680 751
f 680 881 751
f 139 599 679
f 679 897 139
f 897 679 233
f 855 897 233
f 897 855 213
f 896 897 213
f 897 896 216
f 680 216 896
f 887 680 896
f 680 887 886
f 886 882 680
f 881 680 882
f 732 881 882
f 881 732 883
f 855 447 213
f 447 896 213
f 896 447 887
f 447 885 887
f 885 886 887
f 447 855 856
f 446 447 856
f 447 446 141
f 885 447 141
f 737 885 141
f 885 737 731
f 742 731 737
f 731 742 709
f 708 709 742
f 709 708 740
f 743 141 446
f 141 743 737
f 738 737 743
f 737 738 742
f 739 742 738
f 742 739 708
f 741 708 739
f 708 741 707
f 707 740 708
f 740 707 427
f 744 427 707
f 427 744 1011
f 878 1011 744
f 1011 878 1012
f 710 707 741
f 707 710 744
f 1013 744 710
f 744 1013 878
f 880 878 1013
f 878 880 745
f 745 1012 878
f 1012 745 879
f 576 879 745
f 879 576 555
f 576 562 555
f 562 576 790
f 576 1017 790
f 1016 745 880
f 745 1016 576
f 1017 576 1016
f 882 886 888
f 733 882 888
f 882 733 732
f 421 732 733
f 732 421 415
f 415 883 732
f 883 415 419
f 735 419 415
f 419 735 736
f 884 736 735
f 736 884 893
f 892 415 421
f 415 892 735
f 892 884 735
f 884 892 734
f 614 884 734
f 884 614 999
f 999 893 884
f 893 999 610
f 999 992 610
f 992 999 620
f 541 992 620
f 992 541 772
f 464 999 614
f 999 464 620
f 464 541 620
f 541 464 1040
f 543 541 1040
f 541 543 773
f 773 772 541
f 772 773 770
f 859 858 873
f 858 859 870
f 876 858 870
f 858 876 875
f 1004 870 859
f 870 1004 874
f 938 870 874
f 870 938 876
f 877 874 1004
f 874 877 939
f 1005 874 939
f 874 1005 938
f 176 939 877
f 939 176 175
f 174 939 175
f 939 174 1005
f 789 769 788
f 769 789 1032
f 768 769 1032
f 769 768 1028
f 670 1032 789
f 1032 670 1015
f 554 1032 1015
f 1032 554 768
f 442 1015 670
f 1015 442 90
f 92 1015 90
f 1015 92 554
f 682 90 442
f 90 682 1151
f 1166 90 1151
f 90 1166 92
f 572 1151 682
f 1151 572 1128
f 1158 1151 1128
f 1151 1158 1166
f 540 516 539
f 516 540 666
f 1038 516 666
f 516 1038 1037
f 445 666 540
f 666 445 995
f 954 666 995
f 666 954 1038
f 456 995 445
f 995 456 945
f 955 995 945
f 995 955 954
f 993 945 456
f 945 993 944
f 950 945 944
f 945 950 955
f 637 630 935
f 630 637 987
f 987 936 630
f 936 987 631
f 631 632 936
f 632 631 641
f 934 632 641
f 632 934 931
f 637 642 987
f 631 987 642
f 642 641 631
f 642 934 641
f 931 934 626
f 567 116 913
f 116 567 547
f 547 899 116
f 899 547 571
f 941 899 571
f 899 941 115
f 941 904 115
f 3252 547 567
f 547 3252 3253
f 3253 571 547
f 571 3253 1454
f 1454 941 571
f 941 1454 1453
f 1453 675 941
f 904 941 675
f 675 905 904
f 3252 567 3284
f 3293 3252 3284
f 3252 3293 3275
f 3275 3253 3252
f 3253 3275 3281
f 3281 1454 3253
f 1454 3281 1485
f 1485 1453 1454
f 1453 1485 3150
f 3150 1487 1453
f 675 1453 1487
f 1487 1009 675
f 905 675 1009
f 1538 3275 3293
f 3275 1538 1477
f 1477 3281 3275
f 3281 1477 3274
f 3274 1485 3281
f 1485 3274 1482
f 1482 3150 1485
f 3150 1482 1481
f 3149 3150 1481
f 3150 3149 1449
f 1487 3150 1449
f 1475 1477 1538
f 1477 1475 1476
f 1476 3274 1477
f 3274 1476 3776
f 3776 1482 3274
f 1482 3776 3751
f 3751 1481 1482
f 1481 3751 3208
f 1451 1481 3208
f 1451 3149 1481
f 3775 1476 1475
f 1476 3775 3753
f 3753 3776 1476
f 3776 3753 3207
f 3751 3776 3207
f 3751 3207 3779
f 3777 3751 3779
f 3751 3777 3208
f 3192 3208 3777
f 3208 3192 1451
f 3755 3753 3775
f 3753 3755 3774
f 3774 3207 3753
f 3207 3774 3750
f 2764 3207 3750
f 3779 3207 2764
f 3216 3779 2764
f 3779 3216 3777
f 3217 3777 3216
f 3218 3777 3217
f 3777 3218 3192
f 3218 3757 3192
f 3757 1451 3192
f 1451 3757 1452
f 1451 1452 3149
f 1293 3149 1452
f 1486 3149 1293
f 3149 1486 1449
f 3757 3218 3756
f 3756 3746 3757
f 2770 3757 3746
f 3757 2770 1452
f 1293 1452 2770
f 3734 1293 2770
f 3734 3717 1293
f 3717 1486 1293
f 1486 3717 3702
f 3702 1456 1486
f 1456 1449 1486
f 1449 1456 1487
f 3746 3756 3745
f 3745 3190 3746
f 3734 3746 3190
f 3746 3734 2770
f 3190 3745 3758
f 3758 3778 3190
f 3718 3190 3778
f 3190 3718 3734
f 3734 3718 3717
f 3718 3478 3717
f 3478 3702 3717
f 3702 3478 3695
f 3695 3698 3702
f 1456 3702 3698
f 3698 1009 1456
f 1009 1487 1456
f 3778 3758 3191
f 3191 1238 3778
f 3477 3778 1238
f 3778 3477 3718
f 3718 3477 3478
f 2819 3478 3477
f 3478 2819 3747
f 3747 3695 3478
f 3695 3747 3773
f 3773 3700 3695
f 3698 3695 3700
f 1238 3191 3749
f 1223 1238 3749
f 1223 1221 1238
f 2819 1238 1221
f 1238 2819 3477
f 1221 1223 3770
f 3770 3766 1221
f 1221 3766 2819
f 2819 3766 3748
f 3748 3747 2819
f 3747 3748 3193
f 3193 3773 3747
f 3773 3193 3768
f 3768 3765 3773
f 3700 3773 3765
f 3767 3766 3770
f 3259 3766 3767
f 3766 3259 1490
f 1490 3748 3766
f 3748 1490 1459
f 1459 3193 3748
f 3193 1459 3156
f 3156 3768 3193
f 3768 3156 3155
f 3155 3769 3768
f 3765 3768 3769
f 3769 1198 3765
f 1198 3700 3765
f 3243 1490 3259
f 1490 3243 1488
f 1488 1459 1490
f 1459 1488 1455
f 1455 3156 1459
f 3156 1455 1457
f 1457 3155 3156
f 3155 1457 3325
f 3325 3324 3155
f 3769 3155 3324
f 3324 1186 3769
f 1198 3769 1186
f 3248 1488 3243
f 1488 3248 3195
f 3195 1455 1488
f 1455 3195 1479
f 1479 1457 1455
f 1457 1479 1489
f 1489 3325 1457
f 3325 1489 1460
f 1460 3285 3325
f 3324 3325 3285
f 3285 1163 3324
f 1186 3324 1163
f 3196 3195 3248
f 3195 3196 3194
f 3194 1479 3195
f 1479 3194 1478
f 1478 1489 1479
f 1489 1478 1491
f 1491 1460 1489
f 1460 1491 1458
f 1458 3286 1460
f 3285 1460 3286
f 3197 3194 3196
f 3194 3197 3754
f 3754 1478 3194
f 1478 3754 1492
f 1474 1478 1492
f 1478 1474 1491
f 1474 1458 1491
f 1458 1474 3251
f 3251 3316 1458
f 3286 1458 3316
f 3197 3752 3754
f 1461 3754 3752
f 3754 1461 1492
f 1462 1492 1461
f 1492 1462 1474
f 3315 1474 1462
f 1474 3315 3251
f 3254 3251 3315
f 3251 3254 3260
f 3316 3251 3260
f 3752 3197 2818
f 570 3260 3254
f 3260 570 568
f 1010 3260 568
f 3260 1010 3316
f 1010 3286 3316
f 3286 1010 1226
f 1226 3285 3286
f 3285 1226 1227
f 1163 3285 1227
f 570 900 568
f 900 1010 568
f 1010 900 940
f 1131 1010 940
f 1010 1131 1226
f 1131 1227 1226
f 1227 1131 1228
f 1164 1227 1228
f 1227 1164 1163
f 1186 1163 1164
f 910 900 570
f 910 449 900
f 449 940 900
f 940 449 173
f 493 940 173
f 940 493 1131
f 155 1131 493
f 1131 155 1228
f 914 1228 155
f 1228 914 1164
f 1258 1164 914
f 1186 1164 1258
f 1258 1198 1186
f 1198 1258 1266
f 1174 1198 1266
f 1198 1174 1129
f 1129 3700 1198
f 1129 3698 3700
f 1009 3698 1129
f 1129 905 1009
f 905 1129 1174
f 1419 1418 1411
f 1418 1419 1417
f 1417 134 1418
f 134 1417 441
f 135 134 441
f 134 135 143
f 435 143 135
f 143 435 436
f 1419 1136 1417
f 133 1417 1136
f 1417 133 441
f 140 441 133
f 441 140 135
f 435 135 140
f 140 96 435
f 96 436 435
f 436 96 607
f 96 437 607
f 1136 1419 1137
f 1137 1410 1136
f 847 1136 1410
f 1136 847 133
f 854 133 847
f 133 854 140
f 96 140 854
f 846 96 854
f 96 846 937
f 437 96 937
f 937 153 437
f 1410 1137 1409
f 1409 1408 1410
f 1408 847 1410
f 847 1408 845
f 845 854 847
f 854 845 846
f 150 846 845
f 846 150 145
f 846 145 937
f 153 937 145
f 145 151 153
f 151 145 150
f 150 1135 151
f 1408 1409 1536
f 1145 1408 1536
f 1408 1145 1144
f 1144 845 1408
f 845 1144 150
f 1135 150 1144
f 1144 1141 1135
f 1141 1144 1145
f 1270 1061 1046
f 1061 1822 1046
f 1822 1053 1046
f 1053 1822 1596
f 1586 1053 1596
f 1053 1586 1373
f 1589 1053 1373
f 1053 1589 1600
f 1822 1061 1587
f 1587 1821 1822
f 1826 1822 1821
f 1822 1826 1596
f 1585 1596 1826
f 1596 1585 1586
f 1597 1586 1585
f 1586 1597 1601
f 1601 1373 1586
f 1054 1587 1061
f 1587 1054 1823
f 1823 1827 1587
f 1821 1587 1827
f 1827 1853 1821
f 1851 1821 1853
f 1821 1851 1826
f 1852 1826 1851
f 1826 1852 1585
f 1295 1054 1061
f 1295 1298 1054
f 1298 1823 1054
f 1823 1298 1575
f 1575 1588 1823
f 1827 1823 1588
f 1588 1890 1827
f 1853 1827 1890
f 1890 1854 1853
f 1884 1853 1854
f 1853 1884 1851
f 1298 1295 1252
f 1253 1298 1252
f 1298 1253 1357
f 1357 1575 1298
f 1575 1357 1327
f 1327 1577 1575
f 1588 1575 1577
f 1577 1886 1588
f 1890 1588 1886
f 1252 1295 1121
f 1121 1365 1252
f 1365 1253 1252
f 1253 1365 1250
f 1250 1367 1253
f 1367 1357 1253
f 1357 1367 1192
f 1192 1327 1357
f 1203 1121 1295
f 1121 1203 1224
f 1118 1121 1224
f 1121 1118 1225
f 1365 1121 1225
f 1224 1314 1118
f 1314 1224 1315
f 1315 2296 1314
f 2296 1315 1918
f 1918 1916 2296
f 1916 1918 2298
f 2298 1832 1916
f 1224 1070 1315
f 1041 1315 1070
f 1328 1315 1041
f 1348 1315 1328
f 1315 1348 1918
f 1070 1524 1041
f 1328 1041 1524
f 1278 1328 1524
f 1328 1278 1348
f 1565 1524 1070
f 1524 1565 1336
f 1278 1524 1336
f 1336 1593 1278
f 1600 1593 1336
f 1600 1589 1593
f 1832 2298 1833
f 1833 1531 1832
f 1531 1833 1530
f 1530 1218 1531
f 1218 1530 1216
f 1216 1317 1218
f 1317 1216 1220
f 1220 1217 1317
f 1307 1530 1833
f 1530 1307 1342
f 1307 1830 1342
f 1829 1342 1830
f 1829 1830 1888
f 1525 1829 1888
f 1888 1064 1525
f 1064 1888 1598
f 1598 1303 1064
f 1303 1598 1092
f 1092 1535 1303
f 1888 1830 1887
f 1887 1598 1888
f 1305 1598 1887
f 1305 1092 1598
f 1092 1305 1373
f 1373 1601 1092
f 1535 1092 1601
f 1601 1602 1535
f 1371 1535 1602
f 1535 1371 1390
f 1390 1062 1535
f 1346 1062 1390
f 1062 1346 1044
f 1602 1601 1597
f 1597 1093 1602
f 1093 1371 1602
f 1371 1093 1059
f 1059 1263 1371
f 1346 1371 1263
f 1371 1346 1390
f 1093 1597 1396
f 1396 2057 1093
f 2057 1059 1093
f 1059 2057 2519
f 2519 1110 1059
f 1263 1059 1110
f 1110 1197 1263
f 1262 1263 1197
f 1263 1262 1346
f 1585 1396 1597
f 1396 1585 1852
f 1852 1534 1396
f 1534 2056 1396
f 2057 1396 2056
f 2056 2016 2057
f 1677 2057 2016
f 2057 1677 2519
f 1738 2519 1677
f 2519 1738 2019
f 1110 2519 2019
f 1534 1852 1861
f 1861 1415 1534
f 1415 2060 1534
f 1534 2060 2056
f 2060 1997 2056
f 2016 2056 1997
f 1997 2033 2016
f 1679 2016 2033
f 2016 1679 1677
f 1851 1861 1852
f 1861 1851 1884
f 1884 1875 1861
f 1415 1861 1875
f 1875 1849 1415
f 1849 1260 1415
f 1415 1260 1946
f 1415 1946 2060
f 1946 1986 2060
f 1997 2060 1986
f 1986 1992 1997
f 2033 1997 1992
f 1875 1884 1859
f 1859 1849 1875
f 1849 1859 1850
f 1882 1849 1850
f 1849 1882 1837
f 1849 1837 1260
f 1854 1859 1884
f 1859 1854 1883
f 1883 1850 1859
f 1850 1883 1848
f 1889 1850 1848
f 1850 1889 1882
f 1889 1846 1882
f 1835 1882 1846
f 1324 1882 1835
f 1882 1324 1837
f 1885 1883 1854
f 1883 1885 1876
f 1876 1848 1883
f 1848 1876 1874
f 1874 1889 1848
f 1889 1874 1847
f 1847 1846 1889
f 1854 1890 1885
f 1886 1885 1890
f 1885 1886 1877
f 1877 1876 1885
f 1876 1877 1863
f 1863 1874 1876
f 1874 1863 1891
f 1873 1874 1891
f 1874 1873 1847
f 1893 1847 1873
f 1847 1893 1828
f 1846 1847 1828
f 1576 1877 1886
f 1877 1576 1825
f 1825 1863 1877
f 1863 1825 1855
f 1855 1891 1863
f 1891 1855 1858
f 1858 1873 1891
f 1873 1858 1856
f 1856 1893 1873
f 1886 1577 1576
f 1326 1576 1577
f 1576 1326 1578
f 1578 1825 1576
f 1825 1578 1581
f 1581 1855 1825
f 1855 1581 1866
f 1857 1855 1866
f 1855 1857 1858
f 1860 1858 1857
f 1858 1860 1856
f 1577 1327 1326
f 1272 1326 1327
f 1326 1272 1281
f 1281 1578 1326
f 1578 1281 1595
f 1595 1581 1578
f 1581 1595 1820
f 1582 1581 1820
f 1581 1582 1866
f 1579 1866 1582
f 1866 1579 1857
f 1327 1192 1272
f 1043 1272 1192
f 1272 1043 1358
f 1358 1281 1272
f 1281 1358 1282
f 1282 1595 1281
f 1595 1282 1584
f 1594 1595 1584
f 1595 1594 1820
f 1580 1820 1594
f 1820 1580 1582
f 1367 1043 1192
f 1043 1367 1246
f 1246 1554 1043
f 1554 1358 1043
f 1358 1554 1280
f 1361 1358 1280
f 1358 1361 1282
f 1047 1282 1361
f 1282 1047 1584
f 1374 1584 1047
f 1584 1374 1594
f 1367 1366 1246
f 1366 1245 1246
f 1554 1246 1245
f 1245 1283 1554
f 1283 1280 1554
f 1280 1283 1322
f 1359 1280 1322
f 1280 1359 1361
f 1069 1361 1359
f 1361 1069 1047
f 1366 1367 1251
f 1367 1250 1251
f 1245 1366 1243
f 1243 1320 1245
f 1283 1245 1320
f 1320 1375 1283
f 1311 1283 1375
f 1283 1311 1322
f 1120 1322 1311
f 1322 1120 1359
f 1057 1359 1120
f 1359 1057 1069
f 1320 1243 1318
f 1318 1382 1320
f 1375 1320 1382
f 1382 1091 1375
f 1312 1375 1091
f 1375 1312 1311
f 1394 1311 1312
f 1311 1394 1120
f 1056 1120 1394
f 1120 1056 1057
f 1382 1318 1067
f 1067 1071 1382
f 1091 1382 1071
f 1071 1067 1193
f 1992 1986 1680
f 1680 1986 1737
f 1680 1737 1734
f 2520 1734 1737
f 2520 1181 1734
f 2520 1189 1181
f 1189 2520 1191
f 1191 1240 1189
f 1946 1737 1986
f 1678 1737 1946
f 1678 2520 1737
f 2520 1678 1183
f 2520 1183 1191
f 1247 1191 1183
f 1240 1191 1247
f 1179 1240 1247
f 1240 1179 1178
f 1323 1178 1179
f 1178 1323 1180
f 1260 1678 1946
f 1260 1183 1678
f 1183 1260 1182
f 1179 1183 1182
f 1183 1179 1247
f 1837 1182 1260
f 1182 1837 1324
f 1324 1179 1182
f 1179 1324 1323
f 1835 1323 1324
f 1323 1835 1325
f 1248 1323 1325
f 1323 1248 1180
f 1831 1325 1835
f 1325 1831 1341
f 1249 1325 1341
f 1325 1249 1248
f 1846 1831 1835
f 1846 1845 1831
f 2528 1831 1845
f 1831 2528 1341
f 1341 2528 2530
f 1341 2530 1177
f 1341 1177 1249
f 1845 1846 1828
f 1893 1845 1828
f 1845 1893 1739
f 1739 2528 1845
f 2528 1739 2031
f 2530 2528 2031
f 2530 2031 1308
f 1308 1241 2530
f 2530 1241 1177
f 1892 1739 1893
f 1739 1892 2002
f 2002 2031 1739
f 2031 2002 2001
f 2001 1308 2031
f 1308 2001 1309
f 1309 1310 1308
f 1241 1308 1310
f 1893 1856 1892
f 1860 1892 1856
f 1892 1860 1872
f 1993 1892 1872
f 1892 1993 2002
f 1994 2002 1993
f 2002 1994 2001
f 2001 1994 1343
f 2001 1343 1309
f 1343 1397 1309
f 1310 1309 1397
f 1860 1265 1872
f 2531 1872 1265
f 1872 2531 1993
f 2569 1993 2531
f 1993 2569 1994
f 2517 1994 2569
f 1242 1994 2517
f 1994 1242 1343
f 1242 1201 1343
f 1397 1343 1201
f 1265 1860 1190
f 1190 1196 1265
f 1987 1265 1196
f 1265 1987 2531
f 2570 2531 1987
f 2531 2570 2569
f 2518 2569 2570
f 2569 2518 2517
f 1857 1190 1860
f 1190 1857 1579
f 1579 1364 1190
f 1196 1190 1364
f 1364 1378 1196
f 1989 1196 1378
f 1196 1989 1987
f 1988 1987 1989
f 1987 1988 2570
f 2525 2570 1988
f 2570 2525 2518
f 1364 1579 1583
f 1583 1356 1364
f 1378 1364 1356
f 1356 1339 1378
f 1665 1378 1339
f 1378 1665 1989
f 1665 1988 1989
f 1988 1665 2565
f 2527 1988 2565
f 1988 2527 2525
f 1582 1583 1579
f 1583 1582 1580
f 1580 1300 1583
f 1356 1583 1300
f 1300 1332 1356
f 1339 1356 1332
f 1332 1665 1339
f 1665 1332 1666
f 1666 2565 1665
f 2565 1666 1664
f 1664 2527 2565
f 2527 1664 1914
f 2038 1914 1664
f 1914 2038 1944
f 1300 1580 1299
f 1299 1094 1300
f 1332 1300 1094
f 1094 1666 1332
f 1666 1094 2037
f 2037 1664 1666
f 1664 2037 2038
f 2059 2038 2037
f 2038 2059 2061
f 2061 1944 2038
f 1944 2061 2194
f 1594 1299 1580
f 1299 1594 1374
f 1374 1068 1299
f 1094 1299 1068
f 1068 2037 1094
f 2037 1068 2059
f 1330 2059 1068
f 2059 1330 2058
f 2058 2061 2059
f 2061 2058 2567
f 2567 2194 2061
f 2194 2567 2529
f 2568 2529 2567
f 2529 2568 2524
f 1068 1374 1330
f 1047 1330 1374
f 1330 1047 1069
f 1069 2058 1330
f 2058 1069 2521
f 2521 2567 2058
f 2567 2521 2568
f 2526 2568 2521
f 2568 2526 2566
f 2566 2524 2568
f 2524 2566 2193
f 2566 1667 2193
f 1667 2566 1942
f 2566 1941 1942
f 1057 2521 1069
f 2521 1057 2526
f 1056 2526 1057
f 2526 1056 1941
f 1941 2566 2526
f 1275 2525 2527
f 2525 1275 1268
f 2518 2525 1268
f 2518 1268 1271
f 2518 1271 1344
f 1344 2517 2518
f 2517 1344 1274
f 1242 2517 1274
f 1268 1275 1391
f 1389 1268 1391
f 1268 1389 1384
f 1384 1271 1268
f 1271 1384 1276
f 1345 1271 1276
f 1271 1345 1344
f 1244 1344 1345
f 1344 1244 1274
f 1277 1274 1244
f 1274 1277 1242
f 1201 1242 1277
f 1990 1677 1679
f 1677 1990 1738
f 1990 2030 1738
f 2026 1738 2030
f 1738 2026 2019
f 1060 2019 2026
f 2019 1060 1110
f 1197 1110 1060
f 2030 1990 1996
f 1996 2032 2030
f 2017 2030 2032
f 2030 2017 2026
f 1052 2026 2017
f 2026 1052 1060
f 1532 1060 1052
f 1060 1532 1197
f 1533 1197 1532
f 1197 1533 1262
f 2032 1996 1998
f 1998 2018 2032
f 2018 2017 2032
f 2017 2018 2000
f 1055 2017 2000
f 2017 1055 1052
f 1119 1052 1055
f 1052 1119 1532
f 1313 1532 1119
f 1532 1313 1533
f 2018 1998 1995
f 1995 1999 2018
f 1999 2000 2018
f 2000 1999 1943
f 1304 2000 1943
f 2000 1304 1055
f 1395 1055 1304
f 1055 1395 1119
f 1414 1119 1395
f 1119 1414 1313
f 1999 1995 1991
f 1302 1313 1414
f 1313 1302 1301
f 1301 1533 1313
f 1533 1301 1372
f 1372 1262 1533
f 1262 1372 1045
f 1045 1346 1262
f 1346 1045 1044
f 1360 1301 1302
f 1301 1360 1388
f 1388 1372 1301
f 1372 1388 1404
f 1404 1045 1372
f 1045 1404 1316
f 1316 1044 1045
f 1044 1316 1042
f 1220 1042 1316
f 1220 1213 1042
f 1321 1388 1360
f 1388 1321 1319
f 1319 1404 1388
f 1404 1319 1405
f 1217 1404 1405
f 1404 1217 1316
f 1217 1220 1316
f 1213 1220 1216
f 1216 1214 1213
f 1214 1216 1530
f 1347 1563 1913
f 1913 1563 1915
f 1915 1945 1913
f 1917 1945 1915
f 1564 1915 1563
f 1211 1212 1200
f 1523 1212 1211
f 1523 1561 1212
f 1561 1523 1065
f 1065 1084 1561
f 1084 1065 1058
f 1058 1065 1066
f 1058 1066 1446
f 1050 1523 1211
f 1523 1050 1562
f 1562 1065 1523
f 1065 1562 1085
f 1085 1066 1065
f 1066 1085 1393
f 1066 1393 1446
f 1572 1202 1571
f 1571 1573 1572
f 1568 1572 1573
f 1572 1568 1338
f 1269 1338 1568
f 1568 1566 1269
f 1568 1204 1566
f 1204 1573 1571
f 1204 1568 1573
f 1204 1571 1567
f 1208 1210 1209
f 1209 1210 1215
f 1215 1392 1209
f 1215 1199 1392
f 1215 1207 1199
f 1207 1215 1210
f 1337 1207 1210
f 1840 2302 1838
f 2302 1840 2292
f 2303 2302 2292
f 2302 2303 2294
f 1871 2294 2303
f 2294 1871 1868
f 1871 2273 1868
f 2292 1840 2301
f 2291 2292 2301
f 2292 2291 2258
f 2293 2292 2258
f 2292 2293 2303
f 1844 2303 2293
f 2303 1844 1871
f 1871 1844 2280
f 2273 1871 2280
f 2263 2273 2280
f 2273 2263 2278
f 2291 2301 2304
f 2304 2260 2291
f 2257 2291 2260
f 2291 2257 2258
f 2259 2258 2257
f 2258 2259 2293
f 1842 2293 2259
f 2293 1842 1844
f 2279 1844 1842
f 1844 2279 2280
f 2279 2263 2280
f 2260 2304 2277
f 2277 2266 2260
f 2265 2260 2266
f 2260 2265 2257
f 2267 2257 2265
f 2257 2267 2259
f 1841 2259 2267
f 2259 1841 1842
f 2264 1842 1841
f 1842 2264 2279
f 1867 2277 2304
f 1878 2277 1867
f 2277 1878 2275
f 2266 2277 2275
f 2274 2266 2275
f 2266 2274 2285
f 2285 2265 2266
f 2265 2285 2289
f 2289 2267 2265
f 2267 2289 2287
f 2287 1841 2267
f 1599 1878 1867
f 1878 1599 1862
f 1870 1878 1862
f 1878 1870 2271
f 2271 2275 1878
f 2275 2271 2274
f 1894 2274 2271
f 1894 2285 2274
f 2285 1894 2299
f 2299 2289 2285
f 2289 2299 2290
f 2290 2287 2289
f 1063 1862 1599
f 1862 1063 1870
f 1894 1869 2299
f 1869 2297 2299
f 2299 2297 2290
f 2297 2286 2290
f 2287 2290 2286
f 2286 1879 2287
f 1841 2287 1879
f 1879 2264 1841
f 2297 1869 1839
f 1839 2288 2297
f 2300 2297 2288
f 2297 2300 2295
f 2286 2297 2295
f 2295 1843 2286
f 1879 2286 1843
f 1843 2262 1879
f 2264 1879 2262
f 2262 2268 2264
f 2268 2279 2264
f 2288 1839 1880
f 2279 2268 2263
f 2269 2263 2268
f 2263 2269 2278
f 2268 2276 2269
f 2276 2272 2269
f 2276 2270 2272
f 2270 2276 2261
f 2261 1864 2270
f 1864 2261 1865
f 1865 2300 1864
f 2268 2262 2276
f 2261 2276 2262
f 2262 1843 2261
f 2261 1843 1865
f 1843 2295 1865
f 2300 1865 2295
f 1750 1935 2511
f 1935 1750 1936
f 1936 1758 1935
f 1758 1936 1756
f 1756 2545 1758
f 1750 1933 1936
f 1933 1756 1936
f 1756 1933 1766
f 1766 1760 1756
f 2545 1756 1760
f 2236 2545 1760
f 2853 2545 2236
f 2545 2853 2844
f 1933 1750 2182
f 2516 1933 2182
f 1933 2516 1807
f 2221 1933 1807
f 1933 2221 1766
f 2221 2548 1766
f 1760 1766 2548
f 2548 1699 1760
f 2653 1760 1699
f 1760 2653 2236
f 2652 2236 2653
f 2236 2652 2853
f 2516 1780 1807
f 1780 2221 1807
f 2221 1780 1779
f 1779 1921 2221
f 1921 1757 2221
f 2548 2221 1757
f 1757 1700 2548
f 1699 2548 1700
f 1780 2516 2187
f 2574 1780 2187
f 1780 2574 1805
f 1908 1780 1805
f 1780 1908 1779
f 1908 1921 1779
f 1921 1908 2039
f 1908 2419 2039
f 2419 1908 2423
f 2423 1727 2419
f 2574 1907 1805
f 2423 1805 1907
f 1805 2423 1908
f 1907 2574 2573
f 2573 1937 1907
f 1938 1907 1937
f 1907 1938 2423
f 1938 1724 2423
f 1727 2423 1724
f 1724 2052 1727
f 1685 1727 2052
f 1937 2573 1749
f 2009 1937 1749
f 1937 2009 1939
f 1939 1938 1937
f 1938 1939 2154
f 2323 1938 2154
f 1938 2323 1687
f 1724 1938 1687
f 2009 1818 1939
f 1818 2154 1939
f 2154 1818 2216
f 2216 2203 2154
f 2323 2154 2203
f 2464 2323 2203
f 2055 2323 2464
f 1818 2009 2011
f 2011 1696 1818
f 1696 2216 1818
f 2216 1696 1759
f 2159 2216 1759
f 2216 2159 2153
f 2203 2216 2153
f 2163 2203 2153
f 2203 2163 2162
f 2203 2162 2464
f 1696 2011 1674
f 1674 1806 1696
f 2063 1696 1806
f 1696 2063 1759
f 1755 1759 2063
f 1759 1755 1767
f 1759 1767 2159
f 1806 1674 2007
f 2185 1806 2007
f 1806 2185 1809
f 1809 2063 1806
f 2063 1809 1765
f 1763 2063 1765
f 2063 1763 1755
f 2224 1755 1763
f 1755 2224 2151
f 1697 1755 2151
f 1755 1697 1767
f 1673 1809 2185
f 1809 1673 1672
f 1672 1765 1809
f 1765 1672 2222
f 1761 1765 2222
f 1765 1761 1763
f 1796 1763 1761
f 1763 1796 2224
f 1675 1672 1673
f 1672 1675 1669
f 2501 1672 1669
f 1672 2501 2222
f 2006 2222 2501
f 2006 1761 2222
f 2006 1741 1761
f 1741 2484 1761
f 1796 1761 2484
f 2029 1669 1675
f 1669 2029 2572
f 2572 2501 1669
f 2501 2572 2497
f 2500 2501 2497
f 2501 2500 2498
f 2498 2006 2501
f 2006 2498 1740
f 1741 2006 1740
f 2484 1741 1740
f 2189 2572 2029
f 2572 2189 2186
f 2188 2572 2186
f 2572 2188 2497
f 2523 2186 2189
f 2186 2523 1670
f 2008 2186 1670
f 2186 2008 2188
f 2571 1670 2523
f 1670 2571 2010
f 1668 1670 2010
f 1670 1668 2008
f 2010 2571 2028
f 2184 2010 2028
f 2495 2010 2184
f 2010 2495 1671
f 1671 1668 2010
f 2028 1736 2184
f 1736 1810 2184
f 2231 2184 1810
f 2184 2231 2495
f 2230 2495 2231
f 2495 2230 2490
f 2230 2499 2490
f 1810 1736 1735
f 1735 1814 1810
f 2233 1810 1814
f 1810 2233 2231
f 2232 2231 2233
f 2231 2232 2230
f 2099 2230 2232
f 2230 2099 2544
f 2544 2499 2230
f 1814 1735 1676
f 2027 1814 1676
f 1814 2027 1812
f 2076 1814 1812
f 1814 2076 2233
f 2235 2233 2076
f 2233 2235 2232
f 2540 2232 2235
f 2232 2540 2099
f 2540 2096 2099
f 1794 2099 2096
f 2099 1794 2544
f 2027 1684 1812
f 2536 1812 1684
f 1812 2536 2076
f 2076 2536 2235
f 2536 2079 2235
f 2079 2540 2235
f 2540 2079 2078
f 2074 2540 2078
f 2540 2074 2229
f 2096 2540 2229
f 1684 2027 2065
f 1719 1684 2065
f 1684 1719 1817
f 2234 1684 1817
f 1684 2234 2536
f 2536 2234 2079
f 2234 2081 2079
f 2081 2075 2079
f 2075 2078 2079
f 2078 2075 2083
f 2237 2078 2083
f 2078 2237 2074
f 1708 1817 1719
f 1817 1708 1811
f 1811 2234 1817
f 2234 1811 2081
f 1811 2535 2081
f 2081 2535 2075
f 2077 2075 2535
f 2075 2077 2083
f 2077 2080 2083
f 2082 2083 2080
f 2083 2082 2237
f 1707 1811 1708
f 1811 1707 1681
f 2535 1811 1681
f 1813 2535 1681
f 2535 1813 2077
f 1683 2077 1813
f 2077 1683 2080
f 1816 2080 1683
f 2080 1816 2082
f 1815 2082 1816
f 2082 1815 2533
f 2082 2533 2237
f 1709 1681 1707
f 1681 1709 1813
f 1717 1813 1709
f 1813 1717 1683
f 1717 1816 1683
f 1716 1816 1717
f 1816 1716 1815
f 2428 1815 1716
f 1815 2428 2034
f 2034 2098 1815
f 2098 2533 1815
f 2534 2533 2098
f 2533 2534 2237
f 2534 2074 2237
f 2074 2534 2537
f 2537 2229 2074
f 2421 2034 2428
f 2034 2421 2036
f 2087 2034 2036
f 2087 2098 2034
f 2085 2098 2087
f 2098 2085 2534
f 2085 2537 2534
f 2537 2085 2538
f 2538 2071 2537
f 2229 2537 2071
f 2036 2421 2020
f 2420 2036 2020
f 2036 2420 2506
f 2506 2087 2036
f 2087 2506 2093
f 2084 2087 2093
f 2087 2084 2085
f 2084 2538 2085
f 2538 2084 2539
f 2539 2072 2538
f 2071 2538 2072
f 1715 2506 2420
f 2506 1715 2564
f 2564 2093 2506
f 2093 2564 3122
f 3122 2084 2093
f 2084 3122 2685
f 2685 2539 2084
f 2539 2685 3124
f 3124 2073 2539
f 2072 2539 2073
f 1714 2564 1715
f 2564 1714 2563
f 2563 3122 2564
f 3122 2563 2683
f 2683 2685 3122
f 2685 2683 3116
f 3116 3124 2685
f 3124 3116 3125
f 3125 3121 3124
f 2073 3124 3121
f 2429 2563 1714
f 2563 2429 2195
f 3120 2563 2195
f 2563 3120 2683
f 3120 3116 2683
f 3116 3120 2924
f 2924 3125 3116
f 3125 2924 2681
f 2681 3117 3125
f 3121 3125 3117
f 2430 2195 2429
f 2195 2430 2198
f 2086 2195 2198
f 2195 2086 3120
f 3096 3120 2086
f 3120 3096 2924
f 2828 2924 3096
f 2924 2828 2681
f 2828 2664 2681
f 3117 2681 2664
f 2430 2507 2198
f 2507 2086 2198
f 2086 2507 2860
f 2650 2086 2860
f 2086 2650 3096
f 2662 3096 2650
f 3096 2662 2828
f 2662 2663 2828
f 2664 2828 2663
f 2507 2430 2015
f 2015 2504 2507
f 2923 2507 2504
f 2507 2923 2860
f 2660 2860 2923
f 2860 2660 2650
f 2648 2650 2660
f 2650 2648 2662
f 2088 2662 2648
f 2662 2088 2925
f 2663 2662 2925
f 2504 2015 1718
f 2442 2504 1718
f 2504 2442 2562
f 2562 2858 2504
f 2858 2923 2504
f 2651 2923 2858
f 2923 2651 2660
f 2950 2660 2651
f 2660 2950 2648
f 2963 2648 2950
f 2648 2963 2088
f 2442 2190 2562
f 2190 2649 2562
f 2858 2562 2649
f 2859 2858 2649
f 2858 2859 2651
f 2958 2651 2859
f 2651 2958 2950
f 2878 2950 2958
f 2950 2878 2963
f 2190 2442 2441
f 2441 2035 2190
f 2035 2549 2190
f 2649 2190 2549
f 2549 2859 2649
f 2859 2549 2903
f 2929 2859 2903
f 2859 2929 2958
f 2880 2958 2929
f 2958 2880 2878
f 2035 2441 2440
f 2440 2196 2035
f 1754 2035 2196
f 2035 1754 2550
f 2549 2035 2550
f 2550 2903 2549
f 2903 2550 2957
f 2881 2903 2957
f 2903 2881 2929
f 2879 2929 2881
f 2929 2879 2880
f 2196 2440 2446
f 2446 2503 2196
f 2212 2196 2503
f 2196 2212 1754
f 1754 2212 1752
f 2220 1754 1752
f 2220 2550 1754
f 2220 2957 2550
f 2957 2220 2947
f 2947 2881 2957
f 2881 2947 2922
f 2922 2879 2881
f 2503 2446 2443
f 2445 2503 2443
f 2503 2445 2505
f 2508 2503 2505
f 2503 2508 2212
f 2199 2212 2508
f 2199 1702 2212
f 2212 1702 1752
f 1702 2928 1752
f 2947 1752 2928
f 1752 2947 2220
f 2444 2505 2445
f 2505 2444 2561
f 2510 2505 2561
f 2505 2510 2508
f 2208 2508 2510
f 2508 2208 2509
f 2509 2199 2508
f 2200 2199 2509
f 2200 2214 2199
f 2199 2214 1702
f 2449 2561 2444
f 2561 2449 2192
f 2558 2561 2192
f 2561 2558 2510
f 2209 2510 2558
f 2510 2209 2208
f 2205 2208 2209
f 2208 2205 2207
f 2207 2509 2208
f 2509 2207 2200
f 2449 2197 2192
f 2197 2558 2192
f 2558 2197 2559
f 2559 2209 2558
f 2209 2559 2560
f 2209 2560 1778
f 2205 2209 1778
f 2197 2449 2451
f 1783 2197 2451
f 2197 1783 2559
f 2171 2559 1783
f 2559 2171 2560
f 2171 1772 2560
f 2560 1772 1778
f 1772 2205 1778
f 2205 1772 1770
f 2557 2205 1770
f 2557 2207 2205
f 2207 2557 2206
f 2206 2200 2207
f 1772 2171 2397
f 2397 1769 1772
f 1772 1769 1770
f 1769 2557 1770
f 2557 1769 1768
f 2191 2557 1768
f 2191 2206 2557
f 2206 2191 2599
f 2599 2556 2206
f 2200 2206 2556
f 2214 2200 2556
f 1769 2397 2388
f 2388 2396 1769
f 1769 2396 1768
f 2396 2191 1768
f 2191 2396 2410
f 2213 2191 2410
f 2191 2213 2201
f 2201 2599 2191
f 2396 2388 2385
f 2386 2396 2385
f 2396 2386 1771
f 2396 1771 2410
f 1771 2213 2410
f 2201 2600 2599
f 2607 2599 2600
f 2599 2607 2872
f 2556 2599 2872
f 2633 2556 2872
f 2556 2633 2214
f 2927 2214 2633
f 2214 2927 1702
f 2928 1702 2927
f 2607 2946 2872
f 2628 2872 2946
f 2872 2628 2633
f 2907 2633 2628
f 2633 2907 2927
f 2907 2928 2927
f 2928 2907 2842
f 2922 2928 2842
f 2928 2922 2947
f 2946 2607 2626
f 2626 2873 2946
f 2627 2946 2873
f 2946 2627 2628
f 2634 2628 2627
f 2628 2634 2907
f 2948 2907 2634
f 2907 2948 2842
f 2948 2635 2842
f 2951 2842 2635
f 2842 2951 2922
f 2879 2922 2951
f 2873 2626 2629
f 2728 2873 2629
f 2873 2728 2724
f 2627 2873 2724
f 2802 2627 2724
f 2627 2802 2634
f 2802 2948 2634
f 2948 2802 2703
f 2703 2621 2948
f 2635 2948 2621
f 2728 2726 2724
f 2726 2802 2724
f 2802 2726 2732
f 2739 2802 2732
f 2802 2739 2703
f 2801 2703 2739
f 2703 2801 2704
f 2621 2703 2704
f 2726 2728 2729
f 2737 2726 2729
f 2726 2737 2746
f 2746 2732 2726
f 2732 2746 2696
f 2702 2732 2696
f 2732 2702 2739
f 2727 2739 2702
f 2739 2727 2801
f 2727 2705 2801
f 2740 2801 2705
f 2801 2740 2704
f 2740 2621 2704
f 2747 2746 2737
f 2746 2747 2793
f 2793 2696 2746
f 2696 2793 2698
f 2698 2800 2696
f 2942 2696 2800
f 2696 2942 2702
f 2942 2697 2702
f 2735 2702 2697
f 2702 2735 2727
f 2735 2743 2727
f 2705 2727 2743
f 2800 2698 2715
f 2715 2942 2800
f 2942 2715 2716
f 2697 2942 2716
f 2712 2716 2715
f 2716 2712 2717
f 2712 2734 2717
f 2734 2712 2742
f 2725 2734 2742
f 2725 2742 2743
f 2743 2735 2725
f 2721 2742 2712
f 2742 2721 2719
f 2719 2610 2742
f 2610 2743 2742
f 2743 2610 2705
f 2610 1784 2705
f 2740 2705 1784
f 1784 3126 2740
f 2621 2740 3126
f 2718 2719 2721
f 2719 2718 2720
f 2720 2346 2719
f 2610 2719 2346
f 2346 2593 2610
f 1784 2610 2593
f 2593 1786 1784
f 3126 1784 1786
f 1786 2619 3126
f 2635 3126 2619
f 3126 2635 2621
f 2741 2720 2718
f 2720 2741 2733
f 2733 2240 2720
f 2346 2720 2240
f 2240 2595 2346
f 2593 2346 2595
f 3141 2593 2595
f 2593 3141 3145
f 1786 2593 3145
f 3145 3144 1786
f 2619 1786 3144
f 2741 2750 2733
f 2750 2611 2733
f 2240 2733 2611
f 2611 2091 2240
f 2595 2240 2091
f 2091 3141 2595
f 3141 2091 2092
f 2092 3143 3141
f 3143 3145 3141
f 3145 3143 3144
f 2750 2741 2738
f 2611 2750 2238
f 2596 2611 2238
f 2611 2596 2594
f 2091 2611 2594
f 2089 2091 2594
f 2091 2089 2092
f 2905 2092 2089
f 2092 2905 2347
f 3143 2092 2347
f 2066 3143 2347
f 3143 2066 2129
f 2129 3144 3143
f 2609 2594 2596
f 2594 2609 2921
f 2921 2089 2594
f 2089 2921 2905
f 2921 2852 2905
f 2344 2905 2852
f 2905 2344 2347
f 2347 2344 2782
f 2347 2782 2066
f 2066 2782 2783
f 2066 2783 2169
f 2169 2129 2066
f 2598 2921 2609
f 2921 2598 2904
f 2852 2921 2904
f 2904 2448 2852
f 2448 2320 2852
f 2320 2344 2852
f 2344 2320 2321
f 2344 2321 2461
f 2344 2461 2164
f 2164 2782 2344
f 2598 2313 2904
f 2448 2904 2313
f 2448 2313 2284
f 2284 2320 2448
f 2316 2320 2284
f 2320 2316 2447
f 2320 2447 2321
f 2313 2598 2614
f 2313 2614 2312
f 2281 2313 2312
f 2313 2281 2284
f 2317 2284 2281
f 2284 2317 2316
f 2317 2314 2316
f 2387 2316 2314
f 2316 2387 2447
f 2393 2447 2387
f 2118 2447 2393
f 2118 2321 2447
f 2314 2317 2283
f 2586 2314 2283
f 2314 2586 2247
f 2390 2314 2247
f 2314 2390 2387
f 2387 2390 2392
f 2392 2393 2387
f 2393 2392 2395
f 2393 2395 1801
f 1801 2118 2393
f 2586 2246 2247
f 2246 2390 2247
f 2390 2246 2394
f 2394 2392 2390
f 2394 2395 2392
f 2395 2394 2106
f 1801 2395 2106
f 2106 2389 1801
f 2118 1801 2389
f 2389 2383 2118
f 2321 2118 2383
f 2246 2586 2315
f 2315 2453 2246
f 2246 2453 2394
f 3135 2394 2453
f 2394 3135 2106
f 2106 3135 1799
f 2389 2106 1799
f 2389 1799 2372
f 2383 2389 2372
f 2102 2383 2372
f 2383 2102 2105
f 2383 2105 2321
f 2453 2315 2242
f 2242 2590 2453
f 3132 2453 2590
f 2453 3132 3135
f 2625 3135 3132
f 3135 2625 2622
f 2622 1799 3135
f 1799 2622 2103
f 2102 1799 2103
f 1799 2102 2372
f 2590 2242 2149
f 2780 2622 2625
f 2622 2780 2647
f 2647 2101 2622
f 2103 2622 2101
f 2382 2103 2101
f 2103 2382 2102
f 2104 2102 2382
f 2102 2104 2105
f 2321 2105 2104
f 2136 2647 2780
f 2647 2136 2138
f 2138 2339 2647
f 2101 2647 2339
f 2602 2101 2339
f 2101 2602 2382
f 2602 2104 2382
f 2104 2602 2658
f 3097 2104 2658
f 2104 3097 2321
f 2321 3097 2466
f 2466 2461 2321
f 2902 2138 2136
f 2138 2902 2961
f 2116 2138 2961
f 2138 2116 2361
f 2339 2138 2361
f 2605 2339 2361
f 2339 2605 2602
f 2605 2658 2602
f 2658 2605 2659
f 2659 3097 2658
f 2844 2961 2902
f 2961 2844 2853
f 2853 2110 2961
f 2116 2961 2110
f 2108 2116 2110
f 2116 2108 2107
f 2107 2361 2116
f 2361 2107 2605
f 2107 2659 2605
f 2659 2107 2371
f 3136 2659 2371
f 3097 2659 3136
f 2110 2853 2109
f 2134 2110 2109
f 2110 2134 2307
f 2110 2307 2108
f 2108 2307 2311
f 2371 2108 2311
f 2108 2371 2107
f 2853 2652 2109
f 2652 2134 2109
f 2652 3133 2134
f 2112 2134 3133
f 2306 2134 2112
f 2134 2306 2307
f 2311 2307 2306
f 2306 2309 2311
f 2311 2309 2371
f 2309 3136 2371
f 2652 2646 3133
f 2646 3129 3133
f 2112 3133 3129
f 3129 2255 2112
f 2255 2306 2112
f 2455 2306 2255
f 2309 2306 2455
f 2310 2309 2455
f 2309 2310 2467
f 3136 2309 2467
f 2646 2652 2653
f 2646 2653 2119
f 2119 2861 2646
f 3129 2646 2861
f 2861 3137 3129
f 2255 3129 3137
f 2310 2255 3137
f 2255 2310 2455
f 1699 2119 2653
f 2119 1699 2120
f 3123 2119 2120
f 2119 3123 2861
f 3123 2912 2861
f 3137 2861 2912
f 2912 3146 3137
f 2459 3137 3146
f 3137 2459 2467
f 3137 2467 2310
f 1699 2131 2120
f 2120 2131 3123
f 2132 3123 2131
f 3123 2132 2682
f 2673 3123 2682
f 3123 2673 3128
f 2912 3123 3128
f 3128 3138 2912
f 3146 2912 3138
f 1700 2131 1699
f 2131 1700 2132
f 2135 2132 1700
f 2135 2682 2132
f 2391 2682 2135
f 2682 2391 2675
f 2669 2682 2675
f 2682 2669 2673
f 2669 2655 2673
f 2117 2673 2655
f 2673 2117 3128
f 3138 3128 2117
f 2552 2135 1700
f 2135 2552 2391
f 2391 2552 2123
f 2123 2675 2391
f 2123 2674 2675
f 2674 2669 2675
f 2669 2674 2656
f 2656 2654 2669
f 2655 2669 2654
f 1700 1757 2552
f 1757 1934 2552
f 1934 1932 2552
f 1932 2123 2552
f 2123 1932 1974
f 2674 2123 1974
f 1984 2674 1974
f 2674 1984 2125
f 2125 1694 2674
f 1694 2656 2674
f 1934 1757 1930
f 1757 1921 1930
f 1932 1934 1940
f 1685 1932 1940
f 1932 1685 2021
f 2021 1974 1932
f 1974 2021 1984
f 1984 2021 2040
f 2040 2125 1984
f 2125 2040 2130
f 2125 2130 1694
f 1685 1686 2021
f 2051 2021 1686
f 2021 2051 1688
f 2021 1688 2040
f 1688 2126 2040
f 2126 2130 2040
f 2130 2126 2170
f 2170 1694 2130
f 1685 2052 1686
f 2055 1688 2051
f 1688 2055 2418
f 2126 1688 2418
f 2161 2126 2418
f 2126 2161 2158
f 2158 2170 2126
f 2170 2158 2127
f 2170 2127 1695
f 1694 2170 1695
f 2418 2055 2464
f 2464 2162 2418
f 2162 2163 2418
f 2418 2163 2161
f 2124 2161 2163
f 2161 2124 2172
f 2158 2161 2172
f 2172 2127 2158
f 2127 2172 2122
f 2122 1695 2127
f 1695 2122 2218
f 2218 1698 1695
f 1698 1694 1695
f 2124 2163 2153
f 2153 2133 2124
f 2172 2124 2133
f 2133 2122 2172
f 2133 2160 2122
f 1697 2122 2160
f 2122 1697 2218
f 2151 2218 1697
f 2218 2151 2551
f 2551 1701 2218
f 1698 2218 1701
f 2133 2153 2159
f 2160 2133 2159
f 2160 2159 2157
f 2160 2157 1697
f 1767 1697 2157
f 1767 2157 2159
f 2224 2551 2151
f 2551 2224 1802
f 1802 1703 2551
f 1701 2551 1703
f 1703 2219 1701
f 2219 1698 1701
f 1698 2219 2152
f 2152 2217 1698
f 1694 1698 2217
f 2224 2546 1802
f 2225 1802 2546
f 1802 2225 1795
f 1703 1802 1795
f 1795 1753 1703
f 2219 1703 1753
f 1704 2219 1753
f 2219 1704 1751
f 1751 2152 2219
f 2546 2224 1796
f 1796 2547 2546
f 1762 2546 2547
f 2546 1762 2225
f 1762 1798 2225
f 1792 2225 1798
f 2225 1792 1795
f 1753 1795 1792
f 2437 1753 1792
f 1704 1753 2437
f 2547 1796 2062
f 2062 1800 2547
f 1764 2547 1800
f 2547 1764 1762
f 2100 1762 1764
f 1762 2100 1797
f 1798 1762 1797
f 2484 2062 1796
f 2484 2498 2062
f 2498 2223 2062
f 1800 2062 2223
f 2223 1794 1800
f 1794 1764 1800
f 1764 1794 2100
f 2096 2100 1794
f 2100 2096 2069
f 2069 1797 2100
f 2498 2484 1740
f 2229 2069 2096
f 2069 2229 2227
f 2542 2069 2227
f 2069 2542 2226
f 1797 2069 2226
f 1729 1797 2226
f 1729 1798 1797
f 2071 2227 2229
f 2227 2071 2543
f 2543 2542 2227
f 2542 2543 2111
f 2094 2111 2543
f 2111 2094 2228
f 2228 2483 2111
f 2072 2543 2071
f 2543 2072 2094
f 2073 2094 2072
f 2094 2073 2541
f 2541 2228 2094
f 2228 2541 2068
f 2068 2070 2228
f 2228 2070 2481
f 2483 2228 2481
f 1725 2483 2481
f 2483 1725 1729
f 1798 1729 1725
f 3121 2541 2073
f 2541 3121 3119
f 3119 2068 2541
f 2068 3119 1793
f 1793 1742 2068
f 1742 1744 2068
f 1744 2095 2068
f 2070 2068 2095
f 3117 3119 3121
f 3119 3117 3118
f 3118 1793 3119
f 1793 3118 2431
f 2431 1743 1793
f 1742 1793 1743
f 1743 2432 1742
f 1742 2432 2477
f 1742 2477 1744
f 2477 2436 1744
f 1744 2436 2095
f 2664 3118 3117
f 3118 2664 3095
f 3095 2438 3118
f 2438 2431 3118
f 2663 3095 2664
f 3095 2663 2679
f 2679 2687 3095
f 3095 2687 1788
f 2438 3095 1788
f 2925 2679 2663
f 2679 2925 2680
f 2680 2677 2679
f 2687 2679 2677
f 2677 2671 2687
f 2473 2687 2671
f 2687 2473 1788
f 2088 2680 2925
f 2680 2088 2097
f 2097 2686 2680
f 2677 2680 2686
f 2686 2676 2677
f 2671 2677 2676
f 2676 2959 2671
f 2671 2959 2427
f 2553 2671 2427
f 2671 2553 2473
f 2553 2434 2473
f 2088 1785 2097
f 2097 1785 2254
f 2254 2926 2097
f 2686 2097 2926
f 2926 2960 2686
f 2676 2686 2960
f 2960 3094 2676
f 2959 2676 3094
f 1785 2088 2963
f 2963 2643 1785
f 2252 1785 2643
f 1785 2252 2254
f 2252 2325 2254
f 2926 2254 2325
f 2325 2672 2926
f 2672 2678 2926
f 2960 2926 2678
f 2678 2670 2960
f 3094 2960 2670
f 2643 2963 2878
f 2878 2965 2643
f 2965 2128 2643
f 2324 2643 2128
f 2643 2324 2252
f 2325 2252 2324
f 2128 2325 2324
f 2325 2128 2672
f 2128 2910 2672
f 2678 2672 2910
f 2910 2113 2678
f 2670 2678 2113
f 2965 2878 2880
f 2879 2965 2880
f 2965 2879 2616
f 2617 2965 2616
f 2965 2617 2615
f 2128 2965 2615
f 2615 3140 2128
f 2910 2128 3140
f 3140 3142 2910
f 2113 2910 3142
f 2879 2468 2616
f 2468 1789 2616
f 2469 2616 1789
f 2616 2469 2617
f 2469 2137 2617
f 2137 3147 2617
f 2644 2617 3147
f 2617 2644 2615
f 3140 2615 2644
f 2468 2879 2951
f 2951 2175 2468
f 1789 2468 2175
f 2175 2469 1789
f 2469 2175 2253
f 2137 2469 2253
f 2619 2137 2253
f 2619 3144 2137
f 2129 2137 3144
f 3147 2137 2129
f 2175 2951 2635
f 2619 2175 2635
f 2175 2619 2253
f 2129 2169 3147
f 2165 3147 2169
f 3147 2165 2644
f 3139 2644 2165
f 2644 3139 3140
f 3142 3140 3139
f 3139 3138 3142
f 2117 3142 3138
f 3142 2117 2113
f 2169 2457 2165
f 2456 2165 2457
f 2456 2308 2165
f 3139 2165 2308
f 2308 3146 3139
f 3138 3139 3146
f 2457 2169 2458
f 2460 2457 2458
f 2457 2460 2459
f 2456 2457 2459
f 2459 2308 2456
f 2308 2459 3146
f 2169 2783 2458
f 2783 2462 2458
f 2458 2462 2460
f 2174 2460 2462
f 2467 2460 2174
f 2460 2467 2459
f 2783 2174 2462
f 2783 3136 2174
f 3136 2467 2174
f 2783 3097 3136
f 3097 2783 2782
f 2173 3097 2782
f 3097 2173 2466
f 2465 2466 2173
f 2461 2466 2465
f 2465 2164 2461
f 2465 2173 2164
f 2782 2164 2173
f 2655 2113 2117
f 2113 2655 2670
f 2654 2670 2655
f 2670 2654 3094
f 2657 3094 2654
f 3094 2657 2959
f 2155 2959 2657
f 2959 2155 2427
f 2155 2553 2427
f 2654 2656 2657
f 2217 2657 2656
f 2657 2217 2155
f 2217 2152 2155
f 2553 2155 2152
f 2152 1751 2553
f 2434 2553 1751
f 1751 2433 2434
f 2656 1694 2217
f 1704 2433 1751
f 2433 1704 1743
f 1743 2431 2433
f 2432 1743 1704
f 2437 2432 1704
f 2435 2432 2437
f 2435 2477 2432
f 2477 2435 2436
f 2435 2479 2436
f 2479 2095 2436
f 2095 2479 2476
f 2070 2095 2476
f 2437 1792 2435
f 2435 1792 2479
f 1798 2479 1792
f 2479 1798 2482
f 2476 2479 2482
f 2482 1726 2476
f 2476 1726 2070
f 1726 2481 2070
f 1726 1725 2481
f 1726 2482 1725
f 2482 1798 1725
f 1794 2223 2544
f 2499 2544 2223
f 2223 1982 2499
f 2499 1982 2496
f 2223 2498 1982
f 2500 1982 2498
f 1773 2575 1748
f 2575 1773 2064
f 1819 2575 2064
f 2575 1819 2522
f 1819 2183 2522
f 2183 1819 2554
f 1775 2183 2554
f 2183 1775 2576
f 2661 2064 1773
f 2064 2661 3148
f 3148 1819 2064
f 1819 3148 2407
f 2407 1693 1819
f 1819 1693 2554
f 1693 1775 2554
f 1775 1693 2532
f 2532 2202 1775
f 2202 2576 1775
f 2576 2202 2577
f 2202 2181 2577
f 2661 3127 3148
f 3127 2591 3148
f 2591 2407 3148
f 2241 2407 2591
f 2407 2241 1693
f 2914 1693 2241
f 1693 2914 2532
f 2147 2532 2914
f 2532 2147 2215
f 2202 2532 2215
f 2215 2555 2202
f 2181 2202 2555
f 2592 2591 3127
f 2831 2591 2592
f 2591 2831 2834
f 2241 2591 2834
f 2914 2241 2834
f 2829 2914 2834
f 2829 2147 2914
f 2147 2829 2150
f 2150 2215 2147
f 2215 2150 2211
f 2555 2215 2211
f 2211 2156 2555
f 2156 2181 2555
f 2181 2156 2512
f 2832 2834 2831
f 2834 2832 2829
f 2967 2829 2832
f 2829 2967 2913
f 2913 2835 2829
f 2829 2835 2150
f 2601 2150 2835
f 2601 2211 2150
f 2211 2601 1682
f 2156 2211 1682
f 1682 1781 2156
f 2579 2156 1781
f 2156 2579 2512
f 2623 2913 2967
f 2913 2623 2779
f 2779 2833 2913
f 2835 2913 2833
f 2833 2364 2835
f 2601 2835 2364
f 2606 2601 2364
f 2606 1682 2601
f 1682 2606 2425
f 1781 1682 2425
f 3134 2779 2623
f 2779 3134 2624
f 2624 3130 2779
f 2833 2779 3130
f 3130 2363 2833
f 2364 2833 2363
f 2363 2139 2364
f 2139 2342 2364
f 2342 2340 2364
f 2340 2606 2364
f 2452 2624 3134
f 2624 2452 2180
f 2180 3131 2624
f 3130 2624 3131
f 3131 2603 3130
f 2363 3130 2603
f 2139 2363 2603
f 2603 2604 2139
f 2604 2341 2139
f 2342 2139 2341
f 2463 2180 2452
f 2180 2463 2148
f 2148 2454 2180
f 3131 2180 2454
f 2454 2318 3131
f 2603 3131 2318
f 2604 2603 2318
f 2148 2463 2243
f 2243 2305 2148
f 2454 2148 2305
f 2305 2319 2454
f 2318 2454 2319
f 2319 2830 2318
f 2830 2604 2318
f 2604 2830 3020
f 2166 2604 3020
f 2604 2166 2362
f 2341 2604 2362
f 2305 2243 2589
f 2589 2244 2305
f 2319 2305 2244
f 2244 2587 2319
f 2830 2319 2587
f 2587 2906 2830
f 2845 2830 2906
f 2830 2845 3020
f 2251 3020 2845
f 3020 2251 2166
f 2244 2589 2178
f 2177 2244 2178
f 2244 2177 2245
f 2587 2244 2245
f 2245 2588 2587
f 2906 2587 2588
f 2179 2245 2177
f 2588 2245 2179
f 1781 2578 2579
f 2578 1781 2014
f 2014 2513 2578
f 2513 2014 1782
f 1782 2345 2513
f 2345 1782 1706
f 1706 2343 2345
f 1781 1705 2014
f 1705 1782 2014
f 1782 1705 1776
f 1776 1706 1782
f 1706 1776 2398
f 2176 1706 2398
f 1706 2176 2424
f 2343 1706 2424
f 1777 2343 2424
f 2343 1777 2381
f 1705 1781 2425
f 2606 1705 2425
f 1705 2606 2340
f 2417 1705 2340
f 1705 2417 1776
f 2114 1776 2417
f 1776 2114 2398
f 2114 2176 2398
f 2176 2114 2090
f 2613 2176 2090
f 2176 2613 1774
f 1777 2176 1774
f 2176 1777 2424
f 2342 2417 2340
f 2114 2417 2342
f 2114 2342 2115
f 2090 2114 2115
f 2613 2090 2115
f 2613 2115 2239
f 2612 2613 2239
f 2613 2612 1774
f 2612 2426 1774
f 2426 1777 1774
f 2426 2381 1777
f 2381 2426 2384
f 2341 2115 2342
f 2115 2341 2204
f 2204 2239 2115
f 2239 2204 2210
f 2204 2597 2210
f 2597 2204 2608
f 2608 2916 2597
f 2916 2608 2758
f 2758 2761 2916
f 2341 2608 2204
f 2362 2608 2341
f 2608 2362 2758
f 2362 2915 2758
f 2761 2758 2915
f 2915 2731 2761
f 2731 2915 2748
f 2730 2731 2748
f 2731 2730 2749
f 2723 2749 2730
f 2749 2723 2701
f 2915 2362 2166
f 2166 2748 2915
f 2748 2166 2251
f 2580 2748 2251
f 2748 2580 2730
f 2700 2730 2580
f 2730 2700 2723
f 2722 2723 2700
f 2723 2722 2699
f 2699 2701 2723
f 2701 2699 2805
f 2049 1911 2050
f 1911 2049 2053
f 1910 1911 2053
f 1911 1910 1909
f 2045 1909 1910
f 1909 2045 2422
f 2045 2044 2422
f 2053 2049 1712
f 1712 1910 2053
f 1711 1910 1712
f 2045 1910 1711
f 1711 1808 2045
f 2044 2045 1808
f 1808 2054 2044
f 2054 1808 2042
f 2042 1710 2054
f 1710 2042 2046
f 2046 2048 1710
f 1912 1711 1712
f 1808 1711 1912
f 1912 2042 1808
f 2042 1912 2041
f 2046 2042 2041
f 1712 2046 2041
f 1712 1713 2046
f 2048 2046 1713
f 2041 1912 1712
f 1923 1920 1898
f 1920 1923 1928
f 1924 1920 1928
f 1920 1924 1926
f 1923 1925 1928
f 1925 1924 1928
f 1925 1897 1924
f 1897 1926 1924
f 1897 1904 1926
f 1904 1902 1926
f 1902 1896 1926
f 1896 1919 1926
f 1925 1923 1927
f 1927 1905 1925
f 1897 1925 1905
f 1905 1904 1897
f 1904 1905 1903
f 1900 1904 1903
f 1904 1900 1902
f 1895 1902 1900
f 1902 1895 1896
f 1931 1896 1895
f 1919 1896 1931
f 1931 1929 1919
f 1929 1931 1922
f 1905 1927 1906
f 1906 1903 1905
f 1903 1906 2047
f 1899 1903 2047
f 1903 1899 1900
f 1901 1900 1899
f 1900 1901 1895
f 1922 1895 1901
f 1895 1922 1931
f 3111 3101 2987
f 3101 3111 2897
f 2897 2978 3101
f 2978 2897 2996
f 2996 2983 2978
f 2983 2996 2982
f 2982 3110 2983
f 3111 2999 2897
f 2977 2897 2999
f 2897 2977 2996
f 2977 2982 2996
f 2982 2977 2994
f 2994 2976 2982
f 3110 2982 2976
f 2976 2707 3110
f 2707 2976 2709
f 2736 2707 2709
f 2999 3111 2985
f 2993 2999 2985
f 2999 2993 3103
f 2954 2999 3103
f 2999 2954 2977
f 2953 2977 2954
f 2977 2953 2994
f 2955 2994 2953
f 2994 2955 2975
f 2976 2994 2975
f 2709 2976 2975
f 2993 3000 3103
f 3005 3103 3000
f 3103 3005 2954
f 3004 2954 3005
f 2954 3004 2953
f 3004 2955 2953
f 2955 3004 2998
f 2706 2955 2998
f 2955 2706 2804
f 2804 2975 2955
f 2975 2804 2709
f 3000 2993 2991
f 2991 2997 3000
f 3102 3000 2997
f 3000 3102 3005
f 3002 3005 3102
f 3005 3002 3004
f 3002 2998 3004
f 2998 3002 3003
f 3003 2706 2998
f 2706 3003 2711
f 2745 2706 2711
f 2745 2804 2706
f 2745 2709 2804
f 2709 2745 2736
f 2997 2991 2992
f 2992 2689 2997
f 2688 2997 2689
f 2997 2688 3102
f 2995 3102 2688
f 3102 2995 3002
f 3001 3002 2995
f 3002 3001 3003
f 3001 2711 3003
f 2711 3001 2710
f 2711 2710 2745
f 2689 2992 2980
f 2980 2690 2689
f 2691 2689 2690
f 2689 2691 2688
f 2932 2688 2691
f 2688 2932 2995
f 2632 2995 2932
f 2995 2632 3001
f 2632 2710 3001
f 2710 2632 2714
f 2745 2710 2714
f 2690 2980 2981
f 2803 2690 2981
f 2690 2803 2962
f 2962 2691 2690
f 2691 2962 2896
f 2930 2691 2896
f 2691 2930 2932
f 2930 2632 2932
f 2632 2930 2931
f 2931 2714 2632
f 2714 2931 2744
f 2744 2745 2714
f 2745 2744 2713
f 2713 2744 2708
f 2990 2962 2803
f 2962 2990 2894
f 2894 2896 2962
f 2896 2894 2899
f 2899 2930 2896
f 2930 2899 2933
f 2933 2931 2930
f 2931 2933 2901
f 2931 2901 2744
f 2901 2708 2744
f 2708 2901 2984
f 2901 2900 2984
f 2986 2894 2990
f 2894 2986 2898
f 2898 2899 2894
f 2899 2898 2979
f 2979 2933 2899
f 2933 2979 2900
f 2900 2901 2933
f 2841 2936 2794
f 2936 2841 3105
f 3105 2792 2936
f 2792 3105 3104
f 3104 2790 2792
f 2790 3104 2791
f 2684 2790 2791
f 2790 2684 3099
f 2841 2892 3105
f 3106 3105 2892
f 3105 3106 3104
f 3108 3104 3106
f 3104 3108 2791
f 2630 2791 3108
f 2791 2630 2684
f 2876 2684 2630
f 2876 3099 2684
f 2892 2841 2893
f 2893 2799 2892
f 2988 2892 2799
f 2892 2988 3106
f 2970 3106 2988
f 3106 2970 3108
f 2874 3108 2970
f 3108 2874 2630
f 2876 2630 2874
f 2874 2631 2876
f 2631 2877 2876
f 2631 2806 2877
f 2799 2893 2889
f 2889 2888 2799
f 2809 2799 2888
f 2799 2809 2988
f 2989 2988 2809
f 2988 2989 2970
f 2875 2970 2989
f 2970 2875 2874
f 2631 2874 2875
f 2875 2944 2631
f 2806 2631 2944
f 2944 2943 2806
f 2888 2889 2890
f 2891 2888 2890
f 2888 2891 2895
f 2895 2809 2888
f 2809 2895 2937
f 2937 2989 2809
f 2989 2937 2944
f 2944 2875 2989
f 3100 2895 2891
f 2895 3100 2840
f 2943 2895 2840
f 2895 2943 2937
f 2943 2944 2937
f 2838 1463 1469
f 3684 1469 1463
f 1469 3684 3687
f 3687 1435 1469
f 1516 1469 1435
f 1466 3684 1463
f 3684 1466 3660
f 3686 3684 3660
f 3684 3686 3685
f 3685 3687 3684
f 3687 3685 3694
f 3694 3883 3687
f 1435 3687 3883
f 3883 3294 1435
f 3294 1516 1435
f 1466 3878 3660
f 3877 3660 3878
f 3660 3877 3686
f 3795 3686 3877
f 3686 3795 3794
f 3794 3685 3686
f 3685 3794 3781
f 3781 3694 3685
f 3878 1466 3271
f 3271 3714 3878
f 3713 3878 3714
f 3878 3713 3877
f 3656 3877 3713
f 3877 3656 3795
f 3771 3795 3656
f 3795 3771 3792
f 3792 3794 3795
f 1466 3696 3271
f 3696 1466 3703
f 3703 3697 3696
f 3703 1294 3697
f 1294 2836 3697
f 2836 1294 1513
f 2826 2836 1513
f 2836 2826 2824
f 2824 2826 3236
f 3236 3575 2824
f 1506 1513 1294
f 1513 1506 1514
f 1514 1434 1513
f 2826 1513 1434
f 2826 1434 3236
f 1434 1514 3236
f 3235 3236 1514
f 3235 3282 3236
f 3574 3236 3282
f 3236 3574 3575
f 3612 3575 3574
f 3575 3612 3572
f 3705 3572 3612
f 3572 3705 3707
f 3234 3707 3705
f 3707 3234 3620
f 3620 2820 3707
f 2820 3620 2807
f 2820 2807 3738
f 3708 3738 2807
f 3708 3737 3738
f 3737 3736 3738
f 3614 3620 3234
f 3620 3614 3621
f 3621 1509 3620
f 1509 3621 1508
f 3615 1508 3621
f 1508 3615 1519
f 3615 3821 1519
f 3821 1467 1519
f 3616 3621 3614
f 3621 3616 3615
f 3617 3615 3616
f 3615 3617 3821
f 3617 3816 3821
f 3816 1468 3821
f 1467 3821 1468
f 1468 3625 1467
f 3625 1441 1467
f 1441 3625 3841
f 3841 3715 1441
f 3816 3617 3818
f 3820 3816 3818
f 3816 3820 3819
f 3819 1472 3816
f 1468 3816 1472
f 1472 3763 1468
f 3625 1468 3763
f 3763 3626 3625
f 3804 3625 3626
f 3625 3804 3841
f 3804 3715 3841
f 3817 3819 3820
f 3819 3817 3829
f 3829 1473 3819
f 1472 3819 1473
f 1473 3645 1472
f 3763 1472 3645
f 3645 3759 3763
f 3626 3763 3759
f 3759 1499 3626
f 1496 3626 1499
f 3626 1496 3804
f 1473 3829 3298
f 3298 3646 1473
f 3645 1473 3646
f 3646 3657 3645
f 3759 3645 3657
f 3657 1500 3759
f 1499 3759 1500
f 1500 3184 1499
f 3582 1499 3184
f 1499 3582 1496
f 3646 3298 3647
f 3647 3644 3646
f 3657 3646 3644
f 3644 1464 3657
f 1500 3657 1464
f 1464 3189 1500
f 3184 1500 3189
f 3189 3209 3184
f 3209 3582 3184
f 3582 3209 3796
f 3796 3552 3582
f 3552 1496 3582
f 3644 3647 3671
f 3671 1465 3644
f 1464 3644 1465
f 1465 3786 1464
f 3189 1464 3786
f 3786 3186 3189
f 3209 3189 3186
f 3186 3594 3209
f 3594 3796 3209
f 3796 3594 3880
f 3880 3434 3796
f 3552 3796 3434
f 1465 3671 2939
f 2939 3598 1465
f 3786 1465 3598
f 3787 3786 3598
f 3786 3787 3780
f 3186 3786 3780
f 3780 3595 3186
f 3594 3186 3595
f 3598 2939 3844
f 3785 3598 3844
f 3598 3785 3787
f 3785 3784 3787
f 3597 3787 3784
f 3787 3597 3780
f 3595 3780 3597
f 3784 3785 3599
f 3434 3880 3433
f 3433 3592 3434
f 3551 3434 3592
f 3434 3551 3552
f 3656 3552 3551
f 3552 3656 1501
f 1496 3552 1501
f 1501 3804 1496
f 3592 3433 3591
f 3591 3593 3592
f 3543 3592 3593
f 3592 3543 3551
f 3771 3551 3543
f 3771 3656 3551
f 3593 3591 3429
f 3429 3430 3593
f 3369 3593 3430
f 3369 3543 3593
f 3772 3543 3369
f 3772 3771 3543
f 3772 3792 3771
f 3792 3772 3204
f 3204 3202 3792
f 3794 3792 3202
f 3429 3210 3430
f 3264 3430 3210
f 3427 3430 3264
f 3427 3369 3430
f 2825 3369 3427
f 3772 3369 2825
f 3725 3772 2825
f 3204 3772 3725
f 3725 3793 3204
f 3202 3204 3793
f 3264 3210 2694
f 2692 3264 2694
f 3264 2692 2798
f 3264 2798 2968
f 3264 2968 3427
f 2968 2825 3427
f 2825 2968 2969
f 2969 3720 2825
f 3725 2825 3720
f 3735 3725 3720
f 3725 3735 3729
f 3793 3725 3729
f 2695 2798 2692
f 2798 2695 2693
f 2693 2968 2798
f 2887 2968 2693
f 2968 2887 2969
f 2887 3471 2969
f 3720 2969 3471
f 3471 3735 3720
f 3735 3471 3719
f 3719 3730 3735
f 3722 3735 3730
f 3722 3729 3735
f 2695 2887 2693
f 2887 2695 2886
f 2886 3479 2887
f 3471 2887 3479
f 3479 3719 3471
f 3719 3479 3480
f 3732 3719 3480
f 3730 3719 3732
f 3874 3730 3732
f 3730 3874 3731
f 3726 3730 3731
f 3730 3726 3722
f 3479 2886 2885
f 2882 3479 2885
f 3479 2882 3480
f 2884 3480 2882
f 3480 2884 2940
f 3480 2940 3732
f 3586 3732 2940
f 3732 3586 3874
f 3586 3206 3874
f 3739 3874 3206
f 3874 3739 3731
f 3739 3726 3731
f 3726 3739 3733
f 3733 3721 3726
f 3721 3722 3726
f 2940 2884 2971
f 2940 2971 3584
f 2940 3584 3586
f 3584 3265 3586
f 3206 3586 3265
f 3265 3431 3206
f 3728 3206 3431
f 3206 3728 3739
f 3198 3739 3728
f 3739 3198 3733
f 3584 2971 2966
f 2966 2843 3584
f 3584 2843 3265
f 2843 3205 3265
f 3431 3265 3205
f 3367 3431 3205
f 3431 3367 3368
f 3368 3728 3431
f 3728 3368 3727
f 3199 3728 3727
f 3728 3199 3198
f 2843 2966 2848
f 2848 2883 2843
f 3205 2843 2883
f 3205 2883 2751
f 3205 2751 3367
f 3367 2751 2817
f 2817 3547 3367
f 3547 3578 3367
f 3578 3368 3367
f 3368 3578 3585
f 3585 3727 3368
f 2883 2848 2851
f 2851 2751 2883
f 2751 2851 3107
f 3107 2817 2751
f 2817 3107 2919
f 2919 2849 2817
f 2817 2849 3547
f 3547 2849 2850
f 2850 3840 3547
f 3840 3578 3547
f 3578 3840 3631
f 3631 3585 3578
f 3585 3631 3577
f 3577 3760 3585
f 3727 3585 3760
f 2849 2919 2918
f 2918 2850 2849
f 2850 2918 2766
f 2766 2815 2850
f 3840 2850 2815
f 3840 2815 2771
f 3840 2771 3540
f 3540 3631 3840
f 3631 3540 3580
f 3580 3577 3631
f 3577 3580 3800
f 3800 3764 3577
f 3760 3577 3764
f 2815 2766 2753
f 2816 2815 2753
f 2815 2816 2771
f 2964 2771 2816
f 2771 2964 2920
f 2771 2920 2763
f 3540 2771 2763
f 2763 3542 3540
f 3542 3580 3540
f 3580 3542 3544
f 3588 3580 3544
f 3580 3588 3800
f 3588 3296 3800
f 3764 3800 3296
f 3296 3761 3764
f 3762 3764 3761
f 3764 3762 3760
f 3542 3848 3544
f 3589 3544 3848
f 3544 3589 3588
f 3109 3588 3589
f 3588 3109 2941
f 3296 3588 2941
f 2941 3297 3296
f 3761 3296 3297
f 3848 3542 3590
f 3590 3806 3848
f 3807 3848 3806
f 3848 3807 3589
f 1498 3589 3807
f 3589 1498 3109
f 1471 3109 1498
f 3109 1471 3297
f 3297 2941 3109
f 3806 3590 3587
f 3587 3802 3806
f 3801 3806 3802
f 3806 3801 3807
f 1495 3807 3801
f 3807 1495 1498
f 1470 1498 1495
f 1498 1470 1471
f 3664 1471 1470
f 1471 3664 3662
f 3662 3297 1471
f 3802 3587 3809
f 3809 3634 3802
f 3545 3802 3634
f 3802 3545 3801
f 3215 3801 3545
f 3801 3215 1495
f 1444 1495 3215
f 1495 1444 1470
f 3706 1470 1444
f 1470 3706 3664
f 3634 3809 3579
f 3579 3630 3634
f 3541 3634 3630
f 3634 3541 3545
f 1540 3545 3541
f 3545 1540 3215
f 1443 3215 1540
f 3215 1443 1444
f 3876 1444 1443
f 1444 3876 3706
f 3630 3579 3632
f 3632 3581 3630
f 3583 3630 3581
f 3630 3583 3541
f 1436 3541 3583
f 3541 1436 1540
f 1436 3473 1540
f 3475 1540 3473
f 1540 3475 1443
f 3481 1443 3475
f 1443 3481 3876
f 3581 3632 3810
f 3847 3581 3810
f 3581 3847 3846
f 3808 3581 3846
f 3581 3808 3583
f 1503 3583 3808
f 3583 1503 1436
f 1503 3851 1436
f 3473 1436 3851
f 3851 3474 3473
f 3476 3473 3474
f 3473 3476 3475
f 3470 3475 3476
f 3475 3470 3481
f 3470 3472 3481
f 3704 3481 3472
f 3481 3704 3876
f 3851 1503 3670
f 3670 3669 3851
f 3474 3851 3669
f 3669 3278 3474
f 3278 3476 3474
f 3476 3278 1480
f 1480 3470 3476
f 3470 1480 1432
f 1432 3280 3470
f 3472 3470 3280
f 3669 3670 3849
f 3849 3273 3669
f 3278 3669 3273
f 3273 3825 3278
f 3629 3278 3825
f 3278 3629 1480
f 3805 1480 3629
f 1480 3805 1432
f 3712 1432 3805
f 1432 3712 1437
f 3280 1432 1437
f 3273 3849 3272
f 3272 1517 3273
f 3825 3273 1517
f 1517 3824 3825
f 3628 3825 3824
f 3825 3628 3629
f 3711 3629 3628
f 3629 3711 3805
f 3711 3712 3805
f 1517 3272 1518
f 1518 1494 1517
f 3824 1517 1494
f 1494 1518 1515
f 3712 3711 3803
f 3624 3712 3803
f 3712 3624 3627
f 3279 3712 3627
f 3712 3279 1437
f 3332 1437 3279
f 1437 3332 3280
f 3842 3627 3624
f 3627 3842 3843
f 3294 3627 3843
f 3627 3294 3279
f 3691 3279 3294
f 3279 3691 3332
f 3693 3332 3691
f 3332 3693 3295
f 3295 3280 3332
f 3280 3295 3472
f 3842 3283 3843
f 3843 3283 1516
f 1516 3294 3843
f 3283 3842 3233
f 3850 3283 3233
f 3283 3850 3235
f 1541 3283 3235
f 3283 1541 1516
f 3282 3235 3850
f 3294 3883 3691
f 3692 3691 3883
f 3691 3692 3693
f 3667 3693 3692
f 3693 3667 3688
f 3688 3295 3693
f 3295 3688 3690
f 3690 3472 3295
f 3883 3694 3692
f 3782 3692 3694
f 3692 3782 3667
f 3666 3667 3782
f 3667 3666 3556
f 3556 3688 3667
f 3688 3556 3699
f 3699 3690 3688
f 3690 3699 3689
f 3689 3704 3690
f 3472 3690 3704
f 3694 3781 3782
f 3201 3782 3781
f 3782 3201 3666
f 3214 3666 3201
f 3666 3214 3211
f 3211 3556 3666
f 3556 3211 3783
f 3783 3699 3556
f 3699 3783 3213
f 3213 3689 3699
f 3781 3202 3201
f 3793 3201 3202
f 3201 3793 3214
f 3729 3214 3793
f 3214 3729 3724
f 3724 3211 3214
f 3211 3724 3721
f 3721 3783 3211
f 3783 3721 3723
f 3723 3213 3783
f 3202 3781 3794
f 3721 3733 3723
f 3733 3200 3723
f 3213 3723 3200
f 3203 3213 3200
f 3213 3203 3212
f 3689 3213 3212
f 3200 3733 3198
f 3199 3200 3198
f 3200 3199 3203
f 3762 3203 3199
f 3203 3762 3663
f 3663 3212 3203
f 3212 3663 3661
f 3661 3689 3212
f 3689 3661 3665
f 3704 3689 3665
f 3706 3704 3665
f 3704 3706 3876
f 3199 3760 3762
f 3760 3199 3727
f 3665 3664 3706
f 3664 3665 3661
f 3661 3662 3664
f 3662 3661 3663
f 3663 3761 3662
f 3297 3662 3761
f 3761 3663 3762
f 3722 3721 3724
f 3729 3722 3724
f 3713 1501 3656
f 1501 3713 3710
f 3804 1501 3710
f 3715 3804 3710
f 3710 3714 3715
f 1440 3715 3714
f 3715 1440 1442
f 3714 3710 3713
f 3714 3271 1440
f 2827 1440 3271
f 1440 2827 3701
f 3701 1442 1440
f 1442 3701 1438
f 3737 1438 3701
f 1438 3737 1433
f 1433 3737 3708
f 2827 3736 3701
f 3736 3737 3701
f 2837 3571 1505
f 3571 3573 1505
f 1289 1505 3573
f 3573 3571 3569
f 3576 3573 3569
f 1447 1448 1450
f 1291 1447 1450
f 1291 1288 1447
f 1288 1291 1504
f 1502 1504 1291
f 1504 1502 1292
f 1497 1292 1502
f 1292 1497 2808
f 1484 1291 1450
f 1291 1484 1502
f 1483 1502 1484
f 1502 1483 1493
f 1493 1497 1502
f 1493 2938 1497
f 1497 2938 2808
f 1512 1445 1290
f 1445 1512 1511
f 1222 1445 1511
f 1222 1335 1445
f 1512 1236 1511
f 1236 1222 1511
f 1222 1236 1237
f 1236 2839 1237
f 2839 1236 1510
f 1236 1512 1510
f 1399 1398 1507
f 1398 1400 1507
f 1539 1507 1400
f 1239 1507 1539
f 1400 1398 2945
f 1400 2945 1334
f 1400 1334 1539
f 3873 3742 3743
f 3742 3873 3871
f 3871 3530 3742
f 3871 3520 3530
f 3520 3872 3530
f 3304 3872 3520
f 3872 3304 3682
f 3554 3872 3682
f 3873 3528 3871
f 3531 3871 3528
f 3871 3531 3875
f 3520 3871 3875
f 3677 3520 3875
f 3520 3677 3304
f 3532 3304 3677
f 3304 3532 3683
f 3683 3682 3304
f 3528 3873 3526
f 3526 3659 3528
f 3568 3528 3659
f 3528 3568 3531
f 3680 3531 3568
f 3531 3680 3881
f 3881 3875 3531
f 3875 3881 3677
f 3681 3677 3881
f 3677 3681 3532
f 3659 3526 3658
f 3567 3659 3658
f 3659 3567 3303
f 3659 3303 3568
f 3679 3568 3303
f 3568 3679 3680
f 3299 3680 3679
f 3680 3299 3557
f 3557 3881 3680
f 3881 3557 3681
f 3557 3546 3681
f 3601 3681 3546
f 3681 3601 3532
f 3567 3561 3303
f 3679 3303 3561
f 3563 3679 3561
f 3679 3563 3299
f 3563 3301 3299
f 3558 3299 3301
f 3299 3558 3557
f 3546 3557 3558
f 3558 3633 3546
f 3600 3546 3633
f 3546 3600 3601
f 3561 3567 3300
f 3561 3300 3566
f 3566 3563 3561
f 3563 3566 3302
f 3301 3563 3302
f 3560 3301 3302
f 3559 3301 3560
f 3301 3559 3558
f 3633 3558 3559
f 3559 3537 3633
f 3613 3633 3537
f 3633 3613 3600
f 3570 3600 3613
f 3570 3601 3600
f 3302 3566 3305
f 3564 3302 3305
f 3302 3564 3560
f 3668 3560 3564
f 3560 3668 3555
f 3560 3555 3559
f 3537 3559 3555
f 3555 3539 3537
f 3539 3613 3537
f 3613 3539 3635
f 3635 3740 3613
f 3709 3613 3740
f 3613 3709 3570
f 3539 3555 3668
f 3740 3635 3716
f 3741 3570 3709
f 3741 3845 3570
f 3601 3570 3845
f 3845 3532 3601
f 3532 3845 3683
f 3882 3683 3845
f 3683 3882 3678
f 3682 3683 3678
f 3845 3741 3882
f 3741 3565 3882
f 3565 3678 3882
f 3678 3565 3562
f 3562 3682 3678
f 3682 3562 3554
f 3562 3744 3554
f 3744 3562 3636
f 1439 3744 3636
f 3636 3637 1439
f 3637 3562 3565
f 3562 3637 3636
f 3059 3457 3500
f 3457 3059 3112
f 3023 3457 3112
f 3457 3023 3863
f 3023 3864 3863
f 3864 3023 3024
f 3525 3864 3024
f 3864 3525 3456
f 4028 3112 3059
f 3112 4028 4093
f 4093 3023 3112
f 3023 4093 4033
f 4070 3023 4033
f 3023 4070 3024
f 4070 3525 3024
f 4099 4093 4028
f 4093 4099 4025
f 4025 4033 4093
f 4033 4025 4018
f 4018 4070 4033
f 4070 4018 4017
f 4017 3021 4070
f 3529 4070 3021
f 3525 4070 3529
f 4407 4025 4099
f 4304 4025 4407
f 4025 4304 4034
f 4034 4018 4025
f 4018 4034 4035
f 4035 4017 4018
f 4099 4246 4407
f 4302 4407 4246
f 4407 4302 4304
f 4302 4298 4304
f 4298 3516 4304
f 3516 4034 4304
f 4034 3516 3869
f 4034 3869 3868
f 3868 4035 4034
f 4246 4099 4606
f 4606 4199 4246
f 3504 4246 4199
f 4246 3504 3508
f 4246 3508 4302
f 4302 3508 3515
f 4302 3515 4303
f 4298 4302 4303
f 4199 4606 4607
f 4607 4458 4199
f 4458 3513 4199
f 3513 3504 4199
f 3513 3306 3504
f 3504 3306 3377
f 3515 3504 3377
f 3504 3515 3508
f 4458 4607 4457
f 4457 4300 4458
f 4616 4458 4300
f 4458 4616 4450
f 3513 4458 4450
f 4450 3322 3513
f 3306 3513 3322
f 3517 3306 3322
f 3306 3517 3354
f 3306 3354 3377
f 4300 4457 4374
f 4374 4296 4300
f 3506 4300 4296
f 4300 3506 4616
f 3506 4447 4616
f 4449 4616 4447
f 4616 4449 4450
f 3322 4450 4449
f 4038 3322 4449
f 3322 4038 3517
f 4296 4374 4292
f 4292 4419 4296
f 3465 4296 4419
f 4296 3465 3511
f 3511 3506 4296
f 3511 3509 3506
f 4447 3506 3509
f 3514 4447 3509
f 4447 3514 4299
f 4299 4449 4447
f 4449 4299 4038
f 4419 4292 4293
f 4293 4478 4419
f 3464 4419 4478
f 4419 3464 3519
f 3519 3465 4419
f 3519 3522 3465
f 3522 3463 3465
f 3510 3465 3463
f 3465 3510 3511
f 3509 3511 3510
f 3510 3514 3509
f 4478 4293 4480
f 4480 4481 4478
f 4462 4478 4481
f 4478 4462 4464
f 4464 3464 4478
f 4464 3445 3464
f 3464 3445 3449
f 3460 3464 3449
f 3464 3460 3519
f 4481 4480 4474
f 4530 4464 4462
f 4464 4530 4531
f 3445 4464 4531
f 3936 3445 4531
f 3445 3936 3447
f 3447 3449 3445
f 3521 3449 3447
f 3449 3521 3460
f 3521 3461 3460
f 3461 3519 3460
f 3522 3519 3461
f 4530 3936 4531
f 3936 4530 4532
f 3941 3936 4532
f 3936 3941 3937
f 3937 3447 3936
f 3447 3937 3398
f 3521 3447 3398
f 3862 3521 3398
f 3862 3461 3521
f 3461 3862 3522
f 3518 3522 3862
f 3522 3518 3463
f 3518 3510 3463
f 3941 3939 3937
f 4496 3937 3939
f 3937 4496 3398
f 4496 3953 3398
f 3953 3862 3398
f 3862 3953 3518
f 3518 3953 3512
f 3510 3518 3512
f 3514 3510 3512
f 3939 3941 3951
f 3951 4463 3939
f 3403 3939 4463
f 3939 3403 4496
f 3403 4242 4496
f 4498 4496 4242
f 4496 4498 3953
f 4463 3951 3938
f 4463 3938 4501
f 4363 4463 4501
f 4463 4363 4200
f 4200 3403 4463
f 3403 4200 4242
f 4245 4242 4200
f 4242 4245 4248
f 4248 4498 4242
f 4363 4245 4200
f 4245 4363 4362
f 4362 4365 4245
f 4509 4245 4365
f 4245 4509 4248
f 4511 4248 4509
f 4248 4511 4510
f 4498 4248 4510
f 4365 4362 4497
f 4497 4508 4365
f 4508 4505 4365
f 4505 4509 4365
f 4509 4505 4511
f 4505 4041 4511
f 4060 4511 4041
f 4511 4060 4510
f 3364 4510 4060
f 4510 3364 4037
f 4510 4037 4498
f 4508 4497 4507
f 4329 4508 4507
f 4508 4329 4331
f 4331 4503 4508
f 4505 4508 4503
f 4503 4504 4505
f 4041 4505 4504
f 4502 4041 4504
f 4041 4502 4251
f 4251 4060 4041
f 4329 4105 4331
f 4105 4107 4331
f 4503 4331 4107
f 4107 4499 4503
f 4504 4503 4499
f 4499 4502 4504
f 4502 4499 4506
f 4506 3318 4502
f 3320 4502 3318
f 4502 3320 4251
f 4105 4329 4171
f 4107 4105 4538
f 4538 4324 4107
f 4499 4107 4324
f 4324 4506 4499
f 4506 4324 4539
f 4309 4506 4539
f 4506 4309 4224
f 3318 4506 4224
f 4005 3318 4224
f 4330 3318 4005
f 3318 4330 3320
f 4324 4538 4351
f 4351 4539 4324
f 4539 4351 4339
f 4339 4540 4539
f 4327 4539 4540
f 4327 4309 4539
f 4312 4309 4327
f 4309 4312 4313
f 4313 4224 4309
f 4224 4313 4527
f 4527 4005 4224
f 4540 4339 4325
f 4339 4350 4325
f 4350 4339 4328
f 4328 4529 4350
f 4529 4333 4350
f 4333 4529 4004
f 4004 4312 4333
f 4312 4004 4313
f 4168 4313 4004
f 4313 4168 4527
f 4332 4527 4168
f 4527 4332 4231
f 4005 4527 4231
f 4529 4328 4534
f 4526 4529 4534
f 4529 4526 4004
f 4002 4004 4526
f 4004 4002 4168
f 3923 4168 4002
f 4168 3923 4332
f 3923 4291 4332
f 4596 4332 4291
f 4332 4596 4231
f 4596 4005 4231
f 4005 4596 4330
f 4528 4534 4328
f 4534 4528 4526
f 4535 4526 4528
f 4526 4535 3915
f 3915 4002 4526
f 4002 3915 3924
f 3924 3923 4002
f 3923 3924 4229
f 4166 3923 4229
f 3923 4166 4167
f 4291 3923 4167
f 3921 3915 4535
f 3915 3921 4536
f 4536 3924 3915
f 3924 4536 4169
f 4334 3924 4169
f 3924 4334 4229
f 4334 4180 4229
f 4166 4229 4180
f 4597 4166 4180
f 4166 4597 4165
f 4165 4167 4166
f 4167 4165 4605
f 4605 4291 4167
f 4180 4334 4104
f 4286 4180 4104
f 4180 4286 4597
f 4579 4597 4286
f 4597 4579 4179
f 4179 4165 4597
f 4165 4179 4287
f 4287 4605 4165
f 4605 4287 4244
f 4243 4605 4244
f 4605 4243 4623
f 4291 4605 4623
f 4172 4291 4623
f 4291 4172 4596
f 4579 4580 4179
f 4580 2796 4179
f 2796 4287 4179
f 4287 2796 3006
f 3006 4244 4287
f 4244 3006 3037
f 3037 4243 4244
f 4580 4579 4364
f 2868 4580 4364
f 2868 2865 4580
f 2865 3894 4580
f 2796 4580 3894
f 3894 3998 2796
f 3998 3006 2796
f 3006 3998 3056
f 3056 3037 3006
f 3056 3057 3037
f 3057 3044 3037
f 4243 3037 3044
f 2865 2868 3080
f 3080 3444 2865
f 2865 3444 3462
f 3462 3523 2865
f 2865 3523 2867
f 3894 2865 2867
f 2867 2908 3894
f 3998 3894 2908
f 2908 3055 3998
f 3998 3055 3056
f 3446 3444 3080
f 3462 3444 3446
f 3879 3462 3446
f 3462 3879 3495
f 3482 3462 3495
f 3462 3482 3448
f 3448 3523 3462
f 2867 3523 3448
f 3448 3860 2867
f 2867 3860 3997
f 2908 2867 3997
f 3997 2866 2908
f 3055 2908 2866
f 2866 3026 3055
f 3055 3026 3056
f 3056 3026 3057
f 3172 3448 3482
f 3448 3172 3870
f 3870 3860 3448
f 3997 3860 3870
f 3870 3861 3997
f 3997 3861 3078
f 2866 3997 3078
f 3078 4062 2866
f 3026 2866 4062
f 4062 3992 3026
f 3053 3026 3992
f 3026 3053 3057
f 3170 3870 3172
f 3870 3170 3054
f 3054 3861 3870
f 3078 3861 3054
f 3990 3078 3054
f 3078 3990 3991
f 4062 3078 3991
f 3991 3989 4062
f 3992 4062 3989
f 3485 3992 3989
f 3992 3485 3483
f 3483 3053 3992
f 3170 3990 3054
f 3990 3170 3855
f 3855 3058 3990
f 3058 3991 3990
f 3991 3058 4063
f 3989 3991 4063
f 3484 3989 4063
f 3989 3484 3485
f 3058 3855 3176
f 3484 3058 3176
f 3058 3484 4063
f 3053 3483 3171
f 3168 3053 3171
f 3053 3168 3030
f 3030 3057 3053
f 3057 3030 3041
f 3041 3044 3057
f 4016 3044 3041
f 4106 3044 4016
f 3044 4106 4243
f 3167 3030 3168
f 3030 3167 3028
f 3028 3041 3030
f 3041 3028 4032
f 4016 3041 4032
f 4253 4016 4032
f 4016 4253 4106
f 4198 4106 4253
f 4106 4198 4247
f 4247 4243 4106
f 4243 4247 4623
f 3177 3028 3167
f 3028 3177 4023
f 3039 3028 4023
f 3028 3039 4032
f 4201 4032 3039
f 4032 4201 4253
f 4201 4198 4253
f 4198 4201 4254
f 4254 4203 4198
f 4203 4247 4198
f 4247 4203 4202
f 4202 4623 4247
f 4623 4202 4172
f 3175 4023 3177
f 4023 3175 4022
f 4241 4023 4022
f 4023 4241 3039
f 4306 3039 4241
f 3039 4306 4201
f 4306 4254 4201
f 4254 4306 4186
f 4186 4252 4254
f 4203 4254 4252
f 3175 4012 4022
f 4305 4022 4012
f 4022 4305 4241
f 4305 4306 4241
f 4306 4305 4196
f 4196 4186 4306
f 4186 4196 4600
f 4600 4249 4186
f 4252 4186 4249
f 4249 4061 4252
f 4061 4203 4252
f 4012 3175 3180
f 3854 4012 3180
f 4012 3854 3052
f 3052 4239 4012
f 4305 4012 4239
f 4239 4196 4305
f 4196 4239 4622
f 4622 4600 4196
f 4600 4622 4237
f 4237 4187 4600
f 4249 4600 4187
f 4187 4043 4249
f 4061 4249 4043
f 3169 3052 3854
f 3052 3169 3031
f 4408 3052 3031
f 3052 4408 4195
f 4239 3052 4195
f 4195 4622 4239
f 4622 4195 4238
f 4238 4237 4622
f 4237 4238 4240
f 4240 4589 4237
f 4187 4237 4589
f 3169 3029 3031
f 3029 4408 3031
f 4408 3029 4595
f 4595 4197 4408
f 4238 4408 4197
f 4408 4238 4195
f 3029 3169 3426
f 3426 4024 3029
f 4024 4595 3029
f 4595 4024 3913
f 4592 4595 3913
f 4595 4592 4234
f 4197 4595 4234
f 4234 4235 4197
f 4240 4197 4235
f 4197 4240 4238
f 4024 3426 3269
f 3269 4054 4024
f 4000 4024 4054
f 4024 4000 3913
f 4001 3913 4000
f 3913 4001 4592
f 4007 4592 4001
f 4592 4007 4008
f 4008 4234 4592
f 4234 4008 4194
f 4235 4234 4194
f 4054 3269 3178
f 3178 4031 4054
f 3971 4054 4031
f 4054 3971 4000
f 3974 4000 3971
f 4000 3974 4001
f 4218 4001 3974
f 4001 4218 4007
f 4208 4007 4218
f 4007 4208 4177
f 4177 4008 4007
f 4031 3178 3852
f 3852 4013 4031
f 4588 4031 4013
f 4031 4588 3971
f 4588 3974 3971
f 3974 4588 4020
f 4216 3974 4020
f 3974 4216 4218
f 4217 4218 4216
f 4218 4217 4208
f 4013 3852 3179
f 4013 3179 3853
f 3853 3051 4013
f 4588 4013 3051
f 4588 3051 3973
f 3973 4020 4588
f 4020 3973 4384
f 4219 4020 4384
f 4020 4219 4216
f 3994 4216 4219
f 4216 3994 4217
f 3051 3853 3262
f 3262 3048 3051
f 3051 3048 3973
f 3973 3048 3972
f 3972 4384 3973
f 4384 3972 4352
f 4214 4384 4352
f 4384 4214 4219
f 4215 4219 4214
f 4219 4215 3994
f 3048 3262 3366
f 3366 3032 3048
f 4358 3048 3032
f 3048 4358 3972
f 4358 4352 3972
f 4358 4359 4352
f 4353 4352 4359
f 4352 4353 4214
f 4210 4214 4353
f 4214 4210 4215
f 3032 3366 3428
f 3428 3033 3032
f 4354 3032 3033
f 3032 4354 4358
f 4359 4358 4354
f 4559 4359 4354
f 4559 4554 4359
f 4554 4353 4359
f 4353 4554 4567
f 4567 4210 4353
f 3428 4053 3033
f 4559 3033 4053
f 3033 4559 4354
f 4053 3428 3436
f 3436 3049 4053
f 4558 4053 3049
f 4053 4558 4559
f 4554 4559 4558
f 4563 4554 4558
f 4563 4567 4554
f 4556 4567 4563
f 4562 4567 4556
f 4562 4555 4567
f 4210 4567 4555
f 3049 3436 3270
f 3270 4019 3049
f 4019 4558 3049
f 4558 4019 4563
f 4019 4556 4563
f 4556 4019 3035
f 3050 4556 3035
f 4556 3050 4562
f 3064 4562 3050
f 4562 3064 4557
f 4557 4555 4562
f 4019 3270 3857
f 3857 3035 4019
f 3035 3857 3548
f 3548 3050 3035
f 3050 3548 3263
f 3185 3050 3263
f 3050 3185 3064
f 3185 3034 3064
f 3034 4557 3064
f 4557 3034 4355
f 4355 4555 4557
f 4555 4355 4211
f 4211 4210 4555
f 3034 3185 3188
f 3493 3034 3188
f 3034 3493 3062
f 3062 4355 3034
f 4355 3062 4212
f 4212 4211 4355
f 4211 4212 4213
f 4213 4088 4211
f 4210 4211 4088
f 3897 4210 4088
f 4210 3897 4215
f 3797 3062 3493
f 3062 3797 3791
f 3791 4212 3062
f 4212 3791 3341
f 3341 4213 4212
f 4213 3341 3334
f 4213 3334 3415
f 3415 3898 4213
f 4088 4213 3898
f 3987 4088 3898
f 4088 3987 3897
f 3187 3791 3797
f 3791 3187 3183
f 3183 3341 3791
f 3341 3183 3181
f 3181 3183 3268
f 3435 3268 3183
f 3268 3435 3488
f 3492 3488 3435
f 3488 3492 3790
f 3183 3187 3596
f 3596 3435 3183
f 3435 3596 3266
f 3266 3492 3435
f 3492 3266 3267
f 3267 3788 3492
f 3788 3790 3492
f 3790 3788 3394
f 3788 3407 3394
f 3407 3396 3394
f 3396 3407 3405
f 3396 3405 3411
f 3788 3267 3789
f 3789 3798 3788
f 3407 3788 3798
f 3799 3407 3798
f 3407 3799 4103
f 3291 3407 4103
f 3291 3405 3407
f 3798 3789 3491
f 3491 3799 3798
f 3799 3491 3490
f 3490 3027 3799
f 4026 3799 3027
f 3799 4026 4103
f 4026 4027 4103
f 3291 4103 4027
f 3312 3291 4027
f 3291 3312 3313
f 3405 3291 3313
f 3027 3490 3486
f 3486 3025 3027
f 3043 3027 3025
f 3027 3043 4026
f 3043 4094 4026
f 4027 4026 4094
f 4094 4096 4027
f 4096 3310 4027
f 3310 3312 4027
f 3312 3310 3313
f 3310 3405 3313
f 3025 3486 3487
f 3182 3025 3487
f 3025 3182 3036
f 3036 3043 3025
f 3043 3036 3047
f 3047 3045 3043
f 4094 3043 3045
f 3045 4052 4094
f 4096 4094 4052
f 3489 3036 3182
f 3036 3489 3066
f 3016 3036 3066
f 3036 3016 3047
f 3016 3421 3047
f 3047 3421 3046
f 3045 3047 3046
f 3068 3045 3046
f 3045 3068 3067
f 4052 3045 3067
f 3494 3066 3489
f 3066 3494 3063
f 3012 3066 3063
f 3066 3012 3016
f 3009 3016 3012
f 3016 3009 3007
f 3421 3016 3007
f 3494 3060 3063
f 3065 3063 3060
f 3063 3065 3012
f 3065 4517 3012
f 4517 3009 3012
f 3386 3009 4517
f 3009 3386 3385
f 3009 3385 3387
f 3387 3007 3009
f 3060 3494 3884
f 3503 3060 3884
f 3060 3503 3093
f 3093 3065 3060
f 3065 3093 3075
f 4495 3065 3075
f 3065 4495 4515
f 4517 3065 4515
f 3459 3093 3503
f 3093 3459 3077
f 3077 3075 3093
f 3075 3077 3092
f 3092 3955 3075
f 3075 3955 4494
f 4494 4495 3075
f 4495 4494 4516
f 4514 4516 4494
f 4514 4512 4516
f 3459 3525 3077
f 3525 3092 3077
f 3092 3525 3529
f 3021 3092 3529
f 3092 3021 4513
f 3955 3092 4513
f 3525 3459 3456
f 4491 3386 4517
f 4485 3386 4491
f 3386 4485 3385
f 3385 4485 3387
f 4485 3425 3387
f 3425 3423 3387
f 3423 3007 3387
f 4491 4489 4485
f 4489 3393 4485
f 3393 3425 4485
f 3425 3393 3419
f 3419 3420 3425
f 3423 3425 3420
f 3420 3414 3423
f 3414 3007 3423
f 3007 3414 3421
f 4489 4491 4486
f 4486 4484 4489
f 4484 4493 4489
f 3393 4489 4493
f 3452 3393 4493
f 3393 3452 3432
f 3432 3419 3393
f 3419 3432 3422
f 3422 3420 3419
f 3420 3422 3424
f 3414 3420 3424
f 4484 4486 4512
f 4514 4484 4512
f 4514 3079 4484
f 3399 4484 3079
f 4484 3399 3886
f 3886 4493 4484
f 3453 4493 3886
f 4493 3453 3452
f 3453 4036 3452
f 4036 3432 3452
f 3432 4036 3071
f 3432 3071 3422
f 3071 3424 3422
f 3079 4514 3113
f 3061 3079 3113
f 3079 3061 4010
f 3505 3079 4010
f 3079 3505 3399
f 3505 4590 3399
f 4590 3886 3399
f 3886 4590 3453
f 3453 4590 4036
f 4223 4036 4590
f 4036 4223 3017
f 3073 4036 3017
f 4036 3073 3071
f 3061 4017 4010
f 4017 4035 4010
f 3885 4010 4035
f 4010 3885 3867
f 3867 3505 4010
f 3505 3867 3918
f 4590 3505 3918
f 3905 4590 3918
f 4590 3905 4223
f 4017 3061 3022
f 3021 4017 3022
f 4172 4330 4596
f 4330 4172 4176
f 4176 3320 4330
f 3320 4176 4042
f 4251 3320 4042
f 4060 4251 4042
f 4615 4060 4042
f 4060 4615 3364
f 3340 4176 4172
f 4176 3340 3339
f 4176 3339 4614
f 4176 4614 4042
f 4615 4042 4614
f 4614 4613 4615
f 3329 4615 4613
f 4615 3329 3364
f 3364 3329 4264
f 3364 4264 4037
f 4202 3340 4172
f 3340 4202 3353
f 3352 3340 3353
f 3327 3340 3352
f 3340 3327 3339
f 4614 3339 3327
f 3327 4255 4614
f 4613 4614 4255
f 4255 4415 4613
f 4446 4613 4415
f 4613 4446 3329
f 4203 3353 4202
f 3353 4203 4250
f 3353 4250 3352
f 4250 3327 3352
f 3327 4250 4255
f 4061 4255 4250
f 4255 4061 4256
f 4415 4255 4256
f 4256 4257 4415
f 4417 4415 4257
f 4415 4417 4446
f 4203 4061 4250
f 3953 3514 3512
f 4294 3514 3953
f 3514 4294 4299
f 4294 4038 4299
f 4038 4294 4039
f 4039 3517 4038
f 4039 3345 3517
f 3354 3517 3345
f 3953 3392 4294
f 4294 3392 3391
f 3391 4037 4294
f 4264 4294 4037
f 4294 4264 4039
f 4264 3382 4039
f 4039 3382 3374
f 3345 4039 3374
f 3392 3953 3389
f 3389 3384 3392
f 3384 3391 3392
f 3384 3390 3391
f 4037 3391 3390
f 3390 4498 4037
f 4498 3390 3389
f 4498 3389 3953
f 3384 3389 3390
f 3466 3538 3458
f 3538 3466 3442
f 3442 4421 3538
f 4421 3442 4396
f 4421 4396 4397
f 4397 4396 4454
f 4482 4397 4454
f 4454 4124 4482
f 3466 3981 3442
f 3981 4396 3442
f 4396 3981 3440
f 4454 4396 3440
f 4440 4454 3440
f 4440 4068 4454
f 4124 4454 4068
f 4068 4083 4124
f 4083 4068 4123
f 4123 4125 4083
f 3981 3466 3865
f 3866 3981 3865
f 3981 3866 2811
f 3981 2811 3019
f 3440 3981 3019
f 3440 3019 4440
f 3019 4113 4440
f 4113 4068 4440
f 4123 4068 4113
f 3866 3535 2811
f 3535 3019 2811
f 3019 3535 3524
f 4113 3019 3524
f 3524 4472 4113
f 4123 4113 4472
f 4472 4455 4123
f 4123 4455 4112
f 4112 4114 4123
f 4125 4123 4114
f 3535 3866 3501
f 3501 3887 3535
f 3887 3524 3535
f 3524 3887 3986
f 4472 3524 3986
f 3986 4455 4472
f 4455 3986 2812
f 2812 4541 4455
f 4541 4112 4455
f 4541 4451 4112
f 4451 4084 4112
f 4114 4112 4084
f 3887 3501 3499
f 3502 3887 3499
f 3887 3502 3008
f 3008 3986 3887
f 3986 3008 2812
f 2810 2812 3008
f 2812 2810 2813
f 4541 2812 2813
f 2813 4543 4541
f 4543 4451 4541
f 3502 2810 3008
f 2810 3502 3467
f 3468 2810 3467
f 2810 3468 3527
f 3527 2813 2810
f 2813 3527 3533
f 4543 2813 3533
f 3438 4543 3533
f 4543 3438 4452
f 4452 4451 4543
f 3856 3527 3468
f 3527 3856 3437
f 3438 3527 3437
f 3527 3438 3533
f 3497 3437 3856
f 3437 3497 3261
f 3261 3438 3437
f 3438 3261 3549
f 3441 3438 3549
f 3438 3441 4452
f 4581 4452 3441
f 4581 4451 4452
f 4581 4444 4451
f 4444 4448 4451
f 4084 4451 4448
f 3496 3261 3497
f 3261 3496 3439
f 3439 3549 3261
f 3549 3439 3443
f 4394 3549 3443
f 3549 4394 3441
f 4394 4581 3441
f 4394 4383 4581
f 4383 4453 4581
f 4444 4581 4453
f 3498 3439 3496
f 3439 3498 3858
f 3859 3439 3858
f 3439 3859 3443
f 3859 4394 3443
f 4394 3859 4500
f 4500 4383 4394
f 4409 4383 4500
f 4409 4385 4383
f 4385 3893 4383
f 4453 4383 3893
f 3498 3534 3858
f 3534 3859 3858
f 3859 3534 3536
f 4409 3859 3536
f 3859 4409 4500
f 3534 3498 3174
f 3174 3550 3534
f 3550 3536 3534
f 4395 3536 3550
f 4409 3536 4395
f 4395 4385 4409
f 3550 3174 3173
f 3893 4385 3888
f 4366 3893 3888
f 3893 4366 4367
f 4453 3893 4367
f 4367 4542 4453
f 4445 4453 4542
f 4453 4445 4444
f 4445 4442 4444
f 4448 4444 4442
f 4069 4367 4366
f 4367 4069 3996
f 4542 4367 3996
f 4111 4542 3996
f 4542 4111 4443
f 4443 4445 4542
f 4445 4443 4115
f 4082 4445 4115
f 4445 4082 4465
f 4442 4445 4465
f 4117 3996 4069
f 3996 4117 4111
f 3922 4111 4117
f 4111 3922 3926
f 3926 4443 4111
f 4443 3926 4336
f 4336 4115 4443
f 4115 4336 4077
f 4077 4082 4115
f 4082 4077 4056
f 4056 4533 4082
f 4469 4082 4533
f 4082 4469 4465
f 3922 4003 3926
f 4335 3926 4003
f 3926 4335 4336
f 4003 3922 3925
f 3925 4618 4003
f 4537 4003 4618
f 4003 4537 4335
f 4618 3925 3920
f 3920 4173 4618
f 4006 4618 4173
f 4618 4006 4537
f 4173 3920 3919
f 4533 4056 4460
f 4460 4459 4533
f 4470 4533 4459
f 4533 4470 4469
f 4466 4469 4470
f 4469 4466 4461
f 4461 4465 4469
f 4459 4460 4468
f 4468 4476 4459
f 4476 4470 4459
f 4470 4476 4475
f 4467 4470 4475
f 4470 4467 4466
f 4612 4466 4467
f 4466 4612 4471
f 4471 4461 4466
f 4461 4471 4479
f 4479 4406 4461
f 4465 4461 4406
f 4406 4442 4465
f 4442 4406 4405
f 4405 4448 4442
f 4448 4405 4084
f 4471 4612 4477
f 4477 4479 4471
f 4479 4477 4473
f 4473 4295 4479
f 4406 4479 4295
f 4295 4405 4406
f 4405 4295 4040
f 4040 4084 4405
f 4084 4040 4114
f 4404 4114 4040
f 4114 4404 4125
f 4295 4473 4297
f 4297 4040 4295
f 4040 4297 4404
f 3415 3395 3411
f 4079 3415 3411
f 3898 3415 4079
f 4079 3987 3898
f 3987 4079 4029
f 4030 3987 4029
f 3987 4030 4100
f 4100 3897 3987
f 3405 4079 3411
f 4079 3405 4081
f 4081 4029 4079
f 4029 4081 4080
f 4080 4030 4029
f 4030 4080 4095
f 4095 4100 4030
f 4100 4095 4047
f 4047 3895 4100
f 3897 4100 3895
f 3895 4215 3897
f 3405 3310 4081
f 3310 4096 4081
f 4096 4080 4081
f 4080 4096 4074
f 4074 4095 4080
f 4095 4074 4098
f 4049 4095 4098
f 4095 4049 4047
f 4049 3311 4047
f 3311 3896 4047
f 3895 4047 3896
f 4052 4074 4096
f 4074 4052 4051
f 4051 4098 4074
f 4098 4051 4050
f 4097 4098 4050
f 4098 4097 4049
f 3244 4049 4097
f 4049 3244 3307
f 3307 3355 4049
f 3311 4049 3355
f 3355 3250 3311
f 4052 3042 4051
f 3018 4051 3042
f 4051 3018 4050
f 4011 4050 3018
f 4050 4011 4097
f 3164 4097 4011
f 3164 3362 4097
f 3362 3244 4097
f 3042 4052 3067
f 3067 3074 3042
f 3015 3042 3074
f 3042 3015 3018
f 3040 3018 3015
f 3018 3040 4011
f 3040 3038 4011
f 3038 3164 4011
f 3164 3038 3154
f 3362 3164 3154
f 3074 3067 3068
f 3068 3424 3074
f 3424 3071 3074
f 3073 3074 3071
f 3074 3073 3015
f 3073 3040 3015
f 3040 3073 3013
f 3013 3069 3040
f 3038 3040 3069
f 3424 3068 3418
f 3418 3414 3424
f 3414 3418 3421
f 3418 3417 3421
f 3046 3421 3417
f 3046 3417 3068
f 3418 3068 3417
f 3017 3013 3073
f 3013 3017 3014
f 3014 4009 3013
f 3069 3013 4009
f 4009 3161 3069
f 3069 3161 3163
f 3163 3038 3069
f 3038 3163 3153
f 3154 3038 3153
f 3017 4591 3014
f 4594 3014 4591
f 3014 4594 3553
f 4009 3014 3553
f 4602 4009 3553
f 4009 4602 3159
f 3161 4009 3159
f 4591 3017 4223
f 4223 3917 4591
f 4593 4591 3917
f 4591 4593 4594
f 4604 4594 4593
f 4594 4604 4602
f 4602 3553 4594
f 3917 4223 3905
f 3905 4221 3917
f 3907 3917 4221
f 3917 3907 4593
f 3908 4593 3907
f 4593 3908 4604
f 4206 4604 3908
f 4604 4206 4204
f 4204 4602 4604
f 4221 3905 3906
f 3906 4382 4221
f 4021 4221 4382
f 4221 4021 3907
f 3909 3907 4021
f 3907 3909 3908
f 3912 3908 3909
f 3908 3912 4206
f 3905 3916 3906
f 4174 3906 3916
f 3906 4174 4164
f 4382 3906 4164
f 4164 4044 4382
f 4258 4382 4044
f 4382 4258 4021
f 4418 4021 4258
f 4021 4418 3909
f 3916 3905 3918
f 3867 3916 3918
f 3916 3867 3885
f 3885 3507 3916
f 3507 4174 3916
f 4174 3507 3868
f 3869 4174 3868
f 3516 4174 3869
f 4174 3516 4375
f 4420 4174 4375
f 4174 4420 4164
f 3885 4035 3507
f 4035 3868 3507
f 4044 4164 4420
f 4420 4416 4044
f 4417 4044 4416
f 4044 4417 4258
f 4257 4258 4417
f 4258 4257 4418
f 4416 4420 4269
f 4269 3378 4416
f 3371 4416 3378
f 3371 4417 4416
f 4417 3371 4446
f 3376 4446 3371
f 3376 3380 4446
f 3380 3329 4446
f 4375 4269 4420
f 4269 4375 4301
f 3344 4269 4301
f 3373 4269 3344
f 4269 3373 3374
f 3378 4269 3374
f 4298 4301 4375
f 4301 4298 4303
f 3323 4301 4303
f 4301 3323 3344
f 3344 3323 3375
f 3379 3344 3375
f 3344 3379 3373
f 3373 3379 3345
f 3345 3374 3373
f 3516 4298 4375
f 3345 3379 3375
f 3375 3354 3345
f 3354 3375 3377
f 3375 3515 3377
f 3515 3375 3323
f 3323 4303 3515
f 3378 3376 3371
f 3376 3378 3380
f 3381 3380 3378
f 3380 3381 3388
f 3329 3380 3388
f 3329 3388 4264
f 4264 3388 3383
f 4264 3383 3382
f 3374 3381 3378
f 3381 3374 3382
f 3382 3383 3381
f 3388 3381 3383
f 3158 3153 3163
f 3153 3158 4045
f 4045 3152 3153
f 3153 3152 3154
f 3152 3162 3154
f 3362 3154 3162
f 3162 3361 3362
f 3362 3361 3244
f 4175 4045 3158
f 4045 4175 3914
f 3914 4092 4045
f 3152 4045 4092
f 3152 4092 3249
f 3152 3249 3162
f 3162 3249 3361
f 3249 4055 3361
f 4055 3244 3361
f 3244 4055 3247
f 3247 3307 3244
f 3160 4175 3158
f 3160 4220 4175
f 4205 4175 4220
f 4175 4205 3999
f 3999 3914 4175
f 3914 3999 4177
f 4177 4091 3914
f 4092 3914 4091
f 4220 3160 3258
f 4220 3258 4603
f 4603 4233 4220
f 3911 4220 4233
f 4220 3911 4205
f 4235 4205 3911
f 4205 4235 4194
f 4194 3999 4205
f 3999 4194 4008
f 4008 4177 3999
f 3159 4603 3258
f 4603 3159 4602
f 4602 4204 4603
f 4233 4603 4204
f 4204 4236 4233
f 3910 4233 4236
f 4233 3910 3911
f 4240 3911 3910
f 3911 4240 4235
f 4236 4204 4206
f 4206 4587 4236
f 4589 4236 4587
f 4236 4589 3910
f 4589 4240 3910
f 4587 4206 3912
f 3912 3330 4587
f 4587 3330 3319
f 3319 4589 4587
f 4589 3319 4187
f 4043 4187 3319
f 3330 3912 3331
f 3331 3346 3330
f 3346 3319 3330
f 3319 3346 4043
f 3372 4043 3346
f 4043 3372 4456
f 4456 4061 4043
f 4061 4456 4256
f 4257 4256 4456
f 3331 3912 4601
f 4456 3331 4601
f 3331 4456 3372
f 3346 3331 3372
f 3909 4601 3912
f 4601 3909 4418
f 4418 4456 4601
f 4456 4418 4257
f 4091 4177 4208
f 4208 4209 4091
f 4078 4091 4209
f 4091 4078 4092
f 4057 4092 4078
f 4092 4057 4055
f 3249 4092 4055
f 4209 4208 4217
f 4217 4090 4209
f 4058 4209 4090
f 4209 4058 4078
f 3250 4078 4058
f 4078 3250 3321
f 4078 3321 4057
f 3151 4057 3321
f 3247 4057 3151
f 4057 3247 4055
f 4090 4217 3994
f 3994 3995 4090
f 4089 4090 3995
f 4090 4089 4058
f 3995 3994 4215
f 4215 3895 3995
f 3895 4089 3995
f 4089 3895 3896
f 3307 3247 3151
f 3151 3355 3307
f 3151 3321 3355
f 3250 3355 3321
f 3928 4492 4490
f 4492 3928 3931
f 3931 3929 4492
f 3928 3934 3931
f 3929 3931 3934
f 4488 3929 3934
f 4487 3929 4488
f 3956 3929 4487
f 3929 3956 3945
f 3929 3945 3930
f 3945 3935 3930
f 3934 3928 3933
f 3933 3114 3934
f 3114 4488 3934
f 3070 4488 3114
f 4488 3070 4487
f 3954 4487 3070
f 4487 3954 3956
f 3945 3956 3954
f 3954 3946 3945
f 3935 3945 3946
f 3114 3933 3932
f 3072 3114 3932
f 3114 3072 3070
f 4483 3070 3072
f 3070 4483 3954
f 3946 3954 4483
f 2864 2972 2974
f 2972 2864 2909
f 3082 2972 2909
f 2972 3082 3084
f 3088 3084 3082
f 3084 3088 3090
f 3010 3090 3088
f 3090 3010 3091
f 2864 3081 2909
f 3082 2909 3081
f 3076 3082 3081
f 3082 3076 3088
f 3089 3088 3076
f 3088 3089 3010
f 3089 3083 3010
f 3086 3010 3083
f 3010 3086 3091
f 3081 2864 3085
f 3076 3081 3085
f 3076 3085 3089
f 3089 3085 3087
f 3083 3089 3087
f 3087 3115 3083
f 3011 3083 3115
f 3083 3011 3086
f 3087 3085 2795
f 3115 3087 2795
f 2797 3115 2795
f 2863 3115 2797
f 3115 2863 3011
f 2973 2795 3085
f 2795 2973 2797
f 2862 2797 2973
f 2797 2862 2863
f 4268 4319 4320
f 4319 4268 4265
f 4283 4319 4265
f 4319 4283 4548
f 4283 4547 4548
f 4547 4283 4278
f 4318 4547 4278
f 4547 4318 4544
f 4609 4265 4268
f 4265 4609 4267
f 4281 4265 4267
f 4265 4281 4283
f 4373 4283 4281
f 4283 4373 4278
f 4282 4278 4373
f 4278 4282 4318
f 4369 4318 4282
f 4318 4369 4315
f 4315 4544 4318
f 4544 4315 4545
f 4289 4267 4609
f 4267 4289 4317
f 4317 4281 4267
f 4281 4317 4285
f 4284 4281 4285
f 4281 4284 4373
f 4611 4373 4284
f 4373 4611 4282
f 4372 4282 4611
f 4282 4372 4369
f 4280 4317 4289
f 4317 4280 4316
f 4316 4285 4317
f 4285 4316 4578
f 4371 4285 4578
f 4285 4371 4284
f 4371 4611 4284
f 4611 4371 4368
f 4368 4372 4611
f 4326 4316 4280
f 4316 4326 4586
f 4586 4578 4316
f 4585 4578 4586
f 4578 4585 4371
f 4584 4371 4585
f 4371 4584 4368
f 4584 4370 4368
f 4372 4368 4370
f 4276 4372 4370
f 4372 4276 4277
f 4277 4369 4372
f 4310 4586 4326
f 4338 4586 4310
f 4586 4338 4585
f 4338 4584 4585
f 4338 4307 4584
f 4370 4584 4307
f 4307 4276 4370
f 4276 4307 4311
f 4311 4275 4276
f 4275 4277 4276
f 4277 4275 4182
f 4182 4620 4277
f 4369 4277 4620
f 4620 4315 4369
f 4307 4338 4311
f 4338 4314 4311
f 4275 4311 4314
f 4314 4184 4275
f 4274 4275 4184
f 4275 4274 4182
f 4274 4610 4182
f 4620 4182 4610
f 4610 4619 4620
f 4315 4620 4619
f 4619 4545 4315
f 4545 4619 4290
f 4338 4583 4314
f 4184 4314 4583
f 4184 4583 4266
f 4261 4184 4266
f 4184 4261 4274
f 4273 4274 4261
f 4274 4273 4185
f 4610 4274 4185
f 4583 4338 4308
f 4308 4321 4583
f 4321 4266 4583
f 4266 4321 4279
f 4262 4266 4279
f 4266 4262 4261
f 4259 4261 4262
f 4261 4259 4273
f 4263 4273 4259
f 4273 4263 4183
f 4183 4185 4273
f 4185 4183 4260
f 4260 4610 4185
f 4610 4260 4270
f 4619 4610 4270
f 4270 4290 4619
f 4290 4270 4323
f 4322 4183 4263
f 4183 4322 4546
f 4546 4260 4183
f 4260 4546 4582
f 4582 4270 4260
f 4270 4582 4323
f 4189 4153 4151
f 4153 4189 4143
f 4144 4153 4143
f 4153 4144 4145
f 4134 4145 4144
f 4145 4134 4133
f 4132 4133 4134
f 4133 4132 4140
f 4188 4143 4189
f 4143 4188 4142
f 4141 4143 4142
f 4143 4141 4144
f 4624 4144 4141
f 4144 4624 4134
f 4135 4134 4624
f 4134 4135 4132
f 4135 4146 4132
f 4138 4132 4146
f 4132 4138 4140
f 4207 4142 4188
f 4142 4207 4192
f 4137 4142 4192
f 4142 4137 4141
f 4136 4141 4137
f 4141 4136 4624
f 4139 4624 4136
f 4624 4139 4135
f 4139 4148 4135
f 4146 4135 4148
f 4207 4288 4192
f 4272 4192 4288
f 4192 4272 4137
f 4181 4137 4272
f 4137 4181 4136
f 4178 4136 4181
f 4136 4178 4139
f 4178 4150 4139
f 4148 4139 4150
f 4150 4152 4148
f 4152 4146 4148
f 4288 4207 4599
f 4608 4288 4599
f 4608 4272 4288
f 4608 4181 4272
f 4271 4181 4608
f 4181 4271 4178
f 4150 4178 4271
f 4271 4193 4150
f 4152 4150 4193
f 4271 4608 4598
f 4193 4271 4598
f 4146 4152 4147
f 4149 4146 4147
f 4146 4149 4138
f 1606 830 1962
f 1608 1962 830
f 1962 1608 1610
f 1610 1963 1962
f 1970 1962 1963
f 1962 1970 1606
f 1963 1610 1972
f 1972 1967 1963
f 1650 1963 1967
f 1963 1650 1970
f 1967 1972 1971
f 1971 1964 1967
f 1973 1967 1964
f 1967 1973 1650
f 1964 1971 66
f 66 1966 1964
f 1956 1964 1966
f 1964 1956 1973
f 1966 66 1965
f 1965 1958 1966
f 1652 1966 1958
f 1966 1652 1956
f 1958 1965 1651
f 1651 1955 1958
f 1957 1958 1955
f 1958 1957 1652
f 1955 1651 1959
f 1959 1656 1955
f 1642 1955 1656
f 1955 1642 1957
f 1656 1959 1952
f 1953 1656 1952
f 1656 1953 1654
f 1660 1656 1654
f 1656 1660 1642
f 821 1636 722
f 1636 821 1634
f 1634 2338 1636
f 2338 1634 2332
f 2332 2331 2338
f 2331 2332 2337
f 722 816 821
f 544 821 816
f 821 544 819
f 819 1634 821
f 1634 819 1640
f 1640 2332 1634
f 2332 1640 2335
f 2335 2337 2332
f 2337 2335 2336
f 2335 2334 2336
f 816 722 724
f 724 813 816
f 813 544 816
f 813 149 544
f 149 819 544
f 819 149 865
f 865 1640 819
f 1640 865 1641
f 1954 1640 1641
f 1640 1954 2335
f 2334 2335 1954
f 2355 2334 1954
f 2334 2355 2354
f 813 724 228
f 228 860 813
f 149 813 860
f 868 149 860
f 149 868 898
f 148 149 898
f 149 148 865
f 867 865 148
f 865 867 1641
f 867 1954 1641
f 1954 867 2355
f 860 228 862
f 903 860 862
f 860 903 868
f 857 868 903
f 868 857 147
f 898 868 147
f 170 898 147
f 898 170 148
f 866 148 170
f 148 866 867
f 866 2355 867
f 2355 866 2348
f 2348 2354 2355
f 2354 2348 2351
f 169 147 857
f 147 169 170
f 1645 170 169
f 170 1645 866
f 2350 866 1645
f 866 2350 2348
f 2349 2348 2350
f 2348 2349 2351
f 40 2373 41
f 2373 40 2403
f 2403 2378 2373
f 2378 2403 2401
f 2415 2401 2403
f 2401 2415 2411
f 2415 2409 2411
f 41 42 40
f 76 40 42
f 40 76 375
f 375 2403 40
f 2403 375 2415
f 374 2415 375
f 2415 374 2406
f 2409 2415 2406
f 2399 2409 2406
f 2409 2399 2400
f 42 41 43
f 43 376 42
f 42 376 76
f 376 384 76
f 384 375 76
f 375 384 374
f 45 374 384
f 374 45 79
f 79 2406 374
f 2406 79 2399
f 79 2413 2399
f 2414 2399 2413
f 2399 2414 2400
f 376 43 73
f 73 46 376
f 384 376 46
f 71 384 46
f 384 71 45
f 45 71 68
f 72 45 68
f 45 72 79
f 2413 79 72
f 72 2377 2413
f 2369 2413 2377
f 2413 2369 2414
f 46 73 77
f 67 46 77
f 46 67 71
f 60 71 67
f 71 60 68
f 69 68 60
f 68 69 72
f 2377 72 69
f 889 1123 566
f 1123 889 603
f 603 1154 1123
f 1153 1123 1154
f 1123 1153 1150
f 1150 566 1123
f 566 1150 569
f 1157 569 1150
f 569 1157 1165
f 1031 603 889
f 603 1031 1029
f 1029 575 603
f 1154 603 575
f 575 1171 1154
f 1146 1154 1171
f 1154 1146 1153
f 1146 1157 1153
f 1157 1150 1153
f 565 1029 1031
f 1029 565 787
f 787 1030 1029
f 575 1029 1030
f 563 575 1030
f 575 563 592
f 1171 575 592
f 1161 1171 592
f 1171 1161 1143
f 1143 1146 1171
f 1030 787 667
f 564 1030 667
f 1030 564 563
f 564 767 563
f 1161 563 767
f 563 1161 592
f 767 564 1033
f 1033 1034 767
f 1162 767 1034
f 767 1162 1161
f 1162 1143 1161
f 1143 1162 1169
f 1169 1170 1143
f 1146 1143 1170
f 1034 1033 1027
f 765 1034 1027
f 1034 765 766
f 766 1162 1034
f 1162 766 591
f 591 1169 1162
f 1169 591 1159
f 1159 1168 1169
f 1170 1169 1168
f 1170 1168 1160
f 1160 1146 1170
f 1146 1160 1127
f 1157 1146 1127
f 1127 1165 1157
f 1165 1127 1152
f 1127 1125 1152
f 1168 1159 1167
f 1167 1160 1168
f 1160 1167 1125
f 1125 1127 1160
f 518 619 486
f 619 518 662
f 662 991 619
f 953 619 991
f 619 953 487
f 487 486 619
f 486 487 482
f 943 482 487
f 482 943 951
f 517 662 518
f 662 517 660
f 660 962 662
f 991 662 962
f 962 952 991
f 947 991 952
f 991 947 953
f 947 943 953
f 487 953 943
f 962 660 663
f 665 962 663
f 962 665 512
f 952 962 512
f 512 946 952
f 484 952 946
f 952 484 947
f 452 947 484
f 947 452 483
f 943 947 483
f 483 951 943
f 665 961 512
f 946 512 961
f 1039 946 961
f 946 1039 956
f 956 484 946
f 484 956 996
f 484 996 452
f 957 452 996
f 452 957 994
f 994 483 452
f 961 665 959
f 960 961 959
f 961 960 1039
f 1036 1039 960
f 1039 1036 1019
f 1019 956 1039
f 956 1019 457
f 457 996 956
f 996 457 957
f 483 994 458
f 951 483 458
f 1720 1787 1722
f 1790 1722 1787
f 1722 1790 1723
f 1723 1803 1722
f 1804 1722 1803
f 1722 1804 1720
f 1791 1790 1787
f 1790 1791 2439
f 2439 2475 1790
f 1723 1790 2475
f 2475 1745 1723
f 1803 1723 1745
f 2470 1791 1787
f 2471 1791 2470
f 1791 2471 2472
f 2472 2439 1791
f 2439 2472 1721
f 1721 2475 2439
f 2475 1721 2474
f 1745 2475 2474
f 1728 1692 2478
f 2022 1692 1728
f 1692 2022 2450
f 2486 1692 2450
f 1692 2486 2023
f 1692 2023 2478
f 2023 2024 2478
f 2024 2025 2478
f 2013 2025 2024
f 2025 2013 2480
f 2013 1689 2480
f 2012 2486 2450
f 2488 2486 2012
f 2486 2488 2013
f 2024 2486 2013
f 2486 2024 2023
f 1689 2013 2488
f 1731 1985 1733
f 1985 1731 2485
f 1732 1985 2485
f 1985 1732 2502
f 2502 2322 1985
f 2322 1976 1985
f 1733 2004 1731
f 1983 1731 2004
f 1731 1983 2489
f 1732 1731 2489
f 1731 1732 2485
f 2004 1733 2005
f 2005 1983 2004
f 1983 2005 2492
f 2003 1983 2492
f 1983 2003 1730
f 2487 1983 1730
f 1983 2487 2489
f 1732 2489 2487
f 2487 2502 1732
f 2502 2487 2491
f 1730 2491 2487
f 2491 1730 2003
f 1976 2322 2043
f 2322 1977 2043
f 1978 2043 1977
f 2043 1978 1976
f 1977 2322 1975
f 1981 1977 1975
f 1981 1978 1977
f 1978 1981 1980
f 2493 1980 1981
f 1980 2493 1979
f 2494 1979 2493
f 1979 2494 2502
f 2322 2493 1975
f 1975 2493 1981
f 2493 2322 2494
f 2322 2502 2494
f 2142 2762 2757
f 2762 2759 2757
f 2823 2757 2759
f 2757 2823 2814
f 2814 2142 2757
f 2142 2814 2143
f 2784 2143 2814
f 2143 2784 2248
f 2759 2762 2917
f 2917 2781 2759
f 2789 2759 2781
f 2759 2789 2823
f 2755 2823 2789
f 2823 2755 2785
f 2785 2814 2823
f 2814 2785 2784
f 2822 2917 2762
f 2917 2822 2821
f 2769 2917 2821
f 2917 2769 2641
f 2781 2917 2641
f 2778 2781 2641
f 2781 2778 2776
f 2773 2781 2776
f 2781 2773 2789
f 2752 2789 2773
f 2789 2752 2755
f 2642 2641 2769
f 2641 2642 2778
f 2642 2787 2778
f 2787 2776 2778
f 2776 2787 2911
f 2776 2911 2773
f 2774 2773 2911
f 2773 2774 2752
f 2752 2774 2775
f 2775 2755 2752
f 2755 2775 2754
f 2754 2785 2755
f 2787 2642 2788
f 2788 2067 2787
f 2067 2911 2787
f 2911 2067 1690
f 1690 2774 2911
f 2774 1690 2583
f 2582 2774 2583
f 2774 2582 2786
f 2774 2786 2775
f 2786 2772 2775
f 2772 2754 2775
f 2067 2788 1691
f 1691 1747 2067
f 1747 1690 2067
f 1690 1747 2515
f 2282 1690 2515
f 1690 2282 2583
f 2282 2582 2583
f 1747 1691 1746
f 1746 2515 1747
f 2515 1746 2514
f 2585 2515 2514
f 2515 2585 2282
f 2582 2282 2585
f 2584 2582 2585
f 2582 2584 2167
f 2756 2582 2167
f 2582 2756 2786
f 2756 2772 2786
f 2168 2585 2514
f 2585 2168 2584
f 2144 2584 2168
f 2584 2144 2167
f 2854 2167 2144
f 2167 2854 2756
f 2855 2756 2854
f 2756 2855 2949
f 2772 2756 2949
f 2949 2636 2772
f 2754 2772 2636
f 2514 2256 2168
f 2256 2144 2168
f 2144 2256 2145
f 2846 2144 2145
f 2144 2846 2854
f 2935 2854 2846
f 2854 2935 2934
f 2934 2855 2854
f 2256 2514 2146
f 2249 2256 2146
f 2256 2249 2145
f 2249 2846 2145
f 2846 2249 2765
f 2846 2765 2847
f 2846 2847 2935
f 2767 2935 2847
f 2935 2767 2956
f 2956 2934 2935
f 2934 2956 2952
f 2952 2855 2934
f 2855 2952 2871
f 2871 2949 2855
f 2645 2847 2765
f 3098 2847 2645
f 2847 3098 2767
f 2777 2767 3098
f 2767 2777 2637
f 2637 2956 2767
f 2956 2637 2640
f 2640 2952 2956
f 2952 2640 2666
f 2666 2871 2952
f 2871 2666 2665
f 2856 2871 2665
f 2871 2856 2857
f 2949 2871 2857
f 2636 2949 2857
f 2760 2637 2777
f 2637 2760 2639
f 2639 2640 2637
f 2640 2639 2869
f 2869 2666 2640
f 2666 2869 2668
f 2668 2665 2666
f 2665 2668 2667
f 2870 2665 2667
f 2665 2870 2856
f 2618 2856 2870
f 2856 2618 2638
f 2638 2857 2856
f 2857 2638 2636
f 2768 2636 2638
f 2636 2768 2754
f 2581 2668 2869
f 2581 2667 2668
f 2667 2581 2250
f 2250 2870 2667
f 2870 2250 2141
f 2140 2870 2141
f 2870 2140 2618
f 2121 2618 2140
f 2618 2121 2620
f 2620 2638 2618
f 2638 2620 2768
f 2784 2768 2620
f 2768 2784 2785
f 2785 2754 2768
f 2248 2620 2121
f 2620 2248 2784
f 3326 3348 3317
f 3363 3348 3326
f 3348 3363 3347
f 3347 3255 3348
f 3351 3348 3255
f 3348 3351 3317
f 3351 3257 3317
f 3350 3317 3257
f 3257 3328 3350
f 3328 3257 3256
f 3255 3347 3165
f 3165 3166 3255
f 3255 3166 3351
f 3370 3351 3166
f 3257 3351 3370
f 3370 3256 3257
f 3256 3370 3349
f 3166 3349 3370
f 3349 3166 3157
f 3166 3165 3157
f 3246 3360 3357
f 3357 3360 3314
f 3245 3357 3314
f 3357 3245 3356
f 3308 3357 3356
f 3357 3308 3246
f 3314 3360 3292
f 3292 3245 3314
f 3245 3292 3290
f 3289 3245 3290
f 3245 3289 3287
f 3287 3356 3245
f 3292 3360 3309
f 3309 3290 3292
f 3290 3309 3359
f 3358 3290 3359
f 3290 3358 3289
f 3454 3416 3338
f 3416 3454 3288
f 3365 3416 3288
f 3416 3365 3335
f 3336 3416 3335
f 3416 3336 3337
f 3337 3338 3416
f 3338 3337 3333
f 3454 3365 3288
f 3365 3454 3408
f 3408 3342 3365
f 3365 3342 3335
f 3342 3336 3335
f 3336 3342 3413
f 3409 3336 3413
f 3336 3409 3410
f 3333 3336 3410
f 3336 3333 3337
f 3404 3408 3454
f 3408 3404 3450
f 3450 3451 3408
f 3451 3450 3412
f 3412 3397 3451
f 3397 3412 3406
f 3406 3469 3397
f 3401 3404 3454
f 3404 3401 3455
f 3402 3404 3455
f 3404 3402 3400
f 3412 3404 3400
f 3404 3412 3450
f 3469 3455 3401
f 3455 3469 3402
f 3469 3406 3402
f 3406 3400 3402
f 3400 3406 3412
f 3413 3343 3409
f 3343 3413 3342
f 3342 3408 3343
f 3944 3993 4116
f 3944 4101 3993
f 4064 3993 4101
f 3993 4064 4126
f 4126 4116 3993
f 4116 4126 4110
f 4110 4065 4116
f 4065 4110 4066
f 4110 3901 4066
f 4101 3944 4523
f 4523 4067 4101
f 4109 4101 4067
f 4101 4109 4064
f 4087 4064 4109
f 4064 4087 3900
f 3900 4126 4064
f 4126 3900 3899
f 3899 4110 4126
f 4110 3899 3890
f 3901 4110 3890
f 3890 4121 3901
f 4067 4523 4522
f 4522 3985 4067
f 4048 4067 3985
f 4067 4048 4109
f 3902 4109 4048
f 4109 3902 4087
f 4086 4087 3902
f 4087 4086 4108
f 4108 3900 4087
f 3900 4108 3904
f 3904 3899 3900
f 3985 4522 4337
f 4337 3982 3985
f 4163 3985 3982
f 3985 4163 4048
f 4157 4048 4163
f 4048 4157 3902
f 4127 3902 4157
f 3902 4127 4086
f 4118 4086 4127
f 4085 4086 4118
f 4108 4086 4085
f 4085 3904 4108
f 3982 4337 3927
f 3927 4071 3982
f 4075 3982 4071
f 3982 4075 4163
f 3983 4163 4075
f 4163 3983 4157
f 3984 4157 3983
f 4157 3984 4127
f 4128 4127 3984
f 4127 4128 4118
f 4128 4228 4118
f 4228 4085 4118
f 4071 3927 3943
f 4525 4071 3943
f 4071 4525 4160
f 4158 4071 4160
f 4071 4158 4075
f 4161 4075 4158
f 4075 4161 3983
f 4161 3984 3983
f 3984 4161 4072
f 4128 3984 4072
f 4072 4155 4128
f 4155 4222 4128
f 4228 4128 4222
f 4524 4160 4525
f 4160 4524 4131
f 4131 4158 4160
f 4158 4131 4159
f 4159 4161 4158
f 4161 4159 4073
f 4073 4072 4161
f 4072 4073 4154
f 4154 4155 4072
f 4524 4162 4131
f 4162 4159 4131
f 4159 4162 4170
f 4170 4073 4159
f 4073 4170 4076
f 4076 4154 4073
f 4154 4076 4191
f 4191 4155 4154
f 4155 4191 4190
f 4190 4226 4155
f 4222 4155 4226
f 4122 4170 4162
f 4170 4122 3892
f 3892 4076 4170
f 4076 3892 3889
f 3889 4191 4076
f 4191 3889 4156
f 4190 4191 4156
f 4190 4156 4120
f 4227 4190 4120
f 4190 4227 4225
f 4226 4190 4225
f 4102 3892 4122
f 3892 4102 4059
f 4059 3889 3892
f 3889 4059 4046
f 4046 4156 3889
f 4156 4046 4130
f 4130 4120 4156
f 4521 4226 4225
f 4226 4521 4519
f 3952 4226 4519
f 4226 3952 4222
f 3952 4228 4222
f 4227 4521 4225
f 4521 4227 3950
f 4520 4521 3950
f 4521 4520 4519
f 3942 4519 4520
f 4519 3942 3952
f 4228 3952 3942
f 3940 4228 3942
f 4228 3940 4518
f 4085 4228 4518
f 4230 4085 4518
f 4085 4230 4119
f 3904 4085 4119
f 3949 3942 4520
f 3942 3949 3940
f 4230 3940 3949
f 3940 4230 4518
f 4617 3949 4520
f 3949 4617 4232
f 4232 4230 3949
f 4230 4232 3947
f 3947 4119 4230
f 4119 3947 3988
f 3903 4119 3988
f 3903 3904 4119
f 3899 3904 3903
f 3891 3899 3903
f 3899 3891 3890
f 3948 4232 4617
f 4232 3948 3947
f 4129 3947 3948
f 3947 4129 3988
f 4121 3988 4129
f 3988 4121 3891
f 3988 3891 3903
f 4121 3890 3891
