# runtime 8054 family mesh: Head
v 0.624487399 1.667561550 -2.107384244
v 0.558612014 1.722418950 -2.166740918
v 0.573514057 1.647142407 -2.166073989
v 0.602064699 1.627576601 -2.133950246
v 0.599836356 1.650433851 -2.137729510
v 0.564182871 1.715043677 -2.229988011
v 0.583541599 1.604414588 -2.142731477
v 0.544916990 1.802632658 -2.198197732
v 0.594079804 1.792270705 -2.166073989
v 0.572956971 1.710106511 -2.183302986
v 0.598350794 1.714738914 -2.168297086
v 0.562975852 1.883577799 -1.768917815
v 0.621052037 1.775325864 -2.207090118
v 0.529782828 1.857916727 -1.821382890
v 0.087967439 1.783981143 -3.364545265
v 0.091495648 1.760026745 -3.332643831
v 0.076872149 1.786784965 -3.359765608
v 0.076454334 1.761550561 -3.329198032
v -0.000005679 1.497381706 -3.370436470
v 0.529782828 1.857916727 -1.821382890
v 0.619566475 1.938496151 -1.820604807
v 0.682610007 1.653969106 -1.990449373
v 0.569382338 1.664087248 -2.054252240
v 0.549280828 1.687675930 -2.040357887
v 0.549559371 1.806289818 -2.232099953
v 0.426257735 1.861391029 -1.881184184
v 0.541249509 1.541816200 -1.993339398
v 0.542502952 1.054743444 -2.098825323
v 0.536050043 1.067604457 -2.080595932
v 0.559586914 1.067604457 -2.102271122
v 0.548398776 1.791783084 -2.257443252
v 0.489347691 1.753809573 -1.864066342
v 0.598490066 1.722784666 -2.205200486
v 0.544684871 1.890099734 -1.856396659
v 0.453369239 1.667500597 -2.513655113
v 0.514927210 1.880042545 -1.891743892
v 0.414187544 1.655858638 -2.549891585
v 0.608517608 1.421556589 -2.064589638
v 0.535353686 1.371148734 -2.095935297
v 0.586930537 1.364809657 -2.054808014
v 0.408523840 1.634159489 -2.536441851
v 0.400956759 1.934717086 -1.860175923
v 0.563347242 1.605267925 -2.029131250
v 0.436053158 1.644765253 -2.490534910
v 0.567339690 1.625565163 -2.072259321
v 0.554201752 1.295323618 -2.125724789
v 0.512048933 1.351400071 -2.122278990
v 0.499050267 1.283376895 -2.054363394
v 0.493618681 1.260641551 -2.140841845
v 0.537024943 1.333601892 -2.089154853
v 0.519987405 1.295567428 -2.176633697
v 0.551648443 1.246500532 -2.049806047
v 0.534750176 1.265213001 -2.025351986
v 0.561026052 1.307697009 -2.040802506
v 0.563347242 1.605267925 -2.029131250
v 0.567339690 1.625565163 -2.072259321
v 0.605917875 1.635378542 -2.041024816
v 0.589901661 1.606060310 -2.014569969
v 0.615063366 1.629953755 -2.058587278
v 0.578110014 1.620688950 -2.097269155
v 0.646910098 1.645009064 -2.019905400
v 0.643103346 1.595271688 -2.011124169
v 0.635164875 1.627271838 -1.994562101
v 0.635164875 1.627271838 -1.994562101
v 0.592362123 1.599660280 -2.124168622
v 0.630847461 1.576620172 -2.091933724
v 0.592269275 1.585458309 -2.163739738
v 0.492690205 1.453861502 -1.882851506
v 0.628247727 1.598745990 -2.088265615
v 0.450630234 1.468002521 -1.970886124
v 0.563347242 1.605267925 -2.029131250
v 0.548677319 1.897292149 -1.875737598
v 0.529875676 1.790929747 -1.826162548
v 0.575649552 1.911676978 -1.795817282
v 0.493247291 1.839021400 -1.866067128
v 0.575231737 1.494334073 -2.096268762
v 0.583541599 1.604414588 -2.142731477
v 0.674717960 1.419971820 -1.923423016
v 0.597515166 1.551020052 -2.149845385
v 0.597143775 1.532063773 -2.138174129
v 0.594126228 1.559065804 -2.039802113
v 0.094884586 1.145014343 -3.198146498
v 0.107047624 1.160435367 -3.190699125
v 0.072276191 1.138065739 -3.203815394
v 0.095813063 1.128252360 -3.192255293
v 0.106815505 1.117341832 -3.162910420
v 0.115914572 1.141600993 -3.181139811
v 0.109925901 1.172443043 -3.169690864
v 0.591990732 1.519080855 -2.115943165
v 0.127056286 1.199627932 -3.055201399
v 0.052174682 1.143124810 -3.186808707
v 0.029984102 1.095033157 -3.238273389
v -0.000005679 1.128739981 -3.209261980
v 0.597608013 1.574852545 -2.145843812
v 0.145254419 1.222424229 -3.001624776
v 0.138244424 1.209624169 -3.017408760
v 0.656287708 1.402478405 -1.936094665
v 0.661672870 1.417350855 -1.952879043
v 0.647281489 1.412535595 -1.927424589
v 0.518594691 1.252900562 -2.078261681
v 0.511863238 1.322752317 -2.056919955
v 0.454019172 1.339270490 -2.088821389
v 0.056492096 1.102835098 -3.221600166
v 0.026688011 1.121608519 -3.231715254
v -0.000005679 1.123376146 -3.238384543
v 0.509124234 1.723028476 -2.398054100
v 0.538092690 1.722114186 -2.383270509
v 0.543152885 1.719310364 -2.400721815
v 0.063594939 1.156473444 -3.178583250
v 0.073901025 1.167688735 -3.164688897
v 0.083650025 1.185060244 -3.143124862
v 0.568036047 1.527309465 -2.058142658
v 0.590783713 1.515118932 -2.094156820
v 0.558704861 1.563210586 -2.041580590
v 0.564182871 1.463126308 -2.079484384
v 0.544127785 1.673961580 -2.370043085
v 0.591480071 1.687858788 -2.352702933
v 0.593244175 1.706632209 -2.360594925
v 0.508056486 1.721565612 -2.426398579
v 0.510934762 1.693954055 -2.368042298
v 0.469617572 1.632452814 -2.444405660
v 0.414048273 1.624772778 -2.460411954
v 0.431457201 1.636049022 -2.431289391
v 0.425561377 1.624468015 -2.469526649
v 0.015639145 1.129227602 -3.209150826
v 0.162477652 1.291849316 -2.894916148
v 0.660001613 1.614349873 -2.030465108
v 0.575278161 1.493358830 -2.120945132
v 0.558704861 1.563210586 -2.041580590
v 0.589901661 1.606060310 -2.014569969
v 0.564182871 1.463126308 -2.079484384
v 0.650020494 1.426859471 -1.935427736
v 0.647281489 1.412535595 -1.927424589
v 0.622026937 1.379743060 -1.981445832
v 0.032258868 1.132579999 -3.202370382
v 0.604664432 1.274721616 -2.026241225
v 0.550998509 1.665489159 -2.394941765
v 0.555501619 1.681153995 -2.407835724
v 0.510191981 1.662990100 -2.382937044
v 0.478298824 1.648178602 -2.458744632
v -0.000005679 1.140930514 -3.116003086
v 0.066983877 1.542974300 -3.341425062
v -0.000005679 1.132823810 -3.138456360
v 0.619334356 1.436489993 -1.983446619
v 0.609074694 1.383583078 -1.970441505
v 0.602528937 1.403636505 -1.955546759
v 0.575231737 1.494334073 -2.096268762
v 0.602436089 1.433015691 -1.964994919
v 0.633215075 1.414729891 -2.003787951
v 0.602528937 1.403636505 -1.955546759
v 0.631172427 1.382364025 -1.990782837
v 0.097623591 1.189631694 -3.109556106
v 0.116239539 1.189814552 -3.080655853
v 0.568036047 1.527309465 -2.058142658
v 0.575231737 1.494334073 -2.096268762
v 0.163034738 1.269174924 -2.925372569
v 0.152682229 1.236870011 -2.979060347
v 0.121624700 1.194690766 -3.067873049
v -0.000005679 1.127764738 -3.171358187
v 0.501139338 1.430394726 -2.046693712
v 0.558612014 1.401259352 -1.997452126
v 0.564182871 1.463126308 -2.079484384
v 0.572910547 1.437709046 -1.994450946
v 0.585630671 1.452337686 -2.030131644
v 0.541528052 1.460139627 -2.030020489
v 0.161688447 1.255094858 -2.952272035
v 0.478530943 1.466722515 -2.013013801
v 0.558612014 1.401259352 -1.997452126
v 0.548955862 1.485739747 -2.001676009
v 0.501139338 1.430394726 -2.046693712
v 0.541528052 1.460139627 -2.030020489
v 0.501139338 1.430394726 -2.046693712
v 0.502996291 1.387484049 -2.077038978
v 0.560004728 1.372123977 -2.037690171
v 0.586280604 1.439903342 -2.096157607
v 0.492875900 1.908934108 -1.900191658
v 0.606939199 1.377244001 -2.075593965
v 0.578342133 1.424787081 -2.123390538
v 0.589344575 1.471293965 -2.086375983
v 0.564414990 1.399004103 -2.148289218
v 0.589344575 1.471293965 -2.086375983
v 0.465717972 1.829878500 -1.894745072
v 0.619009389 1.457823426 -2.073815488
v 0.601229070 1.477511137 -2.101048419
v 0.602064699 1.627576601 -2.133950246
v 0.575231737 1.494334073 -2.096268762
v 0.583541599 1.604414588 -2.142731477
v 0.506942315 1.539256188 -1.947432457
v 0.534053819 1.266736817 -2.108051173
v 0.612742175 1.456848183 -2.109385031
v 0.575185314 1.604963162 -2.214759801
v 0.575278161 1.493358830 -2.120945132
v 0.586280604 1.439903342 -2.096157607
v 0.610420985 1.655005301 -2.146733050
v 0.578156437 1.453191023 -2.155514281
v 0.578342133 1.424787081 -2.123390538
v 0.585630671 1.578570657 -2.202643925
v 0.557962081 1.622334672 -2.226764521
v 0.616316808 1.624772778 -2.134839485
v 0.579270609 1.637329028 -2.193862694
v 0.622676870 1.639462371 -2.149956540
v 0.592269275 1.585458309 -2.163739738
v 0.571332137 1.618616559 -2.231099559
v 0.589483847 1.667439645 -2.192639991
v 0.589483847 1.667439645 -2.192639991
v 0.563718633 1.652140526 -2.207979356
v 0.578806371 1.683043527 -2.221651399
v 0.563718633 1.652140526 -2.207979356
v 0.457036720 1.290325499 -2.083708267
v 0.533775276 1.643607152 -2.289678150
v 0.617616675 1.676338734 -2.174521755
v 0.477788162 1.596185978 -2.318689558
v 0.593429871 1.648178602 -2.208312821
v 0.592547818 1.671096805 -2.223763341
v 0.499700200 1.627820412 -2.311353340
v 0.454019172 1.339270490 -2.088821389
v 0.574953195 1.277220676 -2.084264041
v 0.336799055 1.927402766 -1.846170415
v 0.308573379 1.902838842 -1.796039591
v 0.558704861 1.606121263 -2.279118442
v 0.561861680 1.042431006 -2.074704727
v 0.487165772 1.566684888 -2.290345079
v 0.524444090 1.596368836 -2.298237071
v 0.536050043 1.067604457 -2.080595932
v 0.539160438 1.594052635 -2.243437744
v 0.165866590 1.372916362 -2.782649779
v 0.158670900 1.344939088 -2.826667088
v 0.160992090 1.306843672 -2.872462874
v 0.612324361 1.557602940 -2.057142265
v 0.202634247 1.409366056 -2.732074336
v 0.555640890 1.076015925 -2.085486744
v 0.607171318 1.793733569 -2.191973062
v 0.590273052 1.697915978 -2.333028530
v 0.583727294 1.711752233 -2.341142832
v 0.615295485 1.702182665 -2.322246512
v 0.092841939 1.104054151 -3.177916321
v 0.089638696 1.119353270 -3.203815394
v 0.510934762 1.693954055 -2.368042298
v 0.536467857 1.697733120 -2.358816448
v 0.536467857 1.697733120 -2.358816448
v 0.046650249 1.126911401 -3.220043998
v 0.590273052 1.697915978 -2.333028530
v 0.517759062 1.704803629 -2.444072195
v 0.593708413 1.249121497 -2.009901466
v 0.524583362 1.677131119 -2.442960647
v 0.550534271 1.706754115 -2.410614594
v 0.514602243 1.656711976 -2.426843198
v 0.447241296 1.730159938 -2.477640951
v 0.480202201 1.723942766 -2.412837691
v 0.455597582 1.707058878 -2.513877423
v 0.455319039 1.692247380 -2.380047019
v 0.485448091 1.690235942 -2.377156993
v 0.458754401 1.650129088 -2.383603973
v 0.510238405 1.648910034 -2.419729290
v 0.485448091 1.690235942 -2.377156993
v 0.133277076 1.194264097 -3.131898225
v 0.119257086 1.135993348 -3.144681030
v 0.476256177 1.652018620 -2.395831003
v 0.455319039 1.692247380 -2.380047019
v 0.473052934 1.724003719 -2.451853033
v 0.421336811 1.721992281 -2.432067475
v 0.041915020 1.159033456 -3.134121322
v 0.130305953 1.167079208 -3.147015281
v 0.120789072 1.154401053 -3.158908847
v 0.135551843 1.154949627 -3.120449279
v 0.141261972 1.174027812 -3.127118568
v 0.143211772 1.193715523 -3.086769368
v 0.153425009 1.193349807 -3.109556106
v 0.629547594 1.276733054 -1.969218802
v 0.591526494 1.294348375 -2.011235324
v 0.485123124 1.703218860 -2.477196332
v 0.493804377 1.673413006 -2.477640951
v 0.591526494 1.294348375 -2.011235324
v 0.574953195 1.262774894 -1.993561708
v 0.428950315 1.735645678 -1.898524336
v 0.482801934 1.649641466 -1.907861341
v 0.513813038 1.127216164 -2.101381884
v 0.486005177 1.691576901 -1.906527483
v 0.553180428 1.615751784 -1.999341758
v 0.517759062 1.604536493 -1.939985084
v 0.539624676 1.670974899 -1.996562888
v 0.525558262 1.666220591 -1.941541251
v 0.527275943 1.131299993 -2.126280563
v 0.491529610 1.167688735 -2.183525296
v 0.414883901 1.127338070 -2.129059434
v 0.474259953 1.098080790 -2.115165081
v 0.457175991 1.739363791 -1.898524336
v 0.479227301 1.255277716 -2.105383457
v 0.511863238 1.322752317 -2.056919955
v 0.340187993 1.826891820 -1.807599693
v 0.390604249 1.707119831 -1.811490111
v 0.148364814 1.179818315 -3.084657427
v 0.522540714 1.122583762 -2.153402340
v 0.449469639 1.089608369 -2.207090118
v 0.460425658 1.630502329 -1.896412394
v 0.068283744 1.611728908 -3.309857093
v 0.034765754 1.665184396 -3.298852766
v 0.018517421 1.685603539 -3.329420342
v 0.364792612 1.843166181 -1.863288258
v 0.140937005 2.027304186 -1.804931977
v 0.205094709 1.990976397 -1.797039985
v 0.166562947 1.199871742 -3.074431183
v 0.428764620 1.087901695 -2.185192618
v 0.451930101 1.155132485 -2.105716922
v 0.397289278 1.728209453 -1.871624869
v 0.016799740 1.682373048 -3.284069175
v 0.451930101 1.155132485 -2.105716922
v 0.500953643 1.087170263 -2.158181997
v 0.487072924 1.083208339 -2.140397226
v 0.015639145 1.128252360 -3.171247032
v 0.052592497 1.169822078 -3.116670015
v 0.065544739 1.179269741 -3.093883277
v 0.316558274 1.443072881 -2.524770595
v 0.035554959 1.145623869 -3.149016068
v -0.000005679 1.150317225 -3.093994431
v -0.000005679 1.150073414 -3.095550599
v 0.329278398 1.505793174 -2.486644492
v 0.446127125 1.604231730 -2.368709227
v 0.267349037 1.391445972 -2.605802459
v 0.149896800 1.164702054 -3.076765434
v 0.143583162 1.161044894 -3.090882097
v 0.340512959 1.528040897 -2.478974809
v 0.246040508 1.393884079 -2.633591165
v 0.120185562 1.185060244 -3.158241918
v 0.074597382 1.576376362 -3.326196852
v 0.561026052 1.307697009 -2.040802506
v 0.069119372 1.598502179 -3.380551559
v 0.282622470 1.397480286 -2.593353119
v 0.213915233 1.409670819 -2.707175656
v 0.291396570 1.402234594 -2.582126483
v 0.160713548 1.316778956 -2.857790438
v 0.158253086 1.354630562 -2.805769982
v 0.517387672 1.105334157 -2.163406273
v 0.473192205 1.122583762 -2.220539851
v 0.322918336 1.474097788 -2.501650393
v 0.320689993 1.462090112 -2.516767448
v 0.367763735 1.558821994 -2.437958680
v 0.190471209 1.401320304 -2.754305300
v 0.238751970 1.400649825 -2.655710974
v 0.435867463 1.591919291 -2.390162107
v 0.348590702 1.540292383 -2.465525076
v 0.327653564 1.492810256 -2.499649606
v 0.491901000 1.156900113 -2.213648252
v 0.357457650 1.554981976 -2.454409594
v 0.474677767 1.165006817 -2.123612848
v 0.063641363 1.628856607 -3.361432930
v 0.052638920 1.632757578 -3.295851586
v 0.301331265 1.414486080 -2.555893945
v -0.015882622 1.797451682 -3.622757913
v -0.000005679 1.794465001 -3.630983370
v -0.000005679 1.823051802 -3.607529703
v -0.000005679 1.824880382 -3.609419335
v 0.005286635 1.817078440 -3.637763814
v 0.017542521 1.797451682 -3.624647545
v -0.000005679 1.549922904 -3.417788424
v 0.040615154 1.507316991 -3.363767181
v 0.043911244 1.657748171 -3.342536610
v 0.029055625 1.553214348 -3.411119135
v 0.221946551 1.404611748 -2.683833143
v -0.000191374 1.816286056 -3.639208827
v 0.004404583 1.808423162 -3.636207646
v -0.013700703 1.821893701 -3.628093344
v -0.000005679 1.799645978 -3.633317621
v 0.455551158 1.540901910 -1.908194805
v 0.442831034 1.616483216 -1.858953220
v 0.491947424 1.119658034 -2.095712988
v 0.437538720 1.603805061 -1.810712028
v 0.491947424 1.119658034 -2.095712988
v 0.311915893 1.435514750 -2.533329516
v 0.383594254 1.568147752 -2.417283884
v 0.410102249 1.582105912 -2.392718668
v 0.451558710 1.533709495 -1.847170809
v 0.441484744 1.612216529 -2.353481017
v 0.442738187 1.614593683 -2.349145979
v -0.000191374 1.816286056 -3.639208827
v 0.010532526 1.817322251 -3.609419335
v 0.058534744 1.576620172 -3.395112841
v 0.165355928 1.186157392 -3.072986170
v 0.156674676 1.177075445 -3.102108733
v 0.159413681 1.167749687 -3.053422922
v 0.172319500 1.193593618 -3.056757567
v 0.164705995 1.210599412 -3.054089851
v 0.175383471 1.180123079 -3.024189204
v 0.190656904 1.214561335 -3.004514801
v 0.183739757 1.226934726 -3.007849446
v 0.207369475 1.308306536 -2.887246465
v 0.191631804 1.238698591 -2.985173862
v 0.214147352 1.299773162 -2.879910247
v 0.181511414 1.200664127 -3.026078836
v 0.178261747 1.211940370 -3.026523455
v 0.251100703 1.196458393 -2.714845338
v 0.147622033 1.028046176 -3.064538404
v 0.121578277 0.983794541 -3.116892325
v 0.018378149 0.969836380 -3.041751666
v 0.165448776 1.075650209 -2.636814654
v 0.187639357 1.064800634 -2.725849666
v 0.119582053 1.056145355 -2.780648992
v 0.143026076 1.064130155 -2.699061354
v 0.213868809 1.077966410 -2.669271862
v 0.500953643 1.205601293 -2.085709054
v 0.167677119 1.056023450 -3.009405613
v 0.474677767 1.165006817 -2.123612848
v 0.277283732 1.170492557 -2.650264388
v 0.193303061 1.076076877 -2.959385944
v 0.085228434 0.956548699 -3.142569088
v 0.423982968 1.220839460 -2.053585311
v 0.477370348 1.373525888 -2.276117261
v 0.453740629 1.618250843 -2.339253200
v 0.458707977 1.578509705 -2.351591385
v 0.220971651 1.153121047 -2.844451859
v 0.235223761 1.176831635 -2.779426289
v 0.338748855 1.231689034 -2.536108387
v 0.308016293 1.222789945 -2.595131597
v 0.442459644 1.288070250 -2.057698039
v 0.467528501 1.446425277 -2.286121195
v 0.055099382 0.915771365 -3.162132337
v 0.032073173 0.892975068 -3.173247819
v 0.167491424 1.080831185 -3.018964928
v 0.377187769 1.456482467 -2.512765875
v 0.373984526 1.437891904 -2.523659047
v 0.377466311 1.467453947 -2.522658654
v 0.205280404 1.128618076 -2.907143178
v 0.235827270 1.141783851 -2.763419995
v 0.195624252 1.104419867 -2.967833710
v 0.116750200 1.019147087 -3.115336157
v 0.202819942 1.098873174 -2.897806173
v 0.442923882 1.177624019 -2.332028136
v 0.437910111 1.348474343 -2.391162501
v 0.378580483 1.095155062 -2.391051346
v 0.409080925 1.096008399 -2.333028530
v 0.432710644 1.120389466 -2.337585877
v 0.251472094 1.376512569 -2.703285237
v 0.242883689 1.394493606 -2.724293498
v 0.252771961 1.392116452 -2.704063321
v 0.424029392 1.309037968 -2.368931537
v 0.405274173 1.310500832 -2.451297259
v 0.239448327 1.395103132 -2.744745985
v 0.238705547 1.406806044 -2.721736937
v 0.219857480 1.401076494 -2.760529970
v 0.230117142 1.389373582 -2.758418028
v 0.231927670 1.411987021 -2.746302153
v 0.218046952 1.400162204 -2.781093611
v 0.208437223 1.377975433 -2.800656860
v 0.226821051 1.381754498 -2.788318675
v 0.217164899 1.369503012 -2.797877989
v 0.189728428 1.256923438 -2.967500246
v 0.207462323 1.244489094 -2.956162454
v 0.211640466 1.282218794 -2.893471135
v 0.196227761 1.216085152 -2.975503393
v 0.198873918 1.229555691 -2.979171502
v 0.192421009 1.195117434 -2.997845512
v 0.147297067 1.052610101 -3.071763467
v 0.376955649 1.244062425 -2.477974416
v 0.457036720 1.290325499 -2.083708267
v 0.470174658 1.216877536 -2.065590031
v 0.273059165 1.210416554 -2.651487091
v 0.209319275 1.371270640 -2.812661581
v 0.216979204 1.332992365 -2.806103446
v 0.216747085 1.313121796 -2.825333230
v 0.050735544 0.900898915 -3.150794545
v 0.026455892 0.869569244 -3.139901372
v 0.027477216 0.869020670 -3.164688897
v 0.093956110 1.032861437 -2.901474282
v 0.124549400 1.039931946 -2.915035170
v 0.135923234 1.029996662 -2.975948012
v 0.109043848 1.027314744 -2.961609040
v 0.219068275 1.335979046 -2.838227189
v 0.132441448 1.005615595 -3.054979089
v 0.103983653 0.963802066 -3.104109520
v 0.072879701 0.940396242 -3.130342058
v 0.063873482 0.933142875 -3.109444952
v 0.200173785 1.293677896 -2.902141211
v 0.202587823 1.264664427 -2.937377289
v 0.214750861 1.292824558 -2.858568521
v 0.213265299 1.309464636 -2.863792798
v 0.203655571 1.349205775 -2.840672595
v 0.090474325 0.955695362 -3.087880916
v 0.160945667 1.036884313 -2.991398532
v 0.222596485 1.348596248 -2.786206733
v 0.285129355 1.384253558 -2.655488664
v 0.228724428 1.372977314 -2.749303333
v 0.405784835 1.119414223 -2.399276803
v 0.082303734 1.019268992 -2.951160487
v 0.057977658 0.953501066 -3.074208873
v 0.077568506 0.964472546 -3.067317275
v 0.082582277 1.093265529 -3.185919468
v 0.037040521 0.936800035 -3.082878949
v 0.107604710 1.040480520 -2.847008420
v 0.284479422 1.254424379 -2.666826456
v 0.262242418 1.238759543 -2.731185097
v 0.251100703 1.290813120 -2.742078269
v 0.344226864 1.375354468 -2.587461914
v 0.332388793 1.388337386 -2.601578576
v 0.342973421 1.412718453 -2.584460734
v 0.334431441 1.371392545 -2.601245112
v 0.557962081 1.622334672 -2.226764521
v 0.499700200 1.627820412 -2.311353340
v 0.466971415 1.562357248 -2.339586664
v 0.040847273 0.974224972 -3.038639331
v 0.419247739 1.362310598 -2.451297259
v 0.056863487 1.075650209 -3.210373529
v 0.148318391 1.096739831 -3.052755993
v 0.156906795 1.068031125 -3.045753239
v 0.157138914 1.042796722 -3.037083163
v 0.087688896 0.984647878 -3.039195105
v 0.179840157 1.053402485 -2.946047365
v 0.216700661 1.362615361 -2.809771555
v 0.206858814 1.362310598 -2.821553966
v 0.199663123 1.316718003 -2.869128229
v 0.209180004 1.351826739 -2.815551606
v 0.251007856 1.409000340 -2.703507547
v 0.241166008 1.379316392 -2.723626569
v 0.270598703 1.387240238 -2.673940364
v 0.209272852 1.267833965 -2.888246859
v 0.209969209 1.248390065 -2.915146325
v 0.206580271 1.231932845 -2.949715474
v 0.213961656 1.273990184 -2.909477429
v 0.267349037 1.402295547 -2.673051126
v 0.208437223 1.282950226 -2.924149866
v 0.205651795 1.259483450 -2.925706033
v 0.266095594 1.375963995 -2.674829603
v 0.279047836 1.399186961 -2.653265568
v 0.284432998 1.373160172 -2.654377116
v 0.063548515 0.983185014 -3.036972009
v 0.144465214 1.023840442 -3.026189991
v 0.597608013 1.574852545 -2.145843812
v 0.591990732 1.519080855 -2.115943165
v 0.597515166 1.551020052 -2.149845385
v 0.597143775 1.532063773 -2.138174129
v -0.000005679 0.968434469 -3.044975156
v 0.141447667 1.082537860 -3.079877769
v 0.087549625 1.025790928 -3.158908847
v 0.321107807 1.372367788 -2.613916761
v 0.301981198 1.382364025 -2.625365708
v 0.314794169 1.394432653 -2.610248652
v 0.283550946 1.314036086 -2.647596672
v 0.301284841 1.394493606 -2.624254160
v 0.325982307 1.398028860 -2.598577396
v 0.302770403 1.372855409 -2.628811507
v 0.320829265 1.385655469 -2.613916761
v 0.231834823 1.258325349 -2.805992291
v 0.239076937 1.214927051 -2.793654106
v 0.331553164 1.399979346 -2.589018081
v 0.338563160 1.391385020 -2.587350759
v 0.365767512 1.317571341 -2.563674782
v 0.110761529 1.001653672 -3.046309013
v 0.112293515 1.086134067 -3.140012527
v 0.202216433 1.158180119 -2.915702099
v 0.353000964 1.400527920 -2.584794198
v 0.357457650 1.439415721 -2.562674389
v 0.354486526 1.421434684 -2.572456013
v 0.360103807 1.397114570 -2.566120188
v 0.350958316 1.386508806 -2.580014541
v 0.357132683 1.410828920 -2.571900239
v 0.406388344 1.333540939 -2.501316928
v 0.366092478 1.438989052 -2.545667701
v 0.368227973 1.426981377 -2.535663768
v 0.374588035 1.453191023 -2.538109174
v 0.364142678 1.410889873 -2.553670849
v 0.365071154 1.425152797 -2.560673602
v 0.363074931 1.463004402 -2.540888044
v 0.358896788 1.443377644 -2.548224262
v 0.268927446 1.308306536 -2.678942331
v 0.320086484 1.266188243 -2.609915188
v 0.365256850 1.475012078 -2.525770989
v 0.391857692 1.434966176 -2.491646459
v 0.477138229 1.189753600 -2.099714561
v 0.386379683 1.470745391 -2.503317715
v 0.385404783 1.486897848 -2.517434377
v 0.371616911 1.506768417 -2.510431623
v 0.370038502 1.493602641 -2.523547892
v 0.381830149 1.497137895 -2.503095405
v 0.225706880 1.120572324 -2.834003306
v 0.257042951 1.156473444 -2.706286417
v 0.395618021 1.505610316 -2.484977169
v 0.382897897 1.530418051 -2.503317715
v 0.393900340 1.519812287 -2.497871129
v 0.386704649 1.484459741 -2.493424936
v 0.407827482 1.556993414 -2.461634657
v 0.460379234 1.607096505 -2.338141651
v 0.084810620 0.987512653 -3.146904126
v 0.409359468 1.542060010 -2.473305913
v 0.390929216 1.542303821 -2.489645672
v 0.398774840 1.555408644 -2.478196725
v 0.417158668 1.538707614 -2.445294898
v 0.402163778 1.516764654 -2.471749746
v 0.412980525 1.549435283 -2.458855787
v 0.400167554 1.530235193 -2.485866408
v 0.422218863 1.566258219 -2.441182170
v 0.404670663 1.463248213 -2.472972449
v 0.428207535 1.489518812 -2.451074949
v 0.411216420 1.529138045 -2.460078490
v 0.429414554 1.557907704 -2.437736371
v 0.056631368 0.948441994 -3.175137451
v 0.427093363 1.544315259 -2.432400939
v 0.440741963 1.556505792 -2.398943338
v 0.438467196 1.513838926 -2.422730470
v 0.438931434 1.570585858 -2.408280343
v 0.428671773 1.580582095 -2.413282310
v 0.449841030 1.579423995 -2.382937044
v 0.436006734 1.591553575 -2.389828643
v 0.468085586 1.597831700 -2.327581943
v 0.446730634 1.304588423 -2.318356093
v 0.435078258 1.405708896 -2.406835331
v 0.448494739 1.370904924 -2.324358454
v 0.407688211 1.415339417 -2.451297259
v 0.431085811 1.459591053 -2.413504620
v 0.380994521 1.083330245 -2.325136537
v 0.299056498 1.107955122 -2.318467248
v 0.449980301 1.536513318 -2.392051739
v 0.462978967 1.553458159 -2.366597285
v 0.388422330 1.404794606 -2.515544745
v 0.452255068 1.566136314 -2.375267361
v 0.458011620 1.590578333 -2.363151486
v 0.449005401 1.600940286 -2.367375369
v 0.410334368 1.253144373 -2.427398972
v 0.187732204 1.161410610 -2.984173469
v 0.200080937 1.064556823 -2.886468381
v 0.350354807 1.087109310 -2.378379696
v 0.459032944 1.459469148 -2.360594925
v 0.326817936 1.103993198 -2.256665168
v 0.450073149 1.611119381 -2.348034430
v 0.471010286 1.531637105 -2.328026563
v 0.477788162 1.596185978 -2.318689558
v 0.425189987 1.242477656 -2.358594138
v 0.016381926 0.924060928 -3.088103226
v 0.042239987 0.896388417 -3.129119355
v 0.451094472 1.505122695 -2.371265788
v 0.204212656 1.184755481 -2.926372962
v 0.402024506 1.178843073 -2.394941765
v 0.463536053 1.246012911 -2.301794025
v -0.000005679 0.853172977 -3.148126829
v 0.120371258 1.015550880 -3.014852199
v 0.478530943 1.466722515 -2.013013801
v 0.501139338 1.430394726 -2.046693712
v 0.613670651 1.574425876 -2.159071235
v 0.575278161 1.493358830 -2.120945132
v 0.578156437 1.453191023 -2.155514281
v 0.621934089 1.511035103 -2.122612454
v 0.578342133 1.424787081 -2.123390538
v 0.598907880 1.454471029 -2.158737771
v 0.118607153 1.052792959 -3.126896258
v 0.205048285 1.059924421 -2.805436517
v 0.028452116 0.990804097 -3.207705813
v 0.057931235 1.002689867 -3.185474849
v 0.144790181 1.041760526 -2.865904740
v 0.592269275 1.585458309 -2.163739738
v 0.560608238 1.436307135 -2.198642352
v 0.586698418 1.502745541 -2.158960081
v 0.591062256 1.562479154 -2.174632910
v 0.520126676 1.446242419 -2.246994698
v 0.549280828 1.540475241 -2.225764128
v 0.560654661 1.476962563 -2.207757047
v 0.309919669 1.129654271 -2.580792625
v 0.154632029 1.041638621 -2.929818761
v 0.435867463 1.591919291 -2.390162107
v -0.000005679 1.447095756 -3.337979263
v 0.446127125 1.604231730 -2.368709227
v 0.071811953 1.003482252 -2.996400499
v 0.559958304 1.410158441 -2.177078316
v 0.585630671 1.578570657 -2.202643925
v 0.575185314 1.604963162 -2.214759801
v 0.096462996 1.008967992 -3.003736717
v 0.521937205 1.388093576 -2.220317542
v 0.337124021 1.185060244 -2.531439884
v 0.481177101 1.241868129 -2.170297872
v 0.479227301 1.255277716 -2.105383457
v 0.535353686 1.371148734 -2.095935297
v 0.362053607 1.145684822 -2.462190431
v 0.512048933 1.351400071 -2.122278990
v 0.479505843 1.223399472 -2.134061401
v 0.493618681 1.260641551 -2.140841845
v 0.492690205 1.453861502 -1.882851506
v 0.454204868 1.414425127 -1.996340578
v 0.512141781 1.326958051 -2.203644318
v 0.564414990 1.399004103 -2.148289218
v 0.450630234 1.468002521 -1.970886124
v 0.500628676 1.289715972 -2.209646679
v 0.478298824 1.620262281 -2.322468822
v 0.030169797 0.933996212 -3.192922222
v 0.461075591 1.620384186 -2.332583910
v 0.308016293 1.178233546 -2.589462701
v 0.367810159 1.199810790 -2.466525469
v 0.435124682 1.334211419 -1.949989018
v 0.454019172 1.339270490 -2.088821389
v 0.267766851 1.108869412 -2.390273262
v 0.288193327 1.107101784 -2.512432410
v 0.414883901 1.127338070 -2.129059434
v 0.474631343 1.485495936 -2.316688771
v 0.165634471 1.053829154 -2.801990718
v 0.202680671 1.658601508 -2.822887824
v 0.473285053 1.248572923 -2.238102313
v 0.385915445 1.224130904 -2.040135577
v 0.519987405 1.295567428 -2.176633697
v 0.445802158 1.353045793 -2.062700006
v 0.366463869 1.193105996 -2.088265615
v 0.428300382 1.344634325 -2.017459994
v 0.409823706 1.291422647 -2.037245552
v 0.494779277 1.397358381 -1.909973282
v 0.313401455 1.110210370 -2.528438704
v 0.405134902 1.085524541 -2.282230777
v 0.360335926 1.129410460 -2.461190038
v 0.432617796 1.099177938 -2.287232744
v 0.333642236 1.133311431 -2.540221115
v 0.473192205 1.122583762 -2.220539851
v 0.164381028 1.136359064 -3.043196678
v 0.165355928 1.108808459 -3.029191171
v 0.372870354 1.284839759 -2.488867588
v 0.085089163 1.062301575 -3.171691651
v 0.178076052 1.048952941 -2.875575209
v 0.025480992 1.037920508 -3.219932843
v 0.188521409 1.133189526 -2.974614154
v 0.491901000 1.156900113 -2.213648252
v 0.052917463 1.047490077 -3.193589151
v 0.148689781 1.127459975 -3.064760714
v 0.223571385 1.185852629 -2.856567735
v 0.138940781 1.114659915 -3.093994431
v 0.223432113 1.086682641 -2.810216174
v 0.224360590 1.077844505 -2.730073549
v 0.241769518 1.102042713 -2.737854386
v 0.346826598 1.277586392 -2.548335417
v 0.312008741 1.315133234 -2.612360594
v 0.437213753 1.176587824 -2.078928610
v 0.482337696 1.314218944 -2.263223302
v 0.428764620 1.087901695 -2.185192618
v 0.449469639 1.089608369 -2.207090118
v 0.349147788 1.131056182 -2.181857974
v 0.501557153 1.521762773 -2.271004140
v 0.476209753 1.207368920 -2.205867415
v 0.491529610 1.167688735 -2.183525296
v 0.219068275 1.217913732 -2.867460907
v 0.487165772 1.566684888 -2.290345079
v 0.343019845 1.110515134 -2.454631903
v 0.451930101 1.155132485 -2.105716922
v 0.289214651 1.110697992 -2.570899846
v 0.451140896 1.403148884 -2.051584524
v 0.235548727 1.105151299 -2.472750139
v 0.320504298 1.101920808 -2.442960647
v 0.453090696 1.123559004 -2.287677363
v -0.214901491 1.708277931 -2.792320248
v -0.214065862 1.706693162 -2.793209487
v -0.218568971 1.709436032 -2.795654893
v -0.216758443 1.706997925 -2.796877596
v -0.216340629 1.705717919 -2.797211060
v -0.217640495 1.708460789 -2.796210667
v 0.185875252 1.089730275 -2.587239604
v 0.213126028 1.099056032 -2.528327549
v 0.266188441 1.103688435 -2.560340138
v 0.233181113 1.086682641 -2.626366101
v 0.471474524 1.177075445 -2.277228810
v -0.000005679 1.823051802 -3.607529703
v -0.000005679 1.824880382 -3.609419335
v -0.014675603 1.815432718 -3.624425235
v -0.009429712 1.823478470 -3.615977469
v 0.502996291 1.387484049 -2.077038978
v 0.456665329 1.414303222 -2.340475903
v 0.399424773 1.375598279 -2.504318108
v 0.373938102 1.365358231 -2.550891978
v 0.027616487 1.069920658 -3.229714467
v 0.539160438 1.594052635 -2.243437744
v 0.274962541 1.119779939 -2.655933283
v 0.256532289 1.095703636 -2.642261241
v 0.415580259 1.256252959 -1.982890845
v 0.239819718 1.088998843 -2.682054666
v 0.257042951 1.112770382 -2.695059780
v -0.009801103 1.818785115 -3.611975896
v -0.214019438 1.705230298 -2.793876416
v -0.000005679 0.917295182 -3.089548239
v 0.198363257 1.657991982 -2.825222075
v 0.441484744 1.612216529 -2.353481017
v 0.446266396 1.605085067 -2.370598859
v 0.448680434 1.614593683 -2.356704506
v 0.443527392 1.615690831 -2.349924062
v 0.028359268 1.427834714 -3.299630850
v 0.016614045 1.435758561 -3.304632817
v 0.016846164 1.439842389 -3.321639504
v 0.397196430 1.557176272 -2.463857753
v 0.435681768 1.592650723 -2.390829036
v 0.442738187 1.614593683 -2.349145979
v 0.214518742 1.660917710 -2.810994258
v 0.220553837 1.665915828 -2.803769195
v 0.209551394 1.659576751 -2.818441631
v 0.225846151 1.687371167 -2.788096365
v 0.225242642 1.691272137 -2.784761721
v 0.226171118 1.679386367 -2.793987571
v 0.224314166 1.672072047 -2.798878383
v 0.211129804 1.670548231 -2.829001339
v 0.196459880 1.660247230 -2.829445958
v 0.201891466 1.663477722 -2.829112494
v 0.225056947 1.693893102 -2.786540198
v 0.226356813 1.693405481 -2.790986391
v 0.194417233 1.657870076 -2.827222862
v 0.223153571 1.686091161 -2.821553966
v 0.226635356 1.689870226 -2.811550032
v 0.046557401 1.401625068 -3.256947399
v 0.219718209 1.678350172 -2.827556327
v 0.071951225 1.373586841 -3.233716041
v 0.034812178 1.416009897 -3.283624555
v 0.060763087 1.385533564 -3.243386510
v 0.412052049 1.570951574 -2.443405267
v 0.422915220 1.582410675 -2.416950419
v 0.228445885 1.691272137 -2.800990324
v 0.114568281 1.330919975 -3.177805166
v 0.139312172 1.299956020 -3.119448885
v 0.078125591 1.384070700 -3.262393985
v 0.063269973 1.396687902 -3.273731776
v 0.041032968 1.431552827 -3.315414834
v 0.051524749 1.414851796 -3.294073109
v 0.133230653 1.308611299 -3.143569481
v 0.096741539 1.357495337 -3.223045178
v 0.108208220 1.344573372 -3.199591511
v 0.084253534 1.371514450 -3.246165381
v 0.360335926 1.502257919 -2.508430837
v 0.374355916 1.519934193 -2.495870342
v 0.383130016 1.537854276 -2.483643312
v 0.350679774 1.456848183 -2.525104060
v 0.322454098 1.419118483 -2.552781610
v 0.334524288 1.440756679 -2.535441458
v 0.348033617 1.478974001 -2.518657080
v -0.209191362 1.700597895 -2.784094792
v -0.213415929 1.707912215 -2.786095578
v -0.216015662 1.709375079 -2.791542165
v -0.211744672 1.703157907 -2.789874842
v -0.211001891 1.704864582 -2.788985604
v 0.283318827 1.407842239 -2.607580937
v 0.293532065 1.408086050 -2.590907713
v 0.304813050 1.415095607 -2.570899846
v 0.033558735 1.442402401 -3.334533463
v 0.273941217 1.411560352 -2.623809540
v 0.017913911 1.446851946 -3.338979656
v 0.265909899 1.415887991 -2.636814654
v 0.123992315 1.329944732 -3.159464621
v -0.211744672 1.706693162 -2.787429436
v -0.210398381 1.699195984 -2.785317495
v 0.226356813 1.435209987 -2.704730250
v 0.204351928 1.411987021 -2.804769588
v 0.221528737 1.433564265 -2.719624996
v 0.201055837 1.403758411 -2.816551999
v 0.218464766 1.432832833 -2.731852026
v 0.568871676 1.691942617 -2.223207567
v 0.258482089 1.418874672 -2.659712547
v 0.213497418 1.428627099 -2.746302153
v 0.242140908 1.430760442 -2.681054273
v 0.252446994 1.419728009 -2.670605720
v 0.206208880 1.414973701 -2.785539804
v 0.208576495 1.418508956 -2.774868942
v 0.204909014 1.411926068 -2.795210274
v 0.194974318 1.364139178 -2.863348179
v 0.196691999 1.373038267 -2.851232303
v 0.162941890 1.291910268 -3.025856526
v 0.152682229 1.289472162 -3.077432363
v 0.144186672 1.291849316 -3.098774089
v 0.159692224 1.278378776 -3.051310980
v 0.167769966 1.299529352 -2.998290131
v 0.179515190 1.318485631 -2.936376896
v 0.186478761 1.336832383 -2.904030843
v 0.176079828 1.313853228 -2.958607860
v 0.184018300 1.326470430 -2.918814434
v 0.199709547 1.389007866 -2.828890184
v 0.209087156 1.426676613 -2.759640731
v 0.233598928 1.434539507 -2.693058994
v 0.173433671 1.305502713 -2.970946045
v 0.414048273 1.624772778 -2.460411954
v 0.421383235 1.559187710 -2.476418248
v 0.452115796 1.617336553 -2.406724176
v 0.198456104 1.378950676 -2.839116428
v 0.192235314 1.357434385 -2.874463661
v 0.188474985 1.343232413 -2.896027696
v 0.261638908 1.417350855 -2.651264781
v 0.455040496 1.603256487 -2.403611841
v 0.360846588 1.476292084 -2.526437917
v 0.363399897 1.455446272 -2.532440278
v 0.359546721 1.474707314 -2.551114288
v 0.425886344 1.590151664 -2.456855000
v 0.418690654 1.570707764 -2.479197119
v 0.431735744 1.576132551 -2.451630723
v 0.440881234 1.590700238 -2.426065114
v 0.375562935 1.522555157 -2.537998019
v 0.390604249 1.543522874 -2.517212067
v 0.395757292 1.528345661 -2.512765875
v 0.366835259 1.480436865 -2.537775709
v 0.381180216 1.495553126 -2.520324402
v 0.403324373 1.540109525 -2.493091471
v 0.404252849 1.561260100 -2.502984250
v 0.397289278 1.602707913 -2.516767448
v 0.392693321 1.614959399 -2.524214821
v 0.473702867 1.625382305 -2.355037184
v 0.402163778 1.581679243 -2.509208920
v 0.455272615 1.622517530 -2.341365141
v 0.478298824 1.620262281 -2.322468822
v 0.461075591 1.620384186 -2.332583910
v 0.453740629 1.618250843 -2.339253200
v 0.421522506 1.599477422 -2.456299226
v 0.465300158 1.613679393 -2.380269328
v 0.436192430 1.607523174 -2.430622462
v 0.416462311 1.612094624 -2.457744238
v 0.391671997 1.519202761 -2.505874276
v 0.410148673 1.585275451 -2.474528616
v 0.407038278 1.602342197 -2.480975596
v 0.404670663 1.549557188 -2.498315748
v 0.381412335 1.505183647 -2.530106027
v 0.350308383 1.441975733 -2.546556940
v 0.353604474 1.449838626 -2.553226229
v 0.465578701 1.626113737 -2.381714341
v 0.397985635 1.618921323 -2.491868768
v 0.365860359 1.462212018 -2.545667701
v 0.665201079 2.070275816 -1.813046279
v 0.620912765 2.005665990 -1.851617002
v 0.644263941 2.086428272 -1.771363221
v 0.563672209 1.726380873 -2.085042125
v 0.605546485 2.032363257 -1.802041952
v 0.660976513 2.074481550 -1.785591038
v 0.623373227 2.016149848 -1.820827116
v 0.576902995 2.095388314 -1.806043525
v 0.588276828 2.057353850 -1.798818462
v 0.615202637 2.024744174 -1.917309501
v 0.670771936 2.076980609 -1.845836951
v 0.700529598 2.127571322 -1.764693932
v 0.704800588 2.153110489 -1.809822789
v 0.682563584 2.177674414 -1.816269769
v 0.626994284 2.015174605 -1.868623689
v 0.708421645 2.133483731 -1.784146026
v 0.658330355 2.184074444 -1.765249706
v 0.662879889 2.186512550 -1.789370302
v 0.228074494 1.693710244 -2.785095185
v 0.231138466 1.690053084 -2.784317101
v 0.231463432 1.686334971 -2.786540198
v 0.232948994 1.675119681 -2.793765261
v 0.234156013 1.666220591 -2.800101086
v 0.223617809 1.656529118 -2.814773522
v 0.231834823 1.659515798 -2.807103840
v 0.231324161 1.667073929 -2.800212241
v 0.225289066 1.654151964 -2.814662367
v 0.207555171 1.653969106 -2.826444778
v 0.569382338 1.664087248 -2.054252240
v 0.229095818 1.661039615 -2.806770375
v -0.095824421 1.128252360 -3.192255293
v -0.107058982 1.160435367 -3.190699125
v -0.092853297 1.104054151 -3.177916321
v -0.094895944 1.145014343 -3.198146498
v -0.089650054 1.119353270 -3.203815394
v -0.072241126 1.138065739 -3.203815394
v -0.120754006 1.154401053 -3.158908847
v -0.056503454 1.102835098 -3.221600166
v -0.046661607 1.126911401 -3.220043998
v -0.063606297 1.156473444 -3.178583250
v -0.073912383 1.167688735 -3.164688897
v -0.029949036 1.095033157 -3.238273389
v -0.000005679 1.123376146 -3.238384543
v -0.015650503 1.129227602 -3.209150826
v -0.083661383 1.185060244 -3.143124862
v -0.026699369 1.121608519 -3.231715254
v -0.052139616 1.143124810 -3.186808707
v -0.032270226 1.132579999 -3.202370382
v 0.557962081 1.622334672 -2.226764521
v 0.578110014 1.620688950 -2.097269155
v 0.575185314 1.604963162 -2.214759801
v 0.569614457 1.656590070 -2.126391718
v 0.512513172 1.749725744 -2.344810941
v 0.574396109 1.683226385 -2.177078316
v 0.484473191 1.744788578 -2.373044265
v 0.578806371 1.683043527 -2.221651399
v -0.238763328 1.400649825 -2.655710974
v -0.246051866 1.393884079 -2.633591165
v -0.604907909 1.739302838 -2.009234537
v -0.094292435 1.695051203 -3.233938351
v -0.039930155 1.695721682 -3.203259620
v -0.093410383 1.703340765 -3.327753019
v -0.076837083 1.698220741 -3.335311547
v -0.033013007 1.701999807 -3.269396738
v -0.051861074 1.730952323 -3.302965494
v -0.588845271 1.710594132 -1.983668928
v -0.014304212 1.810068884 -3.627537570
v -0.549292186 1.687675930 -2.040357887
v -0.019132288 1.750457176 -3.603416974
v -0.092342635 1.744057146 -3.355764034
v -0.532115377 1.714007482 -1.866622902
v -0.486016535 1.691576901 -1.906527483
v -0.079854630 1.775569675 -3.378328463
v -0.061749345 1.755211484 -3.345871255
v -0.465729330 1.829878500 -1.894745072
v -0.493258649 1.839021400 -1.866067128
v -0.591955667 1.906252191 -1.713229250
v -0.653374366 1.910579830 -1.602630203
v -0.688192223 1.930877068 -1.707782664
v -0.704115589 1.909177919 -1.615635317
v -0.628816171 1.892172125 -1.652205253
v -0.647989204 1.877604438 -1.657874149
v -0.653838604 1.779897314 -2.095379523
v -0.639029409 1.758381023 -2.087932150
v -0.680717989 1.898998824 -1.612078363
v -0.247351733 1.696148351 -2.816996619
v -0.237834852 1.689321652 -2.829890578
v -0.251576300 1.699500747 -2.779648599
v -0.246794647 1.697611215 -2.770422749
v -0.244798424 1.659150082 -2.774424322
v -0.249626500 1.698464552 -2.761419208
v -0.241223790 1.626784216 -2.791431010
v -0.230267771 1.622944198 -2.804324969
v 0.710371445 2.202360243 -1.695889098
v -0.226043205 1.635561400 -2.806548065
v 0.703407874 2.173773443 -1.681438971
v 0.551602019 2.543634221 -1.570172996
v 0.408941654 2.303054048 -1.712451166
v 0.589948085 1.732232329 -2.144065335
v 0.465903667 2.270566277 -1.780811381
v 0.593986956 2.547413287 -1.556278643
v 0.481177101 2.280684419 -1.807488538
v 0.558797709 2.462079554 -1.685218235
v 0.538789047 2.442148032 -1.637421662
v 0.478902334 2.298299740 -1.736238298
v 0.457408110 2.382902041 -1.677882017
v 0.412191320 2.415024096 -1.693666002
v 0.668775712 2.141102814 -1.725233971
v 0.661904989 2.152927631 -1.725456280
v 0.656473403 2.174261064 -1.739017168
v -0.568836610 1.768560118 -2.084375196
v -0.558623372 1.722418950 -2.166740918
v -0.539636034 1.670974899 -1.996562888
v -0.580071172 1.762160088 -2.139507987
v -0.535782858 1.776544917 -2.172298659
v -0.596458776 1.841764270 -1.997452126
v -0.567443896 1.800925984 -2.069258140
v -0.525569620 1.666220591 -1.941541251
v -0.562198005 1.686274019 -1.926757660
v -0.465729330 1.829878500 -1.894745072
v -0.457187349 1.739302838 -1.898524336
v -0.702722875 1.892598794 -1.684995926
v -0.699101818 1.939898063 -1.633420089
v -0.652863704 1.733146619 -2.096046452
v -0.669204885 1.737352353 -2.114720462
v -0.668462104 1.778312545 -2.114831617
v -0.676818389 1.755760058 -2.126391718
v -0.628816171 1.864804378 -1.933426950
v -0.638286628 1.824392760 -1.937095059
v -0.654952775 1.888088296 -1.853062014
v -0.669437004 1.814518428 -1.830719895
v 0.473749291 2.394787811 -1.816714388
v 0.541899443 2.477073910 -1.713340405
v 0.501696424 2.444829950 -1.626528490
v 0.472820815 2.461348122 -1.636977043
v 0.501696424 2.444829950 -1.626528490
v 0.565064923 2.447146151 -1.657762994
v -0.649149799 1.792026895 -1.805821216
v -0.599847714 1.650433851 -2.137729510
v -0.594091162 1.792087847 -2.166073989
v -0.590005867 1.732232329 -2.144176489
v -0.421348169 1.721992281 -2.432067475
v -0.485459449 1.690235942 -2.377156993
v -0.458765759 1.650068135 -2.383603973
v -0.455330397 1.692247380 -2.380047019
v -0.476267535 1.652018620 -2.395831003
v -0.478310182 1.648178602 -2.458744632
v -0.564194229 1.715043677 -2.229988011
v -0.510203339 1.662990100 -2.382937044
v -0.480213559 1.723942766 -2.412837691
v -0.510249763 1.648910034 -2.419729290
v -0.485459449 1.690235942 -2.377156993
v -0.455330397 1.692247380 -2.380047019
v -0.524594720 1.677131119 -2.442960647
v -0.543164244 1.719310364 -2.400721815
v -0.510946120 1.693954055 -2.368042298
v -0.550545629 1.706693162 -2.410614594
v -0.538104048 1.722114186 -2.383270509
v -0.517770420 1.704803629 -2.444072195
v -0.510946120 1.693954055 -2.368042298
v -0.508067844 1.721565612 -2.426398579
v -0.555559400 1.681153995 -2.407835724
v -0.593255533 1.706632209 -2.360594925
v -0.591491429 1.687858788 -2.352702933
v -0.590284410 1.697915978 -2.333028530
v -0.615306843 1.702182665 -2.322246512
v -0.536479215 1.697733120 -2.358816448
v -0.583738653 1.711752233 -2.341142832
v -0.558716219 1.606121263 -2.279118442
v -0.542467886 1.054743444 -2.098825323
v -0.539171796 1.594052635 -2.243437744
v -0.559598272 1.067604457 -2.102271122
v -0.555652248 1.076015925 -2.085486744
v -0.426269093 1.861391029 -1.881184184
v -0.487130706 1.566684888 -2.290345079
v -0.533786634 1.643607152 -2.289678150
v -0.400968117 1.934717086 -1.860287078
v -0.563729991 1.652140526 -2.207979356
v -0.541260867 1.541816200 -1.993339398
v -0.571343496 1.618616559 -2.231099559
v -0.557973439 1.622334672 -2.226764521
v -0.617674457 1.676338734 -2.174521755
v -0.585642029 1.578570657 -2.202643925
v -0.512060292 1.351339118 -2.122278990
v -0.579281967 1.637329028 -2.193862694
v -0.578167795 1.453191023 -2.155514281
v -0.479238659 1.255277716 -2.105383457
v -0.605372147 1.868888207 -1.696778337
v -0.518606049 1.252900562 -2.078261681
v -0.602029633 1.793124043 -1.776031724
v -0.586291962 1.439903342 -2.096157607
v -0.575289519 1.493358830 -2.120945132
v -0.592280633 1.585458309 -2.163739738
v -0.622688228 1.639462371 -2.149956540
v -0.699055394 1.943738081 -1.523376816
v -0.511874596 1.322752317 -2.056919955
v 0.488790605 1.638974750 -2.331694672
v -0.626866371 1.746190490 -1.906416328
v 0.480666439 1.661710094 -2.347812121
v -0.663401909 1.846518578 -1.728012841
v 0.199245309 1.566684888 -2.951049332
v 0.456943872 1.641290951 -2.381269722
v 0.478113129 1.636780454 -2.351813694
v 0.214982980 1.596368836 -2.939266921
v 0.230163566 1.646898596 -2.895805386
v -0.626123590 1.850236691 -1.704670329
v 0.211269075 1.577534462 -2.966055233
v 0.368831483 1.656163402 -2.620030276
v 0.458754401 1.650129088 -2.383603973
v 0.474492072 1.649824324 -2.352036004
v 0.484519615 1.693405481 -2.357149126
v 0.313401455 1.728026595 -2.823777063
v 0.281879689 1.698098836 -2.854122329
v 0.505920991 1.685664492 -2.330360814
v -0.267360395 1.391445972 -2.605802459
v 0.455319039 1.692247380 -2.380047019
v 0.385869021 1.613923204 -2.561007067
v 0.377187769 1.612094624 -2.595465061
v 0.363678440 1.632269956 -2.605246685
v 0.461539829 1.628308033 -2.336140865
v -0.534761534 1.265152048 -2.025463141
v -0.511874596 1.322752317 -2.056919955
v -0.454030530 1.339270490 -2.088821389
v -0.534065177 1.266736817 -2.108051173
v -0.436018092 1.644765253 -2.490534910
v -0.414198902 1.655858638 -2.549891585
v -0.675147132 1.878823491 -1.669656560
v -0.554213110 1.295323618 -2.125724789
v -0.563405024 1.605267925 -2.029131250
v -0.549292186 1.687675930 -2.040357887
v -0.569393696 1.664087248 -2.054252240
v -0.457187349 1.739302838 -1.898524336
v -0.506953673 1.539256188 -1.947432457
v -0.567351048 1.625565163 -2.072259321
v -0.428961674 1.735645678 -1.898524336
v -0.573525415 1.647142407 -2.166073989
v -0.624498757 1.667500597 -2.107384244
v 0.193163790 1.653359579 -2.830668661
v 0.538649776 1.662746290 -2.303127883
v 0.526858129 1.716384636 -2.309130243
v 0.563718633 1.652140526 -2.207979356
v 0.262242418 1.682007332 -2.866127049
v 0.244601370 1.664818680 -2.879687937
v 0.248268851 1.565039166 -2.841450679
v 0.217814832 1.654639585 -2.821887431
v 0.237962766 1.583446871 -2.835892938
v -0.563497872 1.882663509 -1.768806660
v 0.414187544 1.655858638 -2.549891585
v 0.388143787 1.633915678 -2.576679896
v 0.200730871 1.653481484 -2.828445565
v 0.395060935 1.655066254 -2.585794592
v 0.408523840 1.634159489 -2.536441851
v 0.301470536 1.711752233 -2.842117608
v -0.569486543 1.838168063 -1.767250493
v -0.568929457 1.834023282 -2.045137544
v -0.514938568 1.880042545 -1.891743892
v -0.536061401 1.067604457 -2.080595932
v -0.544928348 1.802632658 -2.198197732
v -0.535782858 1.776544917 -2.172298659
v -0.590284410 1.697915978 -2.333028530
v -0.561873039 1.042431006 -2.074704727
v -0.563683567 1.726380873 -2.085042125
v -0.477799521 1.596185978 -2.318689558
v -0.578817729 1.683043527 -2.221651399
v -0.536061401 1.067604457 -2.080595932
v -0.499711558 1.627820412 -2.311353340
v -0.524455449 1.596368836 -2.298237071
v -0.563729991 1.652140526 -2.207979356
v -0.593441229 1.648178602 -2.208312821
v -0.639029409 1.758381023 -2.087932150
v -0.732201993 1.737961880 -2.039690958
v -0.612753533 1.456848183 -2.109385031
v -0.646921456 1.770083935 -1.925534957
v -0.589495205 1.667439645 -2.192639991
v -0.616328166 1.624772778 -2.134839485
v -0.589495205 1.667439645 -2.192639991
v -0.578353491 1.424787081 -2.123390538
v -0.575196672 1.604963162 -2.214759801
v -0.610478766 1.655005301 -2.146733050
v -0.579235543 1.908507440 -1.906749793
v -0.672500975 1.955867661 -1.636754733
v -0.601240428 1.477511137 -2.101048419
v -0.674357928 1.912713174 -1.779699833
v -0.655092047 1.953673365 -1.706782270
v -0.636383252 1.943555223 -1.774030937
v -0.558437677 1.744483815 -1.835610707
v -0.691116923 1.858160537 -1.755356927
v -0.607646914 1.725649441 -1.877849539
v -0.473064292 1.724003719 -2.451853033
v -0.574964553 1.262774894 -1.993561708
v -0.493815735 1.673413006 -2.477640951
v -0.591537852 1.294287422 -2.011346479
v -0.455608940 1.707058878 -2.513877423
v -0.447252654 1.730098986 -2.477640951
v -0.451941459 1.155132485 -2.105716922
v -0.514613601 1.656711976 -2.426843198
v -0.491958782 1.119658034 -2.095712988
v -0.551009867 1.665428207 -2.394941765
v -0.509135592 1.723028476 -2.398054100
v -0.414895259 1.127338070 -2.129059434
v -0.536479215 1.697733120 -2.358816448
v -0.390615607 1.707058878 -1.811490111
v -0.451941459 1.155132485 -2.105716922
v -0.544139143 1.673961580 -2.370043085
v -0.486016535 1.691576901 -1.906527483
v -0.205059643 1.990427823 -1.796928830
v -0.539636034 1.670974899 -1.996562888
v -0.140948363 2.027060375 -1.804931977
v -0.592559176 1.671096805 -2.223763341
v -0.493583616 1.260641551 -2.140841845
v -0.482813292 1.649641466 -1.907861341
v -0.465729330 1.829878500 -1.894745072
v -0.517770420 1.604536493 -1.939985084
v -0.106826863 1.117341832 -3.162910420
v -0.115925930 1.141600993 -3.181139811
v -0.120196920 1.185060244 -3.158241918
v -0.130317311 1.167079208 -3.147015281
v -0.141273330 1.174027812 -3.127118568
v -0.135563201 1.154949627 -3.120449279
v -0.119268444 1.135993348 -3.144681030
v -0.109937259 1.172443043 -3.169690864
v -0.143594520 1.161044894 -3.090882097
v -0.121636058 1.194690766 -3.067873049
v -0.162442586 1.291849316 -2.894916148
v -0.161003448 1.306843672 -2.872462874
v -0.116250897 1.189814552 -3.080655853
v 0.579270609 1.637329028 -2.193862694
v 0.583541599 1.604414588 -2.142731477
v 0.573514057 1.647142407 -2.166073989
v 0.567339690 1.625565163 -2.072259321
v -0.158635834 1.344939088 -2.826667088
v -0.221911486 1.404672701 -2.683833143
v -0.213880167 1.409670819 -2.707175656
v -0.160724906 1.316778956 -2.857790438
v -0.202645605 1.409366056 -2.732185490
v -0.163046096 1.269174924 -2.925372569
v -0.165877948 1.372916362 -2.782649779
v -0.190482567 1.401320304 -2.754305300
v -0.161699806 1.255094858 -2.952272035
v -0.097634949 1.189631694 -3.109556106
v -0.000005679 1.128739981 -3.209261980
v -0.127067644 1.199627932 -3.055201399
v -0.138255782 1.209624169 -3.017408760
v -0.158218020 1.354630562 -2.805769982
v -0.145219353 1.222424229 -3.001624776
v 0.375330816 1.683043527 -2.629256127
v -0.551659801 1.246500532 -2.049694892
v -0.499061625 1.283376895 -2.054363394
v -0.457048078 1.290325499 -2.083708267
v -0.519998763 1.295567428 -2.176633697
v -0.537036301 1.333601892 -2.089154853
v -0.453380597 1.667500597 -2.513655113
v -0.408535198 1.634159489 -2.536441851
v -0.514938568 1.880042545 -1.891743892
v -0.425526312 1.624468015 -2.469526649
v -0.063652721 1.628856607 -3.361432930
v -0.593719771 1.249182449 -2.009790311
v -0.034777112 1.665184396 -3.298852766
v -0.314805527 1.394432653 -2.610248652
v -0.331518099 1.400040298 -2.589129236
v -0.342984779 1.412718453 -2.584460734
v -0.052650278 1.632757578 -3.295851586
v -0.522552072 1.122583762 -2.153402340
v -0.325993665 1.398028860 -2.598577396
v -0.332400151 1.388337386 -2.601578576
v -0.052603855 1.169822078 -3.116670015
v -0.334396375 1.371392545 -2.601245112
v -0.043922602 1.657748171 -3.342536610
v -0.018528779 1.685603539 -3.329420342
v -0.068295102 1.611728908 -3.309857093
v -0.016811098 1.682373048 -3.284069175
v -0.357469008 1.554981976 -2.454409594
v -0.367775093 1.558821994 -2.437958680
v -0.270610061 1.387240238 -2.673940364
v -0.348602060 1.540292383 -2.465525076
v -0.383605612 1.568147752 -2.417283884
v -0.041926378 1.159033456 -3.134121322
v -0.322883270 1.474097788 -2.501650393
v -0.327664922 1.492749303 -2.499649606
v -0.035566317 1.145623869 -3.149016068
v -0.329289756 1.505793174 -2.486644492
v -0.340524318 1.528040897 -2.478974809
v -0.301342623 1.414486080 -2.555893945
v -0.311927251 1.435514750 -2.533329516
v -0.316569632 1.443072881 -2.524770595
v -0.320701351 1.462090112 -2.516767448
v -0.441496102 1.612216529 -2.353481017
v -0.282633828 1.397480286 -2.593353119
v -0.442749545 1.614593683 -2.349145979
v -0.291407928 1.402234594 -2.582126483
v -0.065556097 1.179269741 -3.093883277
v -0.410113607 1.582105912 -2.392718668
v -0.183751115 1.226934726 -3.007849446
v -0.000005679 0.882674067 -3.183696372
v -0.000005679 1.150317225 -3.093994431
v -0.190621838 1.214561335 -3.004514801
v -0.196239119 1.216085152 -2.975503393
v -0.205663153 1.259483450 -2.925706033
v -0.189739786 1.256923438 -2.967500246
v -0.208402157 1.282950226 -2.924149866
v -0.214158710 1.299773162 -2.879910247
v -0.207473681 1.244489094 -2.956162454
v -0.211651824 1.282218794 -2.893471135
v -0.191643162 1.238698591 -2.985173862
v -0.207380834 1.308306536 -2.887246465
v -0.198885276 1.229555691 -2.979171502
v -0.159425039 1.167749687 -3.053422922
v -0.087978797 1.783981143 -3.364545265
v -0.200185143 1.293677896 -2.902141211
v -0.175394829 1.180123079 -3.024189204
v -0.172330858 1.193593618 -3.056757567
v -0.181476348 1.200664127 -3.026078836
v -0.178273105 1.211940370 -3.026523455
v -0.156686034 1.177075445 -3.102108733
v -0.166574305 1.199871742 -3.074431183
v -0.165367286 1.186157392 -3.072986170
v -0.153436368 1.193349807 -3.109556106
v -0.164717353 1.210599412 -3.054089851
v -0.143223130 1.193715523 -3.086769368
v -0.133288434 1.194264097 -3.131898225
v -0.148376172 1.179818315 -3.084657427
v -0.152693587 1.236870011 -2.979060347
v -0.414059631 1.624772778 -2.460411954
v -0.149908158 1.164702054 -3.076765434
v -0.561037410 1.307697009 -2.040802506
v -0.574964553 1.277159723 -2.084264041
v -0.454030530 1.339270490 -2.088821389
v -0.561037410 1.307697009 -2.040802506
v -0.000005679 1.497381706 -3.370436470
v -0.029020560 1.553214348 -3.411119135
v -0.000005679 1.549922904 -3.417788424
v -0.040626512 1.507316991 -3.363767181
v -0.074562316 1.576376362 -3.326196852
v -0.076883507 1.786784965 -3.359765608
v -0.058546102 1.576620172 -3.395112841
v -0.000005679 1.132823810 -3.138456360
v -0.000005679 1.140930514 -3.116003086
v -0.066995235 1.542974300 -3.341425062
v -0.000005679 0.932289538 -3.192477603
v -0.091507006 1.760026745 -3.332643831
v -0.492887258 1.908934108 -1.900191658
v -0.076465692 1.761550561 -3.329198032
v -0.553191786 1.615751784 -1.999341758
v -0.069130731 1.598502179 -3.380551559
v -0.308724008 1.901985504 -1.796039591
v -0.336810413 1.927402766 -1.846170415
v -0.397300636 1.728209453 -1.871624869
v -0.000005679 1.070408279 -3.231604099
v -0.000005679 1.094972204 -3.238162234
v -0.000005679 1.150073414 -3.095550599
v -0.525569620 1.666220591 -1.941541251
v -0.000005679 1.127764738 -3.171358187
v -0.446138483 1.604231730 -2.368709227
v -0.460437016 1.630502329 -1.896412394
v -0.437550078 1.603805061 -1.810712028
v -0.455562516 1.540901910 -1.908194805
v -0.451570068 1.533709495 -1.847170809
v -0.015650503 1.128252360 -3.171247032
v -0.527287301 1.131299993 -2.126280563
v -0.474689125 1.165006817 -2.123612848
v -0.340338622 1.826587056 -1.807599693
v -0.364803970 1.843166181 -1.863288258
v -0.442842392 1.616483216 -1.859064375
v -0.513824396 1.127216164 -2.101381884
v -0.491540968 1.167688735 -2.183525296
v -0.428775978 1.087901695 -2.185192618
v -0.474271311 1.098080790 -2.115165081
v -0.473157140 1.122522809 -2.220539851
v -0.500965001 1.087170263 -2.158181997
v -0.449434573 1.089608369 -2.207090118
v -0.487084282 1.083208339 -2.140397226
v -0.491958782 1.119658034 -2.095712988
v -0.491865935 1.156900113 -2.213648252
v -0.517399030 1.105334157 -2.163406273
v -0.386391041 1.470745391 -2.503317715
v -0.391869050 1.434966176 -2.491646459
v -0.469628930 1.632452814 -2.444405660
v -0.209934143 1.248390065 -2.915146325
v -0.435878821 1.591919291 -2.390162107
v -0.445813516 1.353045793 -2.062700006
v -0.503007649 1.387484049 -2.077038978
v -0.451105830 1.403148884 -2.051584524
v -0.454030530 1.339270490 -2.088821389
v -0.350366165 1.087109310 -2.378490851
v -0.299021432 1.107955122 -2.318467248
v -0.378591841 1.095155062 -2.391051346
v -0.326829294 1.103993198 -2.256665168
v -0.405749769 1.119414223 -2.399276803
v -0.409092283 1.096008399 -2.333028530
v -0.432722002 1.120389466 -2.337585877
v -0.442935240 1.177624019 -2.332028136
v -0.476221111 1.207368920 -2.205867415
v -0.501568511 1.521762773 -2.271004140
v -0.471485883 1.177075445 -2.277228810
v -0.056642726 0.948441994 -3.175137451
v -0.437921469 1.348474343 -2.391162501
v -0.167456358 1.080831185 -3.018964928
v -0.405239107 1.310500832 -2.451297259
v -0.195635610 1.104419867 -2.967833710
v -0.424040750 1.309037968 -2.368931537
v -0.116715135 1.019147087 -3.115336157
v -0.027627845 1.069920658 -3.229714467
v -0.251112062 1.196458393 -2.714845338
v -0.273070523 1.210416554 -2.651487091
v -0.399436131 1.375598279 -2.504318108
v -0.373949460 1.365358231 -2.550891978
v -0.235235119 1.176831635 -2.779426289
v -0.459044302 1.459469148 -2.360594925
v -0.456676687 1.414303222 -2.340475903
v -0.458022978 1.590578333 -2.363151486
v -0.381795084 1.497137895 -2.503095405
v -0.435089616 1.405708896 -2.406835331
v -0.373995884 1.437891904 -2.523659047
v -0.407699569 1.415339417 -2.451297259
v -0.450084507 1.611119381 -2.348034430
v -0.458719335 1.578509705 -2.351591385
v -0.477799521 1.596185978 -2.318689558
v -0.477381706 1.373525888 -2.276117261
v -0.000005679 0.851953924 -3.174915141
v -0.463547411 1.246012911 -2.301794025
v -0.448506097 1.370904924 -2.324358454
v -0.388387265 1.404794606 -2.515544745
v -0.431097169 1.459591053 -2.413504620
v -0.449016759 1.600940286 -2.367375369
v -0.410345726 1.253144373 -2.427398972
v -0.466982773 1.562357248 -2.339586664
v -0.453751988 1.618250843 -2.339253200
v -0.148654715 1.127459975 -3.064760714
v -0.056874845 1.075650209 -3.210373529
v -0.156871729 1.068031125 -3.045753239
v -0.474642702 1.485495936 -2.316688771
v -0.578353491 1.424787081 -2.123390538
v -0.585642029 1.578570657 -2.202643925
v -0.597155133 1.532063773 -2.138174129
v -0.549292186 1.540475241 -2.225764128
v -0.597526524 1.551020052 -2.149845385
v -0.598919238 1.454471029 -2.158737771
v -0.273952576 1.411560352 -2.623809540
v -0.041044326 1.431552827 -3.315414834
v -0.265921257 1.415887991 -2.636814654
v -0.051536107 1.414851796 -3.294073109
v -0.199906600 1.865901526 -2.799656467
v -0.293496999 1.408086050 -2.590907713
v -0.350691132 1.456848183 -2.525104060
v -0.348044975 1.478974001 -2.518657080
v -0.171123839 1.894183563 -2.819330870
v -0.397161364 1.558943899 -2.463968908
v -0.236627833 1.776849681 -2.874019042
v -0.169452582 1.631355666 -3.047087097
v -0.446277754 1.605024115 -2.370598859
v -0.164206691 1.613496535 -3.066650346
v -0.226182476 1.758746739 -2.895583077
v -0.149304649 1.675119681 -3.034304293
v -0.202877724 1.726502778 -2.934153799
v -0.191086077 1.710472227 -2.953161274
v -0.143083858 1.656772928 -3.052644838
v -0.184540320 1.694990250 -2.971279510
v -0.168431258 1.742899046 -2.958941324
v -0.161421263 1.727417068 -2.977948799
v -0.180269329 1.677313977 -2.989064281
v -0.155479015 1.709618890 -2.996400499
v -0.219822414 1.817200346 -2.847897659
v -0.245494781 1.797634540 -2.850231910
v -0.179665820 1.758868644 -2.940823089
v -0.000794884 2.744351351 -1.788258754
v -0.225578967 1.826282293 -2.821109347
v -0.000469917 2.670659578 -1.876849146
v -0.176601848 1.893147368 -2.773979703
v -0.000052103 2.426117481 -2.086264828
v -0.179155158 1.835790909 -2.879910247
v -0.160724906 1.806046008 -2.914145932
v 0.429089587 2.079662526 -1.811156647
v 0.452394339 2.026389896 -1.811490111
v -0.161606958 1.877909201 -2.845229943
v 0.138012305 2.445439476 -1.903415148
v 0.139590714 2.041323299 -1.851728156
v 0.093631144 2.489203491 -1.947098993
v -0.284490780 1.254424379 -2.666826456
v -0.202227791 1.158180119 -2.915702099
v -0.000191374 2.523763652 -1.741573729
v -0.239088295 1.214927051 -2.793654106
v -0.219079633 1.217913732 -2.867460907
v -0.223582743 1.185852629 -2.856567735
v -0.231846181 1.258325349 -2.805992291
v -0.262253776 1.238759543 -2.731185097
v -0.251065638 1.290813120 -2.742078269
v -0.320097842 1.266188243 -2.609915188
v -0.346791532 1.277586392 -2.548335417
v -0.030181155 0.933996212 -3.192922222
v -0.304824408 1.415095607 -2.570899846
v -0.322465456 1.419118483 -2.552781610
v -0.360347284 1.502257919 -2.508430837
v -0.374367274 1.519934193 -2.495870342
v -0.412016983 1.570951574 -2.443405267
v -0.448691792 1.614593683 -2.356704506
v -0.443538750 1.615690831 -2.349924062
v -0.016625403 1.435758561 -3.304632817
v -0.028370626 1.427834714 -3.299630850
v -0.252783319 1.810251742 -2.821887431
v -0.311370166 1.790746889 -2.797989144
v -0.283562304 1.802571706 -2.794321035
v -0.221307976 1.402112689 -2.867127443
v -0.152136501 1.420459441 -3.208039277
v -0.201113619 1.856027194 -2.789874842
v -0.179990786 1.832194702 -2.873907887
v -0.157568087 1.864377709 -2.870573242
v -0.176601848 1.813786996 -2.893359980
v -0.175069862 1.819943216 -2.900473889
v -0.150186701 1.851333839 -2.890136491
v -0.324183137 1.762099135 -2.811216568
v -0.138952139 1.114659915 -3.093994431
v -0.052928821 1.047490077 -3.193589151
v -0.204224015 1.184755481 -2.926372962
v -0.312020099 1.315133234 -2.612360594
v -0.205291762 1.128618076 -2.907143178
v -0.085100521 1.062301575 -3.171691651
v -0.118618511 1.052792959 -3.126896258
v -0.223814862 1.401746973 -2.835448319
v -0.334535646 1.440756679 -2.535441458
v -0.383141374 1.537854276 -2.483643312
v -0.313412813 1.110210370 -2.528438704
v -0.432629154 1.099177938 -2.287232744
v -0.333607170 1.133311431 -2.540221115
v -0.405146260 1.085524541 -2.282230777
v -0.343031203 1.110515134 -2.454631903
v -0.473157140 1.122522809 -2.220539851
v -0.219497448 1.394859322 -2.833225222
v -0.453102054 1.123559004 -2.287677363
v -0.349159146 1.131056182 -2.181857974
v -0.449434573 1.089608369 -2.207090118
v -0.274973899 1.119779939 -2.655933283
v -0.289226009 1.110697992 -2.570899846
v -0.428775978 1.087901695 -2.185192618
v -0.071962583 1.373647794 -3.233716041
v -0.179851515 1.053402485 -2.946047365
v -0.241780876 1.102103666 -2.737965541
v -0.257054309 1.112770382 -2.695059780
v -0.160957025 1.036884313 -2.991398532
v -0.060774445 1.385533564 -3.243386510
v -0.360300860 1.129410460 -2.461190038
v -0.309931027 1.129654271 -2.580792625
v -0.196471238 1.660247230 -2.829445958
v -0.090485683 0.955695362 -3.087880916
v -0.219729567 1.678350172 -2.827556327
v -0.194382167 1.657870076 -2.827222862
v -0.228457243 1.691272137 -2.800990324
v -0.224325524 1.672072047 -2.798878383
v -0.198374615 1.657991982 -2.825222075
v -0.441496102 1.612216529 -2.353481017
v -0.225857509 1.687371167 -2.788096365
v -0.119593411 1.056145355 -2.780648992
v -0.226182476 1.679386367 -2.793987571
v -0.187650715 1.064800634 -2.725849666
v -0.202645605 1.658601508 -2.822887824
v -0.233192471 1.086682641 -2.626366101
v -0.185886610 1.089730275 -2.587239604
v -0.320515656 1.101920808 -2.442960647
v -0.482349054 1.314218944 -2.263223302
v -0.267731785 1.108869412 -2.390273262
v -0.000005679 1.718335121 -3.221377856
v -0.209562753 1.659576751 -2.818441631
v -0.000005679 1.826221340 -2.988619662
v -0.109055206 1.027314744 -2.961609040
v -0.454216226 1.414425127 -1.996340578
v -0.000005679 1.800438362 -3.019520702
v -0.479517201 1.223399472 -2.134061401
v -0.144801539 1.041760526 -2.865904740
v -0.178040986 1.048952941 -2.875575209
v -0.493583616 1.260641551 -2.140841845
v -0.154596963 1.041638621 -2.929818761
v -0.000005679 1.447095756 -3.337979263
v -0.000005679 1.701695043 -3.225824049
v -0.000005679 1.856880531 -2.947492378
v -0.461086949 1.620384186 -2.332583910
v -0.367775093 1.199810790 -2.466525469
v -0.165645829 1.053829154 -2.801990718
v -0.468096944 1.597831700 -2.327581943
v -0.308027651 1.178233546 -2.589462701
v -0.235792205 1.141783851 -2.763419995
v -0.477149587 1.189753600 -2.099714561
v -0.193314419 1.076076877 -2.959385944
v -0.202831300 1.098873174 -2.897806173
v -0.474689125 1.165006817 -2.123612848
v -0.055110740 0.915771365 -3.162132337
v -0.225671814 1.120572324 -2.834003306
v -0.500965001 1.205601293 -2.085709054
v -0.560619596 1.436307135 -2.198753506
v -0.591073614 1.562479154 -2.174632910
v -0.520138034 1.446242419 -2.246994698
v -0.560666019 1.476962563 -2.207757047
v -0.307981227 1.222789945 -2.595131597
v -0.575196672 1.604963162 -2.214759801
v -0.592280633 1.585458309 -2.163739738
v -0.575289519 1.493358830 -2.120945132
v -0.621945447 1.511035103 -2.122612454
v -0.578167795 1.453191023 -2.155514281
v -0.167642053 1.056023450 -3.009516768
v -0.121589635 0.983794541 -3.116892325
v -0.277295090 1.170492557 -2.650264388
v -0.257007885 1.156473444 -2.706286417
v -0.423994326 1.220839460 -2.053585311
v -0.385926803 1.224130904 -2.040135577
v -0.479238659 1.255277716 -2.105383457
v -0.564426348 1.399004103 -2.148289218
v -0.535365044 1.371087782 -2.095935297
v -0.205013219 1.059924421 -2.805436517
v -0.512060292 1.351339118 -2.122278990
v -0.409788640 1.291422647 -2.037245552
v -0.450595168 1.468002521 -1.970886124
v -0.494790635 1.397358381 -1.909973282
v -0.512153139 1.326958051 -2.203644318
v -0.500640035 1.289715972 -2.209646679
v -0.435136040 1.334211419 -1.949989018
v -0.366475227 1.193105996 -2.088265615
v -0.222979233 1.411987021 -2.838338344
v -0.435693126 1.592650723 -2.390829036
v -0.442471002 1.288070250 -2.057698039
v -0.148329749 1.096739831 -3.052755993
v -0.144476572 1.023840442 -3.026189991
v -0.559969662 1.410158441 -2.177078316
v -0.120382616 1.015550880 -3.014852199
v -0.096474354 1.008967992 -3.003736717
v -0.084821978 0.987512653 -3.146904126
v -0.147262001 1.052610101 -3.071763467
v -0.220936586 1.153121047 -2.844451859
v -0.087560983 1.025790928 -3.158908847
v -0.470186016 1.216877536 -2.065590031
v -0.085193368 0.956548699 -3.142569088
v -0.457048078 1.290325499 -2.083708267
v -0.376967008 1.244062425 -2.477974416
v -0.032084531 0.892975068 -3.173247819
v -0.338713789 1.231689034 -2.536108387
v -0.112258449 1.086134067 -3.140012527
v -0.232403267 1.834693761 -2.790430616
v -0.152647163 1.860781502 -2.864459727
v -0.016857522 1.439842389 -3.321639504
v -0.422926578 1.582410675 -2.416950419
v -0.442749545 1.614593683 -2.349145979
v -0.046522336 1.401625068 -3.256947399
v -0.226646714 1.689870226 -2.811550032
v -0.034823536 1.416009897 -3.283624555
v -0.223164929 1.686091161 -2.821553966
v -0.142387501 1.840057595 -2.905475856
v -0.201902824 1.663477722 -2.829112494
v -0.211141162 1.670548231 -2.829001339
v -0.225254000 1.691272137 -2.784761721
v -0.144244453 1.842739513 -2.911922835
v -0.226368171 1.693405481 -2.790986391
v -0.162396163 1.813604138 -2.920481757
v -0.446138483 1.604231730 -2.368709227
v -0.190714686 1.847432868 -2.846008027
v -0.435878821 1.591919291 -2.390162107
v -0.220565195 1.665915828 -2.803769195
v -0.000005679 1.710411274 -3.232826802
v -0.214530100 1.660917710 -2.810994258
v -0.190807534 1.839448069 -2.843896085
v -0.000005679 1.750152413 -3.114558073
v -0.000005679 1.780445888 -3.049865968
v -0.308538313 1.775752533 -2.800656860
v -0.000005679 1.954770513 -2.742522889
v -0.000005679 1.976469662 -2.667493385
v -0.135888168 1.029996662 -2.975948012
v -0.124560758 1.039931946 -2.915035170
v -0.057942593 1.002689867 -3.185474849
v -0.025492350 1.037920508 -3.219932843
v -0.028463474 0.990804097 -3.207705813
v -0.141412601 1.082537860 -3.079877769
v -0.365268208 1.475073030 -2.525770989
v -0.067784440 1.915151280 -2.719291531
v -0.377477669 1.467453947 -2.522658654
v -0.051861074 1.912408410 -2.766310020
v -0.239831076 1.088998843 -2.682054666
v -0.256543647 1.095703636 -2.642261241
v -0.200045872 1.064556823 -2.886468381
v -0.223397048 1.086682641 -2.810216174
v -0.057385507 1.897475007 -2.802546492
v -0.224325524 1.077844505 -2.730073549
v -0.110772887 1.001653672 -3.046309013
v -0.103948587 0.963802066 -3.104109520
v -0.132452806 1.005615595 -3.054979089
v -0.063884840 0.933142875 -3.109444952
v -0.077579864 0.964472546 -3.067317275
v -0.072891059 0.940396242 -3.130342058
v -0.027488574 0.869020670 -3.164688897
v -0.082268668 1.019268992 -2.951160487
v -0.143037434 1.064130155 -2.699061354
v -0.016393284 0.924060928 -3.088103226
v -0.225068305 1.693893102 -2.786540198
v -0.481188459 1.241868129 -2.170297872
v -0.266199799 1.103688435 -2.560340138
v -0.414895259 1.127338070 -2.129059434
v -0.213090962 1.099056032 -2.528327549
v -0.377199127 1.456482467 -2.512765875
v -0.371628270 1.506768417 -2.510431623
v -0.412991883 1.549435283 -2.458855787
v -0.370003436 1.493602641 -2.523547892
v -0.400178912 1.530235193 -2.485866408
v -0.407838840 1.556993414 -2.461634657
v -0.385416141 1.486897848 -2.517434377
v -0.409370826 1.542060010 -2.473305913
v -0.428218893 1.489518812 -2.451074949
v -0.402035864 1.178843073 -2.394941765
v -0.082593635 1.093265529 -3.185919468
v -0.471021644 1.531637105 -2.328026563
v -0.419259097 1.362310598 -2.451297259
v -0.157150272 1.042796722 -3.037083163
v -0.071823311 1.003482252 -2.996400499
v -0.521948563 1.388093576 -2.220317542
v -0.586709776 1.502745541 -2.158960081
v -0.613682009 1.574425876 -2.159071235
v -0.478542301 1.466722515 -2.013013801
v -0.107616068 1.040480520 -2.847008420
v -0.501150696 1.430394726 -2.046693712
v -0.040858631 0.974224972 -3.038639331
v -0.425201345 1.242477656 -2.358594138
v -0.037051879 0.936800035 -3.082878949
v -0.499711558 1.627820412 -2.311353340
v -0.557973439 1.622334672 -2.226764521
v -0.451105830 1.505122695 -2.371265788
v -0.446741992 1.304588423 -2.318356093
v -0.000005679 0.853172977 -3.148126829
v -0.592002090 1.519080855 -2.115943165
v -0.597665795 1.574852545 -2.145843812
v -0.000005679 0.989402186 -3.208483897
v -0.000005679 1.037432887 -3.219265914
v -0.147633391 1.028046176 -3.064538404
v -0.462990325 1.553458159 -2.366597285
v -0.460390592 1.607096505 -2.338141651
v -0.478310182 1.620262281 -2.322468822
v -0.362064965 1.145684822 -2.462190431
v -0.337135379 1.185060244 -2.531439884
v -0.519998763 1.295567428 -2.176633697
v -0.492701563 1.453861502 -1.882851506
v -0.368192908 1.426981377 -2.535663768
v -0.366103836 1.438989052 -2.545667701
v -0.357144041 1.410828920 -2.571900239
v -0.000005679 1.943616175 -2.787985210
v -0.357469008 1.439415721 -2.562674389
v -0.363039865 1.463004402 -2.540776889
v -0.000005679 1.926122760 -2.829890578
v -0.350969675 1.386508806 -2.580014541
v -0.344238222 1.375354468 -2.587461914
v -0.352965898 1.400527920 -2.584794198
v -0.354497884 1.421434684 -2.572456013
v -0.364107612 1.410889873 -2.553670849
v -0.365082512 1.425152797 -2.560784757
v -0.302781761 1.372855409 -2.628811507
v -0.285094290 1.384253558 -2.655488664
v -0.338574518 1.391385020 -2.587350759
v -0.301992556 1.382364025 -2.625365708
v -0.284444356 1.373160172 -2.654377116
v -0.321119165 1.372367788 -2.613916761
v -0.228689362 1.372977314 -2.749303333
v -0.222607843 1.348596248 -2.786206733
v -0.251483452 1.376512569 -2.703285237
v -0.266106952 1.375963995 -2.674829603
v -0.241177366 1.379255439 -2.723626569
v -0.208402157 1.377975433 -2.800656860
v -0.206591629 1.231932845 -2.949715474
v -0.226832409 1.381754498 -2.788318675
v -0.219079633 1.335979046 -2.838227189
v -0.216758443 1.313121796 -2.825333230
v -0.209284210 1.371270640 -2.812661581
v -0.218058310 1.400101251 -2.781093611
v -0.216944138 1.332992365 -2.806103446
v -0.199674481 1.316718003 -2.869128229
v -0.214762219 1.292824558 -2.858568521
v -0.209191362 1.351826739 -2.815551606
v -0.213973014 1.273990184 -2.909477429
v -0.209284210 1.267833965 -2.888246859
v -0.213276657 1.309464636 -2.863792798
v -0.202599181 1.264664427 -2.937377289
v -0.422230221 1.566380124 -2.441182170
v -0.203666929 1.349205775 -2.840672595
v -0.395629379 1.505610316 -2.484977169
v -0.386716007 1.484459741 -2.493424936
v -0.192432367 1.195117434 -2.997845512
v -0.402175136 1.516764654 -2.471749746
v -0.417170026 1.539012377 -2.445517208
v -0.382909255 1.530418051 -2.503317715
v -0.393911698 1.519812287 -2.497871129
v -0.390940574 1.542242868 -2.489645672
v -0.398786198 1.555408644 -2.478196725
v -0.467539859 1.446425277 -2.286121195
v -0.428683131 1.580582095 -2.413282310
v -0.411227779 1.529138045 -2.460078490
v -0.427104721 1.544315259 -2.432400939
v -0.449852388 1.579423995 -2.382937044
v -0.436018092 1.591553575 -2.389828643
v -0.429425912 1.557907704 -2.437736371
v -0.438478554 1.513838926 -2.422730470
v -0.449991659 1.536513318 -2.392051739
v -0.452266426 1.566197266 -2.375267361
v -0.438942792 1.570585858 -2.408280343
v -0.440753321 1.556505792 -2.398943338
v -0.216712019 1.362615361 -2.809771555
v -0.404682021 1.463248213 -2.472972449
v -0.206870172 1.362310598 -2.821553966
v -0.217176257 1.369503012 -2.797877989
v -0.415591617 1.256252959 -1.982890845
v -0.219868838 1.401076494 -2.760529970
v -0.428311740 1.344634325 -2.017459994
v -0.473296411 1.248572923 -2.238102313
v -0.437225112 1.176587824 -2.078928610
v -0.235560086 1.105151299 -2.472750139
v -0.451941459 1.155132485 -2.105716922
v -0.288158261 1.107101784 -2.512432410
v -0.213880167 1.077966410 -2.669271862
v -0.165460134 1.075650209 -2.636814654
v -0.230082076 1.389373582 -2.758418028
v -0.239459685 1.395103132 -2.744745985
v -0.231939028 1.411987021 -2.746302153
v -0.238716905 1.406806044 -2.721736937
v -0.251019214 1.409000340 -2.703507547
v -0.252736895 1.392116452 -2.704063321
v -0.242895047 1.394493606 -2.724293498
v -0.267313971 1.402295547 -2.673051126
v -0.279059194 1.399186961 -2.653265568
v -0.018389507 0.969836380 -3.041751666
v -0.283562304 1.314036086 -2.647596672
v -0.301296199 1.394493606 -2.624254160
v -0.000005679 0.917295182 -3.089548239
v -0.000005679 0.968434469 -3.044975156
v -0.093921044 1.032861437 -2.901474282
v -0.050746902 0.900898915 -3.150794545
v -0.026467250 0.869569244 -3.139901372
v -0.320840623 1.385594516 -2.613916761
v -0.042251345 0.896388417 -3.129119355
v -0.063513450 0.983185014 -3.036972009
v -0.360115165 1.397114570 -2.566120188
v -0.087700254 0.984647878 -3.039195105
v -0.057942593 0.953501066 -3.074208873
v -0.026095860 1.928195151 -2.748414094
v -0.026838641 1.924598944 -2.794098726
v -0.358908146 1.443377644 -2.548224262
v -0.374599393 1.453191023 -2.538109174
v 0.075061620 1.623675630 -3.283402246
v 0.137501643 1.327811389 -3.185030230
v 0.162524076 1.353289603 -3.156796905
v 0.095766639 1.633184246 -3.283624555
v 0.105376367 1.490920723 -3.315303679
v 0.072276191 1.502562683 -3.329642651
v 0.062202225 1.428261383 -3.334422308
v 0.070001425 1.417777524 -3.303854733
v 0.181882804 1.331834265 -3.098551779
v 0.174083604 1.347925769 -3.135232870
v 0.174037181 1.337868579 -3.114780383
v 0.184761081 1.309586542 -3.106777236
v 0.089220882 1.430882347 -3.304299352
v 0.071719106 1.445998608 -3.335422702
v 0.148132695 1.605755547 -3.145792578
v 0.074365263 1.470318722 -3.317637931
v 0.018285302 1.755942916 -3.087102833
v 0.029751983 1.842678560 -2.949159700
v 0.030401916 1.864621520 -2.917147112
v 0.063177125 1.839996643 -2.924816795
v 0.078218439 1.776179201 -2.979393811
v 0.079750425 1.799463120 -2.948826236
v 0.053567396 1.895280711 -2.847564194
v 0.026827283 1.924598944 -2.794098726
v 0.063780634 1.862610082 -2.861680856
v 0.026084502 1.928195151 -2.748414094
v 0.058674015 1.783249711 -3.002180550
v 0.039268863 1.734548530 -3.058647199
v 0.052871039 1.719615127 -3.075431576
v 0.211640466 1.361030592 -2.907698952
v 0.238937666 1.444657650 -2.749859107
v 0.227006747 1.428809957 -2.748636404
v 0.227470985 1.395773612 -2.850120755
v 0.220414566 1.372367788 -2.888024549
v 0.102730210 1.917223671 -2.709509907
v 0.224360590 1.419118483 -2.788874449
v 0.247247527 1.473975882 -2.763308840
v 0.234109589 1.454653887 -2.761863828
v 0.228353037 1.428261383 -2.791097545
v 0.228631580 1.438867147 -2.798211454
v 0.245529846 1.468063474 -2.779759754
v 0.286475646 1.420520394 -2.663158347
v 0.280765517 1.421373731 -2.643483944
v 0.317301055 1.442524307 -2.617696025
v 0.294274846 1.431126158 -2.646929743
v 0.291721536 1.434112839 -2.661491025
v 0.282715317 1.435149034 -2.669383017
v 0.273152013 1.423507075 -2.680387344
v 0.267952546 1.443621455 -2.698950199
v 0.088849491 1.601366955 -3.289182296
v 0.155931895 1.336405715 -3.162354646
v 0.273987641 1.457640568 -2.697949806
v 0.253839708 1.460383438 -2.726071975
v 0.247990308 1.459652006 -2.735742445
v 0.283040284 1.451911017 -2.684500072
v 0.242558723 1.445876703 -2.738299006
v 0.238891242 1.436489993 -2.736409374
v 0.314422779 1.406866997 -2.607692091
v 0.340512959 1.416924187 -2.564230557
v 0.327885683 1.428688051 -2.587684224
v 0.347290836 1.436855709 -2.571789084
v 0.321804164 1.426615661 -2.608803640
v 0.345108917 1.450752916 -2.574012181
v 0.303977422 1.429968057 -2.634258093
v 0.295528289 1.413937506 -2.637259274
v 0.306437884 1.444230981 -2.633146545
v 0.294646236 1.443743360 -2.654821735
v 0.299195770 1.442524307 -2.644928956
v 0.310708874 1.426981377 -2.621586444
v 0.298545836 1.413754648 -2.618474109
v 0.326028731 1.441244301 -2.605913614
v 0.334245745 1.442341449 -2.593464274
v 0.266745527 1.458615810 -2.712733397
v 0.253746861 1.445754798 -2.725627356
v 0.255278846 1.446059561 -2.712399932
v 0.291257298 1.447461472 -2.668049159
v 0.261453213 1.428078525 -2.699283664
v 0.195902795 1.308367488 -3.036749699
v 0.193117366 1.458067236 -3.117336944
v 0.204769742 1.451057680 -3.080544698
v 0.187917900 1.293068369 -3.034860067
v 0.184946776 1.277098770 -3.056312947
v 0.216329271 1.366577284 -2.994733177
v 0.212243975 1.355910568 -2.954606286
v 0.093166906 1.531698057 -3.317860240
v 0.224407013 1.393518363 -2.936488051
v 0.159367257 1.307392246 -3.124006233
v 0.121671124 1.475804462 -3.289626916
v 0.172087381 1.322935175 -3.119893505
v 0.158438781 1.308672252 -3.147793365
v 0.176544066 1.330859022 -3.146681816
v 0.230720651 1.479705433 -2.927039891
v 0.182811281 1.303064606 -3.083101259
v 0.171158905 1.287887392 -3.111112274
v 0.235130913 1.493054067 -2.896027696
v 0.355507850 1.463735834 -2.558228196
v 0.321989860 1.414912749 -2.584460734
v 0.288611141 1.449716721 -2.676163461
v 0.084207110 1.835120430 -2.899584650
v 0.053845939 1.905155043 -2.804213814
v 0.046975216 1.917406529 -2.766643485
v 0.051896139 1.838594731 -2.900251579
v 0.034858601 1.891562598 -2.869239384
v 0.083417906 1.820735600 -2.919703673
v 0.026595164 1.911859836 -2.842117608
v 0.088478101 1.854320519 -2.863459334
v 0.022788411 1.763257236 -3.055534864
v 0.063873482 1.821467032 -2.951493951
v 0.027523640 1.856575768 -2.910144358
v 0.020931459 1.770083935 -3.064427249
v 0.060391696 1.831219459 -2.914479396
v 0.229002970 1.418326098 -2.776647419
v 0.228074494 1.444352887 -2.790319462
v 0.053845939 1.761367703 -3.028857707
v 0.076500758 1.760148650 -2.996400499
v 0.033930125 1.779836361 -3.024300359
v 0.026316621 1.934290417 -2.750970655
v 0.051571173 1.885040663 -2.839561047
v 0.051849716 1.912408410 -2.766310020
v 0.060995206 1.874800615 -2.865793585
v 0.065266196 1.811226984 -2.946603139
v 0.020885035 1.901071214 -2.834670235
v 0.057374149 1.897475007 -2.802546492
v 0.045396806 1.796781202 -2.994399712
v 0.052081835 1.790564031 -2.981505753
v 0.226217542 1.410524157 -2.797989144
v 0.226821051 1.451728159 -2.776425109
v 0.063362820 1.908995061 -2.763864614
v 0.094048958 1.896499764 -2.770422749
v 0.045350382 1.944774276 -2.690391278
v 0.218046952 1.362005834 -2.881577569
v 0.224546285 1.380718303 -2.875686364
v 0.220460990 1.381754498 -2.843229156
v 0.225103370 1.388398339 -2.863125869
v 0.087874591 1.885040663 -2.808548852
v 0.088942339 1.876263479 -2.832558293
v 0.042193563 1.932705648 -2.684833537
v 0.221528737 1.364748704 -2.867460907
v 0.211686890 1.353289603 -2.902474676
v 0.220739532 1.378463054 -2.858235057
v 0.223942775 1.411316541 -2.852232697
v 0.232948994 1.447400520 -2.815662761
v 0.236384356 1.458067236 -2.794654500
v 0.225242642 1.411316541 -2.806881530
v 0.222967875 1.411987021 -2.838338344
v 0.223803504 1.401746973 -2.835448319
v 0.219486090 1.394859322 -2.833225222
v 0.223385690 1.397967908 -2.818441631
v 0.225892575 1.412291784 -2.821998585
v 0.262195994 1.430699489 -2.687501253
v 0.321479198 1.467941568 -2.669160707
v 0.279233532 1.438867147 -2.680387344
v 0.244462099 1.429907105 -2.723181950
v 0.249893684 1.436063324 -2.712066468
v 0.269159565 1.442463354 -2.687834717
v 0.273709098 1.425945181 -2.667826849
v 0.027384368 1.956842904 -2.676719235
v 0.099619815 1.911859836 -2.731073942
v 0.352629574 1.508779855 -2.669494172
v 0.211083380 1.448010046 -3.039639724
v 0.068051625 1.791844037 -2.969612187
v 0.044839720 1.842617607 -2.902696985
v 0.204537623 1.337320005 -2.981394598
v 0.214100928 1.604658399 -2.851121148
v 0.197341933 1.330371401 -3.006404433
v 0.227749528 1.599111706 -2.828890184
v 0.258342818 1.488909286 -2.791431010
v 0.231834823 1.448192904 -2.849231517
v 0.236848594 1.481594966 -2.859457760
v 0.209783514 1.360725828 -3.025634217
v 0.241630246 1.468855858 -2.821776276
v 0.375470088 1.529686619 -2.599355480
v 0.198084714 1.325799951 -3.030525029
v 0.383130016 1.545595265 -2.564230557
v 0.248918784 1.507195085 -2.867905526
v 0.197481204 1.314462755 -3.007627136
v 0.067819506 1.915151280 -2.719291531
v 0.067448115 1.944286655 -2.700395212
v 0.027430792 1.965071514 -2.682388131
v 0.068098049 1.932157074 -2.694170542
v 0.212568942 1.348413390 -2.934487264
v 0.216189999 1.371453498 -2.912033990
v 0.213079604 1.362127740 -2.939489231
v 0.219207547 1.383704984 -2.888802633
v 0.224082047 1.383826889 -2.966722162
v 0.209458547 1.332748555 -2.925594878
v 0.200962990 1.318302773 -2.965388304
v 0.209133580 1.317632293 -2.943268495
v 0.178261747 1.286546434 -3.087547452
v 0.195113590 1.321594217 -3.055423709
v 0.206533847 1.320192305 -2.981728063
v 0.203191333 1.329518063 -2.968389484
v 0.201241533 1.298919825 -2.977059560
v 0.237359256 1.457457710 -2.749192178
v 0.220321718 1.430272821 -2.761641518
v 0.220832380 1.425274702 -2.826000159
v 0.221807280 1.430882347 -2.812328116
v 0.230952770 1.441610017 -2.763864614
v 0.217954104 1.336222857 -2.950827023
v 0.201612923 1.340794307 -2.972391058
v 0.194324385 1.296116002 -3.008627529
v 0.078961220 1.738327596 -3.030080410
v 0.034487211 1.741862850 -3.062537617
v 0.030262644 1.948309531 -2.712288778
v 0.064801958 1.929536109 -2.722959640
v 0.075757977 1.801169794 -2.985840791
v 0.046557401 1.794099285 -2.988953126
v 0.226217542 1.418996577 -2.810549639
v 0.228678004 1.425823276 -2.799100692
v 0.231927670 1.435819513 -2.779648599
v 0.078729101 1.724857056 -3.052867148
v 0.057745539 1.750761940 -3.027412694
v 0.059138254 1.772765852 -2.996511654
v 0.177194000 1.349083869 -2.834892545
v 0.175522743 1.330859022 -2.860569308
v 0.161966990 1.332565697 -2.870684397
v 0.176358371 1.357739148 -2.819775489
v 0.186943000 1.312268459 -2.898139638
v 0.163498976 1.294470280 -2.918480970
v 0.187500085 1.310622737 -2.897361554
v 0.162802619 1.316413240 -2.882244498
v 0.144465214 1.344268609 -2.801546098
v 0.167398576 1.375659232 -2.796321822
v 0.152960771 1.295506476 -2.883911821
v 0.180675785 1.375781137 -2.801101479
v 0.183089823 1.321777075 -2.879132163
v 0.206487423 1.422044211 -2.678497712
v 0.163406128 1.319156110 -2.883133737
v 0.177518966 1.349022917 -2.834670235
v 0.083417906 1.673413006 -3.195145318
v 0.091077834 1.688773078 -3.169135090
v 0.084160687 1.669999657 -3.180139417
v 0.097112929 1.675912065 -3.147459900
v 0.072415463 1.681885427 -3.160909634
v 0.086342606 1.672742527 -3.162132337
v 0.068283744 1.711752233 -3.142124469
v 0.052638920 1.730038033 -3.085213201
v 0.035926349 1.753931478 -3.071430003
v 0.059231101 1.683287338 -3.189921042
v 0.018703116 1.704803629 -3.208372742
v 0.013550073 1.714495103 -3.217376282
v 0.027012978 1.698830268 -3.217598592
v 0.149339714 1.354081988 -2.842673382
v 0.148643357 1.353045793 -2.841895298
v 0.164752419 1.334272371 -2.833892151
v 0.183739757 1.348413390 -2.877798305
v 0.180907904 1.349998159 -2.805325362
v 0.183693333 1.319399921 -2.846119182
v 0.160202886 1.353716272 -2.798433764
v 0.144233095 1.340550496 -2.818219322
v 0.146322167 1.384863084 -2.796321822
v 0.147250643 1.384984990 -2.796432977
v 0.159460105 1.353289603 -2.832669448
v 0.149293291 1.354203893 -2.842673382
v 0.181140023 1.374805894 -2.801101479
v 0.166609371 1.403941269 -2.750081417
v 0.143211772 1.364078225 -2.748080630
v 0.151753752 1.360542970 -2.826778243
v 0.141308395 1.269845403 -2.915590944
v 0.131605819 1.255643432 -2.945269282
v 0.133044957 1.257715823 -2.925928343
v 0.181836381 1.301479837 -2.922371388
v 0.038479659 1.705474109 -3.179027869
v 0.035694230 1.714921772 -3.129452819
v 0.046093163 1.700902659 -3.194811854
v 0.040429459 1.725588488 -3.139790218
v 0.037365487 1.723455145 -3.192699912
v 0.026084502 1.701024564 -3.208817361
v 0.016985435 1.714312245 -3.196479176
v 0.081235987 1.688041646 -3.182807133
v 0.042147139 1.697306451 -3.169802019
v 0.089685120 1.694197865 -3.145903733
v 0.059927458 1.685359729 -3.173581283
v 0.047393030 1.697915978 -3.143013707
v 0.038247540 1.704803629 -3.190143351
v 0.043400582 1.702548381 -3.153795725
v 0.064801958 1.685908303 -3.145792578
v 0.031887478 1.712727476 -3.203370775
v 0.016846164 1.749299076 -3.124117388
v 0.043957668 1.717725594 -3.153128796
v 0.036019197 1.739363791 -3.092882883
v 0.055610044 1.706936973 -3.183474062
v 0.059416796 1.708338884 -3.170691258
v 0.017867487 1.734853294 -3.154018035
v 0.043725549 1.705169345 -3.130008593
v 0.057652692 1.691394043 -3.184696765
v 0.014617821 1.721931328 -3.186586397
v 0.166702219 1.261738699 -2.916369028
v 0.164845266 1.327811389 -2.840561441
v 0.065591163 1.707058878 -3.156018821
v 0.052638920 1.696514067 -3.126340484
v 0.164845266 1.327811389 -2.840561441
v 0.183136247 1.305807476 -2.873907887
v 0.153889248 1.295567428 -2.884467595
v 0.176636914 1.382546883 -2.842339918
v 0.140844157 1.269662545 -2.918369815
v 0.170184005 1.304710328 -2.876019828
v 0.131884362 1.262165367 -2.926817581
v 0.166284405 1.331529501 -2.918703279
v 0.143722433 1.341099070 -2.818108167
v 0.169905462 1.294714091 -2.883356046
v 0.153610705 1.262531083 -2.928151439
v 0.131930786 1.262043462 -2.927039891
v 0.131884362 1.250645313 -2.952494345
v 0.137594491 1.290813120 -2.945713901
v 0.149711105 1.381632593 -2.791319855
v 0.174222876 1.389129771 -2.778203586
v 0.118235762 1.239064307 -2.986730030
v 0.142701110 1.370965876 -2.818108167
v 0.142561838 1.371514450 -2.817441238
v 0.140983429 1.408695577 -2.745968688
v 0.138337272 1.392604073 -2.778425896
v 0.125524300 1.239856691 -2.978726883
v 0.132719991 1.250645313 -2.951716261
v 0.118607153 1.239369070 -2.985729636
v 0.156628252 1.242355751 -2.960164027
v 0.171948109 1.391811688 -2.777981277
v 0.138755086 1.392665026 -2.778314741
v 0.137548067 1.239186212 -2.974502999
v 0.144000976 1.281548315 -2.976726096
v 0.131605819 1.255643432 -2.945380436
v 0.094791739 1.701938854 -3.131342451
v 0.120603377 1.542669537 -3.296296205
v 0.059184677 1.709679842 -3.094772515
v 0.055238654 1.719432269 -3.099441018
v 0.014153583 1.739607602 -3.116447705
v 0.026734435 1.716445588 -3.184029836
v 0.021534968 1.712910334 -3.216931663
v 0.055656468 1.694197865 -3.174915141
v 0.039918797 1.695721682 -3.203259620
v 0.548398776 1.791783084 -2.257443252
v 0.519523167 1.819638452 -2.281563848
v 0.564136447 1.820187026 -2.250551653
v 0.531221967 1.833169944 -2.246883544
v 0.546866790 1.794404049 -2.286343505
v 0.497518281 1.792392611 -2.348590205
v 0.577506504 1.919296062 -1.989782444
v 0.570496509 1.911920789 -2.032688204
v 0.406666887 1.778190639 -2.535330303
v 0.331506741 1.798061208 -2.710621455
v 0.377234192 1.805985055 -2.649263994
v 0.553923209 1.878518728 -1.992894779
v 0.110993648 1.794891670 -2.963054053
v 0.135830386 1.889307350 -2.787651746
v 0.116146691 1.813604138 -2.941712327
v 0.118050067 1.868278680 -2.833892151
v 0.214797285 1.890465450 -2.740077483
v 0.183182671 1.906739812 -2.752971442
v 0.214286623 1.875653953 -2.757639944
v 0.259039175 1.816529866 -2.791653319
v 0.249150904 1.856636721 -2.727850452
v 0.270459432 1.827135630 -2.763531150
v 0.241490975 1.844933809 -2.759529576
v 0.302909674 1.815188908 -2.730851633
v 0.311869469 1.814640334 -2.705841798
v 0.283550946 1.831280412 -2.731852026
v 0.007468554 1.697550262 -3.256169315
v 0.013085835 1.698708363 -3.228158300
v 0.015778416 1.696148351 -3.248833097
v 0.014896364 1.689260699 -3.266506713
v 0.137037405 1.900949309 -2.721848092
v 0.012760868 1.704072197 -3.244498059
v 0.126638472 1.900705498 -2.740633257
v 0.125756419 1.874983473 -2.817663547
v 0.008675573 1.689260699 -3.273287157
v 0.123945891 1.849200495 -2.866015894
v 0.101662463 1.779714456 -2.981283443
v 0.138894357 1.887783533 -2.824777456
v 0.149757529 1.911616026 -2.724626963
v 0.131420124 1.901436930 -2.746302153
v 0.010486102 1.708399836 -3.261171282
v 0.190424785 1.919052251 -2.714845338
v 0.188150019 1.911798884 -2.706397572
v 0.210572718 1.872240603 -2.730629323
v 0.150407462 1.787638303 -2.946491985
v 0.212801061 1.864499615 -2.755972622
v 0.015174907 1.702975049 -3.232271028
v 0.007422130 1.700171227 -3.230826016
v 0.019492321 1.696209303 -3.231492945
v 0.467621348 1.798548830 -2.374600433
v 0.531454086 1.839691879 -2.234767668
v 0.531407662 1.760270555 -2.318244939
v 0.518037605 1.781238273 -2.312576043
v 0.578992066 1.838716637 -2.157070449
v 0.390000740 1.742777140 -2.589685010
v 0.421522506 1.736377110 -2.503206560
v 0.407177549 1.749847650 -2.552114681
v 0.413862578 1.755089579 -2.510876243
v 0.411169997 1.750213366 -2.472194365
v 0.453044272 1.737108542 -2.397720635
v 0.442227525 1.778251592 -2.443071802
v 0.558751285 1.677740645 -2.263779076
v 0.499700200 1.627820412 -2.311353340
v 0.556662214 1.668597745 -2.250218188
v 0.542410105 1.711203659 -2.270448366
v 0.555640890 1.757040064 -2.269670282
v 0.549559371 1.806289818 -2.232099953
v 0.564182871 1.715043677 -2.229988011
v 0.541017390 1.847981442 -2.191083824
v 0.542085138 1.762769615 -2.287788518
v 0.533775276 1.643607152 -2.289678150
v 0.412701982 1.724918009 -2.466192005
v 0.448819706 1.751615277 -2.392496359
v 0.505735295 1.646350022 -2.320801499
v 0.419990520 1.790442125 -2.471860901
v 0.499468081 1.768499165 -2.335251626
v 0.518176876 1.799828836 -2.317133390
v 0.324357474 1.801779321 -2.735408980
v 0.542363681 1.852918608 -2.176744852
v 0.420408335 1.748567644 -2.436402513
v 0.421336811 1.721992281 -2.432067475
v 0.345248188 1.758807691 -2.698950199
v 0.363353473 1.788491640 -2.698283270
v 0.552437647 1.823356565 -2.223096412
v 0.360057383 1.763074378 -2.657267141
v 0.589437423 1.838350921 -2.081040551
v 0.471288829 1.759417218 -2.365819202
v 0.451790829 1.776605870 -2.400388351
v 0.476952534 1.782396373 -2.369820775
v 0.133137805 1.861208171 -2.874685970
v 0.117168015 1.851333839 -2.888691478
v 0.122785296 1.875714905 -2.837671415
v 0.127659796 1.880164450 -2.779203980
v 0.016799740 1.682373048 -3.284069175
v 0.117771524 1.835669004 -2.913479003
v 0.104308620 1.792026895 -2.959274789
v 0.112432786 1.828110873 -2.906920868
v 0.105422791 1.816529866 -2.929374142
v 0.012575173 1.697245499 -3.239607246
v 0.112200667 1.843288087 -2.884467595
v -0.461086949 1.620384186 -2.332583910
v -0.392704679 1.614959399 -2.524214821
v -0.478310182 1.620262281 -2.322468822
v -0.397300636 1.602707913 -2.516767448
v -0.418702012 1.570707764 -2.479197119
v -0.436203788 1.607523174 -2.430622462
v -0.416473669 1.612033671 -2.457744238
v -0.421348169 1.559187710 -2.476418248
v -0.452127154 1.617336553 -2.406724176
v -0.252458352 1.419728009 -2.670605720
v -0.242152266 1.430760442 -2.681054273
v -0.606950557 1.377244001 -2.075593965
v -0.608528966 1.421556589 -2.064589638
v -0.196703357 1.373038267 -2.851232303
v -0.535365044 1.371087782 -2.095935297
v -0.586291962 1.439903342 -2.096157607
v -0.558623372 1.401259352 -1.997452126
v -0.294286204 1.431126158 -2.646929743
v -0.501150696 1.430394726 -2.046693712
v -0.282680252 1.435149034 -2.669494172
v -0.541492986 1.460139627 -2.030020489
v -0.295539647 1.413937506 -2.637259274
v -0.327897041 1.428688051 -2.587684224
v -0.585642029 1.452337686 -2.030131644
v -0.303988780 1.429968057 -2.634258093
v -0.355519208 1.463735834 -2.558228196
v -0.568047405 1.527309465 -2.058142658
v -0.314434137 1.406866997 -2.607692091
v -0.365871717 1.462212018 -2.545667701
v -0.347302194 1.436855709 -2.571789084
v -0.345120275 1.450752916 -2.574012181
v -0.359511655 1.474707314 -2.551114288
v -0.402175136 1.581679243 -2.509208920
v -0.381423693 1.505183647 -2.530106027
v -0.375574293 1.522555157 -2.537998019
v -0.404682021 1.549557188 -2.498315748
v -0.473714225 1.625382305 -2.355037184
v -0.465590059 1.626113737 -2.381714341
v -0.660012971 1.614106062 -2.030465108
v -0.403335731 1.540109525 -2.493091471
v -0.395768650 1.528345661 -2.512765875
v -0.381191574 1.495553126 -2.520324402
v -0.410160031 1.585275451 -2.474528616
v -0.363411255 1.455446272 -2.532440278
v -0.609086052 1.383583078 -1.970441505
v -0.602447448 1.433015691 -1.964994919
v -0.619345714 1.436489993 -1.983446619
v -0.602540295 1.403575553 -1.955546759
v -0.564194229 1.463126308 -2.079484384
v -0.590795071 1.515118932 -2.094156820
v -0.501150696 1.430394726 -2.046693712
v -0.558716219 1.563210586 -2.041580590
v -0.568047405 1.527309465 -2.058142658
v -0.558623372 1.401259352 -1.997452126
v -0.478542301 1.466722515 -2.013013801
v -0.548967220 1.485739747 -2.001676009
v -0.572921905 1.437709046 -1.994450946
v -0.586941895 1.364809657 -2.054808014
v -0.560016086 1.372123977 -2.037690171
v -0.564426348 1.399004103 -2.148289218
v -0.226321748 1.435209987 -2.704730250
v -0.455051854 1.603256487 -2.403611841
v -0.233610286 1.434539507 -2.693058994
v -0.414059631 1.624772778 -2.460411954
v -0.425897702 1.590395475 -2.456743845
v -0.440846169 1.590700238 -2.426065114
v -0.465311516 1.613679393 -2.380269328
v -0.397996993 1.618921323 -2.491868768
v -0.453751988 1.618250843 -2.339253200
v -0.421533864 1.599477422 -2.456299226
v -0.138209358 2.445256618 -1.903526303
v -0.038026779 2.480974881 -2.003121022
v -0.120104073 2.505721663 -1.869846392
v -0.096938592 2.423984138 -2.013347266
v -0.310720232 1.426981377 -2.621586444
v -0.223118505 1.637511886 -2.921148685
v -0.236627833 1.709923653 -2.915479790
v -0.150418820 1.787638303 -2.946491985
v -0.253851066 1.679447320 -2.927706820
v -0.233981676 1.700841706 -2.935043038
v -0.243684252 1.672133000 -2.918592125
v -0.201763553 1.567233462 -3.016964141
v -0.188114953 1.523591353 -2.998512441
v -0.181569196 1.431735685 -3.157130370
v -0.208448581 1.494029309 -3.000068608
v -0.180269329 1.467392994 -3.149571842
v -0.161374839 1.507926517 -3.170913567
v -0.191318196 1.485983558 -3.075320422
v -0.213973014 1.614837494 -2.920592911
v -0.257240004 1.544863833 -2.843340311
v -0.187975681 1.540719052 -3.004181336
v -0.182683367 1.491713108 -3.110000726
v -0.212765995 1.680666373 -2.953272429
v -0.168013444 1.533039016 -3.105554533
v -0.188904158 1.601366955 -3.062982237
v -0.124282216 1.785017338 -2.978726883
v -0.322001218 1.414912749 -2.584460734
v -0.353615832 1.449838626 -2.553226229
v -0.350319741 1.442036685 -2.546556940
v -0.334257103 1.442341449 -2.593464274
v -0.306449242 1.444230981 -2.633146545
v -0.291732894 1.434112839 -2.661491025
v -0.317312413 1.442524307 -2.617696025
v -0.288622499 1.449716721 -2.676163461
v -0.273720456 1.425945181 -2.667826849
v -0.286487004 1.420520394 -2.663158347
v -0.261464571 1.428078525 -2.699283664
v -0.269170923 1.442463354 -2.687834717
v -0.255290204 1.446059561 -2.712399932
v -0.273163371 1.423507075 -2.680387344
v -0.262207352 1.430699489 -2.687501253
v -0.299207128 1.442524307 -2.644928956
v -0.321444132 1.467941568 -2.669160707
v -0.291268656 1.447461472 -2.668049159
v -0.198467462 1.378950676 -2.839116428
v -0.199720905 1.389007866 -2.828890184
v -0.218476124 1.432832833 -2.731852026
v -0.258493447 1.418874672 -2.659712547
v -0.261603842 1.417350855 -2.651264781
v -0.213508776 1.428627099 -2.746302153
v -0.215737119 1.513046541 -2.929818761
v -0.164903048 1.525419933 -3.132231690
v -0.173259334 1.498539807 -3.140901766
v -0.228875057 1.523835163 -2.898806567
v -0.171216686 1.518105613 -3.106554926
v -0.455237549 1.622517530 -2.341365141
v -0.407049636 1.602342197 -2.481086751
v -0.404264207 1.561260100 -2.502984250
v -0.366800193 1.480436865 -2.537775709
v -0.391636931 1.519202761 -2.505874276
v -0.390569184 1.543522874 -2.517212067
v -0.298557194 1.413754648 -2.618474109
v -0.326040089 1.441244301 -2.605913614
v -0.321815523 1.426615661 -2.608803640
v -0.340524318 1.416985139 -2.564230557
v -0.360857946 1.476292084 -2.526437917
v -0.602540295 1.403575553 -1.955546759
v -0.279244890 1.438867147 -2.680387344
v -0.294657594 1.443743360 -2.654821735
v -0.267917480 1.443621455 -2.698950199
v -0.244427033 1.429907105 -2.723181950
v -0.280776875 1.421373731 -2.643483944
v -0.101673821 1.779714456 -2.981283443
v -0.238902600 1.436489993 -2.736409374
v -0.249858619 1.436063324 -2.712066468
v -0.273952576 1.457640568 -2.697949806
v -0.242570081 1.445876703 -2.738299006
v -0.206220238 1.414973701 -2.785539804
v -0.503007649 1.387484049 -2.077038978
v -0.208587853 1.418508956 -2.774868942
v -0.209098514 1.426676613 -2.759640731
v -0.544278415 2.153232394 -1.902525909
v -0.502775530 2.152927631 -1.889076176
v -0.438014316 2.125864647 -1.973998459
v -0.476499654 2.246916642 -1.881517648
v -0.420280421 2.056195750 -2.087154066
v -0.146658491 1.941178069 -2.625588017
v -0.166527882 1.950930495 -2.599133170
v -0.394793750 2.024622269 -2.154625043
v -0.186025881 1.982808740 -2.457966548
v -0.152322196 1.943677128 -2.595576216
v -0.191689586 1.993109740 -2.465969695
v -0.156778882 1.967875337 -2.557005493
v -0.246516104 1.642997626 -2.942379256
v -0.230453467 1.657687218 -2.910477823
v -0.633226433 1.414729891 -2.003787951
v -0.575243095 1.494334073 -2.096268762
v -0.575243095 1.494334073 -2.096268762
v -0.631183785 1.382364025 -1.990782837
v -0.656299066 1.402478405 -1.936094665
v -0.622038295 1.379743060 -1.981445832
v -0.647292847 1.412535595 -1.927424589
v -0.647292847 1.412535595 -1.927424589
v -0.650031852 1.426859471 -1.935427736
v -0.564194229 1.463126308 -2.079484384
v -0.541492986 1.460139627 -2.030020489
v -0.501150696 1.430394726 -2.046693712
v -0.567351048 1.625565163 -2.072259321
v -0.605929233 1.635378542 -2.041024816
v -0.589913019 1.606060310 -2.014569969
v -0.568883034 1.691942617 -2.223207567
v -0.558716219 1.563210586 -2.041580590
v -0.575289519 1.493358830 -2.120945132
v -0.492701563 1.453861502 -1.882851506
v -0.594137586 1.559065804 -2.039802113
v -0.431747102 1.576132551 -2.451630723
v -0.628259085 1.598745990 -2.088265615
v -0.592002090 1.519080855 -2.115943165
v -0.564194229 1.463126308 -2.079484384
v -0.592280633 1.585458309 -2.163739738
v -0.200231567 1.552787680 -3.011517555
v -0.191364619 1.558395325 -3.035193531
v -0.209516329 1.668049171 -2.968278329
v -0.203249115 1.588871658 -3.024300359
v -0.208727124 1.649458608 -2.984729243
v -0.202924148 1.589968806 -3.040640118
v -0.214297981 1.875653953 -2.757639944
v -0.237370614 1.457457710 -2.749192178
v -0.259050533 1.816529866 -2.791653319
v -0.241502333 1.844933809 -2.759529576
v -0.249162262 1.856636721 -2.727850452
v -0.188114953 1.911798884 -2.706397572
v -0.296514547 1.780141125 -2.822998979
v -0.276273766 1.691576901 -2.884245285
v -0.300739113 1.767950591 -2.820553573
v -0.478820844 2.475550093 -1.696000253
v -0.556302181 2.458910015 -1.710783844
v -0.489080506 2.302749285 -1.816492078
v -0.596598048 2.517729338 -1.590847792
v -0.394375936 2.411366936 -1.780033297
v -0.703094265 2.164996259 -1.736571762
v -0.708479427 2.169445804 -1.752355747
v -0.237602733 1.628795654 -2.952605500
v -0.209794872 1.595393593 -3.013629496
v -0.204920372 1.573206823 -3.045308620
v -0.217826191 1.652445289 -2.960164027
v -0.187093629 1.604719351 -3.039083950
v -0.575660910 2.503954036 -1.582622336
v -0.092621178 2.466163383 -1.796373056
v -0.110819311 2.437820393 -1.777254427
v -0.131245787 2.350231412 -1.761581597
v -0.039001679 2.164264827 -1.897746252
v -0.000005679 2.246489974 -1.845392332
v -0.046475912 2.250878566 -1.843502700
v -0.491030306 2.269895798 -1.777699046
v -0.336717565 2.326703682 -1.736127143
v -0.377709788 2.259411939 -1.740128717
v -0.287786871 2.287693976 -1.758580417
v -0.297118056 2.314269339 -1.747798399
v -0.332817965 2.311221705 -1.933315795
v -0.360625827 2.332433233 -1.757691178
v -0.314341289 2.325667487 -1.892188511
v -0.171170263 2.305675013 -1.806710454
v -0.410670693 2.413805042 -1.806265835
v -0.365314631 2.365042909 -1.849505060
v -0.000098527 2.482681555 -2.017459994
v 0.127241981 2.432700369 -1.960326416
v -0.000144950 2.464761471 -1.741573729
v -0.316151818 2.330665606 -1.850838918
v -0.236395714 2.297019734 -1.771474376
v -0.237834852 2.317438877 -1.775475949
v -0.397625603 2.289949225 -1.729680163
v -0.330218232 2.350292364 -1.812379350
v -0.309420366 2.339320884 -1.814157827
v 0.543431428 2.016271753 -1.749354567
v 0.119721324 2.505965474 -1.869624083
v -0.187743562 1.161410610 -2.984173469
v -0.372881712 1.284839759 -2.488867588
v -0.406399702 1.333540939 -2.501316928
v -0.268938804 1.308306536 -2.678942331
v 0.043029192 2.468906253 -1.756579630
v -0.491540968 1.167688735 -2.183525296
v -0.487130706 1.566684888 -2.290345079
v -0.539171796 1.594052635 -2.243437744
v 0.137176676 2.461835743 -1.842168842
v -0.000237798 2.576609614 -1.941541251
v -0.245866171 2.329873221 -1.820049033
v 0.208251528 2.010298392 -1.844614248
v 0.071719106 2.070336768 -1.851728156
v 0.469524725 1.976957284 -1.850950073
v 0.531036271 2.049186193 -1.744019135
v 0.143397467 2.085574935 -1.889298486
v 0.073111820 2.102885492 -1.886630770
v 0.514184429 2.116295079 -1.748131864
v -0.431097169 2.130679908 -2.018349233
v -0.001259122 2.808412603 -1.689442118
v -0.313273542 1.914663659 -2.466192005
v -0.000052103 2.426117481 -2.086264828
v 0.460100691 2.281720615 -1.871958334
v -0.314341289 2.325667487 -1.892188511
v -0.202459910 2.351267607 -1.842613461
v 0.451930101 2.254474773 -1.946987838
v -0.164392386 1.136359064 -3.043196678
v -0.381005879 1.083330245 -2.325136537
v -0.188486343 1.133189526 -2.974614154
v -0.213415929 1.588627847 -2.975725702
v -0.249069414 1.729184696 -2.895249612
v -0.087978797 1.969521058 -2.609470568
v -0.205756000 1.565343929 -2.987063494
v -0.191968129 1.551934342 -2.974725309
v -0.188022105 1.533953306 -2.962275969
v -0.149397496 1.520970388 -3.203593085
v -0.172887943 1.393457410 -3.163021575
v -0.200277991 1.487568327 -3.037305473
v -0.079343968 2.649204239 -1.821160581
v -0.232449690 1.596125025 -2.988730816
v -0.039187374 2.700038763 -1.678326636
v -0.356494108 2.374856289 -1.806043525
v -0.379613165 2.353644761 -1.749799186
v -0.234538762 2.100691196 -2.225541818
v -0.036773336 1.986892568 -2.594686977
v -0.067413050 1.985003036 -2.536775316
v -0.199581634 2.145552358 -2.191194979
v -0.157707358 2.085940651 -2.347145192
v -0.174327082 2.056012892 -2.347145192
v -0.101766668 2.068386283 -2.375489671
v -0.123725130 2.245392826 -2.166963228
v -0.164299539 2.278977745 -2.079706693
v -0.291732894 1.768986787 -2.856456580
v -0.117875730 2.247709027 -2.210758227
v -0.276088071 1.795013575 -2.820998192
v -0.504353939 2.378757259 -1.805376596
v -0.517909691 2.359496217 -1.759025036
v -0.074144502 2.006336469 -2.554004313
v -0.088071645 2.088073994 -2.355148339
v -0.349159146 1.886320669 -2.470638198
v -0.419119826 1.922953222 -2.322913441
v -0.429240216 2.081308248 -2.069146986
v -0.403010764 1.902229315 -2.377601613
v -0.371581846 1.898633108 -2.423842018
v -0.000237798 2.576609614 -1.941541251
v -0.001630512 2.849189937 -1.575286118
v -0.283469456 1.883212083 -2.561785150
v -0.445906364 2.141651388 -1.932760021
v -0.444235107 2.154573353 -1.973442685
v -0.459554964 2.056988134 -2.042136364
v -0.318287313 1.861330076 -2.568343285
v 0.246690442 2.332616091 -1.818826330
v -0.455655364 2.092767350 -2.046693712
v 0.238891242 2.320547463 -1.774142092
v -0.428775978 2.109529333 -2.019127316
v 0.339352364 2.326703682 -1.733904047
v -0.458858606 2.109041711 -1.967884944
v 0.450769506 2.281476804 -1.750243805
v 0.458150891 2.236615642 -1.787036051
v 0.348126464 2.345172340 -1.730791712
v -0.452312849 2.196691645 -1.902637064
v -0.000005679 2.153963826 -1.894300453
v 0.137919457 2.407770728 -1.739906407
v 0.178679562 2.379427739 -1.828719109
v 0.092331277 2.466468146 -1.796261901
v 0.173062281 2.371381987 -1.772363615
v 0.046464554 2.251000471 -1.843502700
v -0.000005679 2.246489974 -1.845392332
v 0.185643133 2.335115150 -1.789703767
v 0.131141581 2.350779986 -1.761359287
v 0.087363929 2.518034102 -1.787369515
v -0.000052103 2.344806624 -1.747909554
v 0.065684011 2.361873371 -1.740795645
v 0.156813948 2.432151795 -1.845170022
v -0.479563625 2.232775624 -1.882629197
v 0.049574949 2.784092490 -1.668878477
v 0.030401916 2.823285054 -1.560391372
v 0.202634247 2.352486660 -1.842057687
v 0.038990320 2.164386732 -1.897746252
v 0.092331277 2.466468146 -1.796261901
v 0.137176676 2.461835743 -1.842168842
v -0.302224675 1.635927116 -2.692947839
v 0.110575834 2.438125156 -1.777143272
v -0.359465232 1.493724546 -2.547335024
v 0.290096703 2.291168278 -1.757135404
v -0.000469917 2.670659578 -1.876849146
v -0.001351969 2.811460237 -1.552499379
v -0.000098527 2.482681555 -2.017459994
v 0.362889235 2.297324497 -1.982668535
v 0.314144236 2.368517211 -1.806710454
v 0.300263517 2.317987451 -1.746242232
v 0.171158905 2.306345492 -1.806376990
v -0.141598296 1.926793239 -2.676830390
v -0.193221572 1.970008680 -2.526549072
v -0.195774881 1.962816265 -2.517990151
v -0.165831525 1.930755163 -2.653821342
v -0.443492326 2.029315624 -2.144954573
v -0.486341501 2.003837410 -2.100492645
v -0.414198902 2.086976846 -2.093712201
v -0.139927039 1.939532347 -2.622809147
v -0.404032088 2.031631825 -2.129504053
v -0.349298417 1.990184012 -2.314243365
v -0.438339283 1.984271604 -2.204533557
v -0.481420578 2.055525271 -2.105494612
v -0.426408364 1.934412323 -2.288455447
v -0.419769759 2.023220357 -2.201198912
v -0.384905479 1.992622119 -2.253886297
v -0.296375275 1.900644546 -2.511098552
v -0.334164256 1.875166331 -2.519324009
v -0.380866607 1.929718967 -2.386160534
v -0.326086513 1.932705648 -2.418061967
v -0.405564074 1.957635289 -2.324691918
v -0.380309522 1.967509621 -2.295235891
v -0.332678694 1.948614294 -2.381269722
v -0.405889040 1.956355283 -2.284565028
v -0.373206679 1.955928614 -2.320912654
v -0.356865498 1.936606619 -2.376267755
v -0.461690459 1.992073545 -2.152735411
v 0.622955413 2.117636037 -1.895523156
v -0.150836634 1.958427673 -2.550447359
v -0.208912819 2.008591718 -2.376045445
v -0.162767553 1.923806559 -2.648263601
v -0.088628730 2.417523155 -2.038468255
v -0.106873287 2.402102131 -2.039913268
v -0.107430373 2.385340147 -2.048805653
v -0.046058097 2.420631741 -2.066145805
v -0.153807758 2.334018002 -2.047582950
v -0.128181815 2.307747403 -2.087042912
v -0.283005218 2.357362874 -1.885852686
v -0.484623820 2.238322316 -1.830497586
v -0.245634052 2.330482748 -1.850171989
v -0.312112946 2.281720615 -1.965328383
v -0.323579627 2.304821675 -1.951767495
v -0.332817965 2.311221705 -1.933315795
v -0.224000557 2.310612179 -1.906082864
v -0.453659140 2.235335636 -1.785035264
v -0.134588301 1.918137961 -2.672606507
v -0.375713565 2.005848848 -2.190083430
v -0.409138707 1.965376277 -2.253330523
v -0.448134707 2.042481400 -2.160849713
v -0.309420366 2.339320884 -1.814157827
v -0.316151818 2.330665606 -1.850838918
v -0.330218232 2.350292364 -1.812379350
v -0.245866171 2.329873221 -1.820049033
v -0.287461904 2.300676894 -1.972331137
v -0.183333300 2.241796618 -2.059587671
v -0.237509886 2.242771861 -1.994562101
v -0.240620281 2.143053299 -2.184859154
v -0.195217796 2.184440160 -2.149956540
v -0.253386828 2.180478236 -2.143954180
v -0.070709140 1.950869543 -2.658045225
v -0.039790883 1.994389746 -2.608692485
v -0.070384173 1.975799183 -2.616806787
v -0.037330421 1.969764869 -2.650375542
v -0.078461916 1.945810471 -2.654599426
v -0.071776888 1.960804827 -2.604690911
v -0.043458364 2.012309830 -2.534885684
v -0.047172269 2.024866079 -2.546112321
v -0.045640283 2.053696691 -2.470638198
v -0.049818426 2.064729123 -2.479085964
v -0.088582306 2.003410741 -2.509987004
v -0.076512116 2.005361226 -2.487978350
v -0.066623845 2.024805127 -2.475417855
v -0.076883507 2.044188075 -2.488645278
v -0.085936149 2.052660495 -2.441626789
v -0.062445702 2.274954869 -2.197419649
v -0.081804430 2.119769381 -2.326915015
v -0.273256218 1.741497134 -2.876909067
v -0.249208685 1.685847350 -2.904697772
v -0.143176706 1.980370633 -2.523770202
v -0.254825966 1.663599627 -2.929374142
v -0.115322420 1.997985954 -2.520769022
v -0.126139168 2.063571022 -2.374933897
v -0.095267335 1.973482982 -2.576124122
v -0.667858594 2.072835828 -1.814491292
v -0.043086974 2.637684185 -1.718008907
v -0.079529664 2.710705480 -1.724678196
v -0.094246011 2.190352568 -2.246105460
v 0.602018275 2.134154210 -1.866289438
v 0.603643109 2.047845235 -1.927313434
v -0.218290429 1.607462221 -2.950493558
v -0.266478342 1.556261982 -2.816440844
v -0.090392835 2.044553791 -2.437847525
v -0.052371735 2.111114102 -2.408724962
v -0.086586083 2.086062556 -2.417728503
v -0.050329088 2.157925750 -2.327581943
v -0.092249787 2.164569590 -2.263890231
v -0.090021445 2.132386583 -2.343699392
v -0.085286216 2.093437829 -2.363484950
v -0.058128288 2.199068799 -2.256554013
v -0.059010340 2.204188823 -2.269114508
v -0.098981240 2.186451598 -2.235212288
v -0.079529664 2.336090393 -2.137729510
v -0.108683816 2.227411789 -2.198086577
v -0.100931040 2.271114851 -2.176744852
v -0.186490119 2.273674863 -2.039913268
v -0.114904606 2.316158871 -2.147733444
v -0.068712916 2.399846882 -2.108829256
v -0.077765559 2.332859902 -2.126280563
v -0.154132725 2.300981657 -2.124390931
v -0.118107849 2.366383868 -2.095268368
v -0.115461692 2.364738146 -2.117388178
v -0.172980791 2.253560483 -2.153624649
v -0.152554315 2.121719866 -2.269892592
v -0.149629615 2.262032904 -2.130949066
v -0.188857734 2.211381238 -2.175299839
v -0.170520329 2.249171891 -2.096268762
v -0.228271548 1.571195385 -3.028301933
v -0.201067195 1.403758411 -2.816551999
v -0.221540095 1.433564265 -2.719624996
v -0.221540095 1.665245349 -2.947381223
v -0.203016995 1.607645079 -3.020743405
v -0.418794859 2.396433533 -1.723677803
v -0.678489647 2.155365738 -1.719565075
v -0.043319093 2.468784347 -1.756690785
v -0.456073178 2.378452496 -1.701891458
v -0.213230233 1.503537925 -2.963832137
v -0.259004109 1.675119681 -2.896361160
v -0.217083410 1.587469747 -3.000735537
v -0.204920372 1.411926068 -2.795210274
v -0.194985677 1.364139178 -2.863348179
v -0.204363286 1.411987021 -2.804769588
v -0.231103400 1.578570657 -3.003959027
v -0.212255333 1.608315559 -2.992398925
v -0.246098290 1.623797536 -2.956940538
v -0.226136052 1.601488860 -2.981172289
v -0.214112286 1.629283276 -2.971946438
v -0.192246672 1.357434385 -2.874463661
v -0.183983234 1.326470430 -2.918814434
v -0.237184919 1.609961281 -2.972057593
v -0.678489647 2.155365738 -1.719565075
v -0.625241538 2.015113653 -1.820049033
v -0.685963880 2.142870441 -1.729013234
v -0.243266438 1.534136164 -2.870017468
v -0.211605400 1.576010646 -3.022966501
v -0.162953248 1.291910268 -3.025856526
v -0.139462801 1.818602257 -2.943490804
v -0.133242011 1.308611299 -3.143569481
v -0.188486343 1.343232413 -2.896027696
v -0.186490119 1.336832383 -2.904030843
v -0.176091186 1.313853228 -2.958607860
v -0.179480124 1.318485631 -2.936376896
v -0.151115177 1.797329776 -2.949270855
v -0.135516777 1.760819129 -2.983506540
v -0.078136949 1.384070700 -3.262393985
v -0.063234907 1.396687902 -3.273731776
v -0.123957249 1.329944732 -3.159464621
v -0.159703582 1.278378776 -3.051310980
v -0.114579639 1.330919975 -3.177805166
v -0.152693587 1.289472162 -3.077432363
v -0.173398605 1.305502713 -2.970946045
v -0.108219578 1.344573372 -3.199591511
v -0.144198030 1.291849316 -3.098774089
v -0.339735113 1.633610915 -2.667382230
v -0.290340180 1.652567194 -2.698505580
v -0.001630512 2.842119428 -1.505703200
v 0.237173561 2.300006415 -1.770251673
v 0.465903667 2.270566277 -1.780811381
v 0.300077822 2.338589452 -1.801708487
v 0.433778392 2.244234725 -1.765805480
v 0.407363244 2.283122526 -2.004454880
v 0.390325706 2.347976163 -1.901414361
v -0.196656934 1.575401119 -3.067873049
v -0.172655824 1.573511586 -3.121338517
v -0.146240677 1.613984157 -3.126118175
v -0.221632943 1.572780154 -3.074208873
v -0.148051206 1.626235642 -3.098107160
v -0.187789986 1.573450634 -3.102553353
v -0.157846629 1.589603090 -3.115113847
v -0.167084967 1.596734552 -3.091882490
v -0.191921705 1.562966775 -3.101775269
v -0.179248005 1.552543869 -3.096773302
v -0.178737343 1.555774360 -3.121894291
v -0.174512777 1.545473360 -3.106332617
v -0.202181367 1.558700088 -3.111445738
v 0.618823694 2.114405546 -1.774809021
v 0.648534932 2.086367320 -1.888965021
v 0.571239290 2.113613161 -1.818937484
v 0.559540490 2.103007397 -1.902859374
v 0.598165099 2.143175205 -1.831053360
v -0.182869062 1.553153396 -3.079433150
v -0.226832409 1.451728159 -2.776425109
v -0.467632706 1.798548830 -2.374600433
v -0.302921032 1.815188908 -2.730851633
v -0.228085852 1.444352887 -2.790319462
v -0.406678245 1.778190639 -2.535330303
v -0.311880827 1.814640334 -2.705841798
v -0.377245550 1.805985055 -2.649263994
v -0.331518099 1.798061208 -2.710621455
v -0.589495205 1.837680442 -2.081040551
v -0.345259546 1.758807691 -2.698950199
v -0.519534525 1.819638452 -2.281563848
v -0.224557643 1.380718303 -2.875686364
v -0.531233325 1.833169944 -2.246883544
v -0.531465444 1.839630927 -2.234767668
v -0.570554291 1.911494120 -2.032688204
v -0.270470790 1.827135630 -2.763531150
v -0.360022317 1.763074378 -2.657267141
v -0.541028748 1.847981442 -2.191083824
v -0.577517862 1.918564630 -1.989893598
v -0.183147605 1.906739812 -2.752971442
v -0.214808643 1.890465450 -2.740077483
v -0.283562304 1.831280412 -2.731852026
v -0.553980991 1.878518728 -1.993005933
v -0.212812419 1.864499615 -2.755972622
v -0.363364832 1.788491640 -2.698283270
v -0.320422808 1.710350322 -2.669827636
v -0.518188234 1.799828836 -2.317133390
v -0.546924572 1.794404049 -2.286343505
v -0.190436143 1.919052251 -2.714845338
v -0.188161377 1.586311646 -3.087102833
v -0.210955467 1.569488710 -3.091326716
v -0.190853958 1.560894384 -3.138122895
v -0.203481234 1.541511436 -3.034637757
v -0.182869062 1.518166565 -3.033303899
v -0.175534101 1.512741778 -3.072986170
v -0.170706024 1.527736134 -3.075653886
v -0.188347072 1.532917111 -3.073764254
v -0.265874833 1.779348740 -2.850343065
v -0.309002551 1.745641916 -2.850009600
v -0.265503442 1.706754115 -2.888913787
v -0.239041871 1.648483366 -2.935487657
v -0.223582743 1.634586158 -2.903363914
v -0.207891495 1.576071598 -2.995955880
v -0.000794884 2.744351351 -1.788258754
v 0.432942763 2.326155108 -1.928536137
v 0.564182871 2.085026361 -1.926424196
v 0.408941654 2.303054048 -1.712451166
v 0.346455207 2.396128769 -1.783590251
v -0.253061861 2.244966157 -2.053140691
v -0.248280209 2.206322167 -2.097491465
v 0.371431216 2.377903922 -1.720787778
v 0.348126464 2.345172340 -1.730791712
v 0.432710644 2.338406594 -1.693221382
v 0.560701085 2.110504575 -1.864510961
v -0.274927476 1.733085666 -2.872240564
v -0.293172032 1.759356265 -2.850009600
v -0.289179585 1.713641766 -2.870795552
v -0.267313971 1.713824624 -2.896694625
v -0.256404376 1.693466433 -2.915924409
v -0.219265329 1.621542287 -2.932153013
v -0.167363510 1.546387650 -3.129230510
v -0.178365953 1.534501880 -3.034304293
v -0.316058970 1.753748620 -2.831335590
v -0.104319978 1.792026895 -2.959274789
v -0.116158049 1.813604138 -2.941712327
v -0.117782882 1.835669004 -2.913479003
v -0.111005006 1.794891670 -2.963054053
v -0.210584076 1.872240603 -2.730629323
v -0.144012334 1.640681424 -3.073764254
v -0.378870384 1.726380873 -2.647485517
v -0.353383713 1.753626715 -2.648263601
v -0.362714898 1.732049471 -2.627255340
v -0.325529427 1.720651322 -2.700061747
v -0.164578082 1.570768716 -3.136677883
v -0.131756449 1.742594282 -3.005626349
v -0.130270887 1.728331358 -3.024300359
v -0.350087622 1.740339034 -2.700839831
v -0.357329736 1.727782784 -2.672495352
v -0.335742665 1.731622802 -2.686945478
v -0.371349727 1.706632209 -2.632257307
v -0.348323517 1.717969405 -2.650709007
v -0.337878160 1.702182665 -2.690835897
v -0.293450575 1.706449351 -2.693503613
v 0.314144236 2.368517211 -1.806710454
v -0.359000993 1.485617842 -2.582015328
v -0.292197132 1.675546349 -2.694837471
v -0.319122942 1.615629879 -2.675051913
v -0.336531870 1.674632059 -2.698727889
v -0.344052527 1.631355666 -2.637259274
v -0.325343732 1.648849082 -2.679053486
v -0.067459473 1.944286655 -2.700395212
v -0.099631173 1.911859836 -2.731073942
v -0.094060316 1.896499764 -2.770422749
v -0.102741568 1.917223671 -2.709509907
v -0.027442150 1.965071514 -2.682388131
v -0.045361740 1.944774276 -2.690391278
v -0.548410134 1.791783084 -2.257443252
v -0.542096496 1.762769615 -2.287788518
v -0.564147805 1.820187026 -2.250551653
v -0.555652248 1.757040064 -2.269670282
v -0.564194229 1.715043677 -2.229988011
v -0.531419020 1.760270555 -2.318244939
v 0.386611802 2.267579596 -1.740462181
v 0.408941654 2.303054048 -1.712451166
v -0.345398817 1.747409543 -2.672161887
v -0.334582070 1.720895133 -2.666937611
v -0.330868165 1.688590220 -2.668493778
v -0.353244441 1.699744558 -2.651931710
v -0.330403927 1.466234894 -2.648819375
v -0.347766432 1.474097788 -2.612694058
v -0.376549193 1.562662012 -2.652709794
v -0.364386155 1.606486979 -2.660379476
v -0.343681137 1.735219010 -2.663714121
v -0.451802188 1.776605870 -2.400388351
v -0.369957012 1.517313228 -2.633924629
v -0.340292198 1.627454696 -2.655933283
v -0.338249551 1.652750052 -2.660935250
v -0.326736446 1.674875870 -2.679053486
v -0.359186689 1.699988369 -2.663825276
v -0.549570729 1.806289818 -2.232099953
v -0.552449005 1.823356565 -2.223096412
v -0.223907709 1.411316541 -2.852232697
v -0.232960352 1.447400520 -2.815662761
v -0.088953697 1.876263479 -2.832558293
v -0.087885949 1.885040663 -2.808548852
v -0.304499442 2.317682688 -1.895856620
v -0.177576748 2.064668170 -2.321023809
v -0.030274002 1.948309531 -2.712288778
v -0.000005679 1.980431586 -2.674829603
v -0.211698248 1.353289603 -2.902474676
v -0.421348169 1.721992281 -2.432067475
v -0.471300187 1.759417218 -2.365819202
v -0.499479439 1.768499165 -2.335251626
v -0.505746654 1.646350022 -2.320801499
v -0.558762643 1.677740645 -2.263890231
v -0.499711558 1.627820412 -2.311353340
v -0.453055630 1.737108542 -2.397720635
v -0.556673572 1.668597745 -2.250218188
v -0.476963892 1.782396373 -2.369820775
v -0.448831064 1.751615277 -2.392496359
v -0.518048963 1.781238273 -2.312576043
v -0.497529639 1.792392611 -2.348590205
v -0.542421463 1.711203659 -2.270448366
v -0.533786634 1.643607152 -2.289678150
v -0.228317971 1.428261383 -2.791097545
v -0.225254000 1.411316541 -2.806881530
v -0.283051642 1.451911017 -2.684500072
v -0.253851066 1.460383438 -2.726071975
v -0.227018105 1.428809957 -2.748636404
v -0.248001666 1.459652006 -2.735742445
v -0.266756885 1.458615810 -2.712733397
v -0.230964128 1.441610017 -2.763864614
v -0.253711795 1.445754798 -2.725627356
v -0.238949024 1.444657650 -2.749859107
v -0.229014328 1.418326098 -2.776647419
v -0.247258885 1.473975882 -2.763308840
v -0.234074524 1.454653887 -2.761863828
v -0.245541204 1.468063474 -2.779759754
v -0.220333076 1.430272821 -2.761641518
v -0.167781324 1.299529352 -2.998290131
v -0.139323530 1.299956020 -3.119448885
v -0.578353491 1.424787081 -2.123390538
v -0.084264892 1.371514450 -3.246165381
v -0.589355933 1.471293965 -2.086375983
v -0.619020747 1.457823426 -2.073815488
v -0.589355933 1.471293965 -2.086375983
v -0.231939028 1.435819513 -2.779648599
v -0.236349290 1.458067236 -2.794654500
v -0.224371948 1.419118483 -2.788874449
v -0.220843738 1.425274702 -2.826000159
v -0.221818638 1.430882347 -2.812328116
v -0.228596514 1.438867147 -2.798211454
v -0.228689362 1.425823276 -2.799100692
v -0.226228900 1.410524157 -2.797989144
v -0.225903933 1.412291784 -2.821998585
v -0.602076057 1.627576601 -2.133950246
v -0.575243095 1.494334073 -2.096268762
v 0.362935659 2.062230064 -1.834943779
v 0.382944321 1.987806858 -1.837278030
v -0.142480349 1.775996343 -2.966388697
v -0.130781549 1.798305019 -2.965277149
v -0.165413710 1.885101616 -2.811438878
v -0.192571638 1.860293881 -2.829779423
v -0.175348405 1.899059776 -2.779426289
v -0.214019438 1.742228566 -2.915813254
v -0.255429476 1.754906721 -2.874574816
v -0.202274215 1.788247829 -2.896472315
v -0.137791544 2.406734533 -1.740351026
v -0.207984343 1.800560268 -2.870684397
v -0.000005679 2.153963826 -1.894300453
v -0.157011001 2.431725126 -1.845392332
v -0.137466577 2.461530980 -1.842391152
v -0.092621178 2.466163383 -1.796373056
v -0.178598072 2.378452496 -1.829052573
v -0.397625603 2.289949225 -1.729680163
v -0.168663377 1.639279513 -3.022633037
v -0.241966571 1.676399687 -2.939933850
v -0.176926815 1.658662461 -3.007404826
v -0.187604291 1.772522041 -2.915146325
v -0.449573845 2.270139608 -1.750243805
v 0.291303722 2.055037649 -1.866400593
v -0.172702248 2.369797217 -1.773141698
v -0.449573845 2.270139608 -1.750243805
v -0.185422372 2.333652286 -1.790259541
v -0.496926130 2.302322616 -1.774364401
v -0.202459910 2.351267607 -1.842613461
v -0.425294193 2.241065186 -1.765916635
v -0.001259122 2.808412603 -1.689442118
v -0.453659140 2.235335636 -1.785035264
v -0.001351969 2.811460237 -1.552499379
v -0.001630512 2.842119428 -1.505703200
v -0.568743762 2.527786528 -1.613189911
v -0.536386367 2.517241717 -1.602407894
v 0.293996303 1.974214414 -1.843502700
v 0.216654237 2.071799632 -1.874181430
v -0.541214444 2.502430219 -1.580955013
v -0.001630512 2.849189937 -1.575286118
v -0.096706473 1.357495337 -3.223045178
v -0.017925269 1.446851946 -3.338979656
v -0.033570093 1.442402401 -3.334533463
v -0.283330185 1.407842239 -2.607580937
v -0.195264219 1.845970004 -2.824555146
v -0.152043653 1.692491191 -3.015074509
v 0.123063838 2.515656948 -1.832164908
v -0.165367286 1.108808459 -3.029191171
v -0.491865935 1.156900113 -2.213648252
v -0.365778870 1.317571341 -2.563674782
v -0.583552957 1.604414588 -2.142731477
v -0.226182476 1.418996577 -2.810549639
v -0.223350624 1.397967908 -2.818441631
v -0.220472348 1.381754498 -2.843229156
v -0.227482343 1.395773612 -2.850120755
v -0.220750890 1.378463054 -2.858235057
v -0.221540095 1.364748704 -2.867460907
v -0.225068305 1.388398339 -2.863125869
v -0.068109407 1.932157074 -2.694170542
v -0.042204921 1.932705648 -2.684833537
v -0.218011886 1.362005834 -2.881577569
v 0.580059814 1.762221041 -2.139507987
v -0.063327754 1.908995061 -2.763864614
v -0.220425924 1.372367788 -2.888024549
v -0.211651824 1.361030592 -2.907698952
v -0.356540532 1.681032089 -2.676941545
v -0.267778209 1.678106361 -2.712399932
v -0.398136264 1.567964894 -2.527994085
v -0.280962571 1.643485247 -2.712066468
v -0.193175148 1.549496236 -2.932153013
v -0.345584513 1.653847200 -2.647040898
v -0.350273317 1.680971137 -2.656489058
v -0.396697126 1.590395475 -2.539554186
v -0.420001878 1.790442125 -2.471860901
v -0.420419693 1.748567644 -2.436402513
v -0.421533864 1.736377110 -2.503206560
v -0.390012098 1.742777140 -2.589685010
v -0.442238883 1.778251592 -2.443071802
v -0.027395726 1.956842904 -2.676719235
v -0.411181355 1.750213366 -2.472194365
v -0.413873936 1.755089579 -2.510876243
v -0.000005679 1.949589537 -2.738521315
v -0.053857297 1.905155043 -2.804213814
v -0.000005679 1.963669603 -2.715956887
v -0.064813316 1.929536109 -2.722959640
v -0.026327979 1.934290417 -2.750970655
v -0.046986574 1.917406529 -2.766643485
v -0.365175360 2.151647625 -2.143731870
v -0.355519208 2.135434216 -2.166518608
v -0.376317074 2.085513982 -2.109829650
v -0.375295750 2.055281460 -2.124057467
v -0.356911922 2.026267991 -2.189861121
v -0.340106503 2.109468380 -2.192084217
v -0.358629603 2.016881280 -2.188304953
v -0.332214456 2.009871724 -2.234767668
v -0.348277094 1.997620238 -2.257887871
v -0.318890823 2.068873904 -2.245549686
v -0.291965013 2.033704216 -2.306462528
v -0.336949684 2.112028392 -2.184525689
v -0.297814413 2.041323299 -2.312909507
v -0.371721117 2.077712041 -2.098714168
v -0.326968565 1.986222089 -2.333917768
v -0.319958570 1.980553491 -2.312464888
v -0.288343956 2.028035618 -2.347478656
v -0.415963007 1.969460106 -2.294457807
v -0.397811298 2.136470411 -2.049139118
v -0.377245550 2.179868710 -2.104605373
v -0.269960128 2.005848848 -2.426509734
v -0.397207788 2.112394108 -2.059031897
v -0.215829967 2.038458524 -2.324691918
v -0.259468347 1.869010112 -2.683610834
v -0.243544981 2.070641532 -2.255998239
v -0.475153363 2.177430603 -1.892299666
v -0.231753333 2.082710160 -2.224986044
v -0.497808182 2.196691645 -1.862621329
v -0.215319305 2.058511951 -2.278562668
v -0.259979009 2.128119896 -2.175410994
v -0.467354164 2.084051118 -2.004788344
v -0.268242447 1.880103497 -2.624809934
v -0.233842405 2.066862466 -2.280563454
v -0.249812195 2.099167380 -2.199976209
v -0.251437028 2.102885492 -2.211091691
v -0.292475675 2.175480118 -2.116498939
v -0.278316414 2.165301022 -2.110385424
v -0.305056527 2.218817463 -2.048583344
v -0.331982337 2.095510220 -2.217983290
v -0.382862831 2.194619255 -2.085042125
v -0.431468559 2.193704965 -1.974887698
v -0.394004545 2.131350387 -2.039579803
v -0.404914141 2.250817613 -2.030576263
v -0.311880827 1.953002886 -2.415171942
v -0.397161364 2.102946445 -2.048916808
v -0.395257988 2.247830932 -2.011235324
v -0.301110504 2.189499231 -2.096157607
v -0.299717789 2.182306816 -2.080595932
v -0.331053860 2.246368068 -2.019905400
v -0.320004994 2.241979476 -2.003565641
v -0.253665371 2.077651088 -2.267780650
v -0.423251545 2.164447685 -1.993117088
v -0.373810189 2.189986852 -2.073259714
v -0.287461904 1.945871424 -2.466303160
v -0.313227118 1.969033437 -2.386049379
v -0.399389707 2.235945162 -2.041358280
v -0.263228676 1.997864048 -2.459522715
v -0.282030318 1.907715055 -2.505318502
v -0.259514771 1.939410441 -2.530550646
v -0.419816183 2.187487793 -1.961215655
v -0.421394593 2.161156241 -1.979556200
v 0.151335938 2.165971502 -1.885963841
v 0.092424125 2.258863365 -1.836166482
v -0.276227342 2.144455210 -2.153402340
v -0.274323966 2.139761855 -2.137507200
v 0.042193563 2.637806091 -1.717897752
v -0.310395266 2.056012892 -2.271893378
v 0.074272415 2.642621351 -1.749688031
v -0.243777100 2.090329243 -2.230432630
v 0.042704225 2.570941016 -1.926868815
v 0.078404134 2.649387097 -1.821049426
v 0.082025191 2.577950573 -1.777143272
v 0.039872373 2.733989398 -1.772474769
v 0.106072724 2.578742957 -1.824828690
v 0.013550073 2.814020249 -1.554389011
v -0.000702036 2.698332088 -1.663765355
v 0.035647806 2.796892550 -1.680327423
v 0.029659135 2.839254653 -1.569950686
v 0.027430792 2.765380021 -1.622749226
v 0.082489429 2.571062921 -1.886297306
v -0.001027003 2.761174287 -1.611744899
v 0.057188454 2.769402897 -1.657096066
v -0.000284222 2.572891501 -1.738127930
v 0.042889920 2.576182945 -1.747242625
v 0.078079168 2.710949290 -1.724455887
v 0.090474325 2.645364221 -1.783590251
v -0.197492562 1.314462755 -3.007627136
v -0.194335743 1.296116002 -3.008627529
v 0.287032732 2.238809938 -1.806043525
v -0.000469917 2.635550842 -1.706004187
v -0.200974348 1.318302773 -2.965388304
v -0.206498781 1.320192305 -2.981728063
v -0.201624281 1.340794307 -2.972391058
v -0.224093405 1.383826889 -2.966722162
v -0.227760886 1.599111706 -2.828890184
v -0.216201357 1.371453498 -2.912033990
v -0.213090962 1.362127740 -2.939489231
v -0.224371948 1.393518363 -2.936488051
v -0.212580300 1.348413390 -2.934487264
v -0.209469905 1.332748555 -2.925594878
v -0.203202691 1.329518063 -2.968389484
v -0.217919038 1.336161904 -2.950827023
v -0.219172481 1.383704984 -2.888802633
v -0.216247781 1.348657201 -2.918258660
v -0.209144938 1.317632293 -2.943268495
v -0.209237786 1.334089513 -2.909143965
v -0.329753994 1.753626715 -2.742078269
v -0.346884379 1.760392461 -2.785762114
v -0.351619608 1.750274318 -2.719402686
v -0.351712455 1.770937272 -2.745079450
v -0.329707570 1.782883995 -2.772090071
v -0.276273766 1.704742677 -2.721514628
v -0.338945908 1.792392611 -2.781093611
v -0.319819299 1.805131718 -2.777647812
v -0.196424815 1.606365073 -2.869239384
v -0.215690695 1.367186811 -2.926261807
v -0.350134046 1.797573587 -2.725849666
v -0.292522099 1.810922221 -2.768088497
v -0.327107837 1.772948710 -2.795321429
v -0.339178027 1.802571706 -2.749525642
v -0.381887931 1.785626865 -2.706842191
v -0.336114056 1.825307050 -2.744301366
v -0.320701351 1.791051652 -2.778203586
v -0.407188907 1.749847650 -2.552114681
v -0.052093193 1.790564031 -2.981505753
v -0.542375039 1.852918608 -2.176744852
v -0.579003424 1.838411874 -2.157070449
v -0.075769335 1.801169794 -2.985840791
v -0.000005679 1.882236840 -2.908032417
v -0.078183373 1.776179201 -2.979393811
v -0.079715359 1.799463120 -2.948826236
v -0.068062983 1.791844037 -2.969612187
v -0.060960140 1.874800615 -2.865793585
v -0.044851078 1.842617607 -2.902696985
v -0.083429264 1.820735600 -2.919703673
v -0.034869960 1.891562598 -2.869239384
v -0.000005679 1.913383653 -2.873240958
v -0.026606522 1.911859836 -2.842117608
v -0.053578755 1.895280711 -2.847564194
v -0.063745569 1.862610082 -2.861680856
v -0.051861074 1.838594731 -2.900251579
v -0.020896393 1.901071214 -2.834670235
v -0.051582531 1.885040663 -2.839561047
v -0.088443035 1.854320519 -2.863459334
v -0.412713340 1.724918009 -2.466192005
v -0.324322408 1.801779321 -2.735408980
v -0.200045872 2.166885792 -2.207201273
v -0.200092296 2.122268440 -2.258665955
v -0.159657158 2.167861034 -2.223763341
v -0.152182925 2.095936888 -2.312687197
v -0.198235343 2.082161586 -2.292901639
v -0.187836410 2.039799483 -2.389495179
v -0.176509001 2.097765468 -2.282786551
v -0.155339744 2.044797601 -2.385271295
v -0.122425263 2.103495019 -2.350146372
v -0.157335967 2.027426091 -2.413726929
v -0.101163159 2.069422478 -2.396497932
v -0.106687592 2.038763287 -2.429177449
v -0.133242011 2.019136529 -2.441515635
v -0.140994787 2.050770963 -2.428510521
v -0.098052763 2.008286954 -2.488756433
v -0.157382391 2.020782251 -2.450074556
v -0.136630949 1.988964959 -2.495314568
v -0.116993678 2.013041262 -2.492980316
v -0.108080306 2.035898512 -2.462523896
v -0.142619620 2.000424060 -2.470749352
v -0.165831525 1.999814534 -2.451186104
v -0.105573421 1.934960897 -2.664158740
v -0.114161825 1.950077158 -2.615139464
v -0.119639835 1.967875337 -2.581570709
v -0.127485458 1.978237290 -2.551670062
v -0.294007661 1.974092508 -1.843502700
v -0.216665595 2.071555822 -1.874181430
v -0.208262886 2.010054582 -1.844503093
v -0.382909255 1.987684953 -1.837278030
v -0.143408825 2.085392077 -1.889298486
v -0.363132712 2.061803395 -1.834943779
v -0.071730464 2.070214863 -1.851728156
v -0.545624705 2.016393659 -1.748465328
v -0.073123178 2.102824539 -1.886630770
v -0.139602072 2.041140441 -1.851728156
v -0.532858158 2.049308099 -1.743018742
v -0.093921044 2.489142538 -1.947210147
v -0.514010091 2.116660795 -1.747464935
v -0.469628930 1.976957284 -1.850950073
v -0.047125845 2.520716019 -1.756246166
v -0.000191374 2.523763652 -1.741573729
v -0.043319093 2.468784347 -1.756690785
v -0.000144950 2.464761471 -1.741573729
v -0.387876603 2.345842820 -1.902525909
v -0.363318408 2.296105444 -1.982779690
v -0.431097169 2.324936055 -1.929314221
v -0.407467450 2.282573952 -2.004677190
v -0.470696678 2.307320735 -1.875959907
v -0.397625603 2.289949225 -1.729680163
v -0.565354824 2.085696840 -1.926090731
v -0.414802412 2.318353167 -1.725567435
v -0.360625827 2.332433233 -1.757691178
v -0.653606485 2.082953970 -1.884852293
v -0.604536519 2.047540471 -1.927091125
v -0.562522972 2.112333155 -1.863621722
v -0.283376609 2.147198080 -1.850060834
v -0.561130258 2.104165498 -1.902303600
v -0.350505436 2.139944713 -1.827162941
v -0.572596938 2.116416984 -1.817825936
v -0.603468771 2.137445654 -1.864955580
v -0.648360595 2.091974965 -1.767695112
v -0.578539186 2.098253090 -1.804931977
v -0.605557843 2.146222838 -1.791037624
v -0.619252866 2.119220807 -1.773030543
v -0.667347932 2.079479668 -1.785924503
v -0.607786186 2.033399453 -1.801041558
v -0.622177566 2.003776457 -1.851172382
v -0.699798175 2.136531364 -1.754801153
v -0.615910352 2.023098452 -1.917087191
v -0.673011637 2.076553940 -1.844280783
v -0.628212661 2.012980310 -1.868179070
v -0.707597375 2.141956151 -1.766694719
v -0.711172008 2.148904755 -1.782478703
v -0.000144950 2.464761471 -1.741573729
v -0.658156018 2.192424959 -1.763248919
v -0.660477209 2.194070681 -1.786702586
v -0.000005679 2.104287403 -1.887853473
v -0.053253788 2.441782316 -1.742462968
v -0.000005679 2.077712041 -1.861287471
v -0.000098527 2.424349854 -1.733237118
v -0.469721778 2.198337367 -1.772474769
v -0.286811971 2.236249926 -1.806932764
v -0.406863940 2.210649806 -1.772363615
v -0.494651363 2.152744773 -1.759358501
v -0.226228900 2.245697589 -1.828052180
v -0.081433040 2.171396289 -1.892744285
v -0.161699806 2.247648074 -1.833165301
v -0.215040762 2.159632424 -1.884963448
v -0.590470105 2.059609099 -1.797706914
v -0.631740871 2.103860735 -1.767917422
v -0.067134507 2.720579811 -1.750354960
v -0.082640059 2.577767715 -1.777365581
v -0.075165826 2.642438493 -1.749910341
v -0.043504788 2.576061040 -1.747353780
v -0.083011449 2.570941016 -1.886408460
v -0.091414159 2.645120411 -1.783923716
v -0.000702036 2.698332088 -1.663765355
v -0.029484798 2.765258116 -1.622860381
v -0.041415717 2.733867493 -1.772585924
v -0.043179821 2.570880063 -1.926868815
v -0.033291550 2.823163149 -1.560613681
v -0.016300436 2.813959296 -1.554389011
v -0.206173814 1.625565163 -3.001291311
v -0.038026779 2.796770644 -1.680438578
v -0.456073178 2.378452496 -1.701891458
v -0.502172020 2.475793904 -1.720454313
v -0.541214444 2.502430219 -1.580955013
v -0.688749308 2.187304935 -1.774030937
v -0.476499654 2.246916642 -1.881517648
v -0.485552297 2.251914761 -1.829608347
v -0.706947441 2.172676295 -1.773475163
v -0.601426124 2.537234191 -1.539383111
v -0.414802412 2.318353167 -1.725567435
v -0.498968777 2.362543850 -1.721010087
v -0.561501648 2.440075642 -1.681661281
v -0.498783082 2.441050884 -1.645535964
v -0.498783082 2.441050884 -1.645535964
v -0.479749321 2.453546181 -1.661875723
v -0.051814650 2.783970584 -1.669100786
v -0.059242459 2.769220039 -1.657318375
v -0.436203788 2.410391693 -1.827385251
v -0.542607158 2.475489141 -1.723455493
v -0.471532306 2.305187391 -1.744130290
v -0.491030306 2.269895798 -1.777699046
v -0.590470105 2.059609099 -1.797706914
v -0.631740871 2.103860735 -1.767917422
v -0.598826390 2.147015222 -1.829719502
v -0.624777300 2.120317955 -1.894300453
v -0.330218232 2.350292364 -1.812379350
v -0.451941459 2.253865246 -1.947210147
v -0.046058097 2.420631741 -2.066145805
v -0.123493011 2.515352184 -1.832387218
v -0.137466577 2.461530980 -1.842391152
v -0.127439035 2.432578464 -1.960326416
v -0.430122269 2.078931094 -1.811156647
v -0.453148478 2.025963227 -1.811378957
v -0.291315080 2.054793839 -1.866400593
v -0.106037659 1.987197332 -2.547001559
v -0.074933707 2.021026061 -2.472638984
v -0.139044987 2.074054881 -2.398498719
v -0.111283549 2.056988134 -2.398498719
v -0.130781549 2.061132916 -2.390829036
v -0.121682482 2.091487344 -2.338586271
v -0.139277106 2.126535127 -2.315577223
v -0.130085192 2.148356181 -2.268225269
v -0.130363734 2.176821076 -2.229321082
v -0.136955915 2.215099351 -2.192639991
v -0.107894611 2.305431202 -2.124724396
v -0.106594744 2.256242400 -2.158626616
v -0.066066759 2.267579596 -2.185970702
v -0.100791768 2.177918224 -2.281008074
v -0.055760674 2.165666738 -2.337585877
v -0.045779555 2.102397871 -2.396164468
v -0.074887283 2.063814833 -2.396164468
v -0.076512116 1.969947727 -2.568343285
v -0.074701588 1.982016355 -2.571344465
v -0.207566529 2.100813101 -2.240436564
v -0.188486343 2.206687883 -2.115053926
v -0.242802200 2.284341579 -1.930203460
v -0.178598072 2.378452496 -1.829052573
v -0.491030306 2.269895798 -1.777699046
v -0.293636271 2.329385600 -1.854618182
v -0.057617626 2.391435414 -2.095157214
v -0.205941695 2.029010861 -2.345366715
v -0.212208910 2.025231795 -2.392940978
v -0.194753557 2.020599393 -2.417061574
v -0.172609401 1.980553491 -2.502428476
v -0.164624505 1.975860136 -2.496537271
v -0.701051618 2.165849596 -1.802931190
v -0.676771966 2.187000172 -1.812157040
v -0.672315280 2.166337218 -1.720009694
v -0.658852375 2.182916343 -1.740684491
v -0.353940798 2.220219375 -1.789703767
v -0.415730888 2.122512251 -1.817825936
v -0.151393720 2.165788644 -1.885963841
v -0.092481906 2.258619554 -1.836166482
v -0.000284222 2.572891501 -1.738127930
v -0.000469917 2.635550842 -1.706004187
v -0.106687592 2.578499147 -1.825050999
v -0.048054321 2.658529997 -1.853617788
v -0.001027003 2.761174287 -1.611744899
v -0.032780888 2.839132747 -1.570061841
v -0.537361267 2.433797517 -1.661986878
v -0.478170911 2.402345941 -1.836722256
v -0.592419905 2.530285588 -1.612967602
v -0.694041623 2.188158272 -1.744686064
v -0.000052103 2.344806624 -1.747909554
v -0.087793102 2.517790291 -1.787591825
v -0.348184246 1.973056313 -2.341809760
v -0.254036761 2.126230363 -2.169630943
v -0.213973014 2.033887074 -2.349145979
v -0.228735786 2.043029974 -2.330249659
v -0.114672487 2.420753646 -2.054474549
v -0.090299987 2.353339998 -2.084041731
v -0.485552297 2.251914761 -1.829608347
v -0.674729318 1.419910867 -1.923423016
v -0.643114704 1.595271688 -2.011124169
v -0.661730652 1.417350855 -1.952879043
v -0.592373481 1.599660280 -2.124168622
v -0.597665795 1.574852545 -2.145843812
v -0.575243095 1.494334073 -2.096268762
v -0.583552957 1.604414588 -2.142731477
v -0.635176233 1.627271838 -1.994562101
v -0.646921456 1.645009064 -2.019905400
v -0.615074724 1.629892802 -2.058587278
v -0.578121372 1.620688950 -2.097269155
v -0.563405024 1.605267925 -2.029131250
v -0.589913019 1.606060310 -2.014569969
v -0.563405024 1.605267925 -2.029131250
v -0.450595168 1.468002521 -1.970886124
v -0.612335719 1.557602940 -2.057142265
v -0.597155133 1.532063773 -2.138174129
v -0.597526524 1.551020052 -2.149845385
v -0.630858819 1.576620172 -2.091933724
v -0.065788216 2.361690513 -1.740906800
v -0.692741756 2.180356331 -1.728568615
v -0.692741756 2.180356331 -1.728568615
v -0.300646266 1.956172425 -2.372710801
v -0.279291314 1.918991298 -2.514210887
v -0.260628942 1.993231646 -2.443961041
v 0.355090035 2.222840339 -1.788814528
v 0.037829725 2.700160668 -1.678215481
v 0.065637587 2.720762669 -1.750132650
v -0.204548981 1.337320005 -2.981394598
v -0.201252891 1.298919825 -2.977059560
v -0.065277554 1.811226984 -2.946603139
v -0.084218468 1.835120430 -2.899584650
v -0.186536543 2.011944114 -2.413393465
v 0.065219773 1.449594816 -3.311857880
v 0.001990545 1.129532366 -3.234049505
v 0.115264639 1.387788812 -3.218154366
v 0.034347940 1.160069651 -3.225712894
v 0.045118263 1.184145954 -3.190254506
v 0.097623591 1.301418884 -3.186919862
v 0.000783526 1.133372384 -3.221711320
v 0.005936569 1.267102533 -3.236050292
v -0.133706249 1.406745091 -2.702951773
v 0.443434544 2.029315624 -2.144954573
v -0.146333525 1.428566146 -2.583349186
v 0.394782392 2.024622269 -2.154625043
v 0.481362796 2.055525271 -2.105494612
v 0.419711978 2.023220357 -2.201198912
v 0.486283720 2.003837410 -2.100492645
v 0.375702207 2.005848848 -2.190083430
v -0.548781524 2.145918074 -1.855618575
v 0.253607589 2.077651088 -2.267780650
v 0.350076264 2.032485163 -2.156070055
v 0.336613360 2.105262646 -2.191528443
v 0.404717087 2.251000471 -2.030465108
v 0.297803055 2.041384252 -2.312909507
v 0.326168003 1.972202976 -2.331472362
v 0.287450546 1.945871424 -2.466303160
v 0.213729537 1.906739812 -2.649263994
v 0.200638023 1.928499914 -2.640371609
v -0.069223578 1.132884762 -3.145125649
v 0.292278622 1.837680442 -2.686056240
v 0.355600697 1.844263329 -2.571677929
v 0.517155552 1.986161136 -2.105272302
v 0.504528276 1.976469662 -2.097046846
v 0.475188429 1.917955103 -2.260777896
v 0.537396333 2.117331274 -1.912529843
v 0.559540490 2.103007397 -1.902859374
v 0.015221330 1.261433935 -3.034637757
v 0.000040745 1.306721766 -2.934153799
v 0.037365487 1.296176955 -2.999512834
v 0.063594939 1.304161754 -2.836004093
v 0.423008068 2.164569590 -1.993117088
v 0.304952322 2.218817463 -2.048583344
v 0.301052722 2.189499231 -2.096157607
v 0.330949655 2.246368068 -2.019905400
v 0.002315511 1.428688051 -2.411614988
v 0.543431428 2.016271753 -1.749354567
v 0.576902995 2.095388314 -1.806043525
v 0.022045630 1.325190424 -2.940934244
v 0.000087169 1.255521527 -3.041418201
v -0.000005679 1.346036236 -2.766976949
v 0.052313954 1.332870460 -2.841784144
v 0.001387035 1.251193887 -3.040528963
v 0.034765754 1.291300742 -2.968611794
v 0.034347940 1.289350256 -2.968167175
v -0.063559873 1.222180418 -3.149349532
v -0.045918826 1.184328812 -3.191032590
v -0.006365741 1.303247464 -3.226157513
v -0.092064092 1.194446955 -3.097884850
v -0.068202254 1.224069951 -3.210373529
v -0.000377069 1.321655169 -3.208706206
v -0.066623845 1.448863384 -3.312858273
v -0.000237798 1.133799052 -3.221266701
v 0.002176240 1.112465619 -3.179250179
v -0.069502121 1.228458543 -3.240163021
v 0.092099158 1.194446955 -3.097884850
v 0.022881259 1.275209238 -3.203259620
v 0.096880810 1.193288854 -3.097662541
v 0.132859262 1.332931413 -3.138345205
v 0.068423015 1.229189975 -3.239718401
v 0.000180016 1.133860005 -3.221377856
v -0.137188034 1.421861353 -2.589796165
v -0.146519220 1.405769849 -2.691280516
v -0.149397496 1.391750736 -2.671494958
v -0.126185592 1.415887991 -2.559006280
v -0.139834192 1.410280346 -2.667604540
v -0.140019887 1.409975583 -2.666937611
v -0.142201806 1.402905073 -2.573345252
v -0.151440144 1.440939537 -2.585127663
v -0.152554315 1.444840508 -2.540665735
v -0.149722463 1.407293665 -2.591796952
v -0.000005679 1.385655469 -3.205593871
v 0.000551407 1.321716122 -3.208706206
v -0.126789101 1.385350706 -2.651375936
v -0.125164268 1.394920274 -2.600800492
v -0.143223130 1.419423246 -2.633146545
v -0.146937034 1.498356949 -2.440404086
v -0.137559425 1.430577584 -2.603912827
v -0.144198030 1.387910718 -2.708842978
v -0.135795320 1.406562233 -2.701395605
v -0.144987234 1.407537476 -2.590018475
v 0.080818172 1.185852629 -3.096217528
v 0.063548515 1.222180418 -3.149349532
v 0.005472330 1.252351988 -3.319638717
v 0.005982992 1.476231131 -3.356653273
v -0.034405721 1.160008699 -3.225712894
v -0.069502121 1.223521377 -3.209039671
v -0.135098963 1.350424828 -3.162910420
v -0.132220687 1.332260933 -3.137678276
v -0.115368844 1.327933294 -3.121894291
v -0.132870620 1.332931413 -3.138345205
v -0.003301769 1.408573671 -3.136010954
v -0.080829530 1.185852629 -3.096217528
v -0.057756897 1.157387734 -3.111556893
v 0.087317506 1.381693546 -2.632479616
v -0.002883955 1.392177404 -2.561785150
v -0.000516341 1.325495187 -2.726961214
v 0.080493206 1.394554558 -2.456188071
v 0.000087169 1.305746524 -2.830224042
v -0.015232688 1.261433935 -3.034637757
v -0.000098527 1.255887243 -3.041529356
v -0.000330646 1.304771281 -2.830224042
v -0.068527221 1.447766236 -2.411281523
v -0.093317535 1.422470879 -2.313354126
v -0.080318868 1.401990784 -2.527104846
v 0.092749091 1.375293516 -2.349590598
v -0.054878621 1.333784750 -2.842673382
v -0.000005679 1.381023066 -2.702173689
v -0.000052103 1.295994097 -3.015074509
v -0.085843302 1.390348824 -2.596243145
v -0.074330197 1.441366206 -2.648819375
v -0.085239792 1.395407896 -2.456076916
v -0.039048102 1.289106446 -2.969056413
v -0.034684264 1.291117884 -2.968611794
v -0.000469917 1.427103282 -2.283008860
v -0.000005679 1.327079957 -2.906809714
v -0.004230246 1.428931862 -2.601022802
v -0.095453030 1.384192605 -2.352036004
v -0.022846193 1.275209238 -3.203259620
v -0.068666492 1.223887093 -3.151239164
v -0.002234022 1.231993797 -3.228491764
v 0.003847497 1.261251077 -3.061648379
v 0.066658911 1.447949094 -2.411170369
v 0.438652892 2.224181298 -1.945098206
v 0.371291945 1.770144887 -2.626254946
v 0.352954540 1.761977230 -2.652709794
v 0.451930101 2.254474773 -1.946987838
v -0.000841308 1.133372384 -3.221711320
v -0.096381506 1.301296979 -3.186141778
v -0.004880179 1.252717704 -3.319082943
v 0.057745539 1.157387734 -3.111556893
v 0.069212220 1.132945715 -3.145014494
v 0.115264639 1.327933294 -3.121783137
v 0.072694006 1.222119466 -3.210484683
v 0.134344824 1.333114271 -3.137011347
v -0.162999672 1.409427009 -2.670605720
v -0.188904158 1.462394876 -2.519212854
v -0.151765110 1.400040298 -2.628589198
v -0.130363734 1.530052335 -2.390495572
v -0.138302206 1.398089813 -2.623809540
v 0.088756644 1.370722066 -2.667938004
v 0.061134477 1.310378926 -2.837449106
v -0.002512565 1.428931862 -2.411614988
v 0.054727992 1.439537626 -2.298792845
v 0.000226440 1.366821095 -2.367819988
v -0.092667602 1.373586841 -2.349145979
v 0.602993175 2.040530915 -1.947321302
v 0.550580695 2.122146535 -1.965217228
v -0.096938592 1.193288854 -3.097662541
v -0.097495678 1.301114121 -3.187475636
v -0.002001903 1.129593318 -3.234049505
v 0.001108492 1.130629514 -3.124006233
v 0.000133592 1.298554109 -3.214486257
v 0.002733326 1.303125559 -3.222044785
v 0.068190896 1.224008998 -3.210484683
v 0.004033192 1.409609867 -3.135121715
v -0.150279549 1.446669088 -2.493758400
v -0.083661383 1.220168980 -3.038194712
v -0.154039877 1.408147003 -2.726850059
v -0.131477906 1.529930430 -2.391495965
v -0.146426372 1.428444241 -2.583349186
v 0.557312147 2.079967290 -1.947098993
v 0.615202637 2.024744174 -1.917309501
v 0.617616675 2.003837410 -1.928202673
v 0.080028968 1.398028860 -2.525882143
v 0.093816839 1.435514750 -2.604579756
v -0.005947927 1.476292084 -3.356764427
v 0.088245982 1.408756529 -2.416950419
v -0.000098527 1.298554109 -3.214486257
v 0.093399025 1.422227069 -2.313242972
v 0.091309953 1.384192605 -2.351813694
v -0.001119850 1.130629514 -3.124006233
v 0.090427901 1.411682257 -2.682165821
v 0.000458559 1.366943000 -2.367819988
v 0.001479883 1.394371700 -2.562007460
v -0.096752897 1.391628830 -2.675829996
v -0.094013892 1.436124277 -2.604579756
v 0.514184429 2.116295079 -1.748131864
v 0.531082695 2.068081520 -1.978000033
v 0.559726185 1.977566810 -1.778254820
v 0.159413681 2.404845001 -1.969218802
v 0.477045382 2.123792257 -1.930759234
v 0.448076925 2.042481400 -2.160849713
v 0.349287059 1.990184012 -2.314243365
v 0.276169560 2.144455210 -2.153402340
v 0.243487199 2.070641532 -2.255998239
v 0.104772858 1.297761724 -3.187809100
v -0.168431258 1.416680376 -2.608359020
v -0.162860401 1.410158441 -2.670939184
v -0.167642053 1.417472761 -2.608692485
v -0.188439919 1.456055798 -2.566231343
v -0.043551212 1.372245882 -3.205816181
v 0.000087169 1.305015092 -2.934042645
v -0.063095635 1.303369370 -2.836337557
v 0.531036271 2.049186193 -1.744019135
v -0.054692926 1.439537626 -2.298792845
v 0.597932980 1.978359195 -1.953768282
v 0.000458559 1.427103282 -2.283008860
v 0.588276828 2.057353850 -1.798818462
v -0.041183598 1.466295846 -2.527771775
v 0.655823470 1.996827853 -1.861398626
v -0.088814426 1.380047824 -2.631701533
v -0.000748460 1.326348525 -2.726961214
v -0.000005679 1.327079957 -2.906809714
v -0.001212698 1.251315793 -3.040528963
v 0.001804850 1.435941419 -2.564897485
v 0.623373227 2.016149848 -1.820827116
v 0.605546485 2.032363257 -1.802041952
v 0.593522718 1.951783833 -1.816492078
v 0.633493618 1.970008680 -1.849171596
v 0.620912765 2.005665990 -1.851617002
v 0.563440090 1.938130435 -1.954546365
v 0.626994284 2.015174605 -1.868623689
v -0.018343084 1.273075894 -3.047198252
v -0.035891283 1.316413240 -2.975725702
v -0.132963468 1.472391113 -2.440515241
v -0.112629839 1.554738165 -2.349034824
v -0.150975906 1.480254007 -2.527994085
v 0.165820166 1.930755163 -2.653821342
v 0.070047849 1.224679478 -3.151794938
v -0.137884392 1.399430772 -2.624698779
v -0.146240677 1.406501281 -2.690835897
v 0.438281501 1.984271604 -2.204422402
v 0.564182871 2.085026361 -1.926424196
v -0.002048327 1.113197051 -3.177582857
v 0.000180016 1.296542671 -3.015407973
v 0.040847273 1.466966326 -2.527882930
v 0.191306838 2.264653868 -1.988559741
v 0.199941666 2.341576133 -1.905638244
v 0.401653116 2.263556720 -2.004232570
v 0.391811268 1.776605870 -2.584794198
v 0.601507613 1.959402916 -1.926313041
v 0.182161347 2.399603071 -1.982668535
v 0.381040945 1.811470795 -2.604246292
v 0.367717312 1.767219159 -2.620030276
v 0.181650685 2.369980075 -1.907639031
v -0.061145835 1.309586542 -2.837226796
v -0.000423493 1.261190125 -3.058758353
v -0.000005679 1.327201862 -2.834114461
v 0.603643109 2.047845235 -1.927313434
v 0.041729325 1.434478555 -2.644262027
v 0.560701085 2.110504575 -1.864510961
v 0.547655995 2.144028542 -1.856396659
v 0.571239290 2.113613161 -1.818937484
v 0.096787963 2.423984138 -2.013347266
v 0.407363244 2.283122526 -2.004454880
v 0.378905449 1.810739363 -2.599800099
v 0.166516524 2.420692694 -1.909306354
v 0.138012305 2.445439476 -1.903415148
v 0.513255953 2.205103113 -1.822049819
v 0.362889235 2.297324497 -1.982668535
v 0.346640902 2.274589153 -1.988337431
v 0.166098709 2.355412388 -1.962438358
v 0.495939872 2.152561915 -1.759580810
v 0.546216857 2.155609548 -1.808711241
v 0.363956983 1.804644096 -2.645707040
v 0.156813948 2.432151795 -1.845170022
v 0.472310153 2.198581178 -1.772252460
v 0.415951649 1.830731838 -2.499760761
v 0.127241981 2.432700369 -1.960326416
v 0.140101376 2.348098068 -2.023017735
v 0.194370809 2.406551675 -1.917642965
v 0.430482301 1.837497584 -2.458633477
v 0.443991630 1.845970004 -2.462746205
v 0.461400558 1.846701436 -2.408391498
v 0.468085586 1.848347158 -2.415394252
v 0.446962753 1.803364090 -2.425064721
v 0.137176676 2.461835743 -1.842168842
v 0.404856359 1.785687817 -2.513988578
v 0.429553825 1.800377410 -2.478863654
v 0.443480968 1.805314576 -2.414616168
v 0.469478301 1.812202227 -2.364707654
v 0.176636914 2.327130351 -1.958547939
v 0.157974543 2.295374012 -2.008678763
v 0.479459420 1.809459357 -2.373155420
v 0.514416548 1.864926283 -2.309019088
v 0.501603576 1.823539423 -2.301238251
v 0.512606019 1.862549129 -2.301460561
v 0.246319051 2.340966606 -1.948655160
v 0.119674900 2.400944030 -2.022795425
v 0.545009838 1.861634839 -2.178523329
v 0.538046266 1.882968272 -2.243882364
v 0.533960971 1.845482383 -2.240881183
v 0.549652219 1.862549129 -2.185303773
v 0.548445200 1.901193120 -2.183858760
v 0.556244400 1.901010262 -2.190750359
v 0.546820366 1.882663509 -2.123612848
v 0.568268166 1.910762688 -2.070369689
v 0.554944533 1.929475157 -2.129726363
v 0.595936756 2.001216445 -2.022350806
v 0.571842799 1.963974366 -2.083041338
v 0.583263056 1.933010411 -2.013791885
v 0.568639557 1.932461837 -2.000008687
v 0.593522718 2.008347907 -2.013124956
v 0.620309256 2.040165199 -1.961215655
v 0.327050055 1.818785115 -2.665826063
v 0.359407450 1.842129986 -2.580792625
v 0.346780174 1.833474708 -2.623031457
v 0.368088702 1.850602407 -2.524770595
v 0.400956759 1.865170094 -2.477529796
v 0.336706207 1.832133749 -2.616695632
v 0.383779949 1.861147218 -2.473083604
v 0.423333035 1.871935840 -2.430622462
v 0.445291496 1.884918758 -2.389606333
v 0.435867463 1.880286355 -2.375156207
v 0.464603801 1.898694060 -2.323691525
v 0.451883677 1.889551160 -2.317244545
v 0.483962529 1.939471394 -2.204200093
v 0.502764172 1.956660046 -2.155847746
v 0.489579810 1.934838991 -2.208868595
v 0.490461862 1.950381921 -2.149067302
v 0.503321257 2.019075576 -2.030242798
v 0.552484071 2.055708129 -1.991227456
v 0.523283495 2.021208919 -2.034355527
v 0.499885896 2.009140292 -2.059031897
v 0.241166008 1.969582011 -2.520769022
v 0.271155789 1.912713174 -2.563119008
v 0.205141133 1.938800915 -2.646929743
v 0.222735756 1.917223671 -2.660490631
v 0.194045842 1.923623701 -2.687390098
v 0.237219985 1.891257835 -2.687501253
v 0.253375470 1.903692179 -2.623031457
v 0.220832380 1.945932377 -2.578680683
v 0.223896351 1.955258135 -2.587684224
v 0.240980313 1.927098003 -2.597243538
v 0.254675337 1.937825672 -2.515211281
v 0.247804613 1.886259716 -2.613360987
v 0.242605146 1.967204857 -2.509320075
v 0.259503413 1.939410441 -2.530550646
v 0.282018960 1.907715055 -2.505318502
v 0.267952546 1.895890238 -2.557894732
v 0.279279956 1.918991298 -2.514210887
v 0.284293727 1.927829435 -2.459411561
v 0.269948770 2.005848848 -2.426509734
v 0.260617584 1.993231646 -2.443961041
v 0.290746636 2.029803245 -2.382825889
v 0.310987417 1.949589537 -2.414171549
v 0.233784623 1.959890537 -2.555227016
v 0.282111808 2.016820327 -2.371488098
v 0.310151788 1.938130435 -2.411059214
v 0.288332598 2.028035618 -2.347478656
v 0.291953655 2.033704216 -2.306462528
v 0.319947212 1.980553491 -2.312464888
v 0.324775288 1.996157374 -2.316021842
v 0.359082483 2.046565229 -2.167630157
v 0.355507850 2.135434216 -2.166518608
v 0.336334817 2.109651238 -2.184747999
v 0.343948321 2.001582161 -2.268447579
v 0.376259292 2.085513982 -2.109829650
v 0.375284392 2.055281460 -2.124057467
v 0.360289502 2.147441891 -2.134617175
v 0.358571821 2.016881280 -2.188304953
v 0.348265736 1.997620238 -2.257887871
v 0.377141345 2.179868710 -2.104605373
v 0.397707092 2.136470411 -2.049139118
v 0.397150006 2.112394108 -2.058920742
v 0.430992963 2.194009728 -1.974776543
v 0.382805049 2.194680207 -2.085042125
v 0.397103583 2.103007397 -2.048916808
v 0.332203098 2.009871724 -2.234767668
v 0.318879465 2.068873904 -2.245549686
v 0.399239078 2.236006115 -2.041358280
v 0.373705983 2.189986852 -2.073259714
v 0.319900788 2.242040429 -2.003565641
v 0.395060935 2.248074743 -2.011124169
v 0.419340587 2.187853509 -1.961104500
v 0.274312608 2.139761855 -2.137507200
v 0.278258632 2.165301022 -2.110385424
v 0.292417893 2.175480118 -2.116498939
v 0.251379246 2.102885492 -2.211091691
v 0.249800837 2.099167380 -2.199976209
v 0.233831047 2.066862466 -2.280563454
v 0.231741975 2.082710160 -2.224986044
v 0.268277513 1.880103497 -2.624809934
v 0.215307947 2.058511951 -2.278562668
v 0.243765742 2.090329243 -2.230432630
v 0.330763960 2.087464468 -2.211425156
v 0.310383907 2.056012892 -2.271893378
v 0.497889672 2.196082119 -1.862732484
v 0.467296382 2.084051118 -2.004788344
v 0.449098249 2.264897679 -1.862621329
v 0.480341472 2.232714671 -1.882518042
v 0.501557153 2.152440010 -1.889298486
v 0.458568706 2.109041711 -1.967884944
v 0.428671773 2.109590285 -2.019127316
v 0.380855249 1.929718967 -2.386160534
v 0.283458098 1.883212083 -2.561785150
v 0.402999406 1.902229315 -2.377601613
v 0.409127349 1.965376277 -2.253330523
v 0.371570488 1.898694060 -2.423842018
v 0.349147788 1.886320669 -2.470638198
v 0.415951649 1.969460106 -2.294457807
v 0.313262184 1.914663659 -2.466192005
v 0.426350582 1.934412323 -2.288455447
v 0.373195321 1.955928614 -2.320801499
v 0.384894121 1.992622119 -2.253886297
v 0.380298164 1.967509621 -2.295235891
v 0.405877682 1.956355283 -2.284565028
v 0.332620912 1.948614294 -2.381269722
v 0.356854140 1.936606619 -2.376267755
v 0.405552716 1.957635289 -2.324691918
v 0.296363917 1.900705498 -2.511098552
v 0.419108468 1.922953222 -2.322913441
v 0.455597582 2.092767350 -2.046582557
v 0.474306377 2.177430603 -1.892410821
v 0.451697982 2.197179267 -1.902525909
v 0.259456989 1.869010112 -2.683610834
v 0.215818609 2.038458524 -2.324691918
v 0.259921227 2.128119896 -2.175410994
v 0.299660008 2.182306816 -2.080484777
v 0.421104692 2.161278146 -1.979445045
v 0.393946764 2.131350387 -2.039579803
v 0.371663335 2.077712041 -2.098714168
v 0.365117578 2.151708578 -2.143620715
v 0.356854140 2.026267991 -2.189861121
v 0.316233307 2.065948176 -2.236879610
v 0.339584483 2.015662227 -2.244326983
v 0.326075155 1.981772544 -2.333584304
v 0.300634908 1.956172425 -2.372710801
v 0.312194436 1.976713473 -2.384493212
v 0.263217318 1.997864048 -2.459522715
v 0.234248861 1.916979860 -2.586239211
v 0.210526294 1.942945696 -2.620363741
v 0.233645351 1.878396823 -2.679386951
v 0.321247079 1.820491790 -2.680165034
v 0.305509408 1.850968123 -2.631034604
v 0.517851910 2.015357463 -2.059365361
v 0.471195982 1.921307500 -2.254775536
v 0.410334368 1.866693911 -2.422063541
v 0.402535168 1.820918458 -2.562563234
v 0.388190211 1.775082053 -2.577791445
v 0.378673330 1.851029075 -2.525104060
v 0.561118900 1.910945546 -2.062700006
v 0.410659335 1.784407811 -2.534885684
v 0.411309268 1.797939303 -2.515878210
v 0.416415887 1.832682323 -2.507763908
v 0.494082919 1.857185295 -2.363707260
v 0.483405443 1.854808141 -2.355815268
v 0.422775949 1.800682173 -2.466970088
v 0.506617348 1.813360328 -2.320245725
v 0.531825476 1.880834929 -2.237324229
v 0.523422767 1.846091909 -2.235656907
v 0.558890557 1.881627314 -2.130393292
v 0.565297042 1.930023731 -2.136395652
v 0.559540490 1.963242934 -2.076372049
v 0.334152898 1.875166331 -2.519324009
v 0.429182435 2.081308248 -2.069146986
v 0.459497182 2.056988134 -2.042136364
v 0.445198649 2.141834246 -1.932760021
v 0.542967190 2.151891436 -1.903081684
v 0.437770839 2.125925600 -1.973998459
v 0.430992963 2.130679908 -2.018349233
v 0.401420997 1.818053683 -2.557116648
v -0.103670044 1.525419933 -2.343143618
v -0.128553206 1.560589621 -2.419840445
v 0.404020730 2.031692778 -2.129504053
v 0.461632677 1.992073545 -2.152735411
v 0.326075155 1.932705648 -2.418061967
v 0.318275955 1.861330076 -2.568343285
v 0.443805934 2.154695258 -1.973442685
v 0.568918099 1.834023282 -2.045137544
v 0.567850352 1.853040513 -2.048472189
v 0.605314366 1.855417667 -2.051695679
v 0.562047376 1.865840573 -2.021350413
v 0.129656019 1.664452964 -3.130008593
v 0.120742648 1.696270256 -3.080989317
v 0.083232210 1.696026445 -3.099663327
v 0.110668681 1.666464402 -3.149238377
v 0.596633113 1.861695792 -2.113275449
v 0.556987181 1.854990999 -2.114498152
v 0.555873009 1.866084384 -2.145288038
v 0.567386114 1.800925984 -2.069258140
v 0.553923209 1.770998225 -2.128170195
v 0.560190423 1.770449651 -2.106939625
v 0.535771500 1.776544917 -2.172298659
v 0.568825252 1.768621071 -2.084375196
v 0.572956971 1.710106511 -2.183302986
v 0.558612014 1.722418950 -2.166740918
v 0.549280828 1.687675930 -2.040357887
v 0.292557165 1.810922221 -2.768088497
v 0.381876573 1.785626865 -2.706842191
v 0.351701097 1.770937272 -2.745079450
v 0.320689993 1.791051652 -2.778203586
v 0.332620912 1.783188758 -2.747413701
v 0.339213093 1.802571706 -2.749525642
v 0.338934550 1.792392611 -2.781093611
v 0.336102698 1.825307050 -2.744301366
v 0.329696212 1.782883995 -2.772090071
v 0.302723979 1.815188908 -2.749859107
v 0.350169112 1.797573587 -2.725849666
v 0.327096479 1.772948710 -2.795321429
v 0.309966093 1.733451382 -2.806214601
v 0.361078707 1.766426775 -2.748302939
v 0.325982307 1.747592401 -2.789096759
v 0.317440326 1.746495253 -2.808104233
v 0.319807941 1.805131718 -2.777647812
v 0.351608250 1.750274318 -2.719402686
v 0.142004753 1.354447704 -3.207594658
v 0.086853267 1.393579316 -3.284513794
v 0.105608486 1.438318573 -3.282401852
v 0.146322167 1.374683989 -3.196923795
v 0.074597382 1.576376362 -3.326196852
v 0.095859486 1.563820112 -3.303632423
v 0.066983877 1.542974300 -3.341425062
v 0.103333720 1.405099369 -3.283735710
v 0.144233095 1.551324816 -3.260615508
v 0.119349934 1.511583677 -3.248610787
v 0.112943448 1.592650723 -3.275732563
v 0.146229319 1.325617093 -3.164466588
v 0.162756195 1.364809657 -3.178805560
v 0.113732653 1.480314960 -3.263283223
v 0.108765305 1.418387051 -3.273064847
v 0.097345048 1.414547033 -3.301075862
v 0.129377476 1.392786931 -3.240163021
v 0.109043848 1.521153246 -3.300964707
v 0.117957219 1.559919142 -3.286292271
v 0.044932568 1.442524307 -3.345648945
v 0.052638920 1.632757578 -3.295851586
v 0.068283744 1.611728908 -3.309857093
v 0.074597382 1.400710778 -3.292405786
v 0.096695115 1.379194486 -3.274509860
v 0.053428125 1.458493905 -3.348650126
v 0.058952558 1.475438746 -3.338868501
v 0.171901685 1.615386068 -3.156463441
v 0.092934786 1.455690082 -3.290849619
v 0.102776634 1.366943000 -3.255613541
v 0.101708886 1.469160622 -3.274065241
v 0.121114038 1.349815301 -3.236606066
v 0.127891915 1.495065505 -3.280401066
v -0.203666929 1.652201478 -2.813217355
v -0.226925257 1.674205391 -2.795321429
v -0.225207576 1.667805361 -2.785317495
v -0.224557643 1.669999657 -2.793431797
v 0.142376143 1.840057595 -2.905475856
v 0.176590490 1.893147368 -2.773979703
v 0.150175343 1.851333839 -2.890136491
v 0.152635805 1.860781502 -2.864459727
v 0.324171779 1.762099135 -2.811216568
v 0.160713548 1.806046008 -2.914145932
v 0.308526955 1.775752533 -2.800656860
v 0.176590490 1.813786996 -2.893359980
v 0.297060274 1.724552293 -2.738299006
v 0.313772846 1.736316158 -2.780648992
v 0.321386350 1.748445738 -2.781649386
v 0.339723755 1.760392461 -2.780093218
v 0.201102261 1.856027194 -2.789874842
v 0.232391908 1.834693761 -2.790430616
v 0.157556728 1.864377709 -2.870573242
v 0.175058504 1.819943216 -2.900473889
v 0.319622245 1.739607602 -2.751971049
v 0.328117803 1.750700987 -2.753638371
v 0.179143800 1.835790909 -2.879910247
v -0.234724457 1.685847350 -2.803880350
v -0.231753333 1.682373048 -2.800101086
v -0.236349290 1.682677811 -2.798433764
v -0.230592738 1.686700687 -2.802991111
v 0.179979428 1.832194702 -2.873907887
v 0.190842599 1.839448069 -2.843896085
v 0.162384805 1.813604138 -2.920481757
v 0.161595600 1.877909201 -2.845229943
v 0.190703328 1.847432868 -2.845896872
v 0.144233095 1.842739513 -2.911811681
v -0.206452357 1.672011095 -2.838671809
v -0.206498781 1.670974899 -2.840672595
v -0.232263995 1.672437763 -2.793542951
v -0.206080967 1.672559669 -2.836448712
v -0.211698248 1.656102449 -2.817330083
v -0.215272881 1.652932910 -2.816774309
v -0.205663153 1.671401568 -2.835114854
v -0.236859952 1.690845469 -2.807214994
v -0.227760886 1.697855025 -2.811550032
v -0.230778433 1.691454995 -2.812995045
v -0.234120947 1.693039765 -2.812883890
v -0.204827524 1.646045259 -2.813995438
v -0.204177591 1.650738614 -2.812105806
v -0.233795981 1.682129237 -2.799878776
v -0.232171147 1.687675930 -2.809104626
v -0.222282876 1.668963461 -2.787429436
v -0.230082076 1.683348291 -2.799211847
v -0.236999224 1.687127356 -2.802435337
v -0.223861286 1.667988219 -2.786206733
v -0.235374390 1.688529267 -2.809104626
v -0.221540095 1.669938704 -2.787985210
v -0.229292871 1.667561550 -2.791319855
v -0.225300424 1.668110124 -2.794321035
v -0.234213795 1.677923503 -2.795432583
v -0.230685586 1.671950142 -2.795877203
v -0.232217571 1.677557787 -2.797099906
v -0.228225124 1.672803479 -2.796766441
v -0.230221348 1.699439795 -2.811772342
v -0.229200024 1.691881664 -2.810771949
v -0.199024548 1.670426325 -2.841006060
v -0.230314195 1.689138794 -2.807326149
v -0.232403267 1.685664492 -2.804102659
v -0.231753333 1.700354085 -2.810549639
v -0.234910152 1.694380723 -2.810994258
v -0.230314195 1.677923503 -2.797655680
v -0.199442362 1.671828237 -2.837115641
v -0.226553867 1.696818830 -2.810105020
v 0.329742636 1.753626715 -2.742078269
v 0.328860583 1.742777140 -2.717846519
v 0.310244636 1.724369435 -2.722070402
v 0.331042502 1.773009663 -2.783983637
v 0.346873021 1.760392461 -2.785762114
v 0.345851698 1.779775409 -2.761641518
v 0.168419900 1.742899046 -2.958941324
v 0.219811056 1.817200346 -2.847897659
v 0.283550946 1.802571706 -2.794321035
v 0.311358807 1.790746889 -2.797989144
v 0.225567609 1.826282293 -2.821109347
v 0.252771961 1.810251742 -2.821887431
v 0.221343042 1.402112689 -2.867127443
v 0.191074719 1.710472227 -2.953161274
v 0.202912790 1.726502778 -2.934042645
v 0.241955213 1.676399687 -2.939933850
v 0.180257971 1.677313977 -2.989064281
v 0.152032295 1.692491191 -3.015074509
v 0.155514081 1.709618890 -2.996400499
v 0.187592933 1.772522041 -2.915146325
v 0.184528961 1.694990250 -2.971279510
v 0.176961881 1.658662461 -3.007404826
v 0.161456328 1.727417068 -2.977948799
v 0.236616475 1.709923653 -2.915479790
v 0.205744642 1.565343929 -2.987063494
v 0.249104480 1.729184696 -2.895249612
v 0.213404571 1.588627847 -2.975725702
v 0.201752195 1.567233462 -3.016964141
v 0.233970318 1.700841706 -2.935043038
v 0.228260189 1.571195385 -3.028301933
v 0.221528737 1.665245349 -2.947381223
v 0.217814832 1.652445289 -2.960164027
v 0.214100928 1.629283276 -2.971946438
v 0.237637799 1.628795654 -2.952605500
v 0.212243975 1.608315559 -2.992398925
v 0.209783514 1.595393593 -3.013629496
v 0.191353261 1.558395325 -3.035193531
v 0.223571385 1.634586158 -2.903363914
v 0.204909014 1.573206823 -3.045308620
v 0.203237756 1.588871658 -3.024300359
v 0.202912790 1.589968806 -3.040640118
v 0.246086932 1.623797536 -2.956940538
v 0.202262856 1.788247829 -2.896472315
v 0.208019409 1.800560268 -2.870684397
v 0.195252861 1.845970004 -2.824555146
v 0.168652019 1.639279513 -3.022633037
v 0.214008080 1.742228566 -2.915813254
v 0.149293291 1.675119681 -3.034304293
v 0.143072500 1.656772928 -3.052644838
v 0.226171118 1.758746739 -2.895583077
v 0.164195333 1.613496535 -3.066650346
v 0.169441224 1.631355666 -3.047087097
v 0.236616475 1.776849681 -2.874019042
v 0.113082720 1.391263114 -3.273176002
v 0.118050067 1.407659381 -3.258281256
v 0.116750200 1.443926218 -3.260282043
v 0.137455219 1.433564265 -3.237828769
v 0.188892800 1.601366955 -3.062982237
v 0.187128695 1.604658399 -3.039083950
v 0.203005637 1.607645079 -3.020743405
v 0.206162456 1.625565163 -3.001291311
v 0.171112481 1.894183563 -2.819330870
v 0.142468991 1.775935391 -2.966388697
v 0.137176676 1.361640118 -3.232715648
v 0.142701110 1.383217362 -3.219377069
v 0.207880137 1.576071598 -2.995955880
v 0.149386138 1.520970388 -3.203593085
v 0.218279071 1.607462221 -2.950493558
v 0.237173561 1.609961281 -2.972057593
v 0.226124694 1.601488860 -2.981172289
v 0.199895242 1.865901526 -2.799656467
v 0.175337047 1.899059776 -2.779426289
v 0.135505419 1.760819129 -2.983506540
v 0.209504971 1.668049171 -2.968278329
v 0.208762190 1.649458608 -2.984729243
v 0.165402352 1.885101616 -2.811438878
v 0.192606704 1.860293881 -2.829779423
v 0.255418118 1.754906721 -2.874574816
v 0.212754637 1.680666373 -2.953272429
v 0.168002086 1.533039016 -3.105554533
v 0.139451443 1.818602257 -2.943490804
v 0.151103819 1.797329776 -2.949270855
v 0.130770191 1.798305019 -2.965277149
v 0.124270857 1.785017338 -2.978726883
v 0.136108929 1.531515199 -3.276732957
v 0.133462772 1.535111406 -3.238940318
v 0.181557838 1.431735685 -3.157130370
v 0.266466984 1.556261982 -2.816440844
v 0.172923009 1.393457410 -3.163021575
v 0.180304395 1.467392994 -3.149571842
v 0.188010747 1.533953306 -2.962275969
v 0.257275070 1.544863833 -2.843340311
v 0.171251752 1.518105613 -3.106554926
v 0.213961656 1.614837494 -2.920592911
v 0.187964323 1.540719052 -3.004181336
v 0.191956771 1.551934342 -2.974725309
v 0.182672009 1.491713108 -3.110000726
v 0.200220209 1.552787680 -3.011517555
v 0.161363481 1.507926517 -3.170913567
v 0.120046291 1.377183048 -3.252390051
v 0.127891915 1.343780987 -3.207705813
v 0.173247976 1.498539807 -3.140901766
v 0.164891690 1.525419933 -3.132231690
v 0.200266633 1.487568327 -3.037305473
v 0.232438332 1.596125025 -2.988730816
v 0.211640466 1.576010646 -3.022966501
v 0.217072052 1.587469747 -3.000735537
v 0.231092042 1.578570657 -3.003959027
v 0.228863699 1.523835163 -2.898806567
v 0.215772185 1.513046541 -2.929818761
v 0.213265299 1.503537925 -2.963832137
v 0.243255080 1.534136164 -2.870017468
v 0.191306838 1.485983558 -3.075320422
v 0.208437223 1.494029309 -3.000068608
v 0.188150019 1.523591353 -2.998512441
v 0.398124906 1.567964894 -2.527994085
v 0.267766851 1.678106361 -2.712399932
v 0.276308832 1.704742677 -2.721514628
v 0.280951213 1.643485247 -2.712066468
v 0.157835271 1.589603090 -3.115113847
v 0.187825052 1.573450634 -3.102553353
v 0.167073609 1.596734552 -3.091882490
v 0.148039848 1.626235642 -3.098107160
v 0.196413457 1.606365073 -2.869239384
v 0.345573155 1.653847200 -2.647040898
v 0.296503189 1.780141125 -2.822998979
v 0.267302613 1.713824624 -2.896694625
v 0.265863475 1.779348740 -2.850343065
v 0.273291284 1.741497134 -2.876909067
v 0.316047612 1.753748620 -2.831335590
v 0.203516299 1.541511436 -3.034637757
v 0.170694666 1.527736134 -3.075653886
v 0.293160674 1.759356265 -2.850009600
v 0.253839708 1.679447320 -2.927706820
v 0.239030513 1.648483366 -2.935487657
v 0.219253971 1.621542287 -2.932153013
v 0.223107147 1.637511886 -2.921148685
v 0.254814608 1.663599627 -2.929374142
v 0.249197327 1.685847350 -2.904697772
v 0.230442109 1.657687218 -2.910477823
v 0.175522743 1.512741778 -3.072986170
v 0.182904128 1.518166565 -3.033303899
v 0.188335714 1.532917111 -3.073764254
v 0.178354595 1.534501880 -3.034304293
v 0.246551170 1.642997626 -2.942379256
v 0.243719318 1.672133000 -2.918592125
v 0.378905449 1.726380873 -2.647485517
v 0.353372355 1.753626715 -2.648263601
v 0.359175331 1.699988369 -2.663825276
v 0.345387459 1.747409543 -2.672161887
v 0.362703540 1.732049471 -2.627255340
v 0.364421221 1.606486979 -2.660379476
v 0.350076264 1.740339034 -2.700839831
v 0.343669778 1.735219010 -2.663714121
v 0.130259529 1.728331358 -3.024189204
v 0.334570712 1.720895133 -2.666937611
v 0.131745091 1.742594282 -3.005626349
v 0.164566724 1.570768716 -3.136677883
v 0.146229319 1.613984157 -3.126118175
v 0.167352152 1.546387650 -3.129230510
v 0.172644466 1.573511586 -3.121338517
v 0.216236423 1.348657201 -2.918258660
v 0.209226428 1.334089513 -2.909143965
v 0.215679337 1.367186811 -2.926261807
v 0.338238193 1.652750052 -2.660935250
v 0.330392569 1.466234894 -2.648819375
v 0.347755074 1.474097788 -2.612694058
v 0.340280840 1.627454696 -2.655933283
v 0.371338369 1.706632209 -2.632257307
v 0.265492084 1.706754115 -2.888913787
v 0.289168227 1.713641766 -2.870795552
v 0.274916117 1.733085666 -2.872240564
v 0.258992751 1.675119681 -2.896361160
v 0.256393018 1.693466433 -2.915924409
v 0.276262408 1.691576901 -2.884245285
v 0.291721536 1.768986787 -2.856456580
v 0.276076713 1.795013575 -2.820998192
v 0.348312159 1.717969405 -2.650709007
v 0.356529174 1.681032089 -2.676941545
v 0.326725088 1.674875870 -2.679053486
v 0.319111584 1.615629879 -2.675051913
v 0.344041169 1.631355666 -2.637259274
v 0.325378798 1.648849082 -2.679053486
v 0.290328822 1.652567194 -2.698505580
v 0.302213317 1.635927116 -2.692947839
v 0.193163790 1.549496236 -2.932153013
v 0.339770179 1.633610915 -2.667382230
v 0.369945654 1.517313228 -2.634035784
v 0.335777731 1.731622802 -2.686945478
v 0.337913226 1.702182665 -2.690835897
v 0.353279507 1.699744558 -2.651931710
v 0.357318378 1.727782784 -2.672495352
v 0.144047400 1.640681424 -3.073764254
v 0.202170009 1.558700088 -3.111445738
v 0.325518069 1.720651322 -2.700061747
v 0.292185774 1.675546349 -2.694837471
v 0.293485641 1.706449351 -2.693503613
v 0.190842599 1.560894384 -3.138122895
v 0.188150019 1.586311646 -3.087102833
v 0.196645576 1.575401119 -3.067873049
v 0.221621585 1.572780154 -3.074208873
v 0.210990533 1.569488710 -3.091326716
v 0.174501419 1.545473360 -3.106332617
v 0.179236647 1.552543869 -3.096773302
v 0.336520512 1.674632059 -2.698727889
v 0.182857704 1.553153396 -3.079433150
v 0.191910347 1.562966775 -3.101775269
v 0.178725985 1.555774360 -3.121894291
v 0.350261959 1.680971137 -2.656489058
v 0.396685768 1.590395475 -2.539554186
v 0.359500297 1.493724546 -2.547335024
v 0.358989635 1.485617842 -2.582015328
v 0.573560480 1.897170244 -2.028019702
v 0.544916990 1.802632658 -2.198197732
v 0.542688647 1.810861268 -2.154625043
v 0.605453637 1.888454012 -2.019127316
v 0.561861680 1.895158806 -2.054585704
v 0.551091357 1.861086265 -2.082040945
v 0.547655995 1.818175588 -2.128392505
v 0.547238181 1.827257536 -2.183969915
v 0.146600710 1.583873539 -3.218043211
v 0.144743757 1.572536344 -3.250945038
v 0.148550510 1.564917260 -3.215375496
v 0.563672209 1.894183563 -1.950544792
v 0.546681095 1.825185145 -2.109496185
v 0.544406328 1.870168213 -2.128170195
v 0.143211772 1.467575852 -3.224267881
v 0.145950776 1.494882647 -3.214375102
v 0.168002086 1.479766386 -3.181139811
v 0.090938563 1.627942317 -3.262727449
v 0.548677319 1.897292149 -1.875737598
v 0.168930562 1.446242419 -3.185252539
v 0.260246194 1.521031341 -2.839338737
v 0.275101813 1.534440927 -2.812661581
v 0.268323937 1.511644630 -2.801990718
v 0.236105813 1.444779555 -2.917147112
v 0.307691327 1.473610166 -2.688390491
v 0.369620688 1.607279363 -2.635703106
v 0.231974094 1.410341299 -2.904253153
v 0.228353037 1.427590903 -2.877242531
v 0.233041842 1.460078674 -2.888135704
v 0.220460990 1.455263414 -2.998512441
v 0.233459656 1.427347093 -2.950715868
v 0.119767748 1.713397955 -3.060314521
v 0.135923234 1.692917859 -3.065316488
v 0.097112929 1.693283575 -3.093660967
v 0.125663572 1.681885427 -3.102553353
v 0.152496533 1.605755547 -3.192811067
v 0.155421233 1.618189891 -3.176693618
v 0.133648467 1.632269956 -3.204148859
v 0.136619591 1.630136613 -3.131787071
v 0.204444776 1.358226769 -3.059202973
v 0.145207995 1.596185978 -3.185919468
v 0.100687563 1.741375229 -3.032081196
v 0.105237096 1.681824474 -3.118226182
v 0.098877034 1.720529417 -3.053867541
v 0.116100267 1.744666673 -3.021076869
v 0.115589605 1.727417068 -3.044308227
v 0.099898358 1.695904540 -3.102553353
v 0.139544291 1.654822443 -3.102331043
v 0.107558286 1.660247230 -3.167134303
v 0.101337496 1.762403899 -3.005181730
v 0.086435453 1.687675930 -3.129675129
v 0.138476543 1.673839675 -3.083545878
v 0.103844382 1.684079723 -3.128452426
v 0.119814172 1.655188159 -3.182029049
v 0.114753977 1.641290951 -3.218376676
v 0.135319724 1.617580364 -3.237606460
v 0.216654237 1.397236476 -3.041529356
v 0.426629125 1.624041346 -2.427176663
v 0.120046291 1.763196283 -3.001291311
v 0.130770191 1.711447470 -3.045308620
v 0.388236635 1.580033521 -2.580236851
v 0.383315711 1.570646811 -2.617807180
v 0.579177761 1.909299824 -1.906749793
v 0.140565614 1.647751934 -3.164688897
v 0.106583386 1.609168896 -3.262505140
v 0.135319724 1.665611065 -3.134565941
v 0.128541848 1.682129237 -3.107777629
v 0.113686229 1.669816799 -3.163799659
v 0.114289739 1.655371017 -3.199591511
v 0.139033629 1.635988069 -3.212485470
v 0.110715105 1.632574720 -3.242052653
v 0.081375258 1.712300807 -3.072319241
v 0.143629586 1.648422413 -3.171913961
v 0.148504086 1.611546050 -3.213263554
v 0.119582053 1.640071898 -3.227824836
v 0.098969882 1.710533180 -3.075320422
v 0.160388581 1.533831400 -3.160131550
v 0.152357262 1.573694444 -3.174581676
v 0.158020967 1.586250693 -3.150127616
v 0.190471209 1.303796038 -3.058647199
v 0.183182671 1.321350406 -3.075542731
v 0.154260638 1.342196218 -3.184252146
v 0.168466324 1.406562233 -3.186364087
v 0.148318391 1.633549962 -3.135344025
v 0.565436314 1.715897014 -2.108273482
v 0.302677555 1.535477122 -2.745524069
v 0.283411675 1.549496236 -2.783427863
v -0.208634276 1.653908153 -2.815440451
v -0.204688253 1.647812886 -2.812661581
v 0.245483423 1.797634540 -2.850231910
v 0.179654462 1.758868644 -2.940823089
v 0.152125143 1.420459441 -3.208039277
v 0.300727755 1.767950591 -2.820553573
v 0.309084041 1.745215247 -2.850898839
v 0.376537835 1.562662012 -2.652709794
v 0.320411450 1.710350322 -2.669827636
v 0.330856807 1.688590220 -2.668493778
v 0.431457201 1.636049022 -2.431289391
v 0.225985423 1.408634624 -2.991509687
v 0.145207995 1.613618441 -3.164355433
v 0.153703552 1.546631460 -3.189809887
v 0.161317057 1.555896266 -3.148682603
v 0.122970991 1.695904540 -3.084990891
v -0.183472572 1.655980544 -2.821998585
v -0.186165153 1.665976781 -2.830779816
v -0.182683367 1.660430088 -2.827222862
v -0.184633167 1.657687218 -2.820887037
v -0.212905267 1.680727326 -2.779426289
v -0.190528991 1.648361460 -2.815106987
v -0.213183810 1.680361610 -2.777758967
v -0.222190029 1.708704600 -2.799989931
v -0.211001891 1.684811155 -2.778648205
v -0.211651824 1.690601658 -2.774424322
v -0.208680700 1.695112155 -2.780204373
v -0.211234010 1.696940735 -2.776313954
v -0.209609176 1.694136913 -2.781871695
v -0.209284210 1.696270256 -2.777981277
v -0.193639386 1.669755846 -2.838338344
v -0.182915486 1.659089130 -2.828445565
v -0.194103624 1.670487278 -2.836448712
v -0.183983234 1.661953905 -2.825777849
v -0.227064528 1.705656967 -2.805658827
v -0.217501224 1.675485397 -2.782316315
v -0.199256667 1.671279663 -2.839338737
v -0.196703357 1.646471928 -2.813773129
v -0.196749781 1.647508123 -2.812661581
v -0.196981900 1.649824324 -2.812216961
v -0.197121172 1.651470046 -2.812216961
v -0.199535210 1.671157757 -2.835892938
v -0.220472348 1.674327296 -2.778092431
v -0.219265329 1.674388249 -2.779426289
v -0.189182700 1.666769165 -2.837782570
v -0.189832634 1.668719651 -2.834447925
v -0.218058310 1.674814917 -2.781093611
v -0.186025881 1.652384336 -2.817885857
v -0.215319305 1.680727326 -2.774313167
v -0.214065862 1.680361610 -2.775758180
v -0.187882834 1.655249112 -2.816885464
v -0.212765995 1.685542587 -2.773979703
v -0.211187586 1.684933060 -2.777203193
v -0.211883943 1.685237823 -2.775313561
v -0.185422372 1.662319621 -2.825444385
v -0.185793762 1.658418650 -2.820664728
v -0.190761110 1.649397656 -2.814551213
v -0.219915262 1.705961730 -2.801101479
v -0.210491229 1.690174989 -2.775980490
v -0.209841295 1.702182665 -2.782094005
v -0.211791095 1.703157907 -2.780537837
v -0.188997005 1.667683455 -2.836337557
v -0.185004558 1.664635822 -2.832558293
v -0.190900381 1.669085367 -2.833336377
v -0.225625390 1.704376961 -2.806325756
v -0.223164929 1.701512185 -2.805547672
v -0.224000557 1.702731239 -2.806325756
v -0.193500115 1.669146319 -2.839338737
v -0.183518996 1.654639585 -2.822998979
v -0.187000781 1.654212916 -2.817107773
v -0.191782434 1.652445289 -2.813773129
v -0.219358176 1.704559819 -2.800879170
v -0.209887719 1.689016889 -2.779537444
v -0.209841295 1.689626415 -2.777870122
v -0.221075857 1.707607452 -2.800656860
v -0.191411043 1.651409094 -2.813995438
v -0.186118729 1.651165283 -2.818775096
v -0.187557867 1.666037733 -2.830112887
v -0.185236677 1.663416769 -2.833892151
v -0.194475015 1.670670136 -2.835448319
v 0.555548042 1.710655085 -2.140174916
v -0.228735786 1.678959699 -2.796766441
v -0.227807309 1.666830118 -2.793098332
v -0.209702024 1.652932910 -2.814106593
v 0.232438332 1.686944498 -2.784428256
v 0.236059389 1.657138644 -2.791653319
v 0.233273961 1.654212916 -2.804102659
v 0.243580046 1.695721682 -2.775869335
v 0.231092042 1.677131119 -2.835892938
v 0.242233756 1.693344528 -2.790319462
v 0.230209989 1.679873989 -2.836782177
v 0.237823494 1.684811155 -2.829001339
v 0.243672894 1.689748321 -2.815218141
v 0.222550061 1.669024414 -2.839449892
v 0.237127137 1.687432119 -2.829223649
v 0.214333047 1.611485097 -2.821220502
v 0.201380804 1.648849082 -2.839116428
v 0.188567833 1.643972868 -2.862792405
v 0.210015633 1.655188159 -2.839005273
v 0.232484756 1.609107943 -2.802435337
v 0.212476094 1.624285157 -2.820442418
v 0.252446994 1.699317889 -2.752415668
v 0.267163341 1.598502179 -2.759418421
v 0.261871027 1.700841706 -2.738187851
v 0.264331489 1.636902359 -2.751526429
v 0.243672894 1.689931179 -2.833114068
v 0.235409456 1.683957817 -2.848675742
v 0.204026961 1.657626266 -2.856345425
v 0.255696661 1.703950292 -2.821998585
v 0.178540290 1.626662311 -2.864015108
v 0.184064723 1.621664192 -2.849342671
v 0.233041842 1.681397805 -2.843229156
v 0.226310390 1.583629729 -2.861458547
v 0.303977422 1.563210586 -2.758195718
v 0.217536290 1.553275301 -2.896361160
v 0.342369912 1.590700238 -2.695393245
v 0.266281289 1.477084468 -2.746746772
v 0.181000752 1.609290801 -2.886690691
v 0.299381465 1.504939837 -2.734964361
v 0.210619142 1.631050903 -2.893582290
v 0.294924779 1.600147901 -2.731518562
v 0.284386574 1.476596847 -2.721514628
v 0.235641575 1.559858189 -2.868461300
v -0.000005679 1.464162503 -3.372548412
v 0.275891017 1.575705882 -2.789985997
v 0.298777955 1.621908003 -2.704396785
v 0.282111808 1.585275451 -2.757751099
v 0.325889460 1.578448752 -2.726627749
v 0.202309280 1.658540556 -2.848453433
v 0.224174894 1.670304420 -2.857345818
v 0.247433223 1.693161670 -2.837226796
v 0.187546509 1.630441376 -2.843229156
v 0.254211099 1.701451233 -2.774090858
v 0.257925003 1.704316008 -2.795988357
v 0.280579822 1.612216529 -2.735075516
v 0.255139575 1.682190190 -2.729406620
v 0.256439442 1.622090861 -2.770422749
v 0.254768184 1.666830118 -2.754194145
v 0.196413457 1.647325265 -2.846119182
v 0.197806171 1.617397506 -2.836559867
v 0.192049619 1.646593833 -2.851788077
v 0.194324385 1.627698506 -2.831113281
v 0.248315275 1.679873989 -2.857123509
v 0.203005637 1.650555756 -2.835670628
v 0.276215984 1.715104630 -2.805436517
v 0.245669118 1.691089279 -2.802546492
v 0.238473427 1.693161670 -2.770311594
v 0.265352813 1.709618890 -2.797877989
v 0.246644018 1.694258818 -2.788096365
v 0.246644018 1.693405481 -2.801879563
v 0.235363032 1.674449201 -2.792431403
v 0.226542509 1.645252874 -2.811772342
v 0.275612475 1.501221724 -2.761974982
v 0.233877470 1.672011095 -2.787874056
v -0.229107176 1.661039615 -2.806770375
v -0.223629167 1.656529118 -2.814773522
v -0.211466129 1.657626266 -2.832780603
v -0.408535198 1.634159489 -2.536441851
v -0.215783543 1.683287338 -2.793876416
v -0.194428591 1.695416919 -2.812439271
v -0.218568971 1.690479753 -2.788540984
v -0.209562753 1.659576751 -2.818441631
v -0.225254000 1.691272137 -2.784761721
v -0.213415929 1.668841556 -2.802657647
v -0.226182476 1.679386367 -2.793987571
v -0.224325524 1.672072047 -2.798878383
v -0.553980991 1.878518728 -1.993005933
v -0.015789774 1.696148351 -3.248833097
v -0.015789774 1.696148351 -3.248833097
v -0.563729991 1.894061658 -1.950544792
v -0.223164929 1.686091161 -2.821553966
v -0.215365729 1.692856907 -2.807993078
v -0.219729567 1.678350172 -2.827556327
v -0.194382167 1.657870076 -2.827222862
v -0.201252891 1.674814917 -2.826333623
v -0.193128724 1.663721532 -2.827222862
v -0.068898611 1.783920190 -3.366101432
v -0.087189592 1.777824923 -3.374104579
v -0.070477021 1.778800166 -3.373659960
v -0.065927488 1.762708662 -3.335533857
v -0.197306867 1.664270106 -2.818886251
v -0.196331967 1.663294864 -2.821442811
v -0.217594071 1.687980693 -2.790541771
v 0.207323052 1.581984007 -2.882800272
v -0.412713340 1.724918009 -2.466192005
v -0.417355721 1.685420681 -2.554337777
v -0.194103624 1.680849231 -2.801768408
v -0.397996993 1.618921323 -2.491868768
v 0.242048061 1.646959549 -2.785095185
v -0.192803758 1.674266343 -2.810105020
v 0.241212432 1.626784216 -2.791431010
v 0.234480980 1.682921622 -2.775202406
v 0.253607589 1.649702419 -2.764531543
v 0.243533623 1.674449201 -2.765087317
v 0.248733089 1.698586457 -2.799211847
v 0.193628028 1.647751934 -2.836115248
v 0.246876137 1.611972719 -2.785984424
v 0.230859923 1.681885427 -2.840339131
v 0.196459880 1.645618590 -2.832558293
v 0.205001861 1.650250993 -2.827667481
v 0.218418342 1.651530999 -2.822220895
v 0.212801061 1.654456727 -2.836448712
v 0.193256638 1.650129088 -2.834114461
v 0.198456104 1.647325265 -2.831446745
v -0.210073414 1.690296895 -2.817218928
v -0.226646714 1.689870226 -2.811550032
v -0.201902824 1.663477722 -2.829112494
v -0.019503679 1.696209303 -3.231492945
v 0.232670451 1.685725445 -2.780426683
v 0.239262632 1.693466433 -2.780982457
v 0.234805947 1.662136763 -2.796099512
v 0.234434556 1.648970987 -2.801323789
v 0.193395909 1.633184246 -2.877131377
v 0.204816166 1.612277482 -2.905142391
v 0.226217542 1.650007182 -2.813773129
v -0.198653157 1.665550112 -2.814217748
v -0.200602957 1.686639735 -2.793765261
v 0.259689108 1.570829669 -2.816329690
v 0.417344363 1.685420681 -2.554337777
v 0.398960535 1.712178902 -2.593464274
v 0.426211311 1.711081754 -2.550447359
v -0.000005679 1.688346409 -3.282624162
v -0.193175148 1.669512035 -2.815996225
v 0.226031847 1.635561400 -2.806548065
v 0.236012966 1.668597745 -2.783094398
v -0.200927924 1.667744408 -2.807548459
v -0.205616729 1.672072047 -2.800990324
v 0.237823494 1.689321652 -2.829890578
v 0.249615142 1.698464552 -2.761419208
v 0.248640242 1.697062641 -2.784872875
v 0.247340375 1.696148351 -2.816996619
v 0.260710432 1.693527386 -2.845452253
v 0.271805722 1.705900777 -2.829779423
v 0.243069385 1.692003569 -2.815329296
v 0.224592709 1.665672017 -2.836671022
v -0.583320838 1.932035169 -2.013791885
v -0.327061413 1.818785115 -2.665937217
v -0.359418808 1.842129986 -2.580792625
v -0.346791532 1.833474708 -2.623031457
v -0.194567862 2.406307864 -1.917865275
v -0.546042520 2.157986702 -1.807933157
v -0.401850169 2.263130052 -2.004454880
v -0.137466577 2.461530980 -1.842391152
v -0.477892368 2.123792257 -1.930759234
v -0.140205582 2.348098068 -2.023128890
v -0.127439035 2.432578464 -1.960326416
v -0.157011001 2.431725126 -1.845392332
v -0.202645605 1.658601508 -2.822887824
v -0.203341962 1.696757877 -2.803102266
v 0.263310165 1.656407212 -2.736187064
v 0.238102037 1.594845019 -2.804880743
v 0.222689332 1.665367254 -2.833892151
v 0.250961432 1.683714007 -2.748302939
v 0.262195994 1.706632209 -2.766865794
v 0.251564942 1.698342647 -2.818552786
v 0.252400570 1.699988369 -2.797877989
v 0.220739532 1.671462521 -2.850120755
v 0.406156225 1.685298776 -2.597688158
v 0.199663123 1.648117650 -2.841672989
v 0.236105813 1.664392011 -2.869572849
v 0.206719542 1.654639585 -2.866571669
v 0.272548503 1.714129387 -2.763753459
v 0.241815942 1.688651173 -2.758862647
v 0.106908353 1.652689100 -3.198035344
v 0.099155577 1.659881514 -3.214041638
v 0.040615154 1.507316991 -3.363767181
v -0.000005679 1.454836745 -3.366434897
v -0.000005679 1.497381706 -3.370436470
v 0.040615154 1.482753066 -3.361210620
v 0.030309068 1.465686320 -3.368213374
v 0.233970318 1.681153995 -2.825666695
v 0.189403461 1.584970687 -2.903697379
v 0.247758189 1.586189741 -2.811327723
v 0.253329046 1.593016439 -2.779870908
v -0.220890162 1.693649291 -2.787874056
v -0.228457243 1.691272137 -2.800990324
v -0.074794435 2.057231945 -1.813046279
v -0.260303976 1.937033287 -1.795150353
v -0.065927488 1.762708662 -3.335533857
v -0.184168929 1.635744258 -2.851343458
v 0.249290175 1.636109974 -2.778203586
v 0.246783289 1.697611215 -2.770422749
v 0.230302837 1.622944198 -2.804324969
v -0.214576524 1.691028327 -2.789652533
v -0.193778657 1.666769165 -2.819997799
v -0.210630500 1.678593983 -2.796655286
v -0.194010777 1.664270106 -2.822554360
v -0.198374615 1.657991982 -2.825222075
v -0.190993229 1.669572988 -2.823443598
v -0.243637828 1.689748321 -2.815218141
v -0.230174924 1.679873989 -2.836782177
v -0.204966795 1.650250993 -2.827667481
v -0.237092071 1.687432119 -2.829223649
v -0.245680476 1.691089279 -2.802546492
v -0.246608952 1.693405481 -2.801879563
v -0.233842405 1.672011095 -2.787874056
v -0.255150933 1.682190190 -2.729406620
v -0.410624269 1.679081604 -1.774364401
v -0.235374390 1.683957817 -2.848675742
v -0.097820644 1.727599926 -3.289849225
v -0.080968802 1.804095522 -3.383886204
v -0.216526324 1.648483366 -2.820220108
v -0.189600515 1.640803330 -2.844451859
v -0.193082300 1.645070016 -2.838671809
v -0.229989228 1.681397805 -2.838227189
v -0.194846405 1.643485247 -2.834336771
v -0.220054533 1.672925385 -2.842562227
v -0.192246672 1.637938554 -2.838449499
v -0.193267996 1.650129088 -2.834114461
v -0.203156267 1.647569076 -2.828000946
v -0.198467462 1.647325265 -2.831446745
v -0.210026991 1.655188159 -2.839005273
v -0.224604067 1.665672017 -2.836671022
v -0.231103400 1.677131119 -2.835892938
v -0.196471238 1.645618590 -2.832558293
v -0.193592962 1.647751934 -2.836115248
v 0.751967178 2.188158272 -1.722343945
v -0.212765995 1.654456727 -2.836448712
v 0.551648443 2.523885558 -1.553833237
v -0.222561419 1.669024414 -2.839449892
v 0.333131574 2.312806475 -1.932648866
v 0.315490526 2.341637086 -1.894522762
v 0.723602231 2.168653419 -1.678548946
v 0.735811693 2.202177385 -1.722232790
v 0.742821688 2.165118164 -1.718675836
v -0.218429700 1.651530999 -2.822220895
v 0.417251516 2.426361292 -1.796373056
v 0.736136659 2.166215312 -1.691331750
v 0.551648443 2.523885558 -1.553833237
v 0.486840805 2.288242550 -1.766805873
v 0.432710644 2.338406594 -1.693221382
v 0.500257286 2.367663874 -1.699557207
v 0.630243951 2.100691196 -1.769695899
v 0.457408110 2.382902041 -1.677882017
v 0.492458086 2.375709626 -1.786369122
v 0.515577143 2.367785779 -1.728235151
v 0.440649115 2.414902190 -1.819382104
v 0.499607353 2.488593964 -1.702113768
v 0.593661990 2.580510585 -1.501145852
v 0.703407874 2.173773443 -1.681438971
v 0.360196654 2.374429620 -1.856285504
v 0.704057807 2.193278296 -1.681216662
v 0.479320148 2.263739578 -1.813713208
v 0.465717972 2.484571088 -1.668989631
v 0.599093575 2.536015138 -1.545830090
v 0.449098249 2.264897679 -1.862621329
v 0.450769506 2.281476804 -1.750243805
v 0.589576694 2.528883676 -1.544273923
v -0.620692004 2.038275666 -1.961104500
v -0.501661358 1.823539423 -2.301238251
v -0.469489659 1.812202227 -2.364707654
v -0.443492326 1.805314576 -2.414616168
v -0.523434125 1.846091909 -2.235656907
v -0.430493659 1.837497584 -2.458633477
v -0.514474330 1.864926283 -2.309019088
v -0.135934592 1.692917859 -3.065316488
v 0.605778604 2.141468530 -1.792704947
v 0.630243951 2.100691196 -1.769695899
v 0.692869669 2.127510369 -1.743796826
v -0.196424815 1.667988219 -2.826778243
v -0.220054533 1.692978812 -2.799656467
v -0.196471238 1.660247230 -2.829445958
v -0.226368171 1.693405481 -2.790986391
v -0.211141162 1.670548231 -2.829001339
v -0.205663153 1.682921622 -2.823999372
v -0.097588525 1.754175289 -3.342425456
v -0.014907722 1.689260699 -3.266506713
v -0.555652248 1.757040064 -2.269670282
v -0.261882385 1.700841706 -2.738187851
v -0.243637828 1.689931179 -2.833114068
v -0.000005679 1.744605720 -3.608196632
v -0.028602745 1.452337686 -3.358876369
v -0.000005679 1.464162503 -3.372548412
v -0.148515444 1.611546050 -3.213263554
v -0.233424590 1.427347093 -2.950715868
v -0.139044987 1.635988069 -3.212485470
v -0.193267996 1.364139178 -3.091104406
v -0.561873039 1.895036900 -2.054585704
v -0.572968329 1.710106511 -2.183302986
v -0.605464995 1.886259716 -2.019127316
v -0.553934567 1.770998225 -2.128170195
v -0.567443896 1.800925984 -2.069258140
v -0.071730464 1.445998608 -3.335422702
v -0.072241126 1.502562683 -3.329642651
v -0.148515444 1.564917260 -3.215375496
v -0.237834852 1.684811155 -2.829001339
v -0.243080743 1.692003569 -2.815329296
v -0.192664486 1.419179435 -3.126007020
v -0.383327069 1.570646811 -2.617807180
v -0.549663577 1.862549129 -2.185303773
v -0.546831724 1.882663509 -2.123612848
v -0.568279524 1.910457925 -2.070369689
v -0.555002315 1.929414204 -2.129837518
v -0.556255758 1.901010262 -2.190750359
v -0.512617377 1.862549129 -2.301460561
v -0.548502982 1.901193120 -2.183858760
v -0.571900581 1.963547697 -2.083041338
v -0.596040962 1.999936439 -2.022350806
v -0.461411916 1.846701436 -2.408391498
v -0.568650915 1.932157074 -2.000008687
v -0.559598272 1.963121029 -2.076372049
v -0.545021196 1.861634839 -2.178634484
v -0.593626924 2.007250759 -2.013124956
v -0.561130258 1.910823641 -2.062700006
v -0.355612055 1.844263329 -2.571677929
v -0.410345726 1.866693911 -2.422063541
v -0.423344393 1.871935840 -2.430622462
v -0.120011225 1.377183048 -3.252390051
v -0.108776663 1.418387051 -3.273064847
v -0.103345078 1.405099369 -3.283735710
v -0.336671141 1.832133749 -2.616695632
v -0.471207340 1.921307500 -2.254775536
v -0.102787992 1.366943000 -3.255613541
v -0.129388835 1.392786931 -3.240163021
v -0.121125397 1.349815301 -3.236606066
v -0.137188034 1.361640118 -3.232715648
v -0.137466577 1.433564265 -3.237828769
v -0.101720244 1.469160622 -3.274065241
v -0.127903273 1.495065505 -3.280401066
v -0.141969687 1.354447704 -3.207594658
v -0.127903273 1.343780987 -3.207705813
v -0.000098527 2.424349854 -1.733237118
v 0.045907468 2.420631741 -2.066145805
v 0.349936993 2.141285672 -1.826829477
v -0.475199787 1.917955103 -2.260777896
v 0.037783301 2.480974881 -2.003009867
v 0.043029192 2.468906253 -1.756579630
v -0.146333525 1.374683989 -3.196923795
v -0.162535434 1.353289603 -3.156796905
v -0.137513001 1.327811389 -3.185030230
v -0.174094963 1.347925769 -3.135232870
v -0.176555424 1.330859022 -3.146681816
v -0.181894162 1.331834265 -3.098551779
v -0.184772439 1.309586542 -3.106777236
v -0.558901915 1.881627314 -2.130393292
v -0.538057625 1.882968272 -2.243882364
v -0.112954806 1.592650723 -3.275732563
v -0.105387725 1.490920723 -3.315303679
v -0.534018753 1.845482383 -2.240881183
v -0.052650278 1.632757578 -3.295851586
v -0.565354824 1.929779920 -2.136395652
v -0.119361292 1.511583677 -3.248610787
v -0.511688901 2.206322167 -1.821827510
v -0.191411043 2.264592916 -1.988670895
v -0.181801315 2.369736265 -1.907750186
v -0.246423257 2.340600890 -1.948766315
v -0.407467450 2.282573952 -2.004677190
v -0.439082064 2.223632724 -1.945320515
v -0.176741120 2.326947493 -1.958659094
v -0.158078748 2.295313059 -2.008789918
v -0.200092296 2.341271370 -1.905860554
v -0.451941459 2.253865246 -1.947210147
v -0.371303303 1.770144887 -2.626254946
v -0.381052303 1.811470795 -2.604246292
v -0.363968341 1.804644096 -2.645707040
v -0.401432355 1.818053683 -2.557116648
v -0.346791532 2.274162484 -1.988448586
v -0.415963007 1.830731838 -2.499760761
v -0.468096944 1.848347158 -2.415505407
v -0.446974111 1.803364090 -2.425064721
v -0.416427245 1.832682323 -2.507763908
v -0.422787307 1.800682173 -2.466970088
v -0.483463225 1.854808141 -2.355815268
v -0.404821293 1.785687817 -2.513988578
v -0.479470778 1.809459357 -2.373155420
v -0.391822626 1.776605870 -2.584905353
v -0.402546526 1.820918458 -2.562563234
v -0.444002988 1.845970004 -2.462746205
v -0.411320626 1.797939303 -2.515878210
v -0.494651363 2.152744773 -1.759358501
v -0.469721778 2.198337367 -1.772474769
v -0.363318408 2.296105444 -1.982779690
v -0.153714910 1.546631460 -3.189809887
v -0.161328415 1.555896266 -3.148682603
v -0.378916808 1.810739363 -2.599800099
v -0.098888392 1.720529417 -3.053867541
v -0.100698921 1.741375229 -3.032081196
v -0.116111625 1.744666673 -3.021188024
v -0.086446811 1.687675930 -3.129675129
v -0.083197145 1.696026445 -3.099663327
v -0.105248454 1.681824474 -3.118226182
v -0.097124287 1.693283575 -3.093660967
v -0.099909716 1.695904540 -3.102553353
v -0.122982349 1.695904540 -3.084990891
v -0.367728670 1.767219159 -2.620030276
v -0.081386616 1.712300807 -3.072319241
v -0.352965898 1.761977230 -2.652709794
v -0.410624269 1.784407811 -2.534885684
v -0.429565183 1.800377410 -2.478863654
v -0.494140701 1.857185295 -2.363707260
v -0.139555649 1.654822443 -3.102331043
v -0.125674930 1.681885427 -3.102553353
v -0.138487901 1.673839675 -3.083545878
v -0.107569644 1.660247230 -3.167134303
v -0.136630949 1.630136613 -3.131787071
v -0.148283325 1.633549962 -3.135344025
v -0.129667377 1.664452964 -3.130008593
v -0.113697587 1.669816799 -3.163799659
v -0.140576972 1.647751934 -3.164688897
v -0.119825530 1.655188159 -3.182029049
v -0.110680040 1.632574720 -3.242052653
v -0.114301097 1.655371017 -3.199591511
v -0.106594744 1.609168896 -3.262505140
v -0.114718911 1.641290951 -3.218376676
v -0.119593411 1.640071898 -3.227824836
v -0.133659825 1.632269956 -3.204148859
v -0.231939028 1.410341299 -2.904253153
v -0.426640483 1.624041346 -2.427176663
v -0.135331082 1.617580364 -3.237606460
v -0.152507891 1.605755547 -3.192811067
v -0.431468559 1.636049022 -2.431289391
v -0.216665595 1.397236476 -3.041529356
v -0.233053200 1.460078674 -2.888135704
v -0.228178700 1.467636805 -2.961164421
v -0.225950357 1.408634624 -2.991509687
v -0.144708691 1.572536344 -3.250945038
v -0.358211789 1.553031490 -2.689835504
v -0.220565195 1.665915828 -2.803769195
v -0.225857509 1.687371167 -2.788096365
v -0.535782858 1.776544917 -2.172298659
v -0.225068305 1.693893102 -2.786540198
v -0.368842841 1.656163402 -2.620030276
v -0.563729991 1.652140526 -2.207979356
v -0.199210243 1.566684888 -2.951049332
v -0.106919711 1.652689100 -3.198035344
v -0.252458352 1.699317889 -2.752415668
v -0.255661595 1.703950292 -2.821998585
v -0.206777324 1.407964145 -3.086324749
v -0.171913043 1.615386068 -3.156463441
v -0.157985901 1.586250693 -3.150127616
v -0.221400824 1.687127356 -2.789874842
v -0.220518771 1.681580663 -2.794543345
v -0.307702685 1.473610166 -2.688390491
v -0.228364395 1.427590903 -2.877242531
v -0.236117171 1.444779555 -2.917147112
v -0.328779094 1.544193354 -2.718735757
v -0.252829742 1.497442659 -2.830224042
v -0.324693799 1.507195085 -2.702951773
v -0.388247993 1.580033521 -2.580236851
v -0.302688913 1.535477122 -2.745524069
v -0.283423033 1.549496236 -2.783427863
v -0.260257552 1.521031341 -2.839338737
v -0.579235543 1.908507440 -1.906749793
v -0.268335295 1.511644630 -2.801990718
v -0.556998539 1.854990999 -2.114609307
v -0.605325724 1.853650040 -2.051695679
v -0.146612068 1.583873539 -3.218043211
v -0.145915710 1.494821694 -3.214375102
v -0.563729991 1.894061658 -1.950544792
v -0.168941920 1.446242419 -3.185252539
v -0.090903497 1.627942317 -3.262727449
v -0.546738877 1.825185145 -2.109496185
v -0.568929457 1.834023282 -2.045137544
v -0.573618262 1.896682622 -2.028019702
v -0.544464110 1.870168213 -2.128170195
v -0.555930791 1.866084384 -2.145399192
v -0.547667353 1.818175588 -2.128392505
v -0.214530100 1.660917710 -2.810994258
v 0.197434780 1.637085217 -2.829001339
v 0.203144909 1.647569076 -2.828000946
v -0.548688677 1.897292149 -1.875737598
v -0.561176681 1.977688716 -1.777699046
v -0.203991895 1.657626266 -2.856345425
v -0.252365504 1.699988369 -2.797877989
v -0.280544756 1.612216529 -2.735075516
v -0.220750890 1.671462521 -2.850120755
v -0.027024336 1.698830268 -3.217598592
v -0.204270438 1.662441526 -2.815218141
v -0.562105158 1.865779621 -2.021350413
v 0.216514966 1.648483366 -2.820220108
v 0.201287957 1.644948111 -2.828334410
v 0.215400794 1.644033821 -2.819553179
v -0.426176245 1.711081754 -2.550447359
v -0.568929457 1.652871958 -2.256554013
v -0.582345938 1.644033821 -2.247217008
v -0.000005679 1.692978812 -3.322862207
v -0.000005679 1.700232179 -3.574961340
v 0.193070942 1.645070016 -2.838671809
v -0.556673572 1.668597745 -2.250218188
v -0.075026554 1.623675630 -3.283402246
v -0.256450800 1.622090861 -2.770422749
v -0.236117171 1.664392011 -2.869572849
v -0.197817529 1.617397506 -2.836559867
v -0.613635585 1.747287638 -2.217205207
v -0.421533864 1.736377110 -2.503206560
v -0.000005679 2.065765318 -1.826940631
v -0.051861074 1.730952323 -3.302965494
v -0.594091162 1.950442874 -1.816380923
v 0.194835047 1.643485247 -2.834336771
v 0.189635580 1.640803330 -2.844451859
v 0.192281738 1.637938554 -2.838449499
v 0.220925228 1.671889189 -2.841006060
v -0.076883507 1.786784965 -3.359765608
v -0.056967693 1.711325564 -3.331865748
v -0.051071869 1.722357997 -3.317304466
v -0.090903497 1.627942317 -3.262727449
v -0.089928597 1.659637704 -3.295073502
v -0.033013007 1.701999807 -3.269396738
v -0.063281331 1.731805660 -3.290849619
v -0.079808207 1.731988518 -3.287959593
v -0.104923487 1.718396074 -3.302298565
v -0.071498345 1.704437913 -3.235494518
v -0.059196035 1.683287338 -3.189921042
v -0.155943253 1.336405715 -3.162354646
v -0.158450139 1.308672252 -3.147793365
v -0.117968578 1.559919142 -3.286292271
v -0.096706473 1.379194486 -3.274509860
v -0.113094078 1.391263114 -3.273176002
v -0.113744011 1.480314960 -3.263283223
v -0.142712468 1.383217362 -3.219377069
v -0.095777997 1.633184246 -3.283624555
v -0.121682482 1.475804462 -3.289626916
v -0.144244453 1.551324816 -3.260615508
v -0.097356406 1.414547033 -3.301075862
v -0.118061425 1.407659381 -3.258281256
v -0.074562316 1.576376362 -3.326196852
v -0.105434149 1.816529866 -2.929374142
v -0.105619844 1.438318573 -3.282401852
v -0.117179373 1.851333839 -2.888691478
v -0.112444144 1.828110873 -2.906920868
v -0.075026554 1.623675630 -3.283402246
v -0.088860849 1.601366955 -3.289182296
v -0.074608740 1.400710778 -3.292405786
v -0.095870844 1.563820112 -3.303632423
v -0.086818202 1.393579316 -3.284513794
v -0.068295102 1.611728908 -3.309857093
v -0.053439483 1.458493905 -3.348650126
v -0.066995235 1.542974300 -3.341425062
v -0.044943926 1.442524307 -3.345648945
v -0.109055206 1.521153246 -3.300964707
v -0.135841744 1.889307350 -2.787651746
v 0.246690442 1.695904540 -2.800434550
v -0.014536331 1.778251592 -3.574961340
v -0.000005679 1.783920190 -3.568069741
v 0.251564942 1.699500747 -2.779648599
v -0.038212474 1.704803629 -3.190143351
v 0.244787065 1.659150082 -2.774424322
v -0.055667826 1.694197865 -3.174915141
v 0.237034289 1.638913797 -2.796321822
v -0.045036774 1.672437763 -3.512936950
v -0.621109819 1.774411574 -2.207201273
v -0.563497872 1.882663509 -1.768806660
v -0.000005679 1.603195535 -3.477923182
v -0.031898836 1.712727476 -3.203370775
v -0.068295102 1.711752233 -3.142124469
v -0.209934143 1.689138794 -2.791431010
v -0.091089192 1.688773078 -3.169135090
v -0.043411940 1.702548381 -3.153795725
v -0.064813316 1.685908303 -3.145792578
v -0.089650054 1.694197865 -3.145903733
v -0.120614735 1.542669537 -3.296296205
v -0.013050769 1.698708363 -3.228158300
v -0.097124287 1.675912065 -3.147459900
v -0.084172045 1.669999657 -3.180139417
v -0.027024336 1.698830268 -3.217598592
v -0.059938816 1.685359729 -3.173581283
v -0.018714474 1.704803629 -3.208372742
v -0.094803097 1.701938854 -3.131342451
v -0.065602521 1.707058878 -3.156018821
v -0.216758443 1.692856907 -2.788207520
v -0.133149163 1.861208171 -2.874685970
v -0.125767777 1.874983473 -2.817663547
v -0.138905715 1.887783533 -2.824777456
v -0.019503679 1.696209303 -3.231492945
v -0.212116062 1.694319771 -2.796099512
v -0.000005679 1.690967374 -3.272286764
v -0.215969238 1.693588339 -2.791431010
v -0.118061425 1.868278680 -2.833892151
v -0.021546326 1.712910334 -3.216931663
v -0.191503891 1.675363491 -2.822443205
v -0.197353291 1.661039615 -2.822776669
v -0.191782434 1.665611065 -2.824221682
v -0.221307976 1.693466433 -2.792542558
v -0.194428591 1.661527236 -2.824777456
v -0.506628706 1.813360328 -2.320245725
v -0.531883258 1.880834929 -2.237324229
v -0.062213583 1.428261383 -3.334422308
v -0.089185816 1.430882347 -3.304299352
v -0.092899721 1.455690082 -3.290849619
v -0.135331082 1.665611065 -3.134565941
v -0.103855740 1.684079723 -3.128452426
v -0.160399939 1.533831400 -3.160131550
v -0.148144053 1.605755547 -3.145792578
v -0.074330197 1.470318722 -3.317637931
v -0.070012783 1.417777524 -3.303854733
v -0.058963916 1.475438746 -3.338868501
v -0.191921705 1.684811155 -2.819553179
v -0.200510110 1.661771047 -2.819997799
v -0.208402157 1.663965343 -2.808548852
v -0.217826191 1.675485397 -2.798989538
v -0.221307976 1.690540705 -2.787095972
v -0.149768887 1.911616026 -2.724626963
v -0.008686931 1.689260699 -3.273287157
v -0.007479912 1.697550262 -3.256169315
v -0.014907722 1.689260699 -3.266506713
v -0.012586531 1.697245499 -3.239607246
v -0.000005679 1.700110274 -3.263616688
v -0.012772226 1.704072197 -3.244498059
v -0.000005679 1.699013126 -3.244164594
v -0.122796654 1.875714905 -2.837671415
v -0.000005679 1.698342647 -3.256169315
v -0.015139841 1.702975049 -3.232271028
v -0.010497460 1.708399836 -3.261171282
v -0.126649830 1.900705498 -2.740633257
v -0.000005679 1.688346409 -3.282624162
v -0.131431482 1.901436930 -2.746302153
v -0.112212025 1.843288087 -2.884578749
v -0.123957249 1.849200495 -2.866015894
v -0.162767553 1.364809657 -3.178805560
v -0.127671154 1.880164450 -2.779203980
v -0.137048763 1.900949309 -2.721848092
v -0.016811098 1.682373048 -3.284069175
v -0.015789774 1.696148351 -3.248833097
v -0.007433488 1.700171227 -3.230826016
v -0.093178264 1.531698057 -3.317860240
v -0.216340629 1.366577284 -2.994733177
v -0.209748448 1.360725828 -3.025634217
v -0.171170263 1.287887392 -3.111112274
v -0.059428154 1.708338884 -3.170691258
v -0.016950369 1.714312245 -3.196479176
v -0.055621402 1.706936973 -3.183474062
v -0.039233798 1.734548530 -3.058647199
v -0.076465692 1.760148650 -2.996400499
v -0.078972578 1.738327596 -3.029969255
v -0.635176233 1.627271838 -1.994562101
v -0.548688677 1.897292149 -1.875737598
v -0.020942817 1.770083935 -3.064427249
v -0.039930155 1.695721682 -3.203259620
v -0.026095860 1.701024564 -3.208817361
v -0.057664050 1.691394043 -3.184696765
v -0.052650278 1.696514067 -3.126340484
v -0.059196035 1.683287338 -3.189921042
v -0.035659164 1.714921772 -3.129452819
v -0.136120287 1.531515199 -3.276732957
v -0.168477682 1.406562233 -3.186364087
v -0.116761558 1.443926218 -3.260282043
v -0.133474130 1.535111406 -3.238940318
v -0.154271996 1.342196218 -3.184252146
v -0.174048539 1.337868579 -3.114780383
v -0.159378615 1.307392246 -3.124006233
v -0.178226681 1.286546434 -3.087547452
v -0.013561431 1.714495103 -3.217376282
v -0.072426821 1.681885427 -3.160909634
v -0.083382840 1.673413006 -3.195145318
v -0.047357964 1.697915978 -3.143013707
v -0.146240677 1.325617093 -3.164466588
v -0.172098739 1.322935175 -3.119893505
v -0.182776215 1.303064606 -3.083101259
v -0.230732009 1.479705433 -2.927039891
v -0.086353964 1.672742527 -3.162132337
v -0.529887034 1.790868794 -1.826162548
v -0.682528518 1.652993863 -1.990449373
v -0.040162274 1.697611215 -3.492150999
v -0.028324202 1.605999357 -3.467474629
v -0.619902800 1.935082802 -1.820493652
v -0.544696229 1.890038782 -1.856396659
v -0.120754006 1.696270256 -3.080989317
v -0.558623372 1.722418950 -2.166740918
v -0.018296660 1.755942916 -3.087102833
v -0.575985876 1.910762688 -1.795817282
v -0.489359049 1.753809573 -1.864066342
v -0.000005679 1.760758177 -3.120338124
v -0.000005679 1.742959998 -3.157019215
v -0.016857522 1.749299076 -3.124117388
v -0.040440817 1.725588488 -3.139790218
v -0.081247345 1.688041646 -3.182807133
v -0.014629179 1.721931328 -3.186586397
v -0.038444593 1.705474109 -3.179027869
v -0.037330421 1.723455145 -3.192699912
v -0.046104521 1.700902659 -3.194811854
v -0.026699369 1.716445588 -3.184029836
v -0.035937707 1.753931478 -3.071430003
v -0.052603855 1.730038033 -3.085213201
v -0.059196035 1.709679842 -3.094772515
v -0.000005679 1.725893252 -3.190143351
v 0.220043175 1.672925385 -2.842562227
v -0.015279112 1.749116218 -3.526608993
v 0.207276628 1.655919591 -2.841561834
v -0.083382840 1.673413006 -3.195145318
v 0.229977870 1.681397805 -2.838227189
v 0.204119809 1.657321502 -2.844563014
v -0.044572536 1.676765403 -3.307633997
v -0.103252230 1.682190190 -3.245053833
v -0.052650278 1.632757578 -3.295851586
v 0.244229980 1.694685487 -2.815996225
v 0.240655346 1.689443557 -2.831557900
v 0.220368142 1.672133000 -2.845118788
v -0.100373954 1.641290951 -3.236272602
v -0.007665607 1.803973617 -3.631761454
v 0.001062069 1.836949010 -3.620534817
v 0.212243975 1.634220442 -2.818886251
v -0.043226245 1.704316008 -3.241496878
v -0.066577421 1.655858638 -3.303743578
v -0.034777112 1.665184396 -3.298852766
v -0.006458588 1.836095672 -3.625647938
v -0.102648721 1.674936823 -3.266729023
v -0.012447260 1.817505109 -3.629871822
v -0.010822426 1.809764120 -3.603639284
v -0.005855079 1.809825073 -3.634762634
v -0.002512565 1.826221340 -3.641987697
v -0.000005679 1.654030058 -3.532944818
v -0.027488574 1.659393893 -3.525275135
v -0.027767117 1.766122011 -3.590745325
v -0.029624069 1.708156026 -3.563401239
v -0.033570093 1.732902808 -3.545283003
v -0.000005679 1.755272437 -3.521940491
v 0.000737102 1.857733869 -3.642210007
v -0.000005679 1.812567943 -3.596969995
v 0.310569603 2.356326678 -1.852839705
v 0.573514057 2.556007613 -1.566282577
v -0.065370402 1.746678111 -3.356097498
v -0.015325536 1.811531748 -3.625981403
v -0.055296435 1.657382455 -3.428014667
v -0.053532331 1.625443258 -3.450801406
v -0.014675603 1.696453114 -3.405227929
v -0.034312874 1.682373048 -3.412675302
v -0.000005679 1.726624684 -3.475811240
v -0.618742204 1.925452281 -1.668989631
v -0.000005679 1.709679842 -3.399447879
v -0.618742204 1.925452281 -1.668989631
v -0.016393284 1.718761790 -3.476255860
v -0.197446138 1.637085217 -2.829001339
v -0.215412152 1.644033821 -2.819553179
v -0.243544981 1.695721682 -2.775869335
v -0.204131167 1.657321502 -2.844563014
v -0.201299315 1.644948111 -2.828334410
v -0.627191338 1.943616175 -1.693332537
v -0.591955667 1.906252191 -1.713229250
v -0.647571390 1.932644695 -1.609966422
v -0.599754867 1.926793239 -1.747242625
v -0.220379500 1.672133000 -2.845118788
v -0.207287986 1.655919591 -2.841561834
v -0.230871281 1.681885427 -2.840339131
v -0.248651600 1.697062641 -2.784872875
v -0.220936586 1.671889189 -2.841006060
v -0.248744447 1.698586457 -2.799211847
v -0.246701800 1.695904540 -2.800434550
v -0.240666705 1.689443557 -2.831557900
v -0.244241338 1.694685487 -2.815996225
v -0.243544981 1.674449201 -2.765087317
v -0.236024324 1.668597745 -2.783094398
v -0.242059419 1.646959549 -2.785095185
v -0.253572523 1.649702419 -2.764531543
v 0.788966954 2.207967889 -1.601518655
v 0.719795478 2.206992646 -1.710005760
v -0.237045647 1.638913797 -2.796321822
v -0.249301533 1.636109974 -2.778203586
v -0.234492338 1.682921622 -2.775202406
v -0.016811098 1.682373048 -3.284069175
v -0.099120511 1.659881514 -3.214041638
v -0.035009231 1.689870226 -3.287959593
v -0.601472548 1.794708812 -2.012124563
v -0.079343968 1.739851412 -3.362655633
v -0.647571390 1.932644695 -1.609966422
v 0.384986968 2.429287020 -1.753911914
v 0.588276828 2.057353850 -1.798818462
v 0.681356565 2.132447535 -1.729457854
v 0.668775712 2.141102814 -1.725233971
v -0.009104746 1.832804228 -3.637319195
v -0.580071172 1.762160088 -2.139507987
v -0.018203812 1.802449800 -3.619089804
v -0.602076057 1.627576601 -2.133950246
v -0.583552957 1.604414588 -2.142731477
v -0.598501424 1.722784666 -2.205200486
v -0.572968329 1.710106511 -2.183302986
v -0.529887034 1.857733869 -1.821382890
v -0.493258649 1.839021400 -1.866067128
v -0.549570729 1.806289818 -2.232099953
v -0.548410134 1.791783084 -2.257443252
v -0.598408576 1.714738914 -2.168297086
v -0.629558952 1.276733054 -1.969218802
v -0.607229100 1.793002137 -2.192084217
v -0.529887034 1.857733869 -1.821382890
v -0.042158498 1.697306451 -3.169802019
v -0.184958134 1.277098770 -3.056312947
v -0.258354176 1.488909286 -2.791431010
v -0.000005679 1.728331358 -3.209150826
v -0.000005679 1.728270406 -3.209484290
v -0.231846181 1.448131952 -2.849231517
v -0.193128724 1.458067236 -3.117336944
v -0.325993665 1.747592401 -2.789096759
v -0.000005679 1.725588488 -3.190587971
v -0.043922602 1.717725594 -3.153128796
v -0.017878845 1.734853294 -3.154018035
v -0.317451684 1.746495253 -2.808104233
v -0.055250012 1.719432269 -3.099441018
v -0.043736907 1.705169345 -3.130008593
v -0.036030555 1.739363791 -3.092882883
v -0.014164941 1.739607602 -3.116447705
v -0.078694035 1.724857056 -3.052867148
v -0.034498569 1.741862850 -3.062537617
v -0.058685374 1.783249711 -3.002180550
v -0.485134482 1.703218860 -2.477196332
v -0.000005679 1.772582994 -3.082878949
v -0.059103188 1.772765852 -2.996511654
v -0.343959679 2.001582161 -2.268447579
v -0.360347284 2.147380938 -2.134617175
v -0.350134046 2.032485163 -2.156070055
v -0.359140265 2.046565229 -2.167630157
v -0.316244665 2.065948176 -2.236879610
v -0.326179361 1.972202976 -2.331472362
v -0.340802860 2.017734617 -2.243771209
v -0.319865723 2.002191688 -2.320579190
v -0.294100509 2.028218476 -2.382603580
v -0.282123166 2.016820327 -2.371488098
v -0.310163146 1.938130435 -2.411059214
v -0.284305085 1.927829435 -2.459411561
v -0.388155145 1.775082053 -2.577791445
v -0.267963904 1.895890238 -2.557894732
v -0.271167147 1.912713174 -2.563119008
v -0.233795981 1.959890537 -2.555227016
v -0.247815971 1.886259716 -2.613360987
v -0.378638265 1.851029075 -2.525104060
v -0.368100060 1.850602407 -2.524770595
v -0.445302854 1.884918758 -2.389606333
v -0.383791307 1.861147218 -2.473083604
v -0.435878821 1.880286355 -2.375156207
v -0.451895035 1.889551160 -2.317244545
v -0.517213334 1.986161136 -2.105272302
v -0.483973887 1.939471394 -2.204200093
v -0.464615159 1.898694060 -2.323691525
v -0.400968117 1.865170094 -2.477529796
v -0.499943677 2.009140292 -2.059031897
v -0.502821954 1.956660046 -2.155847746
v -0.490519644 1.950381921 -2.149067302
v -0.523341277 2.021208919 -2.034355527
v -0.552634701 2.055708129 -1.991227456
v -0.194057200 1.923623701 -2.687390098
v -0.503379039 2.019075576 -2.030242798
v -0.234260219 1.916979860 -2.586239211
v -0.222747114 1.917223671 -2.660490631
v -0.253386828 1.903692179 -2.623031457
v -0.205152491 1.938800915 -2.646929743
v -0.254686695 1.937825672 -2.515211281
v -0.210537653 1.942945696 -2.620363741
v -0.292289980 1.837680442 -2.686056240
v -0.504586058 1.976469662 -2.097046846
v -0.517909691 2.015357463 -2.059476516
v -0.305520766 1.850968123 -2.631034604
v -0.321258437 1.820491790 -2.680165034
v -0.489591168 1.934838991 -2.208868595
v -0.237231343 1.891257835 -2.687501253
v -0.240991671 1.927098003 -2.597243538
v -0.241177366 1.969582011 -2.520769022
v -0.223861286 1.955258135 -2.587684224
v -0.200649381 1.928499914 -2.640371609
v -0.242616504 1.967204857 -2.509320075
v -0.220843738 1.945932377 -2.578680683
v -0.213740895 1.906739812 -2.649263994
v -0.000005679 2.077712041 -1.861287471
v 0.046696673 2.520837924 -1.756135011
v -0.233656709 1.878396823 -2.679386951
v 0.283225979 2.147807607 -1.849949679
v 0.096787963 2.423984138 -2.013347266
v -0.000144950 2.464761471 -1.741573729
v 0.472310153 2.198581178 -1.772252460
v 0.053010311 2.441965174 -1.742351813
v 0.409127349 2.212661244 -1.771585531
v 0.414791054 2.123548446 -1.817603627
v 0.495939872 2.152561915 -1.759580810
v -0.183194029 1.321350406 -3.075542731
v -0.195124948 1.321594217 -3.055423709
v 0.161595600 2.248013790 -1.833054147
v 0.081421682 2.171518194 -1.892744285
v -0.235142271 1.493054067 -2.896027696
v -0.352594508 1.508779855 -2.669494172
v -0.000005679 2.104287403 -1.887853473
v 0.226171118 2.246794737 -1.827718715
v 0.215029404 2.159876235 -1.884963448
v 0.047160911 2.658651903 -1.853506634
v -0.214112286 1.604658399 -2.851121148
v -0.375481446 1.529686619 -2.599355480
v -0.187929258 1.293068369 -3.034860067
v -0.198096072 1.325799951 -3.030525029
v -0.212208910 1.355910568 -2.954606286
v -0.195914153 1.308367488 -3.036749699
v -0.297071632 1.724552293 -2.738299006
v -0.197353291 1.330371401 -3.006404433
v -0.211094738 1.448010046 -3.039639724
v -0.383141374 1.545595265 -2.564230557
v -0.236859952 1.481594966 -2.859457760
v -0.190436143 1.303796038 -3.058647199
v -0.241641604 1.468855858 -2.821776276
v -0.248930143 1.507195085 -2.867905526
v -0.204781100 1.451057680 -3.080544698
v -0.328129161 1.750700987 -2.753638371
v -0.331053860 1.773009663 -2.783983637
v -0.339688689 1.760392461 -2.780093218
v -0.319587180 1.739607602 -2.751971049
v -0.345863056 1.779775409 -2.761641518
v -0.361090065 1.766426775 -2.748302939
v -0.313737780 1.736316158 -2.780648992
v -0.321397708 1.748445738 -2.781649386
v -0.309977451 1.733451382 -2.806214601
v -0.310255994 1.724369435 -2.722070402
v -0.332632270 1.783188758 -2.747413701
v -0.302735337 1.815188908 -2.749859107
v -0.022799769 1.763257236 -3.055534864
v -0.000005679 1.786541155 -3.061759534
v -0.000005679 1.823722281 -2.979504966
v -0.033941483 1.779836361 -3.024300359
v -0.057756897 1.750761940 -3.027412694
v -0.063188483 1.839996643 -2.924816795
v -0.027534998 1.856575768 -2.910144358
v -0.029763341 1.842678560 -2.949159700
v -0.045408164 1.796781202 -2.994399712
v -0.063884840 1.821467032 -2.951493951
v -0.000005679 1.883577799 -2.914924016
v -0.604675790 1.274721616 -2.026241225
v -0.000005679 1.932096121 -2.836782177
v -0.060403054 1.831219459 -2.914479396
v -0.591537852 1.294287422 -2.011346479
v -0.431468559 1.636049022 -2.431289391
v -0.030413274 1.864621520 -2.917147112
v -0.046568759 1.794099285 -2.988953126
v -0.053857297 1.761367703 -3.028857707
v -0.052835974 1.719615127 -3.075431576
v -0.328871941 1.742777140 -2.717846519
v -0.542700005 1.810861268 -2.154625043
v -0.547295962 1.827257536 -2.183969915
v -0.567908134 1.852979561 -2.048472189
v -0.551102715 1.861086265 -2.082040945
v -0.562105158 1.865779621 -2.021350413
v -0.555559400 1.710594132 -2.140174916
v -0.568836610 1.768560118 -2.084375196
v -0.565447672 1.715897014 -2.108273482
v -0.567351048 1.625565163 -2.072259321
v -0.569393696 1.664087248 -2.054252240
v -0.578121372 1.620688950 -2.097269155
v -0.573525415 1.647142407 -2.166073989
v -0.583552957 1.604414588 -2.142731477
v -0.575196672 1.604963162 -2.214759801
v -0.363689798 1.632269956 -2.605246685
v -0.578817729 1.683043527 -2.221651399
v -0.538661134 1.662746290 -2.303127883
v -0.557973439 1.622334672 -2.226764521
v -0.579281967 1.637329028 -2.193862694
v -0.526915910 1.716384636 -2.309241398
v -0.484484549 1.744788578 -2.373044265
v -0.478124487 1.636780454 -2.351813694
v -0.385880379 1.613923204 -2.561007067
v -0.505932349 1.685664492 -2.330360814
v -0.484530973 1.693405481 -2.357149126
v -0.377199127 1.612094624 -2.595465061
v -0.461551187 1.628308033 -2.336140865
v -0.488801963 1.638974750 -2.331694672
v -0.214994338 1.596368836 -2.939266921
v -0.456955230 1.641290951 -2.381269722
v -0.480677797 1.661710094 -2.347812121
v -0.458765759 1.650068135 -2.383603973
v -0.388155145 1.633915678 -2.576679896
v -0.230174924 1.646898596 -2.895805386
v -0.244612728 1.664818680 -2.879687937
v -0.262253776 1.682007332 -2.866127049
v -0.414198902 1.655858638 -2.549891585
v -0.313366389 1.728026595 -2.823777063
v -0.301481894 1.711752233 -2.842117608
v -0.248280209 1.565039166 -2.841450679
v -0.237974124 1.583446871 -2.835892938
v -0.200695805 1.653481484 -2.828445565
v -0.225300424 1.654151964 -2.814662367
v -0.231335519 1.667073929 -2.800212241
v -0.217779767 1.654639585 -2.821887431
v -0.207520105 1.653969106 -2.826444778
v -0.234167371 1.666220591 -2.800101086
v -0.232960352 1.675119681 -2.793765261
v -0.222700690 1.665367254 -2.833892151
v -0.231799757 1.674205391 -2.834670235
v -0.231149824 1.690053084 -2.784317101
v -0.228085852 1.693710244 -2.785095185
v -0.236534986 1.689260699 -2.801323789
v -0.199210243 1.655249112 -2.832002519
v -0.100373954 1.641290951 -3.236272602
v -0.236256443 1.687371167 -2.813995438
v -0.228921481 1.674266343 -2.831557900
v -0.238531209 1.681763521 -2.828445565
v -0.202227791 1.590517380 -2.924261020
v -0.030320426 1.465686320 -3.368213374
v -0.099120511 1.659881514 -3.214041638
v -0.000005679 1.454836745 -3.366434897
v -0.189414819 1.584970687 -2.903697379
v -0.040626512 1.507316991 -3.363767181
v -0.000005679 1.480497818 -3.371436864
v -0.101580973 1.630685187 -3.240496485
v -0.241827300 1.688651173 -2.758862647
v -0.248326633 1.679873989 -2.857123509
v -0.238484785 1.693161670 -2.770311594
v -0.233053200 1.693222623 -2.777536657
v -0.235420814 1.693588339 -2.774535477
v -0.265364171 1.709618890 -2.797877989
v -0.285279985 1.722906571 -2.764865008
v -0.203016995 1.650555756 -2.835670628
v -0.225300424 1.645252874 -2.881355260
v -0.206730900 1.654639585 -2.866571669
v -0.199628057 1.648117650 -2.841672989
v -0.201392162 1.648849082 -2.839116428
v -0.196424815 1.647325265 -2.846119182
v -0.212487452 1.624285157 -2.820442418
v -0.192060977 1.646593833 -2.851788077
v -0.188579191 1.643972868 -2.862792405
v -0.232496114 1.609107943 -2.802435337
v -0.246887495 1.611972719 -2.785984424
v -0.238113395 1.594845019 -2.804880743
v -0.264342847 1.636902359 -2.751526429
v -0.267174699 1.598502179 -2.759418421
v -0.250972790 1.683714007 -2.748302939
v -0.254222457 1.701451233 -2.774090858
v -0.262207352 1.706632209 -2.766865794
v -0.202320638 1.658540556 -2.848453433
v -0.251576300 1.698342647 -2.818552786
v -0.247398157 1.693161670 -2.837226796
v -0.233053200 1.681397805 -2.843229156
v -0.178551648 1.626662311 -2.864015108
v -0.187557867 1.630441376 -2.843229156
v -0.417355721 1.685420681 -2.554337777
v -0.398971893 1.712178902 -2.593464274
v -0.253293981 1.593016439 -2.779870908
v -0.259654042 1.570829669 -2.816329690
v -0.303988780 1.563210586 -2.758195718
v -0.282076742 1.585275451 -2.757751099
v -0.426176245 1.711081754 -2.550447359
v -0.406121160 1.685298776 -2.597688158
v -0.275902375 1.575705882 -2.789985997
v -0.246655376 1.694258818 -2.788096365
v -0.232635386 1.685725445 -2.780426683
v -0.233285319 1.654212916 -2.804102659
v -0.232449690 1.686944498 -2.784428256
v -0.234817305 1.662136763 -2.796099512
v -0.236070747 1.657138644 -2.791653319
v -0.235374390 1.674449201 -2.792431403
v -0.226275324 1.583629729 -2.861458547
v -0.266246223 1.477084468 -2.746746772
v -0.298789313 1.621908003 -2.704396785
v -0.181012110 1.609290801 -2.886690691
v -0.217501224 1.553275301 -2.896361160
v -0.207334410 1.581984007 -2.882800272
v -0.294936137 1.600147901 -2.731518562
v -0.342381270 1.590700238 -2.695393245
v -0.239273990 1.693466433 -2.780982457
v -0.226228900 1.650007182 -2.813773129
v -0.242245114 1.693344528 -2.790319462
v -0.212255333 1.634220442 -2.818886251
v -0.000005679 1.497381706 -3.370436470
v -0.233981676 1.681153995 -2.825666695
v -0.242198690 1.687858788 -2.815106987
v -0.232496114 1.692003569 -2.790764081
v -0.231474790 1.686334971 -2.786540198
v -0.231846181 1.659515798 -2.807103840
v -0.193175148 1.653359579 -2.830668661
v -0.395072293 1.655066254 -2.585794592
v -0.281891047 1.698098836 -2.854122329
v -0.211280433 1.577534462 -2.966055233
v -0.474503430 1.649824324 -2.352036004
v -0.375342174 1.683043527 -2.629256127
v -0.455330397 1.692247380 -2.380047019
v -0.512524530 1.749725744 -2.344810941
v -0.574407467 1.683226385 -2.177078316
v -0.569625815 1.656590070 -2.126391718
v -0.563683567 1.726380873 -2.085042125
v -0.549292186 1.687675930 -2.040357887
v -0.560201781 1.770449651 -2.106939625
v -0.544928348 1.802632658 -2.198197732
v -0.596690895 1.860354833 -2.113275449
v -0.168013444 1.479766386 -3.181139811
v -0.143223130 1.467575852 -3.224267881
v -0.548688677 1.897292149 -1.875737598
v -0.275113171 1.534440927 -2.812661581
v -0.283283761 1.524627548 -2.773535084
v -0.369632046 1.607279363 -2.635703106
v -0.182636943 1.377244001 -3.140901766
v -0.220472348 1.455263414 -2.998512441
v -0.204456134 1.358226769 -3.059202973
v -0.145219353 1.596185978 -3.185919468
v -0.143594520 1.648422413 -3.171913961
v -0.155432591 1.618189891 -3.176693618
v -0.110680040 1.666464402 -3.149238377
v -0.128553206 1.682129237 -3.107777629
v -0.119732682 1.713397955 -3.060314521
v -0.098934816 1.710533180 -3.075320422
v -0.130781549 1.711447470 -3.045308620
v -0.115600963 1.727417068 -3.044308227
v -0.145219353 1.613618441 -3.164355433
v -0.096938592 2.423984138 -2.013347266
v -0.166760001 2.420448883 -1.909417508
v -0.119825530 2.400883077 -2.022906580
v -0.514010091 2.116660795 -1.747464935
v -0.040580088 1.482753066 -3.361210620
v -0.276227342 1.715104630 -2.805436517
v -0.272559861 1.714129387 -2.763864614
v -0.271817080 1.705900777 -2.829779423
v -0.260721790 1.693527386 -2.845452253
v -0.194335743 1.627698506 -2.831113281
v -0.214297981 1.611485097 -2.821220502
v -0.263321523 1.656407212 -2.736187064
v -0.254733119 1.666830118 -2.754194145
v -0.257936361 1.704316008 -2.795988357
v -0.224186252 1.670304420 -2.857345818
v -0.184076081 1.621664192 -2.849342671
v -0.247769547 1.586189741 -2.811327723
v -0.325900818 1.578448752 -2.726627749
v -0.235652933 1.559858189 -2.868461300
v -0.204827524 1.612277482 -2.905142391
v -0.234445914 1.648970987 -2.801323789
v -0.226553867 1.645252874 -2.811772342
v -0.299392823 1.504939837 -2.734964361
v -0.210630500 1.631050903 -2.893582290
v -0.159610734 2.404723095 -1.969329957
v -0.182358400 2.399481166 -1.982668535
v -0.166249339 2.355290483 -1.962438358
v -0.138209358 2.445256618 -1.903526303
v -0.152322196 1.573694444 -3.174581676
v -0.120057649 1.763196283 -3.001291311
v -0.101348854 1.762403899 -3.005181730
v 0.231788399 1.674205391 -2.834670235
v 0.228956547 1.674266343 -2.831557900
v 0.211454771 1.657626266 -2.832780603
v 0.199245309 1.655249112 -2.832002519
v 0.236523627 1.689260699 -2.801323789
v 0.184203995 1.635744258 -2.851343458
v 0.232531180 1.692003569 -2.790764081
v 0.285268627 1.722906571 -2.764865008
v 0.225289066 1.645252874 -2.881355260
v 0.233041842 1.693222623 -2.777536657
v 0.235409456 1.693588339 -2.774535477
v 0.100362596 1.641290951 -3.236272602
v 0.101569615 1.630685187 -3.240496485
v -0.000005679 1.480497818 -3.371436864
v 0.028591387 1.452337686 -3.358876369
v 0.202216433 1.590517380 -2.924261020
v 0.242187332 1.687858788 -2.815106987
v 0.236245085 1.687371167 -2.813995438
v 0.238566275 1.681763521 -2.828445565
v -0.275623833 1.501221724 -2.761974982
v -0.284397933 1.476596847 -2.721514628
v -0.193407267 1.633184246 -2.877131377
v -0.572596938 2.116416984 -1.817825936
v -0.139044987 1.288618824 -2.865237811
v 0.004311735 1.439110957 -2.363818415
v -0.148144053 1.390044061 -2.664158740
v -0.053021669 1.401868878 -2.412059607
v -0.031713141 1.325373282 -2.791764474
v -0.000005679 1.380413540 -2.651820555
v -0.000005679 1.357190574 -2.729295465
v -0.000005679 1.355971521 -2.648263601
v -0.139369953 1.381571640 -2.807103840
v 0.414141120 2.087037799 -2.093712201
v 0.134576943 1.918137961 -2.672606507
v -0.142573196 1.412474642 -2.655599819
v -0.562522972 2.112333155 -1.863621722
v 0.156767524 1.967875337 -2.557005493
v 0.294785508 2.332372280 -1.853395479
v 0.139915681 1.939593299 -2.622809147
v -0.531279748 2.068142472 -1.978000033
v 0.246690442 2.332616091 -1.818826330
v -0.000005679 2.085696840 -2.458300012
v 0.043447006 2.012309830 -2.534885684
v -0.000005679 2.073872023 -2.492535697
v -0.000005679 2.052782401 -2.533218362
v 0.050317730 2.157925750 -2.327581943
v 0.090010086 2.132386583 -2.343699392
v 0.058116930 2.199068799 -2.256554013
v -0.000005679 2.245088062 -2.258888264
v -0.060217359 1.324885661 -3.132009380
v 0.188799952 2.211381238 -2.175299839
v 0.174315724 2.056012892 -2.347145192
v 0.130073834 2.148356181 -2.268114114
v 0.177565390 2.064668170 -2.321023809
v 0.157696000 2.085940651 -2.347145192
v -0.149722463 1.381632593 -2.791319855
v 0.535771500 1.776544917 -2.172298659
v -0.142712468 1.387971670 -2.716290351
v -0.204641829 1.430821395 -2.670272255
v -0.148376172 1.388459292 -2.686056240
v -0.153575639 1.403331742 -2.646040504
v -0.000005679 2.021208919 -2.597799312
v -0.000005679 2.016576517 -2.585349972
v 0.037319063 1.969764869 -2.650375542
v 0.074133144 2.006336469 -2.554004313
v -0.204084743 1.377731622 -2.800434550
v -0.202924148 1.349754349 -2.839116428
v -0.197863953 1.339819064 -2.856011961
v -0.148422596 1.413388932 -2.713289171
v -0.166249339 1.392177404 -2.706842191
v -0.159053648 1.385167848 -2.724404653
v -0.158960801 1.385167848 -2.724404653
v -0.141923263 1.369807776 -2.775758180
v -0.146054982 1.358104864 -2.790319462
v -0.184818862 1.414181317 -2.695059780
v -0.157939477 1.260397740 -3.006515588
v -0.151022329 1.305624618 -2.902919295
v -0.122239568 1.264725379 -3.030969648
v -0.151300872 1.305563666 -2.903030450
v -0.133334858 1.261433935 -3.058313734
v -0.121682482 1.270820646 -3.069318061
v -0.122889501 1.231506176 -3.103776056
v -0.134170487 1.279902593 -3.133787857
v -0.140066311 1.267590155 -3.081767401
v -0.119825530 1.326165667 -3.182807133
v -0.094106740 1.304100802 -3.172247425
v -0.120568311 1.327079957 -3.184029836
v -0.026652945 1.364870610 -2.734742051
v -0.030413274 1.382059262 -2.653710187
v -0.153900606 1.295567428 -2.884467595
v -0.153668487 1.403392695 -2.645929350
v -0.127531882 1.385655469 -2.651709400
v -0.029438374 1.552665774 -2.399165648
v -0.146287101 1.407842239 -2.552114681
v 0.000133592 1.553945780 -2.200531983
v -0.035984131 1.556444840 -2.624365314
v 0.000876373 1.531088531 -2.674496139
v -0.028788441 1.524322785 -2.285898886
v 0.000180016 1.500185529 -2.208201666
v -0.030227579 1.552361011 -2.551114288
v -0.127531882 1.385594516 -2.651709400
v -0.100188259 1.346950526 -2.752082203
v -0.000005679 1.421800400 -2.420062754
v -0.137652272 1.261982509 -3.007515981
v -0.174605624 1.401381257 -2.668716088
v -0.170056091 1.445267177 -2.646262814
v -0.063513450 1.530844720 -2.553670849
v -0.205523881 1.435575703 -2.674718448
v -0.125396387 1.506585559 -2.407057640
v -0.105898387 1.524261832 -2.342254380
v -0.147308425 1.280512120 -2.939489231
v -0.094988792 1.304466518 -3.172247425
v -0.137559425 1.305380808 -3.158464227
v -0.106966135 1.239430023 -3.170691258
v -0.116807982 1.277708297 -3.111112274
v -0.115972354 1.270150167 -3.089103619
v -0.154225572 1.279780688 -3.100441411
v -0.118386392 1.273197800 -3.088547845
v -0.134077639 1.261190125 -3.058313734
v -0.118339968 1.288740730 -3.145903733
v -0.146751339 1.280207356 -2.939378076
v -0.163324639 1.294226470 -2.918703279
v -0.122239568 1.264786332 -3.030413874
v -0.145126506 1.262774894 -3.064649559
v -0.165181591 1.396322186 -2.785762114
v -0.164531658 1.327872341 -2.840672595
v -0.180919262 1.349937207 -2.805325362
v -0.176880391 1.363346793 -2.782760934
v -0.138766444 1.392665026 -2.778314741
v -0.137559425 1.239186212 -2.974502999
v -0.143965911 1.281487362 -2.976726096
v -0.131895720 1.250645313 -2.952494345
v -0.166713577 1.261738699 -2.916369028
v -0.153900606 1.295567428 -2.884467595
v -0.183518996 1.348352437 -2.877687151
v -0.181847739 1.301479837 -2.921370995
v -0.132499230 1.253692947 -2.944602353
v -0.145683591 1.250584361 -2.951605106
v -0.154968353 1.262409178 -2.929596452
v -0.132917044 1.256009148 -2.946936604
v -0.152972129 1.295506476 -2.883911821
v -0.125442811 1.240283360 -2.978838037
v -0.169870396 1.294714091 -2.883356046
v -0.143733791 1.341099070 -2.818108167
v -0.160167820 1.353716272 -2.798433764
v -0.143733791 1.341099070 -2.818108167
v -0.144244453 1.340550496 -2.818219322
v -0.164856625 1.327811389 -2.840561441
v -0.133799096 1.261433935 -3.058647199
v -0.140484125 1.267346344 -3.081767401
v -0.157011001 1.267712060 -2.967944865
v -0.172377282 1.335247614 -2.832113674
v -0.183054758 1.305807476 -2.873796732
v -0.222190029 1.400649825 -2.668716088
v -0.204641829 1.430821395 -2.670272255
v -0.221772214 1.429236625 -2.656266748
v -0.233424590 1.432649975 -2.638259667
v -0.133381282 1.261129172 -3.058536044
v -0.140716244 1.267224439 -3.081656246
v -0.054925045 1.352801982 -3.215820115
v -0.116947254 1.287338818 -3.145681423
v -0.059799545 1.349510538 -2.727850452
v -0.000005679 1.422044211 -2.597132383
v -0.144894387 1.361518213 -2.792097939
v -0.135841744 1.420764205 -2.647263207
v 0.000412135 1.606730789 -2.411392678
v -0.038305321 1.500429339 -2.267780650
v -0.002048327 1.384253558 -2.930485690
v -0.153854182 1.407964145 -2.727072369
v -0.145869287 1.279841640 -2.939489231
v -0.176648272 1.382546883 -2.842339918
v -0.171588077 1.377853528 -2.748191785
v -0.164763777 1.334272371 -2.833892151
v -0.183658267 1.319399921 -2.846119182
v -0.140855515 1.269662545 -2.917369422
v -0.169452582 1.304832234 -2.876242138
v -0.133891944 1.247719585 -3.066761500
v -0.122239568 1.264542521 -3.030969648
v -0.123632282 1.270211119 -3.057869115
v -0.116715135 1.277769250 -3.111223429
v -0.094942368 1.303552228 -3.172469735
v -0.026838641 1.345975283 -2.728406227
v -0.038769559 1.348596248 -2.652709794
v -0.084172045 1.386569759 -2.526437917
v -0.148097630 1.390105014 -2.664381050
v -0.140344853 1.392543120 -2.717846519
v 0.000226440 1.578022083 -2.543555760
v 0.001108492 1.501465535 -2.208757440
v -0.072566092 1.314584660 -3.012740258
v -0.134263334 1.406074612 -2.702173689
v -0.169870396 1.270942551 -2.965610614
v -0.167270663 1.356154379 -2.822443205
v -0.143176706 1.364078225 -2.748080630
v -0.174187810 1.389129771 -2.778203586
v -0.172702248 1.425091844 -2.721736937
v -0.145358625 1.224130904 -3.046420168
v -0.204131167 1.393152647 -2.697060567
v -0.141598296 1.370112539 -2.775535870
v -0.165970796 1.276489244 -3.041751666
v -0.117504339 1.234431904 -3.013740651
v -0.142341077 1.387971670 -2.716179196
v -0.148051206 1.389068818 -2.685611621
v -0.157846629 1.269174924 -3.063649165
v -0.166435034 1.331651407 -2.918258660
v -0.141273330 1.269845403 -2.915590944
v -0.133427706 1.257837728 -2.925706033
v -0.131895720 1.262043462 -2.927039891
v -0.149351072 1.354081988 -2.842673382
v -0.190064753 1.337198099 -2.803880350
v -0.176416153 1.357190574 -2.821442811
v -0.138348630 1.392604073 -2.778425896
v -0.167409934 1.375659232 -2.796321822
v 0.420222639 2.056195750 -2.087154066
v 0.162756195 1.923806559 -2.648263601
v 0.195160014 2.184440160 -2.149956540
v -0.551474105 2.122573203 -1.964994919
v -0.105434149 1.362676314 -2.644150873
v -0.156036101 1.457884378 -2.468192792
v 0.001804850 1.357312479 -3.187364481
v 0.001712002 1.326104714 -3.054089851
v -0.163231791 1.440025247 -2.643595098
v -0.095220911 1.370234444 -2.560228983
v -0.140994787 1.408695577 -2.745968688
v -0.118247120 1.239064307 -2.986730030
v -0.202274215 1.349998159 -2.838560654
v -0.173166486 1.238089064 -2.972502213
v -0.185143829 1.331041880 -2.857790438
v -0.158960801 1.259727261 -3.007849446
v -0.157335967 1.267529202 -2.967500246
v -0.168059867 1.244123378 -3.044752846
v -0.187325748 1.291605505 -2.958274396
v -0.118618511 1.239369070 -2.985729636
v -0.169591853 1.270637788 -2.966388697
v -0.206405934 1.435575703 -2.673940364
v -0.132684925 1.250645313 -2.951716261
v -0.156593187 1.242355751 -2.960164027
v -0.206080967 1.391811688 -2.697394032
v -0.197121172 1.410707015 -2.731629716
v -0.206777324 1.410219393 -2.729851239
v -0.169731124 1.271247314 -2.965721769
v -0.190668262 1.298554109 -2.925261414
v -0.212116062 1.410524157 -2.685389311
v -0.221586519 1.428809957 -2.656377903
v -0.138487901 1.291422647 -2.946603139
v -0.131802873 1.262104415 -2.926706426
v -0.069084307 1.498783617 -2.311797959
v -0.031016783 1.375781137 -2.697616341
v -0.108637392 1.330249495 -2.905809320
v -0.058963916 1.543705732 -2.402277983
v 0.152357262 1.943677128 -2.595576216
v -0.144430149 1.344268609 -2.801546098
v -0.133520553 1.280816883 -3.132120535
v -0.062445702 1.464528219 -2.722070402
v -0.166620729 1.403941269 -2.750081417
v -0.176416153 1.357007716 -2.821665121
v -0.149211801 1.210660364 -3.033748519
v -0.149722463 1.260580598 -3.005070575
v -0.195914153 1.418143240 -2.672273042
v -0.178830191 1.277281628 -3.004070182
v -0.161653382 1.332017123 -2.870795552
v -0.242477233 1.425884229 -2.634369248
v -0.184911710 1.414425127 -2.695170935
v -0.206916595 1.332199981 -2.894026909
v -0.142573196 1.371514450 -2.817552393
v -0.184818862 1.242782419 -2.926928736
v -0.171959467 1.391811688 -2.777981277
v -0.151765110 1.360542970 -2.826778243
v -0.143594520 1.411133683 -2.746969082
v -0.180687143 1.375781137 -2.801101479
v -0.147215577 1.384924037 -2.796432977
v -0.177205358 1.349083869 -2.834892545
v -0.146333525 1.384863084 -2.796321822
v -0.187650715 1.312268459 -2.898917721
v -0.183101181 1.321777075 -2.879132163
v -0.181337077 1.296847434 -2.919592518
v -0.152136501 1.332931413 -2.836782177
v -0.171866620 1.283011179 -2.878687544
v -0.163371063 1.319156110 -2.883133737
v -0.163510334 1.294470280 -2.918480970
v -0.176369729 1.357739148 -2.819775489
v -0.175534101 1.330859022 -2.860569308
v -0.186954358 1.312268459 -2.898139638
v -0.162813977 1.316413240 -2.882244498
v -0.177530324 1.349022917 -2.834670235
v -0.159471463 1.353289603 -2.832669448
v -0.149304649 1.354203893 -2.842673382
v -0.181151381 1.374805894 -2.801101479
v -0.148701139 1.353045793 -2.841895298
v -0.617953000 2.001277398 -1.928202673
v -0.597990762 1.976713473 -1.953879437
v -0.558066286 2.080393958 -1.946987838
v -0.601565395 1.957330525 -1.926313041
v -0.563497872 1.937947577 -1.954546365
v -0.604536519 2.047540471 -1.927091125
v -0.615910352 2.023098452 -1.917087191
v -0.565354824 2.085696840 -1.926090731
v -0.561130258 2.104165498 -1.902303600
v -0.656856152 1.991585924 -1.860954007
v -0.622177566 2.003776457 -1.851172382
v -0.594091162 1.950442874 -1.816380923
v -0.625241538 2.015113653 -1.820049033
v -0.561176681 1.977688716 -1.777699046
v -0.545624705 2.016393659 -1.748465328
v -0.532858158 2.049308099 -1.743018742
v -0.578539186 2.098253090 -1.804931977
v -0.000005679 2.187914461 -2.321134964
v -0.142712468 1.370965876 -2.818219322
v 0.119628477 1.967875337 -2.581570709
v -0.000005679 1.995730705 -2.642817015
v -0.000052103 2.411427888 -2.116610094
v -0.000052103 2.426117481 -2.086264828
v 0.088013863 1.969521058 -2.609581723
v 0.095255977 1.973482982 -2.576124122
v 0.106026301 1.987197332 -2.547001559
v 0.127474100 1.978237290 -2.551670062
v 0.143165348 1.980370633 -2.523770202
v 0.115311062 1.997985954 -2.520769022
v 0.157371033 2.020782251 -2.450074556
v 0.098041405 2.008286954 -2.488756433
v 0.142608262 2.000424060 -2.470749352
v 0.116982319 2.013041262 -2.492980316
v 0.165820166 1.999814534 -2.451186104
v 0.074922349 2.021026061 -2.472638984
v 0.108068948 2.035898512 -2.462523896
v 0.133230653 2.019136529 -2.441404480
v 0.101151801 2.069422478 -2.396497932
v 0.139033629 2.074054881 -2.398498719
v 0.140937005 2.050770963 -2.428510521
v 0.111272191 2.056988134 -2.398498719
v 0.126127810 2.063571022 -2.374933897
v 0.130770191 2.061132916 -2.390829036
v 0.187825052 2.039799483 -2.389495179
v 0.157324609 2.027426091 -2.413726929
v 0.122413905 2.103495019 -2.350146372
v 0.176451219 2.097765468 -2.282786551
v 0.198223985 2.082161586 -2.292901639
v 0.121671124 2.091487344 -2.338586271
v 0.130352376 2.176821076 -2.229321082
v 0.152542957 2.121719866 -2.269892592
v 0.159645800 2.167861034 -2.223763341
v 0.200034514 2.122268440 -2.258665955
v 0.136898134 2.215099351 -2.192639991
v 0.117817948 2.247709027 -2.210758227
v -0.000052103 2.391740177 -2.155625436
v 0.164195333 2.278977745 -2.079706693
v 0.123667348 2.245392826 -2.166963228
v 0.172923009 2.253560483 -2.153624649
v 0.186385914 2.273735816 -2.039802113
v 0.149571833 2.262032904 -2.130949066
v 0.068608711 2.399846882 -2.108829256
v 0.115357486 2.364799099 -2.117388178
v 0.118003643 2.366383868 -2.095268368
v 0.077661353 2.332859902 -2.126280563
v -0.000098527 2.439405162 -2.133839091
v 0.106536962 2.256242400 -2.158626616
v 0.107836829 2.305431202 -2.124724396
v 0.100873258 2.271114851 -2.176744852
v 0.079425458 2.336151346 -2.137729510
v 0.098969882 2.186451598 -2.235212288
v -0.000052103 2.314939818 -2.190083430
v 0.066008977 2.267579596 -2.185970702
v -0.000052103 2.311648374 -2.196752720
v 0.092238429 2.164630543 -2.263890231
v 0.062387920 2.274954869 -2.197419649
v 0.058998982 2.204188823 -2.269114508
v 0.085228434 2.093437829 -2.363484950
v 0.100733986 2.177918224 -2.281008074
v 0.088060287 2.088073994 -2.355148339
v -0.000005679 2.165727691 -2.361039544
v 0.090381477 2.044553791 -2.437847525
v 0.055702892 2.165666738 -2.337585877
v 0.049807068 2.064729123 -2.479085964
v 0.076500758 1.970008680 -2.568343285
v 0.066612487 2.024805127 -2.475417855
v 0.076872149 2.044188075 -2.488645278
v 0.088570948 2.003410741 -2.509987004
v 0.085924791 2.052660495 -2.441626789
v 0.045628925 2.053696691 -2.470638198
v 0.086574725 2.086062556 -2.417728503
v 0.052360377 2.111114102 -2.408724962
v 0.074690230 1.982016355 -2.571344465
v 0.067401692 1.985003036 -2.536775316
v -0.000005679 2.046321418 -2.524103666
v 0.036761978 1.986892568 -2.594686977
v 0.047160911 2.024866079 -2.546112321
v 0.078450558 1.945810471 -2.654599426
v 0.045768197 2.102397871 -2.396164468
v -0.000005679 2.142809489 -2.396720242
v 0.039825949 1.994389746 -2.608692485
v 0.070697782 1.950869543 -2.658045225
v 0.207555171 2.100813101 -2.240436564
v 0.234480980 2.100691196 -2.225541818
v 0.199570276 2.145552358 -2.191194979
v 0.188428561 2.206687883 -2.115053926
v 0.248222427 2.206322167 -2.097380310
v 0.253004080 2.244966157 -2.053140691
v 0.237359256 2.242832814 -1.994562101
v 0.242651570 2.284646343 -1.930092305
v 0.310569603 2.356326678 -1.852839705
v 0.300077822 2.338589452 -1.801708487
v 0.287311274 2.300920705 -1.972219982
v 0.304998746 2.319937936 -1.894967382
v 0.183275519 2.241796618 -2.059587671
v 0.253329046 2.180478236 -2.143954180
v 0.314144236 2.368517211 -1.806710454
v 0.315490526 2.341637086 -1.894522762
v 0.458150891 2.236615642 -1.787036051
v 0.223896351 2.311038847 -1.905971709
v 0.465903667 2.270566277 -1.780811381
v 0.479320148 2.263739578 -1.813713208
v 0.128124034 2.307747403 -2.087042912
v 0.153703552 2.334018002 -2.047582950
v 0.114521858 2.420753646 -2.054363394
v 0.107279743 2.385340147 -2.048805653
v 0.106722658 2.402102131 -2.039802113
v 0.254025403 2.126230363 -2.169630943
v 0.348172888 1.973056313 -2.341809760
v 0.186525185 2.011944114 -2.413393465
v 0.164613147 1.975860136 -2.496537271
v 0.186014523 1.982808740 -2.457966548
v 0.166516524 1.950930495 -2.599133170
v 0.191678228 1.993109740 -2.465969695
v 0.141586938 1.926793239 -2.676830390
v 0.146693557 1.941178069 -2.625588017
v 0.193210214 1.970069632 -2.526549072
v 0.195763523 1.962816265 -2.517990151
v 0.172598043 1.980553491 -2.502317321
v 0.150825276 1.958427673 -2.550447359
v 0.194742199 2.020599393 -2.417061574
v 0.208901461 2.008591718 -2.376045445
v 0.088478101 2.417523155 -2.038468255
v 0.045907468 2.420631741 -2.066145805
v 0.487072924 2.238017553 -1.830275276
v 0.333131574 2.312806475 -1.932648866
v 0.202634247 2.352486660 -1.842057687
v 0.178679562 2.379427739 -1.828719109
v 0.240562499 2.143053299 -2.184859154
v 0.070372815 1.975799183 -2.616806787
v 0.071765530 1.960804827 -2.604690911
v -0.000005679 2.091182580 -2.467970482
v 0.076547182 2.005361226 -2.487978350
v 0.074875925 2.063814833 -2.396164468
v -0.000005679 2.132569441 -2.391829430
v 0.081793072 2.119769381 -2.326915015
v -0.000005679 2.249232844 -2.264334851
v 0.094234653 2.190352568 -2.246105460
v 0.108626034 2.227411789 -2.198086577
v 0.114800400 2.316158871 -2.147733444
v -0.000052103 2.381561082 -2.146621895
v 0.154028519 2.300981657 -2.124390931
v 0.170416124 2.249171891 -2.096268762
v 0.199988090 2.166885792 -2.207201273
v 0.139265748 2.126535127 -2.315577223
v 0.152125143 2.095936888 -2.312687197
v 0.155328386 2.044797601 -2.385271295
v 0.101755310 2.068386283 -2.375489671
v -0.315687580 1.433259501 -2.510098159
v -0.287879718 1.422409927 -2.571122155
v 0.106676234 2.038763287 -2.429177449
v 0.136619591 1.988964959 -2.495314568
v -0.187789986 1.312451317 -2.897583863
v -0.161978348 1.332565697 -2.870684397
v -0.165320863 1.318302773 -2.837004486
v -0.603515195 2.039799483 -1.947210147
v -0.628212661 2.012980310 -1.868179070
v -0.538800405 2.118184611 -1.912085224
v -0.634108485 1.965863899 -1.848949286
v -0.607786186 2.033399453 -1.801041558
v -0.590470105 2.059609099 -1.797706914
v -0.000005679 2.196691645 -2.327137324
v 0.105562062 1.934960897 -2.664158740
v 0.114196891 1.950077158 -2.615139464
v 0.212197552 2.025231795 -2.392940978
v 0.205883914 2.029010861 -2.345366715
v 0.057513420 2.391435414 -2.095157214
v 0.246133356 2.332616091 -1.849282750
v 0.323614693 2.305796918 -1.951434031
v 0.311962317 2.282147283 -1.965106073
v 0.283875913 2.359800980 -1.884852293
v -0.181337077 1.296664576 -2.918369815
v 0.213961656 2.033887074 -2.349145979
v 0.228724428 2.043029974 -2.330249659
v 0.090195782 2.353339998 -2.083930577
v 0.117353710 1.218828022 -3.033303899
v 0.113314839 1.224557572 -3.032636971
v -0.001166274 1.187559304 -3.003847872
v 0.000922797 1.263628231 -2.850787684
v 0.195995642 1.296664576 -2.860458153
v 0.172365924 1.335247614 -2.832113674
v 0.182579162 1.321289453 -2.878687544
v 0.184668233 1.282401652 -2.972835677
v 0.133184229 1.231628081 -3.001402466
v 0.128449000 1.181585943 -3.043752453
v 0.133416348 1.223094708 -3.015296819
v 0.097809286 1.213707998 -3.058202579
v 0.083557177 1.220412791 -3.038194712
v 0.083278634 1.220168980 -3.037638937
v 0.035879925 1.167749687 -3.085657820
v 0.114011196 1.224130904 -3.031970042
v 0.068423015 1.216633726 -3.061203759
v 0.088199558 1.268626350 -3.124895472
v 0.114568281 1.200786032 -3.072875016
v -0.191503891 1.340550496 -2.954828596
v -0.204595405 1.331590454 -2.892581897
v -0.324090289 1.506890322 -2.516433984
v -0.215969238 1.452886260 -2.747747165
v -0.286301309 1.434539507 -2.616139858
v -0.203016995 1.376329711 -2.800212241
v -0.201531434 1.401442210 -2.777647812
v -0.198188919 1.339940969 -2.855122722
v -0.177066086 1.278317824 -3.002625169
v -0.184679591 1.282401652 -2.972835677
v -0.186629391 1.290995978 -2.957496312
v -0.185515220 1.282157842 -2.972391058
v -0.166620729 1.312877986 -3.040528963
v -0.106734016 1.390714540 -3.198035344
v -0.137420153 1.305624618 -3.158464227
v -0.103112959 1.376573522 -3.218043211
v -0.210351957 1.362676314 -2.831669055
v -0.244473457 1.455324366 -2.693503613
v 0.170833938 1.376695427 -2.748969868
v 0.171623143 1.377853528 -2.748191785
v 0.141586938 1.370112539 -2.775535870
v 0.176869033 1.363346793 -2.782760934
v 0.183971876 1.415887991 -2.693837077
v 0.171855262 1.283011179 -2.878687544
v 0.143722433 1.341099070 -2.818108167
v 0.220043175 1.408268908 -2.662046799
v 0.278676446 1.396809807 -2.596354300
v 0.187778628 1.312451317 -2.897583863
v 0.181325719 1.296847434 -2.919592518
v 0.152125143 1.332931413 -2.836782177
v 0.161688447 1.332017123 -2.870795552
v 0.206905237 1.332199981 -2.894026909
v 0.166284405 1.392177404 -2.706842191
v 0.142747533 1.387971670 -2.716290351
v 0.146090048 1.358104864 -2.790319462
v 0.190656904 1.298554109 -2.925261414
v 0.187639357 1.312268459 -2.898917721
v 0.187314390 1.291605505 -2.958385550
v 0.206765966 1.410219393 -2.729740084
v 0.169719766 1.271247314 -2.965721769
v 0.165216657 1.396322186 -2.785762114
v 0.148411238 1.413388932 -2.713289171
v 0.169719766 1.270393977 -2.966277543
v 0.205558947 1.395407896 -2.698727889
v 0.157324609 1.267529202 -2.967500246
v 0.184946776 1.242721467 -2.926817581
v 0.148039848 1.389068818 -2.685611621
v 0.142376143 1.387971670 -2.716179196
v 0.228631580 1.406074612 -2.656266748
v 0.204166233 1.393274552 -2.697060567
v 0.218557613 1.709436032 -2.795654893
v -0.194707134 1.660125325 -2.836337557
v 0.217629137 1.708460789 -2.796210667
v -0.231289095 1.689565463 -2.791319855
v -0.399389707 1.558578183 -2.380825103
v -0.365639598 1.437465235 -2.432623249
v -0.326782870 1.439050005 -2.504318108
v -0.412806188 1.577778273 -2.291901246
v -0.415777312 1.533587590 -2.343477083
v -0.428868826 1.598928848 -2.280896919
v -0.356308413 1.574974450 -2.434068262
v -0.403521426 1.558761041 -2.382603580
v -0.429472335 1.598867895 -2.281119228
v -0.399761098 1.618189891 -2.356371042
v -0.160957025 1.198835547 -2.946714294
v -0.107244678 1.167871593 -3.078210447
v -0.205384610 1.382303072 -2.690057813
v -0.338481670 1.479278764 -2.452742271
v -0.337831737 1.478120664 -2.450630330
v -0.014629179 1.105212252 -3.135010560
v -0.000005679 1.104480820 -3.137455966
v -0.215365729 1.448924336 -2.746969082
v -0.337738889 1.533892353 -2.500094225
v -0.198560310 1.668841556 -2.841895298
v -0.230546314 1.683774959 -2.787429436
v -0.234399490 1.695416919 -2.808771162
v -0.233749557 1.685603539 -2.795543738
v -0.069270002 1.134469532 -3.093327503
v -0.164067420 1.276062575 -3.041640511
v -0.230221348 1.416314660 -2.667159920
v -0.153297096 1.279536877 -3.100663721
v -0.162953248 1.320984690 -3.088214381
v -0.278084295 1.412901311 -2.626143792
v 0.214100928 1.706693162 -2.793209487
v -0.212208910 1.668232029 -2.838560654
v 0.214936556 1.708277931 -2.792320248
v 0.216004304 1.709375079 -2.791542165
v 0.211733314 1.703157907 -2.789874842
v 0.216329271 1.705717919 -2.797211060
v 0.211733314 1.706693162 -2.787429436
v -0.232496114 1.680300657 -2.792320248
v -0.234724457 1.693405481 -2.804658433
v -0.231846181 1.699683605 -2.807548459
v -0.231985452 1.697672167 -2.801768408
v -0.217826191 1.664818680 -2.836115248
v -0.214901491 1.656711976 -2.830779816
v -0.226321748 1.669085367 -2.784984030
v -0.228410819 1.676948261 -2.785539804
v -0.209005667 1.653359579 -2.826778243
v -0.204781100 1.663965343 -2.839449892
v -0.206080967 1.668475840 -2.841228369
v -0.204316862 1.646471928 -2.816663154
v -0.214390829 1.653725295 -2.826889398
v -0.215690695 1.660612946 -2.833780996
v -0.216387052 1.667683455 -2.837226796
v -0.211094738 1.664696775 -2.836671022
v -0.209284210 1.656529118 -2.831113281
v -0.210073414 1.660551994 -2.834336771
v -0.209423481 1.650494804 -2.822554360
v -0.214019438 1.651774810 -2.822887824
v -0.234538762 1.690114037 -2.799767621
v -0.229664262 1.668841556 -2.789874842
v -0.231660486 1.694197865 -2.796210667
v -0.203016995 1.648727176 -2.822109740
v -0.210259110 1.648727176 -2.818552786
v -0.202088519 1.652262431 -2.826889398
v -0.213555200 1.650555756 -2.819775489
v -0.203249115 1.659759609 -2.836004093
v -0.202181367 1.656041496 -2.831557900
v -0.230964128 1.674327296 -2.790541771
v -0.176091186 1.363285840 -2.782872089
v -0.182590520 1.321289453 -2.878687544
v -0.255522323 1.432284259 -2.607469782
v -0.308816856 1.446547182 -2.568676749
v -0.319215789 1.453495786 -2.508097372
v -0.196007000 1.296664576 -2.860458153
v -0.186304424 1.330371401 -2.754082990
v -0.206963019 1.408817482 -2.697838651
v -0.207705800 1.383278315 -2.691613981
v -0.155154048 1.257228201 -2.939378076
v -0.175023439 1.284169280 -2.889247252
v -0.165042320 1.262592036 -2.916480183
v -0.185190253 1.305929382 -2.873685577
v -0.141644720 1.233822377 -2.989064281
v -0.208216462 1.408878435 -2.698616735
v -0.153436368 1.236443342 -2.970946045
v -0.133195587 1.231628081 -3.001402466
v -0.241363062 1.425701371 -2.633368855
v -0.186768662 1.350424828 -2.805658827
v -0.284490780 1.423689933 -2.568899059
v -0.130085192 1.254668189 -2.998623595
v -0.140948363 1.233334756 -2.989508900
v -0.287369056 1.383339268 -2.532440278
v 0.128495424 1.560589621 -2.419840445
v 0.151753752 1.480436865 -2.528327549
v 0.143629586 1.414364175 -2.657044832
v 0.130398800 1.529991383 -2.390495572
v 0.103705110 1.525419933 -2.343143618
v 0.139497867 1.381632593 -2.807214994
v 0.112618481 1.554738165 -2.349034824
v -0.087328864 1.232176655 -3.089770548
v -0.114765335 1.200786032 -3.072986170
v 0.043679125 1.372489693 -3.205816181
v -0.084450587 1.271491125 -3.113446525
v -0.088071645 1.268992066 -3.125006626
v -0.099259783 1.212854660 -3.107666474
v 0.131466548 1.529930430 -2.391495965
v 0.132116481 1.472817782 -2.440848706
v -0.000005679 1.385655469 -3.205593871
v -0.100095411 1.246256721 -3.100330256
v -0.077997678 1.185974534 -3.093438657
v 0.168373476 1.416558471 -2.608470175
v -0.114626063 1.209014642 -3.055423709
v -0.077811983 1.187010730 -3.093216348
v -0.035844860 1.168115403 -3.085880130
v -0.067459473 1.219071832 -3.062092998
v -0.098192035 1.213586092 -3.058536044
v 0.000458559 1.149585793 -3.113224215
v -0.001259122 1.263750137 -2.850454220
v -0.131199363 1.218462306 -3.023188811
v -0.135748896 1.253388183 -3.030858493
v -0.117365068 1.218828022 -3.033303899
v -0.118479239 1.234249046 -3.012740258
v 0.159042290 1.385167848 -2.724404653
v 0.184853928 1.416436565 -2.694615161
v 0.062062954 1.464345361 -2.721736937
v 0.117492981 1.234431904 -3.013740651
v -0.068341526 1.216816584 -3.061203759
v -0.064813316 1.194264097 -3.083657033
v -0.097495678 1.213586092 -3.058202579
v -0.068202254 1.216268010 -3.061537224
v -0.083568535 1.220412791 -3.038194712
v -0.097820644 1.213829903 -3.058202579
v 0.172644466 1.425152797 -2.721625782
v 0.143722433 1.411133683 -2.746969082
v 0.126777743 1.385350706 -2.651375936
v 0.146368591 1.428383288 -2.583238031
v 0.144836605 1.406988902 -2.590018475
v 0.162941890 1.410158441 -2.670939184
v 0.083603601 1.220168980 -3.038194712
v -0.083382840 1.220229933 -3.037750092
v -0.113094078 1.224313762 -3.032636971
v -0.113419044 1.223887093 -3.031858887
v -0.113001230 1.260397740 -3.061314914
v -0.126928373 1.246683390 -3.056979876
v -0.113883282 1.201639370 -3.074431183
v -0.112954806 1.231932845 -3.021188024
v -0.097820644 1.213707998 -3.058202579
v -0.066670269 1.206210820 -3.011184090
v -0.132824196 1.223094708 -3.015074509
v -0.121450363 1.235590005 -2.996956273
v -0.113976130 1.209746074 -3.055534864
v -0.000005679 1.159825841 -3.067317275
v -0.146704915 1.189509789 -3.010294852
v 0.113129143 1.231689034 -3.021076869
v 0.118467881 1.234249046 -3.012740258
v 0.151382362 1.435392845 -2.587684224
v 0.146554286 1.405769849 -2.691280516
v 0.152960771 1.441670969 -2.542221902
v 0.142144024 1.402417452 -2.573122942
v 0.154028519 1.408147003 -2.726850059
v 0.162988314 1.409427009 -2.670605720
v 0.140008529 1.409975583 -2.666937611
v 0.149432562 1.391750736 -2.671494958
v 0.125106486 1.394432653 -2.600800492
v 0.146322167 1.428566146 -2.583349186
v 0.144186672 1.387910718 -2.708842978
v 0.138337272 1.398089813 -2.623809540
v 0.137594491 1.430577584 -2.603912827
v 0.148364814 1.388459292 -2.686167395
v 0.158949443 1.385106895 -2.724404653
v 0.148179119 1.422348974 -2.620919515
v 0.139590714 1.410219393 -2.667493385
v 0.151939448 1.400162204 -2.628811507
v 0.167769966 1.417350855 -2.608692485
v 0.188846376 1.455385319 -2.524659440
v 0.126174234 1.415827039 -2.559006280
v 0.188660680 1.441610017 -2.574679110
v 0.137176676 1.422348974 -2.589573856
v 0.137919457 1.399430772 -2.624698779
v 0.149757529 1.408207955 -2.591463488
v 0.150036071 1.446912898 -2.494091865
v 0.133694891 1.406745091 -2.702951773
v 0.135783962 1.406562233 -2.701395605
v 0.146229319 1.406501281 -2.690835897
v 0.122088938 1.264725379 -3.030747339
v 0.133741315 1.261555841 -3.058647199
v 0.157928119 1.260397740 -3.006515588
v 0.145022300 1.226203294 -3.036305080
v 0.116935896 1.287338818 -3.145681423
v -0.000005679 1.355971521 -2.648263601
v -0.000005679 1.380413540 -2.651820555
v 0.035787078 1.387362144 -2.656266748
v 0.145115148 1.262774894 -3.064649559
v 0.157046067 1.267712060 -2.967944865
v 0.058813287 1.543644780 -2.402277983
v 0.168652019 1.435697608 -2.648819375
v 0.064523415 1.531393294 -2.554226623
v 0.174872809 1.401320304 -2.668604933
v 0.002129816 1.384314510 -2.930596845
v 0.035926349 1.556383887 -2.624254160
v 0.147297067 1.280512120 -2.939489231
v -0.000144950 1.553945780 -2.200531983
v 0.147389914 1.498235043 -2.440292932
v 0.134251976 1.406013659 -2.702173689
v 0.107465439 1.523286589 -2.341476296
v 0.153842824 1.407964145 -2.727072369
v 0.126174234 1.505305553 -2.406279556
v 0.146043624 1.279536877 -2.939155766
v 0.137733762 1.261921557 -3.007515981
v 0.127520524 1.385655469 -2.651709400
v 0.038293963 1.500429339 -2.267780650
v 0.127520524 1.385655469 -2.651709400
v 0.145718657 1.407903192 -2.551781217
v 0.169905462 1.270942551 -2.965610614
v -0.000887731 1.531088531 -2.674496139
v 0.196134914 1.408756529 -2.674940758
v 0.135923234 1.420703252 -2.647040898
v 0.163823943 1.430455679 -2.647040898
v 0.153703552 1.403453647 -2.645929350
v 0.204630471 1.416192755 -2.675163067
v 0.148132695 1.390044061 -2.664158740
v 0.148132695 1.390044061 -2.664158740
v 0.140426343 1.392299310 -2.717846519
v -0.004276669 1.439110957 -2.363818415
v 0.144929452 1.361396308 -2.791986784
v 0.050457001 1.405038417 -2.414393858
v 0.153889248 1.295567428 -2.884467595
v -0.000005679 1.422044211 -2.597132383
v 0.139080053 1.288557872 -2.865126656
v 0.094931010 1.374501131 -2.561673996
v 0.157742424 1.269418735 -3.063204546
v 0.153100043 1.223033756 -3.050088277
v 0.133555619 1.280816883 -3.132120535
v 0.134159129 1.279902593 -3.133787857
v 0.134066281 1.261190125 -3.058313734
v 0.133927010 1.247719585 -3.066761500
v 0.116703777 1.277769250 -3.111223429
v -0.001723360 1.357495337 -3.187253326
v 0.069119372 1.498783617 -2.311797959
v 0.028823506 1.524322785 -2.285898886
v -0.001119850 1.501465535 -2.208757440
v -0.000191374 1.578022083 -2.543555760
v 0.030262644 1.552361011 -2.551114288
v 0.029427016 1.552665774 -2.399165648
v -0.000377069 1.606730789 -2.411392678
v -0.000191374 1.500185529 -2.208201666
v 0.100362596 1.346097189 -2.751748739
v -0.001723360 1.326226619 -3.053978696
v 0.154260638 1.279780688 -3.100441411
v 0.122460329 1.264847285 -3.030858493
v -0.000516341 1.423141359 -2.420507373
v 0.151010971 1.305624618 -2.902919295
v 0.116378810 1.270698741 -3.088881310
v 0.140472767 1.267407297 -3.081767401
v 0.163313281 1.294226470 -2.918703279
v 0.151289514 1.305563666 -2.903030450
v 0.133323500 1.261433935 -3.058313734
v 0.094977434 1.304466518 -3.172247425
v 0.072183344 1.314523708 -3.012629103
v 0.050828392 1.401137446 -2.582571102
v 0.039779525 1.347621005 -2.653043258
v 0.094095382 1.304100802 -3.172247425
v 0.027105825 1.342013360 -2.748525249
v 0.059648915 1.323666607 -3.132342845
v 0.123295958 1.265883480 -3.030636184
v 0.116796624 1.277708297 -3.111112274
v 0.094977434 1.304039849 -3.172247425
v 0.120556953 1.327079957 -3.184029836
v 0.116007420 1.270150167 -3.089103619
v 0.119814172 1.326165667 -3.182918288
v 0.054960111 1.352862935 -3.215820115
v 0.106954777 1.239430023 -3.170691258
v 0.137548067 1.305380808 -3.158464227
v 0.140333495 1.267712060 -3.081656246
v -0.000005679 1.357190574 -2.729295465
v 0.013271530 1.323605655 -2.790319462
v 0.059695339 1.346889573 -2.727294678
v 0.146739981 1.280207356 -2.939378076
v 0.122878143 1.231506176 -3.103776056
v 0.121671124 1.270820646 -3.069318061
v 0.117585829 1.288192156 -3.146126042
v 0.088710220 1.243757662 -3.099441018
v 0.087317506 1.232176655 -3.089770548
v 0.084624925 1.271856841 -3.113113061
v 0.064662687 1.194386002 -3.083545878
v 0.097809286 1.213829903 -3.058202579
v 0.078172015 1.188290736 -3.095217135
v 0.000319288 1.147757213 -3.113557680
v 0.067448115 1.218888974 -3.061870688
v 0.065962553 1.207551778 -3.011851019
v 0.112804177 1.201883180 -3.074097719
v 0.135737538 1.253388183 -3.030858493
v 0.093259753 1.230835697 -2.954606286
v 0.166191557 1.199323168 -2.948603926
v 0.068330168 1.216816584 -3.061203759
v 0.116657353 1.261372983 -3.061870688
v 0.097577167 1.213586092 -3.058202579
v 0.098041405 1.213525140 -3.058313734
v 0.116703777 1.209563216 -3.055757173
v 0.131188005 1.218462306 -3.023188811
v 0.146693557 1.250767219 -2.951938571
v 0.181929228 1.305929382 -2.873352113
v 0.128124034 1.244854810 -2.964054446
v 0.184111147 1.330310448 -2.753971835
v 0.179515190 1.256679627 -2.841895298
v 0.165216657 1.262835847 -2.916702493
v 0.141633362 1.233822377 -2.989064281
v 0.412794830 1.577778273 -2.291901246
v 0.399378349 1.558395325 -2.381825496
v 0.428857468 1.598928848 -2.280785764
v 0.206348152 1.381937356 -2.690613588
v 0.206116033 1.381327830 -2.690502433
v 0.327189326 1.432284259 -2.508541991
v 0.338563160 1.476170178 -2.458077703
v 0.103240872 1.376390664 -3.218376676
v 0.198084714 1.412962263 -2.733741658
v 0.216514966 1.449168147 -2.746746772
v 0.244508523 1.455019603 -2.693503613
v 0.404020730 1.558334372 -2.383937437
v 0.205837490 1.406074612 -2.697616341
v 0.014989211 1.105882731 -3.136233263
v 0.396082259 1.617153695 -2.354703720
v 0.338795279 1.474402551 -2.455632297
v 0.428718196 1.598624085 -2.280896919
v 0.173155128 1.238089064 -2.972502213
v 0.178818833 1.277281628 -3.004070182
v 0.197852595 1.339819064 -2.856011961
v 0.185503861 1.282157842 -2.972391058
v 0.177054728 1.278317824 -3.002625169
v 0.176079828 1.363285840 -2.782872089
v 0.234666675 1.414668938 -2.648263601
v 0.319529398 1.431979495 -2.503873489
v 0.204073385 1.377731622 -2.800434550
v 0.186618033 1.290508357 -2.957274002
v 0.106722658 1.390714540 -3.198035344
v 0.137408795 1.305685571 -3.158464227
v 0.274591151 1.412901311 -2.626699566
v 0.249568718 1.397480286 -2.630145365
v 0.106908353 1.167932545 -3.078099292
v -0.000005679 1.104480820 -3.137455966
v 0.338191769 1.533892353 -2.500316535
v 0.190053395 1.337198099 -2.803880350
v 0.202912790 1.349754349 -2.839116428
v 0.192978095 1.393457410 -2.723960034
v 0.175058504 1.284169280 -2.889247252
v 0.155142690 1.257228201 -2.939378076
v 0.145625810 1.234675715 -2.991287377
v 0.153285738 1.279536877 -3.100663721
v 0.166609371 1.312877986 -3.040528963
v 0.204584047 1.331956170 -2.892915361
v 0.191538957 1.340550496 -2.954828596
v 0.302213317 1.434600460 -2.587350759
v 0.210340599 1.362676314 -2.831669055
v 0.162941890 1.320984690 -3.088214381
v 0.215957880 1.452886260 -2.747747165
v 0.185178895 1.331041880 -2.857790438
v 0.198177561 1.339940969 -2.855122722
v 0.201520076 1.401442210 -2.777647812
v 0.164056062 1.276062575 -3.041640511
v 0.178122476 1.349815301 -2.804547279
v 0.168652019 1.275818764 -3.042196285
v 0.151150243 1.210477506 -3.033970828
v 0.158949443 1.259727261 -3.007849446
v 0.167259305 1.356154379 -2.822443205
v 0.176404795 1.357190574 -2.821442811
v 0.165309505 1.318302773 -2.837004486
v 0.141958329 1.369807776 -2.775758180
v 0.069305068 1.134408579 -3.093216348
v 0.079843272 1.184938339 -3.094772515
v 0.121624700 1.235833815 -2.997067428
v 0.130073834 1.254668189 -2.998623595
v 0.210990533 1.704864582 -2.788985604
v 0.214008080 1.705230298 -2.793876416
v -0.172609401 1.378584960 -2.750526036
v -0.127717577 1.245464337 -2.964054446
v -0.181569196 1.256801533 -2.842228763
v 0.108626034 1.330249495 -2.905809320
v 0.205791066 1.422897548 -2.679386951
v 0.140704886 1.267285391 -3.081656246
v 0.105515639 1.362920124 -2.644262027
v 0.156117590 1.457640568 -2.467525863
v 0.358014735 1.572414438 -2.441737944
v 0.415765954 1.533587590 -2.343588238
v 0.176404795 1.357007716 -2.821665121
v 0.150361038 1.260580598 -3.005292885
v 0.202262856 1.349998159 -2.838560654
v 0.203052061 1.376329711 -2.800212241
v -0.214855067 1.651043378 -2.818441631
v -0.218290429 1.709253174 -2.791542165
v -0.214808643 1.671035852 -2.831002126
v -0.213555200 1.655371017 -2.816440844
v -0.215272881 1.657199597 -2.820108954
v -0.213044538 1.657870076 -2.820108954
v -0.216247781 1.660856757 -2.827222862
v -0.211141162 1.648483366 -2.815885070
v -0.216944138 1.652689100 -2.821998585
v -0.219497448 1.662990100 -2.830668661
v -0.213694472 1.659515798 -2.823332443
v -0.214297981 1.661771047 -2.826222469
v -0.217083410 1.655188159 -2.820664728
v -0.215737119 1.658601508 -2.823888217
v -0.216944138 1.682494953 -2.774646632
v -0.219497448 1.709862700 -2.795099119
v -0.210909043 1.650372898 -2.814440058
v -0.190668262 1.647690981 -2.815996225
v -0.224882609 1.681885427 -2.779315134
v -0.227018105 1.688529267 -2.782094005
v -0.193407267 1.651896715 -2.826333623
v -0.194799981 1.648544318 -2.821109347
v -0.228039428 1.694502629 -2.786429043
v -0.196517662 1.646106212 -2.815329296
v -0.193267996 1.655797686 -2.831557900
v -0.228457243 1.699378842 -2.791875629
v -0.186350848 1.662319621 -2.834892545
v -0.218986786 1.687005451 -2.776091645
v -0.222004333 1.698891221 -2.782983243
v -0.214019438 1.686030208 -2.773757393
v -0.214251557 1.690053084 -2.774646632
v -0.220750890 1.692978812 -2.778759360
v -0.220565195 1.670304420 -2.836448712
v -0.211048314 1.671828237 -2.833114068
v -0.221540095 1.665367254 -2.835003699
v -0.213276657 1.670731089 -2.839005273
v -0.218940362 1.657443408 -2.829779423
v -0.215087186 1.664879633 -2.828112101
v -0.216804867 1.706632209 -2.786429043
v -0.220704467 1.671462521 -2.834447925
v -0.212348181 1.673230148 -2.834559080
v -0.215644271 1.668171077 -2.829445958
v -0.217361952 1.664148201 -2.829334804
v -0.218244005 1.654639585 -2.826111314
v -0.217547648 1.657077692 -2.824666301
v -0.186861510 1.650250993 -2.819553179
v -0.223025657 1.708765552 -2.798322609
v -0.190111177 1.665976781 -2.838782963
v -0.222050757 1.675851113 -2.777870122
v -0.228410819 1.702914097 -2.797766835
v -0.227946581 1.705169345 -2.803435730
v -0.184029658 1.657991982 -2.829445958
v -0.222700690 1.703706481 -2.788318675
v -0.214808643 1.695904540 -2.776980883
v -0.213462352 1.672498716 -2.837115641
v -0.218476124 1.668110124 -2.830446352
v -0.219868838 1.660917710 -2.832891758
v -0.218290429 1.659637704 -2.828000946
v -0.221215129 1.667134881 -2.832558293
v -0.217965462 1.672437763 -2.832113674
v -0.215597848 1.701877901 -2.781093611
v -0.223025657 1.706936973 -2.793765261
v -0.184354624 1.653664342 -2.823888217
v -0.193500115 1.668536793 -2.840227976
v 0.107047624 1.239917644 -3.108778023
v -0.196889053 1.664574869 -2.839783357
v 0.216747085 1.706997925 -2.796877596
v 0.213404571 1.707912215 -2.786206733
v 0.202123585 1.652262431 -2.826889398
v 0.229652904 1.668841556 -2.789874842
v 0.231277737 1.689565463 -2.791319855
v 0.202170009 1.656041496 -2.831557900
v 0.196924118 1.664574869 -2.839783357
v 0.234573828 1.690114037 -2.799767621
v 0.231649128 1.694197865 -2.796210667
v 0.224871251 1.681885427 -2.779315134
v 0.222085823 1.675851113 -2.777870122
v 0.186339490 1.662319621 -2.834892545
v 0.190099819 1.665976781 -2.838782963
v 0.218975428 1.687005451 -2.776091645
v 0.216932780 1.682494953 -2.774646632
v 0.223014299 1.708765552 -2.798322609
v 0.209412123 1.650494804 -2.822554360
v 0.203005637 1.648727176 -2.822109740
v 0.215261523 1.652932910 -2.816774309
v 0.214843709 1.651043378 -2.818441631
v 0.214240199 1.690053084 -2.774646632
v 0.214008080 1.686030208 -2.773757393
v 0.213265299 1.670731089 -2.839005273
v 0.225614032 1.704376961 -2.806325756
v 0.188985647 1.667683455 -2.836337557
v 0.223989199 1.702731239 -2.806325756
v 0.193628028 1.669755846 -2.838338344
v 0.182904128 1.659089130 -2.828445565
v 0.184993200 1.664635822 -2.832558293
v 0.183554061 1.654639585 -2.822998979
v 0.210387023 1.699195984 -2.785317495
v 0.212893909 1.680727326 -2.779426289
v 0.186060947 1.652384336 -2.817885857
v 0.213172452 1.680361610 -2.777758967
v 0.214054504 1.680361610 -2.775758180
v 0.211176228 1.684933060 -2.777203193
v 0.212754637 1.685542587 -2.773979703
v 0.213543842 1.650555756 -2.819775489
v 0.210944109 1.650372898 -2.814440058
v 0.211176228 1.648483366 -2.815885070
v 0.217536290 1.657077692 -2.824666301
v 0.219857480 1.660917710 -2.832891758
v 0.213450994 1.672498716 -2.837115641
v 0.220553837 1.670304420 -2.836448712
v 0.197109814 1.651470046 -2.812216961
v 0.220507413 1.674327296 -2.778092431
v 0.227749528 1.697855025 -2.811550032
v 0.236848594 1.690845469 -2.807214994
v 0.209226428 1.700597895 -2.784094792
v 0.209597818 1.694136913 -2.781871695
v 0.209829937 1.689626415 -2.777870122
v 0.213543842 1.655371017 -2.816440844
v 0.213079604 1.657870076 -2.820108954
v 0.215261523 1.657199597 -2.820108954
v 0.218232647 1.654639585 -2.826111314
v 0.214333047 1.661771047 -2.826222469
v 0.218929004 1.657443408 -2.829779423
v 0.221528737 1.665367254 -2.835003699
v 0.199013190 1.670426325 -2.841006060
v 0.234109589 1.692978812 -2.812883890
v 0.230581380 1.686700687 -2.802991111
v 0.236337932 1.682677811 -2.798433764
v 0.231788399 1.682373048 -2.800101086
v 0.209829937 1.702182665 -2.782094005
v 0.208669342 1.695112155 -2.780204373
v 0.199477428 1.671828237 -2.837115641
v 0.234898794 1.694380723 -2.810994258
v 0.234713099 1.685847350 -2.803880350
v 0.228770851 1.678959699 -2.796766441
v 0.223849928 1.667988219 -2.786206733
v 0.221575161 1.669938704 -2.787985210
v 0.211779737 1.703157907 -2.780537837
v 0.203237756 1.659759609 -2.836004093
v 0.228399461 1.676948261 -2.785539804
v 0.204816166 1.663965343 -2.839449892
v 0.226310390 1.669085367 -2.784984030
v 0.230952770 1.674327296 -2.790541771
v 0.206116033 1.668475840 -2.841228369
v 0.204305504 1.646471928 -2.816663154
v 0.210247752 1.648727176 -2.818552786
v 0.233738199 1.685603539 -2.795543738
v 0.232484756 1.680300657 -2.792320248
v 0.230534956 1.683774959 -2.787429436
v 0.231974094 1.697672167 -2.801768408
v 0.198548952 1.668841556 -2.841895298
v 0.234434556 1.695416919 -2.808771162
v 0.193395909 1.651896715 -2.826333623
v 0.234713099 1.693405481 -2.804658433
v 0.193256638 1.655797686 -2.831557900
v 0.231834823 1.699683605 -2.807548459
v 0.194695776 1.660125325 -2.836337557
v 0.227006747 1.688529267 -2.782094005
v 0.196506304 1.646106212 -2.815329296
v 0.194788623 1.648544318 -2.821109347
v 0.228074494 1.694502629 -2.786429043
v 0.228492309 1.699378842 -2.791875629
v 0.193488757 1.668536793 -2.840227976
v 0.227935223 1.705169345 -2.803435730
v 0.228399461 1.702853144 -2.797766835
v 0.184018300 1.657991982 -2.829445958
v 0.223014299 1.706936973 -2.793765261
v 0.190656904 1.647690981 -2.815996225
v 0.184389690 1.653664342 -2.823888217
v 0.222689332 1.703706481 -2.788318675
v 0.186850152 1.650250993 -2.819553179
v 0.221992975 1.698891221 -2.782983243
v 0.220739532 1.692978812 -2.778759360
v 0.214797285 1.695904540 -2.776980883
v 0.214008080 1.651774810 -2.822887824
v 0.208994309 1.653359579 -2.826778243
v 0.214425894 1.653725295 -2.826889398
v 0.209272852 1.656529118 -2.831113281
v 0.219486090 1.709862700 -2.795099119
v 0.216793509 1.706632209 -2.786429043
v 0.218279071 1.709253174 -2.791542165
v 0.215586490 1.701877901 -2.781093611
v 0.194463657 1.670670136 -2.835448319
v 0.189821276 1.668719651 -2.834447925
v 0.193488757 1.669146319 -2.839338737
v 0.190889023 1.669085367 -2.833336377
v 0.189171342 1.666769165 -2.837782570
v 0.194138690 1.670487278 -2.836448712
v 0.223153571 1.701512185 -2.805547672
v 0.183971876 1.661953905 -2.825777849
v 0.227099594 1.705656967 -2.805658827
v 0.218046952 1.674814917 -2.781093611
v 0.217536290 1.675485397 -2.782316315
v 0.219253971 1.674388249 -2.779426289
v 0.185225319 1.663416769 -2.833892151
v 0.182672009 1.660430088 -2.827222862
v 0.186153795 1.665976781 -2.830779816
v 0.183507638 1.655980544 -2.821998585
v 0.187592933 1.666037733 -2.830112887
v 0.184621809 1.657687218 -2.820887037
v 0.185411014 1.662319621 -2.825444385
v 0.187917900 1.655249112 -2.816885464
v 0.186989423 1.654212916 -2.817107773
v 0.185782404 1.658418650 -2.820664728
v 0.186107371 1.651165283 -2.818775096
v 0.190564057 1.648361460 -2.815106987
v 0.215307947 1.680727326 -2.774313167
v 0.191399685 1.651409094 -2.813995438
v 0.191771076 1.652445289 -2.813773129
v 0.190749752 1.649397656 -2.814551213
v 0.211640466 1.690601658 -2.774424322
v 0.219346818 1.704559819 -2.800879170
v 0.221110923 1.707546499 -2.800656860
v 0.211872585 1.685237823 -2.775313561
v 0.210990533 1.684811155 -2.778648205
v 0.219903904 1.705961730 -2.801101479
v 0.222178671 1.708704600 -2.799989931
v 0.209876361 1.689016889 -2.779537444
v 0.217814832 1.664818680 -2.836115248
v 0.211083380 1.664696775 -2.836671022
v 0.216375694 1.667683455 -2.837226796
v 0.215679337 1.660612946 -2.833780996
v 0.214797285 1.671035852 -2.831002126
v 0.220693109 1.671462521 -2.834447925
v 0.212383247 1.673230148 -2.834559080
v 0.217954104 1.672437763 -2.832113674
v 0.196738423 1.647508123 -2.812661581
v 0.197016966 1.649824324 -2.812216961
v 0.196691999 1.646471928 -2.813773129
v 0.199523852 1.671157757 -2.835892938
v 0.210479871 1.690174989 -2.775980490
v 0.209319275 1.696270256 -2.777981277
v 0.211222652 1.696940735 -2.776313954
v 0.204166233 1.650738614 -2.812105806
v 0.212243975 1.668232029 -2.838560654
v 0.214890133 1.656711976 -2.830779816
v 0.196320609 1.663294864 -2.821442811
v -0.000005679 1.688346409 -3.282624162
v 0.397985635 1.618921323 -2.491868768
v 0.214611590 1.691028327 -2.789652533
v 0.193163790 1.669512035 -2.815996225
v 0.412701982 1.724918009 -2.466192005
v 0.210062056 1.660551994 -2.834336771
v 0.217118475 1.655188159 -2.820664728
v 0.417344363 1.685420681 -2.554337777
v 0.200591599 1.686639735 -2.793765261
v 0.192792399 1.674266343 -2.810105020
v 0.216979204 1.652689100 -2.821998585
v 0.194092266 1.680849231 -2.801768408
v 0.193767299 1.666769165 -2.819997799
v 0.215122252 1.664879633 -2.828112101
v 0.213683113 1.659515798 -2.823332443
v 0.215725761 1.658601508 -2.823888217
v 0.209969209 1.689138794 -2.791431010
v 0.215632913 1.668171077 -2.829445958
v 0.216236423 1.660856757 -2.827222862
v 0.219486090 1.662990100 -2.830668661
v 0.217350594 1.664148201 -2.829334804
v 0.211036956 1.671828237 -2.833114068
v 0.221203771 1.667134881 -2.832558293
v 0.218464766 1.668110124 -2.830446352
v 0.218279071 1.659637704 -2.828000946
v 0.226542509 1.696818830 -2.810105020
v 0.229188666 1.691881664 -2.810771949
v 0.230813499 1.691454995 -2.812995045
v 0.199291733 1.671279663 -2.839338737
v 0.227795951 1.666830118 -2.793098332
v 0.205651795 1.671401568 -2.835114854
v 0.206069609 1.672559669 -2.836448712
v 0.204816166 1.646045259 -2.813995438
v 0.231788399 1.700354085 -2.810549639
v 0.235363032 1.688529267 -2.809104626
v 0.230302837 1.689138794 -2.807326149
v 0.230209989 1.699439795 -2.811772342
v 0.232391908 1.685664492 -2.804102659
v 0.236987866 1.687127356 -2.802435337
v 0.230070718 1.683348291 -2.799211847
v 0.232159789 1.687675930 -2.809104626
v 0.230302837 1.677923503 -2.797655680
v 0.232206213 1.677557787 -2.797099906
v 0.234248861 1.677923503 -2.795432583
v 0.233784623 1.682129237 -2.799878776
v 0.225196218 1.667805361 -2.785317495
v 0.226913899 1.674205391 -2.795321429
v 0.224592709 1.669999657 -2.793431797
v 0.228213766 1.672803479 -2.796766441
v 0.222317942 1.668963461 -2.787429436
v 0.232252637 1.672437763 -2.793542951
v 0.203655571 1.652201478 -2.813217355
v 0.204676895 1.647812886 -2.812661581
v 0.225289066 1.668110124 -2.794321035
v 0.206487423 1.670974899 -2.840672595
v 0.229281513 1.667561550 -2.791319855
v 0.209690666 1.652932910 -2.814106593
v 0.230720651 1.671950142 -2.795877203
v 0.211686890 1.656102449 -2.817330083
v 0.206487423 1.672011095 -2.838671809
v 0.208622918 1.653908153 -2.815440451
v 0.033558735 1.732902808 -3.545283003
v -0.002512565 1.826221340 -3.641987697
v 0.009696897 1.824697524 -3.615199385
v -0.000005679 1.799645978 -3.633317621
v -0.000005679 1.603195535 -3.477923182
v 0.027477216 1.659393893 -3.525275135
v 0.016381926 1.718761790 -3.476255860
v 0.014524973 1.778251592 -3.574961340
v -0.000005679 1.709679842 -3.399447879
v 0.591294375 1.909116966 -1.713673869
v 0.598443642 1.929170393 -1.747576090
v 0.653363008 1.920149399 -1.603964061
v 0.628990508 1.898328344 -1.653094492
v 0.697976288 1.960317206 -1.525599913
v 0.009232659 1.837253773 -3.636541111
v 0.029612711 1.708156026 -3.563401239
v 0.028312844 1.605999357 -3.467474629
v 0.034301516 1.682373048 -3.412675302
v 0.638228846 1.827806110 -1.937095059
v 0.662601346 1.853528135 -1.728123996
v 0.649092017 1.795196433 -1.805821216
v 0.196413457 1.667988219 -2.826778243
v 0.210062056 1.690296895 -2.817218928
v 0.201891466 1.663477722 -2.829112494
v 0.226635356 1.689870226 -2.811550032
v 0.015778416 1.696148351 -3.248833097
v 0.015778416 1.696148351 -3.248833097
v 0.582288156 1.644033821 -2.247217008
v 0.019492321 1.696209303 -3.231492945
v 0.568918099 1.652871958 -2.256554013
v 0.075061620 1.623675630 -3.283402246
v 0.593522718 1.951783833 -1.816492078
v 0.559726185 1.977566810 -1.778254820
v 0.061737987 1.755211484 -3.345871255
v 0.548677319 1.897292149 -1.875737598
v 0.099155577 1.659881514 -3.214041638
v 0.043214887 1.704316008 -3.241496878
v 0.059231101 1.683287338 -3.189921042
v 0.638971627 1.759721981 -2.087932150
v 0.652852346 1.734243767 -2.096046452
v 0.646910098 1.772278231 -1.925534957
v 0.607635556 1.725649441 -1.877849539
v 0.226356813 1.693405481 -2.790986391
v 0.220043175 1.692978812 -2.799656467
v 0.226171118 1.679386367 -2.793987571
v 0.191492533 1.675363491 -2.822443205
v 0.198641799 1.665550112 -2.814217748
v 0.197295509 1.664270106 -2.818886251
v 0.068887253 1.783920190 -3.366101432
v 0.071486987 1.704437913 -3.235494518
v 0.039918797 1.695721682 -3.203259620
v 0.700947412 1.904057895 -1.685551700
v 0.696351455 1.949345726 -1.635087411
v 0.669193527 1.739546649 -2.114720462
v 0.732469178 1.746800016 -2.039579803
v 0.635211299 1.948004767 -1.774475556
v 0.221296618 1.690540705 -2.787095972
v 0.225242642 1.691272137 -2.784761721
v 0.214518742 1.660917710 -2.810994258
v 0.191910347 1.684811155 -2.819553179
v 0.218557613 1.690479753 -2.788540984
v 0.200916566 1.667744408 -2.807548459
v 0.065916130 1.762708662 -3.335533857
v 0.224314166 1.672072047 -2.798878383
v 0.213404571 1.668841556 -2.802657647
v 0.194463657 1.695416919 -2.812439271
v 0.212104704 1.694319771 -2.796099512
v 0.216793509 1.692856907 -2.788207520
v 0.210619142 1.678593983 -2.796655286
v 0.205605371 1.672011095 -2.800990324
v 0.103240872 1.682190190 -3.245053833
v 0.004915245 1.824270855 -3.640431530
v 0.001062069 1.836949010 -3.620534817
v -0.000005679 1.794465001 -3.630983370
v 0.007097164 1.838168063 -3.624647545
v 0.000737102 1.857733869 -3.642210007
v 0.006493654 1.799341214 -3.631650299
v 0.034765754 1.665184396 -3.298852766
v -0.000005679 1.812567943 -3.596969995
v 0.010857492 1.809764120 -3.603639284
v 0.019445897 1.802023132 -3.619423268
v 0.027755759 1.766122011 -3.590745325
v 0.045025416 1.672437763 -3.512936950
v -0.000005679 1.755272437 -3.521940491
v 0.040150916 1.697611215 -3.492150999
v 0.015267754 1.749116218 -3.526608993
v -0.000005679 1.783920190 -3.568069741
v 0.053520973 1.625443258 -3.450801406
v -0.000005679 1.654030058 -3.532944818
v 0.055285077 1.657382455 -3.428014667
v -0.000005679 1.726624684 -3.475811240
v 0.014710668 1.696453114 -3.405227929
v 0.617755946 1.930023731 -1.669990025
v 0.625183756 1.947639051 -1.694332930
v 0.591294375 1.909116966 -1.713673869
v 0.617755946 1.930023731 -1.669990025
v 0.647281489 1.944713323 -1.611300279
v 0.647281489 1.944713323 -1.611300279
v 0.601739732 1.794099285 -1.776031724
v 0.647838575 1.884857805 -1.658429923
v 0.674114450 1.887966391 -1.670101180
v 0.562975852 1.883577799 -1.768917815
v 0.569150218 1.839021400 -1.767361648
v 0.679824579 1.909543635 -1.613301066
v 0.605546485 1.872728225 -1.697111801
v 0.625972961 1.854869093 -1.704892638
v 0.100362596 1.641290951 -3.236272602
v 0.052638920 1.632757578 -3.295851586
v 0.066612487 1.655858638 -3.303743578
v 0.016799740 1.682373048 -3.284069175
v 0.558426319 1.744483815 -1.835610707
v 0.673743060 1.921246547 -1.779810988
v 0.690548479 1.867730106 -1.755356927
v 0.626808589 1.746617158 -1.906416328
v 0.215354371 1.692856907 -2.807993078
v 0.219718209 1.678350172 -2.827556327
v 0.205651795 1.682921622 -2.824110527
v 0.223153571 1.686091161 -2.821553966
v 0.097577167 1.754175289 -3.342425456
v 0.201241533 1.674814917 -2.826333623
v 0.211129804 1.670548231 -2.829001339
v 0.027012978 1.698830268 -3.217598592
v 0.194417233 1.657870076 -2.827222862
v 0.196459880 1.660247230 -2.829445958
v 0.194417233 1.661527236 -2.824777456
v 0.228445885 1.691272137 -2.800990324
v 0.014896364 1.689260699 -3.266506713
v 0.562047376 1.865840573 -2.021350413
v 0.553923209 1.878518728 -1.992894779
v 0.563672209 1.894183563 -1.950544792
v 0.426211311 1.711081754 -2.550447359
v 0.613577804 1.747409543 -2.217205207
v 0.421522506 1.736377110 -2.503206560
v 0.555640890 1.757040064 -2.269670282
v 0.411077149 1.679508273 -1.774364401
v -0.000005679 1.700232179 -3.574961340
v -0.000005679 1.744605720 -3.608196632
v 0.556662214 1.668597745 -2.250218188
v 0.260246194 1.937825672 -1.795150353
v -0.000005679 2.065765318 -1.826940631
v 0.074783077 2.057414803 -1.813046279
v -0.000005679 1.692978812 -3.322862207
v 0.070465663 1.778800166 -3.373659960
v 0.097809286 1.727599926 -3.289849225
v 0.065916130 1.762708662 -3.335533857
v 0.079843272 1.775569675 -3.378328463
v 0.076872149 1.786784965 -3.359765608
v 0.092331277 1.744057146 -3.355764034
v 0.080957444 1.804095522 -3.383886204
v 0.087224658 1.777824923 -3.374104579
v 0.102637363 1.674936823 -3.266729023
v 0.549280828 1.687675930 -2.040357887
v 0.044561178 1.676765403 -3.307633997
v 0.588787490 1.710594132 -1.983668928
v 0.669982731 1.962572455 -1.638644365
v 0.669379222 1.820126074 -1.830719895
v 0.654894994 1.894549279 -1.853062014
v 0.579177761 1.909299824 -1.906749793
v 0.193117366 1.663721532 -2.827222862
v 0.220878804 1.693649291 -2.787874056
v 0.221296618 1.693466433 -2.792542558
v 0.221389466 1.687127356 -2.789874842
v 0.016103383 1.806411724 -3.627982190
v 0.017728216 1.809459357 -3.625425629
v 0.014803516 1.817566062 -3.631205679
v 0.051896139 1.730952323 -3.302965494
v 0.034997873 1.689870226 -3.287959593
v 0.532104019 1.714007482 -1.866622902
v 0.580059814 1.762221041 -2.139507987
v 0.601461189 1.795257386 -2.012124563
v 0.567386114 1.800925984 -2.069258140
v 0.563672209 1.726380873 -2.085042125
v 0.568825252 1.768621071 -2.084375196
v 0.596447418 1.842800465 -1.997452126
v 0.486005177 1.691576901 -1.906527483
v 0.465717972 1.829878500 -1.894745072
v 0.525558262 1.666220591 -1.941541251
v 0.562186647 1.686274019 -1.926757660
v 0.514927210 1.880042545 -1.891743892
v 0.604850128 1.739302838 -2.009234537
v 0.539624676 1.670974899 -1.996562888
v 0.535771500 1.776544917 -2.172298659
v 0.568918099 1.834023282 -2.045137544
v 0.493247291 1.839021400 -1.866067128
v 0.465717972 1.829878500 -1.894745072
v 0.457175991 1.739363791 -1.898524336
v 0.668404322 1.782274468 -2.114720462
v 0.685952522 1.940019968 -1.708560747
v 0.702200855 1.920697973 -1.616858020
v 0.653780822 1.782883995 -2.095379523
v 0.652480955 1.959037200 -1.707893819
v 0.676807031 1.759295313 -2.126280563
v 0.638971627 1.759721981 -2.087932150
v 0.628804813 1.868461538 -1.933426950
v 0.225056947 1.693893102 -2.786540198
v 0.220507413 1.681580663 -2.794543345
v 0.225846151 1.687371167 -2.788096365
v 0.208390799 1.663965343 -2.808548852
v 0.019120930 1.750457176 -3.603416974
v 0.093399025 1.703340765 -3.327753019
v 0.076825725 1.698220741 -3.335311547
v 0.033048073 1.701999807 -3.269396738
v 0.217814832 1.675485397 -2.798989538
v 0.204259080 1.662441526 -2.815218141
v 0.202680671 1.658601508 -2.822887824
v 0.220553837 1.665915828 -2.803769195
v 0.200498752 1.661771047 -2.819997799
v 0.198363257 1.657991982 -2.825222075
v 0.197341933 1.661039615 -2.822776669
v 0.209551394 1.659576751 -2.818441631
v 0.203330604 1.696757877 -2.803102266
v 0.191771076 1.665550112 -2.824221682
v 0.193999419 1.664270106 -2.822554360
v 0.190981871 1.669572988 -2.823443598
v 0.216004304 1.693588339 -2.791431010
v 0.215772185 1.683287338 -2.793876416
v 0.033048073 1.701999807 -3.269396738
v 0.104912129 1.718396074 -3.302298565
v 0.217582713 1.687980693 -2.790541771
v 0.051896139 1.730952323 -3.302965494
v 0.079796849 1.731988518 -3.287959593
v 0.063269973 1.731805660 -3.290849619
v 0.065405468 1.746678111 -3.356097498
v 0.089917239 1.659637704 -3.295073502
v 0.051106935 1.722357997 -3.317304466
v 0.094327501 1.695051203 -3.233938351
v 0.079332610 1.739851412 -3.362655633
v 0.083417906 1.673413006 -3.195145318
v 0.056956335 1.711325564 -3.331865748
v 0.090938563 1.627942317 -3.262727449
v 0.358246854 1.553031490 -2.689946659
v 0.206765966 1.407964145 -3.086324749
v 0.193303061 1.364139178 -3.091104406
v 0.182625585 1.377244001 -3.140901766
v 0.328814160 1.544193354 -2.718735757
v 0.283272403 1.524627548 -2.773535084
v 0.252818384 1.497442659 -2.830224042
v 0.183646909 1.319399921 -2.846341491
v 0.207137356 1.408268908 -2.698172115
v 0.364374797 1.439293815 -2.432845559
v 0.151335938 1.237662395 -2.970723735
v 0.276633798 1.396383138 -2.595465061
v 0.287589817 1.383278315 -2.533329516
v 0.192653128 1.357861053 -2.765420782
v 0.192653128 1.419179435 -3.126007020
v 0.324682441 1.507195085 -2.702951773
v 0.228167342 1.467636805 -2.961164421
f -16996 -17033 -17034
f -17033 -16996 -17002
f -17002 -16936 -17033
f -16903 -17033 -16936
f -17033 -16903 -17056
f -17056 -17034 -17033
f -17034 -17056 -17035
f -17030 -17035 -17056
f -17035 -17030 -17036
f -16963 -17002 -16996
f -17002 -16963 -16969
f -16969 -16941 -17002
f -16936 -17002 -16941
f -16941 -16875 -16936
f -16843 -16936 -16875
f -16936 -16843 -16903
f -17008 -16903 -16843
f -16903 -17008 -16870
f -16870 -17056 -16903
f -17056 -16870 -17030
f -17029 -16969 -16963
f -16969 -17029 -16837
f -16837 -16908 -16969
f -16941 -16969 -16908
f -16908 -16880 -16941
f -16875 -16941 -16880
f -16880 -17013 -16875
f -16980 -16875 -17013
f -16875 -16980 -16843
f -16947 -16843 -16980
f -16843 -16947 -17008
f -16995 -16837 -17029
f -16837 -16995 -16869
f -16869 -16974 -16837
f -16908 -16837 -16974
f -16974 -16848 -16908
f -16880 -16908 -16848
f -16848 -17018 -16880
f -17013 -16880 -17018
f -17018 -16952 -17013
f -16919 -17013 -16952
f -17013 -16919 -16980
f -17028 -16869 -16995
f -16869 -17028 -16902
f -16902 -17007 -16869
f -16974 -16869 -17007
f -17007 -16913 -16974
f -16848 -16974 -16913
f -16913 -16985 -16848
f -17018 -16848 -16985
f -16985 -16957 -17018
f -16952 -17018 -16957
f -16994 -16902 -17028
f -16902 -16994 -16935
f -16935 -16842 -16902
f -17007 -16902 -16842
f -16842 -16946 -17007
f -16913 -17007 -16946
f -16946 -16853 -16913
f -16985 -16913 -16853
f -16853 -16924 -16985
f -16957 -16985 -16924
f -17027 -16935 -16994
f -16935 -17027 -16968
f -16968 -16874 -16935
f -16842 -16935 -16874
f -16874 -16979 -16842
f -16946 -16842 -16979
f -16979 -16885 -16946
f -16853 -16946 -16885
f -16885 -16991 -16853
f -16924 -16853 -16991
f -17026 -16968 -17027
f -16968 -17026 -17001
f -17001 -16907 -16968
f -16874 -16968 -16907
f -16907 -17012 -16874
f -16979 -16874 -17012
f -17012 -16918 -16979
f -16885 -16979 -16918
f -16918 -17022 -16885
f -16991 -16885 -17022
f -17025 -17001 -17026
f -17001 -17025 -16836
f -16836 -16940 -17001
f -16907 -17001 -16940
f -16940 -16847 -16907
f -17012 -16907 -16847
f -16847 -16951 -17012
f -16918 -17012 -16951
f -16951 -16858 -16918
f -17022 -16918 -16858
f -17024 -16836 -17025
f -16836 -17024 -16868
f -16868 -16973 -16836
f -16940 -16836 -16973
f -16973 -16879 -16940
f -16847 -16940 -16879
f -16879 -16984 -16847
f -16951 -16847 -16984
f -16984 -16890 -16951
f -16858 -16951 -16890
f -17055 -16868 -17024
f -16868 -17055 -16901
f -16901 -17006 -16868
f -16973 -16868 -17006
f -17006 -16912 -16973
f -16879 -16973 -16912
f -16912 -17017 -16879
f -16984 -16879 -17017
f -17017 -16923 -16984
f -16890 -16984 -16923
f -17054 -16901 -17055
f -16901 -17054 -16934
f -16934 -16841 -16901
f -17006 -16901 -16841
f -16841 -16945 -17006
f -16912 -17006 -16945
f -16945 -16852 -16912
f -17017 -16912 -16852
f -16852 -16956 -17017
f -16923 -17017 -16956
f -17053 -16934 -17054
f -16934 -17053 -16967
f -16967 -16873 -16934
f -16841 -16934 -16873
f -16873 -16978 -16841
f -16945 -16841 -16978
f -16978 -16884 -16945
f -16852 -16945 -16884
f -16884 -16989 -16852
f -16956 -16852 -16989
f -17052 -16967 -17053
f -16967 -17052 -17000
f -17000 -16906 -16967
f -16873 -16967 -16906
f -16906 -17011 -16873
f -16978 -16873 -17011
f -17011 -16917 -16978
f -16884 -16978 -16917
f -16917 -17023 -16884
f -16989 -16884 -17023
f -17051 -17000 -17052
f -17000 -17051 -16835
f -16835 -16939 -17000
f -16906 -17000 -16939
f -16939 -16846 -16906
f -17011 -16906 -16846
f -16846 -16950 -17011
f -16917 -17011 -16950
f -16950 -16857 -16917
f -17023 -16917 -16857
f -17050 -16835 -17051
f -16835 -17050 -16867
f -16867 -16972 -16835
f -16939 -16835 -16972
f -16972 -16878 -16939
f -16846 -16939 -16878
f -16878 -16983 -16846
f -16950 -16846 -16983
f -16983 -16889 -16950
f -16857 -16950 -16889
f -17049 -16867 -17050
f -16867 -17049 -16900
f -16900 -17005 -16867
f -16972 -16867 -17005
f -17005 -16911 -16972
f -16878 -16972 -16911
f -16911 -17016 -16878
f -16983 -16878 -17016
f -17016 -16922 -16983
f -16889 -16983 -16922
f -17048 -16900 -17049
f -16900 -17048 -16933
f -16933 -16840 -16900
f -17005 -16900 -16840
f -16840 -16944 -17005
f -16911 -17005 -16944
f -16944 -16851 -16911
f -17016 -16911 -16851
f -16851 -16955 -17016
f -16922 -17016 -16955
f -17047 -16933 -17048
f -16933 -17047 -16966
f -16966 -16872 -16933
f -16840 -16933 -16872
f -16872 -16977 -16840
f -16944 -16840 -16977
f -16977 -16883 -16944
f -16851 -16944 -16883
f -16883 -16988 -16851
f -16955 -16851 -16988
f -17046 -16966 -17047
f -16966 -17046 -16999
f -16999 -16905 -16966
f -16872 -16966 -16905
f -16905 -17010 -16872
f -16977 -16872 -17010
f -17010 -16916 -16977
f -16883 -16977 -16916
f -16916 -17021 -16883
f -16988 -16883 -17021
f -17045 -16999 -17046
f -16999 -17045 -16899
f -16899 -16938 -16999
f -16905 -16999 -16938
f -16938 -16845 -16905
f -17010 -16905 -16845
f -16845 -16949 -17010
f -16916 -17010 -16949
f -16949 -16856 -16916
f -17021 -16916 -16856
f -17044 -16899 -17045
f -16899 -17044 -16932
f -16932 -16971 -16899
f -16938 -16899 -16971
f -16971 -16877 -16938
f -16845 -16938 -16877
f -16877 -16982 -16845
f -16949 -16845 -16982
f -16982 -16888 -16949
f -16856 -16949 -16888
f -17043 -16932 -17044
f -16932 -17043 -16965
f -16965 -17004 -16932
f -16971 -16932 -17004
f -17004 -16910 -16971
f -16877 -16971 -16910
f -16910 -17015 -16877
f -16982 -16877 -17015
f -17015 -16921 -16982
f -16888 -16982 -16921
f -17042 -16965 -17043
f -16965 -17042 -16998
f -16998 -16839 -16965
f -17004 -16965 -16839
f -16839 -16943 -17004
f -16910 -17004 -16943
f -16943 -16850 -16910
f -17015 -16910 -16850
f -16850 -16954 -17015
f -16921 -17015 -16954
f -17041 -16998 -17042
f -16998 -17041 -17031
f -17031 -16871 -16998
f -16839 -16998 -16871
f -16871 -16976 -16839
f -16943 -16839 -16976
f -16976 -16882 -16943
f -16850 -16943 -16882
f -16882 -16987 -16850
f -16954 -16850 -16987
f -17040 -17031 -17041
f -17031 -17040 -17032
f -17032 -16904 -17031
f -16871 -17031 -16904
f -16904 -17009 -16871
f -16976 -16871 -17009
f -17009 -16915 -16976
f -16882 -16976 -16915
f -16915 -17020 -16882
f -16987 -16882 -17020
f -17039 -17032 -17040
f -17032 -17039 -16931
f -16931 -16937 -17032
f -16904 -17032 -16937
f -16937 -16844 -16904
f -17009 -16904 -16844
f -16844 -16948 -17009
f -16915 -17009 -16948
f -16948 -16855 -16915
f -17020 -16915 -16855
f -17038 -16931 -17039
f -16931 -17038 -16964
f -16964 -16970 -16931
f -16937 -16931 -16970
f -16970 -16876 -16937
f -16844 -16937 -16876
f -16876 -16981 -16844
f -16948 -16844 -16981
f -16981 -16887 -16948
f -16855 -16948 -16887
f -17037 -16964 -17038
f -16964 -17037 -16997
f -16997 -17003 -16964
f -16970 -16964 -17003
f -17003 -16909 -16970
f -16876 -16970 -16909
f -16909 -17014 -16876
f -16981 -16876 -17014
f -17014 -16920 -16981
f -16887 -16981 -16920
f -17036 -16997 -17037
f -16997 -17036 -17030
f -17030 -16838 -16997
f -17003 -16997 -16838
f -16838 -16942 -17003
f -16909 -17003 -16942
f -16942 -16849 -16909
f -17014 -16909 -16849
f -16849 -16953 -17014
f -16920 -17014 -16953
f -16953 -16892 -16920
f -16860 -16920 -16892
f -16920 -16860 -16887
f -16838 -17030 -16870
f -16870 -16975 -16838
f -16942 -16838 -16975
f -16975 -16881 -16942
f -16849 -16942 -16881
f -16881 -16986 -16849
f -16953 -16849 -16986
f -16986 -16925 -16953
f -16892 -16953 -16925
f -16862 -16892 -16925
f -16862 -16860 -16892
f -16862 -16962 -16860
f -16962 -16887 -16860
f -16887 -16962 -16855
f -16975 -16870 -17008
f -17008 -16914 -16975
f -16881 -16975 -16914
f -16914 -17019 -16881
f -16986 -16881 -17019
f -17019 -16959 -16986
f -16925 -16986 -16959
f -16862 -16925 -16959
f -16914 -17008 -16947
f -16947 -16854 -16914
f -17019 -16914 -16854
f -16854 -16990 -17019
f -16959 -17019 -16990
f -16862 -16959 -16990
f -16854 -16947 -16886
f -16886 -16992 -16854
f -16990 -16854 -16992
f -16862 -16990 -16992
f -16980 -16886 -16947
f -16886 -16980 -16919
f -16919 -16993 -16886
f -16992 -16886 -16993
f -16862 -16992 -16993
f -16993 -16919 -16859
f -16862 -16993 -16859
f -16952 -16859 -16919
f -16859 -16952 -16891
f -16862 -16859 -16891
f -16957 -16891 -16952
f -16891 -16957 -16864
f -16862 -16891 -16864
f -16924 -16864 -16957
f -16864 -16924 -16832
f -16862 -16864 -16832
f -16991 -16832 -16924
f -16832 -16991 -16894
f -16862 -16832 -16894
f -17022 -16894 -16991
f -16894 -17022 -16896
f -16862 -16894 -16896
f -16858 -16896 -17022
f -16896 -16858 -16897
f -16862 -16896 -16897
f -16890 -16897 -16858
f -16897 -16890 -16865
f -16862 -16897 -16865
f -16923 -16865 -16890
f -16865 -16923 -16833
f -16862 -16865 -16833
f -16956 -16833 -16923
f -16833 -16956 -16866
f -16862 -16833 -16866
f -16989 -16866 -16956
f -16866 -16989 -16834
f -16862 -16866 -16834
f -17023 -16834 -16989
f -16834 -17023 -16863
f -16862 -16834 -16863
f -16857 -16863 -17023
f -16863 -16857 -16895
f -16862 -16863 -16895
f -16889 -16895 -16857
f -16895 -16889 -16926
f -16862 -16895 -16926
f -16922 -16926 -16889
f -16926 -16922 -16928
f -16862 -16926 -16928
f -16955 -16928 -16922
f -16928 -16955 -16929
f -16862 -16928 -16929
f -16988 -16929 -16955
f -16929 -16988 -16930
f -16862 -16929 -16930
f -17021 -16930 -16988
f -16930 -17021 -16898
f -16862 -16930 -16898
f -16856 -16898 -17021
f -16898 -16856 -16861
f -16862 -16898 -16861
f -16888 -16861 -16856
f -16861 -16888 -16893
f -16862 -16861 -16893
f -16862 -16893 -16927
f -16862 -16927 -16958
f -16862 -16958 -16960
f -16862 -16960 -16961
f -16862 -16961 -16962
f -16961 -16855 -16962
f -16921 -16893 -16888
f -16893 -16921 -16927
f -16954 -16927 -16921
f -16927 -16954 -16958
f -16987 -16958 -16954
f -16958 -16987 -16960
f -17020 -16960 -16987
f -16960 -17020 -16961
f -16855 -16961 -17020
f -17022 -16960 -17050
f -16960 -17022 -16890
f -16890 -17054 -16960
f -17054 -16890 -16857
f -16857 -16992 -17054
f -16992 -16857 -16922
f -16922 -17024 -16992
f -17050 -16990 -17022
f -16985 -17022 -16990
f -17022 -16985 -17017
f -17017 -16890 -17022
f -16890 -17017 -17012
f -17012 -16857 -16890
f -16857 -17012 -16980
f -16980 -16922 -16857
f -16990 -17050 -17049
f -17049 -17051 -16990
f -16953 -16990 -17051
f -16990 -16953 -16985
f -16884 -16985 -16953
f -16985 -16884 -16916
f -16916 -17017 -16985
f -17017 -16916 -16948
f -16948 -17012 -17017
f -17012 -16948 -16943
f -16943 -16980 -17012
f -17051 -17049 -17048
f -17048 -17056 -17051
f -16921 -17051 -17056
f -17051 -16921 -16953
f -16851 -16953 -16921
f -16953 -16851 -16884
f -16974 -16884 -16851
f -16884 -16974 -17006
f -17006 -16916 -16884
f -16916 -17006 -16846
f -16846 -16948 -16916
f -17056 -17048 -17047
f -17047 -17055 -17056
f -16889 -17056 -17055
f -17056 -16889 -16921
f -17011 -16921 -16889
f -16921 -17011 -16851
f -16942 -16851 -17011
f -16851 -16942 -16974
f -16873 -16974 -16942
f -16974 -16873 -16905
f -16905 -17006 -16974
f -17055 -17047 -17046
f -17046 -17023 -17055
f -16856 -17055 -17023
f -17055 -16856 -16889
f -16979 -16889 -16856
f -16889 -16979 -17011
f -16910 -17011 -16979
f -17011 -16910 -16942
f -16840 -16942 -16910
f -16942 -16840 -16873
f -17023 -17046 -17045
f -17045 -16991 -17023
f -17016 -17023 -16991
f -17023 -17016 -16856
f -16947 -16856 -17016
f -16856 -16947 -16979
f -16878 -16979 -16947
f -16979 -16878 -16910
f -17000 -16910 -16878
f -16910 -17000 -16840
f -16991 -17045 -17044
f -17044 -16959 -16991
f -16984 -16991 -16959
f -16991 -16984 -17016
f -16915 -17016 -16984
f -17016 -16915 -16947
f -16845 -16947 -16915
f -16947 -16845 -16878
f -16968 -16878 -16845
f -16878 -16968 -17000
f -16959 -17044 -17043
f -17043 -17052 -16959
f -16952 -16959 -17052
f -16959 -16952 -16984
f -16883 -16984 -16952
f -16984 -16883 -16915
f -17005 -16915 -16883
f -16915 -17005 -16845
f -16936 -16845 -17005
f -16845 -16936 -16968
f -17052 -17043 -17042
f -17042 -17053 -17052
f -16920 -17052 -17053
f -17052 -16920 -16952
f -16850 -16952 -16920
f -16952 -16850 -16883
f -16973 -16883 -16850
f -16883 -16973 -17005
f -16904 -17005 -16973
f -17005 -16904 -16936
f -17053 -17042 -17041
f -17041 -17021 -17053
f -16888 -17053 -17021
f -17053 -16888 -16920
f -17010 -16920 -16888
f -16920 -17010 -16850
f -16941 -16850 -17010
f -16850 -16941 -16973
f -16872 -16973 -16941
f -16973 -16872 -16904
f -17021 -17041 -17040
f -17040 -16989 -17021
f -16855 -17021 -16989
f -17021 -16855 -16888
f -16978 -16888 -16855
f -16888 -16978 -17010
f -16909 -17010 -16978
f -17010 -16909 -16941
f -16839 -16941 -16909
f -16941 -16839 -16872
f -16989 -17040 -17039
f -17039 -16957 -16989
f -17015 -16989 -16957
f -16989 -17015 -16855
f -16946 -16855 -17015
f -16855 -16946 -16978
f -16877 -16978 -16946
f -16978 -16877 -16909
f -16999 -16909 -16877
f -16909 -16999 -16839
f -16957 -17039 -17038
f -17038 -16925 -16957
f -16983 -16957 -16925
f -16957 -16983 -17015
f -16914 -17015 -16983
f -17015 -16914 -16946
f -16844 -16946 -16914
f -16946 -16844 -16877
f -16967 -16877 -16844
f -16877 -16967 -16999
f -16925 -17038 -17037
f -17037 -17020 -16925
f -16951 -16925 -17020
f -16925 -16951 -16983
f -16882 -16983 -16951
f -16983 -16882 -16914
f -17004 -16914 -16882
f -16914 -17004 -16844
f -16935 -16844 -17004
f -16844 -16935 -16967
f -17020 -17037 -17036
f -17036 -16988 -17020
f -16919 -17020 -16988
f -17020 -16919 -16951
f -16849 -16951 -16919
f -16951 -16849 -16882
f -16972 -16882 -16849
f -16882 -16972 -17004
f -16903 -17004 -16972
f -17004 -16903 -16935
f -16988 -17036 -17035
f -17035 -16956 -16988
f -16887 -16988 -16956
f -16988 -16887 -16919
f -17009 -16919 -16887
f -16919 -17009 -16849
f -16940 -16849 -17009
f -16849 -16940 -16972
f -16871 -16972 -16940
f -16972 -16871 -16903
f -16956 -17035 -17034
f -17034 -16924 -16956
f -16854 -16956 -16924
f -16956 -16854 -16887
f -16977 -16887 -16854
f -16887 -16977 -17009
f -16908 -17009 -16977
f -17009 -16908 -16940
f -16838 -16940 -16908
f -16940 -16838 -16871
f -16924 -17034 -17033
f -17033 -16892 -16924
f -17014 -16924 -16892
f -16924 -17014 -16854
f -16945 -16854 -17014
f -16854 -16945 -16977
f -16876 -16977 -16945
f -16977 -16876 -16908
f -16998 -16908 -16876
f -16908 -16998 -16838
f -16892 -17033 -17032
f -17032 -16859 -16892
f -16982 -16892 -16859
f -16892 -16982 -17014
f -16913 -17014 -16982
f -17014 -16913 -16945
f -16843 -16945 -16913
f -16945 -16843 -16876
f -16966 -16876 -16843
f -16876 -16966 -16998
f -16859 -17032 -17031
f -17031 -17019 -16859
f -16950 -16859 -17019
f -16859 -16950 -16982
f -16881 -16982 -16950
f -16982 -16881 -16913
f -17003 -16913 -16881
f -16913 -17003 -16843
f -16934 -16843 -17003
f -16843 -16934 -16966
f -17019 -17031 -17030
f -17030 -16987 -17019
f -16918 -17019 -16987
f -17019 -16918 -16950
f -16848 -16950 -16918
f -16950 -16848 -16881
f -16971 -16881 -16848
f -16881 -16971 -17003
f -16902 -17003 -16971
f -17003 -16902 -16934
f -16987 -17030 -17029
f -17029 -16955 -16987
f -16886 -16987 -16955
f -16987 -16886 -16918
f -17008 -16918 -16886
f -16918 -17008 -16848
f -16939 -16848 -17008
f -16848 -16939 -16971
f -16870 -16971 -16939
f -16971 -16870 -16902
f -16955 -17029 -17028
f -17028 -16923 -16955
f -16853 -16955 -16923
f -16955 -16853 -16886
f -16976 -16886 -16853
f -16886 -16976 -17008
f -16907 -17008 -16976
f -17008 -16907 -16939
f -16837 -16939 -16907
f -16939 -16837 -16870
f -16923 -17028 -17027
f -17027 -16891 -16923
f -17013 -16923 -16891
f -16923 -17013 -16853
f -16944 -16853 -17013
f -16853 -16944 -16976
f -16875 -16976 -16944
f -16976 -16875 -16907
f -16997 -16907 -16875
f -16907 -16997 -16837
f -16891 -17027 -17026
f -17026 -16858 -16891
f -16981 -16891 -16858
f -16891 -16981 -17013
f -16912 -17013 -16981
f -17013 -16912 -16944
f -16842 -16944 -16912
f -16944 -16842 -16875
f -16965 -16875 -16842
f -16875 -16965 -16997
f -16858 -17026 -16994
f -16994 -17018 -16858
f -16949 -16858 -17018
f -16858 -16949 -16981
f -16880 -16981 -16949
f -16981 -16880 -16912
f -17002 -16912 -16880
f -16912 -17002 -16842
f -16933 -16842 -17002
f -16842 -16933 -16965
f -17018 -16994 -17025
f -17025 -16986 -17018
f -16917 -17018 -16986
f -17018 -16917 -16949
f -16847 -16949 -16917
f -16949 -16847 -16880
f -16970 -16880 -16847
f -16880 -16970 -17002
f -16901 -17002 -16970
f -17002 -16901 -16933
f -16986 -17025 -16993
f -16993 -16954 -16986
f -16885 -16986 -16954
f -16986 -16885 -16917
f -17007 -16917 -16885
f -16917 -17007 -16847
f -16938 -16847 -17007
f -16847 -16938 -16970
f -16869 -16970 -16938
f -16970 -16869 -16901
f -16954 -16993 -17024
f -17024 -16922 -16954
f -16852 -16954 -16922
f -16954 -16852 -16885
f -16975 -16885 -16852
f -16885 -16975 -17007
f -16906 -17007 -16975
f -17007 -16906 -16938
f -16836 -16938 -16906
f -16938 -16836 -16869
f -16894 -16869 -16836
f -16869 -16894 -16863
f -16863 -16901 -16869
f -16922 -16980 -16852
f -16911 -16852 -16980
f -16852 -16911 -16975
f -16841 -16975 -16911
f -16975 -16841 -16906
f -16996 -16906 -16841
f -16906 -16996 -16836
f -16862 -16836 -16996
f -16836 -16862 -16894
f -16864 -16894 -16862
f -16864 -16863 -16894
f -16864 -16895 -16863
f -16901 -16863 -16895
f -16895 -16933 -16901
f -16980 -16943 -16911
f -16874 -16911 -16943
f -16911 -16874 -16841
f -16995 -16841 -16874
f -16841 -16995 -16996
f -16832 -16996 -16995
f -16996 -16832 -16862
f -16864 -16862 -16832
f -16943 -16879 -16874
f -17001 -16874 -16879
f -16874 -17001 -16995
f -16964 -16995 -17001
f -16995 -16964 -16832
f -16864 -16832 -16964
f -16879 -16943 -16948
f -16948 -16846 -16879
f -16969 -16879 -16846
f -16879 -16969 -17001
f -16932 -17001 -16969
f -17001 -16932 -16964
f -16864 -16964 -16932
f -16846 -16937 -16969
f -16900 -16969 -16937
f -16969 -16900 -16932
f -16864 -16932 -16900
f -16937 -16846 -17006
f -17006 -16905 -16937
f -16868 -16937 -16905
f -16937 -16868 -16900
f -16864 -16900 -16868
f -16905 -16835 -16868
f -16864 -16868 -16835
f -16835 -16905 -16873
f -16873 -16961 -16835
f -16864 -16835 -16961
f -16961 -16873 -16840
f -16840 -16962 -16961
f -16864 -16961 -16962
f -16962 -16840 -17000
f -17000 -16963 -16962
f -16864 -16962 -16963
f -16963 -17000 -16968
f -16968 -16931 -16963
f -16864 -16963 -16931
f -16931 -16968 -16936
f -16936 -16899 -16931
f -16864 -16931 -16899
f -16899 -16936 -16904
f -16904 -16867 -16899
f -16864 -16899 -16867
f -16867 -16904 -16872
f -16872 -16834 -16867
f -16864 -16867 -16834
f -16834 -16872 -16839
f -16839 -16958 -16834
f -16864 -16834 -16958
f -16958 -16839 -16999
f -16999 -16928 -16958
f -16864 -16958 -16928
f -16928 -16999 -16967
f -16967 -16929 -16928
f -16864 -16928 -16929
f -16929 -16967 -16935
f -16935 -16930 -16929
f -16864 -16929 -16930
f -16930 -16935 -16903
f -16903 -16898 -16930
f -16864 -16930 -16898
f -16898 -16903 -16871
f -16871 -16866 -16898
f -16864 -16898 -16866
f -16866 -16871 -16838
f -16838 -16833 -16866
f -16864 -16866 -16833
f -16833 -16838 -16998
f -16998 -16927 -16833
f -16864 -16833 -16927
f -16927 -16998 -16966
f -16966 -16926 -16927
f -16864 -16927 -16926
f -16926 -16966 -16934
f -16934 -16896 -16926
f -16864 -16926 -16896
f -16864 -16896 -16897
f -16864 -16897 -16865
f -16864 -16865 -16860
f -16864 -16860 -16893
f -16864 -16893 -16861
f -16864 -16861 -16895
f -16896 -16934 -16902
f -16902 -16897 -16896
f -16897 -16902 -16870
f -16870 -16865 -16897
f -16865 -16870 -16837
f -16837 -16860 -16865
f -16860 -16837 -16997
f -16997 -16893 -16860
f -16893 -16997 -16965
f -16965 -16861 -16893
f -16861 -16965 -16933
f -16933 -16895 -16861
f -16698 -16699 -16705
f -16698 -16701 -16699
f -16701 -16708 -16699
f -16708 -16701 -16709
f -16709 -16718 -16708
f -16718 -16709 -16715
f -16715 -16717 -16718
f -16701 -16698 -16700
f -16700 -16695 -16701
f -16714 -16701 -16695
f -16701 -16714 -16709
f -16712 -16709 -16714
f -16709 -16712 -16715
f -16712 -16717 -16715
f -16724 -16717 -16712
f -16722 -16717 -16724
f -16724 -16713 -16722
f -16695 -16700 -16702
f -16702 -16706 -16695
f -16707 -16695 -16706
f -16695 -16707 -16714
f -16724 -16714 -16707
f -16714 -16724 -16712
f -16706 -16702 -16711
f -16704 -16706 -16711
f -16706 -16704 -16710
f -16710 -16707 -16706
f -16707 -16710 -16713
f -16713 -16724 -16707
f -16412 -16416 -16411
f -16406 -16412 -16411
f -16412 -16406 -16404
f -16413 -16404 -16406
f -16404 -16413 -16409
f -16414 -16409 -16413
f -16409 -16414 -16419
f -16414 -16415 -16419
f -16427 -16406 -16411
f -16406 -16427 -16425
f -16420 -16406 -16425
f -16406 -16420 -16413
f -16428 -16413 -16420
f -16413 -16428 -16414
f -16428 -16421 -16414
f -16415 -16414 -16421
f -16424 -16425 -16427
f -16425 -16424 -16423
f -16418 -16425 -16423
f -16425 -16418 -16420
f -16433 -16420 -16418
f -16420 -16433 -16428
f -16433 -16426 -16428
f -16421 -16428 -16426
f -16423 -16424 -16434
f -16418 -16423 -16434
f -16433 -16418 -16434
f -16431 -16433 -16434
f -16426 -16433 -16431
f -16097 -16090 -16101
f -16090 -16097 -16098
f -16099 -16090 -16098
f -16090 -16099 -16096
f -16099 -16091 -16096
f -16091 -16099 -16102
f -16102 -16094 -16091
f -16094 -16102 -16085
f -16126 -16098 -16097
f -16098 -16126 -16125
f -16100 -16098 -16125
f -16098 -16100 -16099
f -16100 -16102 -16099
f -16102 -16100 -16093
f -16095 -16102 -16093
f -16102 -16095 -16085
f -16126 -16127 -16125
f -16125 -16127 -16100
f -16100 -16127 -16093
f -16093 -16127 -16095
f -15886 -15887 -15891
f -15886 -15881 -15887
f -15881 -15888 -15887
f -15888 -15881 -15897
f -15897 -15899 -15888
f -15899 -15897 -15895
f -15895 -15902 -15899
f -15881 -15886 -15884
f -15884 -15882 -15881
f -15894 -15881 -15882
f -15881 -15894 -15897
f -15896 -15897 -15894
f -15897 -15896 -15895
f -15896 -15902 -15895
f -15898 -15902 -15896
f -15900 -15902 -15898
f -15898 -15893 -15900
f -15882 -15884 -15883
f -15883 -15889 -15882
f -15890 -15882 -15889
f -15882 -15890 -15894
f -15898 -15894 -15890
f -15894 -15898 -15896
f -15889 -15883 -15892
f -15880 -15889 -15892
f -15889 -15880 -15885
f -15885 -15890 -15889
f -15890 -15885 -15893
f -15893 -15898 -15890
f -15443 -15441 -15436
f -15441 -15443 -15435
f -15435 -15438 -15441
f -15438 -15435 -15445
f -15438 -15445 -15446
f -15445 -15440 -15446
f -15440 -15442 -15446
f -15442 -15439 -15446
f -15443 -15426 -15435
f -15440 -15435 -15426
f -15435 -15440 -15445
f -15426 -15443 -15432
f -15427 -15426 -15432
f -15426 -15427 -15431
f -15431 -15440 -15426
f -15440 -15431 -15442
f -15431 -15439 -15442
f -15439 -15431 -15437
f -15431 -15434 -15437
f -15434 -15431 -15427
f -15240 -15237 -15239
f -15238 -15240 -15239
f -15240 -15238 -15235
f -15233 -15235 -15238
f -15235 -15233 -15243
f -15242 -15243 -15233
f -15243 -15242 -15253
f -15242 -15250 -15253
f -15241 -15238 -15239
f -15238 -15241 -15236
f -15245 -15238 -15236
f -15238 -15245 -15233
f -15248 -15233 -15245
f -15233 -15248 -15242
f -15248 -15247 -15242
f -15250 -15242 -15247
f -15244 -15236 -15241
f -15236 -15244 -15251
f -15252 -15236 -15251
f -15236 -15252 -15245
f -15246 -15245 -15252
f -15245 -15246 -15248
f -15246 -15249 -15248
f -15247 -15248 -15249
f -15251 -15244 -15254
f -15252 -15251 -15254
f -15246 -15252 -15254
f -15255 -15246 -15254
f -15249 -15246 -15255
f -17056 -17054 -17052
f -17052 -17054 -17047
f -17042 -17052 -17047
f -17052 -17042 -17046
f -17050 -17052 -17046
f -17052 -17050 -17056
f -17047 -17054 -17055
f -17048 -17047 -17055
f -17047 -17048 -17042
f -17043 -17042 -17048
f -17042 -17043 -17038
f -17039 -17042 -17038
f -17042 -17039 -17046
f -17045 -17046 -17039
f -17046 -17045 -17050
f -17055 -17054 -17053
f -17053 -17048 -17055
f -17048 -17053 -17049
f -17040 -17048 -17049
f -17048 -17040 -17043
f -17041 -17043 -17040
f -17043 -17041 -17037
f -17037 -17038 -17043
f -17038 -17037 -17036
f -17051 -17038 -17036
f -17038 -17051 -17039
f -17044 -17039 -17051
f -17039 -17044 -17045
f -17034 -17031 -17032
f -17028 -17031 -17034
f -17031 -17028 -17025
f -17030 -17031 -17025
f -17031 -17030 -17027
f -17031 -17027 -17032
f -17027 -17035 -17032
f -17035 -17033 -17032
f -17026 -17033 -17035
f -17033 -17026 -17029
f -17024 -17025 -17028
f -17025 -17024 -17019
f -17019 -17030 -17025
f -17030 -17019 -17016
f -17015 -17030 -17016
f -17030 -17015 -17026
f -17026 -17027 -17030
f -17027 -17026 -17035
f -17018 -17019 -17024
f -17019 -17018 -17023
f -17023 -17016 -17019
f -17016 -17023 -17021
f -17017 -17016 -17021
f -17016 -17017 -17015
f -17022 -17015 -17017
f -17015 -17022 -17020
f -17020 -17026 -17015
f -17026 -17020 -17029
f -17006 -17011 -17007
f -17007 -17011 -17010
f -17001 -17007 -17010
f -17007 -17001 -17014
f -17012 -17007 -17014
f -17007 -17012 -17006
f -17010 -17011 -17013
f -17008 -17010 -17013
f -17010 -17008 -17001
f -17000 -17001 -17008
f -17001 -17000 -16996
f -16997 -17001 -16996
f -17001 -16997 -17014
f -17004 -17014 -16997
f -17014 -17004 -17012
f -17013 -17011 -17005
f -17005 -17008 -17013
f -17008 -17005 -17003
f -16999 -17008 -17003
f -17008 -16999 -17000
f -16998 -17000 -16999
f -17000 -16998 -16995
f -16995 -16996 -17000
f -16996 -16995 -16994
f -17009 -16996 -16994
f -16996 -17009 -16997
f -17002 -16997 -17009
f -16997 -17002 -17004
f -16992 -16989 -16990
f -16986 -16989 -16992
f -16989 -16986 -16983
f -16988 -16989 -16983
f -16989 -16988 -16985
f -16989 -16985 -16990
f -16985 -16993 -16990
f -16993 -16991 -16990
f -16984 -16991 -16993
f -16991 -16984 -16987
f -16982 -16983 -16986
f -16983 -16982 -16977
f -16977 -16988 -16983
f -16988 -16977 -16974
f -16973 -16988 -16974
f -16988 -16973 -16984
f -16984 -16985 -16988
f -16985 -16984 -16993
f -16976 -16977 -16982
f -16977 -16976 -16981
f -16981 -16974 -16977
f -16974 -16981 -16979
f -16975 -16974 -16979
f -16974 -16975 -16973
f -16980 -16973 -16975
f -16973 -16980 -16978
f -16978 -16984 -16973
f -16984 -16978 -16987
f -16972 -16970 -16968
f -16968 -16970 -16964
f -16967 -16968 -16964
f -16968 -16967 -16962
f -16965 -16968 -16962
f -16968 -16965 -16972
f -16964 -16970 -16971
f -16963 -16964 -16971
f -16964 -16963 -16967
f -16958 -16967 -16963
f -16967 -16958 -16953
f -16956 -16967 -16953
f -16967 -16956 -16962
f -16960 -16962 -16956
f -16962 -16960 -16965
f -16971 -16970 -16969
f -16969 -16963 -16971
f -16963 -16969 -16966
f -16957 -16963 -16966
f -16963 -16957 -16958
f -16959 -16958 -16957
f -16958 -16959 -16954
f -16954 -16953 -16958
f -16953 -16954 -16952
f -16961 -16953 -16952
f -16953 -16961 -16956
f -16955 -16956 -16961
f -16956 -16955 -16960
f -16947 -16946 -16951
f -16951 -16946 -16944
f -16939 -16951 -16944
f -16951 -16939 -16950
f -16948 -16951 -16950
f -16951 -16948 -16947
f -16944 -16946 -16943
f -16942 -16944 -16943
f -16944 -16942 -16939
f -16937 -16939 -16942
f -16939 -16937 -16932
f -16936 -16939 -16932
f -16939 -16936 -16950
f -16934 -16950 -16936
f -16950 -16934 -16948
f -16943 -16946 -16949
f -16949 -16942 -16943
f -16942 -16949 -16945
f -16941 -16942 -16945
f -16942 -16941 -16937
f -16938 -16937 -16941
f -16937 -16938 -16933
f -16933 -16932 -16937
f -16932 -16933 -16931
f -16940 -16932 -16931
f -16932 -16940 -16936
f -16935 -16936 -16940
f -16936 -16935 -16934
f -16928 -16926 -16929
f -16929 -16926 -16922
f -16922 -16930 -16929
f -16920 -16929 -16930
f -16929 -16920 -16928
f -16922 -16926 -16923
f -16923 -16925 -16922
f -16930 -16922 -16925
f -16925 -16914 -16930
f -16919 -16930 -16914
f -16930 -16919 -16920
f -16923 -16926 -16927
f -16924 -16923 -16927
f -16923 -16924 -16921
f -16925 -16923 -16921
f -16916 -16925 -16921
f -16925 -16916 -16911
f -16914 -16925 -16911
f -16911 -16918 -16914
f -16913 -16914 -16918
f -16914 -16913 -16919
f -16915 -16921 -16924
f -16921 -16915 -16916
f -16917 -16916 -16915
f -16916 -16917 -16912
f -16912 -16911 -16916
f -16911 -16912 -16910
f -16918 -16911 -16910
f -16908 -16906 -16905
f -16905 -16906 -16901
f -16895 -16905 -16901
f -16905 -16895 -16899
f -16902 -16905 -16899
f -16905 -16902 -16908
f -16901 -16906 -16909
f -16900 -16901 -16909
f -16901 -16900 -16895
f -16896 -16895 -16900
f -16895 -16896 -16891
f -16892 -16895 -16891
f -16895 -16892 -16899
f -16897 -16899 -16892
f -16899 -16897 -16902
f -16909 -16906 -16907
f -16907 -16900 -16909
f -16900 -16907 -16903
f -16893 -16900 -16903
f -16900 -16893 -16896
f -16894 -16896 -16893
f -16896 -16894 -16890
f -16890 -16891 -16896
f -16891 -16890 -16889
f -16904 -16891 -16889
f -16891 -16904 -16892
f -16898 -16892 -16904
f -16892 -16898 -16897
f -16887 -16885 -16884
f -16884 -16885 -16880
f -16883 -16884 -16880
f -16884 -16883 -16878
f -16881 -16884 -16878
f -16884 -16881 -16887
f -16880 -16885 -16888
f -16879 -16880 -16888
f -16880 -16879 -16883
f -16874 -16883 -16879
f -16883 -16874 -16869
f -16872 -16883 -16869
f -16883 -16872 -16878
f -16876 -16878 -16872
f -16878 -16876 -16881
f -16888 -16885 -16886
f -16886 -16879 -16888
f -16879 -16886 -16882
f -16873 -16879 -16882
f -16879 -16873 -16874
f -16875 -16874 -16873
f -16874 -16875 -16870
f -16870 -16869 -16874
f -16869 -16870 -16868
f -16877 -16869 -16868
f -16869 -16877 -16872
f -16871 -16872 -16877
f -16872 -16871 -16876
f -16866 -16864 -16863
f -16863 -16864 -16859
f -16862 -16863 -16859
f -16863 -16862 -16857
f -16860 -16863 -16857
f -16863 -16860 -16866
f -16859 -16864 -16867
f -16858 -16859 -16867
f -16859 -16858 -16862
f -16853 -16862 -16858
f -16862 -16853 -16848
f -16851 -16862 -16848
f -16862 -16851 -16857
f -16855 -16857 -16851
f -16857 -16855 -16860
f -16867 -16864 -16865
f -16865 -16858 -16867
f -16858 -16865 -16861
f -16852 -16858 -16861
f -16858 -16852 -16853
f -16854 -16853 -16852
f -16853 -16854 -16849
f -16849 -16848 -16853
f -16848 -16849 -16847
f -16856 -16848 -16847
f -16848 -16856 -16851
f -16850 -16851 -16856
f -16851 -16850 -16855
f -16844 -16846 -16845
f -16845 -16846 -16842
f -16836 -16845 -16842
f -16845 -16836 -16841
f -16843 -16845 -16841
f -16845 -16843 -16844
f -16842 -16846 -16839
f -16835 -16842 -16839
f -16842 -16835 -16836
f -16826 -16836 -16835
f -16836 -16826 -16821
f -16833 -16836 -16821
f -16836 -16833 -16841
f -16837 -16841 -16833
f -16841 -16837 -16843
f -16839 -16846 -16838
f -16838 -16835 -16839
f -16835 -16838 -16834
f -16832 -16835 -16834
f -16835 -16832 -16826
f -16825 -16826 -16832
f -16826 -16825 -16828
f -16828 -16821 -16826
f -16821 -16828 -16830
f -16840 -16821 -16830
f -16821 -16840 -16833
f -16831 -16833 -16840
f -16833 -16831 -16837
f -16827 -16824 -16829
f -16829 -16824 -16818
f -16820 -16829 -16818
f -16829 -16820 -16813
f -16819 -16829 -16813
f -16829 -16819 -16827
f -16818 -16824 -16822
f -16815 -16818 -16822
f -16818 -16815 -16820
f -16802 -16820 -16815
f -16820 -16802 -16808
f -16812 -16820 -16808
f -16820 -16812 -16813
f -16816 -16813 -16812
f -16813 -16816 -16819
f -16822 -16824 -16823
f -16823 -16815 -16822
f -16815 -16823 -16814
f -16811 -16815 -16814
f -16815 -16811 -16802
f -16806 -16802 -16811
f -16802 -16806 -16805
f -16805 -16808 -16802
f -16808 -16805 -16801
f -16817 -16808 -16801
f -16808 -16817 -16812
f -16810 -16812 -16817
f -16812 -16810 -16816
f -16807 -16804 -16798
f -16798 -16804 -16803
f -16803 -16792 -16798
f -16792 -16807 -16798
f -16807 -16792 -16797
f -16792 -16795 -16797
f -16795 -16792 -16791
f -16791 -16789 -16795
f -16789 -16791 -16796
f -16803 -16804 -16800
f -16800 -16794 -16803
f -16792 -16803 -16794
f -16794 -16791 -16792
f -16791 -16794 -16788
f -16788 -16796 -16791
f -16796 -16788 -16784
f -16788 -16786 -16784
f -16786 -16788 -16787
f -16787 -16785 -16786
f -16800 -16804 -16809
f -16793 -16800 -16809
f -16800 -16793 -16799
f -16794 -16800 -16799
f -16799 -16788 -16794
f -16788 -16799 -16787
f -16799 -16790 -16787
f -16785 -16787 -16790
f -16790 -16799 -16793
f -16782 -16779 -16778
f -16778 -16779 -16783
f -16783 -16776 -16778
f -16777 -16778 -16776
f -16778 -16777 -16782
f -16783 -16779 -16780
f -16772 -16783 -16780
f -16783 -16772 -16773
f -16776 -16783 -16773
f -16773 -16770 -16776
f -16774 -16776 -16770
f -16776 -16774 -16777
f -16780 -16779 -16781
f -16781 -16772 -16780
f -16772 -16781 -16771
f -16769 -16772 -16771
f -16772 -16769 -16766
f -16766 -16773 -16772
f -16773 -16766 -16767
f -16770 -16773 -16767
f -16767 -16775 -16770
f -16768 -16770 -16775
f -16770 -16768 -16774
f -16764 -16766 -16769
f -16766 -16764 -16765
f -16765 -16767 -16766
f -16767 -16765 -16763
f -16775 -16767 -16763
f -16761 -16758 -16757
f -16757 -16758 -16762
f -16752 -16757 -16762
f -16757 -16752 -16755
f -16756 -16757 -16755
f -16757 -16756 -16761
f -16762 -16758 -16759
f -16751 -16762 -16759
f -16762 -16751 -16752
f -16720 -16752 -16751
f -16752 -16720 -16716
f -16749 -16752 -16716
f -16752 -16749 -16755
f -16753 -16755 -16749
f -16755 -16753 -16756
f -16759 -16758 -16760
f -16760 -16751 -16759
f -16751 -16760 -16750
f -16748 -16751 -16750
f -16751 -16748 -16720
f -16719 -16720 -16748
f -16720 -16719 -16721
f -16721 -16716 -16720
f -16716 -16721 -16723
f -16754 -16716 -16723
f -16716 -16754 -16749
f -16747 -16749 -16754
f -16749 -16747 -16753
f -16693 -16696 -16703
f -16703 -16696 -16691
f -16691 -16688 -16703
f -16686 -16703 -16688
f -16703 -16686 -16693
f -16691 -16696 -16694
f -16692 -16691 -16694
f -16691 -16692 -16690
f -16688 -16691 -16690
f -16690 -16685 -16688
f -16689 -16688 -16685
f -16688 -16689 -16686
f -16694 -16696 -16697
f -16687 -16694 -16697
f -16694 -16687 -16692
f -16679 -16692 -16687
f -16692 -16679 -16678
f -16678 -16690 -16692
f -16690 -16678 -16674
f -16685 -16690 -16674
f -16674 -16683 -16685
f -16684 -16685 -16683
f -16685 -16684 -16689
f -16681 -16678 -16679
f -16678 -16681 -16682
f -16682 -16674 -16678
f -16674 -16682 -16680
f -16683 -16674 -16680
f -16672 -16676 -16675
f -16670 -16676 -16672
f -16676 -16670 -16665
f -16669 -16676 -16665
f -16676 -16669 -16671
f -16676 -16671 -16675
f -16671 -16677 -16675
f -16677 -16673 -16675
f -16667 -16673 -16677
f -16673 -16667 -16666
f -16668 -16665 -16670
f -16665 -16668 -16663
f -16663 -16669 -16665
f -16669 -16663 -16657
f -16661 -16669 -16657
f -16669 -16661 -16667
f -16667 -16671 -16669
f -16671 -16667 -16677
f -16664 -16663 -16668
f -16663 -16664 -16662
f -16662 -16657 -16663
f -16657 -16662 -16658
f -16660 -16657 -16658
f -16657 -16660 -16661
f -16655 -16661 -16660
f -16661 -16655 -16652
f -16652 -16667 -16661
f -16667 -16652 -16666
f -16651 -16654 -16659
f -16650 -16654 -16651
f -16654 -16650 -16649
f -16645 -16654 -16649
f -16654 -16645 -16656
f -16654 -16656 -16659
f -16656 -16647 -16659
f -16647 -16653 -16659
f -16646 -16653 -16647
f -16653 -16646 -16644
f -16648 -16649 -16650
f -16649 -16648 -16643
f -16643 -16645 -16649
f -16645 -16643 -16616
f -16611 -16645 -16616
f -16645 -16611 -16646
f -16646 -16656 -16645
f -16656 -16646 -16647
f -16642 -16643 -16648
f -16643 -16642 -16641
f -16641 -16616 -16643
f -16616 -16641 -16620
f -16614 -16616 -16620
f -16616 -16614 -16611
f -16617 -16611 -16614
f -16611 -16617 -16619
f -16619 -16646 -16611
f -16646 -16619 -16644
f -16615 -16608 -16618
f -16612 -16608 -16615
f -16608 -16612 -16605
f -16605 -16610 -16608
f -16608 -16610 -16618
f -16610 -16613 -16618
f -16613 -16609 -16618
f -16613 -16607 -16609
f -16607 -16613 -16606
f -16606 -16600 -16607
f -16603 -16605 -16612
f -16605 -16603 -16598
f -16598 -16601 -16605
f -16610 -16605 -16601
f -16601 -16613 -16610
f -16613 -16601 -16606
f -16601 -16592 -16606
f -16600 -16606 -16592
f -16592 -16602 -16600
f -16602 -16592 -16594
f -16593 -16594 -16592
f -16594 -16593 -16599
f -16595 -16598 -16603
f -16598 -16595 -16604
f -16604 -16593 -16598
f -16601 -16598 -16593
f -16592 -16601 -16593
f -16593 -16604 -16599
f -16596 -16589 -16597
f -16588 -16589 -16596
f -16589 -16588 -16587
f -16584 -16589 -16587
f -16589 -16584 -16586
f -16589 -16586 -16597
f -16586 -16590 -16597
f -16590 -16591 -16597
f -16581 -16591 -16590
f -16591 -16581 -16580
f -16585 -16587 -16588
f -16587 -16585 -16578
f -16578 -16584 -16587
f -16584 -16578 -16574
f -16573 -16584 -16574
f -16584 -16573 -16581
f -16581 -16586 -16584
f -16586 -16581 -16590
f -16576 -16578 -16585
f -16578 -16576 -16583
f -16583 -16574 -16578
f -16574 -16583 -16579
f -16575 -16574 -16579
f -16574 -16575 -16573
f -16582 -16573 -16575
f -16573 -16582 -16577
f -16577 -16581 -16573
f -16581 -16577 -16580
f -16556 -16554 -16553
f -16555 -16554 -16556
f -16554 -16555 -16551
f -16545 -16554 -16551
f -16554 -16545 -16552
f -16554 -16552 -16553
f -16552 -16550 -16553
f -16550 -16547 -16553
f -16546 -16547 -16550
f -16547 -16546 -16544
f -16549 -16551 -16555
f -16551 -16549 -16543
f -16543 -16545 -16551
f -16545 -16543 -16532
f -16540 -16545 -16532
f -16545 -16540 -16546
f -16546 -16552 -16545
f -16552 -16546 -16550
f -16541 -16543 -16549
f -16543 -16541 -16548
f -16548 -16532 -16543
f -16532 -16548 -16536
f -16538 -16532 -16536
f -16532 -16538 -16540
f -16535 -16540 -16538
f -16540 -16535 -16542
f -16542 -16546 -16540
f -16546 -16542 -16544
f -16537 -16539 -16533
f -16529 -16539 -16537
f -16539 -16529 -16523
f -16530 -16539 -16523
f -16539 -16530 -16528
f -16539 -16528 -16533
f -16528 -16531 -16533
f -16531 -16534 -16533
f -16524 -16534 -16531
f -16534 -16524 -16525
f -16527 -16523 -16529
f -16523 -16527 -16522
f -16522 -16530 -16523
f -16530 -16522 -16519
f -16515 -16530 -16519
f -16530 -16515 -16524
f -16524 -16528 -16530
f -16528 -16524 -16531
f -16520 -16522 -16527
f -16522 -16520 -16526
f -16526 -16519 -16522
f -16519 -16526 -16518
f -16517 -16519 -16518
f -16519 -16517 -16515
f -16516 -16515 -16517
f -16515 -16516 -16521
f -16521 -16524 -16515
f -16524 -16521 -16525
f -16512 -16509 -16511
f -16507 -16509 -16512
f -16509 -16507 -16508
f -16504 -16509 -16508
f -16509 -16504 -16514
f -16509 -16514 -16511
f -16514 -16510 -16511
f -16510 -16513 -16511
f -16503 -16513 -16510
f -16513 -16503 -16502
f -16506 -16508 -16507
f -16508 -16506 -16501
f -16501 -16504 -16508
f -16504 -16501 -16494
f -16491 -16504 -16494
f -16504 -16491 -16503
f -16503 -16514 -16504
f -16514 -16503 -16510
f -16499 -16501 -16506
f -16501 -16499 -16505
f -16505 -16494 -16501
f -16494 -16505 -16490
f -16497 -16494 -16490
f -16494 -16497 -16491
f -16495 -16491 -16497
f -16491 -16495 -16500
f -16500 -16503 -16491
f -16503 -16500 -16502
f -16498 -16487 -16496
f -16493 -16487 -16498
f -16487 -16493 -16488
f -16483 -16487 -16488
f -16487 -16483 -16484
f -16487 -16484 -16496
f -16484 -16489 -16496
f -16489 -16492 -16496
f -16481 -16492 -16489
f -16492 -16481 -16486
f -16482 -16488 -16493
f -16488 -16482 -16479
f -16479 -16483 -16488
f -16483 -16479 -16475
f -16473 -16483 -16475
f -16483 -16473 -16481
f -16481 -16484 -16483
f -16484 -16481 -16489
f -16478 -16479 -16482
f -16479 -16478 -16485
f -16485 -16475 -16479
f -16475 -16485 -16477
f -16469 -16475 -16477
f -16475 -16469 -16473
f -16472 -16473 -16469
f -16473 -16472 -16480
f -16480 -16481 -16473
f -16481 -16480 -16486
f -16476 -16474 -16470
f -16476 -16460 -16474
f -16460 -16468 -16474
f -16474 -16468 -16470
f -16468 -16465 -16470
f -16465 -16471 -16470
f -16465 -16461 -16471
f -16461 -16465 -16467
f -16467 -16458 -16461
f -16460 -16476 -16466
f -16464 -16460 -16466
f -16460 -16464 -16459
f -16459 -16462 -16460
f -16468 -16460 -16462
f -16462 -16465 -16468
f -16465 -16462 -16467
f -16456 -16467 -16462
f -16467 -16456 -16452
f -16458 -16467 -16452
f -16452 -16453 -16458
f -16453 -16452 -16454
f -16457 -16459 -16464
f -16459 -16457 -16463
f -16463 -16456 -16459
f -16462 -16459 -16456
f -16456 -16463 -16455
f -16454 -16456 -16455
f -16456 -16454 -16452
f -16449 -16447 -16448
f -16451 -16447 -16449
f -16447 -16451 -16445
f -16445 -16443 -16447
f -16447 -16443 -16448
f -16443 -16450 -16448
f -16450 -16446 -16448
f -16439 -16446 -16450
f -16446 -16439 -16444
f -16439 -16438 -16444
f -16441 -16445 -16451
f -16445 -16441 -16437
f -16437 -16440 -16445
f -16443 -16445 -16440
f -16439 -16443 -16440
f -16443 -16439 -16450
f -16436 -16437 -16441
f -16437 -16436 -16442
f -16442 -16639 -16437
f -16440 -16437 -16639
f -16637 -16440 -16639
f -16440 -16637 -16439
f -16438 -16439 -16637
f -16637 -16632 -16438
f -16632 -16637 -16640
f -16639 -16640 -16637
f -16640 -16639 -16633
f -16639 -16442 -16633
f -16638 -16630 -16636
f -16629 -16630 -16638
f -16630 -16629 -16628
f -16624 -16630 -16628
f -16630 -16624 -16635
f -16630 -16635 -16636
f -16635 -16631 -16636
f -16631 -16634 -16636
f -16625 -16634 -16631
f -16634 -16625 -16623
f -16627 -16628 -16629
f -16628 -16627 -16622
f -16622 -16624 -16628
f -16624 -16622 -16417
f -16429 -16624 -16417
f -16624 -16429 -16625
f -16625 -16635 -16624
f -16635 -16625 -16631
f -16435 -16622 -16627
f -16622 -16435 -16626
f -16626 -16417 -16622
f -16417 -16626 -16432
f -16422 -16417 -16432
f -16417 -16422 -16429
f -16430 -16429 -16422
f -16429 -16430 -16621
f -16621 -16625 -16429
f -16625 -16621 -16623
f -16408 -16401 -16410
f -16403 -16401 -16408
f -16401 -16403 -16402
f -16402 -16407 -16401
f -16401 -16407 -16410
f -16407 -16405 -16410
f -16405 -16396 -16410
f -16405 -16397 -16396
f -16397 -16405 -16399
f -16399 -16387 -16397
f -16395 -16402 -16403
f -16402 -16395 -16393
f -16393 -16400 -16402
f -16407 -16402 -16400
f -16399 -16407 -16400
f -16407 -16399 -16405
f -16394 -16393 -16395
f -16393 -16394 -16398
f -16398 -16389 -16393
f -16400 -16393 -16389
f -16375 -16400 -16389
f -16400 -16375 -16399
f -16387 -16399 -16375
f -16375 -16382 -16387
f -16382 -16375 -16388
f -16389 -16388 -16375
f -16388 -16389 -16380
f -16389 -16398 -16380
f -16392 -16381 -16391
f -16384 -16381 -16392
f -16381 -16384 -16386
f -16386 -16390 -16381
f -16381 -16390 -16391
f -16390 -16383 -16391
f -16383 -16377 -16391
f -16383 -16379 -16377
f -16379 -16383 -16378
f -16378 -16364 -16379
f -16374 -16386 -16384
f -16386 -16374 -16369
f -16369 -16385 -16386
f -16390 -16386 -16385
f -16378 -16390 -16385
f -16390 -16378 -16383
f -16370 -16369 -16374
f -16369 -16370 -16372
f -16372 -16373 -16369
f -16385 -16369 -16373
f -16371 -16385 -16373
f -16385 -16371 -16378
f -16364 -16378 -16371
f -16371 -16362 -16364
f -16362 -16371 -16367
f -16373 -16367 -16371
f -16367 -16373 -16376
f -16373 -16372 -16376
f -16359 -16354 -16368
f -16360 -16354 -16359
f -16354 -16360 -16355
f -16355 -16366 -16354
f -16354 -16366 -16368
f -16366 -16365 -16368
f -16365 -16363 -16368
f -16365 -16357 -16363
f -16357 -16365 -16358
f -16358 -16343 -16357
f -16352 -16355 -16360
f -16355 -16352 -16347
f -16353 -16355 -16347
f -16355 -16353 -16361
f -16366 -16355 -16361
f -16358 -16366 -16361
f -16366 -16358 -16365
f -16350 -16347 -16352
f -16347 -16350 -16351
f -16351 -16353 -16347
f -16353 -16351 -16356
f -16346 -16353 -16356
f -16353 -16346 -16349
f -16358 -16353 -16349
f -16353 -16358 -16361
f -16341 -16349 -16346
f -16349 -16341 -16343
f -16343 -16358 -16349
f -16338 -16333 -16348
f -16336 -16333 -16338
f -16333 -16336 -16337
f -16337 -16345 -16333
f -16333 -16345 -16348
f -16345 -16344 -16348
f -16344 -16342 -16348
f -16344 -16330 -16342
f -16330 -16344 -16322
f -16322 -16331 -16330
f -16335 -16337 -16336
f -16337 -16335 -16334
f -16334 -16339 -16337
f -16345 -16337 -16339
f -16322 -16345 -16339
f -16345 -16322 -16344
f -16339 -16334 -16340
f -16332 -16339 -16340
f -16339 -16332 -16322
f -16331 -16322 -16332
f -16329 -16325 -16320
f -16328 -16325 -16329
f -16325 -16328 -16327
f -16327 -16326 -16325
f -16325 -16326 -16320
f -16326 -16317 -16320
f -16317 -16324 -16320
f -16317 -16315 -16324
f -16315 -16317 -16319
f -16319 -16316 -16315
f -16318 -16327 -16328
f -16327 -16318 -16323
f -16323 -16321 -16327
f -16326 -16327 -16321
f -16319 -16326 -16321
f -16326 -16319 -16317
f -16321 -16323 -16312
f -16313 -16321 -16312
f -16321 -16313 -16319
f -16316 -16319 -16313
f -16309 -16310 -16314
f -16306 -16310 -16309
f -16310 -16306 -16307
f -16307 -16311 -16310
f -16310 -16311 -16314
f -16311 -16304 -16314
f -16304 -16301 -16314
f -16305 -16301 -16304
f -16301 -16305 -16303
f -16302 -16307 -16306
f -16307 -16302 -16308
f -16296 -16307 -16308
f -16307 -16296 -16299
f -16311 -16307 -16299
f -16305 -16311 -16299
f -16311 -16305 -16304
f -16298 -16308 -16302
f -16308 -16298 -16300
f -16291 -16308 -16300
f -16308 -16291 -16296
f -16297 -16296 -16291
f -16296 -16297 -16295
f -16295 -16299 -16296
f -16299 -16295 -16305
f -16295 -16303 -16305
f -16303 -16295 -16292
f -16295 -16294 -16292
f -16294 -16295 -16297
f -16288 -16289 -16293
f -16275 -16289 -16288
f -16289 -16275 -16270
f -16270 -16290 -16289
f -16289 -16290 -16293
f -16290 -16284 -16293
f -16284 -16283 -16293
f -16284 -16286 -16283
f -16286 -16284 -16285
f -16285 -16279 -16286
f -16271 -16270 -16275
f -16270 -16271 -16278
f -16278 -16282 -16270
f -16290 -16270 -16282
f -16285 -16290 -16282
f -16290 -16285 -16284
f -16280 -16278 -16271
f -16278 -16280 -16276
f -16276 -16277 -16278
f -16282 -16278 -16277
f -16274 -16282 -16277
f -16282 -16274 -16285
f -16279 -16285 -16274
f -16274 -16273 -16279
f -16273 -16274 -16281
f -16277 -16281 -16274
f -16281 -16277 -16287
f -16277 -16276 -16287
f -16269 -16267 -16272
f -16269 -16257 -16267
f -16257 -16268 -16267
f -16267 -16268 -16272
f -16268 -16265 -16272
f -16265 -16264 -16272
f -16265 -16266 -16264
f -16266 -16265 -16263
f -16263 -16250 -16266
f -16257 -16269 -16259
f -16258 -16257 -16259
f -16257 -16258 -16260
f -16260 -16262 -16257
f -16268 -16257 -16262
f -16262 -16265 -16268
f -16265 -16262 -16263
f -16262 -16253 -16263
f -16250 -16263 -16253
f -16253 -16252 -16250
f -16252 -16253 -16255
f -16254 -16255 -16253
f -16255 -16254 -16261
f -16256 -16260 -16258
f -16260 -16256 -16249
f -16249 -16254 -16260
f -16262 -16260 -16254
f -16253 -16262 -16254
f -16254 -16249 -16261
f -16040 -16251 -16041
f -16041 -16251 -16028
f -16028 -16035 -16041
f -16022 -16041 -16035
f -16041 -16022 -16040
f -16028 -16251 -16027
f -16027 -16037 -16028
f -16035 -16028 -16037
f -16037 -16031 -16035
f -16029 -16035 -16031
f -16035 -16029 -16022
f -16027 -16251 -16034
f -16036 -16027 -16034
f -16027 -16036 -16038
f -16037 -16027 -16038
f -16030 -16037 -16038
f -16037 -16030 -16023
f -16031 -16037 -16023
f -16023 -16039 -16031
f -16024 -16031 -16039
f -16031 -16024 -16029
f -16033 -16038 -16036
f -16038 -16033 -16030
f -16032 -16030 -16033
f -16030 -16032 -16026
f -16026 -16023 -16030
f -16023 -16026 -16025
f -16039 -16023 -16025
f -16247 -16248 -16246
f -16246 -16248 -16241
f -16241 -16238 -16246
f -16238 -16247 -16246
f -16247 -16238 -16236
f -16239 -16236 -16238
f -16236 -16239 -16228
f -16239 -16237 -16228
f -16237 -16239 -16233
f -16241 -16248 -16244
f -16242 -16241 -16244
f -16241 -16242 -16240
f -16238 -16241 -16240
f -16240 -16239 -16238
f -16239 -16240 -16230
f -16230 -16233 -16239
f -16233 -16230 -16231
f -16230 -16232 -16231
f -16244 -16248 -16243
f -16245 -16244 -16243
f -16244 -16245 -16242
f -16235 -16242 -16245
f -16242 -16235 -16229
f -16229 -16240 -16242
f -16240 -16229 -16230
f -16232 -16230 -16229
f -16229 -16234 -16232
f -16234 -16229 -16235
f -16225 -16227 -16226
f -16226 -16227 -16220
f -16223 -16226 -16220
f -16226 -16223 -16212
f -16219 -16226 -16212
f -16226 -16219 -16225
f -16220 -16227 -16224
f -16215 -16220 -16224
f -16220 -16215 -16223
f -16210 -16223 -16215
f -16223 -16210 -16202
f -16218 -16223 -16202
f -16223 -16218 -16212
f -16213 -16212 -16218
f -16212 -16213 -16219
f -16224 -16227 -16221
f -16221 -16215 -16224
f -16215 -16221 -16217
f -16214 -16215 -16217
f -16215 -16214 -16210
f -16211 -16210 -16214
f -16210 -16211 -16200
f -16200 -16202 -16210
f -16202 -16200 -16209
f -16222 -16202 -16209
f -16202 -16222 -16218
f -16216 -16218 -16222
f -16218 -16216 -16213
f -16204 -16205 -16208
f -16208 -16205 -16196
f -16196 -16201 -16208
f -16201 -16204 -16208
f -16204 -16201 -16199
f -16201 -16194 -16199
f -16194 -16201 -16198
f -16198 -16195 -16194
f -16195 -16198 -16192
f -16196 -16205 -16191
f -16191 -16206 -16196
f -16201 -16196 -16206
f -16206 -16198 -16201
f -16198 -16206 -16178
f -16178 -16192 -16198
f -16192 -16178 -16189
f -16178 -16180 -16189
f -16180 -16178 -16188
f -16188 -16190 -16180
f -16191 -16205 -16203
f -16207 -16191 -16203
f -16191 -16207 -16197
f -16206 -16191 -16197
f -16197 -16178 -16206
f -16178 -16197 -16188
f -16197 -16193 -16188
f -16190 -16188 -16193
f -16193 -16197 -16207
f -16186 -16185 -16183
f -16183 -16185 -16170
f -16170 -16181 -16183
f -16179 -16183 -16181
f -16183 -16179 -16186
f -16170 -16185 -16175
f -16184 -16170 -16175
f -16170 -16184 -16176
f -16181 -16170 -16176
f -16176 -16177 -16181
f -16173 -16181 -16177
f -16181 -16173 -16179
f -16175 -16185 -16182
f -16182 -16184 -16175
f -16184 -16182 -16187
f -16172 -16184 -16187
f -16184 -16172 -16167
f -16167 -16176 -16184
f -16176 -16167 -16165
f -16177 -16176 -16165
f -16165 -16171 -16177
f -16174 -16177 -16171
f -16177 -16174 -16173
f -16169 -16167 -16172
f -16167 -16169 -16164
f -16164 -16165 -16167
f -16165 -16164 -16168
f -16171 -16165 -16168
f -16160 -16162 -16158
f -16158 -16162 -16163
f -16156 -16158 -16163
f -16158 -16156 -16149
f -16154 -16158 -16149
f -16158 -16154 -16160
f -16163 -16162 -16161
f -16161 -16156 -16163
f -16156 -16161 -16159
f -16147 -16156 -16159
f -16156 -16147 -16143
f -16143 -16149 -16156
f -16149 -16143 -16153
f -16150 -16149 -16153
f -16149 -16150 -16154
f -16161 -16162 -16166
f -16166 -16159 -16161
f -16159 -16166 -16157
f -16151 -16159 -16157
f -16159 -16151 -16147
f -16148 -16147 -16151
f -16147 -16148 -16144
f -16144 -16143 -16147
f -16143 -16144 -16146
f -16155 -16143 -16146
f -16143 -16155 -16153
f -16152 -16153 -16155
f -16153 -16152 -16150
f -16139 -16141 -16137
f -16137 -16141 -16142
f -16142 -16136 -16137
f -16133 -16137 -16136
f -16137 -16133 -16139
f -16142 -16141 -16140
f -16140 -16129 -16142
f -16136 -16142 -16129
f -16129 -16128 -16136
f -16138 -16136 -16128
f -16136 -16138 -16133
f -16140 -16141 -16145
f -16135 -16140 -16145
f -16140 -16135 -16132
f -16129 -16140 -16132
f -16132 -16130 -16129
f -16128 -16129 -16130
f -16134 -16132 -16135
f -16132 -16134 -16131
f -16130 -16132 -16131
f -16088 -16086 -16089
f -16089 -16086 -16087
f -16087 -16074 -16089
f -16083 -16089 -16074
f -16089 -16083 -16088
f -16087 -16086 -16084
f -16084 -16076 -16087
f -16074 -16087 -16076
f -16076 -16082 -16074
f -16077 -16074 -16082
f -16074 -16077 -16083
f -16084 -16086 -16092
f -16072 -16084 -16092
f -16084 -16072 -16078
f -16076 -16084 -16078
f -16069 -16076 -16078
f -16076 -16069 -16080
f -16082 -16076 -16080
f -16079 -16078 -16072
f -16078 -16079 -16069
f -16073 -16064 -16075
f -16075 -16064 -16071
f -16071 -16070 -16075
f -16067 -16075 -16070
f -16075 -16067 -16073
f -16071 -16064 -16066
f -16066 -16056 -16071
f -16070 -16071 -16056
f -16056 -16068 -16070
f -16065 -16070 -16068
f -16070 -16065 -16067
f -16066 -16064 -16081
f -16063 -16066 -16081
f -16066 -16063 -16062
f -16056 -16066 -16062
f -16059 -16056 -16062
f -16056 -16059 -16058
f -16068 -16056 -16058
f -16061 -16062 -16063
f -16062 -16061 -16059
f -16051 -16053 -16060
f -16060 -16053 -16048
f -16048 -16054 -16060
f -16043 -16060 -16054
f -16060 -16043 -16051
f -16048 -16053 -16055
f -16046 -16048 -16055
f -16048 -16046 -16042
f -16054 -16048 -16042
f -16042 -16052 -16054
f -16050 -16054 -16052
f -16054 -16050 -16043
f -16055 -16053 -16057
f -16049 -16055 -16057
f -16055 -16049 -16046
f -16044 -16046 -16049
f -16046 -16044 -16045
f -16045 -16042 -16046
f -16042 -16045 -16047
f -16052 -16042 -16047
f -16021 -16020 -16019
f -16019 -16020 -15997
f -15997 -15986 -16019
f -15986 -16021 -16019
f -16021 -15986 -15993
f -15986 -15995 -15993
f -15995 -15986 -15989
f -15989 -15991 -15995
f -15991 -15989 -15987
f -15997 -16020 -15994
f -15994 -15998 -15997
f -15986 -15997 -15998
f -15998 -15989 -15986
f -15989 -15998 -15980
f -15980 -15987 -15989
f -15987 -15980 -15984
f -15980 -15978 -15984
f -15978 -15980 -15983
f -15983 -15985 -15978
f -15994 -16020 -15996
f -15992 -15994 -15996
f -15994 -15992 -15990
f -15998 -15994 -15990
f -15983 -15998 -15990
f -15998 -15983 -15980
f -15988 -15990 -15992
f -15990 -15988 -15983
f -15985 -15983 -15988
f -15979 -15981 -15977
f -15977 -15981 -15974
f -15974 -15972 -15977
f -15982 -15977 -15972
f -15977 -15982 -15979
f -15974 -15981 -15976
f -15975 -15974 -15976
f -15974 -15975 -15971
f -15972 -15974 -15971
f -15971 -15962 -15972
f -15967 -15972 -15962
f -15972 -15967 -15982
f -15976 -15981 -15970
f -15973 -15976 -15970
f -15976 -15973 -15975
f -15963 -15975 -15973
f -15975 -15963 -15964
f -15964 -15971 -15975
f -15971 -15964 -15959
f -15962 -15971 -15959
f -15959 -15969 -15962
f -15968 -15962 -15969
f -15962 -15968 -15967
f -15966 -15964 -15963
f -15964 -15966 -15954
f -15954 -15959 -15964
f -15959 -15954 -15961
f -15969 -15959 -15961
f -15965 -15957 -15956
f -15956 -15957 -15960
f -15932 -15956 -15960
f -15956 -15932 -15951
f -15953 -15956 -15951
f -15956 -15953 -15965
f -15960 -15957 -15955
f -15955 -15932 -15960
f -15932 -15955 -15930
f -15930 -15927 -15932
f -15922 -15932 -15927
f -15932 -15922 -15951
f -15933 -15951 -15922
f -15951 -15933 -15953
f -15955 -15957 -15958
f -15952 -15955 -15958
f -15955 -15952 -15930
f -15928 -15930 -15952
f -15930 -15928 -15931
f -15927 -15930 -15931
f -15925 -15927 -15931
f -15927 -15925 -15924
f -15934 -15927 -15924
f -15927 -15934 -15922
f -15929 -15922 -15934
f -15922 -15929 -15933
f -15926 -15931 -15928
f -15931 -15926 -15925
f -15921 -15923 -15919
f -15919 -15923 -15909
f -15906 -15919 -15909
f -15919 -15906 -15918
f -15915 -15919 -15918
f -15919 -15915 -15921
f -15909 -15923 -15911
f -15913 -15909 -15911
f -15909 -15913 -15906
f -15903 -15906 -15913
f -15906 -15903 -15908
f -15917 -15906 -15908
f -15906 -15917 -15918
f -15910 -15918 -15917
f -15918 -15910 -15915
f -15911 -15923 -15920
f -15920 -15913 -15911
f -15913 -15920 -15914
f -15916 -15913 -15914
f -15913 -15916 -15903
f -15907 -15903 -15916
f -15903 -15907 -15905
f -15905 -15908 -15903
f -15908 -15905 -15904
f -15901 -15908 -15904
f -15908 -15901 -15917
f -15912 -15917 -15901
f -15917 -15912 -15910
f -15877 -15879 -15878
f -15878 -15879 -15864
f -15864 -15872 -15878
f -15859 -15878 -15872
f -15878 -15859 -15877
f -15864 -15879 -15866
f -15875 -15864 -15866
f -15864 -15875 -15874
f -15872 -15864 -15874
f -15874 -15861 -15872
f -15876 -15872 -15861
f -15872 -15876 -15859
f -15866 -15879 -15871
f -15873 -15866 -15871
f -15866 -15873 -15875
f -15869 -15875 -15873
f -15875 -15869 -15868
f -15868 -15874 -15875
f -15874 -15868 -15860
f -15861 -15874 -15860
f -15860 -15865 -15861
f -15867 -15861 -15865
f -15861 -15867 -15876
f -15870 -15868 -15869
f -15868 -15870 -15863
f -15863 -15860 -15868
f -15860 -15863 -15862
f -15865 -15860 -15862
f -15856 -15857 -15858
f -15858 -15857 -15852
f -15852 -15851 -15858
f -15855 -15858 -15851
f -15858 -15855 -15856
f -15852 -15857 -15846
f -15843 -15852 -15846
f -15852 -15843 -15838
f -15851 -15852 -15838
f -15838 -15854 -15851
f -15847 -15851 -15854
f -15851 -15847 -15855
f -15846 -15857 -15848
f -15850 -15846 -15848
f -15846 -15850 -15843
f -15844 -15843 -15850
f -15843 -15844 -15841
f -15841 -15838 -15843
f -15838 -15841 -15840
f -15854 -15838 -15840
f -15840 -15849 -15854
f -15853 -15854 -15849
f -15854 -15853 -15847
f -15839 -15841 -15844
f -15841 -15839 -15845
f -15845 -15840 -15841
f -15840 -15845 -15842
f -15849 -15840 -15842
f -15835 -15837 -15836
f -15836 -15837 -15829
f -15834 -15836 -15829
f -15836 -15834 -15817
f -15822 -15836 -15817
f -15836 -15822 -15835
f -15829 -15837 -15831
f -15832 -15829 -15831
f -15829 -15832 -15834
f -15828 -15834 -15832
f -15834 -15828 -15819
f -15825 -15834 -15819
f -15834 -15825 -15817
f -15823 -15817 -15825
f -15817 -15823 -15822
f -15831 -15837 -15830
f -15833 -15831 -15830
f -15831 -15833 -15832
f -15827 -15832 -15833
f -15832 -15827 -15828
f -15826 -15828 -15827
f -15828 -15826 -15820
f -15820 -15819 -15828
f -15819 -15820 -15821
f -15824 -15819 -15821
f -15819 -15824 -15825
f -15818 -15825 -15824
f -15825 -15818 -15823
f -15814 -15815 -15816
f -15816 -15815 -16014
f -16015 -15816 -16014
f -15816 -16015 -16011
f -16013 -15816 -16011
f -15816 -16013 -15814
f -16014 -15815 -16017
f -16018 -16014 -16017
f -16014 -16018 -16015
f -16004 -16015 -16018
f -16015 -16004 -16005
f -16001 -16015 -16005
f -16015 -16001 -16011
f -16007 -16011 -16001
f -16011 -16007 -16013
f -16017 -15815 -16016
f -16016 -16018 -16017
f -16018 -16016 -16009
f -16012 -16018 -16009
f -16018 -16012 -16004
f -16008 -16004 -16012
f -16004 -16008 -16002
f -16002 -16005 -16004
f -16005 -16002 -16003
f -16006 -16005 -16003
f -16005 -16006 -16001
f -16010 -16001 -16006
f -16001 -16010 -16007
f -15813 -16000 -15999
f -15999 -16000 -15803
f -15803 -15812 -15999
f -15809 -15999 -15812
f -15999 -15809 -15813
f -15803 -16000 -15808
f -15799 -15803 -15808
f -15803 -15799 -15810
f -15812 -15803 -15810
f -15810 -15804 -15812
f -15811 -15812 -15804
f -15812 -15811 -15809
f -15808 -16000 -15805
f -15798 -15808 -15805
f -15808 -15798 -15799
f -15807 -15799 -15798
f -15799 -15807 -15802
f -15802 -15810 -15799
f -15810 -15802 -15806
f -15804 -15810 -15806
f -15796 -15801 -15797
f -15797 -15801 -15792
f -15792 -15795 -15797
f -15794 -15797 -15795
f -15797 -15794 -15796
f -15792 -15801 -15800
f -15788 -15792 -15800
f -15792 -15788 -15790
f -15795 -15792 -15790
f -15790 -15787 -15795
f -15783 -15795 -15787
f -15795 -15783 -15794
f -15800 -15801 -15793
f -15782 -15800 -15793
f -15800 -15782 -15788
f -15777 -15788 -15782
f -15788 -15777 -15785
f -15785 -15790 -15788
f -15790 -15785 -15780
f -15787 -15790 -15780
f -15780 -15791 -15787
f -15784 -15787 -15791
f -15787 -15784 -15783
f -15786 -15785 -15777
f -15785 -15786 -15781
f -15781 -15780 -15785
f -15780 -15781 -15789
f -15791 -15780 -15789
f -15776 -15775 -15772
f -15772 -15775 -15771
f -15771 -15773 -15772
f -15774 -15772 -15773
f -15772 -15774 -15776
f -15771 -15775 -15778
f -15768 -15771 -15778
f -15771 -15768 -15770
f -15773 -15771 -15770
f -15770 -15766 -15773
f -15762 -15773 -15766
f -15773 -15762 -15774
f -15778 -15775 -15779
f -15769 -15778 -15779
f -15778 -15769 -15768
f -15756 -15768 -15769
f -15768 -15756 -15765
f -15765 -15770 -15768
f -15770 -15765 -15759
f -15766 -15770 -15759
f -15759 -15767 -15766
f -15763 -15766 -15767
f -15766 -15763 -15762
f -15761 -15765 -15756
f -15765 -15761 -15760
f -15760 -15759 -15765
f -15759 -15760 -15764
f -15767 -15759 -15764
f -15751 -15755 -15754
f -15754 -15755 -15750
f -15750 -15752 -15754
f -15752 -15751 -15754
f -15751 -15752 -15753
f -15752 -15745 -15753
f -15745 -15752 -15749
f -15749 -15748 -15745
f -15748 -15749 -15742
f -15750 -15755 -15757
f -15740 -15750 -15757
f -15750 -15740 -15741
f -15752 -15750 -15741
f -15741 -15749 -15752
f -15749 -15741 -15743
f -15743 -15742 -15749
f -15742 -15743 -15735
f -15743 -15744 -15735
f -15757 -15755 -15758
f -15758 -15740 -15757
f -15740 -15758 -15746
f -15747 -15740 -15746
f -15740 -15747 -15739
f -15739 -15741 -15740
f -15741 -15739 -15743
f -15744 -15743 -15739
f -15739 -15738 -15744
f -15738 -15739 -15747
f -15737 -15734 -15736
f -15736 -15734 -15725
f -15725 -15729 -15736
f -15726 -15736 -15729
f -15736 -15726 -15737
f -15725 -15734 -15724
f -15733 -15725 -15724
f -15725 -15733 -15731
f -15729 -15725 -15731
f -15717 -15729 -15731
f -15729 -15717 -15728
f -15723 -15729 -15728
f -15729 -15723 -15726
f -15724 -15734 -15730
f -15730 -15733 -15724
f -15733 -15730 -15732
f -15727 -15733 -15732
f -15733 -15727 -15721
f -15721 -15731 -15733
f -15731 -15721 -15717
f -15716 -15717 -15721
f -15717 -15716 -15720
f -15722 -15717 -15720
f -15717 -15722 -15728
f -15719 -15728 -15722
f -15728 -15719 -15723
f -15718 -15721 -15727
f -15721 -15718 -15716
f -15708 -15714 -15710
f -15710 -15714 -15709
f -15706 -15710 -15709
f -15710 -15706 -15711
f -15712 -15710 -15711
f -15710 -15712 -15708
f -15709 -15714 -15703
f -15707 -15709 -15703
f -15709 -15707 -15706
f -15699 -15706 -15707
f -15706 -15699 -15687
f -15705 -15706 -15687
f -15706 -15705 -15711
f -15702 -15711 -15705
f -15711 -15702 -15712
f -15703 -15714 -15713
f -15713 -15707 -15703
f -15707 -15713 -15715
f -15715 -15699 -15707
f -15699 -15715 -15704
f -15697 -15699 -15704
f -15699 -15697 -15693
f -15693 -15687 -15699
f -15687 -15693 -15700
f -15701 -15687 -15700
f -15687 -15701 -15705
f -15698 -15705 -15701
f -15705 -15698 -15702
f -15696 -15695 -15688
f -15688 -15695 -15682
f -15682 -15690 -15688
f -15691 -15688 -15690
f -15688 -15691 -15696
f -15682 -15695 -15692
f -15686 -15682 -15692
f -15682 -15686 -15685
f -15690 -15682 -15685
f -15685 -15684 -15690
f -15681 -15690 -15684
f -15690 -15681 -15691
f -15692 -15695 -15689
f -15694 -15692 -15689
f -15692 -15694 -15686
f -15683 -15686 -15694
f -15686 -15683 -15678
f -15678 -15685 -15686
f -15685 -15678 -15672
f -15684 -15685 -15672
f -15672 -15680 -15684
f -15677 -15684 -15680
f -15684 -15677 -15681
f -15676 -15678 -15683
f -15678 -15676 -15674
f -15674 -15672 -15678
f -15672 -15674 -15679
f -15680 -15672 -15679
f -15673 -15671 -15675
f -15675 -15671 -15665
f -15665 -15667 -15675
f -15668 -15675 -15667
f -15675 -15668 -15673
f -15665 -15671 -15669
f -15664 -15665 -15669
f -15665 -15664 -15663
f -15667 -15665 -15663
f -15663 -15662 -15667
f -15659 -15667 -15662
f -15667 -15659 -15668
f -15669 -15671 -15666
f -15670 -15669 -15666
f -15669 -15670 -15664
f -15661 -15664 -15670
f -15664 -15661 -15657
f -15657 -15663 -15664
f -15663 -15657 -15628
f -15662 -15663 -15628
f -15628 -15658 -15662
f -15660 -15662 -15658
f -15662 -15660 -15659
f -15655 -15657 -15661
f -15657 -15655 -15627
f -15627 -15628 -15657
f -15628 -15627 -15656
f -15658 -15628 -15656
f -15624 -15631 -15629
f -15629 -15631 -15630
f -15630 -15626 -15629
f -15626 -15624 -15629
f -15624 -15626 -15623
f -15619 -15623 -15626
f -15623 -15619 -15617
f -15619 -15622 -15617
f -15622 -15619 -15616
f -15630 -15631 -15632
f -15632 -15621 -15630
f -15626 -15630 -15621
f -15621 -15619 -15626
f -15619 -15621 -15610
f -15610 -15616 -15619
f -15616 -15610 -15613
f -15610 -15608 -15613
f -15608 -15610 -15614
f -15614 -15612 -15608
f -15632 -15631 -15625
f -15620 -15632 -15625
f -15632 -15620 -15615
f -15621 -15632 -15615
f -15615 -15610 -15621
f -15610 -15615 -15614
f -15615 -15618 -15614
f -15612 -15614 -15618
f -15618 -15615 -15620
f -15609 -15607 -15611
f -15611 -15607 -15601
f -15601 -15602 -15611
f -15605 -15611 -15602
f -15611 -15605 -15609
f -15601 -15607 -15604
f -15599 -15601 -15604
f -15601 -15599 -15600
f -15602 -15601 -15600
f -15600 -15598 -15602
f -15595 -15602 -15598
f -15602 -15595 -15605
f -15604 -15607 -15603
f -15606 -15604 -15603
f -15604 -15606 -15599
f -15597 -15599 -15606
f -15599 -15597 -15593
f -15593 -15600 -15599
f -15600 -15593 -15582
f -15598 -15600 -15582
f -15582 -15594 -15598
f -15596 -15598 -15594
f -15598 -15596 -15595
f -15591 -15593 -15597
f -15593 -15591 -15587
f -15587 -15582 -15593
f -15582 -15587 -15592
f -15594 -15582 -15592
f -15586 -15583 -15589
f -15589 -15583 -15579
f -15579 -15581 -15589
f -15581 -15586 -15589
f -15586 -15581 -15584
f -15581 -15578 -15584
f -15578 -15581 -15575
f -15575 -15574 -15578
f -15574 -15575 -15573
f -15579 -15583 -15590
f -15585 -15579 -15590
f -15579 -15585 -15580
f -15581 -15579 -15580
f -15580 -15575 -15581
f -15575 -15580 -15564
f -15564 -15573 -15575
f -15573 -15564 -15571
f -15564 -15565 -15571
f -15590 -15583 -15588
f -15576 -15590 -15588
f -15590 -15576 -15585
f -15577 -15585 -15576
f -15585 -15577 -15572
f -15572 -15580 -15585
f -15580 -15572 -15564
f -15565 -15564 -15572
f -15572 -15570 -15565
f -15570 -15572 -15577
f -15382 -15351 -15569
f -15354 -15351 -15382
f -15351 -15354 -15353
f -15353 -15356 -15351
f -15351 -15356 -15569
f -15356 -15357 -15569
f -15357 -15349 -15569
f -15357 -15346 -15349
f -15346 -15357 -15341
f -15341 -15342 -15346
f -15352 -15353 -15354
f -15353 -15352 -15347
f -15347 -15350 -15353
f -15356 -15353 -15350
f -15350 -15357 -15356
f -15357 -15350 -15341
f -15350 -15348 -15341
f -15342 -15341 -15348
f -15348 -15344 -15342
f -15344 -15348 -15343
f -15340 -15343 -15348
f -15343 -15340 -15345
f -15355 -15347 -15352
f -15347 -15355 -15358
f -15358 -15340 -15347
f -15350 -15347 -15340
f -15348 -15350 -15340
f -15340 -15358 -15345
f -15562 -15561 -15567
f -15562 -15560 -15561
f -15560 -15563 -15561
f -15561 -15563 -15567
f -15563 -15568 -15567
f -15568 -15566 -15567
f -15568 -15558 -15566
f -15558 -15568 -15552
f -15552 -15549 -15558
f -15560 -15562 -15557
f -15557 -15555 -15560
f -15555 -15553 -15560
f -15563 -15560 -15553
f -15552 -15563 -15553
f -15563 -15552 -15568
f -15555 -15557 -15554
f -15556 -15555 -15554
f -15555 -15556 -15559
f -15559 -15547 -15555
f -15553 -15555 -15547
f -15543 -15553 -15547
f -15553 -15543 -15552
f -15549 -15552 -15543
f -15543 -15551 -15549
f -15551 -15543 -15544
f -15547 -15544 -15543
f -15544 -15547 -15550
f -15547 -15559 -15550
f -15540 -15541 -15545
f -15539 -15541 -15540
f -15541 -15539 -15536
f -15532 -15541 -15536
f -15541 -15532 -15542
f -15541 -15542 -15545
f -15542 -15548 -15545
f -15548 -15546 -15545
f -15531 -15546 -15548
f -15546 -15531 -15537
f -15533 -15536 -15539
f -15536 -15533 -15534
f -15534 -15532 -15536
f -15532 -15534 -15523
f -15529 -15532 -15523
f -15532 -15529 -15531
f -15531 -15542 -15532
f -15542 -15531 -15548
f -15535 -15534 -15533
f -15534 -15535 -15538
f -15538 -15523 -15534
f -15523 -15538 -15522
f -15526 -15523 -15522
f -15523 -15526 -15529
f -15530 -15529 -15526
f -15529 -15530 -15528
f -15528 -15531 -15529
f -15531 -15528 -15537
f -15520 -15519 -15524
f -15520 -15515 -15519
f -15515 -15527 -15519
f -15519 -15527 -15524
f -15527 -15521 -15524
f -15521 -15525 -15524
f -15521 -15516 -15525
f -15516 -15521 -15511
f -15511 -15507 -15516
f -15515 -15520 -15518
f -15512 -15515 -15518
f -15515 -15512 -15513
f -15513 -15510 -15515
f -15527 -15515 -15510
f -15510 -15521 -15527
f -15521 -15510 -15511
f -15505 -15511 -15510
f -15511 -15505 -15501
f -15507 -15511 -15501
f -15501 -15509 -15507
f -15509 -15501 -15502
f -15514 -15513 -15512
f -15513 -15514 -15517
f -15517 -15505 -15513
f -15510 -15513 -15505
f -15505 -15517 -15508
f -15502 -15505 -15508
f -15505 -15502 -15501
f -15498 -15499 -15503
f -15497 -15499 -15498
f -15499 -15497 -15494
f -15494 -15500 -15499
f -15499 -15500 -15503
f -15500 -15506 -15503
f -15506 -15504 -15503
f -15489 -15504 -15506
f -15504 -15489 -15495
f -15489 -15486 -15495
f -15491 -15494 -15497
f -15494 -15491 -15492
f -15492 -15490 -15494
f -15500 -15494 -15490
f -15489 -15500 -15490
f -15500 -15489 -15506
f -15493 -15492 -15491
f -15492 -15493 -15496
f -15496 -15484 -15492
f -15490 -15492 -15484
f -15480 -15490 -15484
f -15490 -15480 -15489
f -15486 -15489 -15480
f -15480 -15488 -15486
f -15488 -15480 -15481
f -15484 -15481 -15480
f -15481 -15484 -15487
f -15484 -15496 -15487
f -15477 -15478 -15482
f -15476 -15478 -15477
f -15478 -15476 -15473
f -15469 -15478 -15473
f -15478 -15469 -15485
f -15478 -15485 -15482
f -15485 -15479 -15482
f -15479 -15483 -15482
f -15468 -15483 -15479
f -15483 -15468 -15474
f -15470 -15473 -15476
f -15473 -15470 -15471
f -15457 -15473 -15471
f -15473 -15457 -15469
f -15466 -15469 -15457
f -15469 -15466 -15468
f -15479 -15469 -15468
f -15469 -15479 -15485
f -15472 -15471 -15470
f -15471 -15472 -15475
f -15475 -15457 -15471
f -15457 -15475 -15456
f -15461 -15457 -15456
f -15457 -15461 -15466
f -15467 -15466 -15461
f -15466 -15467 -15465
f -15465 -15468 -15466
f -15468 -15465 -15474
f -15463 -15460 -15464
f -15459 -15460 -15463
f -15460 -15459 -15453
f -15453 -15454 -15460
f -15460 -15454 -15464
f -15454 -15458 -15464
f -15458 -15462 -15464
f -15458 -15447 -15462
f -15447 -15458 -15450
f -15450 -15449 -15447
f -15452 -15453 -15459
f -15453 -15452 -15455
f -15455 -15451 -15453
f -15454 -15453 -15451
f -15451 -15458 -15454
f -15458 -15451 -15450
f -15444 -15450 -15451
f -15450 -15444 -15448
f -15449 -15450 -15448
f -15451 -15455 -15444
f -15433 -15430 -15428
f -15424 -15430 -15433
f -15430 -15424 -15421
f -15421 -15423 -15430
f -15430 -15423 -15428
f -15423 -15425 -15428
f -15425 -15429 -15428
f -15425 -15419 -15429
f -15419 -15425 -15415
f -15415 -15414 -15419
f -15418 -15421 -15424
f -15421 -15418 -15417
f -15417 -15422 -15421
f -15423 -15421 -15422
f -15422 -15425 -15423
f -15425 -15422 -15415
f -15422 -15416 -15415
f -15414 -15415 -15416
f -15422 -15417 -15420
f -15416 -15422 -15420
f -15410 -15411 -15413
f -15409 -15411 -15410
f -15411 -15409 -15408
f -15408 -15406 -15411
f -15411 -15406 -15413
f -15406 -15407 -15413
f -15407 -15405 -15413
f -15407 -15404 -15405
f -15404 -15407 -15400
f -15400 -15403 -15404
f -15402 -15408 -15409
f -15408 -15402 -15412
f -15412 -15395 -15408
f -15406 -15408 -15395
f -15395 -15407 -15406
f -15407 -15395 -15400
f -15395 -15397 -15400
f -15403 -15400 -15397
f -15395 -15412 -15399
f -15397 -15395 -15399
f -15401 -15398 -15393
f -15394 -15398 -15401
f -15398 -15394 -15391
f -15391 -15384 -15398
f -15398 -15384 -15393
f -15384 -15389 -15393
f -15389 -15396 -15393
f -15389 -15385 -15396
f -15385 -15389 -15386
f -15386 -15387 -15385
f -15390 -15391 -15394
f -15391 -15390 -15392
f -15392 -15381 -15391
f -15384 -15391 -15381
f -15386 -15384 -15381
f -15384 -15386 -15389
f -15381 -15392 -15388
f -15383 -15381 -15388
f -15381 -15383 -15386
f -15387 -15386 -15383
f -15335 -15339 -15338
f -15335 -15337 -15339
f -15337 -15333 -15339
f -15339 -15333 -15338
f -15333 -15330 -15338
f -15330 -15336 -15338
f -15330 -15334 -15336
f -15334 -15330 -15332
f -15332 -15326 -15334
f -15337 -15335 -15328
f -15329 -15337 -15328
f -15337 -15329 -15331
f -15331 -15325 -15337
f -15333 -15337 -15325
f -15325 -15330 -15333
f -15330 -15325 -15332
f -15325 -15324 -15332
f -15326 -15332 -15324
f -15324 -15321 -15326
f -15321 -15324 -15322
f -15319 -15322 -15324
f -15322 -15319 -15323
f -15327 -15331 -15329
f -15331 -15327 -15320
f -15320 -15319 -15331
f -15325 -15331 -15319
f -15324 -15325 -15319
f -15319 -15320 -15323
f -15318 -15311 -15317
f -15312 -15311 -15318
f -15311 -15312 -15313
f -15313 -15299 -15311
f -15311 -15299 -15317
f -15299 -15304 -15317
f -15304 -15306 -15317
f -15304 -15315 -15306
f -15315 -15304 -15314
f -15314 -15310 -15315
f -15305 -15313 -15312
f -15313 -15305 -15309
f -15309 -15316 -15313
f -15299 -15313 -15316
f -15314 -15299 -15316
f -15299 -15314 -15304
f -15307 -15309 -15305
f -15309 -15307 -15301
f -15301 -15297 -15309
f -15316 -15309 -15297
f -15303 -15316 -15297
f -15316 -15303 -15314
f -15310 -15314 -15303
f -15303 -15308 -15310
f -15308 -15303 -15300
f -15297 -15300 -15303
f -15300 -15297 -15302
f -15297 -15301 -15302
f -15298 -15288 -15296
f -15291 -15288 -15298
f -15288 -15291 -15290
f -15278 -15288 -15290
f -15288 -15278 -15292
f -15288 -15292 -15296
f -15292 -15295 -15296
f -15295 -15286 -15296
f -15295 -15283 -15286
f -15289 -15290 -15291
f -15290 -15289 -15284
f -15284 -15278 -15290
f -15278 -15284 -15277
f -15277 -15287 -15278
f -15295 -15278 -15287
f -15278 -15295 -15292
f -15293 -15284 -15289
f -15284 -15293 -15294
f -15294 -15277 -15284
f -15277 -15294 -15282
f -15280 -15277 -15282
f -15277 -15280 -15285
f -15287 -15277 -15285
f -15279 -15287 -15285
f -15287 -15279 -15283
f -15283 -15295 -15287
f -15281 -15285 -15280
f -15285 -15281 -15279
f -15276 -15267 -15275
f -15270 -15267 -15276
f -15267 -15270 -15269
f -15266 -15267 -15269
f -15267 -15266 -15273
f -15267 -15273 -15275
f -15273 -15272 -15275
f -15272 -15265 -15275
f -15257 -15265 -15272
f -15265 -15257 -15262
f -15268 -15269 -15270
f -15269 -15268 -15263
f -15263 -15266 -15269
f -15266 -15263 -15256
f -15264 -15266 -15256
f -15266 -15264 -15257
f -15257 -15273 -15266
f -15273 -15257 -15272
f -15271 -15263 -15268
f -15263 -15271 -15274
f -15274 -15256 -15263
f -15256 -15274 -15261
f -15259 -15256 -15261
f -15256 -15259 -15264
f -15260 -15264 -15259
f -15264 -15260 -15258
f -15258 -15257 -15264
f -15257 -15258 -15262
f -15225 -15223 -15234
f -15227 -15223 -15225
f -15223 -15227 -15220
f -15220 -15228 -15223
f -15223 -15228 -15234
f -15228 -15231 -15234
f -15231 -15230 -15234
f -15231 -15215 -15230
f -15215 -15231 -15224
f -15224 -15218 -15215
f -15229 -15220 -15227
f -15220 -15229 -15221
f -15221 -15226 -15220
f -15228 -15220 -15226
f -15224 -15228 -15226
f -15228 -15224 -15231
f -15216 -15221 -15229
f -15221 -15216 -15232
f -15232 -15212 -15221
f -15226 -15221 -15212
f -15217 -15226 -15212
f -15226 -15217 -15224
f -15218 -15224 -15217
f -15217 -15219 -15218
f -15219 -15217 -15214
f -15212 -15214 -15217
f -15214 -15212 -15222
f -15212 -15232 -15222
f -15204 -15202 -15213
f -15206 -15202 -15204
f -15202 -15206 -15199
f -15199 -15207 -15202
f -15202 -15207 -15213
f -15207 -15210 -15213
f -15210 -15209 -15213
f -15210 -15194 -15209
f -15194 -15210 -15203
f -15203 -15197 -15194
f -15208 -15199 -15206
f -15199 -15208 -15200
f -15200 -15205 -15199
f -15207 -15199 -15205
f -15203 -15207 -15205
f -15207 -15203 -15210
f -15195 -15200 -15208
f -15200 -15195 -15211
f -15211 -15191 -15200
f -15205 -15200 -15191
f -15196 -15205 -15191
f -15205 -15196 -15203
f -15197 -15203 -15196
f -15196 -15198 -15197
f -15198 -15196 -15193
f -15191 -15193 -15196
f -15193 -15191 -15201
f -15191 -15211 -15201
f -15188 -15189 -15192
f -15181 -15189 -15188
f -15189 -15181 -15190
f -15178 -15189 -15190
f -15189 -15178 -15183
f -15189 -15183 -15192
f -15183 -15185 -15192
f -15185 -15186 -15192
f -15185 -15187 -15186
f -15173 -15190 -15181
f -15190 -15173 -15180
f -15180 -15178 -15190
f -15178 -15180 -15170
f -15174 -15178 -15170
f -15178 -15174 -15179
f -15179 -15183 -15178
f -15183 -15179 -15185
f -15187 -15185 -15179
f -15179 -15175 -15187
f -15175 -15179 -15174
f -15174 -15176 -15175
f -15176 -15174 -15172
f -15184 -15180 -15173
f -15180 -15184 -15182
f -15182 -15170 -15180
f -15170 -15182 -15177
f -15172 -15170 -15177
f -15170 -15172 -15174
f -15162 -15160 -15171
f -15164 -15160 -15162
f -15160 -15164 -15157
f -15163 -15160 -15157
f -15160 -15163 -15165
f -15160 -15165 -15171
f -15165 -15168 -15171
f -15168 -15167 -15171
f -15161 -15167 -15168
f -15167 -15161 -15152
f -15166 -15157 -15164
f -15157 -15166 -15158
f -15158 -15163 -15157
f -15163 -15158 -15151
f -15159 -15163 -15151
f -15163 -15159 -15161
f -15161 -15165 -15163
f -15165 -15161 -15168
f -15153 -15158 -15166
f -15158 -15153 -15169
f -15169 -15151 -15158
f -15151 -15169 -15154
f -15149 -15151 -15154
f -15151 -15149 -15159
f -15156 -15159 -15149
f -15159 -15156 -15155
f -15155 -15161 -15159
f -15161 -15155 -15152
f -15141 -15139 -15150
f -15143 -15139 -15141
f -15139 -15143 -15140
f -15140 -15144 -15139
f -15139 -15144 -15150
f -15144 -15147 -15150
f -15147 -15146 -15150
f -15147 -15142 -15146
f -15142 -15147 -15145
f -15145 -15148 -15142
f -15131 -15140 -15143
f -15140 -15131 -15136
f -15136 -15132 -15140
f -15144 -15140 -15132
f -15145 -15144 -15132
f -15144 -15145 -15147
f -15132 -15136 -15137
f -15134 -15132 -15137
f -15132 -15134 -15145
f -15148 -15145 -15134
f -15138 -15133 -15135
f -15122 -15133 -15138
f -15133 -15122 -15123
f -15123 -15129 -15133
f -15133 -15129 -15135
f -15129 -15128 -15135
f -15128 -15130 -15135
f -15128 -15126 -15130
f -15126 -15128 -15124
f -15124 -15118 -15126
f -15120 -15123 -15122
f -15123 -15120 -15121
f -15121 -15119 -15123
f -15129 -15123 -15119
f -15124 -15129 -15119
f -15129 -15124 -15128
f -15127 -15121 -15120
f -15121 -15127 -15125
f -15125 -15112 -15121
f -15119 -15121 -15112
f -15110 -15119 -15112
f -15119 -15110 -15124
f -15118 -15124 -15110
f -15110 -15115 -15118
f -15115 -15110 -15111
f -15112 -15111 -15110
f -15111 -15112 -15116
f -15112 -15125 -15116
f -15114 -15113 -15117
f -15099 -15113 -15114
f -15113 -15099 -15097
f -15097 -15108 -15113
f -15113 -15108 -15117
f -15108 -15109 -15117
f -15109 -15107 -15117
f -15109 -15104 -15107
f -15104 -15109 -15105
f -15105 -15100 -15104
f -15101 -15097 -15099
f -15097 -15101 -15098
f -15098 -15102 -15097
f -15108 -15097 -15102
f -15105 -15108 -15102
f -15108 -15105 -15109
f -15089 -15098 -15101
f -15098 -15089 -15094
f -15094 -15092 -15098
f -15102 -15098 -15092
f -15095 -15102 -15092
f -15102 -15095 -15105
f -15100 -15105 -15095
f -15095 -15106 -15100
f -15106 -15095 -15090
f -15092 -15090 -15095
f -15090 -15092 -15103
f -15092 -15094 -15103
f -15091 -15096 -15093
f -15091 -15081 -15096
f -15081 -15087 -15096
f -15096 -15087 -15093
f -15087 -15086 -15093
f -15086 -15088 -15093
f -15082 -15088 -15086
f -15088 -15082 -15084
f -15082 -15076 -15084
f -15081 -15091 -15080
f -15078 -15081 -15080
f -15081 -15078 -15079
f -15079 -15077 -15081
f -15087 -15081 -15077
f -15082 -15087 -15077
f -15087 -15082 -15086
f -15085 -15079 -15078
f -15079 -15085 -15083
f -15083 -15070 -15079
f -15077 -15079 -15070
f -15068 -15077 -15070
f -15077 -15068 -15082
f -15076 -15082 -15068
f -15068 -15073 -15076
f -15073 -15068 -15069
f -15070 -15069 -15068
f -15069 -15070 -15074
f -15070 -15083 -15074
f -15072 -15071 -15075
f -15057 -15071 -15072
f -15071 -15057 -15055
f -15055 -15066 -15071
f -15071 -15066 -15075
f -15066 -15067 -15075
f -15067 -15065 -15075
f -15063 -15065 -15067
f -15065 -15063 -15062
f -15063 -15058 -15062
f -15059 -15055 -15057
f -15055 -15059 -15056
f -15050 -15055 -15056
f -15055 -15050 -15060
f -15066 -15055 -15060
f -15063 -15066 -15060
f -15066 -15063 -15067
f -15047 -15056 -15059
f -15056 -15047 -15052
f -15052 -15050 -15056
f -15050 -15052 -15061
f -15048 -15050 -15061
f -15050 -15048 -15053
f -15053 -15060 -15050
f -15060 -15053 -15063
f -15058 -15063 -15053
f -15053 -15064 -15058
f -15064 -15053 -15048
f -15054 -15049 -15051
f -16726 -15049 -15054
f -15049 -16726 -16725
f -16730 -15049 -16725
f -15049 -16730 -15045
f -15049 -15045 -15051
f -15045 -15044 -15051
f -15044 -15046 -15051
f -16727 -15046 -15044
f -15046 -16727 -16731
f -16729 -16725 -16726
f -16725 -16729 -16732
f -16732 -16730 -16725
f -16730 -16732 -16737
f -16733 -16730 -16737
f -16730 -16733 -16727
f -16727 -15045 -16730
f -15045 -16727 -15044
f -16736 -16732 -16729
f -16732 -16736 -16728
f -16728 -16737 -16732
f -16737 -16728 -16738
f -16739 -16737 -16738
f -16737 -16739 -16733
f -16734 -16733 -16739
f -16733 -16734 -16735
f -16731 -16733 -16735
f -16733 -16731 -16727
f -16746 -16745 -16743
f -16742 -16745 -16746
f -16745 -16742 -16568
f -16568 -16740 -16745
f -16745 -16740 -16743
f -16740 -16741 -16743
f -16741 -16744 -16743
f -16741 -16567 -16744
f -16567 -16741 -16569
f -16569 -16562 -16567
f -16570 -16568 -16742
f -16568 -16570 -16561
f -16561 -16572 -16568
f -16740 -16568 -16572
f -16569 -16740 -16572
f -16740 -16569 -16741
f -16560 -16561 -16570
f -16561 -16560 -16571
f -16571 -16563 -16561
f -16572 -16561 -16563
f -16558 -16572 -16563
f -16572 -16558 -16569
f -16562 -16569 -16558
f -16558 -16557 -16562
f -16557 -16558 -16564
f -16563 -16564 -16558
f -16564 -16563 -16559
f -16563 -16571 -16559
f -16566 -16115 -16565
f -16117 -16115 -16566
f -16115 -16117 -16122
f -16122 -16110 -16115
f -16115 -16110 -16565
f -16110 -16114 -16565
f -16114 -16116 -16565
f -16114 -16109 -16116
f -16109 -16114 -16104
f -16104 -16103 -16109
f -16108 -16122 -16117
f -16122 -16108 -16123
f -16123 -16105 -16122
f -16110 -16122 -16105
f -16104 -16110 -16105
f -16110 -16104 -16114
f -16124 -16123 -16108
f -16123 -16124 -16113
f -16113 -16121 -16123
f -16105 -16123 -16121
f -16112 -16105 -16121
f -16105 -16112 -16104
f -16103 -16104 -16112
f -16112 -16107 -16103
f -16107 -16112 -16111
f -16121 -16111 -16112
f -16111 -16121 -16106
f -16121 -16113 -16106
f -16120 -16119 -16118
f -16120 -15940 -16119
f -15940 -15938 -16119
f -16119 -15938 -16118
f -15938 -15939 -16118
f -15939 -15935 -16118
f -15939 -15937 -15935
f -15937 -15939 -15946
f -15946 -15942 -15937
f -15940 -16120 -15936
f -15936 -15949 -15940
f -15949 -15945 -15940
f -15938 -15940 -15945
f -15945 -15939 -15938
f -15939 -15945 -15946
f -15633 -15946 -15945
f -15946 -15633 -15943
f -15942 -15946 -15943
f -15943 -15941 -15942
f -15941 -15943 -15634
f -15949 -15936 -15948
f -15947 -15949 -15948
f -15949 -15947 -15950
f -15950 -15633 -15949
f -15945 -15949 -15633
f -15633 -15950 -15944
f -15634 -15633 -15944
f -15633 -15634 -15943
f -15635 -15638 -15639
f -15640 -15638 -15635
f -15638 -15640 -15643
f -15643 -15644 -15638
f -15638 -15644 -15639
f -15644 -15636 -15639
f -15636 -15637 -15639
f -15636 -15642 -15637
f -15642 -15636 -15641
f -15641 -15653 -15642
f -15645 -15643 -15640
f -15643 -15645 -15654
f -15654 -15646 -15643
f -15644 -15643 -15646
f -15641 -15644 -15646
f -15644 -15641 -15636
f -15651 -15654 -15645
f -15654 -15651 -15647
f -15647 -15371 -15654
f -15646 -15654 -15371
f -15648 -15646 -15371
f -15646 -15648 -15641
f -15653 -15641 -15648
f -15648 -15652 -15653
f -15652 -15648 -15650
f -15371 -15650 -15648
f -15650 -15371 -15649
f -15371 -15647 -15649
f -15366 -15370 -15372
f -15366 -15361 -15370
f -15361 -15365 -15370
f -15370 -15365 -15372
f -15365 -15378 -15372
f -15378 -15373 -15372
f -15378 -15364 -15373
f -15364 -15378 -15369
f -15369 -15368 -15364
f -15361 -15366 -15360
f -15359 -15361 -15360
f -15361 -15359 -15363
f -15363 -15380 -15361
f -15365 -15361 -15380
f -15369 -15365 -15380
f -15365 -15369 -15378
f -15362 -15363 -15359
f -15363 -15362 -15379
f -15379 -15375 -15363
f -15380 -15363 -15375
f -15377 -15380 -15375
f -15380 -15377 -15369
f -15368 -15369 -15377
f -15377 -15367 -15368
f -15367 -15377 -15376
f -15375 -15376 -15377
f -15376 -15375 -15374
f -15375 -15379 -15374
f -16694 -16704 -16596
f -16704 -16694 -16598
f -16601 -16704 -16598
f -16704 -16601 -16597
f -16601 -16696 -16597
f -16696 -16601 -16710
f -16710 -16693 -16696
f -16938 -16598 -16694
f -16598 -16938 -16715
f -16715 -16601 -16598
f -16601 -16715 -16713
f -16713 -16710 -16601
f -16710 -16713 -16599
f -16599 -16693 -16710
f -16693 -16599 -16792
f -16599 -16711 -16792
f -16711 -16599 -16712
f -16599 -16703 -16712
f -16938 -16600 -16715
f -16703 -16715 -16600
f -16715 -16703 -16713
f -16703 -16599 -16713
f -16222 -16239 -16240
f -16239 -16222 -16227
f -16227 -16268 -16239
f -16412 -16268 -16227
f -16268 -16412 -16405
f -16409 -16405 -16412
f -16405 -16409 -16401
f -16409 -16241 -16401
f -16229 -16227 -16222
f -16227 -16229 -16228
f -16219 -16227 -16228
f -16227 -16219 -16412
f -16230 -16412 -16219
f -16412 -16230 -16409
f -16230 -16215 -16409
f -16223 -16409 -16215
f -16409 -16223 -16241
f -16229 -16129 -16228
f -16128 -16228 -16129
f -16228 -16128 -16219
f -16226 -16219 -16128
f -16219 -16226 -16230
f -16143 -16230 -16226
f -16230 -16143 -16218
f -16215 -16230 -16218
f -16218 -16216 -16215
f -16216 -16223 -16215
f -16223 -16216 -16435
f -16129 -16229 -16221
f -16221 -16040 -16129
f -16129 -16040 -16128
f -16040 -16226 -16128
f -16226 -16040 -16224
f -16224 -16143 -16226
f -16143 -16224 -16127
f -16143 -16127 -16411
f -16411 -16218 -16143
f -16218 -16411 -16362
f -16216 -16218 -16362
f -16040 -16221 -16410
f -16410 -16408 -16040
f -16225 -16040 -16408
f -16040 -16225 -16224
f -16220 -16224 -16225
f -16224 -16220 -16127
f -16442 -16127 -16220
f -16127 -16442 -16438
f -16411 -16127 -16438
f -16411 -16438 -16214
f -16214 -16362 -16411
f -16408 -16410 -16275
f -16269 -16408 -16275
f -16408 -16269 -16407
f -16406 -16408 -16407
f -16408 -16406 -16225
f -16291 -16225 -16406
f -16225 -16291 -16220
f -16291 -16442 -16220
f -16407 -16269 -16233
f -16406 -16407 -16233
f -16291 -16406 -16233
f -16418 -16291 -16233
f -16442 -16291 -16418
f -16454 -16442 -16418
f -16442 -16454 -16436
f -16440 -16442 -16436
f -16442 -16440 -16438
f -16454 -16418 -16233
f -16416 -16454 -16233
f -16273 -16454 -16416
f -16454 -16273 -16436
f -16274 -16436 -16273
f -16436 -16274 -16440
f -16274 -16380 -16440
f -16380 -16373 -16440
f -16373 -16438 -16440
f -16373 -16214 -16438
f -16413 -16416 -16233
f -16271 -16416 -16413
f -16416 -16271 -16273
f -16272 -16273 -16271
f -16273 -16272 -16274
f -16272 -16459 -16274
f -16380 -16274 -16459
f -16198 -16380 -16459
f -16380 -16198 -16374
f -16374 -16373 -16380
f -16456 -16413 -16233
f -16455 -16413 -16456
f -16413 -16455 -16271
f -16292 -16271 -16455
f -16271 -16292 -16272
f -16457 -16272 -16292
f -16272 -16457 -16439
f -16439 -16441 -16272
f -16459 -16272 -16441
f -16189 -16459 -16441
f -16459 -16189 -16198
f -16186 -16198 -16189
f -16198 -16186 -16196
f -16376 -16198 -16196
f -16198 -16376 -16374
f -16194 -16439 -16457
f -16439 -16194 -16195
f -16195 -16441 -16439
f -16441 -16195 -16189
f -16379 -16189 -16195
f -16189 -16379 -16186
f -16285 -16186 -16379
f -16186 -16285 -16284
f -16284 -16196 -16186
f -16194 -16379 -16195
f -16379 -16194 -16193
f -16193 -16217 -16379
f -16379 -16217 -16285
f -16217 -16193 -16364
f -16196 -16284 -16280
f -16196 -16280 -16276
f -16414 -16196 -16276
f -16196 -16414 -16376
f -16414 -16187 -16376
f -16187 -16374 -16376
f -16374 -16187 -16188
f -16373 -16374 -16188
f -16188 -16214 -16373
f -16214 -16188 -16190
f -16362 -16214 -16190
f -16187 -16414 -16417
f -16187 -16417 -16415
f -16452 -16187 -16415
f -16187 -16452 -16197
f -16197 -16188 -16187
f -16188 -16197 -16190
f -16197 -16362 -16190
f -16362 -16197 -16216
f -16452 -16216 -16197
f -16216 -16452 -16270
f -16216 -16270 -16435
f -16942 -16849 -17034
f -16849 -16942 -16847
f -16847 -17031 -16849
f -17031 -16847 -16935
f -16935 -16941 -17031
f -16941 -16935 -16705
f -16705 -16944 -16941
f -16942 -16688 -16847
f -17040 -16847 -16688
f -16847 -17040 -16935
f -17042 -16935 -17040
f -16935 -17042 -16705
f -16842 -16705 -17042
f -16705 -16842 -16943
f -16944 -16705 -16943
f -16943 -16734 -16944
f -16688 -16942 -16689
f -16689 -17050 -16688
f -17044 -16688 -17050
f -16688 -17044 -17040
f -16745 -17040 -17044
f -17040 -16745 -17042
f -17041 -17042 -16745
f -17042 -17041 -16842
f -17047 -16842 -17041
f -16842 -17047 -16843
f -16843 -16943 -16842
f -17050 -16689 -17051
f -17037 -17050 -17051
f -17050 -17037 -16940
f -17045 -17050 -16940
f -17050 -17045 -17044
f -17045 -16745 -17044
f -16745 -17045 -17043
f -16745 -17043 -17041
f -17041 -17043 -17046
f -17041 -17046 -17047
f -17047 -17046 -17049
f -17049 -16843 -17047
f -17037 -17036 -16940
f -16742 -16940 -17036
f -16940 -16742 -17045
f -16742 -17043 -17045
f -17043 -16742 -16746
f -16746 -17046 -17043
f -17046 -16746 -16839
f -16839 -16939 -17046
f -17046 -16939 -17049
f -17036 -17037 -16848
f -16959 -17036 -16848
f -17036 -16959 -16753
f -16753 -16742 -17036
f -16742 -16753 -16963
f -16746 -16742 -16963
f -16963 -16839 -16746
f -16839 -16963 -16966
f -16846 -16839 -16966
f -16939 -16839 -16846
f -16846 -16700 -16939
f -16700 -17048 -16939
f -17049 -16939 -17048
f -16378 -16753 -16959
f -16753 -16378 -16754
f -16754 -16963 -16753
f -16963 -16754 -16739
f -16739 -16966 -16963
f -16966 -16739 -16967
f -16967 -16735 -16966
f -16735 -16846 -16966
f -16846 -16735 -16719
f -16700 -16846 -16719
f -16762 -16754 -16378
f -16754 -16762 -16763
f -16743 -16754 -16763
f -16754 -16743 -16739
f -16964 -16739 -16743
f -16739 -16964 -16967
f -16736 -16967 -16964
f -16967 -16736 -16699
f -16735 -16967 -16699
f -17038 -16763 -16762
f -16763 -17038 -17033
f -16764 -16763 -17033
f -16763 -16764 -16743
f -16758 -16743 -16764
f -16743 -16758 -16964
f -16738 -16964 -16758
f -16964 -16738 -16736
f -16738 -15443 -16736
f -15447 -16736 -15443
f -16736 -15447 -16699
f -15447 -16735 -16699
f -17035 -17033 -17038
f -17033 -17035 -17039
f -17039 -16764 -17033
f -16764 -17039 -16960
f -16961 -16764 -16960
f -16764 -16961 -16758
f -15309 -16758 -16961
f -16758 -15309 -16738
f -15309 -15868 -16738
f -15443 -16738 -15868
f -17035 -16377 -17039
f -17039 -16377 -16960
f -16960 -16377 -16961
f -16961 -16377 -15309
f -15309 -16377 -15448
f -15868 -15309 -15448
f -15448 -15449 -15868
f -15867 -15868 -15449
f -15868 -15867 -15443
f -15442 -15443 -15867
f -15443 -15442 -15447
f -15448 -16377 -17032
f -15449 -15448 -17032
f -17032 -16697 -15449
f -15451 -15449 -16697
f -15449 -15451 -15867
f -17030 -15867 -15451
f -15867 -17030 -15442
f -17032 -16377 -15314
f -16697 -17032 -15314
f -15399 -16697 -15314
f -16697 -15399 -15398
f -15398 -15451 -16697
f -15451 -15398 -16958
f -16958 -17030 -15451
f -17030 -16958 -16957
f -16957 -15864 -17030
f -15864 -15442 -17030
f -15314 -16377 -15399
f -15864 -16957 -16757
f -16757 -15307 -15864
f -15866 -15864 -15307
f -15864 -15866 -15444
f -15442 -15864 -15444
f -15452 -15442 -15444
f -15442 -15452 -15447
f -16735 -15447 -15452
f -15307 -16757 -15397
f -15397 -15396 -15307
f -15396 -15866 -15307
f -15866 -15396 -15450
f -15460 -15866 -15450
f -15866 -15460 -15865
f -15865 -15444 -15866
f -15446 -15444 -15865
f -15444 -15446 -15452
f -16698 -15452 -15446
f -16698 -16735 -15452
f -16735 -16698 -16719
f -15396 -15397 -15304
f -15304 -15863 -15396
f -15863 -15450 -15396
f -15450 -15863 -15445
f -15862 -15450 -15445
f -15450 -15862 -15460
f -15862 -15870 -15460
f -15870 -15869 -15460
f -15869 -15865 -15460
f -15865 -15869 -15446
f -16718 -15446 -15869
f -15446 -16718 -16698
f -15863 -15304 -15311
f -15861 -15863 -15311
f -15863 -15861 -15402
f -15402 -15445 -15863
f -15445 -15402 -15401
f -15401 -15862 -15445
f -15862 -15401 -15310
f -15310 -15870 -15862
f -15870 -15310 -15315
f -15315 -15320 -15870
f -15870 -15320 -15869
f -15320 -15403 -15869
f -15869 -15403 -16718
f -15807 -15402 -15861
f -15402 -15807 -15806
f -15806 -15401 -15402
f -15401 -15806 -15801
f -15801 -15310 -15401
f -15310 -15801 -15803
f -15803 -15315 -15310
f -15315 -15803 -15757
f -15757 -15316 -15315
f -15320 -15315 -15316
f -15316 -15403 -15320
f -15807 -15804 -15806
f -15805 -15806 -15804
f -15806 -15805 -15801
f -15802 -15801 -15805
f -15801 -15802 -15803
f -15798 -15803 -15802
f -15803 -15798 -15757
f -15536 -15757 -15798
f -15757 -15536 -15652
f -15316 -15757 -15652
f -15804 -15807 -15394
f -14139 -15652 -15536
f -15652 -14139 -14138
f -15317 -15652 -14138
f -15652 -15317 -15316
f -15403 -15316 -15317
f -15317 -15313 -15403
f -15403 -15313 -16718
f -16700 -16718 -15313
f -16700 -16698 -16718
f -15535 -14138 -14139
f -14138 -15535 -15651
f -15860 -14138 -15651
f -14138 -15860 -15317
f -15313 -15317 -15860
f -15312 -15313 -15860
f -15313 -15312 -15404
f -16700 -15313 -15404
f -16700 -15404 -17048
f -14137 -15651 -15535
f -15651 -14137 -15533
f -15312 -15651 -15533
f -15651 -15312 -15860
f -14137 -16737 -15533
f -16737 -15312 -15533
f -15312 -16737 -16844
f -17048 -15312 -16844
f -15312 -17048 -15404
f -16737 -14137 -16708
f -16708 -16707 -16737
f -16707 -16844 -16737
f -16844 -16707 -16845
f -16845 -17048 -16844
f -17048 -16845 -17049
f -16843 -17049 -16845
f -16845 -16714 -16843
f -16943 -16843 -16714
f -16734 -16943 -16714
f -16707 -16708 -16706
f -16706 -16714 -16707
f -16714 -16845 -16707
f -16714 -16706 -16734
f -16698 -16700 -16719
f -15735 -15759 -15736
f -15759 -15735 -15765
f -15765 -15766 -15759
f -15766 -15765 -15799
f -15799 -15787 -15766
f -15787 -15799 -15737
f -15786 -15787 -15737
f -15787 -15786 -15739
f -15735 -16324 -15765
f -16322 -15765 -16324
f -15765 -16322 -15799
f -16327 -15799 -16322
f -15799 -16327 -15737
f -16325 -15737 -16327
f -15737 -16325 -15786
f -16325 -15738 -15786
f -15738 -15739 -15786
f -15739 -15738 -15800
f -15738 -16192 -15800
f -16324 -15735 -16326
f -16324 -16326 -16331
f -16322 -16324 -16331
f -16327 -16322 -16331
f -16325 -16327 -16331
f -16352 -16325 -16331
f -15738 -16325 -16352
f -16352 -16191 -15738
f -16192 -15738 -16191
f -16191 -15761 -16192
f -15761 -16191 -15763
f -15763 -14140 -15761
f -14140 -15763 -15760
f -15763 -16328 -15760
f -16357 -16352 -16331
f -16191 -16352 -16357
f -16356 -16191 -16357
f -16191 -16356 -15763
f -16328 -15763 -16356
f -16328 -16356 -16331
f -16356 -16357 -16331
f -15784 -15812 -15797
f -15812 -15784 -15796
f -15796 -15789 -15812
f -15789 -15796 -15457
f -15789 -15457 -15458
f -15808 -15796 -15784
f -15796 -15808 -15783
f -15783 -15457 -15796
f -15457 -15783 -15456
f -15457 -15456 -15458
f -14674 -15783 -15808
f -15783 -14674 -15154
f -15794 -15783 -15154
f -15783 -15794 -15456
f -15456 -15794 -15458
f -14685 -15154 -14674
f -15154 -14685 -14687
f -15795 -15154 -14687
f -15154 -15795 -15794
f -15794 -15795 -15458
f -14684 -14687 -14685
f -14687 -14684 -15169
f -15169 -15795 -14687
f -15795 -15169 -15793
f -15795 -15793 -15458
f -15168 -15169 -14684
f -15169 -15168 -15915
f -15915 -15793 -15169
f -15793 -15915 -15792
f -15793 -15792 -15458
f -15792 -15791 -15458
f -15791 -15827 -15458
f -15827 -15742 -15458
f -15742 -15790 -15458
f -15742 -15818 -15790
f -15780 -15915 -15168
f -15915 -15780 -15913
f -15913 -15792 -15915
f -15792 -15913 -15791
f -15910 -15791 -15913
f -15791 -15910 -15827
f -15909 -15827 -15910
f -15827 -15909 -15742
f -15818 -15742 -15909
f -15909 -15908 -15818
f -15908 -15909 -15813
f -15910 -15813 -15909
f -15813 -15910 -15911
f -15911 -15913 -15780
f -15913 -15911 -15910
f -14944 -13844 -13843
f -13844 -14944 -13840
f -13840 -14251 -13844
f -14251 -13840 -14250
f -14250 -13846 -14251
f -13846 -14250 -13824
f -13824 -13825 -13846
f -14944 -13951 -13840
f -14916 -13840 -13951
f -13840 -14916 -14250
f -15121 -14250 -14916
f -14250 -15121 -13824
f -13827 -13824 -15121
f -13824 -13827 -13845
f -13825 -13824 -13845
f -13845 -13842 -13825
f -13951 -14944 -14883
f -14883 -13830 -13951
f -14242 -13951 -13830
f -13951 -14242 -14916
f -14243 -14916 -14242
f -14916 -14243 -15121
f -14247 -15121 -14243
f -15121 -14247 -13827
f -14241 -13827 -14247
f -13827 -14241 -14942
f -14942 -13845 -13827
f -13830 -14883 -14240
f -14240 -16432 -13830
f -16402 -13830 -16432
f -13830 -16402 -14242
f -16404 -14242 -16402
f -14242 -16404 -14243
f -16403 -14243 -16404
f -14243 -16403 -14247
f -16289 -14247 -16403
f -14247 -16289 -14241
f -16432 -14240 -16265
f -16265 -16426 -16432
f -16432 -16426 -16402
f -16425 -16402 -16426
f -16402 -16425 -16404
f -16427 -16404 -16425
f -16404 -16427 -16403
f -16403 -16427 -16289
f -16427 -16264 -16289
f -16264 -14241 -16289
f -14241 -16264 -13836
f -13836 -14942 -14241
f -16426 -16265 -16391
f -16391 -16390 -16426
f -16422 -16426 -16390
f -16426 -16422 -16425
f -16420 -16425 -16422
f -16425 -16420 -16427
f -16420 -16428 -16427
f -16264 -16427 -16428
f -16421 -16264 -16428
f -16264 -16421 -16267
f -16267 -13836 -16264
f -16390 -16391 -16021
f -16021 -16347 -16390
f -16349 -16390 -16347
f -16390 -16349 -16422
f -16260 -16422 -16349
f -16422 -16260 -16420
f -16260 -16020 -16420
f -16428 -16420 -16020
f -16392 -16428 -16020
f -16428 -16392 -16421
f -16347 -16021 -16346
f -16347 -16346 -16951
f -16349 -16347 -16951
f -16260 -16349 -16951
f -16348 -16260 -16951
f -16020 -16260 -16348
f -16388 -16020 -16348
f -16020 -16388 -16392
f -16389 -16392 -16388
f -16392 -16389 -16423
f -16423 -16421 -16392
f -16388 -16348 -16951
f -16389 -16388 -16951
f -16012 -16389 -16951
f -16387 -16389 -16012
f -16389 -16387 -16423
f -16424 -16423 -16387
f -16423 -16424 -16263
f -16421 -16423 -16263
f -16263 -16238 -16421
f -16267 -16421 -16238
f -16323 -16012 -16951
f -16311 -16012 -16323
f -16012 -16311 -16387
f -16419 -16387 -16311
f -16387 -16419 -16424
f -16266 -16424 -16419
f -16424 -16266 -16429
f -16400 -16424 -16429
f -16400 -16263 -16424
f -16263 -16400 -16290
f -16238 -16263 -16290
f -16290 -13949 -16238
f -14913 -16238 -13949
f -16238 -14913 -16267
f -13836 -16267 -14913
f -16266 -14239 -16429
f -14238 -16429 -14239
f -16429 -14238 -16400
f -13828 -16400 -14238
f -16400 -13828 -16290
f -13949 -16290 -13828
f -14943 -13949 -13828
f -13949 -14943 -14884
f -14884 -14913 -13949
f -14913 -14884 -14235
f -14235 -13836 -14913
f -14239 -16266 -13829
f -13950 -14239 -13829
f -14239 -13950 -14236
f -14236 -14238 -14239
f -14238 -14236 -13826
f -13826 -13828 -14238
f -13828 -13826 -14943
f -13847 -14943 -13826
f -14943 -13847 -13953
f -13953 -14884 -14943
f -14884 -13953 -14950
f -14950 -14235 -14884
f -14945 -14236 -13950
f -14236 -14945 -14254
f -14254 -13826 -14236
f -13826 -14254 -13847
f -14252 -13847 -14254
f -13847 -14252 -13848
f -13848 -13953 -13847
f -13953 -13848 -13952
f -13952 -14950 -13953
f -14253 -14254 -14945
f -14254 -14253 -14252
f -14950 -13952 -13766
f -13766 -14148 -14950
f -14148 -14949 -14950
f -14235 -14950 -14949
f -14946 -14235 -14949
f -14235 -14946 -14885
f -13836 -14235 -14885
f -14942 -13836 -14885
f -14949 -14148 -14948
f -14948 -14946 -14949
f -14946 -14948 -14947
f -14947 -13841 -14946
f -14942 -14946 -13841
f -14946 -14942 -14885
f -13841 -14947 -13842
f -13842 -13845 -13841
f -13845 -14942 -13841
f -15255 -15254 -15177
f -15254 -15255 -15251
f -15251 -14297 -15254
f -15248 -15251 -15255
f -15251 -15248 -14296
f -14296 -14297 -15251
f -15258 -14297 -14296
f -14309 -14297 -15258
f -15256 -14297 -14309
f -15253 -14297 -15256
f -15249 -14297 -15253
f -15176 -14297 -15249
f -14299 -14296 -15248
f -14296 -14299 -15258
f -14299 -14309 -15258
f -14309 -14299 -15259
f -15257 -14309 -15259
f -14309 -15257 -15256
f -15140 -15256 -15257
f -15256 -15140 -15253
f -15252 -15253 -15140
f -15253 -15252 -15249
f -15250 -15249 -15252
f -15249 -15250 -15176
f -13928 -14331 -13933
f -14331 -13928 -13934
f -13934 -13967 -14331
f -13967 -13934 -13941
f -13941 -13938 -13967
f -13938 -13941 -13968
f -15546 -13968 -13941
f -13968 -15546 -15545
f -14333 -13934 -13928
f -13934 -14333 -14335
f -14335 -15546 -13934
f -13941 -13934 -15546
f -15758 -14335 -14333
f -14335 -15758 -13937
f -13937 -15531 -14335
f -15546 -14335 -15531
f -15531 -15545 -15546
f -15545 -15531 -15750
f -15532 -15750 -15531
f -15750 -15532 -15756
f -14340 -15756 -15532
f -15756 -14340 -14341
f -15758 -15749 -13937
f -15538 -13937 -15749
f -13937 -15538 -14340
f -15532 -13937 -14340
f -15531 -13937 -15532
f -15749 -15758 -15748
f -15748 -13936 -15749
f -15541 -15749 -13936
f -15749 -15541 -15538
f -15542 -15538 -15541
f -15538 -15542 -13939
f -13939 -14340 -15538
f -14340 -13939 -14341
f -13936 -15748 -15534
f -15534 -13969 -13936
f -13943 -13936 -13969
f -13936 -13943 -13763
f -15541 -13936 -13763
f -13942 -15541 -13763
f -15541 -13942 -15542
f -13969 -15534 -14338
f -14338 -14337 -13969
f -15540 -13969 -14337
f -13969 -15540 -13943
f -15543 -13943 -15540
f -13943 -15543 -13764
f -13764 -13763 -13943
f -13763 -13764 -13942
f -14337 -14338 -13927
f -13927 -14332 -14337
f -13940 -14337 -14332
f -14337 -13940 -15544
f -15540 -14337 -15544
f -14339 -15540 -15544
f -15540 -14339 -15543
f -14332 -13927 -14336
f -15544 -15547 -14339
f -15547 -15544 -13940
f -16732 -16730 -14087
f -16505 -14087 -16730
f -14087 -16505 -16551
f -16506 -16551 -16505
f -16551 -16506 -14088
f -14093 -14088 -16506
f -14088 -14093 -16507
f -14113 -16505 -16730
f -16505 -14113 -14056
f -16502 -16505 -14056
f -16505 -16502 -16506
f -16556 -16506 -16502
f -16506 -16556 -14093
f -16556 -16514 -14093
f -16514 -16507 -14093
f -16507 -16514 -16548
f -16516 -16548 -16514
f -16548 -16516 -14089
f -14056 -14113 -16471
f -16502 -14056 -16471
f -16556 -16502 -16471
f -16731 -16556 -16471
f -16514 -16556 -16731
f -16731 -16516 -16514
f -16516 -16731 -16733
f -16733 -14094 -16516
f -14094 -14089 -16516
f -14089 -14094 -14110
f -14111 -14110 -14094
f -14110 -14111 -16550
f -16733 -16731 -16471
f -14112 -16733 -16471
f -14094 -16733 -14112
f -14112 -14111 -14094
f -14111 -14112 -16553
f -16553 -16549 -14111
f -16549 -16550 -14111
f -16550 -16549 -16557
f -16553 -14112 -16471
f -16552 -16553 -16471
f -16549 -16553 -16552
f -14129 -16522 -16528
f -16522 -14129 -14128
f -14128 -16526 -16522
f -16526 -14128 -14130
f -14130 -16518 -16526
f -16518 -14130 -16630
f -16630 -14095 -16518
f -14081 -14128 -14129
f -14128 -14081 -16555
f -16555 -14130 -14128
f -14130 -16555 -16583
f -16583 -16630 -14130
f -16630 -16583 -14114
f -14114 -16724 -16630
f -14095 -16630 -16724
f -16724 -16519 -14095
f -16519 -16724 -16721
f -16721 -16562 -16519
f -14081 -16494 -16555
f -16587 -16555 -16494
f -16555 -16587 -16583
f -16585 -16583 -16587
f -16583 -16585 -14114
f -16624 -14114 -16585
f -14114 -16624 -16629
f -16724 -14114 -16629
f -16629 -16721 -16724
f -16494 -14081 -16621
f -16626 -16629 -16624
f -16629 -16626 -16554
f -16721 -16629 -16554
f -16613 -16721 -16554
f -16721 -16613 -16627
f -16562 -16721 -16627
f -14126 -16562 -16627
f -16562 -14126 -16563
f -16610 -16554 -16626
f -16554 -16610 -16613
f -16611 -16613 -16610
f -16613 -16611 -16569
f -14126 -16613 -16569
f -16613 -14126 -16627
f -14115 -16569 -16611
f -16569 -14115 -16593
f -16593 -14126 -16569
f -14126 -16593 -16625
f -16625 -16563 -14126
f -16563 -16625 -16564
f -16628 -16564 -16625
f -16564 -16628 -16561
f -16631 -16561 -16628
f -16561 -16631 -16560
f -16592 -16593 -14115
f -16588 -16593 -16592
f -16593 -16588 -16594
f -16594 -16625 -16593
f -16625 -16594 -16628
f -16495 -16628 -16594
f -16628 -16495 -16631
f -16581 -16631 -16495
f -16631 -16581 -16632
f -16632 -16560 -16631
f -16560 -16632 -14085
f -14127 -14085 -16632
f -14085 -14127 -16503
f -14080 -16594 -16588
f -16594 -14080 -16495
f -16493 -16495 -14080
f -16495 -16493 -16581
f -16584 -16581 -16493
f -16581 -16584 -16582
f -16582 -16632 -16581
f -16632 -16582 -14127
f -16641 -16639 -16634
f -16639 -16641 -16685
f -16685 -16687 -16639
f -16687 -16685 -14072
f -14072 -16683 -16687
f -16683 -14072 -16682
f -16541 -16683 -16682
f -16683 -16541 -14070
f -16685 -16641 -16485
f -14072 -16685 -16485
f -16682 -14072 -16485
f -16541 -16682 -16485
f -16543 -16541 -16485
f -16483 -16541 -16543
f -16541 -16483 -14070
f -16635 -16543 -16485
f -16633 -16543 -16635
f -16543 -16633 -16483
f -16684 -16635 -16485
f -16686 -16635 -16684
f -16635 -16686 -16633
f -16484 -16684 -16485
f -14071 -16684 -16484
f -16684 -14071 -16686
f -14952 -15120 -14951
f -15120 -14952 -14939
f -14939 -13852 -15120
f -13852 -14939 -14258
f -15116 -13852 -14258
f -13852 -15116 -15115
f -15116 -14259 -15115
f -14952 -14951 -14147
f -16780 -14952 -14147
f -16780 -14939 -14952
f -13765 -14147 -14951
f -14147 -13765 -15118
f -14875 -14147 -15118
f -14875 -17025 -14147
f -17025 -17022 -14147
f -17022 -16755 -14147
f -14147 -16755 -16952
f -14147 -16952 -16760
f -16841 -14147 -16760
f -14147 -16841 -16780
f -13864 -15118 -13765
f -15118 -13864 -15050
f -14908 -15118 -15050
f -15118 -14908 -13946
f -13835 -15118 -13946
f -15118 -13835 -14875
f -15049 -15050 -13864
f -15050 -15049 -14291
f -14906 -15050 -14291
f -15050 -14906 -14908
f -14918 -14908 -14906
f -14908 -14918 -13819
f -13819 -13946 -14908
f -15175 -14291 -15049
f -14291 -15175 -15301
f -15301 -15114 -14291
f -15122 -14291 -15114
f -14291 -15122 -14906
f -14231 -14906 -15122
f -14906 -14231 -14918
f -13761 -14918 -14231
f -13820 -14918 -13761
f -14918 -13820 -13819
f -15175 -15297 -15301
f -15297 -13792 -15301
f -15301 -13792 -14181
f -15114 -15301 -14181
f -14181 -15391 -15114
f -14231 -15114 -15391
f -15114 -14231 -15122
f -15297 -15175 -13885
f -13856 -15297 -13885
f -15297 -13856 -14260
f -15297 -14260 -13832
f -15776 -15297 -13832
f -15776 -15775 -15297
f -13792 -15297 -15775
f -15775 -14256 -13792
f -14181 -13792 -14256
f -13856 -14262 -14260
f -13833 -14260 -14262
f -14260 -13833 -13832
f -13791 -13832 -13833
f -13832 -13791 -15776
f -13791 -15299 -15776
f -15299 -15775 -15776
f -15775 -15299 -15111
f -14256 -15775 -15111
f -14262 -13856 -14261
f -15389 -14262 -14261
f -14262 -15389 -15303
f -14911 -14262 -15303
f -14262 -14911 -13833
f -14188 -13833 -14911
f -13833 -14188 -13791
f -14188 -15296 -13791
f -15296 -14180 -13791
f -15299 -13791 -14180
f -13857 -15389 -14261
f -15389 -13857 -13854
f -13854 -13831 -15389
f -13831 -14191 -15389
f -14191 -15303 -15389
f -15303 -14191 -14195
f -13801 -15303 -14195
f -15303 -13801 -14187
f -15303 -14187 -14911
f -14187 -14188 -14911
f -13857 -13853 -13854
f -14874 -13854 -13853
f -13854 -14874 -14249
f -13839 -13854 -14249
f -13854 -13839 -13838
f -13831 -13854 -13838
f -13831 -13838 -14880
f -14191 -13831 -14880
f -13853 -13857 -14259
f -14259 -15116 -13853
f -15116 -14874 -13853
f -14874 -15116 -13834
f -13834 -15834 -14874
f -15185 -14874 -15834
f -14874 -15185 -14249
f -14249 -15185 -15851
f -14249 -15851 -14909
f -14249 -14909 -13839
f -15116 -13837 -13834
f -13837 -14830 -13834
f -15834 -13834 -14830
f -15872 -15834 -14830
f -15834 -15872 -15859
f -15859 -14836 -15834
f -15185 -15834 -14836
f -14836 -15415 -15185
f -15415 -15851 -15185
f -13837 -15116 -14258
f -14258 -14245 -13837
f -14245 -15573 -13837
f -14830 -13837 -15573
f -15416 -14830 -15573
f -14830 -15416 -15430
f -15430 -15872 -14830
f -14245 -14258 -14244
f -14244 -16840 -14245
f -16840 -16850 -14245
f -16850 -16838 -14245
f -14245 -16838 -16151
f -16361 -14245 -16151
f -15406 -14245 -16361
f -15573 -14245 -15406
f -14244 -14258 -14939
f -17027 -14244 -14939
f -17026 -14244 -17027
f -17026 -16778 -14244
f -14244 -16778 -16840
f -16778 -15671 -16840
f -15728 -16840 -15671
f -16840 -15728 -16850
f -15726 -16850 -15728
f -16850 -15726 -16838
f -14939 -17029 -17027
f -17029 -17028 -17027
f -17028 -17026 -17027
f -17028 -15730 -17026
f -15672 -17026 -15730
f -17026 -15672 -16752
f -16778 -17026 -16752
f -16752 -15699 -16778
f -15671 -16778 -15699
f -14939 -17024 -17029
f -17024 -15700 -17029
f -15711 -17029 -15700
f -17029 -15711 -17028
f -15730 -17028 -15711
f -17024 -14939 -17023
f -17023 -15734 -17024
f -15700 -17024 -15734
f -14939 -16780 -17023
f -16780 -15732 -17023
f -15734 -17023 -15732
f -15732 -16780 -15723
f -16841 -15723 -16780
f -15723 -16841 -15707
f -16760 -15707 -16841
f -15707 -16760 -15706
f -16952 -15706 -16760
f -15706 -16952 -15733
f -16755 -15733 -16952
f -15733 -16755 -15724
f -17022 -15724 -16755
f -15724 -17022 -15729
f -17025 -15729 -17022
f -15729 -17025 -15731
f -16761 -15731 -17025
f -15731 -16761 -15710
f -16857 -15710 -16761
f -15710 -16857 -15725
f -16759 -15725 -16857
f -15725 -16759 -15727
f -14875 -16761 -17025
f -14875 -16857 -16761
f -16857 -14875 -13835
f -13835 -16759 -16857
f -16759 -13835 -13947
f -13947 -16756 -16759
f -16756 -15727 -16759
f -15727 -16756 -15722
f -16956 -15722 -16756
f -15722 -16956 -15721
f -15127 -15721 -16956
f -15721 -15127 -15032
f -13946 -13947 -13835
f -13947 -13946 -13817
f -13947 -13817 -14865
f -16756 -13947 -14865
f -14865 -16956 -16756
f -16956 -14865 -14151
f -15127 -16956 -14151
f -13957 -15127 -14151
f -15127 -13957 -13956
f -13956 -15124 -15127
f -15124 -15032 -15127
f -15032 -15124 -15030
f -13817 -13946 -15505
f -15505 -15472 -13817
f -13823 -13817 -15472
f -14865 -13817 -13823
f -13823 -14151 -14865
f -14151 -13823 -13957
f -14919 -13957 -13823
f -13957 -14919 -13886
f -13886 -13956 -13957
f -13946 -13819 -15505
f -13819 -15506 -15505
f -15472 -15505 -15506
f -15506 -15473 -15472
f -13822 -15472 -15473
f -13823 -15472 -13822
f -13823 -13822 -14919
f -13815 -14919 -13822
f -14919 -13815 -13757
f -14290 -14919 -13757
f -13886 -14919 -14290
f -15506 -13819 -13820
f -13820 -14227 -15506
f -15473 -15506 -14227
f -14227 -13755 -15473
f -13755 -13822 -15473
f -13822 -13755 -13815
f -13755 -14142 -13815
f -14142 -13757 -13815
f -14142 -14226 -13757
f -14270 -13757 -14226
f -13757 -14270 -14290
f -14270 -13872 -14290
f -13886 -14290 -13872
f -14227 -13820 -15537
f -15537 -13758 -14227
f -13755 -14227 -13758
f -13758 -14141 -13755
f -14142 -13755 -14141
f -13820 -14143 -15537
f -15537 -14143 -16954
f -16954 -14230 -15537
f -13758 -15537 -14230
f -14229 -13758 -14230
f -13758 -14229 -13754
f -14141 -13758 -13754
f -13761 -14143 -13820
f -14144 -14143 -13761
f -16954 -14143 -14144
f -15504 -16954 -14144
f -16954 -15504 -16779
f -14230 -16954 -16779
f -13761 -14232 -14144
f -14232 -15159 -14144
f -15159 -15504 -14144
f -14232 -13761 -14231
f -15391 -14232 -14231
f -14232 -15391 -14183
f -15162 -14232 -14183
f -14232 -15162 -15172
f -15159 -14232 -15172
f -15391 -14196 -14183
f -13794 -14183 -14196
f -14183 -13794 -14199
f -14199 -15162 -14183
f -15162 -14199 -15164
f -14199 -15171 -15164
f -15171 -14199 -15464
f -15464 -15174 -15171
f -14196 -15391 -15393
f -15123 -14196 -15393
f -14196 -15123 -14915
f -14915 -13794 -14196
f -13794 -14915 -14917
f -14917 -15779 -13794
f -15767 -13794 -15779
f -13794 -15767 -14199
f -15767 -15464 -14199
f -15395 -15393 -15391
f -15393 -15395 -13795
f -15125 -15393 -13795
f -15393 -15125 -15123
f -14912 -15123 -15125
f -15123 -14912 -14881
f -14881 -14915 -15123
f -14915 -14881 -14246
f -14917 -14915 -14246
f -15391 -14181 -15395
f -14181 -15300 -15395
f -15300 -14182 -15395
f -14182 -13795 -15395
f -13795 -14182 -13809
f -14941 -13795 -13809
f -13795 -14941 -15125
f -15125 -14941 -14912
f -14941 -14882 -14912
f -14882 -14881 -14912
f -14181 -14256 -15300
f -13849 -15300 -14256
f -15300 -13849 -13860
f -13860 -13808 -15300
f -14182 -15300 -13808
f -13808 -14192 -14182
f -14192 -15914 -14182
f -14182 -15914 -13809
f -14882 -13809 -15914
f -13809 -14882 -14941
f -14256 -14263 -13849
f -13855 -13849 -14263
f -13849 -13855 -14255
f -13860 -13849 -14255
f -13958 -13860 -14255
f -13808 -13860 -13958
f -13958 -13806 -13808
f -15302 -13808 -13806
f -13808 -15302 -14192
f -14263 -14256 -15111
f -15111 -15113 -14263
f -14263 -15113 -13855
f -15113 -13850 -13855
f -13850 -13851 -13855
f -14257 -13855 -13851
f -13855 -14257 -13959
f -13959 -14255 -13855
f -14255 -13959 -13958
f -13806 -13958 -13959
f -15113 -15111 -15299
f -15299 -13850 -15113
f -13850 -15299 -14180
f -14180 -13858 -13850
f -13851 -13850 -13858
f -13858 -14266 -13851
f -14266 -14257 -13851
f -15390 -14257 -14266
f -14257 -15390 -15053
f -15053 -13959 -14257
f -13959 -15053 -13806
f -13858 -14180 -13800
f -13800 -14266 -13858
f -14266 -13800 -15390
f -13803 -15390 -13800
f -15390 -13803 -13797
f -14975 -15390 -13797
f -15390 -14975 -15053
f -14975 -15809 -15053
f -13806 -15053 -15809
f -15815 -13806 -15809
f -13806 -15815 -15302
f -15296 -13800 -14180
f -15296 -13803 -13800
f -13803 -15296 -13802
f -13802 -13862 -13803
f -13955 -13803 -13862
f -13803 -13955 -14268
f -14268 -13797 -13803
f -13797 -14268 -15119
f -15119 -14975 -13797
f -14188 -13802 -15296
f -13802 -14188 -13796
f -13796 -14198 -13802
f -13862 -13802 -14198
f -14197 -13862 -14198
f -13862 -14197 -13884
f -13954 -13862 -13884
f -13862 -13954 -13955
f -14188 -13801 -13796
f -13863 -13796 -13801
f -13796 -13863 -15048
f -15048 -13810 -13796
f -14198 -13796 -13810
f -13810 -14197 -14198
f -14184 -14197 -13810
f -14197 -14184 -15387
f -15387 -13884 -14197
f -13801 -14188 -14187
f -15699 -16752 -15672
f -15914 -14192 -14194
f -15914 -14194 -13805
f -14914 -15914 -13805
f -15914 -14914 -14882
f -14881 -14882 -14914
f -14914 -14237 -14881
f -14237 -14246 -14881
f -13807 -13805 -14194
f -13805 -13807 -14193
f -14237 -13805 -14193
f -13805 -14237 -14914
f -14193 -13807 -15767
f -14193 -15767 -15779
f -13948 -14193 -15779
f -14193 -13948 -14237
f -14246 -14237 -13948
f -13948 -14917 -14246
f -15779 -14917 -13948
f -13807 -14271 -15767
f -14272 -15767 -14271
f -15767 -14272 -15778
f -15464 -15767 -15778
f -15778 -15167 -15464
f -15174 -15464 -15167
f -15167 -15156 -15174
f -14271 -13807 -15126
f -15306 -14271 -15126
f -14271 -15306 -15293
f -15293 -14272 -14271
f -14272 -15293 -13961
f -14272 -13961 -15778
f -15778 -13961 -15167
f -15773 -15167 -13961
f -15167 -15773 -15160
f -15156 -15167 -15160
f -15160 -15157 -15156
f -15306 -14200 -15293
f -14200 -13961 -15293
f -13961 -14200 -15308
f -15308 -15773 -13961
f -15773 -15308 -15392
f -15392 -14675 -15773
f -14676 -15773 -14675
f -15773 -14676 -15160
f -14032 -14200 -15306
f -14200 -14032 -15997
f -15997 -15308 -14200
f -15308 -15997 -13977
f -13977 -15392 -15308
f -15392 -13977 -15994
f -16499 -15392 -15994
f -15392 -16499 -14940
f -14940 -15155 -15392
f -14675 -15392 -15155
f -14032 -15921 -15997
f -15955 -15997 -15921
f -15997 -15955 -13977
f -15955 -15994 -13977
f -15994 -15955 -15996
f -15996 -16499 -15994
f -16499 -15996 -15992
f -15996 -15995 -15992
f -15995 -15996 -15960
f -15960 -15965 -15995
f -15921 -14032 -14033
f -14033 -15943 -15921
f -14050 -15921 -15943
f -15921 -14050 -15955
f -16070 -15955 -14050
f -15955 -16070 -15996
f -14048 -15996 -16070
f -15996 -14048 -15960
f -14048 -14046 -15960
f -15960 -14046 -15949
f -15965 -15960 -15949
f -14033 -14105 -15943
f -14104 -15943 -14105
f -15943 -14104 -14050
f -14105 -14033 -14092
f -15973 -14105 -14092
f -14105 -15973 -14001
f -14001 -14104 -14105
f -14104 -14001 -16890
f -14034 -16890 -14001
f -16890 -14034 -14000
f -14034 -15944 -14000
f -14019 -14001 -15973
f -15945 -14001 -14019
f -14001 -15945 -14034
f -13976 -14034 -15945
f -14034 -13976 -13790
f -15944 -14034 -13790
f -15998 -15944 -13790
f -15944 -15998 -16068
f -15973 -15978 -14019
f -15978 -16726 -14019
f -16729 -14019 -16726
f -14019 -16729 -15945
f -14136 -15945 -16729
f -15945 -14136 -13976
f -15978 -15973 -15954
f -16657 -15978 -15954
f -16657 -16701 -15978
f -16726 -15978 -16701
f -16701 -16720 -16726
f -14086 -16726 -16720
f -16726 -14086 -16729
f -16729 -14086 -14136
f -14136 -14086 -14135
f -14135 -13976 -14136
f -15972 -16657 -15954
f -16657 -15972 -14014
f -14014 -15964 -16657
f -15964 -16727 -16657
f -16701 -16657 -16727
f -16727 -16720 -16701
f -16720 -16727 -16504
f -16504 -16722 -16720
f -14135 -16720 -16722
f -16720 -14135 -14086
f -15976 -14014 -15972
f -14017 -14014 -15976
f -14014 -14017 -14030
f -14031 -14014 -14030
f -14014 -14031 -15964
f -14031 -16725 -15964
f -16727 -15964 -16725
f -16725 -16504 -16727
f -16723 -16504 -16725
f -16722 -16504 -16723
f -15977 -15976 -15972
f -15976 -15977 -14020
f -14020 -16578 -15976
f -16984 -15976 -16578
f -15976 -16984 -14017
f -16671 -14020 -15977
f -14020 -16671 -14083
f -14020 -14083 -16916
f -16916 -16809 -14020
f -16578 -14020 -16809
f -16809 -16619 -16578
f -16578 -16619 -16984
f -16984 -16619 -16985
f -16985 -14017 -16984
f -16671 -14055 -14083
f -16825 -14083 -14055
f -14083 -16825 -16916
f -16825 -16005 -16916
f -16005 -16986 -16916
f -16809 -16916 -16986
f -16986 -16608 -16809
f -16619 -16809 -16608
f -16608 -16985 -16619
f -14055 -16671 -14049
f -14055 -14049 -15967
f -15967 -14120 -14055
f -14119 -14055 -14120
f -14055 -14119 -16825
f -16853 -16825 -14119
f -16825 -16853 -15958
f -16005 -16825 -15958
f -16501 -15967 -14049
f -15967 -16501 -16155
f -16155 -13978 -15967
f -13978 -16979 -15967
f -14120 -15967 -16979
f -16979 -14121 -14120
f -14120 -14121 -14119
f -14119 -14121 -16853
f -16981 -16853 -14121
f -16853 -16981 -16826
f -16826 -15958 -16853
f -15777 -16155 -16501
f -16155 -15777 -15388
f -15388 -15975 -16155
f -13978 -16155 -15975
f -16071 -13978 -15975
f -13978 -16071 -16073
f -16073 -16982 -13978
f -16979 -13978 -16982
f -16982 -16981 -16979
f -14121 -16979 -16981
f -15768 -15388 -15777
f -14265 -15388 -15768
f -15388 -14265 -14267
f -14267 -15386 -15388
f -15975 -15388 -15386
f -15386 -16071 -15975
f -16071 -15386 -15774
f -15774 -16074 -16071
f -16074 -16073 -16071
f -15815 -15768 -15777
f -15768 -15815 -15809
f -15809 -14975 -15768
f -15109 -15768 -14975
f -15768 -15109 -14265
f -14265 -15109 -14264
f -14264 -14267 -14265
f -14267 -14264 -13859
f -13859 -15099 -14267
f -15386 -14267 -15099
f -15099 -15774 -15386
f -15774 -15099 -13861
f -13861 -14189 -15774
f -16074 -15774 -14189
f -14975 -15119 -15109
f -15109 -15119 -14264
f -15119 -13859 -14264
f -13859 -15119 -14268
f -14268 -15112 -13859
f -15099 -13859 -15112
f -15112 -13861 -15099
f -13861 -15112 -15110
f -15110 -14972 -13861
f -14189 -13861 -14972
f -14972 -14190 -14189
f -14190 -14165 -14189
f -14473 -14189 -14165
f -14189 -14473 -16074
f -15112 -14268 -13955
f -13955 -15110 -15112
f -15110 -13955 -13954
f -13954 -15108 -15110
f -14972 -15110 -15108
f -14973 -14972 -15108
f -14190 -14972 -14973
f -14973 -14288 -14190
f -14288 -14711 -14190
f -14165 -14190 -14711
f -14710 -14165 -14711
f -14165 -14710 -13771
f -13771 -14473 -14165
f -15108 -13954 -15054
f -15054 -14973 -15108
f -14288 -14973 -15054
f -15054 -13884 -14288
f -13884 -15387 -14288
f -15387 -14708 -14288
f -14711 -14288 -14708
f -14708 -14710 -14711
f -13884 -15054 -13954
f -16725 -14031 -16723
f -14007 -16723 -14031
f -16723 -14007 -16722
f -14178 -16722 -14007
f -16722 -14178 -14135
f -13976 -14135 -14178
f -14177 -13976 -14178
f -13976 -14177 -13790
f -14030 -14007 -14031
f -14007 -14030 -13789
f -13789 -14178 -14007
f -14178 -13789 -14177
f -13789 -16236 -14177
f -16046 -14177 -16236
f -14177 -16046 -15998
f -13790 -14177 -15998
f -15974 -13789 -14030
f -13789 -15974 -16615
f -16615 -14042 -13789
f -16236 -13789 -14042
f -16016 -16236 -14042
f -16236 -16016 -15982
f -14043 -16236 -15982
f -16236 -14043 -16046
f -14017 -15974 -14030
f -14017 -15970 -15974
f -14018 -15974 -15970
f -14018 -16615 -15974
f -16615 -14018 -16531
f -16531 -16512 -16615
f -14042 -16615 -16512
f -14091 -14042 -16512
f -14042 -14091 -16515
f -16016 -14042 -16515
f -14017 -14124 -15970
f -14124 -15953 -15970
f -15971 -15970 -15953
f -15970 -15971 -14018
f -15971 -14103 -14018
f -14103 -16531 -14018
f -14017 -16985 -14124
f -16579 -14124 -16985
f -14124 -16579 -16800
f -15953 -14124 -16800
f -14016 -15953 -16800
f -15953 -14016 -14015
f -14015 -15971 -15953
f -16985 -16608 -16579
f -16579 -16608 -16801
f -16801 -16800 -16579
f -16800 -16801 -14016
f -16802 -14016 -16801
f -14016 -16802 -14006
f -14005 -14016 -14006
f -14016 -14005 -14015
f -14005 -16520 -14015
f -14015 -16520 -15971
f -16801 -16608 -16802
f -14125 -16802 -16608
f -16802 -14125 -14123
f -14123 -14006 -16802
f -14006 -14123 -15959
f -14054 -14006 -15959
f -14054 -14005 -14006
f -15923 -14005 -14054
f -15923 -16524 -14005
f -16520 -14005 -16524
f -16608 -16986 -14125
f -14122 -14125 -16986
f -14123 -14125 -14122
f -14122 -15959 -14123
f -15959 -14122 -16005
f -16005 -14010 -15959
f -14010 -14054 -15959
f -14054 -14010 -14009
f -14009 -15923 -14054
f -16986 -16005 -14122
f -14010 -16005 -15958
f -15958 -16826 -14010
f -16980 -14010 -16826
f -14010 -16980 -14108
f -14108 -14009 -14010
f -14009 -14108 -15956
f -15956 -14008 -14009
f -15923 -14009 -14008
f -16826 -16808 -16980
f -16575 -16980 -16808
f -16980 -16575 -16852
f -16852 -14108 -16980
f -14108 -16852 -16534
f -15962 -14108 -16534
f -14108 -15962 -15956
f -15957 -15956 -15962
f -14008 -15956 -15957
f -16808 -16826 -16981
f -16981 -16982 -16808
f -16983 -16808 -16982
f -16808 -16983 -16575
f -16535 -16575 -16983
f -16575 -16535 -16574
f -16574 -16852 -16575
f -16852 -16574 -14107
f -14107 -16534 -16852
f -16534 -14107 -16854
f -15963 -16534 -16854
f -16534 -15963 -15962
f -16982 -16073 -16983
f -14013 -16983 -16073
f -16983 -14013 -16535
f -14012 -16535 -14013
f -16535 -14012 -16573
f -16573 -16574 -16535
f -14107 -16574 -16573
f -16573 -16854 -14107
f -16854 -16573 -14012
f -14222 -16854 -14012
f -16854 -14222 -14213
f -14213 -15963 -16854
f -16073 -16074 -14013
f -14473 -14013 -16074
f -14013 -14473 -14467
f -14467 -14012 -14013
f -14012 -14467 -14222
f -14467 -14225 -14222
f -14225 -14213 -14222
f -14213 -14225 -14212
f -14212 -14371 -14213
f -15963 -14213 -14371
f -14371 -15961 -15963
f -15961 -15962 -15963
f -14473 -14471 -14467
f -14225 -14467 -14471
f -14471 -14660 -14225
f -14778 -14225 -14660
f -14225 -14778 -14212
f -14777 -14212 -14778
f -14212 -14777 -14776
f -14776 -14224 -14212
f -14371 -14212 -14224
f -14471 -14473 -14466
f -14466 -14468 -14471
f -14468 -14779 -14471
f -14660 -14471 -14779
f -14779 -14760 -14660
f -14660 -14760 -14778
f -14758 -14778 -14760
f -14778 -14758 -14777
f -14473 -13771 -14466
f -13772 -14466 -13771
f -14466 -13772 -14435
f -14468 -14466 -14435
f -14438 -14468 -14435
f -14468 -14438 -14434
f -14434 -14773 -14468
f -14779 -14468 -14773
f -14773 -14760 -14779
f -14760 -14773 -14758
f -15849 -13772 -13771
f -13772 -15849 -15850
f -15850 -14164 -13772
f -14438 -13772 -14164
f -13772 -14438 -14435
f -13771 -15343 -15849
f -15849 -15343 -15887
f -15887 -15850 -15849
f -15850 -15887 -15339
f -15339 -15847 -15850
f -14164 -15850 -15847
f -15847 -13779 -14164
f -13785 -14164 -13779
f -13785 -14438 -14164
f -15343 -13771 -14710
f -14710 -15886 -15343
f -15343 -15886 -15887
f -15886 -15339 -15887
f -15339 -15886 -15885
f -15885 -15340 -15339
f -15847 -15339 -15340
f -15888 -15847 -15340
f -13779 -15847 -15888
f -15886 -14710 -14870
f -14870 -15885 -15886
f -15885 -14870 -15337
f -15337 -15334 -15885
f -15340 -15885 -15334
f -15334 -15888 -15340
f -15341 -15888 -15334
f -15888 -15341 -13779
f -14710 -14708 -14870
f -14842 -14870 -14708
f -14870 -14842 -14871
f -14871 -15337 -14870
f -15337 -14871 -14702
f -15197 -15337 -14702
f -15337 -15197 -15341
f -15334 -15337 -15341
f -14708 -15387 -14842
f -14184 -14842 -15387
f -14842 -14184 -15228
f -15228 -14871 -14842
f -14871 -15228 -15133
f -14707 -14871 -15133
f -14871 -14707 -14702
f -14873 -14702 -14707
f -14702 -14873 -15197
f -14810 -15197 -14873
f -15197 -14810 -15130
f -15130 -15341 -15197
f -13798 -15228 -14184
f -15228 -13798 -16385
f -14828 -15228 -16385
f -15228 -14828 -15133
f -15133 -14828 -14829
f -14829 -14707 -15133
f -14707 -14829 -15224
f -15224 -14873 -14707
f -14269 -13798 -14184
f -13798 -14269 -13867
f -13867 -14186 -13798
f -15193 -13798 -14186
f -13798 -15193 -16385
f -15193 -14828 -16385
f -14828 -15193 -15192
f -14828 -15192 -14829
f -15192 -15224 -14829
f -14184 -15047 -14269
f -14289 -14269 -15047
f -14269 -14289 -14974
f -13867 -14269 -14974
f -13868 -13867 -14974
f -14186 -13867 -13868
f -15047 -14184 -13810
f -13810 -15048 -15047
f -13883 -15047 -15048
f -15047 -13883 -14289
f -13865 -14289 -13883
f -14289 -13865 -13866
f -13866 -14974 -14289
f -14974 -13866 -13868
f -13804 -13868 -13866
f -13868 -13804 -14186
f -15048 -13863 -13883
f -13863 -13865 -13883
f -13801 -13865 -13863
f -13865 -13801 -14195
f -14195 -13866 -13865
f -13866 -14195 -13804
f -14191 -13804 -14195
f -13804 -14191 -13799
f -13799 -14186 -13804
f -14186 -13799 -14185
f -14727 -14186 -14185
f -14186 -14727 -14823
f -15193 -14186 -14823
f -14728 -15193 -14823
f -15193 -14728 -15192
f -14880 -13799 -14191
f -13799 -14880 -14248
f -14248 -14185 -13799
f -14185 -14248 -14879
f -14910 -14185 -14879
f -14910 -14727 -14185
f -14727 -14910 -15417
f -15417 -15574 -14727
f -15574 -14812 -14727
f -14812 -14823 -14727
f -14823 -14812 -14728
f -13838 -14248 -14880
f -14248 -13838 -13839
f -13839 -14879 -14248
f -14879 -13839 -14909
f -14909 -14910 -14879
f -15851 -14910 -14909
f -14910 -15851 -15417
f -15851 -15848 -15417
f -15574 -15417 -15848
f -15574 -15848 -13782
f -13782 -14812 -15574
f -14812 -13782 -14818
f -14728 -14812 -14818
f -14818 -14814 -14728
f -14813 -14728 -14814
f -14728 -14813 -15192
f -15848 -15851 -15415
f -15415 -15856 -15848
f -13783 -15848 -15856
f -15848 -13783 -13782
f -13783 -14167 -13782
f -14819 -13782 -14167
f -13782 -14819 -14818
f -14814 -14818 -14819
f -14819 -14872 -14814
f -15195 -14814 -14872
f -14814 -15195 -14813
f -15856 -15415 -15832
f -15856 -15832 -15429
f -13783 -15856 -15429
f -14709 -13783 -15429
f -14709 -14167 -13783
f -14167 -14709 -14156
f -14817 -14167 -14156
f -14167 -14817 -14819
f -14872 -14819 -14817
f -15833 -15832 -15415
f -13944 -15832 -15833
f -15832 -13944 -14709
f -15832 -14709 -15429
f -15415 -15427 -15833
f -15427 -13944 -15833
f -13944 -15427 -15420
f -14835 -13944 -15420
f -13944 -14835 -15421
f -15421 -14155 -13944
f -13944 -14155 -14701
f -13944 -14701 -14709
f -15427 -15415 -14836
f -14836 -15859 -15427
f -15260 -15427 -15859
f -15427 -15260 -15420
f -15187 -15420 -15260
f -15420 -15187 -14835
f -16749 -14835 -15187
f -14835 -16749 -16748
f -15186 -14835 -16748
f -14835 -15186 -15421
f -15186 -15434 -15421
f -14155 -15421 -15434
f -15872 -15260 -15859
f -15260 -15872 -15858
f -14837 -15260 -15858
f -15260 -14837 -15187
f -16178 -15187 -14837
f -15187 -16178 -16749
f -16178 -16969 -16749
f -16969 -16748 -16749
f -16748 -16969 -16747
f -14831 -16748 -16747
f -16748 -14831 -15186
f -15872 -15438 -15858
f -15437 -15858 -15438
f -15858 -15437 -14837
f -16184 -14837 -15437
f -14837 -16184 -16178
f -16174 -16178 -16184
f -16178 -16174 -16382
f -16969 -16178 -16382
f -16382 -17052 -16969
f -17052 -16747 -16969
f -15438 -15872 -15430
f -15430 -15426 -15438
f -15426 -15437 -15438
f -15437 -15426 -15207
f -15207 -15423 -15437
f -15423 -16184 -15437
f -16184 -15423 -15882
f -16177 -16184 -15882
f -16184 -16177 -16174
f -16177 -16185 -16174
f -16185 -16382 -16174
f -15416 -15426 -15430
f -15426 -15416 -15836
f -15875 -15426 -15836
f -15426 -15875 -15207
f -15875 -15419 -15207
f -15419 -15423 -15207
f -15423 -15419 -15435
f -15435 -15882 -15423
f -15882 -15435 -15881
f -16277 -15882 -15881
f -15882 -16277 -16177
f -15836 -15416 -15441
f -15414 -15836 -15441
f -15414 -15875 -15836
f -15875 -15414 -15408
f -15408 -15405 -15875
f -15419 -15875 -15405
f -15416 -15440 -15441
f -15441 -15440 -16283
f -15441 -16283 -15217
f -15217 -15414 -15441
f -15414 -15217 -16122
f -15414 -16122 -16458
f -15408 -15414 -16458
f -15573 -15440 -15416
f -15440 -15573 -15406
f -16363 -15440 -15406
f -15440 -16363 -16278
f -16279 -15440 -16278
f -15440 -16279 -16283
f -16279 -14861 -16283
f -16451 -16283 -14861
f -16283 -16451 -15217
f -16451 -16122 -15217
f -16122 -16451 -16365
f -16365 -16458 -16122
f -16363 -15406 -16361
f -16363 -16361 -16151
f -16138 -16363 -16151
f -16446 -16363 -16138
f -15216 -16363 -16446
f -16363 -15216 -16278
f -14853 -16278 -15216
f -16278 -14853 -16279
f -14861 -16279 -14853
f -16151 -15999 -16138
f -16138 -15999 -16446
f -15999 -14696 -16446
f -14205 -16446 -14696
f -16446 -14205 -14858
f -14858 -15216 -16446
f -14858 -16147 -15216
f -16147 -16447 -15216
f -16447 -14853 -15216
f -16447 -14861 -14853
f -16151 -15003 -15999
f -14696 -15999 -15003
f -15003 -16151 -15024
f -16858 -15024 -16151
f -15024 -16858 -15712
f -16837 -15712 -16858
f -15712 -16837 -15709
f -16838 -15709 -16837
f -15709 -16838 -15726
f -16151 -16837 -16858
f -16837 -16151 -16838
f -14968 -14858 -14205
f -14858 -14968 -16147
f -14694 -16147 -14968
f -16147 -14694 -16447
f -14697 -16447 -14694
f -16447 -14697 -14861
f -14955 -14861 -14697
f -14861 -14955 -16453
f -16453 -16451 -14861
f -16453 -16360 -16451
f -16360 -16148 -16451
f -16139 -16451 -16148
f -16451 -16139 -16365
f -14963 -16453 -14955
f -16453 -14963 -16360
f -14961 -16360 -14963
f -16360 -14961 -16148
f -14964 -16148 -14961
f -16148 -14964 -16139
f -14957 -16139 -14964
f -16139 -14957 -16366
f -16141 -16139 -16366
f -16139 -16141 -16365
f -16458 -16365 -16141
f -16141 -16460 -16458
f -16460 -15408 -16458
f -14959 -16366 -14957
f -16366 -14959 -16282
f -16366 -16282 -16141
f -16282 -16140 -16141
f -16072 -16141 -16140
f -16141 -16072 -16142
f -16460 -16141 -16142
f -16142 -16462 -16460
f -15408 -16460 -16462
f -15835 -15408 -16462
f -15405 -15408 -15835
f -14966 -16282 -14959
f -16282 -14966 -16140
f -14988 -16140 -14966
f -16140 -14988 -16072
f -15009 -16072 -14988
f -16072 -15009 -16069
f -16369 -16072 -16069
f -16072 -16369 -16142
f -16462 -16142 -16369
f -16369 -16463 -16462
f -16463 -15835 -16462
f -16463 -16465 -15835
f -16465 -15857 -15835
f -15857 -15405 -15835
f -15405 -15857 -15425
f -15425 -15419 -15405
f -15005 -16069 -15009
f -16069 -15005 -16368
f -16369 -16069 -16368
f -16369 -16368 -16444
f -16463 -16369 -16444
f -16444 -16465 -16463
f -16465 -16444 -14718
f -16367 -16465 -14718
f -16465 -16367 -16137
f -16465 -16137 -15857
f -14958 -16368 -15005
f -16368 -14958 -16170
f -16368 -16170 -16444
f -16170 -14718 -16444
f -14718 -16170 -16168
f -14718 -16168 -16281
f -16367 -14718 -16281
f -14965 -16170 -14958
f -16170 -14965 -16168
f -14962 -16168 -14965
f -16168 -14962 -16281
f -14960 -16281 -14962
f -16281 -14960 -16171
f -16171 -16367 -16281
f -16367 -16171 -16449
f -16450 -16367 -16449
f -16450 -16146 -16367
f -16146 -16137 -16367
f -14969 -16171 -14960
f -16171 -14969 -16449
f -14971 -16449 -14969
f -16449 -14971 -16450
f -14982 -16450 -14971
f -16450 -14982 -16146
f -14970 -16146 -14982
f -16146 -14970 -16137
f -14890 -16137 -14970
f -16137 -14890 -15857
f -14902 -15857 -14890
f -15857 -14902 -15425
f -14887 -15425 -14902
f -15425 -14887 -15874
f -15419 -15425 -15874
f -15419 -15874 -15880
f -15880 -15435 -15419
f -15435 -15880 -15433
f -15435 -15433 -15883
f -15883 -15881 -15435
f -14888 -15874 -14887
f -15874 -14888 -15880
f -14886 -15880 -14888
f -15880 -14886 -15433
f -14903 -15433 -14886
f -15433 -14903 -15883
f -14905 -15883 -14903
f -15883 -14905 -15422
f -15881 -15883 -15422
f -14859 -15881 -15422
f -15881 -14859 -16277
f -16136 -16277 -14859
f -16277 -16136 -16149
f -16149 -16177 -16277
f -14690 -15422 -14905
f -15422 -14690 -14859
f -14995 -14859 -14690
f -14859 -14995 -16136
f -14997 -16136 -14995
f -16136 -14997 -16145
f -16145 -16149 -16136
f -16145 -17053 -16149
f -15878 -16149 -17053
f -16177 -16149 -15878
f -16185 -16177 -15878
f -15878 -15431 -16185
f -16175 -16185 -15431
f -16382 -16185 -16175
f -14695 -16145 -14997
f -16145 -14695 -16124
f -17053 -16145 -16124
f -16179 -17053 -16124
f -17053 -16179 -15879
f -15879 -15878 -17053
f -15878 -15879 -15431
f -16962 -15431 -15879
f -15431 -16962 -16744
f -15431 -16744 -16741
f -16175 -15431 -16741
f -14897 -16124 -14695
f -16124 -14897 -16179
f -14899 -16179 -14897
f -16179 -14899 -16180
f -16180 -15879 -16179
f -15879 -16180 -16968
f -16968 -16962 -15879
f -16968 -16965 -16962
f -16744 -16962 -16965
f -16744 -16965 -16741
f -16965 -16384 -16741
f -16384 -16750 -16741
f -16750 -17052 -16741
f -17052 -16175 -16741
f -14895 -16180 -14899
f -16180 -14895 -15439
f -15439 -16968 -16180
f -16968 -15439 -15424
f -16965 -16968 -15424
f -16384 -16965 -15424
f -15436 -16384 -15424
f -16384 -15436 -16740
f -16740 -15877 -16384
f -15877 -16750 -16384
f -14900 -15439 -14895
f -15439 -14900 -15432
f -15428 -15439 -15432
f -15428 -15424 -15439
f -15424 -15428 -15436
f -15428 -15876 -15436
f -15876 -16740 -15436
f -16740 -15876 -15877
f -15876 -16690 -15877
f -17055 -15877 -16690
f -15877 -17055 -17054
f -16750 -15877 -17054
f -14901 -15432 -14900
f -15432 -14901 -16381
f -16381 -16970 -15432
f -17056 -15432 -16970
f -15432 -17056 -15884
f -15884 -15428 -15432
f -15876 -15428 -15884
f -15884 -16973 -15876
f -15876 -16973 -16690
f -14898 -16381 -14901
f -16381 -14898 -16383
f -16383 -15244 -16381
f -14673 -16381 -15244
f -16381 -14673 -16970
f -14673 -17056 -16970
f -17056 -14673 -14672
f -14672 -16751 -17056
f -16751 -15884 -17056
f -16973 -15884 -16751
f -14894 -16383 -14898
f -16383 -14894 -14699
f -14699 -14686 -16383
f -15244 -16383 -14686
f -15244 -14686 -15247
f -15247 -14673 -15244
f -14673 -15247 -14689
f -14689 -14672 -14673
f -14896 -14699 -14894
f -14699 -14896 -16173
f -14158 -14699 -16173
f -14699 -14158 -13787
f -13787 -14686 -14699
f -14686 -13787 -14173
f -14686 -14173 -15247
f -14173 -14689 -15247
f -14689 -14173 -15951
f -15951 -14688 -14689
f -14672 -14689 -14688
f -14892 -16173 -14896
f -16173 -14892 -16176
f -16176 -14158 -16173
f -14158 -16176 -14827
f -14816 -14158 -14827
f -14158 -14816 -13769
f -14171 -14158 -13769
f -14158 -14171 -13787
f -16164 -13787 -14171
f -13787 -16164 -14173
f -16164 -15951 -14173
f -14893 -16176 -14892
f -16176 -14893 -16467
f -16467 -14827 -16176
f -14827 -16467 -15200
f -15200 -14816 -14827
f -14816 -15200 -14824
f -14862 -14816 -14824
f -14816 -14862 -14860
f -14860 -13769 -14816
f -14692 -16467 -14893
f -16467 -14692 -15215
f -15215 -15200 -16467
f -15214 -15200 -15215
f -15200 -15214 -14824
f -15214 -14825 -14824
f -14824 -14825 -15201
f -14824 -15201 -14862
f -15201 -15129 -14862
f -15129 -14860 -14862
f -14691 -15215 -14692
f -15215 -14691 -15214
f -14206 -15214 -14691
f -15214 -14206 -16443
f -14825 -15214 -16443
f -16445 -14825 -16443
f -14825 -16445 -16181
f -14825 -16181 -15201
f -15148 -15201 -16181
f -15201 -15148 -15129
f -14207 -16443 -14206
f -16443 -14207 -16445
f -14956 -16445 -14207
f -16445 -14956 -16448
f -16448 -16181 -16445
f -16181 -16448 -14848
f -15148 -16181 -14848
f -15232 -15148 -14848
f -15148 -15232 -14866
f -14866 -15146 -15148
f -15145 -15148 -15146
f -15148 -15145 -15129
f -14953 -16448 -14956
f -16448 -14953 -14722
f -15232 -16448 -14722
f -16448 -15232 -14848
f -14954 -14722 -14953
f -14722 -14954 -14721
f -14721 -15232 -14722
f -15232 -14721 -16123
f -16123 -14866 -15232
f -16123 -15139 -14866
f -15146 -14866 -15139
f -15139 -15147 -15146
f -14681 -15146 -15147
f -15146 -14681 -15145
f -14967 -14721 -14954
f -14721 -14967 -16123
f -15014 -16123 -14967
f -16123 -15014 -16029
f -16029 -15226 -16123
f -15139 -16123 -15226
f -14907 -15139 -15226
f -15147 -15139 -14907
f -15144 -15147 -14907
f -15147 -15144 -14867
f -15149 -15147 -14867
f -15147 -15149 -14681
f -15016 -16029 -15014
f -16029 -15016 -16039
f -16039 -15225 -16029
f -15226 -16029 -15225
f -15233 -15226 -15225
f -15233 -14907 -15226
f -14863 -14907 -15233
f -14907 -14863 -15203
f -15203 -15144 -14907
f -15015 -16039 -15016
f -16039 -15015 -16042
f -16042 -16461 -16039
f -15225 -16039 -16461
f -15233 -15225 -16461
f -14748 -15233 -16461
f -14747 -15233 -14748
f -15233 -14747 -14863
f -14677 -14863 -14747
f -14863 -14677 -15179
f -15179 -15203 -14863
f -14987 -16042 -15015
f -16042 -14987 -16130
f -16130 -16464 -16042
f -16461 -16042 -16464
f -16464 -14748 -16461
f -14981 -16130 -14987
f -16130 -14981 -16065
f -16065 -14852 -16130
f -16464 -16130 -14852
f -14748 -16464 -14852
f -14746 -14748 -14852
f -15198 -14748 -14746
f -14748 -15198 -15234
f -15204 -14748 -15234
f -14748 -15204 -14747
f -14994 -16065 -14981
f -16065 -14994 -16066
f -16066 -14857 -16065
f -14852 -16065 -14857
f -14746 -14852 -14857
f -14746 -14857 -14854
f -15839 -14746 -14854
f -14746 -15839 -15198
f -14993 -16066 -14994
f -16066 -14993 -16030
f -16030 -14854 -16066
f -14857 -16066 -14854
f -15012 -16030 -14993
f -16030 -15012 -16025
f -16025 -15319 -16030
f -14854 -16030 -15319
f -15319 -15839 -14854
f -15838 -15839 -15319
f -15839 -15838 -15407
f -15407 -15418 -15839
f -15198 -15839 -15418
f -15013 -16025 -15012
f -16025 -15013 -16028
f -16028 -15838 -16025
f -15319 -16025 -15838
f -15035 -16028 -15013
f -16028 -15035 -16041
f -16041 -14855 -16028
f -15838 -16028 -14855
f -15318 -15838 -14855
f -15838 -15318 -15407
f -15837 -15407 -15318
f -15407 -15837 -15871
f -15418 -15407 -15871
f -14980 -16041 -15035
f -16041 -14980 -16154
f -16154 -15213 -16041
f -14855 -16041 -15213
f -14841 -14855 -15213
f -14855 -14841 -15318
f -15318 -14841 -15837
f -14841 -16972 -15837
f -14834 -15837 -16972
f -15837 -14834 -15871
f -14834 -15418 -15871
f -14992 -16154 -14980
f -16154 -14992 -16135
f -16135 -14856 -16154
f -15213 -16154 -14856
f -16386 -15213 -14856
f -15213 -16386 -14841
f -16469 -14841 -16386
f -14841 -16469 -14847
f -14841 -14847 -16972
f -14991 -16135 -14992
f -16135 -14991 -16067
f -16067 -15841 -16135
f -14856 -16135 -15841
f -15841 -16386 -14856
f -16386 -15841 -15411
f -16468 -16386 -15411
f -16468 -16469 -16386
f -16468 -15362 -16469
f -15362 -14847 -16469
f -14847 -15362 -15356
f -15356 -16972 -14847
f -15010 -16067 -14991
f -16067 -15010 -16064
f -16064 -15410 -16067
f -15841 -16067 -15410
f -15410 -15411 -15841
f -15411 -15410 -15409
f -16470 -15411 -15409
f -15411 -16470 -16468
f -16470 -15380 -16468
f -15362 -16468 -15380
f -15011 -16064 -15010
f -16064 -15011 -16024
f -16024 -15461 -16064
f -15410 -16064 -15461
f -15840 -15410 -15461
f -15410 -15840 -15409
f -15840 -16470 -15409
f -16470 -15840 -14849
f -14849 -14767 -16470
f -15380 -16470 -14767
f -14979 -16024 -15011
f -16024 -14979 -16027
f -16027 -15412 -16024
f -15461 -16024 -15412
f -15842 -15461 -15412
f -15461 -15842 -15840
f -15842 -14849 -15840
f -15842 -15889 -14849
f -15889 -14762 -14849
f -14767 -14849 -14762
f -14990 -16027 -14979
f -16027 -14990 -16162
f -16162 -15843 -16027
f -15412 -16027 -15843
f -15891 -15412 -15843
f -15412 -15891 -15842
f -15889 -15842 -15891
f -14989 -16162 -14990
f -16162 -14989 -16160
f -16160 -15400 -16162
f -15843 -16162 -15400
f -15400 -15891 -15843
f -15891 -15400 -15893
f -15889 -15891 -15893
f -15782 -15889 -15893
f -15889 -15782 -15771
f -15771 -14922 -15889
f -14762 -15889 -14922
f -14998 -16160 -14989
f -16160 -14998 -16144
f -16144 -15845 -16160
f -15400 -16160 -15845
f -15845 -15893 -15400
f -15893 -15845 -15782
f -15845 -15890 -15782
f -15890 -15771 -15782
f -15740 -15771 -15890
f -15771 -15740 -15770
f -15770 -14920 -15771
f -14922 -15771 -14920
f -14983 -16144 -14998
f -16144 -14983 -16044
f -15295 -16144 -16044
f -16144 -15295 -15294
f -15845 -16144 -15294
f -15294 -15890 -15845
f -15890 -15294 -15740
f -15295 -15740 -15294
f -15740 -15295 -15741
f -15770 -15740 -15741
f -14996 -16044 -14983
f -16044 -14996 -16043
f -16044 -16043 -15295
f -16043 -16075 -15295
f -16075 -15459 -15295
f -15459 -15741 -15295
f -15741 -15459 -15846
f -15846 -15770 -15741
f -15770 -15846 -15844
f -15844 -14924 -15770
f -14920 -15770 -14924
f -15008 -16043 -14996
f -16043 -15008 -16075
f -14889 -16075 -15008
f -16075 -14889 -15459
f -14904 -15459 -14889
f -15459 -14904 -15298
f -15459 -15298 -15846
f -15298 -15781 -15846
f -15781 -15844 -15846
f -15413 -15844 -15781
f -15413 -14926 -15844
f -14924 -15844 -14926
f -14789 -14924 -14926
f -14924 -14789 -14787
f -14787 -14920 -14924
f -14693 -15298 -14904
f -15298 -14693 -15781
f -14891 -15781 -14693
f -15781 -14891 -15413
f -16769 -15413 -14891
f -15413 -16769 -14923
f -14926 -15413 -14923
f -14925 -14926 -14923
f -14926 -14925 -14789
f -14925 -14793 -14789
f -14793 -14791 -14789
f -14791 -14787 -14789
f -16768 -14923 -16769
f -14923 -16768 -14925
f -16879 -14925 -16768
f -14925 -16879 -14793
f -16920 -14793 -16879
f -14793 -16920 -14788
f -14788 -14791 -14793
f -14765 -14791 -14788
f -14765 -14781 -14791
f -14787 -14791 -14781
f -14787 -14781 -14794
f -14794 -14782 -14787
f -14920 -14787 -14782
f -16947 -14788 -16920
f -14788 -16947 -14765
f -17020 -14765 -16947
f -14765 -17020 -14162
f -14162 -14790 -14765
f -14781 -14765 -14790
f -14794 -14781 -14790
f -14790 -14771 -14794
f -14771 -14792 -14794
f -14782 -14794 -14792
f -16856 -14162 -17020
f -14162 -16856 -15524
f -15524 -14790 -14162
f -15523 -14790 -15524
f -15521 -14790 -15523
f -14790 -15521 -14771
f -15521 -14783 -14771
f -14792 -14771 -14783
f -14783 -14780 -14792
f -14792 -14780 -14782
f -16992 -15524 -16856
f -15524 -16992 -15523
f -16855 -15523 -16992
f -15523 -16855 -15521
f -16836 -15521 -16855
f -15521 -16836 -14160
f -14783 -15521 -14160
f -14160 -14785 -14783
f -14784 -14783 -14785
f -14783 -14784 -14780
f -14763 -14780 -14784
f -14780 -14763 -14782
f -14922 -14782 -14763
f -14782 -14922 -14920
f -17019 -14160 -16836
f -14160 -17019 -14161
f -14785 -14160 -14161
f -14161 -14935 -14785
f -14785 -14935 -14786
f -14786 -14784 -14785
f -14763 -14784 -14786
f -14921 -14763 -14786
f -14763 -14921 -14736
f -14762 -14763 -14736
f -14763 -14762 -14922
f -16835 -14161 -17019
f -14161 -16835 -14166
f -14935 -14161 -14166
f -14166 -14938 -14935
f -14938 -14786 -14935
f -14786 -14938 -14921
f -14921 -14938 -14933
f -14933 -14929 -14921
f -14921 -14929 -14736
f -14929 -14761 -14736
f -14767 -14736 -14761
f -14736 -14767 -14762
f -16996 -14166 -16835
f -14166 -16996 -14170
f -14938 -14166 -14170
f -14170 -14933 -14938
f -14933 -14170 -14712
f -14712 -14937 -14933
f -14937 -14929 -14933
f -14929 -14937 -14936
f -14761 -14929 -14936
f -16786 -14170 -16996
f -14170 -16786 -14712
f -16604 -14712 -16786
f -14712 -16604 -14799
f -14937 -14712 -14799
f -14799 -14927 -14937
f -14931 -14937 -14927
f -14937 -14931 -14936
f -14931 -14761 -14936
f -14761 -14931 -14739
f -15380 -14761 -14739
f -14761 -15380 -14767
f -16602 -14799 -16604
f -14799 -16602 -14798
f -14927 -14799 -14798
f -14798 -15367 -14927
f -14927 -15367 -14764
f -14764 -14931 -14927
f -14739 -14931 -14764
f -14739 -14764 -14766
f -15362 -14739 -14766
f -14739 -15362 -15380
f -16995 -14798 -16602
f -14798 -16995 -14159
f -15367 -14798 -14159
f -14159 -15361 -15367
f -15361 -14764 -15367
f -14764 -15361 -14737
f -14737 -14766 -14764
f -14766 -14737 -14738
f -14738 -15362 -14766
f -15362 -14738 -15356
f -16790 -14159 -16995
f -14159 -16790 -14797
f -15361 -14159 -14797
f -14797 -15360 -15361
f -15360 -14737 -15361
f -14737 -15360 -15080
f -15080 -15058 -14737
f -14737 -15058 -14390
f -14737 -14390 -14738
f -14390 -15356 -14738
f -15356 -14390 -14742
f -16972 -15356 -14742
f -16789 -14797 -16790
f -14797 -16789 -14806
f -15360 -14797 -14806
f -14806 -14934 -15360
f -14934 -15080 -15360
f -15080 -14934 -14930
f -14930 -15058 -15080
f -15058 -14930 -15057
f -14741 -15058 -15057
f -15058 -14741 -14390
f -14388 -14390 -14741
f -14390 -14388 -14742
f -14388 -16972 -14742
f -16972 -14388 -14834
f -16805 -14806 -16789
f -14806 -16805 -14804
f -14934 -14806 -14804
f -14804 -14928 -14934
f -14932 -14934 -14928
f -14934 -14932 -14930
f -15060 -14930 -14932
f -14930 -15060 -15057
f -15060 -14741 -15057
f -14741 -15060 -15059
f -15359 -14741 -15059
f -14741 -15359 -14388
f -15359 -14834 -14388
f -16605 -14804 -16805
f -14804 -16605 -14805
f -14928 -14804 -14805
f -14805 -15364 -14928
f -14928 -15364 -14932
f -14932 -15364 -14572
f -14572 -14566 -14932
f -14566 -15060 -14932
f -15059 -15060 -14566
f -14566 -14602 -15059
f -15358 -15059 -14602
f -15059 -15358 -15359
f -16603 -14805 -16605
f -14805 -16603 -14802
f -15364 -14805 -14802
f -14802 -15369 -15364
f -14572 -15364 -15369
f -14572 -15369 -15366
f -14572 -15366 -14571
f -14571 -14566 -14572
f -14566 -14571 -14601
f -14565 -14566 -14601
f -14566 -14565 -14602
f -16834 -14802 -16603
f -14802 -16834 -14803
f -15369 -14802 -14803
f -14803 -15366 -15369
f -15366 -14803 -14801
f -14801 -15278 -15366
f -14571 -15366 -15278
f -16994 -14803 -16834
f -14803 -16994 -14801
f -16993 -14801 -16994
f -14801 -16993 -14796
f -15278 -14801 -14796
f -14796 -15277 -15278
f -15278 -15277 -14571
f -14571 -15277 -14579
f -14579 -14544 -14571
f -14521 -14571 -14544
f -14571 -14521 -14601
f -16807 -14796 -16993
f -14796 -16807 -14800
f -15277 -14796 -14800
f -14800 -14578 -15277
f -14579 -15277 -14578
f -14579 -14578 -14620
f -14579 -14620 -14549
f -14549 -14545 -14579
f -14544 -14579 -14545
f -14545 -14625 -14544
f -14544 -14625 -14521
f -16806 -14800 -16807
f -14800 -16806 -14795
f -14578 -14800 -14795
f -14795 -14620 -14578
f -14620 -14795 -15265
f -15265 -14489 -14620
f -14549 -14620 -14489
f -14489 -14497 -14549
f -14497 -14495 -14549
f -14495 -14617 -14549
f -14545 -14549 -14617
f -16976 -14795 -16806
f -14795 -16976 -15265
f -16974 -15265 -16976
f -15265 -16974 -15332
f -14589 -15265 -15332
f -15265 -14589 -14512
f -14489 -15265 -14512
f -14512 -14594 -14489
f -14497 -14489 -14594
f -17011 -15332 -16974
f -15332 -17011 -15357
f -15332 -15357 -14589
f -15384 -14589 -15357
f -14589 -15384 -14580
f -14486 -14589 -14580
f -14589 -14486 -14512
f -14594 -14512 -14486
f -14486 -14524 -14594
f -14526 -14594 -14524
f -14594 -14526 -14497
f -17008 -15357 -17011
f -15357 -17008 -15384
f -17006 -15384 -17008
f -15384 -17006 -15383
f -15281 -15384 -15383
f -15384 -15281 -14580
f -14486 -14580 -15281
f -14569 -14486 -15281
f -14486 -14569 -14500
f -14524 -14486 -14500
f -14500 -14499 -14524
f -14562 -14524 -14499
f -14524 -14562 -14526
f -16975 -15383 -17006
f -15383 -16975 -15382
f -14593 -15383 -15382
f -15383 -14593 -15281
f -14593 -14569 -15281
f -14568 -14569 -14593
f -14568 -14590 -14569
f -14569 -14590 -14500
f -14619 -14500 -14590
f -14500 -14619 -14488
f -14499 -14500 -14488
f -16977 -15382 -16975
f -15382 -16977 -15381
f -15381 -14593 -15382
f -14593 -15381 -14568
f -15381 -14592 -14568
f -14592 -14574 -14568
f -14574 -14590 -14568
f -14590 -14574 -14619
f -14448 -14619 -14574
f -14619 -14448 -14618
f -14618 -14488 -14619
f -17007 -15381 -16977
f -15381 -17007 -15379
f -14592 -15381 -15379
f -15379 -15282 -14592
f -15282 -14575 -14592
f -14574 -14592 -14575
f -14474 -14574 -14575
f -14574 -14474 -14448
f -14474 -14472 -14448
f -14472 -14449 -14448
f -14449 -14618 -14448
f -16883 -15379 -17007
f -15379 -16883 -15282
f -16875 -15282 -16883
f -15282 -16875 -15268
f -14575 -15282 -15268
f -15268 -14474 -14575
f -14474 -15268 -15269
f -14629 -14474 -15269
f -14474 -14629 -14443
f -14472 -14474 -14443
f -17018 -15268 -16875
f -15268 -17018 -15269
f -16691 -15269 -17018
f -15269 -16691 -14629
f -16884 -14629 -16691
f -14629 -16884 -15284
f -14629 -15284 -14628
f -14628 -14443 -14629
f -14443 -14628 -14461
f -14451 -14443 -14461
f -14443 -14451 -14472
f -16886 -15284 -16884
f -15284 -16886 -15285
f -14351 -15284 -15285
f -15284 -14351 -14628
f -14351 -14349 -14628
f -14628 -14349 -14461
f -14348 -14461 -14349
f -14461 -14348 -14450
f -14450 -14451 -14461
f -16885 -15285 -16886
f -15285 -16885 -15090
f -15285 -15090 -15095
f -14631 -15285 -15095
f -15285 -14631 -14351
f -14631 -14349 -14351
f -14349 -14631 -14348
f -14632 -14348 -14631
f -14348 -14632 -14634
f -14634 -14450 -14348
f -17012 -15090 -16885
f -15090 -17012 -15068
f -15089 -15090 -15068
f -15074 -15090 -15089
f -15071 -15090 -15074
f -15090 -15071 -15095
f -15071 -14631 -15095
f -14631 -15071 -14632
f -16882 -15068 -17012
f -15068 -16882 -15280
f -15274 -15068 -15280
f -15068 -15274 -15067
f -15067 -15089 -15068
f -15089 -15067 -15092
f -15070 -15089 -15092
f -15089 -15070 -15074
f -17015 -15280 -16882
f -15280 -17015 -15279
f -15093 -15280 -15279
f -15280 -15093 -15274
f -15274 -15093 -15273
f -15272 -15274 -15273
f -15274 -15272 -15067
f -15275 -15067 -15272
f -15275 -15092 -15067
f -15092 -15275 -15276
f -15276 -15070 -15092
f -16874 -15279 -17015
f -15279 -16874 -15267
f -15091 -15279 -15267
f -15279 -15091 -15093
f -15094 -15093 -15091
f -15093 -15094 -15072
f -15072 -15273 -15093
f -15273 -15072 -15288
f -15288 -15272 -15273
f -15288 -15084 -15272
f -15272 -15084 -15275
f -16804 -15267 -16874
f -15267 -16804 -15522
f -15522 -15091 -15267
f -15091 -15522 -15520
f -15094 -15091 -15520
f -15520 -15271 -15094
f -15271 -15264 -15094
f -15094 -15264 -15072
f -15270 -15072 -15264
f -15270 -15084 -15072
f -15072 -15084 -15288
f -17017 -15522 -16804
f -15522 -17017 -15519
f -15522 -15519 -15520
f -15519 -15370 -15520
f -15271 -15520 -15370
f -15370 -15073 -15271
f -15289 -15271 -15073
f -15271 -15289 -15263
f -15264 -15271 -15263
f -15287 -15264 -15263
f -15264 -15287 -15270
f -16881 -15519 -17017
f -15519 -16881 -15368
f -15370 -15519 -15368
f -15368 -15055 -15370
f -15073 -15370 -15055
f -15078 -15073 -15055
f -15073 -15078 -15065
f -15065 -15289 -15073
f -16765 -15368 -16881
f -15368 -16765 -15066
f -15055 -15368 -15066
f -15056 -15055 -15066
f -15055 -15056 -15078
f -15078 -15056 -15077
f -15081 -15078 -15077
f -15078 -15081 -15082
f -15082 -15065 -15078
f -16774 -15066 -16765
f -15066 -16774 -15056
f -16773 -15056 -16774
f -15056 -16773 -15077
f -16692 -15077 -16773
f -15077 -16692 -15081
f -16919 -15081 -16692
f -15081 -16919 -15079
f -15082 -15081 -15079
f -14374 -15082 -15079
f -15082 -14374 -14392
f -14387 -15082 -14392
f -15082 -14387 -14355
f -15065 -15082 -14355
f -16200 -15079 -16919
f -15079 -16200 -14374
f -16203 -14374 -16200
f -14374 -16203 -14381
f -14381 -14392 -14374
f -14392 -14381 -14385
f -14391 -14392 -14385
f -14392 -14391 -14387
f -14756 -14387 -14391
f -14387 -14756 -14383
f -14378 -14387 -14383
f -14387 -14378 -14355
f -16799 -14381 -16203
f -14381 -16799 -15528
f -15326 -14381 -15528
f -15326 -14385 -14381
f -15350 -14385 -15326
f -15350 -15325 -14385
f -14385 -15325 -14391
f -14391 -15325 -15351
f -15351 -15324 -14391
f -14391 -15324 -14756
f -16989 -15528 -16799
f -15528 -16989 -15530
f -15530 -15377 -15528
f -15377 -15326 -15528
f -15326 -15377 -15355
f -15354 -15326 -15355
f -15326 -15354 -15350
f -15328 -15350 -15354
f -15350 -15328 -15325
f -15353 -15325 -15328
f -15325 -15353 -15351
f -16831 -15530 -16989
f -15530 -16831 -15375
f -15375 -15377 -15530
f -15375 -15373 -15377
f -15377 -15373 -15385
f -15385 -15378 -15377
f -15377 -15378 -15355
f -15355 -15378 -15329
f -15330 -15355 -15329
f -15355 -15330 -15354
f -16830 -15375 -16831
f -15375 -16830 -15373
f -16918 -15373 -16830
f -15373 -16918 -15385
f -16917 -15385 -16918
f -15385 -16917 -15378
f -16829 -15378 -16917
f -15378 -16829 -15329
f -16978 -15329 -16829
f -15329 -16978 -15330
f -16595 -15330 -16978
f -15330 -16595 -15352
f -15352 -15354 -15330
f -15328 -15354 -15352
f -15328 -15352 -14868
f -14163 -15328 -14868
f -15328 -14163 -15353
f -17021 -15352 -16595
f -15352 -17021 -14868
f -17016 -14868 -17021
f -14868 -17016 -14163
f -16990 -14163 -17016
f -14163 -16990 -15515
f -15372 -14163 -15515
f -14163 -15372 -15353
f -15372 -15351 -15353
f -15351 -15372 -15324
f -15518 -15324 -15372
f -15324 -15518 -15323
f -14756 -15324 -15323
f -17014 -15515 -16990
f -15515 -17014 -15516
f -15516 -15372 -15515
f -15517 -15372 -15516
f -15371 -15372 -15517
f -15372 -15371 -15518
f -15371 -15376 -15518
f -15376 -15323 -15518
f -15323 -15376 -15349
f -15349 -14756 -15323
f -14756 -15349 -14734
f -14756 -14734 -14383
f -16833 -15516 -17014
f -15516 -16833 -15517
f -16988 -15517 -16833
f -15517 -16988 -15371
f -16832 -15371 -16988
f -15371 -16832 -15513
f -15376 -15371 -15513
f -15514 -15376 -15513
f -15374 -15376 -15514
f -15374 -15331 -15376
f -15327 -15376 -15331
f -15376 -15327 -15349
f -14734 -15349 -15327
f -16991 -15513 -16832
f -15513 -16991 -15514
f -16987 -15514 -16991
f -15514 -16987 -15374
f -16873 -15374 -16987
f -15374 -16873 -15331
f -17010 -15331 -16873
f -15331 -17010 -15322
f -15322 -15347 -15331
f -15348 -15331 -15347
f -15331 -15348 -15327
f -14732 -15327 -15348
f -14734 -15327 -14732
f -14731 -14734 -14732
f -14383 -14734 -14731
f -17013 -15322 -17010
f -15322 -17013 -15529
f -15529 -15346 -15322
f -15322 -15346 -15347
f -15321 -15347 -15346
f -15347 -15321 -15348
f -15348 -15321 -14732
f -15527 -14732 -15321
f -14732 -15527 -14730
f -14733 -14732 -14730
f -14732 -14733 -14731
f -17009 -15529 -17013
f -15529 -17009 -15365
f -15365 -15346 -15529
f -15365 -15363 -15346
f -15527 -15346 -15363
f -15346 -15527 -15321
f -16880 -15365 -17009
f -15365 -16880 -15363
f -15141 -15363 -16880
f -15363 -15141 -14869
f -15526 -15363 -14869
f -15363 -15526 -15527
f -15526 -15512 -15527
f -15527 -15512 -15525
f -15527 -15525 -14730
f -14730 -15525 -14059
f -14059 -14733 -14730
f -16772 -14869 -15141
f -14869 -16772 -15512
f -15512 -15526 -14869
f -15655 -15512 -16772
f -15512 -15655 -16784
f -16784 -16936 -15512
f -14059 -15512 -16936
f -14059 -15525 -15512
f -15696 -16784 -15655
f -16784 -15696 -16785
f -16936 -16784 -16785
f -16785 -15693 -16936
f -15665 -16936 -15693
f -16936 -15665 -16709
f -16709 -14059 -16936
f -15693 -16785 -15696
f -17052 -16382 -16175
f -15717 -16709 -15665
f -16709 -15717 -16793
f -16793 -14059 -16709
f -16473 -14059 -16793
f -16616 -14059 -16473
f -14059 -16616 -16517
f -14733 -14059 -16517
f -15705 -16793 -15717
f -16793 -15705 -16999
f -16473 -16793 -16999
f -16999 -16781 -16473
f -16781 -16794 -16473
f -16794 -16614 -16473
f -16473 -16614 -16616
f -16614 -16617 -16616
f -16617 -16571 -16616
f -16571 -16517 -16616
f -15703 -16999 -15705
f -16999 -15703 -16851
f -16781 -16999 -16851
f -16851 -15668 -16781
f -15667 -16781 -15668
f -16781 -15667 -16607
f -16607 -16794 -16781
f -16787 -16794 -16607
f -16614 -16794 -16787
f -15668 -16851 -15703
f -15701 -16607 -15667
f -16607 -15701 -16787
f -15708 -16787 -15701
f -16787 -15708 -16997
f -16614 -16787 -16997
f -16997 -16998 -16614
f -17000 -16614 -16998
f -16614 -17000 -16590
f -16590 -14116 -16614
f -16617 -16614 -14116
f -15704 -16997 -15708
f -16997 -15704 -16998
f -15691 -16998 -15704
f -16998 -15691 -17000
f -15715 -17000 -15691
f -17000 -15715 -16791
f -16590 -17000 -16791
f -15670 -16791 -15715
f -16791 -15670 -16783
f -16791 -16783 -16590
f -15714 -16783 -15670
f -16783 -15714 -17004
f -16590 -16783 -17004
f -15718 -17004 -15714
f -17004 -15718 -17002
f -16590 -17004 -17002
f -15702 -17002 -15718
f -17002 -15702 -17001
f -17001 -16590 -17002
f -16796 -16590 -17001
f -14090 -16590 -16796
f -14090 -16570 -16590
f -16612 -16590 -16570
f -16590 -16612 -16589
f -14116 -16590 -16589
f -15692 -17001 -15702
f -17001 -15692 -16796
f -15695 -16796 -15692
f -16796 -15695 -16788
f -14090 -16796 -16788
f -16795 -14090 -16788
f -14090 -16795 -16508
f -16508 -16570 -14090
f -15686 -16788 -15695
f -16788 -15686 -16795
f -15694 -16795 -15686
f -16795 -15694 -16782
f -16782 -16508 -16795
f -16508 -16782 -16511
f -16511 -16513 -16508
f -16570 -16508 -16513
f -15716 -16782 -15694
f -16782 -15716 -17003
f -17003 -16511 -16782
f -16511 -17003 -16509
f -16509 -14041 -16511
f -16513 -16511 -14041
f -14041 -16045 -16513
f -16513 -16045 -16558
f -16558 -16570 -16513
f -15713 -17003 -15716
f -17003 -15713 -17005
f -17005 -16509 -17003
f -16509 -17005 -16510
f -16510 -16395 -16509
f -16395 -14041 -16509
f -16395 -16232 -14041
f -16232 -16045 -14041
f -16045 -16232 -16242
f -16242 -16243 -16045
f -16558 -16045 -16243
f -14999 -17005 -15713
f -17005 -14999 -16559
f -16559 -16510 -17005
f -16559 -16828 -16510
f -16395 -16510 -16828
f -16828 -16393 -16395
f -16231 -16395 -16393
f -16395 -16231 -16232
f -16231 -16242 -16232
f -16242 -16231 -16234
f -16234 -16235 -16242
f -16243 -16242 -16235
f -15000 -16559 -14999
f -16559 -15000 -16728
f -16728 -16529 -16559
f -16828 -16559 -16529
f -16529 -14102 -16828
f -16393 -16828 -14102
f -14102 -16051 -16393
f -16049 -16393 -16051
f -16393 -16049 -16019
f -16019 -16231 -16393
f -15018 -16728 -15000
f -16728 -15018 -16911
f -16529 -16728 -16911
f -16911 -14101 -16529
f -14102 -16529 -14101
f -16537 -14102 -14101
f -14102 -16537 -16547
f -16051 -14102 -16547
f -14984 -16911 -15018
f -16911 -14984 -16912
f -16912 -16908 -16911
f -14101 -16911 -16908
f -16866 -14101 -16908
f -14101 -16866 -16537
f -16864 -16537 -16866
f -16537 -16864 -14074
f -14074 -16547 -16537
f -15020 -16912 -14984
f -16912 -15020 -16907
f -16908 -16912 -16907
f -16909 -16908 -16907
f -16908 -16909 -16820
f -16908 -16820 -16866
f -15690 -16907 -15020
f -16907 -15690 -16623
f -16623 -16909 -16907
f -16623 -16716 -16909
f -16909 -16716 -16820
f -16716 -15689 -16820
f -15682 -16820 -15689
f -16820 -15682 -16375
f -16375 -16866 -16820
f -15661 -16623 -15690
f -16623 -15661 -16953
f -16716 -16623 -16953
f -16953 -15687 -16716
f -15689 -16716 -15687
f -15687 -16953 -15661
f -15685 -16375 -15682
f -16375 -15685 -16717
f -16717 -16866 -16375
f -16717 -16862 -16866
f -16545 -16866 -16862
f -16866 -16545 -16864
f -15684 -16717 -15685
f -16717 -15684 -16702
f -16862 -16717 -16702
f -16862 -16702 -16586
f -16862 -16586 -16492
f -16492 -16565 -16862
f -16862 -16565 -16486
f -16486 -16545 -16862
f -16545 -16486 -14073
f -15666 -16702 -15684
f -16702 -15666 -16586
f -15658 -16586 -15666
f -16586 -15658 -16492
f -15659 -16492 -15658
f -16492 -15659 -16905
f -16905 -16565 -16492
f -16565 -16905 -16622
f -16622 -15673 -16565
f -15660 -16565 -15673
f -16565 -15660 -16902
f -16902 -16810 -16565
f -16486 -16565 -16810
f -15656 -16905 -15659
f -16905 -15656 -16622
f -15673 -16622 -15656
f -15683 -16902 -15660
f -16902 -15683 -16900
f -16810 -16902 -16900
f -16900 -15019 -16810
f -15002 -16810 -15019
f -16810 -15002 -14079
f -16544 -16810 -14079
f -16810 -16544 -16486
f -16544 -14073 -16486
f -15019 -16900 -15683
f -14073 -16544 -16637
f -16637 -16544 -16636
f -16237 -16637 -16636
f -16637 -16237 -16640
f -16237 -16638 -16640
f -16638 -16237 -16018
f -16018 -16487 -16638
f -14079 -16636 -16544
f -16636 -14079 -16906
f -16636 -16906 -16813
f -16319 -16636 -16813
f -16636 -16319 -16646
f -14068 -16636 -16646
f -16636 -14068 -16237
f -16766 -16906 -14079
f -16906 -16766 -16767
f -16767 -15720 -16906
f -15669 -16906 -15720
f -16906 -15669 -16770
f -16950 -16906 -16770
f -16906 -16950 -16813
f -14079 -15662 -16766
f -15663 -16766 -15662
f -16766 -15663 -16767
f -15720 -16767 -15663
f -15662 -14079 -15002
f -15664 -16770 -15669
f -16770 -15664 -16950
f -15697 -16950 -15664
f -16950 -15697 -16813
f -15029 -16813 -15697
f -16813 -15029 -16319
f -15037 -16319 -15029
f -16319 -15037 -16480
f -16646 -16319 -16480
f -14067 -16646 -16480
f -16646 -14067 -16681
f -16681 -14068 -16646
f -15034 -16480 -15037
f -16480 -15034 -16318
f -16320 -16480 -16318
f -16480 -16320 -14066
f -14066 -14067 -16480
f -14067 -14066 -16644
f -16329 -16644 -14066
f -16642 -16644 -16329
f -16644 -16642 -16478
f -15033 -16318 -15034
f -16318 -15033 -16320
f -15031 -16320 -15033
f -16320 -15031 -14066
f -15036 -14066 -15031
f -14066 -15036 -16329
f -15001 -16329 -15036
f -16329 -15001 -16642
f -14985 -16642 -15001
f -16642 -14985 -16479
f -16642 -16479 -16478
f -16478 -16479 -16643
f -16643 -16482 -16478
f -16482 -16643 -14028
f -14039 -16482 -14028
f -16482 -14039 -14069
f -16680 -14069 -14039
f -15023 -16479 -14985
f -16479 -15023 -16643
f -15479 -16643 -15023
f -16643 -15479 -16332
f -15984 -16643 -16332
f -16643 -15984 -14028
f -15984 -15985 -14028
f -16396 -14028 -15985
f -14028 -16396 -14039
f -15481 -16332 -15479
f -16332 -15481 -16330
f -16332 -16330 -15984
f -15492 -16330 -15481
f -16330 -15492 -16335
f -16335 -16355 -16330
f -16355 -15984 -16330
f -15491 -16335 -15492
f -16335 -15491 -16580
f -16355 -16335 -16580
f -15482 -16580 -15491
f -16580 -15482 -16355
f -15480 -16355 -15482
f -16355 -15480 -16354
f -16926 -16355 -16354
f -16355 -16926 -16929
f -15680 -16355 -16929
f -16355 -15680 -15984
f -15478 -16354 -15480
f -16354 -15478 -16926
f -15494 -16926 -15478
f -16926 -15494 -16929
f -15688 -16929 -15494
f -16929 -15688 -15680
f -15681 -15680 -15688
f -15680 -15681 -15679
f -15984 -15680 -15679
f -15984 -15679 -15496
f -15984 -15496 -16293
f -16293 -16294 -15984
f -15985 -15984 -16294
f -15493 -15679 -15681
f -15679 -15493 -15496
f -15495 -15496 -15493
f -15496 -15495 -16293
f -15489 -16293 -15495
f -16293 -15489 -16924
f -16924 -16345 -16293
f -16294 -16293 -16345
f -15488 -16924 -15489
f -16924 -15488 -14027
f -14027 -16345 -16924
f -16345 -14027 -14026
f -14027 -16259 -14026
f -16259 -14027 -16295
f -16295 -16286 -16259
f -15487 -14027 -15488
f -14027 -15487 -16928
f -16925 -14027 -16928
f -14027 -16925 -16295
f -16925 -15007 -16295
f -15022 -16295 -15007
f -16295 -15022 -16258
f -16286 -16295 -16258
f -16286 -16258 -16496
f -16496 -16670 -16286
f -15490 -16928 -15487
f -16928 -15490 -16925
f -15007 -16925 -15490
f -15486 -16258 -15022
f -16258 -15486 -16870
f -16334 -16258 -16870
f -16258 -16334 -16496
f -16334 -16668 -16496
f -13985 -16496 -16668
f -16496 -13985 -15929
f -16670 -16496 -15929
f -16540 -16670 -15929
f -16017 -16670 -16540
f -15485 -16870 -15486
f -16870 -15485 -16334
f -15483 -16334 -15485
f -16334 -15483 -16668
f -15551 -16668 -15483
f -16668 -15551 -16923
f -16904 -16668 -16923
f -16668 -16904 -13985
f -16252 -13985 -16904
f -13985 -16252 -16085
f -16539 -13985 -16085
f -13985 -16539 -15928
f -15928 -15929 -13985
f -15484 -16923 -15551
f -16923 -15484 -16904
f -15550 -16904 -15484
f -16904 -15550 -16252
f -15548 -16252 -15550
f -16252 -15548 -16303
f -16253 -16252 -16303
f -16252 -16253 -16085
f -15549 -16303 -15548
f -16303 -15549 -16253
f -15563 -16253 -15549
f -16253 -15563 -16903
f -16903 -16085 -16253
f -16872 -16085 -16903
f -16246 -16085 -16872
f -16085 -16246 -16113
f -16086 -16085 -16113
f -16085 -16086 -16539
f -15552 -16903 -15563
f -16903 -15552 -16872
f -15561 -16872 -15552
f -16872 -15561 -16246
f -15021 -16246 -15561
f -16246 -15021 -16113
f -15006 -16113 -15021
f -16113 -15006 -16498
f -16497 -16113 -16498
f -16113 -16497 -14035
f -16086 -16113 -14035
f -16054 -16086 -14035
f -16086 -16054 -16033
f -16054 -16055 -16033
f -15004 -16498 -15006
f -16498 -15004 -16497
f -14986 -16497 -15004
f -16497 -14986 -14035
f -15562 -14035 -14986
f -14035 -15562 -16302
f -16302 -16251 -14035
f -14035 -16251 -16056
f -16004 -14035 -16056
f -14035 -16004 -16054
f -16003 -16054 -16004
f -16054 -16003 -16026
f -16055 -16054 -16026
f -16026 -16031 -16055
f -15553 -16302 -15562
f -16302 -15553 -16869
f -16251 -16302 -16869
f -16869 -15560 -16251
f -15555 -16251 -15560
f -16251 -15555 -16250
f -16871 -16251 -16250
f -16251 -16871 -16056
f -15560 -16869 -15553
f -15554 -16250 -15555
f -16250 -15554 -16871
f -15567 -16871 -15554
f -16871 -15567 -16079
f -16079 -16056 -16871
f -16816 -16056 -16079
f -16816 -16161 -16056
f -16166 -16056 -16161
f -16056 -16166 -16004
f -16166 -16003 -16004
f -15592 -16079 -15567
f -16079 -15592 -16811
f -16816 -16079 -16811
f -16811 -15564 -16816
f -15579 -16816 -15564
f -16816 -15579 -16812
f -16301 -16816 -16812
f -16161 -16816 -16301
f -15564 -16811 -15592
f -15557 -16812 -15579
f -16812 -15557 -16301
f -15556 -16301 -15557
f -16301 -15556 -16536
f -16301 -16536 -16161
f -15566 -16536 -15556
f -16536 -15566 -16818
f -16817 -16536 -16818
f -16536 -16817 -16161
f -15565 -16818 -15566
f -16818 -15565 -16817
f -15595 -16817 -15565
f -16817 -15595 -16433
f -16819 -16817 -16433
f -16817 -16819 -16161
f -16868 -16161 -16819
f -16868 -16158 -16161
f -16163 -16161 -16158
f -16161 -16163 -16159
f -16159 -16166 -16161
f -15580 -16433 -15595
f -16433 -15580 -16819
f -15578 -16819 -15580
f -16819 -15578 -16434
f -16868 -16819 -16434
f -16434 -15559 -16868
f -15558 -16868 -15559
f -16868 -15558 -16299
f -16868 -16299 -16158
f -16299 -16437 -16158
f -16158 -16437 -16500
f -16500 -16163 -16158
f -15559 -16434 -15578
f -16163 -16500 -15305
f -14057 -15305 -16500
f -15305 -14057 -13812
f -14057 -14228 -13812
f -14228 -14057 -13813
f -14202 -14228 -13813
f -14228 -14202 -14201
f -14202 -13811 -14201
f -13962 -14057 -16500
f -14057 -13962 -14204
f -14203 -14057 -14204
f -14057 -14203 -13813
f -14203 -14202 -13813
f -14202 -14203 -13814
f -15772 -14202 -13814
f -14202 -15772 -13793
f -13811 -14202 -13793
f -16500 -16212 -13962
f -16212 -16210 -13962
f -13962 -16210 -16317
f -13962 -16317 -16315
f -16312 -13962 -16315
f -16213 -13962 -16312
f -16213 -15466 -13962
f -15466 -14204 -13962
f -16212 -16500 -16313
f -16202 -16212 -16313
f -16212 -16202 -16314
f -16314 -15593 -16212
f -15594 -16212 -15593
f -16212 -15594 -16430
f -16430 -16210 -16212
f -16313 -16500 -16371
f -16371 -15607 -16313
f -15608 -16313 -15607
f -16313 -15608 -16202
f -15629 -16202 -15608
f -16202 -15629 -16314
f -15593 -16314 -15629
f -16371 -16500 -16350
f -16350 -15634 -16371
f -15607 -16371 -15634
f -16500 -16208 -16350
f -16350 -16208 -16370
f -16370 -15585 -16350
f -15634 -16350 -15585
f -16500 -16199 -16208
f -16351 -16208 -16199
f -16208 -16351 -16201
f -16201 -15611 -16208
f -15631 -16208 -15611
f -16208 -15631 -16370
f -15585 -16370 -15631
f -16500 -16437 -16199
f -16199 -16437 -16316
f -16316 -15587 -16199
f -15588 -16199 -15587
f -16199 -15588 -16351
f -15609 -16351 -15588
f -16351 -15609 -16201
f -15611 -16201 -15609
f -16437 -15602 -16316
f -15587 -16316 -15602
f -15602 -16437 -15583
f -16299 -15583 -16437
f -15583 -16299 -15558
f -15591 -16430 -15594
f -16430 -15591 -16210
f -15601 -16210 -15591
f -16210 -15601 -16317
f -15586 -16317 -15601
f -16317 -15586 -16315
f -15633 -16315 -15586
f -16315 -15633 -16312
f -15613 -16312 -15633
f -16312 -15613 -16213
f -15610 -16213 -15613
f -16213 -15610 -16206
f -16431 -16213 -16206
f -16213 -16431 -16207
f -15466 -16213 -16207
f -15577 -16206 -15610
f -16206 -15577 -16431
f -15590 -16431 -15577
f -16431 -15590 -16207
f -15043 -16207 -15590
f -16207 -15043 -15466
f -15041 -15466 -15043
f -15466 -15041 -13932
f -13932 -13935 -15466
f -13935 -15292 -15466
f -14204 -15466 -15292
f -15292 -14203 -14204
f -15589 -13932 -15041
f -13932 -15589 -16211
f -16211 -13751 -13932
f -13932 -13751 -13753
f -13932 -13753 -13935
f -15606 -16211 -15589
f -16211 -15606 -16310
f -16310 -16209 -16211
f -13751 -16211 -16209
f -13751 -16209 -16305
f -16306 -13751 -16305
f -13751 -16306 -16309
f -16309 -13750 -13751
f -13750 -13753 -13751
f -13753 -13750 -13930
f -15605 -16310 -15606
f -16310 -15605 -16304
f -16209 -16310 -16304
f -16304 -15630 -16209
f -15632 -16209 -15630
f -16209 -15632 -16305
f -15628 -16305 -15632
f -16305 -15628 -16306
f -15627 -16306 -15628
f -16306 -15627 -16309
f -15630 -16304 -15605
f -15612 -16309 -15627
f -16309 -15612 -16125
f -13750 -16309 -16125
f -16125 -14315 -13750
f -13909 -13750 -14315
f -13750 -13909 -13752
f -13752 -13930 -13750
f -13930 -13752 -14334
f -15576 -16125 -15612
f -16125 -15576 -16126
f -14315 -16125 -16126
f -16126 -15026 -14315
f -15046 -14315 -15026
f -14315 -15046 -13909
f -15026 -16126 -15576
f -15621 -13909 -15046
f -13909 -15621 -16308
f -16308 -13907 -13909
f -13910 -13909 -13907
f -13909 -13910 -13752
f -13910 -15507 -13752
f -15507 -14334 -13752
f -14334 -15507 -13759
f -15619 -16308 -15621
f -16308 -15619 -16358
f -13907 -16308 -16358
f -13907 -16358 -14342
f -16948 -14342 -16358
f -16948 -15539 -14342
f -15476 -14342 -15539
f -14342 -15476 -15498
f -15626 -16358 -15619
f -16358 -15626 -16353
f -16945 -16358 -16353
f -16358 -16945 -16948
f -16945 -15622 -16948
f -15038 -16948 -15622
f -16948 -15038 -15539
f -15017 -15539 -15038
f -15539 -15017 -15476
f -15603 -16353 -15626
f -16353 -15603 -16945
f -15622 -16945 -15603
f -15625 -15476 -15017
f -15476 -15625 -16933
f -16307 -15476 -16933
f -16307 -15477 -15476
f -15477 -15498 -15476
f -15498 -15477 -15762
f -15643 -16933 -15625
f -16933 -15643 -16931
f -16931 -16307 -16933
f -15624 -16931 -15643
f -16931 -15624 -16877
f -16307 -16931 -16877
f -15618 -16877 -15624
f -16877 -15618 -16307
f -15604 -16307 -15618
f -16307 -15604 -16932
f -16359 -16307 -16932
f -16307 -16359 -16934
f -16307 -16934 -15511
f -16307 -15511 -15477
f -15762 -15477 -15511
f -15623 -16932 -15604
f -16932 -15623 -16359
f -15620 -16359 -15623
f -16359 -15620 -16934
f -15617 -16934 -15620
f -16934 -15617 -16946
f -16934 -16946 -15511
f -16946 -15764 -15511
f -15510 -15511 -15764
f -15511 -15510 -15762
f -15616 -16946 -15617
f -16946 -15616 -16927
f -15764 -16946 -16927
f -16927 -13904 -15764
f -13904 -15474 -15764
f -15509 -15764 -15474
f -15764 -15509 -15510
f -15698 -16927 -15616
f -16927 -15698 -16955
f -16955 -13901 -16927
f -13901 -14306 -16927
f -16927 -14306 -13904
f -15719 -16955 -15698
f -16955 -15719 -16775
f -16775 -13901 -16955
f -13901 -16775 -13895
f -14306 -13901 -13895
f -14301 -14306 -13895
f -14306 -14301 -14302
f -15917 -14302 -14301
f -14302 -15917 -14310
f -15040 -16775 -15719
f -16775 -15040 -13895
f -15039 -13895 -15040
f -13895 -15039 -14301
f -15640 -14301 -15039
f -14301 -15640 -15642
f -16896 -14301 -15642
f -14301 -16896 -15917
f -16896 -16878 -15917
f -15917 -16878 -16930
f -15919 -15917 -16930
f -14310 -15917 -15919
f -15919 -15918 -14310
f -15638 -15642 -15640
f -15642 -15638 -15635
f -15637 -15642 -15635
f -15642 -15637 -16896
f -16921 -16896 -15637
f -16896 -16921 -16922
f -16878 -16896 -16922
f -16922 -15641 -16878
f -15657 -16878 -15641
f -16878 -15657 -16930
f -15615 -15635 -15638
f -15635 -15615 -15637
f -15614 -15637 -15615
f -15637 -15614 -16921
f -15639 -16921 -15614
f -16921 -15639 -16922
f -15641 -16922 -15639
f -15675 -16930 -15657
f -16930 -15675 -16891
f -16891 -13887 -16930
f -13887 -13869 -16930
f -13896 -16930 -13869
f -16930 -13896 -15919
f -15918 -15919 -13896
f -15674 -16891 -15675
f -16891 -15674 -16888
f -16888 -13887 -16891
f -16888 -15045 -13887
f -15042 -13887 -15045
f -13887 -15042 -13888
f -14295 -13887 -13888
f -13887 -14295 -13869
f -14295 -13966 -13869
f -13966 -13896 -13869
f -13966 -15918 -13896
f -15918 -13966 -13894
f -15045 -16888 -15674
f -15677 -13888 -15042
f -13888 -15677 -16901
f -16901 -14295 -13888
f -16901 -14278 -14295
f -15173 -14295 -14278
f -14295 -15173 -14274
f -14274 -14233 -14295
f -13966 -14295 -14233
f -14233 -13818 -13966
f -13818 -13894 -13966
f -13894 -13818 -14300
f -15028 -16901 -15677
f -16901 -15028 -14292
f -14292 -14278 -16901
f -14292 -14294 -14278
f -14294 -16894 -14278
f -14278 -16894 -14277
f -14279 -14278 -14277
f -14278 -14279 -15173
f -15044 -14292 -15028
f -14292 -15044 -14294
f -15600 -14294 -15044
f -14294 -15600 -16894
f -15654 -16894 -15600
f -16894 -15654 -16899
f -16893 -16894 -16899
f -14277 -16894 -16893
f -15676 -16899 -15654
f -16899 -15676 -16893
f -15678 -16893 -15676
f -16893 -15678 -16889
f -14277 -16893 -16889
f -14277 -16889 -16898
f -16577 -14277 -16898
f -16887 -14277 -16577
f -16895 -14277 -16887
f -16895 -13891 -14277
f -13891 -14279 -14277
f -15582 -16889 -15678
f -16889 -15582 -16898
f -15598 -16898 -15582
f -16898 -15598 -16577
f -15581 -16577 -15598
f -16577 -15581 -16887
f -15596 -16887 -15581
f -16887 -15596 -16895
f -15636 -16895 -15596
f -16895 -15636 -16876
f -16876 -16897 -16895
f -16897 -13891 -16895
f -16897 -13889 -13891
f -14293 -13891 -13889
f -13891 -14293 -14298
f -14298 -13892 -13891
f -14279 -13891 -13892
f -15599 -16876 -15636
f -16876 -15599 -16897
f -15597 -16897 -15599
f -16897 -15597 -16576
f -16568 -16897 -16576
f -16897 -16568 -13889
f -13889 -16568 -15052
f -13889 -15052 -15051
f -15051 -14293 -13889
f -14293 -15051 -13956
f -13956 -13886 -14293
f -13886 -14298 -14293
f -15584 -16576 -15597
f -16576 -15584 -16568
f -15025 -16568 -15584
f -16568 -15025 -15052
f -15027 -15052 -15025
f -15052 -15027 -15051
f -15030 -15051 -15027
f -15051 -15030 -15124
f -15124 -13956 -15051
f -14298 -13886 -13872
f -13872 -14280 -14298
f -13892 -14298 -14280
f -14280 -13872 -13873
f -13873 -13872 -14273
f -13873 -14273 -16771
f -14273 -14276 -16771
f -14276 -14273 -13965
f -14233 -14276 -13965
f -14276 -14233 -14275
f -14233 -14274 -14275
f -13872 -14270 -14273
f -14273 -14270 -13965
f -14270 -14234 -13965
f -14234 -13818 -13965
f -13818 -14233 -13965
f -14234 -14270 -13821
f -15475 -14234 -13821
f -14234 -15475 -13818
f -15475 -15474 -13818
f -13903 -13818 -15474
f -13818 -13903 -14300
f -13821 -14270 -16776
f -14146 -13821 -16776
f -14146 -15475 -13821
f -15475 -14146 -14145
f -15507 -15475 -14145
f -15474 -15475 -15507
f -15507 -15509 -15474
f -15509 -15507 -15508
f -15507 -13910 -15508
f -14270 -14226 -16776
f -14142 -16776 -14226
f -16776 -14142 -16777
f -13762 -16776 -16777
f -16776 -13762 -14146
f -14146 -13762 -14145
f -13762 -13964 -14145
f -13964 -13760 -14145
f -13759 -14145 -13760
f -14145 -13759 -15507
f -13964 -13762 -15469
f -15501 -13964 -15469
f -13964 -15501 -15502
f -15502 -15471 -13964
f -13760 -13964 -15471
f -15497 -15502 -15501
f -15502 -15497 -15462
f -15462 -15499 -15502
f -15471 -15502 -15499
f -15497 -15785 -15462
f -15785 -15470 -15462
f -15499 -15462 -15470
f -15785 -15497 -13963
f -13963 -15788 -15785
f -15788 -13814 -15785
f -14203 -15785 -13814
f -15785 -14203 -15465
f -15465 -15467 -15785
f -15470 -15785 -15467
f -15788 -13963 -15500
f -15788 -15500 -15769
f -15788 -15769 -13814
f -13814 -15769 -15772
f -15769 -15503 -15772
f -15166 -15772 -15503
f -13793 -15772 -15166
f -15166 -13811 -13793
f -13811 -15166 -15170
f -15468 -15769 -15500
f -15769 -15468 -13756
f -15503 -15769 -13756
f -14230 -15503 -13756
f -14230 -15504 -15503
f -15504 -15165 -15503
f -15157 -15503 -15165
f -15503 -15157 -15161
f -15166 -15503 -15161
f -15468 -14230 -13756
f -14230 -15468 -14229
f -15474 -13904 -13903
f -15157 -15160 -15161
f -15160 -15143 -15161
f -15143 -15166 -15161
f -15166 -15143 -15170
f -15143 -15160 -14676
f -15165 -15504 -15163
f -15504 -15159 -15163
f -15467 -15465 -13960
f -15292 -13960 -15465
f -13960 -15292 -15463
f -15292 -13935 -15463
f -14203 -15292 -15465
f -16166 -16159 -15966
f -16022 -16166 -15966
f -16166 -16022 -16002
f -16003 -16166 -16002
f -15952 -16003 -16002
f -16003 -15952 -16000
f -16013 -16003 -16000
f -16003 -16013 -16026
f -16031 -16026 -16013
f -16022 -15952 -16002
f -15952 -16022 -16001
f -16001 -15993 -15952
f -16053 -15952 -15993
f -15952 -16053 -16000
f -16014 -16000 -16053
f -16000 -16014 -16013
f -15965 -15993 -16001
f -15993 -15965 -15949
f -16053 -15993 -15949
f -15949 -16052 -16053
f -16052 -16014 -16053
f -16014 -16052 -16036
f -16058 -16014 -16036
f -16014 -16058 -16037
f -16037 -16013 -16014
f -16052 -15949 -16063
f -16063 -14043 -16052
f -16047 -16052 -14043
f -16052 -16047 -16036
f -16047 -16058 -16036
f -16058 -16047 -14044
f -16061 -14044 -16047
f -14044 -16061 -16062
f -16061 -16057 -16062
f -15949 -14046 -16063
f -14046 -16046 -16063
f -14043 -16063 -16046
f -16046 -14046 -15998
f -14046 -16068 -15998
f -16068 -14046 -14047
f -14046 -14048 -14047
f -15982 -16047 -14043
f -16047 -15982 -15983
f -15983 -16061 -16047
f -16061 -15983 -16234
f -16234 -16048 -16061
f -16057 -16061 -16048
f -16049 -16057 -16048
f -16050 -16057 -16049
f -16016 -15983 -15982
f -15983 -16016 -16235
f -16235 -16234 -15983
f -16515 -16235 -16016
f -16235 -16515 -16243
f -16515 -16558 -16243
f -16558 -16515 -14091
f -14091 -16910 -16558
f -16570 -16558 -16910
f -16913 -16570 -16910
f -16570 -16913 -16612
f -16910 -14091 -16531
f -16827 -16910 -16531
f -16910 -16827 -16913
f -16512 -16531 -14091
f -16531 -14103 -16827
f -16050 -16049 -16051
f -14045 -16050 -16051
f -16050 -14045 -16023
f -14045 -16340 -16023
f -16340 -14045 -14024
f -16340 -14024 -14025
f -14038 -16340 -14025
f -16340 -14038 -16059
f -16051 -16397 -14045
f -16397 -16399 -14045
f -14045 -16399 -14024
f -16394 -14024 -16399
f -14024 -16394 -14025
f -16394 -16261 -14025
f -16261 -15981 -14025
f -15981 -14038 -14025
f -16547 -16397 -16051
f -16487 -16397 -16547
f -16487 -16018 -16397
f -14040 -16397 -16018
f -16397 -14040 -16399
f -16372 -16399 -14040
f -16399 -16372 -16394
f -16547 -14074 -16487
f -16237 -14040 -16018
f -16237 -16287 -14040
f -16372 -14040 -16287
f -16372 -16287 -16394
f -16287 -16288 -16394
f -16288 -16204 -16394
f -16261 -16394 -16204
f -15981 -16261 -16204
f -16204 -13986 -15981
f -16287 -16237 -14068
f -14068 -16542 -16287
f -16542 -16679 -16287
f -16679 -16288 -16287
f -16288 -16679 -16205
f -16204 -16288 -16205
f -16205 -16949 -16204
f -13986 -16204 -16949
f -13986 -16949 -16540
f -16540 -16538 -13986
f -16481 -16542 -14068
f -16542 -16481 -16680
f -16680 -16679 -16542
f -16680 -14039 -16679
f -16205 -16679 -14039
f -16398 -16205 -14039
f -16540 -16205 -16398
f -16205 -16540 -16949
f -14068 -16681 -16481
f -16398 -16017 -16540
f -16398 -16396 -16017
f -16396 -16398 -14039
f -16538 -16540 -15929
f -15929 -15928 -16538
f -14038 -15981 -16060
f -16060 -16032 -14038
f -16035 -14038 -16032
f -14038 -16035 -16059
f -16032 -16060 -16038
f -16038 -16015 -16032
f -14037 -16032 -16015
f -16032 -14037 -16035
f -16015 -16038 -16034
f -16034 -16013 -16015
f -16013 -14037 -16015
f -14037 -16013 -14036
f -16013 -16037 -14036
f -16013 -16034 -16031
f -16048 -16019 -16049
f -16231 -16019 -16048
f -16048 -16234 -16231
f -16571 -16617 -16591
f -14118 -16571 -16591
f -16571 -14118 -16609
f -14060 -16571 -16609
f -16571 -14060 -16472
f -16517 -16571 -16472
f -14357 -16517 -16472
f -16517 -14357 -14733
f -14357 -14731 -14733
f -16618 -16609 -14118
f -16609 -16618 -16620
f -16620 -14060 -16609
f -14060 -16620 -14096
f -14358 -14060 -14096
f -14060 -14358 -14368
f -14368 -16472 -14060
f -16472 -14368 -14357
f -14368 -14382 -14357
f -14379 -14357 -14382
f -14731 -14357 -14379
f -16618 -16156 -16620
f -16523 -16620 -16156
f -16620 -16523 -16525
f -16527 -16620 -16525
f -16620 -16527 -14096
f -14100 -14096 -16527
f -14100 -14358 -14096
f -16156 -16618 -14117
f -16803 -16156 -14117
f -16156 -16803 -16007
f -16007 -15968 -16156
f -16523 -16156 -15968
f -15968 -14099 -16523
f -16523 -14099 -16525
f -14097 -16525 -14099
f -16525 -14097 -16527
f -14098 -16527 -14097
f -16527 -14098 -14100
f -16797 -16803 -14117
f -16803 -16797 -16798
f -16798 -16524 -16803
f -16521 -16803 -16524
f -16803 -16521 -16007
f -16007 -16521 -16006
f -15969 -16007 -16006
f -16007 -15969 -16008
f -15968 -16007 -16008
f -16797 -15971 -16798
f -15971 -16520 -16798
f -16524 -16798 -16520
f -15971 -16797 -16530
f -14103 -15971 -16530
f -16524 -15923 -16521
f -16006 -16521 -15923
f -15923 -15969 -16006
f -15969 -15923 -14008
f -14008 -16860 -15969
f -16533 -15969 -16860
f -15969 -16533 -16008
f -14106 -16008 -16533
f -16008 -14106 -13980
f -13980 -15968 -16008
f -15968 -13980 -13979
f -13979 -14099 -15968
f -16860 -14008 -16532
f -16532 -16859 -16860
f -16860 -16859 -16533
f -16861 -16533 -16859
f -16533 -16861 -14106
f -16824 -14106 -16861
f -14106 -16824 -16892
f -16892 -13980 -14106
f -13980 -16892 -14011
f -14011 -13979 -13980
f -15957 -16532 -14008
f -16532 -15957 -16572
f -16572 -16859 -16532
f -16859 -16572 -16861
f -16914 -16861 -16572
f -16861 -16914 -16824
f -16915 -16824 -16914
f -16892 -16824 -16915
f -16915 -14011 -16892
f -15961 -16572 -15957
f -16572 -15961 -16914
f -16157 -16914 -15961
f -16914 -16157 -16915
f -14011 -16915 -16157
f -16157 -14397 -14011
f -14398 -14011 -14397
f -14011 -14398 -15922
f -13979 -14011 -15922
f -15962 -15961 -15957
f -14099 -13979 -14097
f -15922 -14097 -13979
f -14097 -15922 -14098
f -14058 -14098 -15922
f -14100 -14098 -14058
f -14058 -14755 -14100
f -14100 -14755 -14358
f -14770 -14358 -14755
f -14359 -14358 -14770
f -14358 -14359 -14368
f -14398 -14058 -15922
f -14058 -14398 -14759
f -14755 -14058 -14759
f -14769 -14755 -14759
f -14755 -14769 -14770
f -14356 -14770 -14769
f -14770 -14356 -14360
f -14361 -14770 -14360
f -14369 -14770 -14361
f -14770 -14369 -14359
f -14735 -14759 -14398
f -14759 -14735 -14769
f -14735 -14516 -14769
f -14541 -14769 -14516
f -14769 -14541 -14356
f -14541 -14364 -14356
f -14356 -14364 -14360
f -14360 -14364 -14518
f -14504 -14360 -14518
f -14360 -14504 -14361
f -14504 -14369 -14361
f -14735 -14398 -14427
f -14516 -14735 -14427
f -14427 -14586 -14516
f -14584 -14516 -14586
f -14516 -14584 -14517
f -14541 -14516 -14517
f -14517 -14518 -14541
f -14518 -14364 -14541
f -14397 -14427 -14398
f -14427 -14397 -14396
f -14396 -14586 -14427
f -14394 -14586 -14396
f -14586 -14394 -14584
f -14395 -14584 -14394
f -14584 -14395 -14585
f -14585 -14517 -14584
f -14517 -14585 -14519
f -14518 -14517 -14519
f -14396 -14397 -14426
f -14424 -14396 -14426
f -14396 -14424 -14394
f -14218 -14394 -14424
f -14394 -14218 -14395
f -14218 -14421 -14395
f -14421 -14587 -14395
f -14587 -14585 -14395
f -14519 -14585 -14587
f -14587 -14542 -14519
f -14542 -14518 -14519
f -14397 -14577 -14426
f -14577 -14576 -14426
f -14604 -14426 -14576
f -14426 -14604 -14424
f -14606 -14424 -14604
f -14424 -14606 -14218
f -14218 -14606 -14210
f -14210 -14219 -14218
f -14421 -14218 -14219
f -14577 -14397 -14384
f -14380 -14577 -14384
f -14577 -14380 -14214
f -14214 -14576 -14577
f -14223 -14576 -14214
f -14576 -14223 -14604
f -14208 -14604 -14223
f -14604 -14208 -14606
f -14210 -14606 -14208
f -14397 -16157 -14384
f -16157 -14380 -14384
f -14380 -16157 -15961
f -15961 -14371 -14380
f -14224 -14380 -14371
f -14380 -14224 -14214
f -14224 -14223 -14214
f -14223 -14224 -14215
f -14215 -14208 -14223
f -14208 -14215 -14211
f -14211 -14221 -14208
f -14221 -14210 -14208
f -14210 -14221 -14216
f -14219 -14210 -14216
f -14224 -14776 -14215
f -14776 -14211 -14215
f -14211 -14776 -14774
f -14774 -14209 -14211
f -14221 -14211 -14209
f -14220 -14221 -14209
f -14221 -14220 -14217
f -14612 -14221 -14217
f -14221 -14612 -14216
f -14612 -14219 -14216
f -14776 -14775 -14774
f -14768 -14774 -14775
f -14774 -14768 -14465
f -14465 -14437 -14774
f -14209 -14774 -14437
f -14433 -14209 -14437
f -14209 -14433 -14220
f -14775 -14776 -14777
f -14777 -14757 -14775
f -14775 -14757 -14768
f -14768 -14757 -14772
f -14772 -14465 -14768
f -14757 -14777 -14758
f -14758 -14772 -14757
f -14772 -14758 -14773
f -14773 -14434 -14772
f -14465 -14772 -14434
f -14436 -14465 -14434
f -14436 -14645 -14465
f -14663 -14465 -14645
f -14465 -14663 -14433
f -14465 -14433 -14437
f -14438 -14436 -14434
f -14436 -14438 -14439
f -14439 -14476 -14436
f -14476 -14655 -14436
f -14645 -14436 -14655
f -14655 -14657 -14645
f -14645 -14657 -14663
f -14656 -14663 -14657
f -14663 -14656 -14644
f -14644 -14433 -14663
f -14438 -13785 -14439
f -13777 -14439 -13785
f -14439 -13777 -14477
f -14476 -14439 -14477
f -14475 -14476 -14477
f -14476 -14475 -14440
f -14440 -14662 -14476
f -14655 -14476 -14662
f -14662 -14657 -14655
f -14657 -14662 -14656
f -15338 -13777 -13785
f -13777 -15338 -15342
f -15342 -13776 -13777
f -14475 -13777 -13776
f -13777 -14475 -14477
f -13785 -15892 -15338
f -15338 -15892 -15344
f -15344 -15342 -15338
f -15342 -15344 -15336
f -15336 -15853 -15342
f -13776 -15342 -15853
f -15853 -13781 -13776
f -13781 -13775 -13776
f -13775 -14475 -13776
f -15892 -13785 -13779
f -13779 -15894 -15892
f -15892 -15894 -15344
f -15894 -15336 -15344
f -15336 -15894 -15825
f -15825 -15335 -15336
f -15853 -15336 -15335
f -15575 -15853 -15335
f -13781 -15853 -15575
f -15894 -13779 -13773
f -13773 -15825 -15894
f -15825 -13773 -15826
f -15826 -15855 -15825
f -15335 -15825 -15855
f -15855 -15575 -15335
f -15345 -15575 -15855
f -15575 -15345 -13781
f -15830 -13781 -15345
f -13781 -15830 -13780
f -13775 -13781 -13780
f -13779 -13778 -13773
f -15130 -13773 -13778
f -13773 -15130 -14703
f -14703 -15826 -13773
f -15826 -14703 -15191
f -14811 -15826 -15191
f -15826 -14811 -15345
f -15855 -15826 -15345
f -13779 -15341 -13778
f -15341 -15130 -13778
f -14810 -14703 -15130
f -14703 -14810 -15104
f -15190 -14703 -15104
f -14703 -15190 -15191
f -14821 -15191 -15190
f -15191 -14821 -14811
f -15209 -14811 -14821
f -14811 -15209 -14729
f -14729 -15345 -14811
f -15345 -14729 -15830
f -14810 -15223 -15104
f -15104 -15223 -15222
f -15222 -15190 -15104
f -15190 -15222 -14851
f -14851 -14821 -15190
f -14821 -14851 -14976
f -15199 -14821 -14976
f -15199 -15209 -14821
f -15223 -14810 -15194
f -15196 -15223 -15194
f -15223 -15196 -16133
f -15223 -16133 -15222
f -16133 -14851 -15222
f -14851 -16133 -16172
f -16172 -14976 -14851
f -14976 -16172 -16131
f -16131 -15199 -14976
f -14810 -15132 -15194
f -15132 -15196 -15194
f -15196 -15132 -15195
f -15195 -15239 -15196
f -14719 -15196 -15239
f -15196 -14719 -16133
f -16134 -16133 -14719
f -16133 -16134 -16172
f -14717 -16172 -16134
f -16172 -14717 -16131
f -15132 -14810 -14873
f -15132 -14873 -14850
f -15195 -15132 -14850
f -14850 -14813 -15195
f -14813 -14850 -15224
f -15224 -15192 -14813
f -14873 -15224 -14850
f -15239 -15195 -14872
f -14826 -15239 -14872
f -15239 -14826 -14820
f -15202 -15239 -14820
f -15239 -15202 -14719
f -14719 -15202 -15907
f -15907 -16134 -14719
f -14826 -14872 -14817
f -14156 -14826 -14817
f -13768 -14826 -14156
f -14826 -13768 -14820
f -13768 -15202 -14820
f -15202 -13768 -13767
f -15202 -13767 -15907
f -13767 -15899 -15907
f -16134 -15907 -15899
f -15899 -14717 -16134
f -14709 -13768 -14156
f -13768 -14709 -14701
f -14155 -13768 -14701
f -13768 -14155 -13767
f -14155 -15906 -13767
f -15899 -13767 -15906
f -15906 -15824 -15899
f -14717 -15899 -15824
f -15900 -14717 -15824
f -15900 -16169 -14717
f -16169 -16131 -14717
f -16131 -16169 -16152
f -16152 -15199 -16131
f -15906 -14155 -15904
f -15904 -15896 -15906
f -15824 -15906 -15896
f -15896 -15900 -15824
f -15895 -15900 -15896
f -15900 -15895 -15898
f -16169 -15900 -15898
f -15897 -16169 -15898
f -16169 -15897 -16150
f -16150 -16152 -16169
f -15904 -14155 -15208
f -15261 -15904 -15208
f -15896 -15904 -15261
f -15261 -15895 -15896
f -15895 -15261 -14838
f -14838 -14839 -15895
f -14839 -15903 -15895
f -15897 -15895 -15903
f -15895 -15897 -15898
f -14155 -15434 -15208
f -15434 -15261 -15208
f -15434 -15186 -15261
f -15186 -14838 -15261
f -14838 -15186 -14831
f -14831 -14839 -14838
f -14839 -14831 -15227
f -17054 -14839 -15227
f -14839 -17054 -17055
f -17055 -15903 -14839
f -15903 -17055 -15902
f -14671 -15903 -15902
f -15903 -14671 -14698
f -15897 -15903 -14698
f -16747 -15227 -14831
f -15227 -16747 -16971
f -16971 -17054 -15227
f -17054 -16971 -16750
f -17052 -16750 -16971
f -16747 -17052 -16971
f -16150 -15897 -14698
f -14698 -14714 -16150
f -14714 -16132 -16150
f -16152 -16150 -16132
f -15221 -16152 -16132
f -16152 -15221 -14978
f -15199 -16152 -14978
f -15209 -15199 -14978
f -14714 -14698 -14671
f -14671 -16165 -14714
f -16165 -16167 -14714
f -16132 -14714 -16167
f -15229 -16132 -16167
f -16132 -15229 -14977
f -15221 -16132 -14977
f -15220 -15221 -14977
f -15209 -15221 -15220
f -15221 -15209 -14978
f -16165 -14671 -15901
f -15246 -16165 -15901
f -15246 -14179 -16165
f -14179 -16153 -16165
f -16167 -16165 -16153
f -14844 -16167 -16153
f -16167 -14844 -15229
f -15902 -15901 -14671
f -15901 -15902 -15183
f -15183 -15246 -15901
f -15183 -15182 -15246
f -14179 -15246 -15182
f -15245 -14179 -15182
f -14179 -15245 -14175
f -14175 -14715 -14179
f -16153 -14179 -14715
f -14715 -14822 -16153
f -16153 -14822 -14844
f -15902 -16690 -15183
f -15184 -15183 -16690
f -15182 -15183 -15184
f -15184 -15245 -15182
f -15245 -15184 -14672
f -15245 -14672 -14688
f -14175 -15245 -14688
f -16690 -15902 -17055
f -14688 -15951 -14175
f -15950 -14175 -15951
f -14175 -15950 -14176
f -14715 -14175 -14176
f -14845 -14715 -14176
f -14715 -14845 -14815
f -14822 -14715 -14815
f -15212 -14822 -14815
f -14809 -14822 -15212
f -14822 -14809 -14844
f -15951 -16164 -15950
f -15230 -15950 -16164
f -15950 -15230 -14840
f -14840 -14176 -15950
f -14176 -14840 -14843
f -14845 -14176 -14843
f -15219 -14845 -14843
f -14807 -14845 -15219
f -14807 -14815 -14845
f -15212 -14815 -14807
f -16164 -15231 -15230
f -15231 -14725 -15230
f -14725 -14840 -15230
f -14840 -14725 -14713
f -14713 -14843 -14840
f -14843 -14713 -15219
f -14713 -15218 -15219
f -15211 -15219 -15218
f -15219 -15211 -14807
f -15211 -15212 -14807
f -14171 -15231 -16164
f -15231 -14171 -14174
f -14174 -14716 -15231
f -14725 -15231 -14716
f -14720 -14725 -14716
f -14725 -14720 -14724
f -14724 -14713 -14725
f -14713 -14724 -14723
f -15218 -14713 -14723
f -14171 -13788 -14174
f -13788 -14157 -14174
f -14716 -14174 -14157
f -14157 -14720 -14716
f -14720 -14157 -14172
f -16182 -14720 -14172
f -14720 -16182 -16183
f -14750 -14720 -16183
f -14720 -14750 -14724
f -13788 -14171 -13769
f -13788 -13769 -14846
f -14704 -13788 -14846
f -13786 -13788 -14704
f -14157 -13788 -13786
f -13786 -14172 -14157
f -14172 -13786 -13770
f -16466 -14172 -13770
f -14172 -16466 -16182
f -13769 -14860 -14846
f -15135 -14846 -14860
f -14846 -15135 -14704
f -15135 -14878 -14704
f -13770 -14704 -14878
f -14704 -13770 -13786
f -14860 -15129 -15135
f -15129 -15138 -15135
f -14878 -15135 -15138
f -14683 -14878 -15138
f -14878 -14683 -14153
f -14153 -13770 -14878
f -13770 -14153 -16466
f -14153 -15106 -16466
f -15106 -16182 -16466
f -16182 -15106 -15136
f -15136 -16183 -16182
f -15138 -15129 -15145
f -15145 -14683 -15138
f -14683 -15145 -14681
f -15242 -14683 -14681
f -14683 -15242 -15131
f -15131 -14153 -14683
f -14153 -15131 -15142
f -15142 -15106 -14153
f -15106 -15142 -15150
f -15150 -14876 -15106
f -14705 -15106 -14876
f -15106 -14705 -15136
f -14681 -14152 -15242
f -15242 -14152 -15241
f -15241 -15131 -15242
f -15131 -15241 -14682
f -14682 -15142 -15131
f -15142 -14682 -15243
f -15150 -15142 -15243
f -15152 -15150 -15243
f -14876 -15150 -15152
f -14152 -14681 -15149
f -15149 -15105 -14152
f -14152 -15105 -15241
f -15105 -14682 -15241
f -14682 -15105 -15153
f -15153 -15243 -14682
f -15243 -15153 -15152
f -14877 -15152 -15153
f -15152 -14877 -14876
f -14506 -14876 -14877
f -14876 -14506 -14531
f -14531 -14705 -14876
f -15105 -15149 -14700
f -14877 -15105 -14700
f -15105 -14877 -15153
f -15149 -15107 -14700
f -15286 -14700 -15107
f -14700 -15286 -14511
f -14511 -14877 -14700
f -14877 -14511 -14506
f -14511 -14509 -14506
f -14529 -14506 -14509
f -14506 -14529 -14531
f -15107 -15149 -14867
f -15144 -15107 -14867
f -15107 -15144 -15151
f -14482 -15107 -15151
f -15107 -14482 -15286
f -14482 -14487 -15286
f -14532 -15286 -14487
f -15286 -14532 -14511
f -14509 -14511 -14532
f -15206 -15151 -15144
f -15151 -15206 -14753
f -14753 -14743 -15151
f -14483 -15151 -14743
f -15151 -14483 -14482
f -14483 -14494 -14482
f -14487 -14482 -14494
f -15144 -15203 -15206
f -15206 -15203 -14864
f -14753 -15206 -14864
f -14864 -14754 -14753
f -14743 -14753 -14754
f -14754 -14745 -14743
f -14599 -14743 -14745
f -14743 -14599 -14483
f -14599 -14554 -14483
f -14494 -14483 -14554
f -15203 -15179 -14864
f -14754 -14864 -15179
f -15179 -15205 -14754
f -14745 -14754 -15205
f -15205 -15234 -14745
f -14745 -15234 -14744
f -15333 -14745 -14744
f -14745 -15333 -14599
f -15333 -14567 -14599
f -14554 -14599 -14567
f -15205 -15179 -14677
f -15204 -15205 -14677
f -15234 -15205 -15204
f -14747 -15204 -14677
f -15198 -14744 -15234
f -14744 -15198 -15235
f -15235 -15333 -14744
f -15333 -15235 -15358
f -14602 -15333 -15358
f -15333 -14602 -14565
f -14567 -15333 -14565
f -15198 -15873 -15235
f -15873 -15358 -15235
f -15358 -15873 -15359
f -14834 -15359 -15873
f -15418 -14834 -15873
f -15873 -15198 -15418
f -14567 -14565 -14601
f -14601 -14546 -14567
f -14547 -14567 -14546
f -14567 -14547 -14554
f -14522 -14554 -14547
f -14554 -14522 -14494
f -14546 -14601 -14521
f -14521 -14625 -14546
f -14627 -14546 -14625
f -14546 -14627 -14547
f -14626 -14547 -14627
f -14547 -14626 -14522
f -14522 -14626 -14548
f -14548 -14494 -14522
f -14494 -14548 -14495
f -14495 -14487 -14494
f -14625 -14545 -14627
f -14617 -14627 -14545
f -14627 -14617 -14626
f -14548 -14626 -14617
f -14617 -14495 -14548
f -14809 -15229 -14844
f -15229 -14809 -15189
f -15189 -14977 -15229
f -14977 -15189 -15220
f -15188 -15220 -15189
f -15220 -15188 -15210
f -15210 -15209 -15220
f -15209 -15210 -14729
f -14726 -15189 -14809
f -15189 -14726 -15188
f -14726 -15905 -15188
f -15905 -15210 -15188
f -15210 -15905 -15829
f -15829 -14729 -15210
f -14729 -15829 -15830
f -15831 -15830 -15829
f -15830 -15831 -13780
f -15831 -13775 -13780
f -14809 -14808 -14726
f -14808 -15291 -14726
f -15905 -14726 -15291
f -15854 -15905 -15291
f -15905 -15854 -15828
f -15828 -15829 -15905
f -15829 -15828 -15453
f -15453 -15831 -15829
f -14808 -14809 -15212
f -15212 -15211 -14808
f -14833 -14808 -15211
f -14808 -14833 -14832
f -15291 -14808 -14832
f -14832 -15137 -15291
f -15454 -15291 -15137
f -15291 -15454 -15854
f -15854 -15454 -15819
f -15819 -15828 -15854
f -15828 -15819 -15823
f -15823 -15453 -15828
f -15211 -14680 -14833
f -14680 -15128 -14833
f -15128 -14832 -14833
f -14832 -15128 -15137
f -14169 -15137 -15128
f -15137 -14169 -13784
f -15821 -15137 -13784
f -15137 -15821 -15454
f -15454 -15821 -15819
f -15821 -15823 -15819
f -14680 -15211 -15218
f -15218 -14678 -14680
f -15181 -14680 -14678
f -14680 -15181 -15240
f -15240 -15128 -14680
f -15128 -15240 -14679
f -14679 -14169 -15128
f -14678 -15218 -14723
f -14724 -14678 -14723
f -14678 -14724 -14750
f -15238 -14678 -14750
f -14678 -15238 -15181
f -15238 -15236 -15181
f -15237 -15181 -15236
f -15181 -15237 -15240
f -14679 -15240 -15237
f -14751 -14679 -15237
f -14169 -14679 -14751
f -14750 -14752 -15238
f -15238 -14752 -14749
f -15236 -15238 -14749
f -14749 -15178 -15236
f -15178 -15237 -15236
f -15237 -15178 -14751
f -14706 -14751 -15178
f -14751 -14706 -14169
f -14706 -14540 -14169
f -14537 -14169 -14540
f -14169 -14537 -13784
f -14752 -14750 -13945
f -13945 -15180 -14752
f -14752 -15180 -14749
f -15178 -14749 -15180
f -15134 -15178 -15180
f -15178 -15134 -14706
f -15134 -14507 -14706
f -14540 -14706 -14507
f -14510 -14540 -14507
f -14540 -14510 -14539
f -14539 -14537 -14540
f -16183 -13945 -14750
f -16183 -15136 -13945
f -14705 -13945 -15136
f -13945 -14705 -15134
f -15180 -13945 -15134
f -14505 -15134 -14705
f -15134 -14505 -14520
f -14507 -15134 -14520
f -14508 -14507 -14520
f -14507 -14508 -14510
f -14508 -14555 -14510
f -14560 -14510 -14555
f -14510 -14560 -14539
f -14705 -14531 -14505
f -14531 -14513 -14505
f -14508 -14505 -14513
f -14505 -14508 -14520
f -14513 -14531 -14529
f -14493 -14513 -14529
f -14513 -14493 -14502
f -14501 -14513 -14502
f -14513 -14501 -14508
f -14501 -14595 -14508
f -14555 -14508 -14595
f -14529 -14528 -14493
f -14490 -14493 -14528
f -14493 -14490 -14552
f -14552 -15266 -14493
f -15262 -14493 -15266
f -14493 -15262 -14502
f -15283 -14502 -15262
f -14502 -15283 -14501
f -14528 -14529 -14525
f -14525 -14553 -14528
f -14528 -14553 -14490
f -14491 -14490 -14553
f -14490 -14491 -14564
f -14564 -14552 -14490
f -14509 -14525 -14529
f -14525 -14509 -14550
f -14550 -14553 -14525
f -14553 -14550 -14491
f -14498 -14491 -14550
f -14491 -14498 -14492
f -14492 -14564 -14491
f -14564 -14492 -14527
f -14527 -14562 -14564
f -14552 -14564 -14562
f -14509 -14498 -14550
f -14498 -14509 -14532
f -14496 -14498 -14532
f -14498 -14496 -14551
f -14551 -14492 -14498
f -14527 -14492 -14551
f -14551 -14526 -14527
f -14562 -14527 -14526
f -14487 -14496 -14532
f -14496 -14487 -14591
f -14497 -14496 -14591
f -14496 -14497 -14526
f -14526 -14551 -14496
f -14487 -14495 -14591
f -14495 -14497 -14591
f -15184 -16690 -16973
f -16973 -14672 -15184
f -14672 -16973 -16751
f -14731 -14378 -14383
f -14378 -14731 -14379
f -14379 -15075 -14378
f -15076 -14378 -15075
f -14378 -15076 -14355
f -14355 -15076 -15065
f -15289 -15065 -15076
f -14382 -15075 -14379
f -15075 -14382 -14372
f -14372 -15076 -15075
f -15076 -14372 -14154
f -14154 -15289 -15076
f -15289 -14154 -15290
f -15290 -15263 -15289
f -15263 -15290 -15287
f -14382 -14740 -14372
f -14740 -14154 -14372
f -14154 -14740 -14367
f -14367 -15290 -14154
f -15290 -14367 -15097
f -15085 -15290 -15097
f -15290 -15085 -15287
f -15083 -15287 -15085
f -15287 -15083 -15270
f -15083 -15084 -15270
f -14740 -14382 -14365
f -14369 -14740 -14365
f -14740 -14369 -14370
f -14370 -14367 -14740
f -14367 -14370 -14354
f -14354 -15097 -14367
f -15097 -14354 -15063
f -15063 -15085 -15097
f -15085 -15063 -15062
f -15062 -15083 -15085
f -14382 -14368 -14365
f -14359 -14365 -14368
f -14365 -14359 -14369
f -14369 -14504 -14370
f -14504 -14354 -14370
f -14354 -14504 -14373
f -14386 -14354 -14373
f -14354 -14386 -15063
f -14366 -15063 -14386
f -15063 -14366 -15062
f -14377 -15062 -14366
f -15062 -14377 -15086
f -15083 -15062 -15086
f -14543 -14373 -14504
f -14373 -14543 -14376
f -14376 -14386 -14373
f -14386 -14376 -14480
f -14389 -14386 -14480
f -14386 -14389 -14366
f -14375 -14366 -14389
f -14366 -14375 -14377
f -14375 -15096 -14377
f -15096 -15086 -14377
f -14504 -14515 -14543
f -14542 -14543 -14515
f -14543 -14542 -14514
f -14653 -14543 -14514
f -14543 -14653 -14345
f -14345 -14363 -14543
f -14543 -14363 -14376
f -14504 -14518 -14515
f -14518 -14542 -14515
f -14376 -14363 -14480
f -14480 -14363 -14345
f -14345 -14350 -14480
f -14480 -14350 -14343
f -14343 -14389 -14480
f -14389 -14343 -14375
f -14375 -14343 -14346
f -14346 -15098 -14375
f -15096 -14375 -15098
f -14350 -14345 -14653
f -14653 -14652 -14350
f -14350 -14652 -14481
f -14481 -14343 -14350
f -14343 -14481 -14347
f -14621 -14343 -14347
f -14343 -14621 -14346
f -14652 -14653 -14651
f -14651 -14403 -14652
f -14481 -14652 -14403
f -14393 -14481 -14403
f -14481 -14393 -14347
f -14393 -14621 -14347
f -14621 -14393 -14406
f -14406 -14622 -14621
f -14621 -14622 -14346
f -14514 -14651 -14653
f -14651 -14514 -14654
f -14654 -14455 -14651
f -14403 -14651 -14455
f -14407 -14403 -14455
f -14403 -14407 -14404
f -14404 -14393 -14403
f -14393 -14404 -14405
f -14405 -14406 -14393
f -14581 -14654 -14514
f -14464 -14654 -14581
f -14455 -14654 -14464
f -14457 -14455 -14464
f -14455 -14457 -14407
f -14457 -14588 -14407
f -14605 -14407 -14588
f -14407 -14605 -14404
f -14404 -14605 -14600
f -14600 -14405 -14404
f -14542 -14581 -14514
f -14581 -14542 -14583
f -14421 -14581 -14583
f -14581 -14421 -14464
f -14219 -14464 -14421
f -14464 -14219 -14457
f -14219 -14612 -14457
f -14612 -14610 -14457
f -14588 -14457 -14610
f -14542 -14587 -14583
f -14587 -14421 -14583
f -14217 -14610 -14612
f -14399 -14610 -14217
f -14610 -14399 -14588
f -14423 -14588 -14399
f -14588 -14423 -14605
f -14600 -14605 -14423
f -14220 -14399 -14217
f -14399 -14220 -14422
f -14422 -14423 -14399
f -14423 -14422 -14425
f -14425 -14428 -14423
f -14428 -14600 -14423
f -14600 -14428 -14582
f -14405 -14600 -14582
f -14220 -14643 -14422
f -14643 -14425 -14422
f -14425 -14643 -14641
f -14641 -14416 -14425
f -14428 -14425 -14416
f -14429 -14428 -14416
f -14428 -14429 -14400
f -14608 -14428 -14400
f -14428 -14608 -14582
f -14608 -14405 -14582
f -14643 -14220 -14433
f -14433 -14644 -14643
f -14642 -14643 -14644
f -14643 -14642 -14641
f -14659 -14641 -14642
f -14641 -14659 -14534
f -14534 -14640 -14641
f -14416 -14641 -14640
f -14637 -14416 -14640
f -14416 -14637 -14429
f -14644 -14658 -14642
f -14642 -14658 -14659
f -14659 -14658 -14661
f -14661 -14534 -14659
f -14534 -14661 -14440
f -14441 -14534 -14440
f -14534 -14441 -14535
f -14640 -14534 -14535
f -14639 -14640 -14535
f -14640 -14639 -14637
f -14658 -14644 -14656
f -14656 -14661 -14658
f -14661 -14656 -14662
f -14662 -14440 -14661
f -14441 -14639 -14535
f -14639 -14441 -14478
f -14478 -14669 -14639
f -14649 -14639 -14669
f -14639 -14649 -14637
f -14650 -14637 -14649
f -14637 -14650 -14638
f -14638 -14429 -14637
f -14441 -14442 -14478
f -14442 -14533 -14478
f -14533 -14668 -14478
f -14669 -14478 -14668
f -14668 -14646 -14669
f -14669 -14646 -14649
f -14665 -14649 -14646
f -14649 -14665 -14650
f -14442 -14441 -14402
f -13775 -14442 -14402
f -14442 -13775 -13774
f -14168 -14442 -13774
f -14442 -14168 -14536
f -14533 -14442 -14536
f -14441 -14475 -14402
f -14475 -13775 -14402
f -14475 -14441 -14440
f -13775 -15831 -13774
f -15820 -13774 -15831
f -13774 -15820 -15455
f -15455 -14168 -13774
f -14168 -15455 -15822
f -15822 -13784 -14168
f -14537 -14168 -13784
f -14168 -14537 -14536
f -14537 -14533 -14536
f -15831 -15453 -15820
f -15820 -15453 -15852
f -15455 -15820 -15852
f -15852 -15822 -15455
f -15822 -15852 -15823
f -15823 -15821 -15822
f -13784 -15822 -15821
f -15453 -15823 -15852
f -14533 -14537 -14538
f -14537 -14539 -14538
f -14539 -14503 -14538
f -14503 -14666 -14538
f -14648 -14538 -14666
f -14538 -14648 -14533
f -14668 -14533 -14648
f -14648 -14646 -14668
f -14646 -14648 -14665
f -14503 -14539 -14523
f -14523 -14353 -14503
f -14353 -14670 -14503
f -14670 -14667 -14503
f -14666 -14503 -14667
f -14667 -14664 -14666
f -14665 -14666 -14664
f -14666 -14665 -14648
f -14539 -14479 -14523
f -14557 -14523 -14479
f -14523 -14557 -14558
f -14558 -14362 -14523
f -14353 -14523 -14362
f -14362 -14430 -14353
f -14430 -14670 -14353
f -14479 -14539 -14560
f -14560 -14597 -14479
f -14479 -14597 -14557
f -14597 -14559 -14557
f -14559 -14558 -14557
f -14558 -14559 -14561
f -14561 -14414 -14558
f -14415 -14558 -14414
f -14558 -14415 -14362
f -14430 -14362 -14415
f -14555 -14597 -14560
f -14597 -14555 -14596
f -14559 -14597 -14596
f -14596 -14563 -14559
f -14563 -14561 -14559
f -14561 -14563 -14556
f -14408 -14561 -14556
f -14561 -14408 -14432
f -14414 -14561 -14432
f -14555 -14484 -14596
f -14563 -14596 -14484
f -14563 -14484 -14598
f -14598 -14556 -14563
f -14556 -14598 -14501
f -15283 -14556 -14501
f -14411 -14556 -15283
f -14556 -14411 -14408
f -14484 -14555 -14595
f -14598 -14484 -14595
f -14595 -14501 -14598
f -15262 -14411 -15283
f -14411 -15262 -14459
f -14469 -14411 -14459
f -14411 -14469 -14413
f -14409 -14411 -14413
f -14411 -14409 -14408
f -14420 -14408 -14409
f -14408 -14420 -14432
f -15266 -14459 -15262
f -14459 -15266 -14470
f -14460 -14459 -14470
f -14459 -14460 -14469
f -14449 -14469 -14460
f -14469 -14449 -14458
f -14458 -14413 -14469
f -14413 -14458 -14616
f -14409 -14413 -14616
f -14552 -14470 -15266
f -14470 -14552 -14485
f -14530 -14470 -14485
f -14470 -14530 -14460
f -14460 -14530 -14449
f -14530 -14618 -14449
f -14488 -14618 -14530
f -14485 -14488 -14530
f -14488 -14485 -14499
f -14485 -14562 -14499
f -14562 -14485 -14552
f -14449 -14472 -14458
f -14472 -14616 -14458
f -14616 -14472 -14451
f -14451 -14615 -14616
f -14616 -14615 -14409
f -14603 -14409 -14615
f -14409 -14603 -14420
f -14444 -14615 -14451
f -14615 -14444 -14603
f -14463 -14603 -14444
f -14603 -14463 -14613
f -14613 -14420 -14603
f -14420 -14613 -14410
f -14414 -14420 -14410
f -14420 -14414 -14432
f -14451 -14450 -14444
f -14453 -14444 -14450
f -14444 -14453 -14463
f -14453 -14452 -14463
f -14452 -14614 -14463
f -14614 -14613 -14463
f -14410 -14613 -14614
f -14412 -14410 -14614
f -14415 -14410 -14412
f -14410 -14415 -14414
f -14450 -14634 -14453
f -14453 -14634 -14352
f -14352 -14462 -14453
f -14452 -14453 -14462
f -14462 -14445 -14452
f -14570 -14452 -14445
f -14452 -14570 -14573
f -14614 -14452 -14573
f -14412 -14614 -14573
f -14431 -14412 -14573
f -14431 -14415 -14412
f -14415 -14431 -14430
f -14352 -14634 -14632
f -14635 -14352 -14632
f -14352 -14635 -14636
f -14462 -14352 -14636
f -14630 -14462 -14636
f -14462 -14630 -14456
f -14445 -14462 -14456
f -14456 -14454 -14445
f -14454 -14611 -14445
f -14445 -14611 -14570
f -14632 -15087 -14635
f -14635 -15087 -15069
f -14635 -15069 -14633
f -14633 -14636 -14635
f -14636 -14633 -14630
f -14633 -14623 -14630
f -14630 -14623 -14456
f -14624 -14456 -14623
f -14456 -14624 -14447
f -14454 -14456 -14447
f -15087 -14632 -15088
f -15074 -15087 -15088
f -15087 -15074 -15070
f -15070 -15069 -15087
f -15070 -15064 -15069
f -15064 -15098 -15069
f -14344 -15069 -15098
f -15069 -14344 -14633
f -14344 -14623 -14633
f -14623 -14344 -14624
f -14632 -15071 -15088
f -15088 -15071 -15074
f -15098 -14346 -14344
f -14346 -14624 -14344
f -14624 -14346 -14622
f -14622 -14447 -14624
f -14447 -14622 -14406
f -14446 -14447 -14406
f -14447 -14446 -14454
f -14446 -14609 -14454
f -14611 -14454 -14609
f -14609 -14419 -14611
f -14570 -14611 -14419
f -14406 -14405 -14446
f -14405 -14608 -14446
f -14608 -14607 -14446
f -14609 -14446 -14607
f -14607 -14418 -14609
f -14419 -14609 -14418
f -14418 -14401 -14419
f -14430 -14419 -14401
f -14419 -14430 -14431
f -14419 -14431 -14570
f -14431 -14573 -14570
f -14400 -14607 -14608
f -14418 -14607 -14400
f -14400 -14417 -14418
f -14401 -14418 -14417
f -14638 -14401 -14417
f -14401 -14638 -14670
f -14670 -14430 -14401
f -14417 -14400 -14429
f -14429 -14638 -14417
f -15098 -15064 -15096
f -15064 -15061 -15096
f -15086 -15096 -15061
f -15061 -15083 -15086
f -15083 -15061 -15084
f -15275 -15084 -15061
f -15061 -15064 -15275
f -15276 -15275 -15064
f -15070 -15276 -15064
f -14664 -14650 -14665
f -14650 -14664 -14647
f -14647 -14638 -14650
f -14638 -14647 -14670
f -14667 -14670 -14647
f -14647 -14664 -14667
f -14230 -13816 -15504
f -14230 -16779 -13816
f -13816 -16779 -15504
f -14286 -13878 -14282
f -13893 -13878 -14286
f -13881 -13878 -13893
f -13893 -13890 -13881
f -13890 -13893 -13870
f -13893 -13871 -13870
f -14282 -13874 -14286
f -13874 -13871 -14286
f -14286 -13871 -13893
f -13874 -14282 -13875
f -14281 -13874 -13875
f -13874 -14281 -13877
f -13877 -13871 -13874
f -14287 -13871 -13877
f -13882 -13871 -14287
f -14283 -13871 -13882
f -13880 -13871 -14283
f -14283 -13879 -13880
f -13879 -14283 -13876
f -14285 -13877 -14281
f -13877 -14285 -14287
f -14284 -14287 -14285
f -14287 -14284 -13882
f -13876 -13882 -14284
f -13882 -13876 -14283
f -15102 -15100 -16937
f -15102 -15101 -15100
f -14150 -15101 -15102
f -15101 -14150 -15117
f -14150 -14149 -15117
f -14149 -14150 -15103
f -15103 -15158 -14149
f -16937 -14150 -15102
f -14150 -16937 -16606
f -16695 -14150 -16606
f -14150 -16695 -15103
f -15158 -15103 -16695
f -13906 -14305 -13900
f -14308 -14305 -13906
f -15920 -14305 -14308
f -14312 -14305 -15920
f -13897 -14305 -14312
f -14304 -14305 -13897
f -14313 -14305 -14304
f -13908 -14305 -14313
f -14311 -13906 -13900
f -13906 -14311 -13905
f -13905 -14308 -13906
f -14308 -13905 -15916
f -14307 -14308 -15916
f -14308 -14307 -15920
f -14307 -14312 -15920
f -14312 -14307 -14303
f -14303 -13897 -14312
f -13897 -14303 -13899
f -13899 -14304 -13897
f -14304 -13899 -13898
f -13898 -14313 -14304
f -14313 -13898 -13902
f -14314 -14313 -13902
f -14313 -14314 -13908
f -14316 -15649 -13911
f -15649 -14316 -14318
f -14318 -15647 -15649
f -15647 -14318 -13914
f -13914 -13918 -15647
f -13918 -13914 -13922
f -13922 -13920 -13918
f -13911 -15810 -14316
f -14316 -15810 -14317
f -14317 -14318 -14316
f -14318 -14317 -13912
f -13912 -13914 -14318
f -13914 -13912 -13970
f -13970 -13922 -13914
f -13922 -13970 -14325
f -14325 -14324 -13922
f -13920 -13922 -14324
f -14324 -15753 -13920
f -14317 -15810 -15817
f -15817 -13912 -14317
f -13912 -15817 -13971
f -13971 -13970 -13912
f -13970 -13971 -15571
f -15571 -14325 -13970
f -14325 -15571 -15648
f -15648 -14322 -14325
f -14324 -14325 -14322
f -15817 -15810 -15912
f -15912 -13971 -15817
f -13971 -15912 -15572
f -15572 -15571 -13971
f -15571 -15572 -15814
f -15814 -15648 -15571
f -15648 -15814 -15644
f -15644 -15646 -15648
f -14322 -15648 -15646
f -15912 -15810 -15816
f -13916 -15912 -15816
f -15912 -13916 -15572
f -14323 -15572 -13916
f -15572 -14323 -15814
f -13921 -15814 -14323
f -15814 -13921 -15644
f -14327 -15644 -13921
f -15644 -14327 -13919
f -15646 -15644 -13919
f -15816 -15810 -15811
f -14321 -15816 -15811
f -15816 -14321 -13916
f -13915 -13916 -14321
f -13916 -13915 -14323
f -15569 -14323 -13915
f -14323 -15569 -13921
f -14326 -13921 -15569
f -13921 -14326 -14327
f -15811 -15810 -13972
f -13913 -15811 -13972
f -15811 -13913 -14321
f -13917 -14321 -13913
f -14321 -13917 -13915
f -15650 -13915 -13917
f -13915 -15650 -15569
f -15645 -15569 -15650
f -15569 -15645 -14326
f -13972 -15810 -13973
f -13973 -13913 -13972
f -13913 -13973 -14319
f -14319 -13917 -13913
f -13917 -14319 -14320
f -14320 -15650 -13917
f -15650 -14320 -15653
f -15653 -15645 -15650
f -15645 -15653 -15755
f -15744 -15645 -15755
f -15645 -15744 -14330
f -14330 -14326 -15645
f -14326 -14330 -13931
f -15746 -14326 -13931
f -14326 -15746 -14327
f -15568 -14327 -15746
f -14327 -15568 -13919
f -13923 -14330 -15744
f -14330 -13923 -15745
f -15745 -13926 -14330
f -13926 -13931 -14330
f -13931 -13926 -15747
f -15747 -15746 -13931
f -15746 -15747 -13929
f -13929 -15752 -15746
f -15570 -15746 -15752
f -15746 -15570 -15568
f -13925 -15568 -15570
f -15568 -13925 -13974
f -13974 -13919 -15568
f -13919 -13974 -15646
f -13974 -14322 -15646
f -14322 -13974 -14328
f -14328 -14324 -14322
f -14324 -14328 -15743
f -15753 -14324 -15743
f -13925 -13975 -13974
f -14329 -13974 -13975
f -13974 -14329 -14328
f -13924 -14328 -14329
f -14328 -13924 -15743
f -13924 -15754 -15743
f -15751 -15743 -15754
f -15743 -15751 -15753
f -14078 -16822 -16821
f -14078 -16491 -16822
f -16491 -14078 -16815
f -16865 -16815 -14078
f -16815 -16865 -16863
f -16546 -16863 -16865
f -16863 -16546 -16867
f -16865 -14078 -16821
f -16546 -16865 -16821
f -16488 -16546 -16821
f -14075 -16546 -16488
f -16546 -14075 -16867
f -16567 -16488 -16821
f -16489 -16488 -16567
f -16488 -16489 -14075
f -14077 -16567 -16821
f -14076 -16567 -14077
f -16567 -14076 -16489
f -16566 -14077 -16821
f -16490 -14077 -16566
f -14077 -16490 -14076
f -16814 -16566 -16821
f -16823 -16566 -16814
f -16566 -16823 -16490
f -16647 -16676 -14065
f -16647 -16645 -16676
f -16645 -16647 -16648
f -16667 -16648 -16647
f -16648 -16667 -16674
f -16667 -16673 -16674
f -16667 -16647 -14065
f -14063 -16667 -14065
f -16673 -16667 -14063
f -16477 -16673 -14063
f -16477 -14063 -14064
f -16477 -14064 -16677
f -16650 -16677 -14064
f -16677 -16650 -16672
f -14064 -14063 -14065
f -16650 -14064 -14065
f -16649 -16650 -14065
f -16649 -16672 -16650
f -16672 -16649 -16476
f -14084 -16476 -16649
f -16476 -14084 -14062
f -14084 -14082 -14062
f -14082 -14084 -16475
f -16475 -14084 -14065
f -14084 -16649 -14065
f -14131 -14134 -16669
f -14134 -14131 -16666
f -16666 -14061 -14134
f -14134 -14061 -16660
f -16669 -14134 -16660
f -14029 -16666 -14131
f -16666 -14029 -14051
f -14051 -16654 -16666
f -14061 -16666 -16654
f -16654 -16474 -14061
f -14061 -16474 -16660
f -14004 -14051 -14029
f -14051 -14004 -16097
f -16097 -16656 -14051
f -16654 -14051 -16656
f -16656 -16663 -16654
f -16474 -16654 -16663
f -16663 -16659 -16474
f -16474 -16659 -16660
f -16095 -16097 -14004
f -16097 -16095 -16102
f -16102 -15947 -16097
f -16656 -16097 -15947
f -15947 -16662 -16656
f -16663 -16656 -16662
f -16662 -14132 -16663
f -16659 -16663 -14132
f -14052 -16659 -14132
f -16659 -14052 -14133
f -16659 -14133 -16660
f -16092 -16102 -16095
f -16102 -16092 -16675
f -13982 -16102 -16675
f -16102 -13982 -15924
f -15947 -16102 -15924
f -15924 -16098 -15947
f -16662 -15947 -16098
f -16098 -14109 -16662
f -14132 -16662 -14109
f -14053 -14132 -14109
f -14132 -14053 -14052
f -13983 -16675 -16092
f -16675 -13983 -15926
f -16111 -16675 -15926
f -16111 -13982 -16675
f -13982 -16111 -15925
f -15925 -16105 -13982
f -16105 -15924 -13982
f -15924 -16105 -16099
f -16098 -15924 -16099
f -16099 -16100 -16098
f -14109 -16098 -16100
f -15946 -14109 -16100
f -14109 -15946 -14053
f -16109 -14053 -15946
f -14053 -16109 -13981
f -13981 -14052 -14053
f -16105 -15925 -16110
f -14002 -16105 -16110
f -14002 -16651 -16105
f -16653 -16105 -16651
f -16105 -16653 -16099
f -16100 -16099 -16653
f -16103 -16100 -16653
f -16100 -16103 -15946
f -16106 -15946 -16103
f -15946 -16106 -16109
f -16104 -16109 -16106
f -16109 -16104 -16652
f -16652 -13981 -16109
f -16651 -14002 -16108
f -16108 -16091 -16651
f -16103 -16651 -16091
f -16651 -16103 -16653
f -16091 -16108 -16107
f -16678 -16091 -16107
f -16088 -16091 -16678
f -16091 -16088 -16114
f -16106 -16091 -16114
f -16091 -16106 -16103
f -13984 -16114 -16088
f -16114 -13984 -15927
f -15927 -16106 -16114
f -16106 -15927 -16104
f -16112 -16104 -15927
f -16104 -16112 -15948
f -14003 -16104 -15948
f -16104 -14003 -16652
f -16090 -15927 -13984
f -16093 -15927 -16090
f -15927 -16093 -16112
f -16661 -16652 -14003
f -16652 -16661 -16101
f -13981 -16652 -16101
f -16101 -16096 -13981
f -14052 -13981 -16096
f -16096 -14133 -14052
f -14133 -16096 -16658
f -14133 -16658 -16660
f -16655 -16101 -16661
f -16101 -16655 -16094
f -16096 -16101 -16094
f -16094 -16658 -16096
f -16658 -16094 -16665
f -16658 -16665 -16660
f -16665 -16664 -16660
f -16094 -16664 -16665
f -16664 -16094 -16655
f -13991 -13990 -16117
f -13991 -15934 -13990
f -15934 -15988 -13990
f -13990 -15988 -16117
f -15934 -13991 -15933
f -15930 -15934 -15933
f -15934 -15930 -16116
f -16116 -16076 -15934
f -15988 -15934 -16076
f -16076 -15935 -15988
f -15988 -15935 -16117
f -16118 -16116 -15930
f -16116 -16118 -13987
f -13987 -16087 -16116
f -16076 -16116 -16087
f -16121 -16076 -16087
f -16076 -16121 -13992
f -15935 -16076 -13992
f -13992 -15936 -15935
f -15935 -15936 -16117
f -16298 -13987 -16118
f -13987 -16298 -15991
f -15991 -16089 -13987
f -16087 -13987 -16089
f -16089 -16121 -16087
f -16121 -16089 -16120
f -16119 -16121 -16120
f -16121 -16119 -15986
f -15986 -13992 -16121
f -13992 -15986 -13993
f -15936 -13992 -13993
f -16296 -15991 -16298
f -15991 -16296 -16300
f -16300 -16249 -15991
f -16089 -15991 -16249
f -16249 -16120 -16089
f -16120 -16249 -16245
f -16248 -16120 -16245
f -16120 -16248 -16119
f -13997 -16119 -16248
f -16119 -13997 -13989
f -13989 -15986 -16119
f -16333 -16300 -16296
f -16300 -16333 -16336
f -16336 -13998 -16300
f -13998 -13994 -16300
f -16249 -16300 -13994
f -13994 -16245 -16249
f -16245 -13994 -13996
f -16244 -16245 -13996
f -16245 -16244 -16248
f -16297 -16248 -16244
f -16248 -16297 -13997
f -16338 -16336 -16333
f -16336 -16338 -16337
f -16337 -13998 -16336
f -13998 -16337 -15941
f -15941 -16255 -13998
f -13994 -13998 -16255
f -16255 -13996 -13994
f -13996 -16255 -16254
f -16254 -16009 -13996
f -14022 -13996 -16009
f -13996 -14022 -16244
f -14023 -16244 -14022
f -16244 -14023 -16297
f -16255 -15941 -16257
f -16257 -16254 -16255
f -16254 -16257 -16247
f -16247 -16009 -16254
f -16009 -16247 -16341
f -15979 -16009 -16341
f -16009 -15979 -14022
f -15980 -14022 -15979
f -14022 -15980 -14023
f -16344 -14023 -15980
f -14023 -16344 -16262
f -14023 -16262 -16297
f -16343 -16297 -16262
f -16297 -16343 -15940
f -15940 -13997 -16297
f -13997 -15940 -16010
f -16010 -13989 -13997
f -16342 -16262 -16344
f -16262 -16342 -16343
f -16339 -16343 -16342
f -16343 -16339 -16321
f -16321 -15940 -16343
f -15940 -16321 -15939
f -15939 -16010 -15940
f -16010 -15939 -16011
f -16011 -16078 -16010
f -13989 -16010 -16078
f -16078 -16077 -13989
f -15986 -13989 -16077
f -16077 -13993 -15986
f -14021 -16321 -16339
f -16321 -14021 -13999
f -16321 -13999 -15939
f -16256 -15939 -13999
f -15939 -16256 -13995
f -13995 -16011 -15939
f -16011 -13995 -15938
f -15938 -13988 -16011
f -16078 -16011 -13988
f -13988 -15932 -16078
f -16077 -16078 -15932
f -15942 -13999 -14021
f -13999 -15942 -16256
f -13988 -15938 -15987
f -15987 -15931 -13988
f -15932 -13988 -15931
f -15931 -15990 -15932
f -16083 -15932 -15990
f -15932 -16083 -16077
f -13993 -16077 -16083
f -15937 -13993 -16083
f -13993 -15937 -15936
f -15931 -15987 -16115
f -16115 -16082 -15931
f -15990 -15931 -16082
f -16082 -15989 -15990
f -15937 -15990 -15989
f -15990 -15937 -16083
f -16082 -16115 -16081
f -16081 -16084 -16082
f -15989 -16082 -16084
f -15989 -16084 -16117
f -15937 -15989 -16117
f -15936 -15937 -16117
f -16084 -16081 -16080
f -16084 -16080 -16117
f -15274 -15257 -15271
f -15257 -15274 -15247
f -15247 -15255 -15257
f -15338 -15255 -15247
f -15255 -15338 -15268
f -15314 -15268 -15338
f -15268 -15314 -15301
f -15314 -14386 -15301
f -15270 -15247 -15274
f -15247 -15270 -15250
f -15094 -15247 -15250
f -15247 -15094 -15338
f -15161 -15338 -15094
f -15338 -15161 -15314
f -15161 -14391 -15314
f -14386 -15314 -14391
f -14391 -14392 -14386
f -15266 -15250 -15270
f -15250 -15266 -15265
f -15265 -15094 -15250
f -15094 -15265 -15252
f -15252 -15161 -15094
f -15161 -15252 -15248
f -15248 -15269 -15161
f -14391 -15161 -15269
f -15269 -14393 -14391
f -14392 -14391 -14393
f -14841 -14392 -14393
f -14392 -14841 -14683
f -15266 -15095 -15265
f -15095 -15252 -15265
f -15252 -15095 -15073
f -15073 -15248 -15252
f -15248 -15073 -15298
f -15298 -15072 -15248
f -15269 -15248 -15072
f -15072 -15228 -15269
f -14393 -15269 -15228
f -16115 -14393 -15228
f -14393 -16115 -14841
f -15095 -15266 -15329
f -15097 -15095 -15329
f -15095 -15097 -15340
f -15299 -15095 -15340
f -15095 -15299 -15073
f -15299 -15298 -15073
f -15298 -15299 -15307
f -15307 -14394 -15298
f -15072 -15298 -14394
f -14394 -15315 -15072
f -15228 -15072 -15315
f -16867 -15228 -15315
f -15228 -16867 -16115
f -15341 -15340 -15097
f -15340 -15341 -14943
f -15034 -15340 -14943
f -15340 -15034 -15299
f -15034 -15307 -15299
f -15307 -15034 -15074
f -15074 -14624 -15307
f -14394 -15307 -14624
f -14624 -14387 -14394
f -14387 -15079 -14394
f -15315 -14394 -15079
f -15254 -14943 -15341
f -14943 -15254 -15045
f -15045 -15034 -14943
f -15034 -15045 -15311
f -15311 -15074 -15034
f -15074 -15311 -15070
f -15070 -15310 -15074
f -14624 -15074 -15310
f -15310 -14387 -14624
f -14387 -15310 -15302
f -15302 -15078 -14387
f -15079 -14387 -15078
f -15254 -15043 -15045
f -15043 -15311 -15045
f -15311 -15043 -15077
f -15077 -15070 -15311
f -15070 -15077 -15313
f -15313 -15083 -15070
f -15310 -15070 -15083
f -15083 -15302 -15310
f -15302 -15083 -15312
f -15312 -15080 -15302
f -15078 -15302 -15080
f -15043 -15254 -15253
f -14993 -15043 -15253
f -15043 -14993 -15069
f -15067 -15043 -15069
f -15043 -15067 -15077
f -15067 -15313 -15077
f -15313 -15067 -15035
f -15035 -15041 -15313
f -15083 -15313 -15041
f -15041 -15312 -15083
f -15312 -15041 -15242
f -15242 -15316 -15312
f -15080 -15312 -15316
f -14992 -15069 -14993
f -15069 -14992 -15296
f -15296 -15067 -15069
f -15067 -15296 -14672
f -14672 -15035 -15067
f -15035 -14672 -14678
f -14664 -15035 -14678
f -15035 -14664 -15028
f -15041 -15035 -15028
f -15027 -15041 -15028
f -15041 -15027 -15242
f -15038 -15296 -14992
f -15296 -15038 -15040
f -15040 -14672 -15296
f -14672 -15040 -14679
f -14679 -14678 -14672
f -14678 -14679 -14383
f -14670 -14678 -14383
f -14678 -14670 -14664
f -14385 -14664 -14670
f -14664 -14385 -14689
f -14689 -15028 -14664
f -15028 -14689 -15027
f -15258 -15040 -15038
f -15040 -15258 -15086
f -15086 -14679 -15040
f -14679 -15086 -14996
f -15098 -14679 -14996
f -14679 -15098 -14383
f -14994 -14383 -15098
f -14383 -14994 -14670
f -14994 -14385 -14670
f -15258 -15102 -15086
f -15309 -15086 -15102
f -14996 -15086 -15309
f -15076 -14996 -15309
f -15098 -14996 -15076
f -15330 -15098 -15076
f -15098 -15330 -14994
f -15102 -15258 -15332
f -15332 -15100 -15102
f -15100 -15309 -15102
f -15100 -15303 -15309
f -15303 -15076 -15309
f -15076 -15303 -15308
f -15308 -15305 -15076
f -15076 -15305 -15330
f -14623 -15330 -15305
f -15330 -14623 -14995
f -15330 -14995 -14994
f -15100 -15332 -15342
f -15303 -15100 -15085
f -15085 -14900 -15303
f -15300 -15303 -14900
f -15303 -15300 -15308
f -14354 -15308 -15300
f -15308 -14354 -15305
f -14354 -14623 -15305
f -14623 -14354 -14680
f -14680 -14688 -14623
f -14688 -14995 -14623
f -14995 -14688 -15096
f -15096 -14994 -14995
f -14900 -15085 -15099
f -15099 -15068 -14900
f -15071 -14900 -15068
f -14900 -15071 -15300
f -14527 -15300 -15071
f -15300 -14527 -14354
f -14527 -14680 -14354
f -14680 -14527 -14384
f -14384 -14673 -14680
f -14688 -14680 -14673
f -15068 -15099 -15101
f -15101 -15075 -15068
f -15297 -15068 -15075
f -15068 -15297 -15071
f -14373 -15071 -15297
f -15071 -14373 -14527
f -14373 -14384 -14527
f -14384 -14373 -14666
f -14666 -14665 -14384
f -14673 -14384 -14665
f -15075 -15101 -15331
f -15331 -14389 -15075
f -15306 -15075 -14389
f -15075 -15306 -15297
f -15243 -15297 -15306
f -15297 -15243 -14373
f -15243 -14666 -14373
f -14666 -15243 -15256
f -15256 -14687 -14666
f -14665 -14666 -14687
f -14687 -15162 -14665
f -15162 -14673 -14665
f -14389 -15331 -14532
f -14532 -14531 -14389
f -14891 -14389 -14531
f -14389 -14891 -15306
f -15243 -15306 -14891
f -15244 -15243 -14891
f -15244 -15256 -15243
f -15256 -15244 -15246
f -15246 -14944 -15256
f -14687 -15256 -14944
f -14944 -15336 -14687
f -15162 -14687 -15336
f -14531 -14532 -14396
f -14396 -14401 -14531
f -15264 -14531 -14401
f -14531 -15264 -14891
f -15244 -14891 -15264
f -14370 -15244 -15264
f -14369 -15244 -14370
f -15244 -14369 -15246
f -14369 -15251 -15246
f -14944 -15246 -15251
f -15251 -15092 -14944
f -15336 -14944 -15092
f -14401 -14396 -14398
f -14403 -14401 -14398
f -14401 -14403 -14399
f -14367 -14401 -14399
f -14401 -14367 -15264
f -14370 -15264 -14367
f -14367 -14372 -14370
f -14684 -14370 -14372
f -14370 -14684 -14369
f -14684 -15304 -14369
f -15251 -14369 -15304
f -15304 -15263 -15251
f -15092 -15251 -15263
f -14390 -14399 -14403
f -14399 -14390 -14400
f -14368 -14399 -14400
f -14399 -14368 -14367
f -14372 -14367 -14368
f -14368 -15245 -14372
f -15267 -14372 -15245
f -14684 -14372 -15267
f -14390 -14397 -14400
f -14892 -14400 -14397
f -14400 -14892 -14368
f -15245 -14368 -14892
f -14397 -14390 -14402
f -15267 -14677 -14684
f -14686 -14684 -14677
f -14684 -14686 -14671
f -15304 -14684 -14671
f -14671 -15093 -15304
f -15263 -15304 -15093
f -14686 -15091 -14671
f -15093 -14671 -15091
f -15328 -15093 -15091
f -16951 -15093 -15328
f -15093 -16951 -16871
f -16871 -15263 -15093
f -15263 -16871 -14839
f -14644 -15263 -14839
f -15263 -14644 -15092
f -15091 -14686 -15327
f -15327 -15328 -15091
f -15328 -15327 -15337
f -16953 -15328 -15337
f -15328 -16953 -16951
f -16953 -16948 -16951
f -16870 -16951 -16948
f -16951 -16870 -16871
f -14838 -16871 -16870
f -16871 -14838 -14839
f -14838 -14644 -14839
f -14644 -14838 -16947
f -16947 -14645 -14644
f -14645 -15092 -14644
f -15092 -14645 -15336
f -16948 -16953 -16938
f -16112 -16948 -16938
f -16948 -16112 -16113
f -16948 -16113 -16870
f -16545 -16870 -16113
f -16870 -16545 -15729
f -15729 -14838 -16870
f -14838 -15729 -14381
f -14381 -16947 -14838
f -16947 -14381 -16826
f -16826 -16127 -16947
f -14645 -16947 -16127
f -16527 -16113 -16112
f -16113 -16527 -16545
f -16527 -16507 -16545
f -16507 -15729 -16545
f -15729 -16507 -15738
f -15738 -14381 -15729
f -14381 -15738 -14655
f -14655 -16826 -14381
f -16826 -14655 -14667
f -14667 -16430 -16826
f -16127 -16826 -16430
f -16507 -16527 -16569
f -14685 -16507 -16569
f -16507 -14685 -15735
f -15739 -16507 -15735
f -16507 -15739 -15738
f -14379 -15738 -15739
f -15738 -14379 -14655
f -14379 -14667 -14655
f -14667 -14379 -14649
f -14649 -16570 -14667
f -16430 -14667 -16570
f -14685 -14658 -15735
f -14658 -15703 -15735
f -15741 -15735 -15703
f -15735 -15741 -15739
f -15739 -15741 -14682
f -15739 -14682 -14379
f -14379 -14682 -15730
f -14379 -15730 -14649
f -15703 -14658 -15736
f -15736 -15638 -15703
f -15417 -15703 -15638
f -15703 -15417 -15741
f -15414 -15741 -15417
f -15741 -15414 -14682
f -15636 -14682 -15414
f -14682 -15636 -15730
f -15634 -15730 -15636
f -15730 -15634 -16128
f -14649 -15730 -16128
f -15638 -15736 -15401
f -15401 -15403 -15638
f -15403 -15417 -15638
f -15417 -15403 -15415
f -15415 -15414 -15417
f -15414 -15415 -15402
f -15633 -15414 -15402
f -15414 -15633 -15636
f -15635 -15636 -15633
f -15636 -15635 -15634
f -15403 -15401 -15637
f -16982 -15634 -15635
f -15634 -16982 -15716
f -15716 -16128 -15634
f -16128 -15716 -15726
f -15726 -14649 -16128
f -14649 -15726 -15745
f -16570 -14649 -15745
f -17013 -15716 -16982
f -15716 -17013 -15724
f -15724 -15726 -15716
f -15726 -15724 -15727
f -15727 -15745 -15726
f -15745 -15727 -15746
f -16525 -15745 -15746
f -15745 -16525 -16570
f -16429 -16570 -16525
f -16570 -16429 -16430
f -17008 -15724 -17013
f -15724 -17008 -15707
f -15707 -15727 -15724
f -15727 -15707 -15709
f -15709 -15746 -15727
f -15746 -15709 -15737
f -16542 -15746 -15737
f -15746 -16542 -16525
f -16546 -16525 -16542
f -16525 -16546 -16429
f -16546 -16125 -16429
f -16125 -16430 -16429
f -16430 -16125 -16127
f -16971 -15707 -17008
f -15707 -16971 -15718
f -15718 -15709 -15707
f -15709 -15718 -16110
f -16110 -15737 -15709
f -15737 -16110 -15740
f -16508 -15737 -15740
f -15737 -16508 -16542
f -16541 -16542 -16508
f -16542 -16541 -16546
f -16541 -16862 -16546
f -16125 -16546 -16862
f -16981 -15718 -16971
f -15718 -16981 -15704
f -15719 -15718 -15704
f -15718 -15719 -16110
f -16110 -15719 -15740
f -15719 -16941 -15740
f -16941 -16508 -15740
f -16508 -16941 -16975
f -16975 -16541 -16508
f -16541 -16975 -17004
f -17004 -16114 -16541
f -16862 -16541 -16114
f -16981 -17011 -15704
f -15704 -17011 -17010
f -16977 -15704 -17010
f -15719 -15704 -16977
f -17009 -15719 -16977
f -16941 -15719 -17009
f -17009 -16980 -16941
f -16941 -16980 -16975
f -16980 -17004 -16975
f -16981 -16942 -17011
f -14674 -17011 -16942
f -17011 -14674 -17010
f -14674 -14639 -17010
f -16428 -17010 -14639
f -17010 -16428 -16977
f -16428 -17009 -16977
f -17009 -16428 -16524
f -16524 -16980 -17009
f -16942 -16981 -16973
f -14639 -14674 -14650
f -14650 -15723 -14639
f -16426 -14639 -15723
f -14639 -16426 -16428
f -16564 -16428 -16426
f -16428 -16564 -16524
f -16564 -16421 -16524
f -16980 -16524 -16421
f -15723 -14650 -16979
f -16979 -15721 -15723
f -15725 -15723 -15721
f -15723 -15725 -16426
f -14363 -16426 -15725
f -16426 -14363 -16564
f -14363 -16526 -16564
f -16421 -16564 -16526
f -16526 -16574 -16421
f -16574 -16980 -16421
f -16980 -16574 -16868
f -17004 -16980 -16868
f -15721 -16979 -16940
f -16940 -14652 -15721
f -14652 -15725 -15721
f -15725 -14652 -15710
f -15722 -15725 -15710
f -15725 -15722 -14363
f -14661 -14363 -15722
f -14363 -14661 -14641
f -16526 -14363 -14641
f -14641 -16577 -16526
f -16574 -16526 -16577
f -14652 -16940 -14660
f -14663 -14652 -14660
f -14652 -14663 -14654
f -15720 -14652 -14654
f -14652 -15720 -15710
f -15715 -15710 -15720
f -15710 -15715 -15722
f -16976 -15722 -15715
f -15722 -16976 -14661
f -14663 -17003 -14654
f -14581 -14654 -17003
f -14654 -14581 -15720
f -15742 -15720 -14581
f -15720 -15742 -15715
f -15728 -15715 -15742
f -15715 -15728 -16976
f -16117 -16976 -15728
f -16976 -16117 -16118
f -16118 -14661 -16976
f -17003 -14663 -16998
f -16998 -16958 -17003
f -16958 -14581 -17003
f -14581 -16958 -15708
f -15717 -14581 -15708
f -14581 -15717 -15742
f -16543 -15742 -15717
f -15742 -16543 -15728
f -16509 -15728 -16543
f -15728 -16509 -16117
f -16958 -16998 -16939
f -16939 -16959 -16958
f -16959 -15708 -16958
f -15708 -16959 -16129
f -16119 -15708 -16129
f -15708 -16119 -15717
f -16540 -15717 -16119
f -15717 -16540 -16543
f -16543 -16540 -16509
f -16509 -16540 -16823
f -16823 -16865 -16509
f -16865 -16117 -16509
f -16959 -16939 -16955
f -14681 -16959 -16955
f -16959 -14681 -14837
f -14836 -16959 -14837
f -16959 -14836 -16129
f -14621 -16129 -14836
f -16129 -14621 -16119
f -16825 -16119 -14621
f -16119 -16825 -16540
f -16863 -16540 -16825
f -16540 -16863 -16823
f -14681 -14659 -14837
f -16978 -14837 -14659
f -14837 -16978 -14836
f -16997 -14836 -16978
f -14836 -16997 -14621
f -14676 -14621 -16997
f -14621 -14676 -16825
f -16864 -16825 -14676
f -16825 -16864 -16863
f -14659 -14681 -14669
f -14669 -14656 -14659
f -14656 -16978 -14659
f -16978 -14656 -16952
f -16952 -16997 -16978
f -16997 -16952 -16124
f -16547 -16997 -16124
f -16997 -16547 -14676
f -16575 -14676 -16547
f -14676 -16575 -16864
f -14656 -14669 -14844
f -14844 -14842 -14656
f -14656 -14842 -14845
f -14845 -16952 -14656
f -16952 -14845 -14382
f -14382 -16124 -16952
f -16124 -14382 -16822
f -16427 -16124 -16822
f -16124 -16427 -16547
f -16576 -16547 -16427
f -16547 -16576 -16575
f -14842 -14844 -14843
f -14841 -16576 -14683
f -16576 -14841 -16575
f -16115 -16575 -14841
f -16575 -16115 -16864
f -16867 -16864 -16115
f -16864 -16867 -16863
f -16824 -16863 -16867
f -16863 -16824 -16823
f -16123 -16823 -16824
f -16823 -16123 -16865
f -16123 -16120 -16865
f -16117 -16865 -16120
f -16120 -16118 -16117
f -15315 -16824 -16867
f -16824 -15315 -15079
f -15079 -16123 -16824
f -16123 -15079 -15078
f -15080 -16123 -15078
f -16123 -15080 -16116
f -16120 -16123 -16116
f -16116 -16121 -16120
f -16118 -16120 -16121
f -16121 -14662 -16118
f -14661 -16118 -14662
f -14365 -14661 -14662
f -14661 -14365 -14641
f -16577 -14641 -14365
f -15316 -16116 -15080
f -16116 -15316 -16122
f -16121 -16116 -16122
f -16122 -14378 -16121
f -14662 -16121 -14378
f -14378 -14365 -14662
f -14365 -14378 -14640
f -14364 -14365 -14640
f -14365 -14364 -16577
f -16866 -16577 -14364
f -16577 -16866 -16574
f -15249 -16122 -15316
f -16122 -15249 -14657
f -14378 -16122 -14657
f -14657 -14640 -14378
f -14640 -14657 -14371
f -14371 -14364 -14640
f -14364 -14371 -14648
f -14648 -16866 -14364
f -15316 -15242 -15249
f -15027 -15249 -15242
f -15249 -15027 -15044
f -15044 -14657 -15249
f -14657 -15044 -14371
f -15039 -14371 -15044
f -14371 -15039 -14648
f -15082 -14648 -15039
f -14648 -15082 -16946
f -16866 -14648 -16946
f -16827 -16866 -16946
f -16866 -16827 -16869
f -16869 -16574 -16866
f -15027 -15039 -15044
f -15039 -15027 -14689
f -14689 -15082 -15039
f -15082 -14689 -14385
f -14385 -15081 -15082
f -16827 -15082 -15081
f -15082 -16827 -16946
f -15081 -14385 -15227
f -15227 -15084 -15081
f -15084 -16827 -15081
f -16827 -15084 -14366
f -16974 -16827 -14366
f -16827 -16974 -16869
f -16974 -16868 -16869
f -16574 -16869 -16868
f -14385 -14994 -15227
f -14994 -15096 -15227
f -15084 -15227 -15096
f -15096 -15317 -15084
f -15317 -14366 -15084
f -14366 -15317 -16126
f -16114 -14366 -16126
f -14366 -16114 -16974
f -16114 -17004 -16974
f -16868 -16974 -17004
f -15317 -15096 -14688
f -14688 -15318 -15317
f -15318 -16126 -15317
f -16126 -15318 -16111
f -16862 -16126 -16111
f -16126 -16862 -16114
f -15318 -14688 -14673
f -14673 -15162 -15318
f -15162 -16111 -15318
f -16111 -15162 -14643
f -16125 -16111 -14643
f -16111 -16125 -16862
f -15336 -14643 -15162
f -14643 -15336 -14645
f -16127 -14643 -14645
f -14643 -16127 -16125
f -14530 -15272 -15273
f -15272 -14530 -14388
f -14388 -14622 -15272
f -14622 -14388 -15974
f -15632 -14622 -15974
f -14622 -15632 -14675
f -15972 -14675 -15632
f -14675 -15972 -14668
f -14533 -14388 -14530
f -14388 -14533 -14536
f -14536 -15974 -14388
f -15974 -14536 -15631
f -15976 -15974 -15631
f -15974 -15976 -15632
f -15973 -15632 -15976
f -15632 -15973 -15972
f -14533 -15105 -14536
f -16984 -14536 -15105
f -14536 -16984 -15631
f -16984 -15976 -15631
f -15976 -16984 -16969
f -16969 -15973 -15976
f -15973 -16969 -16994
f -16996 -16994 -16969
f -16994 -16996 -16961
f -15105 -14533 -15104
f -15104 -15103 -15105
f -17017 -15105 -15103
f -15105 -17017 -16984
f -17017 -16969 -16984
f -16969 -17017 -16996
f -14638 -16996 -17017
f -16996 -14638 -16995
f -16993 -16996 -16995
f -16996 -16993 -16961
f -16961 -16993 -16731
f -16993 -17016 -16731
f -15103 -15104 -15089
f -15108 -15103 -15089
f -15103 -15108 -15333
f -14638 -15103 -15333
f -15103 -14638 -17017
f -15089 -15350 -15108
f -15087 -15108 -15350
f -15108 -15087 -15088
f -15088 -15333 -15108
f -15333 -15088 -15348
f -15348 -14638 -15333
f -14638 -15348 -14642
f -16914 -14638 -14642
f -14638 -16914 -16995
f -15087 -14903 -15088
f -14903 -15348 -15088
f -15348 -14903 -15090
f -15090 -14642 -15348
f -14642 -15090 -16848
f -16913 -14642 -16848
f -14642 -16913 -16914
f -17012 -16914 -16913
f -16914 -17012 -16983
f -16983 -16995 -16914
f -16995 -16983 -16993
f -14903 -15087 -15047
f -15345 -14903 -15047
f -14903 -15345 -15046
f -15046 -15090 -14903
f -15090 -15046 -15107
f -15107 -16848 -15090
f -16848 -15107 -16957
f -16960 -16848 -16957
f -16848 -16960 -16913
f -17018 -16913 -16960
f -16913 -17018 -17012
f -15343 -15345 -15047
f -15345 -15343 -15048
f -15048 -15335 -15345
f -15106 -15345 -15335
f -15345 -15106 -15046
f -15106 -15107 -15046
f -15107 -15106 -15352
f -15352 -16957 -15107
f -16957 -15352 -16956
f -16944 -16957 -16956
f -16957 -16944 -16960
f -16962 -16960 -16944
f -16960 -16962 -17018
f -15335 -15048 -14905
f -14905 -14908 -15335
f -14907 -15335 -14908
f -15335 -14907 -15106
f -15347 -15106 -14907
f -15106 -15347 -15352
f -16954 -15352 -15347
f -15352 -16954 -16956
f -16954 -16944 -16956
f -16944 -16954 -16513
f -16513 -16962 -16944
f -14908 -14905 -15334
f -15334 -14909 -14908
f -15351 -14908 -14909
f -14908 -15351 -14907
f -15349 -14907 -15351
f -14907 -15349 -15347
f -15349 -16954 -15347
f -16954 -15349 -16561
f -16560 -16954 -16561
f -16954 -16560 -16513
f -16560 -16314 -16513
f -16962 -16513 -16314
f -14909 -15334 -14906
f -15113 -14909 -14906
f -14904 -14909 -15113
f -14909 -14904 -15351
f -14904 -15349 -15351
f -15349 -14904 -16549
f -16561 -15349 -16549
f -16561 -16549 -16560
f -16583 -16560 -16549
f -16560 -16583 -16562
f -16314 -16560 -16562
f -16562 -16512 -16314
f -16945 -16314 -16512
f -16314 -16945 -16962
f -15113 -15112 -14904
f -16535 -14904 -15112
f -14904 -16535 -16549
f -16535 -16583 -16549
f -16583 -16535 -16538
f -16538 -16511 -16583
f -16559 -16583 -16511
f -16583 -16559 -16562
f -16512 -16562 -16559
f -15112 -15113 -15114
f -16537 -15112 -15114
f -16537 -16535 -15112
f -16537 -16538 -16535
f -16537 -16483 -16538
f -16511 -16538 -16483
f -16511 -16484 -16559
f -16550 -16559 -16484
f -16559 -16550 -16512
f -16582 -16512 -16550
f -16512 -16582 -16945
f -16846 -16945 -16582
f -16945 -16846 -16943
f -16943 -16962 -16945
f -16962 -16943 -17018
f -16943 -17012 -17018
f -17012 -16943 -16972
f -17016 -17012 -16972
f -17012 -17016 -16983
f -16970 -16943 -16846
f -16943 -16970 -16972
f -17016 -16993 -16983
f -16024 -16013 -16012
f -16013 -16024 -16015
f -16017 -16013 -16015
f -16013 -16017 -16018
f -16018 -16017 -16019
f -16017 -16010 -16019
f -16019 -16010 -16009
f -16019 -16009 -16020
f -16024 -15412 -16015
f -15412 -16017 -16015
f -16017 -15412 -16010
f -16023 -16010 -15412
f -16010 -16023 -16009
f -16023 -16020 -16009
f -16020 -16023 -16011
f -16023 -16016 -16011
f -16016 -16023 -16005
f -15412 -16005 -16023
f -16005 -15412 -16014
f -15412 -16024 -16014
f -15705 -15399 -15744
f -15399 -15705 -15743
f -15435 -15399 -15743
f -15399 -15435 -15426
f -15426 -15435 -15421
f -15435 -15419 -15421
f -15419 -15420 -15421
f -15421 -15420 -15416
f -15705 -15429 -15743
f -15429 -15435 -15743
f -15435 -15429 -15419
f -15429 -15420 -15419
f -15420 -15429 -15438
f -15438 -15416 -15420
f -15416 -15438 -15436
f -15438 -15433 -15436
f -15433 -15438 -15437
f -15429 -15437 -15438
f -15437 -15429 -15427
f -15429 -15705 -15427
f -15663 -15731 -15425
f -15731 -15663 -15734
f -15734 -15398 -15731
f -15398 -15734 -15432
f -15434 -15398 -15432
f -15432 -15431 -15434
f -15431 -15397 -15434
f -15434 -15397 -15430
f -15663 -15697 -15734
f -15431 -15734 -15697
f -15734 -15431 -15432
f -15697 -15663 -15696
f -15698 -15697 -15696
f -15697 -15698 -15695
f -15397 -15697 -15695
f -15697 -15397 -15431
f -15357 -15695 -15698
f -15695 -15357 -15706
f -15706 -15397 -15695
f -15397 -15706 -15430
f -15648 -15647 -15646
f -15647 -15648 -15655
f -15395 -15647 -15655
f -15647 -15395 -15654
f -15396 -15654 -15395
f -15654 -15396 -15653
f -16260 -15653 -15396
f -15653 -16260 -16453
f -15640 -15655 -15648
f -15655 -15640 -15642
f -15642 -15395 -15655
f -15395 -15642 -15390
f -15394 -15395 -15390
f -15395 -15394 -15396
f -16899 -15396 -15394
f -15396 -16899 -16260
f -16899 -16275 -16260
f -16258 -16260 -16275
f -16260 -16258 -16453
f -15643 -15642 -15640
f -15642 -15643 -15644
f -15981 -15642 -15644
f -15642 -15981 -15390
f -15981 -15984 -15390
f -15392 -15390 -15984
f -15390 -15392 -15394
f -16623 -15394 -15392
f -15394 -16623 -16899
f -16623 -16697 -16899
f -16275 -16899 -16697
f -15374 -15644 -15643
f -15644 -15374 -15656
f -15656 -15981 -15644
f -15981 -15656 -15658
f -15982 -15981 -15658
f -15981 -15982 -15984
f -15389 -15984 -15982
f -15984 -15389 -15392
f -16255 -15392 -15389
f -15392 -16255 -16623
f -16255 -16900 -16623
f -16697 -16623 -16900
f -15645 -15656 -15374
f -15656 -15645 -15658
f -15645 -15982 -15658
f -15645 -15986 -15982
f -15393 -15982 -15986
f -15982 -15393 -15389
f -15393 -16255 -15389
f -16255 -15393 -16777
f -16901 -16255 -16777
f -16255 -16901 -16902
f -16900 -16255 -16902
f -15376 -15645 -15374
f -15645 -15376 -15375
f -15986 -15645 -15375
f -15361 -15986 -15375
f -15986 -15361 -15440
f -15440 -15393 -15986
f -15393 -15440 -15360
f -15360 -16777 -15393
f -16777 -15360 -16912
f -16472 -16777 -16912
f -16777 -16472 -16901
f -15680 -15440 -15361
f -15440 -15680 -15439
f -15439 -15360 -15440
f -15360 -15439 -15999
f -16911 -15360 -15999
f -15360 -16911 -16912
f -16911 -16472 -16912
f -16451 -15680 -15361
f -15680 -16451 -15681
f -15683 -15680 -15681
f -15680 -15683 -15679
f -15679 -15439 -15680
f -15439 -15679 -15359
f -15359 -15999 -15439
f -15999 -15359 -15751
f -15751 -16911 -15999
f -16911 -15751 -16235
f -16897 -16911 -16235
f -16911 -16897 -16471
f -16472 -16911 -16471
f -15997 -15359 -15679
f -15359 -15997 -15666
f -15666 -15751 -15359
f -15751 -15666 -15665
f -16245 -15751 -15665
f -15751 -16245 -16235
f -16245 -16897 -16235
f -15753 -15997 -15679
f -15997 -15753 -15750
f -15732 -15997 -15750
f -15997 -15732 -15733
f -15733 -15666 -15997
f -15666 -15733 -15700
f -15700 -15665 -15666
f -15665 -15700 -15664
f -15664 -16245 -15665
f -16245 -15664 -16253
f -16229 -16245 -16253
f -16245 -16229 -16249
f -16897 -16245 -16249
f -15701 -15700 -15733
f -15700 -15701 -15699
f -15664 -15700 -15699
f -15699 -16253 -15664
f -16253 -15699 -16893
f -16261 -16253 -16893
f -16253 -16261 -16229
f -16229 -16261 -16250
f -16250 -16249 -16229
f -16249 -16250 -16892
f -16892 -16897 -16249
f -15702 -15701 -15733
f -15701 -15702 -15667
f -15409 -15701 -15667
f -15701 -15409 -15428
f -15428 -15699 -15701
f -15699 -15428 -15400
f -15400 -16893 -15699
f -16893 -15400 -16702
f -16714 -16893 -16702
f -16893 -16714 -16261
f -16716 -16261 -16714
f -16261 -16716 -16230
f -16230 -16250 -16261
f -15411 -15400 -15428
f -15400 -15411 -15423
f -15423 -16702 -15400
f -16702 -15423 -16641
f -16726 -16702 -16641
f -16702 -16726 -16714
f -17050 -16714 -16726
f -16714 -17050 -16716
f -17050 -16446 -16716
f -16446 -17050 -16728
f -16522 -15411 -15428
f -15411 -16522 -15413
f -15413 -15408 -15411
f -15423 -15411 -15408
f -15408 -16641 -15423
f -16641 -15408 -16519
f -16715 -16641 -16519
f -16641 -16715 -16726
f -17050 -16726 -16715
f -16715 -16728 -17050
f -16728 -16715 -16727
f -16715 -16757 -16727
f -15408 -15413 -15418
f -15418 -16401 -15408
f -16401 -16519 -15408
f -16519 -16401 -16775
f -16756 -16519 -16775
f -16519 -16756 -16715
f -16757 -16715 -16756
f -16759 -16757 -16756
f -16757 -16759 -16753
f -16759 -16795 -16753
f -16401 -15418 -16022
f -16022 -16008 -16401
f -16814 -16401 -16008
f -16401 -16814 -16775
f -16814 -16756 -16775
f -16756 -16814 -16759
f -16766 -16759 -16814
f -16759 -16766 -16744
f -16795 -16759 -16744
f -16755 -16795 -16744
f -16008 -16022 -16007
f -16403 -16008 -16007
f -16008 -16403 -16402
f -16766 -16008 -16402
f -16008 -16766 -16814
f -16400 -16402 -16403
f -16006 -16402 -16400
f -16520 -16402 -16006
f -16402 -16520 -16766
f -16520 -16744 -16766
f -16744 -16520 -16910
f -16744 -16910 -16755
f -16764 -16755 -16910
f -16755 -16764 -16765
f -16764 -16523 -16765
f -16400 -16021 -16006
f -16779 -16006 -16021
f -16006 -16779 -16520
f -16779 -16910 -16520
f -16910 -16779 -16764
f -16642 -16764 -16779
f -16764 -16642 -16780
f -16523 -16764 -16780
f -16523 -16780 -16521
f -16021 -16400 -16450
f -16506 -16021 -16450
f -16021 -16506 -16452
f -16642 -16021 -16452
f -16021 -16642 -16779
f -16521 -16452 -16506
f -16642 -16452 -16521
f -16780 -16642 -16521
f -16729 -16230 -16716
f -16230 -16729 -16232
f -16231 -16230 -16232
f -16230 -16231 -16246
f -16250 -16230 -16246
f -16246 -16892 -16250
f -16892 -16246 -16894
f -16894 -16252 -16892
f -16897 -16892 -16252
f -16252 -16471 -16897
f -16471 -16252 -16220
f -16220 -16472 -16471
f -16670 -16894 -16246
f -16894 -16670 -16898
f -16896 -16894 -16898
f -16894 -16896 -16278
f -16252 -16894 -16278
f -16278 -16220 -16252
f -16220 -16278 -16301
f -16301 -16256 -16220
f -16472 -16220 -16256
f -16256 -16901 -16472
f -16901 -16256 -16310
f -16734 -16901 -16310
f -16901 -16734 -16902
f -16290 -16301 -16278
f -16301 -16290 -16288
f -16639 -16301 -16288
f -16301 -16639 -16254
f -16256 -16301 -16254
f -16254 -16310 -16256
f -16310 -16254 -16732
f -16722 -16310 -16732
f -16310 -16722 -16734
f -16722 -16761 -16734
f -16741 -16734 -16761
f -16734 -16741 -16308
f -16308 -16902 -16734
f -16902 -16308 -16900
f -16473 -16900 -16308
f -16900 -16473 -16697
f -16634 -16722 -16732
f -16722 -16634 -16635
f -16633 -16722 -16635
f -16722 -16633 -16761
f -16633 -16741 -16761
f -16741 -16633 -16306
f -16723 -16741 -16306
f -16741 -16723 -16473
f -16741 -16473 -16308
f -16635 -16306 -16633
f -16306 -16635 -16721
f -16721 -16723 -16306
f -16723 -16721 -16725
f -16725 -16224 -16723
f -16273 -16723 -16224
f -16723 -16273 -16473
f -16273 -16697 -16473
f -16697 -16273 -16275
f -16631 -16275 -16273
f -16275 -16631 -16258
f -16224 -16725 -16743
f -16743 -16637 -16224
f -16637 -16273 -16224
f -16273 -16637 -16631
f -16637 -16743 -16223
f -16742 -16748 -16760
f -16748 -16742 -16739
f -16751 -16748 -16739
f -16748 -16751 -16740
f -16751 -16733 -16740
f -16733 -16751 -16643
f -16643 -16758 -16733
f -16758 -16643 -16749
f -16742 -16747 -16739
f -16747 -16751 -16739
f -16751 -16747 -16746
f -16746 -16643 -16751
f -16643 -16746 -16750
f -16752 -16643 -16750
f -16643 -16752 -16749
f -16747 -16742 -16767
f -16747 -16767 -16745
f -16746 -16747 -16745
f -16745 -16750 -16746
f -16745 -16752 -16750
f -16671 -16660 -16673
f -16660 -16671 -16669
f -16694 -16660 -16669
f -16660 -16694 -16687
f -16694 -16695 -16687
f -16695 -16694 -16688
f -16688 -16672 -16695
f -16672 -16688 -16689
f -16671 -16693 -16669
f -16693 -16694 -16669
f -16694 -16693 -16717
f -16704 -16694 -16717
f -16694 -16704 -16688
f -16692 -16688 -16704
f -16688 -16692 -16689
f -16693 -16671 -16703
f -16693 -16703 -16705
f -16717 -16693 -16705
f -16704 -16717 -16705
f -16705 -16692 -16704
f -16664 -16646 -16668
f -16646 -16664 -16661
f -16667 -16646 -16661
f -16646 -16667 -16645
f -16667 -16666 -16645
f -16666 -16667 -16647
f -16647 -16644 -16666
f -16644 -16647 -16650
f -16801 -16661 -16664
f -16661 -16801 -16690
f -16691 -16661 -16690
f -16661 -16691 -16667
f -16800 -16667 -16691
f -16667 -16800 -16647
f -16800 -16650 -16647
f -16650 -16800 -16675
f -16674 -16675 -16800
f -16674 -16690 -16801
f -16691 -16690 -16674
f -16800 -16691 -16674
f -16370 -15884 -16364
f -16370 -16366 -15884
f -15884 -16366 -15851
f -15851 -15788 -15884
f -15788 -15851 -15853
f -15853 -16162 -15788
f -16162 -15853 -15818
f -15818 -16218 -16162
f -15878 -15851 -16366
f -15851 -15878 -15928
f -15928 -15853 -15851
f -15928 -15818 -15853
f -15818 -15928 -15926
f -15927 -15818 -15926
f -15818 -15927 -15773
f -16218 -15818 -15773
f -15854 -16218 -15773
f -16218 -15854 -16216
f -16842 -15928 -15878
f -16842 -16844 -15928
f -16844 -15926 -15928
f -16844 -15927 -15926
f -15927 -16844 -16456
f -16456 -15852 -15927
f -15852 -15773 -15927
f -15773 -15852 -15854
f -15822 -15854 -15852
f -15854 -15822 -15820
f -15820 -16216 -15854
f -16216 -15820 -15887
f -16206 -16844 -16842
f -16844 -16206 -16209
f -16209 -16456 -16844
f -16456 -16209 -16485
f -16420 -16456 -16485
f -15852 -16456 -16420
f -16198 -15852 -16420
f -15852 -16198 -15822
f -16196 -15822 -16198
f -15822 -16196 -15823
f -15823 -15820 -15822
f -16916 -16209 -16206
f -16197 -16209 -16916
f -16485 -16209 -16197
f -16197 -16152 -16485
f -16419 -16485 -16152
f -16485 -16419 -16195
f -16485 -16195 -16420
f -16187 -16420 -16195
f -16420 -16187 -16198
f -16168 -16198 -16187
f -16198 -16168 -16196
f -16085 -16197 -16916
f -16197 -16085 -16791
f -16791 -16794 -16197
f -16793 -16197 -16794
f -16197 -16793 -16152
f -15783 -16152 -16793
f -16152 -15783 -16419
f -15676 -16419 -15783
f -16419 -15676 -16045
f -16045 -16195 -16419
f -16195 -16045 -16187
f -16150 -16187 -16045
f -16187 -16150 -16168
f -15909 -16794 -16791
f -15909 -15766 -16794
f -15766 -16793 -16794
f -16793 -15766 -15925
f -15925 -15783 -16793
f -15783 -15925 -15905
f -15816 -15783 -15905
f -15783 -15816 -15676
f -15903 -15909 -16791
f -15909 -15903 -15662
f -15909 -15662 -15661
f -15661 -15766 -15909
f -15766 -15661 -15904
f -16151 -15766 -15904
f -15766 -16151 -15925
f -15921 -15925 -16151
f -15925 -15921 -15905
f -15792 -15905 -15921
f -15905 -15792 -15816
f -15903 -15794 -15662
f -15662 -15794 -15767
f -15662 -15767 -15908
f -15908 -15661 -15662
f -15661 -15908 -15873
f -15670 -15661 -15873
f -15661 -15670 -15904
f -16153 -15904 -15670
f -15904 -16153 -16151
f -16153 -15921 -16151
f -15794 -15903 -15799
f -15863 -15794 -15799
f -15794 -15863 -15613
f -15821 -15794 -15613
f -15794 -15821 -15767
f -15765 -15767 -15821
f -15767 -15765 -15764
f -15764 -15908 -15767
f -15908 -15764 -15672
f -15672 -15873 -15908
f -15873 -15672 -15867
f -15867 -15670 -15873
f -15863 -15775 -15613
f -15821 -15613 -15775
f -15830 -15821 -15775
f -15830 -15765 -15821
f -16055 -15765 -15830
f -15765 -16055 -16101
f -16101 -15764 -15765
f -15764 -16101 -16409
f -16409 -15672 -15764
f -15775 -15863 -16171
f -16171 -16200 -15775
f -16200 -16210 -15775
f -16208 -15775 -16210
f -15775 -16208 -15830
f -16208 -16055 -15830
f -16055 -16208 -16489
f -16489 -16097 -16055
f -16097 -16101 -16055
f -16101 -16097 -15609
f -15609 -16409 -16101
f -15886 -16200 -16171
f -15886 -16164 -16200
f -16182 -16200 -16164
f -16200 -16182 -16210
f -15885 -16210 -16182
f -16210 -15885 -16208
f -15885 -16489 -16208
f -16489 -15885 -16490
f -16490 -16461 -16489
f -16097 -16489 -16461
f -16164 -15886 -15572
f -16160 -15572 -15886
f -16161 -16160 -15886
f -16160 -16161 -15888
f -16461 -16490 -16495
f -16495 -16463 -16461
f -16075 -16461 -16463
f -16461 -16075 -16097
f -15797 -16097 -16075
f -16097 -15797 -15609
f -15797 -15940 -15609
f -16409 -15609 -15940
f -16463 -16495 -16487
f -16487 -16517 -16463
f -16408 -16463 -16517
f -16463 -16408 -16075
f -16459 -16075 -16408
f -16075 -16459 -15797
f -16457 -15797 -16459
f -15797 -16457 -15539
f -15940 -15797 -15539
f -16517 -16487 -16566
f -16566 -16518 -16517
f -16411 -16517 -16518
f -16517 -16411 -16408
f -16070 -16408 -16411
f -16408 -16070 -16459
f -16410 -16459 -16070
f -16459 -16410 -16457
f -16056 -16457 -16410
f -16457 -16056 -16096
f -15539 -16457 -16096
f -16518 -16566 -16565
f -16565 -16568 -16518
f -16064 -16518 -16568
f -16518 -16064 -16411
f -15279 -16411 -16064
f -16411 -15279 -16070
f -15286 -16070 -15279
f -16070 -15286 -16410
f -15286 -16056 -16410
f -15280 -16056 -15286
f -16056 -15280 -16106
f -16096 -16056 -16106
f -16568 -16565 -16567
f -16418 -16417 -16478
f -16417 -16418 -16493
f -16486 -16417 -16493
f -16486 -16493 -16491
f -16491 -16787 -16486
f -16787 -16491 -15840
f -15840 -16788 -16787
f -16494 -16493 -16418
f -16493 -16494 -16491
f -16480 -16491 -16494
f -16491 -16480 -16479
f -16479 -15840 -16491
f -15840 -16479 -15839
f -15839 -15674 -15840
f -16788 -15840 -15674
f -15674 -16925 -16788
f -16925 -15674 -15870
f -15870 -16785 -16925
f -16479 -16480 -16363
f -16363 -16638 -16479
f -16638 -16926 -16479
f -16926 -15839 -16479
f -16926 -15675 -15839
f -15674 -15839 -15675
f -15675 -15870 -15674
f -15870 -15675 -15866
f -15866 -15868 -15870
f -16785 -15870 -15868
f -15868 -16799 -16785
f -16638 -16166 -16926
f -16166 -16770 -16926
f -16770 -16923 -16926
f -15675 -16926 -16923
f -16923 -15866 -15675
f -15866 -16923 -16924
f -16924 -15673 -15866
f -15868 -15866 -15673
f -15673 -16847 -15868
f -16799 -15868 -16847
f -16932 -16799 -16847
f -16799 -16932 -16677
f -16770 -16166 -16167
f -16142 -16770 -16167
f -16770 -16142 -16784
f -16784 -16782 -16770
f -16923 -16770 -16782
f -16782 -16924 -16923
f -16924 -16782 -16908
f -16908 -16786 -16924
f -15673 -16924 -16786
f -17037 -15673 -16786
f -15673 -17037 -16684
f -16847 -15673 -16684
f -16143 -16784 -16142
f -16784 -16143 -16790
f -16790 -16789 -16784
f -16782 -16784 -16789
f -16789 -16908 -16782
f -16908 -16789 -16874
f -16874 -16873 -16908
f -16786 -16908 -16873
f -16873 -17037 -16786
f -16144 -16790 -16143
f -16790 -16144 -16771
f -16771 -16927 -16790
f -16789 -16790 -16927
f -16927 -16874 -16789
f -16874 -16927 -16915
f -16915 -16906 -16874
f -16873 -16874 -16906
f -16906 -16797 -16873
f -17037 -16873 -16797
f -16145 -16771 -16144
f -16771 -16145 -16772
f -16772 -16773 -16771
f -16927 -16771 -16773
f -16773 -16915 -16927
f -16915 -16773 -16918
f -16918 -16841 -16915
f -16906 -16915 -16841
f -16841 -16665 -16906
f -16797 -16906 -16665
f -16165 -16772 -16145
f -16772 -16165 -16776
f -16776 -16783 -16772
f -16773 -16772 -16783
f -16783 -16918 -16773
f -16918 -16783 -16845
f -16845 -16839 -16918
f -16841 -16918 -16839
f -16839 -17040 -16841
f -16665 -16841 -17040
f -16165 -15843 -16776
f -15844 -16776 -15843
f -16776 -15844 -16792
f -16783 -16776 -16792
f -16872 -16783 -16792
f -16783 -16872 -16845
f -16872 -16843 -16845
f -16839 -16845 -16843
f -16843 -16812 -16839
f -17040 -16839 -16812
f -15843 -16165 -16163
f -16163 -15847 -15843
f -15817 -15843 -15847
f -15843 -15817 -15844
f -15850 -15844 -15817
f -15844 -15850 -16917
f -16917 -16792 -15844
f -16792 -16917 -16872
f -15929 -16872 -16917
f -16872 -15929 -15772
f -16843 -16872 -15772
f -15847 -16163 -16219
f -16217 -15847 -16219
f -15847 -16217 -15774
f -15931 -15847 -15774
f -15847 -15931 -15817
f -15849 -15817 -15931
f -15817 -15849 -15850
f -15923 -15850 -15849
f -15850 -15923 -15893
f -15893 -16917 -15850
f -16917 -15893 -15929
f -16146 -15774 -16217
f -15774 -16146 -15819
f -15819 -15931 -15774
f -15931 -15819 -15924
f -16838 -15931 -15924
f -15931 -16838 -15849
f -16838 -16170 -15849
f -16170 -15923 -15849
f -15923 -16170 -15894
f -15894 -16238 -15923
f -16238 -15893 -15923
f -15875 -15819 -16146
f -15819 -15875 -15848
f -15848 -15924 -15819
f -15924 -15848 -15823
f -16211 -15924 -15823
f -15924 -16211 -16838
f -16201 -16838 -16211
f -16838 -16201 -16170
f -16201 -15894 -16170
f -15894 -16201 -15771
f -15771 -16241 -15894
f -16238 -15894 -16241
f -15887 -15848 -15875
f -15848 -15887 -15820
f -15820 -15823 -15848
f -16196 -16211 -15823
f -16211 -16196 -16203
f -16203 -16201 -16211
f -16201 -16203 -16205
f -16205 -15771 -16201
f -15771 -16205 -15770
f -15770 -16498 -15771
f -16241 -15771 -16498
f -16242 -16241 -16498
f -16241 -16242 -16594
f -16594 -16238 -16241
f -16196 -16199 -16203
f -16207 -16203 -16199
f -16203 -16207 -16205
f -15793 -16205 -16207
f -16205 -15793 -15770
f -15793 -16248 -15770
f -16498 -15770 -16248
f -16595 -16498 -16248
f -16498 -16595 -16242
f -16199 -16196 -16168
f -16168 -16781 -16199
f -16909 -16199 -16781
f -16199 -16909 -16207
f -15922 -16207 -16909
f -16207 -15922 -15793
f -15922 -16596 -15793
f -16248 -15793 -16596
f -16247 -16248 -16596
f -16248 -16247 -16595
f -16247 -16738 -16595
f -16738 -16242 -16595
f -16781 -16168 -16150
f -16150 -15677 -16781
f -15837 -16781 -15677
f -15837 -16909 -16781
f -15837 -15922 -16909
f -15922 -15837 -15906
f -15906 -16243 -15922
f -16596 -15922 -16243
f -16244 -16596 -16243
f -16596 -16244 -16247
f -16244 -16737 -16247
f -16738 -16247 -16737
f -15677 -16150 -15678
f -15769 -15677 -15678
f -15677 -15769 -15871
f -15677 -15871 -15798
f -15837 -15677 -15798
f -15798 -15906 -15837
f -16045 -15678 -16150
f -15678 -16045 -15676
f -15676 -15769 -15678
f -15769 -15676 -15816
f -15816 -15920 -15769
f -15777 -15769 -15920
f -15769 -15777 -15871
f -15871 -15777 -15776
f -15871 -15776 -15798
f -15798 -15776 -15768
f -15798 -15768 -15791
f -15906 -15798 -15791
f -15920 -15816 -15792
f -15835 -15920 -15792
f -15920 -15835 -15841
f -15841 -15777 -15920
f -15777 -15841 -15778
f -15825 -15777 -15778
f -15825 -15776 -15777
f -15776 -15825 -15824
f -15776 -15824 -15768
f -15921 -15835 -15792
f -15835 -15921 -15669
f -15669 -15842 -15835
f -15842 -15841 -15835
f -15841 -15842 -15836
f -15836 -15778 -15841
f -15778 -15836 -15659
f -15659 -15825 -15778
f -15825 -15659 -15826
f -15826 -15824 -15825
f -15921 -16153 -15669
f -16202 -15669 -16153
f -15669 -16202 -15671
f -15842 -15669 -15671
f -16058 -15842 -15671
f -15842 -16058 -16054
f -16054 -15836 -15842
f -15836 -16054 -16091
f -16091 -15659 -15836
f -15659 -16091 -16038
f -16038 -15826 -15659
f -16153 -15869 -16202
f -15869 -16414 -16202
f -16414 -15671 -16202
f -15671 -16414 -16058
f -16462 -16058 -16414
f -16058 -16462 -15615
f -15615 -16054 -16058
f -16054 -15615 -15564
f -15564 -16091 -16054
f -16091 -15564 -15614
f -15614 -16038 -16091
f -15869 -16153 -15670
f -15670 -15867 -15869
f -15867 -16037 -15869
f -16414 -15869 -16037
f -15941 -16414 -16037
f -16414 -15941 -16462
f -15941 -16460 -16462
f -16460 -15615 -16462
f -15615 -16460 -15612
f -15553 -15615 -15612
f -15615 -15553 -15564
f -15569 -15564 -15553
f -15564 -15569 -15614
f -16037 -15867 -16065
f -15541 -16037 -16065
f -16037 -15541 -15941
f -15541 -15540 -15941
f -16460 -15941 -15540
f -15540 -16458 -16460
f -15571 -16460 -16458
f -16460 -15571 -15612
f -15565 -15612 -15571
f -15612 -15565 -15553
f -15672 -16065 -15867
f -16065 -15672 -16074
f -16107 -16065 -16074
f -16065 -16107 -15541
f -16107 -15618 -15541
f -15540 -15541 -15618
f -15618 -16057 -15540
f -16458 -15540 -16057
f -16057 -16488 -16458
f -16108 -16458 -16488
f -16458 -16108 -15571
f -15672 -16409 -16074
f -15940 -16074 -16409
f -16074 -15940 -16107
f -15940 -16098 -16107
f -15618 -16107 -16098
f -16098 -16100 -15618
f -16057 -15618 -16100
f -16100 -16039 -16057
f -16488 -16057 -16039
f -16039 -15226 -16488
f -16108 -16488 -15226
f -15109 -16108 -15226
f -16108 -15109 -16109
f -16109 -15571 -16108
f -16098 -15940 -15539
f -16096 -16098 -15539
f -16100 -16098 -16096
f -16106 -16100 -16096
f -16039 -16100 -16106
f -16106 -15280 -16039
f -15226 -16039 -15280
f -15280 -15288 -15226
f -15260 -15226 -15288
f -15226 -15260 -15109
f -15260 -15261 -15109
f -15261 -16090 -15109
f -16109 -15109 -16090
f -16090 -15565 -16109
f -15571 -16109 -15565
f -15288 -15280 -15291
f -15291 -14939 -15288
f -14939 -15260 -15288
f -15260 -14939 -15133
f -15133 -15281 -15260
f -15261 -15260 -15281
f -15286 -15291 -15280
f -15291 -15286 -15159
f -15137 -15291 -15159
f -15291 -15137 -14917
f -14939 -15291 -14917
f -14985 -14939 -14917
f -14939 -14985 -15205
f -15205 -15133 -14939
f -15279 -15159 -15286
f -15159 -15279 -15156
f -14899 -15159 -15156
f -15159 -14899 -15137
f -15001 -15137 -14899
f -15137 -15001 -15002
f -15002 -14917 -15137
f -14917 -15002 -14985
f -14960 -14985 -15002
f -14985 -14960 -15202
f -15202 -15205 -14985
f -15205 -15202 -14988
f -14988 -14979 -15205
f -15133 -15205 -14979
f -14958 -15002 -15001
f -15002 -14958 -14960
f -14957 -14960 -14958
f -14960 -14957 -14959
f -14959 -15202 -14960
f -15202 -14959 -15284
f -14990 -15202 -15284
f -15202 -14990 -14988
f -14990 -14989 -14988
f -14989 -14981 -14988
f -14979 -14988 -14981
f -14957 -15295 -14959
f -15154 -14959 -15295
f -14959 -15154 -15153
f -15152 -14959 -15153
f -15284 -14959 -15152
f -15295 -14957 -14971
f -14971 -14972 -15295
f -14972 -14971 -14973
f -15214 -14972 -14973
f -14972 -15214 -15150
f -15214 -15148 -15150
f -15214 -15293 -15148
f -15293 -15147 -15148
f -15148 -15147 -15295
f -15149 -15295 -15147
f -15295 -15149 -15154
f -14973 -14952 -15214
f -15144 -15214 -14952
f -15144 -15236 -15214
f -15214 -15236 -15294
f -15293 -15214 -15294
f -14952 -14973 -14948
f -14948 -14954 -14952
f -14954 -15282 -14952
f -15449 -15282 -14954
f -15282 -15449 -15292
f -15282 -15292 -15234
f -15234 -15142 -15282
f -14954 -14948 -14953
f -14967 -14954 -14953
f -14954 -14967 -14405
f -15583 -14954 -14405
f -15471 -14954 -15583
f -14954 -15471 -15449
f -14966 -14967 -14953
f -14966 -14968 -14967
f -14968 -14405 -14967
f -14405 -14968 -14691
f -14713 -14405 -14691
f -14405 -14713 -14692
f -14405 -14692 -15584
f -15584 -15583 -14405
f -14968 -14966 -14965
f -15476 -14968 -14965
f -14968 -15476 -15064
f -15065 -14968 -15064
f -14968 -15065 -14691
f -15065 -14713 -14691
f -14713 -15065 -15481
f -15481 -15482 -14713
f -15482 -14694 -14713
f -14694 -14692 -14713
f -14692 -14694 -14698
f -14698 -15453 -14692
f -14692 -15453 -15584
f -15066 -15065 -15064
f -15065 -15066 -15063
f -15063 -15490 -15065
f -15065 -15490 -15481
f -15611 -15481 -15490
f -15611 -15489 -15481
f -15489 -15482 -15481
f -14931 -15063 -15066
f -15063 -14931 -14932
f -14932 -15628 -15063
f -15490 -15063 -15628
f -14930 -14932 -14931
f -14932 -14930 -14929
f -15608 -14932 -14929
f -15536 -14932 -15608
f -14932 -15536 -15625
f -15628 -14932 -15625
f -14930 -15005 -14929
f -15576 -14929 -15005
f -14929 -15576 -15608
f -15574 -15608 -15576
f -15608 -15574 -15556
f -15623 -15608 -15556
f -15608 -15623 -15611
f -15536 -15608 -15611
f -15490 -15536 -15611
f -15005 -14930 -15007
f -15007 -15004 -15005
f -16048 -15005 -15004
f -15005 -16048 -16066
f -15005 -16066 -15576
f -15004 -15007 -15006
f -15006 -14924 -15004
f -15469 -15004 -14924
f -15469 -16048 -15004
f -16048 -15469 -15468
f -15467 -16048 -15468
f -16066 -16048 -15467
f -15151 -16066 -15467
f -16066 -15151 -16068
f -15151 -15574 -16068
f -14924 -15006 -14925
f -14925 -14926 -14924
f -15466 -14924 -14926
f -14924 -15466 -15469
f -14926 -14925 -14923
f -14922 -14926 -14923
f -14926 -14922 -14921
f -14921 -16028 -14926
f -14926 -16028 -16105
f -14926 -16105 -15466
f -16034 -15466 -16105
f -16105 -16029 -16034
f -16029 -15468 -16034
f -15468 -16029 -15467
f -14936 -14921 -14922
f -14921 -14936 -14934
f -14934 -16044 -14921
f -16044 -16033 -14921
f -16028 -14921 -16033
f -14936 -14927 -14934
f -15204 -14934 -14927
f -14934 -15204 -16043
f -16044 -14934 -16043
f -16043 -16103 -16044
f -16103 -16052 -16044
f -16042 -16044 -16052
f -16044 -16042 -16033
f -14927 -14936 -14928
f -14928 -14935 -14927
f -14935 -15204 -14927
f -15220 -15204 -14935
f -15204 -15220 -14983
f -14983 -16043 -15204
f -16043 -14983 -16032
f -16032 -16025 -16043
f -16103 -16043 -16025
f -14935 -14928 -14933
f -14933 -14702 -14935
f -14702 -15220 -14935
f -15221 -15220 -14702
f -15220 -15221 -14991
f -14991 -14983 -15220
f -14983 -14991 -14982
f -14982 -16051 -14983
f -14983 -16051 -16032
f -14702 -14933 -14690
f -14690 -14697 -14702
f -14697 -15221 -14702
f -15221 -14697 -15157
f -15157 -14762 -15221
f -14762 -14991 -15221
f -14991 -14762 -14745
f -14745 -14982 -14991
f -14697 -14690 -14703
f -14703 -14731 -14697
f -14731 -15157 -14697
f -15157 -14731 -14733
f -14733 -14773 -15157
f -14762 -15157 -14773
f -14766 -14762 -14773
f -14762 -14766 -14474
f -14543 -14762 -14474
f -14762 -14543 -14745
f -14731 -14703 -14941
f -14940 -14731 -14941
f -14731 -14940 -14730
f -14730 -14733 -14731
f -14733 -14730 -14732
f -14732 -14596 -14733
f -14773 -14733 -14596
f -14464 -14773 -14596
f -14773 -14464 -14766
f -14555 -14766 -14464
f -14766 -14555 -14554
f -14554 -14474 -14766
f -15158 -14730 -14940
f -14730 -15158 -14997
f -14997 -14732 -14730
f -14732 -14997 -15203
f -15203 -14774 -14732
f -14596 -14732 -14774
f -14556 -14596 -14774
f -14596 -14556 -14464
f -14463 -14464 -14556
f -14464 -14463 -14555
f -14897 -14997 -15158
f -14997 -14897 -14896
f -14896 -15203 -14997
f -15203 -14896 -15283
f -15283 -14816 -15203
f -14774 -15203 -14816
f -14335 -14774 -14816
f -14774 -14335 -14556
f -14346 -14556 -14335
f -14556 -14346 -14463
f -14771 -14463 -14346
f -14463 -14771 -14772
f -14772 -14555 -14463
f -14816 -15283 -14818
f -14740 -14816 -14818
f -14816 -14740 -14335
f -14763 -14335 -14740
f -14335 -14763 -14346
f -14629 -14346 -14763
f -14346 -14629 -14771
f -14555 -14772 -14884
f -14324 -14555 -14884
f -14555 -14324 -14554
f -14481 -14554 -14324
f -14554 -14481 -14344
f -14474 -14554 -14344
f -14568 -14474 -14344
f -14474 -14568 -14543
f -14544 -14543 -14568
f -14543 -14544 -14516
f -14516 -14745 -14543
f -14462 -14344 -14481
f -14344 -14462 -14460
f -14344 -14460 -14568
f -14347 -14568 -14460
f -14568 -14347 -14544
f -14432 -14544 -14347
f -14544 -14432 -14728
f -14544 -14728 -14419
f -14419 -14516 -14544
f -14786 -14460 -14462
f -14460 -14786 -14484
f -14460 -14484 -14347
f -14480 -14347 -14484
f -14347 -14480 -14432
f -14480 -14437 -14432
f -14709 -14432 -14437
f -14432 -14709 -14715
f -14715 -14728 -14432
f -14492 -14484 -14786
f -14484 -14492 -14480
f -14492 -14491 -14480
f -14437 -14480 -14491
f -14437 -14491 -14434
f -14421 -14437 -14434
f -14437 -14421 -14435
f -14709 -14437 -14435
f -14491 -14492 -14461
f -14461 -14325 -14491
f -14726 -14491 -14325
f -14491 -14726 -14434
f -14325 -14461 -14586
f -14553 -14325 -14586
f -14325 -14553 -14587
f -14587 -14721 -14325
f -14325 -14721 -14729
f -14325 -14729 -14726
f -14358 -14587 -14553
f -14587 -14358 -14560
f -14428 -14587 -14560
f -14721 -14587 -14428
f -14579 -14560 -14358
f -14560 -14579 -14577
f -14577 -14722 -14560
f -14722 -14428 -14560
f -14428 -14722 -14429
f -14626 -14429 -14722
f -14433 -14429 -14626
f -14429 -14433 -14422
f -14338 -14577 -14579
f -14577 -14338 -14340
f -14340 -14723 -14577
f -14577 -14723 -14724
f -14722 -14577 -14724
f -14724 -14626 -14722
f -14724 -14809 -14626
f -14809 -14718 -14626
f -14625 -14626 -14718
f -14625 -14433 -14626
f -14338 -14337 -14340
f -14749 -14340 -14337
f -14723 -14340 -14749
f -14749 -14720 -14723
f -14720 -14749 -14426
f -14809 -14720 -14426
f -14720 -14809 -14725
f -14809 -14724 -14725
f -14337 -14338 -14339
f -14339 -14500 -14337
f -14479 -14337 -14500
f -14337 -14479 -14477
f -14453 -14337 -14477
f -14337 -14453 -14749
f -14453 -14627 -14749
f -14475 -14749 -14627
f -14749 -14475 -14426
f -14500 -14339 -14488
f -14488 -14349 -14500
f -14782 -14500 -14349
f -14500 -14782 -14479
f -14349 -14488 -14456
f -14459 -14349 -14456
f -14349 -14459 -14345
f -14323 -14349 -14345
f -14349 -14323 -14606
f -14349 -14606 -14782
f -14627 -14782 -14606
f -14782 -14627 -14453
f -14795 -14459 -14456
f -14459 -14795 -14557
f -14512 -14459 -14557
f -14459 -14512 -14493
f -14326 -14459 -14493
f -14459 -14326 -14345
f -14326 -14323 -14345
f -14323 -14326 -14322
f -14322 -14327 -14323
f -14327 -14619 -14323
f -14606 -14323 -14619
f -14768 -14606 -14619
f -14768 -14627 -14606
f -14512 -14788 -14493
f -14483 -14493 -14788
f -14493 -14483 -14326
f -14784 -14326 -14483
f -14590 -14326 -14784
f -14326 -14590 -14322
f -14322 -14590 -14864
f -14864 -14465 -14322
f -14327 -14322 -14465
f -14513 -14483 -14788
f -14483 -14513 -14559
f -14483 -14559 -14748
f -14748 -14783 -14483
f -14866 -14483 -14783
f -14483 -14866 -14784
f -14487 -14559 -14513
f -14559 -14487 -14854
f -14889 -14559 -14854
f -14889 -14854 -14743
f -14807 -14889 -14743
f -14889 -14807 -14752
f -14778 -14752 -14807
f -14752 -14778 -14748
f -14511 -14854 -14487
f -14854 -14511 -14600
f -14854 -14600 -14739
f -14746 -14854 -14739
f -14854 -14746 -14741
f -14854 -14741 -14743
f -14511 -14487 -14485
f -14485 -14747 -14511
f -14454 -14747 -14485
f -14747 -14454 -14490
f -14490 -14888 -14747
f -14872 -14747 -14888
f -14747 -14872 -14635
f -14739 -14747 -14635
f -14746 -14739 -14635
f -14746 -14635 -14797
f -14808 -14746 -14797
f -14454 -14495 -14490
f -14521 -14490 -14495
f -14490 -14521 -14744
f -14744 -14738 -14490
f -14738 -14620 -14490
f -14888 -14490 -14620
f -14495 -14454 -14489
f -14489 -14503 -14495
f -14471 -14495 -14503
f -14495 -14471 -14521
f -14333 -14521 -14471
f -14521 -14333 -14472
f -14334 -14521 -14472
f -14521 -14334 -14744
f -14503 -14489 -14525
f -14525 -14775 -14503
f -14885 -14503 -14775
f -14503 -14885 -14471
f -14886 -14471 -14885
f -14471 -14886 -14333
f -14831 -14333 -14886
f -14333 -14831 -14550
f -14550 -14472 -14333
f -14775 -14525 -14826
f -14826 -14597 -14775
f -14877 -14775 -14597
f -14775 -14877 -14885
f -14877 -14886 -14885
f -14886 -14877 -14833
f -14736 -14886 -14833
f -14886 -14736 -14831
f -14879 -14831 -14736
f -14831 -14879 -14814
f -14814 -14550 -14831
f -14597 -14826 -14776
f -14737 -14597 -14776
f -14597 -14737 -14875
f -14875 -14877 -14597
f -14877 -14875 -14777
f -14777 -14833 -14877
f -14833 -14777 -14810
f -14810 -14736 -14833
f -14736 -14810 -14811
f -14881 -14736 -14811
f -14736 -14881 -14879
f -15567 -14875 -14737
f -14875 -15567 -15527
f -14875 -15527 -15524
f -15524 -14777 -14875
f -14777 -15524 -15506
f -15506 -15507 -14777
f -15507 -14810 -14777
f -14737 -15500 -15567
f -15499 -15567 -15500
f -15567 -15499 -15599
f -15599 -15527 -15567
f -15527 -15599 -15598
f -15598 -15524 -15527
f -15524 -15598 -15525
f -15525 -15506 -15524
f -15506 -15525 -15833
f -15833 -15507 -15506
f -15500 -14737 -15501
f -15501 -15581 -15500
f -15582 -15500 -15581
f -15500 -15582 -15499
f -15455 -15499 -15582
f -15499 -15455 -15568
f -15568 -15599 -15499
f -15599 -15568 -15518
f -15518 -15598 -15599
f -15598 -15518 -15365
f -15365 -15525 -15598
f -15581 -15501 -15498
f -15498 -15454 -15581
f -15473 -15581 -15454
f -15581 -15473 -15582
f -15930 -15582 -15473
f -15582 -15930 -15455
f -15602 -15455 -15930
f -15455 -15602 -15601
f -15601 -15568 -15455
f -15568 -15601 -15509
f -15509 -15518 -15568
f -15454 -15498 -15578
f -15475 -15601 -15602
f -15601 -15475 -15600
f -15600 -15509 -15601
f -15509 -15600 -15784
f -15505 -15509 -15784
f -15509 -15505 -15367
f -15518 -15509 -15367
f -15542 -15518 -15367
f -15518 -15542 -15365
f -16876 -15600 -15475
f -15600 -16876 -16808
f -16808 -15784 -15600
f -15784 -16808 -16465
f -16604 -15784 -16465
f -15784 -16604 -15505
f -16605 -15505 -16604
f -15505 -16605 -15785
f -15785 -15367 -15505
f -15367 -15785 -15542
f -16876 -16809 -16808
f -16610 -16808 -16809
f -16808 -16610 -16465
f -16465 -16610 -16607
f -16465 -16607 -16604
f -16554 -16604 -16607
f -16604 -16554 -16605
f -16553 -16605 -16554
f -16605 -16553 -17045
f -17045 -15785 -16605
f -16809 -16876 -16920
f -16920 -17007 -16809
f -17007 -16610 -16809
f -16815 -16610 -17007
f -16173 -16610 -16815
f -16610 -16173 -16134
f -16607 -16610 -16134
f -16271 -16607 -16134
f -16607 -16271 -16554
f -16295 -16554 -16271
f -16295 -16553 -16554
f -17007 -16920 -16921
f -16921 -16879 -17007
f -16879 -16815 -17007
f -16879 -16921 -16140
f -16929 -16879 -16140
f -16929 -16928 -16879
f -16928 -16929 -16949
f -16173 -16271 -16134
f -16271 -16173 -16291
f -16270 -16271 -16291
f -16271 -16270 -16295
f -16293 -16295 -16270
f -16293 -16294 -16295
f -16294 -16553 -16295
f -16553 -16294 -16819
f -16819 -17045 -16553
f -16270 -16654 -16293
f -16293 -16654 -16657
f -16293 -16657 -16551
f -16551 -16294 -16293
f -16294 -16551 -16269
f -16884 -16294 -16269
f -16294 -16884 -16819
f -16884 -16883 -16819
f -17045 -16819 -16883
f -16654 -17055 -16657
f -17055 -17031 -16657
f -17031 -16551 -16657
f -16551 -17031 -17030
f -16720 -16551 -17030
f -16551 -16720 -16269
f -17056 -16269 -16720
f -16269 -17056 -16884
f -17056 -16821 -16884
f -16883 -16884 -16821
f -17055 -16654 -16713
f -16713 -15804 -17055
f -17055 -15804 -16754
f -17024 -17055 -16754
f -17055 -17024 -17023
f -17031 -17055 -17023
f -17023 -16652 -17031
f -16652 -17030 -17031
f -17030 -16652 -16598
f -16597 -17030 -16598
f -17030 -16597 -16720
f -16597 -17056 -16720
f -15804 -16735 -16754
f -16735 -16712 -16754
f -17053 -16754 -16712
f -16754 -17053 -17024
f -16990 -17024 -17053
f -17024 -16990 -17052
f -17022 -17024 -17052
f -17024 -17022 -17023
f -16652 -17023 -17022
f -16712 -16735 -16992
f -16992 -16502 -16712
f -16712 -16502 -16614
f -16613 -16712 -16614
f -16712 -16613 -17053
f -16891 -17053 -16613
f -17053 -16891 -16990
f -16891 -17054 -16990
f -16719 -16990 -17054
f -16990 -16719 -17052
f -16992 -16131 -16502
f -16131 -16501 -16502
f -16502 -16501 -16499
f -16233 -16502 -16499
f -16502 -16233 -16614
f -16233 -16613 -16614
f -16613 -16233 -16469
f -16469 -16891 -16613
f -16891 -16469 -16818
f -16818 -16611 -16891
f -17054 -16891 -16611
f -16501 -16131 -15790
f -16950 -16501 -15790
f -17000 -16501 -16950
f -16501 -17000 -16499
f -16803 -16499 -17000
f -16499 -16803 -16233
f -16804 -16233 -16803
f -16233 -16804 -16469
f -16804 -16818 -16469
f -16818 -16804 -16817
f -16817 -16608 -16818
f -16611 -16818 -16608
f -15800 -16950 -15790
f -15800 -15668 -16950
f -16608 -16817 -16922
f -16922 -16933 -16608
f -16464 -16608 -16933
f -16608 -16464 -16611
f -17051 -16611 -16464
f -16611 -17051 -17054
f -17019 -17054 -17051
f -17054 -17019 -16719
f -16933 -16922 -17002
f -17002 -16609 -16933
f -16890 -16933 -16609
f -16933 -16890 -16464
f -16890 -16816 -16464
f -16816 -17051 -16464
f -17051 -16816 -16736
f -17020 -17051 -16736
f -17051 -17020 -17019
f -16609 -17002 -16796
f -16796 -16889 -16609
f -16612 -16609 -16889
f -16609 -16612 -16890
f -16612 -16991 -16890
f -16816 -16890 -16991
f -16991 -17014 -16816
f -17014 -16736 -16816
f -16736 -17014 -16738
f -16737 -16736 -16738
f -16736 -16737 -17020
f -16889 -16796 -16774
f -16774 -16934 -16889
f -16934 -16612 -16889
f -16612 -16934 -16591
f -16591 -16237 -16612
f -16991 -16612 -16237
f -16991 -16237 -17015
f -17014 -16991 -17015
f -16594 -17014 -17015
f -17014 -16594 -16242
f -16242 -16738 -17014
f -16934 -16774 -16807
f -16806 -16934 -16807
f -16934 -16806 -16505
f -16505 -16591 -16934
f -16591 -16505 -16504
f -16504 -16236 -16591
f -16237 -16591 -16236
f -16236 -16234 -16237
f -16234 -17015 -16237
f -17015 -16234 -16594
f -16238 -16594 -16234
f -16805 -16505 -16806
f -16505 -16805 -17033
f -17033 -16504 -16505
f -16504 -17033 -17035
f -17035 -16706 -16504
f -16236 -16504 -16706
f -16706 -16240 -16236
f -16234 -16236 -16240
f -16240 -16238 -16234
f -16238 -16240 -16239
f -15893 -16238 -16239
f -16805 -17032 -17033
f -16658 -17033 -17032
f -17033 -16658 -17035
f -16658 -16708 -17035
f -16706 -17035 -16708
f -16708 -16592 -16706
f -16240 -16706 -16592
f -16593 -16240 -16592
f -16240 -16593 -16239
f -16593 -15893 -16239
f -15893 -16593 -15929
f -17032 -16805 -16999
f -16999 -17036 -17032
f -16649 -17032 -17036
f -17032 -16649 -16658
f -16989 -16658 -16649
f -16658 -16989 -16710
f -16708 -16658 -16710
f -16709 -16708 -16710
f -16708 -16709 -16500
f -16592 -16708 -16500
f -17036 -16999 -17001
f -17001 -16678 -17036
f -17034 -17036 -16678
f -17036 -17034 -16649
f -17038 -16649 -17034
f -16649 -17038 -16989
f -16676 -16989 -17038
f -16989 -16676 -16711
f -16711 -16710 -16989
f -16710 -16711 -16709
f -16678 -17001 -16811
f -16811 -16985 -16678
f -16659 -16678 -16985
f -16678 -16659 -17034
f -16682 -17034 -16659
f -17034 -16682 -17038
f -16707 -17038 -16682
f -17038 -16707 -16676
f -16665 -16676 -16707
f -16676 -16665 -17040
f -17040 -16711 -16676
f -16985 -16811 -17005
f -17005 -16680 -16985
f -16988 -16985 -16680
f -16985 -16988 -16659
f -16685 -16659 -16988
f -16659 -16685 -16682
f -16686 -16682 -16685
f -16682 -16686 -16707
f -16797 -16707 -16686
f -16707 -16797 -16665
f -16680 -17005 -16813
f -16810 -16680 -16813
f -16680 -16810 -16986
f -16987 -16680 -16986
f -16680 -16987 -16988
f -16662 -16988 -16987
f -16988 -16662 -16685
f -17039 -16685 -16662
f -16685 -17039 -16686
f -17037 -16686 -17039
f -16686 -17037 -16797
f -15882 -16986 -16810
f -15882 -15883 -16986
f -16986 -15883 -16655
f -17026 -16986 -16655
f -16986 -17026 -16987
f -16935 -16987 -17026
f -16987 -16935 -16662
f -16931 -16662 -16935
f -16662 -16931 -17039
f -16931 -17037 -17039
f -17037 -16931 -16684
f -16931 -16847 -16684
f -15812 -15883 -15882
f -15883 -15812 -15962
f -15962 -15963 -15883
f -16651 -15883 -15963
f -15883 -16651 -16655
f -16930 -16655 -16651
f -16655 -16930 -17026
f -17025 -17026 -16930
f -17026 -17025 -16935
f -16932 -16935 -17025
f -16935 -16932 -16931
f -16847 -16931 -16932
f -15963 -15962 -15856
f -15856 -15881 -15963
f -15855 -15963 -15881
f -16679 -15963 -15855
f -15963 -16679 -16651
f -16681 -16651 -16679
f -16651 -16681 -16930
f -16663 -16930 -16681
f -16930 -16663 -17025
f -16677 -17025 -16663
f -17025 -16677 -16932
f -15881 -15856 -15966
f -15966 -15961 -15881
f -15855 -15881 -15961
f -15961 -15966 -15965
f -16711 -17040 -16812
f -16812 -16709 -16711
f -16709 -16812 -16798
f -16798 -16500 -16709
f -16500 -16798 -16503
f -16503 -16592 -16500
f -16592 -16503 -16593
f -16503 -15929 -16593
f -15929 -16503 -15772
f -16812 -16843 -16798
f -15772 -16798 -16843
f -16798 -15772 -16503
f -14874 -14744 -14334
f -14887 -14744 -14874
f -14744 -14887 -14635
f -14872 -14744 -14635
f -14744 -14872 -14738
f -14751 -14635 -14887
f -14751 -14797 -14635
f -14797 -14751 -14798
f -14751 -14754 -14798
f -14754 -14751 -14608
f -14756 -14754 -14608
f -14822 -14754 -14756
f -14751 -14887 -14781
f -14751 -14781 -14473
f -14617 -14751 -14473
f -14805 -14751 -14617
f -14805 -14608 -14751
f -14607 -14608 -14805
f -14608 -14607 -14616
f -14802 -14608 -14616
f -14608 -14802 -14756
f -14781 -14334 -14473
f -14334 -14472 -14473
f -14523 -14473 -14472
f -14473 -14523 -14542
f -14542 -14617 -14473
f -14617 -14542 -14803
f -14615 -14803 -14542
f -14803 -14615 -14873
f -14803 -14873 -14607
f -14607 -14873 -14616
f -14472 -14550 -14523
f -14550 -14551 -14523
f -14551 -14542 -14523
f -14542 -14551 -14331
f -14331 -14615 -14542
f -14615 -14331 -14634
f -14520 -14634 -14331
f -14634 -14520 -14804
f -14551 -14550 -14735
f -14548 -14551 -14735
f -14551 -14548 -14348
f -14348 -14331 -14551
f -14331 -14348 -14520
f -14550 -14814 -14735
f -14599 -14735 -14814
f -14735 -14599 -14548
f -14598 -14548 -14599
f -14548 -14598 -14522
f -14522 -14348 -14548
f -14348 -14522 -14552
f -14552 -14520 -14348
f -14814 -14813 -14599
f -14734 -14599 -14813
f -14599 -14734 -14598
f -14815 -14598 -14734
f -14598 -14815 -14880
f -14880 -14522 -14598
f -14522 -14880 -14549
f -14549 -14552 -14522
f -14813 -14814 -14879
f -14879 -14834 -14813
f -14835 -14813 -14834
f -14813 -14835 -14734
f -14812 -14734 -14835
f -14734 -14812 -14815
f -14812 -15212 -14815
f -15136 -14815 -15212
f -14815 -15136 -14880
f -15199 -14880 -15136
f -14880 -15199 -14549
f -14834 -14879 -14881
f -14881 -15458 -14834
f -15458 -14835 -14834
f -14835 -15458 -15595
f -15595 -14812 -14835
f -14812 -15595 -15597
f -16062 -14812 -15597
f -14812 -16062 -15213
f -15212 -14812 -15213
f -15458 -14881 -15579
f -15521 -15458 -15579
f -15458 -15521 -15465
f -15465 -15595 -15458
f -15595 -15465 -15514
f -15514 -15597 -15595
f -15597 -15514 -15522
f -15566 -15597 -15522
f -15597 -15566 -16062
f -14881 -15504 -15579
f -15786 -15579 -15504
f -15579 -15786 -15521
f -15547 -15521 -15786
f -15521 -15547 -15353
f -15353 -15465 -15521
f -15465 -15353 -15519
f -15520 -15465 -15519
f -15465 -15520 -15514
f -15504 -14881 -14811
f -15531 -15504 -14811
f -15549 -15504 -15531
f -15504 -15549 -15786
f -15364 -15786 -15549
f -15786 -15364 -15547
f -15544 -15547 -15364
f -15547 -15544 -15516
f -15545 -15547 -15516
f -15547 -15545 -15353
f -14811 -15460 -15531
f -15548 -15531 -15460
f -15531 -15548 -15549
f -15515 -15549 -15548
f -15549 -15515 -15364
f -15543 -15364 -15515
f -15364 -15543 -15544
f -15543 -15829 -15544
f -15510 -15544 -15829
f -15544 -15510 -15516
f -15460 -14811 -14810
f -15460 -14810 -15596
f -15594 -15460 -15596
f -15460 -15594 -15548
f -15580 -15548 -15594
f -15548 -15580 -15515
f -15580 -15543 -15515
f -15543 -15580 -15456
f -15456 -15459 -15543
f -15829 -15543 -15459
f -14810 -15507 -15596
f -15530 -15596 -15507
f -15596 -15530 -15594
f -15370 -15594 -15530
f -15594 -15370 -15580
f -15366 -15580 -15370
f -15580 -15366 -15456
f -15366 -15457 -15456
f -15459 -15456 -15457
f -15457 -17048 -15459
f -16399 -15459 -17048
f -15459 -16399 -15829
f -15507 -15833 -15530
f -15517 -15530 -15833
f -15530 -15517 -15370
f -15368 -15370 -15517
f -15370 -15368 -15366
f -15368 -15502 -15366
f -15457 -15366 -15502
f -16821 -15457 -15502
f -15457 -16821 -17006
f -17048 -15457 -17006
f -17006 -16937 -17048
f -16937 -16399 -17048
f -15833 -15462 -15517
f -15528 -15517 -15462
f -15517 -15528 -15368
f -15528 -15503 -15368
f -15502 -15368 -15503
f -16883 -15502 -15503
f -15502 -16883 -16821
f -15462 -15833 -15525
f -15525 -15365 -15462
f -15542 -15462 -15365
f -15462 -15542 -15528
f -15542 -15828 -15528
f -15503 -15528 -15828
f -17045 -15503 -15828
f -15503 -17045 -16883
f -15828 -15542 -15785
f -15785 -17045 -15828
f -16821 -17056 -17006
f -16937 -17006 -17056
f -17056 -16597 -16937
f -16597 -16820 -16937
f -16399 -16937 -16820
f -16466 -16399 -16820
f -16399 -16466 -16936
f -16936 -15829 -16399
f -15829 -16936 -15510
f -16820 -16597 -16600
f -16601 -16820 -16600
f -16820 -16601 -16466
f -16468 -16466 -16601
f -16466 -16468 -17044
f -16936 -16466 -17044
f -17044 -17046 -16936
f -17046 -15510 -16936
f -15510 -17046 -15532
f -15532 -15516 -15510
f -16598 -16600 -16597
f -16600 -16598 -16602
f -16602 -16601 -16600
f -16601 -16602 -16263
f -16263 -16468 -16601
