# runtime shadow point cloud: back
v -0.322624389 2.317119159 -0.284386312
v -0.346531665 2.291845729 -0.384919039
v -0.381750356 2.273811583 -0.371704137
v -0.440503419 2.196485776 -0.292272625
v -0.422479736 2.215384793 -0.381082455
v -0.006816316 2.256514178 -1.449144985
v -0.052352012 2.259877562 -1.448008220
v -0.078579578 2.228133621 -1.642039935
v -0.053263555 2.232714230 -1.677208627
v -0.092128416 2.223809269 -1.596569302
v -0.085623316 2.268366103 -1.582146586
v -0.079532555 2.273651421 -1.475858982
v -0.080651266 2.242900479 -1.478345657
v -0.094200103 2.266572298 -1.524810960
v -0.094448706 2.200842160 -1.517066743
v -0.098384913 2.225667139 -1.550814478
v -0.080154061 2.216121534 -1.480192902
v -0.016884719 2.532984366 -1.326516373
v -0.005117532 2.494994140 -1.344349387
v -0.007893594 2.275893678 -1.447937172
v -0.048250070 2.314012033 -1.437848375
v -0.007810726 2.531767142 -1.326942660
v -0.003211580 2.219516950 -1.441756008
v -0.025171469 2.499030201 -1.345059866
v 0.002133375 2.536764170 -1.327724187
v -0.079532555 2.181847046 -1.476356317
v 0.020488528 2.425388101 -1.404740071
v -0.585314389 1.989045046 -0.739234734
v -0.593974044 1.987987982 -0.727440789
v -0.558879654 1.987987982 -0.721685912
v -0.590576476 1.982446406 -0.707618435
v -0.509283451 1.964636486 -0.986339203
v -0.588629090 1.982734696 -0.777884772
v -0.576198964 1.983983953 -0.804172481
v -0.543383430 1.983631599 -0.951667846
v 0.596707744 1.935134801 -0.538027185
v 0.064325439 2.473212223 0.443712192
v 0.065236982 2.443966795 0.318810048
v 0.185560603 2.368242601 -0.136961996
v 0.477212798 2.136873794 -0.359270760
v 0.591072754 1.938626314 -0.546623976
v 0.411664599 2.228774265 -0.314723750
v 0.596873479 1.956948750 -0.568151479
v 0.608640665 1.973509414 -0.634794375
v 0.352911536 2.285022864 -0.285665174
v 0.116822006 2.393003515 -0.023782749
v 0.599193769 1.971779673 -0.623284621
v 0.608350629 1.973381285 -0.642538592
v 0.124280081 2.392202710 -0.042468337
v 0.153863782 2.383682136 -0.096606809
v 0.136378737 2.391786291 -0.058667250
v 0.426332148 1.921264844 -1.050495424
v 0.583366075 1.995483524 -0.941365906
v 0.441248299 1.926325937 -1.047937701
v 0.571723191 1.992152172 -0.947902309
v 0.553492339 1.985297275 -0.955149191
v 0.601804096 1.990999012 -0.907120835
v 0.616015874 1.982894858 -0.774332379
v 0.614151355 1.991159173 -0.879127977
v 0.623556817 1.984048018 -0.862502777
v 0.064739777 2.435542319 0.283641356
v 0.063911102 2.418308978 0.206341280
v 0.085746690 2.404983570 0.072487106
v 0.092956163 2.400915477 0.057353911
v 0.069131755 2.461648587 0.421190019
v 0.594718924 1.962650487 -0.596144337
v 0.593517345 1.947979725 -0.556712773
v 0.609303605 1.882089425 -0.491206643
v 0.589954042 1.953777559 -0.584208296
v 0.592274333 1.964220067 -0.604101698
v 0.189248208 2.298796723 -0.910744276
v 0.255376479 2.272914680 -0.937813512
v 0.241537605 2.278135934 -0.963817030
v 0.099295528 2.377692109 -0.805167151
v 0.099917034 2.364238572 -0.837138690
v 0.167909824 2.377563980 -0.831810100
v 0.172301802 2.354981257 -0.790744435
v 0.111269883 2.348350585 -0.859874006
v 0.607563388 1.926902517 -0.521757224
v 0.149347502 2.387173649 -0.082752476
v 0.110896979 2.400274832 0.007549358
v 0.142676668 2.390857356 -0.072166344
v 0.116034764 2.396270803 -0.014191288
v -0.337996312 2.321795865 -0.318063000
v -0.006153376 2.427406132 0.172735641
v -0.390658613 2.233611132 -0.396784032
v -0.300333029 2.320642705 -0.249999147
v -0.422935508 2.208978346 -0.400052234
v -0.382786200 2.240466030 -0.302006183
v -0.041579236 2.457548462 -1.471738206
v -0.049244480 2.408923534 -1.527226587
v -0.395423495 2.250876505 -0.331064759
v -0.030019219 2.493104238 -1.427546435
v -0.072364515 2.383233685 -1.458168064
v -0.396790809 2.233450971 -0.311100309
v -0.016138911 2.542850294 -1.336534122
v -0.018832105 2.539262684 -1.327155804
v -0.006733449 2.362348670 -1.419873266
v -0.004993231 2.454056948 -1.367297847
v -0.007769293 2.418084753 -1.388114871
v -0.390907216 1.904576052 -1.044243212
v -0.442657974 1.672118149 -1.678842728
v -0.342263989 2.120152969 -1.196996118
v 0.488689948 1.876900204 -1.188257231
v -0.574541613 1.990966980 -0.929074625
v -0.552788893 2.502361553 -0.744350180
v 0.483800765 1.720999334 -1.447937172
v 0.363187107 1.858097284 -1.650920918
v -0.377814149 1.754440984 -1.805378973
v 0.055002845 2.476223252 0.452948414
v -0.423266978 1.694188356 -1.697883555
v -0.377897017 1.757964529 -1.813478429
v -0.147856815 2.092220863 -1.562679471
v -0.125689756 2.142703660 -1.555361541
v -0.003667351 2.223745205 -1.447795076
v -0.133396435 2.129057929 -1.489642268
v -0.052144843 2.280794609 -1.444811066
v -0.058359906 2.277335128 -1.636427154
v 0.566005333 2.326088184 -0.901863293
v -0.380093006 2.101574275 -1.356214380
v 0.606610411 1.983631599 -0.716925705
v -0.080112627 2.193154424 -1.480690237
v -0.424468556 1.684098204 -1.720121537
v -0.413322877 1.692971132 -1.775396774
v -0.425462967 1.671637666 -1.739304460
v -0.423557014 1.669619635 -1.763744925
v -0.474852001 1.667505508 -1.506196420
v 0.416139444 1.680158239 -1.768718275
v 0.390284782 1.741115575 -1.807084121
v -0.426043039 1.698865062 -1.683318743
v 0.421028627 1.670100118 -1.765165882
v 0.387798757 1.751045567 -1.811346993
v 0.396334110 1.721415753 -1.790529969
v 0.321297581 1.893460868 -1.808931366
v -0.469755650 1.647165041 -1.526445061
v -0.472117374 1.638420242 -1.544064931
v 0.042862755 2.476895929 0.462824067
v 0.595754768 1.948011758 -0.450851456
v 0.616968850 1.896311736 -0.504137354
v 0.603420012 1.912808335 -0.513018337
v 0.167702655 2.296266177 -0.907973410
v 0.283095660 2.288065926 -0.701721462
v 0.252227514 2.301775721 -0.712875977
v 0.454962872 2.137610535 -0.904847304
v 0.485458115 1.894229641 -1.161045899
v 0.484712307 1.903711182 -1.129855887
v 0.439135178 2.114899683 -0.970211338
v 0.488192743 1.883626973 -1.185486364
v 0.496023722 1.897593025 -1.190672858
v 0.489435755 1.887791163 -1.170140026
v 0.481853378 1.755337886 -1.416676112
v 0.502528821 1.814597514 -1.286658522
v 0.319557364 1.903839311 -1.801897627
v 0.272364318 1.937120799 -1.796000655
v 0.509821162 1.807966842 -1.330068766
v -0.469009842 1.723658009 -1.373052724
v 0.510732705 1.805628489 -1.340228611
v -0.468968408 1.725964330 -1.304420488
v -0.464907900 1.749443956 -1.261294435
v -0.463540586 1.773340000 -1.225273168
v -0.480942763 1.651169070 -1.553798488
v -0.465570840 1.768407036 -1.257244706
v -0.466855287 1.735349774 -1.348683307
v -0.468388336 1.742044510 -1.285734900
v 0.312057854 2.269166909 -0.702218797
v -0.469797083 1.668114120 -1.474366977
v 0.159623073 2.268590329 -1.263425870
v -0.466523817 1.740987446 -1.266409881
v -0.471371566 1.670997021 -1.450210703
v -0.464493563 1.760431011 -1.257670994
v 0.280568201 2.329067182 -0.212059587
v 0.315621157 2.316382418 -0.252485822
v 0.259768457 2.338388561 -0.189821606
v 0.159871676 2.383009459 -0.106482462
v 0.373338377 2.260133820 -0.286446700
v 0.486079621 2.106987722 -0.371277849
v 0.602508470 1.972644544 -0.650353857
v 0.028319507 2.474365383 0.470070949
v -0.471827337 1.657191129 -1.517279887
v -0.424344255 1.669107119 -1.753656128
v -0.467269624 1.760495075 -1.240903698
v 0.164719425 2.379838268 -0.117423833
v 0.433955959 2.205646994 -0.330141136
v 0.586059269 1.964027873 -0.615043069
v 0.259354119 1.944231954 -1.793798171
v 0.154236685 2.024536758 -1.807865648
v 0.352414331 1.829460469 -1.820156928
v 0.185560603 2.011115253 -1.796640086
v 0.003086351 2.074410942 -1.817812349
v 0.471080602 1.887534905 -1.388754302
v 0.503771834 1.908291791 -1.249145250
v 0.508288113 1.949389144 -1.325166464
v 0.505884955 1.906273760 -1.286445378
v 0.466730058 1.925813421 -1.363816502
v 0.505594919 1.853388546 -1.289216245
v 0.305179851 2.307189168 -0.734616623
v 0.299876331 2.262792495 -0.766375018
v 0.307334406 2.291781664 -0.751312871
v -0.637645221 1.978474410 -0.621792616
v -0.440669154 1.931354997 -1.030459926
v 0.067847308 2.466997970 0.433126060
v 0.070623370 2.457100010 0.398952038
v 0.154816758 2.358632931 -0.745913233
v 0.171763163 2.333968113 -0.837422881
v 0.163559280 2.362925250 -0.773835044
v 0.604911628 1.986354339 -0.785557941
v -0.614193716 1.975239154 -0.658027026
v -0.049203047 2.213847245 -1.447581933
v -0.008763703 2.308534521 -1.442679630
v -0.050736096 2.230632135 -1.452626331
v -0.044355297 2.343930137 -1.591738047
v -0.089020884 2.179188371 -1.658949326
v -0.059105714 2.181686885 -1.705059390
v -0.102486854 2.178451630 -1.609428965
v -0.104392807 2.187004236 -1.555858876
v -0.589333464 2.003235324 -0.891845545
v -0.612412064 1.976456379 -0.671241929
v -0.075472047 2.331886018 -1.555290493
v -0.621030285 1.977225153 -0.646730416
v -0.635573533 1.980300247 -0.638275720
v 0.067391537 2.451174048 0.363712298
v 0.064035403 2.439129929 0.297850928
v 0.084047906 2.409243857 0.085986200
v 0.593600213 1.955699493 -0.575753600
v 0.592440068 1.958005814 -0.591384130
v 0.612659740 1.878181493 -0.489998829
v 0.621236527 1.884267617 -0.495540563
v 0.608764967 1.918221782 -0.518417975
v 0.500540001 1.952015787 -1.108612576
v 0.416429481 2.170347475 -0.903923682
v 0.178806902 2.347998230 -0.811845651
v 0.159954543 2.300398335 -0.873515196
v 0.296975968 2.308982973 -0.718630854
v 0.489850093 1.949997756 -1.282964033
v 0.506382161 1.943206923 -1.289855676
v 0.540689309 1.950830594 -1.285308612
v 0.493371962 1.882730070 -1.212129313
v 0.019867021 2.076332876 -1.821435790
v 0.061507944 2.069574076 -1.829961533
v 0.044934442 2.073706233 -1.826764380
v 0.111394184 2.045197547 -1.809570797
v 0.481356173 1.960280102 -1.312804136
v 0.506382161 1.943206923 -1.289855676
v 0.477171364 1.724811170 -1.457386538
v 0.096229430 2.054807217 -1.820370072
v 0.124860154 2.037637941 -1.810139180
v 0.502031616 1.822989959 -1.350317407
v 0.185684905 2.282908736 -0.938950278
v 0.162606304 2.388935422 -0.817174240
v 0.094364911 2.400050606 0.041012902
v 0.102444493 2.400659219 0.026305994
v 0.065692753 2.407450052 0.145026974
v 0.456537354 2.168297413 -0.344919092
v 0.328797091 2.235565098 -0.828470851
v 0.226124249 2.277014806 -0.878346451
v 0.238264339 2.271473230 -0.895113746
v 0.262171615 2.244726317 -0.906765596
v 0.604290121 1.886862228 -0.497956190
v 0.332153225 2.226916396 -0.852840268
v 0.387177250 2.219837273 -0.839483269
v 0.517735009 1.965757614 -0.990388931
v 0.464451202 1.947242984 -1.025131337
v 0.560163173 1.990390400 -0.789039286
v 0.598903733 1.979499441 -0.753799546
v 0.630227651 2.330828954 -0.777884772
v 0.597950757 1.994874912 -0.928577290
v 0.065319849 2.413023660 0.195044670
v 0.063165294 2.410140759 0.178916805
v 0.489932960 1.955603396 -1.008008801
v 0.611458161 1.988372369 -0.836357163
v 0.064905512 2.436887672 0.269929118
v 0.628238831 1.981229181 -0.705273855
v 0.623432516 1.978506442 -0.686659315
v 0.592812971 1.996284330 -0.932911210
v 0.452228244 1.936736412 -1.036427947
v 0.587550885 1.986386371 -0.788470903
v -0.575411722 2.008840965 -0.849643114
v -0.330289634 2.121178000 -1.225912599
v -0.616058235 1.979595538 -0.689145990
v -0.398945364 1.922898488 -1.419233835
v -0.408433694 1.918990556 -1.399056242
v -0.449784580 1.666672670 -1.664775251
v 0.555439725 2.031519785 -0.442823048
v 0.563560741 2.007047160 -0.450993552
v 0.610090847 1.973509414 -0.672662886
v -0.446842784 1.854189352 -1.360477252
v 0.483220692 1.728623005 -1.436285322
v 0.000227422 2.473596609 0.477744119
v 0.008265570 2.473148158 0.473552295
v 0.483427861 1.759822398 -1.396924806
v 0.489974394 1.791662436 -1.376249878
v 0.511851416 2.061181631 -0.395647267
v -0.033085316 2.510113353 -1.361329826
v -0.035902812 2.465556519 -1.375468351
v -0.004993231 2.454056948 -1.367297847
v -0.478456738 1.947531274 -1.016392449
v -0.585148654 1.997309362 -0.908044458
v -0.420615217 1.918606169 -1.034722798
v -0.022312540 2.521933247 -1.381862659
v -0.006733449 2.362348670 -1.419873266
v -0.402011462 1.908868371 -1.039411957
v -0.566089128 1.987475467 -0.937245129
v -0.044313864 2.429328066 -1.400264055
v -0.044230996 2.373271661 -1.420583744
v -0.605326893 1.980940891 -0.700655744
v -0.335095949 2.325031120 -0.298027502
v -0.389747071 2.247224831 -0.366943930
v -0.435365634 2.216441856 -0.421792880
v -0.412328467 2.221182626 -0.434368352
v -0.395796399 2.220093531 -0.409927887
v -0.086866329 2.321699768 -1.511098722
v -0.094614441 2.230888393 -1.517493030
v -0.406942078 2.232586101 -0.329288562
v -0.049451649 2.476159188 -1.399411481
v -0.076217854 2.315613644 -1.468683148
v -0.401762859 2.226564041 -0.354510554
v -0.380714512 2.276470258 -0.326162456
v -0.061508872 2.438905703 -1.425983382
v -0.002548640 2.530549917 -1.387901727
v -0.062006077 2.130371251 -1.727510514
v -0.000849856 2.498902072 -1.443105917
v -0.002465772 2.417636301 -1.550032952
v -0.129957433 2.063007468 -1.633727335
v 0.197907862 2.282556382 -1.337884031
v 0.171804597 2.259653336 -1.263852158
v 0.190325485 2.283485316 -1.350033216
v 0.171514561 2.274484259 -1.290210915
v 0.218251835 2.269551296 -1.162466857
v 0.465818515 1.897112542 -1.090566419
v 0.194137391 2.281178996 -1.090140132
v 0.195421837 2.279865674 -1.145699561
v 0.210503723 2.277174967 -1.064776044
v 0.603917217 2.187965203 -0.889500965
v 0.237352796 2.274548324 -1.077493612
v 0.255915118 2.267565297 -1.108825720
v 0.566875441 2.209651023 -0.905273591
v 0.228941744 2.283965800 -1.115077932
v -0.001968567 2.352706968 -1.608718487
v 0.039672356 2.280730545 -1.632519521
v 0.504434774 1.855566738 -1.252413452
v 0.490347298 1.879783105 -1.196001448
v 0.606154640 2.339605786 -0.874367770
v -0.114088305 2.124637481 -1.623354347
v 0.627244421 2.343994201 -0.844456620
v 0.573049071 2.346140361 -0.806659156
v 0.599649541 2.344442653 -0.787049946
v 0.663664691 2.319297351 -0.813692895
v 0.601845530 1.982574535 -0.729927464
v -0.064740704 2.077229779 -1.744490954
v -0.096106056 2.126078932 -1.683034552
v -0.100663769 2.076076619 -1.704775198
v -0.099047853 2.173006151 -1.508398904
v 0.653803457 2.266732459 -0.877849116
v 0.561364752 2.344762975 -0.824350074
v 0.507500872 1.838685752 -1.265557306
v 0.191899968 2.278904707 -1.112662304
v -0.004744629 2.286047895 -1.663638485
v -0.000559819 2.464467424 -1.492413134
v 0.027988037 2.348158392 -1.591951191
v 0.008348438 2.501784973 -1.348754354
v 0.666316451 2.286624475 -0.805735534
v -0.387385347 2.094142797 -1.456605011
v 0.582081629 2.308310296 -0.912307329
v 0.648665672 2.304850815 -0.778453155
v 0.584236184 1.978282216 -0.447583255
v 0.216677353 2.358921221 -0.160763030
v -0.337001902 2.303953912 -0.341935082
v -0.005780472 2.242387964 -1.448505555
v -0.052186277 2.242612189 -1.450850134
v 0.443485722 1.786921666 -1.607084386
v 0.480734667 1.742204671 -1.550601334
v 0.475016809 1.790605373 -1.575752278
v 0.494449239 1.763794395 -1.563532046
v 0.444563000 1.752551082 -1.635716675
v 0.479284485 1.767894521 -1.621009767
v 0.480734667 1.742204671 -1.550601334
v 0.457034560 1.802136976 -1.568150157
v 0.440585359 1.841312395 -1.572270933
v 0.246012451 1.969537417 -1.710672171
v 0.394013820 1.756234789 -1.762679207
v 0.391196324 1.827314310 -1.703425289
v 0.349513968 1.958037846 -1.612555071
v 0.357510682 1.804635490 -1.774260009
v 0.373918449 1.784999732 -1.780654316
v 0.401264727 1.748899408 -1.722039829
v 0.109695400 2.300974915 -0.964953796
v 0.356806309 1.827986987 -1.747119725
v 0.440626793 2.071560074 -1.598061307
v 0.322954932 1.885196552 -1.805236877
v 0.395961206 1.814565482 -1.759482053
v 0.435571875 2.040424745 -1.615396986
v 0.425379172 2.087960576 -1.597350829
v 0.440626793 2.071560074 -1.598061307
v 0.426622184 2.052629025 -1.656604747
v 0.410711623 2.029822076 -1.671382702
v 0.393350880 2.026586821 -1.597990259
v 0.462959586 2.105450175 -1.598913882
v 0.432174307 2.084597192 -1.642039935
v 0.419661313 2.095199861 -1.609997348
v 0.165755269 2.264618332 -1.090495371
v 0.421898736 2.016592765 -1.645663376
v 0.415849408 2.048689061 -1.601471605
v 0.437602129 2.041193519 -1.636853441
v 0.338078252 1.984336308 -1.739801795
v 0.345204858 2.041962292 -1.604597711
v 0.309406094 1.945673405 -1.758132144
v 0.417465324 1.785800538 -1.721116207
v 0.417299589 1.791822598 -1.699091369
v 0.356806309 1.827986987 -1.747119725
v 0.389538974 1.833240273 -1.737244072
v 0.479988859 1.732851260 -1.505556989
v 0.370438014 1.828339341 -1.692626013
v 0.479698823 1.701972189 -1.594224723
v 0.429771149 1.711613890 -1.681755690
v 0.464202599 1.674936985 -1.644313466
v 0.483220692 1.784230959 -1.561684801
v 0.471080602 1.887534905 -1.388754302
v 0.457034560 1.802136976 -1.568150157
v 0.466730058 1.925813421 -1.363816502
v 0.485168078 1.855534706 -1.376534069
v 0.487985574 1.820779735 -1.427262244
v 0.500208531 1.745087572 -1.576391709
v 0.473815230 1.793776564 -1.541151969
v 0.474726772 1.713311599 -1.560548035
v 0.533396968 2.280185997 -0.763888343
v 0.508536716 2.297034950 -0.786978898
v 0.610712353 2.184345560 -0.855326943
v 0.539612031 2.123772611 -0.857529427
v 0.493123359 2.309047037 -0.828612946
v 0.536131596 2.253246890 -0.918914781
v 0.491880347 2.091772412 -0.886161716
v 0.496272325 2.304594557 -0.862858016
v 0.513011561 2.077774327 -0.857813618
v 0.489228586 1.881640974 -1.177386908
v 0.499255555 1.810145034 -1.302928483
v 0.502735990 2.157534583 -0.708826249
v 0.452476847 2.190687942 -0.708399961
v 0.245308077 2.308950940 -0.942218480
v 0.469340384 2.191841103 -0.727796028
v 0.541642285 2.050194576 -0.780726686
v 0.551047747 2.017233410 -0.770922081
v 0.303895405 2.215705115 -1.039767196
v 0.543921142 2.011115253 -0.848151109
v 0.489187153 2.188349589 -0.902360629
v 0.491880347 2.091772412 -0.886161716
v 0.416429481 2.170347475 -0.903923682
v 0.454962872 2.137610535 -0.904847304
v 0.503233195 2.156125165 -0.679057194
v 0.232836517 2.314364387 -0.915930770
v 0.606237508 1.985809791 -0.814261278
v -0.370066037 2.104873594 -1.421365271
v 0.073606600 2.410204824 0.126057195
v 0.065899922 2.428110841 0.244636079
v 0.080111700 2.413408047 0.100479964
v 0.065402717 2.423850554 0.222256002
v 0.658692640 2.315837870 -0.844953955
v 0.557345678 2.338324496 -0.857387331
v 0.624178323 2.334128274 -0.806659156
v 0.634868232 2.307669651 -0.883461897
v 0.673111587 2.272882648 -0.848648444
v 0.614897162 2.281851673 -0.905770926
v 0.603171410 1.936544219 -0.531206590
v 0.425172003 2.256738403 -0.820797681
v 0.435696176 2.246904508 -0.867120888
v 0.396748448 2.210932312 -0.869394420
v 0.531408148 2.080785357 -0.733053570
v 0.524985916 2.008328449 -0.917138584
v 0.513011561 2.077774327 -0.857813618
v 0.387177250 2.219837273 -0.839483269
v 0.541642285 2.050194576 -0.780726686
v 0.506050691 1.825104086 -1.277422300
v 0.529004990 2.060765212 -0.830247047
v 0.502735990 2.157534583 -0.708826249
v 0.544666949 2.103784499 -0.795575690
v 0.517859310 2.173614763 -0.737600633
v 0.489974394 2.209715088 -0.739732069
v 0.421691567 1.673751793 -1.739304460
v 0.252310381 2.270896650 -0.913230952
v 0.218583305 2.293799695 -0.968506189
v -0.463582020 1.758701270 -1.261223387
v -0.459935850 1.781219929 -1.205308718
v 0.155065361 2.395598126 -0.798133413
v 0.149513237 2.396719254 -0.788186712
v 0.127511914 2.381664105 -0.758701849
v 0.255252178 2.298604530 -0.747049999
v 0.538451886 2.068709205 -0.714225886
v 0.488317044 2.060316761 -0.948754883
v 0.465611347 2.219805241 -0.896818895
v -0.460350187 1.801240074 -1.191454385
v 0.532775462 1.903230698 -1.323674459
v 0.514254574 1.915467011 -1.292839686
v 0.506009257 1.827058052 -1.316285481
v 0.557345678 2.338324496 -0.857387331
v 0.566005333 2.326088184 -0.901863293
v 0.582081629 2.308310296 -0.912307329
v 0.561364752 2.344762975 -0.824350074
v 0.573049071 2.346140361 -0.806659156
v 0.408101296 1.901981441 -1.060939460
v 0.409924381 2.124925771 -1.023568284
v 0.171804597 2.259653336 -1.263852158
v 0.176693780 2.290372246 -1.341436425
v 0.546282866 2.119928743 -0.757636131
v 0.516367695 2.142511466 -0.871525856
v 0.194427427 2.282460285 -1.302644291
v 0.182743108 2.284734573 -1.302715339
v 0.136627340 2.274996775 -1.285450708
v 0.187135086 2.244405994 -1.267049312
v 0.171514561 2.274484259 -1.290210915
v 0.133022603 2.208625992 -1.389748972
v 0.454175631 1.982222181 -1.270885896
v 0.520469637 1.925845454 -1.339376036
v 0.504766244 1.880551878 -1.305344110
v 0.492999058 1.831958983 -1.377883978
v 0.498219711 1.738328771 -1.598913882
v 0.463746828 1.830101114 -1.554508967
v 0.489352888 1.746913409 -1.622004437
v 0.355604730 1.852908063 -1.675574526
v 0.286037457 1.914249786 -1.760618819
v 0.334349214 1.877701010 -1.714650851
v 0.498426880 1.942117827 -1.250210968
v 0.071742081 2.062366823 -1.817883397
v 0.104474747 2.383105556 -0.779163633
v 0.170934488 2.340758946 -0.758204514
v 0.318811556 2.248794410 -0.744563324
v 0.272571487 2.281883705 -0.770424746
v 0.378351861 2.180341532 -0.981650044
v 0.396748448 2.210932312 -0.869394420
v 0.487529802 1.931995642 -1.117706703
v 0.630227651 2.330828954 -0.777884772
v 0.418294000 2.206864219 -0.680407103
v 0.666316451 2.286624475 -0.805735534
v 0.418915506 2.204686027 -0.699021643
v 0.301119343 2.289955827 -0.843035663
v 0.395339700 2.224802269 -0.718346662
v 0.648665672 2.304850815 -0.778453155
v 0.298716186 2.286432282 -0.826623606
v 0.305179851 2.277174967 -0.860939724
v 0.614897162 2.281851673 -0.905770926
v 0.673111587 2.272882648 -0.848648444
v 0.559624534 2.006566676 -0.691916857
v 0.187963761 2.264650364 -1.349606929
v 0.367496217 2.177554727 -1.064562901
v 0.175533635 2.267277007 -1.364029645
v 0.456620222 2.053557960 -1.022076278
v 0.340812880 2.193442714 -1.051987429
v 0.465528479 1.979563505 -1.037706808
v 0.443858626 1.930810449 -1.057529162
v 0.443610023 1.968672547 -1.054332008
v 0.464202599 2.004708807 -1.007724610
v 0.104847651 2.231112618 -1.373550059
v 0.143961114 2.283197026 -1.332910681
v 0.155728301 2.281947769 -1.306551924
v 0.223389621 2.290308182 -1.085664116
v 0.630227651 2.330828954 -0.777884772
v 0.168075559 2.295080984 -1.323958650
v 0.011663138 2.318848900 -0.955007095
v -0.085499015 2.056184603 -1.771418094
v -0.003211580 2.219516950 -1.441756008
v 0.224756935 1.975655573 -1.795005985
v 0.218541872 1.984496469 -1.791666735
v 0.325358089 1.870173435 -1.794934937
v 0.441331167 2.249050668 -0.774900762
v 0.531408148 2.080785357 -0.733053570
v 0.469340384 2.191841103 -0.727796028
v 0.503108894 1.822637604 -1.282466698
v 0.489850093 1.949997756 -1.282964033
v 0.505884955 1.906273760 -1.286445378
v 0.495526517 1.863062280 -1.340441754
v 0.530289437 1.909925435 -1.338736606
v 0.481356173 1.960280102 -1.312804136
v 0.493247661 1.844195296 -1.345770344
v 0.520179601 1.797204012 -1.574828656
v 0.483220692 1.784230959 -1.561684801
v 0.479698823 1.701972189 -1.594224723
v 0.444563000 1.752551082 -1.635716675
v 0.473815230 1.793776564 -1.541151969
v 0.475845484 1.665935928 -1.519837610
v 0.455252908 1.679005079 -1.665201538
v 0.455335776 1.713375663 -1.635503531
v 0.382578104 1.771642292 -1.775254679
v 0.401596197 1.766068684 -1.692483918
v 0.391196324 1.827314310 -1.703425289
v 0.443941493 2.073770298 -1.636285058
v 0.550509109 1.987315305 -0.760122806
v 0.542636695 2.055640055 -0.666410674
v 0.203335684 2.299245174 -1.311098987
v -0.011042559 2.439834638 0.250106764
v -0.009799547 2.433620385 0.204849275
v -0.010628222 2.433556320 0.225666299
v -0.157842350 2.384258716 -0.104493122
v -0.077046529 2.413600240 -0.168933534
v -0.615395295 1.892756159 -0.486446436
v -0.071577274 2.410076695 0.058277533
v -0.619911574 1.902461925 -0.491064547
v -0.616804042 1.908355855 -0.500656009
v -0.076549324 2.406681278 0.043144338
v -0.605906965 1.920528103 -0.496251041
v 0.092251789 2.462513457 -1.042822255
v -0.605948399 1.926838453 -0.505203072
v 0.001843338 2.430385129 -0.982147379
v -0.000394084 2.642534598 -0.850850928
v 0.005116605 2.566586177 -0.909465415
v 0.009218547 2.658422584 -0.871525856
v -0.637189449 1.945289018 -0.536393084
v 0.003666423 2.320194254 -1.292413399
v -0.624800757 1.943719439 -0.533480122
v -0.621568924 1.880551878 -0.480620511
v -0.631554459 1.882633973 -0.478773267
v -0.121007742 2.397840382 -0.042752529
v -0.648708033 1.959575393 -0.552023614
v -0.643031609 1.967935805 -0.579945424
v -0.131241879 2.397263802 -0.057601532
v -0.628529795 1.904319794 -0.485025479
v -0.138989991 2.394316837 -0.070177004
v -0.004040255 2.626902869 -0.986765490
v 0.074103805 2.450821693 -1.013053200
v 0.047627636 2.550570061 -1.047156174
v 0.045514515 2.434933706 -0.988683783
v -0.004578894 2.564151727 -1.074935889
v -0.026787386 2.070342849 -1.815041482
v 0.028236640 2.613129009 -0.968079902
v -0.103315529 2.273779550 -1.245237617
v 0.008721341 2.076012554 -1.826053901
v 0.028236640 2.078511068 -1.834863836
v -0.566834935 2.369075439 -0.757280891
v -0.193682547 2.002786873 -1.791879879
v -0.133562170 2.035940233 -1.816249296
v -0.512681019 2.389351841 -0.761543763
v -0.551753049 2.469208194 -0.808151162
v -0.571889853 2.457420333 -0.791525962
v -0.565840525 2.438393187 -0.753799546
v -0.583615605 2.443486312 -0.765664539
v -0.525566916 2.458509428 -0.766943401
v -0.536671162 2.484135214 -0.767156544
v -0.568492285 2.474717738 -0.753373259
v -0.535718186 2.472571578 -0.803533051
v -0.565094717 2.480899958 -0.771632560
v -0.541394610 2.443486312 -0.753728498
v -0.001057024 2.663964160 -0.877849116
v 0.121504020 2.315709741 -1.249713633
v 0.013361922 2.649677785 -0.861366011
v 0.074393842 2.320066125 -1.272164758
v 0.151253455 2.301839785 -1.175823855
v 0.009259980 2.643271339 -0.851348263
v -0.099172154 2.295401306 -1.015681971
v -0.052890651 2.484135214 -1.131774180
v 0.001470435 2.502810004 -0.957493771
v -0.126891335 2.304786750 -1.076569990
v -0.026455916 2.574498138 -0.918488494
v -0.010711089 2.645737821 -0.855113799
v -0.016180345 2.652624750 -0.862858016
v -0.114502643 2.274804582 -1.001827637
v -0.613489342 2.368594955 -0.785771085
v -0.604042446 2.387942423 -0.813266608
v -0.596832973 2.362893218 -0.766872353
v -0.147359610 2.244341930 -1.053337338
v -0.501162435 2.405528118 -0.781934500
v 0.422271640 1.959223039 -1.455184054
v 0.384401189 1.839550622 -1.652910258
v 0.455542944 1.989237239 -1.392306695
v 0.398157195 1.801912750 -1.679837398
v 0.466978661 1.996924975 -1.099802641
v 0.415186468 1.902461925 -1.526445061
v 0.457531765 2.015087250 -1.168790116
v -0.541063140 2.489196306 -0.778097915
v -0.541394610 2.443486312 -0.753728498
v -0.559128257 2.470969966 -0.747760478
v -0.546615263 2.497396557 -0.749252483
v -0.548355481 2.499222395 -0.752378589
v -0.536256825 2.478369412 -0.756215173
v -0.031510834 2.424779489 0.202788887
v -0.224799296 2.286304153 -0.683888448
v -0.385272225 2.259365046 -0.341153555
v -0.248292234 2.339317496 -0.198702589
v -0.449701713 2.202475803 -0.378453684
v -0.271039365 2.330028149 -0.221366858
v 0.078744386 2.470105096 -1.096747583
v 0.079117289 2.326216313 -0.982076331
v -0.007769293 2.418084753 -1.388114871
v -0.011001125 2.542786229 -1.324598081
v 0.128216288 2.334384532 -1.161614282
v 0.498841217 1.869308565 -1.228825561
v 0.101077179 2.407482084 -1.121685383
v 0.044271502 2.482341409 -1.130566366
v 0.460432127 1.914217754 -1.503993936
v -0.098633515 2.052148542 -1.802608106
v -0.088647980 2.056953376 -1.823425130
v -0.625215094 1.909829338 -0.490922451
v -0.647589322 1.909316822 -0.490709308
v -0.621900394 1.889040420 -0.480478415
v -0.635324930 1.929336967 -0.509536992
v -0.620284478 1.939651345 -0.515789204
v 0.011663138 2.318848900 -0.955007095
v -0.613572210 1.968704579 -0.582787339
v -0.067351031 2.416355012 -1.171845175
v -0.597454479 1.982702664 -0.600265113
v -0.638100992 1.941989698 -0.529927728
v -0.427907558 1.672054085 -1.729641950
v -0.365881228 1.781123832 -1.803815920
v -0.107086001 2.225635107 -1.447866124
v -0.099255021 2.232393907 -1.434793317
v 0.419578446 1.685091203 -1.741791135
v 0.422603110 1.670740763 -1.756569091
v -0.375038088 1.768086714 -1.811986424
v -0.122706526 2.217274694 -1.450921182
v -0.057199761 2.066050530 -1.828895816
v -0.095070212 2.053942347 -1.810565467
v -0.558548184 2.494001141 -0.745984281
v -0.552208820 2.498934104 -0.755149456
v -0.554446243 2.492399529 -0.744065989
v -0.550220000 2.493616754 -0.744208085
v 0.394013820 1.756234789 -1.762679207
v 0.274270271 2.044813161 -1.491276369
v 0.322747763 2.133126023 -1.421152127
v 0.264864809 2.085269869 -1.433372360
v 0.363104239 1.975463380 -1.488150263
v 0.384898394 1.976424347 -1.465699138
v 0.280443900 2.123228063 -1.333834303
v 0.383323911 2.121113936 -1.257102611
v 0.406153910 2.085814417 -1.261365482
v 0.419992783 2.098371052 -1.292129207
v 0.423431785 1.673463503 -1.731347099
v 0.328548488 1.881769103 -1.813975764
v 0.406361078 2.136521439 -1.291063489
v 0.421650134 1.704310542 -1.699517656
v -0.116159993 2.246103702 -1.423851946
v 0.421940170 1.688006136 -1.719695249
v 0.475431146 1.674872921 -1.615041747
v -0.100663769 2.225763236 -1.419660122
v -0.132194856 2.212694085 -1.418310213
v -0.100663769 2.225763236 -1.419660122
v -0.132153422 2.213334730 -1.433585503
v -0.109944930 2.221342788 -1.411844857
v -0.550220000 2.493616754 -0.744208085
v -0.123535201 2.216025437 -1.410210756
v 0.342180194 2.151864878 -1.341791664
v 0.484712307 1.632654440 -1.574828656
v 0.473069422 1.710652923 -1.487510832
v 0.482599186 1.639477305 -1.547404181
v -0.147981116 2.030366624 -1.802608106
v -0.037767331 2.068805302 -1.821435790
v -0.159872603 2.027611852 -1.807510409
v -0.118811753 2.043724065 -1.820085880
v -0.106630230 2.048304674 -1.800618766
v -0.166502004 2.024600823 -1.802608106
v -0.545413684 2.473340352 -0.748826196
v -0.259479348 1.942470182 -1.783496231
v -0.311561577 1.893653061 -1.778949168
v -0.358340285 1.791021792 -1.810707562
v -0.421236724 1.682368463 -1.741009608
v -0.300747367 1.907811307 -1.785130332
v -0.294366569 1.914570108 -1.786267097
v -0.268346171 1.936063735 -1.782998896
v 0.303895405 1.921425006 -1.802181819
v 0.192728643 2.004708807 -1.796711133
v 0.083343532 2.059323762 -1.810636515
v 0.458857645 2.107179915 -1.320548353
v -0.008556534 2.075468006 -1.820014833
v 0.464451202 2.167784897 -1.316853864
v 0.392315036 2.126815673 -1.469109435
v 0.439135178 2.151320330 -1.307262402
v 0.374457088 1.775261934 -1.796924277
v 0.401264727 1.748899408 -1.722039829
v 0.402217703 1.710140408 -1.784561949
v 0.001470435 2.502810004 -0.957493771
v -0.014605862 2.661273453 -0.872804717
v -0.502736918 2.415169819 -0.805380295
v -0.569776732 2.407353955 -0.837849169
v 0.410670189 1.868539792 -1.579730958
v 0.452228244 1.854573739 -1.529002784
v 0.357510682 1.804635490 -1.774260009
v 0.109695400 2.300974915 -0.964953796
v 0.147607285 2.296106016 -0.985273485
v -0.614773788 1.953745527 -0.546481881
v -0.639385438 1.923603197 -0.503426875
v -0.638018124 1.894037448 -0.483391378
v 0.162896340 2.278360159 -1.027546964
v -0.603172337 1.961016844 -0.562325554
v -0.608683027 1.967871741 -0.570496058
v -0.481978607 2.115796585 -0.305700671
v 0.153739480 2.279417223 -1.113301735
v 0.005116605 2.566586177 -0.909465415
v 0.070954840 2.529364724 -0.995220186
v 0.043442827 2.593845606 -0.936392555
v 0.049906493 2.511170417 -0.959909398
v 0.040335296 2.577252910 -0.912946760
v -0.063870596 2.285695540 -1.270175418
v -0.000394084 2.642534598 -0.850850928
v -0.085250413 2.276822612 -0.972200678
v -0.521133504 2.420230912 -0.846659104
v -0.538742850 2.378428850 -0.757422987
v -0.538742850 2.378428850 -0.757422987
v -0.544046370 2.415618271 -0.849287875
v -0.526146989 2.468183162 -0.786836803
v 0.328009850 2.096545214 -1.466054377
v 0.387550154 1.907074566 -1.557919264
v -0.556807967 2.497236396 -0.750176105
v 0.373918449 1.784999732 -1.780654316
v 0.350549812 1.810369260 -1.804952686
v 0.410960225 1.992920946 -1.406374172
v 0.406361078 2.136521439 -1.291063489
v 0.440088154 2.037317619 -1.389535828
v 0.425213436 2.022230438 -1.458736447
v 0.291796749 1.930938578 -1.801755532
v 0.311353481 1.913288819 -1.800902957
v 0.172799007 2.012877026 -1.790672065
v 0.165465233 2.019603795 -1.805805260
v 0.498426880 2.112593362 -1.380796941
v 0.455584378 2.125854706 -1.463567702
v 0.384898394 1.976424347 -1.465699138
v 0.251647441 1.952976753 -1.787759103
v 0.483842198 2.112817588 -1.443674300
v 0.416056577 2.081810388 -1.487226640
v 0.394179555 2.135015924 -1.051276950
v 0.417258156 2.105770497 -1.094758243
v -0.149182695 2.257058726 -1.110175629
v 0.011663138 2.318848900 -0.955007095
v -0.046965624 2.304594557 -0.951809941
v -0.509656355 2.422505200 -0.831312765
v 0.475928351 1.881320652 -1.420512697
v 0.330993080 2.214936341 -1.158559224
v 0.390243348 2.154331360 -1.115148980
v 0.400021714 2.112048814 -1.137458009
v -0.004703195 2.665629836 -0.848151109
v 0.436234815 2.060605051 -1.100726263
v 0.428735306 2.075692232 -1.143781268
v -0.103605566 2.380542977 -1.040903962
v 0.004868002 2.369619987 -0.982360523
v -0.050570360 2.364014346 -0.985486629
v -0.055791013 2.314108130 -0.977955555
v -0.087695004 2.444607440 -1.020584273
v -0.042656513 2.590354093 -0.935539981
v -0.068179706 2.516744025 -0.985273485
v -0.136421099 2.263945655 -1.193727916
v 0.009259980 2.333711855 -0.973692683
v 0.001843338 2.430385129 -0.982147379
v -0.029522013 2.613225106 -0.973621636
v -0.086742028 2.365039377 -1.001969733
v -0.092542753 2.390569066 -1.105557518
v 0.074766745 2.314300323 -0.950317936
v -0.080402663 2.335793950 -1.217244759
v -0.110152099 2.314396420 -1.159127607
v -0.000974157 2.491118240 -1.147049470
v -0.174374417 2.011787930 -1.788682725
v -0.125648323 2.039335649 -1.809428701
v -0.248540837 1.953040818 -1.778522880
v -0.139445763 2.028124368 -1.807155169
v -0.270749329 1.929208838 -1.778451832
v -0.075554914 2.057946376 -1.815325674
v -0.212369170 1.991319334 -1.774331056
v -0.185230061 2.011243382 -1.792164070
v 0.398157195 1.862966183 -1.607794865
v 0.392770807 1.900668120 -1.598700738
v 0.607107616 1.897432864 -0.500300769
v -0.111685148 2.046542901 -1.819304354
v -0.064782138 2.064256725 -1.828682672
v 0.610588052 1.923026617 -0.469892284
v -0.049658818 2.064384854 -1.811489089
v 0.113010100 2.399858413 -1.062005178
v 0.000766061 2.365680022 -1.251418782
v 0.135922966 2.329419536 -1.080690766
v 0.056287291 2.376218626 -0.994864947
v 0.004868002 2.369619987 -0.982360523
v 0.009259980 2.333711855 -0.973692683
v -0.079532555 2.181847046 -1.476356317
v -0.092791356 2.197030324 -1.465628090
v -0.001802832 2.430224968 -1.193656869
v 0.098301118 2.383682136 -1.028612682
v 0.062005149 2.420038719 -1.168648021
v 0.085290919 2.354692967 -1.218878860
v 0.114335980 2.317503546 -1.021863135
v -0.450986159 2.197126421 -0.349608251
v -0.486950657 2.156669713 -0.375824913
v -0.080029760 2.414625272 -0.206162615
v -0.079118217 2.414240885 -0.188400649
v -0.125855491 2.402965539 -0.064351079
v -0.382081826 2.242548125 -0.280904967
v -0.402964438 2.219869305 -0.281402302
v -0.465280804 2.196037325 -0.399057564
v -0.470542891 2.147028011 -0.337530114
v -0.163643075 2.378973398 -0.113018866
v -0.430103547 2.213430826 -0.372201472
v -0.459894416 2.168617735 -0.358489234
v -0.181956794 2.371285663 -0.138596097
v -0.217879859 2.327753860 -0.499732386
v -0.640048378 1.887342711 -0.479838985
v -0.650862588 1.901949409 -0.487938441
v -0.256744720 2.322660735 -0.448222685
v -0.647506454 1.897016445 -0.485949101
v -0.216844015 2.348895133 -0.375753865
v 0.104930518 2.068004496 -1.706054060
v -0.251399766 2.340855043 -0.356784085
v -0.179014998 2.372983371 -0.209004529
v -0.007354955 2.075692232 -1.772199621
v -0.060680196 2.444479311 0.318596905
v 0.067184368 2.065634111 -1.789890539
v -0.063207655 2.451622499 0.362504484
v 0.042489851 2.095295957 -1.740512273
v -0.008390799 2.072264783 -1.812554807
v 0.276300525 2.276310097 -0.687653985
v 0.390491951 2.220061498 -0.746765808
v 0.012201777 2.326728829 -0.928790434
v -0.060597329 2.419974654 0.206412328
v -0.206982782 2.358664963 -0.343213943
v -0.203792383 2.342744944 -0.449856786
v -0.634454822 1.969409288 -0.606872565
v -0.256330383 2.323621702 -0.421508689
v -0.459852982 2.147380365 -0.288791280
v -0.634661990 1.936480154 -0.525593809
v -0.655130265 1.962778616 -0.559483640
v -0.611997727 1.881993329 -0.479910033
v -0.449701713 2.161794870 -0.263853480
v -0.064077764 2.458125042 0.393765544
v -0.083510195 2.459406331 -1.074864841
v -0.625090793 1.913128658 -0.497032568
v -0.622521900 1.926550163 -0.500513913
v -0.635822135 1.918253815 -0.501224392
v -0.629482771 1.931611255 -0.519554740
v -0.627162481 1.975655573 -0.587902785
v -0.612577800 1.884203553 -0.483391378
v -0.465073635 2.127392253 -0.267405873
v -0.059768654 2.423370071 0.223819055
v -0.242450075 2.310904906 -0.499874482
v -0.217714124 2.315709741 -0.539021855
v -0.215766738 2.345884103 -0.405522920
v -0.209344506 2.342008203 -0.474368299
v -0.082557219 2.407578181 0.072273962
v -0.040957730 2.427630357 -0.976960885
v -0.069132682 2.436247028 -0.984634054
v -0.048830143 2.550986480 -1.045308930
v -0.321008473 1.881448781 -1.790956256
v -0.318853918 1.886702067 -1.780156981
v -0.432175235 2.198888193 -0.273302846
v -0.105760121 2.406649246 0.008544029
v -0.606777074 1.939715410 -0.518702166
v 0.529170725 2.175056213 -1.399837768
v 0.512307187 2.150839846 -1.419304883
v 0.487654104 2.171885022 -1.431311972
v 0.480444631 2.178900081 -1.319837874
v 0.557345678 2.249531151 -1.352733035
v 0.507583739 2.170219346 -1.326871613
v 0.493537697 2.187100332 -1.320690448
v 0.274311704 2.011435576 -1.660086092
v 0.243319257 1.959927748 -1.779517550
v 0.325358089 1.980588537 -1.593514244
v 0.349513968 1.909412919 -1.596071967
v 0.334349214 1.877701010 -1.714650851
v 0.328714223 2.062398856 -1.639055924
v 0.286037457 1.914249786 -1.760618819
v 0.258939782 1.938145830 -1.745130385
v 0.301906585 2.038727037 -1.652412923
v 0.346489304 1.921168748 -1.726515844
v 0.320427473 2.023031243 -1.609926300
v 0.309861865 2.021365567 -1.703212145
v 0.371142388 1.977321249 -1.615468034
v 0.370728050 2.057209634 -1.603105706
v 0.362275564 2.023800017 -1.718629531
v 0.370396580 1.958710523 -1.710032740
v 0.393475181 2.002018100 -1.688149998
v 0.399483075 1.997309362 -1.618238900
v 0.385188430 2.086487094 -1.619801953
v 0.345204858 1.995355396 -1.594935201
v 0.398488665 2.071976493 -1.601187413
v 0.316242664 1.970434320 -1.579730958
v 0.325358089 1.980588537 -1.593514244
v 0.282764190 1.990422432 -1.716995431
v 0.294987148 1.994842880 -1.592164335
v 0.517486407 2.142863821 -1.377244548
v 0.245349510 1.985297275 -1.656959986
v 0.529667930 2.167272381 -1.370495001
v 0.258939782 1.938145830 -1.745130385
v 0.276383392 1.922578166 -1.782430513
v 0.529543629 2.228453943 -1.348257019
v 0.529129291 2.219388822 -1.385415052
v 0.511022741 2.217723145 -1.347546541
v 0.507790908 2.198151452 -1.322537693
v 0.526187495 2.215512922 -1.330566101
v 0.135260026 2.028957206 -1.799126761
v 0.468221673 2.213462859 -1.399553577
v 0.503771834 2.205230575 -1.405379502
v 0.539694899 2.190431684 -1.363887549
v -0.061674607 2.473660674 0.443428001
v 0.015682212 2.381183622 -0.780229351
v 0.067681573 2.362444767 -0.805025056
v -0.630518615 1.912423949 -0.499021908
v 0.013941994 2.369972341 -0.819447772
v 0.104847651 2.231112618 -1.373550059
v -0.638929667 1.908868371 -0.495398467
v 0.188502400 2.229959458 -1.299589233
v -0.062917619 2.432659418 0.245772845
v -0.075596348 2.415041691 0.102398256
v -0.081769977 2.414593239 0.087762396
v -0.057779834 2.438841638 0.269431783
v 0.218707607 2.179380565 -1.354367136
v 0.383323911 2.121113936 -1.257102611
v 0.397577123 2.128161027 -1.223354876
v 0.332733298 1.952175948 -1.583993830
v 0.363104239 1.975463380 -1.488150263
v 0.280443900 2.123228063 -1.333834303
v 0.406153910 2.085814417 -1.261365482
v 0.163144943 2.014254412 -1.766444744
v 0.245349510 1.985297275 -1.656959986
v 0.211456700 1.993081107 -1.707617113
v 0.203418551 2.124221062 -1.442892774
v 0.242241979 2.170635765 -1.350317407
v 0.438306503 2.010378512 -1.285805947
v 0.424094725 2.029950205 -1.298878754
v 0.442449878 2.060829276 -1.231099093
v 0.414192058 2.084693289 -1.225131072
v 0.338326854 2.155164198 -1.250353064
v 0.246675391 2.201963288 -1.278559065
v 0.425130569 2.063359823 -1.040335579
v -0.066770958 2.465236197 0.417992865
v -0.065859416 2.467382357 0.430568337
v -0.085996220 2.407738342 0.057922294
v -0.062213245 2.416226883 0.189076649
v -0.036565752 2.502842037 -0.959625206
v -0.091009704 2.404919505 0.043499577
v 0.316242664 1.970434320 -1.579730958
v 0.264864809 2.085269869 -1.433372360
v 0.272074282 2.156093132 -1.339162893
v 0.326849705 1.995707750 -1.509890909
v 0.294987148 1.994842880 -1.592164335
v 0.246012451 1.969537417 -1.710672171
v 0.322416293 1.978890829 -1.546693702
v 0.265362014 1.991511528 -1.615183842
v -0.073773263 2.413311950 0.119094504
v -0.099130720 2.405848440 0.027016473
v -0.060680196 2.411934564 0.175790699
v -0.057987002 2.441948765 0.293517009
v 0.224881236 2.010154286 -1.646231759
v -0.062917619 2.408507115 0.148437272
v -0.060017256 2.440699508 0.283925547
v 0.410960225 1.992920946 -1.406374172
v 0.101367215 2.111696460 -1.620370336
v -0.545413684 2.473340352 -0.748826196
v -0.553907604 2.486281373 -0.779945160
v 0.431511367 2.062398856 -1.169429547
v 0.455501511 1.929817450 -1.387262296
v 0.370438014 1.828339341 -1.692626013
v 0.361322588 2.187036268 -1.127013973
v 0.301906585 2.013773929 -1.556285164
v 0.235529711 2.092829475 -1.438700950
v 0.249492886 2.033441719 -1.557137738
v -0.546739564 2.496371526 -0.745984281
v 0.442035541 2.200617934 -1.345841392
v 0.432588645 2.192385651 -1.405166358
v 0.409717212 2.022358567 -1.479127184
v 0.323742173 2.231625134 -0.743071319
v 0.320800376 2.233835358 -0.809003736
v 0.296727365 2.245559155 -0.793515302
v 0.181665831 2.294248146 -0.873728340
v 0.163393545 2.040296616 -1.705201485
v 0.170064379 2.049361738 -1.626054165
v 0.151336323 2.093406056 -1.626551500
v 0.115123222 2.133414313 -1.542928165
v 0.192521474 2.092316960 -1.538381102
v -0.645600501 1.976007928 -0.591455178
v 0.227201526 2.216666082 -1.278274874
v 0.003127785 2.298796723 -1.322040358
v 0.075388252 2.218491919 -1.418523356
v 0.080236001 2.194371649 -1.466764856
v -0.003335881 2.225506978 -1.404669023
v 0.171763163 2.140109049 -1.498381155
v 0.045100177 2.195364648 -1.457031298
v 0.480651799 2.133958861 -1.324029698
v 0.521174011 2.223969431 -1.374544729
v 0.537291741 2.234764293 -1.364384884
v 0.546945806 2.211925312 -1.357706385
v 0.480444631 2.178900081 -1.319837874
v 0.516450563 2.189919169 -1.408576655
v 0.401596197 1.766068684 -1.692483918
v 0.408681369 1.720839173 -1.743069997
v 0.364015782 2.150775782 -1.157919793
v 0.347442280 2.184409625 -1.165806106
v 0.349513968 1.909412919 -1.596071967
v 0.300787873 2.022967179 -1.511382914
v 0.326849705 1.995707750 -1.509890909
v 0.165630968 2.271729488 -1.127795499
v 0.147607285 2.296106016 -0.985273485
v 0.209053542 2.283261091 -0.983213097
v 0.010958764 2.360682994 -0.865628883
v 0.283137094 2.231945456 -0.975682024
v 0.151253455 2.301839785 -1.175823855
v 0.162896340 2.278360159 -1.027546964
v 0.310483372 2.226948428 -0.892413928
v 0.289144988 2.235501034 -0.936747794
v 0.301202211 2.248666281 -0.773337709
v 0.368324892 2.231977488 -0.716925705
v 0.082929195 2.331886018 -0.888222104
v 0.079655928 2.097890568 -1.690352482
v 0.110109737 2.177458631 -1.487937119
v 0.200393887 2.257955628 -1.048506084
v 0.213031182 2.336658820 -0.716641514
v 0.210047952 2.321123188 -0.747192095
v 0.241289003 2.312378389 -0.708044722
v 0.117733548 2.203564899 -1.413763150
v 0.208017698 2.275861645 -0.853763890
v 0.173254779 2.301391334 -0.844811859
v 0.241910509 2.297771692 -0.746907903
v 0.213486954 2.313915936 -0.761756907
v 0.060637835 2.267116846 -1.350601599
v 0.153739480 2.279417223 -1.113301735
v 0.289642193 2.235244776 -0.901579102
v 0.156515542 2.105129852 -1.542643974
v -0.224633561 2.350817067 -0.247299328
v -0.196458608 2.362925250 -0.246091514
v 0.153325143 2.158207260 -1.446232023
v 0.345204858 1.995355396 -1.594935201
v 0.406816850 1.991479496 -1.653052354
v 0.335633660 2.054422830 -1.682324073
v 0.202134105 2.252478116 -1.188186183
v 0.187135086 2.244405994 -1.267049312
v 0.102237324 2.293671566 -1.309464886
v 0.383323911 2.121113936 -1.257102611
v 0.424094725 2.029950205 -1.298878754
v 0.388295962 2.171404539 -1.413834197
v 0.405863873 2.177234405 -1.336463074
v 0.464451202 2.167784897 -1.316853864
v 0.543382503 2.232425940 -1.371063384
v 0.547608746 2.228421911 -1.373336915
v 0.551047747 2.222303755 -1.371631766
v 0.522251288 2.184794012 -1.330779245
v 0.507790908 2.198151452 -1.322537693
v 0.498136843 2.218684112 -1.388043823
v 0.492046082 2.211669054 -1.347262349
v 0.493537697 2.187100332 -1.320690448
v 0.351544222 1.860083283 -1.742501614
v 0.316864170 1.892852255 -1.748114395
v 0.298509017 1.999871940 -1.615681177
v 0.332733298 1.952175948 -1.583993830
v 0.356764875 1.871134402 -1.654544359
v 0.390657686 1.956692492 -1.658665135
v 0.267475135 2.257539209 -0.813977086
v 0.362316998 2.232490004 -0.681259678
v 0.063745367 2.289443311 -1.318061677
v -0.401679992 1.802617460 -1.760476723
v -0.476965123 1.687461588 -1.536604905
v -0.474437664 1.717315627 -1.538167958
v -0.483635957 1.670868892 -1.546977893
v -0.363105167 1.805564425 -1.773336386
v -0.219122872 2.208081444 -1.298381419
v -0.161115616 2.247577185 -1.103355034
v -0.225089332 2.201194514 -1.272591045
v -0.431470861 2.070951461 -1.644455562
v -0.226580947 2.179508694 -1.243035134
v -0.221650331 2.201835159 -1.257244706
v -0.202135033 2.209042411 -1.260441860
v -0.186763110 2.198503807 -1.243319325
v -0.303606296 2.314908935 -0.520975698
v -0.313757566 2.259140821 -0.500158674
v -0.098302045 2.381920363 -0.392876400
v -0.333562900 2.248313926 -0.504847833
v -0.308951250 2.299533464 -0.422219167
v -0.304890742 2.303537493 -0.391597538
v -0.283428058 2.354885160 -0.376677487
v -0.278497441 2.313819840 -0.464776838
v -0.298012739 2.327657763 -0.505416216
v -0.274892705 2.312090099 -0.449075260
v -0.279574719 2.317471514 -0.436712932
v -0.311685878 2.270063812 -0.479696889
v -0.310028528 2.284574412 -0.452414509
v -0.091258307 2.379806236 -0.553018284
v -0.029356278 2.466741712 0.327904175
v -0.072364515 2.389576067 -0.558560017
v -0.027781796 2.442333152 0.307300294
v -0.027574627 2.459406331 0.383108365
v -0.008266498 2.448355211 0.324280734
v -0.071494406 2.386981456 -0.596854816
v -0.086617726 2.393163677 -0.656961308
v -0.102984059 2.358568867 -0.664705525
v -0.108784785 2.352931194 -0.632947130
v -0.338907854 2.307669651 -0.286233557
v -0.551794482 2.020084278 -0.345487475
v -0.499587952 2.111952718 -0.356357798
v -0.509490620 2.075532071 -0.324173116
v -0.592068091 1.963643486 -0.386837331
v -0.409096634 2.225186655 -0.302716661
v -0.457988463 2.176017180 -0.323675781
v -0.374872353 2.280538351 -0.344634901
v -0.347318907 2.299149078 -0.314155367
v -0.619082899 1.942502214 -0.480407368
v -0.600271975 1.925973582 -0.413693424
v -0.008680835 2.421672362 0.118384025
v -0.539240055 2.115988779 -0.514581390
v -0.039921886 2.444543376 0.137140661
v 0.089807198 2.237775322 -1.548469899
v 0.072073551 2.275317097 -1.577812666
v 0.010420125 2.521420731 -1.377528739
v 0.027656567 2.478849895 -1.400264055
v 0.053552663 2.323525606 -1.472022398
v 0.069628960 2.328362473 -1.506622707
v 0.027822302 2.373271661 -1.434011791
v 0.032877220 2.256962629 -1.465770186
v 0.087776944 2.244373962 -1.516356264
v -0.005780472 2.242387964 -1.448505555
v 0.038885114 2.189823072 -1.704277863
v -0.487447862 2.140333275 -0.541153291
v -0.517735937 2.150807814 -0.479767937
v -0.604663953 1.887695066 -0.478702219
v -0.377482679 2.192353618 -0.588826407
v -0.085208979 2.395566094 -0.493906462
v -0.077833771 2.413824466 -0.369288509
v -0.045515443 2.403670248 -0.498382477
v -0.070044225 2.425836553 -0.427547757
v -0.394221916 2.177202373 -0.622360999
v -0.028651905 2.376891303 -0.633231322
v -0.046178383 2.381055493 -0.671810312
v -0.382537597 2.189374621 -0.599696730
v -0.036731487 2.378492915 -0.602538645
v -0.029522013 2.484807890 0.446412011
v -0.048457239 2.456491398 0.364493824
v -0.010503920 2.469400387 0.454085180
v -0.048001468 2.447202051 0.297993024
v -0.028030398 2.443454280 0.286412222
v -0.052020542 2.426733455 0.221474475
v -0.031510834 2.459598524 0.256643168
v -0.050818963 2.416803463 0.120089174
v -0.055500977 2.413343982 0.145950596
v -0.035654209 2.444607440 0.156323584
v -0.602509397 1.968736611 -0.507760795
v -0.600271975 1.903839311 -0.484386048
v -0.506673124 2.146803785 -0.578027132
v -0.414565889 2.183768980 -0.557423252
v -0.391860192 2.193955230 -0.559483640
v -0.058981413 2.400531090 -0.453196036
v -0.088192209 2.381568009 -0.454403850
v -0.089683824 2.383041491 -0.432521108
v -0.088192209 2.402100669 -0.399768043
v -0.219951547 2.224385850 -1.262786440
v -0.115372752 2.361195510 -0.515860251
v -0.101285275 2.384226684 -0.520904650
v -0.290803266 2.328778892 -0.490709308
v -0.072903154 2.434228997 -0.401686335
v -0.033831124 2.417540205 -0.398631277
v -0.037850198 2.423338038 -0.364102015
v -0.059602919 2.405560150 -0.441331043
v -0.067848236 2.435029803 -0.380869311
v -0.187591785 2.216794211 -1.268257125
v -0.440420552 2.062494952 -1.635929818
v -0.422355435 2.077646198 -1.626906740
v -0.085250413 2.276822612 -0.972200678
v -0.384484984 2.018899086 -1.712164176
v -0.203585214 2.193570843 -1.238772262
v -0.187591785 2.216794211 -1.268257125
v -0.417839156 2.078254810 -1.607865912
v -0.454756631 2.094815474 -1.593372148
v -0.116864367 2.267341072 -0.949678506
v -0.140191570 2.211028409 -1.304846775
v -0.003667351 2.223745205 -1.447795076
v 0.036896294 2.218780209 -1.466196473
v 0.080236001 2.194371649 -1.466764856
v 0.045100177 2.195364648 -1.457031298
v 0.093619103 2.194691971 -1.512306536
v 0.110109737 2.177458631 -1.487937119
v 0.069090321 2.207568928 -1.485876731
v -0.133396435 2.129057929 -1.489642268
v -0.123783804 2.196165454 -1.402963874
v 0.115123222 2.133414313 -1.542928165
v -0.186763110 2.198503807 -1.243319325
v -0.173172839 2.224930398 -1.283390320
v -0.197660187 2.246584186 -1.313656710
v -0.191527992 2.247769378 -1.308186024
v -0.207728589 2.238800354 -1.307120307
v -0.214482291 2.232906423 -1.293550165
v -0.220324451 2.226403880 -1.273301524
v -0.193102474 2.233386907 -1.277635443
v -0.193102474 2.233386907 -1.277635443
v -0.251316899 2.051155543 -1.507333186
v -0.141683186 2.165702802 -1.403390161
v -0.145287922 2.182007208 -1.440335050
v -0.243527353 2.019603795 -1.554224776
v -0.162607231 2.212533924 -1.269251795
v -0.160038339 2.225795268 -1.306765067
v -0.030184954 2.471194192 0.358241612
v -0.027906097 2.475902930 0.467797418
v -0.234867698 2.165766866 -1.263852158
v -0.182246831 2.214551955 -1.209784734
v -0.142594728 2.228838330 -1.260655004
v -0.046965624 2.304594557 -0.951809941
v -0.231180094 2.203308641 -0.880477887
v -0.239135375 2.191712974 -0.904065777
v -0.036441450 2.356102385 -0.809856310
v -0.093578597 2.215480889 -1.358843151
v -0.195298463 2.081233808 -1.457954921
v -0.008017895 2.454633528 0.364920111
v -0.012036969 2.462833780 0.413587898
v -0.222561873 2.045133483 -1.443532204
v -0.083717364 2.304178138 -0.909962750
v -0.156102132 2.220734175 -1.229393944
v -0.125358286 2.188477718 -1.381649515
v -0.099172154 2.212694085 -1.399269385
v -0.409428104 1.753672210 -1.678345393
v -0.082101447 2.216954372 -1.444100587
v -0.399566870 1.744510992 -1.731062908
v -0.049203047 2.213847245 -1.447581933
v -0.087073498 2.214808212 -1.416534016
v -0.088855149 2.208593960 -1.379518079
v -0.441912167 2.042795130 -1.459517974
v 0.097389575 2.173038183 -1.562111088
v -0.378187053 1.923731326 -1.471454015
v -0.351959487 1.962554391 -1.590956521
v -0.335303118 1.918638201 -1.582075538
v -0.334018671 1.951727496 -1.587333080
v -0.249493813 1.943270987 -1.740085986
v -0.322997293 1.944231954 -1.575183895
v -0.398945364 1.922898488 -1.419233835
v -0.403875981 2.024696919 -1.490352746
v -0.420698085 2.060444890 -1.474011738
v -0.252394176 1.981165117 -1.651773492
v -0.273276788 1.983631599 -1.717563814
v -0.289725988 1.970113997 -1.582786017
v -0.334018671 1.951727496 -1.587333080
v -0.353865440 1.933661318 -1.607510673
v -0.210256048 2.225218688 -1.264988923
v -0.032339509 2.481636700 0.419555918
v -0.031179364 2.461584523 0.398454703
v -0.150591443 2.139212146 -1.439624572
v -0.123286599 2.187164397 -1.476569461
v -0.141185980 2.185883108 -1.418381261
v -0.059437184 2.220798240 -1.410139708
v -0.087073498 2.214808212 -1.416534016
v -0.595879997 1.974118026 -0.780371447
v -0.579679399 1.984240211 -0.928790434
v -0.584071377 1.975399315 -0.807653827
v -0.515705683 1.957589395 -0.985202437
v -0.593684008 1.974085994 -0.707476339
v -0.549184156 1.976904830 -0.952449372
v -0.614773788 1.970242126 -0.659447983
v -0.422189700 1.916395945 -1.035291181
v -0.624717889 1.972484382 -0.646446224
v -0.441829299 1.928952580 -1.030317831
v -0.570232503 1.983791760 -0.938239800
v -0.589582066 1.997213265 -0.853621794
v -0.403544511 1.905985470 -1.039767196
v -0.391072951 1.903326795 -1.042822255
v 0.480568932 1.746240732 -1.412626384
v -0.449328809 1.664046027 -1.664348964
v 0.576985277 1.989397400 -0.948186500
v 0.607397653 1.975207122 -0.755433647
v 0.443982927 1.917965525 -1.043177494
v 0.600768252 1.994202235 -0.928932529
v 0.587219415 1.992184205 -0.941650097
v 0.428901041 1.912968497 -1.050140184
v -0.639551173 1.972740640 -0.622503094
v -0.595797129 1.982254213 -0.728080220
v -0.481564269 1.944744470 -1.016321401
v -0.637603787 1.976039960 -0.640478204
v 0.632920845 1.982414374 -0.867618223
v -0.594802719 1.993913945 -0.894758507
v -0.590990814 1.989525529 -0.910744276
v 0.620117815 1.977385314 -0.775398097
v 0.621443695 1.988564562 -0.881756748
v 0.607604822 1.980652601 -0.787547281
v 0.558754426 1.980684634 -0.957635866
v 0.617880393 1.984336308 -0.838062312
v -0.589250596 1.982702664 -0.741437218
v -0.618129923 1.974534445 -0.689856469
v -0.441290661 1.669555571 -1.679340063
v 0.475431146 1.718949271 -1.457741777
v 0.633542352 1.978122055 -0.707192148
v 0.493164793 1.947787532 -1.008364041
v 0.454465667 1.929881515 -1.034864894
v 0.611582462 1.978858796 -0.719057141
v 0.520511071 1.961401230 -0.991241506
v 0.606776146 1.986450435 -0.907760266
v 0.484546572 1.874561851 -1.174758137
v 0.488482779 1.879751073 -1.210068925
v 0.411208828 1.686852975 -1.779446503
v 0.487156899 1.876227527 -1.197280310
v 0.464906973 1.940099796 -1.024349810
v 0.502818858 1.852171321 -1.249216298
v 0.506837932 1.832951983 -1.266551976
v 0.510732705 1.802681524 -1.339802324
v 0.495112179 1.866489729 -1.228967657
v 0.407521224 1.695565742 -1.778593928
v 0.412949045 1.690953101 -1.776249349
v 0.407686959 1.699313513 -1.775823062
v -0.464949334 1.738841287 -1.265273115
v -0.467186757 1.718436756 -1.370281857
v -0.465239370 1.738905351 -1.283887655
v -0.466523817 1.664782768 -1.474793264
v -0.465570840 1.666128122 -1.448008220
v 0.504600509 1.823790764 -1.316285481
v -0.606611339 1.974150058 -0.699945266
v -0.613613643 1.972580479 -0.671952407
v 0.598033624 1.993817848 -0.932413875
v 0.484297970 1.723465816 -1.433585503
v 0.594718924 1.982894858 -0.791739105
v 0.612079667 1.982318277 -0.816605857
v 0.503108894 1.822445411 -1.277493347
v 0.606776146 1.978922861 -0.731490517
v 0.483717897 1.714913210 -1.447084597
v 0.482184848 1.757195755 -1.393372413
v 0.488897116 1.786665408 -1.374260537
v 0.486949730 1.871710983 -1.186267891
v 0.509779728 1.804635490 -1.328221522
v 0.499379856 1.812002903 -1.285948043
v 0.501368676 1.819946897 -1.281329932
v -0.470004252 1.663789769 -1.507617377
v 0.496023722 1.804283136 -1.303141626
v 0.628487434 1.975943863 -0.687938177
v -0.463789189 1.720614947 -1.304278392
v -0.370853279 1.980588537 -1.589961851
v 0.088522752 2.156285326 -1.619375666
v 0.041039670 2.137642567 -1.722821355
v -0.348147582 2.009385513 -1.606018668
v -0.409220935 2.029854109 -1.592164335
v -0.385230791 1.974694606 -1.701506996
v -0.387219612 2.001281358 -1.591809095
v -0.361779287 1.942534246 -1.715148186
v -0.326063391 1.992760785 -1.606587051
v -0.359417563 1.991511528 -1.734473205
v -0.421651061 1.664174156 -1.765805313
v -0.478291003 1.645018881 -1.594011579
v -0.469009842 1.652866778 -1.515148451
v -0.477006556 1.641078917 -1.594082627
v -0.467932564 1.643000851 -1.526089822
v -0.473360386 1.630892667 -1.578665241
v -0.471495867 1.638003823 -1.559908605
v -0.462919080 1.757740303 -1.240051123
v -0.475473508 1.633551343 -1.579020480
v -0.100705203 2.049105480 -1.805094781
v -0.168035053 2.023287501 -1.802537058
v -0.293206424 1.914506044 -1.788895868
v -0.090056728 2.054679088 -1.825982853
v -0.270293558 1.924788390 -1.782572609
v -0.118770320 2.040937261 -1.822785699
v -0.302238982 1.904031504 -1.789606347
v -0.309655624 1.891923321 -1.781933178
v -0.373505039 1.767382005 -1.813265286
v -0.413198575 1.688358490 -1.777457162
v -0.423308411 1.664142123 -1.753229841
v -0.427700389 1.668274281 -1.729073567
v -0.376032498 1.751301825 -1.807652504
v -0.357801646 1.787017763 -1.812483759
v -0.422355435 1.681151238 -1.718700579
v -0.364141011 1.779041737 -1.805805260
v -0.418377795 1.682432528 -1.740583321
v -0.422479736 1.690953101 -1.698096699
v -0.424261388 1.695661839 -1.683034552
v -0.471578735 1.632814601 -1.561045370
v -0.470128553 1.635152954 -1.543780740
v -0.176114635 2.011531672 -1.791666735
v -0.316285025 1.886894260 -1.783780422
v -0.075099143 2.056697119 -1.819446450
v -0.184194217 2.009193319 -1.794437602
v -0.067143862 2.063423887 -1.831879826
v -0.110566436 2.044524871 -1.822217316
v -0.105304350 2.046318676 -1.804171159
v -0.254175828 1.943014730 -1.785840810
v -0.263208386 1.930137773 -1.786977576
v -0.423805616 1.669075087 -1.739659699
v -0.376902607 1.756587143 -1.814473099
v -0.038305969 2.067556045 -1.825201327
v -0.147193875 2.030751011 -1.804881638
v -0.465239370 1.732691099 -1.347546541
v -0.460888826 1.771674324 -1.222928588
v -0.463499153 1.757676239 -1.260086621
v -0.456662583 1.777856545 -1.201685277
v -0.463043381 1.763602202 -1.255965845
v 0.024797638 2.077005553 -1.838060990
v -0.134059375 2.036036329 -1.819162258
v -0.126145528 2.038182489 -1.812838998
v 0.124404383 2.036709006 -1.814046812
v -0.140315872 2.028572819 -1.809428701
v -0.212162001 1.986482467 -1.775823062
v -0.243817389 1.953361140 -1.779588598
v -0.056868291 2.065505982 -1.831879826
v -0.049368782 2.063744209 -1.815183578
v -0.157925217 2.026746982 -1.810352323
v -0.095898887 2.051475865 -1.813478429
v -0.458527102 1.798229044 -1.188683518
v -0.026953121 2.069862366 -1.818735971
v -0.463250550 1.746625119 -1.259091951
v -0.462670478 1.758957528 -1.256178988
v 0.017173827 2.075532071 -1.824703992
v 0.094737815 2.055319733 -1.822856747
v 0.006276750 2.075275813 -1.828611624
v -0.194262619 1.998878941 -1.793087692
v -0.319475424 1.879943266 -1.791879879
v -0.061881775 2.404695280 -0.484172904
v -0.327140668 2.208754121 -0.641046587
v -0.585853028 2.025657886 -0.583995153
v -0.407605019 2.046799159 -1.680832068
v -0.404663222 2.002947034 -1.683602935
v -0.276218585 1.913769302 -1.759624149
v -0.329709561 2.032897171 -1.638700685
v -0.302694753 1.932540190 -1.754792894
v 0.135135725 2.027964207 -1.803034393
v 0.061880848 2.069542043 -1.832164017
v 0.043028490 2.073546072 -1.829606294
v 0.109405364 2.046542901 -1.813123190
v 0.272364318 1.935903574 -1.800618766
v 0.192852944 2.002146229 -1.802039723
v 0.247504066 1.952720496 -1.792661405
v 0.172384670 2.009033158 -1.796284846
v 0.001719037 2.073834362 -1.820014833
v -0.010462487 2.075115652 -1.821862077
v 0.082017652 2.059644084 -1.813691573
v 0.073565166 2.062206662 -1.819233306
v 0.165589534 2.016144314 -1.808860318
v 0.150507648 2.024696919 -1.811418041
v 0.184359025 2.009129255 -1.801826580
v 0.256909528 1.944776502 -1.796640086
v 0.322167690 1.895350769 -1.815609865
v 0.314419578 1.912423949 -1.806515739
v 0.290139399 1.928728354 -1.807155169
v 0.303936839 1.920784361 -1.806231547
v -0.365549758 2.047055417 -1.275006672
v -0.416181806 1.996604653 -1.337884031
v -0.406983512 1.961401230 -1.326658469
v -0.338783553 2.072392912 -1.317067007
v -0.271412269 2.051636026 -1.332839633
v -0.306796695 1.977673604 -1.509819861
v -0.346697400 2.010794931 -1.502004596
v -0.311312974 2.078959519 -1.363390214
v -0.389332733 1.728943327 -1.823851417
v -0.375369558 1.986354339 -1.500725734
v -0.348769088 2.082066646 -1.161259043
v 0.101367215 2.111696460 -1.620370336
v 0.042489851 2.095295957 -1.740512273
v -0.387385347 2.094142797 -1.456605011
v -0.009882414 2.133862764 -1.749677448
v -0.412328467 1.957461266 -1.464562372
v -0.425048629 1.962137972 -1.409216086
v 0.606859014 1.884043392 -0.492414457
v 0.605408833 1.976104024 -0.633231322
v 0.600768252 1.888880259 -0.498950860
v 0.577316747 1.980908859 -0.648080325
v 0.599359504 1.976712637 -0.658311218
v 0.580051375 1.982478439 -0.669181541
v 0.064076837 2.468599581 0.430071002
v 0.065527018 2.465620584 0.418703344
v 0.455542944 2.172621764 -0.350034538
v 0.063911102 2.459342266 0.396962698
v 0.470334795 2.160097161 -0.376251200
v 0.475804050 2.141838789 -0.363107345
v 0.580134243 1.957685491 -0.576606175
v 0.591528525 1.956724525 -0.574332643
v 0.594843225 1.957205008 -0.566872617
v 0.591487091 1.950254014 -0.557494299
v 0.591114187 1.963419261 -0.595291763
v 0.590036910 1.960376199 -0.590389460
v 0.606568978 1.975975896 -0.672094503
v -0.414068684 1.711677955 -1.723247643
v -0.405284728 1.764659265 -1.695681072
v -0.394304784 1.797204012 -1.680334733
v -0.365632626 1.819914864 -1.693265444
v -0.354404078 1.856047221 -1.651063013
v -0.374913787 2.050707091 -1.099873689
v -0.406196271 2.014318476 -1.040264531
v -0.276094283 2.121754580 -1.249784681
v -0.212162001 2.114066845 -1.366587368
v -0.323245895 1.949100853 -1.543496548
v -0.327223536 1.954065849 -1.510388244
v -0.261343867 2.030879140 -1.431880355
v -0.322997293 1.944231954 -1.575183895
v -0.391362987 1.744094573 -1.767155222
v -0.306796695 1.977673604 -1.509819861
v 0.408349899 1.700114319 -1.782075274
v 0.400311750 1.707962216 -1.786906528
v 0.415725107 1.674744792 -1.769002467
v 0.407769826 1.697167354 -1.783922518
v 0.423307484 1.670260280 -1.730423477
v 0.420987194 1.669555571 -1.740157034
v 0.384111153 1.751558083 -1.817457110
v 0.394386724 1.717507821 -1.792590357
v 0.385561334 1.735221645 -1.797634756
v 0.389663276 1.735189613 -1.810210227
v 0.351088451 1.826289279 -1.827403810
v 0.326932572 1.881224555 -1.821009503
v 0.321131846 1.904960439 -1.808718222
v 0.322167690 1.886638002 -1.809712892
v 0.418542602 1.679805885 -1.742714757
v 0.419495578 1.684770880 -1.716071808
v 0.420117085 1.667153153 -1.756142803
v 0.419785615 1.698576772 -1.697670412
v 0.419246976 1.664846833 -1.764313308
v -0.406237705 1.717764079 -1.749109065
v -0.401555690 1.708795054 -1.784135662
v -0.398862496 1.862485700 -1.530139550
v -0.405864801 1.793167951 -1.625485783
v -0.416927613 2.017809990 -1.164882484
v -0.414110118 2.018802989 -1.092768903
v -0.335303118 1.918638201 -1.582075538
v -0.289725988 1.970113997 -1.582786017
v -0.347650377 1.937120799 -1.494260379
v -0.271412269 2.051636026 -1.332839633
v -0.270790763 1.977737668 -1.612199832
v -0.234701963 1.978986925 -1.746764485
v -0.229066973 1.989845852 -1.652981306
v -0.153450372 2.209779152 -1.261862817
v -0.242118605 1.967583451 -1.711169506
v -0.305760851 1.982894858 -1.549961904
v -0.047504263 2.441115927 0.269573879
v 0.084296509 2.273202970 -1.522963716
v -0.054009362 2.474813834 0.455861377
v -0.208018626 2.251549182 -1.282466698
v -0.184277085 2.241459029 -1.288079479
v -0.179553637 2.247481088 -1.303212674
v -0.038927476 2.412671305 -0.433018443
v -0.056246785 2.422377072 -0.356784085
v -0.084546039 2.396879415 -0.426268896
v 0.032462882 2.409211824 -1.526658205
v 0.017919635 2.464787746 -1.381649515
v 0.059850594 2.278328127 -1.480974428
v 0.015102140 2.511714965 -1.360406204
v -0.000435518 2.541985423 -1.332910681
v 0.024424734 2.456747656 -1.471454015
v 0.055002845 2.336626788 -1.551027622
v 0.063248162 2.253278922 -1.485521492
v 0.051315241 2.396334867 -1.472946020
v 0.018251105 2.490861982 -1.424988712
v 0.038222174 2.444351182 -1.432448738
v -0.598904661 1.940131829 -0.540869099
v -0.593766875 1.953040818 -0.568293575
v -0.355274187 2.275669452 -0.273515989
v -0.555026315 2.118807615 -0.453764419
v -0.531823413 2.136137052 -0.418240487
v -0.370356074 2.276278064 -0.310318783
v -0.560122667 2.040552874 -0.360975909
v -0.373836509 2.234956486 -0.482609851
v -0.569155225 2.001313391 -0.366304499
v -0.315414916 2.311737744 -0.246944088
v -0.426788847 2.215064470 -0.344208613
v -0.572221323 2.074635168 -0.493267031
v -0.384733586 2.223200657 -0.569075101
v -0.355191320 2.293927824 -0.280833919
v -0.448665869 2.162531611 -0.552023614
v -0.595299924 2.065441918 -0.454972233
v -0.615726765 1.903711182 -0.453906515
v -0.373256437 2.249755377 -0.307121629
v -0.553783303 2.083251838 -0.376393296
v -0.503979930 2.042410743 -0.292698912
v -0.386598105 2.230471974 -0.473231533
v -0.427824691 2.184345560 -0.508187082
v -0.612246329 1.969313191 -0.405665015
v -0.036814354 2.439322122 0.119591839
v -0.365839795 2.183160368 -0.632662939
v -0.597371612 2.005605710 -0.547831790
v -0.416016071 2.174671827 -0.586766019
v -0.595134189 1.935583252 -0.523107134
v -0.008722269 2.473244255 0.469928854
v -0.047297094 2.443165990 0.284920217
v -0.028900507 2.452327208 0.222469145
v -0.052600614 2.437240027 0.245417605
v -0.029646315 2.455754657 0.240160063
v -0.603835277 1.925012615 -0.496464185
v -0.049741685 2.413696337 0.143037634
v -0.574707348 1.972035931 -0.604883224
v -0.611583389 1.921425006 -0.466410939
v -0.005780472 2.236910452 -1.704277863
v 0.065402717 2.231368876 -1.633443143
v 0.034327401 2.236910452 -1.466835903
v 0.067267236 2.229895393 -1.488221310
v -0.048622974 2.447105954 0.321083580
v -0.007810726 2.531767142 -1.326942660
v -0.005117532 2.494994140 -1.344349387
v -0.008763703 2.308534521 -1.442679630
v 0.031841376 2.281499318 -1.462217792
v -0.232961746 2.180661854 -0.999909345
v -0.003211580 2.219516950 -1.441756008
v -0.235530638 2.175985148 -1.104633896
v -0.048705842 2.234828357 -1.405237406
v -0.269920654 2.138123051 -1.062786704
v -0.168159354 2.256738403 -0.888435247
v -0.352000921 2.195460745 -0.746765808
v -0.053014952 2.324454540 -0.896889943
v -0.160991315 2.313275292 -0.728435459
v -0.041372067 2.346652877 -0.849287875
v 0.611913932 1.898842282 -0.500087626
v 0.123368539 2.398416962 -0.045665491
v 0.133188338 2.395758287 -0.062290691
v 0.139486269 2.393163677 -0.078063317
v 0.146902911 2.390953453 -0.085452295
v 0.000890362 2.438457252 0.224813725
v 0.152206431 2.387013488 -0.097672527
v 0.599525239 1.915755301 -0.511313188
v 0.597702154 1.897593025 -0.496819424
v 0.580838616 1.965181034 -0.593444518
v 0.608972135 1.884587940 -0.491135595
v 0.588628162 1.965213066 -0.603320171
v 0.615684404 1.888559936 -0.494474845
v 0.589829741 1.945064792 -0.562254506
v 0.587219415 1.956115912 -0.582645243
v 0.492750455 2.132133023 -0.400620617
v 0.073192263 2.415778432 0.085133625
v 0.486286790 2.113169942 -0.374048716
v 0.053055458 2.424779489 0.201652121
v 0.070167599 2.413119757 0.069503095
v 0.605077363 1.975751670 -0.641472874
v 0.067888742 2.418341010 0.104955979
v 0.598406528 1.974854767 -0.649003948
v 0.000890362 2.433588353 0.205275562
v 0.051688144 2.419013687 0.186376831
v 0.053842700 2.416258915 0.171812019
v 0.000683193 2.425259972 0.121012796
v 0.000683193 2.420327009 0.100408916
v 0.114253113 2.398481027 -0.027264095
v 0.000890362 2.432146902 0.190923894
v 0.595257563 1.911527046 -0.509039657
v 0.588420993 1.923891487 -0.515931299
v 0.591197055 1.938690378 -0.545913498
v 0.599566673 1.936640315 -0.529714585
v 0.590782717 1.942502214 -0.541579578
v 0.583448943 1.919503072 -0.511668428
v 0.581750159 1.957525330 -0.594083949
v 0.566088200 1.975463380 -0.623853004
v 0.583158907 1.974118026 -0.624705578
v 0.586970812 1.976680605 -0.635646949
v -0.090761102 2.380094526 -0.472592103
v -0.080071193 2.407129729 -0.552307805
v -0.073317491 2.373559951 -0.681543869
v -0.045515443 2.401780347 -0.523249229
v -0.103522698 2.356294578 -0.596144337
v -0.082764387 2.395918448 -0.622787286
v -0.088772282 2.397616157 -0.638915151
v -0.052642048 2.398993543 -0.549110652
v -0.116532897 2.338452625 -0.631810365
v -0.079739723 2.417380043 -0.529927728
v -0.074104733 2.417988656 -0.509679087
v -0.100456600 2.370580953 -0.608151426
v 0.000641759 2.418020688 0.077034169
v 0.112181425 2.401107670 -0.016677963
v 0.582661702 1.966142001 -0.613622112
v 0.603668615 1.928600225 -0.519341597
v 0.606196074 1.919054620 -0.516570730
v 0.594636057 1.933597253 -0.528862010
v 0.572800468 1.969120998 -0.608719809
v 0.592067164 1.901084539 -0.508329178
v 0.586100703 1.933821479 -0.527441053
v 0.587716620 1.947435177 -0.557281156
v 0.587426583 1.954290075 -0.576179888
v 0.596376274 1.973157059 -0.622574142
v 0.569858672 1.982350310 -0.634297040
v 0.082763460 2.231336844 -1.588611941
v -0.064823572 2.419366042 0.117105164
v -0.040750561 2.420262944 0.170746301
v 0.071907816 2.189374621 -1.655112742
v 0.087776944 2.194275552 -1.602111035
v 0.095649357 2.205230575 -1.553585345
v -0.002714375 2.533080463 -1.326942660
v 0.034327401 2.235404937 -1.677777010
v -0.008100763 2.188413654 -1.729641950
v -0.006816316 2.256514178 -1.449144985
v 0.090925909 2.218844274 -1.516356264
v -0.007810726 2.544067518 -1.337741936
v -0.053926495 2.254143793 -1.326445325
v 0.027449398 2.317855901 -1.453336809
v -0.063870596 2.285695540 -1.270175418
v -0.064740704 2.077229779 -1.744490954
v -0.007893594 2.275893678 -1.447937172
v -0.288524410 2.196165454 -0.801614758
v -0.114502643 2.274804582 -1.001827637
v -0.277295862 2.154619650 -0.943710485
v -0.206319842 2.190591846 -0.986197107
v -0.214067954 2.209234604 -0.888364199
v -0.041786405 2.476895929 0.464458168
v -0.279408984 2.179508694 -0.886445907
v -0.207770023 2.229350845 -0.846303864
v -0.051606204 2.468727710 0.416642956
v -0.049700252 2.466037003 0.395186501
v -0.086327690 2.261286980 -1.291276633
v -0.228942671 1.974758671 -1.716995431
v -0.082225749 2.399281833 -0.357778755
v 0.491134539 2.198439742 -0.455043280
v 0.507003667 2.163108191 -0.450993552
v 0.419081241 2.243669253 -0.368578031
v 0.471204903 2.207056412 -0.435291974
v 0.000144554 2.421576266 -0.054049139
v 0.276631995 2.330828954 -0.215611981
v 0.253014755 2.338804980 -0.193445047
v 0.081396146 2.414849497 -0.205025849
v 0.158835832 2.384803264 -0.107761324
v 0.129003529 2.400274832 -0.066269372
v 0.378434728 2.255425082 -0.299164268
v 0.409592911 2.233290810 -0.321118058
v 0.073233696 2.408699309 0.057496006
v 0.078330048 2.405047634 0.042220716
v 0.385271298 2.293735630 -0.345558523
v 0.394055253 2.275893678 -0.365167733
v 0.391279192 2.240818384 -0.327938653
v 0.405698138 2.247449056 -0.343427087
v 0.405822440 2.265194912 -0.359057617
v 0.482847788 2.161602676 -0.420442971
v 0.449742219 2.219645079 -0.422148120
v 0.184359025 2.373880273 -0.139946006
v 0.164843726 2.382785234 -0.118844791
v 0.435323272 2.209490862 -0.338951072
v 0.079365892 2.413119757 -0.168507247
v 0.107292242 2.405335924 0.005986305
v 0.465445612 2.205711059 -0.414901238
v 0.476301255 2.179124307 -0.430105480
v 0.080774640 2.413920562 -0.187548075
v -0.348106148 2.258788466 -0.466126747
v -0.474106194 2.170155282 -0.500158674
v -0.453057847 1.703061285 -1.634935148
v -0.478373870 1.753992532 -1.620299289
v -0.468471203 1.681791883 -1.599624360
v -0.490845430 1.719333658 -1.598629690
v -0.452104870 1.770649293 -1.560903275
v -0.477959533 1.754793338 -1.556000972
v -0.492585648 1.727758135 -1.578807336
v -0.474437664 1.717315627 -1.538167958
v -0.475100604 1.764787394 -1.572981411
v -0.464244960 1.752583114 -1.535254996
v -0.487655031 1.739545996 -1.559837557
v -0.443030878 1.775390063 -1.605450285
v -0.264285664 2.372406791 -0.242468073
v -0.270790763 2.338004174 -0.348045198
v -0.273359656 2.335345499 -0.300016842
v -0.260183722 2.332814953 -0.227334878
v -0.062006077 2.446465310 -0.143001064
v -0.067516766 2.423466167 -0.092699177
v -0.061011666 2.447554405 -0.104208931
v -0.077792337 2.422825523 -0.287086131
v -0.266771689 2.284125961 -0.570709202
v -0.072944588 2.429968710 -0.232024037
v -0.071121502 2.446144987 -0.287725562
v -0.072613118 2.451942821 -0.264350815
v -0.008970871 2.421031718 0.099982629
v -0.032380942 2.414304949 0.075826355
v -0.075513480 2.405367957 0.025382372
v -0.107044567 2.405528118 -0.019661973
v -0.154030444 2.386212682 -0.201473456
v -0.166874908 2.400947509 -0.229182123
v -0.195795668 2.386436908 -0.380798263
v -0.199151802 2.313371388 -0.690069613
v -0.383739176 2.252862503 -0.404315106
v -0.092211283 2.411838467 0.005062683
v -0.084960376 2.407738342 0.023037793
v -0.227658225 2.329835955 -0.627547493
v -0.200311947 2.329291407 -0.549536939
v -0.211416193 2.353956225 -0.532769643
v -0.192232365 2.358056351 -0.420229827
v -0.159582567 2.365167506 -0.410354174
v -0.142636162 2.378172592 -0.282539068
v -0.118977488 2.386533005 -0.288649184
v -0.607730050 1.944616341 -0.536179940
v -0.635780702 1.967935805 -0.568577766
v -0.150508575 2.387333810 -0.094333278
v -0.145412223 2.392234742 -0.082255141
v -0.049865987 2.419077752 0.186447879
v -0.148644056 2.378204625 -0.326304552
v -0.121919285 2.384803264 -0.307334772
v -0.124612479 2.374937337 -0.419732492
v -0.151378684 2.359561866 -0.446304393
v -0.361447817 2.263753462 -0.500016578
v -0.606238435 2.012556704 -0.422929646
v -0.041206332 2.422409104 -0.018312064
v -0.018459201 2.420134815 0.052806847
v -0.032836714 2.420711396 0.064103458
v -0.057158327 2.419814493 -0.007796980
v -0.290264627 2.287809668 -0.541437482
v -0.118687452 2.398352898 -0.079484274
v -0.154651950 2.389896389 -0.105274649
v -0.184277085 2.354468741 -0.467334561
v -0.032298075 2.414945594 0.100906251
v -0.133686471 2.339894076 -0.599412539
v -0.226415212 2.302064011 -0.567014713
v -0.241828569 2.302480430 -0.593089279
v -0.201182056 2.318048094 -0.566730522
v -0.247214957 2.263465172 -0.677707284
v -0.237850928 2.279801610 -0.653195771
v -0.131614783 2.356294578 -0.515505012
v -0.149182695 2.351105357 -0.514865581
v -0.144169211 2.367153505 -0.379022067
v -0.118190247 2.376731142 -0.386837331
v -0.447257121 2.199688999 -0.458666721
v -0.389664203 2.241619190 -0.449714691
v -0.423101243 2.168521638 -0.612343250
v -0.311685878 2.316126160 -0.323746829
v -0.290098892 2.319841899 -0.357707707
v -0.271660872 2.337587755 -0.323888924
v -0.082101447 2.422345039 -0.260087943
v -0.034991269 2.439129929 -0.232237181
v -0.041827838 2.442397216 0.022611505
v -0.032836714 2.432435192 -0.262645666
v -0.464244960 1.752583114 -1.535254996
v -0.477959533 1.754793338 -1.556000972
v -0.359127526 2.147316301 -0.890424587
v -0.140191570 2.211028409 -1.304846775
v -0.470832927 1.765460071 -1.372839580
v -0.226580947 2.179508694 -1.243035134
v -0.162607231 2.212533924 -1.269251795
v -0.150591443 2.139212146 -1.439624572
v -0.207977192 2.213719117 -1.319624730
v -0.229398443 2.141070016 -1.294686930
v -0.129998867 2.216121534 -1.304065248
v -0.165051823 2.145906883 -1.432448738
v -0.209841711 2.148405397 -1.337031457
v -0.186763110 2.198503807 -1.243319325
v -0.229398443 2.141070016 -1.294686930
v -0.203585214 2.193570843 -1.238772262
v -0.158380988 2.164613706 -1.382644185
v -0.138658521 2.193795069 -1.358772103
v -0.234867698 2.165766866 -1.263852158
v -0.420698085 2.060444890 -1.474011738
v -0.174208682 2.167528639 -1.356285428
v -0.147525345 2.197799098 -1.339731276
v -0.059437184 2.220798240 -1.410139708
v -0.166709173 2.225058526 -1.329926671
v -0.034411196 2.432563321 -0.120407844
v -0.036027113 2.435350125 -0.148755941
v -0.019950816 2.417572237 -0.019519878
v -0.056661122 2.431954709 -0.159413121
v -0.045349707 2.419173848 -0.067335090
v -0.105594386 2.407353955 -0.060798686
v -0.065362211 2.414144788 -0.050496746
v -0.089062318 2.412575209 -0.054617522
v -0.089186619 2.408411019 -0.087867922
v -0.040211922 2.415906561 -0.030816488
v -0.141683186 2.165702802 -1.403390161
v -0.070748599 2.428623357 -0.149182228
v 0.614648560 1.974182091 -0.661650467
v -0.476509351 1.696174355 -1.557777169
v -0.089228053 2.410685307 -0.016891107
v -0.093744332 2.403734313 -0.120052604
v -0.052642048 2.415169819 -0.340158885
v -0.047628564 2.426509229 -0.189608463
v -0.104392807 2.397488028 -0.121615657
v -0.019577913 2.431217967 -0.219448565
v -0.182163963 2.309431424 -0.662360946
v -0.210504651 2.317919965 -0.583355722
v -0.073524660 2.420935621 -0.119484221
v -0.138327051 2.345563781 -0.572414351
v -0.107458905 2.400531090 -0.091917650
v -0.059188581 2.409884501 -0.318489287
v -0.408060790 1.901500958 -1.050566472
v -0.103315529 2.273779550 -1.245237617
v -0.225752272 2.211060441 -1.085379925
v -0.418626397 1.888591968 -1.066623289
v -0.232464540 2.210067442 -1.123319484
v -0.322665823 2.113874651 -1.034651750
v -0.580756676 2.187420655 -0.770495794
v -0.520967769 2.040648971 -0.765522444
v -0.151668720 2.309463456 -0.849927305
v -0.436401478 2.013229381 -0.954296617
v -0.447049952 2.040681003 -1.414686772
v -0.516907262 2.099620309 -0.656748165
v -0.503648460 2.110287042 -0.685380454
v -0.288151506 2.139948888 -1.019376460
v -0.212866375 2.223136593 -0.898168805
v -0.125026816 2.372919306 -0.832591627
v -0.223597717 2.199624935 -0.909749606
v -0.118397416 2.379485914 -0.815184900
v -0.125979793 2.316286321 -0.869536516
v -0.115538487 2.379005430 -0.803462003
v -0.019370744 2.421287976 -0.048649502
v -0.054838037 2.422793491 -0.172485928
v -0.035032703 2.432435192 -0.089075736
v -0.174291550 2.343481686 -0.547121311
v -0.416430408 2.065313789 -1.452768427
v -0.408889465 2.072905428 -1.347901780
v -0.428280462 2.054006411 -1.354438184
v -0.408433694 2.071784300 -1.335539452
v -0.075182010 2.348863101 -0.844669763
v 0.351502788 2.305907878 -0.409430552
v 0.465611347 2.217787210 -0.462929593
v 0.391817831 2.288322183 -0.399057564
v 0.298799053 2.328298408 -0.254759353
v 0.460017790 2.186171398 -0.401828431
v 0.408847104 2.235180712 -0.342432417
v 0.373586979 2.293863759 -0.325807217
v 0.446013181 2.204718060 -0.362325819
v 0.314543880 2.319425480 -0.255114593
v 0.350591246 2.310584584 -0.294119870
v 0.328589922 2.338676851 -0.316357851
v 0.332816165 2.336434595 -0.337672210
v 0.407189754 2.247449056 -0.428542427
v 0.448333471 2.213590988 -0.443249335
v 0.418086831 2.237487032 -0.393018496
v 0.443319987 2.222175626 -0.426695183
v 0.593931683 1.997725781 -0.473799916
v 0.588172391 1.985809791 -0.451846127
v 0.042572718 2.420102783 0.170675253
v 0.598655131 1.953713495 -0.453124988
v 0.562980668 2.052276671 -0.463640072
v 0.566543971 2.017105281 -0.455043280
v 0.560743246 2.126943802 -0.502858492
v 0.569402900 2.101061759 -0.541082243
v 0.332981900 2.323045122 -0.302432470
v 0.512390055 2.123708547 -0.446659632
v 0.440543925 2.222848303 -0.397210320
v 0.316076928 2.330476600 -0.300158938
v 0.342926001 2.317759804 -0.331846285
v 0.335012154 2.320546608 -0.361970579
v 0.355853332 2.286208056 -0.291420051
v 0.374539955 2.259653336 -0.315931564
v 0.511312777 2.068677173 -0.397565559
v 0.566626839 2.087287899 -0.476428687
v 0.378766198 2.298764691 -0.365878212
v 0.441414034 2.227813298 -0.465842556
v 0.417879662 2.231048554 -0.442112569
v 0.403419282 2.261831528 -0.396712984
v 0.038097873 2.439161961 0.119591839
v 0.010088655 2.421544234 0.118312978
v 0.037310632 2.444607440 0.156323584
v 0.041412573 2.444511343 0.137211709
v 0.551834989 2.037894199 -0.446233345
v 0.515248984 2.094495152 -0.425984704
v -0.114378342 2.354564838 -0.775398097
v -0.140895944 2.265291009 -0.922325078
v -0.460225886 1.818921865 -1.166090298
v -0.430435017 1.868475727 -1.109038863
v -0.404207451 2.048272642 -0.965877418
v -0.402964438 2.124797642 -0.916001818
v -0.226912417 2.260614303 -0.782431835
v -0.211664796 2.279801610 -0.760406997
v -0.335385985 1.851947096 -1.799410952
v -0.470625758 1.679229304 -1.421152127
v -0.466399515 1.726604975 -1.351241030
v -0.230061383 1.973445349 -1.749890591
v -0.469092709 1.690248392 -1.395006514
v -0.238803905 1.953553334 -1.766657887
v -0.454425161 1.663085060 -1.644171371
v -0.469341312 1.656710646 -1.619233571
v -0.387468214 1.725035395 -1.827901145
v 0.471660675 1.661803771 -1.518345604
v 0.471619241 1.666768766 -1.616533752
v -0.064699271 2.413440079 0.193126378
v 0.476881328 1.634256052 -1.546906846
v 0.480071727 1.628490250 -1.575468087
v -0.380963115 1.898938379 -1.048506084
v 0.479698823 1.647645524 -1.599766456
v -0.417300517 1.881320652 -1.069038916
v 0.470583397 1.706841088 -1.484882061
v -0.466979588 1.718116433 -1.362324496
v -0.427410353 1.865817052 -1.108896768
v -0.327472138 1.866073310 -1.789180060
v -0.458609970 1.815494417 -1.164243053
v -0.635449232 1.966718581 -0.607085708
v 0.424591930 1.705207444 -1.681045212
v 0.351254186 1.808415293 -1.808931366
v 0.239465917 1.956212009 -1.785769762
v 0.481894812 1.880615943 -1.169926882
v 0.502694556 1.818505446 -1.350885790
v 0.469879023 1.897464897 -1.132342562
v -0.399276834 1.706744991 -1.787617007
v -0.092832790 2.402517088 0.043570625
v -0.086742028 2.405464053 0.058774868
v -0.101492444 2.402805378 0.027726952
v -0.063207655 2.410461081 0.179343092
v -0.066232319 2.407289891 0.149502990
v -0.061094534 2.436567350 0.285488600
v -0.061881775 2.437496285 0.268579209
v -0.640048378 1.907138630 -0.496393137
v -0.064906439 2.472539546 0.447690872
v 0.373089774 1.772923581 -1.805236877
v 0.225461309 1.973925833 -1.797918947
v -0.649743877 1.907362856 -0.492201313
v 0.217215991 1.982734696 -1.796355894
v -0.648169394 1.970562448 -0.591881465
v 0.491134539 1.798421237 -1.369287187
v 0.460266392 1.669267280 -1.644668706
v 0.454299932 1.892788191 -1.091632137
v 0.399814545 1.896984413 -1.057031827
v -0.069091249 2.456427333 0.395044406
v -0.449328809 2.161186257 -0.259945847
v -0.069712755 2.466613583 0.434618066
v -0.465819443 2.125502351 -0.264777102
v -0.078828181 2.414977626 0.102114065
v -0.074146167 2.409404018 0.120089174
v -0.064492102 2.423722425 0.223463815
v -0.066273753 2.432691450 0.245559701
v -0.065196476 2.443037861 0.317957474
v -0.068511176 2.449316178 0.361012479
v -0.632093098 1.910790305 -0.501011248
v -0.085416148 2.406585181 0.072487106
v 0.207189023 1.987379370 -1.782785752
v 0.450653761 1.674264309 -1.665698873
v 0.478331509 1.881320652 -1.156996171
v -0.070209960 2.461616555 0.418987536
v -0.612287763 1.880071395 -0.480620511
v -0.082681520 2.411390016 0.088686018
v -0.063829162 2.416322980 0.205914993
v -0.059975823 2.438745542 0.294227487
v -0.175990334 2.351810066 -0.447867446
v -0.198323127 2.379934365 -0.399625947
v -0.204621058 2.369972341 -0.496535233
v -0.141558884 2.269102845 -0.890424587
v -0.250653958 2.297323240 -0.737245394
v -0.093661465 2.363950282 -0.775256001
v -0.073483226 2.369011374 -0.790247100
v -0.621817527 1.877925235 -0.482112516
v -0.610713281 1.883082425 -0.483320330
v -0.630974386 1.880231556 -0.480833655
v -0.656870483 1.961529359 -0.559128400
v -0.107997544 2.402741314 0.010107082
v -0.636775112 1.915402946 -0.502574301
v -0.648500864 1.896183607 -0.486446436
v -0.630767218 1.930201837 -0.519838932
v -0.639468306 1.938754443 -0.530780303
v -0.640255547 1.893204610 -0.484101857
v -0.635987871 1.933821479 -0.525806952
v -0.640089812 1.885388745 -0.481686229
v -0.640918487 1.918349911 -0.504847833
v -0.653307180 1.901404861 -0.488222633
v -0.636816546 1.927126743 -0.511384236
v -0.121256345 2.395341868 -0.041473667
v -0.638639631 1.942662375 -0.536464132
v -0.113052461 2.398801349 -0.012557187
v -0.114046872 2.396815351 -0.021580266
v -0.525194012 2.026266499 -0.834225728
v -0.503399858 2.055095507 -0.833586297
v -0.396956544 2.218844274 -0.857103140
v -0.433625416 2.184441657 -0.903568442
v -0.402964438 2.124797642 -0.916001818
v -0.430725053 2.089434059 -0.911809994
v -0.468471203 2.156317358 -0.915504483
v -0.488069369 2.170795927 -0.697813830
v -0.488069369 2.170795927 -0.697813830
v -0.417673421 2.279257062 -0.793373206
v -0.531781979 2.212597988 -0.883746088
v -0.206775613 2.234315841 -1.079909239
v -0.049203047 2.213847245 -1.447581933
v -0.538867151 2.003683776 -0.777387437
v 0.049119252 2.443165990 0.284920217
v 0.054464206 2.437240027 0.245417605
v 0.031468472 2.455754657 0.240160063
v 0.049865059 2.447202051 0.297993024
v 0.057778906 2.412415048 0.145595357
v 0.049326420 2.441115927 0.269573879
v 0.052475386 2.416098754 0.119662887
v 0.030722665 2.452327208 0.222469145
v 0.051605277 2.413151789 0.142753443
v 0.033374425 2.459598524 0.256643168
v 0.062833824 2.413023660 0.131598928
v 0.053884133 2.426733455 0.221474475
v 0.000807494 2.470905902 0.456856047
v 0.008679908 2.473212223 0.470426189
v 0.000931796 2.463025973 0.413801042
v 0.000600326 2.473660674 0.473054960
v 0.000931796 2.451558434 0.323996542
v 0.029852556 2.443454280 0.286412222
v 0.000931796 2.457260171 0.367548882
v -0.438846069 1.965917775 -1.149180906
v -0.341518181 2.092124766 -1.063923470
v -0.212949242 2.227236718 -1.181365588
v -0.557098003 2.194147423 -0.735398149
v -0.225669405 2.217915339 -1.161401139
v -0.185685832 2.253182826 -1.134473998
v -0.497391963 2.334736887 -0.881543605
v -0.219371474 2.245719316 -1.107191619
v -0.278994646 2.236622162 -0.832449531
v -0.360992045 2.178836017 -0.646090985
v -0.378104186 2.178643823 -0.649003948
v -0.383822044 2.056440861 -1.010211285
v -0.063414824 2.410525146 -0.016677963
v -0.348230449 2.089049672 -1.026268102
v -0.504394268 2.038470779 -0.291349003
v -0.043195152 2.475422447 0.467371131
v -0.550054265 2.015599766 -0.346269001
v -0.614400885 1.902333796 -0.453196036
v -0.274271198 2.329003117 -0.219093326
v -0.317362302 2.309047037 -0.244954748
v -0.384982189 2.247833443 -0.276286856
v -0.252849947 2.340054237 -0.195789627
v -0.403378776 2.220285724 -0.277281526
v -0.184442820 2.371189566 -0.137530379
v -0.356641501 2.275893678 -0.270105692
v -0.205366865 2.362380702 -0.167441529
v -0.158049518 2.382913363 -0.103214261
v -0.164927521 2.377756173 -0.112379435
v -0.008639401 2.473244255 0.474191725
v -0.604746820 1.886862228 -0.478560123
v -0.056619689 2.475646672 0.459697961
v -0.592026658 1.959639458 -0.387192571
v -0.599028962 1.923443036 -0.412840849
v -0.567249273 1.998046103 -0.366588690
v -0.493290022 2.230824328 -0.904492064
v -0.429730643 2.276694483 -0.834367823
v -0.497723433 2.228101588 -0.715788939
v -0.185934435 2.254880534 -1.109465150
v -0.223846320 2.246391993 -1.143497077
v -0.367704313 2.199080387 -0.700158409
v -0.368160085 2.202860190 -0.670673546
v -0.097721973 2.405496086 -0.152876717
v -0.016718983 2.421480169 -0.119057934
v -0.024135625 2.429520259 -0.156926445
v -0.448831604 1.986514500 -0.971348104
v -0.501328170 2.132741636 -0.616961361
v -0.179636504 2.325863959 -0.600833496
v -0.273566824 2.276438226 -0.607298852
v -0.146282332 2.321699768 -0.668044775
v -0.110773605 2.342360558 -0.676570519
v 0.609883678 1.975815734 -0.659874271
v 0.593185875 1.935743413 -0.536677275
v -0.041496368 2.418116785 -0.049217884
v -0.100290865 2.408314922 -0.019590925
v -0.405160427 1.934045705 -1.036498995
v -0.044976804 2.437976768 0.000586668
v -0.064243499 2.414176820 0.024813989
v -0.135592424 2.412671305 -0.105345697
v -0.629317036 1.951118884 -0.544705684
v -0.142138957 2.413504143 -0.119271078
v -0.475556375 2.090683316 -0.274226468
v -0.652602806 1.965789646 -0.569927676
v -0.070002791 2.419173848 0.085844104
v -0.051233301 2.424779489 0.201652121
v -0.051979108 2.416483141 0.171954114
v -0.068138272 2.422665362 0.100053677
v -0.631430158 1.963547390 -0.558702113
v -0.068594043 2.414304949 0.070213574
v -0.211996266 2.362989315 -0.520194171
v -0.221360294 2.331565696 -0.603035980
v -0.011249728 2.446561406 0.275612947
v -0.117403006 2.406585181 -0.048223214
v -0.008597968 2.430929677 0.190639702
v -0.146282332 2.411582210 -0.137175139
v -0.172178428 2.367986343 -0.296464449
v -0.190243545 2.385892360 -0.363036297
v -0.181459589 2.396302835 -0.269466261
v -0.166419137 2.324678766 -0.698311165
v -0.026745952 2.428655389 0.188153027
v -0.175824599 2.403125700 -0.249217620
v -0.345827291 2.273331099 -0.412982945
v -0.346117328 2.264842558 -0.446091250
v -0.488690875 2.173967117 -0.436002453
v -0.454176558 2.157566615 -0.581792669
v -0.415353131 2.209170540 -0.466837226
v -0.008017895 2.426605326 0.145879549
v -0.084877509 2.399441994 -0.313800128
v -0.086079088 2.402292862 -0.334830295
v -0.382827634 2.243829414 -0.423924316
v -0.558299582 2.085269869 -0.554297146
v -0.226995285 2.319553609 -0.648861852
v -0.215020930 2.290500375 -0.670886689
v -0.162317195 2.387173649 -0.119768413
v -0.296313955 2.270672424 -0.576250935
v -0.131656217 2.398993543 -0.076926551
v -0.139362895 2.394509030 -0.087938970
v -0.257283359 2.249595216 -0.676783662
v -0.178683528 2.367185537 -0.330638472
v -0.156184999 2.358248544 -0.486659580
v -0.294988075 2.272914680 -0.559838879
v -0.307832539 2.292037922 -0.600051970
v -0.303233392 2.264137849 -0.639270390
v -0.305595116 2.291044923 -0.591668322
v -0.153367504 2.388775261 -0.117850121
v -0.175493129 2.367537891 -0.313515936
v -0.267931834 2.264906622 -0.626126536
v -0.239632580 2.286784636 -0.624492435
v -0.297722703 2.228389879 -0.659234840
v -0.130123168 2.366801150 -0.481046798
v -0.177523383 2.334704854 -0.569501388
v -0.149182695 2.375545949 -0.351242352
v -0.126062660 2.386725198 -0.329856945
v -0.145495091 2.377019432 -0.306269054
v 0.061466510 2.412671305 0.174369742
v 0.071990684 2.413792434 0.125417764
v 0.062295185 2.409564179 0.145666405
v 0.083260665 2.413504143 0.086909822
v 0.077418506 2.415169819 0.100479964
v 0.083757870 2.409564179 0.072416058
v 0.091091644 2.404214796 0.042007572
v 0.063745367 2.433332095 0.246199132
v 0.058027509 2.425324037 0.218490465
v 0.063745367 2.419430106 0.189147697
v 0.087901245 2.406104698 0.057496006
v 0.099254094 2.405528118 0.024600846
v 0.033001521 2.461584523 0.398454703
v 0.027988037 2.475678704 0.466447508
v 0.029396785 2.459406331 0.383108365
v 0.032089979 2.484807890 0.446269915
v 0.052102482 2.468695678 0.416998195
v 0.011911741 2.469496484 0.453445749
v 0.042241248 2.477600638 0.461118919
v 0.013859127 2.462833780 0.413587898
v 0.029645387 2.442333152 0.307300294
v 0.050445132 2.447105954 0.321083580
v 0.031178436 2.466741712 0.327904175
v 0.050320830 2.456491398 0.364493824
v 0.009840053 2.454633528 0.364920111
v 0.034161666 2.481636700 0.419555918
v 0.032007111 2.471194192 0.358241612
v 0.072405021 2.389768260 -0.677636237
v 0.134721387 2.367666020 -0.681614917
v 0.143795379 2.360234543 -0.649501283
v 0.159374471 2.345147362 -0.645948889
v 0.127926252 2.375930336 -0.617103457
v 0.135218592 2.361355671 -0.602964932
v 0.054629941 2.380735171 -0.641117635
v 0.064739777 2.379325753 -0.614829925
v 0.051936747 2.466004971 0.395541741
v 0.441621203 2.201450772 -0.602396549
v 0.412783310 2.222720174 -0.619519084
v 0.095939394 2.389191680 -0.604314841
v 0.000931796 2.442685506 0.251811913
v 0.011621704 2.433620385 0.204849275
v 0.053718398 2.477440477 0.450461739
v 0.033332991 2.424779489 0.202788887
v 0.010130089 2.448355211 0.324280734
v 0.000931796 2.447426276 0.279875819
v 0.012864717 2.439834638 0.250106764
v 0.113465872 2.401748315 -0.665842291
v 0.398405798 2.221759207 -0.646943560
v 0.114335980 2.404374958 -0.645948889
v 0.107955182 2.400883444 -0.628897402
v 0.582993172 1.958230039 -0.567725192
v 0.424219026 2.209522894 -0.637707337
v -0.016014610 2.419814493 0.023393032
v -0.028071832 2.423017716 -0.012059852
v -0.055003772 2.436759543 -0.220727427
v -0.042987984 2.434164933 -0.293054152
v -0.079698290 2.414208853 -0.220230092
v -0.067102428 2.450821693 -0.239626158
v -0.054962338 2.407289891 0.060551065
v -0.050570360 2.418084753 0.052096369
v -0.050280324 2.416419077 0.092238412
v -0.009840980 2.413408047 0.059769538
v -0.006650581 2.415009658 0.079591892
v -0.007023485 2.414625272 0.020480070
v 0.000848928 2.431442193 0.171101540
v 0.009550017 2.426541262 0.145879549
v 0.497556771 2.176785954 -0.529998776
v 0.012450379 2.433556320 0.225666299
v 0.010378692 2.430929677 0.190639702
v 0.028568110 2.428655389 0.188153027
v 0.013071886 2.446561406 0.275612947
v 0.355066091 2.245655251 -0.643462214
v 0.577441049 1.959991812 -0.590673652
v 0.572054661 2.007463579 -0.648648708
v 0.569817238 1.972035931 -0.621934712
v 0.581170086 2.000096166 -0.617671840
v 0.561861957 1.981485439 -0.652414245
v -0.123576635 2.369619987 -0.448151638
v -0.263415555 2.255713372 -0.647796134
v -0.322085750 2.211604989 -0.657955978
v -0.120386236 2.385443909 -0.356926181
v -0.129915999 2.387718197 -0.220727427
v -0.101326709 2.402292862 -0.220585331
v -0.106920266 2.394412934 -0.256322406
v -0.113093895 2.399474026 -0.023214366
v -0.112555256 2.400627186 -0.013693953
v -0.101160974 2.406777375 -0.203604892
v -0.254838768 2.300718657 -0.526375335
v -0.624800757 1.897240671 -0.484386048
v -0.258650673 2.321347414 -0.472378959
v -0.129045891 2.396142674 -0.202183934
v -0.203833816 2.359529834 -0.313018601
v -0.244397462 2.331085212 -0.386339996
v -0.123410900 2.386500972 -0.253409444
v 0.059436256 2.440154960 0.270284357
v -0.073814696 2.366448796 -0.725309353
v -0.068842646 2.361964283 -0.698524308
v -0.365591192 2.215064470 -0.548826460
v -0.115248450 2.341463655 -0.713657503
v -0.161819990 2.319393448 -0.631597221
v -0.010586788 2.427982712 -0.263143001
v -0.016511815 2.433300062 -0.187832266
v -0.117195837 2.395405933 -0.148400702
v -0.141351715 2.350688938 -0.553586667
v -0.134390845 2.328939053 -0.632378747
v -0.359500430 2.216730146 -0.528009436
v -0.023555553 2.422313007 -0.082184093
v -0.204621058 2.362925250 -0.168223056
v -0.290720399 2.347774005 -0.414545998
v -0.631554459 1.945289018 -0.544989875
v -0.646429177 1.963675519 -0.579092850
v -0.431222258 2.197735033 -0.270318835
v -0.650448251 1.955603396 -0.552378853
v -0.028361868 2.474749770 0.472486577
v -0.151088648 2.386084553 -0.093338608
v -0.146862405 2.391081582 -0.080834184
v -0.475804978 2.087127738 -0.271029314
v -0.271329402 2.375001401 -0.256109263
v -0.278165971 2.368242601 -0.272237128
v -0.189746340 2.224449914 -1.334473734
v -0.235903542 2.347806037 -0.212414827
v -0.174208682 2.167528639 -1.356285428
v -0.209841711 2.148405397 -1.337031457
v -0.083344460 2.409980598 -0.118418503
v -0.063083354 2.449604468 -0.121331466
v -0.072198780 2.415650303 -0.081686758
v -0.089103752 2.402356927 -0.293622535
v -0.062627583 2.427406132 -0.298666933
v -0.091506909 2.401876443 -0.259448512
v -0.038886042 2.438649445 0.041865476
v -0.125358286 2.188477718 -1.381649515
v -0.088855149 2.208593960 -1.379518079
v -0.147525345 2.197799098 -1.339731276
v -0.283096588 2.328362473 -0.252770013
v -0.298178474 2.323653735 -0.284741552
v -0.287571433 2.356454739 -0.395718314
v 0.087776944 2.403413991 -0.353231692
v 0.067598706 2.408250858 -0.434155209
v 0.044975876 2.414336981 -0.426410991
v 0.060306365 2.425035747 -0.352023878
v 0.042241248 2.424907618 -0.359341808
v 0.075305384 2.438297091 -0.393942118
v 0.070001864 2.438745542 -0.373906620
v 0.106214965 2.382400847 -0.551171040
v 0.056121556 2.402036605 -0.522822942
v 0.056660195 2.403926506 -0.496535233
v 0.105054819 2.383233685 -0.692982575
v 0.072819359 2.406392988 -0.480833655
v 0.082473424 2.420871557 -0.506908221
v 0.091754584 2.409660276 -0.550815800
v 0.088191282 2.420583267 -0.526943718
v 0.065444151 2.399474026 -0.551668375
v 0.321960522 2.321699768 -0.527227910
v 0.332236093 2.273299067 -0.505558311
v 0.308826022 2.331501631 -0.499021908
v 0.316615567 2.331277406 -0.512876241
v 0.092086054 2.407514116 -0.391384395
v 0.090470138 2.402420991 -0.417885248
v 0.037517800 2.419462138 -0.391384395
v 0.081561881 2.417988656 -0.363107345
v 0.074725312 2.429840581 -0.420087732
v 0.088066980 2.390793291 -0.560549358
v 0.111311316 2.387622101 -0.515860251
v 0.128340589 2.364975313 -0.511597380
v 0.094944983 2.398993543 -0.488933111
v 0.101450083 2.384963425 -0.467050369
v 0.098591154 2.387077553 -0.448506877
v 0.069546092 2.402453024 -0.447228015
v 0.106090663 2.386949424 -0.386055805
v 0.098756889 2.388454939 -0.425132130
v 0.267226533 2.346204425 -0.335540774
v 0.307127238 2.329163278 -0.342432417
v 0.274021668 2.372631016 -0.276428952
v 0.288316313 2.330860987 -0.374261860
v 0.292128219 2.334352500 -0.297672263
v 0.281935515 2.334416564 -0.255398784
v 0.267309400 2.347774005 -0.359270760
v 0.215392906 2.361451768 -0.163604945
v 0.237850001 2.348831068 -0.206304711
v 0.042282682 2.441948765 0.022398362
v 0.045473081 2.437528317 0.000302476
v 0.039548054 2.438168962 0.041652333
v 0.288440615 2.364398733 -0.406872829
v 0.282018383 2.363597927 -0.387760954
v 0.294862846 2.354917192 -0.427121470
v 0.291631014 2.322372445 -0.450425169
v 0.093826272 2.410140759 0.004139061
v 0.143256741 2.413151789 -0.120336796
v 0.146322838 2.412094725 -0.137388283
v 0.058358979 2.418885558 -0.008365363
v 0.153946649 2.387301778 -0.200336690
v 0.168407029 2.401395960 -0.228045357
v 0.171928898 2.374969369 -0.296038162
v 0.181831566 2.399506058 -0.268897878
v 0.220074921 2.332558695 -0.564385942
v 0.188170930 2.397520060 -0.361473244
v 0.223928260 2.359145447 -0.545060923
v 0.195670439 2.397584124 -0.379164162
v 0.196996320 2.368402762 -0.423000694
v 0.199855249 2.390985485 -0.398631277
v 0.248498476 2.333071211 -0.620513754
v 0.214647099 2.375802207 -0.505629359
v 0.258069673 2.331886018 -0.641046587
v 0.177646756 2.404214796 -0.248507141
v 0.010337258 2.420903589 0.099911581
v 0.033871630 2.413664305 0.075471116
v 0.197700693 2.360074382 -0.474794586
v 0.000641759 2.417315979 0.060977352
v 0.056328725 2.437464252 -0.219164374
v 0.073689468 2.448130986 -0.285878318
v 0.071990684 2.454601496 -0.261366805
v 0.037932138 2.439418219 -0.231029367
v 0.091174512 2.410717339 -0.055612192
v 0.135094291 2.396334867 -0.079342179
v 0.157012747 2.388134616 -0.108329707
v 0.042697020 2.417315979 -0.049857315
v 0.137621750 2.411518145 -0.106837702
v 0.109156761 2.403413991 -0.021296074
v 0.222768115 2.368434794 -0.531206590
v 0.317444242 2.284958799 -0.578027132
v 0.343133170 2.279961771 -0.638702007
v 0.332940466 2.301231173 -0.596996912
v 0.339321264 2.301038979 -0.607867235
v 0.313839506 2.286688540 -0.562680793
v 0.187507990 2.358825125 -0.453338132
v 0.308328817 2.298316240 -0.546268737
v 0.120178140 2.403990571 -0.049715220
v 0.076175493 2.401972540 0.024387702
v 0.086741100 2.405944537 0.022114170
v 0.259354119 2.292902792 -0.672094503
v 0.263124591 2.321923994 -0.655185112
v 0.164512256 2.385572038 -0.121047274
v 0.156101204 2.387141617 -0.119555269
v 0.173171911 2.377019432 -0.312876506
v 0.053014024 2.415073723 0.094085656
v 0.056660195 2.406168762 0.059911634
v 0.175285032 2.378589011 -0.329501706
v 0.122374129 2.395918448 -0.081544662
v 0.142220897 2.391690194 -0.090851932
v 0.011290234 2.413215853 0.059627442
v 0.033830196 2.414369014 0.100551012
v 0.008099835 2.414849497 0.079520844
v 0.075553987 2.420166848 -0.120194700
v 0.073772335 2.431666419 -0.230176793
v 0.086451064 2.408859470 -0.119200030
v 0.095152152 2.404471054 -0.258169651
v 0.047586203 2.435125900 -0.291562147
v 0.083550701 2.425324037 -0.258098603
v 0.093453368 2.405976569 -0.292841008
v 0.080733206 2.425740456 -0.285665174
v 0.081106110 2.415394045 -0.218951230
v 0.035694715 2.433364127 -0.261366805
v 0.008348438 2.414465110 0.020409022
v 0.062502354 2.446209052 -0.143001064
v 0.080318868 2.415938593 -0.154368722
v 0.051853879 2.429007743 -0.084244481
v 0.034493136 2.432307063 -0.120763083
v 0.065154114 2.409147760 -0.017530537
v 0.042199815 2.421768459 -0.018667303
v 0.017132394 2.419558235 0.023250936
v 0.019659853 2.419814493 0.052593704
v 0.065651319 2.413023660 0.024174558
v 0.051895313 2.417187850 0.051599034
v 0.390657686 2.242355931 -0.532130212
v 0.351005583 2.270736488 -0.552520949
v 0.390906288 2.232682198 -0.597778438
v 0.002506278 2.425484198 -0.309537256
v 0.027739435 2.421768459 -0.303995523
v 0.030225460 2.418949623 -0.349821395
v 0.003252086 2.419301977 -0.348755677
v 0.003003483 2.411838467 -0.394226309
v 0.067267236 2.396270803 -0.454190706
v 0.067598706 2.396495029 -0.459377200
v 0.020364226 2.410525146 -0.391881730
v 0.021855841 2.422569265 -0.082965620
v 0.000973229 2.434004772 -0.158063211
v 0.118355054 2.395950481 -0.148542798
v 0.026454988 2.429071808 -0.157068541
v 0.059726293 2.430769516 -0.159697312
v 0.068800285 2.422537233 -0.093551751
v 0.074020938 2.414401046 -0.082610380
v 0.036979162 2.435125900 -0.148898037
v 0.091920319 2.406681278 -0.089146784
v 0.068468815 2.410525146 -0.316926234
v 0.029065315 2.422601297 -0.012344043
v 0.034078799 2.420134815 0.063819266
v 0.001760471 2.434741513 -0.219732757
v 0.344459050 2.263625333 -0.585629253
v 0.402134836 2.234347874 -0.570638154
v 0.355397561 2.255553211 -0.606659421
v 0.351502788 2.249883506 -0.627121206
v 0.394718194 2.234283809 -0.547263407
v 0.337291011 2.273587357 -0.525096474
v 0.019742720 2.432755514 -0.187690170
v 0.102237324 2.406328924 -0.020940835
v -0.000311217 2.422505200 -0.081047327
v 0.015806513 2.427790519 -0.262361475
v 0.016966658 2.421287976 -0.119271078
v 0.023347457 2.431121871 -0.218880182
v 0.002133375 2.430353097 -0.263995576
v -0.000269783 2.426445165 -0.119413174
v 0.001511868 2.435254029 -0.189040080
v 0.430309788 2.213847245 -0.542005865
v 0.058358979 2.417187850 -0.337388019
v 0.050942337 2.425452166 -0.189324271
v 0.050652300 2.426573294 -0.204031179
v 0.111269883 2.398416962 -0.093409656
v 0.096933804 2.402741314 -0.120834131
v 0.034534570 2.432018773 -0.089786214
v 0.067018633 2.412799434 -0.051349320
v 0.046467491 2.418341010 -0.068116616
v 0.041536875 2.415105755 -0.031384871
v 0.021192901 2.417155818 -0.019804069
v 0.059436256 2.421191879 -0.172343832
v 0.060720703 2.447266115 -0.104706266
v 0.062833824 2.449508371 -0.121544609
v 0.072612190 2.428078809 -0.149253276
v 0.091008777 2.408955567 -0.018027872
v 0.107623712 2.396687222 -0.122610327
v 0.020115624 2.420935621 -0.049004741
v 0.108410954 2.404983570 -0.062148596
v 0.099336961 2.405752343 -0.152805669
v 0.067101501 2.452615498 -0.237139483
v 0.000600326 2.416387044 0.021545788
v 0.000558892 2.418949623 -0.027406190
v 0.295318618 2.317247288 -0.475291921
v 0.364678722 2.275317097 -0.481046798
v 0.067805875 2.428975711 -0.297388071
v 0.030888400 2.401556121 -0.434297304
v 0.005489509 2.385027490 -0.517423304
v 0.024590469 2.383521975 -0.517636448
v 0.006111015 2.396879415 -0.481686229
v 0.178268263 2.381952396 -0.143924686
v 0.016179417 2.386052521 -0.729572225
v 0.169028536 2.379421849 -0.177530326
v 0.055624351 2.379774204 -0.684598927
v 0.098922624 2.405207796 -0.167086290
v 0.124155780 2.396975512 -0.182006341
v 0.038263608 2.372342726 -0.637494194
v 0.068883152 2.382753201 -0.725664592
v 0.012533247 2.379582010 -0.680620247
v 0.086823968 2.375065466 -0.580869047
v 0.275098946 2.306260233 -0.536464132
v 0.197120621 2.366961311 -0.282254877
v 0.244562269 2.352706968 -0.327583413
v 0.223058151 2.355750030 -0.216038268
v 0.120758212 2.396270803 -0.163960184
v 0.100497107 2.406296891 -0.184635112
v 0.147565851 2.387654133 -0.181224815
v 0.239507351 2.318977029 -0.554865528
v 0.247876969 2.351425679 -0.363604680
v 0.262171615 2.314556581 -0.509963279
v 0.215020003 2.361515832 -0.377459014
v 0.241206135 2.352803065 -0.291135859
v 0.198529368 2.369780148 -0.312023931
v 0.177522455 2.375097498 -0.207654620
v 0.222726681 2.353860129 -0.244173222
v 0.146032802 2.387013488 -0.164670663
v 0.161321857 2.385860328 -0.145061452
v 0.244645137 2.341848042 -0.393657926
v 0.218044667 2.357095384 -0.408933217
v 0.201678334 2.371702082 -0.342432417
v 0.195131801 2.365904248 -0.244812652
v 0.199358044 2.373047435 -0.171420210
v 0.004246496 2.406489085 -0.437849697
v 0.031178436 2.396366900 -0.457743099
v 0.030556930 2.392138645 -0.479981080
v 0.007892666 2.380414848 -0.558417922
v 0.016676622 2.371894275 -0.596570624
v 0.125647395 2.363854185 -0.575753600
v 0.044644406 2.377115529 -0.562467650
v 0.014480633 2.376090497 -0.636215332
v 0.047088998 2.370869244 -0.600620353
v 0.119763802 2.364719055 -0.559128400
v 0.111062714 2.396655190 -0.255540880
v 0.148643129 2.387301778 -0.325167786
v 0.128050553 2.394188708 -0.328435988
v 0.132608266 2.382528976 -0.414545998
v 0.162647737 2.366544892 -0.447228015
v 0.339942771 2.251356988 -0.655966638
v 0.284587275 2.282620446 -0.652556341
v 0.141433655 2.372631016 -0.478346980
v 0.280361033 2.289122989 -0.628400067
v 0.169732909 2.363565895 -0.489146255
v 0.145038392 2.360907220 -0.513160433
v 0.289725061 2.292326212 -0.578595515
v 0.128423457 2.388006487 -0.252912109
v 0.151336323 2.384867329 -0.349181964
v 0.151336323 2.375033434 -0.376180152
v 0.126103166 2.382721169 -0.381935029
v 0.133436941 2.377051464 -0.444244005
v 0.124694419 2.391017517 -0.307121629
v 0.122912767 2.391177678 -0.288933376
v 0.129873638 2.396527061 -0.201047169
v 0.146820043 2.384258716 -0.306055911
v 0.102361625 2.407033633 -0.202397078
v 0.146032802 2.382528976 -0.282752212
v 0.132981170 2.387878358 -0.219519613
v 0.103438903 2.402965539 -0.219306470
v 0.236275518 2.330957083 -0.513089385
v 0.263704663 2.331021148 -0.432094820
v 0.216304449 2.348831068 -0.457316812
v 0.224508332 2.346236458 -0.485735957
v 0.275306115 2.324486573 -0.481970421
v 0.005696677 2.399986542 -0.460585014
v 0.125357359 2.392074581 -0.353942171
v 0.165838137 2.374681079 -0.409004265
v 0.163476413 2.356166449 -0.516144443
v 0.353325873 2.246648250 -0.659732175
v 0.305718490 2.263080785 -0.673160221
v 0.311104878 2.263721430 -0.647298799
v 0.303646802 2.288097958 -0.603249123
v 0.307458708 2.273619389 -0.626552823
v 0.270292630 2.326760861 -0.459021961
v 0.608474930 1.952720496 -0.496535233
v 0.576322337 1.944296019 -0.535043175
v 0.007892666 2.427406132 0.172735641
v 0.362275564 2.278360159 -0.464989981
v 0.000766061 2.427406132 0.146234788
v 0.597909323 1.972196092 -0.529998776
v 0.413984889 2.256065726 -0.473160486
v 0.609717943 1.919246814 -0.514368246
v 0.271701378 2.290019892 -0.679341385
v 0.585272028 1.988276272 -0.559057352
v 0.541932321 2.111087847 -0.573693212
v 0.606941881 1.900892345 -0.502361157
v 0.240626062 2.322532606 -0.686588267
v 0.565300959 2.053301702 -0.584989823
v 0.587385150 2.051315704 -0.554652385
v 0.398944436 2.266636363 -0.433657873
v 0.398447231 2.254912566 -0.500229722
v 0.357510682 2.286176024 -0.436215597
v 0.612659740 1.927350968 -0.476926022
v 0.414606395 2.246872476 -0.494332749
v 0.537664645 2.145234206 -0.534190600
v 0.203169949 2.335601757 -0.695185059
v 0.454217064 2.196806098 -0.529359346
v 0.471577807 2.178483662 -0.564172799
v 0.511519946 2.159840903 -0.606943612
v 0.478870148 2.201322643 -0.493835414
v 0.401140425 2.258340015 -0.450496217
v 0.504393340 2.151000008 -0.561899267
v 0.416180878 2.247993604 -0.591384130
v 0.382039465 2.283100930 -0.511526332
v 0.090055801 2.403285862 -0.312947554
v 0.440378190 2.206639993 -0.575398361
v 0.425669208 2.216762179 -0.584137248
v 0.474188134 2.175472632 -0.590602604
v 0.441248299 2.195973260 -0.629678929
v 0.556972774 2.062334791 -0.633444465
v 0.410090116 2.222207658 -0.611561724
v 0.589622572 2.026266499 -0.515860251
v 0.447297627 2.217274694 -0.494190653
v 0.091050211 2.406489085 -0.332840955
v 0.267392268 2.343769976 -0.311029261
v 0.263414627 2.334704854 -0.222148384
v 0.328962826 2.281467286 -0.488009489
v 0.263124591 2.374681079 -0.238915680
v 0.269049618 2.377756173 -0.255611928
v 0.290222266 2.315773806 -0.461508636
v 0.320096003 2.307349329 -0.440478468
v 0.353284440 2.266988717 -0.512023667
v 0.308121648 2.314940968 -0.410425222
v 0.327139741 2.291909793 -0.466553034
v -0.377068342 1.772987646 -1.775325727
v -0.347650377 1.937120799 -1.494260379
v -0.398655328 1.962330165 -1.483603199
v -0.318646749 2.058715149 -1.287440048
v -0.370066037 2.104873594 -1.421365271
v -0.360702009 2.095456118 -1.343354717
v -0.408433694 2.071784300 -1.335539452
v -0.448251531 1.999679747 -1.411134379
v -0.339115023 1.875330625 -1.716427048
v -0.447049952 2.040681003 -1.414686772
v -0.398655328 2.069445947 -1.312662040
v -0.398655328 2.069445947 -1.312662040
v -0.302984790 1.979915860 -1.604384567
v -0.346780268 1.867706954 -1.651489301
v -0.367828615 1.914217754 -1.656604747
v -0.306838129 2.002850938 -1.708185496
v -0.302860488 2.016240410 -1.643034605
v -0.395879266 1.964924776 -1.655610077
v -0.369983170 1.947371113 -1.610352588
v -0.364058143 2.044268613 -1.671737942
v -0.381460320 1.931835481 -1.654189119
v -0.385147924 2.061662114 -1.623283299
v -0.387219612 2.001281358 -1.591809095
v -0.409220935 2.029854109 -1.592164335
v -0.425007195 2.024632855 -1.610778875
v -0.443445216 2.057081505 -1.620654528
v -0.443569517 2.055319733 -1.605095046
v -0.330372501 1.867098341 -1.787617007
v -0.365632626 1.819914864 -1.693265444
v -0.403213041 1.803674523 -1.689855147
v -0.418709265 1.780739446 -1.755645468
v -0.365632626 1.819914864 -1.693265444
v -0.476509351 1.696174355 -1.557777169
v -0.485169006 1.732947356 -1.619304618
v -0.391735891 1.819690639 -1.755219181
v -0.377068342 1.772987646 -1.775325727
v -0.453057847 1.703061285 -1.634935148
v -0.428363329 1.835995045 -1.708327591
v -0.418709265 1.780547252 -1.700512326
v -0.391362987 1.744094573 -1.767155222
v -0.468471203 1.681791883 -1.599624360
v -0.471205831 1.660041998 -1.619162523
v -0.452104870 1.770649293 -1.560903275
v -0.442989444 1.739001448 -1.638345446
v -0.454176558 1.868507759 -1.254047553
v -0.516534358 1.775934611 -1.576036470
v -0.478829642 1.769143778 -1.598558642
v -0.474023326 1.734965387 -1.433017120
v -0.468015432 1.729519908 -1.352946178
v -0.462919080 1.874081368 -1.191312289
v -0.468885541 1.722152494 -1.363674406
v -0.346365930 2.104104821 -0.975255736
v -0.431678030 1.905088568 -1.279766879
v -0.258194902 2.290436311 -0.758133466
v -0.117817343 2.341687881 -0.751099727
v -0.503482725 1.805019877 -1.353372466
v -0.476260749 1.857104285 -1.340725946
v -0.470832927 1.765460071 -1.372839580
v -0.473774724 1.777119803 -1.330281910
v -0.482434378 1.813732644 -1.312093657
v -0.452643509 1.843842941 -1.384917717
v -0.467435359 1.783013734 -1.393656604
v -0.459894416 1.836571625 -1.302786387
v -0.473774724 1.777119803 -1.330281910
v -0.464576430 1.744671153 -1.364384884
v -0.468471203 1.767221844 -1.276498677
v -0.452643509 1.843842941 -1.384917717
v -0.458775705 1.816391319 -1.394864418
v -0.467435359 1.783013734 -1.393656604
v -0.445434036 1.863382602 -1.358985247
v -0.124612479 2.244886478 -1.276782869
v -0.114709812 2.251773407 -1.263283775
v -0.443818120 1.908227726 -1.389820020
v -0.208267228 2.292262148 -0.724669922
v -0.157137976 2.320546608 -0.833444201
v -0.085084678 2.333167307 -0.871170616
v -0.178932130 2.259845530 -0.897742517
v -0.103605566 2.324935024 -0.879270073
v -0.125689756 2.356166449 -0.855042751
v -0.222147536 2.216762179 -0.915859723
v -0.313011758 2.192481747 -0.817387384
v -0.367207108 2.195684970 -0.769430076
v -0.322707257 2.179764951 -0.844953955
v -0.478083834 2.135272182 -0.672733934
v -0.549018421 2.035555846 -0.683249018
v -0.160867014 2.264650364 -0.919696307
v -0.228942671 2.189278524 -0.948825931
v -0.218915703 2.242035609 -0.945131442
v -0.439011804 2.210227603 -0.723320013
v -0.478083834 2.135272182 -0.672733934
v -0.425918738 2.175056213 -0.711455019
v -0.528094375 2.079311874 -0.697103351
v -0.530414665 2.120056872 -0.720620194
v -0.408392260 2.164741835 -0.651632718
v -0.370231772 2.206704058 -0.684243688
v -0.602799434 2.306708684 -0.834225728
v -0.219951547 2.238992547 -1.169997930
v -0.566379164 1.979499441 -0.643249071
v -0.553990471 1.986546532 -0.691916857
v -0.614152282 2.287745603 -0.793586350
v -0.588960560 2.286304153 -0.763391008
v -0.563561669 2.320738801 -0.873017861
v -0.518937516 2.310584584 -0.736890155
v -0.485086139 2.323813896 -0.738311112
v -0.468968408 2.339605786 -0.768151215
v -0.189083400 2.241106674 -1.172768797
v -0.452933545 2.254944598 -0.726090879
v -0.462587610 2.249082700 -0.895042699
v -0.425587268 1.859730928 -1.459731117
v -0.463954924 1.814405321 -1.421365271
v -0.282267913 2.150935943 -1.162040569
v -0.303150525 2.112753523 -1.074154362
v -0.312431686 2.085814417 -1.272804188
v -0.318646749 2.058715149 -1.287440048
v -0.129957433 2.063007468 -1.633727335
v -0.365798361 2.060605051 -1.151383390
v -0.417673421 1.939042733 -1.331489724
v 0.106712170 2.370132502 -0.707121100
v 0.185974941 2.328330440 -0.674581178
v 0.200435321 2.325447539 -0.642254401
v 0.115910463 2.375449853 -0.724385731
v 0.199233742 2.338837012 -0.580655903
v 0.157965723 2.356518804 -0.553799811
v 0.252310381 2.305907878 -0.580158568
v 0.270955570 2.305651621 -0.605664751
v 0.189579678 2.348670907 -0.554936576
v 0.225544176 2.321347414 -0.579021802
v 0.180132782 2.334865016 -0.643959549
v 0.220447824 2.313563582 -0.667476392
v 0.151709226 2.352450711 -0.717423040
v 0.146488573 2.351201453 -0.688577607
v 0.173959152 2.345307523 -0.608506665
v 0.236441253 2.322020091 -0.592449848
v 0.164760859 2.351105357 -0.576606175
v 0.208473469 2.332814953 -0.605309512
v -0.132319157 2.395373901 -0.056109527
v -0.140315872 2.392875386 -0.068471855
v -0.654135855 1.962137972 -0.569572436
v -0.169982439 2.019155343 -1.722324020
v -0.167082077 2.020756955 -1.635716675
v -0.162234327 2.076973521 -1.556924594
v -0.147856815 2.092220863 -1.562679471
v -0.052061976 2.268013749 -1.302431148
v -0.185644398 2.207921283 -1.228257178
v -0.173338574 2.295657564 -0.782360787
v -0.166584872 2.306612587 -0.768435406
v -0.225006465 2.192994263 -1.165877154
v -0.266605954 2.213719117 -0.756215173
v -0.149182695 2.257058726 -1.110175629
v -0.164596051 2.225667139 -1.192520103
v -0.147359610 2.244341930 -1.053337338
v -0.316285025 2.202091417 -0.723177917
v -0.070251394 2.352963226 -0.749891914
v -0.042449345 2.365583925 -0.770851033
v -0.236193578 2.220445885 -0.827405133
v -0.255211671 2.212533924 -0.803817242
v -0.253927225 2.247513121 -0.699092691
v -0.318025242 2.197030324 -0.681757013
v -0.192646703 2.297419337 -0.717565136
v -0.232174504 2.173774924 -1.173976610
v -0.174125815 2.216858275 -1.042324919
v -0.242367208 2.174479633 -0.981721092
v -0.203212310 2.221278723 -0.871810047
v -0.249783850 2.343577782 -0.321899584
v 0.256578058 2.231240747 -1.154580544
v 0.307251539 2.234411938 -1.149607193
v -0.199524706 2.360971284 -0.283462690
v -0.246883487 2.345755974 -0.287654514
v -0.148436887 2.386052521 -0.181793198
v -0.223970621 2.353507774 -0.221011618
v -0.099752226 2.406072666 -0.185558734
v -0.171308320 2.376955367 -0.178169757
v 0.061259342 2.442237055 0.283286116
v -0.020696624 2.421864556 -0.304706001
v -0.013114247 2.410300920 -0.396215649
v -0.340565205 2.217755178 -0.590957843
v 0.059684859 2.440987798 0.296927306
v -0.034949835 2.374488886 -0.726730310
v -0.016636116 2.371573953 -0.589750029
v 0.588172391 1.940131829 -0.545842450
v 0.062005149 2.473948964 0.439307224
v 0.058856184 2.445792633 0.319307383
v 0.061673679 2.452391272 0.362717628
v 0.061383643 2.423562264 0.204991371
v -0.176943310 2.382785234 -0.143995734
v -0.124363876 2.395950481 -0.182929963
v -0.318853918 2.241811383 -0.584634583
v -0.359666165 2.223360818 -0.515149773
v 0.518605118 2.171340475 -0.492272361
v -0.078123807 2.416322980 -0.154368722
v -0.051647638 2.429616356 -0.083605050
v -0.406444873 1.914377915 -1.045024738
v -0.405574765 2.070983494 -1.407866177
v -0.441912167 2.042795130 -1.459517974
v -0.359127526 2.147316301 -0.890424587
v -0.501162435 2.020981181 -0.896321560
v -0.382081826 1.908580081 -1.472946020
v -0.385272225 1.907715211 -1.544491218
v -0.308951250 2.118006809 -1.154864735
v -0.335344552 2.101574275 -1.142360311
v -0.406983512 1.961401230 -1.326658469
v -0.382537597 2.027804046 -1.277990682
v -0.059437184 2.220798240 -1.410139708
v 0.079655928 2.097890568 -1.690352482
v 0.075512553 2.146835818 -1.668043453
v -0.007354955 2.075692232 -1.772199621
v 0.234908204 2.263016721 -1.160406469
v 0.252268947 2.259813497 -1.142999742
v 0.450570894 2.066082562 -1.610707827
v 0.422644544 2.092573218 -1.626764644
v 0.408184164 2.070887397 -1.668469740
v 0.415849408 2.048689061 -1.601471605
v 0.599649541 2.199656967 -0.811632507
v 0.564223681 2.255168824 -0.770069507
v 0.587675186 2.222335787 -0.785486893
v 0.564223681 2.255168824 -0.770069507
v 0.516160526 2.282908736 -0.905131495
v 0.214439930 2.312602615 -0.898737188
v 0.267267966 2.244534123 -0.946126112
v 0.215724376 2.288162022 -0.871312712
v 0.196954886 2.296874789 -0.884101328
v 0.165755269 2.368370729 -0.841046322
v 0.131282386 2.341399591 -0.866765649
v 0.148021622 2.338228400 -0.858950384
v 0.502735990 2.157534583 -0.708826249
v 0.395256832 2.220541982 -0.771845703
v 0.529004990 2.060765212 -0.830247047
v 0.399027304 2.194499778 -0.890708779
v 0.542388093 2.107628366 -0.829962856
v 0.182743108 2.284734573 -1.302715339
v 0.203377118 2.281755576 -1.312235753
v 0.186927917 2.268173910 -1.296463127
v 0.188502400 2.229959458 -1.299589233
v 0.385437033 2.055287700 -1.693052301
v 0.185519170 2.323237316 -0.783923840
v 0.151833528 2.370933308 -0.760051758
v 0.323659305 2.247384992 -0.715717891
v 0.133229772 2.292454341 -1.267688742
v 0.136627340 2.274996775 -1.285450708
v 0.399027304 2.194499778 -0.890708779
v 0.493206227 1.972964866 -1.192378007
v 0.500995773 1.947723468 -1.197351358
v 0.410090116 2.219869305 -0.665984387
v 0.401306160 2.241266836 -0.704634425
v 0.398322930 2.247577185 -0.675504801
v 0.403626451 2.250460086 -0.689714373
v 0.441662637 2.188766008 -0.669039445
v 0.653803457 2.266732459 -0.877849116
v 0.197452091 2.262984688 -1.314225093
v 0.159208736 2.278840643 -1.357848481
v 0.121504020 2.315709741 -1.249713633
v 0.371390990 2.170187314 -1.043106446
v 0.487529802 2.001505584 -0.972413822
v 0.167951258 2.214071471 -1.351596269
v 0.107209375 2.262215915 -1.331276580
v 0.159623073 2.268590329 -1.263425870
v 0.237601398 2.277655450 -1.144846986
v 0.599649541 2.344442653 -0.787049946
v 0.404413692 1.810209098 -1.693904875
v 0.153366577 2.299117045 -0.932271779
v 0.370438014 1.828339341 -1.692626013
v 0.517859310 2.173614763 -0.737600633
v 0.395256832 2.220541982 -0.771845703
v 0.492833323 1.804443297 -1.371134431
v 0.506755064 1.952784560 -1.304491536
v 0.524530145 1.902974440 -1.302857435
v 0.504766244 1.880551878 -1.305344110
v 0.485168078 1.855534706 -1.376534069
v 0.489850093 1.949997756 -1.282964033
v 0.495526517 1.863062280 -1.340441754
v 0.474892508 1.785768506 -1.597919212
v 0.473815230 1.793776564 -1.541151969
v 0.455335776 1.713375663 -1.635503531
v 0.443485722 1.786921666 -1.607084386
v 0.476342689 1.823054023 -1.502501931
v 0.474726772 1.713311599 -1.560548035
v 0.483635030 1.654276196 -1.597421876
v 0.426373582 1.850025162 -1.704846246
v 0.414150624 1.785896635 -1.749677448
v 0.404579427 1.797620431 -1.762608159
v 0.398157195 1.801912750 -1.679837398
v 0.449576484 2.067491981 -1.624206921
v 0.508992487 2.155484520 -0.646517272
v 0.558091486 1.983119083 -0.701792510
v 0.391734963 2.221278723 -0.658382266
v -0.121877851 2.040168487 -1.714721899
v 0.173917719 2.291076955 -1.309606982
v 0.113092968 2.323013090 -0.899092427
v 0.234410999 2.266444169 -0.830033904
v 0.363311408 2.074186717 -1.661649145
v 0.390036179 2.084789385 -1.644242418
v 0.419661313 2.016304475 -1.620228241
v 0.107209375 2.262215915 -1.331276580
v 0.074766745 2.314300323 -0.950317936
v 0.133022603 2.208625992 -1.389748972
v 0.167951258 2.214071471 -1.351596269
v 0.205324504 2.218748177 -1.366516320
v 0.418874072 1.982670632 -1.408505608
v 0.328382753 2.134727634 -1.271880566
v 0.289186422 2.189951201 -1.259162999
v 0.325648126 2.196870163 -1.096250248
v 0.432008572 2.021205406 -1.044527403
v 0.445225940 1.926101711 -1.425699191
v 0.418003963 1.800887719 -1.629180271
v 0.364098649 1.958422233 -1.545343793
v 0.300787873 2.022967179 -1.511382914
v 0.274270271 2.044813161 -1.491276369
v 0.207396192 1.990326335 -1.774188961
v 0.187798026 2.252574213 -1.217031616
v 0.074393842 2.320066125 -1.272164758
v 0.003666423 2.320194254 -1.292413399
v 0.248332741 2.254560212 -1.062147273
v 0.254879274 2.235244776 -1.001543446
v 0.393350880 2.026586821 -1.597990259
v 0.409012839 1.759245818 -1.675929766
v 0.387674455 1.738809255 -1.795858559
v 0.382578104 1.771642292 -1.775254679
v 0.404413692 1.947050791 -1.545841128
v 0.415062167 1.965149001 -1.454757767
v 0.346779340 2.068100593 -1.498381155
v 0.378724765 2.040681003 -1.500654686
v 0.328382753 2.134727634 -1.271880566
v 0.167329752 2.278199998 -0.949891649
v 0.174704960 2.270512263 -1.164172005
v 0.331821755 2.236077614 -0.940868571
v 0.232422179 2.245334929 -0.977955555
v 0.246178186 2.250267893 -0.884243423
v 0.270209763 2.244694284 -0.874154627
v 0.194427427 2.260710400 -1.021152656
v 0.078081446 2.372823210 -0.764101486
v 0.116449102 2.370548921 -0.740584644
v 0.309986167 2.253439083 -0.690637996
v 0.186389279 2.305683653 -0.814758613
v 0.226331417 2.293255147 -0.788755095
v 0.260182794 2.274163937 -0.777671628
v 0.267060798 2.243893478 -1.104349704
v 0.226994357 2.260197884 -0.858168857
v 0.262295916 2.255521178 -0.843746141
v 0.371556725 2.010666802 -1.595148345
v 0.371556725 2.010666802 -1.595148345
v 0.316864170 1.892852255 -1.748114395
v 0.162689171 2.268782522 -1.214687036
v 0.171804597 2.259653336 -1.263852158
v 0.365341662 2.151864878 -1.304420488
v 0.436069080 2.069061560 -1.316498624
v 0.434743200 2.166055156 -1.449429177
v 0.449452183 2.067331819 -1.465414946
v 0.439135178 2.151320330 -1.307262402
v 0.471992145 2.075884425 -1.386480770
v 0.536007295 2.211156538 -1.388754302
v 0.541973755 2.201322643 -1.384562478
v 0.526187495 2.215512922 -1.330566101
v 0.535385788 2.206383736 -1.336249931
v 0.472737952 2.184954173 -1.422715180
v 0.470127626 2.208401766 -1.347262349
v 0.495609385 2.155356391 -1.325237512
v 0.356764875 1.871134402 -1.654544359
v 0.323327835 1.894005416 -1.765663217
v 0.265362014 1.991511528 -1.615183842
v 0.316242664 1.970434320 -1.579730958
v 0.374332787 1.924147745 -1.662217528
v 0.357634984 2.076364909 -1.629251319
v 0.330868779 2.235372905 -0.709820919
v 0.363269974 2.229062555 -0.696037633
v 0.070540502 2.351713969 -0.844811859
v 0.001843338 2.274676453 -1.351241030
v 0.230309058 2.237455000 -1.180086727
v -0.339115023 1.875330625 -1.716427048
v -0.343341266 1.916780332 -1.726018509
v -0.434744127 2.057626053 -1.591880143
v -0.421568194 2.070663171 -1.592519574
v -0.421485326 2.033505783 -1.663212198
v -0.410173911 1.994778815 -1.647368524
v -0.343341266 2.095872537 -1.421436319
v -0.382537597 2.027804046 -1.277990682
v -0.381211717 2.056472893 -1.300654951
v -0.466399515 1.765940555 -1.499091633
v -0.446594181 1.854285449 -1.403532257
v -0.354486946 1.930394030 -1.540654634
v -0.274519801 1.998174232 -1.490779033
v -0.152041624 2.016752926 -1.775396774
v -0.101865348 2.235244776 -1.308683359
v -0.252394176 1.981165117 -1.651773492
v -0.161405652 2.255745404 -0.946978687
v -0.184649988 2.221438884 -0.980442230
v -0.439467575 1.922033618 -1.092697855
v -0.429896378 1.896503930 -1.098736923
v -0.145412223 2.330540664 -0.811064124
v -0.128838722 2.344090298 -0.790673387
v -0.378725692 2.232714230 -0.809287927
v -0.336794733 2.181014208 -0.837636025
v -0.530787569 2.203404738 -0.721259625
v -0.497723433 2.228101588 -0.715788939
v -0.482020041 2.346076296 -0.838630695
v -0.201927864 2.232714230 -1.186338939
v -0.418833566 1.946890630 -1.030886213
v -0.414938793 1.999487553 -1.017742359
v -0.047794299 2.426861584 -0.204883753
v -0.398323858 2.196325615 -0.520975698
v -0.304849309 2.068452947 -1.427688531
v -0.274519801 1.998174232 -1.490779033
v -0.399193967 2.028316562 -1.304065248
v -0.381211717 2.056472893 -1.300654951
v -0.327223536 1.954065849 -1.510388244
v -0.365549758 2.047055417 -1.275006672
v -0.433003910 2.001345423 -1.473017068
v -0.365466891 2.067556045 -1.479624519
v -0.249493813 1.943270987 -1.740085986
v -0.427327485 2.030879140 -1.338239271
v -0.408433694 2.071784300 -1.335539452
v -0.241828569 1.952720496 -1.763389685
v -0.271205100 2.000704778 -1.645947567
v -0.319889761 1.885196552 -1.749180113
v -0.242118605 1.967583451 -1.711169506
v -0.428280462 2.054006411 -1.354438184
v -0.380093006 2.101574275 -1.356214380
v -0.270790763 1.977737668 -1.612199832
v -0.319889761 1.885196552 -1.749180113
v -0.343921339 1.893364771 -1.600547982
v -0.322997293 1.944231954 -1.575183895
v -0.389747071 1.970562448 -1.612199832
v -0.337043336 2.024440662 -1.692341822
v -0.351959487 1.962554391 -1.590956521
v -0.334350142 1.964380228 -1.747759155
v -0.370853279 1.980588537 -1.589961851
v -0.370148905 2.027579820 -1.603745136
v -0.391238686 2.061694147 -1.652270827
v -0.358547454 2.047631997 -1.633585239
v -0.406610608 1.995771815 -1.614331268
v -0.395050591 2.049778157 -1.595148345
v -0.427493220 2.025017242 -1.636569249
v -0.434744127 2.057626053 -1.591880143
v -0.355812826 1.821580540 -1.748966969
v -0.338327782 1.852683837 -1.798061043
v -0.389788504 1.819946897 -1.702643762
v -0.363105167 1.805564425 -1.773336386
v -0.390161408 1.827794793 -1.738025598
v -0.355812826 1.821580540 -1.748966969
v -0.442989444 1.739001448 -1.638345446
v -0.443030878 1.775390063 -1.605450285
v -0.394304784 1.797204012 -1.680334733
v -0.444481060 1.681984076 -1.665130490
v -0.389788504 1.819946897 -1.702643762
v -0.399566870 1.744510992 -1.731062908
v -0.405284728 1.764659265 -1.695681072
v -0.421319591 1.775710385 -1.728576232
v -0.477130858 1.717892208 -1.518771892
v -0.454839498 1.666416412 -1.645094993
v -0.464244960 1.752583114 -1.535254996
v -0.476426484 1.854894061 -1.316143385
v -0.471288698 1.805852715 -1.301223334
v -0.464990768 1.812483387 -1.266978264
v -0.459894416 1.836571625 -1.302786387
v -0.458692837 1.823886861 -1.192946390
v -0.471040096 1.692074229 -1.398345763
v -0.473899025 1.682272366 -1.424349281
v -0.456123944 1.906369857 -1.182289210
v -0.338742119 2.176305470 -0.869820707
v -0.134846616 2.322148220 -0.768790645
v -0.260183722 2.272274035 -0.773266661
v -0.494035829 1.801688525 -1.325947990
v -0.457035487 1.854765932 -1.312590992
v -0.474976303 1.839550622 -1.309251742
v -0.459894416 1.836571625 -1.302786387
v -0.446842784 1.854189352 -1.360477252
v -0.495941782 1.822285250 -1.359908869
v -0.471288698 1.805852715 -1.301223334
v -0.458775705 1.816391319 -1.394864418
v -0.483884560 1.841184266 -1.354367136
v -0.457035487 1.854765932 -1.312590992
v -0.444356758 1.883883230 -1.289997771
v -0.518771780 1.858481671 -1.304562583
v -0.474976303 1.839550622 -1.309251742
v -0.477462328 1.703445671 -1.483958439
v -0.254465864 2.259076756 -0.714367982
v -0.235074867 2.283581413 -0.711099780
v -0.262711181 2.234700228 -0.728577555
v -0.263539856 2.230664167 -0.760549093
v -0.430725053 2.089434059 -0.911809994
v -0.250405356 2.241394964 -0.780939830
v -0.158505290 2.298444368 -0.797422934
v -0.067268163 2.367537891 -0.814900709
v -0.211001856 2.215833244 -0.971490200
v -0.126725600 2.364911249 -0.847440630
v -0.197701621 2.247769378 -0.882609323
v -0.425918738 2.175056213 -0.711455019
v -0.336794733 2.181014208 -0.837636025
v -0.206858481 2.258948627 -0.922893461
v -0.407024946 2.172813957 -0.700300505
v -0.485790512 2.128993865 -0.647867182
v -0.528094375 2.079311874 -0.697103351
v -0.199524706 2.264714429 -0.904705208
v -0.202632238 2.229062555 -0.887085338
v -0.225420802 2.210932312 -0.942218480
v -0.367207108 2.195684970 -0.769430076
v -0.399608304 2.221791239 -0.764030438
v -0.520967769 2.040648971 -0.765522444
v -0.535055246 2.111183944 -0.831881148
v -0.503648460 2.110287042 -0.685380454
v -0.478083834 2.135272182 -0.672733934
v -0.462256140 2.076364909 -0.896250512
v -0.494740203 2.126623480 -0.895184794
v -0.516658659 2.142991950 -0.704208137
v -0.386308069 2.172461603 -0.662076754
v -0.382869067 2.172493635 -0.687227698
v -0.562360090 2.027259498 -0.626481775
v -0.521879312 2.327369473 -0.891277162
v -0.413157142 1.961305134 -1.006587844
v -0.542761924 2.079119680 -0.595789098
v -0.280237659 2.234988518 -0.844243476
v -0.275555645 2.224642107 -0.862289634
v -0.357221574 2.192577844 -0.722538486
v -0.551918784 2.296106016 -0.745913233
v -0.518937516 2.310584584 -0.736890155
v -0.469838517 2.346396619 -0.801330567
v -0.566917803 2.197863162 -0.826481510
v -0.426167340 2.273267035 -0.758630801
v -0.503399858 2.055095507 -0.833586297
v -0.544377840 2.103079790 -0.762467385
v -0.436194309 1.958614426 -1.069536251
v -0.432340970 1.995515557 -1.146552135
v -0.399111099 1.894485899 -1.465272850
v -0.350675041 2.078094649 -1.101720933
v -0.371557653 2.059419858 -1.051703237
v -0.440461985 1.815878803 -1.516285216
v -0.426167340 1.962426262 -1.038559383
v -0.294615171 2.100228921 -1.251134590
v -0.427617522 1.990838851 -1.244171900
v -0.203543780 2.038534843 -1.549961904
v -0.147152441 2.056985409 -1.634722005
v -0.100663769 2.076076619 -1.704775198
v -0.133396435 2.129057929 -1.489642268
v -0.194469788 2.279833642 -0.759483375
v -0.191403690 2.224033495 -1.061792034
v -0.170852548 2.214936341 -1.006516796
v -0.136421099 2.263945655 -1.193727916
v -0.144169211 2.261383077 -0.963603887
v -0.164264581 2.245302897 -1.140299923
v -0.267351761 2.220285724 -0.719838667
v -0.170935416 2.276181968 -0.826552558
v -0.193268209 2.268109845 -0.804314577
v -0.250695392 2.224770236 -0.785628989
v -0.188337592 2.241971545 -0.872591574
v -0.312265951 2.197735033 -0.700300505
v -0.226290911 2.273299067 -0.694687724
v -0.156682204 2.274388163 -0.859518767
v -0.212410604 2.251709343 -0.787689377
v -0.222396138 2.187580816 -1.063994518
v -0.203460913 2.205454801 -1.197209262
v -0.161239917 2.122363193 -1.472946020
v -0.243775955 2.182359562 -0.940371235
v -0.233334649 2.212565956 -0.852840268
v 0.209716482 2.232586101 -1.222573349
v 0.280609635 2.220061498 -1.076072655
v -0.147276742 2.385347812 -0.165025902
v -0.198488862 2.371830210 -0.175754129
v -0.121132044 2.394925449 -0.164528567
v -0.026373048 2.377916334 -0.555433911
v -0.024301360 2.418341010 -0.352023878
v -0.357097272 2.206736090 -0.576321983
v -0.324737511 2.215576986 -0.626410727
v -0.054755170 2.395694223 -0.463995311
v -0.054672302 2.395373901 -0.459235104
v -0.064160632 2.374617015 -0.573764260
v -0.101865348 2.359914220 -0.574616835
v -0.012989946 2.383778233 -0.517494352
v -0.017506225 2.392587096 -0.480904703
v -0.019412177 2.396559093 -0.460158727
v -0.022146805 2.401043605 -0.438631224
v -0.100373733 2.361387703 -0.560833549
v -0.009302342 2.370292663 -0.631455125
v -0.029149110 2.371734114 -0.680336055
v -0.097680539 2.404855441 -0.167583625
v -0.160411242 2.385572038 -0.144350974
v -0.328673717 2.251100731 -0.547760742
v -0.317362302 2.257763435 -0.520620458
v -0.338742119 2.176305470 -0.869820707
v -0.462256140 2.076364909 -0.896250512
v -0.261343867 2.030879140 -1.431880355
v -0.322624389 2.033858138 -1.480690237
v -0.378187053 1.923731326 -1.471454015
v -0.328010777 2.097730407 -1.107262667
v -0.343921339 1.893364771 -1.600547982
v -0.346780268 1.867706954 -1.651489301
v -0.376115366 2.067139626 -1.234935677
v -0.423929918 1.925012615 -1.278488018
v -0.246759186 2.096320989 -1.348967498
v -0.396293604 2.022582792 -1.234722534
v -0.365549758 2.047055417 -1.275006672
v -0.276218585 1.913769302 -1.759624149
v -0.353119632 1.846405520 -1.746054007
v -0.278456007 1.919406975 -1.770139232
v -0.333189996 1.873088368 -1.760121484
