# runtime shadow point cloud: Leg
v -0.401391897 0.347705268 1.641390193
v -0.352372447 0.371857549 1.588780367
v -0.337810972 0.266785618 1.626720146
v -0.358021296 0.429956146 1.581264677
v -0.328647285 0.266975793 1.599981635
v -0.358021296 0.369480356 1.621950573
v -0.638015874 0.277720705 1.419460554
v -0.419782036 0.598451588 1.628237737
v -0.366933923 0.495756849 1.611977832
v -0.421790516 0.498609481 1.632356913
v -0.430514848 0.338481759 1.633224108
v -0.389089961 0.244820354 1.642546453
v -0.703542514 0.294361057 1.458267528
v -0.704797814 0.259178600 1.531834566
v -0.664628226 0.214487371 1.575555644
v -0.411559824 0.414647023 1.637126485
v -0.365176503 0.488340007 1.570497007
v -0.425870240 0.226278249 1.602583220
v -0.364799913 0.438894392 1.617831397
v -0.369318992 0.360827373 1.557778148
v -0.385449592 0.234360705 1.543541697
v -0.397437703 0.462571235 1.509142965
v -0.549140662 0.420447374 1.392649777
v -0.430514848 0.338481759 1.633224108
v -0.546441767 0.187197195 1.642907784
v -0.611215227 0.195089476 1.621011112
v -0.491145819 0.345803513 1.391638050
v -0.420221391 0.355122110 1.399876402
v -0.664628226 0.214487371 1.575555644
v -0.713020026 0.268307021 1.437599382
v -0.487003331 0.235596845 1.341774341
v -0.553785270 0.072236141 1.089926476
v -0.320550602 0.055405614 1.057840264
v -0.747791825 0.221904213 1.444392409
v -0.301658343 0.056736842 1.064416492
v -0.554852275 0.018131228 1.071570850
v -0.609081218 0.003392631 1.070775922
v -0.635128685 0.122632633 1.102645336
v -0.663812281 0.032774737 1.087830755
v -0.587301770 0.063583158 1.000027268
v -0.590753844 0.038480000 1.006675762
v -0.589749604 0.046752632 0.981527109
v -0.591318729 0.017941052 0.989042798
v -0.643727487 0.143932282 1.182644069
v -0.642283893 0.072426316 0.977335667
v -0.618182140 0.030777895 0.949224097
v -0.624270343 -0.014959299 0.960064034
v -0.614918361 0.018511579 0.989765461
v -0.644731727 0.047037895 1.012673860
v -0.281385254 0.062156843 1.071859915
v -0.725573022 0.247197547 1.413173391
v -0.607386564 0.141174738 1.101705874
v -0.690361868 0.221143512 1.394456434
v -0.621822509 0.227419301 1.322262455
v -0.567405271 0.299115443 1.342786068
v -0.406664156 0.143456844 1.574182585
v -0.546441767 0.187197195 1.642907784
v -0.386955952 0.020413333 1.448945182
v -0.619814030 0.042188421 1.010578139
v -0.639836059 0.029351579 0.987091610
v -0.403839731 0.012330877 1.487824422
v -0.549391722 0.006720701 1.113774337
v -0.429949963 0.003677894 1.274133135
v -0.433402037 0.417404567 1.630333458
v -0.487756511 0.272871232 1.360852630
v -0.429949963 0.003677894 1.274133135
v -0.631802141 0.004343508 0.972277029
v -0.646865736 0.055595790 0.985935350
v -0.644731727 0.047037895 1.012673860
v -0.596967577 -0.003168422 1.254187652
v -0.641028593 0.045706667 0.970903971
v -0.647493386 0.071095088 1.008916016
v -0.597406932 -0.002692983 0.971843432
v -0.590753844 0.038480000 1.006675762
v -0.591318729 0.017941052 0.989042798
v -0.596842047 0.066625965 0.970398107
v -0.624270343 -0.014959299 0.960064034
v -0.597406932 -0.002692983 0.971843432
v -0.640714768 0.102188773 1.003568314
v -0.605880204 0.151539300 1.112184480
v -0.604436610 -0.011441053 1.121434559
v -0.667452650 0.014422807 1.191749616
v -0.648748686 0.026974386 1.281070695
v -0.677746107 0.022885614 1.133430756
v -0.677746107 0.022885614 1.133430756
v -0.549391722 0.006720701 1.113774337
v -0.535960016 0.071475439 1.115291929
v -0.537529140 0.010048772 1.184522991
v -0.481605542 0.193853336 1.624335359
v 0.301638651 0.056736842 1.064416492
v 0.664608534 0.214487371 1.575555644
v 0.320530910 0.055405614 1.057840264
v 0.635108993 0.122632633 1.102645336
v 0.911839793 0.050936491 1.188064037
v 0.911839793 0.050936491 1.188064037
v 0.935251131 0.046657544 1.091010470
v 0.887298686 0.047323158 1.174983847
v 0.861000159 0.046942807 1.167612690
v 0.810348819 -0.003168422 1.312867843
v 0.818508267 0.155818247 1.269074498
v 0.881712602 0.004343508 1.321395260
v 0.677726415 0.022885614 1.133503022
v 0.713000334 0.268307021 1.437599382
v 0.567385579 0.299115443 1.342786068
v 0.486983639 0.235596845 1.341774341
v 0.725616095 0.247197547 1.413173391
v 0.654817197 0.198607722 1.371114436
v 0.451898015 0.258132635 1.339750886
v 0.407083819 0.249860003 1.333752788
v 0.575482262 0.270398951 1.320528065
v 0.486418754 0.621557904 1.336137574
v 0.654628902 0.098955790 1.324430442
v 0.646343925 0.024216842 1.312940109
v 0.416749626 0.730338256 1.616024741
v 0.441165203 0.640860711 1.358323311
v 0.385053310 0.754585625 1.422640269
v 0.348586857 0.167704213 1.189437096
v 0.405138104 0.795758608 1.601860557
v 0.393965938 0.061776492 1.501555009
v 0.384300131 0.159716844 1.453570222
v 0.396351007 0.198702810 1.303111900
v 0.368483356 0.108084212 1.442802552
v 0.378086398 0.210683862 1.394384167
v 0.367667411 0.193663160 1.367284325
v 0.458425573 -0.000886316 1.563920779
v 0.385492665 0.198512634 1.276301123
v 0.462254237 0.180636143 1.314674499
v 0.434825940 0.207165617 1.308748667
v 0.433131286 0.095247369 1.251513801
v 0.347708147 0.167989476 1.316914753
v 0.463070181 0.110556492 1.297547399
v 0.431499396 0.050080702 1.262426004
v 0.892508179 0.086023860 1.111245019
v 0.883846612 0.043804912 1.130034243
v 0.897152788 0.054740000 1.102789868
v 0.430557921 0.338481759 1.633224108
v 0.433382346 0.417404567 1.630333458
v 0.411540132 0.414647023 1.637126485
v 0.686325218 -0.007542457 1.449089715
v 0.905751590 0.068812983 1.099176556
v 0.441290733 0.006055087 1.412884326
v -0.919265752 0.051316842 1.165661501
v 0.897654907 0.033820702 1.114424734
v -0.910164830 0.076610176 1.197314117
v 0.933870301 0.060160000 1.130034243
v -0.920772112 0.075754387 1.168263086
v -0.315780464 0.073757544 1.036377189
v -0.319044243 0.110651580 1.050758172
v -0.291051061 0.093630878 1.025248187
v 0.928409748 0.069098246 1.146077349
v 0.925899149 0.049985614 1.148967999
v 0.479765666 0.342760706 1.642474187
v 0.933242651 0.042758947 1.130106509
v 0.452274605 0.849768433 1.670585756
v 0.556276178 0.908247382 1.557705881
v 0.451521425 0.882858960 1.617614599
v 0.514474701 0.869546679 1.691253902
v 0.568264289 0.687834045 1.674488134
v 0.400179671 0.653792641 1.415052313
v -0.643099838 0.529703165 1.488691617
v -0.593703798 0.502508077 1.439550571
v -0.632743616 0.866789135 1.400382266
v -0.662431452 0.447927726 1.493533456
v 0.403820040 0.012330877 1.487824422
v 0.403820040 0.012330877 1.487824422
v 0.397355247 0.619465974 1.444826006
v 0.538764748 0.599687728 1.357961980
v 0.355679299 0.692778606 1.496279573
v -0.320550602 0.055405614 1.057840264
v -0.326701570 0.082220352 1.052564828
v 0.360010083 0.168274739 1.219066257
v 0.391831928 0.773983520 1.503433931
v 0.455977739 0.900355101 1.550696056
v 0.937385140 0.018321403 1.115364195
v 0.932615002 -0.005640702 1.103801596
v 0.912655738 0.014898245 1.107053577
v 0.368044001 0.030302456 1.377546132
v 0.429741977 0.161333335 1.265822517
v 0.403004095 0.223520705 1.320961662
v 0.342875243 0.108179299 1.365188604
v 0.495143086 0.111507370 1.344592724
v 0.522132028 0.145834037 1.254838048
v 0.519746959 0.094201404 1.300654847
v 0.463760596 0.036578246 1.336209840
v 0.442546033 0.061301053 1.285695735
v 0.508135437 0.169701055 1.296897003
v 0.637180238 0.161523511 1.266400647
v 0.599521249 0.172363511 1.165806034
v 0.280737913 0.090588071 1.188858966
v 0.521316083 0.083171229 1.203239949
v -0.580460387 0.603396149 1.419821886
v -0.610587578 0.811733345 1.554381634
v -0.565145732 0.843968082 1.665527119
v -0.590440019 0.640575448 1.396118557
v -0.623768224 0.762572994 1.587045977
v -0.560061768 0.878580013 1.614218085
v -0.516565637 0.957027382 1.453136625
v -0.874639851 0.098670527 1.132563561
v -0.910164830 0.076610176 1.197314117
v -0.880979114 0.038860351 1.187774972
v -0.902758563 0.111792633 1.190232025
v -0.859325196 0.042568772 1.175345178
v -0.801769709 0.113599299 1.221812374
v -0.834470264 -0.009539299 1.284756273
v -0.913114784 0.019082105 1.218632659
v -0.860957085 0.046942807 1.167612690
v -0.870811187 -0.008683509 1.228677667
v -0.886314138 0.014612982 1.188425369
v -0.852923168 0.070334386 1.154966097
v -0.778421136 -0.002407720 1.250140742
v -0.903072387 0.009858596 1.257873230
v 0.686262453 0.023551228 1.382026639
v 0.558975072 -0.001551930 1.473804771
v -0.856626302 0.105516843 1.158796208
v 0.736035082 0.003392631 1.400454532
v 0.645904570 0.014042456 1.384555958
v -0.844512661 0.018131228 1.174550250
v 0.541526407 0.018891930 1.218488127
v 0.646030100 0.137846668 1.159374338
v 0.537760508 0.021554386 1.253031392
v 0.603036088 0.159907019 1.147884005
v 0.524077743 0.078226667 1.171226002
v 0.641134431 0.179685265 1.319371805
v 0.278227313 0.017180351 1.190882421
v -0.582531631 0.705615449 1.302027906
v -0.511167848 0.940577207 1.509937893
v 0.373692849 0.140318949 1.159229806
v -0.277117235 0.033915789 1.034787331
v -0.905457457 0.042758947 1.212562295
v -0.911859485 0.050936491 1.188064037
v 0.337854045 0.266785618 1.626720146
v 0.412544372 0.275533688 1.352036148
v 0.637494063 -0.004024211 1.568112221
v 0.491126128 0.345803513 1.391638050
v 0.420201700 0.355122110 1.399876402
v 0.686262453 0.023551228 1.382026639
v 0.687957107 0.174645616 1.359118240
v 0.660340516 0.101808422 1.361141695
v 0.735156373 0.142125616 1.314529966
v 0.740114806 0.070334386 1.285334403
v 0.579373691 0.247863161 1.279553104
v 0.530165946 0.222950178 1.304557225
v 0.615400789 0.256040705 1.355071330
v 0.647222635 0.237023161 1.395395895
v 0.635862173 0.035627368 1.587335042
v -0.387332541 0.350652987 1.524680207
v -0.347602309 0.248909126 1.567028227
v -0.386014477 0.270208775 1.443163883
v -0.392981390 0.406184216 1.518826642
v -0.374277425 0.417689830 1.550912854
v -0.425430885 0.416358602 1.422784802
v -0.489702225 0.411984567 1.408765150
v -0.394927104 0.334868426 1.448005721
v -0.486438446 0.621557904 1.336137574
v -0.416706552 0.730338256 1.616024741
v -0.535144071 0.621462816 1.326020299
v -0.512674208 0.786630187 1.718931874
v -0.574748774 0.502032639 1.637415550
v -0.613223707 0.479782112 1.592321413
v -0.527298448 0.515535095 1.669718561
v -0.473759920 0.499275095 1.659023157
v -0.587992185 0.347990531 1.630767055
v -0.633747856 0.347420005 1.588563568
v -0.535897251 0.351128426 1.654976247
v -0.411559824 0.414647023 1.637126485
v -0.479785358 0.342760706 1.642474187
v -0.338626916 0.019272280 1.322190188
v -0.462022868 0.699149484 1.689591779
v -0.468299367 0.610337553 1.676077991
v -0.514431627 0.869546679 1.691253902
v -0.654648594 0.098955790 1.324430442
v -0.678875877 0.358735444 1.549033932
v -0.646363617 0.024216842 1.312940109
v -0.584916701 0.668721413 1.365116338
v -0.419342682 0.853857205 1.496929969
v -0.419342682 0.853857205 1.496929969
v -0.418652267 0.662160360 1.622745502
v -0.455997430 0.900355101 1.550696056
v -0.614479006 0.701241414 1.614073553
v -0.365176503 0.690971940 1.572520462
v -0.397061113 0.579624219 1.462675769
v -0.369946642 0.599212289 1.593766738
v -0.362916964 0.578578254 1.547516341
v -0.611591817 0.636867027 1.608003188
v -0.403274847 0.530654043 1.482476720
v -0.516565637 0.705520361 1.709970860
v -0.356452171 0.644188781 1.522656753
v -0.595649512 0.861844574 1.508492568
v -0.400073833 0.799562117 1.453136625
v -0.521586835 0.613570535 1.693205091
v -0.408547105 0.833413345 1.557994946
v -0.418652267 0.662160360 1.622745502
v -0.455558075 0.777977204 1.698552793
v -0.405095031 0.795758608 1.601860557
v -0.433402037 0.417404567 1.630333458
v -0.416706552 0.730338256 1.616024741
v -0.427313834 0.485487375 1.415919508
v -0.649941221 0.026023509 1.349795894
v -0.684775785 0.365867023 1.485728701
v -0.430326553 0.535598604 1.404645974
v -0.570229695 0.604917553 1.659239956
v -0.568221216 0.687834045 1.674488134
v -0.556233104 0.908247382 1.557705881
v -0.580146562 0.558514745 1.431384485
v -0.321366547 0.024502105 1.283310949
v -0.618119375 0.353220356 1.443886545
v -0.425870240 0.226278249 1.602583220
v -0.481605542 0.193853336 1.624335359
v -0.508029599 0.920989136 1.564354376
v -0.556233104 0.908247382 1.557705881
v -0.595649512 0.861844574 1.508492568
v -0.610587578 0.580480008 1.601788291
v -0.421790516 0.498609481 1.632356913
v -0.654711359 0.096103159 1.289092248
v -0.385073002 0.754585625 1.422640269
v -0.400073833 0.799562117 1.453136625
v -0.399822773 0.689830887 1.381159444
v -0.441122130 0.640860711 1.358323311
v -0.567028681 0.767992994 1.686267532
v -0.419782036 0.598451588 1.628237737
v 0.364842987 0.438894392 1.617831397
v 0.365219577 0.488340007 1.570497007
v 0.358064369 0.429956146 1.581264677
v 0.425850548 0.226278249 1.602583220
v 0.358001604 0.369480356 1.621950573
v 0.397418012 0.462571235 1.509142965
v 0.328627593 0.266975793 1.599981635
v 0.392961698 0.406184216 1.518826642
v 0.421833589 0.498609481 1.632356913
v 0.430557921 0.338481759 1.633224108
v 0.389070269 0.244820354 1.642546453
v 0.419762345 0.598451588 1.628237737
v 0.366914231 0.495756849 1.611977832
v 0.546484841 0.187197195 1.642907784
v 0.481648616 0.193853336 1.624335359
v 0.678856185 0.358735444 1.549033932
v 0.633728164 0.347420005 1.588563568
v 0.638058947 0.277720705 1.419460554
v 0.488176174 0.192522108 1.339245022
v 0.546484841 0.187197195 1.642907784
v 0.354675060 0.105611931 1.406091299
v 0.386936260 0.020413333 1.448945182
v 0.375073679 0.022695438 1.415702710
v 0.455663914 0.068717895 1.305930283
v 0.796477759 0.062347018 1.213212691
v 0.556025118 0.356168075 1.377401600
v 0.487736819 0.272871232 1.360852630
v 0.818257207 0.064248772 1.190521090
v 0.385994785 0.270208775 1.443163883
v 0.419574050 0.302063162 1.371331235
v 0.374257734 0.417689830 1.550912854
v 0.394907412 0.334868426 1.448005721
v 0.347582617 0.248909126 1.567028227
v 0.387375615 0.350652987 1.524680207
v 0.401372205 0.347705268 1.641390193
v 0.352352756 0.371857549 1.588780367
v 0.425411193 0.416358602 1.422784802
v 0.411540132 0.414647023 1.637126485
v 0.369299300 0.360827373 1.557778148
v 0.385429900 0.234360705 1.543541697
v 0.549120970 0.420447374 1.392649777
v 0.684379503 0.089066667 1.353120141
v 0.489745298 0.411984567 1.408765150
v 0.666052129 0.019177193 1.385495419
v 0.723419321 0.073187018 1.313518239
v 0.567385579 0.299115443 1.342786068
v 0.425850548 0.226278249 1.602583220
v 0.611195536 0.195089476 1.621011112
v 0.481648616 0.193853336 1.624335359
v 0.690404941 0.221143512 1.394456434
v 0.406644464 0.143551931 1.574182585
v 0.621802817 0.227419301 1.322262455
v -0.573807299 0.117973335 1.093973386
v -0.618495965 0.118353685 0.981382576
v -0.596402692 0.090778246 0.991138519
v -0.594331448 0.034296140 0.966929327
v -0.631802141 0.004343508 0.972277029
v -0.639836059 0.029351579 0.987091610
v -0.564015962 0.125580352 1.112184480
v -0.766307495 0.126055791 1.266689712
v -0.440180655 0.019082105 1.295740743
v -0.403839731 0.012330877 1.487824422
v -0.537780200 0.021554386 1.253031392
v -0.618433200 0.078131580 0.955944858
v -0.422041576 0.155247721 1.240601598
v -0.378796504 0.237118249 1.359624103
v -0.425870240 0.226278249 1.602583220
v -0.611215227 0.195089476 1.621011112
v -0.554852275 0.018131228 1.071570850
v -0.747478000 0.017085263 1.307953738
v -0.785576344 0.020223158 1.439189239
v -0.654648594 0.027449824 1.249634878
v -0.448214573 0.025928421 1.315108096
v -0.375093370 0.022695438 1.415702710
v -0.455683605 0.068717895 1.305930283
v -0.354631987 0.105611931 1.406091299
v -0.488195865 0.192522108 1.339245022
v -0.532005822 0.028495789 1.307231076
v -0.666071821 0.019177193 1.385495419
v 0.455977739 0.900355101 1.550696056
v 0.611572126 0.636867027 1.608003188
v 0.385053310 0.754585625 1.422640269
v 0.610567886 0.580480008 1.601788291
v 0.418695340 0.662160360 1.622745502
v 0.614522080 0.701241414 1.614073553
v 0.369989715 0.599212289 1.593766738
v 0.365156812 0.690971940 1.572520462
v 0.403255155 0.530654043 1.482476720
v 0.356432479 0.644188781 1.522656753
v 0.399803081 0.689830887 1.381159444
v 0.584959774 0.668721413 1.365116338
v 0.487736819 0.272871232 1.360852630
v 0.448194881 0.025928421 1.315108096
v 0.532048895 0.028495789 1.307231076
v 0.597010650 -0.003168422 1.254187652
v 0.378839577 0.237118249 1.359624103
v 0.747772134 0.221904213 1.444392409
v 0.666052129 0.019177193 1.385495419
v 0.654691667 0.027449824 1.249634878
v 0.785556652 0.020223158 1.439189239
v 0.537760508 0.021554386 1.253031392
v 0.422021884 0.155247721 1.240601598
v 0.747458309 0.017085263 1.307953738
v 0.440223728 0.019082105 1.295740743
v 0.429930272 0.003677894 1.274133135
v 0.433382346 0.417404567 1.630333458
v 0.429930272 0.003677894 1.274133135
v -0.625902233 0.791194397 1.357961980
v 0.521567143 0.613570535 1.693205091
v 0.397041422 0.579624219 1.462675769
v 0.362960037 0.578578254 1.547516341
v 0.408590178 0.833413345 1.557994946
v 0.838969650 0.131570879 1.329489079
v 0.857736380 0.008432280 1.348928699
v 0.911274908 0.047418246 1.093395256
v 0.912655738 0.014898245 1.107053577
v 0.937385140 0.018321403 1.115364195
v 0.320342615 0.147355440 1.239589870
v 0.321723445 0.099526317 1.324069111
v -0.834658559 0.106087369 1.191894148
v 0.882026427 0.063868421 1.117026318
v 0.281365562 0.062156843 1.071859915
v 0.573850372 0.117973335 1.093973386
v 0.607429637 0.141174738 1.101705874
v 0.590734152 0.038480000 1.006675762
v 0.403820040 0.012330877 1.487824422
v 0.490372948 0.000539999 1.446921728
v 0.510646037 0.906725978 1.641101128
v 0.419385755 0.853857205 1.496929969
v 0.539957283 0.568689131 1.375305879
v 0.487611289 0.594172640 1.362876084
v 0.641008902 0.045706667 0.970903971
v 0.648728994 0.026974386 1.281070695
v 0.537509448 0.010048772 1.184522991
v 0.766287803 0.126055791 1.266689712
v 0.591299037 0.017941052 0.989042798
v 0.644712035 0.047037895 1.012673860
v 0.624313417 -0.014959299 0.960064034
v 0.554832583 0.018131228 1.071570850
v 0.531107420 0.252142109 1.333825054
v 0.448822531 0.224756845 1.328188287
v 0.366976996 0.202696494 1.579168956
v 0.553765578 0.072236141 1.089926476
v 0.554832583 0.018131228 1.071570850
v 0.512717281 0.786630187 1.718931874
v 0.654691667 0.096103159 1.289092248
v 0.649921529 0.026023509 1.349795894
v 0.473740228 0.499275095 1.659023157
v 0.567071754 0.767992994 1.686267532
v 0.425850548 0.226278249 1.602583220
v 0.611195536 0.195089476 1.621011112
v 0.664608534 0.214487371 1.575555644
v 0.618099684 0.353220356 1.443886545
v 0.684818858 0.365867023 1.485728701
v 0.421833589 0.498609481 1.632356913
v 0.574729082 0.502032639 1.637415550
v 0.527278757 0.515535095 1.669718561
v 0.535187144 0.621462816 1.326020299
v 0.419762345 0.598451588 1.628237737
v 0.587972493 0.347990531 1.630767055
v 0.613266780 0.479782112 1.592321413
v 0.591299037 0.017941052 0.989042798
v 0.618162449 0.030777895 0.949224097
v 0.642326966 0.072426316 0.977335667
v 0.643707796 0.143932282 1.182644069
v 0.590734152 0.038480000 1.006675762
v 0.589792677 0.046752632 0.981527109
v 0.509704562 0.103234738 1.322768318
v 0.523261798 0.034676491 1.335559444
v -0.598536701 0.896551592 1.473082108
v -0.913114784 0.019082105 1.218632659
v -0.905457457 0.042758947 1.212562295
v 0.508072673 0.920989136 1.564354376
v 0.384237366 0.075849474 1.146438680
v 0.342686948 0.153916493 1.174694782
v 0.306973674 0.137656493 1.193628538
v 0.412481607 0.012045614 1.198614909
v 0.582511940 0.113123861 1.050469107
v 0.609877471 0.138417195 1.093395256
v 0.661721345 0.098955790 1.224847556
v 0.640004662 0.148876844 1.206202865
v 0.658771391 0.022410175 1.220005718
v 0.654691667 0.027449824 1.249634878
v 0.653310838 0.081269474 1.091010470
v 0.722226786 0.016800000 1.338161029
v 0.702769642 0.076229825 1.338522360
v 0.844555734 0.018036140 1.174550250
v 0.859368269 0.042568772 1.175345178
v 0.702957937 0.023075789 1.371764833
v 0.836019696 0.060825614 1.181126478
v 0.666177659 0.093725966 1.199265305
v 0.617095444 0.137085966 1.015564510
v 0.573724842 0.046182105 1.051480834
v 0.565690925 0.039621053 1.070197792
v 0.646908810 0.051887369 1.056322672
v 0.614522080 0.046562456 1.055527744
v 0.573724842 0.046182105 1.051480834
v 0.582888529 0.044945965 1.029584162
v 0.661658580 0.098004913 1.257222834
v 0.613455075 0.141650177 1.048662450
v 0.393212758 0.014517894 1.157423149
v 0.387563910 0.138607370 1.177802231
v 0.644712035 0.047988772 1.078580676
v 0.638372772 0.129478949 1.126999060
v 0.377521513 0.029351579 1.132129964
v 0.401372205 0.142315791 1.206491930
v -0.834344734 0.149067019 1.248189553
v -0.563325547 0.952843523 1.458339794
v -0.752750259 0.130334738 1.289959443
v -0.543240753 0.479591937 1.388602868
v -0.716283805 0.200699652 1.374510950
v -0.486124621 0.476358954 1.403056117
v -0.537591905 0.661019308 1.261269744
v -0.718606109 0.153155791 1.340184483
v -0.426058535 0.912145978 1.416569905
v -0.469429136 0.948849838 1.443597480
v 0.636427058 0.115786317 1.057840264
v -0.620065090 0.600163166 1.487752156
v 0.573724842 0.046182105 1.051480834
v 0.582888529 0.044945965 1.029584162
v 0.610567886 0.034391228 1.069908727
v -0.727895326 0.248718951 1.471564517
v 0.573724842 0.046182105 1.051480834
v -0.280192719 0.088020703 1.039918235
v -0.616550251 0.652271237 1.474888764
v -0.617303431 0.741463519 1.415847242
v 0.397606307 0.814776152 1.338739159
v -0.652200760 0.463236849 1.548600335
v -0.755198093 0.185675792 1.474671966
v -0.638078639 0.562698605 1.544770224
v -0.694629887 0.156388774 1.560957862
v -0.728083621 0.219812284 1.504517925
v -0.642472188 0.701907028 1.522078623
v 0.331389252 0.059684562 1.076774020
v 0.377521513 0.029351579 1.132129964
v -0.634940390 0.644759308 1.545059289
v -0.645987027 0.750877204 1.493750254
v -0.617303431 0.741463519 1.415847242
v -0.630295782 0.805362468 1.460290983
v -0.630295782 0.805362468 1.460290983
v -0.624897993 0.697532993 1.449234247
v 0.363964277 0.048654386 1.132419029
v 0.321723445 0.150873686 1.103584797
v 0.338042340 0.147260353 1.157784481
v 0.293918559 0.061015790 1.148389869
v 0.281365562 0.062156843 1.071859915
v 0.410661423 0.854142469 1.372704294
v 0.426101608 0.912145978 1.416569905
v 0.277662429 0.054169474 1.050830438
v 0.410661423 0.854142469 1.372704294
v 0.411038012 0.760766327 1.303617763
v 0.277097544 0.033915789 1.034787331
v 0.308103444 0.126911580 1.173827587
v 0.290717545 0.088115790 1.163421248
v 0.288081415 0.118258598 1.089637412
v 0.325740404 0.025928421 1.130467840
v 0.368671650 0.149257195 1.405729968
v 0.550313504 0.038955439 1.589213964
v 0.735407432 0.053218597 1.536604138
v 0.476690182 0.083741755 1.590008893
v 0.763024024 0.005104210 1.482259921
v 0.344130543 0.212490529 1.593766738
v -0.858383721 0.132236493 1.214296684
v -0.830202245 0.138131931 1.349506829
v -0.880414229 0.111507370 1.227087810
v -0.764424545 0.211539652 1.363381948
v -0.816519479 0.148591581 1.381737574
v -0.804594133 0.166182809 1.291693833
v -0.777040306 0.182442809 1.344303659
v -0.793673026 0.170842107 1.315975291
v 0.331389252 0.059684562 1.076774020
v 0.310802338 0.143742107 1.074100169
v 0.408590178 0.833413345 1.557994946
v 0.374383264 0.742414397 1.544047561
v 0.711180150 -0.002978246 1.425025055
v 0.785556652 0.020223158 1.439189239
v -0.917508333 0.104851229 1.158796208
v -0.851981693 0.148021054 1.221884640
v 0.763024024 0.005104210 1.482259921
v 0.722226786 0.016800000 1.338161029
v 0.784929002 -0.005165264 1.343002867
v -0.883803538 0.139938598 1.167757223
v 0.281867682 0.093155439 1.094334717
v 0.297998282 0.011855438 1.244142644
v 0.428863267 0.091634036 1.229761661
v 0.291659019 0.088781404 1.242335988
v 0.932615002 -0.005640702 1.103801596
v 0.856606610 0.105516843 1.158796208
v 0.883783847 0.139938598 1.167757223
v 0.677726415 0.022885614 1.133503022
v 0.755178401 0.066340702 1.263004134
v 0.766789923 0.009953684 1.279625370
v 0.781351398 0.120445615 1.244937572
v 0.549372030 0.006720701 1.113774337
v 0.535940324 0.071475439 1.115291929
v 0.419574050 0.302063162 1.371331235
v 0.389258564 0.260890179 1.383833296
v 0.376956628 0.195945266 1.625852951
v 0.587282078 0.063583158 1.000027268
v 0.609061526 0.003392631 1.070775922
v 0.425850548 0.226278249 1.602583220
v 0.389007504 0.192807371 1.599403505
v 0.391706398 0.185580704 1.495990508
v 0.393965938 0.061776492 1.501555009
v 0.385994785 0.270208775 1.443163883
v 0.344130543 0.212490529 1.593766738
v 0.389007504 0.192807371 1.599403505
v 0.390011744 0.109700703 1.512467212
v 0.469221149 0.043044211 1.573532189
v 0.338356165 0.205454038 1.620505248
v 0.369675890 0.156959300 1.613278624
v 0.389007504 0.192807371 1.599403505
v 0.791895915 0.083741755 1.440995895
v 0.821395456 0.076705264 1.408548351
v 0.772376006 0.168655090 1.442224422
v 0.384425661 0.239590529 1.419677353
v 0.356244184 0.174265265 1.591020620
v 0.881712602 0.004343508 1.321395260
v 0.901169746 0.074708422 1.274928064
v 0.854221541 0.066245615 1.351385751
v 0.380157642 0.161238248 1.599258972
v 0.374759854 0.117307721 1.567172760
v 0.729193699 0.002251578 1.517670382
v 0.637494063 -0.004024211 1.568112221
v 0.368985475 0.063963509 1.448728384
v 0.375575798 0.215343161 1.339100490
v 0.438780134 0.167799300 1.290754372
v 0.483092210 0.044090176 1.356588921
v 0.580503460 0.224566670 1.256789237
v 0.543472122 0.144502809 1.174188918
v 0.520625669 0.088210878 1.235326162
v 0.620798578 0.209732985 1.281576559
v 0.281177267 0.091919299 1.210394307
v 0.403443450 0.081364562 1.168552151
v 0.563870740 0.075374036 1.084145177
v 0.642075906 0.157624914 1.235832025
v 0.662411760 0.078702106 1.131913165
v 0.663855354 0.032774737 1.087830755
v 0.778464209 -0.002407720 1.250140742
v 0.567134519 0.075183860 1.051553100
v 0.771057941 0.062347018 1.241035195
v 0.575482262 0.071570527 1.024308726
v 0.582511940 0.113123861 1.050469107
v 0.648101344 0.082505615 1.059430121
v 0.613455075 0.141650177 1.048662450
v 0.617220974 0.048749474 1.032547078
v 0.308103444 0.126911580 1.173827587
v 0.363964277 0.048654386 1.132419029
v 0.293918559 0.061015790 1.148389869
v 0.285508051 0.066625965 1.094479250
v 0.366976996 0.181967371 1.234314434
v 0.413046492 0.022695438 1.241541059
v 0.410222068 0.147735791 1.224703024
v 0.718586418 0.153155791 1.340184483
v 0.497528156 0.682223869 1.265822517
v 0.752730567 0.130334738 1.289959443
v 0.834638867 0.106087369 1.191894148
v 0.829868728 0.019367368 1.368585118
v 0.729193699 0.002251578 1.517670382
v 0.590671387 0.003297543 1.345748984
v 0.811290294 0.016229473 1.407030760
v 0.277662429 0.054169474 1.050830438
v -0.441122130 0.640860711 1.358323311
v -0.486438446 0.621557904 1.336137574
v -0.535144071 0.621462816 1.326020299
v -0.314587929 0.136230177 1.215308412
v -0.419342682 0.853857205 1.496929969
v -0.451478352 0.882858960 1.617614599
v -0.510665728 0.906725978 1.641101128
v -0.452231531 0.849768433 1.670585756
v -0.331220649 0.153916493 1.273121408
v -0.436791346 0.608435798 1.387518874
v -0.360029775 0.168274739 1.219066257
v -0.320362307 0.147355440 1.239589870
v -0.400073833 0.799562117 1.453136625
v -0.397374938 0.619465974 1.444826006
v -0.400199363 0.653792641 1.415052313
v -0.487630981 0.594172640 1.362876084
v -0.484053377 0.567548078 1.391421251
v -0.433653097 0.575820710 1.407175293
v -0.539976974 0.568689131 1.375305879
v -0.337622677 0.159336493 1.293861820
v -0.538784440 0.599687728 1.357961980
v -0.348606548 0.167704213 1.189437096
v -0.309378435 0.087925615 1.286779728
v -0.321743137 0.099526317 1.324069111
v 0.384174601 -0.007447369 1.301160711
v 0.401874325 0.002727017 1.347122043
v 0.448194881 0.025928421 1.315108096
v 0.321346855 0.024502105 1.283310949
v -0.391788855 0.773983520 1.503433931
v -0.399822773 0.689830887 1.381159444
v -0.405095031 0.795758608 1.601860557
v -0.422418166 0.883809837 1.457255801
v -0.374340190 0.742414397 1.544047561
v -0.410618349 0.854142469 1.372704294
v -0.408547105 0.833413345 1.557994946
v -0.508029599 0.920989136 1.564354376
v -0.365050973 0.727865975 1.462169905
v -0.455997430 0.900355101 1.550696056
v -0.410618349 0.854142469 1.372704294
v -0.281385254 0.062156843 1.071859915
v -0.397563233 0.814776152 1.338739159
v -0.277682120 0.054169474 1.050830438
v -0.410994939 0.760766327 1.303617763
v -0.277117235 0.033915789 1.034787331
v -0.277682120 0.054169474 1.050830438
v -0.385073002 0.754585625 1.422640269
v -0.355636226 0.692778606 1.496279573
v -0.462462223 0.925933698 1.498303028
v 0.463760596 0.036578246 1.336209840
v 0.592930926 -0.006211229 1.280203500
v 0.533304195 0.023646316 1.280275766
v 0.537509448 0.010048772 1.184522991
v 0.600274429 0.003012280 1.223257699
v 0.658771391 0.022410175 1.220005718
v 0.428235617 0.009478245 1.392649777
v 0.375073679 0.022695438 1.415702710
v 0.368044001 0.030302456 1.377546132
v 0.440223728 0.019082105 1.295740743
v 0.338607225 0.019272280 1.322190188
v 0.415054971 0.013852280 1.371764833
v 0.386936260 0.020413333 1.448945182
v 0.371056720 0.009478245 1.265822517
v 0.327623353 -0.003548773 1.173755321
v 0.419385755 0.853857205 1.496929969
v 0.419385755 0.853857205 1.496929969
v 0.595629821 0.861749486 1.508492568
v 0.441165203 0.640860711 1.358323311
v 0.760262365 -0.003073334 1.371981631
v 0.649921529 0.026023509 1.349795894
v -0.881732294 0.004343508 1.321395260
v -0.883803538 0.139938598 1.167757223
v -0.912675430 0.014898245 1.107053577
v -0.766809614 0.009953684 1.279625370
v -0.766809614 0.009953684 1.279625370
v -0.755198093 0.066340702 1.263004134
v -0.810305746 -0.003168422 1.312867843
v -0.887255612 0.047323158 1.174983847
v -0.818527959 0.155818247 1.269074498
v -0.851291278 0.126911580 1.308893199
v -0.874200496 0.124534387 1.268713167
v -0.838989342 0.131570879 1.329489079
v -0.857756071 0.008432280 1.348928699
v 0.363964277 0.048654386 1.132419029
v 0.346327317 0.059018948 1.101994939
v 0.345197548 0.123963861 1.104379726
v 0.346327317 0.059018948 1.101994939
v 0.324359574 0.047703509 1.137549932
v 0.646908810 0.051887369 1.056322672
v -0.601737715 0.432523515 1.454003820
v 0.644712035 0.047988772 1.078580676
v 0.614522080 0.046562456 1.055527744
v -0.937404832 0.018321403 1.115364195
v -0.852923168 0.070334386 1.154966097
v -0.856626302 0.105516843 1.158796208
v -0.860957085 0.046942807 1.167612690
v -0.781371090 0.120540703 1.244937572
v -0.860957085 0.046942807 1.167612690
v -0.937906952 0.052172632 1.115219662
v -0.911859485 0.050936491 1.188064037
v -0.911859485 0.050936491 1.188064037
v -0.912675430 0.014898245 1.107053577
v -0.911294600 0.047418246 1.093395256
v -0.932571928 -0.005640702 1.103801596
v -0.935208058 0.046657544 1.091010470
v 0.290717545 0.088115790 1.163421248
v 0.293918559 0.061015790 1.148389869
v 0.289587775 0.066816141 1.120422832
v 0.324359574 0.047703509 1.137549932
v -0.871313307 0.048274035 1.147811739
v -0.883803538 0.043804912 1.130034243
v -0.933262343 0.042758947 1.130106509
v -0.917822158 0.032014035 1.118832975
v -0.905708517 0.047418246 1.137044068
v -0.911859485 0.050936491 1.188064037
v -0.704797814 0.259178600 1.531834566
v -0.622575689 0.131665966 1.616313806
v -0.860957085 0.046942807 1.167612690
v -0.895666120 0.051126667 1.156122357
v -0.932571928 -0.005640702 1.103801596
v -0.937404832 0.018321403 1.115364195
v -0.925856075 0.050080702 1.148967999
v -0.897611834 0.033820702 1.114424734
v -0.887255612 0.047323158 1.174983847
v -0.919265752 0.051316842 1.165661501
v -0.634689330 0.073662457 1.608364519
v -0.795367681 0.154296844 1.412378462
v -0.497485083 0.682223869 1.265822517
v -0.456122960 0.717025975 1.281432026
v -0.724254958 0.106182457 1.538555326
v -0.541043979 0.526660358 1.380364516
v -0.274983226 0.067957193 1.035076396
v -0.740950442 0.222284564 1.391927115
v -0.484429967 0.526755446 1.395684960
v -0.275045991 0.074137895 1.047072593
v -0.762165006 0.201650529 1.416136307
v -0.883050359 0.118163510 1.239589870
v -0.283142674 0.105421755 1.063115700
v -0.871313307 0.048274035 1.147811739
v -0.277117235 0.084312281 1.068824733
v -0.584916701 0.668721413 1.365116338
v -0.902758563 0.111792633 1.190232025
v -0.893783170 0.128052633 1.135381945
v -0.897611834 0.033820702 1.114424734
v -0.883803538 0.043804912 1.130034243
v -0.933262343 0.042758947 1.130106509
v -0.934266583 0.072236141 1.119555637
v -0.926672020 0.082790878 1.097442166
v -0.441310425 0.006055087 1.412884326
v -0.925856075 0.050080702 1.148967999
v -0.933889993 0.060160000 1.130034243
v -0.822795977 0.000444912 1.200132500
v -0.897172479 0.054740000 1.102789868
v -0.892527871 0.086023860 1.111245019
v -0.558492644 0.932209487 1.508853900
v -0.928429440 0.069098246 1.146077349
v -0.403839731 0.012330877 1.487824422
v -0.882046119 0.063868421 1.117026318
v -0.905708517 0.068812983 1.099176556
v -0.917445568 0.109035089 1.110233291
v -0.928052850 0.090017545 1.134297951
v -0.638015874 0.277720705 1.419460554
v 0.535940324 0.351128426 1.654976247
v 0.928033158 0.090017545 1.134297951
v 0.934246891 0.072236141 1.119555637
v 0.917425876 0.109035089 1.110233291
v 0.703585587 0.294361057 1.458267528
v 0.704840887 0.259178600 1.531834566
v -0.703542514 0.294361057 1.458267528
v -0.603055780 0.928691242 1.436009525
v -0.680696061 0.252332284 1.417075768
v -0.818025839 0.110176141 1.202589553
v 0.926652328 0.082790878 1.097442166
v 0.549999680 0.006340350 1.561535992
v 0.458425573 -0.000886316 1.563920779
v -0.310445440 0.048559298 1.039773702
v 0.887298686 0.047323158 1.174983847
v 0.871293616 0.048274035 1.147811739
v -0.286594748 0.047513334 1.013396523
v 0.433633405 0.575820710 1.407175293
v -0.285025623 0.012521052 1.022357537
v 0.331263722 0.153916493 1.273121408
v -0.294314840 0.045136141 1.042519820
v -0.301344518 0.124629475 1.048590184
v -0.338313092 0.088971580 1.073232974
v -0.330279174 0.121301405 1.070631389
v -0.307181661 0.070714737 1.026621246
v -0.302223228 0.037053684 1.024091927
v 0.895646428 0.051126667 1.156122357
v -0.310445440 0.048559298 1.039773702
v -0.285025623 0.012521052 1.022357537
v 0.861000159 0.046942807 1.167612690
v 0.905751590 0.047418246 1.137044068
v 0.911839793 0.050936491 1.188064037
v 0.919246061 0.051316842 1.165661501
v 0.897654907 0.033820702 1.114424734
v 0.347708147 -0.002883158 1.228677667
v 0.393212758 0.014517894 1.157423149
v 0.278227313 0.017180351 1.190882421
v 0.646343925 0.024216842 1.312940109
v 0.590043737 0.004723859 1.312361979
v 0.648728994 0.026974386 1.281070695
v 0.604165858 -0.003738948 1.195001597
v 0.483092210 0.044090176 1.356588921
v 0.523261798 0.034676491 1.335559444
v 0.516232120 0.025928421 1.365911267
v 0.532048895 0.028495789 1.307231076
v 0.285508051 0.066625965 1.094479250
v -0.899745844 0.071380351 1.230484323
v -0.907026581 0.077085615 1.247250092
v 0.541526407 0.018891930 1.218488127
v 0.667432958 0.014422807 1.191749616
v 0.747458309 0.017085263 1.307953738
v 0.702957937 0.023075789 1.371764833
v 0.574540787 -0.006306316 1.382677036
v 0.640695077 -0.007162106 1.460869113
v -0.310006085 0.088115790 1.032402545
v 0.399803081 0.689830887 1.381159444
v 0.422398474 0.883809837 1.457255801
v 0.365031282 0.727865975 1.462169905
v 0.314568237 0.136230177 1.215308412
v -0.302223228 0.037053684 1.024091927
v 0.486418754 0.621557904 1.336137574
v 0.535187144 0.621462816 1.326020299
v 0.309421509 0.087925615 1.286779728
v 0.436771654 0.608435798 1.387518874
v 0.337602985 0.159336493 1.293861820
v 0.484096450 0.567548078 1.391421251
v 0.400054141 0.799562117 1.453136625
v 0.321346855 0.024502105 1.283310949
v 0.338607225 0.019272280 1.322190188
v 0.400054141 0.799562117 1.453136625
v 0.595629821 0.861749486 1.508492568
v 0.400054141 0.799562117 1.453136625
v 0.508072673 0.920989136 1.564354376
v 0.468279675 0.610337553 1.676077991
v 0.580189635 0.558514745 1.431384485
v 0.556276178 0.908247382 1.557705881
v 0.418695340 0.662160360 1.622745502
v 0.462003177 0.699149484 1.689664045
v 0.516545945 0.705520361 1.709970860
v 0.455538384 0.777977204 1.698552793
v 0.405138104 0.795758608 1.601860557
v 0.570210003 0.604917553 1.659239956
v 0.427356907 0.485487375 1.415919508
v 0.430306861 0.535598604 1.404645974
v 0.416749626 0.730338256 1.616024741
v 0.425850548 0.226278249 1.602583220
v 0.406644464 0.143551931 1.574182585
v 0.366976996 0.202696494 1.579168956
v 0.476878477 0.127957545 1.608219987
v 0.385429900 0.234360705 1.543541697
v 0.356244184 0.174265265 1.591020620
v 0.344130543 0.212490529 1.593766738
v 0.376956628 0.195945266 1.625852951
v 0.937887260 0.052172632 1.115219662
v 0.925899149 0.049985614 1.148967999
v 0.917802466 0.032014035 1.118905241
v 0.462442532 0.925933698 1.498303028
v 0.456103269 0.717025975 1.281432026
v 0.851334352 0.126911580 1.308893199
v 0.594311756 0.034296140 0.966929327
v 0.624313417 -0.014959299 0.960064034
v 0.614898670 0.018511579 0.989765461
v 0.640695077 0.102188773 1.003568314
v 0.618413508 0.078131580 0.955944858
v 0.874243570 0.124534387 1.268713167
v 0.605860512 0.151539300 1.112184480
v 0.631782449 0.004343508 0.972277029
v 0.597450005 -0.002692983 0.971843432
v 0.618476273 0.118353685 0.981382576
v 0.596822355 0.066721053 0.970398107
v 0.644712035 0.047037895 1.012673860
v 0.639879132 0.029351579 0.987091610
v 0.647473695 0.071095088 1.008916016
v 0.639879132 0.029351579 0.987091610
v -0.867108054 0.070334386 1.135671010
v 0.636427058 0.115786317 1.057840264
v 0.648101344 0.082505615 1.059430121
v 0.639941897 0.111412282 1.027199376
v 0.588537378 0.106182457 1.019250089
v 0.822776285 0.000444912 1.200132500
v 0.656700147 0.081744913 1.106475447
v 0.667558488 0.086974738 1.174405717
v 0.628895260 0.118829124 1.096285906
v 0.567134519 0.075183860 1.051553100
v 0.422649534 0.087925615 1.208659917
v 0.575733322 0.113884563 1.085951833
v 0.278917728 0.042378597 1.155977825
v 0.587282078 0.204122810 1.227160076
v 0.552321984 0.142315791 1.146149615
v 0.540961522 0.200509476 1.272904609
v 0.444868337 0.102474036 1.276373389
v 0.476501887 0.110841756 1.322190188
v 0.355302710 0.177973686 1.340256750
v 0.390011744 0.109700703 1.512467212
v 0.549999680 0.006340350 1.561535992
v 0.766350568 0.051602106 1.490209208
v 0.811290294 0.016229473 1.407030760
v 0.857736380 0.008432280 1.348928699
v 0.829868728 0.019367368 1.368585118
v 0.872172325 0.065865264 1.328477352
v 0.903052696 0.009858596 1.257873230
v 0.839785595 0.068242457 1.371620300
v 0.762208079 0.094962106 1.492593995
v 0.345260313 0.160192283 1.608219987
v 0.338356165 0.205454038 1.620505248
v 0.548932675 0.127862458 1.630188925
v 0.551254979 0.075183860 1.608436786
v 0.596383000 0.090778246 0.991138519
v 0.663855354 0.032774737 1.087830755
v 0.597450005 -0.002692983 0.971843432
v 0.631782449 0.004343508 0.972277029
v 0.619794338 0.042188421 1.010578139
v 0.646846045 0.055595790 0.985935350
v 0.564059035 0.125580352 1.112184480
v 0.549372030 0.006720701 1.113774337
v 0.604479683 -0.011441053 1.121434559
v 0.667432958 0.014422807 1.191749616
v 0.766789923 0.009953684 1.279625370
v 0.852903476 0.070334386 1.154966097
v 0.861000159 0.046942807 1.167612690
v 0.883846612 0.043804912 1.130034243
v 0.933242651 0.042758947 1.130106509
v 0.801750017 0.113599299 1.221812374
v 0.834325042 0.149067019 1.248189553
v 0.716264113 0.200699652 1.374510950
v 0.537572213 0.661019308 1.261269744
v 0.469409444 0.948849838 1.443597480
v 0.413046492 0.022695438 1.241541059
v 0.412481607 0.012045614 1.198614909
v 0.297998282 0.011855438 1.244142644
v 0.375513033 0.189003862 1.253320457
v 0.309295979 0.060920702 1.087035827
v 0.278917728 0.042378597 1.155977825
v 0.293918559 0.061015790 1.148389869
v 0.374257734 0.075278948 1.143475764
v 0.646281160 0.051126667 1.034642799
v 0.595441526 0.182062458 1.186474180
v 0.591047977 0.187197195 1.210105242
v 0.526462812 0.144978247 1.229111265
v 0.519370369 0.091063510 1.267990505
v 0.534685024 0.146594739 1.202300488
v 0.533304195 0.023646316 1.280275766
v 0.338042340 0.147260353 1.157784481
v 0.374257734 0.075278948 1.143475764
v 0.363964277 0.048654386 1.132419029
v 0.286449526 0.094962106 1.123747079
v 0.294420678 0.123868773 1.120639631
v 0.289587775 0.066816141 1.120422832
v 0.318773491 0.062727369 1.111823149
v 0.362583447 0.128718247 1.149618395
v 0.353231465 0.086784562 1.104379726
v 0.362583447 0.128718247 1.149618395
v 0.646908810 0.051887369 1.056322672
v 0.646908810 0.051887369 1.056322672
v 0.646281160 0.051126667 1.034642799
v 0.648854524 0.079843159 1.032908409
v 0.565690925 0.039621053 1.070197792
v -0.741766387 0.915283873 0.673528372
v -0.431079733 1.001528436 0.594974963
v -0.640840298 1.257219317 1.102789868
v -0.436477521 1.039943875 0.568959115
v -0.377352910 1.060387735 0.683428847
v -0.749674775 1.128470543 0.535066246
v -0.561756423 1.356871248 1.200855163
v -0.569288220 0.732905625 0.943081466
v -0.491020290 0.755441414 0.950235825
v -0.448779458 0.887518259 0.586447546
v -0.413442773 0.831036152 0.964761340
v -0.311700740 1.159183877 0.802379087
v -0.701659565 1.138740017 0.485274803
v -0.803276068 1.143589491 0.698893824
v -0.278309770 1.174017561 0.937733764
v -0.271342857 1.204350544 1.089348347
v -0.332287653 1.263400019 1.157350883
v -0.448904987 1.073985279 0.494308084
v -0.428443604 1.190657912 0.515626626
v -0.347476779 1.148343877 0.667024410
v -0.777542426 1.151767034 0.619328688
v -0.448904987 1.073985279 0.494308084
v -0.621571449 1.109262823 0.423631696
v -0.482295957 1.009135453 0.457235500
v -0.437042406 0.998770892 0.469593028
v -0.468864251 1.082733349 0.441481459
v -0.363670144 1.146727385 1.126709995
v -0.474324805 1.470881425 1.283310949
v -0.440933835 1.324636511 1.228388602
v -0.754382148 0.966536154 0.681766724
v -0.319609127 1.133320017 1.051480834
v -0.346409774 0.887708434 0.990488123
v -0.417145907 0.811733345 1.027705239
v -0.322308022 1.047931243 1.131913165
v -0.446206093 1.092432297 1.299932185
v -0.520206006 1.100134402 1.298992724
v -0.332350418 1.018549138 1.176067841
v -0.606382324 1.170974754 1.144776557
v -0.710007307 1.148248789 1.098309361
v -0.407354570 0.871353346 0.840969262
v -0.413944893 0.850148784 0.896686537
v -0.346723599 1.081021770 0.938600959
v -0.740636618 0.920038259 0.810183841
v -0.436477521 1.039943875 0.568959115
v -0.482295957 1.009135453 0.457235500
v -0.444134849 1.122860367 1.264593991
v -0.693562882 1.165364579 1.056105874
v -0.315403874 0.966726330 1.098887491
v -0.344275765 0.994682120 1.218704925
v -0.363042494 0.936773698 1.298197795
v -0.307056131 1.150721070 1.069330597
v -0.543491813 1.092622472 0.418211728
v -0.468173837 1.205111246 0.420162916
v -0.485245911 1.541531602 1.280564831
v -0.352749037 0.945902119 0.866551513
v -0.331911064 0.993255804 0.908827266
v -0.363670144 1.146727385 1.126709995
v -0.358021296 1.129706683 1.167901755
v -0.650882695 0.817438608 0.795369261
v -0.682014126 0.832652644 0.855639310
v -0.539098265 0.779593696 0.777880830
v -0.321994197 1.075982121 1.101561342
v -0.711513667 1.102131244 1.194857064
v -0.519013471 1.183526333 1.114786065
v -0.499116972 1.027487383 1.371186703
v -0.373775306 1.049832998 1.278180045
v -0.445327384 1.021021418 1.365333137
v -0.525729324 0.765805976 0.836271956
v -0.469680196 0.820196152 0.783373065
v -0.391663325 1.168882824 0.587459274
v -0.462650518 0.801844222 0.841186061
v -0.438360471 1.159944578 1.179608887
v -0.682830070 1.067138963 1.248839950
v 0.727875635 0.248718951 1.471564517
v 0.638058947 0.562698605 1.544770224
v 0.728063930 0.219907371 1.504517925
v 0.620045398 0.600163166 1.487752156
v -0.740636618 0.920038259 0.810183841
v -0.286594748 1.154524578 0.946333447
v -0.337810972 1.238962474 1.147233609
v -0.783442334 1.007328787 0.784962922
v 0.484410275 0.526755446 1.395684960
v 0.277160309 0.084312281 1.068824733
v 0.543221062 0.479591937 1.388602868
v 0.302266301 0.037053684 1.024091927
v 0.610567886 0.811733345 1.554381634
v 0.286575056 0.047513334 1.013396523
v 0.285068696 0.012521052 1.022357537
v 0.582511940 0.705615449 1.302027906
v 0.580503460 0.603396149 1.419821886
v 0.511148157 0.940577207 1.509937893
v 0.913157858 0.019082105 1.218632659
v 0.844555734 0.018036140 1.174550250
v 0.902738871 0.111792633 1.190232025
v 0.919246061 0.051316842 1.165661501
v 0.874620160 0.098670527 1.132563561
v 0.856606610 0.105516843 1.158796208
v 0.910207904 0.076610176 1.197314117
v 0.880959423 0.038860351 1.187774972
v 0.905500530 0.042663860 1.212562295
v 0.911839793 0.050936491 1.188064037
v 0.905500530 0.042663860 1.212562295
v 0.319024551 0.110651580 1.050758172
v 0.920752420 0.075754387 1.168263086
v 0.910207904 0.076610176 1.197314117
v 0.291094134 0.093630878 1.025248187
v 0.913157858 0.019082105 1.218632659
v 0.565126040 0.843968082 1.665527119
v 0.560042076 0.878580013 1.614218085
v 0.275089064 0.074137895 1.047072593
v 0.294295148 0.045136141 1.042519820
v 0.285068696 0.012521052 1.022357537
v 0.280173028 0.088020703 1.039918235
v 0.283185747 0.105421755 1.063115700
v 0.541087052 0.526660358 1.380364516
v 0.486104929 0.476358954 1.403056117
v 0.275026299 0.067957193 1.035076396
v 0.302266301 0.037053684 1.024091927
v 0.320530910 0.055405614 1.057840264
v 0.307161969 0.070714737 1.026621246
v 0.330259482 0.121301405 1.070631389
v 0.338293400 0.088971580 1.073232974
v 0.603098853 0.928691242 1.436009525
v 0.598517010 0.896551592 1.473082108
v 0.277097544 0.033915789 1.034787331
v 0.310425748 0.048559298 1.039773702
v 0.310425748 0.048559298 1.039773702
v 0.315823537 0.073757544 1.036377189
v 0.326681878 0.082220352 1.052564828
v 0.310049159 0.088115790 1.032402545
v 0.301324826 0.124629475 1.048590184
v 0.818006147 0.110176141 1.202589553
v 0.703585587 0.294361057 1.458267528
v 0.584959774 0.668721413 1.365116338
v 0.590420327 0.640575448 1.396118557
v 0.859368269 0.042568772 1.175345178
v -0.543240753 2.157604945 0.632047547
v -0.542173749 1.874433712 0.369937876
v -0.557174579 1.849045291 0.360109667
v -0.549266192 1.946034766 0.420957845
v -0.448716693 1.720676868 0.331998097
v -0.570041400 1.793989500 0.336984468
v -0.533261121 1.738743535 0.315160062
v 0.593684106 0.502508077 1.439622837
v 0.662411760 0.447927726 1.493533456
v 0.632723924 0.866789135 1.400382266
v -0.482986372 0.725488782 1.148606668
v -0.488384160 0.742984923 1.008554684
v -0.484806556 1.778490202 0.321158160
v -0.690110808 1.789330202 1.100116017
v -0.510226374 1.775732658 0.324699206
v -0.730594221 1.237726334 1.022285271
v -0.325885625 1.103842823 1.070992720
v -0.762478831 0.999341418 0.933542322
v -0.651259285 0.846820714 1.251007937
v -0.612784352 1.782864237 1.200855163
v -0.369632817 1.128660718 0.687764822
v 0.625882541 0.791194397 1.357961980
v -0.749674775 1.128470543 0.535066246
v -0.448779458 0.887518259 0.586447546
v -0.488572455 2.177097927 1.031246285
v -0.765805375 0.947043172 0.733437089
v -0.804531368 1.014080015 0.713419339
v -0.804531368 1.014080015 0.713419339
v -0.562321308 0.724347730 0.993595572
v -0.352309682 0.866313697 1.049818710
v -0.749172655 1.069230893 0.591795249
v -0.734046295 1.016742471 0.568742316
v -0.703668044 1.055823524 0.502763235
v -0.774027587 0.986029137 0.568091920
v -0.412250239 0.849197907 0.609139147
v -0.438486001 0.951417207 0.602057055
v -0.438486001 0.951417207 0.602057055
v -0.448779458 0.887518259 0.586447546
v -0.763106481 1.072273700 0.529935343
v -0.423673465 0.906630890 0.677864347
v -0.364486089 0.979563172 0.802451353
v -0.413066184 0.869356504 0.777302700
v 0.623748532 0.762572994 1.587045977
v -0.388650606 0.963493347 0.697665298
v 0.762521904 0.999341418 0.933397789
v 0.804511676 1.014080015 0.712913475
v 0.779907804 0.976710541 0.838584476
v -0.765805375 0.947043172 0.733437089
v -0.779927495 0.976710541 0.838873541
v 0.516545945 0.957027382 1.453136625
v 0.563368620 0.952843523 1.458339794
v 0.558535717 0.932209487 1.508853900
v 0.886294446 0.014612982 1.188425369
v 0.903052696 0.009858596 1.257873230
v 0.638058947 0.277720705 1.419460554
v 0.624878301 0.697532993 1.449234247
v -0.699400025 0.900545276 1.109727428
v -0.659293203 0.920418610 1.305207621
v -0.715467860 0.985743874 1.168046288
v 0.823529465 1.057535103 0.637467516
v 0.792962920 1.089769841 0.714358800
v 0.743629645 0.919657908 0.877752781
v 0.734026603 1.016742471 0.568164186
v -0.513741212 1.814908799 0.336984468
v -0.524285729 2.207145647 0.733798420
v -0.519452826 2.116622137 1.105246920
v -0.519013471 1.183526333 1.114786065
v -0.498740382 2.083341435 1.212851360
v -0.520645360 1.212908439 1.132852626
v -0.622952279 1.223653351 1.106114115
v -0.527361213 1.806065641 0.334382883
v -0.570104165 2.020868802 0.477180984
v -0.573807299 2.094561786 0.551470684
v -0.734987769 1.105744578 0.956812053
v -0.693562882 1.165364579 1.056105874
v -0.809427036 1.074365630 0.847690023
v -0.809615331 1.137123526 0.929639945
v -0.325885625 1.103842823 1.070992720
v 0.643142911 0.529703165 1.488691617
v 0.601780789 0.432523515 1.454003820
v -0.318416593 1.039563524 0.994245968
v 0.630338855 0.805362468 1.460290983
v -0.322308022 0.955220716 0.975384478
v -0.571987115 1.728093710 0.318122978
v -0.718606109 0.931163522 1.049890977
v -0.372582771 1.096521069 0.688559751
v -0.404906736 1.135126683 0.612029797
v -0.734987769 1.105744578 0.956812053
v -0.643727487 1.865020028 1.126276398
v 0.617346504 0.741463519 1.415847242
v -0.728334681 0.891511943 0.931302068
v -0.469931256 1.855130905 1.314240901
v -0.777542426 1.151767034 0.619328688
v -0.749172655 1.069230893 0.591795249
v -0.476709874 1.935289853 1.279914435
v -0.706178643 1.279755107 1.007542957
v -0.703668044 0.859372293 0.996124890
v -0.510665728 2.057572662 1.207359125
v -0.465161117 1.775257219 1.338594626
v -0.455871900 1.980361433 1.291982898
v -0.489764990 2.149047050 1.096574971
v -0.703354219 0.932589838 0.589193664
v -0.577447668 0.745457204 0.893073225
v -0.526482504 1.271007036 1.150846921
v -0.736996249 1.350024932 1.017515699
v -0.646426382 1.342798265 1.099682420
v -0.425995770 1.227361772 1.149257064
v -0.310131615 0.993541067 1.049963243
v -0.387458071 0.979372997 1.343075133
v -0.363732909 1.082257911 1.246093832
v -0.344275765 0.994682120 1.218704925
v 0.448822531 0.887518259 0.586375280
v 0.477506127 0.862605276 0.661821240
v 0.765785683 0.947043172 0.733220290
v 0.421394234 0.937629487 0.510423457
v 0.482339030 1.009135453 0.456946435
v 0.569268529 0.732905625 0.943081466
v 0.734026603 1.016742471 0.568164186
v -0.792982611 1.089769841 0.714936930
v -0.744025927 1.077978963 1.004796840
v -0.788840123 1.034523875 0.879342638
v -0.792606022 1.147963526 0.813941686
v -0.596779282 1.507965636 1.239734403
v -0.599289881 1.584416164 1.252670061
v -0.316533643 1.124952297 0.939757219
v -0.307056131 1.150721070 1.069330597
v -0.492714944 1.085395805 0.445889700
v -0.271342857 1.204350544 1.089348347
v -0.578200848 1.034904226 0.430207924
v -0.389403786 0.916995452 0.787709039
v -0.550709786 0.823429135 0.613764187
v -0.498865912 2.189934770 0.843498580
v -0.502004161 2.165116874 0.958112845
v -0.475266279 2.216654419 0.845377503
v -0.345531064 1.217282474 1.145282420
v -0.299524334 1.167551596 1.075184162
v -0.304796592 1.140261420 0.942503336
v -0.696763896 0.857090188 0.799271638
v -0.690989518 0.874681416 0.709300163
v -0.371955121 1.025965980 0.697303967
v -0.389403786 0.916995452 0.787709039
v -0.436854111 1.173827386 1.134008886
v -0.346723599 1.081021770 0.938600959
v -0.428129779 1.202829141 1.142319504
v -0.325885625 1.103842823 1.070992720
v -0.426748949 1.254081422 1.172671327
v -0.575250894 1.908284941 0.399494770
v -0.593327208 1.864259326 0.389738827
v -0.584728406 1.996716521 0.474868464
v -0.784823164 1.343939318 0.916776553
v -0.781622150 1.253986334 0.908393669
v -0.696638366 0.906250540 0.648668784
v -0.364486089 0.979563172 0.802451353
v -0.465223882 1.401562477 1.265605718
v -0.696763896 0.857090188 0.799271638
v -0.503447756 1.606381427 1.267990505
v -0.598976056 0.785964573 0.785468786
v 0.749655083 1.128470543 0.533837720
v 0.765785683 0.947043172 0.733220290
v -0.734046295 1.016742471 0.568742316
v -0.734046295 1.016742471 0.568742316
v -0.749172655 1.069230893 0.591795249
v -0.509598724 1.655731954 1.255632977
v -0.586360295 0.765901064 0.839451671
v -0.605817439 2.095702838 0.575968941
v -0.496606373 0.858136153 0.610656739
v -0.508971074 2.145053365 1.025537252
v -0.478843883 1.998428100 1.250574339
v -0.471500381 2.036082837 1.260474815
v -0.415074663 1.077028086 0.568814583
v -0.474826924 0.944000365 0.520468465
v -0.686407674 0.882668785 0.627061176
v -0.363042494 0.936773698 1.298197795
v -0.625086288 0.989167032 1.361792091
v -0.603495135 1.181814754 1.092022198
v -0.321994197 1.075982121 1.101561342
v -0.348920373 0.914142820 0.926315697
v -0.752750259 1.050403524 1.051914432
v -0.325885625 1.103842823 1.070992720
v -0.579518912 1.640422831 1.256355639
v -0.795304916 1.180578614 0.903624096
v -0.647430621 1.295159317 1.104235193
v -0.431456323 1.282417563 1.198687175
v -0.319609127 1.133320017 1.051480834
v -0.537215315 1.304668089 1.168768950
v 0.646030100 0.750877204 1.493750254
v 0.617346504 0.741463519 1.415847242
v -0.638392464 1.715732306 1.185028855
v -0.788840123 1.034523875 0.879342638
v -0.603495135 1.181814754 1.092022198
v -0.712706201 1.203399667 1.041652625
v 0.680739134 0.252332284 1.417075768
v 0.634983463 0.644759308 1.545059289
v 0.616530559 0.652271237 1.474888764
v -0.438611531 1.137218613 0.495681143
v -0.335990787 1.100134402 0.811556900
v -0.621571449 1.109262823 0.423631696
v -0.588557069 1.429233004 1.224703024
v -0.348606548 1.201022474 1.137838997
v -0.413066184 0.869356504 0.777302700
v -0.638141404 0.798896503 0.850074809
v -0.553973565 1.701564236 1.242841851
v 0.830182553 0.138131931 1.349506829
v 0.764467618 0.211539652 1.363381948
v 0.816499787 0.148591581 1.381737574
v -0.353816042 1.180768789 1.132202230
v -0.737372839 0.964634400 0.987163876
v -0.443067844 1.895638274 1.329994943
v -0.436854111 1.173827386 1.134008886
v -0.519766651 1.170974754 1.162481787
v -0.739820673 1.017503173 1.109293830
v -0.333668483 1.107361069 0.935276712
v -0.419028857 1.860741080 1.356444389
v -0.446896508 1.103272297 0.491489700
v -0.446143328 1.808157571 1.346471647
v -0.701659565 1.138740017 0.485274803
v -0.492714944 1.085395805 0.445889700
v -0.288665992 1.184382123 1.082266254
v -0.288665992 1.184382123 1.082266254
v -0.524976144 1.285555458 0.372250396
v -0.480852363 2.204102840 0.961148028
v 0.703648352 1.055918612 0.502185105
v 0.734026603 1.016742471 0.568164186
v 0.763086789 1.072273700 0.529068148
v 0.883093432 0.118163510 1.239589870
v 0.858426795 0.132236493 1.214296684
v 0.852024766 0.148021054 1.221884640
v -0.343836410 1.076647735 0.826516013
v -0.357707471 1.028818612 0.840029801
v 0.907006890 0.077085615 1.247250092
v 0.899726152 0.071380351 1.230484323
v 0.917488641 0.104851229 1.158796208
v 0.883783847 0.139938598 1.167757223
v 0.893763479 0.128052633 1.135381945
v 0.861000159 0.046942807 1.167612690
v 0.778464209 -0.002407720 1.250140742
v 0.834450572 -0.009539299 1.284756273
v -0.299524334 1.167551596 1.075184162
v -0.563388312 1.577284585 0.297888429
v 0.822776285 0.000444912 1.200132500
v 0.867151127 0.070334386 1.135743276
v 0.871293616 0.048274035 1.147811739
v 0.852903476 0.070334386 1.154966097
v 0.880394538 0.111507370 1.227087810
v 0.704840887 0.259178600 1.531834566
v 0.652181068 0.463236849 1.548600335
v 0.795347989 0.154296844 1.412378462
v 0.777020615 0.182442809 1.344303659
v 0.634732403 0.073662457 1.608364519
v 0.622555997 0.131665966 1.616313806
v 0.694672960 0.156388774 1.560957862
v 0.755241166 0.185675792 1.474671966
v 0.724235266 0.106182457 1.538555326
v 0.762145314 0.201650529 1.416136307
v 0.793716099 0.170842107 1.315975291
v 0.640820607 1.257219317 1.102789868
v 0.474869998 0.944000365 0.520323932
v 0.741809460 0.915283873 0.673311573
v 0.803319141 1.143589491 0.698026629
v 0.332267962 1.263400019 1.157350883
v 0.730574529 1.237726334 1.022285271
v 0.482339030 1.009135453 0.456946435
v 0.621551758 1.109262823 0.422836767
v 0.543472122 1.092622472 0.417778130
v 0.448948061 1.073985279 0.494019019
v 0.492695252 1.085395805 0.445528368
v 0.561799496 1.356871248 1.200855163
v 0.588600143 1.429233004 1.224703024
v 0.794343749 0.910054048 0.733509355
v -0.485120381 1.117345280 0.450587006
v 0.412293312 0.849197907 0.609066881
v 0.448822531 0.887518259 0.586375280
v 0.488364469 0.742984923 1.008554684
v 0.438529074 0.951417207 0.602057055
v 0.468405205 0.786725275 0.894952147
v 0.514474701 0.751352642 0.894590816
v 0.426038843 0.769609485 1.157206351
v 0.374885384 0.824284924 1.180331549
v 0.609438116 1.160324929 1.197530916
v 0.545480601 0.706281063 1.144776557
v 0.606990282 1.133985631 1.246238365
v 0.446249167 1.092432297 1.299932185
v 0.725929920 1.131132999 1.140440582
v 0.520186314 1.100134402 1.298992724
v 0.322288330 1.047931243 1.131768632
v 0.332330727 1.018549138 1.176067841
v 0.749655083 1.128470543 0.533837720
v 0.311743813 1.159183877 0.802379087
v 0.278352843 1.174017561 0.937733764
v 0.701639873 1.138740017 0.484190810
v 0.436520595 1.039943875 0.568959115
v 0.377395983 1.060387735 0.683428847
v 0.777522734 1.151767034 0.618244694
v 0.596759590 1.507965636 1.239734403
v 0.599270189 1.584416164 1.252670061
v 0.336033861 1.100134402 0.811556900
v 0.316513952 1.124952297 0.939757219
v 0.363713217 1.082257911 1.246093832
v 0.322288330 1.047931243 1.131768632
v 0.310174689 0.993541067 1.049963243
v 0.315384182 0.966726330 1.098887491
v 0.440412023 1.145396157 1.225570219
v 0.521316083 1.159088789 1.210466573
v 0.525144747 1.240578966 1.138128062
v 0.413485847 0.831036152 0.964761340
v 0.346390082 0.887708434 0.990488123
v 0.436520595 1.039943875 0.568959115
v 0.431122806 1.001528436 0.594974963
v 0.352289991 0.866313697 1.049818710
v 0.562364381 0.724347730 0.993595572
v 0.482966680 0.725488782 1.148606668
v 0.606425397 1.170974754 1.144776557
v 0.522947973 1.133890543 1.256861503
v 0.710050380 1.148248789 1.098309361
v 0.444177922 1.122860367 1.264593991
v 0.355616535 1.111164578 1.209310313
v 0.448948061 1.073985279 0.494019019
v 0.363650452 1.146727385 1.126709995
v 0.474367878 1.470881425 1.283310949
v 0.428486677 1.190657912 0.515120762
v 0.468844560 1.082733349 0.441192394
v 0.485226220 1.541531602 1.280492565
v 0.391769163 1.168882824 0.587242475
v 0.347582617 1.148343877 0.667024410
v 0.468216910 1.205111246 0.419367988
v 0.437085479 0.998770892 0.469376229
v 0.271323165 1.204350544 1.089348347
v 0.474869998 0.944000365 0.520323932
v 0.448822531 0.887518259 0.586375280
v 0.749215728 1.069230893 0.591144852
v 0.774007896 0.986029137 0.567224725
v 0.438529074 0.951417207 0.602057055
v 0.448822531 0.887518259 0.586375280
v 0.749215728 1.069230893 0.591144852
v 0.822336931 0.983081418 0.678442477
v 0.754362457 0.966536154 0.681477659
v 0.732080888 0.958168435 0.626844377
v 0.754362457 0.966536154 0.681477659
v 0.325928699 1.103842823 1.070992720
v 0.792962920 1.089769841 0.714358800
v 0.353859115 1.180768789 1.132202230
v 0.319589436 1.133320017 1.051480834
v 0.431122806 1.001528436 0.594974963
v -0.357707471 1.028818612 0.840029801
v -0.561379833 1.023493699 1.375522677
v -0.598473936 1.098993349 1.291404768
v -0.421351161 0.937629487 0.510567989
v -0.732100580 0.958168435 0.627277975
v -0.474826924 0.944000365 0.520468465
v 0.630338855 0.805362468 1.460290983
v 0.642515261 0.701907028 1.522078623
v 0.804574441 0.166182809 1.291693833
v 0.740930751 0.222284564 1.391927115
v -0.477463054 0.862605276 0.661821240
v -0.469680196 0.820196152 0.783373065
v -0.321429312 1.137884227 0.812279563
v -0.330530234 1.119342122 0.810617439
v -0.551337436 1.442545285 0.314076068
v -0.485120381 1.117345280 0.450587006
v 0.902738871 0.111792633 1.190232025
v 0.870791496 -0.008683509 1.228677667
v 0.332330727 1.018549138 1.176067841
v 0.749215728 1.069230893 0.591144852
v 0.440976908 1.324636511 1.228388602
v 0.804511676 1.014080015 0.712913475
v -0.322308022 1.047931243 1.131913165
v -0.327203690 0.948564575 1.145571485
v -0.364674383 0.874110890 1.206708729
v -0.320550602 0.924887733 1.037388916
v -0.332350418 1.018549138 1.176067841
v -0.327266455 0.904729136 1.096285906
v -0.365050973 0.902066680 1.237349617
v -0.355636226 1.111164578 1.209310313
v -0.522967665 1.133890543 1.256861503
v -0.521335775 1.159088789 1.210466573
v -0.607009974 1.133985631 1.246238365
v -0.440431715 1.145396157 1.225570219
v -0.525164439 1.240578966 1.138128062
v -0.545437528 0.706281063 1.144776557
v -0.374905075 0.824284924 1.180331549
v -0.426058535 0.769609485 1.157206351
v -0.725949612 1.131132999 1.140440582
v -0.514431627 0.751352642 0.894590816
v -0.468424896 0.786725275 0.894952147
v -0.431079733 1.001528436 0.594974963
v -0.474826924 0.944000365 0.520468465
v -0.448779458 0.887518259 0.586447546
v -0.477463054 0.862605276 0.661821240
v -0.749172655 1.069230893 0.591795249
v -0.792982611 1.089769841 0.714936930
v -0.765805375 0.947043172 0.733437089
v -0.823549157 1.057535103 0.638190178
v -0.743649337 0.919657908 0.877752781
v -0.779927495 0.976710541 0.838873541
v -0.794363441 0.910054048 0.735605076
v -0.754382148 0.966536154 0.681766724
v -0.822356622 0.983081418 0.679020606
v -0.609395043 1.160324929 1.197530916
v -0.785576344 1.234208088 0.809316647
v -0.813004640 1.437030197 0.822758168
v -0.803401598 1.334335458 0.815314745
v -0.808862152 1.438646688 0.928122354
v -0.724506018 1.701183885 1.075400961
v -0.694378827 1.563116514 1.153014909
v -0.798819755 1.538393707 0.938095095
v -0.745532286 1.608948796 1.054732815
v -0.671030254 1.644416516 1.168479885
v -0.670339839 1.406982477 1.116954052
v -0.610901403 1.222987737 0.411707766
v -0.609269513 1.163462824 0.433893503
v -0.775157357 1.214810193 0.615932174
v -0.803338833 1.324731599 0.711829482
v -0.680758826 1.049928086 0.484335342
v -0.681449241 0.832177205 1.060658647
v -0.618684260 0.800417906 1.214007619
v -0.581527392 0.745362116 1.173393990
v -0.699337260 1.008089488 0.508183203
v -0.686407674 1.481055811 1.134225685
v -0.732916525 1.431895460 1.022646602
v -0.689608688 1.186093702 0.484263076
v -0.537717435 1.189992298 0.412719493
v -0.538282320 1.023874050 0.428834866
v -0.680758826 1.049928086 0.484335342
v -0.703668044 1.055823524 0.502763235
v -0.541985454 1.144160017 0.426739145
v -0.484241672 1.156901771 0.442709985
v -0.646363617 0.024216842 1.312940109
v -0.658728318 0.022410175 1.220005718
v -0.648748686 0.026974386 1.281070695
v -0.386955952 0.020413333 1.448945182
v -0.604185550 -0.003738948 1.195001597
v -0.483049137 0.044090176 1.356588921
v -0.516189047 0.025928421 1.365911267
v -0.463717523 0.036578246 1.336209840
v -0.523281490 0.034676491 1.335559444
v -0.784948694 -0.005165264 1.343002867
v -0.811309986 0.016229473 1.407030760
v -0.533261121 0.023646316 1.280275766
v -0.711137077 -0.002883158 1.425025055
v -0.829888420 0.019367368 1.368585118
v -0.640652003 -0.007162106 1.460869113
v -0.763043716 0.005104210 1.482259921
v -0.558994764 -0.001551930 1.473804771
v -0.590063429 0.004723859 1.312361979
v -0.574560479 -0.006306316 1.382677036
v -0.458445265 -0.000886316 1.563920779
v -0.645861497 0.014042456 1.384555958
v -0.736054774 0.003392631 1.400454532
v -0.785576344 0.020223158 1.439189239
v -0.722183713 0.016800000 1.338161029
v -0.686282144 0.023551228 1.382026639
v -0.747478000 0.017085263 1.307953738
v -0.667452650 0.014422807 1.191749616
v -0.760282056 -0.003073334 1.371981631
v -0.649941221 0.026023509 1.349795894
v -0.590691079 0.003297543 1.345748984
v -0.375469960 0.189003862 1.253320457
v -0.281887374 0.093155439 1.094334717
v -0.285464978 0.066625965 1.094479250
v -0.285464978 0.066625965 1.094479250
v -0.366996688 0.181967371 1.234314434
v -0.413066184 0.022695438 1.241541059
v -0.537529140 0.010048772 1.184522991
v -0.288101107 0.118258598 1.089637412
v -0.310822030 0.143742107 1.074100169
v -0.278937420 0.042378597 1.155977825
v -0.293938250 0.061015790 1.148389869
v -0.291678711 0.088781404 1.242335988
v -0.331408944 0.059684562 1.076774020
v -0.290737236 0.088115790 1.163421248
v -0.297955209 0.011855438 1.244142644
v -0.428882959 0.091634036 1.229761661
v -0.410241759 0.147735791 1.224703024
v -0.368063692 0.030302456 1.377546132
v -0.412501299 0.012045614 1.198614909
v -0.297955209 0.011855438 1.244142644
v -0.308123136 0.126911580 1.173827587
v -0.324379266 0.047703509 1.137549932
v -0.363983969 0.048654386 1.132419029
v -0.325760095 0.025928421 1.130395574
v -0.293938250 0.061015790 1.148389869
v -0.374277425 0.075278948 1.143475764
v -0.289607467 0.066816141 1.120422832
v -0.293938250 0.061015790 1.148389869
v -0.331408944 0.059684562 1.076774020
v -0.309315671 0.060920702 1.087035827
v -0.702977629 0.023075789 1.371764833
v -0.408233280 1.564542830 1.310049459
v -0.471374851 1.662578270 1.256572438
v -0.442879549 1.590026339 1.276012058
v -0.210084236 1.303241774 1.023296998
v -0.571861585 1.617601778 -0.463436463
v -0.629479837 1.766604237 -0.441467525
v -0.581401862 1.618647743 -0.481503025
v -0.559434118 1.600010550 -0.470012692
v -0.638141404 1.880043888 -0.386039315
v -0.597218637 1.850471607 -0.394638998
v -0.430577613 2.192311963 -0.285011104
v -0.606068499 1.767840377 -0.447537889
v -0.491898999 1.521563180 -0.511565783
v -0.383127288 1.277187738 0.482745485
v -0.522026190 1.677411955 0.306488113
v -0.358900005 1.310658616 0.466413313
v -0.411999179 1.517854759 0.348980665
v -0.446017798 1.453860723 -0.105212686
v -0.162445616 2.504960388 1.243058650
v -0.479534298 1.527268444 0.035634226
v -0.471061026 1.442925635 -0.373898586
v -0.267639723 2.456370563 0.060493814
v -0.277933180 2.433169159 0.009762910
v -0.220252163 2.401600036 -0.072765142
v -0.340635396 2.418145299 -0.015241211
v -0.746536526 1.859695115 0.066058315
v -0.746787586 3.063030221 1.785344554
v -0.714400856 3.032221800 1.813022526
v -0.833528789 1.864449501 0.092146430
v -0.077838422 2.564960740 0.957896047
v -0.453173006 2.337891263 0.101541041
v -0.467546187 2.262676876 0.002464019
v -0.448904987 2.212185296 -0.282843117
v -0.458759089 2.184609857 -0.149584161
v -0.535269601 2.243564244 0.097783197
v -0.255902672 2.565246003 0.485347069
v -0.248057049 2.519223546 0.357652614
v -0.565710616 2.167303892 0.034044368
v -0.570355225 2.226353367 1.205769267
v -0.613914122 2.088761435 -0.015241211
v -0.681763066 2.089522136 0.121847856
v -0.222762762 2.433264247 1.364827273
v -0.289293642 2.338937228 1.483849779
v -0.419782036 1.456428092 -0.100081783
v -0.422669226 1.438266337 -0.162158487
v -0.427564894 1.478393355 -0.036704286
v -0.210398061 2.415863194 -0.024563556
v -0.277180000 2.459508458 -0.037426948
v -0.255212257 2.490602143 -0.016758802
v -0.252889953 2.447622493 -0.007942320
v -0.549266192 1.946034766 0.420957845
v -0.542173749 1.874433712 0.369937876
v -0.468864251 1.637570200 0.212325195
v -0.442502959 1.538203532 0.085353402
v -0.524285729 2.207145647 0.733798420
v -0.435849872 1.428377214 -0.278868473
v -0.747603530 2.186796875 0.364445641
v -0.704170164 2.178334068 0.269849126
v -0.753817263 2.171773015 0.360543264
v -0.763922425 2.165211962 0.333949286
v -0.210398061 2.415863194 -0.024563556
v -0.783191274 1.910757221 0.063528996
v -0.793673026 1.974561082 0.121703324
v -0.226528661 2.423850563 0.008751183
v -0.825745931 1.871771256 0.104937555
v -0.780241320 1.866921782 0.036284622
v -0.594080388 1.606001076 -0.409525844
v -0.600733476 1.603909147 -0.444864038
v -0.604373845 1.627585989 -0.415813008
v -0.571861585 1.617601778 -0.463436463
v -0.421916046 1.615034410 0.338285261
v -0.517067756 1.570913708 -0.518503342
v -0.529809048 1.584701427 -0.517636147
v -0.464094113 1.598584234 0.314726465
v -0.353816042 1.241339667 0.557251983
v -0.603808960 2.083436522 0.823408564
v -0.637199929 1.794369851 -0.342173704
v -0.674921683 1.836493712 -0.327431390
v -0.719170994 2.024672311 0.147213308
v -0.699776615 2.067651961 0.176264339
v -0.733669705 2.006130205 0.136879235
v -0.716785925 2.115956523 0.278159745
v -0.733293115 3.054567414 1.832462146
v -0.745218461 3.054187063 1.814973714
v -0.027751967 2.518462845 0.689137881
v -0.153972343 2.379824948 -0.121255792
v -0.052857960 2.486893721 0.545833917
v -0.644292372 2.170917225 0.198522342
v -0.556295869 2.246416876 1.141524576
v -0.648183801 2.088666347 0.062589535
v -0.515435867 2.205529156 1.091733133
v -0.535018541 2.084577575 -0.228282102
v -0.101124230 2.518177582 0.527767355
v -0.186986723 2.456750914 0.235667192
v -0.070683214 2.549176179 0.679381938
v -0.446080563 2.203056875 -0.235653259
v -0.153030869 2.517036529 0.512663710
v -0.640965828 1.865020028 -0.324468474
v -0.701785095 1.834401782 -0.129421878
v -0.599101586 1.993008100 -0.266655478
v -0.702287214 1.786572658 -0.148789232
v -0.584979466 1.998142837 -0.309870692
v -0.114367641 2.480427756 0.392629477
v -0.452921946 2.184514769 -0.194172434
v -0.467106832 2.113198979 1.456316339
v -0.443946554 2.084007049 1.444392409
v -0.478906648 2.038935469 1.418304295
v -0.385826182 2.219126700 1.500615548
v -0.444009319 1.997952661 1.418232028
v -0.037919894 2.546513722 0.684079244
v -0.384947472 2.307463192 1.488908416
v -0.089073353 2.546894073 1.025826317
v -0.275610876 2.410728457 1.423362932
v -0.348292724 2.273992315 1.507191776
v -0.469366371 1.984069854 1.391421251
v -0.110915567 2.427558984 0.150898887
v -0.078968192 2.422614422 0.147285575
v -0.171483773 2.454278633 1.329344547
v -0.251132533 2.387146702 1.443308415
v -0.409927935 1.888221432 1.393516972
v -0.848090264 2.498018985 1.179247556
v -0.636321220 2.317637579 0.743337565
v -0.798505930 2.499445301 1.122084956
v -0.762918186 2.188508454 0.363072583
v -0.704232929 2.164356173 0.339730585
v -0.764299015 2.407400387 1.001833924
v -0.770701043 2.184039331 0.342693501
v -0.745846111 2.196495822 0.350353723
v -0.703605279 2.015924241 0.013520755
v -0.688792744 2.045876873 0.200184466
v -0.668456890 1.735320377 -0.194606031
v -0.665946291 2.008602486 -0.061202543
v -0.652012465 1.887936168 -0.248950248
v -0.755511918 1.828411255 -0.044870371
v -0.736556894 1.917888801 -0.018854523
v -0.322119727 2.870667762 1.066150882
v -0.677306752 1.764797570 -0.226330913
v -0.401391897 2.930668114 1.081904923
v -0.642032833 2.003087398 -0.134769580
v -0.710509427 2.139538278 0.327734389
v -0.704232929 2.164356173 0.339730585
v -0.095600911 2.410538282 0.086943260
v -0.520080476 2.092184593 -0.296790502
v -0.083675565 2.451806352 0.233499205
v -0.270589677 2.431552668 -0.082376553
v -0.572614764 2.003372661 -0.341089710
v -0.526231444 1.570343181 -0.503905561
v -0.441624250 1.434748091 -0.162230753
v -0.493154299 1.480104934 -0.444069110
v -0.467985542 1.479914759 -0.035186694
v -0.508782779 1.518900724 -0.495233611
v -0.515247572 1.637284937 0.187971471
v -0.498301027 1.564257567 0.090484306
v -0.453863421 1.433987390 -0.277206350
v -0.345154474 2.327146351 -0.240567363
v -0.051163305 2.578843547 0.883389548
v -0.754884268 1.518520373 1.039701436
v -0.746285466 1.293542826 0.534704915
v -0.744528046 1.199596158 0.536367039
v -0.801581414 1.225555106 0.705614585
v -0.625086288 0.769134046 1.016720770
v -0.802711183 1.543338269 0.833742637
v -0.689796983 1.265301773 0.461716007
v -0.780115790 1.312275107 0.620195883
v -0.661803802 1.980266345 0.675913158
v -0.496355313 0.888659311 0.555517594
v -0.536650430 0.883144223 0.524515374
v -0.620567210 2.033230206 0.574306817
v -0.539098265 0.779593696 0.777880830
v -0.569037160 0.795663520 0.662110305
v -0.668959010 0.807834749 0.911139786
v -0.612093937 1.946795468 0.462077339
v -0.637388224 0.780164222 0.960425365
v -0.613851357 1.794274764 0.370588272
v -0.596842047 0.798991591 0.678731542
v -0.569037160 0.795663520 0.662110305
v -0.632304261 0.825806328 0.664639624
v -0.630735136 0.714838958 0.624025994
v -0.649188041 0.725964221 0.644405075
v -0.573995594 0.721019660 0.664133760
v -0.650757165 0.732525274 0.675335028
v -0.621194859 2.073071961 0.694846914
v -0.646677442 1.964576871 0.562166088
v -0.687098089 1.914845993 0.662977500
v -0.716032745 1.774686693 0.527984154
v -0.627471357 1.705462832 0.343922028
v -0.685717259 1.754528096 0.423270365
v -0.707496708 1.370563880 0.435122029
v -0.620881034 1.332814055 0.372539461
v -0.769634039 1.400421424 0.519312205
v -0.756390628 1.518425286 0.515915691
v -0.787522058 1.656112305 0.843715379
v -0.679315231 1.885654063 0.898493193
v -0.741201502 1.744258622 0.970976237
v -0.748921595 1.771358623 0.863733129
v -0.696261776 1.623592305 0.414092552
v -0.686407674 1.841723536 1.007615223
v -0.632429791 1.463940022 0.344066560
v -0.629291542 1.045268787 0.425799683
v -0.780492380 1.658014060 0.733148024
v -0.599352646 0.731954747 0.703952461
v -0.580272092 0.725678958 0.682995250
v -0.775094592 1.641373709 0.950380357
v -0.699337260 1.008089488 0.508183203
v -0.599352646 0.731954747 0.703952461
v -0.550709786 0.823429135 0.613764187
v -0.578200848 1.034904226 0.430207924
v -0.636070160 0.734712291 0.689788277
v -0.657598548 1.937857222 1.030884954
v -0.687725739 1.919695467 0.790455157
v -0.747540765 1.780487044 0.636238989
v -0.633245736 1.598584234 0.335539143
v -0.758901227 1.653164586 0.622652935
v -0.790974132 1.540485637 0.725343270
v -0.634249975 0.997439664 0.433604438
v -0.591569789 0.719022817 0.637106184
v -0.596842047 0.798991591 0.678731542
v -0.627785182 0.779878959 0.904129960
v -0.647932741 1.862642835 0.446756895
v -0.745092931 1.643085288 0.511507450
v -0.716534865 1.496364934 0.416116007
v -0.775910537 1.533163882 0.619545487
v -0.816142889 1.431324933 0.715731859
v -0.557990524 0.967487032 0.442059589
v -0.516189047 0.933540715 0.488526784
v -0.676114217 1.895638274 0.550675755
v -0.785325284 1.418963530 0.615137246
v -0.755198093 1.781057570 0.752659910
v -0.634124445 1.983974766 0.918872274
v -0.661929332 1.995575468 0.801150561
v -0.536650430 0.883144223 0.524515374
v -0.242596496 2.491648107 0.119824401
v -0.209331056 2.514564248 0.135650709
v -0.165834925 2.494215476 0.100095716
v -0.192384512 2.446291265 0.175252611
v -0.267639723 2.456370563 0.060493814
v -0.235566818 2.486513371 0.078704908
v -0.269020553 2.472725651 0.113609504
v -0.204560918 2.508763897 0.104142626
v -0.200481194 2.473581441 0.046907760
v -0.187865433 2.500776529 0.083402214
v -0.166650869 2.461315125 0.068732166
v -0.165521100 2.419476527 0.046185098
v -0.130498241 2.408731615 -0.012567360
v -0.124410038 2.418145299 0.092796826
v -0.305361477 2.411394071 -0.024057693
v -0.291302121 2.438779335 -0.021889705
v -0.277933180 2.433169159 0.009762910
v -0.262053640 2.466735125 -0.055421243
v -0.496355313 0.888659311 0.555517594
v -0.361724429 1.551991251 1.324574975
v -0.465977062 0.804696854 0.640574964
v -0.598976056 0.785964573 0.785468786
v -0.477463054 0.862605276 0.661821240
v -0.632304261 0.825806328 0.664639624
v -0.185103774 2.480237581 0.149236763
v -0.185103774 2.480237581 0.149236763
v -0.158177597 2.431837931 0.140348015
v -0.242722026 2.477004598 0.166074798
v -0.158177597 2.431837931 0.140348015
v -0.155164878 2.492789160 0.126834227
v -0.149453265 2.448858633 0.102263704
v -0.169035939 2.527115827 0.153355939
v -0.145750131 2.421188106 0.095253878
v -0.160374371 2.457987054 0.125533435
v -0.192384512 2.446291265 0.175252611
v -0.192384512 2.446291265 0.175252611
v -0.217113914 2.486893721 0.143455464
v -0.288226637 2.471394423 0.109128997
v -0.090203123 2.475293020 0.398338510
v -0.242722026 2.477004598 0.166074798
v -0.037919894 2.546513722 0.684079244
v -0.069302385 2.508954073 0.536800636
v -0.170479533 2.390950211 -0.108536933
v -0.183471884 2.404262492 -0.098058328
v -0.240085897 2.368509509 -0.176178139
v -0.269020553 2.472725651 0.113609504
v -0.251258063 1.228883176 1.079664670
v -0.233370044 1.260832650 1.036666254
v -0.251258063 1.228883176 1.079664670
v -0.315215579 1.483337917 1.293211424
v -0.496606373 0.858136153 0.610656739
v -0.506083885 1.581563532 0.292396195
v -0.729213391 0.002251578 1.517670382
v -0.686282144 -0.007542457 1.449089715
v -0.637513754 -0.004024211 1.568112221
v -0.490329875 0.000539999 1.446921728
v -0.549956606 0.006340350 1.561535992
v -0.377478440 0.029351579 1.132129964
v -0.363983969 0.048654386 1.132419029
v -0.321743137 0.150873686 1.103584797
v -0.327580280 -0.003548773 1.173755321
v -0.321366547 0.024502105 1.283310949
v -0.278184240 0.017180351 1.190882421
v -0.347727839 -0.002883158 1.228677667
v -0.393232450 0.014517894 1.157423149
v -0.600294121 0.003012280 1.223257699
v -0.532005822 0.028495789 1.307231076
v -0.428192544 0.009478245 1.392649777
v -0.415011898 0.013852280 1.371764833
v -0.384194292 -0.007447369 1.301160711
v -0.413066184 0.022695438 1.241541059
v -0.371013646 0.009478245 1.265822517
v -0.401894017 0.002727017 1.347122043
v -0.592950618 -0.006211229 1.280203500
v -0.541546099 0.018891930 1.218488127
v -0.375093370 0.022695438 1.415702710
v -0.440180655 0.019082105 1.295740743
v -0.448214573 0.025928421 1.315108096
v -0.338626916 0.019272280 1.322190188
v -0.356326641 2.485562493 0.134060852
v -0.646865736 1.710407394 -0.399625369
v -0.589310249 1.669804937 -0.434168634
v -0.617491726 1.673988797 -0.404105876
v -0.597720757 1.685969850 -0.410320773
v -0.614855596 1.699091955 -0.377439632
v -0.609457808 1.726952657 -0.385244386
v -0.628287302 1.718204587 -0.396373388
v -0.614855596 1.699091955 -0.377439632
v -0.591632553 1.589170550 -0.431061185
v -0.376348670 2.434690563 0.068732166
v -0.586736885 1.637665287 -0.440817129
v -0.448779458 1.493892654 0.335755942
v -0.558618174 1.833545992 1.209310313
v -0.479534298 1.751960728 1.258884958
v -0.506209415 1.739789500 1.230701122
v -0.329400464 1.275761422 0.543738196
v -0.210084236 1.303241774 1.023296998
v -0.402521667 1.423717916 0.366396830
v -0.604185550 2.013547048 1.069258330
v -0.549328957 2.071835820 1.087035827
v -0.225461656 1.247520369 0.859108089
v -0.291929771 1.249897562 0.644694140
v -0.431456323 1.400611600 0.380922345
v -0.257409032 1.232211246 0.750419657
v -0.233370044 1.260832650 1.036666254
v -0.259103686 1.191133351 0.925882100
v -0.525729324 2.122612663 0.951753416
v -0.579895502 2.058903890 0.938167362
v -0.563011722 1.612371954 -0.411115702
v -0.590440019 1.593069146 -0.446453896
v -0.559434118 1.600010550 -0.470012692
v -0.639271174 1.828221080 -0.361902389
v -0.494409598 2.069458627 -0.298958489
v -0.586736885 1.637665287 -0.440817129
v -0.223453177 2.349872316 -0.192727109
v -0.556797989 1.606951954 -0.486706194
v -0.328458990 2.300521789 -0.257622197
v -0.770889338 1.778870553 -0.006930593
v -0.793861321 1.831073711 0.069382562
v -0.203054558 2.428129510 1.385712218
v -0.543240753 2.157604945 0.632047547
v -0.409551345 1.327203879 0.423487164
v -0.296009495 1.179247386 0.790093825
v -0.244353916 1.213478965 0.897120134
v -0.374842310 1.207203176 0.574306817
v -0.484806556 1.778490202 0.321158160
v -0.323688851 2.446386352 0.039536603
v -0.773588232 1.883562133 0.076247856
v -0.835348973 1.839631606 0.082751818
v -0.829009710 1.847143536 0.096337872
v -0.825745931 1.871771256 0.104937555
v -0.339003506 1.184762474 0.656256739
v -0.480413008 1.483052654 -0.464592723
v -0.534641951 1.598489147 -0.510264990
v -0.594708038 1.695478622 -0.446598428
v -0.319483597 1.215761071 0.645489069
v -0.537089785 2.151329155 0.836705553
v -0.278560830 1.198169842 0.768847549
v -0.383566643 1.355920371 0.408022187
v -0.519390061 1.736556517 0.265946749
v -0.496543608 2.191075822 1.028427902
v -0.522653840 1.775162132 0.292107130
v -0.420033096 1.516238268 1.290393041
v -0.362540374 1.491420373 1.294439950
v -0.145750131 2.421188106 0.095253878
v -0.383943233 2.402265650 0.006438663
v -0.240776312 2.464928458 -0.046315696
v -0.231236035 2.437733370 -0.061636140
v -0.614165182 1.665525990 -0.418414593
v -0.272911982 2.382011965 -0.099359120
v -0.292557421 2.428700036 -0.052313795
v -0.228913730 2.446671616 -0.025719816
v -0.226528661 2.423850563 0.008751183
v -0.247052810 2.433739686 0.011714099
v -0.252889953 2.447622493 -0.007942320
v -0.247052810 2.433739686 0.011714099
v -0.305361477 2.411394071 -0.024057693
v -0.247052810 2.433739686 0.011714099
v -0.273414102 2.443438633 -0.007942320
v -0.220252163 2.401600036 -0.072765142
v -0.305298712 2.388668106 -0.064020926
v -0.464094113 1.344034406 0.356496354
v -0.436728581 1.281847036 0.436639620
v -0.381620928 1.391958617 1.254332184
v -0.402647197 1.448535811 1.291910632
v -0.490392640 1.462228443 0.315232328
v -0.342581110 1.437315460 1.266978777
v -0.659858087 1.799124237 -0.289058014
v -0.521837895 2.089427049 -0.276194622
v -0.042438973 2.571236530 0.824203493
v -0.454365541 1.447965285 -0.387267841
v -0.615671541 2.622964250 0.968880516
v -0.737623898 3.039733730 1.792715711
v -0.701973389 1.981882837 0.146201581
v -0.721493298 1.749773710 -0.056216172
v -0.766558555 1.958681433 0.111513783
v -0.646614677 1.787333360 0.070466556
v -0.640965828 1.857983536 0.137674164
v -0.628036242 1.927492660 0.182262437
v -0.589184719 1.688251955 0.011208235
v -0.506586005 1.552942128 -0.126531228
v -0.506837065 1.531452303 -0.401793356
v -0.470307846 1.537537918 -0.041762923
v -0.553283150 1.612562129 -0.119160071
v -0.522277250 1.556270199 -0.219682418
v -0.484806556 1.574812304 0.018507126
v -0.464847293 1.493131952 -0.172275762
v -0.501627571 1.618457568 0.078271310
v -0.529871813 1.595161076 -0.057227899
v -0.572363704 1.863213361 0.256118540
v -0.575690248 1.803308097 0.219479553
v -0.574686009 2.132501786 0.535572110
v -0.534516421 1.779536167 0.238991440
v -0.604185550 2.286258631 0.662543903
v -0.679064172 2.676783900 1.164143910
v -0.367373278 2.355767755 1.444464675
v -0.752499199 2.671078637 1.161975923
v -0.715656155 2.671649163 1.113340740
v -0.543366283 1.844481080 0.285097304
v -0.675047213 1.892310204 0.108767666
v -0.745218461 1.985876521 0.125461169
v -0.663561221 1.708695815 -0.135925840
v -0.646614677 2.291773718 0.656618070
v -0.521084715 1.702705288 0.185080821
v -0.608516333 1.650026691 -0.254803814
v -0.709693482 1.772689851 -0.116052623
v -0.298896684 2.838813376 1.008699217
v -0.376348670 2.885406359 1.000316332
v -0.311386915 2.846705657 1.027849772
v -0.440620010 2.830921095 0.980009518
v -0.447461393 2.849463201 1.001689391
v -0.343397055 2.895770921 1.123819345
v -0.307244426 2.790889165 0.821601908
v -0.325257976 2.747909515 0.785541052
v -0.253643133 2.686197584 0.741603175
v -0.250504884 2.715579690 0.800644697
v -0.746536526 1.859695115 0.066058315
v -0.395680284 2.664137233 0.727728056
v -0.573870064 2.414817229 0.599310938
v -0.324818621 2.379254422 1.426831711
v -0.419217152 2.387717229 1.405440903
v -0.245923040 2.744106006 0.847617756
v -0.533198357 2.465594072 0.569681778
v -0.466918537 2.880937236 1.062537570
v -0.315152814 2.652156180 0.576330272
v -0.318228298 2.578273021 0.471977814
v -0.505205175 2.972126360 1.223040900
v -0.442126370 2.259634069 -0.081075760
v -0.352184152 2.502773371 0.217022501
v -0.388964431 2.312693017 -0.144236458
v -0.421539456 2.384959685 0.109996192
v -0.380114569 2.350062491 -0.045882099
v -0.441059365 2.296337929 -0.025575284
v -0.666950530 2.374214772 0.772027264
v -0.686219379 2.541188810 0.997064351
v -0.429071254 2.355007053 0.042210454
v -0.318793183 2.586450565 0.439168939
v -0.329651524 2.551743547 0.366830427
v -0.430577613 2.288160385 -0.131589866
v -0.310947560 2.702647760 0.728017121
v -0.322182492 2.542520038 0.304970522
v -0.189497322 2.678590566 0.996630754
v -0.740260028 2.446576528 1.010000009
v -0.215670319 2.730793725 0.937011102
v -0.399195123 2.549746705 1.293211424
v -0.429761668 2.978782501 1.240673864
v -0.366431803 2.941317939 1.271603817
v -0.636007395 2.873330219 1.348928699
v -0.625964998 2.903473026 1.284394942
v -0.681009886 3.063410572 1.827331242
v -0.692872467 3.041730572 1.827331242
v -0.733293115 3.054567414 1.832462146
v -0.136900269 2.541188810 1.079736936
v -0.404279086 2.818749867 1.473082108
v -0.357644706 2.855738990 1.419388288
v -0.164328565 2.515895476 1.165661501
v -0.547634302 2.087144943 -0.172564827
v -0.586172000 2.223976174 0.185658951
v -0.370072172 2.296813368 -0.171553099
v -0.257283502 2.390569860 -0.153269739
v -0.575501953 2.278746701 0.255468144
v -0.139097043 2.485372318 1.254259918
v -0.462964343 2.245751262 -0.158472909
v -0.405471621 2.348065649 -0.062214270
v -0.420723511 2.234245647 -0.188607933
v -0.433213742 2.230727402 -0.139033289
v -0.350426733 2.351869158 -0.094661814
v -0.332538713 2.400649159 -0.096251672
v -0.330530234 2.339697930 -0.129494144
v -0.542738634 2.712536883 0.982105239
v -0.546379002 2.528351968 0.824853889
v -0.612658822 2.574564600 1.300654847
v -0.686847029 3.078529520 1.809915077
v -0.711074312 3.073109520 1.837520783
v -0.581464627 2.574944951 0.899721719
v -0.431205263 2.309555122 -0.003461813
v -0.421413926 1.935575117 1.408837416
v -0.396307934 2.304515473 -0.111933447
v -0.528177158 2.723567058 0.947778772
v -0.512485913 2.681443198 0.834898897
v -0.759215052 2.415007405 1.037027585
v -0.347225719 2.335989509 1.467228542
v -0.622073569 2.864391973 1.445837734
v -0.574372184 2.865913376 1.516947719
v -0.636007395 2.873330219 1.348928699
v -0.355134106 2.786039691 1.431745816
v -0.112421926 2.498969862 1.198976240
v -0.061958882 2.458177230 0.401807290
v -0.059824872 2.552789512 0.963171482
v -0.540667389 1.579661778 -0.508747399
v -0.541232274 2.002707047 -0.332851358
v -0.597155872 1.665525990 -0.456715703
v -0.057188743 2.402646001 0.148586367
v -0.589310249 1.669804937 -0.434168634
v -0.582970986 1.671516516 -0.464014593
v -0.484869321 2.215513366 0.954138202
v -0.449532637 2.192977577 1.442947084
v -0.458633559 1.892215116 1.341340743
v -0.236571058 1.309517563 1.125481469
v -0.296825439 1.419153705 1.272760077
v -0.585042231 2.029616872 0.452610460
v -0.508406189 2.158175471 1.092311263
v -0.433464802 1.872151607 1.359551837
v -0.580585917 2.100647400 0.542654202
v -0.570794580 2.169776173 1.268929966
v -0.557864994 2.148856874 1.314024103
v -0.458319735 2.297859333 1.414690982
v -0.102818884 2.536054073 1.091733133
v -0.302223228 2.360807404 -0.137949295
v -0.485685266 2.406354422 1.374872281
v -0.480099183 2.036273013 1.389397796
v -0.530185637 2.175956875 1.373426956
v -0.536085546 2.105211610 1.361213961
v -0.512862503 2.042834066 1.351241219
v -0.459323974 1.970852661 1.371837099
v -0.523407020 2.332376175 1.377979730
v -0.139348103 2.522171266 1.182788602
v -0.533386651 2.139062839 1.225714751
v -0.422606461 2.273516876 1.453353423
v -0.558429879 2.232248805 1.272832343
v -0.119326074 2.548225301 1.088553418
v -0.355698991 2.321631263 -0.206529962
v -0.511732733 2.304610561 0.181467509
v -0.500183977 2.187937927 -0.058600958
v -0.608202508 2.161313366 0.120619330
v -0.538282320 2.262296525 1.087975288
v -0.116878240 2.446671616 0.236245322
v -0.636760575 1.872531958 -0.362769584
v -0.648246566 1.722388447 -0.319843434
v -0.614290712 1.993483539 -0.206385429
v -0.706178643 1.914941081 -0.098419659
v -0.770889338 1.778870553 -0.006930593
v -0.701659565 1.767174763 0.009762910
v -0.716723160 1.916082134 0.100457048
v -0.639522234 1.720201429 -0.037282416
v -0.564455317 1.609994761 -0.391097952
v -0.542362044 1.584035813 -0.456860235
v -0.551965086 1.600771252 -0.364793039
v -0.515373102 1.551705988 -0.442479252
v -0.467420657 1.493322127 -0.262608568
v -0.536587665 1.573861427 -0.295634242
v -0.179392161 2.595959337 0.662038039
v -0.547508772 1.656968095 0.062300470
v -0.704044634 2.633233724 1.306508413
v -0.458319735 2.297859333 1.414690982
v -0.792606022 2.674121444 1.202734085
v -0.094659437 2.569715126 0.956378455
v -0.331157884 2.902997587 1.337727431
v -0.434531807 2.855548815 1.503361665
v -0.562070248 2.805532674 1.485078305
v -0.623391634 2.825691270 1.434853265
v -0.355761756 2.925153026 1.216320139
v -0.419468212 2.973172325 1.181704608
v -0.572928589 2.942363904 1.223763563
v -0.714400856 3.032221800 1.813022526
v -0.331157884 2.902997587 1.337727431
v -0.641781773 2.633614075 1.279336305
v -0.703793574 2.335894421 0.788070370
v -0.756955513 2.435831615 1.028211103
v -0.674419563 2.312788105 0.713491605
v -0.434217982 2.636656882 0.734087485
v -0.714526386 3.057134783 1.839255173
v -0.671846199 0.794142117 0.579726786
v -0.677808872 0.800037555 0.622436137
v -0.660109147 0.756011941 0.611812998
v -0.682955600 0.861369135 0.540630747
v -0.586234765 0.702572642 0.689426946
v -0.594582508 0.694585273 0.674251034
v -0.637199929 0.676898957 0.711034553
v -0.625713938 0.688499659 0.659870052
v -0.643225368 0.783872643 0.543449131
v -0.642974308 0.850814398 0.485780667
v -0.639836059 0.746693344 0.581967039
v -0.617931080 0.664822817 0.695714109
v -0.611529052 0.647992290 0.731919498
v -0.605440849 0.706471238 0.713997469
v -0.557990524 0.967487032 0.442059589
v -0.609708868 0.680227027 0.723103016
v -0.605440849 0.706471238 0.713997469
v -0.572740294 0.909768785 0.461788274
v -0.638141404 0.929927382 0.446829161
v -0.596779282 0.674236501 0.703157532
v -0.685026845 0.938104926 0.512952775
v -0.609708868 0.680227027 0.723103016
v -0.640965828 0.700480712 0.676491288
v -0.640526473 0.706946677 0.693835187
v -0.625964998 2.903473026 1.284394942
v -0.738502608 3.082618292 1.806229499
v -0.505205175 2.972126360 1.223040900
v -0.627659652 2.857070218 1.228677667
v -0.579330617 0.837882468 0.514759431
v -0.562823427 0.747358958 0.635154996
v -0.590063429 0.747644221 0.602490653
v -0.600356886 0.787961415 0.679598736
v -0.588557069 0.781115099 0.568670050
v -0.552655501 0.774839309 0.609139147
v -0.686533204 0.873255100 0.597504282
v -0.652765645 0.811638257 0.654955947
v -0.664753756 0.762953344 0.650764505
v -0.600168591 0.760290888 0.690005076
v -0.571359465 0.750021414 0.669915060
v -0.650882695 0.817438608 0.795369261
v -0.565020202 0.775790187 0.658713792
v -0.596842047 0.798991591 0.678731542
v -0.539976974 0.826947380 0.568959115
v -0.600168591 0.760290888 0.690005076
v -0.686407674 0.882668785 0.627061176
v -0.600356886 0.787961415 0.679598736
v -0.641216888 0.764379660 0.677213950
v -0.703354219 0.932589838 0.589193664
v -0.487505451 2.808670568 1.513334407
v -0.399634478 2.678210216 0.754032969
v -0.326638805 2.740968111 0.768486218
v -0.529244163 2.533296529 0.781349610
v -0.432083973 2.678780742 0.776001907
v -0.458821854 2.653107057 0.762993983
v -0.403212082 2.691712672 0.775134713
v -0.636007395 2.873330219 1.348928699
v -0.633057441 2.822553376 1.264593991
v -0.488509690 2.951967764 1.172020931
v -0.366431803 2.941317939 1.271603817
v -0.568095686 2.907656886 1.180331549
v -0.572928589 2.942363904 1.223763563
v -0.461269689 2.649683899 1.357022519
v -0.530248402 2.731174076 1.447210793
v -0.604373845 2.825976534 1.144487492
v -0.528930338 2.806483551 1.001400326
v -0.624144813 1.646033007 -0.415090345
v -0.272911982 2.382011965 -0.099359120
v -0.708500947 2.351678983 0.778458960
v -0.684524725 2.333041789 0.702868467
v -0.338062032 0.147260353 1.157784481
v -0.533261121 0.023646316 1.280275766
v -0.363983969 0.048654386 1.132419029
v -0.591004904 0.187197195 1.210105242
v -0.318793183 0.062727369 1.111823149
v -0.293938250 0.061015790 1.148389869
v -0.286469218 0.094962106 1.123747079
v -0.519390061 0.091063510 1.267990505
v -0.338062032 0.147260353 1.157784481
v -0.294377605 0.123868773 1.120639631
v -0.308123136 0.126911580 1.173827587
v -0.290737236 0.088115790 1.163421248
v -0.289607467 0.066816141 1.120422832
v -0.285716038 2.809621446 0.957823780
v -0.258162211 2.448383195 1.328188287
v -0.456311255 2.498589511 1.323996845
v -0.353502217 2.478716177 1.321395260
v -0.315843229 2.301282491 1.504301126
v -0.580585917 2.730603550 1.037172118
v -0.288101107 2.332376175 1.492883060
v -0.833528789 2.657386005 1.184089394
v -0.648434861 2.669652321 1.053576555
v -0.353251157 0.086784562 1.104379726
v -0.363983969 0.048654386 1.132419029
v -0.346347009 0.059018948 1.101994939
v -0.374277425 0.075278948 1.143475764
v -0.324379266 0.047703509 1.137549932
v -0.346347009 0.059018948 1.101994939
v -0.362540374 0.128718247 1.149618395
v -0.345217239 0.123963861 1.104379726
v -0.362540374 0.128718247 1.149618395
v -0.595398452 0.182062458 1.186474180
v -0.565710616 0.039621053 1.070197792
v -0.534641951 0.146594739 1.202300488
v -0.526482504 0.144978247 1.229111265
v -0.258915391 2.774724252 0.884401275
v -0.524097434 2.527876529 1.305930283
v -0.314399634 2.580174775 1.230845655
v -0.297578619 2.530538985 1.234314434
v -0.582845456 0.044945965 1.029584162
v -0.573744534 0.046182105 1.051480834
v -0.644668962 0.047988772 1.078580676
v -0.646928501 0.051887369 1.056322672
v -0.646928501 0.051887369 1.056322672
v -0.573744534 0.046182105 1.051480834
v -0.411999179 2.725658988 0.826660545
v -0.383378348 2.918211623 1.030379090
v -0.582845456 0.044945965 1.029584162
v -0.617240666 0.048749474 1.032547078
v -0.610524813 0.034391228 1.069908727
v -0.614541771 0.046562456 1.055527744
v -0.646300852 0.051126667 1.034642799
v -0.573744534 0.046182105 1.051480834
v -0.646300852 0.051126667 1.034642799
v -0.646928501 0.051887369 1.056322672
v -0.341953460 2.266004946 1.512033614
v -0.363983969 2.878179692 0.979648186
v -0.460453744 2.867815131 1.034715065
v -0.381871988 2.210093366 1.510660556
v -0.408484340 2.143722137 1.495412378
v -0.381871988 2.210093366 1.510660556
v -0.488572455 2.926484254 1.139645653
v -0.437293466 2.070884943 1.457039002
v -0.391726090 2.913076886 1.050758172
v -0.417020377 2.954440044 1.156266890
v -0.337246087 2.498209160 0.255323611
v -0.412940654 2.962807764 1.133719821
v -0.477902409 2.905279693 1.101272277
v -0.352623507 2.912981798 1.174405717
v -0.404090791 2.927244956 1.095780042
v -0.417020377 2.156273716 1.484861506
v -0.433527567 1.990821082 1.421700808
v -0.323563321 2.373644246 1.471564517
v -0.639961589 0.111412282 1.027199376
v -0.636446750 0.115786317 1.057840264
v -0.567091446 0.075183860 1.051553100
v -0.614541771 0.046562456 1.055527744
v -0.575501953 0.071570527 1.024308726
v -0.573744534 0.046182105 1.051480834
v -0.646928501 0.051887369 1.056322672
v -0.617052371 0.137085966 1.015564510
v -0.074825703 2.586450565 0.874862131
v -0.648058271 0.082505615 1.059430121
v -0.613474767 0.141650177 1.048662450
v -0.429573373 2.221408805 1.488258020
v -0.582531631 0.113123861 1.050469107
v -0.859325196 0.042568772 1.175345178
v -0.648874216 0.079843159 1.032908409
v -0.648058271 0.082505615 1.059430121
v -0.588557069 0.106182457 1.019250089
v -0.565710616 0.039621053 1.070197792
v -0.288038342 2.424706352 1.375811742
v -0.333731248 2.361758281 -0.088591450
v -0.165521100 2.419476527 0.046185098
v -0.513741212 1.814908799 0.336984468
v -0.463591993 1.750154061 0.306415846
v -0.305298712 2.388668106 -0.064020926
v -0.157549947 2.423755475 -0.004039943
v -0.327517515 2.314309508 1.494906514
v -0.195711056 2.482614774 1.317059285
v -0.385826182 2.219126700 1.500615548
v -0.625086288 2.249174420 0.311546750
v -0.465035588 1.716968447 0.277220283
v -0.570104165 2.020868802 0.477180984
v -0.573807299 2.094561786 0.551470684
v -0.716785925 2.115956523 0.278159745
v -0.736243069 2.076400031 0.150176224
v -0.715405095 2.129649155 0.229524562
v -0.704170164 2.178334068 0.269849126
v -0.734297355 2.023626346 0.090556572
v -0.758901227 2.037223890 0.138830424
v -0.687788504 2.059949855 0.088316319
v -0.710509427 2.139538278 0.327734389
v -0.755260858 2.192311963 0.327951187
v -0.488572455 2.177097927 1.031246285
v -0.480852363 2.204102840 0.961148028
v -0.475266279 2.216654419 0.845377503
v -0.498740382 2.083341435 1.212851360
v -0.455871900 1.980361433 1.291982898
v -0.471500381 2.036082837 1.260474815
v -0.489764990 2.149047050 1.096574971
v -0.549517251 2.861158990 1.124614274
v -0.630170252 2.824264955 1.199193039
v -0.443067844 1.895638274 1.329994943
v -0.780241320 1.866921782 0.036284622
v -0.419028857 1.860741080 1.356444389
v -0.311386915 2.839288815 1.336426639
v -0.313269864 2.885311271 1.265461186
v -0.432774387 2.753329515 1.448945182
v -0.446017798 2.702267409 0.745794617
v -0.571359465 2.591109863 0.801222827
v -0.532570707 2.576846705 0.819072590
v -0.538407850 2.621062495 0.859758486
v -0.524097434 2.588447407 0.785107454
v -0.521775130 2.622013373 0.815820609
v -0.541357804 2.752188462 0.996197157
v -0.575815778 2.676403549 0.857084635
v -0.357644706 2.855738990 1.419388288
v -0.297264794 2.377067404 -0.086567995
v -0.571987115 2.763123550 0.973794621
v -0.520457065 2.764549866 0.963243749
v -0.477651349 2.657005654 0.778097629
v -0.734485649 2.402075475 1.020334082
v -0.762165006 2.426037580 1.000099534
v -0.747603530 2.186796875 0.364445641
v -0.704232929 2.164356173 0.339730585
v -0.701973389 2.190695471 0.313136607
v -0.701973389 2.190695471 0.313136607
v -0.715405095 2.129649155 0.229524562
v -0.762980951 2.175196173 0.313787003
v -0.767688324 1.973420029 0.104214892
v -0.733983530 2.024006697 0.124449441
v -0.837671278 1.855891607 0.102408236
v -0.748858830 1.998523188 0.083474480
v -0.773588232 1.883562133 0.076247856
v -0.775847772 1.926446695 0.099011723
v -0.766307495 1.958586345 0.075163862
v -0.773588232 1.883562133 0.076247856
v -0.647367856 1.835542834 -0.302571802
v -0.602679190 1.619978971 -0.431133452
v -0.809552566 1.813292308 0.041126460
v -0.600670711 1.620074059 -0.394928063
v -0.748607770 1.809869150 0.039608869
v -0.628726657 1.603148445 -0.411332501
v -0.563011722 1.612371954 -0.411115702
v -0.587490065 1.627110550 -0.382931866
v -0.552969325 1.591928094 -0.449344545
v -0.632994676 1.704607043 -0.394494465
v -0.610336518 1.651167744 -0.396879252
v -0.552969325 1.591928094 -0.449344545
v -0.590753844 1.646223182 -0.408080520
v -0.597720757 1.685969850 -0.410320773
v -0.627157533 1.769551956 -0.343980360
v -0.587490065 1.627110550 -0.382931866
v -0.609457808 1.726952657 -0.385244386
v -0.626592648 1.768315816 -0.403021882
v -0.590753844 1.646223182 -0.408080520
v -0.536713195 2.091614066 1.218054529
v -0.530499462 2.221789156 0.729101114
v -0.519076236 2.029521785 1.275000330
v -0.533763241 1.807967395 0.312341679
v -0.555856515 2.165307050 0.624170526
v -0.516063517 2.070409505 1.292777827
v -0.546943887 2.103785295 1.312072914
v -0.495476603 1.998523188 1.330428540
v -0.027751967 2.518462845 0.689137881
v -0.130184416 2.479762142 1.259029490
v -0.241466726 2.379824948 1.452558495
v -0.734673944 3.075581801 1.831450418
v -0.745595051 3.069971625 1.809481480
v -0.056372798 2.425942492 0.238557842
v -0.525352734 2.032469504 1.202517286
v -0.474638630 1.914370555 1.251947398
v -0.406664156 1.234398264 0.494958480
v -0.486563976 1.705653008 0.316316322
v -0.360594660 1.339565283 1.205480203
v -0.043317683 2.554881442 0.885340736
v -0.553220385 1.635478270 -0.490102708
v -0.257848386 1.329961423 1.197097318
v -0.440117890 1.778585290 1.284539475
v -0.298896684 1.280420721 1.145137888
v -0.408923695 1.650311954 1.319299539
v -0.589749604 2.126796523 0.707565773
v -0.272409862 1.362576511 1.242335988
v -0.553722505 2.185370559 0.730112842
v -0.600356886 1.929394415 1.160169267
v -0.099241280 2.553264951 1.021779407
v -0.517004991 1.654495814 0.123943577
v -0.567342506 1.730661078 0.151477017
v -0.467546187 1.504827742 -0.106296680
v -0.489764990 1.502070198 -0.344630756
v -0.607512094 1.752911605 0.109056731
v -0.607261034 1.826604589 0.176481138
v -0.599038821 1.895828449 0.218901424
v -0.573932829 1.630533708 -0.197713480
v -0.664314401 1.957635468 0.159354038
v -0.748607770 1.809869150 0.039608869
v -0.689734218 1.829552308 0.062734068
v -0.621194859 1.656968095 -0.311677348
v -0.129054646 2.570095477 0.684729640
v -0.673478088 1.903055116 -0.174371483
v -0.680005646 1.817666343 -0.211588599
v -0.165270040 2.479191616 0.372394928
v -0.491396879 2.252407402 0.945538519
v -0.502317986 2.230156875 1.031174019
v -0.576443428 2.086289154 -0.093071957
v -0.257722856 2.497163195 0.238341043
v -0.638329699 2.209903191 0.254022819
v -0.070683214 2.564960740 0.958401910
v -0.121397318 2.507337581 1.191605083
v -0.541232274 2.236147402 1.316770220
v -0.471500381 2.104070558 1.414690982
v -0.465223882 1.945749503 1.357167051
v -0.443193374 1.901438625 1.393155641
v -0.447273098 1.937762134 1.401827591
v -0.487756511 1.972849503 1.313735038
v -0.486815036 2.228730560 0.839596203
v -0.578954027 1.948126696 0.379043423
v -0.559685178 1.874338624 0.340670047
v -0.443821024 1.654400726 1.286346131
v -0.267388663 1.294303528 1.139284322
v -0.320425072 1.378456161 1.237927747
v -0.299461569 1.336237213 1.194567999
v -0.535708956 1.975511959 1.179175289
v -0.486940566 1.865685642 1.220439315
v -0.539349325 1.611801427 -0.502966099
v -0.602239835 1.693196516 -0.437348349
v -0.111480452 2.392851966 -0.034102701
v -0.073068283 2.400078632 0.076536921
v -0.032208281 2.551933722 0.835693826
v -0.080223491 2.545277582 1.028933766
v -0.091332893 2.532535827 1.089998743
v -0.196966355 2.419476527 1.394745499
v -0.163261561 2.450855475 1.336498905
v -0.704044634 2.633233724 1.306508413
v -0.357644706 2.855738990 1.419388288
v -0.704797814 3.088418643 1.794305568
v -0.729589981 3.084900397 1.784260560
v -0.709567952 3.081572327 1.823212066
v -0.724066663 3.083283906 1.818948358
v -0.429761668 2.978782501 1.240673864
v -0.587992185 2.749240743 1.400093201
v -0.629103247 2.790508814 1.333897320
v -0.515184807 2.857355481 1.541879574
v -0.311386915 2.839288815 1.336426639
v -0.118008009 2.609271618 0.854193985
v -0.149453265 2.626862846 0.812135030
v -0.837231923 2.580745302 1.146510946
v -0.677808872 2.668130917 1.211695100
v -0.811058926 2.655103899 1.135887808
v -0.641781773 2.633614075 1.279336305
v -0.526294209 2.378398632 1.319444071
v -0.596590987 2.708448111 1.273555005
v -0.540981214 2.275323543 1.367284325
v -0.523407020 2.332376175 1.377979730
v -0.194330226 2.490887406 1.232796843
v -0.348041664 2.842046358 0.917354683
v -0.383001758 2.593106706 1.280131234
v -0.519892181 2.580745302 1.310699855
v -0.325257976 2.804676884 0.856289706
v -0.228035021 2.466259686 1.288225053
v -0.526294209 2.378398632 1.319444071
v -0.505644530 2.442012317 1.324791773
v -0.604813199 2.663756882 1.263726796
v -0.868928238 2.584548811 1.187774972
v -0.737498369 2.668035829 1.249562612
v -0.422606461 2.273516876 1.453353423
v -0.399257888 2.317067052 1.458050729
v -0.629103247 2.790508814 1.333897320
v -0.687474679 2.412249861 0.879414904
v -0.721807123 2.395989860 0.957679248
v -0.713835971 2.427558984 0.941925206
v -0.468989781 3.020335835 1.340834880
v -0.780053025 2.450284949 1.068680200
v -0.531566467 3.016342151 1.317420616
v -0.824302337 2.428414773 1.162481787
v -0.261488755 2.796309165 1.065572752
v -0.235880643 2.742489515 1.127793989
v -0.296135025 2.731839690 1.327899222
v -0.235880643 2.742489515 1.127793989
v -0.586485825 2.427939335 1.299643120
v -0.707182883 2.434405300 1.254332184
v -0.653016705 2.388287755 1.246382897
v -0.658665553 2.467781090 1.307520141
v -0.971235156 2.635040390 1.294584483
v -0.974185111 2.623629864 1.307014277
v -1.013224929 2.690476532 1.458773392
v -0.572426469 2.314880035 1.253681788
v -0.739255788 2.432028107 1.220656114
v -0.767813854 2.420807756 1.087758489
v -0.575125364 3.081001801 1.566739162
v -0.534202596 2.895105307 1.572520462
v -0.524034669 3.060653028 1.465494153
v -0.515184807 2.857355481 1.541879574
v -0.483802317 2.914978640 1.581553742
v -0.653456059 2.961761799 1.593839004
v -0.655841129 2.986104255 1.694216819
v -0.655025184 2.347590211 0.790238358
v -0.603244075 2.468922142 0.855639310
v -0.655841129 2.986104255 1.694216819
v -0.315152814 2.644739338 0.601045328
v -0.236445528 2.767022147 1.004652307
v -0.580083797 2.261155472 0.685235504
v -0.495100013 2.260299683 0.832514111
v -0.568158451 2.204673366 0.616799369
v -0.538972735 2.267716525 0.760753730
v -0.254396312 2.677354426 0.711684949
v -0.250379354 2.626957934 0.603863712
v -0.551588496 2.373929509 0.396025990
v -0.541420569 2.421378282 0.477470049
v -0.497924437 2.361948456 0.266813944
v -0.560563888 2.324103544 0.323615213
v -0.419970331 2.794407410 0.921618391
v -0.405785446 2.744581445 0.846461497
v -0.553283150 2.247082490 0.693401589
v -0.070683214 2.549176179 0.679381938
v -0.584351816 2.221884244 0.605164504
v -0.613663062 2.187177226 0.509122664
v -0.625400113 2.118714067 0.425944216
v -0.451792177 3.002554431 1.530822838
v -0.447775218 2.956056536 1.569557546
v -0.382938993 2.957292676 1.417509366
v -0.391412265 2.904138640 1.473443440
v -0.488760750 2.415482843 0.350425990
v -0.584791171 2.371837579 0.512446911
v -0.665067581 2.222264595 0.367986687
v -0.657849608 2.357479334 0.697231700
v -0.480726833 2.461220037 0.435989224
v -0.427376599 2.405878983 0.197366082
v -0.416581022 2.457036177 0.301140411
v -0.650945460 2.285022490 0.454489383
v -0.663310161 2.240616525 0.482311887
v -0.603118545 2.363469860 0.623664663
v -0.644920022 2.207811261 0.500161650
v -0.642723248 2.254499332 0.579654519
v -0.591255964 2.099221084 0.431291918
v -0.411622589 2.491743195 0.382729001
v -0.569413750 1.985115819 0.363289381
v -0.965084188 2.632377934 1.298631393
v -0.566338266 1.938808099 0.301718540
v -0.651573110 2.288160385 0.560142633
v -0.685466200 2.179475120 0.398916640
v -0.946568519 2.686673023 1.366995260
v -0.889389622 2.675262496 1.306869744
v -0.913240314 2.647972320 1.291982898
v -0.961318290 2.660523900 1.354420934
v 0.484786865 1.778870553 0.318701108
v 0.527341522 1.806350904 0.331636766
v 0.448759766 1.720676868 0.330263707
v 0.513721521 1.815194062 0.334238351
v -0.862149620 2.512187055 1.312145180
v -0.898678839 2.526355126 1.279408571
v -0.876585566 2.540903547 1.323563247
v -0.805535608 2.592631267 1.365694468
v -0.757834222 2.639699689 1.330645339
v -0.790534777 2.537575477 1.348928699
v -0.891460866 2.497258283 1.281576559
v -0.831457545 2.447242142 1.233302707
v -0.862651740 2.448573370 1.215091613
v -0.895540590 2.502868459 1.212562295
v -1.006885665 2.691142146 1.520561031
v -1.023706680 2.666229163 1.507480841
v -1.023706680 2.666229163 1.507480841
v -1.014668523 2.665563549 1.518826642
v -1.018057832 2.698749163 1.507625374
v -1.011341979 2.697893374 1.515285596
v -0.886816257 2.589208109 1.252380996
v -1.029229999 2.678875830 1.537543599
v -1.024648155 2.691617584 1.500471015
v -0.884493953 2.554310915 1.296824736
v -0.888197087 2.557829161 1.282588286
v -0.886063078 2.584834074 1.253681788
v -0.844575426 2.662330566 1.262136939
v -0.861773030 2.652156180 1.210827905
v -0.829323535 2.672124601 1.233013642
v -0.875330266 2.631617232 1.243781312
v -0.801832474 2.638653724 1.343725529
v -0.767248969 2.583217583 1.350879888
v -0.741578092 2.462741440 1.284611741
v -0.916566858 2.548986003 1.232218713
v -0.794300676 2.481663897 1.324864040
v -0.908595706 2.497163195 1.255416178
v -0.709505187 2.493740037 1.321467526
v -0.755009798 2.518557932 1.335631710
v -0.723878368 2.570190565 1.334619983
v -0.709505187 2.493740037 1.321467526
v -0.836478743 2.483660739 1.290393041
v -0.783630629 2.669367058 1.277096051
v -0.902444738 2.580269863 1.239084007
v -0.917571098 2.519318634 1.254910314
v -1.029229999 2.678875830 1.537543599
v -0.790534777 2.537575477 1.348928699
v -0.801832474 2.638653724 1.343725529
v -0.869242063 2.475768458 1.267412375
v -0.881230174 2.475768458 1.192689077
v -0.810054686 2.664517584 1.289670378
v -0.898113954 2.589778635 1.215525211
v -0.907465936 2.520935125 1.225642485
v -1.029104469 2.676593724 1.498013963
v -1.025024745 2.687148461 1.537110002
v -0.824741692 2.509904950 1.339895419
v -0.820599203 2.552123898 1.358106512
v -0.679503526 2.553074775 1.317203818
v -0.755009798 2.518557932 1.335631710
v -0.757834222 2.639699689 1.330645339
v 0.509014147 2.145053365 1.025537252
v -0.694504357 3.075201450 1.639366738
v 0.455852209 1.980361433 1.292127430
v -0.620692740 3.078244257 1.550190192
v -0.662870807 3.056944607 1.542963567
v -0.639208409 3.078529520 1.758967374
v -0.654711359 2.898243201 1.384700491
v -0.553283150 2.471109160 1.303039633
v -0.665506936 2.945216535 1.477707148
v -0.574372184 2.865913376 1.516947719
v -0.658665553 2.467781090 1.307520141
v -0.622073569 2.864391973 1.445837734
v 0.465141426 1.775257219 1.338522360
v 0.364529162 0.979563172 0.802451353
v -0.684775785 3.009686010 1.763158816
v 0.471480689 2.036082837 1.260619348
v -0.581903981 2.939701448 1.644642174
v -0.581088037 3.057324958 1.448945182
v -0.621006564 2.944836185 1.620143917
v 0.577427976 0.745457204 0.893073225
v 0.469911564 1.855130905 1.314313168
v -0.624835228 3.094599345 1.662997801
v -0.711262607 3.045629169 1.645364837
v -0.706555233 3.084710222 1.717125218
v -0.660611267 3.091271274 1.646232032
v -0.702036154 3.019480045 1.662202872
v -0.589373014 2.893393728 1.547588607
v -0.679503526 2.999511624 1.674849465
v -0.239332717 2.675928110 1.194929331
v -0.212783130 2.711586006 1.061381310
v -0.673540853 2.986199343 1.573387657
v -0.552529971 2.683344952 0.950452623
v -0.533700476 2.658336882 0.880065301
v -0.591883613 2.991999694 1.310844388
v -0.628224537 3.029464256 1.444103344
v -0.672787673 3.094504257 1.731289402
v -0.714338091 3.022142501 1.732517928
v -0.684775785 3.009686010 1.763158816
v -0.686282144 3.021571975 1.550334724
v -0.953158842 2.614026004 1.298920457
v -0.950208888 2.621062495 1.288586384
v -0.915437089 2.587591618 1.287141060
v -0.861333675 2.535008108 1.354493200
v -0.888197087 2.557829161 1.282588286
v 0.209374130 2.514564248 0.135650709
v 0.541338112 2.236242490 1.316842486
v 0.217156987 2.486893721 0.143455464
v 0.510206682 1.776017921 0.322169888
v -0.935647412 2.573423547 1.248550885
v -0.882799299 2.531870213 1.302100172
v -0.892025751 2.474912669 1.246888761
v -0.789844362 2.453993370 1.256644704
v -0.886816257 2.589208109 1.252380996
v -1.006760136 2.677449514 1.525041539
v -0.820599203 2.552123898 1.358106512
v -0.953158842 2.614026004 1.298920457
v 0.496586681 0.858136153 0.610656739
v 0.492695252 1.085395805 0.445528368
v -0.955230086 2.569715126 1.276951519
v 0.139140116 2.485467406 1.254259918
v 0.070663522 2.564960740 0.958401910
v 0.139391176 2.522171266 1.182788602
v 0.162425924 2.505055476 1.243058650
v -0.636509515 2.942078641 1.324864040
v 0.476690182 1.935289853 1.280058968
v 0.443110918 1.895638274 1.330067209
v 0.519495899 2.116622137 1.105246920
v 0.325928699 1.103842823 1.070992720
v 0.737353147 0.964634400 0.987163876
v 0.550690094 0.823429135 0.613764187
v -0.589373014 2.893393728 1.547588607
v -0.574372184 2.865913376 1.516947719
v -0.659795322 2.989147062 1.452992092
v 0.686387983 0.882668785 0.626916644
v 0.571967423 1.728093710 0.315232328
v 0.696618674 0.906250540 0.648451985
v 0.578181156 1.034904226 0.429629794
v -0.593829328 2.159791962 0.522130588
v -0.184350594 2.599477583 1.068391135
v -0.548450247 2.664993022 1.337438366
v -0.171546538 2.652726706 0.919016807
v -0.189497322 2.678590566 0.996630754
v -0.272221567 2.596339688 1.198325844
v -0.142360822 2.605658285 0.963821879
v -0.238454007 2.560586705 1.160024734
v 0.703334527 0.932589838 0.588760066
v 0.474869998 0.944000365 0.520323932
v 0.749215728 1.069230893 0.591144852
v 0.777522734 1.151767034 0.618244694
v -0.898365014 2.568764249 1.285984800
v -0.886063078 2.584834074 1.253681788
v -0.699462790 2.391615825 1.142247238
v 0.498846220 2.189934770 0.843209515
v -0.149453265 2.626862846 0.812135030
v -0.604813199 2.663756882 1.263726796
v -0.655903894 3.022713028 1.792643444
v -0.627847947 2.983727062 1.714017770
v 0.475246588 2.216654419 0.845232970
v 0.510646037 2.057477575 1.207503657
v 0.478824192 1.998428100 1.250718872
v 0.480832671 2.204102840 0.961148028
v -0.610462048 2.772822498 1.173032658
v -0.191066447 2.659573022 0.763499847
v -0.634124445 3.050954081 1.787223476
v -0.579393382 3.056183906 1.707369275
v -0.478467293 3.038497589 1.494978781
v -0.538533380 3.063315485 1.591671017
v -0.512736973 2.250315472 0.763499847
v -0.538345085 2.287019332 0.833742637
v -0.563388312 2.193262840 0.622147072
v -0.406664156 2.592250916 0.612896992
v 0.192427585 2.446291265 0.175252611
v 0.242702334 2.477004598 0.166074798
v 0.185146847 2.480237581 0.149236763
v 0.449638476 2.193072664 1.442947084
v 0.512842811 2.042834066 1.351458018
v 0.471480689 2.104070558 1.414690982
v 0.458488338 2.298144596 1.414690982
v -0.434531807 2.855548815 1.503361665
v -0.413066184 2.995803203 1.379280522
v -0.516063517 3.032792326 1.621589242
v -0.557739464 2.318303193 1.300221250
v -0.684713020 2.448573370 1.273916337
v -0.978704189 2.631807408 1.295740743
v -0.979896724 2.625816881 1.302027906
v -0.979771194 2.640365303 1.312217447
v -0.965774603 2.626482495 1.305930283
v -0.619123615 2.338842140 0.827816805
v -0.674545093 2.372217930 0.977407933
v -0.638957349 2.358715474 0.904708090
v -0.611403522 2.348350912 1.001761657
v 0.570084473 2.021058978 0.475302061
v 0.501984469 2.165116874 0.958112845
v 0.573850372 2.094561786 0.550314424
v 0.549246500 1.946129854 0.418283994
v 0.542154057 1.874433712 0.367191759
v 0.557154887 1.849140378 0.357435816
v -0.941233496 2.548320389 1.269146764
v -0.916566858 2.548986003 1.232218713
v -0.917571098 2.519318634 1.254910314
v -0.898678839 2.526355126 1.279408571
v -0.916755153 2.591680390 1.249345813
v -0.902444738 2.580269863 1.239084007
v -0.928303910 2.575135126 1.330789872
v -0.920646582 2.552694424 1.286707462
v -0.969289442 2.629335127 1.354709999
v -0.897298009 2.553169863 1.380003185
v -0.918010453 2.555166705 1.357022519
v -0.968975617 2.602235127 1.374005086
v -0.987177462 2.619826355 1.433769271
v -1.017932302 2.655769513 1.463832029
v -0.171546538 2.652726706 0.919016807
v -0.535457896 2.299665999 0.941997473
v -0.616613016 2.744296181 1.220005718
v -0.637890344 2.695421093 1.148678934
v -0.596590987 2.708448111 1.273555005
v -0.683018365 2.383343194 1.205407936
v 0.536128619 2.105211610 1.361358493
v 0.160354680 2.457987054 0.125533435
v -0.610713108 2.410823545 0.701567675
v -0.728271916 3.048481800 1.716113491
v -0.467985542 2.554501091 0.630240891
v -0.210272531 2.637702847 1.131551834
v -0.112924046 2.556973372 1.011806665
v -0.642597718 2.522266354 1.308026004
v -0.586485825 2.427939335 1.299643120
v -0.635379745 2.912411272 1.512467212
v 0.498783455 2.083341435 1.212995892
v 0.489745298 2.149047050 1.096574971
v 0.446123637 1.808157571 1.346471647
v -0.632429791 2.696847409 1.204974339
v -0.651259285 2.367368456 1.068824733
v -0.542236514 2.233960384 0.697303967
v -0.575125364 2.077065645 0.442926784
v -0.606758914 2.242993718 0.585869416
v -0.652389055 2.319254070 0.636817119
v -0.580648682 2.310981438 1.210249775
v -0.569602045 2.319919684 1.147161343
v -0.589749604 2.328762842 0.927544224
v -0.999793223 2.653487408 1.406813962
v -1.020631196 2.670793373 1.458845658
v -0.992073130 2.677449514 1.409126481
v -0.995399674 2.632092671 1.418737892
v -0.575501953 3.024044256 1.729771811
v -0.598097346 2.993996536 1.731072604
v -0.898365014 2.568764249 1.285984800
v -0.938534602 2.574374425 1.292850093
v 0.485100690 1.117345280 0.450297941
v 0.271323165 1.204350544 1.089348347
v 0.605797747 2.095893014 0.574595882
v 0.509641797 1.655731954 1.255488444
v -0.885058838 2.532250564 1.290898904
v -0.915437089 2.587591618 1.287141060
v -0.960376815 2.599857934 1.301232977
v 0.701639873 1.138740017 0.484190810
v -0.621320389 2.402741089 1.276445655
v -0.563827667 2.319634421 1.089203814
v -0.773839292 2.428795124 1.185245654
v -0.595712277 3.080146011 1.683810479
v -0.576945548 2.287019332 0.757646281
v -0.719986939 2.384103895 1.043170216
v -0.508343424 2.992475133 1.654687182
v -0.949016353 2.639699689 1.475322362
v -0.906398931 2.620491969 1.439406038
v -0.981591378 2.665753724 1.506107782
v -0.539976974 2.954725307 1.659384488
v -0.553659740 2.310505999 1.026765778
v -0.586485825 2.303089157 0.840752463
v -0.613537532 2.279982841 0.360181933
v -0.617993845 2.322677228 0.539546753
v -0.204749213 2.688099339 0.860625681
v -0.931316629 2.608891267 1.302027906
v -0.609834398 2.314119333 0.746155948
v 0.419009165 1.860741080 1.356516655
v -0.688227859 2.377447755 0.887291925
v 0.524266038 2.207145647 0.733364823
v -0.212783130 2.711586006 1.061381310
v 0.533241430 1.738838622 0.312630744
v 0.570021708 1.794084588 0.334166085
v -0.972302161 2.615167057 1.279697636
v 0.543221062 2.157604945 0.631252618
v 0.158220670 2.431837931 0.140348015
v 0.185146847 2.480237581 0.149236763
v 0.192427585 2.446291265 0.175252611
v -0.990566771 2.647687057 1.499531554
v -1.001362347 2.642647408 1.487679890
v -0.922090177 2.591490214 1.430806355
v -0.959686400 2.585975126 1.395323629
v -0.959686400 2.585975126 1.395323629
v -0.844575426 2.662330566 1.262136939
v -0.875330266 2.631617232 1.243781312
v -0.976319120 2.614406355 1.449956910
v -0.987177462 2.619826355 1.433769271
v -1.009521795 2.646546005 1.475322362
v -0.820599203 2.552123898 1.358106512
v -0.876585566 2.540903547 1.323563247
v -0.876585566 2.540903547 1.323563247
v -0.955481146 2.593201793 1.261414276
v -0.972741516 2.600998986 1.290826638
v -0.884493953 2.554310915 1.296824736
v -0.801832474 2.638653724 1.343725529
v -0.810054686 2.664517584 1.289670378
v -0.805535608 2.592631267 1.365694468
v -0.961506584 2.619541092 1.465855484
v -0.980085019 2.694375128 1.426253581
v -0.942551560 2.578748460 1.414690982
v -0.867672938 2.678400391 1.346182582
v -0.983976448 2.686577935 1.500037418
v -0.870371833 2.569429863 1.394890031
v -0.850224274 2.650824952 1.386796212
v -1.002115527 2.699509865 1.473154375
v -0.963766124 2.695326005 1.446704929
v -0.990817830 2.698558988 1.487535357
v -0.950334418 2.671363900 1.466072283
v -0.906712756 2.660999338 1.429144231
v 0.558535717 2.232438981 1.272976875
v 0.358692019 2.304230210 -0.199736935
v 0.121377627 2.507337581 1.191605083
v 0.296617453 2.361377930 -0.142863400
v 0.200461502 2.473486353 0.046980026
v 0.269000861 2.472725651 0.113609504
v 0.251740492 2.389333720 -0.153775603
v 0.586215073 2.227018981 0.181178444
v 0.575482262 2.278746701 0.254456416
v 0.561422906 2.182137576 0.010702371
v 0.342938008 2.327051263 -0.230883686
v 0.511713041 2.304895824 0.180238982
v 0.607366872 2.112818628 -0.053470054
v 0.077881495 2.564960740 0.957896047
v -0.569602045 2.620587057 1.302461504
v 0.158220670 2.431837931 0.140348015
v 0.192427585 2.446291265 0.175252611
v 0.090183431 2.475293020 0.398338510
v 0.083718638 2.451806352 0.233499205
v 0.521629908 2.123088102 -0.403166415
v 0.516106590 2.070409505 1.292994625
v 0.570084473 2.032374416 -0.437854213
v 0.496523916 2.191075822 1.028500168
v 0.585022539 2.030187399 0.450587006
v 0.508449262 2.158175471 1.092383529
v 0.580566225 2.100647400 0.541497942
v 0.505499308 1.552276514 0.085064337
v 0.488803823 1.511959321 0.031298251
v 0.522069263 1.509772303 -0.504194626
v 0.456417093 1.406792302 -0.283204448
v 0.443801332 2.228825647 -0.352652309
v 0.570398298 2.226353367 1.205913800
v 0.678856185 2.105306698 0.107611406
v 0.491377188 2.252407402 0.945538519
v 0.605860512 2.170917225 0.107466873
v 0.515416175 2.205529156 1.091733133
v 0.570461063 2.117382839 -0.151535349
v 0.526400047 2.126225997 -0.364359441
v 0.556338943 2.246416876 1.141524576
v 0.529538296 2.122042137 -0.326636461
v 0.441541793 2.205148805 -0.266655478
v 0.437273774 2.219982489 -0.308208569
v 0.517299125 1.633386340 0.182768301
v 0.453341609 1.434843179 -0.107742005
v 0.478573132 1.414304231 -0.387051042
v 0.519370369 1.737792657 0.261899839
v 0.555836823 2.165307050 0.623303331
v 0.536693504 2.091614066 1.218126795
v 0.447253406 1.937762134 1.401972123
v 0.546986961 2.103785295 1.312289713
v 0.570837653 2.169776173 1.269074498
v 0.533429725 2.139062839 1.225787017
v 0.433507875 1.872151607 1.359624103
v 0.037900202 2.546513722 0.684079244
v 0.170522607 2.390379685 -0.108392401
v 0.242702334 2.477004598 0.166074798
v 0.534998849 1.572720374 -0.511782581
v 0.234731182 2.367558632 -0.177623464
v 0.505813133 1.456047741 -0.459172755
v 0.183452193 2.403787054 -0.097986062
v 0.333648791 2.331330210 -0.262897633
v 0.541840232 2.122327400 -0.257477665
v 0.447065111 2.205529156 -0.211733131
v 0.644272681 2.175671611 0.193535971
v 0.267745562 2.430791966 -0.082087488
v 0.464639306 2.270569157 -0.010543905
v 0.271134871 2.381346351 -0.099648185
v 0.534245669 2.249269507 0.088894448
v 0.493511197 2.206575121 -0.095312210
v 0.157530256 2.423565299 -0.004039943
v 0.165815233 2.494215476 0.100095716
v 0.095581220 2.410538282 0.086943260
v 0.459304283 1.970852661 1.371981631
v 0.288206945 2.471394423 0.109056731
v 0.422775064 2.273802139 1.453353423
v 0.155145186 2.492789160 0.126834227
v 0.149433573 2.448858633 0.102263704
v 0.235547127 2.486513371 0.078704908
v 0.145730439 2.421188106 0.095253878
v 0.169016247 2.527115827 0.153355939
v 0.267682797 2.456275475 0.060493814
v 0.204603991 2.508763897 0.104142626
v 0.166631178 2.461220037 0.068732166
v 0.187845741 2.500681441 0.083474480
v 0.165564173 2.419381440 0.046185098
v 0.226571734 2.423565299 0.008751183
v 0.124390346 2.418145299 0.092796826
v 0.130541314 2.408541440 -0.012495093
v -0.600294121 2.325529859 0.431653249
v -0.654460299 2.147905997 0.409467512
v -0.570920110 2.144958278 0.529212680
v -0.504389230 2.753329515 0.922919184
v -0.621006564 2.944836185 1.620143917
v -0.965774603 2.626482495 1.305930283
v -0.888197087 2.557829161 1.282588286
v -0.918010453 2.555166705 1.357022519
v -0.926232665 2.688194426 1.398864675
v -0.853927408 2.606799337 1.399515071
v -0.923094416 2.604802495 1.277529649
v -0.899557549 2.592821442 1.265244387
v -0.935961237 2.607845302 1.261052945
v 0.488552764 2.177097927 1.031318552
v -0.957740686 2.622774074 1.278324578
v 0.503428064 1.606381427 1.267918238
v -1.009521795 2.646546005 1.475322362
v -0.861333675 2.535008108 1.354493200
v 0.069282693 2.508954073 0.536800636
v 0.269000861 2.472725651 0.113609504
v 0.290843074 2.428224598 -0.052241528
v 0.242639569 2.491648107 0.119824401
v -0.571547760 2.004513714 0.356351822
v -0.623705459 2.051962487 0.315087796
v -0.665318641 2.078682136 0.305765450
v -0.659544263 2.018871960 0.219045956
v -0.578263613 2.063753364 0.445600635
v -0.624082048 1.992057223 0.239569570
v -0.557802229 1.912183537 0.320507764
v -0.401140837 2.544421792 0.512374645
v -0.595837807 1.963435819 0.269993659
v -0.592825088 2.027715118 0.337345799
v -0.828131001 2.457701791 1.137911263
v -0.129054646 2.570095477 0.684729640
v -0.471814205 2.506767055 0.539546753
v -0.398065353 2.639319338 0.692028531
v -0.308248666 2.635896180 1.240890663
v -0.367812632 2.684105654 1.347844705
v -0.272096037 2.800683200 1.239734403
v -0.319295302 2.712156532 0.707565773
v -0.272096037 2.800683200 1.239734403
v -0.299336039 2.848607411 1.175778776
v -0.496606373 2.711015479 0.840391132
v -0.461081394 2.595483899 0.705831383
v -0.523658079 2.507622845 0.658207928
v -0.546818357 2.485942844 0.759742002
v -0.602993015 2.440966352 0.781566408
v -0.759340582 2.628003899 1.087397158
v -0.569664810 2.458367405 0.683573380
v -0.728836801 2.588542495 1.048084321
v -0.744465281 2.505530915 1.059141056
v -0.790534777 2.553645301 1.100188283
v -0.518511351 2.546894073 0.729390179
v -0.622512924 2.500681441 0.933397789
v -0.067231140 2.587021091 0.821746441
v 0.491000598 0.755441414 0.950235825
v 0.417188981 0.811733345 1.027705239
v 0.788757666 2.006415469 0.111947381
v 0.717707708 2.045211259 0.135578443
v 0.698940979 2.081915119 0.167736922
v 0.733273423 2.095417575 0.140203483
v 0.682810379 1.067138963 1.248839950
v 0.711556740 1.102131244 1.194857064
v 0.715008814 2.138111962 0.226055782
v 0.717896003 2.122517576 0.275341361
v 0.702393053 2.191646349 0.310824087
v 0.710489735 2.142676172 0.324626940
v 0.705154712 2.181471962 0.267970204
v 0.731202179 2.048063890 0.110718855
v 0.715008814 2.138111962 0.226055782
v 0.683689088 2.080869154 0.068154036
v 0.717896003 2.122517576 0.275341361
v 0.762772964 2.181471962 0.310318224
v 0.488552764 2.177097927 1.031318552
v 0.489745298 2.149047050 1.096574971
v 0.573850372 2.094561786 0.550314424
v 0.421456999 1.935575117 1.408981949
v 0.498783455 2.083341435 1.212995892
v 0.433507875 1.990821082 1.421773074
v 0.382040591 2.210188454 1.510660556
v 0.342122064 2.266100034 1.512033614
v 0.475246588 2.216654419 0.845232970
v 0.419009165 1.860741080 1.356516655
v 0.480832671 2.204102840 0.961148028
v 0.542154057 1.874433712 0.367191759
v 0.484786865 1.778870553 0.318701108
v 0.524266038 2.207145647 0.733364823
v 0.589855442 1.606951954 -0.471674815
v 0.426038843 2.209713015 -0.356410154
v 0.581319405 1.617696866 -0.489958175
v 0.374948149 1.207203176 0.574162285
v 0.491377188 1.463654759 -0.481647557
v 0.319589436 1.215761071 0.645489069
v 0.538639218 1.607902831 -0.517852946
v 0.500101520 1.516523531 -0.522261187
v 0.339109345 1.184762474 0.656256739
v 0.638121712 0.798896503 0.850074809
v 0.696744204 0.857090188 0.799271638
v 0.462630827 0.801844222 0.841186061
v 0.739800981 1.017503173 1.109293830
v 0.438340779 1.159944578 1.179608887
v 0.519746959 1.170974754 1.162481787
v 0.436834419 1.173827386 1.133936620
v 0.363650452 1.146727385 1.126709995
v 0.679295540 1.895923537 0.897336933
v 0.686450748 1.851897922 1.006892561
v 0.749404023 1.785907044 0.862504603
v 0.757124116 1.524605988 0.512013314
v 0.716891763 1.499312654 0.412574961
v 0.741621166 1.756620026 0.970253574
v 0.633226044 1.598584234 0.330841837
v 0.525772397 2.122612663 0.951681149
v 0.603852033 2.084007049 0.822902701
v 0.331954137 0.993255804 0.908827266
v 0.413925202 0.850148784 0.896686537
v 0.353859115 1.241339667 0.556890652
v 0.421896354 1.615034410 0.336261806
v 0.759760245 1.662293007 0.617305233
v 0.776141905 1.651738270 0.949151831
v 0.788694901 1.668949148 0.841402859
v 0.745826419 1.650216867 0.504786689
v 0.465266956 1.401562477 1.265533452
v 0.389384094 0.916995452 0.787709039
v 0.413046492 0.869356504 0.777302700
v 0.469723269 0.820196152 0.783373065
v -0.641154123 0.179685265 1.319371805
v -0.646049792 0.137846668 1.159374338
v -0.342643875 0.153916493 1.174694782
v -0.541546099 0.018891930 1.218488127
v -0.519766651 0.094201404 1.300654847
v -0.508155129 0.169701055 1.296897003
v -0.603055780 0.159907019 1.147884005
v -0.520645360 0.088210878 1.235326162
v -0.387583601 0.138607370 1.177802231
v -0.306930601 0.137656493 1.193628538
v -0.403463141 0.081364562 1.168552151
v -0.401391897 0.142315791 1.206491930
v -0.422669226 0.087925615 1.208659917
v -0.373649776 0.140318949 1.159157539
v 0.779907804 0.976710541 0.838584476
v 0.469723269 0.820196152 0.783373065
v 0.765785683 0.947043172 0.733220290
v 0.691032591 0.874681416 0.709227897
v -0.476521579 0.110841756 1.322190188
v -0.463717523 0.036578246 1.336209840
v -0.442565724 0.061301053 1.285695735
v -0.495162778 0.111507370 1.344592724
v -0.431519088 0.050080702 1.262426004
v -0.540981214 0.200509476 1.272904609
v 0.603538208 1.181814754 1.092022198
v 0.744069000 2.028570907 0.065046588
v 0.805202091 1.848950203 0.029491595
v 0.821834811 1.909425993 0.097060534
v 0.763777204 2.004608802 0.089038981
v 0.518993779 1.183526333 1.114786065
v 0.732018123 2.029807048 0.124232642
v 0.771309001 1.915987046 0.061866873
v 0.373755614 1.049832998 1.278180045
v 0.365094047 0.902066680 1.237349617
v 0.364717457 0.874110890 1.206708729
v 0.363085567 0.936773698 1.298197795
v 0.764844208 2.171012313 0.330119175
v 0.702393053 2.191646349 0.310824087
v 0.746391304 2.198492664 0.346884944
v 0.704213237 2.165782488 0.336912202
v 0.693543190 1.165364579 1.056105874
v 0.387501145 0.979372997 1.343075133
v 0.251238372 2.387336878 1.443308415
v 0.465015896 1.717538973 0.274690965
v 0.463258476 1.422862126 -0.402732817
v 0.486544284 1.705653008 0.314437400
v 0.537070094 2.151329155 0.836416488
v 0.577239681 1.649646340 -0.497618397
v 0.612701895 1.681025288 -0.472903341
v 0.602910558 1.628346691 -0.466254847
v 0.549246500 1.946129854 0.418283994
v 0.426980318 1.440548442 -0.103044699
v 0.621551758 1.109262823 0.422836767
v 0.307036439 1.150721070 1.069258330
v 0.348586857 1.201022474 1.137838997
v 0.320593675 0.924887733 1.037388916
v 0.327183998 0.948564575 1.145571485
v -0.444888029 0.102474036 1.276373389
v -0.433088212 0.095247369 1.251513801
v 0.425976078 1.227361772 1.149257064
v 0.795285224 1.180578614 0.903262765
v 0.706221716 1.279755107 1.007542957
v 0.327309528 0.904729136 1.096285906
v 0.696744204 0.857090188 0.799271638
v 0.783485408 1.007328787 0.784601591
v 0.363085567 0.936773698 1.298197795
v 0.561360141 1.023493699 1.375522677
v 0.499097280 1.027487383 1.371186703
v 0.771120706 1.808062483 -0.027960070
v 0.641824846 1.624543182 -0.434240900
v 0.749090198 1.835542834 0.019446587
v 0.792209740 1.863213361 0.059193022
v 0.652369363 1.844290905 -0.424340425
v 0.825537945 1.884703186 0.087954987
v 0.344256073 0.994682120 1.218704925
v 0.792586330 1.147963526 0.813435822
v 0.785180062 1.346791950 0.916198423
v 0.554016638 1.701564236 1.242841851
v 0.579561985 1.640422831 1.256355639
v 0.307036439 1.150721070 1.069258330
v 0.625694246 0.688499659 0.659725519
v 0.609751941 0.680227027 0.723030750
v 0.594625581 0.694585273 0.674178768
v 0.596822355 0.674236501 0.703085266
v 0.640506782 0.706946677 0.693762920
v 0.682935909 0.861369135 0.540197150
v 0.609751941 0.680227027 0.723030750
v 0.325238284 2.747909515 0.785541052
v 0.761454899 1.992437574 0.056374638
v 0.771309001 1.915987046 0.061866873
v 0.821834811 1.909425993 0.097060534
v 0.658394801 1.875574765 -0.376066573
v 0.776141905 1.904196169 0.016411405
v 0.681115724 1.859695115 -0.365443435
v 0.656198027 1.830408097 -0.404178142
v 0.829994258 1.878142133 0.072779076
v 0.344256073 0.994682120 1.218704925
v 0.445370457 1.021021418 1.365333137
v 0.763526144 2.191551261 0.359025673
v 0.847945043 2.498779687 1.179103023
v 0.636301528 2.317637579 0.742976233
v 0.798297943 2.500206002 1.122084956
v 0.772815361 1.958301082 0.086148331
v 0.307161969 2.790984252 0.821601908
v 0.395660592 2.664137233 0.727800322
v 0.625066596 0.989167032 1.361792091
v 0.598454245 1.098993349 1.291404768
v 0.747646604 2.188603541 0.360687797
v 0.762019784 2.426322843 1.000027268
v 0.704213237 2.165782488 0.336912202
v 0.581444935 2.575135126 0.899649453
v 0.674462636 2.312788105 0.712913475
v 0.684567798 2.333041789 0.702290337
v 0.781602458 1.254176510 0.908032337
v 0.589855442 1.606951954 -0.471674815
v 0.594813876 1.610470199 -0.421594307
v 0.662725585 1.599820375 -0.382498269
v 0.630715445 1.586888445 -0.431639315
v 0.629585675 1.594875813 -0.444647240
v 0.602910558 1.628346691 -0.466254847
v 0.756810291 2.436116879 1.028211103
v 0.759069830 2.415292668 1.037027585
v 0.583453414 1.592974059 -0.455270378
v 0.638874892 1.618077217 -0.404250409
v 0.624062357 1.629963182 -0.399264038
v 0.434198290 2.636656882 0.734087485
v 0.432064281 2.678875830 0.776001907
v 0.703773882 2.335894421 0.787564507
v 0.710489735 2.142676172 0.324626940
v 0.754048632 2.175101085 0.356496354
v 0.705154712 2.181471962 0.267970204
v 0.747646604 2.188603541 0.360687797
v 0.771120706 2.189078980 0.338718858
v 0.764279324 2.407495475 1.001761657
v 0.734403193 2.402265650 1.020261816
v 0.403192390 2.691807760 0.775134713
v 0.778338679 1.947365994 0.046112831
v 0.776141905 1.904196169 0.016411405
v 0.827860249 1.903625642 0.082751818
v 0.745889184 1.888221432 0.046257364
v 0.771309001 1.915987046 0.061866873
v 0.833383567 1.895543186 0.093664021
v 0.755429461 2.061851610 0.126978760
v 0.729758584 2.050441083 0.072851342
v 0.704213237 2.165782488 0.336912202
v 0.615589084 2.623439688 0.968880516
v 0.641824846 1.630628796 -0.423400963
v 0.469848799 1.635668445 0.208928682
v 0.549372030 2.071835820 1.087035827
v 0.604228623 2.014973363 1.068896999
v 0.506126958 1.581563532 0.290372740
v 0.755743286 2.196305647 0.324626940
v 0.529224471 2.533296529 0.781349610
v 0.708481256 2.351678983 0.777953096
v 0.458864928 2.653107057 0.762993983
v 0.477631657 2.657005654 0.778097629
v 0.399614786 2.678210216 0.754032969
v 0.571339773 2.591109863 0.801222827
v 0.326619113 2.741063199 0.768486218
v 0.524077743 2.588542495 0.785107454
v 0.445998107 2.702362497 0.745794617
v 0.532551015 2.576846705 0.819072590
v 0.521755438 2.622108460 0.815820609
v 0.512466221 2.681633374 0.834898897
v 0.575796087 2.676688812 0.857012368
v 0.571716363 2.763694077 0.973794621
v 0.326054229 2.400458983 -0.097263399
v 0.294860033 2.376687053 -0.087435190
v 0.324045749 2.341980035 -0.138816490
v 0.538388158 2.621252671 0.859758486
v 0.541149817 2.752758989 0.996269423
v 0.542593412 2.713012321 0.982105239
v 0.528094701 2.724042497 0.947778772
v 0.520249079 2.765025305 0.963243749
v 0.377082158 2.352059333 -0.049929008
v 0.634230284 1.709646692 -0.434313167
v 0.623497472 1.655922130 -0.423256431
v 0.637619593 1.768886342 -0.426074815
v 0.637619593 1.768886342 -0.426074815
v 0.548995440 2.862395131 1.124758807
v 0.356306949 2.485562493 0.134060852
v 0.666930839 1.712879675 -0.398613641
v 0.616530559 1.685779674 -0.446020298
v 0.657013972 1.693671955 -0.424123626
v 0.629522910 2.826166709 1.199409838
v 0.662474525 1.651548095 -0.422100171
v 0.652934248 1.814053009 -0.403600012
v 0.654315077 1.746921079 -0.422822834
v 0.647034340 1.793609150 -0.441756590
v 0.623497472 1.655922130 -0.423256431
v 0.594813876 1.610470199 -0.421594307
v 0.583453414 1.592974059 -0.455270378
v 0.650298119 1.735130201 -0.412777825
v 0.658018211 1.730946342 -0.414006352
v 0.631656919 1.602387743 -0.415090345
v 0.418569810 2.298334771 -0.163025682
v 0.624062357 1.629963182 -0.399264038
v 0.640506782 1.608093006 -0.443490980
v 0.447755526 2.261440736 -0.204867838
v 0.421017644 2.245275823 -0.181887172
v 0.399426491 2.351393719 -0.069296362
v 0.387940500 2.311266701 -0.132023463
v 0.406393404 2.248413718 -0.237893512
v 0.437085479 2.302803894 -0.036632019
v 0.377772573 2.319349157 -0.167433923
v 0.434574880 2.270854420 -0.107814271
v 0.345072018 2.353675825 -0.100948978
v 0.570084473 2.021058978 0.475302061
v 0.522069263 1.677411955 0.304247859
v 0.447065111 1.529265286 0.081884623
v 0.411979487 1.517854759 0.347390807
v 0.464074421 1.598584234 0.312703010
v 0.579875810 2.058903890 0.937878297
v 0.429239857 2.313929157 -0.010182574
v 0.383609716 1.355920371 0.407516323
v 0.409531653 1.327203879 0.422909034
v 0.611446596 1.629773007 -0.480852628
v 0.435704650 1.464605636 -0.040462130
v 0.203097632 2.428224598 1.385712218
v 0.222868600 2.433454422 1.364827273
v 0.289462245 2.339127403 1.483849779
v 0.074868776 2.586450565 0.874862131
v 0.288206945 2.424896528 1.375739476
v 0.042482046 2.571236530 0.824203493
v 0.323794689 2.373929509 1.471564517
v 0.429741977 2.221598981 1.488258020
v 0.416247506 2.955390922 1.156339156
v 0.385994785 2.219316875 1.500615548
v 0.487736819 2.927625307 1.139790186
v 0.443989627 2.084007049 1.444392409
v 0.412167782 2.963758641 1.133864354
v 0.647097105 1.661627393 -0.412994624
v 0.650298119 1.735130201 -0.412777825
v 0.428800502 2.355862842 0.040981928
v 0.421519764 2.384959685 0.109851660
v 0.620296458 1.648505288 -0.447104292
v 0.648666229 1.676651253 -0.428820932
v 0.057169052 2.402646001 0.148586367
v 0.052901033 2.486893721 0.545833917
v 0.027732276 2.518462845 0.689137881
v 0.073048592 2.400078632 0.076536921
v 0.403506215 2.928005658 1.095852309
v 0.400807321 2.931333728 1.081977190
v 0.417063451 2.156273716 1.484861506
v 0.382919301 2.918782149 1.030451357
v 0.351976166 2.913647412 1.174477983
v 0.321848975 2.871048113 1.066150882
v 0.032188589 2.551933722 0.835693826
v 0.130227489 2.479762142 1.259029490
v 0.163367399 2.450950563 1.336498905
v 0.634230284 1.709646692 -0.434313167
v 0.647410930 1.295159317 1.104235193
v 0.593307516 1.866065993 0.386631379
v 0.737102087 1.350880722 1.017443433
v 0.431436631 1.282417563 1.198687175
v 0.426729258 1.254081422 1.172671327
v 0.537258389 1.304668089 1.168768950
v 0.526462812 1.271007036 1.150774655
v 0.728314990 0.891511943 0.931302068
v 0.703711117 0.859372293 0.996124890
v 0.575231202 1.909330906 0.396531854
v 0.584708714 1.997857574 0.472700477
v 0.646406690 1.342798265 1.099682420
v 0.437336539 2.070884943 1.457111268
v 0.471480689 2.036082837 1.260619348
v 0.443110918 1.895638274 1.330067209
v 0.455852209 1.980361433 1.292127430
v 0.532362720 2.039886346 -0.435035829
v 0.494013317 2.103119681 -0.401937889
v 0.620296458 1.648505288 -0.447104292
v 0.317455426 2.305466350 -0.282048188
v 0.602471203 1.879283186 -0.472614276
v 0.620233693 1.789520378 -0.477745180
v 0.619606043 1.680169499 -0.461557541
v 0.519809724 1.575668094 -0.527897954
v 0.218475052 2.349206702 -0.194895096
v 0.408590178 2.143817225 1.495340112
v 0.288206945 2.332471263 1.492883060
v 0.241572565 2.379920036 1.452558495
v 0.316011832 2.301472666 1.504301126
v 0.091313201 2.532535827 1.089998743
v 0.027732276 2.518462845 0.689137881
v 0.080266564 2.545277582 1.028933766
v 0.112402234 2.498969862 1.198976240
v 0.111460760 2.392661790 -0.034030435
v 0.250485192 2.715579690 0.800644697
v 0.352164461 2.502773371 0.216950235
v 0.298688697 2.839098639 1.008699217
v 0.329694597 2.551743547 0.366830427
v 0.253623441 2.686197584 0.741603175
v 0.363713217 2.878560043 0.979648186
v 0.376015153 2.885881798 1.000316332
v 0.311116163 2.846990920 1.027849772
v 0.447127876 2.850033727 1.001761657
v 0.245903348 2.744106006 0.847617756
v 0.440349258 2.831396534 0.979864985
v 0.310927868 2.702647760 0.728089387
v 0.315195887 2.652156180 0.576330272
v 0.411916722 2.725754076 0.826660545
v 0.460057462 2.868480745 1.034787331
v 0.342938008 2.896341447 1.123891612
v 0.686576277 0.873255100 0.597287483
v 0.477192302 2.906230570 1.101344543
v 0.391267044 2.913647412 1.050830438
v 0.467149905 2.113294067 1.456316339
v 0.099284354 2.553264951 1.021779407
v 0.078948500 2.422614422 0.147285575
v 0.600148899 0.760290888 0.690005076
v 0.171589611 2.454373721 1.329344547
v 0.641197196 0.764379660 0.677213950
v 0.110958640 2.427558984 0.150898887
v 0.686387983 0.882668785 0.626916644
v 0.664734064 0.762953344 0.650619972
v 0.643205676 0.783872643 0.543232332
v 0.195754129 2.482709862 1.316987019
v 0.348461327 2.274087402 1.507191776
v 0.089053662 2.546894073 1.025826317
v 0.385178840 2.307748456 1.488908416
v 0.571402538 0.750021414 0.669915060
v 0.037900202 2.546513722 0.684079244
v 0.600148899 0.760290888 0.690005076
v 0.440098198 1.778585290 1.284539475
v 0.360637733 1.339565283 1.205480203
v 0.408966768 1.650311954 1.319155006
v 0.490435713 1.462228443 0.313425672
v 0.443864097 1.654400726 1.286273865
v 0.381601236 1.391958617 1.254259918
v 0.590043737 0.747644221 0.602418387
v 0.525333042 2.032469504 1.202589553
v 0.439031194 1.404985635 -0.285589234
v 0.275779479 2.410918633 1.423362932
v 0.385994785 2.219316875 1.500615548
v 0.464074421 1.344034406 0.355773692
v 0.436708890 1.281847036 0.435989224
v 0.625066596 2.249174420 0.310318224
v 0.699317569 1.008089488 0.507605073
v 0.580315165 0.725678958 0.682995250
v 0.792146975 1.549804234 0.722741685
v 0.630715445 0.714838958 0.623881461
v 0.591612862 0.719022817 0.637033918
v 0.573975902 0.721019660 0.664133760
v 0.586215073 0.702572642 0.689426946
v 0.637180238 0.676898957 0.710890021
v 0.634230284 0.997439664 0.433098574
v 0.617911389 0.664822817 0.695569577
v 0.605483922 0.706471238 0.713925203
v 0.558033597 0.967487032 0.441698257
v 0.611509361 0.647992290 0.731847232
v 0.605483922 0.706471238 0.713925203
v 0.650737474 0.732620361 0.675262762
v 0.496586681 0.858136153 0.610656739
v 0.539957283 0.826947380 0.568886849
v 0.496398386 0.888659311 0.555373061
v 0.596822355 0.798991591 0.678731542
v 0.465957370 0.804696854 0.640574964
v 0.650925768 0.817438608 0.795369261
v 0.632284569 0.825806328 0.664639624
v 0.477506127 0.862605276 0.661821240
v 0.558598482 1.833736168 1.209238047
v 0.535752029 1.975511959 1.179247556
v 0.272390170 1.362576511 1.242335988
v 0.479514606 1.751960728 1.258884958
v 0.267368972 1.294303528 1.139284322
v 0.406707229 1.234398264 0.494380350
v 0.298876992 1.280420721 1.145137888
v 0.553702813 2.185370559 0.729606978
v 0.600274429 1.931961783 1.159952468
v 0.589729912 2.126796523 0.706770845
v 0.315195887 1.483337917 1.293139158
v 0.471355159 1.662578270 1.256500172
v 0.442859858 1.590026339 1.275939792
v 0.361704738 1.551991251 1.324430442
v 0.402564740 1.423717916 0.365746434
v 0.431436631 1.400611600 0.380271949
v 0.448759766 1.493892654 0.334093818
v 0.329443538 1.275761422 0.543304598
v 0.291972844 1.249897562 0.644477341
v 0.552761339 1.625208796 -0.511059919
v 0.257514870 1.232211246 0.750419657
v 0.259146759 1.191133351 0.925882100
v 0.210064544 1.303241774 1.023296998
v 0.552635809 0.774839309 0.609139147
v 0.588600143 0.781115099 0.568597784
v -0.642032833 0.157624914 1.235832025
v -0.628914952 0.118829124 1.096285906
v -0.639961589 0.148876844 1.206202865
v -0.377478440 0.029351579 1.132129964
v -0.638392464 0.129478949 1.126999060
v -0.667578180 0.086974738 1.174405717
v -0.644668962 0.047988772 1.078580676
v -0.702977629 0.023075789 1.371764833
v -0.778421136 -0.002407720 1.250140742
v -0.656719838 0.081744913 1.106475447
v 0.599019129 0.785964573 0.785468786
v 0.565063275 0.775790187 0.658713792
v 0.413046492 0.869356504 0.777302700
v 0.388693679 0.963493347 0.697665298
v 0.389384094 0.916995452 0.787709039
v 0.364529162 0.979563172 0.802451353
v -0.636446750 0.115786317 1.057840264
v -0.384257057 0.075849474 1.146438680
v 0.477506127 0.862605276 0.661821240
v 0.423653774 0.906630890 0.677864347
v -0.771077633 0.062347018 1.241035195
v -0.822795977 0.000444912 1.200132500
v 0.735030843 1.105744578 0.956812053
v 0.415117736 1.077028086 0.568597784
v 0.404949809 1.135126683 0.611885265
v 0.809595640 1.137123526 0.929350880
v 0.518993779 1.183526333 1.114786065
v 0.520625669 1.212908439 1.132852626
v 0.299441877 1.336237213 1.194567999
v 0.486920874 1.865685642 1.220439315
v 0.257891460 1.329961423 1.197097318
v 0.562803736 0.747358958 0.635154996
v 0.320405380 1.378456161 1.237855480
v 0.600399959 0.787961415 0.679598736
v 0.629271850 1.045268787 0.425221553
v 0.578181156 1.034904226 0.429629794
v -0.587239005 0.204122810 1.227160076
v -0.620818269 0.209732985 1.281576559
v -0.278184240 0.017180351 1.190882421
v -0.637137164 0.161523511 1.266400647
v -0.280757604 0.090588071 1.188786700
v -0.281196959 0.091919299 1.210394307
v 0.286637821 1.154524578 0.946333447
v 0.330636072 1.119342122 0.810617439
v 0.304839665 1.140261420 0.942503336
v 0.299504642 1.167551596 1.075184162
v -0.509724254 0.103234738 1.322768318
v -0.523281490 0.034676491 1.335559444
v -0.543491813 0.144502809 1.174188918
v -0.580523152 0.224566670 1.256789237
v -0.524097434 0.078226667 1.171226002
v -0.537780200 0.021554386 1.253031392
v -0.599540941 0.172363511 1.165806034
v -0.552341676 0.142315791 1.146149615
v 0.525019217 1.285555458 0.371383201
v 0.321472385 1.137884227 0.812279563
v 0.599332954 0.731954747 0.703952461
v 0.636050468 0.734712291 0.689716011
v 0.689588997 1.186093702 0.483179082
v 0.746328539 1.614749147 1.054371484
v 0.671136092 1.645462481 1.168479885
v 0.724925681 1.709361429 1.075256429
v 0.694672960 1.565113357 1.152942642
v 0.755617756 1.524320724 1.039267839
v 0.776895085 1.541056163 0.616510304
v 0.817190202 1.439787741 0.713130274
v 0.599332954 0.731954747 0.703952461
v 0.345511373 1.217282474 1.145282420
v 0.288646300 1.184382123 1.082266254
v 0.288646300 1.184382123 1.082266254
v -0.483049137 0.044090176 1.356588921
v -0.463089873 0.110556492 1.297547399
v -0.522151720 0.145834037 1.254838048
v -0.521335775 0.083171229 1.203239949
v -0.278937420 0.042378597 1.155977825
v 0.671826507 0.794142117 0.579582253
v 0.638121712 0.929927382 0.446178765
v 0.640946137 0.700480712 0.676346755
v 0.649231114 0.725964221 0.644260543
v 0.639816367 0.746693344 0.581822507
v 0.685069918 0.938104926 0.512302379
v 0.642954616 0.850814398 0.485130271
v 0.744508355 1.199596158 0.535066246
v 0.746328539 1.293733002 0.532609194
v 0.689777291 1.265301773 0.459981617
v 0.775137665 1.214810193 0.614342317
v 0.814051953 1.445493004 0.821529642
v 0.800055362 1.548473005 0.936722037
v 0.809846699 1.446824232 0.927182892
v 0.785619417 1.234208088 0.808666250
v 0.803758496 1.327869493 0.709733761
v 0.803884026 1.337853704 0.814375284
v 0.780347159 1.313891598 0.618822824
v 0.681429549 0.832177205 1.060658647
v 0.680739134 1.049928086 0.483757212
v 0.699317569 1.008089488 0.507605073
v 0.581507700 0.745362116 1.173393990
v 0.804009556 1.553797918 0.832080514
v 0.618664568 0.800417906 1.214007619
v 0.538262628 1.023874050 0.428401268
v 0.625066596 0.769134046 1.016720770
v 0.703648352 1.055918612 0.502185105
v 0.733273423 1.434557916 1.022357537
v 0.539141338 0.779593696 0.777880830
v 0.686576277 1.482101776 1.134153419
v 0.569017469 0.795663520 0.662110305
v 0.496398386 0.888659311 0.555373061
v 0.550690094 0.823429135 0.613764187
v 0.484284745 1.156901771 0.442276387
v 0.603538208 1.181814754 1.092022198
v 0.712686509 1.203399667 1.041652625
v 0.537697743 1.189992298 0.411996831
v 0.541965762 1.144160017 0.426233281
v 0.485100690 1.117345280 0.450297941
v 0.596822355 0.798991591 0.678731542
v 0.637368533 0.780069134 0.960425365
v 0.669002083 0.807834749 0.911139786
v 0.612074245 1.950503889 0.459042156
v 0.613894430 1.795891255 0.367986687
v 0.747960429 1.795320728 0.632914742
v 0.676094526 1.905432309 0.547206975
v 0.755680521 1.797032307 0.750853254
v 0.716201348 1.784956167 0.524515374
v 0.627514431 1.705462832 0.339730585
v 0.687078397 1.925971257 0.660086850
v 0.657578856 1.945939678 1.029945493
v 0.634167519 1.989204591 0.917932813
v 0.685760333 1.760043184 0.419151189
v 0.646720515 1.971137924 0.559275438
v 0.661784110 1.988063538 0.673528372
v 0.620547518 2.035797574 0.572500161
v 0.687768812 1.931105994 0.788720767
v 0.627765491 0.779878959 0.904129960
v 0.647975814 1.868918624 0.442999050
v 0.558033597 0.967487032 0.441698257
v 0.516232120 0.933540715 0.488309985
v 0.536630739 0.883144223 0.524298576
v 0.661972405 2.003182486 0.799994301
v 0.569017469 0.795663520 0.662110305
v 0.536630739 0.883144223 0.524298576
v 0.632284569 0.825806328 0.664639624
v 0.596822355 0.798991591 0.678731542
v 0.680739134 1.049928086 0.483757212
v 0.599019129 0.785964573 0.785468786
v 0.586403368 0.765901064 0.839451671
v 0.718586418 0.931163522 1.049890977
v 0.752730567 1.050403524 1.051914432
v 0.740616926 0.920038259 0.810039309
v 0.357687779 1.028818612 0.840029801
v 0.348963447 0.914142820 0.926315697
v 0.321974505 1.075982121 1.101561342
v 0.318459666 1.039563524 0.994245968
v 0.358001604 1.129611596 1.167901755
v 0.325928699 1.103842823 1.070992720
v 0.539141338 0.779593696 0.777880830
v 0.525709632 0.765805976 0.836271956
v 0.650925768 0.817438608 0.795369261
v 0.369675890 1.128660718 0.687764822
v 0.643770561 1.871581081 1.125842800
v 0.638372772 1.717538973 1.185028855
v 0.690153881 1.797983185 1.099826952
v 0.372625844 1.096521069 0.688559751
v 0.612827425 1.785241430 1.200782897
v 0.651239593 0.846820714 1.251007937
v 0.744006235 1.077978963 1.004796840
v 0.735030843 1.105744578 0.956812053
v 0.715510934 0.985743874 1.168046288
v 0.659336276 0.920418610 1.305207621
v 0.788820431 1.034523875 0.879053573
v 0.551317744 1.442545285 0.311835815
v 0.563368620 1.577284585 0.295503643
v 0.699443099 0.900545276 1.109727428
v 0.346703907 1.081021770 0.938600959
v 0.321974505 1.075982121 1.101561342
v 0.322288330 0.955220716 0.975384478
v 0.407334879 0.871353346 0.840969262
v 0.681994434 0.832652644 0.855639310
v 0.352729345 0.945902119 0.866551513
v 0.278603903 1.198169842 0.768847549
v 0.770116467 1.404415109 0.514976230
v 0.786058772 1.424668793 0.611451667
v 0.781602458 1.670090200 0.729390179
v 0.225504730 1.247520369 0.859108089
v 0.233413117 1.260832650 1.036666254
v 0.296115333 1.179247386 0.790093825
v 0.244396989 1.213478965 0.897120134
v 0.631217565 1.706413710 -0.443852311
v 0.622430467 1.714686341 -0.459750885
v 0.616530559 1.685779674 -0.446020298
v 0.550187975 1.583370199 -0.512288445
v 0.632410099 1.463940022 0.340742313
v 0.696555909 1.626064586 0.407227258
v 0.707477016 1.370944231 0.431291918
v 0.620861343 1.332814055 0.370299207
v 0.383170361 1.277187738 0.482167355
v 0.532927605 1.590216515 -0.526380363
v 0.648226874 1.773640728 -0.463075132
v 0.653436368 1.863783887 -0.447537889
v 0.506189723 1.739789500 1.230628856
v 0.402627505 1.448535811 1.291838365
v 0.342561419 1.437315460 1.266906511
v 0.693543190 1.165364579 1.056105874
v 0.438654604 1.137218613 0.495247545
v 0.622932587 1.223653351 1.106114115
v 0.362520682 1.491420373 1.294367684
v 0.420013405 1.516238268 1.290320774
v 0.251238372 1.228883176 1.079664670
v 0.296805748 1.419153705 1.272687811
v 0.236551366 1.309517563 1.125481469
v -0.662431452 0.078702106 1.131913165
v -0.653330529 0.081269474 1.091010470
v -0.844512661 0.018131228 1.174550250
v -0.663812281 0.032774737 1.087830755
v -0.722183713 0.016800000 1.338161029
v 0.343879483 1.076647735 0.826805078
v 0.325928699 1.103842823 1.070992720
v 0.357687779 1.028818612 0.840029801
v 0.333711556 1.107361069 0.935276712
v 0.346703907 1.081021770 0.938600959
v 0.371998194 1.025965980 0.697303967
v -0.666134586 0.093725966 1.199265305
v -0.702726569 0.076229825 1.338522360
v 0.436834419 1.173827386 1.133936620
v 0.428172852 1.202829141 1.142319504
v -0.658728318 0.022410175 1.220005718
v -0.654648594 0.027449824 1.249634878
v -0.836039388 0.060825614 1.181126478
v 0.319589436 1.133320017 1.051480834
v -0.613474767 0.141650177 1.048662450
v -0.609897163 0.138417195 1.093395256
v -0.563890432 0.075374036 1.084145177
v -0.582531631 0.113123861 1.050469107
v -0.393232450 0.014517894 1.157423149
v -0.412501299 0.012045614 1.198614909
v -0.567091446 0.075183860 1.051553100
v -0.661615507 0.098004913 1.257222834
v -0.575690248 0.113884563 1.085951833
v -0.661741037 0.098955790 1.224847556
v 0.474618938 1.914370555 1.252019664
v 0.446939581 1.103272297 0.491128369
v 0.788820431 1.034523875 0.879053573
v 0.809470110 1.074365630 0.847400958
v 0.251238372 1.228883176 1.079664670
v 0.579310926 0.837882468 0.514614899
v 0.233413117 1.260832650 1.036666254
v 0.210064544 1.303241774 1.023296998
v 0.408213588 1.564542830 1.309977193
v 0.299504642 1.167551596 1.075184162
v 0.740616926 0.920038259 0.810039309
v 0.337791280 1.238962474 1.147233609
v 0.513721521 1.815194062 0.334238351
v 0.463509536 1.750439324 0.304175593
v 0.543221062 2.157604945 0.631252618
v 0.409908243 1.888221432 1.393589239
v 0.197009428 2.419571615 1.394745499
v 0.427231377 1.419914407 -0.166349929
v 0.327686118 2.314404596 1.494906514
v 0.347394322 2.336179684 1.467228542
v 0.478886957 2.038935469 1.418304295
v 0.469409444 1.984069854 1.391565784
v 0.466396725 2.881697938 1.062609836
v 0.061939190 2.458177230 0.401807290
v 0.056353107 2.425942492 0.238557842
v 0.043360756 2.554881442 0.885340736
v 0.059805181 2.552789512 0.963171482
v 0.337226395 2.498209160 0.255251345
v 0.318773491 2.586450565 0.439168939
v 0.318271371 2.578273021 0.471977814
v 0.443989627 1.997952661 1.418304295
v 0.652808718 0.811638257 0.654883681
v 0.703334527 0.932589838 0.588760066
v 0.600399959 0.787961415 0.679598736
v 0.621237933 2.074593364 0.693546122
v 0.677789180 0.800037555 0.622291604
v 0.670320147 1.407077565 1.116954052
v 0.610944476 1.222987737 0.410623772
v 0.609249821 1.163462824 0.433243107
v 0.382040591 2.210188454 1.510660556
v 0.358943078 1.310658616 0.465835183
v 0.660089456 0.756011941 0.611668466
v 0.572783368 0.909768785 0.461426942
v 0.801561722 1.225650194 0.704024727
v 0.153952652 2.379254422 -0.121183526
v 0.322225565 2.542520038 0.304970522
v 0.376328978 2.434690563 0.068732166
v 0.102799192 2.536054073 1.091733133
v 0.523638388 2.332851614 1.377979730
v 0.579436456 2.943885307 1.645148038
v 0.650549179 2.966611273 1.594417134
v 0.675906231 3.005216887 1.675572127
v 0.532362720 2.898243201 1.572881793
v 0.485916634 2.406924948 1.374944547
v 0.530291476 2.176147050 1.373499223
v 0.731202179 1.764322132 -0.085267202
v 0.771120706 1.808062483 -0.027960070
v 0.686011393 1.693481780 -0.163242481
v 0.657578856 1.654210551 -0.337693197
v 0.670508442 2.991143905 1.574038053
v 0.682998674 3.026516537 1.550985121
v 0.618350744 2.949305307 1.620649781
v 0.617346504 3.082713380 1.550696056
v 0.698250564 3.025470572 1.662997801
v 0.707288721 3.051524607 1.646087499
v 0.488741058 2.415482843 0.349992392
v 0.480769906 2.461220037 0.435772425
v 0.584834244 2.371837579 0.511796515
v 0.617974154 2.322677228 0.538751825
v 0.603098853 2.363469860 0.623303331
v 0.606739222 2.242993718 0.585002222
v 0.613706135 2.187177226 0.507749605
v 0.652432128 2.319254070 0.636238989
v 0.569394059 1.985686345 0.360615530
v 0.659085216 2.028285644 0.210157208
v 0.825035825 2.511901792 1.339967685
v 0.411602897 2.491743195 0.382656735
v 0.551568804 2.373929509 0.395303328
v 0.416561331 2.457036177 0.300995878
v 0.820956101 2.554501091 1.358106512
v 0.790828910 2.539667406 1.349073232
v 0.820956101 2.554501091 1.358106512
v 0.709673790 2.495261441 1.321684325
v 0.789761906 2.455039335 1.256861503
v 0.794469279 2.483280388 1.325008572
v 0.755241166 2.520364599 1.335920775
v 0.679609365 2.554691266 1.317420616
v 0.428674972 2.980113729 1.240818396
v 0.277913488 2.432883896 0.009835176
v 0.255255330 2.490126704 -0.016686536
v 0.252870261 2.447337230 -0.007870054
v 0.273394410 2.443153370 -0.007942320
v 0.304023720 2.388287755 -0.064165459
v 0.305341785 2.411108808 -0.023985426
v 0.291282429 2.438494072 -0.021817439
v 0.247033118 2.433549510 0.011786365
v 0.487485759 2.953298992 1.172165463
v 0.567260049 2.909273377 1.180476082
v 0.634795168 2.876087762 1.349217764
v 0.626949546 2.859162148 1.228822200
v 0.733650013 3.090035134 1.807096693
v 0.571653598 2.944360746 1.223980361
v 0.719276832 3.090605660 1.819743286
v 0.365533401 2.942363904 1.271748349
v 0.634795168 2.876087762 1.349217764
v 0.228894039 2.446291265 -0.025647550
v 0.210378369 2.415577931 -0.024491290
v 0.733085128 3.046865309 1.793582906
v 0.709924850 3.039448467 1.813889721
v 0.740805221 3.077483555 1.810348675
v 0.728628815 3.062079344 1.833257074
v 0.624752772 2.905945307 1.284684007
v 0.704903652 3.088798994 1.823934729
v 0.528659586 2.807149165 1.001472592
v 0.231216343 2.437257931 -0.061563874
v 0.165564173 2.419381440 0.046185098
v 0.240819385 2.464453019 -0.046243430
v -0.344150235 0.212490529 1.593766738
v -0.762227771 0.094962106 1.492593995
v -0.345280004 0.160192283 1.608219987
v -0.374779545 0.117307721 1.567172760
v -0.476835404 0.127957545 1.608219987
v -0.551211906 0.075183860 1.608436786
v -0.772332933 0.168655090 1.442224422
v -0.376976320 0.195945266 1.625852951
v -0.356263876 0.174265265 1.591020620
v -0.854178468 0.066245615 1.351385751
v -0.380177334 0.161238248 1.599258972
v -0.338313092 0.205454038 1.620505248
v -0.389027196 0.192807371 1.599403505
v -0.369695582 0.156864212 1.613350890
v 0.543095532 1.846668098 0.279171472
v 0.522194793 1.646888796 0.113464972
v 0.523073503 1.701659324 0.176264339
v 0.571841893 1.867111958 0.247012993
v -0.389278256 0.260890179 1.383833296
v -0.393985629 0.061776492 1.501555009
v -0.476709874 0.083741755 1.590008893
v -0.469240841 0.042949123 1.573532189
v -0.384382587 0.239590529 1.419677353
v -0.356263876 0.174265265 1.591020620
v 0.051206378 2.578843547 0.883389548
v 0.467338200 3.022332677 1.341051678
v 0.535626499 3.067118993 1.592032348
v 0.592052217 3.085185660 1.684316343
v 0.529789356 3.018624256 1.317709681
v 0.119306382 2.548225301 1.088553418
v 0.692476186 1.734844938 -0.229510628
v 0.710175910 3.028798642 1.733385123
v 0.487736819 1.972849503 1.313879570
v 0.443173683 1.901438625 1.393300174
v 0.465204191 1.945749503 1.357383850
v 0.519056544 2.029521785 1.275144863
v 0.652934248 2.901381096 1.385134088
v 0.649858764 1.796176518 0.043222182
v 0.707288721 1.779345991 -0.017915062
v 0.553451754 2.471964949 1.303256432
v 0.480079491 2.036273013 1.389542329
v 0.557908067 2.148856874 1.314168635
v 0.623623002 2.054434768 0.311835815
v 0.557657007 1.913229502 0.316099523
v 0.566130280 1.940709853 0.296226306
v 0.836584581 2.485087055 1.290465307
v 0.723921441 2.572187407 1.334836781
v 0.891880529 2.498399336 1.282660552
v 0.881084953 2.476434072 1.193267207
v 0.802001077 2.641411268 1.343797796
v 0.595441526 1.967904942 0.262405703
v 0.592805396 2.028856171 0.334455150
v 0.638623832 2.211044244 0.252143896
v 0.257765930 2.497163195 0.238341043
v 0.643519501 2.107208453 0.037874479
v 0.530542536 2.221789156 0.728739783
v 0.522571383 1.776208097 0.288421551
v -0.366933923 0.202696494 1.579168956
v -0.386014477 0.270208775 1.443163883
v 0.538325393 2.262391613 1.087975288
v 0.187029796 2.456750914 0.235594926
v 0.165313113 2.479191616 0.372394928
v 0.445495987 1.414399319 -0.166566728
v 0.575419497 1.807872308 0.209000948
v 0.573913137 2.414817229 0.599021873
v 0.486795344 2.228730560 0.839379405
v 0.484849630 2.215513366 0.954138202
v 0.578997101 1.949362836 0.376008241
v 0.153073942 2.517036529 0.512663710
v 0.582574705 2.035036872 -0.404467207
v 0.651992773 1.894687397 -0.405551201
v 0.070663522 2.549176179 0.679381938
v 0.702141993 1.783529851 -0.269257063
v 0.717205588 1.812151255 -0.191570849
v 0.533680785 1.808823185 0.308872899
v 0.502298294 2.230156875 1.031174019
v 0.114347949 2.480427756 0.392557211
v 0.255945745 2.565246003 0.485274803
v 0.248037358 2.519223546 0.357652614
v 0.453090549 2.338271614 0.100457048
v 0.552447514 2.683725303 0.950452623
v 0.405702989 2.744676532 0.846461497
v 0.496586681 2.711205655 0.840391132
v 0.239313025 2.676118286 1.194929331
v 0.759132595 2.629049864 1.087397158
v 0.744194530 2.506101441 1.059213322
v 0.655005492 2.347590211 0.789877027
v 0.523701153 2.507622845 0.658063395
v 0.689588997 2.058143189 0.192379712
v 0.618350744 2.949305307 1.620649781
v 0.754174162 1.863213361 -0.073271006
v 0.578494981 3.060843204 1.449378780
v 0.731453239 1.955638626 -0.049856742
v 0.660466046 2.043214416 -0.107958803
v 0.639314247 2.043119329 -0.197496681
v 0.611634891 2.039125644 -0.287251358
v 0.477506127 1.462323530 -0.038294143
v 0.559665487 1.874814063 0.337273533
v 0.743441350 2.012405995 0.111730582
v 0.596131940 2.710254777 1.273916337
v 0.763902734 1.988824240 0.098072262
v 0.745889184 1.888221432 0.046257364
v 0.587407608 2.897007061 1.548022205
v 0.728628815 2.589303197 1.048084321
v 0.688208167 2.377447755 0.887075126
v 0.495456911 1.998523188 1.330645339
v 0.458613868 1.892215116 1.341485276
v 0.657265032 2.993140747 1.453497956
v 0.572720603 2.869051271 1.517309050
v 0.587407608 2.897007061 1.548022205
v 0.590043737 2.994662150 1.311205719
v 0.142341130 2.605658285 0.963821879
v 0.586591663 2.428795124 1.299859919
v 0.116921313 2.446671616 0.236245322
v 0.411602897 2.997514782 1.379425055
v 0.575984382 3.061033379 1.707875139
v 0.505875898 2.995993378 1.655048514
v 0.675529641 1.949743187 -0.238038045
v 0.476250827 3.041160046 1.495195579
v 0.537572213 2.958528816 1.659818086
v 0.604479683 2.665468461 1.264015861
v 0.716326878 1.941280380 0.081161960
v 0.681680609 1.743022482 -0.357566414
v 0.695802730 1.855701431 -0.265643750
v 0.677600885 1.834496869 -0.343835828
v 0.548179495 2.666514426 1.337655165
v 0.189477631 2.678590566 0.996630754
v 0.272201875 2.596529863 1.198325844
v 0.702141993 3.091176187 1.717920147
v 0.656574617 3.096881450 1.646882428
v 0.659524571 3.061698993 1.543613964
v 0.636803648 1.612752305 -0.268895731
v 0.749090198 1.835542834 0.019446587
v 0.690091116 1.848474764 0.036212356
v 0.663290470 1.973229854 0.143238665
v 0.701953698 2.001946346 0.132760059
v 0.101167303 2.518177582 0.527767355
v 0.590420327 2.038364943 -0.362625051
v 0.709108906 1.869489151 -0.175744541
v 0.654252312 1.939949152 -0.324251675
v 0.697434619 2.046922838 -0.018131861
v 0.703585587 1.956018977 -0.144742322
v 0.129034954 2.570095477 0.684729640
v 0.722164022 1.792658272 -0.152980674
v 0.634795168 2.944836185 1.325225371
v 0.572720603 2.869051271 1.517309050
v 0.647661989 1.879473361 -0.437781946
v 0.658771391 2.469017230 1.307809206
v 0.810160524 2.666894777 1.289598112
v 0.563870740 2.319634421 1.089276080
v 0.829492138 2.674216531 1.232869109
v 0.690404941 3.081001801 1.640089401
v 0.625568716 3.033172677 1.444609208
v 0.633226044 2.916309868 1.512973076
v 0.642703556 2.523692669 1.308242803
v 0.238434316 2.560776880 1.160024734
v 0.112967119 2.556973372 1.011806665
v 0.210252839 2.637797934 1.131551834
v 0.569519589 2.622108460 1.302750568
v 0.620421988 2.867624955 1.446271331
v 0.658771391 2.469017230 1.307809206
v 0.668374433 3.100780047 1.732012065
v 0.723984206 3.055137941 1.716980686
v 0.680801899 3.016151975 1.763953745
v 0.652432128 2.991714431 1.694867215
v 0.513595991 2.860113025 1.542240905
v 0.184393667 2.599572671 1.068391135
v 0.171526846 2.652726706 0.919016807
v 0.212763439 2.711681093 1.061381310
v 0.663102175 2.949305307 1.478213012
v 0.620986873 3.099924257 1.663575931
v 0.635108993 3.084520046 1.759545504
v 0.680801899 3.016151975 1.763953745
v 0.652432128 2.991714431 1.694867215
v 0.390262804 2.905755131 1.473587972
v 0.942406339 2.549651617 1.271314752
v 0.916986521 2.550031968 1.233013642
v 0.936380900 2.574754775 1.249634878
v 0.956591224 2.571236530 1.279119506
v 0.973475004 2.617068811 1.281287494
v 0.958662469 2.624675829 1.279119506
v 0.899161267 2.527686354 1.280203500
v 0.974228184 2.602900741 1.292922359
v 0.918179056 2.520364599 1.256500172
v 0.936631960 2.609556881 1.261414276
v 0.923765139 2.606609162 1.277674181
v 0.899914447 2.594533021 1.265099855
v 0.917237581 2.593201793 1.249490346
v 0.902738871 2.581696179 1.239011740
v 0.921442835 2.554215828 1.287863722
v 0.898847442 2.570570916 1.286129332
v 0.939644679 2.575990916 1.294150885
v 0.888553985 2.559445652 1.282660552
v 0.961675188 2.601854776 1.302822835
v 0.888553985 2.559445652 1.282660552
v 0.916045047 2.589398284 1.287430125
v 0.886294446 2.586355477 1.253392723
v 0.572344013 3.028893730 1.730277675
v 0.630213325 3.056944607 1.787873872
v 0.624564477 2.988956887 1.714595900
v 0.571904658 3.085090573 1.567172760
v 0.449826770 3.005121799 1.531039637
v 0.445998107 2.958623904 1.569774344
v 0.381664001 2.958814079 1.417653898
v 0.513407696 3.036500747 1.621950573
v 0.433445111 2.857545657 1.503506198
v 0.521567143 3.063695835 1.465783218
v 0.471794514 2.506767055 0.539329955
v 0.652997013 2.388953369 1.246671962
v 0.707163191 2.435356177 1.254548983
v 0.739173331 2.432883896 1.220945179
v 0.869410666 2.476909511 1.267918238
v 0.755241166 2.520364599 1.335920775
v 0.482087971 2.917736184 1.581842807
v 0.802001077 2.641411268 1.343797796
v 0.767605867 2.421188106 1.087830755
v 0.805829741 2.595293723 1.365766734
v 0.401183910 2.544421792 0.512302379
v 0.665298949 2.082675821 0.302585735
v 0.779782274 2.450665300 1.068752467
v 0.623685767 1.998998626 0.230608555
v 0.980944037 2.627908811 1.303834562
v 0.557908067 2.318778631 1.300365782
v 0.684693328 2.449714423 1.274205402
v 0.979625972 2.633899338 1.297258334
v 0.992618323 2.681062847 1.411728066
v 0.929413988 2.577227056 1.331946132
v 1.021113624 2.675357584 1.466000016
v 0.970148460 2.632092671 1.356444389
v 0.586466133 2.303089157 0.840535664
v 0.609814706 2.314119333 0.745866883
v 0.916045047 2.589398284 1.287430125
v 0.898847442 2.570570916 1.286129332
v 0.651992773 3.028988817 1.793293841
v 0.594939406 2.999036185 1.731650734
v 0.951067906 2.623059338 1.289164514
v 0.954206155 2.616022846 1.299859919
v 0.591236272 2.099221084 0.429629794
v 0.563368620 2.193262840 0.621424409
v 0.538953043 2.267716525 0.760464665
v 0.570900418 2.144863190 0.528056420
v 0.611446596 2.348446000 1.001761657
v 0.204729521 2.688099339 0.860625681
v 0.616091204 2.746007760 1.220367049
v 0.535438204 2.299665999 0.941997473
v 0.719967247 2.384294071 1.043242482
v 0.674525401 2.372313018 0.977335667
v 0.663290470 2.240616525 0.480577497
v 0.625380421 2.118999330 0.423993027
v 0.651616183 2.288160385 0.558986373
v 0.954206155 2.616022846 1.299859919
v 0.626824016 1.939378625 0.165352136
v 0.673458397 1.912563888 0.085497935
v 0.599207424 1.581848795 -0.207180358
v 0.581695995 1.575192655 -0.373464988
v 0.569519589 1.583940725 -0.465026321
v 0.597387240 1.601912304 -0.402226954
v 0.604354153 1.672657569 -0.008014586
v 0.655821437 1.710122131 -0.065827582
v 0.606801987 1.835162483 0.159064973
v 0.639816367 1.872627045 0.114765764
v 0.598140420 1.903530555 0.205026304
v 0.611258301 1.754242833 0.088749916
v 0.654440607 2.148286348 0.407299525
v 0.541463642 2.421378282 0.477036451
v 0.682245494 3.085470924 1.810565473
v 0.497904746 2.361948456 0.266235814
v 0.895646428 2.503629160 1.213357223
v 0.688521992 3.048767063 1.828126171
v 0.676596646 3.070351976 1.828053905
v 0.709924850 3.039448467 1.813889721
v 0.700133513 3.095360046 1.795028231
v 0.741621166 2.463977581 1.284828540
v 0.742060520 3.070351976 1.786211749
v 0.862506518 2.449238984 1.215525211
v 0.740491396 3.061698993 1.815840909
v 0.644963095 2.207811261 0.498571792
v 0.575105672 2.077065645 0.441264660
v 0.593809636 2.159791962 0.520902062
v 0.642703556 2.254499332 0.578570526
v 0.580126870 2.261155472 0.684801906
v 0.568138759 2.204673366 0.616076707
v 0.542216822 2.233960384 0.696942635
v 0.584332124 2.221884244 0.604369575
v 0.495080322 2.260299683 0.832369579
v 0.609877471 2.774438989 1.173321723
v 0.569707884 2.320109859 1.147233609
v 0.580691755 2.311266701 1.210394307
v 0.631970744 2.698368812 1.205335670
v 0.191046755 2.659573022 0.763499847
v 0.651302358 2.367558632 1.068896999
v 0.637494063 2.696752321 1.148967999
v 0.619103923 2.338842140 0.827600007
v 0.721787432 2.396084948 0.957606982
v 0.790326790 2.554406003 1.100188283
v 0.638937657 2.358715474 0.904563558
v 0.553702813 2.310505999 1.026765778
v 0.589729912 2.328762842 0.927471957
v 0.713879044 2.427654071 0.941852940
v 0.687517752 2.412249861 0.879270372
v 0.602973323 2.440966352 0.781494142
v 0.569707884 2.458367405 0.683428847
v 0.961110303 2.589017934 1.398142012
v 0.932112882 2.610888109 1.302389237
v 0.996321457 2.635801092 1.423435198
v 0.988162010 2.623629864 1.438322044
v 0.919183296 2.557353723 1.358323311
v 0.533680785 2.658622145 0.880065301
v 0.898219792 2.555642144 1.380653581
v 1.018665790 2.660428812 1.471419985
v 0.943912698 2.581886354 1.416714437
v 0.919183296 2.557353723 1.358323311
v 0.461124467 2.595483899 0.705903650
v 0.913722742 2.650254426 1.290537573
v 0.975169659 2.625816881 1.308676401
v 0.972094174 2.637132320 1.295668476
v 0.970211225 2.605087758 1.376751204
v 1.000526711 2.657100742 1.411005404
v 1.013456297 2.694945654 1.464193360
v 1.002221365 2.704074076 1.477129018
v 0.980504682 2.698178637 1.427554374
v 0.854472601 2.609937232 1.399442805
v 1.010380813 2.651300391 1.482476720
v 1.010380813 2.651300391 1.482476720
v 0.923074725 2.594818284 1.431601284
v 0.907132419 2.664897935 1.428855166
v 0.870979791 2.572282495 1.394890031
v 0.949498781 2.643883548 1.476406356
v 0.962240072 2.623629864 1.468312536
v 0.586591663 2.428795124 1.299859919
v 0.572469543 2.315260385 1.253898587
v 0.965880441 2.634469864 1.299498587
v 0.988162010 2.623629864 1.438322044
v 0.844806794 2.664612672 1.261847874
v 0.773631306 2.429460738 1.185390186
v 0.235735421 2.742774778 1.127793989
v 0.271825285 2.801158638 1.239806669
v 0.504306774 2.753709866 0.922919184
v 0.295927038 2.732315129 1.327971488
v 0.261343534 2.796594428 1.065572752
v 0.271825285 2.801158638 1.239806669
v 0.315133122 2.644739338 0.601045328
v 0.419887875 2.794692673 0.921618391
v 0.236363071 2.767212322 1.004652307
v 0.398045661 2.639319338 0.692100797
v 0.254439386 2.677354426 0.711684949
v 0.319275611 2.712156532 0.707565773
v 0.250359662 2.626957934 0.603863712
v 0.512717281 2.250315472 0.763283048
v 0.538325393 2.287019332 0.833525839
v 1.010192518 2.703028111 1.522078623
v 1.026197588 2.684771268 1.549828861
v 0.907760069 2.521886003 1.226581946
v 1.026197588 2.684771268 1.549828861
v 1.016657311 2.703883900 1.515285596
v 0.918179056 2.520364599 1.256500172
v 0.909078134 2.498114072 1.257078302
v 1.022996574 2.696752321 1.509070698
v 0.868155367 2.681443198 1.345893517
v 1.002221365 2.647496882 1.494256118
v 0.977240903 2.618304952 1.453787021
v 0.850706702 2.654153022 1.386651679
v 0.861753338 2.537195126 1.354565466
v 0.877067994 2.542805301 1.323780046
v 1.022243394 2.671554075 1.516875453
v 0.877067994 2.542805301 1.323780046
v 0.875561634 2.633423899 1.243347715
v 0.861878868 2.653867759 1.210466573
v 0.886294446 2.586355477 1.253392723
v 1.022243394 2.671554075 1.516875453
v 0.916986521 2.550031968 1.233013642
v 0.884913616 2.556117582 1.296897003
v 0.757814531 2.642267057 1.330789872
v 0.827860249 2.458272317 1.137983530
v 0.783673703 2.671744251 1.277096051
v 0.831312323 2.448097931 1.233447239
v 0.899161267 2.527686354 1.280203500
v 0.709673790 2.495261441 1.321684325
v 0.703836647 2.635420741 1.306797478
v 0.641511021 2.635325654 1.279625370
v 0.503930184 2.973742852 1.223185433
v 1.022368924 2.693043900 1.548311270
v 0.887110391 2.590824600 1.252019664
v -0.729213391 0.002251578 1.517670382
v -0.766307495 0.051602106 1.490209208
v -0.872192017 0.065865264 1.328477352
v -0.735427124 0.053218597 1.536604138
v -0.763043716 0.005104210 1.482259921
v -0.458445265 -0.000886316 1.563920779
v -0.368503047 0.108084212 1.442802552
v -0.393985629 0.061776492 1.501555009
v -0.396370699 0.198702810 1.303111900
v -0.367624338 0.193663160 1.367284325
v 0.888553985 2.559445652 1.282660552
v 0.875561634 2.633423899 1.243347715
v 0.558284657 1.643275463 0.049437079
v 0.573913137 1.567965988 -0.130939469
v 0.497277096 1.554843883 0.010268774
v 0.540584932 1.539439672 -0.452018397
v -0.811309986 0.016229473 1.407030760
v -0.901189438 0.074708422 1.274928064
v 0.510332212 1.605050199 0.068443101
v 0.547865670 1.561024585 -0.068935031
v -0.438799826 0.167799300 1.290754372
v -0.385449592 0.198512634 1.276301123
v 0.604479683 2.665468461 1.264015861
v 0.596131940 2.710254777 1.273916337
v 0.523638388 2.332851614 1.377979730
v 0.677538120 2.669747408 1.211984165
v 0.526462812 2.378969158 1.319588604
v 0.505813133 2.442677931 1.324936306
v 0.984270581 2.691332321 1.502928068
v 0.926526799 2.691902847 1.398358811
v 0.990986434 2.703218286 1.490570540
v 0.982011041 2.670603198 1.509576562
v 0.964123022 2.699414777 1.447138526
v 0.907069655 2.624295478 1.439406038
v 0.212763439 2.711681093 1.061381310
v 0.406644464 2.592250916 0.612896992
v -0.821415148 0.076705264 1.408548351
v -0.344150235 0.212490529 1.593766738
v -0.366933923 0.202696494 1.579168956
v -0.791852842 0.083741755 1.440995895
v -0.857756071 0.008432280 1.348928699
v -0.839805287 0.068242457 1.371620300
v 0.533178665 2.465594072 0.569175914
v 0.419385755 2.388097580 1.405440903
v 0.570147238 1.730280727 0.137240566
v 0.458488338 2.298144596 1.414690982
v -0.376976320 0.195945266 1.625852951
v -0.389027196 0.192807371 1.599403505
v -0.389027196 0.192807371 1.599403505
v -0.390031436 0.109700703 1.512467212
v -0.406664156 0.143456844 1.574182585
v -0.391663325 0.185580704 1.495990508
v -0.425870240 0.226278249 1.602583220
v -0.338313092 0.205454038 1.620505248
v 0.324987224 2.379444597 1.426831711
v 0.422775064 2.273802139 1.453353423
v 0.067211448 2.587021091 0.821746441
v 0.129034954 2.570095477 0.684729640
v -0.530185637 0.222950178 1.304557225
v -0.448842223 0.224756845 1.328188287
v -0.412564064 0.275533688 1.352036148
v -0.407040745 0.249860003 1.333752788
v -0.419593742 0.302063162 1.371331235
v -0.451854942 0.258132635 1.339750886
v 0.235735421 2.742774778 1.127793989
v 0.308166209 2.636276531 1.240890663
v 0.367604646 2.684866356 1.347916972
v 0.179372469 2.595959337 0.662038039
v 0.574666317 2.132501786 0.534415850
v 0.399426491 2.317352315 1.457978463
v -0.425870240 0.226278249 1.602583220
v -0.344150235 0.212490529 1.593766738
v -0.385449592 0.234360705 1.543541697
v -0.548889602 0.127862458 1.630188925
v -0.829888420 0.019367368 1.368585118
v 0.603224383 2.468922142 0.855567043
v 0.518554424 2.546894073 0.729390179
v 0.546798666 2.485942844 0.759742002
v 0.610693416 2.410823545 0.701350876
v 0.298939757 2.849082850 1.175778776
v 0.468028615 2.554501091 0.630240891
v 0.070663522 2.549176179 0.679381938
v -0.531064347 0.252142109 1.333825054
v -0.579393382 0.247863161 1.279553104
v -0.575439188 0.270398951 1.320528065
v -0.654836889 0.198607722 1.371114436
v -0.615357716 0.256040705 1.355071330
v -0.647242326 0.237023161 1.395395895
v -0.740071733 0.070334386 1.285334403
v -0.818214134 0.064248772 1.190521090
v -0.735113299 0.142125616 1.314529966
v -0.567405271 0.299115443 1.342786068
v -0.687914034 0.174645616 1.359118240
v -0.686282144 0.023551228 1.382026639
v -0.666071821 0.019177193 1.385495419
v -0.796497450 0.062347018 1.213212691
v -0.556044809 0.356168075 1.377401600
v -0.660360207 0.101808422 1.361141695
v -0.684336430 0.089066667 1.353120141
v -0.419593742 0.302063162 1.371331235
v 0.094639745 2.569715126 0.956378455
v -0.487756511 0.272871232 1.360852630
v 0.382982066 2.593582144 1.280131234
v 0.612701895 2.575990916 1.300943912
v 0.399300961 2.550222143 1.293211424
v 0.519872489 2.581791267 1.310844388
v 0.546359311 2.528351968 0.824853889
v 0.347896442 2.842236534 0.917354683
v 0.314379942 2.580460039 1.230845655
v 0.325238284 2.804771972 0.856289706
v 0.258832934 2.774819340 0.884401275
v 0.297684457 2.530824248 1.234314434
v 0.258205285 2.448573370 1.328188287
v 0.456542623 2.499160037 1.323996845
v 0.117988318 2.609271618 0.854193985
v 0.164371638 2.515990564 1.165661501
v 0.666993604 2.374214772 0.771665933
v 0.189477631 2.678590566 0.996630754
v 0.215650628 2.730793725 0.937011102
v 0.622053877 2.828638990 1.435214596
v 0.628455905 2.792981095 1.334186385
v 0.432064281 2.754850918 1.449161981
v 0.365533401 2.942363904 1.271748349
v 0.632347334 2.824835481 1.264810790
v 0.355051650 2.925913728 1.216392406
v 0.460998937 2.650824952 1.357167051
v 0.486230459 2.810952674 1.513695738
v 0.513595991 2.860113025 1.542240905
v 0.634795168 2.876087762 1.349217764
v 0.529475531 2.733170918 1.447427591
v 0.560732491 2.808290218 1.485367370
v 0.403443450 2.820271270 1.473226641
v 0.136943342 2.541283898 1.079736936
v 0.310865103 2.840049516 1.336498905
v 0.356871834 2.856880043 1.419460554
v 0.572720603 2.869051271 1.517309050
v 0.620421988 2.867624955 1.446271331
v 0.356871834 2.856880043 1.419460554
v 0.312685288 2.885976885 1.265533452
v 0.354612295 2.787085656 1.431890349
v 0.310865103 2.840049516 1.336498905
v 0.330385012 2.903948465 1.337799697
v 0.149496338 2.626862846 0.812135030
v 0.220232471 2.401219685 -0.072692876
v 0.323669159 2.446386352 0.039536603
v 0.329569068 2.362614070 -0.092277028
v 0.305341785 2.411108808 -0.023985426
v 0.259962704 2.465974423 -0.055276711
v 0.275905009 2.459033019 -0.037354682
v 0.340113584 2.417860036 -0.015168945
v 0.247033118 2.433549510 0.011786365
v 0.304023720 2.388287755 -0.064165459
v 0.252870261 2.447337230 -0.007870054
v 0.383044831 2.402360738 0.006438663
v 0.226571734 2.423565299 0.008751183
v 0.210378369 2.415577931 -0.024491290
v 0.603789268 2.827402849 1.144704290
v 0.641511021 2.635325654 1.279625370
v 0.580252400 2.731364251 1.037316650
v 0.833571862 2.659002496 1.183800329
v 0.367541881 2.356053018 1.444464675
v 0.628455905 2.792981095 1.334186385
v 0.837086701 2.581696179 1.146294148
v 0.792586330 2.675928110 1.202661819
v 0.810976469 2.656435128 1.135743276
v 0.752291212 2.672600040 1.162048189
v 0.868971311 2.585689863 1.187341375
v 0.703836647 2.635420741 1.306797478
v 0.737290382 2.670127759 1.249779411
v 0.678730655 2.678210216 1.164432975
v 0.648164109 2.670603198 1.053793354
v 0.715385404 2.672980391 1.113485272
v 0.277913488 2.432883896 0.009835176
v 0.145730439 2.421188106 0.095253878
v 0.267682797 2.456275475 0.060493814
v 0.220232471 2.401219685 -0.072692876
v 0.247033118 2.433549510 0.011786365
v 0.271134871 2.381346351 -0.099648185
v 0.724862916 3.092127064 1.785055489
v 0.706535541 3.080336187 1.838243445
v 0.729946879 3.082998643 1.832245347
v 0.709987615 3.064456537 1.840050101
v 0.571653598 2.944360746 1.223980361
v 0.624752772 2.905945307 1.284684007
v 0.356871834 2.856880043 1.419460554
v 0.330385012 2.903948465 1.337799697
v 0.862443753 2.513898634 1.312361979
v 0.892257119 2.475768458 1.248117287
v 0.877067994 2.542805301 1.323780046
v 0.885478501 2.533867055 1.291260236
v 0.428674972 2.980113729 1.240818396
v 0.418569810 2.974218290 1.181849140
v 0.503930184 2.973742852 1.223185433
v 0.587282078 2.751522848 1.400309999
v 0.883218962 2.533486705 1.302389237
v 0.861753338 2.537195126 1.354565466
v 0.790828910 2.539667406 1.349073232
v 0.757814531 2.642267057 1.330789872
v 0.844806794 2.664612672 1.261847874
v 0.898282557 2.591014776 1.215236146
v 0.902738871 2.581696179 1.239011740
v 0.194373299 2.490982493 1.232796843
v 0.524203273 2.528732319 1.306074816
v 0.228078094 2.466354774 1.288225053
v 0.802001077 2.641411268 1.343797796
v 0.810160524 2.666894777 1.289598112
v 0.884913616 2.556117582 1.296897003
v 0.805829741 2.595293723 1.365766734
v 0.820956101 2.554501091 1.358106512
v -0.384319822 0.159716844 1.453570222
v -0.347727839 0.167989476 1.316914753
v -0.462273928 0.180636143 1.314674499
v -0.368063692 0.030302456 1.377546132
v -0.402961022 0.223520705 1.320961662
v 0.520562904 1.512529847 -0.132312528
v 0.556903827 1.527934058 -0.304812055
v 0.475183823 1.456237916 -0.268823465
v 0.528282996 1.502830899 -0.410682104
v 0.477882717 1.476301425 -0.110126791
v 0.482966680 1.513195461 -0.047833287
v -0.342894935 0.108179299 1.365188604
v -0.434782867 0.207165617 1.308748667
v 0.502549354 1.464510548 -0.353302706
v 0.472422163 1.460326688 -0.176105873
v -0.378106089 0.210683862 1.394456434
v -0.355322401 0.177973686 1.340256750
v -0.429761668 0.161333335 1.265822517
v 0.536630739 1.506254057 -0.228137569
v -0.375595490 0.215343161 1.339100490
v -0.390031436 0.109700703 1.512467212
v -0.368942402 0.063963509 1.448728384
v -0.635881865 0.035627368 1.587335042
v -0.903072387 0.009858596 1.257873230
v -0.881732294 0.004343508 1.321395260
v -0.549956606 0.006340350 1.561535992
v -0.368691342 0.149257195 1.405729968
v -0.550333196 0.038955439 1.589213964
v -0.637513754 -0.004024211 1.568112221
v 0.991363024 2.652536531 1.504662457
v 0.526462812 2.378969158 1.319588604
v 0.541212582 2.275703894 1.367284325
v 0.353670820 2.479096528 1.321395260
v 0.887110391 2.590824600 1.252019664
v 1.027390122 2.681728461 1.507553107
v 1.005924499 2.696276883 1.527064993
v 1.005736204 2.682774426 1.532123631
v 1.013519062 2.670888461 1.527281792
v 0.646594985 2.291773718 0.656039941
v 0.534371199 1.782769149 0.231909348
v 0.604165858 2.286258631 0.662110305
v 0.427419672 2.405878983 0.197077017
v 0.560544196 2.324103544 0.322675752
v 0.571590833 2.004894065 0.353822503
v 0.600274429 2.325529859 0.430641522
v 0.613580605 2.279982841 0.358953407
v 0.578306686 2.063753364 0.443938511
v 0.824031585 2.428985300 1.162626319
v 0.621426228 2.403501790 1.276734720
v 0.966633621 2.628669513 1.307086543
v 0.966633621 2.628669513 1.307086543
v 0.576925856 2.287019332 0.757284950
v 0.657829916 2.357479334 0.696798103
v 0.665047889 2.222264595 0.366107765
v 0.685446508 2.179760383 0.396531854
v 0.650925768 2.285022490 0.452899525
v 0.682873144 2.383913720 1.205697001
v 0.149496338 2.626862846 0.812135030
v 0.171526846 2.652726706 0.919016807
v 0.980567447 2.642742496 1.313735038
v 0.961110303 2.589017934 1.398142012
v 0.961926248 2.663471619 1.354999064
v 0.950691316 2.675642847 1.466505880
v 0.433445111 2.857545657 1.503506198
v 0.622555997 2.500776529 0.933253257
v 0.740052041 2.446861791 1.010000009
v 0.686074158 2.541664249 0.997136618
v 0.285570816 2.809716533 0.957896047
v 0.728628815 3.062079344 1.833257074
v 0.767354808 2.585594776 1.351096687
v 0.889809285 2.677924952 1.306436147
v 0.946925417 2.689906005 1.366633929
v -0.723376248 0.073187018 1.313518239
v 0.553263459 2.247082490 0.692967992
v 0.699317569 2.391996176 1.142464037
v 0.956591224 2.594723197 1.262859601
